division_number,president,source,source_url
1402003,윤석열,Presidential Archive,https://www.pa.go.kr/research/contents/speech/index.jsp?spMode=view&catid=c_pa02062&artid=1402003
1402002,윤석열,Presidential Archive,https://www.pa.go.kr/research/contents/speech/index.jsp?spMode=view&catid=c_pa02062&artid=1402002
1402001,윤석열,Presidential Archive,https://www.pa.go.kr/research/contents/speech/index.jsp?spMode=view&catid=c_pa02062&artid=1402001
1402004,윤석열,Presidential Archive,https://www.pa.go.kr/research/contents/speech/index.jsp?spMode=view&catid=c_pa02062&artid=1402004
1402005,윤석열,Presidential Archive,https://www.pa.go.kr/research/contents/speech/index.jsp?spMode=view&catid=c_pa02062&artid=1402005
1402006,윤석열,Presidential Archive,https://www.pa.go.kr/research/contents/speech/index.jsp?spMode=view&catid=c_pa02062&artid=1402006
1402007,윤석열,Presidential Archive,https://www.pa.go.kr/research/contents/speech/index.jsp?spMode=view&catid=c_pa02062&artid=1402007
1402008,윤석열,Presidential Archive,https://www.pa.go.kr/research/contents/speech/index.jsp?spMode=view&catid=c_pa02062&artid=1402008
1402009,윤석열,Presidential Archive,https://www.pa.go.kr/research/contents/speech/index.jsp?spMode=view&catid=c_pa02062&artid=1402009
1402010,윤석열,Presidential Archive,https://www.pa.go.kr/research/contents/speech/index.jsp?spMode=view&catid=c_pa02062&artid=1402010
1402011,윤석열,Presidential Archive,https://www.pa.go.kr/research/contents/speech/index.jsp?spMode=view&catid=c_pa02062&artid=1402011
1402012,윤석열,Presidential Archive,https://www.pa.go.kr/research/contents/speech/index.jsp?spMode=view&catid=c_pa02062&artid=1402012
1402015,윤석열,Presidential Archive,https://www.pa.go.kr/research/contents/speech/index.jsp?spMode=view&catid=c_pa02062&artid=1402015
1402014,윤석열,Presidential Archive,https://www.pa.go.kr/research/contents/speech/index.jsp?spMode=view&catid=c_pa02062&artid=1402014
1402013,윤석열,Presidential Archive,https://www.pa.go.kr/research/contents/speech/index.jsp?spMode=view&catid=c_pa02062&artid=1402013
1402016,윤석열,Presidential Archive,https://www.pa.go.kr/research/contents/speech/index.jsp?spMode=view&catid=c_pa02062&artid=1402016
1402017,윤석열,Presidential Archive,https://www.pa.go.kr/research/contents/speech/index.jsp?spMode=view&catid=c_pa02062&artid=1402017
1402018,윤석열,Presidential Archive,https://www.pa.go.kr/research/contents/speech/index.jsp?spMode=view&catid=c_pa02062&artid=1402018
1402019,윤석열,Presidential Archive,https://www.pa.go.kr/research/contents/speech/index.jsp?spMode=view&catid=c_pa02062&artid=1402019
1402020,윤석열,Presidential Archive,https://www.pa.go.kr/research/contents/speech/index.jsp?spMode=view&catid=c_pa02062&artid=1402020
1402021,윤석열,Presidential Archive,https://www.pa.go.kr/research/contents/speech/index.jsp?spMode=view&catid=c_pa02062&artid=1402021
1402022,윤석열,Presidential Archive,https://www.pa.go.kr/research/contents/speech/index.jsp?spMode=view&catid=c_pa02062&artid=1402022
1402023,윤석열,Presidential Archive,https://www.pa.go.kr/research/contents/speech/index.jsp?spMode=view&catid=c_pa02062&artid=1402023
1402024,윤석열,Presidential Archive,https://www.pa.go.kr/research/contents/speech/index.jsp?spMode=view&catid=c_pa02062&artid=1402024
1402025,윤석열,Presidential Archive,https://www.pa.go.kr/research/contents/speech/index.jsp?spMode=view&catid=c_pa02062&artid=1402025
1402026,윤석열,Presidential Archive,https://www.pa.go.kr/research/contents/speech/index.jsp?spMode=view&catid=c_pa02062&artid=1402026
1402027,윤석열,Presidential Archive,https://www.pa.go.kr/research/contents/speech/index.jsp?spMode=view&catid=c_pa02062&artid=1402027
1402028,윤석열,Presidential Archive,https://www.pa.go.kr/research/contents/speech/index.jsp?spMode=view&catid=c_pa02062&artid=1402028
1402029,윤석열,Presidential Archive,https://www.pa.go.kr/research/contents/speech/index.jsp?spMode=view&catid=c_pa02062&artid=1402029
1402030,윤석열,Presidential Archive,https://www.pa.go.kr/research/contents/speech/index.jsp?spMode=view&catid=c_pa02062&artid=1402030
1402031,윤석열,Presidential Archive,https://www.pa.go.kr/research/contents/speech/index.jsp?spMode=view&catid=c_pa02062&artid=1402031
1402032,윤석열,Presidential Archive,https://www.pa.go.kr/research/contents/speech/index.jsp?spMode=view&catid=c_pa02062&artid=1402032
1402033,윤석열,Presidential Archive,https://www.pa.go.kr/research/contents/speech/index.jsp?spMode=view&catid=c_pa02062&artid=1402033
1402034,윤석열,Presidential Archive,https://www.pa.go.kr/research/contents/speech/index.jsp?spMode=view&catid=c_pa02062&artid=1402034
1402035,윤석열,Presidential Archive,https://www.pa.go.kr/research/contents/speech/index.jsp?spMode=view&catid=c_pa02062&artid=1402035
1402036,윤석열,Presidential Archive,https://www.pa.go.kr/research/contents/speech/index.jsp?spMode=view&catid=c_pa02062&artid=1402036
1402037,윤석열,Presidential Archive,https://www.pa.go.kr/research/contents/speech/index.jsp?spMode=view&catid=c_pa02062&artid=1402037
1402038,윤석열,Presidential Archive,https://www.pa.go.kr/research/contents/speech/index.jsp?spMode=view&catid=c_pa02062&artid=1402038
1402039,윤석열,Presidential Archive,https://www.pa.go.kr/research/contents/speech/index.jsp?spMode=view&catid=c_pa02062&artid=1402039
1402040,윤석열,Presidential Archive,https://www.pa.go.kr/research/contents/speech/index.jsp?spMode=view&catid=c_pa02062&artid=1402040
1402041,윤석열,Presidential Archive,https://www.pa.go.kr/research/contents/speech/index.jsp?spMode=view&catid=c_pa02062&artid=1402041
1402042,윤석열,Presidential Archive,https://www.pa.go.kr/research/contents/speech/index.jsp?spMode=view&catid=c_pa02062&artid=1402042
1402044,윤석열,Presidential Archive,https://www.pa.go.kr/research/contents/speech/index.jsp?spMode=view&catid=c_pa02062&artid=1402044
1402043,윤석열,Presidential Archive,https://www.pa.go.kr/research/contents/speech/index.jsp?spMode=view&catid=c_pa02062&artid=1402043
1402045,윤석열,Presidential Archive,https://www.pa.go.kr/research/contents/speech/index.jsp?spMode=view&catid=c_pa02062&artid=1402045
1402046,윤석열,Presidential Archive,https://www.pa.go.kr/research/contents/speech/index.jsp?spMode=view&catid=c_pa02062&artid=1402046
1402047,윤석열,Presidential Archive,https://www.pa.go.kr/research/contents/speech/index.jsp?spMode=view&catid=c_pa02062&artid=1402047
1402048,윤석열,Presidential Archive,https://www.pa.go.kr/research/contents/speech/index.jsp?spMode=view&catid=c_pa02062&artid=1402048
1402049,윤석열,Presidential Archive,https://www.pa.go.kr/research/contents/speech/index.jsp?spMode=view&catid=c_pa02062&artid=1402049
1402050,윤석열,Presidential Archive,https://www.pa.go.kr/research/contents/speech/index.jsp?spMode=view&catid=c_pa02062&artid=1402050
1402051,윤석열,Presidential Archive,https://www.pa.go.kr/research/contents/speech/index.jsp?spMode=view&catid=c_pa02062&artid=1402051
1402052,윤석열,Presidential Archive,https://www.pa.go.kr/research/contents/speech/index.jsp?spMode=view&catid=c_pa02062&artid=1402052
1402053,윤석열,Presidential Archive,https://www.pa.go.kr/research/contents/speech/index.jsp?spMode=view&catid=c_pa02062&artid=1402053
1402054,윤석열,Presidential Archive,https://www.pa.go.kr/research/contents/speech/index.jsp?spMode=view&catid=c_pa02062&artid=1402054
1402056,윤석열,Presidential Archive,https://www.pa.go.kr/research/contents/speech/index.jsp?spMode=view&catid=c_pa02062&artid=1402056
1402055,윤석열,Presidential Archive,https://www.pa.go.kr/research/contents/speech/index.jsp?spMode=view&catid=c_pa02062&artid=1402055
1402057,윤석열,Presidential Archive,https://www.pa.go.kr/research/contents/speech/index.jsp?spMode=view&catid=c_pa02062&artid=1402057
1402058,윤석열,Presidential Archive,https://www.pa.go.kr/research/contents/speech/index.jsp?spMode=view&catid=c_pa02062&artid=1402058
1402059,윤석열,Presidential Archive,https://www.pa.go.kr/research/contents/speech/index.jsp?spMode=view&catid=c_pa02062&artid=1402059
1402060,윤석열,Presidential Archive,https://www.pa.go.kr/research/contents/speech/index.jsp?spMode=view&catid=c_pa02062&artid=1402060
1402061,윤석열,Presidential Archive,https://www.pa.go.kr/research/contents/speech/index.jsp?spMode=view&catid=c_pa02062&artid=1402061
1402062,윤석열,Presidential Archive,https://www.pa.go.kr/research/contents/speech/index.jsp?spMode=view&catid=c_pa02062&artid=1402062
1402063,윤석열,Presidential Archive,https://www.pa.go.kr/research/contents/speech/index.jsp?spMode=view&catid=c_pa02062&artid=1402063
1402064,윤석열,Presidential Archive,https://www.pa.go.kr/research/contents/speech/index.jsp?spMode=view&catid=c_pa02062&artid=1402064
1402065,윤석열,Presidential Archive,https://www.pa.go.kr/research/contents/speech/index.jsp?spMode=view&catid=c_pa02062&artid=1402065
1402066,윤석열,Presidential Archive,https://www.pa.go.kr/research/contents/speech/index.jsp?spMode=view&catid=c_pa02062&artid=1402066
1402067,윤석열,Presidential Archive,https://www.pa.go.kr/research/contents/speech/index.jsp?spMode=view&catid=c_pa02062&artid=1402067
1402068,윤석열,Presidential Archive,https://www.pa.go.kr/research/contents/speech/index.jsp?spMode=view&catid=c_pa02062&artid=1402068
1402069,윤석열,Presidential Archive,https://www.pa.go.kr/research/contents/speech/index.jsp?spMode=view&catid=c_pa02062&artid=1402069
1402070,윤석열,Presidential Archive,https://www.pa.go.kr/research/contents/speech/index.jsp?spMode=view&catid=c_pa02062&artid=1402070
1402071,윤석열,Presidential Archive,https://www.pa.go.kr/research/contents/speech/index.jsp?spMode=view&catid=c_pa02062&artid=1402071
1402072,윤석열,Presidential Archive,https://www.pa.go.kr/research/contents/speech/index.jsp?spMode=view&catid=c_pa02062&artid=1402072
1402073,윤석열,Presidential Archive,https://www.pa.go.kr/research/contents/speech/index.jsp?spMode=view&catid=c_pa02062&artid=1402073
1402074,윤석열,Presidential Archive,https://www.pa.go.kr/research/contents/speech/index.jsp?spMode=view&catid=c_pa02062&artid=1402074
1402075,윤석열,Presidential Archive,https://www.pa.go.kr/research/contents/speech/index.jsp?spMode=view&catid=c_pa02062&artid=1402075
1402076,윤석열,Presidential Archive,https://www.pa.go.kr/research/contents/speech/index.jsp?spMode=view&catid=c_pa02062&artid=1402076
1402077,윤석열,Presidential Archive,https://www.pa.go.kr/research/contents/speech/index.jsp?spMode=view&catid=c_pa02062&artid=1402077
1402078,윤석열,Presidential Archive,https://www.pa.go.kr/research/contents/speech/index.jsp?spMode=view&catid=c_pa02062&artid=1402078
1402079,윤석열,Presidential Archive,https://www.pa.go.kr/research/contents/speech/index.jsp?spMode=view&catid=c_pa02062&artid=1402079
1402080,윤석열,Presidential Archive,https://www.pa.go.kr/research/contents/speech/index.jsp?spMode=view&catid=c_pa02062&artid=1402080
1402081,윤석열,Presidential Archive,https://www.pa.go.kr/research/contents/speech/index.jsp?spMode=view&catid=c_pa02062&artid=1402081
1402082,윤석열,Presidential Archive,https://www.pa.go.kr/research/contents/speech/index.jsp?spMode=view&catid=c_pa02062&artid=1402082
1402083,윤석열,Presidential Archive,https://www.pa.go.kr/research/contents/speech/index.jsp?spMode=view&catid=c_pa02062&artid=1402083
1402084,윤석열,Presidential Archive,https://www.pa.go.kr/research/contents/speech/index.jsp?spMode=view&catid=c_pa02062&artid=1402084
1402085,윤석열,Presidential Archive,https://www.pa.go.kr/research/contents/speech/index.jsp?spMode=view&catid=c_pa02062&artid=1402085
1402086,윤석열,Presidential Archive,https://www.pa.go.kr/research/contents/speech/index.jsp?spMode=view&catid=c_pa02062&artid=1402086
1402088,윤석열,Presidential Archive,https://www.pa.go.kr/research/contents/speech/index.jsp?spMode=view&catid=c_pa02062&artid=1402088
1402087,윤석열,Presidential Archive,https://www.pa.go.kr/research/contents/speech/index.jsp?spMode=view&catid=c_pa02062&artid=1402087
1402089,윤석열,Presidential Archive,https://www.pa.go.kr/research/contents/speech/index.jsp?spMode=view&catid=c_pa02062&artid=1402089
1402090,윤석열,Presidential Archive,https://www.pa.go.kr/research/contents/speech/index.jsp?spMode=view&catid=c_pa02062&artid=1402090
1402091,윤석열,Presidential Archive,https://www.pa.go.kr/research/contents/speech/index.jsp?spMode=view&catid=c_pa02062&artid=1402091
1402092,윤석열,Presidential Archive,https://www.pa.go.kr/research/contents/speech/index.jsp?spMode=view&catid=c_pa02062&artid=1402092
1402093,윤석열,Presidential Archive,https://www.pa.go.kr/research/contents/speech/index.jsp?spMode=view&catid=c_pa02062&artid=1402093
1402094,윤석열,Presidential Archive,https://www.pa.go.kr/research/contents/speech/index.jsp?spMode=view&catid=c_pa02062&artid=1402094
1402095,윤석열,Presidential Archive,https://www.pa.go.kr/research/contents/speech/index.jsp?spMode=view&catid=c_pa02062&artid=1402095
1402096,윤석열,Presidential Archive,https://www.pa.go.kr/research/contents/speech/index.jsp?spMode=view&catid=c_pa02062&artid=1402096
1402097,윤석열,Presidential Archive,https://www.pa.go.kr/research/contents/speech/index.jsp?spMode=view&catid=c_pa02062&artid=1402097
1402099,윤석열,Presidential Archive,https://www.pa.go.kr/research/contents/speech/index.jsp?spMode=view&catid=c_pa02062&artid=1402099
1402098,윤석열,Presidential Archive,https://www.pa.go.kr/research/contents/speech/index.jsp?spMode=view&catid=c_pa02062&artid=1402098
1402100,윤석열,Presidential Archive,https://www.pa.go.kr/research/contents/speech/index.jsp?spMode=view&catid=c_pa02062&artid=1402100
1402101,윤석열,Presidential Archive,https://www.pa.go.kr/research/contents/speech/index.jsp?spMode=view&catid=c_pa02062&artid=1402101
1402102,윤석열,Presidential Archive,https://www.pa.go.kr/research/contents/speech/index.jsp?spMode=view&catid=c_pa02062&artid=1402102
1402103,윤석열,Presidential Archive,https://www.pa.go.kr/research/contents/speech/index.jsp?spMode=view&catid=c_pa02062&artid=1402103
1402104,윤석열,Presidential Archive,https://www.pa.go.kr/research/contents/speech/index.jsp?spMode=view&catid=c_pa02062&artid=1402104
1402105,윤석열,Presidential Archive,https://www.pa.go.kr/research/contents/speech/index.jsp?spMode=view&catid=c_pa02062&artid=1402105
1402106,윤석열,Presidential Archive,https://www.pa.go.kr/research/contents/speech/index.jsp?spMode=view&catid=c_pa02062&artid=1402106
1402107,윤석열,Presidential Archive,https://www.pa.go.kr/research/contents/speech/index.jsp?spMode=view&catid=c_pa02062&artid=1402107
1402108,윤석열,Presidential Archive,https://www.pa.go.kr/research/contents/speech/index.jsp?spMode=view&catid=c_pa02062&artid=1402108
1402109,윤석열,Presidential Archive,https://www.pa.go.kr/research/contents/speech/index.jsp?spMode=view&catid=c_pa02062&artid=1402109
1402110,윤석열,Presidential Archive,https://www.pa.go.kr/research/contents/speech/index.jsp?spMode=view&catid=c_pa02062&artid=1402110
1402111,윤석열,Presidential Archive,https://www.pa.go.kr/research/contents/speech/index.jsp?spMode=view&catid=c_pa02062&artid=1402111
1402112,윤석열,Presidential Archive,https://www.pa.go.kr/research/contents/speech/index.jsp?spMode=view&catid=c_pa02062&artid=1402112
1402113,윤석열,Presidential Archive,https://www.pa.go.kr/research/contents/speech/index.jsp?spMode=view&catid=c_pa02062&artid=1402113
1402115,윤석열,Presidential Archive,https://www.pa.go.kr/research/contents/speech/index.jsp?spMode=view&catid=c_pa02062&artid=1402115
1402114,윤석열,Presidential Archive,https://www.pa.go.kr/research/contents/speech/index.jsp?spMode=view&catid=c_pa02062&artid=1402114
1402116,윤석열,Presidential Archive,https://www.pa.go.kr/research/contents/speech/index.jsp?spMode=view&catid=c_pa02062&artid=1402116
1402117,윤석열,Presidential Archive,https://www.pa.go.kr/research/contents/speech/index.jsp?spMode=view&catid=c_pa02062&artid=1402117
1402118,윤석열,Presidential Archive,https://www.pa.go.kr/research/contents/speech/index.jsp?spMode=view&catid=c_pa02062&artid=1402118
1402119,윤석열,Presidential Archive,https://www.pa.go.kr/research/contents/speech/index.jsp?spMode=view&catid=c_pa02062&artid=1402119
1402120,윤석열,Presidential Archive,https://www.pa.go.kr/research/contents/speech/index.jsp?spMode=view&catid=c_pa02062&artid=1402120
1402121,윤석열,Presidential Archive,https://www.pa.go.kr/research/contents/speech/index.jsp?spMode=view&catid=c_pa02062&artid=1402121
1402122,윤석열,Presidential Archive,https://www.pa.go.kr/research/contents/speech/index.jsp?spMode=view&catid=c_pa02062&artid=1402122
1402123,윤석열,Presidential Archive,https://www.pa.go.kr/research/contents/speech/index.jsp?spMode=view&catid=c_pa02062&artid=1402123
1402124,윤석열,Presidential Archive,https://www.pa.go.kr/research/contents/speech/index.jsp?spMode=view&catid=c_pa02062&artid=1402124
1402125,윤석열,Presidential Archive,https://www.pa.go.kr/research/contents/speech/index.jsp?spMode=view&catid=c_pa02062&artid=1402125
1402126,윤석열,Presidential Archive,https://www.pa.go.kr/research/contents/speech/index.jsp?spMode=view&catid=c_pa02062&artid=1402126
1402127,윤석열,Presidential Archive,https://www.pa.go.kr/research/contents/speech/index.jsp?spMode=view&catid=c_pa02062&artid=1402127
1402128,윤석열,Presidential Archive,https://www.pa.go.kr/research/contents/speech/index.jsp?spMode=view&catid=c_pa02062&artid=1402128
1402129,윤석열,Presidential Archive,https://www.pa.go.kr/research/contents/speech/index.jsp?spMode=view&catid=c_pa02062&artid=1402129
1402130,윤석열,Presidential Archive,https://www.pa.go.kr/research/contents/speech/index.jsp?spMode=view&catid=c_pa02062&artid=1402130
1402131,윤석열,Presidential Archive,https://www.pa.go.kr/research/contents/speech/index.jsp?spMode=view&catid=c_pa02062&artid=1402131
1402132,윤석열,Presidential Archive,https://www.pa.go.kr/research/contents/speech/index.jsp?spMode=view&catid=c_pa02062&artid=1402132
1402133,윤석열,Presidential Archive,https://www.pa.go.kr/research/contents/speech/index.jsp?spMode=view&catid=c_pa02062&artid=1402133
1402134,윤석열,Presidential Archive,https://www.pa.go.kr/research/contents/speech/index.jsp?spMode=view&catid=c_pa02062&artid=1402134
1402135,윤석열,Presidential Archive,https://www.pa.go.kr/research/contents/speech/index.jsp?spMode=view&catid=c_pa02062&artid=1402135
1402136,윤석열,Presidential Archive,https://www.pa.go.kr/research/contents/speech/index.jsp?spMode=view&catid=c_pa02062&artid=1402136
1402137,윤석열,Presidential Archive,https://www.pa.go.kr/research/contents/speech/index.jsp?spMode=view&catid=c_pa02062&artid=1402137
1402138,윤석열,Presidential Archive,https://www.pa.go.kr/research/contents/speech/index.jsp?spMode=view&catid=c_pa02062&artid=1402138
1402141,윤석열,Presidential Archive,https://www.pa.go.kr/research/contents/speech/index.jsp?spMode=view&catid=c_pa02062&artid=1402141
1402140,윤석열,Presidential Archive,https://www.pa.go.kr/research/contents/speech/index.jsp?spMode=view&catid=c_pa02062&artid=1402140
1402139,윤석열,Presidential Archive,https://www.pa.go.kr/research/contents/speech/index.jsp?spMode=view&catid=c_pa02062&artid=1402139
1402142,윤석열,Presidential Archive,https://www.pa.go.kr/research/contents/speech/index.jsp?spMode=view&catid=c_pa02062&artid=1402142
1402143,윤석열,Presidential Archive,https://www.pa.go.kr/research/contents/speech/index.jsp?spMode=view&catid=c_pa02062&artid=1402143
1402144,윤석열,Presidential Archive,https://www.pa.go.kr/research/contents/speech/index.jsp?spMode=view&catid=c_pa02062&artid=1402144
1402145,윤석열,Presidential Archive,https://www.pa.go.kr/research/contents/speech/index.jsp?spMode=view&catid=c_pa02062&artid=1402145
1402146,윤석열,Presidential Archive,https://www.pa.go.kr/research/contents/speech/index.jsp?spMode=view&catid=c_pa02062&artid=1402146
1402147,윤석열,Presidential Archive,https://www.pa.go.kr/research/contents/speech/index.jsp?spMode=view&catid=c_pa02062&artid=1402147
1402149,윤석열,Presidential Archive,https://www.pa.go.kr/research/contents/speech/index.jsp?spMode=view&catid=c_pa02062&artid=1402149
1402148,윤석열,Presidential Archive,https://www.pa.go.kr/research/contents/speech/index.jsp?spMode=view&catid=c_pa02062&artid=1402148
1402150,윤석열,Presidential Archive,https://www.pa.go.kr/research/contents/speech/index.jsp?spMode=view&catid=c_pa02062&artid=1402150
1402151,윤석열,Presidential Archive,https://www.pa.go.kr/research/contents/speech/index.jsp?spMode=view&catid=c_pa02062&artid=1402151
1402152,윤석열,Presidential Archive,https://www.pa.go.kr/research/contents/speech/index.jsp?spMode=view&catid=c_pa02062&artid=1402152
1402153,윤석열,Presidential Archive,https://www.pa.go.kr/research/contents/speech/index.jsp?spMode=view&catid=c_pa02062&artid=1402153
1402154,윤석열,Presidential Archive,https://www.pa.go.kr/research/contents/speech/index.jsp?spMode=view&catid=c_pa02062&artid=1402154
1402156,윤석열,Presidential Archive,https://www.pa.go.kr/research/contents/speech/index.jsp?spMode=view&catid=c_pa02062&artid=1402156
1402155,윤석열,Presidential Archive,https://www.pa.go.kr/research/contents/speech/index.jsp?spMode=view&catid=c_pa02062&artid=1402155
1402157,윤석열,Presidential Archive,https://www.pa.go.kr/research/contents/speech/index.jsp?spMode=view&catid=c_pa02062&artid=1402157
1402158,윤석열,Presidential Archive,https://www.pa.go.kr/research/contents/speech/index.jsp?spMode=view&catid=c_pa02062&artid=1402158
1402159,윤석열,Presidential Archive,https://www.pa.go.kr/research/contents/speech/index.jsp?spMode=view&catid=c_pa02062&artid=1402159
1402160,윤석열,Presidential Archive,https://www.pa.go.kr/research/contents/speech/index.jsp?spMode=view&catid=c_pa02062&artid=1402160
1402161,윤석열,Presidential Archive,https://www.pa.go.kr/research/contents/speech/index.jsp?spMode=view&catid=c_pa02062&artid=1402161
1402163,윤석열,Presidential Archive,https://www.pa.go.kr/research/contents/speech/index.jsp?spMode=view&catid=c_pa02062&artid=1402163
1402162,윤석열,Presidential Archive,https://www.pa.go.kr/research/contents/speech/index.jsp?spMode=view&catid=c_pa02062&artid=1402162
1402164,윤석열,Presidential Archive,https://www.pa.go.kr/research/contents/speech/index.jsp?spMode=view&catid=c_pa02062&artid=1402164
1402165,윤석열,Presidential Archive,https://www.pa.go.kr/research/contents/speech/index.jsp?spMode=view&catid=c_pa02062&artid=1402165
1402166,윤석열,Presidential Archive,https://www.pa.go.kr/research/contents/speech/index.jsp?spMode=view&catid=c_pa02062&artid=1402166
1402167,윤석열,Presidential Archive,https://www.pa.go.kr/research/contents/speech/index.jsp?spMode=view&catid=c_pa02062&artid=1402167
1402168,윤석열,Presidential Archive,https://www.pa.go.kr/research/contents/speech/index.jsp?spMode=view&catid=c_pa02062&artid=1402168
1402169,윤석열,Presidential Archive,https://www.pa.go.kr/research/contents/speech/index.jsp?spMode=view&catid=c_pa02062&artid=1402169
1402170,윤석열,Presidential Archive,https://www.pa.go.kr/research/contents/speech/index.jsp?spMode=view&catid=c_pa02062&artid=1402170
1402171,윤석열,Presidential Archive,https://www.pa.go.kr/research/contents/speech/index.jsp?spMode=view&catid=c_pa02062&artid=1402171
1402172,윤석열,Presidential Archive,https://www.pa.go.kr/research/contents/speech/index.jsp?spMode=view&catid=c_pa02062&artid=1402172
1402173,윤석열,Presidential Archive,https://www.pa.go.kr/research/contents/speech/index.jsp?spMode=view&catid=c_pa02062&artid=1402173
1402174,윤석열,Presidential Archive,https://www.pa.go.kr/research/contents/speech/index.jsp?spMode=view&catid=c_pa02062&artid=1402174
1402175,윤석열,Presidential Archive,https://www.pa.go.kr/research/contents/speech/index.jsp?spMode=view&catid=c_pa02062&artid=1402175
1402176,윤석열,Presidential Archive,https://www.pa.go.kr/research/contents/speech/index.jsp?spMode=view&catid=c_pa02062&artid=1402176
1402177,윤석열,Presidential Archive,https://www.pa.go.kr/research/contents/speech/index.jsp?spMode=view&catid=c_pa02062&artid=1402177
1402178,윤석열,Presidential Archive,https://www.pa.go.kr/research/contents/speech/index.jsp?spMode=view&catid=c_pa02062&artid=1402178
1402179,윤석열,Presidential Archive,https://www.pa.go.kr/research/contents/speech/index.jsp?spMode=view&catid=c_pa02062&artid=1402179
1402180,윤석열,Presidential Archive,https://www.pa.go.kr/research/contents/speech/index.jsp?spMode=view&catid=c_pa02062&artid=1402180
1402181,윤석열,Presidential Archive,https://www.pa.go.kr/research/contents/speech/index.jsp?spMode=view&catid=c_pa02062&artid=1402181
1402182,윤석열,Presidential Archive,https://www.pa.go.kr/research/contents/speech/index.jsp?spMode=view&catid=c_pa02062&artid=1402182
1402183,윤석열,Presidential Archive,https://www.pa.go.kr/research/contents/speech/index.jsp?spMode=view&catid=c_pa02062&artid=1402183
1402184,윤석열,Presidential Archive,https://www.pa.go.kr/research/contents/speech/index.jsp?spMode=view&catid=c_pa02062&artid=1402184
1402185,윤석열,Presidential Archive,https://www.pa.go.kr/research/contents/speech/index.jsp?spMode=view&catid=c_pa02062&artid=1402185
1402186,윤석열,Presidential Archive,https://www.pa.go.kr/research/contents/speech/index.jsp?spMode=view&catid=c_pa02062&artid=1402186
1402187,윤석열,Presidential Archive,https://www.pa.go.kr/research/contents/speech/index.jsp?spMode=view&catid=c_pa02062&artid=1402187
1402188,윤석열,Presidential Archive,https://www.pa.go.kr/research/contents/speech/index.jsp?spMode=view&catid=c_pa02062&artid=1402188
1402189,윤석열,Presidential Archive,https://www.pa.go.kr/research/contents/speech/index.jsp?spMode=view&catid=c_pa02062&artid=1402189
1402190,윤석열,Presidential Archive,https://www.pa.go.kr/research/contents/speech/index.jsp?spMode=view&catid=c_pa02062&artid=1402190
1402191,윤석열,Presidential Archive,https://www.pa.go.kr/research/contents/speech/index.jsp?spMode=view&catid=c_pa02062&artid=1402191
1402192,윤석열,Presidential Archive,https://www.pa.go.kr/research/contents/speech/index.jsp?spMode=view&catid=c_pa02062&artid=1402192
1402193,윤석열,Presidential Archive,https://www.pa.go.kr/research/contents/speech/index.jsp?spMode=view&catid=c_pa02062&artid=1402193
1402194,윤석열,Presidential Archive,https://www.pa.go.kr/research/contents/speech/index.jsp?spMode=view&catid=c_pa02062&artid=1402194
1402195,윤석열,Presidential Archive,https://www.pa.go.kr/research/contents/speech/index.jsp?spMode=view&catid=c_pa02062&artid=1402195
1402196,윤석열,Presidential Archive,https://www.pa.go.kr/research/contents/speech/index.jsp?spMode=view&catid=c_pa02062&artid=1402196
1402197,윤석열,Presidential Archive,https://www.pa.go.kr/research/contents/speech/index.jsp?spMode=view&catid=c_pa02062&artid=1402197
1402198,윤석열,Presidential Archive,https://www.pa.go.kr/research/contents/speech/index.jsp?spMode=view&catid=c_pa02062&artid=1402198
1402199,윤석열,Presidential Archive,https://www.pa.go.kr/research/contents/speech/index.jsp?spMode=view&catid=c_pa02062&artid=1402199
1402200,윤석열,Presidential Archive,https://www.pa.go.kr/research/contents/speech/index.jsp?spMode=view&catid=c_pa02062&artid=1402200
1402201,윤석열,Presidential Archive,https://www.pa.go.kr/research/contents/speech/index.jsp?spMode=view&catid=c_pa02062&artid=1402201
1402202,윤석열,Presidential Archive,https://www.pa.go.kr/research/contents/speech/index.jsp?spMode=view&catid=c_pa02062&artid=1402202
1402203,윤석열,Presidential Archive,https://www.pa.go.kr/research/contents/speech/index.jsp?spMode=view&catid=c_pa02062&artid=1402203
1402204,윤석열,Presidential Archive,https://www.pa.go.kr/research/contents/speech/index.jsp?spMode=view&catid=c_pa02062&artid=1402204
1402205,윤석열,Presidential Archive,https://www.pa.go.kr/research/contents/speech/index.jsp?spMode=view&catid=c_pa02062&artid=1402205
1402207,윤석열,Presidential Archive,https://www.pa.go.kr/research/contents/speech/index.jsp?spMode=view&catid=c_pa02062&artid=1402207
1402206,윤석열,Presidential Archive,https://www.pa.go.kr/research/contents/speech/index.jsp?spMode=view&catid=c_pa02062&artid=1402206
1402208,윤석열,Presidential Archive,https://www.pa.go.kr/research/contents/speech/index.jsp?spMode=view&catid=c_pa02062&artid=1402208
1402209,윤석열,Presidential Archive,https://www.pa.go.kr/research/contents/speech/index.jsp?spMode=view&catid=c_pa02062&artid=1402209
1402210,윤석열,Presidential Archive,https://www.pa.go.kr/research/contents/speech/index.jsp?spMode=view&catid=c_pa02062&artid=1402210
1402211,윤석열,Presidential Archive,https://www.pa.go.kr/research/contents/speech/index.jsp?spMode=view&catid=c_pa02062&artid=1402211
1402212,윤석열,Presidential Archive,https://www.pa.go.kr/research/contents/speech/index.jsp?spMode=view&catid=c_pa02062&artid=1402212
1402213,윤석열,Presidential Archive,https://www.pa.go.kr/research/contents/speech/index.jsp?spMode=view&catid=c_pa02062&artid=1402213
1402214,윤석열,Presidential Archive,https://www.pa.go.kr/research/contents/speech/index.jsp?spMode=view&catid=c_pa02062&artid=1402214
1402215,윤석열,Presidential Archive,https://www.pa.go.kr/research/contents/speech/index.jsp?spMode=view&catid=c_pa02062&artid=1402215
1402216,윤석열,Presidential Archive,https://www.pa.go.kr/research/contents/speech/index.jsp?spMode=view&catid=c_pa02062&artid=1402216
1402217,윤석열,Presidential Archive,https://www.pa.go.kr/research/contents/speech/index.jsp?spMode=view&catid=c_pa02062&artid=1402217
1402219,윤석열,Presidential Archive,https://www.pa.go.kr/research/contents/speech/index.jsp?spMode=view&catid=c_pa02062&artid=1402219
1402218,윤석열,Presidential Archive,https://www.pa.go.kr/research/contents/speech/index.jsp?spMode=view&catid=c_pa02062&artid=1402218
1402220,윤석열,Presidential Archive,https://www.pa.go.kr/research/contents/speech/index.jsp?spMode=view&catid=c_pa02062&artid=1402220
1402221,윤석열,Presidential Archive,https://www.pa.go.kr/research/contents/speech/index.jsp?spMode=view&catid=c_pa02062&artid=1402221
1402222,윤석열,Presidential Archive,https://www.pa.go.kr/research/contents/speech/index.jsp?spMode=view&catid=c_pa02062&artid=1402222
1402223,윤석열,Presidential Archive,https://www.pa.go.kr/research/contents/speech/index.jsp?spMode=view&catid=c_pa02062&artid=1402223
1402224,윤석열,Presidential Archive,https://www.pa.go.kr/research/contents/speech/index.jsp?spMode=view&catid=c_pa02062&artid=1402224
1402225,윤석열,Presidential Archive,https://www.pa.go.kr/research/contents/speech/index.jsp?spMode=view&catid=c_pa02062&artid=1402225
1402226,윤석열,Presidential Archive,https://www.pa.go.kr/research/contents/speech/index.jsp?spMode=view&catid=c_pa02062&artid=1402226
1402227,윤석열,Presidential Archive,https://www.pa.go.kr/research/contents/speech/index.jsp?spMode=view&catid=c_pa02062&artid=1402227
1402228,윤석열,Presidential Archive,https://www.pa.go.kr/research/contents/speech/index.jsp?spMode=view&catid=c_pa02062&artid=1402228
1402229,윤석열,Presidential Archive,https://www.pa.go.kr/research/contents/speech/index.jsp?spMode=view&catid=c_pa02062&artid=1402229
1402230,윤석열,Presidential Archive,https://www.pa.go.kr/research/contents/speech/index.jsp?spMode=view&catid=c_pa02062&artid=1402230
1402231,윤석열,Presidential Archive,https://www.pa.go.kr/research/contents/speech/index.jsp?spMode=view&catid=c_pa02062&artid=1402231
1402232,윤석열,Presidential Archive,https://www.pa.go.kr/research/contents/speech/index.jsp?spMode=view&catid=c_pa02062&artid=1402232
1402233,윤석열,Presidential Archive,https://www.pa.go.kr/research/contents/speech/index.jsp?spMode=view&catid=c_pa02062&artid=1402233
1402234,윤석열,Presidential Archive,https://www.pa.go.kr/research/contents/speech/index.jsp?spMode=view&catid=c_pa02062&artid=1402234
1402235,윤석열,Presidential Archive,https://www.pa.go.kr/research/contents/speech/index.jsp?spMode=view&catid=c_pa02062&artid=1402235
1402236,윤석열,Presidential Archive,https://www.pa.go.kr/research/contents/speech/index.jsp?spMode=view&catid=c_pa02062&artid=1402236
1402238,윤석열,Presidential Archive,https://www.pa.go.kr/research/contents/speech/index.jsp?spMode=view&catid=c_pa02062&artid=1402238
1402237,윤석열,Presidential Archive,https://www.pa.go.kr/research/contents/speech/index.jsp?spMode=view&catid=c_pa02062&artid=1402237
1402241,윤석열,Presidential Archive,https://www.pa.go.kr/research/contents/speech/index.jsp?spMode=view&catid=c_pa02062&artid=1402241
1402240,윤석열,Presidential Archive,https://www.pa.go.kr/research/contents/speech/index.jsp?spMode=view&catid=c_pa02062&artid=1402240
1402239,윤석열,Presidential Archive,https://www.pa.go.kr/research/contents/speech/index.jsp?spMode=view&catid=c_pa02062&artid=1402239
1402242,윤석열,Presidential Archive,https://www.pa.go.kr/research/contents/speech/index.jsp?spMode=view&catid=c_pa02062&artid=1402242
1402245,윤석열,Presidential Archive,https://www.pa.go.kr/research/contents/speech/index.jsp?spMode=view&catid=c_pa02062&artid=1402245
1402244,윤석열,Presidential Archive,https://www.pa.go.kr/research/contents/speech/index.jsp?spMode=view&catid=c_pa02062&artid=1402244
1402243,윤석열,Presidential Archive,https://www.pa.go.kr/research/contents/speech/index.jsp?spMode=view&catid=c_pa02062&artid=1402243
1402246,윤석열,Presidential Archive,https://www.pa.go.kr/research/contents/speech/index.jsp?spMode=view&catid=c_pa02062&artid=1402246
1402249,윤석열,Presidential Archive,https://www.pa.go.kr/research/contents/speech/index.jsp?spMode=view&catid=c_pa02062&artid=1402249
1402248,윤석열,Presidential Archive,https://www.pa.go.kr/research/contents/speech/index.jsp?spMode=view&catid=c_pa02062&artid=1402248
1402247,윤석열,Presidential Archive,https://www.pa.go.kr/research/contents/speech/index.jsp?spMode=view&catid=c_pa02062&artid=1402247
1402250,윤석열,Presidential Archive,https://www.pa.go.kr/research/contents/speech/index.jsp?spMode=view&catid=c_pa02062&artid=1402250
1402252,윤석열,Presidential Archive,https://www.pa.go.kr/research/contents/speech/index.jsp?spMode=view&catid=c_pa02062&artid=1402252
1402251,윤석열,Presidential Archive,https://www.pa.go.kr/research/contents/speech/index.jsp?spMode=view&catid=c_pa02062&artid=1402251
1402253,윤석열,Presidential Archive,https://www.pa.go.kr/research/contents/speech/index.jsp?spMode=view&catid=c_pa02062&artid=1402253
1402254,윤석열,Presidential Archive,https://www.pa.go.kr/research/contents/speech/index.jsp?spMode=view&catid=c_pa02062&artid=1402254
1402255,윤석열,Presidential Archive,https://www.pa.go.kr/research/contents/speech/index.jsp?spMode=view&catid=c_pa02062&artid=1402255
1402256,윤석열,Presidential Archive,https://www.pa.go.kr/research/contents/speech/index.jsp?spMode=view&catid=c_pa02062&artid=1402256
1402257,윤석열,Presidential Archive,https://www.pa.go.kr/research/contents/speech/index.jsp?spMode=view&catid=c_pa02062&artid=1402257
1402258,윤석열,Presidential Archive,https://www.pa.go.kr/research/contents/speech/index.jsp?spMode=view&catid=c_pa02062&artid=1402258
1402259,윤석열,Presidential Archive,https://www.pa.go.kr/research/contents/speech/index.jsp?spMode=view&catid=c_pa02062&artid=1402259
1402262,윤석열,Presidential Archive,https://www.pa.go.kr/research/contents/speech/index.jsp?spMode=view&catid=c_pa02062&artid=1402262
1402261,윤석열,Presidential Archive,https://www.pa.go.kr/research/contents/speech/index.jsp?spMode=view&catid=c_pa02062&artid=1402261
1402260,윤석열,Presidential Archive,https://www.pa.go.kr/research/contents/speech/index.jsp?spMode=view&catid=c_pa02062&artid=1402260
1402263,윤석열,Presidential Archive,https://www.pa.go.kr/research/contents/speech/index.jsp?spMode=view&catid=c_pa02062&artid=1402263
1402264,윤석열,Presidential Archive,https://www.pa.go.kr/research/contents/speech/index.jsp?spMode=view&catid=c_pa02062&artid=1402264
1402265,윤석열,Presidential Archive,https://www.pa.go.kr/research/contents/speech/index.jsp?spMode=view&catid=c_pa02062&artid=1402265
1402266,윤석열,Presidential Archive,https://www.pa.go.kr/research/contents/speech/index.jsp?spMode=view&catid=c_pa02062&artid=1402266
1402267,윤석열,Presidential Archive,https://www.pa.go.kr/research/contents/speech/index.jsp?spMode=view&catid=c_pa02062&artid=1402267
1402268,윤석열,Presidential Archive,https://www.pa.go.kr/research/contents/speech/index.jsp?spMode=view&catid=c_pa02062&artid=1402268
1402269,윤석열,Presidential Archive,https://www.pa.go.kr/research/contents/speech/index.jsp?spMode=view&catid=c_pa02062&artid=1402269
1402270,윤석열,Presidential Archive,https://www.pa.go.kr/research/contents/speech/index.jsp?spMode=view&catid=c_pa02062&artid=1402270
1402271,윤석열,Presidential Archive,https://www.pa.go.kr/research/contents/speech/index.jsp?spMode=view&catid=c_pa02062&artid=1402271
1402272,윤석열,Presidential Archive,https://www.pa.go.kr/research/contents/speech/index.jsp?spMode=view&catid=c_pa02062&artid=1402272
1402276,윤석열,Presidential Archive,https://www.pa.go.kr/research/contents/speech/index.jsp?spMode=view&catid=c_pa02062&artid=1402276
1402275,윤석열,Presidential Archive,https://www.pa.go.kr/research/contents/speech/index.jsp?spMode=view&catid=c_pa02062&artid=1402275
1402274,윤석열,Presidential Archive,https://www.pa.go.kr/research/contents/speech/index.jsp?spMode=view&catid=c_pa02062&artid=1402274
1402273,윤석열,Presidential Archive,https://www.pa.go.kr/research/contents/speech/index.jsp?spMode=view&catid=c_pa02062&artid=1402273
1402277,윤석열,Presidential Archive,https://www.pa.go.kr/research/contents/speech/index.jsp?spMode=view&catid=c_pa02062&artid=1402277
1402278,윤석열,Presidential Archive,https://www.pa.go.kr/research/contents/speech/index.jsp?spMode=view&catid=c_pa02062&artid=1402278
1402279,윤석열,Presidential Archive,https://www.pa.go.kr/research/contents/speech/index.jsp?spMode=view&catid=c_pa02062&artid=1402279
1402280,윤석열,Presidential Archive,https://www.pa.go.kr/research/contents/speech/index.jsp?spMode=view&catid=c_pa02062&artid=1402280
1402281,윤석열,Presidential Archive,https://www.pa.go.kr/research/contents/speech/index.jsp?spMode=view&catid=c_pa02062&artid=1402281
1402284,윤석열,Presidential Archive,https://www.pa.go.kr/research/contents/speech/index.jsp?spMode=view&catid=c_pa02062&artid=1402284
1402283,윤석열,Presidential Archive,https://www.pa.go.kr/research/contents/speech/index.jsp?spMode=view&catid=c_pa02062&artid=1402283
1402282,윤석열,Presidential Archive,https://www.pa.go.kr/research/contents/speech/index.jsp?spMode=view&catid=c_pa02062&artid=1402282
1402285,윤석열,Presidential Archive,https://www.pa.go.kr/research/contents/speech/index.jsp?spMode=view&catid=c_pa02062&artid=1402285
1402286,윤석열,Presidential Archive,https://www.pa.go.kr/research/contents/speech/index.jsp?spMode=view&catid=c_pa02062&artid=1402286
1402287,윤석열,Presidential Archive,https://www.pa.go.kr/research/contents/speech/index.jsp?spMode=view&catid=c_pa02062&artid=1402287
1402288,윤석열,Presidential Archive,https://www.pa.go.kr/research/contents/speech/index.jsp?spMode=view&catid=c_pa02062&artid=1402288
1402289,윤석열,Presidential Archive,https://www.pa.go.kr/research/contents/speech/index.jsp?spMode=view&catid=c_pa02062&artid=1402289
1402290,윤석열,Presidential Archive,https://www.pa.go.kr/research/contents/speech/index.jsp?spMode=view&catid=c_pa02062&artid=1402290
1402291,윤석열,Presidential Archive,https://www.pa.go.kr/research/contents/speech/index.jsp?spMode=view&catid=c_pa02062&artid=1402291
1402292,윤석열,Presidential Archive,https://www.pa.go.kr/research/contents/speech/index.jsp?spMode=view&catid=c_pa02062&artid=1402292
1402293,윤석열,Presidential Archive,https://www.pa.go.kr/research/contents/speech/index.jsp?spMode=view&catid=c_pa02062&artid=1402293
1402294,윤석열,Presidential Archive,https://www.pa.go.kr/research/contents/speech/index.jsp?spMode=view&catid=c_pa02062&artid=1402294
1402295,윤석열,Presidential Archive,https://www.pa.go.kr/research/contents/speech/index.jsp?spMode=view&catid=c_pa02062&artid=1402295
1402296,윤석열,Presidential Archive,https://www.pa.go.kr/research/contents/speech/index.jsp?spMode=view&catid=c_pa02062&artid=1402296
1402297,윤석열,Presidential Archive,https://www.pa.go.kr/research/contents/speech/index.jsp?spMode=view&catid=c_pa02062&artid=1402297
1402298,윤석열,Presidential Archive,https://www.pa.go.kr/research/contents/speech/index.jsp?spMode=view&catid=c_pa02062&artid=1402298
1402299,윤석열,Presidential Archive,https://www.pa.go.kr/research/contents/speech/index.jsp?spMode=view&catid=c_pa02062&artid=1402299
1402300,윤석열,Presidential Archive,https://www.pa.go.kr/research/contents/speech/index.jsp?spMode=view&catid=c_pa02062&artid=1402300
1402301,윤석열,Presidential Archive,https://www.pa.go.kr/research/contents/speech/index.jsp?spMode=view&catid=c_pa02062&artid=1402301
1402302,윤석열,Presidential Archive,https://www.pa.go.kr/research/contents/speech/index.jsp?spMode=view&catid=c_pa02062&artid=1402302
1402303,윤석열,Presidential Archive,https://www.pa.go.kr/research/contents/speech/index.jsp?spMode=view&catid=c_pa02062&artid=1402303
1402304,윤석열,Presidential Archive,https://www.pa.go.kr/research/contents/speech/index.jsp?spMode=view&catid=c_pa02062&artid=1402304
1402305,윤석열,Presidential Archive,https://www.pa.go.kr/research/contents/speech/index.jsp?spMode=view&catid=c_pa02062&artid=1402305
1402310,윤석열,Presidential Archive,https://www.pa.go.kr/research/contents/speech/index.jsp?spMode=view&catid=c_pa02062&artid=1402310
1402309,윤석열,Presidential Archive,https://www.pa.go.kr/research/contents/speech/index.jsp?spMode=view&catid=c_pa02062&artid=1402309
1402308,윤석열,Presidential Archive,https://www.pa.go.kr/research/contents/speech/index.jsp?spMode=view&catid=c_pa02062&artid=1402308
1402307,윤석열,Presidential Archive,https://www.pa.go.kr/research/contents/speech/index.jsp?spMode=view&catid=c_pa02062&artid=1402307
1402306,윤석열,Presidential Archive,https://www.pa.go.kr/research/contents/speech/index.jsp?spMode=view&catid=c_pa02062&artid=1402306
1402311,윤석열,Presidential Archive,https://www.pa.go.kr/research/contents/speech/index.jsp?spMode=view&catid=c_pa02062&artid=1402311
1402314,윤석열,Presidential Archive,https://www.pa.go.kr/research/contents/speech/index.jsp?spMode=view&catid=c_pa02062&artid=1402314
1402313,윤석열,Presidential Archive,https://www.pa.go.kr/research/contents/speech/index.jsp?spMode=view&catid=c_pa02062&artid=1402313
1402312,윤석열,Presidential Archive,https://www.pa.go.kr/research/contents/speech/index.jsp?spMode=view&catid=c_pa02062&artid=1402312
1402315,윤석열,Presidential Archive,https://www.pa.go.kr/research/contents/speech/index.jsp?spMode=view&catid=c_pa02062&artid=1402315
1402320,윤석열,Presidential Archive,https://www.pa.go.kr/research/contents/speech/index.jsp?spMode=view&catid=c_pa02062&artid=1402320
1402319,윤석열,Presidential Archive,https://www.pa.go.kr/research/contents/speech/index.jsp?spMode=view&catid=c_pa02062&artid=1402319
1402318,윤석열,Presidential Archive,https://www.pa.go.kr/research/contents/speech/index.jsp?spMode=view&catid=c_pa02062&artid=1402318
1402317,윤석열,Presidential Archive,https://www.pa.go.kr/research/contents/speech/index.jsp?spMode=view&catid=c_pa02062&artid=1402317
1402316,윤석열,Presidential Archive,https://www.pa.go.kr/research/contents/speech/index.jsp?spMode=view&catid=c_pa02062&artid=1402316
1402321,윤석열,Presidential Archive,https://www.pa.go.kr/research/contents/speech/index.jsp?spMode=view&catid=c_pa02062&artid=1402321
1402322,윤석열,Presidential Archive,https://www.pa.go.kr/research/contents/speech/index.jsp?spMode=view&catid=c_pa02062&artid=1402322
1402323,윤석열,Presidential Archive,https://www.pa.go.kr/research/contents/speech/index.jsp?spMode=view&catid=c_pa02062&artid=1402323
1402324,윤석열,Presidential Archive,https://www.pa.go.kr/research/contents/speech/index.jsp?spMode=view&catid=c_pa02062&artid=1402324
1402325,윤석열,Presidential Archive,https://www.pa.go.kr/research/contents/speech/index.jsp?spMode=view&catid=c_pa02062&artid=1402325
1402326,윤석열,Presidential Archive,https://www.pa.go.kr/research/contents/speech/index.jsp?spMode=view&catid=c_pa02062&artid=1402326
1402327,윤석열,Presidential Archive,https://www.pa.go.kr/research/contents/speech/index.jsp?spMode=view&catid=c_pa02062&artid=1402327
1402328,윤석열,Presidential Archive,https://www.pa.go.kr/research/contents/speech/index.jsp?spMode=view&catid=c_pa02062&artid=1402328
1402329,윤석열,Presidential Archive,https://www.pa.go.kr/research/contents/speech/index.jsp?spMode=view&catid=c_pa02062&artid=1402329
1402330,윤석열,Presidential Archive,https://www.pa.go.kr/research/contents/speech/index.jsp?spMode=view&catid=c_pa02062&artid=1402330
1402331,윤석열,Presidential Archive,https://www.pa.go.kr/research/contents/speech/index.jsp?spMode=view&catid=c_pa02062&artid=1402331
1402332,윤석열,Presidential Archive,https://www.pa.go.kr/research/contents/speech/index.jsp?spMode=view&catid=c_pa02062&artid=1402332
1402333,윤석열,Presidential Archive,https://www.pa.go.kr/research/contents/speech/index.jsp?spMode=view&catid=c_pa02062&artid=1402333
1402335,윤석열,Presidential Archive,https://www.pa.go.kr/research/contents/speech/index.jsp?spMode=view&catid=c_pa02062&artid=1402335
1402334,윤석열,Presidential Archive,https://www.pa.go.kr/research/contents/speech/index.jsp?spMode=view&catid=c_pa02062&artid=1402334
1402336,윤석열,Presidential Archive,https://www.pa.go.kr/research/contents/speech/index.jsp?spMode=view&catid=c_pa02062&artid=1402336
1402338,윤석열,Presidential Archive,https://www.pa.go.kr/research/contents/speech/index.jsp?spMode=view&catid=c_pa02062&artid=1402338
1402337,윤석열,Presidential Archive,https://www.pa.go.kr/research/contents/speech/index.jsp?spMode=view&catid=c_pa02062&artid=1402337
1402339,윤석열,Presidential Archive,https://www.pa.go.kr/research/contents/speech/index.jsp?spMode=view&catid=c_pa02062&artid=1402339
1402340,윤석열,Presidential Archive,https://www.pa.go.kr/research/contents/speech/index.jsp?spMode=view&catid=c_pa02062&artid=1402340
1402341,윤석열,Presidential Archive,https://www.pa.go.kr/research/contents/speech/index.jsp?spMode=view&catid=c_pa02062&artid=1402341
1402342,윤석열,Presidential Archive,https://www.pa.go.kr/research/contents/speech/index.jsp?spMode=view&catid=c_pa02062&artid=1402342
1402343,윤석열,Presidential Archive,https://www.pa.go.kr/research/contents/speech/index.jsp?spMode=view&catid=c_pa02062&artid=1402343
1402344,윤석열,Presidential Archive,https://www.pa.go.kr/research/contents/speech/index.jsp?spMode=view&catid=c_pa02062&artid=1402344
1402345,윤석열,Presidential Archive,https://www.pa.go.kr/research/contents/speech/index.jsp?spMode=view&catid=c_pa02062&artid=1402345
1402346,윤석열,Presidential Archive,https://www.pa.go.kr/research/contents/speech/index.jsp?spMode=view&catid=c_pa02062&artid=1402346
1402347,윤석열,Presidential Archive,https://www.pa.go.kr/research/contents/speech/index.jsp?spMode=view&catid=c_pa02062&artid=1402347
1402348,윤석열,Presidential Archive,https://www.pa.go.kr/research/contents/speech/index.jsp?spMode=view&catid=c_pa02062&artid=1402348
1402349,윤석열,Presidential Archive,https://www.pa.go.kr/research/contents/speech/index.jsp?spMode=view&catid=c_pa02062&artid=1402349
1402350,윤석열,Presidential Archive,https://www.pa.go.kr/research/contents/speech/index.jsp?spMode=view&catid=c_pa02062&artid=1402350
1402351,윤석열,Presidential Archive,https://www.pa.go.kr/research/contents/speech/index.jsp?spMode=view&catid=c_pa02062&artid=1402351
1402352,윤석열,Presidential Archive,https://www.pa.go.kr/research/contents/speech/index.jsp?spMode=view&catid=c_pa02062&artid=1402352
1402353,윤석열,Presidential Archive,https://www.pa.go.kr/research/contents/speech/index.jsp?spMode=view&catid=c_pa02062&artid=1402353
1402354,윤석열,Presidential Archive,https://www.pa.go.kr/research/contents/speech/index.jsp?spMode=view&catid=c_pa02062&artid=1402354
1402355,윤석열,Presidential Archive,https://www.pa.go.kr/research/contents/speech/index.jsp?spMode=view&catid=c_pa02062&artid=1402355
1402356,윤석열,Presidential Archive,https://www.pa.go.kr/research/contents/speech/index.jsp?spMode=view&catid=c_pa02062&artid=1402356
1402357,윤석열,Presidential Archive,https://www.pa.go.kr/research/contents/speech/index.jsp?spMode=view&catid=c_pa02062&artid=1402357
1402358,윤석열,Presidential Archive,https://www.pa.go.kr/research/contents/speech/index.jsp?spMode=view&catid=c_pa02062&artid=1402358
1402359,윤석열,Presidential Archive,https://www.pa.go.kr/research/contents/speech/index.jsp?spMode=view&catid=c_pa02062&artid=1402359
1402360,윤석열,Presidential Archive,https://www.pa.go.kr/research/contents/speech/index.jsp?spMode=view&catid=c_pa02062&artid=1402360
1402361,윤석열,Presidential Archive,https://www.pa.go.kr/research/contents/speech/index.jsp?spMode=view&catid=c_pa02062&artid=1402361
1402362,윤석열,Presidential Archive,https://www.pa.go.kr/research/contents/speech/index.jsp?spMode=view&catid=c_pa02062&artid=1402362
1402363,윤석열,Presidential Archive,https://www.pa.go.kr/research/contents/speech/index.jsp?spMode=view&catid=c_pa02062&artid=1402363
1402364,윤석열,Presidential Archive,https://www.pa.go.kr/research/contents/speech/index.jsp?spMode=view&catid=c_pa02062&artid=1402364
1402365,윤석열,Presidential Archive,https://www.pa.go.kr/research/contents/speech/index.jsp?spMode=view&catid=c_pa02062&artid=1402365
1402366,윤석열,Presidential Archive,https://www.pa.go.kr/research/contents/speech/index.jsp?spMode=view&catid=c_pa02062&artid=1402366
1402367,윤석열,Presidential Archive,https://www.pa.go.kr/research/contents/speech/index.jsp?spMode=view&catid=c_pa02062&artid=1402367
1402370,윤석열,Presidential Archive,https://www.pa.go.kr/research/contents/speech/index.jsp?spMode=view&catid=c_pa02062&artid=1402370
1402369,윤석열,Presidential Archive,https://www.pa.go.kr/research/contents/speech/index.jsp?spMode=view&catid=c_pa02062&artid=1402369
1402368,윤석열,Presidential Archive,https://www.pa.go.kr/research/contents/speech/index.jsp?spMode=view&catid=c_pa02062&artid=1402368
1402371,윤석열,Presidential Archive,https://www.pa.go.kr/research/contents/speech/index.jsp?spMode=view&catid=c_pa02062&artid=1402371
1402372,윤석열,Presidential Archive,https://www.pa.go.kr/research/contents/speech/index.jsp?spMode=view&catid=c_pa02062&artid=1402372
1402373,윤석열,Presidential Archive,https://www.pa.go.kr/research/contents/speech/index.jsp?spMode=view&catid=c_pa02062&artid=1402373
1402374,윤석열,Presidential Archive,https://www.pa.go.kr/research/contents/speech/index.jsp?spMode=view&catid=c_pa02062&artid=1402374
1402375,윤석열,Presidential Archive,https://www.pa.go.kr/research/contents/speech/index.jsp?spMode=view&catid=c_pa02062&artid=1402375
1402376,윤석열,Presidential Archive,https://www.pa.go.kr/research/contents/speech/index.jsp?spMode=view&catid=c_pa02062&artid=1402376
1402377,윤석열,Presidential Archive,https://www.pa.go.kr/research/contents/speech/index.jsp?spMode=view&catid=c_pa02062&artid=1402377
1402378,윤석열,Presidential Archive,https://www.pa.go.kr/research/contents/speech/index.jsp?spMode=view&catid=c_pa02062&artid=1402378
1402379,윤석열,Presidential Archive,https://www.pa.go.kr/research/contents/speech/index.jsp?spMode=view&catid=c_pa02062&artid=1402379
1402380,윤석열,Presidential Archive,https://www.pa.go.kr/research/contents/speech/index.jsp?spMode=view&catid=c_pa02062&artid=1402380
1402381,윤석열,Presidential Archive,https://www.pa.go.kr/research/contents/speech/index.jsp?spMode=view&catid=c_pa02062&artid=1402381
1402382,윤석열,Presidential Archive,https://www.pa.go.kr/research/contents/speech/index.jsp?spMode=view&catid=c_pa02062&artid=1402382
1402383,윤석열,Presidential Archive,https://www.pa.go.kr/research/contents/speech/index.jsp?spMode=view&catid=c_pa02062&artid=1402383
1402384,윤석열,Presidential Archive,https://www.pa.go.kr/research/contents/speech/index.jsp?spMode=view&catid=c_pa02062&artid=1402384
1402385,윤석열,Presidential Archive,https://www.pa.go.kr/research/contents/speech/index.jsp?spMode=view&catid=c_pa02062&artid=1402385
1402386,윤석열,Presidential Archive,https://www.pa.go.kr/research/contents/speech/index.jsp?spMode=view&catid=c_pa02062&artid=1402386
1402387,윤석열,Presidential Archive,https://www.pa.go.kr/research/contents/speech/index.jsp?spMode=view&catid=c_pa02062&artid=1402387
1402388,윤석열,Presidential Archive,https://www.pa.go.kr/research/contents/speech/index.jsp?spMode=view&catid=c_pa02062&artid=1402388
1402389,윤석열,Presidential Archive,https://www.pa.go.kr/research/contents/speech/index.jsp?spMode=view&catid=c_pa02062&artid=1402389
1402390,윤석열,Presidential Archive,https://www.pa.go.kr/research/contents/speech/index.jsp?spMode=view&catid=c_pa02062&artid=1402390
1402391,윤석열,Presidential Archive,https://www.pa.go.kr/research/contents/speech/index.jsp?spMode=view&catid=c_pa02062&artid=1402391
1402392,윤석열,Presidential Archive,https://www.pa.go.kr/research/contents/speech/index.jsp?spMode=view&catid=c_pa02062&artid=1402392
1402393,윤석열,Presidential Archive,https://www.pa.go.kr/research/contents/speech/index.jsp?spMode=view&catid=c_pa02062&artid=1402393
1402394,윤석열,Presidential Archive,https://www.pa.go.kr/research/contents/speech/index.jsp?spMode=view&catid=c_pa02062&artid=1402394
1402395,윤석열,Presidential Archive,https://www.pa.go.kr/research/contents/speech/index.jsp?spMode=view&catid=c_pa02062&artid=1402395
1402396,윤석열,Presidential Archive,https://www.pa.go.kr/research/contents/speech/index.jsp?spMode=view&catid=c_pa02062&artid=1402396
1402397,윤석열,Presidential Archive,https://www.pa.go.kr/research/contents/speech/index.jsp?spMode=view&catid=c_pa02062&artid=1402397
1402398,윤석열,Presidential Archive,https://www.pa.go.kr/research/contents/speech/index.jsp?spMode=view&catid=c_pa02062&artid=1402398
1402399,윤석열,Presidential Archive,https://www.pa.go.kr/research/contents/speech/index.jsp?spMode=view&catid=c_pa02062&artid=1402399
1402400,윤석열,Presidential Archive,https://www.pa.go.kr/research/contents/speech/index.jsp?spMode=view&catid=c_pa02062&artid=1402400
1402401,윤석열,Presidential Archive,https://www.pa.go.kr/research/contents/speech/index.jsp?spMode=view&catid=c_pa02062&artid=1402401
1402402,윤석열,Presidential Archive,https://www.pa.go.kr/research/contents/speech/index.jsp?spMode=view&catid=c_pa02062&artid=1402402
1402403,윤석열,Presidential Archive,https://www.pa.go.kr/research/contents/speech/index.jsp?spMode=view&catid=c_pa02062&artid=1402403
1402404,윤석열,Presidential Archive,https://www.pa.go.kr/research/contents/speech/index.jsp?spMode=view&catid=c_pa02062&artid=1402404
1402405,윤석열,Presidential Archive,https://www.pa.go.kr/research/contents/speech/index.jsp?spMode=view&catid=c_pa02062&artid=1402405
1402406,윤석열,Presidential Archive,https://www.pa.go.kr/research/contents/speech/index.jsp?spMode=view&catid=c_pa02062&artid=1402406
1402409,윤석열,Presidential Archive,https://www.pa.go.kr/research/contents/speech/index.jsp?spMode=view&catid=c_pa02062&artid=1402409
1402408,윤석열,Presidential Archive,https://www.pa.go.kr/research/contents/speech/index.jsp?spMode=view&catid=c_pa02062&artid=1402408
1402407,윤석열,Presidential Archive,https://www.pa.go.kr/research/contents/speech/index.jsp?spMode=view&catid=c_pa02062&artid=1402407
1402410,윤석열,Presidential Archive,https://www.pa.go.kr/research/contents/speech/index.jsp?spMode=view&catid=c_pa02062&artid=1402410
1402411,윤석열,Presidential Archive,https://www.pa.go.kr/research/contents/speech/index.jsp?spMode=view&catid=c_pa02062&artid=1402411
1402412,윤석열,Presidential Archive,https://www.pa.go.kr/research/contents/speech/index.jsp?spMode=view&catid=c_pa02062&artid=1402412
1402413,윤석열,Presidential Archive,https://www.pa.go.kr/research/contents/speech/index.jsp?spMode=view&catid=c_pa02062&artid=1402413
1402414,윤석열,Presidential Archive,https://www.pa.go.kr/research/contents/speech/index.jsp?spMode=view&catid=c_pa02062&artid=1402414
1402415,윤석열,Presidential Archive,https://www.pa.go.kr/research/contents/speech/index.jsp?spMode=view&catid=c_pa02062&artid=1402415
1402416,윤석열,Presidential Archive,https://www.pa.go.kr/research/contents/speech/index.jsp?spMode=view&catid=c_pa02062&artid=1402416
1402417,윤석열,Presidential Archive,https://www.pa.go.kr/research/contents/speech/index.jsp?spMode=view&catid=c_pa02062&artid=1402417
1402418,윤석열,Presidential Archive,https://www.pa.go.kr/research/contents/speech/index.jsp?spMode=view&catid=c_pa02062&artid=1402418
1402419,윤석열,Presidential Archive,https://www.pa.go.kr/research/contents/speech/index.jsp?spMode=view&catid=c_pa02062&artid=1402419
1402420,윤석열,Presidential Archive,https://www.pa.go.kr/research/contents/speech/index.jsp?spMode=view&catid=c_pa02062&artid=1402420
1402421,윤석열,Presidential Archive,https://www.pa.go.kr/research/contents/speech/index.jsp?spMode=view&catid=c_pa02062&artid=1402421
1402422,윤석열,Presidential Archive,https://www.pa.go.kr/research/contents/speech/index.jsp?spMode=view&catid=c_pa02062&artid=1402422
1402424,윤석열,Presidential Archive,https://www.pa.go.kr/research/contents/speech/index.jsp?spMode=view&catid=c_pa02062&artid=1402424
1402423,윤석열,Presidential Archive,https://www.pa.go.kr/research/contents/speech/index.jsp?spMode=view&catid=c_pa02062&artid=1402423
1402425,윤석열,Presidential Archive,https://www.pa.go.kr/research/contents/speech/index.jsp?spMode=view&catid=c_pa02062&artid=1402425
1402426,윤석열,Presidential Archive,https://www.pa.go.kr/research/contents/speech/index.jsp?spMode=view&catid=c_pa02062&artid=1402426
1402427,윤석열,Presidential Archive,https://www.pa.go.kr/research/contents/speech/index.jsp?spMode=view&catid=c_pa02062&artid=1402427
1402428,윤석열,Presidential Archive,https://www.pa.go.kr/research/contents/speech/index.jsp?spMode=view&catid=c_pa02062&artid=1402428
1402429,윤석열,Presidential Archive,https://www.pa.go.kr/research/contents/speech/index.jsp?spMode=view&catid=c_pa02062&artid=1402429
1402431,윤석열,Presidential Archive,https://www.pa.go.kr/research/contents/speech/index.jsp?spMode=view&catid=c_pa02062&artid=1402431
1402430,윤석열,Presidential Archive,https://www.pa.go.kr/research/contents/speech/index.jsp?spMode=view&catid=c_pa02062&artid=1402430
1402432,윤석열,Presidential Archive,https://www.pa.go.kr/research/contents/speech/index.jsp?spMode=view&catid=c_pa02062&artid=1402432
1402433,윤석열,Presidential Archive,https://www.pa.go.kr/research/contents/speech/index.jsp?spMode=view&catid=c_pa02062&artid=1402433
1402434,윤석열,Presidential Archive,https://www.pa.go.kr/research/contents/speech/index.jsp?spMode=view&catid=c_pa02062&artid=1402434
1402435,윤석열,Presidential Archive,https://www.pa.go.kr/research/contents/speech/index.jsp?spMode=view&catid=c_pa02062&artid=1402435
1402436,윤석열,Presidential Archive,https://www.pa.go.kr/research/contents/speech/index.jsp?spMode=view&catid=c_pa02062&artid=1402436
1402437,윤석열,Presidential Archive,https://www.pa.go.kr/research/contents/speech/index.jsp?spMode=view&catid=c_pa02062&artid=1402437
1402439,윤석열,Presidential Archive,https://www.pa.go.kr/research/contents/speech/index.jsp?spMode=view&catid=c_pa02062&artid=1402439
1402438,윤석열,Presidential Archive,https://www.pa.go.kr/research/contents/speech/index.jsp?spMode=view&catid=c_pa02062&artid=1402438
1402440,윤석열,Presidential Archive,https://www.pa.go.kr/research/contents/speech/index.jsp?spMode=view&catid=c_pa02062&artid=1402440
1402442,윤석열,Presidential Archive,https://www.pa.go.kr/research/contents/speech/index.jsp?spMode=view&catid=c_pa02062&artid=1402442
1402441,윤석열,Presidential Archive,https://www.pa.go.kr/research/contents/speech/index.jsp?spMode=view&catid=c_pa02062&artid=1402441
1402443,윤석열,Presidential Archive,https://www.pa.go.kr/research/contents/speech/index.jsp?spMode=view&catid=c_pa02062&artid=1402443
1402445,윤석열,Presidential Archive,https://www.pa.go.kr/research/contents/speech/index.jsp?spMode=view&catid=c_pa02062&artid=1402445
1402444,윤석열,Presidential Archive,https://www.pa.go.kr/research/contents/speech/index.jsp?spMode=view&catid=c_pa02062&artid=1402444
1402446,윤석열,Presidential Archive,https://www.pa.go.kr/research/contents/speech/index.jsp?spMode=view&catid=c_pa02062&artid=1402446
1402447,윤석열,Presidential Archive,https://www.pa.go.kr/research/contents/speech/index.jsp?spMode=view&catid=c_pa02062&artid=1402447
1402448,윤석열,Presidential Archive,https://www.pa.go.kr/research/contents/speech/index.jsp?spMode=view&catid=c_pa02062&artid=1402448
1402449,윤석열,Presidential Archive,https://www.pa.go.kr/research/contents/speech/index.jsp?spMode=view&catid=c_pa02062&artid=1402449
1402452,윤석열,Presidential Archive,https://www.pa.go.kr/research/contents/speech/index.jsp?spMode=view&catid=c_pa02062&artid=1402452
1402451,윤석열,Presidential Archive,https://www.pa.go.kr/research/contents/speech/index.jsp?spMode=view&catid=c_pa02062&artid=1402451
1402450,윤석열,Presidential Archive,https://www.pa.go.kr/research/contents/speech/index.jsp?spMode=view&catid=c_pa02062&artid=1402450
1402453,윤석열,Presidential Archive,https://www.pa.go.kr/research/contents/speech/index.jsp?spMode=view&catid=c_pa02062&artid=1402453
1402454,윤석열,Presidential Archive,https://www.pa.go.kr/research/contents/speech/index.jsp?spMode=view&catid=c_pa02062&artid=1402454
1402455,윤석열,Presidential Archive,https://www.pa.go.kr/research/contents/speech/index.jsp?spMode=view&catid=c_pa02062&artid=1402455
1402456,윤석열,Presidential Archive,https://www.pa.go.kr/research/contents/speech/index.jsp?spMode=view&catid=c_pa02062&artid=1402456
1402457,윤석열,Presidential Archive,https://www.pa.go.kr/research/contents/speech/index.jsp?spMode=view&catid=c_pa02062&artid=1402457
1402458,윤석열,Presidential Archive,https://www.pa.go.kr/research/contents/speech/index.jsp?spMode=view&catid=c_pa02062&artid=1402458
1402459,윤석열,Presidential Archive,https://www.pa.go.kr/research/contents/speech/index.jsp?spMode=view&catid=c_pa02062&artid=1402459
1402460,윤석열,Presidential Archive,https://www.pa.go.kr/research/contents/speech/index.jsp?spMode=view&catid=c_pa02062&artid=1402460
1402461,윤석열,Presidential Archive,https://www.pa.go.kr/research/contents/speech/index.jsp?spMode=view&catid=c_pa02062&artid=1402461
1402462,윤석열,Presidential Archive,https://www.pa.go.kr/research/contents/speech/index.jsp?spMode=view&catid=c_pa02062&artid=1402462
1402463,윤석열,Presidential Archive,https://www.pa.go.kr/research/contents/speech/index.jsp?spMode=view&catid=c_pa02062&artid=1402463
1402464,윤석열,Presidential Archive,https://www.pa.go.kr/research/contents/speech/index.jsp?spMode=view&catid=c_pa02062&artid=1402464
1402466,윤석열,Presidential Archive,https://www.pa.go.kr/research/contents/speech/index.jsp?spMode=view&catid=c_pa02062&artid=1402466
1402465,윤석열,Presidential Archive,https://www.pa.go.kr/research/contents/speech/index.jsp?spMode=view&catid=c_pa02062&artid=1402465
1402467,윤석열,Presidential Archive,https://www.pa.go.kr/research/contents/speech/index.jsp?spMode=view&catid=c_pa02062&artid=1402467
1402469,윤석열,Presidential Archive,https://www.pa.go.kr/research/contents/speech/index.jsp?spMode=view&catid=c_pa02062&artid=1402469
1402468,윤석열,Presidential Archive,https://www.pa.go.kr/research/contents/speech/index.jsp?spMode=view&catid=c_pa02062&artid=1402468
1402470,윤석열,Presidential Archive,https://www.pa.go.kr/research/contents/speech/index.jsp?spMode=view&catid=c_pa02062&artid=1402470
1402473,윤석열,Presidential Archive,https://www.pa.go.kr/research/contents/speech/index.jsp?spMode=view&catid=c_pa02062&artid=1402473
1402472,윤석열,Presidential Archive,https://www.pa.go.kr/research/contents/speech/index.jsp?spMode=view&catid=c_pa02062&artid=1402472
1402471,윤석열,Presidential Archive,https://www.pa.go.kr/research/contents/speech/index.jsp?spMode=view&catid=c_pa02062&artid=1402471
1402474,윤석열,Presidential Archive,https://www.pa.go.kr/research/contents/speech/index.jsp?spMode=view&catid=c_pa02062&artid=1402474
1402475,윤석열,Presidential Archive,https://www.pa.go.kr/research/contents/speech/index.jsp?spMode=view&catid=c_pa02062&artid=1402475
1402476,윤석열,Presidential Archive,https://www.pa.go.kr/research/contents/speech/index.jsp?spMode=view&catid=c_pa02062&artid=1402476
1402477,윤석열,Presidential Archive,https://www.pa.go.kr/research/contents/speech/index.jsp?spMode=view&catid=c_pa02062&artid=1402477
1402479,윤석열,Presidential Archive,https://www.pa.go.kr/research/contents/speech/index.jsp?spMode=view&catid=c_pa02062&artid=1402479
1402478,윤석열,Presidential Archive,https://www.pa.go.kr/research/contents/speech/index.jsp?spMode=view&catid=c_pa02062&artid=1402478
1402480,윤석열,Presidential Archive,https://www.pa.go.kr/research/contents/speech/index.jsp?spMode=view&catid=c_pa02062&artid=1402480
1402481,윤석열,Presidential Archive,https://www.pa.go.kr/research/contents/speech/index.jsp?spMode=view&catid=c_pa02062&artid=1402481
1402482,윤석열,Presidential Archive,https://www.pa.go.kr/research/contents/speech/index.jsp?spMode=view&catid=c_pa02062&artid=1402482
1402483,윤석열,Presidential Archive,https://www.pa.go.kr/research/contents/speech/index.jsp?spMode=view&catid=c_pa02062&artid=1402483
1402484,윤석열,Presidential Archive,https://www.pa.go.kr/research/contents/speech/index.jsp?spMode=view&catid=c_pa02062&artid=1402484
1402485,윤석열,Presidential Archive,https://www.pa.go.kr/research/contents/speech/index.jsp?spMode=view&catid=c_pa02062&artid=1402485
1402486,윤석열,Presidential Archive,https://www.pa.go.kr/research/contents/speech/index.jsp?spMode=view&catid=c_pa02062&artid=1402486
1402487,윤석열,Presidential Archive,https://www.pa.go.kr/research/contents/speech/index.jsp?spMode=view&catid=c_pa02062&artid=1402487
1402488,윤석열,Presidential Archive,https://www.pa.go.kr/research/contents/speech/index.jsp?spMode=view&catid=c_pa02062&artid=1402488
1402489,윤석열,Presidential Archive,https://www.pa.go.kr/research/contents/speech/index.jsp?spMode=view&catid=c_pa02062&artid=1402489
1402490,윤석열,Presidential Archive,https://www.pa.go.kr/research/contents/speech/index.jsp?spMode=view&catid=c_pa02062&artid=1402490
1402491,윤석열,Presidential Archive,https://www.pa.go.kr/research/contents/speech/index.jsp?spMode=view&catid=c_pa02062&artid=1402491
1402492,윤석열,Presidential Archive,https://www.pa.go.kr/research/contents/speech/index.jsp?spMode=view&catid=c_pa02062&artid=1402492
1402493,윤석열,Presidential Archive,https://www.pa.go.kr/research/contents/speech/index.jsp?spMode=view&catid=c_pa02062&artid=1402493
1402494,윤석열,Presidential Archive,https://www.pa.go.kr/research/contents/speech/index.jsp?spMode=view&catid=c_pa02062&artid=1402494
1402495,윤석열,Presidential Archive,https://www.pa.go.kr/research/contents/speech/index.jsp?spMode=view&catid=c_pa02062&artid=1402495
1402496,윤석열,Presidential Archive,https://www.pa.go.kr/research/contents/speech/index.jsp?spMode=view&catid=c_pa02062&artid=1402496
1402497,윤석열,Presidential Archive,https://www.pa.go.kr/research/contents/speech/index.jsp?spMode=view&catid=c_pa02062&artid=1402497
1402498,윤석열,Presidential Archive,https://www.pa.go.kr/research/contents/speech/index.jsp?spMode=view&catid=c_pa02062&artid=1402498
1402499,윤석열,Presidential Archive,https://www.pa.go.kr/research/contents/speech/index.jsp?spMode=view&catid=c_pa02062&artid=1402499
1402500,윤석열,Presidential Archive,https://www.pa.go.kr/research/contents/speech/index.jsp?spMode=view&catid=c_pa02062&artid=1402500
1402501,윤석열,Presidential Archive,https://www.pa.go.kr/research/contents/speech/index.jsp?spMode=view&catid=c_pa02062&artid=1402501
1402502,윤석열,Presidential Archive,https://www.pa.go.kr/research/contents/speech/index.jsp?spMode=view&catid=c_pa02062&artid=1402502
1402503,윤석열,Presidential Archive,https://www.pa.go.kr/research/contents/speech/index.jsp?spMode=view&catid=c_pa02062&artid=1402503
1402504,윤석열,Presidential Archive,https://www.pa.go.kr/research/contents/speech/index.jsp?spMode=view&catid=c_pa02062&artid=1402504
1402505,윤석열,Presidential Archive,https://www.pa.go.kr/research/contents/speech/index.jsp?spMode=view&catid=c_pa02062&artid=1402505
1402506,윤석열,Presidential Archive,https://www.pa.go.kr/research/contents/speech/index.jsp?spMode=view&catid=c_pa02062&artid=1402506
1402507,윤석열,Presidential Archive,https://www.pa.go.kr/research/contents/speech/index.jsp?spMode=view&catid=c_pa02062&artid=1402507
1402508,윤석열,Presidential Archive,https://www.pa.go.kr/research/contents/speech/index.jsp?spMode=view&catid=c_pa02062&artid=1402508
1402510,윤석열,Presidential Archive,https://www.pa.go.kr/research/contents/speech/index.jsp?spMode=view&catid=c_pa02062&artid=1402510
1402509,윤석열,Presidential Archive,https://www.pa.go.kr/research/contents/speech/index.jsp?spMode=view&catid=c_pa02062&artid=1402509
1402511,윤석열,Presidential Archive,https://www.pa.go.kr/research/contents/speech/index.jsp?spMode=view&catid=c_pa02062&artid=1402511
1402512,윤석열,Presidential Archive,https://www.pa.go.kr/research/contents/speech/index.jsp?spMode=view&catid=c_pa02062&artid=1402512
1402513,윤석열,Presidential Archive,https://www.pa.go.kr/research/contents/speech/index.jsp?spMode=view&catid=c_pa02062&artid=1402513
1402514,윤석열,Presidential Archive,https://www.pa.go.kr/research/contents/speech/index.jsp?spMode=view&catid=c_pa02062&artid=1402514
1402515,윤석열,Presidential Archive,https://www.pa.go.kr/research/contents/speech/index.jsp?spMode=view&catid=c_pa02062&artid=1402515
1402516,윤석열,Presidential Archive,https://www.pa.go.kr/research/contents/speech/index.jsp?spMode=view&catid=c_pa02062&artid=1402516
1402517,윤석열,Presidential Archive,https://www.pa.go.kr/research/contents/speech/index.jsp?spMode=view&catid=c_pa02062&artid=1402517
1402518,윤석열,Presidential Archive,https://www.pa.go.kr/research/contents/speech/index.jsp?spMode=view&catid=c_pa02062&artid=1402518
1402519,윤석열,Presidential Archive,https://www.pa.go.kr/research/contents/speech/index.jsp?spMode=view&catid=c_pa02062&artid=1402519
1402520,윤석열,Presidential Archive,https://www.pa.go.kr/research/contents/speech/index.jsp?spMode=view&catid=c_pa02062&artid=1402520
1402521,윤석열,Presidential Archive,https://www.pa.go.kr/research/contents/speech/index.jsp?spMode=view&catid=c_pa02062&artid=1402521
1402523,윤석열,Presidential Archive,https://www.pa.go.kr/research/contents/speech/index.jsp?spMode=view&catid=c_pa02062&artid=1402523
1402522,윤석열,Presidential Archive,https://www.pa.go.kr/research/contents/speech/index.jsp?spMode=view&catid=c_pa02062&artid=1402522
1402524,윤석열,Presidential Archive,https://www.pa.go.kr/research/contents/speech/index.jsp?spMode=view&catid=c_pa02062&artid=1402524
1402525,윤석열,Presidential Archive,https://www.pa.go.kr/research/contents/speech/index.jsp?spMode=view&catid=c_pa02062&artid=1402525
1402526,윤석열,Presidential Archive,https://www.pa.go.kr/research/contents/speech/index.jsp?spMode=view&catid=c_pa02062&artid=1402526
1402527,윤석열,Presidential Archive,https://www.pa.go.kr/research/contents/speech/index.jsp?spMode=view&catid=c_pa02062&artid=1402527
1402528,윤석열,Presidential Archive,https://www.pa.go.kr/research/contents/speech/index.jsp?spMode=view&catid=c_pa02062&artid=1402528
1402529,윤석열,Presidential Archive,https://www.pa.go.kr/research/contents/speech/index.jsp?spMode=view&catid=c_pa02062&artid=1402529
1402530,윤석열,Presidential Archive,https://www.pa.go.kr/research/contents/speech/index.jsp?spMode=view&catid=c_pa02062&artid=1402530
1402531,윤석열,Presidential Archive,https://www.pa.go.kr/research/contents/speech/index.jsp?spMode=view&catid=c_pa02062&artid=1402531
1402532,윤석열,Presidential Archive,https://www.pa.go.kr/research/contents/speech/index.jsp?spMode=view&catid=c_pa02062&artid=1402532
1402533,윤석열,Presidential Archive,https://www.pa.go.kr/research/contents/speech/index.jsp?spMode=view&catid=c_pa02062&artid=1402533
1402534,윤석열,Presidential Archive,https://www.pa.go.kr/research/contents/speech/index.jsp?spMode=view&catid=c_pa02062&artid=1402534
1402535,윤석열,Presidential Archive,https://www.pa.go.kr/research/contents/speech/index.jsp?spMode=view&catid=c_pa02062&artid=1402535
1402536,윤석열,Presidential Archive,https://www.pa.go.kr/research/contents/speech/index.jsp?spMode=view&catid=c_pa02062&artid=1402536
1402538,윤석열,Presidential Archive,https://www.pa.go.kr/research/contents/speech/index.jsp?spMode=view&catid=c_pa02062&artid=1402538
1402537,윤석열,Presidential Archive,https://www.pa.go.kr/research/contents/speech/index.jsp?spMode=view&catid=c_pa02062&artid=1402537
1402539,윤석열,Presidential Archive,https://www.pa.go.kr/research/contents/speech/index.jsp?spMode=view&catid=c_pa02062&artid=1402539
1402540,윤석열,Presidential Archive,https://www.pa.go.kr/research/contents/speech/index.jsp?spMode=view&catid=c_pa02062&artid=1402540
1402541,윤석열,Presidential Archive,https://www.pa.go.kr/research/contents/speech/index.jsp?spMode=view&catid=c_pa02062&artid=1402541
1402542,윤석열,Presidential Archive,https://www.pa.go.kr/research/contents/speech/index.jsp?spMode=view&catid=c_pa02062&artid=1402542
1402543,윤석열,Presidential Archive,https://www.pa.go.kr/research/contents/speech/index.jsp?spMode=view&catid=c_pa02062&artid=1402543
1402544,윤석열,Presidential Archive,https://www.pa.go.kr/research/contents/speech/index.jsp?spMode=view&catid=c_pa02062&artid=1402544
1402545,윤석열,Presidential Archive,https://www.pa.go.kr/research/contents/speech/index.jsp?spMode=view&catid=c_pa02062&artid=1402545
1402546,윤석열,Presidential Archive,https://www.pa.go.kr/research/contents/speech/index.jsp?spMode=view&catid=c_pa02062&artid=1402546
1402547,윤석열,Presidential Archive,https://www.pa.go.kr/research/contents/speech/index.jsp?spMode=view&catid=c_pa02062&artid=1402547
1402548,윤석열,Presidential Archive,https://www.pa.go.kr/research/contents/speech/index.jsp?spMode=view&catid=c_pa02062&artid=1402548
1402549,윤석열,Presidential Archive,https://www.pa.go.kr/research/contents/speech/index.jsp?spMode=view&catid=c_pa02062&artid=1402549
1402550,윤석열,Presidential Archive,https://www.pa.go.kr/research/contents/speech/index.jsp?spMode=view&catid=c_pa02062&artid=1402550
1402551,윤석열,Presidential Archive,https://www.pa.go.kr/research/contents/speech/index.jsp?spMode=view&catid=c_pa02062&artid=1402551
1402552,윤석열,Presidential Archive,https://www.pa.go.kr/research/contents/speech/index.jsp?spMode=view&catid=c_pa02062&artid=1402552
1402553,윤석열,Presidential Archive,https://www.pa.go.kr/research/contents/speech/index.jsp?spMode=view&catid=c_pa02062&artid=1402553
1402554,윤석열,Presidential Archive,https://www.pa.go.kr/research/contents/speech/index.jsp?spMode=view&catid=c_pa02062&artid=1402554
1402555,윤석열,Presidential Archive,https://www.pa.go.kr/research/contents/speech/index.jsp?spMode=view&catid=c_pa02062&artid=1402555
1402556,윤석열,Presidential Archive,https://www.pa.go.kr/research/contents/speech/index.jsp?spMode=view&catid=c_pa02062&artid=1402556
1402557,윤석열,Presidential Archive,https://www.pa.go.kr/research/contents/speech/index.jsp?spMode=view&catid=c_pa02062&artid=1402557
1402558,윤석열,Presidential Archive,https://www.pa.go.kr/research/contents/speech/index.jsp?spMode=view&catid=c_pa02062&artid=1402558
1402559,윤석열,Presidential Archive,https://www.pa.go.kr/research/contents/speech/index.jsp?spMode=view&catid=c_pa02062&artid=1402559
1402560,윤석열,Presidential Archive,https://www.pa.go.kr/research/contents/speech/index.jsp?spMode=view&catid=c_pa02062&artid=1402560
1402561,윤석열,Presidential Archive,https://www.pa.go.kr/research/contents/speech/index.jsp?spMode=view&catid=c_pa02062&artid=1402561
1402562,윤석열,Presidential Archive,https://www.pa.go.kr/research/contents/speech/index.jsp?spMode=view&catid=c_pa02062&artid=1402562
1402563,윤석열,Presidential Archive,https://www.pa.go.kr/research/contents/speech/index.jsp?spMode=view&catid=c_pa02062&artid=1402563
1402564,윤석열,Presidential Archive,https://www.pa.go.kr/research/contents/speech/index.jsp?spMode=view&catid=c_pa02062&artid=1402564
1402565,윤석열,Presidential Archive,https://www.pa.go.kr/research/contents/speech/index.jsp?spMode=view&catid=c_pa02062&artid=1402565
1402566,윤석열,Presidential Archive,https://www.pa.go.kr/research/contents/speech/index.jsp?spMode=view&catid=c_pa02062&artid=1402566
1402567,윤석열,Presidential Archive,https://www.pa.go.kr/research/contents/speech/index.jsp?spMode=view&catid=c_pa02062&artid=1402567
1402568,윤석열,Presidential Archive,https://www.pa.go.kr/research/contents/speech/index.jsp?spMode=view&catid=c_pa02062&artid=1402568
1402569,윤석열,Presidential Archive,https://www.pa.go.kr/research/contents/speech/index.jsp?spMode=view&catid=c_pa02062&artid=1402569
1402570,윤석열,Presidential Archive,https://www.pa.go.kr/research/contents/speech/index.jsp?spMode=view&catid=c_pa02062&artid=1402570
1402571,윤석열,Presidential Archive,https://www.pa.go.kr/research/contents/speech/index.jsp?spMode=view&catid=c_pa02062&artid=1402571
1402572,윤석열,Presidential Archive,https://www.pa.go.kr/research/contents/speech/index.jsp?spMode=view&catid=c_pa02062&artid=1402572
1402573,윤석열,Presidential Archive,https://www.pa.go.kr/research/contents/speech/index.jsp?spMode=view&catid=c_pa02062&artid=1402573
1402574,윤석열,Presidential Archive,https://www.pa.go.kr/research/contents/speech/index.jsp?spMode=view&catid=c_pa02062&artid=1402574
1402575,윤석열,Presidential Archive,https://www.pa.go.kr/research/contents/speech/index.jsp?spMode=view&catid=c_pa02062&artid=1402575
1402576,윤석열,Presidential Archive,https://www.pa.go.kr/research/contents/speech/index.jsp?spMode=view&catid=c_pa02062&artid=1402576
1402577,윤석열,Presidential Archive,https://www.pa.go.kr/research/contents/speech/index.jsp?spMode=view&catid=c_pa02062&artid=1402577
1402578,윤석열,Presidential Archive,https://www.pa.go.kr/research/contents/speech/index.jsp?spMode=view&catid=c_pa02062&artid=1402578
1402580,윤석열,Presidential Archive,https://www.pa.go.kr/research/contents/speech/index.jsp?spMode=view&catid=c_pa02062&artid=1402580
1402579,윤석열,Presidential Archive,https://www.pa.go.kr/research/contents/speech/index.jsp?spMode=view&catid=c_pa02062&artid=1402579
1402581,윤석열,Presidential Archive,https://www.pa.go.kr/research/contents/speech/index.jsp?spMode=view&catid=c_pa02062&artid=1402581
1402582,윤석열,Presidential Archive,https://www.pa.go.kr/research/contents/speech/index.jsp?spMode=view&catid=c_pa02062&artid=1402582
1402583,윤석열,Presidential Archive,https://www.pa.go.kr/research/contents/speech/index.jsp?spMode=view&catid=c_pa02062&artid=1402583
1402584,윤석열,Presidential Archive,https://www.pa.go.kr/research/contents/speech/index.jsp?spMode=view&catid=c_pa02062&artid=1402584
1402585,윤석열,Presidential Archive,https://www.pa.go.kr/research/contents/speech/index.jsp?spMode=view&catid=c_pa02062&artid=1402585
1402586,윤석열,Presidential Archive,https://www.pa.go.kr/research/contents/speech/index.jsp?spMode=view&catid=c_pa02062&artid=1402586
1402587,윤석열,Presidential Archive,https://www.pa.go.kr/research/contents/speech/index.jsp?spMode=view&catid=c_pa02062&artid=1402587
1402589,윤석열,Presidential Archive,https://www.pa.go.kr/research/contents/speech/index.jsp?spMode=view&catid=c_pa02062&artid=1402589
1402588,윤석열,Presidential Archive,https://www.pa.go.kr/research/contents/speech/index.jsp?spMode=view&catid=c_pa02062&artid=1402588
1402590,윤석열,Presidential Archive,https://www.pa.go.kr/research/contents/speech/index.jsp?spMode=view&catid=c_pa02062&artid=1402590
1402591,윤석열,Presidential Archive,https://www.pa.go.kr/research/contents/speech/index.jsp?spMode=view&catid=c_pa02062&artid=1402591
1402592,윤석열,Presidential Archive,https://www.pa.go.kr/research/contents/speech/index.jsp?spMode=view&catid=c_pa02062&artid=1402592
1402594,윤석열,Presidential Archive,https://www.pa.go.kr/research/contents/speech/index.jsp?spMode=view&catid=c_pa02062&artid=1402594
1402593,윤석열,Presidential Archive,https://www.pa.go.kr/research/contents/speech/index.jsp?spMode=view&catid=c_pa02062&artid=1402593
1402595,윤석열,Presidential Archive,https://www.pa.go.kr/research/contents/speech/index.jsp?spMode=view&catid=c_pa02062&artid=1402595
1402596,윤석열,Presidential Archive,https://www.pa.go.kr/research/contents/speech/index.jsp?spMode=view&catid=c_pa02062&artid=1402596
1402597,윤석열,Presidential Archive,https://www.pa.go.kr/research/contents/speech/index.jsp?spMode=view&catid=c_pa02062&artid=1402597
1402598,윤석열,Presidential Archive,https://www.pa.go.kr/research/contents/speech/index.jsp?spMode=view&catid=c_pa02062&artid=1402598
1402600,윤석열,Presidential Archive,https://www.pa.go.kr/research/contents/speech/index.jsp?spMode=view&catid=c_pa02062&artid=1402600
1402599,윤석열,Presidential Archive,https://www.pa.go.kr/research/contents/speech/index.jsp?spMode=view&catid=c_pa02062&artid=1402599
1402601,윤석열,Presidential Archive,https://www.pa.go.kr/research/contents/speech/index.jsp?spMode=view&catid=c_pa02062&artid=1402601
1402602,윤석열,Presidential Archive,https://www.pa.go.kr/research/contents/speech/index.jsp?spMode=view&catid=c_pa02062&artid=1402602
1402603,윤석열,Presidential Archive,https://www.pa.go.kr/research/contents/speech/index.jsp?spMode=view&catid=c_pa02062&artid=1402603
1402604,윤석열,Presidential Archive,https://www.pa.go.kr/research/contents/speech/index.jsp?spMode=view&catid=c_pa02062&artid=1402604
1402605,윤석열,Presidential Archive,https://www.pa.go.kr/research/contents/speech/index.jsp?spMode=view&catid=c_pa02062&artid=1402605
1402606,윤석열,Presidential Archive,https://www.pa.go.kr/research/contents/speech/index.jsp?spMode=view&catid=c_pa02062&artid=1402606
1402607,윤석열,Presidential Archive,https://www.pa.go.kr/research/contents/speech/index.jsp?spMode=view&catid=c_pa02062&artid=1402607
1402608,윤석열,Presidential Archive,https://www.pa.go.kr/research/contents/speech/index.jsp?spMode=view&catid=c_pa02062&artid=1402608
1402609,윤석열,Presidential Archive,https://www.pa.go.kr/research/contents/speech/index.jsp?spMode=view&catid=c_pa02062&artid=1402609
1402610,윤석열,Presidential Archive,https://www.pa.go.kr/research/contents/speech/index.jsp?spMode=view&catid=c_pa02062&artid=1402610
1402611,윤석열,Presidential Archive,https://www.pa.go.kr/research/contents/speech/index.jsp?spMode=view&catid=c_pa02062&artid=1402611
1402612,윤석열,Presidential Archive,https://www.pa.go.kr/research/contents/speech/index.jsp?spMode=view&catid=c_pa02062&artid=1402612
1402613,윤석열,Presidential Archive,https://www.pa.go.kr/research/contents/speech/index.jsp?spMode=view&catid=c_pa02062&artid=1402613
1402615,윤석열,Presidential Archive,https://www.pa.go.kr/research/contents/speech/index.jsp?spMode=view&catid=c_pa02062&artid=1402615
1402614,윤석열,Presidential Archive,https://www.pa.go.kr/research/contents/speech/index.jsp?spMode=view&catid=c_pa02062&artid=1402614
1402616,윤석열,Presidential Archive,https://www.pa.go.kr/research/contents/speech/index.jsp?spMode=view&catid=c_pa02062&artid=1402616
1402617,윤석열,Presidential Archive,https://www.pa.go.kr/research/contents/speech/index.jsp?spMode=view&catid=c_pa02062&artid=1402617
1402618,윤석열,Presidential Archive,https://www.pa.go.kr/research/contents/speech/index.jsp?spMode=view&catid=c_pa02062&artid=1402618
1402619,윤석열,Presidential Archive,https://www.pa.go.kr/research/contents/speech/index.jsp?spMode=view&catid=c_pa02062&artid=1402619
1402620,윤석열,Presidential Archive,https://www.pa.go.kr/research/contents/speech/index.jsp?spMode=view&catid=c_pa02062&artid=1402620
1402621,윤석열,Presidential Archive,https://www.pa.go.kr/research/contents/speech/index.jsp?spMode=view&catid=c_pa02062&artid=1402621
1402622,윤석열,Presidential Archive,https://www.pa.go.kr/research/contents/speech/index.jsp?spMode=view&catid=c_pa02062&artid=1402622
1402623,윤석열,Presidential Archive,https://www.pa.go.kr/research/contents/speech/index.jsp?spMode=view&catid=c_pa02062&artid=1402623
1402624,윤석열,Presidential Archive,https://www.pa.go.kr/research/contents/speech/index.jsp?spMode=view&catid=c_pa02062&artid=1402624
1402625,윤석열,Presidential Archive,https://www.pa.go.kr/research/contents/speech/index.jsp?spMode=view&catid=c_pa02062&artid=1402625
1402626,윤석열,Presidential Archive,https://www.pa.go.kr/research/contents/speech/index.jsp?spMode=view&catid=c_pa02062&artid=1402626
1402627,윤석열,Presidential Archive,https://www.pa.go.kr/research/contents/speech/index.jsp?spMode=view&catid=c_pa02062&artid=1402627
1402628,윤석열,Presidential Archive,https://www.pa.go.kr/research/contents/speech/index.jsp?spMode=view&catid=c_pa02062&artid=1402628
1402629,윤석열,Presidential Archive,https://www.pa.go.kr/research/contents/speech/index.jsp?spMode=view&catid=c_pa02062&artid=1402629
1402631,윤석열,Presidential Archive,https://www.pa.go.kr/research/contents/speech/index.jsp?spMode=view&catid=c_pa02062&artid=1402631
1402630,윤석열,Presidential Archive,https://www.pa.go.kr/research/contents/speech/index.jsp?spMode=view&catid=c_pa02062&artid=1402630
1402632,윤석열,Presidential Archive,https://www.pa.go.kr/research/contents/speech/index.jsp?spMode=view&catid=c_pa02062&artid=1402632
1402633,윤석열,Presidential Archive,https://www.pa.go.kr/research/contents/speech/index.jsp?spMode=view&catid=c_pa02062&artid=1402633
1402634,윤석열,Presidential Archive,https://www.pa.go.kr/research/contents/speech/index.jsp?spMode=view&catid=c_pa02062&artid=1402634
1402635,윤석열,Presidential Archive,https://www.pa.go.kr/research/contents/speech/index.jsp?spMode=view&catid=c_pa02062&artid=1402635
1402636,윤석열,Presidential Archive,https://www.pa.go.kr/research/contents/speech/index.jsp?spMode=view&catid=c_pa02062&artid=1402636
1402637,윤석열,Presidential Archive,https://www.pa.go.kr/research/contents/speech/index.jsp?spMode=view&catid=c_pa02062&artid=1402637
1402639,윤석열,Presidential Archive,https://www.pa.go.kr/research/contents/speech/index.jsp?spMode=view&catid=c_pa02062&artid=1402639
1402638,윤석열,Presidential Archive,https://www.pa.go.kr/research/contents/speech/index.jsp?spMode=view&catid=c_pa02062&artid=1402638
1402640,윤석열,Presidential Archive,https://www.pa.go.kr/research/contents/speech/index.jsp?spMode=view&catid=c_pa02062&artid=1402640
1402641,윤석열,Presidential Archive,https://www.pa.go.kr/research/contents/speech/index.jsp?spMode=view&catid=c_pa02062&artid=1402641
1402642,윤석열,Presidential Archive,https://www.pa.go.kr/research/contents/speech/index.jsp?spMode=view&catid=c_pa02062&artid=1402642
1402643,윤석열,Presidential Archive,https://www.pa.go.kr/research/contents/speech/index.jsp?spMode=view&catid=c_pa02062&artid=1402643
1402644,윤석열,Presidential Archive,https://www.pa.go.kr/research/contents/speech/index.jsp?spMode=view&catid=c_pa02062&artid=1402644
1402647,윤석열,Presidential Archive,https://www.pa.go.kr/research/contents/speech/index.jsp?spMode=view&catid=c_pa02062&artid=1402647
1402646,윤석열,Presidential Archive,https://www.pa.go.kr/research/contents/speech/index.jsp?spMode=view&catid=c_pa02062&artid=1402646
1402645,윤석열,Presidential Archive,https://www.pa.go.kr/research/contents/speech/index.jsp?spMode=view&catid=c_pa02062&artid=1402645
1402648,윤석열,Presidential Archive,https://www.pa.go.kr/research/contents/speech/index.jsp?spMode=view&catid=c_pa02062&artid=1402648
1402649,윤석열,Presidential Archive,https://www.pa.go.kr/research/contents/speech/index.jsp?spMode=view&catid=c_pa02062&artid=1402649
1402650,윤석열,Presidential Archive,https://www.pa.go.kr/research/contents/speech/index.jsp?spMode=view&catid=c_pa02062&artid=1402650
1402651,윤석열,Presidential Archive,https://www.pa.go.kr/research/contents/speech/index.jsp?spMode=view&catid=c_pa02062&artid=1402651
1402652,윤석열,Presidential Archive,https://www.pa.go.kr/research/contents/speech/index.jsp?spMode=view&catid=c_pa02062&artid=1402652
1402653,윤석열,Presidential Archive,https://www.pa.go.kr/research/contents/speech/index.jsp?spMode=view&catid=c_pa02062&artid=1402653
1402654,윤석열,Presidential Archive,https://www.pa.go.kr/research/contents/speech/index.jsp?spMode=view&catid=c_pa02062&artid=1402654
1402655,윤석열,Presidential Archive,https://www.pa.go.kr/research/contents/speech/index.jsp?spMode=view&catid=c_pa02062&artid=1402655
1402656,윤석열,Presidential Archive,https://www.pa.go.kr/research/contents/speech/index.jsp?spMode=view&catid=c_pa02062&artid=1402656
1402657,윤석열,Presidential Archive,https://www.pa.go.kr/research/contents/speech/index.jsp?spMode=view&catid=c_pa02062&artid=1402657
1402659,윤석열,Presidential Archive,https://www.pa.go.kr/research/contents/speech/index.jsp?spMode=view&catid=c_pa02062&artid=1402659
1402658,윤석열,Presidential Archive,https://www.pa.go.kr/research/contents/speech/index.jsp?spMode=view&catid=c_pa02062&artid=1402658
1402660,윤석열,Presidential Archive,https://www.pa.go.kr/research/contents/speech/index.jsp?spMode=view&catid=c_pa02062&artid=1402660
1402663,윤석열,Presidential Archive,https://www.pa.go.kr/research/contents/speech/index.jsp?spMode=view&catid=c_pa02062&artid=1402663
1402662,윤석열,Presidential Archive,https://www.pa.go.kr/research/contents/speech/index.jsp?spMode=view&catid=c_pa02062&artid=1402662
1402661,윤석열,Presidential Archive,https://www.pa.go.kr/research/contents/speech/index.jsp?spMode=view&catid=c_pa02062&artid=1402661
1402664,윤석열,Presidential Archive,https://www.pa.go.kr/research/contents/speech/index.jsp?spMode=view&catid=c_pa02062&artid=1402664
1402665,윤석열,Presidential Archive,https://www.pa.go.kr/research/contents/speech/index.jsp?spMode=view&catid=c_pa02062&artid=1402665
1402666,윤석열,Presidential Archive,https://www.pa.go.kr/research/contents/speech/index.jsp?spMode=view&catid=c_pa02062&artid=1402666
1402669,윤석열,Presidential Archive,https://www.pa.go.kr/research/contents/speech/index.jsp?spMode=view&catid=c_pa02062&artid=1402669
1402668,윤석열,Presidential Archive,https://www.pa.go.kr/research/contents/speech/index.jsp?spMode=view&catid=c_pa02062&artid=1402668
1402667,윤석열,Presidential Archive,https://www.pa.go.kr/research/contents/speech/index.jsp?spMode=view&catid=c_pa02062&artid=1402667
1402670,윤석열,Presidential Archive,https://www.pa.go.kr/research/contents/speech/index.jsp?spMode=view&catid=c_pa02062&artid=1402670
1402671,윤석열,Presidential Archive,https://www.pa.go.kr/research/contents/speech/index.jsp?spMode=view&catid=c_pa02062&artid=1402671
1402672,윤석열,Presidential Archive,https://www.pa.go.kr/research/contents/speech/index.jsp?spMode=view&catid=c_pa02062&artid=1402672
1402673,윤석열,Presidential Archive,https://www.pa.go.kr/research/contents/speech/index.jsp?spMode=view&catid=c_pa02062&artid=1402673
1402674,윤석열,Presidential Archive,https://www.pa.go.kr/research/contents/speech/index.jsp?spMode=view&catid=c_pa02062&artid=1402674
1402675,윤석열,Presidential Archive,https://www.pa.go.kr/research/contents/speech/index.jsp?spMode=view&catid=c_pa02062&artid=1402675
1402676,윤석열,Presidential Archive,https://www.pa.go.kr/research/contents/speech/index.jsp?spMode=view&catid=c_pa02062&artid=1402676
1402677,윤석열,Presidential Archive,https://www.pa.go.kr/research/contents/speech/index.jsp?spMode=view&catid=c_pa02062&artid=1402677
1402678,윤석열,Presidential Archive,https://www.pa.go.kr/research/contents/speech/index.jsp?spMode=view&catid=c_pa02062&artid=1402678
1402679,윤석열,Presidential Archive,https://www.pa.go.kr/research/contents/speech/index.jsp?spMode=view&catid=c_pa02062&artid=1402679
1402680,윤석열,Presidential Archive,https://www.pa.go.kr/research/contents/speech/index.jsp?spMode=view&catid=c_pa02062&artid=1402680
1402681,윤석열,Presidential Archive,https://www.pa.go.kr/research/contents/speech/index.jsp?spMode=view&catid=c_pa02062&artid=1402681
1402682,윤석열,Presidential Archive,https://www.pa.go.kr/research/contents/speech/index.jsp?spMode=view&catid=c_pa02062&artid=1402682
1402683,윤석열,Presidential Archive,https://www.pa.go.kr/research/contents/speech/index.jsp?spMode=view&catid=c_pa02062&artid=1402683
1402684,윤석열,Presidential Archive,https://www.pa.go.kr/research/contents/speech/index.jsp?spMode=view&catid=c_pa02062&artid=1402684
1402685,윤석열,Presidential Archive,https://www.pa.go.kr/research/contents/speech/index.jsp?spMode=view&catid=c_pa02062&artid=1402685
1402688,윤석열,Presidential Archive,https://www.pa.go.kr/research/contents/speech/index.jsp?spMode=view&catid=c_pa02062&artid=1402688
1402687,윤석열,Presidential Archive,https://www.pa.go.kr/research/contents/speech/index.jsp?spMode=view&catid=c_pa02062&artid=1402687
1402686,윤석열,Presidential Archive,https://www.pa.go.kr/research/contents/speech/index.jsp?spMode=view&catid=c_pa02062&artid=1402686
1402689,윤석열,Presidential Archive,https://www.pa.go.kr/research/contents/speech/index.jsp?spMode=view&catid=c_pa02062&artid=1402689
1402692,윤석열,Presidential Archive,https://www.pa.go.kr/research/contents/speech/index.jsp?spMode=view&catid=c_pa02062&artid=1402692
1402691,윤석열,Presidential Archive,https://www.pa.go.kr/research/contents/speech/index.jsp?spMode=view&catid=c_pa02062&artid=1402691
1402690,윤석열,Presidential Archive,https://www.pa.go.kr/research/contents/speech/index.jsp?spMode=view&catid=c_pa02062&artid=1402690
1402693,윤석열,Presidential Archive,https://www.pa.go.kr/research/contents/speech/index.jsp?spMode=view&catid=c_pa02062&artid=1402693
1402694,윤석열,Presidential Archive,https://www.pa.go.kr/research/contents/speech/index.jsp?spMode=view&catid=c_pa02062&artid=1402694
1402695,윤석열,Presidential Archive,https://www.pa.go.kr/research/contents/speech/index.jsp?spMode=view&catid=c_pa02062&artid=1402695
1402696,윤석열,Presidential Archive,https://www.pa.go.kr/research/contents/speech/index.jsp?spMode=view&catid=c_pa02062&artid=1402696
1402697,윤석열,Presidential Archive,https://www.pa.go.kr/research/contents/speech/index.jsp?spMode=view&catid=c_pa02062&artid=1402697
1402698,윤석열,Presidential Archive,https://www.pa.go.kr/research/contents/speech/index.jsp?spMode=view&catid=c_pa02062&artid=1402698
1402699,윤석열,Presidential Archive,https://www.pa.go.kr/research/contents/speech/index.jsp?spMode=view&catid=c_pa02062&artid=1402699
1402700,윤석열,Presidential Archive,https://www.pa.go.kr/research/contents/speech/index.jsp?spMode=view&catid=c_pa02062&artid=1402700
1402701,윤석열,Presidential Archive,https://www.pa.go.kr/research/contents/speech/index.jsp?spMode=view&catid=c_pa02062&artid=1402701
1402702,윤석열,Presidential Archive,https://www.pa.go.kr/research/contents/speech/index.jsp?spMode=view&catid=c_pa02062&artid=1402702
1402703,윤석열,Presidential Archive,https://www.pa.go.kr/research/contents/speech/index.jsp?spMode=view&catid=c_pa02062&artid=1402703
president_go_96XWUYVL,이재명,president.go.kr,https://www.president.go.kr/speeches/96XWUYVL
president_go_At1525UE,이재명,president.go.kr,https://www.president.go.kr/speeches/At1525UE
president_go_eYGQRLY0,이재명,president.go.kr,https://www.president.go.kr/speeches/eYGQRLY0
president_go_75evFMZH,이재명,president.go.kr,https://www.president.go.kr/speeches/75evFMZH
president_go_nkswy219,이재명,president.go.kr,https://www.president.go.kr/speeches/nkswy219
president_go_CuZxpO1q,이재명,president.go.kr,https://www.president.go.kr/speeches/CuZxpO1q
president_go_VWrWhWnq,이재명,president.go.kr,https://www.president.go.kr/speeches/VWrWhWnq
president_go_MKe8T9SG,이재명,president.go.kr,https://www.president.go.kr/speeches/MKe8T9SG
president_go_r9aWD0XL,이재명,president.go.kr,https://www.president.go.kr/speeches/r9aWD0XL
president_go_Lj0SVdhs,이재명,president.go.kr,https://www.president.go.kr/speeches/Lj0SVdhs
president_go_uFoI1oOc,이재명,president.go.kr,https://www.president.go.kr/speeches/uFoI1oOc
president_go_Atpu25UE,이재명,president.go.kr,https://www.president.go.kr/speeches/Atpu25UE
president_go_OwYX4tAX,이재명,president.go.kr,https://www.president.go.kr/speeches/OwYX4tAX
president_go_p1GCIc0N,이재명,president.go.kr,https://www.president.go.kr/speeches/p1GCIc0N
president_go_cmYVXOZ1,이재명,president.go.kr,https://www.president.go.kr/speeches/cmYVXOZ1
president_go_AtRY25UE,이재명,president.go.kr,https://www.president.go.kr/speeches/AtRY25UE
president_go_qG1VgnQ8,이재명,president.go.kr,https://www.president.go.kr/speeches/qG1VgnQ8
president_go_hHXHeToZ,이재명,president.go.kr,https://www.president.go.kr/speeches/hHXHeToZ
president_go_UxPkbcah,이재명,president.go.kr,https://www.president.go.kr/speeches/UxPkbcah
president_go_TBbqP9k3,이재명,president.go.kr,https://www.president.go.kr/speeches/TBbqP9k3
president_go_dqHfmJE3,이재명,president.go.kr,https://www.president.go.kr/speeches/dqHfmJE3
president_go_TBU0P9k3,이재명,president.go.kr,https://www.president.go.kr/speeches/TBU0P9k3
president_go_96uDUYVL,이재명,president.go.kr,https://www.president.go.kr/speeches/96uDUYVL
president_go_QZyh91Ez,이재명,president.go.kr,https://www.president.go.kr/speeches/QZyh91Ez
president_go_tNLIidHE,이재명,president.go.kr,https://www.president.go.kr/speeches/tNLIidHE
president_go_MKrNT9SG,이재명,president.go.kr,https://www.president.go.kr/speeches/MKrNT9SG
president_go_i0LHdjIg,이재명,president.go.kr,https://www.president.go.kr/speeches/i0LHdjIg
president_go_kPm37oeu,이재명,president.go.kr,https://www.president.go.kr/speeches/kPm37oeu
president_go_Ow9f4tAX,이재명,president.go.kr,https://www.president.go.kr/speeches/Ow9f4tAX
president_go_DUHnJ2gY,이재명,president.go.kr,https://www.president.go.kr/speeches/DUHnJ2gY
president_go_MK0dT9SG,이재명,president.go.kr,https://www.president.go.kr/speeches/MK0dT9SG
president_go_tNLUidHE,이재명,president.go.kr,https://www.president.go.kr/speeches/tNLUidHE
president_go_Se7w8dhP,이재명,president.go.kr,https://www.president.go.kr/speeches/Se7w8dhP
president_go_If24nUog,이재명,president.go.kr,https://www.president.go.kr/speeches/If24nUog
president_go_YnaT3lTe,이재명,president.go.kr,https://www.president.go.kr/speeches/YnaT3lTe
president_go_mgS0vBz8,이재명,president.go.kr,https://www.president.go.kr/speeches/mgS0vBz8
president_go_dqoimJE3,이재명,president.go.kr,https://www.president.go.kr/speeches/dqoimJE3
president_go_2i9kwGQS,이재명,president.go.kr,https://www.president.go.kr/speeches/2i9kwGQS
president_go_4cJtz7GJ,이재명,president.go.kr,https://www.president.go.kr/speeches/4cJtz7GJ
president_go_qGLDgnQ8,이재명,president.go.kr,https://www.president.go.kr/speeches/qGLDgnQ8
president_go_nk4jy219,이재명,president.go.kr,https://www.president.go.kr/speeches/nk4jy219
president_go_dqZcmJE3,이재명,president.go.kr,https://www.president.go.kr/speeches/dqZcmJE3
president_go_jCMmWAqC,이재명,president.go.kr,https://www.president.go.kr/speeches/jCMmWAqC
president_go_AtDZ25UE,이재명,president.go.kr,https://www.president.go.kr/speeches/AtDZ25UE
president_go_i0UfdjIg,이재명,president.go.kr,https://www.president.go.kr/speeches/i0UfdjIg
president_go_fTzwkMoy,이재명,president.go.kr,https://www.president.go.kr/speeches/fTzwkMoy
president_go_zX0lA2D7,이재명,president.go.kr,https://www.president.go.kr/speeches/zX0lA2D7
president_go_qGZmgnQ8,이재명,president.go.kr,https://www.president.go.kr/speeches/qGZmgnQ8
president_go_96LAUYVL,이재명,president.go.kr,https://www.president.go.kr/speeches/96LAUYVL
president_go_Se358dhP,이재명,president.go.kr,https://www.president.go.kr/speeches/Se358dhP
president_go_1MKLf4zQ,이재명,president.go.kr,https://www.president.go.kr/speeches/1MKLf4zQ
president_go_0J9HqCKn,이재명,president.go.kr,https://www.president.go.kr/speeches/0J9HqCKn
president_go_4ctKz7GJ,이재명,president.go.kr,https://www.president.go.kr/speeches/4ctKz7GJ
president_go_2imHwGQS,이재명,president.go.kr,https://www.president.go.kr/speeches/2imHwGQS
president_go_3yyxCRPk,이재명,president.go.kr,https://www.president.go.kr/speeches/3yyxCRPk
president_go_y774uPlW,이재명,president.go.kr,https://www.president.go.kr/speeches/y774uPlW
president_go_GE9cQ1U9,이재명,president.go.kr,https://www.president.go.kr/speeches/GE9cQ1U9
president_go_CyCnpO1q,이재명,president.go.kr,https://www.president.go.kr/speeches/CyCnpO1q
president_go_2tO1wGQS,이재명,president.go.kr,https://www.president.go.kr/speeches/2tO1wGQS
president_go_iNwNdjIg,이재명,president.go.kr,https://www.president.go.kr/speeches/iNwNdjIg
president_go_kTng7oeu,이재명,president.go.kr,https://www.president.go.kr/speeches/kTng7oeu
president_go_puW4Ic0N,이재명,president.go.kr,https://www.president.go.kr/speeches/puW4Ic0N
president_go_ShZ38dhP,이재명,president.go.kr,https://www.president.go.kr/speeches/ShZ38dhP
president_go_AX7a25UE,이재명,president.go.kr,https://www.president.go.kr/speeches/AX7a25UE
president_go_2t7WwGQS,이재명,president.go.kr,https://www.president.go.kr/speeches/2t7WwGQS
president_go_qJ41gnQ8,이재명,president.go.kr,https://www.president.go.kr/speeches/qJ41gnQ8
president_go_ykVnuPlW,이재명,president.go.kr,https://www.president.go.kr/speeches/ykVnuPlW
president_go_F5YTMqwS,이재명,president.go.kr,https://www.president.go.kr/speeches/F5YTMqwS
president_go_BznWajsK,이재명,president.go.kr,https://www.president.go.kr/speeches/BznWajsK
president_go_Xm5dtZbh,이재명,president.go.kr,https://www.president.go.kr/speeches/Xm5dtZbh
president_go_tv5tidHE,이재명,president.go.kr,https://www.president.go.kr/speeches/tv5tidHE
president_go_U6KTbcah,이재명,president.go.kr,https://www.president.go.kr/speeches/U6KTbcah
president_go_tv3LidHE,이재명,president.go.kr,https://www.president.go.kr/speeches/tv3LidHE
president_go_nfDPy219,이재명,president.go.kr,https://www.president.go.kr/speeches/nfDPy219
president_go_VjwxhWnq,이재명,president.go.kr,https://www.president.go.kr/speeches/VjwxhWnq
president_go_gG1irSI9,이재명,president.go.kr,https://www.president.go.kr/speeches/gG1irSI9
president_go_ShJh8dhP,이재명,president.go.kr,https://www.president.go.kr/speeches/ShJh8dhP
president_go_2tRbwGQS,이재명,president.go.kr,https://www.president.go.kr/speeches/2tRbwGQS
president_go_j3txWAqC,이재명,president.go.kr,https://www.president.go.kr/speeches/j3txWAqC
president_go_Shaq8dhP,이재명,president.go.kr,https://www.president.go.kr/speeches/Shaq8dhP
president_go_XmhqtZbh,이재명,president.go.kr,https://www.president.go.kr/speeches/XmhqtZbh
president_go_puiLIc0N,이재명,president.go.kr,https://www.president.go.kr/speeches/puiLIc0N
president_go_HpwcYgN9,이재명,president.go.kr,https://www.president.go.kr/speeches/HpwcYgN9
president_go_wi88cXDE,이재명,president.go.kr,https://www.president.go.kr/speeches/wi88cXDE
president_go_vgWjNUjD,이재명,president.go.kr,https://www.president.go.kr/speeches/vgWjNUjD
president_go_I1dtnUog,이재명,president.go.kr,https://www.president.go.kr/speeches/I1dtnUog
president_go_MlJgT9SG,이재명,president.go.kr,https://www.president.go.kr/speeches/MlJgT9SG
president_go_JUpAGY9Z,이재명,president.go.kr,https://www.president.go.kr/speeches/JUpAGY9Z
president_go_4wEqz7GJ,이재명,president.go.kr,https://www.president.go.kr/speeches/4wEqz7GJ
president_go_kTvp7oeu,이재명,president.go.kr,https://www.president.go.kr/speeches/kTvp7oeu
president_go_CyAcpO1q,이재명,president.go.kr,https://www.president.go.kr/speeches/CyAcpO1q
president_go_I12znUog,이재명,president.go.kr,https://www.president.go.kr/speeches/I12znUog
president_go_cdZ2XOZ1,이재명,president.go.kr,https://www.president.go.kr/speeches/cdZ2XOZ1
president_go_zcQ2A2D7,이재명,president.go.kr,https://www.president.go.kr/speeches/zcQ2A2D7
president_go_WCToH8yC,이재명,president.go.kr,https://www.president.go.kr/speeches/WCToH8yC
president_go_LR1wVdhs,이재명,president.go.kr,https://www.president.go.kr/speeches/LR1wVdhs
president_go_gGs7rSI9,이재명,president.go.kr,https://www.president.go.kr/speeches/gGs7rSI9
president_go_D98WJ2gY,이재명,president.go.kr,https://www.president.go.kr/speeches/D98WJ2gY
president_go_F52DMqwS,이재명,president.go.kr,https://www.president.go.kr/speeches/F52DMqwS
president_go_eHIyRLY0,이재명,president.go.kr,https://www.president.go.kr/speeches/eHIyRLY0
president_go_TKOMP9k3,이재명,president.go.kr,https://www.president.go.kr/speeches/TKOMP9k3
president_go_ykM2uPlW,이재명,president.go.kr,https://www.president.go.kr/speeches/ykM2uPlW
president_go_Bzz5ajsK,이재명,president.go.kr,https://www.president.go.kr/speeches/Bzz5ajsK
korea_132038620,이재명,korea.kr,https://www.korea.kr/briefing/speechView.do?newsId=132038620
korea_132038619,이재명,korea.kr,https://www.korea.kr/briefing/speechView.do?newsId=132038619
korea_132038610,이재명,korea.kr,https://www.korea.kr/briefing/speechView.do?newsId=132038610
korea_132038606,이재명,korea.kr,https://www.korea.kr/briefing/speechView.do?newsId=132038606
korea_132038605,이재명,korea.kr,https://www.korea.kr/briefing/speechView.do?newsId=132038605
korea_132038601,이재명,korea.kr,https://www.korea.kr/briefing/speechView.do?newsId=132038601
korea_132038599,이재명,korea.kr,https://www.korea.kr/briefing/speechView.do?newsId=132038599
korea_132038597,이재명,korea.kr,https://www.korea.kr/briefing/speechView.do?newsId=132038597
korea_132038596,이재명,korea.kr,https://www.korea.kr/briefing/speechView.do?newsId=132038596
korea_132038593,이재명,korea.kr,https://www.korea.kr/briefing/speechView.do?newsId=132038593
korea_132038591,이재명,korea.kr,https://www.korea.kr/briefing/speechView.do?newsId=132038591
korea_132038588,이재명,korea.kr,https://www.korea.kr/briefing/speechView.do?newsId=132038588
korea_132038587,이재명,korea.kr,https://www.korea.kr/briefing/speechView.do?newsId=132038587
korea_132038586,이재명,korea.kr,https://www.korea.kr/briefing/speechView.do?newsId=132038586
korea_132038583,이재명,korea.kr,https://www.korea.kr/briefing/speechView.do?newsId=132038583
korea_132038575,이재명,korea.kr,https://www.korea.kr/briefing/speechView.do?newsId=132038575
korea_132038573,이재명,korea.kr,https://www.korea.kr/briefing/speechView.do?newsId=132038573
korea_132038571,이재명,korea.kr,https://www.korea.kr/briefing/speechView.do?newsId=132038571
korea_132038570,이재명,korea.kr,https://www.korea.kr/briefing/speechView.do?newsId=132038570
korea_132038550,이재명,korea.kr,https://www.korea.kr/briefing/speechView.do?newsId=132038550
korea_132038548,이재명,korea.kr,https://www.korea.kr/briefing/speechView.do?newsId=132038548
korea_132038545,이재명,korea.kr,https://www.korea.kr/briefing/speechView.do?newsId=132038545
korea_132038544,이재명,korea.kr,https://www.korea.kr/briefing/speechView.do?newsId=132038544
korea_132038533,이재명,korea.kr,https://www.korea.kr/briefing/speechView.do?newsId=132038533
korea_132038531,이재명,korea.kr,https://www.korea.kr/briefing/speechView.do?newsId=132038531
korea_132038528,이재명,korea.kr,https://www.korea.kr/briefing/speechView.do?newsId=132038528
korea_132038527,이재명,korea.kr,https://www.korea.kr/briefing/speechView.do?newsId=132038527
korea_132038518,이재명,korea.kr,https://www.korea.kr/briefing/speechView.do?newsId=132038518
korea_132038516,이재명,korea.kr,https://www.korea.kr/briefing/speechView.do?newsId=132038516
korea_132038514,이재명,korea.kr,https://www.korea.kr/briefing/speechView.do?newsId=132038514
korea_132038509,이재명,korea.kr,https://www.korea.kr/briefing/speechView.do?newsId=132038509
korea_132038508,이재명,korea.kr,https://www.korea.kr/briefing/speechView.do?newsId=132038508
korea_132038507,이재명,korea.kr,https://www.korea.kr/briefing/speechView.do?newsId=132038507
korea_132038506,이재명,korea.kr,https://www.korea.kr/briefing/speechView.do?newsId=132038506
korea_132038505,이재명,korea.kr,https://www.korea.kr/briefing/speechView.do?newsId=132038505
korea_132038503,이재명,korea.kr,https://www.korea.kr/briefing/speechView.do?newsId=132038503
korea_132038500,이재명,korea.kr,https://www.korea.kr/briefing/speechView.do?newsId=132038500
korea_132038499,이재명,korea.kr,https://www.korea.kr/briefing/speechView.do?newsId=132038499
korea_132038498,이재명,korea.kr,https://www.korea.kr/briefing/speechView.do?newsId=132038498
korea_132038497,이재명,korea.kr,https://www.korea.kr/briefing/speechView.do?newsId=132038497
korea_132038496,이재명,korea.kr,https://www.korea.kr/briefing/speechView.do?newsId=132038496
korea_132038495,이재명,korea.kr,https://www.korea.kr/briefing/speechView.do?newsId=132038495
korea_132038494,이재명,korea.kr,https://www.korea.kr/briefing/speechView.do?newsId=132038494
korea_132038490,이재명,korea.kr,https://www.korea.kr/briefing/speechView.do?newsId=132038490
korea_132038466,이재명,korea.kr,https://www.korea.kr/briefing/speechView.do?newsId=132038466
korea_132038464,이재명,korea.kr,https://www.korea.kr/briefing/speechView.do?newsId=132038464
korea_132038463,이재명,korea.kr,https://www.korea.kr/briefing/speechView.do?newsId=132038463
korea_132038460,이재명,korea.kr,https://www.korea.kr/briefing/speechView.do?newsId=132038460
korea_132038453,이재명,korea.kr,https://www.korea.kr/briefing/speechView.do?newsId=132038453
korea_132038452,이재명,korea.kr,https://www.korea.kr/briefing/speechView.do?newsId=132038452
korea_132038451,이재명,korea.kr,https://www.korea.kr/briefing/speechView.do?newsId=132038451
korea_132038448,이재명,korea.kr,https://www.korea.kr/briefing/speechView.do?newsId=132038448
korea_132038446,이재명,korea.kr,https://www.korea.kr/briefing/speechView.do?newsId=132038446
korea_132038445,이재명,korea.kr,https://www.korea.kr/briefing/speechView.do?newsId=132038445
korea_132038436,이재명,korea.kr,https://www.korea.kr/briefing/speechView.do?newsId=132038436
korea_132038435,이재명,korea.kr,https://www.korea.kr/briefing/speechView.do?newsId=132038435
korea_132038422,이재명,korea.kr,https://www.korea.kr/briefing/speechView.do?newsId=132038422
korea_132038421,이재명,korea.kr,https://www.korea.kr/briefing/speechView.do?newsId=132038421
korea_132038420,이재명,korea.kr,https://www.korea.kr/briefing/speechView.do?newsId=132038420
korea_132038417,이재명,korea.kr,https://www.korea.kr/briefing/speechView.do?newsId=132038417
korea_132038416,이재명,korea.kr,https://www.korea.kr/briefing/speechView.do?newsId=132038416
korea_132038415,이재명,korea.kr,https://www.korea.kr/briefing/speechView.do?newsId=132038415
korea_132038414,이재명,korea.kr,https://www.korea.kr/briefing/speechView.do?newsId=132038414
korea_132038407,이재명,korea.kr,https://www.korea.kr/briefing/speechView.do?newsId=132038407
korea_132038406,이재명,korea.kr,https://www.korea.kr/briefing/speechView.do?newsId=132038406
korea_132038388,이재명,korea.kr,https://www.korea.kr/briefing/speechView.do?newsId=132038388
korea_132038336,이재명,korea.kr,https://www.korea.kr/briefing/speechView.do?newsId=132038336
korea_132038326,이재명,korea.kr,https://www.korea.kr/briefing/speechView.do?newsId=132038326
korea_132038325,이재명,korea.kr,https://www.korea.kr/briefing/speechView.do?newsId=132038325
korea_132038319,이재명,korea.kr,https://www.korea.kr/briefing/speechView.do?newsId=132038319
korea_132038317,이재명,korea.kr,https://www.korea.kr/briefing/speechView.do?newsId=132038317
korea_132038316,이재명,korea.kr,https://www.korea.kr/briefing/speechView.do?newsId=132038316
korea_132038315,이재명,korea.kr,https://www.korea.kr/briefing/speechView.do?newsId=132038315
korea_132038314,이재명,korea.kr,https://www.korea.kr/briefing/speechView.do?newsId=132038314
korea_132038309,이재명,korea.kr,https://www.korea.kr/briefing/speechView.do?newsId=132038309
korea_132038296,이재명,korea.kr,https://www.korea.kr/briefing/speechView.do?newsId=132038296
korea_132038294,이재명,korea.kr,https://www.korea.kr/briefing/speechView.do?newsId=132038294
korea_132038270,이재명,korea.kr,https://www.korea.kr/briefing/speechView.do?newsId=132038270
korea_132038268,이재명,korea.kr,https://www.korea.kr/briefing/speechView.do?newsId=132038268
korea_132038266,이재명,korea.kr,https://www.korea.kr/briefing/speechView.do?newsId=132038266
korea_132038262,이재명,korea.kr,https://www.korea.kr/briefing/speechView.do?newsId=132038262
korea_132038236,이재명,korea.kr,https://www.korea.kr/briefing/speechView.do?newsId=132038236
korea_132038224,이재명,korea.kr,https://www.korea.kr/briefing/speechView.do?newsId=132038224
korea_132038209,이재명,korea.kr,https://www.korea.kr/briefing/speechView.do?newsId=132038209
korea_132038189,이재명,korea.kr,https://www.korea.kr/briefing/speechView.do?newsId=132038189
korea_132038188,이재명,korea.kr,https://www.korea.kr/briefing/speechView.do?newsId=132038188
korea_132038187,이재명,korea.kr,https://www.korea.kr/briefing/speechView.do?newsId=132038187
korea_132038181,이재명,korea.kr,https://www.korea.kr/briefing/speechView.do?newsId=132038181
korea_132038179,이재명,korea.kr,https://www.korea.kr/briefing/speechView.do?newsId=132038179
korea_132038176,이재명,korea.kr,https://www.korea.kr/briefing/speechView.do?newsId=132038176
korea_132038172,이재명,korea.kr,https://www.korea.kr/briefing/speechView.do?newsId=132038172
korea_132038171,이재명,korea.kr,https://www.korea.kr/briefing/speechView.do?newsId=132038171
korea_132038170,이재명,korea.kr,https://www.korea.kr/briefing/speechView.do?newsId=132038170
korea_132038157,이재명,korea.kr,https://www.korea.kr/briefing/speechView.do?newsId=132038157
korea_132038155,이재명,korea.kr,https://www.korea.kr/briefing/speechView.do?newsId=132038155
korea_132038156,이재명,korea.kr,https://www.korea.kr/briefing/speechView.do?newsId=132038156
korea_132038151,이재명,korea.kr,https://www.korea.kr/briefing/speechView.do?newsId=132038151
korea_132038147,이재명,korea.kr,https://www.korea.kr/briefing/speechView.do?newsId=132038147
korea_132038146,이재명,korea.kr,https://www.korea.kr/briefing/speechView.do?newsId=132038146
korea_132038141,이재명,korea.kr,https://www.korea.kr/briefing/speechView.do?newsId=132038141
korea_132038138,이재명,korea.kr,https://www.korea.kr/briefing/speechView.do?newsId=132038138
korea_132038136,이재명,korea.kr,https://www.korea.kr/briefing/speechView.do?newsId=132038136
korea_132038133,이재명,korea.kr,https://www.korea.kr/briefing/speechView.do?newsId=132038133
korea_132038127,이재명,korea.kr,https://www.korea.kr/briefing/speechView.do?newsId=132038127
korea_132038108,이재명,korea.kr,https://www.korea.kr/briefing/speechView.do?newsId=132038108
korea_132038106,이재명,korea.kr,https://www.korea.kr/briefing/speechView.do?newsId=132038106
korea_132038104,이재명,korea.kr,https://www.korea.kr/briefing/speechView.do?newsId=132038104
korea_132038103,이재명,korea.kr,https://www.korea.kr/briefing/speechView.do?newsId=132038103
korea_132038099,이재명,korea.kr,https://www.korea.kr/briefing/speechView.do?newsId=132038099
korea_132038096,이재명,korea.kr,https://www.korea.kr/briefing/speechView.do?newsId=132038096
korea_132038095,이재명,korea.kr,https://www.korea.kr/briefing/speechView.do?newsId=132038095
korea_132038092,이재명,korea.kr,https://www.korea.kr/briefing/speechView.do?newsId=132038092
korea_132038091,이재명,korea.kr,https://www.korea.kr/briefing/speechView.do?newsId=132038091
korea_132038090,이재명,korea.kr,https://www.korea.kr/briefing/speechView.do?newsId=132038090
korea_132038088,이재명,korea.kr,https://www.korea.kr/briefing/speechView.do?newsId=132038088
korea_132038087,이재명,korea.kr,https://www.korea.kr/briefing/speechView.do?newsId=132038087
korea_132038086,이재명,korea.kr,https://www.korea.kr/briefing/speechView.do?newsId=132038086
korea_132038079,이재명,korea.kr,https://www.korea.kr/briefing/speechView.do?newsId=132038079
korea_132038076,이재명,korea.kr,https://www.korea.kr/briefing/speechView.do?newsId=132038076
korea_132038075,이재명,korea.kr,https://www.korea.kr/briefing/speechView.do?newsId=132038075
korea_132038074,이재명,korea.kr,https://www.korea.kr/briefing/speechView.do?newsId=132038074
korea_132038073,이재명,korea.kr,https://www.korea.kr/briefing/speechView.do?newsId=132038073
korea_132038072,이재명,korea.kr,https://www.korea.kr/briefing/speechView.do?newsId=132038072
korea_132038071,이재명,korea.kr,https://www.korea.kr/briefing/speechView.do?newsId=132038071
korea_132038070,이재명,korea.kr,https://www.korea.kr/briefing/speechView.do?newsId=132038070
korea_132038069,이재명,korea.kr,https://www.korea.kr/briefing/speechView.do?newsId=132038069
korea_132038066,이재명,korea.kr,https://www.korea.kr/briefing/speechView.do?newsId=132038066
korea_132038056,이재명,korea.kr,https://www.korea.kr/briefing/speechView.do?newsId=132038056
korea_132038055,이재명,korea.kr,https://www.korea.kr/briefing/speechView.do?newsId=132038055
korea_132038054,이재명,korea.kr,https://www.korea.kr/briefing/speechView.do?newsId=132038054
korea_132038050,이재명,korea.kr,https://www.korea.kr/briefing/speechView.do?newsId=132038050
korea_132038048,이재명,korea.kr,https://www.korea.kr/briefing/speechView.do?newsId=132038048
korea_132038046,이재명,korea.kr,https://www.korea.kr/briefing/speechView.do?newsId=132038046
korea_132038044,이재명,korea.kr,https://www.korea.kr/briefing/speechView.do?newsId=132038044
korea_132038043,이재명,korea.kr,https://www.korea.kr/briefing/speechView.do?newsId=132038043
korea_132038041,이재명,korea.kr,https://www.korea.kr/briefing/speechView.do?newsId=132038041
korea_132037962,이재명,korea.kr,https://www.korea.kr/briefing/speechView.do?newsId=132037962
korea_132037961,이재명,korea.kr,https://www.korea.kr/briefing/speechView.do?newsId=132037961
korea_132037959,이재명,korea.kr,https://www.korea.kr/briefing/speechView.do?newsId=132037959
korea_132037958,이재명,korea.kr,https://www.korea.kr/briefing/speechView.do?newsId=132037958
korea_132037957,이재명,korea.kr,https://www.korea.kr/briefing/speechView.do?newsId=132037957
korea_132037956,이재명,korea.kr,https://www.korea.kr/briefing/speechView.do?newsId=132037956
korea_132037954,이재명,korea.kr,https://www.korea.kr/briefing/speechView.do?newsId=132037954
korea_132037953,이재명,korea.kr,https://www.korea.kr/briefing/speechView.do?newsId=132037953
korea_132037930,이재명,korea.kr,https://www.korea.kr/briefing/speechView.do?newsId=132037930
korea_132037931,이재명,korea.kr,https://www.korea.kr/briefing/speechView.do?newsId=132037931
korea_132037934,이재명,korea.kr,https://www.korea.kr/briefing/speechView.do?newsId=132037934
korea_132037933,이재명,korea.kr,https://www.korea.kr/briefing/speechView.do?newsId=132037933
korea_132037932,이재명,korea.kr,https://www.korea.kr/briefing/speechView.do?newsId=132037932
korea_132037935,이재명,korea.kr,https://www.korea.kr/briefing/speechView.do?newsId=132037935
korea_132037937,이재명,korea.kr,https://www.korea.kr/briefing/speechView.do?newsId=132037937
korea_132037938,이재명,korea.kr,https://www.korea.kr/briefing/speechView.do?newsId=132037938
korea_132037939,이재명,korea.kr,https://www.korea.kr/briefing/speechView.do?newsId=132037939
korea_132037940,이재명,korea.kr,https://www.korea.kr/briefing/speechView.do?newsId=132037940
korea_132037941,이재명,korea.kr,https://www.korea.kr/briefing/speechView.do?newsId=132037941
korea_132037942,이재명,korea.kr,https://www.korea.kr/briefing/speechView.do?newsId=132037942
korea_132037943,이재명,korea.kr,https://www.korea.kr/briefing/speechView.do?newsId=132037943
korea_132037902,이재명,korea.kr,https://www.korea.kr/briefing/speechView.do?newsId=132037902
korea_132037901,이재명,korea.kr,https://www.korea.kr/briefing/speechView.do?newsId=132037901
korea_132037900,이재명,korea.kr,https://www.korea.kr/briefing/speechView.do?newsId=132037900
korea_132037891,이재명,korea.kr,https://www.korea.kr/briefing/speechView.do?newsId=132037891
korea_132037890,이재명,korea.kr,https://www.korea.kr/briefing/speechView.do?newsId=132037890
korea_132037889,이재명,korea.kr,https://www.korea.kr/briefing/speechView.do?newsId=132037889
korea_132037883,이재명,korea.kr,https://www.korea.kr/briefing/speechView.do?newsId=132037883
korea_132037882,이재명,korea.kr,https://www.korea.kr/briefing/speechView.do?newsId=132037882
korea_132037881,이재명,korea.kr,https://www.korea.kr/briefing/speechView.do?newsId=132037881
korea_132037879,이재명,korea.kr,https://www.korea.kr/briefing/speechView.do?newsId=132037879
korea_132037878,이재명,korea.kr,https://www.korea.kr/briefing/speechView.do?newsId=132037878
korea_132037874,이재명,korea.kr,https://www.korea.kr/briefing/speechView.do?newsId=132037874
korea_132037870,이재명,korea.kr,https://www.korea.kr/briefing/speechView.do?newsId=132037870
korea_132037869,이재명,korea.kr,https://www.korea.kr/briefing/speechView.do?newsId=132037869
korea_132037868,이재명,korea.kr,https://www.korea.kr/briefing/speechView.do?newsId=132037868
korea_132037866,이재명,korea.kr,https://www.korea.kr/briefing/speechView.do?newsId=132037866
korea_132037864,이재명,korea.kr,https://www.korea.kr/briefing/speechView.do?newsId=132037864
korea_132037860,이재명,korea.kr,https://www.korea.kr/briefing/speechView.do?newsId=132037860
korea_132037857,이재명,korea.kr,https://www.korea.kr/briefing/speechView.do?newsId=132037857
korea_132037856,이재명,korea.kr,https://www.korea.kr/briefing/speechView.do?newsId=132037856
korea_132037853,이재명,korea.kr,https://www.korea.kr/briefing/speechView.do?newsId=132037853
korea_132037852,이재명,korea.kr,https://www.korea.kr/briefing/speechView.do?newsId=132037852
korea_132037847,이재명,korea.kr,https://www.korea.kr/briefing/speechView.do?newsId=132037847
korea_132037845,이재명,korea.kr,https://www.korea.kr/briefing/speechView.do?newsId=132037845
korea_132037843,이재명,korea.kr,https://www.korea.kr/briefing/speechView.do?newsId=132037843
korea_132037833,이재명,korea.kr,https://www.korea.kr/briefing/speechView.do?newsId=132037833
korea_132037830,이재명,korea.kr,https://www.korea.kr/briefing/speechView.do?newsId=132037830
korea_132037825,이재명,korea.kr,https://www.korea.kr/briefing/speechView.do?newsId=132037825
korea_132037823,이재명,korea.kr,https://www.korea.kr/briefing/speechView.do?newsId=132037823
korea_132037822,이재명,korea.kr,https://www.korea.kr/briefing/speechView.do?newsId=132037822
korea_132037820,이재명,korea.kr,https://www.korea.kr/briefing/speechView.do?newsId=132037820
korea_132037819,이재명,korea.kr,https://www.korea.kr/briefing/speechView.do?newsId=132037819
korea_132037818,이재명,korea.kr,https://www.korea.kr/briefing/speechView.do?newsId=132037818
korea_132037813,이재명,korea.kr,https://www.korea.kr/briefing/speechView.do?newsId=132037813
korea_132037812,이재명,korea.kr,https://www.korea.kr/briefing/speechView.do?newsId=132037812
korea_132037807,이재명,korea.kr,https://www.korea.kr/briefing/speechView.do?newsId=132037807
korea_132037804,이재명,korea.kr,https://www.korea.kr/briefing/speechView.do?newsId=132037804
korea_132037803,이재명,korea.kr,https://www.korea.kr/briefing/speechView.do?newsId=132037803
korea_132037802,이재명,korea.kr,https://www.korea.kr/briefing/speechView.do?newsId=132037802
korea_132037799,이재명,korea.kr,https://www.korea.kr/briefing/speechView.do?newsId=132037799
korea_132037798,이재명,korea.kr,https://www.korea.kr/briefing/speechView.do?newsId=132037798
korea_132037797,이재명,korea.kr,https://www.korea.kr/briefing/speechView.do?newsId=132037797
korea_132037795,이재명,korea.kr,https://www.korea.kr/briefing/speechView.do?newsId=132037795
korea_132037794,이재명,korea.kr,https://www.korea.kr/briefing/speechView.do?newsId=132037794
korea_132037788,이재명,korea.kr,https://www.korea.kr/briefing/speechView.do?newsId=132037788
korea_132037786,이재명,korea.kr,https://www.korea.kr/briefing/speechView.do?newsId=132037786
korea_132037783,이재명,korea.kr,https://www.korea.kr/briefing/speechView.do?newsId=132037783
korea_132037781,이재명,korea.kr,https://www.korea.kr/briefing/speechView.do?newsId=132037781
korea_132037779,이재명,korea.kr,https://www.korea.kr/briefing/speechView.do?newsId=132037779
korea_132037778,이재명,korea.kr,https://www.korea.kr/briefing/speechView.do?newsId=132037778
korea_132037777,이재명,korea.kr,https://www.korea.kr/briefing/speechView.do?newsId=132037777
korea_132037774,이재명,korea.kr,https://www.korea.kr/briefing/speechView.do?newsId=132037774
korea_132037773,이재명,korea.kr,https://www.korea.kr/briefing/speechView.do?newsId=132037773
korea_132037772,이재명,korea.kr,https://www.korea.kr/briefing/speechView.do?newsId=132037772
korea_132037770,이재명,korea.kr,https://www.korea.kr/briefing/speechView.do?newsId=132037770
korea_132037767,이재명,korea.kr,https://www.korea.kr/briefing/speechView.do?newsId=132037767
korea_132037766,이재명,korea.kr,https://www.korea.kr/briefing/speechView.do?newsId=132037766
korea_132037763,이재명,korea.kr,https://www.korea.kr/briefing/speechView.do?newsId=132037763
korea_132037762,이재명,korea.kr,https://www.korea.kr/briefing/speechView.do?newsId=132037762
korea_132037760,이재명,korea.kr,https://www.korea.kr/briefing/speechView.do?newsId=132037760
korea_132037758,이재명,korea.kr,https://www.korea.kr/briefing/speechView.do?newsId=132037758
korea_132037755,이재명,korea.kr,https://www.korea.kr/briefing/speechView.do?newsId=132037755
korea_132037744,이재명,korea.kr,https://www.korea.kr/briefing/speechView.do?newsId=132037744
korea_132037707,이재명,korea.kr,https://www.korea.kr/briefing/speechView.do?newsId=132037707
korea_132037698,이재명,korea.kr,https://www.korea.kr/briefing/speechView.do?newsId=132037698
korea_132037691,이재명,korea.kr,https://www.korea.kr/briefing/speechView.do?newsId=132037691
korea_132037690,이재명,korea.kr,https://www.korea.kr/briefing/speechView.do?newsId=132037690
korea_132037689,이재명,korea.kr,https://www.korea.kr/briefing/speechView.do?newsId=132037689
korea_132037683,이재명,korea.kr,https://www.korea.kr/briefing/speechView.do?newsId=132037683
korea_132037682,이재명,korea.kr,https://www.korea.kr/briefing/speechView.do?newsId=132037682
korea_132037681,이재명,korea.kr,https://www.korea.kr/briefing/speechView.do?newsId=132037681
korea_132037680,이재명,korea.kr,https://www.korea.kr/briefing/speechView.do?newsId=132037680
korea_132037675,이재명,korea.kr,https://www.korea.kr/briefing/speechView.do?newsId=132037675
korea_132037672,이재명,korea.kr,https://www.korea.kr/briefing/speechView.do?newsId=132037672
korea_132037671,이재명,korea.kr,https://www.korea.kr/briefing/speechView.do?newsId=132037671
korea_132037670,이재명,korea.kr,https://www.korea.kr/briefing/speechView.do?newsId=132037670
korea_132037669,이재명,korea.kr,https://www.korea.kr/briefing/speechView.do?newsId=132037669
korea_132037668,이재명,korea.kr,https://www.korea.kr/briefing/speechView.do?newsId=132037668
korea_132037667,이재명,korea.kr,https://www.korea.kr/briefing/speechView.do?newsId=132037667
korea_132037665,이재명,korea.kr,https://www.korea.kr/briefing/speechView.do?newsId=132037665
korea_132037662,이재명,korea.kr,https://www.korea.kr/briefing/speechView.do?newsId=132037662
korea_132037659,이재명,korea.kr,https://www.korea.kr/briefing/speechView.do?newsId=132037659
korea_132037658,이재명,korea.kr,https://www.korea.kr/briefing/speechView.do?newsId=132037658
korea_132037656,이재명,korea.kr,https://www.korea.kr/briefing/speechView.do?newsId=132037656
korea_132037655,이재명,korea.kr,https://www.korea.kr/briefing/speechView.do?newsId=132037655
korea_132037653,이재명,korea.kr,https://www.korea.kr/briefing/speechView.do?newsId=132037653
korea_132037650,이재명,korea.kr,https://www.korea.kr/briefing/speechView.do?newsId=132037650
korea_132037649,이재명,korea.kr,https://www.korea.kr/briefing/speechView.do?newsId=132037649
korea_132037648,이재명,korea.kr,https://www.korea.kr/briefing/speechView.do?newsId=132037648
korea_132037647,이재명,korea.kr,https://www.korea.kr/briefing/speechView.do?newsId=132037647
korea_132037645,이재명,korea.kr,https://www.korea.kr/briefing/speechView.do?newsId=132037645
korea_132037644,이재명,korea.kr,https://www.korea.kr/briefing/speechView.do?newsId=132037644
korea_132037643,이재명,korea.kr,https://www.korea.kr/briefing/speechView.do?newsId=132037643
korea_132037642,이재명,korea.kr,https://www.korea.kr/briefing/speechView.do?newsId=132037642
korea_132037639,이재명,korea.kr,https://www.korea.kr/briefing/speechView.do?newsId=132037639
korea_132037638,이재명,korea.kr,https://www.korea.kr/briefing/speechView.do?newsId=132037638
korea_132037637,이재명,korea.kr,https://www.korea.kr/briefing/speechView.do?newsId=132037637
korea_132037636,이재명,korea.kr,https://www.korea.kr/briefing/speechView.do?newsId=132037636
korea_132037635,이재명,korea.kr,https://www.korea.kr/briefing/speechView.do?newsId=132037635
korea_132037633,이재명,korea.kr,https://www.korea.kr/briefing/speechView.do?newsId=132037633
korea_132037632,이재명,korea.kr,https://www.korea.kr/briefing/speechView.do?newsId=132037632
korea_132037631,이재명,korea.kr,https://www.korea.kr/briefing/speechView.do?newsId=132037631
korea_132037630,이재명,korea.kr,https://www.korea.kr/briefing/speechView.do?newsId=132037630
korea_132037629,이재명,korea.kr,https://www.korea.kr/briefing/speechView.do?newsId=132037629
korea_132037627,이재명,korea.kr,https://www.korea.kr/briefing/speechView.do?newsId=132037627
korea_132037626,이재명,korea.kr,https://www.korea.kr/briefing/speechView.do?newsId=132037626
korea_132037622,이재명,korea.kr,https://www.korea.kr/briefing/speechView.do?newsId=132037622
korea_132037620,이재명,korea.kr,https://www.korea.kr/briefing/speechView.do?newsId=132037620
korea_132037619,이재명,korea.kr,https://www.korea.kr/briefing/speechView.do?newsId=132037619
korea_132037618,이재명,korea.kr,https://www.korea.kr/briefing/speechView.do?newsId=132037618
korea_132037617,이재명,korea.kr,https://www.korea.kr/briefing/speechView.do?newsId=132037617
korea_132037616,이재명,korea.kr,https://www.korea.kr/briefing/speechView.do?newsId=132037616
korea_132037614,이재명,korea.kr,https://www.korea.kr/briefing/speechView.do?newsId=132037614
korea_132037602,이재명,korea.kr,https://www.korea.kr/briefing/speechView.do?newsId=132037602
korea_132037601,이재명,korea.kr,https://www.korea.kr/briefing/speechView.do?newsId=132037601
korea_132037600,이재명,korea.kr,https://www.korea.kr/briefing/speechView.do?newsId=132037600
korea_132037599,이재명,korea.kr,https://www.korea.kr/briefing/speechView.do?newsId=132037599
korea_132037944,이재명,korea.kr,https://www.korea.kr/briefing/speechView.do?newsId=132037944
korea_132037945,이재명,korea.kr,https://www.korea.kr/briefing/speechView.do?newsId=132037945
korea_132037598,이재명,korea.kr,https://www.korea.kr/briefing/speechView.do?newsId=132037598
korea_132037946,이재명,korea.kr,https://www.korea.kr/briefing/speechView.do?newsId=132037946
korea_132037597,이재명,korea.kr,https://www.korea.kr/briefing/speechView.do?newsId=132037597
korea_132037947,이재명,korea.kr,https://www.korea.kr/briefing/speechView.do?newsId=132037947
korea_132037595,이재명,korea.kr,https://www.korea.kr/briefing/speechView.do?newsId=132037595
korea_132037948,이재명,korea.kr,https://www.korea.kr/briefing/speechView.do?newsId=132037948
korea_132037949,이재명,korea.kr,https://www.korea.kr/briefing/speechView.do?newsId=132037949
korea_132037594,이재명,korea.kr,https://www.korea.kr/briefing/speechView.do?newsId=132037594
korea_132037593,이재명,korea.kr,https://www.korea.kr/briefing/speechView.do?newsId=132037593
korea_132036085,윤석열,korea.kr,https://www.korea.kr/briefing/speechView.do?newsId=132036085
korea_132035793,윤석열,korea.kr,https://www.korea.kr/briefing/speechView.do?newsId=132035793
korea_132035176,윤석열,korea.kr,https://www.korea.kr/briefing/speechView.do?newsId=132035176
korea_132035129,윤석열,korea.kr,https://www.korea.kr/briefing/speechView.do?newsId=132035129
korea_132035082,윤석열,korea.kr,https://www.korea.kr/briefing/speechView.do?newsId=132035082
korea_132035049,윤석열,korea.kr,https://www.korea.kr/briefing/speechView.do?newsId=132035049
korea_132035066,윤석열,korea.kr,https://www.korea.kr/briefing/speechView.do?newsId=132035066
korea_132035064,윤석열,korea.kr,https://www.korea.kr/briefing/speechView.do?newsId=132035064
korea_132035063,윤석열,korea.kr,https://www.korea.kr/briefing/speechView.do?newsId=132035063
korea_132035041,윤석열,korea.kr,https://www.korea.kr/briefing/speechView.do?newsId=132035041
korea_132035035,윤석열,korea.kr,https://www.korea.kr/briefing/speechView.do?newsId=132035035
korea_132035034,윤석열,korea.kr,https://www.korea.kr/briefing/speechView.do?newsId=132035034
korea_132035032,윤석열,korea.kr,https://www.korea.kr/briefing/speechView.do?newsId=132035032
korea_132035030,윤석열,korea.kr,https://www.korea.kr/briefing/speechView.do?newsId=132035030
korea_132034855,윤석열,korea.kr,https://www.korea.kr/briefing/speechView.do?newsId=132034855
korea_132034854,윤석열,korea.kr,https://www.korea.kr/briefing/speechView.do?newsId=132034854
korea_132034847,윤석열,korea.kr,https://www.korea.kr/briefing/speechView.do?newsId=132034847
korea_132034589,윤석열,korea.kr,https://www.korea.kr/briefing/speechView.do?newsId=132034589
