id,year,newspaper,language,script,title,text,url
news_archive:CNTS-00093229648,1883,한성순보,Early Modern Korean,"Hanja, Hangeul",載磚沉海,"香港의 西字報에 『근래에 들으니 粤東의 豫備 船隻들이 磚石을 가득 싣고 있다가 만일 바다에서의 방어가 불리해질 경우 그 배들은 물밑으로 침몰시켜 적군의 함대들로 하여금 항구에 들어올 수 없게 한다』고 云云하는데, 그에 대해 살펴 보건대, 粤省의 大吏가 邊防을 정돈하기에 있는 힘을 다 하는데 어찌 겨우 배를 침몰시켜 항구를 막는 정도에 그치겠는가. 그 신문의 말한 바는 그 한 면만 알았을 뿐이라고 말할 수 있겠다",https://www.nl.go.kr/newspaper/detail.do?content_id=CNTS-00093229648
news_archive:CNTS-00093230797,1884,한성순보,Early Modern Korean,"Hanja, Hangeul",長人村,"西報에 다음과 같은 이야기가 실렸다. 아메리카 忙打拿省(몬테나 Montana)에 장인촌을 신설하였는데 이 마을에 살기를 희망하는 자는 반드시 관에서 실시하는 身長檢査를 받아 남자는 6척, 여자는 5척6촌 이상이어야 비로소 입촌하여 그곳에서 결혼하고 자녀를 기르면서 편안히 살 수 있다고 한다. 해설자는 말하기를 『서양 사람들은 일거리 만들기를 좋아하지만 한편으로는 깊은 생각을 하기도 한다. 그들이 이 마을을 만들어 장인만을 살게 하는 것은 아마도 신장이 큰 사람끼리 생활하며 자손을 길러 후일의 시험으로 삼으려는 것인 듯하니, 이도 格物의 일단이라 하겠다』고 하였다",https://www.nl.go.kr/newspaper/detail.do?content_id=CNTS-00093230797
news_archive:CNTS-00093230101,1884,한성순보,Early Modern Korean,"Hanja, Hangeul",廣印社,"성내에 또 광인사가 있는데, 각기 자본을 출자하여 별도로 한 회사를 설립하고 앞으로 서적을 板出하여 이익도 도모하고 문화 창달에 도움을 주기도 할 것이라 한다",https://www.nl.go.kr/newspaper/detail.do?content_id=CNTS-00093230101
news_archive:CNTS-00093231011,1884,한성순보,Early Modern Korean,"Hanja, Hangeul",프랑스 배가 어찌할 수 없게 되다,"같은 날짜 滬報에 의하면, 프랑스의 赫墨林戰船이 이전에 福州에서 좌초하에 빠져 나갈 수 없게 되었는데, 다른 배가 끌어서 香港에 도착하게 되었다. 그리고 배를 澳門(마카오)으로 옮겨 수리하려고 생각했다. 조사해 본 사람의 말에 의하면 이 배는 비교적 심하게 파손되어서 수리한다 하더라도 완성해서 쓰기 어려울 것이라 했다. 그러므로 프랑스인은 본국으로 돌아가 배를 분해하여 팔아서 경비나 충당하고자 생각한다고 한다. 생각컨대 중국이 독일에 의탁해서 배를 만들고자 하였으나 독일은 局外者의 의리를 지켜, 배가 오지 못하게 했다. 홍콩은 진실로 영구 땅이다. 지금 프랑스가 영국에 의탁해서 배를 수선하고자 하는데 영국이 그것을 거절하지 아니하니 영국은 어찌 국외자의 의리를 지키지 않는가. 전혀 이해할 수가 없구나",https://www.nl.go.kr/newspaper/detail.do?content_id=CNTS-00093231011
news_archive:CNTS-00093230274,1884,한성순보,Early Modern Korean,"Hanja, Hangeul",敎民들이 죽음을 당하다,"프랑스의 添士日報가 東京(통킹)에서 부쳐 온 편지를 접수해서 보도한데 의하면 월남에서 천주교를 받드는 사람들이 오래전부터 이미 國中에 많았는데 종전에는 프랑스의 보호를 받음으로써 아무런 탈없이 편안할 수 있었지만 근래에 전쟁으로 인하여 프랑스가 대략 통킹을 평정했다고는 하지만 그 힘이 천주교신자들에까지 미치지 않아서 드디어는 이들이 월남의 官兵들에게 마음대로 살육을 당했으니 그 참혹함은 말로써는 형용하기 어려울 정도이다.西曆으로 정월 초하룻날 藩河地方에서 갑자기 월남의 무인들이 산 위에서 衛兵들을 거느리고 敎民들이 거처하는 곳에 달려가서 傳敎人 1명과 敎人 7명을 잡아내서 바로 예배당 밖의 빈터에서 차례로 처형하고, 또 그들의 머리를 끊어 매달아서 대중에게 보이고 또 그렇게 한 뒤에 예배당마저도 불태웠으며 다시 隆登地方으로 가서 敎民 數名을 찾아 죽였으니 다음날 衛兵이 傳敎人이 敎人들과 함께 마을속에 숨어 있다는 것을 정탐해내었는데 바로 그 마을에 달려가서 전교인 1명과 교인 수명을 조사해서 찾아내어 역시 斬首하고는 그 마을마저 불살라버렸으니 불살린곳만도 세곳이나 되며 이밖에도 불사르고 헐린 교당이며 살육된 공인은 여럿 더 있다고 하니 소문대로는 일일이 열거할 수 없다. 어떤이는 이것은 반드시 월남조정의 어떤 지령을 받은 뒤에라야 이와같은 방자한 살육을 할 수 있다고 말하기도 한다. 또한 프랑스병이 宣泰(Son Tay)地方을 공격하여 빼앗은 뒤에 들은 소문은 中國의 某總督이 黑旗兵에게 어떤 문서를 발급하였다는데 그 글에 「교민들을 모조리 살육하되 그 자손을 남겨서 여독이 많도록은 하지 말라」고 했다는 것을 프랑스의 海軍提督인 孤拔(쿠베 Courbet)이 이소식을 듣고 獺頭號 砲船에 急命하기를 『빨리 藩河地方으로 달려가서 군대를 주둔시키고 保護를 서둘러서 그곳 敎民들이 참살당하는 것을 면하도록 하라』고 하였다는 것을 생각해보면, 월남 사람들 중 천주교를 받드는 자를 월남의 官員들이 지난날에는 감히 관여할 마음조차 하지 않았는데 이 보도를 살펴보면 월남 조정의 명령을 받았다고도 말하며 또 중국 어떤 총독이 黑旗에게 글을 주었다고도 한다. 이런 것들은 아마도 西人들에게 이런 소문을 듣도록 종용하여 서인들이 군사를 일으키는 것이 이유가 있다는 것을 보여서 훗날 和解때에 많은 賠償을 요구하기 위한 근거를 만들고자 한 것이 아니겠는가. 사리에 밝은 자가 그것을 열람한다면 반드시 불을 보듯 명백할 것이리라",https://www.nl.go.kr/newspaper/detail.do?content_id=CNTS-00093230274
news_archive:CNTS-00093230114,1884,한성순보,Early Modern Korean,"Hanja, Old Hangeul",中西公司異同說,"中國에는 본래 소위 公司라는 것이 없었는데, 泰西[서양]와 통상을 한 뒤로 중국 사람들은 서양인들이 수만리를 옴에 있어 길의 먼것과 풍파의 험한 것을 모두 불구하고 큰 자본을 가지고 왕래하면서 그 운영하는 규모나 기상이 中國과는 판연히 天淵의 차이가 있음을 보고, 이에 깊이 그 까닭을 생각한 끝에 서양인들의 경영이 恢廓하고 자본이 많은 것은 모두 다 공사 股分[株]을 이용해 千萬의 財力을 한 곳으로 모아 경영하기 때문에 一人一家의 힘과는 크게 다르다는 것을 알게 되었다. 中國 사람들이 그것을 보고 부러워하여 마침내 따라 法을 받아 一人이 倡導함에 많은 사람이 호응을 하였는데, 심지어 근년 이래로는 이러한 풍조가 크게 번져 公司가 많이 생겨 시중의 股分을 매매하는 자들로 一宗을 이루었고, 買空賣空[買占賣惜]하는 무리도 또한 그 가운데 錯出하여 날로 피폐함이 나타나고 폐단이 백출하여, 오늘날에 이르러서는 많은 사람들이 그 잘못을 공사에 돌리나 그 사실을 연구해 보면, 公司에서 족히 해를 끼친게 아니고 公司를 창립한 자가 경영를 잘 못함으로 인하여 생긴 폐해인 것이다. 본사에서는 앞서 中西公司의 異同說을 이미 대략 말했었다. 그러나 그 가운데에서도 同異의 구분이 오히려 존재하고 있다하겠다. 대저 이미 서양인들의 하는 것을 본 받아서 공사를 개설했으면 무릇 그 公司의 일체 모든 일까지도 마땅히 다시 서양법으로 시행하여야 할 것이다. 대개 서양인들은 이에 수많은 고통과 경험을 바탕으로 제정한 규례와 장정을 정밀한 가운데 더욱 정밀하게 하였기 때문에 자연히 이로움이 있고 폐단은 없게 되었으니, 그것을 모방해 시행하고 따라서 준수하여 그중에서 중국 사람들에게 맞지 않는 것이 있으면 점점 짐작하여 손익해가는 것이 진실로 옳은 방법인 것이다. 그런데도 中國의 여러 公司는 날로 생겨나지만 그러나 서양법을 본 받아 경영하는 공사는 한 두 곳에 불과하고, 그 나머지는 모두 중국식으로 시행하고 있는 실정이다. 장부에 있어서도 역시 마찬가지이다. 대저 公司에 장부를 두는 것은 통례이다. 中國과 서양인이 근본적으로는 같고 다름이 없는 것 같으나, 서양 公司의 장부는 공평하고 공개적이며, 中國 公司의 장부는 사사롭고 비공개적임을 알지 못해서이다. 이것이 서로 다른 점이다. 무엇을 두고 하는 말인가. 즉 서양의 각 公司는 己成 未成을, 또 이미 開辦했거나 못했거나를 물론하고, 혹 절반 정도만 開辦해도 이미 효력이 성립됨을 볼 수 있다. 公司의 모집한 날로부터 시작해서 一收와 一支를 모두 장부에 기재를 하여 그 機器를 구입하고, 地皮를 매입하고, 房屋을 짓고 하는 등의 큰 비용을 하나 하나 기록하지 않음이 없는 것이다. 公司가 이미 소집되고 股分이 이미 고륵0 되었더라도, 다만 開辦하는 데는 시일이 걸려 아직 開手하지 못했을 때에도 또한 반드시 收支한 것이 있으면 혹 한달에 한번 결산을 하거나, 혹은 매분기별로 한번 稽査를 하고, 매양 반년이 되면 틀림없이 통계를 분명히 뽑아 기록하여 여러 사람에게 볼 수 있도록 제공하는데, 公司]에서는 책자를 만들어 각 주주에게 보내는 것은 말할 것도 없다. 즉 新公司의 아직 開手하지 못한 곳도 살피건대 또한 반드시 淸單을 공개해서 이처럼 각 주주에게 제시하면 주를 소유한 모든 사람들이 불안한 마음을 갖지 않을 것이며, 一見에 公司의 경영하는 제군들이 大公 無我함을 알게 되고, 一見에 그 公司의 털끝만큼도 妄用이 없음을 알게 되어 여러 각 주주들도 역시 이간하는 말이 없게 되어 衆志가 서로 다 믿게 되리니, 이것이 바로 衆擎易擧함이며 공평하고 공개적인 것이다. 대저 中國의 公司는 그렇지 ᄆᄉ하니, 서양법을 따르는 몇몇 大公司를 제외하고는 그 나머지 각 公司인즉 이미 開辦한 者도 있고, 아직 개판하지 못한 者도 있으며, 절반쯤 개판하다가 중지한 者도 있으며, 절반쯤 개판하다가 확충한 자도 있고, 集股를 이미 끝내고도 아직 개판하지 못하여 기다리고 있는 자도 있으며, 개판을 먼저 하여 조금 그 단서를 시험해 보아 장래에 효과가 있기를 기다려 본 연후에 크게 시행하려고 하는 자도 있으나, 그 수지에 대한 각 장부는 公司의 직원들만이 알 뿐, 각 주주들은 懵然히 모르는 상태이다. 오직 알지 못하기 때문에 마침내 외인들의 疑議를 면치 못하고, 외인들이 疑心함으로 인하여 주식을 소유하고 있는 여러 사람 역시 걱정되어 감히 自安하지 못한다. 의심은 의심을 전하고 낭설은 낭설을 전하여, 그 공사의 모든 사무가 마침내 제지를 당하게 된다. 설사 제지까지는 받지 않는다고 하더라도 물의가 들끓으면 장차 어떻게 해명할 것인가. 또 주를 소유한 사람이 그대로 아무 말을 하지 않는다 하나, 모든 情理를 헤아려 보면 결국은 편안함을 얻지 못할 것이다. 가령 公司중에서 사람을 잘못 쓰면 장부를 비교할 근거가 없으므로 公司를 해치는 국면이 클 터인즉, 公司의 모든 사람들은 모두 맡은바 일을 부지런히 하여 한결같이 지극히 공평함을 기하도록 할 것이나, 각 주주들이 다만 모은 주식에 대한 수입만을 알게 하고 그 지출해 쓴 수는 모르게 한다면 또한 信實함을 보이지 못한 것이 된다. 일찍이 한 친구가 있는데 나에게 묻기를 『中國에 근래 주식을 발행하여 公司를 세우는 일들은 여러 사람의 힘을 모아 한가지 사업을 추진하는 것으로서 진실로 훌륭한 일이지만, 그러나 자금이 이미 集成되었어도 곧 바로 개판하지 아니하니 그 本銀이 모두 公司에 있거나 혹은 은행에 있어 능히 두루 융통되지 않는 까닭에 시중의 銀이 이렇게 긴박하니, 앞서 이러한 수十家 公司에서 銀은 동결시키지만 않았더라도 시중의 사정이 이같이 극한 지경에는 이르지 않았을 것 아닌가』 하였다. 나는 대답하기를 『그렇지만은 않다. 이미 公司가 集成되고 이미 資本銀이 모여서 만일 천만냥이라 할지라도 그것은 이미 안배해서 쓸 것이지 다만 저장해 두지 만은 않는 것이며, 또 일시적으로 곧바로 개판하지 못한다 하더라도 보관된 銀은 다음 쓸 기회를 기다리는 것이다. 銀原이 시중에 있어 유통되지 못한 것일 뿐이니, 현재 시중의 銀根의 질서가 무너져 긴박하게된 것이 어찌 오로지 그런 이유에서만이겠는가. 한갓 股分[株式]을 매매하는 사람이 본래 자기의 자본이 없이 남엑0서 빌어 사 모은 다음에 주식 값이 올라가면 팔아서 다시 빚을 갚지만, 주식 값이 떨어지면 손해 보는 것이 많아 형편상 빚을 갚을 수 없게 된다. 이 때문에 망한 사람이 한 둘이 아니다. 이것이 바로 市中의 질서를 깨드리고 銀의 유통을 막는 원인인 것이다. 만일 公司를 창설하는 사람이 모두 서양의 법을 본받아 收支의 각 장부에 털끝 만큼도 구차함이 없고 量入爲出하며, 체재를 분명히 하여 혹은 반년만에, 혹은 1년만에 그 淸單을 명백하게 昭示할 수 있게 만들어서 연말이 되면 각 주주들에게 모두 公司의 覈實하여 하나도 구차함이 없음을 알게 한다면 公司라는 것이 中國의 시장에 해를 끼치지 않을 뿐만 아니라 中國의 商務에도 또한 유익한 것이 될 것이다. 中國과 西洋의 人情이 또한 어찌 참으로 크게 서로 같지 않겠는가』 하였다",https://www.nl.go.kr/newspaper/detail.do?content_id=CNTS-00093230114
news_archive:CNTS-00093231163,1884,한성순보,Early Modern Korean,"Hanja, Hangeul",軍務密電,"22일 循環報에 『福建과 臺灣 督辦·軍務巡撫銜 劉福永이 總理衙門에 보내온 密電에 의하면 「프랑스인이 지난달 16일 基隆에서 敗退한 뒤 이달 10일 오후에 다시 兵船을 진수하여 항구에 정박시켰으나 아직 전쟁을 일으키는 사단은 없읍니다. 다만 계속 사신을 파견하여 臺灣, 臺北의 二府를 割當해 주기를 요구하고 있읍니다. 巴德諾脫(Bodoliere. G.)을 臺灣國王에 봉해주면, 영원히 중국에 조공할 것이며, 프랑스 통치하의 소속으로 하지 않을 것이라고 합니다. 만약 허락하지 않으면 15일을 기한으로 힘을 다하여 공격해서 臺灣을 점령하여 자주국으로 만들 것이며, 아울러 澎湖 舟山 冲繩 등을 취하여 여러 장수들에게 병사들을 내주어 각기 한섬을 차지하게 하여 앞으로 영구히 福建省 변경을 공격하겠다」고 애걸복걸하니 總署에 電文으로 주청했고 貴大臣의 電文이 와서 즉시 繕摺에 의거해서 들어가서 땅을 분할하는 것은 허락할 수 없다는 것을 알렸읍니다만 그 공사가 이미 프랑스 속지로 돌아갔읍니다. 만약 중국 조정에서 허락하여 관작을 내려주면 공법에 합당하더라도 프랑스가 이것을 빙자하여 사단을 만들어 兵士들의 모반이 있을까 두렵습니다. 그러니 防備에 충실해야 합니다. 諭旨가 있기를 기다려 다시 이 電信을 부쳤는데, 20일 오후 9시에 본 省署의 友人이 부쳐온 서신에 의하면 이날 신문 인쇄에서 태반이 小紙에 그 사실을 인쇄하여 각지에 보냈는데, 각 부두에 두루 알지 못할까 두렵습니다. 이에 다시 여러신문에 온 천하로 하여금 모두 다 巴德諾脫의 간계한 술책을 알게 하여 천운을 멸시하고 인륜을 저바리는 자를 다시 프랑스로 돌려보내지 않게 하였읍니다. 프랑스를 배반한 신하가 대만을 점령하게 한다면 우리 나라는 교활한 도적을 돕는 것이 됩니다. 무릇 반역한 신하를 죽이는 권한은 프랑스에 있고 교활한 도적을 죽이는 권한은 우리에게 있는 것입니다. 그렇다면 그게 성세를 내어 추악한 자를 도륙해서 제거해야 합니다. 오늘 바르게 할 일을 마땅히 빨리 처결해야 하는 것입니다』 라고 하였다",https://www.nl.go.kr/newspaper/detail.do?content_id=CNTS-00093231163
news_archive:CNTS-00093230371,1884,한성순보,Early Modern Korean,"Hanja, Hangeul",監理釜山港通商事務牒報,"이 달 9일 監理事務 李▣【金+憲】永이 정부에 첩보하기를 『甲申 2월 1일 出口·入口收稅를 책으로 만들어 올려보내기에 이에 첩보합니다』 하였다.甲申 2월 入口 當5錢 84兩7錢8分, 1백32文이 1元인데 합계 64元1角2仙7厘5毛이다. 1文錢5천4백1兩5錢4分, 5백50文이 1元인데 합계 9백82元9仙7厘5毛이다. 英銀 8백88元5角9仙, 出口 當5錢9兩8錢4分, 1백32文이 1元인데 합계 7元4角5仙2厘5模이다. 1文錢 4천2백10兩8錢8分, 5백50文이 1元인데 합계 7백65元6角1仙5厘, 英銀 3元6角, 噸稅 1文錢 4백22兩8錢4分, 5白文이 1元인데 합계 84元5角6仙7厘5毛, 英銀 2백43元, 총계 3천39元1角5仙에서 銀行局 경비 7元6角을 빼면 실제 합계액은 3천31원5角5仙이다",https://www.nl.go.kr/newspaper/detail.do?content_id=CNTS-00093230371
news_archive:CNTS-00093231597,1886,한성주보,Early Modern Korean,"Hanja, Hangeul",慶尙右兵謄補,"6월 13일 慶尙右道兵馬節度使 鄭麒澤이 謄報하기를 『지난달 20일 知禮縣의 戶外閑良 池右永의 14세 되는 딸아이가 大德山에 나물캐러 갔다가 호랑이에게 물려 죽었는데, 屍身에는 물린 흔적만이 있었고 곧 묻어버렸다 합니다. 사람이 물려 죽은 것이 극히 놀랍고 비참한 일인데 惡虎를 아직 잡지 못했으니 참으로 근심이 됩니다. 이름난 포수를 많이 선발하여 불일 내로 잡아 백성을 위험에서 구제하라는 뜻으로 이 邑에 엄하게 명령하였으므로 연유를 갖추어 등보합니다』고 하였다",https://www.nl.go.kr/newspaper/detail.do?content_id=CNTS-00093231597
news_archive:CNTS-00093231205,1886,한성주보,Early Modern Korean,"Hanja, Hangeul",議政府草記,"11월 26일 議政府에서 올린 草記는 이러하다. 『火賊이 떼지어 약탈하는 것이 이지경에 이르렀으니 驚歎과 통탄을 금할 수 없어 차라리 죽고만 싶읍니다. 도적들을 체포하는 것과 印符를 찾는 일을 잠시라도 소홀히 할 수가 없으니다. 官吏가 印符를 빼앗기는 것은 관계되는 바가 가볍지 않은 것이니 결단코 용서할 수가 없읍니다. 靈山縣監 尹成求는 화적의 준동을 엄하게 단속하지 못하였으니, 책임이 없지 않읍니다. 該府로 하여금 함께 잡아다 勘處하게 하소서』. 이에 대한 전교는 이러하다. 『두 현감은 특별히 조사하도록 하라. 그러나 우선은 戴罪擧行하게 하라』",https://www.nl.go.kr/newspaper/detail.do?content_id=CNTS-00093231205
news_archive:CNTS-00093090875,1896,,English,Latin,"TAccording to the eighth issue of the Mining Manual, by Mr. Walter R. Skinner, the world´s gold production","EXCHANGE.According to the eighth issue of the Mining Manual, by Mr. Walter R. Skinner, the world ́s gold production for 1895 was the largest of recent years, the total output amounting to 10,219,158oz , as against 9,540,101oz. in 1894, showing an increase of 679,057oz., with about £2, 376,700 over the production of 1894. Of this increase South Africa is responsible for 257,609oz., the United States for 193,451oz., and Australia for 158,441oz. South Africa, in this calculation, virtually means the Transvaal, inasmuch as Rholdesian mining is as yet in the unproductive stage. The fact is a significant one that South Africa during last year turned out no less than 2,281, 773oz. of gold. Even this ranks second in amount to the output of Australasia, which was 2,365,165oz. Considering that the deep level properties in the Rand have not been worked to any extent, and that Westralia has only, so far, been scratched, we may confidently look forward to a much bigger annual production in the course of the next few years. The total output of gold for 1895 represented a value of £33,767,000, which showed an increase on the output of 1894 of £2,376,700.Ex-Speaker of the House of Representatives of the U. S. Congress, Mr. Charles F. Crisp, died from Bright ́s disease augmented with pneumonia. He was one of the ablest statesmen in the Democratic party.The noted artist-author George du Maurier has died at his home in London.New York, October 1.?The Sun ́s Washington correspondent says: The present strength of the Asiatic fleet is to be maintained by the Navy Department. The orders sent to the Yorktown to return home have been revoked, and she is directed to remain attached to the station. Admiral McNair, commanding the fleet, has represented the necessity of continuing on the station a vessels of her draft, which in case of missionary troubles, could ascend the shallow rivers and afforrd protection. The other vessels of the fleet are of rather heavy drn◈ and for this reason can approach but few of the more important harbours. In a few days the little gunboat will go into the dry dock at Yokohama and be thoroughly overhauled, preparatory to seeking winter quarters far up some of the rivers near the missionary stations, where she will be placed in a mud dock similar to that in which the Petrel lay two years ago during the Chinese war.The fleet on this occasion has been enabled to practice drills on a scale equal to those practiced by vessels under Admiral Beardslee on the Pacific, although the number would not permit of such extensive manoeuvres as those gone through by the home fleet. For the past two months ships have been undergoing evolutions in the China Sea, and are now at Yokohama, making ready for another series of movements. Admiral McNair will make Shanghai his headquarters during the next six months.Russia and Denmark have formed an alliance.A terrible tornado in Texas did considerable damage on Oct. 28th.The Pacific Cable Commission was to meet in London on November 9th.The Czar and Czarina left Darmstadt on Oct. 29th for Russia. The Czar was very much pleased with his tour of Europe.The London Globe says that if Spain wins in the fight with Cuba, the possession of the island is almost equivalent to bankruptcy.The U. S. Secretary of the Navy and Secretary of War will, in their annual reports, recommend the strengthening of both branches of the service",https://www.nl.go.kr/newspaper/detail.do?content_id=CNTS-00093090875
news_archive:CNTS-00093090635,1896,,English,Latin,The people of Seoul are to be congratulated upon having a Governor in the person of,"EDITORIAL.The people of Seoul are to be congratulated upon having a Governor in the person of Mr. Ye Cha Yun. The gentleman is well known to the majority of the foreign residents in Seoul, and whose reputation for an enlightened and progressive official will be corroborated by many others than ourselves. His long residence in Washington, D. C., has given him vast opportunities for acquiring a thorough knowledge of municipal management.. The city of Washington is considered by travelers of the world as one of the cleanest, most salubrious, and perfectly managed of municipalities. Mr. Ye made an especial study of the systems governing the American Capital and it has been his ambition to make use of his knowledge in his own country. He was made Governor last year and he had just begun to practically apply his knowledge when the disturbance of October occurred. He was compelled to give up his cherished hopes with his office and went to the country. But now he is again at the head of the city Goverment, under the most auspicious eircumstances. He has the confidence of His Majesty, the respect of his fellow officials and the good wishes of the foreigners. This will inspire him to redouble his zeal and put forth his best ability to bring about needed reformation in the Capital of his country. But the present system of the city government is so peculiar in itself that the Governor is handicapped by having no police authority under his control. The Chief of Police is not under the direction of the Governor, but is an independent official; therefore, the Governor may issue regulations, or orders, directing the people to observe the municipal ordinances; but he is at the mercy of the Chief of Police in enforcing these orders. Our readers may know by this time that the Chief of Police is not in sympathy with progressive ideas; hence, whatever tie Governor may desire to do, he will not receive the cooperation of the present Chief.If the Government is really anxious to have improvements in the city, the Governor ought to be provided with the means by which he can enforce his orders; without which, nothing can be accomplished. However, the new Governor is young, energetic and conscicntions; and he will find the ways of accomplishing a great deal of good by reasoning patiently with his people. We earnestly hope that Mr. Ye Cha Yun will be to Seoul what L ́enfant and Governor Shepherd were to Washingtonthe city which he desires to take as an example for the improvement of Seoul",https://www.nl.go.kr/newspaper/detail.do?content_id=CNTS-00093090635
news_archive:CNTS-00093090058,1896,,English,Latin,"Lieut. Ham Eun Chun reports that his troops disper ed the rebels in Nang-Chun district, and chased them into","Lieut. Ham Eun Chun reports that his troops disper ed the rebels in Nang-Chun district, and chased them into Hyo-Yang where the fleeing rebels were joined by another band of their friends and attempted to resist the pursuing column. But they were again defeated and retreated to the mountains. The Lieutenant and his company are still pursuing them. He further reports that his troops found the reteating rebels in Bai-Duk Mountain two days later, and gave them a sharp fight. They were completely broken up and scattered in every direction and several hundred were killed and wounded. After the battle the victorious troops found a great quantity of provisions, horses and cattle in the rebel camps and distributed the trophies among the panic-stricken people in that district",https://www.nl.go.kr/newspaper/detail.do?content_id=CNTS-00093090058
news_archive:CNTS-00093089469,1896,,English,Latin,The Governor of Hai Ju has not been doing his duty and was tried by the Supreme Court and was convicted of,The Governor of Hai Ju has not been doing his duty and was tried by the Supreme Court and was convicted of misdemeanor. He was sentenced to 100 blows and three years imprisonment with hard labor,https://www.nl.go.kr/newspaper/detail.do?content_id=CNTS-00093089469
news_archive:CNTS-00093090125,1896,,English,Latin,"The O. O. Steamer Gaelic collided with a-junk in Shimonoseki straits, and struck the Yoibe rocks. The bottom","The O. O. Steamer Gaelic collided with a-junk in Shimonoseki straits, and struck the Yoibe rocks. The bottom of the ship was damaged and will undergo temporary repairs in Shimonoseki. The passengers were all safe",https://www.nl.go.kr/newspaper/detail.do?content_id=CNTS-00093090125
news_archive:CNTS-00098986347,1896,독립신문(서재필),Modern Korean,Hangeul,관보 칠월 이십팔일 죵묘셔 령 셔슌,○ 죵묘셔 령 셔슌 국쟝 위원 홍봉  국쟝 도감 안지승 남계셕 산능 도감 리돈 명 시죵 리인우 영션쟝 강건 온능 참봉 리용규 쥬 규쟝원 오인션 젼션 김병옥 탁지부 대신 셔리 무 리졍  군슈 안악 졍한죠 무쟝 졍도원 죵셩 심의용 쟝긔 김신용 풍긔 김슉 강진 오쳘션 협곡 심흥 고셩 김졍근 함챵 졍긔욱 진산 유진만 금셩 강용구 쟝슈 졍팔 옥쳔 한량리 량쳔 윤필영 진안 리 진쳔 리 운봉 문챵셕 즁츄원 의관 김규홍 고영쥬 김구현 죠병필 죠존우 오슌영 김죵원 림대쥰 림 부위 죠희범 군슈 옥쳔 졍윤영 진산 김영년 진안 심능경 쟝슈 유일환 협곡 졍셥 면본관 고셩 대쟝 김졍근 명휘직 군슈 안악 유긔대 함챵 리근쳘 무쟝 민호 강진 리규하 쟝긔 윤셩원 운봉 리의형 의원 면본관,https://www.nl.go.kr/newspaper/detail.do?content_id=CNTS-00098986347
news_archive:CNTS-00098985970,1896,독립신문(서재필),Modern Korean,Hangeul,셩부 경무관보 윤즁구씨가 직무샹에 잘 못것도 업고  쳥원셔,○ 셩부 경무관보 윤즁구씨가 직무샹에 잘 못것도 업고  쳥원셔 일도 업시 륙월 이일에 의원 면본관을 당 엿스니 이거시 새규칙인지 알슈 업더라 잡보 연쇽,https://www.nl.go.kr/newspaper/detail.do?content_id=CNTS-00098985970
news_archive:CNTS-00098986363,1896,독립신문(서재필),Modern Korean,Hangeul,관보 칠월 삼십일 궁부 특진관 리우면,○ 궁부 특진관 리우면 시독 셔병션 온능 참봉 윤대영 쟝례원 쥬 엄쥬원 림시 독 윤덕영 온능 참봉 류일졍 의원 면본관,https://www.nl.go.kr/newspaper/detail.do?content_id=CNTS-00098986363
news_archive:CNTS-00098987398,1896,독립신문(서재필),Modern Korean,Hangeul,츙쳥 남도 관찰 리건하씨의 잘 못 일을,○ 츙쳥 남도 관찰 리건하씨의 잘 못 일을 이왕 신문에 긔 엿 더니 리건하씨가 그신문을 보고 다라 요이 죠심을 우 다니 늘 죠심을 여야지 잠시 죠심은 쓸 업슬듯 더라,https://www.nl.go.kr/newspaper/detail.do?content_id=CNTS-00098987398
news_archive:CNTS-00093096752,1897,,English,Latin,JUST ABOUT THE BICYCLE,"JUST ABOUT THE BICYCLE.When a man walks a mile it is said he takes on an average 3,263 steps, lifting the weight of his body with each step. When he rides a bicycle of the average gear he covers a mile with the equivalent of only 627 steps, requires less force, bears no burden and covers the same distance in less than one-third the time.Don ́t neglect your personal appearance just because you ride a wheel. A neat machine deserves a neat rider.When you feel surprised at your speed a wheel, don ́t forget if there is a wind behind you, there is a lot of wind ahead of you on the return journey.After a wet ride, clean your machine immediately. The mud will come off much easier before it dries.Never start riding at a fast pace. Commence gently at first and gradually get into your habitual swing. You will be able to go twice as far, and finish your ride twice as fresh as would otherwise be the case",https://www.nl.go.kr/newspaper/detail.do?content_id=CNTS-00093096752
news_archive:CNTS-00093096531,1897,,English,Latin,"Mrs. A. M. Ballinger, formerly matron of a Chinese girls´ school in San Francisco","Mrs. A. M. Ballinger, formerly matron of a Chinese girls ́ school in San Francisco, also arrived by the same steamer. She comes to the East as an independent worker and for the present will be associated with the missionaries at Songdo",https://www.nl.go.kr/newspaper/detail.do?content_id=CNTS-00093096531
news_archive:CNTS-00093095454,1897,,English,Latin,MAKING SOUPS FROM FRUIT,"MAKING SOUPS FROM FRUIT.Fruit soups are made from sweetened and thickened fruit juices, and can be made from currants, oranges, cranberries, and a mixture of currants and raspberries. Press sufficient fruit to make one pint of juice. Moisten a tablespoonful of arrowroot in a little cold water, add to it gradually a pint of boiling water; add sugar according to the nature of the fruit used. Let this puree stand a a moment, then take from the fire and add the fruit juice. At serving time fill a punch-bowl half full of cracked ice, pour in the fruit soup and it is ready to serve. These fruit soups are usually served at the beginning of a company luncheon",https://www.nl.go.kr/newspaper/detail.do?content_id=CNTS-00093095454
news_archive:CNTS-00093096674,1897,,English,Latin,The Union church weekly prayer meeting will be held this evening at the residence,"LOCAL ITEMS.The Union church weekly prayer meeting will be held this evening at the residence of Dr. Reid. Rev. Eugene Bell, leader",https://www.nl.go.kr/newspaper/detail.do?content_id=CNTS-00093096674
news_archive:CNTS-00093097344,1897,,English,Latin,NOTICE TO CORRESPONDENTS,"NOTICE TO CORRESPONDENTS.No attention will be paid to anonymous communications. All letters or communications should be addressed to THE INDEPENDENT, Seoul, Korea, and all remittances should be made to the same. Delivered free anywhere in Seoul. For all points outside the postage will be extra",https://www.nl.go.kr/newspaper/detail.do?content_id=CNTS-00093097344
news_archive:CNTS-00093094301,1897,,English,Latin,"J. N. Jordan, Esq., H. B. M. Consul-General, received a telegram from the Marquis","LOCAL ITMES.J. N. Jordan, Esq., H. B. M. Consul-General, received a telegram from the Marquis of Salisbury last Sunday, announcing that Her Majesty the Queen had been pleased to confer upon Mr. Jordan the \""Companionship of the Order of St. Michael and St. George.\"" We congratulate Mr. Jordan for this new honor which he deservedly merits",https://www.nl.go.kr/newspaper/detail.do?content_id=CNTS-00093094301
news_archive:CNTS-00093095660,1897,,English,Latin,SEOUL BRANCH OF THE DAI ICHI GINKO LIMITED OF TOKYO,"SEOUL BRANCH OF THE DAI ICHI GINKO LIMITED OF TOKYO, JAPAN.Paid up Capital, 90,000 Shares of $50.00 each. 4,500,000.BRANCHES AND AGENCIES. and Rates of Exchange.Tokyo 7.10 per cent: Yokohama 7.10 per cent: Osaka 6.10 per cent: Yokkaichi 7.10 per cent: Kiyoto 7.10 per cent: Niigala 7.10 per cent: Nagoya 7.10 per cent: Fusan 1.2 per cent: Shimonoseki 6.10 per cent: Nagasaki 6.10 per cent: Shanghai 4.10: Gensan 6.10 per cent: Chemulpo 1.10 per cent: Kobe 6.10 per cent.INTEREST IS ALLOWED AS FOLLOWS:A. On Current Account, One cent per $100 per day on Daily Balance of $100.00 and over.B. On fixed Deposits for 12 months at 61⁄2 per cent.C. On fixed Deposits for 6 months at 51⁄2 per cent.D. On fixed Deposits for 3 months at 41⁄2 per cent.Interest on money overdrawn on Current Accounts is calculated at the rate of 4 cents per $100.00 per day.12-30",https://www.nl.go.kr/newspaper/detail.do?content_id=CNTS-00093095660
news_archive:CNTS-00093092282,1897,,English,Latin,THE INDEPENDENT,"THE INDEPENDENT.IS THE BEST MEDIUM FOR ADVERTISEMENTS. IF YOU DESIRE TO INCREASE YOUR TRADE IN KOREA, ADVERTISE IN THE INDEPENDENT",https://www.nl.go.kr/newspaper/detail.do?content_id=CNTS-00093092282
news_archive:CNTS-00093096049,1897,,English,Latin,SEOUL BRANCH OF THE DAI ICHI GINKO LIMITED OF TOKYO,"SEOUL BRANCH OF THE DAI ICHI GINKO LIMITED OF TOKYO, JAPAN.Paid up Capital, 90,000 Shares of $50.00 each. 4,500,000.BRANCHES AND AGENCIES. and Rates of Exchange.Tokyo 7.10 per cent: Yokohama 7.10 per cent: Osaka 6.10 per cent: Yokkaichi 7.10 per cent: Kiyoto 7.10 per cent: Niigala 7.10 per cent: Nagoya 7.10 per cent: Fusan 1.2 per cent: Shimonoseki 6.10 per cent: Nagasaki 6.10 per cent: Shanghai 4.10: Gensan 6.10 per cent: Chemulpo 1.10 per cent: Kobe 6.10 per cent.INTEREST IS ALLOWED AS FOLLOWS:A. On Current Account, One cent per $100 per day on Daily Balance of $100.00 and over.B. On fixed Deposits for 12 months at 61⁄2 per cent.C. On fixed Deposits for 6 months at 51⁄2 per cent.D. On fixed Deposits for 3 months at 41⁄2 per cent.Interest on money overdrawn on Current Accounts is calculated at the rate of 4 cents per $100.00 per day.12-30",https://www.nl.go.kr/newspaper/detail.do?content_id=CNTS-00093096049
news_archive:CNTS-00093091889,1897,,English,Latin,SEOUL BRANCH OF THE DAI ICHI GINKO LIMITED OF TOKYO,"SEOUL BRANCH OF THE DAI ICHI GINKO LIMITED OF TOKYO, JAPAN.Paid up Capital, 90,000 Shares of $50.00 each. 4,500,000.BRANCHES AND AGENCIES. and Rates of Exchange.Tokyo 7.10 per cent: Yokohama 7.10 per cent: Osaka 6.10 per cent: Yokkaichi 7.10 per cent: Kiyoto 7.10 per cent: Niigala 7.10 per cent: Nagoya 7.10 per cent: Fusan 1.2 per cent: Shimonoseki 6.10 per cent: Nagasaki 6.10 per cent: Shanghai 4.10: Gensan 6.10 per cent: Chemulpo 1.10 per cent: Kobe 6.10 per cent.INTEREST IS ALLOWED AS FOLLOWS:A. On Current Account, One cent per $100 per day on Daily Balance of $100.00 and over.B. On fixed Deposits for 12 months at 61⁄2 per cent.C. On fixed Deposits for 6 months at 51⁄2 per cent.D. On fixed Deposits for 3 months at 41⁄2 per cent.Interest on money overdrawn on Current Accounts is calculated at the rate of 4 cents per $100.00 per day.Customers are requested to send their passbooks at earliest convenience to balance accounts to the 31st of Dec. 1896",https://www.nl.go.kr/newspaper/detail.do?content_id=CNTS-00093091889
news_archive:CNTS-00093097747,1897,,English,Latin,"The Independent is the only English newspaper in Korea and, having unique opportunties","ADVERTISEMENTS.The Independent is the only English newspaper in Korea and, having unique opportunoies for obtaining reliable news it offers the public fairly accurate information on all Korean topics. It has correspondents in the various ports aod proposes to represent not only Seoul but all Korea in its columns.As an advertising medium, of course The Independent offers unsurpassed opportunities to those who wish to secure a share of the rapidly growing Korean trade. The advertising rates are as follows",https://www.nl.go.kr/newspaper/detail.do?content_id=CNTS-00093097747
news_archive:CNTS-00093097015,1897,,English,Latin,J. GAILLARD JEUNE,"J. GAILLARD JEUNE.No. 1. Main St.Chemulpo.I have just received a shipment of Champagne,Wines and Liquors,Preserves,Canned Fruits, Vegetables, Meats, Milk, Flour,Cigars, Tobacco,Dinner sets, Kitchen utensils, Lamps, Household articles.etc. etc. etc.I beg to inform the publie that I shall start a French Bakery shortly. The Bread will be made with the best American flour and by an expert Baker. A trial is earnestly solicited.J. Giacinti,Manager.8-28",https://www.nl.go.kr/newspaper/detail.do?content_id=CNTS-00093097015
news_archive:CNTS-00093097436,1897,,English,Latin,"The Prime Minister has sent in his resignation, but His Majesty has not accepted it","DEPARTMENTAL NEWS.The Prime Minister has sent in his resignation, but His Majesty has not accepted it",https://www.nl.go.kr/newspaper/detail.do?content_id=CNTS-00093097436
news_archive:CNTS-00093095279,1897,,English,Latin,SEOUL BRANCH OF THE DAI ICHI GINKO LIMITED OF TOKYO,"SEOUL BRANCH OF THE DAI ICHI GINKO LIMITED OF TOKYO, JAPAN.Paid up Capital, 90,000 Shares of $50.00 each. 4,500,000.BRANCHES AND AGENCIES. and Rates of Exchange.Tokyo 7.10 per cent: Yokohama 7.10 per cent: Osaka 6.10 per cent: Yokkaichi 7.10 per cent: Kiyoto 7.10 per cent: Niigala 7.10 per cent: Nagoya 7.10 per cent: Fusan 1.2 per cent: Shimonoseki 6.10 per cent: Nagasaki 6.10 per cent: Shanghai 4.10: Gensan 6.10 per cent: Chemulpo 1.10 per cent: Kobe 6.10 per cent.INTEREST IS ALLOWED AS FOLLOWS:A. On Current Account, One cent per $100 per day on Daily Balance of $100.00 and over.B. On fixed Deposits for 12 months at 61⁄2 per cent.C. On fixed Deposits for 6 months at 51⁄2 per cent.D. On fixed Deposits for 3 months at 41⁄2 per cent.Interest on money overdrawn on Current Accounts is calculated at the rate of 4 cents per $100.00 per day.12-30",https://www.nl.go.kr/newspaper/detail.do?content_id=CNTS-00093095279
news_archive:CNTS-00093092747,1897,,English,Latin,The number of prisoners in the city jail on the 31st of March was 237,DEPARTMENTAL NEWS.The number of prisoners in the city jail on the 31st of March was 237,https://www.nl.go.kr/newspaper/detail.do?content_id=CNTS-00093092747
news_archive:CNTS-00093096403,1897,,English,Latin,Appointments OCTOBER 5th,"GOVERNMENT GAZETTEOCTOBER 5th.Appointments :- Secretary of the Home Dep ́t, Choi Hunch ; Teachers of the Confucian School, Pad Haben, Min Ikhun",https://www.nl.go.kr/newspaper/detail.do?content_id=CNTS-00093096403
news_archive:CNTS-00093092916,1897,,English,Latin,KOREAN REPOSITORY,"READ THE KOREAN REPOSITORYIF YOU WANT MORE EXTENDED AND COMPLETE ACCOUNTS OF KOREAN MATTERS, SOCIAL, POLITICAL, HISTORICAL. AND ESPECIALLY RELIGIOUS. IT IS A MONTHLY OF FORTY PAGES",https://www.nl.go.kr/newspaper/detail.do?content_id=CNTS-00093092916
news_archive:CNTS-00093095232,1897,,English,Latin,BRITISH AND FOREIGN BIBLE SOCIETY,BRITISH AND FOREIGN BIBLE SOCIETY.(KOREAN AGENCY.)Korean New Testament (Ross ́ Version).Korean New Testament portions (Ross ́ Version).Korean Gospels & Acts. (New Version).Chinese Bibles and Testament (Delegate ́s Version) in various bindings.Chinese New Testament and portions (G. John ́s Version).For supplies kindly apply to the Agent.Alex. Kenmure.July 20th 1897. Seoul,https://www.nl.go.kr/newspaper/detail.do?content_id=CNTS-00093095232
news_archive:CNTS-00093097313,1897,,English,Latin,Resigned,"Resigned:?Imperial Grave Keepers, Kim Hongchu, Pak Yunghio; Chusa of the Imperial Farm, Im Yunghe",https://www.nl.go.kr/newspaper/detail.do?content_id=CNTS-00093097313
news_archive:CNTS-00098991361,1897,독립신문(서재필),Modern Korean,Hangeul,팔월  일본 우쳬젼보 국에셔 것은,○ 팔월  일본 우쳬젼보 국에셔 것은 돈이 십일 만원 가량인 작년 팔월에 비유 면 팔만 구쳔원 가랑이 느럿다더라,https://www.nl.go.kr/newspaper/detail.do?content_id=CNTS-00098991361
news_archive:CNTS-00098989567,1897,독립신문(서재필),Modern Korean,Hangeul,이달 십륙일 경운궁 역 셔,○ 이달 십륙일 경운궁 역 셔 병 위관  사과 아라샤 통변  평복 북도 셰명이 쳥국 사 명을 리며 시비 즉 역군들이 만류  즈음에 슌검 김봉규와 림슌엽이가 금지 거 그 위관과 평복 북도  셰명이 금지  슌검 림슌엽을  야 이놈 너 웬놈인다 고 발노 챠셔 업듸려 놋코 그 슌검의 찬 군도를 여 슌검을 어지려히 어 거의 쥭을 디경이고  역군 등 쟝션달 김션달을 무수 난타 야 즁히 샹 얏 역군 네명은 경무쳥에셔 잡아 가두엇다더라,https://www.nl.go.kr/newspaper/detail.do?content_id=CNTS-00098989567
news_archive:CNTS-00098987988,1897,독립신문(서재필),Modern Korean,Hangeul,일월 이십 이일 법부 대신 죠병식씨가,○ 일월 이십 이일 법부 대신 죠병식씨가 탁지부 대신 심샹훈씨의게 죠회 되 각 디방에 검 시보 일시라도 업시면 형샹에 구 기로 쟉년 구월 십구일에 검 시보 봉급과 여비 예산 즁에 지츌 일노 죠회 엿더니 탁지부 죠복에 명년도 예산도 즁에나 그봉급을 마련 겟다고 기에 법부 이년도 예산 즁에 라더니 탁지부에셔 그봉급을 업스니 쟉년 탁지부 죠복 의와 어긤이 잇슬더러 외도 샤법 졍이 뎨일 급무에 관계 기로 죠회 오니 안 후에 검 시보 봉급을 지츌 야 달나고 엿더라,https://www.nl.go.kr/newspaper/detail.do?content_id=CNTS-00098987988
news_archive:CNTS-00098991396,1897,독립신문(서재필),Modern Korean,"Hanja, Old Hangeul",셕탄광고,○ 진고 산일 샹회에셔 (山一商會) 평양 셕탄과 일본 셕탄을 만히 무역 야 셔울 룡산 졔물포에 지졈을 버리고 큰 쟝를  그 샹회에셔 파 셕탄은 품도 좃코 갑도 며 올에 일본 셕탄이 작년보다 빗 고로 미리 쥬문 거드면 게 살터이요 평양 무연탄도 풍범션으로 만히 실어다가 파니 누구던지 겨을에 쓸 셕탄을 미리 와셔 쥬문 시거드면 상등 셕탄을 게 살터이니 일긔가 치워지기를 기다리지 말고 쇽히 와셔 쥬문 시요 진고 뎨이번디 산일 샹회 룡산 산일 샹회 지졈 졔물포 산일 샹회 지졈,https://www.nl.go.kr/newspaper/detail.do?content_id=CNTS-00098991396
news_archive:CNTS-00098987942,1897,독립신문(서재필),Modern Korean,Hangeul,관보 일월 이십일일 쥬 즁츄원 안긔찬,○ 일월 이십일일 쥬 즁츄원 안긔찬 탁지부 김귀면 최봉학 림,https://www.nl.go.kr/newspaper/detail.do?content_id=CNTS-00098987942
news_archive:CNTS-00098991341,1897,독립신문(서재필),Modern Korean,Hangeul,풍긔 군슈 김슉씨 명에 유의 이라,○ 풍긔 군슈 김슉씨 명에 유의 이라 신식을 쥰 야 긔의 로비 삼십여구를 노아 평민을 들고  원노릇을 면셔 졍 상에 공평 념즉 다니 김씨 참 치샤  지라 다른 사들도 이 김씨의 업을 본 밧아 르이가 만 면 나라 일은  진보 야 졈졈 잘 되여 갈너라,https://www.nl.go.kr/newspaper/detail.do?content_id=CNTS-00098991341
news_archive:CNTS-00098987878,1897,독립신문(서재필),Modern Korean,Hangeul,관보 일월 십륙일 칙령 일 십 륙호,○ 칙령 일 십 륙호 관립 공립 쇼학교 교원 봉급의 시과 일 십 칠호 한셩 범 학교 교원 봉급의 시을 다 폐지 이라,https://www.nl.go.kr/newspaper/detail.do?content_id=CNTS-00098987878
news_archive:CNTS-00098991044,1897,독립신문(서재필),Modern Korean,Hangeul,요젼 일요일 셔울 쟝로교 교회에셔 명동 쟝악원 대쳥에 큰 회를 셜 고,○ 요젼 일요일 셔울 쟝로교 교회에셔 명동 쟝악원 대쳥에 큰 회를 셜 고 외 교민들이 모혀 긔도 며 연셜들  죠션 교우들도 만히 말 고 외국 사 즁에도 연셜 이가 만히 잇 미국 쟐로 교회 셔긔관 스피여씨가 이번에 셰계 가국으로 유람 며 각쳐 션교들  업을 시찰  일젼에 죠션에 와셔 평양 교회를 시찰 고 셔울노 와셔 이 교회 연회 참례를  그 조흔 연셜을 야 죠션 교우들을 반갑게 인더라 의 졔손씨와 젼 협판 윤치호씨도 연셜을 더라,https://www.nl.go.kr/newspaper/detail.do?content_id=CNTS-00098991044
news_archive:CNTS-00098991815,1897,독립신문(서재필),Modern Korean,Hangeul,쳥국 졍부 안에 영어  관원,○ 쳥국 졍부 안에 영어  관원들이 회를 모핫 회 일홈은 영어 회라 고 목젹인즉 회원들이 모혀 국민의 유죠  학문을 강론 야 외인의게들 들녀 주고 이 월보를 츌판 야 쳥국이 을 고 셰계 각국에 셧기도록 일을 고 권면  쳥국 졍부에 잇 고관들이 이 회의  일을 좃케 넉여 스로들 츔렴 야 일만 오쳔여원을 것으워 이 회에셔 인민교휵 무를 하 라고 엿다더라,https://www.nl.go.kr/newspaper/detail.do?content_id=CNTS-00098991815
news_archive:CNTS-00098992130,1897,독립신문(서재필),Modern Korean,Hangeul,츙쳥 남도 각쳐에 도젹이 만히 잇스니,○ 츙쳥 남도 각쳐에 도젹이 만히 잇스니 춍슌을 신칙 야 슌검을 동독 여 경찰 무를 실심으로 시 고 쟝 사들의 긴즁 물을 운젼 여 길에 왕  에 보호 여 나 쳥 거던 슌검 일 이 인식 별노히 파숑 여 보호 야 써 도젹놈의 참탈  환을 면케 여 주라고 부에셔 도 관찰부로 훈칙 엿다니 슌검 일 이인이 능히 도젹놈들을 막을지,https://www.nl.go.kr/newspaper/detail.do?content_id=CNTS-00098992130
news_archive:CNTS-00098991472,1897,독립신문(서재필),Modern Korean,Hangeul,요젼 일요일 오후 셰시에 독립관에셔,○ 요젼 일요일 오후 셰시에 독립관에셔 토론회 뎨 오회를 열고 토론  문졔인즉 부녀를 고휵 것이 의리 샹과 경졔 샹에 당 으로 결뎡 홈 우의에 리츙구 김규희씨가 연셜 고 좌의에 방한덕 김셩진씨가 열셜  후에 기외 여러 회원들이 토론 야  자미 잇고 유익  의론이 만히 잇더라 회원 즁에 공고에 참례 야 못 온이가 만히 잇고 회에 참례  이도  만히 잇스며 기외 방쳥 이가 여러 명이 와셔 사다 쟈미 잇고 길겁게 듯이가 만히 잇스며 새로 모로던걸 호 일이 만코 죠션 인민의게 극진히 리익 것시 만터라 요 다음 일요일에 토론회 문제 교휵을 셩대케  국문을 한문 보다 더 쓰것이 뎨일 요긴 홈 우의에 우항션 김셩진 좌의에 한창슈 죠병건 샤회 샹에 유죠 연셜이 번번히 잇슬터이니 학문 샹에 유의 이들은 다 와셔 참례 고 방쳥들 시요,https://www.nl.go.kr/newspaper/detail.do?content_id=CNTS-00098991472
news_archive:CNTS-00098991747,1897,독립신문(서재필),Modern Korean,Hangeul,관보 십월 이십 일일 춍호 죠병셰 알외,○ 춍호 죠병셰 알외 삼 도감 물력을 다 여러 챠례 더 구획 것이 만치 아니 이 아니로 여름 쟝가 극비 고 의물이 투변 며  졀가 젼 보다 다른 가 허다 옴 은화 한 삼만원을 탁지부로 여곰 례산 외에 지츌 옴이 엇더 올지 엿더니 봉 지 에 의쥬 라 셧더라,https://www.nl.go.kr/newspaper/detail.do?content_id=CNTS-00098991747
news_archive:CNTS-00098987685,1897,독립신문(서재필),Modern Korean,Hangeul,관보 일월 륙일 산능은,○ 산능은 동대문밧 쳥양리로 졍 시고,https://www.nl.go.kr/newspaper/detail.do?content_id=CNTS-00098987685
news_archive:CNTS-00093098525,1898,,English,Latin,"Mr. Y. Y. Bohus, the correspondent of the Magyar Hirlap of Budapesth","Mr. Y. Y. Bohus, the correspondent of the Magyar Hirlap of Budapesth, Hungary, was visiting the city a few days recently",https://www.nl.go.kr/newspaper/detail.do?content_id=CNTS-00093098525
news_archive:CNTS-00093102030,1898,,English,Latin,The Fourth of July has come and gone properly celebrated by our American townsmen,"CORRESPONDENCE.The Fourth of July has come and gone properly celebrated by our American townsmen. Out on the Bull ́s Horn Mr. and Mrs. Jones were At Home to their friends in the evening while in the afternoon in town the friends at the railroad office had some kind of a social function with their Korean employees. K have not yet learned whether it was an \""At Home,\"" a reception, a soiree, or a conversazion, but think it must have been a Fourth of July combination of the whole social business. It seems that the Korean contractors who have charge of the grading have been up to the usual heathen tricks and the men who do the work, as usual, were the fellows who were called upon to suffer. Anyway about 500 of the coolies called on Fourth of July at the railroad of free and after a short demonstration of a purely social and friendly character suggested undoubtedly by \""the day we celebrate\"" ware induced to depart to their homes. The reports that one of the railroad officials was knocked down and halt killed and that the office had been stoned and wrecked clearly emanated from the Spanish in the Phillipines or else from Reuter, as nothing of this kind occurred. At any rate to oblige the men a new survey and new measurements of the work to be done is being undertaken by the company so that no grounds for dispute will",https://www.nl.go.kr/newspaper/detail.do?content_id=CNTS-00093102030
news_archive:CNTS-00093100337,1898,,English,Latin,A SUGGESTION TO KOREAN STATESMEN,"A SUGGESTION TO KOREAN STATESMEN.What in most lands would be considered a blessing to commercial interests seems to be in Korea a matter of great distress. The steady advance in the price of rice is creating much lament and some suffering in the capital.We are reliably informed that this want is not felt uniformly throughout the country districts ; in fact it seems to be limited to the capital and the great mass of idle hangers on are the loudest complaintants.There are signs that Korean farmers are appreciating the boon which was brought to them by the high price of rice and are beginning to cultivate new fields. There is no reason why the agriculturists of the peninsula should not profit by a strong demand for rice throughout the commercial world nor why should they not study to make the most of such conditions as prevail to-day. The price received for their bags of rice determines their total prosperity for the year. Suppose a farmer can live on seven bags of rice a year and can raise ten. Whether rice is high or low he has all he needs and will not suffer hunger. If rice is high his three bags will bring him a fair sum. On the receipts from the surplus he must depend for the small comforts of life, which even a Korean farmer appreciates. He must have cotton goods and kerosene and medicine. The higher the price of rice the more he will get for his surplus and the more he will buy. In reality all a farmer raises over and above what he needs for private consumption and taxes is his profit. The rise or fall of the price which his surplus will bring determines his wealth.Now the Korean farmer will not horde up his extra bags of rice but he will put it into circulations as if it was so much money. Thus the merchant who sells his cotton and kerosene will find that he has larger sales and his ratio of profit is greater than the extra price which he has to pay for rice. Therefore a large price for rice means more trade and more profit to the merchant. ◈ is a benefit to both merchant and producer. It is also a benefit to the government. The increasing area under cultivation means a greater export of rice and a higher price of rice means a greater volum◈ of business. For each reason the government receives in taxes and customs, a greater revenue.Who is it then that suffers from the rise in value of rice? The wage earner, the coolies, dependents and idlers. But when the government is benefited and not harmed by the rise of price, provision should be made for the wage earner. The government should inaugurate public improvements thereby to employ the suffering classes ; build good roads into the country over which rice in outlying districts can be transported to the business centers at a minimum cost in money and in time. Also the government should make known the prices in the markets and any scarcity of rice in one part of the land should be made known in parts where rice is plenty. Such endeavors would meet with results mutually beneficial.As it is, the principal suffering seems to exist among those who have brought it upon themselves those who live on nothing or on the generosity of their friends. The real distress which we have reason to deplore exists among the coolies and for their relief the government ought to inaugurate the much needed public improvements. The crying needs of the country a=may be met if the government will only set these men to work―making roads throughout the country. It will enable the producers to carry their goods to the markets at less cost than what they pay at present ; and it wil give employment to those coolies whose only means of earning a livelihood depends upon their shovels and jiggie◈. The rise of the value of Korea ́s principal produce,―rice, is rather a blessing to the country than a calamity ; that is, if the government will only make the most of the opportunity and utilize it to the benefit of all classes",https://www.nl.go.kr/newspaper/detail.do?content_id=CNTS-00093100337
news_archive:CNTS-00093099344,1898,,English,Latin,NO FRENCH TROOPS IN SOKOTO,NO FRENCH TROOPS IN SOKOTO.Speaking in House of Lords Salisbury stated that Hanotaux has since informed Sir E. J. Monson positively that French force has not been Sokoto,https://www.nl.go.kr/newspaper/detail.do?content_id=CNTS-00093099344
news_archive:CNTS-00093100345,1898,,English,Latin,Prince Bismark passed the eighty third anniversary of his birth on the 1st of April,Prince Bismark passed the eighty third anniversary of his birth on the 1st of April,https://www.nl.go.kr/newspaper/detail.do?content_id=CNTS-00093100345
news_archive:CNTS-00093098756,1898,,English,Latin,KOREAN LAND TAX,"KOREAN LAND TAX.The main source of revenue of the Korean government is derived from the land tax. Out of a total income of $4,527,476, $2,227,158 comes from this source. The words \""land tax\"" possess a different meaning in Korea than in other lands. The government does not collect a cent of tax from house lots or timber-and pasture-lands but from rice fields and lands cultivated for grain. The former pay a much higher rate than the latter. The methods by which the rates are determined is as follows : rice lands are first classed according to their yields, for instance the best paddy fields are taxed $.06 for an area which requires one mal of seed (about a bushel), per annum, therefore a field requiring 100 mal of seed rice returns $6 per annum and a field returning $6 revenue is called one kel. There are thirteen different kels. As we said above, best rice fields pay $6 per annum for each kel. Second grade fields pay $5 per kel and so on down to $40 per kel. Such land as comes under the third class are not rice lands but for other grains and the Koreans call them \""dry fields.\"" Until three years ago the method was not definitely put into practice and there was much irregularity in levying the required sums. The former minister of finance, the late Mr. O, had a law passed requiring the rice fields in the level districts to pay $6 per annum for each kel (each kel denotes a field which requires 120 mal of seed); the next grade of land is required to pay $5 per annum. According to the survey of cultivated land, which was made some 300 years ago the following number of kels were estimated for each province : KYENGKI 79,955.24=$375,012; NORTH CHUNGCHONG, 42,913.33=$234,799.60; SOUTH CHUNGHONG, 88,560.6=527,413; NORTH CHULLA, 100,886.6=$598,582; SOUTH CHULLA, 148,108.6=$888,651.60; NORTH KYENGSANG, 119,604.4=$593,829; SOUTH KYENGSANG, 95,324.5=544,826; WHANGHAI, 87,486.8=$488,992.20; KANGWON, 20,399.8=$100,853.40; NORTH PYENGAN, 40,091.2=$104,631.81; SOUTH PYENGAN, 62,745=$187,422.20; NORTH HAMKYENG, 43,133.6=$47,266; SOUTH HAMKYENG, 56,754.8=$139,259.40; total 978,964.8 kels equalling $4,855,516.68. From this amount the department made a deduction of 100,000 kels at the average of $4 per kel for unexpected damages from whatever cause, leaving $4,455,516.68; but last year the actual receipts at the Finance Department from this source amounted to only $2,713,314, therefore they estimated this years receipt at $2,227,758.The next important revenue, besides the customs receipts, is known as house tax or family tax. The rates for each province are as follows: KYENGKI, $62,067.40: SOUTH CHUNGCHONG, $63,120: NORTH CHUNGCHONG, $41,268.60; SOUTH CHULLA, $59,435.40; NORTH CHULLA, $53,808; NORTH KYNGSANG, $86,055; SOUTH KENGSANG, $63,231; WHANGHAI, $56,574; KANGWON, $48,228.20; NORTH PYENGAN, $45,909.40; SOUTH PYENGAN, $53,914.20; NORTH HAMKYENG, $21,721.20; SOUTH HAMKYENG, $33,342; total $688,674.20. But last year the Finance Department received $225,015 from this source; so the estimate for this year is $229,558.The present system of collecting the land and house taxes is somewhat better than that of anti-bellum days, but it is by no means satisfactory. The department still goes by the rough survey which was made centuries ago so that hundreds of poor people pay taxes on land which has been washed away and many influential yangbans pay scarcely anything for the use of their rich lands. We hope the time will soon come when a thorough survey of the cultivated fields of the empire will be made, thereby adjusting the irregularities of the present system of taxation",https://www.nl.go.kr/newspaper/detail.do?content_id=CNTS-00093098756
news_archive:CNTS-00093101971,1898,,English,Latin,ANOTHER AMERICAN VICTORY,"ANOTHER AMERICAN VICTORY.We publish in another column a private telegram announcing the destruction of the Spanish fleet and the capture of Admiral Cerveras by Admiral Sampson. For details we must wait until the telegraph lines can be repaired or until Reuter learns the news and decides it to be of sufficient importance to send it to us. We know the result, however, and are heartily glad. With the destruction of the Cape Verde fleet, Cuba can now be invaded by the United States troops; the blockade of the whole island will no doubt be continued and with base of supplies cut off, and the enemy hemmed in and pressed on all sides by both Cuban insurgents and United States troops, it cannot be long until we hear of the surrender of Governor General Blanco. If he prefers to hold out a little longer, the news will be the capture of his forces. In either case the result will be the same.To us at this distance and with the information at hand, it seems the campaign on the Atlantic side, while not as short, sharp, and decisive as that in the Pacific, was none the less brilliant. It is true Reuter had the Spanish fleet all over creation, but we have not yet learned that either Admiral Sampson or Commodore Schley went chasing it. They stuck to Cuba and to West Indian waters. They probably knew all along the whereabouts of the Spanish fleet and when the right moment came they were ready to crush it. The American navy showed its ability to cope successfully with the choicest ships of Spain. This victory will end the war, unless there should be an unwarrantable interference on Spain ́s behalf by one or more of the Continental Powers. Cuba will be free. Peace will come to the fair island. The United States will feel the effect of the brilliant victories of her new navy. The result will be a change and enlargement of her foreign policy. She will become a world power and the world will be the better for it",https://www.nl.go.kr/newspaper/detail.do?content_id=CNTS-00093101971
news_archive:CNTS-00093102421,1898,,English,Latin,"Holme, Ringer ＆ Co","ADVERTISEMENTS.HONGKONG & SHANGHAI BANKING CORPORATION.PAID UP CAPITAL $10,000,000RESERVE FUND 8,000,000RESERVE LIABILITY OF PROPRIETORS 10,000,000 Head Office:?HONGKONG.Chief Manager?T. JACKSON, ESQ.Branches and Agencies:London Calcutta Foochow Batavia Lyons Singapore Bangkok Sourabaya Hamburg Saigon Hankok Penang New York Shanghai Amoy Yokohama San Francisco Manila Tientsin Rangoon Bombay Iloilo Hiogo Peking NagasakiInterest allowed on Current Accounts 2% on Daily Balance over $500.Money will be received on Fixed Deposit on terms to be ascertained on application. Credits granted on approved Securities, and every description of Banking and Exchange business transacted.Drafts granted on London and the Chief Commercial places in Europe, India, Australia, America, China, and Japan; and Circular Notes issued for the use of Travelers.Holme, Ringer & Co.Agents.Chemulpo 11th August 1897",https://www.nl.go.kr/newspaper/detail.do?content_id=CNTS-00093102421
news_archive:CNTS-00093103634,1898,,English,Latin,"HOLME, RINGER ＆ CO","ADVERTISEMENTS.HOLME, RINGER & CO.,Chemulpo, Korea.,Agents of RUSSIAN STEAM NAVIGATION IN THE EAST.PENINSULAR & ORIENTAL STEAM NAVIGATION COMPANY.CANADIAN PACIFIC ROYAL MAIL STEAMSHIP COMPANY.PACIFIC MAIL STEAMSHIP COMPANY, OCCIDENTAL AND ORIENTAL STEAMSHIP COMPANY. AND NORTHERN PACIFIC STEAMSHIP COMPANY.Through bills of lading and passage tickets issued to all parts of America and Europe",https://www.nl.go.kr/newspaper/detail.do?content_id=CNTS-00093103634
news_archive:CNTS-00093098223,1898,,English,Latin,DEPARTURES,"DEPARTURES.Jan. 3, Rainbore. H. M ́s S. Cruiser, for Magasaki. Jano, Hairtong for Kunsan, Mokpo, Cheiju",https://www.nl.go.kr/newspaper/detail.do?content_id=CNTS-00093098223
news_archive:CNTS-00093100221,1898,,English,Latin,SEOUL HOTEL,"SEOUL HOTEL.This Hotel situated within the Imperial Palace grounds, has spacious, commodious and well fitted bed rooms. The cuisine is of the best French style.Russian, French and Italian preserves and liquors, Champanges, assorted Rhine and Moselle wines, German beers, assorted German and Japanese mineral waters; Italian beans, Semolina almonds and Hazelnuts; condensed and unsweetened milk, assorted. Table raisins and currants per lb.Russian and Egytian Cigarettes.F. Bijno Proprietor, Telegraphic Address. Bijno-Seoul",https://www.nl.go.kr/newspaper/detail.do?content_id=CNTS-00093100221
news_archive:CNTS-00093099056,1898,,English,Latin,SEOUL HOTEL,"SEOUL HOTEL.This Hotel situated within the Imperial Palace grounds, has spacious, commodious and well fitted bed rooms. The cuisine is of the best French style.Just received:Swiss and Italian Cheeses, Italian wines and saurages, Table butter, Champagnes, Californian wines, Cognacs, Rums, Bitters and Milk expected daily.F. Bijno Proprietor, Telegraphic Address. Bijno-Seoul",https://www.nl.go.kr/newspaper/detail.do?content_id=CNTS-00093099056
news_archive:CNTS-00093099510,1898,,English,Latin,TSUJI ＆ CO,"TSUJI & CO.Chinkokai, Seoul.We have just received the following goods:?Blankets; Ladies ́ and gentlemen ́s stockings; Gentlemen ́s gloves; hats; neckties; silk handkerchiefs, over shoes and toilet articles of various kinds.We are selling the new goods at moderate prices and we guarantee their best quality. Inspection is solicited.12-16",https://www.nl.go.kr/newspaper/detail.do?content_id=CNTS-00093099510
news_archive:CNTS-00093102669,1898,,English,Latin,PRESS VIEWS OF BISMARCK,"PRESS VIEWS OF BISMARCK.The French Press, while recognizing the greatness of Prince Bismarck, makes an attempt to diguise the fact that France cannot forget the indignities of 1870. The British Press, on the other hand, eulogizes the Prince as the Founder of the German Empire, compares him to Napoleon, Pitt and Cromwell and admits that the coalition effected of the three nation (Austria, Germany and Italy) was beneficial to the cause of peace.?Reuter ́s despatches to Osaka Asahi",https://www.nl.go.kr/newspaper/detail.do?content_id=CNTS-00093102669
news_archive:CNTS-00093103804,1898,,English,Latin,F. H. MöRSEL,"NOTICE.I, the undersigned, having rolurned from my trip to Eutope, have much pleasur to inform the public in general and my patrons in particular that I have again stated my businss as Commission-Forwalding Agent and Auctioneer.F. H. MoRSEL.Chemulpom June 6th, 1898",https://www.nl.go.kr/newspaper/detail.do?content_id=CNTS-00093103804
news_archive:CNTS-00093102015,1898,,English,Latin,J. GAILLARD JEUNE,"J. GAILLARD JEUNE.WINE AND SPIRIT MERCHANT, GENERAL STOREKEEPER.JUST RECEIVED:?A fine assortment of Roger & Gellet ́s Perfumes, Soaps, Toilet Water, etc.FOR SALE.?2 single iron bedsteads, a dressing table, a side board. All in good condition",https://www.nl.go.kr/newspaper/detail.do?content_id=CNTS-00093102015
news_archive:CNTS-00093099988,1898,,English,Latin,M. Aleveque who has been residing in this city for the last few months giving,"M. Aleveque who has been residing in this city for the last few months giving French lessons to a number of foreigners and Koreans, left the city suddenly a few days ago",https://www.nl.go.kr/newspaper/detail.do?content_id=CNTS-00093099988
news_archive:CNTS-00093098990,1898,,English,Latin,CHINA GRATS COMPENSATION,CHINA GRATS COMPENSATION.China has agreed to give compensation for kidnapping Frenchman in Tongking,https://www.nl.go.kr/newspaper/detail.do?content_id=CNTS-00093098990
news_archive:CNTS-00093102891,1898,,English,Latin,"At the request of Monsieur Schott, we publish the following note in French announcing the birth","At the request of Monsieur Schott, we publish the following note in French announcing the birth of his daughter:Monsieur le Redacteur.Permettez-moi de vous faire part de mon entree en Coree. C ́est le 22 Aofit a 4 heures du matin, que cette aventure m ́est arrive.Ma mere et moi, nous nous portons bien.ANTOINETTE SCHOTT",https://www.nl.go.kr/newspaper/detail.do?content_id=CNTS-00093102891
news_archive:CNTS-00098998188,1898,독립신문(서재필),Modern Korean,Hangeul,관보 十二월 二十三일 셔리 호위 춍관 무 민병셕,○ 셔리 호위 춍관 무 민병셕 명 함경 남도 판쇼 판 황기연 강원도 판쇼 판 죠죵필 평안 남도 판쇼 판 조민희 의원 면 겸임 함경 남도 판쇼 판 죠죵필 강원도 판쇼 판 김영쥰 평안 남도 판쇼 판 민영긔 겸임,https://www.nl.go.kr/newspaper/detail.do?content_id=CNTS-00098998188
news_archive:CNTS-00098992666,1898,독립신문(서재필),Modern Korean,Hangeul,관보 십이월 삽십일 십이월 십팔일 대아국 명 명,○ 십이월 십팔일 대아국 명 명일에 우리 대황뎨 폐하셔 치하 신 젼보인 이 폐하의 경졀 가신을 남 짐이 써 하츅야 써 독비의 침을 펴며 아올나 폐하의 치셰 이 영원 융희 을 노광무 원년 십이월 십팔일  경운궁이라 아국 황뎨 폐하라 셧더니 대아국 대황뎨 폐하의 답 젼보 에 대한 셔울 대황뎨 폐하 짐의 깁히 샤례 과 밋 지극히 원 을 귀 폐하 펴거니와 아라샤 밋 대한 이에 친의가 갈록 더욱 돈돈히 고 엿더라,https://www.nl.go.kr/newspaper/detail.do?content_id=CNTS-00098992666
news_archive:CNTS-00098996178,1898,독립신문(서재필),Modern Korean,Hangeul,률문이 분명,○ 률문이 분명) 리용익씨가 죄를 지고 도피 야 나셔지 아니 니 결셕 판 여지이라고 독립 협회에셔 고등 판쇼에 졍 엿다 쳥원셔와 고등 판쇼에셔 독립협회에 엿다 지령과 독립 협회에셔 그 지령을 보고 여러의 이 울불 야 다시 쳥원셔 기로 쟉뎡 되엿다 말은 젼호에 이왕 다 긔 엿거니와 독립 협회에셔 이 이십 삼일에 다시 고등 판쇼에 쳥원 엿다 글을  엇어 좌에 긔 노라 리용익의 건에 대 야 결셕 판을 본쇼에 쳥원 엿더니 지령에 민에 결셕 판이 잇고 형에 결셕 판이 업스며 리용익이가 도피 고 나셔지 아니 니 쟝 어느 곳을 향 야 형률을 쓰랴 아즉 리용익 잡기를 기다리라 엿온지라 가히 률문을 샹고 오니 죄를 범 고 일이 발각된 후에 도망 쟈 모든 증거가 명 거던 곳 결쳐 고 다시 대 야 뭇지 말나 엿스니 법률로 쳐판  것이 가 거 이러치 아니 고 아즉 잡기를 기다리라 엿스니 이 잡 긔한이 스로 잇 긔한 업시 아즉 기다리기 라 심은 다시 어느 를 기다리라지 아혹이 자심 야 이에 다시 앙쳥 오니 죠 오셔 샹당 법률노 써 쳐판 심을 ,https://www.nl.go.kr/newspaper/detail.do?content_id=CNTS-00098996178
news_archive:CNTS-00098996476,1898,독립신문(서재필),Modern Korean,Hangeul,슌이 굽힌로 나무가 자라고  흔로 사이 된다,○ 슌이 굽힌로 나무가 자라고  흔로 사이 된미국,https://www.nl.go.kr/newspaper/detail.do?content_id=CNTS-00098996476
news_archive:CNTS-00098997910,1898,독립신문(서재필),Modern Korean,Hangeul,속줄 알고 속 사은 속지 안다,○ 속줄 알고 속 사은 속지 안라,https://www.nl.go.kr/newspaper/detail.do?content_id=CNTS-00098997910
news_archive:CNTS-00098993470,1898,독립신문(서재필),Modern Korean,Hangeul,일본 샹비 함 지금 쟝기 근쳐 쳥슈 항에,○ 일본 샹비 함 지금 쟝기 근쳐 쳥슈 항에 잇셔 해샹 죠련  마다 그 근쳐 셩들을 군함들에 올나가 이 군함 구경들을 식히 매일 구경 오 사들이 여러 쳔명이라더라,https://www.nl.go.kr/newspaper/detail.do?content_id=CNTS-00098993470
news_archive:CNTS-00098994358,1898,독립신문(서재필),Modern Korean,Hangeul,각 학교에셔 대운동을 양력 오월 이십일에 기로 처음에,○ 각 학교에셔 대운동을 양력 오월 이십일에 기로 처음에 쟉뎡 되엇더니 기간에 무 사고가 잇기로 일를 아즉 퇴뎡 다더라,https://www.nl.go.kr/newspaper/detail.do?content_id=CNTS-00098994358
news_archive:CNTS-00098996210,1898,독립신문(서재필),Modern Korean,Hangeul,뎐긔 쳘로,○ 뎐긔 쳘로) 황셩 뎐긔 쳘로를 일간에 시쟉야 새문안 대궐 압헤셔 브터 동대문 밋 지 노흥터인 십일월 쵸즘 여 필역이 된다더라,https://www.nl.go.kr/newspaper/detail.do?content_id=CNTS-00098996210
news_archive:CNTS-00098997973,1898,독립신문(서재필),Modern Korean,Hangeul,흉계 탄로,○ 흉계 탄로) 엇던 간흉가 독립 협회에셔  모양으로 편지를 위죠 야 그졋긔 우표 붓쳐 각국 공관에 보거 각국 공들이 그 편지가 어느 간흉들의 가긔 이기방으로 반간질인줄을 짐쟉 고 치지 도외 엿다 독립 협회에셔 그 쇼문을 듯고 크게 놀나워셔 춍 위원을 각국 공관에 파송 야 말 기를 독립 협회에셔 당쵸에 외국 공관에 편지  일도 업거니와 셜령 편지 일이 잇슬진 광명 졍대히 춍 위원을 보여 면대 야 편지를 더 겟지 지쳑지디에 엇지 구히 우표를 붓쳐 젼편으로 편지를 보엿스리요 젼후로 이런 폐단이 업지 아니 즉 이 모도 엇던 간흉의 반간질이니 일졀 쥰신지 말나고  각국 공관에셔도  그런줄노 이왕 브터 짐쟉 엿노라고 대답들 엿다더라 이 다음에 엇던 간셰들이 혹  위죠 편지를 드러셔 독립 협회 춍 위원이노라고 가칭 고 어느 공관에 가거드면 그 공관에셔  그 춍 위원이 참 독립 협회에셔 보낸 사인지 진위를 알슈 업슨즉 그 편지 가지고 간 쇼위 춍 위원이라 사들을 붓잡아 두고 독립 협회 회즁으로 질문 야 대면  거드면 이러 폐단은 연히 업셔지리라고들 다더라,https://www.nl.go.kr/newspaper/detail.do?content_id=CNTS-00098997973
news_archive:CNTS-00098996287,1898,독립신문(서재필),Modern Korean,Hangeul,관보 호외 팔월 이십 칠일 학부 대신 죠병호 샤직쇼 비지 에 결단코 이치 아니,○ 학부 대신 죠병호 샤직쇼 비지 에 결단코 이치 아니 일노 부랑을 보여 션유 라 시고,https://www.nl.go.kr/newspaper/detail.do?content_id=CNTS-00098996287
news_archive:CNTS-00098995843,1898,독립신문(서재필),Modern Korean,Hangeul,관보 팔월 구일 판결 션고셔,○ 한셩부 북셔 창의문  롱샹쇼거 슌검 피고 한츈식 연 삼십 한셩부 북셔 동 십교 거 슌검 피고 리인식 연 이십팔 우 피고 한츈식과 리인식에  안건을 검 공쇼에 유 야 챠를 심리 니 피고등이 다 슌검으로 본년 삼월 이십일에 경무 김풍의 명을 승 야 어고 물건을 도젹 야  국성 군을 잡을 로 회극문 밧게셔 졍탐 다가 범의 입궐 것을 보고 잡기에 젼심 야 막엄을 불고 고 회극문 안에 쳔단히 들어간 실은 피고등 진공 복에 중 야 명 바 피고 한츈식과 피고 리인식을 대명률 궁위편 궁뎐문 쳔입됴 쳔입 궁뎐문 률에 빗쵸여 각  륙십 증역 일년에 쳐 노라,https://www.nl.go.kr/newspaper/detail.do?content_id=CNTS-00098995843
news_archive:CNTS-00098996701,1898,독립신문(서재필),Modern Korean,Hangeul,셔반아 강화,○ 셔반아 강화) 론돈 구월 십오일 발 셔반아 의회에셔 그 졍부와 쟝관들과 수군 졔독 셜비라씨를 무한 욕 후에 미국과 강화  약됴를 밧기로 결뎡 엿다더라,https://www.nl.go.kr/newspaper/detail.do?content_id=CNTS-00098996701
news_archive:CNTS-00098993080,1898,독립신문(서재필),Modern Korean,Hangeul,새로 내 신문이라 그리스도 신문은 농 업,○ 새로 내 신문이라 그리스도 신문은 농 업과 외방 통신과 외국 통신과 관보와 잡보와 각부 통신과 사의게 유익 것을 다 이 신문에 올닐 터이니 사다 보기를 라노라 이 신문국은 대 졍동 미국 목 원도우 집이요,https://www.nl.go.kr/newspaper/detail.do?content_id=CNTS-00098993080
news_archive:CNTS-00098996187,1898,독립신문(서재필),Modern Korean,"Hanja, Old Hangeul",셰계 렬로 리수,○ 셰계 렬로 리수) 지금 텬하 각국 렬로 리수를 보면 구라파에 도합 十一万五千二百八十四영리요(영리가 대한 삼리라) 아셰아에 二万六十八百九十영리요 아비리가에 八万二百六十九영리요 아메리가에 二十九万九千七百二十二영리요 오리아에 一万三千八百八十九영리라더라,https://www.nl.go.kr/newspaper/detail.do?content_id=CNTS-00098996187
news_archive:CNTS-00098994341,1898,독립신문(서재필),Modern Korean,Hangeul,관보 오월 십륙일 ○ 죵묘  시에,○ 죵묘  시에 쟉문 불심 대쟝 김은은 특히 분간 고 즁쟝 리셕훈은  방숑 하라고 비지가 나리셧더라,https://www.nl.go.kr/newspaper/detail.do?content_id=CNTS-00098994341
news_archive:CNTS-00098997639,1898,독립신문(서재필),Modern Korean,Hangeul,작인 란보,○ 작인 란보) 젼 공쥬 디방 대쟝이 홍쥬군 금졍역 뎐답 름을 디 김원죠로 식혓 션도젼을 얏다 칭 고 디방 훈령을 하다가 붓치기를 무론 아모 작인 고 샹답 두락에 열식 즁답 두락 여식 하답 두락에 일곱식 밧고 결젼은 각 작인들이 물고 무론 샹즁하 답 고 두락에 베 식은 름을 주라 엿스니 젼후에 그런 변이 업고  어려온 작인들이 도죠답인 고로 몬져 베여 풋베로 먹고 베갑 작뎡이 되면 젼으로 낼터인 름 김원죠의 쥬인 되 집에셔 말 기를 에셔 다 샹관이 되니 불일 로 밧치라 니 모든 작인이 견슈 업고 두락에 턱 업시 베 식 름을 주라 니 엇지 민원이 업다 리요 올 봄에 공쥬 디방에셔 이 역토 작인 뎡 러온 파원이 두락에 엽젼 셔돈식 름 요비로 밧아 가고  가을에 베 식 름의게 앗기니  역토 졔 작인은 살슈 업다고들 다더라,https://www.nl.go.kr/newspaper/detail.do?content_id=CNTS-00098997639
news_archive:CNTS-00098992910,1898,독립신문(서재필),Modern Korean,Hangeul,이 십일일 북셔 슌검 리광진 김원규가 슌 다가,○ 이 십일일 북셔 슌검 리광진 김원규가 슌 다가 죵졍부 뒤 골목에 당도 즉 병뎡 명이 엇더 사 네명과 셔로 언훨 기에 그 연유를 무른즉 군부 졍위 사과 군부 쥬 셰 사이 화동 쟝국밥 집에 쟝국밥을 먹으러 가다가 그 병뎡의게 그 졍위가 마져셔 의관 렬파 되엿시니 그 병뎡을 군부로 잡아 보 나 거 그 슌검이 그 병뎡 림츈명을 그 졍위와 안동 야 군부로 잡아 갓다니 병뎡의게 고 의관 렬파 당  위관도 혹 잇다 지 참 이샹 일이라더라,https://www.nl.go.kr/newspaper/detail.do?content_id=CNTS-00098992910
news_archive:CNTS-00098995809,1898,독립신문(서재필),Modern Korean,Hangeul,발은 말을 문밧게 츠면 아쳠이 방에 들어 온다,○ 발은 말을 문밧게 츠면 아쳠이 방에 들어 온영국,https://www.nl.go.kr/newspaper/detail.do?content_id=CNTS-00098995809
news_archive:CNTS-00093081139,1898,매일신문,Modern Korean,Hangeul,학부대신 됴병호 직소,○학부대신 됴병호 직소비지에 경의 양이 그 지리고 번거치 안이 냐 이 간극 즈음에 옹용히 편안려  일을 경의 단단 츙셩으로 엇지 아 리오 병은 가을을 당여 맛당히 복샹 것이니 쇽히 측지를 밧아 학부 무를 보라 시고,https://www.nl.go.kr/newspaper/detail.do?content_id=CNTS-00093081139
news_archive:CNTS-00093082618,1898,매일신문,Modern Korean,Hangeul,황셩신문은 국에 처음으로 국 한문을 셧거내 신문인,◉ 황셩신문은 국에 처음으로 국 한문을 셧거내 신문인 학문샹과 명샹에 우 유익고 인민 도  대단이 기 신문이오니 만이들 사셔 보시오,https://www.nl.go.kr/newspaper/detail.do?content_id=CNTS-00093082618
news_archive:CNTS-00093079801,1898,매일신문,Modern Korean,Hangeul,평안 북도 관찰부 공립 쇼학교 교원 리한응은,○평안 북도 관찰부 공립 쇼학교 교원 리한응은 쳥원 야 갈니고 비셔원랑 한상학은 시강원 시독관을 임고 남장희와 리죠영으로 비셔원 랑을 임고 죠긔텰노 봉상샤 쥬를 임고 죠익 으로 뎐션샤 쥬를 임고 김한셥은 장릉 참봉을 임고 오현쥰은 슉릉 참봉을 임고 김경준은 의릉 참봉을 임고 김긔즁은 의령원 참봉을 임고 숑규진과 리응죵과 리긍의로 셩균관 박를 임고 졍식은 평안 북도 관찰부 공립 쇼학교 교원을 임고 황도 관찰부 쥬 김셜은 원이 외부텹보 상에 착오이 잇기로 본관을 면고 젼랴 남도 관찰부 쥬 (미완),https://www.nl.go.kr/newspaper/detail.do?content_id=CNTS-00093079801
news_archive:CNTS-00093079215,1898,매일신문,Modern Korean,Hangeul,경셩에 쥬찰 아라샤 공 스야씨가 임을 갈니고,○ 경셩에 쥬찰 아라샤 공 스야씨가 임을 갈니고 로 임 공 겸 춍령관 마츄늰씨가 월 팔일 오 네졈종반에폐현고 국셔를 봉졍이라,https://www.nl.go.kr/newspaper/detail.do?content_id=CNTS-00093079215
news_archive:CNTS-00093081388,1898,매일신문,Modern Korean,Hangeul,샤동 쳥셕골 그젼 김판셔 살다가 쟉파  집에 류  함흥,◎샤동 쳥셕골 그젼 김판셔 살다가 쟉파  집에 류  함흥 사 김리쥰이가 져희 쟝모를 야 ● ●를 고등 판소에  이왕 판결 된 거슬 번안 코져 ●● 삼쳔량 환을 잡아 좌우 쳥쵹  거간  사은 그 고을 사 김슈만 최슉림등이라 니 지금도 돈 가지고 쳥쵹  폐단이 잇지 불구에 경무쳥에 잡힐듯 더라,https://www.nl.go.kr/newspaper/detail.do?content_id=CNTS-00093081388
news_archive:CNTS-00093081286,1898,매일신문,Modern Korean,Hangeul,김홍륙을 잡아올에 광쥬 병뎡 삼십명이 압령야 젼쥬지,○김홍륙을 잡아올에 광쥬 병뎡 삼십명이 압령야 젼쥬지 오고 젼쥬병뎡 삼십명이 압령야 공쥬지 오고 공쥬병뎡 삼십명이 압령야 슈원지 오고 슈원병뎡 삼십명이 압령야 셔울지 온다 구월 회일에 졍읍군에 지엿다더라,https://www.nl.go.kr/newspaper/detail.do?content_id=CNTS-00093081286
news_archive:CNTS-00093079715,1898,매일신문,Modern Korean,Hangeul,우리 신문에 누구던지 광고를 려면,광고○ 우리 신문에 누구던지 광고를 려면 쥴에매삭 팔십젼식 인 셧줄에 넘으면 매줄에 칠십젼식 이오 열줄에 넘으면 륙십젼식 인 번는 줄슈를 불계고 합여 오십젼이오,https://www.nl.go.kr/newspaper/detail.do?content_id=CNTS-00093079715
news_archive:CNTS-00093081359,1898,매일신문,Modern Korean,Hangeul,죵이픔 졍환교 리민긍 리근로 즁츄원 일등 의관을 임고,⊙죵이픔 졍환교 리민긍 리근로 즁츄원 일등 의관을 임고,https://www.nl.go.kr/newspaper/detail.do?content_id=CNTS-00093081359
news_archive:CNTS-00093080704,1898,매일신문,Modern Korean,Hangeul,시강원 시독관 한샹학 은 의원 면본관고,○시강원 시독관 한샹학 은 의원 면본관고,https://www.nl.go.kr/newspaper/detail.do?content_id=CNTS-00093080704
news_archive:CNTS-00093080549,1898,매일신문,Modern Korean,Hangeul,리익으로 농샹공부 쥬를 임다,○리익으로 농샹공부 쥬를 임다,https://www.nl.go.kr/newspaper/detail.do?content_id=CNTS-00093080549
news_archive:CNTS-00093078275,1898,협셩회회보,Modern Korean,Hangeul,광쥬 용진사 신명션이가,○ 광쥬 용진사 신명션이가 졍긔호의 션산 용미를 눌너 뫼을쓰고 몃를 두고 위협으로 숑되 근본 졍긔호의 산인고로 번번 송를 져오던에 젼 형국쟝 니셰직에 신가가 셔울 올와 좌쳥 우촉야 졍긔호를 한셩 판쇼로 잡아가두고 형벌을 혹독히며 문권을 억탈여 준고로 신가가 그산림 삼쳔여량 앗치를 팔아가고도 지금지 신가가 단이면셔 쳥촉야 졍긔호를 가두고 의병으로 모라 일간 중력을 식히랴 다고 그 안가 원한을 품고 그 남편이 한셩 판쇼에셔 형벌밧올 에 입엇던 옷을 가지고 요젼 일요일에 독립관에 와셔 독립관에 모힌 여러사들이 무 억울 일이 잇스면 결쳐여 주줄알고 말 그부인에 졍디도 불샹거니와 그남편이 형벌 밧을에 입엇든 옷슬본즉 피옷에 약간 살졈이 뭇어 말낫 그부인이 그옷을 가지고 흉격이 막키여 말을 못것을 보니 방관인도 아 눈으로 볼수가 업거니와 목셕도 슬퍼 듯니 시비 곡직은 몰론고 관인니 되여 죄잇다고 쥭일지언뎡 살여놋코 동유에 고기를 고 피를 것은 아 못일일너라,https://www.nl.go.kr/newspaper/detail.do?content_id=CNTS-00093078275
news_archive:CNTS-00093078353,1898,협셩회회보,Modern Korean,Hangeul,이회보 토요일에 번식 발간고,본회광고이회보 토요일에 번식 발간고 파 쳐소 졍동학당 뎨일방이오 갑슨 쟝 엽너푼 일삭됴 션급 엽돈반 일년됴 션급 엽량 일곱돈오푼 이오니 이어 보시랴 시이 거쥬와 셩명을 분명히 젹어 보시면 젼여 드리겟 나이다,https://www.nl.go.kr/newspaper/detail.do?content_id=CNTS-00093078353
news_archive:CNTS-00093696645,1898,황성신문,Modern Korean,"Hanja, Old Hangeul",法部更制,⊙(法部更制)法部官制를 改定랴고 請議書草件올 議政府에 呈엿더니 政府에셔 略爲改正엿스나 本部意見에 相合지못 故로 更히 妥商다더라,https://www.nl.go.kr/newspaper/detail.do?content_id=CNTS-00093696645
news_archive:CNTS-00093696278,1898,황성신문,Modern Korean,"Hanja, Old Hangeul",恩反爲怨,⊙(恩反爲怨)槐山郡守閔泳琬氏가 今年 災年을 當 百姓을 救濟코져 別樣計策을각야 本邑饒民에게 白米幾石式을 每市에 排定고 臆勒으로 駄出야 放賣케 每斗時價가 三兩七八錢에 至거 閔氏가 三兩에 防閑고 其外에 加捧 者 廢止 棍杖을다시 袪風니아모리 官令인들 三四十里를 運來야 歇價애 放賣기를누가질거리오 然 故로 市上에 米가 絕乏야 一境百姓이 錢이 有고도 米를 得지못야 餓死之境을 當하 怨聲이 載路하다더라,https://www.nl.go.kr/newspaper/detail.do?content_id=CNTS-00093696278
news_archive:CNTS-00093697407,1898,황성신문,Modern Korean,"Hanja, Old Hangeul",収債兵丁,⊙(収債兵丁)南暑美洞居 尹氏가 軍部尉官단이 李氏家에 留 李喪制에게 負債가 有 限은 陰曆九月二十五日이라 期日이 尙餘이거 不意에 李氏가 兵丁을다리고 尹氏의집에 來야 日復日惹閙다니 近日兵丁은 技藝 用力지아니고 私債收刷기에만 泊沒보더라,https://www.nl.go.kr/newspaper/detail.do?content_id=CNTS-00093697407
news_archive:CNTS-00093697844,1898,황성신문,Modern Korean,"Hanja, Old Hangeul",捐廪恤民,⊙(捐廪恤民)京畿道積城郡守金泳鎭氏가 今春賑恤 時에 政府에셔 賑恤金額을 下 外에 自己官况中으로 一千六百餘兩을 捐야 貧民을 救濟 故로 觀察府에셔 內部로 褒報 時에 善治守令이라고 恤金을 加入야 飢民을 蘇生 一貫은 漏報된 故로 一郡人民들이말기를 如此 官長의 德化와 善政을 泯默야 世人이 知치못가 念慮노라더라,https://www.nl.go.kr/newspaper/detail.do?content_id=CNTS-00093697844
news_archive:CNTS-00093697187,1898,황성신문,Modern Korean,"Hanja, Old Hangeul",商會再質,⊙(商會再質)總商會에셔 前度支部大臣閔泳綺氏에게 再呈 書를 得야 左에 記노라敬啓者曩時에 閣下셔 本會를 幇護시 意 閣下에 親兼崔德基羅奎榮二人이 入會周旋으로 由야 知고 今日에 二人이 反會야 別設一會 後에 閣下에 幇護시 意가 當初브터 二人만 爲이오 本會 尃念심이아니라 本會가 獨立으로 爲一야 閣下를 共駁던 嫌怨을 報코져야 二人으로하야금 各廛을 反對케면 總商이 不攻自破가심이라 眞箇幇護시던 本意를 示明코져시거뎐 現刻에 二人反覆 罪狀을 懲辦야 萬人에 訝惑 心을 洞釋케소셔 且以農商大臣으로 言지라도 疏 批에 措處여쥬라신 本會 許可를 靳持시고 崔羅에 別設 會 有如不及야 視務現刻에 首先許題시니 公不勝私심을 可想올지라 玆又仰瀆오니 照亮回示소셔 閔泳綺氏가 總商會總代委員을 對야 所答이 崔德基 本來집 兼人도아니오 羅奎榮은 當初面不知라만일 貴會에셔 崔羅兩人을 招致야 我와 對質請判면 自已가 親히 來야 說明겟다고로 總商會에셔 開會고 質問기를 要다더라,https://www.nl.go.kr/newspaper/detail.do?content_id=CNTS-00093697187
news_archive:CNTS-00093696449,1898,황성신문,Modern Korean,"Hanja, Old Hangeul",無罪自辨,⊙(無罪自辨)平安南道三和港警務官盧元植氏가 爲人이 廉潔하야 一毫도 民間에 相關된일이업거 獨立新聞에 三四條虛無 累名이 有함으로 抑鬱함을 勝치못하야 裁判辨白 次로 往還間二十日許由를 請하엿더니 內部에셔 依施하엿다더라,https://www.nl.go.kr/newspaper/detail.do?content_id=CNTS-00093696449
news_archive:CNTS-00093696790,1898,황성신문,Modern Korean,"Hanja, Old Hangeul",日本政海波瀾,外國通信◎(日本政海波瀾)貴族院研究會의 一部分과 國民協會와 聯絡야 非政府黨이라 組織야 現內閣을 反抗다 說이 甚高지라 研究會에 屬 諸人과 國民協會가 軌를 同야 新政黨組織의 必要를 論야 憲政黨中不平을 惹起며 旗幟를 翻야 內閣城壘에 薄랴고 東西奔走야 運動을 試나 研究會中某人은 今日이 時機가아너라고 語되 密密中地盤을 堅케야 新政黨을 創立랴 途中이터라 現內閣反對旗下에 聚 人이 各樣各種이라 其組織랴 目的이 各自方便을 主義니 苐一은 山縣有朋氏의 系統君權主意를 奉야 非政黨內閣主意를 主唱 桂、曾、禰、淸浦、烏尾等을 首領으로야 國民協會一部分이 此에 屬얏고 苐二 政黨主意를 是認야 現內閣을 反抗데 金子와 末松等과 國民協會一部分이 亦此를 贊고 苐三은 從來干係로 菲現內閣黨에 左袒얏스나 今에는 中立地位에 起立야 新政黨大勢에 吸引 徒輩라 現內閣手加减에도 動搖 貌樣이라 此等人中目下政黨組織의 發表 人의 今時機가오히려 早다 人이 多數가되야 組織結末의 早晩은아직 知치못너라,https://www.nl.go.kr/newspaper/detail.do?content_id=CNTS-00093696790
news_archive:CNTS-00093698059,1898,황성신문,Hanmun,Hanja,前號連續,●司法十二月十日(前號連續)別紙 懲役人犯中六犯外减一等秩高等裁判所 黃萬已 左道亂正爲從罪 懲役終 身减一等 十五年 朴允大 左道亂正爲從罪 懲役十 五年减一等 十年 宋一會 左道亂正爲從罪 懲役十 年减一等 七年 梁明五 私掘罪 懲役終身减一等 十五年 鄭完植 私掘罪 懲役十年减一等 七年 朴升文 私掘罪 懲役三年减一等 二年半 金用瑞 挾制官吏罪 懲役二年半 减一等二年 (未完),https://www.nl.go.kr/newspaper/detail.do?content_id=CNTS-00093698059
news_archive:CNTS-00093697419,1898,황성신문,Modern Korean,"Hanja, Old Hangeul",學部訓令續,别報⊙(學部訓令續)然則我邦之關係于天下가 豈不大哉아 夫以如此之國으로 人物이 爲天下最고 山川이 又據要衝야 若及今大修德政야 以致富强則雖不能朝諸矦而有天下라도 儼然强國氣象이 當與歐亞諸邦으로 相伯仲리니 豈不偉哉아 然而富强之道 寔係于整頓國政이오 整顿國政은 莫急於學校而又尤在於實心做實學야 期與各西國으로 並駕齊驅야 建萬世不拔之基고 立五洲獨立之業이니 此豈非諸生之責而本部之望諸生者豈淺尠哉아 然이 今觀諸生論說諸篇니 言固可觀而但襲古人皮毛야 粉飾外樣고 絕無實用工程니 此可謂近來迂儒緖餘라 旣無補於當世고 又無益於身家며 且文法이 如出一口야 甲乙兩班이 雖少有工拙之分而或借手成章며 代筆寫冊야 其中孰眞孰贋을 莫可明辨야 恰如塲屋中舉子十數輩가 俱曰應試나 實則寫手巨擘兩人이 作之書之而已오 脫令無借無代고 親書親作이라도 如此尋章摘句之習을 鳥可長也리오 現今更張之餘에 又蹈此轍則菲但虛實相蒙야 眞才를 難以復見일더러 將年少後生이 習慣成俗야 無以獎拔其志氣오 恐徒成懶惰之風리니 豈不慨然가 現今本部諸般이 猶属草創야 敎科等書를 全不準備라 玆先將公法會通二帙泰西新史國漢文各五帙西遊見聞一冊中日略史十冊俄國略史二十冊尋常小學十帙大韓圖二幅小地球圖五幅을 齎送야 以便習讀而其法則隨其年才差等야 授以冊子難易고 並寄問題十數條야 使諸生으로 訓令到付後限三個月准九十日內에 逐條著論送部야 俾作刮目之資며 旣不許倩人作寫고 且不必强意全用漢文며 其以國漢文交用이 實爲可合而其全用國文도 亦無不可야 惟任其意興所到에 暢達意見라 盖本部敎導之職이 全在於發達進步야 使人智見이 日開며 其於文章之浮華와 虛飾之外套 不但不欲勸勉이라 並當禁而戒之야 以至實事求是야 使國家로 輾弱爲强고 民習이 回詐返淳이니 凡在校諸生온 務遵此訓야 母負本部期望之心이 可也라 問題法國이 何故大亂며 拿破崙苐一皇은 何如 英雄고英國은 何以興盛야 世界一等國이되며 政治善不善이 我國에 比면 何如고 隱諱처말고 據實直書이 可홈印度國은 何故로 英属國이되야 至今지 自主치못고普法戰爭에 普國은 何以勝이며 法國은 何以敗오墺地利皇帝飛蝶南온 何故遜位며 今에 其國情形이 何如오意大利國史記中拿破螺師王飛蝶南苐二가 其民을 暴虐다가 各國에게 見侮얏스니 其情形과 是非가 何如오俄國이 政治와 拓地홈과 所得属地國民을 何以待之며 其國과 深交이 何如고此 俄國略史를 熟覽고 條對이 可홈 突厥國은 何如 國인고 其政治善不善을 言이 可홈美國은 世界中에 敎化와 各情形이 何如다고新政이 興 後世界가 比前면 何如오我大韓은 何政治를 用여야 世界一等國이되며 舊習은 不改면 何境에 將至고 昭昭明白히 著論이 可홈 完 以上問題다 泰西新史를 先讀고 條對이 可홈,https://www.nl.go.kr/newspaper/detail.do?content_id=CNTS-00093697419
news_archive:CNTS-00093105515,1899,,English,Latin,JAPANESE RELIGIOUS LIBERALITY,"JAPANESE RELIGIOUS LIBERALITY.TOKYO, Aug. 1. It has been decided that the Christian churches in the city and rural districts of Tokyo shall, counting from the 27th ult ◈ he exempted from imposition of the House.tax the same as Buddhist temples, in accordance with the Home Department Order No. 41",https://www.nl.go.kr/newspaper/detail.do?content_id=CNTS-00093105515
news_archive:CNTS-00098981189,1899,독립신문(서재필),Modern Korean,"Hanja, Old Hangeul",世昌洋行 졔물포,○ 世昌洋行 졔물포 셰계에 뎨일 죠흔 금계랍을 이 회샤에셔  새로 만히 가져 와셔 파니 누구던지 금계랍 쟝 고 십흔이 이 회샤에 와셔 샤거드면 도매 금으로 게 주리라,https://www.nl.go.kr/newspaper/detail.do?content_id=CNTS-00098981189
news_archive:CNTS-00099001351,1899,독립신문(서재필),Modern Korean,"Hanja, Old Hangeul",쳥인 쳑,○ 쳥인 쳑) 령변군 구령산은 본시 공산인 쳥국 사 三四명이 와셔 슈목을 작벌 고 을 긔간 다더라,https://www.nl.go.kr/newspaper/detail.do?content_id=CNTS-00099001351
news_archive:CNTS-00099000492,1899,독립신문(서재필),Modern Korean,"Hanja, Old Hangeul",슌검 느릴일,○ 슌검 느릴일) 지금 잇 슌검슈가 부죡 니 五百명을 더 느리고 경무쳥에셔 부에 질품엿다더라,https://www.nl.go.kr/newspaper/detail.do?content_id=CNTS-00099000492
news_archive:CNTS-00099000115,1899,독립신문(서재필),Modern Korean,"Hanja, Old Hangeul",世昌洋行 졔물포,○ 世昌洋行 졔물포 셰계에 뎨일 죠흔 금계랍을 이 회샤에셔  새로 만히 가져 와셔 파니 누구던지 금계랍 쟝 고십흔이 이 회샤에 와셔 사거드면 도매 금으로 게 주리라,https://www.nl.go.kr/newspaper/detail.do?content_id=CNTS-00099000115
news_archive:CNTS-00098999590,1899,독립신문(서재필),Modern Korean,"Hanja, Old Hangeul",탁지 실화,○ 탁지 실화) 음력 졍월 금음 五졍에 탁지부 부셕쇼에셔 실화가 되야 모든것이 다 탓 다히 파수 병뎡들이 구원 야 그 불을 박멸 엿다더라,https://www.nl.go.kr/newspaper/detail.do?content_id=CNTS-00098999590
news_archive:CNTS-00098999952,1899,독립신문(서재필),Modern Korean,"Hanja, Old Hangeul",관보 三월 三十일 셩균관에셔 경의,○ 셩균관에셔 경의 (經義)로 뭇고 답 야 힌 사은 최찬한 셩 김도슌 경문슈 허위 한교 리병민 리현두 구쟝셔 죠병문 심샹룡 림치민이더라,https://www.nl.go.kr/newspaper/detail.do?content_id=CNTS-00098999952
news_archive:CNTS-00098980347,1899,독립신문(서재필),Modern Korean,Hangeul,기샤보건,○ 기샤보 건) 일본 공학 뎐 의평씨를 량디 아문 기샤 거렴씨가  아문 기슈보 식히랴고 벽으로 불너 왓 졍부와 외부에셔 관계가 업셧다고 얏던지 일본 공가 외부에 죠회 기를  기샤가  아문 춍의 위임 권을 어덧 기에 불너 왓슨즉 계약셔를 드러 고입을 거나 그럿치 안면 셕 간 월비와 항해  부비를 지발 여 붓쳐 보라고 얏다더라,https://www.nl.go.kr/newspaper/detail.do?content_id=CNTS-00098980347
news_archive:CNTS-00098980891,1899,독립신문(서재필),Modern Korean,Hangeul,평병 과슈,○ 평병 과슈) 졍동 새 대궐 셔편 평셩문 밧긔다 파슈막을 가셜 고 평양 병뎡으로 여곰 파슈게 다더라,https://www.nl.go.kr/newspaper/detail.do?content_id=CNTS-00098980891
news_archive:CNTS-00098981041,1899,독립신문(서재필),Modern Korean,"Hanja, Old Hangeul",무실직진참,● 무 실직 진참) 음력 十월 쵸 十일에 쟝죵 대왕 위를 경모뎐으로 봉안 실 에 챠비 관은 다 실직 잇이들노 거 식한다 김긔동씨 몃몃 사은 실직이 업셔도 공고에 진참 다더라,https://www.nl.go.kr/newspaper/detail.do?content_id=CNTS-00098981041
news_archive:CNTS-00099001468,1899,독립신문(서재필),Modern Korean,Hangeul,본신문샤에셔이졔브터무를더확쟝,○ 본 신문샤에셔 이졔 브터 무를 더 확쟝 야 신문 외에  각 셔과 쟝뎡과 규칙과 광고와 령슈증 등물을 한문이나 국문이나 영문 간에 각기 쇼쳥로 졍긴히 박혀 들일터이며 명함도  한문 국문 영문으로 각기 쇼원을 좃챠 특별히 더 졍긴히 박혀 들이겟스니 방 쳠 군 만히 져와셔 쥬문들 시요,https://www.nl.go.kr/newspaper/detail.do?content_id=CNTS-00099001468
news_archive:CNTS-00098981090,1899,독립신문(서재필),Modern Korean,Hangeul,샹무샤고시,● 샹무샤 고시」샹무샤에셔 각쳐에 고시 기를 샹민들이 각군 지샤 무쟝을 도득  로 이왕 테챵 흔 무쟝들을 허무 게 얼거셔 하쇼 얏다가 그 질 식히 당에 간샹이 탄로면 법률로 감쳐 지니 대쇼 샹민은 다 알나 얏다더라,https://www.nl.go.kr/newspaper/detail.do?content_id=CNTS-00098981090
news_archive:CNTS-00098998304,1899,독립신문(서재필),Modern Korean,"Hanja, Old Hangeul",동경 리슈,○ 동경 리슈) 일본 동경 길 도합 리슈를 치면 一千三百 六十二리요 물  나무통 부비가 년에 二百여万원이라더라,https://www.nl.go.kr/newspaper/detail.do?content_id=CNTS-00098998304
news_archive:CNTS-00099000388,1899,독립신문(서재필),Modern Korean,"Hanja, Old Hangeul",션고 방숑,○ 션고 방숑) 셔셔 슌검 박인양이가 고발 야 리존샹 홍운셥 뎡규회 경현슈등 八인이 감옥셔에 갓치여 고등에셔 루 판 다더니 그졋긔 션고 야 다 방숑이 되고 박인양 쟝윤샹등 몃 사은 노이지 못 엿다더라,https://www.nl.go.kr/newspaper/detail.do?content_id=CNTS-00099000388
news_archive:CNTS-00098998975,1899,독립신문(서재필),Modern Korean,"Hanja, Old Hangeul",큰 도젹질,○ 큰 도젹질) 론돈 一월 二十六일 발 법국 경셩 파리 은에셔 영국 지표 六万방 (六十万원)을 일엇다더라,https://www.nl.go.kr/newspaper/detail.do?content_id=CNTS-00098998975
news_archive:CNTS-00098999764,1899,독립신문(서재필),Modern Korean,"Hanja, Old Hangeul",황송 쳐분,○ 황송 쳐분) 근에 각군 군슈들을 새로 낸 쥬본 일졀노 그졋긔 밤에 황송  쳐분이 나리샤 봉현고 야 당 부 대신 셔리 민병한씨 류 十五년 고 참졍 심샹훈씨 류 죵신 고 의졍부 의졍 셔리와 찬졍 참찬 각부 대신은 모도 면관이 되엿다 며 신임 각군 군슈들은 다 물시 된다 말이 잇다더니 다시 광탕지뎐이 나리샤 류와 면관이 다 물시 되엿다 말이 잇다더라,https://www.nl.go.kr/newspaper/detail.do?content_id=CNTS-00098999764
news_archive:CNTS-00099000193,1899,독립신문(서재필),Modern Korean,Hangeul,영함 동뎡,○ 영함 동뎡) 영국 군함 파워풀과 빅토리어스와 투리온 병함들이 홍콩에셔 나 일본 등디로 갓  죵적을 알슈 업다더라,https://www.nl.go.kr/newspaper/detail.do?content_id=CNTS-00099000193
news_archive:CNTS-00098978851,1899,독립신문(서재필),Modern Korean,"Hanja, Old Hangeul",교졍쇼죠회,○ 교졍쇼 죠회) 각부府와 부部와 원과 쳥에셔 지금 시  규칙들을 긴급히 실 야 볼 일이 잇스니 을미 四월 一일 이후로 각기 본 을에 관계 되 칙령과 법률과 부령部令의 일응 문젹들을 이 빗쵸여 긔록 야 곳 여셔 법규 교졍쇼로 보라고 쇼 춍 운용션씨가 각부 부 원 쳥에 죠회 엿다더라,https://www.nl.go.kr/newspaper/detail.do?content_id=CNTS-00098978851
news_archive:CNTS-00098980620,1899,독립신문(서재필),Modern Korean,Hangeul,사필귀졍,○ 사필 귀졍) 롱샹공부 기샤로셔 직무에 근간 던 윤방현씨 의외에 무고히 벼을 갈녓다더니 지금 드른즉 군부 위관으로 구쳐가 된다 말이 잇다더라,https://www.nl.go.kr/newspaper/detail.do?content_id=CNTS-00098980620
news_archive:CNTS-00093083843,1899,매일신문,Modern Korean,Hangeul,삼화항 총슌 리익쥬 면본관고,○삼화항 총슌 리익쥬 면본관고,https://www.nl.go.kr/newspaper/detail.do?content_id=CNTS-00093083843
news_archive:CNTS-00093084896,1899,매일신문,Modern Korean,Hangeul,이 십오일에 고등 판쇼 판쟝 류긔환씨가,○이 십오일에 고등 판쇼 판쟝 류긔환씨가 관원들의게 신칙 기를 비밀이 공를 외인의게 누셜치 말고 마을 인에 찰은 일병 드리지 말고 갓친 죄인들의 밤을 령으로 여곰 바다 드리게 고 다른 사으로 구류간에 드러 오지 못 게 되 만일 이 령칙 로 안이 면 단당 죄를 당 리라고 엿디더라,https://www.nl.go.kr/newspaper/detail.do?content_id=CNTS-00093084896
news_archive:CNTS-00093700488,1899,황성신문,Modern Korean,"Hanja, Old Hangeul",俄兵侵入의 實情,⊙(俄兵侵入의 實情)俄兵 三百名이 分二隊야 파미루로븟터 葱嶺北方淸國領內에 入얏 此 俄國政府에셔 가슈루 附近의 俄國領事舘所在地에 駐屯케 기 爲이오 決斷코 淸國에 侵入랴 意 아니라 나 或說에 右兵員은 此地方의 道路開墾에 使用은 確事인 其如何 目的으로 道路를 開通지 想像면 多少間 其意向을 解기 非難 것이 俄帝가 去一月에 土耳其斯坦(阿富汗)管區에 陸兵 二萬人을 增加라 勅令을 發 걸 觀더라도 亦俄國의 眞意를 足히 窺지라더라,https://www.nl.go.kr/newspaper/detail.do?content_id=CNTS-00093700488
news_archive:CNTS-00093699434,1899,황성신문,Modern Korean,"Hanja, Old Hangeul",大凡人民이 至寃且痛한 事를 當하면반다시 至迫且難한 事를 行하니,論說◎大凡 人民이 至寃且痛한 事를 當하면 반다시 至迫且難한 事를 行하니 何以然也오 人民의 所恃而生하 바 財産이라 萬一 官長들이 其財産을 侵奪하야 所業을 全廢할 境遇이면 是 其生命을 斷함과 無異하니 其生命을 全保치 못하고야 엇지 前頭를 思할  有하리오 故로 西人이 有言曰 惡民上에 無善政府라 하니라 我大韓이 原來 人造物은 無하고 다만 天造物로 人民이 賴生하 惟獨松都 蔘業을 專事하야 現今 各國이 通商한 以後에 出口物이 此紅蔘一種에 過할 者ᅵ 無할 더러 此紅蔘은 地質의 最宜함을 稟하야 生養함으로 東洋諸國의 有名 農學家에셔도 人力으로 養成치 못 隣國의 利益을 釣取은 此로써 發明 만지라 故로 國庫에 一年稅入이 十五萬元에 不下니 此亦巨欵이라 然나 此를 人民으로 任作 任賣야 稅納만 收入지 아니고 政府에셔 專管 專賣야 本價만 出給 自然民利가 減損으로 事業을 擴張치 못야 該都人의 常歎 바 일러니 挽近以來로 百弊가 層生야 監督이니 監理니 派員이니  官人들이 兵丁 巡檢을 多率下去야 稱名은 間買次買라 나 價本은 不給니 圃主의 積年之工과 傾家之財가 蒼天이 杳然고 或 潛採라 潛賣라 執言야 其財産을 盡取니 一都의 蔘業 人民들이 一敗塗地야 支保키 難나 呼訴할 處가 無다더니 數年以來로 日本商民이 成群作黨야 槍劒을 各持고 有主 物을 無人之境치 採去니 我國圃民은 勢力이 不及야 如此不法을 當 叩地呼天 이어니와 本府府尹은 生民財産을 保護 道에 맛당히 禁斷이 切嚴 거시어 其慘酷 形狀을 見고도 尋常에 付야 一言半辭가 無니 其日商의 橫肆함을 뉘 能히 禦리오 然함으로 圃民들이 日商에게 蔘價를 准數히 推尋치 못한 者ᅵ 三百萬兩에 不下고 于今 京底에 逗留야 歸家치 못한 者ᅵ 太半이러니 如何한 奸類輩가 我國圃民이 日商에게 蔘圃를 故賣엿다 誣告야 狼藉한 圃民을 京鄕牢獄에 嚴囚야 苦楚를 不耐함 日前에 松都人民들이 會同相議야 曰 吾輩가 蔘業을 更起다가 死所를 不知할지라 此後에 一府人民이 餓斃를 當할지언졍 蔘業은 永廢하리라 하고 今春에 栽植랴던 種子 十餘萬間 材料를 南門外에 積聚고 燒火야 來頭에 數十百萬財源이 一柄 火炬를 作엿스니 人民의 至寃至痛 事를 當야 至迫且難 事를 行이 엇지 此에 過리오 嗟乎라 此蔘種子의 千粒萬顆가 此都人民의 無限淚珠를 化出리로다 然則 全都生靈은 無故餓死려니와 國庫에 年納巨額은 何處에 推尋며 出口던 一種大物이 從今以後로 永絶엿스니 淸國黃河以南 鴉烟에 得病 人民들이 何藥으로 得生지,https://www.nl.go.kr/newspaper/detail.do?content_id=CNTS-00093699434
news_archive:CNTS-00093704630,1899,황성신문,Modern Korean,"Hanja, Old Hangeul",本社告白,"本社告白●新聞價 每一張 葉五分, 一朔 葉一兩, 六朔 先給 葉五兩五錢, 一年 先給 葉十一兩이오 外方에셔 購覽시 이 以上定價外에 郵稅를 每朔 葉二錢七分만 添入홈右錢을 或 郵票로 代送거든 郵遞章程을 依야 十分一(假量 錢一兩이면 郵票로 一兩一戔價値)을 加計買送시廣告費 本新聞發行 四号活字로 每行에 葉三錢을 取 行의 多少와 期의 長短에 加減이 有니 躬枉面議시本社 中署澄淸坊黃土峴第二十三統七戶前右巡廳皇城新聞社 社長 南宮檍總務員 羅壽淵",https://www.nl.go.kr/newspaper/detail.do?content_id=CNTS-00093704630
news_archive:CNTS-00093705413,1899,황성신문,Modern Korean,"Hanja, Old Hangeul",大英國루너못든 各種純소다 製造會社,商標大英國 루너못든 各種 純소다 製造會社此純소다가 大韓草木灰水보담 甚히 好 物이니 大韓草木灰水를 用든 各處에 代用이 妥當오며 此소다가 甚히 純精潔白고 全히 水에 入면 消化니 但 水에 入야 消化면 用게 되며 此소다가 愈精고 節用이 되고 辛苦도 少고 何處에던지 草木灰水를 用든 處에 取用면 甚히 勝고 卽今은 大韓에셔 能히 此各種 소다를 買得 事各種 소다에 名目과 各其 所用處를 左에 說明노라大韓 타 소다日本 苛性曹達淸國 燒鹼타 소다 大韓多處에셔 已爲取用얏스며 名은 양물이라 고 소다 中에 타 소다가 力이 第一 甚大게 製造 것이니 大韓衣服을 洗濯 合當고 衣服에 油을 除去과 棉과 麻와 葛로 織造 布木을 漂白 用이 合當고 肥皂도 此으로 造며 其外에 大韓造紙 楮皮를 沸煑에 合當고 此소다가 甚히 力大야 恒常 少히 用 것이요 此타 소다 啖食 或 呑下이 不可 事大韓 슌소다日本 曹達灰淸國 純鹼슌소다 타 소다과 如히 力이 甚大치 아니야 恒常 타 소다가 力이 甚大가 慮 處에 取用야 洗濯 用이 可고 又土器의 光色이 나게 과 琉璃와 其他를 製造 用 事大韓製紙人의게 타 소다나 或 슌소다 兩種中으로 楮皮를 沸煑에 取用을 特히 勸請노라타 소다 紙를 甚히 白게 고 슌소다 紙를 極히 柔고 堅固게 니 此兩種中에 可合 소다로 製造 紙 不精 大韓草木灰水를 用야 製造 紙보담 極히 品이 好 事大韓 결면소다日本 重炭酸曹達淸國 潔麵鹼소다 中에 결면소다가 但히 飮料 食料에 用며 藥으로도 用고 麵包와 餠과 其他 各種 菓子 等을 造 用고 飮料를 溶氣가 有게 도 用며 滯症에 藥으로 用며 其他 各樣으로 用 事大韓 슈졍갓튼 소다日本 濃結晶曹達淸國 濃晶鹼繭絲繅出 時에 草木灰水를 勿用고 此소다로 代用면 繭津은 除去고 絲色이 潔白기로 特히 勸請오며 綿紬와 細織 紬와 各色 絨을 洗濯 用고 水을 柔滑게 며 水에 混化야 沐浴도 며 鍮器 銀器와 其他 各色 鐵物을 拭磨 用며 染色 人이 草木灰水을 代야 此소다를 用이 合當 事,https://www.nl.go.kr/newspaper/detail.do?content_id=CNTS-00093705413
news_archive:CNTS-00093700244,1899,황성신문,Modern Korean,"Hanja, Old Hangeul",步兵操典一編을 我國口令으로 現已刊完얏,廣告●步兵操典 一編을 我國口令으로 現已刊完얏 價金은 每卷 四十錢이오니 軍隊外라도 願覽시 僉君子 本學校副官室로 請購시光武三年三月三十日 武官學校,https://www.nl.go.kr/newspaper/detail.do?content_id=CNTS-00093700244
news_archive:CNTS-00093704258,1899,황성신문,Modern Korean,"Hanja, Old Hangeul",南阿送兵,⊙(南阿送兵)三千五百 英兵은 南阿나탈(트란스발의 隣國)國境에 屯營고 二個 聯隊도 南阿에 已到고 工兵의 輕氣球分隊도 出發고 且南阿에 三千頭 驢馬를 運送기로얏더라,https://www.nl.go.kr/newspaper/detail.do?content_id=CNTS-00093704258
news_archive:CNTS-00093703554,1899,황성신문,Modern Korean,"Hanja, Old Hangeul",本校第二學期 當야 九月一日붓터 開學터인바 玆에 學員을 募集오니,●本校第二學期 當야 九月一日붓터 開學 터인바 玆에 學員을 募集오니 志願人은 九月二十日지 本校에 來야 入學을 請願시但 學課及試驗은 本校規則을 來覽시新門外 私立光興學校,https://www.nl.go.kr/newspaper/detail.do?content_id=CNTS-00093703554
news_archive:CNTS-00093701998,1899,황성신문,Modern Korean,"Hanja, Old Hangeul",俄帝西伯利幸行,⊙(俄帝西伯利幸行)俄國皇帝 六月末에 西伯利地方에 幸行 豫定인 各地監獄及罪人追放地를 巡視야 政治上犯罪人에 對야 特赦 터이라더라,https://www.nl.go.kr/newspaper/detail.do?content_id=CNTS-00093701998
news_archive:CNTS-00093701925,1899,황성신문,Modern Korean,"Hanja, Old Hangeul",海事局開設,⊙(海事局開設)日本은 海事局을 開設 遞信省管轄에 屬케 고 東京函舘大阪 長崎各船舶司檢所長을 局長으로 고 神戶 橫濱等船舶司檢所出派所를 海事局出派所로고 樞要 港口에 該出派所를 漸次 增設다더라,https://www.nl.go.kr/newspaper/detail.do?content_id=CNTS-00093701925
news_archive:CNTS-00093705632,1899,황성신문,Modern Korean,"Hanja, Old Hangeul",西署東幕釜谷居金洙煕의 字가 聖游더니 今에 道源으로 改稱오니,●西署東幕釜谷居 金洙煕의 字가 聖游더니 今에 道源으로 改稱오니 知舊間 照亮시오 金洙煕 告白,https://www.nl.go.kr/newspaper/detail.do?content_id=CNTS-00093705632
news_archive:CNTS-00093706357,1899,황성신문,Modern Korean,"Hanja, Old Hangeul",商務社長의 任遞,⊙(商務社長의 任遞)商務都社長 吉永洙氏가 遞任고 副司務 李圭恒氏가 轉任얏다더라,https://www.nl.go.kr/newspaper/detail.do?content_id=CNTS-00093706357
news_archive:CNTS-00093704312,1899,황성신문,Modern Korean,"Hanja, Old Hangeul",戶口何減,⊙(戶口何減)開城에셔 本年度 戶口籍을 內部에 繕呈얏 戶口數가 昨年에 比야 夥多히 減少 지라 該部에셔 訓飭고 査實更報라 얏더니 更報기를 高頭里一洞 四十餘戶가 本來 豊德郡所屬으로 開城에 移付얏다가 今年에 該郡으로 付還 故로 戶口가 減少다 얏다더라,https://www.nl.go.kr/newspaper/detail.do?content_id=CNTS-00093704312
news_archive:CNTS-00093701303,1899,황성신문,Modern Korean,"Hanja, Old Hangeul",搬費劃給,◎(搬費劃給)仁港의 前日 淸商租界에 居生 我民八十餘戶 他處로 移去라고 搬移費 千四百餘元을 該監理 徐相喬氏가 海關稅銀中으로 周旋劃給얏다더라,https://www.nl.go.kr/newspaper/detail.do?content_id=CNTS-00093701303
news_archive:CNTS-00093706018,1899,황성신문,Modern Korean,"Hanja, Old Hangeul",大英國루너못든 各種純소다 製造會社,商標大英國 루너못든 各種 純소다 製造會社此純소다가 大韓草木灰水보담 甚히 好 物이니 大韓草木灰水를 用든 各處에 代用이 妥當오며 此소다가 甚히 純精潔白고 全히 水에 入면 消化니 但 水에 入야 消化면 用게 되며 此소다가 愈精고 節用이 되고 辛苦도 少고 何處에던지 草木灰水를 用든 處에 取用면 甚히 勝고 卽今은 大韓에셔 能히 此各種 소다를 買得 事各種 소다에 名目과 各其 所用處를 左에 說明노라大韓 타 소다日本 苛性曹達淸國 燒鹼타 소다 大韓多處에셔 已爲取用얏스며 名은 양물이라 고 소다 中에 타 소다가 力이 第一 甚大게 製造 것이니 大韓衣服을 洗濯 合當고 衣服에 油을 除去과 棉과 麻와 葛로 織造 布木을 漂白 用이 合當고 肥皂도 此으로 造며 其外에 大韓造紙 楮皮를 沸煑에 合當고 此소다가 甚히 力大야 恒常 少히 用 것이요 此타 소다 啖食 或 呑下이 不可 事大韓 슌소다日本 曹達灰淸國 純鹼슌소다 타 소다과 如히 力이 甚大치 아니야 恒常 타 소다가 力이 甚大가 慮 處에 取用야 洗濯 用이 可고 又土器의 光色이 나게 과 琉璃와 其他를 製造 用 事大韓製紙人의게 타 소다나 或 슌소다 兩種中으로 楮皮를 沸煑에 取用을 特히 勸請노라타 소다 紙를 甚히 白게 고 슌소다 紙를 極히 柔고 堅固게 니 此兩種中에 可合 소다로 製造 紙 不精 大韓草木灰水를 用야 製造 紙보담 極히 品이 好 事大韓 결면소다日本 重炭酸曹達淸國 潔麵鹼소다 中에 결면소다가 但히 飮料 食料에 用며 藥으로도 用고 麵包와 餠과 其他 各種 菓子 等을 造 用고 飮料를 溶氣가 有게 도 用며 滯症에 藥으로 用며 其他 各樣으로 用 事大韓 슈졍갓튼 소다日本 濃結晶曹達淸國 濃晶鹼繭絲繅出 時에 草木灰水를 勿用고 此소다로 代用면 繭津은 除去고 絲色이 潔白기로 特히 勸請오며 綿紬와 細織 紬와 各色 絨을 洗濯 用고 水을 柔滑게 며 水에 混化야 沐浴도 며 鍮器 銀器와 其他 各色 鐵物을 拭磨 用며 染色 人이 草木灰水을 代야 此소다를 用이 合當 事,https://www.nl.go.kr/newspaper/detail.do?content_id=CNTS-00093706018
news_archive:CNTS-00093704986,1899,황성신문,Hanmun,Hanja,宮廷錄事,官報十一月八日●(宮廷錄事)宮內府特進官徐相雨辭職疏 批旨省疏具悉所請依施內部地方局長尹德榮辭職疏 批旨省疏具悉爾其勿辭察職 以上十一月六日,https://www.nl.go.kr/newspaper/detail.do?content_id=CNTS-00093704986
news_archive:CNTS-00093701950,1899,황성신문,Modern Korean,"Hanja, Old Hangeul",淸國과 英俄協商,⊙(淸國과 英俄協商)去月十日 上海通信을 據즉 淸國政府 英俄協商에 就야 公顯히 兩國에 書를 送 淸國의 自主權을 妨 者이라 야 斷然히 此를 承認아니 旨로 申얏더라,https://www.nl.go.kr/newspaper/detail.do?content_id=CNTS-00093701950
news_archive:CNTS-00093702617,1899,황성신문,Modern Korean,"Hanja, Old Hangeul",私立日語專修學校生徒募集廣告,廣告●私立日語專修學校生徒募集廣告一 本校 日語에 有意 者와 通商을 從事 者와 日本學術及技藝를 學習려  者를 爲야 設立이니 速成을 期야 卒業期限을 一個年으로 爲야 日語를 能通게一 一個年을 三學期로 分級야 每學期에 大試驗을 行야 卒業 者에게 卒業證書를 與一 本校敎師 日人 古河松之助 外二名이 擔任고 學科目은 會話 讀書 作文 翻譯 討論及演說 等을 鍊習게 一 本校 月謝를 徵收니 本校細則은 本校로 來야 就見이 可一 陰曆七月一日로 爲始야 開學 터이니 入學려  人은 六月二十八日지 入學請願書를 出이 可一 本校 北署小安洞에 設,https://www.nl.go.kr/newspaper/detail.do?content_id=CNTS-00093702617
news_archive:CNTS-00093705677,1899,황성신문,Modern Korean,"Hanja, Old Hangeul",大英國루너못든 各種純소다 製造會社,商標大英國 루너못든 各種 純소다 製造會社此純소다가 大韓草木灰水보담 甚히 好 物이니 大韓草木灰水를 用든 各處에 代用이 妥當오며 此소다가 甚히 純精潔白고 全히 水에 入면 消化니 但 水에 入야 消化면 用게 되며 此소다가 愈精고 節用이 되고 辛苦도 少고 何處에던지 草木灰水를 用든 處에 取用면 甚히 勝고 卽今은 大韓에셔 能히 此各種 소다를 買得 事各種 소다에 名目과 各其 所用處를 左에 說明노라大韓 타 소다日本 苛性曹達淸國 燒鹼타 소다 大韓多處에셔 已爲取用얏스며 名은 양물이라 고 소다 中에 타 소다가 力이 第一 甚大게 製造 것이니 大韓衣服을 洗濯 合當고 衣服에 油을 除去과 棉과 麻와 葛로 織造 布木을 漂白 用이 合當고 肥皂도 此으로 造며 其外에 大韓造紙 楮皮를 沸煑에 合當고 此소다가 甚히 力大야 恒常 少히 用 것이요 此타 소다 啖食 或 呑下이 不可 事大韓 슌소다日本 曹達灰淸國 純鹼슌소다 타 소다과 如히 力이 甚大치 아니야 恒常 타 소다가 力이 甚大가 慮 處에 取用야 洗濯 用이 可고 又土器의 光色이 나게 과 琉璃와 其他를 製造 用 事大韓製紙人의게 타 소다나 或 슌소다 兩種中으로 楮皮를 沸煑에 取用을 特히 勸請노라타 소다 紙를 甚히 白게 고 슌소다 紙를 極히 柔고 堅固게 니 此兩種中에 可合 소다로 製造 紙 不精 大韓草木灰水를 用야 製造 紙보담 極히 品이 好 事大韓 결면소다日本 重炭酸曹達淸國 潔麵鹼소다 中에 결면소다가 但히 飮料 食料에 用며 藥으로도 用고 麵包와 餠과 其他 各種 菓子 等을 造 用고 飮料를 溶氣가 有게 도 用며 滯症에 藥으로 用며 其他 各樣으로 用 事大韓 슈졍갓튼 소다日本 濃結晶曹達淸國 濃晶鹼繭絲繅出 時에 草木灰水를 勿用고 此소다로 代用면 繭津은 除去고 絲色이 潔白기로 特히 勸請오며 綿紬와 細織 紬와 各色 絨을 洗濯 用고 水을 柔滑게 며 水에 混化야 沐浴도 며 鍮器 銀器와 其他 各色 鐵物을 拭磨 用며 染色 人이 草木灰水을 代야 此소다를 用이 合當 事,https://www.nl.go.kr/newspaper/detail.do?content_id=CNTS-00093705677
news_archive:CNTS-00093702858,1899,황성신문,Modern Korean,"Hanja, Old Hangeul",鐵道經費,⊙(鐵道經費)電氣鐵道를 龍山江지 延長은 向報에 記얏거니와 朝鮮新聞에 엿스되 近日에 第一銀行에셔 高佛安氏에게 十五萬元을 渡與야 該工事에 費用다더라,https://www.nl.go.kr/newspaper/detail.do?content_id=CNTS-00093702858
news_archive:CNTS-00093704171,1899,황성신문,Modern Korean,"Hanja, Old Hangeul",淸國近情,⊙(淸國近情)李鴻章氏의 兄李瀚章은 死歿얏 此人이 吏治에 稍明 貪賄無厭고 湖南學政 吳樹梅 賄賂를 貪기를 無所不爲 人의 窄袖를 着 것을 見면 洋奴라 罵면서 其衣를 脫袪케 고 湖南布政使 錫良은 滿洲人인 北京에 在야 西太后에게 謁 時에 漢人中의 人才를 用야 新政을 行이 可다고 더니 今湖南布政使를 任 電燈公司及機器局을 轍去고 新開化黨을 惡기를 仇敵갓치 니 淸人의 頑醜이 如斯히 甚고 얏더라,https://www.nl.go.kr/newspaper/detail.do?content_id=CNTS-00093704171
news_archive:CNTS-00093701765,1899,황성신문,Hanmun,Hanja,宮廷錄事,官報六月廿三日●(宮廷錄事)議政府贊政宮內府大臣署理宮內府協辦臣閔泳琦謹奏肇慶壇始役旣久事鉅費多尙未告功會計院檢査長吳顯耆興德郡守吳應善幷別監董差下使卽馳往敦飭工匠不日竣役凡係冗濫之費一切省減事分付何如謹上奏 光武三年六月二十一日奉旨依奏,https://www.nl.go.kr/newspaper/detail.do?content_id=CNTS-00093701765
news_archive:CNTS-00093702109,1899,황성신문,Hanmun,Hanja,仁川港商船出入豫期表,"●仁川港商船出入豫期表船名 船籍 自 到泊 發行 歷 至 明洋 日本 甑南浦 七月六日 多摩川 日本 日本 七月六日 七月七日 木, 釜 日本 木曾川 日本 日本 七月八日 七月九日 木, 釜 日本 筑后川 日本 日本 七月十三 七月十五 木, 釜 日本",https://www.nl.go.kr/newspaper/detail.do?content_id=CNTS-00093702109
news_archive:CNTS-00093705908,1899,황성신문,Modern Korean,"Hanja, Old Hangeul",法國對淸策,⊙(法國對淸策)西貢發電을 據한즉 法國外務卿은 下議院에서 淸國形勢를 辯明하여 曰 淸國에서 各外人이 同一히 起業하기 爲하야 此를 開放함은 法國의 固執한 政略이니 我國은 淸國에셔 損害를 被한 事ᅵ 毫無하고 且法國은 淸國에 殖民地를 擴張코저 함이 아니라 오 自國에 對하야 最上利益을 收할 意이오 且俄國과 同盟하기 今日 我國의 位置를 鞏固케 하야 將來 我의 宿望을 遂할 途를 開하기 爲함이라 얏더라,https://www.nl.go.kr/newspaper/detail.do?content_id=CNTS-00093705908
news_archive:CNTS-00093704357,1899,황성신문,Modern Korean,"Hanja, Old Hangeul",英國議院召集,⊙(英國議院召集)英國은 刻下事況을 議기 爲야 來十七日 臨時國會를 召集기로 더라,https://www.nl.go.kr/newspaper/detail.do?content_id=CNTS-00093704357
news_archive:CNTS-00093700559,1899,황성신문,Modern Korean,"Hanja, Old Hangeul",徒亂文薄,⊙(徒亂文薄)近日에 農部消息을 聞즉 金礦一欵으로 緣야 各道派員은 該府郡에 嚴訓야 礦業을 速開케 야 달나 고 各郡守들은 田地을 全廢야 人民이 離散스니 該派員을 訓招야 礦店을 速閉케 야 달나 고 人民은 田畓과 墳墓를 毀掘다고 呼訴가 日至니 該部에셔 金礦을 許開 後에 稅金은 一分도 不見고 文薄만 接受키 紛亂다고 더라,https://www.nl.go.kr/newspaper/detail.do?content_id=CNTS-00093700559
news_archive:CNTS-00093207811,1900,대한매일신보,Modern Korean,"Hanja, Old Hangeul",美女伴渡,監理敎堂의 附屬學교를 擴張 次로 美國셔 敎師資格되 女人八名이 今番에 尹致昊氏와 同伴渡韓엿다더라,https://www.nl.go.kr/newspaper/detail.do?content_id=CNTS-00093207811
news_archive:CNTS-00093206386,1900,대한매일신보,Modern Korean,"Hanja, Old Hangeul",鄭也所著,社會에 著名던 鄭某 內地人物及風俗을 記述야 某日人에게 寄付기에 汩沒中이라더라,https://www.nl.go.kr/newspaper/detail.do?content_id=CNTS-00093206386
news_archive:CNTS-00093207736,1900,대한매일신보,Modern Korean,"Hanja, Old Hangeul",葡淸兩國人의 衝突,오門에셔 葡萄牙人과 淸國人이 衝突야 互相死傷이 有 故로 兩國政府에셔 各其軍艦을 派遣며 其勢가 重大다더라以上東京발 拾八日着,https://www.nl.go.kr/newspaper/detail.do?content_id=CNTS-00093207736
news_archive:CNTS-00093205869,1900,대한매일신보,Modern Korean,"Hanja, Old Hangeul",美鐵法案調印,伯林電報를 據즉 美國大統領타푸트氏 曩者에 上下兩院의 妥協을 經過 美國新鐵道法案에 調印엿다더라,https://www.nl.go.kr/newspaper/detail.do?content_id=CNTS-00093205869
news_archive:CNTS-00093206789,1900,대한매일신보,Modern Korean,"Hanja, Old Hangeul",願留杉山,駐京일憲兵隊杉山中尉 平壤郡駐在分隊長으로 轉任엿 韓日人間官吏中該隊長을 願留 次로 運動 者이 多數다더라,https://www.nl.go.kr/newspaper/detail.do?content_id=CNTS-00093206789
news_archive:CNTS-00093206516,1900,대한매일신보,Modern Korean,"Hanja, Old Hangeul",土宰相宣言,倫敦來電을 據즉 土相은 하院에셔 說明기를 크리도島를 保護列國의 土國에 對 堅實 友情과 且希臘에 對 態度를 賞讚고 土耳其人은 列國政府에셔 土國政府로여곰 正當 處置를 執게 堂堂 態度에 對여 注意기를 希望노라얏다더라,https://www.nl.go.kr/newspaper/detail.do?content_id=CNTS-00093206516
news_archive:CNTS-00093208751,1900,대한매일신보,Modern Korean,"Hanja, Old Hangeul",秋蚕種의 買入,農商工部及水原勸業模範場에셔 春夏蠶種을 支給엿스나 秋蚕種은 日本으로 注文買入을 因야 各人處에 不爲支給다더라,https://www.nl.go.kr/newspaper/detail.do?content_id=CNTS-00093208751
news_archive:CNTS-00093204576,1900,대한매일신보,Modern Korean,"Hanja, Old Hangeul",實業團의 謁見,日人近藤廉平의 率 渡淸實業團은 去二日에 北京에셔 攝政王 謁見엿다더라以上 東京發 三日着,https://www.nl.go.kr/newspaper/detail.do?content_id=CNTS-00093204576
news_archive:CNTS-00093708120,1900,황성신문,Modern Korean,"Hanja, Old Hangeul",御眞奉來,⊙(御眞奉來)永興 溶源殿에 奉安太祖高皇帝의 御眞을 陰三月十七日에 前水禦廳內 興德殿으로 奉來터인 議政尹容善氏와 掌禮卿閔泳煥氏가 本月念間登程다더니 日昨內部에셔 京畿江原咸鏡三道에 訓飭야 沿路의 治道修橋를 着力擧行라얏다더라,https://www.nl.go.kr/newspaper/detail.do?content_id=CNTS-00093708120
news_archive:CNTS-00093707410,1900,황성신문,Modern Korean,"Hanja, Old Hangeul",南門內尙洞地에 私立光成學校에셔 今次에 校名及學科를 改定야,●南門內尙洞地에 私立光成學校에셔 今次에 校名及學科를 改定야 商業學專門으로 算術、簿記、日淸語、商業學、經濟學、貨幣論、商工(歷史地理)、銀行論、商法、國際法、財政學、內國地理、貿易實務等學을 分期排定야 晝夜學을 設얏스니 實業에 有志 僉員은 陰曆正月晦內로 入學심을 請 但規則은 本校에 來問시 私立光成商業學校 告白,https://www.nl.go.kr/newspaper/detail.do?content_id=CNTS-00093707410
news_archive:CNTS-00093710331,1900,황성신문,Modern Korean,"Hanja, Old Hangeul",康有爲濠洲行,外 報 照 謄⊙(康有爲濠洲行)康有爲氏가 濠洲의 英國政府制度實情을 視察코져 該地旅行의 許可를 各事務官長에게 請求 擧皆應諾얏더라,https://www.nl.go.kr/newspaper/detail.do?content_id=CNTS-00093710331
news_archive:CNTS-00093710492,1900,황성신문,Modern Korean,"Hanja, Old Hangeul",促報供案,⊙(促報供案)法部에셔 平理院에 訓令고 今番安權兩賊의 前後供案을 尙今不報니 該檢事 事當重譴이나 不無叅諒이라 該對質公案을 一一修報라얏더라,https://www.nl.go.kr/newspaper/detail.do?content_id=CNTS-00093710492
news_archive:CNTS-00093709121,1900,황성신문,Modern Korean,"Hanja, Old Hangeul",尙州公報,⊙(尙州公報)尙州郡公報 據즉 挽近湖嶺接界에 賊盜가 猖獗하야 道路기 梗塞지라 叧派巡校偵探則本郡中牟化寧銀尺等地에 此類가 各持銃劒하고 糾黨四五十名하야 恣意橫行하고 白晝大村에 突入人家하야 威脅恐喝하며 搶奪錢財하고 敺傷人命 民難支保야 衆心이 淘淘한 故로 守城砲軍二十名을 招出야 頒給軍噐고 賊黨屯聚處에 即往야 放砲追趕則賊皆逃竄 故로 銃八柄戰笠四介白紙旗等物을 奪取얏 旗面에 活貧黨大將義旗라 書얏다더라,https://www.nl.go.kr/newspaper/detail.do?content_id=CNTS-00093709121
news_archive:CNTS-00093715325,1900,황성신문,Modern Korean,"Hanja, Old Hangeul",取璧不償城,⊙(取璧不償城)仁港客主任景梧氏等이 外部에 請願되 日人掘國太郞에게 白米賣渡 後價額日貸二千九百九十餘元을 終不報償기로 本港日領事에게 呼訴얏더니 八百元만 出給고 餘金은 待該商興旺後備報다오니 駐京林公使에게 照會야 該賠償金과 原額을 推還야달나고얏더라,https://www.nl.go.kr/newspaper/detail.do?content_id=CNTS-00093715325
news_archive:CNTS-00093712088,1900,황성신문,Modern Korean,"Hanja, Old Hangeul",淸國擾報,外 報 照 謄⊙(淸國擾報)滬電에 曰本月七日拳匪及支那兵이 牛莊을 包圍으로 同地在留外人等의 命脉이 朝夕에 逼迫더라俄國의 大兵이 滿洲松花江의 上流齊齊合爾를 從야 北京方面으로 向야 南進더라山東省에셔 軍隊及匪徒가 膠州及威海衞를 襲擊코져 其附近地에 互相出沒더라 上海電을 據즉 浙江省溫州의 居留外國人이 逃去은 排外熱心 地方官吏의 煽動을 因야 三千暴徒가 歐洲人을 殺戮코져 進來고 且一千兵隊가 武噐를 執고 砲臺에셔 汽船을 向야 發砲랸 氣勢를 示 所以더라烟台電에 曰遼東半島의 暴徒가 遼陽奉天鐵嶺新民大石橋秀岩張家句各地에 彌蔓얏더라牛莊의 居留外人이 領事外에 同港을 退去얏더라大連灣에 居 文那人夫一萬六千名이 四方에 逃散 由로 鐡道其他諸工事가 皆中止되얏더라河南省開封電을 據즉 南陽府의 敎會를 拳匪가 破壞燒却고 寧波의 天主敎堂三個所를 亂民이 燒却얏더라上海電을 據즉 四川湖南浙江其他長江一帶地方에 排外運動이 漸盛더라同電에 曰湖北省襄陽府의 天主敎會堂을 暴徒가 破壞고 宣敎師 遁走얏고 河南省南陽府의 敎會堂을 破壞고 僧正及十二名宣敎師가 甚危며 又加拿太長老敎會의 宣敎師二十名이 南陽府東十哩地에셔 本月八日暴徒의 襲되야 盡其所有物品을 被奪얏더라同電에 曰北淸日報의 揭載 江西通信을 據즉 景德鎭의 敎會堂을 破壞고 基督敎를 信 淸國人이 虐殺을 遇고 又宣敎師 饒州及撫州로셔 撤歸고 敎會堂은 破壞들 被얏더라,https://www.nl.go.kr/newspaper/detail.do?content_id=CNTS-00093712088
news_archive:CNTS-00093709362,1900,황성신문,Hanmun,Hanja,叙任及辭令,●(叙任及辭令)陞叙奏任官二等 警務官安敬煥 四月十九日解分太醫院卿 正二品李根秀○依願免兼任秘書院丞、法部法務局長尹德榮○秘書院郞金德漢 李中泰 尙衣司主事趙秉億 敬陵叅奉權相鼎 章陵叅奉朴履綏 醫學校敎官洪鍾德 中樞院議官李謙來 朴慶洙 朴文煥 閔佐鎬 鄭樂元 高鳳植 宋在五 沈文燮 依願免木官○六品李完世 九品朱奎運 解侍從院分侍從○學部主事金禎潤 九品李悳洙 解侍從院分主事○命宮內府特進官叙勅任官三等 太醫院卿李胄榮○命太醫院卿叙勅任實三等 掌禮院卿李容稙○命掌禮院署叙勅任官三等 正二品李根秀○命分太醫院卿 正二品金晳根○中樞院議長申箕善 命 幸行時守宮大將○任秘書院丞叙奏任官四等 正三品宋廷燮○兼任掌禮院掌禮 秘書院丞徐相隣○兼任太醫院少卿 秘書院丞閔泳迪○六品申容雨 九品李應五 任秘書院郞叙判任官七等○任尙衣司主事叙判任官六等 永禧殿令韓敬會○任永禧殿令叙判任官六等 六品趙秉億○任 敬陵叅奉叙判任官八等 李命珪○任 章陵叅奉叙判任官八等 鄭日燁○任醫學校敎官叙判任官三等 學部主事尹泰應○任學部主事叙判任官六等 閔丙喆○任中樞院議官叙奏任官六等 正三品嚴信源○四品李啓夏 四品尹永求五品閔致殷 六品盧炳穆 六品金鎭達六品金炳定 六品嚴大永 九品宋持弘九品韓和鍾 任中樞院議官叙奏任官六等 以上四月二十一日命宮內府特進官叙勅任官一等 從一品趙秉稷○敬陵叅奉李命珪 章陵叅奉鄭日燁 智陵叅奉金德殷 義陵叅奉金鍾龜 依願免本官○解分秘書院郞 法部主事金南齊○命太醫院卿叙勅任官三等正二品李正魯○任 敬陵叅奉叙判任官八等 金一東○任 章陵叅奉叙判任官八等 崔弻溥○任 智陵叅奉叙判任官八等 金澈濟○任 義陵叅奉叙判任官八等 兪鎭永○命分秘書院郞 九品鄭顯載○六品金德漢 命 幸行時守 宮從事官○給一級俸 中樞院議官嚴信源 以上四月二十二日,https://www.nl.go.kr/newspaper/detail.do?content_id=CNTS-00093709362
news_archive:CNTS-00093714542,1900,황성신문,Modern Korean,"Hanja, Old Hangeul",滿洲山東占領,⊙(滿洲山東占領)滬電에 曰在北京列國公使의 態度를 見니 俄國의 滿洲占領과 德國의 山東占領은 兩國이 互相許容야 畢竟呑噬슨즉 此間에 處야 列國公使의 手腕을 揮은 實히 此時에 在다야 近來外交界가 特히 其點에 關야 注目더라,https://www.nl.go.kr/newspaper/detail.do?content_id=CNTS-00093714542
news_archive:CNTS-00093709948,1900,황성신문,Modern Korean,"Hanja, Old Hangeul",稷山鑛의 申請,⊙(稷山鑛의 申請)稷山金鑛採掘權請求者 日人澁澤淺野兩氏인 日公使가 外部의 合同草繳還을 承服치아니고 其要求를 申請얏더라,https://www.nl.go.kr/newspaper/detail.do?content_id=CNTS-00093709948
news_archive:CNTS-00093713138,1900,황성신문,Modern Korean,"Hanja, Old Hangeul",李朴處流,⊙(李朴處流)前丞旨李會源朴啓煥二氏 昨年警部에 被捉야 尙今未决얏더니 日昨平理院에셔 宣告고 流三年에 處얏더라,https://www.nl.go.kr/newspaper/detail.do?content_id=CNTS-00093713138
news_archive:CNTS-00093708951,1900,황성신문,Hanmun,Hanja,仁川港出帆廣告,●仁川港出帆廣告○肥後丸 四月十二日午前發 烟台天津行○木會川 四月十四日午后發 木浦釜由馬關神戶大阪行○信濃川 四月十七日午后發 甑南浦行○尾張丸 四月二十日發 甑南浦行○信濃川 四月卄三日午後發 木浦釜山長崎神戶大阪行,https://www.nl.go.kr/newspaper/detail.do?content_id=CNTS-00093708951
news_archive:CNTS-00093707209,1900,황성신문,Modern Korean,"Hanja, Old Hangeul",爲國先於食貨,論 說 爲國先於食貨◎周書三八政에 一曰食이오 二曰貨라니 食者 民之所急이니 生命所重이오 貨者 民之所資―니 財産攸係라 食與貨―相須야 艱則貧고 嬴則富함으로 邦國에 食貨의 政을 爲民首設함이오 民온 生命財産을 是政에 是賴是依함이라 現今列邦도 生命財産을 保護함으로써 急先務를 作함 民食이 足며 民貨―足야 國이 隨而富强고 民의 愛國丹忱이 自然感發거 我國民情온 不然야 食興息이 俱艱고 貨與禍―相隨라 貧者는 失業야 不能自食함으로 財産은 不遑他顧오 生命은 求死不贍야 凍餓도 不免고 淸壑에도 轉入며 刑辟에도 易陷고 盜賊에도 流落니 此 無恒産함으로 無恒心타 謂려니와 翩翩한 富鄰은 恒心恒産이 俱有되 不孝不悌도 出於此라며 奸淫亂常도 出於此라며 奸謀枉法도 出於此라야 重罪를 索蒙고 刑戮을 强施니 此 爲貧難이오 爲富亦難이라 若此不己면 國不可以爲國이니 豈非憂時者의 慨然이리오 然이나 爲民者의 自作孽도 不無니 宜可遄改로다 富者 鄙吝한 顽習을 頓棄고 事業上에 懋實야 出力合貲도고 踈財捐義도야 農工器械를 創設며 製造物品을 勸勉야 自己財産을 大殖면 其利가 一國에 自然均施할것이오 貧者 怠惰한 病俗을 頓袪고 生利上에 勇進야 一心을 貞信며 四肢를 勤動야 貿易殖利도며 興工作業도야 一國에 利源을 滋出얏스면 自己의 艱苦를 能免할것이니 心智를 奮發야 盍相勉旃고 書에 云旣富오사 方穀이라고 詩에 云粒我烝民이 莫匪爾極이라니 政府에셔도 食貨의 政을 從長善措야 哀我民庶의 生命財産을 是賴是依케야 保合大和할지어다,https://www.nl.go.kr/newspaper/detail.do?content_id=CNTS-00093707209
news_archive:CNTS-00093713289,1900,황성신문,Modern Korean,"Hanja, Old Hangeul",本學堂秋期開學을 九月十七日(陰八月卄四日)노 定고 課程은 如前히,●本學堂秋期開學을 九月十七日(陰八月卄四日)노 定고 課程은 如前히 英語漢文地誌歷史筭術理學化學文法讀書作文等인 其中에 地誌筭術理學化學等課 學科의 速成기를 爲야 本國話로 敎授터이오 新徒의 許入은 每二朔에 一次式受入 假如九月十七日노 卄一日에 訖야 凡四個日內에만 許入고 更히 十一月十七日노 卄一日지만 許入야 餘月도 依此例受入터이오 敎師 英文課에 外國人三員이오 本國人四員이오 漢文課에 本國人二員이 培材學堂長 亞扁薛羅,https://www.nl.go.kr/newspaper/detail.do?content_id=CNTS-00093713289
news_archive:CNTS-00093706983,1900,황성신문,Modern Korean,"Hanja, Old Hangeul",本社告白,本社告白●本新聞價 每一張葉五分、 一朔葉一兩二錢、六朔先給葉六兩五錢、一年先給葉十二兩五錢이오 外方에셔 購覽시이 以上定價外에 郵稅를 每朔葉二錢七分민 添入右錢을 或郵票로 代送거던 郵遞章程을 依이 十分一 (假量錢一兩이면 郵票로 一兩一戔價値)을 加計買送시廣告費 本新聞發行 四号活字로 每行에 葉三錢을 取 行의 多少와 期의 長短에 加减이 有니 躬枉面議시本社 中署澄淸坊潢土峴第二十三統七戶前右巡廳 皇城新聞社社 長南宮檍 總務員羅壽淵,https://www.nl.go.kr/newspaper/detail.do?content_id=CNTS-00093706983
news_archive:CNTS-00093710827,1900,황성신문,Modern Korean,"Hanja, Old Hangeul",日艦入港,⊙(日艦入港)日艦大島号가 本月十二日木浦로서 仁港에 到泊고 水雷驅逐艇陽炎号 淸國에 向 次로 同十三日仁港에 到얏다가 其翌日에 淸國으로 發向얏더라 朝鮮新報,https://www.nl.go.kr/newspaper/detail.do?content_id=CNTS-00093710827
news_archive:CNTS-00093714621,1900,황성신문,Modern Korean,"Hanja, Old Hangeul",慶親王等任命,外 報 照 謄⊙(慶親王等任命)本月卄二日東京電에 曰慶親王李鴻章이 更히(此處電文六字不明)大臣을 任얏더라,https://www.nl.go.kr/newspaper/detail.do?content_id=CNTS-00093714621
news_archive:CNTS-00093709873,1900,황성신문,Hanmun,Hanja,叙任及辭令,●(叙任及辭令)陞正三品 內部視察官禹用鼎 光武四年一月二十八日依願免本官 秘書院丞李炳城○任秘書院丞叙奏任官四等 正三品兪鎭贊 以上五月十日,https://www.nl.go.kr/newspaper/detail.do?content_id=CNTS-00093709873
news_archive:CNTS-00093716382,1900,황성신문,Modern Korean,"Hanja, Old Hangeul",四探金脉,⊙(四探金脉)木川公報를 據즉 本月十一日에 日本人葛原益吉이 隨員三名을 帶同고 本郡東邊山重九峰에 登陟야 四回看審기로 問其所由니 該日人이 答曰自稷山普德院金礦事務所로 前進來此야 欲察石金氣脉이라기 問其公文有無則不答고 直取數片石야 破見後에 納帒中而去라얏더라,https://www.nl.go.kr/newspaper/detail.do?content_id=CNTS-00093716382
news_archive:CNTS-00093709380,1900,황성신문,Modern Korean,"Hanja, Old Hangeul",誤捉誤徵,⊙(誤捉誤徵)向日警務廳에셔 水下洞居安秉祐氏 捉去야 一片於音을 責償니 其於音은 五萬兩이오 水下洞安이라지라 安氏가 自己於音이아니라고 發明나 該廳에셔 理會치아니고 一向督納기로 無奈何야 如數辦納얏더니 其後警廳에셔 別岐査探즉 年前水下洞居던 安東旭의 仁港營業上納條五萬兩於音이라 該安氏이믜 身故 故로 其子 今已捉囚얏 秉祐氏의 誤徵 錢은 尙今索還치못얏다더라,https://www.nl.go.kr/newspaper/detail.do?content_id=CNTS-00093709380
news_archive:CNTS-00093712268,1900,황성신문,Modern Korean,"Hanja, Old Hangeul",支那의 列强慾望,⊙(支那의 列强慾望)支那에 對야 列强이 將來如何 慾望을 有지 美國一新聞의 言이 如左니 俄國은 盛京省及滿洲、德國은 膠州灣으로셔 西南方에 向 領土擴張、伊國은 從來希望던 三門灣、英國은 香港븟터 北西에 向 一帶土地、葡國은 墺門을 十分保護만 領土、法國은 安南東京붓터 西方에 延長 領土라얏더라,https://www.nl.go.kr/newspaper/detail.do?content_id=CNTS-00093712268
news_archive:CNTS-00093715533,1900,황성신문,Modern Korean,"Hanja, Old Hangeul",日使要礦,雜 報⊙(日使要礦)日使林權助氏가 昌原郡沿海礦山採掘權을 要求얏더라,https://www.nl.go.kr/newspaper/detail.do?content_id=CNTS-00093715533
news_archive:CNTS-00093708700,1900,황성신문,Modern Korean,"Hanja, Old Hangeul",陰曆正月條江南彩票號數榜目이 敝號에 己到얏 曩日各貴客의,●陰曆正月條江南彩票號數榜目이 敝號에 己到얏 曩日各貴客의 所購票中에 得彩가 頗多니 該榜目을 來閱야 彩銀을 領去심이 可고 日陰三月條彩票가 新到얏 此 陰三月二十六日에 上海에셔 開張 者라 貴客은 魁彩를 奪코져시거던 請早來購시 大貞洞安昌號 告白,https://www.nl.go.kr/newspaper/detail.do?content_id=CNTS-00093708700
news_archive:CNTS-00093719685,1901,황성신문,Modern Korean,"Hanja, Old Hangeul",償金要求案의 交附,"⊙償金要求案의 交附列國이 淸國에 要求 償金額은 各自調査中이러니 昨今 其槪數를 定야 財源調査委員(英, 德, 法, 日, 四國公使)에게지 交附얏다 同委員이 其調査의 結果를 列國의 要求額과 對照야 參酌訂正 터이라 伊太利 白耳義 兩國은 아즉 交附치 아니고 俄法兩國은 其意向을 洩얏스나 아즉 公然通知에 未及얏다 더라",https://www.nl.go.kr/newspaper/detail.do?content_id=CNTS-00093719685
news_archive:CNTS-00093726433,1901,황성신문,Modern Korean,"Hanja, Old Hangeul",本院의셔 精美 醫藥으로 內外의 病을 治療오며,●本院의셔 精美 醫藥으로 內外의 病을 治療오며 今年은 旱毒이 大端 故로 病氣가 層生기에 咳嗽 痢疾 癇疾 吐瀉 楊梅瘡 濕腫 等 各症에 神效 藥과 第一新發明 回眞散은 鴉片烟의 遺毒을 永絶케 와 百發百中오니 僉君子 來購시오中署壽洞上隅第三家 太和醫院,https://www.nl.go.kr/newspaper/detail.do?content_id=CNTS-00093726433
news_archive:CNTS-00093724757,1901,황성신문,Hanmun,Hanja,仁川港出帆廣告,○仁川港出帆廣告○京畿丸九月廿七日午后發 木浦釜山馬關大阪行○隅田川九月廿八日正午發 木浦釜山馬關神戶大阪行○立神丸十月四日午前發 烟台旅順口太沽牛莊行○白川丸十月五日午后發 群山木浦馬山釜山大阪行○木曾川十月五日正午發 木浦釜山馬關神戶大阪行,https://www.nl.go.kr/newspaper/detail.do?content_id=CNTS-00093724757
news_archive:CNTS-00093718110,1901,황성신문,Modern Korean,"Hanja, Old Hangeul",郵務宜懲創擴張,論說郵務宜懲創擴張◎頃自郵遞設始 以後로 遠近便宜며 公私利益이 更張以來 諸般事業中에 實施도 無如此고 取益도 無如此니 終始의 方策을 善圖야 漸次 長進면 利國便民之道가 寔爲一大件事業이어 其中에 固有 獘端을 尙今 不改 者ᅵ 存焉니 郵物을 如何히 送傳지 不知되 多日愆滯기도 며 永爲浮沈기도 니 愆滯어나 浮沈이어나 送傳 者 狼貝가 別無야 尋常看過되 付書者의 緊急 事機에 多日愆滯며 或 永爲浮沈면 利害가 顧當何如哉오 或曰 寧爲郵便이 無야 傳足니만 不如 事가 種種 有之다고 傳聞이 多有되 亦未必盡信이러니 本社新聞을 各地方에 分傳 新聞購覽者ᅵ 往往 本社에 以書責之기를 新聞이 間或不到다  者ᅵ 非一非再인 則郵便에 獘端이 不無 쥴 始知스나 究其端則郵遞總司에셔 不傳 理도 萬無오 地方郵司에셔 遲滯 理도 萬無로 各郡鄕長의 臨時郵遞所에셔 分傳데 獘端이 必有 것이 地方面主人은 郵物의 愼重 學問이 素昧 者라 此輩의 手中에셔 可以遲則遲고 浮沈則浮沈키로 任意幻弄을 分明揣料지라 其獘之大源을 究竟면 面主人에도 不在고 地方郵司에도 不在고 京城總司에도 不在고 通信院에 在다 노니 通信院에셔 愆滯거나 浮沈라고 縱然不爲얏스나 郵物을 愆滯浮沈데 呶呶 稱怨은 未甞不聞얏슬 것이니 入聞之日에 該地方郵司나 臨時郵司에 査探야 愆滯浮沈 者를 勘罪嚴懲얏스면 後日之獘를 防杜 것이어 種種 入聞되 尋常閣置고 一不論勘니 獘之大源은 通信院에셔 由出다 이 不亦可乎아 或曰 許多郵物을 登記以外에야 一一看檢야 愆滯浮沈을 豈盡拘來이리오 曰 不然다 信緘 書冊 雜誌 新聞 等 各種 郵物에 登記가 不過若干이오 其餘送傳이 許多不計 則 愆滯浮沈을 皆以登記以外로 置之勿問이면 郵信發達을 豈可希望리오 或이 又曰 所謂 鄕長은 職名이 無다 고 所謂面主人輩 皆是無料使役으로 郵信一欵에 添付使役이 怨謗이 不無 則 愆滯浮沈으로 全責키 亦難이니라 曰 不然다 鄕長은 郡廳亞官이오 面主人은 郡應使喚인 郵物分傳도 亦是郡應事務也니 鄕長이 以無職名으로 漫漶이면 不可無責이오 至於面主人야 渠旣無料라고 郵物은 當初不傳이면 已也로 旣爲分傳이면 愆滯浮沈에 無料로 稱托이 何當之說고 如是 昧識蠢蚩之輩와 放浪慢忽을 不罪而反爲設料면 其効ᅵ 必無 것이니 嚴勘其罪야 分傳 擧行이 一齊妥當 然後에 設料이 亦未碍也니라 非但此也라 外國人도 我韓郵遞에 郵物을 送致 者ᅵ 多니 一若愆滯浮沈야 外人에게 失信이 去益滋多면 外國郵便에 送致을 注意고 內地郵遞에 更不干涉 것이니 其利害가 亦當何如哉아 遞信에 主務大官은 精神을 振勵고 獘源을 推究야 往踵을 懲創고 來頭를 善圖야 利國便民의 一大事業을 去益擴張케 지어다,https://www.nl.go.kr/newspaper/detail.do?content_id=CNTS-00093718110
news_archive:CNTS-00093726144,1901,황성신문,Modern Korean,"Hanja, Old Hangeul",金氏蒙放,⊙金氏蒙放前宮內署警官으로 古群山流三年얏던 金永振氏가 昨日 特旨로 蒙放얏더라,https://www.nl.go.kr/newspaper/detail.do?content_id=CNTS-00093726144
news_archive:CNTS-00093723218,1901,황성신문,Modern Korean,"Hanja, Hangeul",市直日日高,⊙市直日日高昨日 市直은 下米 每升에 當錢七兩二錢이오 中米 每升에 七兩八九錢이오 上米 每升에 九兩이더라,https://www.nl.go.kr/newspaper/detail.do?content_id=CNTS-00093723218
news_archive:CNTS-00093722461,1901,황성신문,Modern Korean,"Hanja, Old Hangeul",善往齋地罰,⊙善往齋地罰日昨夕에 漢江居 全允一이 身病이 有야 祈禱 次로 全氏妻 尹召史의 二歲男과 九歲女와 兄嫂 朴召史가 廣州 等地로 往얏다가 回路에 木商船을 乘고 渡江 中流에셔 驀地風波를 逢야 覆船야 同船二人은 拯出幸免고 全妻 等 四名은 溺死얏더라,https://www.nl.go.kr/newspaper/detail.do?content_id=CNTS-00093722461
news_archive:CNTS-00093721845,1901,황성신문,Hanmun,Hanja,敍任及辭令,●敍任及辭令任陸軍步兵副尉 正三品 朴文秉 六月二十五日奎章閣待制 宋準憲 思陵參奉 安喆承 懿寧園奉事 金永胄 東明王陵參奉 金尙五 漢城裁判所主事 金炳勗 農商工部主事 金行圭 依願免本官 ○命鐵道院鐵道踏驗委員 東萊府尹 玄明運 ○任奎章閣待制敍判任官四等 侍講院侍讀官 趙善九 ○任侍講院侍讀官敍判任官四等 九品 宋準憲 ○尙衣司主事 申泰俊 任掌禮院敎坊司主事敍判任官四等 ○內藏院貢稅課主事 金昌鎭 任尙衣司主事敍判任官四等 ○卞榮奎 李鐘秀 徐雲集 李命載 申大休 金在華 河錫準 金琥楨 朴時采 任通信司電話課主事敍判任官八等 ○任思陵參奉敍判任官八等 九品 具敦書 ○任懿寧園奉事敍判任官八等 懿寧園參奉 金度濟 ○任懿寧園參奉敍判任官八等 金瑨洙 ○任東明王陵參奉敍判任官八等 朴相穆 ○任漢城裁判所主事敍判任官二等 六品 沈能友 ○任農商工部主事敍判任官六等 李錫龜 以上六月二十六日,https://www.nl.go.kr/newspaper/detail.do?content_id=CNTS-00093721845
news_archive:CNTS-00093722119,1901,황성신문,Modern Korean,"Hanja, Old Hangeul",德人傭入과 法國反對,⊙德人傭入과 法國反對北京電을 據 則 胡橘棻氏가 媾和後措處에 關야 德人傭入을 契約얏더니 法國이 此에 對야 不同意를 唱얏더라,https://www.nl.go.kr/newspaper/detail.do?content_id=CNTS-00093722119
news_archive:CNTS-00093721198,1901,황성신문,Modern Korean,"Hanja, Old Hangeul",淸帝陛見禮式의 改正,⊙淸帝陛見禮式의 改正曩者에 各國 公使가 淸帝 陛見 禮式에 關야 改正 大要 已報얏거니와 北京通信을 據 則 從來 各國 公使가 淸帝 陛見랴면 文華殿에셔 陛見얏스나 同殿은 四等 五等의 位를 應接 處이라 謂 만 데 眞宮殿을 距이 甚遠고 侮蔑을 受 感을 不堪지라 此等問題도 媾和條件의 一項되야 此頃에 西班牙公使로셔 淸國全權에게 照復얏 此를 據 則 乾淸宮으로써 陛見의 場所고 同宮殿의 階前에셔 降輿기로 고 又各國 使臣이 勅書 或 國書를 奉呈랴  時 特히 皇帝의 乘輿와 同一 것으로 淸國政府로셔 公使舘지 出迎기로 고 又至今지 皇帝陪食의 名이 有얏스나 其實은 總理衙門의 宴會에 不過얏던 것을 今後 반다시 皇帝의 出座를 望다 얏더라,https://www.nl.go.kr/newspaper/detail.do?content_id=CNTS-00093721198
news_archive:CNTS-00093725040,1901,황성신문,Modern Korean,"Hanja, Old Hangeul",英國의 遠征隊派遣計畫,⊙英國의 遠征隊派遣計畫倫敦電을 據 則 英國陸軍通信局에셔 現在不完全 軍事通信을 補기 爲야 淸國內地에 遠征隊를 派遣 畫計中이더라,https://www.nl.go.kr/newspaper/detail.do?content_id=CNTS-00093725040
news_archive:CNTS-00093722348,1901,황성신문,Modern Korean,"Hanja, Old Hangeul",中署典洞第四十二統第七戶成信号典當舖가 陰曆本月二十五日에,●中署典洞第四十二統第七戶 成信号典當舖가 陰曆本月二十五日에 南署堅井橋南川邊第三十六統第四戶로 移接와스니 本典舖에 典執신 僉位 照亮시고  本人에 四隅로 造成 姓名圖章을 閪失와 新圖章을 改造고 舊圖章은 勿施 터이오니 內外僉君子 兼爲照亮옵成信号典舖主人 成文永 謹告,https://www.nl.go.kr/newspaper/detail.do?content_id=CNTS-00093722348
news_archive:CNTS-00093720150,1901,황성신문,Hanmun,Hanja,仁港輪船出帆廣告,●仁港輪船出帆廣告蒼龍號陰曆二月二十五日發 羣山木浦釜山北關行顯益號陰曆三月十九日午後發 羣山木浦濟州釜山元山行大韓協同郵船會社,https://www.nl.go.kr/newspaper/detail.do?content_id=CNTS-00093720150
news_archive:CNTS-00093726209,1901,황성신문,Modern Korean,"Hanja, Old Hangeul",西署龍山新倉內契에 水鐵店을 新設고,●西署龍山新倉內契에 水鐵店을 新設고 外國卒業匠工을 두어 內外國水鐵과 土鐵로 釜鼎 耒耟 水輪 爛爐 車輪과 온갓 機械와 器皿을 製造放賣 堅固고 價文도 廉오니 僉君子 購買시기를 望홈九成社 廣告,https://www.nl.go.kr/newspaper/detail.do?content_id=CNTS-00093726209
news_archive:CNTS-00093724445,1901,황성신문,Modern Korean,"Hanja, Old Hangeul",滊車脫線,⊙滊車脫線再昨日下午九時量에 南大門外에셔 京仁鐵道滊車가 駛入다가 脫線되야 滊釜가 破傷얏스나 幸히 人命은 被傷치 아니얏다더라,https://www.nl.go.kr/newspaper/detail.do?content_id=CNTS-00093724445
news_archive:CNTS-00093725685,1901,황성신문,Modern Korean,"Hanja, Old Hangeul",電答無擾,⊙電答無擾高原郡에 民鬧가 有다 傳說이 有야 日昨 內部에셔 電探 則 回電內에 初無民擾오 人民 十餘名이 等訴 故로 査覈야 官長을 誣告던 狀頭만 捉致懲治라 얏더라,https://www.nl.go.kr/newspaper/detail.do?content_id=CNTS-00093725685
news_archive:CNTS-00093721252,1901,황성신문,Modern Korean,"Hanja, Old Hangeul",北署順化坊体府洞第八十統一戶板刻家券을 陰四月二十一日에 閪失얏기로,●北署順化坊体府洞第八十統一戶板刻家券을 陰四月二十一日에 閪失얏기로 玆以廣告오니 誰某拾得와도 休紙施行옵家主 趙元植 告白,https://www.nl.go.kr/newspaper/detail.do?content_id=CNTS-00093721252
news_archive:CNTS-00093722253,1901,황성신문,Hanmun,Hanja,仁港輪船出帆廣告,●仁港輪船出帆廣告顯益號陰曆五月初九日午后發 羣山木浦釜山元山北關行漢城號陰曆五月十七日午后發 烟台上海行大韓協同郵船會社,https://www.nl.go.kr/newspaper/detail.do?content_id=CNTS-00093722253
news_archive:CNTS-00093722136,1901,황성신문,Modern Korean,"Hanja, Old Hangeul",旣有判決,⊙旣有判決前報에 記 바 西江居 趙泰顯이 法部에 呼訴기를 渠의 三從 趙致三이 陰囑李副尉東植야 誣訴平理院야 永賣田與舍를 勒退다 事實을 更聞 則 平理院判決에 田與舍典質의 證據가 確有니 葉一百十兩에 退給이라 얏기로 法部에셔 指令기를 旣爲平理院에셔 處判얏스니 勿煩라 얏더라,https://www.nl.go.kr/newspaper/detail.do?content_id=CNTS-00093722136
news_archive:CNTS-00093716941,1901,황성신문,Hanmun,Hanja,敍任及辭令,官報●敍任及辭令任陸軍參領 度支部協辦 從二品 李容翊 ○任陸軍參尉 宮內府禮式院外務課長 正三品 玄尙健 以上一月八日順陵參奉 林炳龍 孝陵參奉 安奭濟 章陵參奉 鄭寅秀 依願免本官 ○任順陵參奉敍判任官八等 文顯謨 ○任孝陵參奉敍判任官八等 具然敞 ○任章陵參奉敍判任官八等 申種均 以上一月十一日全羅南道觀察府總巡 李喜永 任咸鏡南道觀察府總巡敍判任官七等 ○咸鏡南道觀察府總巡 金德鉉 任全羅南道觀察府總巡敍判任官七等 以上一月十二日,https://www.nl.go.kr/newspaper/detail.do?content_id=CNTS-00093716941
news_archive:CNTS-00093719592,1901,황성신문,Modern Korean,"Hanja, Old Hangeul",大英國루너몬드 各種소다 製造會社廣告,大英國 루너몬드 各種 소다 製造會社廣告商標世界文明諸國의 物品製造에 各種 소다를 專用오니 大韓草木灰水 用 各處에 物品性質을 隨야 各種 소다 代用면 使用이 輕便고 製造가 精潔고 價格이 甚廉기로 各種 소다의 名目과 各其 所用處 說明홈大韓 타 소다日本 苛性曹達淸國 燒鹼○此 타 소다 大韓多處에셔 已爲取用 바 一名은 (양물)이라 衣服의 油 除去니 大韓木布衣服 洗濯 데와 棉과 麻와 葛로 織造 布木漂白 데 用면 合當고 且造紙 楮皮沸煑 데도 合用고 肥皂(비누)도 製造니 此소다가 甚大 力이 有 則 各其 所用時에 酙酌節用 것이오 食物에 絶禁 事大韓 슌소다日本 曹達灰淸國 純鹼○此 슌소다 力이 甚大치 아니기로 타 소다의 力이 甚大가 慮 處에 取用야 衣服과 布木을 洗濯漂白 데 用이 可고 土器에 光色이 나게 과 琉璃와 其他 製造 데도 用며 且大韓造紙 데 타 소다나 此슌소다 兩種中으로 楮皮沸煑에 取用기 特히 勸請노니 타 소다 紙 甚히 潔白케 고 슌소다 紙 極히 柔고 堅固케 지라 此兩種 소다 中으로 適合케 製造 紙 草木灰水로 造紙 데 比면 品樣이 極히 佳良 事大韓 결면소다日本 重炭酸曹達淸國 潔麵鹼○此 결면소다 但히 食料 飮料와 藥料에 用니 食料 麵包와 餠과 各種 菓子 等 製造 데 用고 飮料 溶氣가 有게  데 用고 藥料 滯症과 其他 各樣으로 隨用 事大韓 슈졍갓튼 소다日本 濃結晶曹達淸國 濃晶鹼○此 슈졍갓튼 소다 繭絲繅出 時에 草木灰水 勿用고 此 代用면 繭津을 除去고 絲色이 潔白기로 特히 取用을 勸請오며 且綿紬와 細織 紬屬과 各色 絨을 洗濯 데 合當고 水에 混化면 水 柔滑케 야 沐浴도 며 鍮器 銀器와 各色 鐵物을 拭磨 데 用며 染色 데 草木灰水 代야 此 用면 光色이 增生 事以上 各種 소다의 名目과 各其 所用處 說明얏거니와 本會社에셔 現今間 大韓에 代辦商店을 分置이 無오니 此소다 用코져 시 이 在韓外國商人을 經야 本會社로 請購도 可고 仁川港 滙豐商會나 담손 會社에 直買도  것이오 各種 소다의 式樣과 試用法은 皇城新聞社로 來問시면 隨問說明올이다,https://www.nl.go.kr/newspaper/detail.do?content_id=CNTS-00093719592
news_archive:CNTS-00093724223,1901,황성신문,Hanmun,Hanja,仁川港出帆廣告,○仁川港出帆廣告○玄海丸九月十一日午前發 烟台太沽牛莊行○立神丸九月十四日午后發 烟台旅順太沽牛莊行○隅田川九月十四日午后發 木浦釜山馬關神戶大阪行○筑后川九月十七日午后發 甑南浦行○白川丸九月十七日午后發 群山木浦馬山釜山大阪行,https://www.nl.go.kr/newspaper/detail.do?content_id=CNTS-00093724223
news_archive:CNTS-00093717535,1901,황성신문,Modern Korean,"Hanja, Old Hangeul",漁䀋藿稅,⊙漁䀋藿稅度支部에셔 十三道에 訓令기를 甲午以後에 管下各郡沿浦 漁䀋藿稅의 未納條를 一一調査야 不日 收納라 얏더라,https://www.nl.go.kr/newspaper/detail.do?content_id=CNTS-00093717535
news_archive:CNTS-00093717117,1901,황성신문,Modern Korean,"Hanja, Old Hangeul",陸戰의 法規慣例에 關 條約(續),⊙陸戰의 法規慣例에 關 條約 (續)第十九條 俘虜의 遺言書 內國陸軍軍人과 同一의 條件으로써 此를 收領或調製며 俘虜의 死亡證書及埋葬에 關야셔도 亦同一의 規則을 遵고 且其身分階級에 相當 處遇로 이 可홈 ○第二十條和約締結 後 아모조록 速히 俘虜를 其本國에 送還이 可홈第三章 病者及傷者第二十一條 病者及傷者의 處理에 關 交戰者의 義務 千八百六十四年八月二十二日 졔네바 條約及將來 此에 加入 修正件에 據홈第二欵 戰鬪第一章 害敵手段攻圍及砲擊第二十二條 交戰者 害敵手段의 選擇上에 無限 權利를 有 事ᅵ 無홈 (未完),https://www.nl.go.kr/newspaper/detail.do?content_id=CNTS-00093717117
news_archive:CNTS-00093724721,1901,황성신문,Modern Korean,"Hanja, Old Hangeul",駐淸俄公使의 着京,⊙駐淸俄公使의 着京同電을 據 則 新任駐淸俄公使 포루렛사 氏가 北京에 到着얏더라,https://www.nl.go.kr/newspaper/detail.do?content_id=CNTS-00093724721
news_archive:CNTS-00093716791,1901,황성신문,Modern Korean,"Hanja, Old Hangeul",木村合名會社仁川支店新道着緊急廣告,新到着緊急廣告高等優美 金牌物品入하아로第二号 호오그右 皆品質을 大改良야 今船便에 新到着얏오니 大韓僉君子 從來 愛喫시던 厚誼를 賜 試吸심을 伏望木村合名會社仁川支店,https://www.nl.go.kr/newspaper/detail.do?content_id=CNTS-00093716791
news_archive:CNTS-00093725500,1901,황성신문,Modern Korean,"Hanja, Old Hangeul",本人이 西江南陽主人李司勇許에 當坪推次二千兩標紙를 路中遺失왓스니,廣告●本人이 西江南陽主人 李司勇許에 當坪推次 二千兩標紙를 路中遺失왓스니 誰某拾得와도 休紙施行홈唐津 金景道 告白,https://www.nl.go.kr/newspaper/detail.do?content_id=CNTS-00093725500
news_archive:CNTS-00093725217,1901,황성신문,Modern Korean,"Hanja, Old Hangeul",大英國루너몬드 各種소다 製造會社廣告,大英國 루너몬드 各種 소다 製造會社廣告商標世界文明諸國의 物品製造에 各種 소다를 專用오니 大韓草木灰水 用 各處에 物品性質을 隨야 各種 소다 代用면 使用이 輕便고 製造가 精潔고 價格이 甚廉기로 各種 소다의 名目과 各其 所用處 說明홈大韓 타 소다日本 苛性曹達淸國 燒鹼○此 타 소다 大韓多處에셔 已爲取用 바 一名은 (양물)이라 衣服의 油 除去니 大韓木布衣服 洗濯 데와 棉과 麻와 葛로 織造 布木漂白 데 用면 合當고 且造紙 楮皮沸煑 데도 合用고 肥皂(비누)도 製造니 此소다가 甚大 力이 有 則 各其 所用時에 酙酌節用 것이오 食物에 絶禁 事大韓 슌소다日本 曹達灰淸國 純鹼○此 슌소다 力이 甚大치 아니기로 타 소다의 力이 甚大가 慮 處에 取用야 衣服과 布木을 洗濯漂白 데 用이 可고 土器에 光色이 나게 과 琉璃와 其他 製造 데도 用며 且大韓造紙 데 타 소다나 此슌소다 兩種中으로 楮皮沸煑에 取用기 特히 勸請노니 타 소다 紙 甚히 潔白케 고 슌소다 紙 極히 柔고 堅固케 지라 此兩種 소다 中으로 適合케 製造 紙 草木灰水로 造紙 데 比면 品樣이 極히 佳良 事大韓 결면소다日本 重炭酸曹達淸國 潔麵鹼○此 결면소다 但히 食料 飮料와 藥料에 用니 食料 麵包와 餠과 各種 菓子 等 製造 데 用고 飮料 溶氣가 有게  데 用고 藥料 滯症과 其他 各樣으로 隨用 事大韓 슈졍갓튼 소다日本 濃結晶曹達淸國 濃晶鹼○此 슈졍갓튼 소다 繭絲繅出 時에 草木灰水 勿用고 此 代用면 繭津을 除去고 絲色이 潔白기로 特히 取用을 勸請오며 且綿紬와 細織 紬屬과 各色 絨을 洗濯 데 合當고 水에 混化면 水 柔滑케 야 沐浴도 며 鍮器 銀器와 各色 鐵物을 拭磨 데 用며 染色 데 草木灰水 代야 此 用면 光色이 增生 事以上 各種 소다의 名目과 各其 所用處 說明얏거니와 本會社에셔 現今間 大韓에 代辦商店을 分置이 無오니 此소다 用코져 시 이 在韓外國商人을 經야 本會社로 請購도 可고 仁川港 滙豐商會나 담손 會社에 直買도  것이오 各種 소다의 式樣과 試用法은 皇城新聞社로 來問시면 隨問說明올이다,https://www.nl.go.kr/newspaper/detail.do?content_id=CNTS-00093725217
news_archive:CNTS-00093728044,1902,황성신문,Modern Korean,"Hanja, Old Hangeul",本社告白,本社告白●本新聞紙價 每一張葉六分、 一朔葉一兩五錢、六朔先給葉八兩、一年先給葉十五兩이오 外方에셔 購覽시이 以上定價外에 郵稅를每朔葉二錢七分만 添入홈廣告費 本新聞發行 四号活字로 每行에 葉三錢을 取 行의 多少와 期의 長短에 加减이 有니 躳枉面議시本社 中署澄淸坊黃土峴第二十三統七戶前右巡廳 皇城新聞社 社 長 南宮檍 總務員 羅壽淵,https://www.nl.go.kr/newspaper/detail.do?content_id=CNTS-00093728044
news_archive:CNTS-00093735796,1902,황성신문,Hanmun,Hanja,仁港輸船出帆廣告,◎仁港輸船出帆廣告顯益號 陰曆六月初六日午后發 木浦釜山元山北關行蒼龍號 陰曆六月二十三日午后發 木浦釜山元山北關行日新號 陰曆七月十九日午后發 甑南浦萬景岱行順新號 陰曆七月二十日午后發 羣山木浦行大韓郵船協同會社,https://www.nl.go.kr/newspaper/detail.do?content_id=CNTS-00093735796
news_archive:CNTS-00093731364,1902,황성신문,Hanmun,Hanja,楊州雙葛門里海東村江陵崔氏,●楊州雙葛門里海東村江陵崔氏十二世繼葬之地所在墓幕瓦家十九間現今屢白年修護矣忽目昨冬支孫中崔浚一人將欲暗賣故宗中諸會玆以廣佈也勿論內外國人或目見誘於私賣則價文永失矣深諒爲要 崔 湜 崔殷相 崔益相 告白,https://www.nl.go.kr/newspaper/detail.do?content_id=CNTS-00093731364
news_archive:CNTS-00093736910,1902,황성신문,Modern Korean,"Hanja, Old Hangeul",豫言來事,⊙豫言來事 外國新聞을 據 則英國一豫言者│來年事를 豫言되 明年은 戰爭과 惡疫이 流行며 其他變死者│多다고 又淸國에 戰爭이有리라얏더라,https://www.nl.go.kr/newspaper/detail.do?content_id=CNTS-00093736910
news_archive:CNTS-00093729814,1902,황성신문,Hanmun,Hanja,上品牛乳漢城泥峴龜屋商廛,●上品牛乳漢城泥峴龜屋商廛,https://www.nl.go.kr/newspaper/detail.do?content_id=CNTS-00093729814
news_archive:CNTS-00093735401,1902,황성신문,Hanmun,Hanja,仁川港出帆廣告,○仁川港出帆廣告○大連丸 八月十四日午前發 烟台旅順口太沽行○隅田川 八月十六日午后發 木浦釜山馬關神戶大阪行○五洋丸 八月十六日午前發 甑南浦行○慶尙号 八月十八日午前發 甑南浦萬景岱行○臺東丸 八月十九日正午發 甑南浦行,https://www.nl.go.kr/newspaper/detail.do?content_id=CNTS-00093735401
news_archive:CNTS-00093737950,1902,황성신문,Modern Korean,"Hanja, Old Hangeul",日本麥農의 减損,⊙日本麥農의 减損 今年日本全國中杇木縣北海道二個所를 除 外에 麥의 總收穫額이 一千八百五十八萬七千百五十四石의니 此를 昨年에 比면 二百五萬三千五十三石卽九分九厘强이 减얏고 此를平年에 比면 九十玉萬九千四百四十八石卽四分九厘强이 减지라 其原因은 本年氣候不順고 特히 晩春에 降雪結霜과且成熟期에 降雨가 多더라더라,https://www.nl.go.kr/newspaper/detail.do?content_id=CNTS-00093737950
news_archive:CNTS-00093738260,1902,황성신문,Modern Korean,"Hanja, Old Hangeul",萬契被捉,⊙萬契被捉近日에 負商任房에셔萬人契를 露梁津에 設고 再昨日에出桶다가 警衛院으로셔 巡檢을 派送야 契頭領三人을 捉去얏契員數萬名이 會集야 該光景을 見고 原錢을 推去次로 該契人을 執寘亂打야 幾至死境이라더라,https://www.nl.go.kr/newspaper/detail.do?content_id=CNTS-00093738260
news_archive:CNTS-00093729633,1902,황성신문,Modern Korean,"Hanja, Old Hangeul",本院의셔 精美 醫藥으로 內外의 病을 治療오며,●本院의셔 精美 醫藥으로 內外의病을 治療오며 今年은 旱毒이 大端 故로 病氣가 層生기에 咳嗽 痢疾癇疾吐瀉楊梅瘡濕腫等各症에 神效 藥과 第一新發明 回眞散은 鴉片烟의 遺毒을 永絕케와 百發百中오니 僉君子 來購시오 中署壽洞 隅第三家太和醫院,https://www.nl.go.kr/newspaper/detail.do?content_id=CNTS-00093729633
news_archive:CNTS-00093729915,1902,황성신문,Hanmun,Hanja,光武六年度預筭(續),⊙光武六年度預筭 (續) 農商工部所管 ○農商工部三萬九百六十八元、事業費九千九百二十四元、 合計四萬八百九十二元 中樞院所管 ○中樞院一萬七千一百二十八元扈衞隊所管○扈衞隊五萬五千七百九十二元 量地衙門所管 ○量地衙門七千八百二十四元 表勳院所管 ○表勳院一萬八千四百五十七元 (未完),https://www.nl.go.kr/newspaper/detail.do?content_id=CNTS-00093729915
news_archive:CNTS-00093728519,1902,황성신문,Modern Korean,"Hanja, Old Hangeul",學事,●學事 高原郡公立小學校副敎員趙胤遇 免任고 李培卿으로 南陽郡公立小學校副敎員洪埈은 解任고 董秉朱로 沃溝港公立小學校副敎員金▣斗 解任고 朴尙玉으로 稷山郡公立小學校副敎員金明魯 解任고 全德培로 郭山郡公立小學校副敎員李彙榮은 解任고 金麗河로 抱川郡公立小學校副敎員李在實은 解任고 趙禹植으로 安東郡公立小學校副敎員은 金理奎로 任用事,https://www.nl.go.kr/newspaper/detail.do?content_id=CNTS-00093728519
news_archive:CNTS-00093730872,1902,황성신문,Modern Korean,"Hanja, Old Hangeul",遷陵擇日,⊙遷 陵擇日 洪陵遷奉吉日을 陰曆十月二十九日로 更爲擇定얏더라,https://www.nl.go.kr/newspaper/detail.do?content_id=CNTS-00093730872
news_archive:CNTS-00093729566,1902,황성신문,Modern Korean,"Hanja, Old Hangeul",大英國루너몬드 各種소다 製造會社廣告,大英國루너몬드 各種소다 製造會社廣告商標世界文明諸國의 物品製造에各種소다를 專用오니 大韓草木灰水用 各處에 物品性質을 隨야各種소다를 代用면 使用이輕便고 製造가 精潔고 價格이 甚廉기로 各種소다의名目과 各其所用處 說明홈大韓 타  소 다日本 苛 性 曹 達淸國 燒 鹼○此타소다 大韓多處에셔 己爲取用바 一名은(양물)이라 衣服의 油 除去니 大韓木布衣服洗濯데와 綿과 魔와 葛로 織造 布木漂白데 用면 合當고 日造紙 楮皮沸煑데도 合用고 肥皀(비누)도 製造니 此소다가 甚大 力이 有 則各其所用時에 酙酌節用것이오 食物에 絕禁 事大韓 슌 소 다日本 曹 達 灰淸國 純 鹼○此슌소다 力이 甚大치아니기로타소다의 力이 甚大가 慮 處에取用야 衣服과 布木을 洗濯漂白데 用이 可고 土噐에 光色이나게과 琉璃와 其他製造데도 用며 且大韓造紙데타소다나 此슌소다兩種中으로 楮皮沸煑에 取用기 特히 勸請노니타소다 紙甚히 潔白케고슌소다 紙 極히 柔고 堅固케지라 此兩種소다 中으로 適合케 製造 紙 草木灰水로 造紙데 比면 品樣이 極히 佳良 事大韓 결 면 소 다日本 重炭酸曹達淸國 潔 麵 鹼○此결면소다 但히 食料飮料와 藥料에 用니 食料 麵包와 餠과 各種菓子等製造데 用고 飮料 溶氣가 有게데 用고 藥料 滯症과 其他各樣으로 隨用 事大韓슈졍갓튼소다日本濃結晶曹達淸國濃 晶 鹼○此슈졍갓튼소다 繭絲繅出 時에 草木灰水를 勿用고 此를 代用면 繭津을 除去고 絲色이 潔白기로 特히 取用을 勸請오며 且綿紬와 細織 紬屬과 各色絨을 洗濯데 合當고 水에 混和면 水 柔滑케야 沐浴도며 鍮器銀器와 各色鐵物을 拭磨데 用며 染色데 草木灰水代야 此 用면 光色이 增生 事 以上各種소다의 名目과 各其所用處 說明얏거니와 本會社에셔 從來大韓에 代辦商店을 分置이 無더니 今에 僉君子의 購用심을 便易케기 爲야 仁川港咸陵加洋行으로써 本會社의 代辦商店을앗스니 各其所用로 右洋行으로 求買시 各種소다의 式樣과 試用法은 皇城新聞社로 來問시면 隨問說明을이다,https://www.nl.go.kr/newspaper/detail.do?content_id=CNTS-00093729566
news_archive:CNTS-00093734296,1902,황성신문,Modern Korean,"Hanja, Old Hangeul",御史의 彈覈,⊙御史의 彈覈 淸國某御史가 澳國新任公使吳德章과 駐白耳義國新任公使許玨兩氏를 彈覈되 此二人은 其重任을 勝치못오니 萬若交涉上에 貽誤면 國家에及 關係가 大니이다얏다더라,https://www.nl.go.kr/newspaper/detail.do?content_id=CNTS-00093734296
news_archive:CNTS-00093729034,1902,황성신문,Modern Korean,"Hanja, Old Hangeul",中止換地,⊙中止換地 仁港所在日本人埋葬地와 李贊政夏榮氏의 地段과 相換을 該港日領事가 外部에 請은 本報에 已記얏거니와 該地段을 相換次로 李賛政家에셔 尺量 則七百餘坪이 不足기로 中止고 京部에 報얏더라,https://www.nl.go.kr/newspaper/detail.do?content_id=CNTS-00093729034
news_archive:CNTS-00093729997,1902,황성신문,Modern Korean,"Hanja, Old Hangeul",校洞閔公使衡植氏에 圖章을,●校洞閔公使衡植氏에 圖章을 去年臘月念間에 遺失고 圖章一窼을 新樣製造야 施行키로 玆에 廣告오니 內外國人는 照亮시오,https://www.nl.go.kr/newspaper/detail.do?content_id=CNTS-00093729997
news_archive:CNTS-00093731530,1902,황성신문,Modern Korean,"Hanja, Old Hangeul",遇潮渰死,雜 報 ⊙遇潮渰死 陰三月初六日石城瓶村 面黃海浦附近村男女十八名이 求得草菜次로 欲渡越坪타가 潮水急入야 中流覆船얏 其中十二名은 佛岩里居申景律의 拯救를 因야免死고 其餘六名은 渰死얏더라,https://www.nl.go.kr/newspaper/detail.do?content_id=CNTS-00093731530
news_archive:CNTS-00093737475,1902,황성신문,Hanmun,Hanja,啓者陰十一月份江南彩票新到,●啓者陰十一月份江南彩票新到 準期二十八日開會十月份榜目 乃候數日間可到○又陰十一月份大德膠洲彩票 亦到準期十三日開會 如貴客欲奪大彩者 請速來購 是望十月膠洲榜目已到 得彩頗多 此佈漢城銅峴 同順泰 大安門前 杏花春 告白,https://www.nl.go.kr/newspaper/detail.do?content_id=CNTS-00093737475
news_archive:CNTS-00093736801,1902,황성신문,Modern Korean,"Hanja, Old Hangeul",禁戢契獘,⊙禁戢契獘 五署內負商各任房에셔 萬人契를 設寘야 紛挐 獘가頗多으로 近日則警務廳에셔 各署에 訓飭되 設契 獘를 一幷禁戢라얏타더라,https://www.nl.go.kr/newspaper/detail.do?content_id=CNTS-00093736801
news_archive:CNTS-00093738211,1902,황성신문,Modern Korean,"Hanja, Old Hangeul",大英國루너몬드 各種소다 製造會社廣告,大英國루너몬드 各種소다 製造會社廣告世界文明諸國의 物品製造에 各種소다를 專用오니 大韓艸木灰水用데 物品性質을 隨야 各種소다를 代用면 使用이 輕便고 製造가 精潔고 價格이 甚廉기로 各種소다의 名目과 各其所用處 說明홈大韓 타 소다 日本 苛性曹達 淸國 燒鹼 ●此타 소다 大韓多處에셔 已爲取用 바 一名은(양물)이니 綿과 麻와 葛로 織造 布木漂白과 木布衣服洗濯데 用며 且造紙 楮皮沸煑데도 合用고 肥皀(비누)도 製造니 此 타 소다 甚大 力이 有 則食物에 絕禁 事大韓 슌소다 日本 曹達灰 淸國 純 鹼 ●此슌소다 上等灰水니 生苧生木生洋木等 疋端漂白과 木布衣服洗濯데 取用면 物質의 損傷이 全無하고 더욱이 色態가 潔白며 且造紙데 用면 紙質이 堅固고 色甚精白니 大韓艸木灰水使用데 此면 品樣이 極히 佳良 事大韓 슈졍소다 日本 濃結晶曹達 淸國 濃晶鹼 ●此 슈졍소다 極上品 灰水니 生綿細生亢羅漂白과 紗緞紬屬衣服 及毛織衣服洗濯에 取用면 色白光潤며 繭絲繅出 時에 用면 絲色이 潔白며 溫水에 混和야 沐浴도 며 金銀銅琉璃漆噐도 拭磨면 光色이 增生고 染色데도 用 事大韓 결면소다 日本 重炭酸曹達 淸國 潔 麵鹼 ●此 결면소다 各種食料飮料藥料에 用니 食料中에 麵包、왜、기단가오、各種菓子製造 데와 飮料中에 麥酒、나무네、製造 데와 藥料中에 健胃、治滯其他諸症에 隨用 事大韓全國一手販賣代理店 仁川 咸陵加洋行漢城販賣店 黃土峴新橋南邊 소다 發賣所,https://www.nl.go.kr/newspaper/detail.do?content_id=CNTS-00093738211
news_archive:CNTS-00093732974,1902,황성신문,Modern Korean,"Hanja, Old Hangeul",密陽上南面伊淵居曹禮順이가,廣 告●密陽上南面伊淵居曹禮順이가 本是浮浪더러 洄中遺在錢을 宗中物이라 假稱고 奪取코져기로 屢次官决歸正얏 風聞에 曹某가 上京야 左右請嘱며 誣訴法司다니 僉君子 見欺치 勿홈 同郡居尹相衡 尹相協 告白,https://www.nl.go.kr/newspaper/detail.do?content_id=CNTS-00093732974
news_archive:CNTS-00093729276,1902,황성신문,Modern Korean,"Hanja, Old Hangeul",淸國大學堂의 復設,外 報 照 謄⊙淸國大學堂의 復設今番北京大學堂復設에 關야 刑部尙書張百熈氏가 管學大臣을 被命고 又從前總理衙門內에 設立얏던 同文舘도 此際大學堂에 合併야 張百熙다려 監督라신 上諭가 發表되얏 張百熈氏 從前江東省學政되얏더니 其後西安行在所에 至야 各種建議 有야 其後戶部尙書로 刑部尙書에昇任되야 恆常開明主義를 抱 人인 大學堂再興에 從事에 當야 將來可觀者ᅵ大有리라더라,https://www.nl.go.kr/newspaper/detail.do?content_id=CNTS-00093729276
news_archive:CNTS-00093734115,1902,황성신문,Modern Korean,"Hanja, Old Hangeul",齒科治療所,保 險齒科治療所 京城泥峴 旭 旅 舘 定 價 表 ●白金充塡自壹圓至五圓 ●純金入齒自貳圓至拾圓 ●陶器總入齒自六圓至拾圓 ●銀充塡目五拾錢至壹圓 ●陶噐入齒一枚壹圓以上今回有志諸君의 招請을 應야 右記 處所에셔 歐米各國의 新機械를 應用야 廣히 齒術에 從事오니 江湖의 諸君은 陸續來臨심을 望홈 但要求에 應야 往診홈 齒醫專門 小 森,https://www.nl.go.kr/newspaper/detail.do?content_id=CNTS-00093734115
news_archive:CNTS-00093734295,1902,황성신문,Modern Korean,"Hanja, Old Hangeul",東三省鐵道條約의 調印,外 報 照 謄⊙東三省鐵道條約의 調印 曩者俄國기릴 親王이 西太后 陛見 後 外務部에 直往야 東三省鐵道礦山合同條約에 調印얏다 其條約文의 大意 即東三省의 鐵道와 礦山은 俄淸銀行에셔 承辦것이오 又他國으로야곰 京楡(北京山海關)鐵道에 干預을 不得케되 淸國은英德人等을 傭聘야 經理에 便케을 得나니 此에 關야 俄國이 容喙치아니다이더라,https://www.nl.go.kr/newspaper/detail.do?content_id=CNTS-00093734295
news_archive:CNTS-00093731988,1902,황성신문,Modern Korean,"Hanja, Old Hangeul",租地拍賣,⊙租地拍賣 三和港租界地段을 拍賣 事로 各公舘에 聲明얏더라,https://www.nl.go.kr/newspaper/detail.do?content_id=CNTS-00093731988
news_archive:CNTS-00093729122,1902,황성신문,Hanmun,Hanja,仁川港出帆廣告,○仁川港出帆廣告○仙台丸 二月十五日午后發 釜山長崎馬關神戶行○南越丸 二月十五日正午發 木浦釜山長崎神戶大阪行○隅田川 二月十五日正午發 木浦釜山馬關神戶大阪行○玄海丸 二月十八日午前發 烟台行○玄海丸 二月二十二日午后發 釜山長崎馬關神戶行,https://www.nl.go.kr/newspaper/detail.do?content_id=CNTS-00093729122
news_archive:CNTS-00093731235,1902,황성신문,Modern Korean,"Hanja, Old Hangeul",本人이 本月二十一日二十二日兩日上午十点鍾,●本人이 本月二十一日二十二日兩日上午十点鍾(陰曆三月十四日十五日)에 水標橋前英語敎師허치션家에셔 什物을 拍賣터인 廚房客室寢房沐浴間事務所에 在 椅子冊床暖爐寢床寢具毛氈寫字臺臺布茶具食床諸具自行車等物을 屆期來購시오 本月十九日二点鍾븟터 五点鍾지(陰曆三月十二日)에 看品식히겟소 競賣人웸불니 告白,https://www.nl.go.kr/newspaper/detail.do?content_id=CNTS-00093731235
news_archive:CNTS-00093729667,1902,황성신문,Hanmun,Hanja,梁山居金虞侯商轍性本浮浪出沒,●梁山居金虞侯商轍性本浮浪出沒京鄕欺人騙財族戚間侵徵至爲六七次故新聞屢載終不改過今又上京欲爲求仕無論內外國人錢財切勿見欺事 金柄熈 告白,https://www.nl.go.kr/newspaper/detail.do?content_id=CNTS-00093729667
news_archive:CNTS-00093737527,1902,황성신문,Modern Korean,"Hanja, Old Hangeul",救病被禍,⊙救病被禍 日昨에 醫士李景佑氏가 廣州府에 病人이 有을 聞고 救療次로 前往다가 橋峴等地에셔 賊漢에게 被殺얏다더라,https://www.nl.go.kr/newspaper/detail.do?content_id=CNTS-00093737527
news_archive:CNTS-00093737444,1902,황성신문,Hanmun,Hanja,叙任及辭令,官 報●叙任及辭令 任度支部財務官叙奏任官五等 正三品蔡賢植○任典圜局技師叙奏任官五等 正三品兪鎭浩 以上十一月二十日任警務廳警務局長叙奏任官一等 正三品柳志淵○任警務廳警務官叙奏任官六等 警務廳總巡李榕承 以上十一月二十一日解忠淸南道地契委員 九品高錫弘○李根成 九品李種九 李元宇 九品李容民 仝李愚亨 命忠淸南道地契委員 以上十一月二十二日兼任綏民院副總裁 通信院總辦閔商鎬○兼任太醫院少卿 秘書院丞成健鎬 以上十一月二十三日,https://www.nl.go.kr/newspaper/detail.do?content_id=CNTS-00093737444
news_archive:CNTS-00093737345,1902,황성신문,Modern Korean,"Hanja, Old Hangeul",役繁增員,⊙役繁增員 楊州郡守洪泰潤氏가內部에 報請되 本郡이 處在輦轂之下에 使役이 甚繁니 巡校五人書記五人使令四名을 加設고 明年度預算에 編入라얏더라,https://www.nl.go.kr/newspaper/detail.do?content_id=CNTS-00093737345
news_archive:CNTS-00093748894,1903,황성신문,Modern Korean,"Hanja, Old Hangeul",捉從何如,⊙捉從何如全北觀察署理가 內部에 電報하되 察理를 逐之不去하고 現在長水하야 作獘多端하기로 從人輩를 捉囚이 何如하올지 卽回敎하라하얏더라,https://www.nl.go.kr/newspaper/detail.do?content_id=CNTS-00093748894
news_archive:CNTS-00093744163,1903,황성신문,Modern Korean,"Hanja, Old Hangeul",新品輸來廣告,新品輸來廣告一 夏節襯衣 各色一 花露水 各色一 金銀無邊眼鏡 各色其他 泰西諸雜貨極多 中 此木絲大小懸網은 避暑穩宿과 不畏蝎蟲옵고 衞生에 極便오니 諸君子 照亮來購옵大安門前 浦上商店,https://www.nl.go.kr/newspaper/detail.do?content_id=CNTS-00093744163
news_archive:CNTS-00093743883,1903,황성신문,Modern Korean,"Hanja, Hangeul",民訴田訟,⊙民訴田訟兔山居 金命洙가 平理院에 呼訴하되 數十年前에 本人이 家垈及田畓을 同郡 崔大鉉處에 買得居生하더니 不意昨臘에 長湍 李主事濟夏가 稱以渠之外祖 洪仲一의 庄土라 하고 誣訴本郡하야 本人의 八十祖父를 捉囚하고 嚴飭還退하라 하며 原文券을 自官으로 收納燒火하고 被告에게 成給官立旨하얏스니 洞燭後 押上被告에 明白質辨하야 俾此殘民으로 無至失庄켸 하라 하얏더라,https://www.nl.go.kr/newspaper/detail.do?content_id=CNTS-00093743883
news_archive:CNTS-00093740788,1903,황성신문,Modern Korean,"Hanja, Old Hangeul",本典舖를 撤罷니 今月廿五日前 典物을 退去시고,●本典舖를 撤罷니 今月廿五日前 典物을 退去시고 過限斥賣를 勿責홈 北署安峴 東一號 告白,https://www.nl.go.kr/newspaper/detail.do?content_id=CNTS-00093740788
news_archive:CNTS-00093739176,1903,황성신문,Modern Korean,"Hanja, Old Hangeul",新設不撥,⊙新設不撥度支部에 財政이 困絀으로 今年度 預筭에 新設各院如水輪院 平式院 綏民院 管理署 等의 經費 皆不撥다더라,https://www.nl.go.kr/newspaper/detail.do?content_id=CNTS-00093739176
news_archive:CNTS-00093742627,1903,황성신문,Hanmun,Hanja,今回輸來麒麟麥酒其味美價廉諸君愛購者請至本号面議是望,●今回輸來麒麟麥酒其味美價廉諸君愛購者請至本号面議是望銅峴 同順泰 告白,https://www.nl.go.kr/newspaper/detail.do?content_id=CNTS-00093742627
news_archive:CNTS-00093748411,1903,황성신문,Modern Korean,"Hanja, Old Hangeul",若此히 日進奇異 世代 當야 歐米各國에 娛戱場이 皆有야,若此히 日進奇異 世代 當야 歐米各國에 娛戱場이 皆有야 帝王士庶가 老少勿論고 다 享樂 바인즉 大韓帝國에도 不可無기로 玆에 娛戲之具 一部를 京城에 運來設置 바 該場에셔난 各種 奇獸와 諸般 異樂을 具야 大韓帝國僉君子에 馳過聽樂심을 供備 터이오니 此 大韓에 未曾有 라 此後에 廣告도 又有할 터이요  該戱을 實施 日에 鍾街上에 告示板을 揭佈 터이오니 照亮시옵駱洞 娛戲場 廣告,https://www.nl.go.kr/newspaper/detail.do?content_id=CNTS-00093748411
news_archive:CNTS-00093751208,1903,황성신문,Modern Korean,"Hanja, Old Hangeul",本人의 弟 奎晃이가 性本悖惡하와 産業을 守치 못고,●本人의 弟 奎晃이가 性本悖惡하와 産業을 守치 못고 浪戾無雙中兄을 憑藉고 虛造文券과 僞言으로 欲爲請債오니 內外國人間 切勿見欺홈江原道安峽居 前直長 李奎鶴 告白,https://www.nl.go.kr/newspaper/detail.do?content_id=CNTS-00093751208
news_archive:CNTS-00093739555,1903,황성신문,Modern Korean,"Hanja, Old Hangeul",船中編報,⊙船中編報말고니 無線電信會社의 管轄人 흘 氏가 近頃 倫敦에셔 談話 바를 據 則 太西洋航路의 滊船中에 印刷所를 設하고 其航海中陸地에셔 無線電信을 利用하야 時時로 事件을 報道하면 船內에셔 新聞紙에 編輯하야 印刷後 一般 船客에게 販賣 計畫이 今回 成立하얏다난 去月末에 紐育 리파불 航路에 屬 英國某滊船에 이믜 實行하고 其他 一般 滊船에도 將及하기로 決定하얏다더라,https://www.nl.go.kr/newspaper/detail.do?content_id=CNTS-00093739555
news_archive:CNTS-00093738977,1903,황성신문,Modern Korean,"Hanja, Old Hangeul",美國恩䘏金,"⊙美國恩䘏金美國內部大臣의 報告를 據 則 革命戰爭, 千八百十二年戰爭, 印度戰爭, 墨西哥戰爭, 及其他 戰爭時에 戰亡者의 遺族과 負傷者에게 恩䘏 金 額이 三百億弗이라더라",https://www.nl.go.kr/newspaper/detail.do?content_id=CNTS-00093738977
news_archive:CNTS-00093748426,1903,황성신문,Modern Korean,"Hanja, Old Hangeul",東京電報의 一束,"外報照謄⊙東京電報의 一束本月一日及二日에 朝鮮新報社에 達 東京電報가 如左니 日本이 淸國에 要求 바 東京, 大東溝, 奉天府, 安東縣開市와 貨幣制度及度量衡改正事난 承認을 得얏더라俄國이 倫敦에셔 關外鐵道의 股衿을 買收난 此計畫은 英人을 排斥고 其全權을 掌握랴 인 듯다난 說이 有하더라 日本橫濱에 在 俄淸銀行支店에셔 頻頻히 資本金을 還收야 本國으로 送더라 日本參謀次長 田村氏가 本月一日에 卒逝얏더라俄帝셔 墺國에 到着셧더라俄國이 後貝爾加高 索克聯隊와 砲兵隊를 遼東半嶋에 轉移고 新히 東西伯利亞旅團을 編成랴 더라曩日 旅順口로 前往얏던 駐日俄公使 로젠 男爵이 本月一日 朝에 長崎에 還到야 東京으로 急行얏더라日本◈倉의 第十二師團에셔난 何事를 盛히 準備야 頗히 怱忙 狀況이더라",https://www.nl.go.kr/newspaper/detail.do?content_id=CNTS-00093748426
news_archive:CNTS-00093740191,1903,황성신문,Modern Korean,"Hanja, Old Hangeul",西署孔德里契栗木洞第六十四統五戶草家五間板刻家券閪失,●西署孔德里契栗木洞第六十四統五戶草家五間板刻家券閪失故玆以廣佈誰某拾得休紙施行張召史 告白,https://www.nl.go.kr/newspaper/detail.do?content_id=CNTS-00093740191
news_archive:CNTS-00093751336,1903,황성신문,Modern Korean,"Hanja, Old Hangeul",俄國의 新要求說,"⊙俄國의 新要求說俄國이 淸國에 對야 滿洲還附를 稱고 海城, 遼陽, 牛莊, 奉天, 吉林의 五箇所 永久히 租借 事와 鴨綠江沿岸은 二十五年間 租借 事를 要求하얏다난 說이 有더라",https://www.nl.go.kr/newspaper/detail.do?content_id=CNTS-00093751336
news_archive:CNTS-00093747614,1903,황성신문,Modern Korean,"Hanja, Old Hangeul",本社 左記處에 創設고 國漢文及英字로 各種 書籍 圖畵,●本社 左記處에 創設고 國漢文及英字로 各種 書籍 圖畵 名牃出版과 各色 活字製造 販賣와 和洋粧冊 等에 從事오니 有志僉君子 國民敎育上에 有益 著術書冊及其他 雜種印刷物을 付稿 或 持來面議시면 廉價로 依求製呈오니 愛顧시南署廣通坊美洞第卅統四戶 博文社,https://www.nl.go.kr/newspaper/detail.do?content_id=CNTS-00093747614
news_archive:CNTS-00093749122,1903,황성신문,Modern Korean,"Hanja, Old Hangeul",生等이 年來 桑蠶에 致力야 好品魯桑을 開城府古東門外와,●生等이 年來 桑蠶에 致力야 好品魯桑을 開城府古東門外와 南面墨只洞 等地에 優數植養야 現至數十萬株이온바 昨今兩年에 蠶業을 試驗야 收利實多이온즉 我國今日 利厚之策이 顧莫先於此이기 此種을 廣播야 全國에 利益을 普均廉價로 發賣야 同胞의 産業을 勸勉기에 慨然有意야 特此佈告오니 有志君子 斯速來購시開城東部白雲洞 金墉南部惠橋 林光潤 告白,https://www.nl.go.kr/newspaper/detail.do?content_id=CNTS-00093749122
news_archive:CNTS-00093740544,1903,황성신문,Modern Korean,"Hanja, Old Hangeul",仁港紳商會社  寄書,寄書◎敬啓者 貴社財政이 艱絀하야 困難이 莫甚은 實노 貴新聞購覽諸人의 悶歎인 故로 玆에 薄略 銅貨 二十元을 仰呈하오니 望乞哂存하야 以補萬一之費를 千萬爲荷仁港紳商會社謹呈,https://www.nl.go.kr/newspaper/detail.do?content_id=CNTS-00093740544
news_archive:CNTS-00093741613,1903,황성신문,Modern Korean,"Hanja, Old Hangeul",訓革雜稅,⊙訓革雜稅農商工部에셔 京畿 江原 兩道에 訓令되 曩者에 雜稅革罷라신 詔勅을 奉承와 各場市監考의 所收稅錢을 一幷痛革야 以袪民瘼인 則 其在地方行政에 宜爲凜遵無違어날 近聞貴管下各郡場市牛隻賣買에 每一頭에 葉錢 一二兩式 收捧야 以作該郡消瀜之費니 揆以事体에 殊切慨歎이라 爲念民情에 亦係矜惻이니 嚴飭管下各郡야 此等謬例 立爲革罷야 朝家惠澤으로 俾得下究켸 라 얏더라,https://www.nl.go.kr/newspaper/detail.do?content_id=CNTS-00093741613
news_archive:CNTS-00093740152,1903,황성신문,Modern Korean,"Hanja, Old Hangeul",本校에셔 晝夜學員을 增募오니,○本校에셔 晝夜學員을 增募오니 願學僉員은 陰曆二月初三日內로 本校에 來問시오壽進洞 興化學校,https://www.nl.go.kr/newspaper/detail.do?content_id=CNTS-00093740152
news_archive:CNTS-00093745620,1903,황성신문,Modern Korean,"Hanja, Old Hangeul",生이 今番 京仁鉄道技師를 辭職 後 左記處에 事務所를 設고,"●生이 今番 京仁鉄道技師를 辭職 後 左記處에 事務所를 設고 土工, 建築, 鉄道, 工事, 測量, 設計, 製圖 等에 從事기로 開業얏오니 僉君子 照亮京城鑄洞 森下工業事務所主人 森下茂豊",https://www.nl.go.kr/newspaper/detail.do?content_id=CNTS-00093745620
news_archive:CNTS-00093748221,1903,황성신문,Modern Korean,"Hanja, Old Hangeul",牛痘苗,牛痘苗本舖에셔 販賣난 牛痘苗난 新鮮야 接種上에 効驗이 顯著오니 僉君子난 速히 來購심을 伏望京城泥峴 萬田回春堂藥舖,https://www.nl.go.kr/newspaper/detail.do?content_id=CNTS-00093748221
news_archive:CNTS-00093740284,1903,황성신문,Modern Korean,"Hanja, Old Hangeul",年來 弊肆에셔 書冊營業이온바,廣告謹賀新年●年來 弊肆에셔 書冊營業이온바 江湖僉君子의 愛顧를 頗賴와 多數히 賣却왓거니와 今回에 新年賀禮를 表코져 와 左開 新刊書冊을 千部爲限고 該正價外 十分一을 特減야 發售오니 江湖耽讀僉君는 子는 競先枉購시옵牧民心書 父師必讀小學指南 欽欽新書 溫故知新堂叢鈔大韓地志 蠶桑實驗說 新訂筭術 人工養蠶鑑 耳談續纂 淸國戊戌政變記中署洞口罷朝橋越便 朱翰榮冊肆 告白,https://www.nl.go.kr/newspaper/detail.do?content_id=CNTS-00093740284
news_archive:CNTS-00093740729,1903,황성신문,Modern Korean,"Hanja, Old Hangeul",木港地段公拍,⊙木港地段公拍務安監理 閔泳采氏가 木浦港各國人租界地段中 未拍賣區域을 公拍 意도 外部에 報請하얏더라,https://www.nl.go.kr/newspaper/detail.do?content_id=CNTS-00093740729
news_archive:CNTS-00093741068,1903,황성신문,Modern Korean,"Hanja, Old Hangeul",紙幣加計,⊙紙幣加計昨日 紙幣加計 紙幣 每百元에 白銅貨 百七十二元五十錢이더라,https://www.nl.go.kr/newspaper/detail.do?content_id=CNTS-00093741068
news_archive:CNTS-00093741808,1903,황성신문,Modern Korean,"Hanja, Old Hangeul",我韓疆域考 (續),"論說我韓疆域考 (續)◎四郡者난 衛滿朝鮮之所分也니 衞滿이 據有箕準故地하야 稍侵降其旁小邑하야 地方數千里러니 漢武帝元封二年에 遣樓船將軍 楊僕 等하야 擊斬右渠(卽衛滿孫)하고 以其地로 爲樂浪 臨屯 玄兔 眞番 四郡이러니 昭帝始元五年에 罷臨屯 眞番하야 以倂樂浪 玄兔라가 後又以境土廣遠으로 徙玄兔郡於高句麗西北하고 復分嶺東七縣하야 置樂浪東部都尉하고 光武建武六年에 又棄嶺東地하야 悉封其渠帥爲縣侯하니 此其沿革之大槪而其區域은 據漢地理志에 樂浪郡屬縣이 二十五니 朝鮮, 冉邯, 浿水, 含資, 黏蟬, 遂成, 增地, 帶方, 駟望, 海冥, 列口, 長岑, 屯有, 昭明, 鏤方, 提奚, 渾彌, 呑列, 東施, 不而, 蚕台, 華麗, 邪頭昧, 前莫, 夫租 等縣이오 後漢書地理志에 樂浪郡이 十八이오 晉書地理志에 平州樂浪郡이 統縣六이니 其地난 今平安 黃海 兩道及遼左之地也라 通典에 云 碣石山은 在漢樂浪郡遂城縣니 長城이 起於此山하야 東截遼水而入하며 高麗遺址猶存이라 하고 盛京志에 云 海城은 奉天府屬縣이니 漢屬玄兔라가 後屬樂浪이라 하니라 盖其郡治난 本在朝鮮縣하니 今平壤也라 其置郡之初에 漢皆遣吏治之 故로 漢書에 薛宣이 爲樂浪都尉丞하고 魏志에 明帝遣帶方太守 劉欣 樂浪太守 鮮于嗣하야 越海定二郡하고 又正始六年에 太守 劉茂ᅵ 與帶方太守 弓遵으로 伐嶺東穢하니 其時 高句麗雄據遼左 故로 漢魏遣吏를 皆越海而來하고 其自遼東者난 或 被殺掠之患하니 後漢書所云 質桓之間에 高句麗復犯遼東西安平하야 殺帶方令고 掠得樂浪太守妻子者ᅵ 是也라 下至元魏之世에도 樂浪 帶方에 猶自中國으로 越海遙領 故로 魏書地形志云 營州樂浪郡은 領永洛 帶方 二縣이라 하고 百濟盖鹵王十八年에 遣帶方司馬 張茂 等 上表於魏孝文帝曰 句麗王璉이 罪積惡盈에 樂浪諸郡이 懷首邱之心이라 하니 此時 樂浪이 必見呑於句麗 故로 濟王之表ᅵ 如是而自後난 不見於中國地志오 其沿革之蹟을 雖不可詳이나 就以三國歷史而考之컨 新羅史赫居世三十年에 樂浪人이 侵新羅하고 南解王元年에 樂浪兵이 圍金城하고 十一年에 又來攻金城하고 儒理王十三年에 又犯北邊하야 攻陷朶山城하고 百濟史溫祚王四年에 遣使樂浪修好하고 六年에 築馬首城竪甁山柵 樂浪이 使告曰 今逼我疆造立城柵이 或者 其有蚕食之謀乎아 하고 十一年에 樂浪이 攻破甁山柵하고 十三年에 王이 謂臣下曰 國家ᅵ 東有樂浪 北有靺羯하야 侵軼疆境에 小有寧日이라 하고 十七年에 樂浪이 來侵하야 焚慰禮城하고 十八年에 王이 欲襲樂浪牛頭山城이라가 (今春川) 至臼谷遇雪還하고 古爾王十三年에 襲取樂浪邊民 太守 劉茂ᅵ 怒어 百濟恐見討하야 還其民口라 하고 汾西王七年에 襲取樂浪西縣하고 冬十月에 王이 爲樂浪刺客所殺이라 하고 句麗史太武王十五年에 襲降樂浪하고 二十年에 襲樂浪滅之하고 國祖王九十四年에 襲漢遼東하야 殺帶方令하고 東川王二十年에 魏幽州刺史 毌丘儉이 與樂浪太守 劉茂로 伐句麗하고 美川王十四年에 侵樂浪하야 虜獲男女 二千餘口라 하니 丁氏曰 盖自始元合郡之後로 漢廷이 或 命吏來治고 或 令土酋로 分治於春川이라가 其後土酋ᅵ 遂據有春川以自雄하야 別爲一國 故로 東儒ᅵ 以春川爲貊國者ᅵ 此也라 니 (今春川牛頭村에 有故國墟) 此說이 有據라 當時 百濟ᅵ 都於漢山而稱東有樂浪이라 고 又攻牛頭山城이라 니 卽春川之界而地志所謂 彭吳始通之地也라 與羅濟兩國으로 頻年侵伐則 可見其壤土之相接也니 若在遼東之地則 安可越句麗而遠征羅濟乎아 或曰 如玄兔之徙治遼東이라 호 又恐不然니 句麗史太武王二十七年에 漢光武遣兵渡海伐樂浪야 取其地爲郡縣고 薩水以南은 屬漢이라 니 盖則 此七年에 太武王이 襲滅樂浪 故로 光武越海伐取야 復以爲郡而其曰 薩水以南則 非復遼左之地而在乎安州以南을 可知也라 然而 其後未幾에 句麗寢盛야 平壤이 亦爲句麗之有 故로 東川王이 築平壤城而遂移廟社고 新羅基臨王三年에 巡幸比烈忽(今安邊) 至牛頭州(卽春川) 樂浪 帶方 兩國이 歸服于新羅라 니 此時 春川이 亦歸新羅版圖則 樂浪之治난 必移於他縣而今不可攷오 其後十餘年之間에 樂浪之蹟이 僅見於麗濟之史而遂泯沒焉니 盖其地分爲羅麗之有 故也라 (未完)",https://www.nl.go.kr/newspaper/detail.do?content_id=CNTS-00093741808
news_archive:CNTS-00093747259,1903,황성신문,Modern Korean,"Hanja, Old Hangeul",通信院告示第七号,●通信院告示第七号西署盤石坊桃洞契에 漢城郵遞支司 設寘고 本年九月一日붓터 郵遞物을 通信니 人民은 洞悉 事 光武七年八月三十一日,https://www.nl.go.kr/newspaper/detail.do?content_id=CNTS-00093747259
news_archive:CNTS-00093742104,1903,황성신문,Modern Korean,"Hanja, Old Hangeul",日使請見,雜報⊙日使請見日公使 林權助氏가 外部에 照會고 再昨日에 入城 日本子爵 靑木氏를 帶同陛見을 請얏더라,https://www.nl.go.kr/newspaper/detail.do?content_id=CNTS-00093742104
news_archive:CNTS-00093742697,1903,황성신문,Hanmun,Hanja,敍任及辭令,官報⊙敍任及辭令中樞院議官 林學壽 仝 朴鍾淳 仝 文翼臣 仝 金佐卿 仝 朴澤永 仝 朴晟文 仝 朴英健 依願免本官 ○正三品 河在九 六品 彭憲周 仝 柳璟浩 九品 金錫胤 仝 金禹坤 仝 金永善 仝 金重鉉 任中樞院議官敍奏任官六等 以上五月四日秘書院郞 金夏容 通信司電話課主事 洪光杓 仝 金思一 仝 嚴柱益 仝 李舜徽 仝 金永鍾 仝 尹相穆 仝 金鍾瑝 仝 金容濟 仝 金溶玄 仝 趙喆煕 仝 盧承國 仝 丁蘭秀 仝 林淳根 仝 尹昌植 仝 柳其榮 仝 徐相允 仝 池有弼 仝 南宮悳 慶基殿參奉 李起龍 依願免本官 ○任秘書院郞敍判任官六等 六品 李守寅 ○任慶基殿參奉敍判任官八等 李壽煕 以上五月五日,https://www.nl.go.kr/newspaper/detail.do?content_id=CNTS-00093742697
news_archive:CNTS-00093740514,1903,황성신문,Modern Korean,"Hanja, Old Hangeul",牛痘苗,牛痘苗●本堂發賣 牛痘苗가 眞皆新鮮야 接種에 效驗이 顯著오니 僉君子來購심을 切望홈漢城泥峴 萬田回春堂藥舖,https://www.nl.go.kr/newspaper/detail.do?content_id=CNTS-00093740514
news_archive:CNTS-00093764028,1904,황성신문,Modern Korean,"Hanja, Old Hangeul",美國우오루사무 瑞西다우한스 懷中時計各種,美國우오루사무 瑞西다우한스 懷中時計各種右物品을다운셴도 商會와 特約고 皆製產地에셔 直接輸入야 廉價로 販賣홈各國懷中時計、掛鍾、坐鍾、金銀附屬品、金指環、金銀赤銅으로테한 眼鏡、老近眼兩眼鏡類時計修理、原料品其他各種右物品을 廉價로 販賣오니 多少를 不拘고 陸續來購시上品自行車를 廉價販賣고 破傷 車도 新鮮히 修繕홈寫眞 機械 及附屬品 及原料品右物品을 今番支店에셔 廉價로 販賣고 仁川에셔 長野寫眞館에셔 販賣홈寫眞噐輸入商 大坂上田商店代理店仁川各國居留地時計商 都、散賣 喜多金光堂本店京城泥峴十六番戶時計商 都、散賣 喜多金光堂支店主任 織居加一,https://www.nl.go.kr/newspaper/detail.do?content_id=CNTS-00093764028
news_archive:CNTS-00093761333,1904,황성신문,Modern Korean,"Hanja, Old Hangeul",寫眞,寫眞皇城前路 毛橋菊田眞器機를 改良고 特別히 减價야 撮影홈萬世不變色의 寫眞은 小本붓터 六尺以上의 大本지 最廉價로 撮影홈寫眞畵、風俗、景色、妓生等의 寫眞은 廉價로 販賣홈,https://www.nl.go.kr/newspaper/detail.do?content_id=CNTS-00093761333
news_archive:CNTS-00093756513,1904,황성신문,Modern Korean,"Hanja, Old Hangeul",元山俄艦說,⊙元山俄艦說 元山來報란 說을 聞 則本月一日에 俄國軍艦一隻이 出現하야 日本軍艦과 互相攻擊하야 砲聲이 震轟으로 該港居住韓日民人이 恐慌騷擾中이라하나아직 眞的한確報난 未聞하얏노라,https://www.nl.go.kr/newspaper/detail.do?content_id=CNTS-00093756513
news_archive:CNTS-00093753093,1904,황성신문,Hanmun,Hanja,啓者本店新到麵料牛乳水仙花爆,●啓者本店新到麵料牛乳水仙花爆竹烟火起火及錮鉄器洋廣雜貨發售石井洞 杏花春 告白,https://www.nl.go.kr/newspaper/detail.do?content_id=CNTS-00093753093
news_archive:CNTS-00093757796,1904,황성신문,Modern Korean,"Hanja, Old Hangeul",辨論曰公使之辨論（續）,論說 辨論曰公使之辨論(續)一本案은 係是使日本爲殖民이라 論 說하난 者有하되 是亦毫無其理之 言이라 試爲說明如左라挽近日本은 盡全力於工業故로 他 國에 夥多한 農民을 出送하난 餘地 가 無하고 特히 日露載役後에난 工 業이 愈致隆盛하니 當此時하야 來 到韓國하야 經營農業하난 者ᅵ甚 少함이 明白하니 使韓國人民失糊 口之途의 念慮▣殆屬絕無라 今日本農夫의 移住를 念慮하난 者 ᅵ有하나 其生業費가 多한 緣由로 大韓農夫와 併行營業하기 難한 故 로▣墾地난 自然히 歸于大韓農夫 함이 不可容疑나 尙且爲有疑義則 合同中에 載明一欵하야 役夫의 多 數난 大韓人民을 必用하기로하야 記者曰右說은 容有其理하니 日本勞働者가 韓國에 移住하야 生業을 經營할진 其雇傭代金이 日本內地에 比較하면 甚히 减少한 故로 現狀으로난 多數移殖할 必要가 姑無하다고 云함이 無或固然이나 萬若全國山林川澤을 開拓起墾할진 異日에난 日本農夫를 資本家의 勸奬移殖할 必要가 有하니엇지 殖民의 計劃이아니라하리오一開墾次로 日本人▣夥多히 來到함 을 因하야 地方治安을 妨害하리라 云云之說은 亦是架定之想이라 開 墾次로 來到하난 日人은 技師技手 及事務員에 不過하고 寳際開墾이 全係大韓國人이 分明하니 萬一多 少間日人이 來到하야도 一定한 處 所에셔 開墾에 服役한 故로 依規團 來이 容易하니 决斷코 地方治安 을 妨害하난 念慮ᅵ絕無하나 尙此 疑心이 有하 則合同內에 載明此欵 이 無妨이라記者曰此說은 以目今事實而証之컨 京釜鉄道沿路에 日本役夫의 多數가 敺打官長하며 殺害人民하며 討索村閭하며 掘毀塜墓하되 未甞有該會社之嚴禁此獘故로 三南地方은 因此人心이 憤鬱하고 物論이 激䀚하야 視日人을 如仇敵하니 盖此役夫之類난 下等社會之人이라 若不有在上者之嚴禁이면 其獘惡得不至此哉아 若全國之山林川澤을 悉皆着手開墾則其役夫之▣가 必百倍於京釜鉄道之役矣라▣其滋獘之端을 何可勝論哉아 不特妨害於地方之治安이라 安知不妨害全國之安寧乎리오 此 証之現狀而明瞭者라(未完),https://www.nl.go.kr/newspaper/detail.do?content_id=CNTS-00093757796
news_archive:CNTS-00093764331,1904,황성신문,Modern Korean,"Hanja, Old Hangeul",尹氏被囚,●尹氏被囚再昨日下午十二時量▣共進會員尹夏榮氏가 警務廳에 被捉얏더라,https://www.nl.go.kr/newspaper/detail.do?content_id=CNTS-00093764331
news_archive:CNTS-00093758492,1904,황성신문,Modern Korean,"Hanja, Old Hangeul",違背條規,●違背條規奉天府尹尹廷杰氏가 俄國이 滿洲에셔 淸國의 中立條規를 違犯한 事로 淸廷에▣報야 曰東三省이 日俄開戰以來로 黎民이 震驚失散야 異鄕에 流落난 者가 幾許를 不知함으로 現今袁摠督이 楡關一帶에 派員야 招安撫䘏에 盡力케되 俄兵이 每常潰散할 際에 官署民房를 勿論고 焚毀를 肆行야 難民이 故鄕으로 逃歸랴나 多히 容身할 地가 無야 甚히 困苦니 此誠俄人이 淸國의 中立條規를 違犯함이라 目下馬軍門의 鍊軍니 俄人의 背約을 憤怒고 軍勢가 恟恟야 頗히 開釁을 待난 意가 有함으로 或臣憲을 釀成할난지 叵測한 則政府大臣이 俄公使와 交涉야 俄人으로야곰 淸國의 局外中立을 違犯치 勿케야 不測의 虞를 免켸라얏더라,https://www.nl.go.kr/newspaper/detail.do?content_id=CNTS-00093758492
news_archive:CNTS-00093760678,1904,황성신문,Hanmun,Hanja,宮廷錄事,官報●宮廷錄事詔曰完平君李昇應宗親之列位▣俱卲特賜▣尺章特進官尹容善訐謨旣宏耆德愈彰完順君李載完宗室盡臣夙著勞績元帥府會計句摠▣閔泳煥義同休戚勞著殫竭幷特陛賜李花章光武八年九月十六日,https://www.nl.go.kr/newspaper/detail.do?content_id=CNTS-00093760678
news_archive:CNTS-00093755060,1904,황성신문,Modern Korean,"Hanja, Hangeul",日本間牒의 砲殺,●日本間牒의 砲殺去三月十六日俄京彼得堡來報를 據한 則滿洲監督▣▣의이뷔고부 正領이 日本의 間牒으로 顯露되야軍法會議에셔 審問한 後에 砲殺되얏다더라,https://www.nl.go.kr/newspaper/detail.do?content_id=CNTS-00093755060
news_archive:CNTS-00093752057,1904,황성신문,Modern Korean,"Hanja, Old Hangeul",淸國亡命者의 擧兵計畫,⊙淸國亡命者의▣兵計畫日本▣新嘉坡等地▣潜匿 淸國亡命者가 孫逸仙梁啓超을 謀士로고 日俄가▣戰되닌 日에난 南淸一帶의 同志者▣糾合야 略十五万內外의 義勇兵▣招募 이 此를 訓練 後에 滿洲▣入야 日本軍과 氣脉▣相通야 俄兵▣擊退▣랴난 决心▣抱고目下密議中인 軍噐購入 方法도 完定얏고이믜 悲壯 檄文을 發얏다더라,https://www.nl.go.kr/newspaper/detail.do?content_id=CNTS-00093752057
news_archive:CNTS-00093752926,1904,황성신문,Modern Korean,"Hanja, Old Hangeul",本社告白,本社告白本新聞紙價난 每一張葉一錢、每朔葉一兩七錢五分、六朔先給葉九兩五錢、 一年先給葉十八兩이오 外方에셔 購覽시난이난 以上定價外에郵稅 每朔葉二錢七分만 添入홈廣告費난 本新聞發行난 四号活字로 每行에 葉五錢을 取난 行의 多少와 期의 長短으로 加减이 有니 躬枉面議시南署會賢坊大公洞北邊第二谷內第二十七統十戶皇城新聞社 社長兼輯編人 張志淵,https://www.nl.go.kr/newspaper/detail.do?content_id=CNTS-00093752926
news_archive:CNTS-00093759508,1904,황성신문,Modern Korean,"Hanja, Old Hangeul",義恤募集廣告,義恤募集廣告●向日山林川澤事件으로 輔安會臨時會長으로 日司令部로 押去되야 安州로 下去 元世任申衡均李範錫三氏의 家業極貧야 該家에 主管이 無 故로 其家屬의 飢乏苦楚 情狀이 實노 悲慘可矜지라 日前何許有志者宋秉奎氏가 出義氣發慈悲야 錢六元을 帝國新聞社로 寄送고 該新聞에 廣告얏스되 恤金을 募集야 右三氏의 家屬에게 分送救恤케얏더니 其間幾許間이나 募集얏지 本人이 錢十元을 僅辦야 玆에 貴社로 仰呈오니 貴社에셔도 特別新聞에 揭載廣佈오셔 多少間募集로 三氏의 慘惻 情景을 救恤시을 千萬伏望金興默 告白,https://www.nl.go.kr/newspaper/detail.do?content_id=CNTS-00093759508
news_archive:CNTS-00093757967,1904,황성신문,Hanmun,Hanja,仁川港出帆廣告,●仁川港出帆廣告 ○日新号 七日十二日午前發 木浦濟州行 ◎金龍丸 七月十四日正午發 木浦釜山下關神戶大阪行 ○大禮丸 七月十九日午后發 釜山下關神戶大阪行 ○漢城号 七月二十一日正午發 木浦釜山下關神戶大阪行 ◎筑後川 七月二十二日正午發 甑南浦行,https://www.nl.go.kr/newspaper/detail.do?content_id=CNTS-00093757967
news_archive:CNTS-00093752574,1904,황성신문,Modern Korean,"Hanja, Hangeul",議政疏遞,雜報⊙議政疏遞議政李根命氏가 辭職疏를 再次上하야 遞任하얏더라,https://www.nl.go.kr/newspaper/detail.do?content_id=CNTS-00093752574
news_archive:CNTS-00093756242,1904,황성신문,Modern Korean,"Hanja, Old Hangeul",麥蘇糓落,●麥蘇糓落 近日嶺南으로 從來人의 傳言을 聞 前嶺南各地方에 今春麥形이 立苗稀疎하고 且多萎黃으로 初春에 大歉에 至가 念慮하야 人心▣洶洶하고 糓價가 刁騰하더니 近日은 麥候가 稍旺하야 其立苗▣ 皆勃興 貌樣이오 且釜山沿海米糓▣倒退上來으로 穀價가 稍爲低落하얏다더라,https://www.nl.go.kr/newspaper/detail.do?content_id=CNTS-00093756242
news_archive:CNTS-00093762055,1904,황성신문,Modern Korean,"Hanja, Old Hangeul",冐入被押,●冐入被押昨日學部에셔 全羅慶尙四道儒主을 經義問對試取製述하난 慶向道儒生五人야 姓名▣偸冐入試다가 綻露되야 該五人等은 一幷▣務廳으오 押送얏더라,https://www.nl.go.kr/newspaper/detail.do?content_id=CNTS-00093762055
news_archive:CNTS-00093754117,1904,황성신문,Modern Korean,"Hanja, Old Hangeul",日本交戰의 目的,⊙日本交戰의 目的同電을 據한 則日本男爵末松謙澄氏가루더 新聞記者의 訪問에 對야 曰日本의 目的은 交戰을 因야領十擴張과 實物上利益을 得랴함▣아니오 東洋의 數十年和를 確保랴함인 則黃色禍라함은 杞憂라얏더라,https://www.nl.go.kr/newspaper/detail.do?content_id=CNTS-00093754117
news_archive:CNTS-00093764022,1904,황성신문,Modern Korean,"Hanja, Old Hangeul",今番의 美品으로 堅固 洋製冬服等幷付屬物品과,●今番의 美品으로 堅固 洋製冬服等幷付屬物品과 新鮮한 西洋雜貨等을 輸來하얏사오니 僉君子난 來購하시면 廉價로 酬應하삼다貞洞新作路大黑屋商店,https://www.nl.go.kr/newspaper/detail.do?content_id=CNTS-00093764022
news_archive:CNTS-00093756998,1904,황성신문,Modern Korean,"Hanja, Old Hangeul",龍倅報告,雜 報●龍倅報告 五月九日에 龍川郡守李庚植氏가 俄軍의 嫌疑▣로 安東縣日本司令部에 被執驅去함은 已記히얏거니와 六月三日에 李郡守가 還郡하야 日本司令官과 問答 事件을 報告하얏난 其槪意를▣한 則日官이問曰郡守가 能解▣語乎아 曰不知드라 問曰洩軍事上行動於俄軍乎아 曰未有로▣問曰郡守佩俄▣勳章云하니 果然乎아 曰我無叙勳之効勞하고若有俄▣勳章則我政府로 自有處分矣니▣探則不卞而自明이리라 問曰與負商輩로 有相開乎아 曰負商은 我國大獘라 自政府로 已爲革罷하고 且平日所惡者니 豈有相關之事乎아 問曰良策站에셔 俄率을 爲하야 牟麥을貯置하얏다니 果然乎아 曰俄軍이 來往에 馬粮▣誅求히난 若非準備則民間作獘가 罔有其極故로 爲念民情하야 若干準備▣라▣則曰▣當然矣라하고 又問曰龍岩▣五里許居金主事의 麥을 爲俄貯置라하니 果然否아曰未有로라 問曰龍岩▣俄人의 敷設鉄路를 收取하난 民을 自▣으로 捉囚云히니 何故오 荅曰日語通詞安哥兄弟가 藉托貴陣하고 鉄道收取人民에게 每名五十兩式討索▣故로 捉囚嚴懲 事만 有로라 問曰郡守가 俄人의流木과 蘆田과 家屋田土를 賣買 時에 利益▣收取얏다하니 果然乎아曰監理와 委員이 自有辦理하얏슨 則本官은 相關이 無로라 問曰軍事上電線을 斷絕은 何故오 曰無知愚氓이電線▣初見하고 以爲鉄絲需用이라하고 種種絕去하기로 嚴訓禁戢이얏노라 問曰日▣卜駄를 調査摘奸은何故오 曰每日人夫을 募集하 駄數을 詳知後에야 無碍輸運하기로數日을 調▣하얏노라 問曰曾經何官고 曰甲午更張時學部叅書官으로 移任成均館長이로라 然前公이 兩班乎아고 仍爲拘留거 李郡守曰使我白玉無瑕之人으로 拘置暗室之中이 已近一朔에 出梢가 無期하니 切爲貴公慨然하노라 司令官曰我已取調多小事하니 公所爲난 天帝有明이라公이 來以黑夜昏霧中터니 歸니 靑天白日下라 爲兩國大幸이니 公其旋斾日後에 我國軍▣를 叧注是望이라하얏더라,https://www.nl.go.kr/newspaper/detail.do?content_id=CNTS-00093756998
news_archive:CNTS-00093764284,1904,황성신문,Modern Korean,"Hanja, Old Hangeul",李具特放,●李具特放平理院에 任寘얏던▣裕寅具▣淳兩氏난 昨日上午三時量▣裁判長國丙▣氏가 大內에셔▣▣을 奉承▣該院으로 電▣야 一併放送난 警廳으로 巡檢十名을 派送▣護얏다더라,https://www.nl.go.kr/newspaper/detail.do?content_id=CNTS-00093764284
news_archive:CNTS-00093756593,1904,황성신문,Modern Korean,"Hanja, Old Hangeul",咸興俄兵,⊙咸興俄兵 元山電을 據 則 五月三十一日洪原郡箭津을 出帆하야 元山에 歸着 客談을 據 則 俄國騎兵約一百七十名이 去三十日北靑에셔洪原으로 到着하야 其夜에 一宿하고翌日曉頭에 咸興方面으로 向하얏다하니 料想컨 俄軍小部隊난 斥候兵보다 一百里假量을 後하야 南下하난듯 目下咸興에 駐在 俄兵은 約三百이될듯하다더라,https://www.nl.go.kr/newspaper/detail.do?content_id=CNTS-00093756593
news_archive:CNTS-00093756776,1904,황성신문,Modern Korean,"Hanja, Old Hangeul",俄兵의 南下,⊙俄兵의 南下 北京電을 據한 則 俄兵이遼陽에셔 大石橋▣經야 陸續南下니此난 蓋平에셔 日本軍과 大决戰랴난 計畫이라더라,https://www.nl.go.kr/newspaper/detail.do?content_id=CNTS-00093756776
news_archive:CNTS-00093757141,1904,황성신문,Modern Korean,"Hanja, Old Hangeul",嚴禁閑雜,●嚴禁閑雜 近日東大門內▣무壯觀의▣가 有지 每日夕에 無事少年輩가 鍾路에 三三五五히 作伴하야電車를 搭坐으로 警廳에셔 該閑雜輩가 會集奔波을 嚴禁다더라,https://www.nl.go.kr/newspaper/detail.do?content_id=CNTS-00093757141
news_archive:CNTS-00093753457,1904,황성신문,Modern Korean,"Hanja, Old Hangeul",三陟不法,●三陟不法三陟郡各津民人等이以漁▣資生이더니 邑吏沈文若이 官令을 持고 各津에 來到야 所捉幾魚十萬兩價値▣一一調査하야 勒成件記曰自▣都沽則不得私賣▣고價文은 全不出給니 訓▣該郡야使民支保케라엿더라,https://www.nl.go.kr/newspaper/detail.do?content_id=CNTS-00093753457
news_archive:CNTS-00093762251,1904,황성신문,Modern Korean,"Hanja, Old Hangeul",鷄標牛乳 갈릐아,갈릐아●本洋行에셔 本國新發名 鷄標牛乳을 旣往多數輸入야ᅵ僉君子의 厚意로 盡卽發賣이오나 其間路遠之致로 暫爲欠乏터니 今番에 更爲多數入來故 玆以敬告오니 照亮來購심를 千萬慶祝 定價金 每桶昨日貨二十五錢 十二桶에 二元七十五錢 大安門前大昌洋行西小門洞口福車橋淸商德興盛店에도 此牛乳를 發賣홈,https://www.nl.go.kr/newspaper/detail.do?content_id=CNTS-00093762251
news_archive:CNTS-00093753774,1904,황성신문,Modern Korean,"Hanja, Old Hangeul",俄國海軍의 不合,外報 照謄●俄國海軍의 不合本月十日에 發한 東京電에 曰烟台電을 據한 則旅順에셔 俄國海軍將校의 意見이 一致치못야 敗殘한艦隊로써 攻擊난 形勢를 取코져되 命令이 不行함으로 極東▣督의 裁决을 要求얏더라,https://www.nl.go.kr/newspaper/detail.do?content_id=CNTS-00093753774
news_archive:CNTS-00093752532,1904,황성신문,Modern Korean,"Hanja, Old Hangeul",辯護渡日,⊙辯護渡日農務工▣博覽會主事李冕宇氏가 高水根▣裁判야 對하야辯護次로 日本에 入去다더라,https://www.nl.go.kr/newspaper/detail.do?content_id=CNTS-00093752532
news_archive:CNTS-00093755619,1904,황성신문,Modern Korean,"Hanja, Old Hangeul",梧桐賊報,⊙梧桐賊報 本月廿七日夜에 梧桐洞民家에 盜賊四名이 於砲突入하야一人을 重傷하고 錢財을 掠去하얏난 當夜에 此急報가 日本警察署에 達 該署에셔 直時仁港監理署에 報하야 同署巡檢四名을 戢捕次로 派遣하얏난 該火賊이 新式銃을 携帶으로 或逃躱 兵丁의 所爲인가 疑訝다더라,https://www.nl.go.kr/newspaper/detail.do?content_id=CNTS-00093755619
news_archive:CNTS-00093762811,1904,황성신문,Hanmun,Hanja,仁港輪船出帆廣告,●仁港輪船出帆廣告蒼龍號 陰曆 月 日午后發 木浦釜山元山北關行顯益號 陰曆 九月 日午后發 木浦釜山元山行日新號 陰曆 月 日午后發 木浦釜山元山北關行順新號 陰曆 月 日午后發 群山木浦釜山神戶行漢城號 陰曆 月 日午后發 木浦釜山神戶行 大韓協同郵船會社,https://www.nl.go.kr/newspaper/detail.do?content_id=CNTS-00093762811
news_archive:CNTS-00093761965,1904,황성신문,Modern Korean,"Hanja, Old Hangeul",平北馳報,雜報●平北馳報平北▣察使李容觀氏가 管下各▣報를 內部▣報告하되 宣川郡에난 十月八日에 所謂進步會數百名이 突入邑中하야 自手削髮하고 一向屯聚而其中金彩鳳等三名을 捉囚하얏고 定州郡에난 十月七日에 姜變虎金昌河等이 領率衆民四百名▣고 稱以進步會하고 來留城底하야 一齊斷髮하고 曉諭不散故로 姜▣兩人을 保囚하▣고 龜城郡에난 十月八日에 東匪千餘名이 攔入城底하야 同九日에 移會南門外하고 一時斷髮에 尙不解散▣라하얏고 郭山郡에난 十月八日에 進步會三百餘名이 來▣邑底而定州駐箚日本司令部憲兵이 該會中數三人을 査問次執留하얏고 博川郡에난 十月八日에 朴基根杆琮根이 來入官廳하야 進步會通文을 出示郡守而辭意則以輔國安民斷髮齊心으로 措辭하얏고 嘉山郡에난 十月八日에 亂民幾百名이 稱進步會하고 屯聚邑底而日陣所로셔 金洪敏等四人을 捉去하얏고 泰川郡에난 十月八日에 進步會六百名이 來會于舘宇門樓라하고 又十月十五日午前에 會長與會黨六七百名이 來會鄕廳하야 與日憲兵으로 移時筆談하고 曉論安業하되 終不解歸故로 捉囚魁首三名하고 亦以萬端開諭로 一不退去하고 忽然瓦石이 投入廳舍하기로 憲兵與監理署巡檢兵丁이 齊力示威하야 始乃解送하고 其中抗拒者數十名을 一軆捉囚이더니 會黨幾千이 乘暮入境하야 聲言曰遺人放火하고 巡檢兵丁을 殺害云故로 日憲兵이 一邊邇奇於兵站部하고 一邊帶率監理署巡檢及兵丁九名하고 防守矣러니 會黨이 或騎或步하야 高掛紅繕白旗하고 數千名이 果爲來到하야 喊聲相迫에 景色危急하야 對敵砲殺者ᅵ四名이오 溺水死者六名이오 負傷者一名이라 若非日憲兵來救면 峽中殘邑이 未知至於何境더라하니 愚蠢之類가 胥動惑象에 悶不畏法故로 施威彈壓次訓飭安州三十隊하야 一小隊兵丁을 叧派來府케하얏다더라,https://www.nl.go.kr/newspaper/detail.do?content_id=CNTS-00093761965
news_archive:CNTS-00093758628,1904,황성신문,Modern Korean,"Hanja, Old Hangeul",退却析大城,●退却析大城同報를 據한 則析木城에 在한 俄兵이 海城方面으로 退却얏다더라,https://www.nl.go.kr/newspaper/detail.do?content_id=CNTS-00093758628
news_archive:CNTS-00093758995,1904,황성신문,Hanmun,Hanja,安全金庫各種販賣,廣告●安全金庫各種販賣韓國京城歐米雜貨商大黑屋商店,https://www.nl.go.kr/newspaper/detail.do?content_id=CNTS-00093758995
news_archive:CNTS-00093761234,1904,황성신문,Modern Korean,"Hanja, Old Hangeul",全羅南道長興吉聖敦이,●全羅南道長興吉聖敦이 孝友敦睦養老賙貧助婚賻喪니 今世稀人이라 成均舘員이 闡揚之意로 發通故玆에 廣佈홈金允植 告白,https://www.nl.go.kr/newspaper/detail.do?content_id=CNTS-00093761234
news_archive:CNTS-00093752646,1904,황성신문,Modern Korean,"Hanja, Old Hangeul",蔡氏陳疏,⊙蔡氏陳疏再昨日에 儒生祭光默氏等五十餘人이 時機에 切迫을 憂忿하야 大安門前에 進伏陳疏하기로 警衛院에셔 蔡氏等을 招致하야 曉諭送歸하얏더라,https://www.nl.go.kr/newspaper/detail.do?content_id=CNTS-00093752646
news_archive:CNTS-00093755132,1904,황성신문,Modern Korean,"Hanja, Old Hangeul",印度同情,外報 照謄●印度同情日俄兩國이 昨年붓터 滿洲問題로 交涉한 以來로 印度人이 其始終을頗히 注意고 其後兩國關係가 漸次切迫함을 從야 日本에 對한 同情이 益厚고畢竟開戰기에 至한 則兵弁、醫師、看護婦等各樣資格으로 日本軍隊에 從軍기를 希望난 者가 多고 或은 日本政府에仕宦을 希望난 者가 多며 又車機領馬軍粮等其他軍需品을 供給코져야 日本領等舘에 請願한 者도 不少고 特別히 開戰後에 日本海軍이 大勝얏다난 報道가來到한 則日本領事에게 對야 電信或書信으로써 祝意를 表난 者가 多야 從軍을 希望난 者가 倍前增加난 模樣이오且土人이 日本의 勝捷함을 祈禱기 爲야 各其宗派로 會集야 大祈禱會를 設고 又日本戰死者의 遺族及負傷者를 爲야 義捐金을 募集랴한다고 又該地에在한 日本人會에셔 發起야 日本戰死者의 遺族을 扶助기 爲야 義捐金募集난 趣旨를 發表얏더니 二十日을 不過야 二萬누비를 應募얏더라,https://www.nl.go.kr/newspaper/detail.do?content_id=CNTS-00093755132
news_archive:CNTS-00093760531,1904,황성신문,Modern Korean,"Hanja, Old Hangeul",本郡居前主事劉容弼,●本郡居前主事劉容弼年今十七幼人을 洞里居廉昌烈池春男金世植三人이 京鄕間誘人야 去月의 上京야 僞造田畓文卷고 典債云니 內外國人은 絕勿擧論옵白川居 進士 劉利植 告白,https://www.nl.go.kr/newspaper/detail.do?content_id=CNTS-00093760531
news_archive:CNTS-00093760973,1904,황성신문,Hanmun,Hanja,第一樓中西大菜店,第一樓中西大菜店●樓房寛濶窻壁光明棹燈噐具無不精備所有山珍海錯及中西美酒一應俱全味甘價廉 僉君子光臨是幸二宮洞料理舘 第一樓 主人 告白,https://www.nl.go.kr/newspaper/detail.do?content_id=CNTS-00093760973
news_archive:CNTS-00093751668,1904,황성신문,Modern Korean,"Hanja, Old Hangeul",本人에 姪子平壤居前主事炳稷이,●本人에 姪子平壤居前主事炳稷이 性本浮浪야 雜類을 締結 後京鄕의 出沒야 公私債間債用고 族威에 欲徵오니 毋論內外國人고 見欺給債면 白失쳐이오니 照亮오中和金鼎根 告白,https://www.nl.go.kr/newspaper/detail.do?content_id=CNTS-00093751668
news_archive:CNTS-00093757217,1904,황성신문,Modern Korean,"Hanja, Old Hangeul",韓日激戰,⊙韓日激戰 錦山郡에셔 京釜鉄道役夫日人數十名이 去十二日에 我韓과 互相爭鬪하야 我人十餘名은 負傷하고 二名은 被殺하얏다 因此로 同地人心이 一般激憤하야 大段騷擾하 中인 群山港日領館에셔 警部一名과 巡査二名을 該地로派送하얏더라,https://www.nl.go.kr/newspaper/detail.do?content_id=CNTS-00093757217
news_archive:CNTS-00093760230,1904,황성신문,Hanmun,Hanja,仁港輪船出帆廣告,●仁港輪船出帆廣告蒼龍號陰曆 月 日午后發 木浦釜山元山北關行顯益號陰曆 九月 日午后發 木浦釜山元山行日新號陰曆 月 日午后發 木浦釜山元山北關行順新號陰曆 月 日午后發 群山木浦釜山神戶行漢城號陰曆 月 日午后發 木浦釜山神戶行大韓協同郵船會社,https://www.nl.go.kr/newspaper/detail.do?content_id=CNTS-00093760230
news_archive:CNTS-00093110168,1905,대한매일신보,Modern Korean,"Hanja, Old Hangeul",特別廣告,本申報 海外電報 卽接야 機關이 靈通고 外報와 探報 敏捷活潑도룩 注意오며 申報發送 迅速信傳기 分傳人의게 在으로 本社에셔 平常에 諸分傳人의게 丁寧告戒고 申申訓飭야 毋或婾惰게 注意거니와 如或暫有稽忽이라도 愛讀僉君子는 密使通知于本社시면 該分傳의게 誠信相孚도록 耳提面命고 勤贄가 發生도록 誨諭야 必無遲誤기로 期待나이다本社에 寄書시 諸君子 姓名과 居住 明確게 懸錄送附시와 證據가 有을 必要이오 公衆平和 秩序 문亂케 意와 社會上不經荒雜 寄書 不受 權利가 本社에 自有오니 肯諒시大韓每日申報社,https://www.nl.go.kr/newspaper/detail.do?content_id=CNTS-00093110168
news_archive:CNTS-00093108650,1905,대한매일신보,Modern Korean,"Hanja, Old Hangeul",本社廣告,申報價一張代金 韓貨五錢一箇月前納 五十戔三箇月 一元五十戔六箇月 二元九十戔一箇年 五元八十戔郵稅一部 新貨五里一箇月 十三戔廣告科四号活字十三字詰每日每英尺一寸에 新貨廿五錢(每日每行에 六錢에 相當홈)二周日에 二圓五十錢(每日每行四錢五里에 相當홈)一箇月에 五圓(每日每行四錢一里에 相當홈)其期限의 長短과 字行의 多少를 依야 增減이 有홈大韓人마다 此申報를 不得不閱覽실터이오니 廣告出報실 僉君子 來臨面議시發行兼編輯人 英國人裴說發行所 京城北署壽進坊礴洞号外地法語學校前 大韓每日申報社,https://www.nl.go.kr/newspaper/detail.do?content_id=CNTS-00093108650
news_archive:CNTS-00093105759,1905,대한매일신보,Modern Korean,"Hanja, Old Hangeul",商會報告,商業會議所에셔 農部의 報告 內槩에 本會議所에셔 規模組織이 尙此未遑이오나 團軆의 成立 見狀을 發表기 爲와 本會議所任員을 爲先選定얏기 玆以左開報告오니 照亮爲要라얏다더라左開議長 金基永副議長 郭泰鉉理事 趙鎭泰監定議員 韓錫振調査員 韓珽錫調査監督 趙秉송秉畯調査議員 白瑩洙金鼎煥李君弼金洙鎔劉鎭洪會計員 白完爀尹晶錫起草委員 洪肯變廉仲模接受議員 朴基元蔡學曹繙譯議員 尹定植崔敬洙金永河,https://www.nl.go.kr/newspaper/detail.do?content_id=CNTS-00093105759
news_archive:CNTS-00093108958,1905,대한매일신보,Modern Korean,"Hanja, Old Hangeul",直隷省의 各兵撤退,倫敦電에 云하되 伯林에셔 發表 報道 據즉 日本이 直隷省에셔 公使舘保護兵以外에 總히 撤兵을 贊成하 意로 德國에 回答하얏더라,https://www.nl.go.kr/newspaper/detail.do?content_id=CNTS-00093108958
news_archive:CNTS-00093109632,1905,대한매일신보,Modern Korean,"Hanja, Old Hangeul",義務固然,忠臣閔公泳煥氏의 以身殉國 忠義를 環域人士가 莫不感慕야 吊會所를 典洞四十四統九戶에 設置고 敦匠執紼等事에 效力다더라,https://www.nl.go.kr/newspaper/detail.do?content_id=CNTS-00093109632
news_archive:CNTS-00093109650,1905,대한매일신보,Modern Korean,"Hanja, Old Hangeul",SPIDER|KEY|TELESCOPE,以上三種은 上品으로 製造야 衛生上에 至極有益오니 毋論某人고 本社에 來顧大韓帝國仁川港 濟物浦紙卷煙及烟草會社,https://www.nl.go.kr/newspaper/detail.do?content_id=CNTS-00093109650
news_archive:CNTS-00093107741,1905,대한매일신보,Modern Korean,"Hanja, Old Hangeul",召還公使,쳥國政府에셔 駐쳥日本公使가 北京官民間에 人心을 甚失하야 相適치못 事가 頗多으로 召還을 請求하얏다 風說이 狼藉하더라,https://www.nl.go.kr/newspaper/detail.do?content_id=CNTS-00093107741
news_archive:CNTS-00093777130,1905,황성신문,Modern Korean,"Hanja, Old Hangeul",白銅貨交換成績表,●白銅貨交換成績表本月十六日 交換請求鑑定 白銅貨가 一千元인 其中 甲種이 九百十九元八十五錢이오 乙種이 八十元十五錢이니 合計가 一千元이더라,https://www.nl.go.kr/newspaper/detail.do?content_id=CNTS-00093777130
news_archive:CNTS-00093777552,1905,황성신문,Hanmun,Hanja,每日發刊,每日發刊日曜及慶節歲時休刊檀君開國四千二百三十八年箕子元年三千二十七年大韓開國五百十四年光武九年十月二十六日舊曆乙巳九月二十八日日本明治三十八年淸國光緖三十一年西歷一千九百五年本紙定價每一張 代金 三戔一個月 代金 五十戔三個月 先金 一元四十五戔六個月 先金 二元八十戔一個年 先金 五元五十戔廣告料二號活字 每一行 二十戔四號活字 每一行 十戔行多少期長短臨時加減事外方購覽處先受代金如左一個月 代金郵料 並七十六戔六個月 同 四元三十六戔一個年 同 八元五十二戔中署鐘路第二十統二戶 發行所 皇城新聞社 社長兼編輯人 張志淵,https://www.nl.go.kr/newspaper/detail.do?content_id=CNTS-00093777552
news_archive:CNTS-00093767615,1905,황성신문,Modern Korean,"Hanja, Old Hangeul",本會에셔 今八日下午一時에 獨立舘에셔 演說會를 開고,○本會에셔 今八日下午一時에 獨立舘에셔 演說會를 開고 傍聽을 許옵기 玆以仰佈오니 僉君子 照亮시오 雨則 停退光武九年四月六日 一進會 告白,https://www.nl.go.kr/newspaper/detail.do?content_id=CNTS-00093767615
news_archive:CNTS-00093764563,1905,황성신문,Modern Korean,"Hanja, Old Hangeul",郭䟽槪意,●郭䟽槪意郭參贊鍾錫氏가 純明妃嚴制事로 上䟽 槪意를 聞 則 今番 服制에 上下臣民이 一切 服朞은 典禮에 元無하거 已爲頒布하얏슨 則 卒哭後에 除服이 人情에 似合이라 하얏다더라,https://www.nl.go.kr/newspaper/detail.do?content_id=CNTS-00093764563
news_archive:CNTS-00093772731,1905,황성신문,Modern Korean,"Hanja, Old Hangeul",種痘員陳情,●種痘員陳情北墾嶋種痘委員 朴時煥氏의 報告內에 本島 處在韓淸交界야 兩國官民의 葛藤은 不煩可燭이올견과 至於去春夏야 島內各地方에 外兵之來往이 無日無之와 我民之橫被其禍가 尤極慘酷에 民無安堵之望이기 本所之廢務 勢所必至더러 矧又島內烏合之私醫軰가 乘此時而挾囑匪類야 示其威而驅迫認許員며 遍行私術이 毫無顧忌이되 照規處罰을 莫可擬行오니 官痘與否를 爰可據論이리오 承本部訓飭와 與認許員으로 爛商講究야 冒其危險에 隨機施術이 僅爲六百七十六名이라 얏더라,https://www.nl.go.kr/newspaper/detail.do?content_id=CNTS-00093772731
news_archive:CNTS-00093773071,1905,황성신문,Hanmun,Hanja,大韓疆域考,大韓疆域考丁若鏞氏 撰張志淵 增補一帙 二冊 定價金 貳元發賣所洞口內越邊 朱翰榮冊肆布廛屛門下 金相萬冊肆平理院前 金孝演紙廛,https://www.nl.go.kr/newspaper/detail.do?content_id=CNTS-00093773071
news_archive:CNTS-00093777097,1905,황성신문,Modern Korean,"Hanja, Old Hangeul",本社에셔 各種敎課書及書籍雜誌月報譜牒通文廣告卒業証書領受証,○本社에셔 各種 敎課書及書籍 雜誌 月報 譜牒 通文 廣告 卒業証書 領受証 名帖 等 印刷營業은 旣爲廣佈이오나 今般 家屋을 重建고 活版의 諸具와 各種 活字及輪廓과 電氣版與石版을 一層擴張오니 有志하신 僉君子 枉臨請購하심을 務望現今大韓地誌再刊發售所如左鍾路大東書市東闕罷朝橋越邊朱翰榮冊肆布廛屛門 金相萬冊肆美洞 博文社 社長 河相驥総務 吳台煥 廣告,https://www.nl.go.kr/newspaper/detail.do?content_id=CNTS-00093777097
news_archive:CNTS-00093772680,1905,황성신문,Modern Korean,"Hanja, Old Hangeul",戢捕官報告,●戢捕官報告忠南戢捕官洪州郡守 李敎弼氏가 內部에 報告되 郡守가 兼承忠南戢捕之命와 辭朝赴任之初의 沿路賊警이 無郡不騷야 有駭聽聞이라 玆州가 處在湖右要衝야 窃發之患이 偏受其毒온바 厥黨이 數十成隊야 洋銃穴砲로 鳴鑼晝行온바 投榜衝火며 敺人殺命에 宣言犯城야 邑村이 俱劫에 民不堪其生야 避鋒入城이 式日踵至에 民戶之在在逢賊은 指不勝摟이옵고 巨室大戶에 無不當駭라 本境及他郡賊警을 不比一時窃盜오 便以潢地弄兵而明時流賊之患과 漢東綠林之徒未有甚於此矣라 昻惟九重丙枕이 靡寧시고 俯以民生이 難保니 爲其地方官吏者 孰敢不竭誠彈壓이리오마 本郡守가 雖屬非材나 命寄特重시니 敢陳愚見와 召募土勇와 別設砲士 二十名고 巡防哨警과 坐作進退에 湖右一路 可以賴安이기 摭實報告오니 啓下事目旅費劃用項을 依야 移照度支야 本郡甲辰條結錢中 支撥고 器械則 洋銃 三十四柄과 彈丸 一千四百發을 劃下라 얏더라,https://www.nl.go.kr/newspaper/detail.do?content_id=CNTS-00093772680
news_archive:CNTS-00093776498,1905,황성신문,Modern Korean,"Hanja, Old Hangeul",射擊聲明,●射擊聲明日本守備隊第二十四聯隊長이 昨日 內部에 照會하되 來九日午前十時에 自弘濟附近에셔 機關砲實彈射擊을 施行하오니 其日午前七時붓터 午後四時間은 危險을 預防하기 爲하야 該地附近에 人民이 勿爲通行케 하라 얏더라,https://www.nl.go.kr/newspaper/detail.do?content_id=CNTS-00093776498
news_archive:CNTS-00093776882,1905,황성신문,Modern Korean,"Hanja, Old Hangeul",賊術詭而踈,●賊術詭而踈晉州來人의 傳說을 聞 則 該郡居 姜議官周湜氏家에 忽然乘昏하야 一個人이 其內挾房으로 突入하거 姜氏가 恠而開視 則 京居 洪姓人인 鴉片烟器具를 携帶而來야 方纔吸烟하지라 姜氏가 詰責曰 君이 雖與我知面이나 何故로 禁物을 携持고 吾家에 突入야 擅自臥吸뇨 洪漢이 假作哀乞態 曰 吾嗜此而無處可吸 故로 冒沒暫入니 望乞恕罪라 야 以此言詰之際에 忽又巡檢 二名이 突入야 吸烟 洪漢은 不問고 姜氏를 越執야 曰 吸烟은 犯禁이라 며 期欲捉去나 姜氏가 辨詰理由고 牢拒不往 則 而已오 該府主事 姜來遠氏가 帶率巡檢而來야 縛繩捉去하다가 中路惡刑 曰 吸烟贖錢이 葉十萬兩을 當場加納라 나 當場에 難辨으로 今月十日노 爲限하고 手票를 勒討하며  巡檢足貰 一千兩票를 勒討 後 其家로 還歸하야 巡檢幾名으로 納錢日지 把守拘禁 姜氏가 後墻을 越하야 乘夜逃走上京얏다 該洪漢은 尙今 偃臥揚揚다더라,https://www.nl.go.kr/newspaper/detail.do?content_id=CNTS-00093776882
news_archive:CNTS-00093778856,1905,황성신문,Modern Korean,"Hanja, Old Hangeul",學大家火,●學大家火再昨夜에 學部大臣 李完用氏家를 何許削髮洋服者 數十人이 突入야 衝火얏 該家 二間이 被燒얏다더라,https://www.nl.go.kr/newspaper/detail.do?content_id=CNTS-00093778856
news_archive:CNTS-00093775936,1905,황성신문,Modern Korean,"Hanja, Old Hangeul",美艦向釜,●美艦向釜仁港에 碇泊 美國東洋艦隊旗艦오요 号가 再昨日에 釜山으로 發向히얏 釜山에셔 美國大統領 아리스 令孃의 一行을 待야 卽時 橫濱으로 發向다더라,https://www.nl.go.kr/newspaper/detail.do?content_id=CNTS-00093775936
news_archive:CNTS-00093776301,1905,황성신문,Hanmun,Hanja,每日發刊,每日發刊日曜及慶節歲時休刊檀君開國四千二百三十八年箕子元年三千二十七年大韓開國五百十四年光武九年十月二日舊曆乙巳九月初四日日本明治三十八年淸國光緖三十一年西曆一千九百五年本紙定價每一張 代金 三戔一個月 代金 五十戔三個月 先金 一元四十五戔六個月 先金 二元八十戔一個年 先金 五元五十戔廣告料二號活字 每一行 二十戔四號活字 每一行 十戔行多少期長短臨時加減事外方購覽處先受代金如左一個月 代金郵料 並七十六戔六個月 同 四元三十六戔一個年 同 八元五十二戔中署鐘路第二十統二戶 發行所 皇城新聞社 社長兼編輯人 張志淵,https://www.nl.go.kr/newspaper/detail.do?content_id=CNTS-00093776301
news_archive:CNTS-00093770100,1905,황성신문,Modern Korean,"Hanja, Old Hangeul",法國人 馬典이가 旅舘을 新門外京仁鉄路停車塲後面二層洋屋에,○法國人 馬典이가 旅舘을 新門外京仁鉄路停車場後面二層洋屋에 諸般 料理와 旅宿을 廣張이 陽曆四月一日로 爲始얏오니 僉君子 照亮시 馬典 告白,https://www.nl.go.kr/newspaper/detail.do?content_id=CNTS-00093770100
news_archive:CNTS-00093771148,1905,황성신문,Modern Korean,"Hanja, Old Hangeul",九轉靈砂라,"●九轉靈砂라 本人이 妙法으로 神備야 製造 靈丹인 男女老少에 無論何症고 通治오며 無病時에도 服면 平生의 身軆가 健康며 小兒 四五戔重만 服면 十歲안에 無病기을 擔保오며●九轉靈砂萬應丹은 癲狂, 癇症과 中風諸疾과 耳 目諸病과 淋疾에 神効오●九轉靈砂保命丹은 初生小兒驚風 癇氣 咳嗽 腹瘧 諸般 惡症에 神效오●九轉靈砂濟衆丹은 酒滯, 食滯 血積, 吐潟, 霍乱, 利疾, 吐血, 下血, 運氣, 時疾, 疝症에 神効오●九轉靈砂紫金丹은 痔漏, 累癧 上疳瘡 下疳瘡及唐瘡과 諸般 毒瘡 惡種에 無不神效오니 有病僉君子 來問시오內需司前독갑이골 上隅第一家 李鎬廷 移徙告白",https://www.nl.go.kr/newspaper/detail.do?content_id=CNTS-00093771148
news_archive:CNTS-00093770595,1905,황성신문,Modern Korean,"Hanja, Old Hangeul",恩霑將降,●恩霑將降監獄署在囚罪人의 數가 平理院及漢裁를 幷야 二百九十四名인 日間 大赦가 特下리라더라,https://www.nl.go.kr/newspaper/detail.do?content_id=CNTS-00093770595
news_archive:CNTS-00093774070,1905,황성신문,Modern Korean,"Hanja, Old Hangeul",舊白銅貨交換請求日變更,舊白銅貨交換請求日變更舊白銅貨交換을 請求 日子가 十一月一日붓터 十日之間에 在 交換日指定票를 持 者 本月十七日又十一月十一日붓터 二十日之間에 在 交換日指定票를 持 者 本月十八日에 現品을 持來 事若右日에 持來치 아니 時 前에 交付 指定票 其効力을 失 事光武九年八月十六日京城貨幣交換部,https://www.nl.go.kr/newspaper/detail.do?content_id=CNTS-00093774070
news_archive:CNTS-00093771501,1905,황성신문,Hanmun,Hanja,仁港輪船出帆廣告,△仁港輪船出帆廣告蒼龍號陰曆 月 日午后發 木浦釜山元山北關行顯益號陰曆 月 日午后發 木浦釜山元山行日新號陰曆 月 日午后發 木浦釜山元山北關行順新號陰曆 月 日午后發 群山木浦釜山神戶行漢城號陰曆 月 日午后發 木浦釜山神戶行大韓協同郵船會社,https://www.nl.go.kr/newspaper/detail.do?content_id=CNTS-00093771501
news_archive:CNTS-00093778851,1905,황성신문,Modern Korean,"Hanja, Old Hangeul",是日也放聲大哭,論說是日也放聲大哭◎曩日 伊藤侯가 韓國에 來 愚我人民이 逐逐相謂曰 侯 平日 東洋三國의 鼎足安寧을 自擔周旋던 人이라 今日 來韓이 必也我國獨立을 鞏固히 扶植 方略을 勸告리라 야 自港至京에 官民上下가 歡迎을 不勝얏더니 天下事가 難測者ᅵ 多도다 千萬夢外에 五條件이 何로 自야 提出얏고 此條件은 非但 我韓이라 東洋三國의 分裂 兆漸을 釀出인 즉 伊藤侯의 原初主意가 何에 在고 雖然이나 我大皇帝陛下의 强硬신 聖意로 拒絶을 不已셧스니 該約의 不成立은 想像컨 伊藤侯의 自知自破바어 噫彼豚犬不若 所謂 我政府大臣者가 榮利를 希覬고 假嚇를 恇劫야 逡巡然觳觫然賣國의 賊을 甘作야 四千年疆土와 五百年宗社를 他人에게 奉獻고 二千萬生靈으로 他人의 奴隷를 敺作니 彼等 豚犬不若 外大 朴齊純及各大臣은 足히 深責 것이 無거니와 名爲參政大臣者 政府의 首揆라 但 以否字로 塞責야 要名의 資를 圖얏던가 金淸陰의 裂書哭도 不能고 鄭桐溪의 刃剚腹도 不能고 偃然生存야 世上에 更立니 何面目으로 强硬신 皇上陛下 更對며 何面目으로 二千萬同胞 更對리오 嗚乎痛矣며 嗚乎憤矣라 我二千萬爲人奴隷之同胞여 生乎아 死乎아 檀箕以來四千年國民精神이 一夜之間에 猝然滅亡而止乎아 痛哉痛哉라 同胞아 同胞아,https://www.nl.go.kr/newspaper/detail.do?content_id=CNTS-00093778851
news_archive:CNTS-00093769328,1905,황성신문,Modern Korean,"Hanja, Old Hangeul",馬將의 蒙古警備,●馬將의 蒙古警備北京電을 據 則 朝陽에 在 馬玉崑의 軍隊二個聯隊가 內蒙古를 警備次로 喀喇城에 駐屯 터이라더라,https://www.nl.go.kr/newspaper/detail.do?content_id=CNTS-00093769328
news_archive:CNTS-00093773840,1905,황성신문,Modern Korean,"Hanja, Old Hangeul",皇城新聞에 揭載 勤業社廣告를 閱悉즉 搆成七罪하야,○皇城新聞에 揭載 勤業社廣告를 閱悉 즉 搆成七罪하야 詬辱本社니 不勝痛歎이라 大官社長을 乍請乍遞에 蔑視政軆라 니 有何証據耶아 外部訓飭를 視若文具라 니 外部持令에 有曰 沮戱賣買 依前飭禁止고 所謂 節目을 到便繳上이라 얏스나 賣買場에 渠輩가 一味沮戱고 節目을 尙未繳上니 外部訓飭을 誰果視以文具乎아 誣訴警署야 無罪人民을 任意剿討라 니 沮戱賣買고 敺打客主 者 果無罪乎아 客主은 居間也요 通辯은 使喚也라 自下辱上者가 豈非大傷人道乎아 依勢討財에 法綱이 不明이라 니 依何勢而討何財乎아 數十年來로 通辯人 等이 依附於客主야 衣之食之며 且或 貸而不報者가 幾至數千餘元인 즉 討財者가 非通辯人乎 驅出居間니 至於 四朔에 賣買 等節을 一不公平이라 니 該人 等이 欲奪舘口之意로 肆然自退고 今言驅出이라  句語가 都是杜撰이오 渠等賣買 果公平而今不公平은 有確証耶아 出沒京鄕에 誣訴法庭이라 니 先自誣訴京鄕者도 通辯人也요 囑得節目而起鬧者도 通辯人也라 反謂本社을 出沒京鄕이라 니 是其成說乎아 該人 等이 不曉事面고 以狂言辱說로 歸諸本社니 殊甚痛駭라 假令 人家에 有雇傭者 不善擧行고 欲奪主人之利益則 其主人者 劫於雇傭者之悍悖고 仍用不退乎아 世無此理은 明若觀火라 該通辯 等이 館口 四錢를 分半各用은 自本社로 成規以給이온데 都奪코져 야 圖得節目니 該節目에 明著기을 通辯이 雖不賣貸라도 館口 依例都給고 如或 隱匿者이면 客主의게 十倍罰捧이라 니 通天下에 寧有若是之理乎아 客主가 不用此等豪悍通辯기로 成約이오듸 該通辯 等이 賣買場에셔 沮戱詬辱며 各新文의도 妄自廣告도 니 究其所爲면 極爲狡惡이라 惟我僉君子 照亮심을 爲要仁港 紳商會社 告白,https://www.nl.go.kr/newspaper/detail.do?content_id=CNTS-00093773840
news_archive:CNTS-00093767179,1905,황성신문,Hanmun,Hanja,仁川港出帆廣告,●仁川港出帆廣告○舞鶴丸一月十六日發 木浦釜山神戶大阪行○漢城号一月十八日午后發 木浦釜山神戶大阪行●肱川丸一月十八日正午發 大阪群山行○安東丸一月十九日午后發 木浦釜山神戶大阪行●琴平丸一月二十二日發 木浦釜山神戶大阪行,https://www.nl.go.kr/newspaper/detail.do?content_id=CNTS-00093767179
news_archive:CNTS-00093765635,1905,황성신문,Hanmun,Hanja,軍隊用品洋服附屬品學校用品其他歐米雜貨各種廉價發賣,流行新形運動帽子高尙優美金銀大王軍隊用品洋服附屬品學校用品其他歐米雜貨各種廉價發賣篩洞新作路 大黑屋商店,https://www.nl.go.kr/newspaper/detail.do?content_id=CNTS-00093765635
news_archive:CNTS-00093774127,1905,황성신문,Modern Korean,"Hanja, Old Hangeul",懷中時計|寫眞機械,"美國우오루사루 瑞西다우한스 懷中時計各種右物品을 라운션도 商會와 特約고 皆製産地에셔 直接輸入야 廉價로 販賣홈各國懷中時計, 掛鐘, 坐鐘, 金銀附屬品, 金指環, 金銀赤銅으로 製한 眼鏡, 老近眼兩眼鏡類時計修理, 原料品其他各種右物品을 廉價로 販賣오니 多少를 不拘고 陸續 來購시옵上品自行車를 廉價販賣고 破傷한 車도 新鮮히 修繕홈寫眞機械及附屬品及原料品諸物品新着廣告寫眞器輸入商 大阪上田商店代理店仁川各國居留地 時計商 都, 散賣喜多金光堂本店京城泥峴十六番戶 時計商 都, 散賣喜多金光堂支店主任 織加居一",https://www.nl.go.kr/newspaper/detail.do?content_id=CNTS-00093774127
news_archive:CNTS-00093776849,1905,황성신문,Modern Korean,"Hanja, Old Hangeul",大東歷史發售廣告,●大東歷史發售廣告右 東史以外에 箕子誌 鮮于氏先王遺事記及淸州韓氏譜 幸州奇氏譜 延安車氏譜 諸書를 旁搜博採야 自檀君 箕子로 至馬韓末年世系年代와 其遺文佚史를 一一裒輯 者니一帙 二冊 (以本國紙本國鑄字刊出者) 定價金 三元發賣所 鍾路 皇城新聞社,https://www.nl.go.kr/newspaper/detail.do?content_id=CNTS-00093776849
news_archive:CNTS-00093771345,1905,황성신문,Modern Korean,"Hanja, Old Hangeul",特別告白,"廣告特別告白西京은 國內名都라 該地方諸君子의 本新聞紙愛讀시 盛意를 感謝와 本月붓터 本社新聞支社 西京城內에 設立고 大同學校長本社社員 金錫胤氏로 支社事務員을 選定고 本新聞分傳, 收價, 通信, 廣告, 諸般 事務를 一切 擔任케 얏오니 僉君子 照亮시와 從今以後 本支社에 陸續 購覽심을 千萬爲要",https://www.nl.go.kr/newspaper/detail.do?content_id=CNTS-00093771345
news_archive:CNTS-00093773533,1905,황성신문,Modern Korean,"Hanja, Old Hangeul",請修城堞,●請修城堞平壤郡守 李承載氏가 內部에 報告되 本府城堞이 自甲午以後로 浸浸崩壞가 爲十數處而末由修補이올더니 至今夏潦雨야 城之東南人家稠疊處에 有崩壞處며 有傾仄處야 人民家屋에 多有危險 故로 其已壞石子를 今方 募丁移寘於附近地이더니 現者日憲兵大尉照會內에 平壤을 圍繞 城壁이 連日降雨에 多有傾仄處하니 此若不預先改築則 家屋人畜에 危害不無하니 至急修築하되 貴國에셔 難以着手則 當隊 預防 必要가 有하니 卽爲示明하라  바 城壁修改 曾前이라도 非巨欵이면 莫可遽議而況挽近 物情에 尤難着手者也라 已壞石子之移運費를 以平壤公錢中 隨所入鱗次挪用하고 行將報明이오나 事係重大에 日員之照詰이 甚急하니 査照指令하라 하얏더라,https://www.nl.go.kr/newspaper/detail.do?content_id=CNTS-00093773533
news_archive:CNTS-00093771783,1905,황성신문,Modern Korean,"Hanja, Old Hangeul",官廳事項,●官廳事項度支部에셔 請議 學部高等小學校增設校舍新建費 四千二百五十四元과 前鐵道院西北鐵道局僱傭法人 盧飛鳧喇梨武路多來 觧雇時年俸及償金 一萬四千六百四十元과 外交顧問官 須集雲 因公前往日本旅費及船車費 四百六十元과 財政顧問附技手及事務官 堤慶藏 等 五人俸給與家貰 六千四十元九十九錢六里와 通川 洪原 蔚山 日人鯨業基址踏勘派員旅費 八十五元二十錢을 預備金中 支出事로 議政府會議를 經 後 上奏야 制曰 可라 심 六月十四日,https://www.nl.go.kr/newspaper/detail.do?content_id=CNTS-00093771783
news_archive:CNTS-00093769330,1905,황성신문,Modern Korean,"Hanja, Old Hangeul",質間法國外大,●質問法國外大同電을 據 則 駐法日公舘書記官이 法國外部大臣 카세 氏에게 質問되 印度支那行政廳에셔 諸沿岸을 十分 監視며 又戰時禁制品의 賣買를 禁制얏뇨 얏더라,https://www.nl.go.kr/newspaper/detail.do?content_id=CNTS-00093769330
news_archive:CNTS-00093765466,1905,황성신문,Modern Korean,"Hanja, Old Hangeul",幼少敎育을 爲야 本校를 創立고 敎授 選定오니,●幼少敎育을 爲야 本校를 創立고 敎授 選定오니 本國公私學校에 卒業시니나 外國에 遊學야 卒業오신 僉員은 本年二月一日陰曆十二月二十七日上午十二點鍾에 本校西署盤松坊天然亭으로 來臨심을 爲望光武九年一月二十七日普成學校長 金重煥副校長 李寅榮校監 丁明燮柳靖鉉丁奎哲,https://www.nl.go.kr/newspaper/detail.do?content_id=CNTS-00093765466
news_archive:CNTS-00093766389,1905,황성신문,Modern Korean,"Hanja, Hangeul",整局印章,●整局印章宮內府大臣署理 李載克氏가 各部에 照會하되 帝室制度整理局을 宮內府에 權設하온바 印章을 今已鑄成하얏기 印鑑 一本을 帖付送交라 하얏더라,https://www.nl.go.kr/newspaper/detail.do?content_id=CNTS-00093766389
news_archive:CNTS-00093767120,1905,황성신문,Modern Korean,"Hanja, Old Hangeul",賜天覽,賜天覽松旭齋 小天一이 去月에 明洞에셔 開演엿더니 今番에 日本東京에셔 奇異한 幻術機械가 나왓는데 陰二月初五日爲始야 東大門內電氣會社場에셔 開演 터이오니 僉君子 勿后人玩賞시一次觀光시 標 一張에 韓貨 二十戔을 밧데 鍾路皇城新聞紙에 廣告한 것슬 도려가지고 來臨시면 韓貨 十戔式 밧을 터이오니 僉君子 照亮시受元 敬白,https://www.nl.go.kr/newspaper/detail.do?content_id=CNTS-00093767120
news_archive:CNTS-00093771617,1905,황성신문,Modern Korean,"Hanja, Old Hangeul",英使照請,●英使照請英公使가 外部에 照會되 西曆一千八百年에 各國이 會同야 木料裝載輸出의 約欵을 成立얏더니 現今 本政府에셔 該約欵을 改正 터이니 貴政府에셔도 此條件改正에 對야 如何 意見을 示明라 얏더라,https://www.nl.go.kr/newspaper/detail.do?content_id=CNTS-00093771617
news_archive:CNTS-00093773120,1905,황성신문,Modern Korean,"Hanja, Old Hangeul",本人의 三寸이 歿而無育기 以生庭至親金禹鉉字 聖九의,○本人의 三寸이 歿而無育기 以生庭至親 金禹鉉 字 聖九의 子 永淑으로 爲嗣矣러니 同聖九가 以蔑倫理騙人財之習慣으로 視其子를 爲可居之奇貨야 本人 三寸의 如干 庄土을 僞造文券야 偸賣以食다가 庄土盡而索還其子고 甚至於 本人의 已賣 田畓을 稱以其子之分衿이라 고 私造掌記로 方欲偸賣於日本人야 論山江鏡浦와 羣港 太田 等地로 出沒 故로 玆爲廣佈오니 內外國人은 切勿見欺홈忠淸南道連山郡顔川居 金永晧,https://www.nl.go.kr/newspaper/detail.do?content_id=CNTS-00093773120
news_archive:CNTS-00093769629,1905,황성신문,Modern Korean,"Hanja, Old Hangeul",日韓協同普運社廣吿,日韓協同普運社廣告○本社은 貨物運輸業을 開始고 京釜鉄道株式會社에 貨物運輸기를 主고 其他 諸般에 運送을 爲야 本店은 京城南門外에 開設고 各支店은 停車諸場에 連次 開設오며 荷物速達기로 爲오되 物貨 二十斤以內은 京城城內지 無雇價傳給오니 內外僉君子은 照覽社長 李載崑監督 和田章作 敬白,https://www.nl.go.kr/newspaper/detail.do?content_id=CNTS-00093769629
news_archive:CNTS-00093773802,1905,황성신문,Modern Korean,"Hanja, Old Hangeul",祕方淋疾藥廣告,祕方淋疾藥廣告○法國醫學博士가 新發明 淋疾에 呑下 秘方丸이온데 非但 淋疾이라 房勞後 老少勿論고 呑下면 腎氣에 우 有助오며 歐美各國셔 實效經驗이 最多 法國셔만 販賣 거시오니 大韓僉君子 問議于左開販賣所심을 爲要販賣所大安門前大昌洋行,https://www.nl.go.kr/newspaper/detail.do?content_id=CNTS-00093773802
news_archive:CNTS-00093766323,1905,황성신문,Modern Korean,"Hanja, Old Hangeul",懷中時計|寫眞機械,"美國우오루사루 瑞西다우한스 懷中時計各種右物品을 다운센도 商會와 特約고 皆製産地에셔 直接輸入야 廉價로 販賣홈各國懷中時計, 掛鐘, 坐鐘, 金銀附屬品, 金指環, 金銀赤銅으로 테한 眼鏡, 老近眼兩眼鏡類時計修理, 原料品其他各種右物品을 廉價로 販賣오니 多少를 不拘고 陸續 來購시上品自行車를 廉價販賣고 破傷 車도 新鮮히 修繕홈寫眞機械及附屬品及原料品右物品을 今番 支店에셔 廉價로 販賣고 仁川에셔 長野寫眞舘에셔 販賣홈寫眞器輸入商 大阪上田商店代理店仁川各國居留地 時計商 都, 散賣喜多金光堂本店京城泥峴十六番戶 時計商 都, 散賣喜多金光堂支店主任 織居加一",https://www.nl.go.kr/newspaper/detail.do?content_id=CNTS-00093766323
news_archive:CNTS-00093776985,1905,황성신문,Hanmun,Hanja,每日發刊,每日發刊日曜及慶節歲時休刊檀君開國四千二百三十八年箕子元年三千二十七年大韓開國五百十四年光武九年十月十四日舊曆乙巳九月十六日日本明治三十八年淸國光緖三十一年西號一千九百五年本紙定價每一張 代金 三戔一個月 代金 五十戔三個月 先金 一元四十五戔六個月 先金 二元八十戔一個年 先金 五元五十戔廣告料二號活字 每一行 二十戔四號活字 每一行 十戔行多少期長短臨時加減事外方購覽處先受代金如左一個月 代金郵料 並七十六戔六個月 同 四元三十六戔一個年 同 八元五十二戔中署鐘路第二十統二戶 發行所 皇城新聞社 社長兼編輯人 張志淵,https://www.nl.go.kr/newspaper/detail.do?content_id=CNTS-00093776985
news_archive:CNTS-00093768985,1905,황성신문,Modern Korean,"Hanja, Old Hangeul",本人의 弟 聖鳳이가 浮浪之類을 符同야 本人의 畓五斗落이,○本人의 弟 聖鳳이가 浮浪之類을 符同야 本人의 畓 五斗落이 本洞의 在 僞造文券을 와 典執거나 放賣거나 兩端間랴 오니 內外國人은 以此照亮와 見欺치 勿옵安山論知洞 李儉基 告白,https://www.nl.go.kr/newspaper/detail.do?content_id=CNTS-00093768985
news_archive:CNTS-00093778129,1905,황성신문,Hanmun,Hanja,敍任及辭令,○敍任及辭令祕書監丞 鄭丙鉉 西京 豐慶宮參書官 薛孝錫 仝 秦柄建 依願免本官 △任祕書監丞敍奏任官三等 正三品 洪承斗 △任西京豐慶宮參書官敍奏任官四等 正三品 崔益煥 △任西京豐慶宮參書官敍奏任官四等 六品 朴鶴銓 △命經理院卿敍勅任官二等 陸軍副將 沈相薰 以上十一月一日任議政府參贊敍勅任官二等 法部協辦 李相卨 十一月二日,https://www.nl.go.kr/newspaper/detail.do?content_id=CNTS-00093778129
news_archive:CNTS-00093772619,1905,황성신문,Modern Korean,"Hanja, Old Hangeul",領事觧雇,雜報●領事觧雇政府에셔 英法德三國公使舘에 雇聘 領事 三人은 觧任기로 決議고 日間 外部에셔 各該公舘에 發訓다더라,https://www.nl.go.kr/newspaper/detail.do?content_id=CNTS-00093772619
news_archive:CNTS-00093777022,1905,황성신문,Modern Korean,"Hanja, Old Hangeul",獨習日語雜誌,第五號獨習日語雜誌日語獨習之良師 ◎定價 一部 拾貳錢本號부터 韓國諺文으로 會話의 發音法을 字字句句에 逐逐說明야 假令 日本諺文을 不知者ᅵ라도 韓諺으로 由야 容易히 日語獨習을 可得게 韓語硏究之良友◎郵稅 一部 五里京城學堂內 日語雜誌社,https://www.nl.go.kr/newspaper/detail.do?content_id=CNTS-00093777022
news_archive:CNTS-00093774213,1905,황성신문,Modern Korean,"Hanja, Old Hangeul",學徒募集廣告,學徒募集廣告本塾은 來十一日 第二回 學期開始際하야 大韓帝國學生募集 光榮이 有本塾은 今年四月開始以來 入學生이 日日增加거늘 因야 校舍를 移轉고 且工夫上進步의 速度를 爲야 韓人의 日本語와 日本文法에 博通 士를 聘야 敎授에 餘慍이 無케 얏더니 其蹟이 顯著야 現今은 九月 專門學校에 入學 者 不少 ○本塾은 學生便宜上寄宿舍의 設備가 有더니 已告狹隘야 更히 規模를 擴張고 學生을 收容 ○各級生은 九月末試驗後 上級에 進 터인 즉 此際에 至急入學者는 其學力에 應야 上級에 編入 階梯가 有니 有爲之士는 速速 來塾시 ○規則書를 要는 者는 請求卽時 郵送겟大日本東京芝公園第十四號地第十四番 東海義塾,https://www.nl.go.kr/newspaper/detail.do?content_id=CNTS-00093774213
news_archive:CNTS-00093124544,1906,대한매일신보,Modern Korean,"Hanja, Old Hangeul",三千六百二十四號 光武十年十一月三十日,◉敍任及辭令陞正三品 警務官李憲圭 軍部軍務局醫務課員一等軍醫 李昇鉉 軍器廠醫官一等軍醫柳枝秀 侍衞第一聯隊醫官補三等軍醫 朴東冀 鎭衛第二大隊醫官二等軍醫 金明植 免本職 一等軍醫某枝秀 補軍部軍務局醫務과員 二等軍醫金明植 補軍器廠醫官 一等軍醫李昇鉉 補시衛第一聯隊醫官 三等軍醫朴東冀 補鎭衛第三大隊醫官 度支部稅務主事閔廷基 仝李重穆 依願免本官 宮府特進官李重夏 命掌禮院卿 制度局摠裁閔丙奭 命宮府特進官 陪從武官長李根호 命制度局摠裁 主殿院電務과主事鄭鎭植 依願免本官 度支部稅務主事黃潤德 任主殿院電務과主事 宮府特進官죠東潤 任陪從武官長 내部協辦崔錫敏 部地方局長兪星濬 내部參與官囑託龜山理平太 仝鹽川一太郞 度支部協辦柳正秀 度지部司稅局長李건榮 財政顧問附 小林重 仝 久芳直介 命地方稅調査委員 前主事徐璟澤 송煕用 九品兪致說 前主事李聖儀 任度지部稅務主事 任法部主事 前博士申正植◉光武十一年度歲入歲出摠豫筭 續第六欵騎兵隊 金壹萬八千九拾壹圜第一항俸給 金三千八百五十二圜第二항下士卒給科 金七千九百十壹元第三항廳費 金九百六元第四항雜給及雜費 金十元졔五항諸手當 金三百六十元졔六항粮食費 金二千六百九十四元졔七항馬匹費 金貳千三百五拾八元졔七欵砲兵隊 金壹萬八千五百四十九元졔一항俸給 금三千四百貳두六元졔二항下士卒給料 금九千四百九拾五元졔三항廳費 금八百三十三元졔四항雜급及雜費 급十元第五項諸手當 金二百八十八元第六項粮食費 金三千三百五拾壹元第七項兵器費 金三百元第八項馬匹費 金八百四拾六元 (未完),https://www.nl.go.kr/newspaper/detail.do?content_id=CNTS-00093124544
news_archive:CNTS-00093116559,1906,대한매일신보,Modern Korean,"Hanja, Old Hangeul",銕道部設置,卅一日午後二時四十五分發統監府官制에 銕道部를 設置하고 其總長에 古市公威氏가 被任다더라,https://www.nl.go.kr/newspaper/detail.do?content_id=CNTS-00093116559
news_archive:CNTS-00093119028,1906,대한매일신보,Modern Korean,"Hanja, Old Hangeul",拍賣보明,昌原港各國居留地內에 拍賣 公拍賣一千圜을 監理李琦氏가 釜山支金庫로 送랍하고 政府에 보明하얏더라,https://www.nl.go.kr/newspaper/detail.do?content_id=CNTS-00093119028
news_archive:CNTS-00093123930,1906,대한매일신보,Modern Korean,"Hanja, Old Hangeul",必敍技手,再昨日農商工部에셔 鑛山學徒卒業禮式을 擧行고 卒業証書를 繕給얏 將次技手 一齊히 敍任다더라,https://www.nl.go.kr/newspaper/detail.do?content_id=CNTS-00093123930
news_archive:CNTS-00093114353,1906,대한매일신보,Hanmun,Hanja,刑法大全,●刑法大全 一帙定價金新貨六十錢牧民心書一帙 一圜二十五錢耳談續纂一冊 七錢五里溫故知新堂叢鈔 七錢五里父師必讀小學指南 七錢五里人工養蠶鑑一冊 十五錢新訂筭術每冊 十五錢農政新書 五十錢法學通論 一圜尺牘完編 一圜五十錢大韓地誌 七十五錢發賣所 布屛門下金相萬書舖大韓每日申報社,https://www.nl.go.kr/newspaper/detail.do?content_id=CNTS-00093114353
news_archive:CNTS-00093114127,1906,대한매일신보,Modern Korean,"Hanja, Old Hangeul",西太后送宴,東京發五日오后七時來十三日에 쳥國西太后 特旨로 以야 내田公使의 夫人에게 送別宴을 賜셧다더라,https://www.nl.go.kr/newspaper/detail.do?content_id=CNTS-00093114127
news_archive:CNTS-00093120039,1906,대한매일신보,Modern Korean,"Hanja, Old Hangeul",校甚於賊,長湍郡來人의 傳說을 聞則該郡守尹宗求氏가 兼戢捕官야 加設巡校五十名고 其經費 逐戶分排야 人民이 擔着으로 不無民寃中에 所謂別巡校輩 皆下等賤惡之輩로 投入지라 藉稱捕賊고 擔銃帶劔야 橫行村閭에 肆威行悖가 爲害不少라 一箇賊漢은 捕獲면 無數惡刑야 幾至死境케고 更爲嗾囑曰誰某人은 汝之同黨이라고 口招면 汝則生矣오 汝則不招면 卽當打殺이라則賊漢이 欲免其苦痛야 知與不知間聞其姓名者 亂招列擧으로 曖昧히 賊律로 受刑者가 不少며 該郡松南面의 一洞즁良民十餘名이 賊漢口招에 出얏다고 多數巡校가 捕縛驅去야 棍杖周牢外에 諸般惡刑을 施면셔 誘以口招則其즁謹拙 人은 誓死不招 骨折부裂에 至於氣絶고 虛㥘 人은 苦痛은 不堪야 亂招지라 郡守가 始乃疑之고 別定耳目야 另査審判則果是無罪라 卽皆放送니 郡守가 非不欲明察이나 如此巡校輩의 團束을 踈忽히다아니치못지라 一郡士民이 皆曰彼巡校輩를 我人民이 出資餼◈고 反히 此輩의게 賊名을 被야 諸般惡刑을 受얏스니 巡校幾漢은 一齊打殺거이오 巡校廳 革罷야 以安民生케 次로 上部에 擧呈다더라,https://www.nl.go.kr/newspaper/detail.do?content_id=CNTS-00093120039
news_archive:CNTS-00093121368,1906,대한매일신보,Modern Korean,"Hanja, Old Hangeul",學員募集廣告,"本校에셔 夜學科를 廢止고 晝學으로 敎務를 擴張야 高等普通과를 速成으로 完全히 敎授코져 오니 從前夜學員은 依例受業련이와 願學新學員을 廣募하오니 학員은 趂期來學홈學과日語(과目中課程은 畧之)修身과, 國語, 敎育학, 作文, 法학, 經濟학, 理과, 圖畵, 日語. 筭術. 地誌. 歷史. 軆操修業期限 三학期入학年齡 十八歲至三十五歲入학시驗과目 國漢文독書作文入학시驗日字 九月十九日(陰八月初二日)開학日字 九月二十日(陰八月初三日)皇城즁署敦化門前私立普光학校",https://www.nl.go.kr/newspaper/detail.do?content_id=CNTS-00093121368
news_archive:CNTS-00093110818,1906,대한매일신보,Modern Korean,"Hanja, Old Hangeul",上鬚 緣何長畜,雜誌가 우로이의 記者가 一百人의 名士에 問을 寄야 何故로 上鬚를 畜 理由를 質 其答이 各樣으로야 左와 如히 割合얏剃事가 難 故 六人齒를 隱기 爲 故 一人너무鼻下가 無味 故 一人寒氣 防禦 故 三人空氣 呼吸에 善 故三人健康에 必要 故 七人自己가 好이라 云者十七人細君의 好이라 云 者二人女子에 好케으로잇다 云 者 六十人,https://www.nl.go.kr/newspaper/detail.do?content_id=CNTS-00093110818
news_archive:CNTS-00093114639,1906,대한매일신보,Modern Korean,"Hanja, Old Hangeul",愛友邦之民,日本元老伊藤侯 名譽가 素著은 世人의 所共知어니와 此次에 統監의 任을 帶하고 韓國에 渡來거슨 全히 日本官憲及居留民을 管轄하야 使不爲侵虐之擧인즉 此可爲東洋平和之一端이라 曩者에 平壤郡居人民等이 支金庫創設 事로 人家十餘를 毀撤 事에 對하야 統監部에 呼訴얏더니 理事의게 訓令하야 從時勢出給라하얏다니 同侯의 友邦人民을 愛之을 可見이라허더라,https://www.nl.go.kr/newspaper/detail.do?content_id=CNTS-00093114639
news_archive:CNTS-00093113339,1906,대한매일신보,Modern Korean,"Hanja, Hangeul",各稅規程,各道各郡의 正供與雜稅間凡民所應納者를 一一區別錄報케하야 自政府로 存拔實行事로 日前會議에 決定되얏슨즉 各道觀察使의게 發訓하라고 議政府에셔 內部로 照會하얏다더라,https://www.nl.go.kr/newspaper/detail.do?content_id=CNTS-00093113339
news_archive:CNTS-00093112097,1906,대한매일신보,Modern Korean,"Hanja, Old Hangeul",齒科廣告,"齒科醫土美國人, 이듸워드, 右事務所 南大門內達城尉宮內美國醫士스크랜톤家後에 在홈視務時間은 每日上午九時로 一時지 下午二時로 五時지右時間外에 特別히 治療기를 要請 僉員은 預先通知홈",https://www.nl.go.kr/newspaper/detail.do?content_id=CNTS-00093112097
news_archive:CNTS-00093111308,1906,대한매일신보,Modern Korean,"Hanja, Old Hangeul",九轉靈砂라 本人이 妙方法을 神備하야,●九轉靈砂라 本人이 妙方法을 神備하야 製造 靈丹인 男女老少에 無論何症고 通治오며 無病時에도 服면 平生의 身軆가 健康며 小兒 四五錢重만 服면 十歲안에 無病기를 擔保오며●九轉靈砂萬應丹은 癲狂 癇症과 中風諸疾과 耳目諸病과 淋疾에 神効오●九轉靈砂保命丹은 初生小兒 驚風 癇氣 咳嗽 腹瘡諸般惡症에 ◈効오●九轉靈砂濟衆丹은 酒滯 食滯 血積 吐潟 霍亂 痢疾 吐血 下血 運氣 時疾 疝症에 神効오●九轉靈砂紫金丹은 痔漏 累癧 上疳瘡 下疳瘡及唐瘡과 諸般毒瘡惡種에 無不神効오니 僉君子 來問시오內需司前독갑이골上隅第一家 李鎬廷移徙 告白,https://www.nl.go.kr/newspaper/detail.do?content_id=CNTS-00093111308
news_archive:CNTS-00093114932,1906,대한매일신보,Modern Korean,"Hanja, Old Hangeul",美國의 戰艦製造,美國大統領루쓰벨트氏가 今番造船總監푸氏에 對야 現今世界中第一優等의 戰鬪艦製造를 命고 又曰美國政府에셔 英國에 新戰鬪艦렛도노도號를 製造을 等閑看過치못라얏더라,https://www.nl.go.kr/newspaper/detail.do?content_id=CNTS-00093114932
news_archive:CNTS-00093113183,1906,대한매일신보,Modern Korean,"Hanja, Old Hangeul",海蔘近況,最近所報를 據則目下海蔘威港은 秩序가 全히 回復야 商況도 漸漸好望에 向고 又港口內外 結氷이 漸薄야 船舶의 出入이 稍히 쉽게되얏 故로 各國船舶이 來往니 其中日本神戶門司地方으로붓터 輸入거시 愈益頻繁다더라,https://www.nl.go.kr/newspaper/detail.do?content_id=CNTS-00093113183
news_archive:CNTS-00093125692,1906,대한매일신보,Modern Korean,"Hanja, Old Hangeul",平和會議에 反對,倫敦電을 據則 來年和蘭國海牙府에 開設 平和會議의 議題中에 軍備制限에 關 事 俄國에 海軍復舊를 防碍이라 야 俄國政府에셔 反對◈라 고 德國政府도 亦反對리라더라,https://www.nl.go.kr/newspaper/detail.do?content_id=CNTS-00093125692
news_archive:CNTS-00093124780,1906,대한매일신보,Modern Korean,"Hanja, Old Hangeul",人才緊用,北京電을 據則陸軍部尙書銕良氏가 鍊兵處에 人才를 拔擢야 陸軍部에 任用次로 袁世凱氏와 協議즁이라더라,https://www.nl.go.kr/newspaper/detail.do?content_id=CNTS-00093124780
news_archive:CNTS-00093111555,1906,대한매일신보,Modern Korean,"Hanja, Old Hangeul",大試驗場,統監府의 所管 韓國農事改良 方針으로 以하야 十數萬圓으로 大農事試驗場을 經營허 該試驗場은 水原과 其他數箇所로 設置된다더라,https://www.nl.go.kr/newspaper/detail.do?content_id=CNTS-00093111555
news_archive:CNTS-00093124360,1906,대한매일신보,Modern Korean,"Hanja, Old Hangeul",慶尙北道星州郡民人에 道路呼寃,慶尙北道星州郡民人에 道路呼寃 說이 今此地方分裂이 出於政府濟世安民之筭이라 獨於吾郡이 地多錯傾야 邑將無코 民將散케니 濟世 內部大臣은 安在며 世界 開明다 日本顧問官은 何處에 之고 吾儕가 不勝抑菀야 玆에 廣告 申輔煕 告白,https://www.nl.go.kr/newspaper/detail.do?content_id=CNTS-00093124360
news_archive:CNTS-00093124152,1906,대한매일신보,Modern Korean,"Hanja, Old Hangeul",三千六百十七號 光武十年十一月廿二日,◉敍任及辭令○任知禮郡主事 文炳默○任靈光郡主事 九品鄭世喆○任智島郡主事 金炳晳○任光州郡主事 盧鶴燁○任淸州郡主事 鄭龍澤○任康翎郡主事 盧蒼顔○任竹山郡主事 九品尹相驥○任渭原郡主事 송翼輔○任雲峯郡主事 柳先秀○任伊川郡主事 李昌燁○任稷山郡主事 李浩性○任積城郡主事 柳秉性○任恩津郡主事 崔冕錫○任安山郡主事 崔世永○任新昌郡主事 李起鏡○任龍潭郡主事 高희鉉○任玉果郡主事 林魯俊○任綾州郡主事 李龜淵○依願免本官 度支部稅務主事閔泳甲 鄭基宅 權◈夏 任度支部稅務主事◉光武十一年度歲入歲出摠豫筭 續目錄總預算甲號歲入歲出預筭歲入經常部歲入臨時部歲出經常部皇室費 耆老所議政府 中樞院內部 度支部軍部 法部學部 農商工部歲出臨時部議政府 內部度支部 法部學部 農商工部乙號繼續費臨時治道費仁川水道工事費平壤水道工事費海關工事費大韓病院建設費裁判所建設費臨時學事擴張費工業傳習所建設費豫筭第一條 光武十一年度歲入總額을 一千三百十八萬九千三百三十六圜으로 歲出額總을 一千三百九十六萬三千三十五圜으로 定고 其欵項은 別紙甲號歲入豫算歲出豫算에 據홈第二條 別紙乙號揭記의 費途 各其規畫바를 隨야 旣定 繼續費를 謂홈甲號歲入經常部第一欵租稅 金八百十八萬一千六百五十三圜第一項地稅 金五百八十六萬六千一百九圜第二項戶稅 金二十六萬九千四百四圜第三項驛賭稅 金十萬五千圜第四項漁稅 金三千五百九十圜第五項鹽稅 金一萬三千五百四十園第六項藿稅 金一千六百二十圜第七項船稅 金一萬二千三百九十圜第八項港稅 金一百八十七萬圜第九項礦稅 金四萬圜第二欵印紙收入 金十五萬八千圜第一項印紙收入 金十五萬八千圜第三款官業收入 金一萬三千四百五十圜第一項醫院收入 金九千四百五十圜第二項官報收入 金四千圜第四款雜收入 金一萬二千圜第一項雜收入 金一萬二千圜第五款旣往年度租稅收入 金一百二十萬圜第一項旣往年度租稅收入 金一百二拾萬圜歲入經常部合계金九百五拾六萬五千一百三圜歲入臨時部第一款起業資金죠入 金二百卅二萬五千八百六十八圜第一項起業資金죠入 金二百卅二萬五千八百六拾八圜第二款海關工事基金조入 金一百二拾九萬八千三百六十五圜第一項海關工事基金조入 金一百二拾九萬八千三百六拾五圜歲入臨時部合계金參百六拾二萬四千二百三拾三圜歲入摠계金壹千參百拾八萬九千參百參拾六圜 未完,https://www.nl.go.kr/newspaper/detail.do?content_id=CNTS-00093124152
news_archive:CNTS-00093114988,1906,대한매일신보,Modern Korean,"Hanja, Old Hangeul",趙氏勘逋,靈岩前郡守죠東完氏 該郡公錢五萬元欠逋事로 警務廳에 被囚되얏다가 平理院으로 移囚은 前報已揭어니와 該欠逋錢을 畢納고 日昨에 放還엿더니 風流太守의 勘逋 能力를 可賀만더라,https://www.nl.go.kr/newspaper/detail.do?content_id=CNTS-00093114988
news_archive:CNTS-00093116745,1906,대한매일신보,Modern Korean,"Hanja, Old Hangeul",淸兵斷髮,淸國遊歷者의 來傳을 據즉 쳥國에 敎育하 陸軍이 四十餘萬名인 其中精銳 軍兵은 三萬名에 不過하고 袁世凱氏轅下兵은 一齊斷髮하얏다더라,https://www.nl.go.kr/newspaper/detail.do?content_id=CNTS-00093116745
news_archive:CNTS-00093116125,1906,대한매일신보,Modern Korean,"Hanja, Old Hangeul",一軆請撥,內部에셔 熊川漆谷巨淸鎭南等郡의 軍用地犯入家舍地段價額支撥事로 該郡報告를 用하야 度支部로 照會하기를 貴部로셔 九年一月에 該四郡軍用地段價額을 筭外支出하시온바 就中鎭남郡은 冶所浦犯入地段價一百九十九元 支撥하시고 問語浦地段價額은 緣何 未撥이던지 今此各該郡所報에 一軆請劃이 事勢固然이니 迅速支撥케하라하얏더라,https://www.nl.go.kr/newspaper/detail.do?content_id=CNTS-00093116125
news_archive:CNTS-00093115380,1906,대한매일신보,Hanmun,Hanja,刑法大全,●刑法大全 一帙定價金新貨六十錢牧民心書一帙 一圜二十五錢耳談續纂一冊 七錢五里溫故知新堂叢鈔 七錢五里父師必讀小學指南 七錢五里人工養蠶鑑一冊 十五錢萬國地誌三冊 一圜農政新書 五十錢法學通論 一圜尺牘完編 一圜五十錢大韓地誌 七十五錢發賣所 布屛門下金相萬書舖大韓每日申報社,https://www.nl.go.kr/newspaper/detail.do?content_id=CNTS-00093115380
news_archive:CNTS-00093115272,1906,대한매일신보,Modern Korean,"Hanja, Old Hangeul",三千四百四十四號 光武十年五月四日,◉敍任及辭令依願免本官 西京豐慶宮參書官崔益煥○任西京豐慶宮參書官 六品李晩雨○任主殿院電務課主事 徐廷鶴 金宗彦以上四月卅日依願免本官 西京豐慶宮參書官李晩雨 主殿院電務과主事徐廷鶴 仝金宗彦○任西京豐慶宮參書官 正三品崔益煥以上五月一日●部令度支部令第四號 續農工銀行設立에 關 件第六條 쳘入保證金은 此로 第一回辦納金에 充當으로 株式쳥入人은 每株에 對야 其差額에 相當 金額을 前條의 通牒을 受 期限及其方法을 隨야 辦納이 可이라株式쳥入人이 其쳥入홈을 勿施야도 辦納 쳥入保證金의 返還은 得지못이라第七條 設立委員이 第四條의 通牒야도 株式請入人이 辦納아니 時 其辦랍아니 株式에 對야 株主될 權利를 失고 尙且쳥入保證金의 返還을 受을 得치못이라 此境遇에 設立委員은 其辦랍을아니 株式에 對야 更히 株主를 募集이 可이라第八條 各株에 對야 第一回의 辦랍을 完了 時에 設立委員은 卽時創立摠◈를 招集이라創立摠會에 株式擔當人의 半數以上으로 資本의 半額以上을 擔當 者가 出席야 其議決權의 過半數로 一切決議이라前項外創立摠會의 招集及決議의 方法에 關야 定欵에 定 株主摠會의 規定을 準用이라第九條 設立委員은 銀行의 設立에 關 事項을 創立摠會에 報告을 要고 尙且左記 事項은 此을 度支部大臣의계 報告이 可이라一株式擔當人의 姓名居住及其擔當株數二設立에 關한 經費三株金辦람完了年月日第十條 創立摠會에셔 理事及監事를 選任을 要이라第十一條 創立摠會를 終決 時에 銀行은 此를 依야 其成立됨으로 設立委員은 其事務를 銀行理事의게 推移야 同時에 其意를 度支部大臣에게 報告이 可이라光武十年四月廿日度支部大臣閔泳綺度지部令第五號銀行條例施行細則第一條 個人으로 銀行의 業務를 營코져 者 左開事項을 記載 營業認可申請書를 度支部大臣에게 提出이 可이라一 商號二 本店及지店의 所在地三 資本金額合名會社又 合資會社로 銀行의 業務를 營코져 者 各社員의 署名 營業認可申請書에 定欵을 添付야 度지部大臣의게 提出이 可이라 未完,https://www.nl.go.kr/newspaper/detail.do?content_id=CNTS-00093115272
news_archive:CNTS-00093121289,1906,대한매일신보,Modern Korean,"Hanja, Old Hangeul",署理裁長,今番疑獄의 李商在氏等이 日間警務廳의셔 押交다 으로 平理院裁判長李允用氏 謀避허야 上䟽調理허고 法部協辦金奎煕氏가 署理裁長을 被命하얏다더라,https://www.nl.go.kr/newspaper/detail.do?content_id=CNTS-00093121289
news_archive:CNTS-00093118291,1906,대한매일신보,Modern Korean,"Hanja, Old Hangeul",本人의 從弟時顯이가 參奉作名고,本人의 從弟時顯이가 參奉作名고 身外無物에 性本悖浪야 堂內에 任에 任逋六七千兩고 猶爲不足야 現今去留平壤而其子쳥日이 亦甚浮浪야 日債을 圖得야 徵族랴고 百般周旋다기 玆先廣布오니 勿論內外國人고 切勿見欺後悔시오平安北道郭山部方面草上里金時쳥 告白,https://www.nl.go.kr/newspaper/detail.do?content_id=CNTS-00093118291
news_archive:CNTS-00093124573,1906,대한매일신보,Modern Korean,"Hanja, Old Hangeul",惜哉此校,忠淸北道鎭川郡私立文明學校 該郡有志諸人이 發起創立것신 學員이 日增月加야 漸次擴張되야 到處贊成이 比比有之더니 財政이 窘絀야 莫能支保 故로 該敎師金永耉氏가 熱心盡力야도 維持키 難야 已爲廢學고 日前에 上來얏다더라,https://www.nl.go.kr/newspaper/detail.do?content_id=CNTS-00093124573
news_archive:CNTS-00093117841,1906,대한매일신보,Modern Korean,"Hanja, Old Hangeul",鍾路布廛後開豐局을 李進士會來氏가,鍾路布廛後開豐局을 李進士會來氏가 本人의게 傳授야 仁港杻峴에 移設고 高明醫術朴準榮氏와 同事 繼嗣丹과 水眼藥과 珊瑚紫金膏와 小兒癇氣에 鎭癇散과 瘰癧에 軟硬散과 截瘧丹痔疾方秘傳膏酒良等神效藥品이 多有오며 貧寒의게 無價酬應도오니 勿論某病고 來問시옵仁港杻峴開豐局主人 송智仁 告白,https://www.nl.go.kr/newspaper/detail.do?content_id=CNTS-00093117841
news_archive:CNTS-00093120565,1906,대한매일신보,Modern Korean,"Hanja, Old Hangeul",敎人行悖,高陽杏洲盃山東段을 日人等이 本無認許하고 防川儲水次로 䟽鑿事 已爲揭載하얏거니와 該洞에셔 本郡에 報告故로 朴郡守가 農商工部에 轉報하얏더니 指令內에 本無認許하니 日人等을 卽爲逐出하라 故로 該郡에셔 派校禁止하얏더니 外城洞居하 天主敎人柳弘植이 日人等을 符同하야 內城洞에 恐갈하기 洞報事로 日人의게 將有大事하리니 更報設役케 하라하며 日人을 做囑하야 役費를 自洞中徵出하라 으로 依言更報하얏다하니 柳哥도 韓天化育中一物로 行此불法하지라 朴郡守가 上府에 報告하야 柳哥 押上嚴徵하고 日人은 期於逐出다더라,https://www.nl.go.kr/newspaper/detail.do?content_id=CNTS-00093120565
news_archive:CNTS-00093124524,1906,대한매일신보,Modern Korean,"Hanja, Old Hangeul",憑校營私,安州郡守金◈鉉氏가 學校補助를 憑藉고 各里富民家에 躬行求乞야 終歸私櫜이라니 該氏가 청安郡在任時도 此等民斂을다가 逢◈民訴런니 尙不知戢니 可謂文明之賊이라고 唾罵하더라,https://www.nl.go.kr/newspaper/detail.do?content_id=CNTS-00093124524
news_archive:CNTS-00093121270,1906,대한매일신보,Modern Korean,"Hanja, Old Hangeul",滿漢區別의 矯獘,北京電을 據則 澤公이 滿한을 區別은 滿人의 利己心으로 出인則 其獘를 改고 上奏얏 淸帝及西太后가 嘉納셧다더라,https://www.nl.go.kr/newspaper/detail.do?content_id=CNTS-00093121270
news_archive:CNTS-00093120267,1906,대한매일신보,Modern Korean,"Hanja, Old Hangeul",韓一特色,近頃에 新起 韓一銀行에셔 一般商民의 便利와 經濟界의 調和를 圖기 爲야 今回任置金其他去來上에 白銅貨를 無碍領收기로 決定얏다 니 同銀行은 他銀行과 如히 政府의 補助監督을 不受 惟一獨立의 銀行이라 同銀行이 如斯 方便을 圖은 實노 一般商民의 利益이 夥大다더라,https://www.nl.go.kr/newspaper/detail.do?content_id=CNTS-00093120267
news_archive:CNTS-00093122343,1906,대한매일신보,Modern Korean,"Hanja, Old Hangeul",精選萬國史,精選萬國史 全一冊一百九十頁定價 新貨六十錢選述者 金祥演本史 萬國歷代의 重要事實을 廣探採輯야 以上古즁世近代의 三編을 合製야 各專門高等普通諸學校敎科書에 十分適當오며 且江湖有志紳士의 參考披讀심에 極히 便利을 爲야 全編을 皆以頭註로 簡明敍去얏사오니 海內僉君子 斯速購覽하시와 案頭에 淸供심을 爲盻大發賣所鍾路平리院上隅金孝演紙廛◉分發賣所鍾路大東書市布廛屛門下金相萬冊肆東闕罷朝橋越便朱翰榮冊肆大廣橋高濟弘書舖,https://www.nl.go.kr/newspaper/detail.do?content_id=CNTS-00093122343
news_archive:CNTS-00093122978,1906,대한매일신보,Modern Korean,"Hanja, Old Hangeul",事係重大,前參判元世洵張錫藎盧永敬三氏가 陞后䟽를 奉呈얏더니 再昨日에 批答을 下셧 事係重大니 姑不可遽議라옵셧다더라,https://www.nl.go.kr/newspaper/detail.do?content_id=CNTS-00093122978
news_archive:CNTS-00093121496,1906,대한매일신보,Modern Korean,"Hanja, Old Hangeul",軍大日本만遊,軍大李根澤氏 日本에 만遊 思想으로 去五月末大觀兵式에 登送 터이나 伊時에 身軆가 康健치 못으로 因히 中止얏 其後에 當伊藤의 勸諭로 秋泠의 好氣節을 야 一次觀光 터이라더라,https://www.nl.go.kr/newspaper/detail.do?content_id=CNTS-00093121496
news_archive:CNTS-00093123348,1906,대한매일신보,Modern Korean,"Hanja, Old Hangeul",EAGLE BRAND|Gold Seal Brand,一 鷹標罐濃詰牛乳一 金印罐詰濃結牛乳一 無雙家用氣化乳酪一 ―든쓰製造麥芽化合牛乳以上은 常時에 貯積얏美國紐育港―돈쓰濃結牛乳會社一手代理店 大韓仁州港 世昌洋行,https://www.nl.go.kr/newspaper/detail.do?content_id=CNTS-00093123348
news_archive:CNTS-00093116117,1906,대한매일신보,Modern Korean,"Hanja, Old Hangeul",勒募査正,西道各郡에셔 銕道役夫를 勒募 故로 政府와 統監府에셔 交涉야 勒募 勿施고 自願者로 處役케야 雇錢을 依定出給기로얏되 義州郡守金璉植氏 納諂日人야 役夫를 勒募以給 民怨이 狼藉야 政府에 呼訴가 遝至지라 政府에셔 金氏事蹟을 査正야 免官다더라,https://www.nl.go.kr/newspaper/detail.do?content_id=CNTS-00093116117
news_archive:CNTS-00093125457,1906,대한매일신보,Modern Korean,"Hanja, Old Hangeul",民事訴訟代理와 刑事변護及鑑定一切法律에,◉民事訴訟代理와 刑事변護及鑑定一切法律에 關 事務를 迅速處理홈한城南署茶洞第十七統八戶변護士前檢事正三品 李冕宇法律事務所事務員 前博士 玉東奎 博士 趙東肅 前議官 金益濟,https://www.nl.go.kr/newspaper/detail.do?content_id=CNTS-00093125457
news_archive:CNTS-00093120118,1906,대한매일신보,Modern Korean,"Hanja, Old Hangeul",望臺와 電線,日本軍隊에셔 濟州島大靜郡毛瑟峯에 望臺를 設置하고 自沙溪浦로 至濟州郡지 百里程途에 電線을 架設하얏다더라,https://www.nl.go.kr/newspaper/detail.do?content_id=CNTS-00093120118
news_archive:CNTS-00093114052,1906,대한매일신보,Hanmun,Hanja,刑法大全,●刑法大全 一帙定價金新貨六十錢牧民心書一帙 一圜二十五錢耳談續纂一冊 七錢五里溫故知新堂叢鈔 七錢五里父師必讀小學指南 七錢五里人工養蠶鑑一冊 十五錢新訂筭術每冊 十五錢農政新書 五十錢法學通論 一圜尺牘完編 一圜五十錢大韓地誌 七十五錢發賣所 布屛門下金相萬書舖大韓每日申報社,https://www.nl.go.kr/newspaper/detail.do?content_id=CNTS-00093114052
news_archive:CNTS-00093115084,1906,대한매일신보,Modern Korean,"Hanja, Old Hangeul",淸倅仁政,慶南淸道郡이 密邇於京釜銕道線路야 該郡民의 屢百塚墓 日本人이 謂以銕道界限犯入고 揷標督掘으로 許多塚主가 不勝憤寃야 晝夜呼哭之際에 新任郡守金聖基氏가 此事狀을 聞知고 下車卽時에 該處所를 躬加看審 適其時雨下路濘이라 同氏가 冒雨步行면셔 幾十里地를 面面看審後에 日人의게 善爲交涉야 所立標木을 卽爲拔去고 無事妥定지라 其恩及幽明 德政을 闔境人氏이 擧皆感頌야 萬口成碑니 同氏가 妙年初手로 能히 存心仁物 政績이 如是卓然인즉 他日登庸야 羽儀朝端진 不負其職며 福利蒼生을 庶幾可望이라고 南來人의 確報가 有기로 隨聞揭佈로라,https://www.nl.go.kr/newspaper/detail.do?content_id=CNTS-00093115084
news_archive:CNTS-00093116555,1906,대한매일신보,Modern Korean,"Hanja, Hangeul",長谷入城,관兵式에 歸國하얏든 長谷川大將은 再昨日午後七時車에 入城하얏더라,https://www.nl.go.kr/newspaper/detail.do?content_id=CNTS-00093116555
news_archive:CNTS-00093122136,1906,대한매일신보,Modern Korean,"Hanja, Old Hangeul",三千五百七十六號 光武十年十月五日 속,◉訓令訓令十三道現今地方官官制及此에 關係 諸法令을 一新改正은 從來多年외 襲謬因存 宂員을 淘汰고 冗費를 節略며 必要 職員을 新設고 銓選을 極愼야 職務에 從事기를 簡便케며 俸給과 襍給을 酌宜增額야 俾官憲으로 可以供職고 使吏員으로 資爲生活케며 且備具지墨에 無缺執務케노니 嗣玆以後로 凡爲府郡長官야 牧民職務에 責任이 有 者 今此改革趣旨를 決心服膺야 務圖實施지며 各其管下를 倍加督責야 無敢一毫假借이고 深自勉戒야 諸般行政의 可爲儀表者를 不可不期이니 從來惡弊謬例를 若或未袪야 擅行法外에 쥰民膏血야 無名襍稅를 徵收거나 不正賄賂가 肆行거나 又或裁判法과 警察權을 濫用거나 規定以外에 無名吏員을 多數加設고 俸料를 分排기 爲야 生民에 貽毒거나 吏員을 捧賂差出거나 許多陋習이 一有入聞이면 決不寬恕지며 舊日惡獘를 除去아니라 各其管下人民의게 農工商을 奬勵야 衣食이 裕足케며 敎育을 勸興야 知識이 發達케며 衛主을 勸勉야 질病이 消除케야 一般人民으로야금 各自保生樂業케지며 且因時制宣야 監理署를 廢止고 府尹을 置야 觀察使와 府尹의게 其職權을 委任야 事務를 統一便利케노니 凡爲觀察及府尹者 克軆此意야 治內政法과 涉外事務에 毫無差謬케지며 各郡區域에 整理도 亦爲行政便宜인즉 管下府尹郡守의게 另飭야 文簿帳籍의 受授節次를 卽速畢了야 毋或遲滯케지며 且收稅警察에 關야 更當有訓飭지니 將此訓辭야 翻飭管下各郡야 着念擧行케이 爲宜事光武十年十月一日內部大臣勳一等李址鎔◉敍任及辭令○裕康園參奉李悳九 仝忠義李浚 依願免本官○命弘文舘學士 宮內府特進官申箕善○任裕康園參奉 金夏연○任裕康園忠義 沈倫○任公立海州普通學校敎員 文川敎員韓觀植○任公立文川普通校敎員 永興敎員韓炳洙○任公立永興보通학校교員 前교員劉한烈○任公立郭山보通校교員 前교員朴基형○任公立雲山보通학校교員 前교員楊大祿○任公立春川보通학校교員 前교員金寅煥○命宮府特進官 義親王宮摠辦閔哲勳○命署理摠辦事務 義親王宮贅尉金澤基 完,https://www.nl.go.kr/newspaper/detail.do?content_id=CNTS-00093122136
news_archive:CNTS-00093124910,1906,대한매일신보,Modern Korean,"Hanja, Old Hangeul",參政所遭,參政大臣朴齊純氏가 日前에 仕進랴고 自己門前에셔 人力車를 乘 際에 䀋商金斗源氏가 突出야 高聲疾罵曰以若一國政府之參政으로 我에 積年抱恨을 屢訴여도 何不交涉歸決고 一民에 訴 不決며 賣國에만 精神이 有야고 人力車를 推之拿之며 詰難이 無數 在傍 巡査巡檢과 該大臣도 無一言答辭고 질馳如電야 奔入大闕즉 金斗源氏도 亦扶車輪고 隨後以去얏다더라,https://www.nl.go.kr/newspaper/detail.do?content_id=CNTS-00093124910
news_archive:CNTS-00093125185,1906,대한매일신보,Modern Korean,"Hanja, Old Hangeul",民事訴訟代理와 刑事변護及鑑定一切法律에,◉民事訴訟代理와 刑事변護及鑑定一切法律에 關 事務를 迅速處理홈한城南署茶洞第十七統八戶변護士前檢事正三品 李冕宇法律事務所事務員 前博士 玉東奎 博士 趙東肅 前議官 金益濟,https://www.nl.go.kr/newspaper/detail.do?content_id=CNTS-00093125185
news_archive:CNTS-00093110826,1906,대한매일신보,Modern Korean,"Hanja, Old Hangeul",違警被罰,麻浦居李仁亨金學均은 牛隻을 私屠타가 警廳에 被捉고 李昌順尹泰連은 路上에셔 酗酒行悖다가 亦爲被縛야 決笞放送얏다더라,https://www.nl.go.kr/newspaper/detail.do?content_id=CNTS-00093110826
news_archive:CNTS-00093111398,1906,대한매일신보,Modern Korean,"Hanja, Old Hangeul",韓日銀行,資本金에 對야 豫히 神戶市에 設立 韓日銀行은 此程協議會를 開고 定欵의 作成됨으로써 二百株以上의 引受者 悉皆發起人이될터이나 現今其引受決定고잇것은 伊藤長次郞의 三十萬圓을 第一아 百二十萬圓에 上 模樣임으로써 摠資本金은 三百萬圓되기지 至지 知치못다더라,https://www.nl.go.kr/newspaper/detail.do?content_id=CNTS-00093111398
news_archive:CNTS-00093113502,1906,대한매일신보,Modern Korean,"Hanja, Old Hangeul",數理學雜誌改良廣告,本雜誌를 第三號로븟터 頁數도 增加며 粧冊도 改良며 記載 材料도 一層精選야 江湖僉位의 愛讀시 厚意 報酬코져오니 倍舊愛讀심을 伏望但發行日子 每朔五日一券定價 新貨拾錢南大門內尙洞舊德公舘右便發行所 數理學雜誌社賣却所尙洞會堂內鍾路大東書市布屛下金相萬冊肆新門內松橋張晢周紙廛銅峴朴泓九紙塵仁川港杻峴開新冊肆平壤啓明書舖,https://www.nl.go.kr/newspaper/detail.do?content_id=CNTS-00093113502
news_archive:CNTS-00093793191,1906,황성신문,Modern Korean,"Hanja, Old Hangeul",天道公示,●天道公示 天道敎에셔 敎徒에게 公示 全文이 如左니嗚乎라 天地位焉에 萬物이 育焉하니 草木은 無知無覺고 鳥獸 有知無覺되 人於其間에 有知有覺야 爲萬物之領袖니 故로 萬物千種이 皆爲人所使也니라 天道者은 禀得性靈及身軆也요 人道者는 保存性靈及身軆者也라 欲保我禀得性靈身軆인 營得其衣服飮食宮室也니 吾敎은 天道라 奉守性靈야 永世不忘萬事知之意언마는 然이나 不保身軆면 莫守性靈이요 欲保身軆인 必行人道也니 衣服飮食及宮室이 莫非政事也라 然則敎與政治가 俱爲一軆야 不可不並行이로다 故로 敎與會가 合爲一團니 靈臺가 執中에 藩屛이 護外라 天道人道가 不可闕一이어니 其許多政事을 日不暇供이어든 我不兼行이요 有誰待之이며 飢思飽며 寒思裘며 露思處도 天然也요 非人作也ᅵ라 時至則自思하나니 雨晹寒暑도 時也요 開花結實도 時也ᅵ라 時至則行이 亦在奉天이니 豈非中和之吾道哉아 噫라 鶴鷯도 戀枝고 兎亦營窟나니 人이 不如禽獸乎아 棲遑失所면 人多病焉나니 風㸑露宿에 病死者幾何며 酷烈霜雪에 凍死者幾何며 猛獸毒虫에 咬死者幾何오 救濟生靈야 安處善室이 吾家目的이라 高秋晩天에 飽去者 鷹性이오 暮春舊堂에 還尋者도 燕誼也라 走者飛者가 各得禀天이나 吾道 大而無外야 涵育萬性之中에 客於其間이라 雌黃黑白를 奚論고 性靈之家 身軆也오 身軆之家 民會也ᅵ라 心則居軆고 軆則進會야 一人兩家을 視同一團야 相爲表裏라 此非私言이라 實是聽於天而公示하노라 惟我政府도 克軆天心야 愛我生靈며 聽我忠告야 敎會協和로 眷眷訓令이 式日飛下니 惟我同胞 勿論敎會고 同歸一轍야 克緻團心에 恪守道敎며 協治政事기로 玆에 公示,https://www.nl.go.kr/newspaper/detail.do?content_id=CNTS-00093793191
news_archive:CNTS-00093789268,1906,황성신문,Modern Korean,"Hanja, Old Hangeul",觀察固辭,●觀察固辭 內部大臣이 近日方伯守令을 擇任다하야 外事局長韓昌洙氏로 達察을 擬任 該氏가 固辭曰方面之任이 非不榮貴나 値此刷新時代야 我之才能幹局으론 不堪其任이오 且余가 外事局長으로 不過半載에 又遷他職하면 此豈久任責成之意乎아하고 固辭不已다니 該氏의 久任責成之意 人皆贊賀만하다더라,https://www.nl.go.kr/newspaper/detail.do?content_id=CNTS-00093789268
news_archive:CNTS-00093792187,1906,황성신문,Modern Korean,"Hanja, Old Hangeul",一年兩籍,●一年兩籍 吉州郡鶴東鶴西兩面을 城津郡으로 移附後에 兩郡이 互相詰難은 人所共知어니와 自京部로 尙未歸正인지 㪅聞 則該兩面의 居民이 今年度戶籍을 本郡으로 修定얏 自城津郡으로셔 又爲勒受帳籍이라니 一年兩籍은 古今에 初有 事라더라,https://www.nl.go.kr/newspaper/detail.do?content_id=CNTS-00093792187
news_archive:CNTS-00093791296,1906,황성신문,Modern Korean,"Hanja, Old Hangeul",送十一府尹二十七郡守書,論 說 送十一府尹二十七郡守書◎嗚乎라 斯民也의 呻吟不寧於暴政苛令之下者ᅵ今幾年于玆矣오 如病者의 思起하며 如醉者의 思醒하야 每叙免遷轉之 奏裁가 一下하면 垂髮戴白之民이 莫不扶杖而來에 謳歌而思良牧하니 今十一府尹二十七郡守諸氏之往에 其亦有燭於此情歟아 抑亦有慈悲而矜憐者歟아 其亦有登車攬轡에 慨然抱澄淸之志者歟아 抑亦有視民如傷에 憂其憂而樂其樂者歟아 凡今之民이 亦可謂已困矣오 維今之時가 亦可謂太艱矣라 記者ᅵ於諸氏之往에 請以有告之하노니 盖數萬生靈之命이 懸於一人之手하야 一人이 盡其職則數萬人이 洋洋然捫腹而飽嬉하고 一人이 失其職則數萬人이 並墜於塗炭而無所告라 故로 內外百執事之官이 未有難於牧民之任也오 且以世界現國論之하면 稅務司法이 各有其官하고 守令之職은 只是行政一欵이거 我國則三者之責이 幷萃於一身하야 公稅之遲速耗納도 在乎守令하고 獄訟之繁簡增息도 在乎守令하니 牧民之任이 未有難於我韓也오 目今無辜生靈이 旣苦於官吏之侵漁하고 重困於亂離盜賊之餘하야 瞻彼四方에 蹙蹙靡騁하니 牧民之難이 又最難於今日也니 今日之當此任者ᅵ豈非戰戰慄慄에 忘寢廢餐之日歟아况今政府當局者ᅵ似亦垂察於斯民之疾苦하야 地方官精選之䇿으로 設爲銓考之法에 實施가 在邇이거날 若夫諸氏 不由此途하고 徑先被任하니 諸氏之名譽聲望이 其於斯民之輿情에 未知何如이로 當局者의 所以深信諸氏 固不待言이니然則諸氏之往에 將來之孰貪孰廉과 孰臧孰否 所未能逆覩어니와 苟或一毫未盡에 致有煩言인 其有負於斯民之顒望이 果何如며 其有負於政府之深信이 果何如오 雖曰爲任之難이 若此고 遭時之難이 若此나 但今民情은 正是古人의 所謂 欲觧倒懸之時也라 爲治之易가 亦莫如今日也니往矣어다 十一府尹二十七郡守諸君이여 斯民이 有病이어던 思所以醫之며 斯民이 有憂어던 思所以樂之야 實業이 未振乎아 我將振之호리라며 敎育이 未興乎아 我將興之호리라고 渙散者ᅵ未返乎아 我將返之호리라며 强樑者ᅵ未戢乎아 我將戢之호리라고 同胞가 未知相愛之道어던 極力提誨며 吾民이 未知愛國之義어던 熱心喚醒야 民權以伸고 國力以紓면 當時에 誦其德고 万世에 仰其功리니 彼古代良吏傳中에 赫赫載名 龔黃召杜之軰 又曷足數耶아 如今에 國勢 如斯고 民情은 日困야 江河之水가 愈趨愈下니 擔此重任 諸氏心中에도 亦必有徘徊而太息者矣리니 斯復何言哉리오 往矣어다 十一府尹二十七郡守諸君이여,https://www.nl.go.kr/newspaper/detail.do?content_id=CNTS-00093791296
news_archive:CNTS-00093782075,1906,황성신문,Modern Korean,"Hanja, Old Hangeul",試驗及入學日字,○試驗及入學日字 試驗日字 陰三月二十八日로 入 學日字 四月一日로 定홈,https://www.nl.go.kr/newspaper/detail.do?content_id=CNTS-00093782075
news_archive:CNTS-00093788719,1906,황성신문,Modern Korean,"Hanja, Old Hangeul",其死慘酷,●其死慘酷 日本人引鉅工匠이 龍山江邊에 刀鉅器械를 設置고 諸般材木을 剖折買賣 日前에 我國人一名이 該器械所에셔 雇傭다가 爲鉅所析야 身軆를 兩段에 致斃되야 慘酷 情狀은 目不忍見이라더라,https://www.nl.go.kr/newspaper/detail.do?content_id=CNTS-00093788719
news_archive:CNTS-00093792614,1906,황성신문,Modern Korean,"Hanja, Old Hangeul",特別大减價月納販賣,特別大减價月納販賣 全三冊、総紙 數三千五百頁定價洋製拾五 圓常製十二圓本書를 刋行以後로 江湖僉彥의 歡迎 光榮를 蒙온지라今에 大方厚意를 酬코져여 特別히 減價하올인이라 月納販納法을 作여 廣히 有志僉彥에게 頒呈코져옵 部數에 限이 有오니 至急히 申請심을 切望홈○大减價金洋製拾圓 常製七圓 送本料各五拾錢◎月納(京城內에)(限고 )上製拾貳圓第一回五圓、第二回參圓第三回二圓、第四回二圓 常製九圓第一回四圓、第二回參圓第三回二圓 但第壹回月納金과 書籍을 交附고 第二回以後로 每月十五日 以內에 收納 事發賣所 京城泥峴淵上商店 賣捌所 京城大漢門前盛文堂,https://www.nl.go.kr/newspaper/detail.do?content_id=CNTS-00093792614
news_archive:CNTS-00093792167,1906,황성신문,Modern Korean,"Hanja, Old Hangeul",兩伜免官,●兩伜免官 黃州郡守朴元敎氏가 赴任以後에 行何不美之政이던지 民訴가 京部에 遝至더니 昨日內部에셔 免官얏고 孟山郡守尹舜儀氏 查官을 對야 詰駁無雙고 觀察使을 入見고 舉措駭妄얏다더니 自知其罪고 內部에 請願依免얏다더라,https://www.nl.go.kr/newspaper/detail.do?content_id=CNTS-00093792167
news_archive:CNTS-00093782962,1906,황성신문,Modern Korean,"Hanja, Old Hangeul",關稅明查,●關稅明查 京城商業會議所에셔 海關稅入案件의 對야 度支部에 総代를 派送야 一年內各海關에 輸入額의 幾何를 質問 則答曰前総稅務司柏卓安氏在任時에 光武四年以後로 明細書를 不爲報明얏슨즉 其實數를 不可詳知니 現今総稅務司目賀田氏回國後에 詳查通知마얏다더라,https://www.nl.go.kr/newspaper/detail.do?content_id=CNTS-00093782962
news_archive:CNTS-00093779418,1906,황성신문,Modern Korean,"Hanja, Old Hangeul",大東歷史發售廣告,●大東歷史發售廣告右 東史以外에 箕子誌鮮于氏先王遺事記及淸州韓氏譜幸州奇氏譜延安車氏譜諸書를 旁搜博採야 自檀君箕子로 至馬韓末年世系年代와 其遺文佚史를 一 一裒輯 者니一帙二冊(以本國紙本國鑄字刋出者)定價金三元發賣所鍾路皇城新聞社,https://www.nl.go.kr/newspaper/detail.do?content_id=CNTS-00093779418
news_archive:CNTS-00093780196,1906,황성신문,Modern Korean,"Hanja, Old Hangeul",進明彙論은,○進明彙論은 世界人種의 族類와 地勢氣候와 政治法律과 宗敎及文學武備와 農商工等의 主旨를 論述하야 進明에 裨益 冊이오니 續續購覽심을 爲要 一冊定價金三十五錢發賣所布廛屛門下南邊金相萬書舖洞口越便 朱翰榮書舖廣橋東便 高濟弘書舖鍾 路 大東書市會 洞 趙承禧冊肆,https://www.nl.go.kr/newspaper/detail.do?content_id=CNTS-00093780196
news_archive:CNTS-00093786446,1906,황성신문,Modern Korean,"Hanja, Old Hangeul",黃海道信川五宮坰과 京畿水原葛覃面兩處所在宮庄量案과,○黃海道信川五宮坰과 京畿水原葛覃面兩處所在宮庄量案과 文券을 前導掌河允泓이가 遺失이다 納票本宮하야오니 內外國人間拾得하야도 休紙施行홈 景祐宮小次知金憲周 告白,https://www.nl.go.kr/newspaper/detail.do?content_id=CNTS-00093786446
news_archive:CNTS-00093788636,1906,황성신문,Modern Korean,"Hanja, Old Hangeul",五次雩祭,●五次雩祭 社稷壇에셔 第四次雩祭를 設行얏스나 卄霈가 尙靳故로 第五次雩祭 今日 宗廟에셔 設行얏다더라,https://www.nl.go.kr/newspaper/detail.do?content_id=CNTS-00093788636
news_archive:CNTS-00093791046,1906,황성신문,Modern Korean,"Hanja, Old Hangeul",本人의 兄奎陽이 字魯彥宅號冬松,○本人의 兄奎陽이 字魯彥宅號冬松이라 性未堅雅에 見欺於悖類야 一門이 蕩敗고 諸眷이 皆至塡壑之境인 今又往來京鄕云故로 不得已廣告오니 內外國人은 切勿見欺심을 伏望 醴泉堂洞面梅山居朴義陽 告白,https://www.nl.go.kr/newspaper/detail.do?content_id=CNTS-00093791046
news_archive:CNTS-00093794676,1906,황성신문,Modern Korean,"Hanja, Old Hangeul",[大東古事] 鄭云敬,△鄭云敬 은 高麗忠肅王朝에 登科야 補司錄이러니 有誣告龍宮監務之贜者어 按廉이 使云敬으로 鞫之러니 云敬이 至龍宮야 不問而還야 曰吏之貪汚가 雖惡德이나 非才足以弄法고 威足以畏人者면 不能이어 今監務 老且不勝任이라 誰肯賂乎아 按廉이 果知其誣고 歎曰近世官吏가 每尙苛酷이어 鄭司錄은 誠長者라더라,https://www.nl.go.kr/newspaper/detail.do?content_id=CNTS-00093794676
news_archive:CNTS-00093790208,1906,황성신문,Modern Korean,"Hanja, Old Hangeul",府令,○府令 宮內府令第五號 營繕司分課規程第一條 營繕司에 左開三課를 置하야 司務를 分掌케이라 一庶務課 二土木課 三會計課第二條 庶務課에셔 左開事務를 掌 이라 一 文書의 接受發送及起案正書의 事項 二 文書의 編纂及保管에 關 事項 三 職員進退에 關 事項 四 官印管守에 關 事項 五 工事에 關 統計編纂의 事項 六 廳用物品의 出納及保管에 關 事項 七 其他各課分掌에 不屬 事項第三條 土木課에셔 左開事務를 掌 이라 一 工事의 設計及工費預筭에 關 事項 二 現業의 監督及工費精筭에 關 事項 三 材料의 監查出納及保管에 關 事項 四 工事用器具機械의 出納及保管 에 關 事項 五 諸工匠及雇軍의 監督에 關 事 項 六 測量及圖形의 調製保管에 關 事項 七 工事都給幷工事用噐具機械及 村料의 購入에 關 事項 八 工事上不用物件處寘에 關 事 項第四條 會計課에셔 左開事務를 掌 이라 一 金錢의 収支預筭及决筭에 關 事項 二 金錢出納에 關 証據書類保 管의 事項 三 入札及身分保証金等의 保管에 關 事項 光武十年九月六日,https://www.nl.go.kr/newspaper/detail.do?content_id=CNTS-00093790208
news_archive:CNTS-00093785738,1906,황성신문,Modern Korean,"Hanja, Old Hangeul",勒買牧塲,雜 報●勒買牧塲 文川郡守李庸稙氏의 報告를 據 則該郡廢牧塲田을 日人이 抑買事로 前署理郡守李鍾完이 報告內部러니 指令內에 該屯土가 係是經理院所管則寧有擅自賣買之理乎아 具報于經理院야 待回指舉行이 可 事이라얏스며 本道觀察府訓令內에 接其郡報야 日人이 買収 廢牧塲을 交涉措處之意로 修報經理院矣러니 指令되 莫重公土를 不由本院고 擅受其價가 是豈民習이리오 不覺駭歎이라 已受 牧塲價 督推還送야 無至生梗이라바 此意로 交涉于領事舘고 該價를 督推며 北未磻佐兩洞家舍及田土와 柴山價一千六十元을 日人이 勒授該民後에 建築砲臺이더니 未幾日에 磻佐附近十二洞柴山田畓을 沒數調查야 領事가 地價五千三十六元을 勒授故로 不勝脅迫야 右數를 受來이오나 事甚抑冤오니 統監府에 交涉야 該隊가 占有外十二洞은 本價還退之地를 伏望이라얏더라,https://www.nl.go.kr/newspaper/detail.do?content_id=CNTS-00093785738
news_archive:CNTS-00093785511,1906,황성신문,Modern Korean,"Hanja, Old Hangeul",一廢棄 麻鞋也,一廢棄 麻鞋也 右 多少를 不計하고 龍山印刷局으로 持來賣上홈一賣上代金은 本局으로 來問홈一同時에 百足以上持來하는 者 百足에 對하야 番號札을 與홈一每月末日에 抽籖을 爲하야 當籖 番號에난 賞品을 與홈一當籖番號난 印刷局門前에 揭示홈 度支部會計課,https://www.nl.go.kr/newspaper/detail.do?content_id=CNTS-00093785511
news_archive:CNTS-00093780235,1906,황성신문,Modern Korean,"Hanja, Old Hangeul",本新聞社 原來營業만 爲主이아니오나,特別廣告◎本新聞社 原來營業만 爲主이아니오나 購覽諸君子가 新聞價金을 迅速傳送와야 每日紙墨郵料等各種經費를 補充야 無滯發刋옵거 京外地方에 購覽시 諸員셔 新聞價金을 于今七八年來로 全不送致 人이 甚多고 其他多數積滯 人은 十至八九오니 本社에셔 財政을 從何措辦야 經費를 支撥오릿가 况又通信院이 廢止 以來로 外方에 發送 郵票價金을 逐日貿用오니 一日이라도 郵票를 未買오면 發送치못 境遇오며 一日이라도 紙墨을 未備오면 發刋치못 事情이온바 一自昨冬撤刋以後로 多大 損害를 被고 兼와 新聞價金을 全然히 収入이 絕無와 現今財政窘絀이 一層尤甚와 幾乎停止 急境에 至왓기 不得已玆에 廣告오니 伏願愛讀시 諸君子셔 勿論京鄕고 多年積滯 本新聞價金을 一一刻日送付시와 俾免臨時停廢之境케심을 千萬伏望 再以陰曆二月晦內로 爲限고 這這収送오되 此限을 若過시면 新聞發送은 停止고 該價金은 派員督刷올터이오니 以此照亮심을 爲要 皇城新聞社 特白,https://www.nl.go.kr/newspaper/detail.do?content_id=CNTS-00093780235
news_archive:CNTS-00093796009,1906,황성신문,Modern Korean,"Hanja, Old Hangeul",湖南暴動의 鎭壓,●湖南暴動의 鎭壓 上海에 在 日本南淸艦隊의 司令官이 電報바를 據 則湖南暴徒가 擊退되야 漸次鎭靜되 貌㨾인 湖北兵의 一部 長沙府에 到着고 巡撫 嚴重히 團朿야 匪徒의 闖入을 防備다더라,https://www.nl.go.kr/newspaper/detail.do?content_id=CNTS-00093796009
news_archive:CNTS-00093782258,1906,황성신문,Modern Korean,"Hanja, Old Hangeul",武官長有人前內部協辦,●武官長有人前內部協辦劉世南氏가 侍從武官長을 被命다 巷說이 有더라,https://www.nl.go.kr/newspaper/detail.do?content_id=CNTS-00093782258
news_archive:CNTS-00093780819,1906,황성신문,Modern Korean,"Hanja, Old Hangeul",燒戶當恤,雜 報●燒戶當恤 全南觀察使朱錫冕氏가 內部에 報告되 管下同福郡邑內面檢川里民家에셔 失火야 八十九戶가 被燒얏고 生民四人이 遽爾爛死며 社米與產畜과 諸般糓物이 盡入於燒燼中니 聞甚驚慘기 該郡所報成冊을 賚上오니 查照신 後에 恤金을 特爲優施시고 被燒 社還米十九石七斗와 八十九戶戶布錢을 移照于度支部시와 幷爲蠲減케라얏더라,https://www.nl.go.kr/newspaper/detail.do?content_id=CNTS-00093780819
news_archive:CNTS-00093784588,1906,황성신문,Modern Korean,"Hanja, Old Hangeul",官廳事項,○官廳事項 度支部에셔 請議 內部治道局經費四萬四千五百圜과 東萊港商品博覽會費五千圜과 印刷局技師日本大石原近次身故後各項給與金九百八圜三十八錢七里와 漂民趙官収等十一名自長崎救還費一百圜六十八錢을 預備金中支出事로 議政府會議를 經 後上奏하야制曰可라하심 五月二十二日,https://www.nl.go.kr/newspaper/detail.do?content_id=CNTS-00093784588
news_archive:CNTS-00093795086,1906,황성신문,Hanmun,Hanja,叙任及辭令,○叙任及辭令 度支部稅務主事林始潤 任度支部主事叙判任官七級△任度支部稅務主事叙判任官七級 文秉演 以上十一月三十日命太僕司長叙勅任官三等 奉常司提調李愚明△命奉常司提調叙勅任官三等 平理院判事李圭桓△依願免本官孝昌園叅奉金容五△任 孝昌園叅奉叙判任官八等 貞陵叅奉徐明淳△任貞陵叅奉叙判任官八等 金容迪 以上十二月六日,https://www.nl.go.kr/newspaper/detail.do?content_id=CNTS-00093795086
news_archive:CNTS-00093793748,1906,황성신문,Modern Korean,"Hanja, Old Hangeul",民情矜惻,●民情矜惻 三南來人의 傳說을 據 則今年各郡에 年形은 雖曰豐登이나 盜賊이 處處蜂起하야 民不安堵하 中에 况又各郡守가 結錢督捧으로 因하야 農民의 貨泉은 惟糓而已라 難耐官督하야 所有米糓을 今日市塲에 歇價放賣하고 明日此市에 㪅히 買喫은 不計고 老少村民이 擔負出市 則本國人의 貿米商은 一不現形고 但日本商民이 銀行券一片에 白米幾石式貿去기로 互相嗟嘆曰鄕村人民들이 明春에 飢饉預防에 杳無良策이라고다더라,https://www.nl.go.kr/newspaper/detail.do?content_id=CNTS-00093793748
news_archive:CNTS-00093793023,1906,황성신문,Modern Korean,"Hanja, Old Hangeul",天長觀兵,●天長觀兵 再昨日日本天長節에 叅政大臣以下各大官이 統監府에 前往慶賀얏고 同上午九時訓鍊院에셔 觀兵式을 設行 各官人을 請邀叅觀케얏더라,https://www.nl.go.kr/newspaper/detail.do?content_id=CNTS-00093793023
news_archive:CNTS-00093787806,1906,황성신문,Modern Korean,"Hanja, Old Hangeul",通信院官制廢止,●通信院官制廢止 叅政大臣朴齊純氏가 通信院官制廢止에 關 案件을 政府會議에 提出이 如左니通信院에 現今實行 事務 管船一事에 不過 則該院의 名實이 不符지라 該院의 通信事務實施기 前에 現行 管船事務 農商工部로 姑爲移屬고 該院은 廢止 勅令을 提出얏第一條 通信院에셔 管理던 船舶海員等에 關 事務 農商工部에 移屬第二條 光武六年勅令第十八號通信院官制改正件과 光武九年勅令第五十八號通信院官制改正件은 幷廢止,https://www.nl.go.kr/newspaper/detail.do?content_id=CNTS-00093787806
news_archive:CNTS-00093790221,1906,황성신문,Modern Korean,"Hanja, Old Hangeul",園遊請帖,●園遊請帖 萬壽聖節에 政府에셔 昌德宮內祕苑에 園遊會를 設하고 內外國親勅奏任官을 請邀하 合二千餘員이라 人員이 太多하야 各部判任官의 請帖은 勿施하얏더라,https://www.nl.go.kr/newspaper/detail.do?content_id=CNTS-00093790221
news_archive:CNTS-00093795959,1906,황성신문,Modern Korean,"Hanja, Old Hangeul",忘年會况,●忘年會况 再昨日下午一時三十分에 赤十字社京城支部에셔 忘年大會를 日本俱樂部에 設얏 內外紳士가 互相來叅고 統監署理長谷川大將도 叅會얏다더라,https://www.nl.go.kr/newspaper/detail.do?content_id=CNTS-00093795959
news_archive:CNTS-00093788413,1906,황성신문,Hanmun,Hanja,一  帽子各種,一 帽子各種 一 洋傘各種 一 花露水各種 一 金銀眼鏡類 一 內衣並赤衫次 一 學校用品各種 一 雨中用外奪 一 散髮所用品 一 洋服付屬諸品 其他夏節所用物品各種廉價發售 篩洞新作路 大黑屋商店,https://www.nl.go.kr/newspaper/detail.do?content_id=CNTS-00093788413
news_archive:CNTS-00093779742,1906,황성신문,Modern Korean,"Hanja, Old Hangeul",日本歉况地方의 飢民,●日本歉况地方의 飢民 日本內務當局者가 調查바를 據 則東北三縣〔宮城、福島、岩手〕의 歉凶地方에 現今生活이 困難 者 十七萬二千九百三十八名이오 將來生活이 困難쥴노 預想 者 十四萬六千名이라더라,https://www.nl.go.kr/newspaper/detail.do?content_id=CNTS-00093779742
news_archive:CNTS-00093794082,1906,황성신문,Modern Korean,"Hanja, Old Hangeul",三百圜贊成,●三百圜贊成 有志紳士가 農業의 發達 目的으로 農會事務所를 南門內光成學校內에 權設은 已爲報道어니와 農部大臣權重顯氏가 該會에 對하야 贊成金三百圜을 捐助하얏다더라,https://www.nl.go.kr/newspaper/detail.do?content_id=CNTS-00093794082
news_archive:CNTS-00093792297,1906,황성신문,Hanmun,Hanja,宮廷錄事,官 報○宮廷錄事 詔曰從二品徐相夏觧奉常司提調 十月十七日議政府叅政大臣臣朴齊純學部大臣臣李完用謹 奏日本留學生監督尹致昊請願觧任代前叅書官尹致旿差下使之監督何如謹上 奏 光武十年十月十五日奉 旨依奏,https://www.nl.go.kr/newspaper/detail.do?content_id=CNTS-00093792297
news_archive:CNTS-00093779749,1906,황성신문,Modern Korean,"Hanja, Old Hangeul",各守遞免,●各守遞免 順天郡守鄭寅國連山郡守李重哲兩氏 依願免官고 嘉山郡守崔載浩慶源郡守楊麟郁龍潭郡守尹相悳三氏 幷免本官얏더라,https://www.nl.go.kr/newspaper/detail.do?content_id=CNTS-00093779749
news_archive:CNTS-00093791691,1906,황성신문,Modern Korean,"Hanja, Old Hangeul",再疏承批,雜 報●再疏承批 軍部大臣李根澤氏가 再疏를 奉呈하야 承 批하얏 眷毗之深이 顧何如而値玆時務殷劇하야 有此申請하니 决非所期라 其勿㪅煩하라하오셧더라,https://www.nl.go.kr/newspaper/detail.do?content_id=CNTS-00093791691
news_archive:CNTS-00093782935,1906,황성신문,Modern Korean,"Hanja, Old Hangeul",度訓慶監,●度訓慶監 度支部에셔 慶興監理에게 訓令되 本港牛稅 係是正供也라 一遵定章야 依前抽稅이고 從玆以後로 港稅收入을 隨所捧야 一切送納于區域內支庫고 本署經費 一依他郡例야 必以命令書로 推用于支金庫라얏더라,https://www.nl.go.kr/newspaper/detail.do?content_id=CNTS-00093782935
news_archive:CNTS-00093791599,1906,황성신문,Modern Korean,"Hanja, Old Hangeul",緊急廣告,緊急廣告○문밧경인챨노졍거뎡월편에본양큰고간을젼든지혹간수로게획야염가로셰주오니쳠군자죠량의시 貞洞大昌洋行,https://www.nl.go.kr/newspaper/detail.do?content_id=CNTS-00093791599
news_archive:CNTS-00093791449,1906,황성신문,Hanmun,Hanja,晴簑自觧,詞 藻 晴簑自觧 晴簑夏葛冬裘各適宜 晴天簑笠底相隨江湖本色兀如此 風雨前頭未可知露濕坐因芳草岸 月明掛在綠楊枝傍人莫笑今無用 從古行藏自有時 評曰自負利器垂釣渭陽,https://www.nl.go.kr/newspaper/detail.do?content_id=CNTS-00093791449
news_archive:CNTS-00093796254,1906,황성신문,Modern Korean,"Hanja, Old Hangeul",獘店에셔 今番에 轉業上冬節所用新着品과 並在來 商品全部를,最急廣告獘店에셔 今番에 轉業上冬節所用新着品과 並在來 商品全部를 一一正札야 此月十四日以後로 別노히 廉價로 販賣니 僉君子 照亮購求시오 篩洞新作路東邊 歐米雜貨商大黑屋商店,https://www.nl.go.kr/newspaper/detail.do?content_id=CNTS-00093796254
news_archive:CNTS-00093791104,1906,황성신문,Modern Korean,"Hanja, Old Hangeul",日本維新三十年史,雜 報●日本維新三十年史 第四回 外交編 三國干涉還遼 第二章(二)干涉의 所由來니 俄國이 極東에셔 一良港을 得야 西伯利도 開墾고 用兵에도 便케랴야 大連과 旅順과 朝鮮에 垂涎 者ᅵ日久러니밋 日淸이 開戰 彼가 淸兵의 懦弱을 見고 旅順과 大連을 得 心이 愈往愈熾나 今日에 直行占領이 實是無名이오 歸諸日本면 他日에 又無從下手라 故로 淸國이 哀求치아니야도 干涉려던 况李鴻章이 頻頻히 俄使喀實尼를 說야 俄國의 干涉을 懇고 王之春을 俄京에 派送야 密密히 運動고 密約을 結야 曰萬一俄國이 肯行干涉면 淸國이 當有報答터이오 他年俄國이 東方에 用兵면 當以旅順大連으로 暫時借用고 西伯利鉄道가 滿洲에 入케다니 俄國이 如此好機을 乘야 干涉지아닐 理가 豈有리오 彼가 干涉之際에 口舌로 成功치못쥴을 自知고 兵力으로 來爭기를 决意지라 日本國民의 揚眉誇勝之時를 當야 彼의 兵船이 頻頻東來야 兵力을 增長고 其叅謀本部가 㪅히 俄國의 獨力으로 日本을 不能當 慮야 淸國으로 合而圖之코자더니 旣而오 淸國王之春이 李鴻章의 意旨로 俄國에 往야 極力運動고다시 張之洞의 敎로 法國을 撥弄야 曰法國이 南淸과 關係가 重大니 日本의 臺灣占有을 反對라 法國이 南淸에셔 事端을 再開코자아니야 專혀 俄國과 結合야 日本의 遼東奄有을 不許더라日本政府가 下之關條約에 淸國內地를 開放 一欵이 有니 其結果 英國法國이다 最惠國條欵으로 利益을 均沾지라 以故로 彼等이 心滿意足리라얏더니 其陰謀의 㪅有쥴을 誰料리오 其意外에 尤出 者 德國의 舉動이라 德皇이 俄法의 同盟을 見고 利害을 打筭다가 終乃에 俄國에 附會야 日本을 極東에 抑制기로 决意고 此意를 俄國에 通知니 於是에 三國同盟이 遂成이라 或曰德皇의 通知俄國은 法國이 俄國應기 前어 在다 云云더라 盖李鴻章이비록 俄國의 干涉은 求얏스나 三國의 如此同盟은 李鴻章의 初料所及이아니라 故로 三國同盟은 日本意外에 出 不啻라 即其他各國도 莫不瞠然더라(三)三國干涉의 置詞니 日淸和約의 調印은 四月十五日이라 旣而오 俄國에 駐箚 公使西德二郞과 德國에 駐箚 公使靑木周藏이 皆有電報來告되 俄德의 意向이 不可測이라니 於是에 政府가 干涉의 難免쥴을 竊憂더니 是日어 果然三國이 其事를 公言니 即四月二十三日이라 先是二十日에 德國公使가 外務省에 來야 次官林董의게 告야 曰明日에 某國公使와 重大事件으로 奉商다더니 翌日에 書來야 有事라 托고 延期더니,https://www.nl.go.kr/newspaper/detail.do?content_id=CNTS-00093791104
news_archive:CNTS-00093782396,1906,황성신문,Modern Korean,"Hanja, Old Hangeul",大東古事,●大東古事△彌趍忽 은 今之仁川郡이니 朱蒙之 子沸流古都라 初에 朱蒙二子沸流温 祚가 自卒本扶餘로 率十臣南行니 百姓이 多從之러라 遂登漢山負兒岳 야 望可居地 沸流ᅵ欲居海瀕 이어 十臣이 諫曰惟此漢南之地 天險地利가 難得之勢니 作都於此ᅵ 不亦宜乎아 沸流ᅵ不聽고 分其民 야 歸彌趍忽이러니 以土濕水醎으 로 不得安居고 歸見温祚所都慰禮 城니 都邑定고 人民安이라 遂慚 愧而死고 其臣民은 皆歸温祚니 라△天登橋  在金浦郡東十五里니 又名掘浦橋라 每歲以木造橋야 其 費不貲이어 梁誠之爲工曹判書 야 啓聞而置渡船이러니 孝宗 時에 邑人이 鳩財作石橋니 橋長이 四十餘步오 橋下에 列爲虹門야 通 行舟楫이러라△藥哥  高麗烈女ᅵ니 居善山鳳溪 야 與吉再同里라 見再讀書而問其 何語어 再敎之曰忠臣은 不事二君 이오 烈女 不㪅二夫라니 藥哥誦 之不忘이러라 長爲趙乙生妻러니 乙 生이 戌邊이라가 爲賊掠去야 未知 存沒이어 藥哥ᅵ不食肉茹葷고 夜不脫衣而寢이라 父母欲奪志호 矢死不從이러니 凡八年에 乙生이 脫 還이라 夜抵其家야 呼妻開門 藥哥曰中夜獨居야 門不可開라 니 乙生이 止宿隣舍고 明日相會 니라,https://www.nl.go.kr/newspaper/detail.do?content_id=CNTS-00093782396
news_archive:CNTS-00093789148,1906,황성신문,Modern Korean,"Hanja, Old Hangeul",大東古事,●大東古事△鄭仁卿 은 高麗人이니 高宗末에 蒙 古兵이 來屯稷山新昌二縣이어 仁 卿이 夜攻勝捷야 陞補諸校러니 忠 烈王時에 又以功勞로 授西北面都指 揮使고 官至中贊니 所至에 皆有 聲績이러라△龍穴 은 在長淵郡西五里 一帶 斷壟이 長可三百餘步니 壟頭에 有圓 穴야 圓徑爲丈餘오 壟端에 亦有穴 야 首尾相通이라 人이 持火而入 야 行至百餘步면 有水深昧야 不 得尋源而返이러라△車云革 은 會寧人이니 世祖時 에 李時愛ᅵ與其弟施合으로 據吉州 以叛이어 上이 命龜城君趙浚 야 往討之시니 云革은 以軍官從 軍 與鍾城人鄭休明等으로 人賊 中야 縛施合而送官軍이라가 中路 에 遇其賊黨야 施合은 脫去고 云 革等은 爲施愛所殺니 賊平에 錄敵 愾功臣니라,https://www.nl.go.kr/newspaper/detail.do?content_id=CNTS-00093789148
news_archive:CNTS-00093794526,1906,황성신문,Modern Korean,"Hanja, Old Hangeul",內部令第十五號,○內部令第十五號 權任巡檢의 給與品及貸與品支給規程第一條 權任巡檢의 帶用物品은 給與及貸與二種에 分야 支給 事第二條 給與品種目은 左와 如 事 一 帽子 一 冬服 一 冬內衣 一 夏服 一 夏內衣 一 外套 一 肩蔽 一 雨覆 一 長靴 一 短靴 一 手套 一 洋襪 一 衿 但長靴를 不給 時 脚絆을 代給도 有 事第三條 貸與品種目은 如左 事 一 帽章 一 軍刀 一 刀帶 一 刀緖 一 外套及被服釦 一 手帖 一 捕繩 一 呼角第四條 給與品及貸與品은 現品으로 任命時에 支給고 給與品의 滿期 時 亦同 事第五條 給與品의 數量及使用期限은 如左 事 但不得已 境遇에 內部大臣의 承認을 得야 數量을 增减며 期限을 伸紐을 事 一 帽子一個 十二個月 一 冬服一組 二十四個月 一 冬內衣一組 十二個月 一 夏服二組 五個月 一 夏內衣二組 五個月 一 外套一伴 二十四個月 一 肩蔽一件 二十四個月 一 雨覈一件 二十四個月 一 長靴一足 二十四個月 一 短靴一足 六個月 一 手套二件 六個月 一 洋襪一足 一個月 一 衿一件 一個月第六條 貸與品及使用期限未滿의 給與品은 退職免職及死亡 時에 返納 事第七條 貸與品及使用期限未滿의 給與品을 因公이나 又確証이 有게 毀損紛失 時 代品을 交付되 其毀損紛失이 過失或怠慢에 由 者 辦償의 責을 任 事第八條 本規程은 頒布日로붓터 施行 事 光武十年十一月二十三日,https://www.nl.go.kr/newspaper/detail.do?content_id=CNTS-00093794526
news_archive:CNTS-00093779659,1906,황성신문,Hanmun,Hanja,啓者本號由呂宋國再來呂宋紙卷烟呂宋草數種刀票品海埃及,○啓者本號由呂宋國再來呂宋紙卷烟呂宋草數種刀票品海埃及各種紙卷烟美味價廉及天津毛毯石油暖爐毛織裏衣皮掌匣數種等諸君欲買者請速來購美洞屛門永泰昌 告白,https://www.nl.go.kr/newspaper/detail.do?content_id=CNTS-00093779659
news_archive:CNTS-00093794305,1906,황성신문,Modern Korean,"Hanja, Old Hangeul",補腎丹은 大補元氣야 治陰委不,○補腎丹은 大補元氣야 治陰委不起固精固齒養神며 兼治肩臂痛腰痛脚痛고 又有奇事니 試用孕婦면 補胎充實분 不啻이라 永無癇氣驚風之慮고 兼且聰明䙚勇오니 僉位試用伏望홈 中署帽谷五十一統四戶 前開豐局主人李會來,https://www.nl.go.kr/newspaper/detail.do?content_id=CNTS-00093794305
news_archive:CNTS-00093141559,1907,대한매일신보,Modern Korean,"Hanja, Old Hangeul",釜산面育英學校請助金寄付錄,錦陵尉朴泳孝 前法部大臣李夏榮 前監理李懋榮 本府尹金敎獻 稅務官鄭箕斗 前監役朴甲錄 前敎官金敬伯 田自玉 각一百圓 前侍從金聲遠 三百圓 本面中 二百圓 主事金鍾斗 凡二洞中 六拾圓 前議官鄭永化 김仁吉 育英同文契中 각五拾圜 前議官吳珍泳 前參奉朴世珪 金致龍 金鍾悳 李慶五 參書黃鶴順 裴敬化 主事白學魯 凡一洞中 下湍客主社中 埋筭會社中 慕先契中 卅圓 都事김秉勳 主事宋運用徐宇珣 金采均 崔鳳汝 前參領朴斗榮 鐵道局長崔相敦 承旨吳悳根 李敬伯 金定珪 金長旭 朴齊鍊 參書官崔悳 金子文 仁川港勤業社中 水晶동中 三樂契中 佐川동中 任召史 議官金敎相 각廿圓 參奉金采英 前翰林金鎭永 金義俊 姜錫奎 朴敬贊 金仲浩 리英俊 本面白木契中 각十五圓 前議官리鍾喆 리根若 主事리相昕 都正秋斗定 參書리光昱 主事리翰昱 參奉吳奉根 趙尙年 技師金倫求 技手金準錫 金武卿 前僉使宋煕用 議官宋元用 主事김容世 愼性衡 議官安舜克 參奉金聖謙 主事崔桂賢 主事秋月梧 金汝重 玄景振 主事崔尙鵬 리永玉 愼尙翼 朴章憲 朴喜玉 主事리秀榮 金章憲 孔址洙 金炳文 崔鳳一 朴君遠 李武玉 文世河 主事鄭愚成 崔長德 리敬瑞 金千一 金子聲 金鎭伯 參奉宋重五 김和益 前總巡김準千 王禮振 洪俊模 金元吉 崔聖明 리炳夏 通政金百行 議官리寅銖 主事吳庠泳 申泰圭 宋德兼 尹斗瞻 主事리鍾國 技手宋泰昇 仝林英圭 參奉김永圭 主事김道翊 金鍾悳 參奉徐禎淳 仝朴斗弘 主事韓益瑾 總巡梁兌煥 仁港紳商會社 佐一洞中 路下洞中 一洞二牌中 二동三牌中 佐二洞中 養老生辰契中 二동一牌中 二洞二牌中 孝終契中 樂聖契中 育英棺槨契中 同樂契中 沙下平林洞中 堂里洞中 槐井洞中 丁巳甲契中 海關杉板都中 興信契中 機張作廳 草梁洞中 浦上運輸會社中 草梁彰興會社中 蓬山契中 妓梅香 金台振 各十圓 下湍洞中 十二圓 박敬直 김日化 각八圓 司果金德辰 池샤景 姜敬先 金泰益 金仁實 孔文交 山首동中 七圓 鄭基大 二동四牌中 각六圓 金而振 林炳厚 金建杓 崔鳳九 리士逸 侍從金文奎 張箕相 全文化 林子夏 金敏旭 張羽相 朴榮必 尹學瞻 金成伯 김卿中 林時夏 白元吉 黃敬一 權士珍 金元有 金士衡 金亨九 김景潤 徐致文 洪聲振 金君淑 김元浩 監察金致正 孫性杓 具昌一 金聲玉 金致旭 崔鉉旭 朴善五 辛敬順 林枝春 朴周彦 議官김致彦 仝리敬箴 參奉徐致玟 孔文根 리敬玉 金南極 前議官朴宰瑛 仝滿瑛 仝崔命駿 金振玉 白允化 金明奎 尹文善 沈相민 主事金鍾瑗 仝리洪昱 尹黼炳 리學珣 議官安光洙 五衛將秋斗永 박元희 主事김商炯 仝吳仁奎 仝秋乃有 參奉김禮仲 議官朴重奎司果김應汶 主事吉化議官姜其八 參奉徐致賢 白明健 김泰一 白文若 박致化 李善如 김哲洙 리聲雨 主事김仕鎰 裴學允 崔時鳴 主事崔有鵬 仝김鳳儀 總巡김允福 鄭永吉 參奉尹景和 兪奇五 김大顯 리甲壽 朴雲瑞 主事리奎和 崔文練 김重浩 宣傳吳仁彦 金班五 主事김聖佑 김義福 鄭周昊 姜德一 南允一 萬戶鄭鳳雲 리載斗 鄭性根 金基煥 瀛仙洞中 移忠契中 一동一牌中 佐川同文喪布契中草梁通運會社 一洞三牌中 沙中面中 韓東年 卞竹儂 박玉田 朴蘭田 妓錦蘭 桃花 綠輝 三浪家 리養殷 각五圜 리學成 趙致三 金化瑞 김性直 宋泰吉 時雲 김致順 박相振 朴祥五 山首花遊契中 四圓 李漢根 趙致邦 李光瑞 朴文仲 丁禹益 朴士殷 朴乃辰 리敬敏 리鐘涉 姜其伯 申光俊 朴聖兼 尹相弼 김永柱 鄭重善 리余洪 金鳴國 리應悳 姜今伯 리南吉 졍秉均 薜羽若 金致彦 金永元 主事金大峴 김斗培 議官金明玉 前五衛將張致兼 金道謙 車周一 김善五 金允學 리善浩 김在有 리守洪 金仁俊 朴周五 崔逸守 金仁玉 白君一 主事姜允益 金成寬 丁贊一 卞周學 朴위植 李桂一 禹泰旭 李文見 尹炳準 高在乙 張益相 張建相 朴希振 主事朴時睦 參奉朴銓弼 趙性謨 김元魯 金榮載 리成實 김庠河 鄭德浩 金太瀚 金致셥 朴根厚 김德一 吳根赫 리定和 裴贊守 리鍾國 白成鶴 李珣業 김干閏 卞周益 孫기彦 韓始龍 리重淑 김成玉 김在容 김琪柱 鄭有明 安在伯 朴鶴來 沈能德 張泰弘 參奉朴致祚 參奉姜允善 參奉姜時雲 張景澤 徐聖直 河洛彦 朴子玉 議官千斗益 主事安汝觀 洪聖希 監察李喜成 參奉張德佑 各三圓 洪南奎 金鐘郁 粱正彦 김子玉 參奉朴仁善 李贊瑞 金士振 張行彦 金成律 李祥伯 金俊化 김享玉 徐琪杓 通政裴基伯 朴武鎰 趙重彦 具春業 金明見 金基善 辛榮珪 金弼憲 全明和 朴汝益 徐林七 金定重 金文若 朴達千 金和振 金佑先 日新号 李成煥 徐局瑞 姜子明 朴英瑞 徐允一 朴文五 金永聲 卞周昊 金斗植 金士潤 趙光昕 金德一 車元吉 金琪彦 都正李省三 李善玉 主事金相梧 李致明 金性汝 洪時敬 徐致五 秋瑞允 李德和 梁在己 李裕眞 리裕日 前知事鄭澤榮 前主事郭在河 秋翰中 金敬善 辛聲一 前監察리乃玉 五衞將韓영有 尹尙殷 金性漢 金極中 孔文善 金福基 朴一龍 吳祐炯 邊武英 金景千 金星度 安仁汝 김鳴根 孫敬叟 朴子賢 五衛將金商炳 任榮宰 리聖三 박奎振 議官金善有 嚴覲燮 리인善 朴聖佑 先達朴淑汝 參奉張士文 參奉박鳳汝 文守連 張善行 金今玉 朴聖化 議官金舜巨 張善弼 金德七 梁良浩 秋允植 金應吉 孔南國 張泰文 主事羅敬習 監察李和實 參奉김聖弼 리晩榮 許信洪 盧德七 先達리命瑞 權應三 崔君天 리尙文 李學三 秋元瑞 朴一得 김振玉 김琪道 김文五 朴貴玉 박應若 박秀若 各二圓 五衞將丁君一 都事張允一 議官朴元瑞 主事張世益 前議官朴弼奎 尹基彦 李性敏 房文一 尹君明 張인國 리敬化 李應浩 리子益 具春吉 丁敬三 鄭太學 金文旭 崔君漢 박善良 田周汝 김順益 崔永福 김瑞一 김永旭 尹平汝 리佑卿 金希瑞 韓尙瑞 김致雲 洪在化 具基律 金明敍 洪守日 金德賢 李義兼 金康沃 각河玉 辛子인 리錫允 리長汝 金元卿 宋錫宰 金在坤 박士弘 金俊셔 金化正 林迺善 沈時魯 金守日 리益善 張明彦 金善雅 尹武賢 白明吉 李乃順 李正煥 金斗영 金鶴根 粱德一 河淸一 林喜元 김桂柱 장道允 文允淑 孫在煕 韓岐鳳 趙斗榮 리德셔 崔性實 愼明五 孔文淑 申逸龍 姜禹善 리元實 金成伯 辛敬振 金春實 박乃有 리世挺 崔翼相 리成九 郭瑞益 張인彦 김秉林 박秀五 박明化 박善化 박在成 李基賢 金壽年 김義俊 崔鳳守 崔泳杓 리根明 鄭讚善 孫亮鐸 錫鉉 具昌祚 秦云汝 尹澤制 金順贊 宋永和 洪五兼 각一圜,https://www.nl.go.kr/newspaper/detail.do?content_id=CNTS-00093141559
news_archive:CNTS-00093139317,1907,대한매일신보,Hanmun,Hanja,號外 隆煕元年九月六日,●宮廷錄事詔曰上 號日當率百官親上致詞于 德壽宮少伸微忱矣詔曰卽位禮式儀節纔已參互磨鍊行禮矣從今凡干賀儀亦放此例令宮內府堂禮院磨鍊擧行,https://www.nl.go.kr/newspaper/detail.do?content_id=CNTS-00093139317
news_archive:CNTS-00093129715,1907,대한매일신보,Modern Korean,"Hanja, Old Hangeul",義王入京,義親王殿下게오셔 再昨日釜山에 到着옵셔 特別車를 搭乘시고 入京실터인 特別車가 未及되야 滯留셧 本日下午五時에 南門外停車場에 還着신다더라,https://www.nl.go.kr/newspaper/detail.do?content_id=CNTS-00093129715
news_archive:CNTS-00093127567,1907,대한매일신보,Modern Korean,"Hanja, Old Hangeul",通文과報,鴻山稅務官김寬濟氏가 度支部에 報告허되 林川郡民人과 恩津郡民人等이무 事件인지 會集公議허기로 通文을 輪示다 通文을 幷爲과報얏다더라,https://www.nl.go.kr/newspaper/detail.do?content_id=CNTS-00093127567
news_archive:CNTS-00093134579,1907,대한매일신보,Modern Korean,"Hanja, Old Hangeul",日打韓人,肅川郡所鐵道保線區日本人竹日雄太郞이가 該郡右下面晩興리居최현을 泥醉亂打야 面部가 被傷된 故로 該郡分派所에셔 該日人를 招치야 治療費五圓을 徵給얏다더라,https://www.nl.go.kr/newspaper/detail.do?content_id=CNTS-00093134579
news_archive:CNTS-00093137183,1907,대한매일신보,Modern Korean,"Hanja, Old Hangeul",本人의 姓名圖章를 遺失야샤오니,電話斷絶 事 別項과 如하거니와 昨日部에 電話를 廢止기 爲야 宮內府電話課主事를 壹並句束얏다더라,https://www.nl.go.kr/newspaper/detail.do?content_id=CNTS-00093137183
news_archive:CNTS-00093126280,1907,대한매일신보,Modern Korean,"Hanja, Old Hangeul",商工場建築,"大韓은 此時를 際야 許多學問이 日增月盛나 商工業의 發達이 最急으로 萬國靑年會에셔 二十間에 二箇場所를 新建고 治土, 木匠, 鐵物製造에 學課를 排備고 以上二業을 務圖發達 校舍建簗告竣期限은 自今六週以內로 決定얏고 機械諸具 美國에 注文야 若干先到얏스며 其他未到 機械도 追後到着다 허니 有志靑年은 汲汲히 入學硏究야 會에 商工二業으로 허여금 大한國中에 發達 第一효矢가 되게 허심을 望노라",https://www.nl.go.kr/newspaper/detail.do?content_id=CNTS-00093126280
news_archive:CNTS-00093128366,1907,대한매일신보,Modern Korean,"Hanja, Old Hangeul",本社斷烟,今番國債報償事에 對야 上自 皇室及公卿家與各學校에셔 擧皆斷烟이온바 本社社員도 一般義務로 同盟斷烟홈,https://www.nl.go.kr/newspaper/detail.do?content_id=CNTS-00093128366
news_archive:CNTS-00093142318,1907,대한매일신보,Modern Korean,"Hanja, Old Hangeul",向者軍대解放時에 負傷將卒中에 死者,向者軍대解放時에 負傷將卒中에 死者 已矣어니와 折腰折臂折脚之人은 命脉은 尙存이나 運動末由라 該人等이 將欲自裁니 令人鼻酸이라 本人等이 徃見慰勞고 西醫에게 以印度膏도 擬製臂脚이온則八人의 該費額이 至爲二千五百圓之多인바 一人助力으로 難見奏効와 玆以廣布오니 望須 慈善僉君子 勿拘多小시고 救恤金을 寄付와 使陷死同胞로 拯濟심을 爲要隆煕元年九月日發起人 졍圭煥 윤泰勳 安쥰鎬 曹成煥救恤金收合所 皇城新聞社 大韓每日申報社出금人의 姓名은 新聞에 廣告,https://www.nl.go.kr/newspaper/detail.do?content_id=CNTS-00093142318
news_archive:CNTS-00093136331,1907,대한매일신보,Modern Korean,"Hanja, Old Hangeul",大安洞寄宿舘廣告,本舘에셔 漢城內에 留接 諸學生의 寄宿便利를 爲야 大安동에 二層半洋屋을 建築고 居處飮食其他凡節을 一一히 便宜기로 極力設備오니 遊學諸生은 照亮시와 賁臨于本舘事務所야 詢議심을 敬要北署大安洞別宮南便寄宿舘長鄭煕燦 告白寄宿願入証書 本舘에셔 授與留連費 每朔에 新貨四圓八十錢으로 定,https://www.nl.go.kr/newspaper/detail.do?content_id=CNTS-00093136331
news_archive:CNTS-00093142308,1907,대한매일신보,Modern Korean,"Hanja, Old Hangeul",地方各支社와 箇人購覽員에게 本申報配達이,地方各支社와 箇人購覽員에게 本申報配達이 或滯留或遺漏가 非一非再인바 但以書辭通知가 確據가 無야 郵便局交涉이 難便니 此後로 申報封皮에 出付와 收到日付印期限이 過隔者를 摘拔聚合얏다가 本社로 委送심을 爲要大韓每日申報社,https://www.nl.go.kr/newspaper/detail.do?content_id=CNTS-00093142308
news_archive:CNTS-00093142787,1907,대한매일신보,Modern Korean,"Hanja, Old Hangeul",兩處火事,三昨日夜九時半頃에 京城壽町日本人居留地에셔 出火얏 其原因은 石油燈에셔 出火얏고 再昨日午前九時頃에 仁川港日本居留地料理店에셔 出火야 二層屋上部一便이 燒火되얏다더라,https://www.nl.go.kr/newspaper/detail.do?content_id=CNTS-00093142787
news_archive:CNTS-00093143985,1907,대한매일신보,Modern Korean,"Hanja, Old Hangeul",十七日發經由東京,●訖法氏의 懇乞桑港商業會議所에셔 前 韓皇帝陛下의 代表者라 稱하 美人홀法氏의 懇乞을 容納야 韓米條約과 韓國의 宗主權에 關係 當局者의게 質問랴대 其要領은 日本이 韓日關稅同盟을 締結야 美國輸入品의 自由貿易權을 正確케것이라더라,https://www.nl.go.kr/newspaper/detail.do?content_id=CNTS-00093143985
news_archive:CNTS-00093130862,1907,대한매일신보,Modern Korean,"Hanja, Old Hangeul",山門셜校,全羅北道全州郡威鳳山城의 居 吳慶山씨 北道各刹管轄 都總攝인대 敎育上에 熱心注意야 봉翔學校를 設立하고 管下各寺靑年僧侶와 隣近聰俊子弟을 募集야 百餘員이 至얏 明進學校敎師朴東鎭 日本人富士동壯兩씨을 雇聘얏다더라,https://www.nl.go.kr/newspaper/detail.do?content_id=CNTS-00093130862
news_archive:CNTS-00093129870,1907,대한매일신보,Modern Korean,Hangeul,유시모유시녀,젼비셔승숑인회씨부인박씨가신문의무국이면무민이란말을보시고즉시의금을원일부인회무소로내젼얏그시에십이셰되여아가긔가진뉵젼오푼즁은지환을버셔노흐면셔국기사상이야남녀노소가업다며의연고갓다니이른녀의애국셩심이더욱희다층송이더라,https://www.nl.go.kr/newspaper/detail.do?content_id=CNTS-00093129870
news_archive:CNTS-00093126458,1907,대한매일신보,Modern Korean,"Hanja, Old Hangeul",斫指呈願,衆民所望者只是輔國安民이옵더니 去癸卯年分에 孫秉煕 率二十名學生와 渡來日本옵고 리容九 在於本國와 與孫秉煕로 相通往來야 務聚民財라가 去甲辰年秋에 設進步會야 與一進會相合고 獨立基礎鞏固케  趣旨을 廣布於十三府각郡니 見其趣旨고 憤發忠誠야 斷髮人會者數百萬名也라 自會中오로 選拔靑年二十餘名야 派送於孫병煕所處日本東京야 以爲留學니 前後學生이 合爲五十餘人也라 昨年에 孫병煕가 歸國야 特設天道敎一部야 與리容九로 以私互爭而日非國事니噫彼孫리兩人이 稱云輔國安民之本意今安在哉아 究厥兩人之所爲오면 收聚衆民之義金야 以肥自己오니 切念破産流離지同胞오면 豈不憤慨이오며 甚至於學費도 自昨年七月로 至于今終不支撥오 五十餘名學生中自판旅費야 先爲歸國者二十餘人이오 餘存者只是三十餘人이온 각其敎育上熱心이오며 肥己지餘金으로 足以養三拾名書生이어 稱以無錢고 全然不顧니 世豈有如許異常지人類乎잇가生等이 幸蒙監督長大庇之澤와 飽食穩寢이오니 伏念온즉 生等이 忠君愛國지誠으로 離親棄墓하고 留學遠邦이라가 當此半塗而歸면 爲國留之學誠을 將何以遂지乎잇가 生等二十一人玆以血心決議하야 卒業前에 至於何境이라도 以死불歸하기로 斷指同盟하고 玆에 報告하오니 査照지地를 伏望等이온바 一進會諸員이 此學生을 旣爲派送하온 地에 學費불撥이 誠是訝惑이오며 該生等의 所告와 如진 該會財政도 불爲不足이온 半年不撥하와 勢到竿頭에 致此慘酷지境이 一則爲會지恥이오며 二則爲國民지羞이오니 照亮後一進會會長에게 火速指揮하시와 昨年十二月前에 未撥學費와 前頭卒業期間統計所入을 支撥于本監督部케 하라 하얏다더라 完,https://www.nl.go.kr/newspaper/detail.do?content_id=CNTS-00093126458
news_archive:CNTS-00093131783,1907,대한매일신보,Modern Korean,"Hanja, Old Hangeul",漢북國債報償團成會趣旨書,占人이 云靡不有初鮮克有終이라 니 凡於做事에 尤所戒者也 近自신聞上으로 連接見國債報償趣旨書고 自不覺舞蹈而感泣이나 更究這裏則有兩件事니 曰幸與不幸이라 在初有志數士가 偶發滿腔之忠義야 皷動同胞之彜性니 雖孺婦尺童이라도 感發愛국之誠心하야 響應而義捐者如水之就下니 若此不已면 將不過幾個月에 外債을 期可淸勘이오 國權을 丁寧挽回리니 是可曰莫大之幸也오 若使同胞之병彜로 或爲威力所奪며 或爲强迫所壓며 或爲져戱所誘며 或爲비吝所牽야 쥰巡관望에 報成이 無일이면 其爲列强所睹에 眞不免一封蟻屯야 凌辱이 尤倍前일야 國將未國이오 民亦불民則死將無地리니 若此則反불如不營此件事之前也니 豈有加此之불幸耶아 噫生民之存沒이 係차一擧 니 凡我同胞 懲차불幸지心고 團結愛國지誠야 互相勸勉에 雖遐土鄕曲이라도 불일奮捐하야 期圖克終維持국權하며 得保性命야 同唱萬歲千萬幸甚,https://www.nl.go.kr/newspaper/detail.do?content_id=CNTS-00093131783
news_archive:CNTS-00093131330,1907,대한매일신보,Modern Korean,"Hanja, Old Hangeul",農商工部認許運車株式營業廣告,今番本營業所에셔 各項貨物을 運送기 爲야 牛馬車及荷車를 勿論고 營業을 組織야 牛馬車와 荷車에 소載 物品을 自今爲始야 本營業소에셔 精實無損고 迅速無滯도록 恪勤勉勸을 已任運送 터이오니 內外國 쳠君子 소載 物品이 有시거든 不拘多少遠近시고 本營業所나 出張소로 來議시와 物品運搬에 無礙酬應 터이오니 或有私載지獘면 必有生梗지端矣리니 以차諒悉本營業소와 出장소쇼在處가 如左大龍동四巨里上東邊洋屋家●營業所●東門外出장所●龍山出장所●麻浦出장所營業長副長 금世貞總務 柳台영取締役 山口玉吉會計役 細川雄藏事務員 김龍煕仝 鄭진영,https://www.nl.go.kr/newspaper/detail.do?content_id=CNTS-00093131330
news_archive:CNTS-00093140401,1907,대한매일신보,Modern Korean,"Hanja, Old Hangeul",國府津에 海嘯,本月十七日國府津附近海岸에 東風이 猛烈야 激浪怒濤가 相撲으로 陸地지 汎濫야 橋梁과 家屋의 流失이 不少다더라,https://www.nl.go.kr/newspaper/detail.do?content_id=CNTS-00093140401
news_archive:CNTS-00093145505,1907,대한매일신보,Modern Korean,"Hanja, Old Hangeul",本社廣告,○申報價一張代金 新貨二錢五一個月前納 三十錢三個月 九十錢六個月 一圜七十錢一個年 三圓四十錢郵稅一張 新貨五厘一個月 十三錢○廣告料四号活字十三字詰每日每英尺一寸에 新貨廿五錢(每日每行六젼에 相當홈)二週日에 二圓五十錢 每日每行四戔五里에 相當홈一箇月에 五圓(每日每行四錢一里에 相當)其期限의 長短과 字行의 多夥를 依야 增減이 有홈●大韓每日申報各處支社廣告中署布屛門下 金相萬冊肆平壤上水口門內 金浩淵仝 崔叡恒仁川杻峴開新冊肆 李東皓宣川邑橋南冊肆 安濬義州西門外西 大藥局釜山港佐川藥局 徐錫籌三和港築洞 金元셥咸興南州社西門外 曹喜林開城南大門內興學書舖 姜助遠大邱市廳 崔一弘載寧邑濟衆院 劉夢澤鐵山邑東部 安호元山倉前 劉七錫海州南門內 朴昌鎭定州南門內書舖 洪成인昌城郡校동 許환郭山興岩 李銀瑞安岳細동坊成동 廉道善博川舊津 리鎭成安州城內義井洞 金翼河鐵原邑棠洞 趙鐘大高原邑 朴敦吉濟州城內一徒里客舍洞 高亨來井邑邑內 李益兼泰仁邑內 金禹爕興德後 浦 金鼎濟京義線枇峴驛替市 李基秀長淵邑南門內 崔載淳殷栗邑倉前里 金泰聲古阜邑許洞 殷弼漢郡山港東彰社 宋判巖龍川楊市會堂 黃菊保車輦舘同志會內 金明鉉淸州東州내校洞 宋斗仁發行兼編輯人英國人 裴說發行所 南署石井洞號外地三層洋屋家 大韓每日申報社,https://www.nl.go.kr/newspaper/detail.do?content_id=CNTS-00093145505
news_archive:CNTS-00093145481,1907,대한매일신보,Modern Korean,"Hanja, Old Hangeul",本洞前川을 築洑作農이 于今數百年矣러니,本洞前川을 築洑作農이 于今數百年矣러니 中間挾雜輩가 稱以明禮宮付屬고 勒奪該洑야 勒捧水稅타가 現今各宮稅納를 永爲廢止야 民有地 調査出給이다 故로 本洞諸人이 公議야 該洑稅 欲付學校設施외 本郡守가 訓飭設校가 非止一再이시기 自洞中으로 該洑貰租三十餘石을 收捧積置고 學徒數十名을 爲先募集고 設校寄付오니 本郡守沈宜性氏의 熱心과 設校人宋君一 林鳳俊 宋興植 三氏의 敎育발達誠心을 一境이 稱頌옵기 玆에 廣告坡州郡竹院里居林善文告白,https://www.nl.go.kr/newspaper/detail.do?content_id=CNTS-00093145481
news_archive:CNTS-00093137049,1907,대한매일신보,Modern Korean,"Hanja, Old Hangeul",院長䟽遞,陸軍法院長白性基氏 疏遞되얏더라,https://www.nl.go.kr/newspaper/detail.do?content_id=CNTS-00093137049
news_archive:CNTS-00093139170,1907,대한매일신보,Modern Korean,"Hanja, Old Hangeul",會議結果,日本元老會議에셔 韓國에 補助 經費二百五拾萬元을 五年間에 補給기로 決定얏다더라,https://www.nl.go.kr/newspaper/detail.do?content_id=CNTS-00093139170
news_archive:CNTS-00093139435,1907,대한매일신보,Modern Korean,"Hanja, Old Hangeul",砲彈收去,沔川郡에셔 砲兵의 所持 十四柄과 彈丸四百五十發을 洪州警務署에셔 收去얏다고 該郡守朴芝陽氏가 內部로 報告얏다더라,https://www.nl.go.kr/newspaper/detail.do?content_id=CNTS-00093139435
news_archive:CNTS-00093146449,1907,대한매일신보,Modern Korean,"Hanja, Old Hangeul",正誤,本報六百九拾三號濟州李士吉廣告欄內에 本人之本字가 日字로 誤植이기 玆正誤,https://www.nl.go.kr/newspaper/detail.do?content_id=CNTS-00093146449
news_archive:CNTS-00093129211,1907,대한매일신보,Modern Korean,"Hanja, Old Hangeul",咸北來信,會寧郡守박노학씨 莅臨之後에 專事貪虐에 剝民肥己야 掌議差帖一장에 葉三十兩이오 校監동차에 葉二十兩이오 役夫雇價不足代錢이라 稱고 每戶에 棄二兩五錢式勒斂故로 民不能安業고 擧皆流離渙散야 或渡淸地고 或渡俄領야 呼泣之聲이 漲天니 如此郡守를 若容數朔則會寧一邑은 必全成구墟乃已라더라,https://www.nl.go.kr/newspaper/detail.do?content_id=CNTS-00093129211
news_archive:CNTS-00093141504,1907,대한매일신보,Modern Korean,"Hanja, Old Hangeul",景福宮臨御,日本皇太子셔 渡來실 時에 景福宮에 幾日間旅舘으로 認定얏다가 歸國신 後에 太皇帝陛下옵셔 該宮闕에 臨御신다 說이 有더라,https://www.nl.go.kr/newspaper/detail.do?content_id=CNTS-00093141504
news_archive:CNTS-00093142653,1907,대한매일신보,Modern Korean,"Hanja, Old Hangeul",地方各支社와 箇人購覽員에게 本申報配達이,地方各支社와 箇人購覽員에게 本申報配達이 或滯留或遺漏가 非一非再인바 但以書辭通知가 確據가 無야 郵便局交涉이 難便니 此後로 申報封皮에 出付와 收到日付印期限이 過隔者를 摘拔聚合얏다가 本社로 委送심을 爲要大韓每日申報社,https://www.nl.go.kr/newspaper/detail.do?content_id=CNTS-00093142653
news_archive:CNTS-00093132212,1907,대한매일신보,Modern Korean,"Hanja, Old Hangeul",四氏轉任說,度支部司稅局長李健榮씨가 公察을 被任다 說은 昨報에 已揭어니와 其代 該部理財局長李쥰相씨가 被任고 其代에 內部會計局長金寬鉉氏가 轉任고 其代 趙漢鏞씨가 被任다 說이 有더라,https://www.nl.go.kr/newspaper/detail.do?content_id=CNTS-00093132212
news_archive:CNTS-00093132342,1907,대한매일신보,Modern Korean,"Hanja, Old Hangeul",陽郡出捐,陽智郡貢瑞洞居九歲兒李秉魯와 十一歲兒李箕俊과 鄭漢永母親許씨가 國債報償에 對야 五十젼을 出捐얏고 同郡秋溪里傭人金貴돌四人이 十錢式出捐얏더라,https://www.nl.go.kr/newspaper/detail.do?content_id=CNTS-00093132342
news_archive:CNTS-00093140923,1907,대한매일신보,Modern Korean,"Hanja, Old Hangeul",咸興事,去七月十日에 맥케이씨의 寄書가 本社에 到達바 其內容은 日人이 咸興에 無辜村民을 殺害것과 日本砲兵이 一村을 砲擊 事實을 記述거시라 本紙에 此寄書를 揭報고 其事變을 虐殺이라 說明엿더니 此揭報가 셔울푸쓰報의게 罪過를 作야 同報가 同月十六日에 本報를 甚히 凌罵고 本紙의 一般報道를 反駁여 砲擊事端이 曾有을 拒言며 本記者를 訛言者오 紊乱平和者라고 巧言지라 本報가 記述되 漢城咸興間에 距里가 頗遠니 맥케이氏의 寄書를 確辨기에 多少光陰을 必費터이나 迅速대로 此를 試圖노라엿더니 昨夕에 元山居펜욱氏의게셔 如左寄書 接受엿슨즉 本記者ᅵ 我同業人의 記述를 虛言으로 歸之케되엿도다敬啓者本人의 遲緩은 千言으로 謝過바어니와 本人이 新聞通信員을 作하기 不欲은 自至明確이로다 맥케이氏의 探得 細小混亂은 鹽三百斤一石과 該一石에 對 稅金을 混記거시라 其後에 表著된 確實 據건 當初에 日人이 韓人을 派送야 三百斤䀋一石에 葉錢九十個를 收稅려거 人民이 舊稅를 願納이요 此新稅 收納키 不能이라엿스니 其舊稅 卽一石에 葉二十八個러라 其後에 更到야 一石에 葉錢一百八十個式을 請求하고 同時에 日巡査가 與韓巡檢으로 偕來야 該洞頭民들을 捉去지라 人民들이 忠實히 言及되 若我頭民을 捉去진 吾等도 亦同去노라 被囚기에 頭民이 吾人보다 過 義務가 何有리요고 男類全部가 一躰로 從去 日人이 發怒야 人民의 歸去를 命令되 人民이 不諾지라 於是에 日人이 以劔赴群야 衆人을 重傷엿스니 一人은 失其耳고 一人은 破其頭고 他人은 重傷其臂야 如此如此지라 其巡査 己之生命을 爲야 卽逃엿도다 其翌日에 日本騎兵이 該洞을 包圍야 山上에 大砲를 設置고 該村男女及幼穉를 同一히 射擊야 衆人을 殺害고 衆人을 捕縳바 其確數 探知키 猶難이나 其事狀의 眞談이 盖如此로다我同業人은 此寄書에 對야 親愛로 答述지여다 本報 前後寄書人의 姓名을 確記엿거니와 同報 後應을 未有고 確言을 發지라 盖公正은 全世界에 一般이니 本人度量으로 若셔울푸스報가 本報의 擧證것보다 過越確證을 不陳스면 同報의 七月十六日에 記述을 因야 本社에 謝過거시 有도다,https://www.nl.go.kr/newspaper/detail.do?content_id=CNTS-00093140923
news_archive:CNTS-00093140438,1907,대한매일신보,Modern Korean,"Hanja, Old Hangeul",英校就緖,中和郡培英學校 設立有年에 學員이 日增하야 七十餘名에 達얏스니 財用未敷로 幾至廢撤터니 本郡守金然尙氏가 熱誠贊助으로 校況이 就緖하야 將進 期望이 恰有하다더라,https://www.nl.go.kr/newspaper/detail.do?content_id=CNTS-00093140438
news_archive:CNTS-00093146312,1907,대한매일신보,Modern Korean,"Hanja, Old Hangeul",本社廣告,○申報價一張代金 新貨二錢五錢一個月前納 三十錢三個月 九十錢六個月 一圜七十錢一個年 三圓四十錢郵稅一張 新貨五厘一個月 十三錢○廣告料四号活字十三字詰每日每英尺一寸에 新貨廿五錢(每日每行六젼에 相當홈)二週日에 二圓五十錢 每日每行四戔五里에 相當홈一箇月에 五圓(每日每行四錢一里에 相當)其期限의 長短과 字行의 多夥를 依야 增減이 有홈發行兼編輯人英國人 裴說發行所 南署石井洞號外地三層洋屋家 大韓每日申報社,https://www.nl.go.kr/newspaper/detail.do?content_id=CNTS-00093146312
news_archive:CNTS-00093142875,1907,대한매일신보,Modern Korean,"Hanja, Old Hangeul",三拾日着,●條約排棄의 有無晩香坡財政委員이 日加條約排棄의 決議를엿다 報에 就야 日本政府 木林川領事의게 事實의 有無 調査라고 紹介얏다더라,https://www.nl.go.kr/newspaper/detail.do?content_id=CNTS-00093142875
news_archive:CNTS-00093146386,1907,대한매일신보,Modern Korean,"Hanja, Old Hangeul",密陽居朴海徹과 同郡孫基馥이가,密陽居朴海徹과 同郡孫基馥이가 淸道栢谷金氏許推債時에 孫氏가 金債 擔當推捧 樣으로 박氏에게 成給 標紙를 朴盈德行槖에 置엿다가 寺洞旅舘에셔 日前見失엿오니 誰某拾得와도 休紙施行시요密陽金學權 告白,https://www.nl.go.kr/newspaper/detail.do?content_id=CNTS-00093146386
news_archive:CNTS-00093137642,1907,대한매일신보,Modern Korean,"Hanja, Old Hangeul",원산과 셩진 간에셔 본인이 살진 소(肥牛),원산과 셩진 간에셔 본인이 살진 소(肥牛) 만이 스니 쇼 파 졔군은 다수이 팔너 오시최봉쥰 고,https://www.nl.go.kr/newspaper/detail.do?content_id=CNTS-00093137642
news_archive:CNTS-00093141193,1907,대한매일신보,Modern Korean,"Hanja, Old Hangeul",金化虛驚,金化來人의 所傳을 據즉 咸鏡道에 派駐얏던 日兵이 江原道로 漸次越來 義兵은 峽中으로 入據고 日兵은 平濶處에 逗留야 互相抗拒中인 該地方居民은 自然不穩야 晝夜虛驚中이라더라,https://www.nl.go.kr/newspaper/detail.do?content_id=CNTS-00093141193
news_archive:CNTS-00093132893,1907,대한매일신보,Modern Korean,"Hanja, Old Hangeul",本人에 異腹孫前參奉宋舜鳳이가,本人에 異腹孫前參奉宋舜鳳이가 性本浮浪야 탕敗家産고 本人에 田庄沓十五石落과 田二十一日耕이 在於陰竹石橋村이온 舜鳳以僞造文券으로 欲爲放賣오니 無論內外國人고 勿爲見欺白失시山林洞金召史 告白,https://www.nl.go.kr/newspaper/detail.do?content_id=CNTS-00093132893
news_archive:CNTS-00093127214,1907,대한매일신보,Modern Korean,"Hanja, Old Hangeul",永슈拿囚,永春郡守鄭薰謨氏가 刑事上에 關係가 有야 平理院에 拿囚얏다더라,https://www.nl.go.kr/newspaper/detail.do?content_id=CNTS-00093127214
news_archive:CNTS-00093132586,1907,대한매일신보,Modern Korean,"Hanja, Old Hangeul",本人이 日本大阪商業家와 特約고,本人이 日本大阪商業家와 特約고 日本內地産出各種物品과 西洋各種物品及機械等物을 我大韓에 輸入과 委托을 便利케 契約얏오니 商工業에 有意신 僉君子 某物이든지 請求코져시거든 本社로 來議시오 本社에셔 手數料金만 領受홈興業社本店開城北部祥洞支店京城南門內水橋五十一統六號 培養會社仝仁港內동廣濟號,https://www.nl.go.kr/newspaper/detail.do?content_id=CNTS-00093132586
news_archive:CNTS-00093130249,1907,대한매일신보,Modern Korean,"Hanja, Old Hangeul",胡不早知,法部에셔 경務廳에 訓令되 正二品리容泰拘拿之由를 已經奏下얏스니 到卽리容泰를 拿致審査後報來이 可라얏다더라,https://www.nl.go.kr/newspaper/detail.do?content_id=CNTS-00093130249
news_archive:CNTS-00093130465,1907,대한매일신보,Modern Korean,"Hanja, Old Hangeul",敬啓者夫國而有憂則民有擔之고,敬啓者夫國而有憂則民有擔之고 民而有願則國有從之이라야 可爲上達下通야 國泰民安之大道이온바 今此國事를 凡我同胞가 盡忠竭力은 국憂民擔之義務이고 民之所願은 何也오 貪官이 尙爾襲謬고 明吏를 不能연選야 奸僞漸進고 賢能將退오니 비諸人之有病에 元氣를 欲補나 客病이 未除야 氣難和라 仰惟立賢無方며 坐朝間道은 今日政府젼考지職이오니 츄요之言도 可聽시면 竪동之誣도 박採시와 若衡之不偏焉시며 如鏡之無私焉소셔 往在계묘年十月에 平安北道願助錢一百六十萬兩各郡分排時에 督刷官价川郡守全孝舜氏觀察使閔衡植氏寧邊郡守尹寧求氏與監董堂上민泳喆氏로 이應外合야 名之曰願助錢十一例十六萬兩을 加排於各郡야 方在督捧而未畢에 觀察使上京고 其時川郡守죠졍允氏가 以觀察使署理로 入府야 十一例十六萬兩을 一並勿施之意로 發訓各郡야 使民息肩則或問지曰日後新使及監董堂上이 下來更責이면 何以當지요 조씨答曰旣已勿施發訓則不可失信於各郡이라 若有更責지擧면 吾自當納리라 果未幾에 新觀察白性긔씨 到任翌日에 發令각郡曰十一例十六萬兩을 何可勿施리오 准捧經用次로 訓辭截嚴者 此時監董堂上이 指囑新觀察지故也라 同年十月拾六日西京奉安時監董堂上南北道觀察郡守진紳儒鄕等大會中川수죠씨가 質判曰願助젼者 人民이 自願助役지錢也라 若役費不足이면 民皆當지여 所謂拾壹例名目은 何義也오 鄕錄전지拾三例도 謬例어 願助錢에 亦裕其例乎아 曾者觀察署理時革罷發訓이 파在각郡야 有耳目者皆聞知則署理지印章과 正任지印章則一般而印踪未乾야 更曰독捧則其於民間失信에 何요 在前有言曰後來監董堂上及新觀察更責此전이면 署理自當지意로 言出如金야 不可更變이라 同젼拾六萬兩을 吾請自當矣리니 然則川슈지自當名譽와 新觀察지勒捧損政이 果何如오 즉 面面相顧야 然相答타가 됴郡守의 寸舌公談이 其直女矢고 其銃似鋒 理不可敵야 畢경還寢니 傍聽지人과 파傅지民이 有口皆비요 二拾壹郡幾百萬家衆이 莫不被其澤而賴其生이오되 甲乙客兵지擾에 각自遽名遐居야 念不暇於졔聲稱揚矣러니 今伏聞각郡願助錢을 定査官調査고 官員治蹟善否를 自政府전考신다 기 北道各郡人民이 發文會同야 국催報償지義를 硏究布諭於各處며 良吏褒揚지事를 제訴於內部이거니와 조뎡윤씨가 峴任成川郡守而論其茂蹟則非但巨欵지大惠民間이라 南北道監理時到處付惠撫民曰寧可損上益下연뎡 不可損下益上이라 爲국經用에 彈竭補益지誠心이요 使民樂從에 영슈不忘지惠政이오니 如此賢良은 只任百里一處則遠外列郡人民이 更無均被其化이올다오 査照廳布시와 政府로 부쵹民情에 發訓査實시고 奏達 天聰에 特陞方伯시와 副此衆望오며 즙他貪오케 시를 敬要平안北道二拾一郡民等 박承윤 금규薰 금宣鎬 금翔周 濟源 리봉來 금文京 금慶善 금玉川 郭병박 문武완 全興烈 금壽益 리龍烈 리明규 윤致說 康得河 一權 리煖모 吳達信 유元규白,https://www.nl.go.kr/newspaper/detail.do?content_id=CNTS-00093130465
news_archive:CNTS-00093136635,1907,대한매일신보,Modern Korean,"Hanja, Old Hangeul",仍直理由,闕內闕外에 領尉以下卒入直을 每日替直대 本月十九日入直 將卒은 于금替直지못 替直아니 事由인則近日危險之時에 行軍이 不可쥴노 洞燭기고 仍直라셧다더라,https://www.nl.go.kr/newspaper/detail.do?content_id=CNTS-00093136635
news_archive:CNTS-00093132716,1907,대한매일신보,Modern Korean,"Hanja, Old Hangeul",三湖朴井洞居徐順根處에 陰四月初十日推次,三湖朴井洞居徐順根處에 陰四月初十日推次當坪一千兩於音一片과 同洞居朴公植處에 同日推次當坪四千兩於音一片을 泥峴等地에셔 셔失故로 玆廣告니 內外國人間誰某拾得야도 休紙로 施行시陰竹居金雲卿 告白,https://www.nl.go.kr/newspaper/detail.do?content_id=CNTS-00093132716
news_archive:CNTS-00093136933,1907,대한매일신보,Modern Korean,"Hanja, Old Hangeul",排日傳檄,廿七日春川來電을 據則京城居某씨가 郡의 來到야 徒黨拾餘◈◈◈야 郡最上面의◈ 排日檄문을 傳布야 民心을 激起다더라,https://www.nl.go.kr/newspaper/detail.do?content_id=CNTS-00093136933
news_archive:CNTS-00093135494,1907,대한매일신보,Modern Korean,"Hanja, Old Hangeul",開戮預告問題,海牙電을 據즉 法國에셔 戰鬪開始時에 一定 時間前에 通告을 要다 다 議案을 平和會議에 提出하얏대 委員長(白耳義)委員은 此事伴이 重大 問題인 故로 爲先私人의 資格으로 各其意見을 交換이 可 意로 宣言야 此宣言대로 決定고 瑞西和蘭等諸國은 贊成 意로 演說고 俄國委員은 法國이 此議案을 提出 事에 對야 感謝 意로 演說얏이고 其他諸强國은 一切沈默얏스나 此外德國 伊國 丁抹 日本 等諸國은 此議案에 反對 貌樣이 有더라,https://www.nl.go.kr/newspaper/detail.do?content_id=CNTS-00093135494
news_archive:CNTS-00093128979,1907,대한매일신보,Modern Korean,"Hanja, Old Hangeul",內大抗言,日人某氏가 內大리址鎔氏를 請對허여 曰貴국人民이 稱以국쵀報償허고 人心을 煽動즉 事係治安妨害허니 各地方에 卽爲發訓禁止허라 內大가 抗言曰至於국쵀事야 全國人民이 各自憤發야 義金을 募集즉 人心이 卽天心이니 有誰禁止며 且以吾로 言지라도 年前協約에 世稱賣國賊니 至於此事야 雖死라도 弗可發訓이라얏다더라,https://www.nl.go.kr/newspaper/detail.do?content_id=CNTS-00093128979
news_archive:CNTS-00093139201,1907,대한매일신보,Modern Korean,"Hanja, Old Hangeul",楊倅被捉,三昨日에 楊州郡守洪泰潤氏 무삼 事端이 有던지 警視廳에 被捉이 되얏대 該氏家에 一切書類를 一一搜索而去얏다더라,https://www.nl.go.kr/newspaper/detail.do?content_id=CNTS-00093139201
news_archive:CNTS-00093139943,1907,대한매일신보,Modern Korean,"Hanja, Old Hangeul",增修無寃錄大全,壹秩壹百七十貳頁 定價金新貨七拾五錢此增修無寃錄大全은 法律家의 最緊要 書籍이온 年來現本이 殆히 絶種에 至지라 故로 法部에 認可를 得고 此를 新刊얏삽대 國漢文으로 解釋야 模糊 句節이 無오니 法律學에 有志신니와 字牧之任에 居신니 不得不覽 冊이오니 注意購覽시中署布屛下廣學書舖 김相萬 發售所,https://www.nl.go.kr/newspaper/detail.do?content_id=CNTS-00093139943
news_archive:CNTS-00093144621,1907,대한매일신보,Modern Korean,"Hanja, Old Hangeul",地方消息,▲平安道義兵은 黃海道義將朴基爕과 聯絡하고 黃海道義兵은 長湍義將金秀敏과 相連고 金秀敏은 鐵原義將前參尉金奎植과 連通하고 金奎植은 積城麻田義將許위와 相通고 許위 砥平加平等地에 李麟榮과 通涉고 李麟榮은 堤川嶺東等地李康年과 原州等地로 閔肯鎬連接되야 互相擬議通謀다 고▲全羅北道茂朱方面은 目下에 不穩이 義兵이 三三五五히 地方에 徘徊다 고▲十一月二十二日安城郡에 義兵을 募集 檄文을 處處에 揭付야 民心을 擾動다 고▲咸鏡南道北靑郡約十里城門內里分遣所에 二十三日北靑地方으로 來着 郵便物이 到着지 아니으로 同夜에 同地守備隊에셔 斥候隊를 派遣얏 厚岑嶺上에 土人五十名이 集合야 斥侯隊를 抵抗으로 斥侯도 亦應射擊얏대 義兵은 潰散고 同二拾五日拾二時四十分에 厚岑領上에셔 日本宮部中隊와 義兵三百名과 交戰數時間에 日兵負傷者五名이라더라,https://www.nl.go.kr/newspaper/detail.do?content_id=CNTS-00093144621
news_archive:CNTS-00093134175,1907,대한매일신보,Modern Korean,"Hanja, Old Hangeul",非男伊女,去月二十六日英陽郡分派所巡檢李斗鍊이가 行巡지際에 見二童子에 行色이 殊常고 挽執嚴査則壹名은 果是女子而男女가 同爲逃走故로 問其居住則安東郡東山리有夫女라 更査次로 同男女를 該郡獄에 拘留얏다더라,https://www.nl.go.kr/newspaper/detail.do?content_id=CNTS-00093134175
news_archive:CNTS-00093146321,1907,대한매일신보,Modern Korean,"Hanja, Old Hangeul",博覽會出品費,紐育電을 據則 華盛頓府通信에 日加外撰出議員 칼氏及세이쓰氏 去十八日本大博覽會에 出品기 爲야 二拾五萬弗를 支出 事件으로 意見을 除逋엿다더라,https://www.nl.go.kr/newspaper/detail.do?content_id=CNTS-00093146321
news_archive:CNTS-00093132434,1907,대한매일신보,Modern Korean,"Hanja, Old Hangeul",運動盛況,廣信商業學校에셔 經費 廣信社員이 負擔責任데 該社員中리厚卿朴景三兩人니 反對기로 該社에 永黜고 該員니 切勿去來다더라,https://www.nl.go.kr/newspaper/detail.do?content_id=CNTS-00093132434
news_archive:CNTS-00093136116,1907,대한매일신보,Modern Korean,"Hanja, Old Hangeul",郭山私立興襄中學校寄書,大凡識時務 無如人傑이라 閔輔國泳徽氏가 十餘前에 西按時에 注義興學에 自捐巨數金額야 道內州郡에 刱設鄕約契고 大張興學에 儒風이 一振이러니 昨年에 本郡有志士人金昌壽氏가 敎育上에 熱心야 特捐新貨二百圓고 申경載氏 五十圓을 出捐며 其餘諸氏도 隨力義捐한 金額이 一千四百餘圓에 達지라 刱立學校이오되 每緣財力之不贍야 惟恐半途而廢러니 何幸閔輔國이 本郡所以約契沓九斗落과 錢四百兩을 移付本校여 僅僅支過이더니 本郡守李啓奭氏가 莅任以後에 敎育熱心으로 本郡鄕廳柴油沓八拾四斗落과 官屯沓五十斗落고 官屯田十日耕을 盡付學校며 勸告一邑士民야 組織學會에 會員이 一百二十餘人에 達지라 每朔에 각出月捐金二拾錢하야 以輔校費에 漸賴種持中閔輔國이 今者에 下送名啣며 多般贊成시니 任員與學徒가 因此皷奐야 尤加激勵하니 閔輔國은 不啻望重大臣이라 可謂識時人傑이라고 一郡士民이 成戴其恩야 如是仰布校監李國順 事務金相우 事務吳仁찬,https://www.nl.go.kr/newspaper/detail.do?content_id=CNTS-00093136116
news_archive:CNTS-00093145953,1907,대한매일신보,Modern Korean,"Hanja, Old Hangeul",仁港猛火,再昨日下午七時二十分에 仁川港韓淸洋行에셔 失火야 其全部가 火色이러니 忽然寒風이 大吹야 附近日人銃砲商店에 移火야 火藥及彈丸이 暴發야 二十餘戶가 燒火얏다더라,https://www.nl.go.kr/newspaper/detail.do?content_id=CNTS-00093145953
news_archive:CNTS-00093139111,1907,대한매일신보,Modern Korean,"Hanja, Old Hangeul",墾嶋所聞,內部書記官三員과 巡檢七人이 北墾嶋視察次로 發行은 각新聞에 揭載 바어니와 更聞즉 追後로 日兵이 該地로 派駐가 된다더라,https://www.nl.go.kr/newspaper/detail.do?content_id=CNTS-00093139111
news_archive:CNTS-00093128432,1907,대한매일신보,Modern Korean,"Hanja, Old Hangeul",海東義捐,東署蓮花坊壺동私立海東新塾에셔 昨年冬期試驗을 經얏 甲班優等生에 한병敎리應洙白俊基三氏요 及第 全興龍扈榮壽鄭在均金保永諸氏을 乙班優等生에 박久祚高永斌金舜集三氏요 及第에 金學淵安世鉉한丙셥리点用한一成諸씨인 塾長閔濬호씨가 多數 書冊紙筆等으로 施賞고 日本留學生二拾一人의 斷指同盟 事를 擧야 勸勉演說 後에 又日本人名譽敎師藪內長五郞씨及贊成員諸씨로 勸勉的으로 演說고 日本留學生二拾一人斷指事에 對야 自塾으로 收金捐助기를 提議 閔濬호씨가 紙貨五圓出捐얏다더라,https://www.nl.go.kr/newspaper/detail.do?content_id=CNTS-00093128432
news_archive:CNTS-00093134248,1907,대한매일신보,Modern Korean,"Hanja, Old Hangeul",송氏愛族,송台觀氏 入仕가 不過幾朔에 身을 侍從副卿고 又況敦睦지誼로 송振玉氏을 爲야 秘書丞을 運動야 一言口奏에 리愚明지秘書丞을 改遞고 송振玉氏를 敍任矣러니 適其時에 宮大가 反對야 奏本을 還收더니 畢竟은 리愚明씨가 落榜되고 송振玉氏의 秘書丞은 結果가된다더라,https://www.nl.go.kr/newspaper/detail.do?content_id=CNTS-00093134248
news_archive:CNTS-00093138884,1907,대한매일신보,Modern Korean,"Hanja, Old Hangeul",鐵道修費,二十九日發各地銕道는 洪水에 被害가 六百餘里에 達얏 其復舊費 九十萬圜以上이라더라,https://www.nl.go.kr/newspaper/detail.do?content_id=CNTS-00093138884
news_archive:CNTS-00093138247,1907,대한매일신보,Modern Korean,"Hanja, Old Hangeul",不奪不厭,公州來人傳說를 聞則 남浦前郡守徐相熹氏가 乙巳條結錢을 該郡任時에 該郡郡主事장錫와 首書記최창均을 換給 時에 每百頭五兩式頭錢을 定고 出給엿다가 謂以過限未淸이라 야 更以甲頭錢拾兩式 달나 고 虛張文目고  自己의 還給錢이 장兩人의게 二萬餘金인 此條은 追後報給이라 하고 以代言人金東洙로 誣訴公州府야 發訓押上 後 金東洙 仍爲逃避上경고 張崔兩人은 無罪이 二拾餘日滯囚바 因此蕩産 故로 訴狀을 欲呈여도 不得다더라,https://www.nl.go.kr/newspaper/detail.do?content_id=CNTS-00093138247
news_archive:CNTS-00093129179,1907,대한매일신보,Modern Korean,"Hanja, Old Hangeul",僧尼出義,終南山미陀寺女僧翠海寺等四十人이 義金을 各出야 合八圓을 期成會에 持來얏 其中致海란 僧은 自己隱師봉적의 亡靈을 爲야 一圓을 特出얏다더라,https://www.nl.go.kr/newspaper/detail.do?content_id=CNTS-00093129179
news_archive:CNTS-00093138213,1907,대한매일신보,Modern Korean,"Hanja, Old Hangeul",書燈新凉,▲晩炎이 益熾하야 病于夏天더니 梧桐一葉에 天下가 報秋니 當此時局야 凉風을 誰揚야 酷吏暴炎을 一時에 掃盡야 淸凉世界을 復覩지▲近日內閣에셔 七賊大臣이 連腸接肚야 許多問題가 日日釀出더니 削髮問題가 又出니 現今地方에 烟廛이 不絶야 生靈이 塗炭되 安撫之策은 無聞고 斷髮一欵이 第一急先務가 될지▲日本人으로 各府部◈◈◈◈命 이와 警視総監에게 特別이 從二品加資를 下다 니 日人이 韓國官職을 圖得은 月銀만 貪  아니라 加資지 圖取니 日人에 榮光은 尤極大端고▲西署燕巢亭基地에 日本人木抹을 揷立 故로 西署에셔 巡檢을 派遣야 査實엿다니 日人이 韓國土地을 視作自家物야 到處에 揷標占奪니 不過幾日에 田地을 奪盡無餘이로다▲學部大臣리載崑氏의 拾二歲된 令윤과 輔國閔泳韶氏의 拾三歲된 令孃를 再昨日에 不卜日로 成禮엿다니 早婚切禁을 學大가 內閣에셔 同是協議고 早婚을 先行니 法之不行은 自上犯之로고▲農商大臣宋秉畯씨가 本月七日에 大韓移民株式會社발起 日人복島宜三等九人에 對야 秘露國南部地方에 渡船 移民取扱營業을 許可얏다 니 同씨도 亦一韓國人物으로 移民를 認許얏스니 韓國人民을 掃盡無餘하얏스면 於心에 快지▲日人이 大韓海面에 漁業를 占奪無餘더니 近日에  國獵山砲를 一切革罷다 니 獵鹿權限도 日人이 畢竟占奪 거시니 韓國山海之利도 盡歸於日이로고▲一進會副會長兪鶴쥬氏 平理院判事를 圖任더니 法部에 辭職請願대 指頭에 印朱를 塗야 姓名下의 捺얏스니 同씨 姓名章이 豈無리요 該請願은 外面粧飾이지酒類와 烟草稅 磨鍊 次로 內閣에셔 統監部에 交涉야 目下調査中이라 從此以往으로 無物不稅하리로다,https://www.nl.go.kr/newspaper/detail.do?content_id=CNTS-00093138213
news_archive:CNTS-00093131725,1907,대한매일신보,Modern Korean,"Hanja, Old Hangeul",無非挾雜,平壤通信를 據즉 警部가 日本居留地民團所長과 同謀야 平壤城內一般公有地에 標木을 植立으로 民會에셔 其理由를 質間즉 警部가 稱以淸潔費의 如干未捧이 有 故로 土地를 占領코 이라 다니 日人이 自稱先進국이라 면셔 如此 無法律無經緯 行爲를 行은 決코 伊藤侯의 本意가 아니라 야 不日間에 標木을 不拔면 統監府에 裁判 次로 人民總代幾人이 上來다니 地方觀察郡守 何事를 行지 議論이 비騰다더라,https://www.nl.go.kr/newspaper/detail.do?content_id=CNTS-00093131725
news_archive:CNTS-00093137571,1907,대한매일신보,Modern Korean,"Hanja, Old Hangeul",韓美關係,昨日漢城에 到達 日本타임스新聞을 接讀컨대 東京아사이報紙에 揭報 美國來電을 關係야 論述이 有바 其特電은 海牙에 着얏던 韓國使節이 美國에 到達된 것과 大統領루스벨트氏가 此使節 私式으로 接見야 聞其所言기로 許諾 거슬 通知 거시라 日本타임스新聞은 此電信을 指稱되 無稽無理야 不足信也라 엿스나 吾人意見에 此電信이 有理且確이로다 合衆國大統頷은 何如人을 勿論고 其信任書가 合宜 者 接見기에 門을 開나니 韓國使節의 代表가 合宜 죨노 量度진 大統領의 私式上接견이 固其理勢로다타임스報 此電信不合理不足信으로 商量나 本記者 對此同意키 不能하니 東京아이報舘의 通信員이 其或誤探인지 不知로대 其所報事項은 非不其然之勢요 非不外交之策이라 公化國에 一大統領은 君王國法式에 無關야 豁達大度인 容許 可期니 由是로 今此接見之說은 確有理勢로다吾人의 眞實希望로 果至接見이면 此 韓國後來安樂에 其或多有關係지라 他列强이 今番新條約을 承認고로 美國이 韓國事 現今에 干涉키 不能 터이 自國의 鄰邦된 日本을 關係 意思에 今此接見이 効力을 可致로다 此不幸 韓國使節이 諸般妄罵之辱을 不拘고 愛顧를 得 說이 多니 此 確固 忠愛로 辨明이 自著야 明確히 立 라 他人과 不同 如此特異之人의게 詬辱을 加기 其乃容易나 然이나 如彼罵詈는 不足論辨이오 不足敬重이로다 暫待數日이면 日本타임스新報의 推度이 正確지 其或誤失인지 自至證明려니와 本記者 韓人을 常愛 思想으로 執筆 故로 同報의 推測意思가 誤失에 歸기 眞實히 希望하노라,https://www.nl.go.kr/newspaper/detail.do?content_id=CNTS-00093137571
news_archive:CNTS-00093139262,1907,대한매일신보,Modern Korean,"Hanja, Old Hangeul",書類還推,日昨桂동李容圭氏家에 日憲兵이 來到야 托有審査고 一般書類를 沒數搜去더니 其翌日에 李容圭氏家로 通奇되 別無審査하니 書類를 還爲推去라얏다더라,https://www.nl.go.kr/newspaper/detail.do?content_id=CNTS-00093139262
news_archive:CNTS-00093139818,1907,대한매일신보,Modern Korean,"Hanja, Old Hangeul",兒童詬罵,忠南觀察使粱在翼氏 大皇帝陛下卽位日에 慶祝을 擧行後에 演說다가 使酒失措얏던지 兒童輩에게 詬罵을 當하얏다 說이 有더라,https://www.nl.go.kr/newspaper/detail.do?content_id=CNTS-00093139818
news_archive:CNTS-00093127600,1907,대한매일신보,Modern Korean,"Hanja, Old Hangeul",調査日民,華盛頓電에 曰美國北部移民의 報告을 據즉 이라메다號及고레號를 搭허고 美國에 到着 日本人은 勞働契約으로써 日本移民會社에셔 輸入된 者라얏 駐美日本大使가 目下調査中이라더라,https://www.nl.go.kr/newspaper/detail.do?content_id=CNTS-00093127600
news_archive:CNTS-00093133767,1907,대한매일신보,Modern Korean,Hangeul,졈등갑졍광고,금번에졍부졍도졍이되얏스본졈에셔동의를표기위야한달의신화육십젼든거슬이번에영구히십전을밧겟오니됴량셔육속히쳥구야켜심을바라광진경셩지졈,https://www.nl.go.kr/newspaper/detail.do?content_id=CNTS-00093133767
news_archive:CNTS-00093134025,1907,대한매일신보,Modern Korean,"Hanja, Old Hangeul",勸告法部,內部協辦兪星濬氏가 洪州郡分署總巡崔建鎬가 無罪히 公州警務署에 被囚얏스니 發訓放釋거시 妥當다고 法部에 躬徃勸告얏더라,https://www.nl.go.kr/newspaper/detail.do?content_id=CNTS-00093134025
news_archive:CNTS-00093129171,1907,대한매일신보,Modern Korean,"Hanja, Old Hangeul",本社廣告,國債報償金을 本社로 持來이가 逐日沓至오나 本社에셔 如此重大지事에 對야 善後之策을 確實講定기 前에 領受키 難기로 姑不收捧오니 僉君子 照亮시大한每日新報社告白,https://www.nl.go.kr/newspaper/detail.do?content_id=CNTS-00093129171
news_archive:CNTS-00093816455,1907,황성신문,Modern Korean,"Hanja, Old Hangeul",接語免官,●接語免官公州郡守 金甲淳氏 刑事被告人을 中路에셔 接語 거슨 其責이 不無니 免官라고 該道觀察使 梁在翼氏가 內部에 報告얏더라,https://www.nl.go.kr/newspaper/detail.do?content_id=CNTS-00093816455
news_archive:CNTS-00093815860,1907,황성신문,Modern Korean,"Hanja, Old Hangeul",不穩郡先任,●不穩郡先任再昨日 內部에셔 現闕郡守 三十餘窠 修定야 內閣에 請議얏다 爲先不穩地方만 敍任赴官케 다더라,https://www.nl.go.kr/newspaper/detail.do?content_id=CNTS-00093815860
news_archive:CNTS-00093812130,1907,황성신문,Modern Korean,"Hanja, Old Hangeul",江西의 匪亂,●江西의 匪亂同電을 據 則 九月二十八日에 黃衣를 着 拳匪의 魁首가 數百名을 領率고 江西省贛州府를 襲擊 故로 副將 南將軍이 擊退고 更히 南昌府에셔 授軍이 派送되얏더라,https://www.nl.go.kr/newspaper/detail.do?content_id=CNTS-00093812130
news_archive:CNTS-00093811220,1907,황성신문,Modern Korean,"Hanja, Old Hangeul",財長通牒,●財長通牒度支部財政監査長 目賀田氏가 各府部로 通牒되 僱聘 外國人員의 官職等級과 年齡及履歷를 依淮式㨾야 本月二十日內로 調査錄交라 얏다더라,https://www.nl.go.kr/newspaper/detail.do?content_id=CNTS-00093811220
news_archive:CNTS-00093808111,1907,황성신문,Modern Korean,"Hanja, Old Hangeul",大韓新地誌,"大韓新地誌一帙 二冊 三百六十頁 定價金 壹圜右新地志 疆域沿革, 山川形勝, 天候地質, 風土物産, 政治謠俗, 以至名勝古跡道里遠近, 田稅戶口 等을 蒐採精密야 完全 地理書오 敎科예 便宜오니 僉君子 左開書舖로 陸續 來購시但 地圖 銅版工役이 未畢오니 購去신 處마다 追後 寄送 터이니 照亮홈發賣所 布屛下金相萬書舖 洞口越邊朱翰榮書舘大廣橋高裕相書舖 鍾路大東書市寺洞漢陽書舘 典洞四十四統五戶洪祐祿廛",https://www.nl.go.kr/newspaper/detail.do?content_id=CNTS-00093808111
news_archive:CNTS-00093801258,1907,황성신문,Modern Korean,"Hanja, Old Hangeul",緣何暗渡,●緣何暗渡近日 巷說을 聞 則 有何事件인지 某某七人이 再昨日上午七時에 京釜鉄道一番列車를 搭乘고 暗行으로 日本國에 渡去얏다더라,https://www.nl.go.kr/newspaper/detail.do?content_id=CNTS-00093801258
news_archive:CNTS-00093799703,1907,황성신문,Modern Korean,"Hanja, Old Hangeul",卒業需用,●卒業需用光成學校第三回卒業生中에 洪鍾國 姜在衡 兩氏 技手로 敍任얏더라,https://www.nl.go.kr/newspaper/detail.do?content_id=CNTS-00093799703
news_archive:CNTS-00093797162,1907,황성신문,Modern Korean,"Hanja, Old Hangeul",警使代辦,●警使代辦警務使署理 金思默氏가 辭職上疏얏 警察課長 李憲珪氏가 再昨日붓터 代辦視務다더라,https://www.nl.go.kr/newspaper/detail.do?content_id=CNTS-00093797162
news_archive:CNTS-00093803625,1907,황성신문,Modern Korean,"Hanja, Old Hangeul",日俄談辦의 經過,"●日俄談辦의 經過彼得堡電을 據 則 俄國노보브렘야 新聞이 本月五日에 日俄漁業條約에 調印됨을 報지라 然이나 日本大阪每日新聞의 通信員이 聞 바를 據 則 本月五日에 預備議定書에 調印호 此 兩國全權委員이 調印이 아니오 但 兩國委員만 調印 이오 又日俄鉄道, 航海聯絡과 漁業條約 等의 報定은 來六月頃에야 成立된다더라",https://www.nl.go.kr/newspaper/detail.do?content_id=CNTS-00093803625
news_archive:CNTS-00093802327,1907,황성신문,Modern Korean,"Hanja, Hangeul",春察遞任,●春察遞任江原道觀察使 權益相氏가 昨日에 疏遞되얏더라,https://www.nl.go.kr/newspaper/detail.do?content_id=CNTS-00093802327
news_archive:CNTS-00093810394,1907,황성신문,Hanmun,Hanja,宮廷錄事,官報○宮廷錄事陰曆丁未七月二十五日上御重明殿宮內府大臣內閣大臣丞史承候入侍時秘書監卿金宗漢秘書監丞金天洙李恒九洪性友祕書監郞李忠稙宮內府大臣 李允用內大臣閔丙奭內閣総理大臣 李完用內部大臣任善準度支大臣高永喜軍部大臣 李秉武學部大臣 李載崑法部大臣趙重應農商工部大臣宋秉畯以次侍立訖上曰大臣進前完用進前奏曰令日萬壽聖節臣民不勝慶祝之忱矣上曰尤爲慶祝仍敎曰朕以東宮儀節今當說諭矣盖國無二尊故東宮儀節所當十分稱停而我朝壬辰以前臣僚之於儲君皆稱小人矣光海分朝始稱臣因循至今而今新冊儲君敎導之方政急二尊之嫌不可不分別廷紳之禮遇不可不致敬矣援國朝故例臣僚之於東宮欲廢稱臣一事卿等之意何如完用曰越在仁祖朝孝宗朝屢以此事雖有筵臣之建白詢議迄未歸正矣陛下在震邸之時凡百儀節一層加隆今已成例矣上曰然矣朕甞在儲位每以儀節之過隆怵惕不安矣今欲一新釐正矣完用曰聖意所在敎導東宮欲使每事出乎中正臣等不勝欽仰萬萬上曰舊例二品以上陞殿再拜東宮答禮此亦復舊可也完用曰聖意若此爲敎臣等只當將順而已上曰從今以往大小臣僚其於儲君上書及言辭皆稱小人凡入對時勅任官以上陞殿敬禮東宮則點頭答禮或握手示欵著爲定式焉完用曰今日筵說頒示于官報恐好矣上曰可矣上命大臣先退仍命退丞史諸臣以次退出,https://www.nl.go.kr/newspaper/detail.do?content_id=CNTS-00093810394
news_archive:CNTS-00093805905,1907,황성신문,Modern Korean,"Hanja, Old Hangeul",俄國外相의 宣言,●俄國外相의 宣言同電을 據 則 俄國外部大臣이 會議에셔 宣言호 俄國이 極東及日本에 領事舘을 多數히 設置이 必要하니 此 俄國이 政畧上에 不可不 日本과 接近 事라 하얏더라,https://www.nl.go.kr/newspaper/detail.do?content_id=CNTS-00093805905
news_archive:CNTS-00093811618,1907,황성신문,Modern Korean,"Hanja, Old Hangeul",本部에셔 發行 右記와 如 出給命令書를,○廣告出給命令書番號 發行年月日 金額 領收人 支拂金庫 七六三 九月十八日 八五〇〇〇 河野通亮 中央金庫 七六四 一九〇〇〇〇 曾根長 七六五 二三五〇〇〇 吉田外喜太郞 七六六 一二〇〇〇〇 水谷鈴次郞 本部에셔 發行 右記와 如 出給命令書를 本月二十一日午后二時頃에 卜車橋 等地에셔 紛失온 바 無論內外國人고 誰某拾得시든지 休紙施行기 玆에 廣告홈隆煕元年九月二十三日 度支部會計課,https://www.nl.go.kr/newspaper/detail.do?content_id=CNTS-00093811618
news_archive:CNTS-00093811707,1907,황성신문,Modern Korean,"Hanja, Old Hangeul",淸國陸軍의 擴張,"●淸國陸軍의 擴張同電을 據 則 陸軍部尙書 鉄良氏가 强國의 基礎 陸軍에 在다 야 全國에 三十六箇鎭(三十六箇師團)을 編制排備호 近畿四鎭外에 直隷, 湖北, 甘肅, 廣東, 雲南, 江蘇에 各二鎭을 置고 四川은 西藏을 兼轄야 特히 三鎭을 置고 然河, 山東, 山西, 河南, 湖南, 江西, 江北, 陝西, 安徽, 浙江, 福建, 廣西, 貴州, 東三省, 新彊에 各一鎭을 置고 各總督 巡撫로 야금 五箇年內에 完成케 호 萬若 期限前에 編成면 褒奬고 期限後에도 完成치 못면 懲戒 意로 上奏야 裁可를 蒙 故로 陸軍部에셔 各省에 通牒얏다더라",https://www.nl.go.kr/newspaper/detail.do?content_id=CNTS-00093811707
news_archive:CNTS-00093812614,1907,황성신문,Modern Korean,"Hanja, Old Hangeul",驛屯稅総察,●驛屯稅総察驛屯上가 度支部에 付屬얏다 은 前報에 揭載얏거니와 收租官은 度支部에셔 十三道에 依舊差出다 該土稅納은 日本人이 總察다더라,https://www.nl.go.kr/newspaper/detail.do?content_id=CNTS-00093812614
news_archive:CNTS-00093814670,1907,황성신문,Modern Korean,"Hanja, Old Hangeul",未決處辦,●未決處辦法部大臣 趙重應氏 昨日에 大赦 詔勅이 下심을 因緣야 再昨日下午五時에 該部에 仕進야 該部刑事局長 金洛憲氏와 平理院補佐官과 書記郞 二人으로 未決罪囚 五六人을 處判宣告고 仝 十時에 仕退얏다더라,https://www.nl.go.kr/newspaper/detail.do?content_id=CNTS-00093814670
news_archive:CNTS-00093804883,1907,황성신문,Modern Korean,"Hanja, Old Hangeul",荷鍤者誰,●荷鍤者誰去月十五日에 義州郡威遠面四上洞 居 金元吉氏가 鉄道線內에 醉臥라가 滊車過去야 兩脛이 斷絶얏다더라,https://www.nl.go.kr/newspaper/detail.do?content_id=CNTS-00093804883
news_archive:CNTS-00093801992,1907,황성신문,Modern Korean,"Hanja, Old Hangeul",新聞遲滯及漏落,●新聞遲滯及漏落白川郡 金成鎬氏가 本社에 寄函얏 至於 今年야 新聞傳致가 比前尤踈야 十餘日 或 二十餘日式 愆滯다가 及其配達야 漏号가 太半이라 얏시니 郵便局事務員들은 何不詳細注意야 遞信致踈가 此境에 至지,https://www.nl.go.kr/newspaper/detail.do?content_id=CNTS-00093801992
news_archive:CNTS-00093807025,1907,황성신문,Hanmun,Hanja,皇城新聞 新進部,廣告皇城新聞 新進部金丙煥氏 南平郡鄭性煥氏 巡洞李昌鎬氏 宗廟後井洞,https://www.nl.go.kr/newspaper/detail.do?content_id=CNTS-00093807025
news_archive:CNTS-00093813600,1907,황성신문,Modern Korean,"Hanja, Old Hangeul",來十一月一日부터 翌年四月卅日지 營業時間을 左開와 如히 改定,●廣告來十一月一日부터 翌年四月卅日지 營業時間을 左開와 如히 改定午前九時半부터 午後三時半지但 土曜日은 午後零時半지 (以上京城時間)隆煕元年十月株式會社漢城銀行株式會社漢湖農工銀行株式會社韓一銀行株式會社大韓天一銀行,https://www.nl.go.kr/newspaper/detail.do?content_id=CNTS-00093813600
news_archive:CNTS-00093812736,1907,황성신문,Modern Korean,"Hanja, Old Hangeul",韓日兩國의 交誼親密,論說韓日兩國의 交誼親密◎我韓과 日本은 一衣帶水를 隔야 從來로 關係가 密接지라 新羅와 百濟와 日本의 史를 溯考건 新羅의 王太子와 百濟의 王太子가 日本에 游歷 舊蹟이 頗有지라 然 日本에셔 太子가 來遊은 未聞니 是 史乘에 闕文인지 未知거니와今에 韓日兩國의 交誼가 愈益親密으로 日本皇太子殿下셔 我韓에 游歷 我大皇帝陛下셔와 皇太子殿下셔 特別欵接실 次로 仁川港지 動駕시고 一般 商民及妓樂 等도 奉迎의 節次를 擧行니 此 實로 無前刱有 盛禮라 兩國의 人士덜니 觀瞻聳動도다曩日에 日本皇太子殿下가 渡來다  此에 對야 人民間에 或 種種 疑訝가 不無되 吾軰 決코 是를 閭巷風說에 付노니大抵 歐美各國에셔 其皇帝 或 皇太子가 其同等鄰國에 遊覽 傳例가 頗多거니와 我國에 近來 此事가 刱有으로 或 風說을 造 者ᅵ 有 從此로 我國皇太子殿下셔도 將次 日本에 游覽실 時期도 不無니 此 非但 鄰國의 山川景槪와 風土物情을 視察  아니라 兩國의 交誼가 愈愈 親睦야 密接 關係를 表示이오 毫髮도 何等意를 包含 바 아니라 故로 吾軰 今番 日本皇太子殿下의 渡韓에 就야 國交의 情誼가 比前보다 愈益親密 줄로 信노라,https://www.nl.go.kr/newspaper/detail.do?content_id=CNTS-00093812736
news_archive:CNTS-00093801338,1907,황성신문,Modern Korean,"Hanja, Old Hangeul",借械完工,●借械完工水原郡 居 李範昌氏가 本郡雨井面海邊에 堰防海水고 開墾耕食지가 十餘年인 海潮往來에 堤土潰散야 人力으로 修補極難으도 輕便鉄道百五十步와 載土車輪 四座와 掘土鉄鍾 十個와 附屬諸具를 農商工部에 請求얏 發農興工을 爲야 特爲認準고 每月貰金 二十圜을 上納되 或 破傷 境遇에 相當 賠償金을 徵出다 얏더다,https://www.nl.go.kr/newspaper/detail.do?content_id=CNTS-00093801338
news_archive:CNTS-00093807214,1907,황성신문,Modern Korean,"Hanja, Old Hangeul",志士寄函,●志士寄函敬啓者 生等이 洋海幾萬里을 渡來온 後 本國之情形을 無路可通이온 每因貴社新聞의 無滯發刊야 雖遐鄕村谷之事라도 猶可勝於耳聞目睹오니 一以賀貴社誠意고 一以喜國民之精神이 因此進就于文明이기 在此幾個韓人이 微誠을 表코져 야 日貨 七圜을 仰呈오니 勿以小爲誚시고 只以情誼哂領시믈 切望 切望 還不勝愧歎之極이오나 古云 在誼요 不在多라 하얏사오니 惠諒荐望 荐望北米紐育共濟舘 徐弼淳 等 白,https://www.nl.go.kr/newspaper/detail.do?content_id=CNTS-00093807214
news_archive:CNTS-00093805494,1907,황성신문,Modern Korean,"Hanja, Old Hangeul",人格이 急於學問,論說人格이 急於學問個人이 無個人之資格면 其人이 不能立於人羣之內고 國家가 無國家之資格면 其國이 不能峙於世界之中니國家가 不可以無法律이며 不可以無武備로 其所以爲國者 盖有在於法律武備之外고 個人이 不可以無知識이며 不可以無職業이로 其所以爲人者 盖有在於知識職業之外니卽所謂 國之資格과 人之資格이 是也라雖然이나 一國家를 分之則 爲幾千萬個人이오 幾千萬個人을 合之則 爲一國家니 一個人이 墮其資格고 二個人이 墮其資格야 以至幾千萬個人이 幷墮其資格이면 雖欲進國家之資格이나 將誰其進之며 一個人이 進其資格고 二個人이 進其資格야 以至幾千萬個人이 幷進其資格면 雖欲墮國家之資格이나 將誰其墮之리오現今 我國之爲國이 盖凜凜乎 一綫矣나 苟欲拯出此國於地獄之中인 亦惟我國 二千萬人이 各進其人格而已라故로 國家之資格은 且勿論고 請論個人之人格호리니盖物品이 加一分之美면 價値도 隨之以加一分고 人格이 進一級之高면 事業도 隨之以進一級이라 故로 能安其一家者 必其人格이 高於一家者也오 能式其一鄕者 必其人格이 高於一鄕者也오 能革新其一國者 必其人格이 高於一國者也니嗚乎라 今日 我國二千萬人中에 其能具有人格者ᅵ 幾人고可以爲一家人之人格도 固或有之오 可以爲一鄕人之人格도 亦或有之어니와 其可能爲一國人之人格者有乎아 無乎아無乎아 有乎아風潮所激과 譏侮所集에 全國之長夜頑夢이 駸駸若覺야 曰 何以保國고 며 曰 何以保種고 거날彼應之者ᅵ 曰 學問而已라 有學問則强며 無學問則弱고 有學問則興며 無學問則亡이라 니噫라 學問이 固爲人之急務로 其尤有更急於學問者니 其知之乎아吾固勸爾以博通物名이나 爾但 博通物名而已 人之趍爾를 終不如莊嚴美麗之博物舘也며 吾固祝爾以廣覽書籍이나 爾但 廣覽書籍而已 人之愛爾를 終不如精備完全之敎科書也오 爾固不可以不讀萬國歷史나 讀歷史而已 是爾一片腔腸이 不過一藏書匣也며 爾固不可以不學外國言語나 學言語而已 是爾一個喉舌이 不過一蓄音器也니其可以此로 爲倍根 笛卡兒乎며其可以此로 爲華盛頓 拿破倫乎아有幾千百處博物舘며 有幾千萬卷敎科書라도 無立國之精神면 不可以爲國이니 知此면 可以知爲國矣오 知此면 可以知爲人矣로다是故로 英人이 甞自誇曰 他國之學校 能做出許多博士 學士로 若英國則不然하야 只能做出許多人而已라 하니許多人者 何謂오 卽許多具人格之人而已라 (未完),https://www.nl.go.kr/newspaper/detail.do?content_id=CNTS-00093805494
news_archive:CNTS-00093812689,1907,황성신문,Modern Korean,"Hanja, Old Hangeul",熟手被捉,●熟手被捉闕內熟手牌長 李奉天氏가 再昨日 警視廳에 被捉얏다더라,https://www.nl.go.kr/newspaper/detail.do?content_id=CNTS-00093812689
news_archive:CNTS-00093800328,1907,황성신문,Modern Korean,"Hanja, Old Hangeul",兩夫人愛國熱誠,●兩夫人愛國熱誠婦人에 金一堂과 金石子 兩氏가 今番 國債報償金募集에 對야 朝夕飯米를 半減야 義捐고 各婦人을 勸勉기로 決心얏다 은 本報에 已揭얏거니와 日昨에 同兩婦人이 婦人減餐會敬告文 五百張과 領收証 三冊을 精密히 印刷야 本社로 親來傳致고 警告文은 新聞分傳時에 一張式 附傳케 고 領收証은 義捐 婦人에게만 繕給되 此領証을 盡用거든 何時지던지 同氏들이 擔當야 國債報償 目的에 期達을 見 後已라 고 辭去얏 同兩婦人의 愛國誠은 참 令人欽慕敬服할 事이라고 一般 觀光者ᅵ 無不稱嘆더라,https://www.nl.go.kr/newspaper/detail.do?content_id=CNTS-00093800328
news_archive:CNTS-00093809131,1907,황성신문,Modern Korean,"Hanja, Old Hangeul",參謀學校의 設立,●參謀學校의 設立同電을 據 則 陸軍部에셔 參謀學校를 新設次로 目下 該基址를 擇定中이라더라,https://www.nl.go.kr/newspaper/detail.do?content_id=CNTS-00093809131
news_archive:CNTS-00093801130,1907,황성신문,Modern Korean,"Hanja, Old Hangeul",直囚違例,●直囚違例江原觀察道主事 李東根氏가 驛屯土稅務에 關係가 有던지 經理院에셔 該李主事를 押上牢囚지가 一望이 된지라 內部에셔 交涉기를 貴院에셔 官吏及人民을 捉致嚴懲 事件이 有면 漢城裁判所라던지 警務廳이라 던지 相當 法司로 交涉야 嚴懲 거슨 妥當거니와 私自捉囚 거슨 大違格例이니 該理由를 示明라 얏다더라,https://www.nl.go.kr/newspaper/detail.do?content_id=CNTS-00093801130
news_archive:CNTS-00093813998,1907,황성신문,Modern Korean,"Hanja, Old Hangeul",䀋商放出,●䀋商放出向日에 䀋商 金斗源氏가 警視廳에 被囚은 前報에 已揭얏거니와 去四日에 放出얏 其被捉時에 金氏가 其被捉됨을 問 즉 答기를 年前博恭親王渡來時에 䀋價 推尋랴고 呼訴랴던 事가 有 즉 今番 日本皇太子殿下도 呼訴 念慮가 有기로 拘執이니 同殿下歸國신 後에 卽爲放送마 더니 數十日을 經야도 放出치 아니으로 金氏가 憤鬱야 廳使를 大呼야 曰 総監閣下에게 達 事가 有니 卽爲通報라  즉 事務官 數三人이 來言曰 不過今明日이면 放出리라 더니 更過多日에 消息이 無지라 金氏가 大聲高言曰 無罪人民을 如是壓制니 近來 新章程은 無罪人民을 無故捉囚 事가 有야 고 口中으로 血을 吐 內閣과 內部에셔 傳語기를 金某를 卽地放送라 더니 果然 蒙放얏 金氏가 䀋價의 未推도 積憤이 在中인 尤重之捉囚를 當야 鬱火가 成病 方今 治療中이라더라,https://www.nl.go.kr/newspaper/detail.do?content_id=CNTS-00093813998
news_archive:CNTS-00093803497,1907,황성신문,Modern Korean,"Hanja, Old Hangeul",治道見習,"●治道見習內部治道局에셔 見習生을 補決기 爲야 來十日火曜에 試驗 터인 科目은 日語, 筭術, 韓日文繙譯及作文이오 學力은 高等小學校의 卒業生以上 되 者로 試驗케 다더라",https://www.nl.go.kr/newspaper/detail.do?content_id=CNTS-00093803497
news_archive:CNTS-00093804087,1907,황성신문,Modern Korean,"Hanja, Old Hangeul",城津遊學生赴京時에 本郡有志紳士 申泰岳 金學萬 兩氏가,○城津遊學生赴京時에 本郡有志紳士 申泰岳 金學萬 兩氏가 痛快 演說노 學業을 勸勉고 各出紙貨 十환 式야 學費을 義助엿기로 玆以廣佈홈 城津遊學生 等 告白,https://www.nl.go.kr/newspaper/detail.do?content_id=CNTS-00093804087
news_archive:CNTS-00093806115,1907,황성신문,Modern Korean,"Hanja, Old Hangeul",內閣會議,●內閣會議再昨日下午一時에 総理大臣以下各部大臣이 內閣會議를 開고 終日토록 案件을 提出얏다 其會議案件을 漏聞 則 四大門의 城堞을 毀撤고 該基址에 人民이 家屋을 結搆住接케  件과 內外文武勅奏任官의 任遞에 對야 各任其能 件과 智島郡流配罪人 金允植氏의 觧配 案件이라더라,https://www.nl.go.kr/newspaper/detail.do?content_id=CNTS-00093806115
news_archive:CNTS-00093810127,1907,황성신문,Modern Korean,"Hanja, Old Hangeul",法院守直,●法院守直陸軍法院을 廢止은 已爲揭報어니와 該院에 巡査 五人을 派送守直다더라,https://www.nl.go.kr/newspaper/detail.do?content_id=CNTS-00093810127
news_archive:CNTS-00093798189,1907,황성신문,Modern Korean,"Hanja, Old Hangeul",株式會社韓一銀行第一期((自光武十年八月八日至光武十年十二月三十一日))決筭報告,"株式會社韓一銀行第一期((自 光武 十年 八月 八日 至 光武 十年 十二月 三十一日))決筭報告負債之部 金額 資産之部 金額 資本金 一五〇, 〇〇〇〇〇 未納資本金 一一二, 五〇〇〇〇 定期任金 五, 二五〇〇〇 定期貸付金 三五, 五二〇〇〇 無期任金 二七, 四七六二〇 無期過撥金 七, 二〇七 小額任金 三, 二八九三五 割引手形 五, 〇〇〇〇〇 別段任金 八九三六 地所家屋什器 八, 二三四五五 任金手形 六, 一〇〇〇〇 任出金 二〇, 四一三五九 當半期純益金 三七六〇三 金銀 三, 六三〇七三 合計 一九二, 五三〇九四 合計 一九二, 五三〇九四 利益分配案一 金三百七十六圜三錢也 當半期純益金內一 金三百七十六圜三錢也 後期推移金光武十一年一月株式會社韓一銀行 頭取 趙秉澤專務取締役 孫錫基取締役兼支配人 鄭東植取締役 白周鉉同 朴泓鎰前記各項을 調査야 其正確을 保證監査役 趙彰漢同 成文永",https://www.nl.go.kr/newspaper/detail.do?content_id=CNTS-00093798189
news_archive:CNTS-00093797387,1907,황성신문,Modern Korean,"Hanja, Old Hangeul",奉倅減俸,●奉倅減俸奉化郡守 金寅欽氏 身爲命吏야 見困於匪徒니 雖曰 事係未料나 事體所在에 不可無警이라 야 一個月減俸에 處다더라,https://www.nl.go.kr/newspaper/detail.do?content_id=CNTS-00093797387
news_archive:CNTS-00093814918,1907,황성신문,Modern Korean,"Hanja, Old Hangeul",官廳事項,"○官廳事項度支部에셔 請議 預備金中 支出額을 左갓치 內閣會議를 經 後 上奏야 奉旨制曰 可라 심十一月十九日隆煕元年十一月九日第二預備金度支部 淸津土地買收費 三二, 一一三八九〇隆煕元年十一月十二日內部 釜山檢疫費 一一, 七〇〇〇〇〇法部 辯護士試驗委員及書記手當金 一五〇〇〇〇正三品宮內府秘書官 尹世鏞 曾由日本國야 領受勳五等瑞寶章이며 軍部副官陸軍工兵參領 金基元은 曾由日本國야 領受明治三十七八年從軍紀章얏기로 表勳院에셔 經奏裁可 後 佩用准許 事",https://www.nl.go.kr/newspaper/detail.do?content_id=CNTS-00093814918
news_archive:CNTS-00093807937,1907,황성신문,Modern Korean,"Hanja, Old Hangeul",失責免官,●失責免官漢城府尹 朴義秉氏 身爲地方長官야 都下民情이 騷訛胥動에 內外國人이 互相殺傷고 甚至有投石大官며 燒燼家屋이 式日闖發되 不思曉諭鎭定고 尋常看過니 事軆所在에 不可仍寘라 야 卽爲免官얏다더라,https://www.nl.go.kr/newspaper/detail.do?content_id=CNTS-00093807937
news_archive:CNTS-00093804426,1907,황성신문,Modern Korean,"Hanja, Old Hangeul",本人의 弟 攸聲이 李承年에게 癸卯年 債給條所捧事로,○本人의 弟 攸聲이 李承年에게 癸卯年 債給條所捧事로 已爲龍仁 南陽 牙山 等地에 承年의 田畓을 以癸卯年 債捧事로 自官歸決오니 或有其弟 承麟之携貳라도 一從自官公決얏스니 內外國人은 以此照亮金敎聲 告白,https://www.nl.go.kr/newspaper/detail.do?content_id=CNTS-00093804426
news_archive:CNTS-00093801498,1907,황성신문,Hanmun,Hanja,皇城新聞 新進部,廣告皇城新聞 新進部鄭淳珏氏 小安洞趙東薰氏 蓮洞徐起淳氏 恩津郡河聖執氏 全州南溪太止善民 夜峴李東俊氏 笠井洞金聖範氏 苑洞劉時燦氏 都染洞金益三氏 磚洞金鴻基氏 里門洞,https://www.nl.go.kr/newspaper/detail.do?content_id=CNTS-00093801498
news_archive:CNTS-00093803974,1907,황성신문,Modern Korean,"Hanja, Old Hangeul",俄國과 蒙古,●俄國과 蒙古巴里電을 據 則 極東에 在 俄國官憲이 俄國에 請求호 蒙古에셔 俄國勢力의 基礎가 이믜 完成 故로 此方面에 向야 外交及經濟上에 注力랴 얏 俄國政府의 意向도 亦如此 貌樣이라더라,https://www.nl.go.kr/newspaper/detail.do?content_id=CNTS-00093803974
news_archive:CNTS-00093797891,1907,황성신문,Modern Korean,"Hanja, Old Hangeul",民事訴訟代理와 刑事辯護及鑑定 一切 法律에 關 事務를 迅速 處理홈,○民事訴訟代理와 刑事辯護及鑑定 一切 法律에 關 事務를 迅速 處理홈漢城南署茶洞第十七統八戶辯護士 前檢事 正三品 李冕宇法律事務所事務員 博士 玉東奎 博士 趙東肅 議官 金益濟,https://www.nl.go.kr/newspaper/detail.do?content_id=CNTS-00093797891
news_archive:CNTS-00093807371,1907,황성신문,Modern Korean,"Hanja, Old Hangeul",碧倅治聲,●碧倅治聲西來人의 傳說을 聞 즉 碧潼郡守 朴麟玉氏가 行政이 敏活며 敎育에 熱心 該郡有志紳士 金宅潤 李養羽 諸氏가 極力協贊야 政治를 刷新며 境內 人民을 勸諭되 發達文明의 目的은 新書籍에 在다 야 新聞雜誌를 多數 購覽케 고 橋梁의 修築과 樹木의 培植과 道路의 淸潔을 一層注意으로 頌聲이 藉藉다더라,https://www.nl.go.kr/newspaper/detail.do?content_id=CNTS-00093807371
news_archive:CNTS-00093796803,1907,황성신문,Modern Korean,"Hanja, Old Hangeul",大興賊匪,●大興賊匪大興郡守 辛成默氏가 內部에 報告되 本郡이 義擾以後로 人心이 尤變고 兵亦撤去 則 往往 暴徒가 又復伸氣에 熾若燎原야 白晝通衢에 銃劒을 肆行며 有時 嘯聚에 十百成列야 閭港村落에 朝而出糓이면 暮必受禍며 里之賣牛에 隣亦被殃니 哀此良民이 若不保朝夕이기 玆에 報告니 知照軍部後에 卽發鎭衛隊兵야 以爲剿戢케 라 얏더라,https://www.nl.go.kr/newspaper/detail.do?content_id=CNTS-00093796803
news_archive:CNTS-00093800949,1907,황성신문,Modern Korean,"Hanja, Old Hangeul",自愛而後에 人愛之,"論說自愛而後에 人愛之日에 記者ᅵ 燕居無事야 兀然依几에 披閱各報니 無論某報某報고 連日滿紙에 滔滔記載가 不是某郡國債報償之趣旨書면 便是某鄕義務金集送之各人氏오 不是某夫人之減餐發心이면 便是某志士之斷烟同盟이라 一讀에 擊節며 再讀에 撫掌야 獨言獨歎에 一往情深더니 忽然 門外에 起剝喙一聲이기 蓬戶寥寥에 誰來訪我오 고 欣然曳履에 把麈迎之니 此人이 是誰오 卽日本名士某氏인 久寄玆土에 口操韓語고 留心時局에 獨多慧觀이라 握手禮畢에 卽抽看案上各報紙더니 乃悵然曰 人皆言貴國人이 無愛國心이라 고 我亦信貴國人이 無愛國心호니 此雖貴國志士 或 不好聽이나 驗諸實際에 有不可誣니 此評也 卽亦貴國人의 所當忍受者라 얏더니 到今觀之컨 不唯此評之歸虛라 抑且世界萬國에 愛國心最盛之國民이 爲誰오 진 當首屈一指曰 韓國人이라 지오 愛國事業最偉大之國民이 爲誰오 진 當齊屈一膝曰 韓國人이라 지니 我對貴國前途에 披肝奉賀고 我念貴國往事에 撫心歎惜이로라 고 整襟愀然而坐거날余惑焉야 乃反詰之曰 君이 將諫言以欺我耶아 抑有所見耶아 敢問將來之可奉賀者ᅵ 何事며 過去之可歎惜者 何件고名士ᅵ 暫掩下所閱報片고 向余而言曰 竊觀近日에 貴國內國債報償之聲이 蓬蓬如釜上烝氣야 男子 斷吸烟고 婦人은 減盂飯호 殆擧國一致에 如水東流야 卷烟商廛에 幾絶過問者고 各港輸入烟은 往往 回向他國다니 貴國人之愛國心은 卽謂之世界無兩이라도 實非過言이라 卽我日本人이 以愛國心之盛壯으로 以是自誇於世界며 世界人이 亦以是崇拜나 觀乎此節면 恐亦讓貴國人一步라 往在日露戰役에 我日本愛國精神이 大活現全國야 東家에 典時表며 西家에 典外套고 童子 賣蹴球며 女子 賣指環야 忘身忘家에 捐助軍費고 顒顒引頸에 祝我凱還더니 畢竟 摧退强俄고 宣揚國威얏스나 其時民捐金額이 五百萬圓예 不過얏고 現今 內債外債가 合爲 三十三億餘圓이니 全國人民이 豈不欲一擧淸償이며 全國志士가 豈不曾費用腦力이리오만은 於此에 尙有一重幕子로다 乃其口中所吸之烟葉을 指而自言曰 我軰가 未曾議斷此物며 亦未曾思減盂飯얏더니 今對貴國人此事에 不覺欽歎이로다今夫貴國之經濟界가 元未融通야 山谷稍饒之戶도 一月所用이 不能百錢며 京都豪富之人도 恒時所蓄이 不滿千金고 若彼山野樵農之軰에 一般 力耕而資生者 一分一錢도 往往經月不得現影니 若以貴國與日本之財政으로 相比較인 其高下之懸絶이 殆十與一之相去니 使貴國募集之金額으로 但止於五十萬圜이라도 較諸日本人의 五百萬圜면 實有難焉者오 大可驚歎焉者어던 況目下 現狀으로 直有萬流奔海에 一瀉千里之勢야 不達其目的則 不已리니噫라 貴國에 旣無普通敎育야 人民知識이 尙在暗昧之中니 國與民之痛痒相隨도 必未明曉이거 乃以此國債二字로 喚動一國야 一夫唱에 百夫隨며 一處呼에 百處應야 默揣十三道三百四十郡人心컨 其皇皇勃勃之狀이 便若捨國債報償外에 無他思想며 捨國債報償外에 無他議論며 捨國債報償外에 無他事業야 萬口齊焦며 萬腔齊沸니 我不意貴國人의 愛國熱性이 如此其偉大로다 若貴國政府가 實施義務敎育制度야 開導民知면 他日之並駕六洲에 稱覇東洋이 庸何難哉아 고乃噫吁而言曰 貴國民之愛國心이 何前閉而今開며 貴國民之愛國事業이 何前無而今有오可惜可惜다 這高尙純潔之愛國性이 乃幾十百年을 束縛蟄伏於壓制之下야 至今 無一次活躍고 又或 牛山之萌孽을 長被牛羊之踐踏얏스니 可惜哉라 貴國人之愛國心이여 余旣爲貴國前途賀고 余又爲貴國往事感노라 고仍潸然下數行淚더니 再曰 貴國人은 勉之哉勉之哉어다 고 遂酌酒與別니라記者曰 愛國者 人愛之고 天助之니 天下之偉功大業이 孰有過於愛國者乎아 以上名士之所言은 皆吾軰之所當感佩라 彼之所相奉賀 我不敢受之於今日이니 今日에 政宜警勵而未宜預賀也오 其尤可感歎者 愛國이 是日本民族之特性 故로 見他人之不愛國면 取以相戒고 見他人之愛國면 勉以相法야 卽如我義務金之募集이 現尙區區可憐이어만은 乃感觸其志士之腦際고 洒下其志士之眼淚야 曰 我之愛國이 或 不如彼歟져 니 嗚乎라 腔裹幾斛愛國血과 眼裹幾斗愛國淚로 所以有明治維新之結果이니 我國民之愛國事業이 何時에나 可與彼比肩也오日本西鄕隆盛氏之詩에 云호 吾家遺法君知否, 不爲兒孫買美田이라 니 不爲身爲家而以爲國은 是日本之特性也라 敬以此詩로 爲我國民誦之노라",https://www.nl.go.kr/newspaper/detail.do?content_id=CNTS-00093800949
news_archive:CNTS-00093808939,1907,황성신문,Modern Korean,"Hanja, Old Hangeul",布達,○布達宮內府官制中改正件을 左갓치 定奪이라 隆煕元年八月八日布達第一百五十六號宮內府官制改正件宮內府官制及官等俸給令中 協辦은 次官으로 參書官은 書記官으로 主事 書記郞으로 並改正이라,https://www.nl.go.kr/newspaper/detail.do?content_id=CNTS-00093808939
news_archive:CNTS-00093815355,1907,황성신문,Modern Korean,"Hanja, Old Hangeul",株式會社漢城銀行,"株式會社漢城銀行 [電話六四六番]皇城鍾路支店所在地水原資本金參拾萬圓 積立金一萬七千圓一 諸任金 定期, 不定期가 有 任主에게 計撥 利息이 隨各差異며 他人金額의 秘密, 安全, 融通, 貯蓄에 極圖便利一 諸貸金及手形割引 [手形典入] 確實 典物을 典執고 借主에게 貸給但 諸利息及割引料 日數로 計筭一 爲替送金 [普通換及電報換] 其處所 左開水原, 仁川, 群山, 木浦, 釜山, 馬山浦, 大邱, 開城, 平壤, 鎭南浦元山, 咸興, 城津, 全州, 忠州, 晉州, 光州, 鏡城, 海州, 日本東京, 大坂其他 一般 銀行의 業務 確實營行 総務長 韓相龍 營業部長 李升鉉",https://www.nl.go.kr/newspaper/detail.do?content_id=CNTS-00093815355
news_archive:CNTS-00093810447,1907,황성신문,Modern Korean,"Hanja, Old Hangeul",本社에셔 一般 同胞에게 開發을 普及기 爲야 來七日부터,本社에셔 一般 同胞에게 開發을 普及기 爲야 來七日부터 附錄國文新聞 一枚 添附發刊 터이온 此國文新聞은 無論男女고 漢文에 全眛야도 能히 閱覽야 天下事를 可知케  터이오니 江湖僉君子 陸續 購覽심을 望一 國漢文交用 新聞一朔代金三十錢郵稅並四十三錢一 附錄國文新聞一朔代金十五錢郵稅並二十八錢一 二枚並覽시면 特別廉價로 四十錢이온 地方購覽은 郵稅 並五十三錢大韓新聞社 告白,https://www.nl.go.kr/newspaper/detail.do?content_id=CNTS-00093810447
news_archive:CNTS-00093814405,1907,황성신문,Modern Korean,"Hanja, Old Hangeul",義日交戰,●義日交戰醴泉郡에 在 日本守備隊兵 十名과 巡檢及使喚 幾名이 丹陽郡에 到着야 義徒와 交戰야 兵丁 一名은 貧傷고 巡檢及使喚의 踪跡은 姑未詳知라더라,https://www.nl.go.kr/newspaper/detail.do?content_id=CNTS-00093814405
news_archive:CNTS-00093798465,1907,황성신문,Modern Korean,"Hanja, Old Hangeul",民事訴訟代理와 刑事辯護及鑑定 一切 法律에 關 事務를 迅速 處理홈,○民事訴訟代理와 刑事辯護及鑑定 一切 法律에 關 事務를 迅速 處理홈西署鍮洞新門外一百八十六統三戶辯護士 前檢事 前判事 丁明燮事務員 前主事 吳在淳法律事務所,https://www.nl.go.kr/newspaper/detail.do?content_id=CNTS-00093798465
news_archive:CNTS-00093816228,1907,황성신문,Modern Korean,"Hanja, Old Hangeul",韓國皇太子殿下셔 日本에 遊學심은 實로 空前의 大快事오,"○韓國皇太子殿下셔 日本에 遊學심은 實로 空前의 大快事오 韓國의 文明이 此로 從야 旱速進步 것은 韓國을 爲야 深히 慶賀 바라 來一月一日은 韓國皇帝陛下御卽位신 後 第一의 新年이 되 此를 紀念기 爲야 一大祝日로 아 本社에셔 左의 方法으로 祝意를 表코자  바니 幸願大方僉位 此微意를 贊助심을 切望一 日本政府製造蜂標(벌표)烟草空匣 十個를 持來시면 原蜂標烟草 一匣을 進呈一 相換處所 京城, 仁川及其附近 小賣店에셔 行一 相換期限은 陽曆十二月五日노붓터(陰曆十一月一日) 來一月三十一日(陰曆 日)지 東亞烟草株式會社",https://www.nl.go.kr/newspaper/detail.do?content_id=CNTS-00093816228
news_archive:CNTS-00093806103,1907,황성신문,Modern Korean,"Hanja, Old Hangeul",北滿洲稅關의 協議,●北滿洲稅關의 協議同電을 據 則 目下 哈爾賓에셔 俄淸委員이 北滿洲稅關事件으로 會議中인 淸國에셔 大連稅關의 開關期日以內에 歸決은 希望더라,https://www.nl.go.kr/newspaper/detail.do?content_id=CNTS-00093806103
news_archive:CNTS-00093810581,1907,황성신문,Hanmun,Hanja,[詞林] 除夕,除夕蕙觀一缸醇酒★箱衣 送歲迎春漏報稀 夜深星宿周天去 臘盡梅花掃地歸 要見形容臨水戶 爲聞消息啓風扉 悠悠萬國銷愁者★展眉稜醉興微評曰典雅雍容深得杜工部体,https://www.nl.go.kr/newspaper/detail.do?content_id=CNTS-00093810581
news_archive:CNTS-00093799254,1907,황성신문,Modern Korean,"Hanja, Old Hangeul",國債報償期成會趣旨書,●國債報償期成會趣旨書夫借債云者 何也오 有大事業大殖産야 可以利民興國者ᅵ 在前而苦無資斧之藉手ᅵ면 必稱貸於人야 以蕆其事니 此法이 固屬應爲나 然이나 若視此爲正途야 一借再借而不知止則 其國勢成何底止也리오 向者英法之借債於埃及也에 初心이 豈必欲禍埃也리오마 但 債人의 辦理가 不善야 爲人藩土니 大抵 爲國民者ᅵ 如若出餘資야 上以應國家之需用고 下以成人民之富强면 亦何樂而捨我所固有고 而向人乞貸也리오 向者我政府가 急於進步야 借債ᅵ 至一千三百萬圜矣라 其心에 豈不曰 賴此成資야 以起國家之大事業也리오 然이나 今以我二千萬衆으로 假如人出一圜이면 爲二千萬圜이오 如五十錢이면 爲一千萬圜이리니 此不可以報人債負耶아 且捐輸之法이 任其志願多小야 一時送來者 實屬便快에 固不暇論이오 其餘則 或按月 或分期야 每次 五錢十錢不等 而畢竟 出於我之力量而後已면 豈不更妙且易哉아 本人 等이 齎志未遂ᅵ 固有日矣러니 今幸嶺南之東萊 大邱 等處에 諸君子가 創止烟報債之論야 發起不幾日에 捐輸者가 日至니 可以見我人民에 愛國如家고 保疆保族之盛懷也로다 如旣曰 止烟則 我土之産도 尙可戒也어던 況遠從數萬里如埃及呂宋等 烟之價昻者及淸烟之味劣者乎아 且捐輸云者ᅵ 事力이 旣殊고 貧富가 亦懸니 馬馱千斤과 蟻負一粟이 亦理之常也라 向者普法之役에 其國人이 有捐數百萬 數十萬者고 亦有納一鍮匙者니 鍮匙云 者ᅵ 於數百萬에 其多小輕重이 固何如哉아 然이나 其共公扶國之心則 一也라 玆者本人 等이 欲遙與東萊 大邱 等 諸公으로 團合一軆야 組成此會니 名曰 國債報償期成會라 玆以布告我同胞야 要盡我國民義務노니 嗚乎라 國이 亡면 人民이 亦亡니 勉哉我同胞여 且待幾許時야 竢國債淸完 然後에 購得世界第一等香馥之佳烟 數千萬枝야 擧全國內男婦少長이 臨風一吸에 遣我淸興이 如何오一 本會 日本에 對 國債一千三百萬圜을 報償기로 目的홈一 報償方法은 一般 國民의 義金을 募集홈但 金額은 多少를 不拘홈一 本會에 義金을 納 人員은 本會會員으로 認定고 氏名及金額을 新聞에 公佈홈一 本會와 目的이 同一 各團會 互相聯合야 目的을 達기를 務圖홈一 義金은 收合야 右額에 達기지 信用이 有 本國銀行에 任置홈但 收合金額은 每月末에 新聞으로 佈告홈一 本會 目的을 達 後에 觧散홈光武十一年二月二十二日發起人 金成喜 劉文相 李弼相 金柱炳 吳榮根 崔炳玉 金相萬 林鳳來 安國善 尹炳升 尹泰榮 尹天求 朴太緖 宋基潤 玄公廉 金大煕 金東圭 李承喬 申海容 崔秉珍 韓震用 李相益 朱翰榮 高裕相收錢所 如左中署磚洞十二統一戶普成館內 夜雷報館臨時事務所中署布屛下廣學書舖金相萬南大門外桃洞乾材藥局劉漢謨西署石井洞大韓每日申報社南大門內尙洞靑年學院事務所南署大廣橋卅七統四戶書舖高裕相中署罷朝橋越便書舖朱翰榮,https://www.nl.go.kr/newspaper/detail.do?content_id=CNTS-00093799254
news_archive:CNTS-00093804495,1907,황성신문,Modern Korean,"Hanja, Old Hangeul",大東歷史,●大東歷史右冊은 箕子誌와 鮮于氏先王遺事記와 及淸州韓氏譜와 幸州奇氏譜와 延安車氏譜 諸書를 旁搜博採야 自檀君 箕子로 至馬韓末年히 世界年代와 其遺文逸史 一一裒輯야 我東方四千年自主獨立의 大義 闡明야오니 有志僉君子 來購시一帙 二冊[以本國紙本國鑄字刊出者] 定價金 三元秋人 鄭喬 告白發賣所 小廣橋高濟弘冊肆布屛下金相萬冊肆洞口越便朱翰榮冊肆,https://www.nl.go.kr/newspaper/detail.do?content_id=CNTS-00093804495
news_archive:CNTS-00093810989,1907,황성신문,Modern Korean,"Hanja, Old Hangeul",玉度靡寧,●玉度靡寧大皇帝陛下게셔 本月十四日 殿軒升降之際에 脚部를 受損오셧다더라,https://www.nl.go.kr/newspaper/detail.do?content_id=CNTS-00093810989
news_archive:CNTS-00093798684,1907,황성신문,Modern Korean,"Hanja, Old Hangeul",皇城新聞 新進部,廣告皇城新聞 新進部龍淵學校 雲泉學校 直◈學校 高靈學校 松坪學校 加元學校 梨洞學校 端川金禧律氏 端川武洞金學萬氏 崔鳳俊氏 城津港李慶植氏 雲山金礦大韓留學生會事務所玆今以後로 新聞請求시 人은 居住氏啣을 世界에 公佈야 其有志을 表홈,https://www.nl.go.kr/newspaper/detail.do?content_id=CNTS-00093798684
news_archive:CNTS-00093812415,1907,황성신문,Modern Korean,"Hanja, Old Hangeul",初等小學|新撰小博物學|新撰小物理學|初等地理敎科書|增訂法學通論,"初等小學(四冊 一帙) (揷圖) (定價金 一圜五十錢) (著者國民敎育會)今番 再版에 校正이 善良고 印刷가 精美新撰小博物學(全一冊) (揷圖) (定價金 五十錢) (著者國民敎育會)動, 植, 礦 三編에 分야 簡易昭晣新撰小物理學(全一冊) (揷圖) (定價金 五十錢) (著者國民敎育會)各項 物理를 総括야 敎授에 便宜初等地理敎科書(全一冊) (揷圖) (定價金 七十錢) (著者國民敎育會)地文學의 大槪와 世界各國地理를 簡明히 総括增訂法學通論(全一冊) (定價金 一圜) (著者兪星濬)今番 再版에 改訂補遺야 極簡且明야 學生과 社會에 適宜大發賣所 東闕敦化門外 國民敎育會舘內布屛下 廣學書舖金相萬罷朝橋越邊 中央書舘朱翰榮鍾路 大東書市金基鉉大廣橋 滙東書舘高裕相",https://www.nl.go.kr/newspaper/detail.do?content_id=CNTS-00093812415
news_archive:CNTS-00093809214,1907,황성신문,Modern Korean,"Hanja, Old Hangeul",龍川府尹新任,●龍川府尹新任前內部警務局長 權鳳洙氏 龍川府尹을 被任얏더라,https://www.nl.go.kr/newspaper/detail.do?content_id=CNTS-00093809214
news_archive:CNTS-00093811491,1907,황성신문,Modern Korean,"Hanja, Old Hangeul",英俄協約의 內容,"●英俄協約의 內容彼得堡電을 據 則 英俄協約이 九月二十三日에 批准되얏 英國의 可信 만 處에셔 得聞 바를 據 則 該協約의 內容이 如左니 西藏을 不可侵地로 佛敎巡軆者만 入國을 許可 事, 亞富汗을 英領印度에 屬케 호 該地를 軍隊駐屯地로 使用을 不許 事오 又波斯에 關야 此를 三部에 分야 헤랏도(亞富汗)에셔 반테루아바스에 至 東部線을 英國의 範圍로 고 헤랏도에셔 가스레스히릿구에 至 北部線의 豐饒地点을 俄國의 範圍로 고 其餘의 部分을 中立地帶로 다더라",https://www.nl.go.kr/newspaper/detail.do?content_id=CNTS-00093811491
news_archive:CNTS-00093814984,1907,황성신문,Modern Korean,"Hanja, Old Hangeul",淸國의 外債募集,●淸國의 外債募集上海電에 曰 倫敦구로부 新聞의 所報 據 則 淸國政府에셔 美國公使 伍廷芳氏 經야 公債 五百萬元을 美國에셔 募集 計畫이라더라,https://www.nl.go.kr/newspaper/detail.do?content_id=CNTS-00093814984
news_archive:CNTS-00093815628,1907,황성신문,Modern Korean,"Hanja, Old Hangeul",中等萬國新地志,"正一品大勳閔泳徽閣下序韋菴先生張志淵校閱幷序涵齋先生安鍾和序石濃先生柳瑾跋臨瀛后人金鴻卿編纂中等萬國新地志全二冊 金一圜此書 中等學校敎科와 普通新智識을 硏究시 人士를 爲야 精撰 者ᅵ라 近來 我國의 敎科書類中에 萬國地志도 亦不爲不備나 然이나 其地名 人名을 每從漢音 或 日語而譯刊야 因其文字語音의 互異으로 轉生訛誤이 頗多 編者ᅵ 以是爲病야 各히 其國의 名稱을 隨야 以에 國文으로 譯出야 其眞面을 不失며 且簡易고 明便케 야 開卷一讀에 戶庭을 不出고 能히 各國의 位置, 風土, 物産, 政治, 沿革 等을 周知이 此書에 莫過發賣所 中署布屛下 廣學書舖 金相萬洞口越便 中央書館南門內尙洞 博文書館鍾路 大東書市仝 古今書海館廣橋 匯東書館銅峴 博聞書館",https://www.nl.go.kr/newspaper/detail.do?content_id=CNTS-00093815628
news_archive:CNTS-00093159570,1908,대한매일신보,Modern Korean,"Hanja, Old Hangeul",鴉片法制定,路透電에 云되 加奈陀오타와 來電을 據즉 勞働次官컹크씨 晩香坡事變에 對야 淸國人의 損害賠償要求에 關 調査報告를 接閱즉 右要求者中에 鴉片을 製造者二名이 有야 巨利를 占得다을 述지라 故로 加奈陀에셔 鴉片賣買禁止法律을 制定랴다더라,https://www.nl.go.kr/newspaper/detail.do?content_id=CNTS-00093159570
news_archive:CNTS-00093165915,1908,대한매일신보,Modern Korean,"Hanja, Old Hangeul",地方消息,▲本月십日 載寧郡栗枝面隻安동의셔 義兵將辛天洙氏의 率 義名數십名은 郡駐在日憲兵과 交戰얏다 고▲本月六日 延安郡方上面桑洞津의셔 義兵百餘名이 麒麟坊駐在日守備隊와 交戰얏다 고▲本月八日 牙山郡內의셔 義兵六名이 郡駐在日憲兵과 接戰얏 日本上等兵壹名이 負傷얏다 고▲本月拾壹日 屯浦東南壹里地의셔 義兵二拾餘名이 浦駐在日憲兵과 接戰얏다 고▲本月拾日 溫陽北方三里長在洞의셔 義兵四拾餘名이 成歡駐在日守備隊와 交戰얏다더라,https://www.nl.go.kr/newspaper/detail.do?content_id=CNTS-00093165915
news_archive:CNTS-00093152191,1908,대한매일신보,Modern Korean,"Hanja, Old Hangeul",完察上京,全北觀察使리斗璜氏가 日昨에 受由上京얏다더라,https://www.nl.go.kr/newspaper/detail.do?content_id=CNTS-00093152191
news_archive:CNTS-00093149920,1908,대한매일신보,Modern Korean,"Hanja, Old Hangeul",金家小火,昨日上午十時에 桂동김俊植家越戶에셔 失火야 一間만 燒신고 旋卽撲㓕얏다더라,https://www.nl.go.kr/newspaper/detail.do?content_id=CNTS-00093149920
news_archive:CNTS-00093163617,1908,대한매일신보,Modern Korean,"Hanja, Old Hangeul",各廛商民慶祝,再昨日은 太皇帝陛下 萬壽聖節日인 故로 同日上午八時三拾分頃의 漢城內各廛商民六百餘名이 連合야 古代衣服을 着하고 大漢門前의 會集야 太皇帝陛下와 慶善宮殿下의 萬歲 崇呼얏다더라,https://www.nl.go.kr/newspaper/detail.do?content_id=CNTS-00093163617
news_archive:CNTS-00093153866,1908,대한매일신보,Modern Korean,"Hanja, Old Hangeul",淸心保命丹,●大韓國新發明靈藥廣告●陸軍軍醫金守鉉君實驗方劑●陸軍軍醫張基茂君有効證明●四海衛生之諸君子常備之靈藥消化新藥 淸心保命丹發行所 仁川港杻峴 濟生堂藥房九十粒入金拾錢●主治効能●痰飮●食積●中暑中寒●咳嗽●腹痛●水土不服●氣鬱●吐瀉●船車眩暈●食傷●酒醉●口熱惡臭▲其他諸般運氣厲疫預方妙藥●出張代理特約발賣所●京城大廣橋共愛堂大藥房同죵路慈惠藥房 리觀化同梨峴洋약局 리信華同尙동博文書館 盧益亨同南大門外大同運輸會社同泥峴三丁目 新井支店同泥峴郵便局前 天佑堂同水橋本堂出張人 리鳳林●仁川舊邑本堂出張所 金濟賢同開豊旅館 韓禹根同축峴和平堂 리應善●開城南門內萬物廛 박圭桓同남門內同店 禹相玉同남門內冊社 리禎錫同北部忠橋 具聖模●海州宗路商店 宋在瑛同★三房약舖 김永泰同남門內店 리奉植●水原죵路下약房 金濟九●延安邑洋약局 邊汝文●江華죵路店 尹斗鉉同죵路店 宋順五同西門外冊肆 高成根●長淵남門 崔載淳●砂利院市場客主 朴健昌同 任允中同耶蘇敎堂 리在善●黃州남門紅門동 리東赫●平壤雙巨里濟生局 韓鳳儀同館前衛生醫院 金龍興同大興部★里 崔龍化同문武洞濟局 桂澤宣同里문洞出張人 尹寅赫●鎭남浦築동洋약局 김元셥同億兩機本堂出張人 吳남쥰●群山港開福동 김斗鉉●安州城義井동回春大약房●安岳邑上場里濟生局 林景柱●大邱남門刷還동 김成浩●釜山港草梁客主 金重佑●博川郡美동商店 朴芝行●載寧邑後동洋약局 崔允國●忠州東良面早遯 金鎭和●晉州郡괸돌 박魯賢●定州남門洋약局 리健柱●郭山邑洋약局 羅應彬●鉄山邑永春堂 安灝●宣川邑冊肆 安쥰●義州水口街 崔셕浩●信川邑四里洋약局 김永植●郭山邑冊肆 김大鉉●元山港濟生堂支店 박敬鎭●北靑新昌港客主 박錫勳●江原道本堂出張人 馬雲來○德川邑官동洋약局 리丙斗●禮山용谷里 리東赫●其他各약店마다 隨應販賣◉仁川港濟生堂告白,https://www.nl.go.kr/newspaper/detail.do?content_id=CNTS-00093153866
news_archive:CNTS-00093150310,1908,대한매일신보,Modern Korean,"Hanja, Old Hangeul",反不如日,"內部地方局에셔 擬議기, 大實壇, 關王廟萬東廟에 春秋享祀 例 廢止하랴고 發論다가 日本官吏가 反對야 曰人이 人의 功을 不知면 人이라 稱키 難다고 論駁얏다더라",https://www.nl.go.kr/newspaper/detail.do?content_id=CNTS-00093150310
news_archive:CNTS-00093157536,1908,대한매일신보,Modern Korean,"Hanja, Old Hangeul",本書館에셔 民智을 廣開하고,本書館에셔 民智을 廣開하고 문明發達기 爲야 新舊書籍을 大발賣오니 僉君子은 陸續來臨심을 望釜山港東關韓興書舘 金汝重 權죵律,https://www.nl.go.kr/newspaper/detail.do?content_id=CNTS-00093157536
news_archive:CNTS-00093167540,1908,대한매일신보,Modern Korean,"Hanja, Old Hangeul",別品願留,각地方人民이 巡査隊招還令을 聞고 其速歸하기를 苦待하 光州邑居曹錫浩氏 本以好事客으로 巡査將官某某와 親切야 巡査隊願留기로 郡民會에 運動을 不贊成 者가 多 故로 民會를 自爲組成 後에 巡査隊願留電報를 內部로 送致얏대 地人民이 稱怨不已다더라,https://www.nl.go.kr/newspaper/detail.do?content_id=CNTS-00093167540
news_archive:CNTS-00093163208,1908,대한매일신보,Modern Korean,"Hanja, Old Hangeul",淸心保命丹,●大韓新明靈藥廣告●陸軍軍醫金守鉉君實驗方劑●陸軍軍醫張基茂君有効證明●四海衛生之諸君子常備之靈藥消化新藥 淸心保命丹發行所 仁川港杻峴 濟生堂藥房九十粒入金拾錢●●右藥의 主治効能은 如左●담飮咳嗽●吐瀉●水土不服●氣鬱腹痛●酒醉●中暑中寒●食積食傷●咽喉●口熱惡臭○其他諸般運氣厲疫預防妙약総發行所京城南大門內졔生당支店 李庚鳳●城南문外제生당支店 具又賢●元山港銘石院졔生당支店 박敬鎭代理店京셩大廣橋共愛堂仝죵路慈惠약房●京泥峴三丁目新井약店仝仝郵便局前天佑堂약房仝남大남博文書館 盧益亨仝梨峴洋약局 리信華仝大安洞仁제약房仝壽동三可病院 朴喜達●仁川츅峴和平당 리應善同本町新井樂房●海州남문 宋在瑛仝仝商店 리奉植●水原죵路下약房 金졔九●延安邑洋약局 邊汝文●江華죵路店 尹斗鉉●長淵남門 崔載淳●砂里院塲客主 任允中仝耶蘇敎堂 리載善●瑞興邑 許완●汗浦驛東美運送部 김奉圭●黃州남문紅문동 리東혁●安岳邑上塲里제生局 林景柱●載寧邑後동洋藥局 崔允國●忠州東良面早遯 김鎭和●信川邑四里洋약局 김永植●長連邑東里冊肆 文奭冠●平壤里문동出張人 尹寅혁仝雙巨里제生局 韓鳳儀仝館前衛生의院 金龍與仝文武동졔生局 桂澤宣仝大興部壹里藥局 崔龍化●鎭남浦築동冊사 김元爕仝后浦本堂出張人 吳南駿●安州셩義井동回春大약房●博川邑美동商店 朴芝行●定州남문洋藥局 리健柱●郭山邑大街冊사 김大鉉●宣川邑冊 安濬●鉄山읍永春堂 安灝●義州남문外水口街 崔錫浩●德川읍官洋약局 리丙斗●群山港開福동 김斗鉉●大邱남門刷還洞 김成浩●釜山港東館本町商店 리炳夏●北靑新昌港客主 朴錫勳●木浦各國居留地松房 徐岐見●全國各약店마다 隨應販賣仁川港츅峴京셩남大문濟生堂 白,https://www.nl.go.kr/newspaper/detail.do?content_id=CNTS-00093163208
news_archive:CNTS-00093153138,1908,대한매일신보,Modern Korean,"Hanja, Old Hangeul",批旨不佈,已徃에 大官이 辭職疏를 奉呈면 批旨를 官報에 頒佈더니 近日에 此例를 廢止고 依免事件만 頒佈다더라,https://www.nl.go.kr/newspaper/detail.do?content_id=CNTS-00093153138
news_archive:CNTS-00093151220,1908,대한매일신보,Modern Korean,"Hanja, Old Hangeul",本人의 沓四石拾五斗落과 田二石落이,本人의 沓四石拾五斗落과 田二石落이 在於忠州邑底與玉江이온바 本人에 外叔宋淳宇가 僞券倫賣랴오니 外國人은 見欺치 勿시오 尹완 告白,https://www.nl.go.kr/newspaper/detail.do?content_id=CNTS-00093151220
news_archive:CNTS-00093165261,1908,대한매일신보,Modern Korean,"Hanja, Old Hangeul",惠泉湯에 大官,去日曜日에 侍從院卿尹德榮氏가 永宣君李쥰鎔 內閣書記官長韓昌洙 承寧府摠官趙民煕 等諸氏를 惠泉湯으로 請邀宴待얏다더라,https://www.nl.go.kr/newspaper/detail.do?content_id=CNTS-00093165261
news_archive:CNTS-00093155504,1908,대한매일신보,Hanmun,Hanja,月曜及慶節歲時日休刊,檀君開國四千二百四十一年箕子元年三千三十年大韓開國五百十七年日本明治四十一年淸國光緖三十四年陰曆戊申四月大初十一日乙丑,https://www.nl.go.kr/newspaper/detail.do?content_id=CNTS-00093155504
news_archive:CNTS-00093151179,1908,대한매일신보,Modern Korean,"Hanja, Old Hangeul",下賜司,昨日에 大皇帝폐下셔 宮府及각所屬院司에 교子一床式 下賜셧다더라,https://www.nl.go.kr/newspaper/detail.do?content_id=CNTS-00093151179
news_archive:CNTS-00093158124,1908,대한매일신보,Modern Korean,"Hanja, Old Hangeul",典祀補履歷,宮內府에셔 典祀補에 履歷書를 繕呈라 얏다더라,https://www.nl.go.kr/newspaper/detail.do?content_id=CNTS-00093158124
news_archive:CNTS-00093151251,1908,대한매일신보,Modern Korean,"Hanja, Old Hangeul",勸讀新聞,南原郡郵遞主事韓浩錫씨가 境內人士를 對면 勸勉여 曰居在遐鄕야 世界形便을 茫昧不知하면 無以開發知識이니 必須先讀新聞雜誌然後에 長夜昏夢을 漸次開悟거시니 新聞購覽이 第一急先務라다고 該郡來人이 稱頌하더라,https://www.nl.go.kr/newspaper/detail.do?content_id=CNTS-00093151251
news_archive:CNTS-00093161156,1908,대한매일신보,Modern Korean,"Hanja, Old Hangeul",大韓國新發明神藥,◉大韓國新發明神藥◉虔修靈丹 各種食滯中暑久滯口臭痰飮吐瀉定價一貼十錢◉至寶丸 治諸般瘧疾不拘久遠俱有偉効定價金十錢◉靈效液 外用芳香治疥瘡皮風百發百中定價金三拾錢◉淸眼水 治諸般眼疾有撥雲見天之妙定價金拾錢◉通淋丸 治男女急慢淋疾神效無隻速效除毒壹週金五拾錢製劑行所 漢城南部大廣橋西邊第三家十九統七戶 共愛堂大葯房 謹白支店 開성남門內共愛堂第壹支店 姜助遠群山港開福동共愛堂第二支店 리春善河東郡赤良面共愛堂第三支店 黃麟秀代理店 皇城北部大安동 仁濟藥房仝죵路靑年會館前 慈惠葯房仝西部新門外石橋 普濟醫院仁川츅峴 濟生堂 仝 和平局此外에도 東西洋각國有名賣葯과 草材葯이 俱備하오니 葯의 多少을 不拘고 請求시면 小包로 仰呈게,https://www.nl.go.kr/newspaper/detail.do?content_id=CNTS-00093161156
news_archive:CNTS-00093165285,1908,대한매일신보,Modern Korean,"Hanja, Old Hangeul",斷髮祇迎,水原郡邑內의 測量학徒가 壹百五拾人에 達엿대 外村人이 多數히 斷髮기를 不肯다가 該郡守徐丙肅시가 학徒 對야 今番 大皇帝陛下 幸行時에 學生이 斷髮치 아니고 祇迎 거시 不可 意로 壹場說明 本校長韓圭復氏가 先爲斷髮으로 壹般學徒들도 壹齊히 剃髮 祗迎엿다더라,https://www.nl.go.kr/newspaper/detail.do?content_id=CNTS-00093165285
news_archive:CNTS-00093164767,1908,대한매일신보,Modern Korean,"Hanja, Old Hangeul",本館에셔 新舊書籍과 學徒의,本館에셔 新舊書籍과 學徒의 所用諸般物品을 具備販賣오니 僉君子 來購하시옵平壤鐘路太極書館館主 李昇薰主任 安泰國事務 李德煥,https://www.nl.go.kr/newspaper/detail.do?content_id=CNTS-00093164767
news_archive:CNTS-00093161529,1908,대한매일신보,Modern Korean,"Hanja, Old Hangeul",無窮花,▲無竆花를 手持고 半島江山 혀보니 帶礪치 鞏固基業槿花古域名稱니 偶然 事 아니로다▲無窮花야 無窮花야 山重水複三千里에 壹幅鏡面華麗다 英雄烈士鍾出니 斷斷無他 뎌 誠心이 措國家於泰山니 너와 치 無窮쟈▲無窮花야 無窮花야 四千年을 相傳하니 禮義東方分明다 國民資格培養제우리 同胞㴠泳야 先聖遺澤謳歌니 너와 치 無窮쟈▲無窮花야 無窮花야 兵農工商四民中에 各盡其務孜孜야 自國精神猛省제 이 疆土를 保有니 民唯邦本 되얏고나 너와 치 無窮쟈▲無窮花야 無窮花야 歐美列强遊覽야 文明風氣吸收고 强壯力을 養成면 括目相對던 날에 壹等國人同等되니 너와 치 無窮하쟈▲無窮花야 無窮花야 靑年子弟敎育졔 穎悟銳氣莫摧고 愛國思想激起며 開明域에 共躋야 棟량之材自作니 너와 치 無窮쟈▲無窮花야 無窮花야 金銀銅鐵天産物은 此山河에 産出니 壹心齊力守成면 人民生涯自足니 天府金城이 아닌가 너와 치 無窮쟈▲無窮花야 無窮花야 堅如金石 뎌 心腸이 視國如家擔責야 新空氣를 滿吸고 萬仞民암高築야 壹長城을 連亘하니 너와 치 無窮쟈▲無窮花야 無窮花야 何天雷聲忽發處에 五夜昏夢驚起야 起問此時何時代오 東方漸漸 밝어가니 此江山에 回運이라 너와 치 無窮쟈▲無窮花야 無竆花야 兄弟姊妹相稱니 同根生이 丁寧다 壹心團體고보면 四肢五腸並備야 內外協治愛國졔 너와 치 無窮쟈,https://www.nl.go.kr/newspaper/detail.do?content_id=CNTS-00093161529
news_archive:CNTS-00093169802,1908,대한매일신보,Modern Korean,"Hanja, Old Hangeul",本人의 姓名章을 遺失얏기,本人의 姓名章을 遺失얏기 玆에 廣告오니 誰某拾得와도 永爲勿施慶北大邱北內洞六統二戶 片成珍 告白,https://www.nl.go.kr/newspaper/detail.do?content_id=CNTS-00093169802
news_archive:CNTS-00093154359,1908,대한매일신보,Modern Korean,"Hanja, Old Hangeul",運動盛況,安岳郡小학校에셔 春期大運動을 設行하얏다 事 已爲報道어니와 今月拾五日에 각處三十七학校가 訓鍊場에 齊會 千餘名학徒 嗚鼓次笛에 行伍가 井井고 觀光者 環匝如屛이라 自上午九時로 下午四時즉 筭術作文競走體操運動을 次第試驗고 其次에 각학徒가 演說하고 其翌日上午九時에 來賓中紳士최光玉氏이란 問題로 김成武氏 生活이란 問題로 美國宣敎師召芮彬씨 대韓獨立이란 問題로 演說 時에 滿場諸人이 莫不叩掌喝采고 盛備 物品으로 次第施賞얏다더라,https://www.nl.go.kr/newspaper/detail.do?content_id=CNTS-00093154359
news_archive:CNTS-00093159797,1908,대한매일신보,Modern Korean,"Hanja, Old Hangeul",兩氏寄付,密陽郡居 孫亮淑씨와 安東郡居 柳其榮시가 桂山普通學校에 紙貨五圜을 寄付얏다하니 兩氏의 敎育上熱心은 攢賀不已다더라,https://www.nl.go.kr/newspaper/detail.do?content_id=CNTS-00093159797
news_archive:CNTS-00093156841,1908,대한매일신보,Modern Korean,"Hanja, Old Hangeul",現今弊院에셔 各項事務을 一層擴張하오,今現弊院에셔 各項事務을 一層擴張하오 金裝與銀裝各樣의 齒와 老小間沒數落齒데 齒床幷齒을 隨意製造하오며 拔齒與入齒時에 毫無苦痛케  技方도 有며 齒科上面議 無料接受압니 四万僉君子 照亮심을 爲希홈京南大門內尙洞 美人施蘭敦家寓齒科醫土 韓大衞 告白,https://www.nl.go.kr/newspaper/detail.do?content_id=CNTS-00093156841
news_archive:CNTS-00093151399,1908,대한매일신보,Modern Korean,"Hanja, Old Hangeul",皇城新聞雜報欄內에 永宣君邸下로,皇城新聞雜報欄內에 永宣君邸下로 大同會總裁를 推薦얏다은 事實이 初無기 該新聞社에 質問正誤고 玆에 廣告雲峴宮掌務 告白,https://www.nl.go.kr/newspaper/detail.do?content_id=CNTS-00093151399
news_archive:CNTS-00093153476,1908,대한매일신보,Modern Korean,"Hanja, Old Hangeul",奬학社第四回合格人員廣告,論說貳等李晩雨 三等李康濟等外永興 林秉薰 柳寅煕小說二等申泰元 三等元容晉等外 陸定洙 李昇煥詞藻壹等리康洽 貳等成斗永 三等졍寅會 尹션求 四等尹龍求 졍奭朝 김直洙 白奉德五等金容雲 高斗相 劉秉徽 梁璟煥作文壹等趙鏞周二等리弼夏 三等김元祐 木川洪承澈 四等리龜巖 리溶浩 五等尹成溥 玉翰世歷史二等金正琪 金敎恩 三等開城崔尙鉉 安鍾烈 四等김元祐 安東洙安죵哲 安享遠 姜文煥五等尹丙爕 木川洪承澈地理三等김元祐 崔在溶 姜文煥 裴斗煥四等安東洙 리宅承 平壤김瀅植筭術一等김義增 二等平壤崔在璨 졍奭朝 三等김敎翰 김敎恩김正션 졍志衍 졍寅喆四等최翼參 嚴秉鎔 水原리種升리昌林 김演弼 洪鍾郁 權容珏 沈友爕 리容浩 졍寅會 五等洪관植 리重翊리柱夏 리容薰 김在奇 車희東 安죵淳 尹丙爕 權永禧 김正琪 朴準星 리潤甲 陸炳麟 徐廷完 졍寅祐 趙奭九 康漢永 尹炳烈 尹泰權 남正煕謎語一等 리元榮二等리柱夏 三等김敎翰 리漢商 四等김正琪 남光희日語壹等尹達洙 二等任明淳 三等宋申用成斗永 趙重烈 四等趙奭九 劉鍾烈리濟敏 김元祐리基浩五等박奉柱 閔政鎬 柳純一 崔在悳 申泰鎰 權性淵 洪承耆 安죵烈 최在溶 김容션右合格人員壹百十人第五回 問題論說小說은 不爲懸題詞藻 寒食但七律壹首作文 德育智育體育의 關係歷史 姜邯贊事蹟을 列擧라地理 白頭心脉을 詳擧筭術 [一)東西兩府停車場間에 甲乙丙丁四市가 一直線으로 羅列얏대 今에 一旅客이 每分六五米突의 速力으로 東府停車場에셔 出야 鐵道線을 沿면셔 西府停車場으로 向 甲市에셔 西府停車場으로붓터 東府停車場으로 向來 滊車를 逢고 其後二拾分을 經야 乙市에셔 又其滊車가 東府停車場에 徃얏다가 歸來을 逢고 其後五★分을 經하아 丙市에셔 又其滊車가 西府停車場에 歸얏다가 再來을 逢고 其後四十分을 經야 又其滊車가 東府停車場에 往얏다가 歸來을 逢엿다니 滊車의 每分速力과 兩府距離 求다(伹滊車 等速力으로 停滯업시 行으로 假定](注意)此解를 完全數解法으로 解것이오 分數解法이나 代數的解法은 不要(二)連九數卽九九九九(..............等]은 二와 五의 因子 含有치아니 數[卽三. 七. 九. 一★. 一三. 一七. 一九. 二壹. 二三. 二七. 二九. 三三.....................]等로 除盡다니 此理 證明라才談[一)山上山又出[二]跛者行彳亍右二問題 相當 對句로日語[一]져은버르장이업스니아마도아비업식인가보오[二]아사에니야토루가이노데후와미루메니모무마시이뎨스右第一問題 日譯되 漢字邊에 假名을 付고第二問題 韓譯 事(但原文에 濁音을 不付엿),https://www.nl.go.kr/newspaper/detail.do?content_id=CNTS-00093153476
news_archive:CNTS-00093162572,1908,대한매일신보,Hanmun,Hanja,月曜及慶節歲時日休刊,檀君開國四千二百四十一年箕子元年三千三十年大韓開國五百十七年日本明治四十一年淸國光緖三十四年陰曆戊申七月大廿七日庚戌,https://www.nl.go.kr/newspaper/detail.do?content_id=CNTS-00093162572
news_archive:CNTS-00093147855,1908,대한매일신보,Modern Korean,"Hanja, Old Hangeul",王禮加斂,大院王緬封時에 王禮로 擧行대 加斂時에 龍袍와 玉帶 用다더라,https://www.nl.go.kr/newspaper/detail.do?content_id=CNTS-00093147855
news_archive:CNTS-00093163285,1908,대한매일신보,Modern Korean,"Hanja, Old Hangeul",本館에셔 新舊書籍과 學徒의,本館에셔 新舊書籍과 學徒의 所用諸般物品을 具備販賣오니 僉君子 來購하시옵平壤鐘路太極書館館主 李昇薰主任 安泰國事務 李德煥,https://www.nl.go.kr/newspaper/detail.do?content_id=CNTS-00093163285
news_archive:CNTS-00093163858,1908,대한매일신보,Modern Korean,"Hanja, Old Hangeul",趙総管云遞,承寧府総官趙民煕氏가 遞任된다 說이 有더라,https://www.nl.go.kr/newspaper/detail.do?content_id=CNTS-00093163858
news_archive:CNTS-00093162651,1908,대한매일신보,Modern Korean,"Hanja, Old Hangeul",淸心保命丹,●大韓新明靈藥廣告●陸軍軍醫金守鉉君 實驗方劑●陸軍軍醫張基茂君 有効證明●四海衛生之諸君子 常備之靈藥消化新藥 淸心保命丹發行所 仁川港杻峴 濟生堂藥房九十粒入金拾錢●●右藥의 主治効能은 如左●담飮咳嗽●吐瀉●水土不服●氣鬱腹痛●酒醉●中暑中寒●食積食傷●咽喉●口熱惡臭○其他諸般運氣厲疫預防妙약総發行所 京城南大門內졔生당支店 李庚鳳●城南문外제生당支店 具又賢●元山港銘石院졔生당支店 박敬鎭代理店京셩大廣橋 共愛堂仝죵路慈惠약房●京泥峴三丁目新井약店仝仝郵便局前天佑堂약房仝남大남博文書館 盧益亨仝梨峴洋약局 리信華仝大安洞仁제약房仝壽동三可病院 朴喜達●仁川츅峴和平당 리應善同本町新井樂房●海州남문 宋在瑛仝仝商店 리奉植●水原죵路下약房 金졔九●延安邑洋약局 邊汝文●江華죵路店 尹斗鉉●長淵남門 崔載淳●砂里院場客主 任允中仝耶蘇敎堂 리載善●瑞興邑 許완●汗浦驛東美運送部 김奉圭●黃州남문紅문동 리東혁●安岳邑上場里제生局 林景柱●載寧邑後동洋藥局 崔允國●忠州東良面早遯 김鎭和●信川邑四里洋약局 김永植●長連邑東里冊肆 文奭冠●平壤里문동出張人 尹寅혁仝雙巨里제生局 韓鳳儀仝館前衛生의院 金龍與仝文武동졔生局 桂澤宣仝大興部壹里藥局 崔龍化●鎭남浦築동冊사 김元爕仝后浦本堂出張人 吳南駿●安州셩義井동回春大약房●博川邑美동商店 朴芝行●定州남문洋藥局 리健柱●郭山邑大街冊사 김大鉉●宣川邑冊 安濬●鉄山읍永春堂 安灝●義州남문外水口街 崔錫浩●德川읍官洋약局 리丙斗●群山港開福동 김斗鉉●大邱남門刷還洞 김成浩●釜山港東館本町商店 리炳夏●北靑新昌港客主 朴錫勳●木浦各國居留地松房 徐岐見●全國各약店마다 隨應販賣仁川港츅峴京셩남大문 濟生堂 白,https://www.nl.go.kr/newspaper/detail.do?content_id=CNTS-00093162651
news_archive:CNTS-00093151093,1908,대한매일신보,Modern Korean,"Hanja, Old Hangeul",學徒洋裝書冊,學徒洋裝書冊學徒運銃과 諸具羅紗各種 美國金鷄蠟衣服裁縫其他雜貨도 廉價放賣오니 諸君 來臨심을바라나이다仁川港츅峴開新冊肆,https://www.nl.go.kr/newspaper/detail.do?content_id=CNTS-00093151093
news_archive:CNTS-00093167518,1908,대한매일신보,Modern Korean,"Hanja, Old Hangeul",漢城鍾路慈惠醫院診察所內人員及時間廣告,醫學校卒業後濟衆원卒業의학博士 洪셕厚의학校卒業生 朴啓陽濟衆원의학實地六年習학婦人의학生 朴慈惠濟衆원看護婦三年生 沈慈善慈惠의원主 李觀化診察時間每日下午壹時至八時지 診察고 日曜日은 休業檢眼機新到壹此鍾路慈惠醫원에셔 大英國製視力檢査機械金와 銀변眼購置고 男女視力을 檢査의 適合대로 廉價放賣하오니 視力이 不足이 速速히 來臨야 視力을 檢査아니라 體中에 莫重 眼 不可不즉 壹般紳士와 貴婦人과 學生과 技術家와 商人과 官妓 壹次視力의 檢査바라나이다,https://www.nl.go.kr/newspaper/detail.do?content_id=CNTS-00093167518
news_archive:CNTS-00093161900,1908,대한매일신보,Modern Korean,"Hanja, Old Hangeul",日本立換金総額,韓國에 對 日本政府에 立換金総額이 壹千九百六拾八萬貳千六百貳拾四圓(隆煕元年度부터 六年度지 六個年間에 支出)인 本年度豫筭額은 五百貳拾五萬九千五百八拾圜이라 右 畢境 韓國政府壹般行政費의 不足額을 補塡하기 爲이오 義兵鎭定費와 如 것슨 右立換金以外에 屬 것인즉 全然히 日本政府의 負擔 것이요 又日本政府에셔 義兵鎭定의 必要上으로 韓國에 駐屯 壹個師團以外에 昨年부터 本年度지 增派 것이 旣爲壹個師團에 至지라 此經費 昨年度剩餘金中으로 此를 支辦 中인대 本年壹月以後로 支出額이 五百萬圜에 達얏다더라,https://www.nl.go.kr/newspaper/detail.do?content_id=CNTS-00093161900
news_archive:CNTS-00093164228,1908,대한매일신보,Hanmun,Hanja,咽喉熱痛降火水|消食物生口味甘酸水,漢城鍾路慈惠大藥房大韓東西藥業月報社製藥品咽喉熱痛降火水 五日分金壹圜 消食物生口味甘酸水 金五十錢 男女氣血補益丸 二圓五十錢 止瀉潤腸丸 二十錢 淋疾袪根藥 五十錢 痢疾靈散 三十錢 淸明眼藥水 十五錢 養兒寶散 十五錢 寸虫拔根藥 三十錢 純金鷄納丸 十錢 蛔虫沒出丸 二十錢 止足汗臭藥 二十錢 四時感冒丸 十錢 大小腫合瘡膏 三十錢 消痰鎭咳藥 三十錢 漢城百應膏 十錢 陳旧陳滯消積丸 五十錢 癇氣神效保嬰散 十二錢五里旧藥唐草材以小包郵便信送,https://www.nl.go.kr/newspaper/detail.do?content_id=CNTS-00093164228
news_archive:CNTS-00093154393,1908,대한매일신보,Hanmun,Hanja,月曜及慶節歲時日休刊,檀君開國四千二百四十一年箕子元年三千三十年大韓開國五百十七年日本明治四十一年淸國光緖三十四年陰曆戊申三月小廿五日庚戌,https://www.nl.go.kr/newspaper/detail.do?content_id=CNTS-00093154393
news_archive:CNTS-00093167802,1908,대한매일신보,Modern Korean,"Hanja, Hangeul",本校夜學測量科第二回募集事業,本校夜學測量科第二回募集事業經廣告而因故延期將於陽本月廿日開학請願諸氏與願學僉員伊日下午六点壹齊來校爲要南部筆洞 私立光南學校 告白,https://www.nl.go.kr/newspaper/detail.do?content_id=CNTS-00093167802
news_archive:CNTS-00093152259,1908,대한매일신보,Modern Korean,"Hanja, Old Hangeul",意大利獨立史|經濟原論|國際公法志|國文新撰家庭學,朴晶東氏演譯●意大利獨立史 正價金五拾錢●經濟原論 正價金三拾五錢●國際公法志 正價金四拾錢●國文新撰家庭學 正價金三拾錢國家의 文明은 敎育이 根本이오 敎育의 基礎 家政이 始라 故로 家政學을 純國文으로 新撰와 婦人社會와 勞動社會와 學校敎科지 需用에 便易케와사오니 有志 僉君子 陸續購覽심을 務望 발行人 金雨均 告自發賣所 ▲大廣橋 匯東書館 ▲鍾路 大東書市 ▲洞口 中央書舘 ▲布屛下 廣學書舖 ▲銅峴 博학書舘 ▲尙洞 博文書舘,https://www.nl.go.kr/newspaper/detail.do?content_id=CNTS-00093152259
news_archive:CNTS-00093164238,1908,대한매일신보,Modern Korean,"Hanja, Old Hangeul",知事暗殺計畫,紐育電을 據즉 米國뉴져지아州知事포트氏를 暗殺코져대 此 同知事가 釀造家의게 甚 徵稅法을 嚴行이라 얏더라,https://www.nl.go.kr/newspaper/detail.do?content_id=CNTS-00093164238
news_archive:CNTS-00093169042,1908,대한매일신보,Modern Korean,"Hanja, Old Hangeul",宜有輿論,閔忠正公家田庄을 宋秉畯氏가 占奪 事로 某某紳士가 本報及皇城報에 廣告얏더니 國民報에 揭載되 無理 說로 暗然揭載고 廣告費를 中間乾沒얏다 얏스니 廣告를 何以暗揭라 며 正大 言論을 何以無理로 歸之리오 고 壹般輿論이 喧藉다더라,https://www.nl.go.kr/newspaper/detail.do?content_id=CNTS-00093169042
news_archive:CNTS-00093155712,1908,대한매일신보,Modern Korean,"Hanja, Old Hangeul",特別廣告,日本國東京에 在 本國留學生이 一躰團會야 大韓학會를 組成얏기 其團合을 贊成하기 爲야 演說會 開오니 同志人士 多數來臨하시大韓학會贊成會起人一同一 日時 來拾七日[日曜日)下午時一 處所 西門外國民演說臺一 辯士 鄭雲復 尹孝定 兪星쥰 張燾 朴勝彬 尙灝 리珍雨 等 告白,https://www.nl.go.kr/newspaper/detail.do?content_id=CNTS-00093155712
news_archive:CNTS-00093152639,1908,대한매일신보,Modern Korean,"Hanja, Old Hangeul",學徒洋裝書冊,學徒洋裝書冊學徒運銃과 諸具羅紗各種 美國金鷄蠟衣服裁縫其他雜貨도 廉價放賣오니 諸君 來臨심을바라나이다仁川港츅峴開新冊肆,https://www.nl.go.kr/newspaper/detail.do?content_id=CNTS-00093152639
news_archive:CNTS-00093164468,1908,대한매일신보,Modern Korean,"Hanja, Old Hangeul",正誤,昨日 本雜報欄內에 城津義化中學校 講師全應圭氏의 全字를 金字로 誤植이기 玆에 正誤,https://www.nl.go.kr/newspaper/detail.do?content_id=CNTS-00093164468
news_archive:CNTS-00093160966,1908,대한매일신보,Modern Korean,"Hanja, Old Hangeul",有寶必成,鎭남浦碑石洞三崇女學校卒業生박仁德이가 年今十三에 聦明慧悟가 逈出他人지라 其母親이 仁德을 京城으로 上送야 中學校에 留學코나 家勢가 甚貧야 學費를 辦出 道가 無으로 慨歎不已더니 該港有志紳士諸시가 憐才成就之心으로 義捐을 共出야 秋期開學에 上京留학케다더라,https://www.nl.go.kr/newspaper/detail.do?content_id=CNTS-00093160966
news_archive:CNTS-00093147142,1908,대한매일신보,Modern Korean,"Hanja, Old Hangeul",夜塾熱心,西大門外 金重煥씨家에셔 夜塾을 設始고 鄰近靑年을 敎授 日本人高明 講師 山口照平과 渡邊竹四郞西씨와 本國人 李相悳氏가 名譽로 每日出席야 熱心敎導다더라,https://www.nl.go.kr/newspaper/detail.do?content_id=CNTS-00093147142
news_archive:CNTS-00093162761,1908,대한매일신보,Modern Korean,"Hanja, Old Hangeul",拓殖事務見習,東洋拓殖會社가 成立됨은 各新聞을 布 바어니와 聞則派員幾名을 日本으로 派送야 該社의 事務를 見習케 다더라,https://www.nl.go.kr/newspaper/detail.do?content_id=CNTS-00093162761
news_archive:CNTS-00093163707,1908,대한매일신보,Modern Korean,"Hanja, Old Hangeul",此是挾雜,咸鏡北道明川郡下古面孔心里居崔寅極楚秉烈崔相敏三씨가 該地에 孔心里라 名稱을 藉托야 孔子廟 私設고 儒道를 崇奉다하면셔 新學問은 夷狄之道라 排斥야 학校敎育을 極力妨害다니 大抵 聖廟建設은 原係國典에 不可私設이거 藉托 尊聖고 如是私設은 出於挾雜之習이오 況設敎育라신 詔勅이 何等尊重이기 幺麽鄕儒가 敢肆反對니 萬萬寒心 事라더라,https://www.nl.go.kr/newspaper/detail.do?content_id=CNTS-00093163707
news_archive:CNTS-00093169464,1908,대한매일신보,Modern Korean,"Hanja, Old Hangeul",挾雜被囚,開城郡居 李舜翼爲名者가 上京야 印章을 僞造고 何許人의 田답을 偸賣랴다가 京城監獄署에 被囚얏다더라,https://www.nl.go.kr/newspaper/detail.do?content_id=CNTS-00093169464
news_archive:CNTS-00093148930,1908,대한매일신보,Modern Korean,"Hanja, Old Hangeul",歐米各國專賣特許,歐米各國專賣特許石油發動機及自行車精米機械及附屬品一切廉價放賣今回諸君子의 便利기 爲야 本店을 左記處로 移接엿사오니 照亮하심을 伏望直輸入商京城南大門外 韓國代理店中 根商會,https://www.nl.go.kr/newspaper/detail.do?content_id=CNTS-00093148930
news_archive:CNTS-00093149211,1908,대한매일신보,Modern Korean,"Hanja, Old Hangeul",履歷修送,部에셔 地方각郡守의 履歷書를 從速修報야 以便考閱케 라고 각觀察道에 通牒얏다더라,https://www.nl.go.kr/newspaper/detail.do?content_id=CNTS-00093149211
news_archive:CNTS-00093164099,1908,대한매일신보,Modern Korean,"Hanja, Old Hangeul",穿徑者奔走,現內閣이 變更되고 某某氏가 新內閣을 組織다 巷說이 浪藉 南北村某子某孫하 人들이 其捷徑을 欲得코야 奔走無暇즉 可謂炎涼世界라고다더라,https://www.nl.go.kr/newspaper/detail.do?content_id=CNTS-00093164099
news_archive:CNTS-00093149105,1908,대한매일신보,Modern Korean,"Hanja, Old Hangeul",俄使辨明,北京電을 據즉 露國公使포코칠노푸氏 各國公使 歷訪고 露國은 哈爾賓에 自治制度 施하고 警察官을 置랴 淸國政府 鐵道布設에 露國에셔 警察權이 無다 攻擊나 淸露協約에 其議定이 有즉 障碍가 無다 辨明얏다더라,https://www.nl.go.kr/newspaper/detail.do?content_id=CNTS-00093149105
news_archive:CNTS-00093158255,1908,대한매일신보,Modern Korean,"Hanja, Old Hangeul",下賜勳章,大韓醫院醫育部학監池셕永은 陞敍勳四等으로 江陵郡守池逸燦과 前陸軍正尉崔興植은 陞敍勳七等太極章 下賜옵셧다더라,https://www.nl.go.kr/newspaper/detail.do?content_id=CNTS-00093158255
news_archive:CNTS-00093166506,1908,대한매일신보,Modern Korean,"Hanja, Old Hangeul",露軍入波,東京電을 據즉 俄國軍隊 파푸리트 占領기 爲하야 波斯로 入去얏다더라,https://www.nl.go.kr/newspaper/detail.do?content_id=CNTS-00093166506
news_archive:CNTS-00093166186,1908,대한매일신보,Modern Korean,"Hanja, Old Hangeul",二十世紀之大慘劇 帝國主義,卞榮晩 著 正價금 拾五錢二十世紀之大慘劇 帝國主義空前絶後의 大文章(商業的奮鬪) 附刊本書 二十世記의 大慘劇된 帝國主義의 狀態를 敍述 者인 世界變轉의 大勢가 筆下에 飛躍고 民族競爭의 眞狀이 紙上에 活現야 吾人으로 야금 探海燈튼 眼光과 太平洋갓튼 胸襟과 巨靈斧갓튼 手腕을 壹讀再讀의 間에 居然獲得케  壹大著述이라 학問家의 不得不壹讀 書이오 政治家의 不得不壹讀 書이오 實業家의 不得不壹讀 書이오 新聞家의 不得不壹讀 書이오 全國民의 不得不壹讀 書이니 本書의 售出多少로 同胞의 思潮變遷을 卜코 노이다發매所 皇셩布屛下 廣학書舖 김相萬 京鄕各書店,https://www.nl.go.kr/newspaper/detail.do?content_id=CNTS-00093166186
news_archive:CNTS-00093167471,1908,대한매일신보,Modern Korean,"Hanja, Old Hangeul",盧李裁判,淸州郡居盧啓泰氏가 該郡前郡守리漢膺氏許에 牢刑을 苦受 炮락之痕과 萬金宗物를 强納 印尺之證으로 京城地方裁判所에 呼訴야 本月十六日에 리漢응氏와 對質裁判다더라,https://www.nl.go.kr/newspaper/detail.do?content_id=CNTS-00093167471
news_archive:CNTS-00093169291,1908,대한매일신보,Modern Korean,"Hanja, Old Hangeul",成氏落科,水原 幸行時에 近衞騎兵隊餉官成瓚慶시가 紙貨百餘圓을 셔失고 兵丁車某의 所爲라 야 無數히 惡刑을 行하얏다 說은 已揭어니와 車某의 父가 其子의 無辜히 牢刑當을 憤恨이 넉여 軍部에 呼訴하야 對質裁判대 成氏가 落科하얏다더라,https://www.nl.go.kr/newspaper/detail.do?content_id=CNTS-00093169291
news_archive:CNTS-00093165530,1908,대한매일신보,Modern Korean,"Hanja, Old Hangeul",本所에셔 測量製圖事務所,本所에셔 測量製圖事務所 西署積善坊唐皮洞壹統六戶에 特設고 礦山 山林 土地 家屋을 幷히 需應오니 僉君子 照亮來議심을 望大興測量事務所 告白,https://www.nl.go.kr/newspaper/detail.do?content_id=CNTS-00093165530
news_archive:CNTS-00093160951,1908,대한매일신보,Modern Korean,"Hanja, Old Hangeul",孤兒呼嵩,孤兒院學徒가 昨日 大漢門前에 齊進야 萬歲를 三呼얏다더라,https://www.nl.go.kr/newspaper/detail.do?content_id=CNTS-00093160951
news_archive:CNTS-00093158503,1908,대한매일신보,Modern Korean,"Hanja, Old Hangeul",日沮警權,鐘路廣通橋上에 來往하 行人을 來左去右케야 互相便利은 壹般人民이 共知 바어니와 再昨日上午에 何許日人壹名이 當地巡査의 警察權을 違背지라 巡査가 日人을 阻遏대 日人曰 行路左右任余自由어 巡査가 何可阻遏乎아 고 警察權을 違反되 巡査가 不能禁止 傍觀者가 皆曰 巡査도 日人의게 莫敢誰何라 더라,https://www.nl.go.kr/newspaper/detail.do?content_id=CNTS-00093158503
news_archive:CNTS-00093163223,1908,대한매일신보,Modern Korean,"Hanja, Old Hangeul",漢城鍾路慈惠醫院診察所內人員及時間廣告,醫學校卒業後濟衆院卒業의학博士 洪셕厚의학校卒業生 朴啓陽濟衆院의학實地六年학習婦人의학生 朴慈惠濟衆院看護婦三年生 沈慈善慈惠의院主 李觀化診察時間每日下午壹時至八時지 診察고 日曜日은 休業檢眼機新到此鍾路慈惠醫院에셔 大英國製視力檢査機械와 金銀변眼鏡을 購置고 男女視力을 檢査야 適合대로 廉價放賣하오니 視力이 不足이 速速히 來臨야 視力을 檢査아니라 人의 眼은 壹體中에 莫重것인즉 壹般紳士와 貴婦人과 學生과 技術家와 商人과 官妓 壹次視力의 檢査 不可不受기바라나이다,https://www.nl.go.kr/newspaper/detail.do?content_id=CNTS-00093163223
news_archive:CNTS-00093167757,1908,대한매일신보,Hanmun,Hanja,月曜及慶節歲時日休刊,檀君開國四千二百四十一年箕子元年三千三十年大韓開國五百十七年日本明治四十一年淸國光緖三十四年陰曆戊申十月大廿五日丁丑,https://www.nl.go.kr/newspaper/detail.do?content_id=CNTS-00093167757
news_archive:CNTS-00093820502,1908,황성신문,Modern Korean,Hangeul,일본졍부졔죠연쵸,일본졍부졔죠연쵸대화[삽화]한국일수판등아연쵸쥬식회사경셩명동,https://www.nl.go.kr/newspaper/detail.do?content_id=CNTS-00093820502
news_archive:CNTS-00093827286,1908,황성신문,Modern Korean,"Hanja, Old Hangeul",叅宴後歸國,●叅宴後歸國 度支部日人高等官中日本大藏省에 關係가 有 諸人이 本月拾七日에 目下渡韓 池袋專賣局經理部長 三輪檢查官、佐佐東亞烟草會社長三氏를 花月樓로 請邀宴待얏 池袋佐佐兩氏 昨日南大門發列車를 搭乘歸國얏더라,https://www.nl.go.kr/newspaper/detail.do?content_id=CNTS-00093827286
news_archive:CNTS-00093830549,1908,황성신문,Modern Korean,"Hanja, Old Hangeul",警察會議,●警察會議 昨日午前十時붓터 十三道警察部長會議를 開얏 內部大臣同次官及局長이 叅會야 大臣次官局長의 訓示演說이 有얏고 本日은 午前十時붓터 開會고 法部次官檢事総長軍醫部長이 訓示演說터이라더라,https://www.nl.go.kr/newspaper/detail.do?content_id=CNTS-00093830549
news_archive:CNTS-00093837138,1908,황성신문,Modern Korean,"Hanja, Hangeul",日官舍宅料,●日官舍宅料 學部內日本官吏中奏任官以下의 每朔舍宅料가 六百七十圜이라더라,https://www.nl.go.kr/newspaper/detail.do?content_id=CNTS-00093837138
news_archive:CNTS-00093837140,1908,황성신문,Modern Korean,"Hanja, Old Hangeul",必是喫烟,●必是喫烟 北部巡山巡查가 再昨日下午二時頃에 彰義門外에 巡視즉 四拾歲假量된 男子의 尸軆가 遺棄얏다 報告으로 北部에셔 神吉醫師를 派遣檢尸즉 懷中에 鴉片一封이 有고 口中으로 黃涎이 流出더라더라 必是鴉片을 吸喫 所以라더라,https://www.nl.go.kr/newspaper/detail.do?content_id=CNTS-00093837140
news_archive:CNTS-00093824363,1908,황성신문,Hanmun,Hanja,新進部,廣 告 新 進 部皇城新聞 全佑基氏 寺洞 李泰榮氏 竹山郡 新聞縱覽所 安岳郡,https://www.nl.go.kr/newspaper/detail.do?content_id=CNTS-00093824363
news_archive:CNTS-00093835686,1908,황성신문,Modern Korean,"Hanja, Old Hangeul",兩郡森林調查,●兩郡森林調查 農商工部에셔 平山鳳山兩郡에 在 國有森林을 調查 次로 技手張斗炳氏를 今日에 泒送얏다더라,https://www.nl.go.kr/newspaper/detail.do?content_id=CNTS-00093835686
news_archive:CNTS-00093829156,1908,황성신문,Modern Korean,"Hanja, Old Hangeul",依免請議,●依免請議 咸平郡守秦尙彥氏가 辞職請願얏 該氏依免件을 內部에셔 內閣에 請議얏다더라,https://www.nl.go.kr/newspaper/detail.do?content_id=CNTS-00093829156
news_archive:CNTS-00093823809,1908,황성신문,Modern Korean,"Hanja, Old Hangeul",宮廷錄事,官 報○宮廷錄事 ○陛見 本月二十一日上午十二時에 太子太師伊藤博文이 陛見事○陪食 本月二十一日下午一時에 演慶堂에셔 太子太師伊藤博文의에 御陪食를 賜신 事 四月二十一日,https://www.nl.go.kr/newspaper/detail.do?content_id=CNTS-00093823809
news_archive:CNTS-00093838687,1908,황성신문,Modern Korean,"Hanja, Old Hangeul",衛生費의舊貨収納,●衛生費의舊貨収納 現今漢城衛生費를各警察署內에農工銀行事務員이出張야壹週間에収納기로的定얏該銀行에셔舊貨를収納지아니故로京城商業會議所에셔該事由를度支部에交涉야新舊貨을無碍収納케라으로度支部에셔其請願을因야農工銀行에即時電訓故로商業會議所에셔衛生費를舊貨로辦納라고一般商業界各區域에揭榜얏다더라,https://www.nl.go.kr/newspaper/detail.do?content_id=CNTS-00093838687
news_archive:CNTS-00093821339,1908,황성신문,Modern Korean,"Hanja, Old Hangeul",民不聽從,●民不聽從 東來人의 傳說을 據즉 江原道會諭委員韓宜東氏가 淮陽郡에 到着야 該郡官廳을 旅舘으로 定고 人民에게 宣諭 次로 各面長里長을 招致즉 各面長들이 言기를 皇勅을 奉承고 宣諭랴면 各面里에 親行曉諭것이 妥當거날 晏然在郡야 人民을 招來야고 一不聽從다더라,https://www.nl.go.kr/newspaper/detail.do?content_id=CNTS-00093821339
news_archive:CNTS-00093817173,1908,황성신문,Modern Korean,"Hanja, Old Hangeul",宮村追報,●宮村追報 宮村에셔 日兵과 義徒가 接戰은 別項과 如거니와 廣州郡守가 巡檢을 泒送야 義徒에게 供食 人三名을 查實次로 招去얏다더라,https://www.nl.go.kr/newspaper/detail.do?content_id=CNTS-00093817173
news_archive:CNTS-00093827816,1908,황성신문,Hanmun,Hanja,啓者本號新到上品洋草帽山東紬貴州紬金鷄,○啓者本號新到上品洋草帽山東紬貴州紬金鷄納霜歐米各種貨物各色毛織洋銀茶具等諸君欲買者請早來購是荷 美洞屛門永泰昌 告白,https://www.nl.go.kr/newspaper/detail.do?content_id=CNTS-00093827816
news_archive:CNTS-00093828133,1908,황성신문,Modern Korean,"Hanja, Old Hangeul",普通敎科漢文讀本,普通敎科漢文讀本 二十五錢本書 支那戰國時代로븟허 淸國現時代지 古今文의 時宜에 適合 者를 摘取야 漢文의 進就와 智識의 啓發 津梁을 編成,https://www.nl.go.kr/newspaper/detail.do?content_id=CNTS-00093828133
news_archive:CNTS-00093822281,1908,황성신문,Modern Korean,"Hanja, Old Hangeul",下賜金附會,●下賜金附會 日本留學生의 組織 大韓學會에셔 総代李昌煥、朴炳喆兩氏를 泒送야 本國有志社會에 其團合 趣旨를 說明은 前報에 已記얏거니와 內閣大臣과 宮內大臣諸氏가 此言을 聞고 各히 一百圜式収聚야 合一千圜을 捐助고 総相이 日本에 滯留 學相의게 囑託야 旣往 大內에셔 下賜옵신 一萬圜을 該會로 移附야 會務를 擴張케되 本金은 消耗치 勿고 每朔利子를 取야 五十圜은 家屋貰로 除用고 其餘 會費會報刋行費에 充用라얏다니 曩者에 學部에셔 下賜金으로 留學生俱樂部를 設立다 一般輿論이 學生의 敎育上에 用은 可커니와 俱樂部가 何當고더니 今에 該金額을 學會로 移附은 総相의 措處가 得當다고덜더라,https://www.nl.go.kr/newspaper/detail.do?content_id=CNTS-00093822281
news_archive:CNTS-00093835900,1908,황성신문,Modern Korean,"Hanja, Old Hangeul",東省借欵의 訓令,●東省借欵의 訓令 上海電을 據즉 淸國政府에셔 鴨綠江伐木協約을 實施기 爲야 匯豐銀行과 五百萬佛借欵契約을 締結라고 東三省總督徐世昌氏에게 訓令얏다더라,https://www.nl.go.kr/newspaper/detail.do?content_id=CNTS-00093835900
news_archive:CNTS-00093834089,1908,황성신문,Modern Korean,"Hanja, Old Hangeul",本所에셔、山林、家屋、土地、鑛山,○本所에셔、山林、家屋、土地、鑛山製圖等事를 設備얏사오니 遠近僉君子는 來議시平安北道嘉山郡龍灘里誠明學校內 嶺笑驛 李秀根 博川新邑 宋錫雄 私立關西測量製圖事務所,https://www.nl.go.kr/newspaper/detail.do?content_id=CNTS-00093834089
news_archive:CNTS-00093817618,1908,황성신문,Modern Korean,"Hanja, Old Hangeul",解雇勞金,●解雇勞金 度支部印刷局에 聘傭얏든 宇津盛氏外六名을 觧雇으로 慰勞金六千五百十六환을 支出기로 决定얏다더라,https://www.nl.go.kr/newspaper/detail.do?content_id=CNTS-00093817618
news_archive:CNTS-00093830621,1908,황성신문,Modern Korean,"Hanja, Old Hangeul",司令部開會,●司令部開會 昨日午前十時붓터 長谷川軍司令官、岡崎師團長明石憲兵隊長松井警務局長丸山警視總監이 軍司令部樓上에셔 暴徒討伐事를 會議고 本日에도 開會다더라,https://www.nl.go.kr/newspaper/detail.do?content_id=CNTS-00093830621
news_archive:CNTS-00093830959,1908,황성신문,Hanmun,Hanja,新進部,皇城新聞 新 進 部 李重進氏 雲山郡 李鎔浩氏 東湖,https://www.nl.go.kr/newspaper/detail.do?content_id=CNTS-00093830959
news_archive:CNTS-00093830277,1908,황성신문,Hanmun,Hanja,皇城新聞  新進部,皇城新聞 新進部 金晉圭氏 社洞 大韓洗濯所 鉄橋,https://www.nl.go.kr/newspaper/detail.do?content_id=CNTS-00093830277
news_archive:CNTS-00093824746,1908,황성신문,Modern Korean,"Hanja, Old Hangeul",宦熱可嘆,●宦熱可嘆 內部에셔 郡主事及通譯官補를 試取은 累報얏거니와 其應試 人의 履歷書와 年齡을 考察면 舉皆年淺더러 現今各學校에셔 修業 人이 太半이라 此에 對야 物議를 據즉 該員들이 仕宦의 熱로 幾年間學業을 進就면 官職이 自來더러 國家에 大基礎도될터인 區區히 判任一窠를 圖得랴고 應試者가 多數에 至것이 慨惜 事오 且如此未經事 少年으로 地方官吏를 叙任것도 失當인듯다고더라,https://www.nl.go.kr/newspaper/detail.do?content_id=CNTS-00093824746
news_archive:CNTS-00093820516,1908,황성신문,Modern Korean,"Hanja, Old Hangeul",痘苗多製,雜 報●痘苗多製 大韓醫院에셔 痘苗製造所 設寘고 痘苗를 多數製造은 昨報에 已揭얏거니와 近白에 天然痘가 熾盛으로 酬用이 無暇야 私求에 不許얏더니 衛生上에 因此妨害가 不無이기로 公私間의 請求를 一切酬應라더라,https://www.nl.go.kr/newspaper/detail.do?content_id=CNTS-00093820516
news_archive:CNTS-00093818271,1908,황성신문,Modern Korean,"Hanja, Old Hangeul",本人의 世傳婢鳳順의 年이,○本人의 世傳婢鳳順의 年이 十二歲오 其弟鳳蟾의 年이 八歲에 其母가 已死야 養育于家이더니 其父趙萬奉이가 浮浪悖類로 陰十二月二十日夜에 誘引逃走야 將欲潛賣니 內外國人은 切勿見欺買置홈北署苑洞二十二統二戶 洪鍾吉,https://www.nl.go.kr/newspaper/detail.do?content_id=CNTS-00093818271
news_archive:CNTS-00093829390,1908,황성신문,Hanmun,Hanja,啓者漢城中署水漂橋西河崖新設淸國料理店,○啓者漢城中署水漂橋西河崖新設淸國料理店包辦各色酒席價廉味美並且樓房潔淨伺候週到於陰曆六月初二日開市各國僉君子知此照亮 會英樓主人徐鴻洲 謹白,https://www.nl.go.kr/newspaper/detail.do?content_id=CNTS-00093829390
news_archive:CNTS-00093828358,1908,황성신문,Modern Korean,"Hanja, Old Hangeul",水商請願警廳,●水商請願警廳 京城에 汲水商三百九十六名의 総代二名이 警視廳에 請願書를 提出얏 其槪意를 聞즉 今番水道會社가 設立되야 給水를 開始면 汲水商이 生計가 無터인즉 會社로야곰 汲水商에게 金額을 幾許間辦債케거나 不然면 相當 職業을 與라얏더라,https://www.nl.go.kr/newspaper/detail.do?content_id=CNTS-00093828358
news_archive:CNTS-00093833542,1908,황성신문,Modern Korean,"Hanja, Old Hangeul",大邱勞働學校校長玄擎運氏 素,○大邱勞働學校校長玄擎運氏 素是有志紳士로 勞心苦形야 倡立本校니 設校未幾에 勞働雲集야 學徒七八十名에 達지라 當地高明敎師四五人敎授之勞을 義務分擔고 每夜出席야 歷史地誌筭術軆操等課을 國文으로 敎授며 今番 聖節에 諸學徒가 愛國歌를 唱고 慶祝式을 行니 行路毌不嘖嘖曰嶺下風氣從此大開야 人智發達이 指日可期云云大抵玄氏 實로 嶠南敎育家第一嚆矢라 云云노이다 大邱勞働學徒等 告白,https://www.nl.go.kr/newspaper/detail.do?content_id=CNTS-00093833542
news_archive:CNTS-00093836336,1908,황성신문,Modern Korean,"Hanja, Old Hangeul",外務書記歸京,●外務書記歸京 芳澤外務書記官이 再昨夜에 歸京얏다더라,https://www.nl.go.kr/newspaper/detail.do?content_id=CNTS-00093836336
news_archive:CNTS-00093834651,1908,황성신문,Modern Korean,"Hanja, Hangeul",人權新說,人權新說 全六十四頁 定價金二十錢 郵稅二錢强者의 權利競爭論 全二百七頁 定價金四十五錢郵稅六錢絶世奇談羅賓孫漂流記 全百八十一頁 定價金四十錢郵稅四錢普通敎育國民儀範 全百二十四頁 定價金卅五錢郵稅四錢民刑訴訟規則五十二頁 定價金 十錢郵稅 錢拿破崙戰史百七十八頁定價金四十錢郵稅四錢大發賣所南部上茶洞八統一戶 義進社 發賣所 京鄕各冊肆,https://www.nl.go.kr/newspaper/detail.do?content_id=CNTS-00093834651
news_archive:CNTS-00093836739,1908,황성신문,Modern Korean,"Hanja, Old Hangeul",拓會綱領印刷,●拓會綱領印刷 農商工部商工局長은 東洋拓殖會社設立의 趣旨와 及其事務等을 我國人에게 周知케기 爲야 該會社法各條의 綱領을 註譯 冊子五千部를 印刷야 全國에 頒布기로다더라,https://www.nl.go.kr/newspaper/detail.do?content_id=CNTS-00093836739
news_archive:CNTS-00093830787,1908,황성신문,Modern Korean,"Hanja, Old Hangeul",平壤歡迎,●平壤歡迎 太極學會會長金洛泳氏는 本月二日에 平壤으로 下去엿 當地有志諸氏와 及日新學校任員들이 大同江上에셔 船遊會를 開고 歡迎式을 行엿다더라,https://www.nl.go.kr/newspaper/detail.do?content_id=CNTS-00093830787
news_archive:CNTS-00093829814,1908,황성신문,Modern Korean,"Hanja, Old Hangeul",本店에셔 新到着온,●本店에셔 新到着온 英國自轉車를 廉價로 大發賣오니 僉君子 光臨시아르게뷔쓰 百病通用藥水부란듸 各種男女洋服附屬品各種西洋酒食料各種 위시기西洋烟草 各種 呂宋烟敺米雜貨 各種法國上品金鷄獵 京城鍾路三昌商會 告白본졈에셔로도온영국덕국각종봉긔계를염가로방오니쳠군자뉵쇽구시 죵노삼창상회 고,https://www.nl.go.kr/newspaper/detail.do?content_id=CNTS-00093829814
news_archive:CNTS-00093827291,1908,황성신문,Modern Korean,"Hanja, Old Hangeul",不見內大,●不見內大 黃海觀察使趙羲聞全南觀察使申應熈兩氏가 昨日內部에 前往얏다가 該部大臣이 仕進치아니으로 因即各歸얏다더라,https://www.nl.go.kr/newspaper/detail.do?content_id=CNTS-00093827291
news_archive:CNTS-00093820293,1908,황성신문,Modern Korean,"Hanja, Old Hangeul",多種受賞,●多種受賞 咸北種痘事務員趙鼎國氏가 隆熙元年十一月붓터 去月지 種痘 數爻가 三千八十名인 故로 內部에셔 該趙氏에게 施賞다더라,https://www.nl.go.kr/newspaper/detail.do?content_id=CNTS-00093820293
news_archive:CNTS-00093826106,1908,황성신문,Modern Korean,"Hanja, Old Hangeul",磁器製造,●磁器製造 某某諸氏가 資本을 鳩聚야 三淸洞에 家屋을 一新히 建築고 洋磁器製造所를 剏設 次로 日前에 機械을 貿來얏다더라,https://www.nl.go.kr/newspaper/detail.do?content_id=CNTS-00093826106
news_archive:CNTS-00093835566,1908,황성신문,Modern Korean,"Hanja, Old Hangeul",雲南事件의 結局,外 報 (照謄)●雲南事件의 結局 上海電을 據즉 雲南事件으로 法淸兩國이 談辦얏 法國에셔 其要求를 撤回고 但淸國에 被害 法兵損害賠償과 內亂으로 因야 破壞된 滇越鉄道損害賠償金二拾萬兩을 賠償기로 决定얏다더라,https://www.nl.go.kr/newspaper/detail.do?content_id=CNTS-00093835566
news_archive:CNTS-00093830186,1908,황성신문,Modern Korean,"Hanja, Old Hangeul",八月五日開業  石版印刷,●八月五日開業 石版印刷弊堂에셔 石版、寫眞版、寫眞銅版、電氣銅版、等印刷와 鍮版、木版、銅版、等彫刻를 開業옵고 左記 課目로 精美히 印刷오니 僉君子 來臨相議심믈 敬要 ○商標、地圖、株券、書册揷畵、卒業証書、 ○藥封紙、冊衣、各色彩畵、古書畵摸寫、 ○寫眞葉書、寫眞帖、等其他種種應用美術印刷京城中部鐵物橋北邊五十二統六戶 文雅堂印刷所,https://www.nl.go.kr/newspaper/detail.do?content_id=CNTS-00093830186
news_archive:CNTS-00093833738,1908,황성신문,Modern Korean,"Hanja, Old Hangeul",民族競爭論  定價二十錢,民族競爭論 定價二十錢此篇은 民族의 時代變遷과 種類의 盛衰關係 備陳國民自由進歩論定價卄錢國民의 當行義務와 智識開發을 詳述東言考略 秋人鄭喬著定價二十錢東方의 言語原因과 俚諺證攷을 譯載 發行元 鍾路古今書海館 分賣所 京鄕各書舖,https://www.nl.go.kr/newspaper/detail.do?content_id=CNTS-00093833738
news_archive:CNTS-00093835083,1908,황성신문,Modern Korean,"Hanja, Old Hangeul",畿湖學會의 三個人,論 說 畿湖學會의 三個人◎畿湖學會가 成立 以來로 吾儕가 該會의 發展을 顒祝야 勸勉諷剌의 言詞로 深切懇篤의 忱誠을 發表이 惓惓不已야 三四次의 論文을 特揭이 有얏스나 該會의 發展 情况은 尙此未覩고 目下困難 消息을 屨聞니 無乃畿湖人士의 思想이 淺薄고 志氣가 懦劣야 然인지 心竊慨歎者ᅵ深이러니 李熙直氏가 所有畓土一百斗落을 寄付에 至야 不覺躍然狂喜야 從此로 畿湖人士의 觀感奮發 思想이 有야 爭自獻身 狀態가 繼續쥴노 認얏더니 此等義擧가 又復寥寥으로 心竊慨歎기를 畿湖兩省에 愛國志士와 熱血男兒가 只此一個人而已耶아얏더니 去日曜日総會에 朴勝鳳徐丙轍兩氏가 一塲演論이 激昂 餘에 所有家屋을 舉야 寄付 滿產가 感泣얏다니嗚呼라 我一般社會의 人士여 夫此三氏가 世傳 留土와 庇身 家屋을 擧야 公益에 付고 自家의 飢寒과 露處를 不顧으로 愚痴다 謂가 特殊다 謂가 吾儕 决코 愚痴다 謂치못▣고 特殊다 謂치아니노니 今我大韓種族이 此日此境에 至야 一條生路 敎育以外에 無他道理라 敎育이 有면 國家가 有고 吾家와 吾身도 有러니와 萬若敎育이 無면 國家가 無지니 吾家와 吾身이 何處寄托리오 右三氏가 有見於此으로 慨然奮發기를 今日吾人이 國家의 利益이 有 者면 吾의 軀命을 犠牲지라도 愛惜바 無터인 况畓土와 家屋乎아이니 其識見으로 言면 愚痴다 謂치못것이오 其義務로 言면 特殊다 謂바아니로다 至若徐丙轍氏의 寄付 內容을 聞건 該氏가 素以貧寒生活로 所有者는 只是十四間家屋이라 謂其夫人曰畿湖學會가 設立已久에 維持가 無望니 吾當以此家屋으로 寄付고 吾身은 獻야 十生九死라도 期期코 維持發展여야 畿湖人種을 保全리라즉 夫人이 答曰君子 國家의 公益을 爲야 獻身것이 當然 義務오 女子 君子의 指誨을 從고 雖望門乞飯이라도 子女를 救活터이니 幸勿以妻子爲念고 事業의 目的을 必就라얏다니 同氏의 刑于之化기 尤可欽誦萬萬지로다 惟此畿湖兩省에 名門巨室과▣封富戶가 磊落相望얏스니 右三氏의 義務를 對야 百分의 一을 效則지라도 該會發展은 確然可信이니 豈不可賀哉아大抵天下之情은 一也니 不惟我畿湖人士라 全國同胞가 擧皆觀感於此며 興起於此야 自家를 不顧고 公益을 是務면 何事를 不做며 何功을 不就리오 鳴呼其念之더라,https://www.nl.go.kr/newspaper/detail.do?content_id=CNTS-00093835083
news_archive:CNTS-00093826962,1908,황성신문,Modern Korean,"Hanja, Old Hangeul",御問學生,雜 報●御問學生 大皇帝陛下셔 昨日文廟에 展拜신 後에 翼蟬冠과 黃龍袍를 御換着시고 學生을 招見시 學生들이 拜禮를 行얏고 其後에 學生에게 勞問셧다더라,https://www.nl.go.kr/newspaper/detail.do?content_id=CNTS-00093826962
news_archive:CNTS-00093819571,1908,황성신문,Modern Korean,"Hanja, Old Hangeul",連山戰報,●連山戰報 本月十八日에 義徒畧五十名이 連山郡大利方面에 來襲으로 該郡에 駐在 日憲兵七名이 出張야 交戰三十分間에 該徒의 死者가 三名이오 負傷者가 六名인 銃五柄을 獲取얏다더라,https://www.nl.go.kr/newspaper/detail.do?content_id=CNTS-00093819571
news_archive:CNTS-00093838531,1908,황성신문,Modern Korean,"Hanja, Old Hangeul",水族館經費負擔,●水族館經費負擔 農商工部에셔明年度豫筭中으로京城에博覽會를開設터인水族館은仁川에設置기로定얏其經費의若千은仁川港有志者等이負擔터이라더라,https://www.nl.go.kr/newspaper/detail.do?content_id=CNTS-00093838531
news_archive:CNTS-00093827472,1908,황성신문,Modern Korean,"Hanja, Old Hangeul",公告,公告本局의서 事務處理의 形便을 因야 今二十一日以後붓터 不動產利用에 關 請願을 受理치아니 隆熙二年六月二十一日 帝室財產整理局,https://www.nl.go.kr/newspaper/detail.do?content_id=CNTS-00093827472
news_archive:CNTS-00093829653,1908,황성신문,Modern Korean,"Hanja, Old Hangeul",特別廣告,●特別廣告本書林에셔 各種新舊書籍을 特以廉價로 大發賣오니 愛讀僉彥은 陸續購覽을 敬要西署南門外紫岩四十二統十戶 新舊書林池松旭,https://www.nl.go.kr/newspaper/detail.do?content_id=CNTS-00093829653
news_archive:CNTS-00093838476,1908,황성신문,Modern Korean,"Hanja, Old Hangeul",間者平壤地에出張얏다가現今還京야依前處務오니,○間者平壤地에出張얏다가現今還京야依前處務오니民刑訴訟의關係諸氏陸續來議시 辯護士尹邦鉉 事務員閔泳善 法律事務所自邸幷移 南部武橋一統二戶 出張事務所 慶尙南道晋州城外中安三洞 全鳳世家 事務員 兪致穆,https://www.nl.go.kr/newspaper/detail.do?content_id=CNTS-00093838476
news_archive:CNTS-00093827305,1908,황성신문,Modern Korean,"Hanja, Old Hangeul",欲訴被捉,●欲訴被捉 慶尙南道結民代表柳萬秀北道結民代表崔永煥兩氏가 該道結價十二圜을 依他道例야 八圜으로 収捧라고 度支部에 屢度請願즉 自該部로 指令기를 用葉郡加四圜은 自是定率이라으로 該兩氏等이 再昨日度大仕進時에 路上挽車고 堅力請願 該保護巡查가 押囚該部고 問其理由後에 受其請願書고 即爲放送얏다더라,https://www.nl.go.kr/newspaper/detail.do?content_id=CNTS-00093827305
news_archive:CNTS-00093836445,1908,황성신문,Modern Korean,"Hanja, Hangeul",本人이 銅峴博學書舘을 他人同業,○本人이 銅峴博學書舘을 他人同業이옵다가 今에 書舘을 各設하고 各種書籍을 大發賣하오니 知舊及購覽僉彥은 照亮務望 京城南部銅峴四巨里(二層屋) 文明書舘 玄 檍 告白,https://www.nl.go.kr/newspaper/detail.do?content_id=CNTS-00093836445
news_archive:CNTS-00093825484,1908,황성신문,Modern Korean,"Hanja, Old Hangeul",韋菴先生張志淵氏,韋菴先生張志淵氏 著 女子讀本 녀독본 一秩二冊 二百七十頁 定價金 六十錢我韓女學의 不講이 久矣라 雖上等婦人이라도 知識이 虛誕 諺冊에 不過더니 挽近以來로 文明에 有意야 女子學校가 在在發起나 完全 敎科書가 無야 識者의 慨歎바라 故로 此書二卷은 女子의 知識開發기 爲야 纂輯얏 國文으로 純用고 漢文으로 旁註야 上卷은 本國故代有名 婦人의 歷史요 下卷은 東西各國有名 婦人의 歷史이오니 有志 僉君子는 速速來購시 發賣元皇城中署布屛廣學書舖金相萬 發賣所 京鄕各有名書舖 平壤鍾路耶蘇敎册肆 法橋大同書觀,https://www.nl.go.kr/newspaper/detail.do?content_id=CNTS-00093825484
news_archive:CNTS-00093831539,1908,황성신문,Modern Korean,"Hanja, Old Hangeul",日本船의 捕拿,●日本船의 捕拿 華盛頓電에 曰美國政府의 公報를 據 則日本船긴사 丸사이기 丸兩隻及搭坐員五十九名이센도호루 島附近에셔 美國巡邏艦비야 号에게 捕拿되얏다더라,https://www.nl.go.kr/newspaper/detail.do?content_id=CNTS-00093831539
news_archive:CNTS-00093822929,1908,황성신문,Hanmun,Hanja,幼年必讀,幼年必讀玄釆君著 男女小學校俱用 四卷合附二冊 定價金八十錢 特別减價六十錢一此書專爲兒童敎科之用都爲四卷共分一百三十二課以供小學校二四學年期讀習 一每課字數由簡至繁且一二卷則多用國文以便肄習 一學堂每年除署暇年暇與禮拜及各節日則每年所敎爲二百餘日此書每年實得一百十餘課以二日一計之怡足二年之用 一我韓人尙泥舊習昧於愛國誠故此書專以喚起人類思想爲主以歷史爲総括傍及地誌與世界事狀 一此書雖曰幼年敎課而其實雖老年人亦不可不一讀盖欲其知國家人民之關係 一此書全篇俱傍加國文者使婦孺童叟易於披閱 一國人男婦俱知國民義務然後隨其知識程度又當改撰規制不可全以此書爲永久敎科,https://www.nl.go.kr/newspaper/detail.do?content_id=CNTS-00093822929
news_archive:CNTS-00093829394,1908,황성신문,Modern Korean,"Hanja, Old Hangeul",米雜糓及牛皮買入,●米雜糓及牛皮買入 右 精實迅速히 從事 {南大門通三丁目六十番地長洞第一銀行建築塲越邊} 笠井喜之助,https://www.nl.go.kr/newspaper/detail.do?content_id=CNTS-00093829394
news_archive:CNTS-00093834951,1908,황성신문,Modern Korean,"Hanja, Old Hangeul",本人의 先山이 在於温陽南面楡谷里積租山而,○本人의 先山이 在於温陽南面楡谷里積租山而今爲八十餘年守護禁養이더니 不意에 同郡金谷居 申聖休가 種以渠山고 陰本月七日에 測量技手金基冕과 渠의 族人申享求를 暗送야 全局內를 一一測量얏오니 世豈有如許無廉之軰乎잇기 事基叵測故로 玆에 廣佈 水原居徐相天 告白,https://www.nl.go.kr/newspaper/detail.do?content_id=CNTS-00093834951
news_archive:CNTS-00093833979,1908,황성신문,Hanmun,Hanja,文明錄,文明錄尹永燦氏 一圜九十二錢朴允喆氏 一圜,https://www.nl.go.kr/newspaper/detail.do?content_id=CNTS-00093833979
news_archive:CNTS-00093818852,1908,황성신문,Modern Korean,"Hanja, Old Hangeul",私立興化學校學員募集廣告,●學員募集廣告本校의 入學期가 在邇얏기 玆에 廣告오니 志學 僉員은 來二月十日(陰正月初九日)至十五日內로 來試入學시●入學試驗科目 作文(國漢文) 讀書 筭術(四則以內)●入學年齡十六歲以上●修業年限三個年●學科文學 作文語學{日英隨意} 數學 筭術 地誌{內外} 歷史{內外} 理化學 博物學 法制 經濟學 簿記法財政學國家學隆熙二年一月 日漢城中署壽洞私立興化學校,https://www.nl.go.kr/newspaper/detail.do?content_id=CNTS-00093818852
news_archive:CNTS-00093832023,1908,황성신문,Modern Korean,"Hanja, Old Hangeul",洪原水害,●洪原水害 洪原郡에 水害가 有은 已揭얏거니와 家屋全壞七戶、同半壞八戶、浸水家屋四百戶、器物破壞百四十五個雜糓漂失八石、橋梁의 漂失四個所、獸畜損害䐁六頭니 此損害額이 一千五十元이라더라,https://www.nl.go.kr/newspaper/detail.do?content_id=CNTS-00093832023
news_archive:CNTS-00093825927,1908,황성신문,Modern Korean,"Hanja, Old Hangeul",華盛頓傳,華盛頓傳 全一册定價金二十錢此傳은 英政府의 非常 壓制를 脫却고 北美一大共和國을 建設든 大英雄華盛頓의 事蹟이라 其砲烟彈雨의 艱苦를 備甞고 刀山釼水의 危險을 累冒야 百折不回 力으로 同胞를 水火中에 拯救고 宏業을 宇宙間에 特立은 實로 讀者로야곰 自由心과 忍耐力과 保種愛國의 種種思想이 油然感發케오니 社會의 有志신 諸君子 此傳을 是讀야 此人을 是師시오 發行元 南署大廣橋匯東書舘 分賣所 京鄕有名書館,https://www.nl.go.kr/newspaper/detail.do?content_id=CNTS-00093825927
news_archive:CNTS-00093824362,1908,황성신문,Modern Korean,"Hanja, Old Hangeul",五月一日開業大韓書林,●廣 告五月一日開業 大韓書林本書林에셔 內外國書籍과 學校用品一切를 廉價販賣오니 僉君子 陸續枉購심을 望홈但遠方에셔 郵便으로 請求 時 本舖事務員李星鎬의게 交涉시京城北部小安洞十六統八戶 大韓書林主鄭雲復 白,https://www.nl.go.kr/newspaper/detail.do?content_id=CNTS-00093824362
news_archive:CNTS-00093820898,1908,황성신문,Modern Korean,"Hanja, Old Hangeul",平壤女校,●平壤女校 學部에셔 平壤郡에 高等女學校를 設置기로 內閣에 請議얏다더라,https://www.nl.go.kr/newspaper/detail.do?content_id=CNTS-00093820898
news_archive:CNTS-00093832629,1908,황성신문,Modern Korean,"Hanja, Old Hangeul",學員再選廣告,●學員再選廣告本校林業科에셔 學員을 再選오니 願學僉員은 本月三十日以內로 請願書를 提呈 但試驗日字는 九月二日 開學日字 九月五日隆熙二年八月二十日 西大門內普成學校,https://www.nl.go.kr/newspaper/detail.do?content_id=CNTS-00093832629
news_archive:CNTS-00093826352,1908,황성신문,Modern Korean,"Hanja, Old Hangeul",公告,●公告人民의 私有財產으로 前各宮司院에 關係된 事件에 對하야 近日人民으로브터 請願書에 添付 文券에 僞造가 層生하야 處理上眩惑이 多지라 此等犯法者 押付司法하야 依律懲戒하려니와 嗣玆以往으로 本局에 關係가 有하야 文券及書類를 添付請願하 者 務守眞實하야 無至抵罪이 爲可 隆熙二年五月二十二日 臨時 帝室有及國有財產 調查局委員長宋秉畯,https://www.nl.go.kr/newspaper/detail.do?content_id=CNTS-00093826352
news_archive:CNTS-00093834129,1908,황성신문,Modern Korean,"Hanja, Old Hangeul",張氏回國,●張氏回國 張志淵氏가 海蔘威海朝新聞社에 主筆로 被雇얏다가 該社撤刋後에 淸國上海에 遊覽次로 渡去야 仍以身病으로 數月呻吟다으로 其子在軾氏가 日前上海로 發向얏다더니 㪅聞즉 張志淵氏 再昨日에 淸國安東縣으로 京義鉄路를 搭乘고 本國에 回來야 現今調病中이라더라,https://www.nl.go.kr/newspaper/detail.do?content_id=CNTS-00093834129
news_archive:CNTS-00093834287,1908,황성신문,Modern Korean,"Hanja, Old Hangeul",合郡事件,●合郡事件 郡邑廢合 事件을 聞즉 各該道觀察使가 郡邑廢合與否에 對야 便利으로 認定야 內部에 報告면 內部에셔 依施다더라,https://www.nl.go.kr/newspaper/detail.do?content_id=CNTS-00093834287
news_archive:CNTS-00093828487,1908,황성신문,Modern Korean,"Hanja, Old Hangeul",特別廣告,●特別廣告本書肆에셔 新舊書籍을 發賣오니 愛讀僉君은 陸續來購시믈 敬要 全州南溪七書房主人張在彥,https://www.nl.go.kr/newspaper/detail.do?content_id=CNTS-00093828487
news_archive:CNTS-00093823795,1908,황성신문,Modern Korean,"Hanja, Old Hangeul",明月舘擴張廣告,明月舘擴張廣告恭惟斗柄이 東指에 天下ᅵ開春社會大運이 愈往愈昌지라 本舘이 爲此禱祝와 營業機關을 擴張奮勵야 一新改良고 器俱舖陳과 盆栽莊飾이 雖千人以上이라도 儀式設備가 毫無缺點이기 擴張 物品을 左開仰佈오니幸須眷愛光顧시와 俾增繁昌케심을 千萬至希 公宴私會必要品左開一 大小宴會宴需品及各種機俱 一 후이식기 酒一 韓料理特別改良交子 一 란 酒一 仝普通交子 一 葡萄酒一 얼 交子 一 各國輕便食物(甬熟)一 酒肴床 一 眞饌盒乾饌盒一 食交子 (大小) 一 卷烟呂松烟埃及烟一 各種西洋料理 其 他一 藥酒燒酒俱和酒一 菊正宗酒一 各種麥酒一 三鞭酒 美色歌童唱夫長皷大鼓}請求則隨時應供一 宴會器具品을 或貰借도오며 委托에도 酬應大韓京城中署(光化門通)黃土峴紀念碑前 明月舘 告白 (電話 七百二十五番),https://www.nl.go.kr/newspaper/detail.do?content_id=CNTS-00093823795
news_archive:CNTS-00093822845,1908,황성신문,Modern Korean,"Hanja, Old Hangeul",國內學生덜이 來十二日（日曜）上午十二時에,○國內學生덜이 來十二日(日曜)上午十二時에 磚洞普成學校에 聯合懇親會를 開하고 紳士李商在鄭雲復兩氏가 演說하오니 諸學員은 枉臨하시 國內學生一同,https://www.nl.go.kr/newspaper/detail.do?content_id=CNTS-00093822845
news_archive:CNTS-00093825901,1908,황성신문,Modern Korean,"Hanja, Old Hangeul",幻弄作人,●幻弄作人 近日에 各地方財務主事덜이 驛屯土의 付屬됨을 奇貨로 知야 遺賂를 受고 作人을 幻弄 今春以後로 臨農奪耕 人民이 多으로 各監督局과 度文部에 呼冤 請願이 多즉 必然主務部에 一番嚴飭이 有리라더라,https://www.nl.go.kr/newspaper/detail.do?content_id=CNTS-00093825901
news_archive:CNTS-00093817243,1908,황성신문,Modern Korean,"Hanja, Old Hangeul",叙任及辭令,○叙任及辭令 依願免本官 度支部書記郞金濬植 隆熙元年十二月二十六日軍部前書記郞金鍾瀚 任陸軍武官學校書記郞叙判任官三級△陸軍步兵副尉柳冀聖 仝高永均 仝柳喜章 仝兪致萬 仝洪淳正 仝韓昌履 陸軍步兵叅尉朴用來 仝金華成 仝金鍾浩 仝李憙振 仝金東五 仝裴駿煥仝金永玨 仝李承旭 觧日本軍隊見學 以上隆熙元年十二月二十七日陸軍步兵正尉白樂萬 陸軍步兵副尉柳冀聖 仝高永均 仝柳喜章 仝兪致萬 仝洪淳正 仝韓昌履 仝張基承 陸軍步兵叅尉朴用來 仝金華成仝金鍾浩 仝李憙振 仝金東五 仝裴駿煥 仝金永珏 仝李承旭 仝李珏 仝具滋承 仝吳鳳根 仝方世榮仝李普水 仝金東元 仝金聲集 仝成贊慶 陸軍騎兵叅尉李鍾聲 補軍部附△掌禮院典祀吳泰泳 奎章閣直閣趙重鼎 依願免本官△任 宮內府事務官叙奏任官四等 黑崎美智雄△典膳可事務를 囑托(判任待遇) 金仁承 以上隆熙元年十二月二十八日奎章閣副提學洪性友 帝室財產整理局事務官安國善 依願免本官△正三品徐廷岳 任 帝室財產整理局事務官叙奏任官三等 以上熙隆元年十二月三十日,https://www.nl.go.kr/newspaper/detail.do?content_id=CNTS-00093817243
news_archive:CNTS-00093817622,1908,황성신문,Modern Korean,"Hanja, Old Hangeul",法學通用,●法學通用 昌原府尹李琦氏가 學部에 報告되 皮封에 學部大臣趙重應이라 書 故로 該部文書課에셔 學部大臣의 姓名은 趙重應氏가아나라고 即時繳還얏다더라,https://www.nl.go.kr/newspaper/detail.do?content_id=CNTS-00093817622
news_archive:CNTS-00093825373,1908,황성신문,Modern Korean,"Hanja, Old Hangeul",爲得便宜任命,●爲得便宜任命 內部에셔 曩者에 郡主事二十一名을 任命얏 此 皆日語를 曉觧 者를 試驗 後에 採用 者니 該主事 討伐隊警察憲兵隊와 聯絡야 義徒鎭壓과 地方行政의 便宜를 得기 爲야 任命얏다더라,https://www.nl.go.kr/newspaper/detail.do?content_id=CNTS-00093825373
news_archive:CNTS-00093822733,1908,황성신문,Modern Korean,"Hanja, Old Hangeul",親臨龍田,●親臨龍田 大皇帝陛下게셔 日昨秘苑에 御臨샤 龍耕田起耕을 御覽시고 該役夫一名에게 白米一石을 下賜셧다더라,https://www.nl.go.kr/newspaper/detail.do?content_id=CNTS-00093822733
news_archive:CNTS-00093819036,1908,황성신문,Modern Korean,"Hanja, Old Hangeul",忠南靑陽居 明聖順이가 本是,○忠南靑陽居 明聖順이가 本是悖流로 沒覺 尹好榮을 誘引야 其累代宗土을 僞造文券야 欲爲盜實오니 內外國人은 勿爲見欺시 靑陽居海平尹氏宗中 告白,https://www.nl.go.kr/newspaper/detail.do?content_id=CNTS-00093819036
news_archive:CNTS-00093835925,1908,황성신문,Modern Korean,"Hanja, Old Hangeul",岡崎歸國,●岡崎歸國 曩日에 渡韓 岡崎師團長은 明日下午三時에 歸國다더라,https://www.nl.go.kr/newspaper/detail.do?content_id=CNTS-00093835925
news_archive:CNTS-00093839693,1908,황성신문,Modern Korean,"Hanja, Old Hangeul",본인의발명별고약과,○본인의발명별고약과 신보환은쇼악종과 당창졔질에신효고회단은인후후비감창련쥬치질 간긔토담체이질학질안질의신효약이구비오니유병쳠군은문의시오남문안수각교북천변동죡다셧골츅동반찬가현판붓친웃골목안 尹相允종약국 告白,https://www.nl.go.kr/newspaper/detail.do?content_id=CNTS-00093839693
news_archive:CNTS-00093839654,1908,황성신문,Modern Korean,"Hanja, Old Hangeul",奉常司修理,●奉常司修理 前奉常司의修理를日前붓터着手該役事가畢了된後에革罷各宮의祭器를該司로移置計劃이라더라,https://www.nl.go.kr/newspaper/detail.do?content_id=CNTS-00093839654
news_archive:CNTS-00093822767,1908,황성신문,Modern Korean,"Hanja, Old Hangeul",會社法,●會社法 一冊特別减價金五十錢 撰述者 金祥演本書 即實業界의 一大指南으로 現今文明列邦의 通用 各種會社의 性質及組織方略과 及其各社員의 權利義務를 昭晳히 演述엿오니 凡爲實業上有志 者의 參考備品과 實業에 關 學問을 研究 學校에 可히 一大敎科書가되오니 斯速購覽심을 爲要發 賣 所 院前 廛平理 紙 金孝演 布屛下廣書學舖 中央書舘 鍾路大東書市 大 橋廣 滙東書舘 路鍾 古今書海館平壤大同舘門前敎育書畵館金有鐸,https://www.nl.go.kr/newspaper/detail.do?content_id=CNTS-00093822767
news_archive:CNTS-00093824202,1908,황성신문,Modern Korean,"Hanja, Old Hangeul",新舊刑事法規大全,張 燾 編輯 上下二卷 一千三百六十二貢一秩定價二圜六十錢新舊刑事法規大全本書의 上卷에 附例明律、大典會通、增修無冤錄、舊律令(甲、乙、丙三部)等四類오、下卷에 刑法大全、現行諸律令、附錄刑法艸案(前後兩種)等三類로 順次編輯 者이니 我韓의 刑律과 裁判制度及節次와 監獄規制의 變遷及沿革等総히 刑事上의 新舊諸法令에 關야 叅考上에 官長이 必携 一大法典이오니 有志僉彥은 速即購覽신을 務望 元賣所 鍾 路 樺皮廛 發賣所 鍾 路 大東書市 廣 橋 滙東書舘 洞 口 中央書舘 布屛下 廣學書舖 銅 峴 博學書舘 南門外紫岩 新舊書林,https://www.nl.go.kr/newspaper/detail.do?content_id=CNTS-00093824202
news_archive:CNTS-00093829870,1908,황성신문,Modern Korean,"Hanja, Old Hangeul",敎育月報,敎育月報 定價金十五錢 每月二十五日發行一般同胞의 男女老少有無識을 勿論고 各其事情과 年限에 拘碍되야 學校에 入學지못이에게 普通學術을 發達키 爲야 各種緊要 學問을 純國文으로 簡易케 繙譯야 敎育月報를 發行오니 此를 逐號購覽시 同胞 皆有識 學者가될터인 故로 本社와 京鄕各書肆에셔 發賣홈 京城校洞二十九統四戶 敎育月報社,https://www.nl.go.kr/newspaper/detail.do?content_id=CNTS-00093829870
news_archive:CNTS-00093181534,1909,대한매일신보,Hanmun,Hanja,王官墜笏,三個宜休萬事閒 品詩時復落人間 中年壽壙營何早 愛是唐家地上山,https://www.nl.go.kr/newspaper/detail.do?content_id=CNTS-00093181534
news_archive:CNTS-00093176296,1909,대한매일신보,Modern Korean,"Hanja, Old Hangeul",民乎校乎,日本觀光團壹行이 發程 한城府民會에셔 韓日國旗를 交揭餞送하고 大東專門학校에셔도 出往餞別얏다더라,https://www.nl.go.kr/newspaper/detail.do?content_id=CNTS-00093176296
news_archive:CNTS-00093192789,1909,대한매일신보,Modern Korean,"Hanja, Old Hangeul",大成會開會,大成宗敎學會에셔 昨日上午十壹時에 臨時総會를 開고 會員三十餘人이 出席야 斯道闡明 事를 爛商協議고 會長은 孟輔淳氏로 副會長은 金永悳氏로 推薦고 來日曜日上午十壹時에 臨時総會를 續開기로 豫定엿다더라,https://www.nl.go.kr/newspaper/detail.do?content_id=CNTS-00093192789
news_archive:CNTS-00093188361,1909,대한매일신보,Modern Korean,"Hanja, Old Hangeul",金氏發程,학部主事金俊秀시 慶南 全南으로 朴應來氏 忠北 江原 兩道로 학事를 視察하기 爲하야 數日後 발程다더라,https://www.nl.go.kr/newspaper/detail.do?content_id=CNTS-00093188361
news_archive:CNTS-00093190774,1909,대한매일신보,Modern Korean,"Hanja, Old Hangeul",빙氏歸國,京城에 駐在엿던 舊比利時領事빙카氏가 콜롬비야國代理公使로 轉任은 已報어니와 本日에 出발歸國다더라,https://www.nl.go.kr/newspaper/detail.do?content_id=CNTS-00093190774
news_archive:CNTS-00093173387,1909,대한매일신보,Modern Korean,"Hanja, Old Hangeul",高氏高義,西部社稷洞居 金天煕氏가 家勢至貧야 鍾路滙東書館에셔 雇傭 터인대 日前에 不幸히 親喪을 遭고 經襄無期더니 該舘主高裕相氏가 多數金額을 捐助安葬하얏고 金氏의 婦人이 解産生男고 護産이 渺然더니 高氏가 米藿等을 優數捐救하엿다더라,https://www.nl.go.kr/newspaper/detail.do?content_id=CNTS-00093173387
news_archive:CNTS-00093192391,1909,대한매일신보,Modern Korean,"Hanja, Old Hangeul",賞金四等,學部官吏의 年終賞與金은 視務勤慢을 調査야 甲乙丙丁四等으로 分給다더라,https://www.nl.go.kr/newspaper/detail.do?content_id=CNTS-00093192391
news_archive:CNTS-00093189469,1909,대한매일신보,Modern Korean,"Hanja, Old Hangeul",天喜堂詩話 (續),詩란 者 國民言語의 精華라 故로 强武 國民은 其詩부터 强武며 文弱 國民은 其詩부터 文弱나니 一國의 盛衰治亂은 大抵其國詩에셔 可驗지오 又其國의 文弱을 回야 强武에 入코 진 不可不其文弱 國詩부터 改良지라 余가 近世我國에 流行 詩歌를 觀건 太半流靡淫蕩야 風俗의 腐敗만 釀지니 世道에 關心 者가 汲汲히 其改良을 謀이 可며 又其中에셔 特히 民俗에 有益 만 詩歌를 蒐集야 詩界의 國粹를 保全이 可지나 但古가 殘缺야 三國時代에 眞正强武 詩歌 得見키 難니 惜哉로다往者에 雩崗이 風騷續選一卷을 寄送바 此를 開讀즉 是本朝以來帝王將相名儒達士의 詩歌를 載더라 其名이 旣是續選인즉 其前篇이 必有지며 是篇이 又是本朝初葉으로 爲始엿슨즉 其前篇은 必是三國勝朝時代를 錄엿슬지니 然則其中에 或愚溫達 乙支文德 諸公의 出軍歌도 載有지며 又或陽山歌(新羅人이 名將韻蓮의 戰死를 慰 歌)會蘇歌(新羅人의 勸農歌)等도 載有지라 此書가 若出면 我國詩界에 一大紀念이 될더러 又古사의 缺文을 補 者ᅵ 甚多리니 엇지 余의 夢寐渴求 아니리오만은 우강家에 所存은 只是此續篇이라 며 又其他藏書家들은 凡一般셔籍을 忠州 잘은고비의 錢米를 吝惜과 如니 何處에 從야 此를 得見리오 今에 我國人다려 問曰我國詩가 何時에 始엿나뇨 면 或曰類利王의 黃鳥詩가 是라 며 或曰乙支文德의 遺于仲文詩가 是라 나 是 皆漢詩오 國詩가 아니라 五百年來文學家案上에 但只漢詩만 堆積야 馬上寒食 途中暮春이 童孺의 初等小學이 되며 洛城一別胡騎長驅가 校塾의 專門敎科가 되고 國詩에 至야 笆籬邊에 閑棄지 幾百年이니 嗚乎라 此亦國粹衰落의 一原因인져 (未完),https://www.nl.go.kr/newspaper/detail.do?content_id=CNTS-00093189469
news_archive:CNTS-00093181569,1909,대한매일신보,Modern Korean,"Hanja, Old Hangeul",民會美擧,全州郡民會會長白南信氏가 昨年冬에 金壹萬五千圓을 農工銀行에 出債야 勤實 會員九人에게 分給야 貿米積置얏더니 今番夏旱을 當야 米價가 日騰지라 該會長이 會員과 協議고 該米를 境內에 放斥되 時價를 準치 아니고 但히 原金의 利子와 糴糶의 浮費만 加計收價야 境內에 利益이 普及으로 稱頌이 藉藉다더라,https://www.nl.go.kr/newspaper/detail.do?content_id=CNTS-00093181569
news_archive:CNTS-00093173368,1909,대한매일신보,Modern Korean,"Hanja, Old Hangeul",宋秉쥰의 歸期,內部大臣宋秉쥰은 日本國會決末後에 歸國 預定이라더라,https://www.nl.go.kr/newspaper/detail.do?content_id=CNTS-00093173368
news_archive:CNTS-00093172495,1909,대한매일신보,Modern Korean,"Hanja, Old Hangeul",旗號頗奇,大皇帝陛下셔 去番南 巡幸실 時에 大邱等地에셔 具某李某 兩人이 伊藤統監質問긔라 大書堅立하얏거날 該警察署에 捕捉얏다가 三日後에 無事히 得放얏다더라,https://www.nl.go.kr/newspaper/detail.do?content_id=CNTS-00093172495
news_archive:CNTS-00093187187,1909,대한매일신보,Modern Korean,"Hanja, Old Hangeul",手當金支給,內部衞生局官吏 防疫本部의 書記를 兼代視務다 야 月俸外에 手當金을 支給다더라,https://www.nl.go.kr/newspaper/detail.do?content_id=CNTS-00093187187
news_archive:CNTS-00093179632,1909,대한매일신보,Modern Korean,"Hanja, Old Hangeul",本社烟業을 設立多月에 漸至發達이온,本社烟業을 設立多月에 漸至發達이온 前總務李輔炫氏가 有故改差 대에 柳冀南시가 被選온바 前日製造品에 猶未盡善者를 益益改良와 京鄕愛吸하시 僉君子의 盛意를 供答기 玆에 廣告오니 陸續請求심을 務望北부孟峴半島製烟社 告白,https://www.nl.go.kr/newspaper/detail.do?content_id=CNTS-00093179632
news_archive:CNTS-00093185667,1909,대한매일신보,Modern Korean,"Hanja, Old Hangeul",韓會總會,大한協會의셔 昨日午後 一時의 總會를 고 三派合同기로 決議얏대 其結果 一進會의 通知다더라,https://www.nl.go.kr/newspaper/detail.do?content_id=CNTS-00093185667
news_archive:CNTS-00093183391,1909,대한매일신보,Hanmun,"Hanja, Latin",月曜及慶節歲時日休刊,檀君開國四千二百四十二年箕子元年三千三十一年大韓開國五百十八年日本明治四十二年淸國宣綐元年陰己酉六月大廿二日己亥Responsible for Publication Alfred Weekley Marnham.發行兼編輯人英國人 萬咸發行所 京城南部石井洞號外地三層洋屋 大韓每日申報社,https://www.nl.go.kr/newspaper/detail.do?content_id=CNTS-00093183391
news_archive:CNTS-00093175778,1909,대한매일신보,Modern Korean,"Hanja, Old Hangeul",假探被捉,리쥰益 卞鎭九 兩氏가 日憲兵司令部偵探客이라 假稱고 技局을 探知야 錢財 勒討다가 再昨日 該部에 被捉取調中이라더라,https://www.nl.go.kr/newspaper/detail.do?content_id=CNTS-00093175778
news_archive:CNTS-00093172172,1909,대한매일신보,Modern Korean,"Hanja, Old Hangeul",殷山新明,殷山郡相田面內龍里 私立新明學校校長金廷煥 監督金益煥 校監鄭命嶠 總務李敬浩 諸氏가 該校 新設고 金春根氏를 敎師로 延聘야 熱心敎授다더라,https://www.nl.go.kr/newspaper/detail.do?content_id=CNTS-00093172172
news_archive:CNTS-00093180135,1909,대한매일신보,Modern Korean,"Hanja, Old Hangeul",韓美興業株式會社平北支社,大韓國平北 紳士諸시가 발起야 皇城에 在 美國리스나道校正法律第拾三編第貳章에 依야 組織된 韓美興業株式會社定欵에 依야 平北支社를 組織고 方針의 大例 如左히 第壹 本社名稱은 韓美興業株式會社平北支社라 二 本社位置 義州에 置되 臨時事務所 白馬驛金益鉉家로 權定三 株金은 貳萬圓을 二千株에 排定四 本支社營業은 本社定欵에 依야 着手五 株金은 隆煕三年六月拾壹日爲始야 應募六 規則與細則을 詳知기 爲하야 本支社에 通寄시면 卽酬應七 本支社株券은 株主摠會를 經 後 應用▲韓美興業株式會社平北支社臨時任員社長 金鉉玉副社長 白죵詢總務員 鄭濟原會計員 林英峻 졍宅周書記員 張起鉉監事 朴奉燁 金益鉉 鄭宅周,https://www.nl.go.kr/newspaper/detail.do?content_id=CNTS-00093180135
news_archive:CNTS-00093174189,1909,대한매일신보,Modern Korean,"Hanja, Old Hangeul",普成專門學校學員募集廣告,本校에셔 今番 法律專門科학員을 再次增加募集오니 願학僉員은 左에 依야 屆期入學시壹 試驗日子 三月二十一日上午十時(陰曆貳月三拾日]壹 試驗科目 本校入問事壹 年齡 二拾歲以上壹 入學에 關 用紙 本校에 來購 事漢城磚洞 普成專門學校 告白,https://www.nl.go.kr/newspaper/detail.do?content_id=CNTS-00093174189
news_archive:CNTS-00093175600,1909,대한매일신보,Modern Korean,"Hanja, Old Hangeul",女皇攝政,仝電을 據즉 和蘭國皇嗣子가 卽位 境遇에 現女皇은 攝政이 된다더라,https://www.nl.go.kr/newspaper/detail.do?content_id=CNTS-00093175600
news_archive:CNTS-00093189304,1909,대한매일신보,Modern Korean,"Hanja, Old Hangeul",各相陛見,総理大臣리完用氏以下각部大臣들이 昨日上午십時頃에 大禮服으로 大皇帝陛下 陛見얏다더라,https://www.nl.go.kr/newspaper/detail.do?content_id=CNTS-00093189304
news_archive:CNTS-00093179550,1909,대한매일신보,Modern Korean,"Hanja, Hangeul",洪氏被囚,憲兵司令부에셔 義兵干連洪文敎시를 捉囚審問中이라더라,https://www.nl.go.kr/newspaper/detail.do?content_id=CNTS-00093179550
news_archive:CNTS-00093190027,1909,대한매일신보,Modern Korean,"Hanja, Old Hangeul",爆彈無效,印度総督은 夫人과 게 아멧트아파트에 行 凶漢이 有야 二個의 爆裂彈을 投엿스나 破裂치 아니 故로 幸히 無事엿다더라,https://www.nl.go.kr/newspaper/detail.do?content_id=CNTS-00093190027
news_archive:CNTS-00093188873,1909,대한매일신보,Modern Korean,"Hanja, Old Hangeul",賞菊有感,▲無情歲月 흘너가셔 秋九月이 도라오니 東籬下에 뎌 菊花 기기 퓌여다 白衣使者 보 슐노 花下獨酌 케 먹고 壹朶花를 손에 들어 無限芳香賞을 주니 觀物感想 졀노다▲菊花야 菊花야 方春三月好時節에 百花爭姸 퓌어나셔 繁華世界 되얏슬졔 너 홀노 빗치 업셔 衆草中에 싸엿더니 壹夜霜風 지 後에 네 貌樣이 爛熳니 우리 國家文明程度 어늬 나 너와 치▲菊花야 菊花야 蕭蕭寒風 건듯부러 落木聲이 擾亂니 滿天肅殺 이 世界에 陽春氣象 全혀 업다 너 무 精神으로 許多풍霜 무릅쓰고 더듸더듸 퓌어나니 우리 國民冒險性質 어늬 나 너와 치▲菊花야 菊花야 陶處士가  번가고 栗里秋色蕭條니 네 貌樣은 依舊라만 知己者가 누구러냐 報館 우에 홀노 안져 韓國史를 날노 쓰니 난 겆은 이 피라 네 이슬을 비러다가 이 筆端을 젹셔볼,https://www.nl.go.kr/newspaper/detail.do?content_id=CNTS-00093188873
news_archive:CNTS-00093184440,1909,대한매일신보,Modern Korean,"Hanja, Old Hangeul",社告,各地方에셔 本報를 愛讀하 諸君子시여 本報創刊以後로 諸君子의 累年勤顧심을 賴야 益益히 本報가 擴張進步됨은 感謝無已이온 바 近日에 至와 諸君子ᅵ 本社의 事情을 未燭심인지 本報의 代金을 累月愆滯으로 社中經費가 辦出이 無處야 困難이 莫甚오니 諸君子 特히 愛讀의 情을 不替시와 代金을 速速辦送시 不然오면 本報維持가 極難오이다 嗚呼라 本社 元來營業的으로 起見 者 아니오니 萬一極頂의 窘難이 아니면 엇지 如是히 代金을 督促리오 實로 萬不得已에 出이니 諸君子 亟亟 照亮시와 速速辦送심을 至祝大韓每日申報社,https://www.nl.go.kr/newspaper/detail.do?content_id=CNTS-00093184440
news_archive:CNTS-00093185098,1909,대한매일신보,Modern Korean,"Hanja, Old Hangeul",共愛堂大藥房製造 各種藥品發行表,壯陽復元丹 專治 腦痛 肺弱 心腎虛弱 陽痿不起 遺精 多夢 病後虛弱 眩暈 頭痛 壹週分壹圓 八週分六圜十錢 良藥消化靈丹 滯症中暑中寒 壹貼金拾錢 淸耳液 濃液流出 灼熱疼癢 外聽道炎 壹甁金십錢 眼科聖藥淸眼水 眼疾風熱紅痒 壹甁甁十錢 腹瘧神藥淸脾丸 癖塊面黃屎靑 三日分 十五錢 解瘧至寶丸 학疾長학 壹貼십錢 感冒特效消熱散 傷寒肢節寒熱 壹貼금십錢 五淋專治通痲丸 痲疾 赤白帶下 壹週分五십錢 小兒濟命散 간氣驚풍便靑 壹貼금십錢 皮膚神藥靈効液 疥癬(옴)皮風 壹甁금卅錢 赤白幷治疾痢散 壹般痢拾五錢壹貼금疾神效 久滯神效養胃散 滯積呑酸吐瀉 二日分 십五錢 下利神效止泄丸 泄瀉吐瀉腹통 壹貼金십五錢 治痰鎭咳丸 大人咳쇼 담結 三日分 三십錢 蛔虫沒出蛔積散 壹切蛔積腹통 一貼금십錢 能治膏 濕腫小兒胎毒 十錢 齒痛水 中風齒神効 금七錢五厘 解凝膏 멍울  약 金十錢精選家庭救急方 前의學校敎官 朴容南全壹冊 定價金 三拾錢電氣帶發賣所 皇城南部大廣橋十九統七戶 共愛堂大藥房 各處支店特約所,https://www.nl.go.kr/newspaper/detail.do?content_id=CNTS-00093185098
news_archive:CNTS-00093187947,1909,대한매일신보,Modern Korean,"Hanja, Old Hangeul",袁시出動,淸國袁世凱시 張之洞시 吊다 고 北京으로 向얏다더라,https://www.nl.go.kr/newspaper/detail.do?content_id=CNTS-00093187947
news_archive:CNTS-00093176112,1909,대한매일신보,Modern Korean,"Hanja, Old Hangeul",本舘에셔 各種果木及雜木苗種을,本舘에셔 各種果木及雜木苗種을 多數廉價發賣오니 植木의 注意 僉員은 陸續來購平壤太極書館事務 李德煥白,https://www.nl.go.kr/newspaper/detail.do?content_id=CNTS-00093176112
news_archive:CNTS-00093183200,1909,대한매일신보,Modern Korean,"Hanja, Old Hangeul",淸間道修築,淸津港에셔 羅南及鏡城에 至 道路를 修築은 已報어니와 간島로 通 道路도 改修다 淸津港에셔 會寧을 經야 豆滿江沿岸을 經야 간島龍井村지 四百五십里를 改修기로 決定고 先히 第壹期의 工事 쳥津에셔 會寧에 至하 貳百三拾里 改修 方針인 同區간에 從來日本陸軍의 輕便鐵道가 有되 運送力이 乏야 到底히 各地에 通키 不能고 쳥津會寧간은 荗山嶺의 險을 因야 改修費가 約三十萬圓을 要 터이라더라,https://www.nl.go.kr/newspaper/detail.do?content_id=CNTS-00093183200
news_archive:CNTS-00093171312,1909,대한매일신보,Modern Korean,"Hanja, Old Hangeul",必也辭職,내部大臣宋秉畯氏가 日間辭職疏를 奉呈다더라,https://www.nl.go.kr/newspaper/detail.do?content_id=CNTS-00093171312
news_archive:CNTS-00093172824,1909,대한매일신보,Modern Korean,"Hanja, Old Hangeul",本館에셔 石板印刷를,本館에셔 石板印刷를 京城大廣橋南川邊東隅第貳家에 新設얏오니 所用이 有신 쳠君子 來臨시기를 望華文舘石印所 告白,https://www.nl.go.kr/newspaper/detail.do?content_id=CNTS-00093172824
news_archive:CNTS-00093191217,1909,대한매일신보,Modern Korean,"Hanja, Old Hangeul",校基擬賣,大安洞前德語學校基址를 學部에셔 現今 放賣기로 擬議中이라더라,https://www.nl.go.kr/newspaper/detail.do?content_id=CNTS-00093191217
news_archive:CNTS-00093186884,1909,대한매일신보,Modern Korean,"Hanja, Old Hangeul",太極敎講禮,太極敎宗本部에셔 去日曜日에 講◈ 該道事務所內에 開고 諸般事務를 順序處理 後 敎員李有泰氏가 孔夫子誕降日에 慶祝禮式을 擧行 議論을 提出야 禮節議定委員을 尹忠夏 徐相鶴 李有泰 金永션 金善浩氏로 選定얏다더라,https://www.nl.go.kr/newspaper/detail.do?content_id=CNTS-00093186884
news_archive:CNTS-00093187272,1909,대한매일신보,Modern Korean,"Hanja, Old Hangeul",崔氏巡林,山林局長崔相敦氏 昨日에 山直數名을 率고 南山保安林을 巡察얏다더라,https://www.nl.go.kr/newspaper/detail.do?content_id=CNTS-00093187272
news_archive:CNTS-00093175070,1909,대한매일신보,Modern Korean,"Hanja, Old Hangeul",本所総會 本月二拾日(陰二月貳拾九日],本所総會 本月二拾日(陰二月貳拾九日]下午壹時에 開오니 僉宗은 南部美동貳統九戶事務所로 來臨爲要金海金氏宗約所 白,https://www.nl.go.kr/newspaper/detail.do?content_id=CNTS-00093175070
news_archive:CNTS-00093185571,1909,대한매일신보,Modern Korean,"Hanja, Old Hangeul",全南虎患,全南地方은 虎類가 種種猖獗야 去月二十壹日에 光陽郡居 金翊善시의 妻를 咬去 附近人民이 齊聲逐虎야 死境은 幸免얏스나 肩部가 重傷얏고 同月二拾貳日에 順天郡化木里居 리石萬시의 農牛壹隻을 咬去얏다더라,https://www.nl.go.kr/newspaper/detail.do?content_id=CNTS-00093185571
news_archive:CNTS-00093183794,1909,대한매일신보,Modern Korean,"Hanja, Old Hangeul","本人의 長子奭朝字敬臣(或稱翊朝, 淑朝)가","本人의 長子奭朝字敬臣(或稱翊朝, 淑朝)가 性本不良야 僞造印章으로 得債기와 田畓家舍간 僞造文券과 魚驗으로 京鄕間에 得債랴 하오니 內外國人間誰某시던지 債錢을 주시면 畢竟白失에 歸올 터이오니 照亮慶尙北道豐基西部面任實芙田第八統壹戶 鄭基龍 告白",https://www.nl.go.kr/newspaper/detail.do?content_id=CNTS-00093183794
news_archive:CNTS-00093181134,1909,대한매일신보,Modern Korean,"Hanja, Old Hangeul",漢陽商會 良好 物品을 廉價로,"漢陽商會 良好 物品을 廉價로 得코져 은, 여러분의 希望시 바 아닌가? 我國商業界의 微微不振은 여러분의 慨歎시 바 아닌가? 오慢無禮 我國商人輩의 舊蔽習을 打破코져 은 慷慨家의 所志 아닌가? 玆에 吾等의 經營 漢陽商會 以上의 缺點과 여러분 希望에 適合케 기 爲야 安全 新式商法으로쎠 여러분의 便益을 圖코져 노니 此 弊店에 壹次光臨신 여러분의 임의 認知시 바요 同胞事業을 贊助시 紳士, 淑女, 學生, 여러분이여, 弊店은 여러분의 多大 同情과 愛顧 蒙야 漸漸發展 盛運에 至지라 여러분이여 記臆시요 弊店은 壹個管利的主義의 商店 아님을 記憶시요 外國商人의 大困難 漢陽商會가 斯界에 現出 以後로 同胞事業의 發展을 替助하시 有志諸彦의 物品供給은 專혀 弊商會에 集中지라 因야 彼等은 多大 影響을 被얏도다歐米雜貨, 洋酒食料品, 外國烟草旅行用具, 洋服附屬品, 其他各種直輸入商大韓京城鍾路電話一九一番리 漢陽商會",https://www.nl.go.kr/newspaper/detail.do?content_id=CNTS-00093181134
news_archive:CNTS-00093174010,1909,대한매일신보,Modern Korean,"Hanja, Old Hangeul",學員募集廣告,陰二月拾九日內請願시오壹箇月測量晝學科 九箇月日語科(隨程度甲乙丙三班에 分)六箇月美術[四則以上)速成科北部齋洞三統拾戶 測量新塾 告白,https://www.nl.go.kr/newspaper/detail.do?content_id=CNTS-00093174010
news_archive:CNTS-00093187358,1909,대한매일신보,Modern Korean,"Hanja, Old Hangeul",止息不遠,部衛生局에셔 再昨日上午六時로부터 昨日上午六時지 한城外에 流行病新罹患數를 調査 則合爲九名에 日人이 三名이라더라,https://www.nl.go.kr/newspaper/detail.do?content_id=CNTS-00093187358
news_archive:CNTS-00093173830,1909,대한매일신보,Modern Korean,"Hanja, Old Hangeul",蠻漢巡査,西部牛首峴居 金弘泰시가 何等所關事가 有야 日前에 自己婦人을 帶同고 城內에 入來하다가 西部倉洞城隅附近에 來到즉 西部警察署巡査洪英杓와 金永根爲名者가 被酒泥醉야◈ 晝路上에셔 洪漢이 金시의 婦人을 强奸코져 거 金시가 正色大責 洪金 兩漢이 金시夫婦를 無數乱打야 勢甚危險 故로 掌內巡査가 김시 濟衆院으로 舁去治療케 얏 김시의 婦人이 再昨日에 擧其事實야 京城地方裁判所에 告訴하얏다더라,https://www.nl.go.kr/newspaper/detail.do?content_id=CNTS-00093173830
news_archive:CNTS-00093172932,1909,대한매일신보,Modern Korean,"Hanja, Old Hangeul",納稅輕蔑,榮山浦等地에 남壹 海山 兩派가 橫行며 檄文을 傳布 其壹郡地方의 人民은 納稅에 怠惰며 面長과 領收員들도 義兵의 橫行을 恐怖야 徵稅에 務치 아니야 以是로 官民이 共同히 納稅의 義務 輕蔑이 녁인다더라,https://www.nl.go.kr/newspaper/detail.do?content_id=CNTS-00093172932
news_archive:CNTS-00093192312,1909,대한매일신보,Modern Korean,"Hanja, Hangeul",實業團橫濱着,日本渡美實업團一行은 今朝에 橫濱港에 還着하엿다더라,https://www.nl.go.kr/newspaper/detail.do?content_id=CNTS-00093192312
news_archive:CNTS-00093173077,1909,대한매일신보,Modern Korean,"Hanja, Old Hangeul",雙妖奇緣,大韓新聞社長李人稙氏가 歸國 次로 發程다가 內大宋秉畯의 渡日 壹行을 逢着야 還爲留連다더라,https://www.nl.go.kr/newspaper/detail.do?content_id=CNTS-00093173077
news_archive:CNTS-00093192107,1909,대한매일신보,Modern Korean,"Hanja, Old Hangeul",面長有人,慶北長기郡內南面은 數千餘戶되 地面인 該面長孫민永氏가 服務三載에 持心廉勤고 處事公平여 坊曲에 周行야 父老를 勸喩며 學界를 奬勵야 靑年을 引進며 外人交際에 尤極愼密야 民賴以安으로 面內人民은 郡守의게 其美績을 報告고 郡守 觀察道에 轉報엿다더라,https://www.nl.go.kr/newspaper/detail.do?content_id=CNTS-00093192107
news_archive:CNTS-00093185015,1909,대한매일신보,Modern Korean,"Hanja, Old Hangeul",學員募集廣告,"本塾에셔 第五回入學期 當야 法律晝學과 經濟夜學 兩專門科學員을 募集오니 願학人은 左記試驗定期內에 本塾用紙로써 早速請願 事修業年限 三學年入學年齡 滿二拾歲學科目 備在本塾學則試驗日字 九月五日上午拾時試驗科目 讀書, 作文, 地理, 歷史, 博物學, 物理, 化學 數學, [幾何代數]開學日字 九月拾三日隆煕三年八月拾壹日西部都染洞拾八統壹戶 私立養正義塾",https://www.nl.go.kr/newspaper/detail.do?content_id=CNTS-00093185015
news_archive:CNTS-00093190053,1909,대한매일신보,Modern Korean,"Hanja, Old Hangeul",辯士雇聘說,安重根事件에 對야 俄國地方에 居留 韓人民團에셔 義捐金을 募集야 俄國人으로 辯護士를 雇聘다 說이 有다더라,https://www.nl.go.kr/newspaper/detail.do?content_id=CNTS-00093190053
news_archive:CNTS-00093181545,1909,대한매일신보,Modern Korean,"Hanja, Old Hangeul",李氏渡日,沃溝府尹李懋榮氏 辭職請願지 三四朔에 日前에야 內部에셔 內閣會議에 提出얏대 氏 所幹事 因야 日本에 渡徃얏다더라,https://www.nl.go.kr/newspaper/detail.do?content_id=CNTS-00093181545
news_archive:CNTS-00093174450,1909,대한매일신보,Modern Korean,"Hanja, Old Hangeul",本社에셔 丁未五月에 金致允시로 事務를,本社에셔 丁未五月에 金致允시로 事務를 委任고 每朔利益을 分排기로 約定이러니 同시가 無故背約고 獨專其利故로 社中이 公議고 代理之任을 還收오니 此人은 自今日로 本社에 永無相關이오며 本社創始 財主諸員이 添增資本여 更加確張오니 京仁京釜京義間 各支社僉員은 照亮시本社圖章을 改造오며 金致允시 代理看務時圖章은 勿施오니 內外國 僉彦照亮通運社摠事務員 한明源監督 宮崎利太郞仝 加藤郁吉財務員 鄭漢鏞 全봉圭 李基豊 李應遠 金漢植 朴華鎭,https://www.nl.go.kr/newspaper/detail.do?content_id=CNTS-00093174450
news_archive:CNTS-00093191373,1909,대한매일신보,Modern Korean,"Hanja, Old Hangeul",日軍觀覽,日本水軍一百名이 昨日上午九時 昌德宮內動植博 三物園을 觀覽고 同十一時에 退出엿다더라,https://www.nl.go.kr/newspaper/detail.do?content_id=CNTS-00093191373
news_archive:CNTS-00093189911,1909,대한매일신보,Modern Korean,"Hanja, Old Hangeul",健胃消滯八寶丹|起死回生回生水蘇生丹,各種東西洋藥과 韓國唐草材 大發賣所 仁川杻峴 京城鐘路 和平堂藥房健胃消滯八寶丹 積滯와 冒腹痛과 頭痛眩暈을 鎭正 一包十錢 三包廿五錢起死回生回生水蘇生丹 虛泄濕泄轉筯吐潟腹痛신効 藿亂 吐瀉 腹痛 下痢 痰咳 每包金十錢麝香消瘡丹 梅毒 下疳 頭瘡 풍濕瘡 一劑금四圓胎養調經丸 婦人冷病帶下症 月經不調 신効 一劑金五圓陰陽雙補滋陽丸 陽氣不足 元氣不足 陰陽雙補 十日分金一圓八十錢 一月分 金五圓阿烟斷引藥 阿片引을 斷고 元神回腹 藥 一劑五圓連珠去根全治丸 男女老幼간 連珠라력을 全治去根 一劑三圓鎭咳散 痰을 消고 소를 止 藥 一包金三十錢消積散 陳陳舊滯을 消化 藥 一包金十五錢寸虫沒出縧虫藥 寸虫을 一切去根 신効 一包金三十錢蛔滅散 회積腹痛을 完治 금十錢玉容水 버짐과 어루럭이의 藥 二十錢冶顔水 죽은 가 지 藥 금三十錢觧毒散 諸般感氣신効 금十錢通治膏 大小瘇을 통治 膏藥 十錢其他有名賣藥 都賣散賣其他國內各樂房에셔 製造 各種樂이 俱備오니 隨用講求시면 迅速키 代金引換으로 付送京城鍾路仁川杻峴平壤鍾路 和平堂主人 李應善,https://www.nl.go.kr/newspaper/detail.do?content_id=CNTS-00093189911
news_archive:CNTS-00093173140,1909,대한매일신보,Modern Korean,"Hanja, Old Hangeul",本館에셔 敎科用新書籍과 其他國民智識의,本館에셔 敎科用新書籍과 其他國民智識의 發展될 書籍이며 學徒用吊帽子及粉筆구지等을 壹壹俱備얏오니 有志신 諸君子 陸續請購심을 敬要寧邊郡寧新書舘 魯達勳 金鳳柱 告白,https://www.nl.go.kr/newspaper/detail.do?content_id=CNTS-00093173140
news_archive:CNTS-00093180087,1909,대한매일신보,Modern Korean,"Hanja, Old Hangeul",護衞廢止,各大臣護衞費를 隆煕二年度에 四萬八千圓으로 預筭야 三年度에 同預을 支撥얏대 護衛員은 日巡査가 四名이오 韓巡査가 貳名이라 宮相은 本來護衛費가 無고 其他七大臣이라도 目下 護衛 必要가 無 故로 將次廢止 터이라더라,https://www.nl.go.kr/newspaper/detail.do?content_id=CNTS-00093180087
news_archive:CNTS-00093172182,1909,대한매일신보,Modern Korean,"Hanja, Old Hangeul",本人이 夜峴李鐘한處의 陰正月拾五日,本人이 夜峴 李鐘한處의 陰正月拾五日推尋次當文三千貳百兩於音壹片을 今初八日夕陽에 西大門外等地의셔 셔失왓오니 誰某拾得와도 休紙로 施行 金振根 告白,https://www.nl.go.kr/newspaper/detail.do?content_id=CNTS-00093172182
news_archive:CNTS-00093177911,1909,대한매일신보,Modern Korean,"Hanja, Old Hangeul",餞別顧問,前報와 如히 中樞院顧問權重顯氏가 永同其鄕第로 搬移次 昨日上午八時에 京釜列車로 發程얏 總理以下各大臣과 軍部領尉官들이 南大門外停車場에 前往餞別얏다더라,https://www.nl.go.kr/newspaper/detail.do?content_id=CNTS-00093177911
news_archive:CNTS-00093190256,1909,대한매일신보,Modern Korean,"Hanja, Old Hangeul",崔氏豫審,監獄署에 被囚 崔炳憲 崔在鶴 兩氏 再昨日 地方裁判所에셔 豫審엿다더라,https://www.nl.go.kr/newspaper/detail.do?content_id=CNTS-00093190256
news_archive:CNTS-00093190576,1909,대한매일신보,Modern Korean,"Hanja, Old Hangeul",露鐵道와 美人,露國西伯利鐵道 並行線二線은 美國資本家團에셔 敷設기로 決定엿 露帝도 此를 贊成고 露度大의 極東行은 此를 爲이라더라以上東京發 廿五日着,https://www.nl.go.kr/newspaper/detail.do?content_id=CNTS-00093190576
news_archive:CNTS-00093186765,1909,대한매일신보,Modern Korean,"Hanja, Old Hangeul",不如早去,遊說委員安升玉氏가 本月貳拾貳日에 甑山郡에 到着야 郡市場邊에셔 演說會를 開고 附近人士 召集야 傍聽기를 勸되 附近人士 面面相告曰此等演說은 不如不聽이라 고 搖頭 各去하얏다더라,https://www.nl.go.kr/newspaper/detail.do?content_id=CNTS-00093186765
news_archive:CNTS-00093189491,1909,대한매일신보,Modern Korean,"Hanja, Old Hangeul",設市請願,中部典洞前시衛三隊營門內에 場市를 設立 次로 漢城府尹張憲植氏가 內閣에 請議엿다더라,https://www.nl.go.kr/newspaper/detail.do?content_id=CNTS-00093189491
news_archive:CNTS-00093186853,1909,대한매일신보,Modern Korean,"Hanja, Old Hangeul",麯子社設立,經濟硏究會에셔 商業을 發展기 爲야 經濟麯子社 設立다더라,https://www.nl.go.kr/newspaper/detail.do?content_id=CNTS-00093186853
news_archive:CNTS-00093171199,1909,대한매일신보,Modern Korean,"Hanja, Old Hangeul",本人이 典執 釜山面水晶동居 리源八所持,本人이 典執 釜山面水晶동居 리源八所持東潭員貌字田五斗地文券一丈을 紛擾中셔失얏샤오니 內外國人은 拾得와도 休紙施行釜山面佐川里김允明 告白,https://www.nl.go.kr/newspaper/detail.do?content_id=CNTS-00093171199
news_archive:CNTS-00093182942,1909,대한매일신보,Modern Korean,"Hanja, Old Hangeul",初等自觧日語文典,宋憲奭 著初等自觧日語文典 全壹冊定價金五拾錢本書 日本有名 文法大家諸시에 著述 書籍을 參考야 簡易케 成編와 日語稍解者로 日語文法을 自習自得케 엿오니 速速購覽시發賣元 皇城中部布屛下三十七統六戶 廣學書舖 김相萬分賣所 東部梨峴 普救書舘 尙동 博文書館 죵路 大東書市 廣橋 滙東書舘 南門外 新舊書林 죵路 電氣會社越便 廣學支書舖,https://www.nl.go.kr/newspaper/detail.do?content_id=CNTS-00093182942
news_archive:CNTS-00093185245,1909,대한매일신보,Modern Korean,"Hanja, Old Hangeul",以服拒學,徽文義塾長某氏 塾학員을 對야 洋服을 製着지 아니면 上학을 不許다 하 故로 學員中退學者가 多有다더라,https://www.nl.go.kr/newspaper/detail.do?content_id=CNTS-00093185245
news_archive:CNTS-00093189118,1909,대한매일신보,Modern Korean,"Hanja, Old Hangeul",皇儲服制,韓國 皇太子殿下셔 伊藤公喪變에 對야 師弟之禮로 三箇月服制를 行신다더라,https://www.nl.go.kr/newspaper/detail.do?content_id=CNTS-00093189118
news_archive:CNTS-00093184186,1909,대한매일신보,Modern Korean,"Hanja, Old Hangeul",賣淫多稅,酒商娼妓組合所에셔 各賣淫女에게 相當 稅金을 徵收기로 協定얏다 是로 因하야 賣淫女들은 認許狀을 壹切還納얏다더라,https://www.nl.go.kr/newspaper/detail.do?content_id=CNTS-00093184186
news_archive:CNTS-00093182873,1909,대한매일신보,Modern Korean,"Hanja, Old Hangeul",三國親密,伯林電을 據즉 英露兩國國會議員은 明年初에 巴里 訪問 터인 此 法國外相 英國外相 及露國首相 三시가 英露法 三國同盟을 表示 目的으로 提唱이라더라,https://www.nl.go.kr/newspaper/detail.do?content_id=CNTS-00093182873
news_archive:CNTS-00093175208,1909,대한매일신보,Modern Korean,"Hanja, Old Hangeul",國朝寶鑑을 行將出板이오니 印奉코 ,國朝寶鑑을 行將出板이오니 印奉코  者 三月三拾壹日內로 本閣監印所[敦化門外西邊前 宗親府朝房)에 來議請求이 可 但所入은 左와 如壹秩紙六拾九束拾九張粧工價四圜九十錢舊本이 有야 新編만 續成 者紙十四束七張쟝工價壹圓貳拾錢奎章閣,https://www.nl.go.kr/newspaper/detail.do?content_id=CNTS-00093175208
news_archive:CNTS-00093174080,1909,대한매일신보,Modern Korean,"Hanja, Old Hangeul",社告,載寧邑乾材局李鼎均氏의게 該郡本支社를 認許고 三月壹日부터 本申報를 發送오니 該附近地에셔 本報購覽실 僉君子 氏에게 請求시大韓每日申報社,https://www.nl.go.kr/newspaper/detail.do?content_id=CNTS-00093174080
news_archive:CNTS-00093175137,1909,대한매일신보,Modern Korean,"Hanja, Old Hangeul",國朝寶鑑을 行將出板이오니 印奉코 ,國朝寶鑑을 行將出板이오니 印奉코  者 三月三拾壹日內로 本閣監印所[敦化門外西邊前 宗親府朝房)에 來議請求이 可 但所入은 左와 如壹秩紙六拾九束拾九張粧工價四圜九十錢舊本이 有야 新編만 續成 者紙十四束七張쟝工價壹圓貳拾錢奎章閣,https://www.nl.go.kr/newspaper/detail.do?content_id=CNTS-00093175137
news_archive:CNTS-00093189258,1909,대한매일신보,Modern Korean,"Hanja, Old Hangeul",無瑕竟白,中部廟洞居劉載셕氏가 竊盜犯으로 被捉은 已報어니와 累次調査되 實犯이 ◈으로 因爲放免얏다더라,https://www.nl.go.kr/newspaper/detail.do?content_id=CNTS-00093189258
news_archive:CNTS-00093174220,1909,대한매일신보,Modern Korean,"Hanja, Old Hangeul",靑會討論,今日下午七時에 죵路靑年會館에셔 討論會를 고 文字始造之功이 勝於道德發明之效란 問題로 互相討論다더라,https://www.nl.go.kr/newspaper/detail.do?content_id=CNTS-00093174220
news_archive:CNTS-00093175225,1909,대한매일신보,Modern Korean,"Hanja, Old Hangeul",露國의 軍隊準備,伯林電을 據則露國은 塞爾維亞에 軍隊派遣을 準備다더라,https://www.nl.go.kr/newspaper/detail.do?content_id=CNTS-00093175225
news_archive:CNTS-00093855026,1909,황성신문,Modern Korean,"Hanja, Old Hangeul",大同報員除案,●大同報員除案前郡守 宋敬仁氏가 憲兵司令部에 被招蒙放얏다고 昨報에 揭載얏더니 更聞 즉 蒙放은 姑舍고 該社員中 某某三氏가 尙今 同爲被囚얏 某犯科의 如何 不知거니와 該社에셔 該宋氏及某某三氏를 社員案에 除去얏다더라,https://www.nl.go.kr/newspaper/detail.do?content_id=CNTS-00093855026
news_archive:CNTS-00093843375,1909,황성신문,Modern Korean,"Hanja, Old Hangeul",臥遊金剛,臥遊金剛全一冊 定價金十八錢支那人曰願生高麗國야一見金剛山이라니金剛이엇지世界에光耀者│아니리오然나自忙浮生이其㗇를難得으로生此國人도往往瞻望不及의歎이不絕도다年前此册은山海勝景絕絕奇奇處를無遺筆記니實로山川의名畵라願見諸氏臥遊金剛시元賣所 京城罷朝橋越邊 廣德書館安泰瑩 安州 安陵書館金翼河分賣所 京鄕各有名書館,https://www.nl.go.kr/newspaper/detail.do?content_id=CNTS-00093843375
news_archive:CNTS-00093847233,1909,황성신문,Modern Korean,"Hanja, Old Hangeul",金理事出發,●金理事出發掌禮院理事 金奎煕氏 各陵員役及陵軍의 除汰及新附 額數를 調査기 爲야 不遠間 出發 터이라더라,https://www.nl.go.kr/newspaper/detail.do?content_id=CNTS-00093847233
news_archive:CNTS-00093854460,1909,황성신문,Modern Korean,"Hanja, Old Hangeul",兩大不參,"●兩大不參再昨二十九日午前十時붓터 総理以下各大臣이 內閣에 會集야 定列閣議를 開고 軍部廢止件에 關야 議決을 行 後 下午一時에 散會얏 李學大, 任度大 兩氏 辭職䟽를 奉呈 故로 出席치 아니얏다더라",https://www.nl.go.kr/newspaper/detail.do?content_id=CNTS-00093854460
news_archive:CNTS-00093840227,1909,황성신문,Modern Korean,"Hanja, Old Hangeul",府民會決議,●府民會決議漢城府民會에셔 第二回總會를 昨年十二月三十日에 開기로 公布얏 該會幹事員 某某氏가 今一月十日로 退定고 各坊曲에 揭示지라 漢城府民덜은 總會의 決議 日子를 幾個幹事員이 變改이 不可다야 本定日에 一齊히 會集야 開會새 臨時任員은 一幷免遞기로 可決되고 㪅히 五部에 準備委員各一人과 幹事員各二人을 薦定야 任員을 推薦後 五部에셔 整齊히 總會를 開얏더라,https://www.nl.go.kr/newspaper/detail.do?content_id=CNTS-00093840227
news_archive:CNTS-00093861233,1909,황성신문,Modern Korean,"Hanja, Old Hangeul",陸海兩軍吊慰,電報東京電報 十月三十一日發◎陸海兩軍吊慰海軍은 伊藤公遺骸가 軍港擴須賀에 到着 日을 當야 四十九發의 吊砲와 全員登船의 禮를 行고 陸軍은 同遺骸의 東京新橋驛의 到着當日을 乘야 元帥에 對 送迎式에 依準야 吊砲를 發다 公의 勳績은 實로 元師以上에 達다 야 國葬當日에도 同樣吊砲를 發야 從來로 無든 禮를 創始다더라,https://www.nl.go.kr/newspaper/detail.do?content_id=CNTS-00093861233
news_archive:CNTS-00093848595,1909,황성신문,Modern Korean,"Hanja, Old Hangeul",此金鷄蠟은 佛蘭西에셔 精撰特製와 世界萬國藥業界에 稱譽를,○此金鷄蠟은 佛蘭西에셔 精撰特製와 世界萬國藥業界에 稱譽를 博得온 것이온 已往에 大韓國에셔 多數 發賣와 效力이 比他優勝은 試用신 僉君子의 宿知시 바어니와 今回에 京城 韓佛興業社가 該金鷄蠟을 大韓國에셔 專賣키로 本製造所와 特約고 丘山갓치 輸入야 廉價로 大放賣오니 斯業에 從事시 江湖僉彦은 倍舊貿用쇼셔特約專賣商 京城韓佛興業社,https://www.nl.go.kr/newspaper/detail.do?content_id=CNTS-00093848595
news_archive:CNTS-00093843593,1909,황성신문,Modern Korean,"Hanja, Old Hangeul",學員募集,◎學員募集今番本校에셔新入學員約五十名을募集하니志願者入學請願書에履歷書를添付하야三月三十一日(陰閏二月初十日)內로本校에提呈事 但入學請願紙本校에請求事一、 試驗期日 四月一日 (陰閏二月十一日)上午九時에來 校應試事一、 試驗科目 日語漢文 筭術(四則)內國地理一、 學資給與 學員에게 志願을依하야學資補助도有 홈一、入學志願者의注意要件과其他 細事本校에來問事 京城明洞 韓國財團法人善隣商業學校,https://www.nl.go.kr/newspaper/detail.do?content_id=CNTS-00093843593
news_archive:CNTS-00093852268,1909,황성신문,Modern Korean,"Hanja, Old Hangeul",樵牧必知 全,著作者鄭崙秀 校閱南宮檍樵牧必知全發行者 安泰瑩 定價 三十五錢本書 惟我同胞의 開明發達하기 爲하야 倫常의 理와 處世의 道와 實業의 當務와 法律의 必解며 古今人物의 特蹟과 世界地誌의 綱要를 詳細編述하야 開卷瞭然하야 勞動社會의 不可無 要書오니 有志諸彦은 速速 購覽시오發行所 廣德書舘分賣所 光東書局 唯一書館 中央書館,https://www.nl.go.kr/newspaper/detail.do?content_id=CNTS-00093852268
news_archive:CNTS-00093859381,1909,황성신문,Modern Korean,"Hanja, Old Hangeul",水社請願,●水社請願日本人中의 大韓水道會社에 對야 該社給水의 不潔과 不當代償請求 等으로 直接及間接으로 被害이 不少 즉 相當 賠償을 請求자고 理事廳에 請願 者ᅵ 多 其中에 一日 二圜式 精神上苦痛에 十五圜式 受取자  者도 有다더라,https://www.nl.go.kr/newspaper/detail.do?content_id=CNTS-00093859381
news_archive:CNTS-00093851199,1909,황성신문,Hanmun,Hanja,每日發刊,每日發刊月曜及慶節歲時休刊檀君開國四千二百四十二年箕子元年三千三十一年大韓開國五百十八年隆煕三年六月十七日舊曆己酉四月三十日日本明治四十二年淸國宣統元年西曆一千九百九年本紙定價每一張 代金 二錢一個月 代金 三十五錢三個月 先金 一圜六個月 先金 二圜一個年 先金 三圜九十錢廣告料二號活字 每一行 十六錢四號活字 每一行 八錢行多少期長短臨時加減事外方購覽及先金代受如左一個月 代金郵料 並四十八錢六個月 同 二圜七十八錢一箇年 同 五圜四十六錢中部鐘路第二十統二戶 印刷所 發行所 皇城新聞社 編輯兼發行人 柳瑾印刷人 金秉周,https://www.nl.go.kr/newspaper/detail.do?content_id=CNTS-00093851199
news_archive:CNTS-00093856145,1909,황성신문,Modern Korean,"Hanja, Old Hangeul",宮大消暢,●宮大消暢宮內府大臣 閔丙奭 侍從院卿 尹德榮 學部大臣 李載崑氏 等이 再昨日上午十一時에 永宣君 李埈鎔氏를 訪問고 宮大 閔丙奭氏 同下午二時頃에 東門外藥寺에 前往消暢얏다더라,https://www.nl.go.kr/newspaper/detail.do?content_id=CNTS-00093856145
news_archive:CNTS-00093851627,1909,황성신문,Hanmun,Hanja,最新筭術|初等國語語典|地方自治制論|新式軆操法|單方新編|新撰小物理學|新撰地形測量術|近世代數|學籍簿,●最新刊書籍官立高等學校現用敎科書 最新筭術 全二冊 一圜學部檢定 初等國語語典 全三冊 六十錢地方自治制論 全一冊 三十錢新式軆操法 全一冊 十五錢救急藥方 單方新編 全一冊 四十錢新撰小物理學 全一冊 五十錢洪鍾大著 新撰地形測量術 全一冊 五十錢近世代數 全一冊 七十錢學籍簿 全一冊 四十錢元賣所 京城寺洞唯一書館,https://www.nl.go.kr/newspaper/detail.do?content_id=CNTS-00093851627
news_archive:CNTS-00093862462,1909,황성신문,Modern Korean,"Hanja, Old Hangeul",蔬菜栽培全書,蔬菜栽培全書嵩陽山人 張志淵 著 定價 四十五錢東西洋古今園藝家의 著述 蔬菜에 關 諸術을 博採精蒐 바 我國에 刱有 全書니 菜圃에 有意신 僉君子 陸續 購覽시元賣所 皇城南部大廣橋三十七統四戶 滙東書館高裕相分賣所京鄕各書舖,https://www.nl.go.kr/newspaper/detail.do?content_id=CNTS-00093862462
news_archive:CNTS-00093848881,1909,황성신문,Modern Korean,"Hanja, Old Hangeul",遣書何意,●遺書何意下漢洞 居 李源榮氏가 鴉片烟을 喫고 自斃은 前報에 已揭얏거니와 更聞 즉 該氏가 時國에 形便을 憂忿이라 同氏의 遺書一度가 有다더라,https://www.nl.go.kr/newspaper/detail.do?content_id=CNTS-00093848881
news_archive:CNTS-00093849704,1909,황성신문,Hanmun,Hanja,皇城新聞 新進部,皇城新聞 新進部全載沔氏 小安洞金國玩氏 釜港,https://www.nl.go.kr/newspaper/detail.do?content_id=CNTS-00093849704
news_archive:CNTS-00093852035,1909,황성신문,Modern Korean,"Hanja, Hangeul",美國시아틀 大博覽會미국시아틀대박람회,美國시아틀 大博覽會미국시아틀대박람회本社之印章本社之商標皇城磚洞(京城郵便局郵函第四十号) 韓美興業株式會社{大美國애리쇼나 道法律認可駐大韓國美國総領事館登錄}本社의 各處代理人은 如左홈開城代理人 開城南門外雜貨商店 金東宣平壤代理人 平壤大同門內店洞 鄭基煥咸興代理人 咸興西門外 盧旻洙 張錫祚馬山浦代理人 馬山浦客主 孫德宇元山代理人 元山港 金以文淸津代理人 淸津港 張樂臣水原代理人 水原北部長安洞 金逌東大邱代理人 大邱薪田里五十八統七戶 李相召江景浦代理人位置未定 西部龍山坊東幕中契二十七統二戶 李寬浩金堤代理人(位置未定) 金堤郡白石面水閣 金升基長湖院代理人(位置未定) 陰城城山里 權泰錫江界代理人(位置未定) 義州枇峴 張濟拭 朴奉燁義州代理人(位置未定) 義州枇峴 崔善玉 朴奉燁漢江附近代理人 南部漢江十八統二戶 李宗默安城代理人(位置未定) 水原北部長安洞 金逌東沙里院代理人(位置未定) 漢城東部往十里旺新學校內 邦元重金泉代理人 金泉市場共信昌店 李孝稙海州代理人(位置未定) 漢城西部麻浦卅一統五戶 吳惟泳天安代理人(位置未定) 水原北部長安洞 尹聖求羣山代理人 羣山大井洞 韓相益全州代理人(位置未定) 漢城西部阿峴二百廿二統三戶 金敎聲釜山代理人(位置未定) 馬山浦午山里十一統九戶 辛相淑麻浦附近代理人 西部麻浦二十七統三戶 李弼駿晉州代理人(位置未定) 昌原舊馬山浦城山 孫德宇永同代理人(位置未定) 漢城壽洞二統一戶 安翼木浦代理人 木浦南橋洞 玄德鍾鎭南浦代理人 鎭南浦龍井洞 張應翰漢城東部代理人 往十里上甘井洞四統五戶 金聖泰定州代理人(位置未定) 郭山郡 金相杰 李根宅 金時漸吉州代理人 吉州西門外第廿八号 金萬燮禮山代理人 漢城中部外相思洞二統三号 李孝稙延安代理人 延安郡磨玉洞 李時榮浦項代理人 浦項上里十二統十二戶 李鍾龍淸州代理人 鳥致院 漢城壽洞二統一戶 安翼太田代理人 太田新垡 宋始憲 洪淳一 宋贊憲兔山代理人 兔山郡兔山市 李鍾煥城津代理人(位置未定) 吉州郡 郭寅洙濟物浦代理人(位置未定) 開城南部都橋 金景模 曹秉德公州代理人(位置未定) 大田新垈 宋始憲 洪淳一論山代理人(位置未定) 公州半灘面松亭里 申商雨洪原代理人(位置未定) 咸興郡中荷里 金晉煕漢城西部代理人 西部里門洞百五十四統四戶 朴勝俊北靑代理人(位置未定) 洪原龍源面蓮下里 金鍾麟,https://www.nl.go.kr/newspaper/detail.do?content_id=CNTS-00093852035
news_archive:CNTS-00093844079,1909,황성신문,Hanmun,Hanja,獨習日語正則  第三版發售廣告,鄭雲復氏 著獨習日語正則 第三版發售廣告 洋裝一圜 半洋裝八十五錢發賣所中部布屛下廣學書舖 安洞大韓書林 京鄕各書店,https://www.nl.go.kr/newspaper/detail.do?content_id=CNTS-00093844079
news_archive:CNTS-00093861998,1909,황성신문,Modern Korean,"Hanja, Old Hangeul",畿內學生親睦會,●畿內學生親睦會金演弼 ◈贊翊氏 等 十一人이 畿內 學生親睦會를 發起組織고 來日曜下午一時에 大安洞畿湖學會會館內에셔 發起総會를 開다더라,https://www.nl.go.kr/newspaper/detail.do?content_id=CNTS-00093861998
news_archive:CNTS-00093864189,1909,황성신문,Modern Korean,"Hanja, Old Hangeul",大發賣廣告,大發賣廣告本店에셔 江湖僉君子의 秋冬服所用으로 緞屬毛織 等 各國 高等物品을 現今 多數 直輸入이온 바 各地方에셔 貿易에 便利賣買키 爲야 特廉減價와 郵便小包로 酬應야 代金은 引換샤오니 十三道各郡僉君子는 隨意請求심을 望漢城中部鍾路砂器廛洞二十一統五戶 廣興泰 告白,https://www.nl.go.kr/newspaper/detail.do?content_id=CNTS-00093864189
news_archive:CNTS-00093860839,1909,황성신문,Modern Korean,"Hanja, Old Hangeul",雲倅熱心,●雲倅熱心雲山郡守 李啓奭氏가 下車之初에 會同一邑儒鄕야 時局急務를 條條聲明고 巡行面里에 家喩戶說야 以敎育靑年으로 熱心鼓勵야 郡內各面에 組成十五學校고 櫛査空閑資物야 付之各校고 薰陶聰俊야 進就가 恰有고 且本年 洪水之患과 蟊虫之灾에 面面巡行야 救恤의 方針을 說明며 荒政의 典을 擧報야 極其誠心做去다고 西來人의 稱頌이 有더라,https://www.nl.go.kr/newspaper/detail.do?content_id=CNTS-00093860839
news_archive:CNTS-00093854939,1909,황성신문,Modern Korean,"Hanja, Old Hangeul",互相起訴,●互相起訴中部泥洞 居 申良善氏가 齋洞居 內官 吳長番에게 何等錢財相關이 有야 申氏가 楊州郡에 在 自己 四寸의 畓土 三石餘斗落을 代與하얏더니 其四寸申明善氏가 此에 對하야 起訴裁判하랴다가 其父親의 挽執을 因하야 仍爲停止하고 昨年十一月分에 楊州郡守 朴永大氏에게 土地所有證明을 得 後에 朴郡守가 六十日을 限고 各坊谷에 揭示기를 右土地證明에 關係가 有 人은 速히 來辨라 얏더니 去五月分에야 吳氏가 右土地所有主라 來言 故로 郡守가 退却不受얏더니 該申氏와 吳氏가 裁判次로 互相起訴얏다더라,https://www.nl.go.kr/newspaper/detail.do?content_id=CNTS-00093854939
news_archive:CNTS-00093861390,1909,황성신문,Hanmun,Hanja,測量機械,測量機械保險付完全廉價大發賣京城南暑棗洞六十二統十戶,https://www.nl.go.kr/newspaper/detail.do?content_id=CNTS-00093861390
news_archive:CNTS-00093849777,1909,황성신문,Modern Korean,"Hanja, Hangeul",盖自天降生民으로 秉彜天性이 合於天樂 故로 古昔聖賢이,○盖自天降生民으로 秉彜天性이 合於天樂 故로 古昔聖賢이 設於司徒典樂하사 達之歌詠舞蹈여시늘 惟我大先生 金一夫게셔 以此蔭我語理悟五音之義로 遵先聖大訓하사 爲後進開導하신 至意를 世界同胞의게 廣佈홈 大宗敎 告白,https://www.nl.go.kr/newspaper/detail.do?content_id=CNTS-00093849777
news_archive:CNTS-00093849380,1909,황성신문,Modern Korean,"Hanja, Old Hangeul",敬啓者本會長金允植氏長子金裕曾氏 卽本會員이온,○敬啓者 本會長 金允植氏 長子 金裕曾氏 卽本會員이온 本月十五日에 卒逝온 바 發靷이 陰四月初二日下午八時닌 故로 全會員을 召集야 商議올 暇隙이 無옵기로 本人 等이 敢히 少數의 意見으로 左開事項을 議定仰佈오니 照亮신 後 贊同시 同情을 表시기를 切望홈隆煕三年五月十六日發起人 兪吉濬 金彜浩 徐光世 鄭寅興 兪星濬 盧伯麟 鄭丙朝 具然壽 尹致晠 徐周輔 尹致旿 鄭鎭弘 李敏卨左開一 本月二十日內에 賻金을 隨力야 本會幹事 尹致旿氏家로 送致 事一 發靷時에 一齊히 金允植氏家에 會同야 城門外지 護送 事講舊會員 僉閣下,https://www.nl.go.kr/newspaper/detail.do?content_id=CNTS-00093849380
news_archive:CNTS-00093857144,1909,황성신문,Modern Korean,"Hanja, Old Hangeul",本社事務所를 中部大寺洞三十八統一戶唯一書舘으로 移定얏오니,○本社事務所를 中部大寺洞三十八統一戶 唯一書舘으로 移定얏오니 本社와 關係가 有 京鄕間諸氏 照亮시敎育月報社 告白,https://www.nl.go.kr/newspaper/detail.do?content_id=CNTS-00093857144
news_archive:CNTS-00093853810,1909,황성신문,Modern Korean,"Hanja, Old Hangeul",挾雜被出,●挾雜被出師範學校에셔 夏期試驗을 日昨에 擧行얏 借手應試다가 挾雜이 綻露된 學生 十一名은 因卽出學고 學力이 不足 落第生 十八名은 退學을 當얏다더라,https://www.nl.go.kr/newspaper/detail.do?content_id=CNTS-00093853810
news_archive:CNTS-00093858219,1909,황성신문,Modern Korean,"Hanja, Old Hangeul",鄭犯越交,●鄭犯越交南部草洞 居 鄭元圭爲名人이 詐欺取財犯으로 日昨 中部에 被捉얏더니 取調에 結果로 該署에셔 再昨日 地方裁判所로 越交얏다더라,https://www.nl.go.kr/newspaper/detail.do?content_id=CNTS-00093858219
news_archive:CNTS-00093857828,1909,황성신문,Modern Korean,"Hanja, Old Hangeul",政友會의 紀念,◎政友會의 紀念 (仝上)本日은 日本大政黨政友會의 記念日인 故로 午前十時에 大會를 開고 總裁 西園寺以下 數名이 演說 後 散會야 一同이 上野精養軒에셔 園遊會를 開얏 出席 者 代議士及各支部代表者 七百餘名이라더라,https://www.nl.go.kr/newspaper/detail.do?content_id=CNTS-00093857828
news_archive:CNTS-00093851382,1909,황성신문,Modern Korean,"Hanja, Old Hangeul",隆校講演,●隆校講演本日下午三時에 隆煕學校에셔 李商在氏가 經驗은 學問의 母라는 問題로 講演다더라,https://www.nl.go.kr/newspaper/detail.do?content_id=CNTS-00093851382
news_archive:CNTS-00093863655,1909,황성신문,Modern Korean,"Hanja, Old Hangeul",露國對波談判,●露國對波談判露國外務部 波斯南部의 遊牧民이 露國領事一行을 襲擊 事로 因야 波斯政府와 嚴重 談判을 開기로 決心얏다더라,https://www.nl.go.kr/newspaper/detail.do?content_id=CNTS-00093863655
news_archive:CNTS-00093842439,1909,황성신문,Modern Korean,"Hanja, Old Hangeul",學部의日人使令,●學部의日人使令 學部에셔近日붓터日本人使令一名을選寘야該部內의一般員役을監督케다더라,https://www.nl.go.kr/newspaper/detail.do?content_id=CNTS-00093842439
news_archive:CNTS-00093851473,1909,황성신문,Modern Korean,"Hanja, Old Hangeul",兄弟寄附,●兄弟寄附長興郡東面居 高在克 高在亮兄弟 兩氏가 湖南學會에 經費窘絀을 慨嘆야 高在克氏 十圜으로 在亮氏 二圜을 寄附얏다더라,https://www.nl.go.kr/newspaper/detail.do?content_id=CNTS-00093851473
news_archive:CNTS-00093861675,1909,황성신문,Modern Korean,"Hanja, Old Hangeul",露度大의 渡日說,●露度大의 渡日說露國度支大臣은 日本과 交涉을 繼續기 爲야 渡日다 此에 關 委任條件은 擴張얏다더라,https://www.nl.go.kr/newspaper/detail.do?content_id=CNTS-00093861675
news_archive:CNTS-00093843191,1909,황성신문,Modern Korean,"Hanja, Old Hangeul",有不如無,●有不如無 慈仁郡居尹昌燮氏의家舍一座가永川邑에在盜漢이該家舍를僞造文券야典執日本人고仍即逃走지라日人이不顧事理고尹氏家를勒奪尹氏가本郡守에게請願얏더니本郡守가退却曰此訟이雖係民事나日人相關은吾不敢左右라고再三請願에每每見退으로尹氏가不得已하야其盜漢의典埶債金을勒徵케하니如此郡守有不如無라고南來傳說이喧藉하더라,https://www.nl.go.kr/newspaper/detail.do?content_id=CNTS-00093843191
news_archive:CNTS-00093855717,1909,황성신문,Modern Korean,"Hanja, Old Hangeul",慶南郡守會議,●慶南郡守會議慶尙南道觀察使 管下各郡守를 召集야 來十九日붓터 郡守會議를 開다더라,https://www.nl.go.kr/newspaper/detail.do?content_id=CNTS-00093855717
news_archive:CNTS-00093854353,1909,황성신문,Modern Korean,"Hanja, Old Hangeul",西軍의 大損害,外報 (照謄)●西軍의 大損害去二十三日에 摩洛哥마부라에셔 激戰얏 西班牙軍의 損害 將校에 卽死 七名 負傷 十二名 下士卒에 死者가 不明負傷이 二百六十名이오 又摩洛哥에 負傷者가 約千名인 西班牙政府 此戰鬪에 對야 絶對的으로 沈默야 原橋檢閱官은 此損害를 隱匿다더라,https://www.nl.go.kr/newspaper/detail.do?content_id=CNTS-00093854353
news_archive:CNTS-00093843632,1909,황성신문,Modern Korean,"Hanja, Old Hangeul",出張廢止,●出張廢止 木浦와羣山에在勸業模範塲出張所本月末頃에廢止얏다더라,https://www.nl.go.kr/newspaper/detail.do?content_id=CNTS-00093843632
news_archive:CNTS-00093855653,1909,황성신문,Modern Korean,"Hanja, Old Hangeul",名所古蹟,"[삽화]◎名所古蹟△忠州山은 楊根郡西四里되 江中에 在니 俗傳기를 此山이 忠北忠州郡에셔 浮來얏다 지라 韓脩氏가 詩를 咏야 曰 日照觀音峰, 客離楊根館, 東行未★舍, 千頃平若按, 淸江常在右, 遠近皆可玩, 復行十許里, 歇馬登高岸, 孑立江中山, 遮我望浩汗, 土人前致辭, 彼本忠州貫, 浮來至於此, 故以忠州喚, 同行謂不誠, 皆發一笑粲, 靈隱有飛來, 蒼梧有此伴, 靜者山之常, 天常爾何亂, 何慕此而來, 何苦彼而竄, 問之終不言, 臨風獨長歎이라 니라",https://www.nl.go.kr/newspaper/detail.do?content_id=CNTS-00093855653
news_archive:CNTS-00093856750,1909,황성신문,Modern Korean,"Hanja, Old Hangeul",守護軍節目,●守護軍節目洪陵守護軍 一百六十名이 十餘年을 恪勤守護다가 今番 解散의 令을 當야 罔知所措에 不忍拜退더니 此情況을 天聽시고 恩賜金을 特下시며 名下位土를 因舊耕作케 심 該守護軍들이 天恩을 感激야 特別設會고 每月望日에 掃雪除草의 役을 擧行케 기로 完議節目을 成얏다더라,https://www.nl.go.kr/newspaper/detail.do?content_id=CNTS-00093856750
news_archive:CNTS-00093855525,1909,황성신문,Modern Korean,"Hanja, Old Hangeul",云有勳勞,●云有勳勞前關稅総長 永濱盛三氏 我國政府에 多年視務하야 功績이 顯著하다 하야 參與官으로 高等官一等으로 陞敍되고 我政府에셔 勳一等八卦章一時金 四千五百圜을 下賜하셧다더라,https://www.nl.go.kr/newspaper/detail.do?content_id=CNTS-00093855525
news_archive:CNTS-00093858960,1909,황성신문,Modern Korean,"Hanja, Old Hangeul",長時協議,●長時協議內部衛生局에셔 每日下午三時로 至五時지 各警察署長을 招集고 防疫及衛生上에 關 件을 協議다더라,https://www.nl.go.kr/newspaper/detail.do?content_id=CNTS-00093858960
news_archive:CNTS-00093863945,1909,황성신문,Modern Korean,"Hanja, Old Hangeul",退會聲明,●退會聲明日昨 國民大演說會에 一進會員 權丙俊氏가 退會을 公佈 事 已揭어니와 權氏가 該會에 對야 退會의 理由를 聲明 大槪가 如左니本人은 久蟄病褥타가 本月二日에 忽聞総會消息고 扶杖到會則 數百名會員이 開會趣旨를 全昧未觧야 互相轉採 際에 會長 李容九가 來到야 堅閉門戶더니 未幾에 與幾個人으로 語畢에 所謂 聲明書草를 携出야 雙燭을 挑고 奔忙謄出 後에 旋卽出廳야 巧粧利舌로 一場說明며 使尹定植으로 讀畢에 趙興元이 突起야 大呼小叫에 行動酬酢이 如醉如狂으로 左右諸人이 或 挽埶 或 退出야 座席이 喧騰 際에 李容九가 左顧右眄며 曰 此가 可乎아 고 繼曰 致可決이로다 얏스니 普通會規로 言면 総會日字 前期廣告고 事件은 先由評議會議決거 不此之爲고 諱之秘之다가 半日之間에 猝開総會은 公衆이 認치 아니 바이며 世界의 列種으로 特生 一進會規로 言지라도 此問題에 對야 総務會를 開얏가 評議會를 開얏가 副會長이 出席얏가 嗚呼痛哉라 李容九 宋秉畯이여 二個奸凶으로 籠絡良衆야 泛稱百萬大黨고 萬事千議를 每每如是做去고 藉稱全會議決이라 니 是誠曾規乎아 抑或 愛國乎아 至若 聲明書야 我國의 將來 形便은 姑難枚道어니와 宋李兩個人의 如何 計策中出來者오 決코 一般 會員의 心性으로 認從헐바이 아닌 것은 天下耳目을 莫掩지라 所以로 奮然退會 聲明書를 陳述노라 얏더라,https://www.nl.go.kr/newspaper/detail.do?content_id=CNTS-00093863945
news_archive:CNTS-00093859866,1909,황성신문,Modern Korean,"Hanja, Old Hangeul",被奪何多,●被奪何多靈岩郡 居하 李文福氏 前觀察 李根敎氏가 光州觀察在任時에 葉錢二千四百餘兩과 春紗 二十疋을 見奪하얏다고 同氏가 此를 推尋次로 昨日 地方裁判所에 起訴하얏다더라,https://www.nl.go.kr/newspaper/detail.do?content_id=CNTS-00093859866
news_archive:CNTS-00093862992,1909,황성신문,Modern Korean,"Hanja, Old Hangeul",本郡郡主事 李兌壕氏가 在職四載之間에 以公補政며 如傷視民야,○本郡郡主事 李兌壕氏가 在職四載之間에 以公補政며 如傷視民야 諸般 邑獘은 隨輒矯捄고 外兵請求은 正實酬應야 民不被害而各安其業고 閤境賴恤而自若保然이러니 今忽該員이 固辭免歸니 邑將何保며 民亦依誰리요 惜去不已야 玆表衆情홈隆煕三年十一月九日厚昌郡各面面長 金慶禧明洽朴昌洽鄭陽照李尙順朴承洙,https://www.nl.go.kr/newspaper/detail.do?content_id=CNTS-00093862992
news_archive:CNTS-00093847325,1909,황성신문,Modern Korean,"Hanja, Old Hangeul",石郡慘狀,●石郡慘狀石城郡柴山村에셔 本月十二日頃에 起火야 人民의 家屋 七八戶가 延燒얏다 燒死者가 三名이라더라,https://www.nl.go.kr/newspaper/detail.do?content_id=CNTS-00093847325
news_archive:CNTS-00093864503,1909,황성신문,Modern Korean,"Hanja, Old Hangeul",兩陛下御覽,雜報●兩陛下御覽大皇帝 皇后 兩陛下게셔 再昨日下午一時에 侍從及女官 各二人式을 帶率시고 同二時지 宮內府新建築廳舍를 御覽셧다더라,https://www.nl.go.kr/newspaper/detail.do?content_id=CNTS-00093864503
news_archive:CNTS-00093843347,1909,황성신문,Modern Korean,"Hanja, Old Hangeul",勞働員招待審查,●勞働員招待審查 勞働會前會長徐廷柱氏가該會金額을多數欠逋얏다은本報에屢揭얏거니와徐氏가其文簿를詳查즉添加金額四千餘圜이露出故로徐氏가中部에告訴該警察署에셔勞働會任員을連日招待審查中이라더라,https://www.nl.go.kr/newspaper/detail.do?content_id=CNTS-00093843347
news_archive:CNTS-00093858216,1909,황성신문,Modern Korean,"Hanja, Old Hangeul",北警說明,●北警說明北部警察署에셔 本日붓터 明日지 該管內 各坊統首及統監과 各屛門人力車 等을 招集야 人力車에 車軆檢査及消毒方法을 施行고 其外에 虎疫豫防에 關 事를 說明다더라,https://www.nl.go.kr/newspaper/detail.do?content_id=CNTS-00093858216
news_archive:CNTS-00093850199,1909,황성신문,Modern Korean,"Hanja, Old Hangeul",新撰普通敎育學,撰述者 金祥演 全一冊 九十頁 定價 三十錢新撰普通敎育學本書 普通敎育界의 一大指南으로 簡明便易케 撰述 者이니 學校敎授及家庭敎育에 必要大發賣所 銅峴宮內府特許東洋用達會社發賣所 京城中署布屛下金相萬書舖 鍾路 大東書市 東闕罷朝橋越便朱翰榮書舖 平理院隅金孝演紙廛 寺洞唯一書舘 中署大廣橋高濟弘書舖 南門外紫岩池松旭書舖,https://www.nl.go.kr/newspaper/detail.do?content_id=CNTS-00093850199
news_archive:CNTS-00093862100,1909,황성신문,Hanmun,Hanja,天氣豫報,△天氣豫報京城測候所十一月十二日 自十二日午后六時至十三日午后六時南風晴 後曇,https://www.nl.go.kr/newspaper/detail.do?content_id=CNTS-00093862100
news_archive:CNTS-00093858459,1909,황성신문,Modern Korean,"Hanja, Old Hangeul",列國干涉要求,●列國干涉要求摩國政府 西班牙軍의 侵入에 關야 列國의 干涉은 要求얏다더라,https://www.nl.go.kr/newspaper/detail.do?content_id=CNTS-00093858459
news_archive:CNTS-00093841620,1909,황성신문,Modern Korean,"Hanja, Old Hangeul",實利農方新編,實利農方新編本書農業의大意及內外國一般農事上最新改良發明된各種有益方法等을簡明正確하고平易施行하기編述하야雖素學이無者│라도一覽一試에家產의富를致得하기容易하며且普通學校加修科農業敎授에適用하야初學者로農業의大要方法을簡易觧識을得지니苟其國利家福을爲하人士陸續來購하시 元賣所廣德書舘,https://www.nl.go.kr/newspaper/detail.do?content_id=CNTS-00093841620
news_archive:CNTS-00093844007,1909,황성신문,Modern Korean,"Hanja, Old Hangeul",미국시아틀대박람회,미국시아틀대박람회美國시아틀大博覽會電報美國시아틀大博覽會大功을成겟이다美國시아틀大博覽會에大韓帝國物品의唯一出品者韓美興業株式會社이외다請垂詳覽이을날마다자셰히보시오,https://www.nl.go.kr/newspaper/detail.do?content_id=CNTS-00093844007
news_archive:CNTS-00093863467,1909,황성신문,Modern Korean,"Hanja, Old Hangeul",學部檢定 新纂初等小學,"白堂 玄采氏著學部檢定 新纂初等小學一帙 六冊 定價 一, 二, 三卷 各十五錢 四, 五, 六卷 各二十錢合 一圜〇五錢総頁數 五百〇八頁揷畵 一百五十圖此書 幼年學生의 初等敎科國語用으로 編纂얏오니 僉君子 照亮시發賣所 京鄕各書肆",https://www.nl.go.kr/newspaper/detail.do?content_id=CNTS-00093863467
news_archive:CNTS-00093844660,1909,황성신문,Modern Korean,"Hanja, Old Hangeul",試實徧誌,●試實徧誌 元山居尹秉秀氏元來種植業에有志야去光武八年붓터當地에住居英國牧師片爲益氏에게種藝術을講習야當年에金三百餘元으로基地를買入고歐美各國의林擒、桃、柰、李、杏、梨、葡萄、구수리、라스리、괴란드、슈도리等各種果木과日本의、落葉松、桑木、及其他各種蔬菜의種苗를購入야種接에從事年年히數百元의金額을增加야果菜諸種을擴張야實地로七八年을經驗至今은種藝事業이大發展된지라其前後試驗의成績을採錄야果園雜志라書類도編成야將次全國이廣布코져發刋터이오又種苗木과種子도만히貯蓄야購買者의請求에도酬應다니如此히實業에注意紳士會社의模範이될만다고穪頌이膾灸더라,https://www.nl.go.kr/newspaper/detail.do?content_id=CNTS-00093844660
news_archive:CNTS-00093840236,1909,황성신문,Modern Korean,"Hanja, Old Hangeul",水商組合自罷,●水商組合自罷水商組合所 水政硏究會에셔 屢次質問 結果로 水道會社에셔 水■徵收專權을 銅峴에 新設 水商工業所에 委托으로 組合所 自然革罷되얏 組合所長 全泓國氏 旣히 巨額의 資金을 費으로 共業所로 入參얏다더라,https://www.nl.go.kr/newspaper/detail.do?content_id=CNTS-00093840236
news_archive:CNTS-00093855945,1909,황성신문,Hanmun,Hanja,每日發刊,每日發刊月曜及慶節歲時休刊檀君開國四千二百四十二年箕子元年三千三十一年大韓開國五百十八年隆煕三年八月二十一日舊曆己酉七月初六日日本明治四十二年淸國宣統元年西曆一千九百九年本紙定價一每張 代金 二錢一個月 代金 三十五錢三個月 先金 一圜六個月 先金 二圜一個年 先金 三圜九十錢廣告料二號活字 每一行 十六錢四號活字 每一行 八錢行多少期長短臨時加減事外方購覽代及先金受如左一個月 代金郵料 並四十八錢六個月 同 二圜七十八錢一箇年 同 五圜四十六錢中部鐘路第二十統二戶 印刷所 發行所 皇城新聞社 編輯兼發行人 柳瑾印刷人 金秉周,https://www.nl.go.kr/newspaper/detail.do?content_id=CNTS-00093855945
news_archive:CNTS-00093857808,1909,황성신문,Modern Korean,"Hanja, Old Hangeul",勅令,○勅令朕이 陸軍武官學校廢止時期에 關 件을 裁可야 玆에 頒布케 노라隆煕三年九月十五日勅令第七十七號隆煕三年勅令第六十八號第三條에 依 廢止時期 隆煕三年九月十五日로 홈,https://www.nl.go.kr/newspaper/detail.do?content_id=CNTS-00093857808
news_archive:CNTS-00093840350,1909,황성신문,Hanmun,Hanja,新進部,新進部皇城新聞 李泰均氏 谷山郡勞働夜學校 東萊郡 朴贊稷氏 新溪郡,https://www.nl.go.kr/newspaper/detail.do?content_id=CNTS-00093840350
news_archive:CNTS-00093196384,1910,대한매일신보,Modern Korean,"Hanja, Old Hangeul",榊原歸國說,日憲兵隊長榊原은 日本東京憲兵隊長會議에 參席키 爲하야 來十九日頃에 出發渡日다더라,https://www.nl.go.kr/newspaper/detail.do?content_id=CNTS-00093196384
news_archive:CNTS-00093202429,1910,대한매일신보,Modern Korean,"Hanja, Old Hangeul",루氏歡迎,美國前大統領루스벨트氏 諾威國首府크리쓰쟈나에셔 帝王과 同等의 待遇를 受하야 크리쓰지안七世(丁抹王으로 諾威王되엿던 人)宮殿에 滯留中이라며 德國伯林에셔도 來十日에 루氏 歡迎기 爲야 準備中인 德帝가 親히 停車場에 出御야 迎接다더라,https://www.nl.go.kr/newspaper/detail.do?content_id=CNTS-00093202429
news_archive:CNTS-00093198689,1910,대한매일신보,Modern Korean,"Hanja, Old Hangeul",應者過半,學部에셔 測量技手養成所를 設다은 旣報어니와 學員百餘名을 募集터인 目下應募者가 六十餘名에 達엿다더라,https://www.nl.go.kr/newspaper/detail.do?content_id=CNTS-00093198689
news_archive:CNTS-00093194523,1910,대한매일신보,Modern Korean,"Hanja, Old Hangeul",兩會決議,日人의 朝鮮問題同志會員大谷五百木二人이 再昨夜 京城旅舘에셔 在京城日人記者團을 招待하엿 其會見의 結果 根本的現狀打破의 必要로 一致되야 此後에 意見을 疏통하야 共同努力하기로 決議하엿다더라,https://www.nl.go.kr/newspaper/detail.do?content_id=CNTS-00093194523
news_archive:CNTS-00093193563,1910,대한매일신보,Hanmun,Hanja,淸心保命丹,恭賀新年元祖改良 淸心保命丹 元祖改良漢城南大門內 濟生堂大藥房,https://www.nl.go.kr/newspaper/detail.do?content_id=CNTS-00093193563
news_archive:CNTS-00093194718,1910,대한매일신보,Modern Korean,"Hanja, Old Hangeul",別別木碑,泰仁군守崔鶴來氏 本是一進會員으로 今回合邦書에 關야 贊成의 意가 有하다고 該군人民들이 其行爲를 臚列야 木碑를 設立엿더니 崔氏가 其設立者를 詗捉하야 目下施刑中이라더라,https://www.nl.go.kr/newspaper/detail.do?content_id=CNTS-00093194718
news_archive:CNTS-00093200282,1910,대한매일신보,Modern Korean,"Hanja, Old Hangeul",開城郡에 日韓運送合資會社支店을 設置고,開城郡에 日韓運送合資會社支店을 設置고 河舟及鐵道運送과 委托品賣買와 倉庫業을 商賈의 請求로 至極精密히 酬應오니 內外國 僉君子 愛顧심을 務望日韓運送合資會社開城支店 李命稙 告白,https://www.nl.go.kr/newspaper/detail.do?content_id=CNTS-00093200282
news_archive:CNTS-00093194538,1910,대한매일신보,Modern Korean,"Hanja, Old Hangeul",何事視察,日憲兵司令部에셔 何等事件을 因인지 再昨日 日憲兵二名을 派送야 故忠正公閔泳煥氏의 家宅을 內外視察엿다더라,https://www.nl.go.kr/newspaper/detail.do?content_id=CNTS-00093194538
news_archive:CNTS-00093203373,1910,대한매일신보,Modern Korean,"Hanja, Old Hangeul",致齋後報,去八日西闕에셔 致齋를 行은 淨土宗에 屬 韓人信徒의 主開이오 入場券使用은 初無다더라,https://www.nl.go.kr/newspaper/detail.do?content_id=CNTS-00093203373
news_archive:CNTS-00093201329,1910,대한매일신보,Modern Korean,"Hanja, Old Hangeul",本人이 開業지 五年에 僉君子에,本人이 開業지 五年에 僉君子에 愛顧심을 蒙야 營業을 一層擴張기 爲야 物品을 直輸入야 各種帽子를 精密히 製造야 廉價로 販賣오니 僉君子 陸續來臨심을 務望 外方에셔도 請求시면 小包代金引換으로 酬應 此外에 洋鞋도 具備오니 請求소셔帽子十個以上은 特別減特上品 一圓四十錢 甲極上品 一圓十錢 乙仝 九十錢 丙仝 八十錢 丁中品 六十錢 戊 五十錢崔東植 趙永信此外에 統監府官吏帽子와 警視警部帽子도 製造京城貞洞大漢門前帽子店 尹興烈 委任主 崔東植 趙永信,https://www.nl.go.kr/newspaper/detail.do?content_id=CNTS-00093201329
news_archive:CNTS-00093199446,1910,대한매일신보,Modern Korean,"Hanja, Old Hangeul",兩會聯合,美國桑港에 在 韓國人民會와 大同保國會 聯合엿다더라,https://www.nl.go.kr/newspaper/detail.do?content_id=CNTS-00093199446
news_archive:CNTS-00093203052,1910,대한매일신보,Modern Korean,"Hanja, Old Hangeul",戴冠兼冊立,英國新皇帝陛下戴冠式을 擧行 時에 皇太子冊立式을 兼行다더라以上東京발 十二日着,https://www.nl.go.kr/newspaper/detail.do?content_id=CNTS-00093203052
news_archive:CNTS-00093204350,1910,대한매일신보,Modern Korean,"Hanja, Old Hangeul",淸德의 親交,倫敦來電을 據즉 淸國陸軍考察大臣載濤勒一行은 伯林에 到着야 「후리쓰히레오포루도」親王陸軍武官及公使舘員의 出迎을 受 後―쓰담에셔 德國皇太子와 外相센氏를 訪問엿 德國황太子 今番當地에 一行이 訪問은 德淸兩國의 親交를 堅厚케엿다더라,https://www.nl.go.kr/newspaper/detail.do?content_id=CNTS-00093204350
news_archive:CNTS-00093197187,1910,대한매일신보,Modern Korean,"Hanja, Old Hangeul",聖講開筵,大皇帝陛下셔 昨日부터 御講筵을 開시고 經義를 下詢하시기 爲야 金鶴鎭 中樞院議長金允植 奎章閣卿趙同煕를 命샤 參內侍講케라셧다더라,https://www.nl.go.kr/newspaper/detail.do?content_id=CNTS-00093197187
news_archive:CNTS-00093209553,1910,대한매일신보,Modern Korean,"Hanja, Old Hangeul",秋蠶의 成績,農商工部蚕業課에셔 各大臣家에 秋蠶을 飼養케고 일女敎師二十餘名을 選定야 飼養方法을 敎授고 該課官吏를 式日派送視察 成績이 佳好 希望이 有다더라,https://www.nl.go.kr/newspaper/detail.do?content_id=CNTS-00093209553
news_archive:CNTS-00093198236,1910,대한매일신보,Modern Korean,"Hanja, Old Hangeul",直宿例變更,農商工部에셔 昨年度부터 判任官의 輪回直宿 節例를 廢止고 技手一人 雇員二人으로 長番直宿人을 選定엿 該直宿費 每朔技手에 十圓雇員에 七圓으로 定엿다더라,https://www.nl.go.kr/newspaper/detail.do?content_id=CNTS-00093198236
news_archive:CNTS-00093203763,1910,대한매일신보,Modern Korean,"Hanja, Old Hangeul",統邸歡迎會,統監府石塚長官은 本日下午壹時에 日前渡韓 墺國皇族올레안殿下를 統監官邸로 請邀하야 歡迎會를 開다더라,https://www.nl.go.kr/newspaper/detail.do?content_id=CNTS-00093203763
news_archive:CNTS-00093201713,1910,대한매일신보,Modern Korean,"Hanja, Old Hangeul",이氏再起說,露國外相이스볼스키氏 再起說에 對하야 該氏 言明야 曰 就職의 意 無나 皇帝의 信任은 實로 厚다엿다더라以上伯林發 廿七日着,https://www.nl.go.kr/newspaper/detail.do?content_id=CNTS-00093201713
news_archive:CNTS-00093198129,1910,대한매일신보,Modern Korean,"Hanja, Old Hangeul",各相晩餐,再昨日下午三時에 各部大臣이 廣通舘에 前往야 書畵를 展覽고 因히 淸香茶舘에 會同야 晩餐會를 開엿 該宴費 農相趙重應氏가 自擔하엿다더라,https://www.nl.go.kr/newspaper/detail.do?content_id=CNTS-00093198129
news_archive:CNTS-00093197614,1910,대한매일신보,Modern Korean,"Hanja, Old Hangeul",調査局官制,土地調査局官制 目下 統監의 承認을 要 中인 該局長官은 総裁로야 度支部次官이 兼任기로고 來十五日頃에 發表다더라,https://www.nl.go.kr/newspaper/detail.do?content_id=CNTS-00093197614
news_archive:CNTS-00093209634,1910,대한매일신보,Modern Korean,"Hanja, Old Hangeul",兩陛下御散步,再昨日午後三時半에 大황帝 황后兩 陛下셔 尹侍從院卿과 小宮次官과 高禮式課長等이 扈從야 秘苑에 運動실 王流泉附近에셔 小憩샤 茶菓를 進 御선 後博物舘動物苑에 御臨샤 花卉其他陳列品을 御覽시고 同五時後에 還御셧다더라,https://www.nl.go.kr/newspaper/detail.do?content_id=CNTS-00093209634
news_archive:CNTS-00093199298,1910,대한매일신보,Modern Korean,"Hanja, Old Hangeul",玉校卒業生,尙洞攻玉學校에셔 卒業式을 擧行은 已報어니와 高等科卒業生은 李義直趙相萬朴仁植朴永淳盧益煥李在鎬 尋常科卒業生은 元君民徐相乾姜義永金重鉉李圭勛金恩世尹建爕姜泰曾沈煕澤趙奎然朴文興田台鎭趙奎敦廉壽益李鍾淳李苾雨崔泳植김鍾元 女學徒卒業生은 周솔메羅興福林暎愛,https://www.nl.go.kr/newspaper/detail.do?content_id=CNTS-00093199298
news_archive:CNTS-00093203027,1910,대한매일신보,Modern Korean,"Hanja, Old Hangeul",大久保向北,日軍司令官大久保 來二十一日京城에셔 出발야 元山咸興雄基灣等地로 前往다더라,https://www.nl.go.kr/newspaper/detail.do?content_id=CNTS-00093203027
news_archive:CNTS-00093194999,1910,대한매일신보,Modern Korean,"Hanja, Hangeul",造貨犯豫審,貨幣僞造犯尹泰權을 再昨日 地方裁判所에셔 豫審하엿다더라,https://www.nl.go.kr/newspaper/detail.do?content_id=CNTS-00093194999
news_archive:CNTS-00093202478,1910,대한매일신보,Modern Korean,"Hanja, Old Hangeul",敎堂設置運動,商務組合部長李學宰 中部茶洞等地에 天照敎堂을 設置 次로 目下運動中인 壹般經費 閔泳壎氏가 自擔다더라,https://www.nl.go.kr/newspaper/detail.do?content_id=CNTS-00093202478
news_archive:CNTS-00093194162,1910,대한매일신보,Modern Korean,"Hanja, Old Hangeul",傭者欲退,東亞烟草會社에셔 經費가 窘拙야 見習及雇傭人에게 日費를 廉價로 支撥 故로 退出코  者가 多數다더라,https://www.nl.go.kr/newspaper/detail.do?content_id=CNTS-00093194162
news_archive:CNTS-00093202666,1910,대한매일신보,Modern Korean,"Hanja, Old Hangeul",英皇御病症,崩御신 英황陛下의 御病症은 實로 急速症이라 五月五日夜에 御安眠시더니 六日은 소가 甚烈고 呼吸이 微弱하야 同夜十一時四十五分에 崩御하셧 此病症의 原因은 曩日劇場에 御臨셧슬 時에 風邪에 罹야 氣管支炎이 再발됨이라더라 以上東京발 八日着,https://www.nl.go.kr/newspaper/detail.do?content_id=CNTS-00093202666
news_archive:CNTS-00093199273,1910,대한매일신보,Modern Korean,"Hanja, Old Hangeul",西大門內 私立普成小學校 學員募集廣告,"本校에셔 第一學年及二, 三, 四各學年補缺生을 增加募集니 四月十日內로 請願書를 提出但請願紙 本校에 請求西大門內 私立普成小學校",https://www.nl.go.kr/newspaper/detail.do?content_id=CNTS-00093199273
news_archive:CNTS-00093198880,1910,대한매일신보,Modern Korean,"Hanja, Old Hangeul",學生熱心,晉州公立普通學校內附設女學校學徒許忠姬李賢子 兩氏 妙年奇才로 修業에 熱心더러 愛國根性이 有야 一般學生界에 薰染이 不少다더라,https://www.nl.go.kr/newspaper/detail.do?content_id=CNTS-00093198880
news_archive:CNTS-00093196726,1910,대한매일신보,Modern Korean,"Hanja, Old Hangeul",平北人民請願,平北人民 康得河 金洛奎 氏등數百名이 內部에 請願되 本道觀察道를 義州郡으로 移轉 後로 人民의게 不便 点이 多더러 義州 一隅에 處在엿슨즉 寧邊郡으로 還爲遷徙하라 엿다더라,https://www.nl.go.kr/newspaper/detail.do?content_id=CNTS-00093196726
news_archive:CNTS-00093197910,1910,대한매일신보,Modern Korean,"Hanja, Old Hangeul",土塞交誼,塞爾維亞外務大臣이 土耳其를 訪問을 因야 兩國渴望던 親誼가 一層鞏固다더라,https://www.nl.go.kr/newspaper/detail.do?content_id=CNTS-00093197910
news_archive:CNTS-00093194703,1910,대한매일신보,Modern Korean,"Hanja, Old Hangeul",印章還推,故對馬島主義達이 使用던 金印一顆와 銅印二顆 本是韓國政府에셔 製給야 互相憑信다가 去丙子年통商條約이 成立된 後에 該印을 韓國에 還納 故로 韓國政府에셔 東萊府에 保管케  바인 昨年五月分 日本國에셔 還爲推去엿다더라,https://www.nl.go.kr/newspaper/detail.do?content_id=CNTS-00093194703
news_archive:CNTS-00093203134,1910,대한매일신보,Modern Korean,"Hanja, Old Hangeul",論敦募債好況,借替四分利公債一千萬磅의 募集件을 去拾日論敦市에셔 발布엿 應募額이임의 半磅打步를 生야 頗히 好況이 有다고 日本銀行에 電報가 有다더라,https://www.nl.go.kr/newspaper/detail.do?content_id=CNTS-00093203134
news_archive:CNTS-00093869368,1910,황성신문,Modern Korean,"Hanja, Old Hangeul",淸兩貝勒出游,外 報 (照謄)●淸兩貝勒出游 淸國의 濤貝勒은 陸軍을 視察次來三月中旬頃에 歐洲로 渡去고 洵貝勒은 海軍을 視察次不日日米兩國으로 渡去다더라,https://www.nl.go.kr/newspaper/detail.do?content_id=CNTS-00093869368
news_archive:CNTS-00093872414,1910,황성신문,Modern Korean,"Hanja, Old Hangeul",昌城農林校,雜 報●昌城農林校 平北昌城郡에셔 郡內有志諸氏가 農林學校를 發起設立얏 修業年限은 三年으로 學科 普通學以外에 土壤、肥料、養蚕、種桑、栽培、森林、農具、作物等의 實習을 行다더라,https://www.nl.go.kr/newspaper/detail.do?content_id=CNTS-00093872414
news_archive:CNTS-00093882675,1910,황성신문,Modern Korean,"Hanja, Old Hangeul",前漢城判尹裴國泰氏以宿症으로,○前漢城判尹裴國泰氏以宿症으로 本月四日亥時別世엿오니 知舊僉員은 照亮홈 護喪 朴榮喆 告白,https://www.nl.go.kr/newspaper/detail.do?content_id=CNTS-00093882675
news_archive:CNTS-00093869888,1910,황성신문,Modern Korean,"Hanja, Old Hangeul",初等算術敎科書,初等本國略史定價金 一帙二卷 上卷 十八錢 下卷卄七錢初等本國地理定價金 一帙一卷 上卷 十九錢 下卷 十九錢 興士團著作 學 部 檢 定 略史 檀君元年에 起야 隆熙三年에 止홈 地理 本國의 重要 地理를 簡明히 著述홈以上兩種의 書籍은 專히 一般小學兒童을 敎育하야 自國精神을 培養하기 爲하야 著述하온바 各校學에셔만 需用아니라 家塾에셔도 敎授이 適當 京城中部寺洞 專賣所 廣 韓 書 林 分賣所 京鄕 各 書 舖 同 文 舘,https://www.nl.go.kr/newspaper/detail.do?content_id=CNTS-00093869888
news_archive:CNTS-00093877193,1910,황성신문,Modern Korean,"Hanja, Old Hangeul",次官新統監訪問,◎次官新統監訪問 歸國滯在 木內、岡兩次官、小松統監府叅與官、兒玉同書記官은 今三十日寺內統監과 山縣副統監을 往訪얏다더라,https://www.nl.go.kr/newspaper/detail.do?content_id=CNTS-00093877193
news_archive:CNTS-00093879197,1910,황성신문,Modern Korean,"Hanja, Old Hangeul",農產十五億圜,◎農產十五億圜 最近二年間日本重要農產物은 十三億八千餘圜價値오 此에 副產物을 加면 総額이 拾五億圜에 達얏 此로 農戶를 平分면 每▣所得이 二百八拾圜이라더라,https://www.nl.go.kr/newspaper/detail.do?content_id=CNTS-00093879197
news_archive:CNTS-00093883608,1910,황성신문,Modern Korean,"Hanja, Old Hangeul",宮相訪問,●宮相訪問 宮相閔丙奭氏 三昨夜에 海豐府院君尹澤榮氏를 訪問고 數時間談話얏다더라,https://www.nl.go.kr/newspaper/detail.do?content_id=CNTS-00093883608
news_archive:CNTS-00093881871,1910,황성신문,Modern Korean,"Hanja, Old Hangeul",本人의 姓名圓圖章을 遺失고,○本人의 姓名圓圖章을 遺失고 新造圖章을 使用홈 田德順 告白,https://www.nl.go.kr/newspaper/detail.do?content_id=CNTS-00093881871
news_archive:CNTS-00093874174,1910,황성신문,Modern Korean,"Hanja, Old Hangeul",露國의 强制海軍,●露國의 强制海軍 露國은 今番에 同國에 海事法中에「平時에 露國國旗를 揭揚 諸船舶에 對야 戰時에 其乘組員을 强制로 海軍에 使用을 得다」 一法令을 設定얏다더라,https://www.nl.go.kr/newspaper/detail.do?content_id=CNTS-00093874174
news_archive:CNTS-00093884558,1910,황성신문,Modern Korean,"Hanja, Old Hangeul",麻尼羅暴動,●麻尼羅暴動 麻尼羅에셔 暴動이 起얏다더라,https://www.nl.go.kr/newspaper/detail.do?content_id=CNTS-00093884558
news_archive:CNTS-00093866875,1910,황성신문,Modern Korean,"Hanja, Old Hangeul",有價証券買賣廣告,●有價証券買賣廣告公債券會社株券銀行株券倉庫荷証} 直接受托} 賣買擔保貸金諸証券을 各位에 希望로 秘密安全케 酬應오니 紹介 要치마시고 直接來議시 京城南部棗洞六十二統十戶 貿易商金龍商會 謹 告,https://www.nl.go.kr/newspaper/detail.do?content_id=CNTS-00093866875
news_archive:CNTS-00093882936,1910,황성신문,Modern Korean,"Hanja, Old Hangeul",暴黨捉得,●暴黨捉得 ▣箕壽安商德兩氏를 殺害 暴魁▣聖天이 榮川郡警察署에 被捉은 已報얏거니와 近聞즉 安東及英陽兩郡警察署에셔 注目 結果로 該徒黨十餘名을 捉得얏다더라,https://www.nl.go.kr/newspaper/detail.do?content_id=CNTS-00093882936
news_archive:CNTS-00093875496,1910,황성신문,Modern Korean,"Hanja, Old Hangeul",大發賣廣告,大發賣廣告本店에셔 江湖 僉君子의 秋冬服所用으로 緞屬毛織等各國高等物品을 現今多數直輸入이온바 各地方에셔 貿易에 便利賣買키 爲야 特廉减價와 郵便小包로 酬應야 代金은 引換샤오니 十三道各郡僉君子는 隨意請求심을 望振替貯金番號〔韓國一三番〕 漢城中部鍾路砂噐廛洞二十一統五戶廣興泰告白,https://www.nl.go.kr/newspaper/detail.do?content_id=CNTS-00093875496
news_archive:CNTS-00093882649,1910,황성신문,Modern Korean,"Hanja, Old Hangeul",普校修理,●普校修理 漢城府에셔 各公立普通學校를▣新修理 計劃이라더라,https://www.nl.go.kr/newspaper/detail.do?content_id=CNTS-00093882649
news_archive:CNTS-00093883753,1910,황성신문,Modern Korean,"Hanja, Old Hangeul",本人이 陰曆七月四日에,○本人이 陰曆七月四日에 康云基의게 金四拾參圜六拾錢을 債給 時에 利子 參分例로 報償期限은 陰十一月二十日로 定고 若過限則罰金을 每日에 壹圜貳拾錢式으로 定고 崔世華筆 債務証書를 受置이다가 本月六日에 閪失인바 玆에 廣告오니 誰某던ᄌ拾得야도 休紙施行오隆熙四年陰七月十 ▣日 平北碧潼吾面金立洞金河龍告白,https://www.nl.go.kr/newspaper/detail.do?content_id=CNTS-00093883753
news_archive:CNTS-00093883682,1910,황성신문,Modern Korean,"Hanja, Old Hangeul",釜山裁所新築,●釜山裁所新築 釜山裁判所를 新築기로 决定얏다 司法廳에셔 巖井技師를 泒送야 建築基址를 調查 中이라더라,https://www.nl.go.kr/newspaper/detail.do?content_id=CNTS-00093883682
news_archive:CNTS-00093880438,1910,황성신문,Modern Korean,"Hanja, Hangeul",名帖,名帖 每百杖價表普通紙十五錢中品紙二十錢上品紙三十錢 }以上으로 〔先金을 要홈〕其他特品別品大小本俱備外方定價外每百杖郵料二錢式加홈 皇城新聞社內金秉周廣告,https://www.nl.go.kr/newspaper/detail.do?content_id=CNTS-00093880438
news_archive:CNTS-00093869522,1910,황성신문,Modern Korean,"Hanja, Old Hangeul",假憲補被捉,●假憲補被捉 水原廣州等郡으로 出沒며 憲兵補助員의 服裝을 假着고 人民의 錢財를 强奪든 崔雲瑞爲名人은 三昨日에 南部筆洞憲兵分隊에 被捉얏다더라,https://www.nl.go.kr/newspaper/detail.do?content_id=CNTS-00093869522
news_archive:CNTS-00093867887,1910,황성신문,Modern Korean,"Hanja, Old Hangeul",金氏長逝,●金氏長逝 公州郡居前叅判金建漢氏 年前에 沔川郡守로 在任지 不過一朔에 遞任되얏 該道財務監督局에셔 月前에 同氏를 招致야 言되 沔川郡守在任時에 公逋金五百圜이 有니 即爲辦納라고 督促 故로 該氏가 其督促을 不堪야 五百圜을 辦納고 度支部에 呼訴 次로 上京야 其親族金奎東氏家에셔 留宿다가 再昨夜에 遽然長逝얏다더라,https://www.nl.go.kr/newspaper/detail.do?content_id=CNTS-00093867887
news_archive:CNTS-00093885033,1910,황성신문,Modern Korean,"Hanja, Old Hangeul",廣德書館,廣德書館(勿驚시오)愛홉다우리 大韓國皇城中部御橋下隅十七統加一戶에 發行 書種(三十餘種)內容의 悉皆完全無缺과 其他各項新書籍四五百種이 俱備와 亦比他極廉케야 全般學界의 公便을 供進과 隨求酬應에 迅速敏活을 勿驚시오,https://www.nl.go.kr/newspaper/detail.do?content_id=CNTS-00093885033
news_archive:CNTS-00093880754,1910,황성신문,Modern Korean,"Hanja, Old Hangeul",有何探知,●有何探知 內部大臣朴齊純氏 警察權委任 後自己에 對 一般物議를 採探기 爲야 曾經官職者五人을 選寘고 秘密探知다더라,https://www.nl.go.kr/newspaper/detail.do?content_id=CNTS-00093880754
news_archive:CNTS-00093868558,1910,황성신문,Modern Korean,"Hanja, Old Hangeul",國民會演說,●國民會演說 國民大演說會에셔 昨日下午一時에 幹事會를 開은 已報얏거니와 來日曜日上午十二時에 圓覺社內에셔 左開演題로 辯士諸氏가 演說기로 决定얏 辯士 鄭應▣劉秉필 崔在學李春世高義駿金熙昶文鐸姜曄諸氏라더라,https://www.nl.go.kr/newspaper/detail.do?content_id=CNTS-00093868558
news_archive:CNTS-00093875226,1910,황성신문,Modern Korean,"Hanja, Old Hangeul",米人의 念慮,●米人의 念慮 米國東部地方人은 上下等人을 勿論고 米戰爭이 在邇쥴로 確信고 兵力에 對야 念慮기를 日本은 五十萬乒을 動에 僅히 二週間을 費거 米國은 此에 反야 三個月을 費다 云다더라,https://www.nl.go.kr/newspaper/detail.do?content_id=CNTS-00093875226
news_archive:CNTS-00093868180,1910,황성신문,Modern Korean,"Hanja, Old Hangeul",因何被捉,●因何被捉 中部典洞居文某 何事件을 因인지 三昨日理事廳에 被捉얏다더라,https://www.nl.go.kr/newspaper/detail.do?content_id=CNTS-00093868180
news_archive:CNTS-00093872602,1910,황성신문,Modern Korean,"Hanja, Old Hangeul",三稅未納의 執行,●三稅未納의 執行 漢城財務監督局에셔 再昨日붓터 酒草稅未納者에게 對야 家產을 執行기로 决定얏다더라,https://www.nl.go.kr/newspaper/detail.do?content_id=CNTS-00093872602
news_archive:CNTS-00093872362,1910,황성신문,Modern Korean,"Hanja, Old Hangeul",淸國의 責任內閣議,●淸國의 責任內閣議 淸國吉林巡撫陳昭常氏 淸國에 政策首腦로 軍機政務兩處가 有야 重要大官의 會議로 政務를 處理나 責任의 所歸處가 無야 互相推移 獘가 有즉 立憲準備가 着着進行되고 資政院의 召集이 不遠 今日에 處야 責任內閣을 速施고 總理大臣을 置야 政務를 經一이 可다고 長文의 建議를 提出얏다더라,https://www.nl.go.kr/newspaper/detail.do?content_id=CNTS-00093872362
news_archive:CNTS-00093866056,1910,황성신문,Modern Korean,"Hanja, Old Hangeul",飛行協會設立,●飛行協會設立 空中防備의 必要를 認知 英國人은 倫敦에 飛行協會를 設立고 佛獨兩國에 對抗랴다더라,https://www.nl.go.kr/newspaper/detail.do?content_id=CNTS-00093866056
news_archive:CNTS-00093869031,1910,황성신문,Modern Korean,"Hanja, Old Hangeul",江郡農業發展,●江郡農業發展 江陵郡에 農業模範塲을 設寘고 農業의 發展을 期圖은 已報얏거니와 㪅聞즉 該郡居李斗淳金敬浩洪仁化全乃賢元敬善李相駿諸氏等은 義務的으로 該模範塲의 使用 肥料를 自願負擔얏다더라,https://www.nl.go.kr/newspaper/detail.do?content_id=CNTS-00093869031
news_archive:CNTS-00093878027,1910,황성신문,Modern Korean,"Hanja, Old Hangeul",南京新軍不穏,●南京新軍▣穏 淸國官憲은 南京의 不穏 事實을 隱蔽나 同地新式軍隊에셔 武器를 押収고 市街▣▣夜로 騎兵을 巡邏케을 觀면▣軍一部에 謀叛形跡▣有은 的實다더라,https://www.nl.go.kr/newspaper/detail.do?content_id=CNTS-00093878027
news_archive:CNTS-00093866762,1910,황성신문,Hanmun,Hanja,[詞藻]牛種歎,詞 藻 牛種歎耳濕濕角峨峨、大如象健如駝、我車家耕牛此無雙、日破千畝未言多、乘車擁盖當途子、不知問喘當已矣、胡爲錯觧相牛經、遠購外種徒勞爾、牛種牛種不須改、改之且從公諸始 秋陽山人曰鋒頴太露殊欠薀藉,https://www.nl.go.kr/newspaper/detail.do?content_id=CNTS-00093866762
news_archive:CNTS-00093872776,1910,황성신문,Modern Korean,"Hanja, Old Hangeul",警部資格,●警部資格 內部警務局에셔 將次警部를 試取다 應試者의 資格인즉 文宮任用令第三條에 依야 現時判任官在職一年以上勤務者와 基往一年以上在職얏던 者、內閣의 銓考證書가 有 者、高等學校卒業證書가 有 者又 學部大臣이 此와 同等으로 認定 者로 限야 請願書를 接受다더라,https://www.nl.go.kr/newspaper/detail.do?content_id=CNTS-00093872776
news_archive:CNTS-00093876067,1910,황성신문,Modern Korean,"Hanja, Old Hangeul",本社에셔 佛蘭西法律範圍以內行動으로,○本社에셔 佛蘭西法律範圍以內行動으로 歐米에 流行 至極公正 方法과 無限▣利的彩票를 發行고 信實的確 委托을 受 商品이나 不動產으로 當籖人의게 交付바 規例 彩票에 昭詳記載얏오니 江湖 僉君子 此福利的機會를 勿失시오 南部小公洞韓佛興業社,https://www.nl.go.kr/newspaper/detail.do?content_id=CNTS-00093876067
news_archive:CNTS-00093871466,1910,황성신문,Modern Korean,"Hanja, Old Hangeul",徽章紀念,●徽章紀念 平北宣川에셔 傳道든 米國人宣敎師魏大模氏 今般에 歸國얏 仝郡敎人等은 氏의 多年誠意를 紀念기 爲야 表面에 漢文으로 永世不忘이라 刻고 裏面에 英文으로 永世不忘의 意를 刻 純銀製圖型徽章를 贈與얏다더라,https://www.nl.go.kr/newspaper/detail.do?content_id=CNTS-00093871466
news_archive:CNTS-00093872503,1910,황성신문,Modern Korean,"Hanja, Old Hangeul",市塲區域决定,●市塲區域决定 我國市塲稅에 關 區域은 全히 舊來의 慣習을 依야 定으로 其獘害가 不少다야 統監府에셔 右區域性質을 變라고 內部에 照會얏 內部에셔 此를 部議로 决定야 地方官廳에 通知다더라,https://www.nl.go.kr/newspaper/detail.do?content_id=CNTS-00093872503
news_archive:CNTS-00093871690,1910,황성신문,Hanmun,Hanja,名帖,皇城新聞社內名帖精淡印刷,https://www.nl.go.kr/newspaper/detail.do?content_id=CNTS-00093871690
news_archive:CNTS-00093867101,1910,황성신문,Modern Korean,"Hanja, Old Hangeul",呼子歸國,●呼子歸國 當故 皇宮警視呼子氏 昨日午前九時에 南門을 發야 歸國얏다더라,https://www.nl.go.kr/newspaper/detail.do?content_id=CNTS-00093867101
news_archive:CNTS-00093881236,1910,황성신문,Modern Korean,"Hanja, Old Hangeul",敎會의 禁早婚,●敎會의 禁早婚 我國人早婚의 獘害 極端에 達지라 年前大皇帝陛下勅令으로 男子拾七歲以上女子拾五歲以上으로 婚期를 制定셧스나 大官以下로 閭▣小民等이 冒禁恣行 者가 不絶얏고 一般新聞雜誌等文字와 辯士演論에도 早婚의 獘害를 痛論極言이 有나 終是禁止되 實效를 未見이더니 今에 平安北道耶蘇敎會에셔 早婚禁止의 方法을 實行야 男子拾八歲以上女子拾六歲以上으로 婚期를 制定얏다더라,https://www.nl.go.kr/newspaper/detail.do?content_id=CNTS-00093881236
news_archive:CNTS-00093868011,1910,황성신문,Modern Korean,"Hanja, Old Hangeul",新纂初等小學,白堂 玄 釆氏著學部檢定新纂初等小學一帙六冊定價一、二、三卷各十五錢 四、五、六卷各二十錢 合一圜○五錢 総頁數五百○八頁 揷畵一百五十圖此書 幼年學生의 初等敎科國語用으로 編纂얏오니 僉君子 照白亮시 發賣所 京鄕各書肆,https://www.nl.go.kr/newspaper/detail.do?content_id=CNTS-00093868011
news_archive:CNTS-00093868195,1910,황성신문,Modern Korean,"Hanja, Old Hangeul",賊漢被捉,●賊漢被捉 盜漢一名이 再昨日四時頃에 承傳橋居 金得柱氏家廊下에 突入야 衾具及其他冠宕을 窃取다가 行巡警官에게 發現被捉얏다더라,https://www.nl.go.kr/newspaper/detail.do?content_id=CNTS-00093868195
news_archive:CNTS-00093879145,1910,황성신문,Modern Korean,"Hanja, Old Hangeul",兩犯越交,●兩犯越交 警視廳에 被捉얏던 窃盜犯尹祐福林順福兩人은 再昨日에 地方裁判所로 越交얏다더라,https://www.nl.go.kr/newspaper/detail.do?content_id=CNTS-00093879145
news_archive:CNTS-00093882720,1910,황성신문,Modern Korean,"Hanja, Old Hangeul",㪅訴地裁,●㪅訴地裁 嚴柱憲氏 故判書申箕善氏의 別室李召史와 財政上關係가 有야 京城憲兵第二分隊에 呼訴얏다더니 此를 民事의 所關이라야 更히 日人辯護士田中圭三氏에게 委任야 地方裁判所에 起訴얏다더라,https://www.nl.go.kr/newspaper/detail.do?content_id=CNTS-00093882720
news_archive:CNTS-00093884978,1910,황성신문,Modern Korean,"Hanja, Old Hangeul",學允用歸鄕,●學允用歸鄕 宮中顧問學允用氏 昨日午前九時에 南門發列車로 金泉鄕苐에 下往얏다더라,https://www.nl.go.kr/newspaper/detail.do?content_id=CNTS-00093884978
news_archive:CNTS-00093867049,1910,황성신문,Modern Korean,"Hanja, Old Hangeul",學員募集廣告,●學員募集廣告本所에셔 實業擴張키 爲하야 左開科程을 敎授하오니 願學人은 請願書를 本所에 提呈하 科 程家蚕學 最新柞蚕學 土壤學 肥料學 實用果樹栽培學 蚕業簿記以上科程을 幷實習 卒業期限五個月 開學日 一月二十二日 上學時間自下午四時至六時 但細則은 本所에 來問位置 壽進洞興士團內 隆興農林講習所,https://www.nl.go.kr/newspaper/detail.do?content_id=CNTS-00093867049
news_archive:CNTS-00093872297,1910,황성신문,Modern Korean,"Hanja, Old Hangeul",地籍報告時急,●地籍報告時急 各地方人民이 自己의 所有山野를 測量 後當地郡廳에셔 證明의 得否 勿論고 趂即地籍報告에 依야 該圖本을 農商工部에 提出면 農部에셔 更히 實測 後所有權을 確認터이라 近日山林所有者가 但히 出證기에 着急야 郡廳에 請願면 郡廳에셔 或林野法令의 眞意를 誤觧고 調查出證에 時日을 延拖야 地藉報告에 期限이 不及 獘가 不無다고 農部當局者 此를 憂慮다더라,https://www.nl.go.kr/newspaper/detail.do?content_id=CNTS-00093872297
news_archive:CNTS-00093873638,1910,황성신문,Modern Korean,"Hanja, Old Hangeul",農大와 觀光團,●農大와 觀光團 農大趙重應氏 今番에 京城日報社에셔 發起 渡日勸光團에 加入랴다가 近日政界風雲을 觀測고 不利益을 豫料야 渡日事를 中止얏 趙農大와 同伴을 榮光으로 認定든 右觀光團員은 落心됨을 不勝야 氏와 期於同伴기로 交涉中이라더라,https://www.nl.go.kr/newspaper/detail.do?content_id=CNTS-00093873638
news_archive:CNTS-00093871502,1910,황성신문,Modern Korean,"Hanja, Old Hangeul",本商會에셔 內外國男子及婦人社會에,○本商會에셔 內外國男子及婦人社會에 需用심을 應야 美術工人을 置고 純全 金銀으로 各種器皿과 各種婦人所用品等을 近世流行것스로 奇巧精製販賣 價則比他特廉오니 一次試購시但地方에 在신 僉彥은 一錢五里만 費야 通知시면 郵便으로 送呈홈 京城銅峴四街西邊二十統二戶金銀細工製品商信行商會告白,https://www.nl.go.kr/newspaper/detail.do?content_id=CNTS-00093871502
news_archive:CNTS-00093874678,1910,황성신문,Modern Korean,"Hanja, Old Hangeul",親耕節次凖備,雜 報●親耕節次凖備 來月五日에大皇帝陛下게셔 親耕式을 行시 事에 關야 宮內府에셔 舉行節次를 目下凖備中이라더라,https://www.nl.go.kr/newspaper/detail.do?content_id=CNTS-00093874678
news_archive:CNTS-00093879769,1910,황성신문,Modern Korean,"Hanja, Old Hangeul",無乃密賣乎,●無乃密賣乎 中部校洞居閔泳珏氏의 別室越房에셔 留宿 公州居金某 某學校學員이라 閔氏의 別室과 雲雨의 情이 旣酣얏던지 三昨夜에 所着衣服을 越房에 脫寘고 該別室과 同宿다가 該衣服을 不知中에 見失 故로 此로 因야 其情跡이 露綻되얏다더라,https://www.nl.go.kr/newspaper/detail.do?content_id=CNTS-00093879769
news_archive:CNTS-00099181094,1928,조선신문,Modern Korean,"Hanja, Hangeul","四尺五寸以上は堀れぬ……◇, 咸興の下水道計畫","소화 3년도의 예산에는 계상되지 않았지만 4년도에는 확실히 계상된다. 소문난 함흥하수도공사는 5개년의 계속사업으로 총공비 육십만원 내 국고 보조 삼십만원 지방비보조 십이만원 함흥면의 부담 십팔만원으로써 착수할 예정이 된다고 하지만, 원래 함흥의 정(町)은 기울기가 굉장히 완만하고 장소에 따라서는 성천강의 강바닥보다 낮은 곳도 있기 때문에, 하수구의 깊이는 기껏 4척 5촌까지가 한계이다. 따라서 하류가 되면 폭이 6간 7간의 넓은 곳이 된다고 한다.(咸興)昭和三年度の豫算には計上されなかったが四年度には大丈夫折紙づきの咸興下水道工事は五ヶ年の繼續事業で總工費六十萬圓内國庫補助三十萬圓地方費補助十二萬圓咸興面の負擔十八萬圓を以て着手される手筈になつてゐるが元來咸興の町並みは勾配が頗る緩慢で塲所によつては城川江の川底より低いところもあるので下水溝の深さは精精四尺五寸がギリギリ從って下流になると幅が六間七間の廣いものになると",https://www.nl.go.kr/newspaper/detail.do?content_id=CNTS-00099181094
news_archive:CNTS-00094541300,1932,매일신보,Modern Korean,"Hanja, Hangeul",羅南下水道　工事補助額 豫想대로 될듯해,[羅南] 旣報한 羅南下水道工事 國庫補助에 對하여 當局에 陳情次로 上城中이던 山田邑長 浦邉 杉野 兩邑會議員은 지난 七日 夜 歸羅 하엿는데 內務局長 以下 關係 各 方面에 運動한 結果 大體로 豫定 七萬五千圓의 補助은 實現될 充分한 可能性이 잇스리라한다,https://www.nl.go.kr/newspaper/detail.do?content_id=CNTS-00094541300
news_archive:CNTS-00095774702,1933,조선중앙일보(여운형),Modern Korean,"Hanja, Hangeul",下水道問題로 當局에 陳情 七백여 주민이,"[咸興] 함흥사포정(沙浦町)을 비롯하야 운남면사포리 룡호리(雲南面 沙浦里,龍湖里)의 주민 약 七백여명은 일간 관계당국에 진정서(陳情書)를 제출하리라하는바 이제 그 리유를 탐문하건대 이상 三개리는 부내에서 흐르는 10일 량일간의 호우로 이상 배수문(排水門)에 성천강과 호련천이 합수되는 곳에서 량강이 증수(增水)됨으로 말미아마 동소배수문을 열수업섯든 관계로 가옥 침수는 물론 토지十三만여평의 농작물이 전멸상태에 빠젓고 그 원인은 부내하수구 신설로 물이 전부 배수구로 쏠리는 관계도 잇거니와 이상량강이 증수만되면 배수문을 감수될 때까지 四,五일간을 기다려서 열수밧게 업는 것임으로 이상개소에 게수용뽐푸(揭水用뽐푸)를 설치하여 비상시에는 이상 뽐푸로 배수하지안허서는 안될 것이오 하수구제방도 현재보다 三척(尺)이상으로 증축하여야 되겟다는 것이며 경성 룡산시가 배수설비(龍산市街排水設備)와 가티 하지안허서는 도저히 조그만한 물에도 마음을 노흘수업다는 것이라하야 림리수,중촌정일(林履洙、中村正一) 량씨가 대표로 이상 三개리 주민의 날인(捺印)을 어더 근간 총독부 토목국 원산출장소(総督府土木局元山出張所)와 도(道)당국을 비릇하야 관계당국에 진정서를 제출하리라하여 일변이상 원산출장소에 대표도 파견하야 어대까지 七백여명의 사활문제를 해결코저 한다든바 사건의 진섭이 자못주목된다한다",https://www.nl.go.kr/newspaper/detail.do?content_id=CNTS-00095774702
news_archive:CNTS-00114962657,1948,남선신문,Modern Korean,"Hanja, Old Hangeul",巴里의집웅밋,알벨·뿌레잔 名優·뽀―라·이두리主演巨匠·루네·그레ᄅ 監督『巴里의집웅밋』【佛蘭西로비스映畵社초特作】◇四月九日·十日晝夜◇市民劇場,https://www.nl.go.kr/newspaper/detail.do?content_id=CNTS-00114962657
news_archive:CNTS-00114963121,1948,남선신문,Modern Korean,"Hanja, Hangeul",單選運動外面하고 韓獨特別黨部結成,南北協商과 總選擧를 圍요코 國內政界의 活動性이 微妙한 感을주는 이때 韓獨黨에서는 金水山氏가 來馬하여 오래 前부터 黨部組織에 工作을 계續하여오든바 지난 廿五日下午四時府內上南洞에잇는 咸安金호광山事務所에서 韓國獨立黨 馬山特別黨部結成大會를 開催하여 黨員多數參集리에 會議를 進行 人選에있어 執行委員長에 윤昌윤 監察委員長에 金홍錫兩氏가 被選되였다는데 今後同黨部의 政治的活動이◈ 매우 注目된다,https://www.nl.go.kr/newspaper/detail.do?content_id=CNTS-00114963121
news_archive:CNTS-00114963075,1948,남선신문,Modern Korean,"Hanja, Hangeul",「코발트」로 癌治療法發見,【워싱톤廿三日發AP合同】美國原子力委員會委員長『티리엔랄』氏는 廿二日白아館에서 原子力의 平和時利用法에 關한 豫備報告를 「트」大統領에 提出한 後 癌의 治료法發見에 對하여 如左히 聲明하였다 「코발트」를 使用하는 廉價의 癌治료法이 새로 發見되었다 이 료法은 臨床的으로 實驗되지는안였스나 新發見에 依하야 「코발트」는 「래디움과같은 放射効果를나타내게할수잇게되었스며 따라서 「코발트」는 高價의 「래디움」의 代用品으로 利用할수잇게되였다 現在美國에는 不過二六「온스」의 「래디움」을 保有하고있을뿐이며 從來癌료法에서는 「래디움」이 가장 効果的이였든것이다,https://www.nl.go.kr/newspaper/detail.do?content_id=CNTS-00114963075
news_archive:CNTS-00114968041,1948,남조선민보,Modern Korean,"Hanja, Hangeul",事件發生地만 戒嚴令宣布,【서울廿二日發合同】호南地區의 反亂軍事件에 對하야 李大統領은 廿二日 다음과같이말하엿다오늘아침 麗水는 해復되고 다른곳도 未久에 해復되리라고본다 外部에서 계嚴令을폇다고하는데 그것은 그 事件發生地帶에만 限한 措置이다 따라 一般은 正確하지안는 消息에 현惑하지말기를바란다 麗水巿는 殘有警察과 殘留國軍將校 海軍들도 再編成進擊한 結果 二十二日上午一時頃 麗水巿街를 完全히 奪還占領하엿다,https://www.nl.go.kr/newspaper/detail.do?content_id=CNTS-00114968041
news_archive:CNTS-00114966986,1948,남조선민보,Modern Korean,"Hanja, Hangeul",슈망內閣流産後 퀘이유老에 認准通過,【파리十一日發AP合同】「앙리·퀘이유」氏(急進社會黨幹部)는 十日國會에서 三六〇對 一九七票로 新首相으로서의 認准을밭었다 (認准獲得의 絶對必要數는 三一一票)今年六四歲의「퀘이유」氏는 一九二〇年以來 二二回나 各內각에 參각하여왔었으나 首相에 任命된것은이번이처음인데 特히「퀘」氏가이번 首相에 任命된것은 同氏가「도골」派의 支持를 獲得하엿기때문이다 戰時中「퀘」氏는「도골」將軍에 協助하야 自由佛蘭西運動에 參加하엿돈것이다「퀘」氏는또한 社會黨의 支持도 獲得하고잇는것인데「퀘」氏는 社會黨이 要求하는바와같은 全般的 임金引上을 反對하는 同時에 新會計年度豫算 二億六千萬弗도 反對하고있다 한便 「도골」派를 支持하야 新政府는 現政局難關을 打開하는 卽時로 新總選擧問題를 考慮할것을 約束하고있는것이다,https://www.nl.go.kr/newspaper/detail.do?content_id=CNTS-00114966986
news_archive:CNTS-00114969873,1948,남조선민보,Modern Korean,"Hanja, Hangeul",歌劇 黎明의 燈불,時日 十二月廿六·廿七兩日間場所 昌原國民學校講堂白文基...作歌劇 黎明의 燈불 全六景金永信...演出·金鐘虎...裝置主催 第廿五回同期生向上會後援 昌原文化同志會南朝鮮民報昌原支社,https://www.nl.go.kr/newspaper/detail.do?content_id=CNTS-00114969873
news_archive:CNTS-00114963982,1948,남조선민보,Modern Korean,"Hanja, Hangeul",野球,港都의 愛球家들의 待望하야오든 全서울軍對全馬山軍野球對항戰은 去五月二十五日 馬山中學對馬山商業의 中間試合에이어서 大會長金鍾信氏의 始球로부터 始作되였다 이날 馬山中學球場에는 運動競技觀覽者로서는 解放後 처음볼만한 多數의 觀象들이 모여짜고 五月말太陽의 光線이 쪼다지는 運動場에 버러지는 龍虎相博의 ◈熱◈◈ 탄聲과 唱采는끝음없이 舞鶴山놉히치올랐다 試合開始에앞서 먼저 簡單한 入場式이 擧行되였는데 野球協會長金鍾信氏의 式辭와 体育會長李一來氏 馬山蹴球協會長李昌煕氏等의 祝辭가있은다음 서울軍孫禧俊選手의 答辭에이어 兩軍主將에게 꽃다발 進呈이있은 後 下午四時二十五分 馬山軍先攻으로 熱戰의 幕은열렷다 試合은 實로 一進一退豫測을 容許치않을동안에 三對三、同點으로 九回를마치고 延長戰에가서 馬山軍이 貴重한 一點을 獲得하여 堂堂制勝하고마랐다兩軍得點經過一回初 馬山軍一番打者朴上權君四球 二番金準鎬君의 投前「밴드」는 朴君을 二對할려하였으나 서울軍二루手 이를 後逸하여 馬山軍無死二、三루 다음 三番打者朴在榮君의 一打는 右前安打하되여 三루走者生還 一死後五番打者金幸徹君과의 「스크이즈프래」이 成功하여 金君「홈인」하여 二點을 得하여 아직 一死二、三루이였으나 後援없이 다시 得點하지못하자 서울軍一回末에 三番張鍾基君의 安打一과 敵失二를 利用하여 一點 二回末에 孫禧俊 金興수兩君의 安打의 四球一로서 二點을 加하여 오히려 三對二로 「리―드」하여 八回를마지◈자 馬山軍一死後 朴上權君四球 金準鎬君의 投匍 朴◈君◈二對二死後 朴在榮君三루矢◈나가 李性基君의 中堅엽安打로 金君生還하여 同點 延長戰에가서 또다시 馬山軍金準鎬君의 左翼痛烈한 大三루打와 李性基君의 二루「오―버―」安打로서 一點을빼아서 意氣揚揚히 野球馬山軍爲해 凱歌를부러짓게되였다 試合終了六時二十五分所要時間二時間 勝者馬山軍이나 敗者서울軍이나 모다가진 技術을다해 死鬪하여 馬山野球界發達의 礎石이될만한 模範「께임」을보여준것은 實로 마음기쁜일이였다審判球審 金廣壽一 朴기弘二 金性斗三 金榮욱【全馬山軍】二朴上權中金準鎬捕朴在榮投李性基遊金게鉉一金相大三李起驛右高昌烈左徐振澤尹鍾振37打數383得點47安打84四球20三振72盜루78殘루92過失3『全서울軍』一孫禧俊捕鄭炳순二張鍾基中홍丙昌右李辛得左朴點道三張錫華投裵龍燮遊金興수二루打 孫禧俊三루打 金準鎬回數 一二三四五六七八九十 計馬山 二〇〇〇〇〇〇一〇一 四서울 一二〇〇〇〇〇〇〇〇 三,https://www.nl.go.kr/newspaper/detail.do?content_id=CNTS-00114963982
news_archive:CNTS-00114964177,1948,남조선민보,Modern Korean,"Hanja, Hangeul",金天洙外科醫院,金天洙外科醫院(舊呑月舘)院長 金天洙醫師 黃昌柱馬山府月南洞三가三 電話七三三番,https://www.nl.go.kr/newspaper/detail.do?content_id=CNTS-00114964177
news_archive:CNTS-00114966914,1948,남조선민보,Modern Korean,"Hanja, Hangeul",開業廣告,大衆食事午料와 一品料理 實費提供高麗舘(前高麗食堂)馬山府東城洞一九九番地電話八三〇番,https://www.nl.go.kr/newspaper/detail.do?content_id=CNTS-00114966914
news_archive:CNTS-00114966590,1948,남조선민보,Modern Korean,"Hanja, Hangeul",馬山局電話交換競技會,馬山郵便局에서는 電話交換技術向上을 圖謀하야 今廿八日下午一時부터 同局內에서 交換競技會를 開催하리라는데 一般參觀을 歡迎한다고한다,https://www.nl.go.kr/newspaper/detail.do?content_id=CNTS-00114966590
news_archive:CNTS-00114969530,1948,남조선민보,Modern Korean,"Hanja, Hangeul",公告,馬山駐屯軍步兵第三旅團第十五聯隊는 今般上司의 命令에 依하여 〇〇에 移動하게되였아오니 當聯隊에 對하여 債權者가 有하오면 確定한 證據書類를 持參하여 左記場所에 出頭하여주심을 公告하나이다追而 左記期間에 出頭하지안이하는 者에 對하여서는 理由如何를 不拘하고 債權는 無効로함記支拂場所 馬山府步兵第十六聯隊財政隊支拂期間 檀紀四二八一年十二月十日까지公告者 步兵第十五聯隊殘留隊長大尉 李召東,https://www.nl.go.kr/newspaper/detail.do?content_id=CNTS-00114969530
news_archive:CNTS-00114969507,1948,남조선민보,Hanmun,Hanja,三星酒造場,馬山府弘文洞三星酒造場事業主 申奉煕管理員 李昌烈 金容在 趙花實,https://www.nl.go.kr/newspaper/detail.do?content_id=CNTS-00114969507
news_archive:CNTS-00114967173,1948,남조선민보,Modern Korean,"Hanja, Hangeul",謹告,初秋之節 貴体度大安하심을 伏望하나이다 就白 今般準備中이던 『自家發電機』를 今日부터 設置하야 停電時에도 何等의 異狀없이여러분을 모실가하오니 培前의 愛護을바라니 많이 鑑覽하야주심을바랍니다 그리고 過去停電으로 因하야 여러분에 大端히 罪송하오나 不得한 事情이오니 널이 양解하야주시옵고 于先紙面으로 謝過에말슴을드립니다西紀一九四八年九月五日馬山市民劇場代表 朴世鳳,https://www.nl.go.kr/newspaper/detail.do?content_id=CNTS-00114967173
news_archive:CNTS-00114968594,1948,남조선민보,Modern Korean,"Hanja, Hangeul",商工顧問辭任,【서울發合同】商工部顧問任文恒氏는 一身上事情으로 辭任하기로되어 辭意를 表明中에잇던바 十日附로 退任하엿다,https://www.nl.go.kr/newspaper/detail.do?content_id=CNTS-00114968594
news_archive:CNTS-00114973400,1949,남조선민보,Modern Korean,"Hanja, Hangeul",晉陽山林犯則總數一一八件,【晉州】晉陽郡內十月末現在山林犯則者總檢擧件數一一八件인데 이는 山林違反六〇件 道令違反五八件中 四八件을 送◈하였고하며 앞으로 取締를 嚴重하여 必罰主義라한다,https://www.nl.go.kr/newspaper/detail.do?content_id=CNTS-00114973400
news_archive:CNTS-00114970870,1949,남조선민보,Modern Korean,"Hanja, Hangeul",滯納稅金 一掃運動,【固城】各種滯納稅金一掃運動에 呼應하여 固城郡道稅係에서는 지난 十五日부터 오는 十八日까지 納稅督勵에 大動되고있는데 現在同宣傳의 効果로서 多大한 成果를걷우고있다한다,https://www.nl.go.kr/newspaper/detail.do?content_id=CNTS-00114970870
news_archive:CNTS-00114973352,1949,남조선민보,Modern Korean,"Hanja, Hangeul",聖스러운 國民의 義務 徵兵檢査遂實施,【서울廿六日發合同】徵兵制의 實施를앞두고 方今適齡者 四二六二年九月二日―四二六三年九月一日生申告를 各市郡廳邑面에서 接受中에있어 이달 末까지는끝마처기로되여있거니와 一部兵力補允을 爲한 全國的第一次臨時徵兵檢査를 오는 十二月六日부터 同十六日까지 實施하게되였따 卽이번檢査를받는 者는 이런 申告한 適齡者의 壹部로서 第一次第二次로나누어 第一次는 十二月六日부터 十六日까지 第二次는 來年一月下旬頃부터 各各檢査로 實施하는것으로서 二次合格者는 十二月廿日까지 入隊를 完了되리라한다 그런데 이에 對하여 四一〇部隊長은 다음과같이말하였다이번一部適齡者徵兵檢査를 實施하게되였는데 우리는 過去와달라 大韓民國國民으로서 賦課된 國土防衞의 聖스러운 義務를 完遂하는것으로 國民스스로가 이에 積極協力하여주어야할것이다 萬若正當한 理由없이 이를 忌避하는 者는 法令에 依하여 處罰을받을것이다 그리고 四一〇部隊管下 第一次實施區域은 다음과같다서울特別市全体 江華 金浦 富平 安域 始興 平澤 水原以上各郡(軍報道課檢閱筆),https://www.nl.go.kr/newspaper/detail.do?content_id=CNTS-00114973352
news_archive:CNTS-00114973021,1949,남조선민보,Hanmun,Hanja,編輯兼發行人印刷人 金亨潤,編輯兼發行人印刷人 金亨潤發行所 南朝鮮民報社馬山市中央洞一街電話 24·446番月定料 二百円,https://www.nl.go.kr/newspaper/detail.do?content_id=CNTS-00114973021
news_archive:CNTS-00114972901,1949,남조선민보,Modern Korean,"Hanja, Hangeul",세노트CA·T會社 國府軍航空路에 就航,【香港發로이타合同】戰時中中國에있어서 飛虎隊長으로 對日空軍戰鬪에 功名을올린 「센노트」將軍은 今般 그가 經營하는 CAT會社로하여곰 國府의 航空機關으로 活動하는것을 同意하였다하는데 同將軍의 代辯人談에 依하면 現在로는 最少限人員◈◈◈에와있지만 앞으로는 必要한 人員이 來中하리라한다 그런데 이러한 非常措置는 中國의 大航空會社가 作中共地區로 移韓해버린 俄◈体◈ 「센」將軍에 急速한 援助를 要求한데서나온것이라한다,https://www.nl.go.kr/newspaper/detail.do?content_id=CNTS-00114972901
news_archive:CNTS-00114971652,1949,남조선민보,Modern Korean,"Hanja, Hangeul",「阿房宮」開業,今番카페―孔雀會관을 廢止하고 大衆食堂으로 轉業하였사오니 倍前愛護하여주옵소서營養本位인 料理廉價提供馬山府壽城洞四五食堂 阿房宮主 金六電話六番,https://www.nl.go.kr/newspaper/detail.do?content_id=CNTS-00114971652
news_archive:CNTS-00114974172,1949,남조선민보,Modern Korean,"Hanja, Hangeul",殘餘滯納三割 二割이 富裕層,年末을앞두고 馬山市稅務課에서는 滯納稅金徵收에 全職員이 動員되여 滯納額을 一掃케되였다고하는데 特히 戶別稅徵收에있어서는 이미 七割以上의 納付成續을보이고있으나 殘餘 割中 約二割의 滯納者의 經濟面은 潤澤할뿐않이라 意識的으로 納付를 遲延식히고있는 實情이라는바 이러한 意識階級의 滯納者에 對하여는 差押處分을 斷行키로되였다고한다,https://www.nl.go.kr/newspaper/detail.do?content_id=CNTS-00114974172
news_archive:CNTS-00114973941,1949,남조선민보,Modern Korean,"Hanja, Hangeul",中共軍成都包圍,【香港發로이타】劉伯承將軍麾下의 中共은 成都地帶에서 國府側六四軍團을 完全히 包圍하였다고 當地에 到達한 消息은 傳하고있다 아직 成都市는 國府側이 保有하고있는데 中共은 南北에 우廻하여 國府側의 退路를 封鎖하고있다 한편 國府側官吏들은 아직 空路臺灣으로 撤收中에있다,https://www.nl.go.kr/newspaper/detail.do?content_id=CNTS-00114973941
news_archive:CNTS-00114972068,1949,남조선민보,Modern Korean,"Hanja, Hangeul",本紙廣告는 電話四四六番,本紙廣告는 電話四四六番,https://www.nl.go.kr/newspaper/detail.do?content_id=CNTS-00114972068
news_archive:CNTS-00114973879,1949,남조선민보,Modern Korean,"Hanja, Hangeul",一億五千萬圓密輸事件 中國貿易商何氏拘束,【서울十三日發合同】一億五千萬圓의 密輸入事件에 警察도한묵을 차지하였다 卽方今鐵警本隊에서 拘束問招를받고있는 中國人何某는 지난 八月中國香港으로부터 財産搬入이라는 美名으로 紙類生고무폐니시링等 一億五千萬圓어치를 不正輸入하였다는데 同物品을 輸入하는데는 警察幹部로서의 前職警察官某氏가 主力이되어 活動하였다◈한다 그리고 警察幹部某氏는 中國으로부터 九百萬圓을 前職警察官某氏는 六百萬圓을 各各받었다하는데 이들은 不日內로 逮捕될것이라고한다,https://www.nl.go.kr/newspaper/detail.do?content_id=CNTS-00114973879
news_archive:CNTS-00114970294,1949,남조선민보,Modern Korean,"Hanja, Hangeul",總力量을 南北統一에,昌原邑內金東根簡易中食昌原食堂昌原邑內昌原面西上里甘大鉉商店昌原邑內金元伊度量衡計量商 大昌鐵物店主 南순馬山府壽城洞 電話五八番馬山府中城洞黃金堂銀房朴泰龍馬山府月南洞六一工作社崔載衡馬山府午東洞一八의 七材木商 兄弟製材社趙大用馬山府南城洞海陸物産貿易業 海德商會李德祚電話一〇五番齒科材料一式都散賣金剛齒科材料店主 金元玉馬山府上南洞(舊商校正門앞)昌原面召界里徐永守昌原公立國民學校校長 廬成植外職員一同,https://www.nl.go.kr/newspaper/detail.do?content_id=CNTS-00114970294
news_archive:CNTS-00114970690,1949,남조선민보,Modern Korean,"Hanja, Hangeul",中堅靑年統合 韓靑準委決定,國家中堅層의 融和를 圖謀코저 中央에서는벌서 各靑年團体의 統合이 進보되고있는데 馬山府內靑年團体에서도 이에 呼應의 態勢를 取하고있든바 昨廿日体育會館에서 大韓靑年團馬山地區準備委員會를 開催하고 準備委員을 選任하였다고하는데 各委員姓名은 다음과같다한다委員長 金性立副委員長 金安龍副委員長 金哲總務部長 金有振宣傳部長 玄虎財政部長 李景浩組織部長 姜英奎交涉部長 金性立動員部長 具昌烈以外部員八名,https://www.nl.go.kr/newspaper/detail.do?content_id=CNTS-00114970690
news_archive:CNTS-00114971629,1949,남조선민보,Modern Korean,"Hanja, Hangeul",募兵案內,一、志願資格I、滿十七歲以上 二十八歲까지의 未婚男子2、國民學校卒業以上의 學歷所待者3、身体健康하고 思想堅實한 者二、願書接受期日自檀紀四二八二年二月十一日至檀紀四二八二年三月七日三、出願場所 鎭海特設基地四、試驗場所 鎭海特設基地五、出願手續I、八隊願書(試驗當時試驗場所에서 交付함)2、履歷書3、戶籍謄本 又는 寄留謄本4、身元證明書(警察署長)5、親權者의 承諾書6、各書類는 二部式具備作成할것六、試驗期日檀紀四二八二年三月八日自九時至十七時七、試驗科目I、身体檢査 2、筆記試驗 3、口頭試驗八、合格者發表 試驗實施當日九、鎭海到着期日自檀紀四二八二年三月九日至檀紀四二八二年三月十日十、服務期間 滿三年間十一、入隊後의 待遇入隊後는 海軍兵으로 必要한 基礎敎育을 實施하고 被服、給食을 官給하는 外所要의 手當을 支給함 其後는 勤務成績과 技能에따라 航海、機關、通信、工作 經理、衞生、軍樂等 各各專門科의 敎育을받을수있으며 卒業后는 下士官으로 任用되고 成續特히 拔群한 者는 漸次士官으로 昇進할수있음海軍鎭海特設基地司令部,https://www.nl.go.kr/newspaper/detail.do?content_id=CNTS-00114971629
news_archive:CNTS-00114970410,1949,남조선민보,Modern Korean,"Hanja, Hangeul",買上低調는 事實 實數字錯誤는 甚大 푸라우다紙報道를 檢討,【서울十一日發AP合同】『모스크바』의 『푸라우다』紙는 南韓의 米糓買上의 低調를 指摘하였는데 이것은 事實上 要點을날카롭게 指摘하기는하였으나 그 數字에는 錯誤가있었다 卽『푸라우다』紙는 南韓政府는겨우 實數要量의 二分之一인 八百噸밖에 收集못하였으며 이것은 全收穫量의 約半에 該當하는것이라한다 그리고 政府官邊側의 發表에 依하면 前記目標量의 約卅五%밖에 現在收集못되였다고한다 官邊側은 이러한 收集計劃을 保進시키기 爲하야 새롭고 더욱 强力한 法令이 公布되리라고말하였는데 이러한 新法令의 豫告는 九日開催된 官民間農業代表者會議에서 示唆되였다 『푸라우다』紙는 이러한 收集成績의 不良은 農民들이 李承晩政府에 對하야 不滿을 表示하는것이라고하였는데 韓國官邊側은 이 問題는 政治的인것보다 經濟的인것이라고말하였다 農民들은 쌀을 政府에팔면 自由市場에파는값의 六分之一밖에받지못하는것이다 그러나 農民들은 그쌀을 政府에팔면 肥料 其他必需品을 自由市場보다훨신싼값으로 購買할수있는 證明書를받는것이다 收集成績의 不振은 自由市場價格을 漸漸오르게하고 그럼으로써 統制價格과 自由價格의 差를 더크게만들며 그럴수록 農民들은 쌀을 政府에파는것을실혀하는것이다 李博士의 政府가이 問題解決에 成功하느냐못하느냐는 앞으로 數週日間이면알수있을것이다,https://www.nl.go.kr/newspaper/detail.do?content_id=CNTS-00114970410
news_archive:CNTS-00114980897,1949,마산일보,Modern Korean,"Hanja, Old Hangeul",(大悲活劇) 싱고아라,佛蘭西映畫第三次巨彈! (1950年度作)日本東京에서 一九五十年度 最高動員記錄을 樹立한 問題의 映畵 드디어 開封!佛蘭西·瑞典의 最高스태ᄇ을 總動員하야 合同製作된 最高最大의 豪華版(大悲活劇) 싱고아라젊은 王子와 집시一美女와의 熱烈한사랑의 哀話 사랑에는 國境도 榮譽도없다! 수풀속에서 偶然히맛난 집시―츄長의딸 「싱고아라」를 熱烈히사랑하는...나머지젊은 王子「에루랑」은 城과 寶貝와 모―든榮譽도내어버리고! 집시―의 隊商을따라 放浪의길을떠낫다「칼멘」을 世上에내인―巨匠코리즈짠잭크監督(情婦마농)主公人이든 一美男미지ᄂ·오구래ᄅ主演「瑞典」의 代表的인 一美姬비씨카·린드홀스初登場市劇 12月12日부터 堂堂開封,https://www.nl.go.kr/newspaper/detail.do?content_id=CNTS-00114980897
news_archive:CNTS-00114980665,1949,마산일보,Modern Korean,"Hanja, Hangeul","11月 中 出擊 23,700機 敵機 32臺 擊墜戰果",【東京三日發UP大韓】極東空軍司令部는 다음과같은 十一月中엔 綜合戰果를 發表하였다 十一月中에 UN空軍의 擊墜한 敵機數는 開戰以來의 어느날보◈도많었다 卽都合三十二臺를 擊墜하였는데 그中 MIGZ機는 廿◈臺푸로페라취진戰鬪機三臺 TU二型쌍發爆擊機八台이다 한便 同月中 UN軍은 敵軍地區上空에서 二十七台를 喪失하였다 그中 五機는 F86一대 세이버Z機二대 F84二대都合五대이다 그리고 總出擊機數는 二萬三千七百機이며 敵軍에 加한 死傷은 四千八百三〇名이다,https://www.nl.go.kr/newspaper/detail.do?content_id=CNTS-00114980665
news_archive:CNTS-00114977131,1950,남조선민보,Modern Korean,"Hanja, Old Hangeul",反共勢力强化코저 美·國務部官吏移動 特別使節을 極東派遣,【워싱톤卅日發AP合同】「에드와―드E보―마」記―極東地域의 共産主義勢力과의 鬪爭을 强化하기 爲하여 美國務部高級官吏들의 移動은 數個月前부터 始作되여 尙今도 繼續되고있다 이는 一定한 基本方針에따라 行하여지는것이다 그렇다고해서 高級官吏의 移動은 「애치슨」國務長官을 排除하려는 運動을 活潑히 展開하고있는 共和黨側의 壓力에 依한것은아니나 壓力이 過去數個月동안 赤마黨의 對政府攻擊의 초点이되어있는 國防部極東局에 根本的으로 影響을주었다는것은 事實이다 이러한 美國務部方針의 結果「애치슨」國務長官은 「맥아더」將軍과 極東問題를 協議하기 爲하여 特別使節을 日本에 派遣할 豫定이며 또 廿七日美國務部는 「필립C제섶」大使를 世界政治問題에 關한 「애치슨」氏의 特別諮問官으로 任命하겠다고 發表하였다 이로서 「제섶」氏는 國務次官「제임스E웨보」氏와 全般的인 國務를 分擔하게되었다 그리고 今日까지 國務次官補(政治問題擔當)으로있었든 「러스키」氏는 極東局長으로 任命되었는데 이로서 氏는 日本 및 中國 그리고 現在共産主義壓力이 첨銳化되고있는 東南亞細亞의 援助問題를 直接擔當하게되었다 「러스커」氏는 前國務次官補「W웨ᄅ트·버터우―스」氏의 後任인바 「버터우―스」氏는 今日까지 共和黨側攻擊의 초点人物이였다 그런데 「버터우―스」氏는 今後日本問題解決에 献身할것이며 그 第一號로 「맥아더」將軍과 協議하기 爲하여 日本으로 旅行할것이다 當地外交官邊側은 이番 國務部內의 移動으로말미암아 國會의 攻擊을받고있는 政策을다시 樹立되었다고보고있다 그리고 「트루만」大統領은 「프로리다」의 「키―워스트」에서 「제섶」氏와 會談하고 氏에 對하여 無任所大使로서 政府에 留任하기를 懇請하고 「제섶」氏가 「아시아」 및 極東地域에 有益한 旅行을하고 歸還한것이 美政府에 對하여 큰도움이될것이라고말하였다 「제섶」氏는 自己에 對한 「워스콘신」州出身共和黨「조섶·R·맥아―시」氏의 批難聲明에 對答하기 爲하여 旅行으로부터 歸還하고 自己에 對한 批難事實을 否認하였다 그러나 美國務部內에 共産主義傾向을갖인사람들이있다는 「맥아―시」氏의 批難에 餘波는 結局 「항프샤」出身共和黨議員「스타이레스·브릿시」氏의 對政府攻擊으로나온것이다 氏는 廿八日「애치슨」國務長官의 國務部에 對한 處事를 攻擊하고 다음과같이 演說하였다美國의 對外政策은 親共産主義者들및 「모스코바」에 奉仕하는 間諜들에 依하여 左右되고있다 나는 다른 共和黨出身議員들이 美國의 對外政策을 決定하는 「애치슨」氏 및 國務部에 對한나의 攻擊에 合流하여주기를바란다,https://www.nl.go.kr/newspaper/detail.do?content_id=CNTS-00114977131
news_archive:CNTS-00114974481,1950,남조선민보,Modern Korean,"Hanja, Hangeul",政商牟利輩肅淸과 南北統一에 沒我邁進,새해를마지함에 際하여 微官末職의 本官으로서 所懷의 一端을 述함에있어 感慨無量하는바이다 客年은 國內外를 莫論하고 未完決된채로넘어온 難題가 山積하엿음을볼때 이는우리의 未及하였음을 發明함이요 우리의 至上課業은 今年도 亦是軍官民의 一致和睦 團結로서 反共에 매進할것이며 此를 完遂함에는 무었보담도 우리 內部의 淨化가 要請될것이다 그럼으로우리 憲兵은 此에 立脚하야 加一層本來의 使命에 突進할것이며 一般社會에서는 南北勞系列과아울러 所위愛國者의탈을쓰고 私利私慾과 謀略中傷을일삼는 政商牟利輩와 貪官汚吏輩들의 最後의 一人까지도 빠짐없이 肅淸하야 물샐틈없는 純粹精銳의 態勢로서 南北統一의 聖業에 滅私奉公함에있을것으로 生覺하는바이다,https://www.nl.go.kr/newspaper/detail.do?content_id=CNTS-00114974481
news_archive:CNTS-00114976448,1950,남조선민보,Modern Korean,"Hanja, Hangeul",對日媾和問題 蘇·中共間討議?,【레이크썩세스八日發로이타】蘇聯 및 中國共産政府는 對日媾和條約을 討議하기 爲하여 今後三個月內에 會議를 召集할것이 豫測되는바 이는 最近締結된 中蘇條約에 依하여 蘇聯과 中共間이 紐帶를 强化하게될뿐만아니라 美國을 國境에 빠지게할것이라는것이다 極東問題에 接觸하고있는 側이 말한바에 依하면 蘇聯은 對日媾和會議場所로서 中國을 擇할것을 主張할지도모르는데 그 證據로서 中國이 日本의 侵略으로서 가장 被害를많이받었다는것이다,https://www.nl.go.kr/newspaper/detail.do?content_id=CNTS-00114976448
news_archive:CNTS-00114974864,1950,남조선민보,Modern Korean,"Hanja, Hangeul",제셒氏蔣氏와 會談豫定,【臺北十六日發 INS】제섭美無任所大使는 十四日이곳에 到着하였는데 염首相은 「제섶」氏에게 다음과같이말하였다中國國土는 喪失한것같이보이나 中共支配에 抵抗하는 叛亂이 每日成長하고있다 이것은 國府軍이 反擊을 開始할때 强力한힘으로될것이다 그런데 「제섶」氏는 蔣介石氏와 會談할것으로 豫期된다,https://www.nl.go.kr/newspaper/detail.do?content_id=CNTS-00114974864
news_archive:CNTS-00114978151,1950,남조선민보,Modern Korean,"Hanja, Hangeul",中南美二十個國 韓國問題를 討議,【海軍鎭海統制府政訓課發表】UN小總會에서는 中南美五個國中心으로 小總會를 開催하리라하며 韓國問題를 討議할것이라한다 韓國戰線形態如何에따라 UN總會를 열게될것이라한다,https://www.nl.go.kr/newspaper/detail.do?content_id=CNTS-00114978151
news_archive:CNTS-00114976102,1950,남조선민보,Modern Korean,"Hanja, Hangeul",茶山醫院(漢方),茶山醫院(漢方)肺病·喘息꼭한번 시험을二十日以內患者自身이 그 奇効를 確認한다中城洞濟衆醫院뒷집다,https://www.nl.go.kr/newspaper/detail.do?content_id=CNTS-00114976102
news_archive:CNTS-00114978089,1950,남조선민보,Modern Korean,"Hanja, Hangeul",財團法人 舞鶴學園 聲明書,馬山法學專門及馬山工科專門兩學舘은 馬山의 高等敎育機關으로서 各自盡力하여왔으나 高等敎育機關의 亂立을 是正하는 同時에 一層더 建實한 發展을 圖謀키 爲하여 今般兩當局者의 圓滿한 合意밑에서 財團法人舞鶴學園經營下에 合流하여 馬山大學으로 新發足코저 目下認可申請中임을 共同聲明하는바이오니 諸位의 倍前의 聲援을삼가바랍니다檀紀四二八三年六月二十四日財團法人 舞鶴學園馬山法學專門學舘馬山工科專門學舘,https://www.nl.go.kr/newspaper/detail.do?content_id=CNTS-00114978089
news_archive:CNTS-00114974753,1950,남조선민보,Modern Korean,"Hanja, Hangeul",中本土와 臺灣間 海陜에 美軍艦,【워싱톤十二日發AP】美上院委員『로베트커프트』氏는 國務省內의 一部左翼「그릅」이 中國 및 台灣에 關하여 國會의 意思를 無視하고있다고 批難하엿다 『래프트』氏는 臺灣에 對한 政府의 態度가 美國으로하여금 蘇聯과 戰爭케할것이라고말하고 다음과같이 附言하였다나는 臺灣을 指令하려거나 또는 陸海軍을 臺灣에 派遣하라고말한적은없다 美國의 軍艦은 이미 中國本土와 台灣間海협에가있는것이다 海軍은 警告를 發함으로서 台灣에 對한 中共의 攻擊을 擊退할것을 要求하는바이다,https://www.nl.go.kr/newspaper/detail.do?content_id=CNTS-00114974753
news_archive:CNTS-00114978318,1950,남조선민보,Modern Korean,Hangeul,유인당,도장은유인당으로,https://www.nl.go.kr/newspaper/detail.do?content_id=CNTS-00114978318
news_archive:CNTS-00114974801,1950,남조선민보,Modern Korean,"Hanja, Hangeul",米價暴騰의 緩和策 每人當一斗以上嚴禁,暴騰을거듭하는 糓價는한되 三百五十圓臺를 突破하여 塗炭에빠진 民生問題에 加一層의 威脅을주고 三旬九食하는겨례가 續出하는 한便 食料品以外의 購買力은 閑散하여 商界에도 恐慌이 招來되고 賣惜買占等으로 因하여 市場에 白米의 姿態까지도사라져 民心에크다란 影響을던지여 爲政當局의 緊急한 對策樹立의 要望聲이높은데 馬山警察署主催로서 지난 十二日下午三時頃부터 舊馬山支署內에서 章馬山市長 地檢徐支廳長 文搜査主任等 關係官代表와 市場糓物商人의 參集下에 糓價調定에 對한 緊急討議와이에 隨伴한 指示等으로 下午六時頃끝마치였다고하는데 騰貴抑制策으로서 都小賣商의 區分을 廢止하고 都賣商은 農村에 直接間接的인 方法을 取하여 多量入荷를 企圖하여 出荷의 圓滑性과 買占防止로서 每人當一斗以上은 販賣를 禁止하며 아울러 商人들의 賣惜을 嚴禁케되였다는데 特히 食糧多量濫費處에 對한 (釀造場等)白米供給等은 商人各自의 良心에 呼訴케되였다하며 今後關係官廳에서는 賣惜買占者를 徹底히 團束케되였다고한다,https://www.nl.go.kr/newspaper/detail.do?content_id=CNTS-00114974801
news_archive:CNTS-00114977712,1950,남조선민보,Modern Korean,"Hanja, Hangeul",優勝候補는 崔君,【보스톤十九日發AP合同】十九日 이곳에서 開催될 第五十四次『보스톤』마라톤大會에는 世界十四個國으로 先發된 一百六十七名의 各國選手가 出戰할 豫定인데 그中 優勝候補로 가장 囑望되는것은 韓國으로부터 出戰한 三選手中의 崔륜七君이다 「보스톤」「마라톤」大會의 前優勝者인 「칼코스」「타린터―스」「스웨덴」『존니컬러』氏『보스톤』 및 一九十一年以來◈나 優勝한 『크라렌스데말』氏도 今年大會에 出戰할 豫定인데 그中에서 崔륜七君의 가장 强敵으로 生覺되는 『런더―슨』氏는 數日동안 『발진』으로 苦生하고있음으로 崔君에는 當하지못할것같다 그外에도 韓國으로부터 出戰한 成基龍 宋吉允兩君도 有望하다,https://www.nl.go.kr/newspaper/detail.do?content_id=CNTS-00114977712
news_archive:CNTS-00114978227,1950,남조선민보,Modern Korean,"Hanja, Hangeul",國聯事務總長◈…◈韓國事態談話,◈...◈◈發表】◈國際聯合事務總長代理「카친」大使는 七月五日韓國에 到着하여 政府要人과 會談하고 다시 「무쵸」美國大使와도 會談하였다 또다시 美軍戰鬪指揮者와 會談하고 그는다음과같이말하였다 韓國에 本部를 設置하고 韓國事態에 對한 諸般調査에 努力할것이다,https://www.nl.go.kr/newspaper/detail.do?content_id=CNTS-00114978227
news_archive:CNTS-00115099985,1950,마산일보,Modern Korean,"Hanja, Hangeul",寫眞舘,寫眞은오―케 寫眞舘으로,https://www.nl.go.kr/newspaper/detail.do?content_id=CNTS-00115099985
news_archive:CNTS-00114979601,1951,마산일보,Hanmun,"Hanja, Latin",大成醫院,鎭海 DR·KIM'S·HOSPITAL內科、小兒科特設 呼吸器科(人工氣胸術實施)大成醫院醫師 金大成鎭海海軍運動場入口電話二四六番,https://www.nl.go.kr/newspaper/detail.do?content_id=CNTS-00114979601
news_archive:CNTS-00115100272,1951,마산일보,Modern Korean,"Hanja, Hangeul",戰時慰問袋募集 昌原郡에 四千個割當,"今般本道에서는 內務部長官의 通牒에 依하야 道內市郡一圓에걸처 國聯軍 및 國軍에 對한 戰時慰問袋募集케되였는데 昌原郡에서는 郡內割當量四,〇〇〇袋를 昨五日부터 十三日까지 募集케되였다는바 一般은 勿論 特히 靑年團体 婦人會 愛國宗敎團体 男女學生들의 活躍을바란다고하며 期限內 募集完了에 積極協助하여주기를바란다고한다",https://www.nl.go.kr/newspaper/detail.do?content_id=CNTS-00115100272
news_archive:CNTS-00114980156,1951,마산일보,Modern Korean,"Hanja, Hangeul",阿房宮 新裝開業,新裝開業一流料理 美人接對婦登場阿房宮食事 酒宴(洋食 韓食)16日부터,https://www.nl.go.kr/newspaper/detail.do?content_id=CNTS-00114980156
news_archive:CNTS-00114980225,1951,마산일보,Modern Korean,"Hanja, Hangeul",馬山市管內三割減收豫想 被害額은 四億七千餘萬圓,"移앙不調와 旱魃繼續으로 因한 今年度水稻作況은 道內 곳곳마다 減收를 免치못할 實情에있는데 馬山市管內作況 및 收획豫想高를보면 移앙期의 降雨不足과 旱魃로 因한 枯渴面積等으로 植付面積은 三六五町步로서 總耕地面積의 一九町步減少를보이고있으며 이로 因한 作況은 平年七分作이라는 三割減收가 豫想되고있는데 이를 現糓價에 換算하여보면 減收量三,九四二石에 對한 被害額은 四億七千三百餘萬圓에 達할것으로 앞으로의 農家에 對한 處遇問題가 極히 注目視되는바이라고한다",https://www.nl.go.kr/newspaper/detail.do?content_id=CNTS-00114980225
news_archive:CNTS-00114982983,1952,마산일보,Modern Korean,"Hanja, Hangeul",支局社告,姜尙辰 任記者로 任함 三月一日附古縣支局許寧柱 任總務兼記者 李壽漢 右解任二月廿九日 馬山日報統營支局,https://www.nl.go.kr/newspaper/detail.do?content_id=CNTS-00114982983
news_archive:CNTS-00114983950,1952,마산일보,Modern Korean,"Hanja, Hangeul",急賣,小型(구랜一드型)피아노新興時計店白舊馬山(內西金融組合前),https://www.nl.go.kr/newspaper/detail.do?content_id=CNTS-00114983950
news_archive:CNTS-00114981477,1952,마산일보,Modern Korean,"Hanja, Hangeul",搜査係刑事主任補充,朴重伯警衞轉出以後로 오래 缺員中에있든 馬山警察署搜査係刑事主任으로 今月一日字로 李鍾石警術가 就任하였다한다,https://www.nl.go.kr/newspaper/detail.do?content_id=CNTS-00114981477
news_archive:CNTS-00114984026,1952,마산일보,Modern Korean,"Hanja, Old Hangeul",市長과 學務當局의 默認? 新入兒童에 不當負擔金徵收 初等敎育界不法性再發,初等校兒童들에 對한 不當負擔金問題가 一般學父兄으로하여금 아직 記憶도사라지기 前에 이버ᄂ에는 또다시 新入學期와함게 名目이무엇인지알기어러운 過重한 負擔金이 各兒童들에게 要請되고있어 世間에는 벌서 學資難에 苦민을느끼는 學父兄이있는가하면 한便에는 가르침보다도 먼침 學費의 거出方途를 巧妙하게꾀하고있는데가 오즉 學校만이라는 說까지 흘러나오고있어 義務敎育을 指向하고있는 이마당에있어서의 크다란 社會的衝擊을이르키고있다 듯는바에 依하면 지난 五日에 一齊入學式을 擧行한 市內各初等校에서는 入學當日擔任敎師로하여금 校長 또는 校監으로부터의 傳達事項이라하여 兒童一人當萬円程度의 負擔金을 學父兄를모임 席上에서 公言하였다는데 探問한바에 依하면이는 市內全般初等校에 亘한것은아니나 過半數以上學校에 同一한 事例가있은바로서 그 名目조차 不確實한 學校當局의 이와같은 處事에 對하야는 關係市學務當局으로하여금 事前承認이있었음인지 또는 없었음인지 況且師親會費以外의 負擔金을 市長承認없이 兩關係當局에서 左右할수있음인지 이모―든 点에 關하여 一般學父兄를 側에서는 負擔金에 對한 名目의 闡明과아울러 금◈밤의홍두께格의 負擔金에 學校當局의 再考가있기를바란다는 소리가 자못높다,https://www.nl.go.kr/newspaper/detail.do?content_id=CNTS-00114984026
news_archive:CNTS-00114981541,1952,마산일보,Modern Korean,"Hanja, Hangeul",某機關調査官의 野蠻行動 殘虐無道한 拷問致死事件,人權擁護의 存嚴性을 忘却하고 無辜한 良民을 不法逮捕 監禁하는 한便 野蠻的인 酷毒殘虐한 拷問을 恣行한남어지 傷害殺人케하는等 일즉이 그 類例를보지못할만한 듣기만하여도 소름이기치는 蠻行으로서 人權을 유린하고 社會의 義憤과 指彈을받어오든 惡鬼와같은 某機關의 可憎한 一黨이 打盡되어 唆嚴한 法의 處斷을받게되었다卽本籍을 江原道江陵郡墨湖邑發翰里三六에두고 統營郡長承浦邑長承浦里一區에 居住하는 長承포某機關分室長調査官全光成(二七)外 十一名(二名未逮捕)의 調査官 및 情報員은 同機關長承포分室 또는 島內派遣隊勤務時 同情報機關의 指向하는바 目的推進을 協助할 義務를띠고있을다름이지 平素搜査權限이 全혀 賦與되지않고 다만 作戰上의 後方情報를 수集搜査할 義務의 職務限界가 明료함에도 不拘하고 이들 越權離脫하여 木石에비유할 程度의 巨濟面東上里 勞動金日奉(三一) 同妻徐順南(三〇)이라는 善良한 夫婦를 所위 野山隊嫌疑內容을 告白하라는 條件下에 가진 酷毒한 拷問을 敢行하여 酷毒에 追窮으로말미아마 强制로 答辯케한것을 唯一한 情報로삼고 前記 金日奉證人外十八名의 無辜한 良心 또는 右翼陣營幹部等을 野山隊嫌疑者로 認定하고 아무런 法的手續을 取하지않고 不法逮捕하는 한便 八四年十月二十七日부터 同年十一月十一日頃에걸처 前記某派遣隊及 長承포分室에 假留置場을 設置하고 證人等을 不法監禁하여 取調한다는 名目下에 곤棒 竹棒 野球棒 皮製革帶 고무호―스 火熱 注水의 道具로서 目不忍見의 野蠻的인 手段方法으로 拷問暴行 이로서 證人兪鎭泰를하여곰 致死케한 非人間的인 一黨으로서 一般으로하여곰 義憤과 恐怖心을 禁치못하케하고오든 中 드디어 巨濟警察署에 一黨이 打盡되어 그동안 嚴重取調를맡이고 統營檢察支廳에 送廳 馬山檢察支廳經由로 傷害致死 傷害 不法監禁 屍体遺棄等의 罪目으로 七〇〇枚에 達하는 尨大한 書類와함께 起訴되어 今八日地法馬山支院의 公判廷에서 이들 一黨의 惡鬼같은 犯罪가 白日下에 公開될것이라고하는데 逮捕된 一黨은 다음과같다一、本籍 江原道江陵郡墨湖邑發翰里三六 住所 統營郡長承포邑長承포里一區 全光成(二七)(前長承포某機關分室長調査官)二、本籍 咸南咸興市光化里一區七一 住所 長承포邑長承포里一區 崔成根(三三)(同分室調査官)三、本籍 咸南咸興市南門里八三 住所 長承포邑長承포里三區 李博潤(三三)(同巨濟面派遣隊長調査官)四、本籍 統營郡長承포邑玉포里六五五 住所 馬山市南城洞二〇 姜尙阜(二四)(同面派遣隊副官調査官) 五、本籍 咸南北靑郡德成面泥望只里一九九 住所 長承포邑長承포里一區 朱基靑(二八)(同長承포分室調査官)六、本籍 咸南咸興市南門里一五八 住所 長承포邑長承포里二區六班 禹景순(三二)(同長承포分室情報員)七、江原道春川市孝子洞二區四三九의 二七 長承포邑長承포里二區 金洙南(二三)(同分室情報員)八、右同 右同 金洙東(二〇)(同分室情報員)九、咸南咸興市南門里五區八九 統營郡巨濟面東上里三班 朱在運(二九)(同巨濟面派遣隊情報官)一〇、咸南咸興市黃金洞 長承포邑長承포里 李培설(二六未逮捕)(同分室情報員)一一、京畿道(以下不詳) 長承포邑長承포里 李忠欽(二二未逮捕)(同分室情報員),https://www.nl.go.kr/newspaper/detail.do?content_id=CNTS-00114981541
news_archive:CNTS-00114984599,1952,마산일보,Modern Korean,"Hanja, Hangeul",糓價는 無限定으로 跳躍 白米升當八千300圓 麥價는 七千五百圓에,곡가(糓價)가 대폭적으로올랏다 작一일상오十시현재 시내부림공설시장의 미곡시세를보면 二일전까지 七천三백원대를오르내리고있든것이 一약매승당 一천원이뛰여올나 二릿터八천三백원이라는 놀라운 고가(高價)를전하게되었으며 한편 “보리쌀”값도 때를같이하여 六천二백원에서 승당一천三백원이올나 七천五백원이라는 전대미문의최고가를전하게되었다 그런데탐문한바에의하면 이는곧수확기를앞둔 맥곡(麥糓)의흉작(凶作)과 멀리곡창(糓倉)전라도(全羅道)로부터의 반입이순조롭지못한데 기인되는것으로 앞으로 당국의적기배급만실시된다면 곡가는 어느정도반락(反落)을거듭하지않을가 예측되고있다,https://www.nl.go.kr/newspaper/detail.do?content_id=CNTS-00114984599
news_archive:CNTS-00114981411,1952,마산일보,Modern Korean,"Hanja, Hangeul",會談如前히 無結實 三日의 板門店會談,【板門店卅日發PANA合同】捕虜交換問題를 討議하는 分科委員會의 卅日아침 會談은 또다시 아무런 結實없이끝낫는데 UN軍代表도 共産軍이 UN軍捕료들을 强制로 共産軍에 編入시켰다고 間接的으로 非難하였다 同分科委員會는 二時間半會談에서 아무런 進展도보지못하였다 會談後 UN軍측分科委員「리버」海軍少將은 다음과같이말하였다 아무새로운것이없었다 UN軍측은 다만 行方不明이된 五萬의 UN軍捕료에 對한 좀더 仔細한것을 알어볼려고하였다 我측은 또 UN軍捕료의 一部는 共産軍에 編入되여있다고 示唆하였으나 共産軍측은 强硬히 이를 否認하였다,https://www.nl.go.kr/newspaper/detail.do?content_id=CNTS-00114981411
news_archive:CNTS-00095664230,,대한매일신보,Korean,Hangeul,외국에 한국 외교관,원문: 셔울 잇 실답지 아니 일본 통신원들이 한국 건에 야 허황 말을 만히 보고지마 그 즁에  건이 근 동경 각 신문에 발포엿 외국에 잇 한국 외교관들의 월급과 경비를 관 춍셰무가 지출기를 거절 닭에 그 외교관들을 불너드리게 된다고 엿지라이러케 확실게 발포 말이 그 실샹으로 보면 근지 좀 잇슬 듯도다 관 춍셰무 라운씨가 한국 졍부에 야 조흔 게제와 비샹 릉으로 관 무를 관리하지라 졍부에셔 결졍 무 경비던지 라운씨가 참담히 반 리가 업슬 줄노 우리 확실이 밋노라한국 황뎨 폐하셔와 각 대신들이 라운씨의 권고을 진즁히 아시고 한국 외교 무에 하야 혹 람용이 잇 고로 라운씨가 공젼을 쓸  업시 허비 줄노 각야 반 게졔가 더러 잇셔지라 지금 와셔 한국대황뎨 폐하셔 외국 죠졍에 한국 표쟈를 두 거시 맛당 줄노 아시니 그러면 어느 지라도 관에셔 거긔 젹당 비용을 공급지라 엇더튼지 각색비에 쓸업시 랑비 거시 잇스면 라운씨가 반야 버릇을 햇던 닭에 일본 신문에 그런 말의 발표 인가 노라외국에셔 한국의 리관계 거의 업다고  만나 외국에 표쟈를 보 쥬의 독립국을 표이오 타국에 야 외교샹 평등권을 확실히 이라 졍말 무 우 젹을  아니라 잇더라도 외국에 잇 공의 찬죠 업시도 다 셔울에셔 능히  갈 터이니 실샹은 표쟈들을 브 거시 다만 외양을 위이니 경비를 만히 드리 거슨 쓸대업도다젼에 외국 가 한국 공들이 그 임디에 아니 간 에 그 월급과 경비를 도로 논 젹도 잇셧고 그 슈원들도 원졍 것보다 적게 간 도 잇셧지라각 공관에 공 하나와 참셔관 하나면 각 사무에 족족 유여고 그 경비도 러 젹어셔 아모라도 반 거시 업시되리라 노라,https://www.nl.go.kr/newspaper/detail.do?content_id=CNTS-00095664230
news_archive:CNTS-00093232734,,한성주보,Korean,"Hanja, Old Hangeul",(호수 및 일자 미상)호로린지략,호르란 본일흡이이달난 이니그디세가나진고로일흠미라그나하고든고을즁에 호르란가가장요긴인고로셰상이다 호르란 라일컷더라그나라지경인즉셔북은북에가륜여 인리스 로더부러셔로고동편은 셰야만에지경고 남편은르츠무에접여니 유로부에졔일져근나라이라남북기리가일구십오영리요동셔애가장너른고지일일십영리니젼국널비를통합여회게면일만이쳔뉵사십방영리요인구를합여회계면사일십일만사쳔영칠십칠인이요국디세사면평탄여산이보이지안코오직연긔와남기하랄밧게미망할이라동북부락에흑언덕이잇고깁푼슈풀과무셩헌남기잇나만치안니더라하슈흐르것과못파쳔이나라가온만흔고로조운메편에물기에리이유로부 각국에졔일이되지라일노나라안에무역이예로부터가쟝성고종사는리도짐히만터라 하슈가졔야만에셔근원이발여바다에흘너드러가니니인과 유서 두하슈가가장크고계외애드큰하슈가두솃아니니아니니이졔다긔록아니노라바다가인즉북가멀리드러와큰가되니일흠은남라고면은륙디보림놉하자조조슈가범람근심이잇고로각쳐에다방축는부비가마다누거만이되고긔후즉차고음습나다이사과물건은흠에이르지안터라아졔왼나라를나누와십일듀를사마구듀 호르란본부락에븟치고이듀 셰야만 부락에부쳐되다 호르란 왕에차지되여라굼인민이무역과축목거스로근본를삼공작이버곰되고농사비록듀장는아니나심히성더라일천팔팔십년에무역과공작과목축을시러듸린갑뉵쳔팔구십구만뉵십빙어보시러갑오쳔이영뉵만이쳔방이니시러물건은집에셔그러짐과쇠젓과마른쇠젓과담와마포와각조회와소듀와각고기가만코시러듸리물건은지목과연과슐과마져와모포와금은과동텰과소금과슛치가장웃일러라물건짓거신쥭곳슬라집을지여공작으로하여금날마다성비니가위입와밋남호르란 두고올이가장성고아으스되르다므 부와밋쇽쇼되르다므부 화륜션과밋사랑을짓고로역사에성함괴긔계에공교함과인공에번화이 유로부 가운듸졔일이요 아으스되르다므부 예금강셕탁마하는고진죽그비헐데업더라물건슈운는것신죽국듕에장사는가풍범선이팔팔십이쳑이요화륜선칠십팔쳑이러라텰도일만이쳔영리요슈입는금이일쳔칙일십뉵만칠쳔사이십사번에이르더라우편국인즉일쳔이팔십칠쳐에베푸러슈입금이십오만오쳔영일십사방이되고젼션인즉젼국에젼션기리을합하여회계하면팔쳔구사십영리니그슈입금이구만영이뉵십뉵방에이르더라사실하여보니 르츠무 일방영리에사람슈효가사팔십오인이고호르란 입방영리에사슈효가이십인이되고로이두나라이비록널이흘쳑하코농사를심나그에셔나곡식으로능히젼국인민를기르지못하고로나라이다무역하고공작하무로셩근분을삼라나라에부하고강하미사이만코젹고히널고좁은데잇것시안니라오직인민에지혜잇고미련듸잇것시니만일사이지혜잇고총명하면셔근것스로능히만흔것슬당하고약것스로능히같것슬졔어하나니하물며간것스로부되고약것스러강하지못하랴나라다사리사은반다시깁피각헐곳지러라졍사인즉인군이우에잇셔만긔를춍찰하고아양원이잇니다인민이스사로사을가리여나라졍사를의논하고졍사하는권셰즉상아홉사이잇니같은사법상셔며같은외무상셔며같은호부상셔며같은속지상셔며같은무상셔며같은뉵군상셔며같은공무상셔며같은상무상셔니각각제상사으로여금젼슈이지게고그륙군사무즉일쳔팔팔십이년에륙군은◈◈병원과밋관이합이쳔삼이십인이요병졸은합이뉵만이쳔뉵팔십칠인이니그즁에지원하는와강이하여붙여온에구별이잇고동인 예진친뉵군이합삼만이쳔일사십구인이요군함인즉화륜션이일삼쳑이니그듕에철갑션이십칠척이요범션이십구척이더라그일년나라저물츌입하는것신특일년에드러오것사팔구십오만일쳔칠뉵십구방이요나가는것시일쳔영팔십삼만이천삼십영사방이더라나라빗시즉일년총칠쳔팔빅사십사만이쳔삼백칠십방이요숭상하는종교즉야쇼신교는이사십뉵인이요야소구교하는일사십사만인이됴유교하는팔만인이더라셩가라치것신즉관부에셔셰운학교가이쳔칠칠십일쳐에사나의로가라치팔쳔사이십인이요계집으로가라치일쳔오팔십인이요셩이사사로이셰운학교가일쳔일영구처니사나의로가라치이쳔사칠십일인이요계집으로가라치일쳔뉵만구십칠인이요공입소학교에도가사십영만칠쳔칠영칠인이요사립소학교도가사립소학교도가일십만뉵쳔팔영팔인이요이외에관입듕학교왓도각조우학교와사사로이셰운모든학교왓도관부에셔세운학교네고지잇라상고여보건이나라이옛젹에브츠무 로더부러한나라 일너워일쳔팔삼십구년에남편부락이반여홀노셔니흐란스군사로보호고인리스흘노셔기를듄허고로나누여두나랴이되여니나 호르란 요나는 르츠무 나그러나호르란 나라나뉜후로나라이도로여졈졈셩다이더더라 아부 러셔울를삼아인군이여며무나그러나나라안에도회를말헐진 아스되르다므 로가장성물삼랴 이지략듕에디명과국명을한문으로번녁년유로부 歐羅巴의요 세야만은日耳曼이요르츠무比利時요 호르란和蘭이요 부셰르謬塞이요라인은來因이요 아으스되르다므安特堤府요속스되르다므鹿特堤府요어믜리셀은 病威立塞요 은海牙府라,https://www.nl.go.kr/newspaper/detail.do?content_id=CNTS-00093232734
