doc_id,source_file,newspaper,newspaper_ko,genre,coverage_date,summit_episode,headline,standfirst,body,full_text,n_paragraphs,n_chars
iks_20180427_chosun_editorial_001,Chosun editorial 2018 April 27 corpus.txt,Chosun Ilbo,조선일보,editorial,2018-04-27,2018_april_summit,북핵 폐기로 민족사에 남을 남북 정상회담 바란다,,"문재인 대통령과 김정은 북한 노동당 위원장은 27일 판문점 남측 평화의 집에서 남북 정상회담을 갖는다. 이번 회담은 비핵화가 핵심 의제이자 사실상 모든 것이라는 점에서 앞서 두 번의 정상회담과는 완전히 성격이 다르다. 북핵 문제는 2000년, 2007년 정상회담 때도 이미 불거져 있었지만 개발 단계였고 미·북 제네바 합의와 6자회담 9·19 선언으로 각각 동결 상태였다. 또 북은 핵 문제는 미국과 상대한다며 남북 간에는 논의 자체를 꺼렸다.
그러나 이제 북은 여섯 차례 핵실험과 미국 본토까지 타격할 수 있는 대륙간탄도미사일(ICBM) 발사 실험까지 마치고 핵무력 완성 선언을 한 상태다. 남북 정상회담을 거쳐 6월 초 열릴 예정인 미·북 정상회담에서 북핵 폐기가 확정되지 못하면 한반도가 어떤 상태가 될지는 누구든 알 수 있다. 북에 대한 전면적 제재는 강화될 수밖에 없고, 만약 중국·러시아가 이에 비협조적으로 나올 경우 미국은 대북 군사제재에 대한 현실적인 검토에 들어갈 수밖에 없다. 정부는 이번 정상회담 주제로 '평화, 새로운 시작'을 내걸었다. 그러나 북핵 폐기라는 입구를 거치지 않고는 평화를 향해 한 발자국도 뗄 수 없는 것이 지금의 한반도 현실이다.
문재인 대통령도 이번 회담의 목표를 첫째도, 둘째도, 셋째도 북핵 폐기에 두고 있을 것이다. 김정은이 올해 초부터 여러 경로를 통해 밝힌 비핵화 의지를 분명하게 못 박도록 하는 것이 최우선 과제다. 전 세계 언론이 생중계하는 가운데 김정은이 육성으로 핵 포기를 약속하게 하고, 그 약속을 남북 정상 합의문에 담아야 한다. 북한이 즐겨 쓰는 '한반도 비핵화'의 정확한 의미가 무엇인지도 이번 기회에 정확하게 드러나야 한다. 한국에 배치됐던 전술핵은 1991년 한반도 비핵화 선언 때 모두 철수했다. 이제 비핵화는 북한 핵무기·시설을 폐기하고 핵물질을 국제사회로 이관하는 문제만 남았다. 북한이 다른 새로운 문제를 연계시켜 논점을 흐리지 못하도록 해야 한다.
북핵 폐기는 최종적으로 미·북 정상회담에서 타결될 수밖에 없다. 우리가 가장 심각한 피해자이자 당사자이지만 북핵을 포기시킬 힘이 없기 때문이다. 남북 정상회담은 트럼프 미 대통령과 김정은이 만난 자리에서 북핵 폐기의 구체적인 방식과 시한을 담판 지을 수 있도록 밑그림을 그리고 디딤돌을 놓는 과정이 될 가능성이 높다. 문 대통령은 미·북 정상회담으로 가는 김정은이 '1~2년 시한 내 핵 폐기'라는 궤도를 이탈하지 않도록 해야 한다. 김정은이 시진핑 중국 국가주석에게 밝혔다는 핵 문제의 점진적, 단계적 해결 방식은 트럼프 대통령이 받아들이지 않을 것이며, 자칫 트럼프 대통령이 회담장에서 일어나 나갈 수 있다는 점도 납득시켜야 한다.
많은 사람이 지금 마치 평화가 온 듯 생각하고 있다. 그러나 봄바람이 불 때 얼음이 깨지는 사고가 가장 많이 발생한다. 이번 남북 정상회담은 잔치판이 아니다. 살얼음 위를 걷는 회담이다. 북핵 폐기를 확인하면 성공이고 아니면 아무것도 아니다. 문 대통령이 결연한 의지로 북핵 폐기를 못 박고 김정은을 바른길로 이끌어 민족사를 바꾼 역사적 업적을 이룬 대통령으로 기록되기를 바란다.","북핵 폐기로 민족사에 남을 남북 정상회담 바란다
문재인 대통령과 김정은 북한 노동당 위원장은 27일 판문점 남측 평화의 집에서 남북 정상회담을 갖는다. 이번 회담은 비핵화가 핵심 의제이자 사실상 모든 것이라는 점에서 앞서 두 번의 정상회담과는 완전히 성격이 다르다. 북핵 문제는 2000년, 2007년 정상회담 때도 이미 불거져 있었지만 개발 단계였고 미·북 제네바 합의와 6자회담 9·19 선언으로 각각 동결 상태였다. 또 북은 핵 문제는 미국과 상대한다며 남북 간에는 논의 자체를 꺼렸다.
그러나 이제 북은 여섯 차례 핵실험과 미국 본토까지 타격할 수 있는 대륙간탄도미사일(ICBM) 발사 실험까지 마치고 핵무력 완성 선언을 한 상태다. 남북 정상회담을 거쳐 6월 초 열릴 예정인 미·북 정상회담에서 북핵 폐기가 확정되지 못하면 한반도가 어떤 상태가 될지는 누구든 알 수 있다. 북에 대한 전면적 제재는 강화될 수밖에 없고, 만약 중국·러시아가 이에 비협조적으로 나올 경우 미국은 대북 군사제재에 대한 현실적인 검토에 들어갈 수밖에 없다. 정부는 이번 정상회담 주제로 '평화, 새로운 시작'을 내걸었다. 그러나 북핵 폐기라는 입구를 거치지 않고는 평화를 향해 한 발자국도 뗄 수 없는 것이 지금의 한반도 현실이다.
문재인 대통령도 이번 회담의 목표를 첫째도, 둘째도, 셋째도 북핵 폐기에 두고 있을 것이다. 김정은이 올해 초부터 여러 경로를 통해 밝힌 비핵화 의지를 분명하게 못 박도록 하는 것이 최우선 과제다. 전 세계 언론이 생중계하는 가운데 김정은이 육성으로 핵 포기를 약속하게 하고, 그 약속을 남북 정상 합의문에 담아야 한다. 북한이 즐겨 쓰는 '한반도 비핵화'의 정확한 의미가 무엇인지도 이번 기회에 정확하게 드러나야 한다. 한국에 배치됐던 전술핵은 1991년 한반도 비핵화 선언 때 모두 철수했다. 이제 비핵화는 북한 핵무기·시설을 폐기하고 핵물질을 국제사회로 이관하는 문제만 남았다. 북한이 다른 새로운 문제를 연계시켜 논점을 흐리지 못하도록 해야 한다.
북핵 폐기는 최종적으로 미·북 정상회담에서 타결될 수밖에 없다. 우리가 가장 심각한 피해자이자 당사자이지만 북핵을 포기시킬 힘이 없기 때문이다. 남북 정상회담은 트럼프 미 대통령과 김정은이 만난 자리에서 북핵 폐기의 구체적인 방식과 시한을 담판 지을 수 있도록 밑그림을 그리고 디딤돌을 놓는 과정이 될 가능성이 높다. 문 대통령은 미·북 정상회담으로 가는 김정은이 '1~2년 시한 내 핵 폐기'라는 궤도를 이탈하지 않도록 해야 한다. 김정은이 시진핑 중국 국가주석에게 밝혔다는 핵 문제의 점진적, 단계적 해결 방식은 트럼프 대통령이 받아들이지 않을 것이며, 자칫 트럼프 대통령이 회담장에서 일어나 나갈 수 있다는 점도 납득시켜야 한다.
많은 사람이 지금 마치 평화가 온 듯 생각하고 있다. 그러나 봄바람이 불 때 얼음이 깨지는 사고가 가장 많이 발생한다. 이번 남북 정상회담은 잔치판이 아니다. 살얼음 위를 걷는 회담이다. 북핵 폐기를 확인하면 성공이고 아니면 아무것도 아니다. 문 대통령이 결연한 의지로 북핵 폐기를 못 박고 김정은을 바른길로 이끌어 민족사를 바꾼 역사적 업적을 이룬 대통령으로 기록되기를 바란다.",5,1534
iks_20180427_chosun_editorial_002,Chosun editorial 2018 April 27 corpus.txt,Chosun Ilbo,조선일보,editorial,2018-04-27,2018_april_summit,"文 정부의 '진리 정치', 한반도 평화 해친다","조선조 성리학자들처럼 正義 실현하고 惡 없애는 '진리 정치'를 文 정부 강행
국민 절반인 보수는 배척하고, 對敵했던 北만 포용은 '헛꿈'
남북보다 '南·南 화해' 절실","오늘 남북 정상이 판문점에서 만난다. 현실이 상상을 앞지르는 극적 순간이다. 한반도가 일촉즉발의 전쟁 위기에 시달린 것이 몇 달 전 일이다. 지금은 전 세계가 지켜보는 가운데 활짝 웃는 문재인 대통령과 김정은 국무위원장이 서로를 극진히 환대한다. 통 큰 '4·27 합의'로 한반도 평화에 대한 낙관론이 무한 증폭될 가능성이 높다. 평화와 통일을 정치의 대의(大義)로 삼는 문재인 정부의 '진리 정치'도 덩달아 강화된다.
진리 정치의 주창자들은 '정치의 목표가 진리와 정의 실현에 있다'고 믿는다. 조선 왕조의 성리학자들이 대표적이다. 현대에는 독재와 싸운 민주화 운동 정치가 진리 정치를 내면화했다. 문재인 정부는 진리 정치를 확신한다. '악의 세력'인 이명박·박근혜 정권을 '일망타진'하는 것을 역사의 소명으로 여긴다. 박근혜 국정원의 댓글 공작을 분쇄한 정의(正義)의 칼이 '드루킹 게이트' 앞에서는 한없이 무뎌진다. '우리 편은 항상 옳다'고 문재인 정부는 믿기 때문이다.
오늘 우리는 평화를 앞세운 민족통일 담론이 '진리 정치'의 새 군주로 등극하는 즉위식을 보고 있다. 전쟁 반보 직전에 대화로 일변(一變)한 것이 민족통일 담론의 효과를 극대화했다. 태풍처럼 밀어닥친 민족주의적 평화 공세 앞에 일반 대중은 분단체제 해소가 임박했다고 믿게 된다. '전쟁이냐, 평화냐'의 거친 이분법으로 우리를 압박하는 민족통일 담론의 감성적 호소력이 막강하다. '한반도 新경제 지도'가 창출할 경제 특수(特需)에 대한 기대가 평화통일 담론의 호소력을 키운다.
민족통일 담론이 절대적 진리로 격상될 때 남북 국가이성(國家理性)의 대립적 본질을 성찰하는 합리적 성찰은 설 자리를 잃는다. 진리 정치는 '우리 민족끼리' 통일 한반도의 새 역사를 만들겠다고 외친다. 김정은의 핵 완전 포기가 불가능에 가까우며 북한체제가 전면적 개혁·개방을 감당하기 어렵다는 경험칙(經驗則)에 입각한 신중론을 반공냉전주의라고 비난한다. 민족통일 담론에 대한 어떤 합리적 비판도 반민족적 사문난적(斯文亂賊)으로 취급한다. 진리 정치가 오히려 야만과 퇴행을 부추기는 한국 사회의 현재 모습이다.
제3차 남북정상회담은 획기적인 사건이다. 은근과 끈기의 문재인 식(式) 중재 외교가 빛을 발했다. 문 대통령은 트럼프의 미국과 김정은의 북한이 만날 수 있는 접점을 파고들었다. 미·북, 한·미, 북·중, 북·러, 북·일 정상회담의 연쇄 나비효과로 이어지는 국제정치의 큰 판을 펼치게 만들었다.
세계에 하나 남은 '냉전의 섬' 한반도의 냉전을 해체해 모두가 상생하는 세계사적 선(善)순환의 실마리가 마련되었다. 정부 주최 행사로는 역대 최대 규모의 취재진이 몰려온 게 단적인 증거이다. 지난 24일까지 등록 취재단이 41국 2850명에 외신만 184개사 869명에 이른다. 2000년, 2007년 1, 2차 정상회담 때의 두 배다.
벌써 문재인·김정은·트럼프 세 지도자의 노벨 평화상 공동 수상까지 예상하는 이들도 있다. 북한이 완전하고 검증 가능하며 되돌릴 수 없는 핵폐기(CVID)에 합의하고 핵폐기를 최단기간에 완료할 때나 가능한 시나리오다. 하지만 최상의 그림과 최악의 구도는 야누스의 두 얼굴처럼 붙어있다. 남북, 미·북 정상회담이 모두 성공해도 북핵 폐기 실행은 첩첩산중의 험로다.
미국이 과거의 북핵을 인정하는 '코리아 패싱'으로 한국의 대북 종속이 현실화할 수도 있다. 트럼프가 회담장을 박차고 나간다면 한반도 전쟁 위기는 더 악화된다. 장밋빛 민족통일 담론이 이런 현실적 시나리오들을 은폐할 때 최악의 재앙이 갑자기 덮칠 수도 있다.
남북 정상의 만남을 환영하며 한반도 평화가 이루어지기를 진심으로 고대한다. 하지만 오늘의 회담은 ""평화, 새로운 시작""을 향한 천리 길의 첫걸음일 뿐이다. 내부의 합리적 비판 세력까지 적(敵)으로 여겨 타도하려는 야만적 진리 정치가 득세할 때 남북 평화는 고사하고 남남(南南) 평화조차 요원하다. 자(自)국민의 절반인 보수를 포용하지 못하는 진보가 전쟁으로 대적했던 북한체제를 껴안겠다는 것은 백일몽에 불과하다.
한국 사회 안의 통합과 화해가 전제되지 않을 때, 역사는 언제든지 역진(逆進)할 수 있다. 제1, 2차 남북정상회담의 좌절이 증명한다. 제3차 남북정상회담이라는 남북 화해와 평화의 현장에서 문재인 정부는 우리 사회 내부의 화해와 평화도 숙고해야 마땅하다. 진보·보수의 대통합 없는 남북 평화 공존은 불가능하다. 국민을 둘로 나누는 문재인 정부의 진리 정치는 한반도 평화에 해롭다.","文 정부의 '진리 정치', 한반도 평화 해친다
조선조 성리학자들처럼 正義 실현하고 惡 없애는 '진리 정치'를 文 정부 강행
국민 절반인 보수는 배척하고, 對敵했던 北만 포용은 '헛꿈'
남북보다 '南·南 화해' 절실
오늘 남북 정상이 판문점에서 만난다. 현실이 상상을 앞지르는 극적 순간이다. 한반도가 일촉즉발의 전쟁 위기에 시달린 것이 몇 달 전 일이다. 지금은 전 세계가 지켜보는 가운데 활짝 웃는 문재인 대통령과 김정은 국무위원장이 서로를 극진히 환대한다. 통 큰 '4·27 합의'로 한반도 평화에 대한 낙관론이 무한 증폭될 가능성이 높다. 평화와 통일을 정치의 대의(大義)로 삼는 문재인 정부의 '진리 정치'도 덩달아 강화된다.
진리 정치의 주창자들은 '정치의 목표가 진리와 정의 실현에 있다'고 믿는다. 조선 왕조의 성리학자들이 대표적이다. 현대에는 독재와 싸운 민주화 운동 정치가 진리 정치를 내면화했다. 문재인 정부는 진리 정치를 확신한다. '악의 세력'인 이명박·박근혜 정권을 '일망타진'하는 것을 역사의 소명으로 여긴다. 박근혜 국정원의 댓글 공작을 분쇄한 정의(正義)의 칼이 '드루킹 게이트' 앞에서는 한없이 무뎌진다. '우리 편은 항상 옳다'고 문재인 정부는 믿기 때문이다.
오늘 우리는 평화를 앞세운 민족통일 담론이 '진리 정치'의 새 군주로 등극하는 즉위식을 보고 있다. 전쟁 반보 직전에 대화로 일변(一變)한 것이 민족통일 담론의 효과를 극대화했다. 태풍처럼 밀어닥친 민족주의적 평화 공세 앞에 일반 대중은 분단체제 해소가 임박했다고 믿게 된다. '전쟁이냐, 평화냐'의 거친 이분법으로 우리를 압박하는 민족통일 담론의 감성적 호소력이 막강하다. '한반도 新경제 지도'가 창출할 경제 특수(特需)에 대한 기대가 평화통일 담론의 호소력을 키운다.
민족통일 담론이 절대적 진리로 격상될 때 남북 국가이성(國家理性)의 대립적 본질을 성찰하는 합리적 성찰은 설 자리를 잃는다. 진리 정치는 '우리 민족끼리' 통일 한반도의 새 역사를 만들겠다고 외친다. 김정은의 핵 완전 포기가 불가능에 가까우며 북한체제가 전면적 개혁·개방을 감당하기 어렵다는 경험칙(經驗則)에 입각한 신중론을 반공냉전주의라고 비난한다. 민족통일 담론에 대한 어떤 합리적 비판도 반민족적 사문난적(斯文亂賊)으로 취급한다. 진리 정치가 오히려 야만과 퇴행을 부추기는 한국 사회의 현재 모습이다.
제3차 남북정상회담은 획기적인 사건이다. 은근과 끈기의 문재인 식(式) 중재 외교가 빛을 발했다. 문 대통령은 트럼프의 미국과 김정은의 북한이 만날 수 있는 접점을 파고들었다. 미·북, 한·미, 북·중, 북·러, 북·일 정상회담의 연쇄 나비효과로 이어지는 국제정치의 큰 판을 펼치게 만들었다.
세계에 하나 남은 '냉전의 섬' 한반도의 냉전을 해체해 모두가 상생하는 세계사적 선(善)순환의 실마리가 마련되었다. 정부 주최 행사로는 역대 최대 규모의 취재진이 몰려온 게 단적인 증거이다. 지난 24일까지 등록 취재단이 41국 2850명에 외신만 184개사 869명에 이른다. 2000년, 2007년 1, 2차 정상회담 때의 두 배다.
벌써 문재인·김정은·트럼프 세 지도자의 노벨 평화상 공동 수상까지 예상하는 이들도 있다. 북한이 완전하고 검증 가능하며 되돌릴 수 없는 핵폐기(CVID)에 합의하고 핵폐기를 최단기간에 완료할 때나 가능한 시나리오다. 하지만 최상의 그림과 최악의 구도는 야누스의 두 얼굴처럼 붙어있다. 남북, 미·북 정상회담이 모두 성공해도 북핵 폐기 실행은 첩첩산중의 험로다.
미국이 과거의 북핵을 인정하는 '코리아 패싱'으로 한국의 대북 종속이 현실화할 수도 있다. 트럼프가 회담장을 박차고 나간다면 한반도 전쟁 위기는 더 악화된다. 장밋빛 민족통일 담론이 이런 현실적 시나리오들을 은폐할 때 최악의 재앙이 갑자기 덮칠 수도 있다.
남북 정상의 만남을 환영하며 한반도 평화가 이루어지기를 진심으로 고대한다. 하지만 오늘의 회담은 ""평화, 새로운 시작""을 향한 천리 길의 첫걸음일 뿐이다. 내부의 합리적 비판 세력까지 적(敵)으로 여겨 타도하려는 야만적 진리 정치가 득세할 때 남북 평화는 고사하고 남남(南南) 평화조차 요원하다. 자(自)국민의 절반인 보수를 포용하지 못하는 진보가 전쟁으로 대적했던 북한체제를 껴안겠다는 것은 백일몽에 불과하다.
한국 사회 안의 통합과 화해가 전제되지 않을 때, 역사는 언제든지 역진(逆進)할 수 있다. 제1, 2차 남북정상회담의 좌절이 증명한다. 제3차 남북정상회담이라는 남북 화해와 평화의 현장에서 문재인 정부는 우리 사회 내부의 화해와 평화도 숙고해야 마땅하다. 진보·보수의 대통합 없는 남북 평화 공존은 불가능하다. 국민을 둘로 나누는 문재인 정부의 진리 정치는 한반도 평화에 해롭다.",10,2183
iks_20180427_chosun_editorial_003,Chosun editorial 2018 April 27 corpus.txt,Chosun Ilbo,조선일보,editorial,2018-04-27,2018_april_summit,김정은에 '받들어 총',,"김정은 북한 국무위원장은 27일 남북 정상회담에 앞서 회담장인 판문점 평화의집 앞에서 우리 군 의장대를 사열(査閱)한다. 북한 지도자로선 처음이다. 장소가 협소해 의장대 규모를 줄이고 인공기 게양과 북한 국가 연주는 하지 않는다고 했다. 하지만 '국빈에 대한 최고의 경의'를 표하는 군 의장 행사로서의 의미는 별반 다르지 않다. 의장대원들은 '주적(主敵)'이라고 배워 온 북한의 김정은에게 '받들어 총'을 해야 한다.
국방부는 보도 자료에서 ""역사적 유래, 국제적 관례 및 과거 사례 등을 바탕으로 상호 존중과 예우를 다하기 위해 의장 행사를 한다""고 밝혔다. ""상호주의에 입각해 결정된 것""이라고도 했다. 김대중 전 대통령과 노무현 전 대통령이 각각 2000년과 2007년 북한을 방문했을 때 북한군 의장대를 사열했기 때문에 김정은에게도 당연히 똑같이 하는 거란 얘기다.
하지만 '상호 존중과 예우' '남북 간 상호주의'에 앞서 군이 6·25 분단의 역사와 북한의 끊임없는 도발, 그로 인해 목숨을 잃은 국군 전사자와 유가족의 마음을 헤아렸는지 의문이다. 북한이 일으킨 6·25전쟁으로 우리 국군 13만7800여명이 전사(戰死)했다. 민간인 사망자는 37만명이 넘는다. 북한은 휴전 이후에도 비무장지대(DMZ)에서 507건의 도발을 했다. 아웅산 폭탄 테러, KAL기 폭파 사건에 이어 1·2차 연평해전, 천안함 폭침, 연평도 포격 등 대형 군사 도발을 저질렀다. 이로 인해 목숨을 잃은 우리 국민과 장병도 숱하다.
그럼에도 북한은 지금까지 한 번도 제대로 공식 사과하거나 유감을 표명한 적이 없다. 오히려 ""6·25는 남측이 일으켰다""고 주장하고 있다. 천안함 등 각종 도발과 테러에 대해선 ""남조선 모략극""이라고 발뺌하고 있다. 6·25 정전협정 장소이자 유엔사 관할인 판문점에서 의장대 사열을 해야 하느냐는 지적도 나온다.
국방부는 정치적 논란을 의식한 듯 ""냉전시대에도 미·소, 미·중 간 정상회담 때 의장대 사열을 했다""고 했다. 하지만 이 국가들은 어느 일방의 잇따른 군사 도발로 다른 나라의 국군과 국민의 목숨을 앗아 간 사이가 아니었다. 2000년11월 빌 클린턴 미국 대통령은 서로 전쟁을 치렀던 베트남을 방문해 의장대 사열을 했는데, 이는 국교 정상화·무역협정 체결 등 10년 넘게 양국이 쌓아 올린 신뢰의 결과물이었다.
북한 비핵화와 한반도 평화체제를 향한 분위기 조성을 위해 군 의장대 행사 정도는 감수해야 하는 것 아니냐는 목소리도 있다. 하지만 북의 위협에 맞서 국가 안보를 지켜야 할 군이 굳이 정상회담장에 의전 들러리를 서야 하는지는 의문이다. 김정은에게 '받들어 총'을 하는 군의 모습, 아무리 곱씹어봐도 불편하다.","김정은에 '받들어 총'
김정은 북한 국무위원장은 27일 남북 정상회담에 앞서 회담장인 판문점 평화의집 앞에서 우리 군 의장대를 사열(査閱)한다. 북한 지도자로선 처음이다. 장소가 협소해 의장대 규모를 줄이고 인공기 게양과 북한 국가 연주는 하지 않는다고 했다. 하지만 '국빈에 대한 최고의 경의'를 표하는 군 의장 행사로서의 의미는 별반 다르지 않다. 의장대원들은 '주적(主敵)'이라고 배워 온 북한의 김정은에게 '받들어 총'을 해야 한다.
국방부는 보도 자료에서 ""역사적 유래, 국제적 관례 및 과거 사례 등을 바탕으로 상호 존중과 예우를 다하기 위해 의장 행사를 한다""고 밝혔다. ""상호주의에 입각해 결정된 것""이라고도 했다. 김대중 전 대통령과 노무현 전 대통령이 각각 2000년과 2007년 북한을 방문했을 때 북한군 의장대를 사열했기 때문에 김정은에게도 당연히 똑같이 하는 거란 얘기다.
하지만 '상호 존중과 예우' '남북 간 상호주의'에 앞서 군이 6·25 분단의 역사와 북한의 끊임없는 도발, 그로 인해 목숨을 잃은 국군 전사자와 유가족의 마음을 헤아렸는지 의문이다. 북한이 일으킨 6·25전쟁으로 우리 국군 13만7800여명이 전사(戰死)했다. 민간인 사망자는 37만명이 넘는다. 북한은 휴전 이후에도 비무장지대(DMZ)에서 507건의 도발을 했다. 아웅산 폭탄 테러, KAL기 폭파 사건에 이어 1·2차 연평해전, 천안함 폭침, 연평도 포격 등 대형 군사 도발을 저질렀다. 이로 인해 목숨을 잃은 우리 국민과 장병도 숱하다.
그럼에도 북한은 지금까지 한 번도 제대로 공식 사과하거나 유감을 표명한 적이 없다. 오히려 ""6·25는 남측이 일으켰다""고 주장하고 있다. 천안함 등 각종 도발과 테러에 대해선 ""남조선 모략극""이라고 발뺌하고 있다. 6·25 정전협정 장소이자 유엔사 관할인 판문점에서 의장대 사열을 해야 하느냐는 지적도 나온다.
국방부는 정치적 논란을 의식한 듯 ""냉전시대에도 미·소, 미·중 간 정상회담 때 의장대 사열을 했다""고 했다. 하지만 이 국가들은 어느 일방의 잇따른 군사 도발로 다른 나라의 국군과 국민의 목숨을 앗아 간 사이가 아니었다. 2000년11월 빌 클린턴 미국 대통령은 서로 전쟁을 치렀던 베트남을 방문해 의장대 사열을 했는데, 이는 국교 정상화·무역협정 체결 등 10년 넘게 양국이 쌓아 올린 신뢰의 결과물이었다.
북한 비핵화와 한반도 평화체제를 향한 분위기 조성을 위해 군 의장대 행사 정도는 감수해야 하는 것 아니냐는 목소리도 있다. 하지만 북의 위협에 맞서 국가 안보를 지켜야 할 군이 굳이 정상회담장에 의전 들러리를 서야 하는지는 의문이다. 김정은에게 '받들어 총'을 하는 군의 모습, 아무리 곱씹어봐도 불편하다.",6,1314
iks_20180427_chosun_news_001,Chosun news 2018 April 27 corpus.txt,Chosun Ilbo,조선일보,news,2018-04-27,2018_april_summit,"中 환구시보 ""문 대통령은 트럼프 슈퍼특사""...韓에 워싱턴으로부터 독립 촉구",,"중국 환구시보는 인터넷판에서 남북정상 회담이 성공했다면서도 미국에 따라 판문점 선언이 실현되지 않을 수 있다고 지적하고 워싱턴을 상대로 한국이 자기의견을 견지하는 용기를 내야한다고 촉구했다.
중국 인민일보 자매지 환구시보는 문재인 대통령과 김정은 북한 국무위원장이 27일 판문점 평화의 집에서 발표한 ‘한반도 평화와 번영, 통일을 위한 판문점 선언’과 관련 인터넷판 사평에서 “대체적으로 남북정상회담 성과 기대에 대한 상한선에 달했다”며 “성공적이라고 볼 수 있다”고 보도했다.
환구시보는 적지 않은 사람들을 흥미진진하게 만든 세부적인 안배는 TV 생중계에 처음 등장한 김정은에 대한 호감을 갖도록 하고 한반도 남북이 하나의 민족이라는 특수적인 정의(情誼)를 보여줬다고 전했다.
국수주의 성향이 강한 환구시보는 그러나 “한반도 평화를 위해 세운 무대가 매우 번화하지만 여전히 취약하다”며 “또 다른 중량급 주역인 도널드 트럼프 미국 대통령이 등장하지 않았기 때문”이라고 주장했다. 환구시보는 트럼프 대통령이 남북 정상회담 전날 북미 정상회담을 하지 않을 수도 있다고 발언한 것을 상기시키고 북미 정상회담은 조건부라는 것을 보여준다고 지적했다.
이어 “많은 사람들이 모종의 의미에서는 이번 남북 정상회담을 북미 정상회담의 예행연습 격으로 믿는다”며 “문재인이 한국의 대통령이지만 트럼프의 ‘슈퍼 특사” 역할을 한 것”이라고 비유했다.
남북 정상이 합의한 어떤 협의도 워싱턴의 진심어린 지지를 얻어야한다며 그렇지 않으면 실현이 어려울 것이며 일단 실현되도 오래 지속되기 어려울 것이라고 환구시보는 지적했다.
환구시보는 판문점 선언에 적힌 내용이 모두 구체적인 계획이 아닌 비전이라며 최종적으로 미국이 나와서 북한과 담판을 벌여야하는 일들이기 때문이라고 전했다. 한국은 염원을 전달할 수 있을 뿐 협상을 할 권리는 매우 제한돼 있다는 것이다.
환구시보는 한국 여론은 남북 정상회담과 관련 전쟁 상태를 끝내는 문제보다 비핵화 문제를 훨씬 중시해왔다며 한국이 이 방면에서 워싱턴으로부터 견제를 받았기 때문이라고 주장했다.
환구시보는 북한의 지도자가 3.8선을 넘어 한국으로 간 것은 과거 60여년 역사상 처음이지만 남북 정상회담은 처음이 아니다며 역사의 경험은 북미관계가 좋지 않으면 남북 관계가 좋아져도 쉽게 후퇴할 수 있음을 보여줬다고 지적했다.
환구시보는 남북 정상이 만났을 뿐 아니라 성과를 얻었기 때문에 한반도로서는 금요일(27일)이 최근 수년래 가장 기쁜 날이라면서도 머지 않아 열리는 북미 정상회담이 잘 되지 않으면 이날 대화를 나눈 것들은 유효하지 않을 수 있다고 지적했다. 평창 동계올림픽 때 많은 사람들은 당시 남북이 하나가 된 것이 덧없이 사라질 수 있음을 우려했는데 오늘까지도 그런 걱정이 그림자처럼 우리를 따라오고 있다는 것이다.
환구시보는 이 순간부터 한반도의 평화를 위한 남북의 노력이 또 다시 배척되서는 안된다고 강조했다. 한반도가 오늘의 대화 국면에 이르는데 한국이 상당히 중요한 역할을 했다며 과거 수개월간의 상황은 서울이 창조하고 쟁취해야 국면을 주도적으로 이끌 수 있음을 증명했다고 전했다. 이어 “한국이 과거에는 과도하게 워싱턴을 따랐다”며 “서울은 앞으로 자신의 의견을 더 용감하게 견지해야한다”고 권고했다.
환구시보는 “트럼프 대통령이 여러차례 김정은을 볼 수도 있고 안 볼 수도 있다고 했지만 이는 백악관이 일방적으로 결정할 수 있는 게 아니다”며 “청와대가 충분히 의견을 낼 수 있는 권리가 있다”고 지적했다. 미국이 그렇게 하는 게 한국의 이익과 매우 밀접히 관련돼 있기 때문에 한국은 트럼프 대통령과 김 위원장간 회담의 외부인이 아니라는 것이다.","中 환구시보 ""문 대통령은 트럼프 슈퍼특사""...韓에 워싱턴으로부터 독립 촉구
중국 환구시보는 인터넷판에서 남북정상 회담이 성공했다면서도 미국에 따라 판문점 선언이 실현되지 않을 수 있다고 지적하고 워싱턴을 상대로 한국이 자기의견을 견지하는 용기를 내야한다고 촉구했다.
중국 인민일보 자매지 환구시보는 문재인 대통령과 김정은 북한 국무위원장이 27일 판문점 평화의 집에서 발표한 ‘한반도 평화와 번영, 통일을 위한 판문점 선언’과 관련 인터넷판 사평에서 “대체적으로 남북정상회담 성과 기대에 대한 상한선에 달했다”며 “성공적이라고 볼 수 있다”고 보도했다.
환구시보는 적지 않은 사람들을 흥미진진하게 만든 세부적인 안배는 TV 생중계에 처음 등장한 김정은에 대한 호감을 갖도록 하고 한반도 남북이 하나의 민족이라는 특수적인 정의(情誼)를 보여줬다고 전했다.
국수주의 성향이 강한 환구시보는 그러나 “한반도 평화를 위해 세운 무대가 매우 번화하지만 여전히 취약하다”며 “또 다른 중량급 주역인 도널드 트럼프 미국 대통령이 등장하지 않았기 때문”이라고 주장했다. 환구시보는 트럼프 대통령이 남북 정상회담 전날 북미 정상회담을 하지 않을 수도 있다고 발언한 것을 상기시키고 북미 정상회담은 조건부라는 것을 보여준다고 지적했다.
이어 “많은 사람들이 모종의 의미에서는 이번 남북 정상회담을 북미 정상회담의 예행연습 격으로 믿는다”며 “문재인이 한국의 대통령이지만 트럼프의 ‘슈퍼 특사” 역할을 한 것”이라고 비유했다.
남북 정상이 합의한 어떤 협의도 워싱턴의 진심어린 지지를 얻어야한다며 그렇지 않으면 실현이 어려울 것이며 일단 실현되도 오래 지속되기 어려울 것이라고 환구시보는 지적했다.
환구시보는 판문점 선언에 적힌 내용이 모두 구체적인 계획이 아닌 비전이라며 최종적으로 미국이 나와서 북한과 담판을 벌여야하는 일들이기 때문이라고 전했다. 한국은 염원을 전달할 수 있을 뿐 협상을 할 권리는 매우 제한돼 있다는 것이다.
환구시보는 한국 여론은 남북 정상회담과 관련 전쟁 상태를 끝내는 문제보다 비핵화 문제를 훨씬 중시해왔다며 한국이 이 방면에서 워싱턴으로부터 견제를 받았기 때문이라고 주장했다.
환구시보는 북한의 지도자가 3.8선을 넘어 한국으로 간 것은 과거 60여년 역사상 처음이지만 남북 정상회담은 처음이 아니다며 역사의 경험은 북미관계가 좋지 않으면 남북 관계가 좋아져도 쉽게 후퇴할 수 있음을 보여줬다고 지적했다.
환구시보는 남북 정상이 만났을 뿐 아니라 성과를 얻었기 때문에 한반도로서는 금요일(27일)이 최근 수년래 가장 기쁜 날이라면서도 머지 않아 열리는 북미 정상회담이 잘 되지 않으면 이날 대화를 나눈 것들은 유효하지 않을 수 있다고 지적했다. 평창 동계올림픽 때 많은 사람들은 당시 남북이 하나가 된 것이 덧없이 사라질 수 있음을 우려했는데 오늘까지도 그런 걱정이 그림자처럼 우리를 따라오고 있다는 것이다.
환구시보는 이 순간부터 한반도의 평화를 위한 남북의 노력이 또 다시 배척되서는 안된다고 강조했다. 한반도가 오늘의 대화 국면에 이르는데 한국이 상당히 중요한 역할을 했다며 과거 수개월간의 상황은 서울이 창조하고 쟁취해야 국면을 주도적으로 이끌 수 있음을 증명했다고 전했다. 이어 “한국이 과거에는 과도하게 워싱턴을 따랐다”며 “서울은 앞으로 자신의 의견을 더 용감하게 견지해야한다”고 권고했다.
환구시보는 “트럼프 대통령이 여러차례 김정은을 볼 수도 있고 안 볼 수도 있다고 했지만 이는 백악관이 일방적으로 결정할 수 있는 게 아니다”며 “청와대가 충분히 의견을 낼 수 있는 권리가 있다”고 지적했다. 미국이 그렇게 하는 게 한국의 이익과 매우 밀접히 관련돼 있기 때문에 한국은 트럼프 대통령과 김 위원장간 회담의 외부인이 아니라는 것이다.",12,1783
iks_20180427_chosun_news_002,Chosun news 2018 April 27 corpus.txt,Chosun Ilbo,조선일보,news,2018-04-27,2018_april_summit,남북정상회담 12시간만에 종료,,"문재인 대통령과 김정은 국무위원장의 정상회담이 27일 오후 9시27분 종료됐다.
문 대통령 내외는 이날 만찬 이후 30분가량의 환송 행사를 관람한 뒤 대기 중이던 북측 벤츠 차량까지 김정은과 부인 리설주를 배웅했다. 김정은은 문 대통령 내외의 환송을 받으며 차량에 올랐고, 우리군 의장대의 호위 속에서 군사분계선(MDL)을 넘었다.
문 대통령과 김정은은 이날 환송식에서 정상회담이 이뤄진 평화의집 마당에 마련된 관람대에 앉아 평화의집 외벽을 스크린으로 활용하는 영상쇼를 관람했다. 이날 영상쇼의 주제는 ‘하나의 봄’이었다. 한반도의 어제와 오늘, 그리고 내일을 영상과 음악으로 표현한 것이었다고 청와대는 밝혔다.
환송식에서는 국악기와 오케스트라가 협연한 ‘아리랑’과 ‘새야 새야 파랑새야’ ‘고향의 봄’이 연주됐다.
문 대통령과 김정은을 비롯한 회담 참석자들은 국내 가요인 ‘원 드림 원 코리아’가 흘러나오는 가운데 손을 잡았다. 문 대통령은 김정은에게 악수하며 이별 인사를 했고 12시간에 걸친 남북정상회담은 종료됐다.","남북정상회담 12시간만에 종료
문재인 대통령과 김정은 국무위원장의 정상회담이 27일 오후 9시27분 종료됐다.
문 대통령 내외는 이날 만찬 이후 30분가량의 환송 행사를 관람한 뒤 대기 중이던 북측 벤츠 차량까지 김정은과 부인 리설주를 배웅했다. 김정은은 문 대통령 내외의 환송을 받으며 차량에 올랐고, 우리군 의장대의 호위 속에서 군사분계선(MDL)을 넘었다.
문 대통령과 김정은은 이날 환송식에서 정상회담이 이뤄진 평화의집 마당에 마련된 관람대에 앉아 평화의집 외벽을 스크린으로 활용하는 영상쇼를 관람했다. 이날 영상쇼의 주제는 ‘하나의 봄’이었다. 한반도의 어제와 오늘, 그리고 내일을 영상과 음악으로 표현한 것이었다고 청와대는 밝혔다.
환송식에서는 국악기와 오케스트라가 협연한 ‘아리랑’과 ‘새야 새야 파랑새야’ ‘고향의 봄’이 연주됐다.
문 대통령과 김정은을 비롯한 회담 참석자들은 국내 가요인 ‘원 드림 원 코리아’가 흘러나오는 가운데 손을 잡았다. 문 대통령은 김정은에게 악수하며 이별 인사를 했고 12시간에 걸친 남북정상회담은 종료됐다.",5,515
iks_20180427_chosun_news_003,Chosun news 2018 April 27 corpus.txt,Chosun Ilbo,조선일보,news,2018-04-27,2018_april_summit,"文대통령 ""김정은과 둘도 없는 길동무 됐다""","문대통령, 만찬 건배사 “남북이 자유롭게 오갈 날을 위해”
“우리에게 새 세계질서 만들어갈 역사적 책무가 있다”
김정은 “짧은 하루, 많은 대화와 의미있는 합의”","문재인 대통령은 27일 김정은 북한 국무위원장과의 정상회담 후 환영 만찬에서 “‘길동무가 좋으면 먼 길도 가깝다’ 이런 북측 속담이 있는데, 김 위원장과 나는 이제 세상에서 둘도 없는 좋은 길동무가 되었다”고 말했다.
문 대통령은 이날 오후 경기도 파주 평화의집 3층 연회장에서 김정은 부부와 함께 만찬을 함께 하고 “(남북이) 한 가마 밥을 먹으며 함께 번영하기를 진심으로 바란다”며 이같이 말했다.
문 대통령은 “김 위원장과 나는 진심을 다해 대화했고 마음이 통했다”며 “우리는 오늘 한반도에서 전쟁의 먹구름을 걷어내고 평화와 번영, 공존하는 새 길을 열었다”고 평가했다.
문 대통령은 “역사적 사명감으로 우리의 어깨는 무거웠지만 매우 보람있는 하루였다”며 “서로 주먹을 들이대던 때도 있었고, 헤어진 가족을 만나지 못하는 서러운 세월이 있었지만 오늘 우리는 전 세계가 지켜보는 가운데 역사적인 만남을 갖고 귀중한 합의를 이뤘다”고도 했다.
문 대통령은 “남과 북이 우리 민족의 운명을 주도적으로 결정해 나가고 국제사회의 지지와 협력을 함께 받아 나가야 한다는데 함께 인식을 같이했고, 새로운 세계질서를 만들어갈 역사적 책무가 우리에게 있다는 사실에 공감했다”며 “우리가 함께 해낼 수 있다는 자신감도 갖게 됐다”고 했다.
문 대통령은 “이제 어려운 문제를 만나면 오늘처럼 남북이 마주 앉아 해법을 찾을 것”이라며 “김 위원장과 나는 정기적인 회담과 직통전화로 대화하고 의논하며 믿음을 키워 나갈 것”이라고 말했다. 이어 “남과 북의 평화와 번영, 통일을 향한 여정에서 발걸음을 되돌리는 일은 다시는 없을 것”이라고 했다.
문 대통령은 “내가 오래 전부터 이루지 못한 꿈이 있는데 바로 백두산과 개마고원을 트래킹하는 것”이라며 “김 위원장이 그 소원을 꼭 들어줄 것이라고 믿는다”고 말했다. 이어 “제가 퇴임하면 백두산과 개마고원 여행권 한 장 보내주시겠나. 하지만 나에게만 주어지는 특혜가 아니라, 우리 민족 누구에게나 그런 날이 오기를 기원한다”고도 했다.
문 대통령은 마지막으로 “남과 북이 자유롭게 오갈 수 있는 그 날을 위하여”라고 건배사를 건냈다.
김정은은 문 대통령에 이어 술잔을 들고 “오늘 나는 문재인 대통령과 역사적인 상봉을, 그것도 분단을 상징하는 여기 판문점에서 진행하고, 짧은 하루였지만 많은 대화를 나눴으며 의미 있는 합의를 이뤘다”며 “오늘의 이 소중한 결실은 온겨레에 커다란 기쁨과 희망을 안겨주게 될 것이며 조선반도의 평화를 바라는 국제사회의 지지와 공감을 불러일으키게 될 것”이라고 평가했다.
김정은은 “오늘 우리는 암흑 같고 악몽과도 같던 북남 사이의 얼어붙은 긴긴 겨울과 영영 이별한다고 선고했으며 따뜻한 봄의 시작을 온세상에 알렸다”며 “4월 27일은 역사의 새로운 출발점에서 멎어있던 시계의 초침이 다시 돌아가기 시작한 영원히 잊을 수 없는 순간으로, 기억으로 남게 될 것”이라고 말했다.
김정은은 “오늘의 만남과 자그만 합의 성과는 시작에 불과하고 앞으로 우리가 해야 할 일에 비하면 빙산의 일각에 지나지 않는다”면서도 “함께 맞잡은 손을 굳게 잡고 꾸준히 노력하고, 꾸준히 걸어 나간다면 반드시 좋은 앞날을 만들 수 있을 것”이라고 말했다.
김정은 “나는 오늘 합의한 대로 앞으로 수시로 때와 장소에 가림이 없이, 그리고 격식 없이 틀이 없이 문 대통령과 만나 우리가 갈 길을 모색하고, 의논해 나갈 것”이라며 “필요할 때에는 아무 때든 우리 두 사람이 전화로 의논도 하려고 한다”고 말했다.
김정은은 “평화롭고 강대한 나라라는 종착역으로 힘차게 달려 나가야 한다”며 “이 땅의 영원한 평화를 지키고, 공동번영의 새 시대를 만들어 나감은 나와 문재인 대통령님, 그리고 우리 모두의 의지에 달렸다”고 말했다. 이어 “우리가 서로 마음을 합치고 힘을 모으면 그 어떤 도전과도 싸워 이길 수 있다”고도 했다.
김정은은 “온겨레의 공통된 염원과 지향과 의사를 충직히 받들어, 불신과 대결의 북남 관계 역사에 종지부를 찍고 함께 손잡고 민족의 미래를 위해 과감하게 나가야 한다”며 “오늘 내가 걸어서 넘어온 여기 판문점 분리선 구역의 비좁은 길을 온겨레가 활보하며 쉽게 오갈 수 있는 평화 통일의 대통로로 만들기 위해 더욱 용기를 가다듬고 노력해 나갈 것”이라고 말했다.
이날 만찬의 헤드테이블에는 문 대통령과 김정숙 여사, 김정은과 리설주 두 정상 부부가 앉았고, 북한 김영남 최고인민회의 상임위원장, 노동당 중앙위원회 김영철 부위원장, 김여정 제1부부장, 임종석 대통령비서실장, 정의용 국가안보실장, 서훈 국가정보원장이 앉았다.","文대통령 ""김정은과 둘도 없는 길동무 됐다""
문대통령, 만찬 건배사 “남북이 자유롭게 오갈 날을 위해”
“우리에게 새 세계질서 만들어갈 역사적 책무가 있다”
김정은 “짧은 하루, 많은 대화와 의미있는 합의”
문재인 대통령은 27일 김정은 북한 국무위원장과의 정상회담 후 환영 만찬에서 “‘길동무가 좋으면 먼 길도 가깝다’ 이런 북측 속담이 있는데, 김 위원장과 나는 이제 세상에서 둘도 없는 좋은 길동무가 되었다”고 말했다.
문 대통령은 이날 오후 경기도 파주 평화의집 3층 연회장에서 김정은 부부와 함께 만찬을 함께 하고 “(남북이) 한 가마 밥을 먹으며 함께 번영하기를 진심으로 바란다”며 이같이 말했다.
문 대통령은 “김 위원장과 나는 진심을 다해 대화했고 마음이 통했다”며 “우리는 오늘 한반도에서 전쟁의 먹구름을 걷어내고 평화와 번영, 공존하는 새 길을 열었다”고 평가했다.
문 대통령은 “역사적 사명감으로 우리의 어깨는 무거웠지만 매우 보람있는 하루였다”며 “서로 주먹을 들이대던 때도 있었고, 헤어진 가족을 만나지 못하는 서러운 세월이 있었지만 오늘 우리는 전 세계가 지켜보는 가운데 역사적인 만남을 갖고 귀중한 합의를 이뤘다”고도 했다.
문 대통령은 “남과 북이 우리 민족의 운명을 주도적으로 결정해 나가고 국제사회의 지지와 협력을 함께 받아 나가야 한다는데 함께 인식을 같이했고, 새로운 세계질서를 만들어갈 역사적 책무가 우리에게 있다는 사실에 공감했다”며 “우리가 함께 해낼 수 있다는 자신감도 갖게 됐다”고 했다.
문 대통령은 “이제 어려운 문제를 만나면 오늘처럼 남북이 마주 앉아 해법을 찾을 것”이라며 “김 위원장과 나는 정기적인 회담과 직통전화로 대화하고 의논하며 믿음을 키워 나갈 것”이라고 말했다. 이어 “남과 북의 평화와 번영, 통일을 향한 여정에서 발걸음을 되돌리는 일은 다시는 없을 것”이라고 했다.
문 대통령은 “내가 오래 전부터 이루지 못한 꿈이 있는데 바로 백두산과 개마고원을 트래킹하는 것”이라며 “김 위원장이 그 소원을 꼭 들어줄 것이라고 믿는다”고 말했다. 이어 “제가 퇴임하면 백두산과 개마고원 여행권 한 장 보내주시겠나. 하지만 나에게만 주어지는 특혜가 아니라, 우리 민족 누구에게나 그런 날이 오기를 기원한다”고도 했다.
문 대통령은 마지막으로 “남과 북이 자유롭게 오갈 수 있는 그 날을 위하여”라고 건배사를 건냈다.
김정은은 문 대통령에 이어 술잔을 들고 “오늘 나는 문재인 대통령과 역사적인 상봉을, 그것도 분단을 상징하는 여기 판문점에서 진행하고, 짧은 하루였지만 많은 대화를 나눴으며 의미 있는 합의를 이뤘다”며 “오늘의 이 소중한 결실은 온겨레에 커다란 기쁨과 희망을 안겨주게 될 것이며 조선반도의 평화를 바라는 국제사회의 지지와 공감을 불러일으키게 될 것”이라고 평가했다.
김정은은 “오늘 우리는 암흑 같고 악몽과도 같던 북남 사이의 얼어붙은 긴긴 겨울과 영영 이별한다고 선고했으며 따뜻한 봄의 시작을 온세상에 알렸다”며 “4월 27일은 역사의 새로운 출발점에서 멎어있던 시계의 초침이 다시 돌아가기 시작한 영원히 잊을 수 없는 순간으로, 기억으로 남게 될 것”이라고 말했다.
김정은은 “오늘의 만남과 자그만 합의 성과는 시작에 불과하고 앞으로 우리가 해야 할 일에 비하면 빙산의 일각에 지나지 않는다”면서도 “함께 맞잡은 손을 굳게 잡고 꾸준히 노력하고, 꾸준히 걸어 나간다면 반드시 좋은 앞날을 만들 수 있을 것”이라고 말했다.
김정은 “나는 오늘 합의한 대로 앞으로 수시로 때와 장소에 가림이 없이, 그리고 격식 없이 틀이 없이 문 대통령과 만나 우리가 갈 길을 모색하고, 의논해 나갈 것”이라며 “필요할 때에는 아무 때든 우리 두 사람이 전화로 의논도 하려고 한다”고 말했다.
김정은은 “평화롭고 강대한 나라라는 종착역으로 힘차게 달려 나가야 한다”며 “이 땅의 영원한 평화를 지키고, 공동번영의 새 시대를 만들어 나감은 나와 문재인 대통령님, 그리고 우리 모두의 의지에 달렸다”고 말했다. 이어 “우리가 서로 마음을 합치고 힘을 모으면 그 어떤 도전과도 싸워 이길 수 있다”고도 했다.
김정은은 “온겨레의 공통된 염원과 지향과 의사를 충직히 받들어, 불신과 대결의 북남 관계 역사에 종지부를 찍고 함께 손잡고 민족의 미래를 위해 과감하게 나가야 한다”며 “오늘 내가 걸어서 넘어온 여기 판문점 분리선 구역의 비좁은 길을 온겨레가 활보하며 쉽게 오갈 수 있는 평화 통일의 대통로로 만들기 위해 더욱 용기를 가다듬고 노력해 나갈 것”이라고 말했다.
이날 만찬의 헤드테이블에는 문 대통령과 김정숙 여사, 김정은과 리설주 두 정상 부부가 앉았고, 북한 김영남 최고인민회의 상임위원장, 노동당 중앙위원회 김영철 부위원장, 김여정 제1부부장, 임종석 대통령비서실장, 정의용 국가안보실장, 서훈 국가정보원장이 앉았다.",15,2222
iks_20180427_chosun_news_004,Chosun news 2018 April 27 corpus.txt,Chosun Ilbo,조선일보,news,2018-04-27,2018_april_summit,"""리설주는 오전부터 판문점에 대기하고있었다""","‘아침에 나간 김 위원장 얘기 들었다’는 리설주
판문점 북측 지역에 점심 전 도착했을 듯
남북정상회담, 효과 극대화 ‘카드’
벤츠車, 남편자리 상석은 비워","27일 남북 정상회담 만찬에 참석한 김정은 북한 국무위원장의 부인 리설주는 이미 이날 오전부터 판문점에 대기하고 있었다는 분석이 나왔다. 리설주는 이날 만찬 참석을 위해 오후 6시20분쯤 평화의 집에 도착해 문재인 대통령과 악수를 나눴다. 리설주는 이 자리서 “아침에 남편께서 회담 갔다 오셔서, 문재인 대통령님과 함께 진실하고 좋은 이야기도 많이 나누고 회담도 잘 됐다고 하셔서 정말 기뻤습니다”라고 했다.
전문가들은 ‘아침에 나간 남편을 만났다’라는 리설주 말은 “오전 스케줄을 끝낸 뒤 판문점 북한 측 지역으로 돌아간 김 위원장을 만났다는 말”이라며 “리설주가 이미 판문점에 도착해 있었다는 것을 유추할 수 있다”고 했다. 일각에선 리설주의 만찬 참석 여부를 사전에 밝히지 않은 것은 남북 정상회담 효과 극대화를 위해서라고 본다.
리설주는 이날 남편 김정은에 대한 존경을 표시하기도 했다. 리설주는 메르세데스벤츠의 대형세단 S클래스는 타고 도착했다. 북측 경호원이 차량 우측 상석(上席) 문을 열려고 하자, 리 여사는 왼쪽문으로 내렸다. 북한 경호원은 당황한 표정을 지으면 열었던 문을 살며시 닫았다.
한 탈북자는 “상석을 비워둔 것은 남편의 부재시에도 최고 존엄인 김정은에 대한 존경을 표시하는 것으로 풀이 된다”며 “‘남편께서’라고 말하는건, 1회성이 아닌 평소 말투와 습관으로 볼 수 있다”고 말했다.
두 퍼스트레이디는 이날 오후 6시30분 평화의집 3층에서 열리는 만찬에 참석했다. 김 여사와 리설주가 평화의집에 들어서자, 기다리고 있던 문 대통령과 김정은이 마중을 했다. 문 대통령은 리설주와 악수하며 인사했고, 김정은은 김 여사와 악수를 하며 환담을 나눴다.
이날 김 여사는 김정은에 “두 분이 다리 걷고 하는 모습을 오면서 위성으로 봤다”고 말했다. 이에 김정은은 “벌써 나왔습니까”라며 “(문 대통령과)우리 둘이서 카메라 피해서 멀리 갔는데 나왔구만요”라고 웃으며 말했다. 문 대통령도 “아주 진한 우정을 나눴다”고 화답했다.
이어 리설주는 “이번에 평화의 집을 꾸미는 데 (김) 여사께서 작은 세부적인 것까지 많은 관심을 가져주셨다는 얘기를 들었다”며 “저는 아무것도 한 것없이 이렇게 와서 조금 부끄러웠다”고 했다.
이날 두 퍼스트레이디는 문화 교류에 힘을 쓰기로 했다. 문 대통령은 “두 분이 전공도 비슷하기 때문에 앞으로 남북 간의 문화 예술 교류 그런 것을 많이 해 주시면 좋겠다”고 제안했다. 이에 리설주는 “두 분께서 하시는 일이 항상 잘 되도록 옆에서 정성을 기울이겠다”고 답했다.
김 여사와 리설주는 ‘음악’이라는 연결고리를 가지고 있다. 김 여사는 경희대 성악과를 졸업했고 서울시립합창단 단원으로 활동했다. 리설주는 북한 최고 악단인 은하수관현악단과 모란봉6중창단의 가수 출신이다. 이후 2010년 김정은 위원장과 결혼하면서 가수 생활을 접은 것으로 전해졌다.","""리설주는 오전부터 판문점에 대기하고있었다""
‘아침에 나간 김 위원장 얘기 들었다’는 리설주
판문점 북측 지역에 점심 전 도착했을 듯
남북정상회담, 효과 극대화 ‘카드’
벤츠車, 남편자리 상석은 비워
27일 남북 정상회담 만찬에 참석한 김정은 북한 국무위원장의 부인 리설주는 이미 이날 오전부터 판문점에 대기하고 있었다는 분석이 나왔다. 리설주는 이날 만찬 참석을 위해 오후 6시20분쯤 평화의 집에 도착해 문재인 대통령과 악수를 나눴다. 리설주는 이 자리서 “아침에 남편께서 회담 갔다 오셔서, 문재인 대통령님과 함께 진실하고 좋은 이야기도 많이 나누고 회담도 잘 됐다고 하셔서 정말 기뻤습니다”라고 했다.
전문가들은 ‘아침에 나간 남편을 만났다’라는 리설주 말은 “오전 스케줄을 끝낸 뒤 판문점 북한 측 지역으로 돌아간 김 위원장을 만났다는 말”이라며 “리설주가 이미 판문점에 도착해 있었다는 것을 유추할 수 있다”고 했다. 일각에선 리설주의 만찬 참석 여부를 사전에 밝히지 않은 것은 남북 정상회담 효과 극대화를 위해서라고 본다.
리설주는 이날 남편 김정은에 대한 존경을 표시하기도 했다. 리설주는 메르세데스벤츠의 대형세단 S클래스는 타고 도착했다. 북측 경호원이 차량 우측 상석(上席) 문을 열려고 하자, 리 여사는 왼쪽문으로 내렸다. 북한 경호원은 당황한 표정을 지으면 열었던 문을 살며시 닫았다.
한 탈북자는 “상석을 비워둔 것은 남편의 부재시에도 최고 존엄인 김정은에 대한 존경을 표시하는 것으로 풀이 된다”며 “‘남편께서’라고 말하는건, 1회성이 아닌 평소 말투와 습관으로 볼 수 있다”고 말했다.
두 퍼스트레이디는 이날 오후 6시30분 평화의집 3층에서 열리는 만찬에 참석했다. 김 여사와 리설주가 평화의집에 들어서자, 기다리고 있던 문 대통령과 김정은이 마중을 했다. 문 대통령은 리설주와 악수하며 인사했고, 김정은은 김 여사와 악수를 하며 환담을 나눴다.
이날 김 여사는 김정은에 “두 분이 다리 걷고 하는 모습을 오면서 위성으로 봤다”고 말했다. 이에 김정은은 “벌써 나왔습니까”라며 “(문 대통령과)우리 둘이서 카메라 피해서 멀리 갔는데 나왔구만요”라고 웃으며 말했다. 문 대통령도 “아주 진한 우정을 나눴다”고 화답했다.
이어 리설주는 “이번에 평화의 집을 꾸미는 데 (김) 여사께서 작은 세부적인 것까지 많은 관심을 가져주셨다는 얘기를 들었다”며 “저는 아무것도 한 것없이 이렇게 와서 조금 부끄러웠다”고 했다.
이날 두 퍼스트레이디는 문화 교류에 힘을 쓰기로 했다. 문 대통령은 “두 분이 전공도 비슷하기 때문에 앞으로 남북 간의 문화 예술 교류 그런 것을 많이 해 주시면 좋겠다”고 제안했다. 이에 리설주는 “두 분께서 하시는 일이 항상 잘 되도록 옆에서 정성을 기울이겠다”고 답했다.
김 여사와 리설주는 ‘음악’이라는 연결고리를 가지고 있다. 김 여사는 경희대 성악과를 졸업했고 서울시립합창단 단원으로 활동했다. 리설주는 북한 최고 악단인 은하수관현악단과 모란봉6중창단의 가수 출신이다. 이후 2010년 김정은 위원장과 결혼하면서 가수 생활을 접은 것으로 전해졌다.",9,1398
iks_20180427_chosun_news_005,Chosun news 2018 April 27 corpus.txt,Chosun Ilbo,조선일보,news,2018-04-27,2018_april_summit,한반도 주변 4强 “남북 회담 지지”…각국별 미묘한 온도차,,"27일 판문점에서 열린 남북 정상회담에 대해 미국·러시아·일본·중국 등 한반도 주변 정상들은 대체로 환영의 뜻을 보이면서도, 각국의 셈법에 따라 미묘한 온도차를 보였다.
도널드 트럼프 대통령은 이날 자신의 트위터에 “미사일 발사와 핵 실험의 격렬한 한 해가 지나고 남북 간 역사적인 만남이 일어나고 있다. 좋은 일들이 일어나고 있다”며 환영 의사를 밝혔다. 이어 그는 ‘판문점 선언’에 대해 “한국 전쟁이 끝날 것이다”면서 “이는 미국을 포함해 위대한 사람들이 자랑스럽게 여겨야 할 일”이라고 강조했다. 그는 그러면서도 “그러나 오직 시간이 말해줄 것”이라고 덧붙였다.
중국 외교부는 이날 ‘판문점 선언’이 나온 직후 루캉(陸慷) 대변인 명의의 담화를 통해 “이번 회담에서 거둔 긍정적인 성과는 남북 간 화해·협력과 한반도 평화와 안정, 한반도 문제의 정치적 해결에 도움이 된다”며 “중국은 이와 관련해 축하와 환영의 뜻을 표한다”고 밝혔다.
중국은 그동안 쌍중단(雙中斷·북한 핵·미사일 도발과 한미 연합군사훈련 중단)과 쌍궤병행(雙軌竝行·한반도 비핵화 프로세스와 북미 평화협정 협상)을 한반도 비핵화 해법으로 제시해왔는데, 남북한의 구상에 어느 정도 긍정적인 신호를 보낸 것으로 풀이된다.
러시아 역시 환영의 뜻을 나타냈다. 러시아 외무부는 성명을 내고 “판문점에서 이루어진 남북한 정상의 성공적 회담을 환영한다”며 “이를 민족적 화해와 자체적 가치를 가진 공고한 상호관계 구축을 향한 남북한의 의미 있는 행보로 간주한다”고 밝혔다.
러시아 외무부는 이어 “회담 결과 채택된 판문점 선언에 명시된 합의들을 긍정적으로 평가한다”면서 “(러시아는) 철도, 전력, 가스 등의 분야에 걸친 3자 협력 진전을 통해 남북한 간 실질적 협력 구축을 지원할 준비가 돼 있다”고 남북러 3자 협력 추진에 대한 기대를 표시했다.
아베 신조 일본 총리는 북한에 구체적인 행동을 요구하면서도 이번 회담에 대해서는 긍정적이라는 입장을 내놨다. 아베 총리는 이날 “이번 회담을 하게 된 한국 정부의 노력을 칭찬하고 싶다”며 “긍정적인 움직임으로 보고 환영한다”고 말했다.
그러나 그는 “북한이 구체적인 행동을 취할 것을 강하게 기대한다”며 “앞으로 북한의 동향을 주시할 것”이라고 강조했다. 아베 총리는 또한 “문재인 대통령으로부터 전화로 이번 회담 내용에 대해 직접 듣고 싶다”며 조만간 문 대통령과 전화 통화를 할 방침임을 시사했다.","한반도 주변 4强 “남북 회담 지지”…각국별 미묘한 온도차
27일 판문점에서 열린 남북 정상회담에 대해 미국·러시아·일본·중국 등 한반도 주변 정상들은 대체로 환영의 뜻을 보이면서도, 각국의 셈법에 따라 미묘한 온도차를 보였다.
도널드 트럼프 대통령은 이날 자신의 트위터에 “미사일 발사와 핵 실험의 격렬한 한 해가 지나고 남북 간 역사적인 만남이 일어나고 있다. 좋은 일들이 일어나고 있다”며 환영 의사를 밝혔다. 이어 그는 ‘판문점 선언’에 대해 “한국 전쟁이 끝날 것이다”면서 “이는 미국을 포함해 위대한 사람들이 자랑스럽게 여겨야 할 일”이라고 강조했다. 그는 그러면서도 “그러나 오직 시간이 말해줄 것”이라고 덧붙였다.
중국 외교부는 이날 ‘판문점 선언’이 나온 직후 루캉(陸慷) 대변인 명의의 담화를 통해 “이번 회담에서 거둔 긍정적인 성과는 남북 간 화해·협력과 한반도 평화와 안정, 한반도 문제의 정치적 해결에 도움이 된다”며 “중국은 이와 관련해 축하와 환영의 뜻을 표한다”고 밝혔다.
중국은 그동안 쌍중단(雙中斷·북한 핵·미사일 도발과 한미 연합군사훈련 중단)과 쌍궤병행(雙軌竝行·한반도 비핵화 프로세스와 북미 평화협정 협상)을 한반도 비핵화 해법으로 제시해왔는데, 남북한의 구상에 어느 정도 긍정적인 신호를 보낸 것으로 풀이된다.
러시아 역시 환영의 뜻을 나타냈다. 러시아 외무부는 성명을 내고 “판문점에서 이루어진 남북한 정상의 성공적 회담을 환영한다”며 “이를 민족적 화해와 자체적 가치를 가진 공고한 상호관계 구축을 향한 남북한의 의미 있는 행보로 간주한다”고 밝혔다.
러시아 외무부는 이어 “회담 결과 채택된 판문점 선언에 명시된 합의들을 긍정적으로 평가한다”면서 “(러시아는) 철도, 전력, 가스 등의 분야에 걸친 3자 협력 진전을 통해 남북한 간 실질적 협력 구축을 지원할 준비가 돼 있다”고 남북러 3자 협력 추진에 대한 기대를 표시했다.
아베 신조 일본 총리는 북한에 구체적인 행동을 요구하면서도 이번 회담에 대해서는 긍정적이라는 입장을 내놨다. 아베 총리는 이날 “이번 회담을 하게 된 한국 정부의 노력을 칭찬하고 싶다”며 “긍정적인 움직임으로 보고 환영한다”고 말했다.
그러나 그는 “북한이 구체적인 행동을 취할 것을 강하게 기대한다”며 “앞으로 북한의 동향을 주시할 것”이라고 강조했다. 아베 총리는 또한 “문재인 대통령으로부터 전화로 이번 회담 내용에 대해 직접 듣고 싶다”며 조만간 문 대통령과 전화 통화를 할 방침임을 시사했다.",8,1183
iks_20180427_chosun_news_007,Chosun news 2018 April 27 corpus.txt,Chosun Ilbo,조선일보,news,2018-04-27,2018_april_summit,"""판문점 선언, 대통령 비준 거쳐 공포한다""",,"남북정상회담 준비위원회는 27일 ""판문점 선언을 대통령 비준 등을 거쳐 공포할 것""이라고 밝혔다.
이날 남북정상회담 준비위원회는 '2018 남북정상회담' 결과 설명자료를 통해 ""'남북관계 발전에 관한 법률' 제21조에 따라 ‘남북합의서의 체결·비준’에 관한 법적인 절차를 거쳐 발효하겠다""며 ""국무회의 심의, 대통령 비준을 거치고 국회 동의 여부는 추후 법제처 등 관련 부처간 검토를 거쳐 결정할 것""이라고 했다.
이어 ""남북정상회담 준비위원회를 '남북정상선언 이행 추진위원회'로 개편하고 범정부 차원의 후속조치 추진과 점검체계를 가동하겠다""고 밝혔다.
또 ""분야별 후속조치 계획을 수립해 단기 사항은 즉시 착수하고 중장기 사항은 '남북관계발전기본계획'에 반영해 국회 보고 후 추진할 것""이라고 했다.
남북정상회담 준비위원회는 ""분야별 합의사항 이행방안을 논의하기 위해 남북장성급 군사회담, 남북적십자회담 등 후속회담도 북한 측과 협의해 개최할 것""이라며 ""남북고위급회담을 개최해 판문점선언 이행 방안을 구체적으로 협의하겠다""고 덧붙였다.","""판문점 선언, 대통령 비준 거쳐 공포한다""
남북정상회담 준비위원회는 27일 ""판문점 선언을 대통령 비준 등을 거쳐 공포할 것""이라고 밝혔다.
이날 남북정상회담 준비위원회는 '2018 남북정상회담' 결과 설명자료를 통해 ""'남북관계 발전에 관한 법률' 제21조에 따라 ‘남북합의서의 체결·비준’에 관한 법적인 절차를 거쳐 발효하겠다""며 ""국무회의 심의, 대통령 비준을 거치고 국회 동의 여부는 추후 법제처 등 관련 부처간 검토를 거쳐 결정할 것""이라고 했다.
이어 ""남북정상회담 준비위원회를 '남북정상선언 이행 추진위원회'로 개편하고 범정부 차원의 후속조치 추진과 점검체계를 가동하겠다""고 밝혔다.
또 ""분야별 후속조치 계획을 수립해 단기 사항은 즉시 착수하고 중장기 사항은 '남북관계발전기본계획'에 반영해 국회 보고 후 추진할 것""이라고 했다.
남북정상회담 준비위원회는 ""분야별 합의사항 이행방안을 논의하기 위해 남북장성급 군사회담, 남북적십자회담 등 후속회담도 북한 측과 협의해 개최할 것""이라며 ""남북고위급회담을 개최해 판문점선언 이행 방안을 구체적으로 협의하겠다""고 덧붙였다.",5,525
iks_20180427_chosun_news_008,Chosun news 2018 April 27 corpus.txt,Chosun Ilbo,조선일보,news,2018-04-27,2018_april_summit,"외신들, ‘판문점 선언’ 긴급 타전…비핵화 진전에 관심",,"남북 정상이 완전한 비핵화와 평화체제 추진을 골자로 하는 ‘판문점 선언’을 발표하자 세계 언론들도 일제히 긴급 속보를 타전했다.
주요 외신들은 남북 정상이 발표한 ‘한반도의 평화와 번영, 통일을 위한 판문점 선언’을 신속히 전하며 최대 현안으로 보도했다. 특히 남북 정상이 비핵화를 통해 핵 없는 한반도를 실현한다는 공동의 목표를 확인하고 올해 종전선언을 하고 정전협정을 평화협정으로 전환하기로 했다는 소식을 집중적으로 다뤘다.
그러면서도 이번 ‘판문점 선언’에 구체적인 비핵화 해법이 없었다는 점을 지적하면서, 미·북 회담에서 진일보한 합의에 이를 수 있을지 주목했다.
이날 미국 CNN은 이날 온라인 홈페이지에 기자회견 시간에 맞춰 ‘남북이 한국 전쟁을 끝내기로 했다’는 헤드라인을 걸고 남북 정상이 활짝 웃는 사진을 올렸다. CNN은 남북 정상이 한반도의 완전한 비핵화에 합의하고, 올해 종전을 선언키로 한 점을 중점으로 보도하면서, “김정은이 연설에서 비핵화를 언급하지는 않는듯했으나, 문재인 대통령이 양측이 완전한 비핵화에 합의했다고 설명했다”고도 덧붙였다.
NBC방송은 “작은 걸음으로, 남과 북의 지도자가 서로의 경계선을 넘으며 거대한 도약을 했다”며 “이 역사적 만남은 세계에서 가장 위험한 화약고 중 하나인 이곳에서 큰 전환점으로 기록될 것”이라고 전했다.
그러나 상당수 외신들은 가장 관심을 모았던 ‘비핵화’ 합의와 관련해 북한의 비핵화가 아닌 한반도 비핵화라는 문구가 포함된 점, 또한 비핵화를 위한 구체적인 실행 조치들이 미흡한 점에 대해서는 아쉽다고 지적했다.
뉴욕타임스(NYT)는 남북 정상이 공동선언을 통해 완전한 비핵화라는 공동의 목표를 확인했다고 발표한 것에 대해 “도널드 트럼프 미국 대통령은 북한이 핵무기를 제거하도록 빠른 일정표를 찾길 기대하지만, 이날 문재인 대통령과 김정은 북한 국무위원장의 합의는 그런 구체적인 내용이 부족하다”고 보도했다.
AP통신은 ““남북 정상이 한반도에서 핵무기를 제거하기 위한 구체적인 해법을 제시하는 데는 실패했다”며 “‘남과 북은 완전한 비핵화를 통해 핵 없는 한반도를 실현한다는 공동의 목표를 확인하였다’는 애매한 문구는 미·북 협상에 공을 넘겨준 셈”이라고 지적했다.
중국의 주요 매체들도 관련 소식을 신속해 전했다. 관영 신화통신은 “올해 안에 종전 선언과 평화협정을 추진하기로 밝혔다”면서 “한반도 비핵화 실현에도 합의했다”고 전했다. 또한 CCTV는 “두 정상이 남·북·미 3자 또는 남·북·미·중 4자 회담 개최를 적극적으로 추진해 나가겠다고 밝혔다”는 내용을 중점적으로 보도했다.","외신들, ‘판문점 선언’ 긴급 타전…비핵화 진전에 관심
남북 정상이 완전한 비핵화와 평화체제 추진을 골자로 하는 ‘판문점 선언’을 발표하자 세계 언론들도 일제히 긴급 속보를 타전했다.
주요 외신들은 남북 정상이 발표한 ‘한반도의 평화와 번영, 통일을 위한 판문점 선언’을 신속히 전하며 최대 현안으로 보도했다. 특히 남북 정상이 비핵화를 통해 핵 없는 한반도를 실현한다는 공동의 목표를 확인하고 올해 종전선언을 하고 정전협정을 평화협정으로 전환하기로 했다는 소식을 집중적으로 다뤘다.
그러면서도 이번 ‘판문점 선언’에 구체적인 비핵화 해법이 없었다는 점을 지적하면서, 미·북 회담에서 진일보한 합의에 이를 수 있을지 주목했다.
이날 미국 CNN은 이날 온라인 홈페이지에 기자회견 시간에 맞춰 ‘남북이 한국 전쟁을 끝내기로 했다’는 헤드라인을 걸고 남북 정상이 활짝 웃는 사진을 올렸다. CNN은 남북 정상이 한반도의 완전한 비핵화에 합의하고, 올해 종전을 선언키로 한 점을 중점으로 보도하면서, “김정은이 연설에서 비핵화를 언급하지는 않는듯했으나, 문재인 대통령이 양측이 완전한 비핵화에 합의했다고 설명했다”고도 덧붙였다.
NBC방송은 “작은 걸음으로, 남과 북의 지도자가 서로의 경계선을 넘으며 거대한 도약을 했다”며 “이 역사적 만남은 세계에서 가장 위험한 화약고 중 하나인 이곳에서 큰 전환점으로 기록될 것”이라고 전했다.
그러나 상당수 외신들은 가장 관심을 모았던 ‘비핵화’ 합의와 관련해 북한의 비핵화가 아닌 한반도 비핵화라는 문구가 포함된 점, 또한 비핵화를 위한 구체적인 실행 조치들이 미흡한 점에 대해서는 아쉽다고 지적했다.
뉴욕타임스(NYT)는 남북 정상이 공동선언을 통해 완전한 비핵화라는 공동의 목표를 확인했다고 발표한 것에 대해 “도널드 트럼프 미국 대통령은 북한이 핵무기를 제거하도록 빠른 일정표를 찾길 기대하지만, 이날 문재인 대통령과 김정은 북한 국무위원장의 합의는 그런 구체적인 내용이 부족하다”고 보도했다.
AP통신은 ““남북 정상이 한반도에서 핵무기를 제거하기 위한 구체적인 해법을 제시하는 데는 실패했다”며 “‘남과 북은 완전한 비핵화를 통해 핵 없는 한반도를 실현한다는 공동의 목표를 확인하였다’는 애매한 문구는 미·북 협상에 공을 넘겨준 셈”이라고 지적했다.
중국의 주요 매체들도 관련 소식을 신속해 전했다. 관영 신화통신은 “올해 안에 종전 선언과 평화협정을 추진하기로 밝혔다”면서 “한반도 비핵화 실현에도 합의했다”고 전했다. 또한 CCTV는 “두 정상이 남·북·미 3자 또는 남·북·미·중 4자 회담 개최를 적극적으로 추진해 나가겠다고 밝혔다”는 내용을 중점적으로 보도했다.",9,1266
iks_20180427_chosun_news_009,Chosun news 2018 April 27 corpus.txt,Chosun Ilbo,조선일보,news,2018-04-27,2018_april_summit,트럼프 “남북간 역사적인 만남…美 자부심 느껴야”,,"도널드 트럼프 미국 대통령은 27일 개최된 남북정상회담에 대해 첫 반응을 내놨다.
트럼프 대통령은 이날 자신의 트위터에 “미사일 발사와 핵 실험의 격렬한 한 해가 지나고 남북 간 역사적인 만남이 일어나고 있다. 좋은 일들이 일어나고 있다”며 환영 의사를 밝혔다. 그는 그러면서도 “그러나 오직 시간이 말해줄 것”이라고 덧붙였다.
이어 그는 또 다른 트윗 글에 ‘판문점 선언’에 대해 “한국 전쟁이 끝난다”라면서 “이는 미국을 포함해 위대한 사람들이 자랑스럽게 여겨야 할 일”이라고 덧붙였다.
한편 백악관은 이날 오전 9시30분 문재인 대통령과 김정은 북한 국무위원장이 판문점에서 첫 대면을 한 직후 “한반도의 평화와 번영으로 가는 진전을 희망한다”는 성명을 발표했다","트럼프 “남북간 역사적인 만남…美 자부심 느껴야”
도널드 트럼프 미국 대통령은 27일 개최된 남북정상회담에 대해 첫 반응을 내놨다.
트럼프 대통령은 이날 자신의 트위터에 “미사일 발사와 핵 실험의 격렬한 한 해가 지나고 남북 간 역사적인 만남이 일어나고 있다. 좋은 일들이 일어나고 있다”며 환영 의사를 밝혔다. 그는 그러면서도 “그러나 오직 시간이 말해줄 것”이라고 덧붙였다.
이어 그는 또 다른 트윗 글에 ‘판문점 선언’에 대해 “한국 전쟁이 끝난다”라면서 “이는 미국을 포함해 위대한 사람들이 자랑스럽게 여겨야 할 일”이라고 덧붙였다.
한편 백악관은 이날 오전 9시30분 문재인 대통령과 김정은 북한 국무위원장이 판문점에서 첫 대면을 한 직후 “한반도의 평화와 번영으로 가는 진전을 희망한다”는 성명을 발표했다",4,372
iks_20180427_chosun_news_010,Chosun news 2018 April 27 corpus.txt,Chosun Ilbo,조선일보,news,2018-04-27,2018_april_summit,"野 ""판문점 선언, 북한 핵포기에 대한 구체적 언급 부족""",,"야당은 27일 남북 정상회담 합의에 대해 “북한의 핵포기와 관련된 구체적 언급이 없다”고 비판했다.
자유한국당 전희경 대변인은 이날 오후 논평을 통해 “오늘 발표된 판문점 선언은 국민의 기대를 저버리는 내용으로 북한의 핵포기 의사는 발견할 수 없다”고 밝혔다.
전 대변인은 “오히려 대한민국의 안보·경제 면에서의 일방적인 빗장풀기에 지나지 않는다”며 “북한에 주는 약속은 구체적이고, 우리가 바라는 희망사항은 모호하고 추상적인 표현으로 일관했다”고 말했다.
그는 “판문점 선언 어디에도 북한이 검증가능하고 회복불가능한 핵폐기를 할 것이라는 약속을 찾아볼 수 없다”며 “그토록 비난받았던 노무현 정부의 10·4 남북공동선언에서 북한이 약속했던 비핵화보다도 오히려 후퇴한 수준”이라고 지적했다. 이어 “북한의 핵포기가 전제될 때라야 공동번영과 통일이 가능하다는 점에서 본말이 전도된 것”이라고 했다.
전 대변인은 “북한은 1991년 이래 지속적으로 비핵화를 천명해 온 만큼, 이번에도 공허한 시간벌기에 그칠 가능성이 매우 크다”며 “반면 우리 정부는 유엔(UN)의 대북제재에도 위배될 수 있는 여러 약속들을 북한에 함으로써, 이후 미북 회담에 영향을 미칠 뿐 아니라 우리 스스로 국제사회에서 고립될 가능성에 봉착했다”고 말했다.
한국당은 ▲오늘 발표된 공동선언문이 북한이 핵 포기를 선언한다고 보는지 ▲북한의 핵포기 없이도 오늘 약속한 조치들을 선제적으로 취할 수 있는지 ▲조급하게 국내여론용으로 발표된 것 아닌지 문재인 정부에게 묻는다고 밝혔다.
바른미래당 역시 입장문을 내고 “그동안 중단되었던 상호 불가침 합의, 이산가족 상봉 등을 통해 한반도에 평화체제를 구축하겠다는 이번 남북정상회담 결과에 대해 긍정적으로 평가한다”면서도 “하지만 이번에 합의된 내용 상당 부분이 과거에도 합의되었던 사항”이라고 밝혔다.
바른미래당은 “이제부터 중요한 것은 실질적 이행”이라며 ▲핵무기·핵시설·핵물질 처리방법 ▲핵무기·핵시설·핵물질의 신속한 처리시한 ▲국제기구 요구에 부합하는 사찰 방식과 검증절차에 대해 구체적 실행방안 합의가 뒤따라야 할 것이라고 주장했다.","野 ""판문점 선언, 북한 핵포기에 대한 구체적 언급 부족""
야당은 27일 남북 정상회담 합의에 대해 “북한의 핵포기와 관련된 구체적 언급이 없다”고 비판했다.
자유한국당 전희경 대변인은 이날 오후 논평을 통해 “오늘 발표된 판문점 선언은 국민의 기대를 저버리는 내용으로 북한의 핵포기 의사는 발견할 수 없다”고 밝혔다.
전 대변인은 “오히려 대한민국의 안보·경제 면에서의 일방적인 빗장풀기에 지나지 않는다”며 “북한에 주는 약속은 구체적이고, 우리가 바라는 희망사항은 모호하고 추상적인 표현으로 일관했다”고 말했다.
그는 “판문점 선언 어디에도 북한이 검증가능하고 회복불가능한 핵폐기를 할 것이라는 약속을 찾아볼 수 없다”며 “그토록 비난받았던 노무현 정부의 10·4 남북공동선언에서 북한이 약속했던 비핵화보다도 오히려 후퇴한 수준”이라고 지적했다. 이어 “북한의 핵포기가 전제될 때라야 공동번영과 통일이 가능하다는 점에서 본말이 전도된 것”이라고 했다.
전 대변인은 “북한은 1991년 이래 지속적으로 비핵화를 천명해 온 만큼, 이번에도 공허한 시간벌기에 그칠 가능성이 매우 크다”며 “반면 우리 정부는 유엔(UN)의 대북제재에도 위배될 수 있는 여러 약속들을 북한에 함으로써, 이후 미북 회담에 영향을 미칠 뿐 아니라 우리 스스로 국제사회에서 고립될 가능성에 봉착했다”고 말했다.
한국당은 ▲오늘 발표된 공동선언문이 북한이 핵 포기를 선언한다고 보는지 ▲북한의 핵포기 없이도 오늘 약속한 조치들을 선제적으로 취할 수 있는지 ▲조급하게 국내여론용으로 발표된 것 아닌지 문재인 정부에게 묻는다고 밝혔다.
바른미래당 역시 입장문을 내고 “그동안 중단되었던 상호 불가침 합의, 이산가족 상봉 등을 통해 한반도에 평화체제를 구축하겠다는 이번 남북정상회담 결과에 대해 긍정적으로 평가한다”면서도 “하지만 이번에 합의된 내용 상당 부분이 과거에도 합의되었던 사항”이라고 밝혔다.
바른미래당은 “이제부터 중요한 것은 실질적 이행”이라며 ▲핵무기·핵시설·핵물질 처리방법 ▲핵무기·핵시설·핵물질의 신속한 처리시한 ▲국제기구 요구에 부합하는 사찰 방식과 검증절차에 대해 구체적 실행방안 합의가 뒤따라야 할 것이라고 주장했다.",8,1035
iks_20180427_chosun_news_011,Chosun news 2018 April 27 corpus.txt,Chosun Ilbo,조선일보,news,2018-04-27,2018_april_summit,"中 ""한반도 문제 정치적 해결에 유리...中 적극적 역할 계속 발휘 원해""",,"중국 외교부는 27일 루캉 대변인 명의의 성명을 통해 4.27 남북 정상회담 판문점 선언에 대해 적극적인 성과를 얻었다고 평가했다.
중국 외교부는 남북 정상이 27일 판문점 평화의 집에서 발표한 ‘한반도 평화와 번영, 통일을 위한 판문점 선언’과 관련, “적극적인 성과를 얻었다”며 “양측의 화해와 협력을 증진하고 한반도 평화와 안정을 유지하며, 한반도 문제의 정치적 해결과정을 추진한데 유리하다”고 평가했다.
외교부는 루캉(陸慷) 대변인 명의의 성명을 통해 “축하와 환영한다”며 이같은 입장을 밝혔다. 성명은 “남북한은 하나의 민족으로 중국은 일관되게 남북이 대화 협상을 통해 상호 신뢰를 구축하고 관계를 개선하는 것을 지지해왔다”며 “양측과 이 지역의 공동이익, 국제사회의 공동 기대에 부합한다”고 설명했다.
성명은 이어 “이번 지도자간 회담을 통한 공동인식을 충분히 실천하고, 화해와 협력을 지속하기를 희망하고 믿는다”고 기대했다. 또 “유관 당사국이 대화의 모멘텀을 유지해 한반도 비핵화와 한반도 문제의 정치적 해결을 힘을 모아 추진하기를 희망한다”고 밝혔다. 이어 “중국은 이를 위해 적극적인 역할을 계속 발휘하기를 바란다”고 덧붙였다.","中 ""한반도 문제 정치적 해결에 유리...中 적극적 역할 계속 발휘 원해""
중국 외교부는 27일 루캉 대변인 명의의 성명을 통해 4.27 남북 정상회담 판문점 선언에 대해 적극적인 성과를 얻었다고 평가했다.
중국 외교부는 남북 정상이 27일 판문점 평화의 집에서 발표한 ‘한반도 평화와 번영, 통일을 위한 판문점 선언’과 관련, “적극적인 성과를 얻었다”며 “양측의 화해와 협력을 증진하고 한반도 평화와 안정을 유지하며, 한반도 문제의 정치적 해결과정을 추진한데 유리하다”고 평가했다.
외교부는 루캉(陸慷) 대변인 명의의 성명을 통해 “축하와 환영한다”며 이같은 입장을 밝혔다. 성명은 “남북한은 하나의 민족으로 중국은 일관되게 남북이 대화 협상을 통해 상호 신뢰를 구축하고 관계를 개선하는 것을 지지해왔다”며 “양측과 이 지역의 공동이익, 국제사회의 공동 기대에 부합한다”고 설명했다.
성명은 이어 “이번 지도자간 회담을 통한 공동인식을 충분히 실천하고, 화해와 협력을 지속하기를 희망하고 믿는다”고 기대했다. 또 “유관 당사국이 대화의 모멘텀을 유지해 한반도 비핵화와 한반도 문제의 정치적 해결을 힘을 모아 추진하기를 희망한다”고 밝혔다. 이어 “중국은 이를 위해 적극적인 역할을 계속 발휘하기를 바란다”고 덧붙였다.",4,585
iks_20180427_chosun_news_012,Chosun news 2018 April 27 corpus.txt,Chosun Ilbo,조선일보,news,2018-04-27,2018_april_summit,"정상회담 최초 '비핵화' 담긴 판문점 선언, 6·15, 10·4 공동선언과 비교해보니",,"문재인 대통령과 김정은 북한 국무위원장의 27일 정상회담은 역사상 세 번째 남북정상회담이다. 앞서 2000년 김대중 대통령과 김정일 국방위원장의 회담에서는 6·15 공동선언이, 2007년 노무현 대통령과 김정일 위원장의 회담에서는 10·4 공동선언이 나왔다. 이날 발표된 공동 선언은 ‘한반도의 평화와 번영, 통일을 위한 판문점 선언’이라고 명명됐는데, 정상간 회담 최초로 ‘완전한 비핵화’, ‘핵 없는 한반도’라는 문구가 포함됐다. 과거 두 선언에서 두 정상이 합의해 선언문에 담긴 내용 중 상당 부분이 이행되지 않았다는 점에서, 판문점 선언의 이행 여부도 지켜봐야 한다는 관측이 나온다.
◇최초로 담긴 ‘비핵화’ 표현
6·15 공동선언은 200자 원고지 2.5매 분량으로, 10·4 공동선언(13매)과 판문점 선언(13.5매)보다 짧은 편이다. 6·15 공동선언에는 △통일문제의 자주적 해결 △남북 통일 구상의 공통점(남측의 연합, 북측의 낮은 연방제안)을 통한 통일 지향 △이산가족·비전향장기수 문제 해결 △경제교류 협력 △김정일 위원장의 서울 방문 검토 등이 담겼다.
6·15 남북공동선언.
10·4 공동선언과 판문점 선언에는 이보다 많은 내용이 담겼다. 두 선언의 내용을 비교해보면, 가장 특기할 만한 점은 북한의 핵 문제와 관련된 부분이다. 10·4 공동선언에는 ‘핵’이란 표현이 한 번 나오는데, ‘남과 북은 한반도 핵문제 해결을 위해 6자회담·9.19 공동성명과 2.13 합의가 순조롭게 이행되도록 공동으로 노력하기로 하였다’란 부분이다. 핵문제와 관련해 지난 합의들을 이행하겠다는 원론적인 수준에서 그쳤다는 평가가 나왔다. 그러나 이번 판문점 선언에서는 ‘비핵화’라는 표현이 3번 나왔다. 공동선언문 가장 마지막 부분인 3조 4항에서는 두 정상이 △ 완전한 비핵화를 통해 핵 없는 한반도를 실현한다는 공동의 목표를 확인했고 △북측이 취하고 있는 주동적인 조치들이 한반도 비핵화를 위해 대단히 의의있고 중대한 조치라는데 인식을 같이 하고 각자 책임과 역할을 다하기로 했으며 △한반도 비핵화를 위한 국제사회의 지지와 협력을 위해 적극 노력하기로 했다는 점을 설명하고 있다. 다소 원론적인 수준이지만, 정상간의 합의에서 처음으로 한반도 비핵화가 거론된 것이다.
향후 군사적 조치에 대해 판문점 선언에는 10·4공동선언과 비슷한 내용이 담겼다. 다만 판문점 선언에서 ‘지상·해상·공중 등 모든 공간에서 상대방에 대한 일체의 적대 행위를 전면 중지하기로 했다’는 점에서 보다 내용이 구체화된 것으로 평가된다. ‘군사분계선 일대에서 확성기 방송·전단 살포 금지’가 명문화됐다. ‘그 어떤 형태의 무력도 서로 사용하지 않을 때에 대한 불가침 합의를 재확인한다’, ‘단계적으로 군축을 실현해 나가기로 했다’라는 부분도 담겼다.
10·4 공동선언에는 ‘남과 북은 군사적 적대관계를 종식시키고 한반도에서 긴장완화와 평화를 보장하기 위해 긴밀히 협력하기로 했다’, ‘남과 북은 서로 적대시하지 않고 군사적 긴장을 완화하며 분쟁 문제를 대화와 협상을 통해 해결하기로 했다’, ‘남과 북은 한반도에서 어떤 전쟁도 반대하며 불가침의무를 확고히 준수하기로 했다’ 등 원론적인 내용이 담겼다.
10·4 공동선언.
‘정전체제 종식·항구적 평화체제 구축’이란 표현은 두 선언에 모두 담겼다. 다만 10·4 공동선언에서는 정전체제 종식과 항구적 평화체제 구축에 대해 ‘인식을 같이 한다’고만 한 반면, 판문점 선언에서는 ‘더 이상 미룰 수 없는 역사적 과제’라고 했다. ‘종전 선언’과 관련해서도 10·4 공동선언에서는 ‘직접 관련된 3자 또는 4자 정상들이 한반도지역에서 만나 종전을 선언하는 문제를 추진하기 위해 협력한다’고 했고, 판문점 선언에서는 ‘올해 종전을 선언하고 정전협정을 평화협정으로 전환하며 항구적이고 공고한 평화체제 구축을 위해 3자 또는 4자회담 개최를 적극 추진해 나간다’고 했다.
후속 조치를 위해 10·4공동선언에서는 남측 국방부 장관과 북측 인민무력부 부장간 회담을 한 달 뒤 개최하기로 했고, 판문점 선언에서는 5월 중 장성급 군사회담을 열고 국방부장관 회담을 비롯한 군사당국자회담을 자주 개최하기로 했다
◇경제 협력 등은 10·4선언 재확인 수준
10·4 공동선언에서는 남북간 경제 협력 문제가 비중있게 담긴 반면, 판문점 선언에는 경제 관련 부분이 10·4 공동선언 내용을 재확인 하는 수준에서 그쳤다. 10·4 공동선언에는 ‘민족경제의 균형적 발전과 공동의 번영을 위해 경제협력사업을 공리공영과 유무상통의 원칙에서 적극 활성화하고 지속적으로 확대 발전시켜 나가기로 했다’는 부분이 담겼다. 이를 위해 서해평화협력특별지대 설치, 공동어로구역·평화수역 설정, 경제특구 건설, 해주항 활용, 민간선박의 해주직항로 통과, 한강하구 공동 이용 추진, 개성공업지구 건설, 문산·봉동 간 철도화물수송 시작, 개성·신의주 철도와 개성·평양 고속도로 개보수 협의, 조선협력단지 건설 등이 담겼다. 그러나 판문점 선언에는 ‘10·4 선언에서 합의된 사업들을 적극 추진해 나간다’, ‘1차적으로 동해선 및 경의선 철도와 도로를 연결한다’고만 담겼다.
교류·협력과 관련해 10·4 공동선언에는 ‘역사, 언어, 교육, 과학기술, 문화예술, 체육 등 사회문화 분야의 교류와 협력을 발전시키기로 했다’, ‘백두산관광을 실시하며 이를 위해 백두산-서울 직항로를 개설하기로 했다’, ‘2008년 북경 올림픽경기대회에 남북응원단이 경의선 열차를 처음으로 이용하여 참가하기로 했다’ 등이 담겼다.
판문점 선언에는 ‘쌍방 당국자가 상주하는 남북공동연락사무소를 개성지역에 설치한다’, ‘각계각층의 다방면적인 협력과 교류 왕래와 접촉을 활성화하기로 했다’, ‘6·15 등을 계기로 당국과 국회, 정당, 지방자치단체, 민간단체 등 각계각층이 참가하는 민족공동행사를 적극 추진한다’, ‘2018년 아시아경기대회를 비롯한 국제경기들에 공동으로 진출한다’ 등이 담겼다.
10·4 공동선언 때는 ‘남과 북은 내부문제에 간섭하지 않는다’는 내용이 들어갔다. 그러나 판문점 선언에서는 ‘내부문제’와 관련된 내용이 없다.
인도적 문제 해결 부분은 두 선언이 비슷한 수준에서 다뤘다. 하지만 판문점 선언에서 8·15를 계기로 이산가족 상봉을 진행하기로 합의한 부분이 담겨 보다 구체화됐다고 볼 수 있다. 10·4 공동선언에서는 ‘흩어진 가족과 친척의 상봉을 확대하고 영상 편지 교환사업을 추진하기로 했다’, ‘자연재해를 비롯하여 재난이 발생하는 경우 동포애와 인도주의, 상부상조의 원칙에 따라 적극 협력해 나가기로 했다’고 했다. 판문점 선언에서는 ‘오는 8.15를 계기로 이산가족·친척 상봉을 진행하기로 했다’, ‘민족 분단으로 발생된 인도적 문제를 시급히 해결하기 위하여 노력하며, 남북 적십자회담을 개최하여 이산가족·친척상봉을 비롯한 제반 문제들을 협의 해결하기로 했다”고 했다.
한편, 향후 고위급의 회담에 대해서는 10·4 공동선언보다 판문점 선언에서 격상됐다고 볼 수 있다. 10·4 공동선언에서는 한 달 뒤 남북총리회담을 서울에서 갖기로 한 반면, 판문점 선언에서는 문재인 대통령이 올해 가을 평양을 방문해 남북정상회담을 또 열기로 했다. 판문점 선언에서 두 정상은 정기적 회담과 직통전화를 통한 수시 논의를 하는 데도 합의했다.","정상회담 최초 '비핵화' 담긴 판문점 선언, 6·15, 10·4 공동선언과 비교해보니
문재인 대통령과 김정은 북한 국무위원장의 27일 정상회담은 역사상 세 번째 남북정상회담이다. 앞서 2000년 김대중 대통령과 김정일 국방위원장의 회담에서는 6·15 공동선언이, 2007년 노무현 대통령과 김정일 위원장의 회담에서는 10·4 공동선언이 나왔다. 이날 발표된 공동 선언은 ‘한반도의 평화와 번영, 통일을 위한 판문점 선언’이라고 명명됐는데, 정상간 회담 최초로 ‘완전한 비핵화’, ‘핵 없는 한반도’라는 문구가 포함됐다. 과거 두 선언에서 두 정상이 합의해 선언문에 담긴 내용 중 상당 부분이 이행되지 않았다는 점에서, 판문점 선언의 이행 여부도 지켜봐야 한다는 관측이 나온다.
◇최초로 담긴 ‘비핵화’ 표현
6·15 공동선언은 200자 원고지 2.5매 분량으로, 10·4 공동선언(13매)과 판문점 선언(13.5매)보다 짧은 편이다. 6·15 공동선언에는 △통일문제의 자주적 해결 △남북 통일 구상의 공통점(남측의 연합, 북측의 낮은 연방제안)을 통한 통일 지향 △이산가족·비전향장기수 문제 해결 △경제교류 협력 △김정일 위원장의 서울 방문 검토 등이 담겼다.
6·15 남북공동선언.
10·4 공동선언과 판문점 선언에는 이보다 많은 내용이 담겼다. 두 선언의 내용을 비교해보면, 가장 특기할 만한 점은 북한의 핵 문제와 관련된 부분이다. 10·4 공동선언에는 ‘핵’이란 표현이 한 번 나오는데, ‘남과 북은 한반도 핵문제 해결을 위해 6자회담·9.19 공동성명과 2.13 합의가 순조롭게 이행되도록 공동으로 노력하기로 하였다’란 부분이다. 핵문제와 관련해 지난 합의들을 이행하겠다는 원론적인 수준에서 그쳤다는 평가가 나왔다. 그러나 이번 판문점 선언에서는 ‘비핵화’라는 표현이 3번 나왔다. 공동선언문 가장 마지막 부분인 3조 4항에서는 두 정상이 △ 완전한 비핵화를 통해 핵 없는 한반도를 실현한다는 공동의 목표를 확인했고 △북측이 취하고 있는 주동적인 조치들이 한반도 비핵화를 위해 대단히 의의있고 중대한 조치라는데 인식을 같이 하고 각자 책임과 역할을 다하기로 했으며 △한반도 비핵화를 위한 국제사회의 지지와 협력을 위해 적극 노력하기로 했다는 점을 설명하고 있다. 다소 원론적인 수준이지만, 정상간의 합의에서 처음으로 한반도 비핵화가 거론된 것이다.
향후 군사적 조치에 대해 판문점 선언에는 10·4공동선언과 비슷한 내용이 담겼다. 다만 판문점 선언에서 ‘지상·해상·공중 등 모든 공간에서 상대방에 대한 일체의 적대 행위를 전면 중지하기로 했다’는 점에서 보다 내용이 구체화된 것으로 평가된다. ‘군사분계선 일대에서 확성기 방송·전단 살포 금지’가 명문화됐다. ‘그 어떤 형태의 무력도 서로 사용하지 않을 때에 대한 불가침 합의를 재확인한다’, ‘단계적으로 군축을 실현해 나가기로 했다’라는 부분도 담겼다.
10·4 공동선언에는 ‘남과 북은 군사적 적대관계를 종식시키고 한반도에서 긴장완화와 평화를 보장하기 위해 긴밀히 협력하기로 했다’, ‘남과 북은 서로 적대시하지 않고 군사적 긴장을 완화하며 분쟁 문제를 대화와 협상을 통해 해결하기로 했다’, ‘남과 북은 한반도에서 어떤 전쟁도 반대하며 불가침의무를 확고히 준수하기로 했다’ 등 원론적인 내용이 담겼다.
10·4 공동선언.
‘정전체제 종식·항구적 평화체제 구축’이란 표현은 두 선언에 모두 담겼다. 다만 10·4 공동선언에서는 정전체제 종식과 항구적 평화체제 구축에 대해 ‘인식을 같이 한다’고만 한 반면, 판문점 선언에서는 ‘더 이상 미룰 수 없는 역사적 과제’라고 했다. ‘종전 선언’과 관련해서도 10·4 공동선언에서는 ‘직접 관련된 3자 또는 4자 정상들이 한반도지역에서 만나 종전을 선언하는 문제를 추진하기 위해 협력한다’고 했고, 판문점 선언에서는 ‘올해 종전을 선언하고 정전협정을 평화협정으로 전환하며 항구적이고 공고한 평화체제 구축을 위해 3자 또는 4자회담 개최를 적극 추진해 나간다’고 했다.
후속 조치를 위해 10·4공동선언에서는 남측 국방부 장관과 북측 인민무력부 부장간 회담을 한 달 뒤 개최하기로 했고, 판문점 선언에서는 5월 중 장성급 군사회담을 열고 국방부장관 회담을 비롯한 군사당국자회담을 자주 개최하기로 했다
◇경제 협력 등은 10·4선언 재확인 수준
10·4 공동선언에서는 남북간 경제 협력 문제가 비중있게 담긴 반면, 판문점 선언에는 경제 관련 부분이 10·4 공동선언 내용을 재확인 하는 수준에서 그쳤다. 10·4 공동선언에는 ‘민족경제의 균형적 발전과 공동의 번영을 위해 경제협력사업을 공리공영과 유무상통의 원칙에서 적극 활성화하고 지속적으로 확대 발전시켜 나가기로 했다’는 부분이 담겼다. 이를 위해 서해평화협력특별지대 설치, 공동어로구역·평화수역 설정, 경제특구 건설, 해주항 활용, 민간선박의 해주직항로 통과, 한강하구 공동 이용 추진, 개성공업지구 건설, 문산·봉동 간 철도화물수송 시작, 개성·신의주 철도와 개성·평양 고속도로 개보수 협의, 조선협력단지 건설 등이 담겼다. 그러나 판문점 선언에는 ‘10·4 선언에서 합의된 사업들을 적극 추진해 나간다’, ‘1차적으로 동해선 및 경의선 철도와 도로를 연결한다’고만 담겼다.
교류·협력과 관련해 10·4 공동선언에는 ‘역사, 언어, 교육, 과학기술, 문화예술, 체육 등 사회문화 분야의 교류와 협력을 발전시키기로 했다’, ‘백두산관광을 실시하며 이를 위해 백두산-서울 직항로를 개설하기로 했다’, ‘2008년 북경 올림픽경기대회에 남북응원단이 경의선 열차를 처음으로 이용하여 참가하기로 했다’ 등이 담겼다.
판문점 선언에는 ‘쌍방 당국자가 상주하는 남북공동연락사무소를 개성지역에 설치한다’, ‘각계각층의 다방면적인 협력과 교류 왕래와 접촉을 활성화하기로 했다’, ‘6·15 등을 계기로 당국과 국회, 정당, 지방자치단체, 민간단체 등 각계각층이 참가하는 민족공동행사를 적극 추진한다’, ‘2018년 아시아경기대회를 비롯한 국제경기들에 공동으로 진출한다’ 등이 담겼다.
10·4 공동선언 때는 ‘남과 북은 내부문제에 간섭하지 않는다’는 내용이 들어갔다. 그러나 판문점 선언에서는 ‘내부문제’와 관련된 내용이 없다.
인도적 문제 해결 부분은 두 선언이 비슷한 수준에서 다뤘다. 하지만 판문점 선언에서 8·15를 계기로 이산가족 상봉을 진행하기로 합의한 부분이 담겨 보다 구체화됐다고 볼 수 있다. 10·4 공동선언에서는 ‘흩어진 가족과 친척의 상봉을 확대하고 영상 편지 교환사업을 추진하기로 했다’, ‘자연재해를 비롯하여 재난이 발생하는 경우 동포애와 인도주의, 상부상조의 원칙에 따라 적극 협력해 나가기로 했다’고 했다. 판문점 선언에서는 ‘오는 8.15를 계기로 이산가족·친척 상봉을 진행하기로 했다’, ‘민족 분단으로 발생된 인도적 문제를 시급히 해결하기 위하여 노력하며, 남북 적십자회담을 개최하여 이산가족·친척상봉을 비롯한 제반 문제들을 협의 해결하기로 했다”고 했다.
한편, 향후 고위급의 회담에 대해서는 10·4 공동선언보다 판문점 선언에서 격상됐다고 볼 수 있다. 10·4 공동선언에서는 한 달 뒤 남북총리회담을 서울에서 갖기로 한 반면, 판문점 선언에서는 문재인 대통령이 올해 가을 평양을 방문해 남북정상회담을 또 열기로 했다. 판문점 선언에서 두 정상은 정기적 회담과 직통전화를 통한 수시 논의를 하는 데도 합의했다.",17,3530
iks_20180427_chosun_news_013,Chosun news 2018 April 27 corpus.txt,Chosun Ilbo,조선일보,news,2018-04-27,2018_april_summit,"폭스 “남북 선언, 비핵화 위한 구체적 조치 빠졌다”",,"미국 폭스뉴스는 27일 남북 정상이 완전한 비핵화라는 공동의 목표를 확인했다는 내용을 담은 정상회담 공동선언을 발표한 것에 대해 “극적이다”라고 평가하면서도, 비핵화 목표를 이루기 위한 구체적 조치가 빠져 있다고 평했다.
폭스뉴스는 “남북 정상이 완전한 비핵화를 통해 핵 없는 한반도를 실현한다는 공동의 목표를 확인하고 각자 책임과 역할을 다하겠다는 것과 올해 종전 선언을 추진하겠다고 발표했다”며 “그러나 이런 목표를 이루기 위해 남북이 어떤 조치를 취할 것인지 당장 명확하지는 않다”고 전했다. 폭스뉴스는 “남북이 고위급 회담을 열어 정상회담에서 합의한 문제들을 논의하기로 했다”고 전했다.
이날 문재인 대통령과 김정은 북한 국무위원장은 ‘한반도의 평화와 번영, 통일을 위한 판문점 선언’을 통해 “남과 북은 완전한 비핵화를 통해 핵 없는 한반도를 실현한다는 공동의 목표를 확인하였다”고 밝혔다. 올해 종전 선언과 정전협정의 평화협정 전환, 남·북·미 3자 또는 남·북·미·중 4자회담 개최 추진도 발표했다.","폭스 “남북 선언, 비핵화 위한 구체적 조치 빠졌다”
미국 폭스뉴스는 27일 남북 정상이 완전한 비핵화라는 공동의 목표를 확인했다는 내용을 담은 정상회담 공동선언을 발표한 것에 대해 “극적이다”라고 평가하면서도, 비핵화 목표를 이루기 위한 구체적 조치가 빠져 있다고 평했다.
폭스뉴스는 “남북 정상이 완전한 비핵화를 통해 핵 없는 한반도를 실현한다는 공동의 목표를 확인하고 각자 책임과 역할을 다하겠다는 것과 올해 종전 선언을 추진하겠다고 발표했다”며 “그러나 이런 목표를 이루기 위해 남북이 어떤 조치를 취할 것인지 당장 명확하지는 않다”고 전했다. 폭스뉴스는 “남북이 고위급 회담을 열어 정상회담에서 합의한 문제들을 논의하기로 했다”고 전했다.
이날 문재인 대통령과 김정은 북한 국무위원장은 ‘한반도의 평화와 번영, 통일을 위한 판문점 선언’을 통해 “남과 북은 완전한 비핵화를 통해 핵 없는 한반도를 실현한다는 공동의 목표를 확인하였다”고 밝혔다. 올해 종전 선언과 정전협정의 평화협정 전환, 남·북·미 3자 또는 남·북·미·중 4자회담 개최 추진도 발표했다.",3,510
iks_20180427_chosun_news_014,Chosun news 2018 April 27 corpus.txt,Chosun Ilbo,조선일보,news,2018-04-27,2018_april_summit,AP “남북 정상 핵위기 해결할 구체적 해법은 도출 못해”,,"AP통신은 남북 정상이 27일 판문점 평화의 집에서 발표한 ‘한반도 평화와 번영, 통일을 위한 판문점 선언’과 관련, “남북 정상이 한반도에서 핵무기를 제거하기 위한 구체적인 해법을 제시하는 데는 실패했다”면서 “남북 정상이 과거와 마찬가지로 한반도 비핵화에는 합의했으나, 향후 북핵 위기 돌파구를 마련하는 데는 역부족이었다”고 평가했다.
이어 AP통신은 “‘남과 북은 완전한 비핵화를 통해 핵 없는 한반도를 실현한다는 공동의 목표를 확인하였다’는 애매한 문구는 미·북 협상에 공을 넘겨준 셈”이라면서 “이번 정상회담은 미·북이 도발과 협박을 주고 받았던 지난해의 상황을 감안해 맥락을 파악해야 한다”고 강조했다.
AP통신은 그러면서도 “김정은은 남한 땅을 밟은 최초의 북한 지도자”라며 “남북의 역사적인 만남은 거칠었던 양국의 역사에 강한 이미지를 남길듯 하다”고 전했다.","AP “남북 정상 핵위기 해결할 구체적 해법은 도출 못해”
AP통신은 남북 정상이 27일 판문점 평화의 집에서 발표한 ‘한반도 평화와 번영, 통일을 위한 판문점 선언’과 관련, “남북 정상이 한반도에서 핵무기를 제거하기 위한 구체적인 해법을 제시하는 데는 실패했다”면서 “남북 정상이 과거와 마찬가지로 한반도 비핵화에는 합의했으나, 향후 북핵 위기 돌파구를 마련하는 데는 역부족이었다”고 평가했다.
이어 AP통신은 “‘남과 북은 완전한 비핵화를 통해 핵 없는 한반도를 실현한다는 공동의 목표를 확인하였다’는 애매한 문구는 미·북 협상에 공을 넘겨준 셈”이라면서 “이번 정상회담은 미·북이 도발과 협박을 주고 받았던 지난해의 상황을 감안해 맥락을 파악해야 한다”고 강조했다.
AP통신은 그러면서도 “김정은은 남한 땅을 밟은 최초의 북한 지도자”라며 “남북의 역사적인 만남은 거칠었던 양국의 역사에 강한 이미지를 남길듯 하다”고 전했다.",3,433
iks_20180427_chosun_news_015,Chosun news 2018 April 27 corpus.txt,Chosun Ilbo,조선일보,news,2018-04-27,2018_april_summit,"靑, '판문점 선언' 속 '비핵화' 뜻 묻자...""김정은 의지 확인""",“비핵화 관련 김정은의 육성 있다...별도 기회에 말할 것”,"청와대는 27일 남북정상회담후 발표된 ‘한반도의 평화와 번영, 통일을 위한 판문점 선언’과 관련 “‘완전한 비핵화’라는 표현을 쓴 데 주목했으면 좋겠다”고 밝혔다.
청와대 고위관계자는 이날 오후 경기도 파주 판문점 프레스센터에서 기자들과 만나 ‘(남북이 사용하는) 비핵화 의미에 차이가 있다’는 질문을 받고 이같이 답하며 “핵 없는 한반도 실현의 의지를 확인한 것”이라고 말했다.
이 관계자는 ‘비핵화 관련해 우리 정부 평가는 어떤 것인가’라는 물음에는 “북한이 갖고 있는 완전한 비핵화 의미에 대해 서로 공감했다고 생각한다”고 답했다.
그는 ‘비핵화 부분에 대해 (남북이) 서로 어떤 의미를 두고 합의를 한 것인지, 이에 대해 의견이 갈릴 텐데 얘기된 바가 있나’라는 질문에 대해서는 “비핵화 의지를 여러 경로를 통해 확인했다”고 답했다.
그는 ‘한반도에서 완전한 비핵화와 관련 김정은이 직접 이야기한 육성이 있나’라는 질문에 대해서는 “육성이 있지만 그것은 별도로 다른 기회에 말씀드리겠다”고 즉답을 피했다.
그는 ‘완전한 비핵화를 위해 남북이 자기의 책임과 역할을 다하기로 합의했는데 여기서 남한의 책임이 무엇인가’라는 질문에 대해서는 “비핵화 과정에 따라 또 우리가 취해야할 일도 있다고 생각하고 그런 부분에 대한 책임과 역할을 다하기로 했다”고 답했다.
한편 그는 ‘(선언 속에 담긴) 서해 평화 수역 등 경제 교류 부분은 제재 때문에 안 되는데, 이는 비핵화를 전제로 하는 것인가, 아니면 지금 당장 하는 것인가’라는 물음에는 “경제적인 부분을 지금 당장 하겠다는 말씀은 아니다”라고 답했다.
이어 “비핵화 또는 북미 간 협상 이후에 진행되는 과정을 보면서 우선적으로 남북 간에 해야 될 과제가 무엇인지의 공감을 확인한 것”이라고 덧붙였다.
그는 ‘서해 평화 수역의 경우 북방한계선(NLL) 무력화 논란으로 또 귀결될 수 있지 않나’라는 물음에는 “세부적 내용 브리핑을 준비 중”이라고 즉답을 피했다.
그는 ‘문재인 대통령의 올해 가을 평양 방문은 북한쪽 요구를 우리가 흔쾌히 수용한 것인가’라는 물음에는 “그렇다”며 “흔쾌히 수용한 것으로 알고 있다”고 답했다. 이어 “(날짜는 확정된 것이 아니고)시기만 조율한 것”이라고 덧붙였다.
그는 ‘평화협정을 위한 남·북·미 또는 남·북·미·중 회담 이라는 것은 꼭 둘 다 해야하는 건 아니라는 뜻인가’라는 물음에는 “여러 가지 상황들을 보면서 가장 적절한 방식이 뭔지 판단하겠다는 것”이라고 답했다.
그는 ‘판문점 선언 합의 전에 미국과도 공유를 했나’라는 질문에는 “정의용 안보실장이 (미국에) 갔었으니까”라면서도 “그때만 해도 합의문이 나온 시점은 아니었다”고 말했다.","靑, '판문점 선언' 속 '비핵화' 뜻 묻자...""김정은 의지 확인""
“비핵화 관련 김정은의 육성 있다...별도 기회에 말할 것”
청와대는 27일 남북정상회담후 발표된 ‘한반도의 평화와 번영, 통일을 위한 판문점 선언’과 관련 “‘완전한 비핵화’라는 표현을 쓴 데 주목했으면 좋겠다”고 밝혔다.
청와대 고위관계자는 이날 오후 경기도 파주 판문점 프레스센터에서 기자들과 만나 ‘(남북이 사용하는) 비핵화 의미에 차이가 있다’는 질문을 받고 이같이 답하며 “핵 없는 한반도 실현의 의지를 확인한 것”이라고 말했다.
이 관계자는 ‘비핵화 관련해 우리 정부 평가는 어떤 것인가’라는 물음에는 “북한이 갖고 있는 완전한 비핵화 의미에 대해 서로 공감했다고 생각한다”고 답했다.
그는 ‘비핵화 부분에 대해 (남북이) 서로 어떤 의미를 두고 합의를 한 것인지, 이에 대해 의견이 갈릴 텐데 얘기된 바가 있나’라는 질문에 대해서는 “비핵화 의지를 여러 경로를 통해 확인했다”고 답했다.
그는 ‘한반도에서 완전한 비핵화와 관련 김정은이 직접 이야기한 육성이 있나’라는 질문에 대해서는 “육성이 있지만 그것은 별도로 다른 기회에 말씀드리겠다”고 즉답을 피했다.
그는 ‘완전한 비핵화를 위해 남북이 자기의 책임과 역할을 다하기로 합의했는데 여기서 남한의 책임이 무엇인가’라는 질문에 대해서는 “비핵화 과정에 따라 또 우리가 취해야할 일도 있다고 생각하고 그런 부분에 대한 책임과 역할을 다하기로 했다”고 답했다.
한편 그는 ‘(선언 속에 담긴) 서해 평화 수역 등 경제 교류 부분은 제재 때문에 안 되는데, 이는 비핵화를 전제로 하는 것인가, 아니면 지금 당장 하는 것인가’라는 물음에는 “경제적인 부분을 지금 당장 하겠다는 말씀은 아니다”라고 답했다.
이어 “비핵화 또는 북미 간 협상 이후에 진행되는 과정을 보면서 우선적으로 남북 간에 해야 될 과제가 무엇인지의 공감을 확인한 것”이라고 덧붙였다.
그는 ‘서해 평화 수역의 경우 북방한계선(NLL) 무력화 논란으로 또 귀결될 수 있지 않나’라는 물음에는 “세부적 내용 브리핑을 준비 중”이라고 즉답을 피했다.
그는 ‘문재인 대통령의 올해 가을 평양 방문은 북한쪽 요구를 우리가 흔쾌히 수용한 것인가’라는 물음에는 “그렇다”며 “흔쾌히 수용한 것으로 알고 있다”고 답했다. 이어 “(날짜는 확정된 것이 아니고)시기만 조율한 것”이라고 덧붙였다.
그는 ‘평화협정을 위한 남·북·미 또는 남·북·미·중 회담 이라는 것은 꼭 둘 다 해야하는 건 아니라는 뜻인가’라는 물음에는 “여러 가지 상황들을 보면서 가장 적절한 방식이 뭔지 판단하겠다는 것”이라고 답했다.
그는 ‘판문점 선언 합의 전에 미국과도 공유를 했나’라는 질문에는 “정의용 안보실장이 (미국에) 갔었으니까”라면서도 “그때만 해도 합의문이 나온 시점은 아니었다”고 말했다.",12,1304
iks_20180427_chosun_news_016,Chosun news 2018 April 27 corpus.txt,Chosun Ilbo,조선일보,news,2018-04-27,2018_april_summit,"홍준표 ""판문점선언, 결국 북핵 폐기 없는 위장평화쇼""",홍준표,"결국 남북 정상회담은 김정은과 문정원이 합작한 남북 위장평화쇼에 불과했습니다. 북의 통일전선 전략인 우리 민족끼리 라는 주장에 동조하면서 북핵 폐기는 한마디도 꺼내지 못 하고 김정은이 불러준대로 받아 적은 것이 남북정상회담 발표분입니다. 참으로 걱정스럽습니다. 대북문제도 대국민 쇼로 일관하는 저들이 5000만 국민의 생명과 재산을 지킬수 있겠습니까? 깨어 있는 국민이 자유 대한민국을 지킵니다.
홍준표 자유한국당 대표가 27일 “결국 남북 정상회담은 김정은과 문재인 정권이 합작한 남북 위장 평화 쇼에 불과했다”고 밝혔다.
홍 대표는 이날 오후 본인의 페이스북에 “남북정상회담 발표문은 북의 통일전선 전략인 ‘우리 민족끼리’라는 주장에 동조하면서, 북핵 폐기는 한마디도 꺼내지 못하고 김정은이 불러준 대로 받아 적은 것”이라고 주장했다.
그는 “참으로 걱정스럽다”며 “대북문제도 대국민 쇼로 일관하는 저들이 5000만 국민의 생명과 재산을 지킬 수 있겠나”고 했다.","홍준표 ""판문점선언, 결국 북핵 폐기 없는 위장평화쇼""
홍준표
결국 남북 정상회담은 김정은과 문정원이 합작한 남북 위장평화쇼에 불과했습니다. 북의 통일전선 전략인 우리 민족끼리 라는 주장에 동조하면서 북핵 폐기는 한마디도 꺼내지 못 하고 김정은이 불러준대로 받아 적은 것이 남북정상회담 발표분입니다. 참으로 걱정스럽습니다. 대북문제도 대국민 쇼로 일관하는 저들이 5000만 국민의 생명과 재산을 지킬수 있겠습니까? 깨어 있는 국민이 자유 대한민국을 지킵니다.
홍준표 자유한국당 대표가 27일 “결국 남북 정상회담은 김정은과 문재인 정권이 합작한 남북 위장 평화 쇼에 불과했다”고 밝혔다.
홍 대표는 이날 오후 본인의 페이스북에 “남북정상회담 발표문은 북의 통일전선 전략인 ‘우리 민족끼리’라는 주장에 동조하면서, 북핵 폐기는 한마디도 꺼내지 못하고 김정은이 불러준 대로 받아 적은 것”이라고 주장했다.
그는 “참으로 걱정스럽다”며 “대북문제도 대국민 쇼로 일관하는 저들이 5000만 국민의 생명과 재산을 지킬 수 있겠나”고 했다.",4,485
iks_20180427_chosun_news_017,Chosun news 2018 April 27 corpus.txt,Chosun Ilbo,조선일보,news,2018-04-27,2018_april_summit,"""판문점 선언, 비핵화 원론적 언급…핵심 못건드려""",,"외교·안보 전문가들은 27일 ‘한반도의 평화와 번영, 통일을 위한 판문점 선언’에 대해 “한반도 문제의 핵심인 비핵화 문제가 원론적으로 거론됐다”는 평가를 내렸다. 다만, 그 의미에 대해서는 의견이 엇갈렸다. “핵심을 건드리지 못한 선언”이라는 의견과 “기본적으로 미북대화에서 이뤄져야할 비핵화를 선언문에 명시한 것은 성과”라는 얘기가 나왔다.
전문가들은 “기존의 2007년 10·4 선언을 이어받은 합의문”이라고 했다. 다만, 당시 선언에서 문제됐던 서해북방한계선(NLL) 문제 등을 복원한 것에 대해서는 부정적인 의견을 밝혔다.
다음은 전문가들의 인터뷰.
◇김성한 고려대 국제대학원장
“남북관계 개선과 평화구축 문제는 2007년 10·4 선언과 판박이이고, 북한의 비핵화에 대한 구체적인 의지가 드러나지 않아 아쉽다. 그동안 우리의 아젠다는 비핵화, 평화구축, 남북관계 순이었다. 그런데 이번 선언문을 보면 순서가 남북관계, 평화구축, 비핵화로 거꾸로 돼 있다. 분량도 그 순서대로 많다. 이런 점에서 이번 정상회담은 비핵화보다는 남북관계 개선과 평화체제 구축 문제에 비중을 둔 것으로 보인다. 비핵화는 사실상 미북정상회담으로 미룬 게 아닌가 하는 인상을 준다. 이번 선언문은 민족·자주의 원칙을 유난히 강조한다. 이를 남북관계 개선에만 조명하면 별문제가 없겠지만 핵문제까지 대입하면 앞으로 핵문제 해결에 지장을 줄 수 있다는 노파심이 든다. 남북관계 개선과 관련해서 새로운 내용은 개성 연락사무소를 설치한다는 내용이다. 그런데 이것을 왜 개성에 두는지 의문이다. 보통 연락사무소는 대사관을 설치하기 위한 전 단계에서 쌍방간 수도에 설치하는 것이 통상적인 예다. 쌍방간 인질을 잡는 것이라고 보면 된다. 개성 공단이 재개되지 않는 상황에서 연락사무소에 상주하는 직원은 유사시에 안전이 담보되지 않는 위험한 상황이 초래될 수도 있기 때문에, 왜 개성이냐는 문제가 중요하다. 평화구축 관련한 부분에서 비무장지대를 실질적 평화지대로 전환한다는 내용은 이미 예고됐었다. 가장 우려하는 것은 평화 수역 문제다. 사실 10·4 선언에서도 국내적으로 논란이 야기됐던 게 NLL 문제다. 이 경계선과 충돌 현상을 일으키지 않도록 유의해야 한다. 3자회담, 다자회담, 종전선언 이런 이야기들은 10·4 선언의 판박이라고 볼 수 있다. 다만 흥미로운 점이 있다면 예전과 달리 3자를 남북미, 4자를 남북미중이라고 명시한 것이다. 미국에 대한 유화적인 메시지가 담겨 있다. 북한이 중국보다 미국을 더 중시한다는 메시지를 보내면서 미국이 미소 짓게 한 것이다. 남과 북은 완전한 비핵화를 통해 핵 없는 한반도를 실현한다는 공공의 목표를 갖는다고 했다. 그런데 이 문구가 지뢰밭으로 보인다. 주어가 남과 북이다. 북한이 생각하는 비핵화는 북 뿐만 아니라 한국도 포함된 것이다. 북한은 주한미군이 핵을 가지고 있다고 하면서 미국이 남측에 제공하는 핵우산까지도 철폐해야 한다고 하고 있는데, 북한의 이러한 기존 입장이 강력하게 반영된 것으로 보인다. 우리가 생각하는 북한의 비핵화와는 상당한 차이가 있다.”
◇김형석 전 통일부 차관
“기존에 합의했던 사항을 이행하는 내용과 함께 군사적 긴장 완화, 그것을 토대로 한 평화 체제를 구축하자는 메시지가 담겼다. 인도적 문제도 들어가 있고, 2차 정상회담까지 한다는 내용이 포괄적으로 잘 들어갔다. 기존 합의에 대한 이행 의지를 표명했고, 국제 사회의 대북제재 국면 속에서도 남북 간에 추진할 수 있는 사업을 명시하는 등 현실적인 면도 감안했다. 담대한 선언과 함께 현실을 반영한 합의문이다. 비핵화와 관련한 부분이 맨 앞에 나왔다면 더 좋았겠지만, 비핵화는 북미정상회담이 남아있기 때문에 남북정상회담에서 메인으로 다루긴 어려웠을 것이다. 현재 선언문에도 비핵화 의지와 국제사회와의 협력이 다 들어갔다. 비핵화가 뒷부분에 담겼다는 이유로 평가를 인색하게 할 이유는 없다고 생각한다.”
◇남성욱 고려대 교수
“원론적 수준의 핵문제 터치다. 합의문 문장이 이 정도로 그치니까 남북정상회담이 이렇게 빨리 끝난 것이다. 북한이 비핵화 관련한 조항을 이렇게 빠져나가지 못하도록, 북한이 핵의 주체로서의 역할을 하도록 더욱 부각했어야 했는데 대화에 한계가 있었던 것 같다. 결국 지난주에 나온 북한 노동당 전원회의의 결정에서 벗어나지 못한 수준이다. 핵보유국으로서 핵군축을 하겠다는 컨셉트와 일맥상통했다. 나머지 조항들은 2007년 10·4 선언의 확대 버전이라고 볼 수 있다. 종전선언, 평화협정, 철도 연결 등은 모두 미북회담에서 진전이 없으면 진행할 수 없는 것들이다. 핵에 관해서는 2단 기어 수준인데, 교류협력은 4단 기어를 걸어놓은 모양새다. 엇박자가 났다. 비핵화 없는 군사적 긴장완화도 본질적인 문제가 아닌 주변 문제다. 전반적인 남북 간 긴장 완화라는 취지는 좋으나 역시 비핵화라는 핵심 문제가 해결되지 않으면 한계가 있다.”
◇남주홍 경기대 교수
“2000년 6·15와 2007년 10·4 선언을 섞어놓은 수준이다. 핵심인 ‘비핵화’는 합의문 가장 마지막에 써놨고 용어도 ‘한반도 비핵화’다. 북한 핵폐기가 아닌 한반도 비핵화를 이야기한 것이다. 핵폐기의 타임테이블과 로드맵 이야기는 전혀 없다. 국제 사회가 관심 있게 보는 건 핵폐기의 로드맵과 타임테이블이었는데 원론적인 비핵화 선언이었다. 전혀 새롭지 않고 수없이 이야기해왔던 내용이다. 1992년 한반도비핵화공동선언에는 세부적으로 비핵화와 관련한 행동이 적시됐었다. 그런데 이번에는 그런 표현조차 들어가지 않았다. 형식은 요란한데 핵문제와 관련된 내용은 빈약하다. 합의문 가장 처음에 강조한 민족 공조의 중요성과 당위성 문제는 이미 많이 이야기해왔던 것이다. 연락사무소를 개성에 둔다는 것은 개성공단을 다시 열기 위한 하나의 명분을 만든 것이다. 일종의 평창식 예외조치라고 할 수 있다. 종전 선언 문제는 미북정상회담의 결과를 봐야 알 수 있는 이야기다. 한마디로 핵문제를 지극히 원론적인 립서비스로 언급하고 끝냈다.”
◇송종환 경남대 석좌교수
“껍데기는 좋아 보이지만 알맹이는 과거 합의보다 못하다. 11년만에 대화 재개가 된 것은 긍정적이지만 선언 내용은 국제사회와 국민의 기대에 부응하지 못했다. 우선 북한 핵폐기를 위한 신고, 사찰, 검증 등 구체적인 이행 내용이 없다. 애매하게 비핵화만 하겠다고 써놨다. 또 1992년 남북기본합의서보다 구체적이지도 않다. 민족·자주의 원칙에 대한 해석도 남북 양측이 다르게 할 여지가 있다. 우리는 ‘민족·자주’라는 말을 당사자끼리 해결하는 것으로 해석하지만, 북한은 외세 반대, 주한미군 철수라고 생각한다. 6·15 공동선언과 10·4 선언때도 이 부분과 관련해 남북이 다르게 해석해 조항이 이행되지 못했다. 앞으로도 이 조항이 문제가 될 수 있다. 10·4 선언을 이행한다는 부분도 비현실적이다. 철도 연결 등의 내용을 실현하려면 재정적 부담이 막중한데다, 북핵 폐기와 군사적 긴장완화 체제가 구축되지 않은 상황에서는 시기상조다. 서해에 공동어로구역을 만든다는 내용 역시 서해북방한계선(NLL)을 무력화할 소지가 있다. 종전선언, 평화협정 체결에 들어가려면 문서로 합의하기 전에 남북 기본합의서에 규정된 상세한 남북한간 군사적 긴장완화 등이 이행된 이후여야 한다.”
◇양무진 북한대학원대 교수
“오늘 두 정상이 발표한 판문점 선언문에는 우리 국민의 목소리와 국제사회의 목소리가 모두 담겼다. 제목 그대로 ‘한반도 평화 번영을 위한 판문점 선언’이다. ‘남북관계 발전’ ‘군사적 긴장 완화’ ‘평화구축’까지 모든 분야를 총망라했다. 한반도 비핵화에 대한 의지도 들어갔다. 비핵화와 관련한 구체적인 내용은 미북정상회담의 몫으로 남겨놨다. 상당 부분 우리 국민의 바람대로, 정상회담답게 담았다고 평가한다.”
◇유호열 고려대 교수
“대부분 10·4 선언에서 확인한 것들을 다시 끄집어 낸 합의로 보인다. 다만 비핵화가 문안에 담겼다는 점에서 진일보하긴 했다. 비핵화에 대한 합의는 아직 추상성이 높아 보인다. 구체성을 띈 입장이라고 보기에는 여전히 미흡하다. 서해 평화 수역 조성, 즉 NLL 문제는 남북이 논의는 할 수 있겠지만 북한의 비핵화가 구체적으로 추진되기 전에 먼저 논의하는 것은 순서가 맞지 않다. 국내 정가에서 시빗거리가 될 수 있다. 또 NLL과 같이 논쟁이 붙을 수 있는 사안에 집중하다 보면, 비핵화를 많은 남북 간 문제 중 하나 정도라고 작게 간주하게끔 할 여지가 있다. 나머지는 합의는 우리가 독단적으로 할 수 없다. 대북 제재가 해제돼야 할 수 있는 부분이다. 개성에 연락사무소를 둔다는 자체가 경제협력 확대 의도가 있는 것이다. 여기서도 복선이 있는 듯하다. 경제 교류 협력을 성급하게 밀어붙여서 경협을 기정사실화하려고 하는 듯하다. 유엔 대북 제재가 풀리고 난 뒤 논의해도 될 일이다. 이는 ‘남북문제는 우리 민족끼리 해결해야 하는데, 외부 세력 덕분에 잘 안 된다’와 같은 이런 선전 차원의 빌미를 또 하나 제공해주는 셈이 될 수도 있다.”","""판문점 선언, 비핵화 원론적 언급…핵심 못건드려""
외교·안보 전문가들은 27일 ‘한반도의 평화와 번영, 통일을 위한 판문점 선언’에 대해 “한반도 문제의 핵심인 비핵화 문제가 원론적으로 거론됐다”는 평가를 내렸다. 다만, 그 의미에 대해서는 의견이 엇갈렸다. “핵심을 건드리지 못한 선언”이라는 의견과 “기본적으로 미북대화에서 이뤄져야할 비핵화를 선언문에 명시한 것은 성과”라는 얘기가 나왔다.
전문가들은 “기존의 2007년 10·4 선언을 이어받은 합의문”이라고 했다. 다만, 당시 선언에서 문제됐던 서해북방한계선(NLL) 문제 등을 복원한 것에 대해서는 부정적인 의견을 밝혔다.
다음은 전문가들의 인터뷰.
◇김성한 고려대 국제대학원장
“남북관계 개선과 평화구축 문제는 2007년 10·4 선언과 판박이이고, 북한의 비핵화에 대한 구체적인 의지가 드러나지 않아 아쉽다. 그동안 우리의 아젠다는 비핵화, 평화구축, 남북관계 순이었다. 그런데 이번 선언문을 보면 순서가 남북관계, 평화구축, 비핵화로 거꾸로 돼 있다. 분량도 그 순서대로 많다. 이런 점에서 이번 정상회담은 비핵화보다는 남북관계 개선과 평화체제 구축 문제에 비중을 둔 것으로 보인다. 비핵화는 사실상 미북정상회담으로 미룬 게 아닌가 하는 인상을 준다. 이번 선언문은 민족·자주의 원칙을 유난히 강조한다. 이를 남북관계 개선에만 조명하면 별문제가 없겠지만 핵문제까지 대입하면 앞으로 핵문제 해결에 지장을 줄 수 있다는 노파심이 든다. 남북관계 개선과 관련해서 새로운 내용은 개성 연락사무소를 설치한다는 내용이다. 그런데 이것을 왜 개성에 두는지 의문이다. 보통 연락사무소는 대사관을 설치하기 위한 전 단계에서 쌍방간 수도에 설치하는 것이 통상적인 예다. 쌍방간 인질을 잡는 것이라고 보면 된다. 개성 공단이 재개되지 않는 상황에서 연락사무소에 상주하는 직원은 유사시에 안전이 담보되지 않는 위험한 상황이 초래될 수도 있기 때문에, 왜 개성이냐는 문제가 중요하다. 평화구축 관련한 부분에서 비무장지대를 실질적 평화지대로 전환한다는 내용은 이미 예고됐었다. 가장 우려하는 것은 평화 수역 문제다. 사실 10·4 선언에서도 국내적으로 논란이 야기됐던 게 NLL 문제다. 이 경계선과 충돌 현상을 일으키지 않도록 유의해야 한다. 3자회담, 다자회담, 종전선언 이런 이야기들은 10·4 선언의 판박이라고 볼 수 있다. 다만 흥미로운 점이 있다면 예전과 달리 3자를 남북미, 4자를 남북미중이라고 명시한 것이다. 미국에 대한 유화적인 메시지가 담겨 있다. 북한이 중국보다 미국을 더 중시한다는 메시지를 보내면서 미국이 미소 짓게 한 것이다. 남과 북은 완전한 비핵화를 통해 핵 없는 한반도를 실현한다는 공공의 목표를 갖는다고 했다. 그런데 이 문구가 지뢰밭으로 보인다. 주어가 남과 북이다. 북한이 생각하는 비핵화는 북 뿐만 아니라 한국도 포함된 것이다. 북한은 주한미군이 핵을 가지고 있다고 하면서 미국이 남측에 제공하는 핵우산까지도 철폐해야 한다고 하고 있는데, 북한의 이러한 기존 입장이 강력하게 반영된 것으로 보인다. 우리가 생각하는 북한의 비핵화와는 상당한 차이가 있다.”
◇김형석 전 통일부 차관
“기존에 합의했던 사항을 이행하는 내용과 함께 군사적 긴장 완화, 그것을 토대로 한 평화 체제를 구축하자는 메시지가 담겼다. 인도적 문제도 들어가 있고, 2차 정상회담까지 한다는 내용이 포괄적으로 잘 들어갔다. 기존 합의에 대한 이행 의지를 표명했고, 국제 사회의 대북제재 국면 속에서도 남북 간에 추진할 수 있는 사업을 명시하는 등 현실적인 면도 감안했다. 담대한 선언과 함께 현실을 반영한 합의문이다. 비핵화와 관련한 부분이 맨 앞에 나왔다면 더 좋았겠지만, 비핵화는 북미정상회담이 남아있기 때문에 남북정상회담에서 메인으로 다루긴 어려웠을 것이다. 현재 선언문에도 비핵화 의지와 국제사회와의 협력이 다 들어갔다. 비핵화가 뒷부분에 담겼다는 이유로 평가를 인색하게 할 이유는 없다고 생각한다.”
◇남성욱 고려대 교수
“원론적 수준의 핵문제 터치다. 합의문 문장이 이 정도로 그치니까 남북정상회담이 이렇게 빨리 끝난 것이다. 북한이 비핵화 관련한 조항을 이렇게 빠져나가지 못하도록, 북한이 핵의 주체로서의 역할을 하도록 더욱 부각했어야 했는데 대화에 한계가 있었던 것 같다. 결국 지난주에 나온 북한 노동당 전원회의의 결정에서 벗어나지 못한 수준이다. 핵보유국으로서 핵군축을 하겠다는 컨셉트와 일맥상통했다. 나머지 조항들은 2007년 10·4 선언의 확대 버전이라고 볼 수 있다. 종전선언, 평화협정, 철도 연결 등은 모두 미북회담에서 진전이 없으면 진행할 수 없는 것들이다. 핵에 관해서는 2단 기어 수준인데, 교류협력은 4단 기어를 걸어놓은 모양새다. 엇박자가 났다. 비핵화 없는 군사적 긴장완화도 본질적인 문제가 아닌 주변 문제다. 전반적인 남북 간 긴장 완화라는 취지는 좋으나 역시 비핵화라는 핵심 문제가 해결되지 않으면 한계가 있다.”
◇남주홍 경기대 교수
“2000년 6·15와 2007년 10·4 선언을 섞어놓은 수준이다. 핵심인 ‘비핵화’는 합의문 가장 마지막에 써놨고 용어도 ‘한반도 비핵화’다. 북한 핵폐기가 아닌 한반도 비핵화를 이야기한 것이다. 핵폐기의 타임테이블과 로드맵 이야기는 전혀 없다. 국제 사회가 관심 있게 보는 건 핵폐기의 로드맵과 타임테이블이었는데 원론적인 비핵화 선언이었다. 전혀 새롭지 않고 수없이 이야기해왔던 내용이다. 1992년 한반도비핵화공동선언에는 세부적으로 비핵화와 관련한 행동이 적시됐었다. 그런데 이번에는 그런 표현조차 들어가지 않았다. 형식은 요란한데 핵문제와 관련된 내용은 빈약하다. 합의문 가장 처음에 강조한 민족 공조의 중요성과 당위성 문제는 이미 많이 이야기해왔던 것이다. 연락사무소를 개성에 둔다는 것은 개성공단을 다시 열기 위한 하나의 명분을 만든 것이다. 일종의 평창식 예외조치라고 할 수 있다. 종전 선언 문제는 미북정상회담의 결과를 봐야 알 수 있는 이야기다. 한마디로 핵문제를 지극히 원론적인 립서비스로 언급하고 끝냈다.”
◇송종환 경남대 석좌교수
“껍데기는 좋아 보이지만 알맹이는 과거 합의보다 못하다. 11년만에 대화 재개가 된 것은 긍정적이지만 선언 내용은 국제사회와 국민의 기대에 부응하지 못했다. 우선 북한 핵폐기를 위한 신고, 사찰, 검증 등 구체적인 이행 내용이 없다. 애매하게 비핵화만 하겠다고 써놨다. 또 1992년 남북기본합의서보다 구체적이지도 않다. 민족·자주의 원칙에 대한 해석도 남북 양측이 다르게 할 여지가 있다. 우리는 ‘민족·자주’라는 말을 당사자끼리 해결하는 것으로 해석하지만, 북한은 외세 반대, 주한미군 철수라고 생각한다. 6·15 공동선언과 10·4 선언때도 이 부분과 관련해 남북이 다르게 해석해 조항이 이행되지 못했다. 앞으로도 이 조항이 문제가 될 수 있다. 10·4 선언을 이행한다는 부분도 비현실적이다. 철도 연결 등의 내용을 실현하려면 재정적 부담이 막중한데다, 북핵 폐기와 군사적 긴장완화 체제가 구축되지 않은 상황에서는 시기상조다. 서해에 공동어로구역을 만든다는 내용 역시 서해북방한계선(NLL)을 무력화할 소지가 있다. 종전선언, 평화협정 체결에 들어가려면 문서로 합의하기 전에 남북 기본합의서에 규정된 상세한 남북한간 군사적 긴장완화 등이 이행된 이후여야 한다.”
◇양무진 북한대학원대 교수
“오늘 두 정상이 발표한 판문점 선언문에는 우리 국민의 목소리와 국제사회의 목소리가 모두 담겼다. 제목 그대로 ‘한반도 평화 번영을 위한 판문점 선언’이다. ‘남북관계 발전’ ‘군사적 긴장 완화’ ‘평화구축’까지 모든 분야를 총망라했다. 한반도 비핵화에 대한 의지도 들어갔다. 비핵화와 관련한 구체적인 내용은 미북정상회담의 몫으로 남겨놨다. 상당 부분 우리 국민의 바람대로, 정상회담답게 담았다고 평가한다.”
◇유호열 고려대 교수
“대부분 10·4 선언에서 확인한 것들을 다시 끄집어 낸 합의로 보인다. 다만 비핵화가 문안에 담겼다는 점에서 진일보하긴 했다. 비핵화에 대한 합의는 아직 추상성이 높아 보인다. 구체성을 띈 입장이라고 보기에는 여전히 미흡하다. 서해 평화 수역 조성, 즉 NLL 문제는 남북이 논의는 할 수 있겠지만 북한의 비핵화가 구체적으로 추진되기 전에 먼저 논의하는 것은 순서가 맞지 않다. 국내 정가에서 시빗거리가 될 수 있다. 또 NLL과 같이 논쟁이 붙을 수 있는 사안에 집중하다 보면, 비핵화를 많은 남북 간 문제 중 하나 정도라고 작게 간주하게끔 할 여지가 있다. 나머지는 합의는 우리가 독단적으로 할 수 없다. 대북 제재가 해제돼야 할 수 있는 부분이다. 개성에 연락사무소를 둔다는 자체가 경제협력 확대 의도가 있는 것이다. 여기서도 복선이 있는 듯하다. 경제 교류 협력을 성급하게 밀어붙여서 경협을 기정사실화하려고 하는 듯하다. 유엔 대북 제재가 풀리고 난 뒤 논의해도 될 일이다. 이는 ‘남북문제는 우리 민족끼리 해결해야 하는데, 외부 세력 덕분에 잘 안 된다’와 같은 이런 선전 차원의 빌미를 또 하나 제공해주는 셈이 될 수도 있다.”",17,4365
iks_20180427_chosun_news_018,Chosun news 2018 April 27 corpus.txt,Chosun Ilbo,조선일보,news,2018-04-27,2018_april_summit,"니혼게이자이 ""완전한 비핵화 언급했지만…구체적 방법 안보여""",,"일본 니혼게이자이신문은 27일 남북 정상이 한반도의 완전한 비핵화라는 공동 목표를 확인했다고 선언한 것과 관련, “구체적인 실현 방법이 논의되지 않았다”고 전했다.
니혼게이자이신문은 이날 선언문이 “미국과 일본이 요구하는 ‘완전한 비핵화’를 언급했지만, (비핵화) 실현을 위한 구체적인 방법은 보이지 않는다”고 평가하면서, 남북 정상이 비핵화에 대한 구체적인 논의를 “6월에 열릴 예정인 미·북 정상회담에 이월했다”고 전했다.
이날 문재인 대통령과 김정은 북한 국무위원장은 ‘한반도의 평화와 번영, 통일을 위한 판문점 선언’을 통해 “남과 북은 완전한 비핵화를 통해 핵 없는 한반도를 실현한다는 공동의 목표를 확인했다”고 밝혔다.","니혼게이자이 ""완전한 비핵화 언급했지만…구체적 방법 안보여""
일본 니혼게이자이신문은 27일 남북 정상이 한반도의 완전한 비핵화라는 공동 목표를 확인했다고 선언한 것과 관련, “구체적인 실현 방법이 논의되지 않았다”고 전했다.
니혼게이자이신문은 이날 선언문이 “미국과 일본이 요구하는 ‘완전한 비핵화’를 언급했지만, (비핵화) 실현을 위한 구체적인 방법은 보이지 않는다”고 평가하면서, 남북 정상이 비핵화에 대한 구체적인 논의를 “6월에 열릴 예정인 미·북 정상회담에 이월했다”고 전했다.
이날 문재인 대통령과 김정은 북한 국무위원장은 ‘한반도의 평화와 번영, 통일을 위한 판문점 선언’을 통해 “남과 북은 완전한 비핵화를 통해 핵 없는 한반도를 실현한다는 공동의 목표를 확인했다”고 밝혔다.",3,352
iks_20180427_chosun_news_019,Chosun news 2018 April 27 corpus.txt,Chosun Ilbo,조선일보,news,2018-04-27,2018_april_summit,"뉴욕타임스 “트럼프, 비핵화 빠른 일정 기대…남북 구체 내용 부족”",,"뉴욕타임스(NYT)는 27일 남북 정상이 공동선언을 통해 완전한 비핵화라는 공동의 목표를 확인했다고 발표한 것에 대해 “도널드 트럼프 미국 대통령은 북한이 핵무기를 제거하도록 빠른 일정표를 찾길 기대하지만, 이날 문재인 대통령과 김정은 북한 국무위원장의 합의는 그런 구체적인 내용이 부족하다”고 보도했다.
이날 문재인 대통령과 김정은 북한 국무위원장은 ‘한반도의 평화와 번영, 통일을 위한 판문점 선언’을 통해 “남과 북은 완전한 비핵화를 통해 핵 없는 한반도를 실현한다는 공동의 목표를 확인하였다”고 밝혔다. 올해 종전 선언과 정전협정의 평화협정 전환, 남·북·미 3자 또는 남·북·미·중 4자회담 개최 추진도 발표했다.
NYT는 “이번 남북 정상회담은 트럼프 대통령과 김정은 사이의 훨씬 더 중요한 정상회담을 위한 분위기를 정할 것이기 때문에 큰 관심을 받았다”며 “트럼프 대통령과 그의 참모들이 북한이 핵무기를 제거하도록 빠른 일정표를 찾길 기대하지만, 이날 문재인 대통령과 김정은 북한 국무위원장의 합의는 그런 구체적인 내용이 부족하다”고 평했다.","뉴욕타임스 “트럼프, 비핵화 빠른 일정 기대…남북 구체 내용 부족”
뉴욕타임스(NYT)는 27일 남북 정상이 공동선언을 통해 완전한 비핵화라는 공동의 목표를 확인했다고 발표한 것에 대해 “도널드 트럼프 미국 대통령은 북한이 핵무기를 제거하도록 빠른 일정표를 찾길 기대하지만, 이날 문재인 대통령과 김정은 북한 국무위원장의 합의는 그런 구체적인 내용이 부족하다”고 보도했다.
이날 문재인 대통령과 김정은 북한 국무위원장은 ‘한반도의 평화와 번영, 통일을 위한 판문점 선언’을 통해 “남과 북은 완전한 비핵화를 통해 핵 없는 한반도를 실현한다는 공동의 목표를 확인하였다”고 밝혔다. 올해 종전 선언과 정전협정의 평화협정 전환, 남·북·미 3자 또는 남·북·미·중 4자회담 개최 추진도 발표했다.
NYT는 “이번 남북 정상회담은 트럼프 대통령과 김정은 사이의 훨씬 더 중요한 정상회담을 위한 분위기를 정할 것이기 때문에 큰 관심을 받았다”며 “트럼프 대통령과 그의 참모들이 북한이 핵무기를 제거하도록 빠른 일정표를 찾길 기대하지만, 이날 문재인 대통령과 김정은 북한 국무위원장의 합의는 그런 구체적인 내용이 부족하다”고 평했다.",3,534
iks_20180427_chosun_news_020,Chosun news 2018 April 27 corpus.txt,Chosun Ilbo,조선일보,news,2018-04-27,2018_april_summit,CNN “남·북 한국전쟁 끝내기로…새 역사가 시작된다”,,"CNN은 남북 정상이 27일 판문점 평화의 집에서 발표한 ‘한반도 평화와 번영, 통일을 위한 판문점 선언’과 관련, “새 역사가 시작된다”고 보도했다.
미국 CNN은 이날 온라인 홈페이지에 기자회견 시간에 맞춰 ‘남북이 한국 전쟁을 끝내기로 했다’는 헤드라인을 걸고 남북 정상이 활짝 웃는 사진을 올렸다.
CNN은 남북 정상이 한반도의 완전한 비핵화에 합의하고, 올해 종전을 선언키로 한 점을 중점으로 보도하면서, 양측이 정전협정을 평화협정으로 전환하고, 항구적 평화체제 구축을 위한 회담 개최를 추진하기로 했다고 전했다.
이어 CNN은 “김정은이 연설에서 비핵화를 언급하지는 않는듯했으나, 문재인 대통령이 양측이 완전한 비핵화에 합의했다고 설명했다”고도 덧붙였다.","CNN “남·북 한국전쟁 끝내기로…새 역사가 시작된다”
CNN은 남북 정상이 27일 판문점 평화의 집에서 발표한 ‘한반도 평화와 번영, 통일을 위한 판문점 선언’과 관련, “새 역사가 시작된다”고 보도했다.
미국 CNN은 이날 온라인 홈페이지에 기자회견 시간에 맞춰 ‘남북이 한국 전쟁을 끝내기로 했다’는 헤드라인을 걸고 남북 정상이 활짝 웃는 사진을 올렸다.
CNN은 남북 정상이 한반도의 완전한 비핵화에 합의하고, 올해 종전을 선언키로 한 점을 중점으로 보도하면서, 양측이 정전협정을 평화협정으로 전환하고, 항구적 평화체제 구축을 위한 회담 개최를 추진하기로 했다고 전했다.
이어 CNN은 “김정은이 연설에서 비핵화를 언급하지는 않는듯했으나, 문재인 대통령이 양측이 완전한 비핵화에 합의했다고 설명했다”고도 덧붙였다.",4,372
iks_20180427_chosun_news_021,Chosun news 2018 April 27 corpus.txt,Chosun Ilbo,조선일보,news,2018-04-27,2018_april_summit,"'바람아 멈추어다오' 이지연, CNN 출연 평양냉면 소개",,"‘바람아 멈추어다오’로 유명한 가수 출신 외식사업가 이지연(48)이 미국 CNN방송에 출연해 평양냉면을 소개했다.
이지연은 남북정상회담이 열린 27일(한국시각) CNN 방송 뉴스에 출연해 스튜디오에서 평양냉면을 소개했다. 이지연은 실향민인 조부모에게 전수받은 것이라며 평양식 동치미 냉면을 만들었다. MC들은 냉면을 맛본 뒤 ""맛있다""고 말했다.
스튜디오 배경으로 평양냉면 사진이 걸렸고 ‘평양냉면(PYONGYANG NAENGMYUN)’이라는 자막도 나왔다. ‘역사적 회담(HISTORIC SUMMIT) 국수 외교, 음식의 중요성(NOODLE DIPLOMACY, THE IMPORTANCE OF FOOD)’이라는 자막도 이어졌다.
이지연은 1987년 데뷔해 ‘그 이유가 내게는 아픔이었네’ ‘바람아 멈추어다오’ ‘난 아직 사랑을 몰라’ 등으로 인기를 끌다 1992년 돌연 미국으로 건너갔다. 현지에서 미국인 요리사와 열애 끝에 결혼해 미국에 산다. 애틀랜타에서 BBQ레스토랑 ‘얼룸마켓’의 오너 셰프로 있다. 이 식당은 2011년 애틀랜타 베스트 요리 10선 국제부문 6위에 올랐다.
앞서 이날 남북정상회담 만찬 메뉴에 평양의 대표적 식당인 '옥류관' 냉면이 포함돼 전 세계 미디어의 주목을 받았다. 문재인 대통령이 '만찬 음식으로 옥류관 냉면이 좋겠다'고 제안했고 북측이 받아들인 것으로 전해졌다.
북한은 이날 평양 옥류관의 수석요리사를 판문점으로 파견했다. 옥류관 냉면의 맛을 살리기 위해 옥류관 전용 제면기를 판문점 북측 통일각에 설치했고, 통일각에서 갓 뽑아낸 냉면을 만찬장인 '평화의 집' 3층으로 바로 배달하기로 했다","'바람아 멈추어다오' 이지연, CNN 출연 평양냉면 소개
‘바람아 멈추어다오’로 유명한 가수 출신 외식사업가 이지연(48)이 미국 CNN방송에 출연해 평양냉면을 소개했다.
이지연은 남북정상회담이 열린 27일(한국시각) CNN 방송 뉴스에 출연해 스튜디오에서 평양냉면을 소개했다. 이지연은 실향민인 조부모에게 전수받은 것이라며 평양식 동치미 냉면을 만들었다. MC들은 냉면을 맛본 뒤 ""맛있다""고 말했다.
스튜디오 배경으로 평양냉면 사진이 걸렸고 ‘평양냉면(PYONGYANG NAENGMYUN)’이라는 자막도 나왔다. ‘역사적 회담(HISTORIC SUMMIT) 국수 외교, 음식의 중요성(NOODLE DIPLOMACY, THE IMPORTANCE OF FOOD)’이라는 자막도 이어졌다.
이지연은 1987년 데뷔해 ‘그 이유가 내게는 아픔이었네’ ‘바람아 멈추어다오’ ‘난 아직 사랑을 몰라’ 등으로 인기를 끌다 1992년 돌연 미국으로 건너갔다. 현지에서 미국인 요리사와 열애 끝에 결혼해 미국에 산다. 애틀랜타에서 BBQ레스토랑 ‘얼룸마켓’의 오너 셰프로 있다. 이 식당은 2011년 애틀랜타 베스트 요리 10선 국제부문 6위에 올랐다.
앞서 이날 남북정상회담 만찬 메뉴에 평양의 대표적 식당인 '옥류관' 냉면이 포함돼 전 세계 미디어의 주목을 받았다. 문재인 대통령이 '만찬 음식으로 옥류관 냉면이 좋겠다'고 제안했고 북측이 받아들인 것으로 전해졌다.
북한은 이날 평양 옥류관의 수석요리사를 판문점으로 파견했다. 옥류관 냉면의 맛을 살리기 위해 옥류관 전용 제면기를 판문점 북측 통일각에 설치했고, 통일각에서 갓 뽑아낸 냉면을 만찬장인 '평화의 집' 3층으로 바로 배달하기로 했다",6,799
iks_20180427_chosun_news_022,Chosun news 2018 April 27 corpus.txt,Chosun Ilbo,조선일보,news,2018-04-27,2018_april_summit,"남북 정상 ""완전한 한반도 비핵화 노력"" 원론적 합의","‘개성 연락사무소 설치, 한반도 비핵화 확인, 연내 평화협정 체결’
文대통령, 가을 평양 방문 명시","문재인 대통령과 김정은 북한 국무위원장은 27일 ‘개성 남북공동연락사무소’ 설치, 한반도 비핵화 확인, 연내 평화협정 체결 등의 내용의 정상회담 합의내용을 담아 ‘한반도의 평화와 번영, 통일을 위한 판문점 선언’을 발표했다.
문 대통령과 김정은은 이날 경기도 파주 판문점 평화의 집 1층 로비에서 ‘판문점 선언’에 서명하고, 이를 평화의 집 앞 마당에서 공식 발표했다.
선언은 “평화와 번영, 통일을 염원하는 온 겨레의 한결같은 지향을 담아 한반도에서 역사적인 전환이 일어나고 있는 뜻깊은 시기에 2018년 4월 27일 판문점 평화의 집에서 남북정상회담을 진행하였다”며 “양 정상은 한반도에 더 이상 전쟁은 없을 것이며 새로운 평화의 시대가 열리었음을 8천만 우리 겨레와 전 세계에 엄숙히 천명했다”고 썼다.
선언은 남북관계와 관련 “남과 북은 당국 간 협의를 긴밀히 하고 민간교류와 협력을 원만히 보장하기 위하여 쌍방 당국자가 상주하는 남북공동연락사무소를 개성지역에 설치하기로 하였다”고 밝혔다.
선언은 ‘한반도 비핵화’ 문제에 대해서는 “남과 북은 완전한 비핵화를 통해 핵 없는 한반도를 실현한다는 공동의 목표를 확인했다”며 “남과 북은 북측이 취하고 있는 주동적인 조치들이 한반도 비핵화를 위해 대단히 의의 있고 중대한 조치라는데 인식을 같이 하고 앞으로 각기 자기의 책임과 역할을 다하기로 했다”고 썼다.
이어 “남과 북은 한반도 비핵화를 위한 국제사회의 지지와 협력을 위해 적극 노력하기로 했다”고 했다.
선언은 “남과 북은 정전협정체결 65년이 되는 올해에 종전을 선언하고 정전협정을 평화협정으로 전환하며 항구적이고 공고한 평화체제 구축을 위한 남·북·미 3자 또는 남·북·미·중 4자회담 개최를 적극 추진해 나가기로 했다”고도 밝혔다.
선언은 “남과 북은 한반도의 항구적이며 공고한 평화체제 구축을 위하여 적극 협력해 나갈 것”이라며 “한반도에서 비정상적인 현재의 정전상태를 종식시키고 확고한 평화체제를 수립하는 것은 더 이상 미룰 수 없는 역사적 과제”라고 썼다.
이어 “남과 북은 그 어떤 형태의 무력도 서로 사용하지 않을 때 대한 불가침 합의를 재확인하고 엄격히 준수해 나가기로 했다”며 “남과 북은 군사적 긴장이 해소되고 서로의 군사적 신뢰가 실질적으로 구축되는 데 따라 단계적으로 군축을 실현해 나가기로 하였다”고도 했다.
한편 선언에는 문 대통령이 올해 가을에 평양을 방문한다는 내용도 들어갔다.
아래는 판문점 선언 전문.
한반도의 평화와 번영, 통일을 위한 판문점 선언
대한민국 문재인 대통령과 조선민주주의인민공화국 김정은 국무위원장은 평화와 번영, 통일을 염원하는 온 겨레의 한결같은 지향을 담아 한반도에서 역사적인 전환이 일어나고 있는 뜻깊은 시기에 2018년 4월 27일 판문점 평화의 집에서 남북정상회담을 진행하였다.
양 정상은 한반도에 더 이상 전쟁은 없을 것이며 새로운 평화의 시대가 열리었음을 8천만 우리 겨레와 전 세계에 엄숙히 천명하였다.
양 정상은 냉전의 산물인 오랜 분단과 대결을 하루 빨리 종식시키고 민족적 화해와 평화번영의 새로운 시대를 과감하게 일어나가며 남북관계를 보다 적극적으로 개선하고 발전시켜 나가야 한다는 확고한 의지를 담아 역사의 땅 판문점에서 다음과 같이 선언하였다.
1. 남과 북은 남북 관계의 전면적이며 획기적인 개선과 발전을 이룩함으로써 끊어진 민족의 혈맥을 잇고 공동번영과 자주통일의 미래를 앞당겨 나갈 것이다.
남북관계를 개선하고 발전시키는 것은 온 겨레의 한결같은 소망이며 더 이상 미룰 수 없는 시대의 절박한 요구이다.
ⓛ 남과 북은 우리 민족의 운명은 우리 스스로 결정한다는 민족 자주의 원칙을 확인하였으며 이미 채택된 남북 선언들과 모든 합의들을 철저히 이행함으로 써 관계 개선과 발전의 전환적 국면을 열어나가기로 하였다.
② 남과 북은 고위급 회담을 비롯한 각 분야의 대화와 협상을 빠른 시일 안에 개최하여 정상회담에서 합의된 문제들을 실천하기 위한 적극적인 대책을 세워나가기로 하였다.
③ 남과 북은 당국 간 협의를 긴밀히 하고 민간교류와 협력을 원만히 보장하기 위하여 쌍방 당국자가 상주하는 남북공동연락사무소를 개성지역에 설치하기로 하였다.
④ 남과 북은 민족적 화해와 단합의 분위기를 고조시켜 나가기 위하여 각계각층의 다방면적인 협력과 교류 왕래와 접촉을 활성화하기로 하였다.
안으로는 6.15를 비롯하여 남과북에 다같이 의의가 있는 날들을 계기로 당국과 국회, 정당, 지방자치단체, 민간단체 등 각계각층이 참가하는 민족공동행사를 적극 추진하여 화해와 협력의 분위기를 고조시키 며, 밖으로는 2018년 아시아경기대회를 비롯한 국제경기들에 공동으로 진출하여 민족의 슬기와 재능, 단합된 모습을 전 세계에 과시하기로 하였다.
⑤ 남과 북은 민족 분단으로 발생된 인도적 문제를 시급히 해결하기 위하여 노력하며, 남북 적십자회담을 개최하여 이산가족·친척상봉을 비롯한 제반 문제들을 협의 해결해 나가기로 하였다.
당면하여 오는 8.15를 계기로 이산가족·친척 상봉을 진행하기로 하였다.
⑥ 남과 북은 민족경제의 균형적 발전과 공동번영을 이룩하기 위하여 10.4선언에서 합의된 사업들을 적극 추진해 나가며 1차적으로 동해선 및 경의선 철도와 도로들을 연결하고 현대화하여 활용하기 위한 실천적 대책들을 취해나가기로 하였다.
2. 남과 북은 한반도에서 첨예한 군사적 긴장상태를 완화하고 전쟁 위험을 실질적으로 해소하기 위하여 공동으로 노력해 나갈 것이다.
① 남과 북은 지상과 해상, 공중을 비롯한 모든 공간에서 군사적 긴장과 충돌의 근원으로 되는 상대방에 대한 일체의 적대행위를 전면 중지하기로 하였다.
당면하여 5월 1일부터 군사분계선 일대에서 확성기 방송과 전단살포를 비롯한 모든 적대 행위들을 중지하고 그 수단을 철폐하며 앞으로 비무장지대를 실질적인 평화지대로 만들어 나가기로 하였다.
② 남과 북은 서해 북방한계선 일대를 평화수역으로 만들어 우발적인 군사적 충돌을 방지하고 안전한 어로 활동을 보장하기 위한 실제적인 대책을 세워나가기로 하였다.
③ 남과 북은 상호협력과 교류, 왕래와 접촉이 활성화 되는 데 따른 여러 가지 군사적 보장대책을 취하기로 하였다.
남과 북은 쌍방 사이에 제기되는 군사적 문제를 지체 없이 협의 해결하기 위하여 국방부장관회담을 비롯한 군사당국자회담을 자주개최하며 5월 중에 먼저 장성급 군사회담을 열기로 하였다.
3. 남과 북은 한반도의 항구적이며 공고한 평화체제 구축을 위하여 적극 협력해 나갈 것이다.
한반도에서 비정상적인 현재의 정전상태를 종식시키고 확고한 평화체제를 수립하는 것은 더 이상 미룰 수 없는 역사적 과제이다.
① 남과 북은 그 어떤 형태의 무력도 서로 사용하지 않을 때 대한 불가침 합의를 재확인하고 엄격히 준수해 나가기로 하였다.
② 남과 북은 군사적 긴장이 해소되고 서로의 군사적 신뢰가 실질적으로 구축되는 데 따라 단계적으로 군축을 실현해 나가기로 하였다.
③ 남과 북은 정전협정체결 65년이 되는 올해에 종전을 선언하고 정전협정을 평화협정으로 전환하며 항구적이고 공고한 평화체제 구축을 위한 남·북·미 3자 또는 남·북·미·중 4자회담 개최를 적극 추진해 나가기로 하였다.
④ 남과 북은 완전한 비핵화를 통해 핵 없는 한반도를 실현한다는 공동의 목표를 확인하였다.
남과 북은 북측이 취하고 있는 주동적인 조치들이 한반도 비핵화를 위해 대단히 의의 있고 중대한 조치라는데 인식을 같이 하고 앞으로 각기 자기의 책임과 역할을 다하기로 하였다.
남과 북은 한반도 비핵화를 위한 국제사회의 지지와 협력을 위해 적극 노력하기로 하였다.
양 정상은 정기적인 회담과 직통전화를 통하여 민족의 중대사를 수시로 진지하게 논의하고 신뢰를 굳건히 하며, 남북관계의 지속적인 발전과 한반도의 평화와 번영, 통일을 향한 좋은 흐름을 더욱 확대해 나가기 위하여 함께 노력하기로 하였다.
당면하여 문재인 대통령은 올해 가을 평양을 방문하기로 하였다.
2018년 4월 27일
판 문 점
대한민국대통령 대통령 문재인, 조선민주인민공화국 국무위원회 위원장 김정은","남북 정상 ""완전한 한반도 비핵화 노력"" 원론적 합의
‘개성 연락사무소 설치, 한반도 비핵화 확인, 연내 평화협정 체결’
文대통령, 가을 평양 방문 명시
문재인 대통령과 김정은 북한 국무위원장은 27일 ‘개성 남북공동연락사무소’ 설치, 한반도 비핵화 확인, 연내 평화협정 체결 등의 내용의 정상회담 합의내용을 담아 ‘한반도의 평화와 번영, 통일을 위한 판문점 선언’을 발표했다.
문 대통령과 김정은은 이날 경기도 파주 판문점 평화의 집 1층 로비에서 ‘판문점 선언’에 서명하고, 이를 평화의 집 앞 마당에서 공식 발표했다.
선언은 “평화와 번영, 통일을 염원하는 온 겨레의 한결같은 지향을 담아 한반도에서 역사적인 전환이 일어나고 있는 뜻깊은 시기에 2018년 4월 27일 판문점 평화의 집에서 남북정상회담을 진행하였다”며 “양 정상은 한반도에 더 이상 전쟁은 없을 것이며 새로운 평화의 시대가 열리었음을 8천만 우리 겨레와 전 세계에 엄숙히 천명했다”고 썼다.
선언은 남북관계와 관련 “남과 북은 당국 간 협의를 긴밀히 하고 민간교류와 협력을 원만히 보장하기 위하여 쌍방 당국자가 상주하는 남북공동연락사무소를 개성지역에 설치하기로 하였다”고 밝혔다.
선언은 ‘한반도 비핵화’ 문제에 대해서는 “남과 북은 완전한 비핵화를 통해 핵 없는 한반도를 실현한다는 공동의 목표를 확인했다”며 “남과 북은 북측이 취하고 있는 주동적인 조치들이 한반도 비핵화를 위해 대단히 의의 있고 중대한 조치라는데 인식을 같이 하고 앞으로 각기 자기의 책임과 역할을 다하기로 했다”고 썼다.
이어 “남과 북은 한반도 비핵화를 위한 국제사회의 지지와 협력을 위해 적극 노력하기로 했다”고 했다.
선언은 “남과 북은 정전협정체결 65년이 되는 올해에 종전을 선언하고 정전협정을 평화협정으로 전환하며 항구적이고 공고한 평화체제 구축을 위한 남·북·미 3자 또는 남·북·미·중 4자회담 개최를 적극 추진해 나가기로 했다”고도 밝혔다.
선언은 “남과 북은 한반도의 항구적이며 공고한 평화체제 구축을 위하여 적극 협력해 나갈 것”이라며 “한반도에서 비정상적인 현재의 정전상태를 종식시키고 확고한 평화체제를 수립하는 것은 더 이상 미룰 수 없는 역사적 과제”라고 썼다.
이어 “남과 북은 그 어떤 형태의 무력도 서로 사용하지 않을 때 대한 불가침 합의를 재확인하고 엄격히 준수해 나가기로 했다”며 “남과 북은 군사적 긴장이 해소되고 서로의 군사적 신뢰가 실질적으로 구축되는 데 따라 단계적으로 군축을 실현해 나가기로 하였다”고도 했다.
한편 선언에는 문 대통령이 올해 가을에 평양을 방문한다는 내용도 들어갔다.
아래는 판문점 선언 전문.
한반도의 평화와 번영, 통일을 위한 판문점 선언
대한민국 문재인 대통령과 조선민주주의인민공화국 김정은 국무위원장은 평화와 번영, 통일을 염원하는 온 겨레의 한결같은 지향을 담아 한반도에서 역사적인 전환이 일어나고 있는 뜻깊은 시기에 2018년 4월 27일 판문점 평화의 집에서 남북정상회담을 진행하였다.
양 정상은 한반도에 더 이상 전쟁은 없을 것이며 새로운 평화의 시대가 열리었음을 8천만 우리 겨레와 전 세계에 엄숙히 천명하였다.
양 정상은 냉전의 산물인 오랜 분단과 대결을 하루 빨리 종식시키고 민족적 화해와 평화번영의 새로운 시대를 과감하게 일어나가며 남북관계를 보다 적극적으로 개선하고 발전시켜 나가야 한다는 확고한 의지를 담아 역사의 땅 판문점에서 다음과 같이 선언하였다.
1. 남과 북은 남북 관계의 전면적이며 획기적인 개선과 발전을 이룩함으로써 끊어진 민족의 혈맥을 잇고 공동번영과 자주통일의 미래를 앞당겨 나갈 것이다.
남북관계를 개선하고 발전시키는 것은 온 겨레의 한결같은 소망이며 더 이상 미룰 수 없는 시대의 절박한 요구이다.
ⓛ 남과 북은 우리 민족의 운명은 우리 스스로 결정한다는 민족 자주의 원칙을 확인하였으며 이미 채택된 남북 선언들과 모든 합의들을 철저히 이행함으로 써 관계 개선과 발전의 전환적 국면을 열어나가기로 하였다.
② 남과 북은 고위급 회담을 비롯한 각 분야의 대화와 협상을 빠른 시일 안에 개최하여 정상회담에서 합의된 문제들을 실천하기 위한 적극적인 대책을 세워나가기로 하였다.
③ 남과 북은 당국 간 협의를 긴밀히 하고 민간교류와 협력을 원만히 보장하기 위하여 쌍방 당국자가 상주하는 남북공동연락사무소를 개성지역에 설치하기로 하였다.
④ 남과 북은 민족적 화해와 단합의 분위기를 고조시켜 나가기 위하여 각계각층의 다방면적인 협력과 교류 왕래와 접촉을 활성화하기로 하였다.
안으로는 6.15를 비롯하여 남과북에 다같이 의의가 있는 날들을 계기로 당국과 국회, 정당, 지방자치단체, 민간단체 등 각계각층이 참가하는 민족공동행사를 적극 추진하여 화해와 협력의 분위기를 고조시키 며, 밖으로는 2018년 아시아경기대회를 비롯한 국제경기들에 공동으로 진출하여 민족의 슬기와 재능, 단합된 모습을 전 세계에 과시하기로 하였다.
⑤ 남과 북은 민족 분단으로 발생된 인도적 문제를 시급히 해결하기 위하여 노력하며, 남북 적십자회담을 개최하여 이산가족·친척상봉을 비롯한 제반 문제들을 협의 해결해 나가기로 하였다.
당면하여 오는 8.15를 계기로 이산가족·친척 상봉을 진행하기로 하였다.
⑥ 남과 북은 민족경제의 균형적 발전과 공동번영을 이룩하기 위하여 10.4선언에서 합의된 사업들을 적극 추진해 나가며 1차적으로 동해선 및 경의선 철도와 도로들을 연결하고 현대화하여 활용하기 위한 실천적 대책들을 취해나가기로 하였다.
2. 남과 북은 한반도에서 첨예한 군사적 긴장상태를 완화하고 전쟁 위험을 실질적으로 해소하기 위하여 공동으로 노력해 나갈 것이다.
① 남과 북은 지상과 해상, 공중을 비롯한 모든 공간에서 군사적 긴장과 충돌의 근원으로 되는 상대방에 대한 일체의 적대행위를 전면 중지하기로 하였다.
당면하여 5월 1일부터 군사분계선 일대에서 확성기 방송과 전단살포를 비롯한 모든 적대 행위들을 중지하고 그 수단을 철폐하며 앞으로 비무장지대를 실질적인 평화지대로 만들어 나가기로 하였다.
② 남과 북은 서해 북방한계선 일대를 평화수역으로 만들어 우발적인 군사적 충돌을 방지하고 안전한 어로 활동을 보장하기 위한 실제적인 대책을 세워나가기로 하였다.
③ 남과 북은 상호협력과 교류, 왕래와 접촉이 활성화 되는 데 따른 여러 가지 군사적 보장대책을 취하기로 하였다.
남과 북은 쌍방 사이에 제기되는 군사적 문제를 지체 없이 협의 해결하기 위하여 국방부장관회담을 비롯한 군사당국자회담을 자주개최하며 5월 중에 먼저 장성급 군사회담을 열기로 하였다.
3. 남과 북은 한반도의 항구적이며 공고한 평화체제 구축을 위하여 적극 협력해 나갈 것이다.
한반도에서 비정상적인 현재의 정전상태를 종식시키고 확고한 평화체제를 수립하는 것은 더 이상 미룰 수 없는 역사적 과제이다.
① 남과 북은 그 어떤 형태의 무력도 서로 사용하지 않을 때 대한 불가침 합의를 재확인하고 엄격히 준수해 나가기로 하였다.
② 남과 북은 군사적 긴장이 해소되고 서로의 군사적 신뢰가 실질적으로 구축되는 데 따라 단계적으로 군축을 실현해 나가기로 하였다.
③ 남과 북은 정전협정체결 65년이 되는 올해에 종전을 선언하고 정전협정을 평화협정으로 전환하며 항구적이고 공고한 평화체제 구축을 위한 남·북·미 3자 또는 남·북·미·중 4자회담 개최를 적극 추진해 나가기로 하였다.
④ 남과 북은 완전한 비핵화를 통해 핵 없는 한반도를 실현한다는 공동의 목표를 확인하였다.
남과 북은 북측이 취하고 있는 주동적인 조치들이 한반도 비핵화를 위해 대단히 의의 있고 중대한 조치라는데 인식을 같이 하고 앞으로 각기 자기의 책임과 역할을 다하기로 하였다.
남과 북은 한반도 비핵화를 위한 국제사회의 지지와 협력을 위해 적극 노력하기로 하였다.
양 정상은 정기적인 회담과 직통전화를 통하여 민족의 중대사를 수시로 진지하게 논의하고 신뢰를 굳건히 하며, 남북관계의 지속적인 발전과 한반도의 평화와 번영, 통일을 향한 좋은 흐름을 더욱 확대해 나가기 위하여 함께 노력하기로 하였다.
당면하여 문재인 대통령은 올해 가을 평양을 방문하기로 하였다.
2018년 4월 27일
판 문 점
대한민국대통령 대통령 문재인, 조선민주인민공화국 국무위원회 위원장 김정은",44,3899
iks_20180427_chosun_news_023,Chosun news 2018 April 27 corpus.txt,Chosun Ilbo,조선일보,news,2018-04-27,2018_april_summit,"한반도의 평화와 번영, 통일을 위한 판문점 선언","한반도의 평화와 번영, 통일을 위한 판문점 선언","대한민국 문재인 대통령과 조선민주주의인민공화국 김정은 국무위원장은 평화와 번영, 통일을 염원하는 온 겨레의 한결같은 지향을 담아 한반도에서 역사적인 전환이 일어나고 있는 뜻깊은 시기에 2018년 4월 27일 판문점 평화의 집에서 남북정상회담을 진행하였다.
양 정상은 한반도에 더 이상 전쟁은 없을 것이며 새로운 평화의 시대가 열리었음을 8천만 우리 겨레와 전 세계에 엄숙히 천명하였다.
양 정상은 냉전의 산물인 오랜 분단과 대결을 하루 빨리 종식시키고 민족적 화해와 평화번영의 새로운 시대를 과감하게 일어나가며 남북관계를 보다 적극적으로 개선하고 발전시켜 나가야 한다는 확고한 의지를 담아 역사의 땅 판문점에서 다음과 같이 선언하였다.
1. 남과 북은 남북 관계의 전면적이며 획기적인 개선과 발전을 이룩함으로써 끊어진 민족의 혈맥을 잇고 공동번영과 자주통일의 미래를 앞당겨 나갈 것이다.
남북관계를 개선하고 발전시키는 것은 온 겨레의 한결같은 소망이며 더 이상 미룰 수 없는 시대의 절박한 요구이다.
ⓛ 남과 북은 우리 민족의 운명은 우리 스스로 결정한다는 민족 자주의 원칙을 확인하였으며 이미 채택된 남북 선언들과 모든 합의들을 철저히 이행함으로 써 관계 개선과 발전의 전환적 국면을 열어나가기로 하였다.
② 남과 북은 고위급 회담을 비롯한 각 분야의 대화와 협상을 빠른 시일 안에 개최하여 정상회담에서 합의된 문제들을 실천하기 위한 적극적인 대책을 세워나가기로 하였다.
③ 남과 북은 당국 간 협의를 긴밀히 하고 민간교류와 협력을 원만히 보장하기 위하여 쌍방 당국자가 상주하는 남북공동연락사무소를 개성지역에 설치하기로 하였다.
④ 남과 북은 민족적 화해와 단합의 분위기를 고조시켜 나가기 위하여 각계각층의 다방면적인 협력과 교류 왕래와 접촉을 활성화하기로 하였다.
안으로는 6.15를 비롯하여 남과북에 다같이 의의가 있는 날들을 계기로 당국과 국회, 정당, 지방자치단체, 민간단체 등 각계각층이 참가하는 민족공동행사를 적극 추진하여 화해와 협력의 분위기를 고조시키 며, 밖으로는 2018년 아시아경기대회를 비롯한 국제경기들에 공동으로 진출하여 민족의 슬기와 재능, 단합된 모습을 전 세계에 과시하기로 하였다.
⑤ 남과 북은 민족 분단으로 발생된 인도적 문제를 시급히 해결하기 위하여 노력하며, 남북 적십자회담을 개최하여 이산가족·친척상봉을 비롯한 제반 문제들을 협의 해결해 나가기로 하였다.
당면하여 오는 8.15를 계기로 이산가족·친척 상봉을 진행하기로 하였다.
⑥ 남과 북은 민족경제의 균형적 발전과 공동번영을 이룩하기 위하여 10.4선언에서 합의된 사업들을 적극 추진해 나가며 1차적으로 동해선 및 경의선 철도와 도로들을 연결하고 현대화하여 활용하기 위한 실천적 대책들을 취해나가기로 하였다.
2. 남과 북은 한반도에서 첨예한 군사적 긴장상태를 완화하고 전쟁 위험을 실질적으로 해소하기 위하여 공동으로 노력해 나갈 것이다.
① 남과 북은 지상과 해상, 공중을 비롯한 모든 공간에서 군사적 긴장과 충돌의 근원으로 되는 상대방에 대한 일체의 적대행위를 전면 중지하기로 하였다.
당면하여 5월 1일부터 군사분계선 일대에서 확성기 방송과 전단살포를 비롯한 모든 적대 행위들을 중지하고 그 수단을 철폐하며 앞으로 비무장지대를 실질적인 평화지대로 만들어 나가기로 하였다.
② 남과 북은 서해 북방한계선 일대를 평화수역으로 만들어 우발적인 군사적 충돌을 방지하고 안전한 어로 활동을 보장하기 위한 실제적인 대책을 세워나가기로 하였다.
③ 남과 북은 상호협력과 교류, 왕래와 접촉이 활성화 되는 데 따른 여러 가지 군사적 보장대책을 취하기로 하였다.
남과 북은 쌍방 사이에 제기되는 군사적 문제를 지체 없이 협의 해결하기 위하여 국방부장관회담을 비롯한 군사당국자회담을 자주개최하며 5월 중에 먼저 장성급 군사회담을 열기로 하였다.
3. 남과 북은 한반도의 항구적이며 공고한 평화체제 구축을 위하여 적극 협력해 나갈 것이다.
한반도에서 비정상적인 현재의 정전상태를 종식시키고 확고한 평화체제를 수립하는 것은 더 이상 미룰 수 없는 역사적 과제이다.
① 남과 북은 그 어떤 형태의 무력도 서로 사용하지 않을 때 대한 불가침 합의를 재확인하고 엄격히 준수해 나가기로 하였다.
② 남과 북은 군사적 긴장이 해소되고 서로의 군사적 신뢰가 실질적으로 구축되는 데 따라 단계적으로 군축을 실현해 나가기로 하였다.
③ 남과 북은 정전협정체결 65년이 되는 올해에 종전을 선언하고 정전협정을 평화협정으로 전환하며 항구적이고 공고한 평화체제 구축을 위한 남·북·미 3자 또는 남·북·미·중 4자회담 개최를 적극 추진해 나가기로 하였다.
④ 남과 북은 완전한 비핵화를 통해 핵 없는 한반도를 실현한다는 공동의 목표를 확인하였다.
남과 북은 북측이 취하고 있는 주동적인 조치들이 한반도 비핵화를 위해 대단히 의의 있고 중대한 조치라는데 인식을 같이 하고 앞으로 각기 자기의 책임과 역할을 다하기로 하였다.
남과 북은 한반도 비핵화를 위한 국제사회의 지지와 협력을 위해 적극 노력하기로 하였다.
양 정상은 정기적인 회담과 직통전화를 통하여 민족의 중대사를 수시로 진지하게 논의하고 신뢰를 굳건히 하며, 남북관계의 지속적인 발전과 한반도의 평화와 번영, 통일을 향한 좋은 흐름을 더욱 확대해 나가기 위하여 함께 노력하기로 하였다.
당면하여 문재인 대통령은 올해 가을 평양을 방문하기로 하였다.
2018년 4월 27일
판 문 점
대한민국대통령 대통령 문재인, 조선민주인민공화국 국무위원회 위원장 김정은","한반도의 평화와 번영, 통일을 위한 판문점 선언
한반도의 평화와 번영, 통일을 위한 판문점 선언
대한민국 문재인 대통령과 조선민주주의인민공화국 김정은 국무위원장은 평화와 번영, 통일을 염원하는 온 겨레의 한결같은 지향을 담아 한반도에서 역사적인 전환이 일어나고 있는 뜻깊은 시기에 2018년 4월 27일 판문점 평화의 집에서 남북정상회담을 진행하였다.
양 정상은 한반도에 더 이상 전쟁은 없을 것이며 새로운 평화의 시대가 열리었음을 8천만 우리 겨레와 전 세계에 엄숙히 천명하였다.
양 정상은 냉전의 산물인 오랜 분단과 대결을 하루 빨리 종식시키고 민족적 화해와 평화번영의 새로운 시대를 과감하게 일어나가며 남북관계를 보다 적극적으로 개선하고 발전시켜 나가야 한다는 확고한 의지를 담아 역사의 땅 판문점에서 다음과 같이 선언하였다.
1. 남과 북은 남북 관계의 전면적이며 획기적인 개선과 발전을 이룩함으로써 끊어진 민족의 혈맥을 잇고 공동번영과 자주통일의 미래를 앞당겨 나갈 것이다.
남북관계를 개선하고 발전시키는 것은 온 겨레의 한결같은 소망이며 더 이상 미룰 수 없는 시대의 절박한 요구이다.
ⓛ 남과 북은 우리 민족의 운명은 우리 스스로 결정한다는 민족 자주의 원칙을 확인하였으며 이미 채택된 남북 선언들과 모든 합의들을 철저히 이행함으로 써 관계 개선과 발전의 전환적 국면을 열어나가기로 하였다.
② 남과 북은 고위급 회담을 비롯한 각 분야의 대화와 협상을 빠른 시일 안에 개최하여 정상회담에서 합의된 문제들을 실천하기 위한 적극적인 대책을 세워나가기로 하였다.
③ 남과 북은 당국 간 협의를 긴밀히 하고 민간교류와 협력을 원만히 보장하기 위하여 쌍방 당국자가 상주하는 남북공동연락사무소를 개성지역에 설치하기로 하였다.
④ 남과 북은 민족적 화해와 단합의 분위기를 고조시켜 나가기 위하여 각계각층의 다방면적인 협력과 교류 왕래와 접촉을 활성화하기로 하였다.
안으로는 6.15를 비롯하여 남과북에 다같이 의의가 있는 날들을 계기로 당국과 국회, 정당, 지방자치단체, 민간단체 등 각계각층이 참가하는 민족공동행사를 적극 추진하여 화해와 협력의 분위기를 고조시키 며, 밖으로는 2018년 아시아경기대회를 비롯한 국제경기들에 공동으로 진출하여 민족의 슬기와 재능, 단합된 모습을 전 세계에 과시하기로 하였다.
⑤ 남과 북은 민족 분단으로 발생된 인도적 문제를 시급히 해결하기 위하여 노력하며, 남북 적십자회담을 개최하여 이산가족·친척상봉을 비롯한 제반 문제들을 협의 해결해 나가기로 하였다.
당면하여 오는 8.15를 계기로 이산가족·친척 상봉을 진행하기로 하였다.
⑥ 남과 북은 민족경제의 균형적 발전과 공동번영을 이룩하기 위하여 10.4선언에서 합의된 사업들을 적극 추진해 나가며 1차적으로 동해선 및 경의선 철도와 도로들을 연결하고 현대화하여 활용하기 위한 실천적 대책들을 취해나가기로 하였다.
2. 남과 북은 한반도에서 첨예한 군사적 긴장상태를 완화하고 전쟁 위험을 실질적으로 해소하기 위하여 공동으로 노력해 나갈 것이다.
① 남과 북은 지상과 해상, 공중을 비롯한 모든 공간에서 군사적 긴장과 충돌의 근원으로 되는 상대방에 대한 일체의 적대행위를 전면 중지하기로 하였다.
당면하여 5월 1일부터 군사분계선 일대에서 확성기 방송과 전단살포를 비롯한 모든 적대 행위들을 중지하고 그 수단을 철폐하며 앞으로 비무장지대를 실질적인 평화지대로 만들어 나가기로 하였다.
② 남과 북은 서해 북방한계선 일대를 평화수역으로 만들어 우발적인 군사적 충돌을 방지하고 안전한 어로 활동을 보장하기 위한 실제적인 대책을 세워나가기로 하였다.
③ 남과 북은 상호협력과 교류, 왕래와 접촉이 활성화 되는 데 따른 여러 가지 군사적 보장대책을 취하기로 하였다.
남과 북은 쌍방 사이에 제기되는 군사적 문제를 지체 없이 협의 해결하기 위하여 국방부장관회담을 비롯한 군사당국자회담을 자주개최하며 5월 중에 먼저 장성급 군사회담을 열기로 하였다.
3. 남과 북은 한반도의 항구적이며 공고한 평화체제 구축을 위하여 적극 협력해 나갈 것이다.
한반도에서 비정상적인 현재의 정전상태를 종식시키고 확고한 평화체제를 수립하는 것은 더 이상 미룰 수 없는 역사적 과제이다.
① 남과 북은 그 어떤 형태의 무력도 서로 사용하지 않을 때 대한 불가침 합의를 재확인하고 엄격히 준수해 나가기로 하였다.
② 남과 북은 군사적 긴장이 해소되고 서로의 군사적 신뢰가 실질적으로 구축되는 데 따라 단계적으로 군축을 실현해 나가기로 하였다.
③ 남과 북은 정전협정체결 65년이 되는 올해에 종전을 선언하고 정전협정을 평화협정으로 전환하며 항구적이고 공고한 평화체제 구축을 위한 남·북·미 3자 또는 남·북·미·중 4자회담 개최를 적극 추진해 나가기로 하였다.
④ 남과 북은 완전한 비핵화를 통해 핵 없는 한반도를 실현한다는 공동의 목표를 확인하였다.
남과 북은 북측이 취하고 있는 주동적인 조치들이 한반도 비핵화를 위해 대단히 의의 있고 중대한 조치라는데 인식을 같이 하고 앞으로 각기 자기의 책임과 역할을 다하기로 하였다.
남과 북은 한반도 비핵화를 위한 국제사회의 지지와 협력을 위해 적극 노력하기로 하였다.
양 정상은 정기적인 회담과 직통전화를 통하여 민족의 중대사를 수시로 진지하게 논의하고 신뢰를 굳건히 하며, 남북관계의 지속적인 발전과 한반도의 평화와 번영, 통일을 향한 좋은 흐름을 더욱 확대해 나가기 위하여 함께 노력하기로 하였다.
당면하여 문재인 대통령은 올해 가을 평양을 방문하기로 하였다.
2018년 4월 27일
판 문 점
대한민국대통령 대통령 문재인, 조선민주인민공화국 국무위원회 위원장 김정은",32,2670
iks_20180427_chosun_news_024,Chosun news 2018 April 27 corpus.txt,Chosun Ilbo,조선일보,news,2018-04-27,2018_april_summit,"""냉면 함께해요"" 남북 정상부부, 만찬 참석 '사상 첫 만남'",,"문재인 대통령 부인 김정숙 여사와 김정은 북한 국무위원장의 부인 리설주 여사가 27일 남북정상회담 기념 만찬에 참여하기 위해 한자리에 모였다.
김 여사는 이날 오후 5시56분쯤 만찬 참석을 위해 판문점 평화의집에 도착했다. 리 여사는 20여분 뒤인 6시18분쯤 평화의집에 도착했다. 두 사람은 격(格)을 맞추기 위해 모두 메르세데스벤츠 S클래스 차량을 타고 왔다. 김 여사는 하늘색 트렌치코트를, 리 여사는 연분홍색 투피스를 입어 태극무늬를 연상케 했다.
두 퍼스트레이디는 이날 오후 6시30분 평화의집 3층에서 열리는 만찬에 참석한다. 김 여사와 리 여사가 평화의집에 들어서자, 기다리고 있던 문 대통령과 김 위원장이 마중을 했다. 문 대통령은 리 여사와 악수를 나누며 인사를 했고, 김 위원장은 김 여사와 악수를 하며 환담을 나눴다.
문 대통령과 김 위원장의 첫 만남에 이어 남북 정상 아내들도 이번에 처음 얼굴을 마주하게 됐다. 그동안 남북 정상의 퍼스트레이디가 서로 만난 것도 이번이 최초다. 앞서 평양에서 열린 1~2차 남북정상회담때도 김대중 전 대통령 부인 이희호 여사와 노무현 전 대통령 부인 권양숙 여사가 동행했다. 하지만 남북 퍼스트레이디 회동은 성사되지 않았다.
김 여사와 이 여사는 ‘음악’이라는 연결고리를 가지고 있다. 김 여사는 경희대 성악과를 졸업했고 서울시립합창단 단원으로 활동했다. 이 여사는 북한 최고 악단인 은하수관현악단과 모란봉6중창단의 가수 출신이다. 이후 2010년 김정은 위원장과 결혼하면서 가수 생활을 접은 것으로 전해졌다
리 여사는 10대 때인 지난 2005년 제16회 인천 아시아육상경기선수권대회 때 북측 청년학생협력단 일원으로 와 응원할 당시 남측 카메라에 잡히기도 했다.
이날 만찬에는 평양 옥류관 평양냉면과 함께 문재인 대통령이 유년시절을 보낸 부산의 달고기 구이(흰살 생선구이)와 김정은 북한 국무위원장이 유학한 곳으로 알려진 스위스의 감자요리 '뢰스티'를 재해석한 감자전 등이 올라온다.
북한측은 현지의 맛을 선보이기 위해 옥류관 수석요리사를 판문점으로 파견하기도 했다. 만찬주로는 면천두견주와 문배술이 나올 예정이다.
이날 만찬에는 김정은 부부 외에도 평창올림픽 당시 삼지연관현악단을 이끌고 방남(訪南)했던 현송월 단장 등 26명의 북측 인사와 우리 측 인사 34명이 참석할 예정이다.","""냉면 함께해요"" 남북 정상부부, 만찬 참석 '사상 첫 만남'
문재인 대통령 부인 김정숙 여사와 김정은 북한 국무위원장의 부인 리설주 여사가 27일 남북정상회담 기념 만찬에 참여하기 위해 한자리에 모였다.
김 여사는 이날 오후 5시56분쯤 만찬 참석을 위해 판문점 평화의집에 도착했다. 리 여사는 20여분 뒤인 6시18분쯤 평화의집에 도착했다. 두 사람은 격(格)을 맞추기 위해 모두 메르세데스벤츠 S클래스 차량을 타고 왔다. 김 여사는 하늘색 트렌치코트를, 리 여사는 연분홍색 투피스를 입어 태극무늬를 연상케 했다.
두 퍼스트레이디는 이날 오후 6시30분 평화의집 3층에서 열리는 만찬에 참석한다. 김 여사와 리 여사가 평화의집에 들어서자, 기다리고 있던 문 대통령과 김 위원장이 마중을 했다. 문 대통령은 리 여사와 악수를 나누며 인사를 했고, 김 위원장은 김 여사와 악수를 하며 환담을 나눴다.
문 대통령과 김 위원장의 첫 만남에 이어 남북 정상 아내들도 이번에 처음 얼굴을 마주하게 됐다. 그동안 남북 정상의 퍼스트레이디가 서로 만난 것도 이번이 최초다. 앞서 평양에서 열린 1~2차 남북정상회담때도 김대중 전 대통령 부인 이희호 여사와 노무현 전 대통령 부인 권양숙 여사가 동행했다. 하지만 남북 퍼스트레이디 회동은 성사되지 않았다.
김 여사와 이 여사는 ‘음악’이라는 연결고리를 가지고 있다. 김 여사는 경희대 성악과를 졸업했고 서울시립합창단 단원으로 활동했다. 이 여사는 북한 최고 악단인 은하수관현악단과 모란봉6중창단의 가수 출신이다. 이후 2010년 김정은 위원장과 결혼하면서 가수 생활을 접은 것으로 전해졌다
리 여사는 10대 때인 지난 2005년 제16회 인천 아시아육상경기선수권대회 때 북측 청년학생협력단 일원으로 와 응원할 당시 남측 카메라에 잡히기도 했다.
이날 만찬에는 평양 옥류관 평양냉면과 함께 문재인 대통령이 유년시절을 보낸 부산의 달고기 구이(흰살 생선구이)와 김정은 북한 국무위원장이 유학한 곳으로 알려진 스위스의 감자요리 '뢰스티'를 재해석한 감자전 등이 올라온다.
북한측은 현지의 맛을 선보이기 위해 옥류관 수석요리사를 판문점으로 파견하기도 했다. 만찬주로는 면천두견주와 문배술이 나올 예정이다.
이날 만찬에는 김정은 부부 외에도 평창올림픽 당시 삼지연관현악단을 이끌고 방남(訪南)했던 현송월 단장 등 26명의 북측 인사와 우리 측 인사 34명이 참석할 예정이다.",9,1142
iks_20180427_chosun_news_025,Chosun news 2018 April 27 corpus.txt,Chosun Ilbo,조선일보,news,2018-04-27,2018_april_summit,김정은 철통경호…“개미도 못 지나가”,,"27일 열린 남북 정상회담에서는 김정은 북한 국무위원장을 호위하는 북한의 철통같은 경호가 곳곳에서 확인됐다.
이날 문재인 대통령과 김정은이 만나기 전인 오전 9시 20분쯤 북측 경호원 2명이 정상회담 장소인 판문점 남측 평화의집 1층 로비로 들어섰다. 이들은 방명록이 놓인 책상 쪽으로 갔다.
경호원 한 명은 분무기로 의자에 소독약을 뿌리고 흰색 천으로 의자 곳곳을 꼼꼼히 닦았다. 방명록도 공중에 들고 소독약을 뿌린 뒤 헝겊으로 닦아 소독했다. 우리 측이 준비한 펜도 소독했다. 다른 경호원 한 명은 검은색 가방을 들고 와 장비를 꺼냈다. 그는 가방에서 꺼낸 헤드폰을 쓰고 검은색 사각 판을 의자와 책상 쪽에 갖다댔다. 폭발물이나 도청장치가 있는지 확인하기 위해서다.
김정은은 오전 9시 40분쯤 평화의집에 도착해 경호원이 소독한 의자에 앉았다. 김정은은 책상 위에 있는 펜을 사용하지 않고 여동생인 김여정 당 중앙위 제1부부장이 별도 케이스에 넣어온 펜을 건네받아 방명록에 글을 남겼다.
일본 아사히신문은 “북한 측 요원들은 안전 과잉이라고도 말할 정도로 김 위원장의 안전에 신경을 썼다”며 “북한은 판문점 주변에 경계 태세를 유지하고 호위총국과 당 행사국이 중심이 돼 김 위원장의 신변 안전에 만전을 기했다”고 전했다.
이날 오전 11시 55분 문재인 대통령과 100분간의 정상회담이 끝난 후 김정은은 국무위원장 로고가 박힌 방탄 벤츠를 타고 판문점 북측으로 향했다. 김정은이 차에 탄 후 양복에 푸른색 스트라이프 넥타이 차림의 경호원 12명이 차량 양옆과 뒷쪽을 에워싸고 차와 함께 달렸다.
AFP는 “북한은 세계에서 가장 통제가 심한 나라지만, 그런 나라치고도 정상에 대한 경호가 철통같다”며 “개미도 지나갈 수 없을 정도”라고 전했다. AFP는 “김정은의 차량 호위를 맡은 경호원들은 체격, 사격술, 무술 실력, 외모까지 까다롭게 선택된 사람들”이라고 전했다.","김정은 철통경호…“개미도 못 지나가”
27일 열린 남북 정상회담에서는 김정은 북한 국무위원장을 호위하는 북한의 철통같은 경호가 곳곳에서 확인됐다.
이날 문재인 대통령과 김정은이 만나기 전인 오전 9시 20분쯤 북측 경호원 2명이 정상회담 장소인 판문점 남측 평화의집 1층 로비로 들어섰다. 이들은 방명록이 놓인 책상 쪽으로 갔다.
경호원 한 명은 분무기로 의자에 소독약을 뿌리고 흰색 천으로 의자 곳곳을 꼼꼼히 닦았다. 방명록도 공중에 들고 소독약을 뿌린 뒤 헝겊으로 닦아 소독했다. 우리 측이 준비한 펜도 소독했다. 다른 경호원 한 명은 검은색 가방을 들고 와 장비를 꺼냈다. 그는 가방에서 꺼낸 헤드폰을 쓰고 검은색 사각 판을 의자와 책상 쪽에 갖다댔다. 폭발물이나 도청장치가 있는지 확인하기 위해서다.
김정은은 오전 9시 40분쯤 평화의집에 도착해 경호원이 소독한 의자에 앉았다. 김정은은 책상 위에 있는 펜을 사용하지 않고 여동생인 김여정 당 중앙위 제1부부장이 별도 케이스에 넣어온 펜을 건네받아 방명록에 글을 남겼다.
일본 아사히신문은 “북한 측 요원들은 안전 과잉이라고도 말할 정도로 김 위원장의 안전에 신경을 썼다”며 “북한은 판문점 주변에 경계 태세를 유지하고 호위총국과 당 행사국이 중심이 돼 김 위원장의 신변 안전에 만전을 기했다”고 전했다.
이날 오전 11시 55분 문재인 대통령과 100분간의 정상회담이 끝난 후 김정은은 국무위원장 로고가 박힌 방탄 벤츠를 타고 판문점 북측으로 향했다. 김정은이 차에 탄 후 양복에 푸른색 스트라이프 넥타이 차림의 경호원 12명이 차량 양옆과 뒷쪽을 에워싸고 차와 함께 달렸다.
AFP는 “북한은 세계에서 가장 통제가 심한 나라지만, 그런 나라치고도 정상에 대한 경호가 철통같다”며 “개미도 지나갈 수 없을 정도”라고 전했다. AFP는 “김정은의 차량 호위를 맡은 경호원들은 체격, 사격술, 무술 실력, 외모까지 까다롭게 선택된 사람들”이라고 전했다.",7,935
iks_20180427_chosun_news_026,Chosun news 2018 April 27 corpus.txt,Chosun Ilbo,조선일보,news,2018-04-27,2018_april_summit,정상회담 만찬서 노래부르는 11세 제주소년 오연준,,"2018 평창동계올림픽 폐막식에서 올림픽 찬가를 청아한 음색으로 감동을 준 오연준(11·사진)군이 남북정상회담 만찬장에서 노래를 부른다.
김의겸 청와대 대변인은 27일 정상회담 만찬 브리핑에서 “이날 만찬장에서 평창 동계올림픽을 통해 맑고 투명한 소리로 잘 알려진 오군이 고(故) 김광석의 '바람이 불어오는 곳'을 부른다”라고 말했다.
김 대변인은 ‘바람이 불어오는 곳’에 대해 “기대와 소망이 있는 곳을 말하며 화합과 평화 번영의 길을 의미한다”라고 했다.
오군은 2016년 Mnet의 동요 창작 프로그램 ‘위키드’에 출연해 아름다운 음색으로 시청자의 사랑을 받았다. 오군이 부른 ‘바람의 빛깔’ 동영상 조회수는 4월 현재 1210만 회에 이른다. 2016년에는 한국인이 가장 많이 본 동영상 8위에 올랐다. 지난해 ‘제주도의 푸른 밤’이라는 디지털 싱글을 발표했고 같은 해 5월 KBS 음악예능프로그램 ‘불후의 명곡'에 출연해 최종 우승하는 등 실력을 갖췄다. 제주도에 사는 초등학생인 오군은 ‘제주소년’이라는 별명을 갖고 있다.","정상회담 만찬서 노래부르는 11세 제주소년 오연준
2018 평창동계올림픽 폐막식에서 올림픽 찬가를 청아한 음색으로 감동을 준 오연준(11·사진)군이 남북정상회담 만찬장에서 노래를 부른다.
김의겸 청와대 대변인은 27일 정상회담 만찬 브리핑에서 “이날 만찬장에서 평창 동계올림픽을 통해 맑고 투명한 소리로 잘 알려진 오군이 고(故) 김광석의 '바람이 불어오는 곳'을 부른다”라고 말했다.
김 대변인은 ‘바람이 불어오는 곳’에 대해 “기대와 소망이 있는 곳을 말하며 화합과 평화 번영의 길을 의미한다”라고 했다.
오군은 2016년 Mnet의 동요 창작 프로그램 ‘위키드’에 출연해 아름다운 음색으로 시청자의 사랑을 받았다. 오군이 부른 ‘바람의 빛깔’ 동영상 조회수는 4월 현재 1210만 회에 이른다. 2016년에는 한국인이 가장 많이 본 동영상 8위에 올랐다. 지난해 ‘제주도의 푸른 밤’이라는 디지털 싱글을 발표했고 같은 해 5월 KBS 음악예능프로그램 ‘불후의 명곡'에 출연해 최종 우승하는 등 실력을 갖췄다. 제주도에 사는 초등학생인 오군은 ‘제주소년’이라는 별명을 갖고 있다.",4,522
iks_20180427_chosun_news_027,Chosun news 2018 April 27 corpus.txt,Chosun Ilbo,조선일보,news,2018-04-27,2018_april_summit,中 “두 정상 역사적 첫발에 박수…긍정적 성과 거두길”,,"중국 외교부는 27일 남북정상회담과 관련, “중국은 남북 정상이 역사적인 첫발을 내디딘 데 대해 박수를 보내고 두 정상의 정치적 결단과 용기를 높이 평가한다”고 밝혔다.
연합뉴스에 따르면, 화춘잉(華春瑩·사진) 중국 외교부 대변인은 이날 정례 브리핑에서 “우리는 TV를 통해 오늘 오전 남북 정상이 군사분계선을 넘어서는 역사적인 회담의 첫 순간을 봤다”면서 이 같이 말했다.
화 대변인은 ‘어려움을 겪던 형제도 서로 만나 한번 웃으면 원한을 다 씻어버릴 수 있다’라는 중국 대문호 루쉰의 시구를 인용하면서 “중국은 역사적인 이번 회담이 긍정적인 성과를 거두기를 진심으로 바란다”고 강조했다.
앞서 중국 외교부는 전날에도 “한반도 문제에서 계속 좋은 소식이 들려오고 또 이를 통해 문제 해결의 올바른 길이 열리기를 바란다”며 “이번 회담에서 양국이 성공을 거두기를 희망한다”고 밝힌 바 있다.
이날 중국 언론들도 중국 관영 CCTV를 포함해, 신화통신 등 대다수 언론이 남북정상회담을 생중계하며 비중이게 보도하고 있다. 신화통신은 중국 매체 중 최초로 남북 정상회담 공동취재단에 포함된 가운데, ‘김정은, 38선 넘었다’는 제목의 기사를 메인 기사에 포함했다. 봉황망 등 주요 언론들은 역시 양국 정상의 출발부터 군사분계선에서의 만남 등을 실시간 중계했다.
또 문재인 대통령과 김정은 국무위원장의 발언 등 일거수일투족을 자세히 보도하면서, 양국 정상 회담 결과에 대해서는 아직은 평화 협정 체결 등 어떤 결과가 나올지 예측하기 어렵다는 관측을 내놨다.
남·북, 북·미 정상회담 이후 북한이 중국의 ‘개혁개방’을 벤치마킹할 것이라는 전망도 나온다. 중국 관영 글로벌타임스는 “이날 중국 인터넷에서는 벌써 대북 투자붐이 일고 있다”면서 “북한이 지난 20일 당 대회에서 강력한 사회주의 경제 건설에 노력을 집중하겠다고 선포한 데 이어 최근 비핵화 의지를 내비치면서 향후 유엔의 대북제재가 완화될 것이라는 예상이 이런 전망을 부추기고 있다”고 전했다.","中 “두 정상 역사적 첫발에 박수…긍정적 성과 거두길”
중국 외교부는 27일 남북정상회담과 관련, “중국은 남북 정상이 역사적인 첫발을 내디딘 데 대해 박수를 보내고 두 정상의 정치적 결단과 용기를 높이 평가한다”고 밝혔다.
연합뉴스에 따르면, 화춘잉(華春瑩·사진) 중국 외교부 대변인은 이날 정례 브리핑에서 “우리는 TV를 통해 오늘 오전 남북 정상이 군사분계선을 넘어서는 역사적인 회담의 첫 순간을 봤다”면서 이 같이 말했다.
화 대변인은 ‘어려움을 겪던 형제도 서로 만나 한번 웃으면 원한을 다 씻어버릴 수 있다’라는 중국 대문호 루쉰의 시구를 인용하면서 “중국은 역사적인 이번 회담이 긍정적인 성과를 거두기를 진심으로 바란다”고 강조했다.
앞서 중국 외교부는 전날에도 “한반도 문제에서 계속 좋은 소식이 들려오고 또 이를 통해 문제 해결의 올바른 길이 열리기를 바란다”며 “이번 회담에서 양국이 성공을 거두기를 희망한다”고 밝힌 바 있다.
이날 중국 언론들도 중국 관영 CCTV를 포함해, 신화통신 등 대다수 언론이 남북정상회담을 생중계하며 비중이게 보도하고 있다. 신화통신은 중국 매체 중 최초로 남북 정상회담 공동취재단에 포함된 가운데, ‘김정은, 38선 넘었다’는 제목의 기사를 메인 기사에 포함했다. 봉황망 등 주요 언론들은 역시 양국 정상의 출발부터 군사분계선에서의 만남 등을 실시간 중계했다.
또 문재인 대통령과 김정은 국무위원장의 발언 등 일거수일투족을 자세히 보도하면서, 양국 정상 회담 결과에 대해서는 아직은 평화 협정 체결 등 어떤 결과가 나올지 예측하기 어렵다는 관측을 내놨다.
남·북, 북·미 정상회담 이후 북한이 중국의 ‘개혁개방’을 벤치마킹할 것이라는 전망도 나온다. 중국 관영 글로벌타임스는 “이날 중국 인터넷에서는 벌써 대북 투자붐이 일고 있다”면서 “북한이 지난 20일 당 대회에서 강력한 사회주의 경제 건설에 노력을 집중하겠다고 선포한 데 이어 최근 비핵화 의지를 내비치면서 향후 유엔의 대북제재가 완화될 것이라는 예상이 이런 전망을 부추기고 있다”고 전했다.",7,976
iks_20180427_chosun_news_028,Chosun news 2018 April 27 corpus.txt,Chosun Ilbo,조선일보,news,2018-04-27,2018_april_summit,"文·金, 53년생 소나무 심어…식수 후 36분 '밀담'",,"문재인 대통령과 김정은 북한 국무위원장이 27일 군사분계선(MDL) 위에 소나무를 심었다. 두 정상은 식수행사 후 '도보다리'까지 함께 걸어가 배석자 없이 36분간 대화했다.
두 정상은 이날 오전 첫 번째 정상회담을 한 뒤 각자 오찬과 휴식시간을 가지고 오후 4시 27분쯤 공동 기념식수 일정을 진행했다. 공동식수는 우리 측이 제안했고 북측이 수종과 표지석 문구 등을 모두 수락해 성사됐다.
기념식수에 쓰인 나무는 정전협정이 체결된 1953년에 태어난 소나무로, 고(故) 정주영 명예회장이 지난 1998년 소 떼를 몰고 고향을 방북했던 MDL 인근 '소 떼 길'에 심어졌다. 당시 정 명예회장 일행은 판문점 북측 경비병 휴게소 오른쪽 공터를 통해 북한으로 들어갔다.
양 정상은 '합토합수'(合土合水) 의식도 진행했다. 문 대통령은 백두산 흙을, 김정은은 한라산 흙을 뿌렸고, 그 후에는 문 대통령이 대동강 물을, 김정은은 한강물을 뿌렸다. 식수 표지석에는 '평화와 번영을 심다'라는 문구와 함께 남북 정상의 서명이 새겨졌다.
이날 오후 4시 36분쯤 공동식수를 끝낸 뒤 문 대통령과 김정은은 MDL 표식물이 있는 '도보다리'까지 함께 걸어갔다. 망원렌즈를 통해서 30분 넘게 생중계된 모습에서는 문 대통령이 주로 말을 하고, 김정은이 주로 경청하는 모습이 포착됐다. 김정은은 고개를 끄덕이다가, 때로는 길게 답하는 모습도 보였다. 거리가 멀어서 영상에는 두 사람 목소리는 잡히지 않았고, 새소리와 바람소리만 녹음됐다.
산책로 끝에는 두 사람의 대화를 위해 테이블이 설치됐고, 물과 커피, 간단한 디저트류도 마련됐다. 문 대통령은 가끔 커피를 마시는 모습이 보였지만, 김정은은 디저트는 물론 물도 마시지 않고 대화에 집중했다. 두 사람이 대화를 나눈 '도보다리'는 군사분계선을 표시한 곳까지 목재데크로 두 정상간 산책을 위해 새로 만들어졌다. 유엔의 상징색과 비슷한 하늘색 페인트로 칠해졌다.
두 정상은 도보다리에서 회담장으로 옮겨 오후 회담을 하면서 '판문점 선언'에 관한 최종 합의를 할 예정이다.","文·金, 53년생 소나무 심어…식수 후 36분 '밀담'
문재인 대통령과 김정은 북한 국무위원장이 27일 군사분계선(MDL) 위에 소나무를 심었다. 두 정상은 식수행사 후 '도보다리'까지 함께 걸어가 배석자 없이 36분간 대화했다.
두 정상은 이날 오전 첫 번째 정상회담을 한 뒤 각자 오찬과 휴식시간을 가지고 오후 4시 27분쯤 공동 기념식수 일정을 진행했다. 공동식수는 우리 측이 제안했고 북측이 수종과 표지석 문구 등을 모두 수락해 성사됐다.
기념식수에 쓰인 나무는 정전협정이 체결된 1953년에 태어난 소나무로, 고(故) 정주영 명예회장이 지난 1998년 소 떼를 몰고 고향을 방북했던 MDL 인근 '소 떼 길'에 심어졌다. 당시 정 명예회장 일행은 판문점 북측 경비병 휴게소 오른쪽 공터를 통해 북한으로 들어갔다.
양 정상은 '합토합수'(合土合水) 의식도 진행했다. 문 대통령은 백두산 흙을, 김정은은 한라산 흙을 뿌렸고, 그 후에는 문 대통령이 대동강 물을, 김정은은 한강물을 뿌렸다. 식수 표지석에는 '평화와 번영을 심다'라는 문구와 함께 남북 정상의 서명이 새겨졌다.
이날 오후 4시 36분쯤 공동식수를 끝낸 뒤 문 대통령과 김정은은 MDL 표식물이 있는 '도보다리'까지 함께 걸어갔다. 망원렌즈를 통해서 30분 넘게 생중계된 모습에서는 문 대통령이 주로 말을 하고, 김정은이 주로 경청하는 모습이 포착됐다. 김정은은 고개를 끄덕이다가, 때로는 길게 답하는 모습도 보였다. 거리가 멀어서 영상에는 두 사람 목소리는 잡히지 않았고, 새소리와 바람소리만 녹음됐다.
산책로 끝에는 두 사람의 대화를 위해 테이블이 설치됐고, 물과 커피, 간단한 디저트류도 마련됐다. 문 대통령은 가끔 커피를 마시는 모습이 보였지만, 김정은은 디저트는 물론 물도 마시지 않고 대화에 집중했다. 두 사람이 대화를 나눈 '도보다리'는 군사분계선을 표시한 곳까지 목재데크로 두 정상간 산책을 위해 새로 만들어졌다. 유엔의 상징색과 비슷한 하늘색 페인트로 칠해졌다.
두 정상은 도보다리에서 회담장으로 옮겨 오후 회담을 하면서 '판문점 선언'에 관한 최종 합의를 할 예정이다.",7,1007
iks_20180427_chosun_news_029,Chosun news 2018 April 27 corpus.txt,Chosun Ilbo,조선일보,news,2018-04-27,2018_april_summit,"中 ""남북 정상회담 한반도 안정 위한 새 장정 열기 기대""",,"중국 외교부는 27일 “(남북이) 판문점에서의 역사적인 회담을 계기로 한반도 장기안정의 새로운 장정을 열기를 기대한다”고 밝혔다.
화춘잉(華春瑩) 외교부 대변인은 이날 오후 정례 브리핑에서 남북 정상회담에 대한 논평을 요구받고 “우리 모두는 TV를 통해 오늘 오전 남북 지도자가 판문점 군사분계선을 넘어 악수를 하는 역사적인 순간을 봤다”며 “남북 정상의 역사적인 첫 걸음에 박수를 보낸다”고 말했다.
화 대변인은 “남북정상이 보여준 정치적 결단과 용기를 높이 평가한다”며 “충심으로 이번 회담이 적극적인 성과를 거두기를 바란다”고 덧붙였다. 화 대변인은 '어려움을 겪던 형제도 서로 만나 한번 웃으면 원한을 다 씻어버릴 수 있다(度盡劫波兄弟在, 相逢一笑泯恩仇.⋅도진겁파형제재, 상봉일소민은수)'라는 중국 대문호 루쉰(魯迅·1881∼1936)의 시구를 인용하기도 했다.
중국에서는 관영 CCTV와 신화통신은 물론 바이두 텐센트 인터넷매체들도 현장 생중계를 내보내는 등 높은 관심을 보였다. CCTV는 남쪽 군사분계선 인근 대성동 자유촌을 최근 취재한 보도를 통해 이 마을의 위협은 북으로부터 오는 게 아니고 젊은이들이 도시로 빠져나가는 데 있다고 전하기도 했다.
중국 네티즌들도 높은 관심을 보였다. 중국판 트위터인 신랑웨이보 등에 링크된 관련 기사에는 “나도 모르게 눈물이 났다” “남북이 더 빨리 영구 평화를 실현하기를 기원한다” “뒷마당이 안정됐으니 안심하고 중화민족의 위대한 부흥을 실현하자” 등의 댓글이 달렸다.
하지만 “남북통일이 중국에 대한 위협을 키울 것” “분열된 반도가 좋은 반도” “중국 미국 러시아가 남북이 통일 되도록 하지 않을 것” 등의 시각도 보였다.
대만 통일을 기대하는 목소리도 많았다. “베를린 장벽이 무너지고 3.8선도 모호해졌다. 대만 해협을 넘어가서 오래 떨어진 아이(대만)가 모친(중국)의 품으로 돌아가도록 하기를 원한다.” “양안 통일이 가능해졌다”등이 그것이다.
중국판 카카오톡인 위챗에서도 역사적 순간이라며 문재인 대통령과 김정은 북한 국무위원장이 악수하는 영상과 사진 등을 잇따라 링크했다.","中 ""남북 정상회담 한반도 안정 위한 새 장정 열기 기대""
중국 외교부는 27일 “(남북이) 판문점에서의 역사적인 회담을 계기로 한반도 장기안정의 새로운 장정을 열기를 기대한다”고 밝혔다.
화춘잉(華春瑩) 외교부 대변인은 이날 오후 정례 브리핑에서 남북 정상회담에 대한 논평을 요구받고 “우리 모두는 TV를 통해 오늘 오전 남북 지도자가 판문점 군사분계선을 넘어 악수를 하는 역사적인 순간을 봤다”며 “남북 정상의 역사적인 첫 걸음에 박수를 보낸다”고 말했다.
화 대변인은 “남북정상이 보여준 정치적 결단과 용기를 높이 평가한다”며 “충심으로 이번 회담이 적극적인 성과를 거두기를 바란다”고 덧붙였다. 화 대변인은 '어려움을 겪던 형제도 서로 만나 한번 웃으면 원한을 다 씻어버릴 수 있다(度盡劫波兄弟在, 相逢一笑泯恩仇.⋅도진겁파형제재, 상봉일소민은수)'라는 중국 대문호 루쉰(魯迅·1881∼1936)의 시구를 인용하기도 했다.
중국에서는 관영 CCTV와 신화통신은 물론 바이두 텐센트 인터넷매체들도 현장 생중계를 내보내는 등 높은 관심을 보였다. CCTV는 남쪽 군사분계선 인근 대성동 자유촌을 최근 취재한 보도를 통해 이 마을의 위협은 북으로부터 오는 게 아니고 젊은이들이 도시로 빠져나가는 데 있다고 전하기도 했다.
중국 네티즌들도 높은 관심을 보였다. 중국판 트위터인 신랑웨이보 등에 링크된 관련 기사에는 “나도 모르게 눈물이 났다” “남북이 더 빨리 영구 평화를 실현하기를 기원한다” “뒷마당이 안정됐으니 안심하고 중화민족의 위대한 부흥을 실현하자” 등의 댓글이 달렸다.
하지만 “남북통일이 중국에 대한 위협을 키울 것” “분열된 반도가 좋은 반도” “중국 미국 러시아가 남북이 통일 되도록 하지 않을 것” 등의 시각도 보였다.
대만 통일을 기대하는 목소리도 많았다. “베를린 장벽이 무너지고 3.8선도 모호해졌다. 대만 해협을 넘어가서 오래 떨어진 아이(대만)가 모친(중국)의 품으로 돌아가도록 하기를 원한다.” “양안 통일이 가능해졌다”등이 그것이다.
중국판 카카오톡인 위챗에서도 역사적 순간이라며 문재인 대통령과 김정은 북한 국무위원장이 악수하는 영상과 사진 등을 잇따라 링크했다.",8,1028
iks_20180427_chosun_news_030,Chosun news 2018 April 27 corpus.txt,Chosun Ilbo,조선일보,news,2018-04-27,2018_april_summit,"금속탐지기까지 등장한 남북회담 프레스센터 ""총·폭탄 반입금지""",,"“삐삐~ 양 팔 벌려주세요. 스마트폰 바구니에 넣어주세요.”
27일 경기도 고양시 킨텍스 2018 남북정상회담 프레스센터 정문. 인천국제공항에서 수속을 밟는 것처럼 삼엄한 보안이 눈에 띄었다. 입구에는 높이 2.1m의 금속탐지기 6대가 설치됐다. 금속탐지기에는 ‘일산경찰서’라고 쓰인 스티커가 붙어있었다. 이어 3명 1개조로 편성된 경찰은 기자가 메고 온 가방은 물론 주머니 속에 있던 지갑과 스마트폰까지 꼼꼼하게 살펴봤다. 보안검사를 담당하던 경찰은 “만일에 사태를 대비하기 위해 총기나 폭발물 반입을 살펴보는 것”이라고 말했다.
남북정상회담 프레스센터에는 전 세계 41개국 360개 언론사에서 온 기자 2850명(26일 기준)이 모였다. 1만 773㎡(약 3259평) 규모의 킨텍스 3홀이 기자들로 가득찼다. 세계적으로 주목받고 있는 남북한 이슈인 만큼 수많은 사람들이 몰리면서 안전성 확보도 주요 사안이다. 정부가 프레스센터 공사를 비공개로 한 것도 이 같은 배경 탓이다.
이날 보안검사와 현장 경비는 경기북부지방경찰청, 광주지방경찰청, 전북지방경찰청, 부산지방경찰청 등 각 지방청에서 차출된 경비 경찰 360명이 투입됐다. 회담 전날인 어제(26일·220명)보다 140명(63%) 늘었다. 근무는 24시간 비상 대기 체제로 입구 보안검사를 비롯해 행사장 주변 순찰, 교통 정리 업무도 맡는다.
이번 행사는 사전에 청와대에 신상정보와 매체정보를 담은 취재지원서를 제출한 뒤 허가된 매체와 기자만이 프레스센터에 들어갈 수 있다 프레스카드를 받기 위해서는 신분증을 지참한 뒤 행사장 1층 기자지원 데스크에서 신분확인 절차를 받아야한다. 현장등록도 가능하지만 정부로부터 받은 취재인증서를 지참해야 한다.
프레스카드를 받은 기자들이 프레스센터에 들어가기 위해서는 총 3단계 보안관문을 통과해야 한다. 먼저 프레스센터 입구로 걸어가면 카메라가 사진을 찍어 얼굴을 인식한다. 사전에 등록된 사진과 현장 사진을 비교해, 얼굴이 다를 경우 경고메시지가 표시된다.
이후 금속탐지기를 통과해야 하고 소지품은 모두 바구니에 넣어 경찰들의 검사를 받야한다. 이어서 휴대용 금속탐지기를 가진 경찰이 주머니, 발목, 허벅지, 허리 등 몸 구석구석을 수색한 뒤 이상이 없어야만 통과가 가능했다.
경찰 관계자는 “이번 행사를 위해 특별 보안 교육을 받았고 행사의 안전을 위해 경비 보안 업무에 힘쓰고 있다”며 “물론 힘들지만 국가의 큰 행사에 함께한다는 면에서 보람이 있다”고 말했다.","금속탐지기까지 등장한 남북회담 프레스센터 ""총·폭탄 반입금지""
“삐삐~ 양 팔 벌려주세요. 스마트폰 바구니에 넣어주세요.”
27일 경기도 고양시 킨텍스 2018 남북정상회담 프레스센터 정문. 인천국제공항에서 수속을 밟는 것처럼 삼엄한 보안이 눈에 띄었다. 입구에는 높이 2.1m의 금속탐지기 6대가 설치됐다. 금속탐지기에는 ‘일산경찰서’라고 쓰인 스티커가 붙어있었다. 이어 3명 1개조로 편성된 경찰은 기자가 메고 온 가방은 물론 주머니 속에 있던 지갑과 스마트폰까지 꼼꼼하게 살펴봤다. 보안검사를 담당하던 경찰은 “만일에 사태를 대비하기 위해 총기나 폭발물 반입을 살펴보는 것”이라고 말했다.
남북정상회담 프레스센터에는 전 세계 41개국 360개 언론사에서 온 기자 2850명(26일 기준)이 모였다. 1만 773㎡(약 3259평) 규모의 킨텍스 3홀이 기자들로 가득찼다. 세계적으로 주목받고 있는 남북한 이슈인 만큼 수많은 사람들이 몰리면서 안전성 확보도 주요 사안이다. 정부가 프레스센터 공사를 비공개로 한 것도 이 같은 배경 탓이다.
이날 보안검사와 현장 경비는 경기북부지방경찰청, 광주지방경찰청, 전북지방경찰청, 부산지방경찰청 등 각 지방청에서 차출된 경비 경찰 360명이 투입됐다. 회담 전날인 어제(26일·220명)보다 140명(63%) 늘었다. 근무는 24시간 비상 대기 체제로 입구 보안검사를 비롯해 행사장 주변 순찰, 교통 정리 업무도 맡는다.
이번 행사는 사전에 청와대에 신상정보와 매체정보를 담은 취재지원서를 제출한 뒤 허가된 매체와 기자만이 프레스센터에 들어갈 수 있다 프레스카드를 받기 위해서는 신분증을 지참한 뒤 행사장 1층 기자지원 데스크에서 신분확인 절차를 받아야한다. 현장등록도 가능하지만 정부로부터 받은 취재인증서를 지참해야 한다.
프레스카드를 받은 기자들이 프레스센터에 들어가기 위해서는 총 3단계 보안관문을 통과해야 한다. 먼저 프레스센터 입구로 걸어가면 카메라가 사진을 찍어 얼굴을 인식한다. 사전에 등록된 사진과 현장 사진을 비교해, 얼굴이 다를 경우 경고메시지가 표시된다.
이후 금속탐지기를 통과해야 하고 소지품은 모두 바구니에 넣어 경찰들의 검사를 받야한다. 이어서 휴대용 금속탐지기를 가진 경찰이 주머니, 발목, 허벅지, 허리 등 몸 구석구석을 수색한 뒤 이상이 없어야만 통과가 가능했다.
경찰 관계자는 “이번 행사를 위해 특별 보안 교육을 받았고 행사의 안전을 위해 경비 보안 업무에 힘쓰고 있다”며 “물론 힘들지만 국가의 큰 행사에 함께한다는 면에서 보람이 있다”고 말했다.",8,1210
iks_20180427_chosun_news_031,Chosun news 2018 April 27 corpus.txt,Chosun Ilbo,조선일보,news,2018-04-27,2018_april_summit,"MB·박근혜도 시청했을까…구치소, 남북정상회담 실시간 방영",,"11년 만에 개최된 남북정상회담이 구치소 수용자들에게도 실시간으로 중계됐다.
법무부는 27일 오전 전국 교정시설에서 실시하는 자체방송을 중단하고 남북정상회담 중계방송을 긴급 편성해 방영했다고 밝혔다. 법무부 관계자는 ""수용자들은 남북정상회담 과정을 관심있게 지켜보며 성공적인 남북정상회담 개최를 함께 응원했고, 나아가 평화통일로 이어지길 기원했다""고 말했다.
박근혜 전 대통령과 이명박 전 대통령이 각각 수감 중인 서울구치소와 서울동부구치소에서도 이날 남북정상회담 중계방송을 방영했다. 서울구치소의 한 탈북민 수용자는 ""출소가 얼마 남지 않았는데 사회에 나갔을 때 우리 대한민국이 하나가 되어 북에 두고 온 가족을 꼭 만나고 싶다""고 말했다고 법무부는 전했다.
교정당국은 국가 주요 행사나 전 국민적 관심이 쏠린 스포츠 경기 등을 시설 내에 생방송하고 있다. 박상기 법무부 장관은 “어느때보다 평화 통일에 대한 국민적 관심이 뜨거울 때, 담장 안 수용자도 역사적 순간을 함께 지켜보며 전 국민적 염원에 힘을 보탤 수 있는 뜻깊은 시간이 될 수 있도록 하겠다”고 말했다.","MB·박근혜도 시청했을까…구치소, 남북정상회담 실시간 방영
11년 만에 개최된 남북정상회담이 구치소 수용자들에게도 실시간으로 중계됐다.
법무부는 27일 오전 전국 교정시설에서 실시하는 자체방송을 중단하고 남북정상회담 중계방송을 긴급 편성해 방영했다고 밝혔다. 법무부 관계자는 ""수용자들은 남북정상회담 과정을 관심있게 지켜보며 성공적인 남북정상회담 개최를 함께 응원했고, 나아가 평화통일로 이어지길 기원했다""고 말했다.
박근혜 전 대통령과 이명박 전 대통령이 각각 수감 중인 서울구치소와 서울동부구치소에서도 이날 남북정상회담 중계방송을 방영했다. 서울구치소의 한 탈북민 수용자는 ""출소가 얼마 남지 않았는데 사회에 나갔을 때 우리 대한민국이 하나가 되어 북에 두고 온 가족을 꼭 만나고 싶다""고 말했다고 법무부는 전했다.
교정당국은 국가 주요 행사나 전 국민적 관심이 쏠린 스포츠 경기 등을 시설 내에 생방송하고 있다. 박상기 법무부 장관은 “어느때보다 평화 통일에 대한 국민적 관심이 뜨거울 때, 담장 안 수용자도 역사적 순간을 함께 지켜보며 전 국민적 염원에 힘을 보탤 수 있는 뜻깊은 시간이 될 수 있도록 하겠다”고 말했다.",4,542
iks_20180427_chosun_news_032,Chosun news 2018 April 27 corpus.txt,Chosun Ilbo,조선일보,news,2018-04-27,2018_april_summit,남북정상 만찬에 현송월·탁현민 등 60명 참석,"환영만찬에 북한 노동당 중앙위 인사들도 대거 참석
경제 분야에서 장하성 靑정책실장, 박용만 상의회장 참석","문재인 대통령과 김정숙 여사는 27일 오후 6시30분부터 김정은 국무위원장, 부인 리설주와 만찬을 갖는다. 이날 만찬에는 김정은 부부 외에도 평창올림픽 당시 삼지연관현악단을 이끌고 방남(訪南)했던 현송월 단장 등 26명의 북측 인사와 우리 측 인사 34명이 참석할 예정이다.
청와대 김의견 대변인은 이날 브리핑에서 “김정은 위원장 부부를 포함해 김영남 최고인민위원회 상임위원장과 김여정 당 중앙위원회 제1부부장, 김영철 당중앙위원회 부위원장 외에도 현송월 단장 등 총 26명이 만찬에 참석한다”며 “주로 남쪽 방문 경험이 있어 우리와 친숙하거나, 김정은 국무위원장을 가까이 보좌하는 핵심 인물로 구성했다”고 했다.
이날 오전 환영식에 참석한 공식 수행원 9명 중 리명수 총참모장, 박영식 인민무력상, 리용호 외무상은 북한으로 돌아가 만찬에는 불참한다.
우리측에서는 문 대통령 내외를 포함한 34명이 만찬에 참석할 예정이다. 더불어민주당 추미애 대표, 우원식 원내대표와 박지원 민주평화당 의원이 포함됐다.
도종환 문화체육부 장관, 김현미 국토교통부 장관, 박용만 대한상공회의소회장, 정세현 한반도평화포럼 이사장, 이종석 세종연구소 수석연구원, 문정인 대통령 통일외교안보특보, 청와대 장하성 정책실장, 탁현민 선임행정관 등도 만찬에 참석한다.
우리측에서는 최근 평양에서 공연을 했던 가수 조용필씨와 윤도현씨도 만찬 대상에 포함됐다.
북한측에서는 김영남 최고인민회의 상임위원장, 리선권 조국평화통일위원회 위원장은 물론 노동당 중앙위원회 인사들이 대거 만찬 참석자로 이름을 올렸다.
당 중앙위 김영철, 최휘, 리수용 부위원장, 김여정, 김성남 제1부부장, 한광상 부장, 리택건, 맹경일, 조용원, 권혁봉, 김병호 부부장, 김성혜, 리현, 리명철 실장이 이날 만찬에 참석할 계획이다.
국무위원회 김창선 부장, 김용남 부부장, 마원춘, 강수 국장, 삼지연관현악단 현송월 단장, 장룡식 지휘자, 차영미 모란복전자악단 연주가, 만수대예술단 성악배우가 만찬 참석자로 이름을 올렸다.
북한측 공연자로는 삼지연관현악단 소속 김수명 배우, 김성심, 김주향, 송영 성악배우, 우혜영, 주련옥, 정은경, 여심, 홍윤미 배우, 김광철, 김지향 유술(마술)배우가 이름을 올렸다.","남북정상 만찬에 현송월·탁현민 등 60명 참석
환영만찬에 북한 노동당 중앙위 인사들도 대거 참석
경제 분야에서 장하성 靑정책실장, 박용만 상의회장 참석
문재인 대통령과 김정숙 여사는 27일 오후 6시30분부터 김정은 국무위원장, 부인 리설주와 만찬을 갖는다. 이날 만찬에는 김정은 부부 외에도 평창올림픽 당시 삼지연관현악단을 이끌고 방남(訪南)했던 현송월 단장 등 26명의 북측 인사와 우리 측 인사 34명이 참석할 예정이다.
청와대 김의견 대변인은 이날 브리핑에서 “김정은 위원장 부부를 포함해 김영남 최고인민위원회 상임위원장과 김여정 당 중앙위원회 제1부부장, 김영철 당중앙위원회 부위원장 외에도 현송월 단장 등 총 26명이 만찬에 참석한다”며 “주로 남쪽 방문 경험이 있어 우리와 친숙하거나, 김정은 국무위원장을 가까이 보좌하는 핵심 인물로 구성했다”고 했다.
이날 오전 환영식에 참석한 공식 수행원 9명 중 리명수 총참모장, 박영식 인민무력상, 리용호 외무상은 북한으로 돌아가 만찬에는 불참한다.
우리측에서는 문 대통령 내외를 포함한 34명이 만찬에 참석할 예정이다. 더불어민주당 추미애 대표, 우원식 원내대표와 박지원 민주평화당 의원이 포함됐다.
도종환 문화체육부 장관, 김현미 국토교통부 장관, 박용만 대한상공회의소회장, 정세현 한반도평화포럼 이사장, 이종석 세종연구소 수석연구원, 문정인 대통령 통일외교안보특보, 청와대 장하성 정책실장, 탁현민 선임행정관 등도 만찬에 참석한다.
우리측에서는 최근 평양에서 공연을 했던 가수 조용필씨와 윤도현씨도 만찬 대상에 포함됐다.
북한측에서는 김영남 최고인민회의 상임위원장, 리선권 조국평화통일위원회 위원장은 물론 노동당 중앙위원회 인사들이 대거 만찬 참석자로 이름을 올렸다.
당 중앙위 김영철, 최휘, 리수용 부위원장, 김여정, 김성남 제1부부장, 한광상 부장, 리택건, 맹경일, 조용원, 권혁봉, 김병호 부부장, 김성혜, 리현, 리명철 실장이 이날 만찬에 참석할 계획이다.
국무위원회 김창선 부장, 김용남 부부장, 마원춘, 강수 국장, 삼지연관현악단 현송월 단장, 장룡식 지휘자, 차영미 모란복전자악단 연주가, 만수대예술단 성악배우가 만찬 참석자로 이름을 올렸다.
북한측 공연자로는 삼지연관현악단 소속 김수명 배우, 김성심, 김주향, 송영 성악배우, 우혜영, 주련옥, 정은경, 여심, 홍윤미 배우, 김광철, 김지향 유술(마술)배우가 이름을 올렸다.",10,1091
iks_20180427_chosun_news_033,Chosun news 2018 April 27 corpus.txt,Chosun Ilbo,조선일보,news,2018-04-27,2018_april_summit,남북정상회담서 종전 논의?... 정전·휴전·종전 차이는,"2000, 2007년 이은 세번째 南北 정상회담
한국전쟁 南 빠진 정전협정→사실상 휴전
전문가들 “北 비핵화 의지 확인해야 진전”","2000년과 2007년에 이은 역사상 세 번째 남북정상회담이 27일 열렸다. 이번 회담의 결과물인 남북정상 합의문에 북한의 ‘비핵화 의지’가 명시적으로 담긴다면 평화협정으로 이어지는 징검다리가 될 것이라는 기대감이 커지고 있다.
지난 18일에는 도널드 트럼프 미국 대통령이 “남북의 종전 논의를 축복한다”고 했다. 문재인 대통령은 20일 “정전 체제를 끝내고 종전 선언을 거쳐 평화협정의 체결로 가자”고 했다. 정전⋅휴전⋅종전⋅평화협정의 의미와 법률적 차이는 무엇일까.
남과 북은 정전(停戰) 상태일까, 휴전(休戰)상태일까. 정전이란 ‘전쟁 중인 나라들이 서로 합의해 일시적으로 전투를 중단하는 일’을 뜻한다. 교전 당사국들이 정치적 합의를 이루기 어려운 경우가 많기 때문에 국제기구가 개입하는 경우가 많다. 휴전은 ‘전쟁은 계속되지만 전쟁 당사국의 합의를 통해 적대 행위는 중단하는 상태’를 뜻한다. 전쟁의 종료를 선언하는 종전협정의 전(前) 단계다. 정전과 휴전 모두 법률적으로 보면 전쟁이 계속되고 있는 것을 의미한다.
1950년 6월 25일 개전(開戰)한 한국전쟁은 1953년 7월 27일 정전협정을 맺었다. 유엔군과 조선인민군, 중국인민해방군이 협정을 체결했다. 국제법상 평상시 조약 체결에는 당사국 의회 등의 비준이 필요하지만, 전쟁 중 조약 체결은 군사령관의 서명만으로 비준이 완료된 것으로 본다.
한국은 이승만 전 대통령이 정전협정을 반대했기 때문에 정전협정의 당사자에 포함되지 않았다. 다만 한국군이 미군에 절대적으로 의존하는 상태였기 때문에 미군이 정전협정을 체결한 이상 한국군에게도 효력이 미친다는 주장이 우세하다. 하지만 한국군이 당사자로 참여하지 않았기 때문에 법적 효력이 없다는 반론도 있다.
남북한은 20여년 뒤인 1972년 전쟁 이후 첫 남북회담을 갖고 7·4 남북공동성명을 발표했다. 7·4 남북공동성명은 자주·평화·민족단결이라는 3대 원칙을 제시했다. “남북 사이의 긴장상태를 완화하고 크고 작은 것을 막론하고 무장도발을 하지 않으며, 불의의 군사적 충돌사건을 방지하기 위한 적극적인 조치를 취하기로 합의한다”는 내용이 포함됐다.
남과 북이 한 발 더 나아간 것은 1991년이다. 양측은 그해 12월 13일 채택한 ‘남북 사이의 화해와 불가침 및 교류·협력에 관한 합의서’를 통해 상호 불가침(不可侵)을 합의한다. 1953년 정전협정을 맺은 뒤 실질적 휴전상태에 들어가기까지 38년이 걸린 것이다.
그로부터 다시 27년이 지난 2018년, 남과 북은 전쟁을 끝낸다는 합의인 ‘종전(終戰)협정’의 문턱에 와있다. 4·27 남북정상회담에서 이에 대한 논의가 이뤄질 지를 놓고 세계의 관심이 쏠려있다. 그러나 종전협정까지는 갈 길이 멀다는 게 전문가들의 분석이다. 엄밀히 따지면 우리나라는 북한과 정전협정을 맺은 적이 없기 때문에 다음 단계인 종전협상의 당사자가 아니라는 반박 때문이다. 반면 남북기본합의서를 근거로 사실상의 휴전협정이 이뤄졌고, 남과 북의 대결구도였기 때문에 종전협정의 당사국이 될 수 있다는 주장도 있다.
협정보다 구속력이 약한 종전선언을 하기 위해서라도 풀어야 할 숙제가 적지 않다. 판문점 공동경비구역(JSA) 관할 경비부대 파견 및 운영, 비무장지대(DMZ) 내 경계초소 운영 등을 담당하는 유엔군사령부 해체 문제나 주한미군 철수 등에 대한 논의가 선제적으로 필요하다는 지적이 나온다.
평화협정에 대한 논의는 그 다음이다. 평화협정은 전쟁을 종결하고 평화 체제를 구축하기 위해 맺는 것으로 남한과 북한 일대일 구도는 물론 미국, 중국 등 다자간 체결도 가능하다. 지난 1954년 제네바 협정 당시 한국의 재통일을 위한 한반도 평화협정을 중국이 미국에 제안했으나 미국이 받아들이지 않아 무산됐다.
4·27 남북정상회담의 핵심은 ‘한반도 비핵화’ 관련 합의 수준이다. 두 정상의 비핵화 의지가 합의문에 어느 수준으로 명시되는지에 따라 평화협정 논의도 급물살을 탈 수 있을 것이라는 분석이다. 임종석 청와대 비서실장은 지난 26일 “(북한의) 뚜렷한 비핵화 의지를 명문화할 수 있다면, 나아가 이것이 한반도에서의 완전한 비핵화라는 뜻을 정확히 확인할 수 있다면 매우 성공적일 것""이라고 했다. 북한의 비핵화 의지가 5월 말 또는 6월 초로 예상되는 북미정상회담을 거쳐 남북관계 추가 개선으로 연결되는 선순환 구도의 전제조건이라는 것이다.
최기식 법무부 북한인권기록보존소장은 “선언과 협정 체결 문서화는 북한의 완전한 비핵화가 전제되는 것이 중요하다”며 “이 밖에 북한 일반 주민들의 삶에서 자유권과 생존권이 보장돼야하고 그 상태에서 협정 논의가 이뤄져야 남북통일을 향한 실질적인 절차가 진행될 것”이라고 했다.","남북정상회담서 종전 논의?... 정전·휴전·종전 차이는
2000, 2007년 이은 세번째 南北 정상회담
한국전쟁 南 빠진 정전협정→사실상 휴전
전문가들 “北 비핵화 의지 확인해야 진전”
2000년과 2007년에 이은 역사상 세 번째 남북정상회담이 27일 열렸다. 이번 회담의 결과물인 남북정상 합의문에 북한의 ‘비핵화 의지’가 명시적으로 담긴다면 평화협정으로 이어지는 징검다리가 될 것이라는 기대감이 커지고 있다.
지난 18일에는 도널드 트럼프 미국 대통령이 “남북의 종전 논의를 축복한다”고 했다. 문재인 대통령은 20일 “정전 체제를 끝내고 종전 선언을 거쳐 평화협정의 체결로 가자”고 했다. 정전⋅휴전⋅종전⋅평화협정의 의미와 법률적 차이는 무엇일까.
남과 북은 정전(停戰) 상태일까, 휴전(休戰)상태일까. 정전이란 ‘전쟁 중인 나라들이 서로 합의해 일시적으로 전투를 중단하는 일’을 뜻한다. 교전 당사국들이 정치적 합의를 이루기 어려운 경우가 많기 때문에 국제기구가 개입하는 경우가 많다. 휴전은 ‘전쟁은 계속되지만 전쟁 당사국의 합의를 통해 적대 행위는 중단하는 상태’를 뜻한다. 전쟁의 종료를 선언하는 종전협정의 전(前) 단계다. 정전과 휴전 모두 법률적으로 보면 전쟁이 계속되고 있는 것을 의미한다.
1950년 6월 25일 개전(開戰)한 한국전쟁은 1953년 7월 27일 정전협정을 맺었다. 유엔군과 조선인민군, 중국인민해방군이 협정을 체결했다. 국제법상 평상시 조약 체결에는 당사국 의회 등의 비준이 필요하지만, 전쟁 중 조약 체결은 군사령관의 서명만으로 비준이 완료된 것으로 본다.
한국은 이승만 전 대통령이 정전협정을 반대했기 때문에 정전협정의 당사자에 포함되지 않았다. 다만 한국군이 미군에 절대적으로 의존하는 상태였기 때문에 미군이 정전협정을 체결한 이상 한국군에게도 효력이 미친다는 주장이 우세하다. 하지만 한국군이 당사자로 참여하지 않았기 때문에 법적 효력이 없다는 반론도 있다.
남북한은 20여년 뒤인 1972년 전쟁 이후 첫 남북회담을 갖고 7·4 남북공동성명을 발표했다. 7·4 남북공동성명은 자주·평화·민족단결이라는 3대 원칙을 제시했다. “남북 사이의 긴장상태를 완화하고 크고 작은 것을 막론하고 무장도발을 하지 않으며, 불의의 군사적 충돌사건을 방지하기 위한 적극적인 조치를 취하기로 합의한다”는 내용이 포함됐다.
남과 북이 한 발 더 나아간 것은 1991년이다. 양측은 그해 12월 13일 채택한 ‘남북 사이의 화해와 불가침 및 교류·협력에 관한 합의서’를 통해 상호 불가침(不可侵)을 합의한다. 1953년 정전협정을 맺은 뒤 실질적 휴전상태에 들어가기까지 38년이 걸린 것이다.
그로부터 다시 27년이 지난 2018년, 남과 북은 전쟁을 끝낸다는 합의인 ‘종전(終戰)협정’의 문턱에 와있다. 4·27 남북정상회담에서 이에 대한 논의가 이뤄질 지를 놓고 세계의 관심이 쏠려있다. 그러나 종전협정까지는 갈 길이 멀다는 게 전문가들의 분석이다. 엄밀히 따지면 우리나라는 북한과 정전협정을 맺은 적이 없기 때문에 다음 단계인 종전협상의 당사자가 아니라는 반박 때문이다. 반면 남북기본합의서를 근거로 사실상의 휴전협정이 이뤄졌고, 남과 북의 대결구도였기 때문에 종전협정의 당사국이 될 수 있다는 주장도 있다.
협정보다 구속력이 약한 종전선언을 하기 위해서라도 풀어야 할 숙제가 적지 않다. 판문점 공동경비구역(JSA) 관할 경비부대 파견 및 운영, 비무장지대(DMZ) 내 경계초소 운영 등을 담당하는 유엔군사령부 해체 문제나 주한미군 철수 등에 대한 논의가 선제적으로 필요하다는 지적이 나온다.
평화협정에 대한 논의는 그 다음이다. 평화협정은 전쟁을 종결하고 평화 체제를 구축하기 위해 맺는 것으로 남한과 북한 일대일 구도는 물론 미국, 중국 등 다자간 체결도 가능하다. 지난 1954년 제네바 협정 당시 한국의 재통일을 위한 한반도 평화협정을 중국이 미국에 제안했으나 미국이 받아들이지 않아 무산됐다.
4·27 남북정상회담의 핵심은 ‘한반도 비핵화’ 관련 합의 수준이다. 두 정상의 비핵화 의지가 합의문에 어느 수준으로 명시되는지에 따라 평화협정 논의도 급물살을 탈 수 있을 것이라는 분석이다. 임종석 청와대 비서실장은 지난 26일 “(북한의) 뚜렷한 비핵화 의지를 명문화할 수 있다면, 나아가 이것이 한반도에서의 완전한 비핵화라는 뜻을 정확히 확인할 수 있다면 매우 성공적일 것""이라고 했다. 북한의 비핵화 의지가 5월 말 또는 6월 초로 예상되는 북미정상회담을 거쳐 남북관계 추가 개선으로 연결되는 선순환 구도의 전제조건이라는 것이다.
최기식 법무부 북한인권기록보존소장은 “선언과 협정 체결 문서화는 북한의 완전한 비핵화가 전제되는 것이 중요하다”며 “이 밖에 북한 일반 주민들의 삶에서 자유권과 생존권이 보장돼야하고 그 상태에서 협정 논의가 이뤄져야 남북통일을 향한 실질적인 절차가 진행될 것”이라고 했다.",12,2271
iks_20180427_chosun_news_034,Chosun news 2018 April 27 corpus.txt,Chosun Ilbo,조선일보,news,2018-04-27,2018_april_summit,"북한 기자 ""정상회담은 세기의 사변, 남북 인민 감격 똑같을 것""",,"문재인 대통령과 김정은 북한 국무위원장의 27일 역사적인 첫 만남이 이뤄지기 전 남한 측 기자단과 북한 측 기자단이 서로 담소를 나누는 등 화기애애한 분위기를 연출했다.
남측 취재진은 이날 역사적인 남북정상회담이 열린 판문점에서 양측 정상이 오기 전 대기하고 있던 북한 측 기자에 심경(心境)을 물었다. 북한 측 취재진은 “대단합니다. 이것은 세기의 사변”이라며 “대결이 있었던 공간에서 넘어오는 모습을 보게 되면 언 속이 뚫어지는 느낌이 될 것 같다”고 말했다.
이어 남측 기자가 판문점 남측의 회담장인 평화의집을 배경으로 함께 기념사진을 찍자고 권유하자 이 기자는 ""북남 수뇌께서 계실 곳인데 오시기 전에 이곳을 먼저 밟아서야 되겠냐""며 정중히 사양했다.
이날 남북한 취재진은 판문점 평화의 집 계단 앞에서 남북 정상을 기다리는 동안 긴장된 분위기 속에서도 인사를 하거나 가벼운 주제로 대화를 나눴다. 또 양측 취재진은 판문점 평화의 집 계단 앞에서 남북 정상을 기다리는 동안 인사를 나누기도 했다.
남측 기자가 “(정상회담 관련) 북측의 분위기는 어떤가'라고 묻자 한 북측 기자는 ""남북 인민의 감격스러운 마음은 모두 다 똑같을 것""이라며 ""더구나 2000년과 2007년 이후 11년 만에 북남 수뇌가 회동하시는 것 아닌가. 큰 기대를 갖고 있다""고 말했다.
김정은 북한 국무위원장의 부인 리설주가 오느냐는 남측 기자의 질문에 이 기자는 ""김정숙 여사는 오십니까""라고 되물었다고 한다
또 남측 기자의 “북에서도 우리 측 언론과 뉴스를 접할 수 있느냐”는 물음에는 ""인터넷으로 남측 언론 뉴스를 볼 수 있다""고 대답했다.","북한 기자 ""정상회담은 세기의 사변, 남북 인민 감격 똑같을 것""
문재인 대통령과 김정은 북한 국무위원장의 27일 역사적인 첫 만남이 이뤄지기 전 남한 측 기자단과 북한 측 기자단이 서로 담소를 나누는 등 화기애애한 분위기를 연출했다.
남측 취재진은 이날 역사적인 남북정상회담이 열린 판문점에서 양측 정상이 오기 전 대기하고 있던 북한 측 기자에 심경(心境)을 물었다. 북한 측 취재진은 “대단합니다. 이것은 세기의 사변”이라며 “대결이 있었던 공간에서 넘어오는 모습을 보게 되면 언 속이 뚫어지는 느낌이 될 것 같다”고 말했다.
이어 남측 기자가 판문점 남측의 회담장인 평화의집을 배경으로 함께 기념사진을 찍자고 권유하자 이 기자는 ""북남 수뇌께서 계실 곳인데 오시기 전에 이곳을 먼저 밟아서야 되겠냐""며 정중히 사양했다.
이날 남북한 취재진은 판문점 평화의 집 계단 앞에서 남북 정상을 기다리는 동안 긴장된 분위기 속에서도 인사를 하거나 가벼운 주제로 대화를 나눴다. 또 양측 취재진은 판문점 평화의 집 계단 앞에서 남북 정상을 기다리는 동안 인사를 나누기도 했다.
남측 기자가 “(정상회담 관련) 북측의 분위기는 어떤가'라고 묻자 한 북측 기자는 ""남북 인민의 감격스러운 마음은 모두 다 똑같을 것""이라며 ""더구나 2000년과 2007년 이후 11년 만에 북남 수뇌가 회동하시는 것 아닌가. 큰 기대를 갖고 있다""고 말했다.
김정은 북한 국무위원장의 부인 리설주가 오느냐는 남측 기자의 질문에 이 기자는 ""김정숙 여사는 오십니까""라고 되물었다고 한다
또 남측 기자의 “북에서도 우리 측 언론과 뉴스를 접할 수 있느냐”는 물음에는 ""인터넷으로 남측 언론 뉴스를 볼 수 있다""고 대답했다.",7,797
iks_20180427_chosun_news_035,Chosun news 2018 April 27 corpus.txt,Chosun Ilbo,조선일보,news,2018-04-27,2018_april_summit,"추미애·우원식·박지원, 남북정상회담 만찬 참석",,"더불어민주당 추미애 대표와 우원식 원내대표, 민주평화당 박지원 의원이 27일 저녁 남북정상회담 환영 만찬에 참석한다.
더불어민주당 추미애 대표와 우원식 원내대표, 민주평화당 박지원 의원이 27일 저녁 판문점 평화의집에서 열리는 남북정상회담 환영 만찬에 참석한다.
이날 민주당 김현 대변인은 “오후 6시 30분경, 평화의집에서 열리는 남북정상회담 환영 만찬에는 추미애 대표, 우원식 원내대표도 참석한다”고 밝혔다.
추 대표와 우 원내대표는 오전 판문점으로 향하는 문 대통령을 배웅하기 위해 청와대에 방문했고, 이 자리에서 만찬에 초대받은 것으로 알려졌다.
고(故) 김대중 전 대통령의 비서실장 출신인 민주평화당 박지원 의원도 청와대의 초청으로 만찬에 참석 한다. 박 의원은 지난 2000년 문화관광부 장관 때 특사 자격으로 북측과 접촉해 김대중 전 대통령과 김정일 당시 국방위원장 간 남북정상회담을 성사시키는 데 주요한 역할을 했다. 박 의원은 김 전 대통령과 김정일 당시 국방위원장을 만났다.","추미애·우원식·박지원, 남북정상회담 만찬 참석
더불어민주당 추미애 대표와 우원식 원내대표, 민주평화당 박지원 의원이 27일 저녁 남북정상회담 환영 만찬에 참석한다.
더불어민주당 추미애 대표와 우원식 원내대표, 민주평화당 박지원 의원이 27일 저녁 판문점 평화의집에서 열리는 남북정상회담 환영 만찬에 참석한다.
이날 민주당 김현 대변인은 “오후 6시 30분경, 평화의집에서 열리는 남북정상회담 환영 만찬에는 추미애 대표, 우원식 원내대표도 참석한다”고 밝혔다.
추 대표와 우 원내대표는 오전 판문점으로 향하는 문 대통령을 배웅하기 위해 청와대에 방문했고, 이 자리에서 만찬에 초대받은 것으로 알려졌다.
고(故) 김대중 전 대통령의 비서실장 출신인 민주평화당 박지원 의원도 청와대의 초청으로 만찬에 참석 한다. 박 의원은 지난 2000년 문화관광부 장관 때 특사 자격으로 북측과 접촉해 김대중 전 대통령과 김정일 당시 국방위원장 간 남북정상회담을 성사시키는 데 주요한 역할을 했다. 박 의원은 김 전 대통령과 김정일 당시 국방위원장을 만났다.",5,499
iks_20180427_chosun_news_036,Chosun news 2018 April 27 corpus.txt,Chosun Ilbo,조선일보,news,2018-04-27,2018_april_summit,"김정은의 계산된 ‘파격’.. 文에 월북 제안, ‘탈북자·연평도 주민’ 언급도",,"“그럼 지금 넘어가 보는 게 어떠신가?”
“대통령께서 초청해주면 언제라도 청와대에 가겠다.”
김정은 북한 국무위원장은 27일 남북정상회담에서 직설적이고 솔직한 발언으로 눈길을 끌었다. 전 세계의 시선을 한 몸에 받은 김정은은 이날 회담 시작부터 ‘파격’을 선사하며 극적인 장면을 연출했다. 이러한 김정은의 행보는 이번 회담을 통해 자신이 솔직하고 재치있는 인물이라는 점을 국제사회에 알리겠다는 계산에서 나온 것으로 보인다.
하지만 북한이 이번 남북정상회담을 TV 생중계하지 않고, 북한 주민들을 상대로는 제한적 내용만 보도한다는 점 때문에 김정은 발언은 ‘계산된 대남용’이라는 지적도 나온다.
◇“지금 넘어가 보자... 언제라도 청와대에 가겠다”
김정은은 이날 판문점 군사분계선(MDL)에서 문 대통령과의 기념 촬영을 마친 뒤, 문 대통령을 손을 잡고 북측 지역으로 넘어갔다.
김정은이 남측지역으로 넘어온 뒤, 문 대통령은 “나는 언제쯤 넘어갈 수 있겠나”라고 인사했다. 이에 김정은은 사진 촬영이 끝난 뒤, 문 대통령의 손을 이끌고 “지금 넘어가 보자”고 했다.
김정은의 제안에 문 대통령은 MDL을 넘어 북쪽 땅을 밟았다. 사전 예정에 없던 동선이었다. 남북 정상이 손을 잡고 군사분계선을 넘나드는 장면은 이렇게 만들어졌다.
김정은은 또 사열대로 이동하면서 문 대통령이 “오늘 보여준 전통의장대는 약식이라 아쉽다. 청와대에 오면 훨씬 좋은 장면을 보여 드릴 수 있다”고 말하자 “대통령께서 초청해주면 언제라도 청와대에 가겠다”고 했다. 이는 이번 회담에 이어 2차 정상회담이 이뤄질 수 있음을 시사하는 부분이다. 특히 판문점을 넘어 서울까지 갈 의향이 있음을 밝힌 것으로 해석된다.
◇“탈북자, 연평도, 북한군 포격, 상처”
윤영찬 청와대 국민소통수석은 이날 정오 브리핑에서 “김정은 위원장이 환담장에서 문 대통령에게 ‘오면서 보니 실향민, 탈북자, 연평도 주민 등 언제 북한군 포격이 날아올까 걱정하는 분들도 오늘 우리 만남에 기대하고 있는 걸 봤다. 이 기회를 소중히 해서 남북 사이에 상처가 치유되는 계기가 됐으면 좋겠다’고 말했다”고 전했다. 당시 브리핑에서 화자가 정확하게 지칭되지 않아 기자들 사이에선 문 대통령의 발언인지, 김정은의 발언인지를 놓고 의견이 분분했다.
김정은이 ‘탈북자’와 ‘연평도 포격’이라는 표현을 쓴 건 파격적이기 때문이었다. 이에 대해 청와대 관계자는 “이 부분은 김정은 위원장의 발언으로, 김 위원장이 남측의 언어로 설명한 것”이라고 전했다. 북한에선 탈북자를 ‘조국을 버린 배신자’로 간주한다. ‘탈북자’라는 표현도 거의 쓰지 않는다.
김정은의 입에서 ‘연평도 주민 등 북한군 포격을 걱정하는 분’이라는 표현이 나온 것도 주목할만 하다. 연평도 포격사건은 2010년 11월23일 북한이 우리나라 서해 연평도 해병대 기지와 민간인 마을에 해안포와 곡사포 100여발을 발사한 사건이다. 이날 포격으로 해병 2명이 사망하고, 16명이 중경상을 입었다. 민간인도 2명이 사망하고, 10명이 다쳤다.
김정은이 이토록 민감한 사건을 언급하며 “상처를 치유하자”고 한 것이다. 김정은의 이같은 발언은 ‘과거를 털고 가겠다’는 자신의 통 큰 면모를 남한측에 보여주기 위한 것으로 분석된다.
특히 북한 최고지도자의 이같은 메시지는 통제돼 내부엔 알려지지 않는다. 앞서 김정은의 부친인 김정일 국방위원장도 2000년 김대중 대통령과의 남북정상회담에서 “남쪽 TV를 어제 늦게까지 봤다. 실향민이나 탈북자에 대한 소개도 봤고 실제 우는 장면도 TV에 나왔다”고 말했으나 이 발언은 북한 내부엔 보도되지 않은 것으로 알려졌다.
이와 관련, 한 관계자는 “김정일 위원장도 과거 회담때 남측 기자들을 상대로 이런 류의 발언을 한 적이 있다”면서 “하지만 북한 주민들에게는 이런 발언이 전달되지 않고, 보도도 철저히 통제된다”고 했다. 이번 김정은의 파격 발언도 대남용일 가능성이 높다.
◇“우리 교통이 불비해... 북 오면 민망할 수도”
김정은은 이날 정상회담 사전 환담에서 북한의 열악한 교통 시설을 언급했다. 문 대통령이 북측을 통해 백두산을 가고 싶다고 하자, 김정은은 “문 대통령이 오시면 솔직히 걱정스러운 게 우리 교통이 불비해서 불편을 드릴 것 같다”며 “평창올림픽 갔다 온 분이 말하는데 평창 고속열차가 다 좋다고 하더라, 남측의 이런 환경에 있다가 북에 오면 참 민망스러울 수 있겠다”고 했다.
북한에선 체제의 열악함을 인정하는 걸 금기시한다. 하지만 이러한 동향은 김정은 체제 들어 조금씩 깨지고 있다. ‘경제 강국 건설’을 지향하는 김정은은 산업 시설 시찰 등에서 부족함을 발견하면 즉각적인 개선을 주문해 왔다.
김정은은 지난해 조선중앙TV로 중계된 육성 신년사에서 “언제나 늘 마음뿐이었고 능력이 따라서지 못하는 안타까움과 자책 속에 한 해를 보냈다”며 자신의 부족함을 인정하는 발언을 하기도 했다. 김정은은 최근 황해북도에서 발생한 중국인 관광객 교통사고와 관련해, ‘속죄’라는 표현이 담긴 위로전문을 보내기도 했다.","김정은의 계산된 ‘파격’.. 文에 월북 제안, ‘탈북자·연평도 주민’ 언급도
“그럼 지금 넘어가 보는 게 어떠신가?”
“대통령께서 초청해주면 언제라도 청와대에 가겠다.”
김정은 북한 국무위원장은 27일 남북정상회담에서 직설적이고 솔직한 발언으로 눈길을 끌었다. 전 세계의 시선을 한 몸에 받은 김정은은 이날 회담 시작부터 ‘파격’을 선사하며 극적인 장면을 연출했다. 이러한 김정은의 행보는 이번 회담을 통해 자신이 솔직하고 재치있는 인물이라는 점을 국제사회에 알리겠다는 계산에서 나온 것으로 보인다.
하지만 북한이 이번 남북정상회담을 TV 생중계하지 않고, 북한 주민들을 상대로는 제한적 내용만 보도한다는 점 때문에 김정은 발언은 ‘계산된 대남용’이라는 지적도 나온다.
◇“지금 넘어가 보자... 언제라도 청와대에 가겠다”
김정은은 이날 판문점 군사분계선(MDL)에서 문 대통령과의 기념 촬영을 마친 뒤, 문 대통령을 손을 잡고 북측 지역으로 넘어갔다.
김정은이 남측지역으로 넘어온 뒤, 문 대통령은 “나는 언제쯤 넘어갈 수 있겠나”라고 인사했다. 이에 김정은은 사진 촬영이 끝난 뒤, 문 대통령의 손을 이끌고 “지금 넘어가 보자”고 했다.
김정은의 제안에 문 대통령은 MDL을 넘어 북쪽 땅을 밟았다. 사전 예정에 없던 동선이었다. 남북 정상이 손을 잡고 군사분계선을 넘나드는 장면은 이렇게 만들어졌다.
김정은은 또 사열대로 이동하면서 문 대통령이 “오늘 보여준 전통의장대는 약식이라 아쉽다. 청와대에 오면 훨씬 좋은 장면을 보여 드릴 수 있다”고 말하자 “대통령께서 초청해주면 언제라도 청와대에 가겠다”고 했다. 이는 이번 회담에 이어 2차 정상회담이 이뤄질 수 있음을 시사하는 부분이다. 특히 판문점을 넘어 서울까지 갈 의향이 있음을 밝힌 것으로 해석된다.
◇“탈북자, 연평도, 북한군 포격, 상처”
윤영찬 청와대 국민소통수석은 이날 정오 브리핑에서 “김정은 위원장이 환담장에서 문 대통령에게 ‘오면서 보니 실향민, 탈북자, 연평도 주민 등 언제 북한군 포격이 날아올까 걱정하는 분들도 오늘 우리 만남에 기대하고 있는 걸 봤다. 이 기회를 소중히 해서 남북 사이에 상처가 치유되는 계기가 됐으면 좋겠다’고 말했다”고 전했다. 당시 브리핑에서 화자가 정확하게 지칭되지 않아 기자들 사이에선 문 대통령의 발언인지, 김정은의 발언인지를 놓고 의견이 분분했다.
김정은이 ‘탈북자’와 ‘연평도 포격’이라는 표현을 쓴 건 파격적이기 때문이었다. 이에 대해 청와대 관계자는 “이 부분은 김정은 위원장의 발언으로, 김 위원장이 남측의 언어로 설명한 것”이라고 전했다. 북한에선 탈북자를 ‘조국을 버린 배신자’로 간주한다. ‘탈북자’라는 표현도 거의 쓰지 않는다.
김정은의 입에서 ‘연평도 주민 등 북한군 포격을 걱정하는 분’이라는 표현이 나온 것도 주목할만 하다. 연평도 포격사건은 2010년 11월23일 북한이 우리나라 서해 연평도 해병대 기지와 민간인 마을에 해안포와 곡사포 100여발을 발사한 사건이다. 이날 포격으로 해병 2명이 사망하고, 16명이 중경상을 입었다. 민간인도 2명이 사망하고, 10명이 다쳤다.
김정은이 이토록 민감한 사건을 언급하며 “상처를 치유하자”고 한 것이다. 김정은의 이같은 발언은 ‘과거를 털고 가겠다’는 자신의 통 큰 면모를 남한측에 보여주기 위한 것으로 분석된다.
특히 북한 최고지도자의 이같은 메시지는 통제돼 내부엔 알려지지 않는다. 앞서 김정은의 부친인 김정일 국방위원장도 2000년 김대중 대통령과의 남북정상회담에서 “남쪽 TV를 어제 늦게까지 봤다. 실향민이나 탈북자에 대한 소개도 봤고 실제 우는 장면도 TV에 나왔다”고 말했으나 이 발언은 북한 내부엔 보도되지 않은 것으로 알려졌다.
이와 관련, 한 관계자는 “김정일 위원장도 과거 회담때 남측 기자들을 상대로 이런 류의 발언을 한 적이 있다”면서 “하지만 북한 주민들에게는 이런 발언이 전달되지 않고, 보도도 철저히 통제된다”고 했다. 이번 김정은의 파격 발언도 대남용일 가능성이 높다.
◇“우리 교통이 불비해... 북 오면 민망할 수도”
김정은은 이날 정상회담 사전 환담에서 북한의 열악한 교통 시설을 언급했다. 문 대통령이 북측을 통해 백두산을 가고 싶다고 하자, 김정은은 “문 대통령이 오시면 솔직히 걱정스러운 게 우리 교통이 불비해서 불편을 드릴 것 같다”며 “평창올림픽 갔다 온 분이 말하는데 평창 고속열차가 다 좋다고 하더라, 남측의 이런 환경에 있다가 북에 오면 참 민망스러울 수 있겠다”고 했다.
북한에선 체제의 열악함을 인정하는 걸 금기시한다. 하지만 이러한 동향은 김정은 체제 들어 조금씩 깨지고 있다. ‘경제 강국 건설’을 지향하는 김정은은 산업 시설 시찰 등에서 부족함을 발견하면 즉각적인 개선을 주문해 왔다.
김정은은 지난해 조선중앙TV로 중계된 육성 신년사에서 “언제나 늘 마음뿐이었고 능력이 따라서지 못하는 안타까움과 자책 속에 한 해를 보냈다”며 자신의 부족함을 인정하는 발언을 하기도 했다. 김정은은 최근 황해북도에서 발생한 중국인 관광객 교통사고와 관련해, ‘속죄’라는 표현이 담긴 위로전문을 보내기도 했다.",20,2438
iks_20180427_chosun_news_037,Chosun news 2018 April 27 corpus.txt,Chosun Ilbo,조선일보,news,2018-04-27,2018_april_summit,"남북, 정상회담 합의문 조율중...오후 5~6시경 공개될 듯",청와대 “합의문 서명식·공동발표 후 만찬”,"남북은 27일 오후 문재인 대통령과 김정은 북한 국무위원장 정상회담 합의사항을 담은 합의문 실무조율에 들어갔다. 합의문은 이날 오후 5~6시경에 공개될 것으로 보인다.
김의겸 청와대 대변인은 이날 오후 경기도 고양 킨텍스 프레스센터 브리핑에서 “오후에는 (일정에) 공동 기념식수가 있고, 이어서 도보다리 산책, 오후 회담이 들어가 있다. 오후 회담을 마친 뒤에, (합의문) 서명식과 공동발표가 있을 예정”이라며 “만찬은 그 직후에 이어진다”고 말했다.
앞서 윤영찬 청와대 국민소통수석도 이날 오후 경기도 파주 판문점 프레스센터 브리핑에서 “양측은 공동선언 작성을 위한 실무협의를 계속하기로 했고, 선언문이 나올 경우에는 양 정상이 서명식을 갖고 이를 공동 발표할 예정”이라고 전했다.
‘판문점 선언문’에는 한반도 비핵화 문제, 항구적 평화정착 문제, 남북관계의 발전방향 등에 대한 내용이 담길 것으로 예상된다. 윤 수석은 “양 정상은 이 회담에서 한반도 비핵화와 항구적 평화정착, 남북관계의 발전방향에 대해 시종일관 진지하고 솔직한 대화를 나눴다”고 전했다.
정부는 이날 오후 4.27 남북정상회담 오후 일정의 첫 행사인 기념식수 시작시간을 오후 4시 30분으로, 김정은의 부인 리설주 여사의 판문점 도착시간을 오후 6시 15분으로 각각 공지했다.
정부가 공지한 기념식수와 리설주 도착이라는 두가지 행사 사이에는 1시간 45분이라는 시간 여유가 있다. 앞서 정부는 남북정상간 기념식수 이후에 판문점 ‘도보다리’ 산책, 오후 회담, 환영 만찬, 환송 행사 등을 진행할 계획이라고 밝힌 바 있다.
이 때문에 문 대통령과 김정은의 도보다리 산책 이후 일정으로 예정돼 있던 ‘오후 회담’ 일정은 ‘논의’보다는 ‘발표’를 위한 행사가 될 가능성이 높아졌다.
실제 문 대통령과 김정은은 이날 오전 11시 55분경 회담 종료 직전 구체적 논의를 완전히 마친 듯한 마무리 발언을 했다.
문 대통령은 “오늘 좋은 논의를 많이 이뤄서 아주 우리 남북의 국민들에게, 전 세계 사람들에게 아주 선물이 사람 될 것 같다”고 했고, 김정은은 “오늘 첫 만남과 이야기된게 발표되면 기대하셨던 분들에게 조금이나마 기대를 만족을 드렸으면 한다”고 말했다.
또 김정은은 “우리 도로라는 것이 불편하다. 비행기로 오시면 제일 편안하다. 공항에서 영접 의식을 하면 잘 될 것 같다”며 문 대통령을 북한으로 초청하기도 했다. 이에 문 대통령은 방북 자체는 수락하면서도 이날 추가 논의는 없다는 듯 “그 정도는 닥쳐서 논의하는 맛도 있어야 한다”고 답했다.","남북, 정상회담 합의문 조율중...오후 5~6시경 공개될 듯
청와대 “합의문 서명식·공동발표 후 만찬”
남북은 27일 오후 문재인 대통령과 김정은 북한 국무위원장 정상회담 합의사항을 담은 합의문 실무조율에 들어갔다. 합의문은 이날 오후 5~6시경에 공개될 것으로 보인다.
김의겸 청와대 대변인은 이날 오후 경기도 고양 킨텍스 프레스센터 브리핑에서 “오후에는 (일정에) 공동 기념식수가 있고, 이어서 도보다리 산책, 오후 회담이 들어가 있다. 오후 회담을 마친 뒤에, (합의문) 서명식과 공동발표가 있을 예정”이라며 “만찬은 그 직후에 이어진다”고 말했다.
앞서 윤영찬 청와대 국민소통수석도 이날 오후 경기도 파주 판문점 프레스센터 브리핑에서 “양측은 공동선언 작성을 위한 실무협의를 계속하기로 했고, 선언문이 나올 경우에는 양 정상이 서명식을 갖고 이를 공동 발표할 예정”이라고 전했다.
‘판문점 선언문’에는 한반도 비핵화 문제, 항구적 평화정착 문제, 남북관계의 발전방향 등에 대한 내용이 담길 것으로 예상된다. 윤 수석은 “양 정상은 이 회담에서 한반도 비핵화와 항구적 평화정착, 남북관계의 발전방향에 대해 시종일관 진지하고 솔직한 대화를 나눴다”고 전했다.
정부는 이날 오후 4.27 남북정상회담 오후 일정의 첫 행사인 기념식수 시작시간을 오후 4시 30분으로, 김정은의 부인 리설주 여사의 판문점 도착시간을 오후 6시 15분으로 각각 공지했다.
정부가 공지한 기념식수와 리설주 도착이라는 두가지 행사 사이에는 1시간 45분이라는 시간 여유가 있다. 앞서 정부는 남북정상간 기념식수 이후에 판문점 ‘도보다리’ 산책, 오후 회담, 환영 만찬, 환송 행사 등을 진행할 계획이라고 밝힌 바 있다.
이 때문에 문 대통령과 김정은의 도보다리 산책 이후 일정으로 예정돼 있던 ‘오후 회담’ 일정은 ‘논의’보다는 ‘발표’를 위한 행사가 될 가능성이 높아졌다.
실제 문 대통령과 김정은은 이날 오전 11시 55분경 회담 종료 직전 구체적 논의를 완전히 마친 듯한 마무리 발언을 했다.
문 대통령은 “오늘 좋은 논의를 많이 이뤄서 아주 우리 남북의 국민들에게, 전 세계 사람들에게 아주 선물이 사람 될 것 같다”고 했고, 김정은은 “오늘 첫 만남과 이야기된게 발표되면 기대하셨던 분들에게 조금이나마 기대를 만족을 드렸으면 한다”고 말했다.
또 김정은은 “우리 도로라는 것이 불편하다. 비행기로 오시면 제일 편안하다. 공항에서 영접 의식을 하면 잘 될 것 같다”며 문 대통령을 북한으로 초청하기도 했다. 이에 문 대통령은 방북 자체는 수락하면서도 이날 추가 논의는 없다는 듯 “그 정도는 닥쳐서 논의하는 맛도 있어야 한다”고 답했다.",10,1241
iks_20180427_chosun_news_038,Chosun news 2018 April 27 corpus.txt,Chosun Ilbo,조선일보,news,2018-04-27,2018_april_summit,"김여정, 오빠 김정은 밀착 수행…“정권 2인자”",,"27일 열린 남북 정상회담에서 김정은 북한 국무위원장의 여동생 김여정 당중앙위원회 제1부부장에게도 외신의 관심이 집중됐다. 김여정은 오빠 김정은을 밀착 수행했다. 김여정은 김정은과 문재인 대통령의 오전 정상회담에 배석하며 존재감을 과시했다.
CNN은 “올 2월 평창 동계올림픽 때 북한 대표단의 얼굴이 됐던 김여정이 한국에 돌아왔다”며 “김여정이 역사적 정상회담의 중심 인물이 된 듯하다”고 전했다. 김여정은 평창 올림픽 개막 전 김정은 특사로 한국을 방문해 문 대통령에게 김정은의 친서를 전달했다.
김여정은 이날 오전 10시 15분부터 판문점 남측 지역인 평화의집에서 시작된 정상회담에서 김정은의 옆에 앉았다. 남측에선 문재인 대통령과 임종석 대통령 비서실장, 서훈 국가정보원장이, 북측에선 김정은과 김영철 당중앙위 부위원장, 김여정이 참석했다.
김여정은 이날 가까이에서 김정은을 보좌했다. 김여정은 화동이 김정은에게 선물한 꽃다발을 건네받았고 문 대통령과 김정은이 사열을 마치고 평화의집으로 이동할 때 김영철과 함께 레드 카펫 위로 그 뒤를 따랐다. 회담에 앞서 김정은이 평화의집 1층에서 방명록을 작성할 때 김여정이 직접 펜을 건네주기도 했다.","김여정, 오빠 김정은 밀착 수행…“정권 2인자”
27일 열린 남북 정상회담에서 김정은 북한 국무위원장의 여동생 김여정 당중앙위원회 제1부부장에게도 외신의 관심이 집중됐다. 김여정은 오빠 김정은을 밀착 수행했다. 김여정은 김정은과 문재인 대통령의 오전 정상회담에 배석하며 존재감을 과시했다.
CNN은 “올 2월 평창 동계올림픽 때 북한 대표단의 얼굴이 됐던 김여정이 한국에 돌아왔다”며 “김여정이 역사적 정상회담의 중심 인물이 된 듯하다”고 전했다. 김여정은 평창 올림픽 개막 전 김정은 특사로 한국을 방문해 문 대통령에게 김정은의 친서를 전달했다.
김여정은 이날 오전 10시 15분부터 판문점 남측 지역인 평화의집에서 시작된 정상회담에서 김정은의 옆에 앉았다. 남측에선 문재인 대통령과 임종석 대통령 비서실장, 서훈 국가정보원장이, 북측에선 김정은과 김영철 당중앙위 부위원장, 김여정이 참석했다.
김여정은 이날 가까이에서 김정은을 보좌했다. 김여정은 화동이 김정은에게 선물한 꽃다발을 건네받았고 문 대통령과 김정은이 사열을 마치고 평화의집으로 이동할 때 김영철과 함께 레드 카펫 위로 그 뒤를 따랐다. 회담에 앞서 김정은이 평화의집 1층에서 방명록을 작성할 때 김여정이 직접 펜을 건네주기도 했다.",4,587
iks_20180427_chosun_news_039,Chosun news 2018 April 27 corpus.txt,Chosun Ilbo,조선일보,news,2018-04-27,2018_april_summit,"태영호 “김정은, 남북·미북 정상회담서 핵보유국 인정받기 원해”",,"태영호 전 영국 주재 북한 공사는 27일 김정은 북한 노동당 위원장이 문재인 대통령과 도널드 트럼프 미국 대통령과의 정상회담을 통해 새 핵보유국 지도자로 인정받기를 원한다고 밝혔다.
태 전 공사는 이날 CNN과의 인터뷰에서 “북한 정부가 주민들에게 선전하는 내용은 (우리가 생각하는 것과) 사뭇 다르다”며 이 같이 밝혔다. 태 전 공사는 “북한 정부는 두 정상회담으로 조성된 평화 무드를 북한의 핵무기 개발 완성으로 인한 결과로 선전하고 있다”며 “한국과 북한이 남북 정상회담 개최지인 판문점을 바라보는 시각만 봐도 이를 알 수 있다”고 했다.
그는 “북한과 남한은 판문점이라는 특별한 지역을 두고 꽤 다른 해석을 내놓고 있다”며 “한국은 판문점을 한국 전쟁을 끝낸 평화의 상징으로 보고 북한은 이곳을 미국이 항복 서명을 한 승리의 상징으로 본다”고 강조했다. 정상회담 후 북한의 행보에 대해서는 “김정은이 핵보유국 지도자로 환영받았다고 해석해 주민들에게 전달할 것”이라고 내다봤다.
CNN은 “김여정은 참석자 중 유일한 여성으로서 김정은이 하는 말을 부지런히 받아 적었다”며 “관심을 끌려는 행동을 하지 않았는데도 중요한 인물로 보였다”고 평했다.
워싱턴포스트는 “김정은이 여동생에게 정상회담 테이블에 자리를 내줬다”며 “김여정은 2월 평창 올림픽 때 김씨 일가에서 처음으로 한국을 방문한 후 김정은 정권에서 김정은 다음으로 가장 눈에 띄는 인물로 부상했다”고 평했다.","태영호 “김정은, 남북·미북 정상회담서 핵보유국 인정받기 원해”
태영호 전 영국 주재 북한 공사는 27일 김정은 북한 노동당 위원장이 문재인 대통령과 도널드 트럼프 미국 대통령과의 정상회담을 통해 새 핵보유국 지도자로 인정받기를 원한다고 밝혔다.
태 전 공사는 이날 CNN과의 인터뷰에서 “북한 정부가 주민들에게 선전하는 내용은 (우리가 생각하는 것과) 사뭇 다르다”며 이 같이 밝혔다. 태 전 공사는 “북한 정부는 두 정상회담으로 조성된 평화 무드를 북한의 핵무기 개발 완성으로 인한 결과로 선전하고 있다”며 “한국과 북한이 남북 정상회담 개최지인 판문점을 바라보는 시각만 봐도 이를 알 수 있다”고 했다.
그는 “북한과 남한은 판문점이라는 특별한 지역을 두고 꽤 다른 해석을 내놓고 있다”며 “한국은 판문점을 한국 전쟁을 끝낸 평화의 상징으로 보고 북한은 이곳을 미국이 항복 서명을 한 승리의 상징으로 본다”고 강조했다. 정상회담 후 북한의 행보에 대해서는 “김정은이 핵보유국 지도자로 환영받았다고 해석해 주민들에게 전달할 것”이라고 내다봤다.
CNN은 “김여정은 참석자 중 유일한 여성으로서 김정은이 하는 말을 부지런히 받아 적었다”며 “관심을 끌려는 행동을 하지 않았는데도 중요한 인물로 보였다”고 평했다.
워싱턴포스트는 “김정은이 여동생에게 정상회담 테이블에 자리를 내줬다”며 “김여정은 2월 평창 올림픽 때 김씨 일가에서 처음으로 한국을 방문한 후 김정은 정권에서 김정은 다음으로 가장 눈에 띄는 인물로 부상했다”고 평했다.",5,711
iks_20180427_chosun_news_040,Chosun news 2018 April 27 corpus.txt,Chosun Ilbo,조선일보,news,2018-04-27,2018_april_summit,"北리설주, 오후 6시 15분 판문점 도착...환담·환영만찬 참석",,"북한 김정은 국무위원장 부인 리설주 여사는 27일 오후 6시 15분에 판문점에 도착해 역사상 최초의 남북 정상 부부 동반 일정이 진행될 예정이다.
윤영찬 청와대 국민소통수석은 이날 오후 경기도 파주 판문점 프레스센터 브리핑에서 ""김 위원장의 부인 리설주는 오후 6시 15분경 판문점에 도착한다""며 ""문재인 대통령과 김정숙 여사, 김정은과 리설주는 평화의집에서 잠시 환담한 뒤 만찬에 참석할 예정""이라고 말했다.
또 윤 수석은 ""문 대통령과 김 위원장은 오전 10시 15분 부터 11시 55분까지 100분간 정상회담했다""며 ""양 정상은 이 회담에서 한반도 비핵화와 항구적 평화정착, 남북관계의 발전방향에 대해 시종일관 진지하고 솔직한 대화를 나눴다""고 말했다.
이어 ""양측은 공동선언 작성을 위한 실무협의를 계속하기로 했고, 선언문이 나올 경우에는 양 정상이 서명식을 갖고 이를 공동 발표할 예정""고 말했다.
AP도 “김여정이 정상회담 테이블에서 눈에 띄는 자리를 차지했다”며 “김정은의 최측근이자 김정은 정권의 2인자로 공식적 역할을 강화했다”고 전했다.
이날 회담 중 문 대통령은 김여정을 가리키며 “김여정 부부장이 남쪽에서 스타가 됐다”고 말했다. 웃음이 터진 중에 김여정의 얼굴은 빨개졌다.","北리설주, 오후 6시 15분 판문점 도착...환담·환영만찬 참석
북한 김정은 국무위원장 부인 리설주 여사는 27일 오후 6시 15분에 판문점에 도착해 역사상 최초의 남북 정상 부부 동반 일정이 진행될 예정이다.
윤영찬 청와대 국민소통수석은 이날 오후 경기도 파주 판문점 프레스센터 브리핑에서 ""김 위원장의 부인 리설주는 오후 6시 15분경 판문점에 도착한다""며 ""문재인 대통령과 김정숙 여사, 김정은과 리설주는 평화의집에서 잠시 환담한 뒤 만찬에 참석할 예정""이라고 말했다.
또 윤 수석은 ""문 대통령과 김 위원장은 오전 10시 15분 부터 11시 55분까지 100분간 정상회담했다""며 ""양 정상은 이 회담에서 한반도 비핵화와 항구적 평화정착, 남북관계의 발전방향에 대해 시종일관 진지하고 솔직한 대화를 나눴다""고 말했다.
이어 ""양측은 공동선언 작성을 위한 실무협의를 계속하기로 했고, 선언문이 나올 경우에는 양 정상이 서명식을 갖고 이를 공동 발표할 예정""고 말했다.
AP도 “김여정이 정상회담 테이블에서 눈에 띄는 자리를 차지했다”며 “김정은의 최측근이자 김정은 정권의 2인자로 공식적 역할을 강화했다”고 전했다.
이날 회담 중 문 대통령은 김여정을 가리키며 “김여정 부부장이 남쪽에서 스타가 됐다”고 말했다. 웃음이 터진 중에 김여정의 얼굴은 빨개졌다.",6,613
iks_20180427_chosun_news_041,Chosun news 2018 April 27 corpus.txt,Chosun Ilbo,조선일보,news,2018-04-27,2018_april_summit,"""4·27 남북회담은 사기극"" 보수단체, 임진각 등 서울 곳곳서 반대 집회",,"남북정상회담이 열린 27일 경기 파주시 임진각 등에선 보수 단체 회원들의 정상회담 반대 시위가 열렸다.
국가비상대책위원회, 문재인퇴진행동본부, 일파만파, 태극기행동본부, 나라지킴이 고교연합 등 보수 단체 회원 300여명은 낮 12시 경기도 파주시 임진각 교차로 앞 공원에 모여 “남북회담은 평화위장 대사기극”이라며 시위했다.
참가자들은 태극기와 성조기를 양손에 쥐고 있었다. 일부 회원은 ‘국민을 속이고 나라 팔아먹는 회담 반대한다’ ‘월남을 패망으로 이끈 평화협정 반대’ ‘북핵 거짓 25년 비핵화 즉각 실행’ ‘드루킹 게이트 몸통은 회담 자격 없다’ 같은 손팻말을 들고 집회에 참가했다.
이 밖에도 ‘연방제와 한반도기는 북한의 대남적화 통일수단’ ‘베트남식 공산통일 문재인의 4·27 속셈이다’ ‘자유도 인권도 없는 살인 독재체제와 평화?’ ‘위장평화 반대한다 4·27 남북회담 원천무효’ ‘문★김 판문점 회담 평화위장 대 사기극’이라는 문구가 적힌 플래카드도 내걸렸다. 북과 아쟁 등도 등장했다.
집회 사회자는 “정치체제가 비슷할 때라야 평화가 가능하다”며 “독재체제와 자유민주주의 체제간에는 평화를 이룰 수 없다”고 말했다. 이들은 시국선언문에서 “김정은은 핵과 미사일 등 대량살상무기를 개발해 인류평화를 유린하고 북한 2500만 인민들을 억압 통치하는 인권유린의 독재자”라며 “신뢰할 수 없는 남북의 두 사람이 자유대한민국과 한미동맹의 미래를 논하는 것부터가 어불성설”이라고 했다.
그러면서 “두 정상이 제시하는 어떠한 평화적 제스처도 베트남식 한반도 적화통일 기도의 일환이라고 의심한다”면서 “곧 있을 미북정상회담에서 트럼프 미국 대통령님께서 현재 추진하고 있는 북한의 ‘완전하고 검증가능하며 되돌릴 수 없는 핵폐기’의 원칙을 전적으로 지지한다”고 말했다. 신소걸 목사는 “종전선언은 북한이 미군을 몰아내려는 속임수다. 월남 패망도 미군이 떠나면서였다”고 했다.
인공기와 한반도기가 그려진 종이 2장을 태우는 퍼포먼스도 나왔다. 봉고차 위에 올라가 있던 집회 사회자는 “국민을 속이는 남북 정상회담을 반대한다는 퍼포먼스를 하겠다”며 양복 안주머니에서 종이 2장을 꺼냈다. 한 면에는 김일성·김정일의 사진이 담긴 북한 인공기가 있었고 뒷면에는 한반도기 위에 ‘한반도기는 대남적화를 위한 깃발’이라는 문구가 쓰여 있었다. 종이에 불이 붙자 집회 참가자들 사이에서는 “더 해도 된다” “김정은 죽어라” 같은 구호가 터져나왔다. 집회 분위기가 끌어오르자 경찰은 경력 40여명을 투입해 봉고차 주변을 감쌌다.
서울 관악구에서 온 이영희(여·62)씨는 “핵을 즉각 폐기한다는 결과를 가져오지 못하면 이번 회담은 아무런 의미가 없다”면서 “우리가 살면 얼마나 살겠나. 아들·딸들이 핵 걱정 없는 세상에 살게 하기 위해서라도 이번 회담이 잘 됐으면 좋겠다”고 했다. 최원규(74)씨는 “살인마 김정은의 목숨줄인 핵을 내놓으라는 확약을 받아올 수 있겠느냐”면서 “그동안 약속 해놓고 말을 손바닥 뒤집듯 해온 것은 북한”이라고 했다.
이날 집회 식순에는 박근혜 전 대통령과 도널드 트럼프 미국 대통령에 대한 경례도 포함됐다. 참가자들은 사회자의 진행에 따라 애국가를 부른 뒤, 박 전 대통령과 트럼프 대통령의 사진에 거수경례했다. 경기 고양시에서 온 박순희(여·69)씨는 “핵을 쥐고 쇼하는 김정은보다 박 전 대통령과 트럼프 대통령을 더 믿고 지지한다”고 했다.
‘친미(親美)’ 국가로 알려진 이스라엘의 국기를 든 이들도 있었다. 이재호(62)씨는 “이스라엘과 미국이 동맹국가고, 우리도 미국과 동맹국” 이라면서 “이스라엘은 한국전쟁 때도 군대를 보내 우리를 지켜줬다. ‘한-미-이’ 삼국은 혈맹”이라고 말했다. 서울 강남에서 온 유재근(72)씨는 “이스라엘은 미국의 도움을 받아 중동 국가에 둘러싸여 있지만 나라를 지키고 있다”며 “한국도 북한과 중국의 위협으로부터 안전하기 위해서는 미국과 친하게 지내야 한다”고 말했다.
이날 남북정상회담 프레스센터가 있는 경기도 고양시 킨텍스 전시장 주변에선 1인 시위가 열렸다. 권재구(68)씨는 문 대통령과 김정은이 악수하는 사진과 ‘It is not peace. It is the short cut to hell(이것은 평화가 아니다. 지옥으로 가는 지름길이다)’이라는 말이 적힌 피켓을 들고 있었다. 외신기자들을 겨냥해 영어로 글씨를 적었다고 했다.
권씨는 “북한이 앞으로는 평화를 앞세우면서 뒤로는 연평해전 등 도발을 계속해왔지 않느냐”며 “북한이 핵을 폐기하는 것이 아니라 포기한다는 것은 언제든지 다시 쏠수도 있다는 말 아니냐, 김정은의 농간에 속으면 안 된다”고 말했다.
이와 함께 엄마부대는 이날 오후 2시 서울 종로구 광화문 KT 빌딩 앞에서 정전협정 반대 집회를 연다. 같은 시각 애국시민연합은 여의도 더불어민주당 당사 앞에서 정상회담 개최 규탄 집회를 벌인다.","""4·27 남북회담은 사기극"" 보수단체, 임진각 등 서울 곳곳서 반대 집회
남북정상회담이 열린 27일 경기 파주시 임진각 등에선 보수 단체 회원들의 정상회담 반대 시위가 열렸다.
국가비상대책위원회, 문재인퇴진행동본부, 일파만파, 태극기행동본부, 나라지킴이 고교연합 등 보수 단체 회원 300여명은 낮 12시 경기도 파주시 임진각 교차로 앞 공원에 모여 “남북회담은 평화위장 대사기극”이라며 시위했다.
참가자들은 태극기와 성조기를 양손에 쥐고 있었다. 일부 회원은 ‘국민을 속이고 나라 팔아먹는 회담 반대한다’ ‘월남을 패망으로 이끈 평화협정 반대’ ‘북핵 거짓 25년 비핵화 즉각 실행’ ‘드루킹 게이트 몸통은 회담 자격 없다’ 같은 손팻말을 들고 집회에 참가했다.
이 밖에도 ‘연방제와 한반도기는 북한의 대남적화 통일수단’ ‘베트남식 공산통일 문재인의 4·27 속셈이다’ ‘자유도 인권도 없는 살인 독재체제와 평화?’ ‘위장평화 반대한다 4·27 남북회담 원천무효’ ‘문★김 판문점 회담 평화위장 대 사기극’이라는 문구가 적힌 플래카드도 내걸렸다. 북과 아쟁 등도 등장했다.
집회 사회자는 “정치체제가 비슷할 때라야 평화가 가능하다”며 “독재체제와 자유민주주의 체제간에는 평화를 이룰 수 없다”고 말했다. 이들은 시국선언문에서 “김정은은 핵과 미사일 등 대량살상무기를 개발해 인류평화를 유린하고 북한 2500만 인민들을 억압 통치하는 인권유린의 독재자”라며 “신뢰할 수 없는 남북의 두 사람이 자유대한민국과 한미동맹의 미래를 논하는 것부터가 어불성설”이라고 했다.
그러면서 “두 정상이 제시하는 어떠한 평화적 제스처도 베트남식 한반도 적화통일 기도의 일환이라고 의심한다”면서 “곧 있을 미북정상회담에서 트럼프 미국 대통령님께서 현재 추진하고 있는 북한의 ‘완전하고 검증가능하며 되돌릴 수 없는 핵폐기’의 원칙을 전적으로 지지한다”고 말했다. 신소걸 목사는 “종전선언은 북한이 미군을 몰아내려는 속임수다. 월남 패망도 미군이 떠나면서였다”고 했다.
인공기와 한반도기가 그려진 종이 2장을 태우는 퍼포먼스도 나왔다. 봉고차 위에 올라가 있던 집회 사회자는 “국민을 속이는 남북 정상회담을 반대한다는 퍼포먼스를 하겠다”며 양복 안주머니에서 종이 2장을 꺼냈다. 한 면에는 김일성·김정일의 사진이 담긴 북한 인공기가 있었고 뒷면에는 한반도기 위에 ‘한반도기는 대남적화를 위한 깃발’이라는 문구가 쓰여 있었다. 종이에 불이 붙자 집회 참가자들 사이에서는 “더 해도 된다” “김정은 죽어라” 같은 구호가 터져나왔다. 집회 분위기가 끌어오르자 경찰은 경력 40여명을 투입해 봉고차 주변을 감쌌다.
서울 관악구에서 온 이영희(여·62)씨는 “핵을 즉각 폐기한다는 결과를 가져오지 못하면 이번 회담은 아무런 의미가 없다”면서 “우리가 살면 얼마나 살겠나. 아들·딸들이 핵 걱정 없는 세상에 살게 하기 위해서라도 이번 회담이 잘 됐으면 좋겠다”고 했다. 최원규(74)씨는 “살인마 김정은의 목숨줄인 핵을 내놓으라는 확약을 받아올 수 있겠느냐”면서 “그동안 약속 해놓고 말을 손바닥 뒤집듯 해온 것은 북한”이라고 했다.
이날 집회 식순에는 박근혜 전 대통령과 도널드 트럼프 미국 대통령에 대한 경례도 포함됐다. 참가자들은 사회자의 진행에 따라 애국가를 부른 뒤, 박 전 대통령과 트럼프 대통령의 사진에 거수경례했다. 경기 고양시에서 온 박순희(여·69)씨는 “핵을 쥐고 쇼하는 김정은보다 박 전 대통령과 트럼프 대통령을 더 믿고 지지한다”고 했다.
‘친미(親美)’ 국가로 알려진 이스라엘의 국기를 든 이들도 있었다. 이재호(62)씨는 “이스라엘과 미국이 동맹국가고, 우리도 미국과 동맹국” 이라면서 “이스라엘은 한국전쟁 때도 군대를 보내 우리를 지켜줬다. ‘한-미-이’ 삼국은 혈맹”이라고 말했다. 서울 강남에서 온 유재근(72)씨는 “이스라엘은 미국의 도움을 받아 중동 국가에 둘러싸여 있지만 나라를 지키고 있다”며 “한국도 북한과 중국의 위협으로부터 안전하기 위해서는 미국과 친하게 지내야 한다”고 말했다.
이날 남북정상회담 프레스센터가 있는 경기도 고양시 킨텍스 전시장 주변에선 1인 시위가 열렸다. 권재구(68)씨는 문 대통령과 김정은이 악수하는 사진과 ‘It is not peace. It is the short cut to hell(이것은 평화가 아니다. 지옥으로 가는 지름길이다)’이라는 말이 적힌 피켓을 들고 있었다. 외신기자들을 겨냥해 영어로 글씨를 적었다고 했다.
권씨는 “북한이 앞으로는 평화를 앞세우면서 뒤로는 연평해전 등 도발을 계속해왔지 않느냐”며 “북한이 핵을 폐기하는 것이 아니라 포기한다는 것은 언제든지 다시 쏠수도 있다는 말 아니냐, 김정은의 농간에 속으면 안 된다”고 말했다.
이와 함께 엄마부대는 이날 오후 2시 서울 종로구 광화문 KT 빌딩 앞에서 정전협정 반대 집회를 연다. 같은 시각 애국시민연합은 여의도 더불어민주당 당사 앞에서 정상회담 개최 규탄 집회를 벌인다.",13,2359
iks_20180427_chosun_news_042,Chosun news 2018 April 27 corpus.txt,Chosun Ilbo,조선일보,news,2018-04-27,2018_april_summit,"日, 정상회담 당일까지 “독도 디저트 매우 불필요”",,"고노 다로(河野太郎·사진) 일본 외무상은 남북 정상회담이 열린 27일에도 정상회담 만찬 메뉴로 독도가 그려진 디저트가 등장하는 데 대해 “매우 불필요하다”는 입장을 재차 강조했다. 앞서 일본 정부는 지난 24일에도 유감을 표하며 한국 정부가 독도 지도가 그려진 디저트를 만찬에 내놓지 말아야 한다고 주장했다.
교도통신 등 일본 언론에 따르면, 고노 외무상은 이날 남북 정상회담이 시작된 직후 논평을 내놓으면서 ‘독도 디저트’와 관련해 불쾌감을 표시한 것으로 전해졌다. 그는 그러면서도 남북 정상회담에 대해서는 “남북 정상회담이 실현된 것은 한국 정부의 공헌과 노력이 매우 컸기 때문에, 경의를 표하고 싶다”며 “외무성이 이미 한국 쪽에 말했지만, 오늘은 비핵화를 포함해 여러 가지 것이 정상회담에서 논의되기 때문에 상황을 착실히 지켜보고 싶다”고 했다.
이날 후쿠이 데리 영토담당상도고노 외무상과 마찬가지로 “다케시마(독도)는 역사적으로도 국제법상으로도 일본의 영토이며 매우 유감”이라면서 “일본의 입장을 이해시키기 위해 소통을 강화하겠다”는 입장을 내놨다.
일본 정부가 문제 삼는 메뉴는 ‘민족의 봄’이라는 이름이 붙은 망고무스 디저트다. 이 망고무스 위에 놓여진 한반도기엔 독도가 그려져 있다. 봄꽃으로 장식한 망고무스 위에 한반도기를 놓아 단합된 한민족을 표현하고 반목을 넘어 남북이 하나됨을 형상화했다는 게 청와대 측의 설명이다.","日, 정상회담 당일까지 “독도 디저트 매우 불필요”
고노 다로(河野太郎·사진) 일본 외무상은 남북 정상회담이 열린 27일에도 정상회담 만찬 메뉴로 독도가 그려진 디저트가 등장하는 데 대해 “매우 불필요하다”는 입장을 재차 강조했다. 앞서 일본 정부는 지난 24일에도 유감을 표하며 한국 정부가 독도 지도가 그려진 디저트를 만찬에 내놓지 말아야 한다고 주장했다.
교도통신 등 일본 언론에 따르면, 고노 외무상은 이날 남북 정상회담이 시작된 직후 논평을 내놓으면서 ‘독도 디저트’와 관련해 불쾌감을 표시한 것으로 전해졌다. 그는 그러면서도 남북 정상회담에 대해서는 “남북 정상회담이 실현된 것은 한국 정부의 공헌과 노력이 매우 컸기 때문에, 경의를 표하고 싶다”며 “외무성이 이미 한국 쪽에 말했지만, 오늘은 비핵화를 포함해 여러 가지 것이 정상회담에서 논의되기 때문에 상황을 착실히 지켜보고 싶다”고 했다.
이날 후쿠이 데리 영토담당상도고노 외무상과 마찬가지로 “다케시마(독도)는 역사적으로도 국제법상으로도 일본의 영토이며 매우 유감”이라면서 “일본의 입장을 이해시키기 위해 소통을 강화하겠다”는 입장을 내놨다.
일본 정부가 문제 삼는 메뉴는 ‘민족의 봄’이라는 이름이 붙은 망고무스 디저트다. 이 망고무스 위에 놓여진 한반도기엔 독도가 그려져 있다. 봄꽃으로 장식한 망고무스 위에 한반도기를 놓아 단합된 한민족을 표현하고 반목을 넘어 남북이 하나됨을 형상화했다는 게 청와대 측의 설명이다.",4,692
iks_20180427_chosun_news_043,Chosun news 2018 April 27 corpus.txt,Chosun Ilbo,조선일보,news,2018-04-27,2018_april_summit,"남북정상, 오후 4시 30분 '기념식수' 행사 예정",,"문재인 대통령과 김정은 북한 국무위원장은 27일 오후 4시 30분부터 ‘기념식수’ 행사를 진행할 예정이다.
김정은은 이날 오전 회담을 마치고 북한으로 돌아간 상태다.
문 대통령과 김정은은 이날 따로 오찬 및 휴식을 위한 시간을 갖고, 회담 전략을 정비중인 것으로 보인다.
양측은 이날 오후 4시 30분 고 정주영 현대그룹 명예회장의 소떼 방북 경로로 쓰인 판문점 군사정전위원회 건물 동편 공터의 ‘소떼길’ 위에 1953년생 소나무를 함께 심는 기념식수 행사로 오후 일정을 시작할 예정이다.
이후에는 문 대통령과 김정은이 배석자 없이 ‘도보다리’를 산책한 뒤, 오후 정상회담, 환영 만찬, 환송 행사 등이 예정돼 있다.","남북정상, 오후 4시 30분 '기념식수' 행사 예정
문재인 대통령과 김정은 북한 국무위원장은 27일 오후 4시 30분부터 ‘기념식수’ 행사를 진행할 예정이다.
김정은은 이날 오전 회담을 마치고 북한으로 돌아간 상태다.
문 대통령과 김정은은 이날 따로 오찬 및 휴식을 위한 시간을 갖고, 회담 전략을 정비중인 것으로 보인다.
양측은 이날 오후 4시 30분 고 정주영 현대그룹 명예회장의 소떼 방북 경로로 쓰인 판문점 군사정전위원회 건물 동편 공터의 ‘소떼길’ 위에 1953년생 소나무를 함께 심는 기념식수 행사로 오후 일정을 시작할 예정이다.
이후에는 문 대통령과 김정은이 배석자 없이 ‘도보다리’를 산책한 뒤, 오후 정상회담, 환영 만찬, 환송 행사 등이 예정돼 있다.",5,345
iks_20180427_chosun_news_044,Chosun news 2018 April 27 corpus.txt,Chosun Ilbo,조선일보,news,2018-04-27,2018_april_summit,"文 ""北통해 백두산 가고 싶다"" 金 ""교통 불편해 민망하다""",,"문재인 대통령과 김정은 북한 국무위원장은 27일 오전 9시 30분 첫 만남을 가진 뒤 2시간 30분가량 대화를 나눴다. 문 대통령은 이날 의장대의 사열을 받으며 김정은에게 “청와대에 오면 훨씬 좋은 장면을 보여줄 수 있다”고 했고, 김정은은 “대통령이 초청해주시면 언제라도 청와대에 가겠다”고 답했다.
김정은은 이날 평화의집 환담장에서 “문 대통령이 우리 때문에 NSC(국가안전보장회의)를 새벽에 여느라 수고하셨고 습관이 되셨겠다”며 “새벽잠을 설치지 않게 내가 확인하겠다”고도 했다. 다음은 문 대통령과 김정은의 대화를 재구성한 내용.
문재인 대통령(이하 문) : 남측으로 오셨는데, 저는 언제쯤 넘어갈 수 있겠느냐?
김정은(이하 김) : 그럼 지금 넘어가 보는 게 어떠신가?(문 대통령의 손을 이끌고 MDL을 넘어갔다 옴)
◇전통 의장대 사열
문 : 외국 사람들도 우리 전통 의장대를 좋아한다. 그런데 오늘 보여준 전통의장대는 약식이라 아쉽다. 청와대에 오면 훨씬 좋은 장면을 보여 드릴 수 있다.
김 : 아 그런가. 대통령께서 초청해주면 언제라도 청와대에 가겠다.
◇의장대 사열 후 수행원과의 만남
김 : 오늘 이 자리에 왔다가 사열이 끝나고 바로 돌아가야 하는 분들이 있다.
문 : 그러면 가기 전에 남북공식수행원이 기념으로 사진을 함께 찍었으면 좋겠다.(청와대는 이후 예정에 없었던 포토타임을 가졌다고 설명)
◇평화의 집 로비
김 : (로비에 걸린 민정기 화백의 ‘북한산’ 그림을 보며) 이건 어떤 기법으로 그런 것인가.
문 : 서양화인데, 우리 동양적 기법으로 그런 것이다.
◇사전 환담
문 : (환담장 뒷벽에 걸린 김중만 작가의 ‘훈민정음’ 소개하며) 이 작품은 세종대왕이 만든 훈민정음의 글씨를 작업한 것이다. 이것을 보면 ‘서로 사맛디’는 서로 통한다는 뜻이고 글자에 ‘ㅁ’이 들어가 있다. ‘맹가노니’는 만들다는 뜻이다. 거기에 ‘ㄱ’을 특별히 표시했다. 서로 통하게 만든다는 뜻이다. 사맛디의 ‘ㅁ’은 문재인의 미음, 맹가노니의 ‘ㄱ’은 김정은의 ‘ㄱ’이다.
김 : 세부에까지 마음을 썼다.
문 : 여기까지 어떻게 오셨나?
김 : 새벽에 차를 이용해 개성을 거쳐 왔다. 대통령께서도 아침 일찍 출발했겠다.
문 : 난 불과 52㎞ 떨어져 있어 한 시간 정도 걸렸다
김 : 대통령께서 우리 때문에 NSC 참석하느라 새벽잠 많이 설쳤다는데, 새벽에 일어나는 게 습관이 됐겠다.
문 : 우리 특사단이 갔을 때, 선제적으로 말씀해줘서 앞으로 발 뻗고 자겠다.
김 : 대통령이 새벽잠 설치지 않도록 내가 확인하겠다. 불과 200m 오면서 왜 이리 멀어 보였을까. 또 왜 이리 어려웠을까 생각했다. 원래 평양에서 대통령을 만날 줄 알았는데 여기서 만난 게 더 잘됐다. 대결의 상징인 장소에서 많은 사람이 기대를 갖고 보고 있다. 오면서 보니 실향민, 탈북자, 연평도 주민 등 언제 북한군 포격이 날아올까 걱정하는 분들도 오늘 우리 만남에 기대하고 있는 걸 봤다. (청와대 관계자는 “이 부분은 김정은 위원장의 발언으로, 김 위원장이 남측의 언어로 설명한 것”이라고 전했다.) 이 기회를 소중히 해서 남북 상처가 치유되는 계기가 됐으면 한다. 군사분계선이 높지도 않은데 많은 사람이 밟고 지나다니다 보면 없어지지 않겠나.
문 : 도로변에서 많은 주민이 환송해줬다. 그만큼 우리 만남에 대한 기대가 크다. 대성동 주민들도 나와서 사진 찍었다. 우리 어깨가 무겁다. 오늘 판문점을 시작으로 서울과 평양, 제주도와 백두산으로 만남이 이어졌으면 한다.
문 : (장백폭포와 성산일출봉 그림을 가리키면서) 왼쪽에는 장백 폭포, 오른쪽에는 성산일출봉 사진이 있다.
김 : 나보다 백두산에 대해 더 잘 아는 것 같다.
문 : 백두산에 가본 적이 없다. 중국 쪽으로 백두산 가는 사람이 많다. 나는 북측을 통해서 꼭 백두산에 가보고 싶다.
김 : 대통령이 오면 솔직히 걱정되는 것이 우리 교통이 불비해 불편을 드릴 것 같다. 평창 올림픽 다녀온 사람들이 말하는데 평창행 고속열차가 좋다고 하더라. 남측의 이런 환경에 있다가 북측에 오면 참으로 민망할 수 있겠다. 우리도 준비해서 편하게 올 수 있도록 하겠다.
문 : 앞으로 북쪽으로 철도 연결되면 모두가 고속철도 이용할 수 있다. 이런게 6·15, 10·4 합의서에 쓰여 있는데 10년 동안 실천되지 못했다. 남북 관계가 달라져 그 맥이 끊긴 게 한스럽다. 김 위원장이 힘써 10년 만에 혈맥을 잇게 됐다.
김 : 기대가 큰 만큼 회의적인 시각도 있다. 큰 합의를 해놓고 10년 동안 실천하지 못했다. 오늘 만남도 제대로 실천이 되겠냐는 회의적인 시각이 있다. 짧은 거리 오면서 정말 11년이나 걸렸나 생각했다. 11년 동안 못한 걸 100여일동안 달려왔다. 굳게 손잡고 가면 지금보다 나빠질 수 있겠느냐고 생각했다.
김 : 여기서 만나면 불편하지 않을까 했는데, 친서와 특사단을 통해 대화를 해보니 마음이 편했다. 서로 간 신뢰와 믿음이 중요하다.
문 : (김여정 가리키며) 김여정 부부장이 남쪽에서 스타가 됐다. (일동 웃음, 김여정 얼굴 빨개짐)
문 : 오늘 주인공은 김 위원장과 나다. 과거 실패를 거울삼아 잘할 것이다. 과거엔 정권 중간이나 말에 합의가 이뤄져, 정권이 바뀌면서 실천이 안됐다. 나는 1년차다. 앞으로 속도를 유지했으면 좋겠다.
김 : 김여정이 속한 부서에서 ‘만리마 속도전’이라는 말을 만들었다. 이걸 남과 북의 통일의 속도로 삼자고 했다. (일동 웃음)
임종석 대통령 비서실장 : 살얼음에 안빠지려면 속도를 늦춰선 안된다는 말이 있다.
문 : 과거 되돌아 봤을 때, 중요한 건 속도다. 김 위원장 이제 자주 만나자. 마음을 단단히 먹고 원점 오는 일이 없도록 해야한다. 기대 부응해 좋은 세상 만들자. 앞으로 우리도 잘하겠다. 북측에 큰 사고 있었다고 들었다. 수습하느라 고생이 많았다. 김 위원장이 직접 나서 병원에 가 위로하고, 특별 열차를 배려했다고 들었다.
김 : 대결의 역사 종지부 찍자고 왔고 우리 사이에 걸린 문제에 대해 대통령과 무릎을 맞대고 풀려고 왔다. 꼭 좋은 앞날이 올 것이라 확신하게 됐다.
문 : 한반도 문제는 우리가 주인이다. 그러면서도 세계와 함께 가는 우리 민족이 될 것이다. 우리가 이끌고 주변국이 따라올 수 있게 해야 한다.
◇오전회담 후 마무리발언
김 : 내가 말씀드리자면, 고저 비행기로 오시면 제일 편안하시니까, 우리 도로라는게, 아까도 말씀드렸지만 불편합니다. 제가 오늘 내려와보니까 이제 오시면 이제 공항에서 영접 의식을 하고 이렇게 하면 잘 될 것 같습니다.
문 : (웃음) 그정도는 또 닥쳐서 논의하는 맛도 있어야죠. (웃음)
김 : (웃음) 오늘 여기서 다음 계획까지 다 할 필요는 없지요.
문 : 아주 오늘 좋은 논의를 많이 이뤄서 아주 우리 남북의 국민들에게, 전 세계 사람들에게 아주 선물이 사람 될 것 같습니다.
김 : 많이 기대하셨던 분들한테 물론 이제 시작에, 빙산의 일각에 지나지 않겠지만, 우리 오늘 첫 만남과 오늘 이야기된게 발표되고 하면 기대하셨던 분들이 조금이나마 기대를 만족을 드렸으면 하는 바람입니다.
문 : 감사합니다.
김 : 감사합니다.","文 ""北통해 백두산 가고 싶다"" 金 ""교통 불편해 민망하다""
문재인 대통령과 김정은 북한 국무위원장은 27일 오전 9시 30분 첫 만남을 가진 뒤 2시간 30분가량 대화를 나눴다. 문 대통령은 이날 의장대의 사열을 받으며 김정은에게 “청와대에 오면 훨씬 좋은 장면을 보여줄 수 있다”고 했고, 김정은은 “대통령이 초청해주시면 언제라도 청와대에 가겠다”고 답했다.
김정은은 이날 평화의집 환담장에서 “문 대통령이 우리 때문에 NSC(국가안전보장회의)를 새벽에 여느라 수고하셨고 습관이 되셨겠다”며 “새벽잠을 설치지 않게 내가 확인하겠다”고도 했다. 다음은 문 대통령과 김정은의 대화를 재구성한 내용.
문재인 대통령(이하 문) : 남측으로 오셨는데, 저는 언제쯤 넘어갈 수 있겠느냐?
김정은(이하 김) : 그럼 지금 넘어가 보는 게 어떠신가?(문 대통령의 손을 이끌고 MDL을 넘어갔다 옴)
◇전통 의장대 사열
문 : 외국 사람들도 우리 전통 의장대를 좋아한다. 그런데 오늘 보여준 전통의장대는 약식이라 아쉽다. 청와대에 오면 훨씬 좋은 장면을 보여 드릴 수 있다.
김 : 아 그런가. 대통령께서 초청해주면 언제라도 청와대에 가겠다.
◇의장대 사열 후 수행원과의 만남
김 : 오늘 이 자리에 왔다가 사열이 끝나고 바로 돌아가야 하는 분들이 있다.
문 : 그러면 가기 전에 남북공식수행원이 기념으로 사진을 함께 찍었으면 좋겠다.(청와대는 이후 예정에 없었던 포토타임을 가졌다고 설명)
◇평화의 집 로비
김 : (로비에 걸린 민정기 화백의 ‘북한산’ 그림을 보며) 이건 어떤 기법으로 그런 것인가.
문 : 서양화인데, 우리 동양적 기법으로 그런 것이다.
◇사전 환담
문 : (환담장 뒷벽에 걸린 김중만 작가의 ‘훈민정음’ 소개하며) 이 작품은 세종대왕이 만든 훈민정음의 글씨를 작업한 것이다. 이것을 보면 ‘서로 사맛디’는 서로 통한다는 뜻이고 글자에 ‘ㅁ’이 들어가 있다. ‘맹가노니’는 만들다는 뜻이다. 거기에 ‘ㄱ’을 특별히 표시했다. 서로 통하게 만든다는 뜻이다. 사맛디의 ‘ㅁ’은 문재인의 미음, 맹가노니의 ‘ㄱ’은 김정은의 ‘ㄱ’이다.
김 : 세부에까지 마음을 썼다.
문 : 여기까지 어떻게 오셨나?
김 : 새벽에 차를 이용해 개성을 거쳐 왔다. 대통령께서도 아침 일찍 출발했겠다.
문 : 난 불과 52㎞ 떨어져 있어 한 시간 정도 걸렸다
김 : 대통령께서 우리 때문에 NSC 참석하느라 새벽잠 많이 설쳤다는데, 새벽에 일어나는 게 습관이 됐겠다.
문 : 우리 특사단이 갔을 때, 선제적으로 말씀해줘서 앞으로 발 뻗고 자겠다.
김 : 대통령이 새벽잠 설치지 않도록 내가 확인하겠다. 불과 200m 오면서 왜 이리 멀어 보였을까. 또 왜 이리 어려웠을까 생각했다. 원래 평양에서 대통령을 만날 줄 알았는데 여기서 만난 게 더 잘됐다. 대결의 상징인 장소에서 많은 사람이 기대를 갖고 보고 있다. 오면서 보니 실향민, 탈북자, 연평도 주민 등 언제 북한군 포격이 날아올까 걱정하는 분들도 오늘 우리 만남에 기대하고 있는 걸 봤다. (청와대 관계자는 “이 부분은 김정은 위원장의 발언으로, 김 위원장이 남측의 언어로 설명한 것”이라고 전했다.) 이 기회를 소중히 해서 남북 상처가 치유되는 계기가 됐으면 한다. 군사분계선이 높지도 않은데 많은 사람이 밟고 지나다니다 보면 없어지지 않겠나.
문 : 도로변에서 많은 주민이 환송해줬다. 그만큼 우리 만남에 대한 기대가 크다. 대성동 주민들도 나와서 사진 찍었다. 우리 어깨가 무겁다. 오늘 판문점을 시작으로 서울과 평양, 제주도와 백두산으로 만남이 이어졌으면 한다.
문 : (장백폭포와 성산일출봉 그림을 가리키면서) 왼쪽에는 장백 폭포, 오른쪽에는 성산일출봉 사진이 있다.
김 : 나보다 백두산에 대해 더 잘 아는 것 같다.
문 : 백두산에 가본 적이 없다. 중국 쪽으로 백두산 가는 사람이 많다. 나는 북측을 통해서 꼭 백두산에 가보고 싶다.
김 : 대통령이 오면 솔직히 걱정되는 것이 우리 교통이 불비해 불편을 드릴 것 같다. 평창 올림픽 다녀온 사람들이 말하는데 평창행 고속열차가 좋다고 하더라. 남측의 이런 환경에 있다가 북측에 오면 참으로 민망할 수 있겠다. 우리도 준비해서 편하게 올 수 있도록 하겠다.
문 : 앞으로 북쪽으로 철도 연결되면 모두가 고속철도 이용할 수 있다. 이런게 6·15, 10·4 합의서에 쓰여 있는데 10년 동안 실천되지 못했다. 남북 관계가 달라져 그 맥이 끊긴 게 한스럽다. 김 위원장이 힘써 10년 만에 혈맥을 잇게 됐다.
김 : 기대가 큰 만큼 회의적인 시각도 있다. 큰 합의를 해놓고 10년 동안 실천하지 못했다. 오늘 만남도 제대로 실천이 되겠냐는 회의적인 시각이 있다. 짧은 거리 오면서 정말 11년이나 걸렸나 생각했다. 11년 동안 못한 걸 100여일동안 달려왔다. 굳게 손잡고 가면 지금보다 나빠질 수 있겠느냐고 생각했다.
김 : 여기서 만나면 불편하지 않을까 했는데, 친서와 특사단을 통해 대화를 해보니 마음이 편했다. 서로 간 신뢰와 믿음이 중요하다.
문 : (김여정 가리키며) 김여정 부부장이 남쪽에서 스타가 됐다. (일동 웃음, 김여정 얼굴 빨개짐)
문 : 오늘 주인공은 김 위원장과 나다. 과거 실패를 거울삼아 잘할 것이다. 과거엔 정권 중간이나 말에 합의가 이뤄져, 정권이 바뀌면서 실천이 안됐다. 나는 1년차다. 앞으로 속도를 유지했으면 좋겠다.
김 : 김여정이 속한 부서에서 ‘만리마 속도전’이라는 말을 만들었다. 이걸 남과 북의 통일의 속도로 삼자고 했다. (일동 웃음)
임종석 대통령 비서실장 : 살얼음에 안빠지려면 속도를 늦춰선 안된다는 말이 있다.
문 : 과거 되돌아 봤을 때, 중요한 건 속도다. 김 위원장 이제 자주 만나자. 마음을 단단히 먹고 원점 오는 일이 없도록 해야한다. 기대 부응해 좋은 세상 만들자. 앞으로 우리도 잘하겠다. 북측에 큰 사고 있었다고 들었다. 수습하느라 고생이 많았다. 김 위원장이 직접 나서 병원에 가 위로하고, 특별 열차를 배려했다고 들었다.
김 : 대결의 역사 종지부 찍자고 왔고 우리 사이에 걸린 문제에 대해 대통령과 무릎을 맞대고 풀려고 왔다. 꼭 좋은 앞날이 올 것이라 확신하게 됐다.
문 : 한반도 문제는 우리가 주인이다. 그러면서도 세계와 함께 가는 우리 민족이 될 것이다. 우리가 이끌고 주변국이 따라올 수 있게 해야 한다.
◇오전회담 후 마무리발언
김 : 내가 말씀드리자면, 고저 비행기로 오시면 제일 편안하시니까, 우리 도로라는게, 아까도 말씀드렸지만 불편합니다. 제가 오늘 내려와보니까 이제 오시면 이제 공항에서 영접 의식을 하고 이렇게 하면 잘 될 것 같습니다.
문 : (웃음) 그정도는 또 닥쳐서 논의하는 맛도 있어야죠. (웃음)
김 : (웃음) 오늘 여기서 다음 계획까지 다 할 필요는 없지요.
문 : 아주 오늘 좋은 논의를 많이 이뤄서 아주 우리 남북의 국민들에게, 전 세계 사람들에게 아주 선물이 사람 될 것 같습니다.
김 : 많이 기대하셨던 분들한테 물론 이제 시작에, 빙산의 일각에 지나지 않겠지만, 우리 오늘 첫 만남과 오늘 이야기된게 발표되고 하면 기대하셨던 분들이 조금이나마 기대를 만족을 드렸으면 하는 바람입니다.
문 : 감사합니다.
김 : 감사합니다.",45,3460
iks_20180427_chosun_news_045,Chosun news 2018 April 27 corpus.txt,Chosun Ilbo,조선일보,news,2018-04-27,2018_april_summit,천안함 폭침 사과도 못 받았는데…백령도 그림 앞에서 만찬 예정,,"남북 정상회담이 열리는 판문점 평화의 집 3층 연회장에 백령도의 두무진과 북한 땅인 장산곶을 소재로 한 미술작품이 걸렸다. 백령도 앞 바다는 2007년 남북정상회담 당시 김정은 국방위원장이 노무현 전 대통령에게 공동어로수역을 만들자고 제안하면서 'NLL(북방한계선) 포기' 논란을 가져온 지역인데다 두 차례의 연평해전, 천안함 폭침 사건 등이 있었던 곳이다.
청와대는 ""서해를 평화의 보금자리로 만들고자 하는 의미""라고 설명했다. 하지만 공동어로수역·평화수역 조성 문제가 정상회담에서 거론되면 NLL 포기 논란이 재점화될 가능성이 있는데다, 천안함 폭침에 대해 사과도 받지 못한 상황이어서 논란이 예상된다.
판문점 평화의 집 3층 연회장은 파티션을 쳐서 두개의 공간으로 나눴다. 오찬에는 우리측만 참석하지만 김정은 국무위원장을 포함한 북측 대표단이 참석하는 만찬 때는 공간을 터서 한 쪽에서 공연도 할 것으로 예상된다.
연회장 안 단상에는 피아노와 가야금, 드럼 등의 악기가 준비돼 있으며 가야금에는 '은방울'이라는 상표가 붙어있어 남북 합동공연이 될 것으로 전망된다.
헤드테이블 뒤에는 신태수 작가의 ‘두무진에서 장산곶’이 걸렸다. 가로 430㎝, 세로 130㎝ 한지에 먹으로 그린 작품으로 북한과 마주한 서해 최북단 백령도 해안가를 묘사했다.
신 작가는 백령도·연평도 등 서해5도를 비롯해 서해 여러 섬의 풍광을 화폭에 즐겨 담은 것으로 알려졌다. 특히 신 작가는 백령도 평화예술프로젝트를 통해 2012년부터 3년 동안 백령도를 오가며 다양한 작품을 남겼다.
청와대 관계자는 이 작품을 선정한 이유로 ""북한과 마주하고 있는 서해의 최전방 백령도에서 분쟁의 상징이었던 서해를 평화의 보금자리로 만들고자 하는 의도로 선정했다""고 설명했다.
두무진과 장산곶 앞 바다는 지난 2007년 남북 정상회담 당시 김정일이 '서해 공동어로수역'을 제안하면서 NLL포기 논란이 있었던 곳이다.
이재정 전 통일부 장관은 27일 CBS 김현정의 뉴스쇼에서 ""김정일이 먼저 서해를 평화수역으로 하자며 공동어로구역을 제안했다""며 ""그 곳을 군대가 아닌 경찰이 지키도록 하자고도 먼저 말했다""고 전했다.
국정원이 2013년 6월 공개한 정상회담 대화록에서도 김정일은 ""우리가 주장하는 군사경계선(해상 분계선), 또 남측이 주장하는 북방한계선(NLL), 이것 사이에 있는 수역을 공동어로구역 아니면 평화수역으로 설정하면 어떻겠나""라고 한 것으로 전해졌다.
북의 해상 분계선은 NLL보다 훨씬 남쪽에 그어져 있기 때문에 공동어로구역을 NLL 남쪽에 설정하자는 것으로 풀이됐다. 이번 정상회담에서도 서해 공동어로구역·평화수역 설정이 의제로 오르면 'NLL 포기’ 논란이 다시 일어날 가능성이 크다.
또 서해 5도는 두 차례의 연평해전과 천안함 폭침이 있었던 곳이다. 민군합동조사단 조사 결과 천안함 폭침이 북한 정찰총국의 소행인 것으로 밝혀지면서, 당시 정찰총국장이었던 김영철이 천안함 폭침의 주범으로 지목됐다.
최근 통일부는“천안함 폭침을 명백한 북한의 군사적 도발로 간주한다”면서도 “김영철이 천안함 공격을 주도했다고 단언하기는 어렵다”는 입장을 밝힌 바 있다. 국방부도 ""그 당시 (김영철이 주범일)가능성이 있다고 얘기한 것이고 공식 결론을 내린 것은 아니다”라고 밝힌 바 있다.","천안함 폭침 사과도 못 받았는데…백령도 그림 앞에서 만찬 예정
남북 정상회담이 열리는 판문점 평화의 집 3층 연회장에 백령도의 두무진과 북한 땅인 장산곶을 소재로 한 미술작품이 걸렸다. 백령도 앞 바다는 2007년 남북정상회담 당시 김정은 국방위원장이 노무현 전 대통령에게 공동어로수역을 만들자고 제안하면서 'NLL(북방한계선) 포기' 논란을 가져온 지역인데다 두 차례의 연평해전, 천안함 폭침 사건 등이 있었던 곳이다.
청와대는 ""서해를 평화의 보금자리로 만들고자 하는 의미""라고 설명했다. 하지만 공동어로수역·평화수역 조성 문제가 정상회담에서 거론되면 NLL 포기 논란이 재점화될 가능성이 있는데다, 천안함 폭침에 대해 사과도 받지 못한 상황이어서 논란이 예상된다.
판문점 평화의 집 3층 연회장은 파티션을 쳐서 두개의 공간으로 나눴다. 오찬에는 우리측만 참석하지만 김정은 국무위원장을 포함한 북측 대표단이 참석하는 만찬 때는 공간을 터서 한 쪽에서 공연도 할 것으로 예상된다.
연회장 안 단상에는 피아노와 가야금, 드럼 등의 악기가 준비돼 있으며 가야금에는 '은방울'이라는 상표가 붙어있어 남북 합동공연이 될 것으로 전망된다.
헤드테이블 뒤에는 신태수 작가의 ‘두무진에서 장산곶’이 걸렸다. 가로 430㎝, 세로 130㎝ 한지에 먹으로 그린 작품으로 북한과 마주한 서해 최북단 백령도 해안가를 묘사했다.
신 작가는 백령도·연평도 등 서해5도를 비롯해 서해 여러 섬의 풍광을 화폭에 즐겨 담은 것으로 알려졌다. 특히 신 작가는 백령도 평화예술프로젝트를 통해 2012년부터 3년 동안 백령도를 오가며 다양한 작품을 남겼다.
청와대 관계자는 이 작품을 선정한 이유로 ""북한과 마주하고 있는 서해의 최전방 백령도에서 분쟁의 상징이었던 서해를 평화의 보금자리로 만들고자 하는 의도로 선정했다""고 설명했다.
두무진과 장산곶 앞 바다는 지난 2007년 남북 정상회담 당시 김정일이 '서해 공동어로수역'을 제안하면서 NLL포기 논란이 있었던 곳이다.
이재정 전 통일부 장관은 27일 CBS 김현정의 뉴스쇼에서 ""김정일이 먼저 서해를 평화수역으로 하자며 공동어로구역을 제안했다""며 ""그 곳을 군대가 아닌 경찰이 지키도록 하자고도 먼저 말했다""고 전했다.
국정원이 2013년 6월 공개한 정상회담 대화록에서도 김정일은 ""우리가 주장하는 군사경계선(해상 분계선), 또 남측이 주장하는 북방한계선(NLL), 이것 사이에 있는 수역을 공동어로구역 아니면 평화수역으로 설정하면 어떻겠나""라고 한 것으로 전해졌다.
북의 해상 분계선은 NLL보다 훨씬 남쪽에 그어져 있기 때문에 공동어로구역을 NLL 남쪽에 설정하자는 것으로 풀이됐다. 이번 정상회담에서도 서해 공동어로구역·평화수역 설정이 의제로 오르면 'NLL 포기’ 논란이 다시 일어날 가능성이 크다.
또 서해 5도는 두 차례의 연평해전과 천안함 폭침이 있었던 곳이다. 민군합동조사단 조사 결과 천안함 폭침이 북한 정찰총국의 소행인 것으로 밝혀지면서, 당시 정찰총국장이었던 김영철이 천안함 폭침의 주범으로 지목됐다.
최근 통일부는“천안함 폭침을 명백한 북한의 군사적 도발로 간주한다”면서도 “김영철이 천안함 공격을 주도했다고 단언하기는 어렵다”는 입장을 밝힌 바 있다. 국방부도 ""그 당시 (김영철이 주범일)가능성이 있다고 얘기한 것이고 공식 결론을 내린 것은 아니다”라고 밝힌 바 있다.",13,1599
iks_20180427_chosun_news_046,Chosun news 2018 April 27 corpus.txt,Chosun Ilbo,조선일보,news,2018-04-27,2018_april_summit,혼게이자이 “김정은 일정 지킨 것 놀랍다…서프라이즈 연출도”,,"일본 니혼게이자이신문은 27일 남북 정상회담을 위해 판문점에 온 김정은 북한 국무위원장이 한국 측이 미리 발표 한 일정을 거의 지킨 것은 이례적이라고 평했다.
이 신문은 김정은이 이날 오전 예정된 9시 30 분 전에 모습을 드러내고 일정에 따라 도보로 회담 장소인 남측 평화의집으로 이동했다고 전했다. 이에 대해 이 신문은 “독재자는 암살 등을 우려해 사전에 정해진 예정대로 행동하지 않는 것이 통례”라며 “(이날 김정은 행보에) 각국의 외교단에서 놀라움의 소리가 커졌다”고 전했다.
신문이 인용한 서방 외교 소식통은 “남북의 신뢰 관계가 강하다는 표현”이라고 분석했다.
이날 문재인 대통령이 김정은의 제안에 따라 군사분계선 북쪽으로 잠시 넘어간 데 대해 주요 외신은 큰 의미를 부여했다. 니혼게이자이는 “판문점에서 김정은은 일단 남쪽에 발을 디딘 후 문 대통령과 손을 잡고 경계(군사분계선)를 넘어 북쪽에 들어갔다가 다시 함께 남쪽으로 넘어갔다”며 “몇 번이나 경계를 넘는 서프라이즈는 남북을 가르는 장벽을 극복할 수 있다는 의미를 담은 연출의 일환으로 풀이된다”고 전했다.
이날 한국군 현역 군인 중 최고위직인 정경두 합참의장(공군 대장)은 환영 행사에서 김정은에게 거수경례를 하지 않고 악수만 했다. 정복을 입은 군인은 실외에서 거수경례로 인사를 하는 게 원칙이지만, 이날 정복을 입고 나온 정 의장은 김정은에게 거수경례를 하지 않았다. 정 의장의 거수경례 여부를 두고 회담 전부터 관심이 모였다.
니혼게이자이는 김정은이 한국군의 의장대를 사열한 것에 대해 “한국군이 적인 북한의 지도자에 경례하는 것도 이번이 처음”이라고 전했다.","혼게이자이 “김정은 일정 지킨 것 놀랍다…서프라이즈 연출도”
일본 니혼게이자이신문은 27일 남북 정상회담을 위해 판문점에 온 김정은 북한 국무위원장이 한국 측이 미리 발표 한 일정을 거의 지킨 것은 이례적이라고 평했다.
이 신문은 김정은이 이날 오전 예정된 9시 30 분 전에 모습을 드러내고 일정에 따라 도보로 회담 장소인 남측 평화의집으로 이동했다고 전했다. 이에 대해 이 신문은 “독재자는 암살 등을 우려해 사전에 정해진 예정대로 행동하지 않는 것이 통례”라며 “(이날 김정은 행보에) 각국의 외교단에서 놀라움의 소리가 커졌다”고 전했다.
신문이 인용한 서방 외교 소식통은 “남북의 신뢰 관계가 강하다는 표현”이라고 분석했다.
이날 문재인 대통령이 김정은의 제안에 따라 군사분계선 북쪽으로 잠시 넘어간 데 대해 주요 외신은 큰 의미를 부여했다. 니혼게이자이는 “판문점에서 김정은은 일단 남쪽에 발을 디딘 후 문 대통령과 손을 잡고 경계(군사분계선)를 넘어 북쪽에 들어갔다가 다시 함께 남쪽으로 넘어갔다”며 “몇 번이나 경계를 넘는 서프라이즈는 남북을 가르는 장벽을 극복할 수 있다는 의미를 담은 연출의 일환으로 풀이된다”고 전했다.
이날 한국군 현역 군인 중 최고위직인 정경두 합참의장(공군 대장)은 환영 행사에서 김정은에게 거수경례를 하지 않고 악수만 했다. 정복을 입은 군인은 실외에서 거수경례로 인사를 하는 게 원칙이지만, 이날 정복을 입고 나온 정 의장은 김정은에게 거수경례를 하지 않았다. 정 의장의 거수경례 여부를 두고 회담 전부터 관심이 모였다.
니혼게이자이는 김정은이 한국군의 의장대를 사열한 것에 대해 “한국군이 적인 북한의 지도자에 경례하는 것도 이번이 처음”이라고 전했다.",6,804
iks_20180427_chosun_news_047,Chosun news 2018 April 27 corpus.txt,Chosun Ilbo,조선일보,news,2018-04-27,2018_april_summit,"김정은 ""수시로 만나""... 남북정상회담 정례화 시사",“수시로 만나” “잃어버린 11년”,"김정은 북한 국무위원장은 27일 판문점 남측 평화의집에서 열린 문재인 대통령과의 남북정상회담 모두발언에서 정상회담 정례화에 대한 의지를 밝혔다.
김정은은 취재진에 공개된 모두발언에서 “수시로 만나서 문제를 풀면 우리가 잃어버린 11년이 아깝지 않게 좋게 나가지 않을까 생각하면서 만감이 교차하는 마음으로 200m를 걸어왔다”고 했다.
‘수시로 만나자’는 김정은의 발언은 이번 회담을 계기로 남북정상회담 정례화가 합의될 수 있음을 예감케 한다. 양 정상이 정상회담 정례화에 합의할 경우, 정상회담 장소로는 판문점이 유력하게 꼽힌다.
이와 관련, 문재인 대통령도 모두발언에서 “김 위원장이 사상 최초로 군사 분계점을 넘어오는 순간 판문점은 분단이 아닌 평화의 상징이 됐다”고 말했다.
김정은은 이와 함께 2007년 남북정상회담 이후를 ‘잃어버린 11년’이라 통칭했다. 이는 이명박·박근혜 정부의 집권 기간을 ‘잃어버린 시간’으로 규정지은 것으로 보인다. 이와 관련, 일각에서는 남남갈등을 조장하는 발언이 아니냐는 분석을 내놓고 있다.
김정은이 만찬 메뉴를 설명하면서 자신들의 정성을 표현하기 위해 ‘멀리서 가져왔다’고 했다가 ‘멀지는 않구나’라고 정정한 대목도 눈에 띈다. 김정은은 “어렵사리 평양에서 평양냉면을 가져왔다. 대통령께서 편한 마음으로 멀리서 온, 멀다 하면 안 되겠구나. 좀 맛있게 먹었으면 좋겠다”고 했다. 이는 서울과 평양이 멀지 않다는 의미로 ‘미소 외교’의 일환으로 읽힌다.
아울러 김 정은은 두 정상 간 허심탄회한 대화와 통 큰 결단에 대한 의지도 피력했다. 김정은은 “오늘 현안 문제들, 관심사 되는 문제들을 툭 터놓고 이야기하고 좋은 결과를 만들어내자”고 했다. 이에 대해 문 대통령은 “통 크게 대화를 나누고 합의에 이르러서 평화를 바라는 모든 사람에게 큰 선물을 만들어 줬으면 한다”고 화답했다.","김정은 ""수시로 만나""... 남북정상회담 정례화 시사
“수시로 만나” “잃어버린 11년”
김정은 북한 국무위원장은 27일 판문점 남측 평화의집에서 열린 문재인 대통령과의 남북정상회담 모두발언에서 정상회담 정례화에 대한 의지를 밝혔다.
김정은은 취재진에 공개된 모두발언에서 “수시로 만나서 문제를 풀면 우리가 잃어버린 11년이 아깝지 않게 좋게 나가지 않을까 생각하면서 만감이 교차하는 마음으로 200m를 걸어왔다”고 했다.
‘수시로 만나자’는 김정은의 발언은 이번 회담을 계기로 남북정상회담 정례화가 합의될 수 있음을 예감케 한다. 양 정상이 정상회담 정례화에 합의할 경우, 정상회담 장소로는 판문점이 유력하게 꼽힌다.
이와 관련, 문재인 대통령도 모두발언에서 “김 위원장이 사상 최초로 군사 분계점을 넘어오는 순간 판문점은 분단이 아닌 평화의 상징이 됐다”고 말했다.
김정은은 이와 함께 2007년 남북정상회담 이후를 ‘잃어버린 11년’이라 통칭했다. 이는 이명박·박근혜 정부의 집권 기간을 ‘잃어버린 시간’으로 규정지은 것으로 보인다. 이와 관련, 일각에서는 남남갈등을 조장하는 발언이 아니냐는 분석을 내놓고 있다.
김정은이 만찬 메뉴를 설명하면서 자신들의 정성을 표현하기 위해 ‘멀리서 가져왔다’고 했다가 ‘멀지는 않구나’라고 정정한 대목도 눈에 띈다. 김정은은 “어렵사리 평양에서 평양냉면을 가져왔다. 대통령께서 편한 마음으로 멀리서 온, 멀다 하면 안 되겠구나. 좀 맛있게 먹었으면 좋겠다”고 했다. 이는 서울과 평양이 멀지 않다는 의미로 ‘미소 외교’의 일환으로 읽힌다.
아울러 김 정은은 두 정상 간 허심탄회한 대화와 통 큰 결단에 대한 의지도 피력했다. 김정은은 “오늘 현안 문제들, 관심사 되는 문제들을 툭 터놓고 이야기하고 좋은 결과를 만들어내자”고 했다. 이에 대해 문 대통령은 “통 크게 대화를 나누고 합의에 이르러서 평화를 바라는 모든 사람에게 큰 선물을 만들어 줬으면 한다”고 화답했다.",7,908
iks_20180427_chosun_news_048,Chosun news 2018 April 27 corpus.txt,Chosun Ilbo,조선일보,news,2018-04-27,2018_april_summit,"문 대통령, 김 위원장 만나는 순간 외신기자들의 반응",,"27일 오전 9시 30분 문재인 대통령과 김정은 국무위원장이 군사분계선(MDL)에서 만나는 순간 취재진이 모여있는 메인프레스센터(이하 MPC)엔 박수와 환호성이 터졌다.
특히 문재인 대통령과 김정은 위원장이 손을 잡고 걸어갈 때와, ‘평양냉면 발언’ 등 예상치 못한 에피소드가 나왔을 때는 흐뭇한 표정으로 MPC에 설치된 스크린을 바라보기도 했다.
러시아 통신사 ITAR-TASS의 이고르 벨랴예프는 “문재인 대통령이 군사분계선을 넘어간 것을 보고 깜짝 놀라 머리위로 박수를 쳤다”며 “전혀 예상치 못했지만 남한과 북한의 친근함을 나타내는 것 같아서 상황을 지켜보는 내내 웃음지었다”고 말했다.
한편, 고양시 킨텍스에 설치된 메인프레스센터(MPC)엔 2018 남북 정상회담을 취재하기 위해 37개국 3000여명의 기자가 모여있다.","문 대통령, 김 위원장 만나는 순간 외신기자들의 반응
27일 오전 9시 30분 문재인 대통령과 김정은 국무위원장이 군사분계선(MDL)에서 만나는 순간 취재진이 모여있는 메인프레스센터(이하 MPC)엔 박수와 환호성이 터졌다.
특히 문재인 대통령과 김정은 위원장이 손을 잡고 걸어갈 때와, ‘평양냉면 발언’ 등 예상치 못한 에피소드가 나왔을 때는 흐뭇한 표정으로 MPC에 설치된 스크린을 바라보기도 했다.
러시아 통신사 ITAR-TASS의 이고르 벨랴예프는 “문재인 대통령이 군사분계선을 넘어간 것을 보고 깜짝 놀라 머리위로 박수를 쳤다”며 “전혀 예상치 못했지만 남한과 북한의 친근함을 나타내는 것 같아서 상황을 지켜보는 내내 웃음지었다”고 말했다.
한편, 고양시 킨텍스에 설치된 메인프레스센터(MPC)엔 2018 남북 정상회담을 취재하기 위해 37개국 3000여명의 기자가 모여있다.",4,408
iks_20180427_chosun_news_049,Chosun news 2018 April 27 corpus.txt,Chosun Ilbo,조선일보,news,2018-04-27,2018_april_summit,"“김정은, 인민 위해 목숨 걸고 남한 간다” 北 내부 선전",,"북한이 27일 열린 남북 정상회담에 앞서 당 간부들을 대상으로 “김정은 북한 노동당 위원장이 인민을 위해 목숨을 걸고 혼자 남쪽에 간다”고 선전했다고 일본 아사히신문이 북한 소식통을 인용해 이날 보도했다.
소식통은 3월 말쯤 북한의 당 간부들을 대상으로 배포된 한 교육자료에 “원수님이 38선을 넘어 남측에 내려간다”고 적혀있다고 전했다. 김정은이 회담을 위해 군사분계선을 넘어 남측 평화의집으로 걸어가는 것을 “용기있는 결단”이라고 추켜세웠다고도 전했다.
아사히는 “(김정은의) 조부인 김일성 주석과 아버지 김정일 국방위원장이 이루지 못한 남측 방문의 의의를 강조해 김정은을 신격화한 것으로 보인다”고 분석했다.
소식통은 북한이 판문점 회담장으로 떠나는 김정은을 북한 주민들이 개성시에서부터 도로에 서서 환송하는 방안을 검토했다고도 전했다. 그러나 당국은 도로가 좁고 지뢰의 위험이 있어 신중한 자세를 보인 것으로 전해져, 실제 북한 주민들의 배웅이 있었는지는 확인되지 않았다.
또 다른 소식통은 김정은이 남북 정상회담 개최지로 판문점을 직접 요구했다고 전했다. 한국의 대북특사단이 지난달 초 방북해 서울·제주·판문점·평양을 후보지로 제안했으나 김정은이 판문점을 요구했다는 것이다.","“김정은, 인민 위해 목숨 걸고 남한 간다” 北 내부 선전
북한이 27일 열린 남북 정상회담에 앞서 당 간부들을 대상으로 “김정은 북한 노동당 위원장이 인민을 위해 목숨을 걸고 혼자 남쪽에 간다”고 선전했다고 일본 아사히신문이 북한 소식통을 인용해 이날 보도했다.
소식통은 3월 말쯤 북한의 당 간부들을 대상으로 배포된 한 교육자료에 “원수님이 38선을 넘어 남측에 내려간다”고 적혀있다고 전했다. 김정은이 회담을 위해 군사분계선을 넘어 남측 평화의집으로 걸어가는 것을 “용기있는 결단”이라고 추켜세웠다고도 전했다.
아사히는 “(김정은의) 조부인 김일성 주석과 아버지 김정일 국방위원장이 이루지 못한 남측 방문의 의의를 강조해 김정은을 신격화한 것으로 보인다”고 분석했다.
소식통은 북한이 판문점 회담장으로 떠나는 김정은을 북한 주민들이 개성시에서부터 도로에 서서 환송하는 방안을 검토했다고도 전했다. 그러나 당국은 도로가 좁고 지뢰의 위험이 있어 신중한 자세를 보인 것으로 전해져, 실제 북한 주민들의 배웅이 있었는지는 확인되지 않았다.
또 다른 소식통은 김정은이 남북 정상회담 개최지로 판문점을 직접 요구했다고 전했다. 한국의 대북특사단이 지난달 초 방북해 서울·제주·판문점·평양을 후보지로 제안했으나 김정은이 판문점을 요구했다는 것이다.",5,606
iks_20180427_chosun_news_050,Chosun news 2018 April 27 corpus.txt,Chosun Ilbo,조선일보,news,2018-04-27,2018_april_summit,"중국 CCTV ""남북 정상회담 곳곳 역사적 순간""",,"CCTV 신화통신 등 중국 매체들도 27일 남북정상회담 소식을 현장 생중계로 내보내며 ‘역사적” “처음”이라는 표현을 자주 사용했다.
CCTV는 김정은 북한 국무위원장이 군사분계선을 사이에 두고 문재인 대통령과 악수한 뒤 한국으로 넘어와 국군 의장대를 사열하는 모습을 보여주며 곳곳에 역사적인 순간이 있었다고 전했다. 문 대통령이 김 위원장의 요청으로 잠시 북쪽 땅을 밟고 악수하는 모습도 부각시켰다. 양국 관계의 특수성을 감안해 국기 게양은 하지 않았다고 전하기도 했다.
CCTV 신화통신 중국 매체는 정상회담 수식어로 남북을 의미하는 ‘한조(韓朝)’와 북남을 의미하는 ‘조한(朝韓)’을 섞어 사용했다.
CCTV는 김 위원장이 방명록에 적은 ""새로운 력사(역사)는 이제부터. 평화의 시대, 력사(역사)의 출발점에서""라는 문구를 소개하고, 남북 정상의 모두 발언도 현장화면과 함께 전했다.
CCTV는 앞서 이날 아침 뉴스에서 한국시간 오전 8시 5분 문 대통령이 청와대를 나와 회담장인 판문점으로 출발했다면서 현장 영상을 보도했다. CCTV는 서울과 평양에 있는 기자를 연결해 회담장 주변 분위기와 한국 시민 반응 등도 소개했다. 임진각 현장 스튜디오에 나간 CCTV 앵커 수이쥔이는 두 정상의 동선을 소개하면서 남북간 민간교류 확대도 기대하고 있다고 분위기를 전했다. 환구시보는 회담 일정과 두 정상의 동선을 그래픽으로 만들어 소개하기도 했다.
CCTV는 2000년과 2007년 각각 당시 김대중 대통령과 노무현 대통령이 김정일 국방위원장과 만난 남북 정상회담 역사를 짚기도 했다. 또 윤영관 전 외교통상부 장관 등과의 인터뷰를 통해 평화를 정착시키는 문이 열렸다고 의미를 부여했다. “한반도 비핵화를 위한 중요한 스텝”이라는 유엔 대변인의 논평을 전하기도 했다.
이날 오전 현재 중국 정부의 공식 반응은 없지만 화춘잉(華春瑩) 외교부 대변인은 전날 오후 정례 브리핑에서 ""남북 정상회담에서 양국이 성공을 거두기를 희망한다""며 ""한반도 문제에서 계속 좋은 소식이 들려오고 또 이를 통해 문제 해결의 올바른 길이 열리기를 바란다""고 기대했다.","중국 CCTV ""남북 정상회담 곳곳 역사적 순간""
CCTV 신화통신 등 중국 매체들도 27일 남북정상회담 소식을 현장 생중계로 내보내며 ‘역사적” “처음”이라는 표현을 자주 사용했다.
CCTV는 김정은 북한 국무위원장이 군사분계선을 사이에 두고 문재인 대통령과 악수한 뒤 한국으로 넘어와 국군 의장대를 사열하는 모습을 보여주며 곳곳에 역사적인 순간이 있었다고 전했다. 문 대통령이 김 위원장의 요청으로 잠시 북쪽 땅을 밟고 악수하는 모습도 부각시켰다. 양국 관계의 특수성을 감안해 국기 게양은 하지 않았다고 전하기도 했다.
CCTV 신화통신 중국 매체는 정상회담 수식어로 남북을 의미하는 ‘한조(韓朝)’와 북남을 의미하는 ‘조한(朝韓)’을 섞어 사용했다.
CCTV는 김 위원장이 방명록에 적은 ""새로운 력사(역사)는 이제부터. 평화의 시대, 력사(역사)의 출발점에서""라는 문구를 소개하고, 남북 정상의 모두 발언도 현장화면과 함께 전했다.
CCTV는 앞서 이날 아침 뉴스에서 한국시간 오전 8시 5분 문 대통령이 청와대를 나와 회담장인 판문점으로 출발했다면서 현장 영상을 보도했다. CCTV는 서울과 평양에 있는 기자를 연결해 회담장 주변 분위기와 한국 시민 반응 등도 소개했다. 임진각 현장 스튜디오에 나간 CCTV 앵커 수이쥔이는 두 정상의 동선을 소개하면서 남북간 민간교류 확대도 기대하고 있다고 분위기를 전했다. 환구시보는 회담 일정과 두 정상의 동선을 그래픽으로 만들어 소개하기도 했다.
CCTV는 2000년과 2007년 각각 당시 김대중 대통령과 노무현 대통령이 김정일 국방위원장과 만난 남북 정상회담 역사를 짚기도 했다. 또 윤영관 전 외교통상부 장관 등과의 인터뷰를 통해 평화를 정착시키는 문이 열렸다고 의미를 부여했다. “한반도 비핵화를 위한 중요한 스텝”이라는 유엔 대변인의 논평을 전하기도 했다.
이날 오전 현재 중국 정부의 공식 반응은 없지만 화춘잉(華春瑩) 외교부 대변인은 전날 오후 정례 브리핑에서 ""남북 정상회담에서 양국이 성공을 거두기를 희망한다""며 ""한반도 문제에서 계속 좋은 소식이 들려오고 또 이를 통해 문제 해결의 올바른 길이 열리기를 바란다""고 기대했다.",7,1031
iks_20180427_chosun_news_051,Chosun news 2018 April 27 corpus.txt,Chosun Ilbo,조선일보,news,2018-04-27,2018_april_summit,"남북정상회담, 오전 회담 종료…개별 오찬",,"문재인 대통령과 북한 김정은 국무위원장의 27일 오전 회담이 종료됐다.
김정은은 회담 종료 직후 자신의 벤츠 차량을 타고 판문점 북측 지역으로 이동했다.
문 대통령과 김정은은 개별 오찬을 가지면서 참모들과 오전 회담을 평가하고, 오후 회담을 준비할 예정이다.","남북정상회담, 오전 회담 종료…개별 오찬
문재인 대통령과 북한 김정은 국무위원장의 27일 오전 회담이 종료됐다.
김정은은 회담 종료 직후 자신의 벤츠 차량을 타고 판문점 북측 지역으로 이동했다.
문 대통령과 김정은은 개별 오찬을 가지면서 참모들과 오전 회담을 평가하고, 오후 회담을 준비할 예정이다.",3,144
iks_20180427_chosun_news_052,Chosun news 2018 April 27 corpus.txt,Chosun Ilbo,조선일보,news,2018-04-27,2018_april_summit,평양냉면 맛본 CNN앵커 “국수로 하나 되는 한반도”,,"미국 CNN은 26일(현지 시각) 남북 정상회담 저녁 만찬에 오르는 평양 옥류관 냉면을 소개하며 ‘국수 외교(noodle diplomacy)’라고 표현했다. 진행자들이 스튜디오에서 직접 냉면 맛을 보면서 “냉면이 남북간 ‘음식 외교’에서 상당히 중요한 부분을 차지한다”고 전했다.
CNN은 이날 남북 정상회담 특별 방송 중 ‘바람아 멈추어다오’를 부른 한국 가수 이지연을 초청해 스튜디오에서 직접 평양냉면의 맛을 재현해 달라고 했다. 2007년부터 미국에서 요리사로 활동하는 이지연은 “이북에서 살던 조부모에게 평양냉면 만드는 법을 전수받았다”며 평양식 동치미 냉면을 만들어 선보였다. 진행자들은 이지연의 냉면을 맛본 뒤 “맛있다”고 극찬했다.
CNN은 평양냉면이 남북 정상회담에서 교량 역할을 하는 음식이라고 강조했다. 보통 미국에서 냉면을 ‘차가운 국수(cold noodle)’이라고 표기하는 것과 다르게 자막에 원음 그대로 ‘평양냉면(Pyongyang Naengmyun)’이라고 썼다.
김정은 북한 노동당 위원장은 27일(한국 시각) 오전 10시 15분 시작된 남북 정상회담 모두발언 중 “오늘 저녁 만찬 음식에 대한 이야기가 많던데, 멀리서 평양냉면을 가져왔다”며 “문재인 대통령이 맛있게 드셔주셨으면 좋겠다”고 말했다.
만찬 음식이 평양냉면으로 정해진 것은 문재인 대통령이 지난 24일 “(북한 식당) 옥류관 평양냉면이 좋겠다”고 제안하면서다. 북측은 다음 날 평양 옥류관 수석 요리사를 판문점에 파견하고, 옥류관 제면기를 통일각에 설치했다. 통일각에서 뽑아낸 냉면을 정상회담 장소인 평화의 집으로 배달해 옥류관 냉면의 맛을 그대로 살릴 예정이다.","평양냉면 맛본 CNN앵커 “국수로 하나 되는 한반도”
미국 CNN은 26일(현지 시각) 남북 정상회담 저녁 만찬에 오르는 평양 옥류관 냉면을 소개하며 ‘국수 외교(noodle diplomacy)’라고 표현했다. 진행자들이 스튜디오에서 직접 냉면 맛을 보면서 “냉면이 남북간 ‘음식 외교’에서 상당히 중요한 부분을 차지한다”고 전했다.
CNN은 이날 남북 정상회담 특별 방송 중 ‘바람아 멈추어다오’를 부른 한국 가수 이지연을 초청해 스튜디오에서 직접 평양냉면의 맛을 재현해 달라고 했다. 2007년부터 미국에서 요리사로 활동하는 이지연은 “이북에서 살던 조부모에게 평양냉면 만드는 법을 전수받았다”며 평양식 동치미 냉면을 만들어 선보였다. 진행자들은 이지연의 냉면을 맛본 뒤 “맛있다”고 극찬했다.
CNN은 평양냉면이 남북 정상회담에서 교량 역할을 하는 음식이라고 강조했다. 보통 미국에서 냉면을 ‘차가운 국수(cold noodle)’이라고 표기하는 것과 다르게 자막에 원음 그대로 ‘평양냉면(Pyongyang Naengmyun)’이라고 썼다.
김정은 북한 노동당 위원장은 27일(한국 시각) 오전 10시 15분 시작된 남북 정상회담 모두발언 중 “오늘 저녁 만찬 음식에 대한 이야기가 많던데, 멀리서 평양냉면을 가져왔다”며 “문재인 대통령이 맛있게 드셔주셨으면 좋겠다”고 말했다.
만찬 음식이 평양냉면으로 정해진 것은 문재인 대통령이 지난 24일 “(북한 식당) 옥류관 평양냉면이 좋겠다”고 제안하면서다. 북측은 다음 날 평양 옥류관 수석 요리사를 판문점에 파견하고, 옥류관 제면기를 통일각에 설치했다. 통일각에서 뽑아낸 냉면을 정상회담 장소인 평화의 집으로 배달해 옥류관 냉면의 맛을 그대로 살릴 예정이다.",5,815
iks_20180427_chosun_news_053,Chosun news 2018 April 27 corpus.txt,Chosun Ilbo,조선일보,news,2018-04-27,2018_april_summit,北 군수뇌부는 文대통령에 ‘거수경례’…南 합참의장은 김정은에 ‘악수’,,"판문점에서 27일 열린 ‘2018 남북정상회담’ 환영행사에서는 공식 수행원으로 참가한 양측 군 수뇌부 인사들의 경례 장면이 대조됐다.
우리군 현역 군인 중 최고위직인 정경두 합참의장은 이날 김정은 국무위원장과 인사를 하면서 거수경례를 하지 않고 악수만 했다. 정복을 입은 현역 군인은 실외에서는 거수경례로 인사하는 게 원칙이다.
하지만 천안함 폭침사건과 연평도 포격 등 각종 도발을 저질러온 북한 최고 지도자에게 우리 군 서열 1위가 거수경례를 하는 것이 적절하냐는 지적이 나왔고, 정 합참의장도 이와 같은 시각을 의식해 거수경례를 하지 않은 것으로 알려졌다.
반면, 문재인 대통령과 인사를 나눈 리명수 북한 인민군 총참모장과 박영식 인민무력상은 거수경례한 후 악수했다.
리명수와 박영식은 북한 군부의 ‘투톱’이다. 리명수는 우리나라 합참의장 급으로 북한 군부 서열 2위다. 박영식은 우리나라의 국방부 장관 격으로 북한 군부 서열 3위다. 김정은 체제에서 가장 오래 현직에 머무르고 있는 군부 인사 중 한명으로 2015년 6월에 임명된 후 3년째 자리를 지키고 있다.
군 관계자는 “우리측은 북한으로부터 천안함 폭침 등의 사과를 받지 못한 상황에서 김정은에게 예우를 갖추기 어려운 상황이었다”며 “반면, 천안함 폭침 등을 인정하지 않는 북한으로서는 ‘정상국가’임을 과시하며 여유를 부린 것”이라고 했다.","北 군수뇌부는 文대통령에 ‘거수경례’…南 합참의장은 김정은에 ‘악수’
판문점에서 27일 열린 ‘2018 남북정상회담’ 환영행사에서는 공식 수행원으로 참가한 양측 군 수뇌부 인사들의 경례 장면이 대조됐다.
우리군 현역 군인 중 최고위직인 정경두 합참의장은 이날 김정은 국무위원장과 인사를 하면서 거수경례를 하지 않고 악수만 했다. 정복을 입은 현역 군인은 실외에서는 거수경례로 인사하는 게 원칙이다.
하지만 천안함 폭침사건과 연평도 포격 등 각종 도발을 저질러온 북한 최고 지도자에게 우리 군 서열 1위가 거수경례를 하는 것이 적절하냐는 지적이 나왔고, 정 합참의장도 이와 같은 시각을 의식해 거수경례를 하지 않은 것으로 알려졌다.
반면, 문재인 대통령과 인사를 나눈 리명수 북한 인민군 총참모장과 박영식 인민무력상은 거수경례한 후 악수했다.
리명수와 박영식은 북한 군부의 ‘투톱’이다. 리명수는 우리나라 합참의장 급으로 북한 군부 서열 2위다. 박영식은 우리나라의 국방부 장관 격으로 북한 군부 서열 3위다. 김정은 체제에서 가장 오래 현직에 머무르고 있는 군부 인사 중 한명으로 2015년 6월에 임명된 후 3년째 자리를 지키고 있다.
군 관계자는 “우리측은 북한으로부터 천안함 폭침 등의 사과를 받지 못한 상황에서 김정은에게 예우를 갖추기 어려운 상황이었다”며 “반면, 천안함 폭침 등을 인정하지 않는 북한으로서는 ‘정상국가’임을 과시하며 여유를 부린 것”이라고 했다.",6,673
iks_20180427_chosun_news_054,Chosun news 2018 April 27 corpus.txt,Chosun Ilbo,조선일보,news,2018-04-27,2018_april_summit,"北, 김정은 방명록 쓰기 전 2차례 소독… 의자 다리까지 닦았다",,"북측은 김정은 국무위원장이 방명록을 작성하기 전 평화의집에 사전 방문해 방명록을 2차례 소독했다. 북측 경호원은 방명록을 쓰는 펜과 김정은이 앉을 의자의 팔걸이, 등받이, 다리까지 꼼꼼히 닦았다.
김정은 북한 국무위원장은 김 위원장은 이날 회담 장소인 남측 '평화의 집'에 도착해 1층에 마련된 방명록에 ""새로운 력사(역사)는 이제부터. 평화의 시대, 력사(역사)의 출발점에서""라고 썼다.
북측 경호원은 27일 오전 9시 20분쯤 남북정상회담 장소인 판문점 평화의집 1층에 들어왔다. 김정은이 회담장에 도착하기 20분 전이었다.
북측 경호원들은 곧장 방명록대로 향했다. 한명은 방명록대에 있는 의자를 소독했다. 그는 흰색 천을 손에 들고 분무기로 소독약을 뿌리면서 의자 엉덩이와 등받이 부분, 팔걸이, 의자 다리 등을 꼼꼼히 닦았다. 방명록도 공중에 든 채 소독약을 뿌리는 방식으로 2차례 소독했다. 우리 측이 미리 준비한 펜도 소독했다.
다른 북측 경호원 1명은 검은색 가방을 들고 나타났다. 그는 가방 안에서 헤드폰을 꺼낸 뒤 검은색 사각 판을 의자와 서명대에 갖다 댔다. 우리측 경호 관계자는 “폭발물이나 도청장치가 있는지 확인하는 과정”이라고 했다.
북측 경호원은 방명록대 소독과 도청장치 검색을 마치고 1층 환담장으로 이동해 김정은이 이용할 의자와 펜 등을 같은 방식으로 소독과 도청장치 검색을 했다.
김정은은 이날 오전 9시 40분쯤 평화의집에 도착해 미리 소독한 의자에 앉았다. 김여정 북한 노동당 중앙위원회 제1부부장이 건네준 만년필을 이용했고, 북측 경호원이 닦은 우리 측 펜은 이용하지 않았다. 김정은은 방명록에 ‘새로운 력사는 이제부터. 평화의 시대, 력사의 출발점에서 김정은 2018. 4. 27’이라고 적었다.","北, 김정은 방명록 쓰기 전 2차례 소독… 의자 다리까지 닦았다
북측은 김정은 국무위원장이 방명록을 작성하기 전 평화의집에 사전 방문해 방명록을 2차례 소독했다. 북측 경호원은 방명록을 쓰는 펜과 김정은이 앉을 의자의 팔걸이, 등받이, 다리까지 꼼꼼히 닦았다.
김정은 북한 국무위원장은 김 위원장은 이날 회담 장소인 남측 '평화의 집'에 도착해 1층에 마련된 방명록에 ""새로운 력사(역사)는 이제부터. 평화의 시대, 력사(역사)의 출발점에서""라고 썼다.
북측 경호원은 27일 오전 9시 20분쯤 남북정상회담 장소인 판문점 평화의집 1층에 들어왔다. 김정은이 회담장에 도착하기 20분 전이었다.
북측 경호원들은 곧장 방명록대로 향했다. 한명은 방명록대에 있는 의자를 소독했다. 그는 흰색 천을 손에 들고 분무기로 소독약을 뿌리면서 의자 엉덩이와 등받이 부분, 팔걸이, 의자 다리 등을 꼼꼼히 닦았다. 방명록도 공중에 든 채 소독약을 뿌리는 방식으로 2차례 소독했다. 우리 측이 미리 준비한 펜도 소독했다.
다른 북측 경호원 1명은 검은색 가방을 들고 나타났다. 그는 가방 안에서 헤드폰을 꺼낸 뒤 검은색 사각 판을 의자와 서명대에 갖다 댔다. 우리측 경호 관계자는 “폭발물이나 도청장치가 있는지 확인하는 과정”이라고 했다.
북측 경호원은 방명록대 소독과 도청장치 검색을 마치고 1층 환담장으로 이동해 김정은이 이용할 의자와 펜 등을 같은 방식으로 소독과 도청장치 검색을 했다.
김정은은 이날 오전 9시 40분쯤 평화의집에 도착해 미리 소독한 의자에 앉았다. 김여정 북한 노동당 중앙위원회 제1부부장이 건네준 만년필을 이용했고, 북측 경호원이 닦은 우리 측 펜은 이용하지 않았다. 김정은은 방명록에 ‘새로운 력사는 이제부터. 평화의 시대, 력사의 출발점에서 김정은 2018. 4. 27’이라고 적었다.",7,858
iks_20180427_chosun_news_055,Chosun news 2018 April 27 corpus.txt,Chosun Ilbo,조선일보,news,2018-04-27,2018_april_summit,아사히 “남북 정상회담 ‘보도 지침’에 韓 언론 격노”,,"방송통신심의위원회가 26일 남북 정상회담을 취재·보도할 때 국가기관의 공식 발표를 토대로 보도하라며 사실상 ‘보도 지침’을 내려 논란이 일어난 것과 관련, 일본 아사히신문이 27일 “한국 언론이 격노했다”고 보도했다.
아사히신문은 “한국 방통심의위의 권고 후 언론 통제가 아니냐는 비판이 잇따르고 있다”며 “방통심의위가 ‘사전 검열을 의도한 것은 아니다’라고 해명했지만 비판이 이어지고 있다”고 전했다. 한국 언론계에서 ‘언론 통제’ ‘지나친 월권 행위’라는 비판이 쏟아져나오고 있다는 것이다.
전날 방통심의위는 “일명 ‘드루킹 사건’ 보도 과정에서 연이어 발생한 오보를 감안할 때 남북 정상회담 보도 역시 매우 우려스럽다”며 “객관적 보도를 위해 국가기관의 공식 발표를 토대로 보도하는 것이 가장 바람직하다”고 권고했다. 이에 정부가 사실상 보도 지침을 배포했다는 지적이 잇따랐다.
방통심의위는 이후 “방통심의위는 보도결과를 사후 심의하는 기구일 뿐, 보도의 사전 과정에 관여할 수 있는 아무런 권한도 없으며, 이는 명백한 월권 행위”라고 해명했다.","아사히 “남북 정상회담 ‘보도 지침’에 韓 언론 격노”
방송통신심의위원회가 26일 남북 정상회담을 취재·보도할 때 국가기관의 공식 발표를 토대로 보도하라며 사실상 ‘보도 지침’을 내려 논란이 일어난 것과 관련, 일본 아사히신문이 27일 “한국 언론이 격노했다”고 보도했다.
아사히신문은 “한국 방통심의위의 권고 후 언론 통제가 아니냐는 비판이 잇따르고 있다”며 “방통심의위가 ‘사전 검열을 의도한 것은 아니다’라고 해명했지만 비판이 이어지고 있다”고 전했다. 한국 언론계에서 ‘언론 통제’ ‘지나친 월권 행위’라는 비판이 쏟아져나오고 있다는 것이다.
전날 방통심의위는 “일명 ‘드루킹 사건’ 보도 과정에서 연이어 발생한 오보를 감안할 때 남북 정상회담 보도 역시 매우 우려스럽다”며 “객관적 보도를 위해 국가기관의 공식 발표를 토대로 보도하는 것이 가장 바람직하다”고 권고했다. 이에 정부가 사실상 보도 지침을 배포했다는 지적이 잇따랐다.
방통심의위는 이후 “방통심의위는 보도결과를 사후 심의하는 기구일 뿐, 보도의 사전 과정에 관여할 수 있는 아무런 권한도 없으며, 이는 명백한 월권 행위”라고 해명했다.",4,532
iks_20180427_chosun_news_056,Chosun news 2018 April 27 corpus.txt,Chosun Ilbo,조선일보,news,2018-04-27,2018_april_summit,"김정은 국군 의장대 사열…천안함 유족 ""사과도 없었는데""","“북한을 우리의 적(敵)이라고 교육했는데, 김정은에 사열이라니 말이 됩니까?”<예비역 육군 대령 A씨>
“정상(頂上)에 대한 예우 차원으로 큰 의미는 없을 것 같습니다.”<직장인 오진석씨>","김정은 북한 국무위원장이 남북 정상회담이 열린 27일 문재인 대통령과 함께 국방부 의장대를 사열했다. 이날 사열에는 육군·해군·공군 등 3군 의장대와 전통 의장대, 군악대 등이 총출동했다. 의장대 사열은 국빈 방문 행사에서 최상의 예우(禮遇)를 한다는 의미다. 북한의 최고 지도자가 우리 군을 사열한 것은 이번이 처음이다.
두 정상은 이날 오전 9시30분쯤 군사분계선(MDL) 부근에서 만나 좌우로 도열한 전통 의장대 앞에 도착했다. 앞에는 전통 군악대가 서고 뒤에는 호위 기수가 따랐고 이동 대열은 전통가마를 탄 모양을 보였다.
두 정상은 사열대 입장 통로 양옆에서 도열하는 전통 기수단을 지나 사열단에 올랐다.
이어 군악대 연주가 울려 퍼지고 의장대가 ‘받들어 총’ 자세를 취했다. 받들어 총은 총을 들고 하는 경례 가운데 최고의 경의를 나타낸다. 이어 문 대통령은 김정은에 방향을 안내하며 의장대 앞을 걸어갔다.
의장대는 단상에서 바라볼 때 왼쪽부터 군악대, 3군(육·해·공군) 의장대, 전통 의장대, 전통 악대 순이었다. 규모는 약 100명 수준이다. 이날 사열은 남북관계의 특수성을 감안해 국가 연주나 국기 게양, 예포 발사 등의 의전은 생략됐다. 원래 국가 원수급 방문 행사에선 21발의 예포를 발사하는 게 국제 관례다. 사열하는 동안에는 사성곡(四星曲) 등이 연주됐다.
국방부는 “의장대 사열은 역사적 유래, 국제적 관례 및 과거 사례 등을 바탕으로 상호 존중과 예우를 다하기 위해 군의 예식 절차에 따라 실시하기로 결정됐다”고 설명했다.
과거 2000년과 2007년 1·2차 남북 정상회담에서도 의장대 사열은 있었다. 당시 김대중 전 대통령과 노무현 전 대통령은 북한 의장대를 사열했다. 김 전 대통령은 2000년 6월 13일 평양 순안공항에서 도착한 뒤 김정일 국방위원장의 안내를 받으며 우리나라 의장대와 비슷한 인민군 명예위병대를 사열했다.
노 전 대통령은 2007년 10월 2일 평양 4·25문화회관 광장에서 열린 환영행사에서 김정일과 함께 명예위병대를 사열했다. 사열 후 명예위병대는 노 전 대통령과 김정일 앞을 행진해 지나가는 분열도 진행했다.
하지만 일각에서는 군대와 각종 교육에서 북한 정권과 북한군을 적으로 규정하고 있는 만큼 김정은에 대한 군 사열은 부적절하다는 목소리도 있다.
육군 대령 출신 간부 A씨는 “천안함 침몰, 연평도 포격, 목함지뢰 사건 등 북한군이 우리 군인과 국민을 위협하고 목숨을 잃게 한 도발에 대해 인정이나 사과 한 번이 없었다”며 “이러한 반성 없이 김정은에 국빈 대우와 북한 정권을 인정하는 군 사열은 문제가 있다고 생각한다”고 말했다.
이성우 천안함 유족회장은 “천안함 사태 유족 입장에서 사과 한마디 없는 북한에 우리 정부가 군 사열을 한다는 것은 안타깝다”며 “다만 우리나라 국민에 입장에서는 남북회담이라는 큰 행사인 만큼 잘 끝났으면 좋겠고, 김정은에 대한 예우보다는 손님에 대한 예의 정도로 생각하고 싶다”고 말했다.","김정은 국군 의장대 사열…천안함 유족 ""사과도 없었는데""
“북한을 우리의 적(敵)이라고 교육했는데, 김정은에 사열이라니 말이 됩니까?”<예비역 육군 대령 A씨>
“정상(頂上)에 대한 예우 차원으로 큰 의미는 없을 것 같습니다.”<직장인 오진석씨>
김정은 북한 국무위원장이 남북 정상회담이 열린 27일 문재인 대통령과 함께 국방부 의장대를 사열했다. 이날 사열에는 육군·해군·공군 등 3군 의장대와 전통 의장대, 군악대 등이 총출동했다. 의장대 사열은 국빈 방문 행사에서 최상의 예우(禮遇)를 한다는 의미다. 북한의 최고 지도자가 우리 군을 사열한 것은 이번이 처음이다.
두 정상은 이날 오전 9시30분쯤 군사분계선(MDL) 부근에서 만나 좌우로 도열한 전통 의장대 앞에 도착했다. 앞에는 전통 군악대가 서고 뒤에는 호위 기수가 따랐고 이동 대열은 전통가마를 탄 모양을 보였다.
두 정상은 사열대 입장 통로 양옆에서 도열하는 전통 기수단을 지나 사열단에 올랐다.
이어 군악대 연주가 울려 퍼지고 의장대가 ‘받들어 총’ 자세를 취했다. 받들어 총은 총을 들고 하는 경례 가운데 최고의 경의를 나타낸다. 이어 문 대통령은 김정은에 방향을 안내하며 의장대 앞을 걸어갔다.
의장대는 단상에서 바라볼 때 왼쪽부터 군악대, 3군(육·해·공군) 의장대, 전통 의장대, 전통 악대 순이었다. 규모는 약 100명 수준이다. 이날 사열은 남북관계의 특수성을 감안해 국가 연주나 국기 게양, 예포 발사 등의 의전은 생략됐다. 원래 국가 원수급 방문 행사에선 21발의 예포를 발사하는 게 국제 관례다. 사열하는 동안에는 사성곡(四星曲) 등이 연주됐다.
국방부는 “의장대 사열은 역사적 유래, 국제적 관례 및 과거 사례 등을 바탕으로 상호 존중과 예우를 다하기 위해 군의 예식 절차에 따라 실시하기로 결정됐다”고 설명했다.
과거 2000년과 2007년 1·2차 남북 정상회담에서도 의장대 사열은 있었다. 당시 김대중 전 대통령과 노무현 전 대통령은 북한 의장대를 사열했다. 김 전 대통령은 2000년 6월 13일 평양 순안공항에서 도착한 뒤 김정일 국방위원장의 안내를 받으며 우리나라 의장대와 비슷한 인민군 명예위병대를 사열했다.
노 전 대통령은 2007년 10월 2일 평양 4·25문화회관 광장에서 열린 환영행사에서 김정일과 함께 명예위병대를 사열했다. 사열 후 명예위병대는 노 전 대통령과 김정일 앞을 행진해 지나가는 분열도 진행했다.
하지만 일각에서는 군대와 각종 교육에서 북한 정권과 북한군을 적으로 규정하고 있는 만큼 김정은에 대한 군 사열은 부적절하다는 목소리도 있다.
육군 대령 출신 간부 A씨는 “천안함 침몰, 연평도 포격, 목함지뢰 사건 등 북한군이 우리 군인과 국민을 위협하고 목숨을 잃게 한 도발에 대해 인정이나 사과 한 번이 없었다”며 “이러한 반성 없이 김정은에 국빈 대우와 북한 정권을 인정하는 군 사열은 문제가 있다고 생각한다”고 말했다.
이성우 천안함 유족회장은 “천안함 사태 유족 입장에서 사과 한마디 없는 북한에 우리 정부가 군 사열을 한다는 것은 안타깝다”며 “다만 우리나라 국민에 입장에서는 남북회담이라는 큰 행사인 만큼 잘 끝났으면 좋겠고, 김정은에 대한 예우보다는 손님에 대한 예의 정도로 생각하고 싶다”고 말했다.",11,1446
iks_20180427_chosun_news_057,Chosun news 2018 April 27 corpus.txt,Chosun Ilbo,조선일보,news,2018-04-27,2018_april_summit,文대통령 “10년 간 못다한 이야기 충분히 나누자”,,"문재인 대통령은 27일 “오늘 종일 이야기할 수 있는 시간이 있는 만큼, 그동안 10년간 못다 한 이야기를 충분히 나눌 수 있기를 바란다”고 했다.
문 대통령은 이날 오전 남북정상회담 모두 발언에서 “우리의 대화도 그렇게 통 크게 대화를 나누고 합의에 이르러서 우리 온 민족과 평화를 바라는 세계 모든 사람에게 큰 선물을 만들어줬으면 좋겠다”면서 이같이 말했다.
다음은 문 대통령 모두발언 전문.
오늘은 우리 만남을 축하하듯이 날씨도 아주 화창하다.
한반도의 봄이 한창이다. 이 한반도의 봄, 온 세계가 주목하고 있다.
전 세계의 눈과 귀가 여기 판문점에 쏠려 있다.
우리 남북의 국민, 또 해외 동포들이 거는 기대도 아주 크다.
그만큼 우리 두 사람, 어깨가 무겁다고 생각한다.
우리 김 위원장이 사상 최초로 군사분계선을 넘어오는 순간 이 판문점은 분단의 상징이 아니라 평화의 상징이다.
국민과 또 전 세계의 기대가 큰데, 오늘의 이 상황을 만들어낸 우리 김 위원장의 용단에 대해 다시 한 번 경의를 표하고 싶다.
아울러 우리의 대화도 그렇게 통 크게 대화를 나누고 합의에 이르러서 우리 온 민족과 평화를 바라는 세계 모든 사람에게 큰 선물을 만들어줬으면 좋겠다.
자, 오늘 종일 이야기할 수 있는 시간이 있는 만큼, 그동안 10년간 못다 한 이야기를 충분히 나눌 수 있기를 바란다.","文대통령 “10년 간 못다한 이야기 충분히 나누자”
문재인 대통령은 27일 “오늘 종일 이야기할 수 있는 시간이 있는 만큼, 그동안 10년간 못다 한 이야기를 충분히 나눌 수 있기를 바란다”고 했다.
문 대통령은 이날 오전 남북정상회담 모두 발언에서 “우리의 대화도 그렇게 통 크게 대화를 나누고 합의에 이르러서 우리 온 민족과 평화를 바라는 세계 모든 사람에게 큰 선물을 만들어줬으면 좋겠다”면서 이같이 말했다.
다음은 문 대통령 모두발언 전문.
오늘은 우리 만남을 축하하듯이 날씨도 아주 화창하다.
한반도의 봄이 한창이다. 이 한반도의 봄, 온 세계가 주목하고 있다.
전 세계의 눈과 귀가 여기 판문점에 쏠려 있다.
우리 남북의 국민, 또 해외 동포들이 거는 기대도 아주 크다.
그만큼 우리 두 사람, 어깨가 무겁다고 생각한다.
우리 김 위원장이 사상 최초로 군사분계선을 넘어오는 순간 이 판문점은 분단의 상징이 아니라 평화의 상징이다.
국민과 또 전 세계의 기대가 큰데, 오늘의 이 상황을 만들어낸 우리 김 위원장의 용단에 대해 다시 한 번 경의를 표하고 싶다.
아울러 우리의 대화도 그렇게 통 크게 대화를 나누고 합의에 이르러서 우리 온 민족과 평화를 바라는 세계 모든 사람에게 큰 선물을 만들어줬으면 좋겠다.
자, 오늘 종일 이야기할 수 있는 시간이 있는 만큼, 그동안 10년간 못다 한 이야기를 충분히 나눌 수 있기를 바란다.",12,663
iks_20180427_chosun_news_058,Chosun news 2018 April 27 corpus.txt,Chosun Ilbo,조선일보,news,2018-04-27,2018_april_summit,"김정은 ""수시로 만나서 걸린 문제 풀어나가자""",,"김정은 북한 국무위원장은 27일 “우리가 잃어버린 11년 세월이 아깝지 않을 정도로 정말 수시로 만나서 걸린 문제를 풀어나가고 마음을 합치자”고 했다.
김 위원장은 이날 오전 남북정상회담에 앞서 모두발언에서 “지난시기처럼 아무리 좋은 합의나 글이 나와도 발표돼도 제대로 이행되지 못하면 오히려 좋은 결과가 좋게 발전하지 못하면 기대를 품었던 분들한테 오히려 더 낙심을 주지 않겠나”라며 이 같이 말했다.
다음은 김 위원장 모두발언 전문.
아까 제가 어떤 마음가짐을 가지고 200m를 걸어왔는지 군사분계선을 넘어서 역사적으로 11년이 걸렸는데 오늘 걸어오면서 보니까 왜 이렇게 이 시간이 오랬나 왜 이렇게 오기 힘들었나 하는 생각이 들었다.
그래서 오늘 이 역사적인 이런 자리에서 아까도 말씀드렸지만 기대하시는 분도 많고 또 지난시기처럼 아무리 좋은 합의나 글이 나와도 발표돼도 제대로 이행되지 못하면 오히려 좋은 결과가 좋게 발전하지 못하면 기대를 품었던 분들한테 오히려 더 낙심을 주지 않겠나, 앞으로 마음가짐을 잘하고 우리가 잃어버린 11년 세월이 아깝지 않을 정도로 아까 말씀드린 것처럼 정말 수시로 만나서 걸린 문제를 풀어나가고 마음을 합치고 의지를 모아서 그런 의지를 가지고 나가면 우리가 잃어버린 11년이 아깝지 않게 우리가 좋게 나가지 않겠나 이런 생각도 하면서 정말 만감이 교차하는 속에서 한 200m를 걸어왔다.
오늘 이 자리에서 평화번영 북남관계가 정말 새로운 역사가 쓰여지는 그런 순간에 이런 출발점에 서서 그 출발선에서 신호탄을 쏜다하는 출발신호탄을 쏜다하는 그런 마음가짐 가지고 여기에 왔다.
오늘 현안 문제들 관심사가 되는 문제들 툭터놓고 이야기하고 그래서 좋은 결과를 만들어내고 또 앞으로 이 자리를 빌어서 우리가 지난 시기처럼 또 원점에 돌아가고 이행하지 못하고 이런 결과보다는 우리가 앞으로 마음가짐을 잘하고 앞으로 미래를 내다보면서 지향성 있게 손잡고 걸어나가는 계기가 돼서 기대하시는 분들의 기대에도 부응하고 오늘도 결과가 좋아서. 오기 전에 보니까 오늘 저녁에 만찬음식 가지고 많이 이야기하던데 어렵사리 평양에서부터 평양냉면을 가져왔다. 가져왔는데 대통령께서 편안한 마음으로 평양냉면 멀리 온 멀다 말하면 안되갔구나, 좀 맛있게 드셨으면 좋겠다.
오늘 정말 허심탄회하게 진지하게 솔직하게 이런 마음가짐으로 오늘 문재인 대통령님과 좋은 이야기를 하고 또 반드시 필요한 이야기를 하고 그래서 좋은 결과를 만들어내겠다는 걸 문재인 대통령 앞에도 말씀드리고 기자 여러분들한테도 말씀드린다. 감사하다.","김정은 ""수시로 만나서 걸린 문제 풀어나가자""
김정은 북한 국무위원장은 27일 “우리가 잃어버린 11년 세월이 아깝지 않을 정도로 정말 수시로 만나서 걸린 문제를 풀어나가고 마음을 합치자”고 했다.
김 위원장은 이날 오전 남북정상회담에 앞서 모두발언에서 “지난시기처럼 아무리 좋은 합의나 글이 나와도 발표돼도 제대로 이행되지 못하면 오히려 좋은 결과가 좋게 발전하지 못하면 기대를 품었던 분들한테 오히려 더 낙심을 주지 않겠나”라며 이 같이 말했다.
다음은 김 위원장 모두발언 전문.
아까 제가 어떤 마음가짐을 가지고 200m를 걸어왔는지 군사분계선을 넘어서 역사적으로 11년이 걸렸는데 오늘 걸어오면서 보니까 왜 이렇게 이 시간이 오랬나 왜 이렇게 오기 힘들었나 하는 생각이 들었다.
그래서 오늘 이 역사적인 이런 자리에서 아까도 말씀드렸지만 기대하시는 분도 많고 또 지난시기처럼 아무리 좋은 합의나 글이 나와도 발표돼도 제대로 이행되지 못하면 오히려 좋은 결과가 좋게 발전하지 못하면 기대를 품었던 분들한테 오히려 더 낙심을 주지 않겠나, 앞으로 마음가짐을 잘하고 우리가 잃어버린 11년 세월이 아깝지 않을 정도로 아까 말씀드린 것처럼 정말 수시로 만나서 걸린 문제를 풀어나가고 마음을 합치고 의지를 모아서 그런 의지를 가지고 나가면 우리가 잃어버린 11년이 아깝지 않게 우리가 좋게 나가지 않겠나 이런 생각도 하면서 정말 만감이 교차하는 속에서 한 200m를 걸어왔다.
오늘 이 자리에서 평화번영 북남관계가 정말 새로운 역사가 쓰여지는 그런 순간에 이런 출발점에 서서 그 출발선에서 신호탄을 쏜다하는 출발신호탄을 쏜다하는 그런 마음가짐 가지고 여기에 왔다.
오늘 현안 문제들 관심사가 되는 문제들 툭터놓고 이야기하고 그래서 좋은 결과를 만들어내고 또 앞으로 이 자리를 빌어서 우리가 지난 시기처럼 또 원점에 돌아가고 이행하지 못하고 이런 결과보다는 우리가 앞으로 마음가짐을 잘하고 앞으로 미래를 내다보면서 지향성 있게 손잡고 걸어나가는 계기가 돼서 기대하시는 분들의 기대에도 부응하고 오늘도 결과가 좋아서. 오기 전에 보니까 오늘 저녁에 만찬음식 가지고 많이 이야기하던데 어렵사리 평양에서부터 평양냉면을 가져왔다. 가져왔는데 대통령께서 편안한 마음으로 평양냉면 멀리 온 멀다 말하면 안되갔구나, 좀 맛있게 드셨으면 좋겠다.
오늘 정말 허심탄회하게 진지하게 솔직하게 이런 마음가짐으로 오늘 문재인 대통령님과 좋은 이야기를 하고 또 반드시 필요한 이야기를 하고 그래서 좋은 결과를 만들어내겠다는 걸 문재인 대통령 앞에도 말씀드리고 기자 여러분들한테도 말씀드린다. 감사하다.",8,1247
iks_20180427_chosun_news_059,Chosun news 2018 April 27 corpus.txt,Chosun Ilbo,조선일보,news,2018-04-27,2018_april_summit,"日 “남북 회담, 납치·핵·미사일 긍정적 논의 기대”",,"일본 정부는 27일 남북 정상회담 개최와 관련, “정상회담에서 긍정적 논의가 이뤄지길 기대한다”고 밝혔다.
스가 요시히데 일본 관방장관은 이날 오전 국무회의 후 정례 기자회견에서 “오늘 회담에 이르기까지 한국 정부의 노력을 칭찬하고 싶다”며 이렇게 말했다.
북한의 일본인 납치 문제와 관련, 그는 “문재인 대통령이 남북 정상회담에서 납북자 문제에 대한 아베 총리의 입장을 전하겠다고 언급했다”고 말했다. 그는 “납치, 핵, 미사일 현안의 포괄적 해결을 향해 긍정적 논의가 이뤄질 것을 기대한다”고 했다.","日 “남북 회담, 납치·핵·미사일 긍정적 논의 기대”
일본 정부는 27일 남북 정상회담 개최와 관련, “정상회담에서 긍정적 논의가 이뤄지길 기대한다”고 밝혔다.
스가 요시히데 일본 관방장관은 이날 오전 국무회의 후 정례 기자회견에서 “오늘 회담에 이르기까지 한국 정부의 노력을 칭찬하고 싶다”며 이렇게 말했다.
북한의 일본인 납치 문제와 관련, 그는 “문재인 대통령이 남북 정상회담에서 납북자 문제에 대한 아베 총리의 입장을 전하겠다고 언급했다”고 말했다. 그는 “납치, 핵, 미사일 현안의 포괄적 해결을 향해 긍정적 논의가 이뤄질 것을 기대한다”고 했다.",3,281
iks_20180427_chosun_news_060,Chosun news 2018 April 27 corpus.txt,Chosun Ilbo,조선일보,news,2018-04-27,2018_april_summit,"文 ""통크게 대화"" 金 ""새역사 쓰자""…오전회담 종료",,"문재인 대통령과 김정은 북한 국무위원장이 27일 판문점 남측 지역 평화의집에서 남북정상회담에 들어갔다. 이날 오전회담은 100분간 진행됐고, 오전 11시 55분쯤 종료됐다. 문 대통령과 김정은은 개별 오찬을 가진 뒤, 오후 회담을 이어갈 예정이다.
양 정상의 첫 만남은 이날 오전 9시30분쯤 판문점 군사정전위원회 회의실 옆 군사분계선에서 이뤄졌다. 문 대통령과 김정은은 군사분계선을 사이에 두고 악수를 나눴다. 이 자리에서 문 대통령은 “오시는 데 힘들지 않았냐”고 묻자, 김정은은 “아니다. 정말 마음 설렘이 그치지 않는다. 이렇게 역사적인 장소에서 만나니까, 또 대통령께서 분계선까지 나와 맞이해주니 정말 감동적이다”고 했다. 이에 문 대통령은 “여기까지 온 것은 위원장님의 아주 큰 용단이었다”고 했고, 김정은은 “아닙니다”라고 했다.
두 정상은 이어 남측지역으로 넘어와 기념촬영을 했다. 기념촬영을 하면서 문 대통령은 김정은에게 “남쪽에 오신걸 환영합니다. 전 언제쯤 가볼 수 있을까요”라고 했다. MDL 남측에서 사진 촬영을 마친 후, 김정은은 “그럼 지금 넘어가볼까요”라고 제안하며 문 대통령의 손을 이끌었다고 윤영찬 청와대 국민소통수석이 전했다. 문 대통령과 김정은은 10여초간 북측 지역에서 악수를 나눴다.
기념촬영을 마치자 화동들이 김정은에게 꽃다발을 선물했다. 화동들은 민통선 안에 있는 대성동 마을의 대성동 초등학교 5학년 남녀 어린이 2명이다.
양 정상은 이어 담화를 나누며 사열대로 이동했다. 두 정상의 선두에는 전통 악대가 섰고 뒤쪽에는 호위 기수가 따랐다. 양쪽으로는 호위무사가 함께하면서 전체적으로 장방향의 모양을 이뤘다. 이는 두 정상이 전통 가마를 탄 모양을 형상화한 것이라고 청와대 관계자는 설명했다.
사열대로 이동하면서 문 대통령은 “외국 사람들도 우리 전통 의장대를 좋아한다. 오늘 보여드린 전통의장대는 약식이라 아쉽다. 청와대로 오시면 훨씬 좋은 장면을 보여드릴 수 있다”고 말했다. 이에 김정은은 “대통령께서 초청해주시면 언제든 청와대에 가겠다”고 답했다.
사열대에 도착한 문 대통령과 김정은은 의장대장의 경례를 받았다. 문 대통령은 거수경례로 답했다. 이어 사성곡과 봉황곡이 연주됐다. 두 정상은 단상 아래로 내려가 군악대, 육·해·공군 3군 의장대, 전통의장대, 전통악대 순으로 사열했다. 문 대통령은 사열대 끝에서 의장대장의 종료 보고를 받았다.
사열을 마친 뒤, 두 정상은 회담장인 평화의집으로 이동했다. 평화의집 1층에 도착한 김정은은 방명록에 ‘새로운 력사(역사)는 이제부터. 평화의 시대, 력사(역사)의 출발점에서’라고 썼다.
방명록을 쓴 뒤, 두 정상은 1층 벽면에 걸린 북한산 그림 앞에서 기념촬영을 했다. 문 대통령이 김정은에게 북한산이라고 소개하자, 김정은은 “아 청와대(뒤에 있는)”이라고 답했다. 문 대통령은 “서울의 북쪽에 있고, 산 이름이 북한이기도 하다”고 했다.
양 정상은 기념촬영을 마치고 회담장으로 이동해 오전 회의에 들어갔다. 오전회의 모두발언에서 김정은은 “역사적인 이 자리까지 11년이 걸렸다. 오면서 보니까 왜 그렇게 시간이 걸렸나, 오기 힘들었느냐는 생각이 들었다”면서 “수시로 만나서 문제를 풀면 우리가 잃어버린 11년이 아깝지 않게 좋게 나가지 않을까 생각하면서 만감이 교차하는 마음으로 200m를 걸어왔다”고 말했다.
김정은은 이어 “오늘 역사적인 자리를 기대하는 분들이 많다. 지난 시기처럼 아무리 좋은 합의나 글이 발표돼도 그게 제대로 이행되지 않으면, 결과가 좋게 발전하지 못하면 기대 품었던 분들에게 낙심을 주지 않겠나”며 “새로운 역사가 쓰여지는 출발점에 서서 출발 신호탄을 쏜다는 마음가짐으로 여기에 왔다”고 했다.
김정은은 또 “오늘 현안 문제들, 관심사 문제들을 툭 터놓고 이야기하고, 좋은 결과를 만들어내자”며 “마음가짐 잘 하고 미래를 내다보면서 손잡고 나아가는 계기가 돼서 기대하는 분들의 기대에 부응하자”고 했다. 그러면서 “오늘 만찬 얘기가 많이 나오던데 어렵사리 평양에서 평양냉면 가져왔다. 맛있게 먹었으면 좋겠다”며 “오늘 정말 허심탄회하게 솔직하게 얘기하고 반드시 필요한 얘기하고 좋은 결과를 만들어내자”고 덧붙였다.
이에 문재인 대통령은 “한반도에 봄이 한창이다. 한반도의 봄을 온 세계가 주목하고 있다”며 “전 세계의 눈과 귀가 판문점에 쏠려있다. 남북 국민, 해외동포들이 거는 기대도 아주 크다. 그만큼 우리 두 사람의 어깨가 무겁다”고 말했다.
문 대통령은 “우리 김정은 위원장이 사상 최초로 군사 분계점을 넘어오는 순간 판문점은 분단이 아닌 평화의 상징이 됐다”며 “오늘 이 상황을 만들어낸 김정은 위원장의 용단에 대해 경의를 표한다”고 했다. 이어 “통 크게 대화를 나누고 합의에 이르러서 평화를 바라는 모든 사람에게 큰 선물을 만들어 줬으면 한다”며 “10년 동안 못 나눈 이야기를 오늘 충분히 나눌 수 있길 바란다”고 했다.
이날 정상회담은 예정보다 15분가량 앞당겨진 오전 10시 15분부터 판문점 남측 지역인 평화의집에서 시작됐다. 회담 테이블엔 남측은 문 대통령과 임종석 대통령 비서실장, 서훈 국정원장이 앉았다. 북측에선 김정은과 김영철 노동당 부위원장과 김여정 당 제1부부장이 배석했다.","文 ""통크게 대화"" 金 ""새역사 쓰자""…오전회담 종료
문재인 대통령과 김정은 북한 국무위원장이 27일 판문점 남측 지역 평화의집에서 남북정상회담에 들어갔다. 이날 오전회담은 100분간 진행됐고, 오전 11시 55분쯤 종료됐다. 문 대통령과 김정은은 개별 오찬을 가진 뒤, 오후 회담을 이어갈 예정이다.
양 정상의 첫 만남은 이날 오전 9시30분쯤 판문점 군사정전위원회 회의실 옆 군사분계선에서 이뤄졌다. 문 대통령과 김정은은 군사분계선을 사이에 두고 악수를 나눴다. 이 자리에서 문 대통령은 “오시는 데 힘들지 않았냐”고 묻자, 김정은은 “아니다. 정말 마음 설렘이 그치지 않는다. 이렇게 역사적인 장소에서 만나니까, 또 대통령께서 분계선까지 나와 맞이해주니 정말 감동적이다”고 했다. 이에 문 대통령은 “여기까지 온 것은 위원장님의 아주 큰 용단이었다”고 했고, 김정은은 “아닙니다”라고 했다.
두 정상은 이어 남측지역으로 넘어와 기념촬영을 했다. 기념촬영을 하면서 문 대통령은 김정은에게 “남쪽에 오신걸 환영합니다. 전 언제쯤 가볼 수 있을까요”라고 했다. MDL 남측에서 사진 촬영을 마친 후, 김정은은 “그럼 지금 넘어가볼까요”라고 제안하며 문 대통령의 손을 이끌었다고 윤영찬 청와대 국민소통수석이 전했다. 문 대통령과 김정은은 10여초간 북측 지역에서 악수를 나눴다.
기념촬영을 마치자 화동들이 김정은에게 꽃다발을 선물했다. 화동들은 민통선 안에 있는 대성동 마을의 대성동 초등학교 5학년 남녀 어린이 2명이다.
양 정상은 이어 담화를 나누며 사열대로 이동했다. 두 정상의 선두에는 전통 악대가 섰고 뒤쪽에는 호위 기수가 따랐다. 양쪽으로는 호위무사가 함께하면서 전체적으로 장방향의 모양을 이뤘다. 이는 두 정상이 전통 가마를 탄 모양을 형상화한 것이라고 청와대 관계자는 설명했다.
사열대로 이동하면서 문 대통령은 “외국 사람들도 우리 전통 의장대를 좋아한다. 오늘 보여드린 전통의장대는 약식이라 아쉽다. 청와대로 오시면 훨씬 좋은 장면을 보여드릴 수 있다”고 말했다. 이에 김정은은 “대통령께서 초청해주시면 언제든 청와대에 가겠다”고 답했다.
사열대에 도착한 문 대통령과 김정은은 의장대장의 경례를 받았다. 문 대통령은 거수경례로 답했다. 이어 사성곡과 봉황곡이 연주됐다. 두 정상은 단상 아래로 내려가 군악대, 육·해·공군 3군 의장대, 전통의장대, 전통악대 순으로 사열했다. 문 대통령은 사열대 끝에서 의장대장의 종료 보고를 받았다.
사열을 마친 뒤, 두 정상은 회담장인 평화의집으로 이동했다. 평화의집 1층에 도착한 김정은은 방명록에 ‘새로운 력사(역사)는 이제부터. 평화의 시대, 력사(역사)의 출발점에서’라고 썼다.
방명록을 쓴 뒤, 두 정상은 1층 벽면에 걸린 북한산 그림 앞에서 기념촬영을 했다. 문 대통령이 김정은에게 북한산이라고 소개하자, 김정은은 “아 청와대(뒤에 있는)”이라고 답했다. 문 대통령은 “서울의 북쪽에 있고, 산 이름이 북한이기도 하다”고 했다.
양 정상은 기념촬영을 마치고 회담장으로 이동해 오전 회의에 들어갔다. 오전회의 모두발언에서 김정은은 “역사적인 이 자리까지 11년이 걸렸다. 오면서 보니까 왜 그렇게 시간이 걸렸나, 오기 힘들었느냐는 생각이 들었다”면서 “수시로 만나서 문제를 풀면 우리가 잃어버린 11년이 아깝지 않게 좋게 나가지 않을까 생각하면서 만감이 교차하는 마음으로 200m를 걸어왔다”고 말했다.
김정은은 이어 “오늘 역사적인 자리를 기대하는 분들이 많다. 지난 시기처럼 아무리 좋은 합의나 글이 발표돼도 그게 제대로 이행되지 않으면, 결과가 좋게 발전하지 못하면 기대 품었던 분들에게 낙심을 주지 않겠나”며 “새로운 역사가 쓰여지는 출발점에 서서 출발 신호탄을 쏜다는 마음가짐으로 여기에 왔다”고 했다.
김정은은 또 “오늘 현안 문제들, 관심사 문제들을 툭 터놓고 이야기하고, 좋은 결과를 만들어내자”며 “마음가짐 잘 하고 미래를 내다보면서 손잡고 나아가는 계기가 돼서 기대하는 분들의 기대에 부응하자”고 했다. 그러면서 “오늘 만찬 얘기가 많이 나오던데 어렵사리 평양에서 평양냉면 가져왔다. 맛있게 먹었으면 좋겠다”며 “오늘 정말 허심탄회하게 솔직하게 얘기하고 반드시 필요한 얘기하고 좋은 결과를 만들어내자”고 덧붙였다.
이에 문재인 대통령은 “한반도에 봄이 한창이다. 한반도의 봄을 온 세계가 주목하고 있다”며 “전 세계의 눈과 귀가 판문점에 쏠려있다. 남북 국민, 해외동포들이 거는 기대도 아주 크다. 그만큼 우리 두 사람의 어깨가 무겁다”고 말했다.
문 대통령은 “우리 김정은 위원장이 사상 최초로 군사 분계점을 넘어오는 순간 판문점은 분단이 아닌 평화의 상징이 됐다”며 “오늘 이 상황을 만들어낸 김정은 위원장의 용단에 대해 경의를 표한다”고 했다. 이어 “통 크게 대화를 나누고 합의에 이르러서 평화를 바라는 모든 사람에게 큰 선물을 만들어 줬으면 한다”며 “10년 동안 못 나눈 이야기를 오늘 충분히 나눌 수 있길 바란다”고 했다.
이날 정상회담은 예정보다 15분가량 앞당겨진 오전 10시 15분부터 판문점 남측 지역인 평화의집에서 시작됐다. 회담 테이블엔 남측은 문 대통령과 임종석 대통령 비서실장, 서훈 국정원장이 앉았다. 북측에선 김정은과 김영철 노동당 부위원장과 김여정 당 제1부부장이 배석했다.",15,2536
iks_20180427_chosun_news_061,Chosun news 2018 April 27 corpus.txt,Chosun Ilbo,조선일보,news,2018-04-27,2018_april_summit,김정은의 그림자 김영철과 김여정... 최측근 재확인,,"27일 오전 판문점에 모습을 드러낸 김정은 북한 국무위원장의 가장 가까운 자리엔 김영철 노동당 중앙위원회 부위원장과 김정은의 여동생인 김여정 당 중앙위 제1부부장이 위치했다. 김영철과 김여정이 북한의 실세임을 재확인시켜주는 장면이었다. 북한 체제에선 최고지도자와 얼마나 가깝게 위치하는지가 서열을 보여주는 척도다.
김정은이 판문각의 문을 열고 나올 때, 김영철은 김정은의 우측 뒤편에 따라 붙었다. 김정은이 문재인 대통령과의 첫 만남 장소인 판문점 군사분계선(MDL)쪽으로 이동할 때, 다른 수행원들이 모두 빠졌음에도 김영철은 자리를 지켰다. 김영철은 김정은이 문 대통령의 3m 전방에 도착하자 수행원 동선인 판문점 군사정전위원회 회의실로 이동해 MDL을 넘었다.
수행원들과 함께 이동할 때만해도 눈에 띄지 않던 김여정은 김정은이 MDL을 넘어선 뒤 가장 많이 화면에 잡혔다. 김여정은 화동이 김정은에게 선물한 꽃다발을 건네받았으며, 이후 문 대통령과 김정은이 사열대로 이동할 때도 레드 카펫 옆으로 걸어갔다. 당시 다른 수행원들은 자유의집 내부를 통해 사열대로 이동했다.
김영철과 김여정은 문 대통령과 김정은이 사열을 마치고 회담장인 평화의집으로 이동할 때 화면에 다시 잡혔다. 레드 카펫 위로 걷는 문 대통령과 김정은 뒤로 김영철과 김여정이 나란히 걸은 것.
사전 협의와는 다른 동선이었다. 이에 ‘김씨 일가’의 집사로 알려진 김창선 국무위원회 부장이 김영철과 김여정에게 다가가 레드 카펫에서 내려와야 한다고 전했다. 김영철과 김여정은 그제서야 카펫에서 내려와 사전에 정한 동선으로 이동했다.
김영철과 김여정은 이후 평화의집에서 진행된 정상회담에서 김정은과 같은 테이블에 배석했다. 우리 측에선 문 대통령 옆으로 임종석 대통령 비서실장과 서훈 국정원장이 배석했다.","김정은의 그림자 김영철과 김여정... 최측근 재확인
27일 오전 판문점에 모습을 드러낸 김정은 북한 국무위원장의 가장 가까운 자리엔 김영철 노동당 중앙위원회 부위원장과 김정은의 여동생인 김여정 당 중앙위 제1부부장이 위치했다. 김영철과 김여정이 북한의 실세임을 재확인시켜주는 장면이었다. 북한 체제에선 최고지도자와 얼마나 가깝게 위치하는지가 서열을 보여주는 척도다.
김정은이 판문각의 문을 열고 나올 때, 김영철은 김정은의 우측 뒤편에 따라 붙었다. 김정은이 문재인 대통령과의 첫 만남 장소인 판문점 군사분계선(MDL)쪽으로 이동할 때, 다른 수행원들이 모두 빠졌음에도 김영철은 자리를 지켰다. 김영철은 김정은이 문 대통령의 3m 전방에 도착하자 수행원 동선인 판문점 군사정전위원회 회의실로 이동해 MDL을 넘었다.
수행원들과 함께 이동할 때만해도 눈에 띄지 않던 김여정은 김정은이 MDL을 넘어선 뒤 가장 많이 화면에 잡혔다. 김여정은 화동이 김정은에게 선물한 꽃다발을 건네받았으며, 이후 문 대통령과 김정은이 사열대로 이동할 때도 레드 카펫 옆으로 걸어갔다. 당시 다른 수행원들은 자유의집 내부를 통해 사열대로 이동했다.
김영철과 김여정은 문 대통령과 김정은이 사열을 마치고 회담장인 평화의집으로 이동할 때 화면에 다시 잡혔다. 레드 카펫 위로 걷는 문 대통령과 김정은 뒤로 김영철과 김여정이 나란히 걸은 것.
사전 협의와는 다른 동선이었다. 이에 ‘김씨 일가’의 집사로 알려진 김창선 국무위원회 부장이 김영철과 김여정에게 다가가 레드 카펫에서 내려와야 한다고 전했다. 김영철과 김여정은 그제서야 카펫에서 내려와 사전에 정한 동선으로 이동했다.
김영철과 김여정은 이후 평화의집에서 진행된 정상회담에서 김정은과 같은 테이블에 배석했다. 우리 측에선 문 대통령 옆으로 임종석 대통령 비서실장과 서훈 국정원장이 배석했다.",6,877
iks_20180427_chosun_news_062,Chosun news 2018 April 27 corpus.txt,Chosun Ilbo,조선일보,news,2018-04-27,2018_april_summit,"백악관 “역사적 남북 정상회담, 한반도 평화와 번영에 진전 바란다”",,"미국 백악관은 문재인 대통령과 김정은 북한 노동당 위원장이 27일 남북 정상회담을 위해 만난 직후 이번 정상회담을 ‘역사적 회담’이라 부르며 “남북 정상회담이 한반도 전체의 평화와 번영으로 가는 미래를 향해 진전을 이루길 희망한다”고 밝혔다.
백악관은 이날 한국 시각 오전 9시 50분쯤 공식 성명을 내고 “미국은 동맹국인 한국의 긴밀한 협조에 감사하다”며 “몇 주 뒤에 있을 도널드 트럼프 미국 대통령과 김정은 간 계획된 회담 준비에도 굳건한 논의를 지속하기를 기대한다”고 했다.","백악관 “역사적 남북 정상회담, 한반도 평화와 번영에 진전 바란다”
미국 백악관은 문재인 대통령과 김정은 북한 노동당 위원장이 27일 남북 정상회담을 위해 만난 직후 이번 정상회담을 ‘역사적 회담’이라 부르며 “남북 정상회담이 한반도 전체의 평화와 번영으로 가는 미래를 향해 진전을 이루길 희망한다”고 밝혔다.
백악관은 이날 한국 시각 오전 9시 50분쯤 공식 성명을 내고 “미국은 동맹국인 한국의 긴밀한 협조에 감사하다”며 “몇 주 뒤에 있을 도널드 트럼프 미국 대통령과 김정은 간 계획된 회담 준비에도 굳건한 논의를 지속하기를 기대한다”고 했다.",2,269
iks_20180427_chosun_news_063,Chosun news 2018 April 27 corpus.txt,Chosun Ilbo,조선일보,news,2018-04-27,2018_april_summit,"정치권, 남북정상회담에 '환영·기대'…野 '한반도 비핵화' 강조",,"11년만의 역사적인 남북정상회담이 27일 열리는 가운데, 여야(與野) 정치권이 환영의 메시지로 입을 모았다. 특히 자유한국당과 바른미래당 등 야권을 중심으로 ‘한반도 비핵화’를 강조하는 목소리가 나왔다.
추미애 대표 등 더불어민주당 지도부는 이날 국회에서 모여 문재인 대통령과 북한 김정은 국무위원장의 만남을 생중계로 지켜봤다. 문 대통령과 김 위원장이 군사분계선에서 만나 악수하는 모습이 TV에 나오자, 추 대표 등 참석자들은 박수를 치기도 했다. 두 정상이 국군 의장대를 사열하는 모습에는 “이야 멋있네” 등의 환호성이 나오기도 했다.
추 대표는 “두 정상이 분단의 선이라 여겨졌던 곳을 나란히 손 잡고 넘나드는 모습을 보면서 온 겨레가 이런 날이 와야겠다고 하는 것을 함께 느꼈을 것”이라며 “참으로 감격스럽다”고 했다. 추 대표는 “문재인 정부는 꾸준한 노력 끝에 이런 기적같은 성과를 이뤄냈다”며 “모두가 한 마음으로 평화 정착과 공동 번영을 위한 구체적 진전이 이뤄지길 기대한다”고 했다.
박범계 수석대변인은 구두 논평을 통해 “과거 두 차례 이뤄진 남북정상회담의 합의 내용이 완전히 이행되지 않았는데 이번에는 남북정상회담 이후 북미정상회담이 이어진다는 점에서 상당한 성과가 예상된다”며 “궁극적으로 한반도의 평화정착과 남북 간 지속가능한 발전으로 이어지기를 기대한다”고 했다.
자유한국당 김성태 원내대표도 이날 국회에서 동료 의원들과 생중계를 시청했다. 김 원내대표는 기자들과 만나 “남북정상회담은 남북관계의 새로운 변곡점이 될 수 있다는 점에서 대단히 의미가 깊은 회담”이라며 “이번 남북정상회담이 ‘보여주기식 감성팔이’가 아니라 완전한 북핵폐기와 한반도 평화체제를 향한 발전적 남북관계를 성취해 가는 데 실질적 진전을 보여주는 회담이 되어야 할 것”이라고 했다.
바른미래당 박주선 공동대표는 이날 국회에서 열린 최고위원회의에서 “우리 당은 외교안보에는 초당적으로 협력하겠다는 입장으로, 회담의 성공을 기원한다”면서도 “혹시나 비핵화 내용이 남북정상회담에 없다면 어떤 합의도 진정한 한반도 평화, 남북관계 발전을 위한 회담의 본래 목적은 달성될 수 없다”고 했다. 박 공동대표는 “비핵화 없는 정상회담 합의는 비핵화를 더 어렵게 만든다”며 “자칫 코리아패싱과 북한의 핵보유국 지위를 인정하고 한미동맹의 균열을 가져올 수 있다”고 말하기도 했다.
민주평화당 조배숙 대표는 이날 중앙선대위 회의에서 “오늘 김정은 위원장이 넘어온 군사분계선이 앞으로 북한 동포들도 같이 넘나들 수 있는 평화의 오솔길이 되기를 기원한다. 이산가족이 상시 상봉할 수 있는 중립지대에 대한 합의도 기대한다”고 했다. 김경진 상임선대위원장은 “역사적인 세 번째 남북정상회담을 진심으로 환영한다”며 “평화당은 오늘 회담을 통해 발표되는 결과물을 입법 조치하는 등 제도적 뒷받침에 최선을 다할 것”이라고 했다.","정치권, 남북정상회담에 '환영·기대'…野 '한반도 비핵화' 강조
11년만의 역사적인 남북정상회담이 27일 열리는 가운데, 여야(與野) 정치권이 환영의 메시지로 입을 모았다. 특히 자유한국당과 바른미래당 등 야권을 중심으로 ‘한반도 비핵화’를 강조하는 목소리가 나왔다.
추미애 대표 등 더불어민주당 지도부는 이날 국회에서 모여 문재인 대통령과 북한 김정은 국무위원장의 만남을 생중계로 지켜봤다. 문 대통령과 김 위원장이 군사분계선에서 만나 악수하는 모습이 TV에 나오자, 추 대표 등 참석자들은 박수를 치기도 했다. 두 정상이 국군 의장대를 사열하는 모습에는 “이야 멋있네” 등의 환호성이 나오기도 했다.
추 대표는 “두 정상이 분단의 선이라 여겨졌던 곳을 나란히 손 잡고 넘나드는 모습을 보면서 온 겨레가 이런 날이 와야겠다고 하는 것을 함께 느꼈을 것”이라며 “참으로 감격스럽다”고 했다. 추 대표는 “문재인 정부는 꾸준한 노력 끝에 이런 기적같은 성과를 이뤄냈다”며 “모두가 한 마음으로 평화 정착과 공동 번영을 위한 구체적 진전이 이뤄지길 기대한다”고 했다.
박범계 수석대변인은 구두 논평을 통해 “과거 두 차례 이뤄진 남북정상회담의 합의 내용이 완전히 이행되지 않았는데 이번에는 남북정상회담 이후 북미정상회담이 이어진다는 점에서 상당한 성과가 예상된다”며 “궁극적으로 한반도의 평화정착과 남북 간 지속가능한 발전으로 이어지기를 기대한다”고 했다.
자유한국당 김성태 원내대표도 이날 국회에서 동료 의원들과 생중계를 시청했다. 김 원내대표는 기자들과 만나 “남북정상회담은 남북관계의 새로운 변곡점이 될 수 있다는 점에서 대단히 의미가 깊은 회담”이라며 “이번 남북정상회담이 ‘보여주기식 감성팔이’가 아니라 완전한 북핵폐기와 한반도 평화체제를 향한 발전적 남북관계를 성취해 가는 데 실질적 진전을 보여주는 회담이 되어야 할 것”이라고 했다.
바른미래당 박주선 공동대표는 이날 국회에서 열린 최고위원회의에서 “우리 당은 외교안보에는 초당적으로 협력하겠다는 입장으로, 회담의 성공을 기원한다”면서도 “혹시나 비핵화 내용이 남북정상회담에 없다면 어떤 합의도 진정한 한반도 평화, 남북관계 발전을 위한 회담의 본래 목적은 달성될 수 없다”고 했다. 박 공동대표는 “비핵화 없는 정상회담 합의는 비핵화를 더 어렵게 만든다”며 “자칫 코리아패싱과 북한의 핵보유국 지위를 인정하고 한미동맹의 균열을 가져올 수 있다”고 말하기도 했다.
민주평화당 조배숙 대표는 이날 중앙선대위 회의에서 “오늘 김정은 위원장이 넘어온 군사분계선이 앞으로 북한 동포들도 같이 넘나들 수 있는 평화의 오솔길이 되기를 기원한다. 이산가족이 상시 상봉할 수 있는 중립지대에 대한 합의도 기대한다”고 했다. 김경진 상임선대위원장은 “역사적인 세 번째 남북정상회담을 진심으로 환영한다”며 “평화당은 오늘 회담을 통해 발표되는 결과물을 입법 조치하는 등 제도적 뒷받침에 최선을 다할 것”이라고 했다.",7,1395
iks_20180427_chosun_news_064,Chosun news 2018 April 27 corpus.txt,Chosun Ilbo,조선일보,news,2018-04-27,2018_april_summit,"文대통령, 김정은과 함께 군사분계선 넘어 북에 가기도",,"김정은 북한 국무위원장은 27일 오전 9시 28분 판문점 북측 지역인 판문각 문 밖으로 모습을 드러냈다. 김여정 북한 노동당 중앙위 제1부부장, 김영남 북한 최고인민회의 상임위원장을 비롯한 김정은의 공식수행원과 경호원을 포함 26명이 김정은을 둘러싼 모습이 우리측 중계 카메라에 잡혔다. 공식수행원중 북한군 총참모장과 인민무력상은 군복을 입고 김정은을 따랐다. 검은색 인민복을 입고 안경을 쓴 김정은은 옷깃에 별도의 뱃지를 달고 있지 않았다.
김정은은 판문각 앞 계단을 걸어내려와 군사정전위원회 본회의실과 소회의실 사이에 놓인 높이 5cm 높이의 군사분계선 구조물 앞에서 문재인 대통령과 마주섰다. 활짝 웃는 모습이었다. 두사람은 오전 9시 29분 군사분계선을 사이에 놓고 악수했다. 내외신 기자들이 모여있는 경기도 고양시 킨텍스 프레스센터에서는 박수가 터져나왔다.
김정은은 문 대통령과 악수하면서 “반갑습니다”라고 먼저 입을 뗐다. 김정은이 문 대통령에게 계속 준비한 말을 전하는 듯한 모습도 우리측 카메라에 포착됐다. 문 대통령이 이에 대해 대답하는 모습도 카메라에 포착됐다.
9시 29분 김정은은 군사분계선을 넘어 남쪽 구역에 들어섰다. 두 정상은 손을 잡고 계속 대화를 나눴다. 이후 두 정상은 우리측 자유의집을 배경으로 사진을 찍었고, 곧 북측 판문각을 배경으로 다시 사진 촬영을 했다.
잠시후 김정은이 웃으며 문 대통령에게 군사분계선을 향해 손짓하며 무엇인가 권하는 말을 하는 모습이 보였고, 문 대통령은 잠시 망설이는 듯한 모습을 하더니 활짝 웃으며 김정은과 손잡고 함께 한걸음에 군사분계선을 넘어 북한측 구역으로 올라갔다. 9시 30분, 문 대통령과 김정은 다시 한걸음에 군사분계선을 넘어 남측 구역으로 돌아왔다.
김정은은 문 대통령과 함께 군사정전위 건물 사이를 걸어나와 우리측 자유의 집 앞 도로 중앙선에서 우리쪽 어린이 두 명에게 꽃다발을 받았다. 두 정상은 한반도 모양 뱃지를 달고 있는 두 어린이들을 앞쪽 가운데 두고 함께 사진을 찍었고, 시종 환하게 웃는 모습이었다. 사진 촬영후 김정은은 받은 꽃다발을 김여정을 통해 수행원들에게 건냈다.
9시 31분 두 정상은 자유의집 북편에서 동편, 다시 남쪽 판문점광장으로 이어지는 붉은색 레드카펫 위로 올라섰다. 레드카펫 좌우에는 우리군 전통의장대가 행진을 준비하고 있었다. 양 정상은 전통의장대 사이에서 함께 이야기를 나누며 레드카펫을 따라 이동했다. 이동하는 동안 두 정상의 표정은 밝았고, 김정은이 문 대통령의 이야기에 고개를 끄덕이는 모습도 우리 카메라에 포착됐다.
9시 34분 두 정상은 판문점 광장에 설치된 공식환영식 행사장에 도착했다. 두 사람 뒤에서 김여정과 김창선이 근접 수행하는 모습이 카메라에 포착됐다. 두 정상은 공식환영식을 위해 판문점광장 가운데 준비된 단상위로 올랐다. 짧은 거리를 걸어 단상까지 오른 김정은이 숨이 찬 듯 호흡을 가다듬는 모습을 보였다.
9시 35분 두 정상은 국군 의장대 사열을 시작했다. 군악대의 팡파레가 4번 울리는 동안 문 대통령은 거수 경례를 하고 있었고, 김정은은 양팔을 내리고 두 다리를 어깨넓이로 벌리고 서 있는 모습이었다. 9시 36분 행진곡이 나오고, 의장대 지휘자가 “받들어총” 구령을 외쳤다. 문 대통령과 김정은이 단상을 내려와 의장대 앞을 함께 걸었다.
행진곡이 울려퍼지는 동안 양정상은 함께 걸으면서 의장대를 사열했다. 문 대통령은 의장대를 바라보며 거수 경례를 했고, 김정은은 굳은 표정으로 정면을 보고 걸었다.
두 정상은 다시 단상 앞으로 돌아와 단상 앞에 도열한 양측 공식 수행원들과 인사했다. 문 대통령이 먼저 김정은에게 우리측 임종석 대통령비서실장, 조명균 통일장관, 강경화 외교장관을 소개했다. 문 대통령은 강 장관을 좀 더 긴 시간 동안 소개했다. 이 과정에서 문 대통령이 김정은의 등 뒤에 손을 올려 두드리는 듯한 모습도 포착됐다.
이어 문 대통령은 송영무 국방장관을 김정은에게 소개했다. 송 장관은 김정은에게 가법계 목례했다. 이후 서훈 국가정보원장, 정의용 안보실장과 정경두 합참의장이 차례로 악수로 김정은과 인사했다. 우리 정경두 합참의장은 김정은에게 거수경례를 하지는 않았다. 마지막으로 주영훈 경호처장, 윤영찬 청와대 국민소통수석이 김정은과 악수로 인사했다.
9시 38분 북측 수행원들이 문 대통령에게 인사를 시작했다. 김정은은 김영남 최고인민위원회 상임의장, 당중앙위원회 김영철, 최휘, 리수용 부위원장 순서로 소개했다. 이어 군복을 입은 리명수 총참모장과 박영식 인민무력부장이 문 대통령에게 거수경례로 인사했다. 김여정은 환하게 웃으면서 문 대통령에게 인사했다. 마지막으로 리선권 조평통 위원장이 다소 굳은 표정이었지만 문 대통령에게 인삿말을 건냈다.
잠시후 문 대통령은 군복을 입은 리명수, 박영식 두 사람에게 다가가 말을 건냈다. 이후 문 대통령 제안으로 양측 정상과 공식수행원들이 함께 단상 아래에서 사진촬영을 했다. 9시 40분 사진촬영이 끝났다.
이어 문 대통령과 김정은은 붉은색 레드카펫을 따라 평화의집으로 이동하기 시작했다. 뒤따르던 김영철, 김여정이 방송 관계자 제지로 카메라 앵글 밖으로 나가는 모습도 포착됐다.
9시 41분 두 정상은 계단을 올라 회담장인 평화의 집 현관에 들어섰다. 수행원들은 이미 들어가 대기중이었다. 김정은은 입구앞에 준비된 책상에 앉아 방명록을 작성했다. 김정은은 방명록에 “새로운 역사는 이제부터. 평화의 시대, 역사의 출발점에서”라고 썼다. 김정은은 오른손으로 방명록을 작성했고, 글씨를 활달하게 쓰는 모습을 보였다. 문 대통령은 김정은이 방명록을 쓰는 동안 김정은 오른쪽에 서서 김정은 모습을 보고 있었다.
9시 42분 문 대통령과 김정은은 방명록 작성용 책상 옆에 걸린 북한산 그림 앞에서 사진을 찍었다. 두 정상은 그림에 대한 대화를 잠시 나누고, 공식 수행원들과 함께 1층 환담장에 입장했다.","文대통령, 김정은과 함께 군사분계선 넘어 북에 가기도
김정은 북한 국무위원장은 27일 오전 9시 28분 판문점 북측 지역인 판문각 문 밖으로 모습을 드러냈다. 김여정 북한 노동당 중앙위 제1부부장, 김영남 북한 최고인민회의 상임위원장을 비롯한 김정은의 공식수행원과 경호원을 포함 26명이 김정은을 둘러싼 모습이 우리측 중계 카메라에 잡혔다. 공식수행원중 북한군 총참모장과 인민무력상은 군복을 입고 김정은을 따랐다. 검은색 인민복을 입고 안경을 쓴 김정은은 옷깃에 별도의 뱃지를 달고 있지 않았다.
김정은은 판문각 앞 계단을 걸어내려와 군사정전위원회 본회의실과 소회의실 사이에 놓인 높이 5cm 높이의 군사분계선 구조물 앞에서 문재인 대통령과 마주섰다. 활짝 웃는 모습이었다. 두사람은 오전 9시 29분 군사분계선을 사이에 놓고 악수했다. 내외신 기자들이 모여있는 경기도 고양시 킨텍스 프레스센터에서는 박수가 터져나왔다.
김정은은 문 대통령과 악수하면서 “반갑습니다”라고 먼저 입을 뗐다. 김정은이 문 대통령에게 계속 준비한 말을 전하는 듯한 모습도 우리측 카메라에 포착됐다. 문 대통령이 이에 대해 대답하는 모습도 카메라에 포착됐다.
9시 29분 김정은은 군사분계선을 넘어 남쪽 구역에 들어섰다. 두 정상은 손을 잡고 계속 대화를 나눴다. 이후 두 정상은 우리측 자유의집을 배경으로 사진을 찍었고, 곧 북측 판문각을 배경으로 다시 사진 촬영을 했다.
잠시후 김정은이 웃으며 문 대통령에게 군사분계선을 향해 손짓하며 무엇인가 권하는 말을 하는 모습이 보였고, 문 대통령은 잠시 망설이는 듯한 모습을 하더니 활짝 웃으며 김정은과 손잡고 함께 한걸음에 군사분계선을 넘어 북한측 구역으로 올라갔다. 9시 30분, 문 대통령과 김정은 다시 한걸음에 군사분계선을 넘어 남측 구역으로 돌아왔다.
김정은은 문 대통령과 함께 군사정전위 건물 사이를 걸어나와 우리측 자유의 집 앞 도로 중앙선에서 우리쪽 어린이 두 명에게 꽃다발을 받았다. 두 정상은 한반도 모양 뱃지를 달고 있는 두 어린이들을 앞쪽 가운데 두고 함께 사진을 찍었고, 시종 환하게 웃는 모습이었다. 사진 촬영후 김정은은 받은 꽃다발을 김여정을 통해 수행원들에게 건냈다.
9시 31분 두 정상은 자유의집 북편에서 동편, 다시 남쪽 판문점광장으로 이어지는 붉은색 레드카펫 위로 올라섰다. 레드카펫 좌우에는 우리군 전통의장대가 행진을 준비하고 있었다. 양 정상은 전통의장대 사이에서 함께 이야기를 나누며 레드카펫을 따라 이동했다. 이동하는 동안 두 정상의 표정은 밝았고, 김정은이 문 대통령의 이야기에 고개를 끄덕이는 모습도 우리 카메라에 포착됐다.
9시 34분 두 정상은 판문점 광장에 설치된 공식환영식 행사장에 도착했다. 두 사람 뒤에서 김여정과 김창선이 근접 수행하는 모습이 카메라에 포착됐다. 두 정상은 공식환영식을 위해 판문점광장 가운데 준비된 단상위로 올랐다. 짧은 거리를 걸어 단상까지 오른 김정은이 숨이 찬 듯 호흡을 가다듬는 모습을 보였다.
9시 35분 두 정상은 국군 의장대 사열을 시작했다. 군악대의 팡파레가 4번 울리는 동안 문 대통령은 거수 경례를 하고 있었고, 김정은은 양팔을 내리고 두 다리를 어깨넓이로 벌리고 서 있는 모습이었다. 9시 36분 행진곡이 나오고, 의장대 지휘자가 “받들어총” 구령을 외쳤다. 문 대통령과 김정은이 단상을 내려와 의장대 앞을 함께 걸었다.
행진곡이 울려퍼지는 동안 양정상은 함께 걸으면서 의장대를 사열했다. 문 대통령은 의장대를 바라보며 거수 경례를 했고, 김정은은 굳은 표정으로 정면을 보고 걸었다.
두 정상은 다시 단상 앞으로 돌아와 단상 앞에 도열한 양측 공식 수행원들과 인사했다. 문 대통령이 먼저 김정은에게 우리측 임종석 대통령비서실장, 조명균 통일장관, 강경화 외교장관을 소개했다. 문 대통령은 강 장관을 좀 더 긴 시간 동안 소개했다. 이 과정에서 문 대통령이 김정은의 등 뒤에 손을 올려 두드리는 듯한 모습도 포착됐다.
이어 문 대통령은 송영무 국방장관을 김정은에게 소개했다. 송 장관은 김정은에게 가법계 목례했다. 이후 서훈 국가정보원장, 정의용 안보실장과 정경두 합참의장이 차례로 악수로 김정은과 인사했다. 우리 정경두 합참의장은 김정은에게 거수경례를 하지는 않았다. 마지막으로 주영훈 경호처장, 윤영찬 청와대 국민소통수석이 김정은과 악수로 인사했다.
9시 38분 북측 수행원들이 문 대통령에게 인사를 시작했다. 김정은은 김영남 최고인민위원회 상임의장, 당중앙위원회 김영철, 최휘, 리수용 부위원장 순서로 소개했다. 이어 군복을 입은 리명수 총참모장과 박영식 인민무력부장이 문 대통령에게 거수경례로 인사했다. 김여정은 환하게 웃으면서 문 대통령에게 인사했다. 마지막으로 리선권 조평통 위원장이 다소 굳은 표정이었지만 문 대통령에게 인삿말을 건냈다.
잠시후 문 대통령은 군복을 입은 리명수, 박영식 두 사람에게 다가가 말을 건냈다. 이후 문 대통령 제안으로 양측 정상과 공식수행원들이 함께 단상 아래에서 사진촬영을 했다. 9시 40분 사진촬영이 끝났다.
이어 문 대통령과 김정은은 붉은색 레드카펫을 따라 평화의집으로 이동하기 시작했다. 뒤따르던 김영철, 김여정이 방송 관계자 제지로 카메라 앵글 밖으로 나가는 모습도 포착됐다.
9시 41분 두 정상은 계단을 올라 회담장인 평화의 집 현관에 들어섰다. 수행원들은 이미 들어가 대기중이었다. 김정은은 입구앞에 준비된 책상에 앉아 방명록을 작성했다. 김정은은 방명록에 “새로운 역사는 이제부터. 평화의 시대, 역사의 출발점에서”라고 썼다. 김정은은 오른손으로 방명록을 작성했고, 글씨를 활달하게 쓰는 모습을 보였다. 문 대통령은 김정은이 방명록을 쓰는 동안 김정은 오른쪽에 서서 김정은 모습을 보고 있었다.
9시 42분 문 대통령과 김정은은 방명록 작성용 책상 옆에 걸린 북한산 그림 앞에서 사진을 찍었다. 두 정상은 그림에 대한 대화를 잠시 나누고, 공식 수행원들과 함께 1층 환담장에 입장했다.",17,2858
iks_20180427_chosun_news_066,Chosun news 2018 April 27 corpus.txt,Chosun Ilbo,조선일보,news,2018-04-27,2018_april_summit,"김정은, 방명록에 “새로운 역사는 이제부터”",,"문재인 대통령은 김 위원장의 옆에서 미소를 보이며 방명록 작성을 지켜봤다. 김 위원장은 방명록 서명대에 마련된 펜 대신 김여정 노동당 중앙위원회 제1부부장이 건네준 펜을 사용해 방명록을 작성했다.
두 정상은 이후 평화의집 환담장으로 이동하기 전 1층 로비에서 기념사진을 촬영했다. 청와대는 기념사진 배경판으로 민정기 작가의 산수화 ‘북한산’을 사용했다.
두 정상은 이어 2층 정상회담장으로 옮겨 오전 10시 30분부터 정상회담을 시작할 예정이다.","김정은, 방명록에 “새로운 역사는 이제부터”
문재인 대통령은 김 위원장의 옆에서 미소를 보이며 방명록 작성을 지켜봤다. 김 위원장은 방명록 서명대에 마련된 펜 대신 김여정 노동당 중앙위원회 제1부부장이 건네준 펜을 사용해 방명록을 작성했다.
두 정상은 이후 평화의집 환담장으로 이동하기 전 1층 로비에서 기념사진을 촬영했다. 청와대는 기념사진 배경판으로 민정기 작가의 산수화 ‘북한산’을 사용했다.
두 정상은 이어 2층 정상회담장으로 옮겨 오전 10시 30분부터 정상회담을 시작할 예정이다.",3,249
iks_20180427_chosun_news_067,Chosun news 2018 April 27 corpus.txt,Chosun Ilbo,조선일보,news,2018-04-27,2018_april_summit,외신 “역사적 회담” 속보…“문 대통령도 북쪽 넘어갔다”,,"미국과 중국, 일본 등 전 세계 외신이 27일 문재인 대통령과 김정은 북한 국무위원장의 남북 정상회담 소식을 긴급 속보로 내보내고 있다. 방송 매체뿐 아니라 미국 워싱턴포스트(WP) 등도 문 대통령이 청와대를 나와 판문점으로 이동하기 전부터 웹사이트에 영상을 실시간 중계했다.
이날 오전 9시28분쯤 김정은이 판문점 북측 지역 판문각에서 나왔다. 김정은은 문 대통령과 군사분계선을 사이에 두고 악수를 했다. 김정은이 군사분계선을 넘어 남측으로 넘어와 사진 촬영을 한 후 김정은의 제의로 문 대통령이 군사분계선 북쪽으로 넘어가기도 했다. 이후 두 정상은 다시 남쪽으로 넘어왔다.
CNN은 “김정은과 문재인 대통령이 군사분계선 양쪽에 서서 처음 악수를 하고 이후 상징적인 움직임으로 문 대통령이 군사분계선 북쪽으로 넘어갔다”고 전했다. 로이터도 “계획에 없이 김정은이 문 대통령에게 군사분계선 북쪽으로 잠시 넘어가자고 제의했으며, 이후 두 정상은 다시 군사분계선 남쪽으로 손을 잡고 넘어갔다”고 전했다.
월스트리트저널은 “김정은이 6·25전쟁 정전협정 이후 북한 최고 지도자 중 처음으로 한국을 방문했다”고 전했다.
중국 신화통신도 문 대통령과 김정은이 각각 판문점으로 향하는 소식부터 속보로 잇따라 내보냈다. 신화통신도 “문 대통령이 북쪽으로 군사분계선을 넘어 간 후 다시 남쪽으로 갔다”며 의미를 더했다.
아사히·요미우리 등 일본 언론도 남북 정상회담 소식을 속보로 보도하고 있다. 웹사이트에 속보창을 띄우고 문 대통령과 김정은의 만남을 실시간으로 전했다.
아사히는 오전 8시 40분부터 한국 뉴스채널을 인용해 문 대통령이 판문점으로 향하는 모습을 전했다. 아사히는 “한국은 이번 남북 정상회담을 ‘최대의 이벤트’로 여기고 있다”며 “통상 문 대통령의 행동을 비판하는 재향군인회 등 보수 단체도 지지를 보내고 있다”고 전했다. 문 대통령이 출발에 앞서 청와대 근처에서 차를 세우고 시민들에게 인사하는 모습도 전했다.
아사히는 문 대통령이 군사분계선을 넘어 북한에 발을 내딛는 장면에서는 “김정은이 문 대통령을 재촉하고 있는 것 같다”며 “예정에 없던 연출일 가능성이 있다”고 했다. 요미우리는 “북한 최고 지도자가 한국에 발을 디딘 것은 이번이 처음”이라고 했다.","외신 “역사적 회담” 속보…“문 대통령도 북쪽 넘어갔다”
미국과 중국, 일본 등 전 세계 외신이 27일 문재인 대통령과 김정은 북한 국무위원장의 남북 정상회담 소식을 긴급 속보로 내보내고 있다. 방송 매체뿐 아니라 미국 워싱턴포스트(WP) 등도 문 대통령이 청와대를 나와 판문점으로 이동하기 전부터 웹사이트에 영상을 실시간 중계했다.
이날 오전 9시28분쯤 김정은이 판문점 북측 지역 판문각에서 나왔다. 김정은은 문 대통령과 군사분계선을 사이에 두고 악수를 했다. 김정은이 군사분계선을 넘어 남측으로 넘어와 사진 촬영을 한 후 김정은의 제의로 문 대통령이 군사분계선 북쪽으로 넘어가기도 했다. 이후 두 정상은 다시 남쪽으로 넘어왔다.
CNN은 “김정은과 문재인 대통령이 군사분계선 양쪽에 서서 처음 악수를 하고 이후 상징적인 움직임으로 문 대통령이 군사분계선 북쪽으로 넘어갔다”고 전했다. 로이터도 “계획에 없이 김정은이 문 대통령에게 군사분계선 북쪽으로 잠시 넘어가자고 제의했으며, 이후 두 정상은 다시 군사분계선 남쪽으로 손을 잡고 넘어갔다”고 전했다.
월스트리트저널은 “김정은이 6·25전쟁 정전협정 이후 북한 최고 지도자 중 처음으로 한국을 방문했다”고 전했다.
중국 신화통신도 문 대통령과 김정은이 각각 판문점으로 향하는 소식부터 속보로 잇따라 내보냈다. 신화통신도 “문 대통령이 북쪽으로 군사분계선을 넘어 간 후 다시 남쪽으로 갔다”며 의미를 더했다.
아사히·요미우리 등 일본 언론도 남북 정상회담 소식을 속보로 보도하고 있다. 웹사이트에 속보창을 띄우고 문 대통령과 김정은의 만남을 실시간으로 전했다.
아사히는 오전 8시 40분부터 한국 뉴스채널을 인용해 문 대통령이 판문점으로 향하는 모습을 전했다. 아사히는 “한국은 이번 남북 정상회담을 ‘최대의 이벤트’로 여기고 있다”며 “통상 문 대통령의 행동을 비판하는 재향군인회 등 보수 단체도 지지를 보내고 있다”고 전했다. 문 대통령이 출발에 앞서 청와대 근처에서 차를 세우고 시민들에게 인사하는 모습도 전했다.
아사히는 문 대통령이 군사분계선을 넘어 북한에 발을 내딛는 장면에서는 “김정은이 문 대통령을 재촉하고 있는 것 같다”며 “예정에 없던 연출일 가능성이 있다”고 했다. 요미우리는 “북한 최고 지도자가 한국에 발을 디딘 것은 이번이 처음”이라고 했다.",8,1099
iks_20180427_chosun_news_068,Chosun news 2018 April 27 corpus.txt,Chosun Ilbo,조선일보,news,2018-04-27,2018_april_summit,"文대통령, 예정에 없던 10초간의 깜짝 ‘월경’",,"문재인 대통령이 27일 남북정상회담에서 군사분계선(MDL)을 넘어 잠시 월경해 북측 땅을 밟았다. 사전 브리핑에는 없던 일정이었다.
문 대통령은 이날 오전 9시 28분 군사정전위원회 본회의실(T2)와 소회의실(T3) 사이 군사분계선(MDL)에서 김 위원장을 맞이했다. 두 정상은 환한 미소로 악수를 한 뒤 가볍게 대화를 나눴다.
문 대통령이 이끌어 김 위원장이 MDL을 넘어 북측 판문각을 배경으로 사진 촬영을 한 뒤, 문 대통령이 다시 분계선을 넘어가 남측을 배경으로 사진을 찍었다. 약 10초간 월경한 문 대통령은 김 위원장의 손을 잡고 다시 MDL을 넘어왔다.","文대통령, 예정에 없던 10초간의 깜짝 ‘월경’
문재인 대통령이 27일 남북정상회담에서 군사분계선(MDL)을 넘어 잠시 월경해 북측 땅을 밟았다. 사전 브리핑에는 없던 일정이었다.
문 대통령은 이날 오전 9시 28분 군사정전위원회 본회의실(T2)와 소회의실(T3) 사이 군사분계선(MDL)에서 김 위원장을 맞이했다. 두 정상은 환한 미소로 악수를 한 뒤 가볍게 대화를 나눴다.
문 대통령이 이끌어 김 위원장이 MDL을 넘어 북측 판문각을 배경으로 사진 촬영을 한 뒤, 문 대통령이 다시 분계선을 넘어가 남측을 배경으로 사진을 찍었다. 약 10초간 월경한 문 대통령은 김 위원장의 손을 잡고 다시 MDL을 넘어왔다.",3,316
iks_20180427_chosun_news_069,Chosun news 2018 April 27 corpus.txt,Chosun Ilbo,조선일보,news,2018-04-27,2018_april_summit,"北매체, 정상회담 시간·의제 처음 언급…이례적 신속보도",,"북한 조선중앙통신은 “김정은 동지께서 판문점 남측지역에서 열리는 역사적인 북남 수뇌상봉과 회담을 위하여 4월 27일 새벽 평양을 출발하시었다”고 밝혔다. 북한 매체가 이번 남북 정상회담 시간과 의제를 구체적으로 거론한 것은 처음이다.
통신은 이날 오전 6시30분쯤 “이번 북남 수뇌상봉과 회담은 민족 분단 사상 처음으로 남측지역에서 진행되게 된다”며 “최고 영도자 동지께서는 4월 27일 오전 9시 판문점 분리선을 넘으시어 문재인 대통령과 상봉하시고 역사적인 회담을 하시게 된다”고 했다.
북한 매체가 김정은 위원장이 판문점 군사분계선을 넘는 시각을 ‘오전 9시’로 표기한 것은 남측보다 30분 늦은 시간대인 ‘평양시’를 사용하기 때문으로 보인다. 우리 시간으로는 9시 30분이다.
통신은 “김정은 동지께서는 문재인 대통령과 북남관계를 개선하고 조선반도의 평화와 번영, 통일을 이룩하는 데서 나서는 제반 문제들에 대하여 허심탄회하게 논의하시게 된다”고 설명했다.
그런데 중앙통신은 이날 7시7분쯤 김정은 위원장의 평양 출발 기사를 또 다시 내보내면서 기념식수와 회담결과 발표, 만찬 참석 등의 일정을 거론한 문장을 뺐다.
당초 “최고 영도자 동지께서는 북남 수뇌상봉과 회담에 이어 문재인 대통령과 기념식수를 하시고 역사적인 판문점 회담 결과를 발표하시게 되며 문재인 대통령이 주최하는 만찬에 참석하신 후 평양으로 돌아오시게 된다”라고 썼었다. 이 문장을 “최고 영도자 동지께서는 27일 오전과 오후에 이어 밤까지 북남 수뇌상봉과 회담 일정을 마치신 후 평양으로 돌아오시게 된다”로 바꿨다.
북한 대내용 라디오 방송인 조선중앙방송도 식수와 회담결과 발표 등에 대한 언급 없이 “최고 영도자 동지께서는 27일 오전과 오후에 이어 밤까지 북남수뇌상봉과 회담일정을 마치신 후 평양으로 돌아오시게 된다”고 했다.
북한 매체가 남북정상회담 당일 오전에 이처럼 신속하게 예고성 보도를 한 것은 이례적이다. 지난 2000년 6월 13일 김대중 대통령이 1차 남북정상회담을 위해 평양에 도착한 사실을 시차를 두고 보도했었다. 2007년 10월 2일 노무현 대통령이 2차 남북정상회담을 위해 방북했을 때도 노 대통령은 오전에 평양에 도착했지만, 북한 매체들은 이를 오후에 보도했다.","北매체, 정상회담 시간·의제 처음 언급…이례적 신속보도
북한 조선중앙통신은 “김정은 동지께서 판문점 남측지역에서 열리는 역사적인 북남 수뇌상봉과 회담을 위하여 4월 27일 새벽 평양을 출발하시었다”고 밝혔다. 북한 매체가 이번 남북 정상회담 시간과 의제를 구체적으로 거론한 것은 처음이다.
통신은 이날 오전 6시30분쯤 “이번 북남 수뇌상봉과 회담은 민족 분단 사상 처음으로 남측지역에서 진행되게 된다”며 “최고 영도자 동지께서는 4월 27일 오전 9시 판문점 분리선을 넘으시어 문재인 대통령과 상봉하시고 역사적인 회담을 하시게 된다”고 했다.
북한 매체가 김정은 위원장이 판문점 군사분계선을 넘는 시각을 ‘오전 9시’로 표기한 것은 남측보다 30분 늦은 시간대인 ‘평양시’를 사용하기 때문으로 보인다. 우리 시간으로는 9시 30분이다.
통신은 “김정은 동지께서는 문재인 대통령과 북남관계를 개선하고 조선반도의 평화와 번영, 통일을 이룩하는 데서 나서는 제반 문제들에 대하여 허심탄회하게 논의하시게 된다”고 설명했다.
그런데 중앙통신은 이날 7시7분쯤 김정은 위원장의 평양 출발 기사를 또 다시 내보내면서 기념식수와 회담결과 발표, 만찬 참석 등의 일정을 거론한 문장을 뺐다.
당초 “최고 영도자 동지께서는 북남 수뇌상봉과 회담에 이어 문재인 대통령과 기념식수를 하시고 역사적인 판문점 회담 결과를 발표하시게 되며 문재인 대통령이 주최하는 만찬에 참석하신 후 평양으로 돌아오시게 된다”라고 썼었다. 이 문장을 “최고 영도자 동지께서는 27일 오전과 오후에 이어 밤까지 북남 수뇌상봉과 회담 일정을 마치신 후 평양으로 돌아오시게 된다”로 바꿨다.
북한 대내용 라디오 방송인 조선중앙방송도 식수와 회담결과 발표 등에 대한 언급 없이 “최고 영도자 동지께서는 27일 오전과 오후에 이어 밤까지 북남수뇌상봉과 회담일정을 마치신 후 평양으로 돌아오시게 된다”고 했다.
북한 매체가 남북정상회담 당일 오전에 이처럼 신속하게 예고성 보도를 한 것은 이례적이다. 지난 2000년 6월 13일 김대중 대통령이 1차 남북정상회담을 위해 평양에 도착한 사실을 시차를 두고 보도했었다. 2007년 10월 2일 노무현 대통령이 2차 남북정상회담을 위해 방북했을 때도 노 대통령은 오전에 평양에 도착했지만, 북한 매체들은 이를 오후에 보도했다.",8,1099
iks_20180427_chosun_news_070,Chosun news 2018 April 27 corpus.txt,Chosun Ilbo,조선일보,news,2018-04-27,2018_april_summit,靑 “남북 퍼스트레이디 참석 아직 미정”…만찬 동반 참석 관측,,"남북 퍼스트레이디의 정상회담 참석 여부가 여전히 베일속에 가려졌다.
김의겸 청와대 대변인은 27일 오전 오전 경기 일산 킨텍스 메인프레스센터(MPC) 브리핑에서 김정숙·리설주 여사 참석 관련 질문에 “아직 결정되지 않았다. 알 수 없다”고 밝혔다.
김 대변인은 ‘문 대통령의 부인인 김정숙 여사도 함께 판문점으로 가고 있느냐’는 질문에도 역시 “미정”이라며 “여기서 알 수 없다”고 밝혔다.
‘김 위원장의 부인인 리설주 여사의 참석도 확정이 안 됐다고 하는데, 김 여사의 참석도 결정이 안됐나’라는 외신의 질문이 다시 나왔으나, 김 대변인은 “아직 결정되지 않았고, 지금 저희는 현장과 거리가 떨어져 있어서 김 여사가 어디 있는지 확인하기 어렵다”고 설명했다.
양측은 여사 일정을 막판 논의하고 있는 것으로 알려졌다. 두 퍼스트레이디는 정상회담 중간에 합류할 가능성이 큰 것으로 관측된다. 특히 이날 오후 6시 30분 평화의집 연회장에서 열리는 환영만찬에 남북 정상과 동반 참석할 가능성이 큰 것으로 전문가들은 보고 있다.","靑 “남북 퍼스트레이디 참석 아직 미정”…만찬 동반 참석 관측
남북 퍼스트레이디의 정상회담 참석 여부가 여전히 베일속에 가려졌다.
김의겸 청와대 대변인은 27일 오전 오전 경기 일산 킨텍스 메인프레스센터(MPC) 브리핑에서 김정숙·리설주 여사 참석 관련 질문에 “아직 결정되지 않았다. 알 수 없다”고 밝혔다.
김 대변인은 ‘문 대통령의 부인인 김정숙 여사도 함께 판문점으로 가고 있느냐’는 질문에도 역시 “미정”이라며 “여기서 알 수 없다”고 밝혔다.
‘김 위원장의 부인인 리설주 여사의 참석도 확정이 안 됐다고 하는데, 김 여사의 참석도 결정이 안됐나’라는 외신의 질문이 다시 나왔으나, 김 대변인은 “아직 결정되지 않았고, 지금 저희는 현장과 거리가 떨어져 있어서 김 여사가 어디 있는지 확인하기 어렵다”고 설명했다.
양측은 여사 일정을 막판 논의하고 있는 것으로 알려졌다. 두 퍼스트레이디는 정상회담 중간에 합류할 가능성이 큰 것으로 관측된다. 특히 이날 오후 6시 30분 평화의집 연회장에서 열리는 환영만찬에 남북 정상과 동반 참석할 가능성이 큰 것으로 전문가들은 보고 있다.",5,516
iks_20180427_chosun_news_071,Chosun news 2018 April 27 corpus.txt,Chosun Ilbo,조선일보,news,2018-04-27,2018_april_summit,"문 대통령, 판문점 도착…오전 9시30분쯤 김정은과 첫 만남",,"문재인 대통령은 27일 오전 9시 1분쯤 남북정상회담 장소인 판문점에 도착했다.
문 대통령은 평화의집에서 잠시 휴식을 취한 뒤 오전 9시30분 도착 예정인 김정은 북한 국무위원장을 군사정전위원회 본회의실(T2)와 소회의실(T3) 사이 군사분계선(MDL)에서 악수로 맞이할 예정이다.","문 대통령, 판문점 도착…오전 9시30분쯤 김정은과 첫 만남
문재인 대통령은 27일 오전 9시 1분쯤 남북정상회담 장소인 판문점에 도착했다.
문 대통령은 평화의집에서 잠시 휴식을 취한 뒤 오전 9시30분 도착 예정인 김정은 북한 국무위원장을 군사정전위원회 본회의실(T2)와 소회의실(T3) 사이 군사분계선(MDL)에서 악수로 맞이할 예정이다.",2,157
iks_20180427_chosun_news_072,Chosun news 2018 April 27 corpus.txt,Chosun Ilbo,조선일보,news,2018-04-27,2018_april_summit,"""새로운 합의 필요도 없다…과거 비핵화 약속 재확인만 해도 성공""",,"남북은 지난 30년간 비핵화 관련 합의를 수차례 반복해왔다. 합의 중 일부는 상당히 구체적이고 엄밀했던 것으로 평가받고 있다. 많은 전문가들은 27일 이번 정상회담에서 최소한 이전 수준의 합의를 재확인해야 한다고 했다. 사실상의 핵보유국이 된 북한은 이전 수준의 합의도 받지 않을 가능성이 크다. 이렇게 되면 북한 비핵화 합의는 사실상 역사를 역행해 퇴보하게 되는 셈이다.
북한의 비핵화를 구체적으로 명시한 건 1992년 발표됐던 ‘한반도 비핵화에 관한 공동선언’이다. 당시 공동선언의 북한 비핵화 관련 조항은 상당히 구체적이었다. ▲남북이 모두 핵무기의 시험·제조·보유·배치·사용을 금지하고 ▲핵 재처리시설과 우라늄 농축시설 보유를 금지하며 ▲상대가 선정하고 쌍방이 합의한 핵시설을 사찰한다는 내용이 담겼다.
송종환 경남대 석좌 교수는 “당시 상당히 구체적인 핵폐기 조항이 포함됐으며 이번 회담에서는 이를 재확인하면 된다”며 “이보다 더 좋은 합의문을 만들기가 어렵고, 새로 합의를 만드는 것은 사실상 합의를 위한 합의에 불과하다”고 했다.
2005년 6자회담의 결과였던 ‘9·19 공동성명’에도 북한 내 모든 핵무기와 현존하는 핵 계획을 포기하고, 핵확산금지조약(NPT)에 복귀한다는 내용이 포함됐었다. 이후 이뤄졌던 2007년 2·13 합의에서는 북한 내 핵시설 폐쇄·봉인의 대가로 중유 100만t을 지원한다는 보상 조항이 포함됐다.
현 정부가 정신을 계승하겠다고 밝혀온 2007년 2차 남북정상회담의 10·4 선언에는 “남북은 한반도 핵 문제 해결을 위해 9·19 공동선언과 2·13 합의가 순조롭게 이행되도록 노력한다”는 내용이 담기기도 했다.
전문가들은 당시의 구체적인 합의 내용이 지금 다시 한번 정상회담을 통해 확인되는 것도 의미가 있을 수 있다고 했다. 당시 합의문들은 북한 핵개발 초기 단계에 나왔지만 상당히 구체적이었다. 그렇기 때문에 북한의 핵능력이 고도화된 지금은 이와 비슷한 수준의 합의를 하는 것만으로도 나름의 성과라는 평가다. 이와 관련 임종석 대통령 비서실장은 “핵과 ICBM이 고도로 발전한 이 시점에서 비핵화 합의는 1990년대 초와 2000년대 초에 이뤄진 비핵화 합의와는 근본적으로 그 성격이 다르고, 이 점이 이번 회담을 어렵게 하는 점”이라고 했다.
다만, 북한이 그동안 합의를 수차례 깨왔기 때문에 합의문에 강제 조항을 넣어야 한다는 의견도 있었다. 조성렬 국가안보전략연구원 수석연구위원은 “북한이 이와 같은 비핵화를 하지 않는다면 즉시 대북 제재를 복구한다는 조항이 붙어야 한다”고 했다.","""새로운 합의 필요도 없다…과거 비핵화 약속 재확인만 해도 성공""
남북은 지난 30년간 비핵화 관련 합의를 수차례 반복해왔다. 합의 중 일부는 상당히 구체적이고 엄밀했던 것으로 평가받고 있다. 많은 전문가들은 27일 이번 정상회담에서 최소한 이전 수준의 합의를 재확인해야 한다고 했다. 사실상의 핵보유국이 된 북한은 이전 수준의 합의도 받지 않을 가능성이 크다. 이렇게 되면 북한 비핵화 합의는 사실상 역사를 역행해 퇴보하게 되는 셈이다.
북한의 비핵화를 구체적으로 명시한 건 1992년 발표됐던 ‘한반도 비핵화에 관한 공동선언’이다. 당시 공동선언의 북한 비핵화 관련 조항은 상당히 구체적이었다. ▲남북이 모두 핵무기의 시험·제조·보유·배치·사용을 금지하고 ▲핵 재처리시설과 우라늄 농축시설 보유를 금지하며 ▲상대가 선정하고 쌍방이 합의한 핵시설을 사찰한다는 내용이 담겼다.
송종환 경남대 석좌 교수는 “당시 상당히 구체적인 핵폐기 조항이 포함됐으며 이번 회담에서는 이를 재확인하면 된다”며 “이보다 더 좋은 합의문을 만들기가 어렵고, 새로 합의를 만드는 것은 사실상 합의를 위한 합의에 불과하다”고 했다.
2005년 6자회담의 결과였던 ‘9·19 공동성명’에도 북한 내 모든 핵무기와 현존하는 핵 계획을 포기하고, 핵확산금지조약(NPT)에 복귀한다는 내용이 포함됐었다. 이후 이뤄졌던 2007년 2·13 합의에서는 북한 내 핵시설 폐쇄·봉인의 대가로 중유 100만t을 지원한다는 보상 조항이 포함됐다.
현 정부가 정신을 계승하겠다고 밝혀온 2007년 2차 남북정상회담의 10·4 선언에는 “남북은 한반도 핵 문제 해결을 위해 9·19 공동선언과 2·13 합의가 순조롭게 이행되도록 노력한다”는 내용이 담기기도 했다.
전문가들은 당시의 구체적인 합의 내용이 지금 다시 한번 정상회담을 통해 확인되는 것도 의미가 있을 수 있다고 했다. 당시 합의문들은 북한 핵개발 초기 단계에 나왔지만 상당히 구체적이었다. 그렇기 때문에 북한의 핵능력이 고도화된 지금은 이와 비슷한 수준의 합의를 하는 것만으로도 나름의 성과라는 평가다. 이와 관련 임종석 대통령 비서실장은 “핵과 ICBM이 고도로 발전한 이 시점에서 비핵화 합의는 1990년대 초와 2000년대 초에 이뤄진 비핵화 합의와는 근본적으로 그 성격이 다르고, 이 점이 이번 회담을 어렵게 하는 점”이라고 했다.
다만, 북한이 그동안 합의를 수차례 깨왔기 때문에 합의문에 강제 조항을 넣어야 한다는 의견도 있었다. 조성렬 국가안보전략연구원 수석연구위원은 “북한이 이와 같은 비핵화를 하지 않는다면 즉시 대북 제재를 복구한다는 조항이 붙어야 한다”고 했다.",7,1250
iks_20180427_chosun_news_073,Chosun news 2018 April 27 corpus.txt,Chosun Ilbo,조선일보,news,2018-04-27,2018_april_summit,"RFA “北 주민, 남북 정상회담 개최 사실 몰라”",,"북한 당국이 주민들에게 27일 남북 정상회담이 열린다는 것을 공개하지 않고 있다고 미국 자유아시아방송(RFA)이 26일 보도했다. 간부를 포함해 회담 개최를 아는 일부 북한인들도 당국의 단속이 엄해져 입도 뻥긋하지 않는 분위기라고 RFA는 전했다.
RFA에 따르면 북한 당국은 남북 정상회담 하루 전날인 26일까지 문재인 대통령과 김정은 북한 노동당 위원장이 경기도 파주 판문점에서 만나는 사실을 주민에게 공개하지 않았다. 평안북도 신의주의 한 주민 소식통은 RFA에 “대부분의 주민들은 남북 정상회담이 27일 판문점에서 열리는 사실을 모른다”며 “아마도 정상회담의 성과가 나온 다음에야 조선중앙방송과 노동신문을 통해 주민들에게 알릴 것으로 예상된다”고 말했다.
소식통은 RFA에 현재 북한 당국의 단속이 한층 강화됐다고 전했다. 그는 “요즘 검열단의 단속이 하도 엄중해서 주민들은 말조심하는 분위기”라며 “세 사람 이상이 모여 함께 식사를 하는 것도 눈치 보인다”고 했다.
소식통은 이어 “중국을 다녀온 사람이나 남조선 매체를 몰래 접하는 사람들은 분명 남북 정상회담에 대해 알고 있을 텐데 입을 꼭 다물고 있다”며 “자칫 이를 발설했다가 당국에 적발되는 날에는 엄한 처벌을 면치 못할 것”이라고 했다
RFA는 지난 20일 북한 노동당 전원회의 이후 북한 당국이 간부들에게 핵개발에 집중하라는 당부를 멈춘 것으로 알려졌다고 전했다. 소식통은 “얼마전까지 핵과 경제 강화를 동시에 추구하라는 병진노선을 강조하더니 갑자기 핵이 빠지고 농업과 경공업 발전에 앞장 서라고 지시했다”며 “간부들은 김정은 위원장이 정말 핵 포기를 생각하고 있는 것으로 믿는 것 같다”고 했다.","RFA “北 주민, 남북 정상회담 개최 사실 몰라”
북한 당국이 주민들에게 27일 남북 정상회담이 열린다는 것을 공개하지 않고 있다고 미국 자유아시아방송(RFA)이 26일 보도했다. 간부를 포함해 회담 개최를 아는 일부 북한인들도 당국의 단속이 엄해져 입도 뻥긋하지 않는 분위기라고 RFA는 전했다.
RFA에 따르면 북한 당국은 남북 정상회담 하루 전날인 26일까지 문재인 대통령과 김정은 북한 노동당 위원장이 경기도 파주 판문점에서 만나는 사실을 주민에게 공개하지 않았다. 평안북도 신의주의 한 주민 소식통은 RFA에 “대부분의 주민들은 남북 정상회담이 27일 판문점에서 열리는 사실을 모른다”며 “아마도 정상회담의 성과가 나온 다음에야 조선중앙방송과 노동신문을 통해 주민들에게 알릴 것으로 예상된다”고 말했다.
소식통은 RFA에 현재 북한 당국의 단속이 한층 강화됐다고 전했다. 그는 “요즘 검열단의 단속이 하도 엄중해서 주민들은 말조심하는 분위기”라며 “세 사람 이상이 모여 함께 식사를 하는 것도 눈치 보인다”고 했다.
소식통은 이어 “중국을 다녀온 사람이나 남조선 매체를 몰래 접하는 사람들은 분명 남북 정상회담에 대해 알고 있을 텐데 입을 꼭 다물고 있다”며 “자칫 이를 발설했다가 당국에 적발되는 날에는 엄한 처벌을 면치 못할 것”이라고 했다
RFA는 지난 20일 북한 노동당 전원회의 이후 북한 당국이 간부들에게 핵개발에 집중하라는 당부를 멈춘 것으로 알려졌다고 전했다. 소식통은 “얼마전까지 핵과 경제 강화를 동시에 추구하라는 병진노선을 강조하더니 갑자기 핵이 빠지고 농업과 경공업 발전에 앞장 서라고 지시했다”며 “간부들은 김정은 위원장이 정말 핵 포기를 생각하고 있는 것으로 믿는 것 같다”고 했다.",5,821
iks_20180427_chosun_news_074,Chosun news 2018 April 27 corpus.txt,Chosun Ilbo,조선일보,news,2018-04-27,2018_april_summit,오늘 11년만의 남북정상회담 열린다,,"문재인 대통령과 김정은 북한 국무위원장은 27일 오전 판문점에서 정상회담을 갖는다. 남북 간 정상회담이 열리는 건 지난 2007년 이후 11년 만이다.
정상회담은 김정은이 오전 9시30분 판문점 건물 사이의 군사분계선을 넘으면서 시작된다. 문 대통령은 군사정전위원회 회의실 앞 군사분계선에서 김 위원장을 맞을 예정이다.
문 대통령과 김정은은 전통의장대의 호위를 받으며 공식 환영식장으로 도보로 이동하며, 9시40분쯤 자유의집과 평화의집 사이 판문점 광장에 도착해 의장대 사열을 포함한 공식 환영식을 진행한다. 사전 환담 이후 본격적인 회담이 시작되는 시각은 10시30분이다.
정부 안팎에서는 이번 회담 합의문에 북한의 구체적 비핵화 의지가 담겨야 한다는 얘기가 나왔다. 임종석 대통령 비서실장도 26일 “(북한의) 뚜렷한 비핵화 의지를 명문화 할 수 있다면, 더 나아가 이것이 한반도에서의 완전한 비핵화를 의미함을 정확히 확인할 수 있다면 이번 회담이 매우 성공적일 것이라고 생각한다”고 했다.
다만 이와 같은 비핵화 의지가 합의문에 구체적으로 실릴 수 있을지는 미지수다. 임 실장은 “비핵화 의지를 양 정상이 직접 어느 수준에서 합의할 수 있을지, 그리고 이것을 어떤 표현으로 명문화할 수 있을지가 어려운 대목”이라며 “결국 가장 핵심은 정상들의 몫으로 고스란히 남겨졌다”고 했다. 문 대통령과 김정은의 담판 전까지는 북한의 비핵화 의지를 확신할 수 없다는 뜻이다.
이번 정상회담에는 김정은의 부인인 리설주가 참석할지도 관심사다. 청와대는 “리설주의 참석 여부는 결정이 안 됐다. 만찬 참석을 기대하고 있다”고 했다. 하지만 리설주의 이번 정상회담 참석은 기정사실화 되는 분위기다. 정부 관계자는 “김정은이 그동안 보여준 행보를 보면 리설주 참석이 유력하다”고 했다.","오늘 11년만의 남북정상회담 열린다
문재인 대통령과 김정은 북한 국무위원장은 27일 오전 판문점에서 정상회담을 갖는다. 남북 간 정상회담이 열리는 건 지난 2007년 이후 11년 만이다.
정상회담은 김정은이 오전 9시30분 판문점 건물 사이의 군사분계선을 넘으면서 시작된다. 문 대통령은 군사정전위원회 회의실 앞 군사분계선에서 김 위원장을 맞을 예정이다.
문 대통령과 김정은은 전통의장대의 호위를 받으며 공식 환영식장으로 도보로 이동하며, 9시40분쯤 자유의집과 평화의집 사이 판문점 광장에 도착해 의장대 사열을 포함한 공식 환영식을 진행한다. 사전 환담 이후 본격적인 회담이 시작되는 시각은 10시30분이다.
정부 안팎에서는 이번 회담 합의문에 북한의 구체적 비핵화 의지가 담겨야 한다는 얘기가 나왔다. 임종석 대통령 비서실장도 26일 “(북한의) 뚜렷한 비핵화 의지를 명문화 할 수 있다면, 더 나아가 이것이 한반도에서의 완전한 비핵화를 의미함을 정확히 확인할 수 있다면 이번 회담이 매우 성공적일 것이라고 생각한다”고 했다.
다만 이와 같은 비핵화 의지가 합의문에 구체적으로 실릴 수 있을지는 미지수다. 임 실장은 “비핵화 의지를 양 정상이 직접 어느 수준에서 합의할 수 있을지, 그리고 이것을 어떤 표현으로 명문화할 수 있을지가 어려운 대목”이라며 “결국 가장 핵심은 정상들의 몫으로 고스란히 남겨졌다”고 했다. 문 대통령과 김정은의 담판 전까지는 북한의 비핵화 의지를 확신할 수 없다는 뜻이다.
이번 정상회담에는 김정은의 부인인 리설주가 참석할지도 관심사다. 청와대는 “리설주의 참석 여부는 결정이 안 됐다. 만찬 참석을 기대하고 있다”고 했다. 하지만 리설주의 이번 정상회담 참석은 기정사실화 되는 분위기다. 정부 관계자는 “김정은이 그동안 보여준 행보를 보면 리설주 참석이 유력하다”고 했다.",6,878
iks_20180427_chosun_news_075,Chosun news 2018 April 27 corpus.txt,Chosun Ilbo,조선일보,news,2018-04-27,2018_april_summit,"""정상회담 보도, 정부 발표 토대로 써라""","방통심의위, 사실상 가이드라인… 전문가 ""취재 자유 막는 보도지침""
진보 언론단체까지 ""회담취재 부당한 간섭 중단하라
드루킹 들먹이며 오보 운운, 낙인찍기 의도가 뭐냐""","방송통신심의위원회가 남북 정상회담을 취재·보도할 때 국가기관의 공식 발표를 토대로 보도하라는 취지의 권고사항을 발표했다. 언론계와 학자들 사이에선 ""북핵(北核) 폐기와 남북 간 합의 사항에 대해 다양한 시각의 보도가 나올 수 있는 상황에서 방송 심의와 제재 권한을 가진 기관이 사실상 '보도 지침'을 배포한 것""이라는 지적이 나온다.
방통심의위는 26일 ""일명 '드루킹 사건' 보도 과정에서 연이어 발생한 오보(誤報)를 감안할 때 남북 정상회담 보도 역시 매우 우려스럽다. 객관적 보도를 위해 국가기관의 공식 발표를 토대로 보도하는 것이 가장 바람직하다""면서 객관성, 출처 명시, 오보 정정에 관한 방송 심의 규정을 소개하고 이 조항들에 대한 해석과 심의 기준을 담은 자료를 배포했다.
방통심의위는 자료에서 ""속보·단독 보도에 급급해 잘못된 보도를 전하는 일이 없어야 한다""며 ""확인되지 않은 취재원의 발언과 주장을 그대로 인용하거나 추측 보도를 해서는 안 되며, 신원이 불분명한 제3자로부터 자료를 받거나 진위 확인이 불명확한 자료를 사용하는 행위도 최대한 지양해야 한다""고 밝혔다.
방통심의위는 이날 발표한 자료를 바탕으로 ""방송심의규정 위반 여부에 대한 남북 정상회담 보도 특별 모니터링을 실시할 방침""이라고 했다. 전문가들은 방통심의위의 권고가 언론의 취재·보도 활동을 심각하게 위축시킬 수 있다고 우려했다.
윤석민 서울대 언론정보학과 교수는 ""국익 차원에서 국가가 제공하는 자료를 토대로 받아쓰라는 지침은 전체주의 국가에서나 나올 수 있는 발상""이라며 ""기자들이 따라야 하는 취재 윤리의 기본은 오히려 보도자료를 베껴 쓰지 않고 자유롭게 취재하고 확인하고 검증하는 것""이라고 말했다. 권상희 성균관대 신문방송학과 교수는 ""남북 관계와 안보에 대한 보도에는 (언론의) 비판적 시각이 들어갈 수밖에 없는데, 이를 막겠다는 것은 언론의 감시·비판 기능에 재갈을 물리겠다는 것""이라며 ""방송 내용에 대한 사후 심의와 제재에 대한 권한을 가진 기관에서 나온 이 자료를 대부분의 방송사들은 압력으로 받아들일 것""이라고 했다.
김대중·노무현 정부 시절부터 언론개혁운동을 벌여온 언론개혁시민연대(언개련)도 이날 논평을 내고 ""방통심의위가 오보 사례로 드루킹 사건을 들먹이며 '연이어 발생한 오보 논란' 운운하면서 낙인 찍기를 하는 의도가 무엇인지 묻고 싶다""며 ""남북 정상회담 취재에 관한 부당한 관여를 중단하라""고 밝혔다.
방통심의위는 방송 심의·제재와 관련된 정부 업무를 대행하는 기구로 위원장을 포함한 9명의 심의위원은 국회의장과 국회 소관 상임위의 추천을 받아 대통령이 위촉한다. 민경중 방통심의위 사무총장은 ""국회에서도 그동안 사후 규제만 하지 말고 사전에 교육을 통해 예방하라는 주문을 많이 받았다""면서 ""국가 중대사를 앞두고 잘못된 내용이 방송될 경우 사회 혼란을 야기할 수 있기 때문에 심의에서 자주 지적된 부분을 중심으로 사전 안내를 한 것일 뿐 정부와 사전 교류는 없었다""고 말했다. 하지만 자료 배포 이전 방통심의위 내부에서 이견(異見)이 존재했던 것으로 알려졌다. 한 방통심의위 관계자는 ""언론사에 '권고' 등의 표현을 쓰는 것에 대해 우려를 제기했으나 받아들여지지 않았다""고 말했다.","""정상회담 보도, 정부 발표 토대로 써라""
방통심의위, 사실상 가이드라인… 전문가 ""취재 자유 막는 보도지침""
진보 언론단체까지 ""회담취재 부당한 간섭 중단하라
드루킹 들먹이며 오보 운운, 낙인찍기 의도가 뭐냐""
방송통신심의위원회가 남북 정상회담을 취재·보도할 때 국가기관의 공식 발표를 토대로 보도하라는 취지의 권고사항을 발표했다. 언론계와 학자들 사이에선 ""북핵(北核) 폐기와 남북 간 합의 사항에 대해 다양한 시각의 보도가 나올 수 있는 상황에서 방송 심의와 제재 권한을 가진 기관이 사실상 '보도 지침'을 배포한 것""이라는 지적이 나온다.
방통심의위는 26일 ""일명 '드루킹 사건' 보도 과정에서 연이어 발생한 오보(誤報)를 감안할 때 남북 정상회담 보도 역시 매우 우려스럽다. 객관적 보도를 위해 국가기관의 공식 발표를 토대로 보도하는 것이 가장 바람직하다""면서 객관성, 출처 명시, 오보 정정에 관한 방송 심의 규정을 소개하고 이 조항들에 대한 해석과 심의 기준을 담은 자료를 배포했다.
방통심의위는 자료에서 ""속보·단독 보도에 급급해 잘못된 보도를 전하는 일이 없어야 한다""며 ""확인되지 않은 취재원의 발언과 주장을 그대로 인용하거나 추측 보도를 해서는 안 되며, 신원이 불분명한 제3자로부터 자료를 받거나 진위 확인이 불명확한 자료를 사용하는 행위도 최대한 지양해야 한다""고 밝혔다.
방통심의위는 이날 발표한 자료를 바탕으로 ""방송심의규정 위반 여부에 대한 남북 정상회담 보도 특별 모니터링을 실시할 방침""이라고 했다. 전문가들은 방통심의위의 권고가 언론의 취재·보도 활동을 심각하게 위축시킬 수 있다고 우려했다.
윤석민 서울대 언론정보학과 교수는 ""국익 차원에서 국가가 제공하는 자료를 토대로 받아쓰라는 지침은 전체주의 국가에서나 나올 수 있는 발상""이라며 ""기자들이 따라야 하는 취재 윤리의 기본은 오히려 보도자료를 베껴 쓰지 않고 자유롭게 취재하고 확인하고 검증하는 것""이라고 말했다. 권상희 성균관대 신문방송학과 교수는 ""남북 관계와 안보에 대한 보도에는 (언론의) 비판적 시각이 들어갈 수밖에 없는데, 이를 막겠다는 것은 언론의 감시·비판 기능에 재갈을 물리겠다는 것""이라며 ""방송 내용에 대한 사후 심의와 제재에 대한 권한을 가진 기관에서 나온 이 자료를 대부분의 방송사들은 압력으로 받아들일 것""이라고 했다.
김대중·노무현 정부 시절부터 언론개혁운동을 벌여온 언론개혁시민연대(언개련)도 이날 논평을 내고 ""방통심의위가 오보 사례로 드루킹 사건을 들먹이며 '연이어 발생한 오보 논란' 운운하면서 낙인 찍기를 하는 의도가 무엇인지 묻고 싶다""며 ""남북 정상회담 취재에 관한 부당한 관여를 중단하라""고 밝혔다.
방통심의위는 방송 심의·제재와 관련된 정부 업무를 대행하는 기구로 위원장을 포함한 9명의 심의위원은 국회의장과 국회 소관 상임위의 추천을 받아 대통령이 위촉한다. 민경중 방통심의위 사무총장은 ""국회에서도 그동안 사후 규제만 하지 말고 사전에 교육을 통해 예방하라는 주문을 많이 받았다""면서 ""국가 중대사를 앞두고 잘못된 내용이 방송될 경우 사회 혼란을 야기할 수 있기 때문에 심의에서 자주 지적된 부분을 중심으로 사전 안내를 한 것일 뿐 정부와 사전 교류는 없었다""고 말했다. 하지만 자료 배포 이전 방통심의위 내부에서 이견(異見)이 존재했던 것으로 알려졌다. 한 방통심의위 관계자는 ""언론사에 '권고' 등의 표현을 쓰는 것에 대해 우려를 제기했으나 받아들여지지 않았다""고 말했다.",7,1568
iks_20180427_chosun_news_076,Chosun news 2018 April 27 corpus.txt,Chosun Ilbo,조선일보,news,2018-04-27,2018_april_summit,평창 왔던 김영남·김여정 참석… 군부·외교 핵심도 출동,"[오늘 남북정상회담]
北 김정은 공식 수행단 9명… '평창 추억' 살려 분위기 띄우기
金 방중 수행 최룡해, 평양 남아","27일 남북 정상회담에 참석하는 북한 측 인사 명단에 군부 및 외교 쪽 핵심 인사가 대거 포함됐다. 정상회담에 포함된 군부 인사는 북한군 서열 2위 리명수 군 총참모장(합참의장 격)과 3위 박영식 인민무력상(국방장관 격)이다. 외교 라인 인사는 북한 외교 사령탑인 리수용 당 중앙위 외교 담당 부위원장과 '미국통'으로 알려진 리용호 외무상이다. 남북 정상회담에 북한 군부와 외교 라인의 핵심 인사들이 참석하는 것이다. 이에 대해 임종석 남북 정상회담 준비위원회 위원장은 26일 ""북한군의 핵심 책임자들이 참석한 것은 비핵화와 항구적 평화 정착, 긴장 완화에 대한 내용이 다뤄지기 때문으로 이해하고 있다""고 했다.
이 밖에 북한 공식 수행단에는 김영남 최고인민회의 상임위원장과 김영철 당 중앙위 부위원장, 최휘 당 중앙위 부위원장, 김여정 당 중앙위 제1부부장, 리선권 조국평화통일위원회 위원장이 포함됐다. 이들은 모두 지난 2월 평창 동계올림픽 개·폐막식 때 방남(訪南)해 남북 대화의 물꼬를 텄던 인사다. 김근식 경남대 교수는 ""김영철과 리선권을 제외하고 김영남, 최휘, 김여정은 정상회담에서 맡은 역할이 분명치 않음에도 포함된 것은 평창올림픽의 추억을 살려 화기애애한 분위기를 띄우려는 의도로 보인다""고 했다.
북한 2인자인 최룡해 당 중앙위 부위원장은 이번 명단에서 빠졌다. 평양에 남아 관리하는 역할을 맡은 것으로 보인다. 지난달 김정은의 방중(訪中) 때는 김여정이 평양을 지키고 최룡해가 동행했다.
우리 측 공식 수행원은 당초 임종석 비서실장, 정의용 국가안보실장, 서훈 국가정보원장, 강경화 외교부 장관, 조명균 통일부 장관, 송영무 국방부 장관으로 발표됐으나, 이날 정경두 합동참모의장이 리명수 북한군 총참모장의 상대 격으로 새롭게 포함됐다. 하지만 남북 공식 수행원이 모두 정상회담장에 배석하지는 않을 것으로 보인다. 청와대는 ""당초 회담장 양쪽에 의자를 7개씩 배치했으나, 둘씩 빼서 5개씩 놔뒀다""고 했다.","평창 왔던 김영남·김여정 참석… 군부·외교 핵심도 출동
[오늘 남북정상회담]
北 김정은 공식 수행단 9명… '평창 추억' 살려 분위기 띄우기
金 방중 수행 최룡해, 평양 남아
27일 남북 정상회담에 참석하는 북한 측 인사 명단에 군부 및 외교 쪽 핵심 인사가 대거 포함됐다. 정상회담에 포함된 군부 인사는 북한군 서열 2위 리명수 군 총참모장(합참의장 격)과 3위 박영식 인민무력상(국방장관 격)이다. 외교 라인 인사는 북한 외교 사령탑인 리수용 당 중앙위 외교 담당 부위원장과 '미국통'으로 알려진 리용호 외무상이다. 남북 정상회담에 북한 군부와 외교 라인의 핵심 인사들이 참석하는 것이다. 이에 대해 임종석 남북 정상회담 준비위원회 위원장은 26일 ""북한군의 핵심 책임자들이 참석한 것은 비핵화와 항구적 평화 정착, 긴장 완화에 대한 내용이 다뤄지기 때문으로 이해하고 있다""고 했다.
이 밖에 북한 공식 수행단에는 김영남 최고인민회의 상임위원장과 김영철 당 중앙위 부위원장, 최휘 당 중앙위 부위원장, 김여정 당 중앙위 제1부부장, 리선권 조국평화통일위원회 위원장이 포함됐다. 이들은 모두 지난 2월 평창 동계올림픽 개·폐막식 때 방남(訪南)해 남북 대화의 물꼬를 텄던 인사다. 김근식 경남대 교수는 ""김영철과 리선권을 제외하고 김영남, 최휘, 김여정은 정상회담에서 맡은 역할이 분명치 않음에도 포함된 것은 평창올림픽의 추억을 살려 화기애애한 분위기를 띄우려는 의도로 보인다""고 했다.
북한 2인자인 최룡해 당 중앙위 부위원장은 이번 명단에서 빠졌다. 평양에 남아 관리하는 역할을 맡은 것으로 보인다. 지난달 김정은의 방중(訪中) 때는 김여정이 평양을 지키고 최룡해가 동행했다.
우리 측 공식 수행원은 당초 임종석 비서실장, 정의용 국가안보실장, 서훈 국가정보원장, 강경화 외교부 장관, 조명균 통일부 장관, 송영무 국방부 장관으로 발표됐으나, 이날 정경두 합동참모의장이 리명수 북한군 총참모장의 상대 격으로 새롭게 포함됐다. 하지만 남북 공식 수행원이 모두 정상회담장에 배석하지는 않을 것으로 보인다. 청와대는 ""당초 회담장 양쪽에 의자를 7개씩 배치했으나, 둘씩 빼서 5개씩 놔뒀다""고 했다.",4,965
iks_20180427_chosun_news_077,Chosun news 2018 April 27 corpus.txt,Chosun Ilbo,조선일보,news,2018-04-27,2018_april_summit,"""핵무기 시험·보유 금지"" ""핵시설 폐쇄·봉인"" 북한, 26년 전에 이미 비핵화를 약속했었다","[오늘 남북정상회담]
2005년 9·19 공동성명 땐 ""모든 핵무기·핵계획 포기""","27일 남북 정상회담에서 '한반도 비핵화'가 최우선 의제가 되면서 남북 정상이 어떤 합의를 내놓을지에 관심이 쏠리고 있다. 특히 역대 비핵화 합의와 비교해 진전된 내용이 나올지 주목된다.
남북이 서명한 첫 비핵화 합의는 1992년 '한반도의 비핵화에 관한 공동 선언'이다. 1991년 합의되고 1992년 1월 정원식 국무총리와 북한 연형묵 정무원 총리가 서명했다. 남북은 6개 항의 합의문에서 핵무기 시험·생산·사용 등을 하지 않고 외국에서 들여오지도 않겠다고 선언했다. 또 핵 재처리와 우라늄 농축 시설 보유도 금지했다.
역대 북한 비핵화 관련 주요 합의
1992.1 한반도 비핵화에 관한 공동선언
-남북 핵무기 시험 제조 보유 배치 사용 금지
-핵 재처리시설 우라늄 농축시설 보유 금지
-상대가 선정하고 쌍방이 합의한 시설 사찰
2005.9 9·19 공동성명
-북한 내 모든 핵무기와 현존하는 핵 계획 포기, 핵확산금지조약(NPT) 복귀
-적절한 시점에 북한에 대한 경수로 제공 논의, 한국 대북 전력 지원 용의 확인
2007.2 2·13 합의
-북한 내 핵시설 폐쇄 봉인
-북이 모든 핵 프로그램을 신고하고 핵시설 불능화하는 동안 중유 100만t 지원
또 비핵화 검증을 위해 '남북핵통제공동위원회'를 구성하고, 상대방이 선정하고 양측이 합의하는 시설에 대해 사찰하는 내용도 담았다. 역대 비핵화 합의 가운데 가장 포괄적이고 진전된 합의로 평가받지만 강제성이 없어 실제 북한의 핵개발은 막지 못했다는 비판도 있다. 북한은 김정은 정권 초기인 2013년 1월 조국평화통일위원회 성명을 통해 ""한반도 비핵화에 관한 공동 선언의 완전 백지화, 전면 무효화를 선포한다""고 공식 선언을 하기도 했다.
남북은 물론 미국·중국·일본·러시아가 참여하는 6자회담에서도 여러 차례 비핵화 합의가 있었다. 2005년 9월 '9·19 공동 성명'이 대표적이다. 북한은 '모든 핵무기와 현존하는 핵 계획'을 포기하겠다고 약속했다. 그 대가로 미국·일본은 북한과의 관계 정상화를 추진하고, 북한이 요구한 경수로 제공 문제를 적절한 시기에 논의하기로 했다. 하지만 북한은 이듬해인 2006년 1차 핵실험을 했다.
노무현 대통령과 김정일 북한 국방위원장은 2007년 10월 '남북 관계 발전과 평화 번영을 위한 선언'(10·4 선언)을 발표했다. '남과 북은 한반도 핵문제 해결을 위해 6자회담, 9·19 공동 선언과 2·13 합의가 순조롭게 이행되도록 공동으로 노력하기로 했다'는 내용이 담겼다. 남북 정상이 서명한 문서에 '핵'이란 단어가 들어간 것은 이때가 처음이다. 하지만 이듬해 6자회담이 중단되면서 실효성을 거두지 못했다.","""핵무기 시험·보유 금지"" ""핵시설 폐쇄·봉인"" 북한, 26년 전에 이미 비핵화를 약속했었다
[오늘 남북정상회담]
2005년 9·19 공동성명 땐 ""모든 핵무기·핵계획 포기""
27일 남북 정상회담에서 '한반도 비핵화'가 최우선 의제가 되면서 남북 정상이 어떤 합의를 내놓을지에 관심이 쏠리고 있다. 특히 역대 비핵화 합의와 비교해 진전된 내용이 나올지 주목된다.
남북이 서명한 첫 비핵화 합의는 1992년 '한반도의 비핵화에 관한 공동 선언'이다. 1991년 합의되고 1992년 1월 정원식 국무총리와 북한 연형묵 정무원 총리가 서명했다. 남북은 6개 항의 합의문에서 핵무기 시험·생산·사용 등을 하지 않고 외국에서 들여오지도 않겠다고 선언했다. 또 핵 재처리와 우라늄 농축 시설 보유도 금지했다.
역대 북한 비핵화 관련 주요 합의
1992.1 한반도 비핵화에 관한 공동선언
-남북 핵무기 시험 제조 보유 배치 사용 금지
-핵 재처리시설 우라늄 농축시설 보유 금지
-상대가 선정하고 쌍방이 합의한 시설 사찰
2005.9 9·19 공동성명
-북한 내 모든 핵무기와 현존하는 핵 계획 포기, 핵확산금지조약(NPT) 복귀
-적절한 시점에 북한에 대한 경수로 제공 논의, 한국 대북 전력 지원 용의 확인
2007.2 2·13 합의
-북한 내 핵시설 폐쇄 봉인
-북이 모든 핵 프로그램을 신고하고 핵시설 불능화하는 동안 중유 100만t 지원
또 비핵화 검증을 위해 '남북핵통제공동위원회'를 구성하고, 상대방이 선정하고 양측이 합의하는 시설에 대해 사찰하는 내용도 담았다. 역대 비핵화 합의 가운데 가장 포괄적이고 진전된 합의로 평가받지만 강제성이 없어 실제 북한의 핵개발은 막지 못했다는 비판도 있다. 북한은 김정은 정권 초기인 2013년 1월 조국평화통일위원회 성명을 통해 ""한반도 비핵화에 관한 공동 선언의 완전 백지화, 전면 무효화를 선포한다""고 공식 선언을 하기도 했다.
남북은 물론 미국·중국·일본·러시아가 참여하는 6자회담에서도 여러 차례 비핵화 합의가 있었다. 2005년 9월 '9·19 공동 성명'이 대표적이다. 북한은 '모든 핵무기와 현존하는 핵 계획'을 포기하겠다고 약속했다. 그 대가로 미국·일본은 북한과의 관계 정상화를 추진하고, 북한이 요구한 경수로 제공 문제를 적절한 시기에 논의하기로 했다. 하지만 북한은 이듬해인 2006년 1차 핵실험을 했다.
노무현 대통령과 김정일 북한 국방위원장은 2007년 10월 '남북 관계 발전과 평화 번영을 위한 선언'(10·4 선언)을 발표했다. '남과 북은 한반도 핵문제 해결을 위해 6자회담, 9·19 공동 선언과 2·13 합의가 순조롭게 이행되도록 공동으로 노력하기로 했다'는 내용이 담겼다. 남북 정상이 서명한 문서에 '핵'이란 단어가 들어간 것은 이때가 처음이다. 하지만 이듬해 6자회담이 중단되면서 실효성을 거두지 못했다.",16,1292
iks_20180427_chosun_news_078,Chosun news 2018 April 27 corpus.txt,Chosun Ilbo,조선일보,news,2018-04-27,2018_april_summit,"日 ""화려한 정치쇼""… 中 ""평화신호 소중""","[오늘 남북정상회담]
남북회담 하루 앞 양국 반응
아베 핵심 보좌관 가와이 특보 ""北·日회담 조급해할 필요 없다""","남북 정상회담을 하루 앞둔 26일 일본 아베 신조(安倍晋三) 총리의 최측근이 남북 회담을 '화려한 정치 쇼'로 폄하했다. 중국은 남북의 평화 메시지에 기대감을 표하면서도 중국의 역할을 강조했다.
일본 닛폰TV에 따르면, 미국을 방문 중인 가와이 가쓰유키(河井克行) 일본 자민당 총재 외교특보는 25일(현지 시각) 현지 강연에서 ""(이번 남북 회담은) 화려한 정치 쇼에 불과하다""며 ""북한 비핵화로 이어지는 게 아니다""라고 말했다. 아베 총리의 '핵심 보좌관 5인방' 중 한 명인 가와이 특보는 ""아베 총리는 '북·일 정상회담은 조급해할 필요가 없다'며 '대북 압력을 유지해 북한이 일본에 대화를 요구하는 상황을 만들겠다는 방침에는 변화가 없다'고 말했다""고 했다. 그의 발언은 아베·김정은 회담을 북한에 타진했으나 별다른 성과를 얻지 못한 상황에 대한 일본의 불편한 감정이 투영된 것으로 풀이된다.
중국 공산당 기관지 인민일보는 '한반도 평화 신호는 매우 소중하다'는 제목의 26일자 사설에서 ""국제사회는 판문점 평화의 집에서 발산될 평화 메시지를 기대하고, 이 메시지가 한반도 긴장 완화에 긍정적인 에너지가 되기를 기대한다""고 했다. 이 매체는 ""중국은 한반도 비핵화와 평화·안정 유지, 대화를 통한 문제 해결이라는 원칙을 지켜왔다""며 ""쌍궤병행(雙軌竝行·비핵화와 미·북 평화협정 협상의 동시 진행) 등 중국이 주창해온 구상들은 여전히 유효한 북핵 해법""이라며 중국 역할론을 강조했다.","日 ""화려한 정치쇼""… 中 ""평화신호 소중""
[오늘 남북정상회담]
남북회담 하루 앞 양국 반응
아베 핵심 보좌관 가와이 특보 ""北·日회담 조급해할 필요 없다""
남북 정상회담을 하루 앞둔 26일 일본 아베 신조(安倍晋三) 총리의 최측근이 남북 회담을 '화려한 정치 쇼'로 폄하했다. 중국은 남북의 평화 메시지에 기대감을 표하면서도 중국의 역할을 강조했다.
일본 닛폰TV에 따르면, 미국을 방문 중인 가와이 가쓰유키(河井克行) 일본 자민당 총재 외교특보는 25일(현지 시각) 현지 강연에서 ""(이번 남북 회담은) 화려한 정치 쇼에 불과하다""며 ""북한 비핵화로 이어지는 게 아니다""라고 말했다. 아베 총리의 '핵심 보좌관 5인방' 중 한 명인 가와이 특보는 ""아베 총리는 '북·일 정상회담은 조급해할 필요가 없다'며 '대북 압력을 유지해 북한이 일본에 대화를 요구하는 상황을 만들겠다는 방침에는 변화가 없다'고 말했다""고 했다. 그의 발언은 아베·김정은 회담을 북한에 타진했으나 별다른 성과를 얻지 못한 상황에 대한 일본의 불편한 감정이 투영된 것으로 풀이된다.
중국 공산당 기관지 인민일보는 '한반도 평화 신호는 매우 소중하다'는 제목의 26일자 사설에서 ""국제사회는 판문점 평화의 집에서 발산될 평화 메시지를 기대하고, 이 메시지가 한반도 긴장 완화에 긍정적인 에너지가 되기를 기대한다""고 했다. 이 매체는 ""중국은 한반도 비핵화와 평화·안정 유지, 대화를 통한 문제 해결이라는 원칙을 지켜왔다""며 ""쌍궤병행(雙軌竝行·비핵화와 미·북 평화협정 협상의 동시 진행) 등 중국이 주창해온 구상들은 여전히 유효한 북핵 해법""이라며 중국 역할론을 강조했다.",3,720
iks_20180427_chosun_news_079,Chosun news 2018 April 27 corpus.txt,Chosun Ilbo,조선일보,news,2018-04-27,2018_april_summit,"판문점에 1953년생 소나무 심고, 한강·대동강물 뿌린다","[오늘 남북정상회담] 남북정상회담 어떻게 진행되나
- 오전 9시30분 군사분계선서 첫 만남
환영식장까지 200m 도보 이동… 의장대 사열, 10시30분부터 회담
- 오찬 이후 소떼 방북길에 공동 植樹
한라산·백두산 흙 가져오기로… '도보다리'까지 친교 산책도
오후 회담 뒤 6시30분 만찬·환송","문재인 대통령과 김정은 북한 국무위원장은 27일 판문점 군사정전위원회 건물3개동 중 본회의실(T2)과 소회의실(T3) 사이 군사분계선(MDL)에서 첫 만남을 갖는다. 김정은은 MDL에서 기다리던 문 대통령과 손을 맞잡고 함께 남으로 넘어올 것으로 보인다. 양 정상은 우리 전통 의장대 호위를 받으며 판문점 남측 자유의집과 평화의집 사이 '판문점 광장'에서 열리는 공식 환영식에 참석한다. 이동 거리는 200m 정도인데 도보로 약 3~4분 걸릴 전망이다. 공식 환영식에서 두 정상은 의장대를 사열한다. 이후 양 정상은 상대 측 공식 수행원과 인사를 나누게 된다.
이어 두 정상은 평화의집으로 들어갈 예정이다. 김정은이 1층에서 방명록 서명을 마치면 접견실로 이동해 사전 환담을 한다. 이후 두 정상은 2층 회담장으로 이동해 오전 10시 30분부터 회담을 시작한다. 두 정상의 만남부터 회담 초반부까지는 생중계될 예정이다.
오전 회담이 종료되면 양 정상은 오찬과 휴식 시간을 따로 가진다. 정부 소식통은 ""자체적으로 논의 내용을 점검하고 대응 방안을 논의하는 시간을 가질 것""이라고 했다. 김정은은 MDL을 넘어 북측으로 갔다가 오후 일정에 맞춰 돌아올 예정이다. 오후에는 공동 기념식수(植樹) 행사를 한다. 임종석 실장은 ""대결과 분단의 상징이던 MDL 위에 평화와 번영을 상징하는 소나무를 심을 예정""이라며 ""식수 장소는 고(故) 정주영 회장이 소 떼를 몰고 방북했던 MDL 인근 '소 떼 길'""이라고 했다. 식수목은 정전협정이 체결된 1953년생(生) 소나무로 선정됐다. 식수엔 한라산과 백두산의 흙이 사용된다고 임 실장은 밝혔다. 이후 김정은은 한강수를, 문 대통령은 대동강 물을 붓는다. 표지석에는 문 대통령과 김정은 서명이 새겨진다.
이후 양 정상은 '도보다리'까지 함께 산책을 하게 된다. 도보다리는 길이가 50m 정도로 정전협정 직후 중립국 감독위원회가 판문점을 드나들 때 동선(動線)을 줄이기 위해 만들어졌다. 인근에 습지가 형성돼 있어 다리가 없으면 빙 돌아가야 한다. 유엔사령부가 'Foot bridge'라고 부르던 것을 그대로 옮기면서 공식 명칭이 됐다. 도보다리 끝에는 두 정상이 잠시 쉴 수 있도록 의자와 탁자도 마련됐다.
양 정상은 산책 후 평화의 집으로 돌아와 오후 회담을 이어간다. 회담 이후엔 합의문 서명과 발표가 이뤄질 예정이다. 임 실장은 ""판문점 평화의집 앞마당에서 정식 발표를 할지, 서명만 할지, 실내에서 발표할지는 아직 (조율 단계가) 남아 있다""고 했다.
회담이 끝나고 오후 6시 30분부터 평화의집 3층에서 양측 수행원이 모두 참석하는 환영 만찬이 열린다. 만찬 이후엔 환송 행사가 이어지고 이로써 회담이 끝난다. 양 정상은 판문점 평화의집 전면을 스크린으로 활용하는 영상을 감상할 예정이다. 청와대는 ""영상의 주제는 '하나의 봄'""이라며 ""한반도의 어제와 오늘 그리고 내일이 아름다운 영상과 음악으로 표현된다""고 했다.","판문점에 1953년생 소나무 심고, 한강·대동강물 뿌린다
[오늘 남북정상회담] 남북정상회담 어떻게 진행되나
- 오전 9시30분 군사분계선서 첫 만남
환영식장까지 200m 도보 이동… 의장대 사열, 10시30분부터 회담
- 오찬 이후 소떼 방북길에 공동 植樹
한라산·백두산 흙 가져오기로… '도보다리'까지 친교 산책도
오후 회담 뒤 6시30분 만찬·환송
문재인 대통령과 김정은 북한 국무위원장은 27일 판문점 군사정전위원회 건물3개동 중 본회의실(T2)과 소회의실(T3) 사이 군사분계선(MDL)에서 첫 만남을 갖는다. 김정은은 MDL에서 기다리던 문 대통령과 손을 맞잡고 함께 남으로 넘어올 것으로 보인다. 양 정상은 우리 전통 의장대 호위를 받으며 판문점 남측 자유의집과 평화의집 사이 '판문점 광장'에서 열리는 공식 환영식에 참석한다. 이동 거리는 200m 정도인데 도보로 약 3~4분 걸릴 전망이다. 공식 환영식에서 두 정상은 의장대를 사열한다. 이후 양 정상은 상대 측 공식 수행원과 인사를 나누게 된다.
이어 두 정상은 평화의집으로 들어갈 예정이다. 김정은이 1층에서 방명록 서명을 마치면 접견실로 이동해 사전 환담을 한다. 이후 두 정상은 2층 회담장으로 이동해 오전 10시 30분부터 회담을 시작한다. 두 정상의 만남부터 회담 초반부까지는 생중계될 예정이다.
오전 회담이 종료되면 양 정상은 오찬과 휴식 시간을 따로 가진다. 정부 소식통은 ""자체적으로 논의 내용을 점검하고 대응 방안을 논의하는 시간을 가질 것""이라고 했다. 김정은은 MDL을 넘어 북측으로 갔다가 오후 일정에 맞춰 돌아올 예정이다. 오후에는 공동 기념식수(植樹) 행사를 한다. 임종석 실장은 ""대결과 분단의 상징이던 MDL 위에 평화와 번영을 상징하는 소나무를 심을 예정""이라며 ""식수 장소는 고(故) 정주영 회장이 소 떼를 몰고 방북했던 MDL 인근 '소 떼 길'""이라고 했다. 식수목은 정전협정이 체결된 1953년생(生) 소나무로 선정됐다. 식수엔 한라산과 백두산의 흙이 사용된다고 임 실장은 밝혔다. 이후 김정은은 한강수를, 문 대통령은 대동강 물을 붓는다. 표지석에는 문 대통령과 김정은 서명이 새겨진다.
이후 양 정상은 '도보다리'까지 함께 산책을 하게 된다. 도보다리는 길이가 50m 정도로 정전협정 직후 중립국 감독위원회가 판문점을 드나들 때 동선(動線)을 줄이기 위해 만들어졌다. 인근에 습지가 형성돼 있어 다리가 없으면 빙 돌아가야 한다. 유엔사령부가 'Foot bridge'라고 부르던 것을 그대로 옮기면서 공식 명칭이 됐다. 도보다리 끝에는 두 정상이 잠시 쉴 수 있도록 의자와 탁자도 마련됐다.
양 정상은 산책 후 평화의 집으로 돌아와 오후 회담을 이어간다. 회담 이후엔 합의문 서명과 발표가 이뤄질 예정이다. 임 실장은 ""판문점 평화의집 앞마당에서 정식 발표를 할지, 서명만 할지, 실내에서 발표할지는 아직 (조율 단계가) 남아 있다""고 했다.
회담이 끝나고 오후 6시 30분부터 평화의집 3층에서 양측 수행원이 모두 참석하는 환영 만찬이 열린다. 만찬 이후엔 환송 행사가 이어지고 이로써 회담이 끝난다. 양 정상은 판문점 평화의집 전면을 스크린으로 활용하는 영상을 감상할 예정이다. 청와대는 ""영상의 주제는 '하나의 봄'""이라며 ""한반도의 어제와 오늘 그리고 내일이 아름다운 영상과 음악으로 표현된다""고 했다.",6,1435
iks_20180427_chosun_news_080,Chosun news 2018 April 27 corpus.txt,Chosun Ilbo,조선일보,news,2018-04-27,2018_april_summit,"25년을 끌어왔다, 北核 마침표 찍자","[오늘 남북정상회담]
文대통령·김정은, 오전 9시 30분 군사분계선서 만나 두 차례 회담
'판문점 선언' 비핵화 담아야 美北정상회담서 구체적 핵폐기 논의","27일 오전 9시 30분, 문재인 대통령과 김정은 북한 국무위원장은 판문점 군사분계선(MDL)에 서서 처음으로 손을 맞잡는다. 이어 판문점 남측 평화의집에서 오전과 오후 두 차례 회담하고, '판문점 선언'(가칭)을 공동 발표할 것으로 알려졌다. 남북 정상의 만남은 2000년(김대중-김정일)과 2007년(노무현-김정일)에 이어 세 번째다. 하지만 북한 최고 지도자가 6·25 남침 이후 군사분계선을 넘어 남쪽 땅을 밟는 것은 처음이다.
청와대는 과거 정상회담과 달리 이번에는 양 정상의 첫 만남부터 이동, 회담 모두 발언 등이 전 세계로 생중계된다고 했다. 양 정상이 이날 오후 군사분계선 인근에 평화·번영을 상징하는 소나무를 함께 심고 판문점 일대를 산책한 뒤 만찬도 함께 한다.
하지만 이번 회담의 성공 여부는 이런 '보여주기식 이벤트'가 아니라 김정은의 '비핵화 의지'를 어느 수준에서 이끌어내고 이를 명문화하느냐에 달렸다는 게 한·미 전문가들의 공통된 견해다. 공동선언에 담을 비핵화 관련 문구는 이날 회담장에서 문 대통령과 김정은의 담판으로 결정될 것으로 알려졌다.
남북 정상회담 준비위원장을 맡고 있는 임종석 대통령 비서실장은 26일 사전 브리핑에서 ""북한의 뚜렷한 비핵화 의지를 명문화할 수 있다면, 더 나아가 이것이 한반도에서 완전한 비핵화를 의미함을 정확히 확인할 수 있다면 이번 회담이 매우 성공적일 것""이라고 했다. 완전한 비핵화를 명문화하는 방안을 추진하겠다는 의미로 해석된다.
하지만 김정은에게 북핵 완전 폐기 의지를 확인하지 못하면, 5월 말~6월 초로 예정된 미·북 정상회담에서도 구체적 비핵화 절차로 이끌기가 어려워질 수 있다. 지난주 북한은 노동당 중앙위 전원회의를 통해 핵실험과 대륙간탄도미사일(ICBM) 시험 발사 중단을 발표했지만, 이는 '비핵화 선언'이 아니라 오히려 '핵보유국 선언'이라는 평가가 나온다. 그런 만큼 문 대통령이 김정은에게 '완전한 비핵화'를 강하게 요구하고 이를 확인할 발언을 이끌어 내야 한다는 것이다.
미 백악관은 25일(현지 시각) ""북한이 옳은 방향으로 가고 있지만 비핵화를 위한 구체적 조치를 취하는 것을 볼 때까지 최대 압박 작전을 완화하지 않을 것""이라고 했다. 남북 회담에서 비핵화와 관련한 확실한 진전 없이 다른 분야의 합의만 이뤄질 경우 ""국제 제재로 코너에 몰렸던 김정은 정권에 '호흡기'를 붙여주는 결과만 초래할 수 있다""는 우려도 나온다. 북핵 문제에 정통한 전직 고위 외교관은 ""이번 남북 정상회담은 1993년 북한의 핵확산금지조약(NPT) 탈퇴 이후 25년을 끌어온 북핵 문제를 평화적으로 해결할 사실상 마지막 기회""라고 했다.","25년을 끌어왔다, 北核 마침표 찍자
[오늘 남북정상회담]
文대통령·김정은, 오전 9시 30분 군사분계선서 만나 두 차례 회담
'판문점 선언' 비핵화 담아야 美北정상회담서 구체적 핵폐기 논의
27일 오전 9시 30분, 문재인 대통령과 김정은 북한 국무위원장은 판문점 군사분계선(MDL)에 서서 처음으로 손을 맞잡는다. 이어 판문점 남측 평화의집에서 오전과 오후 두 차례 회담하고, '판문점 선언'(가칭)을 공동 발표할 것으로 알려졌다. 남북 정상의 만남은 2000년(김대중-김정일)과 2007년(노무현-김정일)에 이어 세 번째다. 하지만 북한 최고 지도자가 6·25 남침 이후 군사분계선을 넘어 남쪽 땅을 밟는 것은 처음이다.
청와대는 과거 정상회담과 달리 이번에는 양 정상의 첫 만남부터 이동, 회담 모두 발언 등이 전 세계로 생중계된다고 했다. 양 정상이 이날 오후 군사분계선 인근에 평화·번영을 상징하는 소나무를 함께 심고 판문점 일대를 산책한 뒤 만찬도 함께 한다.
하지만 이번 회담의 성공 여부는 이런 '보여주기식 이벤트'가 아니라 김정은의 '비핵화 의지'를 어느 수준에서 이끌어내고 이를 명문화하느냐에 달렸다는 게 한·미 전문가들의 공통된 견해다. 공동선언에 담을 비핵화 관련 문구는 이날 회담장에서 문 대통령과 김정은의 담판으로 결정될 것으로 알려졌다.
남북 정상회담 준비위원장을 맡고 있는 임종석 대통령 비서실장은 26일 사전 브리핑에서 ""북한의 뚜렷한 비핵화 의지를 명문화할 수 있다면, 더 나아가 이것이 한반도에서 완전한 비핵화를 의미함을 정확히 확인할 수 있다면 이번 회담이 매우 성공적일 것""이라고 했다. 완전한 비핵화를 명문화하는 방안을 추진하겠다는 의미로 해석된다.
하지만 김정은에게 북핵 완전 폐기 의지를 확인하지 못하면, 5월 말~6월 초로 예정된 미·북 정상회담에서도 구체적 비핵화 절차로 이끌기가 어려워질 수 있다. 지난주 북한은 노동당 중앙위 전원회의를 통해 핵실험과 대륙간탄도미사일(ICBM) 시험 발사 중단을 발표했지만, 이는 '비핵화 선언'이 아니라 오히려 '핵보유국 선언'이라는 평가가 나온다. 그런 만큼 문 대통령이 김정은에게 '완전한 비핵화'를 강하게 요구하고 이를 확인할 발언을 이끌어 내야 한다는 것이다.
미 백악관은 25일(현지 시각) ""북한이 옳은 방향으로 가고 있지만 비핵화를 위한 구체적 조치를 취하는 것을 볼 때까지 최대 압박 작전을 완화하지 않을 것""이라고 했다. 남북 회담에서 비핵화와 관련한 확실한 진전 없이 다른 분야의 합의만 이뤄질 경우 ""국제 제재로 코너에 몰렸던 김정은 정권에 '호흡기'를 붙여주는 결과만 초래할 수 있다""는 우려도 나온다. 북핵 문제에 정통한 전직 고위 외교관은 ""이번 남북 정상회담은 1993년 북한의 핵확산금지조약(NPT) 탈퇴 이후 25년을 끌어온 북핵 문제를 평화적으로 해결할 사실상 마지막 기회""라고 했다.",6,1294
iks_20180427_chosun_news_081,Chosun news 2018 April 27 corpus.txt,Chosun Ilbo,조선일보,news,2018-04-27,2018_april_summit,"靑 ""북한 뚜렷한 비핵화 의지 명문화 하면 회담 성공""","[오늘 남북정상회담]
임종석 비서실장 ""비핵화 표현 수위, 남북 정상들의 몫""
'북한의 완전한 비핵화' 김정은 육성으로 확인해야
주체 모호한 '한반도 비핵화' 땐 北 핵공격 대응하는 美 핵우산 동시 철거로 해석될 우려","남북 정상회담 준비위원장인 임종석 대통령 비서실장은 26일 남북 정상회담의 성패가 남북 정상의 공동선언문(가칭 판문점 선언)에 '완전한 비핵화'를 명시하느냐에 달렸다는 점을 공식화했다. 비핵화가 처음 논의되는 남북 정상회담인 만큼 비핵화가 어떤 형태로든 공동선언에 포함될 것임을 시사한 것이다. 그러나 비핵화의 표현 수위에 대해선 ""남북 정상들의 몫"" ""북·미 회담으로 이어져야 한다""며 명확히 밝히지 않았다.
임 실장은 이날 경기 고양시 일산 킨텍스의 남북 정상회담 메인프레스센터(MPC) 브리핑에서 ""(공동선언에) 뚜렷한 비핵화 의지를 명문화할 수 있다면, 더 나아가 한반도에서의 완전한 비핵화를 의미함을 정확히 확인할 수 있다면 이번 회담은 매우 성공적일 것""이라고 말했다. 임 실장은 ""이번 정상회담은 무엇보다 비핵화와 항구적 평화 정착에 집중된 회담""이라고 했다.
문재인 대통령과 청와대는 정상회담의 핵심 의제가 비핵화이며, 북한이 '완전한 비핵화' 의지를 밝혔다고 공언해왔다. 문 대통령은 지난 19일 ""북한은 완전한 비핵화 의지를 표명했고, 주한미군 철수 같은 조건도 제시하지 않고 있다""고 했다. 북한이 비핵화에 합의해놓고 검증 단계에서 말을 바꾸거나, 비핵화 대가로 주한미군 철수 같은 카드를 내밀었던 과거와는 다르다는 것을 강조한 것이다.
하지만 미세한 문구, 표현 하나로 성패가 갈리는 비핵화가 김정은 북한 국무위원장의 육성(肉聲)과 공동선언에 어떻게 담길지는 회담 전날까지도 불투명하다. 임 실장은 ""비핵화에 대한 명시적 합의가 있더라도 그것이 한반도의 완전한 비핵화까지 정상 사이에서 공감을 이룰 수 있을지 참모들이 결정할 수 없다""며 ""결국 가장 핵심은 정상들의 몫으로 남았다""고 말했다.
북한은 아직 비핵화나 비핵화 계획을 공식화하지 않았다. 북한을 방문했던 한국과 미국 관계자들을 통한 전언(傳言)이 전부였다. 지난달 특사로 방북했던 정의용 안보실장은 귀국 직후 ""북한이 한반도 비핵화 의지를 분명히 했다"" ""대화가 지속되는 동안 추가 핵실험 및 탄도미사일 시험발사 등 전략 도발을 재개하는 일은 없을 것임을 명확히 했다""고 밝힌 바 있다. 북한은 지난 20일 핵실험, 대륙간탄도미사일(ICBM) 시험발사 중지, 풍계리 핵 실험장 폐기를 밝혔지만, '비핵화'를 언급하지 않았다. 비핵화와 관련한 김정은의 육성도 없었다. 북한의 조치는 대화 기간 동안 핵개발을 일시 중단하겠다는 '모라토리엄' 선언이며 핵 동결의 초입 단계인 핵시설 봉인조차 언급 안 됐다. 그러나 문 대통령은 이를 '핵 동결'로 규정하면서 ""북한이 핵 동결로부터 출발해 완전한 핵 폐기 길로 간다면 북한의 밝은 미래가 보장될 수 있다""고 했었다.
그러나 미국과 유엔 등 국제사회가 요구하는 '완전하고 검증 가능하며 돌이킬 수 없는 비핵화(CVID)'의 요건은 엄격하다. 북한이 핵무기와 탄도미사일, 핵무기 원료인 플루토늄과 고농축우라늄에 대한 정보를 공개하고 국제 사찰단의 검증을 받아야 한다. 그런 다음 이를 폐기·반출하고 다시는 핵개발을 하지 않겠다는 확인까지 받아야 한다. 북한은 과거 이런 과정을 동결·봉인·사찰·불능화·폐기처럼 복잡하게 나누거나 이 시기를 장기화하면서 비핵화를 외면해왔다.
이 때문에 이번 정상 선언에는 '한반도 비핵화는 선대의 유훈'이나 '한반도 비핵화' 같은 추상적 문구 대신 '북한의 완전한 비핵화'에 대한 구체적인 명문화나 김정은의 공개적 발언이 나와야 한다. '한반도 비핵화'의 경우 북한 비핵화를 넘어 북한 핵 공격에 대응하는 미국의 핵우산 동시 철거로 해석되며 논점을 흐릴 수도 있다.
청와대는 남북 정상회담은 비핵화에 대한 큰 틀의 합의를 하고 비핵화 실천을 위한 로드맵은 이어지는 미·북 정상회담에서 논의된다고 밝혔다. 남북 정상회담의 비핵화 합의가 '포괄적'이고 그 이행은 미·북 간에 구체적으로 이뤄진다는 것이다. 임 실장도 남북 정상회담의 성격을 ""북·미 정상회담으로 가는 길잡이""로 규정했다. 청와대 관계자는 ""정의용 실장이 정상회담 직전 존 볼턴 백악관 안보보좌관을 만난 것도 비핵화를 위한 한국과 미국의 '팀플레이'를 위한 것""이라고 말했다.","靑 ""북한 뚜렷한 비핵화 의지 명문화 하면 회담 성공""
[오늘 남북정상회담]
임종석 비서실장 ""비핵화 표현 수위, 남북 정상들의 몫""
'북한의 완전한 비핵화' 김정은 육성으로 확인해야
주체 모호한 '한반도 비핵화' 땐 北 핵공격 대응하는 美 핵우산 동시 철거로 해석될 우려
남북 정상회담 준비위원장인 임종석 대통령 비서실장은 26일 남북 정상회담의 성패가 남북 정상의 공동선언문(가칭 판문점 선언)에 '완전한 비핵화'를 명시하느냐에 달렸다는 점을 공식화했다. 비핵화가 처음 논의되는 남북 정상회담인 만큼 비핵화가 어떤 형태로든 공동선언에 포함될 것임을 시사한 것이다. 그러나 비핵화의 표현 수위에 대해선 ""남북 정상들의 몫"" ""북·미 회담으로 이어져야 한다""며 명확히 밝히지 않았다.
임 실장은 이날 경기 고양시 일산 킨텍스의 남북 정상회담 메인프레스센터(MPC) 브리핑에서 ""(공동선언에) 뚜렷한 비핵화 의지를 명문화할 수 있다면, 더 나아가 한반도에서의 완전한 비핵화를 의미함을 정확히 확인할 수 있다면 이번 회담은 매우 성공적일 것""이라고 말했다. 임 실장은 ""이번 정상회담은 무엇보다 비핵화와 항구적 평화 정착에 집중된 회담""이라고 했다.
문재인 대통령과 청와대는 정상회담의 핵심 의제가 비핵화이며, 북한이 '완전한 비핵화' 의지를 밝혔다고 공언해왔다. 문 대통령은 지난 19일 ""북한은 완전한 비핵화 의지를 표명했고, 주한미군 철수 같은 조건도 제시하지 않고 있다""고 했다. 북한이 비핵화에 합의해놓고 검증 단계에서 말을 바꾸거나, 비핵화 대가로 주한미군 철수 같은 카드를 내밀었던 과거와는 다르다는 것을 강조한 것이다.
하지만 미세한 문구, 표현 하나로 성패가 갈리는 비핵화가 김정은 북한 국무위원장의 육성(肉聲)과 공동선언에 어떻게 담길지는 회담 전날까지도 불투명하다. 임 실장은 ""비핵화에 대한 명시적 합의가 있더라도 그것이 한반도의 완전한 비핵화까지 정상 사이에서 공감을 이룰 수 있을지 참모들이 결정할 수 없다""며 ""결국 가장 핵심은 정상들의 몫으로 남았다""고 말했다.
북한은 아직 비핵화나 비핵화 계획을 공식화하지 않았다. 북한을 방문했던 한국과 미국 관계자들을 통한 전언(傳言)이 전부였다. 지난달 특사로 방북했던 정의용 안보실장은 귀국 직후 ""북한이 한반도 비핵화 의지를 분명히 했다"" ""대화가 지속되는 동안 추가 핵실험 및 탄도미사일 시험발사 등 전략 도발을 재개하는 일은 없을 것임을 명확히 했다""고 밝힌 바 있다. 북한은 지난 20일 핵실험, 대륙간탄도미사일(ICBM) 시험발사 중지, 풍계리 핵 실험장 폐기를 밝혔지만, '비핵화'를 언급하지 않았다. 비핵화와 관련한 김정은의 육성도 없었다. 북한의 조치는 대화 기간 동안 핵개발을 일시 중단하겠다는 '모라토리엄' 선언이며 핵 동결의 초입 단계인 핵시설 봉인조차 언급 안 됐다. 그러나 문 대통령은 이를 '핵 동결'로 규정하면서 ""북한이 핵 동결로부터 출발해 완전한 핵 폐기 길로 간다면 북한의 밝은 미래가 보장될 수 있다""고 했었다.
그러나 미국과 유엔 등 국제사회가 요구하는 '완전하고 검증 가능하며 돌이킬 수 없는 비핵화(CVID)'의 요건은 엄격하다. 북한이 핵무기와 탄도미사일, 핵무기 원료인 플루토늄과 고농축우라늄에 대한 정보를 공개하고 국제 사찰단의 검증을 받아야 한다. 그런 다음 이를 폐기·반출하고 다시는 핵개발을 하지 않겠다는 확인까지 받아야 한다. 북한은 과거 이런 과정을 동결·봉인·사찰·불능화·폐기처럼 복잡하게 나누거나 이 시기를 장기화하면서 비핵화를 외면해왔다.
이 때문에 이번 정상 선언에는 '한반도 비핵화는 선대의 유훈'이나 '한반도 비핵화' 같은 추상적 문구 대신 '북한의 완전한 비핵화'에 대한 구체적인 명문화나 김정은의 공개적 발언이 나와야 한다. '한반도 비핵화'의 경우 북한 비핵화를 넘어 북한 핵 공격에 대응하는 미국의 핵우산 동시 철거로 해석되며 논점을 흐릴 수도 있다.
청와대는 남북 정상회담은 비핵화에 대한 큰 틀의 합의를 하고 비핵화 실천을 위한 로드맵은 이어지는 미·북 정상회담에서 논의된다고 밝혔다. 남북 정상회담의 비핵화 합의가 '포괄적'이고 그 이행은 미·북 간에 구체적으로 이뤄진다는 것이다. 임 실장도 남북 정상회담의 성격을 ""북·미 정상회담으로 가는 길잡이""로 규정했다. 청와대 관계자는 ""정의용 실장이 정상회담 직전 존 볼턴 백악관 안보보좌관을 만난 것도 비핵화를 위한 한국과 미국의 '팀플레이'를 위한 것""이라고 말했다.",8,2009
iks_20180427_chosun_news_082,Chosun news 2018 April 27 corpus.txt,Chosun Ilbo,조선일보,news,2018-04-27,2018_april_summit,"""세계가 말하는 비핵화와 北의 비핵화 같은지 물어야""","[오늘 남북정상회담]
한·미·중·일 전문가들 남북 정상회담에 조언","남북 정상회담을 앞두고 26일 본지는 니어재단(이사장 정덕구·사진)과 공동으로 한·미·중·일 4국 외교·안보 전문가들에게 각국의 전망과 분석을 들었다. 신각수 전 주일 대사, 패트릭 크로닌 미 신안보센터(CNAS) 아·태안보소장, 자칭궈 베이징대 국제관계학원장, 다나카 히토시 전 일본 외무성 심의관이 각국을 대표해 참석했다.
[신각수 前 주일대사] ""文대통령, 김정은의 비핵화 의지와 진정성 확인해야""
북한은 지난 19일 노동당 중앙위 전원회의를 통해 사실상 '핵전력을 유지하면서 경제 발전에 나서겠다'고 천명했다. 핵 개발이 거의 완성 단계인 것 같다.
남북 정상회담의 핵심 의제는 역시 '비핵화'다. 문재인 대통령은 이번 회담에서 김정은 북한 국무위원장의 비핵화 의지와 진정성을 확인해야 한다. 국제사회가 말하는 비핵화와 북한이 주장하는 비핵화 개념이 같은지 묻고 ""진정한 핵 폐기만이 북한 정권의 생존을 담보할 수 있다""고 밝혀야 한다.
다만 기대치를 높게 잡고 남북 회담에서 급하게 비핵화 의제를 밀어붙이면 안 된다. 북한은 남북 회담이 아닌 추후 미·북 회담에서 비핵화 의지를 밝히려 할 것이기 때문이다. 미·북 간 비핵화 논의의 기틀을 닦을 수 있도록 이번 회담에서는 남북 간 군사적 긴장을 완화하고 관계를 개선시키는 것만으로도 큰 의미가 있다.
한·미 간 역할 분담이 필요하다. 트럼프 미 대통령보다 북한을 잘 아는 문 대통령이 김정은에게 비핵화의 중요성을 강조하고 설득하는 역할을 맡아야 한다. 김일성·김정일에 비해 김정은이 더 일관성 있고 실용적이며 대중에 관심이 많다는 점은 긍정적인 요소다.
만약 이번 남북 회담에서 북한의 비핵화 의지를 확인하지 못하면 미·북 회담이 열리지 않을 수도 있다. 트럼프 대통령이 북한의 미 본토 공격 능력을 차단하는 선에서 합의하거나 비핵화 협상 실패 후 군사적 선택을 할 가능성도 배제할 수 없다. 한국은 남북 회담 이후에도 모든 가능성을 경계하며 비핵화 전략과 시나리오를 짜야 한다.
[크로닌 美 아·태안보소장] ""북한의 행동에 따라 보상 하되, 앞서 나가선 안된다""
트럼프 미 대통령의 압박과 문재인 대통령의 관여로 남북, 미·북 대화가 성사됐다. 일단 북한이 군사적 목표를 이룬 뒤 경제로 눈을 돌린 것으로 보인다. 하지만 진의를 파악하려면 시간이 더 걸릴 것 같다. 김정은은 시진핑 중국 주석을 보며 '핵보유국 지위를 유지하면서 경제성장도 이룰 수 있다'고 생각할지 모른다.
남북 정상회담은 김정은의 의도를 파악하는 '북한 비핵화의 첫걸음'이다. 남북 회담에서 비핵화 모멘텀을 만들어 미·북 회담까지 갖고 가야 한다. 북한이 우리가 만족할 만한 비핵화 의지를 표명할지 모르겠지만, 상상하지 못한 것을 약속하면서 우리를 놀라게 할 수도 있다. 우선 이번 남북 회담 합의문에 김정은의 'CVID(완전하고 검증 가능하며 불가역적인 비핵화)' 의지가 담기길 바란다.
가장 어려운 문제는 미·북 회담 후에 발생할 것이다. 남북, 미·북 회담에서 상징적 '선언'을 하더라도 선언을 실행하기 위한 핵 검증 등 세부 논의가 관건이다. 문 대통령은 김정은이 최근에 했던 말을 실천하도록 설득하고, 트럼프 대통령과 모든 정보를 공유하면서 로드맵을 짜야 한다. CVID를 목표로 명시할 필요는 있지만 현실적으로 첫 단계는 핵 동결 정도가 될 것이다. 북한의 행동에 따라 보상을 하되 너무 앞서 나가선 안 된다.
트럼프 행정부에서 존 볼턴 백악관 국가안보보좌관, 마이크 폼페이오 국무장관 내정자에 이어 해리 해리스 태평양사령관이 주한 미국 대사로 지명될 것으로 알려졌다. 혹자는 '강경파'라는 이유로 걱정하지만 그들은 북한에 대한 이해도가 깊고 합리적이다.
[자칭궈 베이징대 국제원장] ""김정은, 이번 회담으로 美와 어떤 거래할지 가늠할 것""
지금 북한은 비핵화가 아니라 핵 동결에 관해 말하고 있다. 비핵화를 할 것이라는 어떠한 확실한 담보도 없다. 다만 김정은이 어마어마한 압력을 받은 것은 사실 같다. 김정은은 이번 남북 정상회담을 통해 한국과 미국 측 입장을 최대한 파악하려 한다. 이를 통해 향후 미·북 정상회담에서 어떤 거래를 성사시킬 수 있을지 가늠할 것이다.
김정은은 특히 미·중 관계에 관심이 많다. 미·중 관계 변화에 따라 대화 전략을 바꿀 수 있다. 실제 중국이 대북 제재에 동참하면서 북한이 느낀 부담감이 컸다. 김정은이 베이징으로 가 시진핑 주석을 만난 것도 미·중 관계의 변화를 감지했기 때문이다. 북한은 트럼프와의 거래에 앞서 협상력을 끌어올리기 위해 중국을 필요로 했다. 북한은 앞으로도 미·중 간에 문제가 생기면 '중국을 설득해 제재를 완화할 수 있지 않을까'라는 생각을 할 수 있다.
따라서 미·중 관계를 잘 관리하는 것이 중요하다. 최근 양국 관계를 보면 걱정이 많다. 무역 마찰, 미국의 대만 여행법, 남중국해 갈등도 있다. 하지만 이를 극복하고 중국이 북한 비핵화에 긍정적 역할을 할 수 있도록 해야 한다. 김정은은 비핵화 후 중국식 개혁·개방을 꿈꿀 수 있다.
문재인 대통령은 남북 회담에서 ""북한이 비핵화 단계를 이행할 경우 '보상 패키지'를 제공할 수 있다""고 약속해야 한다. 다만 너무 많은 약속을 하면 안 된다. 한반도 주변국들이 남북, 미·북 회담이 성공하기만 바라고 있는데, 북한을 설득할 방법이나 보상 패키지 등에 관해서도 지금부터 긴밀히 협의해야 한다.
[다나카 전 日 외무성심의관] ""핵 없는 한반도 될 마지막 기회… 압박·국제조율 중요""
북한 핵 개발을 30년간 지켜봤지만 국제사회가 효과적이면서 충분한 '최대 압박'을 가한 것은 이번이 처음이다. 중국이 제재에 동참한 덕분이다. 하지만 북한은 이미 핵무기 역량을 구축했다고 판단해 협상장으로 나왔다.
이번 남북, 미·북 정상회담은 '핵 없는 한반도'를 달성할 마지막 기회다. 비핵화를 위해서는 'P+3C'가 중요하다. P는 북한에 가하는 국제사회의 압력(pressure)이다. 세 개의 C는 한반도 주변국 간 '조율(coordination)', 비상 상황에 대한 항시 대비(contingency plan), 북한과의 '소통 채널(communication channel)'이다.
북한은 과거 여러 번 약속을 어겼지만, 이번에는 예측 불가능한 트럼프 대통령을 감안해 신중해야 한다. 문재인 대통령은 비핵화와 별개로 경제 협력을 약속해선 안 된다. 중국의 대북 제재 협조도 필수적이다. 비핵화 합의가 실패하면 동북아 지역 내에 엄청난 긴장감이 야기될 것이다.
2002년 9월 17일 고이즈미 당시 일본 총리와 김정일 간 북·일 정상회담을 위해 1년간 북한과 협상했다. 수백 번 확인하고 세밀하게 준비했기에 회담 결과물을 예측할 수 있었다. 북한 문제도 향후 여러 변수가 터져나올 텐데 한국은 이번뿐 아니라 그 이후에도 늘 치밀하게 준비해야 한다.
과거 북한 고위 관료로부터 '북한에서 정치적 지도자가 되려면 사람들을 놀라게 할 줄 알아야 한다'는 말을 들었다. 그 말처럼 이번 남북 회담, 미·북 회담에서 놀라운 결과가 나오면 좋겠다.","""세계가 말하는 비핵화와 北의 비핵화 같은지 물어야""
[오늘 남북정상회담]
한·미·중·일 전문가들 남북 정상회담에 조언
남북 정상회담을 앞두고 26일 본지는 니어재단(이사장 정덕구·사진)과 공동으로 한·미·중·일 4국 외교·안보 전문가들에게 각국의 전망과 분석을 들었다. 신각수 전 주일 대사, 패트릭 크로닌 미 신안보센터(CNAS) 아·태안보소장, 자칭궈 베이징대 국제관계학원장, 다나카 히토시 전 일본 외무성 심의관이 각국을 대표해 참석했다.
[신각수 前 주일대사] ""文대통령, 김정은의 비핵화 의지와 진정성 확인해야""
북한은 지난 19일 노동당 중앙위 전원회의를 통해 사실상 '핵전력을 유지하면서 경제 발전에 나서겠다'고 천명했다. 핵 개발이 거의 완성 단계인 것 같다.
남북 정상회담의 핵심 의제는 역시 '비핵화'다. 문재인 대통령은 이번 회담에서 김정은 북한 국무위원장의 비핵화 의지와 진정성을 확인해야 한다. 국제사회가 말하는 비핵화와 북한이 주장하는 비핵화 개념이 같은지 묻고 ""진정한 핵 폐기만이 북한 정권의 생존을 담보할 수 있다""고 밝혀야 한다.
다만 기대치를 높게 잡고 남북 회담에서 급하게 비핵화 의제를 밀어붙이면 안 된다. 북한은 남북 회담이 아닌 추후 미·북 회담에서 비핵화 의지를 밝히려 할 것이기 때문이다. 미·북 간 비핵화 논의의 기틀을 닦을 수 있도록 이번 회담에서는 남북 간 군사적 긴장을 완화하고 관계를 개선시키는 것만으로도 큰 의미가 있다.
한·미 간 역할 분담이 필요하다. 트럼프 미 대통령보다 북한을 잘 아는 문 대통령이 김정은에게 비핵화의 중요성을 강조하고 설득하는 역할을 맡아야 한다. 김일성·김정일에 비해 김정은이 더 일관성 있고 실용적이며 대중에 관심이 많다는 점은 긍정적인 요소다.
만약 이번 남북 회담에서 북한의 비핵화 의지를 확인하지 못하면 미·북 회담이 열리지 않을 수도 있다. 트럼프 대통령이 북한의 미 본토 공격 능력을 차단하는 선에서 합의하거나 비핵화 협상 실패 후 군사적 선택을 할 가능성도 배제할 수 없다. 한국은 남북 회담 이후에도 모든 가능성을 경계하며 비핵화 전략과 시나리오를 짜야 한다.
[크로닌 美 아·태안보소장] ""북한의 행동에 따라 보상 하되, 앞서 나가선 안된다""
트럼프 미 대통령의 압박과 문재인 대통령의 관여로 남북, 미·북 대화가 성사됐다. 일단 북한이 군사적 목표를 이룬 뒤 경제로 눈을 돌린 것으로 보인다. 하지만 진의를 파악하려면 시간이 더 걸릴 것 같다. 김정은은 시진핑 중국 주석을 보며 '핵보유국 지위를 유지하면서 경제성장도 이룰 수 있다'고 생각할지 모른다.
남북 정상회담은 김정은의 의도를 파악하는 '북한 비핵화의 첫걸음'이다. 남북 회담에서 비핵화 모멘텀을 만들어 미·북 회담까지 갖고 가야 한다. 북한이 우리가 만족할 만한 비핵화 의지를 표명할지 모르겠지만, 상상하지 못한 것을 약속하면서 우리를 놀라게 할 수도 있다. 우선 이번 남북 회담 합의문에 김정은의 'CVID(완전하고 검증 가능하며 불가역적인 비핵화)' 의지가 담기길 바란다.
가장 어려운 문제는 미·북 회담 후에 발생할 것이다. 남북, 미·북 회담에서 상징적 '선언'을 하더라도 선언을 실행하기 위한 핵 검증 등 세부 논의가 관건이다. 문 대통령은 김정은이 최근에 했던 말을 실천하도록 설득하고, 트럼프 대통령과 모든 정보를 공유하면서 로드맵을 짜야 한다. CVID를 목표로 명시할 필요는 있지만 현실적으로 첫 단계는 핵 동결 정도가 될 것이다. 북한의 행동에 따라 보상을 하되 너무 앞서 나가선 안 된다.
트럼프 행정부에서 존 볼턴 백악관 국가안보보좌관, 마이크 폼페이오 국무장관 내정자에 이어 해리 해리스 태평양사령관이 주한 미국 대사로 지명될 것으로 알려졌다. 혹자는 '강경파'라는 이유로 걱정하지만 그들은 북한에 대한 이해도가 깊고 합리적이다.
[자칭궈 베이징대 국제원장] ""김정은, 이번 회담으로 美와 어떤 거래할지 가늠할 것""
지금 북한은 비핵화가 아니라 핵 동결에 관해 말하고 있다. 비핵화를 할 것이라는 어떠한 확실한 담보도 없다. 다만 김정은이 어마어마한 압력을 받은 것은 사실 같다. 김정은은 이번 남북 정상회담을 통해 한국과 미국 측 입장을 최대한 파악하려 한다. 이를 통해 향후 미·북 정상회담에서 어떤 거래를 성사시킬 수 있을지 가늠할 것이다.
김정은은 특히 미·중 관계에 관심이 많다. 미·중 관계 변화에 따라 대화 전략을 바꿀 수 있다. 실제 중국이 대북 제재에 동참하면서 북한이 느낀 부담감이 컸다. 김정은이 베이징으로 가 시진핑 주석을 만난 것도 미·중 관계의 변화를 감지했기 때문이다. 북한은 트럼프와의 거래에 앞서 협상력을 끌어올리기 위해 중국을 필요로 했다. 북한은 앞으로도 미·중 간에 문제가 생기면 '중국을 설득해 제재를 완화할 수 있지 않을까'라는 생각을 할 수 있다.
따라서 미·중 관계를 잘 관리하는 것이 중요하다. 최근 양국 관계를 보면 걱정이 많다. 무역 마찰, 미국의 대만 여행법, 남중국해 갈등도 있다. 하지만 이를 극복하고 중국이 북한 비핵화에 긍정적 역할을 할 수 있도록 해야 한다. 김정은은 비핵화 후 중국식 개혁·개방을 꿈꿀 수 있다.
문재인 대통령은 남북 회담에서 ""북한이 비핵화 단계를 이행할 경우 '보상 패키지'를 제공할 수 있다""고 약속해야 한다. 다만 너무 많은 약속을 하면 안 된다. 한반도 주변국들이 남북, 미·북 회담이 성공하기만 바라고 있는데, 북한을 설득할 방법이나 보상 패키지 등에 관해서도 지금부터 긴밀히 협의해야 한다.
[다나카 전 日 외무성심의관] ""핵 없는 한반도 될 마지막 기회… 압박·국제조율 중요""
북한 핵 개발을 30년간 지켜봤지만 국제사회가 효과적이면서 충분한 '최대 압박'을 가한 것은 이번이 처음이다. 중국이 제재에 동참한 덕분이다. 하지만 북한은 이미 핵무기 역량을 구축했다고 판단해 협상장으로 나왔다.
이번 남북, 미·북 정상회담은 '핵 없는 한반도'를 달성할 마지막 기회다. 비핵화를 위해서는 'P+3C'가 중요하다. P는 북한에 가하는 국제사회의 압력(pressure)이다. 세 개의 C는 한반도 주변국 간 '조율(coordination)', 비상 상황에 대한 항시 대비(contingency plan), 북한과의 '소통 채널(communication channel)'이다.
북한은 과거 여러 번 약속을 어겼지만, 이번에는 예측 불가능한 트럼프 대통령을 감안해 신중해야 한다. 문재인 대통령은 비핵화와 별개로 경제 협력을 약속해선 안 된다. 중국의 대북 제재 협조도 필수적이다. 비핵화 합의가 실패하면 동북아 지역 내에 엄청난 긴장감이 야기될 것이다.
2002년 9월 17일 고이즈미 당시 일본 총리와 김정일 간 북·일 정상회담을 위해 1년간 북한과 협상했다. 수백 번 확인하고 세밀하게 준비했기에 회담 결과물을 예측할 수 있었다. 북한 문제도 향후 여러 변수가 터져나올 텐데 한국은 이번뿐 아니라 그 이후에도 늘 치밀하게 준비해야 한다.
과거 북한 고위 관료로부터 '북한에서 정치적 지도자가 되려면 사람들을 놀라게 할 줄 알아야 한다'는 말을 들었다. 그 말처럼 이번 남북 회담, 미·북 회담에서 놀라운 결과가 나오면 좋겠다.",23,3403
iks_20180427_chosun_news_083,Chosun news 2018 April 27 corpus.txt,Chosun Ilbo,조선일보,news,2018-04-27,2018_april_summit,"리설주, 오후에 내려와 만찬 깜짝 참석할 듯",[오늘 남북정상회담] 남북 퍼스트레이디 첫 만남 관심,"27일 열리는 남북 정상회담에 김정은 북한 국무위원장 부인 리설주〈사진〉가 참석해 어떤 역할과 발언을 할지에 관심이 쏠리고 있다. 청와대는 리설주가 오는지에 대해 확정되지 않았다고 했지만, 회담 당일 '평화의집'에서 열리는 만찬(晩餐)에는 참석할 가능성이 큰 것으로 알려졌다.
정부는 26일 북한 측 주요 수행 인사 명단을 발표하면서 리설주는 포함하지 않았다.
남북정상회담준비위원회 위원장인 임종석 대통령 비서실장은 이날 리설주 참석 여부에 대해 ""아직 (북한과) 협의가 완료되지 않아 리설주 여사의 동행 여부를 결정하지 못했다""며 ""(정상회담 당일인 27일) 오후 혹은 만찬에 참석할 수 있기를 많이 기대하고 있지만, 아직 확정적으로 말씀드리기 어렵다""고 말했다
리설주는 정의용 국가안보실장 등 우리 측 대표단이 북한을 방문했을 때 함께 식사 자리에 동석했다. 최근 김 위원장의 중국 방문 때도 동행했다. 외교가에서는 북한이 '퍼스트레이디'가 동행하는 대외 행사를 통해 '정상 국가'의 이미지를 굳히려는 의도로 풀이했다.
그래서 리설주가 이번에도 정상회담 오후 일정부터 김 위원장과 동행할 가능성이 점쳐진다. 김 위원장은 남측 평화의집에서 오전 회담을 마치고 북측으로 돌아가 따로 오찬을 한 후 다시 남측에 내려와 기념 식수, 회담, 만찬 등을 하는데 이때 리설주와 함께 내려올 것이라는 것이다. 오전부터 올 경우 리설주가 머무를 곳이 마땅치 않다는 이유인 것으로 알려졌다.
리설주가 올 경우 문재인 대통령 부인 김정숙 여사도 함께할 것으로 보인다. 오후 열리는 2차 회담 때 두 사람이 만나 별도의 행사나 환담 시간을 가질 수 있다는 것이다. 이날 정상 만찬 때도 두 사람이 합류해 부부 동반으로 행사를 가질 가능성이 크다.","리설주, 오후에 내려와 만찬 깜짝 참석할 듯
[오늘 남북정상회담] 남북 퍼스트레이디 첫 만남 관심
27일 열리는 남북 정상회담에 김정은 북한 국무위원장 부인 리설주〈사진〉가 참석해 어떤 역할과 발언을 할지에 관심이 쏠리고 있다. 청와대는 리설주가 오는지에 대해 확정되지 않았다고 했지만, 회담 당일 '평화의집'에서 열리는 만찬(晩餐)에는 참석할 가능성이 큰 것으로 알려졌다.
정부는 26일 북한 측 주요 수행 인사 명단을 발표하면서 리설주는 포함하지 않았다.
남북정상회담준비위원회 위원장인 임종석 대통령 비서실장은 이날 리설주 참석 여부에 대해 ""아직 (북한과) 협의가 완료되지 않아 리설주 여사의 동행 여부를 결정하지 못했다""며 ""(정상회담 당일인 27일) 오후 혹은 만찬에 참석할 수 있기를 많이 기대하고 있지만, 아직 확정적으로 말씀드리기 어렵다""고 말했다
리설주는 정의용 국가안보실장 등 우리 측 대표단이 북한을 방문했을 때 함께 식사 자리에 동석했다. 최근 김 위원장의 중국 방문 때도 동행했다. 외교가에서는 북한이 '퍼스트레이디'가 동행하는 대외 행사를 통해 '정상 국가'의 이미지를 굳히려는 의도로 풀이했다.
그래서 리설주가 이번에도 정상회담 오후 일정부터 김 위원장과 동행할 가능성이 점쳐진다. 김 위원장은 남측 평화의집에서 오전 회담을 마치고 북측으로 돌아가 따로 오찬을 한 후 다시 남측에 내려와 기념 식수, 회담, 만찬 등을 하는데 이때 리설주와 함께 내려올 것이라는 것이다. 오전부터 올 경우 리설주가 머무를 곳이 마땅치 않다는 이유인 것으로 알려졌다.
리설주가 올 경우 문재인 대통령 부인 김정숙 여사도 함께할 것으로 보인다. 오후 열리는 2차 회담 때 두 사람이 만나 별도의 행사나 환담 시간을 가질 수 있다는 것이다. 이날 정상 만찬 때도 두 사람이 합류해 부부 동반으로 행사를 가질 가능성이 크다.",6,855
iks_20180427_chosun_news_084,Chosun news 2018 April 27 corpus.txt,Chosun Ilbo,조선일보,news,2018-04-27,2018_april_summit,"""핵무기 시험·보유 금지"" ""핵시설 폐쇄·봉인"" 북한, 26년 전에 이미 비핵화를 약속했었다","[오늘 남북정상회담]
2005년 9·19 공동성명 땐 ""모든 핵무기·핵계획 포기""","27일 남북 정상회담에서 '한반도 비핵화'가 최우선 의제가 되면서 남북 정상이 어떤 합의를 내놓을지에 관심이 쏠리고 있다. 특히 역대 비핵화 합의와 비교해 진전된 내용이 나올지 주목된다.
남북이 서명한 첫 비핵화 합의는 1992년 '한반도의 비핵화에 관한 공동 선언'이다. 1991년 합의되고 1992년 1월 정원식 국무총리와 북한 연형묵 정무원 총리가 서명했다. 남북은 6개 항의 합의문에서 핵무기 시험·생산·사용 등을 하지 않고 외국에서 들여오지도 않겠다고 선언했다. 또 핵 재처리와 우라늄 농축 시설 보유도 금지했다.","""핵무기 시험·보유 금지"" ""핵시설 폐쇄·봉인"" 북한, 26년 전에 이미 비핵화를 약속했었다
[오늘 남북정상회담]
2005년 9·19 공동성명 땐 ""모든 핵무기·핵계획 포기""
27일 남북 정상회담에서 '한반도 비핵화'가 최우선 의제가 되면서 남북 정상이 어떤 합의를 내놓을지에 관심이 쏠리고 있다. 특히 역대 비핵화 합의와 비교해 진전된 내용이 나올지 주목된다.
남북이 서명한 첫 비핵화 합의는 1992년 '한반도의 비핵화에 관한 공동 선언'이다. 1991년 합의되고 1992년 1월 정원식 국무총리와 북한 연형묵 정무원 총리가 서명했다. 남북은 6개 항의 합의문에서 핵무기 시험·생산·사용 등을 하지 않고 외국에서 들여오지도 않겠다고 선언했다. 또 핵 재처리와 우라늄 농축 시설 보유도 금지했다.",2,292
iks_20180427_chosun_news_085,Chosun news 2018 April 27 corpus.txt,Chosun Ilbo,조선일보,news,2018-04-27,2018_april_summit,"靑, 만찬메뉴 일일이 작명… 만찬장 장식엔 ""결속 상징"", 나무·물·흙까지 의미부여","[오늘 남북정상회담] ""이벤트 지나치면 본질 가려져""","청와대는 26일 문재인 대통령과 김정은 북한 국무위원장의 기념식수(植樹) 등 남북 정상회담 일정 하나하나에 의미를 부여했다. 청와대는 심을 나무는 정전협정이 체결된 1953년생 소나무이고, 소나무를 덮을 흙은 한라산과 백두산에서 퍼 왔다고 했다. 여기에 문 대통령은 대동강 물을, 김 위원장은 한강 물을 줄 예정이란 설명도 덧붙였다. 만찬장 장식에 대해서도 남북 결속의 상징이라고 했다.
이를 두고 일부 취재기자들 사이에서는 ""회담장의 티끌 하나에도 이름을 달겠다""는 말이 나왔다. 청와대가 24일 정상회담 만찬 메뉴를 소개하면서 '스위스의 추억' '운명적인 만남' 등의 이름을 달아 홍보한 것도 ""정상회담을 이벤트화한다""는 뒷말이 나왔었다.
이날 메인프레스센터에서 세 차례 이어진 전문가 토론회는 낙관적 전망이 주를 이뤘다. 양무진 북한대학원대학교 교수는 ""김정은 위원장은 승부사 기질이 있다. 앞으로 수시 회담도 가능하다고 본다""고 했고, 조성렬 국가안보전략연구원 수석연구위원은 ""70년 동안 끌어온 한반도 냉전 구조가 해체되는 계기를 맞이할 수 있을 것""이라고 했다.
프레스센터 입구에서 열린 '통일 향수전'도 입방아에 올랐다. 전시된 향수에 '평안북도 옥수수향의 추억' '황해도 해주 바다 내음' 등의 이름을 붙였는데 ""옥수수향이 나는 것도 아니고 무슨 관계인지 모르겠다""는 반응이 많았다. 국책 연구원의 한 관계자는 ""의미 부여가 과하면 회담의 본질적 내용이 가려질 수 있다""고 했다.
한편, 이날 판문점에서 문 대통령과 김정은의 대역을 두고 1시간 30분 동안 최종 리허설을 진행했다고 김의겸 청와대 대변인이 밝혔다. 김 대변인은 ""회담장과 만찬장 등에 남은 새집 냄새를 빼내기 위해 난방 온도를 최대한 높였고 양파와 숯을 곳곳에 깔아 놨다""며 ""선풍기도 여러 대 동원해 냄새를 빼려 했다""고 했다. 지뢰 제거반과 수색견의 위험물 탐지 작업이 있었고 판문점 안에 있는 중유 탱크의 유류도 빼냈다고 한다. 또 3군(軍) 의장대 환영행사와 사열도 실전처럼 진행됐다. 김 대변인은 ""(문 대통령이) 중압감이 있었는데 막상 내일 회담을 앞두고는 홀가분해한다고 전달받았다""고 했다.","靑, 만찬메뉴 일일이 작명… 만찬장 장식엔 ""결속 상징"", 나무·물·흙까지 의미부여
[오늘 남북정상회담] ""이벤트 지나치면 본질 가려져""
청와대는 26일 문재인 대통령과 김정은 북한 국무위원장의 기념식수(植樹) 등 남북 정상회담 일정 하나하나에 의미를 부여했다. 청와대는 심을 나무는 정전협정이 체결된 1953년생 소나무이고, 소나무를 덮을 흙은 한라산과 백두산에서 퍼 왔다고 했다. 여기에 문 대통령은 대동강 물을, 김 위원장은 한강 물을 줄 예정이란 설명도 덧붙였다. 만찬장 장식에 대해서도 남북 결속의 상징이라고 했다.
이를 두고 일부 취재기자들 사이에서는 ""회담장의 티끌 하나에도 이름을 달겠다""는 말이 나왔다. 청와대가 24일 정상회담 만찬 메뉴를 소개하면서 '스위스의 추억' '운명적인 만남' 등의 이름을 달아 홍보한 것도 ""정상회담을 이벤트화한다""는 뒷말이 나왔었다.
이날 메인프레스센터에서 세 차례 이어진 전문가 토론회는 낙관적 전망이 주를 이뤘다. 양무진 북한대학원대학교 교수는 ""김정은 위원장은 승부사 기질이 있다. 앞으로 수시 회담도 가능하다고 본다""고 했고, 조성렬 국가안보전략연구원 수석연구위원은 ""70년 동안 끌어온 한반도 냉전 구조가 해체되는 계기를 맞이할 수 있을 것""이라고 했다.
프레스센터 입구에서 열린 '통일 향수전'도 입방아에 올랐다. 전시된 향수에 '평안북도 옥수수향의 추억' '황해도 해주 바다 내음' 등의 이름을 붙였는데 ""옥수수향이 나는 것도 아니고 무슨 관계인지 모르겠다""는 반응이 많았다. 국책 연구원의 한 관계자는 ""의미 부여가 과하면 회담의 본질적 내용이 가려질 수 있다""고 했다.
한편, 이날 판문점에서 문 대통령과 김정은의 대역을 두고 1시간 30분 동안 최종 리허설을 진행했다고 김의겸 청와대 대변인이 밝혔다. 김 대변인은 ""회담장과 만찬장 등에 남은 새집 냄새를 빼내기 위해 난방 온도를 최대한 높였고 양파와 숯을 곳곳에 깔아 놨다""며 ""선풍기도 여러 대 동원해 냄새를 빼려 했다""고 했다. 지뢰 제거반과 수색견의 위험물 탐지 작업이 있었고 판문점 안에 있는 중유 탱크의 유류도 빼냈다고 한다. 또 3군(軍) 의장대 환영행사와 사열도 실전처럼 진행됐다. 김 대변인은 ""(문 대통령이) 중압감이 있었는데 막상 내일 회담을 앞두고는 홀가분해한다고 전달받았다""고 했다.",5,1054
iks_20180427_chosun_news_086,Chosun news 2018 April 27 corpus.txt,Chosun Ilbo,조선일보,news,2018-04-27,2018_april_summit,"""중국에 통절한 책임, 속죄""… 김정은, 무슨 사연있기에",[오늘 남북정상회담],"中관광객 교통사고 직접 수습… 전용열차 내주고 배웅까지, 왜?
남북·미북 정상회담 앞두고 중국과 사이 틀어질까 불안감, 경제·외교적 도움도 절실
외교가 ""中지도부 친·인척이 사망자에 포함된 거 아니냐""
북한 김정은 국무위원장이 최근 황해북도에서 발생한 교통사고로 죽거나 다친 중국인들을 본국으로 후송하기 위해 전용열차를 내주고, 25일 밤 평양역에 직접 나가 배웅했다고 북한 관영 매체들이 26일 보도했다. 김정은은 중국 지도부 앞으로 '속죄'란 표현이 담긴 위로 전문(電文)도 보냈다.
앞서 김정은은 사고 발생 직후인 지난 23일 새벽 6시 30분 평양 주재 중국 대사관을 찾아 침통한 표정으로 리진쥔(李進軍) 주북 중국대사를 위로했다. 같은 날 저녁엔 부상자들이 입원 중인 조중친선병원도 방문했다.
북한의 최고 지도자가 특정 사고의 뒤처리를 직접 챙기며 이 정도로 관심을 쏟는 것은 극히 이례적이다. 김정은은 사고 수습을 위해 2박 3일간 3차례나 직접 공개 활동에 나섰다. 대북 소식통은 ""북한이 현재 직면한 현안 가운데 이번 사고 수습에 최우선 순위를 부여하고 있음을 보여준다""고 했다.
조선중앙통신에 따르면, 김정은은 25일 밤 평양역에서 만난 리진쥔 대사에게 위로금과 위로 전문을 전달하며 ""나와 우리 당과 정부는 이번 사고를 놓고 책임을 통절히 느낀다""고 말했다. 이어 ""그 어떤 말과 위로나 보상으로도 사랑하는 가족을 잃은 사람들의 아픔을 달랠 수 없다는 것을 잘 알지만 우리가 할 수 있는 모든 최선을 다해 중국 동지들을 조금이라도 위로해주고 싶은 마음뿐""이라고 했다.
전문에서도 김정은은 ""중국의 벗들이 우리 땅에서 뜻하지 않은 사고를 당하게 된 것은 참으로 비통한 일이며 전체 조선 인민은 깊은 슬픔에 잠겨 있다"" ""중국 동지들에게 그 어떤 말과 위로나 보상으로도 가실 수 없는 아픔을 준 데 대하여 깊이 속죄한다""고 했다. 이 전문은 김정은, 김영남 최고인민회의 상임위원장, 박봉주 내각총리 명의로 작성됐고, 수신자도 시진핑 국가주석, 리커창 총리, 리잔수 전인대 상무위원장 3명이었다. 이 전문은 김정은이 평양역에서 열차를 전송하는 사진 4장과 함께 26일 자 노동신문 1면에 크게 실렸다. 노동신문은 중국인 사상자를 태우고 평양역을 떠난 열차에 대해 ""최고영도자 동지(김정은)가 '시신과 부상자들을 빠른 시간 안에 중국으로 후송했으면 한다'는 중국 동지들의 (문제) 제기를 (보고)받고 전용열차를 편성하도록 했다""고 보도했다.
이처럼 이례적인 김정은의 행보는 이번 사고가 최근 어렵게 회복된 북·중 관계에 '돌발 악재'로 작용하는 것을 차단하겠다는 의도로 풀이된다. 국책연구소 관계자는 ""김정은이 지난달 전격 방중한 것은 성공을 장담하기 어려운 미·북 정상회담에 대한 불안감 탓""이라며 ""김정은은 '생명보험'과 같은 중국과의 관계 악화를 우려해 필요 이상으로 저자세를 취하고 있다""고 했다. 북한이 남북, 미·북 정상회담을 앞두고 중국에서 꼭 지원받아야 할 경제·외교적 현안이 있어서 이런 것 아니냐는 관측도 있다.
그렇다 하더라도 김정은의 '사과 수위'가 전례 없이 높다는 의문이 제기된다. 특히 우상화·신격화된 북한의 수령이 대외적으로 '통절한 책임' '속죄'란 표현을 써가며 사과한 것은 북한 정권 수립 이후 처음이다. 정부 관계자는 ""북한은 자신의 소행임이 확실한 군사 도발에 대해서도 거의 책임을 인정하거나 사과하지 않는다""며 ""이번 사고의 인명 피해(사망 32명)가 크긴 하지만 김정은을 비롯해 북한 전체가 나서 사과하고 용서를 구하는 모습이 매우 생소하다""고 했다.
외교가에선 ""이번 교통사고가 북한 당국의 귀책사유로 일어났을 가능성이 있다"" ""사망자 중에 중국 지도층의 지인이나 친·인척이 포함됐을 것""이란 말들이 나온다.","""중국에 통절한 책임, 속죄""… 김정은, 무슨 사연있기에
[오늘 남북정상회담]
中관광객 교통사고 직접 수습… 전용열차 내주고 배웅까지, 왜?
남북·미북 정상회담 앞두고 중국과 사이 틀어질까 불안감, 경제·외교적 도움도 절실
외교가 ""中지도부 친·인척이 사망자에 포함된 거 아니냐""
북한 김정은 국무위원장이 최근 황해북도에서 발생한 교통사고로 죽거나 다친 중국인들을 본국으로 후송하기 위해 전용열차를 내주고, 25일 밤 평양역에 직접 나가 배웅했다고 북한 관영 매체들이 26일 보도했다. 김정은은 중국 지도부 앞으로 '속죄'란 표현이 담긴 위로 전문(電文)도 보냈다.
앞서 김정은은 사고 발생 직후인 지난 23일 새벽 6시 30분 평양 주재 중국 대사관을 찾아 침통한 표정으로 리진쥔(李進軍) 주북 중국대사를 위로했다. 같은 날 저녁엔 부상자들이 입원 중인 조중친선병원도 방문했다.
북한의 최고 지도자가 특정 사고의 뒤처리를 직접 챙기며 이 정도로 관심을 쏟는 것은 극히 이례적이다. 김정은은 사고 수습을 위해 2박 3일간 3차례나 직접 공개 활동에 나섰다. 대북 소식통은 ""북한이 현재 직면한 현안 가운데 이번 사고 수습에 최우선 순위를 부여하고 있음을 보여준다""고 했다.
조선중앙통신에 따르면, 김정은은 25일 밤 평양역에서 만난 리진쥔 대사에게 위로금과 위로 전문을 전달하며 ""나와 우리 당과 정부는 이번 사고를 놓고 책임을 통절히 느낀다""고 말했다. 이어 ""그 어떤 말과 위로나 보상으로도 사랑하는 가족을 잃은 사람들의 아픔을 달랠 수 없다는 것을 잘 알지만 우리가 할 수 있는 모든 최선을 다해 중국 동지들을 조금이라도 위로해주고 싶은 마음뿐""이라고 했다.
전문에서도 김정은은 ""중국의 벗들이 우리 땅에서 뜻하지 않은 사고를 당하게 된 것은 참으로 비통한 일이며 전체 조선 인민은 깊은 슬픔에 잠겨 있다"" ""중국 동지들에게 그 어떤 말과 위로나 보상으로도 가실 수 없는 아픔을 준 데 대하여 깊이 속죄한다""고 했다. 이 전문은 김정은, 김영남 최고인민회의 상임위원장, 박봉주 내각총리 명의로 작성됐고, 수신자도 시진핑 국가주석, 리커창 총리, 리잔수 전인대 상무위원장 3명이었다. 이 전문은 김정은이 평양역에서 열차를 전송하는 사진 4장과 함께 26일 자 노동신문 1면에 크게 실렸다. 노동신문은 중국인 사상자를 태우고 평양역을 떠난 열차에 대해 ""최고영도자 동지(김정은)가 '시신과 부상자들을 빠른 시간 안에 중국으로 후송했으면 한다'는 중국 동지들의 (문제) 제기를 (보고)받고 전용열차를 편성하도록 했다""고 보도했다.
이처럼 이례적인 김정은의 행보는 이번 사고가 최근 어렵게 회복된 북·중 관계에 '돌발 악재'로 작용하는 것을 차단하겠다는 의도로 풀이된다. 국책연구소 관계자는 ""김정은이 지난달 전격 방중한 것은 성공을 장담하기 어려운 미·북 정상회담에 대한 불안감 탓""이라며 ""김정은은 '생명보험'과 같은 중국과의 관계 악화를 우려해 필요 이상으로 저자세를 취하고 있다""고 했다. 북한이 남북, 미·북 정상회담을 앞두고 중국에서 꼭 지원받아야 할 경제·외교적 현안이 있어서 이런 것 아니냐는 관측도 있다.
그렇다 하더라도 김정은의 '사과 수위'가 전례 없이 높다는 의문이 제기된다. 특히 우상화·신격화된 북한의 수령이 대외적으로 '통절한 책임' '속죄'란 표현을 써가며 사과한 것은 북한 정권 수립 이후 처음이다. 정부 관계자는 ""북한은 자신의 소행임이 확실한 군사 도발에 대해서도 거의 책임을 인정하거나 사과하지 않는다""며 ""이번 사고의 인명 피해(사망 32명)가 크긴 하지만 김정은을 비롯해 북한 전체가 나서 사과하고 용서를 구하는 모습이 매우 생소하다""고 했다.
외교가에선 ""이번 교통사고가 북한 당국의 귀책사유로 일어났을 가능성이 있다"" ""사망자 중에 중국 지도층의 지인이나 친·인척이 포함됐을 것""이란 말들이 나온다.",11,1826
iks_20180427_hankyoreh_editorial_001,Hankyoreh editorial 2018 April 27 corpus.txt,Hankyoreh,한겨레,editorial,2018-04-27,2018_april_summit,새 역사 쓴 두 지도자의 창조성,,"“정말 마음에 설렘이 그치지 않고요. 이렇게 역사적인 장소에서 만나니까, 또 대통령께서 이런 분계선까지 나와서 맞이해준 데 대해서 정말 감동적입니다.”
김정은 북한 국무위원장의 마음처럼 지난 며칠 동안 내 마음도 설렘이 그치지 않았다. 미국 로스앤젤레스 근처에 사는 친구는 교민들이 동네 술집에 모여 정상회담을 함께 시청한다고 소식을 전해왔다. 그도 ‘설렌다’고 말했다. 마음이 설렌 사람들이 어찌 김정은 위원장 한 분뿐이랴. 문재인 대통령도 마음이 설렜을 것이고, 이 땅 한반도에 탯줄을 묻은 우리 민족의 구성원이라면 누구나 그렇게 ‘마음에 설렘’이 그치지 않았을 것이다.
“남측으로 오시는데 나는 언제쯤 넘어갈 수 있을까요?” 문 대통령이 덕담을 건넸다. “그럼 지금 넘어가 볼까요?”라고 말하며 김 위원장이 문 대통령의 손을 잡고 훌쩍 군사분계선을 밟고 북측으로 넘어갔다. 그 짧은 순간에 두 분 정상은 남북을 왕래하는 신기술을 보여주었다.
두 분 정상의 첫 만남을 회의실에 모여 시청하던 직원들 사이에서 “아~” 하는 짧은 탄성과 박수가 터져 나왔다. 훌쩍거리며 우는 사람들도 있었다. 새로운 역사의 시작을 우리 모두는 감격 속에서 실시간으로 맞이하였다.
두 분 정상을 보면서 나는 새로운 역사를 출발시키고자 하는 어떤 의지를 읽었을 뿐만 아니라 캐릭터의 위대함도 함께 느꼈다. ‘묵은 체제를 새로운 방법으로 개혁할 것, 엄격한 동시에 정중하고 관대하며 대범하게 행동하는’(마키아벨리) 지도자만이 새로운 역사를 쓸 수 있고, 출발시킬 수 있다. 우리에게 묵은 체제는 분단체제이다. 분단체제를 통일체제로 전환시키기 위해서는 지도자들의 결단과 창조성이 반드시 필요하다. 결단과 창조성을 만들어내는 것은 사실 캐릭터에 기인하는 바가 크다. 그런 의미에서 이번 4·27 정상회담은 결단과 창조성의 회담이며 동시에 캐릭터의 회담이라고 할 수 있다.
만일 힐러리 클린턴이 미국 대통령이라면 김 위원장의 북-미 정상회담 제안을 두고 검토하고 결정하는 데에만 거의 일 년을 허비했을 것이다. 그러나 도널드 트럼프 대통령은 그것을 불과 45분 만에 결정했다. 캐릭터가 역사를 바꾸는 순간은 그렇게 온다.
이번 남북 정상회담을 보면서 지도자의 캐릭터가 얼마나 중요한지 새삼스레 깨달았다. 문 대통령은 겸손한 상생의 지도력과 우직하게 밀고 나가는 강한 의지력, 불필요한 충돌을 피해가는 다정하면서도 섬세한 캐릭터를 갖고 있다. 이번 평창 겨울올림픽과 정상회담의 공로를 트럼프 대통령과 김 위원장에게 돌리면서도 상황에 대한 주도권을 놓지 않고 있는 것이다. 또한 김 위원장은 작은 것에 연연하지 않는 통 큰 리더십과 현상의 타파에 대한 강력한 드라이브, 세부를 놓치지 않는 위트와 유머의 캐릭터로 이 국면을 이끌고 있다.
통일은 우리가 한 번도 겪어보지 못한 미지의 풍경이다. 이미 완성된 풍경이 아니라 우리가 만들어가는 풍경이다. 오늘 우리는 지도자의 캐릭터가 어떻게 풍경을 디자인하는지 보았다. 이제 회담이 끝나면 역사의 풍경을 완성시키기 위해 당국을 비롯한 남북의 민간이 나서게 될 것이다. 두 분 정상이 풍경을 디자인했으니 그 세부를 채우는 것은 민족 구성원 개개인들의 몫이다. 마음의 설렘이 그치지 않는다. 두 분 정상께 고마움을 전한다.","새 역사 쓴 두 지도자의 창조성
“정말 마음에 설렘이 그치지 않고요. 이렇게 역사적인 장소에서 만나니까, 또 대통령께서 이런 분계선까지 나와서 맞이해준 데 대해서 정말 감동적입니다.”
김정은 북한 국무위원장의 마음처럼 지난 며칠 동안 내 마음도 설렘이 그치지 않았다. 미국 로스앤젤레스 근처에 사는 친구는 교민들이 동네 술집에 모여 정상회담을 함께 시청한다고 소식을 전해왔다. 그도 ‘설렌다’고 말했다. 마음이 설렌 사람들이 어찌 김정은 위원장 한 분뿐이랴. 문재인 대통령도 마음이 설렜을 것이고, 이 땅 한반도에 탯줄을 묻은 우리 민족의 구성원이라면 누구나 그렇게 ‘마음에 설렘’이 그치지 않았을 것이다.
“남측으로 오시는데 나는 언제쯤 넘어갈 수 있을까요?” 문 대통령이 덕담을 건넸다. “그럼 지금 넘어가 볼까요?”라고 말하며 김 위원장이 문 대통령의 손을 잡고 훌쩍 군사분계선을 밟고 북측으로 넘어갔다. 그 짧은 순간에 두 분 정상은 남북을 왕래하는 신기술을 보여주었다.
두 분 정상의 첫 만남을 회의실에 모여 시청하던 직원들 사이에서 “아~” 하는 짧은 탄성과 박수가 터져 나왔다. 훌쩍거리며 우는 사람들도 있었다. 새로운 역사의 시작을 우리 모두는 감격 속에서 실시간으로 맞이하였다.
두 분 정상을 보면서 나는 새로운 역사를 출발시키고자 하는 어떤 의지를 읽었을 뿐만 아니라 캐릭터의 위대함도 함께 느꼈다. ‘묵은 체제를 새로운 방법으로 개혁할 것, 엄격한 동시에 정중하고 관대하며 대범하게 행동하는’(마키아벨리) 지도자만이 새로운 역사를 쓸 수 있고, 출발시킬 수 있다. 우리에게 묵은 체제는 분단체제이다. 분단체제를 통일체제로 전환시키기 위해서는 지도자들의 결단과 창조성이 반드시 필요하다. 결단과 창조성을 만들어내는 것은 사실 캐릭터에 기인하는 바가 크다. 그런 의미에서 이번 4·27 정상회담은 결단과 창조성의 회담이며 동시에 캐릭터의 회담이라고 할 수 있다.
만일 힐러리 클린턴이 미국 대통령이라면 김 위원장의 북-미 정상회담 제안을 두고 검토하고 결정하는 데에만 거의 일 년을 허비했을 것이다. 그러나 도널드 트럼프 대통령은 그것을 불과 45분 만에 결정했다. 캐릭터가 역사를 바꾸는 순간은 그렇게 온다.
이번 남북 정상회담을 보면서 지도자의 캐릭터가 얼마나 중요한지 새삼스레 깨달았다. 문 대통령은 겸손한 상생의 지도력과 우직하게 밀고 나가는 강한 의지력, 불필요한 충돌을 피해가는 다정하면서도 섬세한 캐릭터를 갖고 있다. 이번 평창 겨울올림픽과 정상회담의 공로를 트럼프 대통령과 김 위원장에게 돌리면서도 상황에 대한 주도권을 놓지 않고 있는 것이다. 또한 김 위원장은 작은 것에 연연하지 않는 통 큰 리더십과 현상의 타파에 대한 강력한 드라이브, 세부를 놓치지 않는 위트와 유머의 캐릭터로 이 국면을 이끌고 있다.
통일은 우리가 한 번도 겪어보지 못한 미지의 풍경이다. 이미 완성된 풍경이 아니라 우리가 만들어가는 풍경이다. 오늘 우리는 지도자의 캐릭터가 어떻게 풍경을 디자인하는지 보았다. 이제 회담이 끝나면 역사의 풍경을 완성시키기 위해 당국을 비롯한 남북의 민간이 나서게 될 것이다. 두 분 정상이 풍경을 디자인했으니 그 세부를 채우는 것은 민족 구성원 개개인들의 몫이다. 마음의 설렘이 그치지 않는다. 두 분 정상께 고마움을 전한다.",8,1586
iks_20180427_hankyoreh_editorial_002,Hankyoreh editorial 2018 April 27 corpus.txt,Hankyoreh,한겨레,editorial,2018-04-27,2018_april_summit,"판문점의 봄, 평화·번영의 시대 열다","남북 정상 손잡고 군사분계선 넘어
평화·공존·통일의 판문점 선언 발표
70년 분단 넘어 ‘번영의 한반도’ 기대
김정은 위원장 ‘이행 의지’ 강조 주목
완전한 비핵화로 핵 없는 한반도 실현
북-미 정상회담으로 유종의 미 거두길","한반도 평화의 새 역사가 쓰였다. 27일, 마침내 분단 70년의 질곡을 딛고 남북의 두 정상이 판문점 군사분계선에서 만났다. 문재인 대통령과 김정은 국무위원장은 환한 얼굴로 마주 보며 첫 악수를 나누었다. 두 정상은 분단의 선을 손잡고 함께 넘고 다시 넘었다. 온 세계가 지켜보는 가운데 예정에 없던 퍼포먼스를 통해 분단을 넘어 평화와 통일로 나아가자는 남북의 의지를 분명히 보여주었다. 대결의 상징이었던 판문점을 화해의 상징으로 바꾸는 뜻깊은 장면이 아닐 수 없다. 이런 감격 어린 만남 속에서 두 정상은 ‘한반도의 평화와 번영, 통일을 위한 판문점 선언’을 통해 한반도에 더는 전쟁이 없는 새로운 평화의 시대가 열렸음을 천명했다. 한반도 평화를 염원해온 8000만 겨레와 함께 축하할 민족사적 사건이라 할 것이다. 이번 정상회담은 11년 만에 다시 열린 남북정상회담이라는 의미를 넘어 한반도 평화정착에 극적인 전환점이 될 사건으로 기록될 만하다.
김 위원장은 군사분계선을 걸어서 넘어옴으로써 정전협정 이래 처음으로 남쪽 땅을 밟은 북쪽 최고지도자가 됐다. 김 위원장은 북쪽 최고지도자로는 처음으로 의장대 사열을 받았다. 김 위원장을 정상국가 최고지도자로 인정한다는 의미를 담고 있다. 앞으로 남북관계가 한층 더 높은 수준으로 나아갈 것임을 예고하는 일로 받아들여도 될 것이다. 김 위원장의 부인 리설주 여사가 만찬에서 문 대통령, 김정숙 여사와 함께한 것도 정상국가화의 의지를 확실히 보여준 것이라고 할 것이다.
김 위원장은 솔직하고 파격적인 모습으로 등장했다. 문 대통령과 만나는 순간 군사분계선을 함께 넘나든 것부터가 파격이었다. 김 위원장이 북쪽의 도로 사정이 좋지 못하다는 사실을 솔직하게 털어놓는 모습도 인상적이었다. 북쪽 내부의 문제나 잘못을 드러내지 않는 ‘관행’을 깨뜨린 것이다. 허장성세 없이 부족한 것은 부족한 대로 이야기할 줄 아는 모습은 그만큼 신뢰를 심어주는 데 도움이 된다. 거짓 없는 만남만큼 상대를 안심시키는 것도 없다. 더 나아가 이번 정상회담에서 문 대통령과 김 위원장은 직접 기자들 앞에 나와 판문점 선언의 의의와 내용을 설명했다. 김 위원장이 기자들 앞에 선 것은 처음이었다. 과거 김정일 시대에는 볼 수 없었던 개방적인 모습을 연출한 것이다.
이번 남북정상회담에서 가장 큰 성과는 전쟁질서를 평화질서로 바꾸자는 남북의 의지를 담은 ‘판문점 선언’이다. 초미의 관심사였던 한반도 비핵화 의제에서 두 정상은 “완전한 비핵화를 통해 핵 없는 한반도를 실현한다는 공동의 목표를 확인했다”고 발표했다. 남북정상회담 선언문에 비핵화가 명시됐다는 점에서 이 선언은 그간 기대했던 바를 충족시킨다고 할 것이다. 비핵화 문제는 나머지 다른 모든 문제를 풀어나가기 위한 핵심 고리에 해당한다. 그동안 북한이 비핵화 의지가 없는 것 아니냐는 이야기가 나왔지만, 이번 선언을 통해 이런 의구심은 확실히 불식하게 됐다. 비핵화는 최종적으로 미국과 북한 사이에 담판을 지어야 할 문제다. 그러나 남북이 상당히 높은 수준의 비핵화 선언을 함으로써 나머지 문제를 풀어가기가 그만큼 쉬워졌다.
이번 선언은 문재인 대통령이 올해 가을 평양을 방문하기로 했다는 사실도 포함됐다. 문 대통령 가을 방북이 이루어지면 한해에 두 차례나 정상회담이 열리게 된다. 그동안 남쪽에서 추진해온 정상회담 정례화가 사실로 굳어지는 것이다. 남북관계의 획기적인 발전과 긴장완화 및 남북협력에 큰 도움이 될 것은 물론이다. 회담 중에도 남북 정상은 ‘수시로’ 만나자는 이야기를 반복해서 했는데, 이로 미루어보건대 1년에 두 차례 정도는 만날 수 있을 것으로 보인다. 특히 문 대통령이 전통 의장대와 행렬하던 중 김 위원장에게 “청와대에 오시면 훨씬 좋은 장면을 보여드릴 수 있다”고 하자 “초청해주시면 언제라도 가겠다”고 한 것은 문 대통령의 평양 방문 뒤 서울에서 정상회담이 열릴 가능성을 예고한 것이라고 할 수 있을 것이다.
한반도 평화체제 구축과 관련해 이번 정상회담에서 어느 정도 합의가 나올 것인지는 비핵화 다음으로 관심이 큰 의제였다. 특히 종전선언 문제에서 어느 정도 진전을 보이느냐가 관심사였다. 두 정상은 판문점 선언에서, 한반도에서 비정상적인 현재의 정전상태를 종식시키고 확고한 평화체제를 수립하는 것은 더 미룰 수 없는 역사적 과제라고 천명했다. 물론 종전선언은 남북 두 당사자만으로는 이루어질 수 없는 문제이기 때문에 관련 당사국이 함께 참여해 이룰 수밖에 없다. 그런 점에서 이번 선언문에 정전협정 체결 65년이 되는 올해에 종전을 선언하고 항구적인 평화체제 구축을 위해 남·북·미 3자 또는 남·북·미·중 4자회담 개최를 적극 추진하기로 한 것은 당연한 수순이라고 할 것이다. 이 선언으로 미루어보건대 앞으로 북-미 정상회담을 한 뒤에 남·북·미 또는 남·북·미·중이 함께 만나 종전선언을 할 것으로 보인다. 남과 북은 평화체제 정착이 속도를 낼 수 있도록 최대의 노력을 다해야 한다.
두 정상이 서로 어떤 무력도 사용하지 않는다는 불가침 합의를 재확인하고 엄격히 준수하기로 한 것도 한반도 긴장 완화와 평화 정착에 도움이 될 것이다. 남과 북이 군사적 긴장상태를 완화하기 위해 합의한 내용들도 관심을 끈다. 상대방에 대한 적대행위를 전면 중지하기로 한 것은 남북관계가 좋았던 시절로 상태를 되돌리겠다는 선언이다. 특히 비무장지대를 앞으로 실질적인 평화지대로 만들어나가기로 한 것은 비무장지대의 비무장화를 위한 조처로 평가할 만하다. 또 서해 북방한계선 일대를 평화수역으로 만들어 우발적인 군사적 충돌을 방지하고 안전한 어로 활동을 보장하기 위해 실제적인 대책을 세워나가기로 한 것도 기대를 모은다. 앞으로 열릴 군사당국회담에서 이 합의를 구체화할 방안을 마련해야 할 것이다.
김 위원장이 시종 ‘이행 의지’를 강조한 것도 특별히 눈여겨볼 대목이다. 정상 간 합의를 스스로 먼저 이행할 뜻을 밝힌 것이기도 하지만, 상대방에게 약속대로 합의를 이행해야 함을 요구한 것이라고도 할 수 있다. 과거 남북 사이에, 또 북-미 사이에 여러 차례 중대한 합의가 있었지만 중간에 휴짓조각이 되거나 무용지물이 된 것은 북쪽의 잘못이라고만 할 수는 없다. 보수 정권 아래서 남북 합의들이 이행되지 않은 것도 여러 건이고 북-미 사이에도 미국 쪽의 합의 불이행으로 관계가 틀어진 경우가 적지 않다. 남과 북이 이 점을 유념해 이번에 만들어낸 합의는 무슨 일이 있어도 지켜낸다는 각오로 착실히 실행해 서로 믿음을 쌓아올려야 한다.
한달여 뒤에 열릴 북-미 정상회담을 중재해야 하는 문 대통령으로선, 김 위원장이 비핵화 의지를 확실히 밝힘에 따라 북-미 양국을 중재하기에 훨씬 좋은 위치에 올라섰다고 할 수 있다. 이제 이 회담 성과를 가지고 다음달 중순 열릴 예정인 한-미 정상회담에서 도널드 트럼프 대통령과 조율해야 한다. 미국은 두 정상이 첫 대면을 한 직후에 성명을 내 남북 정상의 만남이 “한반도 전체를 위한 평화와 번영으로 가는 진전을 이루기를 희망한다”고 밝혔다. 남북정상회담이 이끌어낸 판문점 선언이 북-미 ‘빅딜’을 이루는 데 큰 기여를 할 것으로 본다.
남북 정상이 다짐한 대로 이제 우리에겐 평화와 번영의 길을 달리는 일이 남았다. 한반도 비핵화가 평화 정착으로 이어져 남북이 협력하고 상생하는 새 시대를 만들어가길 기원하며, 정상회담의 큰 성취를 온 겨레와 함께 축하한다.","판문점의 봄, 평화·번영의 시대 열다
남북 정상 손잡고 군사분계선 넘어
평화·공존·통일의 판문점 선언 발표
70년 분단 넘어 ‘번영의 한반도’ 기대
김정은 위원장 ‘이행 의지’ 강조 주목
완전한 비핵화로 핵 없는 한반도 실현
북-미 정상회담으로 유종의 미 거두길
한반도 평화의 새 역사가 쓰였다. 27일, 마침내 분단 70년의 질곡을 딛고 남북의 두 정상이 판문점 군사분계선에서 만났다. 문재인 대통령과 김정은 국무위원장은 환한 얼굴로 마주 보며 첫 악수를 나누었다. 두 정상은 분단의 선을 손잡고 함께 넘고 다시 넘었다. 온 세계가 지켜보는 가운데 예정에 없던 퍼포먼스를 통해 분단을 넘어 평화와 통일로 나아가자는 남북의 의지를 분명히 보여주었다. 대결의 상징이었던 판문점을 화해의 상징으로 바꾸는 뜻깊은 장면이 아닐 수 없다. 이런 감격 어린 만남 속에서 두 정상은 ‘한반도의 평화와 번영, 통일을 위한 판문점 선언’을 통해 한반도에 더는 전쟁이 없는 새로운 평화의 시대가 열렸음을 천명했다. 한반도 평화를 염원해온 8000만 겨레와 함께 축하할 민족사적 사건이라 할 것이다. 이번 정상회담은 11년 만에 다시 열린 남북정상회담이라는 의미를 넘어 한반도 평화정착에 극적인 전환점이 될 사건으로 기록될 만하다.
김 위원장은 군사분계선을 걸어서 넘어옴으로써 정전협정 이래 처음으로 남쪽 땅을 밟은 북쪽 최고지도자가 됐다. 김 위원장은 북쪽 최고지도자로는 처음으로 의장대 사열을 받았다. 김 위원장을 정상국가 최고지도자로 인정한다는 의미를 담고 있다. 앞으로 남북관계가 한층 더 높은 수준으로 나아갈 것임을 예고하는 일로 받아들여도 될 것이다. 김 위원장의 부인 리설주 여사가 만찬에서 문 대통령, 김정숙 여사와 함께한 것도 정상국가화의 의지를 확실히 보여준 것이라고 할 것이다.
김 위원장은 솔직하고 파격적인 모습으로 등장했다. 문 대통령과 만나는 순간 군사분계선을 함께 넘나든 것부터가 파격이었다. 김 위원장이 북쪽의 도로 사정이 좋지 못하다는 사실을 솔직하게 털어놓는 모습도 인상적이었다. 북쪽 내부의 문제나 잘못을 드러내지 않는 ‘관행’을 깨뜨린 것이다. 허장성세 없이 부족한 것은 부족한 대로 이야기할 줄 아는 모습은 그만큼 신뢰를 심어주는 데 도움이 된다. 거짓 없는 만남만큼 상대를 안심시키는 것도 없다. 더 나아가 이번 정상회담에서 문 대통령과 김 위원장은 직접 기자들 앞에 나와 판문점 선언의 의의와 내용을 설명했다. 김 위원장이 기자들 앞에 선 것은 처음이었다. 과거 김정일 시대에는 볼 수 없었던 개방적인 모습을 연출한 것이다.
이번 남북정상회담에서 가장 큰 성과는 전쟁질서를 평화질서로 바꾸자는 남북의 의지를 담은 ‘판문점 선언’이다. 초미의 관심사였던 한반도 비핵화 의제에서 두 정상은 “완전한 비핵화를 통해 핵 없는 한반도를 실현한다는 공동의 목표를 확인했다”고 발표했다. 남북정상회담 선언문에 비핵화가 명시됐다는 점에서 이 선언은 그간 기대했던 바를 충족시킨다고 할 것이다. 비핵화 문제는 나머지 다른 모든 문제를 풀어나가기 위한 핵심 고리에 해당한다. 그동안 북한이 비핵화 의지가 없는 것 아니냐는 이야기가 나왔지만, 이번 선언을 통해 이런 의구심은 확실히 불식하게 됐다. 비핵화는 최종적으로 미국과 북한 사이에 담판을 지어야 할 문제다. 그러나 남북이 상당히 높은 수준의 비핵화 선언을 함으로써 나머지 문제를 풀어가기가 그만큼 쉬워졌다.
이번 선언은 문재인 대통령이 올해 가을 평양을 방문하기로 했다는 사실도 포함됐다. 문 대통령 가을 방북이 이루어지면 한해에 두 차례나 정상회담이 열리게 된다. 그동안 남쪽에서 추진해온 정상회담 정례화가 사실로 굳어지는 것이다. 남북관계의 획기적인 발전과 긴장완화 및 남북협력에 큰 도움이 될 것은 물론이다. 회담 중에도 남북 정상은 ‘수시로’ 만나자는 이야기를 반복해서 했는데, 이로 미루어보건대 1년에 두 차례 정도는 만날 수 있을 것으로 보인다. 특히 문 대통령이 전통 의장대와 행렬하던 중 김 위원장에게 “청와대에 오시면 훨씬 좋은 장면을 보여드릴 수 있다”고 하자 “초청해주시면 언제라도 가겠다”고 한 것은 문 대통령의 평양 방문 뒤 서울에서 정상회담이 열릴 가능성을 예고한 것이라고 할 수 있을 것이다.
한반도 평화체제 구축과 관련해 이번 정상회담에서 어느 정도 합의가 나올 것인지는 비핵화 다음으로 관심이 큰 의제였다. 특히 종전선언 문제에서 어느 정도 진전을 보이느냐가 관심사였다. 두 정상은 판문점 선언에서, 한반도에서 비정상적인 현재의 정전상태를 종식시키고 확고한 평화체제를 수립하는 것은 더 미룰 수 없는 역사적 과제라고 천명했다. 물론 종전선언은 남북 두 당사자만으로는 이루어질 수 없는 문제이기 때문에 관련 당사국이 함께 참여해 이룰 수밖에 없다. 그런 점에서 이번 선언문에 정전협정 체결 65년이 되는 올해에 종전을 선언하고 항구적인 평화체제 구축을 위해 남·북·미 3자 또는 남·북·미·중 4자회담 개최를 적극 추진하기로 한 것은 당연한 수순이라고 할 것이다. 이 선언으로 미루어보건대 앞으로 북-미 정상회담을 한 뒤에 남·북·미 또는 남·북·미·중이 함께 만나 종전선언을 할 것으로 보인다. 남과 북은 평화체제 정착이 속도를 낼 수 있도록 최대의 노력을 다해야 한다.
두 정상이 서로 어떤 무력도 사용하지 않는다는 불가침 합의를 재확인하고 엄격히 준수하기로 한 것도 한반도 긴장 완화와 평화 정착에 도움이 될 것이다. 남과 북이 군사적 긴장상태를 완화하기 위해 합의한 내용들도 관심을 끈다. 상대방에 대한 적대행위를 전면 중지하기로 한 것은 남북관계가 좋았던 시절로 상태를 되돌리겠다는 선언이다. 특히 비무장지대를 앞으로 실질적인 평화지대로 만들어나가기로 한 것은 비무장지대의 비무장화를 위한 조처로 평가할 만하다. 또 서해 북방한계선 일대를 평화수역으로 만들어 우발적인 군사적 충돌을 방지하고 안전한 어로 활동을 보장하기 위해 실제적인 대책을 세워나가기로 한 것도 기대를 모은다. 앞으로 열릴 군사당국회담에서 이 합의를 구체화할 방안을 마련해야 할 것이다.
김 위원장이 시종 ‘이행 의지’를 강조한 것도 특별히 눈여겨볼 대목이다. 정상 간 합의를 스스로 먼저 이행할 뜻을 밝힌 것이기도 하지만, 상대방에게 약속대로 합의를 이행해야 함을 요구한 것이라고도 할 수 있다. 과거 남북 사이에, 또 북-미 사이에 여러 차례 중대한 합의가 있었지만 중간에 휴짓조각이 되거나 무용지물이 된 것은 북쪽의 잘못이라고만 할 수는 없다. 보수 정권 아래서 남북 합의들이 이행되지 않은 것도 여러 건이고 북-미 사이에도 미국 쪽의 합의 불이행으로 관계가 틀어진 경우가 적지 않다. 남과 북이 이 점을 유념해 이번에 만들어낸 합의는 무슨 일이 있어도 지켜낸다는 각오로 착실히 실행해 서로 믿음을 쌓아올려야 한다.
한달여 뒤에 열릴 북-미 정상회담을 중재해야 하는 문 대통령으로선, 김 위원장이 비핵화 의지를 확실히 밝힘에 따라 북-미 양국을 중재하기에 훨씬 좋은 위치에 올라섰다고 할 수 있다. 이제 이 회담 성과를 가지고 다음달 중순 열릴 예정인 한-미 정상회담에서 도널드 트럼프 대통령과 조율해야 한다. 미국은 두 정상이 첫 대면을 한 직후에 성명을 내 남북 정상의 만남이 “한반도 전체를 위한 평화와 번영으로 가는 진전을 이루기를 희망한다”고 밝혔다. 남북정상회담이 이끌어낸 판문점 선언이 북-미 ‘빅딜’을 이루는 데 큰 기여를 할 것으로 본다.
남북 정상이 다짐한 대로 이제 우리에겐 평화와 번영의 길을 달리는 일이 남았다. 한반도 비핵화가 평화 정착으로 이어져 남북이 협력하고 상생하는 새 시대를 만들어가길 기원하며, 정상회담의 큰 성취를 온 겨레와 함께 축하한다.",10,3575
iks_20180427_hankyoreh_editorial_003,Hankyoreh editorial 2018 April 27 corpus.txt,Hankyoreh,한겨레,editorial,2018-04-27,2018_april_summit,남북 정상회담,소망,역사적인 남북정상회담이 11년 만에 열렸다. 긴 반목과 대결의 시간을 끝내고 평화를 위해 한걸음 내딛는 소중한 기회의 장. 2005년 평양에 가서 보고 담은 아리랑 축전의 공연 모습처럼 지금 우리에게 무지갯빛 희망이 깃들고 있는 것일까. 꿈에 이르는 길은 아직 멀고 험하겠지만 간절한 소망을 품은 사람에겐 절망보다 희망이 가깝다.,"남북 정상회담
소망
역사적인 남북정상회담이 11년 만에 열렸다. 긴 반목과 대결의 시간을 끝내고 평화를 위해 한걸음 내딛는 소중한 기회의 장. 2005년 평양에 가서 보고 담은 아리랑 축전의 공연 모습처럼 지금 우리에게 무지갯빛 희망이 깃들고 있는 것일까. 꿈에 이르는 길은 아직 멀고 험하겠지만 간절한 소망을 품은 사람에겐 절망보다 희망이 가깝다.",1,184
iks_20180427_hankyoreh_news_001,Hankyoreh news 2018 April 27 corpus.txt,Hankyoreh,한겨레,news,2018-04-27,2018_april_summit,“저는 언제 분계선 넘어갈수 있습니까” “지금 넘어가볼까요”,"세계를 뒤흔든 판문점 12시간 평화 드라마
북 지도자 첫 남한 땅
평화의 집 전통 의장대 사열
판문점 선언 서명
남북 정상 부부 첫 동반 만찬","""김 위원장과 역사적인 악수를 하면서 남측으로 오시는데 나는 언제쯤 넘어갈 수 있을까요?"" 문재인 대통령의 질문에 김정은 국무위원장은 ""그럼 지금 넘어가볼까요?""라고 답했다. 두 사람이 5센티미터 높이의 군사분계선을 넘어갔다가 되돌아오고 있다.
“저는 언제쯤 넘어갈 수 있겠습니까?”
“그럼, 지금 넘어가볼까요.”
27일 오전 9시30분. 문재인 대통령과 김정은 국무위원장 사이에 파격적인 대화가 오갔다. 막 군사분계선을 넘어 남쪽으로 내려온 김 위원장에게 문 대통령이 농담처럼 부러움을 표시하자, 김 위원장이 기다렸다는 듯 선뜻 화답한 것이다. 김 위원장은 웃으며 문 대통령의 손을 잡아끌었다. 두 정상은 손을 잡고 가볍게 군사분계선을 넘었다. 북쪽에서 10초가량 머물며 대화를 나누다 다시 남쪽으로 건너왔다. 이날 판문점에서 12시간 동안 펼쳐진 ‘평화 드라마’를 예고하는 장면이었다.
드라마는 김 위원장이 9시27분께 판문각에 모습을 드러내면서 시작했다. 김 위원장은 경호원들을 뒤로한 채 성큼성큼 계단을 내려왔다. 허리를 세우고 두 팔을 힘차게 저었다. 군사분계선 앞에서 기다리던 문 대통령과 악수하면서 환하게 웃었다. “정말 마음 설렘이 그치지 않는다. 이 역사적 장소에서 만나니까, 대통령께서 이렇게 분계선까지 나와서 맞이해주시니 정말 감동스럽다”고 말했다. “여기까지 온 건 위원장님의 아주 큰 용단이었다”는 문 대통령의 말에, “아이, 아닙니다”라고 말하기도 했다.
김 위원장이 군사분계선을 넘는 순간은 극적이었다. 문 대통령이 왼손으로 군사분계선 남쪽을 가리키며 “이쪽으로 오실까요?”라고 권하자 주저하지 않고 왼발을 내밀어 훌쩍 넘어왔다. 북한 최고지도자가 남쪽 땅을 밟기는 분단 이후 처음이다. 김 위원장의 할아버지인 김일성 주석도, 아버지인 김정일 국방위원장도 못했던 일이다. 김 위원장은 돌아서 북녘을 향했다. 잠시 감회에 빠진 듯했다. 김 위원장은 다시 돌아서 문 대통령의 손을 꼭 잡았다.
두 정상은 전통 의장대가 도열한 가운데 ‘자유의집’ 우회도로를 걸어 사열 장소를 지났다. 빨간 양탄자로 표시된 길을 걸으면서도 대화는 끊이지 않았다. 간간이 서로를 보며 미소를 짓기도 했다. 문 대통령은 의장대를 사열하면서 중간중간 거수경례를 했고, 김 위원장은 앞을 응시했다. 굳은 표정이 비치기도 했다.
두 정상은 사열을 마치고선 수행원들과 일일이 악수를 나눴다. 김 위원장이 “오늘 이 자리에 왔다가 사열 뒤 돌아가야 하는 분들이 있다”고 말하자, 문 대통령이 “그럼 가기 전에 수행원 모두 사진을 찍었으면 좋겠다”고 기념촬영을 제안했다. 역시 예정에 없던 행사였다.
9시41분. 두 정상이 회담장인 평화의집에 들어섰다. 김 위원장은 전통 해주소반을 본뜬 서명대 의자에 앉아 동생인 김여정 북한 노동당 중앙위원회 제1부부장이 건네준 펜으로 방명록을 작성했다. 김 위원장은 “새로운 력사는 이제부터. 평화의 시대, 력사의 출발점에서. 김정은 2018.4.27.”이라고 썼다. 김 위원장이 방명록을 쓰는 동안 문 대통령은 옆에 서서 진지한 표정으로 기다렸다.
김 위원장은 정상회담 머리발언에서 남녘 땅을 밟은 감동을 꾸밈없이 전했다. “군사분계선을 넘어서 보니까 사람이 넘기 힘든 높이로 막힌 것도 아니고, 너무나 쉽게 넘어온 역사적인 이 자리까지 11년이 넘었는데, 왜 그렇게 오기 힘들었나 하는 생각이 들었다”고 말했다. 그러면서 “잃어버린 11년이 아깝지 않게, 우리가 좋게 나가지 않겠나, 이런 생각도 하면서 200m를 걸어왔다”고 말했다.
두 정상은 정상회담을 마친 뒤 잠시 헤어졌다. 김 위원장은 경호원들의 호위를 받으며 차량을 타고 군사분계선 북쪽으로 넘어갔다. 김 위원장으로선 네번째 군사분계선 통과였다. 두 정상은 오후 4시27분 기념식수를 하기 위해 다시 만났다. 기념식수는 고 정주영 현대그룹 명예회장이 1998년 6월 소 500마리를 트럭에 태워 방북할 때 지났던 ‘소떼길’ 옆에서 이뤄졌다. 김 위원장은 차량을 타고 남쪽으로 넘어와 문 대통령과 다시 만났다. 다섯번째 군사분계선 통과였다.
두 정상은 미리 심어놓은 1953년생 소나무 앞에 서서 잠시 대화를 나눴다. 소나무 앞에는 한라산 흙과 백두산 흙, 한강 물과 대동강 물이 놓여 있었다. 두 정상은 흰 장갑을 끼고 각자 삽을 잡았다. 문 대통령은 백두산 흙을, 김 위원장은 한라산 흙을 삽에 퍼서 나무에 세차례 뿌렸다. 문 대통령은 평양 대동강 물을, 김 위원장은 서울 한강 물을 나무에 뿌렸다. ‘합토합수’(合土合水)를 통해 남북 평화와 화합의 의지를 담은 것이다. 기념식수 표지석에는 ‘평화와 번영을 심다’라는 글귀, 문 대통령과 김 위원장의 서명이 선명하게 새겨져 있었다.
두 정상은 공동식수 뒤 판문점 안에 있는 도보다리에서 산책을 했다. 4시36분부터 이뤄진 두 정상의 산책은 이번 회담의 하이라이트 가운데 하나였다. 문 대통령과 김 위원장은 도보다리 쪽으로 나란히 걸으며 담소를 주고받았다. 손짓을 섞어가며 대화를 나누다 중간중간 고개를 끄덕이기도 했다. 두 정상은 군사분계선 표지 왼쪽에 마련된 의자에 앉아 40분가량 배석자 없이 얘기를 나눴다. 자리에 앉자 김 위원장은 근접 촬영을 위해 따라붙은 북쪽 기자들에게 ‘잠시 비켜달라’는 듯 손짓을 해 주변을 물리쳤다. 책상을 앞에 두고 나란히 앉은 두 정상의 간격은 1m도 채 되지 않았다. 전세계가 생중계로 지켜보는 가운데 외교사에서 전례를 찾아보기 힘든 ‘공개밀담’이 펼쳐진 것이다. 문 대통령이 말할 때 김 위원장은 고개를 끄덕이며 수긍하는 듯한 태도를 취하거나, 자신의 의견을 덧붙이기도 했다. 김 위원장이 미소짓는 모습도 보였다.
두 정상은 5시40분께 판문점 선언에 서명하고 포옹했다. 문 대통령은 평화의집 앞마당에서 열린 기자회견장에서 “대담하게 오늘의 상황을 만들어내고 통 큰 합의에 동의한 김 위원장의 용기와 결단에 경의를 표한다”고 김 위원장을 치켜세웠다. 이어 김 위원장은 “하나의 핏줄과 역사, 문화와 언어를 가진 북남은 본래처럼 하나가 돼 끝없는 번영을 누릴 것”이라며 “북남의 전체 인민과 세계가 보는 가운데 서명한 합의가 역대 합의처럼 시작만 뗀 불미스러운 역사를 되풀이하지 않도록 두 사람이 무릎을 마주하고 소통 협력해 반드시 좋은 결실이 맺어지게 노력할 것”이라고 힘줘 말했다.
부부동반 만남도 이어졌다. 문 대통령과 부인 김정숙 여사는 6시18분께 검은색 벤츠를 타고 평화의집 앞에 도착한 리설주 여사를 맞았다. 남북 정상의 부부동반 회동은 이번이 처음이다. 문 대통령은 리 여사에게 “매우 반갑다”고 인사를 건넸고, 리 여사는 “이렇게 만나뵙게 돼서 정말 반갑다”고 화답했다. 리 여사는 “오전에 남편이 회담을 갔다 와서 문 대통령님과 함께 좋은 이야기도 많이 나누고 회담도 잘 됐다고 해서 정말 기뻤다”고 했다. 문 대통령 부부와 김 위원장 부부는 기념촬영을 한 뒤 3층 연회장에서 열린 환영만찬에 참석했다. 만찬장에는 해금과 옥류금의 합주로 남쪽에도 익숙한 북한 노래 ‘반갑습니다’가 울려 퍼졌다.
9시10분께 환송행사가 시작했다. 두 정상이 부부동반으로 나와 나란히 자리에 앉자 ‘평화의집’의 모든 불이 꺼졌다. 하얀색 그랜드피아노에 조명이 들어오더니 아리랑 연주가 흘러나오기 시작했다. 사물놀이패가 함께 장단을 맞췄다. 노란색 나비가 날아가는 장면이 건물 벽면에 비쳤다. 이어 ‘하나의 봄’이라는 글귀가 나타났다. 불이 다시 켜지고, 두 정상이 만나 악수하는 모습을 담은 사진들이 슬라이드처럼 벽면을 지나갔다. 김 위원장은 문 대통령의 손을 잡고 흐뭇한 모습으로 지켜봤다.
9시24분 행사를 마친 김 위원장 부부가 문 대통령 부부의 배웅을 받으며 승용차에 올랐다. 김 위원장은 차가 달리자 창문을 열고 손을 내밀어 문 대통령 부부에게 석별의 인사를 건넸다. 9시28분 김 위원장을 태운 차가 군사분계선을 넘어 북쪽으로 건너갔다. 12시간 동안 ‘세계를 뒤흔든’ 판문점 드라마가 끝났다.","“저는 언제 분계선 넘어갈수 있습니까” “지금 넘어가볼까요”
세계를 뒤흔든 판문점 12시간 평화 드라마
북 지도자 첫 남한 땅
평화의 집 전통 의장대 사열
판문점 선언 서명
남북 정상 부부 첫 동반 만찬
""김 위원장과 역사적인 악수를 하면서 남측으로 오시는데 나는 언제쯤 넘어갈 수 있을까요?"" 문재인 대통령의 질문에 김정은 국무위원장은 ""그럼 지금 넘어가볼까요?""라고 답했다. 두 사람이 5센티미터 높이의 군사분계선을 넘어갔다가 되돌아오고 있다.
“저는 언제쯤 넘어갈 수 있겠습니까?”
“그럼, 지금 넘어가볼까요.”
27일 오전 9시30분. 문재인 대통령과 김정은 국무위원장 사이에 파격적인 대화가 오갔다. 막 군사분계선을 넘어 남쪽으로 내려온 김 위원장에게 문 대통령이 농담처럼 부러움을 표시하자, 김 위원장이 기다렸다는 듯 선뜻 화답한 것이다. 김 위원장은 웃으며 문 대통령의 손을 잡아끌었다. 두 정상은 손을 잡고 가볍게 군사분계선을 넘었다. 북쪽에서 10초가량 머물며 대화를 나누다 다시 남쪽으로 건너왔다. 이날 판문점에서 12시간 동안 펼쳐진 ‘평화 드라마’를 예고하는 장면이었다.
드라마는 김 위원장이 9시27분께 판문각에 모습을 드러내면서 시작했다. 김 위원장은 경호원들을 뒤로한 채 성큼성큼 계단을 내려왔다. 허리를 세우고 두 팔을 힘차게 저었다. 군사분계선 앞에서 기다리던 문 대통령과 악수하면서 환하게 웃었다. “정말 마음 설렘이 그치지 않는다. 이 역사적 장소에서 만나니까, 대통령께서 이렇게 분계선까지 나와서 맞이해주시니 정말 감동스럽다”고 말했다. “여기까지 온 건 위원장님의 아주 큰 용단이었다”는 문 대통령의 말에, “아이, 아닙니다”라고 말하기도 했다.
김 위원장이 군사분계선을 넘는 순간은 극적이었다. 문 대통령이 왼손으로 군사분계선 남쪽을 가리키며 “이쪽으로 오실까요?”라고 권하자 주저하지 않고 왼발을 내밀어 훌쩍 넘어왔다. 북한 최고지도자가 남쪽 땅을 밟기는 분단 이후 처음이다. 김 위원장의 할아버지인 김일성 주석도, 아버지인 김정일 국방위원장도 못했던 일이다. 김 위원장은 돌아서 북녘을 향했다. 잠시 감회에 빠진 듯했다. 김 위원장은 다시 돌아서 문 대통령의 손을 꼭 잡았다.
두 정상은 전통 의장대가 도열한 가운데 ‘자유의집’ 우회도로를 걸어 사열 장소를 지났다. 빨간 양탄자로 표시된 길을 걸으면서도 대화는 끊이지 않았다. 간간이 서로를 보며 미소를 짓기도 했다. 문 대통령은 의장대를 사열하면서 중간중간 거수경례를 했고, 김 위원장은 앞을 응시했다. 굳은 표정이 비치기도 했다.
두 정상은 사열을 마치고선 수행원들과 일일이 악수를 나눴다. 김 위원장이 “오늘 이 자리에 왔다가 사열 뒤 돌아가야 하는 분들이 있다”고 말하자, 문 대통령이 “그럼 가기 전에 수행원 모두 사진을 찍었으면 좋겠다”고 기념촬영을 제안했다. 역시 예정에 없던 행사였다.
9시41분. 두 정상이 회담장인 평화의집에 들어섰다. 김 위원장은 전통 해주소반을 본뜬 서명대 의자에 앉아 동생인 김여정 북한 노동당 중앙위원회 제1부부장이 건네준 펜으로 방명록을 작성했다. 김 위원장은 “새로운 력사는 이제부터. 평화의 시대, 력사의 출발점에서. 김정은 2018.4.27.”이라고 썼다. 김 위원장이 방명록을 쓰는 동안 문 대통령은 옆에 서서 진지한 표정으로 기다렸다.
김 위원장은 정상회담 머리발언에서 남녘 땅을 밟은 감동을 꾸밈없이 전했다. “군사분계선을 넘어서 보니까 사람이 넘기 힘든 높이로 막힌 것도 아니고, 너무나 쉽게 넘어온 역사적인 이 자리까지 11년이 넘었는데, 왜 그렇게 오기 힘들었나 하는 생각이 들었다”고 말했다. 그러면서 “잃어버린 11년이 아깝지 않게, 우리가 좋게 나가지 않겠나, 이런 생각도 하면서 200m를 걸어왔다”고 말했다.
두 정상은 정상회담을 마친 뒤 잠시 헤어졌다. 김 위원장은 경호원들의 호위를 받으며 차량을 타고 군사분계선 북쪽으로 넘어갔다. 김 위원장으로선 네번째 군사분계선 통과였다. 두 정상은 오후 4시27분 기념식수를 하기 위해 다시 만났다. 기념식수는 고 정주영 현대그룹 명예회장이 1998년 6월 소 500마리를 트럭에 태워 방북할 때 지났던 ‘소떼길’ 옆에서 이뤄졌다. 김 위원장은 차량을 타고 남쪽으로 넘어와 문 대통령과 다시 만났다. 다섯번째 군사분계선 통과였다.
두 정상은 미리 심어놓은 1953년생 소나무 앞에 서서 잠시 대화를 나눴다. 소나무 앞에는 한라산 흙과 백두산 흙, 한강 물과 대동강 물이 놓여 있었다. 두 정상은 흰 장갑을 끼고 각자 삽을 잡았다. 문 대통령은 백두산 흙을, 김 위원장은 한라산 흙을 삽에 퍼서 나무에 세차례 뿌렸다. 문 대통령은 평양 대동강 물을, 김 위원장은 서울 한강 물을 나무에 뿌렸다. ‘합토합수’(合土合水)를 통해 남북 평화와 화합의 의지를 담은 것이다. 기념식수 표지석에는 ‘평화와 번영을 심다’라는 글귀, 문 대통령과 김 위원장의 서명이 선명하게 새겨져 있었다.
두 정상은 공동식수 뒤 판문점 안에 있는 도보다리에서 산책을 했다. 4시36분부터 이뤄진 두 정상의 산책은 이번 회담의 하이라이트 가운데 하나였다. 문 대통령과 김 위원장은 도보다리 쪽으로 나란히 걸으며 담소를 주고받았다. 손짓을 섞어가며 대화를 나누다 중간중간 고개를 끄덕이기도 했다. 두 정상은 군사분계선 표지 왼쪽에 마련된 의자에 앉아 40분가량 배석자 없이 얘기를 나눴다. 자리에 앉자 김 위원장은 근접 촬영을 위해 따라붙은 북쪽 기자들에게 ‘잠시 비켜달라’는 듯 손짓을 해 주변을 물리쳤다. 책상을 앞에 두고 나란히 앉은 두 정상의 간격은 1m도 채 되지 않았다. 전세계가 생중계로 지켜보는 가운데 외교사에서 전례를 찾아보기 힘든 ‘공개밀담’이 펼쳐진 것이다. 문 대통령이 말할 때 김 위원장은 고개를 끄덕이며 수긍하는 듯한 태도를 취하거나, 자신의 의견을 덧붙이기도 했다. 김 위원장이 미소짓는 모습도 보였다.
두 정상은 5시40분께 판문점 선언에 서명하고 포옹했다. 문 대통령은 평화의집 앞마당에서 열린 기자회견장에서 “대담하게 오늘의 상황을 만들어내고 통 큰 합의에 동의한 김 위원장의 용기와 결단에 경의를 표한다”고 김 위원장을 치켜세웠다. 이어 김 위원장은 “하나의 핏줄과 역사, 문화와 언어를 가진 북남은 본래처럼 하나가 돼 끝없는 번영을 누릴 것”이라며 “북남의 전체 인민과 세계가 보는 가운데 서명한 합의가 역대 합의처럼 시작만 뗀 불미스러운 역사를 되풀이하지 않도록 두 사람이 무릎을 마주하고 소통 협력해 반드시 좋은 결실이 맺어지게 노력할 것”이라고 힘줘 말했다.
부부동반 만남도 이어졌다. 문 대통령과 부인 김정숙 여사는 6시18분께 검은색 벤츠를 타고 평화의집 앞에 도착한 리설주 여사를 맞았다. 남북 정상의 부부동반 회동은 이번이 처음이다. 문 대통령은 리 여사에게 “매우 반갑다”고 인사를 건넸고, 리 여사는 “이렇게 만나뵙게 돼서 정말 반갑다”고 화답했다. 리 여사는 “오전에 남편이 회담을 갔다 와서 문 대통령님과 함께 좋은 이야기도 많이 나누고 회담도 잘 됐다고 해서 정말 기뻤다”고 했다. 문 대통령 부부와 김 위원장 부부는 기념촬영을 한 뒤 3층 연회장에서 열린 환영만찬에 참석했다. 만찬장에는 해금과 옥류금의 합주로 남쪽에도 익숙한 북한 노래 ‘반갑습니다’가 울려 퍼졌다.
9시10분께 환송행사가 시작했다. 두 정상이 부부동반으로 나와 나란히 자리에 앉자 ‘평화의집’의 모든 불이 꺼졌다. 하얀색 그랜드피아노에 조명이 들어오더니 아리랑 연주가 흘러나오기 시작했다. 사물놀이패가 함께 장단을 맞췄다. 노란색 나비가 날아가는 장면이 건물 벽면에 비쳤다. 이어 ‘하나의 봄’이라는 글귀가 나타났다. 불이 다시 켜지고, 두 정상이 만나 악수하는 모습을 담은 사진들이 슬라이드처럼 벽면을 지나갔다. 김 위원장은 문 대통령의 손을 잡고 흐뭇한 모습으로 지켜봤다.
9시24분 행사를 마친 김 위원장 부부가 문 대통령 부부의 배웅을 받으며 승용차에 올랐다. 김 위원장은 차가 달리자 창문을 열고 손을 내밀어 문 대통령 부부에게 석별의 인사를 건넸다. 9시28분 김 위원장을 태운 차가 군사분계선을 넘어 북쪽으로 건너갔다. 12시간 동안 ‘세계를 뒤흔든’ 판문점 드라마가 끝났다.",17,3854
iks_20180427_hankyoreh_news_002,Hankyoreh news 2018 April 27 corpus.txt,Hankyoreh,한겨레,news,2018-04-27,2018_april_summit,새소리만 들렸던 40분 ‘일대일 담판’…전세계가 지켜봤다,"도보다리 친교산책
세계사 유례없는 야외 ‘밀담’
배석자 없이 무릎 맞댄 두 정상
속내 터놓은 ‘설득전’ 생생히 공개
북-미 정상회담 성패 걸고
문 ‘한반도 완전한 비핵화’ 설득
김 ‘체제안전 보장’ 확답 구한 듯","27일 오후 열린 문재인 대통령과 김정은 북한 국무위원장의 ‘친교 산책’은 2018 남북정상회담의 ‘하이라이트’였다. 두 정상은 아무 배석자 없이 단독으로 40분 동안 산책과 대화를 하며 한반도 비핵화와 평화 정착, 남북 관계 개선 등에 관해 내밀한 일대일 담판을 벌였다. 세계는 숨죽이며 판문점 도보다리 끝 의자에 앉아 나눈 두 정상의 공개 ‘밀담’을 지켜봤다.
두 정상은 오후 4시36분 판문점 자유의 집 오른편으로 난 길을 따라 걸으며 도보다리 쪽으로 향했다. 3분 뒤 두 정상은 도보다리에 다다랐다. 남쪽은 두 정상의 산책을 위해 1953년 중립국감독위원회가 만든 이 다리를 한반도기 색인 하늘색으로 새 단장했다. 다리 끝에서 멈춘 두 사람은 짙은 갈색 녹이 슨 101번째 군사분계선 표지물을 살폈다. 오후 4시42분. 문 대통령은 김 위원장에게 표지물 바로 옆에 마련된 고동색 나무 벤치에 앉길 권했다. 두 사람은 비스듬히 내리는 봄볕을 받으며 무릎을 마주 댔다. 이때부터 30분간 세계 외교사에 유례없는 야외 공개 ‘밀담’이 이어졌다. 단 한명의 최측근도, 취재진도 없는 둘만의 시간이었다.
문 대통령이 손가락을 하나하나 접으며 뭔가를 짚어보는 모습, 두 손을 모아 뭔가를 간절히 담아내려는 모습, 이따금씩 콧방울을 만지는 모습과 김 위원장이 뭔가를 간곡히 설명하는 모습, 두 손을 모아 듣는 모습, 간혹 안경을 고쳐 쓰고 왼쪽 다리를 펴는 모습, 그리고 두 사람이 함께 웃는 모습이 음성 없이 생중계됐다. 한반도는 물론 전세계가 귀를 세웠지만, 들리는 소리는 갈대와 바람, 새소리, 멀찍이 떨어진 취재진의 셔터 소리뿐이었다.
언뜻 평화로워 보이는 이 풍경은 사실 두 정상에겐 혼신의 힘까지 짜내 상대를 설득해야 하는 절정의 순간이었다. 남북 회담과 한달 뒤 이어질 북-미 회담의 성패가 걸린 시간이었기 때문이다. 두 사람은 오롯이 자신만의 힘과 능력, 매력으로 상대를 마주했다. 문 대통령은 한반도 평화, 남북 관계 개선을 위해 김 위원장을 강력히 설득한 것으로 보인다. 특히 한달여 뒤 열릴 북-미 회담에서 ‘한반도의 완전한 비핵화’라는 결실을 맺으려면 김 위원장의 확답이 필요했기 때문이다. 김 위원장 역시 적대 행위 중단과 체제 안전 보장이란 목표에 대한 문 대통령의 확실한 의중과 약속을 확인하려 한 것 같다. 상대를 설득하려고 애를 쓰는 두 정상의 기운은 화면 너머로 생생하게 전달됐다. 두 사람은 최측근에게조차 털어놓을 수 없는 고민과 속내도 허심탄회하게 나눴을 수 있다.
두 정상은 30분 만인 5시12분 벤치에서 일어섰다. 문 대통령 얼굴엔 옅은 미소가 어렸다. 김 위원장 역시 다소 홀가분한 표정으로 문 대통령에게 말을 건넸다. 두 정상은 갔던 길을 되짚어 자유의 집 앞으로 돌아왔다. 두 정상은 친교 산책이 끝난 지 불과 20분 뒤 역사적인 ‘판문점 선언’을 발표했다.
친교 산책에 앞서 두 정상은 1998년 6월 고 정주영 현대그룹 명예회장이 소떼를 몰고 방북한 군사분계선 위에 소나무를 기념식수 했다. 문 대통령은 백두산 흙과 대동강물을, 김 위원장은 한라산 흙과 한강물을 소나무에 줬다. 이후 두 사람은 ‘평화와 번영을 심다. 2018년 4월27일 대한민국 대통령 문재인 조선민주주의인민공화국 국무위원장 김정은’이라고 새겨진 표지석 제막식과 함께 기념촬영을 했다.","새소리만 들렸던 40분 ‘일대일 담판’…전세계가 지켜봤다
도보다리 친교산책
세계사 유례없는 야외 ‘밀담’
배석자 없이 무릎 맞댄 두 정상
속내 터놓은 ‘설득전’ 생생히 공개
북-미 정상회담 성패 걸고
문 ‘한반도 완전한 비핵화’ 설득
김 ‘체제안전 보장’ 확답 구한 듯
27일 오후 열린 문재인 대통령과 김정은 북한 국무위원장의 ‘친교 산책’은 2018 남북정상회담의 ‘하이라이트’였다. 두 정상은 아무 배석자 없이 단독으로 40분 동안 산책과 대화를 하며 한반도 비핵화와 평화 정착, 남북 관계 개선 등에 관해 내밀한 일대일 담판을 벌였다. 세계는 숨죽이며 판문점 도보다리 끝 의자에 앉아 나눈 두 정상의 공개 ‘밀담’을 지켜봤다.
두 정상은 오후 4시36분 판문점 자유의 집 오른편으로 난 길을 따라 걸으며 도보다리 쪽으로 향했다. 3분 뒤 두 정상은 도보다리에 다다랐다. 남쪽은 두 정상의 산책을 위해 1953년 중립국감독위원회가 만든 이 다리를 한반도기 색인 하늘색으로 새 단장했다. 다리 끝에서 멈춘 두 사람은 짙은 갈색 녹이 슨 101번째 군사분계선 표지물을 살폈다. 오후 4시42분. 문 대통령은 김 위원장에게 표지물 바로 옆에 마련된 고동색 나무 벤치에 앉길 권했다. 두 사람은 비스듬히 내리는 봄볕을 받으며 무릎을 마주 댔다. 이때부터 30분간 세계 외교사에 유례없는 야외 공개 ‘밀담’이 이어졌다. 단 한명의 최측근도, 취재진도 없는 둘만의 시간이었다.
문 대통령이 손가락을 하나하나 접으며 뭔가를 짚어보는 모습, 두 손을 모아 뭔가를 간절히 담아내려는 모습, 이따금씩 콧방울을 만지는 모습과 김 위원장이 뭔가를 간곡히 설명하는 모습, 두 손을 모아 듣는 모습, 간혹 안경을 고쳐 쓰고 왼쪽 다리를 펴는 모습, 그리고 두 사람이 함께 웃는 모습이 음성 없이 생중계됐다. 한반도는 물론 전세계가 귀를 세웠지만, 들리는 소리는 갈대와 바람, 새소리, 멀찍이 떨어진 취재진의 셔터 소리뿐이었다.
언뜻 평화로워 보이는 이 풍경은 사실 두 정상에겐 혼신의 힘까지 짜내 상대를 설득해야 하는 절정의 순간이었다. 남북 회담과 한달 뒤 이어질 북-미 회담의 성패가 걸린 시간이었기 때문이다. 두 사람은 오롯이 자신만의 힘과 능력, 매력으로 상대를 마주했다. 문 대통령은 한반도 평화, 남북 관계 개선을 위해 김 위원장을 강력히 설득한 것으로 보인다. 특히 한달여 뒤 열릴 북-미 회담에서 ‘한반도의 완전한 비핵화’라는 결실을 맺으려면 김 위원장의 확답이 필요했기 때문이다. 김 위원장 역시 적대 행위 중단과 체제 안전 보장이란 목표에 대한 문 대통령의 확실한 의중과 약속을 확인하려 한 것 같다. 상대를 설득하려고 애를 쓰는 두 정상의 기운은 화면 너머로 생생하게 전달됐다. 두 사람은 최측근에게조차 털어놓을 수 없는 고민과 속내도 허심탄회하게 나눴을 수 있다.
두 정상은 30분 만인 5시12분 벤치에서 일어섰다. 문 대통령 얼굴엔 옅은 미소가 어렸다. 김 위원장 역시 다소 홀가분한 표정으로 문 대통령에게 말을 건넸다. 두 정상은 갔던 길을 되짚어 자유의 집 앞으로 돌아왔다. 두 정상은 친교 산책이 끝난 지 불과 20분 뒤 역사적인 ‘판문점 선언’을 발표했다.
친교 산책에 앞서 두 정상은 1998년 6월 고 정주영 현대그룹 명예회장이 소떼를 몰고 방북한 군사분계선 위에 소나무를 기념식수 했다. 문 대통령은 백두산 흙과 대동강물을, 김 위원장은 한라산 흙과 한강물을 소나무에 줬다. 이후 두 사람은 ‘평화와 번영을 심다. 2018년 4월27일 대한민국 대통령 문재인 조선민주주의인민공화국 국무위원장 김정은’이라고 새겨진 표지석 제막식과 함께 기념촬영을 했다.",6,1623
iks_20180427_hankyoreh_news_003,Hankyoreh news 2018 April 27 corpus.txt,Hankyoreh,한겨레,news,2018-04-27,2018_april_summit,문 대통령 “김 위원장 군사분계선 넘을때 노 대통령 떠올라”,"“김 위원장은 좋은 길동무” 언급도
김여정 ‘고향의 봄’ 따라 불러
2000·2007년 회담 참석자들
“어디가 계셨냐” 반가운 해후
박지원 등 참석자 눈물 보이기도","“오래전부터 이루지 못한 꿈이 있는데 바로 백두산과 개마고원을 트레킹하는 것입니다. 김정은 위원장이 그 소원을 꼭 들어줄 것이라고 믿습니다. 제가 퇴임하면 백두산과 개마고원 여행권 한 장을 보내주시겠습니까?”
건배를 위해 잔을 든 문재인 대통령은 김정은 국무위원장을 비롯한 만찬 참가자들을 바라보며 이렇게 말했다. 좌중은 웃음을 터뜨렸다. 건배사는 “남과 북이 자유롭게 오갈 수 있는 그날을 위하여”였다.
‘판문점 선언’을 발표한 문 대통령과 김 위원장은 27일 저녁 판문점 평화의집 3층 연회장에서 함께 부부 동반 만찬을 하며 역사적인 하루를 마무리했다. 저녁 6시40분부터 2시간30분 동안 이어진 만찬에서 참석자들은 서로 살갑게 인사를 나누며 오랜만의 ‘해후’를 만끽했다. 2000년 방북해 김정일 당시 국방위원장을 만난 박지원 민주평화당 의원은 김영남 북한 최고인민회의 상임위원장과 반갑게 악수를 했다. 이달 초 한국의 공연단과 함께 평양을 찾았던 도종환 문화체육관광부 장관은 김여정 북한 노동당 제1부부장과 한참 대화를 나눴다. 김영철 노동당 부위원장은 임동원 전 국가정보원장과 악수하며 “도대체 지난 10년 동안 어디 가 계셨습니까”라고 물었고, 문정인 대통령 통일외교안보특보는 김성혜 조국평화통일위원회 서기국 부장을 보며 “얼굴이 아주 좋아졌다”고 인사를 건넸다.
문 대통령은 환영사를 통해 “김정은 위원장이 군사분계선을 넘어오는 것을 보며 나는 11년 전 노무현 대통령이 군사분계선을 넘어가던 모습을 떠올렸다”며 “나는 오늘 우리의 만남으로 민족 모두의 마음속 응어리가 풀어지길 간절히 희망한다”고 말했다. 문 대통령은 ‘길동무가 좋으면 먼 길도 가깝다’는 북한 속담을 인용하며 “김 위원장과 나는 이제 세상에서 둘도 없는 좋은 길동무가 됐다”고 말했다. 김 위원장은 “우리가 서로 마음을 합치고 힘을 모으면 그 어떤 도전과도 싸워 이길 수 있다”며 “나는 그것을 꼭 보여주고 싶으며 또 보여줄 것”이라고 강조하며 이에 화답했다.
만찬 공연에서 김 위원장은 한국의 해금과 북한의 옥류금 소리로 표현된 ‘반갑습니다’, ‘서울에서 평양까지’ 연주를 두 손을 깍지 낀 채 감상했다. 제주 출신 초등학생 오연준군이 ‘바람이 불어오는 곳’을 독창하자 리설주 여사는 미소를 지은 채 바라봤으며, 오군이 ‘고향의 봄’을 부르자 김여정 부부장은 노래를 조용히 따라 부르기도 했다. 현송월 삼지연관현악단 단장과 가수 조용필씨가 마주보고 ‘그 겨울의 찻집’을 함께 노래하면서 만찬 분위기는 더욱 무르익었다. 이 노래는 김정일 국방위원장의 생전 애창곡으로 알려져 있다. 박지원 의원과 서훈 국가정보원장 등은 만찬장에서 눈물을 흘린 것으로 전해졌다. 북한은 옥류관 수석요리사를 파견해 북쪽 통일각에서 갓 뽑아낸 냉면을 남쪽 만찬장에 배달했다. 김대중 전 대통령 고향 신안군 하의도와 가까운 가거도의 민어해삼 편수, 노무현 전 대통령 고향인 김해 봉하마을의 유기농 쌀밥, 문 대통령이 어린 시절을 보낸 부산의 달고기구이 등도 테이블 위에 올랐다. 9시10분께 만찬이 마무리된 뒤, 두 정상 부부는 함께 건물 밖으로 나와 평화의집 전면을 스크린으로 활용해 연출한 영상을 감상했다. 벽면에 두 정상이 이날 오전 처음 만나는 장면 등이 잇따라 나타나자 문 대통령과 김 위원장은 손을 맞잡은 채 사진 속 자신들의 모습을 바라봤다.","문 대통령 “김 위원장 군사분계선 넘을때 노 대통령 떠올라”
“김 위원장은 좋은 길동무” 언급도
김여정 ‘고향의 봄’ 따라 불러
2000·2007년 회담 참석자들
“어디가 계셨냐” 반가운 해후
박지원 등 참석자 눈물 보이기도
“오래전부터 이루지 못한 꿈이 있는데 바로 백두산과 개마고원을 트레킹하는 것입니다. 김정은 위원장이 그 소원을 꼭 들어줄 것이라고 믿습니다. 제가 퇴임하면 백두산과 개마고원 여행권 한 장을 보내주시겠습니까?”
건배를 위해 잔을 든 문재인 대통령은 김정은 국무위원장을 비롯한 만찬 참가자들을 바라보며 이렇게 말했다. 좌중은 웃음을 터뜨렸다. 건배사는 “남과 북이 자유롭게 오갈 수 있는 그날을 위하여”였다.
‘판문점 선언’을 발표한 문 대통령과 김 위원장은 27일 저녁 판문점 평화의집 3층 연회장에서 함께 부부 동반 만찬을 하며 역사적인 하루를 마무리했다. 저녁 6시40분부터 2시간30분 동안 이어진 만찬에서 참석자들은 서로 살갑게 인사를 나누며 오랜만의 ‘해후’를 만끽했다. 2000년 방북해 김정일 당시 국방위원장을 만난 박지원 민주평화당 의원은 김영남 북한 최고인민회의 상임위원장과 반갑게 악수를 했다. 이달 초 한국의 공연단과 함께 평양을 찾았던 도종환 문화체육관광부 장관은 김여정 북한 노동당 제1부부장과 한참 대화를 나눴다. 김영철 노동당 부위원장은 임동원 전 국가정보원장과 악수하며 “도대체 지난 10년 동안 어디 가 계셨습니까”라고 물었고, 문정인 대통령 통일외교안보특보는 김성혜 조국평화통일위원회 서기국 부장을 보며 “얼굴이 아주 좋아졌다”고 인사를 건넸다.
문 대통령은 환영사를 통해 “김정은 위원장이 군사분계선을 넘어오는 것을 보며 나는 11년 전 노무현 대통령이 군사분계선을 넘어가던 모습을 떠올렸다”며 “나는 오늘 우리의 만남으로 민족 모두의 마음속 응어리가 풀어지길 간절히 희망한다”고 말했다. 문 대통령은 ‘길동무가 좋으면 먼 길도 가깝다’는 북한 속담을 인용하며 “김 위원장과 나는 이제 세상에서 둘도 없는 좋은 길동무가 됐다”고 말했다. 김 위원장은 “우리가 서로 마음을 합치고 힘을 모으면 그 어떤 도전과도 싸워 이길 수 있다”며 “나는 그것을 꼭 보여주고 싶으며 또 보여줄 것”이라고 강조하며 이에 화답했다.
만찬 공연에서 김 위원장은 한국의 해금과 북한의 옥류금 소리로 표현된 ‘반갑습니다’, ‘서울에서 평양까지’ 연주를 두 손을 깍지 낀 채 감상했다. 제주 출신 초등학생 오연준군이 ‘바람이 불어오는 곳’을 독창하자 리설주 여사는 미소를 지은 채 바라봤으며, 오군이 ‘고향의 봄’을 부르자 김여정 부부장은 노래를 조용히 따라 부르기도 했다. 현송월 삼지연관현악단 단장과 가수 조용필씨가 마주보고 ‘그 겨울의 찻집’을 함께 노래하면서 만찬 분위기는 더욱 무르익었다. 이 노래는 김정일 국방위원장의 생전 애창곡으로 알려져 있다. 박지원 의원과 서훈 국가정보원장 등은 만찬장에서 눈물을 흘린 것으로 전해졌다. 북한은 옥류관 수석요리사를 파견해 북쪽 통일각에서 갓 뽑아낸 냉면을 남쪽 만찬장에 배달했다. 김대중 전 대통령 고향 신안군 하의도와 가까운 가거도의 민어해삼 편수, 노무현 전 대통령 고향인 김해 봉하마을의 유기농 쌀밥, 문 대통령이 어린 시절을 보낸 부산의 달고기구이 등도 테이블 위에 올랐다. 9시10분께 만찬이 마무리된 뒤, 두 정상 부부는 함께 건물 밖으로 나와 평화의집 전면을 스크린으로 활용해 연출한 영상을 감상했다. 벽면에 두 정상이 이날 오전 처음 만나는 장면 등이 잇따라 나타나자 문 대통령과 김 위원장은 손을 맞잡은 채 사진 속 자신들의 모습을 바라봤다.",5,1631
iks_20180427_hankyoreh_news_004,Hankyoreh news 2018 April 27 corpus.txt,Hankyoreh,한겨레,news,2018-04-27,2018_april_summit,판문점 선언 ‘국회 동의’ 받기로,합의 내용 법제화해 이행 의지,"문재인 대통령과 김정은 국무위원장이 4·27 정상회담에서 ‘한반도의 평화와 번영, 통일을 위한 판문점 선언’(판문점 선언)을 도출한 이후 앞으로 해결해야 할 과제들 중 하나는 합의 내용의 ‘이행’ 문제다. 특히 이번 합의를 국회 비준 동의를 거쳐 법적 효력을 담보해낼 것인지가 핵심적인 관심사다.
청와대는 정상회담 뒤 낸 설명자료에서 “법적 근거와 절차에 따라 투명하고 신속하게 후속조치를 추진하겠다”며 “판문점 선언은 ‘남북관계 발전에 관한 법률’ 제21조에 따라 남북 합의서의 체결·비준에 관한 법적인 절차를 거쳐 발효된다”고 밝혔다. 그러면서 국무회의 심의→ 대통령 비준→ 국회 동의→ 공포라는 추진 순서도 제시했다.
남북 합의를 법제화해서 이행의 구속력을 높여야 한다는 것은 문 대통령의 오래된 신념이다. 2000년과 2007년 정상회담에서 각각 6·15 공동선언과 10·4 정상선언을 도출하고도 실행하지 못하고 흐지부지된 경험을 되풀이해선 안 된다는 것이다. 문 대통령은 지난달 21일 남북정상회담 준비위 회의에서도 “남북정상회담에서 합의한 내용을 제도화해야 한다”며 “이번에 남북 합의가 나오면 앞선 두 차례 정상회담에서 합의한 기본 사항을 담아 국회 비준을 받도록 준비하라”고 지시했다.
이날 ‘판문점 선언’에서도 두 정상은 “이미 채택된 남북 선언들과 모든 합의들을 철저히 이행함으로써 관계 개선과 발전의 전환적 국면을 열어나가기로 했다”고 밝혔다. 김 위원장은 선언문 발표 기자회견에서 “오늘 합의가 역대 합의서처럼 시작만 뗀 불미스러운 역사가 되풀이되지 않도록 우리 두 사람이 긴밀히 협력할 것”이라고 말했다.
하지만 국회 비준은 야당의 합의가 필요해 험로가 예상된다. 당장 홍준표 자유한국당 대표는 정상회담 결과에 대해 “김정은이 불러준 대로 받아적은 것”이라며 “결국 김정은과 문재인 정권이 합작한 남북 위장평화쇼에 불과했다”고 맹비난했다.
청와대는 이날 설명자료에서 “국회 동의 여부는 추후 법제처 등 관련 부처간 검토를 거쳐 결정”하겠다고 밝혔는데, 이는 북한을 조약 체결의 상대 ‘국가’로 볼 것인지에 대한 헌법적 논란 외에도 국내 정치 상황까지 고려해 운신의 폭을 넓힌 것이라는 해석도 가능하다.","판문점 선언 ‘국회 동의’ 받기로
합의 내용 법제화해 이행 의지
문재인 대통령과 김정은 국무위원장이 4·27 정상회담에서 ‘한반도의 평화와 번영, 통일을 위한 판문점 선언’(판문점 선언)을 도출한 이후 앞으로 해결해야 할 과제들 중 하나는 합의 내용의 ‘이행’ 문제다. 특히 이번 합의를 국회 비준 동의를 거쳐 법적 효력을 담보해낼 것인지가 핵심적인 관심사다.
청와대는 정상회담 뒤 낸 설명자료에서 “법적 근거와 절차에 따라 투명하고 신속하게 후속조치를 추진하겠다”며 “판문점 선언은 ‘남북관계 발전에 관한 법률’ 제21조에 따라 남북 합의서의 체결·비준에 관한 법적인 절차를 거쳐 발효된다”고 밝혔다. 그러면서 국무회의 심의→ 대통령 비준→ 국회 동의→ 공포라는 추진 순서도 제시했다.
남북 합의를 법제화해서 이행의 구속력을 높여야 한다는 것은 문 대통령의 오래된 신념이다. 2000년과 2007년 정상회담에서 각각 6·15 공동선언과 10·4 정상선언을 도출하고도 실행하지 못하고 흐지부지된 경험을 되풀이해선 안 된다는 것이다. 문 대통령은 지난달 21일 남북정상회담 준비위 회의에서도 “남북정상회담에서 합의한 내용을 제도화해야 한다”며 “이번에 남북 합의가 나오면 앞선 두 차례 정상회담에서 합의한 기본 사항을 담아 국회 비준을 받도록 준비하라”고 지시했다.
이날 ‘판문점 선언’에서도 두 정상은 “이미 채택된 남북 선언들과 모든 합의들을 철저히 이행함으로써 관계 개선과 발전의 전환적 국면을 열어나가기로 했다”고 밝혔다. 김 위원장은 선언문 발표 기자회견에서 “오늘 합의가 역대 합의서처럼 시작만 뗀 불미스러운 역사가 되풀이되지 않도록 우리 두 사람이 긴밀히 협력할 것”이라고 말했다.
하지만 국회 비준은 야당의 합의가 필요해 험로가 예상된다. 당장 홍준표 자유한국당 대표는 정상회담 결과에 대해 “김정은이 불러준 대로 받아적은 것”이라며 “결국 김정은과 문재인 정권이 합작한 남북 위장평화쇼에 불과했다”고 맹비난했다.
청와대는 이날 설명자료에서 “국회 동의 여부는 추후 법제처 등 관련 부처간 검토를 거쳐 결정”하겠다고 밝혔는데, 이는 북한을 조약 체결의 상대 ‘국가’로 볼 것인지에 대한 헌법적 논란 외에도 국내 정치 상황까지 고려해 운신의 폭을 넓힌 것이라는 해석도 가능하다.",6,1077
iks_20180427_hankyoreh_news_005,Hankyoreh news 2018 April 27 corpus.txt,Hankyoreh,한겨레,news,2018-04-27,2018_april_summit,문 “이산가족들 고향 방문도 할 것” 김 “북·남 갈라져 살 수 없는 혈육”,적십자회담서 제반문제 협의,"문재인 대통령과 김정은 북한 국무위원장이 27일 ‘판문점 선언’에 담은 여러 합의 가운데 구체적인 날짜까지 못박아 굳은 의지를 보인 대목은 이산가족 상봉 재개다.
두 정상은 공동선언문에서 “남과 북은 민족 분단으로 발생된 인도적 문제를 시급히 해결하기 위하여 노력하며, 남북 적십자회담을 개최하여 이산가족·친척 상봉을 비롯한 제반 문제들을 협의해 나가기로 했다”고 밝혔다. 이어 두 정상은 “당면하여 오는 8·15(광복절)를 계기로 이산가족·친척 상봉을 진행하기로 했다”고 명시했다. 문 대통령은 발표 기자회견에서도 “더 늦기 전에 이산가족들의 만남이 시작될 것이며 고향을 방문하고 서신 교환도 할 것”이라고 이산가족 상봉 행사 재개를 강조했다. 김 위원장도 회견에서 “문 대통령과 정작 마주하니 북과 남은 서로 갈라져 살 수 없는 한 혈육이며 그 어느 이웃에도 비길 수 없는 동족이라는 것을 가슴 뭉클하게 절감하게 됐다”고 화답했다.
문 대통령은 지난해 7월 ‘베를린 구상’으로 불리는 독일 쾨르버재단 연설을 한 직후 북한에 이산가족 상봉을 위한 남북 적십자회담 개최를 제안했으나, 북쪽은 호응하지 않고 오히려 핵실험과 미사일 발사로 관계를 악화시켰다. 그러나 두 정상이 4·27 판문점 선언에서 “남북 관계의 전면적이며 획기적인 개선과 발전”을 강조하며 ‘8·15 이산가족 상봉’을 약속함에 따라 3년 만에 이산가족 상봉이 실현될 가능성이 커졌다.
남북 이산가족 상봉은 김대중·노무현 정부 시절이던 2000년부터 2007년까지 8년 동안 매년 적게는 1회에 100건(343명)에서 많게는 594건(2683명)까지 꾸준히 이뤄졌지만, 이명박·박근혜 정부 시절에는 단 네 차례 열렸다. 2015년 10월 금강산 상봉 행사를 끝으로 중단됐다. 남북이 이미 1992년 남북기본합의서(18조)와 2000년 6·15 남북공동선언(3항), 2007년 10·4 정상선언(7항)에서 이산가족 상봉 문제 해결에 합의했지만, 남쪽 정권과 남북 관계 상황에 따라 부침을 겪은 것이다. 현재 이산가족 규모는 남쪽에만 6만여명에 이른다.
남북정상회담 준비위원회는 이날 판문점 선언 뒤 설명자료를 내어 “고령의 이산가족들이 더 늦기 전에 가족을 만날 수 있도록 3년 만에 이산가족 상봉 행사를 재개한다”며 “우선 이산가족들이 고향을 방문할 수 있도록 추진하고, 전면적 생사 확인과 다양한 방식의 이산가족 교류 방안도 지속적으로 협의할 예정”이라고 밝혔다.","문 “이산가족들 고향 방문도 할 것” 김 “북·남 갈라져 살 수 없는 혈육”
적십자회담서 제반문제 협의
문재인 대통령과 김정은 북한 국무위원장이 27일 ‘판문점 선언’에 담은 여러 합의 가운데 구체적인 날짜까지 못박아 굳은 의지를 보인 대목은 이산가족 상봉 재개다.
두 정상은 공동선언문에서 “남과 북은 민족 분단으로 발생된 인도적 문제를 시급히 해결하기 위하여 노력하며, 남북 적십자회담을 개최하여 이산가족·친척 상봉을 비롯한 제반 문제들을 협의해 나가기로 했다”고 밝혔다. 이어 두 정상은 “당면하여 오는 8·15(광복절)를 계기로 이산가족·친척 상봉을 진행하기로 했다”고 명시했다. 문 대통령은 발표 기자회견에서도 “더 늦기 전에 이산가족들의 만남이 시작될 것이며 고향을 방문하고 서신 교환도 할 것”이라고 이산가족 상봉 행사 재개를 강조했다. 김 위원장도 회견에서 “문 대통령과 정작 마주하니 북과 남은 서로 갈라져 살 수 없는 한 혈육이며 그 어느 이웃에도 비길 수 없는 동족이라는 것을 가슴 뭉클하게 절감하게 됐다”고 화답했다.
문 대통령은 지난해 7월 ‘베를린 구상’으로 불리는 독일 쾨르버재단 연설을 한 직후 북한에 이산가족 상봉을 위한 남북 적십자회담 개최를 제안했으나, 북쪽은 호응하지 않고 오히려 핵실험과 미사일 발사로 관계를 악화시켰다. 그러나 두 정상이 4·27 판문점 선언에서 “남북 관계의 전면적이며 획기적인 개선과 발전”을 강조하며 ‘8·15 이산가족 상봉’을 약속함에 따라 3년 만에 이산가족 상봉이 실현될 가능성이 커졌다.
남북 이산가족 상봉은 김대중·노무현 정부 시절이던 2000년부터 2007년까지 8년 동안 매년 적게는 1회에 100건(343명)에서 많게는 594건(2683명)까지 꾸준히 이뤄졌지만, 이명박·박근혜 정부 시절에는 단 네 차례 열렸다. 2015년 10월 금강산 상봉 행사를 끝으로 중단됐다. 남북이 이미 1992년 남북기본합의서(18조)와 2000년 6·15 남북공동선언(3항), 2007년 10·4 정상선언(7항)에서 이산가족 상봉 문제 해결에 합의했지만, 남쪽 정권과 남북 관계 상황에 따라 부침을 겪은 것이다. 현재 이산가족 규모는 남쪽에만 6만여명에 이른다.
남북정상회담 준비위원회는 이날 판문점 선언 뒤 설명자료를 내어 “고령의 이산가족들이 더 늦기 전에 가족을 만날 수 있도록 3년 만에 이산가족 상봉 행사를 재개한다”며 “우선 이산가족들이 고향을 방문할 수 있도록 추진하고, 전면적 생사 확인과 다양한 방식의 이산가족 교류 방안도 지속적으로 협의할 예정”이라고 밝혔다.",5,1193
iks_20180427_hankyoreh_news_006,Hankyoreh news 2018 April 27 corpus.txt,Hankyoreh,한겨레,news,2018-04-27,2018_april_summit,"북 군 수뇌부, 문 대통령에 거수경례…남쪽, 김 위원장과 악수만","수행 군인들 인사법 대조적
리명수 총참모장·박영식 인민무력상
문 대통령 다가오자 경례 뒤 악수
송영무 국방, 김정은에 가볍게 목례
정경두 합참의장은 고개 꼿꼿 유지","문재인 대통령과 김정은 국무위원장이 각각 공식 수행원을 소개하는 자리에서 군인들의 인사법이 달라 비교됐다. 남쪽은 김 위원장에게 악수만 건넸고, 북쪽은 문 대통령에게 먼저 거수경례를 붙였다.
두 정상은 판문점 광장에서 군 의장대 사열 행사를 마친 뒤 양쪽 공식 수행원들을 서로 소개했다. 기다리던 송영무 국방부 장관은 김정은 위원장이 앞으로 오자 악수를 하며 가볍게 고개를 숙여 인사를 했다. 그러나 정경두 합참의장은 고개를 꼿꼿하게 유지한 채 김 위원장과 악수했다.
반면 북쪽 인사들은 문 대통령에게 거수경례를 먼저 해 대조를 이뤘다. 리명수 총참모장은 문 대통령이 다가오자 가볍게 오른손을 오른쪽 눈썹 위에 올려붙이는 예를 갖춘 뒤 악수를 했고, 박영식 인민무력상도 문 대통령에게 거수경례를 먼저 한 뒤 악수했다.
남북의 이런 대조적인 모습은 처음이 아니다. 2000년과 2007년 두 차례 남북정상회담 때도 북한 군인들은 남쪽의 대통령에게 모두 거수경례를 했다. 정부 당국자는 “2000년 6월에는 조명록 총정치국장과 김일철 인민무력상 등이 김대중 대통령에게, 2007년 10월엔 김일철 인민무력상 등이 노무현 대통령에게 거수경례를 올린 것으로 기억한다”고 말했다. 반면 김장수 국방부 장관은 2007년 10월 남북정상회담 때 평양에서 김정일 국방위원장에게 목례조차 하지 않고 악수만 건네 ‘꼿꼿 장수’라는 별명을 얻었다.
남쪽의 이런 태도는 여전히 ‘적’인 북한의 총사령관에게 머리를 숙이거나 경례를 하는 것에 대한 부정적 인식이 남아 있기 때문이다. 송영무 장관은 지난주 사석에서 “정상회담 행사에서 김 위원장을 처음 만날 때 어떤 표정으로 어떻게 대해야 좋을지 그 방식에 대해 대략 5가지 정도 고민하고 있다”고 말한 바 있다. 김 위원장을 어떻게 대할지가 그만큼 민감하고 부담스러운 문제라는 뜻이다.
그러나 군 내부에서도 이제 ‘적’이라는 이유로 경례를 하지 않는 건 지나치게 경직된 태도라는 비판적 목소리가 나온다. 군 관계자는 “군인은 전쟁 중 포로로 잡힌 적국의 군인에게도 계급이 높으면 거수경례의 예를 갖춘다”며 “북쪽 군인들이 자연스럽게 우리 대통령에게 거수경례하는 상황과도 어울리지 않는다. 우리 사회의 경직성, 편협성만 스스로 부각하는 것 같다”고 말했다.
앞서 김정은 국무위원장은 이날 북한 정상으로는 처음으로 판문점 광장에서 육·해·공 3군으로 구성된 국군의장대와 전통의장대를 사열했다. 김 위원장은 문 대통령과 함께 군악대가 연주하는 ‘아리랑’과 ‘신아리랑 행진곡’, ‘위대한 전진 행진곡’ 등이 울려퍼지는 가운데 의장대의 ‘받들어총’ 자세를 받으며 레드카펫 위를 걸었다.
의장대와 군악대, 기수단 등 모두 370여명이 참여한 이날 행사는 협소한 공간과 남북관계의 특수성 등을 고려해 국기 게양과 국가 연주, 예포 발사가 생락되는 등 약식으로 진행됐다. 이번 의장 행사는 비록 약식이지만, 김 위원장을 정상국가의 지도자로 인정한다는 뜻을 담고 있는 것이다. 앞서 김대중 대통령과 노무현 대통령도 평양 방문 때 북한군 의장대를 사열했다.","북 군 수뇌부, 문 대통령에 거수경례…남쪽, 김 위원장과 악수만
수행 군인들 인사법 대조적
리명수 총참모장·박영식 인민무력상
문 대통령 다가오자 경례 뒤 악수
송영무 국방, 김정은에 가볍게 목례
정경두 합참의장은 고개 꼿꼿 유지
문재인 대통령과 김정은 국무위원장이 각각 공식 수행원을 소개하는 자리에서 군인들의 인사법이 달라 비교됐다. 남쪽은 김 위원장에게 악수만 건넸고, 북쪽은 문 대통령에게 먼저 거수경례를 붙였다.
두 정상은 판문점 광장에서 군 의장대 사열 행사를 마친 뒤 양쪽 공식 수행원들을 서로 소개했다. 기다리던 송영무 국방부 장관은 김정은 위원장이 앞으로 오자 악수를 하며 가볍게 고개를 숙여 인사를 했다. 그러나 정경두 합참의장은 고개를 꼿꼿하게 유지한 채 김 위원장과 악수했다.
반면 북쪽 인사들은 문 대통령에게 거수경례를 먼저 해 대조를 이뤘다. 리명수 총참모장은 문 대통령이 다가오자 가볍게 오른손을 오른쪽 눈썹 위에 올려붙이는 예를 갖춘 뒤 악수를 했고, 박영식 인민무력상도 문 대통령에게 거수경례를 먼저 한 뒤 악수했다.
남북의 이런 대조적인 모습은 처음이 아니다. 2000년과 2007년 두 차례 남북정상회담 때도 북한 군인들은 남쪽의 대통령에게 모두 거수경례를 했다. 정부 당국자는 “2000년 6월에는 조명록 총정치국장과 김일철 인민무력상 등이 김대중 대통령에게, 2007년 10월엔 김일철 인민무력상 등이 노무현 대통령에게 거수경례를 올린 것으로 기억한다”고 말했다. 반면 김장수 국방부 장관은 2007년 10월 남북정상회담 때 평양에서 김정일 국방위원장에게 목례조차 하지 않고 악수만 건네 ‘꼿꼿 장수’라는 별명을 얻었다.
남쪽의 이런 태도는 여전히 ‘적’인 북한의 총사령관에게 머리를 숙이거나 경례를 하는 것에 대한 부정적 인식이 남아 있기 때문이다. 송영무 장관은 지난주 사석에서 “정상회담 행사에서 김 위원장을 처음 만날 때 어떤 표정으로 어떻게 대해야 좋을지 그 방식에 대해 대략 5가지 정도 고민하고 있다”고 말한 바 있다. 김 위원장을 어떻게 대할지가 그만큼 민감하고 부담스러운 문제라는 뜻이다.
그러나 군 내부에서도 이제 ‘적’이라는 이유로 경례를 하지 않는 건 지나치게 경직된 태도라는 비판적 목소리가 나온다. 군 관계자는 “군인은 전쟁 중 포로로 잡힌 적국의 군인에게도 계급이 높으면 거수경례의 예를 갖춘다”며 “북쪽 군인들이 자연스럽게 우리 대통령에게 거수경례하는 상황과도 어울리지 않는다. 우리 사회의 경직성, 편협성만 스스로 부각하는 것 같다”고 말했다.
앞서 김정은 국무위원장은 이날 북한 정상으로는 처음으로 판문점 광장에서 육·해·공 3군으로 구성된 국군의장대와 전통의장대를 사열했다. 김 위원장은 문 대통령과 함께 군악대가 연주하는 ‘아리랑’과 ‘신아리랑 행진곡’, ‘위대한 전진 행진곡’ 등이 울려퍼지는 가운데 의장대의 ‘받들어총’ 자세를 받으며 레드카펫 위를 걸었다.
의장대와 군악대, 기수단 등 모두 370여명이 참여한 이날 행사는 협소한 공간과 남북관계의 특수성 등을 고려해 국기 게양과 국가 연주, 예포 발사가 생락되는 등 약식으로 진행됐다. 이번 의장 행사는 비록 약식이지만, 김 위원장을 정상국가의 지도자로 인정한다는 뜻을 담고 있는 것이다. 앞서 김대중 대통령과 노무현 대통령도 평양 방문 때 북한군 의장대를 사열했다.",8,1492
iks_20180427_hankyoreh_news_007,Hankyoreh news 2018 April 27 corpus.txt,Hankyoreh,한겨레,news,2018-04-27,2018_april_summit,"김정은, 방명록에 “평화의 시대, 역사의 출발점에서”",,"“새로운 력사는 이제부터. 평화의 시대, 력사의 출발점에서. 김정은 2018.4.27.”
김정은 북한 국무위원장은 27일 오전 9시41분 문재인 대통령과 함께 정상회담 장소인 남쪽 평화의집으로 들어선 뒤 ‘새 역사’와 ‘평화’를 강조하는 내용을 방명록에 남겼다.
김 위원장은 서명대 앞 의자에 앉아 김여정 북한 노동당 중앙위원회 제1부부장이 건네준 펜으로 방명록을 작성하고 서명했다. 회담 준비 관계자에 따르면, 전통 해주소반을 본뜬 서명대는 손님을 초대한 기쁨과 환영의 의미를 담았고, 방명록 의자는 ‘길’(좋은 일)한 일이 일어나길 기대하는 소망을 담아 ‘길상 모양’으로 제작했다고 한다. 김 위원장이 방명록에 적는 동안 문재인 대통령은 옆에 서서 정면을 바라보다 두 차례 김 위원장이 작성 중인 방명록에 시선을 보내기도 했다. 김 위원장은 이날 남북 정상이 합의한 ‘판문점 선언’을 통해 “우리 민족이 화해와 단합, 평화와 번영을 위해 반드시 창조해나가야 할 모든 것을 완전무결하게 해놓음으로써 자기 역사적 책임과 시대적 의무를 다해 나가야 할 것”이라고 밝혔는데, 방명록에 적은 ‘새로운 역사는 이제부터’라는 글과 맥이 닿는 것으로 보인다.","김정은, 방명록에 “평화의 시대, 역사의 출발점에서”
“새로운 력사는 이제부터. 평화의 시대, 력사의 출발점에서. 김정은 2018.4.27.”
김정은 북한 국무위원장은 27일 오전 9시41분 문재인 대통령과 함께 정상회담 장소인 남쪽 평화의집으로 들어선 뒤 ‘새 역사’와 ‘평화’를 강조하는 내용을 방명록에 남겼다.
김 위원장은 서명대 앞 의자에 앉아 김여정 북한 노동당 중앙위원회 제1부부장이 건네준 펜으로 방명록을 작성하고 서명했다. 회담 준비 관계자에 따르면, 전통 해주소반을 본뜬 서명대는 손님을 초대한 기쁨과 환영의 의미를 담았고, 방명록 의자는 ‘길’(좋은 일)한 일이 일어나길 기대하는 소망을 담아 ‘길상 모양’으로 제작했다고 한다. 김 위원장이 방명록에 적는 동안 문재인 대통령은 옆에 서서 정면을 바라보다 두 차례 김 위원장이 작성 중인 방명록에 시선을 보내기도 했다. 김 위원장은 이날 남북 정상이 합의한 ‘판문점 선언’을 통해 “우리 민족이 화해와 단합, 평화와 번영을 위해 반드시 창조해나가야 할 모든 것을 완전무결하게 해놓음으로써 자기 역사적 책임과 시대적 의무를 다해 나가야 할 것”이라고 밝혔는데, 방명록에 적은 ‘새로운 역사는 이제부터’라는 글과 맥이 닿는 것으로 보인다.",3,586
iks_20180427_hankyoreh_news_008,Hankyoreh news 2018 April 27 corpus.txt,Hankyoreh,한겨레,news,2018-04-27,2018_april_summit,남북 정상 부인들도 첫 상견례,"리설주 여사 ‘깜짝’ 만찬동행
김정숙 여사 먼저 나가 마중","27일 오후 6시18분. 군사분계선을 넘은 승용차 한대가 남북정상회담 장소인 판문점 평화의집에 도착했다. 살구색 정장을 입은 리설주 여사가 차에서 내렸다. 먼저 와서 대기하던 문재인 대통령의 부인 김정숙 여사가 웃으며 리 여사를 맞이했다. 하늘색 정장 차림의 김 여사가 리 여사의 허리를 가볍게 감싸안아 평화의집 1층 로비로 안내했다. 로비에 있던 문 대통령은 리 여사와, 김정은 북한 국무위원장은 김 여사와 악수하며 반갑게 인사를 나눴다. 문 대통령과 김 위원장의 첫 만남에 이어, 남북 정상 부인들도 처음 얼굴을 마주했다. 회담 참석 여부가 베일에 가려 있던 김 위원장의 부인 리 여사가 ‘퍼스트레이디’로서 남쪽 땅에 모습을 드러낸 것이다. 리 여사는 이날 평화의집 3층에서 열린 회담 만찬에 참석하기 위해 남쪽으로 건너왔다.
리 여사는 평화의집 로비에서 처음 대면한 문 대통령과도 서로 말을 섞어가며 환담을 나눴다. 문 대통령이 김 여사와 리 여사에게 “두 분은 인사를 나눴습니까? 우리(문 대통령과 김 위원장)는 하루 사이 친분을 많이 쌓았습니다”라고 하자, 리 여사는 “아침에 남편께서 회담 갔다 오셔서, 문 대통령님과 함께 진실하고 좋은 이야기도 많이 나누고 회담도 잘됐다고 하셔서 정말 기뻤습니다”라고 화답했다. 리 여사는 김 여사가 평화의집을 꾸미는 데 신경썼다는 것을 들었다고 언급하며, “그래서 조금 부끄러웠다. 제가 아무것도 한 것 없이 이렇게 왔는데…”라며 웃었다.
이날 처음 만난 두 정상 부인들은 음악이란 연결고리를 갖고 있다. 김 여사는 성악을 전공했고, 1989년생으로 알려진 리 여사는 북한 은하수관현악단과 모란봉6중창단의 가수 출신이다. 이날 문 대통령이 리 여사에게 “두 분이 전공도 비슷하시기 때문에 남북 문화·예술 교류를 많이 해주시면 좋겠다”고 당부한 것도 그런 이유 때문이다.
리 여사의 이번 ‘만찬 동행’은 외부 노출을 꺼렸던 김정일 국방위원장 시절 부인과는 다른 모습이다. 리 여사 참석은 북한이 이번 회담에 예우를 갖추겠다는 뜻인 동시에, 다른 나라처럼 ‘퍼스트레이디’가 활동하는 정상국가라는 점을 세계에 보여주려는 것으로 보인다. 리 여사는 지난달 25~28일 김 위원장의 중국 방문에 동행해 ‘퍼스트레이디’로서 주목을 받았다. 지난 3월 남측 대북특별사절단 만찬, 지난 1일 남측 예술단 평양 공연에도 김 위원장과 동석했다.","남북 정상 부인들도 첫 상견례
리설주 여사 ‘깜짝’ 만찬동행
김정숙 여사 먼저 나가 마중
27일 오후 6시18분. 군사분계선을 넘은 승용차 한대가 남북정상회담 장소인 판문점 평화의집에 도착했다. 살구색 정장을 입은 리설주 여사가 차에서 내렸다. 먼저 와서 대기하던 문재인 대통령의 부인 김정숙 여사가 웃으며 리 여사를 맞이했다. 하늘색 정장 차림의 김 여사가 리 여사의 허리를 가볍게 감싸안아 평화의집 1층 로비로 안내했다. 로비에 있던 문 대통령은 리 여사와, 김정은 북한 국무위원장은 김 여사와 악수하며 반갑게 인사를 나눴다. 문 대통령과 김 위원장의 첫 만남에 이어, 남북 정상 부인들도 처음 얼굴을 마주했다. 회담 참석 여부가 베일에 가려 있던 김 위원장의 부인 리 여사가 ‘퍼스트레이디’로서 남쪽 땅에 모습을 드러낸 것이다. 리 여사는 이날 평화의집 3층에서 열린 회담 만찬에 참석하기 위해 남쪽으로 건너왔다.
리 여사는 평화의집 로비에서 처음 대면한 문 대통령과도 서로 말을 섞어가며 환담을 나눴다. 문 대통령이 김 여사와 리 여사에게 “두 분은 인사를 나눴습니까? 우리(문 대통령과 김 위원장)는 하루 사이 친분을 많이 쌓았습니다”라고 하자, 리 여사는 “아침에 남편께서 회담 갔다 오셔서, 문 대통령님과 함께 진실하고 좋은 이야기도 많이 나누고 회담도 잘됐다고 하셔서 정말 기뻤습니다”라고 화답했다. 리 여사는 김 여사가 평화의집을 꾸미는 데 신경썼다는 것을 들었다고 언급하며, “그래서 조금 부끄러웠다. 제가 아무것도 한 것 없이 이렇게 왔는데…”라며 웃었다.
이날 처음 만난 두 정상 부인들은 음악이란 연결고리를 갖고 있다. 김 여사는 성악을 전공했고, 1989년생으로 알려진 리 여사는 북한 은하수관현악단과 모란봉6중창단의 가수 출신이다. 이날 문 대통령이 리 여사에게 “두 분이 전공도 비슷하시기 때문에 남북 문화·예술 교류를 많이 해주시면 좋겠다”고 당부한 것도 그런 이유 때문이다.
리 여사의 이번 ‘만찬 동행’은 외부 노출을 꺼렸던 김정일 국방위원장 시절 부인과는 다른 모습이다. 리 여사 참석은 북한이 이번 회담에 예우를 갖추겠다는 뜻인 동시에, 다른 나라처럼 ‘퍼스트레이디’가 활동하는 정상국가라는 점을 세계에 보여주려는 것으로 보인다. 리 여사는 지난달 25~28일 김 위원장의 중국 방문에 동행해 ‘퍼스트레이디’로서 주목을 받았다. 지난 3월 남측 대북특별사절단 만찬, 지난 1일 남측 예술단 평양 공연에도 김 위원장과 동석했다.",4,1161
iks_20180427_hankyoreh_news_009,Hankyoreh news 2018 April 27 corpus.txt,Hankyoreh,한겨레,news,2018-04-27,2018_april_summit,“저는 언제 넘어갈 수 있겠습니까?” “지금 넘어가볼까요”,판문점 12시간 ‘평화의 드라마’,"“저는 언제쯤 넘어갈 수 있겠습니까?”
“그럼, 지금 넘어가볼까요.”
27일 오전 9시30분. 막 군사분계선을 넘어 남쪽으로 내려온 김정은 국무위원장에게 문재인 대통령이 농담처럼 부러움을 표시하자, 김 위원장이 기다렸다는 듯 선뜻 화답했다. 김 위원장은 웃으며 문 대통령의 손을 잡아끌었다. 두 정상은 손을 잡고 가볍게 군사분계선을 넘었다. 북쪽에서 10초가량 머물며 대화를 나누다 다시 남쪽으로 건너왔다. 판문점에서 이날 하루 종일 펼쳐진 ‘평화 드라마’를 예고하는 장면이었다.
이날 두 정상의 만남은 내내 막힘이 없었다. 김 위원장을 맞는 문 대통령은 정중하면서도 따뜻했다. 꾸밈없이 반가움을 전하고 관심사를 꺼냈다. 김 위원장은 활달하면서도 자신감 있는 모습으로 문 대통령에게 화답했다. 민감한 사안에 대해서도 걸걸한 목소리로 진솔하게 말했다. 문 대통령과 김 위원장이 솔직함이라는 ‘공통의 화법’을 구사하는 듯했다,
김 위원장의 활달함은 첫 등장부터 예고됐다. 김 위원장은 9시27분께 북쪽 판문각을 나와 성큼성큼 계단을 내려왔다. 군사분계선 앞에서 기다리던 문 대통령과 악수하면서 환하게 웃었다. “정말 마음 설렘이 그치지 않는다. 이 역사적 장소에서 만나니까, 대통령께서 이렇게 분계선까지 나와서 맞이해주시니 정말 감동스럽다”고 말했다. “여기까지 온 건 위원장님의 아주 큰 용단이었다”는 문 대통령의 말에, “아이, 아닙니다”라고 말하기도 했다.
김 위원장이 군사분계선을 넘는 순간은 극적이었다. 문 대통령이 왼손으로 군사분계선 남쪽을 가리키며 “이쪽으로 오실까요?”라고 권하자 주저하지 않고 왼발을 내밀어 훌쩍 넘어왔다. 북한 최고지도자가 남쪽 땅을 밟기는 분단 이후 처음이다. 김 위원장의 할아버지인 김일성 주석도, 아버지인 김정일 국방위원장도 못했던 일이다. 김 위원장은 돌아서 북녘을 향했다. 잠시 감회에 빠진 듯했다. 김 위원장은 다시 돌아서 문 대통령의 손을 꼭 잡았다.
두 정상은 전통 의장대가 도열한 가운데 ‘자유의 집’ 우회도로를 걸어 사열 장소를 지났다. 빨간 양탄자로 표시된 길을 걸으면서도 대화는 끊이지 않았다. 문 대통령이 “외국 사람들도 우리 전통의장대를 좋아한다. 그런데 오늘 보여드린 전통의장대는 약식이라 아쉽다. 청와대에 오시면 훨씬 좋은 장면을 보여드릴 수 있다”고 말하자, 김 위원장은 “아, 그런가요. 대통령께서 초청해주시면 언제라도 청와대에 가겠다”고 답했다.
의장대 사열은 진지했다. 문 대통령은 중간중간 거수경례를 했고, 김 위원장은 좌우를 응시했다. 사열 중에는 사성곡과 봉황곡이 울려퍼졌다. 두 정상은 사열을 마치고선 수행원들과 일일이 악수를 나눴다. 김 위원장이 “오늘 이 자리에 왔다가 사열 뒤 돌아가야 하는 분들이 있다”고 말하자, 문 대통령이 “그럼 가기 전에 수행원 모두 사진을 찍었으면 좋겠다”고 기념촬영을 제안했다. 역시 예정에 없던 행사였다.
9시41분. 두 정상이 회담장인 평화의 집에 들어섰다. 김 위원장은 전통 해주소반을 본뜬 서명대 의자에 앉아 동생인 김여정 북한 노동당 중앙위원회 제1부부장이 건네준 펜으로 “새로운 력사는 이제부터. 평화의 시대, 력사의 출발점에서. 김정은 2018.4.27”이라고 썼다.
이어 두 정상은 1층 로비에 걸린 ‘북한산’ 그림을 배경으로 기념사진을 찍었다. 사진을 찍은 뒤 두 정상은 그림을 바라보며 30초가량 대화를 나눴다. 문 대통령은 ‘장백폭포’ 그림을 소개하면서 백두산을 가고 싶다는 뜻을 넌지시 전하기도 했다. 문 대통령은 “나는 백두산을 가본 적이 없다. 그런데 중국을 통해 백두산을 가는 분들이 많더라. 나는 북측을 통해 꼭 백두산에 가보고 싶다”고 말했다.
김 위원장의 정상회담 머리발언은 감동과 유머가 교차했다. 김 위원장은 “군사분계선을 넘어서 보니까 사람이 넘기 힘든 높이로 막힌 것도 아니고, 너무나 쉽게 넘어온 역사적인 이 자리까지 11년이 넘었는데, 왜 그렇게 오기 힘들었나 하는 생각이 들었다”고 말했다. 그러면서 “어렵사리 평양냉면을 가지고 왔는데, 이게 멀리서, 멀다고 말하면 안 되겠구나”라고 말해 웃음을 자아냈다.
두 정상은 정상회담을 마친 뒤 헤어졌다. 김 위원장은 경호원들의 호위를 받으며 차량을 타고 군사분계선 북쪽으로 넘어갔다. 김 위원장으로선 네번째 군사분계선 통과였다. 두 정상은 오후 4시27분 기념식수를 하기 위해 다시 만났다. 기념식수는 고 정주영 현대그룹 명예회장이 1998년 6월 소 500마리를 트럭에 태워 방북할 때 지났던 ‘소떼길’ 옆에서 이뤄졌다. 김 위원장은 차량을 타고 남쪽으로 넘어와 문 대통령과 다시 만났다. 이날 다섯번째 군사분계선 통과였다.
두 정상은 미리 심어져 있는 1953년생 소나무 앞에 서서 잠시 대화를 나눴다. 소나무 앞에는 한라산 흙과 백두산 흙, 한강 물과 대동강 물이 놓여 있었다. 두 정상은 흰 장갑을 끼고 각자 삽을 잡았다. 문 대통령은 백두산 흙을, 김 위원장은 한라산 흙을 삽에 퍼서 나무에 세차례 뿌렸다. 문 대통령은 평양 대동강 물을, 김 위원장은 서울 한강 물을 나무에 뿌렸다. ‘합토합수’(合土合水)를 통해 남북 평화와 화합의 의지를 담은 것이다. 기념식수 표지석에는 ‘평화와 번영을 심다’는 글귀와 문 대통령과 김 위원장의 서명이 선명하게 새겨져 있었다.
두 정상은 공동식수 뒤 판문점 안에 있는 도보다리에서 산책을 했다. 4시36분부터 이뤄진 두 정상의 산책은 이번 회담의 하이라이트 가운데 하나였다. 문 대통령과 김 위원장은 도보다리 쪽으로 나란히 걸으며 담소를 주고받았다. 손짓을 섞어가며 대화를 나누다 중간중간 고개를 끄덕이기도 했다. 두 정상은 군사분계선 표지물 왼쪽에 마련된 의자에 앉아 약 40분가량 배석자 없이 얘기를 나눴다. 자리에 앉자 김 위원장은 근접 촬영을 위해 따라붙은 북쪽 기자들에게 ‘잠시 비켜달라’는 듯 손짓을 해 주변을 물리쳤다. 탁자를 앞에 두고 나란히 앉은 두 정상의 간격은 1m도 채 되지 않았다. 전세계가 생중계로 지켜보는 가운데 외교사에 전례를 찾아보기 힘든 ‘공개밀담’이 펼쳐진 것이다.
두 정상의 평화 드라마는 5시40분께 판문점 선언에 서명하면서 마침내 열매를 맺었다. 문 대통령은 평화의 집 앞마당에서 열린 기자회견장에서 “대담하게 오늘의 상황을 만들어내고 통 큰 합의에 동의한 김 위원장의 용기와 결단에 경의를 표한다”고 김 위원장을 치켜세웠다. 이어 연단에 오른 김 위원장은 “하나의 핏줄과 역사, 문화와 언어를 가진 북남은 본래처럼 하나가 돼 끝없는 번영을 누릴 것”이라며 “북남의 전체 인민과 세계가 보는 가운데 서명한 합의가 역대 합의처럼 시작만 뗀 불미스러운 역사를 되풀이하지 않도록 두 사람이 무릎을 마주하고 소통·협력해 반드시 좋은 결실이 맺어지게 노력할 것”이라고 힘줘 말했다.
두 정상은 이어 부부 동반으로 만났다. 문 대통령과 부인 김정숙 여사는 6시16분께 검은색 벤츠를 타고 평화의 집 앞에 도착한 리설주 여사를 맞았다. 남북 정상의 부부 동반 회동은 이번이 처음이다. 문 대통령은 리 여사에게 “매우 반갑다”고 인사를 건넸고, 리 여사는 “이렇게 만나 뵙게 돼서 정말 반갑다”고 화답했다. 리 여사는 “오전에 남편이 회담을 갔다 와서 문 대통령님과 함께 좋은 이야기도 많이 나누고 회담도 잘 됐다고 해서 정말 기뻤다”고 말하기도 했다.
문 대통령 부부와 김 위원장 부부는 기념촬영을 한 뒤 3층 연회장에서 열린 환영만찬에 참석했다. 만찬장에는 해금과 옥류금의 합주로 남쪽에도 익숙한 북한 노래 ‘반갑습니다’가 울려퍼졌다.","“저는 언제 넘어갈 수 있겠습니까?” “지금 넘어가볼까요”
판문점 12시간 ‘평화의 드라마’
“저는 언제쯤 넘어갈 수 있겠습니까?”
“그럼, 지금 넘어가볼까요.”
27일 오전 9시30분. 막 군사분계선을 넘어 남쪽으로 내려온 김정은 국무위원장에게 문재인 대통령이 농담처럼 부러움을 표시하자, 김 위원장이 기다렸다는 듯 선뜻 화답했다. 김 위원장은 웃으며 문 대통령의 손을 잡아끌었다. 두 정상은 손을 잡고 가볍게 군사분계선을 넘었다. 북쪽에서 10초가량 머물며 대화를 나누다 다시 남쪽으로 건너왔다. 판문점에서 이날 하루 종일 펼쳐진 ‘평화 드라마’를 예고하는 장면이었다.
이날 두 정상의 만남은 내내 막힘이 없었다. 김 위원장을 맞는 문 대통령은 정중하면서도 따뜻했다. 꾸밈없이 반가움을 전하고 관심사를 꺼냈다. 김 위원장은 활달하면서도 자신감 있는 모습으로 문 대통령에게 화답했다. 민감한 사안에 대해서도 걸걸한 목소리로 진솔하게 말했다. 문 대통령과 김 위원장이 솔직함이라는 ‘공통의 화법’을 구사하는 듯했다,
김 위원장의 활달함은 첫 등장부터 예고됐다. 김 위원장은 9시27분께 북쪽 판문각을 나와 성큼성큼 계단을 내려왔다. 군사분계선 앞에서 기다리던 문 대통령과 악수하면서 환하게 웃었다. “정말 마음 설렘이 그치지 않는다. 이 역사적 장소에서 만나니까, 대통령께서 이렇게 분계선까지 나와서 맞이해주시니 정말 감동스럽다”고 말했다. “여기까지 온 건 위원장님의 아주 큰 용단이었다”는 문 대통령의 말에, “아이, 아닙니다”라고 말하기도 했다.
김 위원장이 군사분계선을 넘는 순간은 극적이었다. 문 대통령이 왼손으로 군사분계선 남쪽을 가리키며 “이쪽으로 오실까요?”라고 권하자 주저하지 않고 왼발을 내밀어 훌쩍 넘어왔다. 북한 최고지도자가 남쪽 땅을 밟기는 분단 이후 처음이다. 김 위원장의 할아버지인 김일성 주석도, 아버지인 김정일 국방위원장도 못했던 일이다. 김 위원장은 돌아서 북녘을 향했다. 잠시 감회에 빠진 듯했다. 김 위원장은 다시 돌아서 문 대통령의 손을 꼭 잡았다.
두 정상은 전통 의장대가 도열한 가운데 ‘자유의 집’ 우회도로를 걸어 사열 장소를 지났다. 빨간 양탄자로 표시된 길을 걸으면서도 대화는 끊이지 않았다. 문 대통령이 “외국 사람들도 우리 전통의장대를 좋아한다. 그런데 오늘 보여드린 전통의장대는 약식이라 아쉽다. 청와대에 오시면 훨씬 좋은 장면을 보여드릴 수 있다”고 말하자, 김 위원장은 “아, 그런가요. 대통령께서 초청해주시면 언제라도 청와대에 가겠다”고 답했다.
의장대 사열은 진지했다. 문 대통령은 중간중간 거수경례를 했고, 김 위원장은 좌우를 응시했다. 사열 중에는 사성곡과 봉황곡이 울려퍼졌다. 두 정상은 사열을 마치고선 수행원들과 일일이 악수를 나눴다. 김 위원장이 “오늘 이 자리에 왔다가 사열 뒤 돌아가야 하는 분들이 있다”고 말하자, 문 대통령이 “그럼 가기 전에 수행원 모두 사진을 찍었으면 좋겠다”고 기념촬영을 제안했다. 역시 예정에 없던 행사였다.
9시41분. 두 정상이 회담장인 평화의 집에 들어섰다. 김 위원장은 전통 해주소반을 본뜬 서명대 의자에 앉아 동생인 김여정 북한 노동당 중앙위원회 제1부부장이 건네준 펜으로 “새로운 력사는 이제부터. 평화의 시대, 력사의 출발점에서. 김정은 2018.4.27”이라고 썼다.
이어 두 정상은 1층 로비에 걸린 ‘북한산’ 그림을 배경으로 기념사진을 찍었다. 사진을 찍은 뒤 두 정상은 그림을 바라보며 30초가량 대화를 나눴다. 문 대통령은 ‘장백폭포’ 그림을 소개하면서 백두산을 가고 싶다는 뜻을 넌지시 전하기도 했다. 문 대통령은 “나는 백두산을 가본 적이 없다. 그런데 중국을 통해 백두산을 가는 분들이 많더라. 나는 북측을 통해 꼭 백두산에 가보고 싶다”고 말했다.
김 위원장의 정상회담 머리발언은 감동과 유머가 교차했다. 김 위원장은 “군사분계선을 넘어서 보니까 사람이 넘기 힘든 높이로 막힌 것도 아니고, 너무나 쉽게 넘어온 역사적인 이 자리까지 11년이 넘었는데, 왜 그렇게 오기 힘들었나 하는 생각이 들었다”고 말했다. 그러면서 “어렵사리 평양냉면을 가지고 왔는데, 이게 멀리서, 멀다고 말하면 안 되겠구나”라고 말해 웃음을 자아냈다.
두 정상은 정상회담을 마친 뒤 헤어졌다. 김 위원장은 경호원들의 호위를 받으며 차량을 타고 군사분계선 북쪽으로 넘어갔다. 김 위원장으로선 네번째 군사분계선 통과였다. 두 정상은 오후 4시27분 기념식수를 하기 위해 다시 만났다. 기념식수는 고 정주영 현대그룹 명예회장이 1998년 6월 소 500마리를 트럭에 태워 방북할 때 지났던 ‘소떼길’ 옆에서 이뤄졌다. 김 위원장은 차량을 타고 남쪽으로 넘어와 문 대통령과 다시 만났다. 이날 다섯번째 군사분계선 통과였다.
두 정상은 미리 심어져 있는 1953년생 소나무 앞에 서서 잠시 대화를 나눴다. 소나무 앞에는 한라산 흙과 백두산 흙, 한강 물과 대동강 물이 놓여 있었다. 두 정상은 흰 장갑을 끼고 각자 삽을 잡았다. 문 대통령은 백두산 흙을, 김 위원장은 한라산 흙을 삽에 퍼서 나무에 세차례 뿌렸다. 문 대통령은 평양 대동강 물을, 김 위원장은 서울 한강 물을 나무에 뿌렸다. ‘합토합수’(合土合水)를 통해 남북 평화와 화합의 의지를 담은 것이다. 기념식수 표지석에는 ‘평화와 번영을 심다’는 글귀와 문 대통령과 김 위원장의 서명이 선명하게 새겨져 있었다.
두 정상은 공동식수 뒤 판문점 안에 있는 도보다리에서 산책을 했다. 4시36분부터 이뤄진 두 정상의 산책은 이번 회담의 하이라이트 가운데 하나였다. 문 대통령과 김 위원장은 도보다리 쪽으로 나란히 걸으며 담소를 주고받았다. 손짓을 섞어가며 대화를 나누다 중간중간 고개를 끄덕이기도 했다. 두 정상은 군사분계선 표지물 왼쪽에 마련된 의자에 앉아 약 40분가량 배석자 없이 얘기를 나눴다. 자리에 앉자 김 위원장은 근접 촬영을 위해 따라붙은 북쪽 기자들에게 ‘잠시 비켜달라’는 듯 손짓을 해 주변을 물리쳤다. 탁자를 앞에 두고 나란히 앉은 두 정상의 간격은 1m도 채 되지 않았다. 전세계가 생중계로 지켜보는 가운데 외교사에 전례를 찾아보기 힘든 ‘공개밀담’이 펼쳐진 것이다.
두 정상의 평화 드라마는 5시40분께 판문점 선언에 서명하면서 마침내 열매를 맺었다. 문 대통령은 평화의 집 앞마당에서 열린 기자회견장에서 “대담하게 오늘의 상황을 만들어내고 통 큰 합의에 동의한 김 위원장의 용기와 결단에 경의를 표한다”고 김 위원장을 치켜세웠다. 이어 연단에 오른 김 위원장은 “하나의 핏줄과 역사, 문화와 언어를 가진 북남은 본래처럼 하나가 돼 끝없는 번영을 누릴 것”이라며 “북남의 전체 인민과 세계가 보는 가운데 서명한 합의가 역대 합의처럼 시작만 뗀 불미스러운 역사를 되풀이하지 않도록 두 사람이 무릎을 마주하고 소통·협력해 반드시 좋은 결실이 맺어지게 노력할 것”이라고 힘줘 말했다.
두 정상은 이어 부부 동반으로 만났다. 문 대통령과 부인 김정숙 여사는 6시16분께 검은색 벤츠를 타고 평화의 집 앞에 도착한 리설주 여사를 맞았다. 남북 정상의 부부 동반 회동은 이번이 처음이다. 문 대통령은 리 여사에게 “매우 반갑다”고 인사를 건넸고, 리 여사는 “이렇게 만나 뵙게 돼서 정말 반갑다”고 화답했다. 리 여사는 “오전에 남편이 회담을 갔다 와서 문 대통령님과 함께 좋은 이야기도 많이 나누고 회담도 잘 됐다고 해서 정말 기뻤다”고 말하기도 했다.
문 대통령 부부와 김 위원장 부부는 기념촬영을 한 뒤 3층 연회장에서 열린 환영만찬에 참석했다. 만찬장에는 해금과 옥류금의 합주로 남쪽에도 익숙한 북한 노래 ‘반갑습니다’가 울려퍼졌다.",17,3643
iks_20180427_hankyoreh_news_010,Hankyoreh news 2018 April 27 corpus.txt,Hankyoreh,한겨레,news,2018-04-27,2018_april_summit,여야 “역사적 합의” 박수칠 때 한국당만 “북한 주장 받아썼다”,"민주·평화·정의당 “평화 이정표”
바른미래 “실행이 중요” 당부도
한국당 “북 핵포기 의사 안보여
남쪽 일방적 빗장풀기” 깎아내려","문재인 대통령과 김정은 북한 국무위원장이 27일 합의한 ‘한반도의 평화와 번영, 통일을 위한 판문점 선언’을 두고, 자유한국당을 제외한 각 당은 모두 한목소리로 긍정적인 평가를 내놨다. 김현 더불어민주당 대변인은 “남북관계뿐만 아니라 한반도 정세의 대전환점을 만든 역사적 쾌거”라며 “한반도 평화 정착과 공동 번영을 위한 흔들리지 않을 이정표가 될 것”이라고 상찬했다. 최경환 민주평화당 대변인은 “비핵화 로드맵 마련, 평화체제 방향과 일정 제시, 남북관계 회복과 정상화 방안 합의 등 3대 의제에 합의해 큰 성과를 냈다”며 “6·15 남북공동선언, 10·4 선언을 이어 한반도의 운명을 새로 개척한 선언”이라고 평가했다. 이정미 정의당 대표도 “역대 그 어느 회담보다 강력한 평화 조치들이 합의됐다”며 “평화와 번영이라는 새 역사의 이정표가 될 것”이라고 기대했다. 바른미래당은 “완전한 비핵화가 명문화된 것이 의미있다”고 긍정적으로 평가하면서 “구체적 실행방안 합의가 뒤따라야 한다”고 당부했다. 정세균 국회의장도 “양국 정상의 통 크고 담대한 역사적 결단과 합의를 진심으로 환영한다”며 “정치권도 새로운 시대를 열어가는 길에 초당적으로 힘을 모아야 한다”고 강조했다. 반면, 남북정상회담을 ‘위장 평화쇼’라며 견제해온 자유한국당은 “판문점 선언은 국민의 기대를 저버리는 내용”이라고 신랄하게 비판하며 여야 4당과 다소 동떨어진 평가를 내놨다. 전희경 자유한국당 대변인은 “북한의 핵포기 의사는 발견할 수 없으며, 오히려 대한민국의 안보, 경제 면에서의 일방적인 빗장풀기에 지나지 않음을 확인했다”며 “선언문의 상당 부분이 북한의 주장을 별다른 고려 없이 그대로 반영한 것”이라고 논평을 냈다. 홍준표 자유한국당 대표도 페이스북에 글을 올려 “북핵 폐기는 한마디도 꺼내지 못하고 김정은이 불러준 대로 받아 적은 것이 남북정상회담 발표문”이라고 비판했다.
앞서 이날 오전 남북 정상이 11년 만에 만난 순간, 여야 지도부는 정쟁을 잠시 멈추고 방송 중계를 지켜보며 정상회담의 성공을 기원했다. 서울 여의도 국회 본청에서 지도부와 함께 정상회담 중계를 지켜본 추미애 민주당 대표는 두 정상의 첫 만남을 지켜본 뒤 감정에 북받친 듯 여러 차례 울음을 삼켰다.
같은 시각 바른미래당과 민주평화당, 정의당 지도부도 국회 본청의 각당 회의실에 모여 정상회담 중계를 단체 시청했다. 이정미 대표 등 정의당 지도부는 한반도기를 손에 꼭 쥔 채 정상회담을 지켜봤고, 조배숙 대표 등 평화당 지도부는 두 정상이 손을 맞잡을 때 자리에서 일어나 기립박수와 함께 환호를 터뜨렸다. 바른미래당 지도부의 표정은 엇갈렸다. 박주선 공동대표와 하태경 최고위원은 두 정상이 만나 악수를 나눌 때 박수를 치며 성원을 아끼지 않았지만 유승민 공동대표와 일부 최고위원은 중계 내내 굳은 표정을 유지했다.","여야 “역사적 합의” 박수칠 때 한국당만 “북한 주장 받아썼다”
민주·평화·정의당 “평화 이정표”
바른미래 “실행이 중요” 당부도
한국당 “북 핵포기 의사 안보여
남쪽 일방적 빗장풀기” 깎아내려
문재인 대통령과 김정은 북한 국무위원장이 27일 합의한 ‘한반도의 평화와 번영, 통일을 위한 판문점 선언’을 두고, 자유한국당을 제외한 각 당은 모두 한목소리로 긍정적인 평가를 내놨다. 김현 더불어민주당 대변인은 “남북관계뿐만 아니라 한반도 정세의 대전환점을 만든 역사적 쾌거”라며 “한반도 평화 정착과 공동 번영을 위한 흔들리지 않을 이정표가 될 것”이라고 상찬했다. 최경환 민주평화당 대변인은 “비핵화 로드맵 마련, 평화체제 방향과 일정 제시, 남북관계 회복과 정상화 방안 합의 등 3대 의제에 합의해 큰 성과를 냈다”며 “6·15 남북공동선언, 10·4 선언을 이어 한반도의 운명을 새로 개척한 선언”이라고 평가했다. 이정미 정의당 대표도 “역대 그 어느 회담보다 강력한 평화 조치들이 합의됐다”며 “평화와 번영이라는 새 역사의 이정표가 될 것”이라고 기대했다. 바른미래당은 “완전한 비핵화가 명문화된 것이 의미있다”고 긍정적으로 평가하면서 “구체적 실행방안 합의가 뒤따라야 한다”고 당부했다. 정세균 국회의장도 “양국 정상의 통 크고 담대한 역사적 결단과 합의를 진심으로 환영한다”며 “정치권도 새로운 시대를 열어가는 길에 초당적으로 힘을 모아야 한다”고 강조했다. 반면, 남북정상회담을 ‘위장 평화쇼’라며 견제해온 자유한국당은 “판문점 선언은 국민의 기대를 저버리는 내용”이라고 신랄하게 비판하며 여야 4당과 다소 동떨어진 평가를 내놨다. 전희경 자유한국당 대변인은 “북한의 핵포기 의사는 발견할 수 없으며, 오히려 대한민국의 안보, 경제 면에서의 일방적인 빗장풀기에 지나지 않음을 확인했다”며 “선언문의 상당 부분이 북한의 주장을 별다른 고려 없이 그대로 반영한 것”이라고 논평을 냈다. 홍준표 자유한국당 대표도 페이스북에 글을 올려 “북핵 폐기는 한마디도 꺼내지 못하고 김정은이 불러준 대로 받아 적은 것이 남북정상회담 발표문”이라고 비판했다.
앞서 이날 오전 남북 정상이 11년 만에 만난 순간, 여야 지도부는 정쟁을 잠시 멈추고 방송 중계를 지켜보며 정상회담의 성공을 기원했다. 서울 여의도 국회 본청에서 지도부와 함께 정상회담 중계를 지켜본 추미애 민주당 대표는 두 정상의 첫 만남을 지켜본 뒤 감정에 북받친 듯 여러 차례 울음을 삼켰다.
같은 시각 바른미래당과 민주평화당, 정의당 지도부도 국회 본청의 각당 회의실에 모여 정상회담 중계를 단체 시청했다. 이정미 대표 등 정의당 지도부는 한반도기를 손에 꼭 쥔 채 정상회담을 지켜봤고, 조배숙 대표 등 평화당 지도부는 두 정상이 손을 맞잡을 때 자리에서 일어나 기립박수와 함께 환호를 터뜨렸다. 바른미래당 지도부의 표정은 엇갈렸다. 박주선 공동대표와 하태경 최고위원은 두 정상이 만나 악수를 나눌 때 박수를 치며 성원을 아끼지 않았지만 유승민 공동대표와 일부 최고위원은 중계 내내 굳은 표정을 유지했다.",3,1383
iks_20180427_hankyoreh_news_011,Hankyoreh news 2018 April 27 corpus.txt,Hankyoreh,한겨레,news,2018-04-27,2018_april_summit,문 “북측 통해 백두산 가고파” 김 “오시면 편히 모실 것”,"문 대통령-김 위원장 주요 발언
문 “10년 동안 끊어졌던 혈맥 다시 이어”
김 “손 맞잡고 가면 지금보다 나아질 것”
문 “좋은 논의 많이 이뤄 전세계에 선물”
김 “기대하셨던 분들에게 만족 드렸으면”","신중한 화법으로 잘 알려진 문재인 대통령과, 화통한 화법의 김정은 북한 국무위원장. 전혀 다른 캐릭터를 가진 두 정상이지만 ‘평화’라는 하나의 목표를 눈앞에 둔 만큼 대화는 물 흐르듯 이어졌다. 남북정상회담이 열린 27일 두 정상의 판문점 선언 발표와 영상, 윤영찬 청와대 국민소통수석의 브리핑 등으로 전달된 두 정상의 환담 내용을 대화록으로 재구성했다.
남북정상회담 주요 발언
군사분계선 첫 만남 		안녕하십니까? 예, 어서 오세요. 오시는 데 힘들지 않았습니까? (김 위원장께선) 남측으로 오셨는데 저는 언제쯤 (북층으로) 넘어갈 수 있겠습니까? 그럼 지금 넘어가 볼까요?
정상회담을 시작하며		200미터 되는 짤은 거리를 오면서 군사분계선을 넘어서면서 보니까 그 분리선이 사람이 넘기 힘든 높이로 막힌 것도 아니고 (...) 왜 그 시간이 이렇게 오래였나, 왜 이렇게 오기 힘들었나 하는 생각이 들었습니다. (...) 어렵사리 평양에서부터 평양냉면을 가지고 왔습니다. (...) 이게 멀리 온 ... 멀다고 말하면 안 되겠구나. (웃음)  김정은 위원장이 사상 최초로 군사분계선을 넘어오는 순간, 이 판문점은 분단의 상징이 아니라 평화의 상징이 되었습니다. (...) 우리 오늘 대화도 그렇게 통 크게 대화를 나누고, 또 합의에 이르러서 우리 온 민족과 평화를 바라는 이 세계 모든 사람들이게 큰 선물을 만들어 줬으면 좋겠습니다.
오전 정상회담을 마치며		분단선이 높지도 않은데 많은 사람들이 밟고 지나다 보면 없어지지 않겠습니까. 오늘 판문점을 시작으로 평양과 서울, 제주도, 백두산으로 만남이 이어졌으면 좋겠습니다.
#군사분계선에서의 첫인사
김 위원장 안녕하십니까?
문 대통령 예, 어서 오세요. 오시는 데 힘들지 않았습니까?
김 위원장 뭐, 정말 마음 설렘이 그치지 않고요. 이 역사적인 장소에서 만나니까, 또 대통령께서 이렇게 분계선까지 나와서 맞이해 주시니 정말 감동스럽습니다.
문 대통령 여기까지 온 건 위원장님의 아주 큰 용단이었습니다.
김 위원장 아이, 아닙니다.
문 대통령 역사적인 순간을 맞이하고 있습니다.
김 위원장 반갑습니다.
문 대통령 이쪽으로 오실까요? (김 위원장, 군사분계선 남쪽으로 이동)
문 대통령 (김 위원장께선) 남측으로 오셨는데 저는 언제쯤 (북쪽으로) 넘어갈 수 있겠습니까?
김 위원장 그럼 지금 넘어가 볼까요? (두 정상, 군사분계선 넘었다가 다시 건너옴)
#의장대 사열 전후
문 대통령 외국(손님들)도 전통의장대를 좋아합니다. 그런데 오늘 보여준 전통의장대는 약식이라 아쉽습니다. 청와대로 오시면 훨씬 좋은 장면을 보여드릴 수 있습니다.
김 위원장 아, 그런가요. 대통령께서 초청해 주시면 언제라도 청와대에 가겠습니다.
#평화의집 환담장
문 대통령 여기까지 어떻게 오셨습니까?
김 위원장 새벽에 차를 이용해 개성을 거쳐 왔습니다. 대통령께서도 아침에 일찍 출발하셨겠습니다.
문 대통령 저는 불과 52㎞ 떨어져 있어 한 시간 정도 걸렸습니다.
김 위원장 대통령께서 우리 때문에 엔에스시(NSC, 국가안보회의)에 참석하시느라 새벽잠을 많이 설쳤다는데, 새벽에 일어나는 게 습관이 되셨겠다.(웃음)
문 대통령 김 위원장께서 우리 특사단이 갔을 때 선제적으로 말씀을 주셔서 앞으로 발 뻗고 자겠습니다.
김 위원장 대통령께서 새벽잠을 설치지 않도록 제가 확인하겠습니다. 불과 200미터를 오면서 왜 이리 멀어 보였을까, 또 왜 이리 어려웠을까 생각했습니다. 원래 평양에서 문 대통령님을 만날 줄 알았는데 여기서 만난 것이 더 잘됐습니다. 대결의 상징인 장소에서 많은 사람들이 기대를 가지고 보고 있습니다. 오면서 보니 실향민들과 탈북자, 연평도 주민 등 언제 북한군의 포격이 날아오지 않을까 불안해하던 분들도 오늘 우리 만남에 기대를 가지고 있는 것을 봤습니다. 이 기회를 소중히 해서 남북 사이에 상처가 치유되는 계기가 되었으면 좋겠습니다.
문 대통령 저는 백두산을 가본 적이 없습니다. 그런데 중국 쪽으로 백두산을 가는 분들이 많습니다. 저는 북측을 통해서 꼭 백두산에 가보고 싶습니다.
김 위원장 문 대통령이 오시면 솔직히 걱정스러운 것이 우리 교통이 불비해서 불편을 드릴 것 같습니다. 평창 올림픽에 갔다 온 분들이 말하는데 평창 고속열차가 다 좋다고 합니다. 남측의 이런 환영에 있다가 북에 오면 참으로 민망스러울 수 있겠습니다. 우리도 준비해서 대통령이 오시면 편히 모실 수 있게 하겠습니다.
문 대통령 앞으로 북측과 철도가 연결되면 남북이 모두 고속철도를 이용할 수 있습니다. 이런 것이 6·15, 10·4 합의서에 담겨 있는데 10년 세월 동안 그리 실천하지 못했습니다. 남북관계가 완전히 달라져 그 맥이 끊어진 것이 한스럽습니다. 김 위원장께서 큰 용단으로 10년 동안 끊어졌던 혈맥을 오늘 다시 이었습니다.
김 위원장 짧게 걸어오면서 정말 11년이나 걸렸나, 라고 생각을 했습니다. 그런 우리가 11년간 못한 것을 100여일 만에 줄기차게 달려왔습니다. 굳은 의지로 함께 손잡고 가면 지금보다야 못해질 수 있겠습니까. 대통령님을 제가 여기서 만나면 불편하지 않을까 생각했는데 그래도 친서와 특사를 통해 사전에 대화를 해보니 마음이 편합니다. 서로에 대한 신뢰와 믿음이 중요합니다.
#정상회담 오전 회동 머리발언
김 위원장 오기 전에 보니까 오늘 저녁에 만찬 음식 가지고 많이 얘기하는데, 어렵사리 평양에서부터 평양냉면을 가지고 왔습니다. 가지고 왔는데 대통령께서 편한 마음으로 평양냉면, 이게 멀리서 온…, 멀다고 말하면 안 되겠구나.(웃음) 좀 맛있게 드셨으면 좋겠습니다.
오늘 정말 허심탄회하게, 진지하게, 솔직하게, 이런 마음가짐으로 문재인 대통령님과 좋은 이야기를 하고, 또 반드시 필요한 이야기를 하고, 그래서 좋은 결과를 만들어내겠다는 걸 문재인 대통령 앞에도 말씀드리고, 기자 여러분들한테도 말씀드립니다. 감사합니다. (박수)
문 대통령 오늘 우리 만남을 축하하듯이 날씨도 아주 화창합니다. 우리 한반도에 봄이 한창입니다. 한반도의 봄, 온 세계가 주목을 하고 있습니다. 전세계의 눈과 귀가 여기 판문점에 쏠려 있습니다.
우리 오늘 대화도 그렇게 통 크게 대화를 나누고, 또 합의에 이르러서 우리 온 민족과 평화를 바라는 이 세계 모든 사람들에게 큰 선물을 만들어 줬으면 좋겠습니다. 오늘 하루 종일 이야기할 수 있는 시간이 있는 만큼 10년 동안 못다한 이야기 오늘 충분히 나눌 수 있기를 바랍니다. (일동 웃음)
#정상회담 오전 회동 마무리발언
김 위원장 내가 말씀드리자면 고저 비행기로 오시면 제일 편안하시니까. 우리 도로라는 게, 아까도 말씀드렸지만 불편합니다. 제가 오늘 내려와 보니까 이제 오시면 이제 공항에서 영접의식을 하고 이렇게 하면, 잘될 것 같습니다.
문 대통령 그 정도는 또 남겨놓고 닥쳐서 논의하는 맛도 있어야죠.(웃음)
김 위원장 (웃음) 오늘 여기서 다음 계획까지 다 할 필요는 없지요.
문 대통령 오늘 아주 좋은 논의를 많이 이뤄서, 우리 남북의 국민들에게, 전세계 사람들에게 아주 좋은 선물이 될 것 같습니다.
김 위원장 많이 기대하셨던 분들한테 물론 이제 시작에, 빙산의 일각에 지나지 않겠지만 우리 오늘 첫 만남과 오늘 이야기된 게 발표되고 하면, 기대하셨던 분들이 조금이나마 기대에 만족을 드렸으면 하는 바람입니다.
문 대통령 오후에 식수 행사 하고, 짧은 시간이어도 대화할 시간이 있을 것 같습니다.
김 위원장 수고 많으셨습니다. 오후에 뵙겠습니다.
#오후 소떼길에 공동기념식수
김 위원장 어렵게 찾아온 북과 남의 새봄을 소중히 하고 잘 키워나가야 한다고 (생각합니다).
문 대통령 소나무를 심은 것이 아니라 평화와 번영을 심은 것이다.
김 위원장 표지석 문구가 아주 훌륭합니다. (표지석 문구는 ‘평화와 번영을 심다’로 문 대통령이 고안한 것이다.)
#도보다리에서 배석 없이 공개 밀담
수행원 없이 도보다리까지 산책한 뒤 두 정상은 약 40분간 배석자 없이 대화를 나눴다. 문 대통령이 말할 때 김 위원장은 고개를 끄덕이기도 했고, 김 위원장이 발언할 때는 문 대통령이 안경을 올리는 등 경청하는 모습을 보였다.
#평화의집 앞에서 판문점 선언 발표
문 대통령 존경하는 남과 북의 국민 여러분. 해외 동포 여러분. 김정은 위원장과 나는 평화를 바라는 8천만 겨레의 염원으로 역사적인 만남을 갖고 귀중한 합의를 이뤘습니다. 한반도에 더 이상 전쟁은 없을 것이며 새로운 평화의 시대가 열리고 있음을 함께 선언하였습니다. (중략) 김정은 위원장과 나는 서로에 대한 굳건한 믿음으로 평화와 번영, 통일을 위해 정기적인 회담과 직통 전화를 통해 수시로 논의할 것입니다. 이제 우리는 결코 뒤돌아 가지 않을 것입니다. (중략) 지금까지 정상회담 후 북측의 최고 지도자가 직접 세계의 언론 앞에 서서 공동 발표하는 것은 사상 처음인 것으로 압니다. 대담하고 용기있는 결정 내려준 김정은 위원장에 박수 보냅니다. 감사합니다.
김 위원장 저와 문재인 대통령은 분열의 비극과 통일의 열망이 동결돼 있는 이곳 판문점에서 역사적 책임 사명감을 안고 첫 회담을 가졌습니다. (중략) 저와 문재인 대통령은 우리 상봉 간절히 바라고 열렬히 지지해준 북남 온겨레의 소망과 기대를 무겁게 받아들이고 북남 인민들이 절실히 바라는 문제 해결 위해 많은 의제를 진지하게 논의했습니다. 무엇보다도 온 겨레가 전쟁 없는 평화로운 땅에서 번영과 행복을 누리는 새 시대를 열어나갈 확고한 의지를 같이하고 실천적 대책에 합의했습니다. (중략) 판문점 선언이 지금 우리의 회담 결과를 간절한 마음으로 지켜보는 여러분의 기대에 조금이나마 보답하고 새 희망 기쁨 주게 되기를 바랍니다.
#만찬
문 대통령 역사적 사명감으로 우리의 어깨는 무거웠지만 매우 보람있는 하루였습니다. 북측 속담에 ‘한 가마 먹은 사람이 한 울음 운다’고 했습니다. 우리는 찾아준 손님에게 따듯한 밥 한끼 대접해야 마음이 놓이는 민족입니다. 오늘 귀한 손님들과 마음을 터놓는 대화를 나누고 귀중한 합의와 함께 맛있는 저녁을 하게 돼 기쁩니다.
오늘 회담의 성공을 위해 전력을 다해주신 남북 관계자 여러분 수고하셨습니다. 하나의 봄을 기다려 오신 남북 8천만 겨레 모두 고맙습니다. 김정은 위원장과 나는 정기적인 회담과 직통 전화로 대화하고 의논하며 믿음을 키워 나갈 것입니다. 북측에서는 건배를 어떻게 하는지 모르겠지만 저는 ‘위하여’라고 하겠습니다. ‘남과 북이 자유롭게 오갈 수 있는 그날을 위하여’.
김 위원장 오늘 나는 문재인 대통령과 역사적인 상봉을, 그것도 분단을 상징하는 여기 판문점에서 진행하고, 짧은 하루였지만 많은 대화를 나눴으며 의미 있는 합의를 이뤘습니다. 오늘의 이 소중한 결실은 온 겨레에 커다란 기쁨과 희망을 안겨주게 될 것이며 조선반도의 평화를 바라는 국제사회의 지지와 공감을 불러일으키게 될 것이라고 생각합니다. 새로운 역사를 만들어 나가기 위해 많은 고심 속에 검토하시는 문 대통령님, 그리고 김정숙 여사님, 남측의 여러분들, 그리고 여기에 참가한 모든 분들의 건강을 위해서 잔을 들 것을 제안합니다. 감사합니다.","문 “북측 통해 백두산 가고파” 김 “오시면 편히 모실 것”
문 대통령-김 위원장 주요 발언
문 “10년 동안 끊어졌던 혈맥 다시 이어”
김 “손 맞잡고 가면 지금보다 나아질 것”
문 “좋은 논의 많이 이뤄 전세계에 선물”
김 “기대하셨던 분들에게 만족 드렸으면”
신중한 화법으로 잘 알려진 문재인 대통령과, 화통한 화법의 김정은 북한 국무위원장. 전혀 다른 캐릭터를 가진 두 정상이지만 ‘평화’라는 하나의 목표를 눈앞에 둔 만큼 대화는 물 흐르듯 이어졌다. 남북정상회담이 열린 27일 두 정상의 판문점 선언 발표와 영상, 윤영찬 청와대 국민소통수석의 브리핑 등으로 전달된 두 정상의 환담 내용을 대화록으로 재구성했다.
남북정상회담 주요 발언
군사분계선 첫 만남 		안녕하십니까? 예, 어서 오세요. 오시는 데 힘들지 않았습니까? (김 위원장께선) 남측으로 오셨는데 저는 언제쯤 (북층으로) 넘어갈 수 있겠습니까? 그럼 지금 넘어가 볼까요?
정상회담을 시작하며		200미터 되는 짤은 거리를 오면서 군사분계선을 넘어서면서 보니까 그 분리선이 사람이 넘기 힘든 높이로 막힌 것도 아니고 (...) 왜 그 시간이 이렇게 오래였나, 왜 이렇게 오기 힘들었나 하는 생각이 들었습니다. (...) 어렵사리 평양에서부터 평양냉면을 가지고 왔습니다. (...) 이게 멀리 온 ... 멀다고 말하면 안 되겠구나. (웃음)  김정은 위원장이 사상 최초로 군사분계선을 넘어오는 순간, 이 판문점은 분단의 상징이 아니라 평화의 상징이 되었습니다. (...) 우리 오늘 대화도 그렇게 통 크게 대화를 나누고, 또 합의에 이르러서 우리 온 민족과 평화를 바라는 이 세계 모든 사람들이게 큰 선물을 만들어 줬으면 좋겠습니다.
오전 정상회담을 마치며		분단선이 높지도 않은데 많은 사람들이 밟고 지나다 보면 없어지지 않겠습니까. 오늘 판문점을 시작으로 평양과 서울, 제주도, 백두산으로 만남이 이어졌으면 좋겠습니다.
#군사분계선에서의 첫인사
김 위원장 안녕하십니까?
문 대통령 예, 어서 오세요. 오시는 데 힘들지 않았습니까?
김 위원장 뭐, 정말 마음 설렘이 그치지 않고요. 이 역사적인 장소에서 만나니까, 또 대통령께서 이렇게 분계선까지 나와서 맞이해 주시니 정말 감동스럽습니다.
문 대통령 여기까지 온 건 위원장님의 아주 큰 용단이었습니다.
김 위원장 아이, 아닙니다.
문 대통령 역사적인 순간을 맞이하고 있습니다.
김 위원장 반갑습니다.
문 대통령 이쪽으로 오실까요? (김 위원장, 군사분계선 남쪽으로 이동)
문 대통령 (김 위원장께선) 남측으로 오셨는데 저는 언제쯤 (북쪽으로) 넘어갈 수 있겠습니까?
김 위원장 그럼 지금 넘어가 볼까요? (두 정상, 군사분계선 넘었다가 다시 건너옴)
#의장대 사열 전후
문 대통령 외국(손님들)도 전통의장대를 좋아합니다. 그런데 오늘 보여준 전통의장대는 약식이라 아쉽습니다. 청와대로 오시면 훨씬 좋은 장면을 보여드릴 수 있습니다.
김 위원장 아, 그런가요. 대통령께서 초청해 주시면 언제라도 청와대에 가겠습니다.
#평화의집 환담장
문 대통령 여기까지 어떻게 오셨습니까?
김 위원장 새벽에 차를 이용해 개성을 거쳐 왔습니다. 대통령께서도 아침에 일찍 출발하셨겠습니다.
문 대통령 저는 불과 52㎞ 떨어져 있어 한 시간 정도 걸렸습니다.
김 위원장 대통령께서 우리 때문에 엔에스시(NSC, 국가안보회의)에 참석하시느라 새벽잠을 많이 설쳤다는데, 새벽에 일어나는 게 습관이 되셨겠다.(웃음)
문 대통령 김 위원장께서 우리 특사단이 갔을 때 선제적으로 말씀을 주셔서 앞으로 발 뻗고 자겠습니다.
김 위원장 대통령께서 새벽잠을 설치지 않도록 제가 확인하겠습니다. 불과 200미터를 오면서 왜 이리 멀어 보였을까, 또 왜 이리 어려웠을까 생각했습니다. 원래 평양에서 문 대통령님을 만날 줄 알았는데 여기서 만난 것이 더 잘됐습니다. 대결의 상징인 장소에서 많은 사람들이 기대를 가지고 보고 있습니다. 오면서 보니 실향민들과 탈북자, 연평도 주민 등 언제 북한군의 포격이 날아오지 않을까 불안해하던 분들도 오늘 우리 만남에 기대를 가지고 있는 것을 봤습니다. 이 기회를 소중히 해서 남북 사이에 상처가 치유되는 계기가 되었으면 좋겠습니다.
문 대통령 저는 백두산을 가본 적이 없습니다. 그런데 중국 쪽으로 백두산을 가는 분들이 많습니다. 저는 북측을 통해서 꼭 백두산에 가보고 싶습니다.
김 위원장 문 대통령이 오시면 솔직히 걱정스러운 것이 우리 교통이 불비해서 불편을 드릴 것 같습니다. 평창 올림픽에 갔다 온 분들이 말하는데 평창 고속열차가 다 좋다고 합니다. 남측의 이런 환영에 있다가 북에 오면 참으로 민망스러울 수 있겠습니다. 우리도 준비해서 대통령이 오시면 편히 모실 수 있게 하겠습니다.
문 대통령 앞으로 북측과 철도가 연결되면 남북이 모두 고속철도를 이용할 수 있습니다. 이런 것이 6·15, 10·4 합의서에 담겨 있는데 10년 세월 동안 그리 실천하지 못했습니다. 남북관계가 완전히 달라져 그 맥이 끊어진 것이 한스럽습니다. 김 위원장께서 큰 용단으로 10년 동안 끊어졌던 혈맥을 오늘 다시 이었습니다.
김 위원장 짧게 걸어오면서 정말 11년이나 걸렸나, 라고 생각을 했습니다. 그런 우리가 11년간 못한 것을 100여일 만에 줄기차게 달려왔습니다. 굳은 의지로 함께 손잡고 가면 지금보다야 못해질 수 있겠습니까. 대통령님을 제가 여기서 만나면 불편하지 않을까 생각했는데 그래도 친서와 특사를 통해 사전에 대화를 해보니 마음이 편합니다. 서로에 대한 신뢰와 믿음이 중요합니다.
#정상회담 오전 회동 머리발언
김 위원장 오기 전에 보니까 오늘 저녁에 만찬 음식 가지고 많이 얘기하는데, 어렵사리 평양에서부터 평양냉면을 가지고 왔습니다. 가지고 왔는데 대통령께서 편한 마음으로 평양냉면, 이게 멀리서 온…, 멀다고 말하면 안 되겠구나.(웃음) 좀 맛있게 드셨으면 좋겠습니다.
오늘 정말 허심탄회하게, 진지하게, 솔직하게, 이런 마음가짐으로 문재인 대통령님과 좋은 이야기를 하고, 또 반드시 필요한 이야기를 하고, 그래서 좋은 결과를 만들어내겠다는 걸 문재인 대통령 앞에도 말씀드리고, 기자 여러분들한테도 말씀드립니다. 감사합니다. (박수)
문 대통령 오늘 우리 만남을 축하하듯이 날씨도 아주 화창합니다. 우리 한반도에 봄이 한창입니다. 한반도의 봄, 온 세계가 주목을 하고 있습니다. 전세계의 눈과 귀가 여기 판문점에 쏠려 있습니다.
우리 오늘 대화도 그렇게 통 크게 대화를 나누고, 또 합의에 이르러서 우리 온 민족과 평화를 바라는 이 세계 모든 사람들에게 큰 선물을 만들어 줬으면 좋겠습니다. 오늘 하루 종일 이야기할 수 있는 시간이 있는 만큼 10년 동안 못다한 이야기 오늘 충분히 나눌 수 있기를 바랍니다. (일동 웃음)
#정상회담 오전 회동 마무리발언
김 위원장 내가 말씀드리자면 고저 비행기로 오시면 제일 편안하시니까. 우리 도로라는 게, 아까도 말씀드렸지만 불편합니다. 제가 오늘 내려와 보니까 이제 오시면 이제 공항에서 영접의식을 하고 이렇게 하면, 잘될 것 같습니다.
문 대통령 그 정도는 또 남겨놓고 닥쳐서 논의하는 맛도 있어야죠.(웃음)
김 위원장 (웃음) 오늘 여기서 다음 계획까지 다 할 필요는 없지요.
문 대통령 오늘 아주 좋은 논의를 많이 이뤄서, 우리 남북의 국민들에게, 전세계 사람들에게 아주 좋은 선물이 될 것 같습니다.
김 위원장 많이 기대하셨던 분들한테 물론 이제 시작에, 빙산의 일각에 지나지 않겠지만 우리 오늘 첫 만남과 오늘 이야기된 게 발표되고 하면, 기대하셨던 분들이 조금이나마 기대에 만족을 드렸으면 하는 바람입니다.
문 대통령 오후에 식수 행사 하고, 짧은 시간이어도 대화할 시간이 있을 것 같습니다.
김 위원장 수고 많으셨습니다. 오후에 뵙겠습니다.
#오후 소떼길에 공동기념식수
김 위원장 어렵게 찾아온 북과 남의 새봄을 소중히 하고 잘 키워나가야 한다고 (생각합니다).
문 대통령 소나무를 심은 것이 아니라 평화와 번영을 심은 것이다.
김 위원장 표지석 문구가 아주 훌륭합니다. (표지석 문구는 ‘평화와 번영을 심다’로 문 대통령이 고안한 것이다.)
#도보다리에서 배석 없이 공개 밀담
수행원 없이 도보다리까지 산책한 뒤 두 정상은 약 40분간 배석자 없이 대화를 나눴다. 문 대통령이 말할 때 김 위원장은 고개를 끄덕이기도 했고, 김 위원장이 발언할 때는 문 대통령이 안경을 올리는 등 경청하는 모습을 보였다.
#평화의집 앞에서 판문점 선언 발표
문 대통령 존경하는 남과 북의 국민 여러분. 해외 동포 여러분. 김정은 위원장과 나는 평화를 바라는 8천만 겨레의 염원으로 역사적인 만남을 갖고 귀중한 합의를 이뤘습니다. 한반도에 더 이상 전쟁은 없을 것이며 새로운 평화의 시대가 열리고 있음을 함께 선언하였습니다. (중략) 김정은 위원장과 나는 서로에 대한 굳건한 믿음으로 평화와 번영, 통일을 위해 정기적인 회담과 직통 전화를 통해 수시로 논의할 것입니다. 이제 우리는 결코 뒤돌아 가지 않을 것입니다. (중략) 지금까지 정상회담 후 북측의 최고 지도자가 직접 세계의 언론 앞에 서서 공동 발표하는 것은 사상 처음인 것으로 압니다. 대담하고 용기있는 결정 내려준 김정은 위원장에 박수 보냅니다. 감사합니다.
김 위원장 저와 문재인 대통령은 분열의 비극과 통일의 열망이 동결돼 있는 이곳 판문점에서 역사적 책임 사명감을 안고 첫 회담을 가졌습니다. (중략) 저와 문재인 대통령은 우리 상봉 간절히 바라고 열렬히 지지해준 북남 온겨레의 소망과 기대를 무겁게 받아들이고 북남 인민들이 절실히 바라는 문제 해결 위해 많은 의제를 진지하게 논의했습니다. 무엇보다도 온 겨레가 전쟁 없는 평화로운 땅에서 번영과 행복을 누리는 새 시대를 열어나갈 확고한 의지를 같이하고 실천적 대책에 합의했습니다. (중략) 판문점 선언이 지금 우리의 회담 결과를 간절한 마음으로 지켜보는 여러분의 기대에 조금이나마 보답하고 새 희망 기쁨 주게 되기를 바랍니다.
#만찬
문 대통령 역사적 사명감으로 우리의 어깨는 무거웠지만 매우 보람있는 하루였습니다. 북측 속담에 ‘한 가마 먹은 사람이 한 울음 운다’고 했습니다. 우리는 찾아준 손님에게 따듯한 밥 한끼 대접해야 마음이 놓이는 민족입니다. 오늘 귀한 손님들과 마음을 터놓는 대화를 나누고 귀중한 합의와 함께 맛있는 저녁을 하게 돼 기쁩니다.
오늘 회담의 성공을 위해 전력을 다해주신 남북 관계자 여러분 수고하셨습니다. 하나의 봄을 기다려 오신 남북 8천만 겨레 모두 고맙습니다. 김정은 위원장과 나는 정기적인 회담과 직통 전화로 대화하고 의논하며 믿음을 키워 나갈 것입니다. 북측에서는 건배를 어떻게 하는지 모르겠지만 저는 ‘위하여’라고 하겠습니다. ‘남과 북이 자유롭게 오갈 수 있는 그날을 위하여’.
김 위원장 오늘 나는 문재인 대통령과 역사적인 상봉을, 그것도 분단을 상징하는 여기 판문점에서 진행하고, 짧은 하루였지만 많은 대화를 나눴으며 의미 있는 합의를 이뤘습니다. 오늘의 이 소중한 결실은 온 겨레에 커다란 기쁨과 희망을 안겨주게 될 것이며 조선반도의 평화를 바라는 국제사회의 지지와 공감을 불러일으키게 될 것이라고 생각합니다. 새로운 역사를 만들어 나가기 위해 많은 고심 속에 검토하시는 문 대통령님, 그리고 김정숙 여사님, 남측의 여러분들, 그리고 여기에 참가한 모든 분들의 건강을 위해서 잔을 들 것을 제안합니다. 감사합니다.",56,5362
iks_20180427_hankyoreh_news_012,Hankyoreh news 2018 April 27 corpus.txt,Hankyoreh,한겨레,news,2018-04-27,2018_april_summit,두 정상 포옹에 감탄사…‘냉면 농담’엔 웃음 터진 프레스센터,"킨텍스 프레스센터의 표정
38개국 3071명 취재진 몰려
‘남북땅 넘나들기’ 명장면 꼽아
화면 가리는 북한 사진기자들에
“취재 시스템 잘 몰라 그럴 수도”","2000년과 2007년에 이어 11년 만에 남북 정상이 손을 맞잡은 27일 오전 9시29분, 한국을 포함해 38개국, 3071명의 기자가 모인 경기도 고양시 킨텍스의 메인프레스센터에서도 박수가 터져나왔다. 국내 취재진을 제외하고도 198개 국외 언론사에서 929명이 취재 등록을 했을 정도로, 세계 언론이 함께 지켜본 순간이었다.
프레스센터에서 만난 외신기자들은 하나같이 남북 정상이 군사분계선을 넘나들며 남쪽과 북쪽 땅을 번갈아 밟는 모습에서 강렬한 인상을 받았다고 했다. 캐나다 <글로브 앤 메일>의 네이선 밴더클리프 기자는 “두 정상이 오전에 몸으로 보여준 ‘보디랭귀지’는 장관이었다. 남과 북이 많이 가까워졌다고 느꼈다”고 말했다. 홍콩 주간지 <주간봉황>의 치페이 기자도 “가장 인상깊은 장면이었다. 첫 발걸음으로 통일을 이루긴 어렵겠지만, 궁극적으로 통일로 다가설 수 있다고 생각한다”고 말했다. 나이지리아에서 왔다는 제임스 칼루 <디플로마 매거진> 기자는 “모든 과정이 감동적이었지만, 이 정상회담을 상징적으로 보여준 장면”이라고 평가했다.
이날 두 정상의 움직임 하나하나에 프레스센터가 출렁였다. 김 위원장이 오전 회담에 들어가기 전 머리발언에서 “평양냉면을 가져왔다. 멀리 온… 멀다고 말하면 안 되갔구나”라고 건넨 농담에 기자들도 함께 웃었고, ‘판문점 선언’ 발표에 앞서 두 정상이 끌어안을 때는 “오!” 하는 탄성이 터졌다. 한국 입양인 관련 미국 잡지사에서 일하는 스티븐 워로우 기자는 “김 위원장의 자연스러운 모습을 보고, 그도 ‘평범한 사람’이라고 느꼈다”고 평가했다. 중국 베이징에 주재하며 여러번 평양 취재를 다녀왔다는 마쓰모토 야스지 <교도통신> 기자는 “생중계되는 상황에서 농담하는 김 위원장의 모습은 ‘최고영도자’로 신성시되는 평양에선 볼 수 없는 장면”이라며 “평양냉면에 대한 농담이나, (북한 포격 위험 때문에) 연평도에서 불안해하는 사람이 없어지면 좋겠다는 발언 등을 보면, 한국 쪽이 무엇에 관심이 있는지 파악해 준비했다는 인상을 받았다”고 말했다. 터키 출신 시나시 알파고 <자만 아메리카> 기자는 “북한이 이번 회담을 통해 달라진 모습을 보여줘야겠다는 생각을 한 것 같다”고 말했다.
한편, 이날 북한 취재진이 자아낸 돌발 상황도 각국 언론의 흥미를 끌었다. 돌발 상황은 두 정상이 오전 회담을 위해 남쪽 평화의집에 들어선 뒤 한쪽 벽에 걸린 ‘북한산’ 그림 앞에서 기념 촬영을 할 때 벌어졌다. 두 정상을 비춰야 할 생중계 카메라 화면이 북한 사진기자의 엉덩이에 통째로 가려지는 상황이 발생하자, 프레스센터는 웃음소리로 들썩였다. 일본 <아사히신문> 가미야 다케시 기자는 “북한 기자들은 이런 시스템을 잘 모를 수도 있겠다고 생각했다”고 말했다.","두 정상 포옹에 감탄사…‘냉면 농담’엔 웃음 터진 프레스센터
킨텍스 프레스센터의 표정
38개국 3071명 취재진 몰려
‘남북땅 넘나들기’ 명장면 꼽아
화면 가리는 북한 사진기자들에
“취재 시스템 잘 몰라 그럴 수도”
2000년과 2007년에 이어 11년 만에 남북 정상이 손을 맞잡은 27일 오전 9시29분, 한국을 포함해 38개국, 3071명의 기자가 모인 경기도 고양시 킨텍스의 메인프레스센터에서도 박수가 터져나왔다. 국내 취재진을 제외하고도 198개 국외 언론사에서 929명이 취재 등록을 했을 정도로, 세계 언론이 함께 지켜본 순간이었다.
프레스센터에서 만난 외신기자들은 하나같이 남북 정상이 군사분계선을 넘나들며 남쪽과 북쪽 땅을 번갈아 밟는 모습에서 강렬한 인상을 받았다고 했다. 캐나다 <글로브 앤 메일>의 네이선 밴더클리프 기자는 “두 정상이 오전에 몸으로 보여준 ‘보디랭귀지’는 장관이었다. 남과 북이 많이 가까워졌다고 느꼈다”고 말했다. 홍콩 주간지 <주간봉황>의 치페이 기자도 “가장 인상깊은 장면이었다. 첫 발걸음으로 통일을 이루긴 어렵겠지만, 궁극적으로 통일로 다가설 수 있다고 생각한다”고 말했다. 나이지리아에서 왔다는 제임스 칼루 <디플로마 매거진> 기자는 “모든 과정이 감동적이었지만, 이 정상회담을 상징적으로 보여준 장면”이라고 평가했다.
이날 두 정상의 움직임 하나하나에 프레스센터가 출렁였다. 김 위원장이 오전 회담에 들어가기 전 머리발언에서 “평양냉면을 가져왔다. 멀리 온… 멀다고 말하면 안 되갔구나”라고 건넨 농담에 기자들도 함께 웃었고, ‘판문점 선언’ 발표에 앞서 두 정상이 끌어안을 때는 “오!” 하는 탄성이 터졌다. 한국 입양인 관련 미국 잡지사에서 일하는 스티븐 워로우 기자는 “김 위원장의 자연스러운 모습을 보고, 그도 ‘평범한 사람’이라고 느꼈다”고 평가했다. 중국 베이징에 주재하며 여러번 평양 취재를 다녀왔다는 마쓰모토 야스지 <교도통신> 기자는 “생중계되는 상황에서 농담하는 김 위원장의 모습은 ‘최고영도자’로 신성시되는 평양에선 볼 수 없는 장면”이라며 “평양냉면에 대한 농담이나, (북한 포격 위험 때문에) 연평도에서 불안해하는 사람이 없어지면 좋겠다는 발언 등을 보면, 한국 쪽이 무엇에 관심이 있는지 파악해 준비했다는 인상을 받았다”고 말했다. 터키 출신 시나시 알파고 <자만 아메리카> 기자는 “북한이 이번 회담을 통해 달라진 모습을 보여줘야겠다는 생각을 한 것 같다”고 말했다.
한편, 이날 북한 취재진이 자아낸 돌발 상황도 각국 언론의 흥미를 끌었다. 돌발 상황은 두 정상이 오전 회담을 위해 남쪽 평화의집에 들어선 뒤 한쪽 벽에 걸린 ‘북한산’ 그림 앞에서 기념 촬영을 할 때 벌어졌다. 두 정상을 비춰야 할 생중계 카메라 화면이 북한 사진기자의 엉덩이에 통째로 가려지는 상황이 발생하자, 프레스센터는 웃음소리로 들썩였다. 일본 <아사히신문> 가미야 다케시 기자는 “북한 기자들은 이런 시스템을 잘 모를 수도 있겠다고 생각했다”고 말했다.",4,1340
iks_20180427_hankyoreh_news_013,Hankyoreh news 2018 April 27 corpus.txt,Hankyoreh,한겨레,news,2018-04-27,2018_april_summit,"“아, 멀다고 말하면 안 되갔구나…” 농담도 거침없던 김정은","솔직·대담한 스타일 과시
만찬 오를 평양냉면 소개하다
표현 서둘러 거둬들이며 웃음
“문 대통령 새벽잠 설치지 않게”
도발 않겠단 뜻도 유머로 강조
‘탈북자’ ‘연평도 포격’도 직접 언급
“우리 교통이 불비해서 불편하실 것”
낙후한 북 사정 스스럼없이 드러내","남북정상회담이라는 전세계의 이목이 집중된 이벤트에 모습을 드러낸 김정은 북한 국무위원장은 솔직하고 대담했다. 60억 세계인들에게 자신의 일거수일투족이 노출되는 ‘긴장되는’ 무대였지만 김 위원장은 어색함 없이 농담을 던졌고 북한의 낙후한 상황도 스스럼없이 드러냈다. 그는 ‘은둔의 독재자’라는 기존의 평가를 가볍게 넘어서며 파격적이면서 자신감 있는 모습을 세계에 과시했다.
“멀다고 하면 안 되갔구나”…여유와 유머 김 위원장은 27일 아침 판문점 북쪽 지역인 판문각에서 모습을 드러낸 순간부터 미소와 여유를 잃지 않았다. 그는 평화의집 환담장에서 문재인 대통령이 아침 일찍 출발했을 것이라 언급하며 “대통령께서 우리 때문에 엔에스시(NSC)에 참석하시느라 새벽잠을 많이 설쳤다는데, 새벽에 일어나는 게 습관이 되셨겠습니다”라며 웃었다. 북한은 문 대통령 취임 직후인 지난해 5월14일 오전 5시27분께 신형 중장거리 탄도미사일인 화성 12형을 발사한 것을 시작으로, 국가 핵무력 완성을 선언한 11월29일 오전 3시17분께 아이시비엠(ICBM)급 추정 탄도미사일 발사까지 총 11차례에 걸쳐 탄도미사일 실험을 했다. 북이 새벽 3~6시 사이에 미사일을 발사하면, 문 대통령은 곧바로 국가안전보장회의(NSC)를 소집해온 일을 언급한 것이다. 김 위원장은 “대통령께서 새벽잠을 설치지 않도록 내가 확인하겠습니다”라며 더 이상의 도발은 없다는 점을 농담을 섞어 강조했다.
회담장 입구에 걸린 금강산 그림 앞에서 문 대통령과 악수를 한 뒤 참석자들이 박수를 치자 김 위원장은 “악수만 가지고 박수를 받으니까 쑥스럽네요”라며 웃었고, 사진 촬영이 끝난 뒤에는 “잘 연출됐습니까”라며 여유 있는 농담을 건넸다. 그는 옥류관 냉면 등 정상회담 만찬 메뉴가 화제에 오른 점도 직접 언급했다. 김 위원장은 “오기 전에 보니까 오늘 저녁 만찬 음식 많이 얘기하던데, 어렵사리 평양에서부터 평양냉면을 가지고 왔는데, 대통령께서 편한 마음으로 멀리 온, 아… 멀다고 말하면 안 되갔구나, 맛있게 드시면 좋겠다”고 말하기도 했다. 옥류관 평양냉면은 문 대통령이 만찬 음식으로 북쪽에 제안한 것이다. ‘원조’의 맛을 내기 위해 평양 옥류관 수석주방장이 통일각에 제면기를 설치해 이날 즉석에서 면을 뽑았다.
문 대통령은 또 “제 임기 내에 김 위원장의 신년사에서 오늘에 이르기까지 달려온 속도를 계속 유지했으면 좋겠다”고 하자, 김 위원장은 “김여정 부부장의 부서에서 ‘만리마 속도전’이라는 말을 만들었는데, 남과 북의 통일의 속도로 삼자”고 말했다.
“지금 넘어가볼까요”…
파격과 솔직함 김 위원장의 파격 행보는 김 위원장이 북한 최고지도자로선 처음으로 남쪽 땅을 밟겠다는 ‘결단’을 내렸을 때부터 예견된 바 있다. 2000년과 2007년 정상회담은 모두 평양에서 열렸지만, 이번 정상회담이 판문점 남쪽 지역인 평화의집에서 열리게 된 것은 김 위원장의 결정이었다. 김 위원장은 이날 오전 판문점 북쪽 지역인 판문각에서 처음 모습을 드러낸 뒤 환한 웃음을 지으며 군사정전위원회 티(T)2와 티3 사이 군사분계선 앞에서 기다리던 문재인 대통령과 환하게 웃으며 반갑게 악수했다. 김 위원장은 높이 5㎝의 군사분계선 턱을 넘어 남쪽 땅을 밟았다. 남과 북을 향해 각각 사진 촬영을 마친 뒤 문 대통령은 “(김 위원장은 이렇게) 남측으로 오시는데 나는 언제쯤 넘어갈 수 있습니까”라고 물었다. 김 위원장은 문 대통령의 물음에 주저하지 않고 “그럼 지금 넘어가 볼까요”라고 화답한 뒤 문 대통령을 다시 북쪽으로 이끌었다. 두 정상은 손을 맞잡고 북쪽 군사분계선을 넘어 북쪽에서 다시 한번 악수를 했다. 문 대통령의 ‘깜짝 월경’이었다. 전통의장대를 사열한 뒤 문 대통령이 “오늘 보여준 전통의장대는 약식이라 아쉽다. 청와대로 오시면 훨씬 좋은 장면을 보여드릴 수 있다”고 하자, 그는 “아, 그런가요. 대통령께서 초청해주시면 언제라도 청와대에 가겠다”고 즉석에서 화답했다.
김 위원장은 사전 환담에서도 “오면서 보니 실향민들과 탈북자, 연평도 주민 등 언제 북한군의 포격이 날아오지 않을까 불안해하던 분들도 오늘 우리 만남에 기대를 가지고 있는 것을 봤습니다”라며 남북관계에 있어 ‘불편한 진실’도 거침없이 언급했다. 아버지 김정일 국방위원장은 2000년 6월 정상회담에서 “남쪽의 국정원과 통일부는 왜 자꾸 탈북자를 끌어들이냐. 여기서 도망친 범죄자들을 감싸고돌면서 선전에 이용하고 비방 중상하고…”라며 노골적으로 불만을 드러낸 바 있다. 1953년 정전협정 뒤 북한의 가장 강도 높은 도발 가운데 하나였던 ‘연평도 포격’을 직접 언급한 것도 이례적이다. 김 위원장은 북한의 낙후된 상황도 스스럼없이 드러냈다. 그는 평화의집 사전환담장에서 문 대통령이 “북측을 통해서 꼭 백두산을 가고 싶다”고 하자, “솔직히 걱정스러운 것이 우리 교통이 불비해서 불편을 드릴 것 같습니다. 평창 올림픽에 갔다 온 분들이 말하는데 평창 고속열차가 다 좋다고 했습니다. 남측의 이런 환영에 있다가 북에 오면 참으로 민망스러울 수 있겠습니다. 우리도 준비해서 대통령이 오시면 편히 모실 수 있게 하겠습니다”라고 답했다. 오전 회담을 마무리하면서도 “우리 도로라는 게, 아까도 말씀드렸지만 불편하다”며 “고저 비행기로 오시면 제일 편안하다”고 말했다.
김 위원장이 문 대통령과 함께 공동선언을 발표한 것도 ‘파격’으로 받아들여진다. 정상회담 뒤 북쪽의 최고 지도자가 전세계 앞에 서서 공동발표한 것은 사상 처음이다. 문 대통령은 “대담하고 용기 있는 결정을 내려준 김정은 위원장에게 박수를 보낸다”고 평가했다.","“아, 멀다고 말하면 안 되갔구나…” 농담도 거침없던 김정은
솔직·대담한 스타일 과시
만찬 오를 평양냉면 소개하다
표현 서둘러 거둬들이며 웃음
“문 대통령 새벽잠 설치지 않게”
도발 않겠단 뜻도 유머로 강조
‘탈북자’ ‘연평도 포격’도 직접 언급
“우리 교통이 불비해서 불편하실 것”
낙후한 북 사정 스스럼없이 드러내
남북정상회담이라는 전세계의 이목이 집중된 이벤트에 모습을 드러낸 김정은 북한 국무위원장은 솔직하고 대담했다. 60억 세계인들에게 자신의 일거수일투족이 노출되는 ‘긴장되는’ 무대였지만 김 위원장은 어색함 없이 농담을 던졌고 북한의 낙후한 상황도 스스럼없이 드러냈다. 그는 ‘은둔의 독재자’라는 기존의 평가를 가볍게 넘어서며 파격적이면서 자신감 있는 모습을 세계에 과시했다.
“멀다고 하면 안 되갔구나”…여유와 유머 김 위원장은 27일 아침 판문점 북쪽 지역인 판문각에서 모습을 드러낸 순간부터 미소와 여유를 잃지 않았다. 그는 평화의집 환담장에서 문재인 대통령이 아침 일찍 출발했을 것이라 언급하며 “대통령께서 우리 때문에 엔에스시(NSC)에 참석하시느라 새벽잠을 많이 설쳤다는데, 새벽에 일어나는 게 습관이 되셨겠습니다”라며 웃었다. 북한은 문 대통령 취임 직후인 지난해 5월14일 오전 5시27분께 신형 중장거리 탄도미사일인 화성 12형을 발사한 것을 시작으로, 국가 핵무력 완성을 선언한 11월29일 오전 3시17분께 아이시비엠(ICBM)급 추정 탄도미사일 발사까지 총 11차례에 걸쳐 탄도미사일 실험을 했다. 북이 새벽 3~6시 사이에 미사일을 발사하면, 문 대통령은 곧바로 국가안전보장회의(NSC)를 소집해온 일을 언급한 것이다. 김 위원장은 “대통령께서 새벽잠을 설치지 않도록 내가 확인하겠습니다”라며 더 이상의 도발은 없다는 점을 농담을 섞어 강조했다.
회담장 입구에 걸린 금강산 그림 앞에서 문 대통령과 악수를 한 뒤 참석자들이 박수를 치자 김 위원장은 “악수만 가지고 박수를 받으니까 쑥스럽네요”라며 웃었고, 사진 촬영이 끝난 뒤에는 “잘 연출됐습니까”라며 여유 있는 농담을 건넸다. 그는 옥류관 냉면 등 정상회담 만찬 메뉴가 화제에 오른 점도 직접 언급했다. 김 위원장은 “오기 전에 보니까 오늘 저녁 만찬 음식 많이 얘기하던데, 어렵사리 평양에서부터 평양냉면을 가지고 왔는데, 대통령께서 편한 마음으로 멀리 온, 아… 멀다고 말하면 안 되갔구나, 맛있게 드시면 좋겠다”고 말하기도 했다. 옥류관 평양냉면은 문 대통령이 만찬 음식으로 북쪽에 제안한 것이다. ‘원조’의 맛을 내기 위해 평양 옥류관 수석주방장이 통일각에 제면기를 설치해 이날 즉석에서 면을 뽑았다.
문 대통령은 또 “제 임기 내에 김 위원장의 신년사에서 오늘에 이르기까지 달려온 속도를 계속 유지했으면 좋겠다”고 하자, 김 위원장은 “김여정 부부장의 부서에서 ‘만리마 속도전’이라는 말을 만들었는데, 남과 북의 통일의 속도로 삼자”고 말했다.
“지금 넘어가볼까요”…
파격과 솔직함 김 위원장의 파격 행보는 김 위원장이 북한 최고지도자로선 처음으로 남쪽 땅을 밟겠다는 ‘결단’을 내렸을 때부터 예견된 바 있다. 2000년과 2007년 정상회담은 모두 평양에서 열렸지만, 이번 정상회담이 판문점 남쪽 지역인 평화의집에서 열리게 된 것은 김 위원장의 결정이었다. 김 위원장은 이날 오전 판문점 북쪽 지역인 판문각에서 처음 모습을 드러낸 뒤 환한 웃음을 지으며 군사정전위원회 티(T)2와 티3 사이 군사분계선 앞에서 기다리던 문재인 대통령과 환하게 웃으며 반갑게 악수했다. 김 위원장은 높이 5㎝의 군사분계선 턱을 넘어 남쪽 땅을 밟았다. 남과 북을 향해 각각 사진 촬영을 마친 뒤 문 대통령은 “(김 위원장은 이렇게) 남측으로 오시는데 나는 언제쯤 넘어갈 수 있습니까”라고 물었다. 김 위원장은 문 대통령의 물음에 주저하지 않고 “그럼 지금 넘어가 볼까요”라고 화답한 뒤 문 대통령을 다시 북쪽으로 이끌었다. 두 정상은 손을 맞잡고 북쪽 군사분계선을 넘어 북쪽에서 다시 한번 악수를 했다. 문 대통령의 ‘깜짝 월경’이었다. 전통의장대를 사열한 뒤 문 대통령이 “오늘 보여준 전통의장대는 약식이라 아쉽다. 청와대로 오시면 훨씬 좋은 장면을 보여드릴 수 있다”고 하자, 그는 “아, 그런가요. 대통령께서 초청해주시면 언제라도 청와대에 가겠다”고 즉석에서 화답했다.
김 위원장은 사전 환담에서도 “오면서 보니 실향민들과 탈북자, 연평도 주민 등 언제 북한군의 포격이 날아오지 않을까 불안해하던 분들도 오늘 우리 만남에 기대를 가지고 있는 것을 봤습니다”라며 남북관계에 있어 ‘불편한 진실’도 거침없이 언급했다. 아버지 김정일 국방위원장은 2000년 6월 정상회담에서 “남쪽의 국정원과 통일부는 왜 자꾸 탈북자를 끌어들이냐. 여기서 도망친 범죄자들을 감싸고돌면서 선전에 이용하고 비방 중상하고…”라며 노골적으로 불만을 드러낸 바 있다. 1953년 정전협정 뒤 북한의 가장 강도 높은 도발 가운데 하나였던 ‘연평도 포격’을 직접 언급한 것도 이례적이다. 김 위원장은 북한의 낙후된 상황도 스스럼없이 드러냈다. 그는 평화의집 사전환담장에서 문 대통령이 “북측을 통해서 꼭 백두산을 가고 싶다”고 하자, “솔직히 걱정스러운 것이 우리 교통이 불비해서 불편을 드릴 것 같습니다. 평창 올림픽에 갔다 온 분들이 말하는데 평창 고속열차가 다 좋다고 했습니다. 남측의 이런 환영에 있다가 북에 오면 참으로 민망스러울 수 있겠습니다. 우리도 준비해서 대통령이 오시면 편히 모실 수 있게 하겠습니다”라고 답했다. 오전 회담을 마무리하면서도 “우리 도로라는 게, 아까도 말씀드렸지만 불편하다”며 “고저 비행기로 오시면 제일 편안하다”고 말했다.
김 위원장이 문 대통령과 함께 공동선언을 발표한 것도 ‘파격’으로 받아들여진다. 정상회담 뒤 북쪽의 최고 지도자가 전세계 앞에 서서 공동발표한 것은 사상 처음이다. 문 대통령은 “대담하고 용기 있는 결정을 내려준 김정은 위원장에게 박수를 보낸다”고 평가했다.",8,2717
iks_20180427_hankyoreh_news_014,Hankyoreh news 2018 April 27 corpus.txt,Hankyoreh,한겨레,news,2018-04-27,2018_april_summit,"남북정상회담 만찬서 현송월-조용필 듀엣…북, 마술사도 대동",27일 판문점 평화의집에서 열린 만찬장 뒷 얘기,"문재인 대통령과 김정은 북한 국무위원장이 ‘판문점 선언’을 공동 발표한 뒤 함께 한 만찬 자리에서 현송월 삼지연관현악단 단장과 가수 조용필씨가 ‘그 겨울의 찻집’을 함께 불렀다.
27일 판문점 평화의집에서 열린 ‘2018 남북정상회담’ 환영 만찬 현장 분위기는 화기애애했던 것으로 전해진다. 이날 만찬에는 현송월 단장과 가수 조용필씨가 참석했다. 두 사람은 이달 초 남쪽 예술단이 평양 공연을 위해 방북했을 당시 저녁식사 자리에서 함께 노래를 불렀다. 그때도 두 사람은 마주보고 조용필의 ‘그 겨울의 찻집’을 함께 노래했다. 이 노래는 김정일 국방위원장의 살아 생전 애창곡으로 알려져 있다. 현송월 단장은 가수 윤도현씨 등과 함께 남쪽 가요인 ‘남자는 배 여자는 항구’도 불렀다고도 전해진다.
북쪽에서는 이날 만찬에 평양냉면을 만드는 요리사뿐 아니라 마술사도 대동한 것으로 전해진다. 이 마술사는 만찬 현장에서 돈을 활용한 마술을 선보였다. 이 마술사는 주로 김 위원장과 문 대통령이 함께 앉은 자리에서 다양한 마술을 선보였다고 전해진다. 이 자리에 배석한 한 청와대 고위 관계자는 “다같이 건배하고 김 위원장, 문 대통령 다 같이 술을 권하고 분위기가 굉장히 좋았다”고 전했다.
이날 만찬에 초대된 정세현 전 통일부 장관도 “분위기가 아주 화기애애했다”며 “평양냉면을 10년 만에 먹는 건데 오랜만에 먹으니 역시 맛이 좋았다. 특별히 달라고 해서 두 그릇을 먹었다”고 했다.
이 자리에 초대된 배석자들은 김 위원장을 처음 만나본 뒤 대체로 긍정적인 평가를 내놨다. 추미애 더불어민주당 대표는 “김 위원장이 우리들이 늘 쓰는 일상적인 단어로 쉽게 말하는 게 인상적이었다. 앞으로 민족 평화를 위해 노력을 많이 하자고 했다”며 “그쪽에서는 내가 집권당 대표이니 덕담하는 식으로 ‘당에서 든든하게 합의를 뒷받침해달라’고 말했다”고 했다. 실제로 남북은 이번 판문점 선언을 국회 비준 동의를 거쳐 법적 효력을 가지게 할 계획이다.
정세현 장관도 김정은 위원장에 대해 “아주 늠름하고, 능수능란하더라”며 “직접 (사람들에게) 다가가서 건배하고 말 거는 모습, 연설하는 모습이 인상적이었다”고 전했다. 우원식 더불어민주당 원내대표는 김 위원장에게 받은 인상을 “시원시원하다”라고 표현하며 “잠깐 나와도 이야기 했다. 김 위원장은 ‘통일의 길을 반드시 만들자’고 했고, 나는 ‘이건 정말 역사적인 일이고 우리 민족이 염원하는 길이니까 이 길을 커다랗게 뚫어야 한다’고 했다”고 전했다. 한 청와대 관계자도 “이날 만찬은 함께 건배하고, 웃느라 예정보다 40분이나 길어졌다”고 전했다.","남북정상회담 만찬서 현송월-조용필 듀엣…북, 마술사도 대동
27일 판문점 평화의집에서 열린 만찬장 뒷 얘기
문재인 대통령과 김정은 북한 국무위원장이 ‘판문점 선언’을 공동 발표한 뒤 함께 한 만찬 자리에서 현송월 삼지연관현악단 단장과 가수 조용필씨가 ‘그 겨울의 찻집’을 함께 불렀다.
27일 판문점 평화의집에서 열린 ‘2018 남북정상회담’ 환영 만찬 현장 분위기는 화기애애했던 것으로 전해진다. 이날 만찬에는 현송월 단장과 가수 조용필씨가 참석했다. 두 사람은 이달 초 남쪽 예술단이 평양 공연을 위해 방북했을 당시 저녁식사 자리에서 함께 노래를 불렀다. 그때도 두 사람은 마주보고 조용필의 ‘그 겨울의 찻집’을 함께 노래했다. 이 노래는 김정일 국방위원장의 살아 생전 애창곡으로 알려져 있다. 현송월 단장은 가수 윤도현씨 등과 함께 남쪽 가요인 ‘남자는 배 여자는 항구’도 불렀다고도 전해진다.
북쪽에서는 이날 만찬에 평양냉면을 만드는 요리사뿐 아니라 마술사도 대동한 것으로 전해진다. 이 마술사는 만찬 현장에서 돈을 활용한 마술을 선보였다. 이 마술사는 주로 김 위원장과 문 대통령이 함께 앉은 자리에서 다양한 마술을 선보였다고 전해진다. 이 자리에 배석한 한 청와대 고위 관계자는 “다같이 건배하고 김 위원장, 문 대통령 다 같이 술을 권하고 분위기가 굉장히 좋았다”고 전했다.
이날 만찬에 초대된 정세현 전 통일부 장관도 “분위기가 아주 화기애애했다”며 “평양냉면을 10년 만에 먹는 건데 오랜만에 먹으니 역시 맛이 좋았다. 특별히 달라고 해서 두 그릇을 먹었다”고 했다.
이 자리에 초대된 배석자들은 김 위원장을 처음 만나본 뒤 대체로 긍정적인 평가를 내놨다. 추미애 더불어민주당 대표는 “김 위원장이 우리들이 늘 쓰는 일상적인 단어로 쉽게 말하는 게 인상적이었다. 앞으로 민족 평화를 위해 노력을 많이 하자고 했다”며 “그쪽에서는 내가 집권당 대표이니 덕담하는 식으로 ‘당에서 든든하게 합의를 뒷받침해달라’고 말했다”고 했다. 실제로 남북은 이번 판문점 선언을 국회 비준 동의를 거쳐 법적 효력을 가지게 할 계획이다.
정세현 장관도 김정은 위원장에 대해 “아주 늠름하고, 능수능란하더라”며 “직접 (사람들에게) 다가가서 건배하고 말 거는 모습, 연설하는 모습이 인상적이었다”고 전했다. 우원식 더불어민주당 원내대표는 김 위원장에게 받은 인상을 “시원시원하다”라고 표현하며 “잠깐 나와도 이야기 했다. 김 위원장은 ‘통일의 길을 반드시 만들자’고 했고, 나는 ‘이건 정말 역사적인 일이고 우리 민족이 염원하는 길이니까 이 길을 커다랗게 뚫어야 한다’고 했다”고 전했다. 한 청와대 관계자도 “이날 만찬은 함께 건배하고, 웃느라 예정보다 40분이나 길어졌다”고 전했다.",6,1272
iks_20180427_hankyoreh_news_015,Hankyoreh news 2018 April 27 corpus.txt,Hankyoreh,한겨레,news,2018-04-27,2018_april_summit,‘완전한 비핵화’ 첫 명기…북·미회담 길 열었다,"평화체제 구축
“핵없는 한반도 실현 공동목표 확인”
기존 비핵화 원칙 재확인 넘어서
‘도보다리 회담’ 구체방안 나눈듯","27일 문재인 대통령과 김정은 북한 국무위원장은 ‘한반도의 평화와 번영, 통일을 위한 판문점 선언’(판문점선언)을 통해 “완전한 비핵화를 통해 핵 없는 한반도를 실현한다는 공동의 목표를 확인했다”고 밝혔다. 비핵화는 남북이 미리 정한 이번 회담의 3대 의제 가운데 첫손에 꼽혔고, 북-미 정상회담을 앞두고 국제사회의 초미의 관심사였다.
두 정상이 제시한 ‘완전한 비핵화’가 포괄적 방법론에 해당한다면, ‘핵 없는 한반도’는 궁극의 목표라고 할 수 있다. 기술적이고 구체적인 내용이 담기진 않았지만, 두 정상이 북-미 정상회담의 성공을 바라며 중요한 밑돌을 놓았다는 평가가 가능하다.
두 정상은 판문점선언에서 “남과 북은 북측이 취하고 있는 주동적인 조치들이 한반도 비핵화를 위해 대단히 의의 있고 중대한 조치라는 데 인식을 같이하고 앞으로 각기 자기의 책임과 역할을 다하기로 했다”고 밝혔다. 이어 “남과 북은 한반도 비핵화를 위한 국제사회의 지지와 협력을 위해 적극 노력하기로 하였다”고 선언했다. 문 대통령과 김 위원장이 앞으로도 이 문제의 해법을 마련하는 과정에서 긴밀히 협력하겠다는 뜻이다.
무엇보다 두 정상은 비핵화 문제과 관련해 이날 판문점선언에 담은 내용을 훌쩍 뛰어넘은 구체적이고 포괄적인 해법을 협의했으리라 추정돼, 앞으로 행보가 주목된다. 문 대통령과 김 위원장은 판문점 습지 위에 설치된 ‘도보다리’를 산책하는 형식을 빌려 40여분에 걸쳐 ‘공개 밀담’을 나눴다. 이 때 두 정상은 비핵화, 북-미 관계정상화, 정전협정의 평화협정으로 전환을 포함한 한반도의 항구적 평화체제 정착 방안과 관련해 속내를 드러내며 밀도 높은 협의를 했을 가능성이 높다. 그럼에도 이날 원론적 합의만 발표한 것은, 5월 또는 6월 초로 예정된 김 위원장과 도널드 트럼프 미국 대통령의 북-미 정상회담을 고려한 포석으로 풀이된다. 김 위원장이 20일 노동당 중앙위 전체회의를 통해 결정·공표한 풍계리 핵실험장 폐쇄를 포함한 ‘미래핵 포기’에 더해 현재핵과 과거핵 문제는 김 위원장이 트럼프 대통령을 상대로 ‘체제 안전’을 보장받을 핵심 협상 카드이기 때문이다.
구갑우 북한대학원대학교 교수는 “완전한 비핵화가 (선언에) 들어간 것은 좋은 신호를 보낸 것”이라며 “CVID(완전하고 검증가능하며 불가역적인 비핵화) 중 ‘검증’(Verifiable)과 ‘불가역’(Irreversible)이라는 부분은 미국과 협상할 문제”라고 평가했다. 실제로 최근 들어 도널드 트럼프 미국 대통령을 비롯한 미 행정부 쪽 인사들이 기존에 주장했던 ‘시브이아이디’ 대신 부쩍 “완전한 비핵화”(complete denuclearization)라는 표현을 써 배경에 관심이 쏠렸다.
""한반도의 평화와 번영, 통일을 위한 판문점 선언""
대한민국 문재인 대통령과 조선민주주의인민공화국 김정은 국무위원장은 평화와 번영, 통일을 염원하는 온 겨레의 한결같은 지향을 담아 한반도에서 역사적인 전환이 일어나고 있는 뜻 깊은 시기에 2018년 4월 27일 판문점「평화의 집」에서 남북정상회담을 진행하였다.
양 정상은 한반도에 더 이상 전쟁은 없을 것이며 새로운 평화의 시대가 열리었음을 8천만 우리 겨레와 전 세계에 엄숙히 천명하였다.
양 정상은 냉전의 산물인 오랜 분단과 대결을 하루 빨리 종식시키고 민족적 화해와 평화번영의 새로운 시대를 과감하게 열어나가며 남북관계를 보다 적극적으로 개선하고 발전시켜 나가야 한다는 확고한 의지를 담아 역사의 땅 판문점에서 다음과 같이 선언하였다.
1. 남과 북은 남북관계의 전면적이며 획기적인 개선과 발전을 이룩함으로써 끊어진 민족의 혈맥을 잇고 공동번영과 자주통일의 미래를 앞당겨나갈 것이다.
남북관계를 개선하고 발전시키는 것은 온 겨레의 한결같은 소망이며 더 이상 미룰 수 없는 시대의 절박한 요구이다.
① 남과 북은 우리 민족의 운명은 우리 스스로 결정한다는 민족자주의 원칙을 확인하였으며 이미 채택된 남북 선언들과 모든 합의들을 철저히 이행함으로써 관계개선과 발전의 전환적 국면을 열어나가기로 하였다.
② 남과 북은 고위급회담을 비롯한 각 분야의 대화와 협상을 빠른 시일안에 개최하여 정상회담에서 합의된 문제들을 실천하기 위한 적극적인 대책을 세워나가기로 하였다.
③ 남과 북은 당국간 협의를 긴밀히 하고 민간교류와 협력을 원만히 보장하기 위하여 쌍방 당국자가 상주하는 남북공동연락사무소를 개성지역에 설치하기로 하였다.
④ 남과 북은 민족적 화해와 단합의 분위기를 고조시켜 나가기 위하여 각계각층의 다방면적인 협력과 교류, 왕래와 접촉을 활성화하기로 하였다.
안으로는 6.15를 비롯하여 남과 북에 다같이 의의가 있는 날들을 계기로 당국과 국회, 정당, 지방자치단체, 민간단체 등 각계각층이 참가하는 민족공동행사를 적극 추진하여 화해와 협력의 분위기를 고조시키며, 밖으로는 2018년 아시아경기대회를 비롯한 국제경기들에 공동으로 진출하여 민족의 슬기와 재능, 단합된 모습을 전 세계에 과시하기로 하였다.
⑤ 남과 북은 민족 분단으로 발생된 인도적 문제를 시급히 해결하기 위하여 노력하며, 남북적십자회담을 개최하여 이산가족ㆍ친척 상봉을 비롯한 제반 문제들을 협의 해결해나가기로 하였다.
당면하여 오는 8.15를 계기로 이산가족ㆍ친척 상봉을 진행하기로 하였다.
⑥ 남과 북은 민족경제의 균형적 발전과 공동번영을 이룩하기 위하여 10.4 선언에서 합의된 사업들을 적극 추진해나가며, 1차적으로 동해선 및 경의선 철도와 도로들을 연결하고 현대화하여 활용하기 위한 실천적 대책들을 취해 나가기로 하였다.
2. 남과 북은 한반도에서 첨예한 군사적 긴장상태를 완화하고 전쟁 위험을 실질적으로 해소하기 위하여 공동으로 노력해나갈 것이다.
한반도의 군사적 긴장상태를 완화하고 전쟁위험을 해소하는 것은 민족의 운명과 관련되는 매우 중대한 문제이며 우리 겨레의 평화롭고 안정된 삶을 보장하기 위한 관건적인 문제이다.
① 남과 북은 지상과 해상, 공중을 비롯한 모든 공간에서 군사적 긴장과 충돌의 근원으로 되는 상대방에 대한 일체의 적대행위를 전면 중지하기로 하였다.
당면하여 5월 1일부터 군사분계선 일대에서 확성기 방송과 전단살포를 비롯한 모든 적대행위들을 중지하고 그 수단을 철폐하며, 앞으로 비무장지대를 실질적인 평화지대로 만들어 나가기로 하였다.
② 남과 북은 서해 북방한계선 일대를 평화수역으로 만들어 우발적인 군사적 충돌을 방지하고 안전한 어로활동을 보장하기 위한 실제적인 대책을 세워나가기로 하였다.
③ 남과 북은 상호 협력과 교류, 왕래와 접촉이 활성화되는 데 따른 여러 가지 군사적 보장대책을 취하기로 하였다.
남과 북은 쌍방 사이에 제기되는 군사적 문제를 지체없이 협의 해결하기 위하여 국방부장관회담을 비롯한 군사당국자회담을 자주 개최하며 5월중에 먼저 장성급 군사회담을 열기로 하였다.
3. 남과 북은 한반도의 항구적이며 공고한 평화체제 구축을 위하여 적극 협력해 나갈 것이다.
한반도에서 비정상적인 현재의 정전상태를 종식시키고 확고한 평화체제를 수립하는 것은 더 이상 미룰 수 없는 역사적 과제이다.
① 남과 북은 그 어떤 형태의 무력도 서로 사용하지 않을 데 대한 불가침 합의를 재확인하고 엄격히 준수해 나가기로 하였다.
② 남과 북은 군사적 긴장이 해소되고 서로의 군사적 신뢰가 실질적으로 구축되는 데 따라 단계적으로 군축을 실현해 나가기로 하였다.
③ 남과 북은 정전협정체결 65년이 되는 올해에 종전을 선언하고 정전협정을 평화협정으로 전환하며 항구적이고 공고한 평화체제 구축을 위한 남ㆍ북ㆍ미 3자 또는 남ㆍ북ㆍ미ㆍ중 4자회담 개최를 적극 추진해 나가기로 하였다.
④ 남과 북은 완전한 비핵화를 통해 핵 없는 한반도를 실현한다는 공동의 목표를 확인하였다.
남과 북은 북측이 취하고 있는 주동적인 조치들이 한반도 비핵화를 위해 대단히 의의 있고 중대한 조치라는데 인식을 같이하고 앞으로 각기 자기의 책임과 역할을 다하기로 하였다.
남과 북은 한반도 비핵화를 위한 국제사회의 지지와 협력을 위해 적극 노력해나가기로 하였다.
양 정상은 정기적인 회담과 직통전화를 통하여 민족의 중대사를 수시로 진지하게 논의하고 신뢰를 굳건히 하며, 남북관계의 지속적인 발전과 한반도의 평화와 번영, 통일을 향한 좋은 흐름을 더욱 확대해 나가기 위하여 함께 노력하기로 하였다.
당면하여 문재인 대통령은 올해 가을 평양을 방문하기로 하였다.
2018년 4월 27일
판 문 점
대 한 민 국
대 통 령
문 재 인
조선민주주의인민공화국
국무위원회 위원장
김 정 은","‘완전한 비핵화’ 첫 명기…북·미회담 길 열었다
평화체제 구축
“핵없는 한반도 실현 공동목표 확인”
기존 비핵화 원칙 재확인 넘어서
‘도보다리 회담’ 구체방안 나눈듯
27일 문재인 대통령과 김정은 북한 국무위원장은 ‘한반도의 평화와 번영, 통일을 위한 판문점 선언’(판문점선언)을 통해 “완전한 비핵화를 통해 핵 없는 한반도를 실현한다는 공동의 목표를 확인했다”고 밝혔다. 비핵화는 남북이 미리 정한 이번 회담의 3대 의제 가운데 첫손에 꼽혔고, 북-미 정상회담을 앞두고 국제사회의 초미의 관심사였다.
두 정상이 제시한 ‘완전한 비핵화’가 포괄적 방법론에 해당한다면, ‘핵 없는 한반도’는 궁극의 목표라고 할 수 있다. 기술적이고 구체적인 내용이 담기진 않았지만, 두 정상이 북-미 정상회담의 성공을 바라며 중요한 밑돌을 놓았다는 평가가 가능하다.
두 정상은 판문점선언에서 “남과 북은 북측이 취하고 있는 주동적인 조치들이 한반도 비핵화를 위해 대단히 의의 있고 중대한 조치라는 데 인식을 같이하고 앞으로 각기 자기의 책임과 역할을 다하기로 했다”고 밝혔다. 이어 “남과 북은 한반도 비핵화를 위한 국제사회의 지지와 협력을 위해 적극 노력하기로 하였다”고 선언했다. 문 대통령과 김 위원장이 앞으로도 이 문제의 해법을 마련하는 과정에서 긴밀히 협력하겠다는 뜻이다.
무엇보다 두 정상은 비핵화 문제과 관련해 이날 판문점선언에 담은 내용을 훌쩍 뛰어넘은 구체적이고 포괄적인 해법을 협의했으리라 추정돼, 앞으로 행보가 주목된다. 문 대통령과 김 위원장은 판문점 습지 위에 설치된 ‘도보다리’를 산책하는 형식을 빌려 40여분에 걸쳐 ‘공개 밀담’을 나눴다. 이 때 두 정상은 비핵화, 북-미 관계정상화, 정전협정의 평화협정으로 전환을 포함한 한반도의 항구적 평화체제 정착 방안과 관련해 속내를 드러내며 밀도 높은 협의를 했을 가능성이 높다. 그럼에도 이날 원론적 합의만 발표한 것은, 5월 또는 6월 초로 예정된 김 위원장과 도널드 트럼프 미국 대통령의 북-미 정상회담을 고려한 포석으로 풀이된다. 김 위원장이 20일 노동당 중앙위 전체회의를 통해 결정·공표한 풍계리 핵실험장 폐쇄를 포함한 ‘미래핵 포기’에 더해 현재핵과 과거핵 문제는 김 위원장이 트럼프 대통령을 상대로 ‘체제 안전’을 보장받을 핵심 협상 카드이기 때문이다.
구갑우 북한대학원대학교 교수는 “완전한 비핵화가 (선언에) 들어간 것은 좋은 신호를 보낸 것”이라며 “CVID(완전하고 검증가능하며 불가역적인 비핵화) 중 ‘검증’(Verifiable)과 ‘불가역’(Irreversible)이라는 부분은 미국과 협상할 문제”라고 평가했다. 실제로 최근 들어 도널드 트럼프 미국 대통령을 비롯한 미 행정부 쪽 인사들이 기존에 주장했던 ‘시브이아이디’ 대신 부쩍 “완전한 비핵화”(complete denuclearization)라는 표현을 써 배경에 관심이 쏠렸다.
""한반도의 평화와 번영, 통일을 위한 판문점 선언""
대한민국 문재인 대통령과 조선민주주의인민공화국 김정은 국무위원장은 평화와 번영, 통일을 염원하는 온 겨레의 한결같은 지향을 담아 한반도에서 역사적인 전환이 일어나고 있는 뜻 깊은 시기에 2018년 4월 27일 판문점「평화의 집」에서 남북정상회담을 진행하였다.
양 정상은 한반도에 더 이상 전쟁은 없을 것이며 새로운 평화의 시대가 열리었음을 8천만 우리 겨레와 전 세계에 엄숙히 천명하였다.
양 정상은 냉전의 산물인 오랜 분단과 대결을 하루 빨리 종식시키고 민족적 화해와 평화번영의 새로운 시대를 과감하게 열어나가며 남북관계를 보다 적극적으로 개선하고 발전시켜 나가야 한다는 확고한 의지를 담아 역사의 땅 판문점에서 다음과 같이 선언하였다.
1. 남과 북은 남북관계의 전면적이며 획기적인 개선과 발전을 이룩함으로써 끊어진 민족의 혈맥을 잇고 공동번영과 자주통일의 미래를 앞당겨나갈 것이다.
남북관계를 개선하고 발전시키는 것은 온 겨레의 한결같은 소망이며 더 이상 미룰 수 없는 시대의 절박한 요구이다.
① 남과 북은 우리 민족의 운명은 우리 스스로 결정한다는 민족자주의 원칙을 확인하였으며 이미 채택된 남북 선언들과 모든 합의들을 철저히 이행함으로써 관계개선과 발전의 전환적 국면을 열어나가기로 하였다.
② 남과 북은 고위급회담을 비롯한 각 분야의 대화와 협상을 빠른 시일안에 개최하여 정상회담에서 합의된 문제들을 실천하기 위한 적극적인 대책을 세워나가기로 하였다.
③ 남과 북은 당국간 협의를 긴밀히 하고 민간교류와 협력을 원만히 보장하기 위하여 쌍방 당국자가 상주하는 남북공동연락사무소를 개성지역에 설치하기로 하였다.
④ 남과 북은 민족적 화해와 단합의 분위기를 고조시켜 나가기 위하여 각계각층의 다방면적인 협력과 교류, 왕래와 접촉을 활성화하기로 하였다.
안으로는 6.15를 비롯하여 남과 북에 다같이 의의가 있는 날들을 계기로 당국과 국회, 정당, 지방자치단체, 민간단체 등 각계각층이 참가하는 민족공동행사를 적극 추진하여 화해와 협력의 분위기를 고조시키며, 밖으로는 2018년 아시아경기대회를 비롯한 국제경기들에 공동으로 진출하여 민족의 슬기와 재능, 단합된 모습을 전 세계에 과시하기로 하였다.
⑤ 남과 북은 민족 분단으로 발생된 인도적 문제를 시급히 해결하기 위하여 노력하며, 남북적십자회담을 개최하여 이산가족ㆍ친척 상봉을 비롯한 제반 문제들을 협의 해결해나가기로 하였다.
당면하여 오는 8.15를 계기로 이산가족ㆍ친척 상봉을 진행하기로 하였다.
⑥ 남과 북은 민족경제의 균형적 발전과 공동번영을 이룩하기 위하여 10.4 선언에서 합의된 사업들을 적극 추진해나가며, 1차적으로 동해선 및 경의선 철도와 도로들을 연결하고 현대화하여 활용하기 위한 실천적 대책들을 취해 나가기로 하였다.
2. 남과 북은 한반도에서 첨예한 군사적 긴장상태를 완화하고 전쟁 위험을 실질적으로 해소하기 위하여 공동으로 노력해나갈 것이다.
한반도의 군사적 긴장상태를 완화하고 전쟁위험을 해소하는 것은 민족의 운명과 관련되는 매우 중대한 문제이며 우리 겨레의 평화롭고 안정된 삶을 보장하기 위한 관건적인 문제이다.
① 남과 북은 지상과 해상, 공중을 비롯한 모든 공간에서 군사적 긴장과 충돌의 근원으로 되는 상대방에 대한 일체의 적대행위를 전면 중지하기로 하였다.
당면하여 5월 1일부터 군사분계선 일대에서 확성기 방송과 전단살포를 비롯한 모든 적대행위들을 중지하고 그 수단을 철폐하며, 앞으로 비무장지대를 실질적인 평화지대로 만들어 나가기로 하였다.
② 남과 북은 서해 북방한계선 일대를 평화수역으로 만들어 우발적인 군사적 충돌을 방지하고 안전한 어로활동을 보장하기 위한 실제적인 대책을 세워나가기로 하였다.
③ 남과 북은 상호 협력과 교류, 왕래와 접촉이 활성화되는 데 따른 여러 가지 군사적 보장대책을 취하기로 하였다.
남과 북은 쌍방 사이에 제기되는 군사적 문제를 지체없이 협의 해결하기 위하여 국방부장관회담을 비롯한 군사당국자회담을 자주 개최하며 5월중에 먼저 장성급 군사회담을 열기로 하였다.
3. 남과 북은 한반도의 항구적이며 공고한 평화체제 구축을 위하여 적극 협력해 나갈 것이다.
한반도에서 비정상적인 현재의 정전상태를 종식시키고 확고한 평화체제를 수립하는 것은 더 이상 미룰 수 없는 역사적 과제이다.
① 남과 북은 그 어떤 형태의 무력도 서로 사용하지 않을 데 대한 불가침 합의를 재확인하고 엄격히 준수해 나가기로 하였다.
② 남과 북은 군사적 긴장이 해소되고 서로의 군사적 신뢰가 실질적으로 구축되는 데 따라 단계적으로 군축을 실현해 나가기로 하였다.
③ 남과 북은 정전협정체결 65년이 되는 올해에 종전을 선언하고 정전협정을 평화협정으로 전환하며 항구적이고 공고한 평화체제 구축을 위한 남ㆍ북ㆍ미 3자 또는 남ㆍ북ㆍ미ㆍ중 4자회담 개최를 적극 추진해 나가기로 하였다.
④ 남과 북은 완전한 비핵화를 통해 핵 없는 한반도를 실현한다는 공동의 목표를 확인하였다.
남과 북은 북측이 취하고 있는 주동적인 조치들이 한반도 비핵화를 위해 대단히 의의 있고 중대한 조치라는데 인식을 같이하고 앞으로 각기 자기의 책임과 역할을 다하기로 하였다.
남과 북은 한반도 비핵화를 위한 국제사회의 지지와 협력을 위해 적극 노력해나가기로 하였다.
양 정상은 정기적인 회담과 직통전화를 통하여 민족의 중대사를 수시로 진지하게 논의하고 신뢰를 굳건히 하며, 남북관계의 지속적인 발전과 한반도의 평화와 번영, 통일을 향한 좋은 흐름을 더욱 확대해 나가기 위하여 함께 노력하기로 하였다.
당면하여 문재인 대통령은 올해 가을 평양을 방문하기로 하였다.
2018년 4월 27일
판 문 점
대 한 민 국
대 통 령
문 재 인
조선민주주의인민공화국
국무위원회 위원장
김 정 은",44,4113
iks_20180427_hankyoreh_news_016,Hankyoreh news 2018 April 27 corpus.txt,Hankyoreh,한겨레,news,2018-04-27,2018_april_summit,평양 단고기집 풍경,,"“어렵사리 평양에서부터 평양냉면을 가지고 왔는데 맛있게 드시면 좋겠습니다.” 27일 오전 역사적인 남북정상회담을 위해 남쪽 평화의 집에 온 김정은 북한 국무위원장의 말이다. 생중계로 이를 지켜본 시민들이 이날 점심에 평양냉면집을 많이 찾았다는 소식이 들린다. 한반도 비핵화와 항구적 평화 정착, 진정한 남북관계 발전이 이루어지면 자유롭게 북한을 여행하고 평양의 맛집도 순례할 수 있을 것 같은 기대를 품어본다. 2005년 남북고위급회담 당시 평양 단고기집 풍경.","평양 단고기집 풍경
“어렵사리 평양에서부터 평양냉면을 가지고 왔는데 맛있게 드시면 좋겠습니다.” 27일 오전 역사적인 남북정상회담을 위해 남쪽 평화의 집에 온 김정은 북한 국무위원장의 말이다. 생중계로 이를 지켜본 시민들이 이날 점심에 평양냉면집을 많이 찾았다는 소식이 들린다. 한반도 비핵화와 항구적 평화 정착, 진정한 남북관계 발전이 이루어지면 자유롭게 북한을 여행하고 평양의 맛집도 순례할 수 있을 것 같은 기대를 품어본다. 2005년 남북고위급회담 당시 평양 단고기집 풍경.",1,258
iks_20180427_hankyoreh_news_017,Hankyoreh news 2018 April 27 corpus.txt,Hankyoreh,한겨레,news,2018-04-27,2018_april_summit,“정권 바뀌어도 후퇴 않을 평화적 남북관계 구축을”,"신한용 개성공단 비대위원장
“경협, 의제서 빠졌지만 실망 안해
정세에 영향 안받는 여건 더 중요
대다수 기업 심각한 경영난 겪어
재가동 준비 위해 방북신청 할 것”","문재인 대통령과 김정은 국무위원장이 ‘판문점 선언'에서 개성에 남북공동연락사무소를 설치하기로 한 합의에 대해 개성공단 입주기업들이 큰 기쁨을 표시했다.
신한용 개성공단기업 비상대책위원장은 27일 서울 여의도 개성공단기업협회 사무실에서 “두 정상의 판문점 선언으로 머지않은 시기에 개성공단이 재개될 것이라는 믿음을 가지게 됐다”며 “조만간 자체 태스크포스를 구성해 재가동 준비작업에 들어가고 개성공단 경험을 살려 입주기업들이 ‘한반도 신경제지도’를 이끄는 선도자가 되기 위해 적극 노력하겠다”고 밝혔다. 그는 “개성공단은 남북 경제협력의 상징이자 진정한 평화로 가는 길목에 있다. 입주기업들은 한시라도 빨리 열렸으면 좋겠지만, 그보다 다시는 정치적 변수나 한반도 정세에 따라 오락가락하지 않을 사업 여건을 갖추는 게 더 중요하다”고 강조했다.
개성공단은 2016년 2월 박근혜 정부가 전면 중단을 발표하고 북 당국도 폐쇄 조처와 함께 군사통제구역으로 선포하면서, 여기에 입주해 있던 120여 기업들이 하루아침에 쫓겨나 2년2개월이 지나도록 돌아가지 못하고 있다. 신 위원장은 “개성공단 입주기업 대표 20여명과 함께 판문점으로 가는 대통령을 응원하려고 새벽부터 청와대 앞길에서 기다리고 있었는데 대통령이 차에서 잠깐 내려 우리와 악수도 했다”며 남북정상회담의 성과에 힘입어 개성공단 재가동뿐만 아니라 다양한 남북경협 사업이 활성화될 수 있기를 기대했다.
Q 개성공단 전면 중단 상태가 지속되면서 입주기업들이 많이 지쳐 있을 텐데.
A “대다수 기업이 큰 피해를 겪었고 심각한 경영난을 겪는 데도 많다. 역사적 남북정상회담을 계기로 개성공단이 재가동될 수 있는 희망이 생겨 가슴이 설레고 기쁘다.”
Q 재가동이 된다면 다시 돌아갈 기업은 얼마나 되나?
A “지난해 현대경제연구원이 입주기업들을 상대로 조사해봤더니 97%가 재입주 의사를 밝혔다. 남북관계의 해빙무드가 무르익어 최근에 다시 조사를 해봤는데, 재입주를 희망하는 기업 비율이 90% 이상으로 나왔다. 개성공단에 대한 입주기업들의 애착이 여전히 크다는 얘기다.”
Q 기업경영의 측면에서 그만큼 개성공단의 이점이 크기 때문인가?
A “단순히 싼 부지를 받을 수 있다거나 북한의 저렴하고 양질의 노동력을 활용할 수 있다는 매력은 그리 크지 않다. 원활한 의사소통과 아침에 원부자재를 주문해 저녁에 완제품을 배에 실을 수 있는 물류체계 등 여러가지 조건이 기업하기에 유리하다. 여기에 남북관계의 발전과 평화에 기업활동으로 기여한다는 자부심도 있다.”
Q 북쪽에 그런 공단이 많이 생기면 남쪽에서는 산업공동화 문제가 발생한다는 우려도 있다.
A “개성공단이 생길 때도 그런 우려가 많았다. 그런데 개성공단 가동으로 남쪽에 5천여개 협력업체에서 9만여명의 고용 창출 효과가 발생했다. 입지 여건을 잘 갖춘 공단이 북쪽에 많이 생기면 남쪽 연관산업과의 연계발전을 꾀할 수 있고, 해외로 나갔던 우리 기업들이 많이 돌아올 수도 있다.”
Q 개성공단이 좀더 안정적으로 재개되려면 어떤 점이 보완되어야 할까?
A “무엇보다 정상적인 기업경영 활동이 안정적으로 보장되도록 법과 제도를 정비해야 한다. 이에 대해 남북간 재가동 논의가 시작되기 전이라도 정부나 국회에 여러가지 건의사항을 전달할 계획이다. 북한 당국하고도 보다 구속력이 강한 합의서 같은 게 채택되었으면 한다.”","“정권 바뀌어도 후퇴 않을 평화적 남북관계 구축을”
신한용 개성공단 비대위원장
“경협, 의제서 빠졌지만 실망 안해
정세에 영향 안받는 여건 더 중요
대다수 기업 심각한 경영난 겪어
재가동 준비 위해 방북신청 할 것”
문재인 대통령과 김정은 국무위원장이 ‘판문점 선언'에서 개성에 남북공동연락사무소를 설치하기로 한 합의에 대해 개성공단 입주기업들이 큰 기쁨을 표시했다.
신한용 개성공단기업 비상대책위원장은 27일 서울 여의도 개성공단기업협회 사무실에서 “두 정상의 판문점 선언으로 머지않은 시기에 개성공단이 재개될 것이라는 믿음을 가지게 됐다”며 “조만간 자체 태스크포스를 구성해 재가동 준비작업에 들어가고 개성공단 경험을 살려 입주기업들이 ‘한반도 신경제지도’를 이끄는 선도자가 되기 위해 적극 노력하겠다”고 밝혔다. 그는 “개성공단은 남북 경제협력의 상징이자 진정한 평화로 가는 길목에 있다. 입주기업들은 한시라도 빨리 열렸으면 좋겠지만, 그보다 다시는 정치적 변수나 한반도 정세에 따라 오락가락하지 않을 사업 여건을 갖추는 게 더 중요하다”고 강조했다.
개성공단은 2016년 2월 박근혜 정부가 전면 중단을 발표하고 북 당국도 폐쇄 조처와 함께 군사통제구역으로 선포하면서, 여기에 입주해 있던 120여 기업들이 하루아침에 쫓겨나 2년2개월이 지나도록 돌아가지 못하고 있다. 신 위원장은 “개성공단 입주기업 대표 20여명과 함께 판문점으로 가는 대통령을 응원하려고 새벽부터 청와대 앞길에서 기다리고 있었는데 대통령이 차에서 잠깐 내려 우리와 악수도 했다”며 남북정상회담의 성과에 힘입어 개성공단 재가동뿐만 아니라 다양한 남북경협 사업이 활성화될 수 있기를 기대했다.
Q 개성공단 전면 중단 상태가 지속되면서 입주기업들이 많이 지쳐 있을 텐데.
A “대다수 기업이 큰 피해를 겪었고 심각한 경영난을 겪는 데도 많다. 역사적 남북정상회담을 계기로 개성공단이 재가동될 수 있는 희망이 생겨 가슴이 설레고 기쁘다.”
Q 재가동이 된다면 다시 돌아갈 기업은 얼마나 되나?
A “지난해 현대경제연구원이 입주기업들을 상대로 조사해봤더니 97%가 재입주 의사를 밝혔다. 남북관계의 해빙무드가 무르익어 최근에 다시 조사를 해봤는데, 재입주를 희망하는 기업 비율이 90% 이상으로 나왔다. 개성공단에 대한 입주기업들의 애착이 여전히 크다는 얘기다.”
Q 기업경영의 측면에서 그만큼 개성공단의 이점이 크기 때문인가?
A “단순히 싼 부지를 받을 수 있다거나 북한의 저렴하고 양질의 노동력을 활용할 수 있다는 매력은 그리 크지 않다. 원활한 의사소통과 아침에 원부자재를 주문해 저녁에 완제품을 배에 실을 수 있는 물류체계 등 여러가지 조건이 기업하기에 유리하다. 여기에 남북관계의 발전과 평화에 기업활동으로 기여한다는 자부심도 있다.”
Q 북쪽에 그런 공단이 많이 생기면 남쪽에서는 산업공동화 문제가 발생한다는 우려도 있다.
A “개성공단이 생길 때도 그런 우려가 많았다. 그런데 개성공단 가동으로 남쪽에 5천여개 협력업체에서 9만여명의 고용 창출 효과가 발생했다. 입지 여건을 잘 갖춘 공단이 북쪽에 많이 생기면 남쪽 연관산업과의 연계발전을 꾀할 수 있고, 해외로 나갔던 우리 기업들이 많이 돌아올 수도 있다.”
Q 개성공단이 좀더 안정적으로 재개되려면 어떤 점이 보완되어야 할까?
A “무엇보다 정상적인 기업경영 활동이 안정적으로 보장되도록 법과 제도를 정비해야 한다. 이에 대해 남북간 재가동 논의가 시작되기 전이라도 정부나 국회에 여러가지 건의사항을 전달할 계획이다. 북한 당국하고도 보다 구속력이 강한 합의서 같은 게 채택되었으면 한다.”",13,1630
iks_20180427_hankyoreh_news_018,Hankyoreh news 2018 April 27 corpus.txt,Hankyoreh,한겨레,news,2018-04-27,2018_april_summit,재계 “남북 경협·교류 훈풍 기대”,"경제단체들 일제히 ‘환영’ 논평
‘북 경제건설 총력’ 노선 등 영향
남북 간 경협 범위 확장 가능성","27일 문재인 대통령과 김정은 북한 국무위원장의 남북정상회담을 지켜본 재계는 남북 경제협력과 교류에 큰 기대감을 나타냈다. 남북정상회담이 북-미 정상회담까지 이어져 한반도에 평화체제가 구축되면 남북간 경제교류의 물꼬가 터질 것으로 재계와 경제단체들은 전망했다.
한국경영자총협회는 논평을 통해 “이번 남북정상회담은 새로운 평화의 시대를 알리는 역사적 만남”이라며 “항구적인 평화 정착의 기틀을 마련하고 남북간 경제교류와 협력을 활성화해 우리나라는 물론 동북아시아 경제 전반에 활력을 불어넣을 것으로 기대한다”고 밝혔다. 한국무역협회는 “정상회담을 계기로 과거와는 차원이 다른 지속가능하고 안정적인 남북교역의 길이 열리기를 기대한다”고 했고, 대한상공회의소는 “경제계는 향후 대북제재가 완화되는 등 경협 여건이 성숙하게 되면 남북간 새로운 경제협력의 시대를 개척하는 일에 적극 앞장설 것”이라고 밝혔다. 전국경제인연합회는 “경제계 역시 이번 회담을 계기로 남북 경제협력 강화와 ‘한반도 신경제 구상’ 실현을 위한 국제 협력관계 구축에도 최선을 다할 것”이라고 밝혔다.
주요 그룹들도 한목소리로 한반도 긴장 완화에 따른 경제 훈풍을 기대했다. 특히 금강산관광 주사업자이자 개성공단 개발사업권자인 현대아산이 속한 현대그룹이 가장 크게 반기는 모습이다. 현대그룹은 이날 남북정상회담을 계기로 그동안 중단됐던 금강산관광과 개성공단 가동이 재개될 가능성이 커졌다고 보고 비상대응체제를 가동했다. 한 임원은 “정상회담을 지켜보면서 가슴이 벅찼다. 정주영 명예회장이 물꼬를 튼 남북 경제협력 사업이 조속히 재개되길 기대한다”고 말했다.
현대차그룹 관계자는 “남북정상회담을 계기로 남북간 평화 정착과 경제 발전에 도움이 되길 바란다”고 했고, 에스케이(SK)그룹 관계자는 “이번 정상회담으로 ‘코리아 디스카운트’가 경감되고 우리 경제에도 훈풍이 불길 바란다”고 말했다.
재계에서는 최근 북한이 핵-경제 병진노선을 폐기하고 경제건설에 총력을 기울이는 새로운 전략적 노선을 채택하면서 경협 범위가 기대 이상으로 확장될 가능성이 큰 것으로 보고 있다. 재계 관계자는 “당장 경협 문제를 본격 논의하는 것은 이르지만 남북 화해 분위기를 타고 경제교류 문제가 급물살을 탈 것”이라고 내다봤다.","재계 “남북 경협·교류 훈풍 기대”
경제단체들 일제히 ‘환영’ 논평
‘북 경제건설 총력’ 노선 등 영향
남북 간 경협 범위 확장 가능성
27일 문재인 대통령과 김정은 북한 국무위원장의 남북정상회담을 지켜본 재계는 남북 경제협력과 교류에 큰 기대감을 나타냈다. 남북정상회담이 북-미 정상회담까지 이어져 한반도에 평화체제가 구축되면 남북간 경제교류의 물꼬가 터질 것으로 재계와 경제단체들은 전망했다.
한국경영자총협회는 논평을 통해 “이번 남북정상회담은 새로운 평화의 시대를 알리는 역사적 만남”이라며 “항구적인 평화 정착의 기틀을 마련하고 남북간 경제교류와 협력을 활성화해 우리나라는 물론 동북아시아 경제 전반에 활력을 불어넣을 것으로 기대한다”고 밝혔다. 한국무역협회는 “정상회담을 계기로 과거와는 차원이 다른 지속가능하고 안정적인 남북교역의 길이 열리기를 기대한다”고 했고, 대한상공회의소는 “경제계는 향후 대북제재가 완화되는 등 경협 여건이 성숙하게 되면 남북간 새로운 경제협력의 시대를 개척하는 일에 적극 앞장설 것”이라고 밝혔다. 전국경제인연합회는 “경제계 역시 이번 회담을 계기로 남북 경제협력 강화와 ‘한반도 신경제 구상’ 실현을 위한 국제 협력관계 구축에도 최선을 다할 것”이라고 밝혔다.
주요 그룹들도 한목소리로 한반도 긴장 완화에 따른 경제 훈풍을 기대했다. 특히 금강산관광 주사업자이자 개성공단 개발사업권자인 현대아산이 속한 현대그룹이 가장 크게 반기는 모습이다. 현대그룹은 이날 남북정상회담을 계기로 그동안 중단됐던 금강산관광과 개성공단 가동이 재개될 가능성이 커졌다고 보고 비상대응체제를 가동했다. 한 임원은 “정상회담을 지켜보면서 가슴이 벅찼다. 정주영 명예회장이 물꼬를 튼 남북 경제협력 사업이 조속히 재개되길 기대한다”고 말했다.
현대차그룹 관계자는 “남북정상회담을 계기로 남북간 평화 정착과 경제 발전에 도움이 되길 바란다”고 했고, 에스케이(SK)그룹 관계자는 “이번 정상회담으로 ‘코리아 디스카운트’가 경감되고 우리 경제에도 훈풍이 불길 바란다”고 말했다.
재계에서는 최근 북한이 핵-경제 병진노선을 폐기하고 경제건설에 총력을 기울이는 새로운 전략적 노선을 채택하면서 경협 범위가 기대 이상으로 확장될 가능성이 큰 것으로 보고 있다. 재계 관계자는 “당장 경협 문제를 본격 논의하는 것은 이르지만 남북 화해 분위기를 타고 경제교류 문제가 급물살을 탈 것”이라고 내다봤다.",5,1100
iks_20180427_hankyoreh_news_019,Hankyoreh news 2018 April 27 corpus.txt,Hankyoreh,한겨레,news,2018-04-27,2018_april_summit,"중국 “판문점 선언, 축하하고 환영한다”","교부 대변인 성명 “남북은 하나의 민족”
“상호 신뢰와 관계 개선 일관되게 지지”","중국 정부는 11년 만에 열린 4·27 남북 정상회담이 ‘한반도의 평화와 번영, 통일을 위한 판문점 선언’(판문점 선언)을 내놓은 것에 대해 “축하하고 환영한다”는 입장을 냈다.
루캉 중국 외교부 대변인은 27일 오후 성명을 내어 이렇게 밝히고 “조선(북)과 한국은 하나의 민족으로, 중국은 양쪽이 대화와 협상을 통해 상호 신뢰를 쌓아가고 서로 관계를 개선하는 것을 일관되게 지지한다”고 밝혔다. 루 대변인은 “이는 양쪽과 이 지역의 공동이익에 부합하며, 국제사회의 공동된 기대”라며 남북이 이번 회담 성과를 실질적 결실로 이어갈 것을 주문했다.
다만 루 대변인은 판문점 선언이 남·북·미 또는 남·북·미·중의 대화체를 거론한 것을 의식한 듯, 과거 중국이 의장국을 맡았던 북핵 6자회담을 특정해서 거론하진 않았다. 그는 관련 각국이 대화 추세를 이어가면서 비핵화 및 ‘정치적 해결’ 프로세스를 추진해야 하고 중국 또한 이를 위해 적극적 역할을 하겠다고 밝혔다.
화춘잉 대변인도 앞서 정례 브리핑에서 “오늘 아침 우리 모두 티브이를 통해 남북 정상이 판문점 군사분계선을 넘어 악수하는 역사적인 회담의 첫 순간을 봤다. 중국은 남북 정상이 역사적인 첫발을 내디딘 것에 박수를 보내고 그들이 보여준 정치적 결단과 용기를 높이 평가한다”고 말했다. 그는 이어 “오랜 시간 어려움을 겪은 형제는 서로 만나 웃음 한 번으로 은혜와 원한을 없앨 수 있다”는 문호 루쉰의 시구를 인용하며 “중국은 역사적인 회담이 긍정적 성과를 거두기를 진심으로 바란다. 역사적 판문점 회담을 계기로 한반도에 새로운 장기적인 안정의 길을 여는 첫걸음이 되길 기대한다”고 말했다.
이런 입장은 회담을 바라보는 중국 정부의 태도를 솔직하게 반영한 것으로 보인다. 중국 대외정책의 핵심 목표인 ‘한반도의 안정’이 달성되기를 바란다는 기대감을 밝히면서도, 그 과정에 시간과 노력이 필요할 것이라는 전망을 ‘첫걸음’이라는 표현 속에 드러냈다. 중국 정부는 북핵 문제 해결을 위해 중국이 더 나서야 한다는 미국 등의 요구에 대해 ‘쌍중단’(북한의 핵·미사일 개발과 한-미의 대규모 군사훈련 동시 중단)을 절충안으로 내세우며 한반도 정세의 안정화를 꾀해왔다.
진징이 베이징대 교수는 “북-미 정상회담은 남북 정상회담과는 별개의 궤도에 올랐다고 보지만, 이번 회담 결과는 북-미 회담 추진에도 힘을 실어줄 수 있을 것으로 본다. 미국도 굉장히 필요한 상황이므로 북-미 회담은 정상적으로 이뤄질 것으로 본다”고 전망했다.
6자회담 참가국인 러시아도 한반도 정세 안정에 기여할 것이라고 평했다. 니콜라이 파트루셰프 러시아 연방안보회의 서기는 “모스크바는 한반도의 군사 충돌이 회피되기를 원한다. 정상회담이 지역 정세를 개선시킬 것으로 기대한다”고 말했다. 관영 <타스> 통신도 “김 위원장이 한국을 방문한 첫번째 지도자가 됐다”고 평가하며,“(남북 간에) 직접 대화가 시작됐다는 것은 매우 고무적인 일이다. 이 외의 대안은 없다”는 콘스탄틴 코사체프 상원 외교위원장의 반응을 전했다.","중국 “판문점 선언, 축하하고 환영한다”
교부 대변인 성명 “남북은 하나의 민족”
“상호 신뢰와 관계 개선 일관되게 지지”
중국 정부는 11년 만에 열린 4·27 남북 정상회담이 ‘한반도의 평화와 번영, 통일을 위한 판문점 선언’(판문점 선언)을 내놓은 것에 대해 “축하하고 환영한다”는 입장을 냈다.
루캉 중국 외교부 대변인은 27일 오후 성명을 내어 이렇게 밝히고 “조선(북)과 한국은 하나의 민족으로, 중국은 양쪽이 대화와 협상을 통해 상호 신뢰를 쌓아가고 서로 관계를 개선하는 것을 일관되게 지지한다”고 밝혔다. 루 대변인은 “이는 양쪽과 이 지역의 공동이익에 부합하며, 국제사회의 공동된 기대”라며 남북이 이번 회담 성과를 실질적 결실로 이어갈 것을 주문했다.
다만 루 대변인은 판문점 선언이 남·북·미 또는 남·북·미·중의 대화체를 거론한 것을 의식한 듯, 과거 중국이 의장국을 맡았던 북핵 6자회담을 특정해서 거론하진 않았다. 그는 관련 각국이 대화 추세를 이어가면서 비핵화 및 ‘정치적 해결’ 프로세스를 추진해야 하고 중국 또한 이를 위해 적극적 역할을 하겠다고 밝혔다.
화춘잉 대변인도 앞서 정례 브리핑에서 “오늘 아침 우리 모두 티브이를 통해 남북 정상이 판문점 군사분계선을 넘어 악수하는 역사적인 회담의 첫 순간을 봤다. 중국은 남북 정상이 역사적인 첫발을 내디딘 것에 박수를 보내고 그들이 보여준 정치적 결단과 용기를 높이 평가한다”고 말했다. 그는 이어 “오랜 시간 어려움을 겪은 형제는 서로 만나 웃음 한 번으로 은혜와 원한을 없앨 수 있다”는 문호 루쉰의 시구를 인용하며 “중국은 역사적인 회담이 긍정적 성과를 거두기를 진심으로 바란다. 역사적 판문점 회담을 계기로 한반도에 새로운 장기적인 안정의 길을 여는 첫걸음이 되길 기대한다”고 말했다.
이런 입장은 회담을 바라보는 중국 정부의 태도를 솔직하게 반영한 것으로 보인다. 중국 대외정책의 핵심 목표인 ‘한반도의 안정’이 달성되기를 바란다는 기대감을 밝히면서도, 그 과정에 시간과 노력이 필요할 것이라는 전망을 ‘첫걸음’이라는 표현 속에 드러냈다. 중국 정부는 북핵 문제 해결을 위해 중국이 더 나서야 한다는 미국 등의 요구에 대해 ‘쌍중단’(북한의 핵·미사일 개발과 한-미의 대규모 군사훈련 동시 중단)을 절충안으로 내세우며 한반도 정세의 안정화를 꾀해왔다.
진징이 베이징대 교수는 “북-미 정상회담은 남북 정상회담과는 별개의 궤도에 올랐다고 보지만, 이번 회담 결과는 북-미 회담 추진에도 힘을 실어줄 수 있을 것으로 본다. 미국도 굉장히 필요한 상황이므로 북-미 회담은 정상적으로 이뤄질 것으로 본다”고 전망했다.
6자회담 참가국인 러시아도 한반도 정세 안정에 기여할 것이라고 평했다. 니콜라이 파트루셰프 러시아 연방안보회의 서기는 “모스크바는 한반도의 군사 충돌이 회피되기를 원한다. 정상회담이 지역 정세를 개선시킬 것으로 기대한다”고 말했다. 관영 <타스> 통신도 “김 위원장이 한국을 방문한 첫번째 지도자가 됐다”고 평가하며,“(남북 간에) 직접 대화가 시작됐다는 것은 매우 고무적인 일이다. 이 외의 대안은 없다”는 콘스탄틴 코사체프 상원 외교위원장의 반응을 전했다.",7,1475
iks_20180427_hankyoreh_news_020,Hankyoreh news 2018 April 27 corpus.txt,Hankyoreh,한겨레,news,2018-04-27,2018_april_summit,"아베 “판문점선언, 전향적 움직임으로 환영”","일본 정부 대북 정책에 대해서는 구체적 언급 피해
고노 외상 정상회담 당일에도 ‘독도 디저트’ 불평","아베 신조 일본 총리가 4·27 남북 정상회담 공동선언문(판문점선언)에 대해 “전향적인 움직임으로 환영한다”고 평가했다.
아베 총리는 27일 저녁 ‘한반도의 평화와 번영, 통일을 위한 판문점 선언’이 발표된 뒤 도쿄 총리관저에서 간이 기자회견에 나서 “오늘 문재인 대통령과 김정은 국무위위원장이 북한 비핵화를 향해 진지하게 논의한 것 그리고 북한을 둘러싼 모든 안건에 대해 포괄적인 해결을 향한 전향적인 움직임을 보인 것을 환영한다. 한국 정부의 (남북) 정상회담 실현을 위한 노력을 칭찬하고 싶다”고 말했다.
아베 총리는 이어 “이번 회담과 (앞으로 예정된) 북-미 정상회담을 통해 북한이 구체적 행동을 취할 것을 강하게 기대한다. 북한의 향후 동향을 주시하겠다. 구체적 내용에 대해서는 앞으로 문 대통령에게 직접 전화를 통해 전해 들을 예정이다. 문 대통령의 (남북 정상회담에 대한) 생각을 포함해 자세한 이야기를 듣고 싶다”고 말했다. 그는 또 “납치·핵·미사일 문제의 포괄적인 해결을 향해 그리고 북-미 정상회담을 위해 한-미-일이 긴밀히 연계하고 싶다. 이 문제의 해결을 위해 중국, 러시아, 국제사회와도 착실히 연계할 것이다”라고 말했다.
아베 총리는 그러나 향후 일본의 대북 정책에 대해선 (9·19 공동선언 등 북한이 비핵화를 약속했던) “과거 성명이 있었다. 노무현 대통령과 김정일 국방위원장이 발표한 성명(10·4 공동선언)도 있었다. 이런 성명과 비교 분석하며 앞으로 대처하고 싶다. 어찌됐든 문 대통령과 도널드 트럼프 미국 대통령과 긴밀히 연계하고 싶다”며 즉답을 피했다. 아베 총리는 일부에서 지적하는 일본이 ‘모기장 밖에 있다’는 ‘일본 소외론’에 대해선 “전혀 맞지 않는다. 트럼프 대통령과 (미-일 정상회담 때) 11시간에 걸쳐서 충분히 이야기했고 앞으로의 기본적 대응에 대해서 완전히 (미-일이) 일치했다. 이를 바탕으로 문 대통령과도 이야기했고 미-일의 기본적 방향에 대해 문 대통령과도 (의견이) 일치했다”고 말했다.
일본 석간 신문들은 “북한은 그동안 비핵화 대가만을 취하고 도망가왔다”며 이날 오전 시작된 남북 정상회담을 회의적으로 전했다. 화기애애했던 회담 분위기에 대해도 “남북 화해 연출”이라는 제목을 달아 부정적인 시각을 드러내는 경우가 많았다.
일본 외무성도 판문점선언이 공개된 뒤 “정상회담 실현에 이르기까지의 한국 정부 노력을 칭찬한다”는 내용의 담화를 내놨다. 외무성은 담화에서 “문 대통령과 김 위원장이 북한 비핵화를 포함한 의제에 대해서 처음으로 직접 논의하고 김 위원장이 북한 비핵화를 향한 의사를 문서상 확인한 것은 북한을 둘러싼 모든 안건의 포괄적 해결을 향한 전향적 움직임이다. 일본은 이를 환영한다”고 평가했다. 외무성은 이어 “이번 회담과 앞으로 있을 북-미 정상회담 등을 통해 북한이 안보리 결의에 따라 생물·화학무기를 포함한 모든 대량파괴무기와 여러 사정 거리의 탄도미사일을 완전하고 검증가능하고 불가역적인 방법(CVID)으로 폐기하는 것을 향해 구체적 행동을 취할 것을 강하게 기대한다. 일본은 계속해 북한 동향에 대해 중대한 관심을 갖고 정보 수집·분석을 하고 주시할 것”이라고 밝혔다.
앞서, 고노 다로 일본 외상은 ‘독도 디저트’에 대해 다시 한번 불만을 나타냈다. 고노 외상은 독도가 그려진 한반도기로 장식된 디저트가 남북정상회담 만찬 메뉴로 오른데 대해 “매우 불필요하다. 외무성이 이미 한국 쪽에 말했지만 오늘은 비핵화를 포함해 여러 가지 것이 정상회담에서 논의되기 때문에 상황을 착실히 지켜보고 싶다”고 말했다. 후쿠이 데루 영토문제담당상도 “다케시마(일본이 독도를 부르는 명칭)는 역사적으로도 국제법상으로도 일본의 영토이므로 매우 유감이다. 일본의 입장을 이해할 수 있도록 일본의 입장을 강하게 전달하겠다”고 말했다.","아베 “판문점선언, 전향적 움직임으로 환영”
일본 정부 대북 정책에 대해서는 구체적 언급 피해
고노 외상 정상회담 당일에도 ‘독도 디저트’ 불평
아베 신조 일본 총리가 4·27 남북 정상회담 공동선언문(판문점선언)에 대해 “전향적인 움직임으로 환영한다”고 평가했다.
아베 총리는 27일 저녁 ‘한반도의 평화와 번영, 통일을 위한 판문점 선언’이 발표된 뒤 도쿄 총리관저에서 간이 기자회견에 나서 “오늘 문재인 대통령과 김정은 국무위위원장이 북한 비핵화를 향해 진지하게 논의한 것 그리고 북한을 둘러싼 모든 안건에 대해 포괄적인 해결을 향한 전향적인 움직임을 보인 것을 환영한다. 한국 정부의 (남북) 정상회담 실현을 위한 노력을 칭찬하고 싶다”고 말했다.
아베 총리는 이어 “이번 회담과 (앞으로 예정된) 북-미 정상회담을 통해 북한이 구체적 행동을 취할 것을 강하게 기대한다. 북한의 향후 동향을 주시하겠다. 구체적 내용에 대해서는 앞으로 문 대통령에게 직접 전화를 통해 전해 들을 예정이다. 문 대통령의 (남북 정상회담에 대한) 생각을 포함해 자세한 이야기를 듣고 싶다”고 말했다. 그는 또 “납치·핵·미사일 문제의 포괄적인 해결을 향해 그리고 북-미 정상회담을 위해 한-미-일이 긴밀히 연계하고 싶다. 이 문제의 해결을 위해 중국, 러시아, 국제사회와도 착실히 연계할 것이다”라고 말했다.
아베 총리는 그러나 향후 일본의 대북 정책에 대해선 (9·19 공동선언 등 북한이 비핵화를 약속했던) “과거 성명이 있었다. 노무현 대통령과 김정일 국방위원장이 발표한 성명(10·4 공동선언)도 있었다. 이런 성명과 비교 분석하며 앞으로 대처하고 싶다. 어찌됐든 문 대통령과 도널드 트럼프 미국 대통령과 긴밀히 연계하고 싶다”며 즉답을 피했다. 아베 총리는 일부에서 지적하는 일본이 ‘모기장 밖에 있다’는 ‘일본 소외론’에 대해선 “전혀 맞지 않는다. 트럼프 대통령과 (미-일 정상회담 때) 11시간에 걸쳐서 충분히 이야기했고 앞으로의 기본적 대응에 대해서 완전히 (미-일이) 일치했다. 이를 바탕으로 문 대통령과도 이야기했고 미-일의 기본적 방향에 대해 문 대통령과도 (의견이) 일치했다”고 말했다.
일본 석간 신문들은 “북한은 그동안 비핵화 대가만을 취하고 도망가왔다”며 이날 오전 시작된 남북 정상회담을 회의적으로 전했다. 화기애애했던 회담 분위기에 대해도 “남북 화해 연출”이라는 제목을 달아 부정적인 시각을 드러내는 경우가 많았다.
일본 외무성도 판문점선언이 공개된 뒤 “정상회담 실현에 이르기까지의 한국 정부 노력을 칭찬한다”는 내용의 담화를 내놨다. 외무성은 담화에서 “문 대통령과 김 위원장이 북한 비핵화를 포함한 의제에 대해서 처음으로 직접 논의하고 김 위원장이 북한 비핵화를 향한 의사를 문서상 확인한 것은 북한을 둘러싼 모든 안건의 포괄적 해결을 향한 전향적 움직임이다. 일본은 이를 환영한다”고 평가했다. 외무성은 이어 “이번 회담과 앞으로 있을 북-미 정상회담 등을 통해 북한이 안보리 결의에 따라 생물·화학무기를 포함한 모든 대량파괴무기와 여러 사정 거리의 탄도미사일을 완전하고 검증가능하고 불가역적인 방법(CVID)으로 폐기하는 것을 향해 구체적 행동을 취할 것을 강하게 기대한다. 일본은 계속해 북한 동향에 대해 중대한 관심을 갖고 정보 수집·분석을 하고 주시할 것”이라고 밝혔다.
앞서, 고노 다로 일본 외상은 ‘독도 디저트’에 대해 다시 한번 불만을 나타냈다. 고노 외상은 독도가 그려진 한반도기로 장식된 디저트가 남북정상회담 만찬 메뉴로 오른데 대해 “매우 불필요하다. 외무성이 이미 한국 쪽에 말했지만 오늘은 비핵화를 포함해 여러 가지 것이 정상회담에서 논의되기 때문에 상황을 착실히 지켜보고 싶다”고 말했다. 후쿠이 데루 영토문제담당상도 “다케시마(일본이 독도를 부르는 명칭)는 역사적으로도 국제법상으로도 일본의 영토이므로 매우 유감이다. 일본의 입장을 이해할 수 있도록 일본의 입장을 강하게 전달하겠다”고 말했다.",7,1849
iks_20180427_hankyoreh_news_021,Hankyoreh news 2018 April 27 corpus.txt,Hankyoreh,한겨레,news,2018-04-27,2018_april_summit,트럼프 “한국전쟁 끝난다!”…남북정상회담 환영 트위트,"판문점 선언에서 종전협정의 평화협정 전환에 지지 시사
중국과도 한반도 종전협정 논의 진행도 드러내
트위터 통해 “한국에서 일어나는 것에 대해 자부심”
“분노의 한 해 뒤, 역사적인 만남이 현재 진행중”","도널드 트럼프 미국 대통령은 27일 문재인 대통령과 김정은 북한 국무위원장의 정상회담 뒤 나온 ‘판문점 선언’에 대해 “한국전쟁은 끝난다!”라고 반응했다.
트럼프 대통령은 이날 트위터에 “한국전쟁 끝난다! 미국, 그리고 모든 위대한 사람들은 한국에서 현재 일어나는 것에 대해 자부심을 느껴야 한다!”는 글을 올렸다. 또 “미사일 발사와 핵실험이라는 분노의 한 해 뒤, 남북한 사이의 역사적 만남이 진행되고 있다”며 “좋은 일들이 일어나고 있지만 (최종 성공 여부는) 오직 시간이 말해줄 것이다!”라고 밝혔다.
트럼프 대통령의 이같은 평가는 남북 정상이 발표한 ‘한반도 평화와 번영, 통일을 위한 판문점 선언’에서 밝힌 “올해 종전을 선언하고 정전협정을 평화협정으로 전환한다”는 합의를 적극적으로 받아들인 것이다. 이에 따라 트럼프 대통령은 한반도 “평화체제 구축을 위한 남·북·미 3자 또는 남·북·미·중 4자회담 개최를 적극 추진해 나가기로 하였다”는 문 대통령과 김 위원장의 합의에 적극 동참할 것으로 보인다.
트럼프 대통령은 이미 지난 18일 아베 신조 일본 총리와의 정상회담에서 “그들(남북한)은 (한국전쟁) 종전 문제를 논의하고 있으며, 나는 이 논의를 축복한다”고 말한 바 있다. 이미 남북한 사이에서 논의되는 종전 문제를 숙지하고 있으며, 이를 적극적으로 지지할 것임을 시사한 것이다.
트럼프는 이어 또다른 트윗을 통해 “나의 좋은 친구, 중국의 시 주석이 미국에, 특히 북한과의 국경에서 보여준 큰 도움을 잊지 말아달라”며 “그가 없었다면, 이것은 더 길고, 힘든 과정이었을 것이다!”고 말했다. 이는 중국과 협력으로 한반도 종전협정 논의가 진행되고 있음을 보여주는 대목이다.
미국 백악관은 앞서 논평을 통해 “미국은 우리의 동맹인 한국의 긴밀한 공조에 감사하고 있으며, 몇 주 안에 열릴 도널드 트럼프 대통령과 김 위원장의 회담 준비에서도 견고한 논의를 지속해나가기를 고대한다”고 밝혔다. 남북정상회담의 성과를 바탕으로 북-미 정상회담을 준비하겠다는 의미다.","트럼프 “한국전쟁 끝난다!”…남북정상회담 환영 트위트
판문점 선언에서 종전협정의 평화협정 전환에 지지 시사
중국과도 한반도 종전협정 논의 진행도 드러내
트위터 통해 “한국에서 일어나는 것에 대해 자부심”
“분노의 한 해 뒤, 역사적인 만남이 현재 진행중”
도널드 트럼프 미국 대통령은 27일 문재인 대통령과 김정은 북한 국무위원장의 정상회담 뒤 나온 ‘판문점 선언’에 대해 “한국전쟁은 끝난다!”라고 반응했다.
트럼프 대통령은 이날 트위터에 “한국전쟁 끝난다! 미국, 그리고 모든 위대한 사람들은 한국에서 현재 일어나는 것에 대해 자부심을 느껴야 한다!”는 글을 올렸다. 또 “미사일 발사와 핵실험이라는 분노의 한 해 뒤, 남북한 사이의 역사적 만남이 진행되고 있다”며 “좋은 일들이 일어나고 있지만 (최종 성공 여부는) 오직 시간이 말해줄 것이다!”라고 밝혔다.
트럼프 대통령의 이같은 평가는 남북 정상이 발표한 ‘한반도 평화와 번영, 통일을 위한 판문점 선언’에서 밝힌 “올해 종전을 선언하고 정전협정을 평화협정으로 전환한다”는 합의를 적극적으로 받아들인 것이다. 이에 따라 트럼프 대통령은 한반도 “평화체제 구축을 위한 남·북·미 3자 또는 남·북·미·중 4자회담 개최를 적극 추진해 나가기로 하였다”는 문 대통령과 김 위원장의 합의에 적극 동참할 것으로 보인다.
트럼프 대통령은 이미 지난 18일 아베 신조 일본 총리와의 정상회담에서 “그들(남북한)은 (한국전쟁) 종전 문제를 논의하고 있으며, 나는 이 논의를 축복한다”고 말한 바 있다. 이미 남북한 사이에서 논의되는 종전 문제를 숙지하고 있으며, 이를 적극적으로 지지할 것임을 시사한 것이다.
트럼프는 이어 또다른 트윗을 통해 “나의 좋은 친구, 중국의 시 주석이 미국에, 특히 북한과의 국경에서 보여준 큰 도움을 잊지 말아달라”며 “그가 없었다면, 이것은 더 길고, 힘든 과정이었을 것이다!”고 말했다. 이는 중국과 협력으로 한반도 종전협정 논의가 진행되고 있음을 보여주는 대목이다.
미국 백악관은 앞서 논평을 통해 “미국은 우리의 동맹인 한국의 긴밀한 공조에 감사하고 있으며, 몇 주 안에 열릴 도널드 트럼프 대통령과 김 위원장의 회담 준비에서도 견고한 논의를 지속해나가기를 고대한다”고 밝혔다. 남북정상회담의 성과를 바탕으로 북-미 정상회담을 준비하겠다는 의미다.",6,993
iks_20180427_hankyoreh_news_022,Hankyoreh news 2018 April 27 corpus.txt,Hankyoreh,한겨레,news,2018-04-27,2018_april_summit,"‘84년생 김정은’, 꼬박꼬박 “저와 문재인 대통령은…”",,"김정은 북한 국무위원장은 1984년생이다. 문재인 대통령은 1953년생이다. 31살 차이다. 북한에서 ‘최고존엄’의 지위를 갖는 김 위원장은, 그러나 문 대통령과 자신을 동시에 호명할 때는 꼬박꼬박 자신을 “저”라고 낮춰 불렀다.
27일 오후 김 위원장은 문 대통령과 ‘한반도의 평화와 번영, 통일을 위한 판문점 선언’에 서명한 뒤 판문점 평화의집 앞에서 합의 내용을 공동 발표했다. 김 위원장은 “오늘 저와 문재인 대통령은 분열의 비극과 통일의 열망이 동결돼 있는 이곳 판문점에서 역사적 책임과 사명감을 안고 첫 회담을 가졌다”며 아버지뻘인 문 대통령을 예우하는 모습을 보였다. 먼저 발표한 문 대통령이 “김정은 위원장과 나는 평화를 바라는 8천만 겨레의 염원으로 역사적인 만남을 갖고 귀중한 합의를 이뤘다”고 말한 것과 대비를 이뤘다. ‘외국’ 정상과의 공동 발표문에서는 느낄 수 없는 한국어만의 존칭법이 남북한 정상회담에서는 자연스럽게 나타난 것이다.
김 위원장은 이어 두 차례 더 “저와 문재인 대통령”이라고 칭했다. 반면 “우리 민족의 새로운 미래를 개척할 결심을 안고 나는 오늘 판문점 분리선을 넘어 여기에 왔다” 등 본인만을 주어로 할 때는 ‘나’라는 표현을 썼다.","‘84년생 김정은’, 꼬박꼬박 “저와 문재인 대통령은…”
김정은 북한 국무위원장은 1984년생이다. 문재인 대통령은 1953년생이다. 31살 차이다. 북한에서 ‘최고존엄’의 지위를 갖는 김 위원장은, 그러나 문 대통령과 자신을 동시에 호명할 때는 꼬박꼬박 자신을 “저”라고 낮춰 불렀다.
27일 오후 김 위원장은 문 대통령과 ‘한반도의 평화와 번영, 통일을 위한 판문점 선언’에 서명한 뒤 판문점 평화의집 앞에서 합의 내용을 공동 발표했다. 김 위원장은 “오늘 저와 문재인 대통령은 분열의 비극과 통일의 열망이 동결돼 있는 이곳 판문점에서 역사적 책임과 사명감을 안고 첫 회담을 가졌다”며 아버지뻘인 문 대통령을 예우하는 모습을 보였다. 먼저 발표한 문 대통령이 “김정은 위원장과 나는 평화를 바라는 8천만 겨레의 염원으로 역사적인 만남을 갖고 귀중한 합의를 이뤘다”고 말한 것과 대비를 이뤘다. ‘외국’ 정상과의 공동 발표문에서는 느낄 수 없는 한국어만의 존칭법이 남북한 정상회담에서는 자연스럽게 나타난 것이다.
김 위원장은 이어 두 차례 더 “저와 문재인 대통령”이라고 칭했다. 반면 “우리 민족의 새로운 미래를 개척할 결심을 안고 나는 오늘 판문점 분리선을 넘어 여기에 왔다” 등 본인만을 주어로 할 때는 ‘나’라는 표현을 썼다.",3,603
iks_20180427_hankyoreh_news_023,Hankyoreh news 2018 April 27 corpus.txt,Hankyoreh,한겨레,news,2018-04-27,2018_april_summit,올해 한국전쟁 끝나고 평화협정 체결된다,,"2018년, 65년을 끌었던 한국전쟁이 끝난다.
문재인 대통령과 김정은 북한 국무위원장은 27일 ‘한반도의 평화와 번영, 통일을 위한 판문점 선언’을 통해 “비정상적인 현재의 정전상태를 종식시키고 확고한 평화체제를 수립하는 것은 더 이상 미룰 수 없는 역사적 과제”라는 데에 동의하고 “올해에 종전을 선언하고 정전협정을 평화협정으로 전환”하기로 합의했다. 두 정상은 이를 위한 구체적인 방법으로 ‘남·북·미 3자’ 또는 ‘남·북·미·중 4자’회담을 적극 추진하는 데에도 합의했다. 종전 선언과 평화체제 전환의 시점을 ‘올해’로 못박고 정전체제의 ‘직접 관련국 정상들과의 회담’이라는 구체적 방식을 제시해 실현 가능성을 높였다. 따라서 5월말 또는 6월초 예정된 북-미 정상회담에서 한반도 비핵화와 체제보장에 관한 구체적인 합의가 있을 경우, 남·북·미 또는 남·북·미·중 정상회의를 통한 종전선언과 평화협정 체결 등으로 이어질 것으로 관측된다.
이번 판문점 선언을 통해 두 정상이 의지를 밝힌 ‘평화체제 구축’은, 문 대통령의 동지였던 노무현 전 대통령과 김정은 위원장의 부친인 김정일 전 국방위원장이 2007년 합의했던 ‘10·4 선언’의 연장선 위에 있다. 노 전 대통령과 김 전 위원장은 “군사적 적대관계를 종식시키고 한반도에서 긴장 완화와 평화를 보장하기 위해 긴밀히 협력”하기로 합의하면서 “남과 북은 현 정전체제를 종식시키고 항구적인 평화체제를 구축해 나가야 한다는 데 인식을 같이하고 직접 관련된 3자 또는 4자 정상들이 한반도 지역에서 만나 종전을 선언하는 문제를 추진하기 위해 협력”하기로 합의한 바 있다.
판문점 선언과 10·4 선언은 표현과 구성이 거의 비슷해보이지만 확연한 차이가 있다. 우선, 10·4 선언은 시점을 특정하지 않은 반면, 문 대통령과 김 위원장은 종전선언과 평화협정 체결 시점을 ‘올해’로 못박았다. 문 대통령은 올해 신년사에서 “올해가 한반도 평화의 새로운 원년이 되도록 최선을 다하겠다. 이 과정에서 동맹국 미국과 중국, 일본 등 관련 국가들을 비롯해 국제사회와 더욱 긴밀히 협력할 것”이라고 밝혔고, 김 위원장도 신년사를 통해 평창 동계올림핌에 북쪽 대표단 파견 뜻을 밝히면서 “북남관계를 개선해 올해를 사변적 해로 빛내야 한다”고 강조했다. 두 정상 모두 올해를 한반도에서 냉전체제를 해체할 적기로 판단했기 때문에 이같은 합의가 가능했던 것으로 보인다.
2007년 10·4 선언에서 거론된 ‘직접 관련된 3자 또는 4자 정상’은, 이번 판문점 선언에서 ‘남·북·미 3자’ 또는 ‘남·북·미·중 4자’로 구체화됐다. 정전협정 65주년을 맞는 올해, 한국전쟁의 직접 당사국인 네 나라 혹은 북한의 핵·미사일 문제의 직접 당사국인 남·북·미 정상이 만나 종전을 선언하고 평화협정을 모색하는 방안이 현실적이라는 문제의식이 작용한 것으로 관측된다.
문 대통령은 지난 24일 아베 신조 일본 총리와 통화에서 “종전 선언은 남북만의 대화로 해결되는 것이 아니라 최소한 남북미 3자 합의가 이뤄져야 성공을 할 수 있다”고 밝힌 바 있다.","올해 한국전쟁 끝나고 평화협정 체결된다
2018년, 65년을 끌었던 한국전쟁이 끝난다.
문재인 대통령과 김정은 북한 국무위원장은 27일 ‘한반도의 평화와 번영, 통일을 위한 판문점 선언’을 통해 “비정상적인 현재의 정전상태를 종식시키고 확고한 평화체제를 수립하는 것은 더 이상 미룰 수 없는 역사적 과제”라는 데에 동의하고 “올해에 종전을 선언하고 정전협정을 평화협정으로 전환”하기로 합의했다. 두 정상은 이를 위한 구체적인 방법으로 ‘남·북·미 3자’ 또는 ‘남·북·미·중 4자’회담을 적극 추진하는 데에도 합의했다. 종전 선언과 평화체제 전환의 시점을 ‘올해’로 못박고 정전체제의 ‘직접 관련국 정상들과의 회담’이라는 구체적 방식을 제시해 실현 가능성을 높였다. 따라서 5월말 또는 6월초 예정된 북-미 정상회담에서 한반도 비핵화와 체제보장에 관한 구체적인 합의가 있을 경우, 남·북·미 또는 남·북·미·중 정상회의를 통한 종전선언과 평화협정 체결 등으로 이어질 것으로 관측된다.
이번 판문점 선언을 통해 두 정상이 의지를 밝힌 ‘평화체제 구축’은, 문 대통령의 동지였던 노무현 전 대통령과 김정은 위원장의 부친인 김정일 전 국방위원장이 2007년 합의했던 ‘10·4 선언’의 연장선 위에 있다. 노 전 대통령과 김 전 위원장은 “군사적 적대관계를 종식시키고 한반도에서 긴장 완화와 평화를 보장하기 위해 긴밀히 협력”하기로 합의하면서 “남과 북은 현 정전체제를 종식시키고 항구적인 평화체제를 구축해 나가야 한다는 데 인식을 같이하고 직접 관련된 3자 또는 4자 정상들이 한반도 지역에서 만나 종전을 선언하는 문제를 추진하기 위해 협력”하기로 합의한 바 있다.
판문점 선언과 10·4 선언은 표현과 구성이 거의 비슷해보이지만 확연한 차이가 있다. 우선, 10·4 선언은 시점을 특정하지 않은 반면, 문 대통령과 김 위원장은 종전선언과 평화협정 체결 시점을 ‘올해’로 못박았다. 문 대통령은 올해 신년사에서 “올해가 한반도 평화의 새로운 원년이 되도록 최선을 다하겠다. 이 과정에서 동맹국 미국과 중국, 일본 등 관련 국가들을 비롯해 국제사회와 더욱 긴밀히 협력할 것”이라고 밝혔고, 김 위원장도 신년사를 통해 평창 동계올림핌에 북쪽 대표단 파견 뜻을 밝히면서 “북남관계를 개선해 올해를 사변적 해로 빛내야 한다”고 강조했다. 두 정상 모두 올해를 한반도에서 냉전체제를 해체할 적기로 판단했기 때문에 이같은 합의가 가능했던 것으로 보인다.
2007년 10·4 선언에서 거론된 ‘직접 관련된 3자 또는 4자 정상’은, 이번 판문점 선언에서 ‘남·북·미 3자’ 또는 ‘남·북·미·중 4자’로 구체화됐다. 정전협정 65주년을 맞는 올해, 한국전쟁의 직접 당사국인 네 나라 혹은 북한의 핵·미사일 문제의 직접 당사국인 남·북·미 정상이 만나 종전을 선언하고 평화협정을 모색하는 방안이 현실적이라는 문제의식이 작용한 것으로 관측된다.
문 대통령은 지난 24일 아베 신조 일본 총리와 통화에서 “종전 선언은 남북만의 대화로 해결되는 것이 아니라 최소한 남북미 3자 합의가 이뤄져야 성공을 할 수 있다”고 밝힌 바 있다.",6,1494
iks_20180427_hankyoreh_news_024,Hankyoreh news 2018 April 27 corpus.txt,Hankyoreh,한겨레,news,2018-04-27,2018_april_summit,판문점에서 불어온 훈풍....광주·전남 남북교류 사업 물꼬 트일까,"광주시, 내년 광주세계수영선수권대회에 북한 선수단 참가 추진
전남도, 평양 발효 콩 공장 건립과 수묵비엔날레에 북한작가 초대","판문점 선언으로 남북화해 분위기 조성되면서 광주·전남지역의 남북교류 사업 추진에 기대가 크다.
광주시와 전남도는 27일 남북정상회담의 성사로 최근 몇해 사이 남북관계의 경색으로 활로를 찾지 못했던 내년 광주세계수영선수권대회 북한 선수단 참가와 평양 발효 콩 공장 설립 지원 등 대북교류 사업에 청신호가 켜졌다고 밝혔다.
광주시는 ‘오월에서 통일로’라는 주제로 체육·문화·민간지원 등 세 분야에서 광주형 남북교류 협력사업을 추진한다. 특히 내년 7월12일 개막하는 2019 광주세계수영선수권대회에 북한 선수단을 참가하도록 하는 데 초점을 맞춘다. 광주시는 지난 2015년 열린 광주하계유니버시아드에 북한 참가를 추진하다 무산된 바가 있다. 평창동계올림픽 이후 활발해진 정부의 협조체계를 활용하면 성사될 가능성이 크다.
세계수영선수권대회 조직위원회는 ‘평화의 물결 속으로’(DIVE INTO PEACE)라는 대회 구호에 맞춰 오는 9월 수영대회 300일 전 남북 문화공연을 추진한다. 조영택 조직위 사무총장은 “내년 대회는 남북정상회담과 평창올림픽 등 한반도 평화 정착을 위한 그간의 노력이 활짝 꽃피우는 행사로 준비하겠다. 내년 사전 점검대회 때 북한 선수단이 참가하고 광주에서 북한 선수들이 전지훈련을 할 수 있도록 노력하겠다”고 말했다.
이와 함께 광주시 양궁선수단과 북한 선수단의 공동 전지훈련도 검토하고 있다. 합동훈련과 기술·경기물품 등 지원을 통해 교류를 확대한다는 방침이다.
또 올해 하반기에 열리는 광주비엔날레에 북한 참관단을 초청하고 국립아시아문화전당에서 북한 문화 특별전을 개최하는 방안도 추진한다. 이념 색이 옅은 동양화, 도자기, 유물 등부터 전시한다.
민간 분야에서 유치원·학교·병원 등 취약계층 공동생활시설을 대상으로 신재생 에너지 자립마을 시범사업 시행도 검토하고 있다. 재원은 2004년부터 적립해 44억원이 확보된 남북교류협력기금을 사용한다. 북한에 200∼300가구 규모의 신재생 에너지 타운을 조성한다는 계획이다.
그동안 광주시는 2007년 수해지역 주택복구 지원(1억7천만원), 2008∼2009년 평양 배합사료 생산공장 건립 지원(6억7천400만원) 등을 했다.
전남도는 2007년 10월 준공한 평양 발효 콩 공장에 이은 제2공장 설립을 지원할 계획이다. 전남도는 2008년 제빵기계를 지원하고 2공장을 위해 2억원을 지원하려 했지만 장기간 진전이 없었다.
문화 교류를 위해 오는 9월 개최 예정인 세계 수묵화비엔날레에 북한 작가와 작품을 초청할 계획이다. 지난 2015년 제안한 ‘땅끝 협력사업’도 다시 추진할 수 있다. 남북 땅끝 지역이 있는 상징성을 고려해 전남과 함북이 협력하며 구체적으로는 산모와 불우이웃에게 미역과 쌀을 보내는 인도적 내용이다.
평양 여자 실업 배구단과 전남 대학 배구단의 친선 경기 논의도 재개할 수 있을지 주목된다. 전남도 쪽은 “선언 이후 통일부에서 대북제재 해제 등 후속 조처를 할 것으로 보인다. 구체적 방침이 확정되면 즉각 남북교류 협력사업을 추진하겠다”고 전했다.","판문점에서 불어온 훈풍....광주·전남 남북교류 사업 물꼬 트일까
광주시, 내년 광주세계수영선수권대회에 북한 선수단 참가 추진
전남도, 평양 발효 콩 공장 건립과 수묵비엔날레에 북한작가 초대
판문점 선언으로 남북화해 분위기 조성되면서 광주·전남지역의 남북교류 사업 추진에 기대가 크다.
광주시와 전남도는 27일 남북정상회담의 성사로 최근 몇해 사이 남북관계의 경색으로 활로를 찾지 못했던 내년 광주세계수영선수권대회 북한 선수단 참가와 평양 발효 콩 공장 설립 지원 등 대북교류 사업에 청신호가 켜졌다고 밝혔다.
광주시는 ‘오월에서 통일로’라는 주제로 체육·문화·민간지원 등 세 분야에서 광주형 남북교류 협력사업을 추진한다. 특히 내년 7월12일 개막하는 2019 광주세계수영선수권대회에 북한 선수단을 참가하도록 하는 데 초점을 맞춘다. 광주시는 지난 2015년 열린 광주하계유니버시아드에 북한 참가를 추진하다 무산된 바가 있다. 평창동계올림픽 이후 활발해진 정부의 협조체계를 활용하면 성사될 가능성이 크다.
세계수영선수권대회 조직위원회는 ‘평화의 물결 속으로’(DIVE INTO PEACE)라는 대회 구호에 맞춰 오는 9월 수영대회 300일 전 남북 문화공연을 추진한다. 조영택 조직위 사무총장은 “내년 대회는 남북정상회담과 평창올림픽 등 한반도 평화 정착을 위한 그간의 노력이 활짝 꽃피우는 행사로 준비하겠다. 내년 사전 점검대회 때 북한 선수단이 참가하고 광주에서 북한 선수들이 전지훈련을 할 수 있도록 노력하겠다”고 말했다.
이와 함께 광주시 양궁선수단과 북한 선수단의 공동 전지훈련도 검토하고 있다. 합동훈련과 기술·경기물품 등 지원을 통해 교류를 확대한다는 방침이다.
또 올해 하반기에 열리는 광주비엔날레에 북한 참관단을 초청하고 국립아시아문화전당에서 북한 문화 특별전을 개최하는 방안도 추진한다. 이념 색이 옅은 동양화, 도자기, 유물 등부터 전시한다.
민간 분야에서 유치원·학교·병원 등 취약계층 공동생활시설을 대상으로 신재생 에너지 자립마을 시범사업 시행도 검토하고 있다. 재원은 2004년부터 적립해 44억원이 확보된 남북교류협력기금을 사용한다. 북한에 200∼300가구 규모의 신재생 에너지 타운을 조성한다는 계획이다.
그동안 광주시는 2007년 수해지역 주택복구 지원(1억7천만원), 2008∼2009년 평양 배합사료 생산공장 건립 지원(6억7천400만원) 등을 했다.
전남도는 2007년 10월 준공한 평양 발효 콩 공장에 이은 제2공장 설립을 지원할 계획이다. 전남도는 2008년 제빵기계를 지원하고 2공장을 위해 2억원을 지원하려 했지만 장기간 진전이 없었다.
문화 교류를 위해 오는 9월 개최 예정인 세계 수묵화비엔날레에 북한 작가와 작품을 초청할 계획이다. 지난 2015년 제안한 ‘땅끝 협력사업’도 다시 추진할 수 있다. 남북 땅끝 지역이 있는 상징성을 고려해 전남과 함북이 협력하며 구체적으로는 산모와 불우이웃에게 미역과 쌀을 보내는 인도적 내용이다.
평양 여자 실업 배구단과 전남 대학 배구단의 친선 경기 논의도 재개할 수 있을지 주목된다. 전남도 쪽은 “선언 이후 통일부에서 대북제재 해제 등 후속 조처를 할 것으로 보인다. 구체적 방침이 확정되면 즉각 남북교류 협력사업을 추진하겠다”고 전했다.",11,1478
iks_20180427_hankyoreh_news_025,Hankyoreh news 2018 April 27 corpus.txt,Hankyoreh,한겨레,news,2018-04-27,2018_april_summit,중국 “한반도 장기적 안정의 첫걸음 되길”,"“형제는 한번 웃음으로 지난 원한을 없앨 수 있다”
중국 정부 4·27 남북정상회담에 조심스러운 기대감
러시아도 “회담으로 지역 정세 개선 기대”","중국 정부는 11년 만에 열린 4·27 남북 정상회담에 대해 “한반도에 새로운 장기적인 안정의 길을 여는 첫 걸음이 되길 기대한다”며 기대감을 드러냈다.
화춘잉 중국 외교부 대변인은 27일 오후 정례 브리핑에서 “오늘 아침 우리 모두 티브이를 통해 남북 정상이 판문점 군사분계선을 넘어 악수하는 역사적인 회담의 첫 순간을 봤다. 중국은 남북 정상이 역사적인 첫발을 내디딘 것에 박수를 보내고 그들이 보여준 정치적 결단과 용기를 높이 평가한다”고 말했다. 그는 이어 “오랜 시간 어려움을 겪은 형제는 서로 만나 웃음 한 번으로 은혜와 원한을 없앨 수 있다”는 문호 루쉰의 시구를 인용하며 “중국은 역사적인 회담이 긍정적 성과를 거두기를 진심으로 바란다. 역사적 판문점 회담을 계기로 한반도에 새로운 장기적인 안정의 길을 여는 첫걸음이 되길 기대한다”고 말했다.
이런 입장은 회담을 바라보는 중국 정부의 태도를 솔직하게 반영한 것으로 보인다. 중국 대외정책의 핵심 목표인 ‘한반도의 안정’이 달성되기를 바란다는 기대감을 밝히면서도, 그 과정에 시간과 노력이 필요할 것이라는 전망을 ‘첫걸음’이라는 표현 속에 드러냈다. 중국 정부는 북핵 문제 해결을 위해 중국이 더 나서야 한다는 미국 등의 요구에 대해 ‘쌍중단’(북한의 핵·미사일 개발과 한-미의 대규모 군사훈련 동시 중단)을 절충안으로 내세우며 한반도 정세의 안정화를 꾀해왔다.
진징이 베이징대 교수는 “북-미 정상회담은 남북 정상회담과는 별개의 궤도에 올랐다고 보지만, 이번 회담 결과는 북-미 회담 추진에도 힘을 실어줄 수 있을 것으로 본다. 미국도 굉장히 필요한 상황이므로 북-미 회담은 정상적으로 이뤄질 것으로 본다”고 전망했다.
6자회담 참가국인 러시아도 한반도 정세 안정에 기여할 것이라고 평했다. 니콜라이 파트루셰프 러시아 연방안보회의 서기는 “모스크바는 한반도의 군사 충돌이 회피되기를 원한다. 정상회담이 지역 정세를 개선시킬 것으로 기대한다”고 말했다. 관영 <타스> 통신도 “김 위원장이 한국을 방문한 첫번째 지도자가 됐다”고 평가하며,“(남북 간에) 직접 대화가 시작됐다는 것은 매우 고무적인 일이다. 이 외의 대안은 없다”는 콘스탄틴 코사체프 상원 외교위원장의 반응을 전했다.","중국 “한반도 장기적 안정의 첫걸음 되길”
“형제는 한번 웃음으로 지난 원한을 없앨 수 있다”
중국 정부 4·27 남북정상회담에 조심스러운 기대감
러시아도 “회담으로 지역 정세 개선 기대”
중국 정부는 11년 만에 열린 4·27 남북 정상회담에 대해 “한반도에 새로운 장기적인 안정의 길을 여는 첫 걸음이 되길 기대한다”며 기대감을 드러냈다.
화춘잉 중국 외교부 대변인은 27일 오후 정례 브리핑에서 “오늘 아침 우리 모두 티브이를 통해 남북 정상이 판문점 군사분계선을 넘어 악수하는 역사적인 회담의 첫 순간을 봤다. 중국은 남북 정상이 역사적인 첫발을 내디딘 것에 박수를 보내고 그들이 보여준 정치적 결단과 용기를 높이 평가한다”고 말했다. 그는 이어 “오랜 시간 어려움을 겪은 형제는 서로 만나 웃음 한 번으로 은혜와 원한을 없앨 수 있다”는 문호 루쉰의 시구를 인용하며 “중국은 역사적인 회담이 긍정적 성과를 거두기를 진심으로 바란다. 역사적 판문점 회담을 계기로 한반도에 새로운 장기적인 안정의 길을 여는 첫걸음이 되길 기대한다”고 말했다.
이런 입장은 회담을 바라보는 중국 정부의 태도를 솔직하게 반영한 것으로 보인다. 중국 대외정책의 핵심 목표인 ‘한반도의 안정’이 달성되기를 바란다는 기대감을 밝히면서도, 그 과정에 시간과 노력이 필요할 것이라는 전망을 ‘첫걸음’이라는 표현 속에 드러냈다. 중국 정부는 북핵 문제 해결을 위해 중국이 더 나서야 한다는 미국 등의 요구에 대해 ‘쌍중단’(북한의 핵·미사일 개발과 한-미의 대규모 군사훈련 동시 중단)을 절충안으로 내세우며 한반도 정세의 안정화를 꾀해왔다.
진징이 베이징대 교수는 “북-미 정상회담은 남북 정상회담과는 별개의 궤도에 올랐다고 보지만, 이번 회담 결과는 북-미 회담 추진에도 힘을 실어줄 수 있을 것으로 본다. 미국도 굉장히 필요한 상황이므로 북-미 회담은 정상적으로 이뤄질 것으로 본다”고 전망했다.
6자회담 참가국인 러시아도 한반도 정세 안정에 기여할 것이라고 평했다. 니콜라이 파트루셰프 러시아 연방안보회의 서기는 “모스크바는 한반도의 군사 충돌이 회피되기를 원한다. 정상회담이 지역 정세를 개선시킬 것으로 기대한다”고 말했다. 관영 <타스> 통신도 “김 위원장이 한국을 방문한 첫번째 지도자가 됐다”고 평가하며,“(남북 간에) 직접 대화가 시작됐다는 것은 매우 고무적인 일이다. 이 외의 대안은 없다”는 콘스탄틴 코사체프 상원 외교위원장의 반응을 전했다.",5,1089
iks_20180427_hankyoreh_news_026,Hankyoreh news 2018 April 27 corpus.txt,Hankyoreh,한겨레,news,2018-04-27,2018_april_summit,소독약으로 닦고 또 닦고…북 ‘특별한 경호’,,"북측은 27일 판문점 남측 '평화의 집'에서 열린남북정상회담에서 김정은 북한 국무위원장에 대한 철통 경호를 펼쳤다.
이날 오전 김 위원장이 '평화의 집'에 도착하기 전 북측 경호원 2명은 김 위원장이 사용할 집기를 소독약으로 닦고, 폭발물 등이 설치되어 있는지 꼼꼼히 살폈다.
특히 북측 경호원 한 명은 분무기를 사용해 방명록 책상과 의자에 소독약을 뿌리고 등받이와 팔걸이, 의자 다리까지 닦아냈다. 소독약으로 닦고 또 닦고…‘특별한 경호’ 김 위원장이 탑승한 벤츠 리무진이 움직일 때는 12명의 건장한 경호원들이 차량을 에워싼 채 함께 달리며 차량을 경호해 눈길을 끌었다. 경호원들은 하나같이 키가 크고 체격이 건장했으며 흰색 와이셔츠에 푸른색 계열의 넥타이를 매고 검은색 양복을 입었다.","소독약으로 닦고 또 닦고…북 ‘특별한 경호’
북측은 27일 판문점 남측 '평화의 집'에서 열린남북정상회담에서 김정은 북한 국무위원장에 대한 철통 경호를 펼쳤다.
이날 오전 김 위원장이 '평화의 집'에 도착하기 전 북측 경호원 2명은 김 위원장이 사용할 집기를 소독약으로 닦고, 폭발물 등이 설치되어 있는지 꼼꼼히 살폈다.
특히 북측 경호원 한 명은 분무기를 사용해 방명록 책상과 의자에 소독약을 뿌리고 등받이와 팔걸이, 의자 다리까지 닦아냈다. 소독약으로 닦고 또 닦고…‘특별한 경호’ 김 위원장이 탑승한 벤츠 리무진이 움직일 때는 12명의 건장한 경호원들이 차량을 에워싼 채 함께 달리며 차량을 경호해 눈길을 끌었다. 경호원들은 하나같이 키가 크고 체격이 건장했으며 흰색 와이셔츠에 푸른색 계열의 넥타이를 매고 검은색 양복을 입었다.",3,386
iks_20180427_hankyoreh_news_027,Hankyoreh news 2018 April 27 corpus.txt,Hankyoreh,한겨레,news,2018-04-27,2018_april_summit,"일, “한국 정부 노력에 경의” 표한다면서도 “독도는 우리 땅”","독도 디저트 “불필요하다” 또다시 불만 나타내
영토담당상은 “독도는 일본 영토” 또 발언","일본 정부는 27일 남북 정상회담 시작 직후 “남북 정상회담에 대한 한국 정부의 노력에 경의를 표하고 싶다”는 반응을 내놨다. 그러나 북핵 문제의 철저한 해결과 일본인 납치 문제를 재차 언급하며 자국 입장을 강조했다.
고노 다로 외상은 남북 정상회담 시작 직후 “남북 정상회담이 실현된 데는 한국 정부의 공헌과 노력이 매우 컸기 때문에 경의를 표하고 싶다”고 말했다. 남북 정상회담 내용에 대해서는 예단을 가지고 얘기할 것은 아니라며, 회담 뒤 한국에서 정보를 제공할 것이라고 말했다.
스가 요시히데 관방장관은 “납치, 핵, 미사일이라는 모든 안건의 포괄적 해결을 향한 전향적 논의를 기대”한다며 ‘납치’를 앞세웠다. 오노데라 이쓰노리 방위상도 “남북 정상회담과 이후 북-미 정상회담을 통해 북한의 납치, 핵, 미사일이라는 모든 안건에 대해서 (북한의) 구체적 행동을 끌어내는 것이 중요하다. 이번 회담의 동향을 착실히 주시해 북한의 구체적 행동으로 연결될지 지켜보고 싶다”고 말했다.
일본 정부는 남북 정상회담 당일에도 ‘독도 디저트’에 대해 불만을 나타냈다. 고노 외상은 독도가 그려진 한반도기로 장식된 디저트가 남북 정상회담 만찬 메뉴로 오르는 데 대해 “매우 불필요하다. 외무성이 이미 한국 쪽에 말했지만 오늘은 비핵화를 포함해 여러 가지 것이 정상회담에서 논의되기 때문에 상황을 착실히 지켜보고 싶다”고 말했다. 후쿠이 데루 영토문제담당상도 “다케시마(일본이 독도를 부르는 명칭)는 역사적으로도 국제법상으로도 일본의 영토이므로, 매우 유감”이라며 “일본의 입장에 대한 이해가 이뤄지도록 전달 강화에 힘쓰겠다”고 했다.","일, “한국 정부 노력에 경의” 표한다면서도 “독도는 우리 땅”
독도 디저트 “불필요하다” 또다시 불만 나타내
영토담당상은 “독도는 일본 영토” 또 발언
일본 정부는 27일 남북 정상회담 시작 직후 “남북 정상회담에 대한 한국 정부의 노력에 경의를 표하고 싶다”는 반응을 내놨다. 그러나 북핵 문제의 철저한 해결과 일본인 납치 문제를 재차 언급하며 자국 입장을 강조했다.
고노 다로 외상은 남북 정상회담 시작 직후 “남북 정상회담이 실현된 데는 한국 정부의 공헌과 노력이 매우 컸기 때문에 경의를 표하고 싶다”고 말했다. 남북 정상회담 내용에 대해서는 예단을 가지고 얘기할 것은 아니라며, 회담 뒤 한국에서 정보를 제공할 것이라고 말했다.
스가 요시히데 관방장관은 “납치, 핵, 미사일이라는 모든 안건의 포괄적 해결을 향한 전향적 논의를 기대”한다며 ‘납치’를 앞세웠다. 오노데라 이쓰노리 방위상도 “남북 정상회담과 이후 북-미 정상회담을 통해 북한의 납치, 핵, 미사일이라는 모든 안건에 대해서 (북한의) 구체적 행동을 끌어내는 것이 중요하다. 이번 회담의 동향을 착실히 주시해 북한의 구체적 행동으로 연결될지 지켜보고 싶다”고 말했다.
일본 정부는 남북 정상회담 당일에도 ‘독도 디저트’에 대해 불만을 나타냈다. 고노 외상은 독도가 그려진 한반도기로 장식된 디저트가 남북 정상회담 만찬 메뉴로 오르는 데 대해 “매우 불필요하다. 외무성이 이미 한국 쪽에 말했지만 오늘은 비핵화를 포함해 여러 가지 것이 정상회담에서 논의되기 때문에 상황을 착실히 지켜보고 싶다”고 말했다. 후쿠이 데루 영토문제담당상도 “다케시마(일본이 독도를 부르는 명칭)는 역사적으로도 국제법상으로도 일본의 영토이므로, 매우 유감”이라며 “일본의 입장에 대한 이해가 이뤄지도록 전달 강화에 힘쓰겠다”고 했다.",4,798
iks_20180427_hankyoreh_news_028,Hankyoreh news 2018 April 27 corpus.txt,Hankyoreh,한겨레,news,2018-04-27,2018_april_summit,남북 정상 “한반도에 더 이상 전쟁 없을 것”,"문 대통령-김 위원장 ‘판문점 선언’
종전선언·평화협정 전환 적극 추진
8.15 이산상봉, 동해·경의선 연결
개성에 공동연락사무소 설치 등 합의
문 대통령, 올 가을 평양 방문키로","문재인 대통령과 김정은 북한 국무위원장은 27일 판문점 평화의집에서 남북정상회담을 열어 ‘한반도 평화와 번영, 통일을 위한 판문점 선언’을 발표했다. 두 정상은 이날 오후 평화의집 1층 로비에서 ‘판문점 선언’에 함께 서명했다.
이날 선언에는 △남북 공동연락사무소 개성지역 설치 △남북 적대행위 선면 중지 △단계적 군축 실현 △완전한 비핵화 목표 확인 등이 포함됐다. 또 두 정상은 올 가을 문 대통령이 평양을 방문하는데 합의했다.
아래는 판문점 선언 전문이다.
""한반도의 평화와 번영, 통일을 위한 판문점 선언""
대한민국 문재인 대통령과 조선민주주의인민공화국 김정은 국무위원장은 평화와 번영, 통일을 염원하는 온 겨레의 한결같은 지향을 담아 한반도에서 역사적인 전환이 일어나고 있는 뜻깊은 시기에 2018년 4월 27일 판문점 평화의 집에서 남북정상회담을 진행하였다.
양 정상은 한반도에 더 이상 전쟁은 없을 것이며 새로운 평화의 시대가 열리었음을 8천만 우리 겨레와 전 세계에 엄숙히 천명하였다.
양 정상은 냉전의 산물인 오랜 분단과 대결을 하루 빨리 종식시키고 민족적 화해와 평화번영의 새로운 시대를 과감하게 일어나가며 남북관계를 보다 적극적으로 개선하고 발전시켜 나가야 한다는 확고한 의지를 담아 역사의 땅 판문점에서 다음과 같이 선언하였다.
1. 남과 북은 남북 관계의 전면적이며 획기적인 개선과 발전을 이룩함으로써 끊어진 민족의 혈맥을 잇고 공동번영과 자주통일의 미래를 앞당겨 나갈 것이다.
남북관계를 개선하고 발전시키는 것은 온 겨레의 한결같은 소망이며 더 이상 미룰 수 없는 시대의 절박한 요구이다.
ⓛ 남과 북은 우리 민족의 운명은 우리 스스로 결정한다는 민족 자주의 원칙을 확인하였으며 이미 채택된 남북 선언들과 모든 해방들을 철저히 이행함으로 써 관계 개선과 발전의 전환적 국면을 열어나가기로 하였다.
② 남과 북은 고위급 회담을 비롯한 각 분야의 대화와 협상을 빠른 시일 안에 개최하여 정상회담에서 합의된 문제들을 실천하기 위한 적극적인 대책을 세워나가기로 하였다.
③ 남과 북은 당국 간 협의를 긴밀히 하고 민간교류와 협력을 원만히 보장하기 위하여 쌍방 당국자가 상주하는 남북공동연락사무소를 개성지역에 설치하기로 하였다.
④ 남과 북은 민족적 화해와 단합의 분위기를 고조시켜 나가기 위하여 각계각층의 다방면적인 협력과 교류 왕래와 접촉을 활성화하기로 하였다.
안으로는 6.15를 비롯하여 남과북에 다같이 의의가 있는 날들을 계기로 당국과 국회, 정당, 지방자치단체, 민간단체 등 각계각층이 참가하는 민족공동행사를 적극 추진하여 화해와 협력의 분위기를 고조시키 며, 밖으로는 2018년 아시아경기대회를 비롯한 국제경기들에 공동으로 진출하여 민족의 슬기와 재능, 단합된 모습을 전 세계에 과시하기로 하였다.
⑤ 남과 북은 민족 분단으로 발생된 인도적 문제를 시급히 해결하기 위하여 노력하며, 남북 적십자회담을 개최하여 이산가족·친척상봉을 비롯한 제반 문제들을 협의 해결해 나가기로 하였다. 당면하여 오는 8.15를 계기로 이산가족·친척 상봉을 진행하기로 하였다.
⑥ 남과 북은 민족경제의 균형적 발전과 공동번영을 이룩하기 위하여 10.4선언에서 합의된 사업들을 적극 추진해 나가며 1차적으로 동해선 및 경의선 철도와 도로들을 연결하고 현대화하여 활용하기 위한 실천적 대책들을 취해나가기로 하였다.
2. 남과 북은 한반도에서 첨예한 군사적 긴장상태를 완화하고 전쟁 위험을 실질적으로 해소하기 위하여 공동으로 노력해 나갈 것이다.
① 남과 북은 지상과 해상, 공중을 비롯한 모든 공간에서 군사적 긴장과 충돌의 근원으로 되는 상대방에 대한 일체의 적대행위를 전면 중지하기로 하였다.
당면하여 5월 1일부터 군사분계선 일대에서 확성기 방송과 전단살포를 비롯한 모든 적대 행위들을 중지하고 그 수단을 철폐하며 앞으로 비무장지대를 실질적인 평화지대로 만들어 나가기로 하였다.
② 남과 북은 서해 북방한계선 일대를 평화수역으로 만들어 우발적인 군사적 충돌을 방지하고 안전한 어로 활동을 보장하기 위한 실제적인 대책을 세워나가기로 하였다.
③ 남과 북은 상호협력과 교류, 왕래와 접촉이 활성화 되는 데 따른 여러 가지 군사적 보장대책을 취하기로 하였다.
남과 북은 쌍방 사이에 제기되는 군사적 문제를 지체 없이 협의 해결하기 위하여 국방부장관회담을 비롯한 군사당국자회담을 자주개최하며 5월 중에 먼저 장성급 군사회담을 열기로 하였다.
3. 남과 북은 한반도의 항구적이며 공고한 평화체제 구축을 위하여 적극 협력해 나갈 것이다.
한반도에서 비정상적인 현재의 정전상태를 종식시키고 확고한 평화체제를 수립하는 것은 더 이상 미룰 수 없는 역사적 과제이다.
① 남과 북은 그 어떤 형태의 무력도 서로 사용하지 않을 때 대한 불가침 합의를 재확인하고 엄격히 준수해 나가기로 하였다.
② 남과 북은 군사적 긴장이 해소되고 서로의 군사적 신뢰가 실질적으로 구축되는 데 따라 단계적으로 군축을 실현해 나가기로 하였다.
③ 남과 북은 정전협정체결 65년이 되는 올해에 종전을 선언하고 정전협정을 평화협정으로 전환하며 항구적이고 공고한 평화체제 구축을 위한 남·북·미 3자 또는 남·북·미·중 4자회담 개최를 적극 추진해 나가기로 하였다.
④ 남과 북은 완전한 비핵화를 통해 핵 없는 한반도를 실현한다는 공동의 목표를 확인하였다.
남과 북은 북측이 취하고 있는 주동적인 조치들이 한반도 비핵화를 위해 대단히 의의 있고 중대한 조치라는데 인식을 같이 하고 앞으로 각기 자기의 책임과 역할을 다하기로 하였다.
남과 북은 한반도 비핵화를 위한 국제사회의 지지와 협력을 위해 적극 노력하기로 하였다.
양 정상은 정기적인 회담과 직통전화를 통하여 민족의 중대사를 수시로 진지하게 논의하고 신뢰를 굳건히 하며, 남북관계의 지속적인 발전과 한반도의 평화와 번영, 통일을 향한 좋은 흐름을 더욱 확대해 나가기 위하여 함께 노력하기로 하였다.
당면하여 문재인 대통령은 올해 가을 평양을 방문하기로 하였다.
2018년 4월 27일
판 문 점
대한민국대통령 대통령 문재인
조선민주인민공화국 국무위원회 위원장 김정은","남북 정상 “한반도에 더 이상 전쟁 없을 것”
문 대통령-김 위원장 ‘판문점 선언’
종전선언·평화협정 전환 적극 추진
8.15 이산상봉, 동해·경의선 연결
개성에 공동연락사무소 설치 등 합의
문 대통령, 올 가을 평양 방문키로
문재인 대통령과 김정은 북한 국무위원장은 27일 판문점 평화의집에서 남북정상회담을 열어 ‘한반도 평화와 번영, 통일을 위한 판문점 선언’을 발표했다. 두 정상은 이날 오후 평화의집 1층 로비에서 ‘판문점 선언’에 함께 서명했다.
이날 선언에는 △남북 공동연락사무소 개성지역 설치 △남북 적대행위 선면 중지 △단계적 군축 실현 △완전한 비핵화 목표 확인 등이 포함됐다. 또 두 정상은 올 가을 문 대통령이 평양을 방문하는데 합의했다.
아래는 판문점 선언 전문이다.
""한반도의 평화와 번영, 통일을 위한 판문점 선언""
대한민국 문재인 대통령과 조선민주주의인민공화국 김정은 국무위원장은 평화와 번영, 통일을 염원하는 온 겨레의 한결같은 지향을 담아 한반도에서 역사적인 전환이 일어나고 있는 뜻깊은 시기에 2018년 4월 27일 판문점 평화의 집에서 남북정상회담을 진행하였다.
양 정상은 한반도에 더 이상 전쟁은 없을 것이며 새로운 평화의 시대가 열리었음을 8천만 우리 겨레와 전 세계에 엄숙히 천명하였다.
양 정상은 냉전의 산물인 오랜 분단과 대결을 하루 빨리 종식시키고 민족적 화해와 평화번영의 새로운 시대를 과감하게 일어나가며 남북관계를 보다 적극적으로 개선하고 발전시켜 나가야 한다는 확고한 의지를 담아 역사의 땅 판문점에서 다음과 같이 선언하였다.
1. 남과 북은 남북 관계의 전면적이며 획기적인 개선과 발전을 이룩함으로써 끊어진 민족의 혈맥을 잇고 공동번영과 자주통일의 미래를 앞당겨 나갈 것이다.
남북관계를 개선하고 발전시키는 것은 온 겨레의 한결같은 소망이며 더 이상 미룰 수 없는 시대의 절박한 요구이다.
ⓛ 남과 북은 우리 민족의 운명은 우리 스스로 결정한다는 민족 자주의 원칙을 확인하였으며 이미 채택된 남북 선언들과 모든 해방들을 철저히 이행함으로 써 관계 개선과 발전의 전환적 국면을 열어나가기로 하였다.
② 남과 북은 고위급 회담을 비롯한 각 분야의 대화와 협상을 빠른 시일 안에 개최하여 정상회담에서 합의된 문제들을 실천하기 위한 적극적인 대책을 세워나가기로 하였다.
③ 남과 북은 당국 간 협의를 긴밀히 하고 민간교류와 협력을 원만히 보장하기 위하여 쌍방 당국자가 상주하는 남북공동연락사무소를 개성지역에 설치하기로 하였다.
④ 남과 북은 민족적 화해와 단합의 분위기를 고조시켜 나가기 위하여 각계각층의 다방면적인 협력과 교류 왕래와 접촉을 활성화하기로 하였다.
안으로는 6.15를 비롯하여 남과북에 다같이 의의가 있는 날들을 계기로 당국과 국회, 정당, 지방자치단체, 민간단체 등 각계각층이 참가하는 민족공동행사를 적극 추진하여 화해와 협력의 분위기를 고조시키 며, 밖으로는 2018년 아시아경기대회를 비롯한 국제경기들에 공동으로 진출하여 민족의 슬기와 재능, 단합된 모습을 전 세계에 과시하기로 하였다.
⑤ 남과 북은 민족 분단으로 발생된 인도적 문제를 시급히 해결하기 위하여 노력하며, 남북 적십자회담을 개최하여 이산가족·친척상봉을 비롯한 제반 문제들을 협의 해결해 나가기로 하였다. 당면하여 오는 8.15를 계기로 이산가족·친척 상봉을 진행하기로 하였다.
⑥ 남과 북은 민족경제의 균형적 발전과 공동번영을 이룩하기 위하여 10.4선언에서 합의된 사업들을 적극 추진해 나가며 1차적으로 동해선 및 경의선 철도와 도로들을 연결하고 현대화하여 활용하기 위한 실천적 대책들을 취해나가기로 하였다.
2. 남과 북은 한반도에서 첨예한 군사적 긴장상태를 완화하고 전쟁 위험을 실질적으로 해소하기 위하여 공동으로 노력해 나갈 것이다.
① 남과 북은 지상과 해상, 공중을 비롯한 모든 공간에서 군사적 긴장과 충돌의 근원으로 되는 상대방에 대한 일체의 적대행위를 전면 중지하기로 하였다.
당면하여 5월 1일부터 군사분계선 일대에서 확성기 방송과 전단살포를 비롯한 모든 적대 행위들을 중지하고 그 수단을 철폐하며 앞으로 비무장지대를 실질적인 평화지대로 만들어 나가기로 하였다.
② 남과 북은 서해 북방한계선 일대를 평화수역으로 만들어 우발적인 군사적 충돌을 방지하고 안전한 어로 활동을 보장하기 위한 실제적인 대책을 세워나가기로 하였다.
③ 남과 북은 상호협력과 교류, 왕래와 접촉이 활성화 되는 데 따른 여러 가지 군사적 보장대책을 취하기로 하였다.
남과 북은 쌍방 사이에 제기되는 군사적 문제를 지체 없이 협의 해결하기 위하여 국방부장관회담을 비롯한 군사당국자회담을 자주개최하며 5월 중에 먼저 장성급 군사회담을 열기로 하였다.
3. 남과 북은 한반도의 항구적이며 공고한 평화체제 구축을 위하여 적극 협력해 나갈 것이다.
한반도에서 비정상적인 현재의 정전상태를 종식시키고 확고한 평화체제를 수립하는 것은 더 이상 미룰 수 없는 역사적 과제이다.
① 남과 북은 그 어떤 형태의 무력도 서로 사용하지 않을 때 대한 불가침 합의를 재확인하고 엄격히 준수해 나가기로 하였다.
② 남과 북은 군사적 긴장이 해소되고 서로의 군사적 신뢰가 실질적으로 구축되는 데 따라 단계적으로 군축을 실현해 나가기로 하였다.
③ 남과 북은 정전협정체결 65년이 되는 올해에 종전을 선언하고 정전협정을 평화협정으로 전환하며 항구적이고 공고한 평화체제 구축을 위한 남·북·미 3자 또는 남·북·미·중 4자회담 개최를 적극 추진해 나가기로 하였다.
④ 남과 북은 완전한 비핵화를 통해 핵 없는 한반도를 실현한다는 공동의 목표를 확인하였다.
남과 북은 북측이 취하고 있는 주동적인 조치들이 한반도 비핵화를 위해 대단히 의의 있고 중대한 조치라는데 인식을 같이 하고 앞으로 각기 자기의 책임과 역할을 다하기로 하였다.
남과 북은 한반도 비핵화를 위한 국제사회의 지지와 협력을 위해 적극 노력하기로 하였다.
양 정상은 정기적인 회담과 직통전화를 통하여 민족의 중대사를 수시로 진지하게 논의하고 신뢰를 굳건히 하며, 남북관계의 지속적인 발전과 한반도의 평화와 번영, 통일을 향한 좋은 흐름을 더욱 확대해 나가기 위하여 함께 노력하기로 하였다.
당면하여 문재인 대통령은 올해 가을 평양을 방문하기로 하였다.
2018년 4월 27일
판 문 점
대한민국대통령 대통령 문재인
조선민주인민공화국 국무위원회 위원장 김정은",36,2957
iks_20180427_hankyoreh_news_029,Hankyoreh news 2018 April 27 corpus.txt,Hankyoreh,한겨레,news,2018-04-27,2018_april_summit,남북 65년만에 전쟁 끝낸다,"문 대통령-김 위원장 ‘판문점 선언’
종전선언·평화협정 전환 적극 추진
8.15 이산상봉, 동해·경의선 연결
개성에 공동연락사무소 설치 등 합의
문 대통령, 올 가을 평양 방문키로","2018년, 65년을 끌었던 한국전쟁이 끝난다.
문재인 대통령과 김정은 북한 국무위원장은 27일 ‘한반도의 평화와 번영, 통일을 위한 판문점 선언’을 통해 “비정상적인 현재의 정전상태를 종식시키고 확고한 평화체제를 수립하는 것은 더 이상 미룰 수 없는 역사적 과제”라는 데에 동의하고 “올해에 종전을 선언하고 정전협정을 평화협정으로 전환”하기로 합의했다. 두 정상은 이를 위한 구체적인 방법으로 ‘남·북·미 3자’ 또는 ‘남·북·미·중 4자’회담을 적극 추진하는 데에도 합의했다. 종전 선언과 평화체제 전환의 시점을 ‘올해’로 못박고 정전체제의 ‘직접 관련국 정상들과의 회담’이라는 구체적 방식을 제시해 실현 가능성을 높였다. 따라서 5월말 또는 6월초 예정된 북-미 정상회담에서 한반도 비핵화와 체제보장에 관한 구체적인 합의가 있을 경우, 남·북·미 또는 남·북·미·중 정상회의를 통한 종전선언과 평화협정 체결 등으로 이어질 것으로 관측된다.
이번 판문점 선언을 통해 두 정상이 의지를 밝힌 ‘평화체제 구축’은, 문 대통령의 동지였던 노무현 전 대통령과 김정은 위원장의 부친인 김정일 전 국방위원장이 2007년 합의했던 ‘10·4 선언’의 연장선 위에 있다. 노 전 대통령과 김 전 위원장은 “군사적 적대관계를 종식시키고 한반도에서 긴장 완화와 평화를 보장하기 위해 긴밀히 협력”하기로 합의하면서 “남과 북은 현 정전체제를 종식시키고 항구적인 평화체제를 구축해 나가야 한다는 데 인식을 같이하고 직접 관련된 3자 또는 4자 정상들이 한반도 지역에서 만나 종전을 선언하는 문제를 추진하기 위해 협력”하기로 합의한 바 있다.
판문점 선언과 10·4 선언은 표현과 구성이 거의 비슷해보이지만 확연한 차이가 있다. 우선, 10·4 선언은 시점을 특정하지 않은 반면, 문 대통령과 김 위원장은 종전선언과 평화협정 체결 시점을 ‘올해’로 못박았다. 문 대통령은 올해 신년사에서 “올해가 한반도 평화의 새로운 원년이 되도록 최선을 다하겠다. 이 과정에서 동맹국 미국과 중국, 일본 등 관련 국가들을 비롯해 국제사회와 더욱 긴밀히 협력할 것”이라고 밝혔고, 김 위원장도 신년사를 통해 평창 동계올림핌에 북쪽 대표단 파견 뜻을 밝히면서 “북남관계를 개선해 올해를 사변적 해로 빛내야 한다”고 강조했다. 두 정상 모두 올해를 한반도에서 냉전체제를 해체할 적기로 판단했기 때문에 이같은 합의가 가능했던 것으로 보인다.
2007년 10·4 선언에서 거론된 ‘직접 관련된 3자 또는 4자 정상’은, 이번 판문점 선언에서 ‘남·북·미 3자’ 또는 ‘남·북·미·중 4자’로 구체화됐다. 정전협정 65주년을 맞는 올해, 한국전쟁의 직접 당사국인 네 나라 혹은 북한의 핵·미사일 문제의 직접 당사국인 남·북·미 정상이 만나 종전을 선언하고 평화협정을 모색하는 방안이 현실적이라는 문제의식이 작용한 것으로 관측된다.
문 대통령은 지난 24일 아베 신조 일본 총리와 통화에서 “종전 선언은 남북만의 대화로 해결되는 것이 아니라 최소한 남북미 3자 합의가 이뤄져야 성공을 할 수 있다”고 밝힌 바 있다.
아래는 판문점 선언 전문이다.
""한반도의 평화와 번영, 통일을 위한 판문점 선언""
대한민국 문재인 대통령과 조선민주주의인민공화국 김정은 국무위원장은 평화와 번영, 통일을 염원하는 온 겨레의 한결같은 지향을 담아 한반도에서 역사적인 전환이 일어나고 있는 뜻 깊은 시기에 2018년 4월 27일 판문점「평화의 집」에서 남북정상회담을 진행하였다.
양 정상은 한반도에 더 이상 전쟁은 없을 것이며 새로운 평화의 시대가 열리었음을 8천만 우리 겨레와 전 세계에 엄숙히 천명하였다.
양 정상은 냉전의 산물인 오랜 분단과 대결을 하루 빨리 종식시키고 민족적 화해와 평화번영의 새로운 시대를 과감하게 열어나가며 남북관계를 보다 적극적으로 개선하고 발전시켜 나가야 한다는 확고한 의지를 담아 역사의 땅 판문점에서 다음과 같이 선언하였다.
1. 남과 북은 남북관계의 전면적이며 획기적인 개선과 발전을 이룩함으로써 끊어진 민족의 혈맥을 잇고 공동번영과 자주통일의 미래를 앞당겨나갈 것이다.
남북관계를 개선하고 발전시키는 것은 온 겨레의 한결같은 소망이며 더 이상 미룰 수 없는 시대의 절박한 요구이다.
① 남과 북은 우리 민족의 운명은 우리 스스로 결정한다는 민족자주의 원칙을 확인하였으며 이미 채택된 남북 선언들과 모든 합의들을 철저히 이행함으로써 관계개선과 발전의 전환적 국면을 열어나가기로 하였다.
② 남과 북은 고위급회담을 비롯한 각 분야의 대화와 협상을 빠른 시일안에 개최하여 정상회담에서 합의된 문제들을 실천하기 위한 적극적인 대책을 세워나가기로 하였다.
③ 남과 북은 당국간 협의를 긴밀히 하고 민간교류와 협력을 원만히 보장하기 위하여 쌍방 당국자가 상주하는 남북공동연락사무소를 개성지역에 설치하기로 하였다.
④ 남과 북은 민족적 화해와 단합의 분위기를 고조시켜 나가기 위하여 각계각층의 다방면적인 협력과 교류, 왕래와 접촉을 활성화하기로 하였다.
안으로는 6.15를 비롯하여 남과 북에 다같이 의의가 있는 날들을 계기로 당국과 국회, 정당, 지방자치단체, 민간단체 등 각계각층이 참가하는 민족공동행사를 적극 추진하여 화해와 협력의 분위기를 고조시키며, 밖으로는 2018년 아시아경기대회를 비롯한 국제경기들에 공동으로 진출하여 민족의 슬기와 재능, 단합된 모습을 전 세계에 과시하기로 하였다.
⑤ 남과 북은 민족 분단으로 발생된 인도적 문제를 시급히 해결하기 위하여 노력하며, 남북적십자회담을 개최하여 이산가족ㆍ친척 상봉을 비롯한 제반 문제들을 협의 해결해나가기로 하였다.
당면하여 오는 8.15를 계기로 이산가족ㆍ친척 상봉을 진행하기로 하였다.
⑥ 남과 북은 민족경제의 균형적 발전과 공동번영을 이룩하기 위하여 10.4 선언에서 합의된 사업들을 적극 추진해나가며, 1차적으로 동해선 및 경의선 철도와 도로들을 연결하고 현대화하여 활용하기 위한 실천적 대책들을 취해 나가기로 하였다.
2. 남과 북은 한반도에서 첨예한 군사적 긴장상태를 완화하고 전쟁 위험을 실질적으로 해소하기 위하여 공동으로 노력해나갈 것이다.
한반도의 군사적 긴장상태를 완화하고 전쟁위험을 해소하는 것은 민족의 운명과 관련되는 매우 중대한 문제이며 우리 겨레의 평화롭고 안정된 삶을 보장하기 위한 관건적인 문제이다.
① 남과 북은 지상과 해상, 공중을 비롯한 모든 공간에서 군사적 긴장과 충돌의 근원으로 되는 상대방에 대한 일체의 적대행위를 전면 중지하기로 하였다.
당면하여 5월 1일부터 군사분계선 일대에서 확성기 방송과 전단살포를 비롯한 모든 적대행위들을 중지하고 그 수단을 철폐하며, 앞으로 비무장지대를 실질적인 평화지대로 만들어 나가기로 하였다.
② 남과 북은 서해 북방한계선 일대를 평화수역으로 만들어 우발적인 군사적 충돌을 방지하고 안전한 어로활동을 보장하기 위한 실제적인 대책을 세워나가기로 하였다.
③ 남과 북은 상호 협력과 교류, 왕래와 접촉이 활성화되는 데 따른 여러 가지 군사적 보장대책을 취하기로 하였다.
남과 북은 쌍방 사이에 제기되는 군사적 문제를 지체없이 협의 해결하기 위하여 국방부장관회담을 비롯한 군사당국자회담을 자주 개최하며 5월중에 먼저 장성급 군사회담을 열기로 하였다.
3. 남과 북은 한반도의 항구적이며 공고한 평화체제 구축을 위하여 적극 협력해 나갈 것이다.
한반도에서 비정상적인 현재의 정전상태를 종식시키고 확고한 평화체제를 수립하는 것은 더 이상 미룰 수 없는 역사적 과제이다.
① 남과 북은 그 어떤 형태의 무력도 서로 사용하지 않을 데 대한 불가침 합의를 재확인하고 엄격히 준수해 나가기로 하였다.
② 남과 북은 군사적 긴장이 해소되고 서로의 군사적 신뢰가 실질적으로 구축되는 데 따라 단계적으로 군축을 실현해 나가기로 하였다.
③ 남과 북은 정전협정체결 65년이 되는 올해에 종전을 선언하고 정전협정을 평화협정으로 전환하며 항구적이고 공고한 평화체제 구축을 위한 남ㆍ북ㆍ미 3자 또는 남ㆍ북ㆍ미ㆍ중 4자회담 개최를 적극 추진해 나가기로 하였다.
④ 남과 북은 완전한 비핵화를 통해 핵 없는 한반도를 실현한다는 공동의 목표를 확인하였다.
남과 북은 북측이 취하고 있는 주동적인 조치들이 한반도 비핵화를 위해 대단히 의의 있고 중대한 조치라는데 인식을 같이하고 앞으로 각기 자기의 책임과 역할을 다하기로 하였다.
남과 북은 한반도 비핵화를 위한 국제사회의 지지와 협력을 위해 적극 노력해나가기로 하였다.
양 정상은 정기적인 회담과 직통전화를 통하여 민족의 중대사를 수시로 진지하게 논의하고 신뢰를 굳건히 하며, 남북관계의 지속적인 발전과 한반도의 평화와 번영, 통일을 향한 좋은 흐름을 더욱 확대해 나가기 위하여 함께 노력하기로 하였다.
당면하여 문재인 대통령은 올해 가을 평양을 방문하기로 하였다.
2018년 4월 27일
판 문 점
대 한 민 국
대 통 령
문 재 인
조선민주주의인민공화국
국무위원회 위원장
김 정 은","남북 65년만에 전쟁 끝낸다
문 대통령-김 위원장 ‘판문점 선언’
종전선언·평화협정 전환 적극 추진
8.15 이산상봉, 동해·경의선 연결
개성에 공동연락사무소 설치 등 합의
문 대통령, 올 가을 평양 방문키로
2018년, 65년을 끌었던 한국전쟁이 끝난다.
문재인 대통령과 김정은 북한 국무위원장은 27일 ‘한반도의 평화와 번영, 통일을 위한 판문점 선언’을 통해 “비정상적인 현재의 정전상태를 종식시키고 확고한 평화체제를 수립하는 것은 더 이상 미룰 수 없는 역사적 과제”라는 데에 동의하고 “올해에 종전을 선언하고 정전협정을 평화협정으로 전환”하기로 합의했다. 두 정상은 이를 위한 구체적인 방법으로 ‘남·북·미 3자’ 또는 ‘남·북·미·중 4자’회담을 적극 추진하는 데에도 합의했다. 종전 선언과 평화체제 전환의 시점을 ‘올해’로 못박고 정전체제의 ‘직접 관련국 정상들과의 회담’이라는 구체적 방식을 제시해 실현 가능성을 높였다. 따라서 5월말 또는 6월초 예정된 북-미 정상회담에서 한반도 비핵화와 체제보장에 관한 구체적인 합의가 있을 경우, 남·북·미 또는 남·북·미·중 정상회의를 통한 종전선언과 평화협정 체결 등으로 이어질 것으로 관측된다.
이번 판문점 선언을 통해 두 정상이 의지를 밝힌 ‘평화체제 구축’은, 문 대통령의 동지였던 노무현 전 대통령과 김정은 위원장의 부친인 김정일 전 국방위원장이 2007년 합의했던 ‘10·4 선언’의 연장선 위에 있다. 노 전 대통령과 김 전 위원장은 “군사적 적대관계를 종식시키고 한반도에서 긴장 완화와 평화를 보장하기 위해 긴밀히 협력”하기로 합의하면서 “남과 북은 현 정전체제를 종식시키고 항구적인 평화체제를 구축해 나가야 한다는 데 인식을 같이하고 직접 관련된 3자 또는 4자 정상들이 한반도 지역에서 만나 종전을 선언하는 문제를 추진하기 위해 협력”하기로 합의한 바 있다.
판문점 선언과 10·4 선언은 표현과 구성이 거의 비슷해보이지만 확연한 차이가 있다. 우선, 10·4 선언은 시점을 특정하지 않은 반면, 문 대통령과 김 위원장은 종전선언과 평화협정 체결 시점을 ‘올해’로 못박았다. 문 대통령은 올해 신년사에서 “올해가 한반도 평화의 새로운 원년이 되도록 최선을 다하겠다. 이 과정에서 동맹국 미국과 중국, 일본 등 관련 국가들을 비롯해 국제사회와 더욱 긴밀히 협력할 것”이라고 밝혔고, 김 위원장도 신년사를 통해 평창 동계올림핌에 북쪽 대표단 파견 뜻을 밝히면서 “북남관계를 개선해 올해를 사변적 해로 빛내야 한다”고 강조했다. 두 정상 모두 올해를 한반도에서 냉전체제를 해체할 적기로 판단했기 때문에 이같은 합의가 가능했던 것으로 보인다.
2007년 10·4 선언에서 거론된 ‘직접 관련된 3자 또는 4자 정상’은, 이번 판문점 선언에서 ‘남·북·미 3자’ 또는 ‘남·북·미·중 4자’로 구체화됐다. 정전협정 65주년을 맞는 올해, 한국전쟁의 직접 당사국인 네 나라 혹은 북한의 핵·미사일 문제의 직접 당사국인 남·북·미 정상이 만나 종전을 선언하고 평화협정을 모색하는 방안이 현실적이라는 문제의식이 작용한 것으로 관측된다.
문 대통령은 지난 24일 아베 신조 일본 총리와 통화에서 “종전 선언은 남북만의 대화로 해결되는 것이 아니라 최소한 남북미 3자 합의가 이뤄져야 성공을 할 수 있다”고 밝힌 바 있다.
아래는 판문점 선언 전문이다.
""한반도의 평화와 번영, 통일을 위한 판문점 선언""
대한민국 문재인 대통령과 조선민주주의인민공화국 김정은 국무위원장은 평화와 번영, 통일을 염원하는 온 겨레의 한결같은 지향을 담아 한반도에서 역사적인 전환이 일어나고 있는 뜻 깊은 시기에 2018년 4월 27일 판문점「평화의 집」에서 남북정상회담을 진행하였다.
양 정상은 한반도에 더 이상 전쟁은 없을 것이며 새로운 평화의 시대가 열리었음을 8천만 우리 겨레와 전 세계에 엄숙히 천명하였다.
양 정상은 냉전의 산물인 오랜 분단과 대결을 하루 빨리 종식시키고 민족적 화해와 평화번영의 새로운 시대를 과감하게 열어나가며 남북관계를 보다 적극적으로 개선하고 발전시켜 나가야 한다는 확고한 의지를 담아 역사의 땅 판문점에서 다음과 같이 선언하였다.
1. 남과 북은 남북관계의 전면적이며 획기적인 개선과 발전을 이룩함으로써 끊어진 민족의 혈맥을 잇고 공동번영과 자주통일의 미래를 앞당겨나갈 것이다.
남북관계를 개선하고 발전시키는 것은 온 겨레의 한결같은 소망이며 더 이상 미룰 수 없는 시대의 절박한 요구이다.
① 남과 북은 우리 민족의 운명은 우리 스스로 결정한다는 민족자주의 원칙을 확인하였으며 이미 채택된 남북 선언들과 모든 합의들을 철저히 이행함으로써 관계개선과 발전의 전환적 국면을 열어나가기로 하였다.
② 남과 북은 고위급회담을 비롯한 각 분야의 대화와 협상을 빠른 시일안에 개최하여 정상회담에서 합의된 문제들을 실천하기 위한 적극적인 대책을 세워나가기로 하였다.
③ 남과 북은 당국간 협의를 긴밀히 하고 민간교류와 협력을 원만히 보장하기 위하여 쌍방 당국자가 상주하는 남북공동연락사무소를 개성지역에 설치하기로 하였다.
④ 남과 북은 민족적 화해와 단합의 분위기를 고조시켜 나가기 위하여 각계각층의 다방면적인 협력과 교류, 왕래와 접촉을 활성화하기로 하였다.
안으로는 6.15를 비롯하여 남과 북에 다같이 의의가 있는 날들을 계기로 당국과 국회, 정당, 지방자치단체, 민간단체 등 각계각층이 참가하는 민족공동행사를 적극 추진하여 화해와 협력의 분위기를 고조시키며, 밖으로는 2018년 아시아경기대회를 비롯한 국제경기들에 공동으로 진출하여 민족의 슬기와 재능, 단합된 모습을 전 세계에 과시하기로 하였다.
⑤ 남과 북은 민족 분단으로 발생된 인도적 문제를 시급히 해결하기 위하여 노력하며, 남북적십자회담을 개최하여 이산가족ㆍ친척 상봉을 비롯한 제반 문제들을 협의 해결해나가기로 하였다.
당면하여 오는 8.15를 계기로 이산가족ㆍ친척 상봉을 진행하기로 하였다.
⑥ 남과 북은 민족경제의 균형적 발전과 공동번영을 이룩하기 위하여 10.4 선언에서 합의된 사업들을 적극 추진해나가며, 1차적으로 동해선 및 경의선 철도와 도로들을 연결하고 현대화하여 활용하기 위한 실천적 대책들을 취해 나가기로 하였다.
2. 남과 북은 한반도에서 첨예한 군사적 긴장상태를 완화하고 전쟁 위험을 실질적으로 해소하기 위하여 공동으로 노력해나갈 것이다.
한반도의 군사적 긴장상태를 완화하고 전쟁위험을 해소하는 것은 민족의 운명과 관련되는 매우 중대한 문제이며 우리 겨레의 평화롭고 안정된 삶을 보장하기 위한 관건적인 문제이다.
① 남과 북은 지상과 해상, 공중을 비롯한 모든 공간에서 군사적 긴장과 충돌의 근원으로 되는 상대방에 대한 일체의 적대행위를 전면 중지하기로 하였다.
당면하여 5월 1일부터 군사분계선 일대에서 확성기 방송과 전단살포를 비롯한 모든 적대행위들을 중지하고 그 수단을 철폐하며, 앞으로 비무장지대를 실질적인 평화지대로 만들어 나가기로 하였다.
② 남과 북은 서해 북방한계선 일대를 평화수역으로 만들어 우발적인 군사적 충돌을 방지하고 안전한 어로활동을 보장하기 위한 실제적인 대책을 세워나가기로 하였다.
③ 남과 북은 상호 협력과 교류, 왕래와 접촉이 활성화되는 데 따른 여러 가지 군사적 보장대책을 취하기로 하였다.
남과 북은 쌍방 사이에 제기되는 군사적 문제를 지체없이 협의 해결하기 위하여 국방부장관회담을 비롯한 군사당국자회담을 자주 개최하며 5월중에 먼저 장성급 군사회담을 열기로 하였다.
3. 남과 북은 한반도의 항구적이며 공고한 평화체제 구축을 위하여 적극 협력해 나갈 것이다.
한반도에서 비정상적인 현재의 정전상태를 종식시키고 확고한 평화체제를 수립하는 것은 더 이상 미룰 수 없는 역사적 과제이다.
① 남과 북은 그 어떤 형태의 무력도 서로 사용하지 않을 데 대한 불가침 합의를 재확인하고 엄격히 준수해 나가기로 하였다.
② 남과 북은 군사적 긴장이 해소되고 서로의 군사적 신뢰가 실질적으로 구축되는 데 따라 단계적으로 군축을 실현해 나가기로 하였다.
③ 남과 북은 정전협정체결 65년이 되는 올해에 종전을 선언하고 정전협정을 평화협정으로 전환하며 항구적이고 공고한 평화체제 구축을 위한 남ㆍ북ㆍ미 3자 또는 남ㆍ북ㆍ미ㆍ중 4자회담 개최를 적극 추진해 나가기로 하였다.
④ 남과 북은 완전한 비핵화를 통해 핵 없는 한반도를 실현한다는 공동의 목표를 확인하였다.
남과 북은 북측이 취하고 있는 주동적인 조치들이 한반도 비핵화를 위해 대단히 의의 있고 중대한 조치라는데 인식을 같이하고 앞으로 각기 자기의 책임과 역할을 다하기로 하였다.
남과 북은 한반도 비핵화를 위한 국제사회의 지지와 협력을 위해 적극 노력해나가기로 하였다.
양 정상은 정기적인 회담과 직통전화를 통하여 민족의 중대사를 수시로 진지하게 논의하고 신뢰를 굳건히 하며, 남북관계의 지속적인 발전과 한반도의 평화와 번영, 통일을 향한 좋은 흐름을 더욱 확대해 나가기 위하여 함께 노력하기로 하였다.
당면하여 문재인 대통령은 올해 가을 평양을 방문하기로 하였다.
2018년 4월 27일
판 문 점
대 한 민 국
대 통 령
문 재 인
조선민주주의인민공화국
국무위원회 위원장
김 정 은",46,4309
iks_20180427_hankyoreh_news_030,Hankyoreh news 2018 April 27 corpus.txt,Hankyoreh,한겨레,news,2018-04-27,2018_april_summit,“군대 안가도 되냐며 농담도” 정상회담에 들뜬 학생들,"판문점 있는 경기도 파주 학생들 “처음 보는 광경”
광주에서는 ‘판문점 선언’ 만들며 ‘평화’ 되새겨","판문점에서 남북의 두 정상이 두 손을 붙잡고 군사분계선을 넘을 때, 앞선 두 번의 남북 정상회담에 대한 기억이 없는 학생들은 ‘한번도 본 적 없는’ 광경에 놀라워했다. 판문점과 가까운 경기도 파주의 학생들은 남북 정상 간 만남을 생중계로 지켜보며 ‘울컥’했고, 광주시에서는 학생들이 아이디어를 모아 나름대로 ‘판문점 선언’을 만들며 ‘평화’를 기원했다.
판문점이 있는 경기도 파주의 학생들은 감회가 남달랐다. 판문점에서 불과 차로 20분 거리에 있는 파주시 문산읍의 선유중학교 학생들은 ‘처음 보는’ 남북 정상 간의 만남에 마음이 들떠 있었다. 육군 소령인 아버지를 따라 작년에 파주로 이사를 왔다는 이주희(15)양은 “이전 정상회담에 대한 기억이 없어 두 나라의 지도자가 행복해 보이는 표정으로 악수를 하는 게 신기했다”며 “아버지가 군인이다 보니 전쟁이 날까봐 두려움이 많았다. 오늘 정상회담으로 전쟁없는 세상이 만들어졌으면 좋겠다”고 말했다. 구채령(15)양도 “내가 태어날 무렵부터 남북관계가 안좋아서 이런 분위기를 경험하는 것은 처음이다”라며 “이런 역사적인 일들이 학교 주변에서 일어났다는 게 믿기지 않는다”고 말했다. 선유중학교의 국어교사 박회경씨는 “선생님들이 출근길에 문재인 대통령이 판문점을 향할 때 이용할 자유로를 먼저 밟는다고 벅찬 마음으로 농담을 했다”며 “평소에는 의식하지 못했는데 새삼 이렇게 중요한 위치에서 일하고 살고 있다는 걸 깨달았다”고 말했다.
파주시 동패동의 교하고등학교 전교생 1000여명은 수업을 잠시 멈춘 채 남북 정상 간 만남을 생중계로 지켜봤다. 교하고등학교의 학생 김정훈(18)군은 “처음에는 반 친구들이 시큰둥했다. 그런데 화면에 김정은 위원장이 막상 등장하고, 문재인 대통령이 위원장과 손을 맞잡자 아이들이 환호를 지르면서 좋아했다”고 분위기를 전했다. 김군은 “판문점에 문재인 대통령과 김정은 위원장이 악수하는 것을 보며 울컥했다는 아이들이 많았다. 저도 울컥했다”며 “이제 군대 안 가도 되는 것 아니냐며 농담하는 친구들도 있었다”고 말하고 웃었다.
광주시 북구에 위치한 문흥초등학교의 학생들은 ‘정전협정’을 통해 ‘판문점 회담’의 의미를 돌아보는 수업을 가졌다. 문흥초등학교의 교사 조재호(48)씨는 “오늘 학생들과 남북 정상 간 만남을 생중계로 지켜보고 ‘판문점 선언’의 빈칸을 비워둔 <한겨레>의 1면을 보여 그 안에 내용을 채우는 수업을 했다”고 전했다. <한겨레>는 27일자 1면에 1953년 7월에 맺어진 정전협정과 27일 있을지 모르는 ‘판문점 선언’을 나란히 배치했다. ‘판문점 선언’의 내용은 공백으로 비워놨다. 조씨는 “학생들이 판문점에서 정상회담을 하는 것은 알고 있지만, 정작 왜 판문점에서 하는지 그 의미는 잘 모르고 있었다. 학생들과 함께 한겨레 1면을 읽으며 정전협정의 의미를 돌아보고 평화협정으로 가는 길에 대해 이야기했다”고 말했다. 조씨는 “아이들은 핵무기가 없고, 전쟁이 없는 평화가 찾아와 광주에서 기차를 타고 유럽으로 가는 세상을 판문점 선언에 담고자 했다. 오늘 아이들과 만든 ‘판문점 선언’처럼 그런 세상이 얼른 왔으면 좋겠다”고 말했다.","“군대 안가도 되냐며 농담도” 정상회담에 들뜬 학생들
판문점 있는 경기도 파주 학생들 “처음 보는 광경”
광주에서는 ‘판문점 선언’ 만들며 ‘평화’ 되새겨
판문점에서 남북의 두 정상이 두 손을 붙잡고 군사분계선을 넘을 때, 앞선 두 번의 남북 정상회담에 대한 기억이 없는 학생들은 ‘한번도 본 적 없는’ 광경에 놀라워했다. 판문점과 가까운 경기도 파주의 학생들은 남북 정상 간 만남을 생중계로 지켜보며 ‘울컥’했고, 광주시에서는 학생들이 아이디어를 모아 나름대로 ‘판문점 선언’을 만들며 ‘평화’를 기원했다.
판문점이 있는 경기도 파주의 학생들은 감회가 남달랐다. 판문점에서 불과 차로 20분 거리에 있는 파주시 문산읍의 선유중학교 학생들은 ‘처음 보는’ 남북 정상 간의 만남에 마음이 들떠 있었다. 육군 소령인 아버지를 따라 작년에 파주로 이사를 왔다는 이주희(15)양은 “이전 정상회담에 대한 기억이 없어 두 나라의 지도자가 행복해 보이는 표정으로 악수를 하는 게 신기했다”며 “아버지가 군인이다 보니 전쟁이 날까봐 두려움이 많았다. 오늘 정상회담으로 전쟁없는 세상이 만들어졌으면 좋겠다”고 말했다. 구채령(15)양도 “내가 태어날 무렵부터 남북관계가 안좋아서 이런 분위기를 경험하는 것은 처음이다”라며 “이런 역사적인 일들이 학교 주변에서 일어났다는 게 믿기지 않는다”고 말했다. 선유중학교의 국어교사 박회경씨는 “선생님들이 출근길에 문재인 대통령이 판문점을 향할 때 이용할 자유로를 먼저 밟는다고 벅찬 마음으로 농담을 했다”며 “평소에는 의식하지 못했는데 새삼 이렇게 중요한 위치에서 일하고 살고 있다는 걸 깨달았다”고 말했다.
파주시 동패동의 교하고등학교 전교생 1000여명은 수업을 잠시 멈춘 채 남북 정상 간 만남을 생중계로 지켜봤다. 교하고등학교의 학생 김정훈(18)군은 “처음에는 반 친구들이 시큰둥했다. 그런데 화면에 김정은 위원장이 막상 등장하고, 문재인 대통령이 위원장과 손을 맞잡자 아이들이 환호를 지르면서 좋아했다”고 분위기를 전했다. 김군은 “판문점에 문재인 대통령과 김정은 위원장이 악수하는 것을 보며 울컥했다는 아이들이 많았다. 저도 울컥했다”며 “이제 군대 안 가도 되는 것 아니냐며 농담하는 친구들도 있었다”고 말하고 웃었다.
광주시 북구에 위치한 문흥초등학교의 학생들은 ‘정전협정’을 통해 ‘판문점 회담’의 의미를 돌아보는 수업을 가졌다. 문흥초등학교의 교사 조재호(48)씨는 “오늘 학생들과 남북 정상 간 만남을 생중계로 지켜보고 ‘판문점 선언’의 빈칸을 비워둔 <한겨레>의 1면을 보여 그 안에 내용을 채우는 수업을 했다”고 전했다. <한겨레>는 27일자 1면에 1953년 7월에 맺어진 정전협정과 27일 있을지 모르는 ‘판문점 선언’을 나란히 배치했다. ‘판문점 선언’의 내용은 공백으로 비워놨다. 조씨는 “학생들이 판문점에서 정상회담을 하는 것은 알고 있지만, 정작 왜 판문점에서 하는지 그 의미는 잘 모르고 있었다. 학생들과 함께 한겨레 1면을 읽으며 정전협정의 의미를 돌아보고 평화협정으로 가는 길에 대해 이야기했다”고 말했다. 조씨는 “아이들은 핵무기가 없고, 전쟁이 없는 평화가 찾아와 광주에서 기차를 타고 유럽으로 가는 세상을 판문점 선언에 담고자 했다. 오늘 아이들과 만든 ‘판문점 선언’처럼 그런 세상이 얼른 왔으면 좋겠다”고 말했다.",4,1531
iks_20180427_hankyoreh_news_031,Hankyoreh news 2018 April 27 corpus.txt,Hankyoreh,한겨레,news,2018-04-27,2018_april_summit,"문재인-김정은, 40분 생중계 ‘공개 밀담’","도보다리 산책하며 진지한 대화…전세계 생중계
비핵화 및 트럼프 설득 방법 등 ‘진짜 대화’ 나눴을 듯","27일 문재인 대통령과 김정은 북한 국무위원장이 전세계가 생중계로 지켜보는 가운데 배석자 없이 40분간 깊은 대화를 나누는 ‘공개 밀담’을 했다. 외교사에 전례를 찾아보기 힘든 진기한 장면이 펼쳐진 것이다. 이번 정상회담의 하이라이트로 꼽을 만하다.
두 정상은 이날 각자 오찬을 마친 뒤 오후 4시15분께 다시 만나 남쪽 군사분계선 인근 ‘소떼 길’에서 공동 기념식수와 기념촬영을 했다. 이어 4시36분께부터 수행원이 전혀 붙지 않은 채 단 둘이서 군사분계선 표식물이 있는 ‘도보다리’까지 산책했다. 도보다리는 정전협정 직후 중립국감독위원회가 임무 수행을 위해 짧은 거리로 이동할 수 있도록 습지 위에 만든 다리다. 생중계된 화면으로 두 정상의 대화 내용은 전혀 들리지 않았으나, 두 사람이 나란히 걸으며 진지한 대화를 나누는 모습은 전세계에 그대로 전달됐다. 산책 초반에는 주로 문 대통령이 김 위원장에게 뭔가를 설명하고 설득하며 대화를 주도하고 김 위원장은 신중하게 듣는 모습이었다. 두 사람은 4시42분께 군사분계선 표식물이 있는 장소에 마련된 의자에 마주 앉아 더 깊은 대화를 이어갔다. 자리에 앉자 김 위원장은 근접 촬영을 위해 따라붙은 북쪽 기자들에게 ‘잠시 비켜달라’는 듯 손짓을 해 주변을 모두 물리쳤다.
두 사람이 앉아 대화하는 모습은 멀리 떨어진 카메라에 잡혀 생중계됐다. 앉은 자리에서는 문 대통령과 김 위원장 모두 진지한 대화를 비슷한 분량으로 서로 주고 받았다. 문 대통령이 말할 때 김 위원장은 고개를 끄덕이며 수긍하는 듯한 태도를 취하거나, 자신의 의견을 덧붙이기도 했다. 김 위원장이 미소 짓는 모습도 보였다.
두 사람은 5시12분께 테이블 대화를 마치고 일어섰다. 무려 30분간 테이블 밀담을 한 것이다. 두 사람은 왔던 길을 되걸어 5시16분 다른 수행원들이 기다리고 있는 지점에 닿은 뒤, 회담장인 평화의집으로 이동했다. 왕복 산책과 테이블 대화까지 모두 40분 동안 ‘둘 만의 공개 밀담’을 한 것이다.
공식수행원이나 참모 없이 오로지 두 사람이 어떤 대화를 나눴을지 전세계의 관심이 모아진다. 대화를 마치고 일어설 때 두 사람의 표정은 만족스러운 듯 하면서도 상기된 분위기도 엿보여, 밀담이 매우 격정적으로 진행됐음을 유추하게 했다. 주로 한반도 비핵화와 평화체제를 이행할 구체적인 방법론에 대해 심도있는 대화를 나눴을 것으로 보인다. 특히 이런 의제들은 남북정상회담 뒤 6월께 열릴 북-미 정상회담에서 실질적인 결실을 맺어야 하는 만큼, 두 사람이 이후 도널드 트럼프 미국 대통령을 상대로 어떤 합의를 어떻게 이뤄낼지를 놓고 서로 속내를 드러내며 허심탄회한 대화를 나눴을 것으로 보인다. 두 사람이 전례 없이 배석자 없는 대담을 무려 40분이나 한 점, 그리고 이 장면을 처음부터 끝까지 생중계하도록 허용한 것은 두 지도자가 그동안 특사들의 교차 방북과 물밑 접촉 등을 통해 깊은 신뢰를 쌓았음을 보여주기도 한다. 이 산책 대화 장면이 4·27 정상회담 전체에서 가장 인상적이고, 핵심적인 대목으로 꼽히는 이유다.","문재인-김정은, 40분 생중계 ‘공개 밀담’
도보다리 산책하며 진지한 대화…전세계 생중계
비핵화 및 트럼프 설득 방법 등 ‘진짜 대화’ 나눴을 듯
27일 문재인 대통령과 김정은 북한 국무위원장이 전세계가 생중계로 지켜보는 가운데 배석자 없이 40분간 깊은 대화를 나누는 ‘공개 밀담’을 했다. 외교사에 전례를 찾아보기 힘든 진기한 장면이 펼쳐진 것이다. 이번 정상회담의 하이라이트로 꼽을 만하다.
두 정상은 이날 각자 오찬을 마친 뒤 오후 4시15분께 다시 만나 남쪽 군사분계선 인근 ‘소떼 길’에서 공동 기념식수와 기념촬영을 했다. 이어 4시36분께부터 수행원이 전혀 붙지 않은 채 단 둘이서 군사분계선 표식물이 있는 ‘도보다리’까지 산책했다. 도보다리는 정전협정 직후 중립국감독위원회가 임무 수행을 위해 짧은 거리로 이동할 수 있도록 습지 위에 만든 다리다. 생중계된 화면으로 두 정상의 대화 내용은 전혀 들리지 않았으나, 두 사람이 나란히 걸으며 진지한 대화를 나누는 모습은 전세계에 그대로 전달됐다. 산책 초반에는 주로 문 대통령이 김 위원장에게 뭔가를 설명하고 설득하며 대화를 주도하고 김 위원장은 신중하게 듣는 모습이었다. 두 사람은 4시42분께 군사분계선 표식물이 있는 장소에 마련된 의자에 마주 앉아 더 깊은 대화를 이어갔다. 자리에 앉자 김 위원장은 근접 촬영을 위해 따라붙은 북쪽 기자들에게 ‘잠시 비켜달라’는 듯 손짓을 해 주변을 모두 물리쳤다.
두 사람이 앉아 대화하는 모습은 멀리 떨어진 카메라에 잡혀 생중계됐다. 앉은 자리에서는 문 대통령과 김 위원장 모두 진지한 대화를 비슷한 분량으로 서로 주고 받았다. 문 대통령이 말할 때 김 위원장은 고개를 끄덕이며 수긍하는 듯한 태도를 취하거나, 자신의 의견을 덧붙이기도 했다. 김 위원장이 미소 짓는 모습도 보였다.
두 사람은 5시12분께 테이블 대화를 마치고 일어섰다. 무려 30분간 테이블 밀담을 한 것이다. 두 사람은 왔던 길을 되걸어 5시16분 다른 수행원들이 기다리고 있는 지점에 닿은 뒤, 회담장인 평화의집으로 이동했다. 왕복 산책과 테이블 대화까지 모두 40분 동안 ‘둘 만의 공개 밀담’을 한 것이다.
공식수행원이나 참모 없이 오로지 두 사람이 어떤 대화를 나눴을지 전세계의 관심이 모아진다. 대화를 마치고 일어설 때 두 사람의 표정은 만족스러운 듯 하면서도 상기된 분위기도 엿보여, 밀담이 매우 격정적으로 진행됐음을 유추하게 했다. 주로 한반도 비핵화와 평화체제를 이행할 구체적인 방법론에 대해 심도있는 대화를 나눴을 것으로 보인다. 특히 이런 의제들은 남북정상회담 뒤 6월께 열릴 북-미 정상회담에서 실질적인 결실을 맺어야 하는 만큼, 두 사람이 이후 도널드 트럼프 미국 대통령을 상대로 어떤 합의를 어떻게 이뤄낼지를 놓고 서로 속내를 드러내며 허심탄회한 대화를 나눴을 것으로 보인다. 두 사람이 전례 없이 배석자 없는 대담을 무려 40분이나 한 점, 그리고 이 장면을 처음부터 끝까지 생중계하도록 허용한 것은 두 지도자가 그동안 특사들의 교차 방북과 물밑 접촉 등을 통해 깊은 신뢰를 쌓았음을 보여주기도 한다. 이 산책 대화 장면이 4·27 정상회담 전체에서 가장 인상적이고, 핵심적인 대목으로 꼽히는 이유다.",5,1485
iks_20180427_hankyoreh_news_032,Hankyoreh news 2018 April 27 corpus.txt,Hankyoreh,한겨레,news,2018-04-27,2018_april_summit,남북정상 45분간 친교대화…이례적 ‘공개 밀담’,도보다리 끝 탁자에서 배석자 없이 30분간 독대,"27일 오후 4시36분부터 이뤄진 남북 두 정상의 ‘친교 산책’은 이번 회담의 하이라이트 중 하나로 꼽혔다. 문재인 대통령과 김정은 북한 국무위원장이 오후 남북정상회담을 시작하기 전에 수행원 없이 45분가량 ‘도보다리’를 산책했기 때문이다. 도보다리 산책은 배석자 없는 두 정상의 ‘단독회담’ 성격에 가까웠다.
두 정상은 고 정주영 현대그룹 명예회장의 소떼 방북 경로인 소떼길에서 함께 소나무를 심은 ‘공동식수’ 직후 도보다리 산책에 나섰다. 문 대통령과 김 위원장은 도보다리 쪽으로 나란히 걸으며 서로 담소를 주고받았다. 문 대통령과 김 위원장은 진지한 표정으로 손짓을 섞어가며 대화를 나누며 중간중간 서로 고개를 끄덕이기도 했다. 생중계 화면에서 두 정상의 대화 내용은 들리지 않았고, 새소리가 소리를 대신 채웠다.
티(T)자형의 파란색 도보다리를 걷던 문 대통령과 김 위원장은 도보다리 끝에 있는 군사분계선 표식물 앞에 잠시 멈춰섰다. 도로다리 확장 부분에 있는 군사분계선 표식물은 설치 당시에는 황색 바탕에 검정색으로 ‘군사분계선’ ‘0101’이라고 표기돼 있었으나 현재는 녹슬어 아무런 글자도 남아있지 않았다. 문 대통령은 왼손으로 표식물을 만지기도 했고, 김 위원장도 표식물을 바라보며 얘기를 나눴다.
이어 양 정상은 군사분계선 표식물 왼쪽에 마련된 탁자에 앉아 약 30분 가량 배석자 없이 단둘이 얘기를 나눴다. 책상을 앞에 두고 나란히 앉은 두 정상의 간격은 1m도 채 되지 않아 보였다. 문 대통령이 말을 할 때 김 위원장은 진지한 표정으로 고개를 끄덕였고, 대화 중간에 바로 앞에서 사진찍은 북한 쪽 기자를 향해 웃으면서 자리를 비키라는 얘기를 하기도 했다. 짧지 않은 시간 동안 문 대통령은 손짓을 섞어가면서 얘기를 했고, 김 위원장은 심각한 표정으로 듣다가 중간중간 웃기도 했다. 30분간 ‘공개된 밀담’은 문 대통령보다는 김 위원장의 발언이 더 많아 보였다. 두 정상은 오후 5시12분 자리에서 일어나 ‘평화의 집’으로 이동했다. 남북 수행원들이 기다리고 있는 소떼길 쪽으로 돌아온 김 위원장은 웃으면서 “많이 기다렸습니까”라고 먼저 웃으며 얘기를 건넸다. 두 정상이 평화의 집에 도착한 건 5시19분이다.
‘도보다리’는 정전협정 직후 중립국감독위원회(당시 체코·폴란드·스위스·스웨덴)가 임무 수행을 위해 짧은 거리를 이동할 수 있도록 습지 위에 만들어진 다리다. 비가 많이 올 때 물골이 형성돼 멀리 돌아가는 불편을 없애기 위해 1953년과 1960년 사이에 설치됐다고 한다. 과거 유엔사령부에서 부르던 ‘풋 브리지’(foot bridge)를 우리말로 그대로 번역하면서 ‘도보다리’로 부르게 됐다. 청와대 쪽은 이번 남북정상회담을 준비하면서 원래 일자형이던 도보다리를 ‘티(T)자형’으로 만들어 군사분계선 표식물이 있는 곳까지 연결했다고 설명했다. 군사분계선 표식물은 임진강 하구에서 0001호가 시작해 동해안 마지막 1292호까지 200m 간격으로 약 250km에 걸쳐 설치돼 있다. 도보다리 확장 부분에 있는 군사분계선 표식물은 101번째다. 청와대는 “남북 분단의 상징이었던 군사분계선 표식물 앞에까지 양 정상이 산책한다는 것 자체로 의미가 있다”며 “특히 남북 정상이 배석자 없이 함께 담소를 나눌 수 있는 사실상 단독회담으로 도보다리가 ‘평화, 새로운 시작의 역사의 현장이 되길 진심으로 기대할 수 있다”고 말했다.
앞서 지난 2000년 김대중 당시 대통령과 김정일 국방위원장도 평양 순안공항에서 백화원 영빈관에 이르기까지 차량에 함께 타 ‘밀담’을 나눈 바 있다. 당시 김 위원장은 순안공항으로 김대중 대통령을 맞으러 나가 의장대 사열을 진행한 뒤 차량에 함께 탑승했다.","남북정상 45분간 친교대화…이례적 ‘공개 밀담’
도보다리 끝 탁자에서 배석자 없이 30분간 독대
27일 오후 4시36분부터 이뤄진 남북 두 정상의 ‘친교 산책’은 이번 회담의 하이라이트 중 하나로 꼽혔다. 문재인 대통령과 김정은 북한 국무위원장이 오후 남북정상회담을 시작하기 전에 수행원 없이 45분가량 ‘도보다리’를 산책했기 때문이다. 도보다리 산책은 배석자 없는 두 정상의 ‘단독회담’ 성격에 가까웠다.
두 정상은 고 정주영 현대그룹 명예회장의 소떼 방북 경로인 소떼길에서 함께 소나무를 심은 ‘공동식수’ 직후 도보다리 산책에 나섰다. 문 대통령과 김 위원장은 도보다리 쪽으로 나란히 걸으며 서로 담소를 주고받았다. 문 대통령과 김 위원장은 진지한 표정으로 손짓을 섞어가며 대화를 나누며 중간중간 서로 고개를 끄덕이기도 했다. 생중계 화면에서 두 정상의 대화 내용은 들리지 않았고, 새소리가 소리를 대신 채웠다.
티(T)자형의 파란색 도보다리를 걷던 문 대통령과 김 위원장은 도보다리 끝에 있는 군사분계선 표식물 앞에 잠시 멈춰섰다. 도로다리 확장 부분에 있는 군사분계선 표식물은 설치 당시에는 황색 바탕에 검정색으로 ‘군사분계선’ ‘0101’이라고 표기돼 있었으나 현재는 녹슬어 아무런 글자도 남아있지 않았다. 문 대통령은 왼손으로 표식물을 만지기도 했고, 김 위원장도 표식물을 바라보며 얘기를 나눴다.
이어 양 정상은 군사분계선 표식물 왼쪽에 마련된 탁자에 앉아 약 30분 가량 배석자 없이 단둘이 얘기를 나눴다. 책상을 앞에 두고 나란히 앉은 두 정상의 간격은 1m도 채 되지 않아 보였다. 문 대통령이 말을 할 때 김 위원장은 진지한 표정으로 고개를 끄덕였고, 대화 중간에 바로 앞에서 사진찍은 북한 쪽 기자를 향해 웃으면서 자리를 비키라는 얘기를 하기도 했다. 짧지 않은 시간 동안 문 대통령은 손짓을 섞어가면서 얘기를 했고, 김 위원장은 심각한 표정으로 듣다가 중간중간 웃기도 했다. 30분간 ‘공개된 밀담’은 문 대통령보다는 김 위원장의 발언이 더 많아 보였다. 두 정상은 오후 5시12분 자리에서 일어나 ‘평화의 집’으로 이동했다. 남북 수행원들이 기다리고 있는 소떼길 쪽으로 돌아온 김 위원장은 웃으면서 “많이 기다렸습니까”라고 먼저 웃으며 얘기를 건넸다. 두 정상이 평화의 집에 도착한 건 5시19분이다.
‘도보다리’는 정전협정 직후 중립국감독위원회(당시 체코·폴란드·스위스·스웨덴)가 임무 수행을 위해 짧은 거리를 이동할 수 있도록 습지 위에 만들어진 다리다. 비가 많이 올 때 물골이 형성돼 멀리 돌아가는 불편을 없애기 위해 1953년과 1960년 사이에 설치됐다고 한다. 과거 유엔사령부에서 부르던 ‘풋 브리지’(foot bridge)를 우리말로 그대로 번역하면서 ‘도보다리’로 부르게 됐다. 청와대 쪽은 이번 남북정상회담을 준비하면서 원래 일자형이던 도보다리를 ‘티(T)자형’으로 만들어 군사분계선 표식물이 있는 곳까지 연결했다고 설명했다. 군사분계선 표식물은 임진강 하구에서 0001호가 시작해 동해안 마지막 1292호까지 200m 간격으로 약 250km에 걸쳐 설치돼 있다. 도보다리 확장 부분에 있는 군사분계선 표식물은 101번째다. 청와대는 “남북 분단의 상징이었던 군사분계선 표식물 앞에까지 양 정상이 산책한다는 것 자체로 의미가 있다”며 “특히 남북 정상이 배석자 없이 함께 담소를 나눌 수 있는 사실상 단독회담으로 도보다리가 ‘평화, 새로운 시작의 역사의 현장이 되길 진심으로 기대할 수 있다”고 말했다.
앞서 지난 2000년 김대중 당시 대통령과 김정일 국방위원장도 평양 순안공항에서 백화원 영빈관에 이르기까지 차량에 함께 타 ‘밀담’을 나눈 바 있다. 당시 김 위원장은 순안공항으로 김대중 대통령을 맞으러 나가 의장대 사열을 진행한 뒤 차량에 함께 탑승했다.",6,1795
iks_20180427_hankyoreh_news_033,Hankyoreh news 2018 April 27 corpus.txt,Hankyoreh,한겨레,news,2018-04-27,2018_april_summit,"김여정, 서류 들고 펜·장갑 건네며 김정은 밀착보좌","방명록 작성·식수 때 옆에서 돕고
오전 회담도 배석 ‘비서실장’ 존재감
문 대통령 “김 부부장 남쪽서 스타”","27일 김정은 북한 국무위원장의 공식 수행원으로 내려온 김여정 노동당 중앙위원회 제1부부장은 남북정상회담을 통해 다시 한번 존재감을 드러냈다. 김 위원장을 지근거리에서 보좌하는 ‘비서실장’이자 국정 보좌역의 면모도 보였다.
이날 아침 9시29분 군사분계선(MDL)을 넘은 김 위원장이 문재인 대통령과 나란히 판문점 남쪽 지역으로 걸어 내려올 때 북쪽 수행원들은 미리 티투(T2) 건물 남쪽에서 두 정상의 등장을 기다리고 있었다. 맨 앞에서 김 위원장을 맞은 것은 김 부부장이었다. 두 정상이 걸어 나오자 김 부부장은 조용히 김 위원장을 뒤따라 나왔고, 김 위원장이 남쪽 화동에게 받은 꽃다발은 자연스럽게 김 부부장에게 건네졌다.
이어 두 정상이 전통의장대를 사열하며 자유의집과 평화의집 중간에 마련된 행사장으로 이동하는 동안에도 김 부부장은 김 위원장의 45도 뒤쪽을 지키며 걸었다. 다른 수행원들이 자유의집을 통과해 행사장으로 이동할 때, 김 부부장은 두 정상을 따라 레드카펫 위를 걸었다. 북쪽 인사한테서 언질을 받은 뒤 서둘러 옆으로 빠진 것을 보면, 김 부부장은 평소대로 김 위원장을 뒤따르다 ‘의전 실수’ 해프닝이 벌어진 것으로 보인다. 이날 김 부부장은 회색 투피스에 검은색 서류가방을 들고 서류철을 겨드랑이에 낀 모습이었다.
김 부부장은 두 정상이 공식 수행원들과 함께 예정에 없던 단체사진을 찍을 때도 첫줄 오른쪽 맨 끝에 섰다. 사진촬영 뒤에는 임종석 대통령 비서실장과 웃으며 악수하기도 했다.
평화의집에 도착해 방명록을 쓰려는 김 위원장에게 펜을 건넨 것도, 오후 ‘1953년생 소나무’를 심는 기념식수 행사에서 김 위원장에게 흰색 장갑을 건넨 것도 김 부부장이었다. 김정은-김여정 남매의 ‘찰떡 호흡’과 이를 뒷받침하는 김 부부장의 그림자 밀착 수행이 눈길을 끌었다.
김 부부장은 남북 정상이 각각 2명의 배석자만 두고 진행한 오전 정상회담에도 김영철 당중앙위원회 부위원장과 함께 참석했다. 김 부부장은 지난 3월 초 대북특사단이 방북했을 때 김영철 부위원장과 함께 면담 자리에 배석한 바 있다. 두 차례 모두 김 위원장의 왼쪽에 앉아 김 위원장의 발언을 열심히 받아적는 모습이었다. 지난 2월 평창겨울올림픽 때는 김 위원장의 특사 자격으로 방남해 문 대통령에게 김 위원장의 친서를 전하는 등 얼어붙었던 남북관계에 ‘훈풍’을 불러왔다.
문 대통령은 이날 오전 회담에 앞서 김 위원장에게 “(김 부부장이) 남쪽에서는 아주 스타가 돼 있다”고 말해 한바탕 웃음을 불렀다고 윤영찬 청와대 국민소통수석이 전했다. 실제 지난 2월 방남 당시 김 부부장의 밝은 모습은 남쪽에 좋은 인상을 남겼다.
김 위원장은 회담에 앞서 문 대통령에게 “김여정 부부장 부서에서 ‘만리마 속도전'이란 말을 만들었는데 남과 북의 통일 속도로 삼자”는 말을 전하기도 했다.","김여정, 서류 들고 펜·장갑 건네며 김정은 밀착보좌
방명록 작성·식수 때 옆에서 돕고
오전 회담도 배석 ‘비서실장’ 존재감
문 대통령 “김 부부장 남쪽서 스타”
27일 김정은 북한 국무위원장의 공식 수행원으로 내려온 김여정 노동당 중앙위원회 제1부부장은 남북정상회담을 통해 다시 한번 존재감을 드러냈다. 김 위원장을 지근거리에서 보좌하는 ‘비서실장’이자 국정 보좌역의 면모도 보였다.
이날 아침 9시29분 군사분계선(MDL)을 넘은 김 위원장이 문재인 대통령과 나란히 판문점 남쪽 지역으로 걸어 내려올 때 북쪽 수행원들은 미리 티투(T2) 건물 남쪽에서 두 정상의 등장을 기다리고 있었다. 맨 앞에서 김 위원장을 맞은 것은 김 부부장이었다. 두 정상이 걸어 나오자 김 부부장은 조용히 김 위원장을 뒤따라 나왔고, 김 위원장이 남쪽 화동에게 받은 꽃다발은 자연스럽게 김 부부장에게 건네졌다.
이어 두 정상이 전통의장대를 사열하며 자유의집과 평화의집 중간에 마련된 행사장으로 이동하는 동안에도 김 부부장은 김 위원장의 45도 뒤쪽을 지키며 걸었다. 다른 수행원들이 자유의집을 통과해 행사장으로 이동할 때, 김 부부장은 두 정상을 따라 레드카펫 위를 걸었다. 북쪽 인사한테서 언질을 받은 뒤 서둘러 옆으로 빠진 것을 보면, 김 부부장은 평소대로 김 위원장을 뒤따르다 ‘의전 실수’ 해프닝이 벌어진 것으로 보인다. 이날 김 부부장은 회색 투피스에 검은색 서류가방을 들고 서류철을 겨드랑이에 낀 모습이었다.
김 부부장은 두 정상이 공식 수행원들과 함께 예정에 없던 단체사진을 찍을 때도 첫줄 오른쪽 맨 끝에 섰다. 사진촬영 뒤에는 임종석 대통령 비서실장과 웃으며 악수하기도 했다.
평화의집에 도착해 방명록을 쓰려는 김 위원장에게 펜을 건넨 것도, 오후 ‘1953년생 소나무’를 심는 기념식수 행사에서 김 위원장에게 흰색 장갑을 건넨 것도 김 부부장이었다. 김정은-김여정 남매의 ‘찰떡 호흡’과 이를 뒷받침하는 김 부부장의 그림자 밀착 수행이 눈길을 끌었다.
김 부부장은 남북 정상이 각각 2명의 배석자만 두고 진행한 오전 정상회담에도 김영철 당중앙위원회 부위원장과 함께 참석했다. 김 부부장은 지난 3월 초 대북특사단이 방북했을 때 김영철 부위원장과 함께 면담 자리에 배석한 바 있다. 두 차례 모두 김 위원장의 왼쪽에 앉아 김 위원장의 발언을 열심히 받아적는 모습이었다. 지난 2월 평창겨울올림픽 때는 김 위원장의 특사 자격으로 방남해 문 대통령에게 김 위원장의 친서를 전하는 등 얼어붙었던 남북관계에 ‘훈풍’을 불러왔다.
문 대통령은 이날 오전 회담에 앞서 김 위원장에게 “(김 부부장이) 남쪽에서는 아주 스타가 돼 있다”고 말해 한바탕 웃음을 불렀다고 윤영찬 청와대 국민소통수석이 전했다. 실제 지난 2월 방남 당시 김 부부장의 밝은 모습은 남쪽에 좋은 인상을 남겼다.
김 위원장은 회담에 앞서 문 대통령에게 “김여정 부부장 부서에서 ‘만리마 속도전'이란 말을 만들었는데 남과 북의 통일 속도로 삼자”는 말을 전하기도 했다.",8,1377
iks_20180427_hankyoreh_news_034,Hankyoreh news 2018 April 27 corpus.txt,Hankyoreh,한겨레,news,2018-04-27,2018_april_summit,백악관 “역사적 만남…한반도 평화·번영 진전 기대”,"문재인 대통령-김정은 위원장 첫 만남 직후
대변인실 명의로 성명 내어 환영
“역사적 만남” 평가, 기대 표방","미국 백악관은 27일 문재인 대통령과 김정은 북한 국무위원장의 첫 정상회담에 대해 “한반도 전체가 평화와 번영으로 가는 진전을 이뤄내길 바란다”며 기대감을 드러냈다.
백악관은 이날 오전 9시30분(한국시각) 남북 정상이 판문점에서 처음으로 만난 직후 대변인실 명의의 논평을 내어 “문재인 한국 대통령과 북한 지도자 김정은의 역사적 만남을 맞아, 우리는 한국인들의 앞날에 성공을 기원한다. 미국은 우리의 동맹인 한국의 긴밀한 공조에 감사하고 있으며, 몇 주 안에 열릴 도널드 트럼프 대통령과 김 위원장의 회담 준비에서도 견고한 논의를 지속해나가기를 고대한다”고 밝혔다.
백악관이 남북 정상의 만남 직후 긍정적이고 낙관적인 태도의 논평을 내놓은 것은 이번 회담 및 ‘5월 말~6월 초’로 예정된 북-미 정상회담에 대한 기대를 그대로 반영한 것으로 풀이된다. 남북 정상회담에서 비핵화와 관련해 어떤 수준의 합의가 나오느냐에 따라 북-미 정상회담의 성패가 좌우되기 때문이다.
또 백악관이 ‘한반도 전체의 평화와 번영’을 언급한 것은 남북이 현재의 갈등과 대결을 넘어 ‘경제 공동체’를 지향하는 것에 대한 지지를 내포한다. 아울러 남북 합의를 토대로 북-미 회담도 성공적으로 이끌어가고 싶다는 공조 요청의 의미도 담고 있다.
남북 정상회담이 열린 26일(미국 시각) 마이크 폼페이오 국무장관 지명자의 인준안이 상원 본회의를 통과하며, 북-미 회담 준비도 탄력을 받게 됐다. 폼페이오 지명자는 곧바로 제70대 국무장관으로 취임했다. 폼페이오 지명자 인준안은 찬성 57표, 반대 42표로 가결됐다. <로이터> 통신은 폼페이오 장관에 대해 “도널드 트럼프 대통령과 매파적 세계관을 공유하는 가장 충직한 측근이다. 트럼프 대통령이 그를 3주 전 북한에 특사로 파견하는 등 이미 미국 외교에 깊이 관여해 왔다”고 평했다.
중앙정보국(CIA) 국장 신분으로 그동안 극비 방북 등을 통해 북-미 정상회담 준비를 주도한 폼페이오 국무장관이 공개적인 외교 협상의 무대에 전면으로 나서면서, 회담 날짜와 장소가 정해지면 국무부와 백악관 채널 등을 통해 의전과 경호 문제가 집중적으로 논의될 것으로 예상된다.
백악관은 앞서 이달 초 이뤄진 폼페이오 국무장관과 김 위원장의 면담 사진 2장을 공개했다. 세라 허커비 샌더스 백악관 대변인 명의로 공개된 사진은 모두 김 위원장과 폼페이오 지명자가 악수하는 모습을 담고 있다. 하나는 두 사람이 손을 잡은 채 정면을 바라보는 모습이고, 다른 하나는 서로 마주 선 모습이다. 트럼프 대통령은 이날 <폭스뉴스> ‘폭스 앤 프렌즈’ 전화 인터뷰에서 “믿기 힘들 정도로 좋은 사진들이 있다”며 사진을 공개하고 싶다는 뜻을 밝혔다. 사진은 이 발언이 나오고 몇 시간 만에 공개됐다.","백악관 “역사적 만남…한반도 평화·번영 진전 기대”
문재인 대통령-김정은 위원장 첫 만남 직후
대변인실 명의로 성명 내어 환영
“역사적 만남” 평가, 기대 표방
미국 백악관은 27일 문재인 대통령과 김정은 북한 국무위원장의 첫 정상회담에 대해 “한반도 전체가 평화와 번영으로 가는 진전을 이뤄내길 바란다”며 기대감을 드러냈다.
백악관은 이날 오전 9시30분(한국시각) 남북 정상이 판문점에서 처음으로 만난 직후 대변인실 명의의 논평을 내어 “문재인 한국 대통령과 북한 지도자 김정은의 역사적 만남을 맞아, 우리는 한국인들의 앞날에 성공을 기원한다. 미국은 우리의 동맹인 한국의 긴밀한 공조에 감사하고 있으며, 몇 주 안에 열릴 도널드 트럼프 대통령과 김 위원장의 회담 준비에서도 견고한 논의를 지속해나가기를 고대한다”고 밝혔다.
백악관이 남북 정상의 만남 직후 긍정적이고 낙관적인 태도의 논평을 내놓은 것은 이번 회담 및 ‘5월 말~6월 초’로 예정된 북-미 정상회담에 대한 기대를 그대로 반영한 것으로 풀이된다. 남북 정상회담에서 비핵화와 관련해 어떤 수준의 합의가 나오느냐에 따라 북-미 정상회담의 성패가 좌우되기 때문이다.
또 백악관이 ‘한반도 전체의 평화와 번영’을 언급한 것은 남북이 현재의 갈등과 대결을 넘어 ‘경제 공동체’를 지향하는 것에 대한 지지를 내포한다. 아울러 남북 합의를 토대로 북-미 회담도 성공적으로 이끌어가고 싶다는 공조 요청의 의미도 담고 있다.
남북 정상회담이 열린 26일(미국 시각) 마이크 폼페이오 국무장관 지명자의 인준안이 상원 본회의를 통과하며, 북-미 회담 준비도 탄력을 받게 됐다. 폼페이오 지명자는 곧바로 제70대 국무장관으로 취임했다. 폼페이오 지명자 인준안은 찬성 57표, 반대 42표로 가결됐다. <로이터> 통신은 폼페이오 장관에 대해 “도널드 트럼프 대통령과 매파적 세계관을 공유하는 가장 충직한 측근이다. 트럼프 대통령이 그를 3주 전 북한에 특사로 파견하는 등 이미 미국 외교에 깊이 관여해 왔다”고 평했다.
중앙정보국(CIA) 국장 신분으로 그동안 극비 방북 등을 통해 북-미 정상회담 준비를 주도한 폼페이오 국무장관이 공개적인 외교 협상의 무대에 전면으로 나서면서, 회담 날짜와 장소가 정해지면 국무부와 백악관 채널 등을 통해 의전과 경호 문제가 집중적으로 논의될 것으로 예상된다.
백악관은 앞서 이달 초 이뤄진 폼페이오 국무장관과 김 위원장의 면담 사진 2장을 공개했다. 세라 허커비 샌더스 백악관 대변인 명의로 공개된 사진은 모두 김 위원장과 폼페이오 지명자가 악수하는 모습을 담고 있다. 하나는 두 사람이 손을 잡은 채 정면을 바라보는 모습이고, 다른 하나는 서로 마주 선 모습이다. 트럼프 대통령은 이날 <폭스뉴스> ‘폭스 앤 프렌즈’ 전화 인터뷰에서 “믿기 힘들 정도로 좋은 사진들이 있다”며 사진을 공개하고 싶다는 뜻을 밝혔다. 사진은 이 발언이 나오고 몇 시간 만에 공개됐다.",7,1336
iks_20180427_hankyoreh_news_035,Hankyoreh news 2018 April 27 corpus.txt,Hankyoreh,한겨레,news,2018-04-27,2018_april_summit,"코스피, 평화의 기운 머금고 장중 2500 돌파","원화도 6거래일만에 강세 전환
“기업지배구조 개선 병행돼야
국내 증시 한단계 도약 가능”","코스피가 남북 정상회담이 한반도 평화로 이어질 것이라는 기대감으로 한달 여만에 장중 2500선을 회복했다.
27일 코스피는 개장 4분만에 2500선을 탈환한 뒤 한때 2508.13까지 올랐지만 국내 기관의 4천억원 가까운 순매도로 16.76(0.68%) 오른 2492.4로 거래를 마쳤다. 코스닥 지수도 7.1(0.81%) 상승한 886.49로 마감했다. 삼성전자(1.65%), 셀트리온(7.59%) 등 시가총액 상위종목 대부분이 올랐다. 남북경협 관련주도 상승세를 이어갔다. 철도 관련 업체인 대아티아이(25%) 등 대북 인프라 관련주는 올랐지만 개성공단 입주기업은 차익실현 물량이 나오며 상승 탄력이 떨어졌다.
원화는 강세로 돌아섰다. 이날 서울외환시장에서 원-달러 환율은 4.3원 내린 1076.6원으로 마감해 5거래일 연속 약세에서 벗어났다. 국고채 금리는 하락세로 반전됐다.
전문가들은 한반도 긴장 완화가 한국 증시의 만성적인 저평가를 해소하는데 도움이 될 것으로 보고 있다. 이익에 견준 주가의 수준을 나타내는 한국의 주가수익비율(PER)은 8.7배로 대만의 13.7배에 크게 못미친다. 다만 지정학적 리스크 완화만으로 ‘코리아 디스카운트’ 현상이 해소되지 않을 것이라는 시각이 많다. 국내 주식이 싼 값에 거래되는 요인으로는 불투명한 기업지배구조가 우선 꼽힌다. 아시아기업지배구조협회(AGCA)가 평가한 한국의 기업지배구조는 아시아 11개국 가운데 8위다. 기업 이익의 높은 변동성과 낮은 배당성향도 약점으로 지적된다. 서정훈 삼성증권 연구원은 “기관들의 적극적인 의결권 행사지침인 스튜어드십 코드 확산으로 지배구조 개선과 주주환원이 이뤄져야 국내 증시가 한단계 도약할 수 있을 것”이라고 짚었다.","코스피, 평화의 기운 머금고 장중 2500 돌파
원화도 6거래일만에 강세 전환
“기업지배구조 개선 병행돼야
국내 증시 한단계 도약 가능”
코스피가 남북 정상회담이 한반도 평화로 이어질 것이라는 기대감으로 한달 여만에 장중 2500선을 회복했다.
27일 코스피는 개장 4분만에 2500선을 탈환한 뒤 한때 2508.13까지 올랐지만 국내 기관의 4천억원 가까운 순매도로 16.76(0.68%) 오른 2492.4로 거래를 마쳤다. 코스닥 지수도 7.1(0.81%) 상승한 886.49로 마감했다. 삼성전자(1.65%), 셀트리온(7.59%) 등 시가총액 상위종목 대부분이 올랐다. 남북경협 관련주도 상승세를 이어갔다. 철도 관련 업체인 대아티아이(25%) 등 대북 인프라 관련주는 올랐지만 개성공단 입주기업은 차익실현 물량이 나오며 상승 탄력이 떨어졌다.
원화는 강세로 돌아섰다. 이날 서울외환시장에서 원-달러 환율은 4.3원 내린 1076.6원으로 마감해 5거래일 연속 약세에서 벗어났다. 국고채 금리는 하락세로 반전됐다.
전문가들은 한반도 긴장 완화가 한국 증시의 만성적인 저평가를 해소하는데 도움이 될 것으로 보고 있다. 이익에 견준 주가의 수준을 나타내는 한국의 주가수익비율(PER)은 8.7배로 대만의 13.7배에 크게 못미친다. 다만 지정학적 리스크 완화만으로 ‘코리아 디스카운트’ 현상이 해소되지 않을 것이라는 시각이 많다. 국내 주식이 싼 값에 거래되는 요인으로는 불투명한 기업지배구조가 우선 꼽힌다. 아시아기업지배구조협회(AGCA)가 평가한 한국의 기업지배구조는 아시아 11개국 가운데 8위다. 기업 이익의 높은 변동성과 낮은 배당성향도 약점으로 지적된다. 서정훈 삼성증권 연구원은 “기관들의 적극적인 의결권 행사지침인 스튜어드십 코드 확산으로 지배구조 개선과 주주환원이 이뤄져야 국내 증시가 한단계 도약할 수 있을 것”이라고 짚었다.",4,845
iks_20180427_hankyoreh_news_036,Hankyoreh news 2018 April 27 corpus.txt,Hankyoreh,한겨레,news,2018-04-27,2018_april_summit,"남북 정상이 먹는 달고기, 벌써 품절이라네요",,"‘남북정상회담 만찬’으로 ‘친절한 기자’에 오랜만에 등판한 음식문화 담당기자 박미향입니다. 27일 역사의 새 장을 연 남북정상회담에서 김정은 국무위원장이 처음 꺼낸 말은 ‘평양냉면’이었습니다. 그는 “어렵사리 평양에서 평양냉면을 가져왔다”며 “(문 대통령이) 편한 마음으로 좀 맛있게 드셨으면 좋겠다”고 말했지요. 시인 백석이 사랑한 슴슴한 평양냉면이 역사적인 회담의 문을 열었군요. (이 효과로 장안의 내로라하는 평양냉면집들이 이날 인산인해였답니다.)
‘한반도 비핵화’ 등 큰 의제만큼이나 만찬 음식이 화제입니다. 제면기까지 들고 온 옥류관 수석요리사가 선보인 냉면 맛이 궁금해지는군요. 이미 ‘옥류관 요리사가 말하는 평양냉면 숨겨진 맛 비결’(4월7일 기사)에서 그 맛에 대해 탐문해봤습니다. 옥류관에서 일한 적 있는 탈북 요리사 윤종철씨가 말한 옥류관 냉면은 메밀과 감자녹말을 ‘4 대 6’으로 섞는다는군요. ‘8 대 2’ 배합을 정설로 떠받든 남쪽 사람들에겐 신기할 따름입니다. 육수엔 꿩을 우린 국물이 들어간다는군요.
만찬에 평양냉면만 오른 건 아닙니다. 민어해삼편수는 우리 조상들이 더운 여름에 먹는 네모난 모양의 귀한 만두입니다. 속 재료로 김대중 전 대통령의 고향인 신안 가거도에서 잡은 민어와 해삼을 넣었다는군요. 민어와 해삼은 지금이 제철입니다. 제철 음식을 쓰는 것만큼 최고의 조리법도 없지요. 사실 민어는 가거도가 아니라 임자도산을 으뜸으로 칩니다. 새우가 잘 자라는 곳이 바로 임자도인데, 민어가 가장 좋아하는 먹이가 새우랍니다. 큰 민어 파시가 열리던 일제강점기엔 흥청망청 돈이 물결쳐 기생들이 원정 올 정도였다고 합니다. 인천 인근 굴업도에도 큰 파시가 열렸다는 기록이 있습니다.
겉은 바삭하고 속은 촉촉하게 구운 달고기구이도 올랐더군요. 우리에겐 낯선 달고기는 서양에선 흔한 생선입니다. ‘존도리’라 부르죠. 한국에선 문재인 대통령이 유년을 보낸 부산이 이 음식의 고향입니다. 지금이 제철인데, 1960~70년대엔 그저 가난한 이들이 먹던 서민의 생선이었습니다. 그들은 달고기로 포를 떠서 제사상에 올리곤 했죠. 팔기 시작한 지 고작 20여년도 안 됩니다.
달고기는 양식이 없습니다. 그러다 보니 건강한 식재료로 이유식을 만들고 싶은 주부들이 몇 년 전부터 찾기 시작했죠. 거기다 서울의 고급 서양식 레스토랑의 유명 요리사들까지 가세했습니다. 서양식 ‘존도리 스테이크’를 메뉴로 내기 시작한 거죠. 이렇게 서서히 이름이 나기 시작한 게 고작 6~7년 전입니다.
그런데 큰일 났습니다. 이제 먹기 더 힘들어질 것 같습니다. 부산의 달고기 판매 전문점 ‘자갈치창용상회’ 주인 김경희(73)씨가 전해 온 소식은, 정상회담 메뉴에 올랐다는 소식이 전해지자마자 경매가가 예년에 비해 7~8배 올랐다는군요. 김씨는 그동안 1㎏을 2만원에 팔아왔는데 어찌해야 할지 모르겠다고 걱정입니다. 이번 만찬엔 유독 생선이 많습니다. 도미찜, 메기찜도 있더군요. 어떤 의미가 있지 않을까요?
광주전남연구원 김준 연구원은 바닷물고기가 갖는 상징성에 주목합니다. 그는 “민어는 남북을 오가는 생선입니다. 땅에 가둬 놓고 사육하는 소나 돼지와 달리 경계를 넘나드는 게 물고기”라고 말합니다. 남북이 평화롭게 공존할 수 있는 환경을 만든 이번 정상회담의 역사적 의미가 만찬에 투영된 것이라고 (저 혼자) 해석합니다.^^
참, 뢰스티를 빼놓을 뻔했네요. 김정은 국무위원장을 배려해 낸 음식입니다. 그가 유년을 보낸 스위스의 전통 음식이죠. 뢰스티는 우리네 감자전과 비슷한데, 감자를 삶아 채 썬 뒤에 두툼하게 모양을 잡아 익히는 음식입니다. 위에 소시지, 치즈 등을 올려 먹기도 합니다. 유럽의 감자는 우리네 감자와 달리 수분이 적어 삶아 썰어도 길쭉한 모양이 무너지지 않아요. 우리식으로 해석했다니 그 맛이 궁금해집니다.
가거도, 봉하마을, 부산, 스위스. 만찬 음식마다 지명이 있군요. <왜 맛있을까>를 쓴 옥스퍼드대학 통합감각연구소 소장 찰스 스펜스는 식탁의 즐거움은 마음에 있지, 입에 있지 않다고 했습니다. 추억이 묻어난 곳의 먹거리를 가져와 차린 만찬은 비둘기 훨훨 나는 평화의 세상으로 우리를 이끌 것으로 보이는군요.","남북 정상이 먹는 달고기, 벌써 품절이라네요
‘남북정상회담 만찬’으로 ‘친절한 기자’에 오랜만에 등판한 음식문화 담당기자 박미향입니다. 27일 역사의 새 장을 연 남북정상회담에서 김정은 국무위원장이 처음 꺼낸 말은 ‘평양냉면’이었습니다. 그는 “어렵사리 평양에서 평양냉면을 가져왔다”며 “(문 대통령이) 편한 마음으로 좀 맛있게 드셨으면 좋겠다”고 말했지요. 시인 백석이 사랑한 슴슴한 평양냉면이 역사적인 회담의 문을 열었군요. (이 효과로 장안의 내로라하는 평양냉면집들이 이날 인산인해였답니다.)
‘한반도 비핵화’ 등 큰 의제만큼이나 만찬 음식이 화제입니다. 제면기까지 들고 온 옥류관 수석요리사가 선보인 냉면 맛이 궁금해지는군요. 이미 ‘옥류관 요리사가 말하는 평양냉면 숨겨진 맛 비결’(4월7일 기사)에서 그 맛에 대해 탐문해봤습니다. 옥류관에서 일한 적 있는 탈북 요리사 윤종철씨가 말한 옥류관 냉면은 메밀과 감자녹말을 ‘4 대 6’으로 섞는다는군요. ‘8 대 2’ 배합을 정설로 떠받든 남쪽 사람들에겐 신기할 따름입니다. 육수엔 꿩을 우린 국물이 들어간다는군요.
만찬에 평양냉면만 오른 건 아닙니다. 민어해삼편수는 우리 조상들이 더운 여름에 먹는 네모난 모양의 귀한 만두입니다. 속 재료로 김대중 전 대통령의 고향인 신안 가거도에서 잡은 민어와 해삼을 넣었다는군요. 민어와 해삼은 지금이 제철입니다. 제철 음식을 쓰는 것만큼 최고의 조리법도 없지요. 사실 민어는 가거도가 아니라 임자도산을 으뜸으로 칩니다. 새우가 잘 자라는 곳이 바로 임자도인데, 민어가 가장 좋아하는 먹이가 새우랍니다. 큰 민어 파시가 열리던 일제강점기엔 흥청망청 돈이 물결쳐 기생들이 원정 올 정도였다고 합니다. 인천 인근 굴업도에도 큰 파시가 열렸다는 기록이 있습니다.
겉은 바삭하고 속은 촉촉하게 구운 달고기구이도 올랐더군요. 우리에겐 낯선 달고기는 서양에선 흔한 생선입니다. ‘존도리’라 부르죠. 한국에선 문재인 대통령이 유년을 보낸 부산이 이 음식의 고향입니다. 지금이 제철인데, 1960~70년대엔 그저 가난한 이들이 먹던 서민의 생선이었습니다. 그들은 달고기로 포를 떠서 제사상에 올리곤 했죠. 팔기 시작한 지 고작 20여년도 안 됩니다.
달고기는 양식이 없습니다. 그러다 보니 건강한 식재료로 이유식을 만들고 싶은 주부들이 몇 년 전부터 찾기 시작했죠. 거기다 서울의 고급 서양식 레스토랑의 유명 요리사들까지 가세했습니다. 서양식 ‘존도리 스테이크’를 메뉴로 내기 시작한 거죠. 이렇게 서서히 이름이 나기 시작한 게 고작 6~7년 전입니다.
그런데 큰일 났습니다. 이제 먹기 더 힘들어질 것 같습니다. 부산의 달고기 판매 전문점 ‘자갈치창용상회’ 주인 김경희(73)씨가 전해 온 소식은, 정상회담 메뉴에 올랐다는 소식이 전해지자마자 경매가가 예년에 비해 7~8배 올랐다는군요. 김씨는 그동안 1㎏을 2만원에 팔아왔는데 어찌해야 할지 모르겠다고 걱정입니다. 이번 만찬엔 유독 생선이 많습니다. 도미찜, 메기찜도 있더군요. 어떤 의미가 있지 않을까요?
광주전남연구원 김준 연구원은 바닷물고기가 갖는 상징성에 주목합니다. 그는 “민어는 남북을 오가는 생선입니다. 땅에 가둬 놓고 사육하는 소나 돼지와 달리 경계를 넘나드는 게 물고기”라고 말합니다. 남북이 평화롭게 공존할 수 있는 환경을 만든 이번 정상회담의 역사적 의미가 만찬에 투영된 것이라고 (저 혼자) 해석합니다.^^
참, 뢰스티를 빼놓을 뻔했네요. 김정은 국무위원장을 배려해 낸 음식입니다. 그가 유년을 보낸 스위스의 전통 음식이죠. 뢰스티는 우리네 감자전과 비슷한데, 감자를 삶아 채 썬 뒤에 두툼하게 모양을 잡아 익히는 음식입니다. 위에 소시지, 치즈 등을 올려 먹기도 합니다. 유럽의 감자는 우리네 감자와 달리 수분이 적어 삶아 썰어도 길쭉한 모양이 무너지지 않아요. 우리식으로 해석했다니 그 맛이 궁금해집니다.
가거도, 봉하마을, 부산, 스위스. 만찬 음식마다 지명이 있군요. <왜 맛있을까>를 쓴 옥스퍼드대학 통합감각연구소 소장 찰스 스펜스는 식탁의 즐거움은 마음에 있지, 입에 있지 않다고 했습니다. 추억이 묻어난 곳의 먹거리를 가져와 차린 만찬은 비둘기 훨훨 나는 평화의 세상으로 우리를 이끌 것으로 보이는군요.",9,2030
iks_20180427_hankyoreh_news_037,Hankyoreh news 2018 April 27 corpus.txt,Hankyoreh,한겨레,news,2018-04-27,2018_april_summit,“만리마 속도로 통일” 남북 정상 ‘속도전’ 강조 왜?,"합의 이행 의지 강조
남북-북미 정상회담 이어지는 ‘탈냉전’ 기회
수구 세력 방해로 무산되지 않겠다는 뜻","문재인 대통령과 김정은 북한 국무위원장은 27일 오전 판문점 평화의 집에서 진행된 정상회담에서 “속도”를 유독 강조했다. 11년 만에 만개한 “한반도의 봄”을 남과 북의 공조로 주도적으로 이끌어 가을의 결실을 거두자는 포괄적 다짐이자, 1·2차 정상회담이 김대중·노무현 두 대통령의 임기 중후반 열려 합의 이행에 어려움을 겪거나 실패한 선례를 되풀이하지 말자는 ‘현실적 필요’에 따른 것이다.
남과 북 두 정상의 이런 ‘속도’ 강조는 앞으로 남북관계가 매우 빠른 속도로 진행될 것임을 예고한다. 아울러 ‘(합의의) 이행 제도화’와 관련한 합의가 이번 회담 결과에 담기리라는 예고이기도 하다.
먼저 운을 뗀 쪽은 김정은 위원장이다. 김 위원장은 “큰 합의를 해놓고 10년 이상 실천을 못했다”며 “잃어버린 11년”을 거듭 강조했다. 그러면서 “우리가 11년간 못한 것을 100여일 만에 줄기차게 달려왔다”며 “굳은 의지로 함께 손잡고 가면 지금보다야 못해질 수 있겠나”라고 반문했다.
문 대통령도 김 위원장의 문제의식에 공감했다. 문 대통령은 “과거에는 정권 중간이나 말에 늦게 합의가 이뤄져 정권이 바뀌면 실천이 이뤄지지 않았다. 제가 시작한 지 이제 1년차다. 제 임기 내에 김 위원장의 신년사에서 오늘에 이르기까지 달려온 속도를 계속 유지했으면 좋겠다”고 말을 받았다.
그러자 김 위원장은 “김여정 부부장의 부서에서 ‘만리마 속도전’이라는 말을 만들었는데, 남과 북의 통일의 속도로 삼자”고 제안했다. ‘만리마 속도전’은 ‘마식령속도’와 함께, 김정은 시대 북한의 사업 작풍을 지칭하는 대표적 개념이다.
문 대통령은 이에 바로 반응하지 않았다. 다만, 임종석 비서실장이 ‘속도’ 대화와 관련해 거들고 나섰다. 임 실장은 “살얼음판을 걸을 때 빠지지 않으려면 속도를 늦춰서는 안 된다는 말이 있다”고 짚었다. 정전 65년, 사상 처음으로 남북 정상회담과 북-미 정상회담이 순차 진행될 ‘한반도 탈냉전’의 다시 없을 역사적 기회를, 안팎의 냉전적 기득권세력이 반격·방해할 빌미를 주지 않도록 속도를 내자는 절박한 주문이기도 하다.
문 대통령은 “과거를 돌아봤을 때 가장 중요한 것은 속도”라고 거듭 강조했고, 김 위원장은 “이제 마음 단단히 먹고 다시 원점으로 오는 일이 없어야겠다”고 다짐했다.","“만리마 속도로 통일” 남북 정상 ‘속도전’ 강조 왜?
합의 이행 의지 강조
남북-북미 정상회담 이어지는 ‘탈냉전’ 기회
수구 세력 방해로 무산되지 않겠다는 뜻
문재인 대통령과 김정은 북한 국무위원장은 27일 오전 판문점 평화의 집에서 진행된 정상회담에서 “속도”를 유독 강조했다. 11년 만에 만개한 “한반도의 봄”을 남과 북의 공조로 주도적으로 이끌어 가을의 결실을 거두자는 포괄적 다짐이자, 1·2차 정상회담이 김대중·노무현 두 대통령의 임기 중후반 열려 합의 이행에 어려움을 겪거나 실패한 선례를 되풀이하지 말자는 ‘현실적 필요’에 따른 것이다.
남과 북 두 정상의 이런 ‘속도’ 강조는 앞으로 남북관계가 매우 빠른 속도로 진행될 것임을 예고한다. 아울러 ‘(합의의) 이행 제도화’와 관련한 합의가 이번 회담 결과에 담기리라는 예고이기도 하다.
먼저 운을 뗀 쪽은 김정은 위원장이다. 김 위원장은 “큰 합의를 해놓고 10년 이상 실천을 못했다”며 “잃어버린 11년”을 거듭 강조했다. 그러면서 “우리가 11년간 못한 것을 100여일 만에 줄기차게 달려왔다”며 “굳은 의지로 함께 손잡고 가면 지금보다야 못해질 수 있겠나”라고 반문했다.
문 대통령도 김 위원장의 문제의식에 공감했다. 문 대통령은 “과거에는 정권 중간이나 말에 늦게 합의가 이뤄져 정권이 바뀌면 실천이 이뤄지지 않았다. 제가 시작한 지 이제 1년차다. 제 임기 내에 김 위원장의 신년사에서 오늘에 이르기까지 달려온 속도를 계속 유지했으면 좋겠다”고 말을 받았다.
그러자 김 위원장은 “김여정 부부장의 부서에서 ‘만리마 속도전’이라는 말을 만들었는데, 남과 북의 통일의 속도로 삼자”고 제안했다. ‘만리마 속도전’은 ‘마식령속도’와 함께, 김정은 시대 북한의 사업 작풍을 지칭하는 대표적 개념이다.
문 대통령은 이에 바로 반응하지 않았다. 다만, 임종석 비서실장이 ‘속도’ 대화와 관련해 거들고 나섰다. 임 실장은 “살얼음판을 걸을 때 빠지지 않으려면 속도를 늦춰서는 안 된다는 말이 있다”고 짚었다. 정전 65년, 사상 처음으로 남북 정상회담과 북-미 정상회담이 순차 진행될 ‘한반도 탈냉전’의 다시 없을 역사적 기회를, 안팎의 냉전적 기득권세력이 반격·방해할 빌미를 주지 않도록 속도를 내자는 절박한 주문이기도 하다.
문 대통령은 “과거를 돌아봤을 때 가장 중요한 것은 속도”라고 거듭 강조했고, 김 위원장은 “이제 마음 단단히 먹고 다시 원점으로 오는 일이 없어야겠다”고 다짐했다.",7,1117
iks_20180427_hankyoreh_news_038,Hankyoreh news 2018 April 27 corpus.txt,Hankyoreh,한겨레,news,2018-04-27,2018_april_summit,“서울-평양만이라도 자유왕래할 수 있다면…”,"‘화약고’ 서해5도 어민들, 한반도기 달고 조업 나서","강원 고성군 주민 “반드시 금강산관광 재개하길…”
실향민 “죽기 전에 고향 땅을 다시 밟아보고 싶다”
탈북민, 자유왕래 기대하면서도 불이익 우려하기도
역사적인 남북 정상회담이 열린 27일 접경지역 주민과 실향민, 탈북자들은 온종일 마음이 들떴다.
‘한반도의 화약고’로 불리는 서해 5도 주민들의 감회는 남달랐다. 서해 5도는 연평해전, 대청해전, 연평도 피격, 천안함 침몰 등 잦은 군사적 충돌로 늘 전쟁 위협에 시달리는 곳이다. 박태원 연평도 어촌계장은 “우리 어민들은 오늘도 평화의 염원을 담아 ‘서해 5도 한반도기’(서해 5도가 포시된 한반도기)를 어선에 달고 조업했다. 이번 정상회담이 성공적으로 끝나 서해 북방한계선(NLL) 해역에서 남북 어민이 함께 평화롭게 조업하길 바란다”고 말했다. 박원일 ‘서해5도 생존과 평화를 위한 인천시민대책위원회’ 간사도 “서해 5도 주민들은 언제 터질지 모르는 위험에서 벗어나길 바란다. 그동안의 아픔을 딛고 평화의 섬이 되면 좋겠다는 주민들의 간절한 바람이 북에도 잘 전달되면 좋겠다”고 말했다.
판문점 근처의 경기도 고양, 파주 등은 온종일 들썩였다. 고양의 시민단체들은 이날 정상회담 프레스센터가 마련된 일산 킨텍스 일대에서 남북 평화와 통일을 염원하며 시민 200여명이 참가한 ‘한반도 단일기 인간띠잇기’ 행사를 열었다. 윤주한 ‘통일을 이루는 사람들’ 이사장은 “개성은 당일로 소풍을 다녀올 만큼 가까운 곳이다. 자유롭게 남북을 넘나드는 세상이 속히 왔으면 좋겠다”고 말했다. 관광지인 임진각도 전국에서 몰려온 수천명의 관광객과 주민들로 내내 북적댔다.
강원도 최북단 고성군 주민들도 이번 정상회담으로 금강산 관광이 재개되길 기대하고 있다. 또 단절된 동해북부선 연결에 대한 기대감도 크다. 이강훈 고성군번영회장은 “금강산 관광이 중단된 뒤 10년 동안 경제가 위축돼 주민들이 갈수록 어려워지고 있다. 반드시 금강산 관광 재개라는 성과를 내주길 바란다. 이번 정상회담에 거는 주민들의 기대가 크다”고 말했다.
남북관계에 대해 수없이 실망하고 낙담해온 실향민들도 이날은 “이번엔 혹시나” 하는 실낱같은 기대감을 감추지 않았다. 강원도 속초 아바이마을에 사는 실향민들은 삼삼오오 모여 정상회담을 생중계하는 텔레비전에서 눈을 떼지 못했다. 12살 때 월남한 김진국(78) 청호동노인회장은 “모든 실향민의 소원은 눈감기 전에 고향 땅을 다시 밟아보는 것이다. 이번 회담에서 이산가족 상봉과 고향 방문 등 희소식이 전해지길 기대한다”고 말했다.
부산에는 문재인 대통령의 부모처럼 함경도 쪽에서 피난온 실향민들이 많다. 여인찬(87) 이북도민회 부산지구연합회장은 “2000년과 2007년 남북 정상회담과 비교할 때 분위기가 더 좋은 것 같다. 북한이 대외적으로 어렵기 때문에 더 적극적인 것 같다. 남북 정상이 좋은 결과를 내주기를 바란다”고 말했다.
탈북자들은 남북 교류 재개에 대한 기대감을 보이면서도 자칫 불이익을 받지 않을까 우려하기도 했다. 1만여명의 탈북자 회원을 보유한 탈북자동지회 서재평 사무국장은 “김정은 국무위원장이 합의를 꼭 이행하자고 말한 것은 와닿았다. 탈북자들로서는 서울-평양만이라도 자유왕래를 해서 가족과 친구들을 만날 수 있으면 좋겠다”고 말했다. 다른 탈북자는 “남북 간의 자유로운 왕래가 이뤄지더라도 과연 탈북자들이 자유롭고 안전하게 북한에 다녀올 수 있을지는 모르겠다”고 말했다.","“서울-평양만이라도 자유왕래할 수 있다면…”
‘화약고’ 서해5도 어민들, 한반도기 달고 조업 나서
강원 고성군 주민 “반드시 금강산관광 재개하길…”
실향민 “죽기 전에 고향 땅을 다시 밟아보고 싶다”
탈북민, 자유왕래 기대하면서도 불이익 우려하기도
역사적인 남북 정상회담이 열린 27일 접경지역 주민과 실향민, 탈북자들은 온종일 마음이 들떴다.
‘한반도의 화약고’로 불리는 서해 5도 주민들의 감회는 남달랐다. 서해 5도는 연평해전, 대청해전, 연평도 피격, 천안함 침몰 등 잦은 군사적 충돌로 늘 전쟁 위협에 시달리는 곳이다. 박태원 연평도 어촌계장은 “우리 어민들은 오늘도 평화의 염원을 담아 ‘서해 5도 한반도기’(서해 5도가 포시된 한반도기)를 어선에 달고 조업했다. 이번 정상회담이 성공적으로 끝나 서해 북방한계선(NLL) 해역에서 남북 어민이 함께 평화롭게 조업하길 바란다”고 말했다. 박원일 ‘서해5도 생존과 평화를 위한 인천시민대책위원회’ 간사도 “서해 5도 주민들은 언제 터질지 모르는 위험에서 벗어나길 바란다. 그동안의 아픔을 딛고 평화의 섬이 되면 좋겠다는 주민들의 간절한 바람이 북에도 잘 전달되면 좋겠다”고 말했다.
판문점 근처의 경기도 고양, 파주 등은 온종일 들썩였다. 고양의 시민단체들은 이날 정상회담 프레스센터가 마련된 일산 킨텍스 일대에서 남북 평화와 통일을 염원하며 시민 200여명이 참가한 ‘한반도 단일기 인간띠잇기’ 행사를 열었다. 윤주한 ‘통일을 이루는 사람들’ 이사장은 “개성은 당일로 소풍을 다녀올 만큼 가까운 곳이다. 자유롭게 남북을 넘나드는 세상이 속히 왔으면 좋겠다”고 말했다. 관광지인 임진각도 전국에서 몰려온 수천명의 관광객과 주민들로 내내 북적댔다.
강원도 최북단 고성군 주민들도 이번 정상회담으로 금강산 관광이 재개되길 기대하고 있다. 또 단절된 동해북부선 연결에 대한 기대감도 크다. 이강훈 고성군번영회장은 “금강산 관광이 중단된 뒤 10년 동안 경제가 위축돼 주민들이 갈수록 어려워지고 있다. 반드시 금강산 관광 재개라는 성과를 내주길 바란다. 이번 정상회담에 거는 주민들의 기대가 크다”고 말했다.
남북관계에 대해 수없이 실망하고 낙담해온 실향민들도 이날은 “이번엔 혹시나” 하는 실낱같은 기대감을 감추지 않았다. 강원도 속초 아바이마을에 사는 실향민들은 삼삼오오 모여 정상회담을 생중계하는 텔레비전에서 눈을 떼지 못했다. 12살 때 월남한 김진국(78) 청호동노인회장은 “모든 실향민의 소원은 눈감기 전에 고향 땅을 다시 밟아보는 것이다. 이번 회담에서 이산가족 상봉과 고향 방문 등 희소식이 전해지길 기대한다”고 말했다.
부산에는 문재인 대통령의 부모처럼 함경도 쪽에서 피난온 실향민들이 많다. 여인찬(87) 이북도민회 부산지구연합회장은 “2000년과 2007년 남북 정상회담과 비교할 때 분위기가 더 좋은 것 같다. 북한이 대외적으로 어렵기 때문에 더 적극적인 것 같다. 남북 정상이 좋은 결과를 내주기를 바란다”고 말했다.
탈북자들은 남북 교류 재개에 대한 기대감을 보이면서도 자칫 불이익을 받지 않을까 우려하기도 했다. 1만여명의 탈북자 회원을 보유한 탈북자동지회 서재평 사무국장은 “김정은 국무위원장이 합의를 꼭 이행하자고 말한 것은 와닿았다. 탈북자들로서는 서울-평양만이라도 자유왕래를 해서 가족과 친구들을 만날 수 있으면 좋겠다”고 말했다. 다른 탈북자는 “남북 간의 자유로운 왕래가 이뤄지더라도 과연 탈북자들이 자유롭고 안전하게 북한에 다녀올 수 있을지는 모르겠다”고 말했다.",10,1654
iks_20180427_hankyoreh_news_039,Hankyoreh news 2018 April 27 corpus.txt,Hankyoreh,한겨레,news,2018-04-27,2018_april_summit,하늘색 넥타이·짙은색 인민복…남북 정상 패션에 담긴 의미는?,"2018 남북정상회담, 두 정상 패션도 주목
한혜연·정보윤 패션 전문가 분석
“문 대통령 넥타이 솔직한 대화로 평화 정착 의미”
“국무위원장의 짙은 감색, 신뢰받는 지도자 연출”","27일 '2018 남북정상회담'에서 남북 정상이 입은 의상에도 이목이 집중됐다. 이날 문재인 대통령은 감색 양복에 선명한 하늘색 넥타이를, 김정은 북한 국무위원장은 줄무늬가 있는 짙은 감색의 인민복을 착용하고 첫 만남을 가졌다. 이를 두고 국내 패션 전문가들은 “두 정상이 ‘평화’ ‘한민족’ ‘신뢰’ 등의 키워드를 담은 패션 외교를 펼쳤다”고 평했다.
특히 문 대통령의 경우 선명한 하늘색 넥타이를 통해 ‘한반도 비핵화·평화 정착’을 향한 강한 의지를 드러냈다는 평이다. 한혜연 스타일리스트는 “매우 놀랐다. 일반적으로 잘 선택하지 않는 색이 선명한 하늘색”이라며 “‘이제는 친하게 지내자’라는 단순한 차원이 아니라 ‘마음을 툭 터놓고 솔직한 대화를 통해 평화 정착으로 가겠다’는 확고한 의지를 드러낸 것”이라고 설명했다.
하늘은 국경선이나 경계가 없기 때문에 흔히 화해를 상징한다. 한반도기도 하얀 색 바탕에 하늘색 한반도가 그려져 있다. 전 세계가 주목하고 있는 회담인 걸 고려해 ‘우리는 한 민족’이라는 사실을 강조했다는 것이다. 한국의 대통령들은 주로 넥타이를 통해 의중을 드러내 왔다.
서울종합예술학교 패션학과 정보윤 교수는 “(문 대통령이) 최근 트럼프 미국 대통령과의 정상회담에선 짙은 파란색의 넥타이를 착용했다. ‘잘 지내보자’는 화해를 드러내는 동시에 정치인으로도 물러서지는 않겠다는 강인함을 피력했다”면서 “오늘 회담에선 그때와 비슷한 푸른 계열이지만 채도가 그보다는 낮고 선명해서 의미가 다르다”고 말했다.
2000년 김대중 전 대통령은 1차 남북정상회담에서 적색 넥타이를, 2007년 노무현 전 대통령은 2차 남북정상회담에서 연한 하늘색 넥타이를 착용했다. 한 스타일리스트는 “적색은 흔히 정치사에서 공산주의 체제를 나타내 왔다. 1차 남북회담이었던 만큼, ‘친밀감’을 높이고자 한 의사를 표현한 것 같다”고 말했다. 노 전 대통령은 ’진정성’을 강조했다는 설명이다. 정 교수는 “평소 즐기던 연한 하늘색 넥타이를 통해 당신 특유의 ‘진솔하게 대화하자’는 인간미를 드러낸 것”이라고 말했다.
김 국무위원장이 자신의 롤 모델인 할아버지 김일성 국가주석처럼 서양식 양복을 입고 나올 것이란 관측도 있었지만, 이변은 없었다. 지난 3월 말 중국 시진핑 중국 국가주석을 만날 때 입었던 것과 같은 짙은 감색의 인민복을 입었다. 한 스타일리스트는 “본인 패이스를 유지할 수 있는 옷을 택했다. 한 마디로 실수 없이 대화하고 싶다는 것”이라는 것이다.
정 교수도 “갑자기 의상에 파격적인 변화를 주면 회담의 초점이 흐려질 수 있다는 우려가 있었을 것이다. 언론의 시선이 옷에만 갈 수 있기 때문”이라고 말했다. “대신 밝은 표정과 미소 등으로 내심을 드러낸 것 같다”고 설명했다. 이어 “김정은 국무위원장 입장에서는 한국인 앞에서 처음으로 자신을 공식적으로 드러내는 순간이다. 줄무늬로 젊음을, 짙은 감색의 원단으로 신뢰할 만한 지도자라는 인상을 주려한 것 같다”고 덧붙였다.
두 정상의 바지도 주목받았다. 문 대통령은 아랫단이 좁아지는 바지를 입었고, 김정은 국무위원장은 반대로 폭이 넓은 바지를 입었다. 한 스타일리스트는 “문 대통령은 마치 멋쟁이 이탈리아 남자처럼 보였다. 아랫단이 좁은 바지는 세련된 젊은이들이 흔히 즐겨 입는 바지다”라며 31살이라는 두 정상의 나이 차를 염두에 둔 복장으로 봤다. 반대로 김 국무위원장의 폭이 넓은 바지는 “성숙한 면을 드러내는 것”이라고 정 교수는 말한다. 패션을 통해서도 차이를 좁혀 보려는 의지가 두 사람에게 보인다고 이들 전문가들은 분석한다.","하늘색 넥타이·짙은색 인민복…남북 정상 패션에 담긴 의미는?
2018 남북정상회담, 두 정상 패션도 주목
한혜연·정보윤 패션 전문가 분석
“문 대통령 넥타이 솔직한 대화로 평화 정착 의미”
“국무위원장의 짙은 감색, 신뢰받는 지도자 연출”
27일 '2018 남북정상회담'에서 남북 정상이 입은 의상에도 이목이 집중됐다. 이날 문재인 대통령은 감색 양복에 선명한 하늘색 넥타이를, 김정은 북한 국무위원장은 줄무늬가 있는 짙은 감색의 인민복을 착용하고 첫 만남을 가졌다. 이를 두고 국내 패션 전문가들은 “두 정상이 ‘평화’ ‘한민족’ ‘신뢰’ 등의 키워드를 담은 패션 외교를 펼쳤다”고 평했다.
특히 문 대통령의 경우 선명한 하늘색 넥타이를 통해 ‘한반도 비핵화·평화 정착’을 향한 강한 의지를 드러냈다는 평이다. 한혜연 스타일리스트는 “매우 놀랐다. 일반적으로 잘 선택하지 않는 색이 선명한 하늘색”이라며 “‘이제는 친하게 지내자’라는 단순한 차원이 아니라 ‘마음을 툭 터놓고 솔직한 대화를 통해 평화 정착으로 가겠다’는 확고한 의지를 드러낸 것”이라고 설명했다.
하늘은 국경선이나 경계가 없기 때문에 흔히 화해를 상징한다. 한반도기도 하얀 색 바탕에 하늘색 한반도가 그려져 있다. 전 세계가 주목하고 있는 회담인 걸 고려해 ‘우리는 한 민족’이라는 사실을 강조했다는 것이다. 한국의 대통령들은 주로 넥타이를 통해 의중을 드러내 왔다.
서울종합예술학교 패션학과 정보윤 교수는 “(문 대통령이) 최근 트럼프 미국 대통령과의 정상회담에선 짙은 파란색의 넥타이를 착용했다. ‘잘 지내보자’는 화해를 드러내는 동시에 정치인으로도 물러서지는 않겠다는 강인함을 피력했다”면서 “오늘 회담에선 그때와 비슷한 푸른 계열이지만 채도가 그보다는 낮고 선명해서 의미가 다르다”고 말했다.
2000년 김대중 전 대통령은 1차 남북정상회담에서 적색 넥타이를, 2007년 노무현 전 대통령은 2차 남북정상회담에서 연한 하늘색 넥타이를 착용했다. 한 스타일리스트는 “적색은 흔히 정치사에서 공산주의 체제를 나타내 왔다. 1차 남북회담이었던 만큼, ‘친밀감’을 높이고자 한 의사를 표현한 것 같다”고 말했다. 노 전 대통령은 ’진정성’을 강조했다는 설명이다. 정 교수는 “평소 즐기던 연한 하늘색 넥타이를 통해 당신 특유의 ‘진솔하게 대화하자’는 인간미를 드러낸 것”이라고 말했다.
김 국무위원장이 자신의 롤 모델인 할아버지 김일성 국가주석처럼 서양식 양복을 입고 나올 것이란 관측도 있었지만, 이변은 없었다. 지난 3월 말 중국 시진핑 중국 국가주석을 만날 때 입었던 것과 같은 짙은 감색의 인민복을 입었다. 한 스타일리스트는 “본인 패이스를 유지할 수 있는 옷을 택했다. 한 마디로 실수 없이 대화하고 싶다는 것”이라는 것이다.
정 교수도 “갑자기 의상에 파격적인 변화를 주면 회담의 초점이 흐려질 수 있다는 우려가 있었을 것이다. 언론의 시선이 옷에만 갈 수 있기 때문”이라고 말했다. “대신 밝은 표정과 미소 등으로 내심을 드러낸 것 같다”고 설명했다. 이어 “김정은 국무위원장 입장에서는 한국인 앞에서 처음으로 자신을 공식적으로 드러내는 순간이다. 줄무늬로 젊음을, 짙은 감색의 원단으로 신뢰할 만한 지도자라는 인상을 주려한 것 같다”고 덧붙였다.
두 정상의 바지도 주목받았다. 문 대통령은 아랫단이 좁아지는 바지를 입었고, 김정은 국무위원장은 반대로 폭이 넓은 바지를 입었다. 한 스타일리스트는 “문 대통령은 마치 멋쟁이 이탈리아 남자처럼 보였다. 아랫단이 좁은 바지는 세련된 젊은이들이 흔히 즐겨 입는 바지다”라며 31살이라는 두 정상의 나이 차를 염두에 둔 복장으로 봤다. 반대로 김 국무위원장의 폭이 넓은 바지는 “성숙한 면을 드러내는 것”이라고 정 교수는 말한다. 패션을 통해서도 차이를 좁혀 보려는 의지가 두 사람에게 보인다고 이들 전문가들은 분석한다.",8,1738
iks_20180427_hankyoreh_news_040,Hankyoreh news 2018 April 27 corpus.txt,Hankyoreh,한겨레,news,2018-04-27,2018_april_summit,‘배려’ 문 대통령 ‘화통’ 김 위원장…케미 돋은 두 정상 화법,"2018 남북 정상회담
문재인 대통령-김정은 위원장 오전 대화 재구성해보니","신중한 화법으로 잘 알려진 문재인 대통령과, 화통한 화법의 김정은 북한 국무위원장. 전혀 다른 캐릭터를 가진 두 정상이지만 ‘평화’라는 하나의 목표를 눈앞에 둔 만큼 대화는 물흐르듯 이어졌다. 남북 정상회담이 열린 27일 오전, 영상과 윤영찬 청와대 국민소통수석의 브리핑을 통해 전달된 두 정상의 환담 내용을 대화록으로 재구성했다.
# 군사분계선에서의 첫 인사
김 위원장: 안녕하십니까.
문 대통령： 예, 어서 오세요. 오시는 데 힘들지 않았습니까?
김 위원장: 뭐, 정말 마음 설렘이 그치지 않고요. 이 역사적인 장소에서 만나니까, 또 대통령께서 이렇게 분계선까지 나와서 맞이해 주시니 정말 감동스럽습니다.
문 대통령: 여기까지 온 건 위원장님의 아주 큰 용단이었습니다.
김 위원장: 아이, 아닙니다.
문 대통령: 역사적인 순간을 맞이하고 있습니다.
김 위원장: 반갑습니다.
문 대통령: 이쪽으로 오실까요? (김 위원장, 군사분계선 남쪽으로 이동)
문 대통령: (김 위원장께선) 남측으로 오셨는데 저는 언제쯤 (북쪽으로) 넘어갈 수 있겠습니까?
김 위원장: 그럼 지금 넘어가 볼까요? (두 정상, 군사분계선 넘었다가 다시 건너옴)
# 의장대 사열 전후
문 대통령: 외국 (손님들)도 전통의장대를 좋아합니다. 그런데 오늘 보여준 전통의장대는 약식이라 아쉽습니다. 청와대로 오시면 훨씬 좋은 장면을 보여드릴 수 있습니다.
김 위원장: 아, 그런가요. 대통령께서 초청해 주시면 언제라도 청와대에 가겠습니다.
김 위원장: (사열을 마친 뒤) 오늘 이 자리에 왔다가 사열을 끝나고 돌아가야 하는 분들이 있습니다.
문 대통령: 그럼 가시기 전에 남북 공식 수행원 모두 기념으로 사진을 함께 찍었으면 좋겠습니다.
# 평화의집 입구
김 위원장: (벽면에 걸린 민정기 화백의 <북한산> 그림을 가리키며) 이건 어떤 기법으로 그린 겁니까?
문 대통령: 서양화인데, 우리 동양적 기법으로 그린 겁니다.
# 평화의집 환담장
문 대통령: (환담장 벽에 걸린 김중만 작가의 <훈민정음> 작품을 소개하며) 이 작품은 세종대왕이 만드신 훈민정음의 글씨를 작업한 겁니다. 여기에 보면 ‘서로 사맛디’는 우리말로 ‘서로 통한다’는 뜻이고, 글자에 미음이 들어가 있습니다. ‘맹가노니’는 ‘만들다’라는 뜻입니다. 거기에 ‘ㄱ(기역)’을 특별하게 표시했습니다. 서로 통하게 만든다는 뜻이고, ‘사맛디’의 ‘ㅁ(미음)’은 문재인의 미음, ‘맹가노니의’ ‘ㄱ(기역)’은 김 위원장의 기역입니다.
김 위원장: (웃음) 세부에까지 마음을 썼습니다.
문 대통령: 여기까지 어떻게 오셨습니까?
김 위원장: 새벽에 차를 이용해 개성을 거쳐 왔습니다. 대통령께서도 아침에 일찍 출발 하셨겠습니다.
문 대통령: 저는 불과 52km 떨어져 있어 한 시간 정도 걸렸습니다.
김 위원장: 대통령께서 우리 때문에 NSC(국가안보회의)에 참석하시느라 새벽잠을 많이 설쳤다는데, 새벽에 일어나는 게 습관이 되셨겠다. (웃음)
문 대통령: 김 위원장께서 우리 특사단이 갔을 때 선제적으로 말씀을 주셔서 앞으로 발뻗고 자겠습니다.
김 위원장: 대통령께서 새벽잠을 설치지 않도록 제가 확인하겠습니다. 불과 200미터(m)를 오면서 왜 이리 멀어보였을까, 또 왜 이리 어려웠을까 생각했습니다. 원래 평양에서 문 대통령님을 만날 줄 알았는데 여기서 만난 것이 더 잘됐습니다. 대결의 상징인 장소에서 많은 사람들이 기대를 가지고 보고 있습니다. 오면서 보니 실향민들과 탈북자, 연평도 주민 등 언제 북한군의 포격이 날아오지 않을까 불안해하던 분들도 오늘 우리 만남에 기대를 가지고 있는 것을 봤습니다. 이 기회를 소중히 해서 남북 사이에 상처가 치유되는 계기가 되었으면 좋겠습니다. 분단선이 높지도 않은데 많은 사람들이 밟고 지나다보면 없어지지 않겠습니까.
문 대통령: 청와대에서 오는데 도로변에 많은 주민들이 환송을 해주었습니다. 그만큼 오늘 우리 만남에 대한 기대가 큽니다. 대성동 주민들도 다 나와서 함께 사진을 찍었습니다. 우리 어깨가 무겁습니다. 오늘 판문점을 시작으로 평양과 서울, 제주도, 백두산으로 만남이 이어졌으면 좋겠습니다.
문 대통령: (환담장 내 <장백폭포>, <성산일출봉> 그림을 가리키며) 왼쪽에는 장백폭포 그림이 있고, 오른쪽에는 제주도 성산일출봉 그림이 있습니다.
김 위원장: 문 대통령께서 백두산에 대해 저보다 더 잘 아시는 것 같습니다.
문 대통령: 저는 백두산을 가본 적이 없습니다. 그런데 중국 쪽으로 백두산을 가는 분들이 많습니다. 저는 북측을 통해서 꼭 백두산에 가보고 싶습니다.
김 위원장: 문 대통령이 오시면 솔직히 걱정스러운 것이 우리 교통이 불비해서 불편을 드릴 것 같습니다. 평창 올림픽에 갔다 온 분들이 말하는데 평창 고속열차가 다 좋다고 합니다. 남측의 이런 환영에 있다가 북에 오면 참으로 민망스러울 수 있겠습니다. 우리도 준비해서 대통령이 오시면 편히 모실 수 있게 하겠습니다.
문 대통령: 앞으로 북측과 철도가 연결되면 남북이 모두 고속철도를 이용할 수 있습니다. 이런 것이 6·15, 10·4 합의서에 담겨 있는데 10년 세월 동안 그리 실천하지 못했습니다. 남북 관계가 완전히 달라져 그 맥이 끊어진 것이 한스럽습니다. 김 위원장께서 큰 용단으로 10년동안 끊어졌던 혈맥을 오늘 다시 이었습니다.
김 위원장: 기대가 큰 만큼 회의적인 시각도 있습니다. 큰 합의를 해놓고 10년 이상 실천을 못했습니다. 오늘 만남도 그 결과가 제대로 되겠나느라는 하는 회의적인 시각도 있습니다. 짧게 걸어오면서 정말 11년이나 걸렸나, 라고 생각을 했습니다. 그런 우리가 11년간 못한 것을 100여일 만에 줄기차게 달려왔습니다. 굳은 의지로 함께 손잡고 가면 지금보다야 못해질 수 있겠습니까. 대통령님을 제가 여기서 만나면 불편하지 않을까 생각했는데 그래도 친서와 특사를 통해 사전에 대화를 해보니 마음이 편합니다. 서로에 대한 신뢰와 믿음이 중요합니다.
문 대통령: (김여정 조선노동당 중앙위원회 부부장을 가리키며) 김 부부장은 남쪽에서는 아주 스타가 되었습니다. (일동 웃음)
문 대통령: 오늘의 주인공은 김 위원장과 접니다. 과거의 실패를 거울삼아 잘 할 것입니다. 과거에는 정권 중간이나 말에 늦게 합의가 이뤄져 정권이 바뀌면 실천이 이루어지지 않았습니다. 제가 (대통령 임기를) 시작한 지 이제 1년차입니다. 제 임기 내에 김 위원장의 신년사에서 오늘에 이르기까지 달려온 속도를 계속 유지했으면 좋겠습니다.
김 위원장: 김여정 부부장의 부서에서 ‘만리마 속도전’이라는 말을 만들었는데, 남과 북의 통일의 속도로 삼읍시다. (일동 웃음)
임종석 남북정상회담 준비위원장: 살얼음판을 걸을 때 빠지지 않으려면 속도를 늦춰서는 안 된다는 말이 있습니다.
문 대통령: 과거를 돌아봤을 때 가장 중요한 것은 속도입니다.
김 위원장: 이제 자주 만납시다. 이제 마음 단단히 굳게 먹고 다시 원점으로 오는 일이 없어야겠습니다. 기대에 부응해 좋은 세상을 만들어 봅시다. 앞으로 우리도 잘하겠습니다.
문 대통령: 북측에 큰 사고(중국 관광버스 전복사고)가 있었다고 들었습니다. 수습하시느라 고생이 많았겠습니다. 김 위원장께서 직접 나서 병원에 들러 위로도 하시고, 특별 열차까지 배려했다는 얘기를 들었습니다.
김 위원장: 대결의 역사에 종지부를 찍자고 왔고, 우리 사이에 걸리는 문제들에 대해 대통령님과 무릎을 맞대고 풀려고 왔습니다. 꼭 좋은 앞날이 올 것이라는 확신을 갖게 되었습니다.
문 대통령: 한반도의 문제는 우리가 주인입니다. 그러면서도 세계와 함께 가는 우리 민족이 되어야 합니다. 우리 힘으로 이끌고 주변국들이 따라올 수 있도록 해야 합니다.
# 정상회담 오전회동 머리발언
김 위원장: 200미터(m) 되는 짧은 거리를 오면서 아까 말씀 드렸지만 군사분계선을 넘어서면서 보니까 그 분리선도 사람이 넘기 힘든 높이로 막힌 것도 아니고, 너무나 쉽게 넘어온 역사적인 이 자리까지 11년이 넘었는데, 오늘 걸어오면서 보니끼 왜 그 시간이 이렇게 오래였나, 왜 이렇게 오기 힘들었나 하는 생각이 들었습니다. 역사적인 이 자리에서 기대하시는 분들도 많고 지난 시기처럼 아무리 좋은 합의나 글이 나와도, 발제돼도 제대로 이행되지 못하면 이런 만남을 가지고도 좋게 발전하지 못하면 기대를 품었던 분들한테 낙심을 주지 않겠나 합니다. 앞으로 마음가짐을 잘하고 우리가 잃어버린 11년 세월이 아깝지 않을 정도로, 아까 말씀드린 것처럼 수시로 만나서 걸린 문제를 풀어나가고 마음을 합치고 의지를 모아서 그런 의지를 가지고 나가면, 잃어버린 11년이 아깝지 않게, 우리가 좋게 나가지 않겠나, 이런 생각도 하면서 정말 만감이 교차하는 속에서 한 200미터를 걸어왔습니다.
오늘 이 자리에서 평화와 번영, 북남 관계가 새로운 역사가 써지는 순간에 출발점에 서서 출발 신호탄을 쏜다는 그런 마음가짐을 가지고 여기 왔습니다. 오늘 관심사 되는 문제들 툭 터놓고 이야기하고, 좋은 결과를 만들어내고, 이 자리를 빌려서 우리가 지난 시기처럼 원점에 돌아가고 이행하지 못하고, 이런 결과보다는 앞으로 마음가짐을 잘하고, 앞으로 미래를 내다보면서 지향성 있게 손잡고 걸어 나가는 계기가 돼서 기대하시는 분들의 기대에도 부응하고 결과가 좋아서(만족했으면 합니다).
오기 전에 보니까 오늘 저녁에 만찬 음식 가지고 많이 얘기하는데, 어렵사리 평양에서부터 평양냉면을 가지고 왔습니다. 가지고 왔는데 대통령께서 편한 마음으로 평양냉면, 이게 멀리서 온…. 멀다고 말하면 안 되겠구나. (웃음) 좀 맛있게 드셨으면 좋겠습니다.
오늘 정말 허심탄회하게, 진지하게, 솔직하게, 이런 마음가짐으로 문재인 대통령님과 좋은 이야기를 하고, 또 반드시 필요한 이야기를 하고, 그래서 좋은 결과를 만들어내겠다는 걸 문재인 대통령 앞에도 말씀드리고, 기자 여러분들한테도 말씀 드립니다. 감사합니다. (박수)
문 대통령: 오늘 우리 만남을 축하하듯이 날씨도 아주 화창합니다. 우리 한반도에 봄이 한창입니다. 한반도의 봄, 온 세계가 주목을 하고 있습니다. 전세계의 눈과 귀가 여기 판문점에 쏠려 있습니다. 우리 남북의 국민들, 또 해외 동포들이 거는 기대도 아주 큽니다. 그만큼 우리 두 사람의 어깨가 무겁다고 생각합니다. 우리 김정은 위원장이 사상 최초로 군사분계선을 넘어오는 순간, 이 판문점은 분단의 상징이 아니라 평화의 상징이 되었습니다. 우리 국민들, 또 전세계의 기대가 큰데, 오늘의 이 상황을 만들어낸 우리 김정은 위원장의 용단에 대해서 다시 한 번 경의를 표하고 싶습니다.
우리 오늘 대화도 그렇게 통크게 대화를 나누고, 또 합의에 이르러서 우리 온 민족과 평화를 바라는 이 세계 모든 사람들에게 큰 선물을 만들어 줬으면 좋겠습니다. 오늘 하루종일 이야기할 수 있는 시간이 있는 만큼 10년 동안 못다한 이야기 오늘 충분히 나눌 수 있기를 바랍니다. (일동 웃음)
# 정상회담 오전회동 마무리발언
김 위원장: 내가 말씀드리자면 고저 비행기로 오시면 제일 편안하시니까. 우리 도로라는 게, 아까도 말씀드렸지만 불편합니다. 제가 오늘 내려와보니까 이제 오시면 이제 공항에서 영접의식을 하고 이렇게 하면, 잘될 것 같습니다.
문 대통령: 그 정도는 또 남겨놓고 닥쳐서 논의하는 맛도 있어야죠.(웃음)
김 위원장: (웃음) 오늘 여기서 다음 계획까지 다 할 필요는 없지요.
문 대통령: 오늘 아주 좋은 논의를 많이 이뤄서, 우리 남북의 국민들에게, 전세계 사람들에게 아주 좋은 선물이 될 것 같습니다.
김 위원장: 많이 기대하셨던 분들한테 물론 이제 시작에, 빙산의 일각에 지나지 않겠지만 우리 오늘 첫 만남과 오늘 이야기된 게 발표되고 하면, 기대하셨던 분들이 조금이나마 기대에 만족을 드렸으면 하는 바람입니다.
문 대통령: 자.
김 위원장: 감사합니다.
문 대통령: 오후에 식수 행사하고, 짧은 시간이어도 대화할 시간이 있을 것 같습니다.
김 위원장: 수고 많으셨습니다. 오후에 뵙겠습니다.","‘배려’ 문 대통령 ‘화통’ 김 위원장…케미 돋은 두 정상 화법
2018 남북 정상회담
문재인 대통령-김정은 위원장 오전 대화 재구성해보니
신중한 화법으로 잘 알려진 문재인 대통령과, 화통한 화법의 김정은 북한 국무위원장. 전혀 다른 캐릭터를 가진 두 정상이지만 ‘평화’라는 하나의 목표를 눈앞에 둔 만큼 대화는 물흐르듯 이어졌다. 남북 정상회담이 열린 27일 오전, 영상과 윤영찬 청와대 국민소통수석의 브리핑을 통해 전달된 두 정상의 환담 내용을 대화록으로 재구성했다.
# 군사분계선에서의 첫 인사
김 위원장: 안녕하십니까.
문 대통령： 예, 어서 오세요. 오시는 데 힘들지 않았습니까?
김 위원장: 뭐, 정말 마음 설렘이 그치지 않고요. 이 역사적인 장소에서 만나니까, 또 대통령께서 이렇게 분계선까지 나와서 맞이해 주시니 정말 감동스럽습니다.
문 대통령: 여기까지 온 건 위원장님의 아주 큰 용단이었습니다.
김 위원장: 아이, 아닙니다.
문 대통령: 역사적인 순간을 맞이하고 있습니다.
김 위원장: 반갑습니다.
문 대통령: 이쪽으로 오실까요? (김 위원장, 군사분계선 남쪽으로 이동)
문 대통령: (김 위원장께선) 남측으로 오셨는데 저는 언제쯤 (북쪽으로) 넘어갈 수 있겠습니까?
김 위원장: 그럼 지금 넘어가 볼까요? (두 정상, 군사분계선 넘었다가 다시 건너옴)
# 의장대 사열 전후
문 대통령: 외국 (손님들)도 전통의장대를 좋아합니다. 그런데 오늘 보여준 전통의장대는 약식이라 아쉽습니다. 청와대로 오시면 훨씬 좋은 장면을 보여드릴 수 있습니다.
김 위원장: 아, 그런가요. 대통령께서 초청해 주시면 언제라도 청와대에 가겠습니다.
김 위원장: (사열을 마친 뒤) 오늘 이 자리에 왔다가 사열을 끝나고 돌아가야 하는 분들이 있습니다.
문 대통령: 그럼 가시기 전에 남북 공식 수행원 모두 기념으로 사진을 함께 찍었으면 좋겠습니다.
# 평화의집 입구
김 위원장: (벽면에 걸린 민정기 화백의 <북한산> 그림을 가리키며) 이건 어떤 기법으로 그린 겁니까?
문 대통령: 서양화인데, 우리 동양적 기법으로 그린 겁니다.
# 평화의집 환담장
문 대통령: (환담장 벽에 걸린 김중만 작가의 <훈민정음> 작품을 소개하며) 이 작품은 세종대왕이 만드신 훈민정음의 글씨를 작업한 겁니다. 여기에 보면 ‘서로 사맛디’는 우리말로 ‘서로 통한다’는 뜻이고, 글자에 미음이 들어가 있습니다. ‘맹가노니’는 ‘만들다’라는 뜻입니다. 거기에 ‘ㄱ(기역)’을 특별하게 표시했습니다. 서로 통하게 만든다는 뜻이고, ‘사맛디’의 ‘ㅁ(미음)’은 문재인의 미음, ‘맹가노니의’ ‘ㄱ(기역)’은 김 위원장의 기역입니다.
김 위원장: (웃음) 세부에까지 마음을 썼습니다.
문 대통령: 여기까지 어떻게 오셨습니까?
김 위원장: 새벽에 차를 이용해 개성을 거쳐 왔습니다. 대통령께서도 아침에 일찍 출발 하셨겠습니다.
문 대통령: 저는 불과 52km 떨어져 있어 한 시간 정도 걸렸습니다.
김 위원장: 대통령께서 우리 때문에 NSC(국가안보회의)에 참석하시느라 새벽잠을 많이 설쳤다는데, 새벽에 일어나는 게 습관이 되셨겠다. (웃음)
문 대통령: 김 위원장께서 우리 특사단이 갔을 때 선제적으로 말씀을 주셔서 앞으로 발뻗고 자겠습니다.
김 위원장: 대통령께서 새벽잠을 설치지 않도록 제가 확인하겠습니다. 불과 200미터(m)를 오면서 왜 이리 멀어보였을까, 또 왜 이리 어려웠을까 생각했습니다. 원래 평양에서 문 대통령님을 만날 줄 알았는데 여기서 만난 것이 더 잘됐습니다. 대결의 상징인 장소에서 많은 사람들이 기대를 가지고 보고 있습니다. 오면서 보니 실향민들과 탈북자, 연평도 주민 등 언제 북한군의 포격이 날아오지 않을까 불안해하던 분들도 오늘 우리 만남에 기대를 가지고 있는 것을 봤습니다. 이 기회를 소중히 해서 남북 사이에 상처가 치유되는 계기가 되었으면 좋겠습니다. 분단선이 높지도 않은데 많은 사람들이 밟고 지나다보면 없어지지 않겠습니까.
문 대통령: 청와대에서 오는데 도로변에 많은 주민들이 환송을 해주었습니다. 그만큼 오늘 우리 만남에 대한 기대가 큽니다. 대성동 주민들도 다 나와서 함께 사진을 찍었습니다. 우리 어깨가 무겁습니다. 오늘 판문점을 시작으로 평양과 서울, 제주도, 백두산으로 만남이 이어졌으면 좋겠습니다.
문 대통령: (환담장 내 <장백폭포>, <성산일출봉> 그림을 가리키며) 왼쪽에는 장백폭포 그림이 있고, 오른쪽에는 제주도 성산일출봉 그림이 있습니다.
김 위원장: 문 대통령께서 백두산에 대해 저보다 더 잘 아시는 것 같습니다.
문 대통령: 저는 백두산을 가본 적이 없습니다. 그런데 중국 쪽으로 백두산을 가는 분들이 많습니다. 저는 북측을 통해서 꼭 백두산에 가보고 싶습니다.
김 위원장: 문 대통령이 오시면 솔직히 걱정스러운 것이 우리 교통이 불비해서 불편을 드릴 것 같습니다. 평창 올림픽에 갔다 온 분들이 말하는데 평창 고속열차가 다 좋다고 합니다. 남측의 이런 환영에 있다가 북에 오면 참으로 민망스러울 수 있겠습니다. 우리도 준비해서 대통령이 오시면 편히 모실 수 있게 하겠습니다.
문 대통령: 앞으로 북측과 철도가 연결되면 남북이 모두 고속철도를 이용할 수 있습니다. 이런 것이 6·15, 10·4 합의서에 담겨 있는데 10년 세월 동안 그리 실천하지 못했습니다. 남북 관계가 완전히 달라져 그 맥이 끊어진 것이 한스럽습니다. 김 위원장께서 큰 용단으로 10년동안 끊어졌던 혈맥을 오늘 다시 이었습니다.
김 위원장: 기대가 큰 만큼 회의적인 시각도 있습니다. 큰 합의를 해놓고 10년 이상 실천을 못했습니다. 오늘 만남도 그 결과가 제대로 되겠나느라는 하는 회의적인 시각도 있습니다. 짧게 걸어오면서 정말 11년이나 걸렸나, 라고 생각을 했습니다. 그런 우리가 11년간 못한 것을 100여일 만에 줄기차게 달려왔습니다. 굳은 의지로 함께 손잡고 가면 지금보다야 못해질 수 있겠습니까. 대통령님을 제가 여기서 만나면 불편하지 않을까 생각했는데 그래도 친서와 특사를 통해 사전에 대화를 해보니 마음이 편합니다. 서로에 대한 신뢰와 믿음이 중요합니다.
문 대통령: (김여정 조선노동당 중앙위원회 부부장을 가리키며) 김 부부장은 남쪽에서는 아주 스타가 되었습니다. (일동 웃음)
문 대통령: 오늘의 주인공은 김 위원장과 접니다. 과거의 실패를 거울삼아 잘 할 것입니다. 과거에는 정권 중간이나 말에 늦게 합의가 이뤄져 정권이 바뀌면 실천이 이루어지지 않았습니다. 제가 (대통령 임기를) 시작한 지 이제 1년차입니다. 제 임기 내에 김 위원장의 신년사에서 오늘에 이르기까지 달려온 속도를 계속 유지했으면 좋겠습니다.
김 위원장: 김여정 부부장의 부서에서 ‘만리마 속도전’이라는 말을 만들었는데, 남과 북의 통일의 속도로 삼읍시다. (일동 웃음)
임종석 남북정상회담 준비위원장: 살얼음판을 걸을 때 빠지지 않으려면 속도를 늦춰서는 안 된다는 말이 있습니다.
문 대통령: 과거를 돌아봤을 때 가장 중요한 것은 속도입니다.
김 위원장: 이제 자주 만납시다. 이제 마음 단단히 굳게 먹고 다시 원점으로 오는 일이 없어야겠습니다. 기대에 부응해 좋은 세상을 만들어 봅시다. 앞으로 우리도 잘하겠습니다.
문 대통령: 북측에 큰 사고(중국 관광버스 전복사고)가 있었다고 들었습니다. 수습하시느라 고생이 많았겠습니다. 김 위원장께서 직접 나서 병원에 들러 위로도 하시고, 특별 열차까지 배려했다는 얘기를 들었습니다.
김 위원장: 대결의 역사에 종지부를 찍자고 왔고, 우리 사이에 걸리는 문제들에 대해 대통령님과 무릎을 맞대고 풀려고 왔습니다. 꼭 좋은 앞날이 올 것이라는 확신을 갖게 되었습니다.
문 대통령: 한반도의 문제는 우리가 주인입니다. 그러면서도 세계와 함께 가는 우리 민족이 되어야 합니다. 우리 힘으로 이끌고 주변국들이 따라올 수 있도록 해야 합니다.
# 정상회담 오전회동 머리발언
김 위원장: 200미터(m) 되는 짧은 거리를 오면서 아까 말씀 드렸지만 군사분계선을 넘어서면서 보니까 그 분리선도 사람이 넘기 힘든 높이로 막힌 것도 아니고, 너무나 쉽게 넘어온 역사적인 이 자리까지 11년이 넘었는데, 오늘 걸어오면서 보니끼 왜 그 시간이 이렇게 오래였나, 왜 이렇게 오기 힘들었나 하는 생각이 들었습니다. 역사적인 이 자리에서 기대하시는 분들도 많고 지난 시기처럼 아무리 좋은 합의나 글이 나와도, 발제돼도 제대로 이행되지 못하면 이런 만남을 가지고도 좋게 발전하지 못하면 기대를 품었던 분들한테 낙심을 주지 않겠나 합니다. 앞으로 마음가짐을 잘하고 우리가 잃어버린 11년 세월이 아깝지 않을 정도로, 아까 말씀드린 것처럼 수시로 만나서 걸린 문제를 풀어나가고 마음을 합치고 의지를 모아서 그런 의지를 가지고 나가면, 잃어버린 11년이 아깝지 않게, 우리가 좋게 나가지 않겠나, 이런 생각도 하면서 정말 만감이 교차하는 속에서 한 200미터를 걸어왔습니다.
오늘 이 자리에서 평화와 번영, 북남 관계가 새로운 역사가 써지는 순간에 출발점에 서서 출발 신호탄을 쏜다는 그런 마음가짐을 가지고 여기 왔습니다. 오늘 관심사 되는 문제들 툭 터놓고 이야기하고, 좋은 결과를 만들어내고, 이 자리를 빌려서 우리가 지난 시기처럼 원점에 돌아가고 이행하지 못하고, 이런 결과보다는 앞으로 마음가짐을 잘하고, 앞으로 미래를 내다보면서 지향성 있게 손잡고 걸어 나가는 계기가 돼서 기대하시는 분들의 기대에도 부응하고 결과가 좋아서(만족했으면 합니다).
오기 전에 보니까 오늘 저녁에 만찬 음식 가지고 많이 얘기하는데, 어렵사리 평양에서부터 평양냉면을 가지고 왔습니다. 가지고 왔는데 대통령께서 편한 마음으로 평양냉면, 이게 멀리서 온…. 멀다고 말하면 안 되겠구나. (웃음) 좀 맛있게 드셨으면 좋겠습니다.
오늘 정말 허심탄회하게, 진지하게, 솔직하게, 이런 마음가짐으로 문재인 대통령님과 좋은 이야기를 하고, 또 반드시 필요한 이야기를 하고, 그래서 좋은 결과를 만들어내겠다는 걸 문재인 대통령 앞에도 말씀드리고, 기자 여러분들한테도 말씀 드립니다. 감사합니다. (박수)
문 대통령: 오늘 우리 만남을 축하하듯이 날씨도 아주 화창합니다. 우리 한반도에 봄이 한창입니다. 한반도의 봄, 온 세계가 주목을 하고 있습니다. 전세계의 눈과 귀가 여기 판문점에 쏠려 있습니다. 우리 남북의 국민들, 또 해외 동포들이 거는 기대도 아주 큽니다. 그만큼 우리 두 사람의 어깨가 무겁다고 생각합니다. 우리 김정은 위원장이 사상 최초로 군사분계선을 넘어오는 순간, 이 판문점은 분단의 상징이 아니라 평화의 상징이 되었습니다. 우리 국민들, 또 전세계의 기대가 큰데, 오늘의 이 상황을 만들어낸 우리 김정은 위원장의 용단에 대해서 다시 한 번 경의를 표하고 싶습니다.
우리 오늘 대화도 그렇게 통크게 대화를 나누고, 또 합의에 이르러서 우리 온 민족과 평화를 바라는 이 세계 모든 사람들에게 큰 선물을 만들어 줬으면 좋겠습니다. 오늘 하루종일 이야기할 수 있는 시간이 있는 만큼 10년 동안 못다한 이야기 오늘 충분히 나눌 수 있기를 바랍니다. (일동 웃음)
# 정상회담 오전회동 마무리발언
김 위원장: 내가 말씀드리자면 고저 비행기로 오시면 제일 편안하시니까. 우리 도로라는 게, 아까도 말씀드렸지만 불편합니다. 제가 오늘 내려와보니까 이제 오시면 이제 공항에서 영접의식을 하고 이렇게 하면, 잘될 것 같습니다.
문 대통령: 그 정도는 또 남겨놓고 닥쳐서 논의하는 맛도 있어야죠.(웃음)
김 위원장: (웃음) 오늘 여기서 다음 계획까지 다 할 필요는 없지요.
문 대통령: 오늘 아주 좋은 논의를 많이 이뤄서, 우리 남북의 국민들에게, 전세계 사람들에게 아주 좋은 선물이 될 것 같습니다.
김 위원장: 많이 기대하셨던 분들한테 물론 이제 시작에, 빙산의 일각에 지나지 않겠지만 우리 오늘 첫 만남과 오늘 이야기된 게 발표되고 하면, 기대하셨던 분들이 조금이나마 기대에 만족을 드렸으면 하는 바람입니다.
문 대통령: 자.
김 위원장: 감사합니다.
문 대통령: 오후에 식수 행사하고, 짧은 시간이어도 대화할 시간이 있을 것 같습니다.
김 위원장: 수고 많으셨습니다. 오후에 뵙겠습니다.",62,5781
iks_20180427_hankyoreh_news_041,Hankyoreh news 2018 April 27 corpus.txt,Hankyoreh,한겨레,news,2018-04-27,2018_april_summit,‘바람이 불어오는’ 판문점 만찬에 김정숙·리설주 온다,"오후 6시30분 평화의집에서 진행
남쪽, 공식수행원·추미애 대표 등 34명
북쪽, 김영남·김여정·김영철 등 26명
‘반갑습니다’ ‘서울에서 평양까지’ 공연","문재인 대통령 부부와 김정은 북한 국무위원장 부부의 27일 저녁 공식만찬에는 공식 수행원 외에 남쪽에서 가수 조용필, 북쪽에서 현송월 삼지연관현악단 단장 등이 대거 참석한다고 청와대가 발표했다.
김의겸 청와대 대변인은 이날 오후 2시30분 경기 고양 킨텍스에 마련된 2018 남북정상회담 메인 프레스센터에서 브리핑을 통해 이렇게 밝혔다. 만찬은 정상회담이 이뤄진 판문점 평화의집 3층에서 이날 오후 6시30분 시작한다.
만찬에는 남쪽에서 문 대통령과 부인 김정숙 여사를 포함해 모두 34명이 참석한다. 공식수행원인 임종석 남북정상회담 준비위원장, 정의용 청와대 국가안보실장, 서훈 국가정보원장, 조명균 통일부 장관, 송영무 국방부 장관, 강경화 외교부 장관 외에도 정치권에서 더불어민주당 추미애 대표와 우원식 원내대표, 민주평화당 박지원 의원이 참석한다. 도종환 문화체육관광부 장관과 김현미 국토교통부 장관도 참석하며, 박용만 대한상의 회장, 임동원·정세현·이종석 전 통일부 장관, 문정인 대통령 통일외교안보특보, 김연철 통일연구원장도 함께한다. 이달초 예술단으로 평양을 방문했던 가수 조용필씨와 윤도현씨도 자리한다.
북쪽에서는 김 위원장과 부인 리설주 여사 등 모두 26명이 만찬에 참석한다. 김영남 최고인민회의 상임위원장, 김여정 당 중앙위 제1부부장, 김영철 노동당 중앙위 부위원장, 현송월 삼지연관현악단장 등이 참석한다. 이날 오전 공식수행원으로 환영식에 참석했던 9명 가운데 리명수 북한 인민군 총참모장과 박영식 인민무력상, 리용호 외무상은 북한으로 돌아가 만찬에는 참석하지 않는다고 청와대는 밝혔다. 북쪽에서는 이들 참석자 외에도 공연을 위해 가수와 배우, 연주자 등 11명도 추가로 판문점으로 내려온다.
김의겸 대변인은 “오늘 만찬 참석자들은 주로 남쪽을 방문한 경험이 있어 우리 쪽과 친숙한 사람이거나 김정은 위원장을 가까이서 핵심적으로 보조하는 인물로 구성됐다”고 말했다.
만찬은 해금과 북쪽의 대표 악기인 옥류금의 합주로 시작할 예정이다. 첫번째 곡은 남쪽에도 익숙한 북한 노래 <반갑습니다>이고, 두번째로는 가수 신형원의 <서울에서 평양까지>를 연주한다. 김 대변인은 “평창 동계올림픽을 통해 맑고 투명한 소리로 잘 알려진 제주의 초등학생 오연준 군이 고 김광석의 <바람이 불어오는 곳>을 부른다”고 설명했다. 강은일 선생이 해금 연주를 맡는다.
만찬에서는 문 대통령의 건배사와 김 위원장의 답사 및 건배 제의가 이뤄진다. 만찬 사회는 고민정 청와대 부대변인이 맡는다. 만찬 디저트로는 독도를 포함한 한반도 모양 초콜렛이 올려진 망고무스가 준비됐는데, 두 정상이 자리에서 일어나 함께 나무망치로 이 요리를 감싸고 있는 원형 돔을 깨는 이벤트가 진행될 예정이다.
만찬 뒤에는 두 정상 부부가 평화의집 밖으로 나와 환송 공연을 끝으로 역사적인 하루를 마무리할 예정이다.","‘바람이 불어오는’ 판문점 만찬에 김정숙·리설주 온다
오후 6시30분 평화의집에서 진행
남쪽, 공식수행원·추미애 대표 등 34명
북쪽, 김영남·김여정·김영철 등 26명
‘반갑습니다’ ‘서울에서 평양까지’ 공연
문재인 대통령 부부와 김정은 북한 국무위원장 부부의 27일 저녁 공식만찬에는 공식 수행원 외에 남쪽에서 가수 조용필, 북쪽에서 현송월 삼지연관현악단 단장 등이 대거 참석한다고 청와대가 발표했다.
김의겸 청와대 대변인은 이날 오후 2시30분 경기 고양 킨텍스에 마련된 2018 남북정상회담 메인 프레스센터에서 브리핑을 통해 이렇게 밝혔다. 만찬은 정상회담이 이뤄진 판문점 평화의집 3층에서 이날 오후 6시30분 시작한다.
만찬에는 남쪽에서 문 대통령과 부인 김정숙 여사를 포함해 모두 34명이 참석한다. 공식수행원인 임종석 남북정상회담 준비위원장, 정의용 청와대 국가안보실장, 서훈 국가정보원장, 조명균 통일부 장관, 송영무 국방부 장관, 강경화 외교부 장관 외에도 정치권에서 더불어민주당 추미애 대표와 우원식 원내대표, 민주평화당 박지원 의원이 참석한다. 도종환 문화체육관광부 장관과 김현미 국토교통부 장관도 참석하며, 박용만 대한상의 회장, 임동원·정세현·이종석 전 통일부 장관, 문정인 대통령 통일외교안보특보, 김연철 통일연구원장도 함께한다. 이달초 예술단으로 평양을 방문했던 가수 조용필씨와 윤도현씨도 자리한다.
북쪽에서는 김 위원장과 부인 리설주 여사 등 모두 26명이 만찬에 참석한다. 김영남 최고인민회의 상임위원장, 김여정 당 중앙위 제1부부장, 김영철 노동당 중앙위 부위원장, 현송월 삼지연관현악단장 등이 참석한다. 이날 오전 공식수행원으로 환영식에 참석했던 9명 가운데 리명수 북한 인민군 총참모장과 박영식 인민무력상, 리용호 외무상은 북한으로 돌아가 만찬에는 참석하지 않는다고 청와대는 밝혔다. 북쪽에서는 이들 참석자 외에도 공연을 위해 가수와 배우, 연주자 등 11명도 추가로 판문점으로 내려온다.
김의겸 대변인은 “오늘 만찬 참석자들은 주로 남쪽을 방문한 경험이 있어 우리 쪽과 친숙한 사람이거나 김정은 위원장을 가까이서 핵심적으로 보조하는 인물로 구성됐다”고 말했다.
만찬은 해금과 북쪽의 대표 악기인 옥류금의 합주로 시작할 예정이다. 첫번째 곡은 남쪽에도 익숙한 북한 노래 <반갑습니다>이고, 두번째로는 가수 신형원의 <서울에서 평양까지>를 연주한다. 김 대변인은 “평창 동계올림픽을 통해 맑고 투명한 소리로 잘 알려진 제주의 초등학생 오연준 군이 고 김광석의 <바람이 불어오는 곳>을 부른다”고 설명했다. 강은일 선생이 해금 연주를 맡는다.
만찬에서는 문 대통령의 건배사와 김 위원장의 답사 및 건배 제의가 이뤄진다. 만찬 사회는 고민정 청와대 부대변인이 맡는다. 만찬 디저트로는 독도를 포함한 한반도 모양 초콜렛이 올려진 망고무스가 준비됐는데, 두 정상이 자리에서 일어나 함께 나무망치로 이 요리를 감싸고 있는 원형 돔을 깨는 이벤트가 진행될 예정이다.
만찬 뒤에는 두 정상 부부가 평화의집 밖으로 나와 환송 공연을 끝으로 역사적인 하루를 마무리할 예정이다.",8,1391
iks_20180427_hankyoreh_news_042,Hankyoreh news 2018 April 27 corpus.txt,Hankyoreh,한겨레,news,2018-04-27,2018_april_summit,리설주 만찬 참석…남북 정상부부 사상 첫 만난다,"리설주, 만찬서 김정숙 여사와 만남, 어떤 모습 보여줄지 관심
지난달 김정은 위원장 방중 때 동행 퍼스트레이디 역할
최고악단 가수 출신 2005년 응원단으로 남한 방문도","남북정상회담 참석 여부가 베일에 가려 있던 김정은 북한 국무위원장의 부인 리설주 여사가 27일 판문점 평화의집 3층에서 열리는 남북정상회담 만찬에 참석한다. 문재인 대통령의 부인 김정숙 여사도 만찬에 참석할 예정이어서, 문 대통령과 김 위원장의 첫 만남에 이어 남북 정상 아내들도 이번에 처음 얼굴을 마주하게 된다. 성악을 전공한 김 여사와 가수 출신인 리 여사는 ‘음악’이라는 연결고리를 가지고 있다는 점이 눈에 띈다.
윤영찬 청와대 국민소통수석은 이날 오후 판문점 자유의집에 차려진 프레스센터에서 브리핑을 통해 “리설주 여사는 오후 6시15분경 판문점에 도착한다. 문재인 대통령과 김정숙 여사, 김정은 위원장과 리설주 여사는 평화의집에서 잠시 환담한 뒤 만찬에 참석할 예정”이라고 밝혔다.
리 여사의 정상회담 참석 여부는 이날 오후 2시30분 윤 수석 발표 때까지 철저히 감춰져 있었다. 이 때문에 오전 정상회담 뒤 북측으로 돌아갔던 김 위원장이 오찬 후 다시 군사분계선을 건너올 때 리 여사가 동행할 것이란 추정, 또는 오후 정상회담 뒤 있을 만찬에 ‘깜짝 등장’할 것이란 관측 등이 난무했다.
결국 환영 만찬에 참석하는 것으로 발표된 리 여사의 동행은 외부 노출을 꺼렸던 고 김정일 국방위원장 때의 부인과는 많이 다른 모습이다. 북한도 여느 나라와 다름없이 ‘퍼스트레이디’가 활동하는 정상국가라는 점을 전세계에 보이려는 의도로 풀이된다. 특히 리 여사가 판문점에서 김정숙 여사와 사전 환담에 이어 만찬에도 참석하게 되면서, 남북 정상의 ‘퍼스트레이디’들이 서로 어떤 대화를 나눌지도 관심이다.
리 여사는 1989년생(만29살)이며, 아버지는 공군 조종사였던 것으로 알려져있다. 리 여사는 북한 최고 악단인 은하수관현악단과 모란봉6중창단의 가수 출신이다. 이후 2010년 9월 당 대표자대회를 통해 신설된 당중앙위원회 부위원장으로 임명되면서 공식적으로 등장한 김정은 위원장과 2011년~2012년 사이에 결혼하면서 가수 생활을 접은 것으로 전해졌다. 리 여사는 10대 때인 지난 2005년 제16회 인천 아시아육상경기선수권대회 때 북측 청년학생협력단 일원으로 와 응원할 당시 남측 카메라에 잡히기도 했다. 리 여사는 지난 2012년부터 김 위원장의 팔짱을 끼고 릉라인민유원지 준공식에 참석하는 등 김 위원장과의 공개 활동에 자주 모습을 드러냈다. 특히 지난달 25~28일 김 위원장의 중국 방문에 동행해 시진핑 중국 국가주석의 부인 펑리위안 여사의 ‘카운터파트’ 역할을 수행하며 정상국가의 퍼스트레이디 모습을 보여 주목받기도 했다.","리설주 만찬 참석…남북 정상부부 사상 첫 만난다
리설주, 만찬서 김정숙 여사와 만남, 어떤 모습 보여줄지 관심
지난달 김정은 위원장 방중 때 동행 퍼스트레이디 역할
최고악단 가수 출신 2005년 응원단으로 남한 방문도
남북정상회담 참석 여부가 베일에 가려 있던 김정은 북한 국무위원장의 부인 리설주 여사가 27일 판문점 평화의집 3층에서 열리는 남북정상회담 만찬에 참석한다. 문재인 대통령의 부인 김정숙 여사도 만찬에 참석할 예정이어서, 문 대통령과 김 위원장의 첫 만남에 이어 남북 정상 아내들도 이번에 처음 얼굴을 마주하게 된다. 성악을 전공한 김 여사와 가수 출신인 리 여사는 ‘음악’이라는 연결고리를 가지고 있다는 점이 눈에 띈다.
윤영찬 청와대 국민소통수석은 이날 오후 판문점 자유의집에 차려진 프레스센터에서 브리핑을 통해 “리설주 여사는 오후 6시15분경 판문점에 도착한다. 문재인 대통령과 김정숙 여사, 김정은 위원장과 리설주 여사는 평화의집에서 잠시 환담한 뒤 만찬에 참석할 예정”이라고 밝혔다.
리 여사의 정상회담 참석 여부는 이날 오후 2시30분 윤 수석 발표 때까지 철저히 감춰져 있었다. 이 때문에 오전 정상회담 뒤 북측으로 돌아갔던 김 위원장이 오찬 후 다시 군사분계선을 건너올 때 리 여사가 동행할 것이란 추정, 또는 오후 정상회담 뒤 있을 만찬에 ‘깜짝 등장’할 것이란 관측 등이 난무했다.
결국 환영 만찬에 참석하는 것으로 발표된 리 여사의 동행은 외부 노출을 꺼렸던 고 김정일 국방위원장 때의 부인과는 많이 다른 모습이다. 북한도 여느 나라와 다름없이 ‘퍼스트레이디’가 활동하는 정상국가라는 점을 전세계에 보이려는 의도로 풀이된다. 특히 리 여사가 판문점에서 김정숙 여사와 사전 환담에 이어 만찬에도 참석하게 되면서, 남북 정상의 ‘퍼스트레이디’들이 서로 어떤 대화를 나눌지도 관심이다.
리 여사는 1989년생(만29살)이며, 아버지는 공군 조종사였던 것으로 알려져있다. 리 여사는 북한 최고 악단인 은하수관현악단과 모란봉6중창단의 가수 출신이다. 이후 2010년 9월 당 대표자대회를 통해 신설된 당중앙위원회 부위원장으로 임명되면서 공식적으로 등장한 김정은 위원장과 2011년~2012년 사이에 결혼하면서 가수 생활을 접은 것으로 전해졌다. 리 여사는 10대 때인 지난 2005년 제16회 인천 아시아육상경기선수권대회 때 북측 청년학생협력단 일원으로 와 응원할 당시 남측 카메라에 잡히기도 했다. 리 여사는 지난 2012년부터 김 위원장의 팔짱을 끼고 릉라인민유원지 준공식에 참석하는 등 김 위원장과의 공개 활동에 자주 모습을 드러냈다. 특히 지난달 25~28일 김 위원장의 중국 방문에 동행해 시진핑 중국 국가주석의 부인 펑리위안 여사의 ‘카운터파트’ 역할을 수행하며 정상국가의 퍼스트레이디 모습을 보여 주목받기도 했다.",5,1252
iks_20180427_hankyoreh_news_043,Hankyoreh news 2018 April 27 corpus.txt,Hankyoreh,한겨레,news,2018-04-27,2018_april_summit,임종석·서훈·김여정·김영철…정상회담 2명씩만 배석한 이유,"수행원 9명 중 실제 배석자는 2명씩
“의전보다는 내실 집중” 해석
서훈·김영철, 두 정상 사실상 대리인
임종석, 문재인 정부 총괄조정자
김여정, 국정운영 전반 보좌역 수행","27일 판문점 평화의집 2층 정상회담용 타원형 탁자에는 2018㎜를 사이에 두고 문재인 대통령과 김정은 북한 국무위원장이 정중앙에 앉았다.
문 대통령 왼쪽에 남북정상회담 준비위원장인 임종석 비서실장이, 오른쪽엔 서훈 국가정보원장이 배석했다. 김 위원장의 왼쪽에 동생이기도 한 김여정 노동당 부부장이, 오른쪽엔 김영철 노동당 부위원장 겸 통일전선부장이 배석했다. 양쪽의 공식 수행원이 각 9명씩인 사실을 고려하면 단출한 편제다. 회담 사정에 밝은 소식통은 “두 정상이 의전적 구색보다 내실에 집중하겠다는 뜻으로 보인다”고 말했다.
서훈 원장과 김영철 부장의 배석은 예상 가능한, 당연한 선택이다. 서훈-김영철 짝은 평창올림픽에서 남북정상회담에 이르는 남북관계의 극적 개선 과정에서 남과 북 두 정상의 사실상 대리인으로 물밑 협상을 벌인 핵심 측근이다. ‘서훈-김영철 짝’은 이번 회담의 합의문 초안 조율 창구였던 것으로 전해졌다. 서훈 원장은 1~3차 남북정상회담에서 모두 중요한 구실을 한 자타 공인 최고의 북한 전문가다. 김 부장은 1990년대 초반 남북고위급회담 때부터 회담 대표로 참여하는 등 북쪽의 대표적 대남 전문가다. 더구나 둘은 마이크 폼페이오 미국 국무장관의 극비 방북과 김정은 위원장 면담을 주선·성사시킨 막후 주역으로 알려져 있다. 주무장관이자 역시 대북 전문가인 조명균 통일부 장관 대신 서훈 원장이 배석한 데에는 이런 사정이 작용한 것으로 볼 수 있다.
임종석 실장의 배석은 당연한 측면과 뜻밖의 측면이 섞여 있다. 2007년 정상회담 때 정상회담 준비위원장을 맡은 문재인 당시 대통령 비서실장은 방북하지 않고 서울을 지켰다. 이번 회담이 사실상 남쪽 주최로 판문점 남쪽 지역에서 열린다는 점을 고려한 선택일 수 있다. 하지만 그보다는 문재인 정부에서 임 실장이 차지하는 총괄조정자로서의 위상이 배석의 핵심 이유라고 보는 게 타당할 것이라는 게 소식통의 지적이다.
가장 주목할 배석자는 김여정 부부장이다. 김 부부장은 평창 특사단으로 방남해 문 대통령을 예방했고, 방북한 서훈·정의용 특사단의 김 위원장 면담 때 김영철 부장과 함께 배석한 ‘유이한 인물’이다. 이런 사정 탓에 김 부부장이 배석하리라는 예상이 적지 않았다. 다만 ‘부부장’이란 대외적 직함과 무관하게 이번 배석을 통해 김여정 부부장이 사실상 김정은 위원장의 국정운영 전반을 보좌하는 비서실장 노릇을 하고 있으리라는 관측이 더욱 힘을 얻을 전망이다. 앞으로 남북관계를 포함해 김정은 위원장의 대외 행보에서 김여정 부부장의 구실이 더 커지리라고 정부 관계자와 전문가들은 예상했다.","임종석·서훈·김여정·김영철…정상회담 2명씩만 배석한 이유
수행원 9명 중 실제 배석자는 2명씩
“의전보다는 내실 집중” 해석
서훈·김영철, 두 정상 사실상 대리인
임종석, 문재인 정부 총괄조정자
김여정, 국정운영 전반 보좌역 수행
27일 판문점 평화의집 2층 정상회담용 타원형 탁자에는 2018㎜를 사이에 두고 문재인 대통령과 김정은 북한 국무위원장이 정중앙에 앉았다.
문 대통령 왼쪽에 남북정상회담 준비위원장인 임종석 비서실장이, 오른쪽엔 서훈 국가정보원장이 배석했다. 김 위원장의 왼쪽에 동생이기도 한 김여정 노동당 부부장이, 오른쪽엔 김영철 노동당 부위원장 겸 통일전선부장이 배석했다. 양쪽의 공식 수행원이 각 9명씩인 사실을 고려하면 단출한 편제다. 회담 사정에 밝은 소식통은 “두 정상이 의전적 구색보다 내실에 집중하겠다는 뜻으로 보인다”고 말했다.
서훈 원장과 김영철 부장의 배석은 예상 가능한, 당연한 선택이다. 서훈-김영철 짝은 평창올림픽에서 남북정상회담에 이르는 남북관계의 극적 개선 과정에서 남과 북 두 정상의 사실상 대리인으로 물밑 협상을 벌인 핵심 측근이다. ‘서훈-김영철 짝’은 이번 회담의 합의문 초안 조율 창구였던 것으로 전해졌다. 서훈 원장은 1~3차 남북정상회담에서 모두 중요한 구실을 한 자타 공인 최고의 북한 전문가다. 김 부장은 1990년대 초반 남북고위급회담 때부터 회담 대표로 참여하는 등 북쪽의 대표적 대남 전문가다. 더구나 둘은 마이크 폼페이오 미국 국무장관의 극비 방북과 김정은 위원장 면담을 주선·성사시킨 막후 주역으로 알려져 있다. 주무장관이자 역시 대북 전문가인 조명균 통일부 장관 대신 서훈 원장이 배석한 데에는 이런 사정이 작용한 것으로 볼 수 있다.
임종석 실장의 배석은 당연한 측면과 뜻밖의 측면이 섞여 있다. 2007년 정상회담 때 정상회담 준비위원장을 맡은 문재인 당시 대통령 비서실장은 방북하지 않고 서울을 지켰다. 이번 회담이 사실상 남쪽 주최로 판문점 남쪽 지역에서 열린다는 점을 고려한 선택일 수 있다. 하지만 그보다는 문재인 정부에서 임 실장이 차지하는 총괄조정자로서의 위상이 배석의 핵심 이유라고 보는 게 타당할 것이라는 게 소식통의 지적이다.
가장 주목할 배석자는 김여정 부부장이다. 김 부부장은 평창 특사단으로 방남해 문 대통령을 예방했고, 방북한 서훈·정의용 특사단의 김 위원장 면담 때 김영철 부장과 함께 배석한 ‘유이한 인물’이다. 이런 사정 탓에 김 부부장이 배석하리라는 예상이 적지 않았다. 다만 ‘부부장’이란 대외적 직함과 무관하게 이번 배석을 통해 김여정 부부장이 사실상 김정은 위원장의 국정운영 전반을 보좌하는 비서실장 노릇을 하고 있으리라는 관측이 더욱 힘을 얻을 전망이다. 앞으로 남북관계를 포함해 김정은 위원장의 대외 행보에서 김여정 부부장의 구실이 더 커지리라고 정부 관계자와 전문가들은 예상했다.",5,1267
iks_20180427_hankyoreh_news_044,Hankyoreh news 2018 April 27 corpus.txt,Hankyoreh,한겨레,news,2018-04-27,2018_april_summit,"남북정상회담, 가장 극적인 20컷","판문각 문 열린 순간부터 도보다리 공개 밀담, 선언 뒤 손 번쩍 들기까지
시종일관 화기애애, 돌발제안에도 두 정상 모두 유연하게 대처
#1 은둔의 지도자 등장","2018 남북정상회담이열린 27일 오전 김정은 북한 국무위원장이 호위를 받으며 판문각을 나오고 있다.
#2 첫만남
문재인 대통령과 김정은 국무위원장이 군사분계선에서 처음 만나 악수를 하고 있다.
#3 ""그럼 지금 넘어가볼까요?""
""김 위원장과 역사적인 악수를 하면서 남측으로 오시는데 나는 언제쯤 넘어갈 수 있을까요?"" 문재인 대통령의 질문에 김정은 국무위원장은 ""그럼 지금 넘어가볼까요?""라고 답했다. 두 사람이 5센티미터 높이의 군사분계선을 넘어갔다가 되돌아오고 있다.
#4 10초간 북에서의 악수
2018 남북정상회담이열린 27일 오전 문재인 대통령과 김정은 북한 국무위원장이 판문점에서 만나 인사를 나누고 있다. ""그럼 지금 넘어가볼까요?""
#5 대성동 초등학생들에게 웃으며 인사하는 김 위원장
2018 남북정상회담이 열린 27일 오전 문재인 대통령과 김정은 북한 국무위원장이 판문점에서 화동으로부터 꽃을 받고 있다. 이 어린이들은 민통선 안의 유일한 초등학교인 대성동초등학교 학생들이다.
#6 대통령 먼저, 위원장 먼저
문재인 대통령이 27일 경기 파주시 판문점 군사분계선을 넘어온 북한 김정은 국무위원장을 안내하고 있다.
#7 북한 최고지도자 최초로 우리 의장대 사열
문재인 대통령이 27일 경기 파주시 판문점 군사분계선을 넘어온 북한 김정은 국무위원회 위원장과 의장대 사열을 하고 있다.
#8 북한 최고지도자와 우리 국방부장관의 악수
남북정상회담 참석차 방남한 김정은 북한 국무위원회 위원장이 27일 오전 경기도 파주 판문점 남측 평화의 집 앞에서 열린 공식환영식에서 문 대통령의 안내를 받으며 송영무 국방부 장관과 인사하고 있다.
#9 깜짝 기념사진
문재인 대통령과 김정은 북한 국무위원장이 27일 오전 경기도 파주 판문점 남측 평화의 집 앞에서 열린 공식환영식을 마친 뒤 김정은 국무위원장의 제의로 양측 수행원과 기념촬영을 하고 있다. 2018.4.27
#10 같은 곳을 바라보다
평화의 집 북한산 그림 앞에서 문재인 대통령과 김정은 국무위원장이 담소를 나누고 있다.
#11 판문점에서 ‘남매 케미’ 뽐낸 김여정 부부장
평화의 집에서 김정은 국무위원장이 방명록에 서명하려 하자 김여정 부부장이 펜을 건네고 있다.
#12 “새로운 역사는 이제부터”
김정은 국무위원장 방명록 서명
#13 2018㎜보다 더 가까워지기 위하여
문재인 대통령과 김정은 북한 국무위원장이 평화의 집에서 첫 남북정상회담 중 마주보며 밝게 웃고 있다. 두 정상이 마주앉은 테이블의 폭은 올해를 상징하는 2018㎜다.
#14 잠시 북으로
김정은 북한 국무위원장이 27일 판문점 평화의 집에서 문재인 대통령과 오전 회담을 마친 뒤 차량에 올라 경호원들의 호위를 받으며 북측으로 이동하고 있다.
#15 한라산 흙, 대동강 물로 심은 1953년생 소나무
27일 오후 문재인 대통령과 김정은 국무위원장은 함께 남측 군사분계선 인근 ‘소떼 길’에 소나무를 공동 식수 하고 있다.
#16 도보다리 산책…열린 밀담
문재인 대통령과 김정은 국무위원장이 도보다리 위에서 둘 만의 대화를 나누고 있다.
#17 판문점 선언 서명 뒤 맞잡은 양손 번쩍
문재인 대통령과 김정은 국무위원장이 27일 오후 경기도 파주 판문점에서 '판문점 선언문'에 서명, 교환한 뒤 서로 손을 잡고 활짝 웃고 있다.
#18 남북 퍼스트레이디의 첫만남
김정숙 여사가 27일 밤 경기도 파주시 판문점 평화의 집에서 만찬과 공연 관람을 끝으로 남북정상회담을 마치고 떠나는 김정은 국무위원장의 부인 리설주와 포웅을 하고 있다.
#19 “남북이 자유롭게 오갈 수 있는 날을 위하여”
문재인 대통령이 27일 오후 판문점 평화의 집에서 열린 환영만찬에서 환영사를 한 뒤 남북정상 부부가 건배를 하고 있다.
#20 작별 직전, 마주보는 두 정상
문재인 대통령과 김정은 국무위원장이 27일 오후 판문점 평화의집 앞에서 작별하며 마주보고 있다.","남북정상회담, 가장 극적인 20컷
판문각 문 열린 순간부터 도보다리 공개 밀담, 선언 뒤 손 번쩍 들기까지
시종일관 화기애애, 돌발제안에도 두 정상 모두 유연하게 대처
#1 은둔의 지도자 등장
2018 남북정상회담이열린 27일 오전 김정은 북한 국무위원장이 호위를 받으며 판문각을 나오고 있다.
#2 첫만남
문재인 대통령과 김정은 국무위원장이 군사분계선에서 처음 만나 악수를 하고 있다.
#3 ""그럼 지금 넘어가볼까요?""
""김 위원장과 역사적인 악수를 하면서 남측으로 오시는데 나는 언제쯤 넘어갈 수 있을까요?"" 문재인 대통령의 질문에 김정은 국무위원장은 ""그럼 지금 넘어가볼까요?""라고 답했다. 두 사람이 5센티미터 높이의 군사분계선을 넘어갔다가 되돌아오고 있다.
#4 10초간 북에서의 악수
2018 남북정상회담이열린 27일 오전 문재인 대통령과 김정은 북한 국무위원장이 판문점에서 만나 인사를 나누고 있다. ""그럼 지금 넘어가볼까요?""
#5 대성동 초등학생들에게 웃으며 인사하는 김 위원장
2018 남북정상회담이 열린 27일 오전 문재인 대통령과 김정은 북한 국무위원장이 판문점에서 화동으로부터 꽃을 받고 있다. 이 어린이들은 민통선 안의 유일한 초등학교인 대성동초등학교 학생들이다.
#6 대통령 먼저, 위원장 먼저
문재인 대통령이 27일 경기 파주시 판문점 군사분계선을 넘어온 북한 김정은 국무위원장을 안내하고 있다.
#7 북한 최고지도자 최초로 우리 의장대 사열
문재인 대통령이 27일 경기 파주시 판문점 군사분계선을 넘어온 북한 김정은 국무위원회 위원장과 의장대 사열을 하고 있다.
#8 북한 최고지도자와 우리 국방부장관의 악수
남북정상회담 참석차 방남한 김정은 북한 국무위원회 위원장이 27일 오전 경기도 파주 판문점 남측 평화의 집 앞에서 열린 공식환영식에서 문 대통령의 안내를 받으며 송영무 국방부 장관과 인사하고 있다.
#9 깜짝 기념사진
문재인 대통령과 김정은 북한 국무위원장이 27일 오전 경기도 파주 판문점 남측 평화의 집 앞에서 열린 공식환영식을 마친 뒤 김정은 국무위원장의 제의로 양측 수행원과 기념촬영을 하고 있다. 2018.4.27
#10 같은 곳을 바라보다
평화의 집 북한산 그림 앞에서 문재인 대통령과 김정은 국무위원장이 담소를 나누고 있다.
#11 판문점에서 ‘남매 케미’ 뽐낸 김여정 부부장
평화의 집에서 김정은 국무위원장이 방명록에 서명하려 하자 김여정 부부장이 펜을 건네고 있다.
#12 “새로운 역사는 이제부터”
김정은 국무위원장 방명록 서명
#13 2018㎜보다 더 가까워지기 위하여
문재인 대통령과 김정은 북한 국무위원장이 평화의 집에서 첫 남북정상회담 중 마주보며 밝게 웃고 있다. 두 정상이 마주앉은 테이블의 폭은 올해를 상징하는 2018㎜다.
#14 잠시 북으로
김정은 북한 국무위원장이 27일 판문점 평화의 집에서 문재인 대통령과 오전 회담을 마친 뒤 차량에 올라 경호원들의 호위를 받으며 북측으로 이동하고 있다.
#15 한라산 흙, 대동강 물로 심은 1953년생 소나무
27일 오후 문재인 대통령과 김정은 국무위원장은 함께 남측 군사분계선 인근 ‘소떼 길’에 소나무를 공동 식수 하고 있다.
#16 도보다리 산책…열린 밀담
문재인 대통령과 김정은 국무위원장이 도보다리 위에서 둘 만의 대화를 나누고 있다.
#17 판문점 선언 서명 뒤 맞잡은 양손 번쩍
문재인 대통령과 김정은 국무위원장이 27일 오후 경기도 파주 판문점에서 '판문점 선언문'에 서명, 교환한 뒤 서로 손을 잡고 활짝 웃고 있다.
#18 남북 퍼스트레이디의 첫만남
김정숙 여사가 27일 밤 경기도 파주시 판문점 평화의 집에서 만찬과 공연 관람을 끝으로 남북정상회담을 마치고 떠나는 김정은 국무위원장의 부인 리설주와 포웅을 하고 있다.
#19 “남북이 자유롭게 오갈 수 있는 날을 위하여”
문재인 대통령이 27일 오후 판문점 평화의 집에서 열린 환영만찬에서 환영사를 한 뒤 남북정상 부부가 건배를 하고 있다.
#20 작별 직전, 마주보는 두 정상
문재인 대통령과 김정은 국무위원장이 27일 오후 판문점 평화의집 앞에서 작별하며 마주보고 있다.",39,1885
iks_20180427_hankyoreh_news_045,Hankyoreh news 2018 April 27 corpus.txt,Hankyoreh,한겨레,news,2018-04-27,2018_april_summit,"김정은, 탈북자·연평주민 이례적 언급 “상처 치유 계기되길”","윤영찬 수석이 전한 남북 정상 대화내용
김 위원장 북쪽 도로 교통 불편함 솔직하게 인정
“우리 교통 불편…준비해서 오시면 편히 모시겠다”","판문점 평화의집에서 27일 열린 2018 남북정상회담에서 북한 김정은 국무위원장이 보여준 모습은 ‘솔직함’ 그 자체였다.
27일 윤영찬 청와대 국민소통수석은 판문점 자유의집에서 마련된 브리핑실에서 정오 브리핑을 진행하며 김 위원장과 문재인 대통령의 대화 내용을 전했다. 윤 수석의 말을 들어보면 김 위원장은 문 대통령과의 대화에서 상당히 솔직한 발언을 하는 등 소탈한 모습을 보였다. 문 대통령이 먼저 “나는 백두산을 가본 적이 없다. 그런데 중국 쪽으로 백두산을 가는 분들이 많더라. 나는 북측을 통해서 꼭 백두산에 가보고 싶다”라고 말하자, 김 위원장은 “문 대통령이 오시면 솔직히 걱정스러운 것이 우리 교통이 불비해서(제대로 갖춰져 있지 않아서) 불편을 드릴 것 같다”고 답했다고 전해진다. 실제로 지난 22일 오후 북한 황해북도에서 중국 관광객들이 탄 버스가 전복돼 중국인 32명과 북한 주민 4명이 숨지고, 중국인 2명이 중상을 입는 큰 사고가 발생했다. 김 위원장은 이어 “최근 평창 올림픽에 갔다 온 분들이 말하는데 평창 고속열차가 다 좋다고 하더라”며 “남측의 이런 환경에 있다가 북에 오면 참으로 민망스러울 수 있겠다. 우리도 준비해서 대통령이 오시면 편히 모실 수 있게 하겠다”고 말했다고 윤 수석은 밝혔다. 김 위원장의 특사 자격으로 지난 평창겨울올림픽 기간 남쪽을 방문한 김여정 당 중앙위 제1부부장 등 방남 인사들을 통해 들은 남쪽의 교통 발전 상황을 칭찬하면서도 도로 사정이 상대적으로 좋지 않은 평양 상황을 지적하며 문 대통령을 모시기 부끄럽다는 마음을 직접적으로 표현한 것이다.
한편, 윤 수석은 김 위원장이 “(평양에서 판문점까지) 오면서 보니 실향들과 탈북자, 연평도 주민 등 언제 북한군의 포격이 날아오지 않을까 불안해하던 분들도 오늘 우리 만남에 기대를 가지고 있는 것을 봤다”며 “이 기회를 소중히 해서 남북 사이에 상처가 치유되는 계기가 되었으면 좋겠다. 분단선이 높지도 않은데 많은 사람들이 밟고 지나다보면 없어지지 않겠느냐”고 말했다고도 전했다.
북한 최고 지도자가 직접 탈북자, 접경 지역 주민의 불안한 심정을 헤아리는 발언을 한 것은 상당히 이례적이다. 그동안 북한 언론이 탈북자들을 “인간 쓰레기”라고 부르는 등 이들의 존재를 인정하지 않는 듯한 모습을 보였다. 그런데 김 위원장이 특히 이들에 대해 언급하고, 이들의 걱정까지 이해하고 있다는 식으로 말한 것은 김 위원장의 성격이 상당히 솔직하다는 것을 보여준다.
김 위원장이 특히 실향민, 탈북자, 연평도 주민이 북한군의 포격이 날아올까 불안해 한다는 식으로 표현한 것도 의미가 있다. 현재 남북이 처한 현실을 솔직하게 인정하고 개선 의지를 보였기 때문이다. 실제로 정의용 청와대 국가안보실장은 지난 3월5∼6일 평양을 방문해 김 위원장과 면담한 내용을 전하며 “대화가 지속되는 동안 북측은 추가 핵실험 및 탄도미사일 시험발사 등 전략도발을 재개하는 일은 없을 것임을 명확히 했다. 이와 함께 북측은 핵무기는 물론 재래식 무기를 남측을 향해 사용하지 않을 것임을 확약했다”고 밝힌 바 있다. 사실상 김 위원장이 향후 남쪽을 향해 도발 등 군사적 긴장을 높이지 않을 것임을 재확인한 것이다. 이번 정상회담을 ‘상처가 치유되는 계기’로 만들고 싶다는 의지를 직접적으로 표현한 것도 향후 남북관계가 대결국면으로 가기보다는 현재 화해 국면을 유지하자는 취지의 발언으로 읽힌다.","김정은, 탈북자·연평주민 이례적 언급 “상처 치유 계기되길”
윤영찬 수석이 전한 남북 정상 대화내용
김 위원장 북쪽 도로 교통 불편함 솔직하게 인정
“우리 교통 불편…준비해서 오시면 편히 모시겠다”
판문점 평화의집에서 27일 열린 2018 남북정상회담에서 북한 김정은 국무위원장이 보여준 모습은 ‘솔직함’ 그 자체였다.
27일 윤영찬 청와대 국민소통수석은 판문점 자유의집에서 마련된 브리핑실에서 정오 브리핑을 진행하며 김 위원장과 문재인 대통령의 대화 내용을 전했다. 윤 수석의 말을 들어보면 김 위원장은 문 대통령과의 대화에서 상당히 솔직한 발언을 하는 등 소탈한 모습을 보였다. 문 대통령이 먼저 “나는 백두산을 가본 적이 없다. 그런데 중국 쪽으로 백두산을 가는 분들이 많더라. 나는 북측을 통해서 꼭 백두산에 가보고 싶다”라고 말하자, 김 위원장은 “문 대통령이 오시면 솔직히 걱정스러운 것이 우리 교통이 불비해서(제대로 갖춰져 있지 않아서) 불편을 드릴 것 같다”고 답했다고 전해진다. 실제로 지난 22일 오후 북한 황해북도에서 중국 관광객들이 탄 버스가 전복돼 중국인 32명과 북한 주민 4명이 숨지고, 중국인 2명이 중상을 입는 큰 사고가 발생했다. 김 위원장은 이어 “최근 평창 올림픽에 갔다 온 분들이 말하는데 평창 고속열차가 다 좋다고 하더라”며 “남측의 이런 환경에 있다가 북에 오면 참으로 민망스러울 수 있겠다. 우리도 준비해서 대통령이 오시면 편히 모실 수 있게 하겠다”고 말했다고 윤 수석은 밝혔다. 김 위원장의 특사 자격으로 지난 평창겨울올림픽 기간 남쪽을 방문한 김여정 당 중앙위 제1부부장 등 방남 인사들을 통해 들은 남쪽의 교통 발전 상황을 칭찬하면서도 도로 사정이 상대적으로 좋지 않은 평양 상황을 지적하며 문 대통령을 모시기 부끄럽다는 마음을 직접적으로 표현한 것이다.
한편, 윤 수석은 김 위원장이 “(평양에서 판문점까지) 오면서 보니 실향들과 탈북자, 연평도 주민 등 언제 북한군의 포격이 날아오지 않을까 불안해하던 분들도 오늘 우리 만남에 기대를 가지고 있는 것을 봤다”며 “이 기회를 소중히 해서 남북 사이에 상처가 치유되는 계기가 되었으면 좋겠다. 분단선이 높지도 않은데 많은 사람들이 밟고 지나다보면 없어지지 않겠느냐”고 말했다고도 전했다.
북한 최고 지도자가 직접 탈북자, 접경 지역 주민의 불안한 심정을 헤아리는 발언을 한 것은 상당히 이례적이다. 그동안 북한 언론이 탈북자들을 “인간 쓰레기”라고 부르는 등 이들의 존재를 인정하지 않는 듯한 모습을 보였다. 그런데 김 위원장이 특히 이들에 대해 언급하고, 이들의 걱정까지 이해하고 있다는 식으로 말한 것은 김 위원장의 성격이 상당히 솔직하다는 것을 보여준다.
김 위원장이 특히 실향민, 탈북자, 연평도 주민이 북한군의 포격이 날아올까 불안해 한다는 식으로 표현한 것도 의미가 있다. 현재 남북이 처한 현실을 솔직하게 인정하고 개선 의지를 보였기 때문이다. 실제로 정의용 청와대 국가안보실장은 지난 3월5∼6일 평양을 방문해 김 위원장과 면담한 내용을 전하며 “대화가 지속되는 동안 북측은 추가 핵실험 및 탄도미사일 시험발사 등 전략도발을 재개하는 일은 없을 것임을 명확히 했다. 이와 함께 북측은 핵무기는 물론 재래식 무기를 남측을 향해 사용하지 않을 것임을 확약했다”고 밝힌 바 있다. 사실상 김 위원장이 향후 남쪽을 향해 도발 등 군사적 긴장을 높이지 않을 것임을 재확인한 것이다. 이번 정상회담을 ‘상처가 치유되는 계기’로 만들고 싶다는 의지를 직접적으로 표현한 것도 향후 남북관계가 대결국면으로 가기보다는 현재 화해 국면을 유지하자는 취지의 발언으로 읽힌다.",5,1662
iks_20180427_hankyoreh_news_046,Hankyoreh news 2018 April 27 corpus.txt,Hankyoreh,한겨레,news,2018-04-27,2018_april_summit,한반도에 부는 훈풍…‘남북 셔틀정상회담’ 가시권?,"두 정상 전통의장대와 행사장 걸어가며
문재인 “청와대 오시면 훨씬 좋은 장면”
김정은 “초청해주시면 언제라도 가겠다”
문 대통령 “북측 통해 꼭 백두산 가고파”
김 위원장 “공항에서 영접하면 잘될 것”","27일 첫 회담에서 문재인 대통령과 김정은 북한 국무위원장은 앞으로 남북으로 오가며 ‘셔틀 남북정상회담’을 열겠다는 의지를 드러냈다. 문 대통령이 지속적으로 강조해왔던 남북정상회담 정례화가 이번 회담에서 합의될 가능성이 높아졌다. 이는 이날 오전 두 정상 간 오간 대화의 내용을 윤영찬 청와대 국민소통수석이 브리핑에서 밝히면서 가시화됐다.
윤 수석의 설명에 따르면 문 대통령은 김 위원장과 전통의장대의 의전을 받으며 환영행사장으로 향하던 중 김 위원장에게 “외국 사람들도 우리 전통의장대를 좋아한다. 그런데 오늘 보여드린 전통의장대는 약식이라 아쉽다”며 “청와대에 오시면 훨씬 좋은 장면을 보여드릴 수 있다”고 말했다. 김 위원장은 “아, 그런가요. 대통령께서 초청해주시면 언제라도 청와대에 가겠다”고 답했다. 문 대통령은 김 위원장을 청와대로 초청하고, 김 위원장은 이를 수락하는 모양새다.
문 대통령은 방북 의지도 내비쳤다. 이번엔 평화의집 1층 환담장 앞에 걸린 백두산 장백폭포 등을 담은 그림을 소개할 때였다. 설명을 듣던 김 위원장은 “문 대통령께서 백두산에 대해 나보다 더 잘 아시는 것 같다”고 말했다. 문 대통령은 “나는 백두산을 가본 적이 없다”면서 “그런데 중국을 통해 백두산을 가는 분들이 많더라. 나는 북측을 통해 꼭 백두산에 가보고 싶다”고 말했다고 한다.
김 위원장은 한발 더 나아갔다. 김 위원장은 “문 대통령이 오시면 솔직히 걱정스러운 것이 우리 교통이 불비해서 불편을 드릴 것 같다”면서도 “우리도 준비해서 대통령이 오시면 편히 모실 수 있게 준비하겠다”고 말했다. 김 위원장 역시 문 대통령의 방북을 환영한다는 뜻으로 받아들일 수 있는 대목이다.
두 정상이 다시 만날 수 있다는 예측을 나은 장면은 또 있다. 오전 회담 마무리 발언에서 김 위원장은 “말씀드리자면 고저 비행기로 오시면 제일 편안하시니까, 우리 도로라는 게 아까도 말씀드렸지만 불편하다”며 “제가 오늘 내려와 보니까 이제 오시면 이제 공항에서 영접 의식을 하고 이렇게 하면 잘 될 것 같다”고 말했다. 문 대통령은 “그 정도는 또 남겨놓고 닥쳐서 논의하는 맛도 있어야죠”라며 웃었고, 이에 김 위원장도 “오늘 여기서 다음 계획까지 다 할 필요는 없지요”라고 말했다. 구체적으로 영접 행사를 언급하고, 이를 “다음 계획”이라고 표현한 것을 볼 때 실제 이날 회담에 앞서 남북 양쪽이 어느정도 다음 정상회담 개최에 대한 공감대를 이룬 게 아니냐는 관측도 가능하다.
김 위원장은 “아까 말씀드린 것처럼 정말 수시로 만나서 걸리는 문제를 풀어나가고 마음을 합치고 의지를 모아서 그런 의지를 갖고 나가면 우리가 잃어버린 11년이 아깝지 않게 우리가 좋게 나가지 않겠나 그런 생각도 하면서 정말 만감이 교차하는 속에서 한 200m를 걸어왔다”고 말했다.","한반도에 부는 훈풍…‘남북 셔틀정상회담’ 가시권?
두 정상 전통의장대와 행사장 걸어가며
문재인 “청와대 오시면 훨씬 좋은 장면”
김정은 “초청해주시면 언제라도 가겠다”
문 대통령 “북측 통해 꼭 백두산 가고파”
김 위원장 “공항에서 영접하면 잘될 것”
27일 첫 회담에서 문재인 대통령과 김정은 북한 국무위원장은 앞으로 남북으로 오가며 ‘셔틀 남북정상회담’을 열겠다는 의지를 드러냈다. 문 대통령이 지속적으로 강조해왔던 남북정상회담 정례화가 이번 회담에서 합의될 가능성이 높아졌다. 이는 이날 오전 두 정상 간 오간 대화의 내용을 윤영찬 청와대 국민소통수석이 브리핑에서 밝히면서 가시화됐다.
윤 수석의 설명에 따르면 문 대통령은 김 위원장과 전통의장대의 의전을 받으며 환영행사장으로 향하던 중 김 위원장에게 “외국 사람들도 우리 전통의장대를 좋아한다. 그런데 오늘 보여드린 전통의장대는 약식이라 아쉽다”며 “청와대에 오시면 훨씬 좋은 장면을 보여드릴 수 있다”고 말했다. 김 위원장은 “아, 그런가요. 대통령께서 초청해주시면 언제라도 청와대에 가겠다”고 답했다. 문 대통령은 김 위원장을 청와대로 초청하고, 김 위원장은 이를 수락하는 모양새다.
문 대통령은 방북 의지도 내비쳤다. 이번엔 평화의집 1층 환담장 앞에 걸린 백두산 장백폭포 등을 담은 그림을 소개할 때였다. 설명을 듣던 김 위원장은 “문 대통령께서 백두산에 대해 나보다 더 잘 아시는 것 같다”고 말했다. 문 대통령은 “나는 백두산을 가본 적이 없다”면서 “그런데 중국을 통해 백두산을 가는 분들이 많더라. 나는 북측을 통해 꼭 백두산에 가보고 싶다”고 말했다고 한다.
김 위원장은 한발 더 나아갔다. 김 위원장은 “문 대통령이 오시면 솔직히 걱정스러운 것이 우리 교통이 불비해서 불편을 드릴 것 같다”면서도 “우리도 준비해서 대통령이 오시면 편히 모실 수 있게 준비하겠다”고 말했다. 김 위원장 역시 문 대통령의 방북을 환영한다는 뜻으로 받아들일 수 있는 대목이다.
두 정상이 다시 만날 수 있다는 예측을 나은 장면은 또 있다. 오전 회담 마무리 발언에서 김 위원장은 “말씀드리자면 고저 비행기로 오시면 제일 편안하시니까, 우리 도로라는 게 아까도 말씀드렸지만 불편하다”며 “제가 오늘 내려와 보니까 이제 오시면 이제 공항에서 영접 의식을 하고 이렇게 하면 잘 될 것 같다”고 말했다. 문 대통령은 “그 정도는 또 남겨놓고 닥쳐서 논의하는 맛도 있어야죠”라며 웃었고, 이에 김 위원장도 “오늘 여기서 다음 계획까지 다 할 필요는 없지요”라고 말했다. 구체적으로 영접 행사를 언급하고, 이를 “다음 계획”이라고 표현한 것을 볼 때 실제 이날 회담에 앞서 남북 양쪽이 어느정도 다음 정상회담 개최에 대한 공감대를 이룬 게 아니냐는 관측도 가능하다.
김 위원장은 “아까 말씀드린 것처럼 정말 수시로 만나서 걸리는 문제를 풀어나가고 마음을 합치고 의지를 모아서 그런 의지를 갖고 나가면 우리가 잃어버린 11년이 아깝지 않게 우리가 좋게 나가지 않겠나 그런 생각도 하면서 정말 만감이 교차하는 속에서 한 200m를 걸어왔다”고 말했다.",6,1365
iks_20180427_hankyoreh_news_047,Hankyoreh news 2018 April 27 corpus.txt,Hankyoreh,한겨레,news,2018-04-27,2018_april_summit,"남북 정상, 똑같이 벤츠-마이바흐 이용","특수 제작된 방탄 리무진
문 대통령, 취임식·동남아 방문 때 이용
김 위원장, 중국 방문 때 이용했던 경호차","남북 정상이 27일 역사적인 남북 정상회담을 위해 이용한 차량은 독일 벤츠 자동차였다. 두 정상이 격을 맞추기 위해 비슷한 차종을 선택한 것으로 보인다.
김정은 북한 국무위원장은 이날 오전 회담을 마친 뒤 북측으로 이동할 때 벤츠를 이용했다. 벤츠 코리아 쪽은 이 차량이 ‘벤츠-마이바흐 S600 풀만 가드’로 추정된다고 밝혔다. 이 차량은 2016년 출시됐으며, 방탄차로 특수 제작된 리무진이다. 무게는 5톤에 가깝고 시가 8억~10억원으로 알려진다. 김 위원장은 지난달 베이징에서 시진핑 중국 국가주석과 정상회담을 할 때도 이 벤츠 차량을 이용한 바 있다.
문재인 대통령이 이날 아침 청와대에서 판문점으로 이동할 때 탑승한 차량은 정확한 모델명은 확인되지 않지만 지난해 5월 취임식 때 이용했던 ‘벤츠-마이바흐 S600 가드'로 추정된다. 문 대통령 전용차로는 에쿠스 스트레티지 에디션 차량과 제네시스 이큐(EQ)900 차량도 있지만, 이날은 벤츠를 이용했다.
문 대통령은 지난해 11월 동남아시아 순방 때 이 벤츠 차량을 공수해서이용했다. 이 차는 차량 바로 밑에서 15㎏의 티엔티(TNT)가 터지거나 총격을 받아도 끄떡없이 운행이 가능하다. 바퀴 4개가 모두 터져도 시속 80~100㎞로 달릴 수 있다. 방화 처리 역시 완벽에 가까울 정도여서 바로 옆에서 화염방사기를 쏴도 지장이 없다. 무게는 5.1t이나 나간다고 한다.","남북 정상, 똑같이 벤츠-마이바흐 이용
특수 제작된 방탄 리무진
문 대통령, 취임식·동남아 방문 때 이용
김 위원장, 중국 방문 때 이용했던 경호차
남북 정상이 27일 역사적인 남북 정상회담을 위해 이용한 차량은 독일 벤츠 자동차였다. 두 정상이 격을 맞추기 위해 비슷한 차종을 선택한 것으로 보인다.
김정은 북한 국무위원장은 이날 오전 회담을 마친 뒤 북측으로 이동할 때 벤츠를 이용했다. 벤츠 코리아 쪽은 이 차량이 ‘벤츠-마이바흐 S600 풀만 가드’로 추정된다고 밝혔다. 이 차량은 2016년 출시됐으며, 방탄차로 특수 제작된 리무진이다. 무게는 5톤에 가깝고 시가 8억~10억원으로 알려진다. 김 위원장은 지난달 베이징에서 시진핑 중국 국가주석과 정상회담을 할 때도 이 벤츠 차량을 이용한 바 있다.
문재인 대통령이 이날 아침 청와대에서 판문점으로 이동할 때 탑승한 차량은 정확한 모델명은 확인되지 않지만 지난해 5월 취임식 때 이용했던 ‘벤츠-마이바흐 S600 가드'로 추정된다. 문 대통령 전용차로는 에쿠스 스트레티지 에디션 차량과 제네시스 이큐(EQ)900 차량도 있지만, 이날은 벤츠를 이용했다.
문 대통령은 지난해 11월 동남아시아 순방 때 이 벤츠 차량을 공수해서이용했다. 이 차는 차량 바로 밑에서 15㎏의 티엔티(TNT)가 터지거나 총격을 받아도 끄떡없이 운행이 가능하다. 바퀴 4개가 모두 터져도 시속 80~100㎞로 달릴 수 있다. 방화 처리 역시 완벽에 가까울 정도여서 바로 옆에서 화염방사기를 쏴도 지장이 없다. 무게는 5.1t이나 나간다고 한다.",4,688
iks_20180427_hankyoreh_news_048,Hankyoreh news 2018 April 27 corpus.txt,Hankyoreh,한겨레,news,2018-04-27,2018_april_summit,접경지역 주민들 “우리는 하나다” 응원 물결,"고양시민 200여명 킨텍스서 ‘한반도기 인간띠잇기’ 행진
파주 임진각관광지 관광객·주민 몰려 남북평화 통일기원","역사적인 남북정상회담이 열린 27일, 판문점 인근 경기도 고양, 파주 등 접경지역은 온종일 주민들의 응원 열기로 뜨거웠다.
고양지역 시민사회단체들은 이날 남북정상회담 메인 프레스센터가 마련된 일산 킨텍스 일대에서 남북 평화와 통일을 염원하며 ‘한반도 단일기 인간띠잇기’ 행사를 진행했다. 고양시민회 등 24개 시민단체 회원과 더불어민주당, 정의당, 민중당 등 각 정당의 지방선거 후보 등 시민 200여명은 오전 10시부터 가로 90cm, 세로 60cm 크기의 한반도 단일기 200여장을 끈으로 연결해 킨텍스 1전시장 주변 약 2.5㎞를 행진했다. 시민들은 “우리는 하나다” “통일을 이루자” 등 구호를 외치며 1시간 가량 행진한 뒤, 고양시새마을회 부녀회원들이 마련한 ‘통일 비빔밥’을 나눠 먹으며 남북정상회담 성공을 기원했다.
최태봉 사단법인 통일나무 사무국장은 “오늘은 우리끼리 통일비빔밥을 나눠먹지만 남북정상회담이 성공해 북한 주민들과도 비빔밥을 나눠먹는 날이 하루 빨리 오길 바란다”고 말했다. 윤주한 ‘통일을 이루는 사람들’ 이사장은 “고양은 당일에 개성으로 소풍을 다녀올 만큼 가까운 곳”이라며 “자유롭게 남북을 넘나드는 세상이 속히 왔으면 좋겠다”고 말했다.
김봉진 고양시새마을회장은 “새마을회가 보수단체로 낙인 찍혔는데, 남북 관계에 대해서는 좌우, 보수와 진보, 여야가 대승적으로 협조하고 한 목소리를 내는 게 옳다고 본다”고 말했다. 고양시의 대표적 보수·진보단체인 고양시새마을회와 고양시민회는 북한에 쌀을 보내기 위해 4년 전부터 4천여㎡의 농경지에 벼농사를 함께 지어왔다. 그동안 남북관계 악화로 수확한 쌀을 북한에 보내지 못하고 불우이웃에 기증해왔다.
임진각 관광지도 전국에서 몰려온 관광객과 파주 주민들로 종일 북적댔다. 부산대학생겨레하나 회원 등 40여명은 이날 버스를 타고 임진각에 도착해 트럭에 설치된 텔레비전으로 생중계되는 남북정상회담을 지켜보며 “우리는 하나다”는 구호를 연호했다.
파주지역 시민사회단체 회원들도 이날 오후 임진각에 모여 텔레비전 생중계를 보며 정상회담 성공을 응원했다. 노현기 파주빅뱅 홍보팀장은 “파주 시민단체들이 역량을 지방선거 판 바꾸기에 쏟느라 (정상회담 관련)행사를 따로 준비하지는 못했지만, 가만히 있을 수 없어 응원하러 나왔다”고 말했다.
한국기독교장로회 경기북노회 소속 목사 30여명은 지난 26일 오후 8시부터 이날 오전 8시까지 판문점 인근인 파주시 탄현면 온생명교회에서 ‘남북정상 평화회담 성취 목회자 철야기도회’를 진행했다. 목회자들은 “남북한 민족의 평화를 위해 남북 두 지도자들이 소명을 다하도록 기도했다”고 말했다.
한편, 태극기혁명국민운동본부 등 보수단체 회원들은 이날 임진각에서 남북정상회담 규탄대회를 열고 ”북한 정권과 손 잡는 정상회담에 반대한다“고 주장했다.","접경지역 주민들 “우리는 하나다” 응원 물결
고양시민 200여명 킨텍스서 ‘한반도기 인간띠잇기’ 행진
파주 임진각관광지 관광객·주민 몰려 남북평화 통일기원
역사적인 남북정상회담이 열린 27일, 판문점 인근 경기도 고양, 파주 등 접경지역은 온종일 주민들의 응원 열기로 뜨거웠다.
고양지역 시민사회단체들은 이날 남북정상회담 메인 프레스센터가 마련된 일산 킨텍스 일대에서 남북 평화와 통일을 염원하며 ‘한반도 단일기 인간띠잇기’ 행사를 진행했다. 고양시민회 등 24개 시민단체 회원과 더불어민주당, 정의당, 민중당 등 각 정당의 지방선거 후보 등 시민 200여명은 오전 10시부터 가로 90cm, 세로 60cm 크기의 한반도 단일기 200여장을 끈으로 연결해 킨텍스 1전시장 주변 약 2.5㎞를 행진했다. 시민들은 “우리는 하나다” “통일을 이루자” 등 구호를 외치며 1시간 가량 행진한 뒤, 고양시새마을회 부녀회원들이 마련한 ‘통일 비빔밥’을 나눠 먹으며 남북정상회담 성공을 기원했다.
최태봉 사단법인 통일나무 사무국장은 “오늘은 우리끼리 통일비빔밥을 나눠먹지만 남북정상회담이 성공해 북한 주민들과도 비빔밥을 나눠먹는 날이 하루 빨리 오길 바란다”고 말했다. 윤주한 ‘통일을 이루는 사람들’ 이사장은 “고양은 당일에 개성으로 소풍을 다녀올 만큼 가까운 곳”이라며 “자유롭게 남북을 넘나드는 세상이 속히 왔으면 좋겠다”고 말했다.
김봉진 고양시새마을회장은 “새마을회가 보수단체로 낙인 찍혔는데, 남북 관계에 대해서는 좌우, 보수와 진보, 여야가 대승적으로 협조하고 한 목소리를 내는 게 옳다고 본다”고 말했다. 고양시의 대표적 보수·진보단체인 고양시새마을회와 고양시민회는 북한에 쌀을 보내기 위해 4년 전부터 4천여㎡의 농경지에 벼농사를 함께 지어왔다. 그동안 남북관계 악화로 수확한 쌀을 북한에 보내지 못하고 불우이웃에 기증해왔다.
임진각 관광지도 전국에서 몰려온 관광객과 파주 주민들로 종일 북적댔다. 부산대학생겨레하나 회원 등 40여명은 이날 버스를 타고 임진각에 도착해 트럭에 설치된 텔레비전으로 생중계되는 남북정상회담을 지켜보며 “우리는 하나다”는 구호를 연호했다.
파주지역 시민사회단체 회원들도 이날 오후 임진각에 모여 텔레비전 생중계를 보며 정상회담 성공을 응원했다. 노현기 파주빅뱅 홍보팀장은 “파주 시민단체들이 역량을 지방선거 판 바꾸기에 쏟느라 (정상회담 관련)행사를 따로 준비하지는 못했지만, 가만히 있을 수 없어 응원하러 나왔다”고 말했다.
한국기독교장로회 경기북노회 소속 목사 30여명은 지난 26일 오후 8시부터 이날 오전 8시까지 판문점 인근인 파주시 탄현면 온생명교회에서 ‘남북정상 평화회담 성취 목회자 철야기도회’를 진행했다. 목회자들은 “남북한 민족의 평화를 위해 남북 두 지도자들이 소명을 다하도록 기도했다”고 말했다.
한편, 태극기혁명국민운동본부 등 보수단체 회원들은 이날 임진각에서 남북정상회담 규탄대회를 열고 ”북한 정권과 손 잡는 정상회담에 반대한다“고 주장했다.",8,1369
iks_20180427_hankyoreh_news_049,Hankyoreh news 2018 April 27 corpus.txt,Hankyoreh,한겨레,news,2018-04-27,2018_april_summit,문재인 “청와대 오시라” 김정은 “초청하면 언제라도”,"윤영찬 수석, 두 정상 비공개 대화 브리핑
‘역사적 상봉’ 각본 없는 드라마 만들어","문재인 대통령과 김정은 북한 노동당 위원장이 처음 만난 27일 오전 9시30분부터 두 정상은 사전에 조율되지 않았기에 더 감동적이었던, 각본 없는 드라마를 그려냈다.
문 대통령이 의장대 사열을 소재로 담소를 나누다 김 위원장 초청 의사를 에둘러 밝히자 김 위원장은 “문 대통령께서 초청해 주시면 언제라도 청와대에 가겠습니다”라고 화답했다. 윤영찬 청와대 홍보수석이 두 정상의 오전 회담이 끝난 뒤 판문점 자유의집에 차려진 프레스 센터에서 전한 내용이다. 윤 수석은 “오늘 두 정상이 엠디엘(MDL·군사분계선)에서 역사적인 만남을 시작한 이후부터 환담까지 비공개로 진행된 대화내용을 말씀드리겠다”고 브리핑을 시작했다.
윤 수석은 문 대통령이 군사분계선을 넘게된 사연부터 공개했다. 군사분계선에서 김 위원장과 만나 악수를 나눈 문 대통령은 김 위원장과 “남쪽으로 오시는데, 나는 언제쯤 넘어갈 수 있느냐”고 농담을 섞어 말을 건넸다고 한다. 그러자 군사분계선을 넘어 남쪽으로 온 김 위원장이 “그럼 지금 넘어가 볼까요?”라며 문재인 대통령의 손을 잡고 이끌었다는 것이다. 윤 수석은 “(그렇게 해서) 오늘 김 위원장과 문재인 대통령이 예정에 없던 군사분계선 북쪽에서 사진을 찍게 됐다”고 말했다.
문 대통령과 김 위원장이 의장대 사열을 하는 도중, 문 대통령이 김 위원장을 청와대로 초청하고 싶다는 의사를 에둘러 밝히자 김 위원장은 이를 덜컥 수용했다. 문 대통령이 김 위원장과 같이 의장대 사열을 하면서 “외국 사람들도 우리 전통의장대를 좋아한다. 그런데 오늘 보여드린 전통의장대는 약식이라 아쉽다. 청와대에 오시면 훨씬 좋은 장면을 보여드릴 수 있다”고 완곡하게 초청 의사를 밝히자 김 위원장은 “아 그런가요, 대통령께서 초청해주시면 언제라도 청와대에 가겠다”고 답했다고 한다. 김 위원장은 “문 대통령을 평양에서 만날 줄 알았는데 여기서 만나는 것이 더 잘됐다. 대결상징인 장소에서 많은 사람들이 기대를 갖고 보고 있다. 이 기회를 소중히 해서 남북 사이 상처가 치유됐으면 좋겠다”고 말했다고 한다.
윤 수석이 전한 두 정상의 대화에서는, 김 위원장의 솔직하고 파격적인 화법도 여러 곳에서 등장한다. 문 대통령이 백두산을 화제로 올리며 북쪽을 가보고 싶다고 하자 김 위원장은 “문 대통령이 오시면 걱정스러운 게 우리 교통이 불비해서 불편을 드릴 거 같다. 평창올림픽 갔다온 분들 말하는데 고속열차가 좋다더라. 남쪽에 이런 환경에 있다가 북에 오면 민망스러울수 있겠다. 우리도 준비해서 대통령 오시면 편히 올 수 있도록 준비하겠다”고 말했다. 문 대통령은 “북쪽으로 철도가 연결되면 남북 모두 고속철도를 이용할 수 있다. 6·15 선언에 담겨 있는데 10년 세월간 실천하지 못했다. 남북관계가 달라져 그 맥이 끊어진게 한스럽다. 김 위원장의 큰 용단으로 10년 동안 끊어진 혈맥을 오늘 다시 이었다”고 말했다. 북한의 핵·미사일 개발 이후 강도높은 대북 제재가 지속되고 있는 가운데 경제협력 분야는 이번 남북정상회담의 주요 의제로 오르지 못할 것이라는 전망이 지배적이었다. 두 정상은, 사전환담장 앞 장백폭포와 성산일출봉 그림을 소재로 담소를 나누다, 백두산 관광, 고속철도 등 교통 인프라의 이야기까지 자연스럽게 꺼낸 셈이다.
두 정상은 민감한 안보 이슈마저 ‘농담’으로 녹여버릴 정도로 여유가 있었다. 김 위원장이 먼저 “대통령께서 우리 때문에 엔에스시(NSC·국가안전보장회의)에 참석하시느라 새벽잠을 많이 설쳤다는데 새벽에 일어나는 게 습관이 되셨겠다”고 웃으면 말했다. 문 대통령은 “김 위원장께서 우리 특사단이 갔을 때 선제적으로 말씀을 주셔서 앞으로 발 뻗고 자겠다”고 화답했다.","문재인 “청와대 오시라” 김정은 “초청하면 언제라도”
윤영찬 수석, 두 정상 비공개 대화 브리핑
‘역사적 상봉’ 각본 없는 드라마 만들어
문재인 대통령과 김정은 북한 노동당 위원장이 처음 만난 27일 오전 9시30분부터 두 정상은 사전에 조율되지 않았기에 더 감동적이었던, 각본 없는 드라마를 그려냈다.
문 대통령이 의장대 사열을 소재로 담소를 나누다 김 위원장 초청 의사를 에둘러 밝히자 김 위원장은 “문 대통령께서 초청해 주시면 언제라도 청와대에 가겠습니다”라고 화답했다. 윤영찬 청와대 홍보수석이 두 정상의 오전 회담이 끝난 뒤 판문점 자유의집에 차려진 프레스 센터에서 전한 내용이다. 윤 수석은 “오늘 두 정상이 엠디엘(MDL·군사분계선)에서 역사적인 만남을 시작한 이후부터 환담까지 비공개로 진행된 대화내용을 말씀드리겠다”고 브리핑을 시작했다.
윤 수석은 문 대통령이 군사분계선을 넘게된 사연부터 공개했다. 군사분계선에서 김 위원장과 만나 악수를 나눈 문 대통령은 김 위원장과 “남쪽으로 오시는데, 나는 언제쯤 넘어갈 수 있느냐”고 농담을 섞어 말을 건넸다고 한다. 그러자 군사분계선을 넘어 남쪽으로 온 김 위원장이 “그럼 지금 넘어가 볼까요?”라며 문재인 대통령의 손을 잡고 이끌었다는 것이다. 윤 수석은 “(그렇게 해서) 오늘 김 위원장과 문재인 대통령이 예정에 없던 군사분계선 북쪽에서 사진을 찍게 됐다”고 말했다.
문 대통령과 김 위원장이 의장대 사열을 하는 도중, 문 대통령이 김 위원장을 청와대로 초청하고 싶다는 의사를 에둘러 밝히자 김 위원장은 이를 덜컥 수용했다. 문 대통령이 김 위원장과 같이 의장대 사열을 하면서 “외국 사람들도 우리 전통의장대를 좋아한다. 그런데 오늘 보여드린 전통의장대는 약식이라 아쉽다. 청와대에 오시면 훨씬 좋은 장면을 보여드릴 수 있다”고 완곡하게 초청 의사를 밝히자 김 위원장은 “아 그런가요, 대통령께서 초청해주시면 언제라도 청와대에 가겠다”고 답했다고 한다. 김 위원장은 “문 대통령을 평양에서 만날 줄 알았는데 여기서 만나는 것이 더 잘됐다. 대결상징인 장소에서 많은 사람들이 기대를 갖고 보고 있다. 이 기회를 소중히 해서 남북 사이 상처가 치유됐으면 좋겠다”고 말했다고 한다.
윤 수석이 전한 두 정상의 대화에서는, 김 위원장의 솔직하고 파격적인 화법도 여러 곳에서 등장한다. 문 대통령이 백두산을 화제로 올리며 북쪽을 가보고 싶다고 하자 김 위원장은 “문 대통령이 오시면 걱정스러운 게 우리 교통이 불비해서 불편을 드릴 거 같다. 평창올림픽 갔다온 분들 말하는데 고속열차가 좋다더라. 남쪽에 이런 환경에 있다가 북에 오면 민망스러울수 있겠다. 우리도 준비해서 대통령 오시면 편히 올 수 있도록 준비하겠다”고 말했다. 문 대통령은 “북쪽으로 철도가 연결되면 남북 모두 고속철도를 이용할 수 있다. 6·15 선언에 담겨 있는데 10년 세월간 실천하지 못했다. 남북관계가 달라져 그 맥이 끊어진게 한스럽다. 김 위원장의 큰 용단으로 10년 동안 끊어진 혈맥을 오늘 다시 이었다”고 말했다. 북한의 핵·미사일 개발 이후 강도높은 대북 제재가 지속되고 있는 가운데 경제협력 분야는 이번 남북정상회담의 주요 의제로 오르지 못할 것이라는 전망이 지배적이었다. 두 정상은, 사전환담장 앞 장백폭포와 성산일출봉 그림을 소재로 담소를 나누다, 백두산 관광, 고속철도 등 교통 인프라의 이야기까지 자연스럽게 꺼낸 셈이다.
두 정상은 민감한 안보 이슈마저 ‘농담’으로 녹여버릴 정도로 여유가 있었다. 김 위원장이 먼저 “대통령께서 우리 때문에 엔에스시(NSC·국가안전보장회의)에 참석하시느라 새벽잠을 많이 설쳤다는데 새벽에 일어나는 게 습관이 되셨겠다”고 웃으면 말했다. 문 대통령은 “김 위원장께서 우리 특사단이 갔을 때 선제적으로 말씀을 주셔서 앞으로 발 뻗고 자겠다”고 화답했다.",6,1786
iks_20180427_hankyoreh_news_050,Hankyoreh news 2018 April 27 corpus.txt,Hankyoreh,한겨레,news,2018-04-27,2018_april_summit,"유머, 개방, 파격…전세계에 알린 ‘김정은 스타일’",,"‘베일’에 쌓여있던 김정은 국무위원장은 판문점 북쪽 건물인 판문각 문을 열어젖히고 나온 순간부터, 정상회담이 비공개로 전환된 10시22분까지 파격적이면서 자신감있는 모습을 전세계에 과시했다.
27일 오전 9시28분께 판문각 계단을 천천히 내려온 김 위원장은 티2와 티3 사이 군사분계선 앞에서 기다리던 문재인 대통령과 환하게 웃으며 반갑게 악수했다. 그는 문 대통령이 “오시는데 힘들지 않았습니까”라며 맞이하자, “정말 마음 설렘이 그치지 않는다. 이 역사적인 장소에서 만나니까 또 대통령께서 이렇게 분계선까지 나와서 맞이해주시니 정말 감동스럽다”고 화답했다. 이어 김 위원장은 높이 5㎝의 군사분계선 턱을 넘어 남쪽으로 넘어왔다. 북쪽 최고지도자가 분단 이후 남쪽 땅을 밟은 것은 이번이 처음이다. 앞선 2000년과 2007년 정상회담은 모두 평양에서 열린 바 있다. 올해 4·27 정상회담 장소를 판문점 남쪽 평화의집으로 정한 것도 김 위원장의 ‘결단’이었다.
남과 북을 향해 각각 사진촬영을 마친 뒤 갑자기 김 위원장은 문 대통령에게 북쪽을 가리키며 ‘월경’을 제안했다. 북한 땅을 밟아달라는 김 위원장의 권유에 두 정상은 사이좋게 두 손을 맞잡고 북쪽 군사분계선을 넘었다가 돌아왔다.
회담장인 평화의집에서도 김 위원장은 여유를 잃지 않았다. 그는 회담 모두발언에서 “평화와 번영, 북남관계의 새로운 역사가 씌어지는 순간에 출발점에 서서, 신호탄을 쏜다는 마음가짐을 가지고 여기 왔다”며 “오늘 현안 문제들, 관심사 문제들을 툭 터놓고 얘기하고 그래서 좋은 결과를 만들어내자”고 제안했다. 특히 그는 정상회담 만찬 메뉴를 두고 “정치색이 강하다”는 비판이 나온 것을 의식한 듯 “오늘 저녁 만찬 음식 많이 얘기하던데, 어렵사리 평양에서부터 평양냉면을 가지고 왔는데, 대통령께서 편한 마음으로 멀리 온, 멀다고 말하면 안되갔구나, 맛있게 드시면 좋겠다”고 웃으며 말했다.
‘은둔의 지도자’였던 김 위원장은 최근 남쪽 인사들과의 접촉에서 유머러스하면서도 개방적인 모습을 보여왔다. 김 위원장은 지난 5일 평양을 방문한 대북 특사단 일행에게 “그동안 우리가 미사일을 발사하면 문재인 대통령이 새벽에 엔에스시(NSC·국가안전보장회의) 개최하느라 고생 많으셨다”며 “오늘 결심했으니 이제 더는 문 대통령이 새벽잠을 설치지 않아도 된다”며 우스개를 건넸다.
또 이달 1일 평양 동평양대극장에서 열린 남쪽 예술단의 공연을 관람한 뒤엔 출연진들과 만나 “문재인 대통령에게 말을 잘해서, 이번에 ‘봄이 온다’고 했으니까 이 여세를 몰아서 가을엔 ‘가을이 왔다’고 하자”고 했다. 그러면서 “내가 레드벨벳을 보러 올지 관심들이 많았는데 일정을 조정해서 오늘 왔다”며 농담하기도 했다.","유머, 개방, 파격…전세계에 알린 ‘김정은 스타일’
‘베일’에 쌓여있던 김정은 국무위원장은 판문점 북쪽 건물인 판문각 문을 열어젖히고 나온 순간부터, 정상회담이 비공개로 전환된 10시22분까지 파격적이면서 자신감있는 모습을 전세계에 과시했다.
27일 오전 9시28분께 판문각 계단을 천천히 내려온 김 위원장은 티2와 티3 사이 군사분계선 앞에서 기다리던 문재인 대통령과 환하게 웃으며 반갑게 악수했다. 그는 문 대통령이 “오시는데 힘들지 않았습니까”라며 맞이하자, “정말 마음 설렘이 그치지 않는다. 이 역사적인 장소에서 만나니까 또 대통령께서 이렇게 분계선까지 나와서 맞이해주시니 정말 감동스럽다”고 화답했다. 이어 김 위원장은 높이 5㎝의 군사분계선 턱을 넘어 남쪽으로 넘어왔다. 북쪽 최고지도자가 분단 이후 남쪽 땅을 밟은 것은 이번이 처음이다. 앞선 2000년과 2007년 정상회담은 모두 평양에서 열린 바 있다. 올해 4·27 정상회담 장소를 판문점 남쪽 평화의집으로 정한 것도 김 위원장의 ‘결단’이었다.
남과 북을 향해 각각 사진촬영을 마친 뒤 갑자기 김 위원장은 문 대통령에게 북쪽을 가리키며 ‘월경’을 제안했다. 북한 땅을 밟아달라는 김 위원장의 권유에 두 정상은 사이좋게 두 손을 맞잡고 북쪽 군사분계선을 넘었다가 돌아왔다.
회담장인 평화의집에서도 김 위원장은 여유를 잃지 않았다. 그는 회담 모두발언에서 “평화와 번영, 북남관계의 새로운 역사가 씌어지는 순간에 출발점에 서서, 신호탄을 쏜다는 마음가짐을 가지고 여기 왔다”며 “오늘 현안 문제들, 관심사 문제들을 툭 터놓고 얘기하고 그래서 좋은 결과를 만들어내자”고 제안했다. 특히 그는 정상회담 만찬 메뉴를 두고 “정치색이 강하다”는 비판이 나온 것을 의식한 듯 “오늘 저녁 만찬 음식 많이 얘기하던데, 어렵사리 평양에서부터 평양냉면을 가지고 왔는데, 대통령께서 편한 마음으로 멀리 온, 멀다고 말하면 안되갔구나, 맛있게 드시면 좋겠다”고 웃으며 말했다.
‘은둔의 지도자’였던 김 위원장은 최근 남쪽 인사들과의 접촉에서 유머러스하면서도 개방적인 모습을 보여왔다. 김 위원장은 지난 5일 평양을 방문한 대북 특사단 일행에게 “그동안 우리가 미사일을 발사하면 문재인 대통령이 새벽에 엔에스시(NSC·국가안전보장회의) 개최하느라 고생 많으셨다”며 “오늘 결심했으니 이제 더는 문 대통령이 새벽잠을 설치지 않아도 된다”며 우스개를 건넸다.
또 이달 1일 평양 동평양대극장에서 열린 남쪽 예술단의 공연을 관람한 뒤엔 출연진들과 만나 “문재인 대통령에게 말을 잘해서, 이번에 ‘봄이 온다’고 했으니까 이 여세를 몰아서 가을엔 ‘가을이 왔다’고 하자”고 했다. 그러면서 “내가 레드벨벳을 보러 올지 관심들이 많았는데 일정을 조정해서 오늘 왔다”며 농담하기도 했다.",6,1327
iks_20180427_hankyoreh_news_051,Hankyoreh news 2018 April 27 corpus.txt,Hankyoreh,한겨레,news,2018-04-27,2018_april_summit,“김정은 위원장 특수”?…평양냉면집 오늘 인산인해,"고령층뿐 아니라 젊은층도 대거 평양냉면집 찾아
일부 음식점은 한반도기 꽂아 냉면 내어오기도","남북정상회담 만찬 메뉴로 북한 옥류관 평양냉면이 오르는 게 화제가 되면서 27일 서울 시내 유명 평양냉면집들도 종일 ‘김정은 위원장 특수’를 톡톡히 누렸다. 시민들은 낮부터 평양냉면집을 찾아 긴 줄을 선 끝에 냉면을 먹고 돌아갔고, 일부 음식점은 냉면에 올린 고명 위에 ‘미니 한반도기’를 꽂아 내놓으며 정상회담 성공을 기원했다.
이날 낮 11시30분께 서울 중구 입정동 을지면옥 앞 골목은 10여미터 정도 길게 줄을 선 손님들로 북적였다. 평소엔 중장년층이 많지만 이날은 젊은 손님들도 곧잘 눈에 띄었다. 10분째 줄을 서고 있다는 대학생 신은재(29)씨는 “정상회담 소식을 접하다 평양냉면이 생각나 처음 오게 됐다”고 했다. 을지면옥을 찾았다가 긴 줄을 보고 발걸음을 돌리던 직장인 오선웅(30)씨는 “이 정도 대기 줄이면 평양 가서 먹는 게 나을 것 같다”며 너스레를 떨었다. 20분째 입장을 기다리고 있던 윤성현(55)씨는 “김정은 특수인 것 같다”며 웃었다. 낮 최고기온이 23도까지 올라 다소 더운 날이었지만 줄을 선 시민들의 표정에서 짜증은 찾아볼 수 없었다.
또 다른 유명 평양냉면집인 서울 중구의 필동면옥도 성황을 이뤘다. 필동면옥 관계자는 “날이 더워지면 줄이 길어지는데 오늘은 한여름 손님 줄보다 더 긴 것 같다”고 말했다. 아버지가 월남한 뒤 남쪽에 정착한 실향민이라는 임동준(65)씨는 “이북에서 건너온 실향민들은 다들 (남쪽) 평양냉면집 단골이었다. 워낙 단골이라 지정석이 있을 정도였다”며 “정상회담 덕에 이렇게 젊은 사람들도 평양냉면을 즐겨 먹는 것이 보기 좋다”며 웃었다.
진선미 더불어민주당 의원은 이날 유명 평양냉면집인 서울 마포구 염리동의 을밀대를 찾은 뒤 자신의 트위터 계정에 간이 한반도기가 꽂혀 나온 냉면 사진을 올렸다. 진 의원은 사진과 함께 “역시 우리는 한민족! 을밀대에서 평양냉면과 녹두전을 먹고자 갔는데, 줄지어 서 있는 사람들. 잡은 손 꼭 잡고 평화의 길로”라고 썼다.
평양냉면에 대한 관심은 해외에서도 뜨거웠다. 미국 주요 방송사들이 김정은 위원장이 만찬 메뉴로 준비해 왔다는 평양냉면을 앞다퉈 소개했다. <시엔엔>(CNN)은 미국 현지 스튜디오에 한국인 요리사이자 전직 가수인 이지연씨를 불러 생방송으로 평양냉면을 먹는 장면을 연출했으며, “남북 외교에서 중요한 역할을 할 음식”이라고 보도했다. <폭스뉴스>도 옥류관 평양냉면을 자세히 다뤘다.","“김정은 위원장 특수”?…평양냉면집 오늘 인산인해
고령층뿐 아니라 젊은층도 대거 평양냉면집 찾아
일부 음식점은 한반도기 꽂아 냉면 내어오기도
남북정상회담 만찬 메뉴로 북한 옥류관 평양냉면이 오르는 게 화제가 되면서 27일 서울 시내 유명 평양냉면집들도 종일 ‘김정은 위원장 특수’를 톡톡히 누렸다. 시민들은 낮부터 평양냉면집을 찾아 긴 줄을 선 끝에 냉면을 먹고 돌아갔고, 일부 음식점은 냉면에 올린 고명 위에 ‘미니 한반도기’를 꽂아 내놓으며 정상회담 성공을 기원했다.
이날 낮 11시30분께 서울 중구 입정동 을지면옥 앞 골목은 10여미터 정도 길게 줄을 선 손님들로 북적였다. 평소엔 중장년층이 많지만 이날은 젊은 손님들도 곧잘 눈에 띄었다. 10분째 줄을 서고 있다는 대학생 신은재(29)씨는 “정상회담 소식을 접하다 평양냉면이 생각나 처음 오게 됐다”고 했다. 을지면옥을 찾았다가 긴 줄을 보고 발걸음을 돌리던 직장인 오선웅(30)씨는 “이 정도 대기 줄이면 평양 가서 먹는 게 나을 것 같다”며 너스레를 떨었다. 20분째 입장을 기다리고 있던 윤성현(55)씨는 “김정은 특수인 것 같다”며 웃었다. 낮 최고기온이 23도까지 올라 다소 더운 날이었지만 줄을 선 시민들의 표정에서 짜증은 찾아볼 수 없었다.
또 다른 유명 평양냉면집인 서울 중구의 필동면옥도 성황을 이뤘다. 필동면옥 관계자는 “날이 더워지면 줄이 길어지는데 오늘은 한여름 손님 줄보다 더 긴 것 같다”고 말했다. 아버지가 월남한 뒤 남쪽에 정착한 실향민이라는 임동준(65)씨는 “이북에서 건너온 실향민들은 다들 (남쪽) 평양냉면집 단골이었다. 워낙 단골이라 지정석이 있을 정도였다”며 “정상회담 덕에 이렇게 젊은 사람들도 평양냉면을 즐겨 먹는 것이 보기 좋다”며 웃었다.
진선미 더불어민주당 의원은 이날 유명 평양냉면집인 서울 마포구 염리동의 을밀대를 찾은 뒤 자신의 트위터 계정에 간이 한반도기가 꽂혀 나온 냉면 사진을 올렸다. 진 의원은 사진과 함께 “역시 우리는 한민족! 을밀대에서 평양냉면과 녹두전을 먹고자 갔는데, 줄지어 서 있는 사람들. 잡은 손 꼭 잡고 평화의 길로”라고 썼다.
평양냉면에 대한 관심은 해외에서도 뜨거웠다. 미국 주요 방송사들이 김정은 위원장이 만찬 메뉴로 준비해 왔다는 평양냉면을 앞다퉈 소개했다. <시엔엔>(CNN)은 미국 현지 스튜디오에 한국인 요리사이자 전직 가수인 이지연씨를 불러 생방송으로 평양냉면을 먹는 장면을 연출했으며, “남북 외교에서 중요한 역할을 할 음식”이라고 보도했다. <폭스뉴스>도 옥류관 평양냉면을 자세히 다뤘다.",5,1176
iks_20180427_hankyoreh_news_052,Hankyoreh news 2018 April 27 corpus.txt,Hankyoreh,한겨레,news,2018-04-27,2018_april_summit,김정은 ‘호위무사’ 다시 나타났다,,"김정은 북한 국무위원장의 ‘호위무사’ 들이 다시 나타났다.
27일 오전 11시56분 문재인 대통령과 오전 정상회담을 마친 김 위원장이 남쪽 평화의집 밖으로 나오기 전, 김 위원장을 태우고 북쪽으로 넘어가기 위한 벤츠 리무진이 대기하고 있었다. 리무진 좌우, 뒤쪽을 경호원 12명이 인간방패 삼아 둘러싸고 있었다. 이날 오전 9시29분 김 위원장이 북쪽 판문각을 나설 때 김 위원장 주변을 원형으로 둘러쌌던 경호원들이 다시 나타난 것이다. 이들은 김 위원장과 문 대통령이 만나기 직전 순식간에 사라졌었다. 검은 양복을 입은 경호원 12명은 리무진을 U자 형태로 둘러싼채 뛰기 시작했다.
리무진은 1998년 6월 정주영 현대그룹 명예회장이 방북한 소떼길을 넘어 북으로 갔다. 이곳은 비포장 길이다. 김 위원장을 태운 차는 군사분계선을 넘은 뒤 판문각 뒷쪽으로 사라졌다.","김정은 ‘호위무사’ 다시 나타났다
김정은 북한 국무위원장의 ‘호위무사’ 들이 다시 나타났다.
27일 오전 11시56분 문재인 대통령과 오전 정상회담을 마친 김 위원장이 남쪽 평화의집 밖으로 나오기 전, 김 위원장을 태우고 북쪽으로 넘어가기 위한 벤츠 리무진이 대기하고 있었다. 리무진 좌우, 뒤쪽을 경호원 12명이 인간방패 삼아 둘러싸고 있었다. 이날 오전 9시29분 김 위원장이 북쪽 판문각을 나설 때 김 위원장 주변을 원형으로 둘러쌌던 경호원들이 다시 나타난 것이다. 이들은 김 위원장과 문 대통령이 만나기 직전 순식간에 사라졌었다. 검은 양복을 입은 경호원 12명은 리무진을 U자 형태로 둘러싼채 뛰기 시작했다.
리무진은 1998년 6월 정주영 현대그룹 명예회장이 방북한 소떼길을 넘어 북으로 갔다. 이곳은 비포장 길이다. 김 위원장을 태운 차는 군사분계선을 넘은 뒤 판문각 뒷쪽으로 사라졌다.",3,428
iks_20180427_hankyoreh_news_053,Hankyoreh news 2018 April 27 corpus.txt,Hankyoreh,한겨레,news,2018-04-27,2018_april_summit,정상회담 생중계 ‘돌발장면’ 4가지,"① 문 대통령, 김 위원장 깜짝 제안에 ‘월경’
② ‘신 스틸러’ 된 김영철
③ 문 대통령도 예정없던 사진 촬영 깜짝 제안
④ 전세계 생중계 화면 가린 ‘기자선생’들","27일 판문점에서 열린 ‘2018 남북정상회담’ 오전 상황이 텔레비전을 통해 생중계됐다. 생중계 영상에서 볼 수 있었던 돌발 장면 네 가지를 꼽아봤다.
① 문 대통령, 김 위원장 깜짝 제안에 ‘월경’
27일 문재인 대통령과 김정은 북한 국무위원장은 판문점 군사정전위원회 회의실 건물인 티투(T2)와 티스리(T3) 건물 사이 군사분계선 앞에서 마주 섰다. 두 정상은 악수를 했고, 문 대통령의 안내에 따라 김 위원장이 먼저 군사분계선을 성큼 넘어 남쪽으로 왔다. 자유의집, 판문각을 배경으로 기념사진을 찍은 뒤 문 대통령이 회담 장소로 이동하려던 바로 그 때, 김 위원장이 문 대통령에게 군사분계선을 한번 더 넘어 북쪽으로 건너갈 것을 제안했다. 예정에 없던 ‘깜짝’ 제안이었다. 문 대통령은 너털웃음을 터뜨리며 응했다. 김 위원장이 문 대통령의 손을 잡았다. 두 정상은 함께 손을 잡고 군사분계선을 넘었다. 김 위원장은 두 손으로 문 대통령의 오른쪽 손을 감쌌다. 문 대통령은 판문점 안에 있는 군사분계선을 넘은 최초의 대통령이 됐다. 문 대통령은 김 위원장과 함께 군사분계선 너머 북쪽 지역에서 다시 한번 손을 맞잡았다. 10여초간 북쪽 구역에 머문 문 대통령은 다시 김 위원장과 손을 잡고 함께 남쪽으로 건너왔다.
윤영찬 청와대 국민소통수석을 이날 정오 브리핑에서 당시 상황을 설명했다. 윤 수석은 “문 대통령이 김 위원장과 역사적인 악수를 하면서 ‘(김 위원장이 이번에) 남측으로 오시는데 나는 언제쯤 (북쪽으로) 넘어갈 수 있느냐’고 했고, 김 위원장은 남측으로 넘어온 뒤 ‘그럼 지금 넘어가볼까요?’ 그러면서 문 대통령의 손을 이끌었다”며 “예정에 없던 군사분계선 북쪽에서 사진을 찍게 됐다”고 말했다.
② ‘신 스틸러’ 된 김영철
이날 오전 남북 정상 간 만남을 전하는 생중계 화면에는 ‘신 스틸러’가 있었다. 바로 김영철 북한 노동당 중앙위원회 부위원장이다. 김 위원장이 북쪽 판문각 2층에서 계단을 내려와 문 대통령을 만나려 성큼성큼 걸어가는 모습이 화면에 잡혔다. 계단을 모두 내려왔을 무렵, 함께 판문각 2층에서 나온 북쪽 공식수행원과 경호원들 대부분은 화면 왼쪽으로 빠져 나갔다. 김 위원장이 단독으로 문 대통령을 만나러 가는 자리였기 때문이다. 하지만 김영철 부위원장 혼자 김 위원장 뒤를 따라왔다. 화면에도 김 부위원장의 모습이 잡혔다. 판문각을 등지고 오른쪽으로 빠져나간 북쪽 수행원들을 흘깃흘깃 바라보던 김 부위원장은 이내 급한 발걸음을 옮겨 화면에서 사라졌다. 김 부위원장이 김정은 위원장을 수행하기 위해 따라왔던 것인지, 실수로 혼자 남은 것인지는 확인되지는 않았지만, ‘신 스틸러’임은 확실해 보였다.
김 부위원장은 김 위원장이 의장대 사열을 마친 뒤 남쪽 평화의집으로 가는 도중에도 김여정 제1부위원장과 함께 김 위원장 뒤를 따라갔다. 이번에는 김창선 서기실장이 급하게 뛰어와 ‘이쪽으로 나오셔야 한다’는 취지의 제스처를 했고 급하게 레드카펫 화면에서 빠지게 하는 해프닝이 벌어졌다. 생중계 화면에 그러한 장면이 고스란히 담겼다.
③ 문 대통령도 예정없던 사진촬영 깜짝 제안
이날 김 위원장은 남쪽 의장대를 사열하고, 악수를 하기 위해 줄지어 서 있는 남북 공식 수행원들과 모두 인사했다. 이번에는 문 대통령이 수행단과 함께 사진을 찍자고 깜짝 제안을 했다. 김 위원장이 “오늘 이 자리에 왔다가 사열이 끝나고 돌아가야 하는 분들이 있다”고 말하자, 문 대통령이 “그럼 가시기 전에 남북 공식 수행원 모두 기념으로 사진을 함께 찍었으면 좋겠다”고 제안을 했다는 게 윤영찬 수석의 설명이다. 실제로 김 위원장은 이런 문 대통령의 제안을 흔쾌히 받아들였다.
두 정상은 의장대를 사열한 단상 계단에서 수행단과 함께 사진을 찍었다. 문 대통령 오른쪽에는 남쪽 수행원 9명이, 김 위원장 왼쪽에는 북쪽 수행원 9명이 모여 섰다. 북쪽이 밝힌 공식 수행단은 모두 9명이지만, 남쪽은 7명이어서 윤영찬 청와대 국민소통수석과 주영훈 청와대 경호처장이 함께 숫자를 맞춰 사진 촬영을 마쳤다.
④ 전세계 생중계 화면 가린 ‘기자선생’들
돌발상황은 김정은 위원장이 평화의집 한쪽 벽에 걸린 ‘북한산’ 그림 앞에서 사진을 촬영할 때도 벌어졌다. 문 대통령이 방명록을 모두 적고 난 김 위원장과 함께 그림 앞으로 걸어가 포즈를 취하자, 남북 취재진들이 몰려가 두 정상의 모습을 카메라에 담았다. 하지만 전세계로 송출되는 생중계 카메라 앞에는 두 지도자의 모습 대신 그들을 촬영하는 기자들의 모습이 그대로 나왔다. 정작 정상들의 모습은 생중계 화면에 보이지 않았다.
이 와중에 북쪽 기자 완장을 찬 한 ‘기자 선생’(북한에서는 직책 뒤에 ‘선생’이라는 말을 붙여쓰곤 한다)이 생중계 화면 가운데를 가리는 상황이 펼쳐졌다. 화면에 수초 동안 이 기자의 엉덩이만 보이는 사실상 방송 사고가 발생한 것이다. 경기 고양시 킨텍스에 차려진 메인 프레스센터에서 생중계 영상을 함께 지켜보던 취재진들 사이에서 ‘아∼’하는 탄성과 함께 웃음이 터져 나오기도 했다. 남북 정상의 이날 동선이 모두 생중계로 방송되면서 발생한 예기치 못한 상황들 때문에 두 지도자가 만나는 상황을 더 생생하게 느낄 수 있었다.","정상회담 생중계 ‘돌발장면’ 4가지
① 문 대통령, 김 위원장 깜짝 제안에 ‘월경’
② ‘신 스틸러’ 된 김영철
③ 문 대통령도 예정없던 사진 촬영 깜짝 제안
④ 전세계 생중계 화면 가린 ‘기자선생’들
27일 판문점에서 열린 ‘2018 남북정상회담’ 오전 상황이 텔레비전을 통해 생중계됐다. 생중계 영상에서 볼 수 있었던 돌발 장면 네 가지를 꼽아봤다.
① 문 대통령, 김 위원장 깜짝 제안에 ‘월경’
27일 문재인 대통령과 김정은 북한 국무위원장은 판문점 군사정전위원회 회의실 건물인 티투(T2)와 티스리(T3) 건물 사이 군사분계선 앞에서 마주 섰다. 두 정상은 악수를 했고, 문 대통령의 안내에 따라 김 위원장이 먼저 군사분계선을 성큼 넘어 남쪽으로 왔다. 자유의집, 판문각을 배경으로 기념사진을 찍은 뒤 문 대통령이 회담 장소로 이동하려던 바로 그 때, 김 위원장이 문 대통령에게 군사분계선을 한번 더 넘어 북쪽으로 건너갈 것을 제안했다. 예정에 없던 ‘깜짝’ 제안이었다. 문 대통령은 너털웃음을 터뜨리며 응했다. 김 위원장이 문 대통령의 손을 잡았다. 두 정상은 함께 손을 잡고 군사분계선을 넘었다. 김 위원장은 두 손으로 문 대통령의 오른쪽 손을 감쌌다. 문 대통령은 판문점 안에 있는 군사분계선을 넘은 최초의 대통령이 됐다. 문 대통령은 김 위원장과 함께 군사분계선 너머 북쪽 지역에서 다시 한번 손을 맞잡았다. 10여초간 북쪽 구역에 머문 문 대통령은 다시 김 위원장과 손을 잡고 함께 남쪽으로 건너왔다.
윤영찬 청와대 국민소통수석을 이날 정오 브리핑에서 당시 상황을 설명했다. 윤 수석은 “문 대통령이 김 위원장과 역사적인 악수를 하면서 ‘(김 위원장이 이번에) 남측으로 오시는데 나는 언제쯤 (북쪽으로) 넘어갈 수 있느냐’고 했고, 김 위원장은 남측으로 넘어온 뒤 ‘그럼 지금 넘어가볼까요?’ 그러면서 문 대통령의 손을 이끌었다”며 “예정에 없던 군사분계선 북쪽에서 사진을 찍게 됐다”고 말했다.
② ‘신 스틸러’ 된 김영철
이날 오전 남북 정상 간 만남을 전하는 생중계 화면에는 ‘신 스틸러’가 있었다. 바로 김영철 북한 노동당 중앙위원회 부위원장이다. 김 위원장이 북쪽 판문각 2층에서 계단을 내려와 문 대통령을 만나려 성큼성큼 걸어가는 모습이 화면에 잡혔다. 계단을 모두 내려왔을 무렵, 함께 판문각 2층에서 나온 북쪽 공식수행원과 경호원들 대부분은 화면 왼쪽으로 빠져 나갔다. 김 위원장이 단독으로 문 대통령을 만나러 가는 자리였기 때문이다. 하지만 김영철 부위원장 혼자 김 위원장 뒤를 따라왔다. 화면에도 김 부위원장의 모습이 잡혔다. 판문각을 등지고 오른쪽으로 빠져나간 북쪽 수행원들을 흘깃흘깃 바라보던 김 부위원장은 이내 급한 발걸음을 옮겨 화면에서 사라졌다. 김 부위원장이 김정은 위원장을 수행하기 위해 따라왔던 것인지, 실수로 혼자 남은 것인지는 확인되지는 않았지만, ‘신 스틸러’임은 확실해 보였다.
김 부위원장은 김 위원장이 의장대 사열을 마친 뒤 남쪽 평화의집으로 가는 도중에도 김여정 제1부위원장과 함께 김 위원장 뒤를 따라갔다. 이번에는 김창선 서기실장이 급하게 뛰어와 ‘이쪽으로 나오셔야 한다’는 취지의 제스처를 했고 급하게 레드카펫 화면에서 빠지게 하는 해프닝이 벌어졌다. 생중계 화면에 그러한 장면이 고스란히 담겼다.
③ 문 대통령도 예정없던 사진촬영 깜짝 제안
이날 김 위원장은 남쪽 의장대를 사열하고, 악수를 하기 위해 줄지어 서 있는 남북 공식 수행원들과 모두 인사했다. 이번에는 문 대통령이 수행단과 함께 사진을 찍자고 깜짝 제안을 했다. 김 위원장이 “오늘 이 자리에 왔다가 사열이 끝나고 돌아가야 하는 분들이 있다”고 말하자, 문 대통령이 “그럼 가시기 전에 남북 공식 수행원 모두 기념으로 사진을 함께 찍었으면 좋겠다”고 제안을 했다는 게 윤영찬 수석의 설명이다. 실제로 김 위원장은 이런 문 대통령의 제안을 흔쾌히 받아들였다.
두 정상은 의장대를 사열한 단상 계단에서 수행단과 함께 사진을 찍었다. 문 대통령 오른쪽에는 남쪽 수행원 9명이, 김 위원장 왼쪽에는 북쪽 수행원 9명이 모여 섰다. 북쪽이 밝힌 공식 수행단은 모두 9명이지만, 남쪽은 7명이어서 윤영찬 청와대 국민소통수석과 주영훈 청와대 경호처장이 함께 숫자를 맞춰 사진 촬영을 마쳤다.
④ 전세계 생중계 화면 가린 ‘기자선생’들
돌발상황은 김정은 위원장이 평화의집 한쪽 벽에 걸린 ‘북한산’ 그림 앞에서 사진을 촬영할 때도 벌어졌다. 문 대통령이 방명록을 모두 적고 난 김 위원장과 함께 그림 앞으로 걸어가 포즈를 취하자, 남북 취재진들이 몰려가 두 정상의 모습을 카메라에 담았다. 하지만 전세계로 송출되는 생중계 카메라 앞에는 두 지도자의 모습 대신 그들을 촬영하는 기자들의 모습이 그대로 나왔다. 정작 정상들의 모습은 생중계 화면에 보이지 않았다.
이 와중에 북쪽 기자 완장을 찬 한 ‘기자 선생’(북한에서는 직책 뒤에 ‘선생’이라는 말을 붙여쓰곤 한다)이 생중계 화면 가운데를 가리는 상황이 펼쳐졌다. 화면에 수초 동안 이 기자의 엉덩이만 보이는 사실상 방송 사고가 발생한 것이다. 경기 고양시 킨텍스에 차려진 메인 프레스센터에서 생중계 영상을 함께 지켜보던 취재진들 사이에서 ‘아∼’하는 탄성과 함께 웃음이 터져 나오기도 했다. 남북 정상의 이날 동선이 모두 생중계로 방송되면서 발생한 예기치 못한 상황들 때문에 두 지도자가 만나는 상황을 더 생생하게 느낄 수 있었다.",13,2519
iks_20180427_hankyoreh_news_054,Hankyoreh news 2018 April 27 corpus.txt,Hankyoreh,한겨레,news,2018-04-27,2018_april_summit,남북 정상회담 오전 회담 11시55분 종료…오전 회담 시간 100분,,"2018 남북 정상회담의 오전 회담이 27일 11시55분 끝났다.
청와대 관계자는 이날 “오전 회담이 11시55분에 끝났다”고 말했다. 오전 회담은 10시15분에 시작해 100분동안 이어졌다.
김정은 북한 국무위원장은 이날 오전 11시56분께 회담장인 평화의집 1층 로비에 모습을 나타냈다. 김 위원장은 대기하고 있던 검은색 벤츠 승용차에 올랐다. 승용차 주변으로 검은 양복을 입은 12명의 북한 경호원이 둘러쌌다.
김 위원장을 태운 차량은 자유의집 오른편에 있는 비포장길을 이용해 11시58분 군사분계선을 넘어 판문점 북쪽 지역으로 넘어갔다. 이 길은 1998년 6월 정주영 현대그룹 명예회장이 소떼를 몰고 갔던 길이다.
문재인 대통령과 김 위원장은 각자 점심을 먹은 뒤 오후 다시 만나 기념 식수와 도보 다리를 산책을 한 뒤 오후 회담을 이어간다.","남북 정상회담 오전 회담 11시55분 종료…오전 회담 시간 100분
2018 남북 정상회담의 오전 회담이 27일 11시55분 끝났다.
청와대 관계자는 이날 “오전 회담이 11시55분에 끝났다”고 말했다. 오전 회담은 10시15분에 시작해 100분동안 이어졌다.
김정은 북한 국무위원장은 이날 오전 11시56분께 회담장인 평화의집 1층 로비에 모습을 나타냈다. 김 위원장은 대기하고 있던 검은색 벤츠 승용차에 올랐다. 승용차 주변으로 검은 양복을 입은 12명의 북한 경호원이 둘러쌌다.
김 위원장을 태운 차량은 자유의집 오른편에 있는 비포장길을 이용해 11시58분 군사분계선을 넘어 판문점 북쪽 지역으로 넘어갔다. 이 길은 1998년 6월 정주영 현대그룹 명예회장이 소떼를 몰고 갔던 길이다.
문재인 대통령과 김 위원장은 각자 점심을 먹은 뒤 오후 다시 만나 기념 식수와 도보 다리를 산책을 한 뒤 오후 회담을 이어간다.",5,420
iks_20180427_hankyoreh_news_055,Hankyoreh news 2018 April 27 corpus.txt,Hankyoreh,한겨레,news,2018-04-27,2018_april_summit,“잃어버린 11년” 공감한 두 정상…‘평화와 번영’ 합의 의지,"문재인 대통령-김정은 위원장 정상회담 시작하며 합의 도출·이행 강조
1·2차 정상회담 때와 달라진 모습…“평화”와 “공동번영” 목표 강조","문재인 대통령과 김정은 북한 국무위원장은 27일 오전 10시15분 판문점 평화의 집에서 시작된 ‘2018 남북정상회담’의 첫 장면을 세계 언론에 공개했다. 1·2차 남북정상회담 때와 달라진 태도이자, 회담 결과를 기대하게 하는 대목이다.
무엇보다 두 정상은 11년의 허송세월을 아쉬워했다. 김 위원장은 짧은 머리발언에서 ‘11년’을 세차례나 언급했다. 그 가운데 두 차례는 “잃어버린 11년”이라고 했다. 문 대통령도 “11년 동안 못다한 이야기 오늘 충분히 나눌 수 있기를 바란다”고 했다. 2007년 10월 고 노무현 대통령과 김정일 국방위원장의 정상회담 이후 이명박·박근혜 정부를 거치며 남북관계가 갈등과 충돌의 악화일로를 걸어온 데 대한 회한이다.
이와 관련해 김 위원장은 “(이번에도 합의하고) 제대로 이행하지 못하면 기대를 품었던 분들한테 오히려 낙심을 주지 않겠나”라며 “지난 시기처럼 또 원점으로 돌아가고 이행하지 못하고 그런 결과보다 미래를 내다보며 지향성 있게 손잡고 걸어나가는 계기”가 돼야 한다고 강조했다. 남과 북 모두 합의하면 최선을 다해 이행하는 자세를 견지해야 한다는 다짐이자 주문이다.
두 정상은 남과 북이 지향해야 할 궁극의 목적에 대해서도 인식을 공유했다. 김 위원장은 “평화번영의 북남관계”라 했다. 문 대통령은 이날은 “평화”에 초점을 맞췄다. 문 대통령은 “한반도의 봄이 한창”이라며, “우리 김정은 위원장이 사상 최초로 군사분계선을 넘어오는 순간 이 판문점은 분단의 상징이 아니라 평화의 산실이 되었다”고 말했다. ‘판문점 회담’에서 한반도의 평화를 잉태하자는 비유다. 다만 문 대통령은 “궁극의 목적은 공동번영”(19일 언론사 사장단 청와대 초청 오찬”이라고 여러 차례 강조한 바 있다. 남북정상회담 준비위원장인 임종석 대통령 비서실장도 26일 마지막 언론 브리핑에서 “평화와 번영을 기원”한다고 밝혀, 두 정상이 남과 북의 ‘평화와 번영’을 시야에 두고 이야기를 나눌 것임을 명확히 했다.
두 정상은 이런 목표·목적 공유를 전제로, 11년 만의 정상회담에 나서는 다짐과 바라는 바를 진솔하게 밝혔다. 문 대통령은 “이 상황을 만들어낸 우리 김 위원장의 용단에 다시 한번 경의를 표하고 싶다. 오늘 우리 대화도 그렇게 통크게 하자”고 추임새를 넣었다. 김 위원장은 “허심탄회하게, 진지하게, 솔직하게 문 대통령님과 좋은 이야기를 하겠다”고 다짐했다.
두 정상은 합의 도출 의지도 강조했다. 문 대통령은 “합의에 이르러 우리 온민족과 평화를 바라는 세계 모든 사람들한테 큰 성의를 만들어주면 좋겠다”고 간절한 마음을 숨기지 않았다. 김 위원장은 “현안 문제들 관심사가 되는 문제들 툭 터놓고 이야기하고, 반드시 필요한 이야기를 하고 그래서 좋은 결과를 만들어내겠다”고 결의를 다졌다.
두 정상은 실무책임자들이 미리 조율한 이번 회담의 3대 의제인 한반도 비핵화, 항구적 평화정착, 남북관계의 획기적 개선과 관련해 언론 앞에서 구체적 언급은 피했다. 하지만 회담의 목표에 대한 인식, 회담에 임하는 태도, 1·2차 정상회담 뒤 지난 11년간 역진한 남북관계에 대한 성찰 등에서 상당한 공동 기반 위에 있음을 드러냈다. 정부 고위 관계자가 “두 정상의 대화와 협상, 담판 결과가 기대된다”고 말하는 까닭이다.
김 위원장은 평화의 집 방명록에 “새로운 역사는 이제부터. 평화의 시대, 역사의 출발점에서”라고 적었다. 남북정상회담 준비위원회가 정한 이번 회담의 공식 슬로건 “평화, 새로운 출발”과 인식이 다르지 않다. 갈등과 대립·충돌로 점철된, 가다 서다 후진하기를 되풀이해온 지금까지의 남북관계와 다른 관계의 도약대를 이번 회담에서 만들어내겠다는 것이다.","“잃어버린 11년” 공감한 두 정상…‘평화와 번영’ 합의 의지
문재인 대통령-김정은 위원장 정상회담 시작하며 합의 도출·이행 강조
1·2차 정상회담 때와 달라진 모습…“평화”와 “공동번영” 목표 강조
문재인 대통령과 김정은 북한 국무위원장은 27일 오전 10시15분 판문점 평화의 집에서 시작된 ‘2018 남북정상회담’의 첫 장면을 세계 언론에 공개했다. 1·2차 남북정상회담 때와 달라진 태도이자, 회담 결과를 기대하게 하는 대목이다.
무엇보다 두 정상은 11년의 허송세월을 아쉬워했다. 김 위원장은 짧은 머리발언에서 ‘11년’을 세차례나 언급했다. 그 가운데 두 차례는 “잃어버린 11년”이라고 했다. 문 대통령도 “11년 동안 못다한 이야기 오늘 충분히 나눌 수 있기를 바란다”고 했다. 2007년 10월 고 노무현 대통령과 김정일 국방위원장의 정상회담 이후 이명박·박근혜 정부를 거치며 남북관계가 갈등과 충돌의 악화일로를 걸어온 데 대한 회한이다.
이와 관련해 김 위원장은 “(이번에도 합의하고) 제대로 이행하지 못하면 기대를 품었던 분들한테 오히려 낙심을 주지 않겠나”라며 “지난 시기처럼 또 원점으로 돌아가고 이행하지 못하고 그런 결과보다 미래를 내다보며 지향성 있게 손잡고 걸어나가는 계기”가 돼야 한다고 강조했다. 남과 북 모두 합의하면 최선을 다해 이행하는 자세를 견지해야 한다는 다짐이자 주문이다.
두 정상은 남과 북이 지향해야 할 궁극의 목적에 대해서도 인식을 공유했다. 김 위원장은 “평화번영의 북남관계”라 했다. 문 대통령은 이날은 “평화”에 초점을 맞췄다. 문 대통령은 “한반도의 봄이 한창”이라며, “우리 김정은 위원장이 사상 최초로 군사분계선을 넘어오는 순간 이 판문점은 분단의 상징이 아니라 평화의 산실이 되었다”고 말했다. ‘판문점 회담’에서 한반도의 평화를 잉태하자는 비유다. 다만 문 대통령은 “궁극의 목적은 공동번영”(19일 언론사 사장단 청와대 초청 오찬”이라고 여러 차례 강조한 바 있다. 남북정상회담 준비위원장인 임종석 대통령 비서실장도 26일 마지막 언론 브리핑에서 “평화와 번영을 기원”한다고 밝혀, 두 정상이 남과 북의 ‘평화와 번영’을 시야에 두고 이야기를 나눌 것임을 명확히 했다.
두 정상은 이런 목표·목적 공유를 전제로, 11년 만의 정상회담에 나서는 다짐과 바라는 바를 진솔하게 밝혔다. 문 대통령은 “이 상황을 만들어낸 우리 김 위원장의 용단에 다시 한번 경의를 표하고 싶다. 오늘 우리 대화도 그렇게 통크게 하자”고 추임새를 넣었다. 김 위원장은 “허심탄회하게, 진지하게, 솔직하게 문 대통령님과 좋은 이야기를 하겠다”고 다짐했다.
두 정상은 합의 도출 의지도 강조했다. 문 대통령은 “합의에 이르러 우리 온민족과 평화를 바라는 세계 모든 사람들한테 큰 성의를 만들어주면 좋겠다”고 간절한 마음을 숨기지 않았다. 김 위원장은 “현안 문제들 관심사가 되는 문제들 툭 터놓고 이야기하고, 반드시 필요한 이야기를 하고 그래서 좋은 결과를 만들어내겠다”고 결의를 다졌다.
두 정상은 실무책임자들이 미리 조율한 이번 회담의 3대 의제인 한반도 비핵화, 항구적 평화정착, 남북관계의 획기적 개선과 관련해 언론 앞에서 구체적 언급은 피했다. 하지만 회담의 목표에 대한 인식, 회담에 임하는 태도, 1·2차 정상회담 뒤 지난 11년간 역진한 남북관계에 대한 성찰 등에서 상당한 공동 기반 위에 있음을 드러냈다. 정부 고위 관계자가 “두 정상의 대화와 협상, 담판 결과가 기대된다”고 말하는 까닭이다.
김 위원장은 평화의 집 방명록에 “새로운 역사는 이제부터. 평화의 시대, 역사의 출발점에서”라고 적었다. 남북정상회담 준비위원회가 정한 이번 회담의 공식 슬로건 “평화, 새로운 출발”과 인식이 다르지 않다. 갈등과 대립·충돌로 점철된, 가다 서다 후진하기를 되풀이해온 지금까지의 남북관계와 다른 관계의 도약대를 이번 회담에서 만들어내겠다는 것이다.",8,1788
iks_20180427_hankyoreh_news_056,Hankyoreh news 2018 April 27 corpus.txt,Hankyoreh,한겨레,news,2018-04-27,2018_april_summit,두손 모은 서울광장 시민들 “평화가 오는 기분” 환호,"27일 오전 서울광장서 시민들 백여명 대형화면으로 지켜봐
남북 정상 군사분계선 함께 걸어 내려오자 시민들 “오!” 탄성","남북의 두 정상이 두 손을 붙잡고 군사분계선을 넘자 ‘오’하는 환호성과 함께 박수가 터졌다. 일부 시민들은 감회에 젖은 표정으로 두 손을 모아 기도하며 남북 정상 간 만남을 지켜봤다. 화창한 봄날 서울시청 앞 광장에서 남북정상회담 생중계를 지켜보는 백여명의 시민들의 표정에는 설렘과 기대감이 교차했다.
남북 정상의 역사적인 만남을 앞둔 27일 오전 9시께부터 백여명의 서울시민들은 서울 중구 서울시청 앞 서울광장에 모여 남북정상회담 생중계를 지켜봤다. 서울시는 이날 남북정상회담을 생중계하기 위해 서울광장 동쪽에 가로 5.5m, 세로 2.5m 크기의 대형 스크린을 설치했다. 시청 앞에서 대형 스크린으로 남북정상회담을 볼 수 있다는 이야기를 듣고 경기도 안산에서 새벽 차를 타고 서울광장에 왔다는 김홍기(82)씨는 “감개무량하다. 두 정상이 만나는 모습을 볼 수 있다니 이 나이에 행운이다”라고 말했다.
오전 9시 30분께 문재인 대통령과 김정은 국무위원장이 웃으며 두 손을 맞잡자 광장에 모인 시민들은 환호성과 박수를 쳤다. 스크린에 담긴 남북 정상 간 만남이라는 역사적인 풍경을 담으려 휴대폰을 들고 사진을 찍는 시민들의 모습도 보였다. 김정은 위원장의 제안으로 문 대통령이 잠시 군사분계선을 넘어갔다가 두 정상이 함께 선을 넘을 때는 시민들 사이에서 웃음이 터지기도 했다. 상기된 표정으로 두 정상의 모습을 지키보던 장병익(73)씨는 “평화가 오는 기분이다”라며 미소를 지었다.
남북정상 간 만남에 대한 기대감을 반영하듯 내외신의 취재열기도 뜨거웠다. 한국의 취재진뿐만 아니라 미국·일본·독일 등에서 오는 기자들은 분주히 서울광장을 오가며 남북 정상 간 만남을 바라보는 시민들을 인터뷰하고 카메라에 담았다. 프리랜서 언론인으로 이탈리아에서 취재를 왔다는 마르코(34)씨는 “한국에만 국한되지 않는 세계적인 이벤트라 취재를 왔다”며 “한국인들의 표정을 보니 나도 덩달아 들뜨는 기분”이라고 말했다.
이날 서울광장에는 과거 두 번의 남북정상회담의 사진과 문서 등을 소개하는 ‘남북정상회담 기록’ 전시와 한반도 모양의 보드판에 평화를 기원하는 메시지를 적어 붙이는 ‘서울시민 소원 쓰기 행사’도 열렸다. 시민들은 “정상회담이 평화의 역사를 여는 계기가 되길 바란다”는 등의 메시지를 적어 한반도 모양의 보드판에 붙이는 등 정상회담 성공에 마음을 모았다. 행사에 스탭으로 참여한 대학생 조동경(28)씨는 “연평해전, 천안함과 같은 비극적인 사건이 다시 발생하지 않고 평화가 다가오길 바라는 마음으로 지원하게 됐다”며 “무엇보다 문화 교류를 비롯해 자주 왕래할 수 있었으면 좋겠다”고 말했다.
생중계를 바라보는 시민들의 정상회담에 거는 기대감은 컸다. 장병익씨는 “이번 정상회담을 계기로 빠른 시일 안에 핵폐기가 이뤄졌으면 좋겠다. 김정은 위원장도 어려운 발걸음한만큼 큰 결단을 할 것이라고 믿는다”고 말했다. 직장인 양은화(30)씨는 “두 정상이 획기적인 교류의 발판을 마련해, 미국·일본·중국 등 강대국들과도 어깨를 나란히 하는 한반도를 만들어나갈 수 있었으면 좋겠다”는 바람을 전했다.
남북정상회담의 성공을 바라는 시민들의 응원은 새벽부터 이어졌다. 오전 7시께부터 서울 종로의 광화문 광장 부근 세종로에 모인 재향군인회을 포함한 시민단체 회원 5000여명은 손에 태극기와 ‘정상회담 비핵화 꼭 성공하세요’ 등의 플래카드를 들고 나와, 판문점으로 가는 문재인 대통령을 배웅했다. 문재인 대통령은 청와대에서 판문점을 향하다 오전 8시 7분께 창성동 별관 앞에 모인 재향군인회 회원 등 시민들을 보고 차에서 내려 짧게 악수를 하기도 했다.
같은 시각, 대한문 앞에서는 정상회담 반대집회가 열리긴 했지만 참가자가 적어 한산한 분위기였다. 애초 태극기시민혁명국민운동본부가 50여명 참가 규모의 집회를 경찰에 신고했지만, 실제 참가 인원은 10명도 채 되지 않았다.","두손 모은 서울광장 시민들 “평화가 오는 기분” 환호
27일 오전 서울광장서 시민들 백여명 대형화면으로 지켜봐
남북 정상 군사분계선 함께 걸어 내려오자 시민들 “오!” 탄성
남북의 두 정상이 두 손을 붙잡고 군사분계선을 넘자 ‘오’하는 환호성과 함께 박수가 터졌다. 일부 시민들은 감회에 젖은 표정으로 두 손을 모아 기도하며 남북 정상 간 만남을 지켜봤다. 화창한 봄날 서울시청 앞 광장에서 남북정상회담 생중계를 지켜보는 백여명의 시민들의 표정에는 설렘과 기대감이 교차했다.
남북 정상의 역사적인 만남을 앞둔 27일 오전 9시께부터 백여명의 서울시민들은 서울 중구 서울시청 앞 서울광장에 모여 남북정상회담 생중계를 지켜봤다. 서울시는 이날 남북정상회담을 생중계하기 위해 서울광장 동쪽에 가로 5.5m, 세로 2.5m 크기의 대형 스크린을 설치했다. 시청 앞에서 대형 스크린으로 남북정상회담을 볼 수 있다는 이야기를 듣고 경기도 안산에서 새벽 차를 타고 서울광장에 왔다는 김홍기(82)씨는 “감개무량하다. 두 정상이 만나는 모습을 볼 수 있다니 이 나이에 행운이다”라고 말했다.
오전 9시 30분께 문재인 대통령과 김정은 국무위원장이 웃으며 두 손을 맞잡자 광장에 모인 시민들은 환호성과 박수를 쳤다. 스크린에 담긴 남북 정상 간 만남이라는 역사적인 풍경을 담으려 휴대폰을 들고 사진을 찍는 시민들의 모습도 보였다. 김정은 위원장의 제안으로 문 대통령이 잠시 군사분계선을 넘어갔다가 두 정상이 함께 선을 넘을 때는 시민들 사이에서 웃음이 터지기도 했다. 상기된 표정으로 두 정상의 모습을 지키보던 장병익(73)씨는 “평화가 오는 기분이다”라며 미소를 지었다.
남북정상 간 만남에 대한 기대감을 반영하듯 내외신의 취재열기도 뜨거웠다. 한국의 취재진뿐만 아니라 미국·일본·독일 등에서 오는 기자들은 분주히 서울광장을 오가며 남북 정상 간 만남을 바라보는 시민들을 인터뷰하고 카메라에 담았다. 프리랜서 언론인으로 이탈리아에서 취재를 왔다는 마르코(34)씨는 “한국에만 국한되지 않는 세계적인 이벤트라 취재를 왔다”며 “한국인들의 표정을 보니 나도 덩달아 들뜨는 기분”이라고 말했다.
이날 서울광장에는 과거 두 번의 남북정상회담의 사진과 문서 등을 소개하는 ‘남북정상회담 기록’ 전시와 한반도 모양의 보드판에 평화를 기원하는 메시지를 적어 붙이는 ‘서울시민 소원 쓰기 행사’도 열렸다. 시민들은 “정상회담이 평화의 역사를 여는 계기가 되길 바란다”는 등의 메시지를 적어 한반도 모양의 보드판에 붙이는 등 정상회담 성공에 마음을 모았다. 행사에 스탭으로 참여한 대학생 조동경(28)씨는 “연평해전, 천안함과 같은 비극적인 사건이 다시 발생하지 않고 평화가 다가오길 바라는 마음으로 지원하게 됐다”며 “무엇보다 문화 교류를 비롯해 자주 왕래할 수 있었으면 좋겠다”고 말했다.
생중계를 바라보는 시민들의 정상회담에 거는 기대감은 컸다. 장병익씨는 “이번 정상회담을 계기로 빠른 시일 안에 핵폐기가 이뤄졌으면 좋겠다. 김정은 위원장도 어려운 발걸음한만큼 큰 결단을 할 것이라고 믿는다”고 말했다. 직장인 양은화(30)씨는 “두 정상이 획기적인 교류의 발판을 마련해, 미국·일본·중국 등 강대국들과도 어깨를 나란히 하는 한반도를 만들어나갈 수 있었으면 좋겠다”는 바람을 전했다.
남북정상회담의 성공을 바라는 시민들의 응원은 새벽부터 이어졌다. 오전 7시께부터 서울 종로의 광화문 광장 부근 세종로에 모인 재향군인회을 포함한 시민단체 회원 5000여명은 손에 태극기와 ‘정상회담 비핵화 꼭 성공하세요’ 등의 플래카드를 들고 나와, 판문점으로 가는 문재인 대통령을 배웅했다. 문재인 대통령은 청와대에서 판문점을 향하다 오전 8시 7분께 창성동 별관 앞에 모인 재향군인회 회원 등 시민들을 보고 차에서 내려 짧게 악수를 하기도 했다.
같은 시각, 대한문 앞에서는 정상회담 반대집회가 열리긴 했지만 참가자가 적어 한산한 분위기였다. 애초 태극기시민혁명국민운동본부가 50여명 참가 규모의 집회를 경찰에 신고했지만, 실제 참가 인원은 10명도 채 되지 않았다.",8,1880
iks_20180427_hankyoreh_news_057,Hankyoreh news 2018 April 27 corpus.txt,Hankyoreh,한겨레,news,2018-04-27,2018_april_summit,부산 초등생들 “정상회담 통해 완전한 평화 왔으면…”,"27일 부산 해강초, 남북정상회담 텔레비전 생중계 시청","27일 오전 9시10분께 부산 해운대구 우동에 있는 해강초등학교 6학년1반 학생들은 교실에서 남북정상회담을 텔레비전으로 지켜보고 있었다. 학교 방송부는 여러 반 교실을 돌아다니며 텔레비전 시청 분위기를 촬영했다. 앞서 부산시교육청은 지난 25일 부산 전체 초·중·고교 645곳에 남북정상회담 생중계 시청을 권장하며 “평화통일 교육에 참여해 달라”고 했다. 해강초는 36개 반 850여명의 학생이 각 교실에서 정상회담 생중계를 지켜봤다.
최성웅(37) 담임교사는 학생들에게 남북정상회담이 열리게 된 배경과 계기, 세계적인 관심 등에 관해 설명하고 있었다. 학생들은 생중계를 보며 전쟁공포, 이산가족, 군사비 지출 등 남북 분단으로 발생한 여러 문제점과 이번 정상회담 이후 미래의 모습, 한반도기의 의미 등에 대해 의견을 주고받기도 했다. 궁금한 점이 있으면 담임교사에게 곧바로 물어보기도 했다. 최 교사는 “남북정상회담은 초등학생에겐 무거운 주제다. 이틀 전부터 남북관계 등 역사 수업을 많이 했다. 초등학교 6학년이 이렇게 오래 집중하는 모습은 쉽게 볼 수 없다. 학생들이 무겁고 진지하게 받아들이는 듯하다”고 말했다.
오전 9시30분께 김정은 북한 국무위원장이 판문점 북쪽 지역인 판문각 앞에 모습을 드러내자 학생들은 모두 텔레비전 화면에 집중했다. 남쪽 자유의집에서 김 위원장을 기다리던 문재인 대통령이 판문점 군사정전위원회 회의실 건물 사이로 군사분계선 앞쪽으로 걸어가 김 위원장과 악수하자 학생들은 모두 박수를 치며 환호했다. 류은하(13)양은 “김 위원장이 군사분계선을 넘어와 문 대통령과 악수하는 역사적 장면을 볼 수 있어 신기하고 감격스러웠다. 그동안 북한의 위협에 두려운 마음이 있었지만, 이제는 아니다. 이번 정상회담으로 우리나라에 완전한 평화가 왔으면 좋겠다”고 말했다.
두 정상이 평화의 집으로 자리를 옮기자 학생들은 담임교사와 이번 남북정상회담의 의미를 되짚는 토론 준비에 들어갔다. 정재규(59) 해강초 교장은 “남북정상회담을 직접 눈으로 보면서 수업을 하는 것이 다른 교육보다 더 중요하다고 생각한다. 평화의 중요성과 한반도에서의 평화 정착 등을 직접 느껴보는 계기가 됐으면 좋겠다”고 말했다. 부산/글·사진 김영동 기자 ydkim@hani.co.kr","부산 초등생들 “정상회담 통해 완전한 평화 왔으면…”
27일 부산 해강초, 남북정상회담 텔레비전 생중계 시청
27일 오전 9시10분께 부산 해운대구 우동에 있는 해강초등학교 6학년1반 학생들은 교실에서 남북정상회담을 텔레비전으로 지켜보고 있었다. 학교 방송부는 여러 반 교실을 돌아다니며 텔레비전 시청 분위기를 촬영했다. 앞서 부산시교육청은 지난 25일 부산 전체 초·중·고교 645곳에 남북정상회담 생중계 시청을 권장하며 “평화통일 교육에 참여해 달라”고 했다. 해강초는 36개 반 850여명의 학생이 각 교실에서 정상회담 생중계를 지켜봤다.
최성웅(37) 담임교사는 학생들에게 남북정상회담이 열리게 된 배경과 계기, 세계적인 관심 등에 관해 설명하고 있었다. 학생들은 생중계를 보며 전쟁공포, 이산가족, 군사비 지출 등 남북 분단으로 발생한 여러 문제점과 이번 정상회담 이후 미래의 모습, 한반도기의 의미 등에 대해 의견을 주고받기도 했다. 궁금한 점이 있으면 담임교사에게 곧바로 물어보기도 했다. 최 교사는 “남북정상회담은 초등학생에겐 무거운 주제다. 이틀 전부터 남북관계 등 역사 수업을 많이 했다. 초등학교 6학년이 이렇게 오래 집중하는 모습은 쉽게 볼 수 없다. 학생들이 무겁고 진지하게 받아들이는 듯하다”고 말했다.
오전 9시30분께 김정은 북한 국무위원장이 판문점 북쪽 지역인 판문각 앞에 모습을 드러내자 학생들은 모두 텔레비전 화면에 집중했다. 남쪽 자유의집에서 김 위원장을 기다리던 문재인 대통령이 판문점 군사정전위원회 회의실 건물 사이로 군사분계선 앞쪽으로 걸어가 김 위원장과 악수하자 학생들은 모두 박수를 치며 환호했다. 류은하(13)양은 “김 위원장이 군사분계선을 넘어와 문 대통령과 악수하는 역사적 장면을 볼 수 있어 신기하고 감격스러웠다. 그동안 북한의 위협에 두려운 마음이 있었지만, 이제는 아니다. 이번 정상회담으로 우리나라에 완전한 평화가 왔으면 좋겠다”고 말했다.
두 정상이 평화의 집으로 자리를 옮기자 학생들은 담임교사와 이번 남북정상회담의 의미를 되짚는 토론 준비에 들어갔다. 정재규(59) 해강초 교장은 “남북정상회담을 직접 눈으로 보면서 수업을 하는 것이 다른 교육보다 더 중요하다고 생각한다. 평화의 중요성과 한반도에서의 평화 정착 등을 직접 느껴보는 계기가 됐으면 좋겠다”고 말했다. 부산/글·사진 김영동 기자 ydkim@hani.co.kr",4,1106
iks_20180427_hankyoreh_news_058,Hankyoreh news 2018 April 27 corpus.txt,Hankyoreh,한겨레,news,2018-04-27,2018_april_summit,대전역 시민들 “평양가서 맥주 한잔하고 싶어”,"시민들 “꿈같다, 잘됐으면…” 한마음
“갈 수 있다면 외조부모 고향 황해도 가고파”
“잘되면 좋지만 돈줬다는 얘기도…퍼주기 안돼”","“평양가서 맥주 한잔하고 싶어요.”
남북정상회담이 열린 27일 오전 9시29분 대전역, 이른 아침부터 중계방송을 지켜보던 시민들은 문재인 대통령과 김정은 국무위원장이 손을 잡자 박수를 치며 두 정상의 만남을 축하했다. 시민들은 “오늘 남북이 만나고, 조만간 북한과 미국이 정상회담을 하는 걸 보면 이번에는 뭐가 돼도 될 것 같다”고 기대감을 내보였다.
박범산(56·공무원)씨는 “꿈 같다. 남북이 마음을 열고 교류하길 바란다. 조만간 평양에서 냉면에 대동강 맥주를 마시고 싶다”며 환하게 웃었다. 박혜경(30·대학원생)씨는 “얼마전 까지만 해도 북한이 미사일 실험을 강행하고 미국도 무력을 사용할 수 있다고 하는 등 한반도가 긴장상태였는데 갑자기 남북, 북미 관계가 개선되니 신기하다”라며 “독일은 통일을 이뤘지만 내부적인 동·서 갈등이 해소되지 않고 있다. 우리는 서두르지 말고 민간 차원의 교류를 강화해 서로를 존중하고 이해하는 일이 우선돼야 한다”고 말했다. 김주연(40)씨는 “개개인은 이해관계가 다르지만 가족의 울타리에서는 감싸주고 이해한다. 남북이 한민족이라는 울타리에서 앞으로의 관계를 만들어 나가기를 바란다”고 밝혔다.
“두 정상이 만나는 걸 보니 기분이 너무 좋아요. 역사에 길이 남을 일이예요.” 중계방송을 내내 박수치며 지켜보던 신아무개(77·대전 동구 자양동)씨는 “어릴때 고향인 경남 사천에서 한국전쟁을 치렀다. 지금도 끔찍하다. 어서 남북이 하나돼 서로 오가고 경제발전도 이뤘으면 좋겠다”고 소망했다.
신미연(24·대학원생)씨는 “문재인 대통령 부모님 처럼 제 외조부, 외조모도 실향민이다. 북한에 갈수 있다면 어머니께 전해 들었던 외조부 고향인 황해도에 가보고 싶다”고 했다.
남북정상회담을 비판적으로 보는 이들도 있었다. 이들은 북한에 퍼주기를 하고 대가로 얻은 회담이라는 말이 나돈다고 우려했다. 유아무개(76·충남 아산)씨는 “잘되면 더 할 나위없지만 세상에 공짜는 없다. 우리가 그동안 고생해 이룬 걸 북한에 퍼주는 건 안될 말”이라며 “남북관계가 개선되려면 북한이 한국전쟁에 대해 민족 앞에 사과부터 해야 한다”고 주장했다.
이에 앞서 대전도시철도 1호선에서 만난 출근길 대전시민들도 휴대전화로 중계방송을 보며 높은 관심을 보였다. 정종인(46)씨는 “오늘은 아무래도 일이 손에 안잡힐 것 같다. 저녁때 친구들과 만나 정상회담을 축하하면서 술 한잔 할 생각”이라고 귀띔했다. 변정임(47·대전상인연합회)씨는 “아들이 강원도 홍천에서 복무한다. 남북 관계가 좋아져 징병제가 모병제로 바뀌었으면 좋겠다. 개성공단 가동과 금강산 관광도 재개되길 바란다”고 말했다.","대전역 시민들 “평양가서 맥주 한잔하고 싶어”
시민들 “꿈같다, 잘됐으면…” 한마음
“갈 수 있다면 외조부모 고향 황해도 가고파”
“잘되면 좋지만 돈줬다는 얘기도…퍼주기 안돼”
“평양가서 맥주 한잔하고 싶어요.”
남북정상회담이 열린 27일 오전 9시29분 대전역, 이른 아침부터 중계방송을 지켜보던 시민들은 문재인 대통령과 김정은 국무위원장이 손을 잡자 박수를 치며 두 정상의 만남을 축하했다. 시민들은 “오늘 남북이 만나고, 조만간 북한과 미국이 정상회담을 하는 걸 보면 이번에는 뭐가 돼도 될 것 같다”고 기대감을 내보였다.
박범산(56·공무원)씨는 “꿈 같다. 남북이 마음을 열고 교류하길 바란다. 조만간 평양에서 냉면에 대동강 맥주를 마시고 싶다”며 환하게 웃었다. 박혜경(30·대학원생)씨는 “얼마전 까지만 해도 북한이 미사일 실험을 강행하고 미국도 무력을 사용할 수 있다고 하는 등 한반도가 긴장상태였는데 갑자기 남북, 북미 관계가 개선되니 신기하다”라며 “독일은 통일을 이뤘지만 내부적인 동·서 갈등이 해소되지 않고 있다. 우리는 서두르지 말고 민간 차원의 교류를 강화해 서로를 존중하고 이해하는 일이 우선돼야 한다”고 말했다. 김주연(40)씨는 “개개인은 이해관계가 다르지만 가족의 울타리에서는 감싸주고 이해한다. 남북이 한민족이라는 울타리에서 앞으로의 관계를 만들어 나가기를 바란다”고 밝혔다.
“두 정상이 만나는 걸 보니 기분이 너무 좋아요. 역사에 길이 남을 일이예요.” 중계방송을 내내 박수치며 지켜보던 신아무개(77·대전 동구 자양동)씨는 “어릴때 고향인 경남 사천에서 한국전쟁을 치렀다. 지금도 끔찍하다. 어서 남북이 하나돼 서로 오가고 경제발전도 이뤘으면 좋겠다”고 소망했다.
신미연(24·대학원생)씨는 “문재인 대통령 부모님 처럼 제 외조부, 외조모도 실향민이다. 북한에 갈수 있다면 어머니께 전해 들었던 외조부 고향인 황해도에 가보고 싶다”고 했다.
남북정상회담을 비판적으로 보는 이들도 있었다. 이들은 북한에 퍼주기를 하고 대가로 얻은 회담이라는 말이 나돈다고 우려했다. 유아무개(76·충남 아산)씨는 “잘되면 더 할 나위없지만 세상에 공짜는 없다. 우리가 그동안 고생해 이룬 걸 북한에 퍼주는 건 안될 말”이라며 “남북관계가 개선되려면 북한이 한국전쟁에 대해 민족 앞에 사과부터 해야 한다”고 주장했다.
이에 앞서 대전도시철도 1호선에서 만난 출근길 대전시민들도 휴대전화로 중계방송을 보며 높은 관심을 보였다. 정종인(46)씨는 “오늘은 아무래도 일이 손에 안잡힐 것 같다. 저녁때 친구들과 만나 정상회담을 축하하면서 술 한잔 할 생각”이라고 귀띔했다. 변정임(47·대전상인연합회)씨는 “아들이 강원도 홍천에서 복무한다. 남북 관계가 좋아져 징병제가 모병제로 바뀌었으면 좋겠다. 개성공단 가동과 금강산 관광도 재개되길 바란다”고 말했다.",7,1284
iks_20180427_hankyoreh_news_059,Hankyoreh news 2018 April 27 corpus.txt,Hankyoreh,한겨레,news,2018-04-27,2018_april_summit,김 위원장에 꽃 안긴 ‘화동’은 민통선 안 대성동초 학생,"대성동초 5학년 어린이 2명 김 위원장에 꽃 전달
민통선 안 유일한 초등학교 학생들로 ‘평화’ 상징","27일 남북 정상회담을 위해 군사분계선을 넘어온 김정은 북한 국무위원장에게 꽃을 전달한 화동은 판문점 인근에 있는 대성동초등학교에 다니는 5학년 어린이들이었다.
이날 오전 9시30분께 두 정상은 판문점 군사분계선에서 악수를 나눈 뒤 남쪽으로 이동했고, 두 명의 화동은 김 위원장에게 꽃다발을 전달했다. 김 위원장은 이 꽃을 동생인 김여정 북한 노동당 중앙위원회 제1부부장에게 건넸다. 이어 두 정상은 화동들과 함께 기념 촬영을 했다. 아이들 가슴에는 한반도가 그려진 배지가 달려 있었다. 김의겸 청와대 대변인은 “화동은 민통선 안에 있는 대성동 마을의 대성동초등학교 5학년 남녀 어린이 두 명으로, 이들 어린이의 환영은 새로운 시대를 열어나가자는 의미를 담고 있다”고 말했다.
분단된 한반도에서 대성동초등학교가 갖는 의미는 특별하다. 이 초등학교는 경기도 파주의 민간인출입통제선(민통선) 안의 최북단 마을인 대성동에 있는 유일한 학교이기 때문이다. 비무장지대의 남북에 각각 1곳씩 마을을 둔다는 정전협정에 따라 남쪽에는 대성동 마을이 조성됐고 학교가 세워졌다.
대성동 마을에는 병원이나 식당은 없지만 초등학교는 있다. 교원 10명이 근무하며, 학생은 30명 정도다. 민통선 안이지만 유엔사와 협의해 학생들의 통학을 허락받았다. 이 학교는 개성공업지구까지 단 10리(4㎞) 떨어져있다. 걸어갈 수 있는 정도의 거리다. 대성동마을의 주민은 47가구 194명으로 대부분 1953년 정전협정 당시 이 지역에 거주했던 원주민의 자녀 또는 그 자녀들의 가족들이다. 주민 대다수는 정부에서 경작권을 받아 쌀농사를 짓고 있다. 대성동 마을의 토지 소유권은 정부에 있다. 수확된 쌀은 파주시가 전량 사들여 ‘디엠지(DMZ)쌀’ 등 이름으로 판매한다. 북쪽 비무장지대에도 기정동 마을이 있지만, 실제 주민은 살지 않는 것으로 알려져 있다.","김 위원장에 꽃 안긴 ‘화동’은 민통선 안 대성동초 학생
대성동초 5학년 어린이 2명 김 위원장에 꽃 전달
민통선 안 유일한 초등학교 학생들로 ‘평화’ 상징
27일 남북 정상회담을 위해 군사분계선을 넘어온 김정은 북한 국무위원장에게 꽃을 전달한 화동은 판문점 인근에 있는 대성동초등학교에 다니는 5학년 어린이들이었다.
이날 오전 9시30분께 두 정상은 판문점 군사분계선에서 악수를 나눈 뒤 남쪽으로 이동했고, 두 명의 화동은 김 위원장에게 꽃다발을 전달했다. 김 위원장은 이 꽃을 동생인 김여정 북한 노동당 중앙위원회 제1부부장에게 건넸다. 이어 두 정상은 화동들과 함께 기념 촬영을 했다. 아이들 가슴에는 한반도가 그려진 배지가 달려 있었다. 김의겸 청와대 대변인은 “화동은 민통선 안에 있는 대성동 마을의 대성동초등학교 5학년 남녀 어린이 두 명으로, 이들 어린이의 환영은 새로운 시대를 열어나가자는 의미를 담고 있다”고 말했다.
분단된 한반도에서 대성동초등학교가 갖는 의미는 특별하다. 이 초등학교는 경기도 파주의 민간인출입통제선(민통선) 안의 최북단 마을인 대성동에 있는 유일한 학교이기 때문이다. 비무장지대의 남북에 각각 1곳씩 마을을 둔다는 정전협정에 따라 남쪽에는 대성동 마을이 조성됐고 학교가 세워졌다.
대성동 마을에는 병원이나 식당은 없지만 초등학교는 있다. 교원 10명이 근무하며, 학생은 30명 정도다. 민통선 안이지만 유엔사와 협의해 학생들의 통학을 허락받았다. 이 학교는 개성공업지구까지 단 10리(4㎞) 떨어져있다. 걸어갈 수 있는 정도의 거리다. 대성동마을의 주민은 47가구 194명으로 대부분 1953년 정전협정 당시 이 지역에 거주했던 원주민의 자녀 또는 그 자녀들의 가족들이다. 주민 대다수는 정부에서 경작권을 받아 쌀농사를 짓고 있다. 대성동 마을의 토지 소유권은 정부에 있다. 수확된 쌀은 파주시가 전량 사들여 ‘디엠지(DMZ)쌀’ 등 이름으로 판매한다. 북쪽 비무장지대에도 기정동 마을이 있지만, 실제 주민은 살지 않는 것으로 알려져 있다.",4,907
iks_20180427_hankyoreh_news_060,Hankyoreh news 2018 April 27 corpus.txt,Hankyoreh,한겨레,news,2018-04-27,2018_april_summit,남북정상회담 지켜보는 여야지도부 표정,"더불어민주당·민주평화당·정의당 환호
자유한국당·바른미래당은 차분하게 지켜봐","여야 지도부가 27일 오전 국회 각각 당 회의실에 모여 역사적인 남북정상회담 방송 중계를 시청하고 있다. 이날 더불어민주당, 자유한국당, 바른미래당, 민주평화당, 정의당 지도부 모두 남과 북의 정상이 만나는 장면을 생중계로 지켜봤다. 더불어민주당은 문재인 대통령과 김정은 북한 국무위원장이 군사분계선을 사이에 두고 악수를 하자 박수를 치며 감격스러워했다. 추 대표는 “오늘을 시작으로 평화의 새 장을 열고 화약고인 한반도가 아니라 평화로 안락한 민족의 보금자리 한반도가 되길 진심으로 소망하고 간절히 기도한다”고 말했다. 반면 자유한국당 김성태 원내대표는 이를 다소 차분한 표정으로 지켜봤다. 김 원내대표는 “이번 남북정상회담은 남북관계에 새로운 변곡점이 될 수 있다는 점에서 대단히 의미가 깊은 회담이 아닐 수 없다.”고 말했다. 이정미 정의당 대표도 한반도기를 흔들며 남북정상회담을 지켜봤다. 이 대표는 “오늘 두 정상의 만남은 65년 한반도 정전체제의 마침표를 찍는 거대한 전환의 시작입니다.”고 말했다. 강창광 기자 chang@hani.co.kr","남북정상회담 지켜보는 여야지도부 표정
더불어민주당·민주평화당·정의당 환호
자유한국당·바른미래당은 차분하게 지켜봐
여야 지도부가 27일 오전 국회 각각 당 회의실에 모여 역사적인 남북정상회담 방송 중계를 시청하고 있다. 이날 더불어민주당, 자유한국당, 바른미래당, 민주평화당, 정의당 지도부 모두 남과 북의 정상이 만나는 장면을 생중계로 지켜봤다. 더불어민주당은 문재인 대통령과 김정은 북한 국무위원장이 군사분계선을 사이에 두고 악수를 하자 박수를 치며 감격스러워했다. 추 대표는 “오늘을 시작으로 평화의 새 장을 열고 화약고인 한반도가 아니라 평화로 안락한 민족의 보금자리 한반도가 되길 진심으로 소망하고 간절히 기도한다”고 말했다. 반면 자유한국당 김성태 원내대표는 이를 다소 차분한 표정으로 지켜봤다. 김 원내대표는 “이번 남북정상회담은 남북관계에 새로운 변곡점이 될 수 있다는 점에서 대단히 의미가 깊은 회담이 아닐 수 없다.”고 말했다. 이정미 정의당 대표도 한반도기를 흔들며 남북정상회담을 지켜봤다. 이 대표는 “오늘 두 정상의 만남은 65년 한반도 정전체제의 마침표를 찍는 거대한 전환의 시작입니다.”고 말했다. 강창광 기자 chang@hani.co.kr",1,533
iks_20180427_hankyoreh_news_061,Hankyoreh news 2018 April 27 corpus.txt,Hankyoreh,한겨레,news,2018-04-27,2018_april_summit,고노 일본 외상 “한국 정부의 노력에 경의”,독도 디저트 “불필요하다” 또다시 불만 나타내,"일본 정부는 27일 남북 정상회담 시작 직후 “남북 정상회담에 대한 한국 정부의 노력에 경의를 표하고 싶다”는 반응을 내놨다. 그러면서도 ‘독도 디저트’에 대해서는 또다시 불만을 나타냈다.
고노 다로 일본 외상은 남북 정상회담 시작 직후 “남북 정상회담이 실현된 것은 한국 정부의 공헌과 노력이 매우 컸기 때문에, 경의를 표하고 싶다”고 말했다. 남북 정상회담 내용에 대해서는 예단을 가지고 이야기할 것은 아니라며, 회담 뒤 한국에서 곧 정보를 제공할 것이라고 말했다.
고노 외상은 독도가 그려진 한반도기로 장식된 디저트가 남북 정상회담 만찬 메뉴로 오르는 데 대해 “매우 불필요하다. 외무성이 이미 한국 쪽에 말했지만 오늘은 비핵화를 포함해 여러 가지 것이 정상회담에서 논의되기 때문에 상황을 착실히 지켜보고 싶다”고 말했다.
스가 요시히데 관방장관은 “납치, 핵, 미사일이라는 모든 안건에 대한 포괄적 해결을 향한 전향적인 논의를 기대하지만, 현재 진행되고 있는 회담의 내용, 결과에 대해서 현 시점에서 예단을 갖고 평가하는 것은 피하고 싶다”고 말했다.
오노데라 이쓰노리 방위상도 “남북 정상회담 그리고 이후 북-미 정상회담을 통해 북한의 납치, 핵, 미사일이라는 모든 안건에 대해서 (북한의) 구체적 행동을 끌어내는 것이 중요하다, 이번 회담의 동향을 착실히 주시해, 북한의 구체적 행동으로 연결될지 지켜보고 싶다”고 말했다.","고노 일본 외상 “한국 정부의 노력에 경의”
독도 디저트 “불필요하다” 또다시 불만 나타내
일본 정부는 27일 남북 정상회담 시작 직후 “남북 정상회담에 대한 한국 정부의 노력에 경의를 표하고 싶다”는 반응을 내놨다. 그러면서도 ‘독도 디저트’에 대해서는 또다시 불만을 나타냈다.
고노 다로 일본 외상은 남북 정상회담 시작 직후 “남북 정상회담이 실현된 것은 한국 정부의 공헌과 노력이 매우 컸기 때문에, 경의를 표하고 싶다”고 말했다. 남북 정상회담 내용에 대해서는 예단을 가지고 이야기할 것은 아니라며, 회담 뒤 한국에서 곧 정보를 제공할 것이라고 말했다.
고노 외상은 독도가 그려진 한반도기로 장식된 디저트가 남북 정상회담 만찬 메뉴로 오르는 데 대해 “매우 불필요하다. 외무성이 이미 한국 쪽에 말했지만 오늘은 비핵화를 포함해 여러 가지 것이 정상회담에서 논의되기 때문에 상황을 착실히 지켜보고 싶다”고 말했다.
스가 요시히데 관방장관은 “납치, 핵, 미사일이라는 모든 안건에 대한 포괄적 해결을 향한 전향적인 논의를 기대하지만, 현재 진행되고 있는 회담의 내용, 결과에 대해서 현 시점에서 예단을 갖고 평가하는 것은 피하고 싶다”고 말했다.
오노데라 이쓰노리 방위상도 “남북 정상회담 그리고 이후 북-미 정상회담을 통해 북한의 납치, 핵, 미사일이라는 모든 안건에 대해서 (북한의) 구체적 행동을 끌어내는 것이 중요하다, 이번 회담의 동향을 착실히 주시해, 북한의 구체적 행동으로 연결될지 지켜보고 싶다”고 말했다.",5,690
iks_20180427_hankyoreh_news_062,Hankyoreh news 2018 April 27 corpus.txt,Hankyoreh,한겨레,news,2018-04-27,2018_april_summit,중국매체 “한반도 어두운 구름에서 온화한 봄으로”,"남북정상회담 생중계 등 높은 관심
정동영 전 장관 등 전문가 인터뷰","역사적인 남북 정상회담이 열린 27일 중국 매체들도 높은 관심을 보이고 있다.
27일 오전 김정은 북한 국무위원장이 판문점 군사분계선을 건너는 모습은 관영 <중앙텔레비전>(CCTV)을 통해 생중계됐다. 이 방송은 오전부터 서울과 평양을 각각 연결해 회담 관련 분위기와 주민들의 반응을 소개했다. 정동영 전 통일부 장관과 윤영관 전 외교통상부 장관 등 전문가 인터뷰도 내보냈다. 관영 <신화통신>과 각종 인터넷 매체들은 남북 정상이 각각 서울과 평양을 출발할 때부터 주요 소식을 속보 및 사진기사로 전달했다.
인터넷매체 <펑파이>는 이날 “지난해 4월 조선(한)반도는 ‘4월 위기’의 어두운 구름이 자욱했다. 올해 1월 김정은 위원장이 신년사에서 평창 겨울올림픽 참가 의사를 밝히면서 남북 쌍장은 올림픽을 시작으로 일련의 빈번한 상호 움직임을 거쳐 조선반도는 온화한 봄을 맞이했다”고 평가했다.
<해외망>은 김 위원장이 북쪽 지도자로서는 처음으로 남쪽 군 의장대를 사열했다는데 주목하면서, 2000년, 2007년 정상회담 때는 김대중·노무현 당시 대통령이 각각 북쪽 군 의장대를 사열한 적이 있다고 전했다.","중국매체 “한반도 어두운 구름에서 온화한 봄으로”
남북정상회담 생중계 등 높은 관심
정동영 전 장관 등 전문가 인터뷰
역사적인 남북 정상회담이 열린 27일 중국 매체들도 높은 관심을 보이고 있다.
27일 오전 김정은 북한 국무위원장이 판문점 군사분계선을 건너는 모습은 관영 <중앙텔레비전>(CCTV)을 통해 생중계됐다. 이 방송은 오전부터 서울과 평양을 각각 연결해 회담 관련 분위기와 주민들의 반응을 소개했다. 정동영 전 통일부 장관과 윤영관 전 외교통상부 장관 등 전문가 인터뷰도 내보냈다. 관영 <신화통신>과 각종 인터넷 매체들은 남북 정상이 각각 서울과 평양을 출발할 때부터 주요 소식을 속보 및 사진기사로 전달했다.
인터넷매체 <펑파이>는 이날 “지난해 4월 조선(한)반도는 ‘4월 위기’의 어두운 구름이 자욱했다. 올해 1월 김정은 위원장이 신년사에서 평창 겨울올림픽 참가 의사를 밝히면서 남북 쌍장은 올림픽을 시작으로 일련의 빈번한 상호 움직임을 거쳐 조선반도는 온화한 봄을 맞이했다”고 평가했다.
<해외망>은 김 위원장이 북쪽 지도자로서는 처음으로 남쪽 군 의장대를 사열했다는데 주목하면서, 2000년, 2007년 정상회담 때는 김대중·노무현 당시 대통령이 각각 북쪽 군 의장대를 사열한 적이 있다고 전했다.",4,562
iks_20180427_hankyoreh_news_063,Hankyoreh news 2018 April 27 corpus.txt,Hankyoreh,한겨레,news,2018-04-27,2018_april_summit,코스피 장중 2500선 회복…남북정상회담 ‘축포’,"27일 개장 뒤 4분만에 2500선
장중 최고 2508.13까지 올라","코스피가 남북 정상회담 ‘축포’를 쏘아올렸다.
27일 코스피는 개장 뒤 4분만에 2500선을 돌파한 뒤 장중 최고 2508.13까지 올랐다. 이날 열리고 있는 남북 정상회담으로 인한 지정학적 리스크 해소 기대감과 미국 증시 훈풍 영향이다. 코스피는 지난 2월2일(2525.39)을 끝으로 종가 기준 2500을 회복하지 못해왔다.
코스피는 오전 10시30분 현재 외국인의 순매수(1200억원)에 힘입어 2497을 기록 중이다. 삼성전자, SK하이닉스 등 시가총액 상위종목 대부분이 오름세를 보이고 있다. 남북경협 관련주도 강세다. 개성공단 입주기업인 신원과 좋은사람들이 3% 안팎 오르고 있다.
원화도 강세를 띠고 있다. 원-달러 환율은 오전 10시40분 현재 3.4원 내린 1077.4를 기록 중이다. 원-달러 환율이 하락한 것은 지난 19일 이후 6거래일만에 처음이다.","코스피 장중 2500선 회복…남북정상회담 ‘축포’
27일 개장 뒤 4분만에 2500선
장중 최고 2508.13까지 올라
코스피가 남북 정상회담 ‘축포’를 쏘아올렸다.
27일 코스피는 개장 뒤 4분만에 2500선을 돌파한 뒤 장중 최고 2508.13까지 올랐다. 이날 열리고 있는 남북 정상회담으로 인한 지정학적 리스크 해소 기대감과 미국 증시 훈풍 영향이다. 코스피는 지난 2월2일(2525.39)을 끝으로 종가 기준 2500을 회복하지 못해왔다.
코스피는 오전 10시30분 현재 외국인의 순매수(1200억원)에 힘입어 2497을 기록 중이다. 삼성전자, SK하이닉스 등 시가총액 상위종목 대부분이 오름세를 보이고 있다. 남북경협 관련주도 강세다. 개성공단 입주기업인 신원과 좋은사람들이 3% 안팎 오르고 있다.
원화도 강세를 띠고 있다. 원-달러 환율은 오전 10시40분 현재 3.4원 내린 1077.4를 기록 중이다. 원-달러 환율이 하락한 것은 지난 19일 이후 6거래일만에 처음이다.",4,431
iks_20180427_hankyoreh_news_064,Hankyoreh news 2018 April 27 corpus.txt,Hankyoreh,한겨레,news,2018-04-27,2018_april_summit,남북정상회담 문재인 대통령 모두발언,,"문재인 대통령은 27일 오전 판문점 남측 평화의집에서 열린 김정은 북한 국무위원장과의 남북정상회담에서 ""통 크게 대화를 나누고 합의에 이르러서 온 민족과 평화를 바라는 우리 세계의 사람들에게 큰 선물을 만들어줄 수 있었으면 좋겠다""고 말했다. 다음은 문 대통령 모두발언 전문.
오늘은 우리 만남을 축하하듯이 날씨도 아주 화창하다. 한반도의 봄이 한창이다. 이 한반도의 봄, 온 세계가 주목하고 있다. 전 세계의 눈과 귀가 여기 판문점에 쏠려 있다.
우리 남북의 국민, 또 해외 동포들이 거는 기대도 아주 크다. 그만큼 우리 두 사람, 어깨가 무겁다고 생각한다. 우리 김 위원장이 사상 최초로 군사분계선을 넘어오는 순간 이 판문점은 분단의 상징이 아니라 평화의 상징이다. 국민과 또 전 세계의 기대가 큰데, 오늘의 이 상황을 만들어낸 우리 김 위원장의 용단에 대해 다시 한 번 경의를 표하고 싶다. 아울러 우리의 대화도 그렇게 통 크게 대화를 나누고 합의에 이르러서 우리 온 민족과 평화를 바라는 세계 모든 사람에게 큰 선물을 만들어줬으면 좋겠다.
자, 오늘 오늘 종일 이야기할 수 있는 시간이 있는 만큼, 그동안 10년간 못다 한 이야기를 충분히 나눌 수 있기를 바란다.","남북정상회담 문재인 대통령 모두발언
문재인 대통령은 27일 오전 판문점 남측 평화의집에서 열린 김정은 북한 국무위원장과의 남북정상회담에서 ""통 크게 대화를 나누고 합의에 이르러서 온 민족과 평화를 바라는 우리 세계의 사람들에게 큰 선물을 만들어줄 수 있었으면 좋겠다""고 말했다. 다음은 문 대통령 모두발언 전문.
오늘은 우리 만남을 축하하듯이 날씨도 아주 화창하다. 한반도의 봄이 한창이다. 이 한반도의 봄, 온 세계가 주목하고 있다. 전 세계의 눈과 귀가 여기 판문점에 쏠려 있다.
우리 남북의 국민, 또 해외 동포들이 거는 기대도 아주 크다. 그만큼 우리 두 사람, 어깨가 무겁다고 생각한다. 우리 김 위원장이 사상 최초로 군사분계선을 넘어오는 순간 이 판문점은 분단의 상징이 아니라 평화의 상징이다. 국민과 또 전 세계의 기대가 큰데, 오늘의 이 상황을 만들어낸 우리 김 위원장의 용단에 대해 다시 한 번 경의를 표하고 싶다. 아울러 우리의 대화도 그렇게 통 크게 대화를 나누고 합의에 이르러서 우리 온 민족과 평화를 바라는 세계 모든 사람에게 큰 선물을 만들어줬으면 좋겠다.
자, 오늘 오늘 종일 이야기할 수 있는 시간이 있는 만큼, 그동안 10년간 못다 한 이야기를 충분히 나눌 수 있기를 바란다.",4,599
iks_20180427_hankyoreh_news_065,Hankyoreh news 2018 April 27 corpus.txt,Hankyoreh,한겨레,news,2018-04-27,2018_april_summit,“놀랍도록 친밀한 두 형제국”에 쏠린 세계의 눈,"외신들 ‘한반도 새 역사’ 주목
위성사진·동시통역 등 동원
문 대통령 청와대 나선 순간부터
회담 종료까지 실시간 생중계
하나같이 “역사적” 표현 쓰며
“전쟁 직전에서 평화까지 왔다”","27일 오전, 평화를 염원하는 전세계의 바람이 판문점으로 모였다. 문재인 대통령이 청와대를 나설 때부터 군사분계선을 넘어온 김정은 북한 국무위원장과 손을 맞잡을 때, 두 정상이 ‘판문점 선언’에 서명하고 입장문을 발표할 때까지 미국 <시엔엔> <블룸버그>, 영국 <비비시>(BBC), 중국 <중앙텔레비전>(CCTV), 일본 <엔에이치케이>(NHK) 등 각국 대표 뉴스 채널들이 생중계했다. 방송들은 평화의집에서 진행한 정상 간 사전 환담 때는 동시통역까지 동원했다. 한반도 전문가와 한국 특파원 등을 연결해 회담 상황 및 의미, 전망까지 보도했다.
주요 뉴스 채널들은 이날 내내 채널을 돌릴 필요가 없을 정도로 오로지 판문점만 비췄다. <시엔엔>은 미국 동부 시각으로 26일 저녁에 시작해 이튿날 아침까지 이어진 회담 소식만으로 화면을 채웠다. 주요 언론사 누리집 머리기사 제목들은 ‘역사적’이라는 표현을 빠트리지 않았다. ‘빅 이벤트’임은 분명하지만, 유사 사례를 찾기 어려울 정도의 큰 관심이었다.
<시엔엔>은 누리집 머리기사에서 “전쟁 직전에서 평화를 향한 희망까지 왔다”고 표현했고, 김 위원장이 방명록에 남긴 글을 언급하며 “새 역사가 지금 시작된다”고 적었다. 영국 <파이낸셜 타임스>는 “수십년간의 한반도 분쟁을 종식시킬 정상회담을 시작하기 위해 군사분계선을 넘은 김 위원장이 문 대통령과 악수하며 미소지었다”고 했다.
한반도 평화를 향한 기대감도 쏟아냈다. <비비시>는 “김 위원장이 북한 지도자로서는 1953년 한국전쟁 뒤 처음으로 군사분계선을 넘어 남쪽으로 내려왔다”며 “그의 제안에 따라 문 대통령이 군사분계선 북쪽 땅을 밟은 것은 예상하지 못한 순간이었다”고 강조했다. <뉴욕 타임스>는 판문점 위성사진을 동원해 두 정상의 이동 경로를 설명하며 “세계에서 가장 두껍게 무장된 국경을 넘는다는 김 위원장의 결정은 불과 몇 달 전만 해도 상상할 수 없었다”며 “문 대통령은 북한과의 핵무기 교착 상태를 끝내기 위한 외교적 중심에 서 있다”고 적었다. <워싱턴 포스트>는 “이 모든 것이 생중계된 것도 최초”라며 “북-미 정상회담의 초석을 마련할 역사적 만남”이라고 덧붙였다.
영국 <가디언>은 “두 지도자가 한반도 역사의 새로운 장을 쓸 것을 약속했다”고 전했다. 독일 <도이체벨레> 방송은 “한반도의 두 형제 국가가 화기애애하고 숨김 없는 태도로 접근해 합의에 이르렀다. 그러나 더 중요한 것은 수년간의 침묵이 끝났다는 것”이라며 “놀랍도록 친밀한 분위기에 전세계에서 몰린 3000명의 언론인들이 자발적으로 박수를 보냈다”고 했다. 일본 <마이니치신문>은 “한반도 정세가 새로운 전환기를 맞았다”고 평가했고, <중국중앙텔레비전>은 서울과 평양을 각각 연결해 시민들 반응까지 소개하며, 정동영 전 통일부 장관과 윤영관 전 외교부 장관 인터뷰도 내보냈다.
오후에 두 정상이 평화를 기원하는 나무를 심고 표지석을 제막한 것과, 수행원 없이 단독 대화를 나누는 모습 또한 주요 채널이 생중계했다. ‘판문점 선언’이 발표되자 <에이피>(AP), <로이터>, <아에프페>(AFP) 통신 등은 “남북 정상이 한반도 비핵화라는 공동 목표를 재확인했다”고 긴급 뉴스로 전했다.","“놀랍도록 친밀한 두 형제국”에 쏠린 세계의 눈
외신들 ‘한반도 새 역사’ 주목
위성사진·동시통역 등 동원
문 대통령 청와대 나선 순간부터
회담 종료까지 실시간 생중계
하나같이 “역사적” 표현 쓰며
“전쟁 직전에서 평화까지 왔다”
27일 오전, 평화를 염원하는 전세계의 바람이 판문점으로 모였다. 문재인 대통령이 청와대를 나설 때부터 군사분계선을 넘어온 김정은 북한 국무위원장과 손을 맞잡을 때, 두 정상이 ‘판문점 선언’에 서명하고 입장문을 발표할 때까지 미국 <시엔엔> <블룸버그>, 영국 <비비시>(BBC), 중국 <중앙텔레비전>(CCTV), 일본 <엔에이치케이>(NHK) 등 각국 대표 뉴스 채널들이 생중계했다. 방송들은 평화의집에서 진행한 정상 간 사전 환담 때는 동시통역까지 동원했다. 한반도 전문가와 한국 특파원 등을 연결해 회담 상황 및 의미, 전망까지 보도했다.
주요 뉴스 채널들은 이날 내내 채널을 돌릴 필요가 없을 정도로 오로지 판문점만 비췄다. <시엔엔>은 미국 동부 시각으로 26일 저녁에 시작해 이튿날 아침까지 이어진 회담 소식만으로 화면을 채웠다. 주요 언론사 누리집 머리기사 제목들은 ‘역사적’이라는 표현을 빠트리지 않았다. ‘빅 이벤트’임은 분명하지만, 유사 사례를 찾기 어려울 정도의 큰 관심이었다.
<시엔엔>은 누리집 머리기사에서 “전쟁 직전에서 평화를 향한 희망까지 왔다”고 표현했고, 김 위원장이 방명록에 남긴 글을 언급하며 “새 역사가 지금 시작된다”고 적었다. 영국 <파이낸셜 타임스>는 “수십년간의 한반도 분쟁을 종식시킬 정상회담을 시작하기 위해 군사분계선을 넘은 김 위원장이 문 대통령과 악수하며 미소지었다”고 했다.
한반도 평화를 향한 기대감도 쏟아냈다. <비비시>는 “김 위원장이 북한 지도자로서는 1953년 한국전쟁 뒤 처음으로 군사분계선을 넘어 남쪽으로 내려왔다”며 “그의 제안에 따라 문 대통령이 군사분계선 북쪽 땅을 밟은 것은 예상하지 못한 순간이었다”고 강조했다. <뉴욕 타임스>는 판문점 위성사진을 동원해 두 정상의 이동 경로를 설명하며 “세계에서 가장 두껍게 무장된 국경을 넘는다는 김 위원장의 결정은 불과 몇 달 전만 해도 상상할 수 없었다”며 “문 대통령은 북한과의 핵무기 교착 상태를 끝내기 위한 외교적 중심에 서 있다”고 적었다. <워싱턴 포스트>는 “이 모든 것이 생중계된 것도 최초”라며 “북-미 정상회담의 초석을 마련할 역사적 만남”이라고 덧붙였다.
영국 <가디언>은 “두 지도자가 한반도 역사의 새로운 장을 쓸 것을 약속했다”고 전했다. 독일 <도이체벨레> 방송은 “한반도의 두 형제 국가가 화기애애하고 숨김 없는 태도로 접근해 합의에 이르렀다. 그러나 더 중요한 것은 수년간의 침묵이 끝났다는 것”이라며 “놀랍도록 친밀한 분위기에 전세계에서 몰린 3000명의 언론인들이 자발적으로 박수를 보냈다”고 했다. 일본 <마이니치신문>은 “한반도 정세가 새로운 전환기를 맞았다”고 평가했고, <중국중앙텔레비전>은 서울과 평양을 각각 연결해 시민들 반응까지 소개하며, 정동영 전 통일부 장관과 윤영관 전 외교부 장관 인터뷰도 내보냈다.
오후에 두 정상이 평화를 기원하는 나무를 심고 표지석을 제막한 것과, 수행원 없이 단독 대화를 나누는 모습 또한 주요 채널이 생중계했다. ‘판문점 선언’이 발표되자 <에이피>(AP), <로이터>, <아에프페>(AFP) 통신 등은 “남북 정상이 한반도 비핵화라는 공동 목표를 재확인했다”고 긴급 뉴스로 전했다.",6,1556
iks_20180427_hankyoreh_news_066,Hankyoreh news 2018 April 27 corpus.txt,Hankyoreh,한겨레,news,2018-04-27,2018_april_summit,"김정은, 지난 3월 방중 때처럼 인민복 입어","사회주의 국가 지도자들이 즐겨입어
주름이나 장식 없이 단순한 디자인","문재인 대통령과 27일 9시30분 역사적인 상봉을 한 김정은 북한 국방위원장은 인민복을 입었다. 인민복은 사회주의 국가 지도자들이 즐겨입는 복장이다.
김정은 국방위원장은 상하의 검은색 인민복을 입었다. 윗도리는 다섯개의 단추와 네개의 호주머니가 있고, 바지품은 넉넉했다. 인민복은 주름이나 장식 없이 단순한 디자인으로 실용성을 강조한다.
김정은 위원장은 외교무대에서 주로 인민복을 입었다. 지난 3월 말 중국을 방문해 시진핑 국가주석을 만날 때도, 3월5일 정의용 청와대 국가안보실장 등 대북특사를 평양에서 맞을 때도 인민복 차림이었다.
김정은 위원장은 북한 내 공식석상에서 종종 양복을 입기도 했다. 올 신년사 발표 때는 은회색 양복을, 2016년 노동당 대회, 2012년 제1위원장 추대행사 등에서도 양복 차림이었다. 아버지 김정일 국방위원장이 거의 인민복을 입은 것과는 다른 모습이다. 김정일 국방위원장은 2000년 6월 남북 정상회담과 2007년 10월 남북 정상회담 당시 인민복을 입고 회담을 진행했다. 이때문에 이번 남북정상회담에서 양복을 입고 등장해 변화를 시사할 수 있다는 예측도 있었다.
한편 이날 김정은 위원장을 수행한 여동생 김여정 노동당 제1부부장은 회색 정장 차림이었다. 김여정 제1부부장은 김정은 위원장이 화동에게 받은 꽃다발은 건네받는 등 측근에서 수행했다.","김정은, 지난 3월 방중 때처럼 인민복 입어
사회주의 국가 지도자들이 즐겨입어
주름이나 장식 없이 단순한 디자인
문재인 대통령과 27일 9시30분 역사적인 상봉을 한 김정은 북한 국방위원장은 인민복을 입었다. 인민복은 사회주의 국가 지도자들이 즐겨입는 복장이다.
김정은 국방위원장은 상하의 검은색 인민복을 입었다. 윗도리는 다섯개의 단추와 네개의 호주머니가 있고, 바지품은 넉넉했다. 인민복은 주름이나 장식 없이 단순한 디자인으로 실용성을 강조한다.
김정은 위원장은 외교무대에서 주로 인민복을 입었다. 지난 3월 말 중국을 방문해 시진핑 국가주석을 만날 때도, 3월5일 정의용 청와대 국가안보실장 등 대북특사를 평양에서 맞을 때도 인민복 차림이었다.
김정은 위원장은 북한 내 공식석상에서 종종 양복을 입기도 했다. 올 신년사 발표 때는 은회색 양복을, 2016년 노동당 대회, 2012년 제1위원장 추대행사 등에서도 양복 차림이었다. 아버지 김정일 국방위원장이 거의 인민복을 입은 것과는 다른 모습이다. 김정일 국방위원장은 2000년 6월 남북 정상회담과 2007년 10월 남북 정상회담 당시 인민복을 입고 회담을 진행했다. 이때문에 이번 남북정상회담에서 양복을 입고 등장해 변화를 시사할 수 있다는 예측도 있었다.
한편 이날 김정은 위원장을 수행한 여동생 김여정 노동당 제1부부장은 회색 정장 차림이었다. 김여정 제1부부장은 김정은 위원장이 화동에게 받은 꽃다발은 건네받는 등 측근에서 수행했다.",5,663
iks_20180427_hankyoreh_news_067,Hankyoreh news 2018 April 27 corpus.txt,Hankyoreh,한겨레,news,2018-04-27,2018_april_summit,“겨우 한 발짝이었네 뭉클~” “고무줄 넘듯 넘네” 누리꾼도 환호,"문 대통령, 김 위원장 손 잡고 ‘깜짝 월경’에 누리꾼 환호
“감동적…통일되는 거 아냐” “역사의 진보를 느낄 수 있어 짜릿”","“겨우 한 발짝이다 겨우 한 발짝.” 문재인 대통령과 김정은 북한 국무위원장이 판문점 군사분계선을 넘나들자 누리꾼들은 환호했다. 문 대통령은 27일 오전 9시30분 김정은 위원장과 판문점 군사분계선 위에서 역사적인 상봉을 했다. 북한 최고지도자가 남한 땅을 밟은 것은 처음이다. 이 과정에서 문 대통령은 김 위원장의 깜짝 제안에 따라 군사분계선을 넘어 잠시 북쪽 지역으로 넘어가기도 했다.
이에 대해 누리꾼들은 “김정은이 ‘북한 땅 한 번 밟아보시겠습니까’하고 먼저 손 내밀어 문재인 대통령 손잡고 한 발짝 넘어가는데, 내가 뭘 안다고 그 장면이 제일 뭉클하네~ 겨우 한 발짝이다 겨우 한 발짝”(@hjdu****), “남과 북이 함께 손잡고 군사분계선을 오가는 모습에서 앞으로 우리나라가 통일 돼서 자유롭게 오가는 날이 언젠가 오겠구나 싶었다. 감동이다”(@zziruz****), “오늘 역사적 만남에서 개인적으로 특기할 일, 남북한 정상이 군사분계선을 고무줄 넘듯 넘나든 일, 김정은 위원장이 양복을 입지 않은 일, 표정에 깊이가 있으며 약간 숨이 차 보임, 아무튼 감격스럽다”(@dish****), “남북정상회담 와 진짜 뭔가 느낌이 이상하다. 되게 벅차오르는 기분? 이라 해야 하나 감동적인 것 같아. 군사분계선 사이에서 악수하고 남쪽으로 왔다가 북쪽으로도 갔다가 감동적이야. 통일되는 거 아냐?”(@KplusV****) 등의 반응을 보이며 두 정상의 만남을 환영했다.
“군사분계선에서 두 정상이 즉석에서 합의하여 손을 잡고 낮은 경계선을 넘나드는 모습에서 동일한 언어를 사용하는 한민족이라는 정감이 짙게 느껴진다. 통역도 필요 없고 김정은 위원장의 제안에 떠보고 돌리고 의중을 파악할 필요도 없이 문재인 대통령이 직공감하여 이루어진 따뜻한 사건이다”(@choi****)는 의견도 있었다.
김대중 전 대통령과 노무현 전 대통령이 성사시켰던 지난 두 차례 남북정상회담을 떠올리는 이들도 많았다. 한 누리꾼은 “노통이 군사분계선을 넘어 만났고 이제 김정은 위원장이 군사분계선을 넘어와 문통과 악수했다. 역사의 진보를 느낄 수 있어 짜릿하다”고 썼다. 또 다른 누리꾼은 “김일성의 죽음을 봤고, 김대중과 김정일의 악수를 보고, 이제 문재인과 김정은의 악수를 본다. 역사를 살아간다는 체감은 생기지만 이번엔 또 뭐가 달라질까 하는 걱정도. 김정은이 이번엔 뭔가 제대로 맘먹었길 바란다”(@blueso****)고 소감을 밝혔다.","“겨우 한 발짝이었네 뭉클~” “고무줄 넘듯 넘네” 누리꾼도 환호
문 대통령, 김 위원장 손 잡고 ‘깜짝 월경’에 누리꾼 환호
“감동적…통일되는 거 아냐” “역사의 진보를 느낄 수 있어 짜릿”
“겨우 한 발짝이다 겨우 한 발짝.” 문재인 대통령과 김정은 북한 국무위원장이 판문점 군사분계선을 넘나들자 누리꾼들은 환호했다. 문 대통령은 27일 오전 9시30분 김정은 위원장과 판문점 군사분계선 위에서 역사적인 상봉을 했다. 북한 최고지도자가 남한 땅을 밟은 것은 처음이다. 이 과정에서 문 대통령은 김 위원장의 깜짝 제안에 따라 군사분계선을 넘어 잠시 북쪽 지역으로 넘어가기도 했다.
이에 대해 누리꾼들은 “김정은이 ‘북한 땅 한 번 밟아보시겠습니까’하고 먼저 손 내밀어 문재인 대통령 손잡고 한 발짝 넘어가는데, 내가 뭘 안다고 그 장면이 제일 뭉클하네~ 겨우 한 발짝이다 겨우 한 발짝”(@hjdu****), “남과 북이 함께 손잡고 군사분계선을 오가는 모습에서 앞으로 우리나라가 통일 돼서 자유롭게 오가는 날이 언젠가 오겠구나 싶었다. 감동이다”(@zziruz****), “오늘 역사적 만남에서 개인적으로 특기할 일, 남북한 정상이 군사분계선을 고무줄 넘듯 넘나든 일, 김정은 위원장이 양복을 입지 않은 일, 표정에 깊이가 있으며 약간 숨이 차 보임, 아무튼 감격스럽다”(@dish****), “남북정상회담 와 진짜 뭔가 느낌이 이상하다. 되게 벅차오르는 기분? 이라 해야 하나 감동적인 것 같아. 군사분계선 사이에서 악수하고 남쪽으로 왔다가 북쪽으로도 갔다가 감동적이야. 통일되는 거 아냐?”(@KplusV****) 등의 반응을 보이며 두 정상의 만남을 환영했다.
“군사분계선에서 두 정상이 즉석에서 합의하여 손을 잡고 낮은 경계선을 넘나드는 모습에서 동일한 언어를 사용하는 한민족이라는 정감이 짙게 느껴진다. 통역도 필요 없고 김정은 위원장의 제안에 떠보고 돌리고 의중을 파악할 필요도 없이 문재인 대통령이 직공감하여 이루어진 따뜻한 사건이다”(@choi****)는 의견도 있었다.
김대중 전 대통령과 노무현 전 대통령이 성사시켰던 지난 두 차례 남북정상회담을 떠올리는 이들도 많았다. 한 누리꾼은 “노통이 군사분계선을 넘어 만났고 이제 김정은 위원장이 군사분계선을 넘어와 문통과 악수했다. 역사의 진보를 느낄 수 있어 짜릿하다”고 썼다. 또 다른 누리꾼은 “김일성의 죽음을 봤고, 김대중과 김정일의 악수를 보고, 이제 문재인과 김정은의 악수를 본다. 역사를 살아간다는 체감은 생기지만 이번엔 또 뭐가 달라질까 하는 걱정도. 김정은이 이번엔 뭔가 제대로 맘먹었길 바란다”(@blueso****)고 소감을 밝혔다.",4,1190
iks_20180427_hankyoreh_news_068,Hankyoreh news 2018 April 27 corpus.txt,Hankyoreh,한겨레,news,2018-04-27,2018_april_summit,2018㎜ 마주앉은 남북…김정은 ‘평양 냉면’ 농담에 웃음꽃,"남북 정상회담 시작 모두발언
김 위원장 “평양냉면…멀면 안되겠구나
잃어버린 11년 세월 아깝지 않게 하자”
문 대통령 “판문점 평화상징 됐다” 화답","2018년 4월27일 10시16분, 11년 만에 다시 만난 남북 두 정상은 남북정상회담을 위해 테이블에 마주 앉았다. 2층 회담장 입구를 기준으로 정면에 걸려 있던 금강산 그림을 바라보며 함께 얘기를 나누던 문재인 대통령과 김정은 북한 국무위원장이 본격 회담을 위해 마주앉은 것이다. 회담장 입구를 기준으로 문 대통령이 왼쪽, 오른쪽에 김 위원장이 앉았다. 정상 좌우로 각각 배석자 의자 6개가 놓여 있었다. 문 대통령 좌우로는 각각 임종석 비서실장과 서훈 국가정보원장이 앉았고, 김 위원장 좌우로는 김여정 당중앙위원회 제1부부장과 김영철 통일전선부장이 배석했다. 6분간 이어진 모두발언에서 두 정상은 시종일관 밝은 표정이었다.
먼저 김 위원장이 모두발언에 나섰다. 김 위원장은 “이 자리까지 11년이 걸렸는데 걸어오면서 보니까 왜 그 시간이 오래됐나 왜 오기 힘들었나 생각이 들었다”며 “우리가 잃어버린 11년 세월이 아깝지 않을 정도로 아까 말씀드린 것처럼 수시로 만나서 걸린 문제 풀어나가고 마음을 합치고 의지를 모아서 그런 의지를 가지고 나가면 우리가 잃어버린 11년이 좋게 나가지 않겠나 이런 생각도 하면서 정말 만감이 교차하며 200미터를 걸어왔다”고 말했다.
이어 김 위원장은 “이 자리에서 평화와 번영 북남 관계 새로운 역사가 쓰이는 순간에 출발점에 서서 신호탄을 쏜다는 마음가짐을 가지고 왔다”며 “오늘 현안 문제들 관심사 문제들 툭 터놓고 얘기해 좋은 결과 만들어내고, 앞으로 이 자리에서 우리가 지난 시기처럼 또 원점에 돌아가고 그런 결과 보다는 마음가짐을 잘 하고 미래를 내다보며 지향성 있게 손잡고 걸어 나가는 계기가 돼서 기대하신 분들 기대에도 부흥하자”고 말했다. 문 대통령은 김 위원장의 이 발언에 고개를 끄덕였다.
김 위원장은 평양냉면 얘기를 꺼내며 농담을 건네기도 했다. 김 위원장이 “오늘 저녁 만찬 얘기 많이 하는데 평양에서부터 냉면을 가지고 왔는데”라고 말하다가 “멀다면 안 되갔구나?”라고 농담을 건네자 남북 양쪽에서 웃음이 터지기도 했다.
이어 문 대통령이 모두 발언을 시작하다 김 위원장은 두 손을 책상에 모으고 발언을 경청했다. 문 대통령은 “오늘 만남 축하하듯 날씨도 화창하다. 한반도에 봄이 한창이다. 한반도의 봄 온 세계가 주목하고 있다. 전세계 눈귀가 판문점에 쏠려 있다. 남북의 국민들 해외 동포들이 거는 기대가 아주 크다. 그만큼 우리 두 사람 어깨가 무겁다고 생각한다”고 운을 뗐다.
이어 문 대통령은 “우리 김 위원장이 사상 최초로 군사분계선 넘어오는 순간 이 판문점은 분단의 상징 아니라 평화의 상징 됐다. 전세계의 기대가 큰데 오늘의 이 상황을 만들어낸 우리 김정은 위원장의 용단에 대해서 다시 한 번 경의 표하고 싶다”고 말하자 김 위원장은 고개를 크게 끄덕였다. 문 대통령은 “오늘 우리 그렇게 통 크게 대화를 나누고 합의에 이르러서 우리 민족과 평화를 바라는 이 세계 모든 사람들에게 큰 선물을 안겨줬으면 좋겠다. 오늘 하루 종일 얘기할 수 있는 시간이 있는 만큼 그동안 10년 동안 못한 거 충분히 나누자”고 했다. 김여정 제1부부장은 두 손을 무릎 위에 모으고 고개를 문 대통령 쪽인 오른쪽으로 기울여 경청하는 모습이었다.
두 정상이 앉은 의자 등받이에는 ‘남북이 하나됨’을 상징하는 한반도기에 독도까지 새겨져 있었다. 회담장에는 가로 681㎝, 세로 181㎝의 대형 금강산 그림이 걸려 있었다. 원래 한라산 그림이 걸려 있었지만, 이번 회담을 위해 신장식 화백의 작품으로 교체됐다. 회담장 안 보수공사는 지난 6일부터 20일까지 이어졌다. 전체적으로 한옥을 연상케 했고, 양쪽 벽면에는 전통창호가 설치됐다. 청와대 쪽은 “회담을 계기로 앞으로 견고한 남북의 신뢰관계가 전통창호처럼 오래 이어지길 희망하는 의미”라고 설명했다. 회담장 카펫은 푸른 계열로 한반도 산천의 푸르른 기상을 반영했다고 한다.
김정은 국무위원장 모두발언
역사적인 이 자리에 오기까지 11년이 걸렸는데 오늘 걸어오면서 보니까 왜 이렇게 오래 걸렸나 생각 들었다.
역사적인 이런 자리에서 기대하는 분도 많고 아무리 좋은 합의나 글이 나와도 발표돼도, 그게 제대로 이행되지 못하면 오히려 이런 만남을 갖고도 좋은 결과에 기대를 품었던 분들에게 더 낙심을 주지 않겠나. 앞으로 정말 마음가짐을 잘하고 정말 우리가 잃어버린 11년 세월이 아깝지 않을 정도로, 아까 말씀드린 것처럼 정말 수시로 만나서 걸리는 문제를 풀어나가고 마음을 합치고 의지를 모아서 그런 의지를 갖고 나가면 우리가 잃어버린 11년이 아깝지 않게 우리가 좋게 나가지 않겠나, 그런 생각도 하면서 정말 만감이 교차하는 속에서 한 200ｍ를 걸어 왔다.
오늘 이 자리에서 평화·번영, 북남 관계가, 새로운 역사가 쓰이는 그런 순간에 이런 출발점에 서서, 출발선에서 신호탄을 쏜다는 그런 마음을 가지고 여기 왔다.
오늘 현안 문제들, 관심사 되는 문제들을 툭 터놓고 얘기하고 좋은 결과를 만들어내고 앞으로 이 자리를 빌려서 우리가 지난 시기처럼 이렇게 또 원점에 돌아가고 이행하지 못하고 이런 결과보다는 앞으로 마음가짐을 잘하고 앞으로 미래를 내다보며 지향성 있게 손잡고 걸어나가는 계기가 돼서 기대하시는 분들 기대에도 부응하고. 오기 전에 보니까 오늘 저녁 만찬 음식 갖고 많이 얘기하던데 어렵사리 평양에서부터 평양냉면을 가져왔다.
대통령께서 편한 맘으로, 평양냉면, 멀리서 온, 멀다고 말하면 안 되겠구나, 좀 맛있게 드셨으면 좋겠다.
오늘 정말 진지하게 솔직하게 이런 마음가짐으로 오늘 문재인 대통령과 좋은 이야기를 하고 또 반드시 필요한 이야기를 하고 해서 좋은 결과를 만들어내겠다는 걸 문 대통령 앞에도 말씀드리고 기자 여러분에게도 말씀드린다. 감사하다.
문재인 대통령 모두발언
오늘은 우리 만남을 축하하듯이 날씨도 아주 화창하다. 한반도의 봄이 한창이다. 이 한반도의 봄, 온 세계가 주목하고 있다. 전 세계의 눈과 귀가 여기 판문점에 쏠려 있다.
우리 남북의 국민, 또 해외 동포들이 거는 기대도 아주 크다. 그만큼 우리 두 사람, 어깨가 무겁다고 생각한다. 우리 김 위원장이 사상 최초로 군사분계선을 넘어오는 순간 이 판문점은 분단의 상징이 아니라 평화의 상징이다. 국민과 또 전 세계의 기대가 큰데, 오늘의 이 상황을 만들어낸 우리 김 위원장의 용단에 대해 다시 한 번 경의를 표하고 싶다. 아울러 우리의 대화도 그렇게 통 크게 대화를 나누고 합의에 이르러서 우리 온 민족과 평화를 바라는 세계 모든 사람에게 큰 선물을 만들어줬으면 좋겠다.
자, 오늘 오늘 종일 이야기할 수 있는 시간이 있는 만큼, 그동안 10년간 못다 한 이야기를 충분히 나눌 수 있기를 바란다.","2018㎜ 마주앉은 남북…김정은 ‘평양 냉면’ 농담에 웃음꽃
남북 정상회담 시작 모두발언
김 위원장 “평양냉면…멀면 안되겠구나
잃어버린 11년 세월 아깝지 않게 하자”
문 대통령 “판문점 평화상징 됐다” 화답
2018년 4월27일 10시16분, 11년 만에 다시 만난 남북 두 정상은 남북정상회담을 위해 테이블에 마주 앉았다. 2층 회담장 입구를 기준으로 정면에 걸려 있던 금강산 그림을 바라보며 함께 얘기를 나누던 문재인 대통령과 김정은 북한 국무위원장이 본격 회담을 위해 마주앉은 것이다. 회담장 입구를 기준으로 문 대통령이 왼쪽, 오른쪽에 김 위원장이 앉았다. 정상 좌우로 각각 배석자 의자 6개가 놓여 있었다. 문 대통령 좌우로는 각각 임종석 비서실장과 서훈 국가정보원장이 앉았고, 김 위원장 좌우로는 김여정 당중앙위원회 제1부부장과 김영철 통일전선부장이 배석했다. 6분간 이어진 모두발언에서 두 정상은 시종일관 밝은 표정이었다.
먼저 김 위원장이 모두발언에 나섰다. 김 위원장은 “이 자리까지 11년이 걸렸는데 걸어오면서 보니까 왜 그 시간이 오래됐나 왜 오기 힘들었나 생각이 들었다”며 “우리가 잃어버린 11년 세월이 아깝지 않을 정도로 아까 말씀드린 것처럼 수시로 만나서 걸린 문제 풀어나가고 마음을 합치고 의지를 모아서 그런 의지를 가지고 나가면 우리가 잃어버린 11년이 좋게 나가지 않겠나 이런 생각도 하면서 정말 만감이 교차하며 200미터를 걸어왔다”고 말했다.
이어 김 위원장은 “이 자리에서 평화와 번영 북남 관계 새로운 역사가 쓰이는 순간에 출발점에 서서 신호탄을 쏜다는 마음가짐을 가지고 왔다”며 “오늘 현안 문제들 관심사 문제들 툭 터놓고 얘기해 좋은 결과 만들어내고, 앞으로 이 자리에서 우리가 지난 시기처럼 또 원점에 돌아가고 그런 결과 보다는 마음가짐을 잘 하고 미래를 내다보며 지향성 있게 손잡고 걸어 나가는 계기가 돼서 기대하신 분들 기대에도 부흥하자”고 말했다. 문 대통령은 김 위원장의 이 발언에 고개를 끄덕였다.
김 위원장은 평양냉면 얘기를 꺼내며 농담을 건네기도 했다. 김 위원장이 “오늘 저녁 만찬 얘기 많이 하는데 평양에서부터 냉면을 가지고 왔는데”라고 말하다가 “멀다면 안 되갔구나?”라고 농담을 건네자 남북 양쪽에서 웃음이 터지기도 했다.
이어 문 대통령이 모두 발언을 시작하다 김 위원장은 두 손을 책상에 모으고 발언을 경청했다. 문 대통령은 “오늘 만남 축하하듯 날씨도 화창하다. 한반도에 봄이 한창이다. 한반도의 봄 온 세계가 주목하고 있다. 전세계 눈귀가 판문점에 쏠려 있다. 남북의 국민들 해외 동포들이 거는 기대가 아주 크다. 그만큼 우리 두 사람 어깨가 무겁다고 생각한다”고 운을 뗐다.
이어 문 대통령은 “우리 김 위원장이 사상 최초로 군사분계선 넘어오는 순간 이 판문점은 분단의 상징 아니라 평화의 상징 됐다. 전세계의 기대가 큰데 오늘의 이 상황을 만들어낸 우리 김정은 위원장의 용단에 대해서 다시 한 번 경의 표하고 싶다”고 말하자 김 위원장은 고개를 크게 끄덕였다. 문 대통령은 “오늘 우리 그렇게 통 크게 대화를 나누고 합의에 이르러서 우리 민족과 평화를 바라는 이 세계 모든 사람들에게 큰 선물을 안겨줬으면 좋겠다. 오늘 하루 종일 얘기할 수 있는 시간이 있는 만큼 그동안 10년 동안 못한 거 충분히 나누자”고 했다. 김여정 제1부부장은 두 손을 무릎 위에 모으고 고개를 문 대통령 쪽인 오른쪽으로 기울여 경청하는 모습이었다.
두 정상이 앉은 의자 등받이에는 ‘남북이 하나됨’을 상징하는 한반도기에 독도까지 새겨져 있었다. 회담장에는 가로 681㎝, 세로 181㎝의 대형 금강산 그림이 걸려 있었다. 원래 한라산 그림이 걸려 있었지만, 이번 회담을 위해 신장식 화백의 작품으로 교체됐다. 회담장 안 보수공사는 지난 6일부터 20일까지 이어졌다. 전체적으로 한옥을 연상케 했고, 양쪽 벽면에는 전통창호가 설치됐다. 청와대 쪽은 “회담을 계기로 앞으로 견고한 남북의 신뢰관계가 전통창호처럼 오래 이어지길 희망하는 의미”라고 설명했다. 회담장 카펫은 푸른 계열로 한반도 산천의 푸르른 기상을 반영했다고 한다.
김정은 국무위원장 모두발언
역사적인 이 자리에 오기까지 11년이 걸렸는데 오늘 걸어오면서 보니까 왜 이렇게 오래 걸렸나 생각 들었다.
역사적인 이런 자리에서 기대하는 분도 많고 아무리 좋은 합의나 글이 나와도 발표돼도, 그게 제대로 이행되지 못하면 오히려 이런 만남을 갖고도 좋은 결과에 기대를 품었던 분들에게 더 낙심을 주지 않겠나. 앞으로 정말 마음가짐을 잘하고 정말 우리가 잃어버린 11년 세월이 아깝지 않을 정도로, 아까 말씀드린 것처럼 정말 수시로 만나서 걸리는 문제를 풀어나가고 마음을 합치고 의지를 모아서 그런 의지를 갖고 나가면 우리가 잃어버린 11년이 아깝지 않게 우리가 좋게 나가지 않겠나, 그런 생각도 하면서 정말 만감이 교차하는 속에서 한 200ｍ를 걸어 왔다.
오늘 이 자리에서 평화·번영, 북남 관계가, 새로운 역사가 쓰이는 그런 순간에 이런 출발점에 서서, 출발선에서 신호탄을 쏜다는 그런 마음을 가지고 여기 왔다.
오늘 현안 문제들, 관심사 되는 문제들을 툭 터놓고 얘기하고 좋은 결과를 만들어내고 앞으로 이 자리를 빌려서 우리가 지난 시기처럼 이렇게 또 원점에 돌아가고 이행하지 못하고 이런 결과보다는 앞으로 마음가짐을 잘하고 앞으로 미래를 내다보며 지향성 있게 손잡고 걸어나가는 계기가 돼서 기대하시는 분들 기대에도 부응하고. 오기 전에 보니까 오늘 저녁 만찬 음식 갖고 많이 얘기하던데 어렵사리 평양에서부터 평양냉면을 가져왔다.
대통령께서 편한 맘으로, 평양냉면, 멀리서 온, 멀다고 말하면 안 되겠구나, 좀 맛있게 드셨으면 좋겠다.
오늘 정말 진지하게 솔직하게 이런 마음가짐으로 오늘 문재인 대통령과 좋은 이야기를 하고 또 반드시 필요한 이야기를 하고 해서 좋은 결과를 만들어내겠다는 걸 문 대통령 앞에도 말씀드리고 기자 여러분에게도 말씀드린다. 감사하다.
문재인 대통령 모두발언
오늘은 우리 만남을 축하하듯이 날씨도 아주 화창하다. 한반도의 봄이 한창이다. 이 한반도의 봄, 온 세계가 주목하고 있다. 전 세계의 눈과 귀가 여기 판문점에 쏠려 있다.
우리 남북의 국민, 또 해외 동포들이 거는 기대도 아주 크다. 그만큼 우리 두 사람, 어깨가 무겁다고 생각한다. 우리 김 위원장이 사상 최초로 군사분계선을 넘어오는 순간 이 판문점은 분단의 상징이 아니라 평화의 상징이다. 국민과 또 전 세계의 기대가 큰데, 오늘의 이 상황을 만들어낸 우리 김 위원장의 용단에 대해 다시 한 번 경의를 표하고 싶다. 아울러 우리의 대화도 그렇게 통 크게 대화를 나누고 합의에 이르러서 우리 온 민족과 평화를 바라는 세계 모든 사람에게 큰 선물을 만들어줬으면 좋겠다.
자, 오늘 오늘 종일 이야기할 수 있는 시간이 있는 만큼, 그동안 10년간 못다 한 이야기를 충분히 나눌 수 있기를 바란다.",18,3237
iks_20180427_hankyoreh_news_069,Hankyoreh news 2018 April 27 corpus.txt,Hankyoreh,한겨레,news,2018-04-27,2018_april_summit,남북정상회담 김정은 북한 국무위원장 모두발언,,"김정은 북한 국무위원장은 27일 판문점 남측 평화의집에서 열린 문재인 대통령과의 남북정상회담에서 ""북남 관계가 새로운 역사가 쓰이는 순간에 출발점에 서서 신호탄을 쏜다는 마음을 가지고 여기에 왔다""고 말했다. 다음은 김 위원장 모두발언 전문.
역사적인 이 자리에 오기까지 11년이 걸렸는데 오늘 걸어오면서 보니까 왜 이렇게 오래 걸렸나 생각 들었다.
역사적인 이런 자리에서 기대하는 분도 많고 아무리 좋은 합의나 글이 나와도 발표돼도, 그게 제대로 이행되지 못하면 오히려 이런 만남을 갖고도 좋은 결과에 기대를 품었던 분들에게 더 낙심을 주지 않겠나. 앞으로 정말 마음가짐을 잘하고 정말 우리가 잃어버린 11년 세월이 아깝지 않을 정도로, 아까 말씀드린 것처럼 정말 수시로 만나서 걸리는 문제를 풀어나가고 마음을 합치고 의지를 모아서 그런 의지를 갖고 나가면 우리가 잃어버린 11년이 아깝지 않게 우리가 좋게 나가지 않겠나, 그런 생각도 하면서 정말 만감이 교차하는 속에서 한 200ｍ를 걸어 왔다.
오늘 이 자리에서 평화·번영, 북남 관계가, 새로운 역사가 쓰이는 그런 순간에 이런 출발점에 서서, 출발선에서 신호탄을 쏜다는 그런 마음을 가지고 여기 왔다.
오늘 현안 문제들, 관심사 되는 문제들을 툭 터놓고 얘기하고 좋은 결과를 만들어내고 앞으로 이 자리를 빌려서 우리가 지난 시기처럼 이렇게 또 원점에 돌아가고 이행하지 못하고 이런 결과보다는 앞으로 마음가짐을 잘하고 앞으로 미래를 내다보며 지향성 있게 손잡고 걸어나가는 계기가 돼서 기대하시는 분들 기대에도 부응하고. 오기 전에 보니까 오늘 저녁 만찬 음식 갖고 많이 얘기하던데 어렵사리 평양에서부터 평양냉면을 가져왔다.
대통령께서 편한 맘으로, 평양냉면, 멀리서 온, 멀다고 말하면 안 되겠구나, 좀 맛있게 드셨으면 좋겠다.
오늘 정말 진지하게 솔직하게 이런 마음가짐으로 오늘 문재인 대통령과 좋은 이야기를 하고 또 반드시 필요한 이야기를 하고 해서 좋은 결과를 만들어내겠다는 걸 문 대통령 앞에도 말씀드리고 기자 여러분에게도 말씀드린다. 감사하다.","남북정상회담 김정은 북한 국무위원장 모두발언
김정은 북한 국무위원장은 27일 판문점 남측 평화의집에서 열린 문재인 대통령과의 남북정상회담에서 ""북남 관계가 새로운 역사가 쓰이는 순간에 출발점에 서서 신호탄을 쏜다는 마음을 가지고 여기에 왔다""고 말했다. 다음은 김 위원장 모두발언 전문.
역사적인 이 자리에 오기까지 11년이 걸렸는데 오늘 걸어오면서 보니까 왜 이렇게 오래 걸렸나 생각 들었다.
역사적인 이런 자리에서 기대하는 분도 많고 아무리 좋은 합의나 글이 나와도 발표돼도, 그게 제대로 이행되지 못하면 오히려 이런 만남을 갖고도 좋은 결과에 기대를 품었던 분들에게 더 낙심을 주지 않겠나. 앞으로 정말 마음가짐을 잘하고 정말 우리가 잃어버린 11년 세월이 아깝지 않을 정도로, 아까 말씀드린 것처럼 정말 수시로 만나서 걸리는 문제를 풀어나가고 마음을 합치고 의지를 모아서 그런 의지를 갖고 나가면 우리가 잃어버린 11년이 아깝지 않게 우리가 좋게 나가지 않겠나, 그런 생각도 하면서 정말 만감이 교차하는 속에서 한 200ｍ를 걸어 왔다.
오늘 이 자리에서 평화·번영, 북남 관계가, 새로운 역사가 쓰이는 그런 순간에 이런 출발점에 서서, 출발선에서 신호탄을 쏜다는 그런 마음을 가지고 여기 왔다.
오늘 현안 문제들, 관심사 되는 문제들을 툭 터놓고 얘기하고 좋은 결과를 만들어내고 앞으로 이 자리를 빌려서 우리가 지난 시기처럼 이렇게 또 원점에 돌아가고 이행하지 못하고 이런 결과보다는 앞으로 마음가짐을 잘하고 앞으로 미래를 내다보며 지향성 있게 손잡고 걸어나가는 계기가 돼서 기대하시는 분들 기대에도 부응하고. 오기 전에 보니까 오늘 저녁 만찬 음식 갖고 많이 얘기하던데 어렵사리 평양에서부터 평양냉면을 가져왔다.
대통령께서 편한 맘으로, 평양냉면, 멀리서 온, 멀다고 말하면 안 되겠구나, 좀 맛있게 드셨으면 좋겠다.
오늘 정말 진지하게 솔직하게 이런 마음가짐으로 오늘 문재인 대통령과 좋은 이야기를 하고 또 반드시 필요한 이야기를 하고 해서 좋은 결과를 만들어내겠다는 걸 문 대통령 앞에도 말씀드리고 기자 여러분에게도 말씀드린다. 감사하다.",7,1012
iks_20180427_hankyoreh_news_070,Hankyoreh news 2018 April 27 corpus.txt,Hankyoreh,한겨레,news,2018-04-27,2018_april_summit,"‘쏘지 말라니까’…김정은, 오늘 평양냉면 ‘쏜다’",,"김정은 북한 국무위원장이 27일 저녁에 ‘쏘겠다’고 공언했다. 평양냉면 얘기다.
김 위원장은 27일 오전 남쪽 평화의집 정상회담장 2018㎜ 테이블에 문재인 대통령과 마주보고 앉았다. 김 위원장은 “오늘 이 자리에서 평화와 번영 북남관계 새로운 역사가 쓰여지는 순간 출발점에 서서, 출발점에서 신호탄을 쏜다는 마음 가짐을 가지고 왔다”고 했다.
김 위원장이 쏘겠다고 한 것은 신호탄만이 아니었다. 진지하게 말하던 김 위원장의 얼굴에 갑자기 웃음이 번졌다. 김 위원장은 자신이 말하면서도 재밌다는 듯 웃음기 섞인 말투로 “오기 전에 보니까 저희 만찬음식을 가지고 많이 얘기하는데, 어렵사리 평양에서부터 평양냉면을 가지고 왔다”고 했다. 이어 “대통령님께서 편안 마음으로 멀리 온, 멀다고 말하면 안 되갔구나, 맛있게 드시면 좋겠다”고 덧붙였다. 평양과 이곳이 ‘멀지 않다’고 강조한 것이다. 김 위원장은 “잃어버린 11년”을 강조하며 “수시로 만나자”고 했다.
앞서 청와대는 “문재인 대통령이 ‘만찬 음식으로 옥류관 평양냉면이 좋겠다’고 북쪽에 제안해 북쪽이 흔쾌히 받아들였다”고 말했다. 원조의 맛을 내려고 평양 옥류관 수석 주방장이 정상회담 당일인 27일 판문점에 온다. 그는 통일각에 설치한 옥류관 제면기에서 직접 면을 뽑는다. 청와대는 “통일각에서 갓 뽑아낸 냉면은 만찬장인 평화의 집으로 배달돼 맛을 그대로 살릴 예정”이라고 설명했다.
27일 서울 유명 평양냉면집들은 김 위원장이 쏘아올린 “평양냉면” 발언으로 북적일 것으로 보인다.","‘쏘지 말라니까’…김정은, 오늘 평양냉면 ‘쏜다’
김정은 북한 국무위원장이 27일 저녁에 ‘쏘겠다’고 공언했다. 평양냉면 얘기다.
김 위원장은 27일 오전 남쪽 평화의집 정상회담장 2018㎜ 테이블에 문재인 대통령과 마주보고 앉았다. 김 위원장은 “오늘 이 자리에서 평화와 번영 북남관계 새로운 역사가 쓰여지는 순간 출발점에 서서, 출발점에서 신호탄을 쏜다는 마음 가짐을 가지고 왔다”고 했다.
김 위원장이 쏘겠다고 한 것은 신호탄만이 아니었다. 진지하게 말하던 김 위원장의 얼굴에 갑자기 웃음이 번졌다. 김 위원장은 자신이 말하면서도 재밌다는 듯 웃음기 섞인 말투로 “오기 전에 보니까 저희 만찬음식을 가지고 많이 얘기하는데, 어렵사리 평양에서부터 평양냉면을 가지고 왔다”고 했다. 이어 “대통령님께서 편안 마음으로 멀리 온, 멀다고 말하면 안 되갔구나, 맛있게 드시면 좋겠다”고 덧붙였다. 평양과 이곳이 ‘멀지 않다’고 강조한 것이다. 김 위원장은 “잃어버린 11년”을 강조하며 “수시로 만나자”고 했다.
앞서 청와대는 “문재인 대통령이 ‘만찬 음식으로 옥류관 평양냉면이 좋겠다’고 북쪽에 제안해 북쪽이 흔쾌히 받아들였다”고 말했다. 원조의 맛을 내려고 평양 옥류관 수석 주방장이 정상회담 당일인 27일 판문점에 온다. 그는 통일각에 설치한 옥류관 제면기에서 직접 면을 뽑는다. 청와대는 “통일각에서 갓 뽑아낸 냉면은 만찬장인 평화의 집으로 배달돼 맛을 그대로 살릴 예정”이라고 설명했다.
27일 서울 유명 평양냉면집들은 김 위원장이 쏘아올린 “평양냉면” 발언으로 북적일 것으로 보인다.",5,750
iks_20180427_hankyoreh_news_071,Hankyoreh news 2018 April 27 corpus.txt,Hankyoreh,한겨레,news,2018-04-27,2018_april_summit,백악관 “역사적 만남…한반도 평화·번영 진전 기대”,"문재인 대통령-김정은 위원장 첫 만남 직후
대변인실 명의로 성명 내어 환영
“역사적 만남” 평가, 기대 표방","미국 백악관은 27일 판문점에서 이뤄진 문재인 대통령과 김정은 북한 국무위원장의 첫 만남에 대해 “한반도 전체의 평화와 번영으로 가는 진전을 이뤄내길 바란다”고 밝혔다.
백악관은 이날 오전 9시30분(한국시각) 남북 정상이 판문점에서 처음으로 만난 직후 대변인실 명의의 논평을 내어 “문재인 한국 대통령과 북한 지도자 김정은의 역사적 만남을 맞아, 우리는 한국인들의 앞날에 성공을 기원한다”며 이렇게 밝혔다. 백악관은 “미국은 우리의 동맹인 한국과의 긴밀한 공조에 감사하고 있으며, 몇 주 안에 열릴 도널드 트럼프 대통령과 김 위원장의 회담 준비에서도 굳건한 논의를 지속해나가기를 고대한다”고 덧붙였다.
백악관이 남북 정상의 만남 직후 긍정적이고 낙관적인 태도의 논평을 곧바로 발표한 것은 이번 회담 및 이어질 북-미 정상회담에 대한 기대를 그대로 반영한 것으로 풀이된다.","백악관 “역사적 만남…한반도 평화·번영 진전 기대”
문재인 대통령-김정은 위원장 첫 만남 직후
대변인실 명의로 성명 내어 환영
“역사적 만남” 평가, 기대 표방
미국 백악관은 27일 판문점에서 이뤄진 문재인 대통령과 김정은 북한 국무위원장의 첫 만남에 대해 “한반도 전체의 평화와 번영으로 가는 진전을 이뤄내길 바란다”고 밝혔다.
백악관은 이날 오전 9시30분(한국시각) 남북 정상이 판문점에서 처음으로 만난 직후 대변인실 명의의 논평을 내어 “문재인 한국 대통령과 북한 지도자 김정은의 역사적 만남을 맞아, 우리는 한국인들의 앞날에 성공을 기원한다”며 이렇게 밝혔다. 백악관은 “미국은 우리의 동맹인 한국과의 긴밀한 공조에 감사하고 있으며, 몇 주 안에 열릴 도널드 트럼프 대통령과 김 위원장의 회담 준비에서도 굳건한 논의를 지속해나가기를 고대한다”고 덧붙였다.
백악관이 남북 정상의 만남 직후 긍정적이고 낙관적인 태도의 논평을 곧바로 발표한 것은 이번 회담 및 이어질 북-미 정상회담에 대한 기대를 그대로 반영한 것으로 풀이된다.",3,432
iks_20180427_hankyoreh_news_072,Hankyoreh news 2018 April 27 corpus.txt,Hankyoreh,한겨레,news,2018-04-27,2018_april_summit,“김대중·노무현 대통령 함께 계시는 것 같아요~”,"27일 오전 광주독립영화관 남북정상회담 실황 중계
시민 70여 명 남북정상 만남 지켜보며 환호와 박수
“와~“","27일 오전 남북정상회담 실황 중계가 시작된 광주시 동구 서석동 광주영상복합문화관 6층 광주독립영화관에 모인 시민 70여 명은 남북정상이 만나 악수를 하는 순간 박수를 쳤다. 시민들은 이날 김정은 북한 국무위원장이 판문점 군사분계선 군사정전위원회 회의실 건물 사이로 걸어와 문재인 대통령과 하는 모습을 대형 스크린을 통해 지켜봤다. 시민들은 환호하며 감동의 눈물을 훔치기도 했다. 또 김 위원장의 제안으로 문 대통령이 군사분계선 북쪽 경계로 잠시 넘어갔다가 돌아오는 장면을 보고 “와~”하고 웃으며 박수를 쳤다.
이번 남북정상회담 실황중계는 광주지역 영화인들의 모임인 ‘광주영화영상인연대’가 운영하는 광주독립영화관이 마련했다. 이날 오전 9시 실황중계가 시작된 직후 이신 통일사회연구소장이 이번 남북정상회담의 의미에 대해 설명했다. 이신 소장은 “이번 남북정상회담에서 김 위원장이 의장대를 사열하는 것은 이제 한반도가 적대와 대결의 공간에서 화해의 공간으로 바뀐다는 의미가 담겨 있다”고 말했다.
이날 대형 스크린을 통해 남북정상 회담 장면을 중계하는 광주영상복합문화관 앞 길엔 한반도기 수십여 개가 걸려 있었다. 전영원 광주 동구의원은 “눈물 나네요. 봄이 오긴 오나 봅니다. 김대중·노무현 대통령이 함께 계시는 것 같아요. 평화의 세상을 포기하지 않고 우리 모두가 염원해 온 덕분인 것 같습니다”라고 말했다.
윤수안 광주독립영화관 관장은 “시민들이 함께 모여 환호하고 박수치는 모습을 보면서 나도 가슴이 뭉클해 눈물이 나왔다”며 “평화이 훈풍이 지속돼 광주 영화인들이 북한을 찾아 작품도 찍고 서로 교류도 하는 날이 오길 기원한다”고 말했다.","“김대중·노무현 대통령 함께 계시는 것 같아요~”
27일 오전 광주독립영화관 남북정상회담 실황 중계
시민 70여 명 남북정상 만남 지켜보며 환호와 박수
“와~“
27일 오전 남북정상회담 실황 중계가 시작된 광주시 동구 서석동 광주영상복합문화관 6층 광주독립영화관에 모인 시민 70여 명은 남북정상이 만나 악수를 하는 순간 박수를 쳤다. 시민들은 이날 김정은 북한 국무위원장이 판문점 군사분계선 군사정전위원회 회의실 건물 사이로 걸어와 문재인 대통령과 하는 모습을 대형 스크린을 통해 지켜봤다. 시민들은 환호하며 감동의 눈물을 훔치기도 했다. 또 김 위원장의 제안으로 문 대통령이 군사분계선 북쪽 경계로 잠시 넘어갔다가 돌아오는 장면을 보고 “와~”하고 웃으며 박수를 쳤다.
이번 남북정상회담 실황중계는 광주지역 영화인들의 모임인 ‘광주영화영상인연대’가 운영하는 광주독립영화관이 마련했다. 이날 오전 9시 실황중계가 시작된 직후 이신 통일사회연구소장이 이번 남북정상회담의 의미에 대해 설명했다. 이신 소장은 “이번 남북정상회담에서 김 위원장이 의장대를 사열하는 것은 이제 한반도가 적대와 대결의 공간에서 화해의 공간으로 바뀐다는 의미가 담겨 있다”고 말했다.
이날 대형 스크린을 통해 남북정상 회담 장면을 중계하는 광주영상복합문화관 앞 길엔 한반도기 수십여 개가 걸려 있었다. 전영원 광주 동구의원은 “눈물 나네요. 봄이 오긴 오나 봅니다. 김대중·노무현 대통령이 함께 계시는 것 같아요. 평화의 세상을 포기하지 않고 우리 모두가 염원해 온 덕분인 것 같습니다”라고 말했다.
윤수안 광주독립영화관 관장은 “시민들이 함께 모여 환호하고 박수치는 모습을 보면서 나도 가슴이 뭉클해 눈물이 나왔다”며 “평화이 훈풍이 지속돼 광주 영화인들이 북한을 찾아 작품도 찍고 서로 교류도 하는 날이 오길 기원한다”고 말했다.",4,809
iks_20180427_hankyoreh_news_073,Hankyoreh news 2018 April 27 corpus.txt,Hankyoreh,한겨레,news,2018-04-27,2018_april_summit,"일본 방송들, 남북정상회담 동시통역 생중계 ‘큰 관심’","신문도 누리집 통해서 실시간 보도
“한반도 정세 역사적 전화점 맞아”
김 위원장 행동·말투 등에 큰 관심","일본 언론들은 북한 최고지도자의 남한 방문은 처음이라는 점을 부각하며, 김정은 북한국무위원장의 일거수 일투족에 특히 큰 관심을 보였다.
공영방송 <엔에이케이>(NHK)는 문재인 대통령이 오전 8시6분께 남북 정상회담을 위해서 판문점을 향해 출발하는 모습을 긴급 보도했다. 이후 남북 정상회담 환영식이 열리기 30분 전인 오전 9시부터 판문점 모습을 비추며 환영식 모습을 생중계했다. <엔에이치케이>는 이어 평화의집에서 열린 문 대통령과 김 위원장 정상회담 사전 환담 장면도 동시통역을 통해 생중계했다.
일본 신문들도 누리집을 통해서 문 대통령과 김 위원장이 악수하는 모습을 속보로 내보내며 큰 관심을 보였다. <아사히신문>은 누리집을 통해서 문 대통령의 판문점 도착 소식부터 실시간으로 남북정상회담 모습을 속보로 내보냈다. 대표적 포털사이트인 야후에도 문 대통령과 김 위원장이 악수를 하는 사진이 가장 상단에 배치됐다.
<마이니치신문>은 “북한 최고지도자의 방한은 처음”이라며 “한반도 정세는 새로운 전환기를 맞았다”고 평가했다. <요미우리신문>은 “70여년에 이르는 남북 분단 사상 북한 최고지도가 남북 군사경계분계선을 넘은 것은 처음”이라고 전했다.
<요미우리신문>은 김 위원장이 만찬 메뉴로 가지고 온 옥류관 평양냉면 “멀리서 온""이라고 말한 뒤 여동생인 김여정 노동당 중앙위원회 제1부부장을 쳐다보며 “멀다고 말하면 안되갓구나”라고 농담을 한 장면을 소개했다. <아사히신문>은 김 위원장이 방명록에 글을 쓸 때 한국 쪽에서 제공한 펜을 쓰지 않고 김 위원장이 앉는 의자도 소독하는 모습을 보였다며 “과잉일 정도로 안전에 신경을 쓰는 모습을 보였다”고 전했다.
<니혼게이자이신문>은 남북정상회담에서 일본 쪽의 주요 관심사인 일본인 납북자 문제가 거론될 것으로 보인다고 보도하는 등, 일본의 주요 관심사인 납북자 문제에 대한 언급도 대부분의 언론에서 빠지지 않았다.","일본 방송들, 남북정상회담 동시통역 생중계 ‘큰 관심’
신문도 누리집 통해서 실시간 보도
“한반도 정세 역사적 전화점 맞아”
김 위원장 행동·말투 등에 큰 관심
일본 언론들은 북한 최고지도자의 남한 방문은 처음이라는 점을 부각하며, 김정은 북한국무위원장의 일거수 일투족에 특히 큰 관심을 보였다.
공영방송 <엔에이케이>(NHK)는 문재인 대통령이 오전 8시6분께 남북 정상회담을 위해서 판문점을 향해 출발하는 모습을 긴급 보도했다. 이후 남북 정상회담 환영식이 열리기 30분 전인 오전 9시부터 판문점 모습을 비추며 환영식 모습을 생중계했다. <엔에이치케이>는 이어 평화의집에서 열린 문 대통령과 김 위원장 정상회담 사전 환담 장면도 동시통역을 통해 생중계했다.
일본 신문들도 누리집을 통해서 문 대통령과 김 위원장이 악수하는 모습을 속보로 내보내며 큰 관심을 보였다. <아사히신문>은 누리집을 통해서 문 대통령의 판문점 도착 소식부터 실시간으로 남북정상회담 모습을 속보로 내보냈다. 대표적 포털사이트인 야후에도 문 대통령과 김 위원장이 악수를 하는 사진이 가장 상단에 배치됐다.
<마이니치신문>은 “북한 최고지도자의 방한은 처음”이라며 “한반도 정세는 새로운 전환기를 맞았다”고 평가했다. <요미우리신문>은 “70여년에 이르는 남북 분단 사상 북한 최고지도가 남북 군사경계분계선을 넘은 것은 처음”이라고 전했다.
<요미우리신문>은 김 위원장이 만찬 메뉴로 가지고 온 옥류관 평양냉면 “멀리서 온""이라고 말한 뒤 여동생인 김여정 노동당 중앙위원회 제1부부장을 쳐다보며 “멀다고 말하면 안되갓구나”라고 농담을 한 장면을 소개했다. <아사히신문>은 김 위원장이 방명록에 글을 쓸 때 한국 쪽에서 제공한 펜을 쓰지 않고 김 위원장이 앉는 의자도 소독하는 모습을 보였다며 “과잉일 정도로 안전에 신경을 쓰는 모습을 보였다”고 전했다.
<니혼게이자이신문>은 남북정상회담에서 일본 쪽의 주요 관심사인 일본인 납북자 문제가 거론될 것으로 보인다고 보도하는 등, 일본의 주요 관심사인 납북자 문제에 대한 언급도 대부분의 언론에서 빠지지 않았다.",6,934
iks_20180427_hankyoreh_news_074,Hankyoreh news 2018 April 27 corpus.txt,Hankyoreh,한겨레,news,2018-04-27,2018_april_summit,"김여정, 김정은 밀착 수행 ‘남매 케미’ 폭발",,"27일 오전 김정은 북한 국무위원장이 문재인 대통령의 안내를 받으며 남쪽 육해공군 의장대 사열을 받는 동안, 김 위원장의 45도 뒤쪽으로 한 여성이 홀로 따라 걸어오고 있었다. 회색 투피스를 입은 김여정 당중앙위원회 제1부부장이었다.
김 위원장의 동생인 김 부부장은, 앞서 군사분계선을 넘은 김 위원장이 남쪽 화동으로부터 받은 꽃을 바로 옆에서 자연스럽게 넘겨받았다. 평화의집에 도착해 방명록을 쓰려는 김 위원장에게 펜을 건넨 것도 김 부부장이었다. 김정은-김여정 ‘남매 케미’를 자랑하는 그림자 밀착 수행인 셈이다.
김 부부장은 지난 2월 김 위원장 특사 자격으로 남쪽을 찾았을 때 만났던 문 대통령과 환한 눈웃음을 지으며 반갑게 악수했다. 이 장면은 네티즌들 사이에서도 화제가 됐다. 문 대통령과 김 위원장이 수행원들과 함께 예정에 없던 단체사진을 찍을 때도 김 부부장은 첫줄 오른쪽 맨끝에 섰다. 사진촬영 뒤에는 다시 임종석 대통령 비서실장과 웃으며 악수하기도 했다.
김 부부장은 이후 레드카펫 위로 김 위원장과 문 대통령 뒤를 따라가다, 수행원으로 보이는 사람이 ‘의전’ 실수를 알리자 서둘러 옆으로 빠지는 모습이 카메라에 잡히기도 했다. 김 부부장은 정상회담장 ‘2018㎜ 테이블’에도 김 위원장 바로 왼쪽에 앉았다.
지난 2월 평창 겨울올림픽 당시 시종일관 웃는 얼굴로 남쪽에 좋은 이미지를 남긴 김 부부장을 적극 활용하는 모양새다.
김정은 국무위원장이 평화의 집에 입장해 서명을 하려하자 김여정 부부장이 펜을 건네고 있다.","김여정, 김정은 밀착 수행 ‘남매 케미’ 폭발
27일 오전 김정은 북한 국무위원장이 문재인 대통령의 안내를 받으며 남쪽 육해공군 의장대 사열을 받는 동안, 김 위원장의 45도 뒤쪽으로 한 여성이 홀로 따라 걸어오고 있었다. 회색 투피스를 입은 김여정 당중앙위원회 제1부부장이었다.
김 위원장의 동생인 김 부부장은, 앞서 군사분계선을 넘은 김 위원장이 남쪽 화동으로부터 받은 꽃을 바로 옆에서 자연스럽게 넘겨받았다. 평화의집에 도착해 방명록을 쓰려는 김 위원장에게 펜을 건넨 것도 김 부부장이었다. 김정은-김여정 ‘남매 케미’를 자랑하는 그림자 밀착 수행인 셈이다.
김 부부장은 지난 2월 김 위원장 특사 자격으로 남쪽을 찾았을 때 만났던 문 대통령과 환한 눈웃음을 지으며 반갑게 악수했다. 이 장면은 네티즌들 사이에서도 화제가 됐다. 문 대통령과 김 위원장이 수행원들과 함께 예정에 없던 단체사진을 찍을 때도 김 부부장은 첫줄 오른쪽 맨끝에 섰다. 사진촬영 뒤에는 다시 임종석 대통령 비서실장과 웃으며 악수하기도 했다.
김 부부장은 이후 레드카펫 위로 김 위원장과 문 대통령 뒤를 따라가다, 수행원으로 보이는 사람이 ‘의전’ 실수를 알리자 서둘러 옆으로 빠지는 모습이 카메라에 잡히기도 했다. 김 부부장은 정상회담장 ‘2018㎜ 테이블’에도 김 위원장 바로 왼쪽에 앉았다.
지난 2월 평창 겨울올림픽 당시 시종일관 웃는 얼굴로 남쪽에 좋은 이미지를 남긴 김 부부장을 적극 활용하는 모양새다.
김정은 국무위원장이 평화의 집에 입장해 서명을 하려하자 김여정 부부장이 펜을 건네고 있다.",6,747
iks_20180427_hankyoreh_news_075,Hankyoreh news 2018 April 27 corpus.txt,Hankyoreh,한겨레,news,2018-04-27,2018_april_summit,문 대통령 ‘종북 굴레’ 조작 사진 확산…정상회담 폄훼 의도?,"문 대통령 글귀 조작한 ‘가짜 뉴스’ SNS서 유포 논란
‘안전’을 ‘남한사람’으로, ‘눈물짓는 국민’을 ‘태워지는 인공기’로
시민넷 “행사 사진 조작하고, 안전문제 희화화 유감”","11년 만에 남북 정상이 만나는 제3차 남북정상회담이 열리고 있는 가운데, 문재인 대통령이 과거에 썼던 글귀를 조작해 ‘종북 프레임’을 씌운 조작 사진이 온라인에 확산돼 논란이 일고 있다.
27일 사회관계망서비스(SNS)와 카카오톡 단체 채팅방 등에는 문 대통령이 대선 후보 시절 때인 지난해 촬영된 사진이 조작된 채 유포되고 있다. 원본 사진은 지난해 4월13일 <뉴시스>가 보도한 ‘문재인, 안전한 나라 만들겠습니다’라는 제목의 사진 기사다.
당시 문 대통령은 서울 종로구 광화문 광장에서 열린 ‘국민생명안전 약속식'에 참석해 “안전 때문에 눈물짓는 국민이 단 한 명도 없게 만들겠습니다”라고 적었다. 하지만, 조작돼 유포되고 있는 사진에는 “남한 사람 때문에 태워지는 인공기가 단 한 개도 없게 만들겠습니다”라고 글귀가 바뀌어 있다. 누군가가 ‘안전’을 ‘남한 사람’으로 바꿨고 ‘눈물짓는 국민’을 ‘태워지는 인공기’로 고쳤다. ‘가짜 뉴스’로 문 대통령을 흠집 내 보수층을 집결하게 하려는 의도로 풀이된다.
해당 사진을 촬영한 매체인 <뉴시스>는 26일 “사진이 비교적 연령대가 높거나 보수적 성향을 가진 이들이 모여 있는 단체 채팅방에서 급속도로 유포되고 있다”며 “한 보수 정당 관계자가 사진이 진짜인지 물어오기도 했다”고 전했다. 이 매체는 이어 “이 같은 왜곡은 최근 한반도를 둘러싼 정세가 남북정상회담과 뒤이어 예정된 북미정상회담으로 비핵화 여정을 밟고 있는 것과 상관성이 높아 보인다”며 “한반도에 평화가 찾아오면 평소 안보 위기를 강조하며 현 집권 세력을 ‘종북' ‘친북'으로 비난해온 보수 세력이 설 자리를 잃게 될 가능성이 크기 때문“이라고 보도했다.
앞서 지난해 열린 ‘국민생명안전 약속식’은 시민사회단체들이 대선 후보들을 초청해 새 정부가 해야 할 안전 10대 과제를 제안하고, 후보가 국민들 앞에 '안전한 나라'를 약속하는 행사였다.
세월호 참사와 가습기 살균제 피해자 및 유족, 반올림 삼성직업병 피해자 등 대형 참사 피해자들이 ‘국민의 생명과 안전을 최우선으로 하는 나라를 만들어 달라’고 요청하고, 후보가 직접 자신의 약속을 자필로 적는 순서가 있었다. 문 대통령뿐만 아니라 심상정, 안철수 후보 등 4명의 후보가 참석했다.
가짜 사진이 퍼지자, 생명안전 시민넷은 긴급 논평을 내어 “행사 사진을 조작하고, 안전문제를 희화화한 것에 대해 깊은 슬픔과 강력한 유감을 표한다”고 밝혔다. 시민넷은 “마치 세월호 진상조사를 요구하며 단식하는 세월호 참사 유가족들 앞에서 폭식 투쟁을 벌였던 반인도적 행위와 다름없다”며 “안전은 정치적 입장, 보수나 진보를 떠나 모든 국민에게 보장되어야 할 기본적 가치”라고 지적했다.","문 대통령 ‘종북 굴레’ 조작 사진 확산…정상회담 폄훼 의도?
문 대통령 글귀 조작한 ‘가짜 뉴스’ SNS서 유포 논란
‘안전’을 ‘남한사람’으로, ‘눈물짓는 국민’을 ‘태워지는 인공기’로
시민넷 “행사 사진 조작하고, 안전문제 희화화 유감”
11년 만에 남북 정상이 만나는 제3차 남북정상회담이 열리고 있는 가운데, 문재인 대통령이 과거에 썼던 글귀를 조작해 ‘종북 프레임’을 씌운 조작 사진이 온라인에 확산돼 논란이 일고 있다.
27일 사회관계망서비스(SNS)와 카카오톡 단체 채팅방 등에는 문 대통령이 대선 후보 시절 때인 지난해 촬영된 사진이 조작된 채 유포되고 있다. 원본 사진은 지난해 4월13일 <뉴시스>가 보도한 ‘문재인, 안전한 나라 만들겠습니다’라는 제목의 사진 기사다.
당시 문 대통령은 서울 종로구 광화문 광장에서 열린 ‘국민생명안전 약속식'에 참석해 “안전 때문에 눈물짓는 국민이 단 한 명도 없게 만들겠습니다”라고 적었다. 하지만, 조작돼 유포되고 있는 사진에는 “남한 사람 때문에 태워지는 인공기가 단 한 개도 없게 만들겠습니다”라고 글귀가 바뀌어 있다. 누군가가 ‘안전’을 ‘남한 사람’으로 바꿨고 ‘눈물짓는 국민’을 ‘태워지는 인공기’로 고쳤다. ‘가짜 뉴스’로 문 대통령을 흠집 내 보수층을 집결하게 하려는 의도로 풀이된다.
해당 사진을 촬영한 매체인 <뉴시스>는 26일 “사진이 비교적 연령대가 높거나 보수적 성향을 가진 이들이 모여 있는 단체 채팅방에서 급속도로 유포되고 있다”며 “한 보수 정당 관계자가 사진이 진짜인지 물어오기도 했다”고 전했다. 이 매체는 이어 “이 같은 왜곡은 최근 한반도를 둘러싼 정세가 남북정상회담과 뒤이어 예정된 북미정상회담으로 비핵화 여정을 밟고 있는 것과 상관성이 높아 보인다”며 “한반도에 평화가 찾아오면 평소 안보 위기를 강조하며 현 집권 세력을 ‘종북' ‘친북'으로 비난해온 보수 세력이 설 자리를 잃게 될 가능성이 크기 때문“이라고 보도했다.
앞서 지난해 열린 ‘국민생명안전 약속식’은 시민사회단체들이 대선 후보들을 초청해 새 정부가 해야 할 안전 10대 과제를 제안하고, 후보가 국민들 앞에 '안전한 나라'를 약속하는 행사였다.
세월호 참사와 가습기 살균제 피해자 및 유족, 반올림 삼성직업병 피해자 등 대형 참사 피해자들이 ‘국민의 생명과 안전을 최우선으로 하는 나라를 만들어 달라’고 요청하고, 후보가 직접 자신의 약속을 자필로 적는 순서가 있었다. 문 대통령뿐만 아니라 심상정, 안철수 후보 등 4명의 후보가 참석했다.
가짜 사진이 퍼지자, 생명안전 시민넷은 긴급 논평을 내어 “행사 사진을 조작하고, 안전문제를 희화화한 것에 대해 깊은 슬픔과 강력한 유감을 표한다”고 밝혔다. 시민넷은 “마치 세월호 진상조사를 요구하며 단식하는 세월호 참사 유가족들 앞에서 폭식 투쟁을 벌였던 반인도적 행위와 다름없다”며 “안전은 정치적 입장, 보수나 진보를 떠나 모든 국민에게 보장되어야 할 기본적 가치”라고 지적했다.",7,1313
iks_20180427_hankyoreh_news_076,Hankyoreh news 2018 April 27 corpus.txt,Hankyoreh,한겨레,news,2018-04-27,2018_april_summit,두 정상 ‘군사분계선 악수’에 킨텍스 메운 내·외신 기자 3천명 환호,김정은 등장에 ‘술렁’…MDL 북쪽 넘어갔다 돌아오는 장면엔 웃음도,"남북 정상이 27일 판문점 군사분계선에서 손을 맞잡은 순간 내외신 취재진 3천 명이 몰린 프레스센터에는 환호성과 박수가 터져 나왔다. 내외신 취재진은 이날 경기 고양 킨텍스 제1전시장에 마련된 메인프레스센터(MPC)에서 전면에 설치된 대형 스크린을 통해 문재인 대통령과 김정은 북한 국무위원장의 첫 만남을 지켜봤다.
오전 9시 30분께 김 위원장이 공식 수행원 일행과 함께 판문점 북측지역 판문각 현관에 등장하자 취재진은 탄성을 터뜨리며 술렁거리기 시작했다.
군사분계선(MDL)으로 걸어온 김 위원장이 문 대통령과 환하게 웃으며 두 손을 맞잡자 취재진은 믿기지 않는 표정으로 '와∼' 하고 소리를 질렀고, 김 위원장이 MDL을 넘어 남측지역에 발을 딛자 또 한 번 박수가 터졌다.
취재진 중 일부는 감격한 표정으로 눈시울을 붉히기도 했다. 이어 김 위원장이 문 대통령과 손을 잡고 MDL 북측지역으로 넘어갔다 돌아오는 예상치 못한 장면이 펼쳐지자 프레스센터에도 웃음이 터졌다.
내외신 기자들은 문 대통령과 김 위원장의 역사적인 만남을 중계해주는 스크린에서 눈을 떼지 못한 채 속보로 실시간 상황을 전 세계에 타전했다. 이번 남북정상회담을 앞두고 지난 24일까지 41개국 460개 언론사에서 2천850명의 언론인이 취재를 신청했고 현장에서 추가 등록도 가능했다. 지난 두 차례의 남북정상회담 때도 프레스센터에서는 비슷한 장면이 펼쳐졌다. 2000년 첫 남북정상회담 당시 김대중 전 대통령과 김정일 국방위원장이 평양 순안공항에서 만난 순간에도 서울 소공동 롯데호텔에 마련된 프레스센터에서는 내외신기자들의 박수가 터져 나왔다.
당시 생중계를 통해 김정일 위원장이 예상을 깨고 직접 공항에 나와 김 전 대통령을 맞이하는 장면이 전해지자 취재진은 놀라움을 감추지 못하며 남북 정상의 첫 악수에 환호를 보냈다.
2007년 노무현 전 대통령과 김정일 국방위원장의 정상회담 때는 노 전 대통령이 MDL을 넘는 순간 서울의 프레스센터에 집결한 내외신의 시선이 전면의 스크린에 집중됐다.
당시 노 전 대통령이 ""분단의 벽을 허물자""는 등의 소감을 밝히고 노란색으로 표시된 MDL을 통과하자 취재진 사이에 박수가 터졌다.","두 정상 ‘군사분계선 악수’에 킨텍스 메운 내·외신 기자 3천명 환호
김정은 등장에 ‘술렁’…MDL 북쪽 넘어갔다 돌아오는 장면엔 웃음도
남북 정상이 27일 판문점 군사분계선에서 손을 맞잡은 순간 내외신 취재진 3천 명이 몰린 프레스센터에는 환호성과 박수가 터져 나왔다. 내외신 취재진은 이날 경기 고양 킨텍스 제1전시장에 마련된 메인프레스센터(MPC)에서 전면에 설치된 대형 스크린을 통해 문재인 대통령과 김정은 북한 국무위원장의 첫 만남을 지켜봤다.
오전 9시 30분께 김 위원장이 공식 수행원 일행과 함께 판문점 북측지역 판문각 현관에 등장하자 취재진은 탄성을 터뜨리며 술렁거리기 시작했다.
군사분계선(MDL)으로 걸어온 김 위원장이 문 대통령과 환하게 웃으며 두 손을 맞잡자 취재진은 믿기지 않는 표정으로 '와∼' 하고 소리를 질렀고, 김 위원장이 MDL을 넘어 남측지역에 발을 딛자 또 한 번 박수가 터졌다.
취재진 중 일부는 감격한 표정으로 눈시울을 붉히기도 했다. 이어 김 위원장이 문 대통령과 손을 잡고 MDL 북측지역으로 넘어갔다 돌아오는 예상치 못한 장면이 펼쳐지자 프레스센터에도 웃음이 터졌다.
내외신 기자들은 문 대통령과 김 위원장의 역사적인 만남을 중계해주는 스크린에서 눈을 떼지 못한 채 속보로 실시간 상황을 전 세계에 타전했다. 이번 남북정상회담을 앞두고 지난 24일까지 41개국 460개 언론사에서 2천850명의 언론인이 취재를 신청했고 현장에서 추가 등록도 가능했다. 지난 두 차례의 남북정상회담 때도 프레스센터에서는 비슷한 장면이 펼쳐졌다. 2000년 첫 남북정상회담 당시 김대중 전 대통령과 김정일 국방위원장이 평양 순안공항에서 만난 순간에도 서울 소공동 롯데호텔에 마련된 프레스센터에서는 내외신기자들의 박수가 터져 나왔다.
당시 생중계를 통해 김정일 위원장이 예상을 깨고 직접 공항에 나와 김 전 대통령을 맞이하는 장면이 전해지자 취재진은 놀라움을 감추지 못하며 남북 정상의 첫 악수에 환호를 보냈다.
2007년 노무현 전 대통령과 김정일 국방위원장의 정상회담 때는 노 전 대통령이 MDL을 넘는 순간 서울의 프레스센터에 집결한 내외신의 시선이 전면의 스크린에 집중됐다.
당시 노 전 대통령이 ""분단의 벽을 허물자""는 등의 소감을 밝히고 노란색으로 표시된 MDL을 통과하자 취재진 사이에 박수가 터졌다.",8,1064
iks_20180427_hankyoreh_news_077,Hankyoreh news 2018 April 27 corpus.txt,Hankyoreh,한겨레,news,2018-04-27,2018_april_summit,"김정은 등장에 “오!”, 문 대통령 군사분계선 넘자 박수","남북정상회담 메인프레스센터 가보니
남북 정상 역사적 만남에 내·외신 기자들도 환호
문재인 대통령 MDL 넘자 일제히 박수","남북 정상의 역사적인 만남의 순간을 지켜보며 내·외신 기자들도 환호했다.
27일 오전 경기 고양 킨텍스에 마련된 2018 남북정상회담 메인 프레스센터에서 2000여명의 기자들은 숨을 죽인 채 김정은 북한 국무위원장의 등장을 기다렸다. 오전 9시28분께 김 국무위원장이 수행원들과 함께 북쪽 판문각에서 나오며 모습을 드러내자 프레스센터 앞쪽 대형 스크린을 바라보던 기자들 사이에서 일제히 “오~” 하는 감탄사가 터져나왔다.
군사분계선(MDL) 앞에 대기하던 문재인 대통령이 드디어 김 위원장과 만나 반갑게 악수하자 기자들은 “와~” 하고 환호하며 박수를 쳤고, 눈시울을 붉히는 기자도 있었다. 9시30분 문 대통령이 김 위원장과 함께 군사분계선을 넘어 북쪽 땅을 밟는 장면에서는 가장 큰 박수가 터져나왔다. 일부 기자들은 “소름이 돋는다”, “마음이 찡하다”는 소감을 말하며 화면에서 눈을 떼질 못했다. 평화의 집으로 이동한 두 정상이 북한산 그림을 함께 지켜보는 순간, 현지 취재 기자들이 촬영에 몰두하며 중계 카메라를 가리자 프레스센터에서는 웃음이 터져나오기도 했다. 화면에서 눈을 떼지 못하던 기자들은 두 정상이 사전 환담을 시작하며 중계가 비공개로 전환되자 분주히 기사 작성과 프레스센터 현장 생중계를 시작했다.
프레스센터에 상주하는 공무원들과 기업체 직원들도 중계 화면을 함께 지켜봤다. 일부 직원들은 휴대전화로 영상을 찍으며 감동적인 장면을 담았다. 프레스센터 화면을 배경으로 사진을 찍던 고선경 케이티(KT) 사회공헌팀 차장은 “양 정상의 만남을 보니 감동을 받아 심장이 벌렁벌렁하다”며 “역사적인 현장이라는 실감이 난다”고 웃었다.","김정은 등장에 “오!”, 문 대통령 군사분계선 넘자 박수
남북정상회담 메인프레스센터 가보니
남북 정상 역사적 만남에 내·외신 기자들도 환호
문재인 대통령 MDL 넘자 일제히 박수
남북 정상의 역사적인 만남의 순간을 지켜보며 내·외신 기자들도 환호했다.
27일 오전 경기 고양 킨텍스에 마련된 2018 남북정상회담 메인 프레스센터에서 2000여명의 기자들은 숨을 죽인 채 김정은 북한 국무위원장의 등장을 기다렸다. 오전 9시28분께 김 국무위원장이 수행원들과 함께 북쪽 판문각에서 나오며 모습을 드러내자 프레스센터 앞쪽 대형 스크린을 바라보던 기자들 사이에서 일제히 “오~” 하는 감탄사가 터져나왔다.
군사분계선(MDL) 앞에 대기하던 문재인 대통령이 드디어 김 위원장과 만나 반갑게 악수하자 기자들은 “와~” 하고 환호하며 박수를 쳤고, 눈시울을 붉히는 기자도 있었다. 9시30분 문 대통령이 김 위원장과 함께 군사분계선을 넘어 북쪽 땅을 밟는 장면에서는 가장 큰 박수가 터져나왔다. 일부 기자들은 “소름이 돋는다”, “마음이 찡하다”는 소감을 말하며 화면에서 눈을 떼질 못했다. 평화의 집으로 이동한 두 정상이 북한산 그림을 함께 지켜보는 순간, 현지 취재 기자들이 촬영에 몰두하며 중계 카메라를 가리자 프레스센터에서는 웃음이 터져나오기도 했다. 화면에서 눈을 떼지 못하던 기자들은 두 정상이 사전 환담을 시작하며 중계가 비공개로 전환되자 분주히 기사 작성과 프레스센터 현장 생중계를 시작했다.
프레스센터에 상주하는 공무원들과 기업체 직원들도 중계 화면을 함께 지켜봤다. 일부 직원들은 휴대전화로 영상을 찍으며 감동적인 장면을 담았다. 프레스센터 화면을 배경으로 사진을 찍던 고선경 케이티(KT) 사회공헌팀 차장은 “양 정상의 만남을 보니 감동을 받아 심장이 벌렁벌렁하다”며 “역사적인 현장이라는 실감이 난다”고 웃었다.",4,808
iks_20180427_hankyoreh_news_078,Hankyoreh news 2018 April 27 corpus.txt,Hankyoreh,한겨레,news,2018-04-27,2018_april_summit,"북 총참모장·인민무력상, 문 대통령에 ‘거수 경례’ 눈길",정경두 합창의장은 김 위원장과 악수만,"문재인 대통령과 김정은 국무위원장이 각각 공식 수행원을 소개하는 자리에서 남북 군부 인사들의 인사법이 달라 비교됐다.
남쪽의 군부 인사들은 첫 만남에서 비교적 간결한 자세로 김정은 위원장을 맞았다. 미리 도열해 있던 송영무 국방부 장관은 문 대통령의 안내를받은 김정은 위원장이 앞으로 오자 악수를 하며 가볍게 목례를 했다. 그러나 정경두 합참의장은 굳은 표정으로 끝까지 고개를 꼿꼿하게 유지한 채 김 위원장과 악수했다. 과거 2007년 10월 노무현 대통령과 김정일 국방위원장의 정상회담 때 널리 회자됐던 김장수 당시 국방부 장관의 ‘꼿꼿 장수’ 악수법을 연상케 했다.
이는 여전히 군 인사들이 ‘적’인 북한군 총사령관에게 허리를 굽히거나 경례를 하는 것에 대한 부정적 인식이 남아있기 때문인 것으로 보인다. 이와 관련해 송영무 장관은 지난주 사석에서 “김 위원장과 처음 인사할 때 어떤 표정으로 어떻게 대해야 좋을지 그 방식에 대해 대략 5가지 정도 고민하고 있다”고 말한 바 있다.
반면 북쪽 인사들은 문 대통령에 거수경례를 먼저 했다. 리명수 총참모장은 김정은 위원장이 문 대통령에게 소개를 시키자, 가볍게 오른 손을 눈 주위에 올리는 예를 갖춘 뒤 악수를 했고, 박영식 인민무력상도 문 대통령에 가볍게 거수경계를 한 뒤 악수했다.","북 총참모장·인민무력상, 문 대통령에 ‘거수 경례’ 눈길
정경두 합창의장은 김 위원장과 악수만
문재인 대통령과 김정은 국무위원장이 각각 공식 수행원을 소개하는 자리에서 남북 군부 인사들의 인사법이 달라 비교됐다.
남쪽의 군부 인사들은 첫 만남에서 비교적 간결한 자세로 김정은 위원장을 맞았다. 미리 도열해 있던 송영무 국방부 장관은 문 대통령의 안내를받은 김정은 위원장이 앞으로 오자 악수를 하며 가볍게 목례를 했다. 그러나 정경두 합참의장은 굳은 표정으로 끝까지 고개를 꼿꼿하게 유지한 채 김 위원장과 악수했다. 과거 2007년 10월 노무현 대통령과 김정일 국방위원장의 정상회담 때 널리 회자됐던 김장수 당시 국방부 장관의 ‘꼿꼿 장수’ 악수법을 연상케 했다.
이는 여전히 군 인사들이 ‘적’인 북한군 총사령관에게 허리를 굽히거나 경례를 하는 것에 대한 부정적 인식이 남아있기 때문인 것으로 보인다. 이와 관련해 송영무 장관은 지난주 사석에서 “김 위원장과 처음 인사할 때 어떤 표정으로 어떻게 대해야 좋을지 그 방식에 대해 대략 5가지 정도 고민하고 있다”고 말한 바 있다.
반면 북쪽 인사들은 문 대통령에 거수경례를 먼저 했다. 리명수 총참모장은 김정은 위원장이 문 대통령에게 소개를 시키자, 가볍게 오른 손을 눈 주위에 올리는 예를 갖춘 뒤 악수를 했고, 박영식 인민무력상도 문 대통령에 가볍게 거수경계를 한 뒤 악수했다.",4,636
iks_20180427_hankyoreh_news_079,Hankyoreh news 2018 April 27 corpus.txt,Hankyoreh,한겨레,news,2018-04-27,2018_april_summit,“남북 정상 만남은 감동적인 장면”,제주국제공항 텔레비전 앞에는 관광객들 몰려,"역사적인 남북정상회담이 열린 27일 오전 제주국제공항에 도착한 관광객들은 걸음을 멈추고 텔레비전에서 생중계되는 남북 정상이 만나는 모습을 보며 박수를 치는 모습이 보였다. 일부 관광객들은 여행길을 잠시 멈추고 텔레비전 앞에 앉기도 했다.
2박3일 일정으로 아들과 둘이만 여행을 온 전향수(44·서울)씨는 “남북정상회담이 기대된다. 감동적인 장면이 계속 나왔으면 좋겠다. 보수세력들의 방해만 없었으면 좋겠다. 언제까지 남북이 이념대결을 해야 하는가. 그만둬야 한다”며 기대를 나타냈다.
충남 천안시에서 온 최아무개(28)씨는 “긴장 완화와 비핵화가 쉽지는 않겠지만, 남북 정상의 만남을 계기로 서로 얘기가 잘 풀렸으면 한다. 아직은 지켜봐야 하는 단계인 것 같다”고 말했다. 2박3일 일정으로 온 백기수(38·서울)씨는 “김대중 대통령이 김정일 위원장을 만날 때와 비슷한 것 같다. 어떤 결과가 나올지 모르지만 감동적인 것만은 틀림없다. 만남으로 끝날지, 아니면 남북관계의 획기적 진전을 위한 결과가 나올지 매우 궁금하다. 남북관계가 긍정적으로 진척돼 남북이 잘 사는 모습을 봤으면 좋겠다”고 기대했다.
남북 정상들의 만남의 진정성에 대한 의구심을 드러내는 관광객도 있었다. 환갑을 맞아 초등학교 동창들과 여행 온 강연재(60)씨는 “북이 핵을 실제로 포기할 지 진의가 의심스럽다. 경제 제재를 피하기 위한 것일지도 모르겠다. 크게 기대를 하지는 않는다”고 말했다.","“남북 정상 만남은 감동적인 장면”
제주국제공항 텔레비전 앞에는 관광객들 몰려
역사적인 남북정상회담이 열린 27일 오전 제주국제공항에 도착한 관광객들은 걸음을 멈추고 텔레비전에서 생중계되는 남북 정상이 만나는 모습을 보며 박수를 치는 모습이 보였다. 일부 관광객들은 여행길을 잠시 멈추고 텔레비전 앞에 앉기도 했다.
2박3일 일정으로 아들과 둘이만 여행을 온 전향수(44·서울)씨는 “남북정상회담이 기대된다. 감동적인 장면이 계속 나왔으면 좋겠다. 보수세력들의 방해만 없었으면 좋겠다. 언제까지 남북이 이념대결을 해야 하는가. 그만둬야 한다”며 기대를 나타냈다.
충남 천안시에서 온 최아무개(28)씨는 “긴장 완화와 비핵화가 쉽지는 않겠지만, 남북 정상의 만남을 계기로 서로 얘기가 잘 풀렸으면 한다. 아직은 지켜봐야 하는 단계인 것 같다”고 말했다. 2박3일 일정으로 온 백기수(38·서울)씨는 “김대중 대통령이 김정일 위원장을 만날 때와 비슷한 것 같다. 어떤 결과가 나올지 모르지만 감동적인 것만은 틀림없다. 만남으로 끝날지, 아니면 남북관계의 획기적 진전을 위한 결과가 나올지 매우 궁금하다. 남북관계가 긍정적으로 진척돼 남북이 잘 사는 모습을 봤으면 좋겠다”고 기대했다.
남북 정상들의 만남의 진정성에 대한 의구심을 드러내는 관광객도 있었다. 환갑을 맞아 초등학교 동창들과 여행 온 강연재(60)씨는 “북이 핵을 실제로 포기할 지 진의가 의심스럽다. 경제 제재를 피하기 위한 것일지도 모르겠다. 크게 기대를 하지는 않는다”고 말했다.",4,707
iks_20180427_hankyoreh_news_080,Hankyoreh news 2018 April 27 corpus.txt,Hankyoreh,한겨레,news,2018-04-27,2018_april_summit,"백악관 “남북정상회담, 평화와 번영으로 가는 진전 이루길 기대”",,"백악관은 27일 판문점에서 이뤄진 남북 정상의 역사적 만남에 대해 ""한반도 전체를 위한 평화와 번영으로 가는 진전을 이루기를 희망한다""고 밝혔다. 백악관은 이날 오전 9시30분 문재인 대통령과 김정은 북한 국무위원장이 판문점에서 첫 대면을 한 직후 성명을 내고 이같은 입장을 표명했다.","백악관 “남북정상회담, 평화와 번영으로 가는 진전 이루길 기대”
백악관은 27일 판문점에서 이뤄진 남북 정상의 역사적 만남에 대해 ""한반도 전체를 위한 평화와 번영으로 가는 진전을 이루기를 희망한다""고 밝혔다. 백악관은 이날 오전 9시30분 문재인 대통령과 김정은 북한 국무위원장이 판문점에서 첫 대면을 한 직후 성명을 내고 이같은 입장을 표명했다.",1,159
iks_20180427_hankyoreh_news_081,Hankyoreh news 2018 April 27 corpus.txt,Hankyoreh,한겨레,news,2018-04-27,2018_april_summit,김정은 둘러쌌던 경호원 14명 갑자기 사라졌다,,"27일 오전 9시29분 김정은 북한 국무위원장이 북쪽 판문각 문을 나섰다. 판문각 계단을 내려오는 동안 김 위원장 주변은 경호원 14명이 둥글게 감쌌다. 남쪽에서는 김 위원장의 모습이 전혀 보이지 않을 정도로 철통 경호였다. 그러나 김 위원장이 계단을 내려와 군사분계선 쪽으로 이동하는 순간, 경호원 전원과 수행원 등은 김 위원장 오른쪽 뒤편으로 모두 빠졌다. 김 위원장 홀로 문재인 대통령 쪽으로 걸어오는 장면이 전 세계에 방송되는 순간이었다.
김 위원장은 문재인 대통령의 안내를 받으며 육해공군 의장대 앞을 걸어가며 사열했다. 문 대통령은 각군 앞을 지나며 경례했지만, 김 위원장은 우리 군쪽으로 고개를 돌리지는 않았다.
2007년 10월2일 고 노무현 전 대통령이 남북정상회담을 위해 평양을 방문했을 당시에도 노 전 대통령은 김정일 국방위원장의 안내를 받으며 북쪽 육해공군 의장대를 사열했는데, 당시도 노 대통령은 앞 쪽만 바라보며 걸었다. 이날 송영무 국방부 장관은 김정은 위원장과 악수하며 가볍게 고개만 숙였다.","김정은 둘러쌌던 경호원 14명 갑자기 사라졌다
27일 오전 9시29분 김정은 북한 국무위원장이 북쪽 판문각 문을 나섰다. 판문각 계단을 내려오는 동안 김 위원장 주변은 경호원 14명이 둥글게 감쌌다. 남쪽에서는 김 위원장의 모습이 전혀 보이지 않을 정도로 철통 경호였다. 그러나 김 위원장이 계단을 내려와 군사분계선 쪽으로 이동하는 순간, 경호원 전원과 수행원 등은 김 위원장 오른쪽 뒤편으로 모두 빠졌다. 김 위원장 홀로 문재인 대통령 쪽으로 걸어오는 장면이 전 세계에 방송되는 순간이었다.
김 위원장은 문재인 대통령의 안내를 받으며 육해공군 의장대 앞을 걸어가며 사열했다. 문 대통령은 각군 앞을 지나며 경례했지만, 김 위원장은 우리 군쪽으로 고개를 돌리지는 않았다.
2007년 10월2일 고 노무현 전 대통령이 남북정상회담을 위해 평양을 방문했을 당시에도 노 전 대통령은 김정일 국방위원장의 안내를 받으며 북쪽 육해공군 의장대를 사열했는데, 당시도 노 대통령은 앞 쪽만 바라보며 걸었다. 이날 송영무 국방부 장관은 김정은 위원장과 악수하며 가볍게 고개만 숙였다.",3,515
iks_20180427_hankyoreh_news_082,Hankyoreh news 2018 April 27 corpus.txt,Hankyoreh,한겨레,news,2018-04-27,2018_april_summit,"김정은 위원장, 방명록에 “새로운 력사는 이제부터”","“평화의 시대, 력사의 출발점에서” 작성
‘북한산’ 대형 산수화 배경으로 기념촬영도
“새로운 력사는 이제부터. 평화의 시대, 력사의 출발점에서. 김정은 2018.4.27”","김정은 북한 국무위원장이 평화의집 방명록에 이렇게 적었다.
27일 오전 9시41분 문재인 대통령과 김정은 위원장은 정상회담 장소인 평화의집으로 들어섰다. 김 위원장은 전통 해주소반을 본뜬 서명대 앞 의자에 앉아 김여정 북한 노동당 중앙위원회 제1부부장이 건네준 펜으로 방명록을 작성하고 서명했다. 김 위원장이 방명록을 기록하는 동안 문 대통령은 옆에 서서 정면을 바라보다 두차례 김 위원장이 작성중인 방명록에 시선을 건넸다.
이어 두 정상은 1층 로비에 걸린 민정기 화백의 ‘북한산’ 그림을 배경으로 기념사진을 찍었다. 사진 촬영 후 두 정상은 ‘북한산’ 그림을 바라보며 30여초가량 대화를 나눴다. 김의겸 청와대 대변인은 이 그림의 의미에 대해 “역사상 처음으로 남쪽땅을 밟는 북측 지도자를 서울의 명산으로 초대한다는 의미를 담고 있다”고 설명했다. 이 의미에 더해 앞서 지난 25일 고민정 부대변인은 “서울에 있는 산이지만 이름은 ‘북한’산으로 중의적 의미도 고려했다”고 설명한 바 있다. ‘북한산’은 민정기 화백이 2007년 완성한 대형 산수화(452.5×264.5cm)다. 2010년께 국립현대미술관이 구입해 소장해왔고, 이번 남북정상회담을 위해 청와대 요청으로 대여해준 것으로 전해졌다. 두 정상은 기념촬영 직후 9시44분께 사전환담 장소인 접견실로 들어갔다.","김정은 위원장, 방명록에 “새로운 력사는 이제부터”
“평화의 시대, 력사의 출발점에서” 작성
‘북한산’ 대형 산수화 배경으로 기념촬영도
“새로운 력사는 이제부터. 평화의 시대, 력사의 출발점에서. 김정은 2018.4.27”
김정은 북한 국무위원장이 평화의집 방명록에 이렇게 적었다.
27일 오전 9시41분 문재인 대통령과 김정은 위원장은 정상회담 장소인 평화의집으로 들어섰다. 김 위원장은 전통 해주소반을 본뜬 서명대 앞 의자에 앉아 김여정 북한 노동당 중앙위원회 제1부부장이 건네준 펜으로 방명록을 작성하고 서명했다. 김 위원장이 방명록을 기록하는 동안 문 대통령은 옆에 서서 정면을 바라보다 두차례 김 위원장이 작성중인 방명록에 시선을 건넸다.
이어 두 정상은 1층 로비에 걸린 민정기 화백의 ‘북한산’ 그림을 배경으로 기념사진을 찍었다. 사진 촬영 후 두 정상은 ‘북한산’ 그림을 바라보며 30여초가량 대화를 나눴다. 김의겸 청와대 대변인은 이 그림의 의미에 대해 “역사상 처음으로 남쪽땅을 밟는 북측 지도자를 서울의 명산으로 초대한다는 의미를 담고 있다”고 설명했다. 이 의미에 더해 앞서 지난 25일 고민정 부대변인은 “서울에 있는 산이지만 이름은 ‘북한’산으로 중의적 의미도 고려했다”고 설명한 바 있다. ‘북한산’은 민정기 화백이 2007년 완성한 대형 산수화(452.5×264.5cm)다. 2010년께 국립현대미술관이 구입해 소장해왔고, 이번 남북정상회담을 위해 청와대 요청으로 대여해준 것으로 전해졌다. 두 정상은 기념촬영 직후 9시44분께 사전환담 장소인 접견실로 들어갔다.",3,654
iks_20180427_hankyoreh_news_083,Hankyoreh news 2018 April 27 corpus.txt,Hankyoreh,한겨레,news,2018-04-27,2018_april_summit,"공식수행원 깜짝 기념사진, 문 대통령이 제안",,"27일 오전 9시29분 군사분계선(MDL)을 사이에 두고 역사적인 첫 악수를 나눈 문재인 대통령과 김정은 북한 국무위원장은 양쪽으로 도열하고 있던 전통 의장대의 중간에 서서 자유의집 우회도로를 걸어 환영식이 마련된 판문점 자유의집 주차장에 도착했다.
두 정상은 선두에 전통악대와 호위기수, 양쪽으로는 호위무사와 함께 장방형 모양을 이룬 모습으로 환담을 나누며 130m를 걸었다. 전통기수들이 두 정상의 뒤를 따랐다. 청와대는 이를 두고 두 정상이 전통 가마를 탄 모양을 형사화한 것이라고 설명했다. 두 정상이 레드카펫을 걷는 동안 남북 수행원들은 자유의집 내부를 통과해 환영식장으로 이동했다. 환영식장에는 왼쪽부터 군악대, 3군 의장대, 전통의장대와 전통악대 순으로 두 정상의 입장을 기다리고 있었다.
오전 9시34분, 잠시 멈춰선 두 정상은 전통기수단이 만든 사열대 입장통로를 통과해 자유의집과 평화의집 사이에 마련된 사열대에 올랐다. 두 정상은 의장대장을 경례를 받고 의장대장의 “사열 준비 끝”이라는 구호 뒤 단상에 섰다. 문 대통령이 군악대의 사성곡 연주에 거수 경례로 답하는 동안 김 위원장은 두 손을 내리고 있었다. 지난 2000년 김대중 전 대통령과 2007년 노무현 전 대통령도 김정일 국방위원장과 정상회담을 위해 평양을 방문했을 때도 각각 북쪽 육해공군의 의장대 사열을 받았다.
이어 공안곡이 울려퍼지자 두 정상은 단상에서 내려와 레드카펫 위를 걸어 이동했다. 의장대 사열행사가 마무리 되고 문 대통령은 김 위원장에게 우리쪽 수행원을 소개했다. 임종석 청와대 비서실장, 조명균 통일부 장관, 강경화 외교부 장관, 송영무 국방부 장관, 서훈 국정원장, 정의용 청와대 국가안보실장, 정경두 합참의장, 주영훈 청와대 경호처장, 윤영찬 청와대 소통수석의 순서로 진행됐다. 고개를 숙여 인사를 나눈 다른 수행원들과 달리 송 장관은 김 위원장과 악수를 나눈 뒤 간단히 목례를 했다. 이 과정 내내 두 정상에 대한 근접경호는 이뤄지지 않은 점도 눈길을 끌었다.
이어 김 위원장이 김영남 북한 최고인민회의 상임위원장 김영철 당중앙위원회 부위원장, 최위 중앙위 부위원장, 리수용 중앙위 부위원장, 리명수 총참모장, 박영식 인민무력상, 리용호 외무상, 김여정 중앙위 제1부부장, 리선권 조국평화통일위원회 위원장 순으로 소개했다. 리 총참모장과 박 인민무력상은 문 대통령에게 거수 경례를 했다. 지난 2월 방남했을 당시 문 대통령과 만난 적이 있는 김여정 부부장은 환한 웃음을 보이며 “반갑다”고 인사를 건넸다.
계획대로라면 두 정상은 평화의집으로 바고 이동했어야 했다. 그러나 김 위원장이 “오늘 이 자리에 왔다가 사열 뒤 돌아가야 하는 분들이 있다”고 말하자 문 대통령이 “그럼 가기 전에 수행원 모두 사진 찍었으면 좋겠다”고 해서 포토타임이 이뤄졌다고 윤영찬 청와대 소통수석이 밝혔다. 앞서 중계 화면에는 김 위원장이 문 대통령에게 말을 건네는 장면이 화면에 포착됐고, 이어서 문 대통령이 북쪽 수행원들이 서있는 곳으로 다가간 뒤 기념사진을 찍게 돼, 김 위원장의 즉석 제안이라는 추측을 나았다.","공식수행원 깜짝 기념사진, 문 대통령이 제안
27일 오전 9시29분 군사분계선(MDL)을 사이에 두고 역사적인 첫 악수를 나눈 문재인 대통령과 김정은 북한 국무위원장은 양쪽으로 도열하고 있던 전통 의장대의 중간에 서서 자유의집 우회도로를 걸어 환영식이 마련된 판문점 자유의집 주차장에 도착했다.
두 정상은 선두에 전통악대와 호위기수, 양쪽으로는 호위무사와 함께 장방형 모양을 이룬 모습으로 환담을 나누며 130m를 걸었다. 전통기수들이 두 정상의 뒤를 따랐다. 청와대는 이를 두고 두 정상이 전통 가마를 탄 모양을 형사화한 것이라고 설명했다. 두 정상이 레드카펫을 걷는 동안 남북 수행원들은 자유의집 내부를 통과해 환영식장으로 이동했다. 환영식장에는 왼쪽부터 군악대, 3군 의장대, 전통의장대와 전통악대 순으로 두 정상의 입장을 기다리고 있었다.
오전 9시34분, 잠시 멈춰선 두 정상은 전통기수단이 만든 사열대 입장통로를 통과해 자유의집과 평화의집 사이에 마련된 사열대에 올랐다. 두 정상은 의장대장을 경례를 받고 의장대장의 “사열 준비 끝”이라는 구호 뒤 단상에 섰다. 문 대통령이 군악대의 사성곡 연주에 거수 경례로 답하는 동안 김 위원장은 두 손을 내리고 있었다. 지난 2000년 김대중 전 대통령과 2007년 노무현 전 대통령도 김정일 국방위원장과 정상회담을 위해 평양을 방문했을 때도 각각 북쪽 육해공군의 의장대 사열을 받았다.
이어 공안곡이 울려퍼지자 두 정상은 단상에서 내려와 레드카펫 위를 걸어 이동했다. 의장대 사열행사가 마무리 되고 문 대통령은 김 위원장에게 우리쪽 수행원을 소개했다. 임종석 청와대 비서실장, 조명균 통일부 장관, 강경화 외교부 장관, 송영무 국방부 장관, 서훈 국정원장, 정의용 청와대 국가안보실장, 정경두 합참의장, 주영훈 청와대 경호처장, 윤영찬 청와대 소통수석의 순서로 진행됐다. 고개를 숙여 인사를 나눈 다른 수행원들과 달리 송 장관은 김 위원장과 악수를 나눈 뒤 간단히 목례를 했다. 이 과정 내내 두 정상에 대한 근접경호는 이뤄지지 않은 점도 눈길을 끌었다.
이어 김 위원장이 김영남 북한 최고인민회의 상임위원장 김영철 당중앙위원회 부위원장, 최위 중앙위 부위원장, 리수용 중앙위 부위원장, 리명수 총참모장, 박영식 인민무력상, 리용호 외무상, 김여정 중앙위 제1부부장, 리선권 조국평화통일위원회 위원장 순으로 소개했다. 리 총참모장과 박 인민무력상은 문 대통령에게 거수 경례를 했다. 지난 2월 방남했을 당시 문 대통령과 만난 적이 있는 김여정 부부장은 환한 웃음을 보이며 “반갑다”고 인사를 건넸다.
계획대로라면 두 정상은 평화의집으로 바고 이동했어야 했다. 그러나 김 위원장이 “오늘 이 자리에 왔다가 사열 뒤 돌아가야 하는 분들이 있다”고 말하자 문 대통령이 “그럼 가기 전에 수행원 모두 사진 찍었으면 좋겠다”고 해서 포토타임이 이뤄졌다고 윤영찬 청와대 소통수석이 밝혔다. 앞서 중계 화면에는 김 위원장이 문 대통령에게 말을 건네는 장면이 화면에 포착됐고, 이어서 문 대통령이 북쪽 수행원들이 서있는 곳으로 다가간 뒤 기념사진을 찍게 돼, 김 위원장의 즉석 제안이라는 추측을 나았다.",6,1510
iks_20180427_hankyoreh_news_084,Hankyoreh news 2018 April 27 corpus.txt,Hankyoreh,한겨레,news,2018-04-27,2018_april_summit,접경지역 주민들 한반도 평화 진전 기대,,"""남북 경제의 공동 발전은 물론, 한반도 평화에 큰 진전이 있었으면 좋겠습니다."" 역사적인 남북정상회담이 열리는 27일 오전 문재인 대통령이 경기도 파주시 임진각 관광지 인근 자유로를 지나 통일대교를 향하자 관광지에 나와 있던 수십 명의 관광객들은 '와'하는 함성을 지르며 통일을 기원했다.
이른 아침부터 임진각 관광지를 찾은 시민과 환송객들은 임진각 전망대에서 통일대교 남단과 자유로를 바라보다 대통령 차량이 지나가자 박수를 치며 환영했다.
이들은 임진각 전망대 옥상에 설치된 망원경을 이용해 1Km 정도 떨어진 통일대교 남문을 통과해 판문점으로 향하는 대통령의 챠량 행렬을 지켜봤다.
금촌동에 거주하는 김동호(56)씨는 ""대통령이 육로를 이용해 판문점으로 향하는 역사적인 모습을 지켜보기 위해 이른 아침부터 임진각에 나왔다""면서 ""이번 회담을 통해 한반도 평화가 크게 진전됐으면 좋겠다""고 말했다.
김순영(57·여)씨는 ""대통령께서 회담장을 향하는 모습을 가까이서 보기 위해 새벽에 나왔는데 통제로 인해 통일대교 입구까지는 가지 못해 아쉽다""면서 ""회담을 통해 남북 협력이 잘돼 한반도의 경제가 크게 도약할 수 있는 계기가 마련됐으면 한다""고 밝혔다.
800여m의 거리를 두고 북한의 선전마을인 기정동 마을을 마주하고 있는 대성동 마을 주민 50여 명도 이른 아침부터 마을 어귀에 모여 판문점으로 향하는 대통령 일행에게 태극기를 흔들며 환호했다.
이 마을 김동구 이장은 ""생각지도 못했는데 대통령께서 차량에서 내려 주민들과 일일이 악수를 하셨다""면서 ""'대통령께서 감사하고 고맙다'고 인사말을 전한 뒤 주민들과 기념사진을 찍고 판문점으로 향하셨다""고 전했다.
일부 주민들은 회관 내에 설치된 TV를 통해 대통령이 이동하는 모습을 봤지만, 대다수 주민은 직접 대통령 일행이 판문점으로 향하는 모습을 보기 위해 회관 2층 옥상에 설치된 두 대의 망원경 앞에 모여들었다.
이완배 군내면 통일촌 이장은 ""북한이 핵실험을 하거나 미사일을 발사할 때마다 접경지 주민들은 항상 긴장감을 느끼고 불안한 생활을 해왔다""면서 ""이번 회담을 계기로 안전에 대한 주민들의 불안감이 완전히 사라질 수 있기를 희망한다""고 덧붙였다.","접경지역 주민들 한반도 평화 진전 기대
""남북 경제의 공동 발전은 물론, 한반도 평화에 큰 진전이 있었으면 좋겠습니다."" 역사적인 남북정상회담이 열리는 27일 오전 문재인 대통령이 경기도 파주시 임진각 관광지 인근 자유로를 지나 통일대교를 향하자 관광지에 나와 있던 수십 명의 관광객들은 '와'하는 함성을 지르며 통일을 기원했다.
이른 아침부터 임진각 관광지를 찾은 시민과 환송객들은 임진각 전망대에서 통일대교 남단과 자유로를 바라보다 대통령 차량이 지나가자 박수를 치며 환영했다.
이들은 임진각 전망대 옥상에 설치된 망원경을 이용해 1Km 정도 떨어진 통일대교 남문을 통과해 판문점으로 향하는 대통령의 챠량 행렬을 지켜봤다.
금촌동에 거주하는 김동호(56)씨는 ""대통령이 육로를 이용해 판문점으로 향하는 역사적인 모습을 지켜보기 위해 이른 아침부터 임진각에 나왔다""면서 ""이번 회담을 통해 한반도 평화가 크게 진전됐으면 좋겠다""고 말했다.
김순영(57·여)씨는 ""대통령께서 회담장을 향하는 모습을 가까이서 보기 위해 새벽에 나왔는데 통제로 인해 통일대교 입구까지는 가지 못해 아쉽다""면서 ""회담을 통해 남북 협력이 잘돼 한반도의 경제가 크게 도약할 수 있는 계기가 마련됐으면 한다""고 밝혔다.
800여m의 거리를 두고 북한의 선전마을인 기정동 마을을 마주하고 있는 대성동 마을 주민 50여 명도 이른 아침부터 마을 어귀에 모여 판문점으로 향하는 대통령 일행에게 태극기를 흔들며 환호했다.
이 마을 김동구 이장은 ""생각지도 못했는데 대통령께서 차량에서 내려 주민들과 일일이 악수를 하셨다""면서 ""'대통령께서 감사하고 고맙다'고 인사말을 전한 뒤 주민들과 기념사진을 찍고 판문점으로 향하셨다""고 전했다.
일부 주민들은 회관 내에 설치된 TV를 통해 대통령이 이동하는 모습을 봤지만, 대다수 주민은 직접 대통령 일행이 판문점으로 향하는 모습을 보기 위해 회관 2층 옥상에 설치된 두 대의 망원경 앞에 모여들었다.
이완배 군내면 통일촌 이장은 ""북한이 핵실험을 하거나 미사일을 발사할 때마다 접경지 주민들은 항상 긴장감을 느끼고 불안한 생활을 해왔다""면서 ""이번 회담을 계기로 안전에 대한 주민들의 불안감이 완전히 사라질 수 있기를 희망한다""고 덧붙였다.",9,1069
iks_20180427_hankyoreh_news_085,Hankyoreh news 2018 April 27 corpus.txt,Hankyoreh,한겨레,news,2018-04-27,2018_april_summit,김정은 ‘깜짝 제안’…문 대통령 군사분계선 함께 넘다,"환한 웃음으로 손 맞잡고 군사분계선 함께 넘어
김정은, 남한 땅 밟은 최초의 북 지도자
먼저 남쪽 건너온 김 위원장,
문 대통령도 군사분계선 넘을 것 권유","문재인 대통령은 남쪽 ‘자유의집’ 을 뒤로 하고 북쪽을 바라보며 서 있었다. 오전 9시28분께, 김정은 북한 국무위원장이 10여명의 경호원과 수행원과 함께 북쪽 판문각 앞 계단을 내려왔다. 계단 중간쯤에서 김 위원장은 수행원들을 뒤로 하고 혼자 성큼성큼 문 대통령을 향해 걷기 시작했다. 얼굴에는 활짝 웃음이 서렸고, 두 팔은 힘차게 흔들렸다. 허리를 세우고 군사 분계선 앞에서 기다리던 문 대통령은 반갑게 먼저 손을 내밀었다. 김 위원장도 이가 드러날 정도로 환하게 웃음지으며 손을 맞잡았다. 군사분계선 위로 두 정상의 손이 만났다. 따뜻한 담소가 오갔다.
환영 인사를 나눈 뒤 “오시는데 힘들지 않았느냐”고 문 대통령이 묻자, 김 위원장은 “정말 마음 설렘이 그치지 않는다. 이 역사적 장소에서 만나니까, 또 대통령께서 이렇게 분계선까지 나와서 맞이해주시니 정말 감동스럽다”고 말했다. “여기까지 온 건 위원장님의 아주 큰 용단이었다”는 문 대통령의 말에, 김 위원장은 “아이, 아닙니다”라고 웃으며 답하기도 했다. 대화가 오가는 동안에도 두 사람은 손을 꼭 쥔 채였다. 이어 “역사적 순간을 맞이하고 있다”고 말한 문 대통령은, 몸을 살짝 돌려 왼손으로 군사분계선 남쪽을 가리키며 “이쪽으로 오실까요”하고 안내했다.
문 대통령과 김 위원장 사이를 가르던 군사분계선은 직사각형 모양의 돌로 만들어진 턱이 세워져 있었다. 군사분계선 남쪽은 자갈, 북쪽은 밝은 빛깔의 모래로 각각 바닥이 다르게 채워져 분절을 실감케 한다. 양쪽에는 군사분계선 위에 세워진 판문점 군사정전위원회 회의실 건물 티투(T2)와 티스리(T3)가 나란히 벽을 이뤄, 마치 작은 다리 같은 인상의 길목이다. 남쪽에서 바라보면 북쪽 연락사무소인 판문각이 보여, 각종 뉴스 배경으로도 익숙한 장소다.
문 대통령의 손짓을 본 김 위원장은 주저하지 않고 훌쩍 건넜다. 얼굴에는 미소를 띄었다. 두 정상은 판문각을 등지고 카메라를 향해 웃으며 기념촬영을 했다. 북한의 지도자가 군사분계선을 넘어 남녘 땅을 밟은 것은 이번이 처음이다. 이번 정상회담은 판문점 우리 쪽 구역에서 열린다.
문 대통령이 회담 장소로 이동하려던 찰나, 김정은 위원장이 문 대통령을 향해 북쪽 군사분계선으로 한번 더 건널 것을 제안했다. 예정에 없던 ‘깜짝’ 제안이었다. 문 대통령은 너털웃음을 터뜨리며 응했다. 김 위원장이 오른손을 뻗어 문 대통령의 왼손을 잡았다. 두 정상은 함께 손잡고 나란히 북쪽 경계선을 넘었다. 카메라 플래시가 연신 터졌다. 문 대통령은 군사분계선을 넘은 대통령이 됐다. 문 대통령은 김 위원장과 함께 북쪽 구역에서 다시 한번 손을 맞잡으며 이야기를 나눴다. 중간중간 웃음이 끊이지 않는 밝은 분위기였다. 10여초간 북쪽 구역에 머무른 문 대통령은 다시 김 위원장과 손을 잡고 함께 남쪽으로 건너왔다. 이 ‘월경’은 문 대통령이 남쪽으로 건너온 김 위원장에게 “남쪽으로 오시는데, 나는 언제쯤 그쪽으로 넘어갈 수 있을까요?”하고 말을 건네자, 김 위원장이 즉석에서 “지금 넘어가 볼까요?”하고 제의해 이뤄졌다고 한다.
두 정상이 회담장으로 가기 위해 판문점 남쪽 차도로 이동하자, 대성동초등학교 5학년 남녀 어린이 2명이 화동으로 나와 환영하는 뜻의 꽃다발을 건넸다. 두 정상은 아이들과 기념촬영을 했다. 김 위원장과 문 대통령은 아이들의 어깨를 가볍게 두드리며 고마움을 나타내기도 했다. 두 정상은 전통 의장대가 도열한 가운데 자유의집 우회도로를 걸어 회담 장소인 판문점 평화의집으로 이동한다.","김정은 ‘깜짝 제안’…문 대통령 군사분계선 함께 넘다
환한 웃음으로 손 맞잡고 군사분계선 함께 넘어
김정은, 남한 땅 밟은 최초의 북 지도자
먼저 남쪽 건너온 김 위원장,
문 대통령도 군사분계선 넘을 것 권유
문재인 대통령은 남쪽 ‘자유의집’ 을 뒤로 하고 북쪽을 바라보며 서 있었다. 오전 9시28분께, 김정은 북한 국무위원장이 10여명의 경호원과 수행원과 함께 북쪽 판문각 앞 계단을 내려왔다. 계단 중간쯤에서 김 위원장은 수행원들을 뒤로 하고 혼자 성큼성큼 문 대통령을 향해 걷기 시작했다. 얼굴에는 활짝 웃음이 서렸고, 두 팔은 힘차게 흔들렸다. 허리를 세우고 군사 분계선 앞에서 기다리던 문 대통령은 반갑게 먼저 손을 내밀었다. 김 위원장도 이가 드러날 정도로 환하게 웃음지으며 손을 맞잡았다. 군사분계선 위로 두 정상의 손이 만났다. 따뜻한 담소가 오갔다.
환영 인사를 나눈 뒤 “오시는데 힘들지 않았느냐”고 문 대통령이 묻자, 김 위원장은 “정말 마음 설렘이 그치지 않는다. 이 역사적 장소에서 만나니까, 또 대통령께서 이렇게 분계선까지 나와서 맞이해주시니 정말 감동스럽다”고 말했다. “여기까지 온 건 위원장님의 아주 큰 용단이었다”는 문 대통령의 말에, 김 위원장은 “아이, 아닙니다”라고 웃으며 답하기도 했다. 대화가 오가는 동안에도 두 사람은 손을 꼭 쥔 채였다. 이어 “역사적 순간을 맞이하고 있다”고 말한 문 대통령은, 몸을 살짝 돌려 왼손으로 군사분계선 남쪽을 가리키며 “이쪽으로 오실까요”하고 안내했다.
문 대통령과 김 위원장 사이를 가르던 군사분계선은 직사각형 모양의 돌로 만들어진 턱이 세워져 있었다. 군사분계선 남쪽은 자갈, 북쪽은 밝은 빛깔의 모래로 각각 바닥이 다르게 채워져 분절을 실감케 한다. 양쪽에는 군사분계선 위에 세워진 판문점 군사정전위원회 회의실 건물 티투(T2)와 티스리(T3)가 나란히 벽을 이뤄, 마치 작은 다리 같은 인상의 길목이다. 남쪽에서 바라보면 북쪽 연락사무소인 판문각이 보여, 각종 뉴스 배경으로도 익숙한 장소다.
문 대통령의 손짓을 본 김 위원장은 주저하지 않고 훌쩍 건넜다. 얼굴에는 미소를 띄었다. 두 정상은 판문각을 등지고 카메라를 향해 웃으며 기념촬영을 했다. 북한의 지도자가 군사분계선을 넘어 남녘 땅을 밟은 것은 이번이 처음이다. 이번 정상회담은 판문점 우리 쪽 구역에서 열린다.
문 대통령이 회담 장소로 이동하려던 찰나, 김정은 위원장이 문 대통령을 향해 북쪽 군사분계선으로 한번 더 건널 것을 제안했다. 예정에 없던 ‘깜짝’ 제안이었다. 문 대통령은 너털웃음을 터뜨리며 응했다. 김 위원장이 오른손을 뻗어 문 대통령의 왼손을 잡았다. 두 정상은 함께 손잡고 나란히 북쪽 경계선을 넘었다. 카메라 플래시가 연신 터졌다. 문 대통령은 군사분계선을 넘은 대통령이 됐다. 문 대통령은 김 위원장과 함께 북쪽 구역에서 다시 한번 손을 맞잡으며 이야기를 나눴다. 중간중간 웃음이 끊이지 않는 밝은 분위기였다. 10여초간 북쪽 구역에 머무른 문 대통령은 다시 김 위원장과 손을 잡고 함께 남쪽으로 건너왔다. 이 ‘월경’은 문 대통령이 남쪽으로 건너온 김 위원장에게 “남쪽으로 오시는데, 나는 언제쯤 그쪽으로 넘어갈 수 있을까요?”하고 말을 건네자, 김 위원장이 즉석에서 “지금 넘어가 볼까요?”하고 제의해 이뤄졌다고 한다.
두 정상이 회담장으로 가기 위해 판문점 남쪽 차도로 이동하자, 대성동초등학교 5학년 남녀 어린이 2명이 화동으로 나와 환영하는 뜻의 꽃다발을 건넸다. 두 정상은 아이들과 기념촬영을 했다. 김 위원장과 문 대통령은 아이들의 어깨를 가볍게 두드리며 고마움을 나타내기도 했다. 두 정상은 전통 의장대가 도열한 가운데 자유의집 우회도로를 걸어 회담 장소인 판문점 평화의집으로 이동한다.",6,1712
iks_20180427_hankyoreh_news_086,Hankyoreh news 2018 April 27 corpus.txt,Hankyoreh,한겨레,news,2018-04-27,2018_april_summit,‘판문점 선언’ 어떤 내용 담길까…다시보는 6.15와 10.4 선언문,김대중·노무현 전 대통령 두차례 남북정상회담…4.27 회담 가늠자,"오늘 우리는 한반도 평화의 새 시대로 나아갈 ‘판문점 선언’을 기다리고 있습니다. 어떤 내용이 담길 지 전 세계가 주목하고 있는데요. 남북은 과거 이미 두 차례 정상회담을 갖고 공동선언을 발표한 바 있습니다. ‘오래된 미래’로 남겨졌던 2000년 ‘6.15 남북공동선언’과 2007년 ‘10.4 남북관계 발전과 평화번영을 위한 선언’ 전문을 다시 한번 소개합니다.
6.15 남북공동선언
조국의 평화적 통일을 염원하는 온 겨레의 숭고한 뜻에 따라 대한민국 김대중 대통령과 조선민주주의인민공화국 김정일 국방위원장은 2000년 6월13일부터 6월15일까지 평양에서 역사적인 상봉을 하였으며 정상회담을 가졌다.
남북정상들은 분단 역사상 처음으로 열린 이번 상봉과 회담이 서로 이해를 증진시키고 남북관계를 발전시키며 평화통일을 실현하는데 중대한 의의를 가진다고 평가하고 다음과 같이 선언한다.
1. 남과 북은 나라의 통일문제를 그 주인인 우리 민족끼리 서로 힘을 합쳐 자주적으로 해결해 나가기로 하였다.
2. 남과 북은 나라의 통일을 위한 남측의 연합제 안과 북측의 낮은 단계의 연방제 안이 서로 공통성이 있다고 인정하고 앞으로 이 방향에서 통일을 지향시켜 나가기로 하였다.
3. 남과 북은 올해 8·15에 즈음하여 흩어진 가족, 친척 방문단을 교환하며, 비전향장기수 문제를 해결하는 등 인도적 문제를 조속히 풀어 나가기로 하였다.
4. 남과 북은 경제협력을 통하여 민족경제를 균형적으로 발전시키고, 사회, 문화, 체육, 보건, 환경 등 제반분야의 협력과 교류를 활성화하여 서로의 신뢰를 다져 나가기로 하였다.
5. 남과 북은 이상과 같은 합의사항을 조속히 실천에 옮기기 위하여 빠른 시일 안에 당국 사이의 대화를 개최하기로 하였다.
김대중 대통령은 김정일 국방위원장이 서울을 방문하도록 정중히 초청하였으며, 김정일 국방위원장은 앞으로 적절한 시기에 서울을 방문하기로 하였다.
2000년 6월 15일
대한민국 대통령 김대중
조선민주주의인민공화국 국방위원장 김정일
10.4 남북관계 발전과 평화번영을 위한 선언
대한민국 노무현 대통령과 조선민주주의인민공화국 김정일 국방위원장 사이의 합의에 따라 노무현 대통령이 2007년 10월 2일부터 4일까지 평양을 방문하였다.
방문기간중 역사적인 상봉과 회담들이 있었다.
상봉과 회담에서는 6.15 공동선언의 정신을 재확인하고 남북관계발전과 한반도 평화, 민족공동의 번영과 통일을 실현하는데 따른 제반 문제들을 허심탄회하게 협의하였다.
쌍방은 우리민족끼리 뜻과 힘을 합치면 민족번영의 시대, 자주통일의 새시대를 열어 나갈수 있다는 확신을 표명하면서 6.15 공동선언에 기초하여 남북관계를 확대·발전시켜 나가기 위하여 다음과 같이 선언한다.
1. 남과 북은 6.15 공동선언을 고수하고 적극 구현해 나간다.
남과 북은 우리민족끼리 정신에 따라 통일문제를 자주적으로 해결해 나가며 민족의 존엄과 이익을 중시하고 모든 것을 이에 지향시켜 나가기로 하였다.
남과 북은 6.15 공동선언을 변함없이 이행해 나가려는 의지를 반영하여 6월 15일을 기념하는 방안을 강구하기로 하였다.
2. 남과 북은 사상과 제도의 차이를 초월하여 남북관계를 상호존중과 신뢰 관계로 확고히 전환시켜 나가기로 하였다.
남과 북은 내부문제에 간섭하지 않으며 남북관계 문제들을 화해와 협력, 통일에 부합되게 해결해 나가기로 하였다.
남과 북은 남북관계를 통일 지향적으로 발전시켜 나가기 위하여 각기 법률적·제도적 장치들을 정비해 나가기로 하였다.
남과 북은 남북관계 확대와 발전을 위한 문제들을 민족의 염원에 맞게 해결하기 위해 양측 의회 등 각 분야의 대화와 접촉을 적극 추진해 나가기로 하였다.
3. 남과 북은 군사적 적대관계를 종식시키고 한반도에서 긴장완화와 평화를 보장하기 위해 긴밀히 협력하기로 하였다.
남과 북은 서로 적대시하지 않고 군사적 긴장을 완화하며 분쟁문제들을 대화와 협상을 통하여 해결하기로 하였다.
남과 북은 한반도에서 어떤 전쟁도 반대하며 불가침의무를 확고히 준수하기로 하였다.
남과 북은 서해에서의 우발적 충돌방지를 위해 공동어로수역을 지정하고 이 수역을 평화수역으로 만들기 위한 방안과 각종 협력사업에 대한 군사적 보장조치 문제 등 군사적 신뢰구축조치를 협의하기 위하여 남측 국방부 장관과 북측 인민무력부 부장간 회담을 금년 11월중에 평양에서 개최하기로 하였다.
4. 남과 북은 현 정전체제를 종식시키고 항구적인 평화체제를 구축해 나가야 한다는데 인식을 같이하고 직접 관련된 3자 또는 4자 정상들이 한반도지역에서 만나 종전을 선언하는 문제를 추진하기 위해 협력해 나가기로 하였다.
남과 북은 한반도 핵문제 해결을 위해 6자회담 9.19 공동성명과 2.13 합의가 순조롭게 이행되도록 공동으로 노력하기로 하였다.
5. 남과 북은 민족경제의 균형적 발전과 공동의 번영을 위해 경제협력사업을 공리공영과 유무상통의 원칙에서 적극 활성화하고 지속적으로 확대 발전시켜 나가기로 하였다.
남과 북은 경제협력을 위한 투자를 장려하고 기반시설 확충과 자원개발을 적극 추진하며 민족내부협력사업의 특수성에 맞게 각종 우대조건과 특혜를 우선적으로 부여하기로 하였다.
남과 북은 해주지역과 주변해역을 포괄하는 서해평화협력특별지대를 설치하고 공동어로구역과 평화수역 설정, 경제특구건설과 해주항 활용, 민간선박의 해주직항로 통과, 한강하구 공동이용 등을 적극 추진해 나가기로 하였다.
남과 북은 개성공업지구 1단계 건설을 빠른 시일안에 완공하고 2단계 개발에 착수하며 문산-봉동간 철도화물수송을 시작하고, 통행 통신 통관 문제를 비롯한 제반 제도적 보장조치들을 조속히 완비해 나가기로 하였다.
남과 북은 개성-신의주 철도와 개성-평양 고속도로를 공동으로 이용하기 위해 개보수 문제를 협의·추진해 가기로 하였다.
남과 북은 안변과 남포에 조선협력단지를 건설하며 농업, 보건의료, 환경보호 등 여러 분야에서의 협력사업을 진행해 나가기로 하였다.
남과 북은 남북 경제협력사업의 원활한 추진을 위해 현재의 남북경제협력추진위원회를 부총리급 남북경제협력공동위원회로 격상하기로 하였다.
6. 남과 북은 민족의 유구한 역사와 우수한 문화를 빛내기 위해 역사, 언어, 교육, 과학기술, 문화예술, 체육 등 사회문화 분야의 교류와 협력을 발전시켜 나가기로 하였다.
남과 북은 백두산관광을 실시하며 이를 위해 백두산-서울 직항로를 개설하기로 하였다.
남과 북은 2008년 북경 올림픽경기대회에 남북응원단이 경의선 열차를 처음으로 이용하여 참가하기로 하였다.
7. 남과 북은 인도주의 협력사업을 적극 추진해 나가기로 하였다.
남과 북은 흩어진 가족과 친척들의 상봉을 확대하며 영상 편지 교환사업을 추진하기로 하였다.
이를 위해 금강산면회소가 완공되는데 따라 쌍방 대표를 상주시키고 흩어진 가족과 친척의 상봉을 상시적으로 진행 하기로 하였다.
남과 북은 자연재해를 비롯하여 재난이 발생하는 경우 동포애와 인도주의, 상부상조의 원칙에 따라 적극 협력해 나가기로 하였다.
8. 남과 북은 국제무대에서 민족의 이익과 해외 동포들의 권리와 이익을 위한 협력을 강화해 나가기로 하였다
남과 북은 이 선언의 이행을 위하여 남북총리회담을 개최하기로 하고, 제 1차회의를 금년 11월중 서울에서 갖기로 하였다.
남과 북은 남북관계 발전을 위해 정상들이 수시로 만나 현안 문제들을 협의하기로 하였다.
2007년 10월 4일
평 양
대한민국 대통령 노무현
조선민주주의인민공화국 국방위원장 김정일","‘판문점 선언’ 어떤 내용 담길까…다시보는 6.15와 10.4 선언문
김대중·노무현 전 대통령 두차례 남북정상회담…4.27 회담 가늠자
오늘 우리는 한반도 평화의 새 시대로 나아갈 ‘판문점 선언’을 기다리고 있습니다. 어떤 내용이 담길 지 전 세계가 주목하고 있는데요. 남북은 과거 이미 두 차례 정상회담을 갖고 공동선언을 발표한 바 있습니다. ‘오래된 미래’로 남겨졌던 2000년 ‘6.15 남북공동선언’과 2007년 ‘10.4 남북관계 발전과 평화번영을 위한 선언’ 전문을 다시 한번 소개합니다.
6.15 남북공동선언
조국의 평화적 통일을 염원하는 온 겨레의 숭고한 뜻에 따라 대한민국 김대중 대통령과 조선민주주의인민공화국 김정일 국방위원장은 2000년 6월13일부터 6월15일까지 평양에서 역사적인 상봉을 하였으며 정상회담을 가졌다.
남북정상들은 분단 역사상 처음으로 열린 이번 상봉과 회담이 서로 이해를 증진시키고 남북관계를 발전시키며 평화통일을 실현하는데 중대한 의의를 가진다고 평가하고 다음과 같이 선언한다.
1. 남과 북은 나라의 통일문제를 그 주인인 우리 민족끼리 서로 힘을 합쳐 자주적으로 해결해 나가기로 하였다.
2. 남과 북은 나라의 통일을 위한 남측의 연합제 안과 북측의 낮은 단계의 연방제 안이 서로 공통성이 있다고 인정하고 앞으로 이 방향에서 통일을 지향시켜 나가기로 하였다.
3. 남과 북은 올해 8·15에 즈음하여 흩어진 가족, 친척 방문단을 교환하며, 비전향장기수 문제를 해결하는 등 인도적 문제를 조속히 풀어 나가기로 하였다.
4. 남과 북은 경제협력을 통하여 민족경제를 균형적으로 발전시키고, 사회, 문화, 체육, 보건, 환경 등 제반분야의 협력과 교류를 활성화하여 서로의 신뢰를 다져 나가기로 하였다.
5. 남과 북은 이상과 같은 합의사항을 조속히 실천에 옮기기 위하여 빠른 시일 안에 당국 사이의 대화를 개최하기로 하였다.
김대중 대통령은 김정일 국방위원장이 서울을 방문하도록 정중히 초청하였으며, 김정일 국방위원장은 앞으로 적절한 시기에 서울을 방문하기로 하였다.
2000년 6월 15일
대한민국 대통령 김대중
조선민주주의인민공화국 국방위원장 김정일
10.4 남북관계 발전과 평화번영을 위한 선언
대한민국 노무현 대통령과 조선민주주의인민공화국 김정일 국방위원장 사이의 합의에 따라 노무현 대통령이 2007년 10월 2일부터 4일까지 평양을 방문하였다.
방문기간중 역사적인 상봉과 회담들이 있었다.
상봉과 회담에서는 6.15 공동선언의 정신을 재확인하고 남북관계발전과 한반도 평화, 민족공동의 번영과 통일을 실현하는데 따른 제반 문제들을 허심탄회하게 협의하였다.
쌍방은 우리민족끼리 뜻과 힘을 합치면 민족번영의 시대, 자주통일의 새시대를 열어 나갈수 있다는 확신을 표명하면서 6.15 공동선언에 기초하여 남북관계를 확대·발전시켜 나가기 위하여 다음과 같이 선언한다.
1. 남과 북은 6.15 공동선언을 고수하고 적극 구현해 나간다.
남과 북은 우리민족끼리 정신에 따라 통일문제를 자주적으로 해결해 나가며 민족의 존엄과 이익을 중시하고 모든 것을 이에 지향시켜 나가기로 하였다.
남과 북은 6.15 공동선언을 변함없이 이행해 나가려는 의지를 반영하여 6월 15일을 기념하는 방안을 강구하기로 하였다.
2. 남과 북은 사상과 제도의 차이를 초월하여 남북관계를 상호존중과 신뢰 관계로 확고히 전환시켜 나가기로 하였다.
남과 북은 내부문제에 간섭하지 않으며 남북관계 문제들을 화해와 협력, 통일에 부합되게 해결해 나가기로 하였다.
남과 북은 남북관계를 통일 지향적으로 발전시켜 나가기 위하여 각기 법률적·제도적 장치들을 정비해 나가기로 하였다.
남과 북은 남북관계 확대와 발전을 위한 문제들을 민족의 염원에 맞게 해결하기 위해 양측 의회 등 각 분야의 대화와 접촉을 적극 추진해 나가기로 하였다.
3. 남과 북은 군사적 적대관계를 종식시키고 한반도에서 긴장완화와 평화를 보장하기 위해 긴밀히 협력하기로 하였다.
남과 북은 서로 적대시하지 않고 군사적 긴장을 완화하며 분쟁문제들을 대화와 협상을 통하여 해결하기로 하였다.
남과 북은 한반도에서 어떤 전쟁도 반대하며 불가침의무를 확고히 준수하기로 하였다.
남과 북은 서해에서의 우발적 충돌방지를 위해 공동어로수역을 지정하고 이 수역을 평화수역으로 만들기 위한 방안과 각종 협력사업에 대한 군사적 보장조치 문제 등 군사적 신뢰구축조치를 협의하기 위하여 남측 국방부 장관과 북측 인민무력부 부장간 회담을 금년 11월중에 평양에서 개최하기로 하였다.
4. 남과 북은 현 정전체제를 종식시키고 항구적인 평화체제를 구축해 나가야 한다는데 인식을 같이하고 직접 관련된 3자 또는 4자 정상들이 한반도지역에서 만나 종전을 선언하는 문제를 추진하기 위해 협력해 나가기로 하였다.
남과 북은 한반도 핵문제 해결을 위해 6자회담 9.19 공동성명과 2.13 합의가 순조롭게 이행되도록 공동으로 노력하기로 하였다.
5. 남과 북은 민족경제의 균형적 발전과 공동의 번영을 위해 경제협력사업을 공리공영과 유무상통의 원칙에서 적극 활성화하고 지속적으로 확대 발전시켜 나가기로 하였다.
남과 북은 경제협력을 위한 투자를 장려하고 기반시설 확충과 자원개발을 적극 추진하며 민족내부협력사업의 특수성에 맞게 각종 우대조건과 특혜를 우선적으로 부여하기로 하였다.
남과 북은 해주지역과 주변해역을 포괄하는 서해평화협력특별지대를 설치하고 공동어로구역과 평화수역 설정, 경제특구건설과 해주항 활용, 민간선박의 해주직항로 통과, 한강하구 공동이용 등을 적극 추진해 나가기로 하였다.
남과 북은 개성공업지구 1단계 건설을 빠른 시일안에 완공하고 2단계 개발에 착수하며 문산-봉동간 철도화물수송을 시작하고, 통행 통신 통관 문제를 비롯한 제반 제도적 보장조치들을 조속히 완비해 나가기로 하였다.
남과 북은 개성-신의주 철도와 개성-평양 고속도로를 공동으로 이용하기 위해 개보수 문제를 협의·추진해 가기로 하였다.
남과 북은 안변과 남포에 조선협력단지를 건설하며 농업, 보건의료, 환경보호 등 여러 분야에서의 협력사업을 진행해 나가기로 하였다.
남과 북은 남북 경제협력사업의 원활한 추진을 위해 현재의 남북경제협력추진위원회를 부총리급 남북경제협력공동위원회로 격상하기로 하였다.
6. 남과 북은 민족의 유구한 역사와 우수한 문화를 빛내기 위해 역사, 언어, 교육, 과학기술, 문화예술, 체육 등 사회문화 분야의 교류와 협력을 발전시켜 나가기로 하였다.
남과 북은 백두산관광을 실시하며 이를 위해 백두산-서울 직항로를 개설하기로 하였다.
남과 북은 2008년 북경 올림픽경기대회에 남북응원단이 경의선 열차를 처음으로 이용하여 참가하기로 하였다.
7. 남과 북은 인도주의 협력사업을 적극 추진해 나가기로 하였다.
남과 북은 흩어진 가족과 친척들의 상봉을 확대하며 영상 편지 교환사업을 추진하기로 하였다.
이를 위해 금강산면회소가 완공되는데 따라 쌍방 대표를 상주시키고 흩어진 가족과 친척의 상봉을 상시적으로 진행 하기로 하였다.
남과 북은 자연재해를 비롯하여 재난이 발생하는 경우 동포애와 인도주의, 상부상조의 원칙에 따라 적극 협력해 나가기로 하였다.
8. 남과 북은 국제무대에서 민족의 이익과 해외 동포들의 권리와 이익을 위한 협력을 강화해 나가기로 하였다
남과 북은 이 선언의 이행을 위하여 남북총리회담을 개최하기로 하고, 제 1차회의를 금년 11월중 서울에서 갖기로 하였다.
남과 북은 남북관계 발전을 위해 정상들이 수시로 만나 현안 문제들을 협의하기로 하였다.
2007년 10월 4일
평 양
대한민국 대통령 노무현
조선민주주의인민공화국 국방위원장 김정일",52,3612
iks_20180427_hankyoreh_news_087,Hankyoreh news 2018 April 27 corpus.txt,Hankyoreh,한겨레,news,2018-04-27,2018_april_summit,검은색 인민복·뿔테안경 쓰고 등장한 김정은 위원장,,"‘2018 남북정상회담’이 열리는 27일 오전 9시28분께, 김정은 북한 국무위원장이 판문점 북쪽 지역인 판문각 앞에 모습을 드러냈다.
판문각에서 대기하던 김 위원장은 경호원 10여명에 둘러싸여 판문각 2층 가운데 문에서 나왔다. 김 위원장은 검은색 인민복을 입고, 어두운 색 뿔테안경을 썼다. 김 위원장 곁에는 여동생 김여정 제1부부장과 김영철 당 중앙위 부위원장 등 북쪽 공식 수행원이 함께 있었다. 김 위원장은 성큼성큼 판문각 2층에서 계단으로 걸어내려왔다. 일각에서는 김 위원장이 차량을 타고 판문각 앞 차도에 모습을 드러낼 것이라고 전망했지만, 김 위원장은 9시 이전에 이미 판문각에 도착해 기다리고 있었던 것으로 보인다. 이날 새벽 평양에서 출발한 김 위원장이 차량을 타고 판문점에 왔다면 ‘72시간 다리’와 판문점 북쪽 지역인 통일각을 지나 판문각에 왔을 가능성이 높다.
군사분계선을 사이에 두고 판문각과 마주보고 있는 남쪽 자유의집에서 김 위원장을 기다리던 문재인 대통령은 판문점 군사정전위원회 회의실 건물인 티투(T2)와 티스리(T3) 건물 사이로 군사분계선 앞쪽으로 걸어가 김 위원장을 맞았다. 이번 남북정상회담이 분단 뒤 처음으로 남쪽 지역에서 열리는 만큼 문 대통령이 김 위원장을 마중 나간 셈이다. 2000년, 2007년 평양에서 열린 남북정상회담 때 김정일 국방위원장은 각각 평양 순안공항과 4·25 문화회관 광장에 먼저 나와 남쪽 대통령을 기다린 바 있다.","검은색 인민복·뿔테안경 쓰고 등장한 김정은 위원장
‘2018 남북정상회담’이 열리는 27일 오전 9시28분께, 김정은 북한 국무위원장이 판문점 북쪽 지역인 판문각 앞에 모습을 드러냈다.
판문각에서 대기하던 김 위원장은 경호원 10여명에 둘러싸여 판문각 2층 가운데 문에서 나왔다. 김 위원장은 검은색 인민복을 입고, 어두운 색 뿔테안경을 썼다. 김 위원장 곁에는 여동생 김여정 제1부부장과 김영철 당 중앙위 부위원장 등 북쪽 공식 수행원이 함께 있었다. 김 위원장은 성큼성큼 판문각 2층에서 계단으로 걸어내려왔다. 일각에서는 김 위원장이 차량을 타고 판문각 앞 차도에 모습을 드러낼 것이라고 전망했지만, 김 위원장은 9시 이전에 이미 판문각에 도착해 기다리고 있었던 것으로 보인다. 이날 새벽 평양에서 출발한 김 위원장이 차량을 타고 판문점에 왔다면 ‘72시간 다리’와 판문점 북쪽 지역인 통일각을 지나 판문각에 왔을 가능성이 높다.
군사분계선을 사이에 두고 판문각과 마주보고 있는 남쪽 자유의집에서 김 위원장을 기다리던 문재인 대통령은 판문점 군사정전위원회 회의실 건물인 티투(T2)와 티스리(T3) 건물 사이로 군사분계선 앞쪽으로 걸어가 김 위원장을 맞았다. 이번 남북정상회담이 분단 뒤 처음으로 남쪽 지역에서 열리는 만큼 문 대통령이 김 위원장을 마중 나간 셈이다. 2000년, 2007년 평양에서 열린 남북정상회담 때 김정일 국방위원장은 각각 평양 순안공항과 4·25 문화회관 광장에 먼저 나와 남쪽 대통령을 기다린 바 있다.",3,718
iks_20180427_hankyoreh_news_088,Hankyoreh news 2018 April 27 corpus.txt,Hankyoreh,한겨레,news,2018-04-27,2018_april_summit,"남북 정상, 손잡고 군사분계선 함께 넘다","문재인 대통령-김정은 위원장, 판문점서 역사적 상봉
한반도 비핵화·평화 정착·남북 관계 발전 등 논의 예정","문재인 대통령이 27일 9시30분 김정은 북한 국방위원장과 판문점 군사분계선에서 역사적인 상봉을 했다.
두 정상은 판문점 군사 분계선 위에서 악수를 나눴다. 남북의 두 정상이 만난 것은 지난 2007년 10월 평양에서 노무현 대통령과 김정일 국방위원장이 만난 이후 11년 만이다. 아울러 북한 최고지도자가 남한 땅을 밞은 것도 처음이다.
이번 정상회담은 한반도의 비핵화와 평화 정착, 남북 관계 발전의 디딤돌을 놓는 회담이다. 두 정상은 이번 회담에서 가장 중요한 의제인 한반도 비핵화는 물론 판문점 정상회담 정례화와 이산 가족 상봉, 판문점 남북 연락 사무소 개설, 비무장 지대 평화 지대화 등도 논의할 예정이다.
2000년과 2007년에 이은 세 번째 회담은 성과에 따라 남북관계는 물론 동북아 지정학, 나아가 판문점체제로 불릴 수 있는 낡은 한반도 냉전 구조를 통째로 뒤흔들 수 있다는 점에서 전 세계의 이목을 끌고 있다.
특히 이번 정상회담은 5월 말 또는 6월 초로 예정된 북-미 회담에 앞서 열린다는 의미도 있다. 청와대와 정부 쪽은 “남북, 북-미 정상회담이 연이어 성공적으로 개최된다면 국제사회가 바라고 지지하는 북핵 문제의 평화적 해결과 한반도 평화 정착에 역사적인 이정표가 될 것”이라고 설명했다.
문 대통령은 5월 말 또는 6월 초로 예상되는 북미정상회담의 성공을 향한 충실한 가교로써 이번 회담을 활용하겠다는 생각이 각별하다. 문 대통령은 ‘북미관계 개선 없이는 남북관계 개선도 없다'는 확고한 인식에 따라 남북정상회담에서 수준 높은 합의를 끌어내 북미정상회담을 성공시키고 이를 다시 남북관계 개선으로 연결하는 선순환적 구도를 염두에 두고 있다.","남북 정상, 손잡고 군사분계선 함께 넘다
문재인 대통령-김정은 위원장, 판문점서 역사적 상봉
한반도 비핵화·평화 정착·남북 관계 발전 등 논의 예정
문재인 대통령이 27일 9시30분 김정은 북한 국방위원장과 판문점 군사분계선에서 역사적인 상봉을 했다.
두 정상은 판문점 군사 분계선 위에서 악수를 나눴다. 남북의 두 정상이 만난 것은 지난 2007년 10월 평양에서 노무현 대통령과 김정일 국방위원장이 만난 이후 11년 만이다. 아울러 북한 최고지도자가 남한 땅을 밞은 것도 처음이다.
이번 정상회담은 한반도의 비핵화와 평화 정착, 남북 관계 발전의 디딤돌을 놓는 회담이다. 두 정상은 이번 회담에서 가장 중요한 의제인 한반도 비핵화는 물론 판문점 정상회담 정례화와 이산 가족 상봉, 판문점 남북 연락 사무소 개설, 비무장 지대 평화 지대화 등도 논의할 예정이다.
2000년과 2007년에 이은 세 번째 회담은 성과에 따라 남북관계는 물론 동북아 지정학, 나아가 판문점체제로 불릴 수 있는 낡은 한반도 냉전 구조를 통째로 뒤흔들 수 있다는 점에서 전 세계의 이목을 끌고 있다.
특히 이번 정상회담은 5월 말 또는 6월 초로 예정된 북-미 회담에 앞서 열린다는 의미도 있다. 청와대와 정부 쪽은 “남북, 북-미 정상회담이 연이어 성공적으로 개최된다면 국제사회가 바라고 지지하는 북핵 문제의 평화적 해결과 한반도 평화 정착에 역사적인 이정표가 될 것”이라고 설명했다.
문 대통령은 5월 말 또는 6월 초로 예상되는 북미정상회담의 성공을 향한 충실한 가교로써 이번 회담을 활용하겠다는 생각이 각별하다. 문 대통령은 ‘북미관계 개선 없이는 남북관계 개선도 없다'는 확고한 인식에 따라 남북정상회담에서 수준 높은 합의를 끌어내 북미정상회담을 성공시키고 이를 다시 남북관계 개선으로 연결하는 선순환적 구도를 염두에 두고 있다.",6,821
iks_20180427_hankyoreh_news_089,Hankyoreh news 2018 April 27 corpus.txt,Hankyoreh,한겨레,news,2018-04-27,2018_april_summit,"천주교 광주·전남 성당 130여곳, 남북정상 만날 때 일제히 1분 타종","김희중 대주교, 모든 성당에 공문으로 타종하자고 알려
“한반도 평화를 위해 하는 역사적 회담의 성공을 기원”","광주·전남의 모든 성당이 1분 타종으로 역사적인 남북정상회담의 성공을 기원했다.
천주교 광주대교구 소속인 광주·전남지역 성당들은 27일 남북정상이 군사분계선을 넘어 만나는 시각에 맞춰 평화와 화해를 기원하며 1분간 타종했다.
이는 하루 전 김희중 천주교 광주대교구장이 교구 인사들과 회의를 열어 이렇게 결정하고, 성당 130여곳에 공문을 보내면서 성사됐다.
김희중 대주교는 공문을 통해 “27일은 문재인 대통령과 김정은 국무위원장이 만나 한반도의 평화를 위해 회담을 하는 역사적인 날이다”고 의미를 부여했다. 이어 “이번 남북정상회담이 성공적으로 개최돼 한반도에 평화가 정착될 수 있도록 타종이 가능한 성당에서는 두 정상이 처음으로 만나게 되는 시각에 1분 정도 타종해 달라”고 요청했다.
김 대주교는 “남북회담, 북미회담이 성공적으로 이뤄져 한반도가 화해와 상생, 평화공존의 시대로 나아갈 수 있도록 미사와 기도 중에 기억해 주길 바란다”고 밝혔다.
이에 따라 광주 남동성당과 광주 운남동성당 등지에서 남북정상이 만나는 순간 일제히 타종했다.
김 대주교는 2010년부터 한국종교인평화회의 대표 회장을 지냈고, 2015년 한국천주교주교회의 의장으로 평양을 방문하는 등 한반도 평화에 각별한 관심을 가져왔다.","천주교 광주·전남 성당 130여곳, 남북정상 만날 때 일제히 1분 타종
김희중 대주교, 모든 성당에 공문으로 타종하자고 알려
“한반도 평화를 위해 하는 역사적 회담의 성공을 기원”
광주·전남의 모든 성당이 1분 타종으로 역사적인 남북정상회담의 성공을 기원했다.
천주교 광주대교구 소속인 광주·전남지역 성당들은 27일 남북정상이 군사분계선을 넘어 만나는 시각에 맞춰 평화와 화해를 기원하며 1분간 타종했다.
이는 하루 전 김희중 천주교 광주대교구장이 교구 인사들과 회의를 열어 이렇게 결정하고, 성당 130여곳에 공문을 보내면서 성사됐다.
김희중 대주교는 공문을 통해 “27일은 문재인 대통령과 김정은 국무위원장이 만나 한반도의 평화를 위해 회담을 하는 역사적인 날이다”고 의미를 부여했다. 이어 “이번 남북정상회담이 성공적으로 개최돼 한반도에 평화가 정착될 수 있도록 타종이 가능한 성당에서는 두 정상이 처음으로 만나게 되는 시각에 1분 정도 타종해 달라”고 요청했다.
김 대주교는 “남북회담, 북미회담이 성공적으로 이뤄져 한반도가 화해와 상생, 평화공존의 시대로 나아갈 수 있도록 미사와 기도 중에 기억해 주길 바란다”고 밝혔다.
이에 따라 광주 남동성당과 광주 운남동성당 등지에서 남북정상이 만나는 순간 일제히 타종했다.
김 대주교는 2010년부터 한국종교인평화회의 대표 회장을 지냈고, 2015년 한국천주교주교회의 의장으로 평양을 방문하는 등 한반도 평화에 각별한 관심을 가져왔다.",7,619
iks_20180427_hankyoreh_news_090,Hankyoreh news 2018 April 27 corpus.txt,Hankyoreh,한겨레,news,2018-04-27,2018_april_summit,"문재인 대통령 부부, 리설주 여사 영접 뒤 만찬","정상회담 진행 상황 실시간 업데이트
오후 6시20분","문재인 대통령과 김정숙 여사, 김정은 북한 국무위원장과 리설주 여사를 포함한 남북 수행원들이 함께 만찬에 참석했다. 앞서 김정은 북한 국무위원장의 부인 리설주 여사가 오후 6시18분께 판문점 평화의 집에 도착했다. 오후 5시54분께 미리 평화의 집에 도착한 김정숙 여사와 문 대통령이 리 여사를 맞이하고 1층 로비에서 기념촬영 뒤 만찬장으로 들어섰다.
평화의 집 3층 연회장에 마련된 만찬에는 평양 옥류관 냉면이 준비됐다. 이 외에 문 대통령의 고향 음식인 달고기구이, 김 위원장이 스위스 유학 시절에 즐겼던 스위스식 감자전 등이 상에 올랐다. 만찬이 끝난 뒤 두 정상은 평화의집 건물 전면을 스크린으로 활용한 영상 ’하나의 봄’을 함께 관람한 뒤 헤어진다.
오후 6시00분
문재인 대통령과 김정은 북한 국무위원장은 평화의 집에서 남북 정상 간 합의한 내용을 담은 '판문점 선언'에 서명했다. 선언서에는 “남과 북은 정전협정체결 65년이 되는 올해에 종전을 선언”하고 “남과 북은 완전한 비핵화를 통해 핵 없는 한반도를 실현한다는 공동의 목표를 확인했다”는 내용이 담겼다. 또한 한반도 비핵화를 위해 남과 북은 “각기 자기의 책임과 역할을 다하기로” 했다.
선언 전문은 다음과 같다.
“한반도의 평화와 번영, 통일을 위한 판문점 선언”
대한민국 문재인 대통령과 조선민주주의인민공화국 김정은 국무위원장은 평화와 번영, 통일을 염원하는 온 겨레의 한결같은 지향을 담아 한반도에서 역사적인 전환이 일어나고 있는 뜻 깊은 시기에 2018년 4월 27일 판문점「평화의 집」에서 남북정상회담을 진행하였다.
양 정상은 한반도에 더 이상 전쟁은 없을 것이며 새로운 평화의 시대가 열리었음을 8천만 우리 겨레와 전 세계에 엄숙히 천명하였다.
양 정상은 냉전의 산물인 오랜 분단과 대결을 하루 빨리 종식시키고 민족적 화해와 평화번영의 새로운 시대를 과감하게 열어나가며 남북관계를 보다 적극적으로 개선하고 발전시켜 나가야 한다는 확고한 의지를 담아 역사의 땅 판문점에서 다음과 같이 선언하였다.
1. 남과 북은 남북관계의 전면적이며 획기적인 개선과 발전을 이룩함으로써 끊어진 민족의 혈맥을 잇고 공동번영과 자주통일의 미래를 앞당겨나갈 것이다.
남북관계를 개선하고 발전시키는 것은 온 겨레의 한결같은 소망이며 더 이상 미룰 수 없는 시대의 절박한 요구이다.
① 남과 북은 우리 민족의 운명은 우리 스스로 결정한다는 민족자주의 원칙을 확인하였으며 이미 채택된 남북 선언들과 모든 합의들을 철저히 이행함으로써 관계개선과 발전의 전환적 국면을 열어나가기로 하였다.
② 남과 북은 고위급회담을 비롯한 각 분야의 대화와 협상을 빠른 시일안에 개최하여 정상회담에서 합의된 문제들을 실천하기 위한 적극적인 대책을 세워나가기로 하였다.
③ 남과 북은 당국간 협의를 긴밀히 하고 민간교류와 협력을 원만히 보장하기 위하여 쌍방 당국자가 상주하는 남북공동연락사무소를 개성지역에 설치하기로 하였다.
④ 남과 북은 민족적 화해와 단합의 분위기를 고조시켜 나가기 위하여 각계각층의 다방면적인 협력과 교류, 왕래와 접촉을 활성화하기로 하였다.
안으로는 6.15를 비롯하여 남과 북에 다같이 의의가 있는 날들을 계기로 당국과 국회, 정당, 지방자치단체, 민간단체 등 각계각층이 참가하는 민족공동행사를 적극 추진하여 화해와 협력의 분위기를 고조시키며, 밖으로는 2018년 아시아경기대회를 비롯한 국제경기들에 공동으로 진출하여 민족의 슬기와 재능, 단합된 모습을 전 세계에 과시하기로 하였다.
⑤ 남과 북은 민족 분단으로 발생된 인도적 문제를 시급히 해결하기 위하여 노력하며, 남북적십자회담을 개최하여 이산가족ㆍ친척 상봉을 비롯한 제반 문제들을 협의 해결해나가기로 하였다.
당면하여 오는 8.15를 계기로 이산가족ㆍ친척 상봉을 진행하기로 하였다.
⑥ 남과 북은 민족경제의 균형적 발전과 공동번영을 이룩하기 위하여 10.4 선언에서 합의된 사업들을 적극 추진해나가며, 1차적으로 동해선 및 경의선 철도와 도로들을 연결하고 현대화하여 활용하기 위한 실천적 대책들을 취해 나가기로 하였다.
2. 남과 북은 한반도에서 첨예한 군사적 긴장상태를 완화하고 전쟁 위험을 실질적으로 해소하기 위하여 공동으로 노력해나갈 것이다.
한반도의 군사적 긴장상태를 완화하고 전쟁위험을 해소하는 것은 민족의 운명과 관련되는 매우 중대한 문제이며 우리 겨레의 평화롭고 안정된 삶을 보장하기 위한 관건적인 문제이다.
① 남과 북은 지상과 해상, 공중을 비롯한 모든 공간에서 군사적 긴장과 충돌의 근원으로 되는 상대방에 대한 일체의 적대행위를 전면 중지하기로 하였다.
당면하여 5월 1일부터 군사분계선 일대에서 확성기 방송과 전단살포를 비롯한 모든 적대행위들을 중지하고 그 수단을 철폐하며, 앞으로 비무장지대를 실질적인 평화지대로 만들어 나가기로 하였다.
② 남과 북은 서해 북방한계선 일대를 평화수역으로 만들어 우발적인 군사적 충돌을 방지하고 안전한 어로활동을 보장하기 위한 실제적인 대책을 세워나가기로 하였다.
③ 남과 북은 상호 협력과 교류, 왕래와 접촉이 활성화되는 데 따른 여러 가지 군사적 보장대책을 취하기로 하였다.
남과 북은 쌍방 사이에 제기되는 군사적 문제를 지체없이 협의 해결하기 위하여 국방부장관회담을 비롯한 군사당국자회담을 자주 개최하며 5월중에 먼저 장성급 군사회담을 열기로 하였다.
3. 남과 북은 한반도의 항구적이며 공고한 평화체제 구축을 위하여 적극 협력해 나갈 것이다.
한반도에서 비정상적인 현재의 정전상태를 종식시키고 확고한 평화체제를 수립하는 것은 더 이상 미룰 수 없는 역사적 과제이다.
① 남과 북은 그 어떤 형태의 무력도 서로 사용하지 않을 데 대한 불가침 합의를 재확인하고 엄격히 준수해 나가기로 하였다.
② 남과 북은 군사적 긴장이 해소되고 서로의 군사적 신뢰가 실질적으로 구축되는 데 따라 단계적으로 군축을 실현해 나가기로 하였다.
③ 남과 북은 정전협정체결 65년이 되는 올해에 종전을 선언하고 정전협정을 평화협정으로 전환하며 항구적이고 공고한 평화체제 구축을 위한 남ㆍ북ㆍ미 3자 또는 남ㆍ북ㆍ미ㆍ중 4자회담 개최를 적극 추진해 나가기로 하였다.
④ 남과 북은 완전한 비핵화를 통해 핵 없는 한반도를 실현한다는 공동의 목표를 확인하였다.
남과 북은 북측이 취하고 있는 주동적인 조치들이 한반도 비핵화를 위해 대단히 의의 있고 중대한 조치라는데 인식을 같이하고 앞으로 각기 자기의 책임과 역할을 다하기로 하였다.
남과 북은 한반도 비핵화를 위한 국제사회의 지지와 협력을 위해 적극 노력해나가기로 하였다.
양 정상은 정기적인 회담과 직통전화를 통하여 민족의 중대사를 수시로 진지하게 논의하고 신뢰를 굳건히 하며, 남북관계의 지속적인 발전과 한반도의 평화와 번영, 통일을 향한 좋은 흐름을 더욱 확대해 나가기 위하여 함께 노력하기로 하였다.
당면하여 문재인 대통령은 올해 가을 평양을 방문하기로 하였다.
2018년 4월 27일
판 문 점
대 한 민 국
대 통 령
문 재 인
조선민주주의인민공화국
국무위원회 위원장
김 정 은
오후 5시20분
산책과 함께 도보다리에서 약 30분간 둘만의 대화를 마친 문재인 대통령과 김정은 국무위원장은 걸어서 정상회담 장소인 평화의 집에 도착했다. 두 정상은 이곳에서 오후 정상회담을 이어갈 예정이다.
오후 4시30분
문재인 대통령과 김정은 국무위원장이 군사분계선 인근의 ’소떼길’에서 공동 식수를 했다. 나무는 정전협정이 있었던 1953년생 소나무로, 문 대통령은 백두산 흙을 김 위원장은 한라산 흙을 삽으로 퍼 나무 기둥에 뿌렸다. 문 대통령은 식수 행사장 앞에 5분 먼저 도착해 김 위원장을 기다렸다가 잠시 뒤 도착한 김 위원장을 악수로 맞이 했다. 이후 두 정상은 판문점 도보다리까지 수행원 없이 둘만 산책하며 담소를 나눴다.
오후 3시30분
김의겸 청와대 대변인은 경기도 고양시 킨텍스 프레스센터에서 브리핑을 열고 문재인 대통령과 김정은 북한 국무위원장의 남북정상회담 일정과 관련해 “오후 회담을 마친 뒤 서명식과 공동발표가 있을 예정”이라고 밝혔다. 김 대변인은 “오후 4시30분 공동기념 식수에 이어 도보다리 산책과 오후 회담이 이어진다”며 “오후 회담 뒤에는 서명식과 공동 발표가 있을 예정이며, 만찬은 그 직후에 이어진다”고 설명했다. 만찬 북쪽 인원은 김정은 위원장과 리설주 여사를 비롯한 26명이 참석한다.
오후 2시30분
윤영찬 청와대 국민소통수석은 판문점 브리핑을 통해 “두 정상은 오전 회담에서 한반도 비핵화와 항구적 평화정착, 남북관계 발전 방향에 대해 시종 진지하고 솔직한 대화를 나눴다”며 “양측은 공동선언문 작성을 위한 실무협의를 계속하기로 했으며 선언문이 나온 뒤 양 정상이 서명하고 공동발표를 할 예정”이라고 밝혔다. 한편 “리설주 여사는 오후 6시15분경 판문점에 도착한다. 문 대통령과 김정숙 여사, 김정은 위원장과 리설주 여사는 평화의 집에서 잠시 환담한 뒤 만찬 참석한다”고 전했다.
오후 12시15분
윤영찬 청와대 국민소통수석은 두 정상의 오전 회담이 끝난 뒤 판문점 자유의 집 프레스센터 브리핑에서 “문 대통령이 약식 의장대 사열에 대해 ‘청와대에 오시면 훨씬 좋은 장면을 보여드릴 수 있다’고 하자 김 위원장은 ‘대통령께서 초청해주시면 언제든 가겠다’고 말했다”고 전했다.
한편, 윤 수석은 문 대통령이 김 위원장을 군사분계선(MDL)에서 처음 만나 ""나는 언제쯤 (북쪽으로) 넘어갈 수 있겠느냐”고 묻자 김 위원장이 “그러면 지금 넘어가볼까요”라고 문 대통령의 손을 이끌었고, 이에 따라 문 대통령이 예정과 달리 군사분계선을 넘어가 북측에서 사진을 찍은 것이라고 전했다.
낮 12시 정각
문재인 대통령과 김정은 위원장이 약 100분 동안 진행된 오전 확대 정상회담을 마쳤다. 김정은 위원장은 회담 종료 뒤 차량을 통해 경호원들의 경호를 받으며 북쪽 지역으로 이동했다. 두 정상은 식사와 휴식 시간을 가진 뒤 친교 행사를 하고 오후 회담을 이어갈 예정이다.
오전 10시30분
김정은 위원장은 정상회담 머리 발언에서 “200미터 거리나 되는 짧은 거리 오면서 말씀드렸지만 이 군사분리선 넘는건 사람이 넘기 힘든 빌어막힌 것도 아닌데 너무나 쉽게 넘어온 역사적 이 자리까지 11년이 걸렸는데 걸어오면서 보니까 왜 그 시간이 오래됐나 왜 오기 힘들었나 생각이 들었다”면서 “오늘 역사적 이 자리에서 기대하시는 분들도 많고 지난 시기처럼 아무리 좋은 합의나 글이 나와도 그게 제대로 이행되지 못하면 오히려 이런 만남 갖고도 좋은 결과가 발전하지 못하면 기대 품었던 분들에게 오히려 더 낙심주지 않겠나, 앞으로 마음가짐 잘 하고 정말 우리가 잃어버린 11년 세월이 아깝지 않을 정도로 아까 말씀드린것처럼 수시로 만나서 걸린 문제 풀어나가고 마음을 합치고 의지를 모아서 그런 의지를 가지고 나가면 우리가 잃어버린 11년이 좋게 나가지 않겠나 이런 생각도 하면서 정말 만감이 교차하며 200미터를 걸어왔다”고 말했다.
그는 이어 “오늘 이 자리에서 평화와 번영 북남 관계 새로운 역사 씌어지는 순간에 출발점에 서서 출발점에서 신호탄을 쏜다는 마음 가짐을 가지고 여기 왔다. 오늘 현안 문제들 관심사 문제들 관심사되는 문제들 툭 터놓고 얘기하고 그래서 좋은 또 결과를 만들어내고 또 앞으로 이 자리를 통해서 우리가 지난 시기처럼 이렇게 또 원점에 돌아가고 이행하지 못하고 이런 결과 보다는 우리가 앞으로 마음가짐을 잘 하고 미래를 내다보며 지향성 있게 손 잡고 걸어나가는 계기가 돼서 기대하신 분들 기대에도 부흥하고 오늘 결과 좋아서 여 오기 전에 보니까 오늘 저녁 만찬 음식 많이 얘기하던데 어렵사리 평양에서부터 평양냉면을 가지고 왔는데 그런데 대통령께서 편한 마음으로 가져왔는데 대통령께서 편안한 마음으로 평양냉면 멀리 온 멀다 말하면 안되갔구나. (주변 웃음) 맛있게 드시면 좋겠습네다. 오늘 정말 허심탄회하게 진지하게 솔직하게 이런 마음 가짐으로 문재인 대통령과 좋은 얘기를 하고 또 반드시 필요한 얘기를 하고 좋은 결과를 만들어내겠다는 걸 문재인 대통령 앞에도 말씀드리고 기자 여러분에게도 말한다”고 말했다.
이에 문재인 대통령은 “네”라고 대답하며 “오늘 우리 만남을 축하하듯 날씨도 아주 화창하다. 한반도에 봄이 한창이다. 한반도의 봄 온 세계가 주목하고 있다. 전세계 눈과 귀가 여기 판문점에 쏠려 있다. 우리 남북의 국민들 해외 동포들이 거는 기대도 아주 크다. 그만큼 우리 두 사람 어깨가 무겁다”고 화답했다. 이어 “우리 김정은 위원장이 사상 최초로 군사분계선을 넘어오는 순간 이 판문점은 분단의 상징이 아니라 평화의 상징이 됐다. 우리 국민 여러분 전세계의 기대가 큰데 오늘의 이 상황을 만들어낸 우리 김정은 위원장의 용단에 대해서 다시한번 경의 표하고 싶다. 오늘 우리 대화도 그렇게 통크게 대화를 나누고 합의에 이르러서 우리 온민족과 평화를 바라는 이 세계 모든 사람들에게 큰 선물을 안겨줬으면 좋겠다. 자, 오늘 뭐 하루종일 얘기할 수 있는 시간이 있는 만큼 그동안 10년 동안 못한 거 충분히 나눕시다”라고 말했다.
오전 10시15분
두 정상은 판문점 평화의집 2층에서 정상회담을 시작했다. 김정은 북한 국무위원장은 머리 발언에서 “잃어버린 11년 아깝지 않아야 한다”고 말했고, 문재인 대통령은 “대화도 통 크게 나눴으면 한다”고 화답했다.
오전 9시44분
두 정상은 정상회담 장소인 평화의집 1층에 마련된 접견실로 이동해 친교의 시간인 사전 환담을 시작했다. 두 정상은 이어 2층 정상회담장으로 옮겨 오전 10시30분부터 정상회담을 시작할 예정이다.
오전 9시42분
김정은 위원장이 정상회담 장소인 평화의집에 도착해 방명록에 서명했다. 문재인 대통령은 옆에 서서 이 모습을 지켜봤다. 김 위원장은 방명록에 “새로운 력사는 이제부터. 평화의 시대, 력사의 출발점에서”라고 적었다.
오전 9시37분
김정은 북한 국무위원장이 북쪽 정상으로는 처음으로 한국군의 사열을 받았다.
오전 9시35분
문재인 대통령과 김정은 북한 국무위원장이 전통의장대의 호위받으며 도보로 자유의집과 평화의집 사이에 위치한 판문점 광장 쪽으로 이동했다. 문 대통령은 김 위원장과 군사분계선에서 악수를 나누는 과정에서 잠시 북측 지역으로 넘어가기도 했다.
오전 9시30분
문재인 대통령과 김정은 북한 국무위원장이 판문점 군사분계선에서 만나 악수하고 함께 걸어서 군사분계선을 통과했다.
오전 9시1분
문재인 대통령이 남북정상회담 장소인 판문점에 도착했다. 문 대통령은 평화의집에서 잠시 휴식을 취한 뒤 오전 9시30분 도착 예정인 김정은 북한 국무위원장을 군사분계선(MDL)에서 악수로 맞이할 예정이다.
오전 8시6분
문재인 대통령이 김정은 북한 국무위원장과의 판문점 정상회담을 위해 청와대를 출발했다. 문 대통령은 청와대를 출발하면서 별도의 성명은 발표하지 않았다. 문 대통령은 출발 직후 차량에서 내려 청와대 주변에 응원 나온 시민들과 약 2분간 악수를 나눴다.","문재인 대통령 부부, 리설주 여사 영접 뒤 만찬
정상회담 진행 상황 실시간 업데이트
오후 6시20분
문재인 대통령과 김정숙 여사, 김정은 북한 국무위원장과 리설주 여사를 포함한 남북 수행원들이 함께 만찬에 참석했다. 앞서 김정은 북한 국무위원장의 부인 리설주 여사가 오후 6시18분께 판문점 평화의 집에 도착했다. 오후 5시54분께 미리 평화의 집에 도착한 김정숙 여사와 문 대통령이 리 여사를 맞이하고 1층 로비에서 기념촬영 뒤 만찬장으로 들어섰다.
평화의 집 3층 연회장에 마련된 만찬에는 평양 옥류관 냉면이 준비됐다. 이 외에 문 대통령의 고향 음식인 달고기구이, 김 위원장이 스위스 유학 시절에 즐겼던 스위스식 감자전 등이 상에 올랐다. 만찬이 끝난 뒤 두 정상은 평화의집 건물 전면을 스크린으로 활용한 영상 ’하나의 봄’을 함께 관람한 뒤 헤어진다.
오후 6시00분
문재인 대통령과 김정은 북한 국무위원장은 평화의 집에서 남북 정상 간 합의한 내용을 담은 '판문점 선언'에 서명했다. 선언서에는 “남과 북은 정전협정체결 65년이 되는 올해에 종전을 선언”하고 “남과 북은 완전한 비핵화를 통해 핵 없는 한반도를 실현한다는 공동의 목표를 확인했다”는 내용이 담겼다. 또한 한반도 비핵화를 위해 남과 북은 “각기 자기의 책임과 역할을 다하기로” 했다.
선언 전문은 다음과 같다.
“한반도의 평화와 번영, 통일을 위한 판문점 선언”
대한민국 문재인 대통령과 조선민주주의인민공화국 김정은 국무위원장은 평화와 번영, 통일을 염원하는 온 겨레의 한결같은 지향을 담아 한반도에서 역사적인 전환이 일어나고 있는 뜻 깊은 시기에 2018년 4월 27일 판문점「평화의 집」에서 남북정상회담을 진행하였다.
양 정상은 한반도에 더 이상 전쟁은 없을 것이며 새로운 평화의 시대가 열리었음을 8천만 우리 겨레와 전 세계에 엄숙히 천명하였다.
양 정상은 냉전의 산물인 오랜 분단과 대결을 하루 빨리 종식시키고 민족적 화해와 평화번영의 새로운 시대를 과감하게 열어나가며 남북관계를 보다 적극적으로 개선하고 발전시켜 나가야 한다는 확고한 의지를 담아 역사의 땅 판문점에서 다음과 같이 선언하였다.
1. 남과 북은 남북관계의 전면적이며 획기적인 개선과 발전을 이룩함으로써 끊어진 민족의 혈맥을 잇고 공동번영과 자주통일의 미래를 앞당겨나갈 것이다.
남북관계를 개선하고 발전시키는 것은 온 겨레의 한결같은 소망이며 더 이상 미룰 수 없는 시대의 절박한 요구이다.
① 남과 북은 우리 민족의 운명은 우리 스스로 결정한다는 민족자주의 원칙을 확인하였으며 이미 채택된 남북 선언들과 모든 합의들을 철저히 이행함으로써 관계개선과 발전의 전환적 국면을 열어나가기로 하였다.
② 남과 북은 고위급회담을 비롯한 각 분야의 대화와 협상을 빠른 시일안에 개최하여 정상회담에서 합의된 문제들을 실천하기 위한 적극적인 대책을 세워나가기로 하였다.
③ 남과 북은 당국간 협의를 긴밀히 하고 민간교류와 협력을 원만히 보장하기 위하여 쌍방 당국자가 상주하는 남북공동연락사무소를 개성지역에 설치하기로 하였다.
④ 남과 북은 민족적 화해와 단합의 분위기를 고조시켜 나가기 위하여 각계각층의 다방면적인 협력과 교류, 왕래와 접촉을 활성화하기로 하였다.
안으로는 6.15를 비롯하여 남과 북에 다같이 의의가 있는 날들을 계기로 당국과 국회, 정당, 지방자치단체, 민간단체 등 각계각층이 참가하는 민족공동행사를 적극 추진하여 화해와 협력의 분위기를 고조시키며, 밖으로는 2018년 아시아경기대회를 비롯한 국제경기들에 공동으로 진출하여 민족의 슬기와 재능, 단합된 모습을 전 세계에 과시하기로 하였다.
⑤ 남과 북은 민족 분단으로 발생된 인도적 문제를 시급히 해결하기 위하여 노력하며, 남북적십자회담을 개최하여 이산가족ㆍ친척 상봉을 비롯한 제반 문제들을 협의 해결해나가기로 하였다.
당면하여 오는 8.15를 계기로 이산가족ㆍ친척 상봉을 진행하기로 하였다.
⑥ 남과 북은 민족경제의 균형적 발전과 공동번영을 이룩하기 위하여 10.4 선언에서 합의된 사업들을 적극 추진해나가며, 1차적으로 동해선 및 경의선 철도와 도로들을 연결하고 현대화하여 활용하기 위한 실천적 대책들을 취해 나가기로 하였다.
2. 남과 북은 한반도에서 첨예한 군사적 긴장상태를 완화하고 전쟁 위험을 실질적으로 해소하기 위하여 공동으로 노력해나갈 것이다.
한반도의 군사적 긴장상태를 완화하고 전쟁위험을 해소하는 것은 민족의 운명과 관련되는 매우 중대한 문제이며 우리 겨레의 평화롭고 안정된 삶을 보장하기 위한 관건적인 문제이다.
① 남과 북은 지상과 해상, 공중을 비롯한 모든 공간에서 군사적 긴장과 충돌의 근원으로 되는 상대방에 대한 일체의 적대행위를 전면 중지하기로 하였다.
당면하여 5월 1일부터 군사분계선 일대에서 확성기 방송과 전단살포를 비롯한 모든 적대행위들을 중지하고 그 수단을 철폐하며, 앞으로 비무장지대를 실질적인 평화지대로 만들어 나가기로 하였다.
② 남과 북은 서해 북방한계선 일대를 평화수역으로 만들어 우발적인 군사적 충돌을 방지하고 안전한 어로활동을 보장하기 위한 실제적인 대책을 세워나가기로 하였다.
③ 남과 북은 상호 협력과 교류, 왕래와 접촉이 활성화되는 데 따른 여러 가지 군사적 보장대책을 취하기로 하였다.
남과 북은 쌍방 사이에 제기되는 군사적 문제를 지체없이 협의 해결하기 위하여 국방부장관회담을 비롯한 군사당국자회담을 자주 개최하며 5월중에 먼저 장성급 군사회담을 열기로 하였다.
3. 남과 북은 한반도의 항구적이며 공고한 평화체제 구축을 위하여 적극 협력해 나갈 것이다.
한반도에서 비정상적인 현재의 정전상태를 종식시키고 확고한 평화체제를 수립하는 것은 더 이상 미룰 수 없는 역사적 과제이다.
① 남과 북은 그 어떤 형태의 무력도 서로 사용하지 않을 데 대한 불가침 합의를 재확인하고 엄격히 준수해 나가기로 하였다.
② 남과 북은 군사적 긴장이 해소되고 서로의 군사적 신뢰가 실질적으로 구축되는 데 따라 단계적으로 군축을 실현해 나가기로 하였다.
③ 남과 북은 정전협정체결 65년이 되는 올해에 종전을 선언하고 정전협정을 평화협정으로 전환하며 항구적이고 공고한 평화체제 구축을 위한 남ㆍ북ㆍ미 3자 또는 남ㆍ북ㆍ미ㆍ중 4자회담 개최를 적극 추진해 나가기로 하였다.
④ 남과 북은 완전한 비핵화를 통해 핵 없는 한반도를 실현한다는 공동의 목표를 확인하였다.
남과 북은 북측이 취하고 있는 주동적인 조치들이 한반도 비핵화를 위해 대단히 의의 있고 중대한 조치라는데 인식을 같이하고 앞으로 각기 자기의 책임과 역할을 다하기로 하였다.
남과 북은 한반도 비핵화를 위한 국제사회의 지지와 협력을 위해 적극 노력해나가기로 하였다.
양 정상은 정기적인 회담과 직통전화를 통하여 민족의 중대사를 수시로 진지하게 논의하고 신뢰를 굳건히 하며, 남북관계의 지속적인 발전과 한반도의 평화와 번영, 통일을 향한 좋은 흐름을 더욱 확대해 나가기 위하여 함께 노력하기로 하였다.
당면하여 문재인 대통령은 올해 가을 평양을 방문하기로 하였다.
2018년 4월 27일
판 문 점
대 한 민 국
대 통 령
문 재 인
조선민주주의인민공화국
국무위원회 위원장
김 정 은
오후 5시20분
산책과 함께 도보다리에서 약 30분간 둘만의 대화를 마친 문재인 대통령과 김정은 국무위원장은 걸어서 정상회담 장소인 평화의 집에 도착했다. 두 정상은 이곳에서 오후 정상회담을 이어갈 예정이다.
오후 4시30분
문재인 대통령과 김정은 국무위원장이 군사분계선 인근의 ’소떼길’에서 공동 식수를 했다. 나무는 정전협정이 있었던 1953년생 소나무로, 문 대통령은 백두산 흙을 김 위원장은 한라산 흙을 삽으로 퍼 나무 기둥에 뿌렸다. 문 대통령은 식수 행사장 앞에 5분 먼저 도착해 김 위원장을 기다렸다가 잠시 뒤 도착한 김 위원장을 악수로 맞이 했다. 이후 두 정상은 판문점 도보다리까지 수행원 없이 둘만 산책하며 담소를 나눴다.
오후 3시30분
김의겸 청와대 대변인은 경기도 고양시 킨텍스 프레스센터에서 브리핑을 열고 문재인 대통령과 김정은 북한 국무위원장의 남북정상회담 일정과 관련해 “오후 회담을 마친 뒤 서명식과 공동발표가 있을 예정”이라고 밝혔다. 김 대변인은 “오후 4시30분 공동기념 식수에 이어 도보다리 산책과 오후 회담이 이어진다”며 “오후 회담 뒤에는 서명식과 공동 발표가 있을 예정이며, 만찬은 그 직후에 이어진다”고 설명했다. 만찬 북쪽 인원은 김정은 위원장과 리설주 여사를 비롯한 26명이 참석한다.
오후 2시30분
윤영찬 청와대 국민소통수석은 판문점 브리핑을 통해 “두 정상은 오전 회담에서 한반도 비핵화와 항구적 평화정착, 남북관계 발전 방향에 대해 시종 진지하고 솔직한 대화를 나눴다”며 “양측은 공동선언문 작성을 위한 실무협의를 계속하기로 했으며 선언문이 나온 뒤 양 정상이 서명하고 공동발표를 할 예정”이라고 밝혔다. 한편 “리설주 여사는 오후 6시15분경 판문점에 도착한다. 문 대통령과 김정숙 여사, 김정은 위원장과 리설주 여사는 평화의 집에서 잠시 환담한 뒤 만찬 참석한다”고 전했다.
오후 12시15분
윤영찬 청와대 국민소통수석은 두 정상의 오전 회담이 끝난 뒤 판문점 자유의 집 프레스센터 브리핑에서 “문 대통령이 약식 의장대 사열에 대해 ‘청와대에 오시면 훨씬 좋은 장면을 보여드릴 수 있다’고 하자 김 위원장은 ‘대통령께서 초청해주시면 언제든 가겠다’고 말했다”고 전했다.
한편, 윤 수석은 문 대통령이 김 위원장을 군사분계선(MDL)에서 처음 만나 ""나는 언제쯤 (북쪽으로) 넘어갈 수 있겠느냐”고 묻자 김 위원장이 “그러면 지금 넘어가볼까요”라고 문 대통령의 손을 이끌었고, 이에 따라 문 대통령이 예정과 달리 군사분계선을 넘어가 북측에서 사진을 찍은 것이라고 전했다.
낮 12시 정각
문재인 대통령과 김정은 위원장이 약 100분 동안 진행된 오전 확대 정상회담을 마쳤다. 김정은 위원장은 회담 종료 뒤 차량을 통해 경호원들의 경호를 받으며 북쪽 지역으로 이동했다. 두 정상은 식사와 휴식 시간을 가진 뒤 친교 행사를 하고 오후 회담을 이어갈 예정이다.
오전 10시30분
김정은 위원장은 정상회담 머리 발언에서 “200미터 거리나 되는 짧은 거리 오면서 말씀드렸지만 이 군사분리선 넘는건 사람이 넘기 힘든 빌어막힌 것도 아닌데 너무나 쉽게 넘어온 역사적 이 자리까지 11년이 걸렸는데 걸어오면서 보니까 왜 그 시간이 오래됐나 왜 오기 힘들었나 생각이 들었다”면서 “오늘 역사적 이 자리에서 기대하시는 분들도 많고 지난 시기처럼 아무리 좋은 합의나 글이 나와도 그게 제대로 이행되지 못하면 오히려 이런 만남 갖고도 좋은 결과가 발전하지 못하면 기대 품었던 분들에게 오히려 더 낙심주지 않겠나, 앞으로 마음가짐 잘 하고 정말 우리가 잃어버린 11년 세월이 아깝지 않을 정도로 아까 말씀드린것처럼 수시로 만나서 걸린 문제 풀어나가고 마음을 합치고 의지를 모아서 그런 의지를 가지고 나가면 우리가 잃어버린 11년이 좋게 나가지 않겠나 이런 생각도 하면서 정말 만감이 교차하며 200미터를 걸어왔다”고 말했다.
그는 이어 “오늘 이 자리에서 평화와 번영 북남 관계 새로운 역사 씌어지는 순간에 출발점에 서서 출발점에서 신호탄을 쏜다는 마음 가짐을 가지고 여기 왔다. 오늘 현안 문제들 관심사 문제들 관심사되는 문제들 툭 터놓고 얘기하고 그래서 좋은 또 결과를 만들어내고 또 앞으로 이 자리를 통해서 우리가 지난 시기처럼 이렇게 또 원점에 돌아가고 이행하지 못하고 이런 결과 보다는 우리가 앞으로 마음가짐을 잘 하고 미래를 내다보며 지향성 있게 손 잡고 걸어나가는 계기가 돼서 기대하신 분들 기대에도 부흥하고 오늘 결과 좋아서 여 오기 전에 보니까 오늘 저녁 만찬 음식 많이 얘기하던데 어렵사리 평양에서부터 평양냉면을 가지고 왔는데 그런데 대통령께서 편한 마음으로 가져왔는데 대통령께서 편안한 마음으로 평양냉면 멀리 온 멀다 말하면 안되갔구나. (주변 웃음) 맛있게 드시면 좋겠습네다. 오늘 정말 허심탄회하게 진지하게 솔직하게 이런 마음 가짐으로 문재인 대통령과 좋은 얘기를 하고 또 반드시 필요한 얘기를 하고 좋은 결과를 만들어내겠다는 걸 문재인 대통령 앞에도 말씀드리고 기자 여러분에게도 말한다”고 말했다.
이에 문재인 대통령은 “네”라고 대답하며 “오늘 우리 만남을 축하하듯 날씨도 아주 화창하다. 한반도에 봄이 한창이다. 한반도의 봄 온 세계가 주목하고 있다. 전세계 눈과 귀가 여기 판문점에 쏠려 있다. 우리 남북의 국민들 해외 동포들이 거는 기대도 아주 크다. 그만큼 우리 두 사람 어깨가 무겁다”고 화답했다. 이어 “우리 김정은 위원장이 사상 최초로 군사분계선을 넘어오는 순간 이 판문점은 분단의 상징이 아니라 평화의 상징이 됐다. 우리 국민 여러분 전세계의 기대가 큰데 오늘의 이 상황을 만들어낸 우리 김정은 위원장의 용단에 대해서 다시한번 경의 표하고 싶다. 오늘 우리 대화도 그렇게 통크게 대화를 나누고 합의에 이르러서 우리 온민족과 평화를 바라는 이 세계 모든 사람들에게 큰 선물을 안겨줬으면 좋겠다. 자, 오늘 뭐 하루종일 얘기할 수 있는 시간이 있는 만큼 그동안 10년 동안 못한 거 충분히 나눕시다”라고 말했다.
오전 10시15분
두 정상은 판문점 평화의집 2층에서 정상회담을 시작했다. 김정은 북한 국무위원장은 머리 발언에서 “잃어버린 11년 아깝지 않아야 한다”고 말했고, 문재인 대통령은 “대화도 통 크게 나눴으면 한다”고 화답했다.
오전 9시44분
두 정상은 정상회담 장소인 평화의집 1층에 마련된 접견실로 이동해 친교의 시간인 사전 환담을 시작했다. 두 정상은 이어 2층 정상회담장으로 옮겨 오전 10시30분부터 정상회담을 시작할 예정이다.
오전 9시42분
김정은 위원장이 정상회담 장소인 평화의집에 도착해 방명록에 서명했다. 문재인 대통령은 옆에 서서 이 모습을 지켜봤다. 김 위원장은 방명록에 “새로운 력사는 이제부터. 평화의 시대, 력사의 출발점에서”라고 적었다.
오전 9시37분
김정은 북한 국무위원장이 북쪽 정상으로는 처음으로 한국군의 사열을 받았다.
오전 9시35분
문재인 대통령과 김정은 북한 국무위원장이 전통의장대의 호위받으며 도보로 자유의집과 평화의집 사이에 위치한 판문점 광장 쪽으로 이동했다. 문 대통령은 김 위원장과 군사분계선에서 악수를 나누는 과정에서 잠시 북측 지역으로 넘어가기도 했다.
오전 9시30분
문재인 대통령과 김정은 북한 국무위원장이 판문점 군사분계선에서 만나 악수하고 함께 걸어서 군사분계선을 통과했다.
오전 9시1분
문재인 대통령이 남북정상회담 장소인 판문점에 도착했다. 문 대통령은 평화의집에서 잠시 휴식을 취한 뒤 오전 9시30분 도착 예정인 김정은 북한 국무위원장을 군사분계선(MDL)에서 악수로 맞이할 예정이다.
오전 8시6분
문재인 대통령이 김정은 북한 국무위원장과의 판문점 정상회담을 위해 청와대를 출발했다. 문 대통령은 청와대를 출발하면서 별도의 성명은 발표하지 않았다. 문 대통령은 출발 직후 차량에서 내려 청와대 주변에 응원 나온 시민들과 약 2분간 악수를 나눴다.",77,7214
iks_20180427_hankyoreh_news_091,Hankyoreh news 2018 April 27 corpus.txt,Hankyoreh,한겨레,news,2018-04-27,2018_april_summit,청와대 “정상회담 합의문 발표 형식 아직 안정해져”,"“김정숙 여사 어디있는지 확인 어려워…배석 수행원 미정”
문 대통령 전용차 옆 자리엔 송인배 제1부속실장 동석","문재인 대통령과 김정은 북한 국무위원장의 판문점 정상회담이 열리는 27일 오전까지도 청와대는 두 정상의 합의 내용에 대한 발표 형식이 정해지지 않았다고 밝혔다.
김의겸 청와대 대변인은 이날 오전 경기 일산 킨텍스 메인프레스센터(MPC) 브리핑에서 '합의문 발표 형식이 정해졌나'라는 질문에 ""아니다. 회담 결과에 따라, 회담의 내용에 따라 형식과 순서가 정해질 것""이라고 답했다. 양측 공식 수행원 중 정상회담에 실제로 배석할 수행원이 확정됐느냐는 질문에도 김 대변인은 아직 정해지지 않았다고 답했다.
김 대변인은 '문 대통령의 부인인 김정숙 여사도 함께 판문점으로 가고 있느냐'는 질문에도 역시 ""미정""이라며 ""여기서 알 수 없다""고 밝혔다.
'김 위원장의 부인인 리설주 여사의 참석도 확정이 안 됐다고 하는데, 김 여사의 참석도 결정이 안됐나'라는 외신의 질문이 다시 나왔으나, 김 대변인은 ""아직 결정되지 않았고, 지금 저희는 현장과 거리가 떨어져 있어서 김 여사가 어디 있는지 확인하기 어렵다""고 설명했다. 다만 이날 언론에 보도된 문 대통령 전용차 내부 사진을 보면, 문 대통령의 옆자리에는 김 여사가 아닌 송인배 청와대 제1부속실장이 동승한 것으로 나와 있다.","청와대 “정상회담 합의문 발표 형식 아직 안정해져”
“김정숙 여사 어디있는지 확인 어려워…배석 수행원 미정”
문 대통령 전용차 옆 자리엔 송인배 제1부속실장 동석
문재인 대통령과 김정은 북한 국무위원장의 판문점 정상회담이 열리는 27일 오전까지도 청와대는 두 정상의 합의 내용에 대한 발표 형식이 정해지지 않았다고 밝혔다.
김의겸 청와대 대변인은 이날 오전 경기 일산 킨텍스 메인프레스센터(MPC) 브리핑에서 '합의문 발표 형식이 정해졌나'라는 질문에 ""아니다. 회담 결과에 따라, 회담의 내용에 따라 형식과 순서가 정해질 것""이라고 답했다. 양측 공식 수행원 중 정상회담에 실제로 배석할 수행원이 확정됐느냐는 질문에도 김 대변인은 아직 정해지지 않았다고 답했다.
김 대변인은 '문 대통령의 부인인 김정숙 여사도 함께 판문점으로 가고 있느냐'는 질문에도 역시 ""미정""이라며 ""여기서 알 수 없다""고 밝혔다.
'김 위원장의 부인인 리설주 여사의 참석도 확정이 안 됐다고 하는데, 김 여사의 참석도 결정이 안됐나'라는 외신의 질문이 다시 나왔으나, 김 대변인은 ""아직 결정되지 않았고, 지금 저희는 현장과 거리가 떨어져 있어서 김 여사가 어디 있는지 확인하기 어렵다""고 설명했다. 다만 이날 언론에 보도된 문 대통령 전용차 내부 사진을 보면, 문 대통령의 옆자리에는 김 여사가 아닌 송인배 청와대 제1부속실장이 동승한 것으로 나와 있다.",4,599
iks_20180427_hankyoreh_news_092,Hankyoreh news 2018 April 27 corpus.txt,Hankyoreh,한겨레,news,2018-04-27,2018_april_summit,보수단체 재향군인회도 문 대통령 판문점 여정 환송,향군회원 6천여명 전국곳곳서 상경…‘정상회담 성공 기원’,"국내 최대 안보단체인 재향군인회(향군)가 27일역사적인 남북 정상회담이 열리는 판문점으로 출발하는 문재인 대통령을 환송했다.
문 대통령이 탄 차량은 이날 아침 청와대를 출발해 서울정부청사 창성동 별관 앞에서 잠시 멈췄다. 차에서 내린 문 대통령은 환송하기 위해 나온 시민들과 악수했다. 문 대통령과 가장 먼저 악수한 것은 맨 앞에 나와 있던 향군 회장단 7명이었다.
모자를 쓰고 '대한민국 재향군인회'라고 적힌 어깨띠를 두른 이들은 문 대통령과 차례대로 악수하며 짤막한 인사를 나눴다.
국내 최대 안보단체이자 보수단체로 통하는 향군이 가장 먼저 문 대통령에게 환송 인사를 보낸 것이다. 진보와 보수를 넘어 남북 정상회담을 향한 국민의 염원을 보여주는 상징적 장면으로 볼 수 있다.
문 대통령은 향군 회장단에 이어 시민들과 일일이 악수했다. 멀리 있는 시민들을 향해서는 고개 숙여 인사하기도 했다. 시민들은 태극기를 흔들며 한반도 평화를 위한 장도에 오른 문 대통령에게 환호를 보냈다.
향군은 이날 창성동 별관부터 적선 로터리, 세종문화회관, 광화문역에 이르는 1.2㎞ 구간에서 문 대통령을 환송하며 이번 남북 정상회담의 성공을 기원했다.
전국 곳곳에서 올라온 향군회원들은 태극기와 '비핵화', '정상회담 성공 기원' 등이 적힌 피켓을 들고 도로변에 늘어섰다. 문 대통령의 환송에 참가한 향군회원은 6천여명으로 알려졌다.
주대진(68) 전북 향군회장은 ""전 세계가 주목하는 이번 남북 정상회담에서 반드시 온 국민이 염원하는 북한의 비핵화라는 성공적 결과가 나오길 기대하면서 대통령님에게 힘을 실어주기 위해 모든 일을 뒤로 미루고 참석했다""고 말했다.","보수단체 재향군인회도 문 대통령 판문점 여정 환송
향군회원 6천여명 전국곳곳서 상경…‘정상회담 성공 기원’
국내 최대 안보단체인 재향군인회(향군)가 27일역사적인 남북 정상회담이 열리는 판문점으로 출발하는 문재인 대통령을 환송했다.
문 대통령이 탄 차량은 이날 아침 청와대를 출발해 서울정부청사 창성동 별관 앞에서 잠시 멈췄다. 차에서 내린 문 대통령은 환송하기 위해 나온 시민들과 악수했다. 문 대통령과 가장 먼저 악수한 것은 맨 앞에 나와 있던 향군 회장단 7명이었다.
모자를 쓰고 '대한민국 재향군인회'라고 적힌 어깨띠를 두른 이들은 문 대통령과 차례대로 악수하며 짤막한 인사를 나눴다.
국내 최대 안보단체이자 보수단체로 통하는 향군이 가장 먼저 문 대통령에게 환송 인사를 보낸 것이다. 진보와 보수를 넘어 남북 정상회담을 향한 국민의 염원을 보여주는 상징적 장면으로 볼 수 있다.
문 대통령은 향군 회장단에 이어 시민들과 일일이 악수했다. 멀리 있는 시민들을 향해서는 고개 숙여 인사하기도 했다. 시민들은 태극기를 흔들며 한반도 평화를 위한 장도에 오른 문 대통령에게 환호를 보냈다.
향군은 이날 창성동 별관부터 적선 로터리, 세종문화회관, 광화문역에 이르는 1.2㎞ 구간에서 문 대통령을 환송하며 이번 남북 정상회담의 성공을 기원했다.
전국 곳곳에서 올라온 향군회원들은 태극기와 '비핵화', '정상회담 성공 기원' 등이 적힌 피켓을 들고 도로변에 늘어섰다. 문 대통령의 환송에 참가한 향군회원은 6천여명으로 알려졌다.
주대진(68) 전북 향군회장은 ""전 세계가 주목하는 이번 남북 정상회담에서 반드시 온 국민이 염원하는 북한의 비핵화라는 성공적 결과가 나오길 기대하면서 대통령님에게 힘을 실어주기 위해 모든 일을 뒤로 미루고 참석했다""고 말했다.",8,810
iks_20180427_hankyoreh_news_093,Hankyoreh news 2018 April 27 corpus.txt,Hankyoreh,한겨레,news,2018-04-27,2018_april_summit,새벽 4시에 콜택시 타고 왔어요”…남북 정상회담 내외신 취재열기,전세계 언론사 2천명 취재 돌입…“역사적 순간에 함께 해 영광”,"27일 '한반도의 역사적인 날'을 기록하기 위해 전 세계 취재진이 새벽부터 경기도 파주 최북단에 속속 도착했다.
11년 만에 남북 정상이 만나는 파주 판문점과 한 뼘이라도 가까이에서 취재하기 위해 마이크와 카메라를 각각 든 기자들은 경의선 남북출입사무소(CIQ)와 임진각 등지로 모여들었다.
이날 오전 6시 30분께 판문점으로 가는 관문인 통일대교 남단 진입 교차로에서 만난 기자들은 긴장한 듯하면서도 들뜬 모습을 보였다.
대만 언론사인 넥스트TV 방송사의 제니 웨이 기자는 ""역사적인 순간의 '멤버'가 돼 신나고 긴장된다""면서 ""개인적으로도 무척 영광""이라고 말했다. 웨이 기자는 서울 특파원이 없어 '해외 출장'을 온 기자들의 취재 환경을 전해주기도 했다.
7박 8일간의 일정으로 방문한 이 기자는 취재차량이 따로 없어서 서울에서 콜택시를 타고 새벽 4시에 파주에 도착했다.
종일 이용에 하루 24만원의 비용을 지불했으며, 택시 기사는 중국어와 일본어로 의사소통할 수 있다고 한다.
중간중간 통역에 나서기도 한 운전기사를 보니 영화 '택시운전사'의 배우 송강호가 떠오르기도 했다. AFP 등 해외 주요 언론사의 취재진은 ""회사 방침상 인터뷰에는 응할 수 없어 미안하다""면서 '쏘리(sorry)'를 연발했다.
같은 시각 정상회담 프레스센터가 마련된 고양시 일산 킨텍스에서도 기자단을 태운 셔틀버스가 출발했다.
오전 7시 30분께 임진강역에서는 보안검색대 앞에 기자들이 줄지어서 이색 풍경을 연출했다.
CIQ에 들어가기 위해 출입신청을 한 취재진만 국내외 언론사 16곳에 160여명이 됐다.
남북정상회담이 열리는 판문점뿐만 아니라 청와대 춘추관, 킨텍스 프레스센터, CIQ, 임진각 등 소식이 들리는 곳곳에서 26개 언론사 약 2천명이 정상회담 취재에 돌입했다.
문재인 대통령이 판문점에 가기 위해 청와대를 나서면서 오전 8시를 기점으로 통일대교 남단 부근 도로도 전면 통제됐다.","새벽 4시에 콜택시 타고 왔어요”…남북 정상회담 내외신 취재열기
전세계 언론사 2천명 취재 돌입…“역사적 순간에 함께 해 영광”
27일 '한반도의 역사적인 날'을 기록하기 위해 전 세계 취재진이 새벽부터 경기도 파주 최북단에 속속 도착했다.
11년 만에 남북 정상이 만나는 파주 판문점과 한 뼘이라도 가까이에서 취재하기 위해 마이크와 카메라를 각각 든 기자들은 경의선 남북출입사무소(CIQ)와 임진각 등지로 모여들었다.
이날 오전 6시 30분께 판문점으로 가는 관문인 통일대교 남단 진입 교차로에서 만난 기자들은 긴장한 듯하면서도 들뜬 모습을 보였다.
대만 언론사인 넥스트TV 방송사의 제니 웨이 기자는 ""역사적인 순간의 '멤버'가 돼 신나고 긴장된다""면서 ""개인적으로도 무척 영광""이라고 말했다. 웨이 기자는 서울 특파원이 없어 '해외 출장'을 온 기자들의 취재 환경을 전해주기도 했다.
7박 8일간의 일정으로 방문한 이 기자는 취재차량이 따로 없어서 서울에서 콜택시를 타고 새벽 4시에 파주에 도착했다.
종일 이용에 하루 24만원의 비용을 지불했으며, 택시 기사는 중국어와 일본어로 의사소통할 수 있다고 한다.
중간중간 통역에 나서기도 한 운전기사를 보니 영화 '택시운전사'의 배우 송강호가 떠오르기도 했다. AFP 등 해외 주요 언론사의 취재진은 ""회사 방침상 인터뷰에는 응할 수 없어 미안하다""면서 '쏘리(sorry)'를 연발했다.
같은 시각 정상회담 프레스센터가 마련된 고양시 일산 킨텍스에서도 기자단을 태운 셔틀버스가 출발했다.
오전 7시 30분께 임진강역에서는 보안검색대 앞에 기자들이 줄지어서 이색 풍경을 연출했다.
CIQ에 들어가기 위해 출입신청을 한 취재진만 국내외 언론사 16곳에 160여명이 됐다.
남북정상회담이 열리는 판문점뿐만 아니라 청와대 춘추관, 킨텍스 프레스센터, CIQ, 임진각 등 소식이 들리는 곳곳에서 26개 언론사 약 2천명이 정상회담 취재에 돌입했다.
문재인 대통령이 판문점에 가기 위해 청와대를 나서면서 오전 8시를 기점으로 통일대교 남단 부근 도로도 전면 통제됐다.",12,940
iks_20180427_hankyoreh_news_094,Hankyoreh news 2018 April 27 corpus.txt,Hankyoreh,한겨레,news,2018-04-27,2018_april_summit,"일본 언론 “정상회담 판문점 개최, 김 위원장이 희망했다”",,"27일 열리는 남북 정상회담과 관련해 김정은 북한 국무위원장이 개최 장소로 판문점을 희망했다는 일본 언론의 보도가 나왔다. 아사히신문은 이날 서울발 기사에서 북한 관계 소식통을 인용해 한국이 지난달 5일 특사단을 보내 정상회담의 개최지를 제주도, 판문점, 평양으로 제안했다고 보도했다. 이 소식통은 이 중 평양은 이미 과거에 2차례 정상회담이 열린 적이 있는 데다 김 위원장의 경비 문제가 있어서 제주도 개최가 기대됐다며 하지만 김 위원장이 한국측에 판문점을 개최 장소로 할 것을 요구했다고 전했다.
소식통에 따르면 북한은 지난 3월말부터 당 간부를 대상으로 배포된 교육용 자료에 ""원수(김 위원장)가 38선을 넘어서 남측에 내려간다""면서 용기 있는 결단이라고 칭찬했다. 다른 북한 관계 소식통 역시 북한이 김 위원장이 군사경계선을 넘어 판문점에 가는 것에 대해 ""인민을 위해 목숨을 걸고 혼자서 남측에 가신다""고 설명하고 있다고 전했다.
아사히는 이에 대해 조부와 아버지가 실현하지 못했던 남측 방문의 의의를 강조해 김 위원장의 신격화에 이용하는 것으로 보인다고 설명했다.","일본 언론 “정상회담 판문점 개최, 김 위원장이 희망했다”
27일 열리는 남북 정상회담과 관련해 김정은 북한 국무위원장이 개최 장소로 판문점을 희망했다는 일본 언론의 보도가 나왔다. 아사히신문은 이날 서울발 기사에서 북한 관계 소식통을 인용해 한국이 지난달 5일 특사단을 보내 정상회담의 개최지를 제주도, 판문점, 평양으로 제안했다고 보도했다. 이 소식통은 이 중 평양은 이미 과거에 2차례 정상회담이 열린 적이 있는 데다 김 위원장의 경비 문제가 있어서 제주도 개최가 기대됐다며 하지만 김 위원장이 한국측에 판문점을 개최 장소로 할 것을 요구했다고 전했다.
소식통에 따르면 북한은 지난 3월말부터 당 간부를 대상으로 배포된 교육용 자료에 ""원수(김 위원장)가 38선을 넘어서 남측에 내려간다""면서 용기 있는 결단이라고 칭찬했다. 다른 북한 관계 소식통 역시 북한이 김 위원장이 군사경계선을 넘어 판문점에 가는 것에 대해 ""인민을 위해 목숨을 걸고 혼자서 남측에 가신다""고 설명하고 있다고 전했다.
아사히는 이에 대해 조부와 아버지가 실현하지 못했던 남측 방문의 의의를 강조해 김 위원장의 신격화에 이용하는 것으로 보인다고 설명했다.",3,545
iks_20180427_hankyoreh_news_095,Hankyoreh news 2018 April 27 corpus.txt,Hankyoreh,한겨레,news,2018-04-27,2018_april_summit,"문 대통령, 시민들 ‘회담 성공’ 응원에 “고맙습니다”",청와대 출발길 차에서 내려 인사…감색 양복에 푸른 넥타이,"문재인 대통령은 27일 남북정상회담 성공을 응원하는 시민들에게 ""고맙습니다""라고 인사를 건넸다.
이날 오전 8시 6분 김정은 북한 국무위원장과 판문점 정상회담을 위해 청와대를 출발한 문 대통령은 청와대 주변에 모여든 시민들을 보자 1분 만에 차를 세워 재향군인회 인사 등과 인사를 나눴다.
감색 양복에 푸른 넥타이 차림의 문 대통령은 환한 미소와 함께 두 손을 모아 ""힘내세요"", ""성공하십시오""를 외치는 시민들과 악수를 하고 손을 흔들며 인사했다.
문 대통령은 ""화이팅""을 연호하는 시민들에게 ""고맙습니다""라고 말한 뒤 2분 만에 차에 탑승해 판문점으로 향했다.","문 대통령, 시민들 ‘회담 성공’ 응원에 “고맙습니다”
청와대 출발길 차에서 내려 인사…감색 양복에 푸른 넥타이
문재인 대통령은 27일 남북정상회담 성공을 응원하는 시민들에게 ""고맙습니다""라고 인사를 건넸다.
이날 오전 8시 6분 김정은 북한 국무위원장과 판문점 정상회담을 위해 청와대를 출발한 문 대통령은 청와대 주변에 모여든 시민들을 보자 1분 만에 차를 세워 재향군인회 인사 등과 인사를 나눴다.
감색 양복에 푸른 넥타이 차림의 문 대통령은 환한 미소와 함께 두 손을 모아 ""힘내세요"", ""성공하십시오""를 외치는 시민들과 악수를 하고 손을 흔들며 인사했다.
문 대통령은 ""화이팅""을 연호하는 시민들에게 ""고맙습니다""라고 말한 뒤 2분 만에 차에 탑승해 판문점으로 향했다.",4,315
iks_20180427_hankyoreh_news_096,Hankyoreh news 2018 April 27 corpus.txt,Hankyoreh,한겨레,news,2018-04-27,2018_april_summit,"문 대통령, 판문점 도착…9시30분께 김정은과 첫 만남",문재인 대통령 판문점 도착,"문재인 대통령은 27일 오전 9시 1분께 남북정상회담 장소인 판문점에 도착했다.
문 대통령은 평화의집에서 잠시 휴식을 취한 뒤 오전 9시30분 도착 예정인 김정은 북한 국무위원장을 군사정전위원회 본회의실(T2)와 소회의실(T3) 사이 군사분계선(MDL)에서 악수로 맞이할 예정이다.
문 대통령 8시 판문점으로…김정은, 새벽 평양 출발
문재인 대통령이 27일 김정은 북한 국무위원장과의 2018 남북정상회담에 참석하려 아침 8시 6분 청와대를 출발했다.
문 대통령은 전용차를 타고 광화문·자유로를 거쳐 이동하게 된다. 그는 오전 9시30분 판문점 군사분계선에 있는 군사정전위원회 회의실 건물인 티투(T2), 티스리(T3) 사이로 걸어 방남하는 김 위원장을 맞이할 예정이다.
한편 김정은 북한 국무위원장이 판문점 남쪽에서 열리는 남북정상회담을 위해 27일 새벽 평양을 출발했다고 북한 <조선중앙통신>이 보도했다.
<조선중앙통신>은 이날 아침 6시31분께(남쪽시각·북쪽시각 6시1분께) 올린 기사에서 “조선노동당 위원장이시며 조선민주주의인민공화국 국무위원회 위원장이신 우리 당과 국가, 군대의 최고영도자 김정은 동지께서 판문점 남측지역에서 열리는 역사적인 북남 수뇌상봉과 회담을 위하여 4월27일 새벽 평양을 출발하시었다”고 전했다. 이어 “이번 북남수뇌상봉과 회담은 민족분단사상 처음으로 남측지역에서 진행되게 된다”고 덧붙였다. 당 기관지인 <노동신문>도 이날 1면에 김 위원장의 정상회담 예고기사를 내보냈다.
<조선중앙통신>은 또 “김정은 동지께서 문재인 대통령과 북남관계를 개선하고 조선반도의 평화와 번영, 통일을 이룩하는 데서 나서는 제반 문제들에 대하여 허심탄회하게 논의하시게 된다”고 전했다.
<조선중앙통신>은 애초 “경애하는 최고령도자 동지께서는 북남수뇌상봉과 회담에 이어 문재인 대통령과 기념식수를 하시고 력사적인 판문점회담결과를 발표하시게 되며 문재인대통령이 주최하는 만찬에 참석하신 후 평양으로 돌아오시게 된다”고 전했으나 약 1시간 뒤께인 아침 7시30분(남쪽시각·북쪽시각 7시께) 수정보도를 내 이 부분을 “경애하는 최고령도자동지께서는 27일 오전과 오후에 이어 밤까지 북남수뇌상봉과 회담일정을 마치신 후 평양으로 돌아오시게 된다”고 고쳤다.
4월 27일 남북정상회담 전체 일정
1. 김정은 국무위원장 판문점까지 차로 이동. 판문각 도착
2. 9시30분 김정은 위원장 판문점 군사정전위원회 회의실 T2, T3 사이로 군사분계선 통과
3. 문재인 대통령, 김 위원장 맞이 악수 전통의장대 호위 받으며 환영식장으로 도보 이동
4. 9시40분께 판문점 광장에 도착 환영식 의장대 사열 뒤 평화의집으로 걸어서 이동
5. 평화의집 1층에서 김 위원장 방명록 서명 문 대통령과 기념촬영 접견실 사전환담
6. 10시30분 정상회담(오전) 정상회담 종료 뒤 양측 별도의 오찬과 휴식시간
7. 오후 군사분계선 인근의 '소떼길'에서 기념식수(1953년생 소나무) 도보다리까지 산책하며 담소
8. 정상회담(오후) 합의문 서명과 발표 (형식 장소 미정)
9. 18시30분 3층 식당에서 환영만찬 환승행사(영상관람 '하나의 봄')
10. 김 위원장 북쪽으로 귀환","문 대통령, 판문점 도착…9시30분께 김정은과 첫 만남
문재인 대통령 판문점 도착
문재인 대통령은 27일 오전 9시 1분께 남북정상회담 장소인 판문점에 도착했다.
문 대통령은 평화의집에서 잠시 휴식을 취한 뒤 오전 9시30분 도착 예정인 김정은 북한 국무위원장을 군사정전위원회 본회의실(T2)와 소회의실(T3) 사이 군사분계선(MDL)에서 악수로 맞이할 예정이다.
문 대통령 8시 판문점으로…김정은, 새벽 평양 출발
문재인 대통령이 27일 김정은 북한 국무위원장과의 2018 남북정상회담에 참석하려 아침 8시 6분 청와대를 출발했다.
문 대통령은 전용차를 타고 광화문·자유로를 거쳐 이동하게 된다. 그는 오전 9시30분 판문점 군사분계선에 있는 군사정전위원회 회의실 건물인 티투(T2), 티스리(T3) 사이로 걸어 방남하는 김 위원장을 맞이할 예정이다.
한편 김정은 북한 국무위원장이 판문점 남쪽에서 열리는 남북정상회담을 위해 27일 새벽 평양을 출발했다고 북한 <조선중앙통신>이 보도했다.
<조선중앙통신>은 이날 아침 6시31분께(남쪽시각·북쪽시각 6시1분께) 올린 기사에서 “조선노동당 위원장이시며 조선민주주의인민공화국 국무위원회 위원장이신 우리 당과 국가, 군대의 최고영도자 김정은 동지께서 판문점 남측지역에서 열리는 역사적인 북남 수뇌상봉과 회담을 위하여 4월27일 새벽 평양을 출발하시었다”고 전했다. 이어 “이번 북남수뇌상봉과 회담은 민족분단사상 처음으로 남측지역에서 진행되게 된다”고 덧붙였다. 당 기관지인 <노동신문>도 이날 1면에 김 위원장의 정상회담 예고기사를 내보냈다.
<조선중앙통신>은 또 “김정은 동지께서 문재인 대통령과 북남관계를 개선하고 조선반도의 평화와 번영, 통일을 이룩하는 데서 나서는 제반 문제들에 대하여 허심탄회하게 논의하시게 된다”고 전했다.
<조선중앙통신>은 애초 “경애하는 최고령도자 동지께서는 북남수뇌상봉과 회담에 이어 문재인 대통령과 기념식수를 하시고 력사적인 판문점회담결과를 발표하시게 되며 문재인대통령이 주최하는 만찬에 참석하신 후 평양으로 돌아오시게 된다”고 전했으나 약 1시간 뒤께인 아침 7시30분(남쪽시각·북쪽시각 7시께) 수정보도를 내 이 부분을 “경애하는 최고령도자동지께서는 27일 오전과 오후에 이어 밤까지 북남수뇌상봉과 회담일정을 마치신 후 평양으로 돌아오시게 된다”고 고쳤다.
4월 27일 남북정상회담 전체 일정
1. 김정은 국무위원장 판문점까지 차로 이동. 판문각 도착
2. 9시30분 김정은 위원장 판문점 군사정전위원회 회의실 T2, T3 사이로 군사분계선 통과
3. 문재인 대통령, 김 위원장 맞이 악수 전통의장대 호위 받으며 환영식장으로 도보 이동
4. 9시40분께 판문점 광장에 도착 환영식 의장대 사열 뒤 평화의집으로 걸어서 이동
5. 평화의집 1층에서 김 위원장 방명록 서명 문 대통령과 기념촬영 접견실 사전환담
6. 10시30분 정상회담(오전) 정상회담 종료 뒤 양측 별도의 오찬과 휴식시간
7. 오후 군사분계선 인근의 '소떼길'에서 기념식수(1953년생 소나무) 도보다리까지 산책하며 담소
8. 정상회담(오후) 합의문 서명과 발표 (형식 장소 미정)
9. 18시30분 3층 식당에서 환영만찬 환승행사(영상관람 '하나의 봄')
10. 김 위원장 북쪽으로 귀환",20,1542
iks_20180427_hankyoreh_news_097,Hankyoreh news 2018 April 27 corpus.txt,Hankyoreh,한겨레,news,2018-04-27,2018_april_summit,"문대통령, 오전 8시6분께 판문점으로 출발…별도성명은 발표안해",,"문재인 대통령이 김정은 북한 국무위원장과의 판문점 정상회담을 위해 27일 오전 8시 청와대를 출발했다.
문 대통령은 청와대를 출발하면서 별도의 성명은 발표하지 않았다.
문 대통령은 전용 차량을 이용해 판문점으로 이동하며, 오전 9시 30분 군사분계선(MDL)에 걸쳐 있는 군사정전위원회 회의실인 T2와 T3 사이로 걸어서 월경하는 김 위원장을 악수로 맞이한다. 남북 정상이 분단의 상징인 판문점 MDL 선상에서 조우하는 것은 처음이며, 북한최고 지도자의 방남 역시 최초다.
두 정상은 국군의장대의 사열을 포함한 공식 환영식에 이어 회담이 열리는 평화의 집에 들어선다. 김 위원장은 평화의 집 1층에서 방명록을 작성하며, 이어 문 대통령과 김 위원장은 기념촬영을 하고 접견실에서 사전 환담을 한다.
이어 오전 10시 30분부터 2층 회담장에서 확대 정상회담을 시작, 비핵화와 평화체제 정착, 남북관계 개선 등에 대한 심도 있는 논의에 들어간다.
양 정상은 각각 오찬을 한 뒤 식수와 친교 행사를 하고서 오후 회담에 들어가며, 회담 상황에 따라 공동으로 합의문을 발표할 예정이다.
김 위원장은 문 대통령의 베푸는 환영 만찬에 참석한 뒤 이날 밤늦게 북한으로 돌아간다.","문대통령, 오전 8시6분께 판문점으로 출발…별도성명은 발표안해
문재인 대통령이 김정은 북한 국무위원장과의 판문점 정상회담을 위해 27일 오전 8시 청와대를 출발했다.
문 대통령은 청와대를 출발하면서 별도의 성명은 발표하지 않았다.
문 대통령은 전용 차량을 이용해 판문점으로 이동하며, 오전 9시 30분 군사분계선(MDL)에 걸쳐 있는 군사정전위원회 회의실인 T2와 T3 사이로 걸어서 월경하는 김 위원장을 악수로 맞이한다. 남북 정상이 분단의 상징인 판문점 MDL 선상에서 조우하는 것은 처음이며, 북한최고 지도자의 방남 역시 최초다.
두 정상은 국군의장대의 사열을 포함한 공식 환영식에 이어 회담이 열리는 평화의 집에 들어선다. 김 위원장은 평화의 집 1층에서 방명록을 작성하며, 이어 문 대통령과 김 위원장은 기념촬영을 하고 접견실에서 사전 환담을 한다.
이어 오전 10시 30분부터 2층 회담장에서 확대 정상회담을 시작, 비핵화와 평화체제 정착, 남북관계 개선 등에 대한 심도 있는 논의에 들어간다.
양 정상은 각각 오찬을 한 뒤 식수와 친교 행사를 하고서 오후 회담에 들어가며, 회담 상황에 따라 공동으로 합의문을 발표할 예정이다.
김 위원장은 문 대통령의 베푸는 환영 만찬에 참석한 뒤 이날 밤늦게 북한으로 돌아간다.",7,595
iks_20180427_hankyoreh_news_098,Hankyoreh news 2018 April 27 corpus.txt,Hankyoreh,한겨레,news,2018-04-27,2018_april_summit,북 “김정은 북남 수뇌상봉 위해 새벽 평양 출발”,,"김정은 북한 국무위원장이 판문점 남쪽에서 열리는 남북정상회담을 위해 27일 새벽 평양을 출발했다고 북한 <조선중앙통신>이 보도했다.
<조선중앙통신>은 이날 아침 6시31분께(남쪽시각·북쪽시각 6시1분께) 올린 기사에서 “조선노동당 위원장이시며 조선민주주의인민공화국 국무위원회 위원장이신 우리 당과 국가, 군대의 최고영도자 김정은 동지께서 판문점 남측지역에서 열리는 역사적인 북남 수뇌상봉과 회담을 위하여 4월27일 새벽 평양을 출발하시었다”고 전했다. 이어 “이번 북남수뇌상봉과 회담은 민족분단사상 처음으로 남측지역에서 진행되게 된다”고 덧붙였다. 당 기관지인 <노동신문>도 이날 1면에 김 위원장의 정상회담 예고기사를 내보냈다.
<조선중앙통신>은 또 “김정은 동지께서 문재인 대통령과 북남관계를 개선하고 조선반도의 평화와 번영, 통일을 이룩하는 데서 나서는 제반 문제들에 대하여 허심탄회하게 논의하시게 된다”고 전했다.
<조선중앙통신>은 애초 “경애하는 최고령도자 동지께서는 북남수뇌상봉과 회담에 이어 문재인 대통령과 기념식수를 하시고 력사적인 판문점회담결과를 발표하시게 되며 문재인대통령이 주최하는 만찬에 참석하신 후 평양으로 돌아오시게 된다”고 전했으나 약 1시간 뒤께인 아침 7시30분(남쪽시각·북쪽시각 7시께) 수정보도를 내 이 부분을 “경애하는 최고령도자동지께서는 27일 오전과 오후에 이어 밤까지 북남수뇌상봉과 회담일정을 마치신 후 평양으로 돌아오시게 된다”고 고쳤다.
김 위원장은 이날 오전 9시30분께 판문점 군사정전위원회 회의실 건물인 티투(T2)와 티스리(T3) 건물 사이로 군사분계선을 걸어서 넘어 맞은편에서 기다리고 있는 문재인 대통령과 첫 악수를 나눈다.","북 “김정은 북남 수뇌상봉 위해 새벽 평양 출발”
김정은 북한 국무위원장이 판문점 남쪽에서 열리는 남북정상회담을 위해 27일 새벽 평양을 출발했다고 북한 <조선중앙통신>이 보도했다.
<조선중앙통신>은 이날 아침 6시31분께(남쪽시각·북쪽시각 6시1분께) 올린 기사에서 “조선노동당 위원장이시며 조선민주주의인민공화국 국무위원회 위원장이신 우리 당과 국가, 군대의 최고영도자 김정은 동지께서 판문점 남측지역에서 열리는 역사적인 북남 수뇌상봉과 회담을 위하여 4월27일 새벽 평양을 출발하시었다”고 전했다. 이어 “이번 북남수뇌상봉과 회담은 민족분단사상 처음으로 남측지역에서 진행되게 된다”고 덧붙였다. 당 기관지인 <노동신문>도 이날 1면에 김 위원장의 정상회담 예고기사를 내보냈다.
<조선중앙통신>은 또 “김정은 동지께서 문재인 대통령과 북남관계를 개선하고 조선반도의 평화와 번영, 통일을 이룩하는 데서 나서는 제반 문제들에 대하여 허심탄회하게 논의하시게 된다”고 전했다.
<조선중앙통신>은 애초 “경애하는 최고령도자 동지께서는 북남수뇌상봉과 회담에 이어 문재인 대통령과 기념식수를 하시고 력사적인 판문점회담결과를 발표하시게 되며 문재인대통령이 주최하는 만찬에 참석하신 후 평양으로 돌아오시게 된다”고 전했으나 약 1시간 뒤께인 아침 7시30분(남쪽시각·북쪽시각 7시께) 수정보도를 내 이 부분을 “경애하는 최고령도자동지께서는 27일 오전과 오후에 이어 밤까지 북남수뇌상봉과 회담일정을 마치신 후 평양으로 돌아오시게 된다”고 고쳤다.
김 위원장은 이날 오전 9시30분께 판문점 군사정전위원회 회의실 건물인 티투(T2)와 티스리(T3) 건물 사이로 군사분계선을 걸어서 넘어 맞은편에서 기다리고 있는 문재인 대통령과 첫 악수를 나눈다.",5,828
iks_20180427_hankyoreh_news_099,Hankyoreh news 2018 April 27 corpus.txt,Hankyoreh,한겨레,news,2018-04-27,2018_april_summit,북·미 아닌 남북이 동력 만들어 ‘비핵화’ 첫 회담,"과거 정상회담과 다른 점은
역대 남북 정상회담 현황 	1차					2차					3차
일자			2000년 6월13일~15일			2007년 10월2~4일				2018년 4월 27일","남북 정상			김대중 대통령 - 김정일 국방위원장 		노무현 대통령 - 김정일 국방위원장		문재인 대통령 - 김정은 국무위원장
장소			북한 평양 백화원 영빈관 (서해 직항로 이용 방북)	북한 평양 백화원 영빈관 (경의선 육로 이용 방북)	판문점 평화의집 (남쪽, 걸어서 방남)
회담 시점			김 전 대통령 임기 중반			노 전 대통령 임기 말				문 대통령 임기 전반
수행원 규모			180명					308명					크게 줄어들 전망
결과			6·15 남북 공동선언문 발표			10·4 남북 정상선언 발표			예상 의제
통일문제의 자주적 해결				6·15 공동선언 고수 및 적극 구현		한반도 비핵화
1국가 2체제의 통일방안 협의			사회문화 분야 교류와 협력			군사적 긴장 완화
남북간 교류의 활성화				남북 상호존중과 신뢰 관계로 전환			항구적 평화정착
이산가족 문제의 조속한 해결			한반도 평화 위해 긴밀히 협력			남북관계 진전 등","북·미 아닌 남북이 동력 만들어 ‘비핵화’ 첫 회담
과거 정상회담과 다른 점은
역대 남북 정상회담 현황 	1차					2차					3차
일자			2000년 6월13일~15일			2007년 10월2~4일				2018년 4월 27일
남북 정상			김대중 대통령 - 김정일 국방위원장 		노무현 대통령 - 김정일 국방위원장		문재인 대통령 - 김정은 국무위원장
장소			북한 평양 백화원 영빈관 (서해 직항로 이용 방북)	북한 평양 백화원 영빈관 (경의선 육로 이용 방북)	판문점 평화의집 (남쪽, 걸어서 방남)
회담 시점			김 전 대통령 임기 중반			노 전 대통령 임기 말				문 대통령 임기 전반
수행원 규모			180명					308명					크게 줄어들 전망
결과			6·15 남북 공동선언문 발표			10·4 남북 정상선언 발표			예상 의제
통일문제의 자주적 해결				6·15 공동선언 고수 및 적극 구현		한반도 비핵화
1국가 2체제의 통일방안 협의			사회문화 분야 교류와 협력			군사적 긴장 완화
남북간 교류의 활성화				남북 상호존중과 신뢰 관계로 전환			항구적 평화정착
이산가족 문제의 조속한 해결			한반도 평화 위해 긴밀히 협력			남북관계 진전 등",9,476
iks_20180427_hankyoreh_news_100,Hankyoreh news 2018 April 27 corpus.txt,Hankyoreh,한겨레,news,2018-04-27,2018_april_summit,"역사적인 2000년 첫 남북정상회담과 2007년 두번째 정상회담의 발자취를 되새기며 27일 남북정상회담을 톺아보면, 제각각 크고 작은 난관이 있었다. 북-미 회담의 ‘길잡이’로 나선 문재인 대통령과 새로 등판한 ‘전략가’ 김정은 북한 국무위원장이 엮어낼 ‘2018 남북정상회담’은 이전 정상회담과 어떻게 다를까?",문재인 대통령은 아직 임기 초,"우선 이번 남북정상회담은 문재인 정부가 출범한 지 1년도 채 안 된 시점에 열린다는 점에서 앞선 정상회담들과 다르다. 김대중 대통령과 김정일 국방위원장의 2000년 6월 남북정상회담은 1998년 2월에 취임한 김 전 대통령의 임기 중반에 열렸다.
노무현 대통령과 김정일 위원장의 정상회담은 노 대통령의 임기 말인 2007년 10월에야 성사됐다. 두 달 뒤 대선에서 이명박 대통령이 당선되면서 10·4 정상선언을 통해 두 정상이 추진하고자 했던 남북관계 발전과 공동번영을 위한 각종 합의들은 동력을 잃고 말았다.
임기를 4년 남겨두고 첫 남북정상회담을 여는 문 대통령의 경우, 자신의 구상대로 정상회담을 정례화하게 된다면 앞선 두 차례의 정상회담과 달리 남북 간 합의를 이행할 기회가 보장되는 셈이다.
북-미 대치 속 남북이 동력 만들어
이번 정상회담이 가시화된 과정도 앞선 두 번의 정상회담과는 차이가 있다. 2000년 정상회담과 2007년 정상회담 모두 북-미 관계가 풀리면서 본격적으로 추진됐다. 김대중 대통령은 취임사에서 ‘햇볕정책’(대북포용 정책)을 밝히며 남북정상회담 개최 용의를 표명했으나, 취임 첫해인 1998년 북한의 대포동 1호 발사 등으로 남북 화해정책 추진에 어려움을 겪었다. 이후 김 대통령은 임동원 청와대 외교안보수석을 통해 미국의 ‘페리 프로세스’를 만들어내는 데 깊이 관여하며 급랭한 정세를 반전시켰다. 윌리엄 페리 미 대북정책조정관의 방북 이후 북한의 미사일 실험 모라토리엄 선언과 미국의 대북 제재 해제 조처가 이어지면서 분위기가 무르익자 2000년 3월부터 박지원 당시 문화관광부 장관과 송호경 북한 아태평화위원회 부위원장은 3차례의 비공개 특사 회담을 열고 정상회담 개최에 합의했다.
2007년 정상회담은 북한의 1차 핵실험 이후 극단으로 치닫던 북-미가 2007년 5차 6자회담에서 북한의 핵시설 폐쇄·봉인 등에 합의(2·13 합의)하면서 성사됐다. 앞서 북한은 2005년 4차 6자회담에서 “모든 핵무기와 현존하는 핵프로그램 포기” 등에 합의(9·19 공동성명)했으나 미국이 방코델타아시아(BDA·비디에이)은행을 돈세탁 우려 대상으로 지정하며 그곳에 예치됐던 북한 계좌를 동결하자 강력히 반발하며 9·19 공동성명 이행을 거부했다. 이후 북한은 2006년 10월9일 1차 핵실험으로 맞섰다. 2·13 합의로 ‘북핵 위기’가 한풀 꺾이면서 노무현 대통령은 그해 8월 김만복 당시 국정원장을 평양에 특사로 보내 2차 정상회담 개최에 합의했다.
이번 정상회담의 경우는 한반도 전쟁위기설까지 나오며 북-미가 팽팽히 대립하는 상황에서 문재인 정부가 둘 사이를 오가며 북한의 비핵화 약속을 이끌어내는 등 간극을 좁히고 정세를 이끌어왔다는 점에서 앞선 두 회담과 차별성이 있다.
남북이 비핵화를 핵심 의제로 다루긴 처음
한반도 비핵화가 남북정상회담의 핵심 의제로 오른 점도 과거와 다르다. 2007년 10월 회담 때도 정상선언에서 “9·19 공동성명과 2·13 합의가 순조롭게 이행되도록 공동으로 노력한다”는 문구를 넣는 방식으로 남북 정상이 한반도 비핵화를 에둘러 표현한 적이 있다. 당시는 이미 6자회담에서 ‘북핵 불능화’가 합의(10·3 합의)된 상황이어서 두 정상이 특별히 비핵화에 ‘합의’를 할 부분은 없었던 측면도 있었지만, 북한이 줄곧 ‘북핵 문제는 미국의 대북 적대시정책의 결과’로 북-미 양자가 협의할 문제라며 남북 간 논의를 거부한 탓도 크다. 그러나 이번엔 남북 정상이 비핵화를 3대 핵심 의제 중 하나로 명문화했다.
대통령 임기 중·후반 아닌 초반 성사
남북 합의하면 이행 기회 보장된 셈
과거엔 북·미 대립관계 풀리며 추진
이번엔 남쪽 적극 나서 정세 이끌어
평화정착 주요 의제 2007년과 유사
비핵화 합의가 테이블 오른 건 처음
핵개발 능력 초기 단계였던 북한
이젠 “핵무력 완성” 선언한 상황
평양 아닌 ‘분단 상징’ 판문점서 열려
북 정상, 한국전 뒤 남쪽 땅 처음 밟아
그렇지만 이번 정상회담에는 이전 정상회담의 발전적 계승의 측면도 있다. 우선 이번 정상회담에서 다뤄질 주요 의제들인 평화정착과 남북관계 발전 문제는 큰 틀에서 2차 정상회담 때 다뤄진 주요 의제들과 다르지 않다. 2007년 정상회담 때 합의됐으나 이행되지 못한 △정전체제 종식과 항구적 평화체제 구축 △공동어로수역·평화수역 지정 등은 이번 회담에서 다시 대화 테이블에 오를 것으로 보인다. 2007년 추진했던 서해평화협력특별지대 설치 등 공동 번영을 위한 경제협력사업 등도 이번 정상회담과 이후 북-미 정상회담의 결과와 연동해 추후 다시 논의될 것으로 예상된다. 사실 10·4 정상선언도 앞서 남북관계 발전의 기본 방향을 제시했던 2000년 6·15 공동선언의 구체적 이행방안을 담고 있는 것으로 평가된다. 2000년 6월 첫 남북정상회담에서 합의한 5개항의 ‘6·15 공동선언’에서는 “민족의 문제를 자주적으로 해결한다”는 통일의 원칙과 ‘낮은 단계의 연방제와 남북연합제’라는 각자의 통일방안의 공통점을 인정하고, 이산가족 문제 해결과 경제·문화·사회 교류협력 활성화 등이 주요 의제로 다뤄졌다.
북한 ‘국가 핵무력 완성’ 선언
북한의 핵·미사일 등 대량파괴무기 수준도 과거 정상회담 때와 차이가 난다. 북한은 지난해 11월29일 대륙간탄도미사일 ‘화성-15’형을 발사한 뒤 “국가 핵무력 완성”을 선언했다. 앞서 북한은 플루토늄과 농축우라늄 프로그램을 모두 가동하며 6차 핵실험까지 마쳤다. 전문가들은 북한이 조만간 대륙간탄도미사일(ICBM)의 재진입 기술만 확보하면 대륙간탄도미사일에 핵탄두를 장착해 미국 본토를 타격할 수 있는 것으로 평가했다. 적어도 핵보유국으로서의 능력과 지위를 눈앞에 둔 상태다.
반면 2000년 정상회담 때는 북한이 플루토늄 추출 기술을 확보한 상태였다. 북한은 이미 1992년 국제원자력기구(IAEA)와 핵안전조치협정을 체결하면서 핵시설 7곳과 플루토늄 90g 보유 사실을 신고했다. 특별사찰 문제로 갈등을 빚다 1994년 북-미 간 제네바 합의에 따라 북한은 영변 핵시설을 동결하기로 하고 핵확산금지조약(NPT) 잔류와 국제원자력기구 안전조치 협정 이행을 약속했다. 대신, 미국은 북-미 관계를 개선하고 북쪽에 경수로 및 중유를 제공하기로 했다. 2007년 정상회담 때도 북한의 핵개발 능력은 초기 단계에 머물렀다. 국방부 추산 티엔티 0.8~1㏏(킬로톤)의 폭발력을 기록했던 1차 핵실험은 실패로 돌아갔다는 평가였다. 이때까지 북한의 우라늄 농축 프로그램은 확인되지 않았다.
판문점에서 열리는 첫 정상회담
앞선 두 차례의 정상회담과 이번이 가장 뚜렷하게 갈리는 점은 바로 회담 장소다. 2000년과 2007년 정상회담은 평양에서 열렸다. 이번에는 ‘냉전과 분단의 상징’인 판문점 남쪽 지역인 평화의집에서 진행된다. 한국전쟁 이후 북쪽 최고지도자가 남쪽에 발을 내딛는 첫 사례이기도 하다. 김대중 대통령은 서해 직항로를 통해, 노무현 대통령은 경의선 육로로 방문한 반면 김정은 위원장은 ‘72시간 다리’를 건너 노 전 대통령과는 반대 방향으로 군사분계선을 넘는다.
장소가 판문점인 만큼 이번 정상회담에는 대대적인 환영행사 등 의전도 제한된다. 3군 의장대 사열도 축소된 형태로 진행된다. 2000년 정상회담 당시 김대중 대통령은 평양 순안공항에서 내려 숙소인 백화원으로 가는 동안 수십만의 평양 시민들의 환영을 받았다. 노무현 대통령도 2007년 평양시내에서 카퍼레이드를 진행했다.
대표단 규모도 과거 회담들과 차이가 크다. 2000년 회담 때는 각 부처 공식수행원 외에도 정치·경제·사회·문화 등 분야별 특별수행원까지 그 규모가 180여명, 2007년에는 그 2배인 308명에 달했다. 문 대통령의 2018 남북정상회담 공식수행원은 임종석 대통령 비서실장, 정의용 청와대 국가안보실장, 서훈 국가정보원장, 조명균 통일부 장관, 송영무 국방부 장관, 강경화 외교부 장관, 정경두 합참의장까지 7명이다.","역사적인 2000년 첫 남북정상회담과 2007년 두번째 정상회담의 발자취를 되새기며 27일 남북정상회담을 톺아보면, 제각각 크고 작은 난관이 있었다. 북-미 회담의 ‘길잡이’로 나선 문재인 대통령과 새로 등판한 ‘전략가’ 김정은 북한 국무위원장이 엮어낼 ‘2018 남북정상회담’은 이전 정상회담과 어떻게 다를까?
문재인 대통령은 아직 임기 초
우선 이번 남북정상회담은 문재인 정부가 출범한 지 1년도 채 안 된 시점에 열린다는 점에서 앞선 정상회담들과 다르다. 김대중 대통령과 김정일 국방위원장의 2000년 6월 남북정상회담은 1998년 2월에 취임한 김 전 대통령의 임기 중반에 열렸다.
노무현 대통령과 김정일 위원장의 정상회담은 노 대통령의 임기 말인 2007년 10월에야 성사됐다. 두 달 뒤 대선에서 이명박 대통령이 당선되면서 10·4 정상선언을 통해 두 정상이 추진하고자 했던 남북관계 발전과 공동번영을 위한 각종 합의들은 동력을 잃고 말았다.
임기를 4년 남겨두고 첫 남북정상회담을 여는 문 대통령의 경우, 자신의 구상대로 정상회담을 정례화하게 된다면 앞선 두 차례의 정상회담과 달리 남북 간 합의를 이행할 기회가 보장되는 셈이다.
북-미 대치 속 남북이 동력 만들어
이번 정상회담이 가시화된 과정도 앞선 두 번의 정상회담과는 차이가 있다. 2000년 정상회담과 2007년 정상회담 모두 북-미 관계가 풀리면서 본격적으로 추진됐다. 김대중 대통령은 취임사에서 ‘햇볕정책’(대북포용 정책)을 밝히며 남북정상회담 개최 용의를 표명했으나, 취임 첫해인 1998년 북한의 대포동 1호 발사 등으로 남북 화해정책 추진에 어려움을 겪었다. 이후 김 대통령은 임동원 청와대 외교안보수석을 통해 미국의 ‘페리 프로세스’를 만들어내는 데 깊이 관여하며 급랭한 정세를 반전시켰다. 윌리엄 페리 미 대북정책조정관의 방북 이후 북한의 미사일 실험 모라토리엄 선언과 미국의 대북 제재 해제 조처가 이어지면서 분위기가 무르익자 2000년 3월부터 박지원 당시 문화관광부 장관과 송호경 북한 아태평화위원회 부위원장은 3차례의 비공개 특사 회담을 열고 정상회담 개최에 합의했다.
2007년 정상회담은 북한의 1차 핵실험 이후 극단으로 치닫던 북-미가 2007년 5차 6자회담에서 북한의 핵시설 폐쇄·봉인 등에 합의(2·13 합의)하면서 성사됐다. 앞서 북한은 2005년 4차 6자회담에서 “모든 핵무기와 현존하는 핵프로그램 포기” 등에 합의(9·19 공동성명)했으나 미국이 방코델타아시아(BDA·비디에이)은행을 돈세탁 우려 대상으로 지정하며 그곳에 예치됐던 북한 계좌를 동결하자 강력히 반발하며 9·19 공동성명 이행을 거부했다. 이후 북한은 2006년 10월9일 1차 핵실험으로 맞섰다. 2·13 합의로 ‘북핵 위기’가 한풀 꺾이면서 노무현 대통령은 그해 8월 김만복 당시 국정원장을 평양에 특사로 보내 2차 정상회담 개최에 합의했다.
이번 정상회담의 경우는 한반도 전쟁위기설까지 나오며 북-미가 팽팽히 대립하는 상황에서 문재인 정부가 둘 사이를 오가며 북한의 비핵화 약속을 이끌어내는 등 간극을 좁히고 정세를 이끌어왔다는 점에서 앞선 두 회담과 차별성이 있다.
남북이 비핵화를 핵심 의제로 다루긴 처음
한반도 비핵화가 남북정상회담의 핵심 의제로 오른 점도 과거와 다르다. 2007년 10월 회담 때도 정상선언에서 “9·19 공동성명과 2·13 합의가 순조롭게 이행되도록 공동으로 노력한다”는 문구를 넣는 방식으로 남북 정상이 한반도 비핵화를 에둘러 표현한 적이 있다. 당시는 이미 6자회담에서 ‘북핵 불능화’가 합의(10·3 합의)된 상황이어서 두 정상이 특별히 비핵화에 ‘합의’를 할 부분은 없었던 측면도 있었지만, 북한이 줄곧 ‘북핵 문제는 미국의 대북 적대시정책의 결과’로 북-미 양자가 협의할 문제라며 남북 간 논의를 거부한 탓도 크다. 그러나 이번엔 남북 정상이 비핵화를 3대 핵심 의제 중 하나로 명문화했다.
대통령 임기 중·후반 아닌 초반 성사
남북 합의하면 이행 기회 보장된 셈
과거엔 북·미 대립관계 풀리며 추진
이번엔 남쪽 적극 나서 정세 이끌어
평화정착 주요 의제 2007년과 유사
비핵화 합의가 테이블 오른 건 처음
핵개발 능력 초기 단계였던 북한
이젠 “핵무력 완성” 선언한 상황
평양 아닌 ‘분단 상징’ 판문점서 열려
북 정상, 한국전 뒤 남쪽 땅 처음 밟아
그렇지만 이번 정상회담에는 이전 정상회담의 발전적 계승의 측면도 있다. 우선 이번 정상회담에서 다뤄질 주요 의제들인 평화정착과 남북관계 발전 문제는 큰 틀에서 2차 정상회담 때 다뤄진 주요 의제들과 다르지 않다. 2007년 정상회담 때 합의됐으나 이행되지 못한 △정전체제 종식과 항구적 평화체제 구축 △공동어로수역·평화수역 지정 등은 이번 회담에서 다시 대화 테이블에 오를 것으로 보인다. 2007년 추진했던 서해평화협력특별지대 설치 등 공동 번영을 위한 경제협력사업 등도 이번 정상회담과 이후 북-미 정상회담의 결과와 연동해 추후 다시 논의될 것으로 예상된다. 사실 10·4 정상선언도 앞서 남북관계 발전의 기본 방향을 제시했던 2000년 6·15 공동선언의 구체적 이행방안을 담고 있는 것으로 평가된다. 2000년 6월 첫 남북정상회담에서 합의한 5개항의 ‘6·15 공동선언’에서는 “민족의 문제를 자주적으로 해결한다”는 통일의 원칙과 ‘낮은 단계의 연방제와 남북연합제’라는 각자의 통일방안의 공통점을 인정하고, 이산가족 문제 해결과 경제·문화·사회 교류협력 활성화 등이 주요 의제로 다뤄졌다.
북한 ‘국가 핵무력 완성’ 선언
북한의 핵·미사일 등 대량파괴무기 수준도 과거 정상회담 때와 차이가 난다. 북한은 지난해 11월29일 대륙간탄도미사일 ‘화성-15’형을 발사한 뒤 “국가 핵무력 완성”을 선언했다. 앞서 북한은 플루토늄과 농축우라늄 프로그램을 모두 가동하며 6차 핵실험까지 마쳤다. 전문가들은 북한이 조만간 대륙간탄도미사일(ICBM)의 재진입 기술만 확보하면 대륙간탄도미사일에 핵탄두를 장착해 미국 본토를 타격할 수 있는 것으로 평가했다. 적어도 핵보유국으로서의 능력과 지위를 눈앞에 둔 상태다.
반면 2000년 정상회담 때는 북한이 플루토늄 추출 기술을 확보한 상태였다. 북한은 이미 1992년 국제원자력기구(IAEA)와 핵안전조치협정을 체결하면서 핵시설 7곳과 플루토늄 90g 보유 사실을 신고했다. 특별사찰 문제로 갈등을 빚다 1994년 북-미 간 제네바 합의에 따라 북한은 영변 핵시설을 동결하기로 하고 핵확산금지조약(NPT) 잔류와 국제원자력기구 안전조치 협정 이행을 약속했다. 대신, 미국은 북-미 관계를 개선하고 북쪽에 경수로 및 중유를 제공하기로 했다. 2007년 정상회담 때도 북한의 핵개발 능력은 초기 단계에 머물렀다. 국방부 추산 티엔티 0.8~1㏏(킬로톤)의 폭발력을 기록했던 1차 핵실험은 실패로 돌아갔다는 평가였다. 이때까지 북한의 우라늄 농축 프로그램은 확인되지 않았다.
판문점에서 열리는 첫 정상회담
앞선 두 차례의 정상회담과 이번이 가장 뚜렷하게 갈리는 점은 바로 회담 장소다. 2000년과 2007년 정상회담은 평양에서 열렸다. 이번에는 ‘냉전과 분단의 상징’인 판문점 남쪽 지역인 평화의집에서 진행된다. 한국전쟁 이후 북쪽 최고지도자가 남쪽에 발을 내딛는 첫 사례이기도 하다. 김대중 대통령은 서해 직항로를 통해, 노무현 대통령은 경의선 육로로 방문한 반면 김정은 위원장은 ‘72시간 다리’를 건너 노 전 대통령과는 반대 방향으로 군사분계선을 넘는다.
장소가 판문점인 만큼 이번 정상회담에는 대대적인 환영행사 등 의전도 제한된다. 3군 의장대 사열도 축소된 형태로 진행된다. 2000년 정상회담 당시 김대중 대통령은 평양 순안공항에서 내려 숙소인 백화원으로 가는 동안 수십만의 평양 시민들의 환영을 받았다. 노무현 대통령도 2007년 평양시내에서 카퍼레이드를 진행했다.
대표단 규모도 과거 회담들과 차이가 크다. 2000년 회담 때는 각 부처 공식수행원 외에도 정치·경제·사회·문화 등 분야별 특별수행원까지 그 규모가 180여명, 2007년에는 그 2배인 308명에 달했다. 문 대통령의 2018 남북정상회담 공식수행원은 임종석 대통령 비서실장, 정의용 청와대 국가안보실장, 서훈 국가정보원장, 조명균 통일부 장관, 송영무 국방부 장관, 강경화 외교부 장관, 정경두 합참의장까지 7명이다.",27,3842
iks_20180427_hankyoreh_news_101,Hankyoreh news 2018 April 27 corpus.txt,Hankyoreh,한겨레,news,2018-04-27,2018_april_summit,"문 대통령, 정상회담 참석하려 아침 8시 청와대에서 출발",,"문재인 대통령이 27일 김정은 북한 국무위원장과의 2018 남북정상회담에 참석하려 아침 8시 청와대에서 출발했다.
청와대 관계자는 “문 대통령이 아침 8시 청와대에서 출발했다”며 “출발할 때 별도의 성명 발표는 없었다”고 말했다. 문 대통령은 전용차를 타고 판문점으로 이동하고 있다. 그는 오전 9시30분 판문점 군사분계선에 있는 군사정전위원회 회의실 건물인 티투(T2), 티스리(T3) 사이로 걸어 방남하는 김 위원장을 맞이할 예정이다.
문 대통령은 청와대 안에서 직원들의 환송을 받았다. 김의겸 대변인은 “문 대통령이 아침 8시부터 8시10분까지 청와대 직원들의 환영을 받았다”며 “청와대 직원들은 한반도의 평화와 번영을 기원하는 피켓과 하늘색 풍선, 한반도기 등을 들고 녹지원부터 정문까지 약 100m 가량 서서 문 대통령을 환송했다”고 말했다. 청와대 직원들은 ‘평화, 새로운 시작 대통령님 환영합니다’란 구호를 외쳤다고 김 대변인은 전했다.
문 대통령은 잠시 차에서 내려 직원 3~4명과 악수하고 10m 가량을 잠시 걸은 뒤 다시 차에 탔다.
청와대를 출발한 문 대통령은 청와대 주변에 모여든 시민들을 보자 1분 만에 차를 세워 재향군인회 인사 등과 인사를 나눴다. 감색 양복에 푸른 넥타이 차림을 한 문 대통령은 환한 미소와 함께 두 손을 모아 “힘내세요”, “성공하십시오”를 외치는 시민들과 악수를 하고 손을 흔들며 인사했다. 문 대통령은 “파이팅”을 외치는 시민들에게 “고맙습니다”라고 말한 뒤 2분 만에 차에 탑승해 판문점으로 향했다. 문 대통령은 김 위원장과의 만남이 예정된 오전 9시30분보다 이른 9시1분께 판문점에 도착했다. 성연철 기자 sychee@hani.co.kr","문 대통령, 정상회담 참석하려 아침 8시 청와대에서 출발
문재인 대통령이 27일 김정은 북한 국무위원장과의 2018 남북정상회담에 참석하려 아침 8시 청와대에서 출발했다.
청와대 관계자는 “문 대통령이 아침 8시 청와대에서 출발했다”며 “출발할 때 별도의 성명 발표는 없었다”고 말했다. 문 대통령은 전용차를 타고 판문점으로 이동하고 있다. 그는 오전 9시30분 판문점 군사분계선에 있는 군사정전위원회 회의실 건물인 티투(T2), 티스리(T3) 사이로 걸어 방남하는 김 위원장을 맞이할 예정이다.
문 대통령은 청와대 안에서 직원들의 환송을 받았다. 김의겸 대변인은 “문 대통령이 아침 8시부터 8시10분까지 청와대 직원들의 환영을 받았다”며 “청와대 직원들은 한반도의 평화와 번영을 기원하는 피켓과 하늘색 풍선, 한반도기 등을 들고 녹지원부터 정문까지 약 100m 가량 서서 문 대통령을 환송했다”고 말했다. 청와대 직원들은 ‘평화, 새로운 시작 대통령님 환영합니다’란 구호를 외쳤다고 김 대변인은 전했다.
문 대통령은 잠시 차에서 내려 직원 3~4명과 악수하고 10m 가량을 잠시 걸은 뒤 다시 차에 탔다.
청와대를 출발한 문 대통령은 청와대 주변에 모여든 시민들을 보자 1분 만에 차를 세워 재향군인회 인사 등과 인사를 나눴다. 감색 양복에 푸른 넥타이 차림을 한 문 대통령은 환한 미소와 함께 두 손을 모아 “힘내세요”, “성공하십시오”를 외치는 시민들과 악수를 하고 손을 흔들며 인사했다. 문 대통령은 “파이팅”을 외치는 시민들에게 “고맙습니다”라고 말한 뒤 2분 만에 차에 탑승해 판문점으로 향했다. 문 대통령은 김 위원장과의 만남이 예정된 오전 9시30분보다 이른 9시1분께 판문점에 도착했다. 성연철 기자 sychee@hani.co.kr",5,835
iks_20180427_hankyoreh_news_102,Hankyoreh news 2018 April 27 corpus.txt,Hankyoreh,한겨레,news,2018-04-27,2018_april_summit,북 군부 핵심 정상회담 첫 수행…군사적 긴장완화 실천 ‘보증수표’,"남북 정상회담 수행단에
군부 핵심 포함은 처음
군사작전 지휘 리명수 총참모장
군 대표 박영식 인민무력상 함께
북에 맞춰 정경두 합참의장도 합류
NLL 평화수역 복원 등 논의할 듯","북쪽이 통보해온 남북정상회담 공식 수행원은 김영남 최고인민회의 상임위원장과 김영철 당중앙위원회 부위원장, 최휘 당중앙위원회 부위원장, 리수용 당중앙위원회 부위원장, 김여정 당중앙위원회 제1부부장, 리명수 총참모장, 박영식 인민무력상, 리용호 외무상, 리선권 조국평화통일위원회 위원장 등 9명이다. 남쪽 공식 수행원엔 이날 정경두 합참의장이 새로 합류해 임종석 비서실장과 정의용 국가안보실장, 서훈 국가정보원장, 조명균 통일부 장관, 송영무 국방부 장관, 강경화 외교부 장관과 함께 7명으로 확정됐다.
북한이 이번 남북정상회담의 공식 수행원에 리명수 총참모장과 박영식 인민무력상 등 군부 핵심인사를 포함시킨 것은, 회담의 3대 의제 중 하나인 ‘한반도의 항구적인 평화 정착’과 관련해 남북간 긴장완화 조처와 군사 신뢰구축 방안 등을 적극 추진할 의지가 있다는 뜻을 밝힌 것으로 풀이된다. 남북정상회담 공식 수행원에 군사작전을 실질적으로 지휘하는 군부 최고위 인사가 포함된 것은 처음이다. 2000년 6월 김대중 대통령-김정일 국방위원장의 첫 정상회담 때 공식 수행원엔 군부 인사가 없었다. 당시 합의문인 6·15 공동선언에서도 군사 문제는 거론되지 않았다. 2007년 10월 노무현 대통령-김정일 국방위원장의 두번째 정상회담 때는 김장수 국방부 장관이 공식 수행했다. 김 장관의 수행은 10·4 정상선언에서 “서해 평화수역”을 위한 “군사 신뢰구축 조치” 등을 협의하기로 한 것을 실무적으로 뒷받침하려는 것이었다. 김 장관은 군 출신이지만 민간인 각료 신분이었다.
리명수 총참모장은 북한군의 군사작전을 총괄 지휘·통제하는 군부 내 최고 군령권자로 남쪽의 합참의장에 해당하며, 박영식 인민무력상은 군을 대외적으로 대표하며 군사행정을 책임지는 각료다. 북쪽이 이처럼 군령과 군정을 대표하는 두 인사를 이례적으로 공식 수행원에 포함시킨 것은 그만큼 남북간 긴장완화 추진 의지가 크다는 뜻으로 읽힌다. 임종석 실장은 이날 “비핵화와 항구적인 평화 정착, 남북간의 긴장 완화에 대한 내용들이 중요하게 다뤄지기 때문에 수행원에 군 책임자를 포함한 것으로 이해한다”고 말했다.
특히 눈길을 끄는 대목은 군부 인사의 공식 수행원 포함이 북한의 선제적 조처라는 점이다. 북한이 이날 전격적으로 군부 인사를 포함시킨 수행원 명단을 보내오자, 남한도 이에 맞춰 정경두 합참의장을 공식 수행원에 추가한 것이다. 북한의 적극성은 긴장 완화 의지가 빈말이 아님을 재확인하는 것으로 풀이된다.
남북간에 비핵화와 관련해선 구체적인 합의보단 비핵화 의지를 공개적으로 확인하는 선에 머물 공산이 크다. 임종석 실장도 이날 “뚜렷한 비핵화의 의지를 명문화할 수 있다면…이번 회담은 매우 성공적일 것”이라며 “그러면 북-미 회담으로 이어지는 길잡이 역할로서 아주 훌륭하지 않을까 이렇게 본다”고 말했다. 그러나 군사적 긴장 완화나 신뢰구축 조처와 관련해선 남북간 합의할 수 있는 내용이 적지 않다. 또 이들 사안이 이행되면 실제 한반도 군사적 긴장 완화와 평화 정착 등에 가시적인 영향을 끼칠 것으로 전망된다. 정부는 이번 회담에서 △남북을 가르는 비무장지대(DMZ)에서 전초기지(GP) 철수 △비무장지대 내 평화공원 조성이나 산불 공동진화 등 시범사업 △서해 북방한계선(NLL) 평화수역 복원 등을 제안할 계획인 것으로 알려졌다. 정부 당국자는 “북한이 주도적이고 공세적으로 나서는 것으로 미뤄 남북간 군사 긴장 완화 등에서 전례없는 진전을 이룰 가능성이 높아졌다”고 말했다.","북 군부 핵심 정상회담 첫 수행…군사적 긴장완화 실천 ‘보증수표’
남북 정상회담 수행단에
군부 핵심 포함은 처음
군사작전 지휘 리명수 총참모장
군 대표 박영식 인민무력상 함께
북에 맞춰 정경두 합참의장도 합류
NLL 평화수역 복원 등 논의할 듯
북쪽이 통보해온 남북정상회담 공식 수행원은 김영남 최고인민회의 상임위원장과 김영철 당중앙위원회 부위원장, 최휘 당중앙위원회 부위원장, 리수용 당중앙위원회 부위원장, 김여정 당중앙위원회 제1부부장, 리명수 총참모장, 박영식 인민무력상, 리용호 외무상, 리선권 조국평화통일위원회 위원장 등 9명이다. 남쪽 공식 수행원엔 이날 정경두 합참의장이 새로 합류해 임종석 비서실장과 정의용 국가안보실장, 서훈 국가정보원장, 조명균 통일부 장관, 송영무 국방부 장관, 강경화 외교부 장관과 함께 7명으로 확정됐다.
북한이 이번 남북정상회담의 공식 수행원에 리명수 총참모장과 박영식 인민무력상 등 군부 핵심인사를 포함시킨 것은, 회담의 3대 의제 중 하나인 ‘한반도의 항구적인 평화 정착’과 관련해 남북간 긴장완화 조처와 군사 신뢰구축 방안 등을 적극 추진할 의지가 있다는 뜻을 밝힌 것으로 풀이된다. 남북정상회담 공식 수행원에 군사작전을 실질적으로 지휘하는 군부 최고위 인사가 포함된 것은 처음이다. 2000년 6월 김대중 대통령-김정일 국방위원장의 첫 정상회담 때 공식 수행원엔 군부 인사가 없었다. 당시 합의문인 6·15 공동선언에서도 군사 문제는 거론되지 않았다. 2007년 10월 노무현 대통령-김정일 국방위원장의 두번째 정상회담 때는 김장수 국방부 장관이 공식 수행했다. 김 장관의 수행은 10·4 정상선언에서 “서해 평화수역”을 위한 “군사 신뢰구축 조치” 등을 협의하기로 한 것을 실무적으로 뒷받침하려는 것이었다. 김 장관은 군 출신이지만 민간인 각료 신분이었다.
리명수 총참모장은 북한군의 군사작전을 총괄 지휘·통제하는 군부 내 최고 군령권자로 남쪽의 합참의장에 해당하며, 박영식 인민무력상은 군을 대외적으로 대표하며 군사행정을 책임지는 각료다. 북쪽이 이처럼 군령과 군정을 대표하는 두 인사를 이례적으로 공식 수행원에 포함시킨 것은 그만큼 남북간 긴장완화 추진 의지가 크다는 뜻으로 읽힌다. 임종석 실장은 이날 “비핵화와 항구적인 평화 정착, 남북간의 긴장 완화에 대한 내용들이 중요하게 다뤄지기 때문에 수행원에 군 책임자를 포함한 것으로 이해한다”고 말했다.
특히 눈길을 끄는 대목은 군부 인사의 공식 수행원 포함이 북한의 선제적 조처라는 점이다. 북한이 이날 전격적으로 군부 인사를 포함시킨 수행원 명단을 보내오자, 남한도 이에 맞춰 정경두 합참의장을 공식 수행원에 추가한 것이다. 북한의 적극성은 긴장 완화 의지가 빈말이 아님을 재확인하는 것으로 풀이된다.
남북간에 비핵화와 관련해선 구체적인 합의보단 비핵화 의지를 공개적으로 확인하는 선에 머물 공산이 크다. 임종석 실장도 이날 “뚜렷한 비핵화의 의지를 명문화할 수 있다면…이번 회담은 매우 성공적일 것”이라며 “그러면 북-미 회담으로 이어지는 길잡이 역할로서 아주 훌륭하지 않을까 이렇게 본다”고 말했다. 그러나 군사적 긴장 완화나 신뢰구축 조처와 관련해선 남북간 합의할 수 있는 내용이 적지 않다. 또 이들 사안이 이행되면 실제 한반도 군사적 긴장 완화와 평화 정착 등에 가시적인 영향을 끼칠 것으로 전망된다. 정부는 이번 회담에서 △남북을 가르는 비무장지대(DMZ)에서 전초기지(GP) 철수 △비무장지대 내 평화공원 조성이나 산불 공동진화 등 시범사업 △서해 북방한계선(NLL) 평화수역 복원 등을 제안할 계획인 것으로 알려졌다. 정부 당국자는 “북한이 주도적이고 공세적으로 나서는 것으로 미뤄 남북간 군사 긴장 완화 등에서 전례없는 진전을 이룰 가능성이 높아졌다”고 말했다.",5,1702
iks_20180427_hankyoreh_news_103,Hankyoreh news 2018 April 27 corpus.txt,Hankyoreh,한겨레,news,2018-04-27,2018_april_summit,북 외교책임자 리수용·리용호가 수행원으로 참여하는 까닭은?,"남북 모두 1·2차 정상회담 때와 달리 외교책임자에 포함시켜
북쪽 ‘국가수반’인 김영남 최고인민회의 상임위원장도 수행원으로
‘비핵화’ 의제 탓이라는 분석과 ‘두 주권국가 정상관계 지향’ 포석이라는 분석 엇갈려","문재인 대통령과 김정은 북한 국무위원장의 27일 판문점 정상회담에 양쪽의 외교 책임자인 강경화 외교부장관과 리용호 외무상이 공식 수행원으로 참여한다. 북쪽 수행원엔 리수용 노동당 부위원장 겸 국제부장도 포함됐다. 앞선 두 차례의 남북정상회담 때에는 외교 책임자가 참석하지 않은 선례와 다른 선택이다.
남과 북은 1991년 남북기본합의서 채택 이래 지금껏 상호 관계를 “쌍방 사이의 관계가 나라와 나라 사이의 관계가 아닌 통일을 지향하는 과정에서 잠정적으로 형성되는 특수관계”(기본합의서 전문)로 규정·실천해왔기에 이런 변화는 주목할만하다.
우선은 이번 회담의 핵심 의제인 ‘비핵화’가 공식적으론 양쪽 외교당국의 소관 업무라는 사실과 관계가 있다는 분석이 있다. 이번 회담에 이어 북-미 정상회담이 예정돼 있는 점을 고려했으리라는 지적이다. 북한 분석에 밝은 전직 고위 관계자는 26일 “이번 회담의 핵심 의제가 핵 문제라는 점과 연관해서 보는 게 맞을 것”이라고 말했다.
반면 김연철 통일연구원장은 “의제(핵) 외에 의전적 고려도 있었다고 봐야 한다”고 짚었다. 남쪽이 먼저 1·2차 정상회담 때와 달리 외교장관을 공식 수행원에 넣어 발표하고, 북쪽이 당·정의 외교 책임자를 수행원에 포함시킨 건 ‘두 주권국가의 정상적 관계 지향’의 측면도 있으리라는 지적이다.
북한 헌법이 “국가를 대표하며 다른 나라 사이의 신임장, 소환장을 접수한다”(117조)고 규정한 ‘국가수반’인 김영남 최고인민회의 상임위원장이 수행원에 포함된 사실도 같은 맥락으로 이해할 여지가 있다. 다만 김 상임위원장은 앞선 두 차례 정상회담 때도 김정일 국방위원장에 앞서 김대중·노무현 대통령과 따로 만나 적이 있고, 평창올림픽 때 특사단장으로 방남한 점이 고려됐으리라는 해석이 많다.
남과 북이 ‘통일장관·조국평화통일위원장+외교장관·외무상’을 수행원에 함께 넣은 선택을, 통일 전 동서독의 “두개의 국가이되 서로에게 외국은 아닌 관계”를 염두에 둔 포석으로 풀이하는 전문가들도 있다.","북 외교책임자 리수용·리용호가 수행원으로 참여하는 까닭은?
남북 모두 1·2차 정상회담 때와 달리 외교책임자에 포함시켜
북쪽 ‘국가수반’인 김영남 최고인민회의 상임위원장도 수행원으로
‘비핵화’ 의제 탓이라는 분석과 ‘두 주권국가 정상관계 지향’ 포석이라는 분석 엇갈려
문재인 대통령과 김정은 북한 국무위원장의 27일 판문점 정상회담에 양쪽의 외교 책임자인 강경화 외교부장관과 리용호 외무상이 공식 수행원으로 참여한다. 북쪽 수행원엔 리수용 노동당 부위원장 겸 국제부장도 포함됐다. 앞선 두 차례의 남북정상회담 때에는 외교 책임자가 참석하지 않은 선례와 다른 선택이다.
남과 북은 1991년 남북기본합의서 채택 이래 지금껏 상호 관계를 “쌍방 사이의 관계가 나라와 나라 사이의 관계가 아닌 통일을 지향하는 과정에서 잠정적으로 형성되는 특수관계”(기본합의서 전문)로 규정·실천해왔기에 이런 변화는 주목할만하다.
우선은 이번 회담의 핵심 의제인 ‘비핵화’가 공식적으론 양쪽 외교당국의 소관 업무라는 사실과 관계가 있다는 분석이 있다. 이번 회담에 이어 북-미 정상회담이 예정돼 있는 점을 고려했으리라는 지적이다. 북한 분석에 밝은 전직 고위 관계자는 26일 “이번 회담의 핵심 의제가 핵 문제라는 점과 연관해서 보는 게 맞을 것”이라고 말했다.
반면 김연철 통일연구원장은 “의제(핵) 외에 의전적 고려도 있었다고 봐야 한다”고 짚었다. 남쪽이 먼저 1·2차 정상회담 때와 달리 외교장관을 공식 수행원에 넣어 발표하고, 북쪽이 당·정의 외교 책임자를 수행원에 포함시킨 건 ‘두 주권국가의 정상적 관계 지향’의 측면도 있으리라는 지적이다.
북한 헌법이 “국가를 대표하며 다른 나라 사이의 신임장, 소환장을 접수한다”(117조)고 규정한 ‘국가수반’인 김영남 최고인민회의 상임위원장이 수행원에 포함된 사실도 같은 맥락으로 이해할 여지가 있다. 다만 김 상임위원장은 앞선 두 차례 정상회담 때도 김정일 국방위원장에 앞서 김대중·노무현 대통령과 따로 만나 적이 있고, 평창올림픽 때 특사단장으로 방남한 점이 고려됐으리라는 해석이 많다.
남과 북이 ‘통일장관·조국평화통일위원장+외교장관·외무상’을 수행원에 함께 넣은 선택을, 통일 전 동서독의 “두개의 국가이되 서로에게 외국은 아닌 관계”를 염두에 둔 포석으로 풀이하는 전문가들도 있다.",6,981
iks_20180427_hankyoreh_news_104,Hankyoreh news 2018 April 27 corpus.txt,Hankyoreh,한겨레,news,2018-04-27,2018_april_summit,비서실장? 퍼스트 레이디? 공식수행단 이름올린 김여정 역할은?,"김정은 곁에서 국정 전반 지원
임종석 실장의 대화 상대 가능성
스포츠·문화 교류도 이어갈 듯","27일 남북정상회담에 참석하는 김정은 북한 국무위원장의 공식수행단에 여동생인 김여정 당중앙위원회 제1부부장이 이름을 올려 그의 구실에 새삼 관심이 쏠리고 있다. 김 부부장은 지난 2월 평창 겨울올림픽 개막을 앞두고 김 위원장의 특사 자격으로 내려와 문재인 대통령에게 김 위원장의 평양 초청 친서를 전달한 바 있다.
김 부부장은 김 위원장 곁에서 정치, 외교, 문화 등 국정 전반을 지원하는 것으로 알려졌다. 이번 정상회담에 참석하는 남쪽 공식수행단에서 굳이 짝을 찾자면 임종석 비서실장의 역할과 비슷하다. 조성렬 국가안보전략연구원 수석연구위원은 “김 부부장은 앞서 조직지도부와 선전선동부를 거친 바 있고, 최근엔 전반적인 업무를 모두 다루고 있다”며 “그런 사정을 감안하면 이번 정상회담에서 임 실장과 짝을 맺을 것으로 보인다”고 말했다.
김 부부장이 공식수행단의 한 명인 최휘 당중앙위원회 부위원장과 함께 평창 겨울올림픽에 참여하는 북한선수단을 이끌었다는 점에서 스포츠나 문화 교류에 대한 협의에 나설 수 있다는 관측도 있다. 조 수석연구위원은 “대북제제 국면에서 대규모 경제 교류나 협력은 당분간 어렵지만, 스포츠나 문화 교류는 이어가려는 것으로 보인다”라며 2020년 베이징, 2022년 도쿄올림픽에서 남북이 함께 참여하는 방안을 제안할 수도 있다“고 내다봤다.
그러나 남쪽의 공식수행단 면면을 보면, 스포츠나 문화 분야를 협의할 인사가 분명하지 않다는 점에서 김 부부장이 구체적인 사항을 협의하기보다는 김 위원장을 곁에서 살피는 데 주력할 것으로 보인다. 김 부부장이 백두혈통으로서 북한에서 차지하는 위상을 감안하면, 김 위원장의 부인 리설주 여사가 이번 정상회담에 나오지 않을 경우 사실상의 `퍼스트 레이디‘ 구실을 할 수도 있다.","비서실장? 퍼스트 레이디? 공식수행단 이름올린 김여정 역할은?
김정은 곁에서 국정 전반 지원
임종석 실장의 대화 상대 가능성
스포츠·문화 교류도 이어갈 듯
27일 남북정상회담에 참석하는 김정은 북한 국무위원장의 공식수행단에 여동생인 김여정 당중앙위원회 제1부부장이 이름을 올려 그의 구실에 새삼 관심이 쏠리고 있다. 김 부부장은 지난 2월 평창 겨울올림픽 개막을 앞두고 김 위원장의 특사 자격으로 내려와 문재인 대통령에게 김 위원장의 평양 초청 친서를 전달한 바 있다.
김 부부장은 김 위원장 곁에서 정치, 외교, 문화 등 국정 전반을 지원하는 것으로 알려졌다. 이번 정상회담에 참석하는 남쪽 공식수행단에서 굳이 짝을 찾자면 임종석 비서실장의 역할과 비슷하다. 조성렬 국가안보전략연구원 수석연구위원은 “김 부부장은 앞서 조직지도부와 선전선동부를 거친 바 있고, 최근엔 전반적인 업무를 모두 다루고 있다”며 “그런 사정을 감안하면 이번 정상회담에서 임 실장과 짝을 맺을 것으로 보인다”고 말했다.
김 부부장이 공식수행단의 한 명인 최휘 당중앙위원회 부위원장과 함께 평창 겨울올림픽에 참여하는 북한선수단을 이끌었다는 점에서 스포츠나 문화 교류에 대한 협의에 나설 수 있다는 관측도 있다. 조 수석연구위원은 “대북제제 국면에서 대규모 경제 교류나 협력은 당분간 어렵지만, 스포츠나 문화 교류는 이어가려는 것으로 보인다”라며 2020년 베이징, 2022년 도쿄올림픽에서 남북이 함께 참여하는 방안을 제안할 수도 있다“고 내다봤다.
그러나 남쪽의 공식수행단 면면을 보면, 스포츠나 문화 분야를 협의할 인사가 분명하지 않다는 점에서 김 부부장이 구체적인 사항을 협의하기보다는 김 위원장을 곁에서 살피는 데 주력할 것으로 보인다. 김 부부장이 백두혈통으로서 북한에서 차지하는 위상을 감안하면, 김 위원장의 부인 리설주 여사가 이번 정상회담에 나오지 않을 경우 사실상의 `퍼스트 레이디‘ 구실을 할 수도 있다.",4,862
iks_20180526_chosun_news_001,Chosun news 2018 May 26 corpus.txt,Chosun Ilbo,조선일보,news,2018-05-26,2018_may_summit,"文 대통령, 오늘 오후 김정은과 두번째 정상회담 가져(1보)",,청와대는 문재인 대통령이 26일 오후 3시부터 5시까지 판문점 북측지역 통일각에서 김정은 국무위원장과 두 번째 정상회담을 가졌다고 전했다.,"文 대통령, 오늘 오후 김정은과 두번째 정상회담 가져(1보)
청와대는 문재인 대통령이 26일 오후 3시부터 5시까지 판문점 북측지역 통일각에서 김정은 국무위원장과 두 번째 정상회담을 가졌다고 전했다.",1,77
iks_20180526_chosun_news_002,Chosun news 2018 May 26 corpus.txt,Chosun Ilbo,조선일보,news,2018-05-26,2018_may_summit,"文대통령, 26일 오후 김정은과 정상회담 가져…27일 오전 10시 결과 발표","“미북 정상회담 성공적 개최 의견 교환”
극비 진행후 사후공개...서훈 국정원장, 김영철 통전부장 배석","문재인 대통령과 김정은 북한 국무위원장은 26일 오후 판문점 북측지역 통일각에서 두번째 남북정상회담을 가졌다.
윤영찬 청와대 국민소통수석은 이날 오후 출입기자들에게 보낸 문자메시지를 통해 “문재인 대통령이 26일 오후 3시부터 5시까지 판문점 북측지역 통일각에서 김정은 국무위원장과 두 번째 정상회담을 가졌다”고 밝혔다.
윤 수석은 “두 정상이 이날 회담에서 4.27 판문점 선언의 이행과 북미 정상회담의 성공적 개최를 위해 허심탄회하게 의견을 교환했다”고 말했다.
그는 “양측 합의에 따라 회담 결과는 27일 오전 10시 문 대통령이 직접 발표할 예정”이라고 말했다.
이날 남북정상회담에는 우리쪽에서 서훈 국가정보원장이 배석했고, 북한에서는 김영철 북한 노동당 부위원장 겸 통일전선부장이 배석했다.
이날 남북정상회담은 극비리에 진행된 뒤, 청와대가 오후 7시50분경 전격적으로 공개하며 알려졌다.
이날 회담은 준비부터 성사까지 12시간이 걸리지 않은 것으로 알려졌다. 군에도 이날 오전에야 ‘4.27 정상회담에 준하는 경계태세를 유지하라’라는 지시가 내려간 것으로 전해졌다.
또 남북은 회담을 준비하는 과정에서 군 통신선이나 판문점 채널을 통해 소통하지는 않은 것으로 전해진다. 남북정상간 직통전화(핫라인)가 사용됐을 가능성 높아 보이는 대목이다.
이날 정상회담이 우리측이 먼저 제안했는지, 김정은 북한 국무위원장측이 먼저 제안했는지는 알려지지 않았다.
청와대가 공개한 영상에 따르면, 판문점 북측지역 통일각 앞에서 김여정 북한 노동당 중앙위원회 제1부부장이 나와 문 대통령을 맞았다. 김정은은 통일각 안에서 문 대통령을 만나 악수했다. 문 대통령과 김정은은 회담후 헤어지면서 포옹을 나누기도 했다.
청와대 관계자는 정상회담 전 남북정상간 ‘핫라인’ 통화가 있었는지, 회담 배석자가 누구인지, 회담 조율과정이 어떠했는지 묻는 물음에 대해서는 “관련된 질문에 대한 답을 드릴수 없다”며 “소통수석의 공지문 이외 내용은 내일 발표키로 남북이 합의하였기 때문”이라고 말을 아꼈다.","文대통령, 26일 오후 김정은과 정상회담 가져…27일 오전 10시 결과 발표
“미북 정상회담 성공적 개최 의견 교환”
극비 진행후 사후공개...서훈 국정원장, 김영철 통전부장 배석
문재인 대통령과 김정은 북한 국무위원장은 26일 오후 판문점 북측지역 통일각에서 두번째 남북정상회담을 가졌다.
윤영찬 청와대 국민소통수석은 이날 오후 출입기자들에게 보낸 문자메시지를 통해 “문재인 대통령이 26일 오후 3시부터 5시까지 판문점 북측지역 통일각에서 김정은 국무위원장과 두 번째 정상회담을 가졌다”고 밝혔다.
윤 수석은 “두 정상이 이날 회담에서 4.27 판문점 선언의 이행과 북미 정상회담의 성공적 개최를 위해 허심탄회하게 의견을 교환했다”고 말했다.
그는 “양측 합의에 따라 회담 결과는 27일 오전 10시 문 대통령이 직접 발표할 예정”이라고 말했다.
이날 남북정상회담에는 우리쪽에서 서훈 국가정보원장이 배석했고, 북한에서는 김영철 북한 노동당 부위원장 겸 통일전선부장이 배석했다.
이날 남북정상회담은 극비리에 진행된 뒤, 청와대가 오후 7시50분경 전격적으로 공개하며 알려졌다.
이날 회담은 준비부터 성사까지 12시간이 걸리지 않은 것으로 알려졌다. 군에도 이날 오전에야 ‘4.27 정상회담에 준하는 경계태세를 유지하라’라는 지시가 내려간 것으로 전해졌다.
또 남북은 회담을 준비하는 과정에서 군 통신선이나 판문점 채널을 통해 소통하지는 않은 것으로 전해진다. 남북정상간 직통전화(핫라인)가 사용됐을 가능성 높아 보이는 대목이다.
이날 정상회담이 우리측이 먼저 제안했는지, 김정은 북한 국무위원장측이 먼저 제안했는지는 알려지지 않았다.
청와대가 공개한 영상에 따르면, 판문점 북측지역 통일각 앞에서 김여정 북한 노동당 중앙위원회 제1부부장이 나와 문 대통령을 맞았다. 김정은은 통일각 안에서 문 대통령을 만나 악수했다. 문 대통령과 김정은은 회담후 헤어지면서 포옹을 나누기도 했다.
청와대 관계자는 정상회담 전 남북정상간 ‘핫라인’ 통화가 있었는지, 회담 배석자가 누구인지, 회담 조율과정이 어떠했는지 묻는 물음에 대해서는 “관련된 질문에 대한 답을 드릴수 없다”며 “소통수석의 공지문 이외 내용은 내일 발표키로 남북이 합의하였기 때문”이라고 말을 아꼈다.",11,994
iks_20180526_chosun_news_003,Chosun news 2018 May 26 corpus.txt,Chosun Ilbo,조선일보,news,2018-05-26,2018_may_summit,"2차 정상회담에 서훈-김영철 배석, 남북정보라인 가동",,"26일 판문점 북측지역 통일각에서 열린 문재인 대통령과 김정은 북한 국무위원장의 두번째 정상회담에는 서훈 국가정보원장과 김영철 북한 통일전선부장이 배석했다.
청와대가 26일 오후 공개한 남북정상회담 사진에는 양측 정보라인 책임자인 서 원장과 김영철이 찍혔다.
조명균 통일부장관, 북측 리선권 조국평화통일위원회 위원장 등 공식 남북관계 라인이나 군 라인, 외교 라인 등 인사는 포함되지 않았다.
회담을 준비하는 과정에서도 군 통신선이나 판문점 채널은 쓰이지 않은 것으로 전해진다. 남북정상간 직통전화(핫라인)가 사용됐을 가능성 높아 보이는 대목이다.
이날 남북정상회담의 준비 및 진행과정은 철저히 극비 속에 진행됐다. 오후 3시부터 5시까지 열린 회담이 끝나고, 청와대가 오후 7시50분경 이 사실을 전격적으로 공개하기 전까지는 청와대 주요 참모들도 상당수 관련 사실을 알지 못했던 것으로 보인다.
이날 회담은 준비부터 성사까지 12시간이 걸리지 않은 것으로 알려졌다. 군에도 이날 오전에야 ‘4.27 정상회담에 준하는 경계태세를 유지하라’라는 지시가 내려간 것으로 전해졌다.
청와대는 정상회담 전 남북정상간 ‘핫라인’ 통화가 있었는지, 회담 배석자가 누구인지, 회담 조율과정이 어떠했는지 묻는 물음에 대해서는 함구하고 있다. 청와대 관계자는 “관련된 질문에 대한 답을 드릴수 없다”며 “소통수석의 공지문 이외 내용은 내일 발표키로 남북이 합의하였기 때문”이라고 말을 아꼈다.","2차 정상회담에 서훈-김영철 배석, 남북정보라인 가동
26일 판문점 북측지역 통일각에서 열린 문재인 대통령과 김정은 북한 국무위원장의 두번째 정상회담에는 서훈 국가정보원장과 김영철 북한 통일전선부장이 배석했다.
청와대가 26일 오후 공개한 남북정상회담 사진에는 양측 정보라인 책임자인 서 원장과 김영철이 찍혔다.
조명균 통일부장관, 북측 리선권 조국평화통일위원회 위원장 등 공식 남북관계 라인이나 군 라인, 외교 라인 등 인사는 포함되지 않았다.
회담을 준비하는 과정에서도 군 통신선이나 판문점 채널은 쓰이지 않은 것으로 전해진다. 남북정상간 직통전화(핫라인)가 사용됐을 가능성 높아 보이는 대목이다.
이날 남북정상회담의 준비 및 진행과정은 철저히 극비 속에 진행됐다. 오후 3시부터 5시까지 열린 회담이 끝나고, 청와대가 오후 7시50분경 이 사실을 전격적으로 공개하기 전까지는 청와대 주요 참모들도 상당수 관련 사실을 알지 못했던 것으로 보인다.
이날 회담은 준비부터 성사까지 12시간이 걸리지 않은 것으로 알려졌다. 군에도 이날 오전에야 ‘4.27 정상회담에 준하는 경계태세를 유지하라’라는 지시가 내려간 것으로 전해졌다.
청와대는 정상회담 전 남북정상간 ‘핫라인’ 통화가 있었는지, 회담 배석자가 누구인지, 회담 조율과정이 어떠했는지 묻는 물음에 대해서는 함구하고 있다. 청와대 관계자는 “관련된 질문에 대한 답을 드릴수 없다”며 “소통수석의 공지문 이외 내용은 내일 발표키로 남북이 합의하였기 때문”이라고 말을 아꼈다.",7,713
iks_20180526_chosun_news_004,Chosun news 2018 May 26 corpus.txt,Chosun Ilbo,조선일보,news,2018-05-26,2018_may_summit,"文대통령, 김정은과 '미북정상회담' 집중 논의한 듯",,"문재인 대통령과 김정은 북한 국무위원장은 26일 오후 판문점 북측지역 통일각에서 열린 두번째 남북정상회담에서 미북정상회담에 대해 집중적으로 논의했을 것으로 예상된다.
윤영찬 청와대 국민소통수석은 이날 오후 출입기자들에게 보낸 문자메시지를 통해 “문재인 대통령이 26일 오후 3시부터 5시까지 판문점 북측지역 통일각에서 김정은 국무위원장과 두 번째 정상회담을 가졌다”며 “두 정상이 이날 회담에서 4.27 판문점 선언의 이행과 북미 정상회담의 성공적 개최를 위해 허심탄회하게 의견을 교환했다”고 밝혔다.
청와대가 밝힌 정상회담의 화제는 ‘4.27 판문점 선언 이행’, ‘북미 정상회담의 성공적 개최’이다.
양 정상은 이중 최근 난기류를 만난 ‘미북 정상회담’ 문제를 집중적으로 논의했을 것으로 보인다.
북한 입장에서도 최우선 과제이지만, 청와대도 이 문제에 적극적인 역할을 예고해왔기 때문이다.
앞서 도널드 트럼프 미국 대통령이 지난 24일 미북 정상회담 취소 선언한 뒤, 문 대통령은 정상간 직접 대화가 필요하다는 입장을 밝혔다.
문 대통령은 25일 새벽 국가안전보장회의(NSC) 상임위원들과의 긴급회의 후 “문제 해결을 위한 당사자들의 진심은 변하지 않았다”며 “(미북) 정상 간 보다 직접적이고 긴밀한 대화로 해결해 가기를 기대한다”고 했다.
청와대 관계자는 이와 관련 ‘문 대통령이 미국이나 북한에 갈 계획이 있나’라는 물음을 받고 “대통령 메시지에 저희의 향후 프로그램이 다 녹아있다고 본다”며 “대통령의 메시지를 잘 보라”고 방북 가능성을 열어놓는 대답을 하기도 했다.
특히 문 대통령이 김정은에게 우리 정부가 파악하고 있는 미국 정부 내 외교안보 의사결정의 중요 위치에 있는 인사들의 성향과 내부 권력구도에 대해 설명했을 가능성이 높은 것으로 보인다.
이에 따라 다음날 오전으로 예정된 남북 정상회담 결과 발표에도 미북 정상회담 개최와 관련된 내용이 중요한 비중을 차지할 것으로 보인다.
윤영찬 수석은 “양측 합의에 따라 회담 결과는 27일 오전 10시 문 대통령이 직접 발표할 예정”이라고 말했다.
청와대 관계자는 정상회담 전 남북정상간 ‘핫라인’ 통화가 있었는지, 회담 배석자가 누구인지, 회담 조율과정이 어떠했는지 묻는 물음에 대해서는 “관련된 질문에 대한 답을 드릴수 없다”며 “소통수석의 공지문 이외 내용은 내일 발표키로 남북이 합의하였기 때문”이라고 말을 아꼈다.","文대통령, 김정은과 '미북정상회담' 집중 논의한 듯
문재인 대통령과 김정은 북한 국무위원장은 26일 오후 판문점 북측지역 통일각에서 열린 두번째 남북정상회담에서 미북정상회담에 대해 집중적으로 논의했을 것으로 예상된다.
윤영찬 청와대 국민소통수석은 이날 오후 출입기자들에게 보낸 문자메시지를 통해 “문재인 대통령이 26일 오후 3시부터 5시까지 판문점 북측지역 통일각에서 김정은 국무위원장과 두 번째 정상회담을 가졌다”며 “두 정상이 이날 회담에서 4.27 판문점 선언의 이행과 북미 정상회담의 성공적 개최를 위해 허심탄회하게 의견을 교환했다”고 밝혔다.
청와대가 밝힌 정상회담의 화제는 ‘4.27 판문점 선언 이행’, ‘북미 정상회담의 성공적 개최’이다.
양 정상은 이중 최근 난기류를 만난 ‘미북 정상회담’ 문제를 집중적으로 논의했을 것으로 보인다.
북한 입장에서도 최우선 과제이지만, 청와대도 이 문제에 적극적인 역할을 예고해왔기 때문이다.
앞서 도널드 트럼프 미국 대통령이 지난 24일 미북 정상회담 취소 선언한 뒤, 문 대통령은 정상간 직접 대화가 필요하다는 입장을 밝혔다.
문 대통령은 25일 새벽 국가안전보장회의(NSC) 상임위원들과의 긴급회의 후 “문제 해결을 위한 당사자들의 진심은 변하지 않았다”며 “(미북) 정상 간 보다 직접적이고 긴밀한 대화로 해결해 가기를 기대한다”고 했다.
청와대 관계자는 이와 관련 ‘문 대통령이 미국이나 북한에 갈 계획이 있나’라는 물음을 받고 “대통령 메시지에 저희의 향후 프로그램이 다 녹아있다고 본다”며 “대통령의 메시지를 잘 보라”고 방북 가능성을 열어놓는 대답을 하기도 했다.
특히 문 대통령이 김정은에게 우리 정부가 파악하고 있는 미국 정부 내 외교안보 의사결정의 중요 위치에 있는 인사들의 성향과 내부 권력구도에 대해 설명했을 가능성이 높은 것으로 보인다.
이에 따라 다음날 오전으로 예정된 남북 정상회담 결과 발표에도 미북 정상회담 개최와 관련된 내용이 중요한 비중을 차지할 것으로 보인다.
윤영찬 수석은 “양측 합의에 따라 회담 결과는 27일 오전 10시 문 대통령이 직접 발표할 예정”이라고 말했다.
청와대 관계자는 정상회담 전 남북정상간 ‘핫라인’ 통화가 있었는지, 회담 배석자가 누구인지, 회담 조율과정이 어떠했는지 묻는 물음에 대해서는 “관련된 질문에 대한 답을 드릴수 없다”며 “소통수석의 공지문 이외 내용은 내일 발표키로 남북이 합의하였기 때문”이라고 말을 아꼈다.",12,1167
iks_20180526_chosun_news_005,Chosun news 2018 May 26 corpus.txt,Chosun Ilbo,조선일보,news,2018-05-26,2018_may_summit,"2차 정상회담에 엇갈린 정치권…與 “놀랍고 반가워”, 野 “투명하지 못한 깜짝쇼”",,"26일 열린 문재인 대통령과 김정은 북한 국무위원장의 두번째 정상회담에 대해 정치권이 엇갈린 반응을 보였다.
박범계 더불어민주당 수석대변인은 서면 브리핑에서 이번 정상회담에 대해 ‘놀랍고도 반가운 소식’이라고 평가했다.
그는 “이번 2차 정상회담은 양 정상간에 상당한 신뢰가 바탕이 돼 이뤄진 것”이라며 “이번 회담이 미·북 정상회담의 개최 여부와 성공 가능성에도 상당히 긍정적으로 작용할 것으로 기대된다”고 전했다.
반면 자유한국당은 이번 정상회담을 ‘투명하지 못한 깜짝쇼’라고 지적했다.
정태옥 자유한국당 대변인은 “급변하는 한반도 정세를 고려할 때 문 대통령의 노력을 마냥 비판할 생각은 없다”면서도 “정상회담을 국민에게 사전에 알리지 않고 깜짝쇼로 진행하는 것이 북핵 폐기에 어떤 도움이 되는지 우려가 된다”고 논평했다.
그는 “도널드 트럼프 미국 대통령이 다음달 12일로 예정됐던 미·북 정상회담을 취소하겠다고 했던 주된 이유 중 하나로 문 대통령의 중재가 투명하지 못했기 때문이라는 지적이 있다”며 “이같은 상황에서 또다시 동맹과 충분한 협의 없이 남북 정상회담을 진행한 것도 우려스럽다”고 덧붙였다.
바른미래당은 “27일 진행될 문 대통령의 정상회담 결과 발표를 듣고 판단하겠다”며 신중한 입장을 보였다.
유의동 바른미래당 수석대변인은 “갑작스럽게 열린 정상회담이 스스럼없는 남북 관계에서 나온 만남인지, 오늘 만나지 않으면 안될 절박한 상황에서 진행된 만남인지 현재는 알 길이 없다”며 “대통령의 발표를 듣고 판단할 수 밖에 없다”고 말했다.","2차 정상회담에 엇갈린 정치권…與 “놀랍고 반가워”, 野 “투명하지 못한 깜짝쇼”
26일 열린 문재인 대통령과 김정은 북한 국무위원장의 두번째 정상회담에 대해 정치권이 엇갈린 반응을 보였다.
박범계 더불어민주당 수석대변인은 서면 브리핑에서 이번 정상회담에 대해 ‘놀랍고도 반가운 소식’이라고 평가했다.
그는 “이번 2차 정상회담은 양 정상간에 상당한 신뢰가 바탕이 돼 이뤄진 것”이라며 “이번 회담이 미·북 정상회담의 개최 여부와 성공 가능성에도 상당히 긍정적으로 작용할 것으로 기대된다”고 전했다.
반면 자유한국당은 이번 정상회담을 ‘투명하지 못한 깜짝쇼’라고 지적했다.
정태옥 자유한국당 대변인은 “급변하는 한반도 정세를 고려할 때 문 대통령의 노력을 마냥 비판할 생각은 없다”면서도 “정상회담을 국민에게 사전에 알리지 않고 깜짝쇼로 진행하는 것이 북핵 폐기에 어떤 도움이 되는지 우려가 된다”고 논평했다.
그는 “도널드 트럼프 미국 대통령이 다음달 12일로 예정됐던 미·북 정상회담을 취소하겠다고 했던 주된 이유 중 하나로 문 대통령의 중재가 투명하지 못했기 때문이라는 지적이 있다”며 “이같은 상황에서 또다시 동맹과 충분한 협의 없이 남북 정상회담을 진행한 것도 우려스럽다”고 덧붙였다.
바른미래당은 “27일 진행될 문 대통령의 정상회담 결과 발표를 듣고 판단하겠다”며 신중한 입장을 보였다.
유의동 바른미래당 수석대변인은 “갑작스럽게 열린 정상회담이 스스럼없는 남북 관계에서 나온 만남인지, 오늘 만나지 않으면 안될 절박한 상황에서 진행된 만남인지 현재는 알 길이 없다”며 “대통령의 발표를 듣고 판단할 수 밖에 없다”고 말했다.",8,759
iks_20180526_hankyoreh_news_001,Hankyoreh news 2018 May 26 corpus.txt,Hankyoreh,한겨레,news,2018-05-26,2018_may_summit,"2차 정상회담, 3시간 뒤 공표·하루 뒤 결과 설명하는 이유",,"개최 사실 3시간 뒤 공표 왜?
미국쪽에 알려줄 시간 필요했을 듯
문 대통령 27일 회담결과 발표
문 대통령, 발표 전 트럼프와 통화하고
그 뒤 김정은 위원장과 ‘핫라인’ 가능성
문재인 대통령과 김정은 북한 국무위원장의 26일 판문점 통일각 2차 회담은, 남북정상회담을 넘어 남·북·미 3국 정상 차원의 ‘3각 직접 대화’를 염두에 둔 것이다. 이는 예고없이 전격적으로 이뤄진 ‘원포인트 남북정상회담’의 핵심 목적이 좌초 위기에 빠진 북-미 정상회담을 다시 살려내는 데 있다는 점과 연결돼 있다.
2차 남북정상회담과 관련해선 공개된 정보가 아직은 극도로 제한적이다. 하지만 그 ‘극히 제한된 공개 정보’에서 꽤 많은 것을 유추할 수 있다. 윤영찬 청와대 국민소통수석 이름으로 공개된 정보는 몇가지 안 된다. ① 회담 시간과 장소 = 26일 오후 3~5시 판문점 통일각 ② 논의 내용 = 4·27 판문점 선언 이행과 북-미 정상회담 성공적 개최를 위한 허심탄회한 의견 교환 ③ 결과 발표 = 27일 오전 10시 문재인 대통령. 이 세가지 내용을 담은 세 문장이 발표의 전부다.
청와대는 이 내용을 26일 오후 7시54분께 페이스북에 올렸다. 기자회견 등 별도의 발표 행사는 없었다.
뭔가 이상하지 않은가? 아무리 전격적인 남북정상회담이라지만, 정상회담과 관련한 국제사회의 관행은 물론 앞서 세 차례 이뤄진 남북정상회담과도 다르다.
두 지점에 주목할 필요가 있다. 회담의 핵심 의제, 그리고 시간의 흐름.
회담은 26일 오후 3~5시 사이 2시간 동안 진행됐다. 회담은 예고되지 않았고, 개최 사실 공표도 회담이 끝나고 나서 3시간 가까이 흐른 저녁 7시54분에야 이뤄졌다. 이는 ‘통일각 2차 남북정상회담’이 북-미 정상회담 살리기를 목적으로 전격 성사됐음에도, 도널드 트럼프 대통령한테 사전 고지 없이 진행된 점과 무관하지 않다. 백악관이 있는 워싱턴 시각은 한국보다 13시간이 늦다. 한국의 26일 오후 3~5시는 워싱턴의 새벽 2~4시다. 트럼프 대통령을 포함해 미 행정부 고위인사들이 다들 침대에 있을 시간이다. 사정을 아는 소식통은 “미국 쪽에 2차 남북정상회담 개최 사실과 개략적인 논의 내용 등 필요한 정보를 최소한이라도 알려주는 데 시간이 필요했을 것”이라고 말했다. 2차 남북정상회담 개최 사실을 공표하기 전에 미국 쪽에 관련 정보를 통보해야 해 세시간 가까운 시간이 필요했다는 얘기다.
그렇다면 2차 남북정상회담 결과는 왜 즉각 발표되지 않고, 27일 오전 10시로 늦춰졌을까? 일부 언론에선 남북 사이 발표문 조율의 필요성을 거론하지만, 번짓수가 맞지 않는 거 같다. 이번 회담은 북-미 정상회담 살리기에 핵심 목적이 있다. 더구나 윤영찬 수석이 밝힌 내용을 보면 “양쪽 합의에 따라 회담 결과는 내일 오전 10시 문 대통령께서 직접 발표할 예정”이다. 김정은 위원장은 빠지고 문재인 대통령이 단독으로 발표한다는 매우 이례적인 발표 형식은 이미 정해졌는데, 발표 내용 조율에 그렇게 많은 시간이 필요하다? 상식적이지 않다.
이 또한 ‘북-미 정상회담 살리기’라는 회담의 핵심 목적, 한반도와 워싱턴의 시차를 고려해야 실마리를 찾을 수 있다. 26일 2차 남북정상회담은 한-미 정상의 사전 협의 없이, 남북 정상의 결단으로 즉각적으로 이뤄졌다. 그런데 문 대통령과 김 위원장이 2시간 동안 대화에서 가장 공을 들인 주제는 ‘북-미 정상회담 살리기’다. 문 대통령이나 김 위원장 모두 회담 결과의 외부 공표 이전에 트럼프 대통령과 충분한 교감을 통해 공감의 폭을 넓히는 게 관건적이다. 트럼프 대통령이 적극적으로 나서지 않는 한 북-미 정상회담의 성공적 진행은 커녕 회담 개최조차 기대하기 어렵기 때문이다.
무엇보다 북-미 정상회담을 취소한 당사자가 트럼프 대통령이니 취소를 다시 취소할 수 있는 사람도 트럼프 대통령이다. 김 위원장은 25일 ‘김계관 외무성 제1부상 담화’를 통해 트럼프 대통령과 정상회담을 하고 싶다는 의지를 강하게 시사한 바 있다.
문 대통령은 27일 오전 10시 2차 남북정상회담 결과 발표 이전에 트럼프 대통령과 전화 협의를 할 가능성이 매우 높다. 사정을 아는 소식통은 “남북정상회담 결과 발표 시점이 27일 오전 10시로 미뤄진 것은, 문 대통령이 트럼프 대통령과 전화 협의를 할 시간이 필요했기 때문”이라고 짚었다. 문 대통령이 트럼프 대통령과 전화 협의 과정에서 2차 정상회담 때 직접 확인한 김 위원장의 ‘비핵화’와 ‘북-미 정상회담’에 대한 확고한 의지를 전해, 트럼프 대통령이 북-미 정상회담 취소 결정을 번복하게 하거나, 최소한 북-미 정상회담 재추진에 필요한 정상 차원의 정치적 동력을 확보해야 하기 때문이다.
상황 전개에 따라선 문 대통령이 트럼프 대통령과 전화 협의 뒤 김 위원장과 직통전화(핫라인)로 추가 대화를 할 가능성도 열려 있다. 요컨대 김 위원장과 트럼프 대통령 사이에서 문 대통령이 ‘길잡이’ 노릇, 달리 말하면 ‘적극적 중재자’ 구실을 할 시간이 필요해 2차 남북정상회담 결과 발표 시각이 27일 오전 10시로 미뤄진 것으로 볼 수 있다.
요컨대 문 대통령이 27일 오전 10시 발표하기로 예고된 ‘2차 남북정상회담 결과’는 아직 완성되지 않았다고 할 수 있다.","2차 정상회담, 3시간 뒤 공표·하루 뒤 결과 설명하는 이유
개최 사실 3시간 뒤 공표 왜?
미국쪽에 알려줄 시간 필요했을 듯
문 대통령 27일 회담결과 발표
문 대통령, 발표 전 트럼프와 통화하고
그 뒤 김정은 위원장과 ‘핫라인’ 가능성
문재인 대통령과 김정은 북한 국무위원장의 26일 판문점 통일각 2차 회담은, 남북정상회담을 넘어 남·북·미 3국 정상 차원의 ‘3각 직접 대화’를 염두에 둔 것이다. 이는 예고없이 전격적으로 이뤄진 ‘원포인트 남북정상회담’의 핵심 목적이 좌초 위기에 빠진 북-미 정상회담을 다시 살려내는 데 있다는 점과 연결돼 있다.
2차 남북정상회담과 관련해선 공개된 정보가 아직은 극도로 제한적이다. 하지만 그 ‘극히 제한된 공개 정보’에서 꽤 많은 것을 유추할 수 있다. 윤영찬 청와대 국민소통수석 이름으로 공개된 정보는 몇가지 안 된다. ① 회담 시간과 장소 = 26일 오후 3~5시 판문점 통일각 ② 논의 내용 = 4·27 판문점 선언 이행과 북-미 정상회담 성공적 개최를 위한 허심탄회한 의견 교환 ③ 결과 발표 = 27일 오전 10시 문재인 대통령. 이 세가지 내용을 담은 세 문장이 발표의 전부다.
청와대는 이 내용을 26일 오후 7시54분께 페이스북에 올렸다. 기자회견 등 별도의 발표 행사는 없었다.
뭔가 이상하지 않은가? 아무리 전격적인 남북정상회담이라지만, 정상회담과 관련한 국제사회의 관행은 물론 앞서 세 차례 이뤄진 남북정상회담과도 다르다.
두 지점에 주목할 필요가 있다. 회담의 핵심 의제, 그리고 시간의 흐름.
회담은 26일 오후 3~5시 사이 2시간 동안 진행됐다. 회담은 예고되지 않았고, 개최 사실 공표도 회담이 끝나고 나서 3시간 가까이 흐른 저녁 7시54분에야 이뤄졌다. 이는 ‘통일각 2차 남북정상회담’이 북-미 정상회담 살리기를 목적으로 전격 성사됐음에도, 도널드 트럼프 대통령한테 사전 고지 없이 진행된 점과 무관하지 않다. 백악관이 있는 워싱턴 시각은 한국보다 13시간이 늦다. 한국의 26일 오후 3~5시는 워싱턴의 새벽 2~4시다. 트럼프 대통령을 포함해 미 행정부 고위인사들이 다들 침대에 있을 시간이다. 사정을 아는 소식통은 “미국 쪽에 2차 남북정상회담 개최 사실과 개략적인 논의 내용 등 필요한 정보를 최소한이라도 알려주는 데 시간이 필요했을 것”이라고 말했다. 2차 남북정상회담 개최 사실을 공표하기 전에 미국 쪽에 관련 정보를 통보해야 해 세시간 가까운 시간이 필요했다는 얘기다.
그렇다면 2차 남북정상회담 결과는 왜 즉각 발표되지 않고, 27일 오전 10시로 늦춰졌을까? 일부 언론에선 남북 사이 발표문 조율의 필요성을 거론하지만, 번짓수가 맞지 않는 거 같다. 이번 회담은 북-미 정상회담 살리기에 핵심 목적이 있다. 더구나 윤영찬 수석이 밝힌 내용을 보면 “양쪽 합의에 따라 회담 결과는 내일 오전 10시 문 대통령께서 직접 발표할 예정”이다. 김정은 위원장은 빠지고 문재인 대통령이 단독으로 발표한다는 매우 이례적인 발표 형식은 이미 정해졌는데, 발표 내용 조율에 그렇게 많은 시간이 필요하다? 상식적이지 않다.
이 또한 ‘북-미 정상회담 살리기’라는 회담의 핵심 목적, 한반도와 워싱턴의 시차를 고려해야 실마리를 찾을 수 있다. 26일 2차 남북정상회담은 한-미 정상의 사전 협의 없이, 남북 정상의 결단으로 즉각적으로 이뤄졌다. 그런데 문 대통령과 김 위원장이 2시간 동안 대화에서 가장 공을 들인 주제는 ‘북-미 정상회담 살리기’다. 문 대통령이나 김 위원장 모두 회담 결과의 외부 공표 이전에 트럼프 대통령과 충분한 교감을 통해 공감의 폭을 넓히는 게 관건적이다. 트럼프 대통령이 적극적으로 나서지 않는 한 북-미 정상회담의 성공적 진행은 커녕 회담 개최조차 기대하기 어렵기 때문이다.
무엇보다 북-미 정상회담을 취소한 당사자가 트럼프 대통령이니 취소를 다시 취소할 수 있는 사람도 트럼프 대통령이다. 김 위원장은 25일 ‘김계관 외무성 제1부상 담화’를 통해 트럼프 대통령과 정상회담을 하고 싶다는 의지를 강하게 시사한 바 있다.
문 대통령은 27일 오전 10시 2차 남북정상회담 결과 발표 이전에 트럼프 대통령과 전화 협의를 할 가능성이 매우 높다. 사정을 아는 소식통은 “남북정상회담 결과 발표 시점이 27일 오전 10시로 미뤄진 것은, 문 대통령이 트럼프 대통령과 전화 협의를 할 시간이 필요했기 때문”이라고 짚었다. 문 대통령이 트럼프 대통령과 전화 협의 과정에서 2차 정상회담 때 직접 확인한 김 위원장의 ‘비핵화’와 ‘북-미 정상회담’에 대한 확고한 의지를 전해, 트럼프 대통령이 북-미 정상회담 취소 결정을 번복하게 하거나, 최소한 북-미 정상회담 재추진에 필요한 정상 차원의 정치적 동력을 확보해야 하기 때문이다.
상황 전개에 따라선 문 대통령이 트럼프 대통령과 전화 협의 뒤 김 위원장과 직통전화(핫라인)로 추가 대화를 할 가능성도 열려 있다. 요컨대 김 위원장과 트럼프 대통령 사이에서 문 대통령이 ‘길잡이’ 노릇, 달리 말하면 ‘적극적 중재자’ 구실을 할 시간이 필요해 2차 남북정상회담 결과 발표 시각이 27일 오전 10시로 미뤄진 것으로 볼 수 있다.
요컨대 문 대통령이 27일 오전 10시 발표하기로 예고된 ‘2차 남북정상회담 결과’는 아직 완성되지 않았다고 할 수 있다.",17,2539
iks_20180526_hankyoreh_news_002,Hankyoreh news 2018 May 26 corpus.txt,Hankyoreh,한겨레,news,2018-05-26,2018_may_summit,2차 회담…“멀다고 하면 안 되갔구나” 김정은 발언 새삼 주목,"예고없던 남북 정상의 두번째 회담
‘도보다리 대화’ 통한 신뢰 기반 해석","문재인 대통령과 김정은 북한 국무위원장의 26일 두번째 남북 정상회담은 예상을 뛰어넘는 만남이었다. 6·12 북-미 정상회담 개최 여부가 불투명해진 뒤 남북 정상간의 직통전화(핫라인) 가동, 정의용 청와대 국가안보실장과 서훈 국가정보원장의 방미·방북 가능성이 제기됐으나, 남북 정상이 예고없이 직접 얼굴을 마주하고 대화를 나눈 것이다.
윤영찬 청와대 국민소통수석은 이날 서면 브리핑을 통해 “양 정상이 4·27 판문점 선언의 이행과 북-미 정상회담의 성공적 개최를 위해 허심탄회하게 의견을 교환했다”고 설명했다. 남북 정상이 두번째 깜짝 회담을 가진 것은, 4·27 남북회담을 거치며 두 정상 사이에 대화를 위한 신뢰가 형성됐기 때문이란 해석이 나온다. 두 정상은 4·27 남북회담 당일 배석자 없이 ‘도보다리 대화’를 통해 교감을 나누기도 했다.
남북 정상이 29일 만에 다시 만나면서 정치권과 온라인에선 “멀다고 하면 안 되갔구나(안 되겠구나)”라던 김 위원장의 발언이 다시 회자된다. 김 위원장은 4·27 회담 당시 문 대통령을 만난 자리에서 “(회담 만찬을 위해) 평양에서부터 평양냉면을 가지고 왔는데, 대통령께서 편한 마음으로 멀리 온…(웃음) 아, 멀다고 말하면 안 되갔구나, 맛있게 드시면 좋겠다”라고 말했다. 당시 이 발언을 두고, 김 위원장이 남북 사이 거리가 그리 멀지 않은 점을 강조하며 남북 관계 진전에 대한 의지를 은연중에 내비친 것이란 평가가 나왔다. “멀다고 하면 안 되갔구나”라던 김 위원장의 발언처럼, 남북 정상은 각각 서울과 평양에서 판문점으로 이동해 두번째 정상회담을 진행했다.","2차 회담…“멀다고 하면 안 되갔구나” 김정은 발언 새삼 주목
예고없던 남북 정상의 두번째 회담
‘도보다리 대화’ 통한 신뢰 기반 해석
문재인 대통령과 김정은 북한 국무위원장의 26일 두번째 남북 정상회담은 예상을 뛰어넘는 만남이었다. 6·12 북-미 정상회담 개최 여부가 불투명해진 뒤 남북 정상간의 직통전화(핫라인) 가동, 정의용 청와대 국가안보실장과 서훈 국가정보원장의 방미·방북 가능성이 제기됐으나, 남북 정상이 예고없이 직접 얼굴을 마주하고 대화를 나눈 것이다.
윤영찬 청와대 국민소통수석은 이날 서면 브리핑을 통해 “양 정상이 4·27 판문점 선언의 이행과 북-미 정상회담의 성공적 개최를 위해 허심탄회하게 의견을 교환했다”고 설명했다. 남북 정상이 두번째 깜짝 회담을 가진 것은, 4·27 남북회담을 거치며 두 정상 사이에 대화를 위한 신뢰가 형성됐기 때문이란 해석이 나온다. 두 정상은 4·27 남북회담 당일 배석자 없이 ‘도보다리 대화’를 통해 교감을 나누기도 했다.
남북 정상이 29일 만에 다시 만나면서 정치권과 온라인에선 “멀다고 하면 안 되갔구나(안 되겠구나)”라던 김 위원장의 발언이 다시 회자된다. 김 위원장은 4·27 회담 당시 문 대통령을 만난 자리에서 “(회담 만찬을 위해) 평양에서부터 평양냉면을 가지고 왔는데, 대통령께서 편한 마음으로 멀리 온…(웃음) 아, 멀다고 말하면 안 되갔구나, 맛있게 드시면 좋겠다”라고 말했다. 당시 이 발언을 두고, 김 위원장이 남북 사이 거리가 그리 멀지 않은 점을 강조하며 남북 관계 진전에 대한 의지를 은연중에 내비친 것이란 평가가 나왔다. “멀다고 하면 안 되갔구나”라던 김 위원장의 발언처럼, 남북 정상은 각각 서울과 평양에서 판문점으로 이동해 두번째 정상회담을 진행했다.",3,790
iks_20180526_hankyoreh_news_003,Hankyoreh news 2018 May 26 corpus.txt,Hankyoreh,한겨레,news,2018-05-26,2018_may_summit,"29일만에 다시 만난 두 정상, 세차례나 포옹 ‘친밀감’","북쪽 통일각서 2차 남북 정상회담
김여정 부부장이 문 대통영 영접
북쪽 의장대 20여명 ‘받들어 총’ 사열","문재인 대통령과 김정은 북한 국무위원장의 26일 2차 남북 정상회담은 긴급하게 열린 만큼 경호와 의전을 생략한 채 이뤄졌다.
청와대가 공개한 1분13초 짜리 2차 남북 정상회담 동영상을 보면 문 대통령은 은색 벤츠 차량을 타고 판문점 북쪽 지역의 통일각 정문 앞에 도착한다. 통일각은 남북 회담용으로 1985년 8월 완공한 지하 1층, 지상 1층의 1520㎡(약 420평) 크기의 건물이다. 지난달 남북 정상회담 당시 김정은 위원장이 문을 열고 나왔던 건물인 판문각에서는 북쪽으로 100여m 떨어져 있다.
문 대통령이 탄 은색 벤츠 차량은 앞 뒤 각각 두대의 스포츠형 다목적 차량(SUV)의 호위를 받으며 통일각에 들어선다. 차량들은 ‘김일성’이라고 쓰인 비석 앞을 가로지른다. 김일성 비석은 지난해 11월 판문점 북한 병사 탈북 사건 때 무장한 북한 군인 10여명이 황급히 집합했던 장소다.
차에서 내린 문 대통령은 미리 기다리고 있던 김 위원장의 여동생인 김여정 노동당 중앙위 부부장의 하차 영접을 받았다. 김 부부장은 문 대통령에게 익숙한 웃음을 지어 보이며 문 대통령과 악수했다. 문 대통령이 정문 내부로 이어지는 붉은 카펫을 따라 걷기 시작하자 양쪽으로 도열한 20여명의 북한 의장대가 ‘받들어 총’ 자세를 취했다. 초약식 의장대 사열이 이뤄진 셈이다.
문 대통령과 김 위원장의 두번째 만남은 통일각 로비에서 이뤄졌다. 지난달 27일 이후 29일 만에 다시 판문점에서 재회한 것이다. 문 대통령은 기다리고 서 있던 김 위원장과 악수를 나누며 간단한 말을 주고 받았다. 이어 남북 두 정상은 로비에 걸린 그림을 배경으로 기념촬영을 했다. 회담은 통일각 1층 회의실에서 이뤄졌다. 두 정상은 백두산 천지를 담은 6폭의 병풍을 배경으로 한 회의실에서 마주 앉았다. 문 대통령의 오른쪽엔 서훈 국정원장이, 김 위원장의 오른쪽인 김영철 통일전선부장이 각각 배석했다.
오후 5시께 회담을 마친 두 정상은 나란히 북한군 의장대의 사열을 받으며 통일각 밖으로 나왔다. 두 정상은 헤어지기 전 문 대통령의 차 앞에서 3차례 어깨를 맞바꿔가며 포옹을 했다. 동영상으로만 보면 웃음을 띠며 밝은 표정을 한 김 위원장이 문 대통령을 더욱 적극적으로 당겨 안는 듯한 모습이이다. 포옹 뒤 두 정상은 악수를 나누며 작별했다.","29일만에 다시 만난 두 정상, 세차례나 포옹 ‘친밀감’
북쪽 통일각서 2차 남북 정상회담
김여정 부부장이 문 대통영 영접
북쪽 의장대 20여명 ‘받들어 총’ 사열
문재인 대통령과 김정은 북한 국무위원장의 26일 2차 남북 정상회담은 긴급하게 열린 만큼 경호와 의전을 생략한 채 이뤄졌다.
청와대가 공개한 1분13초 짜리 2차 남북 정상회담 동영상을 보면 문 대통령은 은색 벤츠 차량을 타고 판문점 북쪽 지역의 통일각 정문 앞에 도착한다. 통일각은 남북 회담용으로 1985년 8월 완공한 지하 1층, 지상 1층의 1520㎡(약 420평) 크기의 건물이다. 지난달 남북 정상회담 당시 김정은 위원장이 문을 열고 나왔던 건물인 판문각에서는 북쪽으로 100여m 떨어져 있다.
문 대통령이 탄 은색 벤츠 차량은 앞 뒤 각각 두대의 스포츠형 다목적 차량(SUV)의 호위를 받으며 통일각에 들어선다. 차량들은 ‘김일성’이라고 쓰인 비석 앞을 가로지른다. 김일성 비석은 지난해 11월 판문점 북한 병사 탈북 사건 때 무장한 북한 군인 10여명이 황급히 집합했던 장소다.
차에서 내린 문 대통령은 미리 기다리고 있던 김 위원장의 여동생인 김여정 노동당 중앙위 부부장의 하차 영접을 받았다. 김 부부장은 문 대통령에게 익숙한 웃음을 지어 보이며 문 대통령과 악수했다. 문 대통령이 정문 내부로 이어지는 붉은 카펫을 따라 걷기 시작하자 양쪽으로 도열한 20여명의 북한 의장대가 ‘받들어 총’ 자세를 취했다. 초약식 의장대 사열이 이뤄진 셈이다.
문 대통령과 김 위원장의 두번째 만남은 통일각 로비에서 이뤄졌다. 지난달 27일 이후 29일 만에 다시 판문점에서 재회한 것이다. 문 대통령은 기다리고 서 있던 김 위원장과 악수를 나누며 간단한 말을 주고 받았다. 이어 남북 두 정상은 로비에 걸린 그림을 배경으로 기념촬영을 했다. 회담은 통일각 1층 회의실에서 이뤄졌다. 두 정상은 백두산 천지를 담은 6폭의 병풍을 배경으로 한 회의실에서 마주 앉았다. 문 대통령의 오른쪽엔 서훈 국정원장이, 김 위원장의 오른쪽인 김영철 통일전선부장이 각각 배석했다.
오후 5시께 회담을 마친 두 정상은 나란히 북한군 의장대의 사열을 받으며 통일각 밖으로 나왔다. 두 정상은 헤어지기 전 문 대통령의 차 앞에서 3차례 어깨를 맞바꿔가며 포옹을 했다. 동영상으로만 보면 웃음을 띠며 밝은 표정을 한 김 위원장이 문 대통령을 더욱 적극적으로 당겨 안는 듯한 모습이이다. 포옹 뒤 두 정상은 악수를 나누며 작별했다.",6,1124
iks_20180526_hankyoreh_news_004,Hankyoreh news 2018 May 26 corpus.txt,Hankyoreh,한겨레,news,2018-05-26,2018_may_summit,"문재인-김정은 2차 회담, ‘좌초 위기’ 북-미 정상회담 살리기","26일 예고 없이 판문점 북쪽 통일각서 두번째 정상회담
문 대통령이 제안하고 김 위원장 동의해 전격 성사된 듯","문재인 대통령과 김정은 북한 국무위원장이 26일 판문점 통일각에서 아무런 예고 없이 2차 정상회담을 한 핵심 목적은 좌초 위기에 빠진 북-미 정상회담 살리기에 있다.
“양 정상은 4·27 판문점 선언의 이행과 북미 정상회담의 성공적 개최를 위해 허심탄회하게 의견을 교환했다”는 윤영찬 청와대 국민소통수석의 발표 내용도 결국은 ‘북-미 정상회담 살리기’가 회담 의제였다는 얘기와 다름 없다. 문 대통령과 김 위원장은 4·27 판문점 선언에서 “항구적이며 공고한 평화체제 구축을 위하여 적극 협력”(선언 3조 전문)하겠다며 “완전한 비핵화를 통해 핵 없는 한반도를 실현한다는 공동의 목표를 확인했다”(3조 4항)고 밝힌 바 있다.
이날 2차 정상회담이 아무런 예고 없이 열린 사실 자체가 회담의 핵심 목적이 ‘북-미 정상회담 살리기’에 있음을 웅변한다. 우선 남북관계는 두 정상이 예고없이 전격적으로 만나야 할만큼 긴급하고 중대한 장애물이 있는 상황은 아니다. 더구나 문 대통령은 22일(현지시각) 워싱턴에서 도널드 트럼프 미국 대통령과 정상회담을 할 때 “북한이 비난한 맥스선더 한미연합군사 훈련의 종료일인 25일 이후부터 남북 고위급회담을 비롯한 대화 재개가 이뤄질 것”이라고 밝힌 바 있다. 요컨대 남북관계는 이미 물밑 조율을 통해 대화 재개 등과 관련해 어느 정도 가닥을 잡았다는 얘기다.
반면 ‘6월12일 싱가포르 북-미 정상회담’은 공식적으론 취소된 상황이다. 트럼프 대통령이 24일 밤 전격적인 ‘편지 취소 통보’ 뒤 회담이 다시 열릴 수도 있다고 하고는 있지만, 적어도 공식적으로는 그렇다.
문 대통령과 김 위원장으로선 ‘북-미 정상회담 살리기’를 위해서라면 전격적인 2차 정상회담을 해야 할 절실함이 있는 상황이다. 우선 문 대통령은 1박4일 일정(21~24일)의 워싱턴 한-미 정상회담을 했을 정도로 ‘북-미 정상회담의 성사’에 모든 것을 걸어왔다. 북-미 정상회담의 성공적 진행이 없이는 한반도 비핵화와 북-미 적대관계 해소의 돌파구가 열리기 어렵고, 그렇게 되면 문 대통령이 대북정책과 대외전략의 핵심 문제의식으로 설정한 ‘한반도 냉전구조 해체’가 가능하지 않기 때문이다.
김 위원장도 트럼프 대통령과 세기의 담판에 사실상 모든 것을 걸어왔다. 때문에 트럼프 대통령과 예정된 정상회담의 무산은 상상할 수 없는 일이다. 사실 김 위원장은 올해 들어 밖으로는 시진핑 중국 국가주석과 두차례 정상회담(3월26~28일 베이징, 5월7~8일 다롄), 문 대통령과 남북정상회담을 하고, 안으로는 조선노동당 중앙위원회 7기 3차 전원회의(4월20일)을 열어 ‘경제·핵 건설 병진노선’을 사실상 폐기하고 ‘경제 건설 총력 집중’을 새 전략노선으로 채택하는 등 광폭 행보를 보여왔다. 김 위원장으로선 뒤로 돌아가긴 너무 많이 왔다. “김정은 위원장이 잔도를 불사르고 움직이고 있다”(전직 고위 관계자)는 평가가 많은 이유다.
그렇다면, 회담은 누가 먼저 제안했을까? 청와대는 26일 판문점 통일각 2차 정상회담이 어느 쪽의 제안으로, 어떤 과정을 거쳐 성사됐는지 밝히지 않고 있다. 청와대를 포함해 정부의 그 누구도 추가 정보를 제공하지 않고 있다. 하지만 여러 정황에 비춰 문 대통령이 제안하고 김 위원장이 동의해 이뤄졌을 가능성이 압도적으로 높다. 더구나 문 대통령은, 트럼프 대통령의 북미 정상회담 ‘편지 취소’ 직후 24일 자정부터 1시간 남짓 청와대 관정에서 긴급 국가안전보장회의(NSC)를 열어 “한반도 비핵화와 항구적 평화는 포기할 수도 미룰 수도 없는 역사적 과제”라고 강조한 뒤 “정상 간에 보다 직접적이고 긴밀한 대화로 해결해 가기를 기대한다”고 밝힌 바 있다. 26일 판문점 2차 남북 정상회담은 문 대통령이 자신의 말을 ‘실천’에 옮긴 결과라고 할 수 있다.","문재인-김정은 2차 회담, ‘좌초 위기’ 북-미 정상회담 살리기
26일 예고 없이 판문점 북쪽 통일각서 두번째 정상회담
문 대통령이 제안하고 김 위원장 동의해 전격 성사된 듯
문재인 대통령과 김정은 북한 국무위원장이 26일 판문점 통일각에서 아무런 예고 없이 2차 정상회담을 한 핵심 목적은 좌초 위기에 빠진 북-미 정상회담 살리기에 있다.
“양 정상은 4·27 판문점 선언의 이행과 북미 정상회담의 성공적 개최를 위해 허심탄회하게 의견을 교환했다”는 윤영찬 청와대 국민소통수석의 발표 내용도 결국은 ‘북-미 정상회담 살리기’가 회담 의제였다는 얘기와 다름 없다. 문 대통령과 김 위원장은 4·27 판문점 선언에서 “항구적이며 공고한 평화체제 구축을 위하여 적극 협력”(선언 3조 전문)하겠다며 “완전한 비핵화를 통해 핵 없는 한반도를 실현한다는 공동의 목표를 확인했다”(3조 4항)고 밝힌 바 있다.
이날 2차 정상회담이 아무런 예고 없이 열린 사실 자체가 회담의 핵심 목적이 ‘북-미 정상회담 살리기’에 있음을 웅변한다. 우선 남북관계는 두 정상이 예고없이 전격적으로 만나야 할만큼 긴급하고 중대한 장애물이 있는 상황은 아니다. 더구나 문 대통령은 22일(현지시각) 워싱턴에서 도널드 트럼프 미국 대통령과 정상회담을 할 때 “북한이 비난한 맥스선더 한미연합군사 훈련의 종료일인 25일 이후부터 남북 고위급회담을 비롯한 대화 재개가 이뤄질 것”이라고 밝힌 바 있다. 요컨대 남북관계는 이미 물밑 조율을 통해 대화 재개 등과 관련해 어느 정도 가닥을 잡았다는 얘기다.
반면 ‘6월12일 싱가포르 북-미 정상회담’은 공식적으론 취소된 상황이다. 트럼프 대통령이 24일 밤 전격적인 ‘편지 취소 통보’ 뒤 회담이 다시 열릴 수도 있다고 하고는 있지만, 적어도 공식적으로는 그렇다.
문 대통령과 김 위원장으로선 ‘북-미 정상회담 살리기’를 위해서라면 전격적인 2차 정상회담을 해야 할 절실함이 있는 상황이다. 우선 문 대통령은 1박4일 일정(21~24일)의 워싱턴 한-미 정상회담을 했을 정도로 ‘북-미 정상회담의 성사’에 모든 것을 걸어왔다. 북-미 정상회담의 성공적 진행이 없이는 한반도 비핵화와 북-미 적대관계 해소의 돌파구가 열리기 어렵고, 그렇게 되면 문 대통령이 대북정책과 대외전략의 핵심 문제의식으로 설정한 ‘한반도 냉전구조 해체’가 가능하지 않기 때문이다.
김 위원장도 트럼프 대통령과 세기의 담판에 사실상 모든 것을 걸어왔다. 때문에 트럼프 대통령과 예정된 정상회담의 무산은 상상할 수 없는 일이다. 사실 김 위원장은 올해 들어 밖으로는 시진핑 중국 국가주석과 두차례 정상회담(3월26~28일 베이징, 5월7~8일 다롄), 문 대통령과 남북정상회담을 하고, 안으로는 조선노동당 중앙위원회 7기 3차 전원회의(4월20일)을 열어 ‘경제·핵 건설 병진노선’을 사실상 폐기하고 ‘경제 건설 총력 집중’을 새 전략노선으로 채택하는 등 광폭 행보를 보여왔다. 김 위원장으로선 뒤로 돌아가긴 너무 많이 왔다. “김정은 위원장이 잔도를 불사르고 움직이고 있다”(전직 고위 관계자)는 평가가 많은 이유다.
그렇다면, 회담은 누가 먼저 제안했을까? 청와대는 26일 판문점 통일각 2차 정상회담이 어느 쪽의 제안으로, 어떤 과정을 거쳐 성사됐는지 밝히지 않고 있다. 청와대를 포함해 정부의 그 누구도 추가 정보를 제공하지 않고 있다. 하지만 여러 정황에 비춰 문 대통령이 제안하고 김 위원장이 동의해 이뤄졌을 가능성이 압도적으로 높다. 더구나 문 대통령은, 트럼프 대통령의 북미 정상회담 ‘편지 취소’ 직후 24일 자정부터 1시간 남짓 청와대 관정에서 긴급 국가안전보장회의(NSC)를 열어 “한반도 비핵화와 항구적 평화는 포기할 수도 미룰 수도 없는 역사적 과제”라고 강조한 뒤 “정상 간에 보다 직접적이고 긴밀한 대화로 해결해 가기를 기대한다”고 밝힌 바 있다. 26일 판문점 2차 남북 정상회담은 문 대통령이 자신의 말을 ‘실천’에 옮긴 결과라고 할 수 있다.",7,1837
iks_20180526_hankyoreh_news_005,Hankyoreh news 2018 May 26 corpus.txt,Hankyoreh,한겨레,news,2018-05-26,2018_may_summit,남북 정상 ‘핫라인’ 통화 했을까,"회담 앞서 직통전화 활용 관심
여권 인사 “통화하며 회담 결정”
청와대 “정상간 통화는 없었다”
양쪽 정보라인 가동…서훈·김영철 배석","26일 오후 열린 문재인 대통령과 김정은 북한 국무위원장의 전격적인 정상회담에 앞서, 두 정상이 ‘직통전화’(핫라인)을 통해 의견을 나눴을지에 관심이 모아지고 있다. 남북 정상간 ‘핫라인’은 지난달 20일 설치된 바 있다.
청와대 사정을 잘 아는 여권 인사들은, 문 대통령은 북-미 정상회담 개최와 관련해 김 위원장과 직접 통화를 했을 가능성을 제기했다. 한 인사는 “(문 대통령이) 통화 도중 ‘중요한 이야기가 오가게 되자 ‘이러지 말고 만나자’고 제안해 (김 위원장을) 만난 것으로 안다”고 전했다. 하지만 청와대는 정상간 직접 통화는 없었다고 밝혔다.
정상회담을 청와대에서 알고 있던 이는 임종석 비서실장 등 극소수에 한정되는 등 청와대 안에서도 철저한 보안이 이뤄졌다고 한다.
급작스레 성사된 정상회담이어서 양쪽의 배석자는 최소화됐다. 남쪽에선 서훈 국가정보원장, 북쪽에선 김영철 북한 노동당 중앙위원회 부위원장 겸 통일전선부장이 배석했다고 청와대가 밝혔다.
문 대통령이 27일 오전 10시 직접 회담결과를 브리핑하는 것을 고려할때, 북-미 정상회담 개최 등이 내용에 포함될 것으로 전망된다.
앞서 윤영찬 청와대 국민소통수석은 서면브리핑을 통해 문 대통령이 이날 오후 3시부터 5시까지 2시간 동안 판문점 북쪽 지역 통일각에서 김 위원장과 회담했다고 밝혔다. 윤 수석은 “양 정상이 4·27 판문점 선언의 이행과 북-미 정상회담의 성공적 개최를 위해 허심탄회하게 의견을 교환했다”고 설명했다. 이어 “양측 합의에 따라 회담 결과는 내일 오전 10시 문 대통령께서 직접 발표할 예정”이라고 했다.","남북 정상 ‘핫라인’ 통화 했을까
회담 앞서 직통전화 활용 관심
여권 인사 “통화하며 회담 결정”
청와대 “정상간 통화는 없었다”
양쪽 정보라인 가동…서훈·김영철 배석
26일 오후 열린 문재인 대통령과 김정은 북한 국무위원장의 전격적인 정상회담에 앞서, 두 정상이 ‘직통전화’(핫라인)을 통해 의견을 나눴을지에 관심이 모아지고 있다. 남북 정상간 ‘핫라인’은 지난달 20일 설치된 바 있다.
청와대 사정을 잘 아는 여권 인사들은, 문 대통령은 북-미 정상회담 개최와 관련해 김 위원장과 직접 통화를 했을 가능성을 제기했다. 한 인사는 “(문 대통령이) 통화 도중 ‘중요한 이야기가 오가게 되자 ‘이러지 말고 만나자’고 제안해 (김 위원장을) 만난 것으로 안다”고 전했다. 하지만 청와대는 정상간 직접 통화는 없었다고 밝혔다.
정상회담을 청와대에서 알고 있던 이는 임종석 비서실장 등 극소수에 한정되는 등 청와대 안에서도 철저한 보안이 이뤄졌다고 한다.
급작스레 성사된 정상회담이어서 양쪽의 배석자는 최소화됐다. 남쪽에선 서훈 국가정보원장, 북쪽에선 김영철 북한 노동당 중앙위원회 부위원장 겸 통일전선부장이 배석했다고 청와대가 밝혔다.
문 대통령이 27일 오전 10시 직접 회담결과를 브리핑하는 것을 고려할때, 북-미 정상회담 개최 등이 내용에 포함될 것으로 전망된다.
앞서 윤영찬 청와대 국민소통수석은 서면브리핑을 통해 문 대통령이 이날 오후 3시부터 5시까지 2시간 동안 판문점 북쪽 지역 통일각에서 김 위원장과 회담했다고 밝혔다. 윤 수석은 “양 정상이 4·27 판문점 선언의 이행과 북-미 정상회담의 성공적 개최를 위해 허심탄회하게 의견을 교환했다”고 설명했다. 이어 “양측 합의에 따라 회담 결과는 내일 오전 10시 문 대통령께서 직접 발표할 예정”이라고 했다.",6,784
iks_20180526_hankyoreh_news_006,Hankyoreh news 2018 May 26 corpus.txt,Hankyoreh,한겨레,news,2018-05-26,2018_may_summit,"문 대통령·김 위원장, 판문점서 2차 정상회담 했다","북쪽 통일각서 26일 오후3시~5시 전격 만남
회담 결과 문 대통령이 27일 오전 직접 설명","문재인 대통령과 북한 김정은 국무위원장이 26일 전격적으로 두 번째 정상회담을 했다. 6월12일 북-미 정상회담 개최 가능성을 높이기 위한 문 대통령의 중재 외교 가능성이 점쳐진다.
문 대통령은 이날 오후 3시부터 5시까지 2시간 동안 판문점 북쪽 지역 통일각에서 김 위원장과 회담했다고 윤영찬 청와대 국민소통수석이 서면브리핑을 통해 밝혔다. 윤 수석은 “양 정상이 4·27 판문점 선언의 이행과 북-미 정상회담의 성공적 개최를 위해 허심탄회하게 의견을 교환했다”고 설명했다. 이어 “양측 합의에 따라 회담 결과는 내일 오전 10시 문 대통령께서 직접 발표할 예정”이라고 했다. 이날 회담에는 서훈 국가정보원장과 김영철 노동당 통전부장이 배석했다.
이번 정상회담 성사에 그간 한 번도 운영되지 않았던 문 대통령과 김 위원장 사이의 ‘핫라인’이 이번 전격적인 2차 정상회담에 가동됐을 가능성도 제기된다.","문 대통령·김 위원장, 판문점서 2차 정상회담 했다
북쪽 통일각서 26일 오후3시~5시 전격 만남
회담 결과 문 대통령이 27일 오전 직접 설명
문재인 대통령과 북한 김정은 국무위원장이 26일 전격적으로 두 번째 정상회담을 했다. 6월12일 북-미 정상회담 개최 가능성을 높이기 위한 문 대통령의 중재 외교 가능성이 점쳐진다.
문 대통령은 이날 오후 3시부터 5시까지 2시간 동안 판문점 북쪽 지역 통일각에서 김 위원장과 회담했다고 윤영찬 청와대 국민소통수석이 서면브리핑을 통해 밝혔다. 윤 수석은 “양 정상이 4·27 판문점 선언의 이행과 북-미 정상회담의 성공적 개최를 위해 허심탄회하게 의견을 교환했다”고 설명했다. 이어 “양측 합의에 따라 회담 결과는 내일 오전 10시 문 대통령께서 직접 발표할 예정”이라고 했다. 이날 회담에는 서훈 국가정보원장과 김영철 노동당 통전부장이 배석했다.
이번 정상회담 성사에 그간 한 번도 운영되지 않았던 문 대통령과 김 위원장 사이의 ‘핫라인’이 이번 전격적인 2차 정상회담에 가동됐을 가능성도 제기된다.",3,448
iks_20180526_hankyoreh_news_007,Hankyoreh news 2018 May 26 corpus.txt,Hankyoreh,한겨레,news,2018-05-26,2018_may_summit,"문 대통령, 오늘 판문점에서 김정은 위원장 만났다","오후 3시부터 5시까지 두번째 정상회담
회담 결과 내일 문 대통령이 직접 발표","문재인 대통령은 26일 북한 김정은 국무위원장과 두 번째 정상회담을 했다.
문 대통령은 이날 오후 3시부터 5시까지 판문점 북측지역 통일각에서 김 위원장과 이같이 회담했다고 윤영찬 청와대 국민소통수석이 서면브리핑을 통해 밝혔다.
윤 수석은 ""양 정상이 4·27 판문점 선언의 이행과 북미 정상회담의 성공적 개최를 위해 허심탄회하게 의견을 교환했다""고 설명했다.
그러면서 ""양측 합의에 따라 회담 결과는 내일 오전 10시 문 대통령께서 직접 발표할 예정""이라고 덧붙였다.","문 대통령, 오늘 판문점에서 김정은 위원장 만났다
오후 3시부터 5시까지 두번째 정상회담
회담 결과 내일 문 대통령이 직접 발표
문재인 대통령은 26일 북한 김정은 국무위원장과 두 번째 정상회담을 했다.
문 대통령은 이날 오후 3시부터 5시까지 판문점 북측지역 통일각에서 김 위원장과 이같이 회담했다고 윤영찬 청와대 국민소통수석이 서면브리핑을 통해 밝혔다.
윤 수석은 ""양 정상이 4·27 판문점 선언의 이행과 북미 정상회담의 성공적 개최를 위해 허심탄회하게 의견을 교환했다""고 설명했다.
그러면서 ""양측 합의에 따라 회담 결과는 내일 오전 10시 문 대통령께서 직접 발표할 예정""이라고 덧붙였다.",4,262
iks_20180526_hankyoreh_news_008,Hankyoreh news 2018 May 26 corpus.txt,Hankyoreh,한겨레,news,2018-05-26,2018_may_summit,남북 정상 ‘핫라인’ 통화 했을까,"회담 앞서 직통전화 활용 관심
여권 인사 “통화하며 회담 결정”
청와대 “정상간 통화는 없었다”
양쪽 정보라인 가동…서훈·김영철 배석","26일 오후 열린 문재인 대통령과 김정은 북한 국무위원장의 전격적인 정상회담에 앞서, 두 정상이 ‘직통전화’(핫라인)을 통해 의견을 나눴을지에 관심이 모아지고 있다. 남북 정상간 ‘핫라인’은 지난달 20일 설치된 바 있다.
청와대 사정을 잘 아는 여권 인사들은, 문 대통령은 북-미 정상회담 개최와 관련해 김 위원장과 직접 통화를 했을 가능성을 제기했다. 한 인사는 “(문 대통령이) 통화 도중 ‘중요한 이야기가 오가게 되자 ‘이러지 말고 만나자’고 제안해 (김 위원장을) 만난 것으로 안다”고 전했다. 하지만 청와대는 정상간 직접 통화는 없었다고 밝혔다.
정상회담을 청와대에서 알고 있던 이는 임종석 비서실장 등 극소수에 한정되는 등 청와대 안에서도 철저한 보안이 이뤄졌다고 한다.
급작스레 성사된 정상회담이어서 양쪽의 배석자는 최소화됐다. 남쪽에선 서훈 국가정보원장, 북쪽에선 김영철 북한 노동당 중앙위원회 부위원장 겸 통일전선부장이 배석했다고 청와대가 밝혔다.
문 대통령이 27일 오전 10시 직접 회담결과를 브리핑하는 것을 고려할때, 북-미 정상회담 개최 등이 내용에 포함될 것으로 전망된다.
앞서 윤영찬 청와대 국민소통수석은 서면브리핑을 통해 문 대통령이 이날 오후 3시부터 5시까지 2시간 동안 판문점 북쪽 지역 통일각에서 김 위원장과 회담했다고 밝혔다. 윤 수석은 “양 정상이 4·27 판문점 선언의 이행과 북-미 정상회담의 성공적 개최를 위해 허심탄회하게 의견을 교환했다”고 설명했다. 이어 “양측 합의에 따라 회담 결과는 내일 오전 10시 문 대통령께서 직접 발표할 예정”이라고 했다. 김보협 기자 bhkim@hani.co.kr","남북 정상 ‘핫라인’ 통화 했을까
회담 앞서 직통전화 활용 관심
여권 인사 “통화하며 회담 결정”
청와대 “정상간 통화는 없었다”
양쪽 정보라인 가동…서훈·김영철 배석
26일 오후 열린 문재인 대통령과 김정은 북한 국무위원장의 전격적인 정상회담에 앞서, 두 정상이 ‘직통전화’(핫라인)을 통해 의견을 나눴을지에 관심이 모아지고 있다. 남북 정상간 ‘핫라인’은 지난달 20일 설치된 바 있다.
청와대 사정을 잘 아는 여권 인사들은, 문 대통령은 북-미 정상회담 개최와 관련해 김 위원장과 직접 통화를 했을 가능성을 제기했다. 한 인사는 “(문 대통령이) 통화 도중 ‘중요한 이야기가 오가게 되자 ‘이러지 말고 만나자’고 제안해 (김 위원장을) 만난 것으로 안다”고 전했다. 하지만 청와대는 정상간 직접 통화는 없었다고 밝혔다.
정상회담을 청와대에서 알고 있던 이는 임종석 비서실장 등 극소수에 한정되는 등 청와대 안에서도 철저한 보안이 이뤄졌다고 한다.
급작스레 성사된 정상회담이어서 양쪽의 배석자는 최소화됐다. 남쪽에선 서훈 국가정보원장, 북쪽에선 김영철 북한 노동당 중앙위원회 부위원장 겸 통일전선부장이 배석했다고 청와대가 밝혔다.
문 대통령이 27일 오전 10시 직접 회담결과를 브리핑하는 것을 고려할때, 북-미 정상회담 개최 등이 내용에 포함될 것으로 전망된다.
앞서 윤영찬 청와대 국민소통수석은 서면브리핑을 통해 문 대통령이 이날 오후 3시부터 5시까지 2시간 동안 판문점 북쪽 지역 통일각에서 김 위원장과 회담했다고 밝혔다. 윤 수석은 “양 정상이 4·27 판문점 선언의 이행과 북-미 정상회담의 성공적 개최를 위해 허심탄회하게 의견을 교환했다”고 설명했다. 이어 “양측 합의에 따라 회담 결과는 내일 오전 10시 문 대통령께서 직접 발표할 예정”이라고 했다. 김보협 기자 bhkim@hani.co.kr",6,808
iks_20180527_chosun_news_001,Chosun news 2018 May 27 corpus.txt,Chosun Ilbo,조선일보,news,2018-05-27,2018_may_summit,"백악관 ""한국측 사전 연락있었다""… 정상회담 입장에 대해선 침묵",,"백악관은 26일(현지시각) 판문점에서 열린 2차 정상회담과 관련해 “한국측으로부터 미리 연락을 받았다”고 밝혔다. 그러나 2차 정상회담과 관련한 입장이 무엇이냐는 질문엔 답변하지 않았다.
백악관 국가안보회의(NSC) 관계자는 이날 ‘2차 남북정상회담을 미리 통보 받았느냐’는 본지의 질의에 “한국측이 미리 통보했다”고 답했다. 그러나 ‘2차 정상회담에 대한 백악관의 입장은 무엇인가’ ‘2차 회담 전에 백악관과 청와대가 미리 조율했느냐’는 질문엔 답하지 않았다.
이를 볼 때 청와대는 2차 남북 정상회담 전 정상회담 개최 사실은 미국측에 사전 통보한 것으로 보인다. 그러나 두번째 판문점 정상회담의 자세한 내용에 대해선 미국측이 사전 혹은 사후에 제대로 내용을 전달받지 못해 아직 백악관의 입장을 정하지 못했을 수도 있다.
이런 상황에서 세라샌더스 백악관 대변인은 이날 “백악관 정상회담 사전준비팀 실무진이 이번 주말 싱가포르로 출발한다”고 밝혔다.
로이터통신은 백악관 사전준비팀은 30명 가량으로 구성됐고, 출발일은 27일이라고 밝혔다. 사전준비팀은 일본 도쿄를 경유해 갈 것으로 알려졌다. 폴리티코는 조셉 헤이긴 백악관 부비서실장과 패트릭 클리프턴 대통령 특별보좌관이 선발대를 이끈다고 보도했다.","백악관 ""한국측 사전 연락있었다""… 정상회담 입장에 대해선 침묵
백악관은 26일(현지시각) 판문점에서 열린 2차 정상회담과 관련해 “한국측으로부터 미리 연락을 받았다”고 밝혔다. 그러나 2차 정상회담과 관련한 입장이 무엇이냐는 질문엔 답변하지 않았다.
백악관 국가안보회의(NSC) 관계자는 이날 ‘2차 남북정상회담을 미리 통보 받았느냐’는 본지의 질의에 “한국측이 미리 통보했다”고 답했다. 그러나 ‘2차 정상회담에 대한 백악관의 입장은 무엇인가’ ‘2차 회담 전에 백악관과 청와대가 미리 조율했느냐’는 질문엔 답하지 않았다.
이를 볼 때 청와대는 2차 남북 정상회담 전 정상회담 개최 사실은 미국측에 사전 통보한 것으로 보인다. 그러나 두번째 판문점 정상회담의 자세한 내용에 대해선 미국측이 사전 혹은 사후에 제대로 내용을 전달받지 못해 아직 백악관의 입장을 정하지 못했을 수도 있다.
이런 상황에서 세라샌더스 백악관 대변인은 이날 “백악관 정상회담 사전준비팀 실무진이 이번 주말 싱가포르로 출발한다”고 밝혔다.
로이터통신은 백악관 사전준비팀은 30명 가량으로 구성됐고, 출발일은 27일이라고 밝혔다. 사전준비팀은 일본 도쿄를 경유해 갈 것으로 알려졌다. 폴리티코는 조셉 헤이긴 백악관 부비서실장과 패트릭 클리프턴 대통령 특별보좌관이 선발대를 이끈다고 보도했다.",5,615
iks_20180527_chosun_news_002,Chosun news 2018 May 27 corpus.txt,Chosun Ilbo,조선일보,news,2018-05-27,2018_may_summit,"北 ""남북정상, 6월 1일 고위급회담 개최 합의""",,"27일 북한의 관영중앙통신과 노동신문이 “내달 1일 남북고위급회담이 개최된다”고 보도했다.
중앙통신은 “남북 정상이 6월 1일 고위급 회담 개최에 합의했고, 군사·적십자 회담도 가속 추진하기로 합의했다”고 밝혔다.
노동신문도 이날 1면을 활용해 “경애하는 최고령도자 김정은 동지께서 문재인 대통령과 또다시 상봉하고 회담했다”며 “(김정은 북한 국무위원장이) 역사적인 조미수뇌회담(미북정상회담)에 대한 확고한 의지를 피력했다”라고 밝혔다.
남북정상회담은 전날 판문점 북측지역 통일각에서 오후 3시부터 5시까지 열렸다. 문 대통령과 김정은 북한 국무위원장은 두번째 정상회담에서 4.27 판문점 선언의 이행과 북미 정상회담의 성공적 개최를 위해 의견을 나눈 것으로 알려졌다.","北 ""남북정상, 6월 1일 고위급회담 개최 합의""
27일 북한의 관영중앙통신과 노동신문이 “내달 1일 남북고위급회담이 개최된다”고 보도했다.
중앙통신은 “남북 정상이 6월 1일 고위급 회담 개최에 합의했고, 군사·적십자 회담도 가속 추진하기로 합의했다”고 밝혔다.
노동신문도 이날 1면을 활용해 “경애하는 최고령도자 김정은 동지께서 문재인 대통령과 또다시 상봉하고 회담했다”며 “(김정은 북한 국무위원장이) 역사적인 조미수뇌회담(미북정상회담)에 대한 확고한 의지를 피력했다”라고 밝혔다.
남북정상회담은 전날 판문점 북측지역 통일각에서 오후 3시부터 5시까지 열렸다. 문 대통령과 김정은 북한 국무위원장은 두번째 정상회담에서 4.27 판문점 선언의 이행과 북미 정상회담의 성공적 개최를 위해 의견을 나눈 것으로 알려졌다.",4,374
iks_20180527_chosun_news_006,Chosun news 2018 May 27 corpus.txt,Chosun Ilbo,조선일보,news,2018-05-27,2018_may_summit,"文 대통령 ""남북 정상, 6·12 북미정상회담 성공적 개최 의지 확인""",,"문재인 대통령은 27일 “남북 정상은 6·12 북미정상회담이 성공적으로 이뤄져야 하며, 한반도의 비핵화와 항구적인 평화체제를 위한 우리의 여정은 결코 중단될 수 없다는 점을 확인하고, 이를 위해 긴밀히 상호협력하기로 했다”고 말했다.
문 대통령은 이날 청와대서에서 전날 판문점 북측 지역에서 진행된 2차 남북정상회담과 관련해 기자회견을 갖고 “김정은 위원장은 판문점 선언에 이어 다시 한 번 한반도의 완전한 비핵화 의지를 분명히 했으며, 북미정상회담의 성공을 통해 전쟁과 대립의 역사를 청산하고 평화와 번영을 위해 협력하겠다는 의사를 피력했다”면서 이같이 밝혔다.
문 대통령은 “우리는 4·27 판문점 선언의 조속한 이행을 재확인했다”며 “이를 위해 남북 고위급 회담을 오는 6월 1일 개최하고, 군사적 긴장완화를 위한 군사당국자 회담과 이산가족 상봉을 위한 적십자 회담을 연이어 갖기로 합의했다”고 말했다.
문 대통령은 “양 정상은 이번 회담이 필요에 따라 신속하고 격식 없이 개최된 것에 큰 의미가 있다고 평가했다”면서 “앞으로도 필요한 경우 언제든지 서로 통신하거나 만나, 격의없이 소통하기로 했다”고 말했다.
문 대통령은 또 전날 정상회담에 대해 “김정은 위원장이 그제 오후, 일체의 형식 없이 만나고 싶다는 뜻을 전해왔고, 저는 흔쾌히 수락했다”며 “친구 간의 평범한 일상처럼 이루어진 이번 회담에 매우 큰 의미를 부여하고 싶습니다. 남북은 이렇게 만나야 한다”고 했다.
문 대통령은 “(5·26 정상회담에서)저는 지난주에 있었던 트럼프 미국 대통령과의 정상회담 결과를 설명하면서, 트럼프 대통령은 김 위원장이 완전한 비핵화를 결단하고 실천할 경우, 북한과의 적대관계 종식과 경제협력에 대한 확고한 의지가 있다는 점을 전달했다”고 설명했다.
이어 “김 위원장과 트럼프 대통령 모두 북미정상회담의 성공을 진심으로 바라고 있는 만큼 양측이 직접적인 소통을 통해 오해를 불식시키고, 정상회담에서 합의해야할 의제에 대해 실무협상을 통해 충분한 사전 대화가 필요하다는 점을 강조했다”며 “김 위원장도 이에 동의했다”고 전했다.
다음은 문 대통령의 2차 남북정상회담 결과 발표문 전문.
존경하는 국민 여러분!
​저는 어제 오후, 판문점 북측지역 통일각에서 김정은 국무위원장과 두 번째 남북정상회담을 가졌습니다.
​지난 4월 27일 판문점 평화의 집에서 첫 회담을 한 후, 꼭 한 달만입니다.
​지난 회담에서 우리 두 정상은 필요하다면 언제 어디서든 격식 없이 만나 서로 머리를 맞대고 민족의 중대사를 논의하자고 약속한 바 있습니다.
​김 위원장은 그제 오후, 일체의 형식 없이 만나고 싶다는 뜻을 전해왔고, 저는 흔쾌히 수락하였습니다.
​오랫동안 저는 남북의 대립과 갈등을 극복하기 위한 방법으로 정상 간의 정례적인 만남과
직접 소통을 강조해왔고, 그 뜻은 4·27 판문점 선언에 고스란히 담겨 있습니다.
​그런 의미에서 저는 지난 4월의 역사적인 판문점회담 못지않게, 친구 간의 평범한 일상처럼 이루어진 이번 회담에 매우 큰 의미를 부여하고 싶습니다. 남북은 이렇게 만나야 한다는 것이 제 생각입니다.
​국민 여러분!
​우리 두 정상은 북미정상회담을 앞두고, 허심탄회한 대화를 나눴습니다.
​저는 지난주에 있었던 트럼프 미국 대통령과의 정상회담 결과를 설명하면서, 트럼프 대통령은 김 위원장이 완전한 비핵화를 결단하고 실천할 경우, 북한과의 적대관계 종식과 경제협력에 대한 확고한 의지가 있다는 점을 전달하였습니다.
​특히 김 위원장과 트럼프 대통령 모두 북미정상회담의 성공을 진심으로 바라고 있는 만큼 양측이 직접적인 소통을 통해 오해를 불식시키고, 정상회담에서 합의해야할 의제에 대해 실무협상을 통해 충분한 사전 대화가 필요하다는 점을 강조했습니다. 김 위원장도 이에 동의하였습니다.
​김정은 위원장은 판문점 선언에 이어 다시 한 번 한반도의 완전한 비핵화 의지를 분명히 했으며, 북미정상회담의 성공을 통해 전쟁과 대립의 역사를 청산하고 평화와 번영을 위해 협력하겠다는 의사를 피력하였습니다.
​우리 두 정상은 6·12 북미정상회담이 성공적으로 이뤄져야 하며, 한반도의 비핵화와 항구적인 평화체제를 위한 우리의 여정은 결코 중단될 수 없다는 점을 확인하고, 이를 위해 긴밀히 상호협력하기로 하였습니다. 또한 우리는 4·27 판문점 선언의 조속한 이행을 재확인했습니다.
​이를 위해 남북 고위급 회담을 오는 6월 1일 개최하고, 군사적 긴장완화를 위한 군사당국자 회담과 이산가족 상봉을 위한 적십자 회담을 연이어 갖기로 합의하였습니다.
​양 정상은 이번 회담이 필요에 따라 신속하고 격식 없이 개최된 것에 큰 의미가 있다고 평가하고, ​앞으로도 필요한 경우 언제든지 서로 통신하거나 만나, 격의없이 소통하기로 하였습니다.
​​존경하는 국민 여러분!
​돌아보면 지난해까지 오랜 세월 우리는 늘 불안했습니다. 안보 불안과 공포가 경제와 외교에는 물론 국민의 일상적인 삶에까지 파고들었습니다. 우리의 정치를 낙후시켜온 가장 큰 이유이기도 했습니다.
그러나, 지금 우리는 역사의 물줄기를 바꾸고 있습니다.
​평창 올림픽을 평화 올림픽으로 만들었고, 긴장과 대립의 상징이었던 판문점에 평화와 번영의 새로운 길을 내고 있습니다. 북한은 스스로 핵실험과 미사일 발사를 중단하고, 풍계리 핵실험장을 폐기하는 결단을 보여주었습니다.
​이제 시작이지만, 그 시작은 과거에 있었던 또 하나의 시작이 아니라, 완전히 새로운 시작이 될 것입니다. 산의 정상이 보일 때부터 한 걸음 한 걸음이 더욱 힘들어지듯이 한반도의 완전한 비핵화와 완전한 평화에 이르는 길이 결코 순탄하지 않을 것입니다.
​그러나 저는 대통령으로서 국민이 제게 부여한 모든 권한과 의무를 다해 그 길을 갈 것이고, 반드시 성공할 것입니다.
​국민 여러분께서도 함께 해주시기 바랍니다. 감사합니다.
​2018년 5월 27일
대한민국 대통령 문 재 인","文 대통령 ""남북 정상, 6·12 북미정상회담 성공적 개최 의지 확인""
문재인 대통령은 27일 “남북 정상은 6·12 북미정상회담이 성공적으로 이뤄져야 하며, 한반도의 비핵화와 항구적인 평화체제를 위한 우리의 여정은 결코 중단될 수 없다는 점을 확인하고, 이를 위해 긴밀히 상호협력하기로 했다”고 말했다.
문 대통령은 이날 청와대서에서 전날 판문점 북측 지역에서 진행된 2차 남북정상회담과 관련해 기자회견을 갖고 “김정은 위원장은 판문점 선언에 이어 다시 한 번 한반도의 완전한 비핵화 의지를 분명히 했으며, 북미정상회담의 성공을 통해 전쟁과 대립의 역사를 청산하고 평화와 번영을 위해 협력하겠다는 의사를 피력했다”면서 이같이 밝혔다.
문 대통령은 “우리는 4·27 판문점 선언의 조속한 이행을 재확인했다”며 “이를 위해 남북 고위급 회담을 오는 6월 1일 개최하고, 군사적 긴장완화를 위한 군사당국자 회담과 이산가족 상봉을 위한 적십자 회담을 연이어 갖기로 합의했다”고 말했다.
문 대통령은 “양 정상은 이번 회담이 필요에 따라 신속하고 격식 없이 개최된 것에 큰 의미가 있다고 평가했다”면서 “앞으로도 필요한 경우 언제든지 서로 통신하거나 만나, 격의없이 소통하기로 했다”고 말했다.
문 대통령은 또 전날 정상회담에 대해 “김정은 위원장이 그제 오후, 일체의 형식 없이 만나고 싶다는 뜻을 전해왔고, 저는 흔쾌히 수락했다”며 “친구 간의 평범한 일상처럼 이루어진 이번 회담에 매우 큰 의미를 부여하고 싶습니다. 남북은 이렇게 만나야 한다”고 했다.
문 대통령은 “(5·26 정상회담에서)저는 지난주에 있었던 트럼프 미국 대통령과의 정상회담 결과를 설명하면서, 트럼프 대통령은 김 위원장이 완전한 비핵화를 결단하고 실천할 경우, 북한과의 적대관계 종식과 경제협력에 대한 확고한 의지가 있다는 점을 전달했다”고 설명했다.
이어 “김 위원장과 트럼프 대통령 모두 북미정상회담의 성공을 진심으로 바라고 있는 만큼 양측이 직접적인 소통을 통해 오해를 불식시키고, 정상회담에서 합의해야할 의제에 대해 실무협상을 통해 충분한 사전 대화가 필요하다는 점을 강조했다”며 “김 위원장도 이에 동의했다”고 전했다.
다음은 문 대통령의 2차 남북정상회담 결과 발표문 전문.
존경하는 국민 여러분!
​저는 어제 오후, 판문점 북측지역 통일각에서 김정은 국무위원장과 두 번째 남북정상회담을 가졌습니다.
​지난 4월 27일 판문점 평화의 집에서 첫 회담을 한 후, 꼭 한 달만입니다.
​지난 회담에서 우리 두 정상은 필요하다면 언제 어디서든 격식 없이 만나 서로 머리를 맞대고 민족의 중대사를 논의하자고 약속한 바 있습니다.
​김 위원장은 그제 오후, 일체의 형식 없이 만나고 싶다는 뜻을 전해왔고, 저는 흔쾌히 수락하였습니다.
​오랫동안 저는 남북의 대립과 갈등을 극복하기 위한 방법으로 정상 간의 정례적인 만남과
직접 소통을 강조해왔고, 그 뜻은 4·27 판문점 선언에 고스란히 담겨 있습니다.
​그런 의미에서 저는 지난 4월의 역사적인 판문점회담 못지않게, 친구 간의 평범한 일상처럼 이루어진 이번 회담에 매우 큰 의미를 부여하고 싶습니다. 남북은 이렇게 만나야 한다는 것이 제 생각입니다.
​국민 여러분!
​우리 두 정상은 북미정상회담을 앞두고, 허심탄회한 대화를 나눴습니다.
​저는 지난주에 있었던 트럼프 미국 대통령과의 정상회담 결과를 설명하면서, 트럼프 대통령은 김 위원장이 완전한 비핵화를 결단하고 실천할 경우, 북한과의 적대관계 종식과 경제협력에 대한 확고한 의지가 있다는 점을 전달하였습니다.
​특히 김 위원장과 트럼프 대통령 모두 북미정상회담의 성공을 진심으로 바라고 있는 만큼 양측이 직접적인 소통을 통해 오해를 불식시키고, 정상회담에서 합의해야할 의제에 대해 실무협상을 통해 충분한 사전 대화가 필요하다는 점을 강조했습니다. 김 위원장도 이에 동의하였습니다.
​김정은 위원장은 판문점 선언에 이어 다시 한 번 한반도의 완전한 비핵화 의지를 분명히 했으며, 북미정상회담의 성공을 통해 전쟁과 대립의 역사를 청산하고 평화와 번영을 위해 협력하겠다는 의사를 피력하였습니다.
​우리 두 정상은 6·12 북미정상회담이 성공적으로 이뤄져야 하며, 한반도의 비핵화와 항구적인 평화체제를 위한 우리의 여정은 결코 중단될 수 없다는 점을 확인하고, 이를 위해 긴밀히 상호협력하기로 하였습니다. 또한 우리는 4·27 판문점 선언의 조속한 이행을 재확인했습니다.
​이를 위해 남북 고위급 회담을 오는 6월 1일 개최하고, 군사적 긴장완화를 위한 군사당국자 회담과 이산가족 상봉을 위한 적십자 회담을 연이어 갖기로 합의하였습니다.
​양 정상은 이번 회담이 필요에 따라 신속하고 격식 없이 개최된 것에 큰 의미가 있다고 평가하고, ​앞으로도 필요한 경우 언제든지 서로 통신하거나 만나, 격의없이 소통하기로 하였습니다.
​​존경하는 국민 여러분!
​돌아보면 지난해까지 오랜 세월 우리는 늘 불안했습니다. 안보 불안과 공포가 경제와 외교에는 물론 국민의 일상적인 삶에까지 파고들었습니다. 우리의 정치를 낙후시켜온 가장 큰 이유이기도 했습니다.
그러나, 지금 우리는 역사의 물줄기를 바꾸고 있습니다.
​평창 올림픽을 평화 올림픽으로 만들었고, 긴장과 대립의 상징이었던 판문점에 평화와 번영의 새로운 길을 내고 있습니다. 북한은 스스로 핵실험과 미사일 발사를 중단하고, 풍계리 핵실험장을 폐기하는 결단을 보여주었습니다.
​이제 시작이지만, 그 시작은 과거에 있었던 또 하나의 시작이 아니라, 완전히 새로운 시작이 될 것입니다. 산의 정상이 보일 때부터 한 걸음 한 걸음이 더욱 힘들어지듯이 한반도의 완전한 비핵화와 완전한 평화에 이르는 길이 결코 순탄하지 않을 것입니다.
​그러나 저는 대통령으로서 국민이 제게 부여한 모든 권한과 의무를 다해 그 길을 갈 것이고, 반드시 성공할 것입니다.
​국민 여러분께서도 함께 해주시기 바랍니다. 감사합니다.
​2018년 5월 27일
대한민국 대통령 문 재 인",33,2853
iks_20180527_chosun_news_007,Chosun news 2018 May 27 corpus.txt,Chosun Ilbo,조선일보,news,2018-05-27,2018_may_summit,"대통령 ""김정은 제안해 2차 정상회담, 6.12 북미회담 개최의지 확인""","文대통령 “남북 고위급 회담, 6월 1일 개최 합의”","문재인 대통령은 27일 김정은 북한 국무위원장 제안으로 2차 남북정상회담을 개최해 6.12 미북정상회담이 성공적으로 이뤄져야 한다는 점을 확인했다고 밝혔다.
문 대통령은 이날 오전 청와대 춘추관에서 기자회견을 열고 “저는 어제 오후, 판문점 북측지역 통일각에서 김정은 국무위원장과 두 번째 남북정상회담을 가졌다”며 “김 위원장은 그제 오후, 일체의 형식 없이 만나고 싶다는 뜻을 전해왔고, 저는 흔쾌히 수락하였다”고 밝혔다.
​문 대통령은 “우리 두 정상은 북미정상회담을 앞두고, 허심탄회한 대화를 나눴다”며 “저는 지난주에 있었던 트럼프 미국 대통령과의 정상회담 결과를 설명하면서, 트럼프 대통령은 김 위원장이 완전한 비핵화를 결단하고 실천할 경우, 북한과의 적대관계 종식과 경제협력에 대한 확고한 의지가 있다는 점을 전달하였다”고 말했다.
​문 대통령은 “특히 김 위원장과 트럼프 대통령 모두 북미정상회담의 성공을 진심으로 바라고 있는 만큼 양측이 직접적인 소통을 통해 오해를 불식시키고, 정상회담에서 합의해야할 의제에 대해 실무협상을 통해 충분한 사전 대화가 필요하다는 점을 강조했다”고 말했다.
문 대통령은 “김 위원장도 이에 동의했다”고 덧붙였다.
문 대통령은 “김정은 위원장은 판문점 선언에 이어 다시 한 번 한반도의 완전한 비핵화 의지를 분명히 했으며, 북미정상회담의 성공을 통해 전쟁과 대립의 역사를 청산하고 평화와 번영을 위해 협력하겠다는 의사를 피력하였다”고 말했다.
​문 대통령은 “우리 두 정상은 6.12 북미정상회담이 성공적으로 이뤄져야 하며, ​한반도의 비핵화와 항구적인 평화체제를 위한 우리의 여정은 결코 중단될 수 없다는 점을 확인하고, 이를 위해 긴밀히 상호협력하기로 하였다""고 말했다.
​문 대통령은 “또한 우리는 4.27 판문점 선언의 조속한 이행을 재확인했다”며 “이를 위해 남북 고위급 회담을 오는 6월 1일 개최하고, 군사적 긴장완화를 위한 군사당국자 회담과 이산가족 상봉을 위한 적십자 회담을 연이어 갖기로 합의하였다”고 말했다.
문 대통령은 “양 정상은 이번 회담이 필요에 따라 신속하고 격식 없이 개최된 것에 큰 의미가 있다고 평가하고, 앞으로도 필요한 경우 언제든지 서로 통신하거나 만나, 격의없이 소통하기로 하였다”고 덧붙였다.
​문 대통령은 “우리는 역사의 물줄기를 바꾸고 있다""며 “평창 올림픽을 평화 올림픽으로 만들었고, 긴장과 대립의 상징이었던 판문점에 평화와 번영의 새로운 길을 내고 있다”고 말했다.
이어 “북한은 스스로 핵실험과 미사일 발사를 중단하고, 풍계리 핵실험장을 폐기하는 결단을 보여주었다”며 “이제 시작이지만, 그 시작은 과거에 있었던 또 하나의 시작이 아니라, 완전히 새로운 시작이 될 것”이라고 했다.
문 대통령은 “산의 정상이 보일 때부터 한 걸음 한 걸음이 더욱 힘들어지듯이 한반도의 완전한 비핵화와 완전한 평화에 이르는 길이 결코 순탄하지 않을 것”이라며 “그러나 저는 대통령으로서 국민이 제게 부여한 모든 권한과 의무를 다해 그 길을 갈 것이고, 반드시 성공할 것이다. 국민 여러분께서도 함께 해주시기 바란다""
문 대통령은 “오랫동안 저는 남북의 대립과 갈등을 극복하기 위한 방법으로 정상 간의 정례적인 만남과 직접 소통을 강조해왔고, 그 뜻은 4.27 판문점 선언에 고스란히 담겨 있다”며 “그런 의미에서 저는 지난 4월의 역사적인 판문점회담 못지않게, 친구 간의 평범한 일상처럼 이루어진 이번 회담에 매우 큰 의미를 부여하고 싶다”고도 했다.","대통령 ""김정은 제안해 2차 정상회담, 6.12 북미회담 개최의지 확인""
文대통령 “남북 고위급 회담, 6월 1일 개최 합의”
문재인 대통령은 27일 김정은 북한 국무위원장 제안으로 2차 남북정상회담을 개최해 6.12 미북정상회담이 성공적으로 이뤄져야 한다는 점을 확인했다고 밝혔다.
문 대통령은 이날 오전 청와대 춘추관에서 기자회견을 열고 “저는 어제 오후, 판문점 북측지역 통일각에서 김정은 국무위원장과 두 번째 남북정상회담을 가졌다”며 “김 위원장은 그제 오후, 일체의 형식 없이 만나고 싶다는 뜻을 전해왔고, 저는 흔쾌히 수락하였다”고 밝혔다.
​문 대통령은 “우리 두 정상은 북미정상회담을 앞두고, 허심탄회한 대화를 나눴다”며 “저는 지난주에 있었던 트럼프 미국 대통령과의 정상회담 결과를 설명하면서, 트럼프 대통령은 김 위원장이 완전한 비핵화를 결단하고 실천할 경우, 북한과의 적대관계 종식과 경제협력에 대한 확고한 의지가 있다는 점을 전달하였다”고 말했다.
​문 대통령은 “특히 김 위원장과 트럼프 대통령 모두 북미정상회담의 성공을 진심으로 바라고 있는 만큼 양측이 직접적인 소통을 통해 오해를 불식시키고, 정상회담에서 합의해야할 의제에 대해 실무협상을 통해 충분한 사전 대화가 필요하다는 점을 강조했다”고 말했다.
문 대통령은 “김 위원장도 이에 동의했다”고 덧붙였다.
문 대통령은 “김정은 위원장은 판문점 선언에 이어 다시 한 번 한반도의 완전한 비핵화 의지를 분명히 했으며, 북미정상회담의 성공을 통해 전쟁과 대립의 역사를 청산하고 평화와 번영을 위해 협력하겠다는 의사를 피력하였다”고 말했다.
​문 대통령은 “우리 두 정상은 6.12 북미정상회담이 성공적으로 이뤄져야 하며, ​한반도의 비핵화와 항구적인 평화체제를 위한 우리의 여정은 결코 중단될 수 없다는 점을 확인하고, 이를 위해 긴밀히 상호협력하기로 하였다""고 말했다.
​문 대통령은 “또한 우리는 4.27 판문점 선언의 조속한 이행을 재확인했다”며 “이를 위해 남북 고위급 회담을 오는 6월 1일 개최하고, 군사적 긴장완화를 위한 군사당국자 회담과 이산가족 상봉을 위한 적십자 회담을 연이어 갖기로 합의하였다”고 말했다.
문 대통령은 “양 정상은 이번 회담이 필요에 따라 신속하고 격식 없이 개최된 것에 큰 의미가 있다고 평가하고, 앞으로도 필요한 경우 언제든지 서로 통신하거나 만나, 격의없이 소통하기로 하였다”고 덧붙였다.
​문 대통령은 “우리는 역사의 물줄기를 바꾸고 있다""며 “평창 올림픽을 평화 올림픽으로 만들었고, 긴장과 대립의 상징이었던 판문점에 평화와 번영의 새로운 길을 내고 있다”고 말했다.
이어 “북한은 스스로 핵실험과 미사일 발사를 중단하고, 풍계리 핵실험장을 폐기하는 결단을 보여주었다”며 “이제 시작이지만, 그 시작은 과거에 있었던 또 하나의 시작이 아니라, 완전히 새로운 시작이 될 것”이라고 했다.
문 대통령은 “산의 정상이 보일 때부터 한 걸음 한 걸음이 더욱 힘들어지듯이 한반도의 완전한 비핵화와 완전한 평화에 이르는 길이 결코 순탄하지 않을 것”이라며 “그러나 저는 대통령으로서 국민이 제게 부여한 모든 권한과 의무를 다해 그 길을 갈 것이고, 반드시 성공할 것이다. 국민 여러분께서도 함께 해주시기 바란다""
문 대통령은 “오랫동안 저는 남북의 대립과 갈등을 극복하기 위한 방법으로 정상 간의 정례적인 만남과 직접 소통을 강조해왔고, 그 뜻은 4.27 판문점 선언에 고스란히 담겨 있다”며 “그런 의미에서 저는 지난 4월의 역사적인 판문점회담 못지않게, 친구 간의 평범한 일상처럼 이루어진 이번 회담에 매우 큰 의미를 부여하고 싶다”고도 했다.",13,1695
iks_20180527_chosun_news_009,Chosun news 2018 May 27 corpus.txt,Chosun Ilbo,조선일보,news,2018-05-27,2018_may_summit,"北, CVID수용? ""미국이 확인한 것 아닌가""","“김정은, 北 비핵화할 경우 미국에서 적대관계 종식하고 체제 안전 보장할 것인지 걱정”
“北 비핵화 의지, 미흡하게 확인했다면 북미회담 실무협상 과정에서 드러날 것”
“북미 정상회담이 성공하면 남북미 삼자 정상회담 통해 종전 선언이 추진되길 바라”","- 4·27 정상회담 이후 한 달 만에 다시 정상회담을 했다. 이번 회담이 이뤄진 구체적인 배경이 궁금하다. 비핵화 협상 국면에서 어제 회담은 어떤 의미인가?
“아시는 바와 같이 4·27 판문점 선언의 후속 이행과 6·12 북미 정상회담의 준비 과정에서 약간의 어려운 사정들이 있었다. 그런 사정들을 불식시키고 북미 정상회담을 성공적으로 이뤄내고 4·27 판문점 선언을 신속하게, 함께 이행하는데 있어 매우 중요한 시점이라고 봤다. 그런 상황에서 북한 김정은 국무위원장이 (정상 간 대화를)요청해 왔고, 또 남북의 실무진이 통화를 통해서 협의하는 것보다 직접 만나서 허심탄회하게 대화 나누는 것이 좋겠다고 판단해서 전격적으로 회담이 이뤄졌다. 그런 사정 때문에 사전에 회담 사실을 우리 언론에 미리 알리지 못해 양해를 구하고 싶다.”
-오늘 발표문을 보니 김정은이 미북 정상회담이 성공적으로 이뤄져야 한다면서 한반도의 완전 비핵화 의지를 피력했다고 했다. 김정은과의 회담이 6·12 미북 정상회담에 어떤 영향을 미칠 것으로 보나. 남은 변수는 무엇인가?
“김정은 위원장은 한반도의 완전한 비핵화의 의지가 확고하다는 것을 어제 다시 한 번 분명하게 피력했다. 김정은 위원장에게 불분명한 것은 비핵화 의지가 아니라, 자신들이 비핵화할 경우에 미국에서 적대관계를 종식하고 체제 안전을 보장하겠다는 것에 대해 신뢰할 수 있는지 대한 걱정이 있다고 한다. 반면 한미 정상회담에서 트럼프 대통령은 북한이 비핵화할 경우 적대관계를 종식할 뿐 아니라 경제적 번영까지도 줄 수 있다는 의사를 분명히 피력했다. 저는 양국간 각자 가진 이런 의지들을 전달하고 직접적인 소통을 통해서 상대방의 의지를 확인할 것을 촉구하고 있는 것이다.
6·12 북미 정상회담이 성공적으로 열릴 것인지 여부는 지금 북미 간 회담 준비를 위한 실무 협상이 곧 시작될 것으로 안다. 그 실무협상에는 의제에 관한 협상도 포함돼 있다. 이 의제에 관한 실무협상이 얼마나 순탄히 잘 마쳐지느냐 따라서 6·12 정상회담 성공 여부가 달려있다. 북미 양국간에 상대가 무엇을 뭔하고 있는지 분명히 인식하는 가운데 회담이 추진되고 있기 때문에 실무 협상도, 6·12 본회담도 잘 될 것이라고 기대하고 있다.”
-김정은의 비핵화 의지가 확고하다고 한 판단의 근거는 무엇인가. 어제 회담에서 그와 관련한 김정은 워딩을 소개해달라. 또 북한이 단계적, 동시적 비핵화 해법을 말해왔는데 그와 관련된 진전된 내용이 있나.
“그것과 관련해 여러차례 설명 드렸고 폼페이오 (미국 국무)장관도 김정은을 직접 만나 확인했다고 말한 바 있다. 그에 대한 추가 설명이 필요하다고 생각하지 않는다. 실제 비핵화에 대해서 뜻이 같다고 하더라도 그것을 어떻게 실현해갈 것인가라는 로드맵은 양국간에 협의가 필요하고 그런 과정이 어려울 수 있다. 그 로드맵은 북미 간 협의할 문제기 때문에 제가 제 생각을 앞질러서 말씀드리는 것은 적절치 않은 것 같다.”
-여러차례 북한이 비핵화 의지 표명했다고 하는데 북한이 CVID를 수용하는지에 대해서는 확인한 적이 없다. 문 대통령이 생각할 때는 북한이 CVID를 수용할 것으로 보나?
“북한 비핵화 의지에 대해선 거듭 말씀드렸기 때문에, 저의 거듭된 답변이 필요한 게 아니라고 생각한다. 북미 간 정상회담을 하려면 그 점에 대한 상대의 의지를 확인한 후에 회담이 가능할 것으로 보는데, 북미간 회담을 하고 실무협상을 한다는 것은 미국에서도 북한의 그런 의지를 확인한 것 아닌가 싶다. 혹시라도 확인 과정에서 미흡한게 있었다면 실무협상 과정에서 분명히 확인하게 될 것으로 본다.”
-트럼프 대통령이 어제 남북 정상회담 만남에 영향을 미쳤는지 궁금하다. 지난 목요일부터 상황이 스펙타클하게 진행됐는데 이 과정에서 트럼프 대통령과 직·간접적으로 소통했나.
“지금 제가 하고 있는 모든 노력은 한편으로 남북관계 개선 시키기 위한 것이기도 하지만 다른 한편으로는 남북관계 개선을 위해 반드시 필요한 북미 정상회담의 성공을 위한 것이다. 북미 정상회담의 성공을 위해 저는 미국, 북한과 긴밀히 소통하고 협의할 것이다. 최근 미국을 방문해 트럼프 대통령과 회담을 가졌고 어제 김정은과 다시 회담을 했다. 어제 김정은과 회담을 통해 논의된 내용들은 아시는 바와 같이 미국 측에 전달했다고 말씀드린다.”
-트럼프 대통령의 의중을 참고하고 김정은을 만났는지 궁금하다. 혹시 전화로 남북미 3자 대화를 하는 것을 생각해봤나.
“뭐.. (웃음) 핫라인 통화는 즉각 전화를 받을 수 있는 통신 회선이 구축돼야 한다. (핫라인은)아시는 바와 같이 남북 간에 최근 개설됐고, 북미 간에도 앞으로 구축될 필요가 있다고 본다. 아마도 그런 남북미 3국간의 핫라인 통화를 개설할 정도까지 가려면 사전에 남북미 3자간 정상회담부터 먼저할 수 있지 않을까 생각한다. 전 그런 기대를 갖는다. 북미 정상회담이 성공할 경우 남북미 3자 정상회담을 통해 종전 선언이 추진됐으면 좋겠다는 기대를 갖고 있다.”
“마지막으로 여러분들이 공통적으로 가진 의문에 대해 한 가지 말씀 드리겠다. 어제 논의한 내용을 어제 바로 발표하지 않고 오늘 발표한 것은, 북한 김정은 국무위원장의 요청에 따른 것이다. 북측은 북측 형편 때문에 오늘 보도할 수 있다면서 우리도 오늘 발표해줬으면 좋겠다고 요청해왔다. 그래서 어제는 회담 사실만 공개했고, 논의한 내용은 오늘 이렇게 제가 따로 이렇게 발표하게 됐다는 점에 대해 양해 말씀 드린다.”","北, CVID수용? ""미국이 확인한 것 아닌가""
“김정은, 北 비핵화할 경우 미국에서 적대관계 종식하고 체제 안전 보장할 것인지 걱정”
“北 비핵화 의지, 미흡하게 확인했다면 북미회담 실무협상 과정에서 드러날 것”
“북미 정상회담이 성공하면 남북미 삼자 정상회담 통해 종전 선언이 추진되길 바라”
- 4·27 정상회담 이후 한 달 만에 다시 정상회담을 했다. 이번 회담이 이뤄진 구체적인 배경이 궁금하다. 비핵화 협상 국면에서 어제 회담은 어떤 의미인가?
“아시는 바와 같이 4·27 판문점 선언의 후속 이행과 6·12 북미 정상회담의 준비 과정에서 약간의 어려운 사정들이 있었다. 그런 사정들을 불식시키고 북미 정상회담을 성공적으로 이뤄내고 4·27 판문점 선언을 신속하게, 함께 이행하는데 있어 매우 중요한 시점이라고 봤다. 그런 상황에서 북한 김정은 국무위원장이 (정상 간 대화를)요청해 왔고, 또 남북의 실무진이 통화를 통해서 협의하는 것보다 직접 만나서 허심탄회하게 대화 나누는 것이 좋겠다고 판단해서 전격적으로 회담이 이뤄졌다. 그런 사정 때문에 사전에 회담 사실을 우리 언론에 미리 알리지 못해 양해를 구하고 싶다.”
-오늘 발표문을 보니 김정은이 미북 정상회담이 성공적으로 이뤄져야 한다면서 한반도의 완전 비핵화 의지를 피력했다고 했다. 김정은과의 회담이 6·12 미북 정상회담에 어떤 영향을 미칠 것으로 보나. 남은 변수는 무엇인가?
“김정은 위원장은 한반도의 완전한 비핵화의 의지가 확고하다는 것을 어제 다시 한 번 분명하게 피력했다. 김정은 위원장에게 불분명한 것은 비핵화 의지가 아니라, 자신들이 비핵화할 경우에 미국에서 적대관계를 종식하고 체제 안전을 보장하겠다는 것에 대해 신뢰할 수 있는지 대한 걱정이 있다고 한다. 반면 한미 정상회담에서 트럼프 대통령은 북한이 비핵화할 경우 적대관계를 종식할 뿐 아니라 경제적 번영까지도 줄 수 있다는 의사를 분명히 피력했다. 저는 양국간 각자 가진 이런 의지들을 전달하고 직접적인 소통을 통해서 상대방의 의지를 확인할 것을 촉구하고 있는 것이다.
6·12 북미 정상회담이 성공적으로 열릴 것인지 여부는 지금 북미 간 회담 준비를 위한 실무 협상이 곧 시작될 것으로 안다. 그 실무협상에는 의제에 관한 협상도 포함돼 있다. 이 의제에 관한 실무협상이 얼마나 순탄히 잘 마쳐지느냐 따라서 6·12 정상회담 성공 여부가 달려있다. 북미 양국간에 상대가 무엇을 뭔하고 있는지 분명히 인식하는 가운데 회담이 추진되고 있기 때문에 실무 협상도, 6·12 본회담도 잘 될 것이라고 기대하고 있다.”
-김정은의 비핵화 의지가 확고하다고 한 판단의 근거는 무엇인가. 어제 회담에서 그와 관련한 김정은 워딩을 소개해달라. 또 북한이 단계적, 동시적 비핵화 해법을 말해왔는데 그와 관련된 진전된 내용이 있나.
“그것과 관련해 여러차례 설명 드렸고 폼페이오 (미국 국무)장관도 김정은을 직접 만나 확인했다고 말한 바 있다. 그에 대한 추가 설명이 필요하다고 생각하지 않는다. 실제 비핵화에 대해서 뜻이 같다고 하더라도 그것을 어떻게 실현해갈 것인가라는 로드맵은 양국간에 협의가 필요하고 그런 과정이 어려울 수 있다. 그 로드맵은 북미 간 협의할 문제기 때문에 제가 제 생각을 앞질러서 말씀드리는 것은 적절치 않은 것 같다.”
-여러차례 북한이 비핵화 의지 표명했다고 하는데 북한이 CVID를 수용하는지에 대해서는 확인한 적이 없다. 문 대통령이 생각할 때는 북한이 CVID를 수용할 것으로 보나?
“북한 비핵화 의지에 대해선 거듭 말씀드렸기 때문에, 저의 거듭된 답변이 필요한 게 아니라고 생각한다. 북미 간 정상회담을 하려면 그 점에 대한 상대의 의지를 확인한 후에 회담이 가능할 것으로 보는데, 북미간 회담을 하고 실무협상을 한다는 것은 미국에서도 북한의 그런 의지를 확인한 것 아닌가 싶다. 혹시라도 확인 과정에서 미흡한게 있었다면 실무협상 과정에서 분명히 확인하게 될 것으로 본다.”
-트럼프 대통령이 어제 남북 정상회담 만남에 영향을 미쳤는지 궁금하다. 지난 목요일부터 상황이 스펙타클하게 진행됐는데 이 과정에서 트럼프 대통령과 직·간접적으로 소통했나.
“지금 제가 하고 있는 모든 노력은 한편으로 남북관계 개선 시키기 위한 것이기도 하지만 다른 한편으로는 남북관계 개선을 위해 반드시 필요한 북미 정상회담의 성공을 위한 것이다. 북미 정상회담의 성공을 위해 저는 미국, 북한과 긴밀히 소통하고 협의할 것이다. 최근 미국을 방문해 트럼프 대통령과 회담을 가졌고 어제 김정은과 다시 회담을 했다. 어제 김정은과 회담을 통해 논의된 내용들은 아시는 바와 같이 미국 측에 전달했다고 말씀드린다.”
-트럼프 대통령의 의중을 참고하고 김정은을 만났는지 궁금하다. 혹시 전화로 남북미 3자 대화를 하는 것을 생각해봤나.
“뭐.. (웃음) 핫라인 통화는 즉각 전화를 받을 수 있는 통신 회선이 구축돼야 한다. (핫라인은)아시는 바와 같이 남북 간에 최근 개설됐고, 북미 간에도 앞으로 구축될 필요가 있다고 본다. 아마도 그런 남북미 3국간의 핫라인 통화를 개설할 정도까지 가려면 사전에 남북미 3자간 정상회담부터 먼저할 수 있지 않을까 생각한다. 전 그런 기대를 갖는다. 북미 정상회담이 성공할 경우 남북미 3자 정상회담을 통해 종전 선언이 추진됐으면 좋겠다는 기대를 갖고 있다.”
“마지막으로 여러분들이 공통적으로 가진 의문에 대해 한 가지 말씀 드리겠다. 어제 논의한 내용을 어제 바로 발표하지 않고 오늘 발표한 것은, 북한 김정은 국무위원장의 요청에 따른 것이다. 북측은 북측 형편 때문에 오늘 보도할 수 있다면서 우리도 오늘 발표해줬으면 좋겠다고 요청해왔다. 그래서 어제는 회담 사실만 공개했고, 논의한 내용은 오늘 이렇게 제가 따로 이렇게 발표하게 됐다는 점에 대해 양해 말씀 드린다.”",14,2653
iks_20180527_chosun_news_010,Chosun news 2018 May 27 corpus.txt,Chosun Ilbo,조선일보,news,2018-05-27,2018_may_summit,"靑 “트럼프, 대규모 美北경협 의사 밝혀...사례도 들어""",“한미정상통화에서 수차례 밝혀...몇가지 예시 들었지만 현단계 발표 부적절”,"청와대는 27일 한미정상통화에서 도널드 트럼프 미국 대통령이 여러차례 대규모 대북경협 의사를 밝혔다고 전했다.
청와대 고위관계자는 이날 오전 춘추관에서 기자들과 만나 ‘미국측이 비핵화시 대북경제지원 의사를 우리 정부에게 전했냐’는 물음에 대해 “한미 정상간에는 지난 22일 회담도 있었지만, 앞으로도 계속 (소통이) 있을 것으로 기대하는데 전화통화를 수시로 한다""며 “그 과정에서 이번 북미 정상회담이 성공하게 되면 미국은 북한과 경제협력을 대규모로 할 의사를 갖고 있다고 몇 번 말했다”고 밝혔다.
이어 “예도 몇가지 들었지만 현 단계 발표하는 것은 적절하지 않다”고 덧붙였다.
이 관계자는 문 대통령이 여러차례 강조한 남북미 3자 정상회담 가능성 및 북한과 미국측 입장에 대해서는 “3자 정상회담을 어떻게, 언제 개최하느냐는 구체적 내용에 대해서는 아직 합의된 것이 없고 계속 실무차원에서 가능성 검토만 진행되고 있다”고 말했다.
그는 “남북간에 실무차원에서 북미회담의 성공을 위해서는 북한이 갖고 있는 안보 측면의 우려를 해소해줄 수 있는 방안도 여러가지를 검토하고 있다”며 “예를 들면, 상호 불가침 약속을 다시 한다든지, 현 정전협정을 평화협정으로 전환하는 협상을 개시한다든지, 3국간 종전선언을 한다든지다. 이 문제는 4.27 판문점 선언에도 포함됐다. 이런 방안에 대한 검토가 필요하다는 측면에서 협의를 진행하고 있다""고 말했다.
이어 “제가 말한 여러가지 방안도 북한의 비핵화 추진 방안에 관한 북미간의 합의가 이뤄지고 그 합의를 북한이 어느정도 실질적으로 이행한 다음 검토하는 것""이라고 했다.
그는 남북정상회담 준비과정에 대해서는 “남북은 여러가지 소통경로를 유지하고 있다. 그 중 하나가 서훈 국가정보원장과 김영철 북한 통일전선부장 겸 당 부위원장""이라며 “그제 최근에 북미정상회담을 준비하고 남북관계를 앞으로 어떻게 발전시켜나가야 하는지에 대한 4.27 판문점회담 후속조치 방안 협의가 있었고, 그 과정에서 북측에서 김정은 위원장의 구상이라고 하면서 이런 격의없는 소통을 한 번 갖는 방안을 제시해왔다”고 말했다.
이어 “우리가 두 사람의 접촉 이후 관련 장관들과의 협의를 통해서 대통령께 건의드렸고, 대통령이 그것을 승락해 주셔서 25일 밤부터 26일 오전까지 실무적 준비를 갖고 26일 오후 정상회담이 개최됐다""고 설명했다.
그는 핵무기 반출과 ‘일괄 타결’ 방식 등 구체적 비핵화 방법론에 대한 김정은 북한 국무위원장의 입장이 뭐냐는 물음에 대해서는 즉답을 피했다. 다만 “지금 진행되는 과정은 한반도의 완전한 비핵화를 통한 항구적 평화정착이라는 엄청난 목표를 향해 가는 과정”이라며 “세계사적 전쟁과 평화에 관한 인류의 역사를 새로 쓰는 엄청난 변화가 일어나기 때문에 쉽게 이뤄질 수 없다""고 말했다. 이어 “압축된 시간에 이뤄져야해 그 목표 달성과정에서 다소 어려움이 있을 것으로 보이지만, 우리 정부는 북미 정상회담이 예정대로 개최될 것으로 믿고, 그 회담에서 반드시 좋은 성과가 날 것으로 기대한다”고 했다.
그는 김계관, 최선희 북한 외무성 부상의 담화 이후 미국측이 불만을 표시한 것과 관련 지난 26일 남북정상회담에서 김정은의 배경 설명이 있었냐는 물음에 대해서는 “정상간 논의 내용을 다 밝힐 수 없다는 점을 양해해 달라”며 “어제 회동에서는 남북관계 발전방안과 북미 정상회담을 어떻게 성공적으로 개최할까에 대한 양 정상간 허심탄회한 논의가 있었다""고 했다.
한편 또다른 청와대 고위관계자는 2차 남북정상회담에서 한미연합훈련에 대한 이야기는 없었나라는 물음에 대해 “정상간 이야기를 다 전할 수 없다""고 했다.","靑 “트럼프, 대규모 美北경협 의사 밝혀...사례도 들어""
“한미정상통화에서 수차례 밝혀...몇가지 예시 들었지만 현단계 발표 부적절”
청와대는 27일 한미정상통화에서 도널드 트럼프 미국 대통령이 여러차례 대규모 대북경협 의사를 밝혔다고 전했다.
청와대 고위관계자는 이날 오전 춘추관에서 기자들과 만나 ‘미국측이 비핵화시 대북경제지원 의사를 우리 정부에게 전했냐’는 물음에 대해 “한미 정상간에는 지난 22일 회담도 있었지만, 앞으로도 계속 (소통이) 있을 것으로 기대하는데 전화통화를 수시로 한다""며 “그 과정에서 이번 북미 정상회담이 성공하게 되면 미국은 북한과 경제협력을 대규모로 할 의사를 갖고 있다고 몇 번 말했다”고 밝혔다.
이어 “예도 몇가지 들었지만 현 단계 발표하는 것은 적절하지 않다”고 덧붙였다.
이 관계자는 문 대통령이 여러차례 강조한 남북미 3자 정상회담 가능성 및 북한과 미국측 입장에 대해서는 “3자 정상회담을 어떻게, 언제 개최하느냐는 구체적 내용에 대해서는 아직 합의된 것이 없고 계속 실무차원에서 가능성 검토만 진행되고 있다”고 말했다.
그는 “남북간에 실무차원에서 북미회담의 성공을 위해서는 북한이 갖고 있는 안보 측면의 우려를 해소해줄 수 있는 방안도 여러가지를 검토하고 있다”며 “예를 들면, 상호 불가침 약속을 다시 한다든지, 현 정전협정을 평화협정으로 전환하는 협상을 개시한다든지, 3국간 종전선언을 한다든지다. 이 문제는 4.27 판문점 선언에도 포함됐다. 이런 방안에 대한 검토가 필요하다는 측면에서 협의를 진행하고 있다""고 말했다.
이어 “제가 말한 여러가지 방안도 북한의 비핵화 추진 방안에 관한 북미간의 합의가 이뤄지고 그 합의를 북한이 어느정도 실질적으로 이행한 다음 검토하는 것""이라고 했다.
그는 남북정상회담 준비과정에 대해서는 “남북은 여러가지 소통경로를 유지하고 있다. 그 중 하나가 서훈 국가정보원장과 김영철 북한 통일전선부장 겸 당 부위원장""이라며 “그제 최근에 북미정상회담을 준비하고 남북관계를 앞으로 어떻게 발전시켜나가야 하는지에 대한 4.27 판문점회담 후속조치 방안 협의가 있었고, 그 과정에서 북측에서 김정은 위원장의 구상이라고 하면서 이런 격의없는 소통을 한 번 갖는 방안을 제시해왔다”고 말했다.
이어 “우리가 두 사람의 접촉 이후 관련 장관들과의 협의를 통해서 대통령께 건의드렸고, 대통령이 그것을 승락해 주셔서 25일 밤부터 26일 오전까지 실무적 준비를 갖고 26일 오후 정상회담이 개최됐다""고 설명했다.
그는 핵무기 반출과 ‘일괄 타결’ 방식 등 구체적 비핵화 방법론에 대한 김정은 북한 국무위원장의 입장이 뭐냐는 물음에 대해서는 즉답을 피했다. 다만 “지금 진행되는 과정은 한반도의 완전한 비핵화를 통한 항구적 평화정착이라는 엄청난 목표를 향해 가는 과정”이라며 “세계사적 전쟁과 평화에 관한 인류의 역사를 새로 쓰는 엄청난 변화가 일어나기 때문에 쉽게 이뤄질 수 없다""고 말했다. 이어 “압축된 시간에 이뤄져야해 그 목표 달성과정에서 다소 어려움이 있을 것으로 보이지만, 우리 정부는 북미 정상회담이 예정대로 개최될 것으로 믿고, 그 회담에서 반드시 좋은 성과가 날 것으로 기대한다”고 했다.
그는 김계관, 최선희 북한 외무성 부상의 담화 이후 미국측이 불만을 표시한 것과 관련 지난 26일 남북정상회담에서 김정은의 배경 설명이 있었냐는 물음에 대해서는 “정상간 논의 내용을 다 밝힐 수 없다는 점을 양해해 달라”며 “어제 회동에서는 남북관계 발전방안과 북미 정상회담을 어떻게 성공적으로 개최할까에 대한 양 정상간 허심탄회한 논의가 있었다""고 했다.
한편 또다른 청와대 고위관계자는 2차 남북정상회담에서 한미연합훈련에 대한 이야기는 없었나라는 물음에 대해 “정상간 이야기를 다 전할 수 없다""고 했다.",11,1764
iks_20180527_chosun_news_011,Chosun news 2018 May 27 corpus.txt,Chosun Ilbo,조선일보,news,2018-05-27,2018_may_summit,"靑 ""정의용-볼턴 긴밀 정보 공유"" ...외교안보 수장 불통 우려에 반론",‘2차 남북정상회담 사전공유?’ 질문에 “미국과는 언제든 상세하게 공유”,"청와대는 27일 제2차 남북정상회담 관련 사실을 미국측과 상세하게 공유하고 있고 한미 양국간 안보수장 소통채널이 건재하다고 밝혔다.
청와대 고위관계자는 이날 오전 문재인 대통령의 기자회견이 끝난 뒤 춘추관에서 기자들과 만나 제2차 남북정상회담 사실을 미국과 공유했냐는 질문을 받고 “미국하고는 가장 가까운 동맹관계로서 특히 최근에 남북간의 문제, 6.12 북미정상회담 준비를 앞두고 긴밀하게 관련 정보를 언제든지 상세하게 공유하고 있다”고 답했다.
이 관계자는 도널드 트럼프 미국 대통령의 ‘미북 정상회담 취소’ 편지 공개 전 우리 정부가 미국측으로부터 사전통보 받지 못한 것에 대해서는 “트럼프 대통령의 서한 발표 시점이 미국으로서는 이른 아침이고 우리는 아주 늦은 시간으로 소통에 약간 시차가 있었던 것은 사실이지만, 한미간에는 긴밀하게 소통하고 있다”고 말했다.
이어 “양국 NSC간에는 전에 맥마스터 보좌관이 있을 때와 마찬가지로 존 볼턴 보좌관이 취임한 이후에도 거의 매일 소통하고 있다”며 “한미간 소통 과정이나 내용을 우리가 그때그때 다 소상하게 밝힐 수 없는 것이 현실”이라고 말했다.
그는 미국측이 비핵화시 대북경제지원 의사를 우리 정부에게 전했냐는 물음에 대해서는 “한미 정상간에는 지난 22일 회담도 있었지만, 앞으로도 계속 (소통이) 있을 것으로 기대하는데 전화통화를 수시로 한다""며 “그 과정에서 이번 북미 정상회담이 성공하게 되면 미국은 북한과 경제협력을 대규모로 할 의사를 갖고 있다고 몇 번 말했다”고 밝혔다. 이어 “예도 몇가지 들었지만 현 단계 발표하는 것은 적절하지 않다”고 덧붙였다.
이 관계자는 문 대통령이 여러차례 강조한 남북미 3자 정상회담 가능성 및 북한과 미국측 입장에 대해서는 “3자 정상회담을 어떻게, 언제 개최하느냐는 구체적 내용에 대해서는 아직 합의된 것이 없고 계속 실무차원에서 가능성 검토만 진행되고 있다”고 말했다.","靑 ""정의용-볼턴 긴밀 정보 공유"" ...외교안보 수장 불통 우려에 반론
‘2차 남북정상회담 사전공유?’ 질문에 “미국과는 언제든 상세하게 공유”
청와대는 27일 제2차 남북정상회담 관련 사실을 미국측과 상세하게 공유하고 있고 한미 양국간 안보수장 소통채널이 건재하다고 밝혔다.
청와대 고위관계자는 이날 오전 문재인 대통령의 기자회견이 끝난 뒤 춘추관에서 기자들과 만나 제2차 남북정상회담 사실을 미국과 공유했냐는 질문을 받고 “미국하고는 가장 가까운 동맹관계로서 특히 최근에 남북간의 문제, 6.12 북미정상회담 준비를 앞두고 긴밀하게 관련 정보를 언제든지 상세하게 공유하고 있다”고 답했다.
이 관계자는 도널드 트럼프 미국 대통령의 ‘미북 정상회담 취소’ 편지 공개 전 우리 정부가 미국측으로부터 사전통보 받지 못한 것에 대해서는 “트럼프 대통령의 서한 발표 시점이 미국으로서는 이른 아침이고 우리는 아주 늦은 시간으로 소통에 약간 시차가 있었던 것은 사실이지만, 한미간에는 긴밀하게 소통하고 있다”고 말했다.
이어 “양국 NSC간에는 전에 맥마스터 보좌관이 있을 때와 마찬가지로 존 볼턴 보좌관이 취임한 이후에도 거의 매일 소통하고 있다”며 “한미간 소통 과정이나 내용을 우리가 그때그때 다 소상하게 밝힐 수 없는 것이 현실”이라고 말했다.
그는 미국측이 비핵화시 대북경제지원 의사를 우리 정부에게 전했냐는 물음에 대해서는 “한미 정상간에는 지난 22일 회담도 있었지만, 앞으로도 계속 (소통이) 있을 것으로 기대하는데 전화통화를 수시로 한다""며 “그 과정에서 이번 북미 정상회담이 성공하게 되면 미국은 북한과 경제협력을 대규모로 할 의사를 갖고 있다고 몇 번 말했다”고 밝혔다. 이어 “예도 몇가지 들었지만 현 단계 발표하는 것은 적절하지 않다”고 덧붙였다.
이 관계자는 문 대통령이 여러차례 강조한 남북미 3자 정상회담 가능성 및 북한과 미국측 입장에 대해서는 “3자 정상회담을 어떻게, 언제 개최하느냐는 구체적 내용에 대해서는 아직 합의된 것이 없고 계속 실무차원에서 가능성 검토만 진행되고 있다”고 말했다.",6,936
iks_20180527_chosun_news_012,Chosun news 2018 May 27 corpus.txt,Chosun Ilbo,조선일보,news,2018-05-27,2018_may_summit,'北 김영철이 서훈 통해 연락' ... 2차 정상회담 어떻게 성사됐나,,"26일 판문점 북측지역 통일각에서 전격적으로 성사된 2차 남북정상회담은 서훈 국가정보원장과 김영철 북한 노동당 부위원장 겸 통일전선부장 간의 연락 채널을 통해 제안이 들어와 성사된 것으로 확인됐다.
문재인 대통령은 27일 청와대 춘추관에서 가진 기자회견에서 “김정은 국무위원장이 그제(25일) 오후, 일체의 형식 없이 만나고 싶다는 뜻을 전해왔다”면서 “저는 흔쾌히 수락했다”고 밝혔다.
청와대 고위 관계자에 따르면 북측은 ‘서훈-김영철’ 채널을 통해 2차 정상회담을 제안했다. 이 고위 관계자는 “그제(25일) 북미 정상회담 준비 과정과 향후 남북 관계를 어떻게 발전시켜 나갈지에 대한 후속조치 방안 협의가 있었다”며 “그 과정에서 북측(김영철)이 김정은 위원장의 구상이라고 하면서 격의 없는 소통을 갖는 방안을 제시해왔다”고 말했다.
남북 정상은 소통 방식으로 ‘핫라인 통화’보다 ‘대면 대화’가 효과적이라고 판단했다. 문 대통령은 이날 기자회견에서 관련 질문에 “남북의 실무진이 통화를 통해서 협의하는 것보다 직접 만나서 허심탄회하게 대화 나누는 것이 좋겠다고 판단해서 전격 회담이 이뤄졌다”고 말했다.
청와대 고위 관계자도 “서훈-김영철의 접촉 이후 외교안보 관련 장관들이 협의한 뒤 대통령에게 (2차 정상회담을)건의했다”며 “문 대통령이 승락한 뒤, 25일 밤부터 26일 오전까지 실무적 준비를 해 26일 오후 정상회담이 개최됐다”고 설명했다.
올 초부터 시작된 한반도 해빙 무드의 주역인 ‘서훈-김영철’ 라인은 2차 남북정상회담을 성사시키면서 다시 주목받게 됐다.
두 사람은 국정원과 통전부 간에 설치된 핫라인으로 물밑 접촉을 하며 북한의 평창 동계올림픽 참가와 북측 고위급대표단 및 남측 특별사절 대표단의 방문 등을 성사시켰다.
특히 서 원장은 중앙정보국(CIA) 국장이었던 마이크 폼페이오 미 국무장관과의 친분을 바탕으로 국정원-CIA-통전부의 삼각채널을 구축해 현재의 미북 관계를 만드는데 기여했다는 평가를 받고 있다.","'北 김영철이 서훈 통해 연락' ... 2차 정상회담 어떻게 성사됐나
26일 판문점 북측지역 통일각에서 전격적으로 성사된 2차 남북정상회담은 서훈 국가정보원장과 김영철 북한 노동당 부위원장 겸 통일전선부장 간의 연락 채널을 통해 제안이 들어와 성사된 것으로 확인됐다.
문재인 대통령은 27일 청와대 춘추관에서 가진 기자회견에서 “김정은 국무위원장이 그제(25일) 오후, 일체의 형식 없이 만나고 싶다는 뜻을 전해왔다”면서 “저는 흔쾌히 수락했다”고 밝혔다.
청와대 고위 관계자에 따르면 북측은 ‘서훈-김영철’ 채널을 통해 2차 정상회담을 제안했다. 이 고위 관계자는 “그제(25일) 북미 정상회담 준비 과정과 향후 남북 관계를 어떻게 발전시켜 나갈지에 대한 후속조치 방안 협의가 있었다”며 “그 과정에서 북측(김영철)이 김정은 위원장의 구상이라고 하면서 격의 없는 소통을 갖는 방안을 제시해왔다”고 말했다.
남북 정상은 소통 방식으로 ‘핫라인 통화’보다 ‘대면 대화’가 효과적이라고 판단했다. 문 대통령은 이날 기자회견에서 관련 질문에 “남북의 실무진이 통화를 통해서 협의하는 것보다 직접 만나서 허심탄회하게 대화 나누는 것이 좋겠다고 판단해서 전격 회담이 이뤄졌다”고 말했다.
청와대 고위 관계자도 “서훈-김영철의 접촉 이후 외교안보 관련 장관들이 협의한 뒤 대통령에게 (2차 정상회담을)건의했다”며 “문 대통령이 승락한 뒤, 25일 밤부터 26일 오전까지 실무적 준비를 해 26일 오후 정상회담이 개최됐다”고 설명했다.
올 초부터 시작된 한반도 해빙 무드의 주역인 ‘서훈-김영철’ 라인은 2차 남북정상회담을 성사시키면서 다시 주목받게 됐다.
두 사람은 국정원과 통전부 간에 설치된 핫라인으로 물밑 접촉을 하며 북한의 평창 동계올림픽 참가와 북측 고위급대표단 및 남측 특별사절 대표단의 방문 등을 성사시켰다.
특히 서 원장은 중앙정보국(CIA) 국장이었던 마이크 폼페이오 미 국무장관과의 친분을 바탕으로 국정원-CIA-통전부의 삼각채널을 구축해 현재의 미북 관계를 만드는데 기여했다는 평가를 받고 있다.",8,971
iks_20180527_chosun_news_013,Chosun news 2018 May 27 corpus.txt,Chosun Ilbo,조선일보,news,2018-05-27,2018_may_summit,"김정은, 문대통령 격한 '포옹'...'깜짝 남북정상회담' 사진보니",,"26일 남북한 정상간 2차 정상회담은 ‘깜짝쇼’라는 수식으로는 부족할 만큼 전격적인 것이었다. 문재인 대통령은 27일 청와대에서 기자회견을 갖고 “25일 오후 북한측이 요청, 26일 2차 남북 정상회담을 가졌다”고 했다. 지난달 27일 남측지역 평화의집에서 열린 1차정상회담 후 30일 만이다.
트럼프 대통령은 지난 24일 밤 10시30분(한국시각)김정은 국무위원장에게 보내는 ‘정상회담 취소’ 편지를 언론에 공개하고, 25일 자정 백악관에서 “6월12일 미북 정상회담을 갖는 것이 부적절하다고 생각한다”고 밝혔다. 사태가 급박하게 돌아가자 북한이 25일 오후 한국 측에 ‘SOS’를 친 것으로 보인다. 이날 회담에는 우리측 서훈 국가정보원장과 북측 김영철 노동당 부위원장이 배석했다. 2차정상회담은 국내외 언론을 배제한 가운데 철저히 비밀리에 열려 과정을 정확히 알 수 없는 상태다.
북한의 요청으로 26일 오후 3시부터 5시까지 판문점 북측지역 통일각에서 열린 2차 남북정상회담의 주요 장면을 사진으로 정리했다. 사진은 정부가 공개한 것들이다.
◇26일 오후 문재인 대통령이 탑승한 차량이 판문점 북측지역 통일각으로 들어서고 있다.
◇김여정 북한 노동당 중앙위원회 제1부부장이 2차 남북정상회담 장소인 판문점 북측지역 통일각 앞에서 문재인 대통령을 기다리고 있다.
◇문재인 대통령이 판문점 북측지역 통일각 앞에서 영접을 나온 김여정 부부장과 인사를 나누고 있다.
◇문재인 대통령이 입구에 도열한 북한 장병들 사이를 지나 회담 장소인 통일각으로 들어서고 있다.
◇문재인 대통령과 김정은 북한 국무위원장이 회담 장소인 통일각 로비에서 악수를 하고 있다.
◇문재인 대통령과 인사를 마친 김정은 위원장이 문 대통령을 안내하고 있다.
◇문재인 대통령이 2차 남북정상회담에 앞서 방명록을 작성하고 있다. 문 대통령은 방명록에 “한반도의 평화와 번영, 조선민주주의인민공화국 김정은 위원장과 함께! 2018. 5. 26 대한민국 대통령 문재인”이라고 적었다.
◇문재인 대통령이 방명록을 작성하고 김정은 위원장과 재차 악수하는 모습.
◇문재인 대통령이 방명록을 작성한 뒤 김정은 위원장의 안내를 받아 회담장으로 이동하고 있다.
◇문재인 대통령과 김정은 위원장이 2차 남북정상회담을 했다. 이날 회담에는 우리측 서훈 국가정보원장과 북측 김영철 노동당 부위원장이 배석했다.
◇문재인 대통령이 2차 남북정상회담에서 모두발언을 하고 있다.","김정은, 문대통령 격한 '포옹'...'깜짝 남북정상회담' 사진보니
26일 남북한 정상간 2차 정상회담은 ‘깜짝쇼’라는 수식으로는 부족할 만큼 전격적인 것이었다. 문재인 대통령은 27일 청와대에서 기자회견을 갖고 “25일 오후 북한측이 요청, 26일 2차 남북 정상회담을 가졌다”고 했다. 지난달 27일 남측지역 평화의집에서 열린 1차정상회담 후 30일 만이다.
트럼프 대통령은 지난 24일 밤 10시30분(한국시각)김정은 국무위원장에게 보내는 ‘정상회담 취소’ 편지를 언론에 공개하고, 25일 자정 백악관에서 “6월12일 미북 정상회담을 갖는 것이 부적절하다고 생각한다”고 밝혔다. 사태가 급박하게 돌아가자 북한이 25일 오후 한국 측에 ‘SOS’를 친 것으로 보인다. 이날 회담에는 우리측 서훈 국가정보원장과 북측 김영철 노동당 부위원장이 배석했다. 2차정상회담은 국내외 언론을 배제한 가운데 철저히 비밀리에 열려 과정을 정확히 알 수 없는 상태다.
북한의 요청으로 26일 오후 3시부터 5시까지 판문점 북측지역 통일각에서 열린 2차 남북정상회담의 주요 장면을 사진으로 정리했다. 사진은 정부가 공개한 것들이다.
◇26일 오후 문재인 대통령이 탑승한 차량이 판문점 북측지역 통일각으로 들어서고 있다.
◇김여정 북한 노동당 중앙위원회 제1부부장이 2차 남북정상회담 장소인 판문점 북측지역 통일각 앞에서 문재인 대통령을 기다리고 있다.
◇문재인 대통령이 판문점 북측지역 통일각 앞에서 영접을 나온 김여정 부부장과 인사를 나누고 있다.
◇문재인 대통령이 입구에 도열한 북한 장병들 사이를 지나 회담 장소인 통일각으로 들어서고 있다.
◇문재인 대통령과 김정은 북한 국무위원장이 회담 장소인 통일각 로비에서 악수를 하고 있다.
◇문재인 대통령과 인사를 마친 김정은 위원장이 문 대통령을 안내하고 있다.
◇문재인 대통령이 2차 남북정상회담에 앞서 방명록을 작성하고 있다. 문 대통령은 방명록에 “한반도의 평화와 번영, 조선민주주의인민공화국 김정은 위원장과 함께! 2018. 5. 26 대한민국 대통령 문재인”이라고 적었다.
◇문재인 대통령이 방명록을 작성하고 김정은 위원장과 재차 악수하는 모습.
◇문재인 대통령이 방명록을 작성한 뒤 김정은 위원장의 안내를 받아 회담장으로 이동하고 있다.
◇문재인 대통령과 김정은 위원장이 2차 남북정상회담을 했다. 이날 회담에는 우리측 서훈 국가정보원장과 북측 김영철 노동당 부위원장이 배석했다.
◇문재인 대통령이 2차 남북정상회담에서 모두발언을 하고 있다.",14,1186
iks_20180527_chosun_news_014,Chosun news 2018 May 27 corpus.txt,Chosun Ilbo,조선일보,news,2018-05-27,2018_may_summit,북한 비핵화 의지 재확인했다지만…CVID 답변 안한 文 대통령,,"문재인 대통령은 27일 “김정은 북한 국무위원장은 한반도 비핵화 의지가 확고하다는 것을 어제 다시 한번 분명하게 피력했다”고 했다. 문 대통령은 이날 오전 청와대 춘추관에서 전날 김정은과의 남북정상회담 결과를 발표하면서 이같이 밝혔다.
하지만 문 대통령은 이날 구체적인 북한의 비핵화 의지가 무엇인지에 대해서는 설명하지 않았다.
문 대통령은 ‘북한이 남북정상회담에서 CVID(완전하고 검증 가능하며 불가역적인 비핵화)를 수용했느냐’는 질문에 대해 “북미 간 실무협상을 한다는 것은 미국에서 북한의 그런 의지를 확인한 것”이라며 “혹시라도 확인 과정에서 미흡한 게 있었다면 실무협상 과정에서 분명히 확인하게 될 것으로 본다”고 했다.
북한 비핵화의 로드맵에 대해서도 “양국(북미) 간에 협의가 필요하고 그런 과정이 어려울 수 있다”며 “그 로드맵은 북미 간 협의할 문제이기 때문에 제가 제 생각을 말하는 것은 적절하지 않다”고 했다. 북한의 비핵화 의지를 확인했다고 했지만, 구체적으로 어떤 의지를 확인했는지 대답하지 않은 것이다.
이에 대해 정부관계자는 “현재 북한 비핵화 문제는 실질적으로 미북 간에 해결해야 하며 우리가 할 수 있는 일은 양국을 협상 테이블에 앉히는 중재자 역할”이라며 “우리가 양국 간에 오고가는 협상 얘기를 선제적으로 하는 건 외교적으로도 맞지 않는다”고 했다.
하지만 문 대통령이 구체적 답변을 피하자 외교가 안팎에서는 “또다시 미북 간의 비핵화 관련 입장 차만 확인한 게 아니냐”는 지적이 나왔다. 한 국책연구소 관계자는 “이번에 미북정상회담 성사가 롤러코스터를 탄 것은 결국 미국이 주장하는 CVID를 북한이 받아들이지 못했기 때문”이라며 “또 북한은 장기간의 단계적 비핵화, 미국은 단기간 비핵화를 주장하는 로드맵의 문제이기도 했는데 어제 남북정상회담에서 결국 양국의 입장차만 확인한 게 아니냐는 의구심이 든다”고 했다. 남주홍 경기대 교수는 “우리는 북한 비핵화의 당사자이자 최대 피해자”라며 “북한에 CVID 약속을 확실히 받아야 하는데 마치 남의 일처럼 이야기하면 안 된다”고 했다.
이에 대해 청와대 관계자는 “북한은 비핵화 자체가 아닌, 비핵화 이후 체제 보장에 대한 불안감이 컸던 것 같고, 이번 정상회담에서 그 점을 확인했다”며 “이와 같은 불안감을 해결하면 북한 비핵화도 가능할 것으로 본다”고 했다.","북한 비핵화 의지 재확인했다지만…CVID 답변 안한 文 대통령
문재인 대통령은 27일 “김정은 북한 국무위원장은 한반도 비핵화 의지가 확고하다는 것을 어제 다시 한번 분명하게 피력했다”고 했다. 문 대통령은 이날 오전 청와대 춘추관에서 전날 김정은과의 남북정상회담 결과를 발표하면서 이같이 밝혔다.
하지만 문 대통령은 이날 구체적인 북한의 비핵화 의지가 무엇인지에 대해서는 설명하지 않았다.
문 대통령은 ‘북한이 남북정상회담에서 CVID(완전하고 검증 가능하며 불가역적인 비핵화)를 수용했느냐’는 질문에 대해 “북미 간 실무협상을 한다는 것은 미국에서 북한의 그런 의지를 확인한 것”이라며 “혹시라도 확인 과정에서 미흡한 게 있었다면 실무협상 과정에서 분명히 확인하게 될 것으로 본다”고 했다.
북한 비핵화의 로드맵에 대해서도 “양국(북미) 간에 협의가 필요하고 그런 과정이 어려울 수 있다”며 “그 로드맵은 북미 간 협의할 문제이기 때문에 제가 제 생각을 말하는 것은 적절하지 않다”고 했다. 북한의 비핵화 의지를 확인했다고 했지만, 구체적으로 어떤 의지를 확인했는지 대답하지 않은 것이다.
이에 대해 정부관계자는 “현재 북한 비핵화 문제는 실질적으로 미북 간에 해결해야 하며 우리가 할 수 있는 일은 양국을 협상 테이블에 앉히는 중재자 역할”이라며 “우리가 양국 간에 오고가는 협상 얘기를 선제적으로 하는 건 외교적으로도 맞지 않는다”고 했다.
하지만 문 대통령이 구체적 답변을 피하자 외교가 안팎에서는 “또다시 미북 간의 비핵화 관련 입장 차만 확인한 게 아니냐”는 지적이 나왔다. 한 국책연구소 관계자는 “이번에 미북정상회담 성사가 롤러코스터를 탄 것은 결국 미국이 주장하는 CVID를 북한이 받아들이지 못했기 때문”이라며 “또 북한은 장기간의 단계적 비핵화, 미국은 단기간 비핵화를 주장하는 로드맵의 문제이기도 했는데 어제 남북정상회담에서 결국 양국의 입장차만 확인한 게 아니냐는 의구심이 든다”고 했다. 남주홍 경기대 교수는 “우리는 북한 비핵화의 당사자이자 최대 피해자”라며 “북한에 CVID 약속을 확실히 받아야 하는데 마치 남의 일처럼 이야기하면 안 된다”고 했다.
이에 대해 청와대 관계자는 “북한은 비핵화 자체가 아닌, 비핵화 이후 체제 보장에 대한 불안감이 컸던 것 같고, 이번 정상회담에서 그 점을 확인했다”며 “이와 같은 불안감을 해결하면 북한 비핵화도 가능할 것으로 본다”고 했다.",7,1145
iks_20180527_chosun_news_015,Chosun news 2018 May 27 corpus.txt,Chosun Ilbo,조선일보,news,2018-05-27,2018_may_summit,"""도둑회담 미심쩍다"" VS ""북이 우릴 우군으로 대접""",,"“미북 정상회담이 순항할 가능성이 높아졌다” “국민들 모르는 ‘도둑 회담’을 한 것 아니냐” “카드는 트럼프한테 있으니 일희일비하지 말자”
문재인 대통령과 김정은 북한 국무위원장이 전날(26일) 판문점 북측지역 통일각에서 두번째 남북정상회담을 갖고, 27일 오전 10시 청와대에서 생중계로 관련 내용을 국민들에게 알렸다. 정상회담과 문 대통령의 기자회견을 본 시민들 반응은 극에서 극이었다.
◇ “일희일비 그만해라… ‘도둑회담’ 의심스러워”
경기도 고양시 덕양구에 사는 전모(28)씨는 “트럼프와 김정은이 워낙 말을 많이 바꿔서 놀랍지도 않고, 미국이 또다시 엎지나 않으면 좋겠다”고 했고, 직장인 김모(33)씨 ""지난 트럼프 대통령의 취소와 재개를 보며 문 대통령이 무엇을 할 수 있는지 모르겠다고 느꼈다""고 말했다.
온라인커뮤니티에서도 ‘일희일비하지 말자’는 의견이 이어졌다. 서울대학교 커뮤니티 스누라이프에는 “확실한 것은 남한이 운전자는 아니라는 것” “모두 트럼프 손바닥 안에 있다” “다들 뭐 하나 뜰 때마다 우르르 몰려와서 이랬네 저랬네 하는 것 같다”는 글도 올라왔다.
두 정상이 외부에 알리지 않고, 비밀로 정상회담을 진행했다는 소식에 의심스러운 눈초리도 나온다. 주부 차모(52)씨는 “공개적으로 하지 않았다는 건 둘이 모종의 합의가 있었다고 잘못 비춰질 수 있는데, 왜 굳이 비밀로 만났는지 모르겠다”며 “비밀로 ‘도둑회담’을 한 건데 따로 대가를 약속한 건 아닌지 의심스럽다”고 했다.
주부 이모(53)씨는 북한의 태도 변화를 우려했다. 이씨는 “풍계리 취재진 접수 때는 소통도 잘 안하더니 이번에는 (북한이) 아쉬우니까 먼저 손 내민 느낌”이라며 “상황이 바뀌면 북한이 우리를 또 무시할 것 같아 걱정된다”고 했다. 박형준(67)씨도 “전부 쇼 같다”며 “결국 새롭게 나온 내용도 없지 않느냐”고 반문했다.
◇ “한반도 평화 분위기 다행스러워”
반면 두 정상이 한반도 평화 의지를 내비치고 있어서 다행이라는 의견도 나온다. 일부는 북한이 먼저 만남을 요청했다는 사실에 주목했다.
직장인 김보미(26)씨는 “전날 2차 남북정상회담 소식을 듣고 깜짝 놀랐다”면서 “트럼프가 무슨 의도로 정상회담을 취소했다가 재개 의지를 보이는지 모르겠지만, 남북정상이라도 한반도 평화 의지를 보이고 있어 안심이다”고 말했다. 취업준비생 한소희(24)씨는 “최근 들어 남북 정상이 만나는 일이 자연스러워진 것 같다. 미북 정상회담까지 평화 분위기가 이어졌으면 한다”고 했다.
최근 남북 간 개설된 직통전화(핫라인)에 대한 긍정적인 평가도 있었다. 앞서 회담을 준비하는 과정에서 군 통신선이나 판문점 채널이 사용되지 않았다는 사실이 전해지자, 남북간 핫라인을 사용했을 것이라는 분석이 나왔다.
유통업계에서 일하고 있는 직장인 황모(33)씨 “북한이 만나자고 해서 만났다고 하니 우리를 우군으로 생각했다는 점에서 긍정적인 의미가 있는 것 같다”며 “핫라인을 실제로 사용한 것 같은데 앞으로 위기관리에 도움이 될 것 같다”고 했다.","""도둑회담 미심쩍다"" VS ""북이 우릴 우군으로 대접""
“미북 정상회담이 순항할 가능성이 높아졌다” “국민들 모르는 ‘도둑 회담’을 한 것 아니냐” “카드는 트럼프한테 있으니 일희일비하지 말자”
문재인 대통령과 김정은 북한 국무위원장이 전날(26일) 판문점 북측지역 통일각에서 두번째 남북정상회담을 갖고, 27일 오전 10시 청와대에서 생중계로 관련 내용을 국민들에게 알렸다. 정상회담과 문 대통령의 기자회견을 본 시민들 반응은 극에서 극이었다.
◇ “일희일비 그만해라… ‘도둑회담’ 의심스러워”
경기도 고양시 덕양구에 사는 전모(28)씨는 “트럼프와 김정은이 워낙 말을 많이 바꿔서 놀랍지도 않고, 미국이 또다시 엎지나 않으면 좋겠다”고 했고, 직장인 김모(33)씨 ""지난 트럼프 대통령의 취소와 재개를 보며 문 대통령이 무엇을 할 수 있는지 모르겠다고 느꼈다""고 말했다.
온라인커뮤니티에서도 ‘일희일비하지 말자’는 의견이 이어졌다. 서울대학교 커뮤니티 스누라이프에는 “확실한 것은 남한이 운전자는 아니라는 것” “모두 트럼프 손바닥 안에 있다” “다들 뭐 하나 뜰 때마다 우르르 몰려와서 이랬네 저랬네 하는 것 같다”는 글도 올라왔다.
두 정상이 외부에 알리지 않고, 비밀로 정상회담을 진행했다는 소식에 의심스러운 눈초리도 나온다. 주부 차모(52)씨는 “공개적으로 하지 않았다는 건 둘이 모종의 합의가 있었다고 잘못 비춰질 수 있는데, 왜 굳이 비밀로 만났는지 모르겠다”며 “비밀로 ‘도둑회담’을 한 건데 따로 대가를 약속한 건 아닌지 의심스럽다”고 했다.
주부 이모(53)씨는 북한의 태도 변화를 우려했다. 이씨는 “풍계리 취재진 접수 때는 소통도 잘 안하더니 이번에는 (북한이) 아쉬우니까 먼저 손 내민 느낌”이라며 “상황이 바뀌면 북한이 우리를 또 무시할 것 같아 걱정된다”고 했다. 박형준(67)씨도 “전부 쇼 같다”며 “결국 새롭게 나온 내용도 없지 않느냐”고 반문했다.
◇ “한반도 평화 분위기 다행스러워”
반면 두 정상이 한반도 평화 의지를 내비치고 있어서 다행이라는 의견도 나온다. 일부는 북한이 먼저 만남을 요청했다는 사실에 주목했다.
직장인 김보미(26)씨는 “전날 2차 남북정상회담 소식을 듣고 깜짝 놀랐다”면서 “트럼프가 무슨 의도로 정상회담을 취소했다가 재개 의지를 보이는지 모르겠지만, 남북정상이라도 한반도 평화 의지를 보이고 있어 안심이다”고 말했다. 취업준비생 한소희(24)씨는 “최근 들어 남북 정상이 만나는 일이 자연스러워진 것 같다. 미북 정상회담까지 평화 분위기가 이어졌으면 한다”고 했다.
최근 남북 간 개설된 직통전화(핫라인)에 대한 긍정적인 평가도 있었다. 앞서 회담을 준비하는 과정에서 군 통신선이나 판문점 채널이 사용되지 않았다는 사실이 전해지자, 남북간 핫라인을 사용했을 것이라는 분석이 나왔다.
유통업계에서 일하고 있는 직장인 황모(33)씨 “북한이 만나자고 해서 만났다고 하니 우리를 우군으로 생각했다는 점에서 긍정적인 의미가 있는 것 같다”며 “핫라인을 실제로 사용한 것 같은데 앞으로 위기관리에 도움이 될 것 같다”고 했다.",12,1471
iks_20180527_chosun_news_016,Chosun news 2018 May 27 corpus.txt,Chosun Ilbo,조선일보,news,2018-05-27,2018_may_summit,"文대통령 ""김정은, 남쪽서 인기 높아져""...정상회담 모두발언 들어보니","""김정은 위원장이 판문점 회담 이후 한국에서도 인기가 높아졌다""
""이번 회담, 마음이 더 가까워지는 과정""","청와대는 지난 26일 판문점 북측 판문각에서 진행된 문재인 대통령과 김정은 북한 국무위원장의 제2차 남북 정상회담 모두발언 영상을 27일 공개했다.
이번 회담은 지난 25일 김정은의 제안으로 갑작스럽게 이뤄졌다. 하지만 공개된 모두발언 영상에 따르면 문 대통령과 김정은은 서로 농담을 건네기도 하는 등 여유있는 모습을 보였다.
김정은은 ""대통령께서 북측을 찾아오는게 처음이 아니다""며 ""판문점 회담에서 명장면 중 하나가 대통령께서 10초동안 우리땅을 밟은 것 아니겠습니까""라고 말했다.
또 ""지난 4·27 선언으로 많은 분들이 기대를 걸고 또 국제사회에서도 박수를 받았는데 우리가 여기서 결착상태를 넘어가지 못하면 안된다""며 ""못 넘어갈 일이 아니라고 생각한다""고 말했다.
이어 ""자주 만나서 이야기를 나누고 (어려움을) 풀어가자""며 ""(이번 정상회담을) 그때 한 약속을 이행하고 풀어가기 위한 직전 행동으로 이해하시면 좋겠다""고 했다.
김정은은 ""갑작스럽게 (문 대통령이) 북한을 찾아오게 됐는데 최대의 국빈을 성대하게 맞이하지 못하고 장소도 이렇고 제대로 맞이하지 못해서 미안한 마음""이라며 ""좋은 결실이 꽃피고 좋은 열매를 수확하는 가을중에 평양에 오시면 성대하게 연회를 준비해서 맞이하겠다""고 말했다.
문 대통령은 이에 대해 ""제가 가을에 평양에 가게 되는데 그 때 방문해서 큰 대접을 받는 것도 의미가 있지만 '남북 정상이 이렇게 쉽게 만났다', '소통한다'는 것도 남북간에 큰 의미가 있는 것 같다""고 답했다.
이어 ""지난 4.27 판문점 선언 이후 남쪽 주요 보도를 많이 보셨겠지만 우리 국민들도 그렇고 세계도 그렇고 남북관계에 대한 기대가 한껏 높아졌다""고 말했다.
문 대통령이 ""김 위원장은 한국에서 아주 인기가 높아졌다""고 말하자 양 정상과 배석자들 사이에서 웃음이 터졌다. 이어 ""요즘 남북 젊은 사람들은 그동안 남북관계가 좋지 않았을 때 살았기 때문에 북한에 대해 좋지 않은 인상을 가지고 있는데 지난 회담을 통해 굉장히 많이 개선됐다""며 ""이것을 잘 살려가야 겠다""고 말했다.
김정은은 이에 대해 ""(문 대통령께서) 미국에도 다녀오시고 회동이후 바쁜 일정을 보냈는데 (이번 남북 정상회담은) 우리가 (판문점 선언을) 다시 확약하고 또 이런 마음이 더 가까워지는 과정이라 생각한다""고 말했다.","文대통령 ""김정은, 남쪽서 인기 높아져""...정상회담 모두발언 들어보니
""김정은 위원장이 판문점 회담 이후 한국에서도 인기가 높아졌다""
""이번 회담, 마음이 더 가까워지는 과정""
청와대는 지난 26일 판문점 북측 판문각에서 진행된 문재인 대통령과 김정은 북한 국무위원장의 제2차 남북 정상회담 모두발언 영상을 27일 공개했다.
이번 회담은 지난 25일 김정은의 제안으로 갑작스럽게 이뤄졌다. 하지만 공개된 모두발언 영상에 따르면 문 대통령과 김정은은 서로 농담을 건네기도 하는 등 여유있는 모습을 보였다.
김정은은 ""대통령께서 북측을 찾아오는게 처음이 아니다""며 ""판문점 회담에서 명장면 중 하나가 대통령께서 10초동안 우리땅을 밟은 것 아니겠습니까""라고 말했다.
또 ""지난 4·27 선언으로 많은 분들이 기대를 걸고 또 국제사회에서도 박수를 받았는데 우리가 여기서 결착상태를 넘어가지 못하면 안된다""며 ""못 넘어갈 일이 아니라고 생각한다""고 말했다.
이어 ""자주 만나서 이야기를 나누고 (어려움을) 풀어가자""며 ""(이번 정상회담을) 그때 한 약속을 이행하고 풀어가기 위한 직전 행동으로 이해하시면 좋겠다""고 했다.
김정은은 ""갑작스럽게 (문 대통령이) 북한을 찾아오게 됐는데 최대의 국빈을 성대하게 맞이하지 못하고 장소도 이렇고 제대로 맞이하지 못해서 미안한 마음""이라며 ""좋은 결실이 꽃피고 좋은 열매를 수확하는 가을중에 평양에 오시면 성대하게 연회를 준비해서 맞이하겠다""고 말했다.
문 대통령은 이에 대해 ""제가 가을에 평양에 가게 되는데 그 때 방문해서 큰 대접을 받는 것도 의미가 있지만 '남북 정상이 이렇게 쉽게 만났다', '소통한다'는 것도 남북간에 큰 의미가 있는 것 같다""고 답했다.
이어 ""지난 4.27 판문점 선언 이후 남쪽 주요 보도를 많이 보셨겠지만 우리 국민들도 그렇고 세계도 그렇고 남북관계에 대한 기대가 한껏 높아졌다""고 말했다.
문 대통령이 ""김 위원장은 한국에서 아주 인기가 높아졌다""고 말하자 양 정상과 배석자들 사이에서 웃음이 터졌다. 이어 ""요즘 남북 젊은 사람들은 그동안 남북관계가 좋지 않았을 때 살았기 때문에 북한에 대해 좋지 않은 인상을 가지고 있는데 지난 회담을 통해 굉장히 많이 개선됐다""며 ""이것을 잘 살려가야 겠다""고 말했다.
김정은은 이에 대해 ""(문 대통령께서) 미국에도 다녀오시고 회동이후 바쁜 일정을 보냈는데 (이번 남북 정상회담은) 우리가 (판문점 선언을) 다시 확약하고 또 이런 마음이 더 가까워지는 과정이라 생각한다""고 말했다.",10,1127
iks_20180527_chosun_news_017,Chosun news 2018 May 27 corpus.txt,Chosun Ilbo,조선일보,news,2018-05-27,2018_may_summit,"""정상회담서 비핵화 논의 미진…미북 실무 회담에 달렸다""",,"청와대는 27일 “북한이 26일 열린 남북 2차 정상회담을 먼저 제안했다”고 밝혔다. 도널드 트럼프 대통령의 ‘미북정상회담 취소’ 발표 이후 이례적 ‘저자세’를 보여온 북한이 상황 타개를 위해 다시 한국을 우군(友軍)으로 끌어 들이려했고, 그 결과가 남북정상회담 급조(急造)로 이어졌다는 분석이 나온다.
전문가들은 극적으로 ‘깜짝’ 남북정상회담이 성사됐지만, 결국 미북정상회담의 성사·성공 여부는 미북 간 실무접촉에 달렸다고 했다. 전성훈 전 청와대 안보전략비서관은 “미국은 CVID(완전하고 검증 가능하며 불가역적인 비핵화)를 양보할 생각이 전혀 없지만, 이번 남북정상회담의 결과를 보면 북한의 입장도 별로 변한 것이 없어 보인다”고 했다.
남성욱 고려대 교수는 “결국은 앞으로 열릴 미북 간 실무회담에서 CVID를 어떤 방식으로 공동선언문에 담느냐에 따라 향후 미북정상회담의 성패가 달렸다”고 했다. 남북 정상이 이례적으로 만났지만, 비핵화와 관련한 성과를 이루지 못함에 따라 결국 미북 실무자들의 부담이 더욱 커졌다는 말이다.
남북정상회담의 자체에 대한 평가는 엇갈렸다. 남주홍 경기대 교수는 “4·27 판문점 선언과 비교해 새로운 것이 하나도 없다”고 했고, 김성한 고려대 국제대학원장은 “미국은 한국이 한미 동맹보다 남북 공조를 우선하고 있다고 판단했을 것”이라고 했다. 반면 김용현 동국대 교수는 “앞으로 대화의 흐름을 안정적으로 관리할 수 있는 큰 틀이 마련됐다”고 했고, 조성렬 국가안보전략연구원 수석연구위원은 “꺼져가던 미북정상회담의 불씨를 살려냈다”고 했다.
다음은 전문가들과의 인터뷰 전문.
◇김성한 고려대 국제대학원장
“오늘 대통령이 기자회견을 하면서 중요한 속내를 드러냈다. 남북미 3자 정상회담과 종전선언을 언급한 것이다. 문재인 대통령은 이를 계속 강조해오고 있는데, 만약 이 생각에 트럼프 대통령이 찬성했다면 미북정상회담 장소를 판문점으로 정했을 것이다. 회담 장소를 싱가포르로 정한 것은 이에 동의하지 않는다는 뜻이다. 미국은 남북미 3자 정상회담과 종전선언까지 하면 꼬리가 몸통을 흔드는 상황이 올 수 있다고 생각했을 것 같다. 즉 비핵화보다는 남북 판문점선언을 도와주는 상황이 올 수도 있고, 주한미군 문제가 불거질 수 있을 거라고 판단했을 것이다. 모두 각자의 입장에서 5차, 6차 방정식을 풀어내고 있다.
미북정상회담 준비를 위해 실무진들이 싱가포르로 갔고, 또 막후교섭도 이뤄질 텐데 그 과정에서 비핵화에 대한 그림이 제대로 안 나온다면 6월 12일 이전에 미북정상회담 개최와 관련해 한 번 더 고비가 올 수 있다. 트럼프 대통령이 국내정치적으로 어려운 상황이어서 어떻게든 정상회담을 열려고 하겠지만 여러 문제가 있다. 우선 이란 핵협정에서 미국이 탈퇴했기 때문에 이란 핵협정 이상의 미북합의가 있어야 한다. 중국 변수도 있다. 트럼프 대통령이 북중 정상회담 이후 북한이 급격하게 변했다고 의구심을 표명했는데, 그런 중국을 미국이 다시 다잡을 수 있을지, 또 중국이 북한을 다시 압박하는 모습을 보여줄 수 있을지 모르겠다. 모두 만만치 않은 문제다.
무엇보다 한국이 중요하다. 우리가 중재외교의 모습을 보여주고 있는데 이것이 과연 미국의 동맹국으로서 한국인지, 아니면 남북 공조로서 한국인지 명확하지 않다. 26일 있었던 남북정상회담을 보면서 미국은 후자로 판단했을 것이다. 우리 대통령도, 북한도 어떤 형태로든 일괄타결의 모습에 가깝게 다가가려고 할 텐데 쉽지 않다. 미술 작품에 비유하자면 ‘모나리자’가 탄생할 수 있을지 없을지의 문제인데, 2류, 3류의 작품을 가지고 역사의 한 페이지를 장식할 수는 없지 않겠나. CVID는 이미 물 건너간 것으로 보인다. 북한이 처음에는 비핵화와 관련해 10%만 속이려 했다가, 시진핑과 한국 정부를 만나면서 90%쯤 속이려 했고, 그러다 트럼프 대통령에게 역공을 당한 것 같다. 앞으로는 그 중간 정도인 55% 정도 속이려 할 것 같다.”
◇김용현 동국대 교수
“이번 남북정상회담은 크게 두 측면에서 볼 수 있다. 하나는 일시적으로 난기류가 형성됐던 미북정상회담을 완전히 정상화시켰다. 또 하나는 ‘한반도 정세 자체가 좀 불투명해지는 것 아니냐’는 대목에서, 남북 정상이 다시 한 번 만나 분위기를 바꾸고, 남북관계도 정상적으로 개선했다. 2시간의 짧은 만남이었지만 높이 평가할 만하다. 그동안 한반도 비핵화 평화체제를 논의하는 과정에서 현안이 발생하면 이전까지는 실무라인에서 풀려고 했다. 하지만 실무 채널을 통한 협의는 속도가 느리고, 또 제대로 풀리지 않는 경우도 있었다.
하지만 이번 정상회담은 이런 위기가 발발하면 서로 연락해 바로 만날 수 있다는 것을 보여준 선례가 됐다. 남북관계 위기시 양 정상이 순발력 있게 한반도에 안정감을 줄 수 있는 만남으로 진화할 수 있다는 메시지를 줬다. 이런 점에서 큰 의미가 있는 만남이었다.
이번 2차 정상회담은 ‘서훈-폼페이오’ 정보 라인이 작동해 빠른 속도로 열릴 수 있었다. 우리 측의 메시지가 폼페이오 장관을 통해서 트럼프 대통령에게 직보 되면서 미국도 이번 남북정상회담을 적극적으로 후원했을 것이다. 앞으로의 흐름을 안정적으로 관리할 수 있는 큰 틀이 마련됐다고 본다.
미북정상회담의 6월 12일 개최도 낙관한다. 어제 정상회담은 겉으론 두 정상 간 만남이었지만 내용상 세 정상, 문재인·트럼프·김정은이 만난 것이다. 트럼프 대통령 입장이 문 대통령을 통해 김정은에게 정확하게 전달되는 자리였다. 또 김정은의 입장을 문 대통령을 통해서 트럼프 대통령에게 전달하는 자리였다. 트럼프 대통령도 ‘6월 12일 북미정상회담은 바뀌지 않았다’고 말했다.
이번엔 남북미가 좋은 경험을 했다고 본다. 미북정상회담으로 가는 여정이 속도감 있게 진행됐는데, 한번 브레이크가 걸렸다. 그리고 브레이크로 인해 판 자체가 전체적으로 흔들리거나 깨질 수도 있다는 교훈을 줬다. 이 교훈을 반면교사로 삼아 지금부터는 좀 더 서로에게 생산적인 대화, 신뢰를 쌓아가는 대화로 방향을 잡는 계기가 됐다고 본다.”
문재인 대통령이 27일 청와대 춘추관에서 기자회견을 갖고 전날 판문점 북측지역 통일각에서 진행된 남북정상회담 결과를 설명하고 있다. /연합뉴스
◇남성욱 고려대 교수
“트럼프 대통령의 변덕에 놀란 북한이 역시 민족 공조가 중요하다고 느낀 것 같다. 트럼프 대통령의 압박을 상대하기 위해 남측을 자신들 옆에 둬야 한다고 생각한 것이다. 고위급 회담이나 이산가족상봉 등의 이벤트를 이어가면 트럼프 대통령이 변덕을 안 부릴 것이라고 판단했다.
선남후미(善南後美)가 북한의 기본 전략이 되고 있다. 일단 남측을 자신들과 찰떡같이 묶어놓고 고위급 회담 등 남북 간 뉴스를 만들어내면 트럼프가 다시 변덕 부리지 못할 것이라는 생각을 한 것이다. 하지만 이번 남북정상회담에서 비핵화와 관련해 진전된 내용은 없었다. ‘북한의 비핵화 의지를 재확인했다’는 원론 이상의 비핵화 얘기를 하지 않았다. 이건 결국 북한의 입장 변화가 크게 없다는 말이다.
다만 미국과의 관계에 대한 기술적인 코치는 했을 수 있다. 마이크 펜스 부통령 등 개인을 겨냥한 모욕적 언사를 하지 말고, 미국을 잘 구슬려야 한다는 등 회담 기술과 관련된 조언은 했을 수 있다. 일각에서는 문재인 대통령이 트럼프 대통령으로부터 들은 이야기를 김정은에게 전달했을 것이라고 분석하는데 그건 아니다. 이번에 문 대통령이 한미정상회담에서 트럼프 대통령으로부터 들은 얘기가 별로 없다.
결국 뉴욕 채널을 통한 대화로 미북정상회담 공동선언문의 문안이 조율돼야 한다. 문제는 CVID와 단계적·동시적 비핵화를 어떻게 그 선언문에 담느냐다. 미북은 서로 회담을 깨기 싫어한다. 양측 실무자들이 만날 텐데 양측 이견이 커서 모두가 원하는 방식으로 선언문을 만들기는 어렵다. 이번 주 뉴욕과 싱가포르에서 열릴 실무 회담의 결과를 봐야 6월12일 회담 성사 여부를 제대로 알 수 있다. 이 기싸움 과정에서 얼마든지 회담 스케줄이 또다시 바뀔 수 있다. 트럼프 대통령은 미북정상회담을 두 번, 세 번도 깰 수 있는 사람이다. 트럼프 대통령은 전 세계 언론이 자신을 주목하는 이런 상황을 즐기고 있다. 국내 스캔들도 어느덧 덮였다. 이번 판문점 만남(2차남북정상회담)도 결국 퍼포먼스이자 깜짝쇼였다.”
◇남주홍 경기대 교수
“이번 정상회담은 4·27 판문점 선언과 비교해 새로운 것이 하나도 없다. 미북정상회담에 이번 회담이 활력이 되지 않겠느냐는 기대감만 담겼을 뿐 비핵화 문제에 대해서는 원론적인 언급에 그쳤고, 한미 공조의 중요성에 대한 언급도 없었다. 판문점 합의의 불씨를 어떻게든 살려볼까 한 것 같은데, 김정은의 입장만 고려해준 것 같다는 생각이 든다.
6·12 미북정상회담의 필요성에 대해서는 문재인 대통령과 김정은이 공감한 것 같지만, 비핵화 로드맵에 대한 언급이 전혀 없다. 외신을 살펴보니 남북 정상이 깜짝 회담을 한 번 더 했다고만 보도하고 추가적인 언급이 없었다. 때문에 미북 정상회담이 성공할 수 있을지는 앞으로 상황을 좀 더 지켜봐야 할 것 같다. 트럼프 대통령이 이미 여러 패를 썼고, 많은 말을 했기 때문에 어디까지 믿어야 할지 잘 모르겠다. 6월 12일에 회담이 열린다 하더라도 CVID를 구체화할지, 아니면 원칙적인 합의만 할지는 불투명한데, 나는 후자라고 본다.”
◇전성훈 전 청와대 안보전략비서관
“깜짝 남북정상회담을 했지만, 별로 의미가 없어 보인다. 문재인 대통령이 북한 비핵화에 대해 분명히 얘기했어야 했는데 오히려 김정은 이야기를 반복했다. 김정은에게 트럼프 대통령이 바라는 CVID 얘기를 잘 전달해야 했는데, 오히려 김정은이 우리를 엮어서 미국을 압박하는 모양새가 나왔다.
우리 정부는 정상회담 직후 미국에 결과를 전달했다고 했는데 이것도 잘못됐다. 김정은을 직접 만나서 회담했으면 문 대통령이 직접 트럼프 대통령에게 전화를 해야 했었다. 어제 정상회담을 했으니 당장 어제 전화를 해줬어야 하는 것 아닌가. ‘트럼프 대통령에게 굳이 새로 전할만한 소식이 없었기 때문이 아닌가’라는 의심을 받을 수 있다. 이미 다 했던 이야기를 또다시 할 수는 없기 때문이다. 북한의 최근 저자세는 국면회피용 저자세다. ‘핵을 포기하겠다’고 해야 진정한 저자세인데, 전혀 그러지 않고 있다. 미국이 강하게 나오니 잠시 저자세로 나오는 것이다.
김정은은 핵을 포기하는 척하면서 시간을 번 뒤 국제 제재를 완화하고 경제 개발을 하려고 하고 있다. 반면 미국은 CVID를 양보할 생각이 없다. 지금 미북정상회담과 관련해 트럼프 대통령이 하루가 다르게 하는 이야기들은 한 단계 걸러서 해석해야 할 것 같다. 미북정상회담 성사와 정확한 시기에 대해 예단할 수 없다는 말이다.”
◇정성장 세종연구소 통일전략연구실장
“트럼프 대통령이 6·12 싱가포르 미북정상회담 취소 방침을 밝힌 지 약 9시간 만인 25일 오전 북한은 김계관 외무성 제1부상 명의의 담화를 발표해 북미정상회담 계속 추진 의지를 밝혔다. 이어 25일 오후 김정은 국무위원장이 남측에 2차 정상회담을 제안하고 26일 오후 판문점에서 정상회담이 개최됐다. 그 결과 맥스 선더 훈련에 대한 북한의 반발로 악화됐던 남북 관계도 복원됐다. 김정은의 유연하고 신속한 대응은 그가 미북정상회담을 얼마나 중시하고 있는지 잘 보여준다. 이번 정상회담은 남북 관계가 경색됐을 때 남북 정상이 형식을 따지지 않고 곧바로 만나 문제를 푸는 새로운 실용주의적인 대화 방식을 보여주었다.
김정은은 앞으로도 한미연합군사훈련 등을 이유로 다시 남북대화를 중단하지 말고 이번처럼 남북 정상 간 직접 대화를 통해 문제 해결을 모색해야 한다. 김정은은 2차 남북정상회담에서 문재인 대통령에게 다시 한 번 ‘한반도의 완전한 비핵화 의지’를 분명히 했다. 이와 함께 미북정상회담의 성공을 통해 전쟁과 대립의 역사를 청산하고 평화와 번영을 위해 협력하겠다는 의사를 피력했다. 이같은 김정은의 입장은 청와대를 통해 백악관에 전달 돼 6·12 싱가포르 미북정상회담 재추진이 탄력을 받게 됐다.
김정은은 문 대통령에게 핵포기 시 미국의 체제안전 보장을 신뢰할 수 있는지 우려를 표명했고, 문 대통령은 김정은이 완전한 비핵화를 결단하고 실천할 경우 트럼프 대통령이 북한과의 적대관계 종식과 경제협력에 대한 확고한 의지가 있다는 점을 전달했다. 이에 따라 김정은은 트럼프 대통령 일부 측근들의 강경한 대북 발언에도 불구하고 미국과의 협상에 다시 나설 것으로 예상된다. 향후 남북관계는 북미정상회담 결과에 큰 영향을 받지 않을 수 없다. 남북관계의 안정적 발전을 위해서는 오는 6월 12일 미북정상회담의 성공적 개최가 매우 중요하다. 향후 미북 간에는 북한의 핵시설에 대한 사찰과 핵폐기에 대한 검증이 쟁점이 될 가능성이 높다. 이 부분과 관련해서는 중국의 협조가 매우 유용할 수 있기 때문에 한국정부는 향후 중국과의 전략대화 및 협력을 강화할 필요가 있다.”
◇조성렬 국가안보전략연구원 수석연구위원
“이번 2차 남북정상회담은 어려운 현안이 있을때 양 정상이 직접 만나서 문제를 풀 수 있는 계기를 만들었다고 본다. 그 결과 꺼져가던 미북정상회담의 불씨를 살려냈다는 게 가장 큰 의미가 있다. 북미 정상회담은 기존에 발표한 대로 6월 12일 개최될 것으로 보인다. 북한은 조선중앙통신을 통해 ‘6월 12일 조미수뇌회담’이라고 공식화했고, 트럼프 대통령도 공식 발표는 아니지만 6월 12일 개최를 기정사실화해서 이야기했다. 조만간 북미간 실무협의가 이뤄질 것이라는 보도도 나온다. 회담 일정은 하루 더 연장될 가능성도 있다. 트럼프 대통령은 ‘만약 필요하다면 더 연장될 수도 있다’고 했다. 이걸 봤을 때, 12일엔 북미정상회담을 하고, 다음날인 13일 남북미 정상이 모여 종전 선언을 하지 않을까 예상해본다. 남북미 정상회의가 열린다면 종전 선언을 다룰 것이다.
청와대 고위 관계자는 오늘 ‘미북정상회담의 성공을 위해선 북한이 가진 안보 측면에서의 우려를 해소할 방안과 상호불가침 약속을 다시 한다든지, 정전협정을 평화협정으로 전환하는 협상을 개시하거나 남북미 3국간에 종전선언을 하는 문제 등에 대한 검토가 필요하다는 측면에서 남북 간 실무차원의 협의를 진행하고 있다’고 했다. 사실상 종전선언을 준비하고 있다는 말로 해석된다. 다만 남북미 3국 정상이 만나서 ‘종전 선언’이라는 표현은 안쓸 것 같다. 대신 북한에 대한 적대시 정책을 청산하겠다고 선언하지 않을까 생각된다.
여기서 핵심은 북미 간 체제 안전 보장 약속이다. 북한이 완전한 비핵화를 마무리하면 평화협정과 북미 수교로 체제 안전을 보장하겠지만, 문제는 비핵화에 착수해서 마무리될 때까지의 과도기다. 남북미 정상이 만나면 이 과도기 시기에 북한의 체제 안전을 보장하겠다는 선언을 하게 될 것이다.
이번 사태는 향후 대화 진행 과정에서 북한이 경계심을 갖는 표현 사용을 자제해야 한다는 시사점을 준다. 대표적인 표현이 ‘CVID’이다. 북한은 6자회담 때부터 ‘CVID는 패전국에 쓰는 단어’라며 반발해왔다. 북한 주민들도 ‘CVID는 패전’이라는 인식을 갖고 있다. 상대방이 싫어하는 용어를 계속 쓰면 정치적인 문제를 야기한다. 북한이 이번에 강하게 반발했던 것도 볼턴이나 펜스가 ‘리비아 모델’을 얘기했기 때문이다. 그런 어휘를 고집해서 얻는 실익도 없다. 지금 쓰는 ‘완전한 비핵화’라고 하되 내용적으로는 ‘검증을 통한 완전한 비핵화’로 추진하면 된다.”","""정상회담서 비핵화 논의 미진…미북 실무 회담에 달렸다""
청와대는 27일 “북한이 26일 열린 남북 2차 정상회담을 먼저 제안했다”고 밝혔다. 도널드 트럼프 대통령의 ‘미북정상회담 취소’ 발표 이후 이례적 ‘저자세’를 보여온 북한이 상황 타개를 위해 다시 한국을 우군(友軍)으로 끌어 들이려했고, 그 결과가 남북정상회담 급조(急造)로 이어졌다는 분석이 나온다.
전문가들은 극적으로 ‘깜짝’ 남북정상회담이 성사됐지만, 결국 미북정상회담의 성사·성공 여부는 미북 간 실무접촉에 달렸다고 했다. 전성훈 전 청와대 안보전략비서관은 “미국은 CVID(완전하고 검증 가능하며 불가역적인 비핵화)를 양보할 생각이 전혀 없지만, 이번 남북정상회담의 결과를 보면 북한의 입장도 별로 변한 것이 없어 보인다”고 했다.
남성욱 고려대 교수는 “결국은 앞으로 열릴 미북 간 실무회담에서 CVID를 어떤 방식으로 공동선언문에 담느냐에 따라 향후 미북정상회담의 성패가 달렸다”고 했다. 남북 정상이 이례적으로 만났지만, 비핵화와 관련한 성과를 이루지 못함에 따라 결국 미북 실무자들의 부담이 더욱 커졌다는 말이다.
남북정상회담의 자체에 대한 평가는 엇갈렸다. 남주홍 경기대 교수는 “4·27 판문점 선언과 비교해 새로운 것이 하나도 없다”고 했고, 김성한 고려대 국제대학원장은 “미국은 한국이 한미 동맹보다 남북 공조를 우선하고 있다고 판단했을 것”이라고 했다. 반면 김용현 동국대 교수는 “앞으로 대화의 흐름을 안정적으로 관리할 수 있는 큰 틀이 마련됐다”고 했고, 조성렬 국가안보전략연구원 수석연구위원은 “꺼져가던 미북정상회담의 불씨를 살려냈다”고 했다.
다음은 전문가들과의 인터뷰 전문.
◇김성한 고려대 국제대학원장
“오늘 대통령이 기자회견을 하면서 중요한 속내를 드러냈다. 남북미 3자 정상회담과 종전선언을 언급한 것이다. 문재인 대통령은 이를 계속 강조해오고 있는데, 만약 이 생각에 트럼프 대통령이 찬성했다면 미북정상회담 장소를 판문점으로 정했을 것이다. 회담 장소를 싱가포르로 정한 것은 이에 동의하지 않는다는 뜻이다. 미국은 남북미 3자 정상회담과 종전선언까지 하면 꼬리가 몸통을 흔드는 상황이 올 수 있다고 생각했을 것 같다. 즉 비핵화보다는 남북 판문점선언을 도와주는 상황이 올 수도 있고, 주한미군 문제가 불거질 수 있을 거라고 판단했을 것이다. 모두 각자의 입장에서 5차, 6차 방정식을 풀어내고 있다.
미북정상회담 준비를 위해 실무진들이 싱가포르로 갔고, 또 막후교섭도 이뤄질 텐데 그 과정에서 비핵화에 대한 그림이 제대로 안 나온다면 6월 12일 이전에 미북정상회담 개최와 관련해 한 번 더 고비가 올 수 있다. 트럼프 대통령이 국내정치적으로 어려운 상황이어서 어떻게든 정상회담을 열려고 하겠지만 여러 문제가 있다. 우선 이란 핵협정에서 미국이 탈퇴했기 때문에 이란 핵협정 이상의 미북합의가 있어야 한다. 중국 변수도 있다. 트럼프 대통령이 북중 정상회담 이후 북한이 급격하게 변했다고 의구심을 표명했는데, 그런 중국을 미국이 다시 다잡을 수 있을지, 또 중국이 북한을 다시 압박하는 모습을 보여줄 수 있을지 모르겠다. 모두 만만치 않은 문제다.
무엇보다 한국이 중요하다. 우리가 중재외교의 모습을 보여주고 있는데 이것이 과연 미국의 동맹국으로서 한국인지, 아니면 남북 공조로서 한국인지 명확하지 않다. 26일 있었던 남북정상회담을 보면서 미국은 후자로 판단했을 것이다. 우리 대통령도, 북한도 어떤 형태로든 일괄타결의 모습에 가깝게 다가가려고 할 텐데 쉽지 않다. 미술 작품에 비유하자면 ‘모나리자’가 탄생할 수 있을지 없을지의 문제인데, 2류, 3류의 작품을 가지고 역사의 한 페이지를 장식할 수는 없지 않겠나. CVID는 이미 물 건너간 것으로 보인다. 북한이 처음에는 비핵화와 관련해 10%만 속이려 했다가, 시진핑과 한국 정부를 만나면서 90%쯤 속이려 했고, 그러다 트럼프 대통령에게 역공을 당한 것 같다. 앞으로는 그 중간 정도인 55% 정도 속이려 할 것 같다.”
◇김용현 동국대 교수
“이번 남북정상회담은 크게 두 측면에서 볼 수 있다. 하나는 일시적으로 난기류가 형성됐던 미북정상회담을 완전히 정상화시켰다. 또 하나는 ‘한반도 정세 자체가 좀 불투명해지는 것 아니냐’는 대목에서, 남북 정상이 다시 한 번 만나 분위기를 바꾸고, 남북관계도 정상적으로 개선했다. 2시간의 짧은 만남이었지만 높이 평가할 만하다. 그동안 한반도 비핵화 평화체제를 논의하는 과정에서 현안이 발생하면 이전까지는 실무라인에서 풀려고 했다. 하지만 실무 채널을 통한 협의는 속도가 느리고, 또 제대로 풀리지 않는 경우도 있었다.
하지만 이번 정상회담은 이런 위기가 발발하면 서로 연락해 바로 만날 수 있다는 것을 보여준 선례가 됐다. 남북관계 위기시 양 정상이 순발력 있게 한반도에 안정감을 줄 수 있는 만남으로 진화할 수 있다는 메시지를 줬다. 이런 점에서 큰 의미가 있는 만남이었다.
이번 2차 정상회담은 ‘서훈-폼페이오’ 정보 라인이 작동해 빠른 속도로 열릴 수 있었다. 우리 측의 메시지가 폼페이오 장관을 통해서 트럼프 대통령에게 직보 되면서 미국도 이번 남북정상회담을 적극적으로 후원했을 것이다. 앞으로의 흐름을 안정적으로 관리할 수 있는 큰 틀이 마련됐다고 본다.
미북정상회담의 6월 12일 개최도 낙관한다. 어제 정상회담은 겉으론 두 정상 간 만남이었지만 내용상 세 정상, 문재인·트럼프·김정은이 만난 것이다. 트럼프 대통령 입장이 문 대통령을 통해 김정은에게 정확하게 전달되는 자리였다. 또 김정은의 입장을 문 대통령을 통해서 트럼프 대통령에게 전달하는 자리였다. 트럼프 대통령도 ‘6월 12일 북미정상회담은 바뀌지 않았다’고 말했다.
이번엔 남북미가 좋은 경험을 했다고 본다. 미북정상회담으로 가는 여정이 속도감 있게 진행됐는데, 한번 브레이크가 걸렸다. 그리고 브레이크로 인해 판 자체가 전체적으로 흔들리거나 깨질 수도 있다는 교훈을 줬다. 이 교훈을 반면교사로 삼아 지금부터는 좀 더 서로에게 생산적인 대화, 신뢰를 쌓아가는 대화로 방향을 잡는 계기가 됐다고 본다.”
문재인 대통령이 27일 청와대 춘추관에서 기자회견을 갖고 전날 판문점 북측지역 통일각에서 진행된 남북정상회담 결과를 설명하고 있다. /연합뉴스
◇남성욱 고려대 교수
“트럼프 대통령의 변덕에 놀란 북한이 역시 민족 공조가 중요하다고 느낀 것 같다. 트럼프 대통령의 압박을 상대하기 위해 남측을 자신들 옆에 둬야 한다고 생각한 것이다. 고위급 회담이나 이산가족상봉 등의 이벤트를 이어가면 트럼프 대통령이 변덕을 안 부릴 것이라고 판단했다.
선남후미(善南後美)가 북한의 기본 전략이 되고 있다. 일단 남측을 자신들과 찰떡같이 묶어놓고 고위급 회담 등 남북 간 뉴스를 만들어내면 트럼프가 다시 변덕 부리지 못할 것이라는 생각을 한 것이다. 하지만 이번 남북정상회담에서 비핵화와 관련해 진전된 내용은 없었다. ‘북한의 비핵화 의지를 재확인했다’는 원론 이상의 비핵화 얘기를 하지 않았다. 이건 결국 북한의 입장 변화가 크게 없다는 말이다.
다만 미국과의 관계에 대한 기술적인 코치는 했을 수 있다. 마이크 펜스 부통령 등 개인을 겨냥한 모욕적 언사를 하지 말고, 미국을 잘 구슬려야 한다는 등 회담 기술과 관련된 조언은 했을 수 있다. 일각에서는 문재인 대통령이 트럼프 대통령으로부터 들은 이야기를 김정은에게 전달했을 것이라고 분석하는데 그건 아니다. 이번에 문 대통령이 한미정상회담에서 트럼프 대통령으로부터 들은 얘기가 별로 없다.
결국 뉴욕 채널을 통한 대화로 미북정상회담 공동선언문의 문안이 조율돼야 한다. 문제는 CVID와 단계적·동시적 비핵화를 어떻게 그 선언문에 담느냐다. 미북은 서로 회담을 깨기 싫어한다. 양측 실무자들이 만날 텐데 양측 이견이 커서 모두가 원하는 방식으로 선언문을 만들기는 어렵다. 이번 주 뉴욕과 싱가포르에서 열릴 실무 회담의 결과를 봐야 6월12일 회담 성사 여부를 제대로 알 수 있다. 이 기싸움 과정에서 얼마든지 회담 스케줄이 또다시 바뀔 수 있다. 트럼프 대통령은 미북정상회담을 두 번, 세 번도 깰 수 있는 사람이다. 트럼프 대통령은 전 세계 언론이 자신을 주목하는 이런 상황을 즐기고 있다. 국내 스캔들도 어느덧 덮였다. 이번 판문점 만남(2차남북정상회담)도 결국 퍼포먼스이자 깜짝쇼였다.”
◇남주홍 경기대 교수
“이번 정상회담은 4·27 판문점 선언과 비교해 새로운 것이 하나도 없다. 미북정상회담에 이번 회담이 활력이 되지 않겠느냐는 기대감만 담겼을 뿐 비핵화 문제에 대해서는 원론적인 언급에 그쳤고, 한미 공조의 중요성에 대한 언급도 없었다. 판문점 합의의 불씨를 어떻게든 살려볼까 한 것 같은데, 김정은의 입장만 고려해준 것 같다는 생각이 든다.
6·12 미북정상회담의 필요성에 대해서는 문재인 대통령과 김정은이 공감한 것 같지만, 비핵화 로드맵에 대한 언급이 전혀 없다. 외신을 살펴보니 남북 정상이 깜짝 회담을 한 번 더 했다고만 보도하고 추가적인 언급이 없었다. 때문에 미북 정상회담이 성공할 수 있을지는 앞으로 상황을 좀 더 지켜봐야 할 것 같다. 트럼프 대통령이 이미 여러 패를 썼고, 많은 말을 했기 때문에 어디까지 믿어야 할지 잘 모르겠다. 6월 12일에 회담이 열린다 하더라도 CVID를 구체화할지, 아니면 원칙적인 합의만 할지는 불투명한데, 나는 후자라고 본다.”
◇전성훈 전 청와대 안보전략비서관
“깜짝 남북정상회담을 했지만, 별로 의미가 없어 보인다. 문재인 대통령이 북한 비핵화에 대해 분명히 얘기했어야 했는데 오히려 김정은 이야기를 반복했다. 김정은에게 트럼프 대통령이 바라는 CVID 얘기를 잘 전달해야 했는데, 오히려 김정은이 우리를 엮어서 미국을 압박하는 모양새가 나왔다.
우리 정부는 정상회담 직후 미국에 결과를 전달했다고 했는데 이것도 잘못됐다. 김정은을 직접 만나서 회담했으면 문 대통령이 직접 트럼프 대통령에게 전화를 해야 했었다. 어제 정상회담을 했으니 당장 어제 전화를 해줬어야 하는 것 아닌가. ‘트럼프 대통령에게 굳이 새로 전할만한 소식이 없었기 때문이 아닌가’라는 의심을 받을 수 있다. 이미 다 했던 이야기를 또다시 할 수는 없기 때문이다. 북한의 최근 저자세는 국면회피용 저자세다. ‘핵을 포기하겠다’고 해야 진정한 저자세인데, 전혀 그러지 않고 있다. 미국이 강하게 나오니 잠시 저자세로 나오는 것이다.
김정은은 핵을 포기하는 척하면서 시간을 번 뒤 국제 제재를 완화하고 경제 개발을 하려고 하고 있다. 반면 미국은 CVID를 양보할 생각이 없다. 지금 미북정상회담과 관련해 트럼프 대통령이 하루가 다르게 하는 이야기들은 한 단계 걸러서 해석해야 할 것 같다. 미북정상회담 성사와 정확한 시기에 대해 예단할 수 없다는 말이다.”
◇정성장 세종연구소 통일전략연구실장
“트럼프 대통령이 6·12 싱가포르 미북정상회담 취소 방침을 밝힌 지 약 9시간 만인 25일 오전 북한은 김계관 외무성 제1부상 명의의 담화를 발표해 북미정상회담 계속 추진 의지를 밝혔다. 이어 25일 오후 김정은 국무위원장이 남측에 2차 정상회담을 제안하고 26일 오후 판문점에서 정상회담이 개최됐다. 그 결과 맥스 선더 훈련에 대한 북한의 반발로 악화됐던 남북 관계도 복원됐다. 김정은의 유연하고 신속한 대응은 그가 미북정상회담을 얼마나 중시하고 있는지 잘 보여준다. 이번 정상회담은 남북 관계가 경색됐을 때 남북 정상이 형식을 따지지 않고 곧바로 만나 문제를 푸는 새로운 실용주의적인 대화 방식을 보여주었다.
김정은은 앞으로도 한미연합군사훈련 등을 이유로 다시 남북대화를 중단하지 말고 이번처럼 남북 정상 간 직접 대화를 통해 문제 해결을 모색해야 한다. 김정은은 2차 남북정상회담에서 문재인 대통령에게 다시 한 번 ‘한반도의 완전한 비핵화 의지’를 분명히 했다. 이와 함께 미북정상회담의 성공을 통해 전쟁과 대립의 역사를 청산하고 평화와 번영을 위해 협력하겠다는 의사를 피력했다. 이같은 김정은의 입장은 청와대를 통해 백악관에 전달 돼 6·12 싱가포르 미북정상회담 재추진이 탄력을 받게 됐다.
김정은은 문 대통령에게 핵포기 시 미국의 체제안전 보장을 신뢰할 수 있는지 우려를 표명했고, 문 대통령은 김정은이 완전한 비핵화를 결단하고 실천할 경우 트럼프 대통령이 북한과의 적대관계 종식과 경제협력에 대한 확고한 의지가 있다는 점을 전달했다. 이에 따라 김정은은 트럼프 대통령 일부 측근들의 강경한 대북 발언에도 불구하고 미국과의 협상에 다시 나설 것으로 예상된다. 향후 남북관계는 북미정상회담 결과에 큰 영향을 받지 않을 수 없다. 남북관계의 안정적 발전을 위해서는 오는 6월 12일 미북정상회담의 성공적 개최가 매우 중요하다. 향후 미북 간에는 북한의 핵시설에 대한 사찰과 핵폐기에 대한 검증이 쟁점이 될 가능성이 높다. 이 부분과 관련해서는 중국의 협조가 매우 유용할 수 있기 때문에 한국정부는 향후 중국과의 전략대화 및 협력을 강화할 필요가 있다.”
◇조성렬 국가안보전략연구원 수석연구위원
“이번 2차 남북정상회담은 어려운 현안이 있을때 양 정상이 직접 만나서 문제를 풀 수 있는 계기를 만들었다고 본다. 그 결과 꺼져가던 미북정상회담의 불씨를 살려냈다는 게 가장 큰 의미가 있다. 북미 정상회담은 기존에 발표한 대로 6월 12일 개최될 것으로 보인다. 북한은 조선중앙통신을 통해 ‘6월 12일 조미수뇌회담’이라고 공식화했고, 트럼프 대통령도 공식 발표는 아니지만 6월 12일 개최를 기정사실화해서 이야기했다. 조만간 북미간 실무협의가 이뤄질 것이라는 보도도 나온다. 회담 일정은 하루 더 연장될 가능성도 있다. 트럼프 대통령은 ‘만약 필요하다면 더 연장될 수도 있다’고 했다. 이걸 봤을 때, 12일엔 북미정상회담을 하고, 다음날인 13일 남북미 정상이 모여 종전 선언을 하지 않을까 예상해본다. 남북미 정상회의가 열린다면 종전 선언을 다룰 것이다.
청와대 고위 관계자는 오늘 ‘미북정상회담의 성공을 위해선 북한이 가진 안보 측면에서의 우려를 해소할 방안과 상호불가침 약속을 다시 한다든지, 정전협정을 평화협정으로 전환하는 협상을 개시하거나 남북미 3국간에 종전선언을 하는 문제 등에 대한 검토가 필요하다는 측면에서 남북 간 실무차원의 협의를 진행하고 있다’고 했다. 사실상 종전선언을 준비하고 있다는 말로 해석된다. 다만 남북미 3국 정상이 만나서 ‘종전 선언’이라는 표현은 안쓸 것 같다. 대신 북한에 대한 적대시 정책을 청산하겠다고 선언하지 않을까 생각된다.
여기서 핵심은 북미 간 체제 안전 보장 약속이다. 북한이 완전한 비핵화를 마무리하면 평화협정과 북미 수교로 체제 안전을 보장하겠지만, 문제는 비핵화에 착수해서 마무리될 때까지의 과도기다. 남북미 정상이 만나면 이 과도기 시기에 북한의 체제 안전을 보장하겠다는 선언을 하게 될 것이다.
이번 사태는 향후 대화 진행 과정에서 북한이 경계심을 갖는 표현 사용을 자제해야 한다는 시사점을 준다. 대표적인 표현이 ‘CVID’이다. 북한은 6자회담 때부터 ‘CVID는 패전국에 쓰는 단어’라며 반발해왔다. 북한 주민들도 ‘CVID는 패전’이라는 인식을 갖고 있다. 상대방이 싫어하는 용어를 계속 쓰면 정치적인 문제를 야기한다. 북한이 이번에 강하게 반발했던 것도 볼턴이나 펜스가 ‘리비아 모델’을 얘기했기 때문이다. 그런 어휘를 고집해서 얻는 실익도 없다. 지금 쓰는 ‘완전한 비핵화’라고 하되 내용적으로는 ‘검증을 통한 완전한 비핵화’로 추진하면 된다.”",37,7448
iks_20180527_chosun_news_018,Chosun news 2018 May 27 corpus.txt,Chosun Ilbo,조선일보,news,2018-05-27,2018_may_summit,"靑, NSC상임위 개최 “남북 정상회담, 미북 회담 성공에 도움될 것”",,"청와대는 27일 국가안전보장회의(NSC) 상임위원회를 열고 “26일 열린 남북 정상회담이 앞으로 다가올 북미 정상회담의 성공적 개최에 도움이 될 것으로 평가한다”고 밝혔다.
이날 청와대는 오후 3시부터 4시 50분까지 정의용 국가안보실장 주재로 NSC 상임위를 개최했다.
청와대는 ""상임위원들은 이날 5·26 남북 정상회담에서 합의한 고위급회담 개최 등 후속조치 방안과 북미 정상회담의 성공적 개최를 위한 우리 정부 차원의 협력방안에 대해 논의했다""고 밝혔다.
이어 “남북 정상회담이 남북관계 발전과 한반도의 완전한 비핵화 등 판문점선언의 이행이 더 탄력을 받는 계기가 됐으며 남북 정상간의 신뢰를 보다 돈독히 하는데도 크게 기여했다”고 했다.","靑, NSC상임위 개최 “남북 정상회담, 미북 회담 성공에 도움될 것”
청와대는 27일 국가안전보장회의(NSC) 상임위원회를 열고 “26일 열린 남북 정상회담이 앞으로 다가올 북미 정상회담의 성공적 개최에 도움이 될 것으로 평가한다”고 밝혔다.
이날 청와대는 오후 3시부터 4시 50분까지 정의용 국가안보실장 주재로 NSC 상임위를 개최했다.
청와대는 ""상임위원들은 이날 5·26 남북 정상회담에서 합의한 고위급회담 개최 등 후속조치 방안과 북미 정상회담의 성공적 개최를 위한 우리 정부 차원의 협력방안에 대해 논의했다""고 밝혔다.
이어 “남북 정상회담이 남북관계 발전과 한반도의 완전한 비핵화 등 판문점선언의 이행이 더 탄력을 받는 계기가 됐으며 남북 정상간의 신뢰를 보다 돈독히 하는데도 크게 기여했다”고 했다.",4,360
iks_20180527_chosun_news_019,Chosun news 2018 May 27 corpus.txt,Chosun Ilbo,조선일보,news,2018-05-27,2018_may_summit,"홍준표 ""남북 정상회담, 김정은이 곤경처한 文대통령 구해준 것""",,"홍준표 자유한국당 대표는 전날 열린 2차 남북정상회담을 두고 “김정은 북한 국무위원장이 곤경에 처한 문재인 대통령을 구해준 것”이라고 27일 말했다.
홍 대표는 이날 오후 서울 여의도 당사에서 기자회견을 열고 ""미국의 강경한 입장에 직면한 남북 두 정상의 당혹감만 확인할 수 있었다""며 이같이 말했다.
그는 “정치적 입장을 떠나 미북회담이 교착 상태인 상황에서 남북 정상이 직접 만난 것에 대해 환영한다”면서도 “‘한반도 비핵화’라는 모호한 표현의 반복 이외에 북핵 폐기와 관련된 내용을 어디에서도 찾아볼 수 없었다”고 했다.
이어 “장밋빛 환상만 심어주던 문 대통령과 북핵 폐기가 아닌 한반도 비핵화를 주장하는 김 위원장이 동시에 미국으로부터 압박받는 ‘데드록(교섭이 잘 이뤄지지 않고 해결 방법이 없는 상태)’에 처했다”며 ""이런 상황을 타개하기 위한 시도가 전날 열린 남북정상회담이었다""고 했다.
홍 대표는 “진실의 순간이 곧 드러날 것”이라며 “나와 한국당은 미북정상회담을 위한 실무 협상 과정을 보다 냉철한 시선으로 지켜볼 것”이라고 덧붙였다.","홍준표 ""남북 정상회담, 김정은이 곤경처한 文대통령 구해준 것""
홍준표 자유한국당 대표는 전날 열린 2차 남북정상회담을 두고 “김정은 북한 국무위원장이 곤경에 처한 문재인 대통령을 구해준 것”이라고 27일 말했다.
홍 대표는 이날 오후 서울 여의도 당사에서 기자회견을 열고 ""미국의 강경한 입장에 직면한 남북 두 정상의 당혹감만 확인할 수 있었다""며 이같이 말했다.
그는 “정치적 입장을 떠나 미북회담이 교착 상태인 상황에서 남북 정상이 직접 만난 것에 대해 환영한다”면서도 “‘한반도 비핵화’라는 모호한 표현의 반복 이외에 북핵 폐기와 관련된 내용을 어디에서도 찾아볼 수 없었다”고 했다.
이어 “장밋빛 환상만 심어주던 문 대통령과 북핵 폐기가 아닌 한반도 비핵화를 주장하는 김 위원장이 동시에 미국으로부터 압박받는 ‘데드록(교섭이 잘 이뤄지지 않고 해결 방법이 없는 상태)’에 처했다”며 ""이런 상황을 타개하기 위한 시도가 전날 열린 남북정상회담이었다""고 했다.
홍 대표는 “진실의 순간이 곧 드러날 것”이라며 “나와 한국당은 미북정상회담을 위한 실무 협상 과정을 보다 냉철한 시선으로 지켜볼 것”이라고 덧붙였다.",5,533
iks_20180527_chosun_news_020,Chosun news 2018 May 27 corpus.txt,Chosun Ilbo,조선일보,news,2018-05-27,2018_may_summit,"""쾅쾅쾅"" 풍계리 폭파 후 54시간, 한반도 운명은 롤러코스터를 탔다",,"문재인 대통령과 김정은 북한 국무위원장 간의 2차 남북정상회담이 26일 오후 3시 판문점 북측지역 통일각에서 극비리에 진행됐다. 지난 24일 오전 11시 북한이 풍계리 핵실험장 폐기 의식을 돌입한지 54시간 만이다. 그 사이 한반도는 미북 정상회담 개최 여부를 놓고 홍역을 치뤘다. 깜짝 정상회담이 개최되기까지 54시간을 재구성했다.
◇北, 풍계리 핵실험장 폭파 폐기 (24일 오전 11시 / H+00:00)
북한은 지난 24일 오전 11시부터 오후 4시 17분까지 5시간 17분 동안 한·미·영·중·러 5개국 기자단 30명이 지켜보는 가운데 풍계리 핵실험장을 폭파 방식으로 폐기했다.
핵실험장의 4개 갱도 중 2, 4, 3번 갱도 순으로 폭파했으며 핵실험장 부속 시설인 관측소 2곳, 단야장(鍛冶場·갱도 설비용 작업장), 생활건물 본부 등 5곳, 군(軍) 막사 2개 동도 폭파했다. 1번 갱도는 북한이 지난 2006년 10월 1차 핵실험 이후, 방사능 오염으로 사실상 폐쇄 상태인 것으로 알려졌다.
북한은 핵실험장 폐기 의식 종료 직후, 핵무기연구소 명의의 성명을 내고 “투명성이 철저히 보장된 핵시험장 폐기를 통해 공화국 정부의 평화 애호적 노력이 다시 한 번 확증되었다”며 “핵시험 중지는 세계적인 핵군축을 위한 중요한 과정”이라고 했다.
하지만 이날 풍계리 핵실험장 폐기 행사는 전문가들은 배제하고, 언론인들만 참관한 상태로 진행됐다. 이를 두고 일각에서는 전문가들에 의한 철저한 검증을 피하기 위한 것이라는 해석이 나오고 있다.
◇ 트럼프 편지공개 ‘싱가포르 회담 적절치 않다’ (24일 밤10시30분 / H+11:30)
북한의 풍계리 핵실험장 폐기 행사 후 나온 미국의 반응은 누구도 예상치 못했던 것이었다. 트럼프는 ‘환영’ 논평 대신 ‘거절의 편지’를 내밀었다.
트럼프 대통령은 24일 오전(현지시각, 한국시간으로 24일 밤 10시 30분 경) 공개된 편지에서 “매우 슬프게도 당신(김정은)은 공개적으로 적대적인 태도와 분노를 표출했다”며 “현 상황에서 미북 정상회담을 개최하는 것은 나에겐 매우 부적절하다고 느껴졌다”고 밝혔다. 다만 일말의 여지는 남겨뒀다. 그는 편지 말미에 “만약 마음을 바꾼다면 망설이지 말고 전화를 걸거나 편지를 써달라”고 했다.
이어 백악관에서 가진 기자회견에서 “이번 미북정상회담 취소는 북한과 세계에 엄청난 후퇴”라며 “김정은이 북한 주민을 위해 올바른 일을 하길 희망한다”고 말했다.
◇김계관 담화문 발표 “美와 마주앉을 용의 있다” (25일 아침 7시 30분 / H+20:30)
트럼프의 강경한 입장에 대응하는 북한의 태도는 ‘꼬리 내리기’였다. 김계관과 최선희 등의 입을 빌려 “조미수뇌회담 개최를 재고려할 수 있다”고 목소리를 내왔던 북한은 25일 오전 7시30분 조선중앙통신을 통해 발표한 김계관 명의의 담화문에서 “매우 유감스럽다”면서 “(미측과)아무때나 어떤 방식으로든 마주앉아 문제를 풀어나갈 용의가 있다”고 밝혔다.
“우리 국무위원회 위원장(김정은)께서도 트럼프 대통령과 만나면 좋은 시작을 뗄수 있을것이라고 하시면서 그를 위한 준비에 모든 노력을 기울여왔다...첫술에 배가 부를 리는 없겠지만 한가지씩이라도 단계별로 해결해나간다면 지금보다 관계가 좋아질 것”이라고 했다.
김계관은 이날 담화문 서두에서 ‘위임에 따른 것’이라고 밝혔다.
◇트럼프 “따뜻하고 좋은 반응이다” (25일 밤 9시 / H+34:30)
북한의 유감 표명 담화문을 받은 트럼프 대통령이 한결 누그러진 태도로 나왔다.
25일 오전 7시(현지시각) 트럼프는 자신의 트위터에 “북한으로부터 따뜻하고 생산적인 성명을 받은 것은 매우 좋은 소식”(Very good news to receive the warm and productive statement from North Korea)이라며 “이러한 북한의 행보가 어디로 흘러갈지, 장기적으로 번영과 평화를 가져다줄지 지켜보겠다”고 밝혔다.
◇트럼프 “6월12일 회담 열릴 가능성있다” (25일 밤 11시 / H+36:30)
같은 날 오전 9시 미국 해군사관학교 졸업식 참석을 앞두고 백악관에서 기자들과 만난 자리에서는 또 다시 ‘폭탄급’ 발언이 나왔다. 이번에는 ‘긍정의 폭탄’이었다.
트럼프 대통령은 “북한과 지금 대화하고 있다”며 “우리는 무슨 일이 일어날지 지켜봐야 하지만 (정상회담이) 6월 12일에 열릴 가능성도 있다. 북한이 정상회담 개최를 매우 원하고 있고, 우리도 회담 개최를 원한다”고 말했다.
◇北, 정상회담 제안…남북, 정상회담 준비 착수 (25일 밤~26일 오전 / H+48:00)
청와대 고위 관계자에 따르면 25일 오후부터 김영철 북한 노동당 부위원장 겸 통일전선부장이 서훈 국정원장에게 김정은의 구상이라며 “격의없는 소통을 했으면 한다”는 의사를 전해왔다.
참모들은 문 대통령에게 ‘핫라인 통화’ 보다는 ‘대면 대화’를 건의했다. 문 대통령은 “남북의 실무진이 통화를 통해서 협의하는 것보다 직접 만나서 허심탄회하게 대화 나누는 것이 좋겠다고 판단해서 전격 회담이 이뤄졌다”고 말했다.
문 대통령의 승락이 떨어진 뒤, 남북간 정상회담을 준비하기 위한 실무협의가 진행됐다. 청와대 고위 관계자는 “문 대통령이 승락한 뒤, 25일 밤부터 26일 오전까지 실무 준비를 해 26일 오후 정상회담이 개최됐다”고 말했다.
◇2차 남북정상회담 극비리에 개최 (26일 오후 3시~5시 / H+54:00)
남북 정상이 26일 오후 3시부터 5시까지 판문점 북측지역 통일각에서 정상회담을 극비리에 가졌다. 의전 행사는 최소화하고 실질적인 대화에 초점을 맞춘 정상회담이었다.
의제는 단연 미북정상회담 개최 여부였다. 문 대통령은 27일 오전 청와대 춘추관에서 가진 기자회견에서 “한반도의 비핵화와 항구적인 평화체제를 위한 우리의 여정은 결코 중단될 수 없다는 점을 확인하고, 이를 위해 긴밀히 상호협력하기로 했다”고 말했다.
이번 회담은 철통 보안 속에 진행됐다. 문 대통령은 이날 판문점으로 이동할 때 4·27 정상회담 당시 이용한 검정색 벤츠 차량이 아닌 은색 벤츠 차량을 이용했다. 사람들의 눈에 띄지 않게 하기 위해 경호 규모도 최소화했다. 청와대가 공개한 문 대통령의 판문점 도착 모습을 보면 평소보다 훨씬 적은 수의 차량이 동행했다.
청와대는 회담 종료 후 3시간이 지난 저녁 8시 쯤 기자단에 회담 개최 사실을 공개했다. 윤영찬 청와대 국민소통수석은 출입기자들에게 문자메시지를 보내 “문재인 대통령이 26일 오후 3시부터 5시까지 판문점 북측지역 통일각에서 김정은 국무위원장과 두 번째 정상회담을 가졌다”며 “두 정상이 이날 회담에서 4.27 판문점 선언의 이행과 북미 정상회담의 성공적 개최를 위해 허심탄회하게 의견을 교환했다”고 밝혔다.","""쾅쾅쾅"" 풍계리 폭파 후 54시간, 한반도 운명은 롤러코스터를 탔다
문재인 대통령과 김정은 북한 국무위원장 간의 2차 남북정상회담이 26일 오후 3시 판문점 북측지역 통일각에서 극비리에 진행됐다. 지난 24일 오전 11시 북한이 풍계리 핵실험장 폐기 의식을 돌입한지 54시간 만이다. 그 사이 한반도는 미북 정상회담 개최 여부를 놓고 홍역을 치뤘다. 깜짝 정상회담이 개최되기까지 54시간을 재구성했다.
◇北, 풍계리 핵실험장 폭파 폐기 (24일 오전 11시 / H+00:00)
북한은 지난 24일 오전 11시부터 오후 4시 17분까지 5시간 17분 동안 한·미·영·중·러 5개국 기자단 30명이 지켜보는 가운데 풍계리 핵실험장을 폭파 방식으로 폐기했다.
핵실험장의 4개 갱도 중 2, 4, 3번 갱도 순으로 폭파했으며 핵실험장 부속 시설인 관측소 2곳, 단야장(鍛冶場·갱도 설비용 작업장), 생활건물 본부 등 5곳, 군(軍) 막사 2개 동도 폭파했다. 1번 갱도는 북한이 지난 2006년 10월 1차 핵실험 이후, 방사능 오염으로 사실상 폐쇄 상태인 것으로 알려졌다.
북한은 핵실험장 폐기 의식 종료 직후, 핵무기연구소 명의의 성명을 내고 “투명성이 철저히 보장된 핵시험장 폐기를 통해 공화국 정부의 평화 애호적 노력이 다시 한 번 확증되었다”며 “핵시험 중지는 세계적인 핵군축을 위한 중요한 과정”이라고 했다.
하지만 이날 풍계리 핵실험장 폐기 행사는 전문가들은 배제하고, 언론인들만 참관한 상태로 진행됐다. 이를 두고 일각에서는 전문가들에 의한 철저한 검증을 피하기 위한 것이라는 해석이 나오고 있다.
◇ 트럼프 편지공개 ‘싱가포르 회담 적절치 않다’ (24일 밤10시30분 / H+11:30)
북한의 풍계리 핵실험장 폐기 행사 후 나온 미국의 반응은 누구도 예상치 못했던 것이었다. 트럼프는 ‘환영’ 논평 대신 ‘거절의 편지’를 내밀었다.
트럼프 대통령은 24일 오전(현지시각, 한국시간으로 24일 밤 10시 30분 경) 공개된 편지에서 “매우 슬프게도 당신(김정은)은 공개적으로 적대적인 태도와 분노를 표출했다”며 “현 상황에서 미북 정상회담을 개최하는 것은 나에겐 매우 부적절하다고 느껴졌다”고 밝혔다. 다만 일말의 여지는 남겨뒀다. 그는 편지 말미에 “만약 마음을 바꾼다면 망설이지 말고 전화를 걸거나 편지를 써달라”고 했다.
이어 백악관에서 가진 기자회견에서 “이번 미북정상회담 취소는 북한과 세계에 엄청난 후퇴”라며 “김정은이 북한 주민을 위해 올바른 일을 하길 희망한다”고 말했다.
◇김계관 담화문 발표 “美와 마주앉을 용의 있다” (25일 아침 7시 30분 / H+20:30)
트럼프의 강경한 입장에 대응하는 북한의 태도는 ‘꼬리 내리기’였다. 김계관과 최선희 등의 입을 빌려 “조미수뇌회담 개최를 재고려할 수 있다”고 목소리를 내왔던 북한은 25일 오전 7시30분 조선중앙통신을 통해 발표한 김계관 명의의 담화문에서 “매우 유감스럽다”면서 “(미측과)아무때나 어떤 방식으로든 마주앉아 문제를 풀어나갈 용의가 있다”고 밝혔다.
“우리 국무위원회 위원장(김정은)께서도 트럼프 대통령과 만나면 좋은 시작을 뗄수 있을것이라고 하시면서 그를 위한 준비에 모든 노력을 기울여왔다...첫술에 배가 부를 리는 없겠지만 한가지씩이라도 단계별로 해결해나간다면 지금보다 관계가 좋아질 것”이라고 했다.
김계관은 이날 담화문 서두에서 ‘위임에 따른 것’이라고 밝혔다.
◇트럼프 “따뜻하고 좋은 반응이다” (25일 밤 9시 / H+34:30)
북한의 유감 표명 담화문을 받은 트럼프 대통령이 한결 누그러진 태도로 나왔다.
25일 오전 7시(현지시각) 트럼프는 자신의 트위터에 “북한으로부터 따뜻하고 생산적인 성명을 받은 것은 매우 좋은 소식”(Very good news to receive the warm and productive statement from North Korea)이라며 “이러한 북한의 행보가 어디로 흘러갈지, 장기적으로 번영과 평화를 가져다줄지 지켜보겠다”고 밝혔다.
◇트럼프 “6월12일 회담 열릴 가능성있다” (25일 밤 11시 / H+36:30)
같은 날 오전 9시 미국 해군사관학교 졸업식 참석을 앞두고 백악관에서 기자들과 만난 자리에서는 또 다시 ‘폭탄급’ 발언이 나왔다. 이번에는 ‘긍정의 폭탄’이었다.
트럼프 대통령은 “북한과 지금 대화하고 있다”며 “우리는 무슨 일이 일어날지 지켜봐야 하지만 (정상회담이) 6월 12일에 열릴 가능성도 있다. 북한이 정상회담 개최를 매우 원하고 있고, 우리도 회담 개최를 원한다”고 말했다.
◇北, 정상회담 제안…남북, 정상회담 준비 착수 (25일 밤~26일 오전 / H+48:00)
청와대 고위 관계자에 따르면 25일 오후부터 김영철 북한 노동당 부위원장 겸 통일전선부장이 서훈 국정원장에게 김정은의 구상이라며 “격의없는 소통을 했으면 한다”는 의사를 전해왔다.
참모들은 문 대통령에게 ‘핫라인 통화’ 보다는 ‘대면 대화’를 건의했다. 문 대통령은 “남북의 실무진이 통화를 통해서 협의하는 것보다 직접 만나서 허심탄회하게 대화 나누는 것이 좋겠다고 판단해서 전격 회담이 이뤄졌다”고 말했다.
문 대통령의 승락이 떨어진 뒤, 남북간 정상회담을 준비하기 위한 실무협의가 진행됐다. 청와대 고위 관계자는 “문 대통령이 승락한 뒤, 25일 밤부터 26일 오전까지 실무 준비를 해 26일 오후 정상회담이 개최됐다”고 말했다.
◇2차 남북정상회담 극비리에 개최 (26일 오후 3시~5시 / H+54:00)
남북 정상이 26일 오후 3시부터 5시까지 판문점 북측지역 통일각에서 정상회담을 극비리에 가졌다. 의전 행사는 최소화하고 실질적인 대화에 초점을 맞춘 정상회담이었다.
의제는 단연 미북정상회담 개최 여부였다. 문 대통령은 27일 오전 청와대 춘추관에서 가진 기자회견에서 “한반도의 비핵화와 항구적인 평화체제를 위한 우리의 여정은 결코 중단될 수 없다는 점을 확인하고, 이를 위해 긴밀히 상호협력하기로 했다”고 말했다.
이번 회담은 철통 보안 속에 진행됐다. 문 대통령은 이날 판문점으로 이동할 때 4·27 정상회담 당시 이용한 검정색 벤츠 차량이 아닌 은색 벤츠 차량을 이용했다. 사람들의 눈에 띄지 않게 하기 위해 경호 규모도 최소화했다. 청와대가 공개한 문 대통령의 판문점 도착 모습을 보면 평소보다 훨씬 적은 수의 차량이 동행했다.
청와대는 회담 종료 후 3시간이 지난 저녁 8시 쯤 기자단에 회담 개최 사실을 공개했다. 윤영찬 청와대 국민소통수석은 출입기자들에게 문자메시지를 보내 “문재인 대통령이 26일 오후 3시부터 5시까지 판문점 북측지역 통일각에서 김정은 국무위원장과 두 번째 정상회담을 가졌다”며 “두 정상이 이날 회담에서 4.27 판문점 선언의 이행과 북미 정상회담의 성공적 개최를 위해 허심탄회하게 의견을 교환했다”고 밝혔다.",29,3268
iks_20180527_hankyoreh_editorial_001,Hankyoreh editorial 2018 May 27 corpus.txt,Hankyoreh,한겨레,editorial,2018-05-27,2018_may_summit,‘북-미 정상회담’ 돌파구 연 2차 남북정상회담,"트럼프 ‘북-미 정상회담 재추진’ 환영
남북 정상 격식 없는 수시 만남 의미
남-북-미 종전선언 시급히 추진해야","문재인 대통령과 김정은 국무위원장이 26일 판문점 북쪽 통일각에서 2차 남북정상회담을 열어 북-미 정상회담의 원상회복을 위한 중대한 전기를 마련했다. 도널드 트럼프 미국 대통령도 남북정상회담이 열린 뒤 ‘6월12일 싱가포르 북-미 정상회담’ 재추진 의사를 분명히 했다. 남북 정상의 신속한 만남과 적극적인 대응이 위기에 봉착한 북-미 정상회담을 다시 살려낸 것을 높이 평가한다. 이로써 북-미 관계의 길잡이로서 우리 정부의 입지도 더욱 단단해졌다고 할 것이다.
지난 며칠 사이 한반도를 둘러싼 정세는 숨 돌릴 틈도 없이 요동쳤다. 절정은 24일 트럼프 대통령의 갑작스러운 북-미 정상회담 취소 통보였다. 다행히 북한이 곧바로 정상회담 개최 의지를 밝히고 트럼프 대통령이 이를 환영하면서 희망의 불씨가 되살아났다. 이어 남북 정상이 사전 예고 없이 전격적으로 2차 정상회담을 열어 북-미 정상회담 추진의 확고한 뜻을 밝힘으로써 결정적인 반전이 이루어졌다. 아직 북-미 정상회담이 예정대로 열린다는 공식 확인은 나오지 않았지만 회담 개최가 기정사실로 굳어지고 있다고 보아도 좋을 것이다.
이번 남북정상회담의 가장 큰 소득은 북-미 정상회담에 대한 북한의 확고한 의지를 확인했다는 점이지만, 더 큰 의미는 북-미 정상회담을 무산 위기에 빠뜨린 근본 원인을 놓고 허심탄회한 대화가 이루어졌다는 데 있다. 미국은 북한의 단계적 비핵화 해법이 ‘완전한 비핵화’에 미치지 못하는 어설픈 결말로 이어지지 않을까 우려하는 데 반해, 북한은 미국의 일괄타결식 해법이 북한 체제를 보장해주지 못할까 걱정해 왔다. 문 대통령이 김 위원장에게 ‘북-미 적대관계를 종식하고 경제협력을 하겠다’는 트럼프 대통령의 생각을 전달함과 동시에, 김 위원장으로부터는 완전한 비핵화 의지를 확약받은 것은 큰 성과다. 특히 문 대통령이 ‘미국을 확실히 신뢰할 수 있는가가 김위원장의 걱정’이라고 밝힌 대목은 사태의 핵심을 보여준다. 북-미 정상회담이 성공하려면 바로 이 문제를 해결하는 것이 관건이라고 할 것이다. 남북정상회담 결과를 미국도 이미 공유해 북-미 사이 쟁점과 김 위원장의 속마음을 한층 또렷하게 알게 됐으니만큼, 북-미는 남은 시간 동안 이 문제에 대한 분명한 해법을 도출하는 데 힘써야 한다. 이미 트럼프 대통령이 ‘리비아식 해법’을 부인한 이상, 접점을 찾기는 어렵지 않을 것이다.
남북정상회담 개최가 알려진 뒤 트럼프 대통령이 내놓은 입장도 북-미 정상회담의 복원과 성공에 희망을 준다는 점에서 고무적이다. 트럼프 대통령은 26일(현지시각) <뉴욕 타임스>의 ‘6월12일 북-미 정상회담 불가능’ 보도를 강력하게 부인하고, 더 나아가 “북-미 정상회담 개최 검토는 변하지 않았다”고 밝혀 ‘6월12일 정상회담’ 복원 의사를 분명히 했다. 백악관이 북-미 정상회담 사전준비팀이 27일 싱가포르로 떠날 것이라고 밝힌 것도 정상회담이 예정대로 열릴 것임을 강력히 시사한 것이라는 점에서 주목할 만하다.
2차 남북정상회담은 개최 시기와 형식에서도 큰 의미가 있다. 4·27 판문점 정상회담 이후 한 달이 채 안 돼 이루어졌다는 점, 격식을 차리지 않고 회담 제의 하루 만에 신속하게 열렸다는 점, 당면 과제를 해결하는 데 집중하는 문제 해결형 회담이었다는 점은 전례를 찾아볼 수 없는 새로운 남북 정상의 만남 방식이라고 할 수 있다. 앞으로 난관이 있을 때마다 이런 실용적이고 격의 없는 만남을 활용한다면 남북관계 발전과 한반도 문제 해결에 큰 도움이 될 것이다.
이번 2차 정상회담에서 또 하나 주목할 것은 ‘남-북-미가 함께하는 종전선언’ 추진이다. 문 대통령은 남북정상회담 결과를 발표하면서 “북-미 정상회담이 성공하면 남-북-미 3자 정상회담을 통해 종전선언이 추진되면 좋겠다고 기대한다”고 밝혔다. 남-북-미의 종전선언은 북한의 체제 보장과 한반도 평화 정착의 첫 관문이라고 할 수 있다. 이와 관련해 트럼프 대통령이 25일 ‘필요하다면 북-미 정상회담이 연장될 것’이라고 밝힌 바 있는데, 남-북-미 3자 정상회담을 염두에 둔 것이라는 관측이 있다. 북-미 정상회담에 이어 남-북-미 정상이 만나 종전선언을 하는 방안을 우리 정부는 적극 추진할 필요가 있다.
이번 2차 정상회담에서 남북 정상이 잠시 소강상태에 빠졌던 남북대화를 재가동하기로 한 것도 의미 있는 일이다. 남북관계는 북-미 관계와 연동돼 있고 북-미 관계가 뚫리지 않는 한 남북관계의 획기적 발전에 장애가 많을 수밖에 없다. 하지만 남북이 남북관계를 자주적으로 풀어감으로써 북-미 관계 진전의 동력을 키운다는 발상도 필요하다. 남북은 국면이 어려울 때일수록 더욱 적극적으로 만날 필요가 있다.
북-미 협상 교착 국면에서 열린 2차 남북정상회담은 한반도 평화를 위한 남북의 공동 노력을 보여준 뜻깊은 사건이다. 그러나 북-미 정상회담이 실제로 열리기까지는 아직도 시간이 남아 있다. 남북은 마지막까지 긴장을 놓지 말고 북-미 회담 성공이 한반도 평화의 새 장을 열 수 있도록 최선을 다해주기 바란다.","‘북-미 정상회담’ 돌파구 연 2차 남북정상회담
트럼프 ‘북-미 정상회담 재추진’ 환영
남북 정상 격식 없는 수시 만남 의미
남-북-미 종전선언 시급히 추진해야
문재인 대통령과 김정은 국무위원장이 26일 판문점 북쪽 통일각에서 2차 남북정상회담을 열어 북-미 정상회담의 원상회복을 위한 중대한 전기를 마련했다. 도널드 트럼프 미국 대통령도 남북정상회담이 열린 뒤 ‘6월12일 싱가포르 북-미 정상회담’ 재추진 의사를 분명히 했다. 남북 정상의 신속한 만남과 적극적인 대응이 위기에 봉착한 북-미 정상회담을 다시 살려낸 것을 높이 평가한다. 이로써 북-미 관계의 길잡이로서 우리 정부의 입지도 더욱 단단해졌다고 할 것이다.
지난 며칠 사이 한반도를 둘러싼 정세는 숨 돌릴 틈도 없이 요동쳤다. 절정은 24일 트럼프 대통령의 갑작스러운 북-미 정상회담 취소 통보였다. 다행히 북한이 곧바로 정상회담 개최 의지를 밝히고 트럼프 대통령이 이를 환영하면서 희망의 불씨가 되살아났다. 이어 남북 정상이 사전 예고 없이 전격적으로 2차 정상회담을 열어 북-미 정상회담 추진의 확고한 뜻을 밝힘으로써 결정적인 반전이 이루어졌다. 아직 북-미 정상회담이 예정대로 열린다는 공식 확인은 나오지 않았지만 회담 개최가 기정사실로 굳어지고 있다고 보아도 좋을 것이다.
이번 남북정상회담의 가장 큰 소득은 북-미 정상회담에 대한 북한의 확고한 의지를 확인했다는 점이지만, 더 큰 의미는 북-미 정상회담을 무산 위기에 빠뜨린 근본 원인을 놓고 허심탄회한 대화가 이루어졌다는 데 있다. 미국은 북한의 단계적 비핵화 해법이 ‘완전한 비핵화’에 미치지 못하는 어설픈 결말로 이어지지 않을까 우려하는 데 반해, 북한은 미국의 일괄타결식 해법이 북한 체제를 보장해주지 못할까 걱정해 왔다. 문 대통령이 김 위원장에게 ‘북-미 적대관계를 종식하고 경제협력을 하겠다’는 트럼프 대통령의 생각을 전달함과 동시에, 김 위원장으로부터는 완전한 비핵화 의지를 확약받은 것은 큰 성과다. 특히 문 대통령이 ‘미국을 확실히 신뢰할 수 있는가가 김위원장의 걱정’이라고 밝힌 대목은 사태의 핵심을 보여준다. 북-미 정상회담이 성공하려면 바로 이 문제를 해결하는 것이 관건이라고 할 것이다. 남북정상회담 결과를 미국도 이미 공유해 북-미 사이 쟁점과 김 위원장의 속마음을 한층 또렷하게 알게 됐으니만큼, 북-미는 남은 시간 동안 이 문제에 대한 분명한 해법을 도출하는 데 힘써야 한다. 이미 트럼프 대통령이 ‘리비아식 해법’을 부인한 이상, 접점을 찾기는 어렵지 않을 것이다.
남북정상회담 개최가 알려진 뒤 트럼프 대통령이 내놓은 입장도 북-미 정상회담의 복원과 성공에 희망을 준다는 점에서 고무적이다. 트럼프 대통령은 26일(현지시각) <뉴욕 타임스>의 ‘6월12일 북-미 정상회담 불가능’ 보도를 강력하게 부인하고, 더 나아가 “북-미 정상회담 개최 검토는 변하지 않았다”고 밝혀 ‘6월12일 정상회담’ 복원 의사를 분명히 했다. 백악관이 북-미 정상회담 사전준비팀이 27일 싱가포르로 떠날 것이라고 밝힌 것도 정상회담이 예정대로 열릴 것임을 강력히 시사한 것이라는 점에서 주목할 만하다.
2차 남북정상회담은 개최 시기와 형식에서도 큰 의미가 있다. 4·27 판문점 정상회담 이후 한 달이 채 안 돼 이루어졌다는 점, 격식을 차리지 않고 회담 제의 하루 만에 신속하게 열렸다는 점, 당면 과제를 해결하는 데 집중하는 문제 해결형 회담이었다는 점은 전례를 찾아볼 수 없는 새로운 남북 정상의 만남 방식이라고 할 수 있다. 앞으로 난관이 있을 때마다 이런 실용적이고 격의 없는 만남을 활용한다면 남북관계 발전과 한반도 문제 해결에 큰 도움이 될 것이다.
이번 2차 정상회담에서 또 하나 주목할 것은 ‘남-북-미가 함께하는 종전선언’ 추진이다. 문 대통령은 남북정상회담 결과를 발표하면서 “북-미 정상회담이 성공하면 남-북-미 3자 정상회담을 통해 종전선언이 추진되면 좋겠다고 기대한다”고 밝혔다. 남-북-미의 종전선언은 북한의 체제 보장과 한반도 평화 정착의 첫 관문이라고 할 수 있다. 이와 관련해 트럼프 대통령이 25일 ‘필요하다면 북-미 정상회담이 연장될 것’이라고 밝힌 바 있는데, 남-북-미 3자 정상회담을 염두에 둔 것이라는 관측이 있다. 북-미 정상회담에 이어 남-북-미 정상이 만나 종전선언을 하는 방안을 우리 정부는 적극 추진할 필요가 있다.
이번 2차 정상회담에서 남북 정상이 잠시 소강상태에 빠졌던 남북대화를 재가동하기로 한 것도 의미 있는 일이다. 남북관계는 북-미 관계와 연동돼 있고 북-미 관계가 뚫리지 않는 한 남북관계의 획기적 발전에 장애가 많을 수밖에 없다. 하지만 남북이 남북관계를 자주적으로 풀어감으로써 북-미 관계 진전의 동력을 키운다는 발상도 필요하다. 남북은 국면이 어려울 때일수록 더욱 적극적으로 만날 필요가 있다.
북-미 협상 교착 국면에서 열린 2차 남북정상회담은 한반도 평화를 위한 남북의 공동 노력을 보여준 뜻깊은 사건이다. 그러나 북-미 정상회담이 실제로 열리기까지는 아직도 시간이 남아 있다. 남북은 마지막까지 긴장을 놓지 말고 북-미 회담 성공이 한반도 평화의 새 장을 열 수 있도록 최선을 다해주기 바란다.",8,2433
iks_20180527_hankyoreh_editorial_002,Hankyoreh editorial 2018 May 27 corpus.txt,Hankyoreh,한겨레,editorial,2018-05-27,2018_may_summit,누가 당신의 진짜 이웃인가,다문화 ‘생활’ 통역,"판문점 남북정상회담으로 한창 ‘우리 민족끼리' 백열되어 있던 2주간, 한반도에서 조금 떨어진 이웃나라 중국에 사는 처지라, 당사자인 듯 아닌 듯 상하좌우의 풍경을 두루 살펴볼 수 있었다.
안산에 사는 재일동포 3세 미수님은 일본 시민들이 3개월간 전세계를 배로 유람하고 학습하며 일본과 세계의 평화를 회고하도록 돕는 ‘피스보트’ 프로그램의 실무자로 오랜 기간 일했는데, 지금은 한·일 시민들이 함께 참여하며 서로를 깊이 이해하는 경험을 제공하는 공동창작 뮤지컬을 운영하고 있다. 판문점 회담을 전후하여 그의 ‘페북’은 시시각각, 특히 일본의 지인들에게 남북정상회담의 역사적 의의를 전달하는 속보로 가득했고, 또 대부분의 일본인 친구들은 ‘좋아요’와 축복의 댓글로 화답했다.
중국의 서쪽 끝 청두에 사는 재중동포 3세 은실님은 중국 농민들이 유기농으로 전환함으로써 도시민에게는 건강한 음식, 농민에게는 생태적인 자연환경을 되돌려주는 일을 돕고 있다. 나는 남북정상회담 그날, 여느 한국인들처럼 살짝 기쁨에 겨워, 점심부터 맥주 한잔하면서 “오늘은 즐거운 날”이라고 중국판 카톡인 ‘위챗’에 사진을 올렸는데, 그녀는 ‘미’ 의문부호를 남겼다. 그러다가 무슨 일이 있었는지 나중에 알아차렸다며, ‘멋쩍은 웃음’ 이모티콘을 다시 답글로 남겼다. 그날 사진을 보고 사정을 이해한 중국인 친구들은 절반을 넘지 않았다.
한국 매체에는 동아시아 국제관계 전문가들의 어지러운 평론 글이 지면을 가득 메우고 있다. 그런데 이 바둑판 돌 두듯 하는 판세분석을 계속 듣다 보니, 어째 트럼프나 아베, 시진핑, 김정은이 동네 아저씨나 이웃집 청년처럼 느껴진다. 특히 김어준의 방송을 듣거나, 대척점의 ‘조중동’을 읽으며 조바심하다 보면 외교관, 언론인도 아닌 우리 같은 ‘장삼이사’로서는 감정이입의 과잉이 아닌가 하는 생각이 들기도 한다. 의견이 갈려 친구나 동료 간에 핏대라도 올리게 되는 상황이라면 더욱 그러하다. 결국 먼 나라 트럼프 아저씨는 우리의 짝사랑을 비웃기라도 하듯, 바둑판을 확 뒤집어 버렸다.
사실, 가까운 이웃나라에서 큰일이 벌어져도 무슨 일이 일어나는지 실시간으로 알아차리기는 쉽지 않다. 또 인터넷 등의 뉴미디어가 발달한 지금, 넘쳐나는 ‘정보의 거품’ 속에서 정확하고 적절한 정보를 가려내는 것도 고난도 과제이다. 그런 역사적 사건들이 우리 삶에 일상적으로 미치는 영향이 어떤 것인지 제대로 파악하기는 더 어렵다.
인터넷 덕분에, 그리고 외국 출입이 잦아져 이제 외국에 지인 한두명은 있는 경우가 많다. 외국어 실력도 다들 만만찮다. 그쪽 친구들에게 오랜만에 안부나 한번 전해 보자. 미국, 일본, 중국이라면 더욱 좋겠다. 그래서 남북회담이 한반도의 평화를 위해 얼마나 중요한지, 성공적인 북-미 회담을 왜 우리가 그렇게 갈망하는지 조곤조곤 설명해 보자. 외국에 사는 한국인들, 특히 중국처럼 북한 식당이 있는 도시에 사는 분들은 현지 친구들에게 평양냉면 한 그릇 ‘쏘면’ 금상첨화겠다.
복잡한 국제정치역학을 다 공부하려 들 필요는 없다. 정의로워 보이지만 큰 틀에서 미국 엘리트 집단의 이익을 대변한 오바마가 아니라, 장사꾼 트럼프 개인의 셈속에 희망을 걸어야 하는 이 역설적인 상황에 어떻게 전모를 파악하겠나. 우리의 소원은 어마무시한 통일도 아니고, 그저 전쟁의 공포 없이 공생하며 번영하는 한반도의 평화체제일 뿐이라고 이야기해 보자. 물론 외국인 친구가 물냉면을 좋아할지 비빔냉면을 좋아할지는 알 수 없다.","누가 당신의 진짜 이웃인가
다문화 ‘생활’ 통역
판문점 남북정상회담으로 한창 ‘우리 민족끼리' 백열되어 있던 2주간, 한반도에서 조금 떨어진 이웃나라 중국에 사는 처지라, 당사자인 듯 아닌 듯 상하좌우의 풍경을 두루 살펴볼 수 있었다.
안산에 사는 재일동포 3세 미수님은 일본 시민들이 3개월간 전세계를 배로 유람하고 학습하며 일본과 세계의 평화를 회고하도록 돕는 ‘피스보트’ 프로그램의 실무자로 오랜 기간 일했는데, 지금은 한·일 시민들이 함께 참여하며 서로를 깊이 이해하는 경험을 제공하는 공동창작 뮤지컬을 운영하고 있다. 판문점 회담을 전후하여 그의 ‘페북’은 시시각각, 특히 일본의 지인들에게 남북정상회담의 역사적 의의를 전달하는 속보로 가득했고, 또 대부분의 일본인 친구들은 ‘좋아요’와 축복의 댓글로 화답했다.
중국의 서쪽 끝 청두에 사는 재중동포 3세 은실님은 중국 농민들이 유기농으로 전환함으로써 도시민에게는 건강한 음식, 농민에게는 생태적인 자연환경을 되돌려주는 일을 돕고 있다. 나는 남북정상회담 그날, 여느 한국인들처럼 살짝 기쁨에 겨워, 점심부터 맥주 한잔하면서 “오늘은 즐거운 날”이라고 중국판 카톡인 ‘위챗’에 사진을 올렸는데, 그녀는 ‘미’ 의문부호를 남겼다. 그러다가 무슨 일이 있었는지 나중에 알아차렸다며, ‘멋쩍은 웃음’ 이모티콘을 다시 답글로 남겼다. 그날 사진을 보고 사정을 이해한 중국인 친구들은 절반을 넘지 않았다.
한국 매체에는 동아시아 국제관계 전문가들의 어지러운 평론 글이 지면을 가득 메우고 있다. 그런데 이 바둑판 돌 두듯 하는 판세분석을 계속 듣다 보니, 어째 트럼프나 아베, 시진핑, 김정은이 동네 아저씨나 이웃집 청년처럼 느껴진다. 특히 김어준의 방송을 듣거나, 대척점의 ‘조중동’을 읽으며 조바심하다 보면 외교관, 언론인도 아닌 우리 같은 ‘장삼이사’로서는 감정이입의 과잉이 아닌가 하는 생각이 들기도 한다. 의견이 갈려 친구나 동료 간에 핏대라도 올리게 되는 상황이라면 더욱 그러하다. 결국 먼 나라 트럼프 아저씨는 우리의 짝사랑을 비웃기라도 하듯, 바둑판을 확 뒤집어 버렸다.
사실, 가까운 이웃나라에서 큰일이 벌어져도 무슨 일이 일어나는지 실시간으로 알아차리기는 쉽지 않다. 또 인터넷 등의 뉴미디어가 발달한 지금, 넘쳐나는 ‘정보의 거품’ 속에서 정확하고 적절한 정보를 가려내는 것도 고난도 과제이다. 그런 역사적 사건들이 우리 삶에 일상적으로 미치는 영향이 어떤 것인지 제대로 파악하기는 더 어렵다.
인터넷 덕분에, 그리고 외국 출입이 잦아져 이제 외국에 지인 한두명은 있는 경우가 많다. 외국어 실력도 다들 만만찮다. 그쪽 친구들에게 오랜만에 안부나 한번 전해 보자. 미국, 일본, 중국이라면 더욱 좋겠다. 그래서 남북회담이 한반도의 평화를 위해 얼마나 중요한지, 성공적인 북-미 회담을 왜 우리가 그렇게 갈망하는지 조곤조곤 설명해 보자. 외국에 사는 한국인들, 특히 중국처럼 북한 식당이 있는 도시에 사는 분들은 현지 친구들에게 평양냉면 한 그릇 ‘쏘면’ 금상첨화겠다.
복잡한 국제정치역학을 다 공부하려 들 필요는 없다. 정의로워 보이지만 큰 틀에서 미국 엘리트 집단의 이익을 대변한 오바마가 아니라, 장사꾼 트럼프 개인의 셈속에 희망을 걸어야 하는 이 역설적인 상황에 어떻게 전모를 파악하겠나. 우리의 소원은 어마무시한 통일도 아니고, 그저 전쟁의 공포 없이 공생하며 번영하는 한반도의 평화체제일 뿐이라고 이야기해 보자. 물론 외국인 친구가 물냉면을 좋아할지 비빔냉면을 좋아할지는 알 수 없다.",7,1688
iks_20180527_hankyoreh_editorial_003,Hankyoreh editorial 2018 May 27 corpus.txt,Hankyoreh,한겨레,editorial,2018-05-27,2018_may_summit,북-미 정상회담 살리기,,"북-미 정상회담 관련 뉴스가 하루가 멀다 하고 반전에 반전을 거듭하고 있다. 문재인 대통령이 주연으로 나서 비교적 안정적이었던 초반부와 달리, 도널드 트럼프 미국 대통령이 주연으로 등장한 중반부가 되면서 마치 ‘트럼프 쇼’를 보는 듯한 느낌마저 들 정도다.
트럼프는 스스로 ‘거래의 달인’이라고 자랑한다. 그러나 그 거래의 기술이란 것도 자세히 들여다보면 아주 단순하다. 자신의 최대치 목표를 세운 뒤 이를 쟁취하기 위해 온갖 허풍과 협박을 동원하고, 맘에 맞지 않으면 아예 판을 뒤집기도 한다. 상대방을 충격과 혼란에 빠뜨려 최대한의 양보를 얻어내려는 것이다. 뉴욕 맨해튼의 부동산 거래에서 단련된 수법이다.
우리는 이미 한-미 자유무역협정(FTA) 개정 협상에서 이를 경험했다. 그는 대선 과정에서 한-미 에프티에이 폐기 카드를 꺼내들어 기선을 제압하더니, 협상 마지막엔 철강 보복관세라는 별개 이슈까지 꺼내드는 현란함을 연출한 뒤 이익을 톡톡히 챙겨 갔다. 북핵 협상에서도 이런 익숙한 패턴이 반복되고 있다. 그는 정상회담 취소라는 극단적인 카드까지 꺼내들어 최대한의 압박을 가하고 있다.
문제는 트럼프의 이런 ‘원맨쇼’를 제어하기가 쉽지 않다는 점이다. 입법·사법·행정부의 ‘견제와 균형’으로 꽃피운 미국 민주주의 시스템도 트럼프의 독불장군식 행보에 심각하게 훼손당하고 있는데, 국제정치 무대에서도 마찬가지 상황이 연출되고 있다. 정상 간의 회담 약속을 마치 부동산 거래를 하면서 가격이 맘에 들지 않는다며 계약을 취소하는 것처럼 일방적으로 뒤집는 것은 있을 수 없는 일이다.
물론 트럼프라는 괴짜 정치인이 등장했기에 북-미 정상회담의 성사가 눈앞에 다가온 것도 사실이다. 전임 오바마 행정부를 워싱턴에서 3년간 지켜본 바로는, 미국의 기성 정치인이나 고위 관료 중 그 누구도 북한과의 협상에 주도적으로 나서려 하지 않았다. 실패에 따른 책임을 지고 싶지 않기 때문이다. ‘핵 없는 세상’을 외치며 노벨평화상을 ‘선불’로 받았던 오바마마저도 ‘전략적 인내’라는 그럴듯한 수사를 내세우며 수수방관했고, 그러는 사이 북한의 핵능력은 강화됐다. 그런 만큼 천신만고 끝에 마련된 이번 기회를 어떻게든 성공시켜야 한다. 그러기 위해선 미국과 북한이 더 진지한 태도로 협상에 임하도록 한국과 중국이 협상 과정에 깊숙이 개입할 필요가 있다.
26일 열린 남북정상회담은 문 대통령이 북-미 협상의 ‘촉진자’로서 얼마나 중요한 역할을 할 수 있는지를 상징적으로 보여줬다. 문 대통령은 ‘비핵화를 할 경우 적대관계 종식 및 경제협력에 나설 것’이라는 트럼프의 메시지를 김정은 위원장에게 전했고, 김 위원장으로부터는 ‘완벽한 비핵화’ 의지 확인과 함께 ‘체제 안전 보장'에 대한 걱정을 청취해 미국 쪽에 전달했다. 미국과 쿠바가 반세기 만의 적대관계를 청산할 때 교황청이 중재자로 나섰던 것처럼, 오랜 기간 적대적 관계였던 국가 간의 해빙에는 ‘정직한 중재자’의 역할이 반드시 필요하다. 서로가 상대방의 진짜 의도를 반신반의하기 때문이다. 또한 미국의 힘이 워낙 압도적이기 때문에 중국을 종전선언과 평화협정 체결에 참여하게 해 ‘균형추’ 구실을 하도록 해야 할 것이다.
북한은 일관되게 신뢰 구축 조처를 취해야 한다. 기존 북-미 협상의 실패 책임이 어느 쪽에 있든지 간에, 미국엔 북한에 대한 불신 분위기가 가득 차 있다는 점을 유념해야 한다. 만에 하나 사전 의제 조율이 되지 않아 이번에 회담이 무산되더라도 핵실험장 폐기와 같은 신뢰구축 조처를 이어가야 한다. 미국의 무리한 요구나 협박에는 당당하게 대응해야겠지만 불필요하게 과장된 벼랑끝 전술을 펴는 관성에서 벗어나야 한다.","북-미 정상회담 살리기
북-미 정상회담 관련 뉴스가 하루가 멀다 하고 반전에 반전을 거듭하고 있다. 문재인 대통령이 주연으로 나서 비교적 안정적이었던 초반부와 달리, 도널드 트럼프 미국 대통령이 주연으로 등장한 중반부가 되면서 마치 ‘트럼프 쇼’를 보는 듯한 느낌마저 들 정도다.
트럼프는 스스로 ‘거래의 달인’이라고 자랑한다. 그러나 그 거래의 기술이란 것도 자세히 들여다보면 아주 단순하다. 자신의 최대치 목표를 세운 뒤 이를 쟁취하기 위해 온갖 허풍과 협박을 동원하고, 맘에 맞지 않으면 아예 판을 뒤집기도 한다. 상대방을 충격과 혼란에 빠뜨려 최대한의 양보를 얻어내려는 것이다. 뉴욕 맨해튼의 부동산 거래에서 단련된 수법이다.
우리는 이미 한-미 자유무역협정(FTA) 개정 협상에서 이를 경험했다. 그는 대선 과정에서 한-미 에프티에이 폐기 카드를 꺼내들어 기선을 제압하더니, 협상 마지막엔 철강 보복관세라는 별개 이슈까지 꺼내드는 현란함을 연출한 뒤 이익을 톡톡히 챙겨 갔다. 북핵 협상에서도 이런 익숙한 패턴이 반복되고 있다. 그는 정상회담 취소라는 극단적인 카드까지 꺼내들어 최대한의 압박을 가하고 있다.
문제는 트럼프의 이런 ‘원맨쇼’를 제어하기가 쉽지 않다는 점이다. 입법·사법·행정부의 ‘견제와 균형’으로 꽃피운 미국 민주주의 시스템도 트럼프의 독불장군식 행보에 심각하게 훼손당하고 있는데, 국제정치 무대에서도 마찬가지 상황이 연출되고 있다. 정상 간의 회담 약속을 마치 부동산 거래를 하면서 가격이 맘에 들지 않는다며 계약을 취소하는 것처럼 일방적으로 뒤집는 것은 있을 수 없는 일이다.
물론 트럼프라는 괴짜 정치인이 등장했기에 북-미 정상회담의 성사가 눈앞에 다가온 것도 사실이다. 전임 오바마 행정부를 워싱턴에서 3년간 지켜본 바로는, 미국의 기성 정치인이나 고위 관료 중 그 누구도 북한과의 협상에 주도적으로 나서려 하지 않았다. 실패에 따른 책임을 지고 싶지 않기 때문이다. ‘핵 없는 세상’을 외치며 노벨평화상을 ‘선불’로 받았던 오바마마저도 ‘전략적 인내’라는 그럴듯한 수사를 내세우며 수수방관했고, 그러는 사이 북한의 핵능력은 강화됐다. 그런 만큼 천신만고 끝에 마련된 이번 기회를 어떻게든 성공시켜야 한다. 그러기 위해선 미국과 북한이 더 진지한 태도로 협상에 임하도록 한국과 중국이 협상 과정에 깊숙이 개입할 필요가 있다.
26일 열린 남북정상회담은 문 대통령이 북-미 협상의 ‘촉진자’로서 얼마나 중요한 역할을 할 수 있는지를 상징적으로 보여줬다. 문 대통령은 ‘비핵화를 할 경우 적대관계 종식 및 경제협력에 나설 것’이라는 트럼프의 메시지를 김정은 위원장에게 전했고, 김 위원장으로부터는 ‘완벽한 비핵화’ 의지 확인과 함께 ‘체제 안전 보장'에 대한 걱정을 청취해 미국 쪽에 전달했다. 미국과 쿠바가 반세기 만의 적대관계를 청산할 때 교황청이 중재자로 나섰던 것처럼, 오랜 기간 적대적 관계였던 국가 간의 해빙에는 ‘정직한 중재자’의 역할이 반드시 필요하다. 서로가 상대방의 진짜 의도를 반신반의하기 때문이다. 또한 미국의 힘이 워낙 압도적이기 때문에 중국을 종전선언과 평화협정 체결에 참여하게 해 ‘균형추’ 구실을 하도록 해야 할 것이다.
북한은 일관되게 신뢰 구축 조처를 취해야 한다. 기존 북-미 협상의 실패 책임이 어느 쪽에 있든지 간에, 미국엔 북한에 대한 불신 분위기가 가득 차 있다는 점을 유념해야 한다. 만에 하나 사전 의제 조율이 되지 않아 이번에 회담이 무산되더라도 핵실험장 폐기와 같은 신뢰구축 조처를 이어가야 한다. 미국의 무리한 요구나 협박에는 당당하게 대응해야겠지만 불필요하게 과장된 벼랑끝 전술을 펴는 관성에서 벗어나야 한다.",7,1774
iks_20180527_hankyoreh_editorial_004,Hankyoreh editorial 2018 May 27 corpus.txt,Hankyoreh,한겨레,editorial,2018-05-27,2018_may_summit,"판문점선언 지지 결의안, 국회의 당연한 책무다",,"국회가 28일 열릴 본회의에서 문재인 대통령과 김정은 북한 국무위원장의 ‘4·27 판문점선언’ 지지 결의안을 채택할지 여부에 관심이 모아지고 있다. 더불어민주당은 결의안 채택을 적극 추진하는 반면, 자유한국당은 ‘북핵 폐기 결의안’이 돼야 한다는 태도여서 여야가 합의할 수 있을지 불투명하다. 남북 정상이 26일 2차 정상회담까지 한 마당에 여야 정치권이 이를 뒷받침하는 것은 당연한 일이다. 당리당략을 따질 일이 아닌 만큼 야당은 성숙한 자세로 판단해야 한다.
여야는 지난 18일 국회 정상화에 합의할 때 ‘판문점선언을 지지하고 북-미 정상회담의 성공적 개최를 촉구’하는 내용의 결의안을 28일 본회의에서 채택하기로 한 바 있다. 이후 도널드 트럼프 미국 대통령이 북-미 정상회담을 취소하면서 결의안 채택이 어려운 것 아닌가 하는 관측이 나왔다. 하지만 트럼프 대통령이 다시 북-미 정상회담을 기정사실화하고 있고, 남북 정상이 통일각에서 다시 만나 판문점선언 이행을 거듭 천명한 만큼 결의안 채택에는 아무런 장애가 없다. 오히려 국회가 결의안을 채택해 남-북-미 정상들이 모처럼 찾아온 기회를 잘 살릴 수 있도록 지원하는 게 상식적이다.
그럼에도 자유한국당이 5·26 남북정상회담 결과를 평가절하하면서 오히려 북핵 폐기 결의안을 주장하는 것은 이해하기 어렵다. 홍준표 대표는 27일 “어제 남북 정상 합의문에는 한반도 비핵화만 있을 뿐 북핵 폐기 관련된 내용은 어디에서도 찾아볼 수 없다” “결의안은 북핵 폐기 결의안이 되는 게 맞다”고 말했다. 남북정상회담에서 북핵 폐기 방안까지 내놓아야 한다는 건 무리한 요구다. 북핵 폐기의 구체적 실현 방안은 북-미 정상회담의 최대 의제다. 북-미가 핵 폐기와 체제 보장을 서로 주고받아야 하기 때문이다. 자유한국당의 이런 태도는 국제정치 현실을 외면한 아전인수식 해석이라는 비판을 받을 만하다.
남북 정상이 한달 새 두 차례나 만나 평화와 번영을 위해 지혜를 모은 건 전대미문의 사건이다. 북-미 정상회담 개최 및 성공 전망을 한층 밝혀주는 쾌거다. 한반도 정세는 급변하는데 국내 정치권이 오히려 이를 따라가지 못하는 형국이다. 자유한국당도 대승적 자세로 한반도 대전환의 역사에 동참해야 한다. 그렇게 하는 게 잃어버린 국민의 신뢰를 다시 얻는 길이다.","판문점선언 지지 결의안, 국회의 당연한 책무다
국회가 28일 열릴 본회의에서 문재인 대통령과 김정은 북한 국무위원장의 ‘4·27 판문점선언’ 지지 결의안을 채택할지 여부에 관심이 모아지고 있다. 더불어민주당은 결의안 채택을 적극 추진하는 반면, 자유한국당은 ‘북핵 폐기 결의안’이 돼야 한다는 태도여서 여야가 합의할 수 있을지 불투명하다. 남북 정상이 26일 2차 정상회담까지 한 마당에 여야 정치권이 이를 뒷받침하는 것은 당연한 일이다. 당리당략을 따질 일이 아닌 만큼 야당은 성숙한 자세로 판단해야 한다.
여야는 지난 18일 국회 정상화에 합의할 때 ‘판문점선언을 지지하고 북-미 정상회담의 성공적 개최를 촉구’하는 내용의 결의안을 28일 본회의에서 채택하기로 한 바 있다. 이후 도널드 트럼프 미국 대통령이 북-미 정상회담을 취소하면서 결의안 채택이 어려운 것 아닌가 하는 관측이 나왔다. 하지만 트럼프 대통령이 다시 북-미 정상회담을 기정사실화하고 있고, 남북 정상이 통일각에서 다시 만나 판문점선언 이행을 거듭 천명한 만큼 결의안 채택에는 아무런 장애가 없다. 오히려 국회가 결의안을 채택해 남-북-미 정상들이 모처럼 찾아온 기회를 잘 살릴 수 있도록 지원하는 게 상식적이다.
그럼에도 자유한국당이 5·26 남북정상회담 결과를 평가절하하면서 오히려 북핵 폐기 결의안을 주장하는 것은 이해하기 어렵다. 홍준표 대표는 27일 “어제 남북 정상 합의문에는 한반도 비핵화만 있을 뿐 북핵 폐기 관련된 내용은 어디에서도 찾아볼 수 없다” “결의안은 북핵 폐기 결의안이 되는 게 맞다”고 말했다. 남북정상회담에서 북핵 폐기 방안까지 내놓아야 한다는 건 무리한 요구다. 북핵 폐기의 구체적 실현 방안은 북-미 정상회담의 최대 의제다. 북-미가 핵 폐기와 체제 보장을 서로 주고받아야 하기 때문이다. 자유한국당의 이런 태도는 국제정치 현실을 외면한 아전인수식 해석이라는 비판을 받을 만하다.
남북 정상이 한달 새 두 차례나 만나 평화와 번영을 위해 지혜를 모은 건 전대미문의 사건이다. 북-미 정상회담 개최 및 성공 전망을 한층 밝혀주는 쾌거다. 한반도 정세는 급변하는데 국내 정치권이 오히려 이를 따라가지 못하는 형국이다. 자유한국당도 대승적 자세로 한반도 대전환의 역사에 동참해야 한다. 그렇게 하는 게 잃어버린 국민의 신뢰를 다시 얻는 길이다.",4,1118
iks_20180527_hankyoreh_news_001,Hankyoreh news 2018 May 27 corpus.txt,Hankyoreh,한겨레,news,2018-05-27,2018_may_summit,‘도보다리 신뢰’ 밑돌로…제안 하루만에 ‘두 번째 정상회담’,"‘2차 남북정상회담’ 막전막후
‘서훈-김영철 라인’서 만남 주선
남북간 여러 소통경로 중 하나
문 대통령, 핫라인 소통 모색 중 성사
청와대서도 극소수만 사전에 알아
“언제든 회담 가능해져 이례적 진전”","문재인 대통령과 김정은 북한 국무위원장 사이의 2차 남북 정상회담은 25일 김 위원장이 만남을 먼저 제안한 지 하루만에 ‘빠르고 은밀히’ 이뤄졌다. 이 과정에서 서훈 국가정보원장과 김영철 북한 통일전선부장 사이 소통 경로가 큰 구실을 했다.
문 대통령은 27일 청와대 춘추관에서 한 기자회견에서 “김 위원장이 그제(25일) 오후 일체의 형식없이 만나고 싶다는 뜻을 전해왔고, 저는 흔쾌히 수락했다”고 말했다. 25일은 도널드 트럼프 미국 대통령이 6·12 북-미 정상회담 취소를 발표한 다음날이다. 문 대통령은 “4·27 판문점 선언의 후속 조치 이행과 6월12일 북-미 정상회담을 앞둔 준비과정에서 약간의 어려운 사정들이 있었다”며 “그런 상황에서 북한의 김정은 위원장이 (정상회담을) 요청해왔고, 남북의 실무진이 통화를 해 협의하는 것보다 직접 만나 허심탄회하게 대화를 나누는 것이 좋겠다고 판단해 전격적으로 회담이 이뤄진 것이다”라고 설명했다. 문 대통령은 “북-미 정상회담의 성공을 일궈내는 것, 그리고 또 4·27 판문점 선언의 신속한 이행을 함께 해 나가는 것이 매우 중요한 시점이라고 봤다”고 덧붙였다. 문 대통령이 김 위원장과의 직통전화(핫 라인) 통화 등을 통해 직접 소통 해법을 모색하던 차에 김 위원장의 제안이 들어온 것이다. 김 위원장도 이번 회담 머리발언에서 “제가 제안하고 하루만에 대통령님이 오셨다”며 자신이 회담을 제안한 사실을 밝혔다.
청와대 고위 관계자는 “남북 사이 여러 소통 경로가 있고, 그 가운데 하나가 서훈 국정원장과 김영철 북한 통일전선부장 사이 소통 경로”라며 “그제 북-미 정상회담 준비 과정과 4·27 (판문점 선언) 후속조치 등에 관한 협의가 (두 사람 사이에) 있었다”고 말했다. 그는 “그 과정에서 북측에서 김 위원장의 구상이라면서 격의없는 소통을 한번 갖자고 제시했고, 두 사람의 접촉 뒤 관련 장관들과의 협의 과정을 통해 대통령에게 건의했고 문 대통령이 승낙했다”고 회담 성사 과정을 소개했다. 청와대는 문 대통령의 승낙 뒤 25일 밤부터 26일 오전까지 철저한 보안을 유지하면서 분주히 정상회담 실무준비에 들어갔다. 청와대 관계자는 “청와대 안에서도 극소수만 회담 사실을 알았다”고 전했다.
회담이 급히 성사된 만큼 판문점 북쪽 지역 통일각 2차 남북정상회담은 의전, 경호, 보도에 관한 사전 실무회담을 사실상 생략한 채 실무형으로 진행됐다. 4·27 남북 정상회담이 지난 3월 회담 개최 합의 발표 이후 준비에만 한달 반 가량이 걸린 것과 견주면 일사천리로 진행된 것이다. 역대 정권 통틀어 대통령 취임 기간에 두 차례 남북 정상회담이 이뤄진 것도 이번이 처음이다. 정상회담 간격이 한달 밖에 안 되는 것도 파격이다.
이는 두 정상 사이 신뢰가 없었다면 이뤄지기 힘든 만남이었다. 문 대통령으로선 트럼프 대통령의 돌발적인 북-미 정상회담 취소로 자칫 김 위원장으로부터 불신을 살 수도 있는 상황이었다. 그러나 김 위원장이 먼저 손을 내밀어 깜짝 정상회담이 성사되면서 우려를 일거에 털어냈다. 한달 전 40분 동안의 ‘도보다리 단독 회담’으로 쌓은 신뢰가 빛을 발한 것이다. 문 대통령도 이번 회담 마무리 발언에서 “도보다리에서 함께 하고…”라고 언급했다. 청와대 관계자는 “두 정상이 도보다리 회담에서 큰 인간적 신뢰를 쌓았다”며 “김 위원장이 중대한 시점에서 내밀한 이야기를 나누려 불원천리(不遠千里·천리를 멀다고 여기지 않는다)했다”고 말했다.
두 정상은 회담에서 향후에도 수시로 만나기로 약속했다. 문 대통령은 “앞으로도 필요하면 언제든지 서로 통신하거나 만나, 격의없이 소통하기로 했다”고 말했다. 4·27 판문점 선언 합의에 따라 가을로 예정된 문 대통령의 평양 방문 이전에도 남북 정상회담 개최 가능성이 점쳐진다. 청와대 관계자는 “남북 정상이 필요하면 언제든지 다양한 방식의 소통을 확대해가고 격의없는 실무적 성격의 회담을 갖자고 합의한 것이 남북 관계에서 아주 이례적인 진전이다”라고 말했다.","‘도보다리 신뢰’ 밑돌로…제안 하루만에 ‘두 번째 정상회담’
‘2차 남북정상회담’ 막전막후
‘서훈-김영철 라인’서 만남 주선
남북간 여러 소통경로 중 하나
문 대통령, 핫라인 소통 모색 중 성사
청와대서도 극소수만 사전에 알아
“언제든 회담 가능해져 이례적 진전”
문재인 대통령과 김정은 북한 국무위원장 사이의 2차 남북 정상회담은 25일 김 위원장이 만남을 먼저 제안한 지 하루만에 ‘빠르고 은밀히’ 이뤄졌다. 이 과정에서 서훈 국가정보원장과 김영철 북한 통일전선부장 사이 소통 경로가 큰 구실을 했다.
문 대통령은 27일 청와대 춘추관에서 한 기자회견에서 “김 위원장이 그제(25일) 오후 일체의 형식없이 만나고 싶다는 뜻을 전해왔고, 저는 흔쾌히 수락했다”고 말했다. 25일은 도널드 트럼프 미국 대통령이 6·12 북-미 정상회담 취소를 발표한 다음날이다. 문 대통령은 “4·27 판문점 선언의 후속 조치 이행과 6월12일 북-미 정상회담을 앞둔 준비과정에서 약간의 어려운 사정들이 있었다”며 “그런 상황에서 북한의 김정은 위원장이 (정상회담을) 요청해왔고, 남북의 실무진이 통화를 해 협의하는 것보다 직접 만나 허심탄회하게 대화를 나누는 것이 좋겠다고 판단해 전격적으로 회담이 이뤄진 것이다”라고 설명했다. 문 대통령은 “북-미 정상회담의 성공을 일궈내는 것, 그리고 또 4·27 판문점 선언의 신속한 이행을 함께 해 나가는 것이 매우 중요한 시점이라고 봤다”고 덧붙였다. 문 대통령이 김 위원장과의 직통전화(핫 라인) 통화 등을 통해 직접 소통 해법을 모색하던 차에 김 위원장의 제안이 들어온 것이다. 김 위원장도 이번 회담 머리발언에서 “제가 제안하고 하루만에 대통령님이 오셨다”며 자신이 회담을 제안한 사실을 밝혔다.
청와대 고위 관계자는 “남북 사이 여러 소통 경로가 있고, 그 가운데 하나가 서훈 국정원장과 김영철 북한 통일전선부장 사이 소통 경로”라며 “그제 북-미 정상회담 준비 과정과 4·27 (판문점 선언) 후속조치 등에 관한 협의가 (두 사람 사이에) 있었다”고 말했다. 그는 “그 과정에서 북측에서 김 위원장의 구상이라면서 격의없는 소통을 한번 갖자고 제시했고, 두 사람의 접촉 뒤 관련 장관들과의 협의 과정을 통해 대통령에게 건의했고 문 대통령이 승낙했다”고 회담 성사 과정을 소개했다. 청와대는 문 대통령의 승낙 뒤 25일 밤부터 26일 오전까지 철저한 보안을 유지하면서 분주히 정상회담 실무준비에 들어갔다. 청와대 관계자는 “청와대 안에서도 극소수만 회담 사실을 알았다”고 전했다.
회담이 급히 성사된 만큼 판문점 북쪽 지역 통일각 2차 남북정상회담은 의전, 경호, 보도에 관한 사전 실무회담을 사실상 생략한 채 실무형으로 진행됐다. 4·27 남북 정상회담이 지난 3월 회담 개최 합의 발표 이후 준비에만 한달 반 가량이 걸린 것과 견주면 일사천리로 진행된 것이다. 역대 정권 통틀어 대통령 취임 기간에 두 차례 남북 정상회담이 이뤄진 것도 이번이 처음이다. 정상회담 간격이 한달 밖에 안 되는 것도 파격이다.
이는 두 정상 사이 신뢰가 없었다면 이뤄지기 힘든 만남이었다. 문 대통령으로선 트럼프 대통령의 돌발적인 북-미 정상회담 취소로 자칫 김 위원장으로부터 불신을 살 수도 있는 상황이었다. 그러나 김 위원장이 먼저 손을 내밀어 깜짝 정상회담이 성사되면서 우려를 일거에 털어냈다. 한달 전 40분 동안의 ‘도보다리 단독 회담’으로 쌓은 신뢰가 빛을 발한 것이다. 문 대통령도 이번 회담 마무리 발언에서 “도보다리에서 함께 하고…”라고 언급했다. 청와대 관계자는 “두 정상이 도보다리 회담에서 큰 인간적 신뢰를 쌓았다”며 “김 위원장이 중대한 시점에서 내밀한 이야기를 나누려 불원천리(不遠千里·천리를 멀다고 여기지 않는다)했다”고 말했다.
두 정상은 회담에서 향후에도 수시로 만나기로 약속했다. 문 대통령은 “앞으로도 필요하면 언제든지 서로 통신하거나 만나, 격의없이 소통하기로 했다”고 말했다. 4·27 판문점 선언 합의에 따라 가을로 예정된 문 대통령의 평양 방문 이전에도 남북 정상회담 개최 가능성이 점쳐진다. 청와대 관계자는 “남북 정상이 필요하면 언제든지 다양한 방식의 소통을 확대해가고 격의없는 실무적 성격의 회담을 갖자고 합의한 것이 남북 관계에서 아주 이례적인 진전이다”라고 말했다.",6,1941
iks_20180527_hankyoreh_news_002,Hankyoreh news 2018 May 27 corpus.txt,Hankyoreh,한겨레,news,2018-05-27,2018_may_summit,"여야, 28일 판문점선언 결의안 통과시킬까",2차회담 환영 논평 속 한국당만 혹평,"남북 정상이 지난 26일 제2차 정상회담을 열어 6·12 북-미 정상회담 개최와 4·27 판문점 선언 이행 문제 등을 논의함에 따라, 여야가 28일 본회의에서 처리하기로 합의한 판문점 선언 국회 지지결의안 통과 여부도 관심을 모은다.
현재 국회의장실은 여야 교섭단체 4당 원내수석부대표들에게 ‘판문점 선언 지지와 북-미 정상회담 성공 개최를 촉구’하는 내용의 초안을 전달하고 합의를 권고한 상태다. 의장실 쪽은 27일 “결의안은 여야가 합의 처리해야 한다”고 말했다.
하지만 홍준표 자유한국당 대표는 이날 기자회견을 열어 “(지지결의안이 아니라) ‘북핵 폐기 결의안’이 되는 게 맞다”고 말했다. ‘판문점 선언’ 지지보다 ‘북핵 폐기’를 강조해야 한다는 것이어서, 지지결의안 내용 합의와 처리 여부를 두고 난항이 예상된다.
홍 대표는 이번 회담에 대해서도 “장밋빛 환상만 심어주던 문재인 대통령과, 북핵 폐기가 아닌 한반도 비핵화를 주장하던 김정은이 동시에 미국 압박으로 ‘데드락’(교착 상태)에 봉착한 상황이었다”며 “김정은이 곤경에 처한 문 대통령을 구해준 것이 이번 깜짝 회담”이라고 혹평했다. 반면 더불어민주당·바른미래당·민주평화당·정의당은 일제히 회담 환영 논평을 냈다.
백혜련 민주당 대변인은 “한반도 비핵화에 대한 남·북·미 정상의 의지, 북-미 정상회담을 바라는 김정은 국무위원장의 뜻을 명확히 확인한 만큼 한반도 평화와 번영을 위한 탄력이 붙었다”고 반겼다. 신용현 바른미래당 수석대변인도 “문제해결을 위한 격식없는 회담 개최를 평가한다”고 밝혔다.","여야, 28일 판문점선언 결의안 통과시킬까
2차회담 환영 논평 속 한국당만 혹평
남북 정상이 지난 26일 제2차 정상회담을 열어 6·12 북-미 정상회담 개최와 4·27 판문점 선언 이행 문제 등을 논의함에 따라, 여야가 28일 본회의에서 처리하기로 합의한 판문점 선언 국회 지지결의안 통과 여부도 관심을 모은다.
현재 국회의장실은 여야 교섭단체 4당 원내수석부대표들에게 ‘판문점 선언 지지와 북-미 정상회담 성공 개최를 촉구’하는 내용의 초안을 전달하고 합의를 권고한 상태다. 의장실 쪽은 27일 “결의안은 여야가 합의 처리해야 한다”고 말했다.
하지만 홍준표 자유한국당 대표는 이날 기자회견을 열어 “(지지결의안이 아니라) ‘북핵 폐기 결의안’이 되는 게 맞다”고 말했다. ‘판문점 선언’ 지지보다 ‘북핵 폐기’를 강조해야 한다는 것이어서, 지지결의안 내용 합의와 처리 여부를 두고 난항이 예상된다.
홍 대표는 이번 회담에 대해서도 “장밋빛 환상만 심어주던 문재인 대통령과, 북핵 폐기가 아닌 한반도 비핵화를 주장하던 김정은이 동시에 미국 압박으로 ‘데드락’(교착 상태)에 봉착한 상황이었다”며 “김정은이 곤경에 처한 문 대통령을 구해준 것이 이번 깜짝 회담”이라고 혹평했다. 반면 더불어민주당·바른미래당·민주평화당·정의당은 일제히 회담 환영 논평을 냈다.
백혜련 민주당 대변인은 “한반도 비핵화에 대한 남·북·미 정상의 의지, 북-미 정상회담을 바라는 김정은 국무위원장의 뜻을 명확히 확인한 만큼 한반도 평화와 번영을 위한 탄력이 붙었다”고 반겼다. 신용현 바른미래당 수석대변인도 “문제해결을 위한 격식없는 회담 개최를 평가한다”고 밝혔다.",5,764
iks_20180527_hankyoreh_news_003,Hankyoreh news 2018 May 27 corpus.txt,Hankyoreh,한겨레,news,2018-05-27,2018_may_summit,사이드카 없이 은색벤츠로…대통령 이동 최대한 은밀하게,"통일각 회담 이모저모
꽉 막힌 휴일 자유로에서도 티 안나
김 “4·27 명장면은 10초 방북”
문 “김 위원장, 한국서 인기 높아져”
서훈·김영철 남북 1명씩 배석
2시간 회담 뒤 3차례 포옹하며 작별","26일 판문점 북쪽 지역 통일각에서 열린 문재인 대통령과 김정은 북한 국무위원장의 제2차 남북 정상회담은 긴급히 열린 만큼 경호와 의전을 과감히 생략한 채 이뤄졌다. 지난달 27일 판문점 평화의집 정상회담 뒤 한달 만에 만난 두 정상은 “제대로 모셔야 하는데 잘 못해드려 미안한 마음”(김 위원장), “이렇게 쉽게 깜짝 만났다는 것이 남북 간 새로운 시대가 열린 것”(문 대통령)이라는 인사말을 주고받으며 신뢰를 표시했다.
철통 보안 속에 열린 회담인 만큼, 청와대는 최대한 눈에 띄지 않는 경호 방식을 택했다. 문 대통령은 공식행사 때 타던 검은색 메르세데스-마이바흐 에스(S) 클래스 대신, 비공식 행사에 주로 활용하던 은색 벤츠 차량을 타고 통일각 정문 앞에 도착했다. 대통령을 경호하는 스포츠형 다목적 차량(SUV) 4대만 벤츠 앞뒤로 각각 2대씩 배치됐을 뿐이다. 공식행사 때 행렬 앞뒤에서 길을 안내하는 경찰 사이드카도 운행되지 않았다. 경호차량이 ‘기술적’으로 차량 통제에 나선 덕에, 차로 꽉 막힌 휴일 자유로에서도 대통령의 이동 사실은 일반 차량에 묻혀 거의 알려지지 않았다. 청와대 쪽은 “경호 규모를 최소화한 암행 경호를 했다”고 말했다.
문 대통령은 통일각 정문에서 미리 기다리던 김 위원장의 여동생 김여정 노동당 중앙위원회 제1부부장의 영접을 받았다. 김 부부장은 웃음을 띠며 문 대통령과 악수했다.
문 대통령과 김 위원장의 두번째 만남은 통일각 로비에서 이뤄졌다. 밝은 표정의 김 위원장은 “(문 대통령이) 북쪽을 찾아온 게 처음이 아니다. 4·27 때도 명장면 중 하나가 10초 동안 (군사분계선을 넘어 북쪽으로) 깜짝 넘어오신 것 아니냐”며 “좋은 자리에서 제대로 된 운전차량으로 맞이해야 하는데 장소도 그렇고, 비공개 회담을 하니까 잘 못해드려 미안한 마음이다. 가을 초 평양으로 오시면 내외분을 제대로 맞이하겠다”고 말했다. 이에 문 대통령은 “평양을 방문해 제대로 대접받는 것도 큰 의미가 있지만 이렇게 쉽게 남북 정상이 판문점에서 만날 수 있다는 것도 남북간 새로운 시대라고 생각한다”며 “김 위원장님은 한국에서도 아주 인기가 높아졌고, 기대가 높아졌다”고 화답했다. 김 위원장은 “제가 제안하고 하루 만에 대통령님이 오셨다. 평화적으로 마음이 모아지고, 평양과 서울이 더 가까워지는 과정이라고 생각한다”고 말했다.
이어 남북 정상은 로비에 걸린 그림을 배경으로 기념촬영을 했다. 회담은 통일각 1층 회의실에서 이뤄졌다. 두 정상은 백두산 천지를 담은 6폭의 병풍을 배경으로 한 회의실에서 마주 앉았다. 배석자는 2명이었다. 문 대통령의 오른쪽엔 서훈 국가정보원장이, 김 위원장의 오른쪽엔 김영철 통일전선부장이 앉았다. 2시간 회담 뒤 마무리 발언에서 김 위원장은 “이렇게 중요한 시기에 넘어오셔서 허심탄회하게 대화했다. 많은 사람들의 기대에 부응하고 각자 책임과 본분을 다해 준비해야 할 것 같다”며 “누구보다 (문 대통령이) 가을에 평양에 오길 기대하고 있다”고 말했다. 문 대통령은 “김 위원장과 둘 사이에 함께 남북의 평화와 번영을 이뤄나가기 위해서라도 조-미 정상회담이 반드시 성공하기를 기원하겠다”며 ‘북-미’ 대신 북쪽 용어인 ‘조-미’ 정상회담이란 표현을 써 김 위원장을 배려했다.
오후 5시께 회담을 마친 두 정상은 북한군 의장대 사열을 하며 통일각 밖으로 나왔다. 두 정상은 헤어지기 전 3차례 어깨를 맞바꿔가며 포옹했다. 청와대가 공개한 동영상으로만 보면 김 위원장이 문 대통령을 더욱 적극적으로 당겨 안는 듯한 모습이었다. 포옹 뒤 두 정상은 악수를 나누며 작별했다.","사이드카 없이 은색벤츠로…대통령 이동 최대한 은밀하게
통일각 회담 이모저모
꽉 막힌 휴일 자유로에서도 티 안나
김 “4·27 명장면은 10초 방북”
문 “김 위원장, 한국서 인기 높아져”
서훈·김영철 남북 1명씩 배석
2시간 회담 뒤 3차례 포옹하며 작별
26일 판문점 북쪽 지역 통일각에서 열린 문재인 대통령과 김정은 북한 국무위원장의 제2차 남북 정상회담은 긴급히 열린 만큼 경호와 의전을 과감히 생략한 채 이뤄졌다. 지난달 27일 판문점 평화의집 정상회담 뒤 한달 만에 만난 두 정상은 “제대로 모셔야 하는데 잘 못해드려 미안한 마음”(김 위원장), “이렇게 쉽게 깜짝 만났다는 것이 남북 간 새로운 시대가 열린 것”(문 대통령)이라는 인사말을 주고받으며 신뢰를 표시했다.
철통 보안 속에 열린 회담인 만큼, 청와대는 최대한 눈에 띄지 않는 경호 방식을 택했다. 문 대통령은 공식행사 때 타던 검은색 메르세데스-마이바흐 에스(S) 클래스 대신, 비공식 행사에 주로 활용하던 은색 벤츠 차량을 타고 통일각 정문 앞에 도착했다. 대통령을 경호하는 스포츠형 다목적 차량(SUV) 4대만 벤츠 앞뒤로 각각 2대씩 배치됐을 뿐이다. 공식행사 때 행렬 앞뒤에서 길을 안내하는 경찰 사이드카도 운행되지 않았다. 경호차량이 ‘기술적’으로 차량 통제에 나선 덕에, 차로 꽉 막힌 휴일 자유로에서도 대통령의 이동 사실은 일반 차량에 묻혀 거의 알려지지 않았다. 청와대 쪽은 “경호 규모를 최소화한 암행 경호를 했다”고 말했다.
문 대통령은 통일각 정문에서 미리 기다리던 김 위원장의 여동생 김여정 노동당 중앙위원회 제1부부장의 영접을 받았다. 김 부부장은 웃음을 띠며 문 대통령과 악수했다.
문 대통령과 김 위원장의 두번째 만남은 통일각 로비에서 이뤄졌다. 밝은 표정의 김 위원장은 “(문 대통령이) 북쪽을 찾아온 게 처음이 아니다. 4·27 때도 명장면 중 하나가 10초 동안 (군사분계선을 넘어 북쪽으로) 깜짝 넘어오신 것 아니냐”며 “좋은 자리에서 제대로 된 운전차량으로 맞이해야 하는데 장소도 그렇고, 비공개 회담을 하니까 잘 못해드려 미안한 마음이다. 가을 초 평양으로 오시면 내외분을 제대로 맞이하겠다”고 말했다. 이에 문 대통령은 “평양을 방문해 제대로 대접받는 것도 큰 의미가 있지만 이렇게 쉽게 남북 정상이 판문점에서 만날 수 있다는 것도 남북간 새로운 시대라고 생각한다”며 “김 위원장님은 한국에서도 아주 인기가 높아졌고, 기대가 높아졌다”고 화답했다. 김 위원장은 “제가 제안하고 하루 만에 대통령님이 오셨다. 평화적으로 마음이 모아지고, 평양과 서울이 더 가까워지는 과정이라고 생각한다”고 말했다.
이어 남북 정상은 로비에 걸린 그림을 배경으로 기념촬영을 했다. 회담은 통일각 1층 회의실에서 이뤄졌다. 두 정상은 백두산 천지를 담은 6폭의 병풍을 배경으로 한 회의실에서 마주 앉았다. 배석자는 2명이었다. 문 대통령의 오른쪽엔 서훈 국가정보원장이, 김 위원장의 오른쪽엔 김영철 통일전선부장이 앉았다. 2시간 회담 뒤 마무리 발언에서 김 위원장은 “이렇게 중요한 시기에 넘어오셔서 허심탄회하게 대화했다. 많은 사람들의 기대에 부응하고 각자 책임과 본분을 다해 준비해야 할 것 같다”며 “누구보다 (문 대통령이) 가을에 평양에 오길 기대하고 있다”고 말했다. 문 대통령은 “김 위원장과 둘 사이에 함께 남북의 평화와 번영을 이뤄나가기 위해서라도 조-미 정상회담이 반드시 성공하기를 기원하겠다”며 ‘북-미’ 대신 북쪽 용어인 ‘조-미’ 정상회담이란 표현을 써 김 위원장을 배려했다.
오후 5시께 회담을 마친 두 정상은 북한군 의장대 사열을 하며 통일각 밖으로 나왔다. 두 정상은 헤어지기 전 3차례 어깨를 맞바꿔가며 포옹했다. 청와대가 공개한 동영상으로만 보면 김 위원장이 문 대통령을 더욱 적극적으로 당겨 안는 듯한 모습이었다. 포옹 뒤 두 정상은 악수를 나누며 작별했다.",6,1749
iks_20180527_hankyoreh_news_004,Hankyoreh news 2018 May 27 corpus.txt,Hankyoreh,한겨레,news,2018-05-27,2018_may_summit,"다시 만난 남북, 북미회담 살려냈다","문 대통령, 김정은과 파격 회동
“6·12 북미회담 성공 개최 협력
김 위원장, 비핵화 의지 분명히
미국이 체제안전 보장할지 걱정”`
트럼프 “6·12 회담 열리길 기대”
내달 1일 남북고위급회담 합의","평화를 향해 나아가는 순탄치 않은 길 위에서 남북 정상이 또 한고비를 넘어섰다. 북-미 정상회담이 좌초할 위기에 빠지자 두 정상이 판문점에서 다시 만나 건져 올렸다. 판문점 북쪽 지역 통일각에서 26일 오후에 열린 한달 만의 두번째 남북정상회담은, 김정은 북한 국무위원장의 제안과 문재인 대통령의 수락, 그리고 성사까지 하루 만에 일사천리로 진행됐다. 문 대통령이 27일 기자회견에서 남북정상회담 결과를 직접 설명하던 시각, 도널드 트럼프 미국 대통령도 북-미 회담이 예정대로 열리기를 기대한다고 화답했다.
문 대통령은 27일 “우리 두 정상은 6·12 북-미 정상회담이 성공적으로 이뤄져야 하며, 한반도의 비핵화와 항구적인 평화체제를 위한 우리의 여정은 결코 중단될 수 없다는 점을 확인하고 이를 위해 긴밀히 상호협력하기로 했다”고 밝혔다. 김 위원장은 “북-미 정상회담 성공을 통해 전쟁과 대립의 역사를 청산하고 평화와 번영을 위해 협력하겠다”는 의사를 피력했다고 문 대통령이 전했다.
문 대통령은 2차 남북회담을 통해 북-미 간 벌어진 틈을 메우고 북쪽이 완전한 비핵화에 상응하는 조처로 요구하고 있는 체제 안전에 대한 김 위원장의 의구심을 해소하기 위해 노력한 것으로 전해졌다. 문 대통령은 “트럼프 대통령은 김 위원장이 완전한 비핵화를 결단하고 실천할 경우, 북한과의 적대관계 종식과 경제협력에 대한 확고한 의지가 있다는 점을 전달했다”고 말했다. 이어 “김 위원장과 트럼프 대통령 모두 북-미 정상회담의 성공을 진심으로 바라고 있는 만큼 양측이 직접적인 소통을 통해 오해를 불식시키고 정상회담에서 합의해야 할 의제에 대해 실무협상을 통해 충분한 사전 대화가 필요하다는 점을 강조했다”며 “김 위원장도 동의했다”고 덧붙였다. 이와 함께 남북 정상은, 4·27 판문점 선언의 조속한 이행에 합의하면서 새달 1일 남북 고위급 회담을 열기로 합의했다. 또 군사적 긴장 완화를 위한 군사당국자 회담과 이산가족 상봉을 위한 적십자 회담을 잇따라 열기로 했다. 한-미 연합 군사훈련인 맥스선더를 이유로 소원해졌던 남북관계도 정상 궤도로 복원된 것으로 풀이된다.
한편, 트럼프 미국 대통령은 26일 밤(현지시각) 백악관에서 기자들과 만나 북-미 정상회담이 “6월12일에 싱가포르에서 열리는 것을 기대하고 있다. 바뀐 것은 없다”고 했다. 트럼프 대통령은 “(정상회담 준비가) 아주 잘 진행되는 것 같다”며 “이름을 밝힐 수 없는 특정한 장소에서 얘기가 진행되고 있다. 여기에서 아주 멀지는 않다”고 했다. 북-미 간 전통적 소통 창구인 ‘뉴욕 채널’을 통해 대화 중임을 뜻한다는 해석이 나왔다.","다시 만난 남북, 북미회담 살려냈다
문 대통령, 김정은과 파격 회동
“6·12 북미회담 성공 개최 협력
김 위원장, 비핵화 의지 분명히
미국이 체제안전 보장할지 걱정”`
트럼프 “6·12 회담 열리길 기대”
내달 1일 남북고위급회담 합의
평화를 향해 나아가는 순탄치 않은 길 위에서 남북 정상이 또 한고비를 넘어섰다. 북-미 정상회담이 좌초할 위기에 빠지자 두 정상이 판문점에서 다시 만나 건져 올렸다. 판문점 북쪽 지역 통일각에서 26일 오후에 열린 한달 만의 두번째 남북정상회담은, 김정은 북한 국무위원장의 제안과 문재인 대통령의 수락, 그리고 성사까지 하루 만에 일사천리로 진행됐다. 문 대통령이 27일 기자회견에서 남북정상회담 결과를 직접 설명하던 시각, 도널드 트럼프 미국 대통령도 북-미 회담이 예정대로 열리기를 기대한다고 화답했다.
문 대통령은 27일 “우리 두 정상은 6·12 북-미 정상회담이 성공적으로 이뤄져야 하며, 한반도의 비핵화와 항구적인 평화체제를 위한 우리의 여정은 결코 중단될 수 없다는 점을 확인하고 이를 위해 긴밀히 상호협력하기로 했다”고 밝혔다. 김 위원장은 “북-미 정상회담 성공을 통해 전쟁과 대립의 역사를 청산하고 평화와 번영을 위해 협력하겠다”는 의사를 피력했다고 문 대통령이 전했다.
문 대통령은 2차 남북회담을 통해 북-미 간 벌어진 틈을 메우고 북쪽이 완전한 비핵화에 상응하는 조처로 요구하고 있는 체제 안전에 대한 김 위원장의 의구심을 해소하기 위해 노력한 것으로 전해졌다. 문 대통령은 “트럼프 대통령은 김 위원장이 완전한 비핵화를 결단하고 실천할 경우, 북한과의 적대관계 종식과 경제협력에 대한 확고한 의지가 있다는 점을 전달했다”고 말했다. 이어 “김 위원장과 트럼프 대통령 모두 북-미 정상회담의 성공을 진심으로 바라고 있는 만큼 양측이 직접적인 소통을 통해 오해를 불식시키고 정상회담에서 합의해야 할 의제에 대해 실무협상을 통해 충분한 사전 대화가 필요하다는 점을 강조했다”며 “김 위원장도 동의했다”고 덧붙였다. 이와 함께 남북 정상은, 4·27 판문점 선언의 조속한 이행에 합의하면서 새달 1일 남북 고위급 회담을 열기로 합의했다. 또 군사적 긴장 완화를 위한 군사당국자 회담과 이산가족 상봉을 위한 적십자 회담을 잇따라 열기로 했다. 한-미 연합 군사훈련인 맥스선더를 이유로 소원해졌던 남북관계도 정상 궤도로 복원된 것으로 풀이된다.
한편, 트럼프 미국 대통령은 26일 밤(현지시각) 백악관에서 기자들과 만나 북-미 정상회담이 “6월12일에 싱가포르에서 열리는 것을 기대하고 있다. 바뀐 것은 없다”고 했다. 트럼프 대통령은 “(정상회담 준비가) 아주 잘 진행되는 것 같다”며 “이름을 밝힐 수 없는 특정한 장소에서 얘기가 진행되고 있다. 여기에서 아주 멀지는 않다”고 했다. 북-미 간 전통적 소통 창구인 ‘뉴욕 채널’을 통해 대화 중임을 뜻한다는 해석이 나왔다.",4,1282
iks_20180527_hankyoreh_news_005,Hankyoreh news 2018 May 27 corpus.txt,Hankyoreh,한겨레,news,2018-05-27,2018_may_summit,고위급→군사→적십자회담…남북대화도 다시 본궤도에,"남북관계 전망
남북간 현안들 불거져 마찰음
한미군사훈련 등 빌미로 삐걱
북 종업원 송환 악재 남았지만
‘판문점 선언’ 이행 의지 재확인
고위급회담 6월1일 개최 못박고
장성급·적십자회담 가속 공식화
8·15 이산상봉 성사 전망 밝아져","문재인 대통령과 김정은 북한 국무위원장이 26일 판문점 북쪽지역인 통일각에서 정상회담을 열어 ‘4·27 판문점 선언’의 “조속한 이행”을 재확인했다. 6월1일 고위급회담을 시작으로 장성급회담과 적십자회담을 연이어 열기로 했다. 16일 북쪽의 남북고위급회담 연기 통보 이후 주춤하던 남북관계에 다시 속도가 붙을 전망이다. 특히 북쪽은 “판문점 선언이 하루빨리 이행되도록 쌍방이 서로 신뢰하고 배려하며 공동으로 노력해나가야 한다는 데 의견을 같이 했다”고 강조해, 최근의 남북 사이 논란을 극복할 ‘기준선’이 이번 정상회담에서 마련됐음을 내비쳤다.
문 대통령이 27일 오전 청와대 춘추관에서 발표한 내용을 보면, 남북 정상은 “4·27 판문점 선언의 조속한 이행을 재확인”하고, △고위급 회담 6월1일 개최 △군사적 긴장완화를 위한 군사당국자회담 △이산가족 상봉을 위한 적십자회담을 “연이어 갖기로 합의”했다. 북쪽도 이날 <조선중앙통신>(중통)과 <노동신문> 보도를 통해 고위급회담 6월1일 개최 등 관련 합의를 확인했다. 북쪽은 특히 “부문별 회담들도 가속적으로 추진”이라고 강조해, 대화 재개의 속도가 빨라질 것임을 예고했다.
사실 ‘4·27 판문점 선언’엔 고위급 회담 등의 조속한 개최(1조2항)와 적십자회담(1조5항), 5월 중 장성급군사회담(2조3항) 개최가 이미 적시돼 있다. 하지만 이런 합의 내용의 이행 방안을 논의하려고 개최 예정이던 16일 고위급회담이 북쪽의 일방적 연기 통보로 무산돼 남북관계의 교착 국면이 지속돼 왔다. 26일 두 정상이 판문점 선언 이행과 후속 회담들을 “조속히”, “가속적으로” 추진하겠다고 강조한 이유다. 고유환 동국대 교수는 “한-미 군사연습 기간에 어려운 국면이 조성됐지만 다시 원상 회복하고 (남북 간) 합의를 예정대로 이행하기로 한 것”이라며 “남북 관계를 정상화한다는 뜻”이라고 풀이했다.
이와 관련해 <중통>은 “(두 정상이) 현재 북과 남이 직면하고 있는 문제들”에 대한 의견교환을 했다고 전했다. 문 대통령도 26일 회담 마무리 발언을 통해 “4·27 회담 이후에 우리 남북 간 대화에서도 약간의 어려움이 있었다”고 짚었다. 최근 남북관계의 교착을 초래한 ‘현안’과 함께 남북관계를 대하는 원칙적 태도를 두루 염두에에 둔 지적으로 읽힌다.
우선 정부 소식통은 “북한이 남북 관계 중단을 대미 압박용 수단으로 쓰려다가 북-미 회담 자체가 유실될 뻔 했다”며 “(이번 회담에서 두 정상이) 북-미 회담으로 가는 동력을 다시 복원한다는 차원에서 판문점 선언으로 돌아가자고 한 것”이라고 풀이했다.
최근 북쪽이 남쪽에 제기한 문제로는 △한-미 공군의 ‘맥스선더’ 훈련 △태영호 전 영국 주재 북한대사관 공사의 ‘반김정은·반체제’ 발언 △집단 탈출한 류경식당 종업원 송환 △일부 탈북자 단체 등의 대북 전단 살포 등이 있다. 맥스선더 훈련은 25일 마무리됐고, 태 전 공사는 국가정보원 산하 연구소의 자문위원직을 자진 사퇴했다. 다만 북쪽이 공개 제기한 ‘류경식당 종업원 송환’ 요구(북한적십자사 대변인)가 8·15 계기 이산가족상봉 행사 성사에 ‘장애물’이 되리라는 지적이 많다. 그럼에도 전문가들은 두 정상이 적십자회담 개최에 재합의한 만큼 8·15 이산가족 상봉 행사가 성사될 가능성이 높아졌다고 짚었다.
남북은 1일 고위급회담에서 장성급회담과 적십자회담을 포함한 분야별 회담 일정을 조율하는 등 판문점 선언 이행의 속도와 방향을 협의할 전망이다.","고위급→군사→적십자회담…남북대화도 다시 본궤도에
남북관계 전망
남북간 현안들 불거져 마찰음
한미군사훈련 등 빌미로 삐걱
북 종업원 송환 악재 남았지만
‘판문점 선언’ 이행 의지 재확인
고위급회담 6월1일 개최 못박고
장성급·적십자회담 가속 공식화
8·15 이산상봉 성사 전망 밝아져
문재인 대통령과 김정은 북한 국무위원장이 26일 판문점 북쪽지역인 통일각에서 정상회담을 열어 ‘4·27 판문점 선언’의 “조속한 이행”을 재확인했다. 6월1일 고위급회담을 시작으로 장성급회담과 적십자회담을 연이어 열기로 했다. 16일 북쪽의 남북고위급회담 연기 통보 이후 주춤하던 남북관계에 다시 속도가 붙을 전망이다. 특히 북쪽은 “판문점 선언이 하루빨리 이행되도록 쌍방이 서로 신뢰하고 배려하며 공동으로 노력해나가야 한다는 데 의견을 같이 했다”고 강조해, 최근의 남북 사이 논란을 극복할 ‘기준선’이 이번 정상회담에서 마련됐음을 내비쳤다.
문 대통령이 27일 오전 청와대 춘추관에서 발표한 내용을 보면, 남북 정상은 “4·27 판문점 선언의 조속한 이행을 재확인”하고, △고위급 회담 6월1일 개최 △군사적 긴장완화를 위한 군사당국자회담 △이산가족 상봉을 위한 적십자회담을 “연이어 갖기로 합의”했다. 북쪽도 이날 <조선중앙통신>(중통)과 <노동신문> 보도를 통해 고위급회담 6월1일 개최 등 관련 합의를 확인했다. 북쪽은 특히 “부문별 회담들도 가속적으로 추진”이라고 강조해, 대화 재개의 속도가 빨라질 것임을 예고했다.
사실 ‘4·27 판문점 선언’엔 고위급 회담 등의 조속한 개최(1조2항)와 적십자회담(1조5항), 5월 중 장성급군사회담(2조3항) 개최가 이미 적시돼 있다. 하지만 이런 합의 내용의 이행 방안을 논의하려고 개최 예정이던 16일 고위급회담이 북쪽의 일방적 연기 통보로 무산돼 남북관계의 교착 국면이 지속돼 왔다. 26일 두 정상이 판문점 선언 이행과 후속 회담들을 “조속히”, “가속적으로” 추진하겠다고 강조한 이유다. 고유환 동국대 교수는 “한-미 군사연습 기간에 어려운 국면이 조성됐지만 다시 원상 회복하고 (남북 간) 합의를 예정대로 이행하기로 한 것”이라며 “남북 관계를 정상화한다는 뜻”이라고 풀이했다.
이와 관련해 <중통>은 “(두 정상이) 현재 북과 남이 직면하고 있는 문제들”에 대한 의견교환을 했다고 전했다. 문 대통령도 26일 회담 마무리 발언을 통해 “4·27 회담 이후에 우리 남북 간 대화에서도 약간의 어려움이 있었다”고 짚었다. 최근 남북관계의 교착을 초래한 ‘현안’과 함께 남북관계를 대하는 원칙적 태도를 두루 염두에에 둔 지적으로 읽힌다.
우선 정부 소식통은 “북한이 남북 관계 중단을 대미 압박용 수단으로 쓰려다가 북-미 회담 자체가 유실될 뻔 했다”며 “(이번 회담에서 두 정상이) 북-미 회담으로 가는 동력을 다시 복원한다는 차원에서 판문점 선언으로 돌아가자고 한 것”이라고 풀이했다.
최근 북쪽이 남쪽에 제기한 문제로는 △한-미 공군의 ‘맥스선더’ 훈련 △태영호 전 영국 주재 북한대사관 공사의 ‘반김정은·반체제’ 발언 △집단 탈출한 류경식당 종업원 송환 △일부 탈북자 단체 등의 대북 전단 살포 등이 있다. 맥스선더 훈련은 25일 마무리됐고, 태 전 공사는 국가정보원 산하 연구소의 자문위원직을 자진 사퇴했다. 다만 북쪽이 공개 제기한 ‘류경식당 종업원 송환’ 요구(북한적십자사 대변인)가 8·15 계기 이산가족상봉 행사 성사에 ‘장애물’이 되리라는 지적이 많다. 그럼에도 전문가들은 두 정상이 적십자회담 개최에 재합의한 만큼 8·15 이산가족 상봉 행사가 성사될 가능성이 높아졌다고 짚었다.
남북은 1일 고위급회담에서 장성급회담과 적십자회담을 포함한 분야별 회담 일정을 조율하는 등 판문점 선언 이행의 속도와 방향을 협의할 전망이다.",7,1680
iks_20180527_hankyoreh_news_006,Hankyoreh news 2018 May 27 corpus.txt,Hankyoreh,한겨레,news,2018-05-27,2018_may_summit,"‘합의문 없는’ 5·26 정상회담, 왜?","북미회담 살리기에 초점 맞춰
핵심 의제는 북미간 갈등 조율
남한은 ‘길잡이’라는 역할 의식
‘합의문 발표 부적절’ 판단한 듯
판문점 선언 재확인 수준이고
남북간 신뢰 꽤 쌓인 점도 작용","문재인 대통령과 김정은 북한 국무위원장의 ‘5·26 정상회담엔 회담 결과를 문서로 정리한 합의문이 없다. 4월27일 정상회담 때 ‘판문점 선언’을 발표한 선례와 비교된다. 더구나 이번 회담은 남과 북이 회담 결과를 각자 발표했고, 발표 시점에 시차가 있었다. 발표 형식도 달랐다. 왜 그랬을까?
이번 회담의 핵심 목적이 ‘북-미 정상회담 구하기’라는 점이 가장 큰 영향을 끼쳤다는 분석이 많다. 아울러 전격적인 회담 성사, 4·27 정상회담을 계기로 쌓인 문 대통령과 김 위원장의 ‘신뢰 관계’가 두루 작용한 듯하다.
‘합의문 발표 없는 정상회담’은, 이번 회담이 ‘북-미 정상회담 구하기’를 염두에 둔 남북 정상의 ‘전격전’이라는 사실과 직결돼 있다. 더구나 도널드 트럼프 미국 대통령이라는 결정적으로 중요한 또 다른 행위자의 존재를 염두에 둬야 하는 상황이다. 실제로 5분50초 동안 이어진 문 대통령의 27일 정상회담 결과 발표에는 ‘북-미 정상회담’이라는 단어가 4차례, ‘트럼프 대통령’이 3차례, ‘비핵화’가 4차례 등장했다. 문 대통령은 이번 회담에서 김정은 국무위원장에게 △22일 한-미 정상회담 결과를 설명하며 트럼프 대통령의 의중(비핵화 때 적대관계 종식과 경제적 번영 지원)을 전하고 △북-미 정상회담의 성공을 위한 제언(실무협상 통한 충분한 사전 대화)을 했다고 밝혔다. 문 대통령은 북한의 비핵화 의지·방법에 대한 질문을 받고는, “이미 여러차례 설명했고, 폼페이오 장관도 방북해 김 위원장을 만나 직접 확인했다”며 “(비핵화) 로드맵은 북-미 간 협의할 문제이기 때문에 앞질러서 내 생각을 말하는 건 적절하지 않다”고 잘랐다. 문 대통령이 북-미 정상회담의 ‘길잡이’ 노릇을 자임하고 있지만, 북-미 정상을 앞세우는 절제된 태도를 고수하겠다는 것이다. 남북관계가 교착 국면이긴 하지만, 두 정상이 전격적인 정상회담을 할만큼 심각한 상황은 아니며 이미 합의·발표한 ‘4·27 판문점 선언’에 덧붙일 게 당장은 많지 않다는 점도 작용한 듯하다. 실제 회담 뒤 발표를 보면, 판문점 선언의 “조속한 이행” 재확인과 함께 고위급회담(6월1일)·장성급회담·적십자회담을 연이어 열기로 했다는 정도다.
무엇보다 남북 정상의 ‘높은 상호 신뢰 관계’가 밑돌이 된 듯하다. 문 대통령은 이번 회담을 “친구 간의 평범한 일상처럼 이루어졌다”고 표현했다. 김 위원장은 “조미수뇌회담을 위해 많은 노력을 기울여온 문 대통령의 노고에 사의를 표했다”고 <노동신문>이 전했다.
전직 고위관계자는 “남북 정상이 높은 신뢰관계를 토대로 북-미 정상회담을 살리려고 만난 건데 무슨 합의문이 필요하겠냐”며 “합의문을 만들려고 하면 이렇게 필요한 적기에 전격적으로 정상회담을 할 수가 없다”고 말했다.","‘합의문 없는’ 5·26 정상회담, 왜?
북미회담 살리기에 초점 맞춰
핵심 의제는 북미간 갈등 조율
남한은 ‘길잡이’라는 역할 의식
‘합의문 발표 부적절’ 판단한 듯
판문점 선언 재확인 수준이고
남북간 신뢰 꽤 쌓인 점도 작용
문재인 대통령과 김정은 북한 국무위원장의 ‘5·26 정상회담엔 회담 결과를 문서로 정리한 합의문이 없다. 4월27일 정상회담 때 ‘판문점 선언’을 발표한 선례와 비교된다. 더구나 이번 회담은 남과 북이 회담 결과를 각자 발표했고, 발표 시점에 시차가 있었다. 발표 형식도 달랐다. 왜 그랬을까?
이번 회담의 핵심 목적이 ‘북-미 정상회담 구하기’라는 점이 가장 큰 영향을 끼쳤다는 분석이 많다. 아울러 전격적인 회담 성사, 4·27 정상회담을 계기로 쌓인 문 대통령과 김 위원장의 ‘신뢰 관계’가 두루 작용한 듯하다.
‘합의문 발표 없는 정상회담’은, 이번 회담이 ‘북-미 정상회담 구하기’를 염두에 둔 남북 정상의 ‘전격전’이라는 사실과 직결돼 있다. 더구나 도널드 트럼프 미국 대통령이라는 결정적으로 중요한 또 다른 행위자의 존재를 염두에 둬야 하는 상황이다. 실제로 5분50초 동안 이어진 문 대통령의 27일 정상회담 결과 발표에는 ‘북-미 정상회담’이라는 단어가 4차례, ‘트럼프 대통령’이 3차례, ‘비핵화’가 4차례 등장했다. 문 대통령은 이번 회담에서 김정은 국무위원장에게 △22일 한-미 정상회담 결과를 설명하며 트럼프 대통령의 의중(비핵화 때 적대관계 종식과 경제적 번영 지원)을 전하고 △북-미 정상회담의 성공을 위한 제언(실무협상 통한 충분한 사전 대화)을 했다고 밝혔다. 문 대통령은 북한의 비핵화 의지·방법에 대한 질문을 받고는, “이미 여러차례 설명했고, 폼페이오 장관도 방북해 김 위원장을 만나 직접 확인했다”며 “(비핵화) 로드맵은 북-미 간 협의할 문제이기 때문에 앞질러서 내 생각을 말하는 건 적절하지 않다”고 잘랐다. 문 대통령이 북-미 정상회담의 ‘길잡이’ 노릇을 자임하고 있지만, 북-미 정상을 앞세우는 절제된 태도를 고수하겠다는 것이다. 남북관계가 교착 국면이긴 하지만, 두 정상이 전격적인 정상회담을 할만큼 심각한 상황은 아니며 이미 합의·발표한 ‘4·27 판문점 선언’에 덧붙일 게 당장은 많지 않다는 점도 작용한 듯하다. 실제 회담 뒤 발표를 보면, 판문점 선언의 “조속한 이행” 재확인과 함께 고위급회담(6월1일)·장성급회담·적십자회담을 연이어 열기로 했다는 정도다.
무엇보다 남북 정상의 ‘높은 상호 신뢰 관계’가 밑돌이 된 듯하다. 문 대통령은 이번 회담을 “친구 간의 평범한 일상처럼 이루어졌다”고 표현했다. 김 위원장은 “조미수뇌회담을 위해 많은 노력을 기울여온 문 대통령의 노고에 사의를 표했다”고 <노동신문>이 전했다.
전직 고위관계자는 “남북 정상이 높은 신뢰관계를 토대로 북-미 정상회담을 살리려고 만난 건데 무슨 합의문이 필요하겠냐”며 “합의문을 만들려고 하면 이렇게 필요한 적기에 전격적으로 정상회담을 할 수가 없다”고 말했다.",5,1339
iks_20180527_hankyoreh_news_007,Hankyoreh news 2018 May 27 corpus.txt,Hankyoreh,한겨레,news,2018-05-27,2018_may_summit,"홍준표, 2차 남북정상회담에 “한바탕 쇼…선거용일뿐” 혹평","논평 내지 않고 다른 당보다 늦게 기자회견
“남북 정상 감싸안는 감상적 겉모습만으로
냉혹한 한반도 현실 덮을 수 없어” 입장 발표
김성태는 “비선접촉 하듯” 절차 문제 제기","홍준표 자유한국당 대표가 26일 열린 제2차 남북정상회담을 두고 “남북 정상이 감싸안는 감상적인 겉모습 만으로는 냉혹한 한반도 현실을 덮을 수 없다”는 공식 입장을 내놨다. 그는 남북 정상이 예고없이 한달 만에 다시 만난 데 대해 ”문 대통령이 또 쇼를 시작했다”고 말하기도 했다.
홍 대표는 27일 서울 여의도 당사에서 기자회견을 열어, “어제(26일) 남북정상회담 합의문엔 한반도 비핵화라는 모호한 것 외에, 북한 핵 폐기와 관련된 내용은 어디에도 찾아볼 수 없었다. 새로운 내용이나 진전은 전혀 없고, 미국의 강경한 입장에 직면한 남북 정상의 당혹감만 확인했다”고 밝혔다. 그는 “불성실한 태도로 일관하던 북한이 다급하게 남북 회담에 나선 것은 북핵폐기에 대한 미국의 단호한 의지와 압박 때문인 것으로 판단한다”며 “결국 국제사회의 강력한 제재·압박만이 북핵을 폐기할 수 있다”고 주장했다. 홍 대표는 “앞으로 저와 자유한국당은 미-북 정상회담을 위한 실무협상 과정을 보다 냉철한 시선으로 지켜보겠다. 진실의 순간이 곧 드러날 것으로 본다”고 말했다.
이어진 기자들과의 질의응답에서 홍 대표는 “지난 번 문재인 대통령이 워싱턴에 갔을 때 미국 쪽의 외교적 결례는 ‘외교참사’ 수준이었다”고 지적했다. 그는 “심지어 (도널드 트럼프 미국 대통령으로부터) ‘나한테 이야기한 김정은의 말하고 실제 행동이 왜 다르냐’ 그런 얘기까지도 추궁이 되었다고 한다”며 “장밋빛 환상만 심어주던 문재인 대통령과, 북핵 폐기가 아닌 한반도 비핵화를 주장하던 김정은 국무위원장이 동시에 미국 압박에 데드락(난관)에 처해 있는 상황”이라고 이번 남북 정상회담이 성사된 배경을 짚었다. ‘이번 남북 2차정상회담이 지방선거에 어느 정도로 영향을 미칠 것으로 보느냐’는 기자의 질문에는 “대답하기 어렵지만, 문 대통령이 곤경에 처한 것을 김정은 위원장이 구해주는 형국”이라며 “외교참사에 이를만큼 무시당한 문 대통령을 구해주기 위한 김정은의 배려”라고 답했다.
“트럼프의 (북-미 정상회담) 취소 직후 중국이 움직여 다시 회담 재개를 위한 협상을 한 것으로 안다”고 언급한 홍 대표는 미국 쪽도 이번 2차 남북회담에 대해 “김정은 쪽의 요청으로 독자적으로 회담한 것을 꺼려한다”고 주장했다. “남북 2차 정상회담에 대한 백악관 논평이 지금까지 나오지 않고 있다. 국무성에서도 공식 논평이 나오지 않는다”는 점을 주장의 근거로 들었다. 그는 “이런 중차대한 일에 미국 쪽에서 백악관 대변인이 공식 논평이 없다는 것만 보더라도 우리가 의심을 갖고 쳐다봐야 할 측면이 있다”고 덧붙였다.
이날 오전 다른 야당들은 이번 남북회담에 대해 대체로 환영하는 논평을 냈지만, 자유한국당은 당 공식 입장이나 논평을 내지 않다가 오후 4시에 열린 당 대표 기자회견으로 갈음했다. 공식 기자회견에 앞서 서울 노원병 국회의원 보궐선거구에서 열린 강연재 자유한국당 후보 사무실 개소식에 참석한 홍 대표는 이 자리에서 “어제 갑자기 문 대통령이 또 쇼를 시작하는 바람에 당에 가서 입장을 밝혀야 한다”면서 “30년 이상 내려온 북핵 문제를 한바탕 쇼로 정리하려고 하는 것은 지방선거를 목전에 둔 오로지 지방선거용일 뿐”이라고 말했다. 이어 “지방선거 끝난 뒤 쇼로 밝혀지면 그때는 이미 선거가 끝난 뒤다. 국민들에게 냉정하게 상황을 보는 것이 옳겠다는 것을 당사로 돌아가 설명드릴 것”이라고 밝혔다. 이날 자유한국당은 당초 오전 11시로 공지됐던 김성태 원내대표의 국회 기자회견을 취소하고, 새롭게 홍준표 대표 기자회견을 오후 5시로 공지했다가 4시로 변경하는 등 분주한 모습을 보였다.
한편 홍 대표와 함께 당사 기자회견에 참석한 김성태 원내대표는 “정상적 프로세스를 거쳐 국민적 동의와 지지 속에 진행됐어야 하는데도, 비선접촉 하듯이 하는 것은 큰 문제”라고 절차적 문제를 지적했다. 또 “한-미 정상회담 결과와 아무 상관없이 회담을 번복하는 트럼프 대통령의 태도는 애초부터 문 대통령의 중재외교가 전혀 중재되지 않았다는 반증”이라도 말했다.","홍준표, 2차 남북정상회담에 “한바탕 쇼…선거용일뿐” 혹평
논평 내지 않고 다른 당보다 늦게 기자회견
“남북 정상 감싸안는 감상적 겉모습만으로
냉혹한 한반도 현실 덮을 수 없어” 입장 발표
김성태는 “비선접촉 하듯” 절차 문제 제기
홍준표 자유한국당 대표가 26일 열린 제2차 남북정상회담을 두고 “남북 정상이 감싸안는 감상적인 겉모습 만으로는 냉혹한 한반도 현실을 덮을 수 없다”는 공식 입장을 내놨다. 그는 남북 정상이 예고없이 한달 만에 다시 만난 데 대해 ”문 대통령이 또 쇼를 시작했다”고 말하기도 했다.
홍 대표는 27일 서울 여의도 당사에서 기자회견을 열어, “어제(26일) 남북정상회담 합의문엔 한반도 비핵화라는 모호한 것 외에, 북한 핵 폐기와 관련된 내용은 어디에도 찾아볼 수 없었다. 새로운 내용이나 진전은 전혀 없고, 미국의 강경한 입장에 직면한 남북 정상의 당혹감만 확인했다”고 밝혔다. 그는 “불성실한 태도로 일관하던 북한이 다급하게 남북 회담에 나선 것은 북핵폐기에 대한 미국의 단호한 의지와 압박 때문인 것으로 판단한다”며 “결국 국제사회의 강력한 제재·압박만이 북핵을 폐기할 수 있다”고 주장했다. 홍 대표는 “앞으로 저와 자유한국당은 미-북 정상회담을 위한 실무협상 과정을 보다 냉철한 시선으로 지켜보겠다. 진실의 순간이 곧 드러날 것으로 본다”고 말했다.
이어진 기자들과의 질의응답에서 홍 대표는 “지난 번 문재인 대통령이 워싱턴에 갔을 때 미국 쪽의 외교적 결례는 ‘외교참사’ 수준이었다”고 지적했다. 그는 “심지어 (도널드 트럼프 미국 대통령으로부터) ‘나한테 이야기한 김정은의 말하고 실제 행동이 왜 다르냐’ 그런 얘기까지도 추궁이 되었다고 한다”며 “장밋빛 환상만 심어주던 문재인 대통령과, 북핵 폐기가 아닌 한반도 비핵화를 주장하던 김정은 국무위원장이 동시에 미국 압박에 데드락(난관)에 처해 있는 상황”이라고 이번 남북 정상회담이 성사된 배경을 짚었다. ‘이번 남북 2차정상회담이 지방선거에 어느 정도로 영향을 미칠 것으로 보느냐’는 기자의 질문에는 “대답하기 어렵지만, 문 대통령이 곤경에 처한 것을 김정은 위원장이 구해주는 형국”이라며 “외교참사에 이를만큼 무시당한 문 대통령을 구해주기 위한 김정은의 배려”라고 답했다.
“트럼프의 (북-미 정상회담) 취소 직후 중국이 움직여 다시 회담 재개를 위한 협상을 한 것으로 안다”고 언급한 홍 대표는 미국 쪽도 이번 2차 남북회담에 대해 “김정은 쪽의 요청으로 독자적으로 회담한 것을 꺼려한다”고 주장했다. “남북 2차 정상회담에 대한 백악관 논평이 지금까지 나오지 않고 있다. 국무성에서도 공식 논평이 나오지 않는다”는 점을 주장의 근거로 들었다. 그는 “이런 중차대한 일에 미국 쪽에서 백악관 대변인이 공식 논평이 없다는 것만 보더라도 우리가 의심을 갖고 쳐다봐야 할 측면이 있다”고 덧붙였다.
이날 오전 다른 야당들은 이번 남북회담에 대해 대체로 환영하는 논평을 냈지만, 자유한국당은 당 공식 입장이나 논평을 내지 않다가 오후 4시에 열린 당 대표 기자회견으로 갈음했다. 공식 기자회견에 앞서 서울 노원병 국회의원 보궐선거구에서 열린 강연재 자유한국당 후보 사무실 개소식에 참석한 홍 대표는 이 자리에서 “어제 갑자기 문 대통령이 또 쇼를 시작하는 바람에 당에 가서 입장을 밝혀야 한다”면서 “30년 이상 내려온 북핵 문제를 한바탕 쇼로 정리하려고 하는 것은 지방선거를 목전에 둔 오로지 지방선거용일 뿐”이라고 말했다. 이어 “지방선거 끝난 뒤 쇼로 밝혀지면 그때는 이미 선거가 끝난 뒤다. 국민들에게 냉정하게 상황을 보는 것이 옳겠다는 것을 당사로 돌아가 설명드릴 것”이라고 밝혔다. 이날 자유한국당은 당초 오전 11시로 공지됐던 김성태 원내대표의 국회 기자회견을 취소하고, 새롭게 홍준표 대표 기자회견을 오후 5시로 공지했다가 4시로 변경하는 등 분주한 모습을 보였다.
한편 홍 대표와 함께 당사 기자회견에 참석한 김성태 원내대표는 “정상적 프로세스를 거쳐 국민적 동의와 지지 속에 진행됐어야 하는데도, 비선접촉 하듯이 하는 것은 큰 문제”라고 절차적 문제를 지적했다. 또 “한-미 정상회담 결과와 아무 상관없이 회담을 번복하는 트럼프 대통령의 태도는 애초부터 문 대통령의 중재외교가 전혀 중재되지 않았다는 반증”이라도 말했다.",6,1958
iks_20180527_hankyoreh_news_008,Hankyoreh news 2018 May 27 corpus.txt,Hankyoreh,한겨레,news,2018-05-27,2018_may_summit,‘5·26 정상회담’ 결과 발표 하루 늦춰진 이유가…,"문 대통령 발표 회견때 직접 사정 설명
“김 위원장이 북쪽 사정 들어 요청” 밝혀
남북 모두 미국과 소통 필요성 지적도","“마지막으로 공통적으로 갖고 계실 의문에 대해서 한 가지만 말씀드리겠습니다. 어제 논의한 내용을 왜 어제 바로 발표하지 않고 오늘 이렇게 발표를 하게 됐느냐라는 것은 북한 김정은 위원장의 요청에 따른 것입니다.”
문재인 대통령은 27일 오전 10시 청와대에서 ‘26일 판문점 남북정상회담’ 결과를 발표하며, 발표가 하루 늦춰진 사정을 이렇게 직접 밝혔다. “대통령께서 퇴장하시겠습니다”라는 윤영찬 국민소통수석의 마무리 발언이 나온 뒤, 기자들의 관련 질문이 없었는데도 자청해서 설명했다. 문 대통령은 “북쪽의 형편 때문에 오늘 논의된 내용을 보도할 수 있다라고 하면서 우리도 오늘 발표해주면 좋겠다는 요청을 했습니다”라고 구체적 사정도 전했다. 그러고는 “언론에 양해 말씀을 구한다”고 했다.
문 대통령의 이런 설명은, ‘김정은 위원장에 대한 배려’와 더불어, ‘하루 늦은 회담 결과 발표’에 따른 불필요한 억측을 조기에 차단할 필요가 있다는 판단에 따른 조처로 보인다.
문 대통령의 이런 설명과 관련해, 익명을 요청한 한 전문가는 “요즘은 일부 북쪽 주민들도 알게 모르게 남쪽 뉴스를 챙겨본다”며 “북쪽의 공식 발표 전에 남쪽 뉴스로 정상회담 관련 소식을 접하는 사태를 피하고자 했을 수 있다”고 풀이했다. 결과적으로 26일 회담 결과는 북쪽이 남쪽보다 4시간 빨리 공개했다. <조선중앙통신>이 이날 오전 6시 보도했고, 노동당 기관지 <노동신문>도 이날치 1·2면 전체에 걸쳐 사진 18장과 함께 보도했다.
하지만 ‘다른 필요성’이 있었으리라는 관측이 많다. 남과 북 모두 ‘26일 판문점 정상회담’과 관련해 공식 발표 전에 미국 쪽과 접촉할 필요성이 있었으리라는 지적이다. 문 대통령은 “김 위원장과 회담에서 논의된 내용들은 이미 미국 쪽에 전달했다는 말씀을 드린다”고만 밝혔다. 청와대 고위관계자도 “한-미 국가안보회의(NSC) 사이엔 거의 매일 소통”하며 ”정상 간에는 전화 통화를 통해 수시로 의견을 교환한다”고 ‘원론적 답변’만 했다.
이와 관련해 사정에 밝은 복수의 소식통은 “우리는 회담 결과 발표 전에 미국 쪽에 결과를 설명하고 추가 협의를 할 시간이 필요했을 터이고, 북쪽도 미국 쪽과 열려 있는 물밑 협의 창구로 남북 정상회담 개최와 관련한 소통의 필요성이 있었을 것”이라고 짚었다.","‘5·26 정상회담’ 결과 발표 하루 늦춰진 이유가…
문 대통령 발표 회견때 직접 사정 설명
“김 위원장이 북쪽 사정 들어 요청” 밝혀
남북 모두 미국과 소통 필요성 지적도
“마지막으로 공통적으로 갖고 계실 의문에 대해서 한 가지만 말씀드리겠습니다. 어제 논의한 내용을 왜 어제 바로 발표하지 않고 오늘 이렇게 발표를 하게 됐느냐라는 것은 북한 김정은 위원장의 요청에 따른 것입니다.”
문재인 대통령은 27일 오전 10시 청와대에서 ‘26일 판문점 남북정상회담’ 결과를 발표하며, 발표가 하루 늦춰진 사정을 이렇게 직접 밝혔다. “대통령께서 퇴장하시겠습니다”라는 윤영찬 국민소통수석의 마무리 발언이 나온 뒤, 기자들의 관련 질문이 없었는데도 자청해서 설명했다. 문 대통령은 “북쪽의 형편 때문에 오늘 논의된 내용을 보도할 수 있다라고 하면서 우리도 오늘 발표해주면 좋겠다는 요청을 했습니다”라고 구체적 사정도 전했다. 그러고는 “언론에 양해 말씀을 구한다”고 했다.
문 대통령의 이런 설명은, ‘김정은 위원장에 대한 배려’와 더불어, ‘하루 늦은 회담 결과 발표’에 따른 불필요한 억측을 조기에 차단할 필요가 있다는 판단에 따른 조처로 보인다.
문 대통령의 이런 설명과 관련해, 익명을 요청한 한 전문가는 “요즘은 일부 북쪽 주민들도 알게 모르게 남쪽 뉴스를 챙겨본다”며 “북쪽의 공식 발표 전에 남쪽 뉴스로 정상회담 관련 소식을 접하는 사태를 피하고자 했을 수 있다”고 풀이했다. 결과적으로 26일 회담 결과는 북쪽이 남쪽보다 4시간 빨리 공개했다. <조선중앙통신>이 이날 오전 6시 보도했고, 노동당 기관지 <노동신문>도 이날치 1·2면 전체에 걸쳐 사진 18장과 함께 보도했다.
하지만 ‘다른 필요성’이 있었으리라는 관측이 많다. 남과 북 모두 ‘26일 판문점 정상회담’과 관련해 공식 발표 전에 미국 쪽과 접촉할 필요성이 있었으리라는 지적이다. 문 대통령은 “김 위원장과 회담에서 논의된 내용들은 이미 미국 쪽에 전달했다는 말씀을 드린다”고만 밝혔다. 청와대 고위관계자도 “한-미 국가안보회의(NSC) 사이엔 거의 매일 소통”하며 ”정상 간에는 전화 통화를 통해 수시로 의견을 교환한다”고 ‘원론적 답변’만 했다.
이와 관련해 사정에 밝은 복수의 소식통은 “우리는 회담 결과 발표 전에 미국 쪽에 결과를 설명하고 추가 협의를 할 시간이 필요했을 터이고, 북쪽도 미국 쪽과 열려 있는 물밑 협의 창구로 남북 정상회담 개최와 관련한 소통의 필요성이 있었을 것”이라고 짚었다.",6,1122
iks_20180527_hankyoreh_news_009,Hankyoreh news 2018 May 27 corpus.txt,Hankyoreh,한겨레,news,2018-05-27,2018_may_summit,싱가포르서 남북미 회담도 열까,"문 대통령 “3국 종전선언 기대”
트럼프 “북미회담 연장할수도”
트위터서 ‘당일치기 회담’ 변화 시사
청와대는 내심 기대속 신중태도
“미, 북미회담 성공에 전념할 것”
일부 전문가들 “가능성 높다”","문재인 대통령과 김정은 북한 국무위원장의 전격적인 2차 정상회담으로, 한때 ‘좌초 위기’에 놓였던 북-미 정상회담이 정상 궤도에 올랐다. 남북이 지난 4·27 판문점선언에서 합의안 ‘올해 안 종전선언’ 및 ‘평화체제 구축 논의’ 역시 속도를 낼 것으로 보인다. 청와대 안팎에선 다음달 12일 싱가포르에서 열리는 북-미 정상회담에 문 대통령이 합류해 남-북-미 정상이 함께 종전선언을 할 가능성도 거론되고 있다. 문 대통령은 27일 청와대 춘추관에서 열린 기자회견에서 “북미 정상회담이 성공할 경우에 남-북-미 3자 정상회담을 통해서 종전선언이 추진되었으면 좋겠다는 기대를 가지고 있다”고 밝혔다. 그는 이날 회견에서 ‘남·북·미 3자간 직통전화(핫라인) 가능성’을 묻는 질문에 “남북 간에 최근에 그것이 개설되었고, 또 북미 간에도 앞으로 구축될 필요가 있다고 본다. 남북미 3국 간 핫라인 통화를 개설할 정도까지 가려면 사전에 남북미 3자 간의 정상회담부터 먼저 할 수 있지 않을까 생각한다”고 답하면서 이같이 말했다. 문 대통령의 ‘남-북-미 종전선언’ 언급은 4·27 남북정상회담에서 합의한 ‘판문점 선언’에 따른 것이다. 두 정상은 판문점 선언에서 “남과 북은 정전협정 체결 65년이 되는 올해에 종전을 선언하고 정전협정을 평화협정으로 전환하며 항구적이고 공고한 평화체제 구축을 위한 남·북·미 3자 또는 남·북·미·중 4자회담 개최를 적극 추진해 나가기로 했다”고 합의했다. 역사적인 북-미 회담의 성과를 바탕으로 남-북-미 정상간의 종전선언까지 이어나가겠다는 의지를 피력한 셈이다.
청와대 고위관계자도 이날 기자들과 만나 “3국간 종전선언은 4·27 (판문점)선언에 이미 포함돼있다. 이런 방안들에 대한 검토가 필요하다는 측면에서 협의는 진행하고 있다”고 밝혔다. 다만 “3자 정상회담을 어떻게, 언제 개최하느냐의 구체적인 내용에 대해서는 아직 (남북 간 실무 차원에서) 합의된 게 없고 내부 실무 차원에서 가능성만 검토되고 있다”고 덧붙였다.
청와대는 여건만 조성된다면 북-미 회담 직후 문 대통령이 싱가포르를 방문해 남-북-미 정상회담에 참여하는 방안에 대해서도 가능성을 열어놓고 준비 중인 것으로 전해졌다. 한 청와대 관계자는 “결정된 바는 없지만 모든 가능성은 열려있다”고 했다. 다만 3자 정상회담이 가능해지려면 앞서 열릴 북-미 정상회담의 성공이 전제돼야 하는데, 이제 겨우 북-미 회담의 불씨를 살려놓은 단계라, 섣불리 내다보기 힘들다는 우려도 많다. 또다른 청와대 관계자는 “트럼프 대통령이 일단은 북-미 회담의 성공에 전념하지 않을까 싶다”고 말했다. 북-미가 한반도의 완전한 비핵화와 북한 체제 보장 등을 놓고 실무협상에서 일정한 진전을 보더라도, 핵심적인 내용은 두 정상이 마주 앉아 결정할 가능성이 커서 북-미 회담 이후를 전망하기는 힘들다는 얘기다.
일각에선 도널드 트럼프 대통령이 북-미 회담 기간 연장 가능성을 내비친 것을 남-북-미 3자회담을 염두에 둔 발언으로 풀이하기도 한다. 트럼프 대통령은 26일(현지시각) 자신의 트위터를 통해 “우리는 북한과 정상회담을 다시 하는 것에 대한 생산적인 대화를 하고 있다. 만약 한다면, (기존과) 같은 날인 6월12일 싱가포르가 될 거다. 필요하다면 그 날짜를 넘어서서 (기간이) 연장될 수도 있다”고 밝혔다. ‘당일치기’ 회담으로 알려졌던 북-미 정상회담 기간이 길어진다는 의미일 수도 있지만, 이 기간 남-북-미 3자가 만나 대화하고, 종전선언을 하기 위한 기간을 염두에 둔 것 아니냐고 해석할 수도 있다.
조성렬 국가안보전략연구원 수석연구위원은 “싱가포르에서 남-북-미가 만나 종전선언을 할 가능성이 70∼80% 정도는 된다고 본다”며 “북한이 적대의식을 느끼는 것은 한-미 동맹이다. 북한이 비핵화에 착수해서 완료하기 전까지 체제안전을 보장하기 위한 ‘과도기적 안전보장’ 차원에서 3자가 만나 종전선언을 할 수 있다”고 짚었다.","싱가포르서 남북미 회담도 열까
문 대통령 “3국 종전선언 기대”
트럼프 “북미회담 연장할수도”
트위터서 ‘당일치기 회담’ 변화 시사
청와대는 내심 기대속 신중태도
“미, 북미회담 성공에 전념할 것”
일부 전문가들 “가능성 높다”
문재인 대통령과 김정은 북한 국무위원장의 전격적인 2차 정상회담으로, 한때 ‘좌초 위기’에 놓였던 북-미 정상회담이 정상 궤도에 올랐다. 남북이 지난 4·27 판문점선언에서 합의안 ‘올해 안 종전선언’ 및 ‘평화체제 구축 논의’ 역시 속도를 낼 것으로 보인다. 청와대 안팎에선 다음달 12일 싱가포르에서 열리는 북-미 정상회담에 문 대통령이 합류해 남-북-미 정상이 함께 종전선언을 할 가능성도 거론되고 있다. 문 대통령은 27일 청와대 춘추관에서 열린 기자회견에서 “북미 정상회담이 성공할 경우에 남-북-미 3자 정상회담을 통해서 종전선언이 추진되었으면 좋겠다는 기대를 가지고 있다”고 밝혔다. 그는 이날 회견에서 ‘남·북·미 3자간 직통전화(핫라인) 가능성’을 묻는 질문에 “남북 간에 최근에 그것이 개설되었고, 또 북미 간에도 앞으로 구축될 필요가 있다고 본다. 남북미 3국 간 핫라인 통화를 개설할 정도까지 가려면 사전에 남북미 3자 간의 정상회담부터 먼저 할 수 있지 않을까 생각한다”고 답하면서 이같이 말했다. 문 대통령의 ‘남-북-미 종전선언’ 언급은 4·27 남북정상회담에서 합의한 ‘판문점 선언’에 따른 것이다. 두 정상은 판문점 선언에서 “남과 북은 정전협정 체결 65년이 되는 올해에 종전을 선언하고 정전협정을 평화협정으로 전환하며 항구적이고 공고한 평화체제 구축을 위한 남·북·미 3자 또는 남·북·미·중 4자회담 개최를 적극 추진해 나가기로 했다”고 합의했다. 역사적인 북-미 회담의 성과를 바탕으로 남-북-미 정상간의 종전선언까지 이어나가겠다는 의지를 피력한 셈이다.
청와대 고위관계자도 이날 기자들과 만나 “3국간 종전선언은 4·27 (판문점)선언에 이미 포함돼있다. 이런 방안들에 대한 검토가 필요하다는 측면에서 협의는 진행하고 있다”고 밝혔다. 다만 “3자 정상회담을 어떻게, 언제 개최하느냐의 구체적인 내용에 대해서는 아직 (남북 간 실무 차원에서) 합의된 게 없고 내부 실무 차원에서 가능성만 검토되고 있다”고 덧붙였다.
청와대는 여건만 조성된다면 북-미 회담 직후 문 대통령이 싱가포르를 방문해 남-북-미 정상회담에 참여하는 방안에 대해서도 가능성을 열어놓고 준비 중인 것으로 전해졌다. 한 청와대 관계자는 “결정된 바는 없지만 모든 가능성은 열려있다”고 했다. 다만 3자 정상회담이 가능해지려면 앞서 열릴 북-미 정상회담의 성공이 전제돼야 하는데, 이제 겨우 북-미 회담의 불씨를 살려놓은 단계라, 섣불리 내다보기 힘들다는 우려도 많다. 또다른 청와대 관계자는 “트럼프 대통령이 일단은 북-미 회담의 성공에 전념하지 않을까 싶다”고 말했다. 북-미가 한반도의 완전한 비핵화와 북한 체제 보장 등을 놓고 실무협상에서 일정한 진전을 보더라도, 핵심적인 내용은 두 정상이 마주 앉아 결정할 가능성이 커서 북-미 회담 이후를 전망하기는 힘들다는 얘기다.
일각에선 도널드 트럼프 대통령이 북-미 회담 기간 연장 가능성을 내비친 것을 남-북-미 3자회담을 염두에 둔 발언으로 풀이하기도 한다. 트럼프 대통령은 26일(현지시각) 자신의 트위터를 통해 “우리는 북한과 정상회담을 다시 하는 것에 대한 생산적인 대화를 하고 있다. 만약 한다면, (기존과) 같은 날인 6월12일 싱가포르가 될 거다. 필요하다면 그 날짜를 넘어서서 (기간이) 연장될 수도 있다”고 밝혔다. ‘당일치기’ 회담으로 알려졌던 북-미 정상회담 기간이 길어진다는 의미일 수도 있지만, 이 기간 남-북-미 3자가 만나 대화하고, 종전선언을 하기 위한 기간을 염두에 둔 것 아니냐고 해석할 수도 있다.
조성렬 국가안보전략연구원 수석연구위원은 “싱가포르에서 남-북-미가 만나 종전선언을 할 가능성이 70∼80% 정도는 된다고 본다”며 “북한이 적대의식을 느끼는 것은 한-미 동맹이다. 북한이 비핵화에 착수해서 완료하기 전까지 체제안전을 보장하기 위한 ‘과도기적 안전보장’ 차원에서 3자가 만나 종전선언을 할 수 있다”고 짚었다.",5,1912
iks_20180527_hankyoreh_news_010,Hankyoreh news 2018 May 27 corpus.txt,Hankyoreh,한겨레,news,2018-05-27,2018_may_summit,트럼프도 ‘6·12회담’ 공식화…북·미 어제부터 판문점 접촉,"북미회담 급물살
트럼프 “그것은 바뀌지 않았다”
남북회담 하루 만에 북과 협상
성 김-최선희, 통일각에서 만나
북미회담 성사까진 여전히 ‘살얼음’
‘비핵화-체제보장’ 다시 줄다리기","도널드 트럼프 미국 대통령의 지난 24일 회담 취소 공개서한으로 궤도에서 이탈했던 ‘6월12일 싱가포르’ 북-미 정상회담이 북-미의 막후 실무 접촉과 주말 판문점 극비 남북 정상회담을 통해 기사회생했다.
‘6월12일 회담’의 차질 없는 진행에 대해 남·북·미 정상이 한목소리로 긍정적인 신호를 발신하고 있다. 문재인 대통령은 27일 남북 정상회담 결과를 발표하면서 “우리 두 정상은 6·12 북-미 정상회담이 성공적으로 이뤄져야 한다는 점을 확인했다”고 밝혔다. 회담 개최 가능성에 대한 의구심이 가시지는 않는 상황에서, 남북 정상이 회담 개최 의지를 다시 한번 다진 것이다. 북한도 27일 <조선중앙통신>이 전한 김정은 국무위원장의 발언을 통해 처음으로 정상회담 일정을 ‘6월12일’로 못박았다.
트럼프 대통령 역시 문 대통령의 남북 정상회담 결과 발표 직전인 26일(현지시각) 밤 백악관에서 베네수엘라에 억류됐다가 풀려난 자국 시민과 만난 자리에서 “그것(6월12일 정상회담 개최)은 바뀌지 않았다”고 강조했다. 트럼프 대통령은 “(정상회담 논의가) 아주 훌륭하게 진행되고 있다”며 “(논의) 장소는 여기에서 멀지 않은 곳”이라고 말했다. 싱가포르 정상회담 재추진을 사실상 공식화한 것이다.
남·북·미 모두 정상 차원에서 판을 깰 의도가 없고, 더 나아가 성공에 대한 의지도 강하다는 점이 재확인된 만큼, 북-미는 실무 준비에 박차를 가할 것으로 예상된다. 정상회담 개최 몇개월 전부터 사전 준비를 하는 미국의 관례에 비출 때, 지금은 전례 없는 비상사태라 할 수 있다. 현재 북-미는 의제는 물론 의전·경호·동선 등 회담 실무에서도 초보적 논의에 머물러 있다.
이에 따라 몇 개의 채널이 동시에 가동될 것으로 보인다. 우선 트럼프 대통령이 암시한 것처럼, 북-미 간 ‘뉴욕 채널’을 통해 일상적 업무 연락을 계속 주고받을 수 있다. 두번째는 의전·경호·이동 문제를 논의하는 실무회담 개최다. 이와 관련해 정치 전문 매체 <폴리티코>는 지난 25일 백악관 사전준비팀이 27일 싱가포르로 출발한다고 보도했다. 이 선발대는 북한 쪽과 주로 행사와 관련된 실무 문제를 논의할 것으로 예상된다.
특히 <한겨레> 취재 결과, 문재인 대통령과 김정은 국무위원장이 깜짝 정상회담을 한 지 하루 만인 27일부터 북-미 실무진이 판문점 북쪽 지역에서 실무회담을 진행 중이다. 6자회담 미국 쪽 수석대표 등을 역임했으며 북-미 정상회담에서 주요한 역할을 맡을 것으로 전해졌던 성 김 필리핀 주재 미국대사가 이 막후 회담을 주도하고 있는 것으로 알려졌다. 김 대사는 백악관, 국방부, 국무부 관계자들과 함께 실무회담을 진행 중이며 북쪽에서는 최선희 외무성 부상 등이 회담에 참가하고 있다고 <워싱턴 포스트>가 전했다. 회담은 29일까지 계속될 예정이다.
남북과 미국의 노력으로 북-미 정상회담의 불씨가 살아났지만, ‘살얼음판 국면’은 회담 당일까지 이어질 수 있다.
우선, 비핵화 및 상응 조처를 둘러싼 북-미 간 기싸움은 사전 논의 과정에서 피할 수 없다. 이 과정에서 또 한차례 큰 고비가 찾아올 수 있다. 북-미 간 신뢰가 탄탄하지 않은 상태에서 군사 위협 해소와 체제 안전 보장을 먼저 확약받고 싶어 하는 북한과, 비핵화 조처를 먼저 확인하고 싶은 미국 사이에 팽팽한 줄다리기가 예상된다. 문 대통령도 이날 “(비핵화 및 상응 조처) 로드맵은 양국 간에 협의가 필요하고, 그런 과정이 어려울 수 있다”고 밝혔다.
6월 12일 싱가포르 북-미 정상회담 취소 소동에서 '부활'까지
""우리는 미국에 대화를 구걸하지 않으며 구태여 붙잡지도 않을 것이다."" 최선희 북한 외무성 부상 (24일 담화)
""당신들의 담화가 보여준 엄청난 분노와 공개적 적대감을 볼 때, 이 만남이 부적절하다고 느낀다. 싱가포르 회담은 열리지 않을 것이다."" 도널드 트럼프 미국 대통령 (24일 공개서한)
""우리는 아무 때나 어떤 방식으로든 마주앉아 문제를 풀어나갈 용의가 있다."" 김계관 북한 외무성 제1부상 (25일 담화)
""북한으로부터 매우 따뜻하고 생산적인 성명이 나왔다는 좋은 뉴스가 있다."" 도널드 트럼프 미국 대통령 (25일 오전 트위터)
실무 준비를 위한 시간이 충분치 않다는 점을 들어 6월12일 회담 일정에 비관적 의견 피력. 백악관 고위 관계자 (25일 <뉴욕타임스> 등 보도)
""북한과 회담 재개에 대한 매우 생산적인 얘기를 하고 있다. 만약 그렇게 된다면 이전과 같은 날짜인 6월 12일 싱가포르가 될 것 같다."" 트럼프 미국 대통령 (25일 오후 트위터)
""우리는 6월12일 싱가포르를 보고 있다. 그것은 바뀌지 않았다."" 도널드 트럼프 미국 대통령 (26일 밤 발언)
""6월12일로 예정된 조-미 수뇌회담에 대해 확고한 의지를 피력"" 김정은 북한 국무위원장 (27일 <조선중앙통신>)
다만, 트럼프 대통령은 24일 방영된 <폭스 뉴스> 프로그램에서 처음으로 북한이 요구하는 ‘단계적 비핵화’의 필요성을 언급한 바 있다. 이는 미국의 ‘신속한 비핵화’ 요구와 북한의 ‘단계적 비핵화’ 주장이 ‘신속하고 단계적인’ 주고받기로 절충될 가능성을 암시하는 것이다.
또다른 걸림돌은 김정은 위원장의 이동 문제다. <워싱턴 포스트>는 22일 김 위원장이 자신의 전용기로 과연 싱가포르까지 무사히 닿을 수 있을지 우려하고 있다는 신호를 미국 쪽에 보내고 있다고 보도한 바 있다. 이 보도가 맞는다면, 이동 문제가 의외로 상당히 까다로운 쟁점이 될 수 있다. 북한은 아직 공식적으로 회담 장소에 대해 언급하고 있지 않다.","트럼프도 ‘6·12회담’ 공식화…북·미 어제부터 판문점 접촉
북미회담 급물살
트럼프 “그것은 바뀌지 않았다”
남북회담 하루 만에 북과 협상
성 김-최선희, 통일각에서 만나
북미회담 성사까진 여전히 ‘살얼음’
‘비핵화-체제보장’ 다시 줄다리기
도널드 트럼프 미국 대통령의 지난 24일 회담 취소 공개서한으로 궤도에서 이탈했던 ‘6월12일 싱가포르’ 북-미 정상회담이 북-미의 막후 실무 접촉과 주말 판문점 극비 남북 정상회담을 통해 기사회생했다.
‘6월12일 회담’의 차질 없는 진행에 대해 남·북·미 정상이 한목소리로 긍정적인 신호를 발신하고 있다. 문재인 대통령은 27일 남북 정상회담 결과를 발표하면서 “우리 두 정상은 6·12 북-미 정상회담이 성공적으로 이뤄져야 한다는 점을 확인했다”고 밝혔다. 회담 개최 가능성에 대한 의구심이 가시지는 않는 상황에서, 남북 정상이 회담 개최 의지를 다시 한번 다진 것이다. 북한도 27일 <조선중앙통신>이 전한 김정은 국무위원장의 발언을 통해 처음으로 정상회담 일정을 ‘6월12일’로 못박았다.
트럼프 대통령 역시 문 대통령의 남북 정상회담 결과 발표 직전인 26일(현지시각) 밤 백악관에서 베네수엘라에 억류됐다가 풀려난 자국 시민과 만난 자리에서 “그것(6월12일 정상회담 개최)은 바뀌지 않았다”고 강조했다. 트럼프 대통령은 “(정상회담 논의가) 아주 훌륭하게 진행되고 있다”며 “(논의) 장소는 여기에서 멀지 않은 곳”이라고 말했다. 싱가포르 정상회담 재추진을 사실상 공식화한 것이다.
남·북·미 모두 정상 차원에서 판을 깰 의도가 없고, 더 나아가 성공에 대한 의지도 강하다는 점이 재확인된 만큼, 북-미는 실무 준비에 박차를 가할 것으로 예상된다. 정상회담 개최 몇개월 전부터 사전 준비를 하는 미국의 관례에 비출 때, 지금은 전례 없는 비상사태라 할 수 있다. 현재 북-미는 의제는 물론 의전·경호·동선 등 회담 실무에서도 초보적 논의에 머물러 있다.
이에 따라 몇 개의 채널이 동시에 가동될 것으로 보인다. 우선 트럼프 대통령이 암시한 것처럼, 북-미 간 ‘뉴욕 채널’을 통해 일상적 업무 연락을 계속 주고받을 수 있다. 두번째는 의전·경호·이동 문제를 논의하는 실무회담 개최다. 이와 관련해 정치 전문 매체 <폴리티코>는 지난 25일 백악관 사전준비팀이 27일 싱가포르로 출발한다고 보도했다. 이 선발대는 북한 쪽과 주로 행사와 관련된 실무 문제를 논의할 것으로 예상된다.
특히 <한겨레> 취재 결과, 문재인 대통령과 김정은 국무위원장이 깜짝 정상회담을 한 지 하루 만인 27일부터 북-미 실무진이 판문점 북쪽 지역에서 실무회담을 진행 중이다. 6자회담 미국 쪽 수석대표 등을 역임했으며 북-미 정상회담에서 주요한 역할을 맡을 것으로 전해졌던 성 김 필리핀 주재 미국대사가 이 막후 회담을 주도하고 있는 것으로 알려졌다. 김 대사는 백악관, 국방부, 국무부 관계자들과 함께 실무회담을 진행 중이며 북쪽에서는 최선희 외무성 부상 등이 회담에 참가하고 있다고 <워싱턴 포스트>가 전했다. 회담은 29일까지 계속될 예정이다.
남북과 미국의 노력으로 북-미 정상회담의 불씨가 살아났지만, ‘살얼음판 국면’은 회담 당일까지 이어질 수 있다.
우선, 비핵화 및 상응 조처를 둘러싼 북-미 간 기싸움은 사전 논의 과정에서 피할 수 없다. 이 과정에서 또 한차례 큰 고비가 찾아올 수 있다. 북-미 간 신뢰가 탄탄하지 않은 상태에서 군사 위협 해소와 체제 안전 보장을 먼저 확약받고 싶어 하는 북한과, 비핵화 조처를 먼저 확인하고 싶은 미국 사이에 팽팽한 줄다리기가 예상된다. 문 대통령도 이날 “(비핵화 및 상응 조처) 로드맵은 양국 간에 협의가 필요하고, 그런 과정이 어려울 수 있다”고 밝혔다.
6월 12일 싱가포르 북-미 정상회담 취소 소동에서 '부활'까지
""우리는 미국에 대화를 구걸하지 않으며 구태여 붙잡지도 않을 것이다."" 최선희 북한 외무성 부상 (24일 담화)
""당신들의 담화가 보여준 엄청난 분노와 공개적 적대감을 볼 때, 이 만남이 부적절하다고 느낀다. 싱가포르 회담은 열리지 않을 것이다."" 도널드 트럼프 미국 대통령 (24일 공개서한)
""우리는 아무 때나 어떤 방식으로든 마주앉아 문제를 풀어나갈 용의가 있다."" 김계관 북한 외무성 제1부상 (25일 담화)
""북한으로부터 매우 따뜻하고 생산적인 성명이 나왔다는 좋은 뉴스가 있다."" 도널드 트럼프 미국 대통령 (25일 오전 트위터)
실무 준비를 위한 시간이 충분치 않다는 점을 들어 6월12일 회담 일정에 비관적 의견 피력. 백악관 고위 관계자 (25일 <뉴욕타임스> 등 보도)
""북한과 회담 재개에 대한 매우 생산적인 얘기를 하고 있다. 만약 그렇게 된다면 이전과 같은 날짜인 6월 12일 싱가포르가 될 것 같다."" 트럼프 미국 대통령 (25일 오후 트위터)
""우리는 6월12일 싱가포르를 보고 있다. 그것은 바뀌지 않았다."" 도널드 트럼프 미국 대통령 (26일 밤 발언)
""6월12일로 예정된 조-미 수뇌회담에 대해 확고한 의지를 피력"" 김정은 북한 국무위원장 (27일 <조선중앙통신>)
다만, 트럼프 대통령은 24일 방영된 <폭스 뉴스> 프로그램에서 처음으로 북한이 요구하는 ‘단계적 비핵화’의 필요성을 언급한 바 있다. 이는 미국의 ‘신속한 비핵화’ 요구와 북한의 ‘단계적 비핵화’ 주장이 ‘신속하고 단계적인’ 주고받기로 절충될 가능성을 암시하는 것이다.
또다른 걸림돌은 김정은 위원장의 이동 문제다. <워싱턴 포스트>는 22일 김 위원장이 자신의 전용기로 과연 싱가포르까지 무사히 닿을 수 있을지 우려하고 있다는 신호를 미국 쪽에 보내고 있다고 보도한 바 있다. 이 보도가 맞는다면, 이동 문제가 의외로 상당히 까다로운 쟁점이 될 수 있다. 북한은 아직 공식적으로 회담 장소에 대해 언급하고 있지 않다.",19,2681
iks_20180527_hankyoreh_news_011,Hankyoreh news 2018 May 27 corpus.txt,Hankyoreh,한겨레,news,2018-05-27,2018_may_summit,“남북은 이렇게 만나야”…강대국에 휘둘리지 않는 ‘공조’ 선언,"‘깜짝 회담’ 의미와 전망
문 대통령 “역사 물줄기 바꾸는
완전히 새로운 시작 될 것”
한반도 ‘불신→신뢰’ 전환점으로
두 정상 수시로 논의하겠다던
4·27 판문점선언 다짐 실천
‘소통 일상화’ 남북관계 질적 도약
남북 함께 북미관계 변화 이끌어
미국 지배적 국제정치에 ‘파란’
주변4국, 한반도전략 수정 불가피","도널드 트럼프 미국 대통령이 ‘6월12일 싱가포르 북-미 정상회담’을 취소한다고 ‘편지 통보’를 하지 않았다면, 한달 만의 26일 판문점 남북정상회담(5·26 정상회담)은 열리지 않았을 터이다. 문재인 대통령과 김정은 북한 국무위원장은 아무도 예상하지 못한 전격적인 정상회담으로 좌초 위기의 북-미 정상회담을 다시 살려내고 남북관계를 질적으로 한 단계 높은 지경에 올려놨다.
말 그대로 ‘전화위복의 예술’이다. 문 대통령과 김 위원장의 정세 돌파 ‘전격전’은, 더는 ‘냉전의 외딴섬’에 살지 않겠다는, 미국·중국·일본·러시아 주변 4국의 강대국 정치와 이간책에 흔들려 전쟁과 분단과 갈등으로 허송세월하지 않겠다는 ‘공조 선언’이다.
“역사의 물줄기를 바꾸는, 완전히 새로운 시작이 될 것”이라는 문 대통령의 다짐은 그래서 의미심장하다. 사정에 밝은 여러 소식통들이 “아무도 예상하지 못한 매우 흥미로운 사태 전개”이자 “(한반도의) 불신 프로세스를 신뢰 프로세스로 바꿀 전환점”이라고 평가하는 이유다.
우선 ‘5·26 정상회담’은 “양 정상은 정기적인 회담과 직통전화를 통해 민족의 중대사를 수시로 진지하게 논의”하겠다는 ‘4·27 판문점 선언’의 다짐을 실천했다는 의미가 있다. ‘말을 하면 이행한다’는 좋은 선례의 구성이다. 문 대통령은 27일 회담 결과를 발표하며 “친구 간의 평범한 일상처럼 이뤄진 이번 회담에 매우 큰 의미를 부여하고 싶다”며 “남북은 이렇게 만나야 한다는 게 제 생각”이라고 밝혔다. 김 위원장은 26일 회담 머리발언에서 “마음이 더 가까워지고 모아지고, 평양과 서울이 더 가까워지는 과정”이라고 의미를 부여했다. <노동신문>을 통해선 “북남관계의 새로운 장을 열어놓는 역사적인 계기”라고 평했다. 문 대통령도 회담 마무리 발언에서 “과거에는 남북 정상들이 마주 앉으려면 아주 긴 시간 동안 많은 노력이 필요했는데, 이렇게 연락해서 쉽게 만날 수 있다는 것이 남북관계의 새로운 시대를 보여주는 징표”라고 자평했다.
1·2차 남북정상회담 과정에 밝은 전직 고위 관계자는 “정상 간 소통의 일상화가 가능해져 남북관계의 안정적이고도 일상적인 발전의 계기가 될 것”이라며 “남북관계에서 이루 말할 수 없는 큰 의미를 지닌다”고 짚었다. 이 관계자는 “우리 내부적으로는 ‘통미봉남’ 따위 시대착오적 말장난으로 갈등과 분열에 휩싸이지 않을 전기가 될 수 있을 것”이라고 기대했다.
무엇보다 ‘5·26 정상회담’은 ‘남북관계의 재발견’, 곧 전쟁과 분단의 한반도사에서 남북관계와 북-미 관계의 우선순위 조정을 통한 관계 재설정의 의미를 지닌다. 남북 정상의 전격적 담판으로 좌초 위기의 북-미 정상회담을 살려냈다는 건, 남북 공조로 북-미 관계를 ‘견인’할 수 있음을 보여준 것이어서다. ‘남북관계는 미국이 설정한 한계를 벗어나기 어렵다’는 국제정치학계의 강고한 인식이 ‘불변의 진리’가 아님을 웅변한다.
사정에 밝은 소식통은 “트럼프의 ‘편지 취소’에서 26일 남북정상회담에 이르는 과정은 남북관계가 북-미 관계보다 반 발짝 또는 한 발짝 앞서갈 필요가 있다는 데 남북이 공감을 형성한 것”이라고 짚었다. “신뢰가 부족하거나 결여된” 북-미 관계가 주춤할 때 남북관계가 “속도 유지와 역진 방지”의 안전판 노릇을 할 수 있고, 그러해야 하다는 지적이다. 전직 고위 관계자는 “김정은 위원장으로선 미국을 상대하는 데 (전통의 후견국인) 중국의 시진핑 국가주석뿐만 아니라 문 대통령의 도움이 절실함을 행동으로 인정한 것”이라고 짚었다.
실제 27일 <노동신문>은 “북남 수뇌분들께서는 조선반도의 비핵화를 실현하기 위해 공동으로 노력해 나갈 데 대한 입장을 표명하시며 앞으로 수시로 만나 대화를 적극화하며 지혜와 힘을 합쳐나갈 데 대해 견해를 같이하시였다”고 전했다. 문 대통령도 “한반도의 비핵화와 항구적인 평화체제를 위한 우리의 여정은 결코 중단될 수 없다는 점을 확인하고, 이를 위해 긴밀히 상호협력하기로 했다”고 밝혔다. 전통적으로 북-미 간 의제로 인식돼온 이른바 ‘북핵 문제’(북-미 적대관계)를, 문 대통령이 거듭 강조해온 ‘한반도 냉전구조 해체’의 전망 아래 남북 공조로 해소하겠다는 다짐이다. 동북아의 사실상 패권국인 미국은 물론 중·일·러 등 동북아 주변국들로선 대한반도 전략을 재검토할 수밖에 없는 상황 전개다.","“남북은 이렇게 만나야”…강대국에 휘둘리지 않는 ‘공조’ 선언
‘깜짝 회담’ 의미와 전망
문 대통령 “역사 물줄기 바꾸는
완전히 새로운 시작 될 것”
한반도 ‘불신→신뢰’ 전환점으로
두 정상 수시로 논의하겠다던
4·27 판문점선언 다짐 실천
‘소통 일상화’ 남북관계 질적 도약
남북 함께 북미관계 변화 이끌어
미국 지배적 국제정치에 ‘파란’
주변4국, 한반도전략 수정 불가피
도널드 트럼프 미국 대통령이 ‘6월12일 싱가포르 북-미 정상회담’을 취소한다고 ‘편지 통보’를 하지 않았다면, 한달 만의 26일 판문점 남북정상회담(5·26 정상회담)은 열리지 않았을 터이다. 문재인 대통령과 김정은 북한 국무위원장은 아무도 예상하지 못한 전격적인 정상회담으로 좌초 위기의 북-미 정상회담을 다시 살려내고 남북관계를 질적으로 한 단계 높은 지경에 올려놨다.
말 그대로 ‘전화위복의 예술’이다. 문 대통령과 김 위원장의 정세 돌파 ‘전격전’은, 더는 ‘냉전의 외딴섬’에 살지 않겠다는, 미국·중국·일본·러시아 주변 4국의 강대국 정치와 이간책에 흔들려 전쟁과 분단과 갈등으로 허송세월하지 않겠다는 ‘공조 선언’이다.
“역사의 물줄기를 바꾸는, 완전히 새로운 시작이 될 것”이라는 문 대통령의 다짐은 그래서 의미심장하다. 사정에 밝은 여러 소식통들이 “아무도 예상하지 못한 매우 흥미로운 사태 전개”이자 “(한반도의) 불신 프로세스를 신뢰 프로세스로 바꿀 전환점”이라고 평가하는 이유다.
우선 ‘5·26 정상회담’은 “양 정상은 정기적인 회담과 직통전화를 통해 민족의 중대사를 수시로 진지하게 논의”하겠다는 ‘4·27 판문점 선언’의 다짐을 실천했다는 의미가 있다. ‘말을 하면 이행한다’는 좋은 선례의 구성이다. 문 대통령은 27일 회담 결과를 발표하며 “친구 간의 평범한 일상처럼 이뤄진 이번 회담에 매우 큰 의미를 부여하고 싶다”며 “남북은 이렇게 만나야 한다는 게 제 생각”이라고 밝혔다. 김 위원장은 26일 회담 머리발언에서 “마음이 더 가까워지고 모아지고, 평양과 서울이 더 가까워지는 과정”이라고 의미를 부여했다. <노동신문>을 통해선 “북남관계의 새로운 장을 열어놓는 역사적인 계기”라고 평했다. 문 대통령도 회담 마무리 발언에서 “과거에는 남북 정상들이 마주 앉으려면 아주 긴 시간 동안 많은 노력이 필요했는데, 이렇게 연락해서 쉽게 만날 수 있다는 것이 남북관계의 새로운 시대를 보여주는 징표”라고 자평했다.
1·2차 남북정상회담 과정에 밝은 전직 고위 관계자는 “정상 간 소통의 일상화가 가능해져 남북관계의 안정적이고도 일상적인 발전의 계기가 될 것”이라며 “남북관계에서 이루 말할 수 없는 큰 의미를 지닌다”고 짚었다. 이 관계자는 “우리 내부적으로는 ‘통미봉남’ 따위 시대착오적 말장난으로 갈등과 분열에 휩싸이지 않을 전기가 될 수 있을 것”이라고 기대했다.
무엇보다 ‘5·26 정상회담’은 ‘남북관계의 재발견’, 곧 전쟁과 분단의 한반도사에서 남북관계와 북-미 관계의 우선순위 조정을 통한 관계 재설정의 의미를 지닌다. 남북 정상의 전격적 담판으로 좌초 위기의 북-미 정상회담을 살려냈다는 건, 남북 공조로 북-미 관계를 ‘견인’할 수 있음을 보여준 것이어서다. ‘남북관계는 미국이 설정한 한계를 벗어나기 어렵다’는 국제정치학계의 강고한 인식이 ‘불변의 진리’가 아님을 웅변한다.
사정에 밝은 소식통은 “트럼프의 ‘편지 취소’에서 26일 남북정상회담에 이르는 과정은 남북관계가 북-미 관계보다 반 발짝 또는 한 발짝 앞서갈 필요가 있다는 데 남북이 공감을 형성한 것”이라고 짚었다. “신뢰가 부족하거나 결여된” 북-미 관계가 주춤할 때 남북관계가 “속도 유지와 역진 방지”의 안전판 노릇을 할 수 있고, 그러해야 하다는 지적이다. 전직 고위 관계자는 “김정은 위원장으로선 미국을 상대하는 데 (전통의 후견국인) 중국의 시진핑 국가주석뿐만 아니라 문 대통령의 도움이 절실함을 행동으로 인정한 것”이라고 짚었다.
실제 27일 <노동신문>은 “북남 수뇌분들께서는 조선반도의 비핵화를 실현하기 위해 공동으로 노력해 나갈 데 대한 입장을 표명하시며 앞으로 수시로 만나 대화를 적극화하며 지혜와 힘을 합쳐나갈 데 대해 견해를 같이하시였다”고 전했다. 문 대통령도 “한반도의 비핵화와 항구적인 평화체제를 위한 우리의 여정은 결코 중단될 수 없다는 점을 확인하고, 이를 위해 긴밀히 상호협력하기로 했다”고 밝혔다. 전통적으로 북-미 간 의제로 인식돼온 이른바 ‘북핵 문제’(북-미 적대관계)를, 문 대통령이 거듭 강조해온 ‘한반도 냉전구조 해체’의 전망 아래 남북 공조로 해소하겠다는 다짐이다. 동북아의 사실상 패권국인 미국은 물론 중·일·러 등 동북아 주변국들로선 대한반도 전략을 재검토할 수밖에 없는 상황 전개다.",8,2095
iks_20180527_hankyoreh_news_012,Hankyoreh news 2018 May 27 corpus.txt,Hankyoreh,한겨레,news,2018-05-27,2018_may_summit,문 대통령 ‘2시간 방북’ 때 김동연 부총리 권한 위임,방북 시간때 이낙연 총리도 국외 출장,"문재인 대통령이 26일 2차 남북정상회담을 위해 2시간 가량 ‘방북’하면서 대통령의 권한을 김동연 경제부총리에게 잠시 넘겼던 것으로 알려졌다.
문 대통령은 이날 오후 3시부터 5시까지 판문점 북쪽 지역인 통일각에 머물며 김정은 북한 국무위원장과 정상회담을 했다. 2시간 가량이지만 대통령이 방북하는 ‘비상 상황’이 일어난 것이다.
문 대통령은 이에 방북 전 법에 정해진 절차를 밟아 대통령의 권한을 김 부총리에게 넘겼다. 헌법 71조는 대통령 궐위·사고 때는 국무총리 또는 법률이 정한 국무위원의 순으로 권한을 대행하도록 하고 있다. 한상희 건국대 법학전문대학원 교수는 “문 대통령의 방북은 헌법이 정한 ‘실효적 지배영역’을 벗어난 것이다. 대통령으로선 직무를 원활히 수행할 수 없는 상황으로 볼 수 있다”고 해석했다.
헌법에 따라 문 대통령의 권한은 이낙연 국무총리가 대행해야했지만 이 총리도 오스트리아와 아일랜드를 방문하려고 지난 24일 출국해 국내에 없었다. 결국 문 대통령은 ‘국무총리가 사고로 직무를 수행할 수 없는 경우에는 기획재정부장관이 겸임하는 부총리, 교육부장관이 겸임하는 부총리의 순으로 직무를 대행한다’는 정부조직법 22조에 따라 김 부총리에게 권한을 위임하고 통일각으로 향했다.","문 대통령 ‘2시간 방북’ 때 김동연 부총리 권한 위임
방북 시간때 이낙연 총리도 국외 출장
문재인 대통령이 26일 2차 남북정상회담을 위해 2시간 가량 ‘방북’하면서 대통령의 권한을 김동연 경제부총리에게 잠시 넘겼던 것으로 알려졌다.
문 대통령은 이날 오후 3시부터 5시까지 판문점 북쪽 지역인 통일각에 머물며 김정은 북한 국무위원장과 정상회담을 했다. 2시간 가량이지만 대통령이 방북하는 ‘비상 상황’이 일어난 것이다.
문 대통령은 이에 방북 전 법에 정해진 절차를 밟아 대통령의 권한을 김 부총리에게 넘겼다. 헌법 71조는 대통령 궐위·사고 때는 국무총리 또는 법률이 정한 국무위원의 순으로 권한을 대행하도록 하고 있다. 한상희 건국대 법학전문대학원 교수는 “문 대통령의 방북은 헌법이 정한 ‘실효적 지배영역’을 벗어난 것이다. 대통령으로선 직무를 원활히 수행할 수 없는 상황으로 볼 수 있다”고 해석했다.
헌법에 따라 문 대통령의 권한은 이낙연 국무총리가 대행해야했지만 이 총리도 오스트리아와 아일랜드를 방문하려고 지난 24일 출국해 국내에 없었다. 결국 문 대통령은 ‘국무총리가 사고로 직무를 수행할 수 없는 경우에는 기획재정부장관이 겸임하는 부총리, 교육부장관이 겸임하는 부총리의 순으로 직무를 대행한다’는 정부조직법 22조에 따라 김 부총리에게 권한을 위임하고 통일각으로 향했다.",4,615
iks_20180527_hankyoreh_news_013,Hankyoreh news 2018 May 27 corpus.txt,Hankyoreh,한겨레,news,2018-05-27,2018_may_summit,"순식간에 스쳐간 북 의장대 ‘받들어 총’…의전, 뭣이 중한디",급박한 만남 실무대화 초점,"25일 남북 정상회담장인 판문점 북쪽 지역 통일각 앞에서는 인민군 명예위병대(의장대)가 양 옆으로 정열해 문재인 대통령을 맞았다. 이들은 이날 문 대통령이 승용차에서 내려 김여정 노동당 제1부부장의 안내로 통일각 안으로 발걸음을 옮기자, 의장용 칼을 든 지휘자의 ‘경례’ 지휘에 따라 ‘받들어 총’ 자세로 문 대통령에 예를 표했다.
이들의 모습은 청와대가 공개한 영상에서 불과 몇 초에 그쳤다. 외국 정상에 대한 의장행사라고 보기에는 상당히 간략한 형태였다. 지난달 27일 첫 남북정상회담 때 판문점 남쪽지역 자유의 집 앞에서 한 의장행사도 협소한 장소 등을 이유로 국기게양과 국가연주, 예포 발사 등이 생략된 약식으로 치러졌지만, 그 때 행사와도 비교가 안될 정도로 단촐했다.
여기엔 이날 회담이 김정은 국무위원장의 제안 하룻만에 성사되는 등 급박하게 이뤄진 점, 회담 성격이 정상간 의전보다 실무 대화에 초점이 맞춰진 점, 사열 등 의장행사를 하기에는 장소가 비좁다는 현실적 이유 등이 반영된 것으로 보인다. 군 관계자는 “북한은 과거 김대중·노무현 대통령 방북 때 국가원수에 걸맞는 의전행사를 했고, 김정은 국무위원장이 지난 4월 판문점 자유의 집에 왔을 때는 우리 군의 의장행사를 받았다. 북한이 이번에 의전행사를 아주 생략하기는 어려웠기 때문에 간략하게나마 준비한 것 같다”고 말했다. 다른 관계자는 “의장행사는 국제 규칙이 있는 것은 아니고 각국의 관례와 사정, 그때 그때의 형편에 따라 조금씩 달라질 수밖에 없는 것으로 봐야 한다”고 말했다.","순식간에 스쳐간 북 의장대 ‘받들어 총’…의전, 뭣이 중한디
급박한 만남 실무대화 초점
25일 남북 정상회담장인 판문점 북쪽 지역 통일각 앞에서는 인민군 명예위병대(의장대)가 양 옆으로 정열해 문재인 대통령을 맞았다. 이들은 이날 문 대통령이 승용차에서 내려 김여정 노동당 제1부부장의 안내로 통일각 안으로 발걸음을 옮기자, 의장용 칼을 든 지휘자의 ‘경례’ 지휘에 따라 ‘받들어 총’ 자세로 문 대통령에 예를 표했다.
이들의 모습은 청와대가 공개한 영상에서 불과 몇 초에 그쳤다. 외국 정상에 대한 의장행사라고 보기에는 상당히 간략한 형태였다. 지난달 27일 첫 남북정상회담 때 판문점 남쪽지역 자유의 집 앞에서 한 의장행사도 협소한 장소 등을 이유로 국기게양과 국가연주, 예포 발사 등이 생략된 약식으로 치러졌지만, 그 때 행사와도 비교가 안될 정도로 단촐했다.
여기엔 이날 회담이 김정은 국무위원장의 제안 하룻만에 성사되는 등 급박하게 이뤄진 점, 회담 성격이 정상간 의전보다 실무 대화에 초점이 맞춰진 점, 사열 등 의장행사를 하기에는 장소가 비좁다는 현실적 이유 등이 반영된 것으로 보인다. 군 관계자는 “북한은 과거 김대중·노무현 대통령 방북 때 국가원수에 걸맞는 의전행사를 했고, 김정은 국무위원장이 지난 4월 판문점 자유의 집에 왔을 때는 우리 군의 의장행사를 받았다. 북한이 이번에 의전행사를 아주 생략하기는 어려웠기 때문에 간략하게나마 준비한 것 같다”고 말했다. 다른 관계자는 “의장행사는 국제 규칙이 있는 것은 아니고 각국의 관례와 사정, 그때 그때의 형편에 따라 조금씩 달라질 수밖에 없는 것으로 봐야 한다”고 말했다.",3,758
iks_20180527_hankyoreh_news_014,Hankyoreh news 2018 May 27 corpus.txt,Hankyoreh,한겨레,news,2018-05-27,2018_may_summit,"문대통령, 암행경호 속 차량으로만 판문점으로 이동",,"문재인 대통령과 김정은 북한 국무위원장 간 두번째 남북정상회담은 두 정상이 헤어지고도 세 시간 가까이 더 지난 26일 오후 8시께 청와대가 공개하기 전까지 전혀 알려지지 않았을 정도로 극비리에 진행됐다.
이는 김 위원장이 25일 오후 회담을 제의하며 일체의 형식 없이 만나고 싶다고 했을 뿐만 아니라, 회담 사실이 미리 알려지면 경호, 보도 등의 복잡한 준비 절차로 내실 있는 대화가 이뤄지기 어렵다고 판단했기 때문이다.
이에 따라 문 대통령이 김 위원장의 제안을 흔쾌히 수락한 이후, 다음 날인 26일 청와대에서 판문점에 도착하기까지의 과정 역시 눈에 띄지 않게끔 철저한 보안 속에 이뤄진 것으로 알려졌다.
청와대는 일단 문 대통령 경호 규모를 최소화했다는 후문이다.
일반적으로 문 대통령이 이동하면 대통령이 탑승한 차량 앞뒤로 적잖은 차량이 배치돼 경호 업무를 담당하는데, 언론에 공개된 문 대통령의 판문점 도착 모습을 보면 평소보다 훨씬 적은 수의 차량이 함께한 것을 알 수 있다.
당장 경호 규모를 평소와 마찬가지로 꾸려서 움직일 경우 도로에서 쉽게 눈에 띄어 보안을 유지하기 어렵다고 판단해 이런 조처를 한 것으로 받아들여진다.
문 대통령은 이날 탑승한 차량도 평소에는 타지 않던 차종이었다.
문 대통령은 일반적인 외부 일정을 소화할 때는 대개 검은색 메르세데스-마이바흐 S클래스를 타고 다니는 것으로 알려졌지만 이번에는 은색 벤츠를 타고 판문점 북측지역 통일각 앞에 내렸다.
이 역시 문 대통령의 동선상 보안을 유지하기 위한 장치였다는 게 대체적인 분석이다.
문 대통령은 판문점까지 오직 차량으로만 이동했다고 청와대 관계자는 설명했다. 남북정상회담 사실이 뒤늦게 알려진 뒤 기자들 사이에서는 청와대에서 판문점으로 향하는 강변북로의 휴일 도로 사정을 고려할 때 헬기를 이용했을 것이라는 추측이 나왔다.
청와대에서 곧장 헬기로 이동하면 대통령의 이동 사실이 노출될 수도 있으니 청와대에서 좀 떨어진 장소로 이동해 헬기를 타고 판문점 인근 군부대까지 간 다음 그곳에서 차로 갈아탔지 않았겠냐는 것이었다.
기상 사정 때문에 취소되긴 했지만 문 대통령은 지난해 11월 방한한 도널드 트럼프 미국 대통령과 비무장지대(DMZ) 동반 방문을 추진했을 때 헬기로 판문점 인근 군 기지에 도착해 차량으로 DMZ까지 이동한 적이 있다.
그러나 청와대 관계자는 연합뉴스와 통화에서 ""암행경호를 해서 판문점까지 갔다""고 말해 이날 강변북로의 차량 흐름과는 무관하게 큰 어려움 없이 이동했다고 전했다.
청와대에서 판문점까지의 거리는 약 65㎞다. 4·27 남북정상회담 때 문 대통령은 청와대를 출발, 인근 도로에 잠시 내려 시민들과 4∼5분가량 인사하는 시간을 포함해도 채 한 시간이 걸리지 않아 판문점에 도착할 수 있었다.
당시와 달리 문 대통령이 지나는 도로를 전면적으로 통제하지 않았던 점을 고려하면 이번에는 한 시간을 조금 넘는 시간을 달려 판문점에 도착했을 가능성이 있다.","문대통령, 암행경호 속 차량으로만 판문점으로 이동
문재인 대통령과 김정은 북한 국무위원장 간 두번째 남북정상회담은 두 정상이 헤어지고도 세 시간 가까이 더 지난 26일 오후 8시께 청와대가 공개하기 전까지 전혀 알려지지 않았을 정도로 극비리에 진행됐다.
이는 김 위원장이 25일 오후 회담을 제의하며 일체의 형식 없이 만나고 싶다고 했을 뿐만 아니라, 회담 사실이 미리 알려지면 경호, 보도 등의 복잡한 준비 절차로 내실 있는 대화가 이뤄지기 어렵다고 판단했기 때문이다.
이에 따라 문 대통령이 김 위원장의 제안을 흔쾌히 수락한 이후, 다음 날인 26일 청와대에서 판문점에 도착하기까지의 과정 역시 눈에 띄지 않게끔 철저한 보안 속에 이뤄진 것으로 알려졌다.
청와대는 일단 문 대통령 경호 규모를 최소화했다는 후문이다.
일반적으로 문 대통령이 이동하면 대통령이 탑승한 차량 앞뒤로 적잖은 차량이 배치돼 경호 업무를 담당하는데, 언론에 공개된 문 대통령의 판문점 도착 모습을 보면 평소보다 훨씬 적은 수의 차량이 함께한 것을 알 수 있다.
당장 경호 규모를 평소와 마찬가지로 꾸려서 움직일 경우 도로에서 쉽게 눈에 띄어 보안을 유지하기 어렵다고 판단해 이런 조처를 한 것으로 받아들여진다.
문 대통령은 이날 탑승한 차량도 평소에는 타지 않던 차종이었다.
문 대통령은 일반적인 외부 일정을 소화할 때는 대개 검은색 메르세데스-마이바흐 S클래스를 타고 다니는 것으로 알려졌지만 이번에는 은색 벤츠를 타고 판문점 북측지역 통일각 앞에 내렸다.
이 역시 문 대통령의 동선상 보안을 유지하기 위한 장치였다는 게 대체적인 분석이다.
문 대통령은 판문점까지 오직 차량으로만 이동했다고 청와대 관계자는 설명했다. 남북정상회담 사실이 뒤늦게 알려진 뒤 기자들 사이에서는 청와대에서 판문점으로 향하는 강변북로의 휴일 도로 사정을 고려할 때 헬기를 이용했을 것이라는 추측이 나왔다.
청와대에서 곧장 헬기로 이동하면 대통령의 이동 사실이 노출될 수도 있으니 청와대에서 좀 떨어진 장소로 이동해 헬기를 타고 판문점 인근 군부대까지 간 다음 그곳에서 차로 갈아탔지 않았겠냐는 것이었다.
기상 사정 때문에 취소되긴 했지만 문 대통령은 지난해 11월 방한한 도널드 트럼프 미국 대통령과 비무장지대(DMZ) 동반 방문을 추진했을 때 헬기로 판문점 인근 군 기지에 도착해 차량으로 DMZ까지 이동한 적이 있다.
그러나 청와대 관계자는 연합뉴스와 통화에서 ""암행경호를 해서 판문점까지 갔다""고 말해 이날 강변북로의 차량 흐름과는 무관하게 큰 어려움 없이 이동했다고 전했다.
청와대에서 판문점까지의 거리는 약 65㎞다. 4·27 남북정상회담 때 문 대통령은 청와대를 출발, 인근 도로에 잠시 내려 시민들과 4∼5분가량 인사하는 시간을 포함해도 채 한 시간이 걸리지 않아 판문점에 도착할 수 있었다.
당시와 달리 문 대통령이 지나는 도로를 전면적으로 통제하지 않았던 점을 고려하면 이번에는 한 시간을 조금 넘는 시간을 달려 판문점에 도착했을 가능성이 있다.",15,1437
iks_20180527_hankyoreh_news_015,Hankyoreh news 2018 May 27 corpus.txt,Hankyoreh,한겨레,news,2018-05-27,2018_may_summit,5·26 정상회담 ‘서훈-김영철 소통 라인’ 통해 성사됐다,"김 통전부장, 서 국정원장 소통 과정에서
“격의없이 소통하자” 김 위원장 뜻 전달
문 대통령 “흔쾌히 수락…친구처럼 만나야”","26일 판문점 북쪽 지역인 통일각에서 이뤄진 문재인 대통령과 김정은 북한 국무위원장 사이의 2차 남북 정상회담은 25일 김 위원장의 제안에 따라 전격적으로 이뤄졌다.
문 대통령은 27일 청와대 춘추관에서 한 기자회견에서 “김 위원장이 그제(25일) 오후 일체의 형식없이 만나고 싶다는 뜻을 전해왔고, 저는 흔쾌히 수락했다”고 말했다. 25일은 도널드 트럼프 대통령이 6·12 싱가포르 북-미 회담 취소를 발표한 이튿날이다. 문 대통령은 “4·27 판문점 선언의 후속 조치 이행과 6월12일 북-미 정상회담을 앞둔 준비과정에서 약간의 어려운 사정들이 있었다”며 “그런 상황에서 북한의 김정은 위원장이 (정상회담을) 요청해왔고, 또 남북의 실무진이 통화를 해서 협의를 하는 것보다 직접 만나서 허심탄회하게 대화를 나누는 것이 좋겠다고 판단을 해서 전격적으로 회담이 이뤄진 것이다”라고 말했다. 문 대통령은 “북-미 정상회담의 성공을 일궈내는 것, 그리고 또 4·27 판문점 선언의 신속한 이행을 함께 해 나가는 것이 매우 중요한 시점이라고 봤다”고 덧붙였다.
이와 관련해 청와대 고위 관계자는 기자들과 만나 “남북 사이에는 여러 소통 경로를 유지하고 있고, 그 가운데 하나가 서훈 국가정보원장과 김영철 북한 통일전선부장 사이의 소통 경로다”라며 “그제 최근의 북-미 정상회담 준비 과정과 남북 관계 발전 방안을 위한 4·27 후속조치 등에 관한 협의가 (두 사람 사이에) 있었다”고 말했다. 그는 “그 과정에서 북측에서 김 위원장의 구상이라고 하면서 격의없는 소통을 한번 갖는 방안을 하자고 제시해왔고, 두 사람의 접촉 뒤 관련 장관들과의 협의 과정을 통해 대통령에게 건의드렸으며 대통령이 승낙을 했다”고 말했다. 청와대는 문 대통령의 승낙 뒤 25일 밤부터 26일 오전까지 분주하게 실무준비에 들어간 것으로 알려졌다.
급하게 이뤄진 만큼 통일각 2차 남북정상회담은 의전, 경호, 보도 등에 관한 실무회담을 사실상 모두 생략한 채 실무형으로 이뤄졌다. 4·27 남북 정상회담이 지난 3월 합의 발표 이후 준비에만 한달 반 가량이 걸린 것과 견주면 일사천리로 진행된 것이다. 역대 정권에서 두 차례 남북 정상회담이 이뤄진 것은 이번이 처음이다. 정상회담의 간격이 한달 밖에 안되는 것도 파격이다.
문 대통령은 2차 정상회담에 관해 “지난 회담에서 우리 두 정상은 필요하다면 언제 어디서든 격식 없이 만나 서로 머리를 맞대고 민족의 중대사를 논의하자고 약속한 바 있다”며 “친구 간의 평범한 일상처럼 이뤄진 이번 회담에 매우 큰 의미를 부여하고 싶다. 남북은 이렇게 만나야 한다는 것이 제 생각이다”라고 말했다. 두 정상은 회담에서 향후에도 수시로 만나기로 했다. 문 대통령은 “양 정상은 이번 회담이 필요에 따라 신속하고 격식 없이 개최된 것에 큰 의미가 있다고 평가하고, 앞으로도 필요하면 언제든지 서로 통신하거나 만나, 격의없이 소통하기로 했다”고 말했다. 이에 따라 4·27 판문점 선언 합의에 따라 예정된 문 대통령의 가을 평양 방문 이전에도 남북 정상회담이 열릴 가능성도 충분히 점쳐진다.
청와대 관계자는 “남북 정상이 필요하다면 언제든지 다양한 방식의 소통을 확대해가고 격의없는 실무적 성격의 회담을 갖자고 합의한 것이 남북 관계에 있어 아주 이례적인 진전이라고 평가한다”고 말했다.","5·26 정상회담 ‘서훈-김영철 소통 라인’ 통해 성사됐다
김 통전부장, 서 국정원장 소통 과정에서
“격의없이 소통하자” 김 위원장 뜻 전달
문 대통령 “흔쾌히 수락…친구처럼 만나야”
26일 판문점 북쪽 지역인 통일각에서 이뤄진 문재인 대통령과 김정은 북한 국무위원장 사이의 2차 남북 정상회담은 25일 김 위원장의 제안에 따라 전격적으로 이뤄졌다.
문 대통령은 27일 청와대 춘추관에서 한 기자회견에서 “김 위원장이 그제(25일) 오후 일체의 형식없이 만나고 싶다는 뜻을 전해왔고, 저는 흔쾌히 수락했다”고 말했다. 25일은 도널드 트럼프 대통령이 6·12 싱가포르 북-미 회담 취소를 발표한 이튿날이다. 문 대통령은 “4·27 판문점 선언의 후속 조치 이행과 6월12일 북-미 정상회담을 앞둔 준비과정에서 약간의 어려운 사정들이 있었다”며 “그런 상황에서 북한의 김정은 위원장이 (정상회담을) 요청해왔고, 또 남북의 실무진이 통화를 해서 협의를 하는 것보다 직접 만나서 허심탄회하게 대화를 나누는 것이 좋겠다고 판단을 해서 전격적으로 회담이 이뤄진 것이다”라고 말했다. 문 대통령은 “북-미 정상회담의 성공을 일궈내는 것, 그리고 또 4·27 판문점 선언의 신속한 이행을 함께 해 나가는 것이 매우 중요한 시점이라고 봤다”고 덧붙였다.
이와 관련해 청와대 고위 관계자는 기자들과 만나 “남북 사이에는 여러 소통 경로를 유지하고 있고, 그 가운데 하나가 서훈 국가정보원장과 김영철 북한 통일전선부장 사이의 소통 경로다”라며 “그제 최근의 북-미 정상회담 준비 과정과 남북 관계 발전 방안을 위한 4·27 후속조치 등에 관한 협의가 (두 사람 사이에) 있었다”고 말했다. 그는 “그 과정에서 북측에서 김 위원장의 구상이라고 하면서 격의없는 소통을 한번 갖는 방안을 하자고 제시해왔고, 두 사람의 접촉 뒤 관련 장관들과의 협의 과정을 통해 대통령에게 건의드렸으며 대통령이 승낙을 했다”고 말했다. 청와대는 문 대통령의 승낙 뒤 25일 밤부터 26일 오전까지 분주하게 실무준비에 들어간 것으로 알려졌다.
급하게 이뤄진 만큼 통일각 2차 남북정상회담은 의전, 경호, 보도 등에 관한 실무회담을 사실상 모두 생략한 채 실무형으로 이뤄졌다. 4·27 남북 정상회담이 지난 3월 합의 발표 이후 준비에만 한달 반 가량이 걸린 것과 견주면 일사천리로 진행된 것이다. 역대 정권에서 두 차례 남북 정상회담이 이뤄진 것은 이번이 처음이다. 정상회담의 간격이 한달 밖에 안되는 것도 파격이다.
문 대통령은 2차 정상회담에 관해 “지난 회담에서 우리 두 정상은 필요하다면 언제 어디서든 격식 없이 만나 서로 머리를 맞대고 민족의 중대사를 논의하자고 약속한 바 있다”며 “친구 간의 평범한 일상처럼 이뤄진 이번 회담에 매우 큰 의미를 부여하고 싶다. 남북은 이렇게 만나야 한다는 것이 제 생각이다”라고 말했다. 두 정상은 회담에서 향후에도 수시로 만나기로 했다. 문 대통령은 “양 정상은 이번 회담이 필요에 따라 신속하고 격식 없이 개최된 것에 큰 의미가 있다고 평가하고, 앞으로도 필요하면 언제든지 서로 통신하거나 만나, 격의없이 소통하기로 했다”고 말했다. 이에 따라 4·27 판문점 선언 합의에 따라 예정된 문 대통령의 가을 평양 방문 이전에도 남북 정상회담이 열릴 가능성도 충분히 점쳐진다.
청와대 관계자는 “남북 정상이 필요하다면 언제든지 다양한 방식의 소통을 확대해가고 격의없는 실무적 성격의 회담을 갖자고 합의한 것이 남북 관계에 있어 아주 이례적인 진전이라고 평가한다”고 말했다.",6,1617
iks_20180527_hankyoreh_news_016,Hankyoreh news 2018 May 27 corpus.txt,Hankyoreh,한겨레,news,2018-05-27,2018_may_summit,민주 “국회 ‘판문점 선언 지지 결의안’으로 화답해야”,"제2차 남북정상회담 환영 논평
28일 본회의서 결의안 통과 강조","더불어민주당이 지난 26일 열린 제2차 남북정상회담에 대해 “한반도평화를 향한 의지와 신뢰를 재확인한 파격적인 정상회담”이라고 평가했다.
백혜련 더불어민주당 대변인은 27일 논평을 통해 “어제 회담에서 한반도 비핵화에 대한 남·북·미 정상의 의지, 북미정상회담을 바라는 김정은 북한 국무위원장의 뜻을 명확히 확인한 만큼 한반도평화와 번영을 위한 본격적인 탄력이 붙었다”고 밝혔다. 또 “북미정상회담의 추진 과정에서 야기된 오해와 갈등 등으로 ‘시계 제로’인 상황에 직면했지만, 문재인 대통령의 중재 노력으로 꺼져가던 평화의 불씨를 되살릴 수 있었다”고 말했다.
야당을 향해서는 ‘초당적 협력’을 강조했다. 백 대변인은 “안보에는 여야가 없다는 말은 단순한 수사가 아니다”라며, “한반도평화를 위한 문재인 정부 행보에 야당의 협력을 당부한다”고 했다. 같은 당의 박경미 원내대변인 역시 논평을 통해 “하루 24시간, 몸이 열 개라도 부족한 문 대통령의 눈물겨운 노력에 국회가 할 수 있는 것은 오는 28일 역사적인 ‘4.27 판문점선언 지지결의안’을 통과시키는 일”이라고 밝혔다. 박 원내대변인은 “야당의 초당적 협력이 그 어느 때보다 절실하다”며 “한반도 비핵화와 평화체제 구축의 국민적 염원을 담은 ‘4.27 판문점선언 지지결의안’의 본회의 통과는 국민에 대한 국회의 의무라는 점을 다시 한 번 강조한다”고 말했다.
앞서 여야는 28일 본회의를 열고 4·27 남북정상회담 합의문인 판문점선언 지지 결의안을 처리하기로 합의했다. 그러나 자유한국당은 북-미 정상회담 취소를 거론하며, 지지결의안 처리 재검토를 내비친 바 있다.","민주 “국회 ‘판문점 선언 지지 결의안’으로 화답해야”
제2차 남북정상회담 환영 논평
28일 본회의서 결의안 통과 강조
더불어민주당이 지난 26일 열린 제2차 남북정상회담에 대해 “한반도평화를 향한 의지와 신뢰를 재확인한 파격적인 정상회담”이라고 평가했다.
백혜련 더불어민주당 대변인은 27일 논평을 통해 “어제 회담에서 한반도 비핵화에 대한 남·북·미 정상의 의지, 북미정상회담을 바라는 김정은 북한 국무위원장의 뜻을 명확히 확인한 만큼 한반도평화와 번영을 위한 본격적인 탄력이 붙었다”고 밝혔다. 또 “북미정상회담의 추진 과정에서 야기된 오해와 갈등 등으로 ‘시계 제로’인 상황에 직면했지만, 문재인 대통령의 중재 노력으로 꺼져가던 평화의 불씨를 되살릴 수 있었다”고 말했다.
야당을 향해서는 ‘초당적 협력’을 강조했다. 백 대변인은 “안보에는 여야가 없다는 말은 단순한 수사가 아니다”라며, “한반도평화를 위한 문재인 정부 행보에 야당의 협력을 당부한다”고 했다. 같은 당의 박경미 원내대변인 역시 논평을 통해 “하루 24시간, 몸이 열 개라도 부족한 문 대통령의 눈물겨운 노력에 국회가 할 수 있는 것은 오는 28일 역사적인 ‘4.27 판문점선언 지지결의안’을 통과시키는 일”이라고 밝혔다. 박 원내대변인은 “야당의 초당적 협력이 그 어느 때보다 절실하다”며 “한반도 비핵화와 평화체제 구축의 국민적 염원을 담은 ‘4.27 판문점선언 지지결의안’의 본회의 통과는 국민에 대한 국회의 의무라는 점을 다시 한 번 강조한다”고 말했다.
앞서 여야는 28일 본회의를 열고 4·27 남북정상회담 합의문인 판문점선언 지지 결의안을 처리하기로 합의했다. 그러나 자유한국당은 북-미 정상회담 취소를 거론하며, 지지결의안 처리 재검토를 내비친 바 있다.",4,797
iks_20180527_hankyoreh_news_017,Hankyoreh news 2018 May 27 corpus.txt,Hankyoreh,한겨레,news,2018-05-27,2018_may_summit,바른미래당 “북 핵폐기 의지 확인 환영”,남북정상회담 관련 논평,"바른미래당은 27일 전날 열린 남북정상회담과 관련해 “환영한다”고 긍정적으로 평가했다.
신용현 수석대변인은 이날 논평을 내어 “북한의 핵폐기 의지확인을 환영하고 문제해결을 위한 격식없는 남북정상회담 개최를 평가한다”고 밝혔다. 이어 “김정은 위원장이 격식없는 판문점 남북정상회담을 요청하여 남북정상회담을 갖고, 이 자리에서 비핵화 의지를 분명히 하고 북미정상회담을 통해 한반도의 평화구축을 하겠다는 의지를 밝힌 것을 환영한다”고 밝혔다. 아울러 “이번 남북정상회담이 필요에 따라 언제든지 격식없이 열릴 수 있다는 사례를 만든 것으로 큰 의미가 있다”고 평가했다.
끝으로 신 수석대변인은 ”6·12 북미 정상회담이 성공적으로 개최되어 한반도 비핵화가 실질적인 결실을 거둘 수 있기를 바라며, 이를 위해 확고한 한미동맹과 단기간내 완전한 핵폐기 원칙이 고수되어야 할 것이다”라며 “핵폐기 실현을 통해 남북 평화 협력이 진전되기를 기대한다”고 밝혔다.","바른미래당 “북 핵폐기 의지 확인 환영”
남북정상회담 관련 논평
바른미래당은 27일 전날 열린 남북정상회담과 관련해 “환영한다”고 긍정적으로 평가했다.
신용현 수석대변인은 이날 논평을 내어 “북한의 핵폐기 의지확인을 환영하고 문제해결을 위한 격식없는 남북정상회담 개최를 평가한다”고 밝혔다. 이어 “김정은 위원장이 격식없는 판문점 남북정상회담을 요청하여 남북정상회담을 갖고, 이 자리에서 비핵화 의지를 분명히 하고 북미정상회담을 통해 한반도의 평화구축을 하겠다는 의지를 밝힌 것을 환영한다”고 밝혔다. 아울러 “이번 남북정상회담이 필요에 따라 언제든지 격식없이 열릴 수 있다는 사례를 만든 것으로 큰 의미가 있다”고 평가했다.
끝으로 신 수석대변인은 ”6·12 북미 정상회담이 성공적으로 개최되어 한반도 비핵화가 실질적인 결실을 거둘 수 있기를 바라며, 이를 위해 확고한 한미동맹과 단기간내 완전한 핵폐기 원칙이 고수되어야 할 것이다”라며 “핵폐기 실현을 통해 남북 평화 협력이 진전되기를 기대한다”고 밝혔다.",3,473
iks_20180527_hankyoreh_news_018,Hankyoreh news 2018 May 27 corpus.txt,Hankyoreh,한겨레,news,2018-05-27,2018_may_summit,"청와대, 2차 남북정상회담 머리·마무리 발언 영상 공개","김정은 “제대로 잘 (대접)못해 미안합니다”
문재인 “이렇게 쉽게 만날 수 있다는 게”","문재인 대통령과 김정은 북한 국무위원장은 지난 26일 판문점 북쪽 지역 통일각에서 열린 두 번째 남북 정상회담에서 상대에 예우를 갖춘 인사로 회담을 시작했다. 김 위원장은 비공개 회담인 탓에 성대한 환영 행사 등을 준비하지 못한 점이 마음에 걸리는 듯, “비공개 회담을 하니까 제대로 잘 못해서 미안한 마음입니다. 평양에 한 번 오시면…”이라고 양해를 구했다. 그러자 문 대통령은 “평양을 방문해서 제대로 대접받는 것도 의미있지만, 남북정상이 이렇게 쉽게 판문점에서 만날 수 있다는 것도 남북간 새로운 시대라고 생각한다”고 답했다. 김 위원장은 4·27 남북 정상회담 이후 29일 만에 두 정상이 다시 만난 데 대해 “마음이 더 가까워지는 과정이라고 생각한다”고 말했다. 다음은 청와대가 27일 공개한 남북 정상들의 머리발언과 마무리발언 영상을 토대로 정리한 것이다. 영상의 음질 상태가 좋지 않아, 발언이 잘 들리지 않는 부분도 있다.
<남북정상회담 머리발언>
△김정은 북한 국무위원장
=4차 북남회담…책임지고 이행해 나가는 문제를...많은 분들이 기대를 가지고 보셨고, (남북)화합에 국제사회가 환영 박수 보냈는데 우리가 넘어가지 못하면.. 얼마든지 자주 만나서 얘기하고, 같이 얘기 나누면서 풀어나가면 그때 한 약속을 이행할 수 있는.. (그리고 문 대통령이) 북쪽 찾아온 게 처음이 아니다. 4.27 때도 명장면 중 하나가 10초 동안 깜짝 넘어온 거 아니냐. (웃음) 장소도 그렇고, 사전에 비공개 회담을 하니까 제대로 잘 못해서 미안한 마음입니다. 평양에 한 번 오시면... (잘 안들림)
△문재인 대통령
=평양을 방문해서 제대로 대접받는 것도 의미 있지만, 남북정상이 이렇게 쉽게 판문점에서 만날 수 있다는 것도 남북간 새로운 시대라고 생각한다. 지난번 4·27 판문점 선언 이후에 아마 남쪽에 언론보도 많이 봤겠지만, 분위기도 좋고 세계 이목도 그렇고 남국관계에 대해 한껏 (기대가) 높아졌다. 게다가 북미정상회담이 개최되기 때문에 이것을 통해서 평화체제 구축될 것이라는 그런 기대가 아주 높아졌다. 우리 김정은 위원장은 한국에서도 인기가 높아져서 (웃음) 요즘 남쪽 젊은 사람들은 그동안 남북관계가 좋지 않아서 (잘 안들림) 남북관계 잘 개선해서... 벌써 한 달 됐다. 어찌어찌하다보니 한 달이 지났는데
△김정은 위원장
=아무래도 우리가 재확약하고 마음이...더 가까워지는 과정이라고 생각하다. 그때 4.27 역사적 상봉 맞으면서 많은 사람들이..(영상 끊김)
<남북정상회담 마무리발언>
△김정은 위원장
=할 수 있는 최선의 노력을 다해서 결과를 만들고, 그것과 국제사회 이런 목소리가 북남관계 문제에 대해 해결해 가지고 나갈 수 있으니까.. (잘 안 들림)
△문재인 대통령
=(발언하고 있으나 카메라가 아래로 향하면서 잘 안들림, 두 정상 웃음)
△김정은 위원장
=중요한 게 북남문제 허심탄회 대화하는 게 많은 사람들한테 큰 기대와 희망을 줄 수 있다. 많은 사람들 기대에 부응하고 책임 있게 해야 된다고 생각한다.
△문재인 대통령
=지난번 4·27 회담 이후에 남북 간 대화에서도 약간의 어려운 과정이 있었고 또 조미(북미)정상회담이라든가 아주 중요한 회담을, 그런 문제들에 대해 함께 협력해 나간다는 그런 의지를 다시 한 번 보여준다는 차원에서 이번 회담이 아주 뜻 깊었다고 생각한다.
뿐만 아니라 과거에는 남북 정상들이 마주 앉으려면 아주 긴시간 동안 많은 노력이 필요했는데 필요할 때 이렇게 연락해서 쉽게 만날 수 있다는 것이 남북관계의 새로운 시대를 보여주는 하나의 징표라고 생각한다.
앞으로 김 위원장과 둘 사이에 함께 남북의 평화 번영 이끌어나가기를 바란다. 그러기 위해서라도 우리가 조미(북미) 정상회담 반드시 성공하기를 기원한다.","청와대, 2차 남북정상회담 머리·마무리 발언 영상 공개
김정은 “제대로 잘 (대접)못해 미안합니다”
문재인 “이렇게 쉽게 만날 수 있다는 게”
문재인 대통령과 김정은 북한 국무위원장은 지난 26일 판문점 북쪽 지역 통일각에서 열린 두 번째 남북 정상회담에서 상대에 예우를 갖춘 인사로 회담을 시작했다. 김 위원장은 비공개 회담인 탓에 성대한 환영 행사 등을 준비하지 못한 점이 마음에 걸리는 듯, “비공개 회담을 하니까 제대로 잘 못해서 미안한 마음입니다. 평양에 한 번 오시면…”이라고 양해를 구했다. 그러자 문 대통령은 “평양을 방문해서 제대로 대접받는 것도 의미있지만, 남북정상이 이렇게 쉽게 판문점에서 만날 수 있다는 것도 남북간 새로운 시대라고 생각한다”고 답했다. 김 위원장은 4·27 남북 정상회담 이후 29일 만에 두 정상이 다시 만난 데 대해 “마음이 더 가까워지는 과정이라고 생각한다”고 말했다. 다음은 청와대가 27일 공개한 남북 정상들의 머리발언과 마무리발언 영상을 토대로 정리한 것이다. 영상의 음질 상태가 좋지 않아, 발언이 잘 들리지 않는 부분도 있다.
<남북정상회담 머리발언>
△김정은 북한 국무위원장
=4차 북남회담…책임지고 이행해 나가는 문제를...많은 분들이 기대를 가지고 보셨고, (남북)화합에 국제사회가 환영 박수 보냈는데 우리가 넘어가지 못하면.. 얼마든지 자주 만나서 얘기하고, 같이 얘기 나누면서 풀어나가면 그때 한 약속을 이행할 수 있는.. (그리고 문 대통령이) 북쪽 찾아온 게 처음이 아니다. 4.27 때도 명장면 중 하나가 10초 동안 깜짝 넘어온 거 아니냐. (웃음) 장소도 그렇고, 사전에 비공개 회담을 하니까 제대로 잘 못해서 미안한 마음입니다. 평양에 한 번 오시면... (잘 안들림)
△문재인 대통령
=평양을 방문해서 제대로 대접받는 것도 의미 있지만, 남북정상이 이렇게 쉽게 판문점에서 만날 수 있다는 것도 남북간 새로운 시대라고 생각한다. 지난번 4·27 판문점 선언 이후에 아마 남쪽에 언론보도 많이 봤겠지만, 분위기도 좋고 세계 이목도 그렇고 남국관계에 대해 한껏 (기대가) 높아졌다. 게다가 북미정상회담이 개최되기 때문에 이것을 통해서 평화체제 구축될 것이라는 그런 기대가 아주 높아졌다. 우리 김정은 위원장은 한국에서도 인기가 높아져서 (웃음) 요즘 남쪽 젊은 사람들은 그동안 남북관계가 좋지 않아서 (잘 안들림) 남북관계 잘 개선해서... 벌써 한 달 됐다. 어찌어찌하다보니 한 달이 지났는데
△김정은 위원장
=아무래도 우리가 재확약하고 마음이...더 가까워지는 과정이라고 생각하다. 그때 4.27 역사적 상봉 맞으면서 많은 사람들이..(영상 끊김)
<남북정상회담 마무리발언>
△김정은 위원장
=할 수 있는 최선의 노력을 다해서 결과를 만들고, 그것과 국제사회 이런 목소리가 북남관계 문제에 대해 해결해 가지고 나갈 수 있으니까.. (잘 안 들림)
△문재인 대통령
=(발언하고 있으나 카메라가 아래로 향하면서 잘 안들림, 두 정상 웃음)
△김정은 위원장
=중요한 게 북남문제 허심탄회 대화하는 게 많은 사람들한테 큰 기대와 희망을 줄 수 있다. 많은 사람들 기대에 부응하고 책임 있게 해야 된다고 생각한다.
△문재인 대통령
=지난번 4·27 회담 이후에 남북 간 대화에서도 약간의 어려운 과정이 있었고 또 조미(북미)정상회담이라든가 아주 중요한 회담을, 그런 문제들에 대해 함께 협력해 나간다는 그런 의지를 다시 한 번 보여준다는 차원에서 이번 회담이 아주 뜻 깊었다고 생각한다.
뿐만 아니라 과거에는 남북 정상들이 마주 앉으려면 아주 긴시간 동안 많은 노력이 필요했는데 필요할 때 이렇게 연락해서 쉽게 만날 수 있다는 것이 남북관계의 새로운 시대를 보여주는 하나의 징표라고 생각한다.
앞으로 김 위원장과 둘 사이에 함께 남북의 평화 번영 이끌어나가기를 바란다. 그러기 위해서라도 우리가 조미(북미) 정상회담 반드시 성공하기를 기원한다.",19,1828
iks_20180527_hankyoreh_news_019,Hankyoreh news 2018 May 27 corpus.txt,Hankyoreh,한겨레,news,2018-05-27,2018_may_summit,정의당 “비온 뒤에 땅 굳어져…한반도 정세 정상화”,"남북 2차 정상회담 결과 논평
“‘이렇게 만나야 한다’ 문 대통령 생각에 공감”","정의당은 26일 전격적으로 열린 두 번째 남북정상회담으로 “며칠 간 급격하게 출렁인 한반도 정세가 정상화됐다”고 평가했다.
추혜선 당 수석대변인은 27일 논평을 통해 “북-미 양 정상의 확고한 의지를 확인했다는 점에서 어제 정상회담은 큰 의미를 갖는다”며 “아울러 어제 정상회담은 한반도 평화 체제 문제는 남·북·미 3자가 확고한 당사자로서 문제 해결을 주도한다는 것을 보여주기도 했다”고 밝혔다. 추 수석대변인은 “비온 뒤에 땅이 더 굳어지듯 이번의 긴장 국면은 북-미 정상회담의 대성공을 위해 거쳐야 했을 산통이 되길 바란다”고 덧붙였다.
또 ‘남북은 친구 간의 평범한 일상처럼 이렇게 만나야 한다’는 문 대통령의 생각에도 공감을 표시했다. 추 수석대변인은 “판문점 회담에서 김정은 위원장이 ‘멀다고 하면 안 되겠구나’라고 말한 것처럼 마음만 먹으면 남북이 손쉽게 만날 수 있는 모습이 일상화돼야 한다”며 “그런 점에서 어제 정상회담은 남북의 물리적 거리뿐만 아니라 마음의 거리도 멀지 않다는 것을 전세계에 보여준 상징적 장면”이라고 평가했다.","정의당 “비온 뒤에 땅 굳어져…한반도 정세 정상화”
남북 2차 정상회담 결과 논평
“‘이렇게 만나야 한다’ 문 대통령 생각에 공감”
정의당은 26일 전격적으로 열린 두 번째 남북정상회담으로 “며칠 간 급격하게 출렁인 한반도 정세가 정상화됐다”고 평가했다.
추혜선 당 수석대변인은 27일 논평을 통해 “북-미 양 정상의 확고한 의지를 확인했다는 점에서 어제 정상회담은 큰 의미를 갖는다”며 “아울러 어제 정상회담은 한반도 평화 체제 문제는 남·북·미 3자가 확고한 당사자로서 문제 해결을 주도한다는 것을 보여주기도 했다”고 밝혔다. 추 수석대변인은 “비온 뒤에 땅이 더 굳어지듯 이번의 긴장 국면은 북-미 정상회담의 대성공을 위해 거쳐야 했을 산통이 되길 바란다”고 덧붙였다.
또 ‘남북은 친구 간의 평범한 일상처럼 이렇게 만나야 한다’는 문 대통령의 생각에도 공감을 표시했다. 추 수석대변인은 “판문점 회담에서 김정은 위원장이 ‘멀다고 하면 안 되겠구나’라고 말한 것처럼 마음만 먹으면 남북이 손쉽게 만날 수 있는 모습이 일상화돼야 한다”며 “그런 점에서 어제 정상회담은 남북의 물리적 거리뿐만 아니라 마음의 거리도 멀지 않다는 것을 전세계에 보여준 상징적 장면”이라고 평가했다.",3,530
iks_20180527_hankyoreh_news_020,Hankyoreh news 2018 May 27 corpus.txt,Hankyoreh,한겨레,news,2018-05-27,2018_may_summit,문 대통령 “북-미 곧 실무회담…6·12 회담 잘될 것”,"2차 남북 정상회담 결과 발표
“김정은 위원장 비핵화 의지 확고
미국도 북 의지 확인한 것이라 생각”","문재인 대통령은 27일 “6·12 북-미 정상회담의 실무협상이 곧 시작되고, 여기에서 (회담) 의제도 논의될 것”이라며 “이게 얼마나 순탄하게 마치는 지에 따라 6.12 회담이 차질 빚을 것인가 성공할 것인가 달려 있다”고 말했다. 문 대통령은 또 “저는 북미 양국간에 상대가 무엇을 원하는지라는것을 분명히 인식하는 가운데 회담이 추진되어서, 실무협상과 본회담도 잘 되리라 기대한다”고 밝혔다. 문 대통령은 “김정은 국무위원장의 비핵화 의지는 확고하고, 미국도 북의 그런 의지를 확인한 것 아니냐고 말하고 싶다”며 “미흡하다면 실무협상서 분명히 확인하리라 본다”고 덧붙였다. 아래는 문 대통령의 기자회견 일문일답 내용이다.
-4·27 남북정상회담 이후 한달 만에 전격적으로 다시 회담을 했는데 이 정상회담이 이뤄진 구체적 배경, 또 비핵화 협상 국면에서 어제 회담이 어떤 의미 갖는지 설명해달라
=아시는 바와 같이 4·27 선언의 후속이행과 6·12 북미 회담을 앞둔 준비과정에서 약간의 어려운 사정들이 있었다. 그런 사정들을 잘 불식시키고 북-미 정상회담 성공 일궈내기 위해, 또 4·27 판문점 선언의 신속한 이행을 함께 해 나가는 것이 매우 중요한 시점이라고 봤다. 그런 상호 이해 아래에서 김정은 위원장이 요청을 해왔고, 또 남북 실무진이 통화를 통해서 협의하는 것보다 직접 만나서 허심탄회하게 대화 나누는게 좋겠다고 판단해 전격 회담이 이뤄졌다. 그런 사정 때문에 사전에 회담 사실을 우리 언론에 알리지 못한 데 양해 부탁드린다.
-김정은 위원장이 오늘 북-미 회담이 성공적으로 이뤄져야 한다, 한반도의 완전한 비핵화 의지를 피력했다고 했는데, 이런 회담이 실질적인 6·12 회담에 영향 끼칠지 전망은 무엇인가? 또 그 과정에서 남아있는 변수는?
=김정은 위원장은 한반도의 완전한 비핵화의 의지가 확고하다는 것을 어제 다시 한번 분명하게 피력을 했다. 김정은 위원장에게 불분명한 것은 비핵화의 의지가 아니라, 자신들이 비핵화할 경우, 미국에서 적대 관계를 종식하고 체제 안전을 보장하겠다는 것에 대해서 확실히 신뢰할 수 있는가라는 것에 대한 걱정이 있다고 한다. 반면에 한미 정상회담에서 트럼프 대통령은 북한이 비핵화 할 경우 적대관계 확실히 해소할 뿐아니라 경제적 번영까지도 할 수 있다는 점을 피력했다. 저는 양국 간에 각자가 갖고 있는 이런 의제들을 전달하고 또 직접 소통 통해 상대의 의지를 확인할 것을 촉구하고 있는 것이다. 6·12 회담이 성공적으로 열릴 것인지 여부는 지금 북-미간에 그 준비를 위한 실무협상이 곧 시작될 것으로 알고 있다. 그 실무협상 초기에는 의제에 관한 협상도 포함된다. 이 의제에 관한 실무협상이 얼마나 순탄하게 마쳐지느냐에 따라 (6·12 북-미 회담이) 차질 없이 열릴 것인가 성공할 것인가가 달려 있다고 생각한다. 그러나 저는 북-미 양국 간에 상대가 무엇을 원하고 있는지 분명히 인식하는 가운데 회담이 추진되고 있어서 실무회담도, 6·12 본회담도 잘 되리라 기대하고 있다.
-대통령이 김정은 위원장이 비핵화 의지 확고하다고 말했는데 그 판단의 근거가 무엇인가. 어제 회담에서 김정은 위원장이 뭐라고 밝혔는지 소개 부탁드린다. 또 북한이 단계적 동시적 비핵화 해법 말했는데 어제 회담장에서 그와 관련한 보다 진전된 내용이 있었나
=그 점에 대해서는 제가 여러차례 이미 말씀드렸고 폼페이오 국무장관도 방북시 김정은 위원장을 만나 직접 확인했다고 말한 바 있다. 그에 대한 추가적인 설명 필요하다고 생각하지 않는다. 실제로 비핵화에 대해서 뜻이 같다 하더라도 그를 어떻게 실현해 나갈 것인가에 대한 로드맵은 또 양국간에 협의가 필요하고 그런 과정이 어려울 수 있다. 그러나 그 로드맵은 북미간에 협의할 내용이라 제가 앞질러서 제 생각 말씀드리는 것은 적절치 않다.
-물론 여러차례 비핵화에 대해 설명했다고 하는데 그 CVID(완전하고 검증가능하며 불가역적인 핵폐기)를 북한이 수용하는지는 확인된 바가 없다. 대통령 생각하기에는 CVID가 맞나. 또 어떤 시점에 트럼프 대통령이 어제 만남에 영향을 끼쳤는가. 그 사이 한번이라도 트럼프 대통령과 직간접 소통했나. 3자 대화는 못하는지?
=우선 북한의 비핵화 의지에 대해선 거듭 말씀드렸기 때문에 저의 거듭된 답변이 필요한 것이 아니라 북-미 간에 회담하려면 그 점에 대한 상대의 의지를 확인한 후에 회담이 가능할 것이다. 북-미간에 회담 합의하고 실무회담한다는 것은 미국에서도 북한의 그런 의지를 확인한 것 아니냐 말씀드리고 싶고, 혹시나 확인 작업이 미진한 게 있다면 실무회담에서 명확하게 확인될 것이다.
=지금 제가 하고 있는 모든 노력은 한편으로 남북 관계 개선시키기 위한 것이 곧 하지만 또다른 한편으로 남북관계 개선에 반드시 필요한 북미의 성공을 위한 것이다. 그 북-미 회담의 성공을 위해서 저는 미국, 북한 양국과 긴밀히 소통하고 협의하고 있다. 아시는 바와 같이 최근에 미국을 방문해서 트럼프 대통령과 회담했고, 어제 김정은 위원장과 회담을 가졌다. 어제 김정은 위원장과의 회담에서 논의된 내용은 아시는 바와 같이 이미 미국 측에 전달했다.
=(3자 핫라인 통화는?) 핫라인 통화라는 게 말하자면 즉각 전화 받을 수 있는 그런 통신선이 구축이 돼야한다. 아시는 바와 같이 남북 간에 최근에 그것이 개설됐고, 북-미간에도 그런 앞으로 구축될 필요가 있다고 본다. 아마도 그런 남-북-미 3국간의 핫라인 통화를 개설할 정도까지 가려면 사전에 남북미 간에 정상회담부터 먼저 할 수 있지 않을까 생각한다. 저는 그런 기대를 하고 있다. 북-미 회담이 성공할 경우 남-북-미 3자회담을 통해 종전선언이 추진됐으며 좋겠다는 기대를 갖고 있다.
=마지막으로 공통적으로 갖고 있을 의문에 말씀드린다. 어제 논의한 내용을 왜 어제 바로 발표하지 않고 오늘 발표하게 됐느냐는 북한 김정은 위원장 요청에 따른 것이다. 북측의 형평 때문에 오늘 보도할 수 있다고 해서 우리도 오늘 (발표)했으면 좋겠다는 요청을 했다. 그래서 어제 회담 사실만 먼저 알리고 내용은 오늘 제가 따로 하게 된 점 또 언론에게 양해 말씀드린다","문 대통령 “북-미 곧 실무회담…6·12 회담 잘될 것”
2차 남북 정상회담 결과 발표
“김정은 위원장 비핵화 의지 확고
미국도 북 의지 확인한 것이라 생각”
문재인 대통령은 27일 “6·12 북-미 정상회담의 실무협상이 곧 시작되고, 여기에서 (회담) 의제도 논의될 것”이라며 “이게 얼마나 순탄하게 마치는 지에 따라 6.12 회담이 차질 빚을 것인가 성공할 것인가 달려 있다”고 말했다. 문 대통령은 또 “저는 북미 양국간에 상대가 무엇을 원하는지라는것을 분명히 인식하는 가운데 회담이 추진되어서, 실무협상과 본회담도 잘 되리라 기대한다”고 밝혔다. 문 대통령은 “김정은 국무위원장의 비핵화 의지는 확고하고, 미국도 북의 그런 의지를 확인한 것 아니냐고 말하고 싶다”며 “미흡하다면 실무협상서 분명히 확인하리라 본다”고 덧붙였다. 아래는 문 대통령의 기자회견 일문일답 내용이다.
-4·27 남북정상회담 이후 한달 만에 전격적으로 다시 회담을 했는데 이 정상회담이 이뤄진 구체적 배경, 또 비핵화 협상 국면에서 어제 회담이 어떤 의미 갖는지 설명해달라
=아시는 바와 같이 4·27 선언의 후속이행과 6·12 북미 회담을 앞둔 준비과정에서 약간의 어려운 사정들이 있었다. 그런 사정들을 잘 불식시키고 북-미 정상회담 성공 일궈내기 위해, 또 4·27 판문점 선언의 신속한 이행을 함께 해 나가는 것이 매우 중요한 시점이라고 봤다. 그런 상호 이해 아래에서 김정은 위원장이 요청을 해왔고, 또 남북 실무진이 통화를 통해서 협의하는 것보다 직접 만나서 허심탄회하게 대화 나누는게 좋겠다고 판단해 전격 회담이 이뤄졌다. 그런 사정 때문에 사전에 회담 사실을 우리 언론에 알리지 못한 데 양해 부탁드린다.
-김정은 위원장이 오늘 북-미 회담이 성공적으로 이뤄져야 한다, 한반도의 완전한 비핵화 의지를 피력했다고 했는데, 이런 회담이 실질적인 6·12 회담에 영향 끼칠지 전망은 무엇인가? 또 그 과정에서 남아있는 변수는?
=김정은 위원장은 한반도의 완전한 비핵화의 의지가 확고하다는 것을 어제 다시 한번 분명하게 피력을 했다. 김정은 위원장에게 불분명한 것은 비핵화의 의지가 아니라, 자신들이 비핵화할 경우, 미국에서 적대 관계를 종식하고 체제 안전을 보장하겠다는 것에 대해서 확실히 신뢰할 수 있는가라는 것에 대한 걱정이 있다고 한다. 반면에 한미 정상회담에서 트럼프 대통령은 북한이 비핵화 할 경우 적대관계 확실히 해소할 뿐아니라 경제적 번영까지도 할 수 있다는 점을 피력했다. 저는 양국 간에 각자가 갖고 있는 이런 의제들을 전달하고 또 직접 소통 통해 상대의 의지를 확인할 것을 촉구하고 있는 것이다. 6·12 회담이 성공적으로 열릴 것인지 여부는 지금 북-미간에 그 준비를 위한 실무협상이 곧 시작될 것으로 알고 있다. 그 실무협상 초기에는 의제에 관한 협상도 포함된다. 이 의제에 관한 실무협상이 얼마나 순탄하게 마쳐지느냐에 따라 (6·12 북-미 회담이) 차질 없이 열릴 것인가 성공할 것인가가 달려 있다고 생각한다. 그러나 저는 북-미 양국 간에 상대가 무엇을 원하고 있는지 분명히 인식하는 가운데 회담이 추진되고 있어서 실무회담도, 6·12 본회담도 잘 되리라 기대하고 있다.
-대통령이 김정은 위원장이 비핵화 의지 확고하다고 말했는데 그 판단의 근거가 무엇인가. 어제 회담에서 김정은 위원장이 뭐라고 밝혔는지 소개 부탁드린다. 또 북한이 단계적 동시적 비핵화 해법 말했는데 어제 회담장에서 그와 관련한 보다 진전된 내용이 있었나
=그 점에 대해서는 제가 여러차례 이미 말씀드렸고 폼페이오 국무장관도 방북시 김정은 위원장을 만나 직접 확인했다고 말한 바 있다. 그에 대한 추가적인 설명 필요하다고 생각하지 않는다. 실제로 비핵화에 대해서 뜻이 같다 하더라도 그를 어떻게 실현해 나갈 것인가에 대한 로드맵은 또 양국간에 협의가 필요하고 그런 과정이 어려울 수 있다. 그러나 그 로드맵은 북미간에 협의할 내용이라 제가 앞질러서 제 생각 말씀드리는 것은 적절치 않다.
-물론 여러차례 비핵화에 대해 설명했다고 하는데 그 CVID(완전하고 검증가능하며 불가역적인 핵폐기)를 북한이 수용하는지는 확인된 바가 없다. 대통령 생각하기에는 CVID가 맞나. 또 어떤 시점에 트럼프 대통령이 어제 만남에 영향을 끼쳤는가. 그 사이 한번이라도 트럼프 대통령과 직간접 소통했나. 3자 대화는 못하는지?
=우선 북한의 비핵화 의지에 대해선 거듭 말씀드렸기 때문에 저의 거듭된 답변이 필요한 것이 아니라 북-미 간에 회담하려면 그 점에 대한 상대의 의지를 확인한 후에 회담이 가능할 것이다. 북-미간에 회담 합의하고 실무회담한다는 것은 미국에서도 북한의 그런 의지를 확인한 것 아니냐 말씀드리고 싶고, 혹시나 확인 작업이 미진한 게 있다면 실무회담에서 명확하게 확인될 것이다.
=지금 제가 하고 있는 모든 노력은 한편으로 남북 관계 개선시키기 위한 것이 곧 하지만 또다른 한편으로 남북관계 개선에 반드시 필요한 북미의 성공을 위한 것이다. 그 북-미 회담의 성공을 위해서 저는 미국, 북한 양국과 긴밀히 소통하고 협의하고 있다. 아시는 바와 같이 최근에 미국을 방문해서 트럼프 대통령과 회담했고, 어제 김정은 위원장과 회담을 가졌다. 어제 김정은 위원장과의 회담에서 논의된 내용은 아시는 바와 같이 이미 미국 측에 전달했다.
=(3자 핫라인 통화는?) 핫라인 통화라는 게 말하자면 즉각 전화 받을 수 있는 그런 통신선이 구축이 돼야한다. 아시는 바와 같이 남북 간에 최근에 그것이 개설됐고, 북-미간에도 그런 앞으로 구축될 필요가 있다고 본다. 아마도 그런 남-북-미 3국간의 핫라인 통화를 개설할 정도까지 가려면 사전에 남북미 간에 정상회담부터 먼저 할 수 있지 않을까 생각한다. 저는 그런 기대를 하고 있다. 북-미 회담이 성공할 경우 남-북-미 3자회담을 통해 종전선언이 추진됐으며 좋겠다는 기대를 갖고 있다.
=마지막으로 공통적으로 갖고 있을 의문에 말씀드린다. 어제 논의한 내용을 왜 어제 바로 발표하지 않고 오늘 발표하게 됐느냐는 북한 김정은 위원장 요청에 따른 것이다. 북측의 형평 때문에 오늘 보도할 수 있다고 해서 우리도 오늘 (발표)했으면 좋겠다는 요청을 했다. 그래서 어제 회담 사실만 먼저 알리고 내용은 오늘 제가 따로 하게 된 점 또 언론에게 양해 말씀드린다",12,2972
iks_20180527_hankyoreh_news_021,Hankyoreh news 2018 May 27 corpus.txt,Hankyoreh,한겨레,news,2018-05-27,2018_may_summit,문 대통령 “이렇게 연락해 쉽게 만나는 게 남북관계 새 징표”,"26일 남북정상회담 마무리발언에서 밝혀
“북미정상회담 반드시 성공 기원한다”고 말해","문재인 대통령이 지난 26일 판문점 통일각에서 열린 김정은 북한 국무위원장과의 두 번째 남북정상회담에서 “조미(북미)정상회담이 반드시 성공하기를 기원한다”고 밝혔다.
문 대통령은 판문점 북측 지역 통일각에서 열린 김 위원장과의 제2차 남북 정상회담 마무리 발언에서 이렇게 말했다고 청와대가 27일 밝혔다.
문 대통령은 마무리 발언에서 “과거에는 남북 정상이 마주 앉으려면 아주 긴 시간 동안 많은 노력이 필요했는데 필요할 때 이렇게 연락해서 쉽게 만날 수 있다는 것이 남북관계의 새로운 시대를 보여주는 하나의 징표라고 생각한다”며 “앞으로 김 위원장과 함께 남북의 평화 번영을 이끌어나가기를 바란다”고 말했다.
4·27 남북정상회담 직후 남북관계에 대해서도 언급했다. 문 대통령은 “지난번 4·27 회담 이후에 남북 간 대화에서도 약간의 어려운 과정이 있었고 또 조미(북미)정상회담이라든가 아주 중요한 회담을, 그런 문제들에 대해 함께 협력해 나간다는 그런 의지를 다시 한 번 보여준다는 차원에서 이번 회담이 아주 뜻 깊었다고 생각한다”고 강조했다.","문 대통령 “이렇게 연락해 쉽게 만나는 게 남북관계 새 징표”
26일 남북정상회담 마무리발언에서 밝혀
“북미정상회담 반드시 성공 기원한다”고 말해
문재인 대통령이 지난 26일 판문점 통일각에서 열린 김정은 북한 국무위원장과의 두 번째 남북정상회담에서 “조미(북미)정상회담이 반드시 성공하기를 기원한다”고 밝혔다.
문 대통령은 판문점 북측 지역 통일각에서 열린 김 위원장과의 제2차 남북 정상회담 마무리 발언에서 이렇게 말했다고 청와대가 27일 밝혔다.
문 대통령은 마무리 발언에서 “과거에는 남북 정상이 마주 앉으려면 아주 긴 시간 동안 많은 노력이 필요했는데 필요할 때 이렇게 연락해서 쉽게 만날 수 있다는 것이 남북관계의 새로운 시대를 보여주는 하나의 징표라고 생각한다”며 “앞으로 김 위원장과 함께 남북의 평화 번영을 이끌어나가기를 바란다”고 말했다.
4·27 남북정상회담 직후 남북관계에 대해서도 언급했다. 문 대통령은 “지난번 4·27 회담 이후에 남북 간 대화에서도 약간의 어려운 과정이 있었고 또 조미(북미)정상회담이라든가 아주 중요한 회담을, 그런 문제들에 대해 함께 협력해 나간다는 그런 의지를 다시 한 번 보여준다는 차원에서 이번 회담이 아주 뜻 깊었다고 생각한다”고 강조했다.",4,531
iks_20180527_hankyoreh_news_022,Hankyoreh news 2018 May 27 corpus.txt,Hankyoreh,한겨레,news,2018-05-27,2018_may_summit,"문 대통령 “김정은, 만남 먼저 제안…북미회담 의지 피력”","오전 10시 청와대 춘추관에서 전날 회담 직접 발표
“김 위원장에게 회담 성공 바라는 트럼프 진심 전해
비핵화 실천 땐 적대관계 종식·경제협력 미쪽 의지 전달
양쪽 직접 소통으로 오해 불식·충분한 사전대화 강조”","문재인 대통령은 27일 “우리 두 정상은 6·12 북미정상회담이 성공적으로 이뤄져야 하며, 한반도의 비핵화와 항구적인 평화체제를 위한 우리의 여정은 결코 중단될 수 없다는 점을 확인하고 이를 위해 긴밀히 상호협력하기로 했다”고 밝혔다.
문 대통령은 이날 청와대 춘추관에서 연 기자회견을 통해 전날 오후 판문점 북쪽지역 통일각에서 김정은 북한 국무위원장과 연 두번째 남북정상회담 결과를 직접 발표하며 이같이 말했다.
문 대통령은 전날 김 위원장과 만나 지난 22일 미국 워싱턴에서 열린 한미 정상회담 결과를 직접 설명하면서 “트럼프 대통령은 김 위원장이 완전한 비핵화를 결단하고 실천할 경우, 북한과의 적대관계 종식과 경제협력에 대한 확고한 의지가 있다는 점을 전달했다”고 말했다. 이어 “김 위원장과 트럼프 대통령 모두 북미정상회담의 성공을 진심으로 바라고 있는 만큼 양측이 직접적인 소통을 통해 오해를 불식시키고 정상회담에서 합의해야할 의제에 대해 실무협상을 통해 충분한 사전 대화가 필요하다는 점을 강조했다”며 “김 위원장도 이에 동의했다”고 덧붙였다. 김 위원장은 “북미정상회담 성공을 통해 전쟁과 대립의 역사를 청산하고 평화와 번영을 위해 협력하겠다”는 의사를 피력했다고 문 대통령은 전했다.
문 대통령은 이날 기자회견을 통해 전날 열린 두번째 남북정상회담의 경위도 설명했다. 문 통령은 “김 위원장은 그제(26일) 오후 일체의 형식 없이 만나고 싶다는 뜻을 전해왔고 저는 흔쾌히 수락했다”며 “지난 4월의 역사적인 판문점 회담 못지 않게, 친구 간의 평범한 일상처럼 이루어진 이번 회담에 매우 큰 의미를 부여하고 싶다. 남북은 이렇게 만나야 한다는 것이 제 생각”이라고 말했다. 이어 “앞으로도 필요할 경우 언제든지 서로 통신하거나 만나 격의없이 소통하기로 했다”고 말했다.
이와 함께 남북 정상은, 4·27 판문점 선언의 조속한 이행에 합의하면서 새달 1일 남북 고위급 회담을 열기로 합의했다. 또 군사적 긴장완화를 위한 군사당국자 회담과 이산가족 상봉을 위한 적십자 회담을 연이어 열기로 합의했다.","문 대통령 “김정은, 만남 먼저 제안…북미회담 의지 피력”
오전 10시 청와대 춘추관에서 전날 회담 직접 발표
“김 위원장에게 회담 성공 바라는 트럼프 진심 전해
비핵화 실천 땐 적대관계 종식·경제협력 미쪽 의지 전달
양쪽 직접 소통으로 오해 불식·충분한 사전대화 강조”
문재인 대통령은 27일 “우리 두 정상은 6·12 북미정상회담이 성공적으로 이뤄져야 하며, 한반도의 비핵화와 항구적인 평화체제를 위한 우리의 여정은 결코 중단될 수 없다는 점을 확인하고 이를 위해 긴밀히 상호협력하기로 했다”고 밝혔다.
문 대통령은 이날 청와대 춘추관에서 연 기자회견을 통해 전날 오후 판문점 북쪽지역 통일각에서 김정은 북한 국무위원장과 연 두번째 남북정상회담 결과를 직접 발표하며 이같이 말했다.
문 대통령은 전날 김 위원장과 만나 지난 22일 미국 워싱턴에서 열린 한미 정상회담 결과를 직접 설명하면서 “트럼프 대통령은 김 위원장이 완전한 비핵화를 결단하고 실천할 경우, 북한과의 적대관계 종식과 경제협력에 대한 확고한 의지가 있다는 점을 전달했다”고 말했다. 이어 “김 위원장과 트럼프 대통령 모두 북미정상회담의 성공을 진심으로 바라고 있는 만큼 양측이 직접적인 소통을 통해 오해를 불식시키고 정상회담에서 합의해야할 의제에 대해 실무협상을 통해 충분한 사전 대화가 필요하다는 점을 강조했다”며 “김 위원장도 이에 동의했다”고 덧붙였다. 김 위원장은 “북미정상회담 성공을 통해 전쟁과 대립의 역사를 청산하고 평화와 번영을 위해 협력하겠다”는 의사를 피력했다고 문 대통령은 전했다.
문 대통령은 이날 기자회견을 통해 전날 열린 두번째 남북정상회담의 경위도 설명했다. 문 통령은 “김 위원장은 그제(26일) 오후 일체의 형식 없이 만나고 싶다는 뜻을 전해왔고 저는 흔쾌히 수락했다”며 “지난 4월의 역사적인 판문점 회담 못지 않게, 친구 간의 평범한 일상처럼 이루어진 이번 회담에 매우 큰 의미를 부여하고 싶다. 남북은 이렇게 만나야 한다는 것이 제 생각”이라고 말했다. 이어 “앞으로도 필요할 경우 언제든지 서로 통신하거나 만나 격의없이 소통하기로 했다”고 말했다.
이와 함께 남북 정상은, 4·27 판문점 선언의 조속한 이행에 합의하면서 새달 1일 남북 고위급 회담을 열기로 합의했다. 또 군사적 긴장완화를 위한 군사당국자 회담과 이산가족 상봉을 위한 적십자 회담을 연이어 열기로 합의했다.",5,1013
iks_20180527_hankyoreh_news_023,Hankyoreh news 2018 May 27 corpus.txt,Hankyoreh,한겨레,news,2018-05-27,2018_may_summit,김정은 “4·27 명장면은 문 대통령 10초간 북쪽 넘어온 것”,"26일 남북정상회담에서 남북·북미 관계 진전 의지 내비쳐
“할 수 있는 최선 다해 결과 잘 만들 것”
“다시 한번 대화하고 마음이 가까워지는 과정”
“문 대통령 북쪽 방문 이번이 처음 아니다”","김정은 북한 국무위원장은 26일 문재인 대통령과의 두번째 정상회담에서 “할 수 있는 최선의 노력을 다해서 결과도 만들고 잘 할 수 있을 것”이라며 남북·북미 관계 진전에 대한 의지를 다시 드러냈다.
김 위원장은 판문점 북측 지역 통일각에서 열린 문 대통령과의 남북정상회담에서 머리발언과 마무리 발언을 통해 이런 뜻을 내비쳤다고 청와대가 27일 밝혔다.
김 위원장은 29일 만에 문 대통령과 다시 만나 한반도 비핵화 문제, 북-미 정상회담 성공적 개최 등에 관해 의견을 나눈 데 대해 “평화적으로 마음이 모아지고, 평양과 서울이 더 가까워지는 과정이라고 생각한다”고 말했다. 김 위원장은 또 “(문 대통령이) 중요한 문제를 위해 오셨고, 허심탄회하게 대화하고 논의하자고 했는데 각각의 책임 하에서 노력해야 할 것으로 생각한다""고 의미를 부여했다.
김 위원장은 문 대통령이 이번 회담을 위해 북쪽 지역으로 온 데 대해 “문 대통령이 북쪽을 찾아오셨는데 이번이 처음이 아니다. 4·27 (남북정상회담) 때도 명장면 중 하나가 (문 대통령이) 10초 동안 (판문점 군사분계선을 넘어 북쪽으로) 깜짝 넘어오는 것이었다""고 밝혔다. 김 위원장은 이번 회담이 비공개로 진행된 탓에 문 대통령을 위한 성대한 환영 행사를 하지 못한 것이 마음에 걸리는 듯 “비공개 회담을 하니까 제대로 잘 못해서 미안한 마음입니다. 평양에 한 번 오시면…”이라고 양해를 구했다.","김정은 “4·27 명장면은 문 대통령 10초간 북쪽 넘어온 것”
26일 남북정상회담에서 남북·북미 관계 진전 의지 내비쳐
“할 수 있는 최선 다해 결과 잘 만들 것”
“다시 한번 대화하고 마음이 가까워지는 과정”
“문 대통령 북쪽 방문 이번이 처음 아니다”
김정은 북한 국무위원장은 26일 문재인 대통령과의 두번째 정상회담에서 “할 수 있는 최선의 노력을 다해서 결과도 만들고 잘 할 수 있을 것”이라며 남북·북미 관계 진전에 대한 의지를 다시 드러냈다.
김 위원장은 판문점 북측 지역 통일각에서 열린 문 대통령과의 남북정상회담에서 머리발언과 마무리 발언을 통해 이런 뜻을 내비쳤다고 청와대가 27일 밝혔다.
김 위원장은 29일 만에 문 대통령과 다시 만나 한반도 비핵화 문제, 북-미 정상회담 성공적 개최 등에 관해 의견을 나눈 데 대해 “평화적으로 마음이 모아지고, 평양과 서울이 더 가까워지는 과정이라고 생각한다”고 말했다. 김 위원장은 또 “(문 대통령이) 중요한 문제를 위해 오셨고, 허심탄회하게 대화하고 논의하자고 했는데 각각의 책임 하에서 노력해야 할 것으로 생각한다""고 의미를 부여했다.
김 위원장은 문 대통령이 이번 회담을 위해 북쪽 지역으로 온 데 대해 “문 대통령이 북쪽을 찾아오셨는데 이번이 처음이 아니다. 4·27 (남북정상회담) 때도 명장면 중 하나가 (문 대통령이) 10초 동안 (판문점 군사분계선을 넘어 북쪽으로) 깜짝 넘어오는 것이었다""고 밝혔다. 김 위원장은 이번 회담이 비공개로 진행된 탓에 문 대통령을 위한 성대한 환영 행사를 하지 못한 것이 마음에 걸리는 듯 “비공개 회담을 하니까 제대로 잘 못해서 미안한 마음입니다. 평양에 한 번 오시면…”이라고 양해를 구했다.",4,697
iks_20180527_hankyoreh_news_024,Hankyoreh news 2018 May 27 corpus.txt,Hankyoreh,한겨레,news,2018-05-27,2018_may_summit,"김정은, 문 대통령에 북미회담 ‘확고한 의지’ 피력","북 언론, 2차 남북 정상회담 대대적 보도
한반도 비핵화 노력…수시로 만나 대화
6월1일 남북 고위급 회담 개최
군사회담·적십자 회담도 빨리 추진키로","문재인 대통령과 김정은 북한 국무위원장이 올해 첫번째 정상회담이 있은 지 29일만에 두번째 정상회담을 전격 개최해 오는 6월1일 ‘남북 고위급회담’을 열고, 군사당국자회담과 적십자회담 등 각종 부문별 회담을 빠르게 추진하기로 합의했다. 두 정상은 ‘한반도 비핵화’에 대한 의지를 재확인 하고, 김 위원장은 문 대통령에게 북-미 정상회담 개최 의사 또한 확실히 했다.
북한 <조선중앙통신>(<중통>)과 노동당 기관지인 <노동신문>은 27일 “역사적인 제4차 북남수뇌상봉과 회담이 5월26일 판문점 우리측 지역 통일각에서 전격적으로 진행되였다”며 이렇게 밝혔다. 이 언론은 문 대통령과 김 위원장이 “북남고위급회담을 오는 6월 1일에 개최하며 연이어 군사당국자회담, 적십자회담을 비롯한 부문별회담들도 가속적으로 추진해나갈데 대한 문제들을 합의하시였다”며 두 정상이 “조선반도의 비핵화를 실현하기 위하여 공동으로 노력해나갈데 대한 입장을 표명하시며 앞으로 수시로 만나 대화를 적극화하며 지혜와 힘을 합쳐나갈데 대하여 견해를 같이하시였다”고 했다. 남북 정상이 이날 ‘판문점 선언 이행’과 ’한반도 비핵화’에 대한 의지를 재확인한 것이다.
이날 김 위원장은 북-미 정상회담을 위해 노력한 문 대통령에게 감사를 전하기도 했다. <중통>은 김 위원장이 “6월 12일로 예정되여있는 조미(북-미)수뇌회담을 위하여 많은 노력을 기울여온 문재인대통령의 노고에 사의를 표하시면서 역사적인 조미수뇌회담에 대한 확고한 의지를 피력하시였다”고 했다. 미국 도널드 트럼프 대통령이 24일 돌연 싱가포르에서 열기로 한 북-미 정상회담을 취소하면서 북-미 정상회담 일정에 차질이 생긴 바 있다. 하지만 김 위원장이 이날 문 대통령을 만나 다시 한 번 북-미 정상회담 개최 의사를 확실히 한 셈이다. <중통>은 김 위원장이 “조미(북-미)관계개선과 조선반도의 항구적이며 공고한 평화체제구축을 위하여 앞으로도 적극 협력해나가자고 말씀하시였다”며 두 지도자는 “회담에서 논의된 문제들에 대하여 만족한 합의를 보시였다”고 했다.
이날 남북정상회담은 판문점 북쪽 지역인 통일각에서 전격 열렸다. 지난 4월27일 2018 남북정상회담이 열린 지 29일 만이다. 남북관계는 지난 16일 북한이 이날 열기로 했던 남북 고위급회담을 돌연 취소하면서 급 경색되는 듯한 모습을 보였다. 북한은 한-미 연합군사훈련과 류경식당 종업원의 집단탈북, 태영호 전 주영국 북한대사의 기자회견 등을 문제 삼았다. 하지만 26일 남북이 만나 고위급회담을 비롯해 남북 간 군사적 긴장을 낮추기 위한 군사회담, 이산가족상봉 등을 논의하기 위한 적십자회담 등 ‘판문점 선언’ 이행을 위한 구체적 일정에 합의하면서 잠시 경색됐던 남북관계가 제자리를 찾게 됐다.
<중통>은 “북남관계의 새 출발과 화해단합의 새시대를 열어놓은 평화의 상징으로 전세계의 이목이 집중되였던 역사의 땅 판문점에서 29일만에 북과 남의 최고수뇌분들의 뜻깊은 만남이 또다시 이루어졌다”며 “회담장인 판문점 통일각에는 문재인대통령을 영접하기 위하여 조선인민군 명예위병들이 정렬해있었다”고 분위기를 전했다. 김정은 위원장은 판문점 군사분계선을 넘어 북쪽 통일각에 도착한 문재인 대통령을 맞았다. 이 언론은 “두 수뇌분들께서는 한달만에 력사적인 장소에서 또다시 력사적인 상봉을 하게 된 기쁨과 반가움을 금치 못하시며 굳은 악수를 나누시였다”며 “회담에 앞서 문재인대통령은 판문점 우리측 지역 방문을 기념하여 통일각 방명록에 《한반도의 평화와 번영,조선민주주의인민공화국 김정은위원장과 함께! 2018.5.26 대한민국 대통령 문재인》이라는 글을 남기였다”고 밝혔다. 이어 김 위원장과 문 대통령은 “굳게 손을 잡고” 사진을 찍었다. <노동신문>은 이날 1∼2면에 걸쳐 사진 18장도 함께 보도했다. 김 위원장은 29일 만에 다시 본 남쪽 수행원과도 일일이 악수하며 반가움을 나눴다.
이날 열린 두 지도자의 회담에는 남쪽에서 서훈 국가정보원장, 북쪽에서 김영철 당 중앙위원회 부위원장 겸 통일전선부장이 배석했다. <중통>은 “회담에서는 제3차 북남수뇌상봉에서 합의된 판문점선언을 신속히 이행해나가며 조선반도의 비핵화를 실현하고 지역의 평화와 안정, 번영을 이룩하기 위하여 해결하여야 할 문제들과 현재 북과 남이 직면하고 있는 문제들, 조미(북미)수뇌회담의 성공적 개최를 위한 심도있는 의견교환이 진행되였다”고 했다. 이어 김 위원장과 문 대통령이 “온 겨레의 한결같은 열망이 담긴 판문점선언이 하루빨리 이행되도록 쌍방이 서로 신뢰하고 배려하며 공동으로 노력해나가야 한다는데 대해 의견을 같이”했다고 보도했다.
<중통>은 김 위원장이 문 대통령과 “뜨겁게 포옹하시고 다시 만날 날을 약속하시며 작별인사를 나누시였다”며 “북과 남의 최고 수뇌분들께서 격식과 틀이 없이 마음을 터놓고 중대한 현안 문제들에 대하여 서로의 견해를 청취하고 솔직한 대화를 나누신 이번 상봉은 북남관계발전에서 새로운 장을 열어놓는 또 하나의 력사적인 계기로 된다. 민족의 화해단합, 평화번영의 상징으로 역사에 아로새겨진 판문점에서 또다시 진행된 제4차 북남수뇌상봉은 우리 겨레 모두에게 새로운 희망과 활력을 안겨주게 될 것이다”라고 밝혔다.","김정은, 문 대통령에 북미회담 ‘확고한 의지’ 피력
북 언론, 2차 남북 정상회담 대대적 보도
한반도 비핵화 노력…수시로 만나 대화
6월1일 남북 고위급 회담 개최
군사회담·적십자 회담도 빨리 추진키로
문재인 대통령과 김정은 북한 국무위원장이 올해 첫번째 정상회담이 있은 지 29일만에 두번째 정상회담을 전격 개최해 오는 6월1일 ‘남북 고위급회담’을 열고, 군사당국자회담과 적십자회담 등 각종 부문별 회담을 빠르게 추진하기로 합의했다. 두 정상은 ‘한반도 비핵화’에 대한 의지를 재확인 하고, 김 위원장은 문 대통령에게 북-미 정상회담 개최 의사 또한 확실히 했다.
북한 <조선중앙통신>(<중통>)과 노동당 기관지인 <노동신문>은 27일 “역사적인 제4차 북남수뇌상봉과 회담이 5월26일 판문점 우리측 지역 통일각에서 전격적으로 진행되였다”며 이렇게 밝혔다. 이 언론은 문 대통령과 김 위원장이 “북남고위급회담을 오는 6월 1일에 개최하며 연이어 군사당국자회담, 적십자회담을 비롯한 부문별회담들도 가속적으로 추진해나갈데 대한 문제들을 합의하시였다”며 두 정상이 “조선반도의 비핵화를 실현하기 위하여 공동으로 노력해나갈데 대한 입장을 표명하시며 앞으로 수시로 만나 대화를 적극화하며 지혜와 힘을 합쳐나갈데 대하여 견해를 같이하시였다”고 했다. 남북 정상이 이날 ‘판문점 선언 이행’과 ’한반도 비핵화’에 대한 의지를 재확인한 것이다.
이날 김 위원장은 북-미 정상회담을 위해 노력한 문 대통령에게 감사를 전하기도 했다. <중통>은 김 위원장이 “6월 12일로 예정되여있는 조미(북-미)수뇌회담을 위하여 많은 노력을 기울여온 문재인대통령의 노고에 사의를 표하시면서 역사적인 조미수뇌회담에 대한 확고한 의지를 피력하시였다”고 했다. 미국 도널드 트럼프 대통령이 24일 돌연 싱가포르에서 열기로 한 북-미 정상회담을 취소하면서 북-미 정상회담 일정에 차질이 생긴 바 있다. 하지만 김 위원장이 이날 문 대통령을 만나 다시 한 번 북-미 정상회담 개최 의사를 확실히 한 셈이다. <중통>은 김 위원장이 “조미(북-미)관계개선과 조선반도의 항구적이며 공고한 평화체제구축을 위하여 앞으로도 적극 협력해나가자고 말씀하시였다”며 두 지도자는 “회담에서 논의된 문제들에 대하여 만족한 합의를 보시였다”고 했다.
이날 남북정상회담은 판문점 북쪽 지역인 통일각에서 전격 열렸다. 지난 4월27일 2018 남북정상회담이 열린 지 29일 만이다. 남북관계는 지난 16일 북한이 이날 열기로 했던 남북 고위급회담을 돌연 취소하면서 급 경색되는 듯한 모습을 보였다. 북한은 한-미 연합군사훈련과 류경식당 종업원의 집단탈북, 태영호 전 주영국 북한대사의 기자회견 등을 문제 삼았다. 하지만 26일 남북이 만나 고위급회담을 비롯해 남북 간 군사적 긴장을 낮추기 위한 군사회담, 이산가족상봉 등을 논의하기 위한 적십자회담 등 ‘판문점 선언’ 이행을 위한 구체적 일정에 합의하면서 잠시 경색됐던 남북관계가 제자리를 찾게 됐다.
<중통>은 “북남관계의 새 출발과 화해단합의 새시대를 열어놓은 평화의 상징으로 전세계의 이목이 집중되였던 역사의 땅 판문점에서 29일만에 북과 남의 최고수뇌분들의 뜻깊은 만남이 또다시 이루어졌다”며 “회담장인 판문점 통일각에는 문재인대통령을 영접하기 위하여 조선인민군 명예위병들이 정렬해있었다”고 분위기를 전했다. 김정은 위원장은 판문점 군사분계선을 넘어 북쪽 통일각에 도착한 문재인 대통령을 맞았다. 이 언론은 “두 수뇌분들께서는 한달만에 력사적인 장소에서 또다시 력사적인 상봉을 하게 된 기쁨과 반가움을 금치 못하시며 굳은 악수를 나누시였다”며 “회담에 앞서 문재인대통령은 판문점 우리측 지역 방문을 기념하여 통일각 방명록에 《한반도의 평화와 번영,조선민주주의인민공화국 김정은위원장과 함께! 2018.5.26 대한민국 대통령 문재인》이라는 글을 남기였다”고 밝혔다. 이어 김 위원장과 문 대통령은 “굳게 손을 잡고” 사진을 찍었다. <노동신문>은 이날 1∼2면에 걸쳐 사진 18장도 함께 보도했다. 김 위원장은 29일 만에 다시 본 남쪽 수행원과도 일일이 악수하며 반가움을 나눴다.
이날 열린 두 지도자의 회담에는 남쪽에서 서훈 국가정보원장, 북쪽에서 김영철 당 중앙위원회 부위원장 겸 통일전선부장이 배석했다. <중통>은 “회담에서는 제3차 북남수뇌상봉에서 합의된 판문점선언을 신속히 이행해나가며 조선반도의 비핵화를 실현하고 지역의 평화와 안정, 번영을 이룩하기 위하여 해결하여야 할 문제들과 현재 북과 남이 직면하고 있는 문제들, 조미(북미)수뇌회담의 성공적 개최를 위한 심도있는 의견교환이 진행되였다”고 했다. 이어 김 위원장과 문 대통령이 “온 겨레의 한결같은 열망이 담긴 판문점선언이 하루빨리 이행되도록 쌍방이 서로 신뢰하고 배려하며 공동으로 노력해나가야 한다는데 대해 의견을 같이”했다고 보도했다.
<중통>은 김 위원장이 문 대통령과 “뜨겁게 포옹하시고 다시 만날 날을 약속하시며 작별인사를 나누시였다”며 “북과 남의 최고 수뇌분들께서 격식과 틀이 없이 마음을 터놓고 중대한 현안 문제들에 대하여 서로의 견해를 청취하고 솔직한 대화를 나누신 이번 상봉은 북남관계발전에서 새로운 장을 열어놓는 또 하나의 력사적인 계기로 된다. 민족의 화해단합, 평화번영의 상징으로 역사에 아로새겨진 판문점에서 또다시 진행된 제4차 북남수뇌상봉은 우리 겨레 모두에게 새로운 희망과 활력을 안겨주게 될 것이다”라고 밝혔다.",7,2522
iks_20180527_hankyoreh_news_025,Hankyoreh news 2018 May 27 corpus.txt,Hankyoreh,한겨레,news,2018-05-27,2018_may_summit,"문 대통령, 2차 회담 통해 북-미 정상간 ‘직접 중재’","미 ‘완전한 비핵화’에, 북은 ‘체제보장’ 의심
문 대통령 “양국 의지전달…직접소통 촉구”","문재인 대통령이 끊어질 뻔했던 북-미간의 선을 다시 이었다. 새달 12일 싱가포르에서 열릴 예정인 북-미정상회담이 틀어질 기미를 보이자 지난 22일 미국 워싱턴으로 날아가 도널드 트럼프 미국 대통령을 만난 데 이어, 26일엔 김정은 북한 국무위원장을 만나 북-미 회담 성사를 위해 안간힘을 썼다. 문 대통령은 27일 오전 청와대 춘추관에서 기자회견을 열어 전날 판문점 북쪽지역 통일각에서 열린 남북정상회담 내용을 직접 발표하면서, 북-미 사이의 중재자이자 한반도 운전자로서의 고충을 내비치기도 했다.
문 대통령은 트럼프 대통령과 김 위원장을 직접 만나 확인한 두 정상의 의지를 전하면서 북쪽과 미국이 서로 신뢰하지 못한 부분을 거론하며 북-미간 직접 소통과 북-미정상회담 이전 실무협상의 중요성을 강조했다. 미국은 미국이 원하는 수준의 완전한 비핵화를 북한이 실현할 의지가 있는지를 의심하고, 반면, 북한은 체제 안전 보장을 위한 마지막 수단으로 고수했던 핵과 미사일을 포기하고난 이후에 미국이 체제 안전을 보장하겠느냐는 데에 대해 의구심을 갖고 있는 상황에서 양쪽이 각자가 가지고 있는 의구심을 줄이기 위해 직접 만나 서로의 의지를 확인할 필요가 있다고 촉구한 셈이다.
문 대통령은 두번째 남북정상회담 결과 발표 이후 이어진 기자들과의 문답에서 “김정은 위원장은 한반도의 완전한 비핵화의 의지가 확고하다는 것을 어제 다시 한 번 분명하게 피력을 했다. 김정은 위원장에게 불분명한 것은 비핵화의 의지가 아니라 자신들이 비핵화를 할 경우에 미국에서 적대 관계를 종식하고 체제 안전을 보장하겠다는 것에 대해서 확실히 신뢰할 수 있는가라는 것에 대한 걱정이 있다고 본다”며 “반면에 한미정상회담에서 트럼프 대통령은 북한이 비핵화를 할 경우 적대관계를 확실히 종식화시킬 뿐만 아니라 경제적인 번영까지 도울 뜻이 있다는 의사를 분명히 피력했다”고 말했다. 이어 “저는 양국 간에 각자가 가지고 있는 이런 의지들을 서로 전달하고, 또 직접 소통을 통해서 상대의 의지를 확인할 것을 촉구하고 있는 것”이라고 덧붙였다.
문 대통령의 이같은 중재 노력이 양쪽에 어느 정도 가닿았는지는 확실치 않으나, 성사 여부가 불투명했던 북-미 정상회담은 다시 제 궤도에 오른 것으로 보인다.
문 대통령은 “6월12일 북미정상회담이 성공적으로 열릴 것인지 여부는 지금 북미 간에 그 준비를 위한 실무 협상이 곧 시작될 것으로 알고 있다”며 “북미 양국 간에 상대가 무엇을 원하고 있는지를 분명히 인식하는 가운데 지금 회담이 추진되고 있기 때문에 실무 협상도, 또 6월12일의 본회담도 잘 되리라고 기대하고 있다”고 덧붙였다.
트럼프 미 대통령이 북-미회담 취소 서신을 발표한 시점은 지난 24일, 김계관 북한 외무성 1부상이 담화를 통해 그럼에도 북-미회담을 하고 싶다는 의지를 밝힌 것은 이튿날인 25일이었다. 이 때부터 북-미회담 성사 가능성이 다시 살아나기 시작했지만 미국으로서는 북한의 최고지도자의 의지를 확인하고 싶었을 것이다. 트럼프 대통령이 김 위원장에게 보낸 서신에서 “만약 이 중요한 정상회담을 해야 한다는 생각으로 마음을 바꾼다면, 주저 말고 연락하거나 편지를 보내 달라”고 한 대목도 김 위원장의 의지를 확인하고 싶다는 대목이었다. 26일 판문점에서 열린 두번째 남북정상회담은, 김 위원장이 북-미 정상회담 개최 의지를 공개적으로 피력하기에 맞춤한 자리였다. 두번째 남북 정상의 만남을 제안한 당사자는 김 위원장이라고 하나, 등 돌리려는 북미 정상이 다시 뒤를 돌아보고 마주앉게 만든 이는 문재인 대통령으로 보는 게 맞을 것 같다.","문 대통령, 2차 회담 통해 북-미 정상간 ‘직접 중재’
미 ‘완전한 비핵화’에, 북은 ‘체제보장’ 의심
문 대통령 “양국 의지전달…직접소통 촉구”
문재인 대통령이 끊어질 뻔했던 북-미간의 선을 다시 이었다. 새달 12일 싱가포르에서 열릴 예정인 북-미정상회담이 틀어질 기미를 보이자 지난 22일 미국 워싱턴으로 날아가 도널드 트럼프 미국 대통령을 만난 데 이어, 26일엔 김정은 북한 국무위원장을 만나 북-미 회담 성사를 위해 안간힘을 썼다. 문 대통령은 27일 오전 청와대 춘추관에서 기자회견을 열어 전날 판문점 북쪽지역 통일각에서 열린 남북정상회담 내용을 직접 발표하면서, 북-미 사이의 중재자이자 한반도 운전자로서의 고충을 내비치기도 했다.
문 대통령은 트럼프 대통령과 김 위원장을 직접 만나 확인한 두 정상의 의지를 전하면서 북쪽과 미국이 서로 신뢰하지 못한 부분을 거론하며 북-미간 직접 소통과 북-미정상회담 이전 실무협상의 중요성을 강조했다. 미국은 미국이 원하는 수준의 완전한 비핵화를 북한이 실현할 의지가 있는지를 의심하고, 반면, 북한은 체제 안전 보장을 위한 마지막 수단으로 고수했던 핵과 미사일을 포기하고난 이후에 미국이 체제 안전을 보장하겠느냐는 데에 대해 의구심을 갖고 있는 상황에서 양쪽이 각자가 가지고 있는 의구심을 줄이기 위해 직접 만나 서로의 의지를 확인할 필요가 있다고 촉구한 셈이다.
문 대통령은 두번째 남북정상회담 결과 발표 이후 이어진 기자들과의 문답에서 “김정은 위원장은 한반도의 완전한 비핵화의 의지가 확고하다는 것을 어제 다시 한 번 분명하게 피력을 했다. 김정은 위원장에게 불분명한 것은 비핵화의 의지가 아니라 자신들이 비핵화를 할 경우에 미국에서 적대 관계를 종식하고 체제 안전을 보장하겠다는 것에 대해서 확실히 신뢰할 수 있는가라는 것에 대한 걱정이 있다고 본다”며 “반면에 한미정상회담에서 트럼프 대통령은 북한이 비핵화를 할 경우 적대관계를 확실히 종식화시킬 뿐만 아니라 경제적인 번영까지 도울 뜻이 있다는 의사를 분명히 피력했다”고 말했다. 이어 “저는 양국 간에 각자가 가지고 있는 이런 의지들을 서로 전달하고, 또 직접 소통을 통해서 상대의 의지를 확인할 것을 촉구하고 있는 것”이라고 덧붙였다.
문 대통령의 이같은 중재 노력이 양쪽에 어느 정도 가닿았는지는 확실치 않으나, 성사 여부가 불투명했던 북-미 정상회담은 다시 제 궤도에 오른 것으로 보인다.
문 대통령은 “6월12일 북미정상회담이 성공적으로 열릴 것인지 여부는 지금 북미 간에 그 준비를 위한 실무 협상이 곧 시작될 것으로 알고 있다”며 “북미 양국 간에 상대가 무엇을 원하고 있는지를 분명히 인식하는 가운데 지금 회담이 추진되고 있기 때문에 실무 협상도, 또 6월12일의 본회담도 잘 되리라고 기대하고 있다”고 덧붙였다.
트럼프 미 대통령이 북-미회담 취소 서신을 발표한 시점은 지난 24일, 김계관 북한 외무성 1부상이 담화를 통해 그럼에도 북-미회담을 하고 싶다는 의지를 밝힌 것은 이튿날인 25일이었다. 이 때부터 북-미회담 성사 가능성이 다시 살아나기 시작했지만 미국으로서는 북한의 최고지도자의 의지를 확인하고 싶었을 것이다. 트럼프 대통령이 김 위원장에게 보낸 서신에서 “만약 이 중요한 정상회담을 해야 한다는 생각으로 마음을 바꾼다면, 주저 말고 연락하거나 편지를 보내 달라”고 한 대목도 김 위원장의 의지를 확인하고 싶다는 대목이었다. 26일 판문점에서 열린 두번째 남북정상회담은, 김 위원장이 북-미 정상회담 개최 의지를 공개적으로 피력하기에 맞춤한 자리였다. 두번째 남북 정상의 만남을 제안한 당사자는 김 위원장이라고 하나, 등 돌리려는 북미 정상이 다시 뒤를 돌아보고 마주앉게 만든 이는 문재인 대통령으로 보는 게 맞을 것 같다.",6,1747
