doc_id,source_file,newspaper,newspaper_ko,year,summit_episode,headline,standfirst,text,n_sentences,n_chars
iks_doc_2000_hankyoreh_001,Hankyoreh 2000 annotated text file unicode.txt,Hankyoreh,한겨레,2000,2000_june_summit,,,"중 '회담 최대 수혜자' 희색 남북통일되면 미국 대신 동북아 주도권 남북 정상회담을 바라보는 한반도 주변 강대국 가운데 중국의 표정이 가장 밝다.
중국은 한반도에 평화가 정착되면 동북아 지역에서 미국의 영향력이 줄어 들어 자신이 가장 큰 이익을 얻을 것으로 생각한다.
우선 중국은 미국이 주한 미군을 유지할 근거를 잃게 될 것으로 판단한다.
중국 사회과학원 아시아태평양연구소 푸젠이 박사는 13일 (인민일보)의 남북정상회담 관련 토론회에 나와”한반도가 통일된다면 미국이 계속 한반도에 머무를 이유가 없다”고 단언했다.
미국의 전략 문제 연구손 스트랫포도 한반도가 통일되거나 평화가 정착될 경우 중국은 주한 미군의 완전 철수 또는 동북아 지역 주둔 미군의 절반 수준으로의 감축을 요구할 것으로 내다봤다.
이렇게 되면 자연스럽게 동북아 지역에서 미국의 영향력은 줄어 들고, 미국이 남긴 공백의 일부분을 중국이 메우면서 영향력이 커진다.
북한 위협론이 현실성을 잃으면 미국이 추진하고 있는 국가 미사일 방어(NMD) 계획도 타당성이 줄어 들ㄴ다.
이 계획이 북한.이라크 등이 아니라 중국과 러시아를 겨냥하고 있다고 믿는 중국으로서는 커다랗ㄴ 군사적 위협을 덜게 되는 셈이다.
현재 270 만 명의 병력을 유지하며 해마다 공식적으로 126 억 달러의 군사비를 사용하고 있는 중국은 이 부담도 줄일 수 있다.
또 남한이 북한을 경제적으로 지원하면 중국이 지고 있던 대북한 경제 원조의 부담을 한국에 떠넘길 수 있는 것도 이점이다.
중국은 또 남북 정상회담이 대만에 대한 통일 압력으로도 작용할 것으로 기대한다.
스트랫포에 따르면”이번 정상회담의 최대 수혜자는 중국”이다.
톱뉴스 또 간다.시시각각 타전/프레스 센터.외신 이모저모 페이스북으로 공유 트위터로 공유 카카오스토리로 공유 <>.13일 순안공항에서 정상 간의 뜨겁ㄴ 만남으로 '충격'에 휩싸였던 1 천여 명의 서울 프레스 센터 출입 내외신 기자들은 14일 밤 늦게 합의 사항에 서명하자 '또 다시 톱뉴스를 갈아야 한다'며 쏜살같은 움직임을 보였다.
외신 기자들은 프레스룸 정면에 설치된 대형 멀티 큐브를 보며 정상회담 개최와 합의서 서명 소식을 황급히 보고하는 한편 국정홍보처에서 내 주는 자료와 브리핑을 토대로 급박한 상황을 타전하기에 바빴다.워싱턴 특파원으로 소속사 취재진을 지휘하고 있는 일본 (NHK방송)의 모치주키는”정규 뉴스는 물론이고 서울과 도쿄를 오가며 진행되는 특집 뉴스를 만드느라 바쁘다”며”하루 17 시간씩 강행군하고 있다”고 말했다.
미국 (뉴스데이)의 가간 기자는 “김정일 국방위원장은 서방 세계에 테러리스트로만 알려져 있었다”며 “그러나 순간 순간 예상을 뛰어넘는 놀랍ㄴ 장면들이 연출돼 이를 따라잡기 바쁘다”고 말했다.
<>.15일 새벽까지 롯데호텔 2층 서울 프레스 센터에 모여 있던 내외신 기자들은 박준영 청와대 대변인의 남북정상회담 합의문 발표가 시작되자 일제히 박수를 치며 환호했다.
특히 내외신 기자실에 설치된 대형 멀티 큐브 2대의 화면을 통해 남북 정상 간의 합의문 서명 뒤 이를 축하하는 자리에서 김정일 국방위원장이 축배의 잔을 단숨에 '원샷'으로 비우자 '와'하는 탄성과 함께 폭소가 터져 나 왔다.
잇어 김대중 대통령이 여러 차례에 걸쳐 잔에 남은 술을 끝까지 비우자 박장대소하는 모습이 연출됐다.
<>.한국 경제 위기와 관련해 '한국의 위기'이라는 책을 내기도 한 (인터내셔널 해럴드 트리뷴)의 도널드 커크 서울 특파원은 “지난 72년 남북공동성명, 91년 남북기본합의서가 유명무실화되는 것을 직접 취재했던 나로서는 이번 정상회담의 결과에 지나치게 큰 기대를 걸ㄹ 수가 없었다”고 정상회담에 인색한 점수를 주면서도, “합의대로 정말 김정일 위원장이 서울을 답방한다면 남북 관계는 분명히 달라지는 것”이라고 말했다.
<>.일본 (NHK)는 이날 밤 늦게까지 기다리다 서명 장면을 서울로부터 받아 내보내면서 “정상들이 직접 서명한 것은 이번 합의가 예전의 합의들과는 다른 차원의 것”이라고 평했다.
아시아경제연구소 고마키 데루오 지역 연구 제1 부 연구 주간은 남북 정상들의 4개 항 합의에 대해 “애초 큰 기대를 걸ㄹ 상황이 아녔던 점을 생각하면 큰 성공”이라고 평가했다.
이날 밤 (NHK)에 출연한 그는 일단 이번 합의로 큰 틀은 짜였고 구체적인 내용은 앞으로 채워 가야 할 것이라고 말했다.
이날 일본 언론 및 전문가들은 특히 김 총비서의 모습과 그의 육성 생중계에 관심을 집중하면서 큰 의미를 부여했다.
이들은 이번 회담과 방송 중계가 김 총비서 및 북한에 대한 기존 이미지를 바꾸는 데 중요한 전환 점이 될 것으로 전망했다.
고마키 연구 주간은 김 총비서는 이번 회담을 통해 과거로부터의 탈피를 선언한 셈이라면서 “김 총비서가 이미지 체인지(바꾸기)에 대성공을 거뒀다”고 말했다.
고마키 주간은 또 이번 정상회담과 관련해 “북한이 한국의 지원을 노린 것이라는 시각은 잘못된 것”이라고 말한다.
그는 북한이 지난해 5년 만에 국가 예산을 발표하고 올 들어 공세적인 외교를 펼치고 있으며 김 총비서도 경제 부문 시찰 횟수를 늘리면서 경제 재건을 진두 지휘하는 등 변화의 물결을 타고 있는 사실에 주목했다.
따라서 그는 북한이 이번 정상회담을 수용한 것은 북한 경제가 바닥에서 벗어나 회복 조짐을 보이고 있는 등의 변화를 바탕에 깔고 있다고 지적하면서 좀 더 적극적인 의미 부여를 했다.
남북정상회담 6.14 합의/관광객이 전하는 북 주민 반응 '통일 할아버지 북 아이들에 인기 대단 / 우리 민족 힘 합치면 세계 최고 국가' / 북 관리원/남 안내원 통일 커플 `밀애설'”우리 민족이 서로 힘을 합치면 세계 최고의 국가를 건설할 수 있을 것입니다.”
공동 취재단의 취재 제한으로 장막에 가려져 있던 남북 정상회담에 대한 북한 주민들의 반응이 14일 동해항으로 돌아온 금강산 관광객들을 통해 조금씩 드러나고 있다.
특히 현대 직원들과 관광객들은 북한 동포들이 정상 간의 첫 만남 뒤 한껏 동포애와 친근함를 드러냈으며, 부강한 통일 국가에 대한 기대감을 나타내는 등 예전과는 크게 다른 모습을 보였다고 전했다.
이날 오전 7시 동해항에 도착한 현대 금강호 직원들과 관광객들은 “장전항이나 온정리 등의 겉 모습은 비교적 차분했지만, 북한 관리원들은 정상회담에 큰 관심과 기대를 보였다”고 전했다.
현대 직원들은 “남북한 사람들이 금강산 관광이 시작된 이래 그 어느 때보다 서로 화기애애했다”고 말했다.
지난 13일 오전 일찍 산에 오른 관광객들은 정상 간의 만남을 지켜 보지 못하았지만, 오후 들어 현대 직원과 금강호 사이의 무전 연락을 통해 김정일 위원장의 공항 영접 등의 소식이 전해졌다.
잇어 “평양의 소식은 곧 산에 퍼졌으며, 이후 정상회담을 주제로 관광객 등 남한 사람들과 북한의 관리원 사이에 얘기꽃을 피웠다”고 관광객들은 전했다.
이재용(37.인천 서구 심곡동)씨는 “한 환경 관리원에게 김대중 대통령의 평양 도착을 알려 주자 '대대적으로 환영할 것이라는 얘기는 들었다'며 '이번에 두 분이 무슨 얘기를 한 것 같은가.
이산가족과 경제 협력 문제가 나오겠느냐'라고 되물어 한동안 얘기를 나눴다”고 전했다.
홍성표(47.대전시 대덕구 오정동)씨는 “점심 전 만물상쯤에 도착했을 때 20대 초반의 북한 남자 환경 관리원이 '김 대통령이 잘 도착했다'고 알려 줬다”며 “관리원은 다시 '보증 보험이 뭐 하는 데냐'라고 묻는 등 남한 사회의 직업이나 결혼관에 관심을 보여 허물없이 말을 주고 받았다”고 설명했다.
홍씨는 “헤어질 때 팩 소주 하나를 선물로 주자 환경 관리원은 '성의를 외면하지 못하겠다'며 받은 뒤 '자주 놀러오시고 통일이 되면 부인의 음식 솜씨 좀 보고 싶다'고 말했다”고 말했다.
백명숙(48.여.서울 관악구 신림동)씨는 “산에서 만난 북한 관리원이 '조선 아이들에게 김 대통령의 인기가 상당한데, 아이들이 김 대통령을 '통일 할아버지'라고 부르기도 한다'며 '세계적으로 우수한 우리 민족이 서로 힘을 합치면 세계 최고의 국가를 건설할 수 있다'고 말했다”고 전했다.
김양숙(42.여.서울 서초구 방배동)씨는 “관리원들이 관광객들의 사진을 찍어 주고 약수도 먼저 떠 줬다”며 “그들이 '최근 환경 관리원과 남쪽의 안내원 사이에 통일되면 꼭 결혼하자는 쌍이 생겼다'는 말도 귀띔해 줬다”고 말했다.
경제 부처.재계 반응 / '상생의 경제 협력 가속도 붙는다' 14일 남북 정상이 합의서에 서명하자 경제 부처와 경제 단체, 기업들은 예상 밖의 빠른 진전에 놀라움을 표시하면서 남북 경협에 가속도가 붙으리라는 기대감을 나타냈다.
재계에서는 이와 함께 투자 보장 협정 등 법적.제도적 장치의 마련이 시급하며 북한 쪽에 일방적인 도움을 주기보다는 남북 간에 서로 도움이 되는 방향의 경협이 이루어져야 한다는 의견이 많았다.산업 자원부 관계자는 “장시간 정상회담 끝에 합의서까지 나온, 생각보다 빠른 진척에 김정일 국방위원장이 공항에 영접 나온 것 이상으로 놀랬으며 이번 정상회담이 남북 간에 실질적인 협력의 계기가 될 수 있을 것 같다”며 “산자부 차원에서는 식량과 함께 남북 간에 우선 협력할 수 있는 분야로 거론되는 에너지 부문에서 기여할 수 있기를 바란다”고 말했다.
건설 교통부 관계자도 “예상보다 진척 속도가 빠른 것 같다”고 평가하고 “남북한 경제 협력의 핵심 문젠 사회 간접 자본(SOC) 협력에 대해서는 이미 만반의 준비가 돼 있다”며 실무 협상에 대해서도 강한 자신감을 나타냈다.
전경련 관계자는 “남북 경제 발전에 큰 도움이 될 것으로 생각하며 경제 부문에서 더욱 활발한 남북 교류가 시작되기를 기대한다”며 “남북한 정부는 투자 보장 협정 등 법적.제도적 부분도 잘 정비해 남북 기업들이 활발한 교류 협력을 가질 수 있는 장을 계속 만들어 주기를 바란다”고 말했다.
염동철 무역협회 무역 지원 실장은 “이번 합의서를 계기로 전반적인 화해 분위기 속에서 위탁 가공 등 여러 분야에서 남북 경협이 엄청나게 활발히 진행될 것으로 예상된다”며 “후속 협상을 통해 투자 보장 협정 등이 빨리 이루어져야 할 것”이라고 주문했다.
그동안 사실상 대북 사업을 주도해 온 현대그룹 관계자는 “그동안 현대의 대북 사업이 계획보다 더디게 진행되는 부분도 있었는데 이번 정상회담을 계기로 대북 사업이 가속화되기를 기대한다”며 “이번 합의서를 계기로 금강산 개발과 서해안 공단 입지 선정 등 현안 문제가 하루빨리 해결되고 남과 북에 모두 이익이 되는 경협이 이루어지기를 기대한다”고 말했다.
전자 복합 단지 건설을 희망하고 있는 삼성 그룹 관계자는 “첫 번째 만남에서 합의서까지 나왔으니 남북 경협의 속도도 빨라지고 협력 분야도 확대될 것으로 보인다”며 “삼성이 추진하고 있는 전자, 의류 임가공, 소프트웨어 개발 등 분야에서 예상 외로 빨리 좋은 결과가 나올 수도 있을 것 같다”고 기대감을 나타냈다.
에스케이그룹 관계자는 “남북 경협도 일방적 투자가 아니라, 예를 들어 남한은 북한의 수출을 도와주고 한국 기업도 득이 되는, 서로 도움이 되는 쪽으로 이루어져야 한다”고 주문했다.
정상NNG회담뒤 불확실장 / 길목 지킬까, 정면 승부할까 남북 정상회담 이후 전개될 불확실한 장세에 대응하기 위해 어떤 투자 전략을 구사해야 할 것인가?동원경제연구소는 14일 투자 전략 보고서에서 정상회담 이후 주식 시장은 정치적 현안보다 경제 논리에 좌우될 것으로 분석하고 이에 따른 주도 주를 찾아내는 방법을 중심으로 네 가지 형태의 전략을 정리해 제시했다.
<> 추격 매수 이미 확인된 주도 주나 테마 주들을 추격 매수하는 전략이다.
이는 현재 추세가 대세 상승은 아니라 하더라도 최소한 하락 추세를 탈피하고 있다는 사실에 근거한다.
최근 시장의 흐름이 주도 주를 분명히 만들어 내며 결집력 높은 장세를 보여 주고 있다는 점에서 설득력을 가진다.
<> 길목 지키기 주도 주로 떠오를 가능성이 높은 후보들을 예상하고 이들을 미리 매수하는 전략이다.
이 방법을 구사할 경우는 철저하게 저가주나 장기 소외 주에 관심을 둬야 한다.
지난달 급락세를 보였던 주식 시장이 반전하게 된 계기는 무엇보다도 저가 메리트였고, 이후 테마의 흐름도 장기 소외 주 중심으로 형성됐기 때문이다.
테마의 흐름이 저주가 수익률(PER), 청산 가치 미달 주를 중심으로 간헐적으로 나타나고 있는 상황이므로 이런 관점에서 저가 주에 주목해야 한다.
<> 성장.가치 주 동시 추구 앞으로 주도 주를 예상하는 과정에서 성장 주와 가치 주를 동시에 추구하는 전략이다.
앞으로 장세 흐름이 가치 주와 성장 주 어느 쪽으로 펼쳐질지 확신하지 못하는 사람은 이런 전략을 가져가는 것이 좋다.
시장의 테마 흐름이 변화무쌍한 만큼 무리한 수익률을 추구하지 않는 것이 바람직하다는 판단에 근거하고 있다.
<> 성장.가치 주 중 선택 성장 주와 가치 주 가운데 하나를 선택해 승부를 거는 방법이다.
정보 통신 주의 기관 편입 비중이 높기 때문에 이들의 하반기 상승률이 높지 않을 것이라고 판단이 선다면 가치 주에 승부를 걸어야 한다.
반대로 첨단 주들이 주로 하반기에 강세를 보여 왔고, IMT/2000 사업이 추진되고 있다는 점에서는 성장 주를 선택하는 것이 바람직하다.
동원경제연구소는 전통 산업 주를 선택해 길목을 지키는 두 번째와 네 번째 전략을 병행할 것을 추천했다.
정상회담 이후 경제 현안이 다시 금융권 2차 구조 조정과 공기업 민영화, 재벌 지배 구조 개선 등에 맞춰질 것이며, 이와 관련된 구경제권의 가치 주들이 테마를 형성할 가능성이 높다는 판단이다.
김 위원장,TV 통해 세계 읽나 남쪽 사정에 비교적 밝아 / CNN 등 10여 개 채널 설치 김정일 국방위원장은 14일 오후 3시 백화원 영빈관에서 열린 2차 정상회담에서 “13일 남쪽 테레비를 오래도록 봤다”고 밝혀, 김 위원장이 외국 텔레비전을 어느 정도 시청하는지가 관심을 끌고 있다.
김 위원장은 정상회담 서두에 남쪽 텔레비전을 보니 “남쪽 인민들도 다 환영하고 특히 실향민, 탈북자들은 눈물을 흘리더라”고 말했다.
김 위원장은 13일 영빈관에서 열린 1차 정상회담 때도 “오늘 아침 (순안) 비행장에 나가기 전 텔레비전을 봤습니다.
공항을 떠나시는 것을 보고 비행장으로 나갔습니다”고 말했다.
그는 또 박지원 문화 관광부 장관과 박재규 통일부 장관에게 “텔레비전에서 많이 봐서 잘 알고 있다”고 말하며 자연스럽ㄴ 분위기를 연출하기도 했다.
이에 따라 김 위원장이 남쪽 위성 텔레비전 등을 보며 남쪽 사정을 파악하고 있는 것으로 짐작된다.
상당 수의 북한 전문가들은 김 위원장이 남한뿐 아니라 세계의 유력 텔레비전과 신문 등을 탐독하고 있으며, 이를 통해 남한 사회에 대해 정확하게 인식하고 있다고 분석하고 있다.
자신의 집에 24시간 뉴스 전문 케이블 채널인 미국의 (CNN)은 물론이고 남한의 (한국방송공사) (문화방송) 등 10여 개의 채널을 설치해 놓고 있다는 것이다.
일부 전문가들은 김 위원장의 이런 외국 방송 시청이 그가 국제 감각과 실용성을 갖추는 데 도움을 줄 것으로 파악하고 있다.
일설에는 김 위원장이 김일성 주석 사망 직훈 94년 8월 (CNN)이 평양 현지 방송을 통해 김 주석 사후 북한의 분위기를 세계에 타전하도록 결정했다는 이야기도 전해 온다.
보수 논객들 시각 남과 북의 정상이 뜨겁게 두 손을 맞잡았다.
한반도를 지배했던 두꺼운 냉전의 얼음장에도 금이 가는 소리가 난다.기대를 넘어선 북한 쪽의 파격적인 영접과 그에 따라 남한 시민 사회에 밀려들ㄴ 통일의 기대와 감격의 물결은 일단 반공.우익 인사들조차 비켜 가지 않고 흔들어 놓은 듯하다.
남북의 역사적 만남을 여전한 의혹의 눈초리로 노려보면서도 민족 화합의 분위기에 당황해하는 모습도 엿보인다.
하지만 여전히 “궁지에 몰린 북한이 마지못해 펼친 거대한 한 편의 '쇼'에 놀아나는 꼴”이라는 첨언을 잊지 않는 이들도 있다.
지난 김영삼 정권 때 북한의 핵 문제와 관련해 '김영삼 정권은 북한과 전쟁을 각오할 수 있느냐'는 질문을 제기했던 조갑제(55) (월간조선) 편집장은 “13일 하루 만남만으로는 판단하기 어렵지만, 상식적으로 보면 모양이 좋았다”고 긍정 평가했다.
그는 김정일 위원장이 직접 공항으로 영접을 나온 파격에 대해 “애초 우려를 불식시키는 데 도움이 됐다”고 말했다.
해방 공간의 대표적인 '반공 검사' 출신 오제도(83) 변호사는 “김정일 국방위원장이 김대중 대통령을 맞고 60만 평양 동포가 환영하는 장면을 보고 나도 감개무량했다”고 말했다.
그러나 일부 보수 인사들은 여전히 남북 정상회담에 대한 불쾌감과 함께 북한에 대한 극도의 적대감을 드러냈다.
자유민주민족회의 이철승(78) 대표는 “이번 남북 정상회담은 남쪽에 반공 체제를 무너뜨리는 결과를 낳게 될 것”이라며 “요 며칠 우리 방송은 평양방송인지 남한 방송인지 분간이 안 간다”고 불만을 털어놓았다.
보수 우익 월간진 (한국논단) 이도형(67) 발행인은 아예 “남북 정상회담이라는 말을 쓰기조차 불쾌하다”고 말했다.
그는 '55년 만의 두 체제 정상의 만남'이라는 의미 부여에 대해서도 “55년이 아니라 100년, 200년이 지나도 상관없다”며 단호히 부정했다.
프레스 센터 연이은 박수 세례 남북 정상회담을 취재하는 서울 프레스 센터에는 14일 오후 들어 성격이 다른 박수 소리가 터져 나 와 눈길을 끌었다.첫 박수는 오후 1시께 터졌다.
미국 프로야구 엘에이 다저스 소속 박찬호(27) 선수가 애리조나 다이아몬드백스와의 경기에서 올 시즌 첫 완투승을 거두는 장면이 방영되자 내외신 기자들이 박수를 친 것이다.
두 번째 박수는 오후 3시를 넘기면서 터져 나 왔다.
김정일 위원장이 “김 대통령이 오셔서 내가 은둔 생활에서 해방됐다더라”는 말을 하자 프레스 센터 기자들이 일제히 박수와 함께 폭소를 터뜨린 것이다.
남북정상회담 6.14 합의/이산가족 # 이산가족 /비전향 장기수 송환 길 터어 남북 정상들이 14일 단독 정상회담에서 이산가족 고향 방문단 교환과 비전향 장기수 송환에 합의함로써 이산가족 문제 해결의 새롭ㄴ 돌파구가 마련됐다.
두 정상은 일차적으로 8월 15일 무렵 이산가족의 시범적 고향 방문에 합의했다.
이에 따라 85년 남북 50명씩의 이산가족이 고향을 방문한 이래 수차례 좌절됐던 이산가족 고향 상호 방문이 가능하게 됐다.
또 이인모씨의 송환 이래 북쪽이 끊임없이 요구해 온 비전향 장기수들의 송환도 실현되게 됐다.
북쪽은 최근 8월 15일 이전까지 비전향 장기수의 무조건적 송환을 주장해 왔다.
비전향 장기수 송환 추진위가 집계한 통계에 따르면 현재 남쪽에는 88명의 비전향 장기수가 생존해 있으며, 이 가운데 55명이 북한으로의 송환을 희망하고 있다.
두 정상은 또 추가적인 인도적인 문제를 조속히 풀어 나가기로 합의함로써 이산가족 문제를 논의하기 위한 적십자 회담이 조만간 재개될 전망이다.
적십자 회담에서는 고향 방문단의 규모와 시기 등을 논의하고 이산가족 문제의 정례적인 틀을 짜게 될 것으로 보인다.
이에 따라 85년 12월 서울에서 개최된 10차 적십자 본회담 이래 중단됐던 적십자 회담이 부활되고 이러한 기본 틀을 합의했던 남북기본합의서와 교류 협력에 관한 부속 합의서의 이산가족 조항이 되살려질 계기가 마련됐다는 평가를 받을 만하다.
김정일 국방위원장은 이날 정상회담에 앞선 환담에서 국내 언론의 이산가족 문제 보도를 언급하면서 이들의 염원에 대한 이해를 표시해 이산가족 문제에 진전을 예고했었다.
그러나 합의 결과에서 보여지듯 이산가족 문제는 소망스럽지만 부담스럽ㄴ 의제였던 것임에는 분명하다.
정부는 이산가족 문제 해결을 위해 문제 해결의 첫 단곈 생사 확인의 틀만이라도 마련되기를 희망했지만 후속 회담에서 이 문제를 계속 논의해야 하는 부담을 안게 됐다.
정상회담에 임하면서 정부는 지난해 베이징 차관급 회담 당시 제안에서 크게 벗어나지 않는다.
구체적으로는 월 100명씩 이산가족 상봉 월 1회 쌍방 300명씩 생사 및 주소 확인을 위한 명단 교환 월 2회 우편물 교환 판문점 상봉 면회소 설치 쌍방 100명씩 고령 이산가족의 서울.평양 방문단 순차 교환 등이다.
앞으로 정부는 소규모의 고향 방문단이더라도 이를 정례화함로써 반 세기 묵은 이산가족들의 비원을 해결할 수 있도록 해야 한다.
또 남과 북은 추가적인 적십자 회담을 통해 서로 만족할 만한 '폭넓고 통 큰' 해결책을 모색해야 할 것이다.
# 이산가족 현황/2.3 세대 포함 남쪽만 760 만 명 이산가족들은 지금 시간과 '전쟁'을 벌이고 있다.",107,9930
iks_doc_2000_hankyoreh_002,Hankyoreh 2000 annotated text file unicode.txt,Hankyoreh,한겨레,2000,2000_june_summit,이산 1 세대들이 너무 늙어 앞으로 몇 년만 지나도 상봉이,,"사실상 무의미해질 수 있기 때문이다.
통일부는 현재 이산가족이 1 세대가 123 만 명, 2.3 세대를 포함할 경우 767 만 명에 이르는 것으로 추정한다.
이 가운데 70살 이상의 고령 이산가족은 25 만 명 정도다.
이들 70살 이상 이산가족이 상봉의 최우선 대상인 셈이다.
정부는 그동안 이산가족 문제 해결을 위해 나름대로 노력해 왔다.
그러나 공식적으로 상봉이 성사된 것은 85년 '남북 이산가족 고향 방문 및 예술 공연단' 교환이 유일하다.
이와 달리 1988년 7.7 선언 이후에는 비공식적으로 이산가족 찾기가 이루어져, 올 3월까지 생사 확인 2004건, 서신 교환 5434건, 제3국 상봉 496건이 성사됐다.
그러나 생사 확인에 평균 2000달러, 서신 교환에 3000달러, 상봉에 5700달러의 비용을 감수해야 하는 데다, 중개인의 횡포와 사기에 시달리는 경우도 적지 않은 것으로 알려졌다.
우리 정부가 정확한 이산가족 실태를 파악하지 못하고 있는 것은 다른 차원의 문제다.
정부가 제시한 767 만 명이란 숫자는 1970년까지 이루어진 전 국민 호적 정비 과정에서 북한을 가호적으로 신고한 546 만 3 천 명에다 1971~1996년의 인구 증가율 40.34%를 감안한 추정 수칠 뿐이다.
아직 전수(전체 인구)조사를 통한 이산가족 실태 파악은 이루어지지 못하았다.
이산가족 관련 자료의 체계적인 관리와 영구 보존을 위해 98년 출범한 통일부 '이산가족정보톰합센터'가 확보한 자료는 겨우 14만 6161명(2000년 1월 현재)에 불과하다.
# 이산가족 상봉사 “아버지.”
“아, 금단아.”
“어머니와 동생들은 다 잘 있어요.”
“그래 나도 서울에서 잘 살고 있다.”
1964년 일본 도쿄에서 북한 육상 선수 신금단(당시 26살)씨가 아버지 신문준(당시 49살.83년 사망)씨를 만난 것은 남북으로 갈라진 혈육간 상봉의 가장 상징적인 사건으로 기록된다.
도쿄 올림픽을 하루 앞둔 그 해 10월 9일 신 선수는 서울에서 달려 온 아버지와 23년 만에 극적으로 만났다.
71년 2월 일본 삿포로 겨울 올림픽 때는 더욱 안타까운 장면도 있었다.
이 대회에 북한 스피드스케이팅 대표 선수로 출전한 한필화씨는 1.4후퇴 때 단신 월남했던 오빠 필성(당시 38살)씨와 일본 (아사히 신문)의 주선으로 국제 통화를 했다.
“여보세요, 나 한필성입니다.”
“오빠 오빠 나야 나, 필화야.”
대한해협을 사이에 두고 두 남매는 흐느꼈지만, 서로의 눈물을 닦아 줄 기회를 갖지 못하았다.
필성씨는 그 길로 도쿄로 달려갔지만, 만남의 형식을 놓고 남북한 당국의 의견이 엇갈리는 바람에 속절없이 되돌아와야 했던 것이다.
남북한은 70년대 들어 적십자 회담을 통해 이산가족 교류에 한 발짝 다가서려 노력했다.
그러나 금방 상봉에 도달하는 듯하다가도 정치적 대치 상태가 걸림돌이 돼 별다른 성과를 보지 못하았다.
남북한의 첫 공식적인 이산가족 교류는 분단 뒤 40년을 기다리고 나서야 성사됐다.
84년 여름 북한의 수재 물자 지원을 남한 정부가 받아들임로써 일시적인 해빙 분위기가 조성된 결과물이었다.
50명씩으로 제한된 수였지만, 이들은 서울과 평양에서 반 세기 가까이 헤어져 있던 가족들을 만났다.
당시 천주교 원주 교구 지학순(93년 사망) 주교가 짧은 해후를 아쉬워하며 예순이 넘은 누이동생을 껴안은 사진은 온 국민에게 이산의 아픔을 생생하게 아로새겼다.
이 교류가 처음이자 마지막인 남북한 사이의 공식적인 이산가족 만남이었다.
정기적으로 이산가족 교류를 갖자던 남북 당국의 약속은 그 뒤 번번이 깨져 결실을 맺지 못하았다.
그러나 남북한의 이념 대결도 혈육 상봉의 비원을 완전히 가로막지는 못하았다.
80년대 중반 이후 세계적인 냉전 종식 분위기를 타고 각종 국제 회의나 체육 행사를 통해 이산가족의 만남은 많이 자유롭아졌다.
90년 3월 겨울철 아시아 대회가 열린 일본 삿포로에서 한필성.필화 남매는 19년 만에 감격적으로 만났다.
그해 10월에는 축구 국가 대표 팀을 이끌고 평양을 방문한 이회택 감독이 아버지 이용진씨를 상봉했다.
남북 고위급 회담을 통한 이산가족들의 만남도 이루어졌다.
90년 10월엔 남한 대표로 평양을 방문한 강영훈 총리 등이 북쪽의 주선으로 누이동생 등 가족들을 만났다.
국내의 이산가족 상봉이 지지부진하는 동안 해외 동포들의 북한 방문과 친지 상봉은 비공개로 활발하게 이루어졌다.
80년대 이후 미국에 '이산가족찾기후원회' '귀향회' 등 몇몇 단체들이 생겨나, 재외 동포들과 북한 내 친지들 간의 서신 교류 및 상봉을 주선했다.
90년 남북교류협력법이 제정.공포되고 중국과의 교류가 활발해지면서 중국을 통한 이산가족 상봉이 눈에 띄게 늘어났다.
이산가족 상봉 문제는 98년 김대중 정부가 들어서면서 새 국면을 맞았다.
98년 4월과 99년 6, 7월 중국 베이징에서 열린 남북 당국 간 회담을 통해 우리 정부는 생사.주소 확인/>서신 거래/>상봉/>재결합의 단계적 해결 방안을 제시했다.
이런 노력은 새롭ㄴ 세기가 시작된 2000년 6월 남북 정상회담을 통해 마침내 결실을 맺었다.
이제 '1 천만 이산가족들'은 뜬눈으로 밤을 새우며 상봉을 구체화해 가는 남북의 노력을 지켜 볼 것이다.
<이산가족 남북 관계 일지> 48년 4월: 남북 연석 회의 51~53년: 정전 협상 71년 8월: 이산가족 재회를 위한 남북 적십자 회담 72년 7월: 7.4남북공동성명 72년 8월: 남북 적십자 1차 본회담에서 5개 항(주소 및 생사 확인, 방문, 상봉, 서신 거래, 재결합) 논의.
72~73년: 남북 적십자 본회담 평양.서울 교환 개최 78년 5월: 남북 체육 회담 84년 9월: 북, 남한 수해 돕기 85년 9월: 이산가족, 예술 공연단 서울.평양 방문 및 가족 상봉 90~92년: 남북 고위급 회담 91년 12 월: 남북기본합의서 채택(이산가족 서신 거래, 왕래, 상봉, 방문, 재결합 실현 명시) 94년 6월: 남북 정상회담 예비 접촉 94년 7월: 김일성 주석 사망으로 정상회담 무산 95년 6월: 남, 북에 쌀 15 만t 무상 제공 97~98년: 4자 회담 본회담(평화 체제, 긴장 완화 토의) 98년 4월: 베이징 차관급 회담 98년 11 월: 금강산 관광 시작 99년 1월: 김대중 대통령, 한반도 냉전 구조 해체를 위한 포괄적 방안 제시 99년 4월: 베이징 당국자 회담 99년 6월: 베이징 차관급 회담(6.3합의, 이산가족 문제 우선 협의) 2000년 4월: 남북 정상회담 개최 합의 2000년 6월: 6월 평양 남북 정상회담 일 '대북 경협 요청 가능성' 남한의 북한 투자 자금력 한계로 물밑 준비 일본이 대북 관계에서 지닐 수 있는 최대 무기는 돈이다.
한.미.일 대북 공조 체제가 지향하는 북한 소프트 랜딩 및 대외 개방 구상의 중심축 가운데 하나가 대북 경협이고, 그 핵심에 50억~100 억 달러로 추산되는 일본의 과거사 청산 관련 배상금이 자리잡고 있다.
이와 별도로 미쓰비시 등의 일본 기업들이 한국의 현대 등의 대기업들과 비공식적으로 대북 및 시베리아 자원 개발 합작 사업 문제 등을 논의하고 있는 것으로 전해진다.
일본 정부도 남북 정상회담을 계기로 남쪽의 대북 경협이 본격화할 경우 일본에 대한 경제 협력 요구도 높아질 것으로 보고 비공식 차원에서 대응책을 강구하고 있는 것으로 알려졌다.
14일 (도쿄 신문)에 따르면 일본 정부 내에서는 대금 선불 형식의 대북 경제 지원책이 비공식적으로 검토되고 있으며 무상 자금 협력 방안도 구상하고 있다.
일본 경제 단첸 일한경제협회 후지무라 마사야 회장도 이날 남북 관계가 개선될 경우 북한과의 경제 교류에 동참하겠다는 뜻을 밝혔다.
현재까지 일본 정부는 “국교 정상화가 되지 않은 단계에서는 북한에 대한 지원책을 검토하지 않는다”는 기본 자세를 지키고 있다.
경제 지원은 북/일 국교 정상화 교섭과 관련해 북한의 핵.미사일 문제와 일본인 납치 의혹 문제 등 일본 국내 정치적으로 큰 비중을 차지하는 사안에서 북한으로부터 일정한 양보를 끌어낼 수 있는 최대 카드기 때문이다.
그러나 최근 남북 정상회담 개최 합의 뒤 현대 등 한국 기업 관계자들의 일본 출입이 빈번해지면서 대북 한 일 합작 사업 추진에 관한 추측들과 한국 정부가 이를 중개 또는 보증할 것이라는 관측들이 나오고 있다.
남북 정상 만남 시청률 34.5% 평소 20.4% 크게 웃돌아, 인터넷 생중계 접속 폭주 평균 시청률 34.5%.(방송 3사) 남북 두 정상의 만남은 과연 온 겨레 최대의 관심사였다.
남북의 두 정상이 평양 순안공항에서 악수를 한 뒤 평양 시민들의 환호를 받으며 백화원 영빈관으로 가는 모습이 생중계된 13일 오전 10시 20분부터 11시 20분까지 한 시간 동안 시청률 조사기관인 티엔에스미디어코리아가 조사한 전국 평균 시청률이다.
이는 평소 같은 시간대의 평균 시청률이 20.4%이었던 것과 크게 비교된다.
13일이 평일이었던 점을 감안하면 그 시간 텔레비전을 옆에 두고 있던 사람이라면 빠짐없이 텔레비전 생중계에 눈과 귀를 모은 것으로 풀이된다.
에이시닐슨의 조사에선 13일 하루 남북 정상회담 관련 방송 평균 시청률은 24.9%, 점유율(전체 시청 가구 중 남북 정상회담 시청 가구의 비율)은 72%, 오전 시간대 평균 시청률은 25%로 집계됐다.
방송사별로 살펴볼 때 이날 오전(10시 20분~11시 20분) 생중계는 (한국방송공사)가 11.1%로, 각각 8.7%와 3.1%를 기록한 (문화방송)과 (에스비에스)보다 높은 시청률을 기록했다.
반면 저녁 종합 뉴스에서는 문화방송의 (뉴스데스크)가 28.7%를 기록해 방송공사의 (뉴스9)(17.2%)와 에스비에스 (8뉴스)(13.9%)에 압도적인 우위를 보여 눈길을 끌었다.
온 국민의 뜨겁ㄴ 관심을 보여 주는 현상은 인터넷 공간에서도 나타났다.
남북정상회담을 인터넷으로 생중계한 한국방송공사의 홈페이지에는 이날 오전 시청자들의 접속이 폭주해 서버가 제대로 작동하지 않는 사태도 발생했다.
문화방송과 에스비에스 홈페이지도 마찬가지였다.
인터넷엠비시의 조강준 팀장은 “이날 오전 8시부터 접속자가 늘기 시작해 두 정상이 순안공항에서 시민들의 환영을 받고 있는 시간인 오전 11시께는 평소의 3.5배 이상의 네티즌이 몰려들었다”고 말했다.
이는 텔레비전 생중계를 볼 수 없는 해외 시청자들과, 그 시간에 업무를 보고 있던 직장인들이 주로 인터넷에 몰려들었기 때문인 것으로 해석된다고 방송 3사 관계자는 밝혔다.
남북정상회담 6.14 합의/2차 회담 이모저모 55년 간 꼬였던 매듭을 푸는 데는 오랜 시간이 필요했다.
김대중 대통령과 김정일 국방위원장은 14일 예상을 깨고 수시간여에 걸친 마라톤 단독 정상회담을 했다.
두 사람은 회담이 길어지자 40분 가량 휴식을 취한 뒤 다시 대화를 이어 가는 '인내심'도 발휘했다.
이날 회담은 전날처럼 김 국방위원장이 김 대통령의 숙손 백화원 영빈관을 찾는 형식으로 진행됐으며, 내내 가볍ㄴ 농담과 웃음이 오가는 화기애애한 분위기가 이어졌다.
김 국방위원장은 이날 남쪽이 민감하게 생각하는 의젠 이산가족 상봉 문제에 먼저 깊은 관심을 표명하는 등 회담이 결실을 맺는 데 '적극적인' 자세를 보였다.
<>.김 대통령을 수행한 박준영 청와대 공보 수석 비서관은 이날 저녁 6시 20분 평양 프레스 센터에서 긴급하게 기자 회견을 열고 두 정상이 현안에 대해 의견 접근을 이뤘다는 '낭보'를 전했다.
박 수석은 “김 위원장이 적극적이고 긍정적인 자세로 회담에 임하고 합리적으로 문제에 접근.토의해서 해결하는 자세를 보여 줘 허심탄회한 의견 교환이 진행됐다”며 “모든 분야에서 서로 공감대를 형성할 수 있었다”고 밝혔다.
수행한 박선숙 청와대 부대변인도 “두 정상이 오후 3시부터 5시 20분까지 정상회담을 한 뒤 휴식을 취하고 오후 6시부터 다시 회담을 속개했다”고 발표했다.
<>.이날 백화원 영빈관은 회담 시간인 오후 3시가 다가오면서 분주한 움직임이 시작됐다.
오후 2시 45분께부터 남쪽 배석잔 황원탁 외교 안보 수석과 이기호 경제 수석 등이 속속 김 대통령이 쉬고 있는 방으로 들어갔다.
양쪽 경호 팀도 바쁘게 움직였다.
북쪽은 회담을 취재하러 온 기자들을 상대로 철저한 검색을 벌였다.
잇어 50분께는 남북 양쪽의 기자들이 두 정상이 만나는 '차현관 출입문'에 배치를 완료했다.
김 대통령은 2시 56분께 우리 쪽 공식 수행원들의 안내를 받으며 김 위원장이 들어설 현관으로 나갔으며, 김 위원장을 기다리는 1분여 동안 임동원 특별 보좌역으로부터 간단한 보고를 받기도 했다.
임 특보는 14일 오후 백화원 영빈관 내 2차 정상회담장으로 향하는 김 대통령의 바로 왼쪽에 서서 걸으며 뭔가를 귀엣말로 계속 이야기해 궁금증을 자아냈다.
김 대통령은 깊은 생각에 빠진 진지한 표정으로 임 특보의 이야기를 듣다 간간이 고개를 끄덕이기도 했다.
<>.오후 2시 57분께 닫혀 있던 현관문이 열리며 김 국방위원장이 들어섰고, 김용순 아태평화위원장이 뒤를 따랐다.
인민복 차림의 김 국방위원장은 들어서자마자 우렁찬 목소리로 “편히 주무셨습니까”라고 인사를 건넸다.
이날도 모든 행동이나 표정이 전날 첫 만남 때처럼 거침이 없었다.
김 대통령은 “잘 잤습니다”라고 화답했다.
김 국방위원장은 전날 입었던 특유의 점퍼 대신 인민복 차림으로 모습을 드러내 눈길을 끌었다.
지난 5월 중국 방문에서 장쩌민 주석을 만날 때 입었던 것과 같은 차림이다.
안경도 엷은 색이 들어간 선글라스 대신 투명한 유리의 금테 안경을 쓰고 나와 훨씬 '공식적'인 인상을 풍겼다.
두 사람은 잠시 사진 기자들을 위해 포즈를 취해 준 뒤 복도를 따라 20여m를 걷어 가며 대화를 나눴다.
<>.회담이 시작되자 김 국방위원장은 다시 큰 목소리로 “오늘 일정이 아침부터 긴장되지 않았습니까”라며 안부 인사를 건넸고, 김 대통령은 차분한 목소리로 인사를 받았다.
김 대통령이 이날 점심 때 먹은 옥류관 냉면이 잠시 화제에 올랐고, 김 국방위원장은 평양 시민들의 열렬한 환영 분위기도 전했다.
김 국방위원장은 남쪽의 텔레비전 방송을 얘기하며 “남쪽 인민들도 다 환영하더라”고 반가움을 표시한 뒤 흥분된 목소리로 말을 이어 갔다.
<>.김 국방위원장은 회담 도중 이산가족 문제에 대해 먼저 말을 꺼냈다.
그는 “어젯밤에 늦게까지 엠비시를 보고 남쪽 텔레비전을 오랫동안 봤습니다만, 특히 실향민이라든가 탈북자라든가 많이 소개해 주면서 다들 잘 (고향에) 갈 수 있지 않겠는가, 그 길이 빨리빨리 오지 않겠는가 하십디다”라고 말했다.
'평양온반 한 번 먹어 보자' / 북한 음식 회담 특수 톡톡 평양 남북정상회담이 열리고 있는 14일 서울 시내 북한 음식점들은 전날에 잇어 이날도 평소보다 훨씬 많은 손님들이 찾아와 '평양 회담 특수'를 누렸다.덥ㄴ 날씨 탓인지 이날도 평양냉면이 많이 팔렸고, 특히 김대중 대통령이 전날 평양에서 첫 점심 식사로 맛있게 먹었다는 '평양온반'을 찾는 손님도 많았다.
서울 강남구 도곡동의 모란각에서는 닭 국물 육수에 닭고기와 밥을 얹은 전통 평양 음식인 온반을 주문하는 사람이 몰렸다.
주인 김은하(41.여)씨는 “평소보다 30% 정도 손님이 늘어났다”며 “특히 '대통령이 들었으니, 우리도 한 번 먹어 보자'라며 온반을 찾는 손님이 많았다”고 말했다.
그는 “날씨가 더워 평소에 온반을 찾는 손님이 10명 안팎이었으나 오늘은 40명이 넘었다”고 귀띔했다.
북한 음식 전문점인 강남구 역삼동 옥류관에도 점심 시간 전인 오전 11시 30분부터 평양냉면과 평양온반을 찾는 손님으로 붐벼 1~2층 자리가 동이 났다.
종업원 권영희(30.여)씨는 “평소 점심 손님이 300명 정도였는데 오늘은 500명이 넘었다”며 “어제 방송을 보고 일부러 온반을 먹기 위해 차를 타고 온 실향민들도 있었다”고 말했다.
그는 “온반의 경우 날씨가 덥고 평소 많이 찾지 않아 미리 준비해 두지 못한 탓에 공급에 어려움을 겪었다”고 덧붙였다.
손님 이유선(49.주부)씨는 “평소에도 북한 음식을 즐겨 먹었지만 오늘은 특히 평양 정상회담이 성공적으로 성사되기를 기원하기 위해 친구들과 북한 음식점을 찾았다”고 말했다.
남북정상회담/김 대통령/김 위원장 대화록 '서방선 제가 은둔 생활한다는데 김 대통령 오셔서 해방됐다더라'김대중 대통령은 14일 백화원 영빈관에서 김정일 국방위원장과 제2차 정상회담을 했다.
두 정상이 회담을 시작하며 나눈 대화들이다.
김정일 잠자리는 편하지 않지 않습니까?
김대중 잘 자고, 평양에서 꼭 가 봤으면 했던 옥류관에 가서 냉면도 먹고 왔습니다.
김정일 아침 회담이 너무 늦게 끝나니까..
급하게 자시면 국수가 맛이 없습니다.
앞으로 시간 여유 많이 가지시고 천천히 잘 많이 드시기 바랍니다.
평양 시민들 지금 대단히 흥분 상태에 있습니다.
김 대통령께서 직접 방문해 주셨는데, 용단을 내리셔서 오신 것에 대해 온 인민이 뜨겁게 마중하고 했는데 그래도 인사 치레가 제대로 됐는지 걱정도 하고 있습니다.
김대중 위원장께서 직접 공항에 나오시고 수십만 시민이 나오고 그래서 저도 아주 감사하기 짝이 없습니다.
남쪽에서도 보고 다들 놀라고 있습니다.
김정일 어젯밤에 늦게까지 저도 엠비시도 보고 남쪽 텔레비전을 오랫동안 봤습니다만, 남쪽 인민들도 다 환영의 분위기고, 특히 실향민이라든가 탈북자라든가 많이 소개해 주면서 다들 잘 (고향에) 갈 수 있지 않겠는가, 그 길이 빨리빨리 오지 않겠는가 하십디다.
(옆에 앉은 김용순 위원장에게) 실제 우는 장면 나왔어요.
김대중 외국 기자들도 수백 명이 모이고 기자들 천여 명이 기립 박수 했고 그럽니다, 위원장이 공항 나와 악수할 때..
김정일(웃음) 제가 무슨 큰 존재라도 됩니까.
인사로 한 것뿐인데.
저 구라파 사람들은 나보고 뭐라 하냐면 왜 은둔 생활 하느냐, 은둔 생활 하는 사람이 처음 나타났다 그렇ㅂ니다.
중국에도 갔댔고 인도네시아에도 갔댔고 비공개로도 많이 다녔드랬는데, 나보고 은둔 생활 한다고, 김 대통령이 오셔서 제가 은둔에서 해방됐다고..
김대중(웃음) 김정일 그런 말 들어도 좋아요.
비공개로 갔다왔으니까.
김정일 바로 알기 신드롬/관련 서적 베스트셀러 사이버 공간 토론 열기 장막에 가려 있던 김정일 위원장이 김대중 대통령을 직접 마중 나가는 인간적인 면모에다 자신있고 여유있는 분위기를 풍기면서 그에 대한 관심이 크게 높아지고 있다.14일 오전 종로서적 인터넷 사이트에는 한 달에 한 건 있을까 말ㄹ까 했던 김정일 위원장 관련 서적 주문이 하룻밤 새 5 건이나 들어왔다.
정치 서적 담당 양명란(26)씨는 “매장에서도 이날 오전에만 김정일 관련 서적이 평소보다 두세 배 많은 10여 권이나 나갔다”고 말했다.
교보문고에서도 최근 (김정일의 통일 전략)(살림터)과 (현대 북한의 지도자 김정일)의 인기가 치솟으면서 이번주 정치 서적 베스트셀러 5위와 7위를 기록하고 있다.
가상 공간에서도 그는 최고의 화제가 되고 있다.
컴퓨터 통신 '나우누리'의 이용자 게시판인 '열린광장'에 이날 오후 3시까지 뜬 글 가운데 90%가 정상회담 내용이었고, 이 가운데 절반은 김 위원장 개인에 대한 평가였다.
특히 부정적 평가도 여전했지만 '김정일이 상당한 조크를 발휘한다.
기존의 이미지가 점점 사라진다.
카리스마를 발휘해라'(아이디 rootr) 등 긍정적인 평가도 절반을 차지했다.
정치인 가상 주식 시장 포스닥(www.posdaq.co.kr)에서도 김 위원장이 13일 상장되자마자 연이틀 상한가를 달리고 3 천 주의 매입 주문 대기가 밀려 있다.
임혁백 고려대 교수(정치 외교학 과)는 “이런 현상은 보수 언론이나 정치권에서 왜곡해 온 것과는 전혀 다른 모습을 본 충격에서 비롯한 것”이라며 “김 위원장 개인을 또 다른 스타로 만들기보다는 통일에 대한 관심을 갖는 계기가 돼야 한다”고 말했다.
'오늘 같은 날 못 보시다니.' 어제 새벽 숨진 팔순 실향민 유족들의 통곡”며칠만 더 사셨어도 기뻐하셨을텐데..”
분단 반 세기 만에 남북 정상이 만나 이산가족 상봉에 합의하던 날, 팔순의 한 실향민이 세상을 쓸쓸히 등졌다.
함경남도 함흥이 고향인 전영권(85)씨는 14일 새벽 그토록 갈망하던 고향 방문 길이 열린다는 낭보를 눈앞에 두고 14일 새벽 조용히 눈을 감았다.
“건강하신 분이었는데, 20여 일 전 갑자기 쓰러진 뒤 의식을 잃으셨지요.
좋은 날을 못 보고 가시다니..”
유족들은 전씨의 안타까운 죽음 앞에 목이 메 말을 잇지 못하았다.
해방 뒤 좌우익 대립이 극심했던 1946년 두 남동생과 함께 월남한 전씨는 맨주먹으로 모질ㄴ 타향살이를 이겨 냈다.
그러나 여느 실향민처럼 전씨도 생전에 고향에 두고 온 부모님과 여동생 생각을 한순간도 떨치지 못하았다고 유족들은 전했다.
전씨의 차남 병철(44.수원 대 교수)씨는 “평소 말수가 적고, 내색도 안 하셨지만 정상회담 성사 소식에 말을 잇지 못하고 가슴 벅차하시는 마음을 읽을 수 있었다”고 말했다.
전씨는 두 동생과 함께 해마다 함흥시 신흥면 사람들의 모임인 '면민회'에 나가 실향의 아픔을 달랬고, 10여 년 전에는 고향 사람들과 돈을 모아 경기도 양주 군에 선산을 만들기도 했다.
또 고향의 부모님이 돌아가셨다고 생각하고 '손 없는 날'을 잡아 꼬박꼬박 제사도 지냈다.
그러나 몇 해 전 두 동생이 먼저 세상을 떠난 뒤 전씨의 슬픔과 외로움은 더했다.
외국인 매수세 추가 반등 열쇠 / 반도체.남북 경협 주 관심둘만 급락세를 보이던 주가가 종합 지수 800선 부근에서 하락의 고리를 끊고 반등 세로 돌아섰다.
그러나 외국인 투자가들이 연이틀 관망세를 나타내고 있어 추가적인 반등으로 이어질지는 여전히 불투명한 상태다.
고객 예탁금이 11 조 원을 넘어서면서 시중 자금의 증시 유입 기대감도 높으나 주식형 수익 증권 등 간접 투자 자금의 유입이 뒷받침되지 않는 상황이기 때문에 강력한 힘을 발휘하기는 어렵ㄹ 것이다.결국 추가적인 반등을 위해서는 외국인 투자가들의 매수세가 회복돼야 할 것으로 생각된다.
5월 소비자 물가 지수와 산업 생산 지표가 발표될 이번주 미국 시장의 움직임이 중요한 이유도 바로 이 때문이다.
15일 주식 시장은 일단 5일 이동 평균선을 축으로 등락을 거듭할 전망이다.
그러나 남북 정상회담에 따른 구체적인 결과물이 15일 이후 나올 것이라는 점에서 점진적인 상승 시도가 우세할 것으로 예상된다.
시장 에너지 약화로 지수의 큰 폭 상승은 어려워 보이지만 하락 시마다 매수로 대응해도 무리가 없다는 판단이다.
종목별로는 사상 최고치를 앞두고 있는 삼성전자 등 반도체 관련주와 건설 등 대북 경협 관련주들이 유망해 보인다.
다만 외국인 매수세가 회복되지 않을 경우에는 이들 종목군에 대해서도 단기 매매로 국한하는 매매 전략을 구사하는 것이 바람직하다고 여겨진다.
남북 정상 공동 선언문 남북 공동 선언 조국의 평화적 통일을 염원하는 온 겨레의 숭고한 뜻에 따라 대한민국 김대중 대통령과 조선민주주의인민공화국 김정일 국방위원장은 2000년 6월 13일부터 6월 15일까지 평양에서 역사적인 상봉을 했으며 정상회담을 가졌다.
남북 정상들은 분단 역사상 처음으로 열린 이번 상봉과 회담이 서로 이해를 증진시키고 남북 관계를 발전시키며 평화 통일을 실현하는 데 중대한 의의를 가진다고 평가하고 다음과 같이 선언한다.
1. 남과 북은 나라의 통일 문제를 그 주인인 우리 민족끼리 서로 힘을 합쳐 자주적으로 해결해 나가기로 했다.
2. 남과 북은 나라의 통일을 위한 남측의 연합제 안과 북측의 낮은 단계의 연방제 안이 서로 공통점이 있다고 인정하고 앞으로 이 방향에서 통일을 지향시켜 나가기로 했다.
3. 남과 북은 올해 8.15에 즈음해 흩어진 가족, 친척 방문단을 교환하며 비전향 장기수 문제를 해결하는 등 인도적 문제를 조속히 풀어 나가기로 했다.
4. 남과 북은 경제 협력을 통해 민족 경제를 균형적으로 발전시키며 사회, 문화, 체육, 보건, 환경 등 제반 분야의 협력과 교류를 활성화해 서로의 신뢰를 다져 나가기로 했다.
5. 남과 북은 이상과 같은 합의 사항을 조속히 실천에 옮기기 위해 빠른 시일 안에 당국 사이의 대화를 개최하기로 했다.
김대중 대통령은 김정일 국방위원장이 서울을 방문하도록 정중히 초청했으며, 김정일 국방위원장은 앞으로 적절한 시기에 서울을 방문하기로 했다.
2000년 6월 15일 북한 특산품 매출 껑충/유통업계 정상회담 특수 남북정상회담에 힘입어 13일 하룻 동안 백화점들의 북한 상품 매출이 그 전보다 대폭 늘어난 것으로 나타났다.14일 업계에 따르면, 지난 9일부터 '북한 물산전'을 열고 있는 엘지백화점 안산점의 경우 하루 100 만 원 안팎이던 행사 매출액이 13일 하루 300 만 원이 넘었다.
이 백화점 구리점도 13일 이전까지 하루 평균 200 만 원이던 북한 상품 매출이 13일 400 만 원으로 늘었다.
'남북한 통일물산전'을 열고 있는 롯데백화점에서도 남한 특산물은 매출이 부진한 반면, 표고버섯, 명태, 들쭉술, 머루술 등 북한산 식품은 13일 매출이 그 전보다 22% 늘어났다.
특히 술의 경우 140% 가까이나 매출이 증가했다.
또 갤러리아백화점 수원 점에서 역시 이날 북한 물산전 매출이 평일에 견줘 15% 정도의 신장세를 나타냈으며, 북한 전통 술을 비롯해 깃털 부채, 그림 액자 등의 민속 공예품은 30%의 신장세를 보였다.
엘지백화점 김창민 대리는 “백화점마다 남북정상회담을 기념해 북한 물산전을 경쟁적으로 준비했지만 매출에 큰 기대를 걸지는 않았다”며 “그러나 남북 정상이 반갑ㄴ 모습으로 서로를 대하는 모습이 텔레비전으로 방영되면서 북한에 대한 관심이 물품 판매에도 영향을 준 것 같다”고 풀이했다.
김 대통령 만찬사/눈물 거두고 통일의 길로 존경하는 김정일 국방위원장과 김영남 위원장, 그리고 자리를 함께하신 남과 북의 지도자 여러분!제 초대에 기꺼이 응해 주셔서 이처럼 성대한 만찬을 가질 수 있게 된 것을 다시없는 영광으로 생각합니다.
지금 이 시간에도 7천만 우리 민족의 마음이 여기 평양을 향해 집중돼 있습니다.
김정일 위원장과 저는 정상회담을 성공리에 마무리했습니다.
이제 비로소 민족의 밝은 미래가 보입니다.
이제 지난 100년 동안 우리 민족이 흘린 눈물을 거둘 때가 왔습니다.
서로에게 입힌 상처를 감싸 줘야 할 땝니다.
평화와 협력과 통일의 길로 나아가야 합니다.
그것이 21세기 첫해에 우리 양측의 정상들이 한 자리에서 만난 이윱니다.
역사가 우리에게 부여해 준 사명입니다.
김정일 국방위원장!
우리는 진정으로 남과 북이 서로 협력해 공동의 번영을 이룩하고자 서로 힘을 합칠 것을 제의하는 밥니다.
앞으로 남북 간에 협력을 구체적으로 진행하기 위해서는 우리 두 사람과 책임 있는 당국 간의 지속적인 대화가 이루어져야 합니다.
지속적인 대화와 교류를 통해서 서로 이해를 넓히고 믿음을 쌓아 가면 협력 또한 확대될 것입니다.
우리 민족은 이제 불신과 적대감을 버리고 화해와 협력을 선택하는 지혜와 용기를 세계에 보여 줄 수 있습니다.
또한 남과 북에서 애타는 심정으로 재결합을 기다리는 수많은 이산가족이 가깝ㄴ 시일 안에 혈육의 정을 나눌 수 있는 인도적인 결단도 보여 주게 될 것입니다.
우리 모두가 반 세기의 분단이 가져다 준 서로에 대한 불신의 벽을 허물고, 이 땅에서 전쟁의 공포를 몰아내며 교류 협력의 시대를 여는 데 힘과 지혜를 모읍시다.
김정일 위원장!
북쪽의 지도자 여러분!
서울에서 만납시다.
감사합니다.
국시 발언 옥고 유성환 전 의원 좌경 매도 앞장선 이들 방북 환영 '담담해요'”두 정상이 만나 시루떡 한 쪽을 나눠 먹고 말더라도 그 의미는 백두산보다 높고 동해 바다보다 깊습니다.”
지난 86년 국회의사당에서 발언을 통해 “이 나라의 국시는 반공이 아니라 통일이며, 어떤 체제도 민족에 우선할 수 없다”는 발언을 해 '국시 논쟁'을 일으켰던 유성환(68)씨가 역사적인 남북 정상회담을 바라본 소회의 첫 마디다.
유 전 의원은 당시 이 발언이 빌미가 돼 면책 특권까지 박탈당한 채 9개월 동안 옥고를 치렀다.
“연설문이 이미 제출된 상태어서, 여당 쪽으로부터 '연설 내용을 바꾸지 않으면 구속될 것'이라는 경고를 받고 있었습니다.”
유 전 의원은 “그러나 수십 년 동안 가슴에 담아 온 믿음을 철회할 수는 없었다”고 당시를 술회했다.
그는 지난 64년 도쿄 올림픽에서의 신금단 부녀 상봉 사건을 본 뒤 '이산가족 면회소' 설치를 요구하는 시위를 벌였는가 하면, 현역 의원 시절 철도청을 상대로 “통일호와 새마을호의 등급을 맞바꿀 것”을 요구하는 등 우리 사회의 '가치 전도'를 바로잡기 위해 나름대로 애써 왔다.
그러나 그때마다 자신을 좌경 분자로 몰아붙였던 사람들까지도 이제 와서 대통령의 방북을 두 손 들어 환영하는 것에 대해, 그는 “역사적 모순이라기보다는 올 것이 너무 늦게 왔을 뿐”이라며 담담해했다.
그는 지금까지도 민족과 통일에 대한 관심과 애정을 놓지 않고 있다.
지난 97년 늘그막에 고려대 대학원에 입학해 지난 2월 '대북 포용 정책 연구'이라는 제목의 논문으로 석사 학위를 받았으며, 지금은 민족통일연구원 회원으로 활동하고 있다.
“우리에게 민족이나 통일보다 상위 개념은 없습니다.”
유 전 의원은 “두 정상이 서로 다른 체제의 대표로 만났지만, 이제부터는 한 민족의 대표라는 자세로 대화를 나눠 달라”고 주문했다.
남북정상회담 6.14 합의/긴급 대담 직접 만나 마주 보고 서로의 숨결 느낄 수 있어야 남북 정상이 전격적으로 합의문에 서명하는 것을 지켜 본 국민들 사이에는 당장이라도 통일이 될 것 같은 기대감이 넘치고 있다.
이는 통일에 이르는 복잡다단한 과정에서 시작일 뿐이다.
앞으로 남북이 살피고 애쓰어야 할 일이 한두 가지가 아닐 것이다.
극적으로 이루어진 남북 정상회담의 의미를 폭넓게 짚어 보고, 민족 정체성 회복과 대결 정서의 치유 등 통일의 밑바탕이 될 다방면의 문제들을 살펴보는 대담을 마련했다.
도정일 평양 순안공항에서 만날 때 어떻게 인사할지 관심이 많았다.
사회주의 국가처럼 부둥켜안는 것은 우리에게 익숙하지 않고, 서방 세계처럼 한 손으로 악수하는 것은 역사적 의미의 충분한 표현이 안 될 것 같았다.
그런데 두 정상은 악수도 포옹도 아니고 두 손을 덥석 잡았다.
한국적인 것 같고 체제적 의미를 비켜 가면서 반가움을 표시한 재미있는 인사법이었다.
권태준 1970년 동서독 첫 정상회담 장면과 비교된다.
당시의 그림을 보면 상당히 사무적이라는 느낌이 들ㄴ다.
장소도 수도가 아닌 조그맣ㄴ 중소도셨고, 환영객도 숙소 밖의 수백 명뿐이었다.
동서독보다 긴장 상태가 더 첨예했던 우리가 그들보다 훨씬 격정적인 모습으로 만난 것은 민족성 차이가 아닐까 싶다.
도 첫 정상회담에서 전격적인 합의문 서명이 이루어진 것도 더욱 희망을 갖게 한다.
흔히 정서적인 접근은 순진하다고 말하는데, 민족 정서가 통일 지향성의 저류로서, 현실적 계산의 밑에 깔리는 바탕은 돼야 하지 않겠나.
이산가족 상봉에 남북 정상이 뜻을 함께한 사실도 그런 점에서 의미가 크다.
권 실향민이나 이산가족은 통일에 대해 특별히 구체적인 기대를 하고 있는 사람들이다.
그러나 남한 총인구의 과반수를 차지하는, 분단 이후 태어난 사람들은 통일에 대한 구체적 실감이나 기대를 하기 어렵다.
불쌍한 사람을 도와야 한다는 인도적인 관점이나 갈라진 민족이 합쳐야 한다는 민족적인 기대를 하기도 한다.
이번에 남북 정상이 구체적인 의제를 설정해 제시한 것은 이런 추상적인 기대를 구체화하는 기회가 될 것이다.
도 이번 정상회담에서 경제.사회.문화 등 다방면의 교류를 약속했는데, 이는 특히 젊은 세대에게 통일의 필요성과 당위성을 체감할 수 있는 기회를 줄 것 같다.
최근 평양교예단과 평양학생소년예술단의 공연은 다수의 남쪽 주민이 북에 대해 느끼는 거리감을 메우는 좋은 기회였다.
추상성을 친밀감으로 바꾸려면 직접 만나서 얼굴 보고 손 맞잡아 보고 서로 숨결을 느껴야 한다.
권 그동안 남북한 주민 사이에 접촉이 거의 없었다.
이렇기 때문에 보통 사람에겐 통일이 되면 구체적으로 '내겐 어떤 변화가 일어날지' 짐작하기 어려웠다.
방송에서 교예단 공연을 본 어린 학생들에게 소감을 물었더니 “그 사람들 말이 우리와 똑같았다”고 대답하는 것을 봤다.
남한의 어린 학생들이 북한 사람들은 우리와 같은 말을 쓰지 않을 것으로 알고 있다는 것 아닌가.
남북한이 차이를 메우기 위해 경제적 접촉보다 문화적 접촉이 더 중요하지 않나 여겨진다.
최근 평양교예단 공연 등을 보며 대중에게 미치는 영향은 문화적 접촉이 더 크다는 것을 느낀다.
도 북한이라는 것을 추상적으로만 느끼고 있는 젊은 세대가 그들의 체온을 느끼게 함로써 동족임를 발견하게 하는 것이 필요하다.
전쟁하기 싫다는 공감대가 남북의 생활 감정 속에 깊이 뿌리박힌다면 그 자체가 커다랗ㄴ 안전 장치가 된다.
북한을 추상적으로 느끼고 있었던 젊은 세대들에게 냉전, 적대 이데올로기를 극복하고 전쟁 발발 가능성을 막기 위해 문화적 접근이 필요하다.
이번 남북 정상회담을 '역사적 사건'이라 부르지만 단순히 '사건'으로 끝나지 않고 역사적 전기가 돼야 한다.
이를 위해 남북 접촉이 계속돼야 하고 정부 당국자만이 아니라 각계각층의 접촉이 이어져야 한다.
남북한의 믿음이 쌓이고 평화 상태가 지속되려면 양국 간의 지속적이고 다방면의 접촉이 필요하다.
권 남북의 화해와 통일, 긴장 완화와 평화 정착이란 원칙을 확인한 데서 평화 상태 지속의 의지를 읽을 수 있을 것 같다.
한반도에서 전쟁의 위험이 없다고 두 정상과 한반도 주민들이 믿게 된다는 것은 큰 성과다.
권 남북의 화해와 관련해 덧붙이고 싶은 것은 남북 모두가 분단과 전쟁에 대해 판이하게 다른 기억을 가진 세대로 나뉘어 있다는 점이다.
앞 세대는 전쟁으로 인한 처절한 기억이 남아 있는 반면, 뒷 세대는 배운 기억들밖에 없다.
이제 새롭ㄴ 평화의 과정이 진행된다면, 이들 세대간 갈등이 정신적으로뿐 아니라 현실적으로 나타날 수 있다.
통일된 독일에서는 지역간 경제적 갈등이 쟁점이지만, 분단 상태에서는 문화 감각.역사 인식.정치 의식 등에서 갈등이 증폭될지 모른다.
그 점에선 윗 세대가 더 어렵ㄴ 상황이다.
자신을 어떻게 설득해야 하느냐는 문제기 때문이다.
도 그 문제는 우리 과거를 어떻게 평가할 것이냐와 연관돼 있다.
젊은 세대가 교과서를 통해 '전쟁 도발 책임이 북에 있다' '동족상잔을 일으킨 북과 공존할 수 없다'고 배웠다.
젊은 세대가 새롭ㄴ 방식으로 전쟁의 상처를 극복해야 한다.
평화를 위해서는 결국 북 체제를 인정해야 한다.
국제 사회에선 이미 북한이 유엔에 가입하지 않았나.
일제 식민지 시대 항일 운동 때 북쪽 정권의 토대가 되는 사회주의 계열 운동가들의 독립 투쟁도 우리 민족의 과거다.
이것은 우리가 공유해야 할 과거다.
이런 자세도 우리 과거에 대한 새롭ㄴ 태도다.
이번 정상의 합의가 여기에 어떤 영향을 끼칠지 주목된다.
권 대중 매체도 남북 관계를 주로 통일 전략적 차원에서 다루고 있는데, 사람들의 의식, 접촉 통로와 방법 등에 관해 면밀하고 다차원적인 접근이 필요하다.
앞으로 이런 사회적 학습 과정이 대중 매체를 통해 이루어지길 바란다.
도 구체적인 교류 분야로, 가능한 범위 안에서 학자들이 오가며 강의하는 시도를 제안해 보고 싶다.
또 언어 이질화는 말만큼 심각하지 않다고 보지만, 어떻게 우리말을 세계 문화 자원으로 만들ㄹ 것인지는 공동 관심사가 될 수 있다.
남북이 함께 만드는 국어 사전도 괜찮다.
어느 쪽도 아직 자랑할 만한 사전이 없다.
음식 등 민속의 교류는 또 어떻ㄴ가.
권 그와 비슷한 사업으로, 인위적으로 분단된 생태계와 생태학적 지식을 복원하는 일이 있다.
공동 연구 조사는 말할 것도 없고 당국자 간에 그런 인식조차 없다.
비무장 지대에는 완전히 유별난 생태계가 조성됐는데, 앞으로 남북 백두대간에 어떤 영향을 끼칠지 예측도 못 하는 상황이다.
생태 분야는 정치적 의미 없이 같이 할 사업으로 아주 적절하다.
그동안 남북 관계에서는 문화.학술.청소년 분야의 교류조차도 정치적 도구거나 함의를 갖게끔 기획.연출돼 왔다.
그래서 오히려 씁쓸함를 느끼곤 했다.
앞으로는 접촉을 어떻게, 누가 주도하느냐가 그 질을 결정하는 중요한 의미를 지닐 것이다.
정치 지도자들이 도량을 갖고 기회를 만들어 줘야 한다.
도 그동안 북한 쪽은 자율적이고 자발적인 민간 접촉을 추진할 만한 사회 구조나 조직이 있겠는지 회의적이었다.
이번 회담에서 보인 북쪽의 태도로 봐 앞으로 어떤 해법이나 돌파구를 찾을 수 있을 가능성도 기대해 본다.
결국 평화를 만들어 내는 것은 남북한 양쪽 주민이다.
이것은 동질감을 만들어 내지 않으면 불가능하다.
권 지금까지 북한은 문화 학술, 비정치적 분야 공공 단체끼리의 접촉은 받아들이지 않았지만 최근 국제 기구끼리의 접촉에는 유연한 자세를 보인다.
국제 기구를 통해 남북이 접촉을 하면 서로 체면도 살릴 수 있기 때문에 국제 기구와 다자 간 접촉을 시도하는 것도 한 방법이 될 것이다.
이제 물꼬를 튼 만큼 북한의 태도 변화를 기다려 볼 필요가 있다.
남북정상회담 6.14 합의/'통일 열차'로 남북 먼저 잇는다 김대중 대통령과 김정일 국방위원장이 14일 오후 제2차 단독 정상회담에서 경제 분야의 교류 협력에 적극적이고 긍정적인 합의를 이룸로써 앞으로 남북한 간 경제 교류와 협력도 다방면에 걸쳐 급진전할 것이라는 기대감이 한껏 높아지고 있다.
두 정상 간 합의가 아직은 원칙적인 수준이긴 하지만, 경제 협력을 위한 제도적 걸림돌이 어느 정도 해결되면 우선적으로 금강산 관광과 자동차 부품 산업, 전자 산업 쪽에서 대북 투자와 경제 협력이 활기를 띨 것으로 예상된다.
아울러 북한의 사회 기반 시설(SOC) 구축을 위한 재원 조달 방안도 구체화할 것으로 보인다.
부문별로 남북 경협 전망을 알아본다.
남북 철도 연결 남북한 경제 협력이 가능한 분야 가운데 남북한의 의견과 이해가 가장 접근한 분야가 철도 연결이다.
김영남 북한 최고인민회의 상임 위원장은 지난 13일 김대중 대통령 환영 만찬에서 “앞으로 북남이 합심해서 통일 열차를 기쁘게 타고 갈 날이 멀지 않은 것 같다”고 말했으며, 김 대통령도 답사에서 “힘을 합쳐 끊어진 철길을 다시 잇고 뱃길을 열고 하늘 길도 열어 가자”고 화답했다.
특히 남북한 철도 협력은 지난 94년 사망한 김일성 전 북한 주석이 사망 나흘 전에 거론한 바 있는 '유훈 사업'이어서 북한이 다른 어느 사안보다 적극성을 보이고 있다.
김 주석이 당시 언급한 서울~신의주~개성 간 경의선 복선화와 중국 횡단 철도(TCR) 연결에는 주변국들도 큰 관심을 보이고 있어 외자 조달 등 현실화 가능성도 높다.
현실적으로도 이 노선이 연결되면 북한 서해안 공단의 활성화에 기여할 수 있고, 중국~남북한~일본 간 교역량도 증대시킬 전망이다.
남북한 철도가 연결되면 물류 비용이 절반 가까이 줄어 들ㄴ다는 연구 보고도 있다.
전문가들은 남북한 철도 연결에는 큰 문제가 없다고 보고 있다.
한반도 철도의 기본 골격이 일제 때 놓여졌기 때문에 궤도의 폭이 대부분 1435mm의 표준궤로 일치한다는 것이다.
한 관계자는 “남북 간에 이어진 선로만 연결하고 통과 지점에서 기관차만 바꾸는 방식으로도 당장 사람이나 화물을 옮길 수는 있다”고 말했다.
물론 장기적으로는 단선이 97% 이상인 북한 철도의 복선화와 남북한 간에 서로 다른 전기 방식을 맞추는 일이 시급하다.
특히 복선화 공사가 본격화하면 수송량의 비약적 확대는 물론 국내외 건설 투자 수요의 대거 창출도 기대할 수 있을 것으로 보인다.
한편 목포~신의주 간의 국도 1호선 등 국도 6개 노선의 복원도 인적 교류의 활성화와 관련해 주목된다.
이와 함께 공항과 항만은 남북 간의 제도적 합의만으로도 당장 수송이 가능한 분야다.
이미 평양과 대구 항공 관제소 사이에는 직통 전화가 있으며, 부산~나진과 인천~남포 간에도 지난 95년부터 컨테이너 정기 항로가 운행 중이다.
금강산 관광 추가 개발 심도 있게 추진 / 편의 시설 확충.관광 상품 개발 가시화 30년 간 금강산에 대해 독점적 관광 사업권을 확보하고 있는 현대의 금강산 관광 개발은 고성항 항만, 온정각, 문화 회관 등 1 단계를 거쳐 다양한 편의 시설을 확충하는 2 단계로 빠른 속도로 접어 들ㄹ 전망이다.
이번 정상회담에서 정몽헌 현대아산 의장은 북쪽 관계자들과 금강산 추가 개발 사업에 대해 심도 있게 논의했다.
현대는 우선 2004년까지 육지 숙박 시설 확충 관광 프로그램 다양화 관광선 확충 등을 추진하고 있다.
현대는 이를 위해 3 억 달러를 투입해 해금강, 삼일포, 온정리 등에 호텔 8개, 콘도 4개, 모텔 6개를 짓어 9천실을 웃도는 숙박 시설을 확보하고, 해수욕장 야영장 스키장 골프장 등도 추가 조성한다는 것이 목표다.
이를 위해서는 우선 남쪽 관광객이 북쪽 지역에서 숙박하는 것이 가능해야 한다.
현대는 또 현재 만물상, 구룡폭포, 해금강 등에 한정돼 있는 금강산 관광을 앞으로 내금강, 총석정 지구까지 확대하고, 프로그램도 낚시 관광, 해상 관광 등으로 다양화하며, 나아가 설악~금강~평양 연계 관광 상품 개발까지 추진하고 있다.
현대는 이를 위해 관광선 3척과 쾌속선 5척을 새로 투입해 금강산 당일 관광까지 가능하도록 할 계획이다.
2005~2030년까지의 3 단계 기간에 현대는 이런 금강산 관광을 더욱 확대해 관광 코스를 금강산 전역은 물론 원산까지 확대하고 육로 및 항공 등 교통 편도 다양화한다는 방침이다.
육로 관광은 북쪽이 난색을 보여, 아무래도 철도가 앞설 전망이다.
남쪽 간성에서 북쪽 온정리까지는 30km(신금강선)에 불과해 기술적으로는 큰 문제가 없다고 현대는 말했다.
현대는 이번 정상회담 기간에 금강산 관광 개발 전반에 대한 이런 사항을 북쪽과 총괄적으로 협의하고 긍정적인 답변을 얻어 냈다.
현대는 칠보 산, 묘향 산, 개마고원 등의 관광지 개발에도 진전이 있을 것으로 기대하고 있다.",303,20277
iks_doc_2000_hankyoreh_003,Hankyoreh 2000 annotated text file unicode.txt,Hankyoreh,한겨레,2000,2000_june_summit,전자/”복합 단지 건설 등 가속도”,,"/ 기존 사업 계획 큰 폭 수정 불가피할 듯 전자 부문에서 대북 사업을 집중적으로 추진해 온 삼성과 엘지는 이번 회담으로 남북 경협이 급진전을 보일 것으로 예상됨에 따라 그동안 추진해 온 사업 계획의 대폭적인 수정이 불가피할 것으로 예상하고 있다.
삼성 고위 관계자는 “남북 실무자 간 구체적인 합의가 이루어지면 북한의 투자 환경은 지금까지와는 완전히 달라질 것”이라며 “이렇게 되면 지금까지의 대북 사업 방향과 일정 등 관련 틀을 새로 잡아야 한다”고 말했다.
특히 남북 간 철도 복원으로 육로 수송이 개시되면 물자 교류의 폭이 크게 늘고 물류 비용의 대폭적인 절감이 가능해 전자 부문 생산과 교역 품목이 지금보다 훨씬 다양해질 것으로 보고 있다.
삼성은 기존 사업 중 우선 정상회담 이후로 연기됐던 남포.해주 지역 전자 복합 단지 건설 사업과 공동 소프트웨어 개발, 전자 제품 위탁 가공 사업에 가속도가 붙을 것으로 내다보고 있다.
또 그동안 방북 요청을 받아 온 이건희 회장이 올해 중 방북해 이 분야에서 획기적인 투자가 실현될 수도 있을 것으로 보고 있다.
엘지도 그동안 지연됐던 컬러 텔레비전 합영 사업 논의를 본격적으로 재개하고 엘지전자를 중심으로 한 전자 및 정보 통신 분야 사업 참여도 가능할 것으로 보고 있다.
이밖에 성남전자, 세광테크노전자, 캐드컴 등 10여 개 업체가 이미 북한에 성공적으로 진출한 중소 전자업계도 이달 중 10여 개 업체가 추가로 진출할 계획이다.
이들은 육로 개통으로 물류비가 줄고 투자 여건이 개선되면 현재 북한의 삼성, 엘지 공장에 공급해 오던 전자 부품을 늘리는 등 대북 사업이 더욱 활기를 띨 수 있을 것이라는 기대를 보이고 있다.
자동차 부품 최초 합작 사업 '파란불' / 완성 차 조립 공장 건립도 활기 띨 듯 북쪽에 최초의 남북 합작 자동차 회사를 세우는 평화자동차의 사업 진행 속도도 더욱 빨라질 전망이다.
평화자동차는 현재 1 단계로 북한의 기계 공업 전문 회산 조선연봉총회사와 합영으로 이달 말에 14 만 평 규모의 자동차 수리.개조 공장을 평양에 세운다.
평화자동차는 1차 산업 중심의 남북 경협이 2차 산업, 특히 중공업 분야로 한 단계 더 발전하는 계기를 마련하는 상징적 조처로 그 의미가 크다.
이번 정상회담에 평화자동차 관계자가 직접 참석하지는 않았지만, 이번 경제.사회 분야에서 자동차 부품 산업에 대한 교류 방안에 대한 폭넓은 합의가 이루어짐에 따라 완성 차 조립 공장 건립이라는 평화자동차의 2 단계 사업이 본격적으로 시작될 전망이다.
평화자동차는 오는 8~9월께 100여 만 평의 부지에 자동차 조립 생산 공장 착공에 들어가 내년 말까지 공장 건설을 마치기로 했다.
이에 따라 2001년 말 또는 2002년 초에는 이 곳에서 남북 합작으로 자동차가 만들어진다.
남쪽의 평화자동차가 70%, 북쪽의 연봉총회사가 30%의 지분을 갖는다.
조립 생산품은 이탈리아 피아트사 승용찬 템프라 모델이 중심이 된다.
평화자동차는 2006년까지 모두 3 억 달러를 들여 연간 1 만여 대의 피아트 모델 승용차를 생산할 계획이다.
이 모델은 1300~1600cc의 소형 승용차다.
평화자동차는 2002년께부터는 북한 이외에 중국, 인도, 러시아 등 제3국 수출도 활발히 전개할 생각이다.
평화자동차는 이번 남북 정상회담이 좋은 성과를 거둠에 따라 전반적인 남북 경협 분위기에 맞춰 더욱 활기를 띌 것으로 기대하고 있다.
나아가 국내 다른 자동차 부품 회사의 진출, 나아가 현대 대우 기아 등 완성 차 업체의 직접 진출 징검다리 역할도 할 수 있을 것으로 업계는 전망했다.
에너지/남 무연탄 북 공급 1 순위 / 전력 계통 남북 연결 방안도 검토 에너지 분야 협력에서 가장 우선적으로 남한의 무연탄을 북한에 공급하는 방안이 꼽히는 것은 남과 북과 과.부족이 맞아 떨어져 실현 가능성이 어느 부문보다 높기 때문이다.
북한의 발전용 석탄 공급 부족이 전력 공급 부족으로 이어져 공장 가동률을 크게 낮추고 있는 반면, 남한에는 무연탄 소비 감소로 1000 만t 가량의 재고가 있다.
이와 함께 남북 간에 직접 전력 계통을 연결하는 방안은 북한 안의 남한 기업 전용 공단에 한정해 공급하는 방안이 우선적으로 검토되고 있으나 북한과 관계 개선 여부에 따라서는 북한 전역에 공급하는 것도 가능할 것으로 보인다.
한전에서는 남아도는 심야 전력 등을 이용하면 전기를 많이 쓰는 여름철 일부 시간대만 빼고는 북한에 충분한 전력을 공급할 수 있다는 입장이다.
한전은 해주 공단이 건설되면 문산~해주 사이에 80km의 송전망을 깔아 송전하는 방안을 유력하게 검토하고 있다.
북한에 합작으로 발전소와 정유소를 건설해 북한에 전기를 공급하는 대신 남한 전력 수요가 집중되는 시기에 남한으로 송전하는 방안도 경제성이 있는 것으로 분석되고 있다.
이를 통해 남한도 발전소 입지 해결, 환경 문제 경감 및 피크 수요용 발전소 투자비 절감, 발전소 이용 효율 향상 등의 경제적 효과를 얻게 된다는 것이다.
이와 함께 북한에 정유소를 공동 건설해 휘발유 등 경질 제품은 수요가 급증하고 있는 남한으로 공급하고, 벙커유 등 중질 제품은 북한에서 소비하면 남한은 막대한 재원이 필요한 고도화 설비 투자비를 절감하면서 중유 과잉 생산도 해소할 수 있게 된다.
이밖에 동시베리아에서 동아시아 일대에 천연 가스를 파이프라인으로 수송하거나 수력 발전소의 전력을 송전하는 프로젝트와 관련해서도 남북이 공동으로 참여하고 소비하면 규모의 경제를 실현해 높은 경쟁력을 갖게 될 것으로 기대된다.
남북정상회담 6.14 합의/분야별 협의 내용 평양 인민문화궁전에서 14일 오후 이루어진 정당.사회 단체, 경제, 여성 분야 등 남북 간 분야별 간담회에서는 다양한 협력 과제가 제시돼 각계가 교류 협력에 얼마나 많은 열망을 갖고 있는지를 단적으로 보여 줬다.특히 정당.사회 단체와 경제 분야 간담회는 예정 시간을 훨씬 넘겨 1시간 15 분 동안 진지하게 협의 가 진행되는 등 열기가 뜨거웠다.
<> 정당.사회 단체 분야 남쪽에서는 김민하 민주평통 수석 부의장을 비롯해 이해찬 민주당 정책위 의장, 이완구 자민련 의원, 김운용 대한체육회장, 정몽준 대한축구협회장 등이 참석해 남북 정상회담을 계기로 각 분야에서의 교류.협력을 증진시키기로 했다.
북쪽에서는 김영대 민화협 위원장을 대표로 해 한형욱 천도교 부위원장, 장웅 국제올림픽위원회(IOC) 위원, 조평통 서기국의 최우진 부국장, 전종수 참사 등이 참석했다.
이 자리에서 민주당의 이 의장은 지난 90년 1월 중단된 남북 국회 회담을 재개해, 관련 법을 각자 만들ㅁ로써 다양한 분야의 협력을 포괄적으로 뒷받침할 수 있도록 하자고 요청했다.
김 체육회장은 시드니올림픽에서 남북 팀 동시 입장을 제의했다.
그는 남북 양쪽의 국기 대신 올림픽기와 각각의 국가 올림픽위원회(NOC)기를 들고 입장하고 국가는 (아리랑)을 대신 사용하면 될 것이라고 말했다.
김 회장은 또 오사카 세계탁구선수권대회에서의 단일팀 구성도 제의했다.
문화계를 대표한 차범석 예술원 회장은 연극.음악.무용 등 분야에서의 남북 합동 공연 극작가.배우.연출가 사이의 공동 세미나 분단 이후 남북 문화 작품집의 공동 출간 등을 제안했다.
<> 경제 분야 간담회가 시작되면서 남쪽 김재철 무역협회장이 먼저 나서 구본무 엘지 회장, 손길승 에스케이 회장 등 남쪽 기업인 대표 9명을 소개했다.
잇어 북쪽에서는 정운업 민경련 회장이 좌장을 맡아 백세윤 조선컴퓨터회사 총사장 등 6명의 대표를 차례로 소개했다.
간담회에서 남쪽은 남북 간 경제 교류 및 협력이 본격화되기 위해서는 당국 간 협의에 의한 제도적 보장 장치가 마련돼야 하며, 그렇지 않을 경우 경협이 지속적으로 되지 않는다는 점을 과거의 사례가 잘 보여 주고 있다고 강조했다.
남쪽은 따라서 남북기본합의서에 따른 경제 공동위를 조속히 재가동해 투자 보장 협정, 이중 과세 방지 협정, 청산 결제 협정, 지적 재산권 보장 협정 등 법적 제도적 장치를 마련하도록 양쪽 당국에 촉구할 것을 제의했다.
건설 주,'정상회담 기대'로 다시 뜨나 거래소 63 종목 중 54개 올라 3.68% 상승/'경협'시각 따라 매수.매도 주문 쏟아져 / 현대건설 6408 만 주 거래량 2위 끝물로 여겨지던 남북 경협 관련주가 뜨겁ㄴ 매매 공방 속에 소폭 상승했다.
14일 증권 거래소 시장에서는 상승 탄력이 사라진 것으로 판단됐던 건설 주들이 다시 반등하면서 활발한 거래가 이루어졌다.
특히 현대건설은 6408 만 주가 거래되면서 한빛은행에 잇어 단일 종목 거래량 2위에 올라 일반인들의 높은 관심을 보여 줬다.
대표적인 남북 경협 준 건설 주는 이날 업종 지수가 3.68% 오르면서 63개 종목 가운데 54개가 오르는 뒷심을 보여 줬다.
시장이 전반적으로 주춤하는 모습이어서 주가는 많이 오르지 않았지만 거래량이 폭주해 활발한 매도.매수 공방이 벌어졌다.
거래량을 보면 현대건설 6408 만 주를 비롯해, 주식 수 2100 만 준 풍림산업이 569 만 주, 대림산업 489 만 주, 동아건설 325 만 주, 삼부토건 145 만 주, 코오롱건설 197 만 주, 엘지건설 331 만 주, 현대산업개발 338 만 주 등 모두 9 천만 주를 넘어섰다.
이날 거래소 총 거래량 4억 3819 만 주의 20%에 달하는 비율이다.
건설 주에 대한 거래가 이처럼 폭주한 것은 남북 경협에 대한 기대감과 실망감이 교차하면서 대량의 매도.매수 주문이 동시에 쏟아졌기 때문이다.
정상회담 결과가 별것 없을 것으로 전망하는 쪽에서 대규모 매도 물량을 내놓는가 하면, 15일쯤 대형 호재가 터져 나올 수 있다는 전망을 하는 쪽에서 그 못지않은 매수 주문을 냈던 것이다.
대우증권 이종우 연구 위원은 “건설 주가 오래 가지 않을 것이란 점을 누구나 알고 있지만 뭔가 한 건이 터져 나올 수도 있다는 기대감이 거래량 폭증으로 나타난 것으로 보인다”고 말했다.
건설 주와 함께 대표적인 대중 준 은행 주도 활발한 거래가 이루어졌다.
13일 6546 만 주라는 사상 최대 거래량을 기록했던 한빛은행은 이날도 6467 만 주 거래로 거래량 1위를 기록했다.
조흥은행과 외환은행 역시 마찬가지어서 각각 1461 만 주와 1299 만 주를 기록했다.
그러나 이러한 거래량 폭주에도 불구하고 한빛은행이 8.37% 하락하는 등 3개 은행 주가 모두 하락했다.
증권 거래소는 이러한 대중 주의 활발한 거래에 힘입어 거래 대금도 13일의 3조 4 천억 원에서 3조 8 천억 원으로 늘어났다.
임동원 /김용순 물밑 조율 겉으로 드러나지는 않았지만 이번 회담을 배후에서 실질적으로 움직이는 남북의 막후 채널은 '임동원(국가정보원장)/김용순(아태평화위원장.대남 담당 비서) 라인'으로 분석된다.양쪽의 정상들이 최종적인 합의를 이뤄 내기 위해서는 '협상 카드'를 주고 받으며 밀고 당기는 '줄다리기'를 벌이는 보이지 않는 물밑 협상이 필수적인데, 바로 이들이 이런 역할을 맡고 있다는 것이다.
공개되지는 않았지만 임 원장과 김 비서는 각각 경제 협력과 이산가족 문제를 '카드'로 사용하면서 숨막히는 '시소게임'을 벌였을 것으로 관측된다.
두 정상이 최종 합의문을 작성하는 과정에서도 문구 하나하나까지 이들이 조율할 것으로 보인다.
이들은 14일 열린 남북 단독 정상회담에도 배석해 예상대로 양쪽의 '핵심 인물'임를 과시했다.
남쪽에서는 임 원장 외에 황원탁 외교 안보 수석과 이기호 경제 수석이 배석했으나, 북쪽에서는 김 비서가 단독으로 배석했다.
김 비서는 전날 백화원 영빈관 1차 정상 회동에도 북쪽의 유일한 배석자로 참석해 김 위원장의 최측근임를 과시했다.
특히 이들은 전날 백화원 영빈관 1차 정상 회동에서도 이전부터 상당한 교분이 있었음을 드러냈다.
김 비서가 김정일 국방위원장의 지시를 받아 임 원장에게 남쪽 공식 수행원의 소개를 요청하자, 임 원장이 남쪽 수행원들을 일일이 소개한 것이다.
김 대통령 특별 보좌역으로 방북한 임 원장은 대북 포용 정책의 성안과 실행은 물론, 이번 정상회담을 성사시키는 과정에도 깊숙이 개입했다.
91년 남북 고위급 회담 대표로 참석하는 등 북쪽의 대남 핵심 라인과 깊은 친분을 유지하고 있는 것으로 전해진다.
김 비서는 국제부에서 35년 간 일해 북한 고위층 가운데 서방 인물을 가장 잘 아는 인물로 꼽힌다.
또 아태평화위원장으로서 북/일 수교뿐 아니라 현대그룹과의 금강산 사업 등을 총괄해 지휘하고 있다.
김 위원장 광폭 정치 / 물길 바꾼 파격 일관된 신념 '광폭 정치'(통 큰 정치).
이는 북쪽에서 김정일 국방위원장의 정치 스타일을 지칭할 때 쓰는 말이다.그는 지난 13일 순안공항에서 김대중 대통령을 직접 영접함로써 '통 큰 정치인'이란 이미지를 세계에 심어 줬다.
그리고 14일에는 김대중 대통령과 4개 항에 걸친 합의를 이뤘다.
이는 김 위원장이 정상회담 첫날 “이틀 동안에 세계인에게 답을 보여 줘야 한다”는 스스로의 '다짐'을 지켰다.
이로써 김 위원장은 “크게 노는 사람”이라는 이미지를 세계에 더욱 확고하게 심어 줬다.
모든 사람이 예측하지 못하았던 방향으로 행동함로써 물길을 크게 바꾸는 김 위원장의 이런 정치 행위가 곧 '광폭 정치'인 셈이다.
광폭 정치란 “모든 사업을 대담하고 통이 크게 지도한다”는 뜻으로 92년 8월 10일 (로동 신문)에서 최초로 사용됐다.
이날 (로동 신문)은 '인덕 정치가 실현되는 사회주의 만세'이라는 논설에서 “인민을 위한 정치는 그릇이 커야 한다”, “노동 계급의 당의 정치는 어디까지나 정치의 폭이 넓어야 한다”며 김 위원장의 통치 방식을 광폭 정치로 표현했다.
북쪽에서는 광폭 정치의 예로 주체사상탑, 개선문, 류경호텔, 5.1경기장 등 대형 건축물을 자주 거론한다.
이뿐만이 아니라 여성의 색조 있는 의상 착용 및 입술 화장 보천보 전자 악단에 의한 경쾌한 경음악 연주 등 사회 변화까지를 김 위원장의 '광폭 정치의 산물'로 표현한다.
광폭 정치와 함께 김 위원장의 정치 이념을 나타내는 데 자주 쓰는 말이 '인덕 정치'이다.
같은 날의 (로동 신문) 논설은 김 위원장이 “우리 인민을 위한 가장 훌륭한 '인덕 정치'를 베풀고 있다”며 “인덕 정치를 실시한다는 것은 인민을 정치의 주인으로 여기고 인민에 대한 사랑과 믿음으로 모든 정치를 실시해 나간다는 것을 의미한다”고 주장했다.
북한은 김 위원장이 칠순을 맞은 주민에게 생일상을 내려 보내거나, 세 쌍둥이.네 쌍둥이 탄생에 축하 메시지를 보내는 것 등을 대표적인 인덕 정치의 사례로 들고 있다.
애초 광폭 정치나 인덕 정치는 하나의 정책 수준이었으나 김일성 주석 사망 뒤 김 위원장 체제가 성립하면서 정치 이념으로 격상됐다.
그리고 이는 14일 역사적인 남북 합의를 이끌어 냄로써 그 실체를 세계에 보여 줬다.
조선.중앙일보의 깜짝 변신?
'정체성 혼란 경계' / '대남 전략 불변' 등 냉전 시각은 여전 대학생들이 남북 정상회담을 맞아 태극기와 함께 한반도 기.인공기를 걸ㄴ 행위가 국가보안법 위반이라면, 14일치 (중앙일보)와 (조선일보) 보도는 어떻게 평가해야 할까?
(중앙일보)는 이날치 1면을 통째로 남북 두 정상이 악수하는 사진으로 채웠다.
'평양이 열렸다.
뜨겁게 손 잡았다.
역사를 새로 쓴다'가 제목이다.
대학생들의 행위보다 더 '뜨거우면' 뜨거웠지 못하지 않다.
“최근 일어나고 있는 과도한 정서적 흥분과 이를 부추기는 듯한 홍보가 우리 내부에 커다랗ㄴ 갈등과 혼란을 일으키고 있다”(9일치 사설)는 자신의 며칠 전 경고도 잊은 듯하다.
그런데 되레 이 신문은 이날치 사설 '김정일 쇼크'에서 태극기와 한반도 기와 함께 인공기를 게양한 대학생들의 행위는 “북한에 대한 과대 평가나 성급한 동경 같은 또 다른 편견을 불러 우리의 정체성 혼란으로 이어지는 상황”을 낳는 것이라고 주장한다.
게다가 이 제목은 이 신문의 지난달 31일치 사설 '태극기가 남북 교류 방해를?'과 비교하면 낯간지럽기까지 하다.",94,7711
iks_doc_2000_hankyoreh_004,Hankyoreh 2000 annotated text file unicode.txt,Hankyoreh,한겨레,2000,2000_june_summit,이 사설은 선화예고와 평양학생소년예술단이 국기를 걸지 않기로 한 합의에 따라 선화예고 무용 연습장에서 태극기를 뗀 것에 대해 “우리의 정체성을 자진해 훼손하는 행위”,,"“정상회담 방북단의 항공기가 대한항공기로 결정되면 태극 마크를 페인트로 지워 없애고 갈 것이냐”라고 비아냥거렸다.
이 신문의 속내가 드러나는 것은 14일치 김영희 대기자의 '전혀 다른 김정일'이란 칼럼이다.
“김정일의 깜짝 쇼 같은 환대로 기대는 더욱 부풀려졌다”며 그는 이렇게 쓴다.
“그러나. 남북이 추구하는 방향에는 커다랗ㄴ 비대칭의 갭이 있다.
남한이 궁극적으로 추구하는 것은 남북의 평화 공존이다.
반면 북한에는 체제 유지가 최우선이다.”
남한의 '궁극적 관심'이 통일이 아니라 평화 공존이라는 지적도 이상하지만, '남한의 궁극적 관심'에 '북한의 최우선 관심'을 맞세운 모양도 이상하다.
그는 여전히 북한의 궁극적 관심을 적화 통일이라고 생각하는지도 모를 일이다.
(조선일보) 14일치 1면 제목은 '한반도 새 역사 함께 만들자'이다.
8일치 '남북은 냉엄한 비즈니스'이란 사설에서 백화점들이 경쟁적으로 북한 상품전을 열고 있다고 국민을 훈계하던 신문은 이미 아니다.
나아가 '선화예고 태극기 사건'을 꾸짖던 지난달 31일치 사설에 비춰 보면, '전향'한 것이 아니냐는 착각마저 불러일으킨다.
이런 '뜨겁ㄴ 가슴' 뒤에 조선일보식 '차갑ㄴ 머리'가 등장한다.
3면 기자수첩은 “평양 순안 비행장의 북한 군악대가 연주한 곡은 '제국주의를 쳐부수자'는 용진가였다”며 이것이 '격정'에 앞서는 '현실'이라고 한다.
용진가는 '미 타도 용진가 연주해 대남 전략은 바뀌지 않은 듯'이란 중간 제목으로 8면에 재등장한다.
하지만 50여 년에 걸친 미국의 경제 봉쇄 속에서 국가적 명절에 북한에서 즐겨 불려진다는 행진곡이 연주됐다고 해서 적화 통일 전략은 바뀌지 않았고, 그래서 주한 미군 철수는 입에 담아서는 안 된다는 식의 사고야말로 '격정'이라는 지적이다.
1992년 발효한 기본합의서를 서로 안 지켜 온 남북의 정상이 처음 만났다는 것, 이는 상호 군축과 주한 미군 주둔 여부도 열린 의제가 될 수 있는 가능성을 열었다는 것, 이것이 '현실'이라는 것이다.
언제 바뀔지 모르는 '뜨겁ㄴ 가슴'으로 치장한 상업 주의에 대한 경계의 목소리가 높아지고 있다.
김 대통령 실리 정치 / 말 아낀 인동초 노련한 포석 김정일 북한 국방위원장의 회담 스타일이 통 큰 '광폭 정치'이라면, 이번 정상회담에 임하는 김대중 대통령의 스타일은 한마디로 조용히 그의 광폭 정치를 받아 주면서 얻을 것을 얻어 내는 '실리 정치'라고 할 수 있다.
참고 인내한다는 차원에서 보면 그의 애칭으로 통하는 '인동초 정치'이라고도 말할 수 있다.자타가 공인하는 통일 문제 '전문가'인 김 대통령은 이번 김 국방위원장과의 회담에서는 지나칠 정도로 말을 아꼈다.
다변에 거침없고 자신있는 말 솜씨를 보인 김 위원장의 기에 눌려 의기소침해진 것이 아닌가 하는 의구심이 들ㄹ 정도였다.
전공 분야라고 할 수 있는 남북, 통일 문제뿐 아니라 어떤 화제가 나타나도 때마다 지지 않고 대화를 주도하는 김 대통령으로서 이번 회담에서 보인 태도는 이례적이라고 할 만하다.
그는 13, 14일 김 위원장의 공세적인 화법에 대해 평양의 환대에 감사하다는 말과 김 위원장의 말에 동감을 표시하는 정도의 간단한 의사 표시만 했다.
이에 대해 박준영 청와대 공보 수석은 “김 대통령의 생각은 이미 서울에서 각종 행사 등 언론 보도를 통해 충분히 알려진 상태”라며 “북쪽은 이미 김 대통령의 생각을 알고 있어 김 대통령은 김 위원장의 생각이 무엇인지 듣는다는 입장”이라고 배경을 설명했다.
그러나 결국에는 김 위원장을 설득해 2차 정상회담에서 구체적인 합의를 이끌어 내는 저력을 보였다.
그는 또 말을 아꼈으나 할 말까지 안 한 것은 아녔다.
김영남 최고인민회의 상임 위원장과의 공식 면담에서는 3자 대북 공조에 대한 공격적 질문을 받고 남북에 모두 유리한 '윈 윈 정책'이라고 응수했다.
또 “국가보안법이 교류 협력에 도움이 된다고 보느냐”는 물음에는 “국회에 개정안이 제출돼 논의 중”이라고 맞받았다.
그는 김 위원장의 2차 회담에서도 “북쪽도 화해와 협력에 적극적으로 나서야 하며, 이를 위해 미국, 일본과 관계 개선을 하는 것이 중요하다”고 설득했다.
이런 점에서 보면 김 대통령은 의기소침해져서가 아니라 논리로 상대방을 설득하는 데 주력하기 위해 일부러 말수를 아끼고 김 위원장을 설득하기 위한 논리를 가다듬은 것으로 보인다.
한 통일 문제 전문가는 남북 정상이 첫 만남에서 중요한 결과물을 이끌어 낸 데 대해 “젊은 김 위원장의 패기와 통 큰 스타일도 돋보였지만, 산전수전 다 겪은 칠순 노정객의 노련함와 침착함는 압권이었다”고 말했다.
남북정상회담 의미/'평화 통일 지향' 남.북 의지 천명 두 정상이 합의한 5개 항은 첫째 항에서 통일에 대한 원칙으로서 자주의 원칙을 재확인하고 통일로 가는 방식에 대한 공통점을 분명히함로써 남북 역사상 처음으로 통일 방안에 대한 합의의 가능성을 보여 주고 있다.
그런 점에서 남북은 새 천 년 새 시대에 걸맞은 통일을 위한 대장정의 첫 출발을 온 세계에 알릴 수 있게 됐다.통일에 관한 문제에서 공통점을 찾아냈다는 것은 남북이 서로를 관계 개선과 통일의 완전한 당사자로 인정한 바탕 위에서 내정 불간섭과 당국 간 합의에 의한 평화 통일을 지향한다는 의지의 천명이라 할 수 있을 것이다.
통일 방안에 대한 이런 공통의 인식은 남북 최고위급의 합의답게 72년의 7.4공동 성명과 92년 남북 기본합의서의 합의를 뛰어넘는 것이라 할 만하다.
그렇ㄴ가 하면 3항에서의 이산가족 상봉과 비전향 장기수 문제를 풀어 나간다는 합의와 4항의 민족 경제를 균형적으로 발전시키기 위한 경제 협력은 이번 합의가 현실에 뿌리를 내릴 수 있는 토양 구실을 할 것으로 보인다.
사실 통일 방안에 대한 합의 그 자체는 원칙 내지는 목표에 대한 합의라는 점에서 추상적일 수가 있다.
그러나 남북은 남의 이산가족과 북의 경협 확대라는 서로 원하는 부분에서 합의점을 찾아냄로써 서로의 신뢰를 일궈 낼 수 있는 토대를 만들어 냈다.
단지 남쪽에서 합의가 있을 것으로 예고했던 긴장 완화와 평화 체제 구축에 관한 문제는 예상과는 달리 아무렇ㄴ 언급이 없다.
이는 주한 미군 철수 문제 등 매우 민감한 사안과 연계될 수 있다는 점에서 양쪽이 '쉽ㄴ 것부터 풀어 나가자'는 지혜를 발휘한 것이 아닌가 하는 추측이 가능하다.
또한 이번 합의에서 나타난 남북의 회담 전략이 북의 '통일'과 남의 '화해.협력'으로 집약된다는 점에서 통일에 대한 전망을 담으려는 북쪽의 강한 의지에 대한 남쪽의 양보가 아닌가 하는 분석도 가능하다.
북쪽은 이번 정상회담이 '통일 회담'임를 거듭 강조했다.
(로동 신문) (평양방송) 등 북쪽 언론들도 김일성 주석의 '조국 통일 유훈'을 관철하려는 김 위원장의 의지를 전하면서 '통일 지도자'로 부각시켰다.
이에 반해 김 대통령은 베를린선언에서 드러났듯이 '평화와 화해, 협력'을 거듭 강조해 왔다.
통일 방안의 공통성 인정은 김 위원장의 '통일 의지' 관철을 수용하고 있는 셈이다.
그러나 더 근본적인 관점에서 보면 이번 합의는 북쪽이 명분으로는 '통일'을 내세우고 있지만, 실제로는 매우 실리적인 자세를 취했기 때문이라 할 수 있다.
북쪽은 이번 정상회담으로 미.일 등 서방 세계의 북쪽에 대한 '폐쇄 국가.불량 국가 이미지'를 불식할 수 있을 것으로 기대하고 있다는 것이다.
또 북쪽은 이번 합의의 넷째 항인 경제 등의 교류 협력에 큰 기대를 갖고 있다.
실제로 이번 합의는 사회 기반 시설 구축 등 경제 재건을 위한 대규모 경협.지원을 염두에 두고 있다.
한마디로 이번 합의는 대내적으로는 '통일', 국제적으론 '개방', 대남 관계에선 대규모 '경제 지원.협력' 등 북한의 명분과 실리를 모두 충족시키고 있다는 것이다.
지자체 남북 교류 물꼬 튼다/각 시.도 움직임 이번 정상회담은 남북 교류에 획기적인 물꼬를 틀ㄹ 것으로 보인다.
일부 지방 자치 단체와 민간 단체들은 이를 계기로 경제, 문화 등 각 분야의 교류 등에 본격 나서고 있다.<> 도시 간 교류 대전시는 북한 도시의 세계과학기술도시연합(WTA)가입을 추진하기로 했다.
세계과학기술도시연합은 98년 대전시가 주축이 돼 세계 각국의 기술 집적 도시끼리 모여 정보와 인적 교류 등을 모색하는 국제 기군데, 미국, 일본, 스웨덴, 영국 등 13개국 27개 도시가 가입돼 있다.
시는 이번 회담으로 남북의 지방 자치 단체 간 교류가 활성화될 것으로 보고, 북한 최대 과학 기술 도시를 과학기술도시연합에 가입시키는 방안을 적극 추진하기로 했다.
시는 이를 위해 과학 기술 관련 연구 단체와 업체 등이 많은 북한 도시를 골라 우선 민간 단체나 종교 단체 등을 통해 교류를 시작한 뒤, 자매 결연을 맺으면서 연합 가입 절차를 밟기로 했다.
북한 영화 상영합니다 <> 북한 영화 일반 상영 인천 민예총은 16일 인천종합문예회관에서 개막되는 '제5회 황해예술제'에서 북한 영화 5편을 특별히 선정해 무료 상영한다.
상영 영화는 <춘향전>, <봄을안고사는처녀들>, <도시처녀시집와요>, <불가사리>와 애니메이션 <호동왕자와낙랑공주> 등으로 16, 18일 선 보인다.
<불가사리>는 86년 조선예술영화촬영소에서 신상옥 감독이 연출한 SF 영화로 지난 2월 일본 '니가타 국제 영화제'에 출품돼 호평을 얻기도 했다.
경기 평화 도시 건설 계획 <> 사회 간접 시설 복원.확충 경기 제2 청은 평화 통일 기반 조성과 남북 교류 활성화의 중추적 구실을 해 낼 사회 간접 자본 시설 확충을 서두르기로 했다.
제2 청은 또 휴전선 인근에 남쪽 자본과 기술, 북쪽의 노동력을 활용하는 환경 친화적인 산업 단지를 조성하기로 하고, 이미 관련 기관에 용역을 맡겼다.
아울러 남북 경제인과 노동자 등이 함께 거주할 수 있는 평화.생태 도시도 건설할 계획이다.
한편 경원선 종착 역인 연천군 신서면 대광 2리 신탄리역 주변과 고대산이 관광지로 개발된다.
연천군은 남북 화해 분위기 조성으로 관광객이 늘어 나고 있는 신탄리역과 신탄리역에서 1.5km 가량 떨어진 고대산을 관광지로 개발하기로 했다.
태백 석탄보내기운동 <> 활발한 대북지원 강원 태백 시, 정선 군, 삼척 시의 탄전 지역 사회 단체 30여 곳이 참여하고 있는 '북한 동포 석탄보내기 운동 본부'(본부장 이상진 목사)는 구제 금융 한파와 북한 잠수함 침투 사건 등으로 한동안 주춤했다가 최근 남북 화해 분위기가 무르익자 운동을 활성화할 계획이다.
인천 대전 춘천 의정부 남북정상회담 6.14 합의/남북 화해.긴장 완화 남북 정상이 14일 남북 화해와 통일 문제 긴장 완화와 평화 정책에 관한 문제에 합의함로써 남북은 '초보적인 화해.협력 시대'로 나아갈 것으로 보인다.
특히 두 정상의 합의는 남북 기본합의서의 제1장 '남북 화해'와 제2장 '남북 불가침' 조항과 쌍을 이루는 것으로서 이 합의가 앞으로 남북 관계에서 기준틀로 작용할 것임를 예고하고 있다.김대중 대통령은 이날 4개 항의 합의를 이끌어 내면서 “남과 북은 7.4 공동 성명과 남북기본합의서 등 이미 많은 합의를 이뤘으나 이제는 이를 실천하고 행동에 옮기는 것이 중요하다”며 “양쪽 간에 한반도 긴장 완화와 평화 체제 구축, 화해.협력을 위한 모든 방안을 논의해야 한다”고 밝혔다.
이때 '실천'의 구체적 방도가 바로 '남북 기본합의서'이다.
남과 북은 90년 9월부터 92년 9월까지 여덟 차례에 걸쳐 남북 고위급 회담을 진행하면서 '기본합의서'에 서명하고, 그 실무를 위한 5개 분야별 공동 위원회를 구성.운영하기로 합의한 바 있다.
5개 공동위는 남북 화해 공동위, 군사 공동위, 경제 교류.협력 공동위, 사회 문화 교류.협력 공동위 및 핵 통제 공동위를 가리킨다.
그러나 이 합의서는 92년 북쪽이 남쪽의 팀스피리트 훈련 등을 이유로 공동위 1차 회의에 불참한 뒤 아직까지 가동되지 못하고 있다.
두 정상의 합의는 이렇게 사문화한 공동위를 재가동할 가능성을 열어 놓고 있는 것이다.
이렇게 그동안 '통일 장전'이라고 불리던 남북 기본합의서가 전면에 등장하게 됨로써 남북 관계가 큰 틀의 변화를 겪을 것으로 보인다.
무엇보다 남북 화해 공동위, 군사 공동위, 핵 통제 공동위가 가동될 경우 군축 등 좀 더 구체적인 긴장 완화 정책으로 나아갈 수 있기 때문이다.
사실 4개의 합의 중 첫 두 합의는 정상회담 이전부터 논란이 많았던 부분이다.
북쪽은 남쪽에 대해 '근본 문제'인 국가보안법 철폐, 주한 미군 철수 등을 거론할 것으로 우려됐고, 남쪽은 미국 등으로부터 끊임없이 북한 핵 문제 등을 거론할 것을 요구 받았다.
그러나 두 정상이 첫 두 조항에 대한 합의는 이런 '자기 주장'을 상당히 완화하고 낮은 수준에서부터 신뢰를 회복해 나가자는 것으로 해석할 수 있다.
이렇게 두 정상이 남북 관계의 큰 틀을 바꿀 수 있는 사안에 합의한 것은 김대중 정권의 일관된 통일 정책과, 김정일 위원장의 실리주의적 태도가 복합적으로 작용한 것이라고 전문가들은 진단하고 있다.
이번 근본 문제를 피해 가고 있지만 이번 합의는 경협 등 북한의 원하는 '실리 문제'를 활성화하는 데 필수적 요소기 때문이다.
그러나 이번 합의를 통해 두 정상의 회담 정례화 등을 이룰 수 있을지는 여전히 의문이다.
왜냐하면 두 정상이 민감한 부분을 피해 가면서 '통일'이라는 당위를 얘기했지만, 구체적인 문제에 들어가면 '근본 문제'에 부닥칠 가능성이 높기 때문이다.
다만 이때도 희망적인 기대를 가능하게 하는 것은 남북이 큰 틀의 합의를 이룬 상황에서, '근본 문제'가 제기될 때도 이를 해결할 '지혜'를 발휘할 가능성이 높다는 점이다.
남북정상회담 6.14합의/체육 분야 남북 정상 간의 합의를 계기로 시드니올림픽(9월 15일~10월 1일) 남북 선수단 공동 입장에 사실상 합의하는 등 남북 체육 교류가 본격화할 것으로 보인다.김운용 대한체육회장과 정몽준 대한축구협회장 등 방북 대표단 특별 수행원들은 14일 오후 평양 인민문화궁전에서 북쪽 관계자들과 간담회를 열고 남북 체육 교류에 대해 구체적이고 깊이 있는 대화를 나눴다.
두 남쪽 체육계 대표의 다양한 교류 제안에 대해, 북쪽의 장웅 국제올림픽위원회 위원은 이날 “남쪽의 제안이 성사될 수 있다고 낙관하고 있다”며 “시드니올림픽 남북 동시 입장 역시 좋은 결실이 있을 것으로 기대하고 있다”고 대답했다.
이날 인민문화궁전에서 동시에 진행된 사회 각 분야 남북 간담회에서 나온 북쪽 관계자의 반응 가운데 특별히 구체적이고 긍정적인 언급이었다.
김 체육회장은 시드니올림픽 남북한 팀 동시 입장을 제의하며 남북 양쪽의 국기 대신 올림픽기와 각각의 국가 올림픽기를 들고 입장하고 국가는 (아리랑)을 대신 사용하면 될 것이라고 말했다.
김 체육회장은 2001년 일본 오사카 세계탁구선수권대회 단일팀 구성도 제의했다.
이 밖에도 2002년 부산 아시안게임과 관련해 북쪽이 참석해 줄 것을 요청하며 남북 단일팀 구성 백두산에서 성화 채화 탁구.축구 등 일부 종목의 분산 개최 등을 협의하자고 제안했다.
(아리랑)은 90년 남북 체육 회담에서 남북 단일팀 단가로 합의한 노래로, 북쪽이 작곡한 악보를 남쪽에 보내 남쪽에서 편곡과 연주를 해 지금껏 쓰이고 있다.
정 축구협회장은 남북 축구 단일팀을 구성해 10월 레바논에서 열리는 아시안컵 대회와 2001년 아르헨티나 세계청소년축구대회에 참가할 것을 제의했다.
그는 한 일이 공동 주최하는 2002년 월드컵에 북쪽 팀이 참석하는 문제를 재론해 볼 수 있다며 세계에서 가장 큰 축구 경기장인 평양 능라도 5.1경기장에서 경기를 할 수 있도록 해 달라고도 제의했다.
이 밖에도 대표 팀 교환 경기 또는 경평축구전을 부활하는 한편 한 중 일 3국 축구계가 논의하고 있는 동아시아 지역 리그 신설에 북쪽이 적극적으로 참여해 달라고 당부했다.
북쪽 장 위원의 답변은 남쪽의 각종 제안에 대해 북쪽이 전향적으로 논의에 임할 것임를 포괄적으로 표현한 것으로 보인다.
특히 그가 '시드니올림픽 남북 동시 입장'을 꼬집어 거론한 것은 이 문제에 관한 한 사실상 남북이 합의 단계에 일렀다는 뜻으로 해석해도 될 듯하다.
선수단 동시 입장의 상징성은 크다.
동독과 서독은 국제올림픽위원회 헌장상 서로 독자적 지위를 지닌 두 나라였음에도 1956년 멜버른 올림픽 개막식 때 한 팀으로 입장해 이데올로기를 초월한 민족적 통일 의지를 세계에 과시한 바 있다.
사실 체육 분야는, 91년 남북기본합의서 채택 직후에도 축구와 탁구의 단일팀 구성 등 해빙의 '상징적 첨병' 노릇을 톡톡히 해 왔다.
남북은 91년 일본 지바 세계탁구선수권대회 때 사상 처음 단일팀으로 출전해 여자 단체전에서 우승한 바 있다.
그 뒤에도 통일 농구 대회, 통일 축구 대회 등 여러 종목에서 꾸준히 실질적 교류가 이루어져 왔다.
체제 문제와 무관하게 비정치적이면서도 민족 동질성을 강하게 공유할 수 있는 특성이 크게 작용한 때문이다.
분단 뒤 첫 정상회담을 계기로 막혔던 남북 체육 교류의 물꼬가 다시 터질 듯하다.
남북정상회담 6.14합의/평양 체류 둘쨋 날 유치원.수예연구소.평양산원 등 찾아/김 대통령에 `조국 통일' 붓글씨 선물 / 려원구씨 등 북한 여성계 대표 면담 김대중 대통령과 함께 평양을 방문 중인 부인 이희호씨는 14일 김 대통령만큼이나 바쁜 하루를 보냈다.
김 대통령과 함께 만경대 학생소년궁전과 옥류관을 방문했고, 별도 일정으로 창광유치원, 수예연구소, 평양산원 등을 찾았다.
또 북한 여성계 대표들과 만나 환담을 나눴다.
<>.이씨는 14일 오전 9시 30분께 평양시 중구역 창광거리에 있는 창광유치원을 찾아 김춘영 원장으로부터 현황 설명을 듣고 유치원생들과 어울려 즐거운 한때를 보냈다.
모두 7개로 나뉘어 있는 교실 가운데 수업이 진행 중인 첫 번째 교실에 참관한 뒤 두 번째 교실인 '춤실'에서는 유치원생들과 함께 2분 가량 춤을 추기도 했다.
잇어 방문한 평양 수예 연구소에서는 5백여 명의 수예사들이 일하고 있는 수예실, 도안실, 전시실 등을 돌아본 뒤 방진실 소장에게 “이렇게 정성을 담은 수예품같이 온 겨레의 정성이 밑거름이 돼 정상회담이 좋은 결과를 맺기를 바란다”고 말했다.
<>.오전 11시 35분께 만경대 학생소년궁전에 도착한 김 대통령과 이씨는 1층 소조실(분야별 학습실)로 이동하면서 현관에 나와 있는 아이들과 다정하게 인사했다.
무용 소조실에서는 어린이들이 김 대통령 일행을 “안녕하셔요”이라는 우렁찬 목소리와 힘찬 박수로 맞았다.
서예 소조실에서는 한 어린이가 '조국 통일'이라고 붓글씨를 써 선물하기도 했다.
<>.이씨는 오후에는 동 평양 지구 대동강 구역 문수거리에 자리한 평양산원을 둘러보며 임산모들과 격의 없는 정담을 나눴다.
이 씨가 입원 중인 산모 2명과 얘기를 나누며 “산후에 미역국도 드시냐”고 묻자 김진수 원장은 “김정일 장군님께서 여성들에게 특별히 관심을 갖고 해마다 5~6통의 산청 꿀과 동해 미역을 보내 주신다”고 말했다.
<>.이씨는 잇어 평양 인민문화궁전에서 려원구 최고인민회의 부위원장 등 북한 여성계 대표 7명을 만나 남북 여성 단체 사이의 교류 협력과 군 위안부 문제 등을 주제로 40여 분 동안 이야기를 나눴다.
이 여사는 “21세기는 여성의 시대”라고 강조하고 “여성들이 이 민족 전체를 하나로 묶어 번영과 세계 평화에 기여할 수 있도록 노력하자”고 밝혔다.
여 부의장은 “이번 남북정상회담은 우리 민족의 대사가 아닐 수 없다”면서 “북과 남의 여성이 민족 화해와 단합에 힘쓰자”고 말했다.
<>.이 자리에는 남쪽에서 장상 이화여대 총장 등이, 북쪽에서 려 부위원장을 비롯해 천연옥 여성연맹 위원장, 홍선옥 종군 위안부 및 태평양 전쟁 피해자 보상 대책 위원장, 임경숙 재정상, 유미영 천도교청우당 중앙 위원장, 인민 배우 김정화, 마라톤 선수 정성옥 등이 참석했다.
려 부위원장은 몽양 려운형 씨의 셋째 딸이자 려연구 씨의 동생이다.
또 북한 여성 단체를 이끄는 천 위원장과 홍 위원장은 모두 외무성에서 근무하다 승진한 인물들이다.
칵테일 주발과 비슷해 / 펀치볼이란 이름으로 더 유명한 양구군 해안 면 / 1천m이상 산들에 / 병풍처럼 사방이 둘러싸여 / 지형 자체가 연구 대상 / / 을지 전망 대에 올라 / 북쪽 군인들에게 소리쳐 보면 / 금방이라?
내가 사는 마을은 대암산 아래 작은 마을 저 너머 북녘 하늘 바라보며 소리쳐 부르면 이산가족 달려나와 손짓할 것 같은데 아무리 불러 봐도 대답이 없어요..가칠봉 정상에 올라 산 아래 북녘 땅 바라보며 소리쳐 부르면 북한 친구 달려나와 뛰어 놀ㄹ 것 같은데 아무리 불러 봐도 메아리만 대답해요.. 우리 마을 뒷산 너머 바로 저곳이 가고프어도 갈 수 없는 북녘 땅 이산가족 그리며 휴전선 가깝ㄴ 이곳에서 살라시던 할머니의 마음을 우리 가족만은 알ㄹ 수 있어요 통일이여 어서 오라, 통일이여 어서 오라.. 지난해 6월 25일, 6.25 47주년 기념 경찰청 주최 '전국 학생 백일장'에서 이 시((휴전선 아래 우리 마을))를 짓어 시부 최우수상을 받은 강원도 양구군 해안 면 해안초등학교 6학년(당시) 김은숙양이 사는 해안면은 6.25 때 미군이 짓은 '펀치볼'이라는 이름으로 더 알려진 곳이다.
이 시는 해안면 현리 을지 전망 대 바로 아래 '펀치볼 도솔산 지구 전투전적비' 옆 시비에 적혀 있다.
펀치볼에는 요즘 전보다 두세 배 많은 수학 여행 버스가 몰려들고 있다.
남북 정상회담이 열리면서 예전의 '안보.반공 관광지'가 '민족 화합.통일 관광지'로 바뀌고 있는 모습이다.
펀치볼은 펀치(각종 주스와 위스키를 섞은 칵테일의 일종)를 담는 주발을 말한다.
이 주발처럼 생긴 산간 분진 양구 펀치볼은 지형 그 자체가 학계의 연구 대상이자 희귀한 볼거리다.
양구읍에서 해발 1050m의 돌산령 고개를 넘어 가면 360도가 높은 산으로 둘러싸여 거대한 화산 분화구 같은 농경 지대가 바로 펀치볼이다.
펀치볼에는 하나의 면(해안면) 전체가 들어 있다.
해안면은 남한 최북단 면이다.
해안면 현리의 북쪽 경계선은 남한 쪽 철책선이다.
그 철조망 선 중간 가칠봉(1242m) 능선에 북녘 땅을 코 앞에 내려다보는 을지 전망 대가 있다.
을지 전망 대로부터 북쪽 1.2km 지점에 북한 쪽 철책이 있고 그 사이가 비무장 지대다.
을지 전망 대는 남녘 군사 분계선 부근 전망 대(고성, 양구, 철원, 오두산, 김포 애기봉) 가운데 가장 북녘 땅에 가깝고 위치가 좋아서 북쪽 군인들이 농사 짓는 모습을 생생히 볼 수 있고 소리쳐 부르면 대답할 만한 거리다.
펀치볼 일대의 쾌청 일 수는 한 해에 100일인데, 지난주 금요일(9일)은 날씨가 무척 맑아 을지 전망 대에서 금강산 비로봉이 훤히 보였다.
또 한창 물들기 시작한 녹음은 남녘땅에서 북녘으로 똑같이 짙푸른 물감을 색칠하고 있었으며, 그 속에서 꾀꼬리와 뻐꾸기들이 철책선을 관통하는 노래를 불러 대며 생명의 봄을 노래하고 있었다.
을지전망대 아래(양구군 해안면 현3리)에는 '제 4 땅굴'이 있다.
1978년 제3 땅굴이 발견된 지 12년 만인 90년 3월 3일 발견된 제4 땅굴은 군사 분계선에서 1200m 떨어진 곳에 있다.
예전에 '안보 관광지'로서 양구 전적지 관광은 '단장의 능선'.'피의 능선' 전적지 등을 거쳐 을지 전망 대와 제4 땅굴에서 '반공 의식'의 절정에 일렀다.
그러나 요즘은 분위기가 확 바뀌어 제4 땅굴을 보고 나온 관광객들이나 그들을 안내하는 펀치볼 사람들은 이구동성으로 하는 말이 생겼다.
“제4 땅굴의 가운데 막이벽을 다시 뚫어 남북이 오가는 통로로 이용하자!”는 것이다.
# 어째서 오목할꼬? 차별 침식설에 가장 무게 / 호수설.운석 충돌설도 제기 펀치볼은 대암산(1304m) 줄긴 가칠봉(1242m), 대우산(1179m), 도솔산(1148m)을 잇는 남북 방향의 분수령으로 구획돼 있다.
분지 바닥 사방에서 모여 드는 방사상의 작은 하천들은 동쪽으로 인제 군 북면 방향의 소양 강으로 유입돼 북한강으로 흘러 간다.
펀치볼 분지의 해발 고도(약 450m)는 대전 보문산 높이와 같다.
펀치볼을 둘러싼 대암산은 두타산(1353m), 원주 치악산(1288m), 광주 무등산(1187m) 등과 비교해 볼 수 있다.
펀치볼의 모습은 남북 방향으로 길쭉하며 남쪽으로 좁아진 접시와 같다.
이처럼 특수한 지형을 이루게 된 데 대해서는 '운석 충돌설'과 '차별 침식설'이 있으나, 충돌설은 분지에서 운석의 파편이 발견되지 않아서 신빙성이 낮고, 분지 바닥이 주변에 비해 무르다는 이유에서 차별 침식설이 신뢰를 받고 있다.
펀치볼은 또 옛날 호수였다는 설도 있다.
지금도 산 중턱에서 조개 껍질이 발견되고 있다.
펀치볼 분지 면적은 23 제곱 킬로미터, 동서의 길이는 약 3.5km이어서 백두산 천지(둘레 11.3km, 면적 7.8 제곱 킬로미터, 깊이 320여m)와 비교해 볼 수 있다.
펀치볼은 6.25 격전지로서 펀치볼 전투, 도솔산 전투, 가칠봉 전투 등을 기념하자는 전적비가 여러 개 세워져 있다.
지금도 곳곳에 '지뢰 밭' 푯말이 있고 지난해 산나물을 캐던 주민이 지뢰를 밟아 죽기도 했다.
전후 이곳 일대는 민간인 출입이 통제돼 자연 환경이 잘 보존돼 왔기에 천연기념물 열목어, 개느삼, 금강초롱, 날개하늘나리, 해오라비난초, 끈끈이주걱, 산양 등 많은 희귀 동식물들이 살고 있다.
또 해발 1300m의 대암산 산정에는 남한 유일의 고층습원인 '용늪'이 수천 년의 생태계 변화를 간직하고 있다.
# 펀치볼 가는 길 동서울터미널에서 아침 6시 30분(첫차)부터 오후 6시 45분(막차)까지 하루 11회 양구 행 시외 버스가 떠난다.
3시간 30분 걸린다.
상봉터미널에서 아침 7시부터 오후 6시 19분까지 하루 12회 양구 행 시외 버스가 떠난다.
춘천 시외 버스 터미널에서 아침 5시 50분부터 저녁 7시까지 하루 15회 양구 행 버스가 있다.
1시간 30분 걸린다.
양구읍에서 펀치볼(해안면)까지 아침 7시 10분부터 하루 5회 시외 버스가 있다.
해안면에서 나오는 막차는 오후 6시 30분.
양구~해안은 25분 걸린다.
서울에서 승용차는 양평~홍천~신남~양구 차례로 간다.
춘천을 거쳐 가거나, 청량리역에서 기차(무궁화호.통일호)로 춘천까지 가서 소양호 유람선을 타고 양구로 가는 방법도 있다.
양구~소양댐은 배로 30분 거리.
양구읍에 세종호텔 등 30여 곳의 숙박 시설이 있다.
울림식당(481/2419), 보문식당(481/2431) 등 토산 식품 식당과 한식당(산채, 갈비)으로 제일회관(481/2102), 송죽회관(482/3378) 등이 있다.
'오늘은 평양냉면 먹자' 손님 줄 잇어 13일 남북 정상회담 덕분에 북한 음식점들이 즐거운 비명을 지르고 있다.
특히 전국의 낮 기온이 30도를 오르내리는 무덥ㄴ 날씨까지 겹치자 평양냉면, 함흥 냉면 등이 큰 인기를 끌었다.서울 장충동의 한 냉면 집은 이날 평소보다 갑절쯤 많은 손님 400여 명이 몰려 하루 종일 북적댔다.
주인 김대성(56)씨는 “손님들이 북한 냉면을 들면서 남북 정상회담 텔레비전 중계를 보며 통일에 대한 기대감을 감추지 못하았다”며 “덕분에 준비한 재료가 모자랄 지경”이라고 즐거워했다.
이날 점심 때 서울 광화문의 한 냉면 집을 찾은 회사원 이명환(34)씨는 “오전에 남북 정상의 만남을 지켜 보면서 직원들끼리 '오늘은 평양냉면이나 먹자'고 의견을 모아 오게 됐다”며 “평소 냉면을 즐겨 먹는데, 오늘은 그 맛이 더욱 특별했다”고 말했다.
일부 냉면 집에서는 정상회담을 축하하는 뜻에서 손님들에게 냉면을 공짜로 대접하기도 했다.
남북 정상 평양 회담 해외 동포 반응/'꿈만 같다 통일 빨리 왔으면' 일본.중국.미국 등에 살고 있는 해외 동포들은 13일 남북한 정상 간의 역사적인 첫 만남을 텔레비전을 통해 보며 기쁨을 감추지 못하았다.
특히 민단과 총련으로 나뉘어 대립해 온 역사를 가진 재일 동포들은 “꿈만 같다”며 통일에 대한 큰 기대를 나타냈다.<> 일본”정말 감동적이다.
이것으로 다 된 것 아니 요?
이거 축배라도 들어야지.”
친 북한 단첸 재일총련 중앙의 한 간부는 정상회담 소감을 묻자 대뜸 외치듯이 말했다.
그는 들뜬 목소리로 “이러니저러니 해도 김정일 국방위원장이 직접 공항에 출영한 모습, 그 한 장면이 백 마디 말보다 낫은 것”이라며 “역시 우리 민족끼리 남의 간섭 받지 말고 하는 것 그것이 중요하다”고 강조했다.
도쿄 지요다구에 있는 총련 중앙 본부에서는 본관 텔레비전 앞에 직원 150~160명이 몰려 환성을 올리고 손뼉을 치면서 두 정상의 만남을 지켜 봤다.
이런 장면은 재일 동포들 모든 가정에서도 펼쳐졌다.
친한국 단첸 민단의 배철은(45) 선전국장도 “너무 감격스럽다”며 “솔직히 말해 만남이 성사될지 말지 걱정했고 북에 불신감도 갖고 있었는데 김 위원장이 공항까지 나온 것은 예상 이상”이라고 말했다.
그는 또 “시작이 반”이라며 김 위원장이 서울에 올 수 있을지가 중요한 문제라고 말하고 “계속 만나야 한다”고 강조했다.
총련 중앙 국제국은 이날 “오늘 역사적 상봉이 전체 재일 동포들이 주시하고 있는 가운데 실현된 데 대해 감개무량과 기쁨을 금하지 못하며 이 역사적 상봉이 민족의 화해와 단합, 통일로 이어지기를 진심으로 바라다”는 성명을 냈다.
그러나 총련 중앙의 공식 성명은 일단 뒤로 미뤘다.
민단 쪽도 “일단 회담 결과를 지켜 본 뒤 기자 회견을 통해 공식 입장을 밝히겠다”며 다소 신중한 자세를 나타냈다.
총련계 민족 학굔 도쿄조선중고급학교 홍보 담당 고석전(37)씨는 “텔레비젼 화면을 보고 소름이 끼칠 정도로 너무너무 반가웠다”며 “화면을 녹화해 학생들 수업이 끝나면 모두 보여 줄 계획”이라고 말했다.
이 학교는 정상회담 합의 후 학교에 걸ㄴ 플래카드를 `통일 조국의 유능한 역군이 되기 위해 배우고 배우고 또 배우자'로 바꿨다.
동포 작가 양석일씨는 “경제 문화 양면에서 교류가 진척돼 몇 년 뒤에는 휴전선을 철폐하고 자유롭게 왕래할 수 있는 상황이 될 수도 있다는 기대를 걸ㄹ 수 있게 됐다”며 감격해했다.
<> 중국 많은 재중 동포들은 직장에 휴가 원을 내고 이날 하루 종일 한국 위성 텔레비전으로 중계되는 남북한 정상의 만남을 지켜 보며 기쁨을 나눴다.
중국 선양에 살고 있는 재중 동폰 윤정삼(45)씨는 “주변의 많은 친구들이 직장에 휴가 원을 내고 하루 종일 한국 위성 텔레비전으로 남북 정상회담을 지켜 봤다”며 “오늘은 온 민족 최대의 경사 가운데 하나”라고 말했다.
윤씨는 “남북한이 발전해야 중국의 조선족과 연변도 발전할 수 있다고 생각하는 것이 모든 조선족 동포들의 심정”이라고 전했다.
재중 동포들이 운영하는 기업체들도 남북 정상회담에 맞춰 한글 신문인 (요녕조선문보) 등에 '남북정상회담을 축하합니다' 등의 문구로 전면 광고를 냈다고 윤씨는 전했다.
<> 미국 미국 로스앤젤레스에 거주하는 동포들은 남북 정상회담을 통해 통일과 이산가족 재회, 경제 협력 문제 등이 하루빨리 해결되길 기원했다.
하기환 로스앤젤레스 한인회장은 “분단 55년 만에 첫 남북 정상 간의 만남이 이루어진 만큼 희망에 차 있다”며 “남북 개선 물꼬가 트이고 북한과 미국이 수교해 재미 동포들이 직접 북한과 사업을 할 수 있길 바란다”고 말했다.
최계옥 로스앤젤레스 평화통일자문회의 의장은 “많은 것을 논의해야겠지만 이번 회담에서 우리가 가장 바라는 한두 가지만이라도 이루어졌으면 좋겠다”며 “한반도에서 다시는 전쟁이 없어야 하고 통일에 앞서 화해와 협력의 시대를 열어야 할 것”이라고 말했다.
원산이 고향인 실향민 김도우 전 남가주 이북5도민연합회장은 “이번 정상회담은 통일을 위한 필수 조건을 마련했다는 데 그 의미가 깊다”며 “정상회담을 통해 이산가족 상봉이라는 민족적 과제를 풀어야 할 것”이라고 밝혔다.
남북 정상 평양 회담 '서해교전 1년' 연평도는 평화 정착돼 조업 규제 풀리길 기대 북한 어민과 함께 꽃게 잡았으면...꼭 1년 전인 지난해 6월 15일 '서해교전'이 발생해 한반도를 긴장감 속으로 휘몰아 넣은 인천시 옹진군 연평도는 13일 마냥 평화롭기만 했다.
해군 전탐선 7~8척이 인근 해상을 돌며 경계 근무를 하지 않았다면 여느 바다와 다를 바 없는 모습이었다.
전체 주민 1300여 명의 절반 이상을 차지하는 어민들은 평상시와 다름없이 꽃게 잡이에 나서거나 그물 손질을 하는 등 바쁘게 일손을 놀리면서도 정상회담 소식에 촉각을 세웠다.
이날 모두 54척의 어선에 오른른 주민 200여 명은 새벽 5시께 배를 타고 나서면서부터 저녁 7시 섬에 돌아올 때까지 배 안에서 라디오를 통해 정상회담 소식을 들었으며, 조업에 나가지 않은 어민들은 집 안에서 텔레비전 중계를 지켜 보며 성공적 만남이 되기를 기원했다.
이곳 주민들은 그 누구보다 남북의 평화를 갈망해 온 사람들이다.
이들은 남북한 긴장 상태가 조성될 때마다 조업이 금지돼 막대한 손해를 입었다.
그런 만큼 주민들은 이번 남북 정상회담이 평화 정착으로 이어져 조업 규제도 완화되길 바라고 있다.
어민 김 아무개(43)씨는 “지난해 서해교전 이후 통제가 강화됐지만 그 이전에는 북한 어민들과 이야기를 나누며 꽃게 잡이를 했다”며 “북한 어민들과 오순도순 이야기하며 고기를 잡는 시절이 빨리 왔으면 한다”고 말했다.
연평도 앞바다에 주둔하고 있는 한 해군 관계자는 “만일의 사태에 대비해 비상 근무에 들어가는 등 경계에 만전을 기하고 있으며, 서해교전 1년 기념 행사는 일절 하지 않기로 했다”고 전했다.
남북정상회담 전국 이모저모 / 마라도.백령도에도 감동의 물결 남북 정상의 역사적인 만남이 성사된 13일 전국 방방곡곡엔 벅찬 감동과 희망의 물결이 출렁였다.동해의 끝 섬 독도에서 백령도 등 서해5도, 최남단 마라도에 이르기까지.
일촉즉발의 긴장감이 맴돌던 휴전선 인근 대성동 마을에도 통일의 새 장정에 대한 아낌없는 환호성이 하루 종일 이어졌다.
<>.53년 휴전 협정 직후 판문점 서남쪽 1km, 군사 분계선 남쪽 500m 지점에, 북한의 개성시 기정동 마을에 대응해 조성된 경기 파주시 군내면 조산리 왼딴마을 대성동 주민들은 이날 설렘 속에 하루를 보냈다.
50여 년 간 분단을 운명으로 받아들여야 했던 53가구 215명의 주민들은 남북 관계가 변할 때마다 일희일비해 왔다.
주민 김동진(47)씨는 “주민 모두 김대중 대통령이 돌아오는 길이 곧 화해와 평화, 통일의 길이 되길 진심으로 바라고 있다”고 말했다.
<>.50여 년간 사랑하는 부모 형제와 생이별을 하고 있는 실향민들이 정상회담을 대하는 눈길은 남다르다.
김 대통령이 이날 오전 순안공항에 첫발을 내딛는 모습을 이북5도 충북 사무소에 모여 시청한 충북 지역 실향민들은 “꿈에도 그리던 통일 물꼬가 이제야 제대로 트이게 됐다”며 “정상회담에서 이산가족들이 재회할 수 있는 길이 열렸으면 좋겠다”고 기대했다.
이북5도 대구 지구 회원 130여 명은 이날 오전 대구시 태평로 시민 회관 앞 광장에서 남북 정상회담 성공을 기원하는 결의 대회를 여는 한편 800 만 이산가족의 재회와 평화 통일을 위해 노력할 것을 다짐했다.
<>.”오늘은 기쁜 날, 음식을 공짜로 드립니다.”
남북 정상회담이 시작된 이날 대전 지역의 일부 음식점과 백화점에선 기쁜 날을 함께 즐기자며 음식을 무료로 내놓아 흐뭇함를 더했다.
대전 둔산동 일식집 '어림'(대표 박영기.45)은 남북 정상회담을 축하한다며 손님들에게 점심부터 식사와 음료수 등을 무료로 대접했다.
어림 쪽은 식당 문 앞에 '축 남북정상회담'이란 문구와 '반갑습네다'이란 인사말 등이 적힌 포스터를 내걸고 15일까지 무료로 식사를 제공한다고 밝혔다.
서구 월평동 전철우 랭면집도 정상회담 축하 플래카드를 가게 앞면에 내걸고, 실향민 1세대에게는 냉면 값을 받지 않았고, 다른 손님에게도 50% 깎아 줬다.
<>.통일을 기원하는 각종 행사도 곳곳에서 열렸다.
전남 완도 군은 '우리민족 서로돕기운동'과 함께 북한에선 거의 생산되지 않는 미역을 북쪽에 보내기로 했다.
군은 어민후계자모임, 완도수협 등과 '사랑의 미역보내기 운동 본부'를 결성해 성금을 모아 20 억 원어치의 마른 미역을 북쪽 동포들에게 전달할 계획이다.
<>.최 남단 마라도 주민들도 남북 정상의 만남을 차분히 지켜 보면서 성공적인 결실을 맺을 수 있기를 기원했다.
2년째 마라도에서 항로표지관리소장을 맡고 있는 김장민(46)씨는 “김정일 국방위원장이 김대중 대통령을 영접하기 위해 공항에 나오리라곤 생각하지도 못하았는데, 그가 직접 나와 함께 차를 타고 간 모습을 보니 화해의 시대가 실감 난다”며 “정상회담이 반드시 결실을 맺을 것이란 예감이 들ㄴ다”고 말했다.
휴전선 인접 강원도 북부 지방 주민들은 남북 정상이 평양 순안공항에서 만나는 장면이 텔레비전을 통해 생중계되자 “정말 만났구나”라며 감개무량한 분위기에 젖어 들었다.
철원 군 번영회와 미수복 철원군민회장 등 2개 단체의 이근회 회장은 “50년 전 아버지 손 잡고 떠났던 고향 마을과 어머니 산소에 갈 기회가 올는지 가슴이 설렌다”며 눈시울을 붉혔다.
철원읍 대마 2리의 김정배(37)이장은 “이번 회담이 잘돼 분단 현장인 마을 주민의 고통이 덜어지고 낙후 지역 개발도 활성화되는 계기가 됐으면 좋겠다”고 했다.
소프라노 윤인숙씨 정상회담 기념 음반 소프라노 윤인숙씨가 남북 정상회담을 기념하는 성악 음반을 냈다.
<우리는 하나>이라는 제목으로 출시된 이 음반에는 (달무리) (그네) (고풍 의상) 등 고 윤이상씨가 1945년을 전후해 만들ㄴ 초기 가곡 5 곡을 비롯해 황병기, 이성천, 이건용, 정풍송씨가 만들ㄴ 통일을 염원하는 노래 14 곡이 담겨 있다.소프라노 윤씨는 작곡가 윤씨의 수제자로 윤씨의 음악을 국내에 소개하는 데 많은 노력을 기울여 왔을 뿐만 아니라 90, 98년 평양에서 열린 '범민족 통일 음악회'와 '윤이상 통일 음악회'에 참가하는 등 그동안 음악을 통한 남북 교류에 앞장서온 중견 성악가다.
수록곡에는 분단사상 최초로 남과 북의 작곡가가 함께 만들ㄴ 노래 (통일의 길)도 포함돼 있다.
이 곡은 90년 서울 전통 음악 연주단 단장으로 '범민족 통일 음악회'에 참가했던 국악인 황병기씨와 북한 작곡가 성동춘씨가 함께 만들ㄴ 곡으로, 민족 통일을 염원하는 꾸밈 없고 솔직한 민요풍의 가사가 굿거리 장단의 애절한 가락에 실려 있다.
이 밖에 (엄마야 누나야)(이성천 곡) (사랑)(이건용 곡), (고향의 달), (즐겁ㄴ 편지)(황병기 곡) 등이 담겨 있다.
남북 정상 평양 회담 세계 반응/'한반도에 새 역사...시작 좋다' 세계 각국의 언론과 한반도 전문가들은 13일 김정일 국방위원장이 평양 순안공항에 직접 나와 김대중 대통령을 영접하고 많은 일정이 생중계된 데 대해 놀라면서 정상회담의 전망을 밝게 내다봤다.<> 미국 셀리그 해리슨 우드로윌슨연구소 수석 연구원은 김 위원장의 공항 영접은 “대단히 고무적인 일”이라면서 “시작이 아주 좋다”고 말했다.
그는 “두 최고 지도자가 공식 대좌가 아닌 사적 대화를 나눌 기회가 있을 것인지 여부가 가장 큰 의문이었다”면서 “김 위원장의 공항 영접은 김 대통령의 방북 기간 중 두 정상이 충분한 시간을 갖고 여러 번 만나 민족 문제를 실질적 차원에서 논의할 것이란 짐작을 가능하게 한다”고 밝혔다.
한국경제연구원의 피터 베크 연구실장은 “처음엔 상징적 만남 이상이 되기 어렵ㄹ 것으로 생각했는데 김 위원장의 공항 영접을 보고 그가 정상회담에 임하는 자세를 알게 됐다”며 “회담 결과가 기대 이상일 가능성이 있다”고 조심스레 전망했다.
(CNN 방송)은 “새 역사가 쓰여졌다”고 적극적인 의미를 부여했다.
(ABC 방송)는 “남북은 이미 사이좋은 친구가 된 듯한 느낌”이라고 전했고 (로스앤젤레스타임스)는 “평소 대중 연설을 회피하고 외국 지도자를 잘 만나지 않는 김정일이 이날 따라 매우 자연스럽ㄴ 모습을 보였다”고 보도했다.
(크리스천사이언스모니터)는 “북한이 깡패(ROGUE)에서 멋쟁이(VOGUE)로 변했다”며 북한은 이제 개방으로 나설 수밖에 없을 것이라고 분석했다.
(워싱턴포스트)는 “한반도를 피로 얼룩지게 한 전쟁이 끝난 지 50년 만에 남북한 지도자가 화해를 향한 역사적 노정에 들어섰다”고 평가했다.
<>중국.홍콩.대만 중국과 대만의 주요 언론들은 인터넷 홈페이지에 특별 사이트를 개설하고 10~20분 간격으로 변하는 상황을 중계하듯 보도했으며, 토론 방도 열었다.",234,19507
iks_doc_2000_hankyoreh_005,Hankyoreh 2000 annotated text file unicode.txt,Hankyoreh,한겨레,2000,2000_june_summit,중국인들은 이 토론에서 “남북한 두 정상이 악수를 하는 것을 보고 중국/대만 양안의 현상태를 생각하니 비통한 감정을 느낀다”거나 “조선인들은 중국인들보다 응집력이 있다”,,"“조선 지도자는 비교적 젊고 박력이 있다”는 등 부럽ㅁ 섞인 글을 많이 올렸다.
중국 관영 (신화통신)은 “김정일 국방위원장이 직접 김대중 대통령을 영접했으며 얼굴에 웃음을 가득 머금고 손을 뻗어 김 대통령과 악수를 했다고 전했다.
(인민일보)는 “양국 국민들은 이번 정상회담이 한반도 정세에 변화를 가져오고 동북아 및 세계 평화와 안정에 적극적인 공헌을 할 것으로 바라고 있다”고 전했다.
홍콩의 (명보)는 “남북한 정상회담은 반 세기의 간극을 깨뜨렸다”고 보도했으며 (사우스차이나모닝포스트)는 “남북 화해를 위한 거대한 걸음을 내디뎠다”고 1면 머릿기사로 이번 회담의 의미를 평가했다.
<> 일본 다케사다 히데시 방위청 방위 연구소 제3 연구실장은 “김정일 위원장이 공항까지 직접 출영한 것은 이례적”이라며 “상황으로 보건대 김 위원장이 다음 회담 때 서울에 올 가능성이 크다”고 전망했다.
게이오 대 법학부의 오코노기 마사오 교수는 “북한 쪽 환대는 중국 정상을 출영하는 것과 필적할 정도로 융숭했다”며 “이산가족 상호 방문이나 남북 철도 연결 등 상징적인 합의가 이루어질 가능성이 있다”고 말했다.
(NHK방송)은 김대중 대통령 방북을 매시간마다 머릿기사로 보도했다.
'북쪽 큰 배려 전망 기대' 전문가 '최사 의전' 의미 부여...'차분함'주문도 북쪽 관행에 정통한 북한 고위층 출신 전문가들도 김정일 국방위원장의 순안공항 영접 등 파격적 접대와 관련해 “북쪽이 이번 정상회담을 최상의 의전으로 대하며 큰 배려를 하겠다는 뜻을 강하게 내비친 것”으로 받아들였다.
이들은 또 “김 국방위원장뿐만 아니라 북쪽 당.정.군 최고위층이 총출동한 것도 이례적”이라며 “일단 정상회담의 전망이 밝다고 봐도 될 것 같다”고 분석했다.
그러나 이들은 북쪽이 예상 밖으로 파격적 의전을 선 보인 것에 대해 “너무 흥분하지는 말ㄹ 것”을 주문했다.
한 전문가는 “북쪽이 회담 전에 비관적인 전망을 흘린 뒤 극적 효과를 노린 것으로 볼 수 있다”며 “순안공항의 첫 만남을 너무 부각시키면 북쪽의 의도에 말릴 가능성이 있다”고 지적했다.
방송.영화 등 대중 매체의 효과에 관한 한 '전문가'인 김 위원장이, 남북 정상회담 소식이 온 세계로 긴급 타전되는 상황을 염두에 두고 연출한 '극적 파격'에 담긴 속뜻을 좀 더 지켜 볼 필요가 있다는 것이다.
이들은 인민군 의장대 사열.분열 등 순안공항 영접 형식에 대해서도 단정적 해석을 삼갈 것을 주문했다.
북쪽 외교 관례에 밝은 한 전문가는 “북에선 형제국 국가 원수가 방문하면 인민군 의장대가 사열뿐만 아니라 분열도 한다”며 “이는 국가 간 의전에 해당한다고 볼 수도 있지만 정보가 부족한 상태에서 아직 뭐라 말하기 곤란하다”고 지적했다.
이들은 또 김 국방위원장이 김 대통령의 의전 차량에 동승한 것에 대해서도 “북쪽에선 귀한 손님이 오면 공항에 영접 나온 대표가 동승해 숙소까지 가는 일이 흔하다”며 지나친 확대 해석을 삼갈 것을 지적하면서도, “하지만 남북 정상의 만남이 55년 만에 처음임를 염두에 둔다면 좀 각별한 의미가 담겨 있다고 볼 수도 있다”고 말했다.
결론적으로 북한 출신 전문가들은 남북 정상의 첫 대면에 대해 '정상회담에 임하는 북쪽의 큰 기대와 배려가 담겨 있다'고 긍정적으로 해석하면서도, 분단 55년의 대립과 갈등이 누적된 복잡한 현실을 염두에 둔 냉정함와 차분함가 절실하다는 지적도 잊지 않았다.
기업인 줄줄이 방북 계획 정주영씨.이건희 회장 등 추진.외국 상의도 가세 15일 남북 정상회담이 성공적으로 끝날 경우 남쪽 기업인들의 북한 방문이 봇물을 이룰 것으로 보인다.
그동안 대북 사업과 관련된 방북 일정을 남북정상회담 이후로 연기해 온 국내 대기업, 중소기업, 경제 단체, 주한 외국 상공 회의소 등은 회담 이후 일제히 방북 추진을 재개할 움직임을 보이고 있다.
그동안 남북 경협을 주도해 온 현대의 정주영 전 명예 회장은 이달 말쯤 다시 방북해 김정일 국방위원장을 면담한 뒤 서해안 공단 부지 선정, 금강산 후속 개발 등 대북 사업을 일괄 타결짓겠다는 계획이다.
북한 쪽으로부터 지난해부터 꾸준히 방북을 요청 받아 온 삼성 이건희 회장도 이번 윤종용 삼성전자 부회장의 방북으로 삼성의 대북 사업 계획이 구체화되면, 이르면 올해 말 북한에 들어갈 계획이다.
삼성 관계자는 “평양체육관에 전광판을 설치하는 작업이 이미 끝난 상태어서 정상회담이 끝나면 윤 부회장이 바로 방북해 점등 식 개최 시기를 결정할 것”이라면서 “이 회장은 삼성전자 전자 복합 단지 건설이 합의되면 방북할 공산이 크다”고 말했다.
엘지도 구본무 회장의 이번 방북 뒤 그룹의 대북 창군 엘지상사 이수호 사장 등 고위 임원이 비무장 지대 물류 센터 건설 등을 논의하기 위해 방북에 나설 계획이다.
전국경제인연합회는 지난달에 이북 출신 기업인들로 구성된 고향투자협의회 소속 기업인들의 방북을 추진하던 중 정상회담 발표로 연기한 만큼 조만간 이들의 방북을 재추진하겠다는 방침이다.
이 밖에 주한 미국 상의와 주한 유럽 상의 등도 대북 사업의 타당성 조사를 위해 투자 조사단을 올해 하반기 중 북한에 파견할 계획이다.
만남의 길을 열ㄴ 사람들/고 문익환 목사 부인 박용길씨에 더 귀 기울여야 “문 목사님과 제가 감옥에서 고생했던 일이 다 꿈만 같습니다.
돌아가신 목사님이 이 장면을 보셨다면 덩실덩실 춤이라도 추셨을텐데..”13일 오전 평양 순안공항에서 펼쳐진 남북 정상의 역사적인 상봉을 텔레비전으로 지켜 보던 박용길(81) 장로의 눈 언저리가 가늘게 떨렸다.
박 장로는 목회자자 통일 운동가, 시인이었던 늦봄 문익환 목사의 부인이다.
또 그 스스로 지난 95년 6월 김일성 북한 주석의 조문을 위해 북녘 땅을 밟았다.
“저도 순안공항으로 입북했지요.
그때도 북쪽 동포들의 환영은 열렬했는데, 오늘 그보다 더 거대한 환영 물결을 보니 눈물이 나려고 하네요.”
당시 한 달 만인 7월 31일 판문점을 거쳐 귀경한 그를 기다린 것은, 그보다 먼저 허가 없는 방북을 감행했던 남편 문 목사가 겪었듯, 일흔 여섯 주름진 손목을 옥죄는 차가운 수갑의 감촉이었다.
“일 왕이 숨져도 조문을 가는데 94년 정상회담을 불과 2주 앞두고 김 주석이 타계했지만, 회담 당사잔 우리는 조문조차 안 했습니다.
이 때문에 남북 관계는 더욱 냉랭해졌고요.
목사님이 살아 계셨다면 몸소 가셨겠지만, 김 주석보다 반년 먼저 돌아가신 터라 저라도 가야겠다고 생각했습니다.”
그로부터 5년 만에 남북 정상이 뜨겁게 손을 맞잡았으니 그의 감회가 남다를 수밖에 없다.
“그동안 무수히 밀사가 오갔으면서도, 한쪽에선 법을 어기고 방북했다고 숱한 사람들이 탄압 받았습니다.
그들의 고난이 있었기에 정상회담도 이루어졌다고 봅니다.”
“정상회담을 계기로 남쪽 사람들이 한겨렌 북녘 사람들의 얘기를 좀 더 귀 기울여 들었으면 해요.
그것이 진짜 통일맞이 연습 아니겠어요.”
비전향 장기수 표정 / '북녘 고향 갈 날 멀지 않았겠지요' “언젠가는 가족들이 사는 저 곳에 가리라고 생각해 왔어.
지금 목이 메고 눈물을 흘리는 것은 고향에 갈 수 있을 것이라는 기대보다 남북의 최고 지도자가 만나 한 민족임를 확인하고 그래서 평화 통일을 이룰 수 있겠다는 기쁨 때문이지.”대전시 동구 성남동 형제의 집에서 김대중 대통령과 김정일 국방위원장의 만남을 방송으로 지켜 보던 비전향 장기수 김용수(69) 최선묵(72) 최수일(61) 한장호(71)씨는 감격의 눈물을 닦으면서 기쁨을 감추지 못하았다.
이들은 지난 60년대 간첩 혐의 등으로 체포된 뒤 자신들의 신념을 굽히지 않아 30여 년을 교도소에서 복역한 장기수들이다.
최수일씨는 “대통령 방북이 하루 연기됐다고 했을 때 '평양교예단 공연도 있고 하니 별일이야 있겠느냐, 잘 될 것' 이라고 서로 위로를 하면서도 불안한 마음에 무척 길ㄴ 하루를 보냈는데 오늘 남북 정상의 만남을 지켜 보니 어제의 조바심은 물론 그동안 힘들었던 일들이 눈 녹듯 풀린다”며 상기된 표정을 감추지 못하았다.
김용수씨는 “그동안 우리가 수십 년간 고생한 것에 대해 억울하게 생각한 적이 없다”며 “소신에 따라 양심을 지킨 만큼 우리의 희생이 조국의 평화적인 통일과 7 천만 한겨레가 하나 되는 초석이 된다면 여한이 없다”고 말했다.
한장호씨는 “이번 정상회담에서 분단을 종식하고 통일을 이루는 걸림돌을 치워 나가 민족이 하나 되도록 근본적인 문제부터 차근차근 원칙을 마련하길 바란다”고 말했다.
이들은 정상회담을 통해 이산가족 문제가 해결돼 논산에 있는 김명수(68)씨, 사랑의 집에 남아 있는 함세환(68)씨 등과 가족의 품으로 돌아갈 날이 앞당겨지길 소원하며 점심 상을 앞에 두고도 중계 방송에서 눈길을 떼지 못하았다.
이북 5도민 대전 연합회(회장 명노형.73)와 실향민 8가구 19명이 모여 살은 대전 동구 천동 천개마을 주민들도 이른 아침부터 역사적인 남북 정상회담을 기대와 감격으로 지켜 보며 성과를 기대하는 모습이었다.
통일 새싹 눈에 비친 정상회담 `사이좋게 지내자' 말하는 것 같아요 김대중 대통령과 김정일 국방위원장의 역사적인 만남은 미래의 주역이 될 어린이들의 눈에도 감동과 기쁨을 선사했다.
“대통령께서 처음 비행기 타고 갈 때만 해도 '암살'을 당할지도 모른다고 생각했어요.
하지만 김정일 위원장이 직접 마중 나온 것을 보니 북한도 정말로 통일을 원한다는 느낌이 들었습니다.”(고승휘.13.서울 삼전초등 6) “4학년 때 중국을 통해 평양에 간 적이 있다”는 리틀엔젤스 출신인 구윤희(13.삼전초등 6)양은 “서울에서 평양까지 1시간 7분 만에 직접 가는 모습을 보니 너무너무 기쁘다”며 흥분된 표정을 감추지 못하았다.
같은 반의 이금강(13)군은 “이산가족이 꼭 서로 만나고 2000년 시드니올림픽에 단일팀으로 출전하고 2002년 월드컵도 공동 개최했으면 좋겠다”고 말했다.
유치원생들의 눈에 비친 반응은 더욱 순수했다.
경기 성남시 중원구 한사랑유치원에서 친구 50여 명과 함께 텔레비전을 지켜 보던 김윤경(6)양은 두 정상이 악수하며 뭐라고 말하자 “'와 줘서 고마워요', '우리 이제 사이좋게 지내요'라고 말한 것 같다”고 나름의 해석을 했으며, 북한 사람들이 손을 흔들며 소리를 지르자 “대통령 할아버지가 오셔서 환영한다는 뜻인 것 같았다”고 말했다.
한편 이날 대부분의 초.중.고교에서도 정규 수업을 중단한 채 남북 정상회담 방송을 시청하는 등 큰 관심을 보였다.
서울 세륜 초등학교에서는 오전 10시 30분부터 전교생이 수업을 중단하고 교실마다 설치된 텔레비전을 통해 김 대통령의 평양 도착 장면 등을 지켜 봤다.
덕수.강원 초등학교 등도 고학년을 대상으로 텔레비전 생방송을 시청하게 했다.
방송사 `임진각 경쟁' 3사 임시 스튜디오 “방송 3 사의 보도 본부가 임진각으로 이사를 했나?”13일 오전 김대중 대통령이 탑승한 비행기가 평양 순안공항에 착륙하면서 시작된 역사적인 남북정상회담 보도를 둘러싼 방송 3 사의 보도 경쟁이 치열하게 벌어지고 있다.
지난 4월 중순부터 정상회담 취재 준비를 시작한 (문화방송)은 임진각 스튜디오에 앵커와 기술진 등 모두 70여 명을 내보냈다.
파업 등 사내 문제로 다른 방송사보다 조금 늦게 경쟁에 뛰어들ㄴ (한국방송공사)도 지난달 초 현장 답사를 거쳐 '자유의 다리'가 내려다 보이는 곳에 자리를 잡았다.
상주 인원 40여 명이 24시간 숨 가쁘게 돌아가는 상황을 챙기고 있는 (에스비에스) 스튜디오는 뉴스 센터를 그대로 옮겨 놓은 듯한 느낌을 준다.
남북 정상 평양 회담/예상 깬 파격 의전/세계가 놀란 공항 환대.동승 회담 북쪽의 김정일 국방위원장이 기습적으로, 그러나 화려하게 국제 무대에 등장했다.예상을 깨고 김정일 국방위원장이 직접 공항으로 나와 김대중 대통령을 영접한 것이다.
남쪽의 국민이나 세계는 그의 이런 파격적 영접에 충격을 감추지 못하았다.
1994년 김일성 주석 사후 김 위원장이 북한의 실질적 통치자가 된 뒤 처음 있는 일이다.
공항에는 그 말고도 김영남 최고인민회의 상임 위원장, 조명록 인민군 총정치국장 등 북쪽 주석단 서열 1, 2, 3위가 모두 포함된 당.정.군 고위층이 총출동했다.
이는 북쪽이 이번 정상회담에 '상당한 기대'를 품고 있고, '최상의 의전'으로 대하고 있음을 보여 주는 것이다.
이런 파격적 의전은 긍정적인 회담 결과로 이어질 가능성을 높이고 있다.
그러나 순안공항에서 벌어진 남북 수뇌의 파격적인 만남이 담고 있는 의미는 한마디로 정리하기 어렵ㄹ 만큼 복잡하고 깊다.
우선 북쪽이 이번 정상회담을 '국가 간 의전보다 더 중요한 민족 내부의 대사'로 대하고 있다는 점을 느낄 수 있다.
외교 통상부 의전 관계자는 “서방 세계에서는 국가 원수가 직접 출영하는 일이 없고 보통 외무 장관이 나선다”며 “대단히 의미 있는 일”이라고 말했다.
이는 북쪽의 관례에 비춰 보더라도 이례적이다.
최고 통치자가 나서기는 92년 4월 김일성 주석이 양상쿤 당시 중국 국가 주석을 순안공항에서 영접한 이래 처음이다.
또 이번 행사는 김 국방위원장 체제의 북쪽이 남쪽을 '정치적 실체'로 세계 앞에서 공식 인정했다는 의미도 지닌다.
김 대통령과 김 위원장이 함께 북한 인민군 육.해.공군 의장대의 사열뿐 아니라 분열을 받은 대목은 이와 관련해 매우 중요하다.
의전 전문가는 “보통 국가 원수 방문 때 의장대 사열은 하지만 분열까지 하는 것은 드물다”며 “남쪽을 중요한 실체로 인정한 의미가 있다”고 풀이했다.
김 국방위원장이 공항 영접 뒤 김 대통령과 함께 의전용 차량인 링컨 리무진 뒷자리에 함께 타고 백화원 영빈관까지 동행한 것도 매우 중요한 대목이다.
이는 두 정상이 운전자와 경호원 외에 아무 배석자도 없는 상태에서 둘만의 깊고 솔직한 대화를 나눌 기회를 가졌음을 뜻하기 때문이다.
이런 점에서 이날 두 정상의 극적인 상봉은 70년 3월 19일 동독 에어푸르트 게어스트퉁겐역에서 동서독의 정상이 처음 만났을 때 빌리 브란트 당시 서독 총리가 “날씨가 참 좋습니다”라고 말을 건네자, “회담하고 날씨가 무슨 상관이 있습니까”라고 퉁명스럽게 '사무적'으로 응답한 슈토프 당시 동독 각료 회의 의장의 태도와 크게 대비된다.
남북 정상 '새 역사 만들자'/오늘 2차 회담 김대중 대통령.김정일 위원장 평양서 첫 회담../핫라인 필요 공감 남북 정상이 만나는 2000년 6월 13일.
분단 55년 만에 만난 남북의 두 정상은 이 날을 역사에 당당히 기록될 날로 만들어 가기로 다짐했다.
두 정상은 긴밀한 협의의 필요성에 공감함로써 남북 정상 간의 핫라인 설치 가능성을 예고했다.
김대중 대통령과 김정일 국방위원장은 이날 7 천만 한겨레와 전 세계가 지켜 보는 가운데 첫 남북 정상회담을 열어 남북 현안에 대해 아무렇ㄴ 격식 없는 논의를 통해 합의점을 찾아 나가기로 했다.
특히 김정일 국방위원장은 남북이 2박 3일 동안의 정상회담 기간 동안 세계가 주목하고 있는 데 대한 '대답을 주는 사업'에 김 대통령이 기여 주시길 바란다고 말해 이번 회담이 한반도 평화 선언과 같은 뚜렷한 성과를 내 놓을 수 있으리라는 기대를 높였다.
13일 낮 김 대통령의 평양 숙손 백화원 영빈관에서 환담을 겸해 열린 이날 회담에서 김 위원장은 “6월 13일은 역사에 당당하게 기록될 날”이라고 말했으며, 김 대통령도 “이제 그런 역사를 만들어 가자”고 답했다.
또 김 위원장이 “지난 94년 남북정상회담 합의 당시 남쪽이 직통 전화로 북한에 대한 자료 요청을 했다면 다 줬을텐데”라고 하자 김 대통령은 “직접 연락해야지요”라고 화답함로써 공감을 표시했다.
이 자리에는 남쪽에선 박재규 통일, 이헌재 재정 경제, 박지원 문화 관광부 장관과 한광옥 청와대 비서실장 등 공식 수행원 전원이, 북쪽에선 김용순 아태평화위원회 위원장이 배석했으며 환담은 27분 동안 진행됐다.
이에 앞서 전용기 편으로 오전 10시 25분께 순안공항에 내린 김 대통령은 도착 성명에서 “대한민국의 대통령으로서, 남녘 동포의 뜻에 따라 민족의 평화와 협력과 통일에 앞장서고자 평양에 왔다”고 말했다.
김 위원장은 이날 평양 순안공항에 나와 직접 영접함로써 최상의 예우를 갖췄으며, 김 대통령과 링컨 리무진 승용차를 함께 타고 숙손 백화원 영빈관으로 가는 1시간 동안 '1 대 1' 차 중 대화를 했다.",87,7868
iks_doc_2000_hankyoreh_006,Hankyoreh 2000 annotated text file unicode.txt,Hankyoreh,한겨레,2000,2000_june_summit,첫만남서 엿본 앞날 / 이산가족.경협 등 `장밋빛' 암시 김정일 국방위원장은 13일 김대중 대통령과 첫 대면에서 정상회담과 남북 관계의 향방을 가늠해 볼 수 있는 의미 있는 말을 심심하지 않게 던졌다.전문가들은 우선 김 위원장의 “우리는 실리만 추구하면 된다”,"“섭섭하지 않게 해 주겠다”
“염려 말라”","등의 언급에 주목한다.
이산가족 문제에 대한 전향적 태도를 비친 것으로 풀이하는 것이다.
“세계가 주목하고 있다.
대답을 해 줘야 한다.
김 대통령뿐만 아니라 장관들도 기여해 주시기를 부탁한다”는 대목은 경제 협력과 관련해 단순 교류.협력 수준을 뛰어넘는 실질적인 대규모 경협을 촉구한 것으로 분석했다.
사회 간접 자본 등에 대한 남쪽의 대규모 투자 등을 염두에 둔 발언이라는 것이다.
이런 전망이 현실로 나타난다면, 정상회담이 '대박'을 터트리게 되는 셈이 된다.
그러나 이런 전망은 아직은 말 그대로 '장밋빛'이라고 보는 것이 현실적일 것 같다.
다른 전문가들은 김 위원장의 '세계가 주목한다'는 언급은 이번 정상회담에서 통일 문제를 본격 제기하겠다는 뜻을 비친 것으로 분석했다.
전두환 전 대통령과 허담 노동당 비서의 비밀 면담(85년 9월 5일 경기도), 김일성 주석과 서동권 전 안기부장의 비밀 만남(90년 10월 1일 평양) 때 북쪽은 '통일 문제'를 '세계(의 주목)'와 연결한 바 있다.
북쪽 처지에서 통일 문제는 주한 미군, 국가보안법, 반미 등과 자동 연결된다.
남쪽이 회담 자리에서 극구 피하려는 당장은 '해답이 없는' 주제다.
어쨌든 김 대통령으로선 방북 첫날 김 국방위원장의 공항 영접과 '승용차 단독 회담'을 통해 지속적 만남의 계기 마련이라는 이번 회담의 '최소 목표'를 달성한 것으로 보인다.
두 정상이 남북 직통 전화 설치 쪽으로 의견 접근을 본 것은 남북 간 현안에 대한 상시 대화 채널 확보라는 점과 함께 신뢰 구축의 첫 단계를 시작됐음을 알리는 신호라는 점에서 주목된다.
한편 김영남 최고인민회의 상임 위원장이 이날 저녁 만수대의사당을 찾은 김 대통령에게 남북한 관리들의 상호 교류를 희망하고 있음을 밝혔다고, 김정일 위원장의 공항 영접을 특종 보도한 중국 (신화통신)이 전해 눈길을 끌었다.
남쪽 대표단의 평양 체류 중 이에 대한 구체적 합의가 이루어진다면, 남북 교류의 큰 물꼬를 트일 것으로 보인다.
사상 첫 남북정상회담의 결론이 어느 방향으로 날지는 아직 판단하기 이르다.
앞으로 남북 간에 어떤 합의가 나온다면 바랄 것이 없지만, 온 겨레를 텔레비전 앞에 붙들어 매 놓은 13일 하룻 동안 벌어진 정상 간의 대화는 그 자체로 큰 성과로 기록될 것 같다.
남북 정상회담에 가린 악재 부상 조정 국면 당분간 이어질 가능성 역사적인 남북정상회담에도 불구하고 주식 시장은 시종일관 불안한 모습을 이어 갔고, 결국 큰 폭 하락해 마감했다.
장세의 안전 판이었던 외국인 매수세가 사라지자 매수 주체를 찾아 보기 힘들ㄴ 상황이 전개됐다.
남북정상회담이 새롭ㄴ 호재를 가져오기를 기대하기보다는 차익 실현에 나서는 모습이 역력했다.
조만간 신용 등급 상향을 기대하기 어렵다는 재경부 발표와 한은 총재의 하반기 금리 인상 가능성 발언이 투자 심리를 다시 악화시켰다.
미국 소프트웨어 업체의 실적 악화 우려가 아시아권의 통신 업체 매출에 악영향을 끼칠 것이란 우려 또한 첨단 대형주의 하락을 유도했다.
남북정상회담이 국면을 달리 하며 새롭ㄴ 뉴스를 생산할 것으로 생각되나 단기적으로 주식 시장은 호재 보다는 악재에 민감할 것으로 생각된다.
7월 시가 평가제 전면 실시가 다가오면서 그간 잠복해 있던 한계 기업의 신용 경색 또한 투자 심리를 압박하는 악재로 재차 부각될 가능성이 높아 보인다.
하지만 최근 외국인 및 개인 자금 유입으로 수급 개선이 가시화되고 있고, 7월 이후는 자금 시장 또한 최악의 상황을 벗어날 것으로 보여 단기적인 시세 불안은 급등 뒤에 나타나는 조정 국면 쯤으로 판단된다.
남북 정상 평양 회담 도착 장면 생중계 어떻게/휴대용 위성 장비 이용 김대중 대통령의 평양 순안공항 도착 순간은 어떻게 생중계됐을까?남북 정상회담의 국내 방송은 방송 사상 초유의 장비와 규모로 진행되고 있다.
획기적인 것은 우리 국내 취재진이 직접 북한에 갖고 간 휴대용 위성 생중계 장비(SNG)를 이용한 점이다.
북한 쪽의 기술 협조를 얻은 뒤부터는 온전히 남쪽 방송단이 제작한 내용이 그대로 실시간 위성 중계되는 것이어서 남쪽 취재진의 시각이 담긴 화면이 그대로 전달되고 있다.
남쪽에서 갖고 간 5대의 카메라가 잡은 현장은 무궁화호 위성 한국통신 광장지구국 광화문 한국통신 센터를 거쳐 각 방송사로 송출되고, 방송사들은 받은 내용을 곧바로 내보낸다.
북한의 중계차와 방송 장비를 빌리는 예전의 방식도 병행된다.
평양 조선중앙텔레비전의 중계차를 이용해 북한 위성 지구국 인도양 상공의 국제 위성 인텔샛 국내 금산위성 지구국을 통해 각 방송사에서 받아 보는 방식이다.
프레스 센터 브리핑/김 위원장 공항 영접 예정된 것 안보는 차후 논의 국방장관 동행 안해 양영식 통일부 차관은 13일 오후 서울 롯데호텔에 마련된 프레스 센터에서 내외신 공식 브리핑을 열고 “김 위원장의 공항 영접은 사전에 계획된 것이었으나 경호상의 문제 때문에 공개하지 않았다”고 말했다.
양 차관은 또 “첫 회담에서 국방과 안보 문제를 다루기보다는 기본합의서 체제를 가동하는 것이 중요하다고 판단했기 때문에 국방장관이 동행하지 않았다”고 밝혔다.
/백화원 영빈관 만남을 환담으로 봐야 하는가, 아니면 공식 회담으로 봐야 하는가?
백화원 영빈관 만남은 회담으로, 두 분의 첫 정상회담은 시작됐다.
/정상회담에서 구체적으로 어떤 사안이 논의됐나?
또 차기 회담 일정은?
김 대통령은 민족의 화해와 협력, 평화를 만들어 나가겠다는 말씀을 했고, 김정일 위원장은 북쪽이 우리를 초청한 목적과 얘기하고 싶은 사안들을 분위기 조성 차원에서 얘기했다.
/정상회담 수행에 외교 통상부 장관이 빠진 이유는?
외교 통상부 장관이 동행하지 않은 것은 92년 남북기본합의서에서 남북 관계는 민족 내부의 특수 관계로 규정했기 때문에 수행하지 않았다.
의류 업체 북한 공장 증설 제일모직.엘지.코오롱상사 등 투자 확대 검토 지난 90년대 초부터 대북 의류 임가공 사업을 주도해 온 제일모직, 엘지패션, 코오롱상사 등 국내 신사복 3사가 남북 경협 분위기에 발맞춰 임가공 사업 확대 방안을 검토하고 있다.
제일모직 관계자는 13일 지난 92년부터 북한에 진출해 캐주얼 의류 중심의 임가공 방식으로 매년 1500 만 달러어치의 물량을 생산해 왔으나, 경협 확대 움직임을 감안해 올해 예상 목표 물량을 약 2 천만 달러어치로 늘려 잡았다고 밝혔다.
제일모직은 이에 따라 계속적으로 공장 라인을 증설하는 동시에 국내 설비 이전을 통한 노후 설비 교체 등의 사업 확대 방안을 검토하고 있다.
엘지상사를 통해 지난 93년부터 지금까지 연간 약 30 만 장, 약 300 만 달러어치의 의류를 북한에서 임가공해 판매해 온 엘지패션도 올해 임가공품 매출 목표치를 350 만 달러로 잡고 공장 증설 등의 가능성을 검토하고 있다고 밝혔다.
코오롱상사는 이들 업체보다 앞선 89년에 가방, 양말, 신사복 등의 대북 임가공 사업을 시작해 현재는 중저가 캐주얼, 신사복을 중심으로 매년 35 만 달러어치를 생산하고 있다.
정상회담을 계기로 (주)코오롱을 통해 원사, 원단에서 봉제, 의류 임가공 분야를 총괄하는 일원화된 섬유 특화 공장을 북한에 설립하는 계획도 검토하고 있는 것으로 알려졌다.
엘지패션 김종수 이사는 “이번 정상회담으로 사업 절차 간소화 등의 성과만 있어도 물류 비용 절감 차원에서 큰 도움이 될 것”이라고 말했다.
`정상회담 환영' 인공기 게양도 처벌 검찰 '국보법 위반 범법 행위'...'시대착오적 조처' 반발 역사적인 남북정상회담을 맞아 서울대.고려대 등 전국 10여 개 대학 구내에 인공기가 게양된 것과 관련해 검찰이 주동자들을 사법 처리하겠다고 밝혀 파문이 일고 있다.
서울지검 공안 2부(부장 박윤환)는 13일 “인공기 게양은 명백한 현행법 위반 행위로 판단된다”며 “증거를 수집한 뒤 주동자들은 사법 처리할 방침”이라고 밝혔다.
이에 대해 참여 연대 이태호 시민 감시 국장은 “정상회담 중계 방송으로 김정일 위원장과 평양 거리, 인공기 물결이 안방 구석구석까지 전달되는 상황에서 대학가 인공기 게양을 처벌하겠다는 것은 넌센스”라며 “특히 학생들이 인공기 뿐 아니라 태극기와 한반도 기를 함께 내걸었음에도 검찰이 서둘러 처벌 방침을 밝힌 것은 겨레에 희망을 주는 정상회담에 찬물을 끼얹는 시대착오적인 조처”라고 지적했다.
검찰 관계자는 “학생들의 의도가 남북정상회담을 환영하기 위한 것이라 하더라도 인공기 게양은 현행 국가보안법 제7조(찬양.고무)에 위반되는 명백한 범법 행위로, 사법 처리 하지 않을 수 없다”고 말했다.
검찰은 그러나 공권력을 대학 구내에 투입, 게양된 인공기를 강제 철거할 경우 학생들과의 충돌 등 불상사가 발생할 우려가 있어 공권력을 즉각 투입하지는 않을 것이라고 밝혔다.
만남의 길을 열ㄴ 사람들 / 북한돕기운동 펼쳐 온 법륜 스님 서울 서초구 서초동 정토회관에서는 지난 3월 1일부터 민족의 화해와 통일의 열망을 담은 '기원'이 끊이지 않는다.
한 사람의 기원을 뒷사람이 잇는다.
새벽을 깨우는 목탁 소리처럼 이들의 기원 속에 분단의 벽도 조금씩 무너져 내린다.”1000일로 계획한 정진을 시작한 지 105일 만에 남북한 정상이 손 잡았습니다.
정성을 쏟으면 천지신명이 감흥합니다.
민심이 천심입니다.
우리 민족의 기원이 반 세기 만에 결국 하늘을 움직이고 있습니다.”
사단법인 '좋은 벗들'을 이끌며 탈북자와 북한의 실상을 국내외에 알려 온 정토회 지도 법사 법륜(47) 스님은 남북한 정상의 만남을 바라보며, 감격을 감추지 못하았다.
법륜 스님이 북한돕기운동에 나선 것은 지난 96년 압록 강 변 '만포'에서 굶주림으로 얼굴에 검버섯이 핀 북한 어린이를 보고 난 뒤다.
“같은 동포면서 서로의 현실을 알지 못하고 알아도 돕ㄹ 수 없는 민족 분단의 비극을 그때 절감했습니다.”
이후 법륜 스님은 지난해 10월 외교 통상부 국감에서 탈북자들 실상을 증언해 이들에 대한 정부의 인도주의적 대책을 촉구했다.
지난 3월부터는 '통일 미래를 준비하는 대화 마당'을 열어 남녀노소가 함께 통일에 대해 고민하는 자리를 마련했다.
또 같은 달 '통일 돼지 저금통'을 '분양'해 북한 돕기 성금을 모으고 있다.
“이번 정상회담이 반드시 고통 받는 사람들의 눈물을 닦아 주는 계기로 이어졌으면 합니다.
북한의 굶주린 동포들, 중국 땅을 헤매는 탈북자들, 이산가족의 고통을 덜어 주는 회담이 되길 기원합니다.”
북한 동포들을 돕기 위해 남과 북의 간격을 좁혀 온 법륜 스님은 다시 한번 사랑과 자비의 화신인 '관세음보살'을 되뇄다.
91년 단일팀 출전 현정화씨 남다른 감회 '통일의 그날 리분희 선수 만나고 싶어'13일 하루 동안 감회에 빠지지 않은 한 민족 동포가 어디 있으랴.
왕년의 '탁구 여왕' 현정화(31.한국마사회 코치)씨는 지난 91년 일본 지바에서 열린 제41회 세계탁구선수권대회에 남북 단일팀으로 출전했을 때가 떠올랐다.
“제가 경기에서 이기고 울어 본 적이 한 번도 없는데, 그 때는 서로 얼싸안고 펑펑 울어버렸지요.”
당시 남북 단일팀 '코리아'는 한반도가 그려진 단일기가 펄럭이고, 아리랑 응원가가 울리는 가운데 '철옹성' 중국과의 단체전 결승에서 이기고 우승해 7000 만 동포를 감동으로 몰아 넣었다.
현씨는 이번 정상회담이 스포츠뿐 아니라, 문화.예술 분야의 교류를 확대하는 계기가 돼야 한다고 강조했다.
“스포츠는 각본 없는 드라맙니다.
이 분야의 교류가 잦아지고, 사람들이 감동을 느끼고 벽을 허물다 보면 통일은 자연스럽게 이루어질 것이라고 생각해요.”
93년 스웨덴에서 열린 제42회 세계탁구선수권대회는 그가 스포츠 교류의 중요성을 느낀 또 하나의 체험이다.
당시 그는 남북 분단의 좌절을 느끼고 또 다시 절망해야 했다.
“2년 전 얼싸안고 울었던 북한 선수들과 단체전 준결승전에서 만났어요.
제 마음이 어땠는지 짐작하시겠어요?
정치하시는 어른들이 그렇게 밉ㄹ 수가 없었습니다.”
현씨는 이미 선수들 간에는 남한, 북한이 없다고 했다.
“외국의 대회에서 만난 남.북한 선수끼리는 아주 친합니다.
다만 낡은 규정과 제도가 단일팀 구성을 막고, 우리를 갈라 놓고 있을 뿐이지요.”
'통일의 그날', 특히 친했던 북한의 리분희(32) 선수를 평양에서 만나고 싶다는 그는 “앞으로 스포츠와 문화.예술 분야에서 통일을 위해 할 일이 많았으면 좋겠다”고 말했다.
인터뷰/독 '슈피겔'바그너 특파원 '두 정상 만남에 찡한 감동 너무 높은 기대는 말아야'”남북 정상이 만나는 순간 가슴 벅찬 감동을 받았습니다.”
서울에서 남북 정상회담을 취재 중인 비란트 바그너 독일 시사 주간지 (슈피겔) 극동 특파원은 13일 김대중 대통령과 김정일 국방위원장이 악수를 하는 역사적 장면을 프레스 센터에 설치된 대형 화면을 통해 보고 가슴 찡한 느낌을 받았다며, 70년 슈토프/브란트 동서독 총리가 처음 만나는 순간이 떠올랐다고 말했다.
그로부터 20년 뒨 10년 전 독일 정부는 독일 국민들이 분단의 상징물인 베를린 장벽을 부수는 상황을 통제할 수 없었다며, “언젠가는 한국도 남북 간의 장벽이 한순간에 무너지는 날을 맞이할 것”이라고 내다봤다.
그러나 그는 “북한 도착 환영 성명도 없고 연도에 늘어선 환영 인파들이 부자연스럽다”고 운을 뗀 뒤 “김정일 위원장이 진정으로 남한과의 교류를 원하는지 속단할 수는 없다”고 평가했다.
그는 “한국 언론이 정상회담이란 대사건을 놓고 흥분하는 것은 이해하지만, 기대치를 너무 높게 잡을 경우 국민들의 실망도 클 것”이라며 “인내하며 차분하게 보도하는 태도가 아쉽다”고 지적했다.
“북한의 대외 개방에 대해 독일인들의 관심이 크다”고 밝힌 그는 “이번 회담을 통해 김정일 위원장이 어떤 인물인지에 대해 매우 궁금해하고 있다”고 말했다.
그는 독일과 한국의 분단 상황은 차이가 있다면서 “독일은 동독 정권이 붕괴된 뒤 통일이 이루어졌으나, 북한 체제는 아직 건재하고 김정일 위원장도 젊어 단시일 안에 북한 체제를 평화적으로 포기할 것으로 보이지는 않는다”고 전망했다.
그는 “그러나 북한은 인터넷 등 외부로부터 밀려드는 정보의 조류 속에서 개방 이외에 달리 대안이 없다”며 “한순간에 큰 변화가 일어날 수 있다”고 밝혔다.
그는 5년 전 일본 도쿄로 부임한 뒤 아시아의 정치.경제.군사 분야를 취재하고 있으며 올 초 북한 금강산을 다녀오기도 했다.
글 하성봉, 남북 정상 평양 회담/1차 회담 대화록 '뜨겁ㄴ 환영 감개무량'/'우리는 같은 민족'김대중 대통령과 김정일 국방위원장은 13일 오전 김 대통령의 숙손 백화원 영빈관 접견실에서 27분 가량 제1차 남북 정상회담을 했다.
짧은 시간이긴 하지만 일단 두 정상과 수행원들이 긴장을 풀고 자연스럽ㄴ 분위기에서 다음 회담에 임할 수 있게 한 자리였다.
이 자리에서 김 위원장이 “6월 13일을 역사에 당당히 기록되도록 하자”고 말하자 김 대통령은 “다 같이 노력하자”고 화답했다.
김 위원장은 특히 “자랑을 앞세우지 않고 섭섭지 않게 해 드리겠다”고 덧붙였다.
다음은 두 정상이 나눈 대화다.
김 대통령(응접실 벽에 걸린 대형 그림을 보면서) 무슨 그림들입니까?
김 위원장 원래는 춘하추동 그림입니다.(전금진 아태평화위원회 참사가 “묘향 산의 춘하추동을 그린 것입니다”라고 설명) 김 위원장(김용순 아태평화위원장을 향해) 용순 비서, 김 대통령과 자동차를 같이 타고 오느라 수행한 장관들과 인사를 못 나눴어요.
(남쪽 공식 수행원들을 향해) 평양 방문을 환영합니다.
통일부 장관은 텔레비전에서 봐서 잘 알ㅂ니다.
(박지원 문화 관광부 장관을 보고) 남북 정상회담 북남 합의 때 텔레비전으로 많이 봤습니다.
(김용순 위원장이 임동원 대통령 특별 보좌역에게 공식 수행원 소개를 부탁했고, 임 보좌역이 차례로 장관을 소개했다.
그때마다 김 위원장은 “반갑습니다”라고 인사) 김 위원장 날씨가 대단히 좋고 인민들한테는 그저께(11일) 밤에 김 대통령의 코스를 대줬습니다.
대통령이 오시면 어떤 코스를 거쳐 백화원까지 올지 알려 줬습니다.
준비 관계를 금방 알려 줬기 때문에 외신들은 미처 우리가 준비를 못 해서 (김 대통령을 하룻 동안) 못 오게 했다고 하는데 사실이 아닙니다.
인민들은 대단히 반가워하고 있습니다.
여러분들이 와서 보고 알겠지만 부족한 것이 뭐가 있습니까.
김 대통령 이렇게 많은 분들이 환영 나와 놀라고 감사합니다.
평생 북녘 땅을 밟지 못할 줄 알았는데 환영해 줘서 감개무량하고 감사합니다.
7 천만 민족의 대화를 위해 서울과 평양의 날씨도 화창합니다.
민족적인 경사를 축하하는 것 같습니다.
성공을 예언하는 것 같습니다.
김정일 위원장에게 진심으로 감사 드립니다.
마중 나온 시민들에게 감사 드립니다.
김 위원장 오늘 아침 비행장에 나가기 전에 텔레비전을 봤습니다.
공항을 떠나시는 것을 보고 비행장으로 갔습니다.
아침 (김 대통령이) 기자 회견에서 계란 반숙을 절반만 드시고 떠나셨다고 하셨는데 구경 오시는데 아침 식사를 적게 하셨나요.
김 대통령 평양에 오면 식사를 잘 할 줄 알고 그렀습니다.(웃음) 김 위원장 자랑을 앞세우지 않고 섭섭지 않게 해 드리겠습니다.
외국 수반도 환영하는데 동방예의지국이라는 도덕을 갖고 있습니다.
김 대통령의 방북길을 환영 안 할 아무 이유가 없습니다.
예절을 지킵니다.
동방예의지국을 자랑하고 프어서 인민들이 많이 나왔습니다.
김 대통령의 용감한 방북에 대해 인민들이 용감하게 뛰쳐나왔습니다.
신문과 라디오에는 경호 때문에 선전하지 못하았습니다.
남쪽에서는 광고를 하면 잘 되는지 모르지만 우리는 실리만 추구하면 됩니다.
왜 이북에서는 텔레비전과 방송이 많이 안 나오고 잠잠하냐고 하는데 천만의 말씀입니다.
와서 보면 알게 됩니다.
우리가 어떤 마음으로 방북을 지지하고 환영하는지 똑똑히 보여 드리겠습니다.
장관들도 김 대통령과 동참해 힘들ㄴ, 두렵ㄴ, 무서운 길을 오셨습니다.
하지만 공산주의자도 도덕이 있고 우리는 같은 조선 민족입니다.
(김용순 아태평화위원장을 향해) 오늘 (연도에)얼마나 나왔나?
김용순 위원장 60 만 명 가량인 것 같습니다.
김 위원장 나는 40 만 명 정도 되는 것 같던데.
김 대통령 나는 처음부터 겁이 없었습니다.(웃음) 김 위원장이 공항까지 나온 것에 대해 다시 한 번 감사 드립니다.
성심을 갖고 있음을 느꼈습니다.
거리에 그렇게 많은 인파가 나올 줄 몰랐습니다.
김 위원장 그저께 생방송을 통해 연못동에서 영빈관까지 (김 대통령의) 행로를 알려 주니까 여자들이 명절 때처럼 곱ㄴ 옷들을 입고 나왔습니다.
6월 13일은 역사에 당당히 기록될 날입니다.
김 대통령 이제 그런 역사를 만들어 갑시다.
김 위원장 오후부터는 공식 합의된 일정이 진행됩니다.
이 백화원 영빈관은 주석님께서 생전에 이름을 지어 준 것인데 백 가지 꽃이 피는 장소라는 뜻입니다.
한 번씩 산보 삼아 둘러보십시오.
주석님께서 생존했다면 (백화원 영빈관까지 오는 승용차 좌석에) 주석님이 앉아 대통령을 영접했을 것입니다.
서거 전까지 그것이 소원이셨습니다.
(94년에) 김영삼 대통령과 회담을 한다고 했을 때 많이 요구를 했다고 합니다.
유엔에까지 자료를 부탁해 가져왔는데 그때 김영삼 대통령과 다정 다심한 것이 있었다면 직통 전화 한 통화면 자료를 다 줬을텐데.
이번에는 좋은 전례를 남겼습니다.
이에 따라 모든 관계를 해결할 것으로 확신합니다.
김 대통령 동감입니다.
앞으로는 직접 연락해야지요.
김 위원장 지금 세계가 주목하고 있지요.
김 대통령이 왜 방북했는지, 김 위원장은 왜 승낙했는지에 대한 의문 부홉니다.
2박 3일 동안 대답해 줘야 합니다.
대답을 주는 사업에 김 대통령뿐 아니라 장관들도 기여해 주시기를 부탁합니다.
북 방송 '중대 사건' 대대적 보도 북한은 라디오와 텔레비전 방송을 통해 김대중 대통령 일행의 방북 사실을 대대적으로 보도했다.라디오 방송인 (평양방송)과 (조선중앙방송)은 13일 오후 5시 정규 방송대에 김 대통령 일행의 평양 도착 사실을 처음으로 내보냈다.
북한은 잇어 오후 7시 (조선중앙텔레비전)의 정규 방송을 중단한 채 김 대통령의 도착 장면과 평양 시민들의 연도 환호 장면 등을 23분 동안 특별 방송으로 상세히 보도했고, 8시 정규 보도 시간에도 같은 내용을 재방송했다.
이 방송은 “지금부터 역사적인 평양 상봉과 북남 최고위급 회담을 위해 평양을 방문하는 김대중 대통령과 그 일행의 평양 도착 소식을 전해 드리겠다”는 아나운서의 말로 특별 방송을 시작했다.
그동안 정상회담 하루 연기 사실을 정식으로 보도하지 않았던 북한 방송들은 “위대한 영도자 김정일 동지가 김대중 대통령을 비행장에서 따뜻히 영접했다”며 “오늘 평양 비행장과 수도의 거리들은 뜨겁ㄴ 환영 분위기에 휩쌓이었다”고 평양의 분위기를 전했다.
방송들은 “이번 상봉과 회담은 민족 주체적 노력으로 통일 성업을 이룩해 나갈 겨레의 확고한 의지를 과시하는 중대한 사변”이라고 의미를 평가했다.
방송들은 잇어 남쪽 대표단을 태운 비행기의 도착 장면과 군중들의 환호 장면, 김대중 대통령과 김정일 위원장이 악수하고 인사하는 장면 등을 자세히 묘사하면서 “평양의 60 만 시민들이 오늘 김대중 대통령과 그 일행을 동포애의 정으로 뜨겁게 환영했다”고 전했다.
(조선중앙텔레비젼)은 다양한 각도에서 카메라로 촬영한 화면을 내보냈으며, 특히 평양 시민들이 김대중 대통령을 환영하는 모습을 집중적으로 방영했다.
라디오 방송들은 이날 오후 5시, 25분 동안의 첫 보도에 잇어 오후 6시와 8시, 9시에도 같은 내용을 반복해 보도했다.
서해안 공단 건설 사업 어디까지 왔나 / 해주냐 신의주냐 확정되면 올 안 착공 현대의 북한 서해안 공단 건설 사업은 어떻게 돼 가고 있을까?
지난해 10월 정몽헌 현대아산 이사회 의장과 북한 김용순 아태평화위원장 사이에 맺어진 합의서에선 애초 같은 달에 확정될 예정이었던 부지 선정조차 아직 이루어지지 않은 상태다.
따라서 착공 시기를 올 상반기로 예정했던 현대 쪽 계획도 늦어지고 있다.
하지만 서해안 공단 건설 사업은 정부와 재계에서조차 남한 기업들이 희망하고 있는 각종 투자 프로젝트와 연계 추진하는 방안을 강구할 정도로 남북 경협 사업 가운데 우선적으로 추진될 수 있는 요건을 갖추고 있다.
따라서 정상회담 이후 경협이 본격화되면 착공이 올해 안에 시작될 가능성이 높다는 것이 주변의 관측이다.
현대의 계획은 8년 동안 3 단계에 걸쳐 2 천만 평 규모의 경제 특구 공단을 개발한다는 것이었다.
3 단계까지 마무리되면 850개 업체가 입주해 22 만 명의 고용 효과를 창출하며 연간 200억 달러의 수출 실적을 올릴 수 있을 것으로 현대는 전망하고 있다.
현재 쟁점은 현대가 희망하는 해주나 남포, 북한이 희망하는 신의주 가운데 어디를 택할 것인지다.
현대는 남한과 가깝ㄴ 지리적 강점과 철도, 도로 등 충실한 기반 시설, 수출 기지로서의 입지 조건 등으로 따져 볼 때 해주를 최적지로 상정하고 밑그림까지 그려 둔 상태다.
또 평양의 해상 관문인 남포도 육로 수송이 용이하고 전력 사정도 다른 곳에 비해 상대적 우위를 지니고 있으며 인력 확보에도 유리하다는 점에서 대안으로 꼽히고 있다.
이에 대해 북한은 신의주를 희망해, 지난해 10월 양쪽은 세 곳을 모두 함께 답사한 뒤 결정을 내리기로 합의했었다.
그러나 지난해 11월 현대 방북 조사단은 북한 쪽이 “해주와 남포는 준비가 안 됐다”며 신의주만 안내해, 나머지 두 곳은 살펴볼 수 없었다고 한다.
현대 쪽은 답사 결과 신의주가 너무 저지대고 남한과의 거리상 물류 비용이나 수송 시간에 문제가 있다고 보고 있다.
이에 따라 현대는 북한 쪽에 합의 사항 이행을 촉구하고 있으나 북한 쪽은 “답사 준비 중”이라는 응답만 보내 오고 있는 상태다.
현대는 지난 2월에는 “해주나 남포로 하고, 이와 별도로 신의주에는 50만~100 만 평 규모의 소규모 경공업 단지를 건설하는 것이 어떻겠느냐”고 추가 제안을 했으나 북한에서 아직 답이 없다고 현대는 전했다.
현대아산 관계자는 “이번 정몽헌 의장의 방북에서 어떤 식으로든 부지에 관련된 협의가 있을 것으로 예상된다”며 “어떤 결정이 내려지면 서해안 공단 건설에 탄력이 붙게 될 것”이라고 말했다.
학교 새 통일 교육 / 관련 내용 통합 교재 9월 초.중.고에 배포 오는 9월부터 새롭ㄴ 형식과 내용의 교사용 통일 교재가 서울 시내 일선 초.중.고등학교에서 배포돼 수업에 활용된다.서울시교육청 산하 교육과학연구원(원장 김성기)은 그동안 역사, 사회 교과 등에 분산돼 있던 통일 관련 내용을 하나의 교재에 통합한 교사용 교재 '(가칭)5분 통일 교육 자료'를 9월 일선 학교에서 사용할 수 있도록 준비하고 있다고 13일 밝혔다.
일선 초.중.고등학교 수업에서 각각 쓰여질 이 교재는 민족의 동질성 통일의 의미와 당위성 통일의 미래상 등 10개 영역의 40여 개 항목(신국판.80여 쪽)으로 구성되며, 초.중.고등학교용 3 종류로 발달 단계에 맞게 심화된 내용을 담을 예정이다.
특히 이 교재에는 그동안 직위 표시 없이 언급되던 김정일 국방위원장의 직위를 표시하는 등 남북 관계의 변화상도 반영한다.
13일부터 열린 남북 정상회담 내용도 새롭게 포함시키고, 언어 등 통일 뒤 남북이 서로 적응하기 위한 문제까지도 포괄한다.
지난해 10월부터 교재 개발에 착수한 박숙자 인성 부장은 “남한의 우월성만을 강조하던 기존의 틀에서 벗어나 북한을 포용해야 할 민족의 일원으로 받아들이고 냉전 의식을 떨쳐 버리고 통일 뒤를 준비할 수 있는 내용으로 꾸미고 있다”고 말했다.
이 교재의 제목은 아직 정해지지 않았으나 '기러기의 여행', '백두대간을 넘어서' 등 친숙한 것으로 할 계획이라고 박 부장은 덧붙였다.
학교마다 15~20여 권이 배포될 이 교재는 통일부, 국가정보원 등의 자문을 받아 만들고 있으며, 2001 학년도 1 학기에는 이 교재에 대한 교사들의 지도 방법.기술 등을 담은 '지도 자료'가 나올 예정이다.
시민들 반응 / '정말 만났구나' 어느새 붉어진 눈시울 일손이 잡히지 않았다.
아니 이런 날 일손이 제대로 잡힌다면 그것이 이상한 노릇인지 모른다.
컴퓨터를 두드리면서도, 운전대를 잡으면서도, 설거지를 하면서도, 국민은 텔레비전과 라디오에서 눈과 귀를 떼지 못하았다.
55년 만에 이루어진 남북 정상의 역사적 만남을 지켜 보며, 가슴이 묵직해져 오는 감동을 즐겼다.”무작정 택시를 몰아 고향으로 가고 싶습니다.”
강원도 김화에 부모와 7 형제를 남겨 두고 서울에서 대학을 다니다 한국전쟁이 터져 남한에 홀로 남게 된 실향민 조종하(72.서울 삼이택시 기사)씨는 13일 오전 택시를 세워 두고 전자 제품 대리점 앞에서 텔레비전 중계 방송을 지켜 보며 눈물을 훔쳤다.
조씨는 “두 정상이 악수를 하는 모습을 보니 이제 고향 가는 길이 그리 멀지 않은 것 같다”며 “이번 정상회담에서 이산가족 문제가 최우선적으로 해결되기를 기대해 본다”고 말했다.
감격은 고향이 남쪽인 이들에게도 다르지 않았다.
김영수(50.공무원)씨는 “평양 순안공항 중계 방송을 보면서 69년 닐 암스트롱이 달에 착륙하는 장면을 보는 것처럼 신비한 느낌마저 들었다”며 “특히 북한이 김대중 대통령을 우호적으로 환대하는 것을 볼 때 남북 관계가 획기적으로 개선될 것으로 여겨진다”고 기대했다.
김씨는 또 “평소 평양이 아주 멀ㄴ 곳이라고 생각했는데 1시간여밖에 걸리지 않는 것을 보고 가슴이 먹먹해져 왔다”고 덧붙였다.
전후 세대에게는 남북 정상의 만남이 민족 통일의 당위성을 머리가 아닌 가슴으로 느끼게 해 준 기회기도 했다.
회사원 임세정(28)씨는 “평소에는 통일이 돼도 그만, 안 돼도 그만이라고 생각했지만 막상 두 정상이 만나는 모습을 보니까 나도 모르게 온몸에 전율을 느꼈다”며 “역시 남과 북은 한 민족이며, 왜 통일이 필요한지도 알게 됐다”고 말했다.
주부 정혜원(30)씨도 “두 정상이 만나는 장면을 합성 사진으로만 볼 때는 실감이나 감동이 없었는데, 중계 방송을 보니 '진짜 만나는구나' 하는 생각이 들면서 가슴이 뛰었다”며 “특히 우리 대표단을 환호하는 북한 주민들을 보면서 뿌듯한 동포애를 느꼈다”고 말했다.
전혀 예상하지 못한 김정일 국방위원장의 공항 영접 장면이 텔레비전에서 생중계되자 국민들은 놀라움을 감추지 못하았다.
회사원 이 아무개(31)씨는 “직원들이 다 함께 중계 방송을 지켜 보다 김정일 국방위원장이 김 대통령 전용기 앞으로 걷어 가는 장면이 나오는 순간 사무실 전체가 술렁거리며 박수가 터져 나왔다”며 “김 위원장의 영접은 역사적인 만남을 극적인 분위기로 끌어올린 결정판이었다”고 감격스러워했다.
참여연대 안진걸(28) 간사는 “처음 김 대통령이 비행기에서 내리면서 긴장한 모습이라 우리도 긴장했는데, 곧바로 북한 주민들이 환호하고 두 정상이 함께 손을 흔들자 비로소 '정말 만났구나' 하는 생각이 들며 안도가 됐다”며 “이젠 들뜬 기분을 가라앉히고 통일을 앞당기기 위해 우리가 할 수 있는 일을 차분히 찾아 봐야겠다”고 말했다.
한편 시민.사회 단체들도 이날 남북 정상의 만남을 환영하는 성명을 잇달아 발표했다.
서울기독교청년회는 “분단 55년의 벽을 넘어 화해와 협력의 남북 관계를 새로 만들어 갈 역사적인 남북 정상회담을 환영한다”며 “이산가족의 아픔과 실향민의 고통을 우선 치유하는 인도적인 문제뿐만 아니라 다양한 민간 교류가 활성화되길 바란다”고 밝혔다.
전국사무금융노련도 “이번 회담을 남북한 7 천만 민중과 함께 환영한다”며 “이번 기회에 자주.평화.민족 대단결의 통일 3 원칙을 재확인하고 통일을 위한 구체적 진전이 있기를 바란다”고 밝혔다.
시민이 본 김 위원장 / 취재단이 본 김 위원장 # 힘있고 똑똑한 것 같다 / 여유 있고 편안한 웃음, “듣던 것과 너무 다르아/EM.”김정일 국방위원장이 13일 사실상 처음으로 남한 시민들에게 그 모습을 공식적으로 드러내자, 이를 지켜 본 시민들은 “듣던 것과 너무 다르다”며 놀라워했다.
서은경(27.회사원)씨는 “예상을 깨고 직접 영접 나와 여유 있는 모습으로 김 대통령을 안내하는 모습이 놀라웠다”며 “김 대통령과 같은 차로 동행하는 등 듣던 바와는 너무 다른 적극적 태도에 회담이 잘 될 것 같다는 생각이 들었다”고 말했다.
김희진(37.약사)씨는 “이전에는 괴물 같다거나 간질병 환자라는 등의 말들이 많았는데 직접 보니 힘있고 똑똑한 것 같다는 느낌이 들었다”고 말했다.
황해도 출신의 한 실향민(73)은 “의외로 예절 바른 태도에 놀랐다”고 말했다.
컴퓨터 통신에서도 김 위원장에 대한 인상 평이 줄을 잇었다.
'manha1'이라는 아이디의 네티즌은 천리안 게시판에서 “김정일은 카리스마가 돋보이는 덕망있는 모습이었다”고 긍정적으로 평가했다.
'HANIL091'이라는 네티즌도 “김 위원장이 직접 마중 나온 모습이 너무 놀랍고 감격스러웠다”고 말했다.
일부 시민들은 김정일 위원장의 등장이 고도로 계산된 행윌 수 있다는 지적도 잊지 않았다.
이인순(33.주부)씨는 “매우 머리 회전이 빠를 것 같은 인상에 말이 거침없고 대화를 주도하는 스타일 같았다”며 “그러나 썩 자연스럽지만은 않은 태도로 보였다”고 말했다.
'as73s0m'이라는 네티즌은 “김정일이 과연 서울에 올 것인 지 의심스럽다”고 말했다.
시민들은 김 위원장의 복장과 몸매에 대해서도 많은 관심을 나타냈다.
김홍국(35.회사원)씨는 “생각보다 너무 배가 나왔더라”고 말했다.
하지만 김 위원장의 건강하고 여유 있는 모습과 편안한 웃음, 김 대통령을 안내하는 자신 있는 몸짓 등에 시민들은 그동안 품어 왔던 '비정상적 전제 군주' 이미지의 고정 관념이 많이 바뀌었다고 입을 모았다.
# 취재단이 본 김 위원장/거침없고 자신감 가득 / 김 대통령에 예의 깍듯, 사안 본질 정확한 파악 김정일 국방위원장은 예상과는 달리 거침이 없고 당당했다.
그의 이런 모습은 김대중 대통령 일행을 초대한 주인이라는 여유감 때문이기도 했지만, 내부적으로 확고하게 권력을 장악하고 있다는 자신감에서 우러나온 것으로 비쳤다.
또 격식보다는 내용을 더욱 중시하는 실용적 태도에서 비롯된 것이라는 해석도 가능했다.
또 김 위원장의 이런 태도는 지난달 말 그의 중국 방문 때에 잇어 그동안 남쪽을 비롯한 서방 세계가 그에 대해 가지고 있는 정보가 잘못된 것임도 확인해 줬다.
서방 세계의 정보 기관과 언론은 이제까지 그를 음주와 속도벽, 조급함, 비대중성, 야간 행동, 환락 등의 비정상적이고 칙칙한 성격으로 묘사해 왔다.
김 위원장은 이날 김대중 대통령 일행을 격의 없이 친숙하게, 그리고 자연스럽게 대했다.
이날 보인 그의 언행이나 목소리 등으로 판단할 때 곁에서 바라본 김 위원장은 지극히 정상적인 지도자였다.
그의 목소리는 다소 괄괄하면서도 정확했으며 이번 남북 정상회담에 대해 치밀한 준비를 한 때문인지 사안의 본질과 내용을 모두 파악하고 있었다.
비교적 건강하고 젊은 모습의 김 위원장은 남쪽 기자나 수행원들이 접근해도 전혀 꺼리는 기색이 없었으며, 주위의 시선이나 반응에 개의하지 않고 '통 크게' 행동하는 모습을 보였다.
그의 이런 모습은 김 대통령과 공식 수행원의 숙손 백화원 영빈관에서도 어김없이 나타났다.
박지원 문화 관광부 장관과 박재규 통일부 장관에게는 “텔레비전에서 많이 봐서 잘 알고 있다”고 친숙감을 표시하는 여유를 보였다.
김 대통령과의 면담에서는 “김 대통령이 왜 평양을 오려 하고 김 위원장은 왜 받아들였는가 의문 부호가 있는 것 아닌가”라고 말하는 등 세계인의 궁금증을 정확하게 짚어 냈다.
특히 연상의 김 대통령에게 “조선 민족의 동방예의지국 예를 다 갖춰 편안하고 안전하게 모시겠다”며 깍듯하게 예우하는 표정에서 유교적 소양을 갖춘 보통 한국인이란 인상도 느낄 수 있었다.
청와대서 순안까지 / 활짝 열린 하늘 길 '장산곶 보인다' 탄성 김대중 대통령은 13일 남북 정상회담을 위해 역사적인 평양 방문 길에 올랐다.
이날 오전 8시 15분 청와대를 떠난 김 대통령을 태운 전용기는 9시 54분 서해 북방 한계선(NLL)을 통과해 북쪽 영공으로 넘어 간 뒤 10시 20분 순안공항에 안착했다.<>.김 대통령은 이날 오전 8시 15분 청와대 비서실 직원과 인근 효자동 주민들의 환송을 받으며 평양을 향한 첫걸음을 내디뎠다.
김 대통령은 실향민과 주민 등 600여 명이 모인 청와대 앞 분수대 부근에서 잠시 차를 멈추고 이산가족, 인근 유치원 어린이들과 일일이 악수를 나눴고, 이에 시민과 어린이들은 “잘 다녀오셔요”라며 박수를 보냈다.
김 대통령은 전날 밤 11시쯤 잠자리에 들어 평소와 다름없이 아침 6시께 일어나 조간 신문을 읽는 등 비교적 편안하고 담담하게 아침을 맞은 것으로 전해졌다.
<>.김 대통령과 부인 이희호씨가 이날 8시 55분께 성남 서울공항에 도착하자 이만섭 국회 의장과 최종영 대법원장, 이한동 국무총리 서리, 15 개 부처 장관, 주한 외교 단장 등 기다리던 3 부의 요인들과 실향민, 주민 등 1 천여 명이 박수와 함께 태극기를 흔들며 대통령을 맞았다.
김 대통령이 출발 성명을 발표 뒤 출영객들과 인사를 나누는 동안 서울공항에는 서울시립소년.소녀합창단의 '우리의 소원'과 '고향의 봄'이 울려 퍼졌다.
간단한 환송 행사와 3 군 의장대 사열을 마친 김 대통령과 방북단 일행은 오전 9시 9분께 손을 흔들며 전용기의 트랩에 올랐다.
전용기는 정확히 오전 9시 18분 평양 순안공항을 향해 힘차게 이륙했고, 약 2분 뒤 취재진과 특별 수행원들이 탑승한 아시아나항공 전세기도 서울공항 활주로를 날아 올랐다.
<>.김 대통령 일행이 탑승한 전용기(보잉 737기)에는 '대한민국'과 Republic of Korea'가 표기돼 있었으며 뒷 쪽 꼬리 부분에는 태극기가 선명하게 그려져 있었다.
<>.이날 환송식이 열린 서울공항에는 서영훈 대표와 권노갑 상임 고문, 한화갑 지도 위원, 정균환 총무 등 민주당 지도부와 국회 의원 대부분이 참석했다.
또 자민련에서도 김종호 총재 권한 대행과 오장섭 총무, 김학원 대변인, 함석재 의원 등이 나와 '공조 관계'를 과시했다.
그러나 한나라당에서는 김기배 사무총장 한 명만 참석했다.
<>.김 대통령 전용기와 수행원을 태운 아시아나기는 이날 오전 9시 45분 북위 38 도 선을 넘어 북쪽 영공으로 들어갔다.
남북 간의 '하늘 길'이 막힌 지 55년 만에 처음으로 열린 순간이었다.
아시아나기 기장은 비행기가 북한 영공을 들어서기 직전 안내 방송을 통해 “10초 뒤 38 도 선을 넘는다.
3시 방향에 우리 영톤 백령도가 보이고 2시 방향에 북쪽 땅인 장산곶이 보인다”며 하늘 길이 뚫렸음을 알렸다.
대표단은 일제히 창밖의 북한땅을 보기 위해 창쪽으로 고개를 돌렸으며 “마침내 북한 땅을 밟게 됐다”는 탄성과 함께 묘한 긴장감이 감돌았다.
<>.순안공항에 가까워지면서 난기류로 잠시 기체가 흔들리기도 했으나 창으로 북녘 땅이 뚜렷하게 들어왔다.
논에는 모내기를 위해 곳곳에 물이 차 있었으며 북한 주민들이 모내기를 하는 광경도 보였고, 일부 주민들은 일손을 멈추고 대표단의 항공기를 쳐다보기도 했다.
아시아나기 기장은 방송을 통해 “20분 뒤 평양 순안공항에 착륙해 평양은 맑게 개이고 기온은 섭씨 22도 정도”라고 안내하며 “남북정상회담의 성공을 기원한다”고 덧붙였다.
<>.대통령 전용기는 서울공항을 먼저 출발했으나 평양 현지 행사 관계로 수행원을 태운 아시아나기보다 15분 정도 늦은 10시 27분께 평양 순안공항에 내려앉았다.
순안공항 주변의 동산에는 돌을 모아 새긴 것으로 보이는 '위대한 주체사상 만세'이라는 구호가 눈의 띄기도 했다.
수행원을 태운 아시아나기의 바퀴가 평양 순안공항에 굉음을 내며 닿자 기내에서는 '와'하는 탄성과 함께 힘찬 박수가 터져 나 왔다.
롯데호텔은 `임시 종합 청사' / 프레스룸 김대중 대통령이 남북 정상회담을 위해 평양을 방문하는 13일부터 15일까지 사흘 동안 정부 상황실과 프레스 센터가 설치된 서울 소공동 롯데호텔이 '정상회담 임시 종합 청사' 구실을 하게 될 전망이다.정상회담 준비 기획 단장인 양영식 통일부 차관은 롯데호텔에 객실을 얻고 24시간 상주하면서 상황이 발생할 때마다 수시로 관계 부처 차관 회의를 주재할 예정이다.
정상회담에서 터져 나올 문제들이 여러 부처 간 협조와 조정을 필요로 한다는 점을 고려한 대비다.
이곳 차관 회의엔 정상회담과 업무상 관련이 있는 6개 부처 차관급들이 참여하는 것으로 알려졌다.
우선 현안과 관련해 장관이 방북하는 재경부와 문화 관광부 차관이 참여한다.
대외 관계를 맡고 있는 외교 통상부 차관도 자리를 함께 한다.
이밖에 프레스 센터 운영을 맡고 있는 국정 홍보 처장과 국정원의 차관급 고위 관계자도 호텔에 상주하며 긴급 상황에 대비한다.
이들은 롯데호텔에 객실을 얻어 놓고 13일부터 특별 근무에 들어간다.
경제 협력과 이산가족 교류, 문화 교류 등 현안이 있는 재경부와 통일부, 문화 관광부의 간부들도 업무상 자주 이곳을 들락거릴 수밖에 없다.
청와대 공보 수석실 관계자들도 롯데호텔 2층 프레스 센터에 상주하다시피 하고 있다.
국내외에서 몰려들ㄴ 취재진 1200여 명에게 정상회담을 제대로 알리는 일만큼 중요한 현안은 없기 때문이다.
롯데호텔 3층에 마련된 서울 상황실은 백화원 초대소에 설치될 평양 상황실과 전화와 팩시밀리, 위성 통신 등 긴밀한 연락 체계를 갖추고 정상회담을 '원격 지원'한다.
통일부와 국정원 간부들이 상주하고 있으며 이종렬 남북 대화 사무국 상근 위원이 운영을 책임 지고 있다.
여당인 민주당에서도 롯데호텔에 당직자를 파견해 상황을 점검하고 있다.
회담 특별 수행원들/다른 일 미룬 채 `북한 공부' 분주 남북 정상회담을 하루 앞둔 12일 각계를 대표한 24명의 특별 수행원들도 공식 일정을 삼간 채 북한이나 통일 관련 자료를 훑는 등 나름의 준비를 하느라 바쁜 하루를 보냈다.이산가족 기업인 자격으로 정상회담을 수행하는 학교 법인 인제학원의 백낙환 이사장은 “공식 일정이 빡빡하게 잡혀 있을 것이 분명하고, 수행원이 개인적 관심에 끌려야 되겠느냐”면서도 “부친과 백부가 북에 계시 지만 아직 생사도 모른다”며 설레는 마음을 내비쳤다.
대신 백 이사장은 이날 시민.사회 단체가 주최한 '북한 의료에 관한 심포지엄' 자료집을 하루 종일 숙독했다.
여성계 대표로 방북하게 된 장상 이화여대 총장도 여성계와 교육계 관계자 등을 만나느라 바쁜 하루를 보냈다.
또 각종 여성 단체들이 비서실에 보내 온 정상회담 관련 건의문을 살펴보며 하루를 보냈다.
여당 대표로 선정된 이해찬 민주당 의원은 지난 3일 간 공식 일정을 아예 잡지 않고 북한 관련 자료만을 숙독했다.
민주평화통일자문회의 김민하 수석 부의장은 “첫 방북으로 정상회담을 수행하게 돼 역사와 조국 앞에 고맙게 생각하고 기회가 줘진다면 교육 종사자와 통일 운동 종사자를 만나고 싶다”고 밝혔다.
또 일부 특별 수행원들은 이미 지난 10일 옷가지 등 짐을 부친 상태며 몇몇 인사들은 북한에서 성의 표시용으로 전달할 볼펜 등 간단한 선물도 준비했다.
그러나 부담되는 선물을 하면 자존심을 건드릴 수도 있어 대부분 인사들은 별도의 선물은 준비하지 않은 것으로 알려졌다.
재일 상공인 화합 대회 남북 정상회담을 하루 앞둔 12일 일본 간사이 지역의 재일 동포 상공인들이 남북을 초월해 회담 성공을 기원하는 골프 행사를 개최했다.나라현 고마 컨트리 클럽에서 열린 '6.13 정상회담 성공 기원 재일 동포 상공인 골프 행사'에는 재일한국오사카상공회와 총련곈 일본조선인오사카상공회 주최로 양쪽에서 100 명씩 참석해 친선 게임을 벌였다.
조국 분단 이후 양쪽의 상공인들이 한자리에 모여 대규모 친선 행사를 열기는 이번이 처음이다.
한겨레신문사 사장.기자 등 4명 평양으로 겨레의 화합과 협력에 노둣돌을 놓고자 노력해 온 한겨레신문사에선 남북 정상회담 특별 수행원 및 취재 요원으로 4명의 관계자가 평양으로 떠납니다.
최학래 한국신문협회장(본사 대표 이사)과 강만길 민화협 상임의장(본사 이사)은 언론 및 사회 분야를 대표해 북쪽 관련 분야 인사와 교류.협력을 논의하고, 성한용 기자(정치부 차장)와 진천규 기자(사진부 차장)는 남북 정상회담 공동 취재단의 일원으로 역사적 현장을 취재합니다.
정상회담 앞둔 김 대통령 표정/'민족 염원' 새기며 꽃밭 사색 “휴전선이 아니라 역사의 분수령을 넘는다.”4월 8일 남북 당국이 정상회담에 합의한 이후 65일 동안 우여곡절이 있었지만, 민족의 화해를 염원하는 겨레와 평화를 사랑하는 세계인의 지원 속에 김 대통령의 방북이 13일 이루어지게 됐다.
정상회담을 이틀 앞둔 11일 정작 김 대통령의 마음은 긴장, 설렘, 기대로 교차되는 듯했다.
복잡한 심사 때문일까.
김 대통령은 이날 저녁 청와대가 아닌 다른 곳에서 '외박'을 했다고 한다.
정상회담 하루 전날인 12일 낮에는 방북에 동행하는 부인 이희호씨와 약 40분 동안 청와대 녹지원을 산책하며 대화를 나눴다.
연못의 물고기들에게 먹이도 주고 주변에 있는 나무와 하늘을 나는 새들에 대해 얘기를 나눴다.
다시 관저로 올라가 평소 기르는 진도개 '처용'과 '나리'에게 먹이와 물을 주고 한참을 쓰다듬어 줬다.
평상심을 되찾으려 애쓰는 모습 같았다.
그러나 꽃밭을 거닐면서 이따금씩 깊은 상념에 빠지곤 했다.
오후 3시께 정상회담 관련 보고를 잠시 받고 그 이후에는 혼자서 휴식을 취했다.
김 대통령은 이날 박준영 대변인을 통해 “그동안 충분한 준비를 해 왔다”며 “민족과 세계인의 따뜻한 기원과 바램을 마음 속 깊이 간직하고 떠나게 된 것을 만족스럽고 감사하게 생각한다”고 밝혔다.
출발 당일인 13일 아침 김 대통령은 관저에서 식사를 마치고 본관으로 출근한다.
본관에서는 잔류하는 수석 비서관들에게 '뒷일'을 부탁하고 공항으로 출발한다.
청와대를 나선 김 대통령은 도중에 이산가족들을 잠시 만나 이들의 '비원'을 들을 예정이다.
공항에는 정부 요인과 국무 위원, 일반 시민들이 나와 김 대통령을 환송하고 이륙을 지켜 본다.
김 대통령은 공항에서 간단한 출발 성명을 발표하고 평양행 비행기에 오른다.
1시간여의 비행을 거쳐 평양 순안공항에 도착하면 북쪽 인사들과 전 세계를 향해 한반도의 평화를 희구하는 도착 성명을 발표할 예정이다.
평양 도착 장면은 세계 60 억 명에게 텔레비전으로 생중계된다.
잇어 김 대통령은 숙소로 이동해 휴식을 취한 뒤 회담장으로 이동해 김정일 국방위원장과 첫 상봉을 한다.
평화를 갈망해 온 겨레와 세계인이 꼭 지켜 보고 싶었던 장면이다.
이날 저녁 김 대통령과 수행원 일행은 북쪽이 주최하는 만찬에도 참석할 예정이다.
김 대통령은 이번 회담에서 당대에 가시적인 성과를 내는 것 보다는, 민족의 장래를 위해 봉사하는 길이 돼야 한다는 데 초점을 맞추고 있다고 청와대 관계자들은 전한다.
19세기 말 선조들의 잘못된 판단으로 후손들이 일제 강점과 분단의 고통을 겪었으나, 21세기 초반인 지금은 남과 북의 정치 지도자들이 어떻게 하느냐에 따라 앞으로 한 세기 동안 민족의 명운이 결정된다는 생각에서라고 한다.
정상회담 해외 시각 '남북 관계 단기 전망 밝다' 미국의 한반도 문제 전문간 조지 O. 토튼 사우스캘리포니아대(USC) 명예 교수(정치학.사진)는 11일 “남북 정상회담의 중요성은 1945년 분단 이래 궁극적 재통일을 위한 첫 디딤돌을 놓는 데 있다”고 말했다.
그는 김대중 대통령의 3 단계 통일론 구상 때 도움을 줬으며 김 대통령 부인 이희호씨의 두 번째 저서 (내일을 향한 기도) 영문판 감수를 맡은 바 있다.
다음은 토튼 교수의 기고문 요약이다.<> 의의와 전망 남북 정상회담은 한반도 문제의 평화적 해결과 궁극적 통일 절차의 시작을 위해 가장 중요한 조처가 취해질 것임를 시사한다.
단기 전망은 매우 밝다.
어느 나라도 정상회담을 반대하지 않고 있다.
심지어 남한에서조차 노골적이고 강한 반대가 없다.
통일이 가깝ㄴ 장래에 이루어질 가능성은 희박해 보인다.
남한은 중국 등과의 경제 경쟁에서 잘 훈련되고 조직화한 북한의 노동력을 활용하는 데 관심이 있으며 북한은 많은 자본과 현대적 노하우의 유입을 필요로 하고 있다.
따라서 이번 정상회담이 성공하면 전면적인 남북 교류 가능성이 열릴 것이다.
남북한의 우호 분위기가 조성되면 관광.투자.문화 교류에 대한 압력이 높아질 것이다.
<> 통일과 극복 과제 통일을 위해서는 첫 번째 북한 지도층을 합법적인 것으로 존중하면서 북한의 자본주의적.민주적 발전을 돕는 것이다.
두 번째 과제는 북한의 군사력 강화를 종식시키는 것이다.
이런 과제를 모두 처리하려면 북한을 정확히 보는 것이 중요하다.
김정일 국방위원장은 술을 많이 마시고 여자를 좋아하고 성격이 괴팍한 인물로 묘사되기도 하나, 정보 기관이 수집한 정보에 따르면 열심히 일하고 지능지수가 매우 높으며 독서량도 많은 것으로 알려졌다.
또 외국 여행은 많지 않았지만 세계 현안에도 정통하며 주량도 많지 않다고 한다.
북한은 미국의 관심을 얻기 위해 '깡패 국가'로서의 명성을 이용해 왔다.
전역 미사일 방어(TMD) 구상 옹호론자들은 북한을 미 본토를 공격할 수 있는 이라크나 이란과 연계시키길 좋아하지만 북한은 이라크와 달리 미 무기 사찰단에 핵 의혹 시설을 개방하고 잘못된 주장에 대한 대가를 요구했다.
미사일 시험은 성공했지만 인공 위성 발사는 실패했다.
이런 점에서 북한이 미국에 위험이 되는 것으로 심각하게 고려하기 어렵ㄹ 것이다.
<> 북한의 변화 가능성 북한에 만연돼 있는 비밀주의, 지난 6년에 걸친 식량난과 수많은 아사자, 옛 소련 붕괴로 인한 군사 장비 구입 중단, 국제 무역 경험 부족 등은 북한의 개방 및 무역 촉진 정책을 방해하는 부정적 측면으로 볼 수 있다.
그러나 북한에서 지난 10년 간 외국 투자와 경영을 촉진하기 위한 새롭ㄴ 제도와 규정이 만들어지고 공표됐다.
또 중국과 러시아 접경에 대규모 자유 경제 무역 지대가 설치되고 소기업 경영이 허가되고 장려책도 나오기 시작했다.
북한은 중국의 선례를 따라 앞을 향해 나갈 것으로 보인다.
비록 속도가 빠르지는 않겠지만 점진적으로 개방하고 사기업 체제를 도입하며 국영 기업 등도 민영화할 것이다.
이산가족 기나길ㄴ 하루/'반 세기 한 풀렸으면...' 설렘 가득 반 세기를 기다려 온 남북 정상회담을 하루 앞둔 12일 실향민과 탈북자, 납북자 가족 등 이산가족들은 온종일 회담에 거는 기대와 설렘로 길고 길ㄴ 하루를 보냈다.<> 실향민 1세대 이날 오전 서울 종로구 구기동 이북5도민회엔 하나둘씩 모여 들ㄴ 실향민들이 삼삼오오 모여 밤늦게까지 정상회담에 대한 기대 속에 이야기꽃을 피웠다.
5도민회 이성만(65) 총무 부장은 “일이 잘 진행되다가도 꼬이는 경우가 많았던 과거의 아픈 기억이 없지 않았지만, 거의 모든 실향민 1세대들이 이번만큼은 이산가족 상봉 등 실향민들의 비원을 풀어 주는 첫걸음이 될 것이라는 기대에 하루 종일 들떠 있다”고 전했다.
1.4후퇴 때 아내와 어린 남매를 두고 월남한 최규환(78.서울 동대문구 휘경동)씨는 “최근 북한의 가족을 만난 지인을 통해 50살이 넘은 아들이 아직도 나를 원망하고 있다는 소식을 들었다”며 “정상회담으로 분단이 낳은 지난 세월의 앙금과 오해까지 씻을 수 있었으면 한다”고 말했다.
아버지와 작은아버지가 6.25 때 납북된 이회택(55) 프로 축구 전남스틸러스 감독은 “지난 90년 남북 축구 대회 때 북한에서 만났던 아버지가 아직도 건강하신지 궁금하다”며 “다시 만날 날을 손꼽아 기다리고 있다”고 말했다.
<> 접경 마을 대표적 실향민촌인 강원도 속초시 청호동 아바이마을에선 마을 전체가 남북 정상회담의 성공과 이산가족 상봉에 대한 기대로 들뜬 분위기였다.
1.4후퇴 때 월남해 아바이마을에 정착했다는 남사길(72)씨는 “북쪽이 기술상의 문제로 회담을 연기한 만큼 그쪽도 이번 회담에 성의를 다하고 있다는 생각이 들ㄴ다”며 “죽기 전에 고향에 있을 가족을 만나 50년 한을 풀고 싶다”고 말했다.
또 생후 사흘밖에 안 된 아들 등 가족 넷을 북에 두고 온 김태근(83)씨는 “정상회담 연기 소식에 가슴이 철렁 내려앉고 한동안 말이 나오지 않았다.
그러나 무산된 것이 아니고 하루 연기된 만큼 회담 결과에 간절한 기대를 걸고 있다”며 눈시울을 붉혔다.
4300여 명의 주민 가운데 상당 수가 한국전쟁 때 황해도 은율군, 송화 군, 장연 군 등에서 월남해 50년 넘게 고향에 돌아가지 못하고 있는 백령도 연평도 등의 실향민들 역시 큰 기대를 하고 있다.
정동화(79)씨는 “고향인 황해도 은율군에 친인척을 두고 아내와 함께 월남해 고향에 가지 못하고 있다”며 “이번 정상회담이 성공적으로 끝나 죽기 전에 고향 땅이라도 한 번 밟아 보기를 기대한다”고 말했다.
<> 납북자 가족, 탈북자 납북자 가족들은 이번 정상회담을 통해 납북자의 송환이 하루빨리 이루어지길 간절히 기원했다.
회담을 앞두고 잠 못 이루는 밤이 많다는 이들은 “이번 회담에서 송환 문제가 주요 의제로 다뤄지길 희망한다”고 입을 모았다.
지난 87년 납북된 동진호 어로장 최종석(55)씨의 딸 우영(30.서울 영등포구 대림동)씨는 “아버지가 정치범 수용소에 있다는 얘길 들었다.
영영 못 만나도 좋으니 수용소 생활만큼은 면했으면 좋겠다”며 울먹였다.
지난 97년 망명한 강철호(33)씨는 “남쪽이 변한 만큼 북쪽도 남쪽에 대한 적대감이 많이 누그러졌다.
회담에 너무 큰 기대를 걸기보다는 햇볕정책을 계속 펴 나가면 좋은 일이 있을 것”이라며 밝게 웃었다.
손님맞이 준비 끝낸 평양 '평온' 12일 평양은 조용한 '표정'으로 하루 앞으로 다가온 남북 정상회담을 기다리고 있다.정상회담 선발대 등은 이날 평양 시내에는 몇몇 건물에 조기가 걸리는 변화만이 있었다고 전했다.
북한이 전통적 우방인 시리아의 하페즈 알 아사드 대통령 사망과 관련해 이날부터 5일 동안 '지정된 장소'에 조기를 게양하도록 했기 때문이다.
관계자들은 평양시가 이렇게 조용한 모습을 띠고 있는 데 대해 이미 남북 정상회담 준비를 대부분 마쳤기 때문이라고 분석하고 있다.
북쪽 당국은 5월 하순부터 평양 시내 주요 간선 도로를 대대적으로 정비하는 한편, 김 대통령 등이 묵을 백화원 초대소 등지의 내부 손질도 끝냈다는 것이다.
또 북한 언론도 12일 오후 늦게까지 회담 연기 사실을 알리지 않은 채 '조용한 평양'에 일조하고 있다.
이에 대해 고위층 출신의 탈북자는 북한 방송에서 보도가 되지 않았다고 해서 북한 주민들이 연기 사실을 완전히 모르지는 않을 것이라고 말한다.
공식적 방송은 없었지만 동네마다 설치된 유선 라디오(스피커 방송)을 통해 이런 내용을 주민들에게 알렸을 가능성이 있다는 것이다.
한편 평양의 모습은 정상회담 기간 중 인터넷으로도 볼 수 있을 것으로 보인다.
일본 총련계 신문인 (조선신보)는 12일 “력사적인 북남 최고위급 회담에 관해 조선중앙방송이 위성 방송하는 보도 내용을 시청할 수 있도록 정상회담 기간 중에 아시아영상센터의 홈페이지 '단군'(www.tangUN.co.jp)에 페이지를 개설한다”고 보도했다.
아시아영상센터는 북한이 자신들의 영화를 해외에 판매하기 위해 일본에 설치한 영화 배급 회사다.
중 무역 대표단 23일 북한 파견 중국 국무원은 40명으로 구성된 최대 규모의 경제 무역 대표단을 오는 23일 북한에 파견한다고 정통한 소식통들이 12일 밝혔다.중국 정부가 파견하는 이 경제 무역 대표단은 국무원 대외 무역 경제 합작 부 관리들을 중심으로 구성됐다.
이들은 에너지, 농업, 전기 기계 등 각 분야에서 북한과 중국 간 협력과 무역 확대 방안을 협의하고, 남북 정상회담 뒤 구체화될 남북한 간 경제 협력 방향과 북한의 개혁.개방 실태 및 문제점들을 파악하는 전략적인 의무를 부여 받았다.
중국 경제 무역 대표단은 남북 정상회담 직후 발빠르게 북한을 방문하는 첫 외국 경제 대표단이 될 전망이며, 급변하는 한반도 정세 속에서 북한에 대한 중국의 영향력 확대와 실리 추구를 기본 목표로 삼고 있다고 소식통들은 말했다.
대표단은 북한에서 평양, 신의주, 남포, 나진, 선봉 등지를 방문한다고 이들은 덧붙였다.
국무원은 또 여러 부와 위원회들로 구성된, 또 다른 대규모 경제 무역 대표단을 파견하는 방안도 현재 검토 중이다.
태극/인공기 대학가 동반 게양/정상회담 의식 경찰 고민 대학생들이 남북 정상회담을 축원한다며 대학 교정에 태극기와 함께 인공기를 내걸어 경찰이 골머리를 앓고 있다.대구 경북대 총학생회 쪽은 12일 오후 4시께부터 남북 통일을 상징하는 단일기와 함께 태극기, 인공기 등을 수백 장씩 만들어 만국기 형태로 교내 곳곳에 내걸었다.
이날 오전 8시 30분께 서울 건국대 학생 회관 3층 옥상 난간에도 태극기와 인공기가 나란히 걸려 있는 것을 이 대학 총학생회 쪽이 발견해 철거했다.
또 ㄱ 대, ㄷ 여대 등 서울 지역 4개 대학 총학생회는 13일 정오께부터 교정에 태극기와 인공기를 걸ㄹ 것으로 알려졌다.
경찰은 정상회담을 앞두고 빚어진 일임를 고려해 학교 쪽에 인공기를 철거해 줄 것을 요청해 놓고 일단 추이를 지켜 보고 있다.
남북 새날을 열ㄴ다/평양 일정 이것이 궁금하다 남북 정상회담은 모든 것이 처음이다.
그러기에 회담 기간 동안 벌어질 일들을 유추해 볼 전례가 없다.
준비 접촉까지는 그래도 94년 합의를 많이 따랐다.
이번 회담이 또 다음의 선례가 될 것이다.
그런 만큼 궁금한 것도 많다.
13일부터 시작되는 방북 대표단의 평양 체류 중 궁금한 몇 가지를 추려 점검해 본다.<> 정상회담 장소는?공식 수행원이 참석한 가운데 14일 열릴 것으로 보이는 확대 정상회담의 장소는 만수대의사당이 확실하다.
북한 출신의 한 전문가는 “정상회담이 만수대의사당에서 열린다면, 북쪽이 이번 회담의 격을 상당히 높이 잡고 있다는 증거”라고 말했다.
그러나 두 차례로 예정된 단독 정상회담 장소는 유동적이다.
다만 김정일 국방위원장의 평소 행동 양식을 고려할 때, 최소 한 차례는 백화원 초대솔 것으로 보인다.
김대중 대통령의 숙소를 직접 찾아옴로써 연장자를 예우하는 김 위원장의 '예의'를 안팎에 과시하는 효과가 있다는 것이다.
<> 만찬장은 어디?두 차례의 만찬이 예정돼 있다.
김 대통령 방북 첫날 저녁 열릴 것으로 보이는 북쪽 주최 만찬 장소는 인민문화궁전이 확실하다.
만찬 주최자는 김 위원장일 가능성이 높지만, 북한의 공식 국가 원순 김영남 최고인민회의 상임 위원장이 나설 수도 있다.
이 경우에도 의전상 문제는 없다.
김 대통령 주최 만찬 장소는 숙손 백화원 초대소가 자연스럽지만 대규모 인원을 수용하기에는 비좁아, 과거 남북 고위급 회담 당시의 만찬장이었던 목란관 등 다른 곳에서 열릴 가능성이 크다.
<> 김 대통령에 대한 영접과 환송은 누가 하나?일반적 외교 관례로 본다면 김 대통령의 평양 순안공항 도착 때 백남순 외무상이 영접 나오는 것이 무난하다.
그러나 남과 북은 국가 간 관계라기보다 '잠정적 특수 관계'(남북기본합의서 규정)이어서 그렇ㄹ 가능성은 거의 없다.
현재로서는 홍성남 내각 총리가 나올 가능성이 높다.
김용순 당 대남 담당 비서 겸 조국평화통일위원회 위원장일 수도 있다.
김 조평통 위원장은 김 대통령이 육로로 귀환할 때 판문점까지 동행하며 환송단을 이끌ㄹ 것으로 점쳐지고 있다.
방북 대표단이 13일 순안공항에서 백화원 초대소까지 이동할 때 북쪽 주민이 길가에 늘어 서 환영 행사를 벌일 가능성도 있다.
<> 이희호씨 상대는?이씨가 김 대통령의 부인인 만큼 서방의 관행대로라면, 김 국방위원장의 부인으로 알려진 김영숙(53)씨가 나서야 하나 그렇ㄹ 가능성은 낮다.
이씨의 평양산원 등 방문 일정 동행자로는 천연옥 조선민주여성동맹 위원장이나 몽양 여운형의 딸인 여원구 최고인민회의 부의장, 김정일 위원장의 신임이 각별한 것으로 알려진 김정숙(허담의 부인) 민주조선사 사장 등이 거론되고 있다.
두 차례의 만찬 석상에선 아예 상대방이 없을 가능성도 있다.
<> 회담 배석자는?두 차례 단독 정상회담에는 기록원 이외에 배석자가 아예 없거나 최소한의 숫자만 참석할 것으로 보인다.
남쪽에선 박재규 통일 장관과 황원탁 외교 안보 수석이거나 제3의 인물이, 북쪽에선 김용순 아태평화위 위원장 등이 유력하다.
확대 회담 때는 남쪽에선 3 부 장관 등 공식 수행원 대부분이 참석할 것이고, 북쪽에선 김영춘 군총참모장과 조명록 군 총정치국장, 홍성남 총리와 김용순, 한성룡 노동당 경제 담당 비서 등이 참석할 가능성이 있다.
<> 김정일 국방위원장 언제 첫 모습?13일 오후 열릴 첫 단독 정상회담 때 남쪽을 비롯한 전 세계 시청자의 눈앞에 첫 모습을 드러낼 것이 거의 확실하다.
논리적으론 김 대통령을 직접 영접할 수도 있지만, 가능성은 아주 낮다.
오히려 남은 문제는 김 위원장이 등장하는 장면이 생중계될 것인가 아니면 녹화 또는 정지 화면으로 보도될 것인가 여부다.
<> 방북 대표단 어딜 가나?평양소년학생궁전과 동명왕릉 등이 유력 후보지로 꼽히고 있다.
이희호씨 등 일부 대표단은 평양산원 등을 별도 방문할 것 같다.
북쪽에서 평양 능라도 5.1경기장의 매스게임을 전격 권유할 가능성도 있다.
<> 그 밖의 것들 김 대통령은 진돗개 두 마리를 선물용으로 평양에 가져갈 것으로 알려졌다.
이러면 북쪽은 유명한 풍산 개를 답례품으로 내 놓을 가능성이 있다.
중 '동북아 안정 크게 기여할 것' 중국 정부가 이번 남북한 정상회담에 대해 갖는 관심은 각별하다.중국 관영 (신화통신)은 11일 이번 정상회담이 중국의 안보.군사.정치.경제 등 여러 면에서 깊은 영향을 끼칠 것으로 전망했다.
통신은 잇어 12일 첫 평양발 분석 기사에서 냉전 종식 후 평화와 발전을 향한 역사적 조류와 남북한 인민들의 공동 열망 때문에 정상회담이 성사된 것이라고 전했다.
통신은 전문가들의 말을 인용해 “첫 정상회담부터 많은 성과를 기대하는 것은 비현실적”이라며 점진적인 접근 자세의 필요성을 강조했다.
베이징대학 국제문제연구소의 지아칭궈 교수는 “이번 회담은 정치.경제적으로도 중요하지만 특히 지역 안보 측면에서 중요하다”고 말했다.
그는 “정상회담에서 단지 통일된 한국을 약속하는 것만도 '환영할 소식'으로, 군사적 충돌의 위협이 제거될 수 있을 것”이라며 “양쪽 관계가 진전되면 한 중 양쪽에 더 많은 경제적인 기회를 제공할 것”이라고 분석했다.
홍콩 링난 대의 국제 정치학 교순 브리안 브리지스는 “중국은 김정일 국방위원장이 정상회담에서 합리적인 입장을 취하도록 요구한 것같다”면서 “만약 김 위원장의 요구가 남한이 수용하기에 지나친 것이 아니라면, 양쪽은 더욱 우호적인 관계를 수립할 것”이라고 예상했다.
그는 북한은 더 많은 지원을 받기 위해 남한, 특히 일본 쪽에 얼굴을 돌릴 것이라며 한반도 긴장 완화는 궁극적으로 남한 내 미국 군사력의 두드러진 감축으로 연결될 것이라고 덧붙였다.
그는 “한반도에서 전쟁이 발생한다면 많게는 수백만 명의 난민들이 중국으로 몰려드는 상황이 될 것이고, 중국은 교전 상태에 빠지어들ㄹ지도 모르게 된다”고 주장했다.
북한에서 동독 방식의 붕괴가 일어난다면 중국도 휩쓸리게 되며, 난민들은 중국에 경제적인 부담으로 된다는 것이다.
그에 따르면 중국은 제국주의 시기부터 한반도에 민감한 관심을 갖고 있었고, 북한과의 관계는 '입술과 이빨'의 관계처럼 친밀해졌다.
그러다 20여 년 전부터 경제 개혁의 길을 걸으면서 한국은 경제 발전에 노력 중인 중국에 명백한 동맹국이 됐으며, 올 들어 1/4분기에 미국.일본.유럽.홍콩에 잇어 5번째 무역 파트너가 됐다.
반면 북한은 중국에 어떠한 경제적인 가치도 없으며, 기아로 인해 중국으로부터 엄청난 양의 지원만을 받았을 뿐이다.
그러나 중국은 지구상에서 북한을 공산주의를 지키는 마지막 나라 중 하나로 생각하고 있으며, 낙후한 기술이지만 북한의 다수 군대가 미군의 지원을 받는 한국 군대와 중국의 완충제 역할을 하고 있는 것으로 믿고 있다.
브리지스 교수는 “중국 입장에서는 남북한이 서로 대화한다면, 남북한 사이에서 균형된 행동을 취하는 것이 더욱 쉬워질 것”이라고 지적했다.
'남북정상회담' 냉전.원색 발언...화해 무드에 찬물 남북 정상회담을 코앞에 두고 지난 10일 진행된 한국방송공사의 (생방송 심야토론)(K1 밤 11시 15분)에서 출연자들이 때에 맞지 않는 발언을 하며 냉전적인 인식을 그대로 드러내 시청자들의 비아냥을 사고 있다.
지난 10일 (.심야토론)의 주제는 '남북 정상회담, 무엇을 이룰 것인가?'.
토론자로는 서경석 우리민족서로돕기운동 집행 위원장, 오관치 포스코 경영연구소장, 이동복 전 안기부장 특보, 제성호 중앙대 법학과 교수, 허문영 통일연구원 통일 정책실장 등이 나섰다.
이 자리에서 오관치 소장은 “남북 간의 본질적인 문제는 남북이 서로 체제 위협을 받고 있다는 것”이라고 규정한 뒤, “(북한은) 휴전선 북방 5km 이내에 오산까지 도달할 수 있는 장거리포를 1000기 이상 배치해. 여기 있는 사람들이 주무시는 시간에 '쏴' 하면 불바다가 돼 도무지 살ㄹ 수 없게 된다”는 섬짓한 발언을 서슴지 않았다.
그 뒤 “북한은 휴전선 이남에 더 잘사는 대한민국이 있다는 사실에 위협을 느끼고 있다”고 말해 그나마 형평에도 맞지 않는 말을 했다.
그렇ㄴ가 하면 이동복 전 안기부장 특보는 김정일 위원장의 중국 방문에 대해, “'중국은 중국대로, 조선은 조선대로 간다'는 의미로 해석된다”며 그 의미를 일축해 버렸는가 하면, 김에 대한 평가에 대해서도, 황장엽 전 노동당 비서의 말을 빌어 “(김 위원장은) 아버지에 대한 효행을 미끼로 정책에 간여한 사람”이라며 “일반에 알려진 것보다 훨씬 영리한 지도자”라고 다분히 부정적인 시각을 내보였다.
이런 분위기 속에서, 서경석 위원장과 제성호 교수 등이 내놓은 그나마 균형 잡힌 의견들은 전혀 빛을 발하지 못하았다.
물론 토론에서는 당연히 여러 가지 상반되는 의견이 오갈 수 있고, 그 나름으로 존중 받아야 한다.
하지만, 분단 이후 남북의 정상이 처음 만나는 역사적인 시점에서 각계의 전문가라는 사람들이 나와 원색적인 단어를 사용해 과거 지향적인 발언을 하는 것은 모처럼 무르익은 남북 화해 무드에 아무렇ㄴ 도움이 되지 않는다.
더구나 한국방송공사는 이번 정상회담의 주관 방송사다.
토론 프로그램의 출연자들의 선택에 대한 세심한 고려는 그래서 더욱 아쉽다.
한 시청자가 인터넷에 올린 다음 글은 길ㄴ 여운을 남긴다.
“공동체를 이끌어 가려면 언어가 대단한 리더십을 발휘한다..
언어는 되는 일도 안 되게 할 수 있고, 안 될 일도 되게 할 수 있다.”
뉴욕타임스 동북아지국장 프렌치 남북회담, 북/미 관계 개선 도움”전례가 없는 역사적인 만남이다.
만나서 얘기한다는 것 자체가 커다랗ㄴ 성과다.”
남북 정상회담 취재를 위해 지난 주말 서울에 도착해 서울 롯데호텔에 머물고 있는 하워드 프렌치(42) (뉴욕타임스) 동북아시아 지국장은 “한반도에 많은 문제가 산적해 있지만, 첫 회담에서 기본적인 원칙에 동의한다면 구체적인 문제는 앞으로의 추가 회담을 통해서 해결 가능할 것”이라고 낙관적인 의견을 밝혔다.
그는 의제에 대해 “한반도의 평화 유지에 관한 문제가 회담의 첫 번째 안건이 될 것”이라고 말했다.
그는 “경제적인 관계 발전과 가족 상봉, 남북 간 편지.전화 왕래 등도 중요 안건으로 다뤄질 것”이라고 덧붙였다.
정상회담 이후 북한과 미국의 관계 전망에 대해 그는 “미국은 그간 북쪽에 오랫동안 남쪽과의 교류를 촉구해 왔으며 그 결과가 나타난 사실에 매우 행복해하고 있다”며 “이번 회담은 북한과 미국의 관계 개선에도 기여할 것”이라고 강조했다.
대학에서 동북아 문제를 연구한 뒤 1년 전 도쿄 지국에 부임한 그는 두 달에 한 번꼴로 한국을 방문해 왔으며 한글 명함을 만들어 다닌다.
이번에 방북 취재 신청을 했으나 거절당하았다는 그는 “실망했지만 보안을 중시하는 북한 사정에 비춰 볼 때 놀라지는 않았다”고 말했다.
그는 “프레스 센터의 보도 자료와 남쪽의 언론 보도를 잘 살피고 전문가들을 접촉해 정확한 정보를 세계에 전달하겠다”고 했다.
회담 성공 기원 행사 눈길/'실향민엔 돈 안 받습니다' 고대구로병원 무료 검진...모란각은 냉면 대접 남북 정상의 역사적 상봉이 눈앞으로 다가오면서 이를 축하하고 성공을 기원하는 민간 차원의 행사가 나라 곳곳에서 봇물을 이루고 있다.
고려대 구로병원(원장 박용군)은 정상회담 기간 동안 65살 이상 실향민을 대상으로 무료 진료를 한다.
박 원장은 “남북 이산가족과 실향민들에게 희망의 메시지를 전하고, 통일 때까지 건강하시라는 뜻에서 무료 진료를 계획했다”고 말했다.
서울 서초구 상당한의원도 12일부터 무료 진료에 들어갔다.
주부 전문 클리닉인 이 한의원에선 정상회담이 마무리되는 15일까지 하루 50명씩의 환자를 대상으로 1 인당 3만~4 만 원씩 하는 초음파 검사, 경락 기능 검사, 혈액 검사 등을 무료로 실시할 계획이다.
귀순자 김용(40)씨가 운영하는 평양냉면 집 모란각도 12일부터 14일까지 전국 63개 지점에서 실향민 1세들에게 평양냉면 한 그릇씩을 무료로 대접하기로 했다.
인터넷 자동차 토털 서비스산 (주)카마스(www.camas.co.kr)에서도 실향민 대상 무료 행사를 열ㄴ다.
카마스 쪽은 “축제 분위기 조성을 위해 13~15일 임진각과 전국 지정 업체 300 곳에서 실향민을 위해 자동차 무상 점검과 엔진 오일 보충.교환을 무료로 해 주기로 했다”고 말했다.
남북 새날을 열ㄴ다 55년 간 닫혔던 땅, 김대중 대통령이 오늘 평양을 방문한다.
김정일 국방위원장과 분단 이래 첫 남북 정상회담을 열어, 55년 간 막혔던 입을 열ㄴ다.김 대통령은 13일 오전 비행기 편으로 성남 서울공항을 떠나 평양 순안공항에 도착해 2박 3일 간의 평양 공식 일정에 들어간다.
김 대통령과 김 위원장은 첫날 정상회담에서 특별한 의제를 정하지 않은 채 남북 관계의 과거.현재.미래, 평화 공존 및 화해 협력 방안, 한반도 정세 등에 대해 포괄적인 대화를 나눌 예정이다.
두 정상은 14일에도 단독 및 확대 정상회담을 한 뒤 합의 사항이 있을 경우 15일 오전 공동 회견이나 공동 성명 형식으로 회담 결과를 발표할 것으로 보인다.
김 대통령은 이번 회담에서 만나는 것 자체가 큰 의미가 있다 하고 싶은 얘기를 다해 서로 이해의 폭을 넓히고 불신의 벽을 허물ㄴ다 가장 쉽고 실천이 가능한 것부터 합의한다는 등 세 가지 원칙을 견지할 것이라고 박준영 청와대 대변인이 12일 밝혔다.
박 대변인은 또 “지금까지 한 민족이 둘로 나뉘어 적대적으로 불신과 긴장 속에 보내 온 관계를 청산하고 화해와 협력을 통해 장기적으로 민족이 번영하고 통일에 이르는 첫 걸음이 될 것을 기대하고 있다”고 말했다.
이에 따라 두 정상은 7.4 남북공동성명의 원칙인 자주, 평화, 민족 대단결과 남북기본합의서의 정신인 남북 화해와 불가침, 교류.협력 등을 재확인할 것으로 보이며, 경우에 따라 '한반도 평화 선언' 등을 채택할 것으로 전망된다.
김 대통령은 평양에 도착하면 “남과 북, 온 겨레가 평화롭고 행복하게 잘 살ㄹ 수 있는 길을 찾도록 하자”는 요지의 성명을 발표할 예정이다.
김 대통령의 순안공항 도착 장면은 텔레비전을 통해 생중계된다.
남북 새날을 열ㄴ다/두 지도자 비교 김 대통령/ 논리 정연 차분한 화법 / 경제.통일 해박한 지식 남북정상회담의 높은 벽은 한 정치적 사형수에 의해 뚫렸다.
김대중 대통령은 그야말로 험난한 정치 역정을 걸어 왔다.
박정희 전두환 노태우 등 세 명의 군부 출신 대통령 정권 시절, 민주화를 이끌ㄴ 야당 지도자로서 55 차례의 가택 연금과 183일의 장기 연금을 겪었다.
73년 8월 8일 일본에서 당시 중앙정보부에 의해 수장당할 뻔 했으며, 80년 광주민주화운동 때는 전두환 신군부로부터 사형 선고를 받기도 했다.
그는 '40대 기수론'을 들고 나온 71년과 87, 93년 대선에서 3 차례 고배를 마신 뒤 97년 '대권 4수' 끝에 50여 만 표 차이로 대통령에 당선되는 저력을 보이기도 했다.
말 그대로 '인동초' 인생을 살아 온 것이다.
50년대에는 흥국해운과 (목포일보)를 성공적으로 경영하는 등 사업가적 수완도 발휘한 바 있다.
성격은 꼼꼼하고 치밀하다는 평을 듣고 있다.
대화에 앞서 자료를 분석하고 꼭 할 말은 충분히 숙지한 뒤 사람을 만난다.
논리 정연하고 차분한 화법을 구사하는 김 대통령은 재치 있는 농담으로 분위기를 부드럽게 이끌고 머릿 속의 통계 수치를 열거하며 대화의 주도권을 빼앗기지 않는다.
김 대통령은 투옥 기간 등을 통해 책을 많이 읽어 박학다식하다.
정권 초기 부처 업무 보고를 받는 자리에서 해당 장.차관을 당황 시킬 정도어서 '지도자'가 아닌 '실무자' 스타일이라는 비판도 많이 받았다.
특히 경제와 통일 문제에 밝아 책도 여러 권 냈다.
무엇보다도 역대 군사 정권으로부터 '색깔론' 공세에 시달려 온 김 대통령이 굳게 닫혔던 북쪽의 문을 열어 제킨 것은 매카시즘이 여전히 위력을 발휘하는 오늘의 현실에서 시사하는 바 크다.",464,34303
iks_doc_2000_hankyoreh_007,Hankyoreh 2000 annotated text file unicode.txt,Hankyoreh,한겨레,2000,2000_june_summit,# 김 대통령 발언/ “정상회담 통해 평화 통일 논의”,,"김대중 대통령은 1997년 12월 19일 대통령 당선 뒤 첫 기자 회견에서 김정일 국방위원장과의 정상회담을 제안했고, 잇어 기회 있을 때마다 이를 거듭 언급했다.
이는 김 대통령이 71년 야당 대통령 후보 때부터 일관되게 내세운 통일 정책을 정상회담으로 풀겠다는 의지를 드러낸 것이었다.
당시 김대중 후보는 “내 통일 정책은 '폐쇄 전쟁 지향'에서 '적극 평화 지향'으로 가자는 것”이라고 밝혔다.
김 대통령은 당선 기자 회견 이후 98년 2월 25일 대통령 취임사와 지난 1월 20일 새천년민주당 창당 대회 때도 “정상회담을 통해 민족의 화해와 한반도 평화 문제를 논의하도록 제의하겠다”고 밝혔다.
김 대통령은 잇어 지난 2월 9일 김정일총비서를 '평가'하는 발언을 하면서 정상회담 성사에 한 걸음 더 나아갔다.
김 대통령은 이날 (도쿄방송)과 회견에서 “김 총비서는 지도자로서의 판단력과 식견 등을 상당히 갖추고 있는 것으로 알ㄴ다”고 밝혔다.
이는 남쪽 정상이 북쪽 정상을 긍정적으로 평가한 최초의 발언이다.
김 대통령은 4월 8일 남북 정상회담이 합의된 뒤에는 야당을 포함해 전국민적 성원을 이끌어 내는 데 힘을 쏟았다.
김 대통령은 4월 19일 4.19혁명 40 돌 기념식에서 “민족적 대과업 앞에 여.야가 따로 있을 수 없으며, 초당적이고 범국민적인 지원이 절대적으로 필요하다”고 밝혔다.
김 대통령은 이에 앞서 4월 17일 대국민 담화에서는 “한 번에 다 하려고 하지 않을 것이며 다음 정권이 할 일도 생각하면서 해 나갈 것”이라고 정상회담의 지속성을 강조했다.
김 국방위원장/ 빠른 두뇌 회전에 민첩 / 과단성 있고 배짱 두둑 김정일 국방위원장은 외부 세계에 모습을 잘 드러내지 않아 알려진 바는 많지 않다.
냉전 시절 '참을성이 부족하고 신경질적'이라는 등의 부정적 인식이 널리 퍼져 1994년 김일성 주석이 사망한 뒤 그의 권력 장악을 의심한 의견도 많았다.
김 위원장은 최고 권력자의 아들로서 황제식 교육을 받은 것으로 알려져 김 대통령과는 성장 배경에서 많은 차이 점을 보인다.
22살 땐 64년 노동당 중앙위 지도원을 시작으로 정계에 발을 들여 놓은 그는 73년에 노동당 조직 선전 담당 비서로 두각을 나타내기 시작했다.
그 뒤 91년 조선 인민군 총사령관, 93년 국방위원장, 97년 노동당 총비서에 취임하는 등 수직 상승의 인생을 살아 왔다.
김 위원장은 빠르고 거침없는 말투를 쓴다고 한다.
지난달 중국 장쩌민 주석과의 회담에서는 그의 빠른 말을 통역이 따라잡지 못하아 쩔쩔맸던 것으로 알려졌다.
대화 속에 유머를 많이 곁들여 분위기를 주도하거나 꼼꼼한 성격은 김 대통령과 비슷하다.
배짱도 두둑하며 과단성도 갖췄다는 평가다.
탕자쉬엔 중국 외교부장은 지난 5월 그를 만난 뒤 “두뇌 회전이 빠르고 사물에 대한 반응도 민첩하며 목소리가 우렁차다”고 전한 바 있다.
필름을 모으고 책도 쓸 만큼 영화에 관심이 많아 마찬가지로 영화에 조예가 깊은 것으로 알려진 김 대통령과 문화적으로 비슷한 취향을 보이고 있다.
김 전 주석의 유훈을 잇어 받아 정상회담에 나선 김 위원장이 실리를 위해 얼마 만큼의 명분을 내놓을지 주목된다.
# 변화 보인 김 위원장/97년부터 대남 비방 발언 자제 김정일 국방위원장은 오는 6월 말로 노동당 중앙에 들어선 지 36년을 맞는다.
그동안 김 위원장의 발언은 (김정일 전집)을 꾸릴 만큼 많았지만 통일 부문만은 예외다.
이 부문은 김일성 주석이 사망하던 94년까지 직접 '챙긴' 탓이다.
김 위원장이 그나마 한 발언들도 “미군이 나가야 한다.
그들 때문에 통일에 지장이 있다”(90년 10월)이거나 “남조선에는 비전향 장기수가 많은데 우리는 어떻게 하든 그들을 데려 와야 한다”(94년 10월) 등 남쪽을 비판하는 통일 발언들이 주류였다.
하지만 김 위원장의 통일 관련 발언은 97년 8월에 발표한 (위대한 수령 김일성 동지의 조국 통일 유훈을 철저히 관철하자)에서부터 크게 바뀌었다.
그는 이 문건에서 “조국 통일은 더 이상 미룰 수 없는 최대의 민족적 과업”이라며 “(남쪽이) 반통일적인 대결 정책에서 벗어나 실지 행동으로 긍정적인 변화를 보인다면, 우리는 그들과 아무 때나 만나 민족의 운명 문제를 놓고 허심탄회하게 협상할 것이며 조국 통일을 위해 함께 노력할 것이다”고 강조했다.
남쪽에 대한 비난이 모두 사라진 것은 아니지만 이보다는 통일의 당위에 대한 강조로 기조가 바뀌었다.
정상회담을 앞둔 북한 언론들은 주로 이 문건을 인용해 보도하고 있음도 눈여겨볼 만한 대목이다.
(평양방송)은 지난 2일 (. 관철하자)를 인용해 “전 민족 대단결이 조국 통일 실현의 결정적 담보”라고 보도한 데 잇어 지난 7일에도 “정치적 대결 상태가 해소돼야 군사적 대결 상태가 가셔지고, 나아가 민족적 화해와 단합이 실현될 수 있다”고 강조했다.
4.8합의부터 6.13회담까지 4월 8일: 남북 정상회담 개최 합의 4월 22일: 판문점에서 1차 실무 협의 5월 13일: 실무자 접촉(통신.보도) 5월 16일: 실무자 접촉(경호.의전) 5월 17일: 실무자 접촉(통신.보도) 5월 18일: 5차 준비 접촉, 실무 절차 합의(취재 기자 50명) 5월 26일: 평양학생소년예술단 서울 첫 공연 5월 27일: 남, 선발대 30명 명단 북에 통보 5월 28일: 북, 선발대 신변 안전 보장 각서 남에 전달 5월 29일: 김정일 국방위원장 중국 방문 5월 29일: 김 대통령, 모리 요시로 일본 총리와 서울에서 회담 / 평양교예단 입국 5월 31일: 북, 중국에 국경 전면 폐쇄 통보 정상회담 선발대 판문점 거쳐 평양 도착 6월 4일: 평양교예단 서울 첫 공연 6월 5일: 북, 남한 대표단 북한 체류 일정 통보 남, 대표단 및 취재단 명단 북에 전달 6월 8일: 한, 미 대통령 일본에서 정상회담 6월 10일: 북, 정상회담 일정 1일 연기 통보 6월 13일: 김 대통령 방북 '방어적 자세' 일본의 속셈 최근의 남북 관계 변화와 관련한 한반도 이웃 대국 중국과 일본의 자세와 활동은 사뭇 대조적이다.
그리고 이 대조적인 대응 자세는 앞으로 한반도 통일과 동북아시아 정세 변동 과정에서 양국의 장래 역할 및 지위 문제와도 직결될 것으로 예상된다.김정일 북한 국방위원장의 중국 방문을 통해 극적으로 표출됐듯이 최근 한반도 변화에 대한 중국의 비중은 급속히 커지고 있다.
남북 정상회담을 위한 비공식 접촉의 주무대가 중국이었다.
중국은 그냥 장소만 제공한 것이 아니라 적극적인 중재자 역을 자임함로써 중동 평화 협상의 미국과 같은 구실을 떠맡으려 한다는 지적까지 받는다.
이를 경계하듯 일본 쪽에서는 심지어 중국이 `종주국 같은 행동'을 보이고 있다는 표현까지 동원한다.
이에 비해 일본은 남북 교섭 과정만 본다면 그 존재감이 느낄 수 없을 정도로 매우 희박하다.
정상회담이 성사된 이후의 대응도 매우 방어적이고 소극적인 자세로 일관하고 있다.
북/일 수교 교섭 10차 본회담이 연기된 것은 김정일 위원장의 중국 방문과 남북 정상회담 준비 등의 영향도 있었지만 본회담 사전 협의에서 보여 준 일본 쪽 자세와 무관하지 않다.
일본은 일관되게 일본인 납치 의혹과 북한 핵.미사일 개발 문제를 주의제로 삼자고 요구하면서 이 문제의 선결 없이는 경제 협력이 불가능하다는 자세를 취했다.
게다가 과거사 청산과 관련한 식민 지배 배상도 배상이 아닌 경제 협력일 뿐이라는 명분 고수에 집착한다.
북/일 교섭에 응함로써 일본은 납치 의혹, 북한 핵.미사일 문제 선결을 조건으로 대북 협상에 임해야 한다는 이른바 '입구론'에서 선협상 후해결의 '출구론'쪽으로 방향을 바꾼 것으로 보였다.
하지만 집권 자민당 지도부 등의 일본 지배 그룹이 이 방향 전환의 불가피성과 타당성을 국민에게 적극적으로 설명하고 설득하는 모습을 보여 준 적은 없다.
오히려 이를 이면에서 부추김로써 대북 협상 카드의 하나로 활용하려는 듯한 인상마저 주고 있다.
일본은 북한의 아시아개발 은행(ADB) 가입도 미국 결정에 따라 반대했다.
일본의 이런 자세는 외교.안보 면의 전통적인 대미 추수 자세 외에 21세기 국가 진로와 관련한 지배 그룹의 전략과도 깊은 연관이 있어 보인다.
일본의 장래 비전은 미/일 동맹 체제의 확대 강화와 일본 자체의 독자적인 '강성 대국'화다.
지난해 전격적으로 처리된 미/일 방위협력지침(가이드라인)관련 법, 국기.국가법, 주민대장등록법 및 통신감청법 제정.개정과 최근 현실감을 뗘 가고 있는 엔 국제화와 엔 경제 블록 구상은 이를 위한 토대 구축으로 비친다.
지배 그룹은 북한 군사 위협론과 중국의 팽창주의를 강조함로써 이런 태세 정비에 십분 활용해 왔다.
중국이 대북 지원과 남북 관계 개선에 적극적으로 개입하고 있는 것은 미일 동맹 강화 등 일본의 진로 선택과 무관하지 않다.
중국은 미일 동맹이 종국적으로 겨냥하고 있는 대상은 바로 자신들이라고 보고 있다.
미국 국가 미사일 방어(NMD) 및 전역 미사일 방어(TMD) 구상을 둘러싼 미일과 중 러의 갈등에서 보듯 지금 동북아는 자칫 한반도 주변 대국들 간의 불신과 반목이 상호 악순환적으로 가속화할 위험성을 안고 있다.
그렇게 되면 가장 불행해질 가능성이 높은 쪽은 또다시 한반도다.
남북한의 주체적 화해와 상생적 통일은 이런 악순환의 고리를 끊는 절호의 기회가 될 수 있다.
남북의 변화에는 주변국들의 협력이 필수적이다.
반면에 주변국들은 남북의 변화를 매개로 신냉전적 대립 해소의 실마리를 찾을 수 있다.
아시아 주도의 새롭ㄴ 아시아 시대 개막을 위해서는 기존 질서의 확대 강화가 아닌 발상 전환과 새롭ㄴ 해법이 필요하다.
남북 새날을 열ㄴ다/화해 협력 무엇을 논의할까 분단 55년 만의 첫 남북 정상회담은 가뭄 끝의 단비가 될 것인가.
사회.문화.체육 분야의 남북 교류는 민간 차원에서 80년대 이래 꾸준히 추진돼 왔으나 가뭄의 콩 나듯 했다.
남북 단일팀은 그 결실의 하나다.그러나 대부분은 논의 단계에서 멈췄다.
성사된 것들도 일회성이어서 지속적이지 못하았다.
각종 여론 조사에서 남북 사이에 풀어야 할 첫 번째 과제로 꼽히는 이산가족 문제도 마찬가지다.
물꼬를 트는 일이 두 정상에게 맡겨진 셈이다.
정상회담 방북 대표단에 특별 수행원으로 참가하는 각계의 민간인 대표들도 북쪽의 같은 분야 상대와 깊이 있는 이야기를 나눌 것으로 기대된다.
집단적이고 집중적인 교류 협력 논의가 이루어질 수 있는 상황이다.
체육.문화.언론.여성계 등 특별 수행원으로 방북하는 이들이 들고 갈 보따리를 미리 풀어 본다 더 미룰 수 없는 이산 문제 김대중 대통령은 이번 정상회담을 통해 베를린선언 등에서 밝혀 왔던 대로 “노령으로 세상을 계속 세상을 뜨고 있는 이산가족의 상봉을 더 이상 막을 수 없는 것”임를 강조하고 해결 방안을 제시할 예정이다.
김 대통령은 특히 이번 회담을 계기로 이산가족 문제 해결을 위한 정례화.상설화된 틀이 마련될 수 있기를 강력히 희망하고 있다.
이산가족 문제는 정상회담에 임하는 김 대통령에게 부담스럽지만 소망스럽ㄴ 과제다.
하지만 북의 확실한 반응을 예상할 수 없는 상황에서 정상회담의 최우선 과제로 못 박았을 경우 이산가족 문제는 자칫 55년 만의 대좌에 걸림돌이 될 수도 있다.
이산가족 문제는 기본적으로 문제 해결의 첫 단곈 생사 확인의 틀만이라도 마련한다면 '엄청난 진전'이 될 수 있다.
정부가 마련한 이산가족 문제 해결 방안은 지난해 베이징 차관급 회담 당시 제안에서 크게 벗어나지 않는다.
구체적으로는 월 100명씩 이산가족 상봉 월 1회 쌍방 300명씩 생사 및 주소 확인을 위한 명단 교환 월 2회 우편물 교환 판문점 상봉 면회소 설치 쌍방 100명씩 고령 이산가족의 서울.평양 방문단 순차 교환 등이다.
정부는 시범적인 고향 방문단을 통한 소규모 상봉을 추진할 수 있지만 이를 정례화할 수 있다는 조건에서 수용할 방침이다.
대표단에 고향 투자가 가능한 실향민 기업인들과 대한적십자사의 사무총장이 껴 있는 것도 이산가족 문제에 대한 북의 거부감을 줄이기 위한 고려로 보인다.
그러나 '자신의 의사와는 관계없이 남북으로 흩어진' 이산가족'에는 단순히 실향민뿐만 아니라 납북자, 잔류 국군 포로, 비전향 장기수 등 특수한 이산가족들도 포함된다.
북쪽은 비전향 장기수에 대해서만 8월 15일 이전까지 무조건 송환을 요구해 오고 있다.이런 점에서 이산가족 문제는 남과 북이 모두 '폭넓고 통 큰' 해결책을 모색해야 할 것이다.
/정상회담 준비 과정에서 북쪽은 남쪽의 이산가족 문제에 대해 남쪽 입장을 “잘 알고 있다”는 뜻을 몇 차례 표시한 것으로 알려지고 있다.
지난해 차관급 회담에서도 전금철 아태 부위원장은 “이산가족 문제 해결을 위해 긍정적.전향적으로 검토해 통 크게, 폭넓게, 전면적으로 추진하며, 이는 정책 전환”이라고 언급한 바 있다.
# 언론 분야/기자 상호 방문.언론인 통일 선언 추진 탈냉전 시대 '냉전의 섬'으로 남아 있던 한반도의 운명을 상징하듯 언론 분야는 그동안 남북 교류 협력의 사각 지대였다.
다른 분야에선 이따금 남북 교류가 이루어졌지만, 언론 분야에선 논의만 무성했을 뿐 성과가 없었다.
몇몇 신문사 대표단의 방북에 따른 남북 간 '합의'도 있었지만, 실제적 언론 교류는 이루어지지 않고 있는 형편이다.
그런 만큼 정상회담 수행원으로 방북하는 최학래 신문협회장과 박권상 방송협회장에 쏠리는 관심도 높다.
특히 신문 쪽은 '비정치적 분야'에 초점을 맞춘 남북 언론 교류 방안을 북쪽에 제안하고 논의할 것으로 알려졌다.
북쪽에 제안할 교류 방안은 조선기자동맹 대표단과 정례 회담 및 상호 방문 평화 통일을 위한 언론인 공동 선언 마련 서울과 평양에 상주 기자 파견 추진 등인 것으로 전해졌다.
그러나 보도 문제 언론에 대한 시각에서 남북의 시각 차가 워낙 커서 현실적으로 이번 방북 기간에 남북 간의 합의는 기대하기 어렵ㄹ 것으로 보인다.
그러나 남쪽의 제안 내용을 실무적으로 검토하려는 예비 접촉 합의가 이루어질 가능성은 없지 않다.
# 예술 분야/남북 아우른 통일 교과서.문학 전집 만들자 13일 김대중 대통령과 함께 방북하는 고은 민족문학작가회의 상임 고문과 차범석 대한민국 예술원 회장은 한 민족의 문화 동질성 회복을 목적으로 한 상호 교류와 공동 작업을 제안할 계획이다.
고은 상임 고문은 남쪽과 북쪽을 아우를 수 있는 교과서 제작 모국어 순화를 전제로 한 문법 통일안 남북한이 함께 하는 문학 축전과 교류 등을 북쪽 문화계 대표와 의논하고 싶다고 말했다.
특히 두 체계가 각기 추구해 온 이념을 넘어설 수 있을 정도로 뚜렷한 문학 성과들을 뽑아서 통일 교과서를 만들자는 의견을 내겠다고 강조했다.
차범석 예술원 회장도 남북한 통일 문학 전집 공동 간행 연극 분야의 남북 교류 등을 추진한다는 계획이다.
차 회장은 “지난해 3월부터 김윤식 서울대 교수를 위원장으로 해 작업에 들어간 통일 문학 전집 간행 추진 위원회 일을 이번 방북을 계기로 북쪽과 무릎을 맞대고 함께 논의하는 길을 찾고 싶다”며 “북쪽이 이에 응한다면 그동안 원전을 구할 수 없어 미뤄져 왔던 완벽한 통일 문학 전집 완간이 이루어지는 큰 결실을 올릴 수 있을 것”이라고 말했다.
# 사회 단체.여성 분야/8.15공동회의/탁아소 결연 등 협의 민족화해협력범국민협의회(민화협) 상임의장 자격으로 방북하는 강만길 고려대 명예 교수는 최소한 두 분야에서 교류 협력을 추진할 것으로 보인다.
우선 민화협이 그동안 제안해 온 8월 15일 '남북 정당 사회 단체 공동 회의' 개최를 비롯해 7.4남북공동성명 남북 공동 행사 남북기본합의서 실천 주간 공동 행사(12월 13일) 시드니올림픽 남북 공동 응원단 구성 등 민간 차원의 화해.교류 활성화 방안을 북쪽 민족화해협의회와 협의할 계획이다.
여성계 대표 자격으로 방북하는 장상 이화여대 총장은 92년 9월 평양에서 열린 '아시아의 평화와 여성의 역할' 3차 회의 이후 끊긴 남북 여성의 대화.교류 복구에 힘쓸 것으로 보인다.
장 총장은 이와 함께 여성계가 북쪽의 특정 탁아소 등과 자매 결연을 맺어 인도적 지원 사업을 벌이는 문제 등도 논의할 것으로 알려졌다.
백병원을 운영하고 있는 백낙환 인제 학원 이사장도 이산가족 기업인 몫으로 방북하지만, 북한의 심각한 보건 의료 상황을 개선하기 위한 지원 방안을 협의할 계획인 것으로 전해졌다.
스포츠 분야/교류 `1 순위' 가시적 성과 유력/시드니올림픽 공동 입장 등 타진 김운용 대한체육회장 겸 국제올림픽위원회 집행 위원과 정몽준 대한축구협회 회장이 방북하는 스포츠는 남북 간 교류 협력에 선두 주자가 될 가능성이 크다.
92년 남북기본합의서 채택을 전후해서도 축구와 탁구의 단일팀 구성 등 스포츠가 해빙의 '상징'이 됐듯이, 이번 남북 정상회담이 성공리에 이루어질 경우 가장 먼저 가시적인 '성과'가 나올 수 있는 유력한 분야가 바로 스포츠 교류기 때문이다.
그러나 두 사람은 서울 출발에 앞서 최대한 발언을 자제하고 있다.
우선 거론되는 것이 94일 앞으로 다가온 시드니올림픽(9월 15일~10월 1일) 남북 선수단 공동 입장이다.
사마란치 국제올림픽위원회 위원장은 최근 김대중 대통령과 김정일 북한 국방위원장에게 편지를 보내 시드니올림픽 때 남북 단일팀 구성과 공동 입장 등 남북 교류를 권유한 바 있다.
국제올림픽위원회는 이 문제에 대해 전향적으로 검토하고 있는 것으로 알려졌다.
또 남북한 공동의 광복절 경축 행사가 마련될 경우 마라톤, 축구 등 스포츠가 효과적인 주요 행사가 될 수 있다는 점에 대해서도 깊은 대화가 오갈 것으로 예상된다.
김운용 체육회 회장은 이 밖에도 2001년 세계탁구선수권대회(일본 오사카) 남북 단일팀 구성, 2002년 부산 아시안게임 단일팀 구성과 남.북한 분산 개최 등도 북쪽에 타진할 것으로 보인다.
김 회장은 이런 다각적인 방안을 놓고 북한 체육계의 최고위층인 박명철 국가체육위원회 위원장, 장웅 국제올림픽위 위원 등과 심도 있는 대화를 가질 예정이다.
박 위원장은 초면이지만, 장 위원과는 여러 차례 각종 국제 회의에서 만나 온 사이다.
상징성이 강한 8.15에 즈음한 통일 축구 대회 등 남북 축구 교류도 성과가 예상된다.
정 회장은 “올림픽 단일팀 구성은 물론 10월에 레바논에서 열릴 아시안컵 단일팀 구성도 생각해 볼 수 있다”며 “그동안엔 주로 서신을 이용하는 바람에 어려움이 있었으나 이번엔 직접 만날 수 있어 실질적인 문제를 논의할 수 있을 것”이라고 말했다.
북쪽의 태도도 부정적이지 않다.
류성일 조선올림픽위원회 서기장 겸 국가체육위원회(체육부) 대외사업국장은 지난달 25일 브라질 리우데자네이루에서 열린 국가올림픽위원회 총연합회 제12차 총회 참석해 “정상회담의 결과에 따라 양쪽의 체육 교류가 더욱 활발해질 수 있을 것”이라고 말했다.
`이산가족' 인터넷 주소 선물로 가져가셔요 이산가족 2 세대 기증 화제”'이산가족'을 김정일 국방위원장에게 선물로 전해 주셔요.”
지난 9일 청와대 인터넷 사이트 자유 게시판에는 인터넷 주소 'www.esangajok.org'를 무료로 제공하겠다는 제안이 올라왔다.
“김대중 대통령이 방북 선물로 함께 가져갔으면 한다”는 바람도 덧붙였다.
이 글을 올린 이만휘(46.개인 사업)씨는 남북 정상회담 열기가 무르익은 지난달에 이 주소를 등록했다.
“처음에는 이북5도민회와 함께 사이버 공간에서 이산가족을 찾아 주는 사이트를 운영해 보고 싶었습니다.
그렇지만 문득 대통령이 방북 선물로 가져가면 좋겠다는 생각이 들더군요.”
이씨는 부모가 황해도 서흥에서 혈혈단신으로 월남한 이산가족 2 세대다.
“아무래도 남쪽에 네티즌 수가 많을 터니까 북쪽에서는 사이트를 구축하고 남쪽에서 이를 검색하면 훨씬 더 많은 이산가족을 찾을 수 있을 것입니다.”
이씨는 “보잘것없지만, 이 선물이 전해진다면 통일에도 적잖은 도움이 될 수 있지 않겠느냐”고 기대를 감추지 않았다.
한편 청와대 관계자는 “이번에는 남북 정상의 첫 만남이어서 도메인 기증 문제는 빠졌다”며 “그러나 기증 의사를 밝힌 다른 북한 관련 도메인과 함께 다음에 기증하는 방안을 검토하고 있다”고 밝혔다.
'삼재 피해 풍기로 왔 디요'/1.4후퇴 때 `정감록'따라 정착 2천여 실향민 회담 성공 염원”이번에는 꼭 좋은 결과가 나오리라고 믿습니다.
그래서 50여 년 동안 헤어졌던 일가 친척들의 생사라도 알았으면 좋겠습니다.”
실향민들이 모여 사는 경북 영주시 풍기읍 주민들은 역사적인 첫 남북 정상회담을 앞두고 기대와 설렘 속에 빠져 있다.
풍기에는 2천여 명의 실향민이 살고 있다.
전체 주민 1만 7천여 명의 10%를 웃돌ㄴ다.
이 중 60살을 넘어선 실향민 1 세대만 해도 200여 명에 이른다.
주로 황해도와 평안 도 쪽에서 1.4후퇴 때 피난 온 실향민들이 대부분이다.
실향민들이 풍기에 모이게 된 이유는 '뜻밖에도' (정감록)에 있다.
조선 중기부터 민간에 널리 퍼졌다는 예언선 이 책에는 난리, 흉년, 역병 등 삼재를 피할 수 있는 우리나라 10 곳 가운데 풍기를 으뜸으로 꼽아 놨다.
윤정대(70)씨는 “이번 회담이 잘돼 고향에 갈 수만 있다면 그동안 고생해 온 형제 자매들을 위해 식량이나 옷가지들을 한 봇짐 싣어 가겠다”며 눈시울을 붉혔다.
CNN 특별 사이트 개설 미국의 뉴스 전문 케이블 텔레비전인 (CNN)이 11일 웹사이트에 '남북정상회담: 역사적 만남이 50년 갭의 다리를 놓는다'는 제목으로 남북 정상회담 관련 특별 사이트(www.CNN.com/SPEMIALS/korea)를 신설했다.
이 사이트는 '한국, 전쟁 상태에 있는 나라들'(Korea, States of War)이라는 큰 제목 아래 태극기와 인공기, 한반도 지도, 소 떼 방북 및 부채춤 장면을 보여 주고 있다.사이트는 '대분단을 넘어'이라는 제목 아래 “정상회담은 한반도 정치 관계의 새 시대를 열고 50년 갈등을 뛰어넘는 일보를 디딜 수 있을 것”이라고 전망했다.
사이트에는 최신 뉴스를 비롯해 한반도 개관 남북 정상 프로필 남북한 시각 경제 광주민주화운동 20년 한국전쟁 인터뷰, 개관 등이 수록돼 있다.
분단 없는 인터넷 사이버 잔치 벌였네 남북정상회담 열기가 사이버 세상에 넘쳐 흐른다.북한 전문 벤처 (주)조선인터넷닷컴(www.dprk.com)은 남북정상회담을 기념해 홈페이지에 남북정상회담 카운트다운 시계와 회담부터 통일까지 걸린 시간을 기록할 통일 시계를 설치했다.
통일이 되는 날까지 통일 시계의 전원을 끄지 않을 것이라고 했다.
남북 정상이 화상을 통해 사이버 정상회담을 할 것을 촉구하는 제안도 내 놨다.
네티즌들의 의견을 묻은 결과, 12일 정오 현재 1457명의 참가자 가운데 850명이 적극적으로 밀어 주겠다는 뜻을 보내 왔다.
조선인터넷닷컴은 북한 김정일 국방위원장도 인터넷과 이/메일을 즐긴다는 설이 유력한 만큼 사이버 정상회담이 반드시 성사될 것이라고 큰소리 치고 있다.
대화 방 검색 사이튼 '챗파인드'(www.chatfind.co.kr)도 남북정상회담 카운트다운 시계를 설치했다.
정상회담에 바라는 네티즌들의 의견을 받는 코너도 마련했다.
챗파인드 쪽은 여기에 올라온 네티즌들의 통일에 대한 열망을 모아 청와대와 통일부에 전달할 예정이다.
지난 11일 김정일 국방위원장을 등록하고 신주를 공모하고 있는 인터넷 정치 증권 거래소 '포스닥'(www.posdaq.co.kr)의 경우, 공모 2시간 만에 200여 명의 회원들이 몰려 배당 모집 인원이 찼다.
12일 정오 현재 신청자가 1 천 명을 넘어섰고, 마감 때까지는 7대 1의 경쟁률을 넘어설 것으로 포스닥은 예측한다.
브랜드 평가 서비스를 제공하는 브랜드스톡(www.brandstock.co.kr)은 시중에 유통되고 있는 북한산 주류 브랜드 '평양술'과 '백두산들쭉술'에 대한 공모를 실시하고 있다.
북한을 바로 알자는 행사도 잇따르고 있다.
경품 정보 사이트 엔타임닷컴(www.ntime.com)은 '에미나이, 북조선에 대해 무엇을 알 간'이란 제목으로 북한 바로 알기 캠페인을 벌이는 중이다.
여덟 문제를 순서대로 모두 맞힌 네티즌 중 추첨을 통해 뽑힌 13명에게 금강산 여행권 등을 준다.
엔타임닷컴 관계자는 “하루 평균 5천여 명의 네티즌들이 방문하고 있는데 여덟 문제를 모두 맞히는 이는 대략 1천여 명 수준”이라며 “북한을 올바로 이해할 수 있는 사이버 행사를 추가로 준비하고 있다”고 말했다.
인터넷 포털 서비스 신비로(www.shinbiro.com)도 초.중.고교생 네티즌을 상대로 북한과 통일에 관련된 문제의 해답을 인터넷으로 찾는 '청소년 통일 사이버 정보 사냥 대회'를 열고 있다.
통일 한국의 미래상에 대한 자신의 생각과 상상을 담아 만드는 '통일 한국 홈페이지 경연 대회'도 함께 하는데, 신비로가 제공하는 무료 홈페이지 계정을 받아 만들면 된다.
법률 포털 사이트 '예스로'(www.YesLaw.com)는 국내법과 북한 법 중 서로 관련된 조항을 보여 주는 '북한 법과 북한 관련 법'코너를 신설했다.
인터넷 열기는 북한 어린이 돕기로 바로 이어진다.
하이텔(www.hitel.net)과 넷피아닷컴(www.netpia.com)이 함께 진행하는 북한 어린이 결핵 환자 돕기 특별 이벤트에는 벌써 5 만 명 이상이 다녀갔다.
우리민족서로돕기운동과 자전거사랑전국연합회, 주한유럽연합상공회의소가 주최하는 '북한 결핵 어린이 돕기 파리/베를린 자전거 대회'(http://www.longmarch.org)도 인터넷을 통해 참가자를 공모한 결과 800명이 넘는 신청자가 몰렸다.
남북정상회담 열기를 홍보 기회로 삼아 오프라인에서 발빠른 홍보 활동을 벌이는 인터넷 벤처들도 눈에 띈다.
전자 화폐 업체 이코인(www.EMoin.co.kr)은 남북정상회담을 기념해 '이코인 인터넷 화폐' 1 만 원권 2 천 장을 12일부터 한 달 간 한정 발행한다.
이코인과 네띠앙 홈페이지에서 판매되는 기념 화폐는 상단에 한반도를 배경으로 남북한 정상의 캐릭터가 두 손을 맞잡은 모습을, 하단에는 두 캐릭터가 화상 채팅을 하는 모습을 담고 있다.
인터넷 게임 업첸 게임21(www.game21.com)은 '반갑습네다!
게임21의 빛나는 영도 아래 자나깨나 행복합네다!'이라는 포스터를 테헤란로, 압구정, 대학로 등에 붙였다.
질낮은 갱지로 만들어진 이 포스터는 개나리 색 바탕에다 붉은색 글씨로 적혀 있고 치마 저고리를 입은 북한 어린이를 그려 놨다.
이혁재 기획 팀장은 “포스터를 기획하기 위해 한 달 간 북한 포스터를 분석했다”며 “포스터를 부착한 이후에 가입자가 3배 정도 늘어났다”고 즐거워했다.
음악 전문 사이튼 라이브(www.live.co.kr)는 '김정일도 몰래 보는 랄랄라'이라는 카피가 들어 있는 현수막을 만들어 서울 시내 주요 지역에 걸었다.
기업들 대북 사업 본격화 전망/민간 경협 보따리 무엇인가 이번 남북 정상회담에는 4 대그룹의 대표들이 특별 수행원으로 함께 간다.
정몽헌 현대아산 이사회 의장, 윤종용 삼성전자 부회장, 구본무 엘지 회장, 손길승 에스케이 회장 등이다.남북 경협 선두 주잔 현대의 대북 사업을 이끌어 온 정몽헌 의장은 특별 수행원 명단에 오른 10명의 기업인 중 유일하게 북한 김정일 위원장과 면담한 인물이다.
또 이번 정상회담을 주도한 조선아시아태평양평화위원회의 김용순 위원장, 송호경 부위원장과 수시로 연락이 오갈 수 있는 몇 안 되는 국내 인사의 한 명이다.
정 의장은 이번 방북에서 아태평화위원회 실무 총책인 강종훈 서기장을 만나 서해안 공단 터 선정과 금강산 종합 개발을 위한 구체적인 방안을 논의할 계획인 것으로 알려졌다.
남북 정상회담 이후, 정주영 현대 명예 회장의 방북이 예정돼 있어 명예 회장의 방북 때 이를 발표할 수 있도록 사전 실무 작업을 마치겠다는 방침이다.
논란이 되고 있는 서해안 공단(2 천만 평 규모) 터는 북쪽이 신의주를 권하는 반면, 현대는 남쪽과 거리가 가까워 육로 수송 가능성이 높고, 인프라가 상대적으로 잘 구축된 해주를 원하고 있다.
현대는 서해안 공단을 조성할 경우, 이곳에 삼성전자가 추진 중인 전자 복합 단지와 통합하는 등 국내 다른 대기업의 참여를 적극 유도하고 나아가 해외 기업들까지 유치할 계획이다.
대북 투자 기업들의 가장 큰 애로가 전력, 도로, 항만 등 북한의 사회 기반 시설(SOC) 부족인데, 서해안 공단을 조성할 경우, 기반 시설 공유가 가능해 더욱 활발한 대북 투자가 가능하다.
현대는 또 서해안 공단과 별도로 통천 경공업 단지(3 만 평) 조성도 추진 중이다.
현대는 이와 함께 금강산 추가 개발 사업도 이번 방북에서 심도 있게 논의할 예정이다.
개발 3년 차를 맞은 금강산 관광은 지난해까지 1 단계로 장전항 부두.공연장 등 기초 시설을 마무리 짓고, 2 단계로 2004년까지 현대가 3 억 달러를 투입해 해금강, 삼일포, 온정리 등에 호텔 8개, 콘도 4개, 모텔 6개를 짓어 9천실을 웃도는 숙박 시설을 확보하고, 해수욕장, 야영장 등도 추가로 조성하는 계획이 잡혀 있다.
현대는 이밖에 2005년부터는 육로와 항공 관광 루트도 개발할 방침인데, 남쪽에서 휴전선을 넘어 금강산까지 이어지는 금강산 철도 복원 사업을 염두에 두고 있다.
또 서해안 공단과 통천 경공업 단지가 조성될 경우, 화물 열차를 운행하기 위한 경의선과 경원선의 일부 복원 작업도 추진 중이다.
삼성의 대북 투자도 점차 적극성을 띄고 있다.
삼성의 대북 사업 창군 삼성전자가 추진 중인 주요 사업은 소프트웨어 공동 개발, 전자 제품 및 의류 임가공, 전자 복합 단지 건설 등이다.
윤종용 부회장은 이번 방북에서 지난 98년부터 추진해 온 전자 복합 단지 건설에 대한 윤곽을 확정할 계획이다.
삼성전자는 개성, 해성, 남포 등지에 수원전자단지 규모의 공단 설립을 준비해 왔는데, 성사되면 매년 5억~10 억 달러씩 투자할 계획이다.
앞으로 10년 간 이 지역 50 만 평 터에 종업원 3 만 명 규모의 전자 단지를 건설해, 그룹 내 전자 관련 계열사와 중소 업체, 다국적 기업을 유치하는 계획을 북한 쪽과 협의해 왔다.
평양 시내 중심가에 있는 평양체육관에 삼성의 로고가 부착된 전광판 가동식도 이번 방북 때 실현할 가능성이 높다.
또 올해 하반 기중 위탁 가공 제품인 20인치 텔레비전 2 만 대와 북한산 오디오 카세트 12 만 대, 전화기 24 만 대를 국내에 반입할 계획도 잡아 놓은 상태다.
올해 초 북한 조선컴퓨터센터와 공동으로 설립한 '소프트웨어 공동 협력 개발 센터'를 기반으로 소프트웨어 공동 개발에도 본격적인 투자가 이루어질 전망이다.
한편 이건희 삼성 회장이 지난해 말부터 북한한테서 방북 요청을 여러 차례 받아 왔지만 건강 문제 때문에 연기한 바 있는데, 윤 부회장 방북을 계기로 올해 말이나 내년 초 이 회장의 방북도 실현될 것으로 보고 있다.
엘지는 방북 인사를 구본무 회장으로 확정하면서 대북 사업에 보다 큰 그림을 그리고 있다.
엘지는 1 단계로 전자 제품과 부품 등 경공업 분야의 시범 투자 사업부터 시작해 2 단계로 광물, 임수산물, 관광 자원 개발과 공단 건설을 추진하겠다는 계획이다.
엘지는 남포공단에서 컬러 텔레비전, 의류, 자동차 배선 등 위탁 가공 사업을 계속해 왔다.
또 백색 가전 제품 위탁 가공 사업 확대를 추진해 오다, 정상회담 계획 발표로 일정을 미뤄 온 상태다.
엘지는 이밖에 북한과 지난 98년 나진.선봉 지역의 가리비 양식 합영 사업에 완전 합의했고, 컬러 텔레비전, 자전거 합영 사업에 대해선 조건 부합의 단계에 있다.
엘지그룹 대북 사업 팀 관계자는 “전자 계열사의 가전 제품과, 화학의 생활 용품, 건설의 사회 간접 자본 투자 등 모든 계열사들이 대북 사업 추진을 원하고 있다”며 “현대가 독점하고 있는 관광 사업에도 관심이 높다”고 말했다.
4 대그룹 가운데 유일하게 대북 투자가 전혀 없는 에스케이의 손길승 회장도 이번 기업인 특별 수행원 명단에 포함됐다.
에스케이는 “에너지, 화학, 정보 통신이 주축인 그룹 사정상 인프라가 갖춰 있지 못한 북한에서 단기간에 할 수 있는 사업이 없어 대북 진출이 늦었다”고 말했다.
그러나 북한 쪽 파트너와 만날 경우 정유소나 석유 화학 공장 합작 건설 방안 등이 논의될 수 있을 것으로 전망했다.
우선은 에스케이상사를 통해 수산물 등 일차 상품 중개 무역을 시도할 생각이다.
남북 교류.협력 가속화 각계 대표 특별 수행원 구체 방안 협의 계획 남북 정상회담으로 문화.체육 등 사회 각 분야의 남북 교류 협력이 급류를 탈 것으로 보인다.
고은 민족문학작가회의 상임 고문, 정몽준 축구협회장, 최학래 신문협회장 등 사회 각 분야를 대표해 13일 방북하는 특별 수행원들은 평양 체류 기간 중 북쪽 관계자들과 만나 다양한 교류 협력 방안을 협의할 계획이다.
남북 단일팀 등 성과를 거둔 체육 분야에선 시드니올림픽(9월 15~10월 1일) 남북 선수단 공동 입장과 8.15 통일 축구 대회, 2001년 세계탁구선수권대회(일본 오사카) 남북 단일팀 구성, 2002년 부산 아시안게임 단일팀 구성과 남북한 분산 개최 등을 협의할 예정이다.
이 가운데 시드니올림픽 남북 선수단 공동 입장 문제는 정상회담 기간 중 구체적 성과를 거둘 가능성이 있다.
남북 간 교류가 거의 없었던 언론 분야에선 신문협회와 신문방송편집인협회, 기자협회 공동 명의로 조선기자동맹에 정례 회담과 상호 방문 등을 제안할 계획이다.
문화.예술 분야에선 남북을 아우를 수 있는 통일 교과서 제작과 남북 문학 축전, 남북한 통일 문학 전집 공동 간행 등 다양한 교류 방안을 내 놓을 예정이며, 여성계에선 북쪽 아동과 모성 보호를 위한 인도적 지원 방안 협의 등 남북 여성 교류 활성화에 힘쓸 것으로 보인다.
강만길 민화협 상임의장은 8월 15일 '남북 정당 사회 단체 공동 회의'와 남북기본합의서 실천 주간 공동 행사 등을 비롯해 남북 역사 자료 교류와 문화 유적 공동 발굴 등 학술 교류 방안을 협의할 것으로 전해졌다.
이번에 공식 수행하는 박지원 문화 관광부 장관은 12일 “정상회담 뒤 문화.체육.관광 등 분야에서 본격적이고 적극적으로 교류가 이루어질 것”이라고 말해, 민간의 남북 교류 협력을 지원하기 위한 정부 차원의 프로그램이 있음을 내비쳤다.
방북 경제 단체의 구상 / 남북 경협 징검다리 놓는다 이번에 방북하는 경제 단체장들은 지난 9일 이기호 청와대 경제 수석 비서관과 만나 방북 때 역할 분담 등을 조율한 것으로 알려졌다.전국경제인연합회 손병두 부회장은 이번 방북에서 북쪽의 '민족경제연합회' 관계자들과 만나, 남북 기업 간 협력 방안 등을 논의할 가능성이 높은 것으로 알려졌다.
전경련은 남북 정상회담 이후, 북한 진출 희망 기업들을 대상으로 서해안 공단 조성 때 회원사를 모집하고, 북한 투자를 희망하는 외국 기업과 국내 기업을 연결해 합작사를 설립하는 등 남북 경협 징검다리 구실을 맡을 것이라고 설명했다.
전경련은 이와 함께 남쪽 기업의 과당 경쟁, 중복 투자 등을 막도록 하겠다고 덧붙였다.
전경련은 특히 현재 서해안 공단과 전자 복합 단지 조성을 각각 추진하고 있는 현대와 삼성이 개별적으로 사업을 진행하기보다, 전경련이 중재 역할을 맡아 각 공단을 같은 지역으로 통합해 사회 간접 자본(SOC) 공유 등 시너지 효과를 얻을 수 있도록 하는 방안을 구상 중이다.
김재철 무역협회장은 북한 쪽 관계자와 만나 위탁 가공 활성화 방안과 남북 공동으로 3국 시장에 진출하는 방안 등에 대해 논의할 것으로 보인다.
김회장은 또 자신이 회장으로 있는 동원산업에서 북한 생수를 수입하는 사업도 추진 중인 것으로 알려졌다.
이원호 중소기업협동조합 중앙회 부회장은 대북 경협 창구 구실을 하는 민족경제협력연합회 정운업 회장을 만나 오는 8~9월께 중소기업 방북단과 관련한 세부 사항을 협의할 예정이다.
이 부회장은 이 자리에서 골판지와 의류, 모피 등 임가공 사업과 유휴 설비 이전 등과 같은 사항에 대해 의견을 교환할 예정이다.
이 부회장은 이와 함께 북한에서 국내 중소기업들이 생산하고 있는 임가공품을 최근 중국에 문을 열ㄴ 연길도매센터를 통해 판매하는 방안에 대해서도 북쪽과 논의하기로 했다.
남북한 중소기업 전용 공단 마련 방안에 대해서도 북쪽의 의사를 타진할 것으로 보인다.
남북 새날을 열ㄴ다/분단 비원 2 제 # 남파 공작원 장기수 출신 신인영씨 냉전 시대 마지막 감옥 / '삐걱' 소리 환청 아니기를'비전향 장기수' 신인영(71)씨는 더는 0.75평 방에서 아침을 맞지 않아도 된다.
하지만 그는 자신이 여전히 자유롭지 않다고 생각한다.
“내가 자유롭아지는 날은 남쪽 사람 북쪽 사람 함께 어울릴 수 있는 그 날이야.”
지난 4월 10일 남북 정상회담이 열린다는 발표가 있던 날, 그는 자신을 평생 가둬 온 보이지 않는 옥문이 '삐걱'하고 움직이는 소리를 들었다.
신씨는 고향이 두 곳이다.
전북 부안에서 태어났지만, 삶의 터전은 평양시 순안군이었다.
지난 1950년 사회주의 이념을 좇아 월북한 이후, 웃을 때 보조개가 움푹 들어가는 은희와 박치기 명수 남철이 남매가 태어난 곳도 모두 그곳이다.
67년 1월 그는 남파됐다.
하지만 그를 맞은 것은 어머니의 따뜻한 품이 아닌 냉혹한 감옥 생활이었다.
“경찰에 포위돼 바닷물에 젖은 몸이 공포와 추위로 떨리는데, 북에 두고 온 가족과 남쪽 고향이 눈앞에 스치더라고.”
그가 32년 동안 감옥 생활을 견딜 수 있었던 것은 자신의 인고가 언젠가 두 고향을 잇을 동아줄이 될 것이라고 믿었기 때문이다.
97년 말 골수암 진단을 받은 신씨는 98년 3월 형 집행 정지로 교도소를 나섰다.
그러나 그를 맞은 것은 '터전 없는 고향'이었다.
아버지는 이미 세상을 등진 지 오래고, 어머니는 93살 노인이 돼 있었다.
서울 봉천동 '우리탕제원'에서 4명의 비전향 장기수들과 함께 살고 있는 신씨는 북의 자손들을 만나는 꿈을 갖고 있다.
하지만 무엇보다도 남쪽과 북쪽의 고향이 한 데 어우러질 수 있기를 더 간절히 바란다.
“남북 정상회담에서 두 정상이 오래 오래 껴안았으면 좋겠어.
남의 힘 빌리지 않고 우리 힘으로 일구는 통일의 첫 결실이었으면 좋겠어.”
32년 감옥 생활을 “민족의 슬픔 가운데 내 몫을 짊어진 세월”이라고 말하는 신씨의 바람이다.
# 북파 공작원 실종자 아내 윤정순씨 젖먹이 두고 떠난 남편 / 생사만이라도 알았으면 “대통령이 이북 갔다 오면 내 가슴에 맺힌 한도 조금은 풀릴까요?”
윤정순(65.여.경기도 의정부시 장암동)씨는 실종된 '북파 요원'의 아내다.
적어도 자신은 그렇게 알고 있다.
이 사실을 공식적으로 확인해 주는 곳은 그 어디에도 없다.
군 제대 뒤 일자리를 못 구해 3년여 동안 인천에서 처가살이를 하던 남편은, 지난 1961년 며칠 서울을 다녀오더니 '국토 개발 책임자'로 간다며 집을 나갔다.
열흘 뒤 젖먹인 둘째를 먹일 분유를 들고 나타난 남편은 “에이치아이디라는 데서 훈련 받고 있다.
북에 갔다 와야 한다”는 기절초풍할 소리를 했다.
울며 말렸지만 “꼭 살아 온다”는 말을 남기고 남편은 떠났다.
그 뒤 한 달쯤 지났을까, 남편이 보낸 편지 한 통과 두 달치 생활비가 날아 오고 나선 모든 소식이 끊겼다.
“편지의 주소지에 찾아가니 간판도 없이 철조망만 쳐진 곳에 군인들이 보초를 서고 있었어.
남편 이름을 대며 아무리 매달려도 '그런 곳 아니다' '그런 사람 없다'며 내모는 것이야.”
그 뒤 윤씨는 거대한 '비밀의 성'에 둘러싸여 40년 가깝ㄴ 세월을 살았다.
날품을 팔아 생계를 유지하면서도, 남편 소식을 알ㄹ 만하다 싶은 곳은 모두 찾아다녔다.
그러나 결과는 언제나 같았다.
몇 년 전 자신과 같은 처지에 있는 사람들을 알아내 함께 국방부에 정식으로 생사 확인을 요청했지만 대답은 역시 '근거 없음'이었다.
“배움가 짧지만 그래도 '나라에서 거짓말하는 속사정'을 알아.
그래도 그렇지.
가족들은 생사라도 알아야 할 것 아니야.”
윤씨는 대통령이 북에 다녀오면 사정이 달라질지 모른다고 생각한다.
“대통령님.
부디 이북하고 솔직히 털어놓고 얘기해서 우리같은 사람들 한도 풀어 주셔요.”
윤씨는 20년 넘게 안방에 모셔 둔 남편 사진 앞에 촛불을 켜면서 이렇게 빌었다.
남북 새날을 열ㄴ다/서울에서 평양까지 대통령 특별기 방북길은휴전선 안 넘고 서해로 우회 1시간 반 만에 순안공항 도착 김대중 대통령의 평양 방문은 남북 간에 새롭ㄴ 교통로를 여는 신호탄이기도 하다.
서울에서 뜬 항공기가 다른 곳을 거치지 않고 평양에 내리는 것은 이번이 처음이기 때문이다.
김 대통령의 방북 길은 '서해 항로'로 결정됐다.
13일 오전 10시께 김 대통령과 공식 수행단 일행, 그리고 기자단 등 비공식 수행원을 태운 공군 1호기 737 여객기와 아시아나항공 여객기가 성남비행장을 출발하면 곧바로 남쪽 공군의 경호 비행이 따라붙는다.
이들 비행기는 고도 2만 2000피트에 이를 때까지는 서울 접근관제소의 지시를 받지만, 항로를 제대로 잡으면 남쪽 공역 전체를 관할하는 대구 항공교통관제소의 지시를 받게 된다.
1호기는 일단 기수를 서쪽으로 향하게 된다.
서울~평양 민간 항로가 열리지 않은 데다 군 시설 보안 등의 문제가 있어 휴전선을 넘는 대신 최단 우회론 서울~베이징 G597 항로를 이용하게 되는 것이다.
이 항로상에서 남쪽의 대구 비행 정보 구역(FIR)과 중국 쪽의 칭다오 비행 정보 구역이 만나는 가상의 교차점 '아가보'까지는 270km이지만, 1호기가 굳이 이 지점까지 가지는 않을 것 같다.
경호 전투기가 따라붙는 만큼, 자칫 중국과도 복잡한 문제가 빚어질 수 있기 때문이다.
1호기는 이 항로상의 적절한 지점에서 기수를 틀어 북쪽으로 향하게 된다.
대략 서울에서 250km 지점 안팎이 될 것으로 보인다.
이 과정에서 남쪽의 대구 항공 교통 관제소는 평양 항공 교통 관제소와 1호기의 관제를 인수.인계하게 된다.
북쪽은 관제 인수와 동시에 남쪽 경호기 대신 공중 경호도 인계 받는다.
남북 간 관제 교신은 이미 2년 이상 계속돼 왔다.
1998년 4월 23일 북한 영공이 본격 개방되면서 대한항공과 아시아나항공, 외국 항공사가 주 43편씩 북한 영공을 통과했다.
주로 블라디보스토크나 미국을 오가는 편이어서 동해 노선을 오간 것이 달랐을 뿐이다.
한 관계자는 “관제 업무의 특성이나 국제 항공 관련 규정상 영어 등 5개 국어로 교신하게 돼 있지만, 실제로는 영어와 우리말을 섞어 교신하는 경우가 많다”고 전했다.
이 때문에 이번에도 굳이 영어로 교신이 이루어지지는 않을 것 같다.
이 과정에서 남북은 서로 비행을 위한 기상 정보도 교환한다.
남북은 이미 지난 98년 4월 순안 공항 기상대와 김포 공항 기상대 간에 영문으로 기상 정보를 교환했으며, 이번에도 정상회담을 앞두고 서로 기상 정보를 교환했다.
관계 당국이 이번 방북길에 가장 고심하는 대목 가운데 하나는 이륙 1시간 30여 분 뒤가 될 순안공항 착륙 문제다.
순안공항의 이.착륙 시설이나 환경에 대해선 온 세계 공항의 각종 정보를 담은 '젭슨 매뉴얼'에도 자세한 정보가 나와 있지 않은 것으로 전해졌다.
한 관계자는 “남북 항공 당국 간의 실무 협의에서도 이착륙을 위한 거리 방위 측정 장치(VOR/DME), 계기 착륙 장치(ILS) 등 각종 시설에 대한 점검과 지형 조건 등에 대한 확인이 주로 논의됐을 것”이라고 전했다.
순안공항은 어떤 곳/북 유일 국제 공항...새 단장 김대중 대통령이 평양 방문에서 역사적인 첫발을 내딛게 될 순안공항은 북한 유일의 국제 공항이자 국제적 관문이다.
평양시 중심에서 서북쪽으로 22km 떨어져 있고, 인근에 평양/희천 간 4 차선 고속도로와 평북 신의주까지 가는 평의선 철도가 지나고 있어 평양으로 들어가는 교통이 원활하다.
평양시의 순안 구역 순안공항에서 대성 구역 림흥동에 위치한 김 대통령의 숙소가 될 백화원 초대소까지는 30분 정도 걸린다.
55년 건설돼 조금은 낡았다는 평을 들었던 순안공항은 이번 남북정상회담을 위해 개보수.도장을 새로이 하는 등 깔끔하게 단장한 것으로 알려져 있다.
공항 시설로는 이.착륙을 위해 80년대 말 확장 시설된 6km길이의 길ㄴ 활주로가 2개 있고, 만일의 사태에 대비하기 위해 활주로의 양편의 안전 지대도 넓게 확보돼 있다.
또 안전 이착륙을 위한 저중파 비지향성 무선 등대(NDB), 초단파 방향 탐지 무선국(VDB), 계기 착륙 장치(ILS), 거리 측정 장치(DMB) 등을 갖추고 있어 항공 관제도 국제 수준인 것으로 알려져 있다.
공항 관리는 조선민용항공국(국장 김요웅)이 맡고 있다.
순안공항에서 연결되는 국제 정기 노선은 6월 현재 평양/베이징(주 2회), 평양/모스크바/베를린(주 1회), 평양/방콕(”), 평양/마카오(”), 평양/모스크바/소피아(”), 평양/블라디보스토크(”), 평양/선양 등이다.
김 대통령 어떤 차량 탈까/새로 출시된 벤츠 S600 유력 북쪽은 김대중 대통령에게 어떤 차를 제공할까?
김 대통령은 항공편으로 방문해 전용 차량을 갖고 가지 않는다.
평양에서는 북쪽이 제공한 승용차를 이용한다.
북쪽은 평양을 찾는 외국의 최고 지도자를 위해 벤츠 S(슈퍼 클래스)600와 링컨 콘티넨털 두 종류의 방탄용 의전 차를 준비해 놓고 있다.
김 대통령은 이 가운데 벤츠 S 600를 타고 다닐 것으로 보인다.
길이 5.158m, 배기량 5800cc급이다.
북쪽은 큰 행사가 있거나 귀한 손님을 맞을 때 기존 차량 대신 새 차를 구입하는데 벤츠 S 600는 올 초 신차가 출시됐다.
국가 원수 수행원은 장.차관 등 직급에 따라 벤츠 S 500, 벤츠430, 벤츠320 등으로 차종에 차등을 두거나 볼보 승용차를 제공한다.
130명의 수행원 중 장.차관급을 뺀 실무진과 취재진은 1990년대 초 남북 고위급 회담 때의 전례로 봐 버스를 타야 할 것 같다.
당시 남쪽 수석 대푠 정원식 총리에게는 벤츠 S 600가, 나머지 6명의 대표에게는 이보다 배기량이 적은 벤츠가 배정됐다.
수행원 33명과 취재진 50명은 45 인승 일본제 리무진 버스를 이용했다.
당시에는 남쪽 인원 1인당 북쪽 안내원이 한 명씩 따라 붙는 1대 1 안내였으나 이번엔 북쪽의 배려로 좀 더 자유롭ㄴ 활동이 가능한 집단 안내 방식으로 바꿨다.",297,22308
iks_doc_2007_hankyoreh_001,Hankyoreh 2007 annotated text file unicode.txt,Hankyoreh,한겨레,2007,2007_october_summit,“첫날은 눈앞이 캄캄 이튿날 말이 통합디다“,,"[10.4 공동 선언] 노 대통령 방북 성과 보고 돌아올 때 성과 많아 보자기가 작아 서해 평화 지대 합의 가장 핵심 김계관 불러 '6자 합의' 들어 납북자 문제 이견 커 기대 못 미쳐 김 위원장에 서울 답방 요청하자 김영남 상임 위원장 방문 역제의 “가져간 보자기가 작을 만큼, 짐을 다 싸지 못할 만큼 성과가 좋았다고 생각한다.“
노무현 대통령은 4일 남쪽 출입사무소(CIQ)에서 한 '대국민 보고'를 통해 이번 회담에 대한 큰 만족감을 나타냈다.
2박 3일 간의 평양 방문을 마치고 이날 저녁 전용차편으로 군사 분계선을 넘어 귀환한 노 대통령은 정상회담의 분위기와 10.4 공동 선언 합의 과정과 그 의미 등을 상세히 설명했다.
다음은 노 대통령 대국민 보고의 주요 내용이다.
귀환 소회 평양에 가기 전 제게 '이 문제도 해결하고, 저 문제도 해결하라'고 주문을 많이 내놓아 걱정을 많이 했다.
그래서 (주문이) 한 보따리가 돼서 제 발걸음이 무거웠다.
그래서 “혹시 (돌아올 때의) 보따리가 적더라도 만남 자체가 의미 있다“고 한 자락 깔아 놓고 갔다.
돌아올 때는 그 성과를 싸 갖고 오는 데 가져갔던 보자기가 적어서 짐을 다 싸기 어렵ㄹ 만큼 성과가 좋았다고 생각한다.
많은 국민 여러분들이 성원해 주신 덕분이다.
저 혼자, 참모들하고만 일했다면 결코 이런 좋은 성과를 거둘 수 없었을 것이다.
저는 환영을 받는 자리는 부담스러워하는 습관이 있다.
이번 평양 환영은 처음엔 부담스러웠는데, 그분들 표정을 보면서 부담스럽지 않았다.
정말 고마웠고, '우리가 저 사람들, 우리 남녘 사람들과 북녘 사람들이 자연스럽게 만나고 함께 어울려서 살ㄹ 수 있게 우리가 해 줘야겠구나' 하고 가슴에 간절한 소망이 생겼다.
회담 분위기 처음에 김영남 상임 위원장을 만났는데 첫 회담을 마치고 정말 잠이 오질 않았다.
양측 간에 사고 방식의 차이가 엄청나고 너무 벽이 두텁어서 무엇을 한 가지 합의할 수 있을지 눈앞이 캄캄했다.
자문했던 분들이 덕담을 하면서, “처음에 (북쪽에서) 군기를 잡은 것이다.
기세 싸움을 한 것이지, 그런 것은 아니다, 내일 김정일 위원장을 만나 보자, 실망하지 말라“고 격려를 해 줬다.
김 위원장을 만났는데, 처음 오전에는 좀 힘들었다.
그런데 오후 가니까 잘 풀렸다.
간단히 말씀 드리면, 말이 좀 통합디다.
북핵 문제 가면서 약간 불만스럽ㄴ 마음을 갖고 간 것이 북핵 문제다.
실질적이고 구체적인 문제는 6자 회담에서 잘 풀려 가고 있는데, 저더러 자꾸 북핵 문제를 해결하라는 것은, 타작 마당이 따로 있는데 또 타작 마당을 벌이라는 얘기니까 부담스러웠다.
그래서 잘되고 있는 얘기를 또 꺼내서 확인하자고 하는 것이 회담 분위기를 망치지 않을까 걱정했는데, 다행히 비핵화에 관한 기존 합의를 다시 한 번 합의를 하고 6자 회담장에서 그동안 해 왔듯이 앞으로 남북이 긴밀히 협의 협력해서 9.19, 2.13 합의를 성실 이행하도록 하자고 했다.
쉽게 말하면 '핵 폐기는 하는데, 6자 회담에서 같이 풀자', 이렇게 정리가 됐다.
다행히 김정일 위원장께서 아무 이의 없이 북핵 문제에 대해 9.19, 2.13 합의를 성실히 이행한다는 점, 비핵화 공동 선언은 앞으로 지켜야 할 원칙이라는 점에 동의했다.
6자 회담에서 북측이 민감한 여러 가지 표현에서 상당한 양보를 했다는 평가를 우리 외교부는 하고 있다.
정상회담을 앞둔 시점에서 정상회담을 성공시키기 위해서 협력한 것으로 받아들이고 있다.
그 점에서 이미 정상회담이 6자 회담 진전에 기여하고 있고, 북측의 성의 있는 노력에 대해서 다시 한 번 감사를 드린다.
회담 도중에 김정일 위원장은 6자 회담 북측 수석 대푠 김계관 외무성 부상을 회담장에 들어오게 해서 10월 3일 6자 회담 합의 결과를 설명하도록 했다.
매우 구체적이고 소상한 보고를 받았다.
6자 회담 진행이 아무 장애 없이 될 것으로, 따라서 핵 문제는 잘 풀릴 것으로 확신한다.
평화 체제 및 군사 긴장 문제 북핵이 풀리면 한반도 평화 체제로 가야 한다.
앞으로 원칙에 있어서 남북이 주도해서 직접 관련 당사국 간의 평화 체제에 관한 협의를 해 나가도록 하는 데 협력하기로 했다.
왜냐하면 남북 당사국 간에 바로 협의할 수는 없기 때문이다.
이 과정을 위해서 부시 미국 대통령이 제안한 종전 선언 방안을 제가 김 위원장에게 설명했다.
김 위원장은 기본적으로 동의한다는 뜻을 밝히고, 한/미 간 논의한 바 있는 종전 선언에 관해 구체적인 관심을 표명했다.
그리고 이것을 성사시키도록 '남측이 한 번 노력을 해 보라'고 말했다.
이것을 함께 추진해 가자는 취지로 선언문에는 그렇게 표현했다.
그래서 당사국 간 대화가 잘 이루어지면 이 문제도 북측으로서는 그렇게 할 용의가 있다는 점을 분명히 했다.
그리고 저는 한반도 평화 정착과 남북 간 경제 협력 확대, 동북아 협력 질서 구축을 위해서는 북/미, 북/일 간 관계 개선이 필요하다는 점을 강조하고, 서로 협력하자고 제안했다.
이 점에 대해서는 김 위원장은 듣고만 있었기 때문에 무슨 합의가 있었다고 말할 수 없다.
'김 위원장께서 매우 경청했다'고 전하겠다.
냉전 체제의 굴레를 벗어나서 진정한 평화를 맞이할 기대를 가질 수 있다는 판단을 갖고 돌아왔다.
군사적 긴장 완화, 분쟁 문제는 대화와 협상을 통해 풀기로 했다.
한반도에서 어떤 전쟁도 반대하며 불가침 원칙을 준수하기로 뜻을 모았다.
서해상의 평화를 위해서 군사 대결이 아닌 경제 협력으로 풀어 가자는 발상의 전환을 강조했다.
경제 협력 북측 입장으로서는 여러 가지 부담스럽고 불만스럽ㄴ 점도 있던 것 같다.
김정일 위원장에게 남북 경협은 양쪽 모두에 필요하고, 경협은 우리에게도 매우 중요하다고 강조했다.
그 점은 매우 새롭게 받아들인다는 것으로 이해를 했다.
개성 공단 같은 특구 형태로 확대하는 것을 제안했다.
합의한 사항은 반드시 이행해야 하고, 기업들이 활동할 수 있도록 제도적 장치를 만들고, 군사적 보장이 이루어져야 한다는 것을 강조했다.
남북 관계 상황 변화에 매우 민감할 수밖에 없으므로 북/미, 북/일 관계 개선도 강조했다.
이런 토대에서 남북 보완적으로 갈 수 있는 방향으로 경제 협력을 좀 체계적이고 미래 지향적으로 발전시켜 가자는 제안을 했다.
서해평화협력 특별지대 군사적 대결이 아니라 경제 협력의 관점에서 서해 문제를 풀어 가자는 발상의 전환이 필요하다고 설명했다.
개성 공단 인천항과 연결해서, 한강 하구의 공동 이용과 묶어서 포괄적으로 대결 상태를 해소하고 경제적 협력을 해 나가는, 포괄적 방안으로 서해평화협력 특별지대를 제안했다.
김 위원장은 국방위 참모들과 상의한 뒤 원칙적 수용을 밝혀, 정상 선언에 포함됐다.
이번 공동 선언에서 가장 핵심적인, 가장 진전된 합의가 바로 이 부분이다.
서해평화협력 특별지대를 만들어 나가기로 합의한 것이다.() 서해 평화 번영의 벨트, 해주 지역의 특별 지대 설정은 개성 인천과 관련해 매우 시너지 효과가 큰 경제적 효과가 있을 것이라고 생각한다.
남북 화해와 통일 남북 화해와 통일은 많은 대화가 필요하다.
정체성과 관련해 민감한 대화가 있었던 것이 사실이다.
과거로부터 자유롭아지는 것이 중요하다.
납북자와 이산가족 문제를 해결하자고 제의했다.
이산가족 문제가 중요하다는 데 공감했다.
이산가족 상봉 확대에 동의했다.
납북자 문제는 이견 차이로 국민들의 기대만큼 합의를 이뤄 내지 못하았다.
하지만 많은 대화를 했다.
앞으로 밑거름이 됐으면 하는 바람이다.
어찌했든 이번에 해결하지 못하아 죄송하다.
정상회담 정례화도 제안했지만 선례도 없고 문제가 있을 때마다 남북 관계 발전을 위해 정상이 수시로 만나기로 협의한다는 수준에서 합의했다.
안정적 남북회담 유지를 위해 장관급 창구를 총리급으로 높이기로 했다.
11월 중에 서울에서 회담이 있을 것이다.
김 위원장의 서울 답방을 요청했지만, 김 위원장은 김영남 최고인민회의 상임 위원장의 서울 방문을 제안하고 본인의 답방은 여건이 성숙된 뒤로 미루는 것이 좋다고 답변했다.
정상이 자주 만나는 것이 통일을 위한 과정이 아닌가 얘기했다.
여론 조사를 토대로 동서독처럼 급작한 통일을 바라지 않으며 점진적 통일을 바란다고 얘기했다.
자주를 강조하는 것은 좋지만 다른 나라들과 서로 대화 협력, 때로는 항의도 하고 항의도 수용하는 과정을 배제하게 된다면 결국 우리가 고립될 수 있다.
자주에는 많은 수준이 있기 때문에 열어 놓고 논의하자고 했다.
이 점에 대해서 김 위원장은 상당히 이해하는 것 같았다.
마무리 발언 남북 관계가 새롭ㄴ 단계에 진입했다.
한반도 평화 구축과 군사적 긴장 완화를 실질적으로 이뤄 냈다.
남북 경협도 한반도 전체를 배경으로 틀을 잡았다.
국민 성원 덕분이다.
그동안의 남북 관계 역사를 볼 때 합의하는 것도 중요하지만 실천이 더 중요하다.
정부는 충실하게 이행될 수 있도록 최선을 다하겠다.
11월 중 총리급 회담과 국방장관 회담에서 구체적 방안을 마련하고, 국민 의견을 수렴하고 투명하게 진행하겠다.
특정 정당이나 후보에게 불리하거나 유리하지 않다.
문제는 합의가 좋은 것이면, 찬성하면 유리할 것이고 반대하면 불리할 것이다.
합의 자체가 유불리하지 않고 합의를 대하는 태도라고 할까 후보들의 전략 내지 태도 자체가 유불리를 가르는 것이다.
현재 저는 어느 정부든 하지 않을 수 없는 긴박한 역사적 과업을 수행하고 있다고 생각한다.
참여정부 임기가 얼마 남지 않았지만 합의의 내용을 구체화하고 실천하는 토대 마련에 최선을 다할 것이다.
다음 정부에 부담되는 것이 아니라 다음 정부가 한반도 평화와 번영을 잘 만들어 갈 수 있는 토대를 만들어 가는 것이라고 생각한다.
길게 설명했지만 알맹이 빠진 것 같은 허전함가 있다.
알맹이는 선언문에 있는데, 선언문 내용은 한두 가지 이외에는 설명에 들어 있지 않고 배경만 설명했다.
지금 보고가 껍데기 같은데 그렇지 않다.
허전하다 싶은 분들은 공동 선언문 들여다보면 알ㄹ 수 있을 것이다.
이 자리에 나온, 격려해 준 분들 감사하다.",95,4856
iks_doc_2007_hankyoreh_002,Hankyoreh 2007 annotated text file unicode.txt,Hankyoreh,한겨레,2007,2007_october_summit,"워싱턴 포스트 “이명박, 남북정상회담 비판““핵 포기.폐쇄 경제 개방전 어떤 협상도 안 해“",,"한나라당의 이명박 대선 후보가 북한이 핵무기 프로그램을 완전히 포기하고 폐쇄 경제 체제를 개방하기 전에는 김정일 북한 국방위원장과 어떤 협상도 하지 않을 것이라며 최근 열린 남북정상회담을 비판했다고 워싱턴 포스트(WP)가 4일 보도했다.
이 후보는 이번 주에 열린 남북 정상이 우려스럽다는 반응을 보이면서 “이번 정상회담은 대선이 임박해 있는 시점에서 열렸다“고 지적한 뒤 노무현 대통령이 선거가 임박한 시점에서 부담이 될 수 있는 경제적 지원 약속을 너무 많이 하는 것은 부적절하다고 말했다고 포스트는 전했다.
포스트는 한국의 주요 건설 회사 사장을 역임하고 시장 경제를 강력하게 옹호해 온 이 후보가 오랫동안 남한이 북한에 대해 더 강경한 정책 노선을 견지해야 한다고 주장해 왔다고 소개했다.
이 후보는 그러나 북한 정부가 붕괴되는 것은 원하지 않고 있으며 대신 북한이 핵무기를 버리고 시장 경제 흐름에 공산주의 경제를 개방한 중국식 선례를 의욕적으로 추진해 주기를 원한다고 말했다.
이 후보는 또 자신의 개혁 방식이 김 위원장이 권좌를 유지하는 데 도움이 될 것이라고 말했지만 김 위원장이 자신이 12월 대선에서 당선되는 것을 원한다고 생각하느냐는 질문에 대해서는 웃음으로 답했다고 포스트는 덧붙였다.
노 대통령 보고 요지 “김정일과 말 통하더라“노무현 대통령은 2박 3일 간의 방북 일정을 마치고 4일 밤 귀환, 도라산 남북출입사무소 앞 광장에서 열린 환영 행사에서 남북정상회담 결과를 상세히 보고했다.
다음은 노 대통령이 밝힌 분야별 정상회담 결과에 대한 주요 보고 요지.
김정일 위원장 평가 = 기대를 걸고 (김정일 위원장을) 만났다.
처음 오전(회담)에는 좀 힘이 들었다.
오후에 가니까 잘 풀렸다.
아주 간단하게 말하면 말이 좀 통합디다.
북핵 문제 = 한반도 비핵화에 관한 기존 합의를 다시 확인하고, 6자 회담 장에서 남북이 긴밀히 협의.협력해서 9.19공동 성명, 2.13합의를 성실히 이행해 가기로 했다.
핵 폐기는 하는데, 6자 회담에서 우리가 같이 풀자고 정리됐다.
김정일 위원장이 아무 이의 없이 북핵 문제에 대한 9.19 공동 성명, 2.13합의를 성실히 이행한다는 점과 비핵화 공동 선언은 중요한 선언으로 우리가 앞으로 지켜야 할 원칙으로서 재확인한다는 점을 확인해 줬다.
북한 최고 지도자가 분명한 북핵 폐기 의지를 밝힌 만큼 이행에 문제가 없을 것이라고 생각한다.
6자 회담에서 북측이 상당히 민감한 여러 표현에 있어 상당한 양보를 했다는 평가를 우리 외교부는 하고 있다.
정상회담을 성공시키기 위해 그렇게 협력한 것으로 받아들이고 있다, 북측의 성의 있는 노력에 다시 한 번 감사한다.
6자 회담 진행이 아무렇ㄴ 장애 없이 잘 풀려 가고, 핵 문제가 잘 풀릴 것으로 확신한다.
한반도 평화 체제 = 북핵 문제가 풀리면 한반도 평화 체제로 가야한다는 것이 우리 방침이다.
평화 체제로 가려면 정전 협정, 평화 협정 순서대로 또는 동시에 가야 된다.
앞으로 그 문제와 관련해 남북이 주도해서 관련 당사자가 평화 체제에 대한 협의를 해 가는 데 협력하기로 했다.
이를 각국에 제안하도록 기본적으로 합의했다.
이 과정의 일환으로 부시 대통령이 제안한 바 있는 종전 선언 방안에 대해 김 위원장에게 설명했다.
이에 대해 김 위원장은 정전 체제를 평화 체제로 전환하는 데 기본적으로 동의한다고 밝히고, 한미 간에 논의한 바 있는 종전 선언 방안에 구체적 관심을 표명하고, 이를 성사시키도록 남측이 한 번 노력을 해 보라는 주문을 했다.
앞으로 대화가 잘 이루어지면 북측으로서는 그렇게 할 용의가 있다는 점을 분명히 했다.
북미.북 일 관계 개선 = 한반도의 평화 정착과 남북 간의 경제 협력 확대, 동북아 협력 질서 구축을 위해 북미 간, 북 일 간 관계 개선이 필요하다는 점을 강조했다.
이것을 위해서 서로 협력하자고 제안했다.
이 점에 대해서는 (김 위원장이) 듣고만 있었기 때문에, 무슨 합의가 있었다 이렇게 말할 수는 없다.
또 이것은 합의할 사항도 아니다.
이 점에 대해서 중요성을 매우 여러 차례 제가 강조했다는 것만 말씀을 드리겠다.
그리고 김 위원장은 매우 경청했다, 서해 평화 협력 특별 지대 = 포괄적 대결 상태를 해소하고, 경제 협력을 해 나가는 방안으로 서해 평화 협력 특별 지대를 제의했다.
김 위원장은 국방위 참모와 상의한 뒤 원칙적으로 수용하겠다고 밝혀 정상 선언에 포함됐다.
이번 공동 선언의 가장 핵심적이고, 가장 진전된 합의가 이 부분이다.
경제 협력 = 남북 경협은 어느 일방을 위한 것이 아니라 모두에게 필요한 중요한 것이라고 김 위원장에게 강조했다.
개성 공단 같은 특구 지역에서는 성공하고 있지만 그 외 지역에서는 남북 경협이 실패했거나 지지부진하고 있는 곳이 많다는 점을 설명하고, 장애 요인을 해소하고, 기업이 안심하고 투자할 수 있는 체제를 갖춰 나가는 것이 중요하다는 점을 강조했다.
합의 사항은 반드시 이행함로써 예측 가능성을 높여야 한다는 점도 강조했고, 남북 당국이 합의한 경협 사업에 대해서는 군사적 보장이 반드시 이루어져야 한다는 점도 강조했다.
기업들이 남북 관계에 민감할 수밖에 없기 때문에 북핵 문제 해결, 북미 관계, 북 일 관계 등을 통해 국제 관계를 안정적으로 관리해 나가야 한다는 점도 강조했다.
이번 회담에서 김 위원장과 진솔한 대화를 통해 경협 발전의 필요 과정에 대해 인식의 공감대를 넓힐 수 있었다.
실질적인 문제에 대해서도 많은 합의를 이뤘다.
서해 평화협력특별지대 개발은 평화 정착에도 도움이 되지만 남북 어민과 기업에 직접 혜택이 돌아가는 평화 번영 프로젝트가 될 것이다.
특히 해주 지역의 특별 지대 설정은 개성과의 관계, 인천과의 관계에서 매우 큰 경제적 시너지 효과가 있을 것이다.
총체적으로 앞으로 여러 문제를 풀어 가고, 경제 협력 합의 사항 이행을 위해 부총리급 공동위를 운영하기로 했다.
조선 공업 지대를 만들기로 한 것도 매우 중요한 조치라고 본다.
특구 개수가 많지는 않지만 북측이 부담을 느끼는 점도 있는 것 같다.
이산가족.납북자.국군 포로 = 이산가족, 국군 포로, 납북자 문제의 근본적으로 해결하자는 제의를 했다.
특히 이산가족 문제가 시급하다고 했고, 김 위원장도 공감했으며, 이산 상봉 기회의 확대, 영상 교환 등을 추진하기로 했다.
그러나 납북자 문제 등은 양측의 입장 차이로 기대하는 성과 만큼을 거두지 못하았다.
합의를 못 이뤘지만 많은 대화를 했다.
어떠하든 이번에 해결을 못 해 국민에게 죄송하게 생각한다.
새롭ㄴ 기회를 만들어, 대화 기회를 만들어 해결하도록 노력하겠다.
김 위원장 서울 답방, 남북정상회담 정례화 = 김 위원장의 서울 답방도 요청했지만, 김 위원장은 우선 김영남 최고인민회의 상임 위원장의 서울 방문을 제안했다.
본인의 방문은 여건이 성숙할 때까지 미루겠다고 했다.
이번 회담에서 정상회담 개최 정례화하자는 제안을 했지만, 이것은 아직 국가 정상 간 선례도 없고, 문제가 있을 때마다 또는 남북 관계 발전을 위해 정상 간에 수시로 만나 현안 문제를 협의한다는 데 합의했다.
실제로 자주 좀 만나자는 요구를 했다.
뉴욕타임스 “새롭ㄴ 장 열지 못하았다“남북 정상이 발표한 '10.4 남북관계발전 평화번영선언'은 2000년 1차 정상회담의 6.15 공동 선언을 강화시킨 것으로 새롭ㄴ 장을 열지는 못하았다고 뉴욕타임스가 4일(현지 시간) 평가했다.
뉴욕타임스는 이날 인터넷판 기사를 통해 남북 정상이 회담 기간에 북한의 내부 개혁을 촉진하고 남북 관계를 진전시키기 위한 경제 프로젝트에 집중했다면서 이 같이 전했다.
이 신문은 지난 2000년 정상회담이 화해의 새 시대를 열었지만 이번 정상회담은 지난 7년 간에 걸친 대북 포용 정책의 계산서와도 같은 것이라면서 이번에는 한국인들을 TV 앞에 붙잡아 두고 북한에 대한 인식을 근본적으로 변화시켰던 지난 2000년의 행복감을 찾아 보기 힘들었다고 말했다.
신문은 그러나 한국인들이 이제는 독일과 같은 형식의 성급한 통일보다는 수십 년이 걸릴 수도 있지만 언젠가 이루어질 통일에 앞서 남북한 사이의 격차를 줄이고 북한이 빈곤에서 벗어날 수 있도록 하는 치밀하고 냉정한 절차를 기획하고 있다고 설명했다.
USA투데이 “불신의 벽 남북회담에 그림자“노무현 대통령과 김정일 북한 국방위원장은 북한의 수도 평양에서 열린 역사적인 남북정상회담에서 수십 년 간의 불신을 극복하려고 노력했다고 미 일간 USA 투데이가 4일 보도했다.
이 신문은 '불신의 벽 남북회담에 그림자'이라는 제목의 기사를 통해 노 대통령이 김 위원장과 전날 오전 회담을 끝낸 뒤 “무너뜨리기 힘들ㄴ 어떤 벽을 느꼈다“이라는 말을 언급하면서 6.25 전쟁 이후 여전히 기술적으로 전쟁 상태에 놓여 있는 남북한 지도자들의 두 번째 만남을 이 같이 전했다.
신문은 또 경제적 유대 및 다른 분야의 협력을 증진하기 위한 남북 정상 간의 회담은 조화롭ㅁ이 떨어졌다고 지적했다.
신문은 이와 관련, “북한이 여전히 남한에 대해 의혹을 갖고 있다“며 “우리가 불신의 벽을 무너뜨리기 위해 더욱 더 노력해야 할 것“이라는 노 대통령의 발언과 더불어 김영남 북한 최고인민회의 상임 위원장과 회동한 뒤 “나는 (북한이) 우리의 용언 '개혁'과 `개방'에 대해 불신감과 찬성하지 않음을 느꼈다“는 노 대통령의 소회를 언급했다.
그러나 이처럼 의견이 일치되지 않는 점들이 있었지만 노 대통령은 “(김 위원장이) 평화를 위한 확고한 의지가 있고..
화해와 통일 문제들에 대해서는 서로 의견 차이가 없었다“고 말했다고 신문은 전했다.
월스트리트 저널 “공동 선언 내용 막연“월스트리트저널(WSJ)은 4일 남북 정상이 발표한 '10.4 남북관계발전 평화번영선언'의 내용이 이행 시한 및 합의 이행 여부에 따른 보상이나 제재 등을 결여한 막연한 것이어서 이를 이행하는 것을 남북 양측의 재량에 따르도록 남겨 뒀다고 평가했다.
WSJ는 이날 인터넷판 기사를 통해 3일 간의 정상회담이 때로는 불안한 면도 있었지만 북한의 김정일 위원장은 노무현 대통령이 제시한 평화 협정 및 경제.인도주의적 구상 등으로 이루어진 광범위한 합의문에 서명했다면서 이 같이 보도했다.
신문은 이번 합의의 유일한 단기적 성과는 추가적인 논의를 위해 11월에 서울에서 2차 고위급 회담을 열기로 결정한 것이라고 전했다.
신문은 노무현 대통령 정부의 한국은 대북 지원에 1조 8 천억 원(약 19 억 달러)을 제공했다면서 북한은 이번 합의를 따를 경우 추가로 수식업 달러의 가치에 달하는 혜택을 보게 될 것이라고 예상했다.
한편 신문은 이날 정상회담의 공동 선언 내용을 다루지 못한 본판 기사를 통해서는 노 대통령이 정상회담을 앞두고 너무 많은 것을 이루려고 기대하지 않겠다고 밝혔던 것을 소개하면서 3일 두 차례의 정상회담이 끝났을 때 노 대통령의 이런 '낮은 기대'는 충족된 것으로 보인다고 평했다.
신문은 또 남북이 여전히 휴전 상탬를 들면서 3일 간의 정상회담이 남북의 긴장 관계를 근본적으로 변화시키지는 못하았다고 분석했다.
공동 프로젝트 '조율' 한결 쉬워져 [10.4 공동 선언 경제 협력] 경추위, 부총리급 공동위로 남북은 이번 정상회담에서 남북 경제 협력을 확대 발전시키기 위해 기존의 '남북 경제협력 추진위원회'(경추위)를 부총리급의 '남북 경제협력 공동위원회'(공동위)로 격상 시키는 데 합의했다.
경추위는 지난 2000년 6월의 1차 남북 정상회담의 성과를 바탕으로 남북 경협 사업의 원활한 추진을 위해 만들어진 조직으로, 남북 모두 경제 분야 차관급 인사가 위원장을 맡고 있다.
현재 남쪽에서는 재정경제부 제2 차관(위원장)을 비롯해 통일부 산업 자원부 건설 교통부의 차관보 국장 급 위원 5명이 참여하고 있다.
남북은 2000년 12월 첫 경추위 회의를 열ㄴ 데 잇어, 지난 4월(평양)까지 남북을 오가며 모두 13 차례 회의를 열었다.
이번 정상회담에서 남북이 이 기구를 부총리급을 위원장으로 하는 조직으로 위상을 격상시킨 만큼, 남북 경협도 더욱 힘을 받게 될 것으로 보인다.
남북 정상회담 준비 기획단의 실무를 맡고 있는 김영과 재경부 경제협력국장은 “이제 막 공동위 구성 원칙에 합의한 단계므로 실질적인 운영과 관련한 구체적 실무 협의가 시작돼야 전체적인 밑그림을 그릴 수 있을 것“이라며 “다만 조직의 위상이 격상된 만큼, 앞으로는 논의가 지금보다 훨씬 심도 있고 무게 있게 이루어질 수 있을 것으로 본다“고 말했다.
민간 전문가들도 같은 견해다.
김석진 산업 연구원 연구 위원은 “남쪽만 놓고 보더라도 부총리가 위원장을 맡게 돼 여러 부처에 걸쳐 있는 프로젝트의 조율이 한결 쉬워지게 됐다“며 “북한 역시 경추위 조직 격상을 통해 예전보다 훨씬 적극적으로 경협에 나서겠다는 의지를 보인 것으로 해석된다“고 말했다.
김 연구 위원은 또 “경의선 철도 연결과 개성/평양 간 고속도로 개보수 작업은 앞으로 육상 수송로 개통을 시사하고, 서해 평화협력 지대 역시 북한의 추가적인 경제 특구 개방 의지를 뜻한다“며 “앞으로 공동위가 중심이 돼 이들 사업의 진행을 이끌ㄹ 경우 남북 경협에서 획기적인 진전이 이루어질 것“이라고 내다봤다.
경협, 중공업 분야까지 확대 상징적 의미 남북 경협의 동반 성장 추진 개념 교류 협력 단계 남북 경제의 동반 성장 단계 별개의 경제 단위 하나의 경제권 지향 단기 일회적 경제 협력 지속 구조적 경제 협력 일방향 경제 협력 쌍방향 상생형 경제 협력 [10.4 공동 선언 경제 협력] 안변 남포 조선 협력 단지 농업 협력위, 종자 개발 전파 등 북쪽 식량난 해소도 남북 정상이 안변과 남포에 조선 협력 단지를 건설하기로 합의한 것은, 지금까지 경공업 위주였던 남북 경협이 중공업 분야로까지 확대된다는 점에서 큰 의미를 갖는다.
사상 최대의 호황을 누리며 3~4년치 일감을 확보해 놓고 있는 남쪽 조선업계로서도 북쪽의 '땅과 인력'에 기대를 걸ㄹ 만하다.
조선업계가 현재 활발하게 진출하고 있는 중국이나 동 남 아 국가들보다 물류비와 인건비가 훨씬 싸기 때문이다.
북쪽 당국도 조선업 육성 의지가 강하다.
지난 5월 방북한 남상태 대우조선해양 사장 등 남쪽 조선 업체 관계자들에게 남포의 영남배수리공장을 공개하며 시설 장비 제공, 기능 인력 교육을 요청한 바 있다.
황해남도 남포는 '제2의 개성 공단 후보지'로 거론될 정도로 전력 등 사회 간접 시설이 비교적 잘 갖춰져 있고, 노동력 공급 여건도 괜찮은 공업 지역이다.
특히 남북 합작으로 개발된 정촌광산이나 추가 개발이 이루어질 풍천 지역과도 가깝다.
이번 정상회담에서 합의된 '서해 평화 협력 특별 지대' 설치에 따라 해주항까지 열리면 남포~정촌~해주로 이어지는 산업 벨트를 형성할 수 있을 것으로 보인다.
다만 남포의 경우 수심이 낮아 대형 선박 건조에는 부적절한 지역으로 꼽힌다.
이에 따라 원산과 가깝ㄴ 함경남도 안변이 남북 조선 협력 사업의 또 다른 후보지로 꼽혔다.
동해안에 위치해 수심이 깊다는 장점이 있다.
대우조선의 관계자는 “국내 조선 산업이 워낙 호황이라 외국에 있따라 생산 기지를 세우는 마당에 북한에 투자하지 못할 이유는 없다“고 말했다.
다만 조선 분야 핵심 기자재와 설비가 대북 전략 물자 통제 협정에 묶여 있는 것이 문제다.
따라서 업계는 중형 화물선의 블록(선체의 일부를 구성하는 철 구조물) 제조 공장을 건설하거나 수리 조선소 운영으로 협력 사업을 시작하는 것이 무난할 것으로 보고 있다.
이번에 합의된 농업 분야 협력 사업도 눈길을 끌ㄴ다.
정부는 남북 농업협력위원회를 되도록 이른 시일에 개최해 시범 협동 농장 운영, 종자 개발 처리 시설 지원 등 기존 합의 사항을 이행하면서 북쪽의 식량난 해소에 주력한다는 방침이다.
이미 농업진흥청은 10여 년 전 부터 북한 주요 작물의 품종을 수집해 북한에서 실제 재배되는 작물의 특성 검정을 완료했으며, 북한과 위도가 비슷한 중국 지린성과 랴오닝성에서 주요 작물 80여 종의 재배 실험도 실시하고 있는 상태다.
농진청은 단순한 직접 지원 단계를 거쳐 우량 종자와 정밀 농법을 북한에 전파하는 사업도 가능할 것으로 보고 있다.
남한 또한 비교적 잘 보존된 북한의 토종 작물 유전 자원을 제공 받아 효율적인 종자 개량에 나설 수 있을 것으로 보인다.
산림 녹화 병충해 방제 등 자연 재해 방지를 위한 협력 사업도 추진된다.
'꽃게' 어민 이산가족 기대 만발 '공동 어로' 덕에 조업 안전해지고 중국 어선 줄어 들ㄹ 것 면회소 기다리다 세상 뜬 분 3 만 명“더 서둘러야“제2차 남북정상회담에서 서해에 공동 어로 수역 설정을 추진하기로 합의했다는 소식이 전해지자 서해 5도 어민들은 어획량 증대와 경제 활성화에 대한 기대를 내비쳤다.
백령도 어민 이근수(55)씨는 4일 “북방 한계선으로 갈수록 꽃게가 더 많이 잡히지만 지금까지는 안전 문제 때문에 접근하지 못하았다“며 “안전하게 조업할 수 있게 되면 어민들 살림에 큰 도움이 될 것“이라고 말했다.
지난해 말 현재 서해 5도 어민은 947 가구 2236명이고, 이들은 총 298척의 어선을 보유하고 있다.
해양경찰청은 “중국 어선들이 2000년 이후 남북 어선의 접근이 어렵ㄴ 해역에서 적게는 30척, 많게는 400척씩 선단을 이루며 불법 조업을 해 왔다“며 “이 해역이 공동 어로 수역이 되면 자연스럽게 중국 어선들의 불법 조업은 크게 줄어 들ㄹ 것“이라고 밝혔다.
하지만 김재식(46) 연평도 선주협의회장은 “북방 한계선 인근은 많은 어족들의 보금자리 구실을 해 왔는데, 앞으로 이곳에서 조업이 무분별하게 이루어지면 꽃게 등 어족 자원이 1년도 못 가 고갈되는 최악의 상황도 예상할 수 있다“며 쿼터제를 통한 어획량 제한 등을 제안했다.
한편, 이산가족들은 이산가족 상봉 확대, 영상 편지 교환 사업 추진, 금강산면회소를 통한 이산가족 상봉의 상시화 등이 합의된 데 대해 기쁨을 감추지 못하았다.
몸이 불편한 아버지의 병간호를 하느라 보도를 접하지 못하았던 나옥실(68)씨는 뒤늦게 합의 내용을 전해 듣고 “아이고, 감사합니다“를 연발하며 기뻐했다.
나씨의 부모는 황해도 출신으로, 나씨의 가족들은 지난 2005년 북쪽에 있는 나씨의 이모 2명과 화상 면회를 한 적이 있다.
나씨는 “그 때 어머니께서 이모들을 직접 어루만지고 안을 수 없어 안타까워하셨다“며 “부모님 모두 건강이 좋지 않으신데, 어떻게든 빨리 일이 추진돼 돌아가시기 전에 가족들을 직접 만나게 해 드렸으면 좋겠다“고 말했다.
'일천만이산가족재회추진위원회'의 김영관 사무총장은 “금강산면회소 이산가족 상봉에 12만6천 NR여명이 신청했지만, 지지부진하게 7년이 흐르는 동안 이 가운데 3만여 명이 돌아가셨다“며 상봉 추진의 시급함를 강조했다.
이명박 후보 “긍정적 평가 납북자 문제 등은 아쉬워“[10.4 공동 선언 국내 반응]정치권 반응 한나라, 북핵 폐기 국군 포로 해결 등 “미흡“지적 11월 국방 회담 놓고 대선 영향 촉각 세우기도 4일 노무현 대통령과 김정일 국방위원장이 서명한 '남북 관계 발전과 평화 번영을 위한 선언'을 두고 각 정당의 반응은 미묘하게 엇갈렸다.
대통합민주신당과 민주노동당은 “적극 환영한다“고 반겼지만, 한나라당은 “긍정적으로 평가한다“면서도 북핵 폐기의 확실한 의지 표명이 안 담겼고 납북자 국군 포로 문제가 언급되지 않았다는 점 등을 들어 “미흡하다, 아쉽다“고 지적했다.
그러나 이런 한나라당의 반응은 정상회담을 앞두고 '경고음'을 냈던 데 비하면 매우 차분한 것이다.
이명박 한나라당 대선 후보는 이날 부산을 방문한 자리에서 “두 정상의 한반도 평화 정착을 위한 노력을 긍정적으로 평가한다“고 말했다.
그는 잇어 “핵 폐기 문제와 인도주의적 문젠 이산가족 문제, 국군 포로 문제, 납북자 문제가 본격적으로 다뤄지지 않은 것은 매우 아쉽다“며 “남북의 평화 정착은 말이나 선언으로만 되는 것이 아니라 기본적으로 국민적 합의에 따라 꾸준한 노력과 성실한 자세로 임할 때 올 수 있다고 생각한다“고 말했다.
이를 두고 박형준 대변인은 “이 후보도 전체적으로 정상회담 결과를 긍정적으로 받아들인다“고 전했다.
그러나 한나라당 내부에는 10.4 선언의 각론에 대해 부정적인 시각과 우려도 짙게 깔려 있다.
선언을 이행하려면 관련 법 제도 정비와 정부 예산 투입 등을 위해 국회 의결을 거쳐야 하는데, 한나라당의 반대가 표면화하면서 장벽에 막힐 수 있는 대목들이 적지 않다.
우선, 선언문 이행의 '전제 조건'을 놓고 정치권에서 논란이 예상된다.
한나라당과 이명박 후보는 북한의 핵 폐기와 개방을 북한 지원의 전제로 내세우고 있다.
정부와 범여권은 북핵 폐기는 6자 회담 틀에서 해결할 문제라고 주장하지만, 이한구 한나라당 정책위 의장은 “북핵 해결이 안 되면 원조성 경제 협력은 안 된다“고 강조했다.
선언문에 명시된 '법률적, 제도적 장치들을 정비한다'는 대목이 국가보안법 개폐 논쟁으로 불붙을 소지도 있다.
박형준 대변인은 “국가보안법은 북한의 노동당 규약과 상호 정비를 해야지, (국가보안법만) 일방적으로 정비하는 것은 불가하다“고 말했다.
서해 평화 협력 특별 지대 설치 문제가 서해 북방 한계선(NLL) 재설정 논란으로 번질 경우, 한나라당과 보수 세력의 반발에 부닥칠 수 있다.
정형근 한나라당 최고 위원은 “해주 직항로는 북한이 요구한 것인데, 이를 어떻게 운용할 것인지, 사실상 엔엘엘을 무시하는 것은 아닌지 의심스럽다“고 말했다.
현실적으로는 예산이 문제다.
개성~신의주 철도, 개성~평양 고속도로 개보수, 안변 남포 조선 협력 단지 건설 등이 모두 돈이 들어가는 문제다.
상호주의 원칙을 강조하는 한나라당은 남북 경협에 “무작정 퍼 주기는 안 된다“는 태도를 견지해 왔다.
이한구 한나라당 정책위 의장은 “북한 철도 고속도로에 남북 협력 기금을 쓰는 것은 북핵 문제가 확실히 해결 안 된 상황에서는 찬성할 수 없다“고 말했다.
정상회담이 12월 대선에 미칠 영향에도 정치권은 주목하고 있다.
한나라당은 국방장관 회담을 11월에 열기로 한 것에 의심의 눈초리를 보내고 있다.
다만 정상회담을 정례화하기로 하고, 남북 경협 추진 주체를 부총리급으로 격상시킨 것 등에 대해서는 범여권과 한나라당 모두 긍정 평가했다.
'환영' 표현 않는 미국, 남북 관계 진전에 '불편' [10.4 공동 선언 북한 외신 반응]각국 정부 및 언론 시각 미 언론 “평화 조약 등 체결하려면 미중 동의 필요“일 신문 '종전 및 평화 선언' 보도에 납치 문제 지적 이번 공동 선언에 대한 국제 사회의 반응은 대부분 긍정적이다.
그러나 미국 정부는 예상보다 남북 관계의 진전 속도가 빠른 데 대한 불편함를 감추지 않았다.
미국 백악관은 4일 10.4 공동 선언과 관련해, 북한의 비핵화 약속 이행이 우선이라는 기존 방침을 재확인했다.
고든 존드로 백악관 국가안보회의(NSC) 대변인은 이날 논평에서 합의에 대한 의례적 환영 표시도 하지 않은 채 “한국전쟁을 공식 종료하는 평화 협정 체결과 북/미 관계 정상화는 북한이 자국 핵무기 프로그램을 폐기하도록 한 협정을 준수하느냐에 달린 것“이라고 말했다.
<뉴욕타임스>는 “두 정상은 폭넓은 선언문에 서명했으며, 새롭ㄴ 분야를 개척하기보다는 2000년 1차 정상회담에서 합의한 내용을 공고히 다졌다“고 평가했다.
<월스트리트저널>(WSJ)은 이번 선언이 이행 시한, 합의 이행 여부에 따른 보상이나 제재 등을 빠뜨린 막연한 것이라고 꼬집었다.
<워싱턴포스트>는 “평화 조약 등을 체결하려면 미국과 중국의 동의가 필요한데, 미국은 북한이 핵무기 프로그램을 끝내기 전까지는 이런 조약 체결에 동의하지 않겠다고 밝혀 왔다“고 지적했다.
이 신문은 정상회담 기간 발표된 6자 회담 합의문에 대해서도, 미국 내 한반도 전문가들이 조지 부시 행정부가 너무 빠르게 움직이는 것이 아니냐는 우려의 목소리를 내고 있다고 전했다.
세계 주요 언론들은 회담 결과를 신속히 전하며 높은 관심을 보였다.
워싱턴의 한 소식통은 “남북 정상회담을 환영하고 지지하지만 대규모 대북 지원이나 평화 협정 체결은 북한이 핵을 포기해야 가능하다는 것이 미국의 일관된 견해라는 점을 고려할 때 3 4개 당사국 정상 회의 개최 등은 미국의 귀에 거슬리는 부분일 가능성이 높다“고 분석했다.
그러나 도널드 그레그 코리아소사이어티 의사회 의장은 이번 선언이 이전에 발표된 어떤 성명보다 포괄적인 내용을 담고 있는 것으로 “환영할 만한 진전“이라며 반겼다.
후쿠다 야스오 일본 총리는 기자 회견에서 “남북 간에 긴장 관계가 없어지는 것은 매우 좋은 일“이라며 “남북 사이에 정착됐으면 좋겠다“고 말했다.
국경절 연휴를 보내고 있는 중국은 관례대로 공식 논평을 내지 않았으나, 관영 매체를 통해 이번 선언을 크게 보도함로써 환영의 뜻을 표시했다.
리둔추 국무원 산하 한반도연구센터 주임은 “이번 선언으로 북한의 개혁 개방이 촉진될 것“며 “특히 나선 직할시가 가장 먼저 개방될 가능성이 높다“고 말했다.
일본 신문은 4일 석간에서 남북 정상회담 선언문에 대해 1면 머리 기사로 크게 보도했다.
<도쿄 신문>은 “회담 시간이 4시간 3분으로 7년 전의 반에도 미치지 못하았지만 새롭ㄴ 공동 성명에 서명할 수 있었던 것은 그 사이 남북이 쌓아 올린 교류의 두텁ㅁ을 얘기하고 있다“고 적극 평가했다.
<교도통신>은 “핵 문제 진전을 순풍으로 삼아 한국전쟁의 휴전 협정을 대체하는 평화 체제 구축을 위해 남북이 주도권을 행사할 의사를 분명히 했다“고 평가했다.
프랑스 유력지 <르몽드>는 이번 선언에 대해 “동 서 냉전의 마지막 유산으로 남아 있는 경계선의 긴장이 마감될 수 있게 됐다“고 평가했다.
독일의 <디벨트> 인터넷판은 “한국전쟁 이후 50여 년 만에 남북이 한반도에 새롭ㄴ 평화 체제를 구축하려는 노력을 시작했다“고 전했다.
러시아 국영 <엔티브이>(NTV)는 “평양과 서울이 불가능한 일을 해 냈다“며 서해 공동 어로 구역 설정, 경의선을 이용한 중국 올림픽 단일 응원단 참가 등 평화 선언 내용을 언급하면서 회담 성과를 긍정적으로 평가했다.
특히 러시아 언론들은 선언 내용 중 남북한이 경제 협력 사업을 확대 발전시키기로 한 점에 높은 관심을 표명했다.
정상회담 사실상 '정례화' [10.4 공동 선언 남북 관계 제도화] “정상 수시로 만나 협의“장관급 회담 총리급 격상도 큰 진전 “국제 무대서 민족 권익 위해 노력“신뢰 바탕 한 '실천' 과제로 남북 정상은 이번 회담에서 2000년 '6.15 공동 선언'처럼 통일 방안에 대한 직접적인 합의를 하지는 않았다.
하지만 남북은 정상회담 정례화와 합의 이행을 위한 총리 회담 개최 등의 간접적인 방법으로 2000년에 합의한 통일 방안을 한 단계 끌어 올렸다.
'6.15 공동 선언'을 재확인하는 데 그칠 것이라는 예상을 뛰어넘어, 구체적이고 실질적인 합의를 이끌어 낸 것이다.
6.15 공동 선언의 2항은 “남과 북은 나라의 통일을 위한 남쪽의 연합제 안과 북쪽의 낮은 단계 연방제 안이 서로 공통성이 있다고 인정하고 통일을 지향한다“고 명시하고 있다.
남쪽의 국가 연합은 '국가 연합 연방 국가 통일 국가'로 이어지는 3 단계 통일 방안의 하나로, 남북이 서로의 국가성을 인정하면서도 한 공동체로의 통합을 준비하는 단계를 일컫는다.
국가 연합제를 제도화하고 실행하기 위해서는 정상 회의 평의회(국회) 회의 각료 회의 등 세 개의 회의체를 필요로 한다.
이번 남북 간 합의는 선언문 2항의 '의회 대화 추진'까지 감안하면, 연합제를 위한 세 가지 회의체라는 틀을 갖췄다고 할 수 있다.
우선 두 정상은 “남북 관계 발전을 위해 정상들이 수시로 만나 현안 문제들을 협의하기로 했다.“정부는 “남북 관계가 국가 간 관계가 아니라는 점에서 정례화라는 표현을 사용할 수 없다는 북쪽 의견을 받아 들이어 '수시로 만나'자는 용어로 합의했다“고 밝혔다.
사실상 정상회담의 정례화에 합의한 셈이다.
남북이 이번 선언의 이행을 위해 남북 총리급 회담을 개최하기로 합의한 것도 2000년과 비교하면 큰 진전이라고 할 수 있다.
이는 2000년 6.15 공동 선언의 실무 실행 기구라고 할 수 있는 '남북 장관급 회담'을 총리급으로 끌어 올린 것이다.
당장 남북은 다음 달 중 제1차 총리급 회담을 서울에서 열기로 했다.
남북은 그동안 21 차례 열린 장관급 회담을 통해 남북 관계에서 적지 않은 발전을 이룩했지만, 군사적 긴장 완화 부분 등에 대해선 한계를 노출해 왔다.
아울러 북쪽도 남북 관계의 안정화를 위해 실무 실행 기구를 격상할 필요성을 느꼈던 듯 싶다.
정부는 “북쪽이 장관급 회담이 정세 변화에 민감하다고 지적하면서 총리급 회담을 제안했다“고 밝혔다.
총리급 회담이 이번 선언의 실행 기구로 격상되면서 통일 국방 경제 등 각료 회의들로 자연스럽게 이어질 것으로 보인다.
이렇게 되면 남북 간 상호 신뢰와 정치, 군사, 경제, 사회, 문화 등 모든 방면에서 전 방위 접촉과 화해 협력이 정착되는 계기가 될 수 있다.
남과 북이 국제 무대에서의 민족의 이익 및 해외 동포들의 권리와 이익을 위한 공동 노력에 합의한 점도 눈여겨볼 대목이다.
이제 중요한 것은 남북 정상이 서로의 신뢰에 기반해 합의 사항을 실천하는 것이라고 할 수 있다.
기존 남북 장관급 회담이 외풍에 휩쓸려 '가다 서다'를 반복한 점에 비춰 보면, 정상회담이나 총리 회담은 더욱 농도 짙은 신뢰가 뒷받침돼야 할 것으로 보인다.
“6월 15일을 '우리 민족끼리의 날'로“'6.15선언' 기념 방안 북쪽서 제안 남북 국회 '공동 지지 선언'도 남북 정상은 '선언' 제1항에서 '6.15 공동 선언 적극 구현'을 다짐하고 있다.
남북은 6.15 공동 선언의 정신을 재확인하고 6.15 공동 선언에 기초해 남북 관계의 확대 발전을 추구하기로 하고 6.15 공동 선언을 고수하고 적극 구현 우리 민족끼리 정신에 따라 통일 문제의 자주적 해결과 민족의 존엄과 이익을 중시 6.15 기념 방안 강구 등에 합의했다.
'6.15 공동 선언'이란 단어는 선언 전문에 2번, 1항에서 2번 등 모두 4 차례 등장한다.
남쪽에서도 6.15선언이 남북 관계의 중요한 계기로 평가 받지만, 6.15 선언의 대한 북쪽의 의미 부여는 남쪽의 통념을 휠씬 뛰어넘는다.
북쪽 언론은 김정일 국방위원장이 고 김일성 주석의 '통일 유훈'을 잇어 받아 '6.15 시대'를 열어 놨다고 칭송한다.
노동신문은 6.15선언 7주년을 맞아 “오늘의 시대는 6.15 북남 공동 선언의 '우리 민족끼리' 기치를 높이 들고 자주 통일 운동을 거족적으로 벌여 나가는 새롭ㄴ 시대“라며 “지난 7년은 자주 통일 의지와 지향이 내외에 과시된 격동적인 나날이었다“고 평가했다.
3일 정치 분야 특별 수행원 간담회에서 북쪽 최태복 최고인민회의 의장은 6.15 공동 선언에 대한 남북한 국회의 공동 지지 선언을 제안했다.
사회 단체 언론 분야 특별 수행원 간담회에서도 북쪽은 6.15 공동 선언 발표일을 '우리 민족끼리의 날'로 정해 기념하자고 제안했다.
한편, 정상회담에서 김정일 위원장의 '우리 민족끼리'주장에 대해 노무현 대통령은 국익을 위해 민족 공조와 국제 공조를 병행 추진하고 있으며, 이러한 우리의 노력에 의해 남북 관계 진전을 물론 6자 회담과 북미, 북 일 관계 개선에 기여했다고 설명했다.
'경의선 열차' 타고 베이징올림픽 공동 응원 간다 [10.4 공동 선언 민간 교류] 경의선 열차 이용 공동 응원 첫 남북 공동 응원단, 부산~평양~북경 함께 가 기술적 문제 없어 전 세계에 평화 화해 메시지 남북이 처음으로 공식 공동 응원단을 만들ㄴ다.
그것도 남과 북의 사람들이 경의선 열차를 이용해 2008년 베이징올림픽이 열리는 중국까지 달려가 공동 응원을 하기로 한 것은 매우 획기적인 일이다.
베이징올림픽을 앞두고 여러 사람들이 머리 속에서만 꿈꾸던 것이 현실화 국면에 들어간 것이다.
그동안 열린 여름 겨울 올림픽, 아시아경기대회, 세계선수권 대회 등의 스포츠 행사에서 남북이 '함께' 응원을 펼친 적은 있지만, 공동 응원단을 구성해 응원한 적은 없었다.
그동안의 공동 응원은 남과 북이 개별적으로 대회 개최지에 도착해 모이는 수준에 불과했다.
이런 점에 비춰 내년 경의선 열차를 이용한 공동 응원은 각별한 의미를 띤다.
남북 공동 응원단이 남북을 관통하는 철도를 이용해 중국까지 들어가는 것 자체만으로도 전 세계에 한반도의 평화와 화해의 메시지를 발신하는 효과를 얻을 수 있다.
이를 위해선 몇 가지 과제가 먼저 풀려야 한다.
우선 열차 운행 문제다.
서울~신의주 간의 경의선은 5월 17일 문산역에서 개성역까지 27.3km 편도 구간을 시험 운행한 바 있다.
하지만 나머지 구간은 점검지 않아 제대로 운행할 수 있을지 미지수다.
또 베이징까지 열차를 운행하려면 중국과 협의를 해야 한다.
이번 정상회담에서 개성~신의주 간 철도를 보수하기로 한 만큼 한반도 구간에선 철도 운행에 큰 문제는 발생하지 않을 것으로 보인다.
하지만 전력을 이용하는 남북 철도 운행 방식과 달리, 중국 철도는 디젤을 사용하므로 기술적으로 해결할 필요가 있다.
이와 관련해 김학태 코레일 홍보실장은 “지난해 11월 9일 중국 철도부 왕즈궈 부부장 방한 때 부산에서 베이징까지 2048km의 전 노선을 철도로 운행하자는 제안을 한 적이 있으며, 운행에는 기술적으로 문제가 없다“고 설명했다.
둘째는 편의성이다.
시속 60㎞로 열차를 운행하면, 부산~평양 12시간, 평양~베이징 22시간 등 모두 34시간이 걸리는 점이 제약 요인이다.
더구나 경의선은 철로가 낡아 고속 운행을 할 수 없는 상황으로 알려졌다.
하지만 코레일 쪽은 객차 안에서 숙식을 모두 해결할 수 있는 명품 관광 열차를 개발 중이어서, 장시간 운행에도 큰 문제는 없을 것이라고 설명했다.
이런 문제가 모두 풀린다고 해도 공동 응원단의 규모와 구성 방법, 출범 시기 등을 정하는 등의 난제가 남아 있다.
이를 논의하기 위해서는 남북 간 체육 문화 당국자 회담이 개최될 필요가 있다.
대한체육회 백성일 국제 협력 부장은 “이번 합의로 남북의 스포츠 문화가 획기적으로 발전될 것으로 보인다“며 “공동 응원단 구성을 위해 민간 기구 등 여러 차원의 실무 작업이 시작될 것“이라고 말했다.
이와 관련해, 한겨레통일문화재단은 지난해 남북 각 1 천 명씩 2 천 명 규모의 베이징올림픽 공동 응원단 구성을 제안한 바 있다.
이르면 내년 3월부터 이산가족 상시 상봉 [10.4 공동 선언 민간 교류] 이산가족 상봉 방식 개선 영상 편지 교환 추진 합의 납북자 국군 포로 문제는 빠져 금강산 이산가족 면회소를 이용한 상시 상봉 합의는 이산가족 상봉이 일회성 이벤트를 넘어 제도적 일상화 단계에 접어들었음을 뜻한다.
이산가족 상시 상봉은 6.15 이후 인도적 분야의 핵심 문제였다.
몇 십 년 동안 헤어져 살아 온 혈육의 상봉은 이념과 체제를 떠나 가장 인간적인 사안이어서 남쪽은 꾸준히 확대와 제도화를 요구해 왔다.
하지만 이산가족 상봉으로 들어 오는 바깥 정보가 체제 유지에 부담이 되기 때문에 북쪽은 이산가족 상봉 규모 확대를 조심스러워했다.
정상회담을 앞두고 남쪽에선 대면 상봉 정례화 화상 상봉 영상 편지 등 상봉 방식 다양화 이산가족 면회소 건설 등으로 이산가족 상봉의 제도화 계기를 마련해야 한다는 지적이 나왔다.
그런 점에서 이번 정상회담 결과는 남쪽의 요구 사항을 상당 부분 충족시킨 것으로 평가할 수 있다.
이산가족 문제는 시간이 정해져 있다.
고령의 이산가족이 많아 지금 해결하지 않으면 만남 자체가 어렵다.
노 대통령은 정상회담에서 이 점을 설명해 김정일 국방위원장의 동의를 얻어 냈다.
남북은 이산가족 상봉을 확대하기 위해 영상 편지 교환과 상시 상봉에 의견을 모았다.
남북은 금강산 면회소가 완공되면 쌍방 대표를 상주시키고, 이산가족과 친척 상봉을 상시적으로 하기로 했다.
금강산 온정리에 짓고 있는 이산가족 면회소는 대지 5 만(1만 5 천 평)에 지하 1층, 지상 12층 규모다.
객실이 206개라서 최대 1000명이 한꺼번에 만날 수 있다.
이산가족 면회 사무소는 다음 달 완공되고, 이산가족 면회소는 내년 3월께 공사가 끝난다.
남북 간 후속 협의가 매끄럽게 된다면, 이르면 내년 3월께부터 상시 면회를 할 수 있을 것으로 보인다.
분단 뒤 2000년 정상회담 이전까지는, 85년 고향 방문단 교환을 통해 만난 157명이 이산가족 상봉의 전부였다.
2000년 이후 남북 관계가 발전하면서 7년 동안 15 차례 1만 8630명의 이산가족이 만났다.
6.15 이후 해마다 두세 차례 상봉을 하면서 이산가족 상봉자 수가 크게 늘었지만, 상봉 방식의 근본적 개선 필요성이 제기됐다.
대한적십자사에 상봉을 신청한 이산가족은 모두 12 만 5 천여 명이다.
남북에서 각각 100명씩 가족이 참석하는 현재 이산가족 상봉 방식은 한계가 분명하다.
나이 많은 이산가족들이 해마다 4천 5 천 명씩 숨지고 있기 때문이다.
이번 합의에서는 애초 기대와 달리 납북자 국군 포로 문제가 빠졌다.
노무현 대통령은 김정일 위원장에게 “화해의 첫 단계는 과거로부터 자유롭아지는 것“이라며 이산가족 납북자 문제 해결을 제의했다.
그러나 이산가족과 달리 납북자 문제는 양쪽의 입장 차이로 성과를 거두지 못하았다.
북쪽이 국군 포로나 납북자 문제도 이산가족 문제의 해결 과정에 포함시켜 단계적으로 풀어야 한다는 기존 방침을 고수했기 때문이다.
북, 남쪽 정상 만나 핵 해결 표명 처음 불능화 단계 이후 핵 폐기 결단은 안 밝혀 [10.4 공동 선언 평화 체제로 전환] 핵 문제 어떻게 담겼나 남북은 북핵 해결의 실천 의지도 공동 선언에 담았다.
김정일 국방위원장이 '김일성 주석의 유훈'이라는 표현으로 비핵화 의지를 밝히기는 했지만, 정상 차원의 명확한 선언은 처음이다.
선언에선 “9.19 공동 성명과 2.13 합의가 순조롭게 이행되도록 공동으로 노력“한다는 문안으로 표현했다.
물론 공동 선언에서 언급된 이 표현만을 보면, 야당이 지적하고 있듯이 불능화 단계 이후의 핵 폐기에 대한 김 위원장의 결단을 드러내지는 못하았다는 평가가 가능하다.
그러나 북한은 그동안 북핵 문제는 미국의 대북 적대 정책의 결과라며, 북/미 양자 협의를 고수할 뿐 남한과의 핵 협의는 거부해 왔다.
이미 6자 회담에서 남북이 협력을 하긴 했지만, 이번 합의는 이런 금기를 정상 차원에서 깬 것이다.
무엇보다도 6자 회담에서의 불능화 합의와 정상회담의 북핵 해결 합의는 북핵과 남북 관계의 악 순환이 선순환 구조로 바뀌고 있음을 보여 준다.
정부도 지적하고 있듯이 2000년 남북 정상회담 이후 2002년 2차 핵 위기 이래 북핵은 남북 관계의 발목을 잡아 왔다.
이번엔 그 반대였다.
노무현 대통령은 도라산 귀환 보고에서 북한이 정상회담을 앞두고 불능화 “합의를 성공시키려고 협력했다“고 강조했다.
또 김정일 위원장이 6자 회담 수석 대푠 김계관 부상을 회담장으로 들어오게 해서 소상히 보고를 하도록 했으며 이번 합의를 북 최고 지도자의 북핵 폐기 의지로 본다고 밝혔다.
정상회담이 북핵 합의를 이끌도록 한 것이다.
이제 2 단계 비핵화 합의를 바탕으로, 10월 말 6자 외무 장관 회담이 열리면 동북아 다자 안보 질서를 적극적으로 모색하는 단계에 들어서게 된다.
비핵화는 그 전제다.
비핵화는 동시에 공동 선언 4항에서 밝힌 대로 한반도 평화 체제를 위한 3자 또는 4자 정상회담의 전제기도 하다.
노 대통령은 북핵 문제가 풀리면 한반도 평화 체제로 가야 한다는 것이 정부의 방침이라고 강조했다.
두 정상이 이 4항에서 비핵화 합의 의지를 담은 것은 비핵화가 달성되기 위해선 북/미 관계 개선을 포함해 정전 체제의 전환을 포함한 포괄적인 한반도 평화 체제가 요구된다는 뜻도 있다.
이제 북핵과 남북 관계는 비핵화와 평화 체제의 선순환 구조로 나타나고 있으며 이는 동북아의 다자 안보 질서를 만드는 추동력이 될 것이다.
남쪽 보안법 북 노동당 규약 등 상호 적대시하는 법 손질 합의 [10.4 공동 선언 평화 체제로 전환] 법률 제도 정비 남북 모두 내부 반발 '숙제' “남과 북은 남북 관계를 통일 지향적으로 발전시켜 나가기 위해 각기 법률적 제도적 장치를 정비해 나가기로 했다“는 선언 2항의 우회적 언급은 남쪽의 보안법과 북쪽의 노동당 규약 정비 논의 필요성 등을 지적한 것이다.
남북 교류 협력이 확대되고 상호 존중과 신뢰의 남북 관계로 전환하기 위해서는 북한을 적으로 보고 있는 국가보안법이 걸림돌이 된다.
한반도 평화 체제를 구축하려면 북한을 적으로 규정한 법 체계를 바꾸는 논의가 필요하다.
북한도 노동당 규약의 남조선 혁명 관련 조항 수정이 필요하다.
노동당 규약은 남한을 미국의 식민지로 규정하고 인민 민주주의 혁명의 대상으로 보고 있다.
보안법과 노동당 규약의 개정 논의는 2000년 정상회담 회담 때도 있었다.
김대중 전 대통령은 정상회담을 마치고 서울에 돌아와 “국가보안법 얘기도 나왔다“고 밝혔고, 김정일 국방위원장은 방북한 남측 언론사 사장단에게 “노동당 규약도 고정 불변의 것은 아니다.
언제든 바꿀 수 있다“고 말했다.
정부 당국은 “남북 간 상호 이해와 존중을 토대로 신뢰를 증진해 나가는 것이 남북 관계 발전의 기본“이라며 “상대방에 대한 비방 중상을 하지 않는 것은 물론 체제를 인정하고 존중하는 관계에서 신뢰가 형성된다“고 말했다.
북쪽은 김일성 주석의 주검이 안치된 금수산기념궁전과 북쪽 혁명 1 세대 등이 묻혀 있는 혁명열사릉, 애국열사릉 방문을 금지한 남쪽 정부의 참관지 제한을 풀라고 주장해 왔다.
2005년 서울 8.15 공동 행사에 참가한 북쪽 대표단이 현충원을 전격 참배한 뒤 참관지 제한 해제 요구는 거세졌다.
정상회담 때 노무현 대통령이 논란에도 불구하고 <아리랑> 공연을 관람한 것은 북쪽의 금수산기념궁전 참관 요구를 비켜 가면서, 상호 체제 인정 노력을 보여 주려는 결정이었다.
정부 당국은 보안법, 참관지 등 법률적 제도적 장치 개선 문제는 남북 간 사안의 특성상 남북 간 상호 신뢰를 통해 접근하고 남북 관계 발전을 통해 자연스럽게 해결하도록 노력하겠다고 설명했다.
그러나 보안법과 노동당 규약의 개정은 남북 모두에게 어렵ㄴ 문제다.
2004년 가을 보안법 개정을 추진할 당시 여당인 열린우리당은 거센 반발에 직면해 실패했다.
북한도 노동당 규약을 바꾸려면 당 대회를 열어야 하는데 노동당 당 대회는 1980년 10월 이후 한 번도 열리지 않고 있다.
남북 사전 접촉서 미리 공감대 형성 3일 오후 정상회담서 대략적 합의 [10.4 공동 선언 의미 분석] 합의문 어떻게 나왔나 '남북 관계 발전과 평화 번영을 위한 선언'은 철통 같은 보안 속에, 남북의 소수 실무자들만이 참여한 가운데 밤샘 마라톤 조율을 거쳐 만들어 냈다.
그러나 이 선언이 담고 있는 구체적 내용으로 봐, 이번 정상회담을 준비하는 과정에서 그 내용이 사전에 어느 정도 조율된 것이라는 관측도 나오고 있다.
3일 오전과 오후, 노무현 대통령과 김정일 국방위원장의 두 차례에 걸친 정상회담이 끝난 직후 양쪽 실무진이 곧바로 선언문 문구 조율 작업을 시작한 것으로 알려졌다.
합의문의 뼈대는 노 대통령과 김 위원장 간 회담 내용을 바탕으로 만들어졌다.
1차 남북정상회담에서 도출된 '6.15 공동 선언'도 김대중 당시 대통령과 김 위원장 간 대화 내용을 토대로 이루어졌다.
일단 기록을 위해 회담에 배석한 조명균 청와대 안보 정책 비서관이 직접 들은 노 대통령과 김 위원장의 회담 내용을 바탕으로 합의문 조율이 시작됐을 것으로 짐작된다.
서훈 국정원 3 차장과 고경빈 통일부 정책 홍보 본부장 등이 조 비서관과 함께 합의문 조율을 위해, 북쪽과 협의에 참여했을 것으로 관측된다.
북쪽에서는 유일한 회담 배석잔 김양건 통일전선부장과 함께, 최승철 통전부 부부장 등이 합의문 안 조율에 참여했을 것으로 추론된다.
아울러 이번 정상회담을 만들ㄴ 김만복 국가정보원장과 김양건 북한 통일전선부장이 각각 남북 실무팀을 지휘하면서 남북 간 최종 조율을 맡았던 것으로 보인다.
김만복 원장은 3일 밤 평양 인민문화궁전에서 열린 남쪽 주최의 답례 만찬에도 참석하지 않았다.
남쪽에서는 국정원 쪽이 문안 작성의 실무 책임을 진 것은 회담 준비를 김만복 원장이 주도한 것과 무관하지 않은 것으로 분석된다.
북쪽 역시 이번 회담의 실무 책임잔 최승철 통전 부부장이 문안 작성의 책임을 맡았다.
3일 오후 정상회담이 끝나면서 4일 오전 선언 발표를 예고한 것으로 미뤄 볼 때, 남북은 이미 대략적인 내용에 합의한 것으로 추측된다.
남북이 사전 접촉을 통해 내용에 대한 공감대를 형성하지 못하았다면, 4시간 남짓의 정상회담에서 이렇게 구체적인 내용까지 진전될 수 없었을 것으로 지적된다.
물론 합의문 조율 과정에서 주변 관측은 반전을 거듭했다고 전해진다.
3일 밤, 서울로 전해진 소식은 '합의문에 새롭ㄴ 것이 없을 것 같다'는 것이었다.
노 대통령과 김 위원장이 두 번째 정상회담에서 체류 연장을 놓고 '썰렁하게' 돌아선 장면까지 겹쳐 부정적인 관측이 설득력을 얻었다.
마침 천호선 청와대 대변인도 평양 공동 취재진에게 “여지껏 남북 간에 합의해 왔던 것 중에서 이행되지 않았던 것들의 어떤 실행력을 더 높이고 그것을 좀 더 구체화하는 결과라고 평가하는 것이 정확하지 않는가 생각한다“고 밝힌 터였다.
그러나 4일 아침이 되면서 기류가 조금씩 긍정적인 방향으로 바뀌기 시작했다.
“대략적인 선언문 초안이 마련됐다“, “평양 분위기가 좋다“, “오찬 전에 선언문이 나올 것 같다“는 말들이 흘러 나왔다.
이때까지도 선언문 초안 내용은 극비에 부쳐졌다.
점심 무렵이 다가오면서 “실무자들이 합의문 해설을 쓰고 있다“는 얘기가 들리기 시작했다.
그리고 마침내 낮 12시 10분, 평양의 공동 취재단은 “남북 정상 오후 1시 '남북 관계 발전 평화 번영 선언 서명“이라는 긴급 속보를 타진했다.
오후 1시, 노 대통령과 김정일 국방위원장이 백화원 영빈관에서 서명식을 가지 직후, 평양 취재단은 8개 항으로 구성된 합의문을 쏟아 내기 시작했다.
남북미((중) '한반도 평화 협정 논의' 가시권 [10.4 공동 선언 평화 체제로 전환] 종전 선언 정상회담 추진 부시 “김 위원장에 체결 뜻 전해 달라“9월에 밝혀 중국은 북에 위임한 듯 정전 체제 종식 가속도 남북 분단과 냉전적 대립은 민족 문젠 동시에 국제 문제다.
평화는 이 두 가지 문제를 동시에 극복해야 가능하다.
공동 선언 3항은 분단 민족 내부의 대립을 극복하기 위한 것이다.
남북 간의 군사적 적대 관계를 종식시키고 한반도에서 긴장 완화와 평화를 달성하기 위한 구체적 합의들을 담고 있다.
4항은 국제적 측면에서, 냉전의 결과자 원인이었던 한국전쟁의 휴전 상탠 정전 체제를 영구적 평화 체제로 전환하기 위한 것이다.
4항에서 두 정상은 남북미 3자 또는 남북미중 4자 정상회담의 종전 선언을 통해 평화 체제를 출범시킨다는 합의했다.
여기엔 1953년 7월 체결된 정전 협정 이후 한반도는 사실상 종전 상태에 가깝지만 이를 법적, 제도적 종전 상태로 바꾸려면 '정치적 선언'이 필요하며 이는 평화 협정 체결을 위해 반드시 거쳐야 할 과정이라는 인식이 깔려 있다.
한국국방연구원(KIDA)의 백승주 박사는 “종전 선언은 항구적 한반도 평화 체제의 종결적 형태가 아니라 평화 체제의 시작“며 “한반도 평화를 보장하려는 주변국의 의지가 담겨야 한다“고 말했다.
노무현 대통령은 9월 11일 청와대 기자 간담회에서 '평화 협정' 문제가 남북 정상회담에서 '제안의 수준'이 아니라 '핵심 의제'가 될 것이라고 말했다.
이 발언에서도 확인되는 것이지만 두 정상은 이 4항에 대해 사전에 거의 합의에 가깝ㄴ 교감을 했다고 볼 수 있다.
문제는 이 4항이 남북한 만의 합의로는 안 된다는 것이다.
실제로 4항은 '3자 또는 4자 정상들이 한반도 지역에서 만나 종전을 선언하는 문제'를 남북이 “추진하기 위해 협력해 나가기로 했다“고 돼 있다.
주변국이자 직접 관련국인 미중은 이미 동의했다.
지난 9월 7일 시드니 아시아태평양경제협력체(아펙) 정상 회의 때 열린 한미 정상회담에서 조지 부시 미국 대통령은 “내가 원하는 것은 한국전쟁의 종결을 가져와야 하고, 할 수 있다는 것이며, 김정일(국방위원장)과 평화 협정을 체결할 수 있다는 것이다“라고 말했다.
같은 날 열린 한 중 정상회담에서도 노 대통령과 후진타오 국가 주석은 “남북 관계와 6자 회담이 진전되면 이것이 한반도 평화 체제와 동북아 다자 안보 협력에 대한 논의로 발전돼 나갈 필요가 있다“는 데 공감했다.
그런 점에서 이번 남북 정상회담은 한미, 한 중을 거쳐 남북으로 이어진 4자 당사자 정상 간의 연쇄 접촉의 마지막이었다.
노 대통령은 도라산 귀환 보고에서 김 위원장이 정전 체제를 평화 체제로 전환하는 데 남쪽이 노력해 줄 것을 주문했다고 소개했다.
3자 또는 4자 정상회담은 시기 문제와 한반도라는 장소에 대한 동의만을 남겨 두고 이미 가시권 안에 있는 셈이다.
다만, 두 정상이 왜 4자가 아니라 '3자 또는 4자 정상들'이라고 했는지는 의문이다.
이에 대해선 김정일 위원장이 북한은 중국으로부터 한반도 정전 체제와 관한 협상을 위임 받았다고 했을 가능성이 있다.
그러나 미국이 이에 동의할지가 불투명하다.
이에 따라 3자 또는 4자로 적시된 것으로 추정된다.
이 종전 선언은 또 다른 차원에서 보면 북한과 미국 사이의 '기술적인 교전 관계'의 청산을 의미한다.
그 자체가 북/미 간의 관계 정상화 과정을 촉진시킬 수 있는 것이다.
그리고 북/미 관계 정상화가 다시 한반도 평화 체제를 강화하는 되먹임의 과정을 기대할 수 있을 것이다.
'평화 수역'으로 '우발적 분쟁' 불씨 잠재운다 [10.4 공동 선언 서해 평화 특별 지대] 군사적 긴장 완화 NLL 일대 평화 수역 설정 민간 이용만 가능하도록 경협 군사적 신뢰 구축 조처 국방장관 회담서 논의 남북 정상이 한반도 긴장 완화와 군사적 신뢰 구축에 직접 합의한 것은 이번이 처음이다.
2000년 정상회담에서도 일정한 공감대를 이뤘지만, 6.15 공동 선언에는 담아 내지 못하았다.
이번엔 전쟁 반대와 불가침 원칙은 물론 구체적 긴장 완화와 신뢰 구축 방안까지 3 5항에 적시했다.
평화 체제를 다룬 4항과 더불어 이번 선언을 사실상의 '평화 선언'으로 규정하게끔 만드는 요인이다.
우발적 군사 충돌 가능성이 가장 큰 서해 지역의 긴장 완화 방안이 집중적으로 논의됐다.
서해 지역은 북방 한계선(NLL)을 둘러싸고 남북이 두 차례 교전을 치른 '열전'의 현장이다.
방식으론 공동 어로 수역 지정과 평화 수역 설정 등 남쪽이 강조해 온 방안만이 선언에 담겼다.
북방 한계선 일대 수역을 평화 수역으로 설정해 남북 군함의 출입을 통제하고, 공동 어로 등 민간의 평화적 이용만 가능하도록 하는 방식이다.
이렇게 되면, 북방 한계선은 그대로 유지된다.
그러나 공동 어로 수역과 평화 수역 바깥으로 남북 모두 해군력을 물리게 돼 무력 충돌 가능성이 차단된다.
북쪽 민간 선박의 이용은 남쪽 군 또는 해경의 일정한 통제 하에 허용된다.
북쪽이 북방 한계선을 실질적 해상 경계선으로 인정하는 대신 공동 어로와 해주 직항, 해주 경제 특구 건설 등 경제적 실리를 보장하는 일종의 '주고 받기'이다.
구체적 협의는 국방장관 회담을 열어 하도록 합의했다.
북쪽이 해상 경계선 재설정 문제를 완전히 거둬 들이었는지는 확실하지 않다.
그동안의 북쪽 주장을 감안할 때, 이후 열리는 국방장관 회담에서 북쪽이 공동 어로 수역과 평화 수역 설정을 위해서라도 재설정을 먼저 해야 한다고 주장할 가능성이 있다.
하지만 선언문에 재설정 관련 언급이 빠진 것으로 볼 때, 김정일 위원장이 결단을 내렸을 수도 있다.
참여정부에서 안보 분야 고위직을 지낸 한 전문가는 “두 정상 사이에 서해 문제를 놓고 심각한 논의가 있지 않았겠느냐“며 “문구가 그렇게 정리된 것을 보면 우리 견해를 수용한 것으로 보인다“고 분석했다.
국방연구원의 한 책임 연구 위원도 “김 위원장이 북쪽 군부에 어떻게 설명을 할지 궁금해질 정도“라고 말했다.
각종 협력 사업에 대한 군사적 보장 조처도 국방장관 회담의 논의 과제다.
군사적 보장 조처가 이루어지지 않아 경의 동해선 철도 도로 통행과 한강 하구 개발, 수해 방지 등 수많은 경협 사업들이 병목 현상을 겪어 왔다.
정부 당국자는 “김 위원장이 직접 이를 언급함로써 국방장관 회담을 통해 해결할 추진 동력이 생긴 셈“이라고 말했다.
이 밖에 남북 사이 군사적 신뢰 구축 조처도 국방장관 회담에서 논의한다.
남북기본합의서를 준용한 비무장 지대의 평화적 이용, 국방장관 사이 군사 직통 전화 운용, 대규모 부대 훈련 이동 통보 등의 과제가 우선적으로 다뤄질 것으로 보인다.
이를 통해 일정한 신뢰가 쌓이면 대량 살상 무기와 공격 능력의 제거, 단계적 군축 등 본격적 신뢰 구축 과제로 넘어 갈 수 있다.
해상 불가침 경계선 재설정도 이 단계에서 본격 논의될 것으로 예상된다.
남북 국방장관이 7년 만에 두 번째 회담을 여는 것 자체만으로도 군사적 신뢰 구축이 진전되고 있는 표시라고 할 수 있다.
고기잡이 가능한 해역 공동 어로 수역 불가능한 지역은 평화 수역으로 공동 어로 수역과 평화 수역은 서해 긴장 완화와 평화 정착을 위해 남북 정상들이 직접 내놓은 핵심 방안이다.
설정 위치와 넓이 등 구체적인 방침은 11월 열리는 2차 국방장관 회담을 통해 협의하게 돼 있다.
이 과정에서 남북 모두 일정한 양보가 불가피할 것으로 보인다.
정부가 4일 내놓은 정상회담 합의 해설 자료를 보면, “서해상 특정 구역에 공동 어로 수역을 설치해, 남북 간 긴장을 완화하고 제3국 어선의 불법 조업을 방지함로써 남북 간 공동 번영의 기반을 확충“한다고 돼 있다.
또 한강 하구와 연평도 사이 어로 불가능 지역은 평화 수역으로 설정한다고 설명하고 있다.
고기잡이가 가능한 해역엔 공동 어로 수역을, 불가능한 지역엔 평화 수역을 설정한다는 것이다.
공동 어로 수역이 설정될 해역의 위치로는 소청도와 연평도 사이의 북방 한계선 일대 수역이 주로 거론된다.
소청도 서쪽에서 백령도 사이 해역은 북방 한계선과 북쪽이 주장하는 해상 경계선이 거의 일치한다.
분쟁 여지가 없다.
반면 소청도와 연평도 사이 해역을 두곤 북쪽이 “북방 한계선이 우리 영해를 넘어서 있다“며 반발하고 있다.
공동 어로 수역 설치로 평화롭ㄴ 해결이 필요한 곳이다.
넓이와 관련해선 남쪽이 북방 한계선을 기준선으로 남북의 수역이 균등하게 포함되도록 하자는 반면, 북쪽은 북방 한계선과 자신들이 주장하는 영해선 사이의 해역을 공동 어로 수역으로 삼자고 맞서 왔다.
어차피 북방 한계선 이남 수역의 상당 부분이 어로 통제선으로 규정돼 남쪽 어선 출입도 제한되는 만큼, 남쪽 수역을 상당 부분 포함시킬 수 있다는 지적도 남쪽 일부에서 나온다.
그러나 북방 한계선 이남 수역만을 설정할 경우 일방적 양보라는 비판도 나올 수 있다.
한 당국자는 “꼭 균등하진 않더라도 북쪽도 북방 한계선 이북 수역 일부를 공동 어로 수역으로 내놓아야 하지 않겠느냐“고 지적했다.
개성~해주~인천 '삼각 산업 연계 판로 확보 유리 [10.4 공동 선언 서해 평화 특별 지대]경제 특구 해주 직항로 '한강 하구 공동 이용' 남 골재난 해결/북 수해 방지 '일석이조' 남북 정상이 이번에 합의한 '서해 평화 협력 특별 지대'는 개성 공단에 잇어 '평화와 번영'을 결합한 또 하나의 새롭ㄴ 평화 경제 사업이라고 할 수 있다.
노무현 대통령도 4일 도라산 남북출입사무소(CIQ)에서 열린 정상회담 보고회 연설에서 “가장 핵심적인, 가장 진전된 합의가 바로 이 부분“이라고 강조하기도 했다.
서해 평화 협력 특별 지대 개발은 경제 특구 건설과 해주항 활용 민간 선박의 해주 직항로 통과 공동 어로 구역과 평화 수역 설정 한강 하구 공동 이용 등 해주 지역과 주변 해역을 사업 영역으로 두고 있다.
개성 공단이 '육지 프로젝트'이었다면, 이번 서해 평화 협력 특별 지대는 '육지와 바다를 결합한 프로젝트라고 할 수 있다.
해주 권역을 중심으로 군사적 갈등이 잠복하고 있던 서해상 북방 한계선(NLL) 인근 바다를 활용하는 문제를 포괄하고 있기 때문이다.
송정호 우석대 교수는 “안보 불안 요인이 상존하던 서해 지역에서 '실질적인' 평화를 확보하는 의미와 함께, 그동안 군사적 미보장으로 답보 상태에 놓여 있던 경제 교류 협력 사안들의 돌파구가 마련됐다“고 의미를 부여했다.
평화 협력 특별 지대는 남북 각자가 요구해 온 사안들을 하나의 프로젝트로 용광로처럼 녹여 놨다.
남쪽은 1990년대 후반부터 수도권과 개성 공단의 연계 개발이 가능한 해주 지역에 제2의 특구 개발을 의욕적으로 추진해 왔다.
그러나 북한은 서해 쪽 해군 전력의 60% 가량이 밀집된 해주 지역에 특구를 설정하는 것을 꺼려 왔다.
이에 비해 북쪽은 지난 5월 장성급 회담부터 해주 직항로 허용을 남쪽에 줄기차게 요구해 왔다.
북한은 서해 공해상으로 가기 위해 백령도까지 돌아 나가면서, 적지 않은 경제적 비용을 치러 왔다.
결국 북은 해주 지역(강령군 등 검토) 경제 특구를 수용하고, 남은 북쪽 민간 선박의 해주 직항로를 받아들인 셈이다.
남쪽의 아이디어와 북쪽의 통 큰 수용이 빚어 낸 작품인 셈이다.
해주에 육상 공단이 건설되고 해주~인천을 잇는 해상 수송로가 개발되면, 개성~해주~인천 사이 삼각 산업 연계가 가능해진다.
노 대통령도 “해주 지역의 특별 지대 설정은 개성, 인천과 관련해 매우 시너지 효과가 큰 경제적 효과가 있을 것“이라고 설명했다.
평화 정착뿐만 아니라, 남북 어민과 기업에도 직접적인 혜택이 돌아간다.
공동 어로 구역 설정이나 한강 하구 공동 이용 사업은 서해상 군사적 보장 문제로 이행이 늦어졌지만 이번 회담에서 '특별 지대' 프로젝트에 포함되고 국방장관 회담을 통한 논의를 통해 이행력을 확보할 수 있게 됐다.
특히 한강 하구 공동 이용 사업은 한강 하구 북쪽의 모래 채취를 통해 남쪽은 수도권의 골재난을 해결하고, 북쪽은 경제적 수익을 올리고 임진강 수해를 방지하는 '일석이조' 효과를 가져 올 것으로 예상된다.
서명식 '일사천리'김 위원장 포도주 또 '원샷' [10.4 공동 선언 서명식 환송 오찬 안팎] 두 정상, 귓속말 속삭이는 등 시종일관 친근감 표시 김 위원장 “김대중 대통령도 이 자리에 앉으셨다“노무현 대통령과 김정일 국방위원장의 '남북 관계 발전과 평화 번영을 위한 선언문' 서명 작업은 군더더기 없이 일사천리로 진행됐다.
이어진 김 위원장 주최의 환송 오찬에서는 북쪽의 김영일 내각 총리와 남쪽의 이재정 통일부 장관이 차례로 두 정상의 건강을 기원해 눈길을 끌었다.
4일 오후 1시 김 위원장이 선언문 서명을 하기 위해 노 대통령의 숙손 백화원 영빈관에 도착했다.
비교적 밝은 표정의 김 위원장은 노 대통령과 악수를 나누며 “안녕하십니까.
편히 쉬셨습니까“라고 인사말을 건넸다.
이날 아침 평화자동차와 서해 갑문 등을 둘러본 뒤 돌아온 노 대통령은 “아침에 서해 갑문 잘 다녀왔습니다“라고 답했다.
곧바로 두 정상은 준비된 서명식장에 입장했다.
두 정상은 나란히 걷어 가며 손을 내밀어 서로 먼저 들어가라고 권하는 등 배려하는 모습을 보였다.
또 김 위원장은 잠시 오른손을 노 대통령의 오른쪽 등에 살짝 올려 친근감도 나타냈다.
남북 실무진 사이에 사전 작업이 충분했던 덕분인지 두 정상은 서명식장에 입장하자마자 곧바로 테이블에 마주 앉아 서명했다.
양쪽 실무진은 전날 오전과 오후 두 차례의 정상회담이 끝난 직후부터 이날 오전까지 선언문 문구 조율 작업을 거친 것으로 알려졌다.
서명을 마친 두 정상은 선언문을 교환한 뒤 악수하며 밝은 표정으로 사진 촬영을 위해 잠시 자세를 잡았다.
이때 노 대통령이 김 위원장에게 귓속말로 뭔가를 속삭였고, 곧 잇어 두 정상은 맞잡은 손을 취재진을 향해 높이 들어 보였다.
두 정상은 샴페인으로 축배를 들었고 배석자들 사이에서 박수가 쏟아졌다.
이날 두 정상이 서명하는 동안 남쪽에선 권오규 경제 부총리, 이재정 통일부 장관, 김만복 국정원장, 백종천 청와대 안보실장이, 북쪽에선 김영일 내각 총리, 김일철 인민무력부장, 김양건 통일전선부 부장이 두 정상의 뒤에 각각 섰다.
북쪽에서 김 총리와 김 인민무력부장이 배석한 것은 이날 합의에 따라 북쪽 회담의 주역이 될 두 사람을 배려한 조처로 보인다.
두 정상은 서명식을 모두 마친 뒤 환송 오찬이 예정된 백화원 영빈관 오찬장으로 이동했다.
테이블에 앉은 뒤 김 위원장은 옆 자리의 노 대통령에게 “(2000년에) 김대중 대통령도 이 자리에 앉으셨다“고 설명했다.
원탁 모양의 테이블 중앙에는 노 대통령이 앉았고, 그 왼편에 김 위원장, 오른편에 권양숙씨가 자리잡았다.
이 자리에서 노 대통령은 시종 웃음을 보인 데 비해 김 위원장은 표정의 변화가 많지 않았다.
그러나 두 정상은 종종 서로 고개를 기울여 이야기를 나누며 친근감을 나타냈다.
북쪽의 김영일 총리가 먼저 건배사를 했다.
김 총리는 “국방위원회 위원장 동지와 노무현 대통령께서 역사적인 선언을 채택하신 데 대해 모두의 마음을 합쳐 열렬한 축하를 드린다“며 “오늘 선언은 온 겨레에게 새롭ㄴ 힘과 신실을 안겨 주고 있다“고 말했다.
그는 잇어 “노 대통령 내외분의 건강을 위해, 국방위원회 위원장 김정일 동지의 건강을 위해, 이 잔을 들ㄹ 것을 제의한다“고 건배를 제의했다.
남쪽 대표로는 이재정 통일부 장관이 일어나 답사를 했다.
이 장관은 “만남은 모든 것의 시작이라고 생각한다“며 “남북 정상께서는 만남 자체의 의미를 넘어서 민족의 장래에 하나같이 소중하고 뜻 깊은 합의를 이뤄 냈다“고 말했다.
이 장관도 “대통령 내외와 김정일 국방위원장의 건강을 위해 잔을 들ㄹ 것을 제의한다“며 잔을 들었다.
건배사와 답사가 끝나자 김 위원장은 노 대통령 내외와 권 부총리, 김우식 부총리와 차례로 잔을 부딪쳤고, 답사를 한 이 통일부 장관도 김 위원장 자리로 다가와 잔을 부딪쳤다.
이날 행사는 여러모로 2000년 정상회담 때와 비교됐다.
2000년에는 김 위원장이 6.15 공동 선언 서명식에 배석한 남쪽 수행원들과 일일이 잔을 부딪쳤다.
김대중 당시 대통령도 김 위원장을 배석했던 김용순 아태평화위원장(사망)과 잔을 맞대며 자축했다.
그러나 이날 서명식에서는 두 정상끼리만 잔을 부딪친 뒤 축배를 들었다.
또 2000년에는 합의문 실무 작업을 총괄한 임동원 특별 보좌역과 김용순 아태평화위원장이 두 정상의 곁에 앉아 서명을 지켜 봤으나, 이 날은 정상 둘만 마주 앉았다.
변하지 않은 것도 있었다.
김대중 전 대통령이 마련한 답례 만찬에서 그렀듯이 김 위원장은 이날도 단번에 마셨다.
노 대통령은 포도주를 조금 남겼다.
남북 관계 발전과 평화 번영을 위한 선언 (전문) 대한민국 노무현 대통령과 조선민주주의인민공화국 김정일 국방위원장 사이의 합의에 따라 노무현 대통령이 2007년 10월 2일부터 4일까지 평양을 방문했다.
방문 기간 중 역사적인 상봉과 회담들이 있었다.
상봉과 회담에서는 6.15 공동 선언의 정신을 재확인하고 남북 관계 발전과 한반도 평화, 민족 공동의 번영과 통일을 실현하는 데 따른 제반 문제들을 허심탄회하게 협의했다.
쌍방은 우리 민족끼리 뜻과 힘을 합치면 민족 번영의 시대, 자주 통일의 새 시대를 열어 나갈 수 있다는 확신을 표명하면서 6.15 공동 선언에 기초해 남북 관계를 확대.발전시켜 나가기 위해 다음과 같이 선언한다.
1. 남과 북은 6.15 공동 선언을 고수하고 적극 구현해 나간다.
남과 북은 우리 민족끼리 정신에 따라 통일 문제를 자주적으로 해결해 나가며 민족의 존엄과 이익을 중시하고 모든 것을 이에 지향시켜 나가기로 했다.
남과 북은 6.15 공동 선언을 변함 없이 이행해 나가려는 의지를 반영해 6월 15일을 기념하는 방안을 강구하기로 했다.
2. 남과 북은 사상과 제도의 차이를 초월해 남북 관계를 상호 존중과 신뢰 관계로 확고히 전환시켜 나가기로 했다.
남과 북은 내부 문제에 간섭하지 않으며 남북 관계 문제들을 화해와 협력, 통일에 부합되게 해결해 나가기로 했다.
남과 북은 남북 관계를 통일 지향적으로 발전시켜 나가기 위해 각기 법률적 제도적 장치들을 정비해 나가기로 했다.
남과 북은 남북 관계 확대와 발전을 위한 문제들을 민족의 염원에 맞게 해결하기 위해 양측 의회 등 각 분야의 대화와 접촉을 적극 추진해 나가기로 했다.
3. 남과 북은 군사적 적대 관계를 종식시키고 한반도에서 긴장 완화와 평화를 보장하기 위해 긴밀히 협력하기로 했다.
남과 북은 서로 적대시하지 않고 군사적 긴장을 완화하며 분쟁 문제들을 대화와 협상을 통해 해결하기로 했다.
남과 북은 한반도에서 어떤 전쟁도 반대하며 불가침 의무를 확고히 준수하기로 했다.
남과 북은 서해에서의 우발적 충돌 방지를 위해 공동 어로 수역을 지정하고 이 수역을 평화 수역으로 만들기 위한 방안과 각종 협력 사업에 대한 군사적 보장 조치 문제 등 군사적 신뢰 구축 조치를 협의하기 위해 남측 국방부 장관과 북측 인민무력부 부장 간 회담을 금년 11월 중에 평양에서 개최하기로 했다.
4. 남과 북은 현 정전 체제를 종식시키고 항구적인 평화 체제를 구축해 나가야 한다는 데 인식을 같이하고 직접 관련된 3자 또는 4자 정상들이 한반도 지역에서 만나 종전을 선언하는 문제를 추진하기 위해 협력해 나가기로 했다.",423,31606
iks_doc_2007_hankyoreh_003,Hankyoreh 2007 annotated text file unicode.txt,Hankyoreh,한겨레,2007,2007_october_summit,남과 북은 한반도 핵 문제 해결을 위해 6자 회담,,"9.19 공동 성명과 2.13 합의가 순조롭게 이행되도록 공동으로 노력하기로 했다.
5. 남과 북은 민족 경제의 균형적 발전과 공동의 번영을 위해 경제 협력 사업을 공리 공영과 유무상통의 원칙에서 적극 활성화하고 지속적으로 확대 발전시켜 나가기로 했다.
남과 북은 경제 협력을 위한 투자를 장려하고 기반 시설 확충과 자원 개발을 적극 추진하며 민족 내부 협력 사업의 특수성에 맞게 각종 우대 조건과 특혜를 우선적으로 부여하기로 했다.
남과 북은 해주 지역과 주변 해역을 포괄하는 서해 평화 협력 특별 지대를 설치하고 공동 어로 구역과 평화 수역 설정, 경제 특구 건설과 해주항 활용, 민간 선박의 해주 직항로 통과, 한강 하구 공동 이용 등을 적극 추진해 나가기로 했다.
남과 북은 개성공업지구 1 단계 건설을 빠른 시일 안에 완공하고 2 단계 개발에 착수하며 문산/봉동 간 철도 화물 수송을 시작하고, 통행 통신 통관 문제를 비롯한 제반 제도적 보장 조치들을 조속히 완비해 나가기로 했다.
남과 북은 개성/신의주 철도와 개성/평양 고속도로를 공동으로 이용하기 위해 개보수 문제를 협의 추진해 가기로 했다.
남과 북은 안변과 남포에 조선 협력 단지를 건설하며 농업, 보건 의료, 환경 보호 등 여러 분야에서의 협력 사업을 진행해 나가기로 했다.
남과 북은 남북 경제 협력 사업의 원활한 추진을 위해 현재의 남북경제협력추진 위원회를 부총리급 남북경제협력공동위원회로 격상하기로 했다.
6. 남과 북은 민족의 유구한 역사와 우수한 문화를 빛내기 위해 역사, 언어, 교육, 과학 기술, 문화 예술, 체육 등 사회 문화 분야의 교류와 협력을 발전시켜 나가기로 했다.
남과 북은 백두산 관광을 실시하며 이를 위해 백두산/서울 직항로를 개설하기로 했다.
남과 북은 2008년 북경 올림픽 경기 대회에 남북 응원단이 경의선 열차를 처음으로 이용해 참가하기로 했다.
7. 남과 북은 인도주의 협력 사업을 적극 추진해 나가기로 했다.
남과 북은 흩어진 가족과 친척들의 상봉을 확대하며 영상 편지 교환 사업을 추진하기로 했다.
이를 위해 금강산면회소가 완공되는 데 따라 쌍방 대표를 상주시키고 흩어진 가족과 친척의 상봉을 상시적으로 진행 하기로 했다.
남과 북은 자연 재해를 비롯해 재난이 발생하는 경우 동포애와 인도주의, 상부상조의 원칙에 따라 적극 협력해 나가기로 했다.
8. 남과 북은 국제 무대에서 민족의 이익과 해외 동포들의 권리와 이익을 위한 협력을 강화해 나가기로 했다 남과 북은 이 선언의 이행을 위해 남북 총리 회담을 개최하기로 하고, 제 1차 회의를 금년 11월 중 서울에서 갖기로 했다.
남과 북은 남북 관계 발전을 위해 정상들이 수시로 만나 현안 문제들을 협의하기로 했다.",17,1329
iks_doc_2007_hankyoreh_004,Hankyoreh 2007 annotated text file unicode.txt,Hankyoreh,한겨레,2007,2007_october_summit,2007년 10월 4일 평양 대한민국 대통령,"노무현 조선민주주의인민공화국
국방 위원장
김정일","“예상 뛰어넘는 진전“'남북 공동 번영' 가속 페달 '경협 확대 평화 정착' 공감대 차기 정권 '후진' 방지 흔적도 노무현 대통령과 김정일 국방위원장이 4일 평양 백화원 영빈관에서 서명한 '남북 관계 발전과 평화 번영을 위한 선언'(2007 선언)은 애초 예상을 훌쩍 뛰어넘는 내용을 포괄적이고 구체적으로 아우르고 있다.
한 전문가는 “입이 다물어지지 않을 정도“이라는 말로 놀라움을 표시했다.
노 대통령은 도라산 남북출입사무소에서 이루어진 귀환 보고 대회에서 “가져 간 보따리가 작아 짐을 다 싸 오지 못할 만큼 성과가 좋았다고 생각한다“고 자평했다.
10.4 공동 선언은 상호 존중 원칙에 따라, 평화 정착과 공동 번영을 추구한다는 미래 전망을 세우고, 구체적 실천 체계와 방안을 다양하게 담고 있다.
한마디로 '평화 정착과 경제 협력의 선순환'을 통한 민족 공동의 번영을 추구하고 있다고 할 수 있다.
남북 관계 후퇴 방지 평화 번영 선언의 특징은 정상회담 합의문답지 않게 세부 실천 방안을 지나칠 정도로 많이 담고 있다는 점이다.
정상회담에서 '원칙'을, 하위 회담에서 '세부 실천 방안'을 다루는 일반적 관례와 다르다.
이는 노 대통령의 임기가 몇 달 남지 않았다는 점과 남쪽의 다음 정권에서도 연속성을 확보해야 한다는 고려가 강하게 작용한 것으로 풀이된다.
큰 틀의 방향과 원칙뿐만 아니라 총리 회담과 부총리급 경제 공동위 등 실천 체계, 세부 실천 사항을 촘촘하게 담아 남쪽 정권의 변화와 무관하게 '후진 방지 턱'을 만들려 했다.
이봉조 통일연구원장은 “김 위원장이 6.15 공동 선언의 촉진을 통한 남북 관계 진전이 북쪽에 이익이 된다는 판단을 한 것으로 본다“며 “이런 합의가 북/미 관계 진전에 도움이 된다는 전략적 고려도 작용했을 것“이라고 지적했다.
다른 한편, 구갑우 북한대학원 대학교 교수는 “합의 내용의 대부분에 남쪽 관심사가 반영됐다“며 “북쪽의 어렵ㄴ 처지와 고민을 보여 주는 대목“이라고 지적했다.
평화와 경제의 선순환 고리 찾기 노 대통령과 김 위원장은 상호 관심사의 연결 고리를 찾는 방식으로 '중요하지만 예민한 현안'의 해법을 마련했다.
서해상 평화 정착과 서해안 개발을 사실상 연계한 것이 그렇다.
양쪽이 예민한 현안인 서해 북방 한계선(NLL) 문제를 다루게 될 국방장관 회담을 다음 달 열기로 하는 한편, 군사 분계선에 인접한 해주 지역에 '서해 평화 협력 특별 지대'를 설치해 새롭ㄴ 특구 건설 등을 추진하기로 한 것이 그렇다.
노 대통령도 “이번 선언에서 가장 핵심적이고 진전된 합의는 서해 평화 협력 특별 지대를 만들기로 한 것“이라고 자평했다.",15,1285
iks_doc_2007_hankyoreh_005,Hankyoreh 2007 annotated text file unicode.txt,Hankyoreh,한겨레,2007,2007_october_summit,"“경협을 위한 투자를 장려하고 기반 시설 확충과 자원 개발을 적극 추진“하기로 하고, 개성 신의주",,"철도와 개성 평양 고속도로의 공동 이용을 위해 개보수 문제를 협의 추진하기로 한 것도 마찬가지다.
노 대통령은 엄청난 재원이 투입될 북쪽의 사회 기반 시설 현대화를 지원하기로 약속함로써, 개혁 개방을 '체제 전환 시도'라고 의심해 온 김 위원장한테서 경협 확대라는 '결단'을 얻어 낸 셈이다.
차관급인 경제협력추진위원회를 부총리급 경제공동위로 격상시킨 대목에서 이런 합의에 대한 두 정상의 '실천 의지'를 읽을 수 있다.
1992년 남북 기본합의서의 '공동위' 개념이 2000년 남북 정상회담 이래 처음으로 이번 합의에 명시돼 되살아 난 대목도 중요하다.
기본합의서는 '통일에 이르는 모든 방안을 담고 있다'는 평가를 받지만, 제대로 실천되지 못하았다.
서동만 상지대 교수는 “북쪽은 경협 진전 정도에 군사적 신뢰 조처의 보조를 맞춰 왔다“며 “이번 합의도 남쪽이 얼마나 약속을 지킬 수 있느냐가 중요하다“고 지적했다.
통일보다 공존과 번영 강조 6.15 공동 선언 2항에 명시된 '연합연방제 통일 방안에 대한 언급이 전혀 없다는 점도 특징적이다.
두 정상이 '당위적 통일'에 초점을 맞추기보다는 '공존과 평화 번영'이라는 현실을 택한 것으로 볼 수 있다.
한편, 두 정상이 종전 선언을 위해 '3자 또는 4자 정상'회담 추진에 협력하기로 해, 정전 체제를 평화 체제로 전환하는 과정에서 남북이 주도적으로 대응하겠다는 의지를 명확히 한 점도 특기할 만하다.
다만, 남북 간 합의에 '다른 나라 정상'이 언급된 대목은 해당국의 반응에 따라 미묘한 외교 문제를 불러 올 수도 있다.
'한반도 종전 선언' 3 4개 국 정상회담 추진 다음 달 서울 총리 회담, 평양 국방장관 회담 서해 평화 협력 특별 지대 해주 경제 특구 추진 금강산 상봉 상시화 백두산~서울 직항로 개설 노무현 대통령과 김정일 북한 국방위원장은 한반도 정전 체제 종식과 평화 체제 전환을 위해 남북한과 미국 등 3 4개 국 정상들이 한반도에서 종전 선언을 하는 방안을 적극적으로 추진하기로 했다.
두 정상은 또 남북 사이에 긴장을 조성해 온 서해안 지역에 '서해 평화 협력 특별 지대'를 설치하기로 했다.
두 정상은 4일 평양에서 남북 정상회담을 마무리하면서 이런 내용을 뼈대로 한 10개 항의 '남북 관계 발전과 평화 번영을 위한 선언'에 서명했다.
남북은 이런 협력 방안을 구체화하기 위해 11월에 첫 총리급 회담과 2차 남북 국방장관 회담을 열기로 했다.
이는 총리를 포함한 경제 군사 등 각료 급 협의 기구의 확대와 함께 남북 연합 단계 이행을 위한 성과로 평가된다.
남북은 정상이 수시로 만나기로 하는 등 정상회담의 정례화도 합의했다.
그러나 김 위원장은 노 대통령의 서울 답방 요청에 대해 “여건이 성숙될 때까지 미루는 것이 좋겠다“며 받아 들이지 않았다고 노 대통령은 밝혔다.
김 위원장은 대신 김영남 최고인민회의 상임 위원장의 서울 방문을 제의했다.
공동 선언은 남북 경제 공동체 구상의 실현을 위한 구체적 협력 방안으로서, 해주와 주변 해역을 포괄하는 서해 평화 협력 특별 지대를 설치해 공동 어로 수역 설정 경제 특구 건설 민간 선박의 해주 직항로 통과 한강 하구 공동 이용 등을 적극 추진하기로 했다.
또 개성 공단 2 단계 개발 착수와 문산 봉동 철도 화물 수송, 개성 신의주 철도와 개성 평양 고속도로 공동 이용을 위한 개보수 등도 조속히 협의하기로 했다.
북한의 남포와 안변 지역에 개성 공단식 형태의 '조선 협력 단지'를 건설해, 농업 보건 의료 환경 보호 등의 협력 사업도 진행해 나가기로 했다.
한반도 비핵화 문제에 대해서는, 기존의 6자 회담과 9.19 공동 성명, 2.13 합의가 순조롭게 이행되도록 함께 노력하기로 했다.
두 정상은 또 한반도의 전쟁 반대와 함께 남북 불가침 의무를 확고히 준수하기로 합의하고, 분쟁 문제들을 대화와 협상을 통해 해결하기로 했다고 밝혔다.
남북 관계를 통일 지향적으로 발전시켜 나갈 법률 제도적 장치 정비 방침도 담았다.
남북은 이산가족 상봉 확대를 위해 영상 편지 교환 사업을 추진하고, 금강산 면회소가 완공되는 대로 양쪽 대표를 상주시켜 상시 상봉을 추진하기로 했다.
백두산 관광을 위해 백두산 서울 직항로를 개설하는 한편, 2008년 8월 베이징올림픽에 남북 응원단이 경의선 열차를 타고 참가하기로 했다.
정부, 통일 지향적 법제 정비 작업 착수 국가보안법 상호주의 접근, 경제 특구 특별법 제정 필요 남북 정상이 4일 `10.4 선언'을 통해 남북 관계를 통일 지향적으로 발전시키기 위해 각각 법률과 제도를 정비하기로 합의함에 따라 정부는 손질 내지 보완이 필요한 법제를 선정하는 작업에 착수했다.
정비 대상이 될 법제는 국가보안법처럼 개폐 자체만으로 상징적 의미를 지니는 법률에서부터 경제 협력 활성화에 필요한 각종 제도에 이르기까지 다양하며 사안에 따라 정부가 접근하는 방식도 달라질 것으로 보인다.
◇ TF 구성, 손질 대상 법제 선정 검토 착수 법무부 관계자는 이날 “정상회담 합의 내용에 맞춰 어떤 법제를 개선 보완 대상으로 삼아야 할 지를 검토하고 있으며 향후 당국자 회의 및 후속 회담 과정에서 윤곽이 나오게 될 것“이라고 말했다.
법무부에서는 한상대 법무 실장과 전현준 특수 법령 과장을 각각 팀장 부팀장으로 한 10명의 정상회담 관련 태스크포스(TF)팀을 구성해 이번 회담 및 합의안 이행에 대비해 왔다.
이에 따라 법무부는 정비될 법제들 중 국내법 차원에서 개정 신설해야 할 분야 북측과 상호주의적 견지에서 수정 보완 작업을 벌여야 할 부분 사안의 시급성이나 제도 손질의 용이성 등에 비춰 먼저 손을 대야 할 부분 등을 가려내는 작업을 벌일 것으로 관측된다.
◇ 국가보안법 손질 `사안 복잡' 남북이 상호 체제를 인정하며 통일 지향적으로 법제를 정비하자고 합의한 내용에서 가장 먼저 연상되는 국내 법률은 국가보안법이다.
그러나 국가보안법은 이미 국회에 폐지 법안이 계류 중인 데다 국민 여론은 물론이고 수사 기관의 의견을 수렴하는 절차가 필요한 사안이어서 법무부가 당장 구체적인 정비에 착수하기는 어려워 보인다.
더구나 대남 적화 통일을 목표로 한 노동당 규약의 폐지 문제 등 북측의 법제 정비에 발맞춰 상호주의적으로 접근해야 할 속성 또한 있어 사안이 복잡한 면이 있다.
◇ 경제 협력 위한 장애물 제거에 주력 경제 교류 협력 활성화에 필요한 법제의 경우, 보다 실질적인 속성을 띠고 있고 국내법 차원에서 해결될 부분도 많은 만큼 정부가 먼저 정비에 주력할 가능성이 높다.
실제로 2000년 정상회담 및 후속 협의 과정에서 남북은 경협을 활성화하기 위한 각종 제도적 장치를 마련하는 데 합의했지만 북측의 미사일 발사 등으로 논의가 진전되지 못하아 제대로 정비 안 된 법제들이 많다.
일례로 남북은 경협에 참여한 기업들이 사업상의 분쟁에 휘말렸을 경우 이를 해결해 주는 기군 상사중재위원회를 설치하기로 했지만 아직 위원회 구성조차 이루어지지 못하았다.
북한 지역에서 경제인 등 남측 국민이 형사 사건에 연루됐을 때 이를 처리하는 절차도 아직 완비되지 못하았다.
개성 공단이나 금강산에서 남측 국민이 형법에 저촉되는 행위를 하면 남측으로 추방 후 사법 처리되는 반면 범법 행위가 `엄중할' 경우 이런 절차를 따르지 않기로 규정해 놨지만 구체적으로 어떻게 사건을 처리할 지에 대한 부속 합의가 마련되지 못한 것이다.
아울러 개성과 금강산이 아닌 타 지역에서 남측 국민이 형사 사건에 연루됐을 경우에 대한 처리 절차도 규정돼 있지 않은 실정이다.
◇ 국내 법적 보완도 필요 정부는 경협 범위 확대에 따라 국내 법적인 보완도 필요하다고 보고 있다.
경협에 진출한 국내 기업들을 우대해 주기 위해 개성공업지구 지원에 관한 특별법이 시행 중이지만 법 적용 범위가 개성 공단에 한정돼 있다.
남북 교류 협력법도 경협이 활성화되지 못한 1990년대에 제정된 것이어서 서해 평화 협력 특별 지대 설치, 안변 남포 조선 협력 단지 등 이번 합의로 규모가 커 질 경제 특구 관련 제도를 국내 법적으로 소화하려면 법 신설 내지 개정이 필요하다.
이에 따라 정부는 북한 내의 경제 특구에서 국내 기업의 경제 활동을 보장해 주는 특별법을 새로 만드는 방안 등을 검토하고 있다.
김 위원장 “건강 문제 없다“다시 언급 “심장병 분야 약해 연구시키는 것을 남 언론 잘못 보도“남북 정상 간의 `남북 관계 발전과 평화 번영을 위한 선언' 서명에 잇어 김정일(金正日) 국방위원장이 4일 낮 백화원 영빈관에서 마련한 환송 오찬은 시종일관 화기애애한 분위기 속에서 2시간 남짓 진행됐다.
노무현(盧武鉉) 대통령과 김 위원장은 식사 도중 테이블 위에 마련된 와인으로 건배를 주고 받으며 대화를 계속했고, 다른 테이블에 앉아 있던 남측 수행원과 북측 참석자들도 테이블별로 일어나 남북 관계 진전과 양 정상들의 건강을 기원하는 건배를 이어 갔다.
오찬 도중 두 정상도 자리에서 일어나 다른 테이블들로 걸어 가 참석자들과 일일이 건배를 하기도 했다.
이 때문에 오찬이 끝날 때쯤 두 정상의 얼굴이 홍조를 띠기도 했다.
오찬 분위기가 무르익자 이재정 통일부 장관이 일어나 즉석에서 특별 수행원 일행으로 참석해 있던 안숙선 명창을 소개하며 노래를 청했다.
안숙선 명창은 자리에서 일어나 판소리 춘향전 중에서 `사랑가'를 부르며 흥을 돋웠다.
전날 남측 주최 만찬에서 안숙선 명창의 판소리에 북을 치면서 장단을 맞췄던 도올 김용옥 전 교수는 즉석에서 테이블을 손바닥으로 두드리며 `즉석 고수'로 나서 눈길을 끌기도 했다.
한편 김 위원장은 오찬 도중 “(남측 언론에서) 내가 마치 당뇨병에, 심장병까지 있는 것처럼 보도하는 데, 사실은 전혀 그렇지 않다“며 다시 한 번 자신의 건강 문제에 대해 언급했다.
김 위원장은 전날 정상회담에서 자신이 직접 영접한 데 대한 노 대통령의 사의 표명에 “환자도 아닌데“라고 유머를 구사, 자신의 건재를 과시했었다.
김 위원장은 “우리가 심장병 연구가 좀 약해서 사람들도 불러다가 (심장병) 연구도 시키고, 보완하고 있는 데 잘못 보도들을 하고 있다“면서 “내가 조금만 움직여도 크게 보도들을 하고 있다.
기자가 아니라 작간 것 같다“고 말해 오찬장에서 웃음이 터져 나 오기도 했다.
하지만 김 위원장은 “그래도 (남측에서) 나에 대해 크게 보도하고 있어서 기분이 나쁘지는 않다“며 여유 있는 모습을 보이기도 했다.
오후 3시 15분께 오찬을 마친 뒤 노 대통령은 오찬장에서 백화원 영빈관 현관까지 걸어 나 와 김 위원장과 작별 인사를 나눴다.
김 위원장은 “(오늘은) 이제 마지막입니다“라고 말했고 두 정상은 “건강하십시오“라는 인사를 주고 받았다.
김 위원장이 백화원 영빈관을 떠난 뒤 노 대통령은 오찬에 참석했던 수행원들과 영빈관 내부에 있는 금강산 총석정 파도 그림 앞에서 함께 기념 촬영을 했다.
노 대통령은 백화원 영빈관 방명록에 `아름답ㄴ 백화원에서, 따뜻한 환대에 감사합니다'이라는 글을 남긴 뒤 평양 중앙식물원에서 열리는 기념 식수 행사에 참석하기 위해 남북정상회담 기간 중 머물렀던 백화원 영빈관을 떠났다.
영국 언론 “당초 예상보다 더 진전“영국 언론은 4일 남북한 정상의 10.4 공동 선언이 당초 예상보다 더 진전된 내용을 담고 있다며 북한 비핵화 6자 회담 합의문 채택에 잇은 남북 정상의 선언으로 한반도에 화해 분위기가 돌고 있다고 논평했다.
BBC는 4일 국제 면 톱뉴스로 노무현 대통령과 김정일 국방위원장이 한반도의 영구적인 평화 협정을 촉구하는 공동 선언에 합의했다며 북한 비핵화 2 단계 조치에 대한 6자 회담 합의문이 채택된 지 하루 만에 남북 정상의 공동 선언이 나왔다고 보도했다.
하지만 BBC 서울 주재 특파원은 역사를 이뤄 냈다는 인식 속에서도 선언의 구체적 내용이 중요하다며 7년 전 첫 번째 남북정상회담 때에도 비슷한 낙관론이 감돌았지만 사실상 거의 변한 것이 없다고 많은 사람들이 느끼고 있다고 지적했다.
파이낸셜 타임스 신문은 남북 두 정상이 평화 협정과 경제 협력을 위한 길을 마련하는 선언에 합의했다며 10.4 선언이 전문가들의 예상보다 더 실제적인 내용을 담고 있다고 평가했다.
신문은 그러나 북한은 내놓은 것이 별로 없는 데 반해 한국은 너무나 많은 것을 줬다는 우려가 나올 가능성이 있다고 말했다.
두 정상은 선언문에서 한반도의 평화 협정을 위해 3자 혹은 4자 정상회담을 촉구했지만 정작 한국전 정전에 합의한 당사국은 한국이 아닌 북한, 미국, 중국인 만큼 선언의 효력에 한계가 있을 수 있다고 신문은 말했다.
신문은 북한 전문가 남성욱 고려대 교수의 말을 인용, “우리가 경제 지원으로 너무나 많은 것을 주고 있고, 북한 해주항에서 인천항으로 화물을 싣어 나를 때 북방 한계선(NLL) 침범 문제가 나올 것이라고 생각한다“고 말했다.
더 타임스 신문은 국제 면 톱기사에서 남북한 정상의 공동 선언이 일부 전문가들이 예상했던 것보다 더 나아갔으며, 일부에서는 돌파구를 마련했다고 환영하고 있다고 전했다.
그러나 비판론자들은 남북 정상 선언이 북한 인권 문제나 첨예한 현안인 북한 핵 문제를 피해 갔다고 지적하고 있다고 신문은 말했다.
정상회담 대선에 어떤 영향 미치나 평양 떠나는 노 대통령 (평양 연합뉴스) 4일 오후 평양 인민문화궁전 앞에서 열린 환송식을 마친 노무현 대통령이 차에 올라 환송하는 평양 시민들을 향해 손을 흔들고 있다.
노무현(盧武鉉) 대통령과 북한 김정일(金正日) 국방위원장이 4일 `남북 관계 발전과 평화 번영을 위한 선언' 10개 항에 합의함에 따라 남북 평화 이슈가 불과 76일 앞으로 다가온 17대 대선에 주요 변수로 떠오를 수 있을 지 주목된다.
비록 첫 남북정상회담이 이루어진 2000년에 비해 차분한 분위기에서 진행됐지만 남북 경협과 대화 채널 다각화 등 남북 정상 간 합의 내용에는 실질적이고 대담한 진전이라고 평가 받을 만한 항목들이 다수 포함됐다.
이 때문에 대선을 목전에 둔 정치권은 그간 `2007년 남북 정상 선언'을 계기로 경제 이슈에서 평화 이슈로 이번 대선의 화두가 전환되지 않을까 촉각을 곤두세우고 있다.
대통합민주신당을 비롯한 범여권은 이번 남북정상회담이 유권자들에게 차기 정권의 성격과 남북 평화 진전의 연관성에 대해 다시 한 번 생각해 보는 기회로 작용하면서 결국 대선에 호재로 작용할 것이라고 기대한 반면 한나라당은 향후 대선 정국에 별다른 영향을 미치지 못할 것이라는 대조적인 평가를 내놓았다.
신당 정동영(鄭東泳) 후보 측 민병두 의원은 “남북 화해 협력의 성과를 지속 발전시키기 위해서는 누가 집권하는 것이 옳은가에 대한 이성적인 물음이 시작될 수밖에 없다“고 전망했고, 손학규(孫鶴圭) 후보 측 송영길 의원은 “한나라당 이명박(李明博) 후보가 조지 부시 미국 대통령과의 면담에 실패했는 데 남북 합의에 잇어 북미 관계가 국교 정상화로 급진전된다면 한나라당 세력이 감당 하기 힘들ㄴ 상황이 될 것“이라고 주장했다.
이해찬(李海瓚) 후보 측 윤호중 의원은 “남북정상회담을 차기 대통령에게 넘기라고 했던 분들은 이번에 획기적 합의를 이룬 데 대해 당황스러워 할 것“이라면서도 “여야의 유불리를 따질 사안은 아니다“고 말했다.
하지만 범여권 내에서도 대선 판세를 근본적으로 바꾸지는 못할 것이라는 평가가 없지 않고, 학계와 여론 조사 전문가들은 신당 경선이 혼탁과 비방전으로 얼룩지면서 남북 정상 선언의 후광을 받지 못하는 상황을 자초했다는 지적도 나왔다.
신당 김태년 의원은 “정상회담이 민주 개혁 진영에 나쁘지는 않겠지만 판을 확 뒤집거나 바꿀 것이라고는 보지는 않는다“고 말했다.
경희대 김민전 교수는 “남북 간 합의가 몇 차례 있었지만 합의와 실천은 다른 문제라는 점을 유권자가 잘 알고 있어 큰 영향은 없을 것“이라며 “설사 이번 정상 간 합의가 국민의 지지를 얻는다 해도 수혜자가 될 만한 범여권 후보가 존재하지 않는 데다 경선도 못 치러 난린 상황에서 덕 보기는 힘들ㄹ 것“이라고 지적했다.
정치 컨설팅사 폴컴 윤경주 대표도 “범여권에 유리한 환경이지만 경선 과정의 파열음이 워낙 커서 특정 후보가 혜택을 입기는 어렵ㄹ 것“이라며 “오히려 한나라당과 이 후보가 서해 평화 협력 특별 지대 설치 등 민감한 합의에 대해 어떻게 반응하느냐가 평화 이슈를 촉발하는 데 변수가 될 것“이라고 예상했다.
한나라당은 이번 남북 정상 간 합의가 북핵 폐기 등 핵심 현안을 비롯해 국군 포로 송환 등 인도적 사안을 제대로 다루지 못한 데다 국민 의식도 대선과 남북 관계를 분리해서 바라볼 정도로 성숙한 상황이어서 별다른 영향이 없을 것이라고 분석했다.
그러나 만의 하나 범여권이 남북 평화 이슈를 대선에 적극 활용할 경우 변수로 부상할 수 있다는 신중한 반응도 나왔다.
한나라당 김재원 당 정보 위원장은 연합뉴스와의 통화에서 “이벤트성 합의 사항 한두 건 말고는 핵심 합의에 대한 구체적 합의가 없다“면서 “범여권은 이번 정상회담을 대선에 이용하려고 피나는 노력을 하겠지만 그러기엔 내용이 너무 부실해 영향을 끼치지는 않을 것“이라고 평가 절하했다.
그러나 김정훈 공보부 대표는 “종전 선언을 위한 3자 또는 4자 정상회담과 관련, 입영을 앞둔 당사자나 부모들의 표심을 자극하기 위한 모병제 공약 등이 나온다면 대선판이 흔들릴 가능성도 배제할 수 없다“고 우려했다.
정상 만남, 2000년과 어떻게 달랐나 총 대면 시간 6 시간 안팎 2000년엔 10시간 회담 시간 의제 의전 분위기 등서도 차이 평양에서 열린 `2007 남북정상회담'이 4일 2박 3일 간의 방북 일정을 모두 마친 가운데 2000년 정상회담과 몇 가지 뚜렷한 차이 점을 드러내 관심을 끈다.
무엇보다 양국 정상이 얼굴을 맞댄 시간은 2000년 정상회담의 절반 수준에 불과했지만 정식 회담 시간은 다소 길었다.
노무현(盧武鉉) 대통령은 회담 이틀짼 3일 오전(2 시간 11분)과 오후(1시간 40분)에 걸쳐 총 3시간 51분 간 김정일 국방위원장과 공식 회담했다.
2000년 김대중 대통령과 김정일 위원장의 공식 회담 시간은 3시간 14분이었다.
두 정상은 당시 회담 이틀째에 오후 3시부터 6시 59분까지, 휴식 시간 45분을 제외하고 마라톤 회담을 벌였었다.
하지만 대면 시간 전체를 따지자면 2000년이 훨씬 길었다.
노 대통령은 2일엔 4.25문화회관에 마중 나온 김정일 위원장과 12분 간 만난 것이 전부며 3일에도 정식 회담 일정을 제외하고는 자리를 함께하지 않았다.
4일 두 시간 정도 오찬을 함께했으니 사흘 간 대면 시간은 총 6시간 안팎이다.
김정일 위원장은 당초 참석이 유력한 것으로 알려졌던 3일 오후 아리랑 공연 관람과 이후 노 대통령이 주최한 답례 만찬에 모습을 드러내지 않았으며 4일 공동 식수와 환송 현장에도 나오지 않았다.
2000년에는 사흘 간의 회담 기간 10시간 정도 자리를 함께 했다.
당시 김대중 대통령은 첫날 평양 순안공항에 마중 나온 김 위원장과 10분 간 만난 뒤 백화원 초대소까지 가는 길에 50분 간 동승한 데 잇어 백화원 초대소에서 27분 간 상견례 성격의 회담을 가졌다.
김 위원장은 둘째 날에도 공식 회담(3시간 14분)에 잇어 저녁 만찬(3시간 5분), 6.15 공동 선언 서명식(15분) 등 6시간 30분 이상 동석했다.
마지막 날에도 두 정상은 김 위원장 초청 오찬에서 약 2 시간 동안 격의 없는 대화를 나눴다.
김 위원장은 이번에 첫날 영접과 둘째 날 공식 회담, 마지막 날 오찬을 제외한 행사에는 참석하지 않았지만 2000년에는 여기에 둘째 날 답례 만찬과 마지막 날 환송 현장 등에도 나섰었다.
따라서 노 대통령이 김 위원장과 만난 횟수는 4회로, 2000년 김대중 대통령(6회) 때보다 2회 적었다.
두 정상이 나눈 주 의제도 다소 달랐던 것으로 보인다.
2000년에는 양 정상이 공식 회담 시간의 절반 이상을 통일 방안을 논의하는 데 할애한 것으로 알려졌지만 이번에는 한반도 평화와 경제 공동체 등 보다 실무적이고 구체적인 사안에 집중했다.
전체적인 분위기도 2000년보다는 전반적으로 많이 차분해졌다는 평가다.
김 위원장은 4.25문화회관 광장에서 노 대통령을 직접 영접하는 등 여전히 최고의 예우를 갖췄지만 표정은 대체로 무뚝뚝했으며 3일 취재진에 공개된 회담 장면에서도 미소를 잃지는 않았지만 2000년 때처럼 밝은 웃음을 보여 주지는 않았다.
3일에는 김 위원장이 돌연 회담을 하루 연장하자고 제안하고 이에 노 대통령이 `경호.의전 쪽과 상의하겠다'며 즉답을 피하자 “대통령이 결정 못 하십니까“라고 되묻는 외교적 결례로도 여겨질 법한 아슬아슬한 장면이 연출되기도 했다.
이 같은 변화는 이번이 남북 정상 간의 두 번째 만남인 데다 김대중 전 대통령은 김정일 위원장보다 16살 손위지만 노 대통령은 4살 아랜 점이 배경이 됐을 것이라는 관측이 많다.
러시아 전문가 “선언의 신속한 이행 필요“남북한 정상이 4일 서명한 `남북 관계 발전과 평화 번영을 위한 선언'에 대해 러시아의 한반도 문제 전문가는 “신뢰를 확인한 만큼 선언의 신속한 이행이 필요하다“고 논평했다.
러시아 과학아카데미 극동문제연구소 알렉산드르 제빈(정치학 박사) 소장은 이날 연합뉴스와의 전화 인터뷰에서 “지난 2000년 첫 정상회담이 양국 간 대화의 물꼬를 열기 위한 첫 정치적 시도였다면 이번 노무현(盧武鉉) 대통령과 김정일(金正日) 국방위원장 간의 2차 정상회담은 1차 회담을 구체화한 것으로 볼 수 있다“고 말했다.
그는 특히 “이번 회담에서 양국 정상이 상호 존중과 신뢰 관계를 다시 한번 재확인한 데다 정치적 문제 외에 경제적, 군사적, 인도적 문제까지 폭넓게 논의하고 성과를 이뤄 낸 것은 높이 평가할 만하다“고 말했다.
그는 잇어 “한반도 문제는 러시아 안보와 경제에도 중요하기 때문에 이번 회담 성과에 대해 이웃 국가로 그간 한반도 평화를 염원해 온 러시아도 크게 반길 것“이라고 전망했다.
그는 “러시아는 남북한 간 경제 프로젝트에 관심이 많은데 특히 철도 연결 사업은 시베리아 횡단 철도와의 연결을 가능하게 해 러시아 경제에 큰 도움이 될 것으로 기대된다“고 말했다.
제빈 소장은 “현재 남북한은 중대한 기로에 서 있으며 그런 점에서 이번 회담은 양국에 중요한 의미를 가지며 이후 전개될 남북 관계에도 상당한 영향을 미칠 것“이라면서 “군사적인 문제에 얽매여 돈과 시간을 낭비할 필요가 없다고 본다“고 강조했다.
그는 통일과 관련해 “이제 평화 선언을 한 이상 시간적으로 낭비할 필요가 없다“며 “어떻게 통일을 할 것인가에 대해 머리를 맞댈 때가 왔으며 경제 분야 외에 언어, 교육, 역사 문제 등에 대한 논의도 필요하다“고 말했다.
이와 함께 그는 “주한 미군 철수 문제 등을 안고 있는 미국은 이번 평화 선언과 통일에 대해 러시아와 다른 생각일 것“이라면서 “한국이 통일을 생각한다면 미군 뿐 아니라 외국 군대의 주둔 문제에 대해서도 명확한 입장을 가져야 할 것“이라고 지적했다.
제빈 소장은 “평화 선언에 서명한 이상 남북한은 이제 대화를 멈춰서는 안된다“며 “화해 증진을 위한 신뢰가 쌓인 만큼 평화 선언 이행을 신속히 진행하는 것이 바람직하다“고 덧붙였다.
NLL 문제 절묘하게 비켜 가 “'NLL/평화 협력 특별 지대 분리 접근' 해석 노무현(盧武鉉) 대통령과 김정일(金正日) 북한 국방위원장이 4일 서명 발표한 '남북 관계 발전과 평화 번영을 위한 선언'에는 서해 북방 한계선(NLL) 문제에 대한 언급이 전혀 없어 눈길을 끈다.
이를 두고 일각에서는 이번 정상회담에서 '뜨겁ㄴ 감자'가 될 것으로 예상됐던 NLL 문제가 회담의 장애물로 작용할 것을 우려해 절묘하게 비켜 간 것으로 해석하고 있다.
정상회담을 앞두고 정부 관계자들은 정상회담에서 NLL 문제가 제기될 가능성이 크다고 전망해 왔다.
북측이 NLL 문제를 서해상 충돌의 '근원적인 문제'로 인식하고 있기 때문이다.
실제로 지난 7월 제6차 남북 장성급 군사 회담에서 김영철(인민군 중장) 북측 단장은 “북방 한계선이 지금까지 준수해 온 기본 군사 분계선이라는 것은 당하지 않은 궤변“이라며 “냉전 시대에 미국 놈들이 그어 놓은 (경)계선을 주장하는 것은 90년대 사고에서 헤어나지 못하고 있다는 것을 말해 주고 있다“며 재설정을 요구하기도 했다.
이런 입장을 취해 온 북측이 정상회담 선언문에 NLL 문제를 반영시키지 않은 것은 다소 의외라는 반응이 나오고 있는 것.
전문가들은 이번 선언문을 뜯어보면 양측이 NLL와 평화 협력 특별 지대를 분리해 접근하고 있음을 보여 주고 있다고 주장하고 있다.
이는 정부가 북측에서 NLL 문제를 제기할 것에 대비해 해주만~한강 하구에 이르는 해역을 '평화 번영 벨트'로 묶자는 역제안을 치밀하게 준비했음을 보여 준다고 전문가들은 해석하고 있다.
국책 연구 기관의 한 전문가는 “군사적 신뢰 구축 방안을 담고 있는 선언문의 제3항과 특별 지대를 설치해 공동 어로 수역과 평화 수역 설정 등을 추진하자는 제5항을 분리시킨 것은 의미가 있다“면서 “사실상 NLL를 특별 지대 설치와 분리해 접근하자는 전략으로 협상력이 돋보인다“고 말했다.
그는 “실무적으로나 두 정상 간 대화에서 NLL와 북측이 주장하는 한미 합동 군사 훈련 중지 등 근본적인 문제가 거론됐을 수도 있다“면서 “그러나 이를 선언문에 명기하지 않는 것은 11월 국방장관 회담으로 넘긴 것으로 봐야 한다“고 말했다.
하지만 국방장관 회담에서 NLL를 재설정하는 문제를 의제로 올릴 수 있지만 최종적으로는 총리급 회담 또는 차기 정상회담에서 결론을 내릴 것이란 전망이 우세하다.
회담 추진부터 '10.4 선언' 채택까지 2007년 남북정상회담은 회담 3일짼 4일 남북 정상이 `남북 관계 발전과 평화 번영 선언'에 서명하는 것으로 클라이맥스를 맞았다.
이번 회담은 대한민국 역사상 대통령의 첫 육로 방북과 군사 분계선(MDL) 도보 월경 등 분단 민족사에 기억될 상징적인 장면들을 남겼을 뿐 아니라 제2의 `6.15 공동 선언'을 도출해 냄로써 남북이 한반도의 평화 정착을 위해 주도적으로 협력하고 경제 협력을 통해 공동 번영할 수 있는 새롭ㄴ 전기를 마련한 것으로 평가된다.
노무현 대통령의 `2박 3일 평양행'을 추진하면서부터 `2007 남북 정상 선언'이 나오기까지의 과정을 되짚어 본다.
◇ 평양 도착부터 선언 채택까지 = 노 대통령은 방북 첫날인 2일 낮 12시께 평양 시내 4.25 문화회관 광장에 도착, 김정일 국방위원장의 직접 영접을 받았다.
김 위원장이 두 차례나 노 대통령의 공식 환영식 장소를 옮기면서 `영접'에 나옴로써 두 정상은 첫 만남을 가졌다.
두 정상의 첫 만남은 다소 긴장된 분위기에서 시중일관 차분하게 이루어져 일각에서는 이번 회담에 대한 우려 섞인 전망을 내 놓기도 했다.
남북 정상은 첫날 공식 환영 행사에서 12분 간 만난 후 이튿날 아침부터 소수의 배석자만 참석하는 단독 회담에서 머리를 맞댔다.
예정을 앞당겨 노 대통령의 숙손 백화원 초대소에 도착한 김 위원장의 표정은 전날보다 밝았고 오전 9시 34분께 시작된 1차 회담에서 두 정상은 서로 간 신뢰를 확인하는 여러 이야기들을 나눴다.
노 대통령은 오전 정상회담 후 평양 옥류관에서 남측 대표단과 오찬을 함께한 자리에서 “오전에 (김정일 위원장과) 숨김없이 진솔하게 얘기를 나눴다“며 “분명하게 평화에 대한 확고한 의지를 확인했다“고 말했다.
오찬 후 오후 2시 45분께 속개된 회담에서 김 위원장은 모두 발언을 통해 “모레(5일) 아침에 돌아가시는 것이 어떻겠습니까“라며 `파격 제안'을 했다.
잠시 분위기가 어색해졌으나 노 대통령은 “큰 일은 제가 결정하지만 작은 일은 제가 결정하지 못한다.
경호.의전 쪽과 상의를 해 봐야 하겠다“며 즉답을 피한 채 참모들과 상의해 결정하겠다는 뜻을 밝혔다.
잇어 계속된 회담에서 두 정상은 평화, 공동 번영, 화해 및 통일에 관한 의제들을 심도 있게 논의, 오후 4시 25분께 `4일 낮 환송 오찬 전까지 합의 사항을 선언 형식으로 발표한다'는 내용에 합의하고 회담을 마쳤다.
오전과 오후 두 차례 회담 시간을 통틀어 3시간 51분 만이었다.
김 위원장은 회담 말미에 “충분히 대화를 나눴으니 (노 대통령의 방북을 연장) 안 해도 되겠다.
남측에도 기다리는 사람들이 있을 터니 본래대로 합시다“라며 언급, 제안을 철회했다.
남북은 3일 저녁부터 두 정상의 합의 사항을 공동 선언 형식에 담기 위한 막판 조문 조율 작업을 밤새 벌였고, 4일 오후 1시께 두 정상은 드디어 `남북 관계 발전과 평화 번영을 위한 선언'이라는 역사적인 문서에 서명했다.
회담 추진부터 평양까지 = 정부는 대선을 4개월여 앞둔 시점인 지난 8월 8일 정상회담 개최를 전격 발표했다.
이번 정상회담은 정부가 7월 초 북측에 정상회담을 위한 고위급 접촉을 제안한 데 잇어 7월 29일 북측의 김만복 국정원장 방북 초청 등 프로세스를 통해 '은밀하게' 추진됐다.
김 원장은 정상회담 개최 사실을 발표한 기자 회견에서 “북측의 초청으로 대통령 특사 자격으로 방북해 정상회담 개최 합의에 일렀다“고 밝혔다.
김 원장이 대통령 특사 자격으로 8월 2 3일에 잇어 4 5일 2 차례에 걸쳐 비공개로 북한을 방문, 북측과 정상회담 개최에 합의했다는 것이 정부의 공식 발표다.
김 원장은 1차 방북에서 김양건 통일전선부장으로부터 김정일 위원장의 위임에 따른 중대 제안 형식으로 `8월 하순 평양에서 수뇌 상봉을 개최하자'는 제의를 받았고 2차 방북에서 노 대통령의 친서 전달과 함께 북측과 남북정상회담 개최에 합의했다는 것이다.
정상회담 개최 발표 후 한나라당을 비롯한 보수 정치권은 정상회담이 대선에 활용될 가능성을 차단하려는 움직임을 보였고 일각에서는 정상회담을 차기 정권에 넘겨야 한다는 목소리와 함께 정상회담을 열더라도 북핵 문제 해결에 중점을 둬야한다는 요구도 끊이지 않았다.
특히 서해 북방 한계선(NLL) 재설정 문제가 정상회담 의제의 하나로 논의될 가능성이 대두되면서 국민들 사이에 이념 갈등이 초래되는 양상을 보였고 정부 내에서도 NLL가 `안보 개념'이냐 `영토 개념'이냐를 두고 통일부와 국방부, 국정원 등이 미묘한 입장 차이를 보이는 등 혼선이 빚어지기도 했다.
아울러 이번 정상회담의 중요한 의제로 다뤄질 남북 경협이 대규모 대북 투자 합의로 이어질 경우 차기 정권에 부담을 줄 수 있다는 지적도 제기됐다.
이런 지적에 대해 정부는 `경협을 통한 평화'의 중요성을 강조했고 노 대통령은 9월 초 “차기 정권에 부담을 주는 합의는 하지 않겠다“는 뜻을 밝히기도 했다.
이렇게 정상회담의 시기와 의제를 두고 공방전이 벌어지는 동안 남북 당국은 지난 8월 14일 준비 접촉과 분야별 실무 접촉을 통해 경의선 도로를 이용한 노 대통령의 육로 방북, 대표단 규모 등 대부분의 협의 사항에 합의했다.
그러나 북한에 내린 집중 호우로 당초 8월 28일부터 열릴 예정이던 정상회담이 10월 2~4일로 한 달 이상 연기됐다.
이를 두고 정상회담을 통해 대선에 영향력을 미치려는 북한의 의도가 드러났다는 주장이 나오기도 했다.
두 차례 평양에 파견한 정상회담 준비 선발대는 노 대통령의 아리랑 공연 관람과 군사 분계선 도보 월경 등 마지막 미합의 사항을 최종적으로 마무리했다.
이런 준비 과정을 거쳐 노 대통령은 지난 2일 전용 차량편으로 청와대를 출발한 후 걸어서 군사 분계선을 넘어 4시간여 만에 공식 환영식이 열린 평양 4.25문화회관 광장에 도착했다.
재계 “경협 활성화 선결 과제 많이 포함됐다“경제계는 4일 제2차 남북정상회담 합의에 대해 한반도 긴장 완화와 평화를 보장하는 계기가 되고 실질적인 남북 경제 협력 확대로 이어지는 분수령이 되기를 희망한다며 일제히 환영의 뜻을 표했다.
특히 재계는 정상회담 합의 사항 중 경제 협력 분야가 매우 구체적이고 실천적일 뿐 아니라 '3 통'문제, 투자 여건 개선, 기반 시설 확충 등 남북 경협 활성화를 위해 그동안 선결 과제로 거론됐던 문제들이 대부분 포함됐다며 향후의 실질적인 경협 확대에 대한 기대감을 표했다.
경제계는 그러나 남북 경협 활성화의 관건은 이번 합의 사항의 이행 여부라며 실무 차원의 논의가 이어져 대북 투자 보장, 사업 수익성 확보, 기간 시설(SOC) 확충 등 구체적인 결실을 맺길 바란다고 지적했다.
전국경제인연합회는 제2차 남북정상회담의 성공적인 개최를 환영한다고 밝혔다.
전경련은 “이번 남북 정상 간에 합의된 '남북 관계 발전과 평화 번영을 위한 선언'은 한반도의 긴장 완화와 평화를 보장하는 계기를 마련했다“며 “남북 경협과 관련해 합의된 다양한 실험적 프로젝트가 소기의 성과를 거둬 향후 실질적인 남북 경협의 활성화로 이어지길 기대한다“고 말했다.
전경련은 “아울러 이번 남북정상회담이 동북아 긴장 완화와 세계 평화에도 기여할 것으로 기대한다“고 덧붙였다.
대한상공회의소는 공식 논평을 통해 “이번 남북정상회담 및 공동 선언의 발표는 반 세기 이상 지속돼 온 남북 간의 대립과 갈등 관계를 극복하고 평화와 협력의 새 시대를 열어 나가는 분수령이 될 것으로 믿는다“고 환영했다.
대한상의는 “특히 북측 기반 시설 확충, 자원 개발 추진, 해주 지역 경제 특구 건설, 남포 조선 협력 단지 조성, 경의선 화물 철도 운행, 3 통 애로 해소를 위한 제도 완비 등 구체적 현안들이 합의됨에 따라 향후 남북 간의 경제 협력 강화를 위한 여건이 개선되고, 실질적인 투자도 확대될 것으로 기대한다“고 밝혔다.
대한상의는 “이번 남북 정상 간의 합의를 새롭ㄴ 전기로 삼아 보다 구체적이고 실질적인 교류 협력 증진이 이루어질 수 있도록 후속 조치들이 차질없이 추진됨로써 우리 기업의 대북 진출이 활성화되기를 바라며, 그동안 남북 간 교류 협력의 걸림돌이 돼 왔던 투자 보장, 분쟁 조정 등 4 대 경협 합의서의 실질적 이행 방안도 마련되기를 희망한다“고 덧붙였다.
한국무역협회는 “남북한 간의 평화 정착과 경제 협력 증진을 위해 그 어느 때보다도 현실적이고 실현 가능한 청사진을 제시한 것“이라고 평가하고 환영의 뜻을 나타냈다.
무협은 “특히 개성공업지구에 잇은 서해 평화 협력 특별 지대 설치를 비롯한 경제 분야의 합의 사항들은 대북 교역 업체들이 지속적으로 건의한 숙원 과제로서 남북 관계를 획기적으로 발전시키게 될 것“이라고 지적했다.
무협은 “아울러 현재 '남북경제협력추진 위원회'를 부총리급 '남북경제협력공동위원회'로 격상하고 총리급 회담을 개최하기로 한 것은 남북 관계를 더욱 발전시키는 제도적 뒷받침이 될 것“이라고 평가했다.
중소기업중앙회는 “이번 선언을 통해 남북 정상의 남북 경협에 대한 굳은 의지를 재확인했으며, 이번 선언이 한반도 경제 공동체 건설의 계기가 될 것으로 기대한다“며 “아울러 경제 협력 사업 확대를 위한 투자 장려, 자원 개발, 해주 지역의 서해협력특별지대 설치 등을 적극 지지한다“고 밝혔다.
중기중앙회는 특히 “중소기업의 새롭ㄴ 활로자 대표적인 경협 사업인 개성 공단 조성 사업과 관련해 지속적인 사업 추진, '3 통' 문제 해결, 제도적 보장 조치의 조속한 완비 등 내용이 포함됨에 따라 남북 경협 사업이 더욱 활성화하길 희망한다“고 말했다.
섬유산업연합회 관계자는 “개성 공단 내실화와 확대에 대해 공식적으로 언급된 데 대해 환영하며, 그동안 개성 공단 입주 업체들이 3 통 문제로 큰 불편을 겪었는데 앞으로 점진적으로 해소될 것으로 기대되고 그 결과로 생산성이 높아지는 한편, 다른 섬유 업체들도 개성 공단 입주를 서두를 것으로 예상된다“고 말했다.
그는 “다만 원산지 문제까지 언급됐다면 개성 공단이 날개를 달았을 것이라는 아쉬움이 있다“고 덧붙였다.
건설업계는 이번 남북 정상 합의 내용이 지난 1차 정상회담보다 진일보한 것으로 평가하며 환영 의사를 밝혔다.
대한건설협회 최윤호 전무는 “합의문에 포함된 경제 특구 개발과 한강 하구의 골재 사업, 철도.도로 개보수, 개성 공단 확대 개발 등은 그동안 건설업계에서 필요성을 강조해 왔던 내용“이라며 “앞으로 SOC 등 대북 사업이 침체된 건설업계에 새롭ㄴ 기회를 제공해 줄 것으로 기대한다“고 말했다.
최 전무는 또 “3 통 문제가 해결된다면 우려했던 투자 걸림돌도 어느 정도 해소될 것“이라며 “앞으로 건설단체총연합회를 중심으로 남.북 간 협력 창구를 정례화, 상시화해 건설 분야의 활발한 교류가 있길 바란다“고 덧붙였다.
한국신발산업협회 관계자는 “이번 남북정상회담 선언문에 신발 산업에 대한 구체적인 논의가 담겨 있지는 않지만 정상회담을 계기로 신발 부문 경협도 활발히 전개될 것으로 기대한다“며 “특히 현재 진행 중인 원부자재 제공을 뛰어넘어 기술 이전 등 높은 수준의 협력이 이루어질 것으로 전망한다“고 말했다.
현대차 그룹은 “이번 합의를 계기로 남북한 평화 정착과 화해 협력이 더욱 진전돼 기업의 경제 활동 여건에 큰 도움이 될 것으로 기대한다“며 “특히 경제 협력 활성화를 위한 제도적 보장 조치를 조속히 완비하기로 합의한 것은 남북한의 실질적 경협 확대에 밑거름이 될 것으로 본다“고 밝혔다.
삼성 그룹은 “이번 선언을 통해 경제 분야는 남북 경제 교류를 위한 제도와 시설을 크게 보완한다는 합의를 함로써 큰 진전을 이뤘다고 평가된다“며 “통신, 통행, 통관의 문제점 보완, 항만, 철도, 도로 등 경제 교역 인프라 개선에 대한 합의로 남북 경협이 활성화될 것으로 기대한다“고 말했다.
SK 그룹은 “남북이 짧은 기간에 남북 관계 발전과 평화 번영을 위한 정상회담 발표를 한 데 대해 환영한다“며 “민간 기업으로서 SK는 이번 합의 정신에 따라 남과 북의 공동 번영을 위한 역할을 해 나가고자 한다“고 밝혔다.
미, 종전 선언 정상회담보다 북 비핵화에 주력 미국 정부는 제2차 남북정상회담에서 한반도 종전 선언을 위한 3~4개 관련 당사국 정상회담 개최를 추진하기로 합의한 데 대해 당분간은 `선(先) 북한 비핵화 후(後) 종전 선언 정상회담'이라는 종전 입장을 견지할 것이라는 견해가 지배적이다.
미국 정부는 4일 남북정상회담에서 이 같이 합의한 데 대해 즉각적인 반응을 보이지는 않았지만 지금까지 북한이 요구해 온 한반도 정전 체제를 대체할 한반도 평화 협정의 전제 조건으로 북한의 비핵화를 한결같이 강조해 왔기 때문이다.
조지 부시 대통령은 작년 11월 하노이 한미정상회담에 잇어 지난 달 시드니 한미정상회담에서도 “내 목적은 한국전쟁을 종결시키기 위한 평화 협정에 김정일 위원장 등과 함께 서명하는 것“이라며 한반도 종전 선언 더 나아가 평화 협정 체결에 나설 의향이 있음을 밝힌 바 있다.
하지만 이 같은 입장은 어디까지나 먼저 북한이 핵 프로그램을 검증 가능하게 폐기해야 한다는 선(先)비핵화를 전제로 밝힌 것이라는 것이 미국 정부 측의 설명이었다.
이번에 남북 정상이 합의한 한반도 종전 선언을 위한 3~4개 관련 당사국 정상회담 추진이 미국 정부에게 전혀 생소한 얘기는 아닐 것이다.
지난 번 시드니 정상회담에서 노 대통령이 부시 대통령에게 이 같은 아이디어를 귀띔했거나 이후 한미 양국 간 실무 라인 간 의견 조율 과정에 부시 대통령 및 미국 정부에게 전달됐을 개연성이 적지 않다.
공식 통보가 안 됐다면 또 다른 문제가 될 수 있긴 하지만 이미 언론을 통해 청와대가 이번 남북정상회담에서 `한반도 평화 선언'을 추진하고 있다는 보도가 있었다는 점에서 미국 측은 어느 정도 이 같은 구상을 짐작했을 것이다.
그러나 미국은 북한 핵 문제가 해결되지 않은 상황에서 북한과 현(現) 정전 체제를 끝내는 문제를 논의하는 것은 자칫 북한의 핵 보유를 인정하는 결과를 낳을 수 있다고 우려하고 있다.
미국 정부가 남북정상회담에 대한 지지 입장을 밝히면서도 북핵 문제를 다루는 6자 회담의 진전에 기여해야 한다고 강조한 것도 이런 맥락에서다.
최근까지 부시 대통령의 아시아 정책을 보좌했던 빅터 차 전(前) 백악관 국가안보회의(NSC) 아시아 담당 국장은 3일 언론 기고문에서 노 대통령은 한반도 평화 선언을 신중하게 접근해야 한다면서 “북한이 핵무기를 폐기하기 전 평화 선언을 하는 것은 북한의 핵무기 보유를 인정하는 효과를 낼 수도 있다“고 지적했다.
물론 3일 공식 발표된 북핵 6자 회담 공동 문건에서 북한은 올 연말까지 핵 시설 불능화 및 모든 핵 프로그램의 신고에 합의, 북한 비핵화를 위한 추가적인 이정표를 마련했고 부시 대통령은 이례적으로 성명까지 발표하며 이를 환영했다는 점에서 한반도 평화 프로세스 논의의 단초를 마련했다는 주장도 있을 수 있다.
그러나 이번 합의는 아직 북한의 비핵화 성공 여부를 보장할 수 없는 시작 단계라는 점에서 미국이 한반도 종전 선언 관계 당사국 정상회담과 같은 제안에 긍정적으로 호응하지는 않을 것이라는 전망이 우세하다.
미국 정부로서는 이번 남북정상회담에서 북한 비핵화 요구 목소리가 더 적극 반영되지 않은 것에 대해서도 문제를 제기할 수 있을 것으로 예상된다.
합의문에선 북한의 비핵화를 직접 촉구하는 내용은 빠진 채 “한반도 핵 문제 해결을 위해 6자 회담, 9.19 공동 성명과 2.13합의가 순조롭게 이행되도록 공동으로 노력하기로 했다“고만 언급됐기 때문이다.
정상회담 개최에 앞서 헤리티지재단의 브루스 클링너 선임연구원은 “만약 노 대통령이 북한 비핵화의 가시적 진전을 위해 북한을 압박할 경우 이번 회담은 6자 회담의 유용한 부가물이 될 것이지만 이를 제대로 다루지 못하면 북한이 핵무기를 포기하도록 하는 다자 노력을 훼손할 수 있을 것“이라고 경고했었다.
남북 의회 회담 조기 성사될까 임 의장 “실무 회담 추진 등 적극적 노력“한 “다음 국회서 논의해야“논란 예고 노무현 대통령과 북한 김정일 국방위원장이 4일 `남북 관계 발전과 평화 번영을 위한 선언'을 통해 남북 의회 간 접촉을 적극 추진하기로 함에 따라 남북 의회 회담의 17대 국회 내 성사 여부 에도 관심이 모아지고 있다.
남북 의회 간 교류는 상호 존중과 신뢰 회복을 위해서뿐 아니라 국가보안법이나 노동당 규약 등의 손질, 정상회담에서 합의한 경제 협력 사업을 위한 대규모 대북 투자와 재원 마련의 국회 동의 등과 맞물리면서 그 중요성이 간단하지 않다.
앞서 남북은 국회 회담 성사를 위해 지난 85년 7월 85년 9월 2 차례의 예비 접촉과 88년 9월 90년 1월 10 차례의 준비 접촉을 각각 개최했다.
2000년 이후에는 남측의 회담 개최 제의에 북측이 무응답으로 일관, 끝내 본회담은 성사되지 않은 전례가 있다.
그러나 이번 정상회담에서는 김원기 전 국회 의장을 비롯해 배기선 국회 남북평화통일특위 위원장, 대통합민주신당 문희상 남북정상회담지원특위 위원장, 민주당 이상열 정책위 의장 등 정치인들이 대통령 특별 수행원 자격으로 대거 참여해 남북 의회 지도자 간 간담회를 갖는 등 의회 차원의 교류에 대한 기대가 그 어느 때보다 높아진 것이 사실이다.
임채정 국회 의장은 이날 성명을 통해 “남북은 10개 항 합의 사항 이행을 위해 모든 노력을 아끼지 말아야 한다“면서 “국회를 포함한 정치권도 협력과 지원 방안을 적극 강구해야 한다“고 촉구했다.
임 의장은 특히 “국회는 이번 남북 정상 선언에서 언급된 남북 국회 회담의 조속한 실현을 위해 남북 의원 간 교류.협력 방안을 모색하고 실무 회담의 추진 등 적극적인 방안을 마련해 나갈 것“이라고 밝혔다.
국회 통일외교통상위 최성(대통합민주신당) 의원은 연합뉴스와 통화에서 “정부와 민간 수준 등 남북 관계 전반에서 합의 수준은 기대 이상의 성과를 가져왔다“면서 “총리급 회담과 국방 장관급 회담도 열린다면 이 과정에서 남북 국회 간에 대화와 만남, 교류는 지속될 것으로 전망한다“고 말했다.
같은 당 통외통위 소속 배기선 의원 측도 “이번에는 지난 7년과 다른 형태의 교류가 될 터니까 양측 국회 간에 만나는 것이 가능할 것“이라고 내다봤다.
그러나 당장 남북 의회 회담이 이루어질지는 불투명한 상태다.
올해 12월 17대 대선과 내년 4월 18대 총선이라는 정치 일정이 산적해 있을 뿐 아니라, 한나라당이 소극적 입장을 보이고 있기 때문이다.
한나라당은 이번 방북 대표단에도 참여하지 않았다.
통외통위 한나라당 간산 진영 의원은 “미래 지향적으로 봐서야 좋은 얘기지만 현재 국회 상황을 보면 당장은 현실적으로 쉽지 않을 것“이라면서 “합의 사항 실천이 차기 정부에서 본격화 될 만큼 의회 차원의 논의도 자연스럽게 다음 국회로 넘어 갈 것“이라고 밝혀 범여권 측과 시각 차를 보였다.
진 의원은 “만약 남북 의회 회담이 열린다면 우선 국회에 설치된 남북평화통일특위가 주도적으로 의제나 형식을 결정하고, 국가보안법이나 노동당 규약 등 제도 개선 문제는 양측이 별도로 진행을 하면 된다“고 제안했다.
국회 통외통위 한 전문 위원도 “북측의 최고인민회의 의장이 남측에 내려온 적도 없고, 그 반대의 경우도 없었다“면서 “우선 회담의 형식이나 의제 등 기본적인 것부터 정해야 하지만 대선 등 각종 정치 일정으로 인해 빠른 시일 내에 회담이 이루어지기는 쉽지 않을 것“이라고 전망했다.
이에 따라 남북 의회 회담 일정을 놓고 정기 국회에서 범여권과 한나라당 간 논란이 일ㄹ 가능성이 높아 보인다.
'교범 준수'끝까지 꼿꼿했던 金 국방 첫날 잇어 마지막 날도 김 위원장과 꼿꼿이 악수 `2007 남북정상회담' 공식 수행원 자격으로 방북한 김장수 국방장관이 회담 내내 화제가 되고 있다.
김 장관은 방북 첫날인 지난 2일 평양 시내 4.25 문화회관 광장에서 열린 공식 환영식에서 김정일 위원장과 악수를 나누면서 꼿꼿한 자세를 유지해 눈길을 끌었다.
허리나 머리를 약간 숙이면서 악수를 나눈 대부분의 남측 수행원들과 달리 김 장관은 고개를 거의 숙이지 않고 한쪽 손만 내밀어 꼿꼿이 선 상태에서 악수를 한 것이다.
특히 김 장관이 김 위원장에 비해 키가 큰 데다 그에 바로 앞서 허리와 고개를 숙이며 김 위원장의 오른쪽 손을 두 손으로 감싸 쥐고 깎듯이 인사한 김만복 국정원장과 대조를 이뤄 그의 인사법은 단연 화제가 됐다.
김 장관의 이 같은 꼿꼿한 모습은 회담 마지막 날인 4일에도 재연됐다.
평양 시내 백화원 영빈관에서 노 대통령과 정상회담 결과물인 `남북 관계 발전과 평화 번영을 위한 선언'에 서명한 후 김 위원장이 남측 인사들과 악수를 하는 과정에서 같은 장면이 TV 카메라에 잡힌 것이다.
김 장관의 이 같은 모습은 서울 소공동 롯데호텔에 마련된 프레스 센터에서 취재진들 사이에서도 화제가 됐다.
이에 대해 국방부 당국자는 “특별한 정치적 의미가 있는 것이 아니라 군에 오랫동안 몸담으면서 꼿꼿하게 악수를 나누는 것이 몸에 밴 것“이라고 말했다.
지난해 말 정무직인 국방장관으로 취임했지만 40여 년 간 군 생활을 통해 몸에 밴 악수 자세가 김 위원장과의 악수에서 그대로 나왔다는 것이다.
실제 김 장관은 군 야전 교범에 나와 있는 `경례 및 예절' 규정대로 김 위원장과 악수를 나눴다.
야전 교범에는 “허리를 굽히거나 고개를 숙이거나, 몸을 흔들어 아첨하거나 비굴해 보이는 듯한 저자세 악수 방법을 삼가야 한다“고 돼 있다.
또 “손은 약간 힘을 줘 가볍고 잡고 상대방의 눈을 마주 보며 자연스럽게 교환해야 하며, 손을 너무 흔들거나 두 손을 쥐는 것은 실례가 된다“고 규정하고 있다.
야전 교범을 그대로 실천한 셈이다.
그러나 일각에서는 김 장관의 악수 자세가 몸에 밴 것도 있지만 우리 군의 사기도 고려하지 않았겠느냐는 관측도 나온다.
군을 책임지는 국방장관으로서 당당한 모습을 보여 주고 싶었던 것이 아니냐는 분석이다.
김 장관의 정상회담 수행은 회담 전부터 서해 북방 한계선(NLL) 재설정 논란과 맞물려 주목을 받았었다.
NLL는 영토 개념이라고 분명히 밝힌 김 장관이 방북을 해서는 안 된다는 의견도 있었다.
그러나 이번 정상회담 합의문에는 NLL 문제에 대한 직접적 은 언급이 빠졌다.
다만 서해 공동 어로를 포함한 서해 평화 협력 지대 조성과 제2차 국방장관 회담 11월 개최 등이 합의됐다.
김 장관은 노 대통령과 김 위원장 간의 2차에 걸친 정상회담에는 배석하지 않았지만 합의문 도출 과정에서 군사 분야에 대해 상당한 조언을 했을 것으로 보인다.
윤곽 드러나는 남북 경협 로드맵 남북 정상의 '남북 관계 발전 평화 번영 선언'에 나타난 경제 협력 방안은 기존의 경협 사업을 구체화하고 확대.심화하는 동시에 긴장 완화와 공동 번영을 동시에 실현하며 지속 가능한 경협을 위해 제도와 인프라의 틀을 갖추겠다는 뜻으로 요약된다.
남북정상회담 준비 기획단은 해설 자료를 통해 이 같은 선언이 “단기적이고 일회성이었던 경협 사업을 장기적이고 지속적인 쌍방향 투자 협력으로 전환하고 경제 협력을 통해 상호 이익을 도모하는 관계를 형성해 평화의 물질적 토대를 구축하고 나아가 하나의 경제권을 추구해 나간다는 목표를 지향하고 있다“고 풀이했다.
개성 공단의 내실화, 확대 = 남북 경협의 상징적 존잰 개성 공단은 더욱 확대해 2 단계 개발에 조속히 착수하는 한편 이른바 '제2, 제3의 개성 공단' 조성도 추진해 나가기로 했다.
개성 공단은 총 66㎢(2 천만 평) 규모로 모두 3 단계에 걸쳐 개발할 계획이지만 현재는 전체의 20분의 1인 3.3㎢ 규모의 1단계 사업이 진행되고 있을 뿐 2, 3 단계 사업은 일정조차 마련돼 있지 않다.
남북은 지난 6월 개성에서 제3차 개성 공단 건설 실무 접촉을 갖고 2 단계 개발 방안을 논의했으나 결론을 내리지 못하았다.
정상회담에서 개성 공단의 내실화 및 확대에 합의한 만큼 2, 3 단계 개발 사업도 급물살을 탈 것으로 예상된다.
더욱이 중소기업을 중심으로 개성 공단 입주 수요도 많아 최소한 2 단계 분양에서는 입주 업체 선정에는 큰 문제가 없을 것으로 보인다.
토지공사 관계자는 “본 단지 2차 분양에서 200여 개 기업이 탈락했는데 이들 기업으로부터 2 단계 분양 계획에 대한 문의가 많다“고 말했다.
경제계 특별 수행원으로 방북한 김재현 한국토지공사 사장도 3일 열린 업종별 대표 간담회에서 1단계 사업 분양 탈락 업체들의 요구에 따라 개성 공단 2 단계 공사의 조속한 착공을 촉구한 바 있다.
'윈윈'의 새 경제 협력 사업 안변.남포 지역의 조선소 건설과 한강 하구 준설 및 골재 이용, 서해 공동 어로, 자원 개발, 백두산 직항로 개설 등은 남북 모두 혜택을 누릴 수 있는 사업으로 꼽힌다.
북한에 남북 합작 조선소가 건설될 경우 세계적인 조선 사업의 호황으로 크게 늘어난 수주 물량을 처리하는 데 어려움을 겪고 있던 우리 조선 업체들에게도 큰 도움이 될 것으로 보인다.
그동안 우리 조선업계는 중국에 대한 투자에 주력해 왔으나 면세 혜택 폐지와 인건비 상승 등으로 중국의 장점이 사라져 가는 데다 기술 유출의 우려도 커 북한에 눈길을 돌리던 터였다.
조선 산업은 남측의 자본.기술과 북측의 우수한 인력이 결합함로써 남북 경제가 보완적 구조를 가지고 발전할 수 있는 분야로 평가된다.
이번에 방북한 남상태 대우조선해양 사장을 비롯한 국내 조선 업체 경영인들은 북한에 선박 블록 공장을 설립하는 방안에 대해 구체적인 검토를 해 온 것으로 알려졌다.
북한 측 한강 하구의 준설과 여기에서 발생하는 골재의 이용도 남북 간 '윈윈'을 달성할 수 있는 사업이다.
한강 하구 골재 부존량은 10억 8천만으로 수도권의 건설 현장에서 20년 이상 사용 가능한 규모다.
현재 북한에서 반입되고 있는 바닷 모래 가격으로 환산해도 3 조 원 가깝ㄴ 가치를 지니고 있어 이의 반입이 이루어진다면 북한에게는 큰 수입원이 될 수 있을 뿐 아니라 질 좋은 골재 확보에 어려움을 겪고 있는 국내 건설 업체에도 큰 도움이 될 수 있다.
또한 한강 하구를 준설하면 임진강 수위가 1m 가량 낮아져 장마.폭우 때마다 큰 피해를 야기해 온 이 일대 수해를 근본적으로 막을 수 있다는 부수적 효과도 기대된다.
북한의 광물 자원 역시 자원 확보에 어려움을 겪고 있는 한국 기업들에게는 단비와 같은 존재가 될 수 있다.
특히 함경남도 단천 지역은 매장량 40억t으로 추정되는 세계 최대의 마그네사이트광을 비롯 아연, 인회석 등이 풍부하게 매장돼 있다.
이한호 광업진흥공사 사장은 업종별 대표 간담회에서 “북측에 풍부한 지하 자원이 매장돼 있으나 세계적 수준의 제조 기술을 보유한 남측은 자원의 대부분을 해외 수입에 의존하고 있다“며 “지하 자원 개발이 민족 경제 협력에서 실현 가능성이 높고 양측 모두에 이익이 되는 좋은 분야“라고 자원 개발 분야에서의 남북 협력 강화를 제안했다.
꽃게를 비롯한 어족 자원이 풍부한 서해에서 남북 공동 어로가 이루어질 경우 그동안 군사적 문제로 제한됐던 이 해역에서의 조업이 활성화될 수 있을 뿐만 아니라 중국 어선들의 불법 조업에 대한 공동 대처도 가능해질 것으로 예상된다.
이종구 수산업협동조합중앙회장은 이를 위해 '남북공동어업협회의' 설립을 제안했는데, 현실화 될 경우 이 협의회에서는 패류, 다시마, 연어.송어, 바지락 등의 공동 양식 냉동.냉장 가공업 기술 교류 북한 내 냉동.냉장 기반 시설 확충 북한산 수산물의 육로 수송 추진 등 생산.가공.유통 분야에 있어서의 협력도 논의될 수 있을 것으라고 수협 관계자가 전했다.
이밖에 백두산 직항로 개설과 백두산 관광이 이루어진다면 성장 한계에 직면했던 국내 항공.관광업계에 새롭ㄴ 활로가 될 수 있어 해당 업계가 흥분하고 있다.
인프라와 SOC 구축 그동안 남북 경협의 걸림돌 가운데 하나로 지적돼 왔던 물적 인프라와 사회 기반 시설(SOC)의 구축에도 본격적인 협력이 이루어질 전망이다.
우선 경의선 화물 철도 개통과 개성/신의주 철도, 개성/평양 고속도로 공동 이용을 위한 개보수 문제가 본격 논의될 예정이다.
경의선 철도는 개성 공단 물자와 북측 근로자 통근 등에 활용되며 개성/신의주 철도와 개성/평양 고속도로는 북한에 설치될 경제 특구 등 경제 협력 거점과 특구와 특구를 잇는 북한의 물류 대동맥이 될 전망이다.
이 같은 북한 내 교통 시설의 현대화 사업이 현실화되면 남북 간 물동량 처리가 원활해지는 것은 물론 장기적으로는 중국 철도(TCR) 등과의 연결을 통해 한반도와 유라시아 대륙을 잇어 주는 가교 역할을 하게 된다.
이밖에 북한의 개혁, 개방의 거점 역할을 할 수 있도록 개성 공단 이외에 경제 특구 건설도 본격 검토하기로 했다.
구체적인 계획은 제시되지 않았지만 경제 특구가 건설될 경우 단순히 남측 기업이 진출해 생산 활동만 하는 개성 공단 수준을 넘어서 중국의 선전과 같이 글로벌 기업과 외국인의 자유롭ㄴ 경제 활동을 보장하는 경제 자유 지대가 될 것으로 보인다.
서해 지역의 경제 특구 건설과 한강 하구 공동 개발, 서해안 공동 어로 등과 같은 사업은 해당 지역이 첨예한 군사 대치의 현장이라는 점에서 한반도 평화 정착에도 도움이 될 것으로 정부 당국은 평가하고 있다.
남은 과제도 만만하지 않다 선언문에 명시된 이 같은 경협 사업의 실현을 위해서는 선결돼야 할 과제가 적지 않다.
우선 통행, 통신, 통관 등 이른바 '3 통 문제'의 해결을 비롯한 제도적 보장 장치들이 마련돼야 한다.
'10.4 선언'은 개성 공단의 '3 통 문제' 해소를 언급하고 있지만 북한이 시장 경제의 원칙을 체화하고 자본주의적 관행과 제도를 받아들이기 위해서는 정책적인 노력이 뒤따르더라도 많은 시간과 시행착오가 필요할 것이라고 재계 관계자들은 지적하고 있다.
이승철 전국경제인연합회 전무는 “북한이 경협 수준을 1차 산업, 임가공 중심에서 생산적 투자 단계로 끌어 올리자고 하나 이것이 안 되고 있는 것도 제도, 투자 환경이 미비한 때문“이라고 말했다.
이 전무는 북측이 남측에 “통 크게 사업을 추진해 달라“며 대기업의 긍정적인 대북 투자를 요청한 데 대해 “민족 번영이 남북한 당국에는 의미가 크나 남한 기업 입장에서는 민족 번영도 중요하지만 투자의 수익과 경제성도 고려해야 한다“며 “'통 큰 사업'도 제도적 조건이나 투자 환경 변화가 이루어져 수익성과 안정성이 보장되지 않으면 실현되기 어렵다“고 지적했다.
경제 협력 사업 추진을 위한 재원 마련도 해결돼야 할 과제 가운데 하나다.
예를 들어 개성/평산 철도 개보수에는 최대 2천 900 억 원, 개성/평양 간 고속도로의 아스팔트 재포장에는 최대 4천 400 억 원이 필요하다는 것이 당국의 추산이다.
이밖에 전략 물자 반출 제한 등 미국 또는 국제 사회가 북한에 대해 가하고 있는 규제도 우리 기업의 대북 투자에는 중대한 걸림돌이다.
재계 관계자는 “남북 경협은 남과 북의 관계 정상화만으로는 풀리지 않는 걸림돌이 있는 만큼 성공적인 6자 회담 등을 통해 북한이 '정상적인 국제 사회의 구성원'으로 인정 받는 것이 중요하다“고 말했다.
서해 '대치 현장'서 공동'텃밭'으로 남북 정상이 4일 서해 5도서 서해 북방 한계선(NLL)주변 해역에 대한 공동 어로 수역 지정 추진 등을 선언함에 따라 남북 대치의 현장이 평화롭게 삶을 일구는 공동'텃밭'으로 바뀌어 평화를 견인하는 몫을 톡톡이 할 것으로 기대된다.
해군과 인천시 등에 따르면 2002년 6월 29일 인천시 옹진군 연평도 북방 해상에서 NLL를 침범, 기습 공격해 온 북한 경비정과 싸우던 우리 해군 함정 참수리 357호 정이 침몰하고 장병 6명이 전사하고 18명이 부상했다.
이른바 '서해교전'이다.
이 교전은 앞선 1999년 NLL를 사이에 두고 남북한 해군이 '연평해전'을 벌였고 이 전투에서 참패해 달아난 북한 해군의 기습 보복 공격에서 비롯됐다.
남북한은 1950년 발발한 6.25전쟁 기간은 물론 휴전 이후부터 최근까지 NLL를 놓고 이처럼 끊임없이 크고 작은 무력 충돌을 빚으면서 팽팽한 긴장 상태를 유지하고 있다.
이 뿐 아니라 북한 측은 서해를 통해 무장 간첩을 침투시키고 조업 중이던 어민들을 여러 차례 납치해 가기도 했다.
따라서 서해 5도 주변 해상은 양측의 첨예한 대립으로 항상 전운이 감도는 등 남북 간 최고의 긴장 지역이면서 전략적인 요충이다.
정부는 이런 상황을 감안, 휴전 직후 백령도와 연평도, 대청도 등 서해 5 도서 지역에 정예 부댄 해병대 1개 사단을 배치하는 한편 해군 2 함대 사령부에 해상 경계를 맡도록 하는 등 서해상 안보를 강화했다.
1989년엔 백령도와 대청도에 여자 예비군 부대가 창설돼 남자는 물론 여자들까지도 지역 방위에 나서고 있다.
또 정부와 관할 인천시, 옹진군은 서해상 서북방에 있으면서 NLL와 가까이 있는 서해 5 도서 주민들의 사기 진작과 생활 편익 등을 지원하기 위해 여객선 요금 인하, 어로 생계비 지원 등의 지원책을 마련, 휴전 이후 지금까지 시행하고 있다.
물론 남북은 서해의 남북 간 우발적 무력 충돌 방지를 위해 2006년 5월 군 당국 간 핫라인을 설치했으나 긴장 완화엔 별다른 도움을 주진 못하고 있다는 평가다.
정부는 이런 서해를 남북한 대치의 바다가 아닌 남북 공동 번영과 화해의 바다로 만들기 위해 이번 회담에서 남북 공동 어로 수역과 평화 수역 지정 추진, 민간 선박의 해주 직항로 이용, 한강 하구 공동 이용 등을 담은 '서해 평화 협력 특별 지대' 설치에 합의했다.
이에 따라 고위급 회담과 실무 협의 등이 성공적으로 끝나면 남북 어민은 새로 확장된 바다에서 함께 고기잡이를 하는 등 그동안 금단의 바다를 자유롭게 오고 갈 수가 있을 것으로 전망돼 지난 50여 년 동안 잃어 버린 서해가 남북 공동 삶의 텃밭으로 바뀔 것으로 기대된다.
나아가 해상에서는 남북한 어민들의 공동 풍어 축제가 열리고 공동 번영을 위한 세미나 개최 등 다양한 행사도 기획될 것으로 기대된다.
김민배 金敏培) 인하대 법대 학장은 “그동안 긴장으로 점철됐던 서해가 이번 정상회담으로 한반도의 평화와 전진의 기지로 발돋움하게 됐다“면서 “바닷길과 하늘 길이 직항로로 연결되고 남포와 해주, 한강 하구를 잇는 삼각 벨트 형성으로 인천으로선 발전을 위한 최대의 호기를 맞은 것으로 보인다“고 말했다.
내년 3월 금강산서 이산가족 상봉 상시화 국군 포로 납북자는 명시 성과없어 이산가족 범주서 상봉 확대 가능성 20007 남북정상회담에서 나온 10.4 선언은 이산가족의 상봉을 확대하고 영상 편지의 교환을 추진하기로 합의했다고 밝힘로써 이산가족의 고통을 덜기 위한 추가 조치가 이루어지게 됐다.
특히 내년 3월 금강산 면회소가 완공되면 남북 양측의 대표를 상주시키고 이산가족과 친척의 상시 상봉을 실현시키기로 함로써 직접 상봉이 지금까지보다는 크게 늘어날 것을 기대할 수 있게 됐다.
그러나 정상회담 전 납북자와 국군 포로 가족 등이 강력하게 제기해 온 납북자와 국군 포로의 송환이나 생사 확인 문제는 선언에 명시되지 않음으로써 이번 정상회담에서 큰 진전을 보지 못한 것으로 풀이된다.
10.4 선언은 제7항에서 “남과 북은 흩어진 가족과 친척들의 상봉을 확대하며 영상 편지 교환 사업을 추진하기로 했다.
이를 위해 금강산면회소가 완공되는 데 따라 쌍방 대표를 상주시키고 흘어진 가족과 친척의 상봉을 상시적으로 진행하기로 했다“고 밝혔다.
이산가족 상봉 확대 및 상시화 문제는 남측이 2000년 8월 6.15 공동 선언에 따른 제1차 이산가족 상봉 이래 줄곧 북측에 요구해 온 사안이다.
영상 편지 교환도 2005년 9월 제16차 장관급 회담에서 남측이 제의한 데 대해 북한이 지난 4월 제8차 적십자 회담에서 “기존 상봉 가족을 대상으로 한 영상 편지의 시범적 교환“으로 처음 호응했다.
남측은 북측이 “영상물 속에 자기 소개도 하고 테이프 속에 편지도 보낼 수 있는 등 포괄적 개념“의 영상 편지 교환에 응한 것으로 보고 있다.
그동안 15 차례의 이산가족 대면 상봉 및 6 차례의 화상 상봉을 실시했지만, 고령 이산가족이 매년 4천/5 천 명 사망하는 상황에서 어떤 형식이든 상봉과 생사 확인을 크게 늘리는 것이 시급한 실정이 됐다.
정부도 10.4 선언 해설 자료에서 “고령 이산가족의 사망률이 매년 증가하고 있어 근본적인 개선이 필요“하기 때문에 “이번 회담에서 우리 측은 이산가족 문제는 시간이 정해져 있는 사안이므로 지금 해결하지 않으면 해결 자체가 어렵다는 점을 설명하고..근원적 해결 방안을 마련할 것을 북측에 강력히 요구했다“고 밝혔다.
하지만 이번 정상회담을 앞두고 관심을 모았던 난젠 국군 포로 및 납북자 가족의 상봉 문제는 선언에 별개로 명시되지 않았다.
국군 포로나 납북자의 가족 상봉도 일반 이산가족 문제의 해결 과정에 포함시켜 단계적으로 풀어야 한다는 북측의 기존 입장이 변하지 않았음이 재확인된 셈이다.
남측은 그동안 장관급 회담 및 적십자 회담 때마다 북측에 국군 포로.납북자의 별도 상봉 추진을 요구해 왔으나 북측은 “국군 포로와 납북자 문제는 없다“는 입장을 완강히 고수해 왔다.
그러다가 2000년 11월 2차 상봉 행사에서 1987년 납북된 동진 27호 갑판장 강희근씨와 남측의 어머니 김삼례씨를 상봉시킨 이후 지난 5월 15차 상봉까지 국군 포로 및 납북자를 '특수 이산가족' 범주에 포함시켜 극소수의 가족을 상봉시킴로써 지금까지 총 16 가족 73명의 납북자 가족이 상봉할 수 있었다.
또 작년 4월 열린 제7차 적십자 회담에서 줄다리기 끝에 '전쟁 이후 시기 행불자 문제에 대한 협의.해결'에 합의하면서 납북자 문제 해결에 조금씩 진전된 태도를 보이는 듯 했지만, 여전히 일반 이산가족 속에 2 3명씩 포함 시는 데 그치고 있다.
6.25전쟁 후 납북자 3천 790 명 가운데 3천 305명이 귀환했으나 미귀환자가 아직 485명인 점을 감안하면, 이런 속도로는 납북자 전원의 상봉까지는 멀기만 하다.
국군 포로의 상봉 가족도 20 가족에 불과하다.
이러한 북한의 매우 소극적인 입장의 배경엔 국군 포로 및 납북자의 별도 상봉 등이 북한의 납치를 인정하는 결과를 낳는 파장에 대한 우려가 깔려 있는 것으로 보인다.
2002년 북 일 정상회담 때 일본인 납치에 대한 '고백 외교'를 통해 문제를 풀려했으나 실패한 전례도 북한의 더 적극적인 호응을 가로막는 한 요인으로 보인다.
김정일 위원장의 결단이 필요한 국군 포로 및 납북자의 상봉 확대 문제가 이번 남북 정상회담에서도 해결하지 못한 만큼 당분간은 종전처럼 일반 이산가족 상봉에 얹혀 소수의 가족만 상봉하는 방식이 유지될 전망이어서 납북자와 국군 포로 가족들의 강한 반발이 예상된다.
그러나 이 문제가 북한 체제와 직결되는 민감한 사안이라는 점에서 북한이 일반 이산가족 상봉의 틀을 고집하면서도 상봉자의 수는 늘려 갈 수 있을 것이라는 예상도 있다.
고유환 동국대 북한학 과 교수는 “납북자나 국군 포로 문제는 아마 선언에 담기 어려웠을 것“이나 “광의의 이산가족 개념에 포함돼 있는 만큼, 이산가족 상봉을 확대하기로 한 합의는 납북자나 국군 포로 가족에 대해서도 상봉을 확대하는 것을 뜻할 것“이라고 분석했다.
이번 선언에서 남북이 자연 재해를 비롯한 각종 재난에 동포애와 상부상조의 원칙에서 적극 협력해 나가기로 합의한 것은 이번 정상회담 직전의 북한 수해와 2004년 평안북도 룡천 폭발 사건 등 북한의 대규모 자연 재해와 인재 때 남측의 구호.복구 지원 사례가 쌓인 결과자, 남북 간 신뢰 구축에 기여하는 합의가 될 것으로 보인다.
이 합의에 따라 앞으로 남북 간 인도주의적 협력이 더욱 확대될 전망이다.
중국 '남북 평화 번영 선언' 반응과 평가 중국은 4일 남북 정상들이 발표한 '남북 관계 발전과 평화 번영을 위한 선언'에 대해 관례에 따라 정부 논평을 내놓지 않고 있지만 환영한다는 반응을 보였다.
남북 정상회담이 북핵 해결의 원동력이 되기를 바라고 있는 미국과는 달리 중국은 지속 가능한 경제 성장과 베이징올림픽의 성공적 개최를 위한 한반도의 안정과 평화를 기대하고 있기 때문이다.
중국은 특히 조화 사회 구현을 위해 상대적으로 낙후한 동북 3 성 지역 개발에 박차를 가하고 있는 시점에 열린 이번 남북 정상회담의 성과를 동북아 자유 경제 무역 지구 건설로 연결시킨다는 계획이다.
다시 말해 한반도의 안정과 평화 체제 정착으로 경제 성장에 전력 투구할 수 있게 된 것은 물론 동 북 지역 경제 성장에 탄력까지 받을 수 있게 되니 중국 입장에서는 금상첨화(錦上添花)이라는 것이다.
이에 따라 이번 회담의 결과는 “한반도 및 동북아 평화와 안정을 위한 것은 모두 지지한다“는 중국 정부의 공식 입장을 충족하고 있어 공동 선언을 적극 환영한다는 분위기가 주조를 이루고 있다.
이에 앞서 중국 외교부는 “남북 정상회담은 한반도 7 천만 인민의 근본 이익에 부합하는 것이며 한반도 평화와 안정에 유리한 것“이라며 이번에 좋은 성과를 얻기를 기대한다고 밝혔다.
이와 관련, 퍄오젠이(朴健一) 중국사회과학원 한반도문제연구센터 주임은 이번 공동 선언에 대해 “남북 관계가 상호 존중과 신뢰 관계로 격상되는 획기적인 계기를 마련했다“고 평가했다.
그는 잇어 “남북 관계는 연말쯤 북핵 6자 회담 진전과 맞물려 평화 체제 구축이 현실화될 것“으로 전망하고 “이는 한반도는 물론 동북아 관계에 일대 지각 변동을 가져올 것“으로 내다봤다.
리둔추(李敦球) 중국 국무원 한반도연구센터 주임도 이번 공동 선언이 “남북 관계 역사상 큰 획을 긋는 새롭ㄴ 이정표“라고 표현하고 동북아 평화 정착과 안정적인 발전에 기여할 것이라며 환영했다.
그는 “이번 공동 선언으로 북한의 개혁 개방이 촉진될 것이 특히 나선 직할시가 가장 먼저 개방될 가능성이 높다“고 언급해 중국이 나선 직할시를 동북아 자유 경제 무역 지구 후보지로 보고 있음을 시사했다.
중국 국무원 소속인 리 주임은 특히 “중국 정부가 공식 논평을 내놓지 않고 있지만 남북 합작을 적극 희망하고 있어 10.4 공동 선언에 대해 환영하는 태도를 보이고 있다“고 전했다.
진징이(金景一) 베이징대 조선문화연구소 소장은 이번 공동 선언과 관련, “굉장히 파격적인 것“이라고 깜짝 놀라면서 “상징적인 내용이 아니라 실질적인 내용을 담은 상상 밖의 합의 사항“이라고 말했다.
DJ “평화 선언 합의 잘됐다“2000년 6.15 남북정상회담의 주역인 김대중(金大中.DJ) 전 대통령은 4일 노무현 대통령과 북한 김정일 국방위원장의 `2007 남북 정상 선언' 합의와 관련, “잘됐다“고 평가하며 환영의 뜻을 밝혔다.
이날 광주 디자인 비엔날레 참석차 광주 방문 길에 오른 김 전 대통령은 KTX를 타고 가던 도중 10.4 선언 소식을 접하고 수행원으로 동승한 박지원 비서실장과 안주섭 전 청와대 경호실장에게 이 같이 말한 것으로 알려졌다.
김 전 대통령 측은 “남북정상회담 합의 소식이 전해지자 김 전 대통령은 크게 기뻐하면서 환영하는 분위기였다“고 전했다.
김 전 대통령은 이날 용산역에서부터 광주행 KTX에 탑승한 뒤에도 수행원의 지상파 DMB 폰을 통해 실시간으로 남북정상회담 관련 속보를 지켜 봤다.
특히 김 전 대통령은 대전 역에서 잠시 정차했을 때 역 관계자의 협조를 얻어 문서로 출력된 `남북 관계 발전과 평화 번영을 위한 선언' 합의문 전문을 입수, 이를 꼼꼼히 읽을 정도로 큰 관심을 나타낸 것으로 전해졌다.
최경환 공보 비서관은 연합뉴스와의 통화에서 “김 전 대통령은 남북정상회담에 대한 구체적인 평가와 향후 남북 관계 전망 등에 대해서는 내일 열리는 디자인 비엔날레 개막식 연설과 지역 인사들과의 오찬에서 말씀하실 것 같다“고 밝혔다.
한편 김 전 대통령은 이날 오후 KTX편으로 광주에 도착, 5.18 국립 묘지를 참배한 뒤 김대중컨벤션센터에서 열리는 광주 디자인 비엔날레 상징 조형물 점등식 등에 참석한다.
또 5일에는 디자인 비엔날레 개막식에 참석, `세계 디자인 평화 선언' 기조 연설을 한 뒤 국내외 유명 디자이너 및 지역 인사 70여 명과 오찬을 함께 할 예정이다.
농업 협력 물꼬 터지나 2007 남북 정상회담을 계기로 현재 '개점 휴업' 상탠 농업 협력도 협력 농장, 조림 사업 등을 중심으로 다시 활기를 보일 것으로 기대된다.
그동안 개혁.개방 부담에 농업 인력 교류를 극도로 꺼려 온 북한 측의 태도가 어느 정도까지 전향적으로 바뀔지가 향후 사업 성패의 관건이 될 전망이다.
◇ 농업협력위에서 협동 농장.조림 사업 논의 4일 평양에서 발표된 '2007 남북 정상 선언'에서 농업 협력 방안은 보건.의료, 환경 보호 등의 분야와 함께 “협력 사업을 진행해 나가기로 했다“고 짧게 언급됐다.
이에 따라 정부는 앞으로 2차 남북농업협력위원회를 조속히 개최, 시범 협동 농장 운영, 종자 개발.처리 시설 지원, 산림 녹화.병충해 공동 대응 등을 추진할 방침이다.
한마디로 2005년 8월 개성에서 열린 1차 협력위에서 양측이 합의한 뒤 실천으로 옮기지 못한 ▲ 협동 농장을 통한 육묘 시설.비료.농약.농기계.영농 기술 지원 ▲ 현대적 종자 생산 및 가공.보관.처리 시설 지원 ▲ 우량 유전 자원 교환, 재배 기술 개발 협력, 병해충 관리 체계 구축 ▲ 축산.과수.채소.잠업 분야 협력 ▲ 공동 양묘장 조성과 산림 병해충 방제 등을 다시 챙기겠다는 얘기다.
당시 남북은 이 사업의 실행을 위해 실무 협의를 개최하기로 했으나, 이후 지금까지 2년이 넘도록 실무 접촉 한 번 갖지 못한 상태다.
남북 협동 농장은 남측의 기술.자본과 북측의 노동력을 결합, 북의 농업 생산성을 끌어 올릴 수 있는 가장 효과적 방법으로, 지난 1차 협력위에서부터 핵심 사업으로 거론돼 왔다.
그러나 북측이 남한의 인력과 물자가 대거 농촌 현장에 투입되는 것을 꺼려 지금까지 제대로 추진되지 못하았다.
현재는 통일농수산사업단, 한민족복지재단 등 일부 민간 단체가 주도하는 협동 농장 사업만 명맥을 유지하고 있다.
그러나 이번 정상회담을 수행한 임상규 농림부 장관은 방북 직전 “(협동 농장에 대한) 북한의 태도도 바뀔 것“이라며 재추진과 성사 가능성에 자신감을 내비쳤다.
그동안 경기도 등 일부 지자체와 민간 단체를 중심으로 전개돼 온 대북 조림 사업도 이번 정삼 회담을 계기로 정부 간 협력 사업으로 확대될 가능성이 있다.
북한의 산림은 70년대 이후 다락 밭(계단 밭) 조성과 땔감용 벌목으로 현재 20% 정도가 완전 '민둥산'일 만큼 황폐화가 심각한 것으로 알려지고 있다.
이는 북한에서 해마다 반복되는 막대한 수해의 원인으로도 지목되고 있다.
묘목.양묘장 건립 등 대북 조림 사업과 기후 변화 협약에 대비한 청정 배출 체제(CDM) 사업을 연계하는 아이디어도 정부 안팎에서 거론되고 있다.
북한 내 산림 조성에 대한 반대 급부로 탄소 배출권을 얻어 국내 기업에 활용하도록 하자는 것이다.
김경규 농림부 구조 정책 과장은 “임 장관이 이번 방북 기간에 농업협력위원회의 구체적 개최 일자까지 북측과 논의했는지는 확인되지 않고 있다“며 “가급적 빨리 열어 그동안 진전이 없었던 협동 농장 사업 등을 논의할 것“이라고 밝혔다.
◇ 농업 특구, 상생 농업 체제 등으로 확대 기대 2차를 시작으로 이어질 농업협력위가 앞으로 원만히 진행된다면, 협동 농장 이상의 단계로까지 논의가 진전될 가능성도 있다.
사실 이번 정상회담에 임 장관은 농림부 내부 조율과 민간 단체 등의 의견 수렴을 거쳐 ▲ 농업 특구 조성과 양돈.인삼 등 경협 사업 ▲ 남북 상생 농업 체제 확대 ▲ 남북 당국 간 농업 협력 시스템 구축 등을 주요 의제로 추려 방북 길에 오른 것으로 알려졌다.
그러나 선언문에 이런 내용들이 반영되지 않은 것은, 시간상 정상회담에서 구체적으로 거론조차 되지 못하았거나 북측이 “너무 앞서 나간다“며 거부했기 때문으로 분석된다.
우선 '남북 농업 협력 특구' 구상은 현재 제조업 부문의 '개성 공단 특구'와 마찬가지로, 남한의 자본.기술과 북한의 노동력.토지를 결합하는 방식의 본격 경협 사업이다.
이는 남측 영농 사업체나 기업 등의 투자를 전제로 한다.
현재 남북협동농장을 운영하고 있는 통일농수산사업단(포럼)은 북측의 주요 농업 지대에 농업 특구를 지정, 공동 개발할 경우 농업 생산성과 토지 이용률을 30%씩 높여 북의 식량 생산 능력을 획기적으로 복구할 수 있다는 분석을 내놓은 바 있다.
또 초기에 개성 공단 배후 지역 1개 군을 협력 특구로 지정한 뒤 점차 황해도 전역으로 확대하는 방안도 제시하고 있다.
양돈이나 인삼이 농업 특구를 통한 경협 대상으로 우선 거론되는 것은, 현재 이들이 북한의 수출품으로서 나름대로 경쟁력을 갖추고 있기 때문이다.
'남북 상생 농업 체제' 제안은 공동 식량 계획, 공동 농업 정책 등과 관련이 있다.
농업 특구나 협동 농장을 통한 경협 사업이 본궤도에 오르고 북한의 농업 생산성이 어느 정도 수준을 회복하면, 남북 간 비교 우위를 고려해 식량 계획이나 농업 정책을 함께 짜는 단계로까지 협력 수준을 높이자는 얘기다.
예를 들어 남한의 쌀과 북의 옥수수.콩.감자 등을 상호 교역하거나 남북 전역에 걸쳐 품목별 생산 기반을 재배치, 조정하는 방안 등을 검토할 수 있다.
이 두 구상은 모두 그동안 쌀과 비료 등의 일방적 지원으로 빚어진 '퍼 주기' 논란에서 벗어나 북한은 농업 생산력 회복과 식량난 해소, 남한은 재정 부담 완화와 개방 대비 활로 찾기 등을 기대할 수 있는 '윈/윈' 전략이다.
◇ 난제도 많아 그러나 향후 남북 농업 협력 사업이 기대만큼 진전되기 위해서는 북한 측의 인식 변화가 우선이라는 지적이 많다.
북한이 협동 농장을 통한 인력과 물자 교류를 계속 '체제 위협'으로 느끼고 지금처럼 돈과 장비 지원만을 요구하는 한, 협력의 실질적 성과나 확대를 기대하기 어렵기 때문이다.
일부에서는 북한 측의 극심한 식량난을 고려할 때 남북 협동 농장이나 농업 특구에서 생산된 농산물을 남측이나 해외로 반출 또는 수입한다는 구상 자체가 불가능하다는 지적도 있다.
또 남측 생산자들 사이에서도 품목별로 북한 측 농산물의 반입 등에 반발하는 등 이해 관계가 엇갈리는 실정이다.
이에 따라 전문가들은 2차 농업협력위원회(차관급)든 남북 농림 장관 회담이든, 실무적 협의가 가능한 대화 창구를 다시 마련하는 일이 무엇보다 시급하다고 강조하고 있다.
농촌경제연구원 김영훈 박사는 “일단 실무 회의를 빨리 열어 양측이 농업 협력 추진 과정에서 어떤 문제를 갖고 있는지 솔직히 터 놓고 해결 방안을 찾아야 한다“고 조언했다.
김 박사는 잇어 “일단 이번 정상회담 선언의 다른 합의 항목들의 깊이나 구체성 등으로 미뤄, 분위기상으로는 농업 분야 협력 논의도 충분히 농업 특구 등의 수준까지 진전될 가능성이 있다“고 전망했다.
김정일'대전환 결단' 내렸나 수시 정상회담과 총리 국방 회담 남북 연합 진입 단계?
6자 회담서 핵 해결 의지 생존 번영을 위한 국제 환경 구축 노력 6자 회담과 남북정상회담의 합의가 이어지면서 북한 김정일(金正日) 국방위원장이 실제로 전략적 결단을 내린 것이 아니냐는 관측이 제기된다.
노무현(盧武鉉) 대통령과 3일 간의 정상회담을 통해 김 위원장은 '6.15 공동 선언의 고수와 구현'을 포함한 8개 항의 '남북 관계 발전과 평화 번영을 위한 선언'에 합의했다.
6.15 공동 선언이 남북한이 지향할 방향성을 제시한 선언이라면 이번 '10.4 선언'은 남북한이 전면적인 협력과 교류를 통해 공동체를 실현하기 위해 추진해야만 하는 구체적이고 실천적인 내용을 담은 것이다.
그동안 수많은 남북 간 합의처럼 합의에 그치는 것이 아니라 실질적인 실천을 통해 남북 관계 발전을 한 차원 높인다는 것이 이번 선언에 담긴 정신이다.
노 대통령과 김 위원장은 특히 총리 회담과 경제 부총리가 참여하는 경제 공동 위원회, 남북 국방장관 회담 등을 열기로 합의했고 정상회담도 “수시로“' 열기로 의견을 모음로써, 사실상 통일이 진행 중이라는 평가를 받고 있는 남북 관계가 남북 연합 단계로 진입하는 여건이 갖춰지고 있는 셈이다.
중요한 것은 이러한 합의에 김정일 국방위원장이 동의했다는 점이다.
사실 이번 선언은 2 3개 조항을 제외하고는 대부분 남측이 준비해 간 제안을 북한이 수용해 이루어진 것으로 알려졌다.
노무현 대통령에 따르면, 김정일 위원장은 3일 오전 첫 회담에서 개혁.개방과 협력을 위한 남측의 제안에 '불신감'을 피력했으나 오후 회담에서 남측의 제안을 대폭 수용하는 쪽으로 입장을 전환한 셈이다.
북한의 이러한 태도는 6자 회담에서도 동일하게 나타나고 있다.
지난주 중국 베이징에서 열린 제6차 6자 회담 2 단계 회의에서 북한은 미국이 연내 테러 지원국 해제를 명시하지 않으면 연내 불능화와 핵 프로그램 목록 신고를 할 수 없다고 버티다가 결국 자신들의 입장을 관철하지는 않은 채 비핵화 조치에 합의했다.
'말 대 말', '행동 대 행동' 원칙을 금과옥조로 여기는 북한의 달라진 모습에서 핵 문제 해결 의지를 읽을 수 있다는 것이 대체적인 평가다.
이에 따라 김정일 국방위원장이 북한을 둘러싼 국제 정세에 적극 참여해 자신에게 유리한 방향으로 이끌기 위한 주도적 행동에 나선 것 아니냐는 관측이 나오고 있다.
사실 이번에 10.4 선언을 낳은 남북정상회담이 열린 것 자체가 김 위원장이 남측의 개최 제의를 전격 수용하면서 가능했다.
여러 면에서 김 위원장이 6자 회담을 통해선 비핵화를 진전시키면서 북미 관계를 정상화시켜 나가고, 남북정상회담을 통해선 남북 관계를 한 단계 업그레이드함로써 한반도의 남북 공존 구조를 공고히 하려는 노력이 드러나고 있는 셈이다.
10.4 선언의 제4항에서 “남과 북은 현 정전 체제를 종식시키고 항구적인 평화 체제를 구축해 나가야 한다는 데 인식을 같이하고 직접 관련된 3자 또는 4자 정상들이 한반도 지역에서 만나 종전을 선언하는 문제를 추진하기 위해 협력하기로 했다“는 대목도 마찬가지다.
김 위원장은 6자 회담을 통해 북미 관계를, 남북정상회담을 통해 남북 공존 관계를, 3자 혹은 4자 정상회담을 통해선 한반도를 포함해 동북아 평화 체제를 구축함로써, 북한의 생존과 경제 재건을 도모할 수 있는 2 중,3 중,4 중의 안전 보장 체제를 만들어 가겠다는 큰 그림을 그리고, 현재 이러한 구상에 따라 조심스럽게 움직여 나가고 있다는 지적이다.
일본도 대북 강경 정책 일변도의 아베 신조(安倍晋三) 총리에서 후쿠다 야스오(福田康夫) 총리 체제로 바뀌면서, 북한의 경제 재건에 필수적인 북 일 관계 역시 호전될 조짐을 보이고 있다.
정부 당국자는 “김정일 위원장은 적대적 환경에 포위된 현재의 상황을 타개하고 발전을 이룰 수 있는 국제 정치 환경을 만들겠다는 결심을 한 것 같다“며 “앞으로 북측의 적극적이고 주도적인 움직임이 계속될 것“이라고 내다봤다.
일본 언론, 합의 평가 속 실천 가능성 주목 일본 언론은 노무현(盧武鉉) 대통령과 김정일(金正日) 북한 국방위원장이 4일 한반도 정전 체제 종식 및 평화 체제 구축을 위한 3~4자 정상들의 협의 등을 담은 선언문에 서명한 데 대해 “7년 전의 남북 공동 선언에서 하지 못하았던 군사 분야에서의 합의가 처음으로 포함됐다“고 평가했다.
그러면서도 일부 일본 언론은 잔여 임기가 5개월밖에 남지 않은 정권에서 이를 얼마나 이행할 수 있을지가 과제며 한국 내에서도 차갑ㄴ 반응이 나오고 있다고 지적하는 등 비판적인 시각을 거두지 않았다.
아사히(朝日)신문을 비롯해 각 신문은 이날 석간 1 면 톱 기사를 모두 남북 정상회담 선언문으로 채웠다.
아사히 신문은 '한국전쟁 종결을 위한 4자 협의'이라는 제목의 톱기사를 통해 공동 성명의 주요 내용을 상세하게 전했다.
신문은 이번 선언을 통해 대규모 경제 협력을 진전시켜 한반도의 비핵화와 긴장 완화를 지향하고 있다고 설명했다.
동시에 아사히 신문은 “(선언에서) '남북은 군사적 적대 관계를 종식시키고 한반도에서 긴장 완화롸 평화를 보장하기 위해 긴밀히 협력하기로 했다'고 명시해 2000년 정상회담에서는 할 수 없었던 군사 분야에서의 합의가 처음으로 포함됐다“고 평가했다.
요미우리() 신문도 1면 톱 기사에서 “올해 11월 중에 남북 총리.국방장관 회담 개최도 명기돼 있다“며 10.4 선언 내용을 소상히 전했다.
그러나 신문은 “남북 관계는 앞으로 `남북 관계 발전과 평화 번영을 위한 선언'을 축으로 진전되게 됐지만 남은 임기가 약 5개월인 현 정권이 얼마나 이를 이행하고 다음 정권에 넘길지가 과제가 됐다“고 지적했다.
니혼게이자이(日本經濟) 신문은 “남북 정상이 폭넓은 관계 강화를 이룬 것은 북한 핵 문제와 북 일 관계의 행방에도 영향을 끼칠 것으로 보인다“며 “다만 일본 정부가 한국 측에 북한에 의한 일본인 납치 문제를 협의하도록 요구했지만 정상회담에서 납치 문제가 다뤄졌는지는 불분명하다“고 지적했다.
니혼게이자이는 “특히 한반도에서 본격적인 평화 체제를 구축하는 데는 북핵 문제 해결이 불가피하고 미국, 중국과의 사전 협의가 불가피하다“며 “또 남북한 경제 협력이 어디까지 이루어질지도 불투명한 상황이어서 이런 합의를 이행하는 데 난관도 적지 않다“고 지적했다.
마이니치(每日)신문은 연합뉴스의 보도를 인용해 “남북 정상이 한국전쟁 종결을 위해 협력하기로 했다“고 보도했다.
교도(共同)통신은 “12월 한국 대선에서는 보수 최대 야당인 한나라당이 우세하다“며 “노 대통령은 회담의 성공을 계기로 대북 화해 정책을 계속해 온 여당계 세력을 지원하려는 생각이 있는 것으로 보인다“고 지적했다.
한편 요미우리 신문은 노 대통령이 전날 아리랑 공연을 관람하면서 두 차례 기립 박수를 친 데 대해 조선, 중앙, 동아일보 등이 일제히 비판하고 나섰다고 전했다.",396,40207
iks_doc_2007_hankyoreh_006,Hankyoreh 2007 annotated text file unicode.txt,Hankyoreh,한겨레,2007,2007_october_summit,아사히 신문은 김정일 국방위원장이 전날 노 대통령에게 하루 더 북한에 머물ㄹ 것을 제안하는 등 예측 불가능한 언동을 했다며 이에 대해서 “외국 미디어를 의식했다“,,"“회담에서 주도권을 쥐기 위한 것이다“이라는 등 다양한 억측이 나오고 있다고 전했다.
서북 해역 군사력 작전 변화 불가피 남북 해상 전력 후방 재배치 효과 기대“북한 군부 '통큰 결단'한 듯“한강 하구와 연평도 해역을 포함하는 해주만에 '서해 평화 협력 특별 지대'(이하 특별 지대)가 설정되면 중장기적으로 서북 해역의 군사력 재배치와 작전 개념의 변화 가 뒤따를 것으로 전망된다.
정부는 4일 특별 지대 설치와 더불어 한강 하구~연평도 사이의 어로 불가능 지역은 평화 수역으로 설정된다고 설명했다.
특히 정부는 “해주를 비롯한 서해 지역은 남북 군사력이 밀집된 곳으로 이 지역에 경제 협력 특구가 조성될 경우 군사적 긴장을 크게 완화할 것으로 기대한다“고 강조했다.
해군력이 밀집된 해주 지역을 비롯한 강령군 일대가 경제 특구로 지정돼 민간 선박의 왕래가 빈번해지면 군사적 긴장이 완화되고 이에 따른 군사력의 변화가 예상된다는 기대감을 피력한 것으로 보인다.
군사 전문가들은 특별 지대가 선포되면 중장기적으로 서북 해역의 남북 군사력과 작전 개념이 어떤 형태로든 변화가 있을 것으로 관측하고 있다.
군사적 충돌 위험성이 상존하고 있는 서해상에서 평화 경제 사업이 활성화하면 신속 공격 능력과 막강한 화력을 갖춘 함정들의 작전 소요가 완화되고 이에 따른 해상 전력의 후방 재배치가 예상된다는 것이다.
군사적 측면에서 서북 해역 방어 문제는 남북한 모두 상당한 중요성을 부여하고 있는 사안이지만 이번 합의를 계기로 양측 군 당국이 원하든 원하지 않든 간에 해상 전력의 후방 재배치는 자연스럽ㄴ 흐름이 될 것으로 관측하는 전문가들도 있다.
이 때문에 북한 군부의 강경파들이 이번 정상회담에 대비해 '통큰 결단'으로 협상력에 무게를 싣어 준 것 아니냐는 분석도 나오고 있다.
그간 북한 군부는 한강 하구에 대한 경제 협력 사업 뿐 아니라 해주 경제 특구 등에 완강히 반대해 왔기 때문이다.
이런 이유로 다음 달 평양에서 열리는 남북 국방장관 회담에서 한강 하구 골재 채취와 임진강 수해 방지 사업, 경의선 철도.도로 통행에 필요한 군사적 보장 조치 등에 대한 합의가 쉽게 이루어질 것이란 전망도 나온다.
이와 함께 서북 해역의 남북 해상 전력과 북측 강령 반도의 군사력 변화는 남북 군비 통제를 전반적으로 촉진하는 계기가 될 가능성도 점쳐지고 있다.
해주에는 해군사령부 예하 서해 함대 사령부 소속 6개 전대, 420여 척의 함정이 배치돼 있다.
함정 대부분은 경비정과 유도탄 고속정, 어뢰정, 화력 지원정 등으로 170 400t급의 소형 전투 함이다.
어뢰정과 유도탄 고속정 등 400여 척이 연안 경비를 담당하고 있으며 이들 함정의 60% 이상은 서해 북방 한계선(NLL) 인근의 해주와 사곶 등 서해안 지역에 전진 배치돼 있다.
북한은 또 사곶, 해주, 옹진 반도 등 서해안 주요 기지에 사거리 20㎞에 가깝ㄴ 70 100mm 해안 직사포를 다수 배치해 놓고 있다.
사거리가 83 95㎞에 달하는 샘릿/NNP, 실크웜 지대함(地對艦) 미사일도 NLL 인근 해안에 배치돼 있다.
이에 대해 우리 해군은 평택 제2 함대 소속 1천 200~3천 500t급 구축함과 호위함, 초계함 등 10여 척을 비롯 대잠 헬기 등을 보유하고 있다.
연평도 일원에 하푼 대함 미사일과 고속정 편대를, 대청도에 해병 여단과 해안포, 레이더 기지를 각각 갖추고 있다.
특히 구축함(3천 500t급)과 호위함(2천t급), 초계함(1천t급) 등을 보유, 500t급 이상 함정을 2척밖에 보유하지 못한 북한 해군에 비해 원거리 작전 수행 능력을 갖춰 절대적인 전투력 우위에 있다.
백령도에는 북측 황해도 방사포 기지를 타격할 수 있는 신형 자주 포를 배치해 놓고 있다.
정부 관계자는 “서해 지역의 평화 정착 방안이 마련되면 안보 불안 요인이 해소돼 한반도에 지속 가능한 실질적 평화를 보장하는 계기가 될 것“이라며 “특별 지대가 설정되면 장기적으로 남북 군비 통제에도 긍정적인 영향을 줄 것“이라고 말했다.
경제 전문가 “경협 큰 진전 질적 변화 추구“경제 전문가들은 4일 남북 정상회담에서 합의돼 발표된 10.4 선언 중 경제 협력 분야와 관련, 추상적이었던 이전의 합의보다 구체적인 내용을 담고 있는 등 획기적으로 진전됐다며 양측이 경협의 질적 변화를 추구했다고 평가했다.
▲ 김석진 산업연구원 부연구위원 = 남북 경협의 성과물이 아주 획기적이고 진전됐다고 볼 수 있다.
가장 중요한 것이 '서해 평화 협력 특별 지대' 설치로 이는 북한이 개방 지역을 확대한다는 의미를 담고 있다.
개성 공단과 금강산 외에 해주 지역도 대외 개방하겠다는 것이다.
개성/신의주 철도와 개성/평양 고속도로 공동 이용을 위한 개보수 문제 등은 북한이 앞으로 육상 운송로를 열어 줄 가능성을 시사한다는 점에서 의미가 있다.
설비 투자를 할 땅이 없어 중국, 동 남 아로 진출하고 있는 우리나라 조선 산업에 개성 공단 형태의 '조선 협력 단지'를 설치하는 것도 큰 도움이 될 것이다.
가깝ㄴ 북한에서 땅과 인력을 빌릴 수 있다면 조선업의 호황이 계속될 수 있다.
6자 회담 등으로 핵 문제가 해결되면 남북 경협은 더 속도를 낼 것이고 경협이 확대되면 북한 경제는 직접적으로 엄청난 긍정적인 영향을 받고 남한도 장기적으로 효과를 얻을 수 있다.
남성욱 고려대 북한학 과 교수 = 이전까지의 경제 분야에 대한 남북 간 합의가 추상적이었지만 이번 합의 내용은 개성 공단 2 단계 개발 착수, 서해 평화 협력 특별 지대 설치 등 각론까지 포함된 구체적인 내용들이 많다.
차기 정부가 이번에 합의된 의제들을 계승할 수 있도록 하기 위한 것으로 보인다.
개성 공단 2 단계 개발 등의 사업은 예상보다 빨리 이루어질 수 있을 것으로 보인다.
하지만 개성/평양 고속도로 개보수, 안변.남포 조선소 건설 등은 예산이 들어가고 국민에 재정 부담을 줄 수 있다는 점에서 국회의 동의가 필요할 것으로 보이며 합의에도 불구하고 북핵 문제에서 진전이 있어야 가능할 것으로 보인다.
또 경추위가 부총리급 기구로 격상됐지만 투자를 위해 중요한 제도적 장치 해결에 필요한 협력이 구체적으로 개선되지 않은 것은 아쉽ㄴ 면이다.
동용승 삼성경제연구소 경제 안보 팀장 = 주목해야 할 부분은 경협에 관한 회담 구조의 변화다.
남북 장관급 회담이 총리급 회담으로 바뀌고 경추위를 부총리급 경제협력공동위원회로 격상시킨 것은 앞으로 남북 경협의 스케일이 커질 수 있다는 점에서 중요하다.
지금까지 남북회담을 통일부에서 주도했는데 앞으로는 경제 부처가 중심이 되기 때문에 경제 측면을 고려하는 경향이 강해질 것으로 보인다.
전반적으로 무리한 내용도 눈에 띄지 않는다.
남북 경협 차원에서 주목되는 부분은 개성 공단의 여건이 좋아질 수 있다는 것이다.
통행과 통신 문제를 합의한 것은 개성 공단 확대에 긍정적이다.
비용이 많이 들어가는 사업도 있고 차기 정부로 이어지는 사업도 있어 국회의 동의 등의 절차를 거쳐서 순차적으로 진행될 것으로 보인다.
시간이 걸리겠지만 좋은 내용들로 평가된다.
고유환 동국대 북한학 과 교수 = 남북 경협의 질적인 변화를 추구했다는 의미를 부여할 수 있다.
그동안 경협은 임가공이나 관광 차원에 머물렀지만 이번 합의는 남북 관계의 실질적 진전과 북한의 경제 재건을 위한 개발 지원 차원으로 발전했고 평화와 번영을 연계해서 공동으로 경제 발전을 모색하는 개념으로 접근했다.
북한의 개발 지원은 국회의 남북 관계 발전 법 개정 등의 논의를 거쳐서 시행되기 때문에 퍼 주기 논란은 우려할 사항이 아니라고 본다.
특히 서해 평화 협력 특별 지대 설치는 군사적 문제나 경제적 측면 등 한 가지 차원에서 개별적으로 접근해서는 쉽게 해결되지 않는 문젠데 북방 한계선(NLL) 등과 경제 특구를 패키지로 묶어 넓은 의미의 평화 협력을 추구했다는 점에서 의의가 있다.
군사 시설이 밀집해 어렵다는 견해가 있었지만 해주를 경제 특구로 추가 지정한 것은 북측이 긍정적인 입장을 보여 준 것으로 평가된다.
조동호 이화여대 북한학 과 교수 = 남북 경협과 관련해 잘된 선언문으로 평가할 수 있다.
1차 남북정상회담과 비교해 볼 때 경협 지역도 넓고 사업도 구체적이다.
서해 평화 협력 특별 지대는 그동안 꽃게 등으로 충돌이 있었던 지역인데 서로 협력하기로 합의했다는 점에서 긍정적이다.
다만 NLL 문제와 관련해 안보나 이런 측면에서 불안을 주지 않아야 한다.
북한은 기존에 이미 남포와 안변 지역에 조선소를 짓으면서 남북 협력을 희망해 왔다.
그러나 현재 그곳에 있는 조선소의 크기가 매우 작아 '조선 협력 단지'를 설치한다 해도 그렇게 큰 규모가 될 것 같지는 않다.
철도의 경우 문산/개성 간 화물 수송은 도움이 되겠지만 너무 짧은 거리어서 경제성이 없기 때문에 지켜 봐야 한다.
기본적으로 우리나라의 경제 규모가 세계 10위 권에 육박하는 상황이어서 남북 경협 확대가 우리 경제에 큰 영향을 미치지는 않겠지만 북한 경제에는 큰 영향을 줄 것이다.
서해 평화 지대 경협으로 분쟁 녹인다 남북이 그간 최대 분쟁 거리 가운데 하나였던 서해 바다를 매개로 경제 협력과 평화 무드 조성의 큰 발을 내디뎠다.
남북 정상이 해주와 주변 지역의 경제 특구 건설과 해주항 이용, 직항로 개설, 공동 어로 구역 설치 등에 합의함로써 분쟁의 불씨를 줄이면서 동시에 남북 경제 협력을 추진할 수 있는 대원칙을 마련했다.
정상회담에서 합의된 조치들이 실행에 옮겨질 경우 서해상의 무력 충돌 가능성 축소는 물론, 저렴한 비용에 기반한 생산 시설에 목말라하던 국내 기업과 수산 자원 고갈에 힘들어하던 어민들에게 상당한 경제적 이익도 가능할 전망이다.
북측 역시 공단 조성 등에 따른 '평화 배당금'을 기대할 수 있음은 물론이다.
◇ 군사 기지에 특구..경제.평화 두 마리 토끼 잡기 남북 정상 간 합의에 따라 경제 특구 건설지로 명시된 해주는 황해남도의 중심지다.
이 곳에 개방과 남북 협력을 상징하는 경제 특구가 건설되고 민간 선박의 해주항 이용이 가능하게 된다는 것은 단순한 경제 협력 이상의 의미를 갖는다.
해주는 개성 공단이나 서울에서 가까워 그간 거론됐던 남포나 원산, 신의주 등에 비해 국내 기업들의 선호도가 높았던 지역이다.
또 인근 신원 군 지역에서는 남북 합작 석회석 공동 개발이, 연안 군에서는 흑연광 개발이 진행 중이다.
그러나 이 곳은 북한 서해 함대의 중심 기지란 점이 최대 걸림돌이었다.
폐쇄 체젠 북으로서는 남한 기업들이 공장을 건설하고 남측 인사들이 수시로 오갈 수 있도록 개방하는 결정을 내리기 쉽지 않아 우리 측에서도 특구 건설 제안은 하지만 군사적 요인에 따른 제약이 있을 것으로 예상했었다.
하지만 '10.4 합의'로 이런 문제는 상당 폭 해소됐다.
여기에 우리 측 해상 안보의 기본 선인 북방 한계선(Northern Limit Line:NLL)을 넘나드는 항로(해주 직항로)의 민간 선박 이용도 가능해짐로써 좀 더 크게 보면 경제 자유 구역이 설치된 인천에서 해주까지 남북의 경계를 넘나드는 경제 중심의 평화 지대를 기대해 볼 수 있게 됐다.
지금도 채취 골재를 운반하거나 지원 식량 운송을 위해 연간 20척 가량의 배가 오가지만 인천항에서 해주항으로 가려면 NLL를 넘어 공해상으로 나간 뒤 다시 북한 수역에 진입해야 해 항로가 279마일에 이른다.
그러나 직항로가 개설되면 거리는 90마일로 단축돼 항해 시간이 16시간 정도 짧아진다.
임원혁 한국개발연구원(KDI) 연구 위원은 “당초 북이 받아들이기 어렵ㄹ 것으로 예상했던 해주에 특구가 설치되고 민간 선박 직항 문제 등이 허용됐다“면서 “파격적이지는 않지만 미래 지향적이며 현실적 타협안으로 볼 수 있다“고 평가했다.
제약 조건은 남아 있다.
서해 연안인 해주가 수심의 변동이 심한 데다 지금은 주로 군항으로 이용되는 탓에 경제적 관점에서는 준설 등의 사전 조치가 필요하다.
◇ 공동 어로 구역..해상 충돌 우려 줄인다 남북 정상이 서해 북방 한계선 인근 해역 중 한강 하구와 연평도 사이 어로 불가능 지역을 제외한 일부를 공동 어로 구역으로 설치하기로 합의함에 따라 2005년 제1차 남북 수산 협력 실무 협의회부터 논의돼 왔으나 남북 군사 회담 등에서 결론을 내리지 못하았던 이 문제 해결이 가시권에 들어왔다.
서해 평화 지대의 설정과 더불어 평화적인 공동 어로가 정착된다면 기대되는 가장 큰 효과는 과거 1999년과 2002년의 서해 교전과 같은 비극의 재발을 막을 수 있다는 점이다.
더구나 이 일대 공동 어로 구역 설치는 군사적 긴장 완화는 물론, 우리 어민들의 오랜 불만 대상이었던 중국 어선의 불법 조업 방지 효과도 기대된다.
2005년 한.중 간 경계가 획정되지 않았던 '과도 수역'이 각국의 배타적 경제 수역(EEZ)으로 편입되면서 조업 어장이 축소되자 중국은 자국 어민들의 북한 수역 입어를 장려해 왔고 이 과정에서 중국 어선들이 북한 수역에서 과잉.불법 조업을 해 북한뿐 아니라 남한의 수산 자원을 고갈시켜 왔기 때문이다.
홍성걸 한국해양수산개발원 남북 수산 협력 팀장은 “공동 어로 구역 설치는 무력 충돌의 가능성이 있었던 서해 수역에서 남북 간 적대 관계를 종식시키고 우발적 충돌을 방지할 수 있을 뿐만 아니라, 중국 어선의 불법 조업을 방지하고, 이 일대 어업 자원을 관리하고 보호할 수 있을 것“이라고 말했다.
◇ 평화 수역..남북의 '홍해 해양 평화 공원'으로 남북은 서방 북방 한계선 인근 해역 중 한강 하구에서 연평도 사이 어로 불가능 지역은 평화 수역으로 설정해 관리하기로 했다.
서방 북방 한계선 인근의 이 해역은 남북을 통틀어 유일한 자연형 하구와 대규모 연안 사구가 보존돼 있는 지역으로 세계적으로 멸종 위기에 있는 저어새와 노랑부리 백로, 대청부채, 물범 등 희귀 동식물이 집중적으로 서식하고 있다.
평화 수역 설정 시 이 일대의 군사적 긴장 상태가 완화됨는 물론 우리 민족의 소중한 자원인 이 일대의 환경을 보전할 수 있고, 나아가 해주 지역과 연계해 강화도에서 출발, 해주로 들어가 육로 관광 후 백령도로 돌아오는 환상형 생태.관광 자원으로도 발전시킬 수 있다는 분석이 나오고 있다.
이 같이 평화 수역을 지정해 성공적으로 운영한 사례로는 이스라엘과 요르단이 공동으로 지정.운영하는 홍해 해양 평화 공원을 들ㄹ 수 있다.
이스라엘과 요르단의 평화 협정과 아카바/아일랏 특별 협약을 바탕으로 설립된 홍해해양평화공원은 국제 환경 기금과 미국 대외 원조 기구 등 국제 기구의 자금 지원을 바탕으로 조성됐는데, 대내외적으로 평화 정착의 시작을 알리는 신호였을 뿐 아니라 고용 기회 창출 등 지역 경제 활성화로 국가 경제 발전의 원동력이 됐다.
범여권 '평화 번영 선언' 일제히 환영 대통합민주신당과 민주당은 4일 노무현 대통령과 김정일 국방위원장이 `남북 관계 발전과 평화 번영을 위한 선언'에 합의한 것과 관련, 한반도 평화 정착을 위한 획기적인 진전으로 평가하면서 환영의 뜻을 나타냈다.
대통합민주신당 이낙연 대변인은 국회 브리핑을 통해 “획기적인 합의다.
환영한다“고 평가한 뒤 “합의가 잘 이행되도록 국민 여러분은 성원해 주시기 바란다.
평화 정착과 공동 번영은 결국 우리의 이익“이라고 밝혔다.
최재성 원내 공보 담당 부대표는 “실용적인 회담이었고 놀랄 만한 진전이 이루어졌다“며 “평화가 거름이 돼 경제 분야의 합의를 이끌어 냈고, 경제라는 나무가 평화의 토양을 더욱 기름지게 할 것이다.
앞으로 남북이 경제 공동체의 길로 가면서 한반도 평화 체제는 훨씬 더 안정적으로 안착될 것“이라고 전망했다.
민주당 유종필 대변인은 “남북정상회담이 남북 간 신뢰 회복과 평화 체제 정착에 진전을 이룬 것으로 평가한다.
회담 결과에 대체로 환영한다“고 평가한 뒤 “핵 문제 해결을 위해 6자 회담 합의가 이행되도록 노력하기로 한 점도 다행이며 반드시 실천에 옮겨져 북핵이 완전 폐기되도록 해야 한다“고 주문했다.
유 대변인은 잇어 “하지만 국군 포로 및 납북자 송환 등 국민이 바라는 인권 문제에 진전이 없었던 점은 유감“이라며 “6.15 선언에 명시된 김정일 국방위원장의 서울 답방에 대한 언급이 없는 점도 아쉽다“고 덧붙였다.
한편 민주노동당 김형탁 대변인은 “적극 환영한다.
한반도 평화와 경제 공동체 건설을 위해서 큰 디딤돌을 하나 더 놓은 상당히 구체적이고 실질적인 성과가 있었던 회담으로 평가한다“며 “다만 군축 문제에 대해 더욱 구체적인 방안이 나오지 않은 점은 아쉽다“고 말했다.
동북아개발은행 추진 탄력 받나 남북 경협에 2015년까지 650 억 달러 필요 남북정상회담에서 '서해 평화 협력 특별 지대' 건설 등 각종 경제 협력 방안이 논의되면서 경협 지원 재원을 마련하기 위한 방안으로 동북아개발은행 설립 논의가 구체화될지 주목된다.
4일 산업은행의 '중장기 남북 경협 추진을 위한 재원 조달 방안' 보고서에 따르면 2015년까지 남북 경협에 650 억 달러 이상이 필요할 것으로 추정된다.
이처럼 막대한 재원을 조달하기 위해 산업은행은 주변국의 경제 지원과 국제 금융 기구로부터의 금융 지원 외에 역내 국제 개발 은행 설립을 제안한 바 있다.
정부도 정상회담을 계기로 대북 투자가 늘어날 경우 이를 정부 재원으로 부담하기보다는 민간이나 외국 자본을 유인하는 차원에서 동북아개발은행과 같은 국제 기구 설립을 모색하는 방안을 검토 중인 것으로 알려졌다.
동북아개발은행 설립 논의가 구체화된다면 국내에서는 일단 산업은행이 주도적으로 참여할 것으로 보인다.
2003년 동북아 금융 허브 추진 전략에서 개발 금융 전담 기관으로 선정된 산업은행은 2004년 중국 국가 개발 은행, 일본 미즈호은행과 동북아개발금융협의체(NADFC)를 결성하는 등 동북아 금융 협력에 꾸준한 관심을 기울여 왔기 때문이다.
김창록 산업은행 총재도 기회가 있을 때마다 산업은행이 북한을 비롯한 동북아 지역의 개발 금융을 선도해야 한다는 입장을 여러 차례 강조해 왔다.
그러나 실제 동북아개발은행이 설립되기 위해서는 넘어야 할 산이 많다는 지적이다.
현재 중국은 동북아개발은행 구상에 상당한 관심을 보이고 있는 것으로 알려졌지만 일본과 미국은 별다른 관심을 보이지 않고 있는 상황이며 참여 국가 간 이해 관계 조정도 쉽지 않을 것으로 보인다.
또 이미 아시아개발 은행(ADB) 등 지역 개발 국제 금융 기구가 있는 상황에서 새롭ㄴ 국제 기구를 다시 만드는 일이 쉽지 않을 것이라는 관측도 나오고 있다.
금융업계 관계자는 “동북아개발은행 추진 움직임에 대해 주시는 하고 있지만 현실적으로 시행될 수 있을지는 다소 부정적“이라면서 “현존하는 국제 기구 대신 새롭ㄴ 국제 기구를 만들어 자리잡는 것이 현실적으로 어렵고 동북아 지역의 정치 상황이 다른 개발 지역과는 다르다는 점에서 난관이 많다“고 지적했다.
'평화 번영 선언' 남북 관계 한 단계 도약 전기 마련 '구체적 사안 파격 합의' 평가 속 실천이 문제 노무현 대통령과 김정일 북한 국방위원장이 4일 서명한 `남북 관계 발전과 평화 번영을 위한 선언'은 노 대통령이 그동안 천명했던 대로 실질적인 남북 관계 발전의 방향과 내용을 담은 파격적인 합의로 평가된다.
지난 2000년 1차 정상회담의 결과물인 `6.15 공동 선언'이 남북이 가야할 지향 점을 설정한 추상적인 수준이었다면 이번 회담 합의문은 서해 평화 협력 특별 지대 설치, 종전 선언 문제 협의, 국방 장관급 회담 개최 등 상당히 구체적인 사안을 담고 있다.
이 때문에 일정 부분의 실무적인 협의만 더해진다면 곧바로 실행에 옮길 수 있을 것이라는 분석이 나오고 있다.
이날 합의한 8개 항은 모두 한국전쟁 이후 반 세기 동안 냉전 중인 한반도를 둘러싼 민감하고 굵직한 이슈들이어서 실천만 뒤따른다면 한 단계 발전된 남북 관계 형성의 전기가 될 것이란 전망이다.
이 가운데 가장 눈에 띄는 부분은 남북 경제 공동체 건설을 앞당기기로 한 부분이다.
노 대통령이 이번 회담에서 가장 공을 들인 것으로 알려졌다.
남북 경제 공동체 건설 합의는 경제 협력 확대 발전이 한반도 평화와 평화 통일에 안정적인 기초를 제공하고 있다는 데 남북이 기본 인식을 같이한 것이어서 그 의미가 작지 않다.
특히 동해와 서해에서의 조선 산업 협력, 개성/신의주 철도, 개성/평양 고속도로 공동 이용과 개보수 협력 등에 합의한 것은 남측에는 새롭ㄴ 투자 기회를, 북측에는 경제 발전에 기여할 수 있다는 점에서 새롭ㄴ 차원의 경협 추진 방향이라는 평가다.
또 개성 공단의 3 통(통행.통신.통관) 문제를 해결하고 철도의 상시적 운행을 위한 군사 보장에 합의함로써 경협의 장애 요인을 해소하기 위한 발판을 마련한 것으로 분석된다.
남북이 북핵 문제 해결을 위해 6자 회담과 9.19 공동 성명, 2.13 합의의 이행에 노력하기로 한 것은 애초 기대대로 6자 회담과 남북 관계 발전이 병행 발전하고 선순환할 수 있음을 입증한 것으로 풀이된다.
여기에 한 발 더 나아가 정전 체제의 평화 체제 전환을 위해 관련국들이 한반도에서 종전 선언 문제를 논의하기로 한 부분은 두 정상의 강한 의지 뿐 아니라 미국과 중국 등 관련국의 의지도 일정 부분 담긴 것이 아니냐는 추정이 나오고 있다.
지난달 노 대통령이 조지 부시 미국 대통령과 후진타오 중국 국가 주석과 잇따라 정상회담을 갖고 평화 체제 전환 문제에 대한 적극적인 지지 의사를 이끌어 낸 연장선상에서 이 같은 합의가 도출됐기 때문이다.
하지만 종전 선언을 위한 다자 정상회담은 남북 정상의 추진 의지에도 불구하고 북핵 문제와 연관돼 있는 데다 미국이 북핵 해결 전까지는 종전 선언을 위한 정상회담이나 협의에 응하지 않기로 한 만큼 당장 이루어지기는 쉽지 않을 것이란 전망이다.
합의 내용과는 별개로 이 문제와 관련한 김 위원장의 육성이 공개되지 않은 점은 아쉬움으로 꼽힌다.
서해상 평화 정착과 남북 간 군사적 신뢰 구축 방안 마련을 위해 11월에 국방장관 회담을 열기로 한 것도 남북 관계를 안정적이고 균형적으로 발전시키는 토대를 마련한 것으로 평가된다.
이번 합의의 특징은 모든 회담을 격상시켜 향후 남북 간 합의 수준을 높이려는 두 정상의 강한 의지가 담겨 있다는 점이다.
차관급이 맡아 왔던 경제협력추진위원회(경협위)를 부총리급이 단장인 경제협력공동위원회로 격상시키는 한편 장성급 회담과 별개로 국방 장관급 회담을 개최하기로 해 그 위상을 강화시켰다.
이런 추세라면 현재 분기별로 열리고 있는 장관급 회담도 향후 총리급으로 격상될 가능성이 높다.
이번 합의가 구체성을 담고 있는 데다 그 방향도 국민 정서에 크게 어긋나지 않는다는 점에서 정권이 바뀌더라도 거꾸로 돌리기는 어렵지 않겠느냐는 분석도 조심스레 나오고 있다.
다만 서해상에 `영토 개념'의 북방 한계선(NLL)이 엄연히 존재하는 상황인 만큼 공동 어로 수역 지정과 서해 평화 협력 특별 지대 설치 등은 추진 과정에서 상당한 진통이 뒤따를 수도 있는 부분이다.
남북 정상이 현안 협의를 위해 `수시로' 만나기로 합의문에 명시한 것도 성과로 꼽히지만 애초 정례화까지 추진했다는 점에서는 다소 미흡하다는 지적이다.
하지만 청와대는 “남북 관계가 국가 간 관계가 아니라는 점에서 정례화라는 표현을 사용할 수 없다는 북측 입장을 받아들여 수시로 만나자는 용어로 합의했지만 이는 사실상 정상회담의 정례화에 합의한 것“이라고 밝혔다.
그러나 정례화 문제와는 별개로 김 위원장의 서울 답방을 명시하지 않은 것도 아쉽ㄴ 대목으로 거론된다.
전체적으로 이번 선언은 6.15 공동 선언 이후 7년 간의 남북 관계 성과를 토대로 그간의 장애 요인을 극복하고 남북 관계를 발전시키기 위해 한 차원 높은 미래 비전을 포괄적으로 제시함로써 신뢰 구축과 평화 제도화의 틀을 제공했다는 것이 정부의 자평이다.
'2007 남북 정상 선언' 서명 일사천리 남북 정상 간의 `남북 관계 발전과 평화 번영을 위한 선언문' 서명 작업은 일사천리로 진행됐다.
4일 오후 1시 김정일 국방위원장이 선언문 서명식을 위해 노무현 대통령의 숙손 백화원 영빈관에 도착했다.
김 위원장은 노 대통령과 악수를 하며 “안녕하십니까.
편히 쉬셨습니까“라고 인사말을 건넸고, 노 대통령은 “아침에 서해 갑문 잘 다녀왔습니다“라고 답했다.
곧바로 두 정상은 준비된 서명식장에 입장했다.
양측 실무진 간에 합의문 작성을 위한 사전 작업이 충분해선지 두 정상은 서명식장에 입장하자마자 곧바로 테이블에 마주 앉아 서명을 했다.
3일 오전과 오후 두 차례의 정상회담이 끝난 직후부터 4일 오전까지 양측 실무진은 선언문 문구 조율 작업을 거친 것으로 알려졌다.
노 대통령과 김 위원장이 선언문에 서명하는 동안 남측에선 권오규 경제부 총리, 이재정 통일부 장관, 김만복 국정원장, 백종천 청와대 안보실장이, 북측에선 김영일 내각 총리, 김일철 인민무력부장, 김양건 통일전선부 부장이 두 정상의 뒤에 서서 역사적인 서명을 지켜 봤다.
서명을 마친 두 정상은 선언문을 교환한 뒤 악수를 나눴고, 사진 촬영을 위해 잠시 포즈를 취했다.
포즈를 취하던 중 노 대통령이 김 위원장에게 귀엣말을 했고, 두 정상은 맞잡은 손을 취재진을 향해 높이 들어 보였다.
두 정상은 샴페인으로 축배를 들었고 양측 배석자들 사이에서 박수가 쏟아졌다.
뒤 이어 두 정상은 서명식장을 나와 백화원 영빈관 내 오찬장으로 이동했다.
김 위원장은 복도에서 기다리고 있던 노 대통령 부인 권양숙 여사를 비롯해 남측 공식 수행원들과 악수를 했고, 같은 시간 노 대통령은 대기하고 있던 북측 고위 인사들과 악수를 나눴다.
오찬장에 입장할 때 김 위원장은 노 대통령과 권 여사에게 먼저 입장할 것을 권하기도 했다.
오찬 테이블에 앉은 뒤 김 위원장은 옆 자리의 노 대통령에게 “(2000년에) 김대중 대통령도 이 자리에 앉으셨다“고 설명했다.
원탁 모양의 테이블 중앙에는 노 대통령이 앉았고 그 왼편에 김 위원장, 오른편에 권 여사가 자리했다.
테이블에는 김 위원장 왼편 시계 방향으로 남측에서 권 부총리, 김우식 과기부 총리, 김원기 전 국회 의장, 백 실장, 이 통일 장관, 현정은 현대그룹 회장, 합의문 실무 조율을 담당한 조명균 청와대 안보 정책 비서관, 염상국 경호실장, 성경륭 정책실장, 김만복 국정원장, 김장수 국방장관이 차례로 앉았다.
남측 인사들 사이사이에는 북측의 김영일 내각 총리, 김기남 노동당 중앙 위원회 비서, 김양건 부장, 김계관 외무성 부상, 강석주 외무성 제1 부상, 김일철 인민 무력부장이 앉았다.
모두 자리에 앉자 김 위원장은 테이블에 있던 여러 와인 중 한 가지를 골랐고, 북측 접대원이 참석자들에게 한 잔씩 따랐다.
먼저 북측의 김영일 총리가 건배사를 했다.
김 총리는 “노무현 대통령의 평양 방문이 이제 끝나게 된다“며 “국방위원회 위원장 동지와 노무현 대통령께서 역사적인 선언을 채택하신 데 대해 모두의 마음을 합쳐 열렬한 축하를 드린다“고 말했다.
그는 “오늘 선언은 온 겨레에게 새롭ㄴ 힘과 신실을 안겨 주고 있다“며 “북남 수뇌자 상봉 결과는 우리 민족끼리 뜻과 힘을 합치면 못 해 낼 일이 없다는 것을 다시 한 번 확인해 줬다“고 했다.
그리고는 “노 대통령 내외 분의 건강을 위해, 국방위원회 위원장 김정일 동지의 건강을 위해, 이 잔을 들ㄹ 것을 제의한다“고 건배사를 했다.
김 총리의 건배사에 뒤이어 남측 대표로 이재정 통일부 장관이 일어나 답사를 했다.
이 장관은 “만남은 모든 것의 시작이라고 생각한다“며 “남북 정상께서는 만남 자체의 의미를 넘어서 민족의 장래에 하나같이 소중하고 뜻 깊은 합의를 이뤄 냈다“고 말했다.
또 “남북은 말이 하나고 문화가 비슷하고 생김새가 같기 때문에 만나면 쉽게 통한다.
그러기에 앞으로 더 자주 만나야 한다“며 “이번에 만남의 역사적 결단을 내린 남북의 두 정상 분께 깊은 존경의 말씀을 드린다“고 말했다.
이 장관은 “마지막으로 오늘 성대한 오찬의 자리를 마련해 주신 김정일 국방위원장님께 감사 드린다“며 “노 대통령 내외와 김정일 국방위원장의 건강을 위해 잔을 들ㄹ 것을 제의한다“고 말을 맺었다.
건배사와 답사가 끝나자 김 위원장은 노 대통령 내외와 권 부총리, 김우식 부총리와 차례로 잔을 부딪쳤고, 답사를 한 이 통일 장관도 김 위원장 자리로 다가와 잔을 부딪쳤다.
김 위원장은 포도주를 단번에 마셨다.
2000년 정상회담 때 김대중 전 대통령이 마련한 답례 만찬에서 그리했듯이 김 위원장은 '원샷'을 한 반면, 노 대통령은 포도주를 조금 남겼다.
뒤이어 김 위원장이 주최한 환송 오찬이 이어졌다.
백종천 청와대 안보실장은 평양 고려호텔 프레스 센터에서 열린 선언문 발표 기자 회견에서 선언문의 명칭과 관련해 '2007 남북 정상 선언'으로 불러 달라“고 당부했다.
백 실장은 그러나 선언문 합의 과정을 묻는 질문에 “노 대통령이 귀경 길에 남측 CIQ(남북 출입 관리 사무소)에서 정상회담 과정에 대한 귀국 보고를 할 예정“이라며 “그 때까지 기다려 달라“고 말했다.
'군사적 긴장 완화'에 새롭ㄴ 전기 마련 경제 협력 보장 실질적 신뢰 구축 추진 남북이 4일 정상회담을 통해 군사적 적대 관계 종식과 한반도에서 긴장 완화와 평화 보장을 위해 긴밀히 협력하기로 하는 한편 다음 달 제2차 남북 국방장관 회담을 평양에서 개최하기로 합의, 남북 간 군사적 긴장 완화에 새롭ㄴ 전기가 마련될 것으로 보인다.
특히 국방장관 회담에서는 남북 정상의 의지에 따라 긴장 완화 방안 논의에 실질적인 진전이 이루어질 것으로 예상됨에 따라 한반도 평화 체제 구축 및 남북 경제 협력 활성화에 상당한 탄력을 제공할 것으로 전망된다.
노무현 대통령과 김정일 국방위원장은 `2007 남북정상회담' 마지막 날일 4일 공동 선언 형식으로 채택한 `남북 관계 발전 평화 번영 선언'에서 남북 국방장관 회담을 오는 11월 개최하기로 합의했다.
국방장관 회담은 김대중 전 대통령과 김정일 국방위원장 간의 2000년 제1차 남북 정상회담 결과에 따라 같은 해 9월 25~26일 제주도에서 첫 회담이 개최된 이후 중단돼 오다 7년 만에 이루어지는 것이다.
정부는 이번 국방장관 회담에서 군사적 신뢰 구축은 물론, 남북 경협 확대를 위한 군사적 보장 장치를 마련하는 데 주력한다는 방침이다.
그동안 남북 함정 간 통신 등 서해상 우발적 충돌 방지와 군사 분계선(MDL) 지역 선전 중지 등 초보적 수준의 신뢰 구축 방안은 이행됐지만 한반도의 확고한 평화 정착을 위해서는 보다 적극적인 군사적 신뢰 조치가 필요하다는 것이다.
이에 따라 이번 회담에서는 남북이 1992년 남북기본합의서와 부속 합의서에서 합의했지만 제대로 실행이 안 되고 있는 8개 항의 군사적 신뢰 조치 가운데 비교적 합의 도출이 쉽ㄴ 부분에 대한 논의가 우선될 전망이다.
8개 항은 해상 불가침 경계선 문제 무력 불사용 분쟁의 평화적 해결 및 우발적 무력 충돌 방지 군사 직통 전화 설치.운영 대규모 부대 이동.군사 연습 통보 및 통제 군 인사 교류 및 정보 교환 비무장 지대의 평화적 이용 대량 살상 무기와 공격 능력 제거를 비롯한 단계적 군축 실현.검증 등이다.
정부도 이날 합의문 설명 자료에서 이들 8개 항 가운데 직통 전화 설치, 대규모 부대 이동과 군사 훈련 상호 통보 및 참관, 군 인사 교류 및 정보 교환 문제 등을 협의할 예정이라고 밝혔다.
이들 문제에 대한 실무 논의를 위해서 기본합의서 상에 나와 있는 남북군사 공동위 개최를 다시 제안할 가능성도 있다.
남북이 이날 합의한 `서해 평화 협력 특별 지대' 조성을 위한 군사적 조치도 집중 논의될 예정이다.
선언문에도 서해상 남북 공동 어로 수역 지정, 북한 민간 선박의 해주 직항로 통과, 모래 채취 등 한강 하구 공동 이용 등이 제시돼 있다.
그러나 공동 어로 등 서해 평화 협력 특별 지대 조성과 관련해서는 정상회담을 앞두고 거센 논란이 됐던 NLL 재설정 문제가 뜨겁ㄴ 감자가 될 것으로 보인다.
NLL 재설정을 신뢰 구축의 전제 조건으로 내세워 온 북측이 국방장관 회담에서 기존 주장을 철회할 가능성이 거의 없어 보이기 때문이다.
우리 측도 그동안 남북 간 실질적 군사적 신뢰 조치가 이루어지지 않은 상태에서 NLL 재설정 논의는 이르다는 입장을 취해 왔다.
국방장관 회담에서는 또 그동안 남북 간 경제 협력의 장애물로 작용해 온 경의선.동해선 통행과 임진강 수해 방지, 한강 하구 골재 채취 등 남북 경제 협력 사업의 촉진을 위한 군사 보장 문제도 논의될 예정이다.
이와 함께 장기적으로는 이 같은 논의를 바탕으로 전방 관측소(GP) 철수 등을 포함한 비무장 지대(DMZ)의 평화 지대화 등도 논의될 수 있다.
7년 만에 개최되는 2차 국방장관 회담이 평양에서 열리는 것은 2000년 1차 회담이 제주도에서 열렸음을 감안한 것으로 보인다.
다만 1차 회담 당시 남북은 그해 11월 백두산에서 제2차 회담을 열기로 합의했었다.
회담 장소가 백두산에서 평양으로 바뀐 것이다.
정부는 11월 국방장관 회담에 대해 “군사적 신뢰 구축은 물론, 남북 경협 확대를 위한 군사적 보장 장치를 강구하기 위해 국방장관 회담이 중요하다“며 “이번 회담에서 군사 분야 협력 증진에 합의, 한반도 평화를 확고히 보장할 수 있는 토대를 마련할 것“이라고 밝혔다.
“정상회담, 6자 회담과 선순환 구조 강화“이달 말 내달 초 6자 외무 회담서 논의 개시될 듯 “남북 관계와 6자 회담의 선순환 구조를 더욱 강화해 나갈 계기를 마련했다.“
정부 당국자는 4일 노무현 대통령과 김정일 북한 국방위원장이 서명한 '2007 남북 정상 선언'이 6자 회담에 미칠 영향을 매우 긍정적으로 평가했다.
남북 정상 선언이 발표되기 전날인 3일 제6차 6자 회담 2 단계 회의의 성과물로 비핵화 2단계의 이행 계획이 담긴 합의 문서가 채택된 것도 시기적으로 상징적인 연계성을 보여 주고 있다고 부연했다.
정상 선언 4항에 규정된 내용이 6자 회담과 직결된 내용으로 전문가들은 분석하고 있다.
우선 `남과 북은 한반도 핵 문제 해결을 위해 6자 회담, 9.19 공동 성명과 2.13합의가 순조롭게 이행되도록 공동으로 노력하기로 했다'는 내용은 북한의 비핵화 추진 의지를 재확인한 의미가 있다.
전날 공개된 6자 회담 합의문에서 북한은 연말까지 핵 시설 비핵화와 핵 프로그램의 신고를 완료하기로 국제적으로 약속했다.
따라서 이날 남북 정상 선언은 북한으로서는 비핵화 문제가 6자 차원의 핵심 현안인 동시에 남북 관계 발전을 위해서도 반드시 필요한 과젬를 남측에 확인시켜 주는 중요한 문서로 전문가들은 평가하고 있다.
정부 당국자는 “김정일 국방위원장이 직접 궁극적으로 북핵 폐기를 지향하는 9.19 공동 성명의 이행을 위해 노력하겠다는 의지를 밝힌 것은 매우 의미가 크다“면서 “북한 협상 실무자들도 김 위원장의 `지시'에 따라 보다 적극적으로 비핵화 실천에 나설 것으로 예상된다“고 말했다.
특히 6자 회담 합의문 채택 이후 대략 2주 후에 방북할 미국 주도의 불능화 실무 팀의 활동에 북한이 적극 호응할 것으로 기대되고 있다.
아울러 다음 주 중 열릴 것으로 보이는 북한과 미국 간 양자 협의에서도 남북 정상 선언에서 김 위원장이 재확인한 북한의 비핵화 의지를 바탕으로 보다 내실 있는 성과가 나올 것으로 보인다.
이 당국자는 “연말까지 시한을 정한 북한 핵 시설 불능화 작업은 매우 빠른 속도로 진행될 것“며 “이런 점에서 남북 정상 선언에 대해 6자 회담 참가국들도 매우 긍정적으로 평가할 것“이라고 강조했다.
정부 당국자들의 설명은 이미 6자 회담 미국 수석 대푠 크리스토퍼 힐 국무부 차관보의 지난 2일 발언에서도 확인되고 있다.
힐 차관보는 당시 평양에서 열리고 있는 남북정상회담과 관련, 한국민들이 지닌 분단의 비극과 남북 대화의 열망을 이해하는 것이 매우 중요하며 “6자 회담과 남북 대화는 서로 지장 없이 병존할 수 있다“고 말했다.
그는 북핵 문제 해결은 미국을 비롯한 6자 회담 당사국들의 관심사지만 이는 한반도의 문제며 한국민들은 그들이 원하는 정상회담을 할 권리가 있다는 사실을 존중해야 한다고 지적했다.
따라서 남북 정상 선언의 의미를 6자 회담 차원에서 긍정적으로 연결하기 위해 이번 선언에 담긴 내용을 6자 회담 참가국들과 충실히 공유하고 이를 실천으로 연결하는 협의를 진행하는 작업이 이루어질 것이라는 것이 정부 당국자들의 시각이다.
6자 회담과 남북 관계의 이런 구조적 관계는 평화 체제 문제에서도 그대로 적용된다.
남북 정상 선언에서 '남과 북은 현 정전 체제를 종식시키고 항구적인 평화 체제를 구축해 나가야 한다는 데 인식을 같이하고 직접 관련된 3자 또는 4자 정상들이 한반도 지역에서 만나 종전을 선언하는 문제를 추진하기 위해 협력해 나가기로 했다'고 규정한 것을 6자 차원에서 얼마든지 다룰 수 있다는 것이다.
9.19 공동 성명에는 한반도 평화 체제 논의를 위한 '별도의 포럼'이 언급돼 있다.
북핵 외교가에서는 포럼의 형태에 대해 핵심 당사국인 남북한과 미국, 나아가 중국이 참여하는 4자 형식을 주로 거론하고 있다.
특히 미국의 조지 부시 대통령이 지난해 베트남 하노이에서는 물론 최근 호주 시드니에서 거듭 남북한 정상과 자신이 참여하는 '종전 선언' 혹은 '평화 협정'을 현실화할 의지를 밝혔다는 점에서 더욱 시사성이 커 보인다.
북핵 당국자는 “불능화 작업이 마무리되는 연말께 한반도 평화 체제 논의가 탄력을 받을 것으로 예상한다“고 말했다.
비핵화 2 단계 로드맵이 확정된 것을 바탕으로 내년 이후 핵 폐기와 함께 한반도 평화 체제 논의의 개시를 알리는 계기로 이달 말이나 내달 초에 열릴 것으로 보이는 6자 외교 장관 회담이 주목되고 있다.
이미 남북 정상이 선언을 통해 종전 선언은 물론 항구적인 평화 체제를 언급한 만큼 6자 외교 장관 회담이 열리면 한반도 평화 체제 논의의 방향성은 그만큼 확실해진 것으로 평가되고 있다.
전문가들은 남북 정상 선언의 긍정적 의미가 6자 회담 차원에서 실천으로 연결되기 위해서는 역시 비핵화 작업이 순조롭게 진행돼야 한다고 입을 모으고 있다.
만일 연말까지로 예정된 불능화 작업이 예상하지 못한 변수를 만나 부정적 국면으로 접어들 경우 남북 정상 선언의 내용이 말 그대로 '선언'에 그칠 가능성을 배제할 수 없다는 것이다.
특히 한반도 비핵화를 동북아 정세의 가장 큰 변수로 여기는 미국 입장에서는 비핵화가 전제돼야 남북 관계의 발전은 물론 북한과의 관계 정상화도 수용할 수 있을 것으로 북핵 외교가는 전망하고 있다.
외교 소식통은 “북한의 비핵화 작업이 시간표대로 진행돼야 3자든 4자 정상회담이든 의미 있는 이벤트가 될 것“이라면서 “남북 관계의 발전과 미국과 중국이 개입하는 6자 회담의 선순환 구조가 보다 확실한 검증을 받는 국면으로 접어들고 있다“고 말했다.
남북 '은행 간 청산결제 이번엔 시행될까 남북 정상회담에서 경제 협력 확대에 합의함에 따라 그동안 지지부진했던 남북한 은행 간의 청산 결제 제도가 시행될 수 있을지 관심을 모으고 있다.
청산 결제는 교역 대금을 거래할 때 결제 내역을 남북 청산 결제 은행의 계정에 기록했다가 1년 단위로 그 계정의 차액을 계산해 정산하는 제도다.
경협 확대에 따라 남북 간 교역 규모가 늘어나면 현재와 같은 제3국 경유 방식의 결제보다는 청산 결제를 통한 당사자 간 직접 결제가 금융 거래 측면의 안정성이나 비용 면에서 훨씬 효율적이다.
4일 수출입 은행에 따르면 2004년 남북이 청산 결제 거래를 위한 합의서에 가서명했지만 이후 대상 품목이 합의되지 않아 청산 결제 제도가 시행되지 못하고 있다.
현재 남북 간 기업의 결제는 북한으로부터 물자를 수입할 때 직접 북한에 외화 현금을 지급하거나 북한이 지정하는 중국 은행의 계좌에 입금하는 방식으로 이루어지고 있다.
청산 결제 제도 도입이 처음 언급된 것은 1972년 남북 공동 성명 때지만 이후 별다른 진전이 없다가 2000년 남북 정상회담 이후 청산 결제에 관한 합의서 서명이 이루어졌다.
2003년 남측에서는 수출입 은행이, 북측에서는 조선 무역 은행이 청산 결제 은행으로 지정됐으며 2004년에는 당국과 청산 결제 은행 간 합의서의 가서명으로 청산 결제가 이루어지는 듯 했다.
그러나 2004년 7월 남측이 김일성 주석 10주기 조문을 위한 방북을 불허하면서 북한이 회담을 중단했고 같은 해 8월 우리 측이 북측에 청산 결제 대상 품목에 대한 협의를 제안했지만 아직까지 북한에서 별다른 응답이 없는 상태다.
금융계에서는 이번 남북 정상회담에서 경협 확대를 합의했고 장기적으로 하나의 경제권을 형성해 간다는 데 의견을 모음에 따라 청산 결제 제도의 시행 가능성이 커진 것으로 보고 있다.
그러나 이 제도가 제대로 시행되기 위해서는 현재 북한으로부터 수입 일변돈 남북 간 무역이 어느 정도 균형을 이루고 수출 품목도 다양화하는 것이 전제돼야 하는 만큼 시일이 다소 걸릴 것이라는 관측도 있다.
남북 합의 범정부적 후속 조치 마련 착수 정부는 4일 노무현 대통령과 김정일 북한 국방위원장이 합의 서명한 `남북 관계 발전과 평화 번영을 위한 선언'을 신속하게 이행해 남북 화해 협력의 기조가 다음 정부에도 이어질 수 있는 토대를 마련해 나갈 방침이다.
정부는 이를 위해 노 대통령이 서울로 돌아오는 대로 빠르면 5일 대책 회의를 열어 범정부 차원의 후속 조치 및 점검 체계를 가동하고, 특히 후속 조치가 관련 절차에 따라 합법적이고 투명하게 진행되도록 추진할 방침이다.
특히 `남북 관계 발전과 평화 번영을 위한 선언'과 관련, 남북 관계 발전에 관한 법률(제 21조)에 따라 `합의서 체결 비준'에 관한 법적인 절차를 추진하고, 후속 조치 중 중장기 사업은 관계 법 제13조에 따른 남북 관계 발전 기본 계획에 반영해 국회에 보고한 후 추진할 예정이다.
정부는 동시에 남북 총리급 회담 추진을 통해 이번 남북정상회담의 합의 사항을 구체화, 이행 단계로 진입할 수 있도록 할 계획이다.
'10.4 공동 선언', 남/북 주도 '한반도 평화지대 첫걸음 '평화 번영 선언 경제부터 통일 기초 구체적 내용 담아 노무현 대통령과 김정일 국방위원장이 4일 서명한 `남북 관계 발전과 평화 번영을 위한 선언'(10.4 선언)은 남북 관계 전반에 대한 방대하고도 구체적인 합의를 담고 있다.
마지막 냉전 지대였던 한반도를 평화 지대로 전환하기 위한 평화 정착 방안과 함께 남북이 공동 번영의 길로 들어서기 위한 구체적 경제 협력 사업들, 남북 간 불신의 벽을 허물고 통일로 한 걸음 다가서기 위한 조치 등이 총망라됐다는 평가다.
특히 2000년 정상회담 이후 경협 부문과 비교해 상대적으로 진전이 더뎠던 정치.군사 부문에서도 적잖은 합의가 이루어졌다는 점이 눈에 띈다.
◇ 평화 정착? 이번 정상회담은 한반도 정전 체제를 종식하고 평화 체제로 나아가기 위한 첫 걸음이 될 수 있을 전망이다.
10.4 선언 4항에는 종전 선언을 위해 미국과 중국 등 관련국을 포함한 3자 혹은 4자 정상이 모이는 방안을 담고 있다.
미국 조지 부시 대통령도 지난달 시드니에서 노 대통령에게 “내 목적은 한국전쟁을 종결시키기 위한 평화 협정에 김정일 위원장 등과 서명하는 것이며 한국전쟁을 종결시켜야 하고 종결시킬 수 있다“면서 이를 김 위원장에게 전달해 달라고 요청, 종전 선언에 대한 의지를 드러낸 바 있다.
10.4 선언에 시기가 적시되지는 않았지만 최근 긍정적으로 돌아가고 있는 북핵 6자 회담 분위기를 감안하면 4자 정상이 모이는 시기는 핵 불능화가 마무리될 연말께 이루어질 가능성도 배제할 수 없다.
아울러 한반도의 운명을 결정할 종전 선언 문제를 실질 당사잔 남북 정상이 만나 주도적으로 논의했다는 점에서 향후 평화 체제 전환에 있어서도 남북이 주도할 기반이 마련됐다는 평가다.
남북 양 정상은 아울러 6자 회담에서 도출된 9.19 공동 성명과 2.13 합의가 순조롭게 이행되도록 공동으로 노력하기로 했다.
남북 정상 차원에서 6자 회담의 성실한 이행을 약속했다는 점에서 의미가 있으며 남북 관계와 6자 회담이 선순환적 구조를 갖춘다는 정부의 전략도 더욱 탄력을 받게 됐다.
하지만 10.4 선언에는 물론이고 회담 와중에도 김 위원장으로부터 구체적인 비핵화 발언이 나오지 않은 점은 다소 아쉽다는 평가다.
◇ 군사적 긴장 완화? 2000년 남북정상회담 이후에도 경협 분야에 비해 발전이 크게 더뎠던 군사 분야의 협력을 위한 기초가 마련됐다는 평가다.
남북은 산적한 군사 현안을 논의하기 위해 11월 중 평양에서 국방장관 회담을 열기로 했다.
2000년 9월 제주도에서 1차 국방장관 회담이 열린 지 7년 여 만으로, 북측은 그동안 국방장관 회담 개최에 소극적이었다.
국방장관 회담 의제는 서해상 우발적 충돌 방지를 위한 공동 어로 수역 및 평화 수역 조성 방안 각종 협력 사업에 대한 군사적 보장 조치 문제 등으로 10.4 선언에 적시돼 있다.
이 두 가지는 그간 남북 장성급 회담 등에서 논의돼 왔지만 접점을 찾지 못하던 사안으로, 공동 어로 수역은 남북 간 첨예한 긴장의 현장이었던 서해 북방 한계선(NLL) 주변에 공동 어로 수역을 설정해 남북이 공동 이용하는 방안이 논의될 것으로 보인다.
또 군사적 보장 조치가 이루어지지 않아 이행되지 못한 임진강.한강 하구 공동 이용 임진강 수해 방지 사업 경의선.동해선 철도 개통 등 경협 사업들도 국방장관 회담을 통해 돌파구가 열릴 것으로 기대된다.
아울러 국방장관 회담에서는 1992년 남북기본합의서에 명시된 직통 전화 설치, 군사 훈련 상호 통보.참관 등에 대한 논의도 이루어질 것으로 보인다.
◇ 공동 번영? 경제 협력 분야에서도 한반도 경제 공동체로 나아가기 위한 과감한 합의들이 이루어졌다.
우선 안변과 남포에 조선 협력 단지를 건설한다는 점이 눈에 띈다.
조선 산업은 우리나라가 세계 제1의 경쟁력을 자랑하고 있지만 인건비 상승 등으로 어려움이 예상돼 국내 업계는 중국을 대체할 새롭ㄴ 투자처로 북한을 주목해 왔다.
북측도 이번 회담 기간 남측 기업 관계자들에게 남포에 위치한 영남 배 수리 공장을 공개하고 시설 및 장비의 제공 등 협력을 요청하는 등 적극적이었다는 후문이다.
북측은 영남 배 수리 공장이 있는 남포와 함께 남측 조선소들과 가깝ㄴ 동해안의 안변을 협력 사업 후보지로 제시했다.
정부 당국자는 “조선 산업 분야는 남측의 자본.기술과 북측의 인력이 결합돼 상생 발전할 수 있는 업종“이라며 “선박 블록 공장을 설립할 경우 북측 인력 1천 2 천 명의 고용 효과가 예상된다“고 말했다.
조선 협력 단지 외에도 남측의 자본과 북측의 노동력이 결합돼 `유무상통'의 대표적 사례로 평가 받고 있는 개성 공단 사업을 보다 활성화하기 위한 조치들에 양 정상은 합의했다.
`문산/봉동(개성) 간 철도 화물 수송'에 합의, 개성 공단 입주 기업의 원자재 조달과 생산품 수송 등에 물류 비용을 대폭 절감할 수 있게 됐으며 통행.통신.통관 문제를 비롯한 제도적 보장 조치들도 조속히 완비하기로 했다.
정부 당국자는 “연중 무휴, 상시 통행과 인터넷 개통 등의 조치를 통해 개성 공단이 국제 경쟁력을 갖춘 상생의 협력 단지로 발전해 나갈 것“이라고 말했다.
또 철도 개통을 비롯한 주요 경협 사업들의 중대 걸림돌로 작용했던 `군사적 보장 조치'도 향후 문제가 없도록 합의됐다는 것이 정부의 설명이다.
개성/신의주 철도 및 개성/평양 고속도로 개보수 문제를 협의.추진하기로 한 점도 주목할 만하다.
그동안 북으로 막혀 사실상 `섬'이나 마찬가지였던 우리나라가 중국은 물론 유럽 대륙으로 향하는 길을 닦는다는 의미로, 남북 경협에 있어서도 상당히 활용도가 높을 것으로 기대된다.
다만 수천억 원의 막대한 재원이 필요하다는 점이 부담이 될 수 있다.
정부는 개성/평양 철도 개보수에 최대 2천 900 억 원, 개성/평양 고속도로 재포장에 최대 4천 400 억 원이 들ㄹ 것으로 추정하고 있다.
정부는 이번에 합의된 경협 사업들은 체제와 제도의 차이를 초월해 한반도의 평화와 통일에 안정적인 기초를 준다는 인식 아래 남북 모두에 도움이 되는 이른바 `생산적 투자 협력, 쌍방향 협력'을 실천하는 것이라고 설명하고 있다.
◇ 화해.협력? 10.4 선언에는 남북이 보다 가까워지고 통일에 한 걸음 다가가기 위해 반드시 풀어야 하는 사안들에 대한 적잖은 합의가 이루어졌다.
우선 이르면 올해 말 이산가족 면회소가 완공되는 시점에 맞춰 이산가족 상시 상봉을 실시하기로 하는 등 이산가족 상봉을 확대하고 영상 편지 교환 사업도 추진하기로 했다.
노 대통령은 회담에서 이산가족 문제는 시간이 정해져 있는 사안으로 지금 해결하지 않으면 해결 자체가 어렵다는 점을 강조하며 근원적 해결 방안을 마련할 것을 북측에 강력히 요구한 것으로 알려졌다.
남북은 또 남북 관계를 통일 지향적으로 발전시켜 나가기 위해 각기 법률적.제도적 장치들을 정비해 나가기로 합의했다.
남측이 정비할 법률적.제도적 장치로는 국가보안법과 참관지 제한 등 북측이 이른바 `근본 문제'로 거론하고 있는 사안들이 꼽힌다.
정부 당국자는 “제도적 장치 개선 문제는 사안의 특성상 남북 간 상호 신뢰를 통해 접근해야 한다“면서 “남북 관계 발전을 통해 자연스럽게 해결하도록 노력할 것“이라고 말했다.
북측에서는 대남 적화 통일을 목표로 한 노동당 규약의 개정을 뜻하는 것으로 보인다.
정부 당국자는 “노 대통령이 이번에 아리랑 공연을 관람한 것도 상호 체제를 인정하자는 차원에서 대승적으로 취한 조치“라고 설명했다.
남북은 또 양측 의회 등 각 분야의 대화와 접촉을 적극 추진하기로 했다.
남북 국회 회담은 1980년대에 추진됐지만 열리지 못하았었다.
남북 정상이 수시로 만나 현안들을 협의하기로 하면서 사실상 정상회담의 정례화가 이루어진 점도 주목할 만하다.
정부 당국자는 “남북 관계가 국가 간 관계가 아니라는 점에서 북측은 정례화라는 용어를 사용할 수 없다고 해 수시로 만나자는 용어로 대체했다“고 말했다.
아울러 11월에 제1차 총리급 회담을 개최해 남북 관계 전반에 대해 논의하기로 했다.
이에 따라 총리급 회담이 2000년 정상회담 이후 남북 관계의 상설 최고위급 채널이었던 장관급 회담을 대체하는 것 아니냐는 관측도 나오고 있다.
이 밖에 남북은 서해 직항로를 통한 백두산 관광 베이징올림픽 남북 응원단의 경의선 열차 이용 등에 합의했다.
김 위원장, 오찬서 환송 주 직접 골라 표정은 덤덤 이따금 짤막한 이야기 나누며 친근감도 노무현 대통령과 김정일 국방위원장은 4일 오후 1시께 평양 백화원 영빈관에서 '남북 관계 발전 평화 번영 선언문'에 서명한 직후 환송 오찬에 참석했다.
김 위원장이 마련한 오찬에는 노 대통령 내외와 공식 수행원, 특별 수행원이 모두 초청됐다.
노 대통령의 왼편에 앉은 김 위원장은 주빈 석에 놓인 5병의 포도주 가운데 한 병을 직접 '환송 주'로 골랐다.
이 자리에서 노 대통령은 시종 웃음을 보인 데 비해 김 위원장은 표정의 변화가 거의 없어 대조를 보이기도 했다.
두 정상은 그러나 종종 짤막한 이야기를 나누며 친근감을 표했다.
두 정상이 먼저 건배하자 같은 테이블에 앉아 있던 이재정 통일부 장관은 환하게 웃으며 김 위원장에게 다가가 건배한 뒤 노 대통령 내외와도 잔을 부딪혀 눈길을 끌었다.
이 장관은 오찬 인사말에서 이번 남북정상회담의 의의에 대해 “만남“과 “공존 공영“을 거듭 강조했다.
중 전문가 “공동 선언 파격적“노무현 대통령과 김정일 국방위원장이 4일 서명한 '남북 관계 발전과 평화 번영을 위한 선언'은 굉장히 파격적인 것이라고 중국의 한반도 문제 전문가가 4일 평가했다.
진징이(金景一) 베이징대 조선문화연구소 소장은 이날 연합뉴스와의 인터뷰에서 “종전 선언을 위한 당사국 정상 회의를 한반도에서 개최하겠다는 것은 상상 밖의 합의 사항“이라며 이 같이 밝혔다.
진 소장은 “남북이 이번 정상회담에서 한반도 평화 체제와 관련한 논의를 할 것으로는 생각했지만 이는 남북한이 아니라 주변 당사국들이 해야 할 일로만 생각하고 있었다“고 지적했다.
그는 “따라서 남북 정상들이 상징적인 합의에만 그칠 것으로 생각했다“면서 “그러나 공동 선언 합의문에는 남북이 주체가 되겠다는 강력한 의지를 담았다는 점에서 굉장히 큰 의미가 있다“고 말했다.
진 소장은 또 “서해 평화 협력 특별 지대를 설치하기로 합의한 것은 긴장 상태 조성의 원인을 해소한 것일 뿐 아니라 긴장의 원인을 한반도 평화 체제 실천의 근거지로 삼았다는 점에서 의미가 있다“고 말했다.
그는 잇어 “남북한이 개성 공단 이외에도 해주 지역과 주변 해역을 특구로 설치하고 안변과 남포 등지에도 경제 특구를 창설하게 되면 남북 경협이 경제 특구를 창구로 발전할 것“이라고 분석했다.
진 소장은 제1차 남북 정상회담과의 차이 점과 관련, “1차 정상회담은 상징적인 의의가 컸으며 만남 자체가 중요했다면 이번은 상징성보다는 직접적인 회담이라는 점에서 차이가 난다“고 말했다.
그는 “평화와 번영이라는 말이 빈 말이 아니고 실현 가능한 것을 표명한 것“이라면서 “이는 1차 정상회담 때보다 한반도를 둘러싼 주변 환경이 유리하게 돌아가고 있기 때문“이라고 설명했다.
그는 “현재 북미 관계나 북 일 관계 모든 면에서 지각 변동이 일어나고 있으며 특히 미국의 정책 전환이 중요한 요소로 작용했다“면서 “남북 관계와 6자 회담이 상호 영향을 주면서 가닥을 잡고 있다“고 말했다.
진 소장은 이번 공동 선언과 연말 대선과의 상관성을 묻는 질문에 “이번 제2차 남북정상회담이 대선용이라는 지적이 있었으나 이는 좁은 생각“이라며 “시야를 넓혀서 볼 필요가 있다“고 말했다.
그는 “남북 정상회담은 한국 국내 정치에 어느 정도 영향을 줄 수도 있겠지만 이는 한국과 북한 등 한반도의 차원을 뛰어넘어 동북아 나아가 세계적인 차원의 정치적 사변“이라고 강조했다.",291,25967
iks_doc_2007_hankyoreh_007,Hankyoreh 2007 annotated text file unicode.txt,Hankyoreh,한겨레,2007,2007_october_summit,진 소장은 “남북한이 경의선 철도를 연결하면 결국은 중국과 남북한이 철도로 연결되는 것“이라며 “,,"그런 의미에서 남북 경협은 중국이 육로를 통해 한국으로 직접 들어갈 수 있는 창구“라고 말했다.
그는 “따라서 중국으로서는 경의선 철도 연결이 경제적으로 굉장히 큰 의미가 있다“면서 “이번 정상회담을 계기로 중국과 한반도의 경제 협력이 활성화될 것“이라고 말했다.
남북 정상, 종전 선언 추진 어떤 의미 갖나 평화 체제의 시작 남북미 또는 남북미중 주체 노무현(盧武鉉) 대통령과 김정일(金正日) 북한 국방위원장이 4일 한반도 종전 선언 문제를 추진하기로 합의함에 따라 앞으로 한반도 안보 구조에 지각 변동이 예상된다.
두 정상은 이날 서명.발표한 8개 항의 '남북 관계 발전과 평화 번영을 위한 선언' 가운데 네 번째 항으로 “현 정전 체제를 종식하고 항구적인 평화 체제를 구축해 나가야 한다는 데 인식을 같이하고 직접 관련된 3자 또는 4자 정상들이 한반도 지역에서 만나 종전을 선언하는 문제를 추진하기 위해 협력해 나가기로 했다“고 합의했다.
즉 정전 체제를 항구적인 평화 체제로 전환하기로 하고 남북한과 미국 또는 남북한과 미국, 중국 정상이 한반도 지역에서 종전 선언을 채택하는 문제를 추진 협력하기로 한다는 것이다.
노 대통령과 김 위원장이 이번 회담에서 종전 선언의 주체를 '3자 또는 4자'로 국한하기로 합의했다는 점이 무엇보다 눈길을 끄는 대목이다.
그간 학계 및 법조계에서는 종전 선언의 주체를 놓고 전쟁 당사국 또는 유엔 군 참전국까지 모두 포함해야 한다는 엇갈린 해석을 내 놨기 때문이다.
그러나 한국전쟁의 주된 당사잔 남북한의 정상이 종전 선언의 주체를 남북한과 미국 또는 남북한과 미국, 중국으로 압축, 사실상 주체 논란에 종지부를 찍었다.
남북한은 각각 미국과 중국에 이런 방안을 통고하고 대략적인 이해와 협조를 구했던 것으로 관측된다.
이는 노 대통령과 부시 미국 대통령이 지난달 7일 호주 시드니에서 열린 한.미 정상회담에서 북한이 검증 가능한 비핵화 조치를 성실하게 이행할 경우 한국전쟁을 종결시키는 평화 협정을 김 위원장과 공동 서명하겠다는 뜻을 10월 남북정상회담을 통해 김 위원장에게 전달하기로 한 것에서도 엿볼 수 있다.
우리 정부와 북한, 주변국이 최근 종전 선언 검토 가능성을 제기하고 있는 것도 따지고 보면 현재의 정전 상태를 '전쟁 종료'로 보지 않은 데서 출발하고 있다.
두 차례의 서해 교전에서도 알ㄹ 수 있듯이 '전쟁이 중지된 상태'이자 '기술적으로 교전 상태'로 인식하고 있다는 것이다.
국제 법적으로 미국과 북한, 남과 북이 교전 중에 있다는 것이 정론이다.
이 때문에 '지도자 간 선언'이나 '당사국 간 약정'을 통해 교전 중인 관계를 청산하고 대신 한반도의 항구적 평화를 모색하는 전기를 마련하자는 취지에서 종전 선언 필요성이 제기되고 있다.
한반도 정전 협정을 대체할 평화 협정이 체결되기 위해서는 한국전쟁 종전 선언이 선행돼야 한다는 것이 전문가들의 대체적 견해다.
1953년 7월 체결된 정전 협정 이후 한반도는 사실상 종전 상태에 가깝지만 이를 법적, 제도적 종전 상태로 바꾸려면 '정치적 선언'이 필요하며 평화 협정 체결을 위해 반드시 거쳐야 할 과정이라는 것이다.
종전 선언은 한반도 평화 체제의 완성이 아니라 여건을 조성하는 촉매제에 불과하기 때문에 선언 이후 새롭ㄴ 평화 체제 추진에 나설 기구 설립 방안이 담길 가능성이 커 보인다.
이와 관련, 전문가들은 1992년 발효된 남북기본합의서에 명시된 '군사공동 위원회'를 가동해 이를 한반도 평화 관리 기구로 활용하자고 제안하고 있다.
남북한이 자주적으로 평화 관리 문제를 해결하는 것이 노 대통령과 김 위원장이 서명한 '선언' 정신에도 부합한다는 것이다.
이날 발표한 선언 3 항의 “남과 북은 서로 적대시하지 않고 군사적 긴장을 완화하며 분쟁 문제를 대화와 협상을 통해 해결하기로 했다“는 원칙에도 부응한다는 설명이다.
종전 선언문에는 평화 협정을 체결하는 시기도 명시될 것으로 보인다.
목표 연도와 목표 일정 등 타임 라인을 설정하면 관련국들의 의지 및 결의를 분명히 할 수 있다는 분석 때문이다.
북핵 폐기와 북.미 및 북.일 수교 문제도 종전 선언과 연계돼야 한다는 의견도 나오고 있다.
북핵 문제가 해결되지 않는다면 '신뢰 구축'이란 종전 선언의 실질적인 조건이 성립하지 않는다는 것이다.
특히 북.미 수교는 북한과 미국 간의 '기술적인 교전 관계'의 청산을 의미하며 이는 곧 종전 선언 이후 체결되는 평화 협정의 실효성과 직결되기 때문이라는 것.
한국국방 연구원(KIDA) 백승주 박사는 “종전 선언은 항구적 한반도 평화 체제의 종결적 형태가 아니라 평화 체제의 시작“이라며 “한반도 평화를 보장하려는 주변국의 의지가 담겨야 한다“고 말했다.
정상회담 이후 연평 꽃게 어장 어떻게 형성될까 남북한 정상이 4일 '서해 평화 협력 특별 지대'를 조성하기로 합의함에 따라 서해 꽃게 어장의 확대 여부가 큰 관심사로 떠오르고 있다.
지난 1999년 '연평 해전'과 2002년 '서해 교전'의 불씨가 된 서해 꽃게 어장(연평 어장)은 현재 북방 어로 한계선에서 북쪽으로 3 10㎞ 떨어진 서해 북방 한계선(NLL) 인근 수역까지로 면적은 764이다.
서해 도서 주민들은 남북 정상이 이날 합의한 서해 평화 협력 특별 지대 조성을 통해 '서해상 공동 어로 수역'을 설정하기로 함에 따라 '씨가 마르다시피'한 연평 어장에서 탈출, 북측 어장으로 어로를 확대할 수 있는 계기가 됐다고 보고 있다.
서해상 공동 어로 수역은 백령도 대청도 소청도 연평도 우도를 잇는 벨트 형태의 NLL를 중심으로 남북 어로 한계선 인근 수역까지 어장이 확대될 가능성이 높다.
옹진군의 전체 어선은 298척으로 이 가운데 꽃게 잡이 어선은 100여 척.
대부분 10t 규몬 옹진군 어선들은 공동 어로 수역이 지정되면 선단을 이뤄 조업을 하게 돼 그동안 NLL 인근 해역에서 '싹쓸이' 조업 활동을 하던 중국 어선들을 북측 선단과 함께 견제할 수 있을 것으로 예상된다.
이에 따라 연평도 꽃게 어장의 황폐화와 중국 어선들의 '싹쓸이'조업으로 피해를 보고 있는 서해 도서 어민들은 어장 확대에 따른 어획량 증가로 다소 숨통이 트일 것으로 기대하고 있다.
실제 서해 교전이 발생한 지난 2002년 연평도의 꽃게 어획량은 1만 4천 281t로 전국 꽃게 어획량의 76.5%를 차지했지만 2003년 6천 547t, 2004년 1천 390t로 급격히 감소했다.
지난해 역시 어획량은 1천 952t에 그쳐 불과 4년 만에 전국 꽃게 어획량의 28.8% 수준으로 크게 떨어졌다.
옹진군 수산 과 박흥규 지도 계장은 “공동 어로 구역이 지정될 경우 당분간 꽃게 어획량은 늘고 서해상에서 중국 어선의 불법 조업은 크게 위축될 것“이라며 “그러나 공동 어로 구역의 산란.
서식지가 2 3년내에 파괴될 우려가 커 이에 대한 대책 마련도 병행돼야 한다“고 말했다.
옹진군 주민 '공동 어로' 우려 기대 교차 제2차 남북정상회담에서 서해에 공동 어로 수역 설정을 추진하기로 했다는 합의문이 발표된 4일 오후 옹진군 주민들은 우려와 함께 기대에 차 있다.
주민들은 그동안 통제돼 있던 서해 북방 한계선(NLL) 인근 수역이 개방되면 무분별한 조업으로 어족 자원이 고갈될 가능성이 있다며 `쿼터제' 등을 통한 어획량 제한 조치가 필요하다고 강력히 주장하고 있다.
김재식(46) 연평도 선주협의회장은 “NLL 인근은 많은 어족들의 보금자리 역할을 해 왔는데 앞으로 이곳에서 조업이 무분별하게 이루어지면 꽃게 등의 어족 자원이 1년도 못 가 고갈되는 최악의 상황도 예상할 수 있다“고 말했다.
다른 어민 이 모(45)씨 역시 “어족 자원은 한 번 황폐화하면 회복되기가 매우 어렵다“며 “공동 어로 수역에서의 조업 기간과 선박 척수, 어획량 등이 철저히 제한되도록 강력히 규제해야 한다“고 목소리를 높였다.
주민들은 또 공동 어로 수역이 전국 어민들에게 개방될 경우 서해 5도 어민들은 조업에 큰 타격을 받을 것이라며 불안해하고 있다.
이 지역 어민들은 중국 어선들의 싹쓸이 조업에 따른 꽃게 어획량 감소로 연간 소득이 급격히 줄어 들면서 가구마다 빚이 점점 늘고 있는 실정이다.
연평도 주민 박 모(49)씨는 “공동 어로 수역 안에 기업형 대규모 선박, 다른 지역 선박들까지 들어오게 되면 우리 어민들의 조업은 거의 불가능하게 된다“며 “그렇지 않아도 어민들의 살림이 피폐해져 있는데 공동 어로 수역 어장마저 뺏기게 되면 우리 주민들은 빚더미만 안은 채 이곳을 떠날 수밖에 없다“고 하소연했다.
박씨는 “우리 서해 5도 주민들은 어업에 생계를 걸고 있는 만큼 정부에서 공동 어로 수역에서 서해 5도 어민들만 조업을 할 수 있도록 엄격히 제한하는 제도를 만들어 주민들이 이 지역에서 계속 먹고살ㄹ 수 있게 해 줘야 한다“고 말했다.
한편 이 같은 우려 속에서도 주민들은 공동 어로 수역에서의 조업에 따른 어획량 증대와 경제 활성화에 대한 기대도 내비치고 있다.
백령도 어민 이근수(55)씨는 “공동 어로 수역 설정이 합의됐다니 일단 중국 어선들의 싹쓸이 조업이 줄ㄹ 것으로 예상돼 반갑다“며 “NLL 쪽으로 나아갈수록 꽃게가 더 많이 잡히지만 지금까지는 안전 문제 때문에 접근하지 못하았는데 앞으로는 이 수역에서 안전하게 조업 활동을 할 수 있게 된다니 어획량 제한이 적절히 이루어진다면 어민들 살림에 큰 도움이 될 것“이라고 기대했다.
경기도, 남북 협력 사업 확대 기대 한강 하구 개발, DMZ 생태 관광, 경제 협력 단지 조성 등 노무현 대통령과 김정일 국방위원장이 4일 서명한 `남북 관계 발전과 평화 번영을 위한 선언'을 계기로 그동안 농업 분야에 국한됐던 경기도의 대북 협력 사업이 경제, 관광, 문화, 산업 등 다양한 분야로 확대될 것으로 전망된다.
4일 경기도에 따르면 도()는 지난 8월 남북정상회담 개최 계획이 발표될 당시 김문수 지사 주재로 자체 남북 교류 협력 위원회를 열어 이번 정상회담에서 한강 하구 골재 채취, DMZ 평화 생태 공원 조성 등을 주요 의제로 다뤄 줄 것을 중앙 정부에 건의한 바 있다.
양 정상이 이날 서해 평화 협력 특별 지대를 설치하고 경제 특구 건설, 한강 하구 공동 이용, 문산/봉동 간 철도 화물 수송, 개성/신의주 철도와 개성/평양 고속도로 공동 이용 등 폭넓은 교류 확대 방안에 합의함에 따라 앞으로 경기도와 북한 간의 교류 협력 사업은 대폭 확대되고 경기 북부 지역의 개발도 가속화될 것으로 예상된다.
도는 우선 민선 4기 출범 직후부터 남북 교류 협력 사업의 하나로 추진해 온 한강 하구 퇴적 모래 채취 사업을 본격적으로 추진할 수 있을 것으로 기대하고 있다.
한강, 예성강, 임진강 등 한강 하구(유역 면적 130만)지역은 남북 분단 이후 준설 작업을 하지 않아 엄청난 양의 골재가 있을 것으로 추정되는 지역이다.
도는 한강 하구에서 수도권 연간 수요량(4천 500만)의 24배에 달하는 10억 8천만의 골재를 채취할 수 있을 뿐 아니라 높아진 하상(河床)을 낮춰 한강, 임진강 유역의 수해도 예방하고 해운을 활성화할 수 있을 것으로 전망하고 있다.
또 지난 2005년 이후 평양시 외곽에서 진행 중인 벼 농사 공동 협력 사업은 물론 북한 농촌 현대화 사업, 양묘장, 양돈 단지, 시설 채소 재배 단지 조성 사업 등 그동안 북측과 논의해 온 각종 경제 협력 사업도 탄력을 받을 것으로 예상했다.
이와 함께 한미 FTA 타결로 북한 개성 공단 생산 제품의 원산지를 한국산으로 인정할 수 있는 토대가 마련된 데다 이번 남북 정상이 개성 공단과 서해를 중심으로 경제 교류 확대를 공언한 만큼 도 차원에서 개성 공단을 연계한 별도의 경제 협력 단지를 조성하는 방안을 연구하고 있다.
도는 이를 위해 경기 개발 연구원에 경제 협력 단지 조성 방안에 대한 단기 연구 과제를 부여해 타당성을 검토하고 있으며 연구 용역을 통해 경제 협력 단지의 위치와 규모, 조성 시기 등 구체적인 윤곽을 그려 낼 계획이다.
특히 생태계의 보고로 알려진 파주시 군내면 연천군 신서면에 이르는 휴전선 DMZ 남.북측 지역 80에 평화 생태 공원을 조성하는 방안도 본격적으로 추진할 방침이다.
도는 판문점, 땅굴 견학 등 단순한 시각적 안보 관광 차원에서 벗어나 생태.역사.문화.군사 유적지를 체험하고 전쟁의 상흔을 피부로 느낄 수 있도록 다양한 프로그램과 테마파크를 건립하는 방안을 검토하고 있다.
이에 따라 비무장 지대 내 파주 동파리 평화 마을, 임진강, DMZ 일원의 문화 역사 자원과 전쟁 유적 등을 생태 평화 공원으로 조성한 뒤 체험 관광 상품을 개발, 관광객을 유치하기로 했다.
또 매년 봄과 가을 파주에서 북한 개성을 달리는 `DMZ 통일 마라톤 대회'와 임진강을 남북으로 횡단하는 `임진강 종단 수영 대회'를 개최하는 방안에 대해 북한 측과 적극 협의할 계획이다.
양진철 정책 기획 심의관은 “남북 양 정상이 폭넓은 교류 협력 사업을 펼치기로 합의함에 따라 그동안 경기도가 추진해 왔거나 구상했던 각종 사업들이 보다 구체화될 수 있는 계기가 마련됐다“며 “앞으로 대북 협력 사업을 다각도로 검토해 내실 있게 진행할 계획“이라고 말했다.
남북 정상 '샴페인'으로 합의문 서명 기념 노무현 대통령과 김정일 북한 국방위원장은 4일 샴페인 건배로 `2007 남북정상회담'의 성과물인 `남북 관계 발전 평화 번영 선언문' 합의를 기념했다.
노 대통령과 김 위원장은 이날 오후 1시께 노 대통령의 숙손 평양 시내 백화원 영빈관에서 각각 합의문에 서명한 뒤 동시에 합의문을 교환했다.
서명식에 참석한 남측 수행원 등 남북 인사들은 힘찬 박수로 합의문 채택을 축하했고 노 대통령과 김 위원장도 합의문을 교환한 뒤 서로 손을 맞잡고 10여 차례 힘찬 악수를 했다.
두 정상은 잇어 악수를 한 채로 손을 높이 치켜들어 카메라에 포즈를 취한 뒤 샴페인을 들고 잔을 부딪히며 축배를 들었다.
두 정상의 표정은 밝았다.
이에 앞서 김 위원장은 노 대통령과 백화원 영빈관 서명식장으로 나란히 걷어 가면서 손을 내밀어 서로 먼저 들어가라는 표시를 하는 등 배려하는 모습을 보였다.
이 과정에서 김 위원장은 오른손으로 노 대통령의 오른쪽 등에 살짝 올려 `친근감'을 표시하기도 했다.",68,6865
iks_doc_2007_hankyoreh_008,Hankyoreh 2007 annotated text file unicode.txt,Hankyoreh,한겨레,2007,2007_october_summit,"전문가 “평화와 번영을 연결시킨 합의““남북 윈/윈“평가“양보 많았다“지적도 노무현 대통령과 김정일 국방위원장이 4일 공동 서명, 발표한 '남북 관계 발전과 평화 번영을 위한 선언'에 대해 전문가들은 “상당히 구체화되고 좋은 합의“","“평화와 번영을 연결 시킨 합의“
“남북이 윈/윈하는 합의“
“평화 번영 단계로 발전을 위한 강력한 드라이브를 걸ㄹ 수 있는 메커니즘“","등이라고 대체로 성공적인 합의로 평가했다.
그러나 김 위원장의 서울 답방이나 더욱 확고한 비핵화 의지 표명이 없는 점엔 아쉬움을 표시하는 의견도 있으며, 유호열 고려대 교수는 서해 북방 한계선(NLL) 문제 등을 제기하며 “양보가 많았다“고 비판적인 기조를 보이기도 했다.
백학순 세종연구소 남북한 관계 연구실장 = 굉장히 많은 분야에서 기대했던 수준을 넘어 높은 단게의 상세하고 구체적인 합의가 도출된 것 같다.
참으로 잘 된 합의로 생각된다.
특히 서해 평화 협력 특별 지대를 설치하고 경제 특구 건설과 해주항 활용을 적극 추진하기로 한 부분은 상당히 의미 있고 전향적인 합의다.
이는 경제와 평화를 연계한 것으로, 향후 남북 간 군사 긴장을 완화하는 데 상당히 의미 있는 조치가 될 것이다.
남과 북의 정상들이 수시로 만나 현안 문제를 협의하기로 했는데, 김정일 위원장의 서울 답방이 명시적으로 합의문에 들어갔으면 하는 것이 아쉽ㄴ 점이다.
김 위원장의 답방이 명시됐다면 남북 정상회담이 제도화될 수 있었을 것이다.
한반도 핵 문제 해결을 위해 남과 북이 공동 노력하기로 한 조항에 “북한이 한반도 비핵화 의지를 다시 한 번 확인“하는 표현이 들어갔으면 더 좋았을 것이다.
전반적으로 남과 북이 서로 '윈/윈'하는 합의문을 만들어 낸 것으로 평가된다.
유호열 고려대 북한학 과 교수 = 구체적인 사안들이 들어간 합의지만, 북한에 구체적인 이익을 줄 수 있는 부분은 명시돼 있고 우리가 북한으로부터 받을 수 있는 이익은 추후 논의 등의 형태로 추상적으로 규정됐다.
특히 종전 선언을 위해 3자 또는 4자 정상회담을 추진한다고 했는데, 이 문제는 북한 핵 문제 해결과 연결된 것으로서, 미국이 북핵 문제가 해결되기 전에는 종전 선언을 위한 정상회담이나 협의에 응하지 않기로 한 상황에서 실현 가능성이 어렵ㄴ 부분이다.
이 조항은 90년대에 결렬됐던 4자(남.북.미.중) 회담의 재판이 될 가능성을 열어 놓은 것으로, 과거의 사례에서 얻은 심각한 교훈을 활용하지 못하았다.
이번 정상회담에서 '남북 당사자 원칙을 확인하고 미국과 중국이 보장한다'는 원칙을 이끌어 냈어야 한다.
아울러 국방장관 회담을 판문점이 아닌 평양에서 개최한다고 하는 것도 썩 좋은 모양새가 아니다.
경의선 화물 열차 개통 합의도 평가를 할 수 있겠지만, 과거에 도로와 철도를 연결한다고 합의한 상황에서 특정한 지역의 특정한 목적의 합의를 한 것도 만족스럽지 못하다.
남북 관계 발전을 위해 정상들이 수시로 만나 협의하기로 한 부분도 김정일 위원장의 서울 답방과 관련한 부담을 덜어 준 양보다.
또 서해 평화 협력 지대 설치와 민간 선박의 해주 직항로 통과 추진은 NLL를 무력화 시킬 수 있는 단초를 준 것이다.
고유환 동국대 북한학 과 교수 = 평화.번영을 연결하자는 목표가 그대로 실현된 것 같다.
6.15 공동 선언 채택 이후 남북 관계 발전을 평가하고, 장애 요소를 제거하면서 긴장 완화와 냉전 종식을 위한 기초를 다졌다고 평가할 수 있다.
서해 평화 협력 지대 설정 합의는 되풀이 돼 온 서해 갈등을 해소할 수 있는 계기가 될 것이며 특히 종전 선언 문제를 추진하기 위해 협력하기로 한 것은 매우 중요하다.
3자, 4자 정상회담을 통한 종전 선언 가능성을 열게 됐다.
부시 행정부 임기 내에 북미 적대 관계를 해소해 불량 국가의 이미지를 벗어 던지고 국제 사회 일원으로 나오겠다는 의지를 국제 사회에 확인시킨 것이다.
핵 문제는 6자 회담 2단계에서 2.13 합의를 연내 실현하기로 한 만큼 6자 회담의 주요 의제로 보고 언급을 짧게 한 것 같다.
그러나 종전 선언 부분도 핵 문제에 대한 의지와 관련이 있다고 봐야 한다.
김정일 국방위원장이 핵 실험 이후의 국면을 전환해 전쟁.적대 관계를 해소하고 국제 사회 일원으로 나와 경제 재건을 하겠다는 확고한 전략적 결단을 내린 것으로 봐야 한다.
그렇기 때문에 원칙과 방향을 설정한 1차 정상회담과 달리 이번 회담에서는 실천적 접근을 위한 실용적 사안이 많은 것 같다.
또 불신 해소 차원에서 상대방 체제를 부정하는 국가보안법 등 법.제도적 장치의 정비를 위한 국회 간 논의, 임가공 형태에서 개발 지원으로의 경협 성격 변화 및 남북 간 협력이 활성화될 것으로 예상된다.
이번 선언은 정권이 바뀌더라도 이행될 수 있는 것으로, 남북이 모두 실익을 볼 수 있는 의제가 많기 때문에 합의 내용이 문제되지는 않을 것으로 보인다.
서재진 통일연구원 북한 인권 센터 소장 = 남쪽에서 들고 갔던 의제가 대부분 반영됐다.
경제협력공동위원회 설치나 총리급 회담 시작 등을 조항에 넣어 경제 협력을 강조한 점이 가장 큰 특징이자 성과다.
전체적으로 남북 관계가 평화 번영 단계로 발전하기 위한 강력한 드라이브를 걸ㄹ 수 있는 메커니즘을 마련한 선언이다.
핵 문제 언급이 예상 이하로 적다.
김정일 위원장이 통 크게 “비핵화를 위해 노력하겠다“라고 언급할 수도 있었을 것인데, 이미 6자 회담의 2.13 합의에 따라 비핵화 논의가 진행되고 있어 남북 관계에서는 이 정도밖에 할 수 없었을 것이다.
북한이 비핵화 언급을 2.13 합의 다음 단계에서 협상용으로 쓰기 위해 숨겨 놓은 것일 수도 있다.
북한은 여전히 미국이 대북 적대 정책을 종식하면 비핵화를 하겠다는 입장이라는 점도 보여 준다.
이번 선언은 남과 북의 요구를 동시에 일치시키고 있다는 점에서, 남한의 대선이나 북한의 정권 교체 여부와 무관하게 이행될 수 있을 것으로 보인다.
남한은 북한과의 경제 협력 기반을 확고히 해 미국이나 일본, 중국 기업들이 북한에 진출하기 전에 국내 기업이 배제되지 않을 수 있도록 근거를 이번 선언으로 마련했다.
남한 기업인들에게 북한 진출 여부가 초미의 관심사가 된 지 오래다.
북한 입장에선 남한과의 경제 협력으로 경제난을 해소하고 국제 사회에 동북아 평화 구축에 동참하겠다는 의지를 알린다는 요구를 충족시켰다.
김용현 동국대 북한학 과 교수 = 상당히 구체적인 내용들이 담겨져 있는 것으로 평가된다.
특히 서해 평화 협력 특별 지대 설치는 남북 간 평화를 정착시킨다는 측면에서 아주 중요하고도 의미 있는 조치다.
이는 한반도에서 냉전.대결적 질서를 털어 내고 평화로 가는 중요한 분기 점이 될 것이다.
일부에서 NLL에 관한 논란이 있지만, 이 문제는 현실적으로 남북 간 평화 및 경제 협력과 묶어서 생각할 수 밖에 없는 사안으로 받아들일 수 밖에 없다.
사회 문화 교류와 관련해 백두산 관광과 서울/백두산 직항로 개설이 상당히 눈길을 끄는 합의다.
평양도 직항로가 개설되지 않은 상황에서 백두산에 직항로가 개설된 것은 남북 교류를 더욱 활성화하고 나아가 중국의 '동북공정'을 견제하는 측면도 있다.
아쉽ㄴ 점은 남측 국방부 장관과 북측 인민 무력부 부장 간 회담을 하기로 했는데 남북 간 군사 분야에서 좀 더 실천적이고 책임감 있는 합의를 도출하기 위해서는 남북 국방 장관급 회담으로 명시하는 것이 좋을 듯 했다.
인민 무력부 부장은 주로 군 행정을 책임지기 때문이다.
국방 장관급으로 하면 김영춘 국방위원회 부위원장이나 김격식 총참모장이 나와 실질적인 회담을 할 수 있었을 것이다.
정상회담, 남북 주요 합의 일지 2007 남북정상회담 마지막 날인 4일 노무현 대통령과 북한 김정일 국방위원장이 합의, 발표한 '남북 관계 발전과 평화 번영을 위한 선언'은 한국전쟁 후 20여 년 간 남북 간 교류.협력 관계의 진공 상태를 거쳐 처음으로 평화 공존을 규정했던 7.4 남북 공동 성명이 35년 간 진화한 결과물이다.
다음은 1953년 정전 협정 이후 남북 간 주요 합의 일지.",51,3687
iks_doc_2007_hankyoreh_009,Hankyoreh 2007 annotated text file unicode.txt,Hankyoreh,한겨레,2007,2007_october_summit,1972년 7월 4일 7.4 남북 공동 성명 ▲ “,"7월 4일 남북 직통 전화 가설 및 운용에 관합 합의서 ▲ “
11월 4일 남북 조절 위원회 구성 및 운영에 관한 합의서 ▲ “
8월 11일 남북 적십자사 본회담 기타 진행 절차와 일시에 관합 합의문 1985년 8 월 22 일 남북 이산가족 고향 방문 및 예술 공연단 교환 방문에 관한 합의서 1990년 7 월 26 일 = 남북고위급회담 개최에 관한 합의서 1991년 12 월 13 일 남북 사이의 화해와 불가침 및 교류.협력에 관한 합의서(남북기본합의서) 1992년 1 월 20 일 한반도의 비핵화에 관한 공동 선언 ▲ “
2 월 19 일 남북고위급회담 분과 위원회 구성,운영에 관한 합의서 ▲ “
3 월 18 일 남북핵통제 공동 위원회 구성,운영에 관한 합의서 ▲ “
5 월 7 일 남북군사공동위원회 구성,운영에 관한 합의서 ▲ “
5 월 7 일 남북 교류.협력 공동 위원회 구성,운영에 관한 합의서 ▲ “
5 월 7 일 남북 연락 사무소의 설치,운영에 관한 합의서 ▲ “
9 월 17 일 남북 화해 공동 위원회 구성,운영에 관한 합의서 ▲ “
9 월 17 일 남북 사이의 화해와 불가침 및 교류.협력에 관한 합의서 1994년 6 월 28 일 남북정상회담 개최를 위한 합의서 1994년 7 월 2 일 남북정상회담 개최를 위한 실무 절차 합의서 2000년 4월 8일 남북, 정상회담 합의서 ▲ “
5월 18일 남북 정상회담을 위한 실무 준비 접촉 합의 ▲ “
6월 15일 남북 공동 선언 ▲ “
6월 30일 제1차 남북 적십자 회담 합의서 2001년 2 월 3 일 남북경제협력추진 위원회 구성.운영에 관한 합의서 2002년 8 월 30 일 남북 간 식량 차관 제공에 관한 합의서 ▲ “
11 월 2 일 개성 공단 건설 실무 협의회 제1차 회의 합의서 ▲ “
9 월 17 일 동해 지구와 서해 지구 남북 관리 구역 설정과 남과 북을 연결하는 철도 도로 작업의 군사적 보장을 위한 합의서 ▲ “
12 월 6 일 남북 사이 차량의 도로 운행에 관한 기본 합의서 2003년 7 월 6 일 대구 유니버시아드 대회 북측 참가 관련 실무 접촉 합의서 ▲ “
7 월 31 일 남북 사이에 거래되는 물품의 원산지 확인 절차에 관한 합의서 ▲ “
11 월 6 일 금강산 면회소 건설에 관한 합의서 2004년 1 월 29 일 개성 공업 지구와 금강산 관광 지구 출입 및 체류에 관한 합의서 ▲ “
3 월 5 일 임진강 수해 방지와 관련한 합의서 ▲ “
5 월 28 일 남북 해운 합의서 및 부속 합의서 ▲ “
6 월 4 일 서해 해상에서 우발적 충돌 방지와 군사 분계선 지역에서의 선전 활동 중지 및 선전 수단 제거에 관한 합의서 ▲ “
6 월 24 일 제 28 회 아테네 올림픽 개.폐회식 남북 공동 입장에 관한 합의서 ▲ “
5월 28일 6.15 공동 선언 발표 5주년 기념 민족 통일 대축전에 남북 당국 대표단을 파견하기 위한 실무 합의서 ▲ “
8월 19일 남북 농업 협력 위원회 제1차 회의 합의문 ▲ “
9 월 7 일 안중근 의사 유해 공동 발굴 및 봉환을 위한 실무 접촉 합의서 ▲ “
10 월 7 일 남북 이산가족 화상 상봉 실시에 관한 합의서 2006년 6 월 6 일 남북 경공업 및 지하 자원 개발 협력에 관한 합의서 2007년 5 월 13 일 남북 철도 연결 구간 열차 시험 운행과 관련한 합의서 ▲ “
8 월 5 일 노무현 대통령의 평양 방문에 관한 남북 합의서 ▲ “","10 월 4 일 남북 관계 발전과 평화 번영을 위한 선언 정상회담, 민북 마을 환호 속 기대 경기도 파주시 군내면 민간인 통제선 북방 지역 주민들은 4일 오후 남북이 '남북 관계 발전과 평화 번영을 위한 선언'에 서명했다는 소식이 전해지자 일제히 환호성을 올렸다.
마을 회관과 노인정 등에 모여 TV를 지켜 보던 주민들은 선언문에 종전 선언을 위한 회의 개최와 문산/개성 간 경의선 화물 철도 개통 등 민북 지역에 직접적인 영향을 줄 수 있는 내용이 포함되자 기대감을 한껏 표출했다.
비무장 지대 안에 위치한 대성동 마을의 김동현(51) 이장은 “첫 정상회담 이후 경의선 연결, 개성 공단 조성 등으로 긴장감이 많이 누그러졌지만 아직도 위협을 느끼는 주민들이 많다“면서 “합의대로 정전 선언이 조속히 채택됐으면 좋겠다“고 말했다.
대성동초등학교의 최평(54) 교장은 “이번 선언을 토대로 비무장 지대에 평화가 정착돼 주민.학생들의 통행이 자유롭아지는 등 학교.지역이 발전하기 바란다“고 밝혔다.
통일촌 이완배(55) 이장은 “회담으로 인해 최근 민통선 내 차량 통행과 방문객이 부쩍 늘었다“면서 “지금처럼 왕래 인원이 많아져 남북한이 함께 잘 살ㄹ 수 있는 길이 열렸으면 좋겠다“고 말했다.
이날 임진각 관광지와 오두산 통일 전망대에는 흐린 날씨에도 아침 일찍부터 모두 2천 500여 명의 내.외국인 관광객이 방문, 정상회담에 대한 높은 관심을 나타냈다.
일산에 거주하는 김혜경(31.여)씨는 “금방이라도 북한에 갈 수 있을 것 같은 기분이 들ㄴ다“면서 “합의한 내용이 실질적인 성과를 내 남북한이 한 민족으로 다시 거듭나길 기대한다“고 강조했다.
개풍 군이 고향인 실향민 김종철(76)씨는 “차로 가면 1시간도 안되는 지척에 고향이 있는데도 50여 년 동안 멀리서만 지켜 봤다“면서 “한시라도 빨리 고향에 가서 헤어진 가족들의 생사라도 확인할 수 있었으면 한다“고 말했다.
남북, 한반도 '종전 선언' 당사국 정상회담 추진 서해안에 '평화 협력 특별 지대' 설치 경제 특구 건설 노무현(盧武鉉) 대통령과 김정일(金正日) 북한 국방위원장은 4일 한반도 정전 체제 종식과 평화 체제 구축을 위해 관련 3 4자 정상들이 한반도 지역에서 종전 선언을 하는 문제를 적극 추진, 협의하기로 했다.
두 정상은 또 민족 경제 발전과 공동 번영을 위한 경제 협력 사업을 확대 발전시키기 위해 서해안에 `평화 협력 특별 지대'를 설치하고 공동 어로 구역과 평화 수역 설정, 경제 특구 건설과 한강 하구 공동 이용 등을 추진하기로 했다.
3 일 저녁부터 마라톤 조율 거쳐 10.4 선언 탄생 남 김만복/북 김양건, 최종 조율 '2007 남북정상회담' 결과를 담은 10.4 공동 선언은 3일 노무현 대통령과 김정일 국방위원장 간 오후 회담이 끝난 직후 시작돼 심야 협의를 거쳐 4일 발표 직전까지 남북 양측 실무자 간 마라톤 조율을 통해 만들어졌다.
2000년 정상회담을 비롯해 7.4 공동 성명에서부터 지금까지 남북 간 각종 합의문은 단어 하나에 이르기까지 일반적인 국가 간 관계에서보다 한층 예민한 사안이기 때문에 늘 진통을 겪어야 했다.
합의문의 뼈대는 3일 오전과 오후 두 차례 총 4시간 가량 나눈 노 대통령과 김 위원장 간 회담 내용을 토대로 만들어졌다.
2000년 남북정상회담에서 도출된 '6.15 공동 선언'도 김대중 당시 대통령과 김 위원장 간 대화 내용을 골자로 이루어졌다.
특히 양 정상이 회담 시간의 절반 이상 할애했던 통일 문제에 대한 논의는 공동 선언 2 항의 '낮은 단계 연방제'로 구체화됐다.
이번에도 남북 양측의 실무자들은 3일 오후 회담을 마치고 곧바로 합의 문안의 조율 작업에 나섰다.
합의문 조율에 1차 정상회담 때는 우리 측에서 서훈 국정원 3 차장과 이봉조 청와대 통일 비서관, 김형기 통일부 정책실장 등이 참여했다.
정상회담 내용에 대한 정확한 파악을 위해 당시 통일부 김천식 정책 총괄 과장이 회담장 후열에 배석했었다.
특히 회담에 배석했던 임동원(林) 당시 국정원장은 실무자들의 합의문 협의 작업을 돕기 위해 회담장에서 수시로 메모를 밖으로 전달했었다.
북측에서는 림동옥 통일전선부 제1 부부장과 현재 장관급 회담 북측 단장인 권호웅 내각 책임 참사 등이 협의에 참가했던 것으로 전해졌다.
이번 회담도 2000년 정상회담과 유사한 과정을 거쳐 선언문이 만들어졌을 것으로 보인다.
기록을 위해 회담에 배석한 조명균 청와대 안보 정책 비서관이 직접 들은 노 대통령과 김 위원장의 회담 내용을 바탕으로 합의문 조율이 시작됐을 것이라는 지적이다.
서훈 3 차장과 고경빈 통일부 정책 홍보 본부장 등이 조 비서관과 함께 합의문 조율을 위한 북측과 협의에 참여했을 것으로 관측된다.
이번 정상회담을 만들ㄴ 김만복 국가정보원장과 김양건 북한 통일전선부장이 각각 남북 조율 팀을 지휘하면서 남북 간 최종 조율 책임도 졌을 것으로 보인다.
김만복 원장은 3일 노 대통령 주최 만찬에 모습을 나타내지 않았다.
청와대 관계자는 “노 대통령과 김 위원장 간 서명할 합의문 작성 때문에 불참한 것으로 알ㄴ다“고 말했다.
북측에서는 유일한 배석잔 김양건 통일전선부장과 함께 최승철 통전부 부부장 등이 합의문 안 조율에 참여했을 것으로 짐작된다.
천호선 청와대 대변인은 3일 밤 평양 현지 기자 간담회에서 “오늘 아마 저녁부터 본격적인 선언 문안에 대한 협상이 시작될 것“이라며 “이는 장관급에서 할 수도 있고 그것보다 좀 낮은 급에서도 할 수 있을 것 같다“고 설명했다.
천 대변인은 이번 “합의를 크게 볼 때는, 여태껏 남북 간에 합의된 것 중에서 이행되지 않았던 것들의 실행력을 더 높이고 그것을 좀 더 구체화하는 그런 결과라고 말하는 것이 정확하지 않은가 생각한다“고 말했다.
남북 정상 주요 합의 사항 노무현 대통령과 북한 김정일 국방위원장은 4일 `남북 관계 발전과 평화 번영을 위한 선언'을 통해 아래와 같은 주요 사항에 합의했다.
한반도 종전 선언 3자 또는 4자 정상회담 추진 남북 정상 수시 회동 현안 협의 11월 서울 남북 총리 회담 개최 11월 평양 남북 국방장관 회담 개최 `서해 평화 협력 특별 지대' 설치, 공동 어로 수역.평화 수역 설정 경제 특구 건설과 해주항 활용, 민간 선박 해주 직항로 통과, 한강 하구 공동 이용 적극 추진 남북 경제 협력 공동위 부총리급 격상 안변.남포 조선 협력 단지 건설 개성/신의주 철도 및 개성/평양 고속도로 개보수 백두산 관광 실시, 백두산/서울 직항로 개설, 베이징올림픽 남북 응원단 경의선 열차 이용 참가 이산가족 영상 편지 교환, 상시 상봉 추진 남북 의회 대화 추진, 통일 지향 법.제도 정비 `6 월 15 일' 기념 방안 강구, 6.15 공동 선언 이행 의지 문산/봉동 간 철도 화물 수송 합의 북, '10.4 선언' 동시 발표 북한은 4일 노무현(盧武鉉) 대통령과 북한 김정일(金正日) 국방위원장이 정상회담에서 합의한 '북남 관계 발전과 평화 번영을 위한 선언'을 남측과 동시 발표했다.
조선중앙통신 등 북한 주요 언론 매체들도 이날 오후 1시 21분께 선언문의 전문을 보도, 남측 언론과 거의 동시에 전했다.
중앙통신은 선언문에 대한 요약 보도 없이 우선 8개 항 합의 전문을 그대로 보도했다.
남북 정상 수시로 만나 현안 협의하기로 청와대 “사실상 정상회담 정례화 합의“노무현 대통령과 김정일 국방위원장은 4일 앞으로 남북 정상들이 수시로 만나 현안 문제들을 협의하기로 했다.
양 정상은 이날 오후 1시 서명한 '남북 관계 발전과 평화 번영을 위한 선언'을 통해 “남과 북은 남북 관계 발전을 위해 정상들이 수시로 만나 현안 문제들을 협의하기로 했다“고 합의했다.
청와대는 “남북정상회담은 한반도 평화와 안정, 남북 관계 발전의 원동력“이라며 “남북 관계가 국가 간 관계가 아니라는 점에서 정례화라는 표현을 사용할 수 없다는 북측 입장을 받아들여 수시로 만나자는 용어로 합의했지만 이는 사실상 정상회담의 정례화에 합의한 것“이라고 밝혔다.
남북 정상,종전 선언 추진 등 8개 항 '평화 번영 선언' 노 대통령/김 위원장 서명 정상회담 사실상 정례화 합의 <<합의문 내용 추가 및 종합>> 남북 정상 10개 항 합의..수시로 만나 협의하기로 내달 서울서 총리 회담, 평양서 국방장관 회담 노무현(盧武鉉) 대통령과 김정일(金正日) 북한 국방위원장은 4일 한반도 정전 체제 종식과 평화 체제 전환을 위해 남북한과 미국 등을 포함한 3 4개국 정상들이 한반도에서 종전 선언을 하는 문제를 적극 추진하기로 했다.
두 정상은 또 민족 경제 발전과 공동 번영을 위한 경제 협력 사업을 확대.발전시키기 위해 서해안 지역에 `평화 협력 특별 지대'를 설치하고 공동 어로 구역과 평화 수역 설정, 경제 특구 건설과 한강 하구 공동 이용 등을 추진하기로 했다.
두 정상은 이날 오후 1시 평양 백화원 숙소에서 이 같은 내용을 골자로 한 10개 항의 `남북 관계 발전과 평화 번영을 위한 선언'에 서명했다고 백종천 청와대 안보실장이 전했다.
백 실장은 “이 선언의 서명 주체는 `대한민국 대통령 노무현'과 `조선 민주주의 인민 공화국 국방위원장 김정일'로 돼 있다“면서 “이 선언을 `2007 남북 정상 선언'으로 불러 달라고 말했다.
두 정상은 선언에서 남북 관계 발전을 위해 남북 정상들이 수시로 만나 현안 문제들을 협의하기로 해 사실상 남북정상회담 정례화에 합의했으며 선언의 구체적인 이행을 위해 내달 중 서울에서 제 1차 남북 총리 회담을 개최하기로 했다.
청와대 관계자는 “남북 관계가 국가 관계가 아니라는 점에서 정례화란 표현을 사용할 수 없다는 북측 입장을 받아들여 수시로 만나자는 용어로 합의했지만 이는 사실상 정상회담의 정례화에 합의한 것“이라고 밝혔다.
한반도 평화 체제 구축과 관련, 서해 북방 한계선(NLL) 지역에서의 우발적 충돌 방지를 위해 `평화 수역화'하는 방안과 각종 협력 사업에 대한 군사적 신뢰 구축 조치를 협의하기 위해 내달 중 평양에서 남북 국방장관 회담을 열기로 했다.
두 정상은 또 한반도의 전쟁 반대와 함께 남북 간 불가침 의무를 확고히 준수하기로 합의하고 분쟁 문제들을 대화와 협상을 통해 해결하기로 했다.
한반도 비핵화 문제에 대해서는 6자 회담과 9.19 공동 성명, 2.13 합의가 순조롭게 이행되도록 공동 노력하기로 했으며 남북 관계를 통일 지향적으로 발전시켜 나가기 위해 각기 법률적 제도적 장치들을 정비해 나가기로 합의했다.
그러나 통일 방안과 관련해서는 구체적인 언급 없이 남북의 통일 방안을 혼용한 `6.15 공동 선언'을 고수하고 적극 구현해 나간다고만 표현했다.
특히 두 정상은 민족 경제의 균형적 발전과 공동 번영을 위해 경제 협력 사업을 더욱 활성화하고 지속적으로 확대.발전시켜 나가기로 했다.
이를 위해 남북은 해주와 주변 해역을 포괄하는 `서해 평화 협력 특별 지대'를 설치하고 공동 어로 구역 설정, 민간 선박의 해주 직항로 통과, 한강 하구 공동 이용 등을 적극 추진하기로 했다.
또 개성 공단 2 단계 개발 착수와 문산 봉동 간 철도 화물 수송, 통행 통신 통관 등 `3 통(通)'에 대한 제도적 보장 조치 완비, 개성 신의주 철도와 개성 평양 고속도로 공동 이용을 위한 개보수 문제 등을 조속히 협의하기로 했다.
이와 함께 북한의 남포와 안변 지역에 개성 공단식 형태의 `조선 협력 단지'를 건설하고 농업, 보건 의료, 환경 보호 등에 대한 협력 사업도 진행해 나가기로 했다.
두 정상은 이 같은 남북 경협 사업의 원활한 추진을 위해 현재 `남북경제협력추진 위원회'를 부총리급 `남북 경제협력공동위원회'로 격상시키기로 했다.
문화.예술.스포츠 협력과 관련, 남북은 기존 금강산 관광 이외 백두산 관광을 실시하기로 하고 이를 위해 백두산 서울 직항로를 개설하는 한편 2008년 베이징올림픽 경기에 남북 응원단이 경의선 열차를 타고 참가하기로 했다.
이밖에 이산가족 상봉 확대를 위해 `영상 편지' 교환 사업을 추진하고 금강산면회소가 완공되는 대로 쌍방 대표를 상주시켜 상시 상봉을 추진하기로 했다.
남북 관계 발전과 평화 번영을 위한 선언 (전문) 대한민국 노무현 대통령과 조선민주주의인민공화국 김정일 국방위원장 사이의 합의에 따라 노무현 대통령이 2007년 10월 2일부터 4일까지 평양을 방문했다.
방문 기간 중 역사적인 상봉과 회담들이 있었다.
상봉과 회담에서는 6.15 공동 선언의 정신을 재확인하고 남북 관계 발전과 한반도 평화, 민족 공동의 번영과 통일을 실현하는 데 따른 제반 문제들을 허심탄회하게 협의했다.
쌍방은 우리 민족끼리 뜻과 힘을 합치면 민족 번영의 시대, 자주 통일의 새 시대를 열어 나갈 수 있다는 확신을 표명하면서 6.15 공동 선언에 기초해 남북 관계를 확대.발전시켜 나가기 위해 다음과 같이 선언한다.
1. 남과 북은 6.15 공동 선언을 고수하고 적극 구현해 나간다.
남과 북은 우리 민족끼리 정신에 따라 통일 문제를 자주적으로 해결해 나가며 민족의 존엄과 이익을 중시하고 모든 것을 이에 지향시켜 나가기로 했다.
남과 북은 6.15 공동 선언을 변함없이 이행해 나가려는 의지를 반영해 6월 15일을 기념하는 방안을 강구하기로 했다.
2. 남과 북은 사상과 제도의 차이를 초월해 남북 관계를 상호 존중과 신뢰 관계로 확고히 전환시켜 나가기로 했다.
남과 북은 내부 문제에 간섭하지 않으며 남북 관계 문제들을 화해와 협력, 통일에 부합되게 해결해 나가기로 했다.
남과 북은 남북 관계를 통일 지향적으로 발전시켜 나가기 위해 각기 법률적 제도적 장치들을 정비해 나가기로 했다.
남과 북은 남북 관계 확대와 발전을 위한 문제들을 민족의 염원에 맞게 해결하기 위해 양측 의회 등 각 분야의 대화와 접촉을 적극 추진해 나가기로 했다.
3. 남과 북은 군사적 적대 관계를 종식시키고 한반도에서 긴장 완화와 평화를 보장하기 위해 긴밀히 협력하기로 했다.
남과 북은 서로 적대시하지 않고 군사적 긴장을 완화하며 분쟁 문제들을 대화와 협상을 통해 해결하기로 했다.
남과 북은 한반도에서 어떤 전쟁도 반대하며 불가침 의무를 확고히 준수하기로 했다.?
남과 북은 서해에서의 우발적 충돌 방지를 위해 공동 어로 수역을 지정하고 이 수역을 평화 수역으로 만들기 위한 방안과 각종 협력 사업에 대한 군사적 보장 조치 문제 등 군사적 신뢰 구축 조치를 협의하기 위해 남측 국방부 장관과 북측 인민 무력부 부장 간 회담을 금년 11월 중에 평양에서 개최하기로 했다.
4. 남과 북은 현 정전 체제를 종식시키고 항구적인 평화 체제를 구축해 나가야 한다는 데 인식을 같이하고 직접 관련된 3자 또는 4자 정상들이 한반도 지역에서 만나 종전을 선언하는 문제를 추진하기 위해 협력해 나가기로 했다.
남과 북은 한반도 핵 문제 해결을 위해 6자 회담?
9.19 공동 성명과 2.13 합의가 순조롭게 이행되도록 공동으로 노력하기로 했다.
5. 남과 북은 민족 경제의 균형적 발전과 공동의 번영을 위해 경제 협력 사업을 공리 공영과 유무 상통의 원칙에서 적극 활성화하고 지속적으로 확대 발전시켜 나가기로 했다.
남과 북은 경제 협력을 위한 투자를 장려하고 기반 시설 확충과 자원 개발을 적극 추진하며 민족 내부 협력 사업의 특수성에 맞게 각종 우대 조건과 특혜를 우선적으로 부여하기로 했다.?
남과 북은 해주 지역과 주변 해역을 포괄하는 서해 평화 협력 특별 지대를 설치하고 공동 어로 구역과 평화 수역 설정, 경제 특구 건설과 해주항 활용, 민간 선박의 해주 직항로 통과, 한강 하구 공동 이용 등을 적극 추진해 나가기로 했다.
남과 북은 개성 공업 지구 1단계 건설을 빠른 시일 안에 완공하고 2 단계 개발에 착수하며 문산/봉동 간 철도 화물 수송을 시작하고, 통행 통신 통관 문제를 비롯한 제반 제도적 보장 조치들을 조속히 완비해 나가기로 했다.
남과 북은 개성/신의주 철도와 개성/평양 고속도로를 공동으로 이용하기 위해 개보수 문제를 협의 추진해 가기로 했다.
남과 북은 안변과 남포에 조선 협력 단지를 건설하며 농업, 보건 의료, 환경 보호 등 여러 분야에서의 협력 사업을 진행해 나가기로 했다.
남과 북은 남북 경제 협력 사업의 원활한 추진을 위해 현재의 남북경제협력추진 위원회를 부총리급 남북 경제협력공동위원회로 격상하기로 했다.
6. 남과 북은 민족의 유구한 역사와 우수한 문화를 빛내기 위해 역사, 언어, 교육, 과학 기술, 문화 예술, 체육 등 사회 문화 분야의 교류와 협력을 발전시켜 나가기로 했다.?
남과 북은 백두산 관광을 실시하며 이를 위해 백두산/서울 직항로를 개설하기로 했다.
남과 북은 2008년 북경 올림픽 경기 대회에 남북 응원단이 경의선 열차를 처음으로 이용해 참가하기로 했다.
7. 남과 북은 인도주의 협력 사업을 적극 추진해 나가기로 했다.
남과 북은 흩어진 가족과 친척들의 상봉을 확대하며 영상 편지 교환 사업을 추진하기로 했다.
이를 위해 금강산면회소가 완공되는 데 따라 쌍방 대표를 상주시키고 흩어진 가족과 친척의 상봉을 상시적으로 진행 하기로 했다.
남과 북은 자연 재해를 비롯해 재난이 발생하는 경우 동포애와 인도주의, 상부상조의 원칙에 따라 적극 협력해 나가기로 했다.
8. 남과 북은 국제 무대에서 민족의 이익과 해외 동포들의 권리와 이익을 위한 협력을 강화해 나가기로 했다 남과 북은 이 선언의 이행을 위해 남북 총리 회담을 개최하기로 하고, 제 1차 회의를 금년 11월 중 서울에서 갖기로 했다.
남과 북은 남북 관계 발전을 위해 정상들이 수시로 만나 현안 문제들을 협의하기로 했다.",87,8490
iks_doc_2007_hankyoreh_010,Hankyoreh 2007 annotated text file unicode.txt,Hankyoreh,한겨레,2007,2007_october_summit,2007년 10월 4일 평양,"대한민국 대통령 노무현
조선민주주의인민공화국? 국방위원장 김정일","노 대통령 귀로 일정은 노무현(盧武鉉) 대통령은 방북 마지막 날인 4일 부인 권양숙(權良淑) 여사와 함께 남북정상회담을 위한 2박 3일 간의 평양 체류 일정을 마치고 서울로 귀환한다.
노 대통령은 이날 오전 북한 김정일(金正日) 국방위원장과의 남북정상회담에서 나온 합의 사항을 평화 선언 형식을 띤 `10.4 남북 공동 선언'으로 발표할 예정이다.
이 선언에는 한반도 평화 정착과 남북 경제 협력, 남북 화해와 협력 방안에 대한 두 정상 간 합의 내용이 포괄적으로 담길 것으로 알려졌다.
노 대통령과 김 위원장은 공동 선언에 직접 서명을 할 것으로 보이며 서명 시간은 환송 오찬 직전인 낮 12시께가 될 것으로 보인다.
장소는 아직 알려지지 않고 있다.
두 정상은 잇어 백화원 영빈관에서 김 위원장이 마련한 환송 오찬에 나란히 참석, 헤드 테이블에서 오찬을 함께 하면서 이번 정상회담 과정과 공동 선언의 의미에 대해 환담하고 인사말을 할 것으로 예상된다.
환송 오찬에는 북측 당 정 고위 간부들이 다수 참석할 것으로 보이며, 행사 순서는 김 위원장의 오찬사와 건배 제의에 잇어 노 대통령의 답사 및 건배 제의 순으로 진행된다.
이에 앞서 노 대통령은 오전 항구 도신 평안남도 남포에 위치한 평화자동차 남포 공장과 서해 갑문 등 참관지 2 곳을 잇따라 방문했다.
이날 참관지 방문은 북측의 요청에 따라 이루어진 것으로 남북 경협에 초점을 맞춘 행사라고 할 수 있다.
남포는 정부가 제2의 개성 공단, 특구 개발의 후보지 중 1 곳으로 북측에 제안한 곳으로 알려졌기 때문이다.
평화자동차 남포 공장은 통일 교 계열의 평화자동차와 북측 조선 민흥 총회사가 70 대 30 지분으로 1998년 설립했다.
쌍용 자동차에서 각종 부품들을 들여다 남포 공장에서 도색 조립 품질 검사를 한다.
서해 갑문은 대동강 홍수 조절과 농경지 확보, 항만 개발 등을 위해 1986년 완공된 다목적 방조제로 북한이 자랑하는 관광 명소다.
노 대통령은 오찬을 마친 뒤 조국 통일 3 대헌장 기념탑 광장에서 열리는 공식 환송식에 참석한다.
환송식은 우리 기술진과 북측의 도움을 받아 TV 생중계될 예정이다.
노 대통령은 환송식 직후 김 위원장의 배웅을 받으며 귀경 길에 오른다.
귀로는 방북 때와 마찬가지로 평양 개성 고속도로를 이용한 `육로 귀환'이 된다.
노 대통령은 고속도로에 있는 수곡 휴게소에 잠시 들렀다가 오후 6시를 전후해 남북 경협의 상징인 개성 공단에 도착한다.
노 대통령은 개성 공단에 1시간 남짓 들러 현황 브리핑을 받고 공장을 시찰하고 시승하는 행사를 갖는 데 잇어 북한 근로자들을 격려할 예정이다.
노 대통령의 개성 공단 방문도 TV 생중계 될 것으로 알려졌다.
노 대통령은 개성 공단 방문을 마치고 군사 분계선(MDL)을 넘어 오후 늦게 경의선 도로 남북 출입사무소(CIQ) 앞에 마련되는 환영 행사에 참석할 예정이다.
노 대통령은 환영 행사에서 이번 남북정상회담의 성과와 의의를 밝힐 것으로 알려졌다.
노 대통령이 이날 밤 늦은 시각에 청와대로 돌아오게 되면 2박 3일 간의 평양 남북정상회담 여정은 막을 내린다.
청와대 “남북, 공동 선언 문안 막판 조율 중“남북 양측은 4일 노무현(盧武鉉) 대통령과 김정일(金正日) 북한 국방위원장 간 합의 사항을 공동 선언에 담기 위해 막바지 문안 조율 작업을 벌이고 있다고 김정섭 청와대 부대변인이 전했다.
김 부대변인은 이날 오전 소공동 롯데호텔에 마련된 프레스 센터에서 브리핑을 통해 이 같이 밝힌 뒤 “아직 문안이 최종 완성되지 않았다“고 말했다.
김 부대변인은 선언 발표 시기와 관련, “김 위원장이 전날 환송 오찬을 베풀겠다고 예고했기 때문에 그 때까지는 완료될 것으로 기대하고 있지만, 상황에 따라 그렇지 못할 가능성에도 대비하고 있다“고 전했다.
그는 잇어 “서명식과 선언 내용은 그 시간이 돼서야 직접 발표될 것“이라고 덧붙였다.
앞서 남북 정상은 전날 열린 두 차례의 남북 정상회담에서 이루어진 합의 사항을 4일 낮 환송 오찬 전에 선언 형식으로 발표하기로 합의했다.
김정일, 회담 후 모든 행사에 '두문불출' 북한 김정일 국방위원장이 3일 오전과 오후 노무현(盧武鉉) 대통령과 회담을 가진 뒤 공식 행사에 일절 모습을 드러내지 않고 있다.
노 대통령은 회담을 가진 뒤 능라도 5.1경기장에서 열린 집단 체조 아리랑 공연을 관람하고 인민문화궁전에서 답례 만찬을 주최했지만 김정일 위원장은 나타나지 않았다.
이들 행사에는 헌법상 북한 국가 원순 김영남 최고인민회의 상임 위원장이 노 대통령과 동행했다.
2000년 정상회담 때는 김 위원장이 회담 이틀짼 6월 14일 답례 만찬에 참석해 행사를 마친 뒤 김대중 대통령과 함께 공동 성명에 서명했었다.
또 아리랑 공연은 북한에서 '김정일 위원장의 작품'으로 선전하고 있을 뿐 아니라 2000년 10월에는 김 위원장이 매들린 올브라이트 전 국무 장관과 '아리랑'의 전신격인 '백전백승 조선노동당'을 함께 관람한 일이 있어 김정일 위원장이 노 대통령과 함께 관람하지 않겠느냐는 관측이 나왔었다.
김 위원장이 회담 후 모습을 드러내지 않고 있는 것은 회담을 통해 충분히 현안에 대해 의견을 교환했고 노무현 대통령에게 4일 환송 오찬을 내겠다고 밝혔기 때문 아니냐는 풀이가 나온다.
또 일각에선 남북 간 공식 회담을 마치고 합의 문안 조율에 들어간 상황에서 김 위원장이 막후에서 협의 과정을 보고 받으면서 제2의 '6.15 공동 선언'을 만드는 과정을 지휘하고 있는 것 아니냐는 관측도 있다.
이와 함께, 전날 노 대통령의 영접 행사 때 나타난 것처럼 김 위원장의 건강이 7년 전과 같지 않은 상황에서 궂은 날씨에 밤늦은 시간 야외에서 벌어지는 아리랑 공연을 관람하는 것이나, 축배의 잔을 부딪치면서 밤늦게까지 행사에 참석해야 하는 만찬 행사가 부담스럽ㄹ 수 있다는 지적도 있다.
정부 관계자는 “김 위원장이 4일 낮 환송 오찬을 주최하겠다는 의사를 밝힌 만큼 각종 행사에 불참한 것에 큰 의미를 부여할 필요는 없을 것“이라며 “이미 공식 회담을 갖고 조율된 입장을 합의문으로 만들ㄹ 것이므로 이번 회담은 예정대로 순조롭게 진행되고 있는 것“이라고 말했다.
민감한 장면 빠진 '아리랑'노 대통령, 2 차례 기립 박수 아리랑 공연 관람 안팎 노무현 대통령은 3일 김영남 최고인민회의 상임 위원장과 함께 평양 능라도 5.1경기장에서 <아리랑> 공연을 관람했다.
<아리랑> 공연 관람은 2007년 남북정상회담에서 노 대통령의 일정 중 가장 논란을 빚었던 행사였다.
이날 공연 도중 고 김일성 주석과 김정일 위원장을 찬양하는 구호나 카드 섹션이 나왔고, 노 대통령은 공연 도중 박수를 치며 답례하기도 했다.
노 대통령이 이날 오후 8시께 경기장에 입장하자 관중들은 함성과 함께 기립 박수로 환영했다.
이에 노 대통령은 꽃다발을 높이 치켜들며 답례했다.
관람석은 평양 시민 10 만 명으로 가득 찼다.
공연이 시작되자 김 위원장은 간간이 노 대통령에게 공연 내용을 설명했으며 노 대통령은 고개를 끄덕거렸다.
공연을 보던 노 대통령은 오후 8시 44분쯤 김영남 위원장이 자리에서 일어나 박수를 치자 잠시 뒤 일어나 함께 박수를 쳤다.
어린이들의 줄넘기 등 놀이를 형상 화한 아리랑 공연 2장 '선군 아리랑'의 '활짝 웃어라' 편이 끝나 갈 무렵이었다.
김 위원장은 출연한 어린이들이 공연을 마치면서 “아버지 장군님 고맙습니다“란 구호를 외치며 노 대통령이 앉아 있는 주석단(귀빈석) 쪽으로 달려나오자 기립해 박수를 쳤다.
이 때 관람석에선 '아버지 장군님 고맙습니다'는 카드 섹션 구호가 만들어졌다.
노 대통령은 아리랑 공연이 끝나는 대목에서 한 번 더 일어났다.
공연이 끝나 갈 즈음 관중들이 함성을 지르며 노 대통령을 향해 환호하자 자리에서 일어나 박수를 치며 출연자들과 관중석을 향해 손을 흔들었다.
남쪽 공식 수행원, 특별 수행원 모두가 일어났다.
이때 고 김일성 주석을 찬양하는 노래가 흘러 나왔고 카드 섹션에서는 '21세기 태양은 누리를 밝힌다.
아, 김일성 장군'이라는 구호가 나타났다.
노 대통령이 박수를 치는 도중 '무궁 번영하라 김일성 조선이여'이라는 구호로 바뀌었다.
출연자들과 관중들은 함성을 지르며 환호했다.
노 대통령은 관중석을 향해 손을 흔들며 9시 30분쯤 김영남 위원장과 함께 퇴장했다.
노 대통령은 공연이 끝난 뒤 공연 관람 도중 박수로 격려한 데 대해 “손님으로서 당연한 예의“라고 말했다고 천호선 청와대 대변인이 전했다.
국제 외교 관례 접근했지만 김 위원장 '돌발 행동' 여전 30분 일찍 회담장 찾고 '일정 연장' 전격 요청 2000년과 달라진 모습 2007년 남북 정상회담은 남북 관계의 진전으로 예측 가능성은 높아졌지만, 회담 일정 연기 제안과 철회 등 돌출과 반전은 계속됐다.
정부 당국은 2000년 정상회담 전례를 고려해 이번 정상회담의 주요 일정을 잡았다.
정상회담 둘쨋 날 오전까지는 3 대 혁명 전시관 참관만 빼면 대부분 일정이 예정대로 굴러갔다.
북한은 이번 정상회담 때 폐쇄와 은둔의 나라가 아니라 세계화의 흐름을 타고 있음을 여러모로 과시했다.
학생들이 인민대학습당에서는 어학 실습 시설을 갖춘 강의실에서 헤드셋을 쓰고 영어 듣기와 쓰기를 공부했다.
특별 수행원들이 참관한 김책공대 전자 도서관에서는 컴퓨터 모니터의 동화상으로 영어를 공부하는 대학생의 모습도 쉽게 찾아 볼 수 있었다.
첫날 김정일 위원장의 환영식장 등장을 언론은 '깜짝 영접'이라고 보도했지만, 정부 당국은 김 위원장의 영접을 예상하고 있었다.
정상회담 선발대가 북쪽과의 환영 행사 실무 협의 과정에서 '김 위원장이 환영식에 등장할지도 모른다'는 판단을 한 것으로 알려졌다.
대부분 나라들이 최고 지도자의 동선을 비밀로 하기 때문에 김 위원장 직접 영접을 사전에 알리지 않은 북한의 태도를 크게 탓하기 어렵다.
이때까지만 이번 정상회담은 예측 가능한 외교 관례에 접근했다는 평가를 받았다.
북한 김정일 국방위원장 관련 기사 앞에는 으레 붙던 '예측 불허'와 '깜짝' '파격'이란 꾸밈말도 떨어져 나갈 때가 된 것 같았다.
하지만 김 위원장이 애초 3일 오전 10시 예정된 첫 정상회담보다 30분 일찍 노 대통령 숙손 백화원 영빈관에 나타났다.
회담도 30분 앞당겨졌다.
이를 두고 '돌출'이란 지적에 대해 김정섭 청와대 부대변인은 “(애초 예정된 회담 시간은) 첫 번째 정상회담의 전례에 비추면 그렇게 진행될 수 있겠다고 한 것이지 30분 차이가 (있다고 해서) 변경됐거나 어떤 사정이 있었다고 보지는 않는다“고 말했다.
그런데 이날 오후 김정일 위원장이 정상회담 일정 하루 연장을 전격 요청했다.
이를 전혀 예상하지 못하았던 서울의 정부 관계자들은 김 위원장의 파격 제안의 진의를 파악하느라 한동안 술렁였다.
이름을 밝히지 마 달라는 한 남북 관계 전문가는 “국가 원순 대통령과 회담하다 갑자기 일정을 바꾸라는 것은 예의가 아니다“라고 말했다.
결국 일정 연장은 없던 일로 됐지만, 김정일 위원장은 '예측 불허'란 인상이 굳어졌다.
2000년 6월 정상회담 전까지만 해도 외부 세계는 김 위원장을 수수께끼 인물로 묘사해 왔다.
김 위원장은 2000년 6월 예의 바르고 거침없는 뜻밖의 모습으로 나타났다.
이를 의식해선지 김정일 위원장은 2000년 정상회담 때 “김 대통령이 오셔서 은둔에서 해방됐다“고 농담했다.
2007년 정상회담 때 북한은 7년 전에 견줘 한층 예측 가능해졌지만, 파격과 돌출이란 꼬리표를 완전히 떼 내지는 못하았다.
노 대통령 “신뢰 중요성 실감“김 위원장 참석 안해 인민문화궁전서 답례 만찬 대장금 요리 전통 술 곁들여 자정 넘겨 '합의문 조율' 김만복 국정원장 안 보여 노무현 대통령은 3일 밤 “오늘 남북정상회담은 시간이 아쉽ㄹ 만큼 평화와 공동 번영, 화해 협력 문제에 이르기까지 유익하고 진솔한 대화가 이루어졌다“며 “김정일 국방위원장의 평화에 대한 확고한 의지를 확인할 수 있었고, 서로를 더 깊이 이해하는 기회가 됐다고 생각한다“고 말했다.
노 대통령은 김영남 최고인민회의 상임 위원장을 비롯한 북쪽 고위 관계자들을 초청해 평양 인민문화궁전에서 주최한 만찬에서 “이번 회담을 통해 신뢰의 중요성을 다시 한 번 느낄 수 있었다“며 이렇게 말했다.
김정일 국방위원장은 이날 만찬에 참석하지 않았다.
노 대통령은 특히 개성 공단 등 남북 경협과 관련해 “단순 교역이나 개별 사업 위주의 산발적인 협력을 넘어 장기적인 청사진과 제도적 기반 위에서 지속적이고 포괄적인 투자가 이루어지도록 해야 한다“며 “서로의 장점을 살려 개성 공단과 같은 협력 거점을 단계적으로 넓혀 나간다면 남북 모두에게 이익이 되는 것은 물론, 궁극적으로는 경제 공동체로 발전해 갈 수 있을 것“이라고 강조했다.
노 대통령은 또 “경제 공동체는 평화의 공동체기도 하다“며 “경제 협력이 평화를 다지고 평화에 대한 확신이 다시 경제 협력을 가속화하는 선순환적인 발전이 이루어지는 것“이라고도 말했다.
김 상임 위원장은 만찬 답사에서 “굳건한 우리 민족끼리 힘을 합해 온갖 도전을 이겨 내고 격변하는 정세 속에서 역사의 기회와 민족의 진로를 자주적으로 열어 나가야 한다“며 “모든 장벽을 초월해 민족 대의를 앞에 놓고 북남이 뜻과 힘을 합쳐 나가자“고 말했다.
또 “남측의 대통령이 육로로 분계선을 넘어 평양을 방문한 것은 처음이고, 대통령이 자기 차를 타고 오신 것도 처음“이라며 “이것은 6.15 공동 선언 이후 또 하나의 경이적인 현실로서 온 겨레에 커다랗ㄴ 기쁨과 희망을 안겨 줬다“고 의미를 부여했다.
김 위원장은 “노 대통령의 평양 체류 기간은 비록 짧았지만 이번 걸음이 나라와 민족을 위해 좋은 걸음으로 계속 이어지기를 기대한다“고도 했다.
이날 만찬은 평양 5.1경기장에서 열린 아리랑 공연이 늦게 끝나는 바람에 밤 10시 10분에야 시작됐다.
'체류 연장' 즉답 없자 거절로 판단?
의견 차 심각?
김 위원장 제안에서 철회까지 내막은 좋은 분위기 대화 제안도 철회도 이례적 노 대통령, 오전 회담 뒤 “불신의 벽 느꼈다“의사 소통 넘어 민감한 현안 이견 가능성 3일 열린 2007년 남북 정상회담은 회담을 하루 연장하자는 돌발 제안을 놓고 크게 술렁거렸다.
김정일 국방위원장은 3일 오후 2시 45분 백화원 영빈관에서 속개된 '2007 남북 정상회담' 2차 회의 들머리에 노무현 대통령한테 “모레(5일) 아침에 가시는 것이 어떻겠습니까“라고 제안했다.
애초 4일 끝내기로 한 회담을 5일까지 하자는 것이다.
그러나 노 대통령은 참모들과 상의해야 한다며 즉답을 하지 않았다.
그러자 김 국방위원장은 오후 4시 25분까지 계속된 2차 회의 말미에 “충분히 대화를 나눴으니 (연장) 안 해도 되겠다“며 회기 연장 제안을 거둬들였다.
국제 사회의 의전에 밝은 정부 고위 인사는 “정상회담에서 회기를 하루 늘리는 일은 흔하거나 일반적이진 않지만 외교 관례에 어긋나는 일은 아니다“라고 말했다.
그러나 김 위원장이 불쑥 회기 연장을 제안한 것이나, 노 대통령이 이를 사실상 정중하게 사양한 것이나, 김 위원장이 다시 제안을 거둬들인 것이나 모두 이례적이다.
천호선 청와대 대변인은 “회담이 매우 좋은 분위기에서 효율적으로 진행돼 예상보다 짧은 시간에 합의에 이르게 되자, (김 위원장) 스스로 이 제안을 거둬들인 것“이라고 설명했다.
그러나 이를 말 그대로 받아들이긴 쉽지 않다.
7년 만에 어렵사리 이루어진 남과 북의 두 정상이 '더 많이 얘기할수록 좋은 일'이기 때문이다.
뭔가 문제가 있었을 가능성이 있다.
의사 소통이 잘 안 된 것으로 해석할 수 있다.
특유의 파격적 행보를 하는 김 위원장은 호의를 표시한다는 차원에서 회담 연장을 제안했으나, 노 대통령의 즉답이 없자 완곡한 거절로 받아들여, 제안을 거둬들였다는 것이다.
그러나 노 대통령이 즉답을 하지 않은 것을 거부 의사로 보기도 힘들다.
김 위원장의 제안 뒤 정부 쪽에서 적극 검토하고 있다는 전언이 나왔다.
천호선 청와대 대변인도 “그 제안을 받고 회담 말미에 우리 입장을 정리하려고 했었지만 김정일 위원장이 스스로 제안을 거둬 들이게 됐다“고 설명했다.
의사 소통 차원을 넘어 본질적 문제에서 이견이 있을 수도 있다.
노 대통령은 이날 남쪽 대표단과 옥류관 오찬 때 이와 관련해 시사 점이 있는 발언을 했다.
노 대통령은 오전 회의 결과를 설명하며 “한 가지 쉽지 않은 벽을 느끼기도 했다“며 “남측은 신뢰를 가지고 있더라도 북측이 아직도 남측에 여러 의구심을 갖고 있다.
불신의 벽을 좀 더 허물기 위해선 많은 노력이 필요하다고 느꼈다“고 말했다.
그렇고는 “예를 들면 개혁과 개방이라는 용어에 대한 불신감과 거부감을 어제(2일) 김영남 상임 위원장과의 면담, 오늘(3일) 김 위원장과의 회담에서 느꼈다“고 덧붙였다.
실제 노 대통령은 “우리는 개성 공단을 아주 만족하는 성공적인 사업으로 평가하고 있지만, 북측이 속도의 문제에 대해 섭섭하게 생각하는 것이 사실“이라는 말도 했다.
그러나 이는 '벽'이라고 할 것까지는 없다.
노 대통령은 이날 김 국방위원장과의 회담에서 6자 회담의 '9.19 공동 성명 이행을 위한 제2단계 조처' 합의 채택 등 한반도 정세의 진전을 거론하며, 남북 관계도 '평화와 경제가 선순환하는 공동 번영의 길을 가야 한다'고 강조한 것으로 알려졌다.
구체적으론 해주 특구 등 서해안 개발 구상과 서해상 평화 문제를 큰 틀에서 묶어서 풀어 나가자는 제안을 했을 것으로 보인다.
그러나 김 위원장은 개성 공단 사업의 속도 문제를 거론하는 한편, 평화와 경제가 선순환하자면 남북 간 상호 체제 존중 정신에 맞게 이른바 '근본 문제'가 풀려야 한다는 지적을 했을 것으로 전문가들은 풀이했다.
북쪽이 제기하는 '근본 문제'란 참관지 제한 국가보안법 한/미 합동 군사 훈련 서해 북방 한계선(NLL) 문제 등 4가지다.
하나같이 남북 간에 쉽사리 합의점을 찾기 어렵ㄴ 문제자, 남쪽 사회에 논란이 일ㄹ 수 있는 민감한 사안이다.
하지만 4일 오찬 이전에 '선언' 형식의 합의문을 채택하기로 한 점이나, 노 대통령이 “회담 결과가 만족스럽다“고 밝혔다는 천 대변인의 설명에 비춰, 회담 결과가 나쁘지는 않은 것 같다.
무엇보다 김 위원장의 초미의 관심살 북/미 관계의 진전과 6자 회담 합의문 채택 등이 '평화 문제'를 비롯한 주요 의제에 대해 두 정상이 포괄적 합의에 이르는 데 긍정적 영향을 끼쳤을 것으로 보인다.
다만 예상을 뛰어넘는 구체적이고 파괴력 있는 합의는 없을 것 같다는 것이 전문가들의 대체적인 관측이다.
두 정상 대화록 노 대통령 “일정 연장, 경호 의전과 상의“김 위원장 “대통령이 결심 못 하십니까“노무현 대통령은 3일 오전 9시 27분께 묵고 있던 백화원 영빈관에서 김정일 국방위원장을 맞이했다.
김 위원장은 노 대통령과 악수하며 “편히 쉬셨습니까“라고 먼저 인사를 건넸다.
첫날과 달리 비교적 밝은 표정의 김정일 위원장은 첫날과 달리 내내 화기애애한 대화를 주도했다.
다음은 두 정상의 대화록이다.
# 처음 만나 악수하면서.
김 위원장(이하 김): 어제 편히 쉬셨습니까?
노 대통령(이하 노): 네 아주 편히 쉬었습니다.
김: 어디 불편한 데 없으셨습니까?
노: 네.
숙소가 아주 좋습니다.
김: 김대중 대통령께서도 이 숙소에서 주무셨습니다.
# 노 대통령이 남쪽의 선물을 설명하면서.
노: 이것이 십장생인데, 복숭아, 천도 복숭아를 뜻하는 것입니다.
요거는 남측의 팔도 특산물입니다.
요거는 디브이디(DVD).
재미있게 보시라고.
요즘은 화면을 독특하게 해서 사람을 사로잡는 그런 특성이 있습니다.
김: 진귀한 진품들을 전해 주셔서 감사합니다.
감사합니다.(악수) # 두 정상의 테이블 대화.
김: 어제 아주 훌륭한 행사들을 치렀다고 들었습니다.
만족하십니까?
노: 아주 좋았습니다.
김: 김대중 대통령께서는 하늘을 이렇게 날아 오셔서 평화의 돌파구를 열어 놨고, 이번에는 이렇게 육로로 오신 데에 대해서 대단히 기쁘게 생각합니다.
노: 육로로 올 수 있게 … 아주 잘된 일이라고 생각합니다.
저 스스로도 넘어 올 때 감동이 있었습니다만, 넘어 오는 모습을 지켜 보는 국민들이 감동을 받기도 했습니다.
앞으로 남북 정상회담을 발전시켜 나가는 데 도움이 될 것 같습니다.
김: 도로를 잘 정비를 하지 못하아서 좀 불편하시리라 생각합니다.
노: 그렇지 않습니다.
주변 경관이 참 좋았지요.
어제 평양 도착했을 때 평양 시민들이 나와서 길에서 아주 성대히 맞아 주셔서 정말 감사합니다.
위원장께서 직접 나오셔서 따뜻하게 맞아 주셔서.
김: 대통령께서 오셨는데, 내가 뭐 환자도 아닌데 집에서 뻗치고서 있을 필요 없지요.
노: 마음 속으로 무척 기쁘게 생각합니다.
# 오후 회담을 위해 노 대통령이 김 위원장을 영접하면서 김: (복도를 걸어 들어 와 악수를 하면서) 좀 쉬셨습니까?
노: 네.
김: 옥류관에서 국수를 드셨다면서요.
평양 국수와 서울 국수 어떤 것이 맛있습니까?
노: 평양 국수 맛이 진한 것 같더군요.
오후 회담 모두 발언 김: 기상이 좋지 않다는 보고를 받았습니다.
떠나기에 앞서 오찬이 있는데.
1시간 30분 가량으로 예정하고 있습니다.
오늘 일정을 내일로 미루고, 내일 오찬을 시간 품을 들여서 편안하게 앉아서 허리 띠를 풀어 놓고 식사하시는 것이 좋겠습니다.
하루 일정을 늦추는 것으로 하시지요.
오늘 회의를 내일로 하시고, 모레 아침에 가시는 것이 어떻겠습니까?
노: 나보다 더 센 데가 두 군데가 있는데, 경호, 의전 쪽과 상의를 해야 할 것 같습니다.
김: 대통령이 결심 못 하십니까.
대통령이 결심하시면 되는데.
노: 큰 것은 제가 결정하지만, 작은 일은 제가 결정하지 못합니다.
두 차례 단독 회담 합의문 무엇을 담을까 경제 협력/긴장 완화 아우르는 '포괄적 평화 선언' 가닥 잡은듯 4일 오전 노무현 대통령과 김정일 국방위원장이 공동으로 발표할 선언문에는 어떤 내용이 담길까.
일반적인 선언문의 형식과, 천호선 청와대 대변인이 3일 저녁 평양에서 공동 취재단에 밝힌 윤곽을 살펴보면 대략적인 추정은 가능하다.
일단 합의 정신과 방향을 큰 틀에서 제시하는 전문에는 두 정상이 2000년 '6.15 공동 선언'의 정신을 공유하고 재확인한다는 추상적인 내용이 들어갈 것으로 보인다.
전반적인 합의의 수준과 관련해, 천호선 대변인은 “여지껏 남북 간에 합의해 왔던 것 중에서 이행되지 않았던 것들의 실행력을 더 높이고 그것을 좀 더 구체화하는 결과라고 평가하는 것이 정확하지 않는가 생각한다“고 밝혔다.
새롭ㄴ 의제에 대한 합의보다는 '기존 합의 사항 가운데 막힌 것을 뚫는' 항목이 많은 비중을 차지할 것임를 짐작하게 하는 대목이다.
전문에 잇어 합의문엔 한반도 평화 민족 공동 번영 화해와 통일 등 세 분야에서의 합의 사항이 차례대로 명시될 것으로 예상된다.
항목별로 살펴보면, 평화 의제는 크게 '북핵'과 '평화 체제', '군사적 긴장 완화 및 신뢰 구축'으로 압축된다.
우선 북핵 문제의 해결 의지를 선언에 담기는 어렵지 않을 것으로 보인다.
이날 '연내 불능화'를 명시한 6자 회담 합의문이 타결되는 등 국제 정세가 급진전하고 있기 때문이다.
평화 체제 구축과 관련해서도 정전 체제를 평화 체제로 전환시키기 위한 남북 공동의 의지 표명 등 구체적인 결실이 예상된다.
노 대통령은 이날 옥류관 오찬 인사말에서 “이번에 미래의 방향을 제시하는 합의가 있어야 한다는 데 공감했다“고 말했다.
군사적 긴장 완화 및 신뢰 구축에서도 최소한 원칙적 수준의 합의를 선언문에 담아 낼 가능성이 높다.
노 대통령은 오찬 인사말을 통해 “군사 분계선을 넘을 때 큰 감동이 있었다“며 “단지 마음 속의 감동으로 끝나지 않고 또 다른 파장이 있지 않겠냐“고 말했다.
군사적 대치 상탠 서해 북방 한계선 수역과 군사 분계선 주변 비무장 지대를 평화 지대화하는 구상에서 일정한 진전을 예고한 것으로 받아들여진다.
세부 방안은 2차 국방장관 회담 등을 열어 논의하는 식으로 문안을 정리할 가능성이 높다.
공동 번영에선 “남북은 민족 공동의 번영을 실현시키기 위해 포괄적인 경제 협력 사업을 벌인다“는 수준의 합의가 가능할 것으로 예상된다.
다만 합의문에 민족 협력 산업 단지(특구)나 철도 올해 안 개통 등이 구체적으로 명시될지가 관심 거리다.
인도주의 문제는 비교적인 구체적인 합의와 눈에 잡히는 성과가 가능한 대목이다.
노무현 대통령도 2일 “화해와 통일에 대해서는 따로 논쟁이 없었다“고 밝혔다.
최소한 이산가족 상시 상봉과 일시적인 대규모 상봉만큼은 북쪽이 선뜻 받아들였을 것으로 기대된다.
통일 문제와 관련해선, 6.15 공동 선언의 2 항인 “남과 북은 나라의 통일을 위한 남쪽의 연합제 안과 북쪽의 낮은 단계 연방제 안이 서로 공통성이 있다고 인정하고 통일을 지향한다“는 점을 재확인할 것으로 예상된다.
합의문에 좀 더 진전된 내용이 담긴다면 정상회담 정례화나 각종 당국 간 회담 체계화가 언급될 수도 있다.
“환자도 아닌데 집에서 뻗칠 필요 없지요“전날과 달리 유머 넘쳐'건강 이상설' 의식한 듯 “제가 뭐 환자도 아닌데, 집에서 뻗치고 있을 필요가 없지요!“김정일 국방위원장의 표정이 3일 확 펴졌다.
“무표정하다““표정이 굳었다”“아픈 것 같다“등의 평가를 받았던 전날과는 180도 달라졌다.
치아가 드러날 정도로 자주 활짝 웃었다.
2000년 정상회담 때와 같이 간간이 유머를 구사하는 등 여유가 넘쳤다.
몸 동작은 활기찼다.
이날은 노무현 대통령의 표정이 오히려 긴장되고 굳어 보이었다.
되살아 난 활기? 이날 김 위원장은 얼굴 색부터 눈에 띄게 밝아졌다.
오전 9시 27분께 정상회담장인 백화원 영빈관에 도착한 김 위원장은 “어제 편히 쉬셨습니까?“라고 환하게 웃으며 노 대통령과 반갑게 인사했다.
쇠약해 보이던 전날과 달리, 힘차게 악수했다.
수행원들과 악수할 때도 얼굴에 웃음이 가득했다.
오전 1차 회담을 마치고 나올 때도 밝은 얼굴이 카메라에 잡혔고, 2차 회담을 시작하기 전에는 노 대통령과 농담을 한 뒤 껄껄 웃기도 했다.
전날의 무뚝뚝함도 사라졌다.
친밀감 넘치는 몸 동작이 자주 눈에 띄었다.
그는 노 대통령과 벽화를 같이 볼 때는 손짓을 섞어 가며 이야기를 나눴다.
노 대통령이 선물한 병풍을 설명할 때는 직접 만져 보면서 관심을 표시했고, 특산물과 영화 디브이디 등을 설명할 때는 연신 고개를 끄덕였다.
회담장으로 가면서 노 대통령 부인 권양숙씨에게 “다시 뵙겠습니다“라고 인사를 건네기도 했다.
걸을 때도 옷깃이 스칠 만큼 가까이 다정하게 걸었다.
이날의 백미는 김 위원장의 재치 있는 유머였다.
정상회담 들머리에서 노 대통령이 직접 영접에 감사를 나타내자 “환자도 아닌데 “라며 특유의 유머 섞인 말로 답해 한바탕 웃음을 자아냈다.
남쪽 언론 의식한 듯 180도 달라진 김 위원장의 모습은 전날 무덤덤한 표정이 불러왔던 여러 억측을 잠재웠다.
2일 노 대통령과 김 위원장의 만남을 전한 남쪽 텔레비전 방송은 물론, 3일치 조간 신문은 온통 김 위원장은 '무표정함'에 초점을 맞췄다.
특히 정상회담을 마뜩잖게 여기는 보수 언론들은 “시종 무표정 … 7년 전과 달랐다““표정이 딱딱““어딘가 불편?“등의 제목으로 김 위원장의 신상에 무슨 이상이 있는 것처럼 보도했다.
김 위원장은 이런 남쪽의 보도를 염두에 두고 행동하는 것으로 보인다.
2000년 때도 그랬고, 이번에도 김 위원장은 남쪽 언론의 보도를 꼼꼼하게 점검하는 것으로 전해졌다.
특히 그가 “환자도 아닌데“라며 “환자“란 말까지 쓴 것은 또다시 제기된 건강 이상 설을 적극 부인하는 의도로 보인다.
그는 2000년 정상회담 때 “구라파 사람들은 내가 은둔 생활을 한다고 말한다.
그러나 김 대통령이 오셔서 은둔에서 해방됐다“며 외국의 시선을 의식한 발언을 한 바 있다.
3일 김 위원장의 밝아진 표정만큼, 회담 전망이 활짝 개일지 주목된다.
'베이징올림픽 단일팀 5대 5 구성' 의견 접근 분야별 간담회 '국회 회담 정례화' 제안에 북 '6.15 공동 지지' 역제안 '종교인 평화 대회 평화 선언 채택'에는 긍정적 반응 남북은 베이징올림픽 단일팀을 5:5로 구성하되 선수들의 능력을 감안해 구성하자는 데 의견 접근을 봤다.
정상회담 이틀짼 3일 개최된 특별 수행원 간담회 중 사회 단체 언론 분야에서 남북은 이렇게 의견을 모으고, 실무적인 문제는 계속 협의하기로 했다.
정치 종교 여성 분야 등도 이날 간담회를 했다.
정치 분야?김원기 전 국회 의장 등 국회 정당 관계자들은 3일 최태복 최고인민회의 의장 등 북쪽 정당 관계자들과 남북 국회 회담 정례화 문제 등을 논의했다.
김 전 의장은 기조 발언에서 남북 국회 회담의 빠른 개최를 요청했다.
북쪽 최태복 최고 상임위 의장은 6.15 공동 선언에 대한 남북 국회의 공동 지지 선언을 제안했다.
양쪽은 서로의 제안에 대해 뚜렷한 결론을 내지 못한 채 회담을 마쳤다.
간담회에는 남쪽 김 전 의장과 배기선 국회 남북 평화 통일 특별 위원회 위원장(정치 분야 간사) 등이 참석했다.
사회 단체 언론 분야 남쪽은 인도적 분야 및 보건 의료 협력을 활성화하는 방안, 2008년 베이징올림픽 단일팀 등 체육 교류 문제, 남북 공동의 영화 방송 세트장을 만드는 방안 등을 의제에 올렸다.
특히 이산가족 생사 확인과 상봉 횟수를 확대하고 만남 방식을 다양화하기 위해 금강산 이산가족 상봉소 외에 개성에도 이산가족 상봉소를 만들자고 제안했다.
이에 북쪽은 민족 중시/민족 공동 이익 중시 입장을 강조하고 6.15 공동 선언 발표 일을 '우리 민족끼리의 날'로 정해 기념하자고 제안했다.
정세현 민화협 상임의장은 간담회가 끝난 뒤 “남과 북은 베이징올림픽 개최 때 남북 단일팀을 5대 5 원칙으로 구성하되 선수들의 능력을 감안해 구성하자는 데 의견을 접근을 봤으며, 실무적인 문제는 계속 협의해 나가기로 했다“고 말했다.
문화 예술 학계 분야 남쪽은 “남쪽 학생들이 북쪽 대학에서 전통 문화와 역사를 연구할 수 있는 기회가 줘졌으면 좋겠다“고 제안했다.
이세웅 예술의 전당 이사장은 “앞으로 남북 문화 교류는 서로가 각자의 것을 나누는 수준을 벗어나 남북의 재능 있는 인재들이 함께 모여 예술을 창작하고 학문을 연구하는 단계로 질적 발전을 모색해야 한다“며 이렇게 말했다.
북쪽은 특별한 반응을 내놓지 않았다.
종교 분야 남쪽은 올해 안에 남쪽에서 '종교인 평화 대회'를 열어 종교인 평화 선언을 채택할 것을 제안했다.
남쪽은 평화 주간을 정해 남북의 문화 예술, 체육 행사 등과 함께 종교별 공동 행사를 하는 방안을 제시했고, 북쪽은 긍정적 반응을 보였다.
여성 분야?평양 인민문화궁전에서 3일 오전 북쪽 여성계와 간담회를 한 김화중 한국여성단체협의회장은 “다른 분야에 비해 여성 교류가 상대적으로 미진해 구체적 사업을 통해 여성 교류를 정례화하자“고 제안했다.
김 회장은 “여성과 아동의 영양, 건강 관리 등 의료를 포함해 사회, 문화, 예술 분야 등 전문 분야별로 교류하고 협력해 상호 협력과 통일 과업에 큰 기여를 할 수 있었으면 한다“고 말했다.
북쪽은 여성 교류 정례화 제안에 대해 구체적 답변을 하지 않았다.
서해안 유전 개발 북에 정식 제의 남북 정상회담 계기로 공기업들이 추진하려는 사업 한국석유공사 서해안 유전 공동 탐사 한국전력공사 새 경제 특구 전력 공급 대한광업진흥공사 단천 아연 마그네사이트 개발 한국철도 공사 개성 공단 통근 열차, 금강산 관광 열차, 베이징올림픽 응원단 열차 운행 한국토지 공사 새 경제 특구 개발, 개성 공단 2 단계 조기 추진 코트라 북에 무역 활동 지원, 무역 노하우 교육 중국 발해만 근처 서한만 매장 가능성 커 단천 자원 개발 금강산 관광 열차도 의제로 3일 열린 남북 정상회담에서 논의한 경제 협력 사업 가운데 서해 유전 공동 개발 사업이 포함된 것으로 알려졌다.
특히 정부가 관심을 두고 있는 지역은 지난 5월 대형 유전이 발견된 중국의 보하이(발해)만 근처의 서한만이다.
산업 자원부 고위 관계자는 3일 “서해안 신의주 남포 앞바다 광구에서 석유 가스를 남북이 공동 탐사하자는 제안이 정상회담 의제에 포함된 것으로 알ㄴ다“며 “이 광구들이 중국의 대륙붕과 연계된 구조어서 중국이 탐사하기 전에 탐사권을 확보하는 것이 중요하다“고 밝혔다.
이 관계자는 “이 광구는 지난 5월 유전이 발견된 중국의 보하이만 광구와 가깝ㄴ 곳이어서 석유가 나올 가능성이 있다“고 덧붙였다.
한국석유공사 관계자도 “북에서 석유를 탐사해 볼 만한 곳으로는 신의주 남포 앞 서한만, 원산 앞 동한만, 온주 길주 등이 꼽힌다“며 “50억~60 억 배럴의 석유가 매장된 것으로 추정되는 보하이만 유전과 가깝ㄴ 서한만이 가장 가능성이 높아 보인다“고 밝혔다.
이 관계자는 “이곳은 중국과 남북한 사이에 영해 논란이 있는 곳이어서 하루빨리 탐사에 나서는 것이 유리하다“며 “동한만과 온주 길주는 석유 매장 가능성이 있지만, 아직까지 확인된 것은 없다“고 밝혔다.
함경남도 단천 특구의 지하 자원 개발 사업도 경제 협력 의제 가운데 하나다.
광업진흥공사의 강천 구 홍보실장은 “단천 지하 자원 개발 특구에서 아연 마그네사이트를 공동 개발하기로 이미 남북 당국이 합의했다“며 “지난 8월 현지 조사를 다녀왔고, 이번 달에 2차 조사를 갈 계획“이라고 말했다.
단천 특구에는 마그네사이트 40억 t, 아연 2110만 t가 매장된 것으로 알려졌다.
이번 방북단의 특별 수행원 자격으로 참여한 이한호 광진공 사장은 지난 9월 북한을 방문해 황해남도 신안군에서 석회석 광산 공동 개발을 합의하기도 했다.
한국토지 공사는 해주 남포 원산 나진 선봉 신의주 등 네 곳으로 추정되는 제2 경제 특구 개발에 대한 기대감이 크다.
또 개성 공단 1단계 사업 내실화와 2 단계 개발 착수도 중요 현안이다.
현재 개성 공단은 전체 2640만 가운데 13%인 330만만 개발된 상태다.
또 철도 공사는 이미 경의선 동해선이 연결된 상태므로 실현 가능한 노선들부터 하루빨리 운행하기를 기대하고 있다.
가장 먼저 꼽히는 노선은 개성 공단 통근 열차와 금강산 관광 열차며, 2008년 베이징올림픽 한국 응원단을 육로로 수송할 열차 운행 사업도 추진 중이다.
코트라는 북한 기업들의 무역 활동을 교육 지원하는 사업을 준비하고 있다.
크게 세 가지로 남북 경제 협력 사업 지원 북한 경제인들의 무역 연수 코트라 국외 무역관을 통한 북한 상품 수출 지원 등이며, 북한의 기업 투자 설명회와 상품 전시회도 지원할 수 있다는 구상이다.
한국전력공사는 개성 공단 확대나 새 경제 특구 합의에 따른 전력 수요에 충실히 대비한다는 방침을 세웠다.
'만남의 순간' TV도 뜨거웠다 시청률 평소보다 높은 14.5% 7년 전 정상회담보단 5.8% 노무현 대통령의 방북을 생중계한 지상파 방송 3사 뉴스 특보의 시청률이 평소 같은 시간대보다는 높았지만 7년 전 김대중 전 대통령이 방북했을 때보다는 다소 떨어진 것으로 나타났다.
시청률 조사 기관인 티엔에스미디어코리아는 노 대통령의 방북 첫날인 2일 방송 3사의 남북정상회담 뉴스 특보 시청률 합계가 14.5%로 나타났다고 3일 밝혔다.
이는 김 전 대통령의 방북 첫날인 2000년 6월 13일 뉴스 특보 시청률 합계 20.3%에 비해 5.8%포인트 낮은 수치다.
분단 뒤 처음으로 두 정상이 만난 2000년에는 국민적 관심이 지금보다 더 뜨거웠기 때문인 것으로 풀이된다.
연령별로 보면 2000년과 마찬가지로 이번에도 분단의 아픔을 직접적으로 겪어 온 60대 이상이 가장 많이 시청한 것으로 조사됐다.
특히 노 대통령 부부가 군사 분계선을 걸어서 통과한 오전 9시부터 9시 6분까지 방송 3사 시청률 합계가 27.7%(한국방송 1 티브이 12.5%, 문화 방송 9.5%, 에스비에스 5.7%)로 가장 높았다.
이는 같은 요일 같은 시간대 4주 평균 시청률 합계(22.4%)보다 5.3%포인트나 높은 수치다.
이후 평양 4.25문화회관에서 노 대통령과 김정일 국방위원장이 만나는 순간(낮 12시~12시 12분)의 시청률 합계는 15.1%로 나타났다.
남북정상회담 첫날 소식을 다룬 방송 3사 저녁 종합 뉴스 시청률도 평소보다 올라 '케이비에스 뉴스9'는 18.1%, '엠비시 뉴스데스크'는 10.3%, '에스비에스 8뉴스'는 8.5%를 기록했다.
권양숙씨 박물관 등 참관 “정기적 교류 기대“밝혀 노무현 대통령 부인 권양숙씨는 정상회담 이틀짼 3일 고려의학과학원과 조선중앙역사 박물관을 참관했다.
이날 오전 두 정상이 1차 회담을 하는 동안 권씨는 오전 10시 30분께 변재진 보건 복지부 장관, 김홍남 국립중앙박물관장 등 남쪽 수행원들과 함께 조선중앙박물관을 방문했다.
권씨는 고려 시대 대리석 불상을 유심히 살펴보는 등 전시 유물에 깊은 관심을 나타냈다.
그는 관람을 마친 뒤 박철룡 부관장에게 서울 국립중앙박물관 전시 유물의 도록 2권을 선물하면서 “(남북이) 서로 보고 싶은 것이 많다.
(남북 박물관 사이에) 정기적인 교류와 지속적 발전을 기대한다“고 말했다.
권씨는 전시된 편종과 편각을 이용한 북쪽 차순용 강사의 <아리랑> <고향의 봄> 연주를 들은 뒤 박수로 답례했다.
권씨는 잇어 오전 11시 30분께 노 대통령의 한방 주치읜 신현대 경희대 교수와 함께 고려의학과학원을 찾았다.
수법 치료실, 난치 나이 치료실, 뜸 치료실 등을 둘러본 그는 “우리의 쑥찜과 어떻게 다르냐“고 묻는 등 남쪽의 한방 의학과 북쪽의 고려 의학의 차이에 대해 호기심을 나타냈다.
고려 의학은 한의학을 독자적으로 발전시켜 온 북쪽의 전통 의학을 말한다.
특별 수행원들 '보통회' 결성 “남북 관계 발전 이바지“눈길 끄는 인물들 LG 구 회장 비롯 기업 학계 47명 분기별 모임 갖기로 김 위원장 악수 때 국정원장 '꾸벅' 김 국방 '꼿꼿' 입길도 남북정상회담은 최고 지도자 사이의 만남인 동시에 양쪽 주요 인물들의 교류 마당이다.
'수뇌 상봉'의 그늘에 묻혀 노출이 되지 않는 경우가 많지만, 굵직한 인물들의 면면과 인연, 행동은 관심사가 아닐 수 없다.
김만복?국가정보원장은 김정일 국방위원장과의 악수 장면이 눈길을 끌었다.
2일 4.25문화회관에서 열린 환영 행사에서 김 국정원장은 김정일 위원장과 악수를 하며 허리와 고개를 숙이는 등 깎듯한 태도를 보였다.
김 위원장이 한 손을 내밀ㄴ 반면, 김 국정원장은 두 손으로 김 위원장의 손을 감싸 쥐었다.
악수 도중 김 위원장에게 환하게 웃으며 말을 건네는가 하면 김 위원장이 한동안 자신 앞에 머물자 거듭 고개를 가볍게 숙여 인사했다.
주목되는 것은 김 위원장이 김 국정원장한테는 친밀하게 말을 건넸다는 점이다.
김 위원장이 이미 김 국정원장을 만난 적이 있어 친밀함를 표시한 것이 아니냐는 풀이도 나온다.
김 국정원장은 정상회담 협의를 위해 지난 7월 방북한 바 있다.
이때 김 위원장을 예방해 인사를 했을 수 있다는 것이다.
김 국정원장은 3일 정상회담에도 배석해 김 위원장을 다시 만났다.
김 국정원장의 깍듯함는 바로 옆에 서 있던 김장수 국방장관의 꼿꼿한 악수 태도와 비교됐다.
김 국방장관은 허리를 곧추 세우고 고개도 숙이지 않은 채 한 손으로 악수했다.
웃음도 없었다.
역시 이날 웃음이 적었던 김 위원장과 막상막하의 딱딱한 모습이었다.
국방장관으로 남북 대치 상황을 고려한 것 아니냐는 해석과 군인 출신으로서 군사 예절에 따른 것일 뿐이라는 풀이가 동시에 나왔다.
군인은 상관은 물론 외부인과 인사를 할 때 고개를 숙이지 않는 것이 일반적인 군례라고 한다.
정몽구?현대 기아 차 그룹 회장과?현정은?현대그룹 회장도 남다른 인연으로 주목을 받고 있다.
잘 알려진 대로 정 회장은 고 정주영 현대그룹 회장의 장남이고, 현 회장은 고 정 회장의 넷째 며느리다.
과거 정몽구 회장과 현대 자동차를 비롯한 현대그룹 전체의 경영권을 놓고 격돌했던 남편 고 정몽헌 회장이 숨진 뒤 현 회장이 현대그룹을 이끌고 있다.
우여곡절의 가족사를 안고 있는 두 사람은 정상회담 경제 분야 특별 수행원으로 나란히 평양을 방문하고 있다.
3일엔 특별 수행원 분야별 간담회에 함께 참여해 남북 경협 방안을 함께 토의하기도 했다.
현 회장이 이번 방북 기간 현대건설 인수를 위해 정 회장의 도움을 요청할지, 정 회장이 대북 사업에 진출하기 위해 현 회장과 협력할지 등도 관심사다.
정 회장과 현 회장을 비롯한 47명의 특별 수행원은 평양 방문을 계기로?보통회라는 모임을 만들어 앞으로도 정기적으로 교류하기로 했다.
모임 이름은 숙손 보통강 호텔에서 따 왔다.
'특별'수행원으로 만났다는 점도 고려한 작명으로 보인다.
모임 회장은 구본무 엘지 그룹 회장이, 간사는 김근식 경남대 교수가 맡기로 했다.
김원기 국회 의장은 고문으로 추대됐다.
특별 수행원의 일원인 문정인 연세대 교수는 “2000년 방북을 계기로 결성됐던 특별 수행원 모임인 '주암회'도 분기별로 만난다“며 “보통회도 앞으로 분기별로 한 번 정도씩 만나 남북 관계 발전을 위해 민간 차원에서 갖가지 아이디어를 모으는 역할을 하게 될 것“이라고 말했다.
주암회도 당시 숙소였던 주암산 초대소에서 이름을 땄다.
정상회담 6자 합의로 '한반도 평화 선순환' 예고 6자 합의문 공식 발표 '북핵 불능화' 미국 주도로 연내 완료 명시 완전 폐기 단계 가시권 2주 안 전문가 파견 “테러 지원국 해제/북 이행 조처 병렬 완수“6자 회담 의장국인 중국이 2일 오후 미국 일본 등 참가국들의 승인을 거쳐 불능화 및 테러 지원국 해제 등의 내용을 담은 '2 단계 비핵화 합의 문서'를 발표했다.
이번 합의로 북핵 문제는 불능화 단계에서 폐기 단계를 내다보는 국면으로 들어갔다.
또 동시 행동의 상호 조율된 조처로서 함께 진행될 북/미, 북/일 관계의 정상화 움직임과 남북 정상회담의 성과를 바탕으로 한반도 평화제체는 더욱 탄력을 받을 것으로 보인다.
전체적으로 합의문 내용은 예상했던 범위에서 크게 벗어나지 않았다.
합의문은 비핵화 2단계의 핵심인 북핵 시설의 불능화를 올 연말(12월 31일)까지 완료하기로 했다.
또 그 작업을 미국이 주도하며, 불능화 준비를 위해 2주 안에 북한에 전문가 그룹을 보내기로 했다.
또 다른 핵심 현안이었던 신고에 대해서도 올 연말(12월 31일)까지 '2.13 합의에 따라 모든 핵 프로그램에 대해 완전하고 정확한 신고'를 하기로 했다.
이와 함께 북한은 '핵 물질, 기술 또는 노하우를 이전하지 않는다'는 공약을 재확인했다.
이 대목은 최근 미국 안에서 제기된 시리아/북한 핵 협력설을 해소하기 위한 것으로 보인다.
미국 등이 취할 상응 조처에 대해 합의문은 북한과 미국이 양자 관계를 개선하고 전면적 외교 관계로 나아간다는 공약을 유지하기로 했다는 것을 확인했다.
핵심 쟁점이었던 테러 지원국 해제 문제에 대해, 합의문은 “미국은 북미 관계 정상화 실무 그룹 회의를 통해 도달한 컨센서스에 기초해 북한의 조처들과 병렬적으로 북한에 대한 공약을 완수할 것“이라고 말했다.
북한은 이런 맥락에서 테러 지원국 해제를 연내에 한다는 것으로 받아들이고 있는 것 같다.
불능화의 대상은 영변의 5 실험용 원자로, 재처리 시설(방사 화학 실험실) 및 핵 연료봉 제조 시설로 적시했다.
합의문은 불능화 방안에 대해 '전문가 그룹이 권고하는 구체 조처들이 모든 참가국들에 수용 가능하고, 과학적이고, 안전하고, 검증 가능하며, 또한 국제적 기준에 부합돼야 한다는 원칙들에 따라 수석 대표들에 의해 채택될 것'이라고 명시했다.
이밖에 합의문은 “북한과 일본이 불행한 과거 및 미결 관심 사안의 해결을 기반으로, 평양 선언에 따라 양국 관계를 신속하게 정상화하기 위해 진지한 노력을 할 것“이라는 말로 과거 청산과 납치 문제 해결 의지를 담았다.
또 6자 수석 대표 회의를 거쳐 적절한 시기에 베이징에서 6자 외교 장관 회담이 개최될 것임를 재확인했다.
하지만 북한의 의무 사항이랄 수 있는 비핵화에 대한 이런 합의 내용은 구체성을 결여하고 있다는 지적을 받을 수 있다.
예컨대 불능화의 경우 불능화의 방식을 밝히지 않고 있고, '국제적 기준'과 '검증 가능'이라는 조건만 언급돼 있다.
이것만으로는 불능화 수준을 가늠하기 어렵다.
신고의 경우도 '완전하고 정확한'이라는 원칙만 천명하고 있다.
우라늄 농축 프로그램이라든가, 플루토늄의 생산 내역 등이 신고에 포함돼야 한다는 점이 빠져 있다.
구체성을 결여하기는 미국이 취할 테러 지원국 해제에 대해서도 마찬가지다.
하지만 정부 당국자는 모든 내용이 논의됐으나 이를 합의문에 담지 않았을 뿐이라고 말했다.
예를 들어 불능화의 수준에 대해 이번 합의문은 명확하게 적시하지 않았는데, 미 수석 대푠 크리스토퍼 힐 국무부 차관보는 1년 이내에 재가동이 어렵게 되는 수준을 강조해 왔다.
하지만 그 정도의 불능화 수준에 이르기 위해 어떤 조처가 필요한지는 기술적인 영역에 속하는 문제라고 할 수 있다.
더욱이 한/미 양국은 불능화가 과도적인 중간 단계라는 인식에 따라 폐기 단계로의 이행을 앞당기는 것이 중요하다는 인식 아래 이 문제를 다뤄 왔다.
정부의 한 당국자는 “이제 6자 회담은 합의문에 무엇을 담을 것인가보다 실천과 이행이 중요한 단계에 접어들었다“고 말했다.
<6자 회담 합의 전문> 6자 회담 참가국들은 5개 실무 그룹의 보고를 청취 승인했으며 2.13 합의 상의 초기 조치 이행을 확인했고, 실무 그룹 회의에서 도달한 컨센서스에 따라 6자 회담 과정을 진전시켜 나가기로 합의했으며, 또한 평화적인 방법에 의한 한반도의 검증 가능한 비핵화를 목표로 하는 9.19 공동 성명의 이행을 위한 제 2 단계 조치에 관한 합의에 도달했다.
1. 한반도 비핵화 ① 북한은 9.19 공동 성명과 2.13 합의에 따라 포기하기로 돼 있는 모든 현존하는 핵 시설을 불능화하기로 합의했다.
영변의 5 실험용 원자로, 재처리 시설(방사 화학 실험실) 및 핵 연료봉 제조 시설의 불능화는 2007년 12월 31일까지 완료될 것이다.
전문가 그룹이 권고하는 구체 조치들은 모든 참가국들에 수용 가능하고, 과학적이고, 안전하고, 검증 가능하며, 국제적 기준에 부합돼야 한다는 원칙들에 따라 수석 대표들에 의해 채택될 것이다.
여타 참가국들의 요청에 따라 미국은 불능화 활동을 주도하고 이러한 활동을 위한 초기 자금을 제공할 것이다.
첫 번째 조치로서 미국은 불능화를 준비하기 위해 향후 2주 내에 북한을 방문할 전문가 그룹을 이끌ㄹ 것이다.
② 북한은 2.13 합의에 따라 모든 자국의 핵 프로그램에 대해 완전하고 정확한 신고를 2007년 12월 31일까지 하기로 합의했다.
③ 북한은 잇어 핵 물질, 기술 또는 노하우를 이전하지 않는다는 공약을 재확인했다.
2. 관련국 간 관계 정상화 ① 북한과 미국은 양자 관계를 개선하고 전면적 외교 관계로 나아간다는 공약을 유지한다.
양측은 양자 간 교류를 증대하고 상호 신뢰를 증진할 것이다.
북한을 테러 지원국 명단에서 삭제하기 위한 과정을 개시하고 또 북한에 대한 대적성국 교역 법 적용을 종료시키기 위한 과정을 진전시켜 나간다는 공약을 상기하면서 미국은 북/미 관계 정상화 실무 그룹 회의를 통해 도달한 컨센서스에 기초해 북한의 조치들과 병렬적으로 북한에 대한 공약을 완수할 것이다.
② 북한과 일본은 불행한 과거 및 미결 관심 사안의 해결을 기반으로, 평양 선언에 따라 양국 관계를 신속하게 정상화하기 위해 진지한 노력을 할 것이다.
북한과 일본은 양측 간의 집중적인 협의를 통해 이런 목적 달성을 위한 구체적인 조치를 취해 나갈 것을 공약했다.
3. 북한에 대한 경제 에너지 지원 2.13 합의에 따라, 중유 100만 t 상당의 경제 에너지 인도적 지원(이미 전달된 10만 t 중유 포함)이 북한에 제공될 것이다.
구체 사항은 경제 및 에너지 협력 실무 그룹에서의 논의를 통해 최종 결정될 것이다.
4. 6자 외교 장관 회담 참가국들은 적절한 시기에 베이징에서 6자 외교 장관 회담이 개최될 것임를 재확인했다.
참가국들은 외교 장관 회담 이전에 동 회담의 의제를 협의하기 위해 수석 대표 회의를 개최하기로 합의했다.
“6자 회담에 힘 싣어 주는 계기되길“미국의 기대 조지 부시 미 행정부는 남북정상회담을 지지한다고 천명하고 있다.
그러나 비핵화 진전에 도움이 돼야 한다는 단서를 달았다.
데이너 페리노 백악관 대변인은 2일 정례 브리핑에서 “정상회담의 구체적 결과가 나올 때까지는 언급을 자제할 생각“이라며 “이번 회담이 평화와 안전에 기여하게 될 것으로 생각한다“고 말했다.
크리스토퍼 힐 국무 차관보의 이날 뉴욕 기자 회견도 같은 맥락이다.
그는 “북핵 문제 해결은 미국을 비롯한 6자 회담 당사국들의 관심사지만, 이 문제는 한반도 문제고 한국민들이 원하는 정상회담과 같은 대화의 틀을 가질 권리가 있다는 사실을 존중해야 한다“며 “우리는 한국 정부와 긴밀한 접촉을 갖고 있고 정보를 공유하고 있다“고 설명했다.
이런 발언들은 '정상회담 지지'이라는 공식 견해 이면에 가려진, 부시 행정부 내의 강온 기류를 반영하고 있는 것으로 보인다.
힐 차관보로 대표되는 국무부 중심의 대북 협상파들은 이번 정상회담이 6자 회담에 힘을 싣어 주는 계기가 되길 바라고 있다.
정상회담이 비핵화의 진전뿐 아니라, 북한의 군사적 위협을 축소하고 지역 안정을 강화해 나가려는 국제 사회 목표를 충족하는 데 기회를 제공할 것으로 기대한다.
다른 한편에선, 핵 실험을 감행한 지 1년도 안된 북한과 보상을 담은 합의를 하는 데 대한 경계의 목소리가 만만하지 않다.
그런 점에서 미국 쪽의 반응은 조심스럽ㄹ 수밖에 없다.
워싱턴포스트가 2일 '레임덕 한국 대통령과 예측 불가능 북한 지도자의 만남'이라고 보도한 데서 보듯이, 미국 언론들도 이번 정상회담에 대체로 부정적이다.
미국이 북핵 협상에서 북한에 지나친 양보를 하고 있다고 비판하는 강경파들은 정상회담에서 한국이 미국과 조율을 거치지 않고 민감한 이슈를 치고 나갈 우려가 있다고 의심한다.
맨스필드 재단의 고든 플레이크 사무국장은 “존 볼턴이나 로버트 조지프 등의 네오콘(신보수주의자)들이 행정부를 떠났지만, 행정부 안에는 여전히 북한의 의도를 의심하는 사람들이 많이 포진해 있다“며 “최근 시리아/북한 핵 협력 커넥션에 대한 익명의 보도가 그 단적인 예“라고 말했다.
그러나 부시 대통령의 2 단계 북핵 합의문 최종 승인은 힐 차관보/콘돌리자 라이스 국무 장관이 중심이 된 협상파의 손을 들어 준 것으로 풀이된다.
노무현 대통령은 이번 정상회담에서 김정일 국방위원장에게 이런 점을 강조할 전망이다.
'일본인 납치' 김 위원장 결단 희망 일본의 바람 갓 출범한 후쿠다 야스오 일본 정부는 이번 정상회담이 납치 문제 해결의 돌파구가 되기를 바란다는 기대감을 감추지 않고 있다.
후쿠다 총리는 2일 밤 기자들에게 “노무현 대통령은 일본의 처지도 생각해 여러 가지 전체적으로 문제 해결을 해 주지 않을까 기대하고 있다“고 말했다.
이런 일본 정부의 기대는 막연한 것이 아니다.
지난달 28일 노 대통령과 후쿠다 총리의 전화 통화, 뉴욕 한/일 외무 장관 회담 등을 통한 사전 교감을 바탕으로 한 것이다.
노 대통령은 후쿠다 총리에게 납치 문제를 언급하겠다고 약속했다.
후쿠다 총리는 1일 국회 첫 연설에서 납치 문제와 과거 청산의 포괄 해결 의사를 표명한 바 있다.
전임 아베 신조 정부의 납치 문제 최우선 해결에서 달라진 자세다.
북한도 적극 호응하고 있다.
북핵 6자 회담 북한 수석 대푠 김계관 외무성 부상은 2일 “조/일 관계 정상화를 위해 접촉이 필요하다는 데 일본과 의견 일치를 봤다“고 밝혔다.
분위기가 성숙돼 있다는 판단에 따라 노 대통령은 이번 회담에서 일본인 납치 문제를 한국의 국군 포로 납북자와 같은 인도주의적 차원의 문제로 접근할 것으로 예상된다.
이미 2000년 1차 정상회담에서 두 정상은 이산가족 문제의 해결에 최고 지도자의 결단이 얼마나 유용한 것인지를 확인했다.
그리고 7차 남북 적십자 회담(2006.2)에선 '전쟁 이후 시기' 소식을 알ㄹ 수 없게 된 사람들의 생사 주소 확인에 합의함로써 국군 포로와 납북자 문제를 해결할 수 있는 기반을 마련했다.
이제 김정일 국방위원장의 결단이 필요한 상황이다.
일본인 납치 문제와 납북자 국군 포로는 성격을 달리한다.
그러나 납치 문제도 그렇고 이 문제에 답을 줄 수 있는 사람은 김 위원장 뿐이다.
노 대통령은 오는 8~10일 남북정상회담 특별 수행원이자 남북평화통일특별위원회 위원장인 배기선 의원을 일본에 보내 방북 성과를 설명할 예정이다.
이번 남북정상회담이 북/일 관계뿐 아니라, 고이즈미 준이치로/아베 신조 정부의 6년 동안 냉랭해진 한/일 관계의 정상화를 복원하는 발판이 될 것이라는 기대감이 높아지고 있다.
한편, 일본 언론들은 7년 전 김 위원장이 김대중 당시 대통령의 두 손을 6초 간 잡고 열렬히 환영했으나, 이번에는 무표정하게 3초 간 악수했을 뿐이라고 보도하는 등 냉정한 태도를 보였다.
DJ 말없이 회담 방송 지켜 봐 2000년 남북 정상회담의 주인공인 김대중 전 대통령은 이번 정상회담에 대해 아무렇ㄴ 말도 꺼내지 않고 있다.
김 전 대통령은 지난 2일 노무현 대통령이 군사 분계선을 걸어서 넘는 장면 등을 서울 동교 동 자택에서 생중계로 지켜 봤다고 한다.
그러나 김 전 대통령은 별다른 언급을 하지 않았다고 최경환 비서관이 전했다.
회담 필요성을 누누히 강조해 온 김 전 대통령이지만, 회담이 진행되고 있는 상황에서 발언하는 것은 적절하지 않다고 판단한 것으로 보인다.
김 전 대통령은 4~5일 광주 디자인 비엔날레 참석차 광주를 방문할 예정이다.
남북 정상회담이 끝나는 시점인 만큼 정상회담 성과와 전망 등에 대해 언급이 있을 것으로 보인다.
김 위원장 '파격 행보' 줄어'예측 가능한 회담'으로 2000년과 달라진 모습 주요 일정 대부분 예정대로 북 일반적 외교 관례 접근 '파격 영접!' '깜짝 쇼!' '깜짝 마중!' 북한 김정일 국방위원장의 행동이나 발언을 보도하는 기사 앞에는 으레 '예측 불허'와 '깜짝' '파격'이란 꾸밈말이 붙는다.
2000년 정상회담 때에 견주면 덜하지만 2007년 남북 정상회담 보도 또한 마찬가지다.
정상회담 첫날 보도를 보면, '노 대통령 평양 도착 … 김 위원장 깜짝 영접' '정상회담 북한 파격의 연속'이거나 '노 대통령/김 위원장 차분한 첫 만남'이란 설명이다.
김 위원장이 애초 3일 오전 10시 예정된 첫 정상회담보다 30분 일찍 노 대통령 숙손 백화원 영빈관에 나타나 회담도 30분 앞당겨졌다.
3일 오후 김정일 위원장이 정상회담 일정 하루 연장을 요청하자, '예측 불허'와 '깜짝'이란 인상이 더욱 굳어졌다.
하지만 이번 정상회담의 이틀 동안 진행 경과를 살펴 보면, '예측 가능성 높아진 회담 진행'이란 평가를 할 수 있다.
정부 당국이 2000년 정상회담 전례를 고려해 잡았던 이번 정상회담 이틀 동안의 주요 일정은 3 대 혁명 전시관 참관만 빼면 대부분 예정대로 진행됐다.
첫날 김정일 위원장 직접 영접 가능성도 북한이 확인을 해 주지 않았지만, 정부 당국은 어느 정도 김정일 위원장의 영접을 예상하고 있었다.
정상회담 선발대가 북쪽과의 환영 행사 실무 협의 과정에서 '김 위원장이 환영식에 등장할지도 모른다'는 판단을 한 것으로 알려졌다.
남북은 김정일 위원장의 신변 안전과 경호상 필요 때문에 김정일 위원장의 영접 가능성을 마지막 순간까지 확인하지 않았다.
정도의 차이는 있지만 대부분 나라들이 최고 지도자의 동선을 비밀로 하고 있다.
김정일 위원장은 2000년 정상회담 때 “김 대통령 오셔서 은둔에서 해방“됐다고 농담했다.
2000년 6월 정상회담 전까지만 해도 외부 세계는 김 위원장을 수수께끼 인물로 묘사해 왔다.
김 위원장은 2000년 6월 예의 바르고 거침없는 뜻밖의 모습으로 나타났다.
2000년 이후 남북 관계가 진전됐고 김정일 위원장도 꾸준한 외교 행보를 보였다.
김정일 국방위원장은 2000년 10월 23~25일 평양을 방문한 매들린 올브라이트 당시 미국 국무 장관과 회담했다.
납치 문제가 걸려 있지만, 일본과는 2002년과 2004년 두 차례 정상회담을 했다.
김 위원장은 2000년 이후 네 차례 중국을, 2001년에는 러시아를 방문했다.
서방과 활발한 외교 활동도 벌여 2000년 이후 이탈리아 오스트레일리아 필리핀 영국 캐나다 독일 등과 수교했다.
이번 정상회담을 준비하면서 남쪽은 2000년 정상회담 전례에 비춰 회담 계획을 잡고, 북쪽과 협의했다.
정상회담 이틀째 일부 변동이 있었지만 북한의 보안 중시 특성을 고려한다면, 이번 정상회담은 나름대로 일반적 외교 관례에 접근해 가는 것으로 평가할 수 있다.
최승철, 노 대통령 '그림자 수행' 대남 교류 사업 '실세' 과시 북 회담 실무자와 관심사 2일 만찬장에 경제 분야 책임자들 다수 참여 남북정상회담이 이틀째로 접어들면서 이번 회담의 실무 주역과 북쪽의 관심사가 드러나고 있다.
이번 회담에서 가장 두드러지는 북쪽 인물은 최승철(사진) 통일전선부 부부장이다.
그는 이번 남북 정상회담을 통해 대남 사업의 '실세'임를 다시 한 번 과시했다.
그는 노무현 대통령의 평양 방문 기간 동안, 그림자처럼 노 대통령을 수행했다.
그는 정상회담을 위해 조직된 북쪽 상무조(태스크포스)의 책임자로 회담을 실질적으로 준비한 것으로 전해진다.
지난 8월 14일 남북정상회담 준비 접촉 때는 북쪽 단장을 맡았다.
최 부부장은 2일 노무현 대통령이 노랗ㄴ 선이 그어진 군사 분계선(MDL)을 넘어서자, 기다리고 있다가 “통일전선부 부부장입니다.
모셔 가기 위해 나왔습니다“라며 노 대통령을 영접했다.
이 자리에는 '장관급'인 최룡해 황해북도 당 책임 비서도 나왔지만, '차관급'인 그가 사실상 영접 책임자 노릇을 했다.
최 부부장은 2일 오후 노 대통령과 김영남 최고인민회의 상임 위원장 면담에도 배석했다.
면담 자리에는 북쪽에서 김일철 인민 무력부 부장, 최태복 최고인민회의 의장, 로두철 내각 부총리, 권호웅 내각 책임 참사 등 북쪽의 내로라하는 '부총리 및 장관급' 군 내각 인사들이 즐비하게 참석했다.
공식 직책으로만 보면, 유일하게 노동당 쪽 인사며 차관급이다.
북쪽이 내각보다 노동당 우위의 통치 구조라고 해도 이례적이라고 할 수 있다.
최 부부장은 1983년 노동당 통일전선부 부원(말단 직원)으로 첫발을 들여놓았다.
잇어 2000년 첫 남북정상회담 이후 과장에 잇어 부부장, 아시아태평양평화위원회(아태위) 부위원장, 최고인민회의 대의원(2003년) 등 초고속 승진을 거듭했다.
현재는 김정일 국방위원장에게 대남 사업에 대해 직접 보고할 정도로 두텁ㄴ 신뢰를 받고 있는 것으로 알려져 있다.
그를 잘 아는 남쪽 관계자는 “추진력 있고 통 크기로 유명하다.
향후 파격적으로 남북 교류에 응할 수 있을 것 같다“고 평했다.
김영남 상임 위원장 주최로 2일 목란관에서 열린 환영 만찬에선, 헤드 테이블에 앉은 북쪽 인사 10명 가운데 3명이 경제 분야 책임자였다.
북쪽이 공식 회담에서 꺼내기 부담스럽ㄴ 현안들을 만찬 자리에서 터 놓고 얘기하는 전례에 비춰 보면, 북쪽의 관심 사안을 어느 정도 엿볼 수 있다.
국가계획위원회 부위원장을 지낸 로두철 부총리는 주로 대외 합영 합작 등 투자 유치를 책임지고 있다.
라동희 육해운 상은 항만 관리와 건설을 관리하고 있다.
북쪽은 남포 나진항 현대화 등에 심혈을 기울이고 있다.
김용남 철도상이 참석한 것은 철도 현대화에 대한 북쪽의 의지를 보여 주는 것으로 해석할 수 있다.
'대장금 DVD' 선물에 “감사합니다“연발 김정일 국방위원장은 역시 남쪽 영화 배우 이영애씨의 팬인 것으로 보였다.
김 위원장은 노무현 대통령이 남쪽에서 가져간 선물들을 받고는 흐뭇한 표정을 짓으며 “감사합니다“를 연발했다.
1차 정상회담을 위해 3일 오전 9시 27분께 숙손 평양 백화원 영빈관을 찾은 김 위원장에게 노무현 대통령은 준비해 온 네 가지의 선물 보따리를 회담장 입구의 장식장에 풀어 놨다.
가장 흥미롭ㄴ 대목은 노무현 대통령이 김 위원장에게 디브이디(DVD)를 소개할 때였다.
디브이디 가운데 김 위원장이 팬으로서 좋아하는 여 배우로 알려진 이영애씨의 작품이 여러 편 포함돼 있었기 때문이다.
노무현 대통령이 “요거는 디브이디로 재미있게 보시라고.
요즘은 화면을 독특하게 해서 사람을 사로잡는 그런 특성이 있습니다“라고 소개했다.
그러자 흐뭇한 표정을 짓고 있던 김 위원장은 “진귀한 진품들을 전해 주셔서 감사합니다, 감사합니다“라고 두 번이나 인사를 차렸다.
'이영애 출연작' 잘 보이는 곳에 따로 진열 노 대통령 “요즘은 얘기 줄거리보다 화면이“8 폭 병풍 무궁화 접시 팔도 명품 차도 전달 디브이디는 모두 150편 가량이 전시돼 있었는데, 이영애씨의 텔레비전 드라마 <대장금>이 가장 잘 보이는 곳에 단독으로 놓여 있었다.
아마도 이씨 팬으로 알려진 김 위원장의 취향을 배려한 듯했다.
김 위원장은 지난 2000년 10월에 이영애씨가 출연한 “<공동경비구역 JSA>를 보고 싶다“며 남쪽에 필름을 공식 요청해 받아 보기도 했다.
2시간 15분 동안의 오전 1차 정상회담 뒤 옥류관에서 남쪽 수행원들과 함께 점심을 들ㄴ 노 대통령은 인사말을 통해 평양과 평양 시민들에 대한 친근감과 고마움을 표시했다.
노 대통령은 “어제 평양 주민이 연도에 많이 나와 따뜻하고 열렬히 환영했다“며 “남북의 국민이 나뉘어 있는 현실을 해소해야 한다는 간절한 소망을 그분들의 표정에서 생생하게 봤다“고 말했다.
노 대통령은 또 “그동안 수십 개국을 다녔지만 북쪽에 와 보니 음식도 똑같고, 잠자리도 똑같고, 통역도 필요 없고, 정말 포근함를 느낄 수 있었다“고 말했다.
2차 정상회담을 위해 백화원 영빈관에서 오후 2시 30분께 다시 만난 두 정상은 옥류관의 유명한 평양냉면으로 대화를 시작했다.
김 위원장이 걸어 들어와 “옥류관에서 국수를 드셨다면서요.
평양 국수와 서울 국수 어떤 것이 맛있습니까“라고 묻자, 노 대통령은 어느 쪽이 맛있다는 즉답 대신 “평양 국수 맛이 진한 것 같더군요“라고 알ㄹ 듯 모를 듯 대답했다.
이날 저녁 노 대통령은 북쪽 인사들을 초청해 인민문화궁전에서 답례 만찬을 베풀었다.
메뉴는 '팔도 대장금 요리'로 남쪽 각 지방의 특산 식재료를 이용한 요리였다.
이 가운데 영덕 게 살 죽순 채와 봉평 메밀 쌈은 텔레비전 드라마 <대장금>에서 상궁이 궁녀들에게 냉채의 재료로 무엇이 들어갔는지 질문하는 장면에 등장하는 음식이었다.
반주로는 '천년약속' '백세주' '선운산 복분자주'와 11종의 다른 전통 주가 함께 올랐다.
답례 만찬 준비에는 청와대, 외교부 의전팀과 윤숙자 한국전통음식연구소장 등 8명의 전문가, 호텔 조리사들이 참여했다.
남쪽 중국에 밝은 김양건 평화 체제 논의 조언 적임 북 7년 전처럼 '정상회담 단독 배석' 노무현 대통령과 김정일 국방위원장의 3일 단독 정상회담 때 양쪽 배석자는 애초 예상을 벗어나지 않았다.
남쪽에선 권오규 경제 부총리, 이재정 통일부 장관, 김만복 국가정보원장, 백종천 청와대 통일외교안보정책실장 등 4명이 배석했다.
북쪽에선 김 위원장의 최측근으로 꼽히는 김양건(사진) 통일전선부장만 배석했다.
양쪽의 이런 배석자 구성은 2000년 정상회담 때와 거의 '판박이'이다.
2000년 정상회담 때에는 남쪽에서 임동원 국정원장(대통령 특보 자격), 황원탁 청와대 안보 수석, 이기호 청와대 경제 수석 등 3명이, 북쪽에선 김용순 통일전선부장(2003년 사망)이 배석했다.
북쪽에서 김 통전부장만 배석한 것은 통전부가 남쪽의 통일부와 국정원 대북 파트의 기능을 함께 수행하는 대남 관계 전담 창구기 때문으로 보인다.
이 때문에 회담 의제가 제한적일 수밖에 없을 것이라는 해석도 나온다.
하지만 전문가들은 김 위원장이 직접 중요한 결정을 하는 북쪽 체제의 특성에 비춰 볼 때 배석자를 보고 의제의 범위를 판단하기는 어렵다고 말했다.
실제 김 통전부장은 북쪽의 대표적 '국제통'으로, 특히 중국 문제에 정통한 것으로 알려졌다.
남북 관계 뿐만 아니라 평화 체제 문제 등 한반도 정세와 관련해 폭넓은 '조언'을 할 수 있는 핵심 참모다.
2000년 남북정상회담 직훈 그해 7월 평양에서 진행된 김 위원장과 블라디미르 푸틴 러시아 대통령의 정상회담에도 배석했다.
올 3월 김 위원장이 평양 주재 중국 대사관 방문했을 때도 수행했다.
2005년 6월 17일 평양 백화원 영빈관에서 열린 김 위원장과 정동영 당시 통일부 장관의 면담에도 배석했다.
그때 김 통전부장은 연형묵 당시 국방위원회 부위원장과 함께 '국방위 참사' 자격으로 회담에 참석했다.
그가 2005년쯤부터는 대남 관계에도 깊이 관여해 왔음을 알ㄹ 수 있다.
남쪽 배석자를 보면, 우선 '공식 기구'를 통한 문제 해결을 중시하는 노 대통령의 평소 스타일이 잘 드러난다.
정책 집행 부서의 장이 배석하지 않았던 1차 정상회담 때와 달리 권 부총리와 이재정 장관이 배석했다.
둘째, 노 대통령의 관심사를 짐작할 수 있다.
권 부총리의 배석은 1차 정상회담 때의 경제 수석에 비해 격이 높다.
남북 경제 공동체 건설로 나아갈 경제 협력에 대한 노 대통령의 높은 관심을 반영했다고 볼 수 있다.
김 국정원장은 지난 8월 5일 김 통전부장과 이번 정상회담 합의를 이끌어 낸 당사자로 회담 전부터 '배석자 1 순위'로 꼽혔다.
백 실장은 군 장성 출신으로 안보 전문가다.
이 장관은 남북 관계 주무 장관으로, 정상회담 후속 작업을 주도해야 한다.
전체적으로 노 대통령이 강조해 온 '평화와 경제의 선순환 고리 찾기'에 초점이 맞춰진 배석자 구성이라고 할 수 있다.
한편, 남북 관계 담당잔 조명균 청와대 안보 정책 조정 비서관이 기록 담당 실무자로 참석했다.
1차 정상회담 땐 김천식 당시 통일부 정책 총괄과장이 기록 담당을 맡았다.
노 대통령 거침없는 언행 왜?
김 위원장 장수 기원 잇어?
'인민 주권' 방명록 남겨?
'보수 세력 눈치 안 본다' 의지 평양을 방문 중인 노무현 대통령의 발언에 거침이 없다.
남쪽 일부에 완고하게 남아 있는 반북 반김정일 정서에 크게 개의하지 않는 태도다.
때문에 시원시원하다는 평가와 함께 위태롭다는 우려도 나온다.
대표적인 것이 2일 밤 환영 만찬 도중에 한 즉석 건배사다.
김정일 국방위원장의 건강과 장수를 기원하는 이 발언이 나온 뒤, 일부 북쪽 관계자들조차 “남쪽 언론에서 문제 삼지 않겠느냐“고 우려했다고 한다.
발언은 만찬 시작 1시간 30분 정도 지나 분위기가 한창 무르익었을 때 나왔다.
노 대통령은 갑자기 헤드 테이블을 떠나 사회자 자리로 가 마이크를 잡았다.
“남북한 간에 평화가 잘 되고 경제도 잘 되려면 빠뜨릴 수 없는 일이 있다.
김정일 국방위원장이 건강하게 오래 살아야 하시고, 또 김영남 상임 위원장이 건강해야 한다.““좀 전에 (제가) 건배사를 할 때 두 분의 건강에 대해 건배하는 것을 잊었다.
신명 난 김에 김정일 국방위원장과 김영남 상임 위원장, 두 분의 건강을 위해 건배를 하자“고 제안했다.
이 즉석 건배사는 김 상임 위원장이 만찬사에서 “조국 통일과 민족의 번영을 위해, 노무현 대통령 내외분과 여러분들의 건강을 위해, 잔을 들ㄹ 것을 제의한다“고 한 데 대해 답례를 하지 못한 것을 의식한 것으로 보인다.
노 대통령은 만찬사 직후 답사에선 “이 자리를 마련해 주신 김영남 상임 위원장께 거듭 감사 드리며, 한반도의 평화와 번영, 민족의 무궁한 발전을 기원하는 건배를 제의하겠습니다“라고만 했다.
2000년 정상회담 때 김대중 당시 대통령의 만찬 답사에는 “김영남 상임 위원장의 건강과 행운을 빌ㄴ다“는 대목이 들어 있었다.
전문가들은 대체로 노 대통령의 즉석 건배사를 회담 성과를 끌어내기 위한 고도의 전술적 발언으로 보고 있다.
노 대통령이 이날 오후 최고인민회의가 열리는 만수대 의사당을 들러 방명록에 '인민의 행복이 나오는 인민 주권의 전당'이라는 글귀를 남긴 것도 같은 맥락으로 보인다.
즉, 노 대통령의 잇달ㄴ '화끈 발언'은 북쪽과 정상회담을 하는 마당에 북한 체제와 최고 지도자를 인정하는 데 인색할 필요가 없다는 인식의 반영이라고 할 수 있다.
“북 식량난 해결“농업 분야 협력 급물살 호남 지역 자치 단체 10월 대북 교류 일정 전북도 12일 종돈 254마리와 사료 220t를 개성에서 인도 23~25일 100여 명 남포 대대리의 종돈 축사 준공식 참관 전남도 13일 농업 분야 협력과 방북단 일정 협의 차 실무진 방문 26~29일 130여 명 평양 칠골동의 콩 발표 식품 공장 준공식 참석 전북 씨 돼지 254마리 사료 220t 지원 남포 축사 이달 말 준공?
전남 평양 콩 발효 공장 준공식 참석 하루 2 만 명 끼니 공급 남북 정상회담을 계기로 호남 지역 자치 단체들이 추진해 온 농업 분야의 대북 교류 협력 사업들이 탄력을 받을 전망이다.
전북 도는 3일 “북한의 평안남도 남포 특급 시에 종돈을 지원하는 사업이 결실을 보는 단계에 왔다“며 “정상회담을 계기로 사업 추진에 가속이 붙을 것으로 기대한다“고 밝혔다.
도는 오는 12일 종돈 254마리와 사료 220t를 화물 차 6대에 싣어 북한으로 보낼 예정이다.
종돈과 사료는 육로로 개성에 보내고, 이를 넘겨 받은 북한 쪽이 평양에서 42㎞ 떨어진 종돈 축사에 전한다.
도와 시 군 14 곳은 11억 1300 만 원을 들여 남포 특급 시 대대리에 면적 1135 규모로 종돈 축사를 설립하는 사업을 지원해 왔다.
또 전북 도 의장과 시장 군수 등 100여 명은 23~25일 전세기로 북한을 방문해 종돈 축사 준공식에 참석하고 농업 분야 협력 방안을 찾는다.
도는 2003~2006년 북한에 콤바인 72대 경운기 100대 분무기 300대 이앙기 100대 등 농기계 16억여 원어치를 제공했고, 황해남도 신천군 농기계 수리소를 짓는 데 1억 8천여 만 원을 보태는 등 모두 22억 1300 만 원을 지원했다.
전남도는 26~29일 평양시 만경대 구역 칠골동에 짓은 콩 발효 식품 공장 준공식에 방북단을 파견한다.
이 방북단은 박준영 전남 지사, 정종득 목포 시장, 김수성 광양시 의장 등 단체장과 의장단 10여 명과 (사)전남도민 남북교류협의회 회원 120여 명으로 꾸려진다.
이들은 홍수와 태풍 등으로 피해를 입은 북한의 어린이들이 영양 결핍을 겪는 상황에 주목하고 이를 개선하는 방안으로 지난 4월 착공한 콩 발효 식품 공장을 둘러본다.
이 공장은 매일 어린이 2만여 명한테 청국장을 공급할 예정이다.
전남도민 남북교류협의회는 2003년 평안남도 대동군에 농기계 수리소를 세우고, 2006년 평양 시내에 1만 6500 규모의 친환경 남새 공급소를 조성하는 등 지원 사업을 벌여 왔다.
정영재 전남도민 남북교류협의회 사무총장은 “정상회담에서 봤듯이 남북은 육로로 3~4시간밖에 걸리지 않을 만큼 지리적으로 정서적으로 가깝다“며 “이번에 북한의 식량난을 해결하고 농업 생산력을 높이는 협력 사업을 더 많이 찾아 보겠다“고 말했다.
'연장 일정대로' 한때 긴박감 고조 김정일 합의 의지 보여 이견 충돌 가능성도 제기 노무현(盧武鉉) 대통령과 김정일(金正日) 북한 국방위원장 간 3일 정상회담이 오후 2시간여 동안 아찔한 급반전을 2 차례나 이어 갔다.
김 위원장이 '2007 남북정상회담'의 일정 연장을 요청했다가 예정대로 치르기로 입장을 바꾸면서 남측 대표단은 오후 한때 극도의 긴박감을 느껴야 했다.
김 위원장의 연장 요청 소식이 전해지면서 전문가들 사이에선 '뭔가 성과를 만들어 내려는 북측의 의지가 작동하는 것 아니냐'거나 '남북 간 이견이 팽팽히 맞서고 있는 것 아니냐'는 등의 분석이 나왔다.
백학순 세종연구소 수석 연구 위원은 “성과를 내기 위해서는 하루가 더 필요하지 않겠느냐“며 “이대로 정리하지 못하고 끝낼 수는 없는 것이어서 연장을 요청했을 것“이라고 말했다.
대화 시간이 아쉽ㄴ 상황인데, 아리랑 공연과 각종 경제 시설에 대한 참관 일정과 오만찬 일정 등을 감안하면 오후 회담도 2시간 안팎에 불과한 실정인 만큼 하루 연장해서라도 심도 있는 '끝장 토론'을 통해 '6.15 공동 선언'을 뛰어넘는 구체적인 결과를 만들려는 제안이었다는 것이다.
이러한 의미 있는 결과를 내려는 의지의 이면에는, 오전 첫 정상회담에서 적잖은 이견이 노출되면서 쉽지 않은 회담이 됐고, 그래서 시간이 더 필요했을 것이라는 지적이다.
노 대통령은 첫 회담을 가진 뒤 평양 옥류관에서 남측 대표단과 오찬을 함께 한 자리에서 “긍정적인 합의가 있어야 되겠다는 것에 대해, 미래를 위한 합의가 있어야 되겠다는 것에 대해 합의했다“며 “한 가지 솔직히 벽을 느끼기도 했다.
남측은 신뢰하고 있는 사안에 대해 북은 의심을 가지고 있는 부분이 있었다.
불신의 벽이 있었다“며 쉽지 않은 회담임를 털어놓았다.
양 정상이 대화를 통해 북한의 개혁.개방과 핵 문제, 남북 경제 협력, 한반도 평화 문제 등 큰 그림을 그리는 가운데 입장 차이가 노출됨에 따라, 이견 해소를 위해 더 많은 시간이 필요하다고 김 위원장이 판단했던 것으로 보인다.
동국대 고유환 교수는 “김 위원장이 회담 연장을 요청했던 것은 남북 간에 논의해야 할 사안이 굉장히 많다는 것으로, 북측 입장에서는 뭔가 남북 관계에 있어서도 실질적 진전을 이룩할 합의들을 구체화하고 싶었던 것 같다“고 설명했다.
회담장 밖에서 회담 연장 제의에 대해 긍정적 전망과 부정적 해석이 분분한 가운데, 김 위원장은 오후 회담 말미에 “충분히 대화를 나눴으니 (연장) 안 해도 되겠다.
남측에도 기다리는 사람들이 있을 터니 본래대로 합시다“라고 연장 제안을 철회함로써 긴박감이 해소됐다.
일단 오후 회담을 통해 양측의 이견이 풀리면서 합의문이 만들어질 환경이 조성됐다는 것이다.
오히려 양 정상은 4일 오전 정상회담에서 합의된 사항을 선언 형식으로 발표하기로 의견을 모은 것으로 알려져 합의문에 담길 내용으로 관심이 이동했다.
김 위원장이 회담 연장을 요청하면서까지 이번 회담에 대한 의욕을 보인 만큼 합의문에는 한반도 정세와 남북 관계를 급진전시킬 '큰 선물'이 담기는 것 아니냐는 성급한 관측까지 나오고 있다.
고 교수는 “정상회담에서 합의문이 추상화, 모호성을 띠며 큰 그림으로 나타나는 현상이 있었는데 이번에는 구체화하려는 것 같다“며 “오늘 충분히 이야기하고 내일까지 조율해서 공동 선언 만들어 내고 다음 어떤 정부가 들어서도 남북 관계가 진전되길 희망하는 것“이라고 덧붙였다.
“허리 띠 풀고“/“더 센 데가“/“결심하면“노 대통령/김 위원장 '체류 연장' 놓고 오간 말 김정일(金正日) 북한 국방위원장은 3일 오후 2시 45분 속개된 정상회담 2차 회의에서 노무현(盧武鉉) 대통령에게 “내일(4 일) 오찬을 시간 품을 들여서 편안하게 앉아 허리 띠를 풀어 놓고 식사하는 것이 좋겠다“며 평양 체류 일정을 하루 연장할 것을 갑자기 제안했다.
노 대통령은 김 위원장의 전격적인 제안에 대해 일단 즉답을 하지 않고 참모들과 상의를 해서 결정하겠다는 뜻을 밝혔다.
결국 오후 4시 25분까지 계속된 회담 과정에서 두 정상은 논의를 통해 당초 일정대로 노 대통령이 2박 3일의 평양 일정을 소화하고 4일 귀경하기로 결정함에 따라 김 위원장의 제안은 없던 일로 됐다.
김 위원장은 회담 말미에 “충분히 대화를 나눴으니 (연장) 안 해도 되겠다.
남측에 기다리는 사람들이 있을 터니 본래대로 합시다“라며 자신의 제안을 철회했다.
앞서 노 대통령은 이날 오후 2시 45분께 숙손 백화원 영빈관을 다시 찾은 김 위원장을 회담장 앞 입구 복도에서 맞아 가볍ㄴ 환담을 하며 김 위원장과 나란히 환담장으로 입장했다.
노 대통령은 오전 회담 때에는 영빈관 현관에서 김 위원장을 영접했지만, 오후에는 회담장 앞에서 김 위원장이 복도를 따라 걸어 오는 것을 기다렸다.
애초 남측은 노 대통령이 김 위원장을 오전과 마찬가지로 현관 앞에서 영접하겠다는 뜻을 밝혔지만, 북측은 “장군님께서는 무례하게 대통령님을 여러 차례 멀리까지 나오지 않도록 해야 한다는 생각“이라는 뜻을 밝혀 노 대통령의 정상회담 두 번째 영접 위치는 회담장 앞 복도로 결정됐다.
<남북 정상 오후 회담 모두 발언> 김 위원장 = 기상이 좋지 않다는 보고를 받았습니다.
떠나기에 앞서 오찬이 있는데... 1시간 30분 가량으로 예정하고 있습니다.
(오른편에 배석한 김양건 통일전선부장에게 이 사실을 재차 물어 보며 일정을 확인) 오늘 일정을 내일로 미루고, 내일 오찬을 시간 품을 들여서 편안하게 앉아서 허리 띠를 풀어 놓고 식사하시는 것이 좋겠습니다.
하루 일정을 늦추는 것으로 하시지요.
오늘 회의를 내일로 하시고...모레 아침에 가시는 것이 어떻겠습니까.
노 대통령 = 나보다 더 센 데가 두 군데가 있는데, 경호, 의전 쪽과 상의를 해야 할 것 같습니다.
김 위원장 = (김양건 통일전선부장이 남측이 협의를 해야 한다는 뜻이라는 취지로 설명하자) 대통령이 결심 못 하십니까.
대통령이 결심하시면 되는데.
노 대통령 = 큰 것은 제가 결정하지만, 작은 일은 제가 결정하지 못합니다.
<오후 영접 대화> 김 위원장 = (복도를 걸어 들어 와 악수를 나누면서) 좀 쉬셨습니까.
노 대통령 = 네.
김 위원장 = 점심도 맛있게 드셨습니까.
노 대통령 = 맛있게 먹었습니다.
김 위원장 = 옥류관에서 국수를 드셨다면서요.
평양 국수와 서울 국수 어떤 것이 맛있습니까.
노 대통령 = 평양 국수 맛이 진한 것 같더군요.
러시아 언론 “남북한 전시 상황 벗어났다“역사적인 제2차 남북 정상회담에 대해 3일 러시아 언론은 이번 정상회담이 한반도 평화 체제 정착에 크게 기여할 것이라며 일제히 주요 기사로 다뤘다.
러시아 일간 코메르산트는 이날 국제 면 톱기사의 제목으로 김정일 북한 국방위원장의 이름을 사용하면서 이름 마지막 잔 `일'의 러시아언 `'대신에 `평화'라는 뜻의 `미르()'로 고쳐 싣어 눈길을 끌었다.
신문은 `남북한이 전시 상황 벗었다'라는 소제목과 함께 이번 정상회담 내용과 전망을 상세히 보도했다.
신문은 김정일 국방위원장을 만나기 위해 노무현(盧武鉉) 대통령이 한국전쟁 이후 처음으로 군사 분계선을 걸어서 통과했다는 내용과 김 국방위원장의 영접, 북한 시민들의 환영 모습 등을 전했다.
특히 신문은 “1953년 전쟁 종결 후에 평화 협정 체결 문제가 남아 있는데 전문가들은 사실상 남북 정상들의 휴전에 관한 어떠한 조약 체결도 모두 상징적 의미를 가진 것을 보고 있다“고 싣었다.
잇어 “한반도의 철도 연결 사업과 군사 영역의 신뢰 구축이 논의될 것으로 보이며 북한의 심기를 건드리는 주제 특히 핵무기 문제나 북한 포로로 잡혀 간 한국 병사들의 인도 문제 등은 언급하지 않을 것 같다“고 보도했다.
또 다른 일간 네자비시마야도 국제 면에서 `평양에서 남북정상회담이 열렸다'라는 제목으로 노 대통령의 방북 상황을 자세히 소개했다.
신문은 “노 대통령은 시종일관 미소를 짓었고 김 국방위원장은 위엄을 지켰다“며 “이번 정상회담에서는 한반도 평화 구축과 경제 발전 방안, 북한 핵무기 철폐에 관한 내용 등이 논의될 것이다“고 전망했다.
특히 이 신문은 “북한 핵폐기물 처리를 위한 적당한 장소를 찾을 수 있도 있다“고 보도했다.
그러면서 “한국은 이번 정상회담에 대해 100% 긍정적으로만 보지는 않는다“면서 “노 대통령 개인의 목적, 즉 지지율을 높이기 위한 방안이라고 보는 입장도 있다“고 전했다.
또 “1차 회담 때에는 돈을 지불했다는 것이 단점으로 지적 받았는데 이번에는 돈 지불 방법 대신에 300여 개 기업 대표들이 함께 방문한 것으로 봐 공식적으로 북한의 경제 성장을 돕기 위한 것으로 보인다“고 덧붙였다.
'남북정상회담 성공 염원' 시민 한마당 개최 보수 단체는 정상회담 반대 집회 6.15공동선언실천 남측 위원회 서울 북부 공동 위원회는 3일 오후 서울 노원 구 노원 역 앞에서 `2차 남북정상회담 성공적 개최를 염원하는 축하 한마당'을 개최했다.
시민 1천여 명이 모인 가운데 열린 이날 행사에서 참가자들은 정상회담 축하의 의미를 지닌 떡을 함께 만들고 투호 놀이, 활쏘기, 제기차기 등의 민속 놀이를 함께 했으며 정상회담을 주제로 한 `OX 퀴즈'도 열렸다.
이 단체의 신은옥 집행 위원장은 “2000년 남북정상회담 개최 이후 남북 관계가 비약적으로 발전한 만큼 2차 남북정상회담도 민족의 공동 번영과 통일을 위해 큰 역할을 해 주기를 기대하는 마음에서 행사를 기획했다“고 말했다.
반면 같은 시각 서울역 광장에서는 한국자유총연맹과 대한민국재향군인회, 청교도영성훈련원 등 보수 단체들은 500여 명이 참가한 가운데 기도회와 집회를 열고 남북정상회담 반대와 한미 동맹 강화를 주장했다.
참가자들은 “정부가 6.25 전쟁의 책임을 인정하지 않는 북한 정권과 정상회담을 열어 헌법을 파괴하고 있다“며 “정부가 북한의 핵 위협에 대처하기 위해서는 북한과 정상회담을 열ㄹ 것이 아니라 미국과의 동맹을 강화해야 한다“고 강조했다.
정상회담 특별 수행원 '보통회' 결성 '2007 남북정상회담'에 참가한 특별 수행원 49명이 평양 방문을 계기로 모임을 만들어 남북 관계 발전을 위한 아이디어를 정기적으로 교류하기로 했다.
평양 방문 이틀짼 3일 오전 '김원균 명칭 평양 음악 대학'을 방문한 특별 수행원 일원인 소설가 조정래 씨는 “어제 저녁 공식 행사를 끝낸 뒤 숙손 보통강 호텔에서 가볍ㄴ 자리를 갖고 평양 방문에 참가한 특별 수행원들을 회원으로 하는 '보통회'라는 모임을 결성하기로 의견을 모아았다“고 말했다.
모임 명칭인 '보통회'는 이들이 묵고 있는 숙손 보통강 호텔에서 따 왔으며 모임 회장은 구본무 LG 회장이, 간사는 김근식 경남대 교수가 각각 맡기로 했다.
김원기 전 국회 의장이 고문으로 선임됐다.
'보통회' 결성은 정세현 전 통일부 장관의 제안으로 이루어졌다.
정 전 장관은 2000년 정상회담 때 결성됐던 '주암회' 모임처럼 이번에 수행한 특별 수행원들이 앞으로 정기적으로 만나 친목을 도모하는 한편 남북 관계 발전을 위해 민간 차원의 아이디어를 교류하는 모임이 필요하다고 제안했다.
2000년 정상회담 특별 수행원 26명도 숙소였던 주암 초대소의 이름을 빌려 '주암회'라는 모임을 구성, 북측 인사가 남한을 방문할 때 환영 만찬을 주최하고 북측과 평양에 '6.15 기념 도서관'을 건립하는 방안을 협의하는 등 현재까지 활발하게 활동하고 있다.
정 전 장관의 제의에 대해 김화중 한국 여성단체협의회 회장이 구본무 LG 회장을 회장으로 추대, 만장일치로 선출됐고 특별 수행원 중 최연소잔 김근식 경남대 교수가 간사를 맡게 됐다.
특별 수행원 일원인 문정인 연세대 교수는 “2000년 방북을 계기로 결성됐던 주암회도 분기별로 만나 친목 도모와 함께 남북 문제에 대해 허심탄회한 얘기를 나누곤 한다“면서 “이번 방북에 참가한 특별 수행원들도 앞으로 서울에 돌아가 분기별로 한 번 정도씩 만나 남북 관계 발전을 위해 민간 차원에서 갖가지 아이디어를 모으고 이를 정부 측에 전달하는 역할을 하게 될 것“이라고 기대했다.
노 대통령 “논쟁 따로 없었고, 솔직히 벽 느끼기도“정상회담 결과 설명 “김 위원장 평화 의지 확고““미래 위한 긍정적 합의 있어야 한다는 데 합의“남북정상회담을 위해 평양을 방문 중인 노무현(盧武鉉) 대통령은 3일 “오전에 (김정일 국방위원장과) 숨김없이 진솔하게 얘기를 나눴다“며 “분명하게 평화에 대한 확고한 의지를 확인했다“고 말했다.
노 대통령은 이날 평양 옥류관에서 남측 방북 대표단과 오찬을 함께한 자리에서 오찬사를 통해 직전에 열렸던 김 위원장과의 단독 정상회담 결과를 설명하면서 이 같이 말한 뒤 “긍정적인 합의가 있어야 되겠다는 것에 대해, 미래를 위한 합의가 있어야 되겠다는 것에 대해 합의했다“고 밝혔다.
노 대통령은 “(김 위원장과의 회담에서) 논쟁은 따로 없었다“면서도 “한 가지 솔직히 벽을 느끼기도 했다.
남측은 신뢰하고 있는 사안에 대해 북은 의심을 가지고 있는 부분이 있었다.
불신의 벽이 있었다“고 언급한 뒤 “그 중에서 예를 들면 개혁.개방에 대한 불신과 거부감이 그렇다.
어제 김영남 위원장과 면담에서도 그렇고 오늘 정상회담도 그렇고..“라고 예를 들었다.
노 대통령은 “속도에 있어서 북핵 문제를 둘러싸고 많은 장애가 있었던 것이 사실이고, 개성 공단의 경우 우리식의 관점이 북이 볼 때는 남의 입장을 고려하지 않은 역지사지 하지 않은 표현“이라며 “`개성 공단의 성과를 얘기할 때도 역지사지해야 게었구나' 생각했다“고 말했다.
노 대통령은 또 “우리도 마음이 바쁘다.
일본과 중국 사이에 껴 한국 경제가 그런 상황에 있다는 데 샌드위치에 껴 있으니까 우리 마음이 급하다“며 “중국도 물리쳐야 하고 일본도 물리쳐야 하니까 마음 급하게 생각하고 있다“고 말했다.
노 대통령은 “`바쁠수록 천천히 하자'고 국민에게 얘기하고 싶다.
불신을 제거하는 방향으로 그렇게..“라며 “다 함께 이런 방향으로 고려해 나갔으면 하는 당부 말씀을 드린다“고 덧붙였다.
노 대통령은 “오전에 수행원들이 7개 분야에서 유익한 대화를 많이 나눴으리라 본다“며 “성과가 없더라도 서로를 이해하는 계기가 되고 또 앞으로 어떻게 해 나가자는 합의를 이룰 수도 있었으리라 본다“고 말했다.
노 대통령은 “오후에 대화를 계속하겠다.
중요한 문제에 대해서는 오전에 대화를 나눴지만 세세한 얘기를 오후에 하겠다.
진지한 자세로 최선을 다하겠다“며 “차비가 많이 들었다.
성과를 많이 거둘 수 있도록 최선을 다하겠다“고 말했다.
노 대통령/김 위원장 정상회담 '대화록' 김 위원장 “환자도 아닌데 집에서 뻗치고 있을 필요가“노무현 대통령은 3일 오전 9시 27분께 묶고 있던 백화원 영빈관에서 김정일 국방위원장을 맞이했다.
김 위원장은 노 대통령과 악수하며 “편히 쉬셨습니까“라고 먼저 인사를 건넸고, 노 대통령은 “아주 편히 쉬었습니다“라고 화답했다.
두 정상은 공식 회담에 앞서 첫날 평양 행사와 육로 방북, 남쪽의 선물 등을 주제로 환담했다.
김정일 위원장은 첫날과 달리 비교적 밝은 표정이었고, 분위기는 내내 화기애애해 보였다.
다음 대화록은 텔레비전 방송 녹취록과 천호선 청와대 대변인의 전언을 토대로 정리한 것이다.
# 처음 만나 악수하면서.
김 위원장(이하 김): 어제 편히 쉬셨습니까?
노 대통령(이하 노): 네 아주 편히 쉬었습니다.
김: (수행원들과 악수 마치고 나서 노 대통령에게) 어디 불편한 데 없으셨습니까?
노: 네.
숙소가 아주 좋습니다.
김: 김대중 대통령께서도 이 숙소에서 주무셨습니다.
노: 실제로 내부 시설이 아주 훌륭합니다.
노 대통령이 남쪽의 선물을 설명하면서.
노: 이것이 십장생인데, 복숭아, 천도 복숭아를 뜻하는 것입니다.
요고는 남측의 팔도 특산물입니다.
요고는 디브이디(DVD).
재미있게 보시라고.
요즘은 화면을 독특하게 해서 사람들 사로잡는 그런 특성이 있습니다.
김: 진귀한 진품들을 전해 주셔서 감사합니다.
감사합니다.(악수) 김: (권양숙씨에게) 다시 뵙겠습니다.
(인사하고 노 대통령과 회담장으로) 두 정상의 테이블 대화.
김: 어제 아주 훌륭한 행사들을 치뤘다고 들었습니다.
만족하십니까?
노: 예.
아주 좋았습니다.
김: 김대중 대통령께서는 하늘을 이렇게 날아 오셔서 평화의 돌파구를 열어 놨고, 이번에는 이렇게 육로로 오신 데에 대해서는 대단히 기쁘게 생각합니다.
노: 육로로 올 수 있게 아주 잘된 일이라고 생각합니다.
(불분명) 저 스스로도 넘어 올 때 감동이 있었습니다만, 넘어 오는 모습을 지켜 보는 국민들이 감동을 받기도 했습니다.
앞으로 남북 정상회담을 발전시켜 나가는 데 도움이 될 것 같습니다.
김: 이번에 육로로 오실 때 도로를 잘 정비를 하지 못하아서 좀 불편하시리라 생각합니다.
노:그렇지 않습니다.
(불분명) 주변 경관 참 좋았지요.
어제 평양 도착했을 때 평양 시민들이 나와서 길에서 아주 성대히 맞아 주셔서 정말 감사합니다.
위원장님이 직접 나오셔서 따뜻하게 맞아 주셔서.
김: 대통령께서 오셨는데, 내가 뭐 환자도 아닌데 집에서 뻗치고서 있을 필요 없지요.
노:(불분명) 마음 속으로 무척이나 기쁘게 생각합니다.
북, 개천절 맞아 “우리 민족은 단군 핏줄 한 민족“평양에서 남북 정상회담이 열리고 있는 가운데 북한은 3일 개천절을 맞아 남북한이 단일 민족임를 내세워 민족 대단결을 강조했다.
대남 방송인 평양방송은 “우리 민족은 단군의 핏줄을 잇은 하나의 민족으로서 땅도 하나, 언어도 하나, 문화도 하나, 풍습도 하난 단일 민족“이라며 “우리 민족이 반 만 년의 유구한 역사를 통해 공고화되고 체질화된 민족의 공통점을 기초로 한다면 얼마든지 쉽게 화해하고 단합해 조국 통일 위업을 실현할 수 있다“고 말했다.
이 방송은 “오랜 세월 한 핏줄을 잇으며 한 강토에서 함께 살아온 단군의 후손들인 우리 민족이 외세에 의해 북과 남으로 갈라져 고통을 겪는 것은 민족사적 견지에서나 민족적 독립과 자주성을 지향하는 시대의 요구에 비춰 봐도 그렇고 더는 참을 수 없는 비극“이라며 “이런 조건에서 온 겨레는 단군 민족인 우리 민족이 하나의 단일 민족임를 철저히 명심하고 대 단결해야 한다“고 주장했다.
방송은 특히 김정일 국방위원장이 “우리 민족은 유구한 역사와 문화를 가진 단일 민족으로서 나라와 민족을 사랑하는 정신이 높고 단결력이 강한 민족이다“라고 말했다고 보도했다.
평양방송은 “개천절을 10월 3일로 한 것은 이날이 시조 왕 단군이 즉위한 날이라는 데 있다“며 개천절에 관해 소개하기도 했다.
또 강철원 단군민족통일협의회 부회장은 이날 평양시 강동군 문흥리 대박산 기슭에 자리한 단군 릉에서 열린 개천절 기념 행사에서 “이번 북남 수뇌 상봉(정상회담)은 온 겨레에게 자주 통일의 새롭ㄴ 희망과 낙관을 안겨 주는 역사적인 상봉으로 민족사에 길이 빛날 것“이라며 “오늘 우리 앞에는 외세에 의해 갈라진 민족의 분열을 끝장 내고 조국의 자주적 평화 통일을 이룩해야 할 과업이 나서고 있다“고 말했다.
그는 “이 민족사적 위업을 실현하기 위해서는 조국 통일의 이정푠 6.15 공동 선언을 철저히 실천하며 6.15 통일 시대를 대결 시대로 되돌리려는 내외 분열 주의 세력의 반통일 책동을 단호히 짓부시어 버려야 한다“고 강조했다.
북한은 1990년대 초까지는 단군에 대해 신화적 인물로 평가해 오다, 1993년부터 단군 릉에서 단군과 그의 부인으로 추정되는 유골이 발견됐다며 단군을 실존 인물로 주장하고 있다.
이에 따라 1994년 10월 총 부지 면적 45정보에 밑변 50m, 높이 22m인 정방형 피라미드식 단군 릉 복원 공사를 마쳤으며 그해 12월 최초로 '단군제'를 열ㄴ 후 1996년까지 10월 3일에 '단군제'를 거행해 오다 1997년부터 공식적으로 '개천절' 행사를 개최하기 시작했다.
남북은 2002, 2003, 2005년에 개천절 공동 기념 행사를 가졌다.
남북 정상 내일 오전 합의 발표 귀경은 예정대로 노무현(盧武鉉) 대통령과 김정일(金正日) 북한 국방위원장은 4일 오전 정상회담에서 합의된 사항을 공동 발표하기로 한 것으로 3일 알려졌다.
노 대통령은 이에 따라 2박 3일 간의 평양 체류 일정을 마치고 4일 서울로 돌아올 것이라고 평양 공동 취재단이 전해 왔다.
노 대통령과 김 위원장은 이날 오후 2시 45분부터 100분 간 속개된 2차 회담에서 이 같이 합의했다고 천호선 청와대 대변인이 전했다.
천 대변인은 “두 정상은 남북 정상 합의 사항을 늦어도 4일 낮 환송 오찬 전까지 선언의 형식으로 발표하기로 했다“고 말했다.
두 정상은 그러나 김 위원장이 이날 회담 모두 발언에서 언급한 노 대통령의 평양 체류 일정 하루 연장 제안을 논의한 결과, 당초대로 노 대통령이 2박 3일 평양 일정을 소화하고 4일 오후 귀경하기로 했다.
김 위원장은 회담 말미에 “충분히 대화를 나눴으니 (연장) 안 해도 되겠다.
남측에도 기다리는 사람들이 있을 터니 본래대로 합시다“면서 “4일 낮 노 대통령을 환송하는 오찬을 베풀겠다“고 말했다고 천 대변인이 전했다.
김정일 위원장 “노 대통령 하루 더 머물러 달라“제안 정상회담 2차 회의서 제안 의제 심층 논의 뜻인 듯 노 대통령 “경호 의전팀과 상의해야“즉답 안 해 김정일 북한 국방위원장은 3일 오후 백화원 영빈관에서 속개된 남북 정상회담 2차 회의에서 노무현 대통령의 평양 체류 일정을 하루 연장, 오는 5일 아침 서울로 돌아갈 것을 전격 제안했다.
청와대는 김 위원장의 제안이 이번 회담을 보다 충실히 하자는 취지로 받아들이고 내부 회의를 거쳐 수용 여부를 결정할 방침이다.
김 위원장은 이날 오후 2시 45분 백화원 영빈관에서 속개된 남북 정상회담 2차 회의에서 모두 발언을 통해 “내일(4일) 오찬을 평양에서 여유 있게 하시고 오늘 일정들을 내일로 늦추는 것으로 해 모레 서울로 돌아가시는 것이 어떠냐“고 제안했다.
노 대통령은 이에 대해 “큰 일은 제가 결정하지만 작은 일은 제가 결정하지 못한다.
경호.의전 쪽과 상의를 해 봐야 하겠다“며 김 위원장의 제안을 수용할지 여부에 대해 즉답을 하지 않은 채 참모들과 상의해 결정하겠다는 뜻을 밝혔다.
천호선 청와대 대변인은 이와 관련 “김 위원장의 제안은 회담을 보다 충실히 하고, 오늘 오후 취소됐던 일정 등을 가능한 한 모두 소화하자는 취지로 받아들인다“며 “대통령께서 참모들과 논의해 평양 체류 일정을 연장할지 여부를 최종 결정할 것“이라고 말했다.
김 위원장의 이 같은 전격 제안의 배경은 즉각 알려지지 않고 있으나, 한반도 평화와 공동 번영이란 큰 틀의 의제를 놓고 노 대통령과 좀 더 구체적으로 협의해 결론을 내리겠다는 것으로 해석돼 주목된다.
이에 따라 노 대통령과 김 위원장 간 정상회담은 4일까지 이어지는 `마라톤 회담'이 될 가능성이 높으며, 노 대통령의 방북 체류 일정은 5일까지 이어질 개연성이 높은 것으로 전망된다.
특히 노 대통령과 김 위원장 간 결심에 따라서는 기존에 예상됐던 수준 이상의 합의 내용이 담긴 선언문이 도출될 수 있다는 관측도 나오고 있다.
윤 수석은 “지금 현재 평양에서도 회의를 하고 있고, 곧 서울에서도 회의를 할 것“이라고 말해 정부가 서울과 평양에서 동시에 김 위원장의 제안을 수용할지 여부에 대한 심층 검토에 들어갔음을 시사했다.
노 대통령/김 위원장 정상회담 '대화록' 김 위원장 “환자도 아닌데 집에서 뻗치고서 있을 필요가 노무현 대통령은 3일 오전 9시 27분께 묶고 있던 백화원 영빈관에서 김정일 국방위원장을 맞이했다.
김 위원장은 노 대통령과 악수하며 “편히 쉬셨습니까“라고 먼저 인사를 건넸고, 노 대통령은 “아주 편히 쉬었습니다“라고 화답했다.
두 정상은 공식 회담에 앞서 첫날 평양 행사와 육로 방북, 남쪽의 선물 등을 주제로 환담했다.
김정일 위원장은 첫날과 달리 비교적 밝은 표정이었고, 분위기는 내내 화기애애해 보였다.
다음 대화록은 텔레비전 방송 녹취록과 천호선 청와대 대변인의 전언을 토대로 정리한 것이다.
# 처음 만나 악수하면서.김 위원장(이하 김): 어제 편히 쉬셨습니까?
노 대통령(이하 노): 네 아주 편히 쉬었습니다.
김: (수행원들과 악수 마치고 나서 노 대통령에게) 어디 불편한 데 없으셨습니까?
노: 네.
숙소가 아주 좋습니다.
김: 김대중 대통령께서도 이 숙소에서 주무셨습니다.
노: 실제로 내부 시설이 아주 훌륭합니다.
노 대통령이 남쪽의 선물을 설명하면서.노: 이것이 십장생인데, 복숭아, 천도 복숭아를 뜻하는 것입니다.
요고는 남측의 팔도 특산물입니다.
요고는 디브이디(DVD).
재미있게 보시라고.
요즘은 화면을 독특하게 해서 사람들 사로잡는 그런 특성이 있습니다.
김: 진귀한 진품들을 전해 주셔서 감사합니다.
감사합니다.(악수) 김: (권양숙씨에게) 다시 뵙겠습니다.
(인사하고 노 대통령과 회담장으로) 두 정상의 테이블 대화.김: 어제 아주 훌륭한 행사들을 치뤘다고 들었습니다.
만족하십니까?
노: 예.
아주 좋았습니다.
김: 김대중 대통령께서는 하늘을 이렇게 날아 오셔서 평화의 돌파구를 열어 놨고, 이번에는 이렇게 육로로 오신 데에 대해서는 대단히 기쁘게 생각합니다.
노: 육로로 올 수 있게 아주 잘된 일이라고 생각합니다.
(불분명) 저 스스로도 넘어 올 때 감동이 있었습니다만, 넘어 오는 모습을 지켜 보는 국민들이 감동을 받기도 했습니다.
앞으로 남북 정상회담을 발전시켜 나가는 데 도움이 될 것 같습니다.
김: 이번에 육로로 오실 때 도로를 잘 정비를 하지 못하아서 좀 불편하시리라 생각합니다.
노:그렇지 않습니다.
(불분명) 주변 경관 참 좋았지요.
어제 평양 도착했을 때 평양 시민들이 나와서 길에서 아주 성대히 맞아 주셔서 정말 감사합니다.
위원장님이 직접 나오셔서 따뜻하게 맞아 주셔서.
김: 대통령께서 오셨는데, 내가 뭐 환자도 아닌데 집에서 뻗치고서 있을 필요 없지요.
노:(불분명) 마음 속으로 무척이나 기쁘게 생각합니다.
2차 회담 속개 비로 아리랑 공연 관람 불투명 노무현(盧武鉉) 대통령과 김정일(金正日) 북한 국방위원장 간의 2차 남북정상회담이 3일 오후 백화원 영빈관에서 속개된 것으로 알려졌다.
공동 취재단은 이날 오후 2시 20분 현재 양 정상 간 오후 회담이 진행 중이라고 전했다.
노 대통령과 김 위원장은 앞서 이날 오전 9시 34분부터 11시 45분까지 2시간 11분 간 백화원 영빈관에서 1차 정상회담을 벌였다.
천호선 청와대 대변인은 1차 회담 뒤 브리핑을 통해 “양 정상은 심도 있는 토론을 했고, 더 많은 대화를 위해 오후 2시 30분께 회담을 재개하기로 했다“고 말했다.
평양 공동 취재단은 그러나 3일 오후에 예정됐던 공동 식수 행사는 4일로 연기됐다고 전해 왔다.
또 평양에 현재 비가 내리고 있어 오후에 예정돼 있는 아리랑 공연 관람 여부가 불투명한 상황이라고 밝혔다.
오후 예정돼 있던 3대혁명전시관 중공업관 참관 행사도 정상회담의 속개로 유동적이지만 특별 수행원들의 중공업관 참관은 노 대통령의 참석 여부와 상관 없이 예정대로 진행될 것이라고 공동 취재단은 전했다.
한나라 관계자 “회동 불발, 아마추어리즘 극명하게 보여 줘“공식 채널 배제, 성급한 발표로 '망신' 한나라당 이명박(李明博) 대선 후보와 조지 부시 미국 대통령의 면담을 둘러싼 논란과 관련, 백악관이 면담 계획을 공식 부인하면서 사실상 이번 회동은 무산됐다.
야당 대선 후보로서 사상 첫 미국 현직 대통령과의 만남이라는 상징적 의미 외에 대선을 2개월여 앞두고 사실상 `이명박 대세 굳히기'라는 자평을 내 놨던 이 후보 측으로서는 외교력 한계를 드러내면서 안팎으로 망신을 당하게 된 셈이다.
특히 남북정상회담 이슈에 맞불을 놓을 것이라는 기대와는 정반대로 `대미 굴욕 외교'라는 비난까지 받으면서 오히려 자기 집에 불을 놓았다는 비아냥까지 듣고 있는 상황이다.
추진에서 사실상 무산까지?이 후보와 부시 대통령의 면담은 아이러니하게도 `성사'와 `무산' 소식이 모두 백악관에서 나왔다.
그만큼 한나라당과 이 후보 측은 사실상 '방관자' 입장이었던 셈.
`역사적 회동'이 성사됐다는 소식을 처음 전한 것은 한국인 출신으로 미 행정부 최고직에 오른 백악관 국가 장애 위원회 강영우 차관보.
그가 지난달 28일 현지 특파원들에게 회동 성사 소식을 먼저 알리고, 잇어 한나라당 박형준 대변인이 백악관 의전실장의 공식 서한 내용을 전하는 형식으로 이를 확인했다.
특히 일레인 차우 노동 장관과 남편인 미치 맥커넬 상원 원내 총무, 리처드 손버그 전 법무 장관 등 공화당 유력 인사들이 회동 성사를 위해 나선 것으로 알려지면서 회동은 기정사실화되는 듯 했다.
그러나 우리 외교 당국과 미국 국무부에서 공식 채널을 통하지 않았다는 이유로 불만을 표시하고 있다는 소식이 전해지면서 상황은 꼬이기 시작했다.
결국 지난 2일 주한 미 대사관 측이 “백악관이 면담 요청을 받았으나 그런 면담은 계획돼 있지 않다.
이는 미국 정부의 공식 입장“이라고 밝힌 데 잇어 백악관 고든 존드로 국가안보회의(NSC) 대변인도 “그런 면담은 계획돼 있지 않다“는 공식 입장을 밝히면서 상황은 `무산'쪽으로 정리됐다.
그러나 회동을 주선했던 강 차관보는 “두 사람의 면담 계획은 (공식) 외교 라인이 아닌 사적 라인을 통해 주선한 것이기 때문에 존드로 대변인의 발표가 있은 후에도 여전히 유효하다“고 밝혀 비공식적으로 `깜짝 면담'이 추진될 수도 있음을 내비쳤다.
외교 프로토콜 `무지'?이번 해프닝은 공식 외교 라인을 배제한 채 무리하게 진행된 데다 성급하게 발표한 것이 원인이었다는 지적이다.
이 후보 측은 이미 지난 6월부터 주한 미 대사관 측에도 미국 방문과 부시 대통령 면담을 요청했으나 별다른 반응이 없자 강영우 백악관 차관보와 공화당 인사들을 `대안 채널'로 섭외한 것으로 알려졌다.
그러나 이 가운데 미국의 공식 외교 관례를 제대로 파악하고 있던 인물이 없었다는 것이 문제의 시발 점이었다.
우선 강 차관보는 회동 요청에 대한 멜리사 버넷 백악관 의전실장의 답신을 지나치게 확대 해석한 것으로 보인다.
“최선을 다해 추진해 보겠다“는 외교적 수사를 `성사'로 받아들인 것.
특히 부시 대통령의 외빈 면담은 어떤 경우에도 국가안보회의(NSC)의 승인을 얻어야 한다는 원칙도 간과했다.
백악관 소식통은 “부통령이 부탁해도 대통령이 외빈을 만나기 위해서는 NSC 승인이 필수 요건“이라고 말했다.
미국 현지에서 어설프게 진행된 프로세스는 한나라당으로 넘어 오면서 '확대 재생산'됐다.
한나라당은 강 차관보의 말을 그대로 믿고 별도의 확인 절차 없이 회동이 성사된 것으로 발표를 한 데다 “미국 측이 이 후보의 위상을 인정한 것“이라는 추임새까지 넣으면서 결과적으로 망신을 자초했다.
당 핵심 관계자는 “야당으로서 외교 라인에 한계가 있을 수 밖에 없으나 이 후보 측의 `아마추어리즘'을 극명하게 보여 준 사례“라고 꼬집었다.
4 강 외교 `삐걱'?한나라당이 그나마 위안을 삼는 것은 이 후보가 스스로 `회담 성사'를 확인하지 않았다는 점이다.",724,49256
iks_doc_2007_hankyoreh_011,Hankyoreh 2007 annotated text file unicode.txt,Hankyoreh,한겨레,2007,2007_october_summit,이 후보는 “확정되지 않았다“,,"“지켜 보자“는 말로 구체적인 언급을 피했었다.
또 이 후보의 측근들도 “이번 방미의 주된 목적은 자원.경제 외교로 부시 대통령과의 면담은 상징적인 의미가 크다“고 거듭 밝히면서 `여지'를 남겼었다.
그러나 지난달 대선 후보로 확정된 이후 계획했던 이 후보의 '4 강(强) 외교 행보'가 의도와는 무관하게 계속 삐걱거리는 모습을 보이고 있는 가운데 부시 대통령과의 면담 무산은 적지 않은 타격을 줄 것으로 보인다.
실제 방미에 앞서 추진했던 러시아 방문도 현지 총리 사퇴와 내각 개편에 잇어 블라디미르 푸틴 대통령이 장기 집권을 위해 차기 총선 출마를 통해 '꼼수'를 부리고 있다는 비판을 받고 있어 만만하지 않을 것으로 예상되고 있다.
또 일본도 최근 총리 교체로 국내 정세가 복잡한 상황이고, 중국도 6자 회담의 주역을 맡고 있는 상태어서 한국의 야당 후보를 맞기는 쉽지 않아 보인다.
상황이 계속 꼬이자 당 내 비판론도 거세지고 있다.
애초부터 부시 대통령 면담이 득()보다는 실(失)이 많을 것이라는 지적을 무시하고 무리하게 추진하다가 화를 자초했다는 것.
한 측근은 “지난 6월 비선을 통해 한 차례 추진하다가 무산된 데 잇어 또다시 이런 일이 생겨 곤혹스럽다“면서 “범여권에서 공격을 해도 할 말이 없게 됐다“고 말했다.
노 대통령 방북 생중계 시청률 14.5% 노무현 대통령의 역사적인 방북을 생중계한 지상파 TV 3사의 시청률이 평소 같은 시간대보다는 높았으나 2000년 김대중 대통령이 분단 50여 년 만에 처음 방북했을 때보다는 다소 떨어진 것으로 나타났다.
TNS미디어코리아의 조사에 따르면 노무현 대통령의 방북 첫날인 10월 2일 방송 3사(KBS 1, MBC, SBS)의 남북정상회담 뉴스 특보 시청률 합계는 14.5%로 나타났다(전국 가구 평균).
이는 7년 전 김대중 대통령의 방북 첫날인 2000년 6월 13일 남북정상회담 뉴스 특보 시청률 합계 20.3%에 비해 5.8%포인트 낮은 수치다.
연령별로 보면 2000년과 마찬가지로 올해도 60대 이상에서 가장 많이 시청한 것으로 조사됐다.
노 대통령 내외가 남북 군사 분계선(MDL)을 걸어서 통과한 오전 9시부터 9시 6분까지의 3사 시청률 합계는 27.7%(KBS 1 12.5%, MBC 9.5%, SBS 5.7%)로 같은 시간대(화요일 09:00~09:06) 4주 평균 시청률 합계(22.4%)보다 5.3%포인트 높았다.
보도 전문 채널인 YTN의 케이블 TV 시청률도 동시간대 4주 평균 시청률 0.454%보다 0.377%포인트 높은 0.831%를 기록했다.
이후 평양 4.25문화회관에서 이루어진 노무현 대통령과 김정일 국방위원장의 역사적인 만남(12:00~12:12)을 생중계한 방송 3사 뉴스 특보 시청률 합계는 15.1%로 집계돼 7년 만에 재개된 남북정상회담에 대한 국민의 관심이 높은 것으로 나타났다.
노무현 대통령 방북 첫날 소식을 다룬 방송 3사 저녁 종합 뉴스 시청률도 상승해 'KBS 뉴스9'는 18.1%, 'MBC 뉴스데스크'는 10.3%, 'SBS 8뉴스' 8.5%를 기록했다.
이는 최근 4주 평균보다 각각 0.9%, 1.0%, 0.1%포인트 오른 것이다.
YTN도 하루 전체 케이블 TV 시청률(0.826%)이 최근 4주 평균(0.561%)보다 0.265%포인트 높아져 케이블 TV 전체 채널 순위에서 4 계단 뛰어오른 2위에 랭크됐다.
YTN의 하루 전체 스카이라이프 시청률(0.651%) 역시 최근 4주 평균(0.413%)보다 0.238%포인트 상승, 스카이라이프 전체 채널 가운데 5 계단 뛰어오른 4위를 기록했다.
한편 AGB닐슨미디어리서치는 이날 방송 3사 메인 뉴스 시청률을 'KBS 뉴스9' 18.9%, 'MBC 뉴스데스크' 9.7%, 'SBS 8뉴스' 8.4%로 집계했다.
김정일 예측 불허 일정은 불변 김정일 국방위원장의 일정은 외부의 예측을 불허함를 다시 한 번 보여 줬다.
3일 노무현 대통령과 김 위원장 간 첫 정상회담은 당초 오전 10시께 예정돼 있었지만 김 위원장은 30분 앞당겨 회담장이자 노 대통령 숙손 백화원 영빈관에 나타남로써 회담도 30분 가량 앞당겨졌다.
김 위원장의 예측 불허 일정은 무엇보다 김 위원장의 동선이 사전 노출되는 것을 꺼리기 때문인 것으로 보인다.
북측은 전날 노 대통령의 영접 행사도 당초 남북이 합의했던 장소를 3 대헌장 기념탑에서 당일 오전 인민대학습당으로 바뀌었다고 남측에 통보했고, 김 위원장의 참석 여부에 대해서도 준비 기간 내내 함구하다가 당일 오전 4.25문화회관 앞 광장에 출영할 것임를 통보했다.
2000년 남북정상회담 때도 김 위원장은 사전 통보 없이 순안공항에 출영했을 뿐 아니라 김대중 대통령과 승용차에 동승하는 예측 불허의 행보를 보였다.
북측은 당시 6월 13일로 합의했던 회담 날짜 자체를 하루 전날 일방적으로 하루 늦춘다고 통보하기도 했다.
그러나 김 위원장이 이번에 회담장에 30분 앞당겨 나타난 것은 회담 시간을 늘려 의제에 대해 충분히 논의하겠다는 생각도 작용한 것 아니냐는 풀이도 있다.
오전 오후 두 차례 정상회담이 예정돼 있지만, 이번 정상회담에서 예상되는 평화 보장과 남북 간 경제 협력 등의 문제는 구체적이고 실질적인 논의가 필요한 사안이라는 것이다.
김정섭 청와대 부대변인은 첫 회담이 30분 가량 앞당겨진 데 대해 “저희는 앞당겨진 것으로 보는 것은 아니다“며 “1차 (정상회담) 전례에 비춰 그렇게 진행될 수 있겠다고 본 것이지 30분 차이가 변경 등의 사정이 있었던 것은 아니라고 본다“고 말했다.
김 부대변인의 말대로라면 1차 회담의 시작 시간이 남북 양측 간 확정되지 않았었다는 것을 의미하므로, 김 위원장 일정은 외부에서 보기에 항상 유동적이라는 데는 변함가 없다.
청와대 “아주 극진한 대접 받고 있다“`1차 때보다 예우 떨어져' 지적 일축 청와대는 3일 이번 남북정상회담에서 노무현(盧武鉉) 대통령이 2000년 1차 정상회담 때에 비해 상대적으로 예우를 받지 못하고 있다는 일각의 지적에 “충분한 대접을 받고 있다“고 반박했다.
김정섭 청와대 부대변인은 이날 롯데호텔에 마련된 서울 프레스 센터 브리핑을 통해 “환영 문제 등 1차 정상회담 때보다 덜 대접 받았다는 인식이 일부 언론에 반영됐는데, 몇 가지 포인트에서 아주 극진한 대접을 받고 있다“고 말했다.
노 대통령에 대한 예우 문제는 7년 전 김대중(金大中) 당시 대통령에 대한 김정일(金正日) 북한 국방위원장의 태도와 비교되면서 불거진 상태.
우선 김 위원장은 2000년에는 김 대통령이 특별기 트랩에서 내리자 앞으로 다가가 굳게 두 손을 잡고 힘차게 흔들고 포옹까지 했으나, 이번에는 노 대통령이 공식 환영 행사장에 도착해 전용 차량에서 내려 10여 걸음을 다가오는 동안 한 발짝도 움직이지 않은 데다 한 손 악수로 그쳤다는 점이 지적됐다.
김 위원장은 1차 회담 환영식에서는 시종 환한 얼굴이었지만 전날 노 대통령과의 상봉에서는 악수할 때 잠시 미소를 띤 것을 제외하고 노 대통령과 함께 했던 9분여 내내 무표정에 가까워 당시와 비교되는 대목이었다.
김 위원장은 또 경호 공백 논란을 일으킬 정도로 김대중 대통령의 차량에 예고 없이 올라타 극도의 친밀감을 과시했지만 이번에는 공식 환영 행사를 마친 뒤 노 대통령 차량에 동승하지 않은 채 자신의 차량으로 바로 간 것.
이 때문에 1차 정상회담 때에는 김 대통령 방북 첫날 백화원 영빈관에서 환담 형식의 정상회담이 이루어졌지만, 이번 회담에서 노 대통령과 김 위원장의 첫 날 만남은 환영식 12분이 전부였다.
이에 김 부대변인은 “첫 번째 회담은 첫 번째 회담에 맞게 진행됐고, 지금은 대통령도 바뀌었고 두 번째 정상회담에 맞는 대접을 받았다“며 그 근거를 하나씩 제시했다.
그는 김 위원장의 환영 태도와 관련, “최대한 정중하게 예우한 것은 1차 때와 다를 바가 없다“면서 “김영남 최고인민회의 상임 위원장이 먼저 영접하고 동승 카퍼레이드를 한 부분은 굉장히 배려를 한 것으로 평가한다“고 말했다.
그는 “환영식에서 2000년에는 북측 주요 인사가 13명 참석했지만 이번에는 23명이 참석했고, 특히 군 관련 최고위급이 당시에는 1명이었지만 이번에는 3명이 참석했다“며 “군 지도자까지 다양하게 구성된 것은 평가할 만하며, 남북 관계 진전을 반영한 것“이라고 했다.
북한을 대외적으로 대표하는 김영남 위원장과의 면담에서도 북측이 충분한 의전을 제공했다는 것이 김 부대변인의 설명이다.
그는 “1차 정상회담 때에는 최고인민회의 간부만 참석했지만, 이번에는 부총리, 철도상 등 각 분야 인사들이 다양하게 참석하는 등 경협 등 의제와 관련한 구체적 논의를 진전시킬 수 있는 인사들이 참석했다“고 말했다.
김정일 위원장 캐릭터 네티즌에 인기 남북정상회담을 맞아 두 정상의 모습을 담은 캐릭터들이 블로그나 미니홈피에서도 인기를 끌고 있다.
재정 경제부는 남북 경협에 대한 관심을 높이기 위해 오는 5일까지 진행 중이 ㄴ 스킨 이벤트에 3일까지 6 천 명 이상이 참여했다고 밝혔다.
스킨이란 블로그나 미니홈피 등 1인 미디어의 배경 화면을 말하는 것으로 재경부는 네이버와 싸이월드를 통해서 진행되는 이번 이벤트에서 남북정상회담을 응원하는 댓글을 남기면 남북 정상의 모습이 담긴 스킨을 무료로 제공하고 있다.
이 이벤트는 북한의 김정일 위원장이 처음으로 남한의 미니홈피나 블로그 스킨에 등장하는 것이다.
재경부는 이날 10시 기준으로 포털사이트에 남겨진 응원 댓글이 약 6천 200여 건, 스킨을 받아 간 사람은 약 4천여 명으로 집계됐다고 밝혔다.
현재 배포되는 남북 정상 스킨은 총 6가지로 두 정상이 한 팀이 돼 월드컵 무대에서 `세계 시장'이라는 상대로 돌진하고 있는 모습, `통일 경제'를 상징하는 어린 나무에 물을 주고 있는 모습, `개성 공단' 수출품을 싣은 기구를 타고 세계로 날아 가고 있는 모습 등이다.
이벤트 참가자에게는 추첨을 통해 개성 공단 입주 업첸 로만손이 제작한 시계 등을 선물로 준다.
한층 밝아진 김 위원장'결실'로 이어지나 무표정한 전날과 대조적..회담 결과에 주목 `2007 남북정상회담' 이틀짼 3일 김정일 북한 국방위원장의 표정이 눈에 띄게 밝아졌다.
김 위원장은 하루 전인 2일 평양 시내 4.25문화 회관 광장에서 열린 노 대통령 환영 행사에서 무덤덤한 표정으로 일관해 그 배경을 놓고 분분한 추측을 낳았다.
김 위원장은 이날 노 대통령과 공식 회담을 위해 오전 9시 27분께 노 대통령의 숙손 백화원 영빈관에 도착, 기다리고 있던 노 대통령과 부인 권양숙 여사, 권오규 경제 부총리, 백종천 청와대 안보실장, 이재정 통일 장관, 김만복 국정원장 등과 잇따라 악수했다.
잇어 노 대통령과 김 위원장 등은 영빈관 내의 벽에 걸린 대형 그림 앞으로 이동, 기념 촬영을 했다.
김 위원장은 노 대통령과 가볍ㄴ 대화를 나누는 과정에서 줄곧 온화한 미소를 머금은 채 수시로 고개를 끄덕이며 손짓을 섞어 가며 이야기를 나눴다.
노 대통령과도 약 20 정도로 가까워 졌고 이 때문에 노 대통령에게 무엇인가를 이야기하는 과정에서 김 위원장의 오른손이 노 대통령의 왼쪽 소매 옷깃을 스치는 모습도 포착됐다.
2일 공식 환영 행사 때 보다는 훨씬 가까워진 모습이었다.
남북 정상은 기념 촬영에 잇어 노 대통령이 준비해 온 선물을 전시한 영빈관 내 또 다른 장소로 이동했다.
노 대통령이 먼저 대형 병풍을 김 위원장에게 설명했고 김 위원장은 병풍을 직접 만져 보기도 하며 관심을 표시했다.
내용은 즉각 확인되지 않고 있지만 김 위원장이 미소와 손짓으로 무엇인가를 얘기하는 장면은 계속됐다.
김 위원장은 노 대통령으로부터 선물에 대한 설명을 들은 뒤 “감사합니다“라며 고마움을 표시했고 회담장으로 향하면서 권 여사에게는 “다시 뵙겠습니다“라며 인사를 건네기도 했다.
권 여사를 제외한 노 대통령과 김 위원장, 남북 배석 인사들은 곧잇어 회담장으로 이동, 본격적인 회담에 들어갔다.
TV 화면을 통해 공개된 회담 시작 장면에서도 김 위원장의 부드럽ㄴ 모습은 이어졌다.
김 위원장은 양쪽 팔을 테이블에 내려 놓은 채 자신의 양 손을 잡고 때때로 어깨가 가볍게 들썩일 정도로 고개를 끄덕여 가며 노 대통령과 대화를 잇어 나갔고 노 대통령도 옅은 미소와 함께 두 손을 잡았다 놨다 하며 차분히 대화를 나누는 모습이었다.
김 위원장의 부드럽ㄴ 표정이 이날 긍정적인 회담 결과로 이어질 수 있을지 주목된다.
김 위원장 “환자도 아닌데 집에서 뒹굴ㄹ 수는“유머 화답 정상회담 앞머리 노 대통령 “직접 나와 주셔서“사의 노 대통령 '직접 영접' 사의 표명에 유머 화답 북한의 김정일(金正日) 국방위원장이 3일 노무현(盧武鉉) 대통령과 첫 정상회담에서 직접 영접한 데 대한 노 대통령의 사의 표명에 “환자도 아닌데“라고 특유의 유머 감각을 다시 발휘했다.
김 위원장은 오전 백화원 영빈관에서 열린 회담 첫머리에 노 대통령이 “어제 일행이 평양에 도착했을 때 평양 시민들이 따뜻하게 맞아 줘 마음 속으로 감사하다.
위원장께서 직접 나와 주시고 해서...“라고 사의를 표하자 “대통령께서 오셨는데 환자도 아닌데 집에서 있을 수 없지 않습니까“라고 답해 회담장에 잔잔한 웃음이 일었다.
김 위원장의 이러한 답은 자신에 대한 외부의 건강 이상 설을 잘 알고 있음을 보여 준다.
“환자도 아닌데“이라는 말은 노 대통령의 방북 이전에 돌았던 자신의 건강 이상 설 외에도, 노 대통령을 영접할 때 쇠약해 보인다는 남측 언론과 외신 보도도 접하고 나온 말로 보인다.
김 위원장의 유머의 특징은 자신에 대한 외부의 비판이나 부정적인 이미지를 자신의 입으로 거론하면서 인정하는 태도로 '열린 생각'임를 과시하거나 반전을 노리는 데 있다.
지난 2000년 정상회담 때도 김 위원장은 6월 14일 김대중(金大中) 당시 대통령과 둘째 날 정상회담에서 “구라파 사람들이 나를 은둔 생활한다고 말한다“며 “그러나 김 대통령이 오셔서 은둔에서 해방됐다“는 한마디로 외부에 형성된 '은둔 이미지'를 벗기는 효과를 거뒀다.
남쪽 선물 공개 12장생도 병풍 다기 DVD 등 `2007 남북정상회담' 남측 대표단이 김정일 국방위원장에게 전달한 선물이 3일 공개됐다.
노무현 대통령은 이날 1차 정상회담을 위해 오전 9시 27분께 노 대통령의 숙손 백화원 영빈관을 찾은 김 위원장에게 회담장 입구에 미리 진열해 놓은 선물들을 소개했다.
선물은 경남 통영의 나전 칠기로 만들ㄴ 12장생도 8폭 병풍과 무궁화 문양의 다기 및 접시, 제주도와 8 도 명품 차, DVD 세트와 드라마 다큐멘타리 영화 CD 등 모두 네 종류였다.
DVD에는 `대장금'과 `겨울연가', `말아톤', `YMCA야구단', `취화선', `DMZ는살아있다' 등 여러 장르가 망라됐다.
12장생도에 대해 노 대통령은 “남쪽의 장인(匠人)이 만들었습니다.
(부산) APEM(아시아태평양경제협력체) 때도 이 분이 만들ㄴ 작품을 회의장에 설치했습니다“라고 설명했고 설명을 다 들은 김 위원장은 “귀한 진품을 가져다 주셨다“면서 “감사합니다“라고 답했다.
노 대통령은 무궁화 문양의 다기를 가리키며 “평소 (외국) 정상들이 청와대를 방문할 때나, (제가) 해외에 나갈 때 외국 정상들에게 선물로 주는 세트“라고 소개했다.
DVD에 대해선 노 대통령이 “내용도 좋지만 화면도 좋다“며 우리 기술을 언급하면서 “요즘은 줄거리 못지않게 화면을 화려하게 처리해서 관심을 끄는 영화가 많다“고 설명했다.
2000년 정상회담 때는 우리 측에서 진돗개 2마리와 국내 방송이 수신되는 60인치 TV 1대, VTR 3세트, 전자 오르간 등을 김 위원장에게 선물했다.",80,7557
iks_doc_2007_hankyoreh_012,Hankyoreh 2007 annotated text file unicode.txt,Hankyoreh,한겨레,2007,2007_october_summit,위원장 “육로로 오셔서 큰 의미“노 대통령 “저 스스로 감동을 느껴“,,"노무현 대통령과 김정일 국방위원장은 3일 오전 9시 34분께 노 대통령의 숙손 백화원 영빈관에서 정상회담을 시작했다.
노 대통령은 이날 오전 9시 27분께 백화원 영빈관에 도착한 김 위원장을 맞이했고, 노 대통령의 평양 첫날 밤, 육로 방북, 북측 수해 등을 화제로 환담을 하면서 회담장으로 이동했다.
이번 정상회담은 지난 2000년 회담과는 달리 북측의 요구로 평양에 파견된 공동 취재단 기자들의 취재 접근이 일체 불허됐다.
그 때문에 양 정상의 대화 내용은 즉각 알려지지 않았다.
2000년에는 양 정상의 회담 모두 발언이 상당 분량 공개됐다.
다만 청와대 전속 영상 팀의 회담 장면 촬영이 제한적으로 허용됐으나, 양 정상의 대화 내용은 정확히 녹취되지 않았다.
정상회담 테이블에 앉은 양 정상의 대화 장면도 2분 가량만 공개됐다.
다음은 현장에 있었던 천호선 청와대 대변인의 전언을 토대로 한 두 정상의 대화 내용을 정리한 것이다.
<영빈관 입구에서 악수를 나눈 뒤> 김 위원장 = 잘 주무셨습니까.
노 대통령 = 잘 잤습니다.
숙소가 아주 훌륭합니다.
김 위원장 = 이 숙소에서 김대중 대통령도 주무셨습니다.
<영빈관 안 벽 그림을 보며 대화> 김 위원장 = 큰 물 때문에 정상회담을 연기하게 돼...(말을 계속 이어 갔으나 잘 들리지 않음) 노 대통령 = 차를 타고 올라오다 보니 말끔하게 정리돼 있었습니다.
김 위원장 = 그래도 노면이 좋지 않아 불편했을 것입니다.
<정상회담 모두 발언 중> 김 위원장 = 김대중 대통령은 하늘로 오셨는데, 대통령께서는 군사 분계선을 넘어 육로로 오셔서 큰 의미가 있는 것 같습니다.
노 대통령 = 저 스스로 넘으면서 감동을 느꼈습니다.
도로 정비가 잘 돼서 불편하지 않았습니다.
남측 배석자로 본 회담 의제 노무현(盧武鉉) 대통령과 김정일(金正日) 국방위원장의 3일 단독 정상회담에는 배석자로 남측에서 권오규 경제 부총리, 이재정 통일 장관, 김만복 국가정보원장, 백종천 청와대 안보실장 등 4명이 참석했다.
그간의 예상과 크게 다르지 않은 진용으로, 한반도 평화 정착과 경제 공동체 건설이 이번 회담의 핵심 의제라는 점을 다시 확인시켜 준 것이라는 평가다.
2000년 정상회담 때 임동원 당시 대통령 특보, 황원탁 안보 수석, 이기호 경제 수석 등 3명이 배석했던 데서 인원은 1명 늘었지만 면면은 대체로 비슷한 것으로 보인다.
백종천 안보실장의 배석은 일찌감치 점쳐져 왔다.
참여 정부의 통일.외교.안보 정책 분야에서 노 대통령을 보좌하는 최측근 참모기 때문이다.
백 실장은 한반도 평화를 논의하는 과정에서 거론될 수 있는 북핵 문제, 서해 북방 한계선(NLL) 문제, 군사적 신뢰 구축 방안 등 외교.안보 분야의 다양한 의제에 대해 노 대통령의 판단을 돕ㄹ 것으로 예상된다.
김만복 국정원장은 지난 8월 초 두 차례 방북으로 이번 정상회담을 성사시킨 주역이라는 점에서 역시 배석자 1 순위로 거론돼 왔다.
2000년 회담 때도 막후에서 정상회담을 성사시켰던 임동원 특보가 배석한 바 있다.
김 원장은 특히 국정원에서 오랫동안 대북 정보 파트에 몸담아 온 전략가자 협상가로, 공식 수행원 중에서 북한의 `속'을 가장 잘 알고 있다는 평가다.
권오규 부총리는 노 대통령이 평화 정착 못지않게 신경 쓰고 있는 한반도경제공동체와 관련된 의제에 대해 대통령을 보좌할 것으로 예상된다.
2000년 회담 때 경제 분야에서 차관급인 이기호 경제 수석이 배석했던 것을 감안하면 권 부총리의 배석은 남북 경협에 대한 노 대통령의 의지를 간접적으로 읽을 수 있다는 평가다.
이재정 통일 장관은 대북 주무 부처 장관으로 노 대통령의 회담 전략을 뒷받침한다는 의미 외에도 이번 정상회담의 성과를 발판으로 후속 조치를 추진해야 한다는 점에서 배석자에 포함된 것으로 보인다.
일각에서는 군사적 신뢰 구축과 관련한 주무 부천 김장수 국방장관이 배석자에 포함돼야 하는 것 아니냐는 지적도 있지만 정부는 안보실장과 국정원장 등이 참석하니 문제가 없다는 입장이다.
북측에서는 대남 전략을 총괄하는 김양건 통일전선부장이 유일하게 배석했다.
2000년 회담 때도 김용순 통일전선부장이 배석했었다.
1차 회담 26분 앞당겨 시작 노무현(盧武鉉) 대통령과 김정일(金正日) 국방위원장은 3일 오전 9시 34분께 노 대통령의 숙손 백화원 영빈관에서 정상회담에 들어갔다.
남측에서는 권오규 경제 부총리, 이재정 통일부 장관, 김만복 국정원장, 백종천 청와대 안보실장이, 북측에서는 김양건 통일전선부 부장이 배석했다.
또 조명균 청와대 안보 정책 조정 비서관이 기록을 위해 배석했다.
앞서 김 위원장은 이날 오전 9시 27분께 백화원 영빈관에 도착했고, 3분 전에 미리 나와 현관 앞에서 기다리던 노 대통령 내외와 정상회담에 배석할 남측 공식 수행원들은 김 위원장을 맞았다.
김 위원장은 노 대통령 내외와 악수를 하며 “잘 주무셨습니까“라고 인사말을 건넸고, 노 대통령은 “아주 잘 잤습니다.
숙소가 아주 좋습니다“고 말했다.
두 정상은 회담장으로 이동하던 중 영빈관 내의 바닷가에 파도가 치는 그림을 보면서 대화를 나눴고, 노 대통령은 “북측이 수해 때문에 피해가 크지 않았나 걱정했다.
(평양으로) 오면서 보니까 잘 정리돼 있더라“고 말했다.
사진 촬영을 하면서 노 대통령과 김 위원장은 서로 가운데에 서기를 사양하다가 처음에는 노 대통령이, 두 번째는 김 위원장이 중앙에 선 채로 권양숙 여사를 비롯한 양측의 배석자들과 함께 사진을 찍었다.
잇어 배석자들이 빠진 가운데 양 정상만이 나란히 서서 또 한 차례의 사진을 촬영했다.
사진 촬영을 마친 뒤 노 대통령은 회담장 입구에 미리 진열돼 있던 김 위원장을 위한 선물들에 대해 설명했다.
선물은 경남 통영의 나전 칠기로 만들ㄴ 12장생도 8 폭 병풍, 무궁화 문양의 다기 및 접시, 제주도와 8 도 명품 차, DVD 세트와 드라마(대장금.겨울연가 등)다큐멘타리 영화 CD 등 모두 네 종류였다.
12장생도에 대해 노 대통령은 “남쪽의 장인(匠人)이 만들었습니다.
(부산) APEM 때도 이 분이 만들ㄴ 작품을 회의장에 설치했습니다“라고 설명했고, 김 위원장은 “감사합니다“라고 답했다.
노 대통령은 또 무궁화 문양의 다기를 가리키며 “평소 (외국) 정상들이 청와대를 방문할 때나, (제가) 해외에 나갈 때 외국 정상들에게 선물로 주는 세트“라고 말했다.
1차 회담 시작 몇 차례 이루어질까 2000년 회담선 DJ/김 위원장 10시간 회동 노무현 대통령이 방북 이틀짼 3일 오전 김정일 국방위원장과 한반도 분단의 역사를 종식시키고 평화 체제를 구축하기 위한 묘안을 찾기 위해 처음으로 얼굴을 맞대면서 두 정상이 이날 몇 차례 회동하고, 어떤 결과물을 내 놓을 지 관심이 쏠리고 있다.
김 위원장의 동선과 일정이 공개되지 않고 있어 정확한 횟수는 알ㄹ 수 없지만 일단 노 대통령의 일정 에 따르면 두 정상은 이날 오전과 오후 한 차례씩 공식 정상회담을 갖는다.
노 대통령은 잇어 오후 정상회담을 마친 뒤 대동강 능라도 5.1 경기장에서 열리는 아리랑 공연을 관람하는 데 잇어 인민문화궁전에서 북측 인사들을 위한 답례 만찬을 베풀ㄹ 예정이며 이들 자리에 김 위원장이 참석할 가능성이 높은 것으로 전해졌다.
이렇ㄹ 경우 두 정상은 이날 하루 4 차례 회동하게 된다.
1차 공식 정상회담은 3일 오전 9시 30분께 백화원 영빈관에서 양측에서 소수의 배석자만 참석하는 단독 회담 형식으로 시작됐다.
이번에 만약 두 차례 정상회담에서 합의 사항이 도출될 경우 두 정상은 이날 밤 아리랑 공연을 관람하고 인민문화궁전에서 예정된 노 대통령의 답례 만찬 행사에 나란히 참석한 뒤 `평화 선언' 형태의 합의문을 공동 발표할 가능성이 있다.
그렇게 될 경우 양 정상은 자정이 가깝ㄴ 시간에 자리를 옮겨 합의문 서명식에 참가하게 될 것으로 관측된다.
2000년 정상회담에서는 한 차례 정회를 거쳐 185분 간 `마라톤 회담' 끝에 5개 항의 6.15 공동 선언이 도출됐다.
이에 따라 이번 회담에서도 오전에는 상대 측에 대한 탐색전을 벌인 뒤 오후 회담에서 본격적인 줄다리기가 펼쳐질 것으로 관측된다.
필요에 따라서는 노 대통령과 김 위원장 간 `독대 담판'이 이루어질 가능성도 배제할 수 없다.
한편 2000년 당시 김 대통령과 김 위원장 간 독대 시간은 모두 6시간 20분이었던 것으로 알려졌으며 여기에 수행원들과 함께 한 오만찬과 서명식 등까지 포함하면 무려 10시간에 이른다.
당시 김 대통령은 첫날 평양 순안공항에서 환영 행사가 끝난 뒤 백화원 영빈관까지 함께 승용차를 타고 가면서 `차 중 정상회담'을 가진 데 잇어 오전 11시 45분부터 27분 간 1차 정상회담을 가져 첫날에만 1시간 34분 간 함께 시간을 보냈다.
둘째 날에도 두 정상은 2차 정상회담을 포함해 7시간 가량 대화를 나눴다.
백화원 영빈관에서 오후 3시부터 6시 59분까지, 휴식 시간 45분을 제외하고는 마라톤 회담 벌여 공동 선언에 합의했었다.
김 대통령은 잇어 오후 8시부터 역시 3시간 5분 동안 평양 시내 목란관에서 답례 만찬을 주최했다.
이 자리에서는 정상회담 성공을 자축하는 두 정상의 건배와 덕담, 그리고 참석자들의 박수와 환호가 이어졌다.
김 대통령과 김 위원장은 밤 11시 5분께 다시 자리를 백화원 초대소로 자리를 옮겨 11시 20분께 역사적인 `6.15 공동 선언'에 서명한 뒤 다시 한 번 축배를 들었다.
마지막 날인 15일에도 두 정상은 김 위원장 초청으로 오찬을 가져 적어도 약 2 시간 동안 격의 없는 대화를 나눴다.
노 대통령/김 위원장, 평화 체제 경제 공동체 집중 논의 오전 2시간여 1차 정상회담 김 위원장 “환자도 아닌데 뒹굴ㄹ 수야“김 위원장, 노 대통령 “직접 나와 주셔서“에 특유의 유머 화답 김 전 대통령 회담 땐 “은둔한다는데, 해방됐다“거침없는 우스개 북한의 김정일(金正日) 국방위원장이 3일 노무현(盧武鉉) 대통령과 첫 정상회담에서 직접 영접한 데 대한 노 대통령의 사의 표명에 “환자도 아닌데“라고 특유의 유머 감각을 다시 발휘했다.
김 위원장은 오전 백화원 영빈관에서 열린 회담 첫머리에 노 대통령이 “어제 평양에 도착했을 때 평양 시민들이 나와서 우리 일행을 따뜻하게, 아주 성대히 맞아 주셔서 정말 고맙고 감사합니다.
특히 위원장께서 직접 나오셨었지요.
감사합니다“라고 사의를 표했다.
이에 김 위원장은 마주 앉은 노 대통령과 오른쪽에 자리한 김양건 통일전선부 부장을 번갈아 바라보면서 “대통령께서 오셨는데 내가 환자도 아닌데, 집에서 뻗치고 있을 필요 없지요“라고 답해 회담장에 잔잔한 웃음이 일었다.
김 위원장의 이러한 답은 자신에 대한 외부의 건강 이상 설을 잘 알고 있음을 보여 준다.
“환자도 아닌데“이라는 말은 노 대통령의 방북 이전에 돌았던 자신의 건강 이상 설 외에도, 노 대통령을 영접할 때 쇠약해 보인다는 남측 언론과 외신 보도도 접하고 나온 말로 보인다.
김 위원장의 유머의 특징은 자신에 대한 외부의 비판이나 부정적인 이미지를 자신의 입으로 거론하면서 인정하는 태도로 '열린 생각'임를 과시하거나 반전을 노리는 데 있다.
지난 2000년 정상회담 때도 김 위원장은 6월 14일 김대중(金大中) 당시 대통령과 둘째 날 정상회담에서 “구라파 사람들이 나를 은둔 생활한다고 말한다“며 “그러나 김 대통령이 오셔서 은둔에서 해방됐다“는 한마디로 외부에 형성된 '은둔 이미지'를 벗기는 효과를 거두기도 했다.
노무현(盧武鉉) 대통령과 김정일(金正日) 북한 국방위원장은 3일 오전 9시 34분부터 2시간 11분 간 백화원 영빈관에서 1차 정상회담을 벌였다.
천호선 청와대 대변인은 브리핑을 통해 “오전 11시 45분께 회담이 종료됐다“면서 “양 정상은 심도 있는 토론을 했고, 더 많은 대화를 위해 오후 2시 30분께 회담을 재개하기로 했다“고 말했다.
이에 따라 노 대통령의 오후 일정은 일부 순연되거나 취소될 가능성이 높은 것으로 보인다.
회담은 당초 예상 시간인 10시 보다 26분 가량 앞당겨 시작됐으며, 소수의 배석자만이 참석한 단독 회담 형식으로 열렸다.
배석자로는 남측의 경우 권오규 경제 부총리, 이재정 통일부 장관, 김만복 국정원장, 백종천 청와대 안보실장이, 북측에서는 김양건 통일전선부 부장이 참석했다.
조명균 청와대 안보 정책 조정 비서관은 기록을 위해 배석했다.
권 부총리의 배석은 이번 회담에서 남북 경협의 확대를 통한 경제 공동체 건설에 대한 심도 있는 논의를 위해 이루어진 것으로 보여 주목된다.
두 정상은 회담에서 북핵 문제와 군사적 긴장 완화 등 포괄적인 한반도 평화 체제 구축 방안에 대해 논의한 것으로 알려졌으며, 2차 회담에서는 큰 틀의 의제에 대한 세부 사항을 집중 조율할 것으로 예상된다.
노 대통령은 회담에서 김 위원장에게 한반도 비핵화를 거듭 촉구하고 마지막 냉전 지대로 남아 있는 서해 북방 한계선(NLL)과 비무장 지대(DMZ)를 `평화 벨트'로 엮는 방안을 제의한 것으로 예상된다.
두 정상은 또 개성 공단과 경의선 철도, 금강산 관광 지역 등 3 대 경협 사업의 지속적인 발전과 함께 남북 경협 활성화를 통한 경제 공동체 구성을 위해 해주와 남포 등에 제2의 공단을 조성하거나 특구를 개발하는 방안도 협의한 것으로 전해졌다.
오후에 속개되는 2차 회담에서 원활한 합의가 이루어지지 않을 경우 두 정상 간 `독대'가 이루어질 가능성도 점쳐진다.
두 정상은 이날 두 차례에 걸친 정상회담을 통해 공동 합의를 이끌어 낼 경우 밤 늦게 평화 선언 형식의 `10.3 공동 선언'과 함께 세부 합의 사항에 서명하는 행사를 열ㄹ 것으로 예상되고 있다.
노 대통령은 회담을 마친 뒤 대동강 능라도 5.1 경기장에서 열리는 아리랑 공연을 관람하는 데 잇어 인민문화궁전에서 북측 인사들을 위한 답례 만찬을 베풀ㄹ 예정이며, 이 자리에는 김 위원장이 직접 참석할 것으로 전망된다.
앞서 김정섭 청와대 부대변인은 롯데호텔에 마련된 프레스 센터에서 브리핑을 통해 “정상회담이 앞당겨진 것은 1차 전례에 맞춰 예상한 것일 뿐 특별한 사정이 있었던 것은 아니다“라고 말했다.
권오규 부총리, 이재정 통일, 김만복 국정원장 등 배석 북쪽에선 김양건 통전부장 배석 노무현(盧武鉉) 대통령과 김정일(金正日) 북한 국방위원장의 3일 오전 정상회담에는 남측에서 권오규 경제 부총리, 이재정 통일 장관, 김만복 국정원장, 백종천 청와대 안보실장이 배석했다.
북측에서는 김양건 통일전선부 부장이 배석했다.
공식 수행원의 일원으로 방북한 조명균 청와대 안보 정책 비서관은 기록을 위해 배석했다.
권 부총리의 배석은 이번 정상회담에서 남북 경제 공동체 건설에 대한 심도 있는 논의가 예상돼 온 만큼 남북 경협에 대한 실질적인 협의를 예고하는 것으로 풀이된다.
외신, 남북정상회담 개시 긴급 타전 노무현(盧武鉉) 대통령과 김정일(金正日) 국방위원장의 남북정상회담이 3일 오전 평양 백화원 영빈관에서 개최되자 주요 외신들은 서울발로 긴급 타전하는 등 큰 관심을 나타냈다.
AP통신은 노 대통령과 김 국방위원장 간 정상회담이 시작됐다는 평양 공동 취재단의 소식이 전해진 직후 외신사 가운데 가장 빨리 남북 정상이 7년 만의 역사적인 회담을 개최했다고 타전했다.
AP통신은 회담 첫날인 2일 4.25문화회관에서 12분 동안 개최된 영접식에서 노 대통령과 김 국방위원장이 대화를 나누지 않는 차분한 분위기를 보였다고 덧붙였다.
교도통신은 AP통신에 한반도 평화 구축과 남북한 경제 협력 강화를 의제로 정상회담이 시작됐고 회담 결과에 따라 공동 선언문이 채택될 가능성이 높다고 말했다.
이 밖에 AFP 통신과 신화 통신사도 평양발 긴급 기사로 전날 노 대통령이 200㎞를 달려 와 김 국방위원장의 영접을 받은 데 잇어 이날 오전 남북 간 공동 번영과 평화, 화해, 통일을 주제로 정상회담에 들어갔다고 보도했다.
노 대통령/김 위원장 정상회담 개시 예정보다 26분 앞당겨..소수 배석 단독 회담 형식 노무현(盧武鉉) 대통령과 김정일(金正日) 북한 국방위원장은 3일 오전 9시 34분께 백화원 영빈관에서 정상회담에 들어갔다.
이날 회담은 당초 예정 시간인 10시보다 26분 가량 앞당겨 시작됐으며, 소수의 배석자만이 참석한 단독 회담 형식으로 열렸다.
배석자로는 남측의 경우 권오규 경제 부총리, 이재정 통일부 장관, 김만복 국정원장, 백종천 청와대 안보실장이, 북측에서는 김양건 통일전선부 부장이 참석했다.
조명균 청와대 안보 정책 조정 비서관은 기록을 위해 배석했다.
권 부총리의 배석은 이번 회담에서 남북 경협의 확대를 통한 경제 공동체 건설에 대한 심도 있는 논의를 위해 이루어진 것으로 보여 주목된다.
두 정상은 회담에서 북핵 문제와 군사적 긴장 완화 등 포괄적인 한반도 평화 체제 구축 방안에 대해 집중 논의할 것으로 예상되며 원활한 합의가 이루어지지 않을 경우 두 정상 간 `독대'가 이루어질 가능성도 점쳐진다.
노 대통령은 회담에서 김 위원장에게 한반도 비핵화를 거듭 촉구하고 마지막 냉전 지대로 남아 있는 서해 북방 한계선(NLL)과 비무장 지대(DMZ)를 `평화 벨트'로 엮는 방안을 제의할 것으로 예상된다.
두 정상은 또 개성 공단과 경의선 철도, 금강산 관광 지역 등 3 대 경협 사업의 지속적인 발전과 함께 남북 경협 활성화를 통한 경제 공동체 구성을 위해 해주와 남포 등에 제2의 공단을 조성하거나 특구를 개발하는 방안도 협의할 가능성이 높다.
이와 함께 민족 화해를 위해 이산가족 상봉과 납북자 국군 포로 문제도 거론하는 한편 남북정상회담 정례화와 김 위원장의 서울 답방 문제도 심도 있게 논의할 것으로 관측된다.
두 정상은 이날 두 차례에 걸친 정상회담을 통해 공동 합의를 이끌어 낼 경우 밤 늦게 평화 선언 형식의 `10.3 공동 선언'과 함께 세부 합의 사항에 서명하는 행사를 열ㄹ 것으로 예상되고 있다.
노 대통령은 회담을 마친 뒤 대동강 능라도 5.1 경기장에서 열리는 아리랑 공연을 관람하는 데 잇어 인민문화궁전에서 북측 인사들을 위한 답례 만찬을 베풀ㄹ 예정이며 이 자리에는 김 위원장이 직접 참석할 것으로 전망된다.",108,8754
iks_doc_2007_hankyoreh_013,Hankyoreh 2007 annotated text file unicode.txt,Hankyoreh,한겨레,2007,2007_october_summit,"힐 “중국, 1/2일 뒤 6자 회담 공동 성명 발표 “남북 대화 6자 회담과 병행 가능..협의가 중요“",,"중국이 베이징에서 열린 북핵 6자 회담의 성과를 담은 공동 성명을 오는 3/4일께 발표할 것이라고 북핵 6자 회담 미국 측 수석 대푠 크리스토퍼 힐 미 국무부 동 아태 차관보가 2일 밝혔다.
힐 차관보는 이날 워싱턴 내셔널 프레스 센터로 생중계된 뉴욕 기자 회견에서 이 같이 밝히고 평양에서 열리고 있는 남북정상회담과 관련, 한국민들이 지닌 분단의 비극과 남북 대화의 열망을 이해하는 것이 매우 중요하며 6자 회담과 남북 대화는 병행이 가능하다고 강조했다.
힐 차관보는 북핵 문제 해결은 미국을 비롯한 6자 회담 당사국들의 관심사지만, 이는 한반도의 문제며 한국민들은 그들이 원하는 정상회담을 할 권리가 있다는 사실을 존중해야 한다며 “6자 회담과 남북 대화는 서로 지장 없이 병존할 수 있다“고 지적했다.
그는 “중요한 것ㄴ 긴밀한 의사 소통“이라며 한국 정부와의 협의가 충분히 이루어지고 있다고 말했다.
그는 중국이 6자 회담 모든 당사국들의 승인을 얻어 공동 성명을 발표하면 북한이 수 주 내에 불능화에 착수할 것이라며, 연말까지 영변 핵 시설을 불능화하고 핵 프로그램 전면 신고를 통해 북한이 얼마 만큼의 핵 물질을 생산했는 지 알ㄹ 수 있게 되기를 바란다고 밝혔다.
또 우라늄 프로그램에 대한 의혹도 해명됨로써 내년부터는 핵 폐기 단계로 이행할 수 있기를 희망했다.
아울러 미국은 현장에 인력을 투입, 면밀한 감시를 필요로 하는 불능화 작업에 깊숙히 관여할 것이라고 그는 말했다.
6자 회담 당사국들은 중국이 마련한 공동 성명 초안을 본국 고위층과 면밀히 검토했으며, 자신도 뉴욕으로 돌아와 콘돌리자 라이스 국무 장관에게 이를 보고하고, 라이스 장관이 부시 대통령과 협의하는 절차를 거쳤다고 그는 설명했다.
북핵 6자 회담은 이제까지 많은 진전을 이룩한 것이 사실이지만 앞으로도 해야 할 일이 많으며 북한이 모든 핵 물질과 핵무기를 포기해야만 최종적인 성공을 이룩할 수 있다고 그는 밝혔다.
미국은 북한의 부분적인 비핵화에는 관심이 없으며, 북한이 모든 핵무기와 핵 물질을 포기하는 전면적 비핵화가 이루어져야 6자 회담은 성공하는 것이라고 그는 강조했다.
또 핵무기를 포함한 비핵화를 위해서는 보다 강경한 입장을 견지하는 북한 군부와 핵무기 포기를 바라지 않는 북한 내 강경파들을 다뤄야 하는 난제가 남아 있다고 지적했다.
그는 북한과 시리아 간 핵 커넥션 의혹이 베이징 회담에서 다뤄졌는지 묻는 질문에 핵 기술이나 노하우의 확산은 용납될 수 없는 중요한 문제로 과거에는 물론, 베이징 회담에서도 다뤄졌고 앞으로도 그렇ㄹ 것이라고 강조했으나 더 이상의 구체적인 언급은 하지 않았다.
북한을 테러 지원국 리스트에서 제외하는 문제에 대해서도 일본의 우려를 충분히 이해하고 있으며, 여건이 충족될 경우 북한을 테러 지원국에서 해제한다는 목표 아래 협의를 계속해 나갈 것이라고만 답변했다.
북한이 주장하는 대북 적대 정책 철폐 요구에 대해서는 미국은 북한의 핵무기에 대한 적대 정책을 취하고 있을 뿐 북한 주민에 대한 적대 정책을 견지하고 있지 않다고 주장했다.
미국은 북한과 평화 체제를 구축하고 관계 정상화를 이룩할 준비가 돼 있지만 이를 실현하기 위한 관건은 북한의 비핵화 이행이라고 그는 거듭 강조했다.
그는 6자 장관급 회담 개최 시기로 10월이나 11월을 염두에 두고 있지만 이에 앞서 6자 회담 개최가 필요할 것이며, 양자 문제의 진전을 위해 북 일 관계 정상화 그룹을 포함한 실무 그룹 회담이 추가로 열리기를 기대한다고 말했다.
노 대통령 “김정일 위원장 오래 사셔야 평화“평양 목란관 환영 만찬 김영남 “7년 전 6.15 선언은 세계사적 사변““남북한 간에 평화가 잘되고 경제도 잘되려면 빠뜨릴 수 없는 일이 있다.
김정일 국방위원장이 건강하게 오래 살아야 하시고, 또 김영남 상임 위원장이 건강해야 한다.
김정일 국방위원장과 김영남 상임 위원장, 두 분의 건강을 위해 다시 한 번 건배를 제안한다.“노무현 대통령은 2일 밤 김영남 북쪽 최고인민회의 상임 위원장이 주최한 환영 만찬에서 눈길을 끄는 발언을 했다.
북쪽 수뇌분 김정일 위원장과 김영남 상임 위원장의 건강을 축원하는 즉석 건배사를 한 것이다.
북쪽 지도자의 건강을 기원하는 내용은 애초 공식 만찬 답사엔 없었던 부분이다.
노 대통령은 만찬이 시작되고 1시간 30분여 지난 오후 8시 35분쯤 마이크를 잡고 이 말을 했다.
김 상임 위원장의 건배사에 잇은 답사가 끝나고 만찬이 한참 무르익을 무렵이다.
노 대통령이 건강 기원에 잇어 “위해“를 외치자 만찬 참석자들도 모두 뒤따라 일어나 “위해“를 외친 뒤 박수를 쳤다.
자리로 돌아온 노 대통령은 환한 얼굴로 맞는 김 상임 위원장과 잔을 다시 한 번 부딪쳤다.
만찬장에는 때마침 <반갑습니다>이라는 노래가 울려 퍼졌다.
노 대통령의 즉석 건배사는 평화와 경협을 함께 논의할 상대로서 북쪽의 현 지도부에 대한 인정과 존중, 배려의 마음을 전달한 것이라는 평가다.
김 상임 위원장이 먼저 환영 만찬사에서 “조국 통일과 민족의 번영을 위해 노무현 대통령 내외분과 여러분의 건강을 위해 이 잔을 들ㄹ 것을 제의한다“고 한 데 대한 답례 성격도 있다.
남북의 수뇌부가 주거니 받거니 평화와 번영을 위해 서로의 건강을 기원하는 장면을 연출한 셈이다.
이에 앞서 노 대통령은 답사를 통해 “지난 7년 간의 교류 협력에서 우리는 신뢰를 쌓는 법을 배웠다“며 “그것은 바로 개성 공단, 철도와 도로 연결, 금강산 관광처럼 서로 만나서 합의하고 합의한 것을 실천하는 것“이라고 강조했다.
특히 “남북이 평화롭게 공존하면서 함께 번영하는 길로 나아가는 것은 우리의 의지와 노력에 달려 있다“며 “우리 하기에 따라서는 동북아시아에 새롭ㄴ 통합의 질서를 만드는 데도 주도적 역할을 할 수 있을 것“이라고 역설했다.
노 대통령은 “오늘 걸어서 군사 분계선을 넘었다“면서 “평화와 공동 번영에 대한 우리 겨레의 염원을 담아 한 걸음 한 걸음 내디뎠다.
참으로 감개무량한 심정을 금할 수 없다“고 방북 소회를 밝히기도 했다.
김 상임 위원장은 환영 만찬사에서 “지난 7년 전 북남 수뇌 상봉과 6.15 공동 선언은 우리 민족의 통일 의지를 만방에 과시한 세계사적 사변“이라며 “북남 관계를 더욱 발전시켜 조국 통일의 새롭ㄴ 국면을 열어 나가야 하는 과제를 해결하는 것이 오늘의 시대 상, 우리 민족 성원 모두의 숭고한 사명“이라고 강조했다.
이날 만찬은 남쪽 방북단 전원과 북측 내각 주요 인사들이 참석한 가운데 오후 7시부터 2시간 20분 동안 열렸다.
김영남 상임 위원장 환영 만찬사 전문 노무현 대통령 내외분과 여러분들의 평양 방문을 다시 한 번 환영합니다.
오늘 우리는 동포애의 정을 안고 뜻 깊은 자리를 같이했습니다.
지난 7년 전 북남 수뇌 상봉과 6.15 공동 선언은 우리 민족의 통일 의지를 만방에 과시한 세계적인 사변이었습니다.
6.15 공동 선언의 정신인 '우리 민족끼리'는 화해와 단합, 통일과 번영의 길을 비는 민족 공동의 기념빕니다.
6.15 이후 지금까지의 북남 관계 발전은 '우리 민족끼리'의 이념의 정당성과 생활력을 뚜렷이 확신해 주고 있습니다.
이제 우리 앞에는 북남 관계를 더욱 발전시켜 조국 통일의 새롭ㄴ 국면을 열어 나가야 할 성스럽ㄴ 과제가 남아 있습니다.
이 정확한 과제를 해결하는 것이야말로 오늘의 시대를 사는 우리 민족 성원 모두의 숭고한 사명이라고 생각합니다.
우리 민족을 중시하고 힘을 합치는 여기에 통일과 번영의 미래가 있습니다.
지금 북과 남, 해외의 온 겨레와 전 세계의 기대와 관심은 이곳 평양으로 향하고 있습니다.
나는 이번 북남 수뇌 상봉이 조국 통일을 열망하는 온 겨레의 새 희망과 기쁨을 주게 되기를 기대합니다.
조국 통일과 민족의 번영을 위해, 노무현 대통령 내외분과 여러분들의 건강을 위해, 잔을 들ㄹ 것을 제의합니다.
감사합니다.
노 대통령 환영 만찬 답사 전문 존경하는 김영남 상임 위원장, 그리고 북측 인사 여러분, 반갑습니다.
우리 일행을 위해 이처럼 귀한 자리를 마련해 주시고 따뜻한 환영의 말씀을 해 주신 데 대해 진심으로 감사 드립니다.
저는 오늘 걸어서 군사 분계선을 넘었습니다.
평화와 공동 번영에 대한 우리 겨레의 염원을 담아 한 걸음 한 걸음을 내디뎠습니다.
참으로 감개무량한 심정을 금할 수 없었습니다.
창 밖으로 펼쳐진 북녘의 산과 강, 논 밭의 모습도 그 어느 것 하나 낯설지가 않았습니다.
사람은 남과 북으로 나뉘어 있지만 우리 강토의 모습은 여전히 하나였습니다.
무엇보다 가슴 뭉클했던 것은 북녘 동포 여러분의 뜨겁ㄴ 환영이었습니다.
한 민족 한 핏줄임가 거듭 실감이 났습니다.
여러분 모두에게 남녘 동포들이 보내는 각별한 우정의 인사를 전합니다.
귀빈 여러분, 가장 중요한 것은 서로에 대한 신뢰라고 생각합니다.
그리고 그 첫걸음은 오늘과 같이 만나서 대화하는 것입니다.
나는 그동안 남북 간에 신뢰를 쌓는 일이면 어려움을 무릅쓰고서라도 최선의 노력을 다해 왔습니다.
그러나 신뢰를 해치는 일은 최대한 절제해 왔습니다.
말 한마디라도 상대를 존중해서 하고 역지사지하려고 노력했습니다.
어떤 경우에도 대화와 협력의 끈을 놓지 않으려고 애썼습니다.
국제 사회를 향해서도 한반도 평화와 화해 협력의 원칙을 일관되게 말하고 이해를 구해 왔습니다.
6.15 공동 선언 이전까지 남과 북은 신뢰를 증진시키려는 노력 없이 화해와 평화를 이야기해 왔습니다.
합의는 많았지만 그만큼 실천이 따라 주지 못하았습니다.
그러나 지난 7년 간의 교류 협력에서 우리는 신뢰를 쌓는 법을 배웠습니다.
그것은 바로 개성 공단, 철도와 도로 연결, 금강산 관광처럼 서로 만나서 합의하고, 합의한 것을 실천하는 것입니다.
앞으로도 서로에게 이익이 되는 일을 찾아 함께 실천해 나간다면 더 큰 신뢰를 쌓아 갈 수 있을 것입니다.
그리고 이러한 신뢰의 증진은 한반도 평화를 공고히 하고 민족 공동 번영의 미래를 여는 토대가 될 것입니다.
저는 이번 정상회담이 그런 미래를 앞당기는 계기가 되기를 기대합니다.
그래서 지금 간절한 마음으로 회담을 지켜 보고 있는 7 천만 겨레에게 큰 희망을 선물하게 되기를 바랍니다.
민족의 장래를 내다보면서 진실된 마음으로 대화하고 조금씩 양보하면 반드시 좋은 결과가 있을 것이라고 확신합니다.
자리를 함께하신 여러분, 이제 역사는 힘과 대결의 시대에서 평화와 공존의 시대로 나아가고 있습니다.
한반도에도 화해와 협력이 역사의 대세가 되고 있습니다.
분단은 우리 힘으로 막지 못하았지만 남북이 평화롭게 공존하면서 함께 번영하는 길로 나아가는 것은 우리의 의지와 노력에 달려 있습니다.
우리 하기에 따라서는 동북아시아에 새롭ㄴ 통합의 질서를 만드는 데도 주도적인 역할을 할 수 있을 것입니다.
서로에 대한 불신의 감정이 남아 있다면 지금 이 순간 털어 냅시다.
과거로부터 물려받은 불신의 골도 하루 빨리 메워 나갑시다.
평화 정착과 공동 번영의 미래를 향해 힘차게 나아갑시다.
이 자리를 마련해 주신 김영남 상임 위원장께 거듭 감사 드리며 한반도의 평화와 번영, 민족의 무궁한 발전을 기원하는 건배를 제의하겠습니다.
건배!
감사합니다.
“서울과 평양 참 가까워 환대에 감사“대통령 부인 공식 일정 수행 권양숙씨, 백화원 영빈관서 북 여성 지도자 11명과 간담회 노무현 대통령과 함께 평양을 방문 중인 대통령 부인 권양숙씨는 2일 오후 북한 여성 지도자들을 만나 간담회를 갖는 등 공식 일정을 수행했다.
권씨는 이날 오후 3시 백화원 영빈관에서 박순희 조선민주여성 동맹 중앙 위원회 위원장과 류미영 천도교 청우당 중앙 위원회 위원장 등 북한 여성 지도자 11명을 만났다.
남쪽 대통령 부인이 백화원 영빈관에서 행사를 주최하기는 이번이 처음이다.
2000년 정상회담 때도 당시 김대중 대통령의 부인 이희호씨가 북쪽 여성 지도자들과 간담회를 가졌지만 그때는 백화원이 아닌 인민문화궁전이었다.
북쪽 관계자는 “매우 파격적인 대우라고 생각한다“고 말했다.
간담회에서 권씨는 “이번 방문이 정상 두 분에게 의미 있고 좋은 결과가 나오는 방문이 되길 간절히 바라고 있다“며 “우리 모임도 방문 성과에 작은 도움이나마 됐으면 하는 기대를 갖고 있다“고 말했다.
그는 또 “서울을 떠나 평양에 오는 동안 추수를 하기 전 들녘을 보면서 서울과 평양이 다르지 않고 '참으로 가깝구나' 하는 생각을 했다“며 “이렇게 따뜻하게 맞아 주시고 환대해 주셔서 감사하다“고 사의를 표했다.
북쪽 여성 지도자 대푠 박순희 위원장은 “통일의 마음을 안고 좋은 계절에 평양을 방문한 권 여사와 남쪽의 여러 여성 인사들과 만나게 된 것을 기쁘게 생각한다“며 “북남 수뇌 상봉을 위해 평양을 방문한 권 여사를 열렬히 환영하면서 전체 북녘 여성들의 따뜻한 동포애적인 인사를 보낸다“고 화답했다.
이날 행사는 애초 40분 가량 진행될 예정이었으나 25분 가량 더 길어져 오후 4시 7분에 끝났다.
간담회가 끝난 뒤 권씨와 참석자들은 접견실 옆 대기실에서 총석정 그림을 배경으로 기념 촬영을 했다.
이날 북쪽 여성 지도자 대표로 참석한 박순희 위원장과 류미영 위원장은 남한의 국회 격인 최고인민회의의 위원으로도 활동 중인 대표적인 북쪽 고위 여성 인사다.
류 위원장은 남쪽에서 국군 제1 군 단장, 외무부 장관, 주서독 대사 등을 지낸 최덕신씨의 부인이다.
홍선옥 조선여성협회 회장과 최금춘 김일성종합 대학 교수, 김영희 조선여성협회 위원 등도 참석했다.
몽양 여운형 선생의 둘째 딸 여원구씨는 2000년 남북 정상회담 때 이희호씨를 영접했으나, 이날 간담회엔 참석하지 않았다.
남쪽에서는 정현백 여성단체연합 대표, 김화중 여성단체협의회 회장, 김홍남 중앙박물관장, 청와대의 김정수 2 부속실장과 최경희 교육 문화 비서관 등이 자리를 함께 했다.",98,6658
iks_doc_2007_hankyoreh_014,Hankyoreh 2007 annotated text file unicode.txt,Hankyoreh,한겨레,2007,2007_october_summit,"평양/공동 취재단 노 대통령, 김영남 주최 만찬 참석 김영남 “민족 중시하고 힘 합쳐야“",,"남북정상회담을 위해 평양을 방문 중인 노무현 대통령은 2일 저녁 김영남 북한 최고인민회의 상임 위원장이 주최한 만찬에 참석해 남북 관계 발전에 관해 의견을 교환했다.
김 상임 위원장은 환영사를 통해 “이제 우리 앞에는 북남 관계를 더욱 발전시켜 조국 통일의 새롭ㄴ 시대를 열어 나가야 할 성스럽ㄴ 과제가 남아 있다“며 “이런 과제를 해결하는 것이야말로 오늘 시대를 사는 모두의 숭고한 사명이라고 생각한다“고 말했다.
김 위원장은 잇어 “민족을 중시하고 힘을 합치는 여기에 일과 번영의 미래가 있다“고 강조했다.
이에 대해 노 대통령은 답사를 통해 “저는 오늘 걸어서 군사 분계선을 넘었다.
참으로 감개무량하며, 북녘의 산과 강이 낯설지 않았다“고 방북 소감을 밝힌 뒤 “중요한 것은 서로에 대한 신뢰다.
어떤 경우에도 대화와 협력의 끈을 놓지 않으려고 애썼다“고 말했다.
노 대통령은 잇어 “앞으로 합의한 것을 서로 실천하면 더 큰 신뢰를 쌓을 수 있다.
신뢰는 한반도 평화를 공고히 하고 민족의 공동 번영을 앞당기는 계기가 될 것이며, 그런 것을 앞당기는 계기가 되길 바란다“며 “조금 서로 양보해 나가자“고 당부했다.
노 대통령은 특히 “이제 역사는 힘과 대결의 시대에서 평화 공존의 시대로 나아가고 있다.
한반도에도 화해 협력의 역사가 시작되고 있다“면서 “우리 하기에 따라 동북아의 새롭ㄴ 통합의 질서를 만들고, 주도적 역할을 할 수 있을 것“이라고 강조했다.
“로무현 대통령이“북 언론 신속 보도 북한 <중앙통신>은 2일 김정일 국방위원장이 노무현 대통령을 영접한 소식을 2000년 정상회담에 비해 신속하게 전했다.
중앙통신은 이날 오후 3시 노 대통령의 평양 도착 소식을 전하면서 “북남 수뇌(정상)분들의 상봉은 역사적인 6.15 북남 공동 선언과 우리 민족끼리 정신에 기초해 북남 관계를 보다 높은 단계로 확대 발전시켜 조선 반도의 평화와 민족 공동의 번영, 조국 통일의 새롭ㄴ 국면을 열어 나가는 데서 중대한 의의를 가지게 된다“고 강조했다.
중앙통신은 노 대통령에 대해 '로무현 대통령'이라고 호칭했다.
김정일 위원장과 함께 김영일 내각 총리, 김일철 인민 무력부장, 최태복 최고인민회의 의장, 양형섭 최고인민회의 상임 위원회 부위원장, 김기남 당 비서, 강석주 외무성 제1 부상, 김영대 조선사회민주당 중앙 위원장 등 당, 무력 기관, 정권 기관, 근로 단체, 중앙 기관 책임 일꾼들이 4.25문화회관 광장에 나왔다고 전했다.
북한 언론 매체들은 노 대통령이 이날 오전 9시 5분께 군사 분계선(MDL)을 걸어서 넘고, 공식 환영 행사가 열린 4.15문화 회관에 도착해 김정일 국방위원장과 만나기 전까지는 보도를 내보내지 않았다.
북한 라디오 방송인 <중앙방송> <평양방송>, 해외로 타전되는 <중앙통신>은 이날 평상시와 다를 바 없이 경제 소식이나 일부 국외 소식 등 일상적인 보도를 했다.
북한이 이날 오후 3시에 정상회담 소식을 첫 보도한 것은 2000년 남북정상회담 때 오후 5시에 보도한 것 보다 2시간 정도 빠른 것이다.
북한은 2000년 6월 남북 정상회담 당시에도 김대중 대통령의 평양 순안공항 도착과 김정일 국방위원장의 영접 소식을 중앙방송과 평양방송은 오후 5시에, 중앙텔레비전은 오후 7시에 첫 보도했다.
긴장 박수 취재 열기 '후끈 내외신 기자 1200여 명 실시간 전송 독일 의사 '북한 비판' 한때 소란 '2007 남북 정상회담' 보도를 위해 서울 소공동 롯데호텔에 설치된 프레스 센터는 2일 내외신 기자들로 북새통을 이뤘다.
지상파 방송 3사는 2일 남북 정상회담 생중계 보도를 위해 특보 체제에 들어갔다.
방송사들은 이날 새벽 5시부터 중계 카메라를 설치하고 정상회담 상황을 실시간으로 보도했다.
이날 오전까지 프레스 센터에 등록된 내외신 기자는 국내 141개 매체 910여 명, <시엔엔>(CNN) 등 82개 외신 350여 명으로 모두 1260여 명이다.
500석 규모의 프레스 센터에선 빈자리를 찾기 어려웠다.
취재진은 프레스 센터 앞쪽 양편에 설치된 대형 스크린 2대를 통해 김정일 국방위원장이 노무현 대통령을 영접 나온 장면 등을 지켜 보며 기사를 타전했다.
노 대통령이 군사 분계선을 넘는 때, 김 위원장이 4.25문화회관 광장에 모습을 드러낸 순간, 두 정상이 악수를 하는 장면에서는 술렁거림 또는 박수가 터져 나 왔다.
2000년 첫 남북 정상회담 때는 평양에서 공동 취재단이 보내는 기사를 복사해 돌렸지만, 이번에는 인터넷 홈페이지에 띄우는 것으로 바뀌었다.
평양 공동 취재단 숙손 고려호텔 3층 프레스 센터에서는 2000년과 달리 위성 방송 안테나 등이 설치돼, 노 대통령이 군사 분계선을 넘는 모습 등 남쪽 방송을 실시간으로 보면서 평양 상황을 전달했다.
방송사 생중계는 2000년 남북 정상회담 때와 달리 육로로 평양을 방문해 이동 과정 생중계가 한결 복잡했다.
도보로 이동하는 등 작은 이벤트가 많아 퍼레이드를 따라 가는 촬영이 많았다.
이동 과정을 차례로 생중계하려고 합동 중계차 약 15대와 헬기 2대를 동원했다.
청와대, 자유로, 통일대교, 도라산, 통문 등 거점마다 중계차를 설치해 방북단이 지나는 순간을 전파로 쐈다.
오전 9시께 노무현 대통령이 걸어서 군사 분계선을 넘어선 뒤에는 생중계를 끊어야 했다.
낮 12시 2분 두 정상이 만나는 순간은 다시 생중계가 가능했다.
그러나 환영 장소가 갑자기 바뀌면서 생중계 카메라가 가까이 접근하지 못하아 두 정상의 모습은 작게 담겼다.
게다가 두 정상이 손을 맞잡는 순간 김정일 국방위원장은 뒷모습만 잡혔다.
3사 공동 화면으로 나갔는데 개별 취재로 두 정상의 클로즈업된 화면이 12시 30분께 중계됐다.
윤명진 한국방송 보도 본부 기술 팀장은 “생중계는 한국방송 중계차가 무궁화 위성을 통해 송출하고, 공동 기자단이 이엔지 카메라로 찍어 만드는 리포튼 영상 취재물은 조선중앙방송을 통해 국제 위성으로 보내는 것“이라며 “중앙방송에서 검열할 수도 있고, 평양 현지 사정에 따라 지연될 수 있다“고 했다.
북쪽에는 합동 중계차 2대를 배치해 평양과 개성에 각각 설치했다.
한편, 이날 서울 프레스 센터에서는 북한의 인권 개선을 촉구하는 1인 시위가 벌어지기도 했다.
오후 1시 북한 인권 활동간 독일인 의사 노르베르트 폴러첸이 무단 진입해 약 10분 정도 소란이 벌어졌다.
그는 '탈북자의 실상'등의 자료를 들고 북한 어린이들의 기아, 공개 처형, 탈북자 문제 등을 비판했다.
전 세계 눈길 한반도로 환영 속 관심사 엇갈려 주요국 외신 반응 미 “6자 회담 내용 안 바뀔 것“신중 일, 납치 문제 진전 '기대' 중 CCtv, 분계선 넘는 장면 생중계 러 TV “평화 분위기 조성“세계의 눈이 한반도로 쏠렸다.
미국과 중국, 일본 등 각국은 노무현 대통령의 방북에 깊은 관심을 보였다.
미국은 남북 정상회담이 북한의 비핵화에 미칠 영향에 촉각을 곤두세웠다.
반면 일본은 북한의 일본인 납치 문제가 다뤄지길 기대했다.
미일 정부의 반응 미국 백악관은 2일(현지 시각) 노무현 대통령과 북한 김정일 국방위원장의 남북 정상회담을 지지하며 북한이 핵무기 프로그램을 폐기하는 데 진전을 이루기를 희망한다고 밝혔다.
데이너 페리노 백악관 대변인은 이날 정례 브리핑에서 미국은 언제나 남북 간 대화를 지지해 왔다며 “우리는 이번 정상회담에서 도출될 결과를 지켜 볼 것“이라고 밝혔다.
그는 특히 “이번 회담이 평화와 안전에 기여하게 될 것으로 생각한다“며 “궁극적으로 한반도의 비핵화로 진전될 필요가 있다“는 점을 강조했다.
일본 정부는 한반도 비핵화와 납치 문제가 진전되는 계기가 되기를 기대한다고 밝혔다.
정부 대변인 마치무라 노부타카 관방 장관은 2일 기자 회견에서 “동북아시아의 긴장 완화라는 의미에서도 남북회담에 성과가 있기를 기대한다“며 “납치 문제에 대해서도 노 대통령이 적극적으로 언급하겠다는 말씀이 있었으므로 이 점에 대해서도 일본 정부로서는 기대하는 바“라고 말했다.
그러나 집권 여당인 자민당의 이부키 분메이 간사장은 이날 기자 회견에서 “한국이 납치 문제에 대해 확실하게 주장하길 바란다“고 주문하고 “어떤 것을 주고 받는지 외교상의 대차 대조 표를 한국 국민들도 바라보고 있다“고 냉소적 반응을 보였다.
중국은 1일부터 국경절 연휴가 시작된 탓인지 공식 반응이 나오지 않았다.
외신 보도 미국 <시엔엔>은 “사흘 간의 정상회담이 불가사의하고 권위주의적인 김정일 위원장이 2000년 남북 정상회담 이래 처음으로 광범위하게 모습을 드러내는 계기가 될 것“이라며 “이번 회담이 북한이 로드맵에 대한 답을 내놓게 되는 비핵화 협상 시점에 이루어졌다“고 평가했다.
<워싱턴포스트>는 “레임덕 노 대통령이 지난해 핵 실험을 하고 올해엔 간헐적으로 평화의 신호를 보내는 예측할 수 없는 북한 지도자 김정일과 정상회담을 위해 북한에 갔다“고 보도했다.
신문은 “한국의 대통령 선거를 두 달 앞둔 시점 때문에 정상회담의 동기에 대해 남한과 미국의 보수파들로 냉소적 반응을 받고 있다“고 전했다.
보수적인 <월스트리트저널>은 “1년 전 국제 사회에 맞서 핵 실험을 경고했지만, 지금은 (2005년 후진타오 중국 주석의 방북 이래) 2년 만에 외국 지도자를 영접하면서 좀 더 우호적인 모습을 보여 주려 하고 있다“며 “정상회담을 통해 북한 지도자의 의도가 드러나게 될 것“이라고 보도했다.
관영 <신화통신>이 서울과 평양발 속보로 전하는 등 중국 언론도 깊은 관심을 보였다.
<신화통신>은 '제2차 남북 정상회담'이란 제목의 '초점란'을 만들어 2000년 제1차 정상회담 이후 남북 관계 발전을 보여 주는 각종 자료까지 소개했다.
<중앙텔레비전>(CCtv)도 노 대통령이 걸어서 군사 분계선을 넘는 장면을 생중계했다.
낮 12시에 방영하는 '뉴스 30'에선 국제 관련 8개 뉴스 가운데 4개를 남북 정상회담 관련 기사와 해설로 채웠다.
일본 신문들은 석간에 김정일 국방위원장이 노무현 대통령을 마중 나온 사진과 함께 1면 머리 기사로 크게 보도했다.
<엔에이치케이>(NHK)와 민방 <티비에스>(TBS)는 남북 정상이 만나는 장면을 생중계했다.
러시아 국영 텔레비전 <채널1>은 이날 오전 뉴스를 통해 “한국의 대통령이 북한의 지도자를 만나기 위해 걸어서 군사 분계선을 통과했고, 이는 남북 평화 분위기 조성을 위한 직접적인 의미를 가진다“고 보도했다.
고화질 TV로 회담 생중계 '순간 포착' 위해 헬기까지 지상파 방송 3사는 2일 남북정상회담 생중계 보도를 위해 특보 체제에 들어갔다.
2000년 1차 남북정상회담 때와 달리 달리 이번에는 육로로 평양을 방문해, 이동 과정 생중계가 한결 복잡했다.
동선이 길며 처음으로 에이치디(고화질 티브이)를 동원한 점도 특징으로 꼽힌다.
도보로 이동하는 등 작은 이벤트가 많아 퍼레이드를 따라 가는 촬영이 많았다.
남쪽에선 이동 과정을 차례로 생중계하기 위해 합동 중계차 15대와 헬기 2대를 동원했다.
청와대, 광화문, 강변북로, 자유로, 통일대교, 도라산, 통문 등 거점마다 중계차를 설치해 방북단이 지나는 순간을 전파로 쐈다.
2000년에는 카메라가 아날로그였는데 이번엔 처음으로 에이치디가 동원됐다.
에이치디는 아날로그보다 필요 인력이 적어 인원은 줄었다.
양재철 문화 방송 보도국 부장은 “문화 방송은 2000년에는 인력이 120~130명 정도 동원됐는데 한 차례 경험 덕분에 지금은 많이 줄었다.
인력이 줄어 들ㄴ 대신 장비가 현대화돼 효율적으로 일할 수 있다“고 7년 전과 비교했다.
한국방송은 피디 1명, 엔지니어 1명, 카메라 2명, 운전 1명, 스태프 4명 등 총 9명이 현지에 갔다.
오전 9시께 노무현 대통령이 걸어서 군사 분계선을 넘어선 뒤에는 생중계를 끊어야 했다.
다음으로 생중계된 장면은 낮 12시께 두 정상이 만나는 순간.
그러나 환영 장소가 갑자기 바뀌면서 생중계 카메라가 가까이 접근하지 못하아 두 정상의 모습은 작게 담겼다.
게다가 두 정상이 손을 맞잡는 순간 김정일 국방위원장은 뒷모습만 잡혔다.
3사 공동 화면으로 나갔는데 개별 취재로 두 정상의 클로즈업된 화면이 12시 30분께 중계됐다.
북쪽에는 합동 중계차 2대를 배치해 평양과 개성에 각각 설치했다.
윤명진 한국방송 보도 본부 기술 팀장은 “북한에서 송출되는 콘텐츠는 크게 2개다.
생중계는 한국방송 중계차가 무궁화 위성을 통해 하고, 공동 기자단이 이엔지 카메라로 찍어 만드는 리포튼 영상 취재물은 조선중앙방송을 통해 인텔셋 국제 위성으로 보내는 것“이라며 “중앙방송에서 검열할 수도 있고, 평양 현지 사정에 따라 이동해서 보내는 것이라 지연될 수 있다“고 했다.
이종학 <한국방송> 보도 총괄 팀장은 “3일 밤 열리는 만찬과 4일 노 대통령의 개성 공단 방문도 생중계할 수 있도록 북쪽에 제안한 상태“라며 “중요한 장면은 가급적 생중계로 전달할 수 있도록 노력하겠다“고 말했다.
정치권 대부분 “환영“한나라만 홀로 “경계“남북 정상회담을 위한 노무현 대통령의 평양 방문 첫날인 2일 정치권은 전반적으로 평화 정착의 계기를 염원하며 환영 입장을 밝혔다.
그러나 한나라당은 정상회담의 대선 정국 이용을 우려하는 경계를 늦추지 않았다.
한나라당은 이날 노 대통령의 평양 방문과 관련해 “평화 정착과 남북 교류에 도움이 되기를 바란다“면서도 “헌법 테두리 안에서 모든 협상이 이루어져야 한다“고 강조했다.
이명박 대선 후보는 이날 오후 안양 노인 복지 센터에서 기자들과 만나, “(남북 정상회담이) 아주 성공적으로 됐으면 좋겠다.
평화에도 기여하고 남북 화해에도 도움이 됐으면 한다“고 밝혔다.
그러나 이날 오전 국회에서 열린 한나라당 원내 대책 회의에서 안상수 원내 대표는 “(정상회담의 합의 내용이) 헌법을 위반해선 안되고, 국민적 동의가 필요하다는 두 가지 원칙은 지켜야 한다“고 말했다.
그는 서해 엔엘엘(NLL 북방 한계선) 연방제 국민에 지나친 부담을 주는 약속 대한민국 정체성 부정 등을 정상회담에서 양보해선 안될 사안들로 거론했다.
심재철 원내 수석 부대표는 이번 정상회담에 대해 “무엇을 얘기할지 모르는 희한한 회담이다.
핵이 빠진 군축 이야기가 나올 것 같다“며 “평화 모드로 대선판을 흔들려는 기도 아래 작업하는 것 같은데, 이에 대해선 철저히 대응하겠다“고 말했다.
박형준 대변인은 현안 브리핑에서 “노 대통령이 인사말에서 '금기를 두지 않을 것'이라고 얘기한 것은 우려를 낳고 있다“며 “노 대통령이 대한민국이 감당할 수 없거나 국제 사회와의 공조 틀을 흔드는 무리수를 두지 않길 바란다“고 선을 그었다.
그는 또 “제1차 남북 정상회담이 ‘뜨거운 가슴'으로 일관했다면 제2차 남북 정상회담은 '냉철한 머리'를 통한 실사구시적 접근이 필요하다“고 덧붙였다.
한나라당이 정상회담에 대한 '경계'에 치중한 반면, 다른 정당들은 일단 '환영'에 무게 중심을 뒀다.
이낙연 대통합민주신당 대변인은 한나라당 비판을 겨냥한 듯 “정상회담을 대선에 이용해서도 안되지만 대선 때문에 정상회담에 흠집을 내거나 회담의 성공을 방해해서도 안된다“며 “한나라당도 국민과 함께 정상회담 성공을 돕는 것이 당연하다“고 말했다.
유종필 민주당 대변인은 “7 천만 민족의 염원을 받들어 한반도 평화 정착에 큰 전기를 마련하기 바란다“고 말했고, 김형탁 민주노동당 대변인은 “정세와 상관 없이 한반도의 영구적 평화 체제를 위해 정상회담을 진심으로 축하하고 환영한다“고 말했다.
범여권 장외 주잔 문국현 예비 후보는 남북 정상회담 정례화 합의 한반도 비핵화 구체적 군축 규모 논의 환동해 환황해 경제 벨트 구축 초석 마련 등 다소 구체적인 주문을 하기도 했다.
최근접 경호는 청와대 팀 외곽은 북한 팀 노 대통령 경호 어떻게 2일 노무현 대통령과 김정일 국방위원장이 평양 4.25문화회관 광장에서 만나 손을 맞잡는 순간, 남과 북의 배지를 달ㄴ 경호원들이 두 정상의 움직임을 따라 민첩하게 움직였다.
그 엄중한 순간에 양쪽 경호원들은 마치 오래된 파트너나 된 것처럼 호흡을 맞춰 빈틈 없는 경호를 펼쳤다.
노 대통령의 2박 3일 방북 기간 동안 남과 북은 경호를 함께 맡는다.
노 대통령의 최근접 경호는 청와대에서 맡지만, 북한 호위 총국을 비롯한 군 공안 정보 기관이 2차 경호를 책임 진다.
정상회담 때 경호는 초청국이 책임지는 것이 국제 관례다.
그러나 북한은 노 대통령에 대한 철통 경호를 보장하는 차원에서 남쪽이 근접 경호를 할 수 있도록 배려했다.
노 대통령이 김영남 최고인민회의 상임 위원장과 무개차를 타고 평양 시내를 이동하는 동안 남쪽 수행단과 경호원은 별도 차량에 올라 경호를 펼쳤다.
노 대통령이 차에서 내려 이동하는 동안에는 주변 남쪽 경호원들의 모습이 쉽게 눈에 띄었다.
북한은 노 대통령이 군사 분계선을 넘는 순간부터 모든 길목에 인민 무력부 병력을 배치해 일반인의 통행을 제한했다.
이를 위해 정상회담 상무조(태스크포스)의 지휘 아래 황해 남북 도에 주둔하는 군 부대 산하 보위부, 이 지역의 국가안전보위국, 인민보안국 관계자들을 모두 동원해 주변 일대를 수색했을 것으로 관측된다.
연도 환영 행사에 참석한 시민들에 대한 조사 작업도 철저히 한 것으로 보인다.
북한은 김정일 위원장이 참석하는 '1호 행사'를 대비해, 며칠 전부터 참석자 명단을 확정하고 행사 당일 4~5시간 전에 2회 이상 개개인에 대한 공민등록증(주민등록증) 대조를 거쳐 행사장에 들어가게 한다.
행사가 끝날 때까지는 어떤 이유에서든 이동이 금지된다.
일단 행사장에 들어간 뒤에는 물이나 음식물을 먹을 수 없는 것은 물론 화장실에도 다녀올 수 없다.
리본 2 만 개에 '통일 염원' 담아 “잘 다녀오셔요“오색 풍선 들ㄴ 시민 600여 명 통일대교 남단서 '환송식' 일부 보수 단체 인공기 찢으며 “정략적 추진 반대 시위 2일 오전 8시 45분 경기도 파주시 임진각 건너편에 있는 통일대교 남단.
하늘은 잔뜩 찌푸렸지만 통일대교에 모인 민주평화통일자문회의 소속 회원과 일반 시민 등 600여 명의 표정은 활짝 폈다.
통일대교를 지나 '금단의 선'인 군사 분계선을 처음으로 넘어 남북 정상이 7년 만에 만나는 자리로, 통일에 한 발짝 다가서고 있기 때문이다.
노무현 대통령은 오전 8시 청와대를 나와 시청 서소문 마포 강변북로 자유로를 달려 45분 만에 통일대교에 도착했다.
통일대교 양쪽 난간에는 '후손에게 가장 소중한 선물은 통일된 조국입니다', '나중에 대학 가면 백두산으로 엠티 가자', '대통령 아저씨 나도 북한 데리고 가 주셔요' 등 약 2 만 개 가량의 '통일 염원' 리본이 주렁주렁 달려 있었다.
김정일 국방위원장과 노 대통령의 사진을 넣은 가로 7m, 세로 1m 현수막도 남북정상회담 분위기를 달궜다.
통일대교에 도착한 노 대통령과 권양숙씨가 차에서 내려 환송하는 시민들에게 손을 흔들고 시민들은 “잘 다녀오셔요“라며 오색 풍선과 바람개비를 흔들어 화답했다.
북으로 넘어 가는 대통령을 한 없이 부럽ㄴ 시선으로 쳐다보는 이도 있었다.
경기도 고양시에서 온 이용복(79)씨는 “고향이 평양인데, 1951년에 형, 아버지와 남한으로 내려온 뒤 아직 한 번도 북에 가 본 적이 없다“며 “어머니 묘가 그곳에 있어 죽기 전에 꼭 가고 싶다“고 말했다.
이씨는 “너무 감격스럽고, 이번에 꼭 좋은 성과가 있어 남과 북이 자유롭게 오고 갈 수 있으면 소원이 없겠다“고 했다.
어느새 그는 호주머니 속 손수건을 꺼내 눈을 닦고 있었다.
파주시에서 온 김순복(54)씨도 “돌아가시기는 했지만 친정 어머니 고향이 황해도“라며 “대통령처럼 통일대교를 통해 꼭 북에 가고 싶다“고 말했다.
환송에 나온 시민들은 노 대통령이 떠난 뒤에도 한동안 그 자리에 남아 꽹과리와 북을 치며 성공적인 회담을 기원했다.
앞서 오전 8시께 군사 분계선으로 향하는 노 대통령을 환영하기 위해 광화문역 부근에서도 평화통일협의회 등 단체 소속 회원 100여 명이 '남북정상회담을 환영 합니다'이라는 현수막과 풍선을 들고 환송했다.
'비무장 지대에 공장을, 북한 동포는 출퇴근을'이라고 써 놓은 스케치북을 들고 청와대 앞 분수대까지 나와 노 대통령을 환송한 송기성(66)씨는 “국가 경쟁력을 강화하는 방법은 남북 화해와 통일 뿐“라고 말했다.
한편, 선진화국민회의 등 보수 단체 소속 30여 명은 이날 오전 노 대통령의 차량 행렬 통과에 맞춰 서울 종로구 정부 중앙 청사 앞 사거리에 모여 “남북정상회담이 정권 차원에서 정략적으로 추진됐다“며 규탄하고, 준비했던 현수막을 찢어 던지려고 해 경찰과 충돌이 빚어지기도 했다.
라이트코리아 회원 10여 명도 이날 오후 임진각 자유의 다리에서 남북정상회담을 반대하며 인공기를 찢었다.
?
청와대 출발 3시간 45분 만에 평양 인민문화궁전 도착 서울서 평양까지 재구성 아침 7시 55분 전용차 탑승 9시 5분 분계선 넘어 개성 76km 지나 수곡 휴게소서 20여 분 간 정차 노무현 대통령은 2일 오전 5시에 깨어났다.
평소와 같은 시각이다.
아침 식사를 한 노 대통령 내외는 정상회담을 앞두고 새로 구입한 로만손 손목 시계를 찼다.
이 시계는 개성 공단에서 만들ㄴ 시계다.
남북 경협의 상징물을 직접 착용함로써 민족 공동 번영의 의지를 나타내려는 것이다.
청와대는 이 시계를 같은 것을 9개 더 준비했다.
김정일 위원장 등 북쪽 인사들에게 줄 선물이다.
오전 7시 37분 노 대통령은 청와대 본관에서 국무 위원 간담회를 했다.
한덕수 국무총리가 환송 인사 말씀을 하면서 대통령의 긴장을 풀어 주려고 “서울은 걱정 마시라“는 농담을 던졌다.
노 대통령과 국무 위원이 함께 웃었다.
이 자리에서 노 대통령은 “역사는 단번에 열 걸음을 나가기가 어렵다“며 “나는 이번에 한 걸음 나갈 수 있으면 좋겠다“고 말했다.
국무 위원 간담회를 마치고 청와대 본관 앞에서 출발 인사말을 한 뒤 오전 7시 55분께 태극기와 봉황 문양이 그려진 깃발이 달린 벤츠 에스600가드를 타고 청와대를 떠났다.
세종로와 강변북로, 자유로를 거쳐 통일대교에 도착했다.
노 대통령은 경의선 도로 남북출입사무소(CIQ)를 지나 청와대를 출발한 지 한 시간 만에 군사 분계선(MDL)에 도착했다.
노 대통령은 오전 9시 5분 분계선을 넘었다.
최승철 통전부 부부장 등의 영접을 받은 노 대통령 일행은 북쪽 남북출입사무소를 그대로 통과해 '교류 협력의 땅' 개성 공단 부근으로 진입했다.
한반도 기를 흔들며 환영하는 개성 공단 근로자들을 뒤로 한 채 노 대통령은 안암 굴 터널을 통과해 왕복 4차 선 160㎞에 이르는 평양 개성 고속도로를 북녘 산하를 보면서 내달렸다.
지난 여름 수해로 일부 파손됐던 개성 평양 고속도로는 말끔히 보수돼 있었다.
노 대통령 일행은 개성에서 76㎞를 더 달려 오전 10시 18분부터 황해북도 서흥군 수곡 휴게소에서 20여 분 동안 쉬면서 최승철 부부장 등과 환담을 했다.
노 대통령은 평양으로 오며 봤던 북쪽의 산과 숲에 대한 느낌을 말했다.
“어릴 때에는 이런 산, 고향 뒷산에서 뛰놀고 소도 몰고 들어갔었다.
그러나 지금은 고향 뒷산 같은 경우도 숲이 많이 울창해져서 하늘도 안 보이니 재미가 없다.
울창한 숲이라고 다 좋은 것은 아니다.
마을 가깝ㄴ 숲은 낮아야 하고, 큰 나무는 듬성듬성 있는 것이 좋다.
그래서 오면서 근린 생태 숲이란 개념을 메모하면서 왔다.“노 대통령은 농담조로 최승철 부부장에게 “(김정일 국방위원장뿐만 아니라) 나도 현장 지도 합니다“라고 말했다.
노 대통령 내외는 환담 뒤 옥류민예 전시관에 들러 호랑이 그림과 백두산 천지 그림을 골랐다.
그림은 서울로 돌아갈 때 수곡 휴게소에 들러 가져가기로 했다.
노 대통령은 상점에 들러 북쪽 음료수와 술 등을 보며 “남쪽에서도 북쪽의 술이 선물용으로 많이 쓰인다.
들쭉술은 나도 마셔 봤다“고 말했다.
수곡 휴게소를 떠나 평양까지 86㎞를 더 달린 노 대통령은 오전 11시 40분께 평양 인민문화궁전 앞에 도착했다.
청와대에서 평양까지 3시간 45분이 걸렸다.
회담 준비 몰두한 듯 공개 활동 5건뿐 김 위원장 최근 동향 정상회담을 앞두고 김정일 북한 국방위원장의 동향은 별로 알려진 것이 없다.
9월 이후 정상회담까지 북한 언론에 공개된 활동은 5건 뿐이다.
월초에 자강도 만포시와 성간 전천군을 방문하고 군인 가족 예술 소조 공연을 관람했다.
그 뒤에는 22일과 24일 북한 관영 <중앙통신>이 러시아 모이세예프 국립 아카데미 민속 무용단 공연 관람과 북한 군 제757 군 부대 축산 기지 시찰을 보도한 것이 전부다.
정상회담 합의가 발표된 8월 대규모 수해에도 불구하고 올 들어 가장 활발한 17회의 공개 활동을 한 것과 대조적이다.
함경 도 일대 중화학 공업 시설과 군 부대 등을 다녔다.
7월까지는 매달 2~7회 시찰에 나섰다.
김 위원장은 9월 들어 공개 활동을 줄이고 정상회담 준비에 몰두한 것으로 보인다.
특히 월초부터 22일 사이 모습을 드러내지 않은 18일 동안, 김양건 노동당 통일전선부장과 내각, 외무성, 호위 총국 실무자들로 구성된 '정상회담 상무조'의 보고를 받으며 의제와 의전 등을 집중 검토했을 가능성이 크다.
2일 노무현 대통령을 직접 영접 나온 것도 이런 치밀한 검토를 거쳐 결정했을 것이다.
지난 2000년 첫 남북 정상회담 때도 김 위원장은 공개 활동을 많이 하지 않았다.
개최 합의가 공식 발표된 4월엔 3 차례 공개 활동을 했고, 5월엔 중순께 열대 메기 공장과 평북 지역을 2 차례 둘러봤다.
다만 정상회담을 보름여 앞둔 5월 29~31일 중국을 비공식 방문해 북/중 우호 관계를 회복하면서 남북정상회담 개최 배경과 준비 상황 등을 중국에 설명했다.
두 정상 '아리랑' 함께 부를까 10 만 명 능라도 경기장 집체 공연 노 대통령 관람 때 동석할지 미지수 노무현 대통령은 '2007 남북정상회담' 이틀짼 3일 저녁 평양 능라도 5.1경기장에서 '대집단 체조와 예술 공연' <아리랑>을 관람할 예정이다.
북쪽의 체제 특성이 짙게 밴 이 공연을 두고 '체제 선전용'이라는 남쪽 사회 한편의 비판이 제기되기도 했다.
백종천 청와대 통일외교안보정책실장은 지난달 27일 북쪽의 아리랑 공연 관람 요청 수용 사실을 밝히며, “남북 관계 발전의 기본은 남북이 상호 인정하는 것“이라고 강조했다.
<아리랑> 공연은 연 인원 10 만 명이 2시간 동안 출연하는 '세계 최대 규모' 야외 공연이다.
15 만 명을 수용하는 평양 능라도 '5.1경기장'에서 펼쳐진다.
관중석 한편을 '배경대'이라는 이름의 카드 섹션이 장식하는 가운데 수만 명이 번갈아 등장하며 다채롭ㄴ '대집단 체조'를 선뵈는 종합 예술 공연이다.
북쪽은 “조선의 정서와 넋이 담긴 민요 아리랑을 주제로 민족의 운명사와 세태 풍속을 서사시적으로 표현한 것“이라고 설명하고 있다.
2002년 첫 공연 이후 지금껏 1 만여 명 가깝ㄴ 남쪽 참관단과 수만 명의 외국인이 관람하는 일종의 '대표 관광 상품'으로 자리잡아 가면서 공연의 정치 색도 점차 옅어지고 있다는 것이 중평이다.
지난 2005년 6월 평양에서 열린 제16차 장관급 회담 때 방북한 정동영 당시 통일부 장관이 이 공연을 봤다.
특히 2000년 10월 방북한 매들린 올브라이트 당시 미국 국무 장관은 김정일 국방위원장과 함께 5.1경기장에서 '백전백승 조선노동당'이라는 대집단 체조 공연을 관람한 바 있다.
이때 김 위원장은 '대포동 미사일' 발사 장면을 형상 화한 카드 섹션이 펼쳐지자, '이것이 첫 번째 위성 발사자 마지막이 될 것'이라고 올브라이트 장관한테 강조한 바 있다.
미국 쪽은 이를 '미사일 시험 발사 중단 시사'로 받아들였다.
이번에도 김 위원장이 노 대통령과 함께 <아리랑> 공연을 본다면, 상징성이 강한 발언을 할 가능성이 있다.
그러나 전문가들은 “노 대통령의 아리랑 공연 관람은 이미 공개된 일정이라 김 위원장이 동석할 가능성이 높다고 할 수 없다“고 지적했다.
환영 행사 1시간 전에야 '영접' 통보 직접 영접 나오기까지 “김정일 국방위원장과 관련한 동정은 지금 확인해 줄 수 있는 것이 없다.
(노무현 대통령이 언제 김 위원장을 만날 수 있는지) 그런 예측도 지금 불가능하다. 김정섭 청와대 부대변인은 2일 오전 10시 30분 정상회담 브리핑에서 이렇게 말했다.
청와대와 정부 당국은 지난 8월 정상회담 발표 이후 김 위원장의 영접 가능성에 대해 줄곧 이렇게 설명해 왔다.
2000년 정상회담 때와 마찬가지로, 김 위원장의 동선은 노 대통령이 군사 분계선을 넘을 때까지도 확인되지 않았다.
오전 11시.
노 대통령 공식 환영 행사장이 애초 발표된 조국통일3대헌장기념탑에서 4.25문화회관으로 바뀌면서 분위기가 달라졌다.
김 국방위원장이 직접 영접 나올 것이란 얘기가 나돌기 시작했다.
김 위원장의 직접 영접은 환영 행사 시작 1시간 전에야 서울에 알려졌다.
애초 이날 오전 개성에서 평양으로 들어오는 조국통일3대헌장기념탑에서 김영남 최고인민회의 상임 위원장이 노 대통령을 영접하고, 노 대통령 숙손 백화원 영빈관으로 김정일 국방위원장이 찾아오는 방식으로 두 정상이 만날 것으로 예상됐다.
이런 예상을 깨고 김정일 위원장은 7년 전 김대중 당시 대통령 방북 때처럼 직접 영접을 했다.
4.25문화회관 광장에서 열린 환영 행사는 차분한 분위기에서 진행됐지만, 김 위원장의 출현 자체를 파격으로 볼 수 있다.
통상적으로 외국 국가 원수가 북한을 방문하면 남쪽으로 치면 장관급이 공항 영접을 나가는 것이 관례다.
때문에 김 위원장의 직접 영접은 최고 수준의 예우다.
김 위원장이 직접 영접을 한 사례는 김대중 전 대통령, 블라디미르 푸틴 러시아 대통령, 중국의 장쩌민 전 국가 주석과 후진타오 국가 주석 정도다.
평양서도 서울처럼 '고속 인터넷' 씽씽~ 기자들 사진 기사 실시간 전송 이산가족 상봉 때 케이블 깔ㄴ 덕 2일 시작된 남북정상회담에 동행하는 남쪽 수행원들은 평양에서 서울에 있을 때처럼 인터넷을 빠른 속도로 이용한다.
평양 고려호텔에 마련된 프레스 센터의 개인용 컴퓨터(PC) 12대를 이용해 초당 4500 만 비트 속도로 인터넷을 검색하고, 남쪽 누리꾼들과 전자 우편을 주고 받을 수 있다.
기자들은 이를 이용해 사진과 기사를 실시간으로 보내고 있다.
남쪽 수행원들이 평양에서 초고속 인터넷을 이용할 수 있는 것은, 남북이 2005년 7월 이산가족 상봉용으로 구축한 광케이블 덕이다.
당시 남북은 양쪽 적십자사 사이에 데이터를 초당 1억 5500 만 비트 속도로 주고 받을 수 있는 성능의 광케이블을 구축했다.
이번 정상회담을 준비하면서 남북은 이 가운데 초당 4500 만 비트 속도를 낼 수 있는 대역을 이용해 평양에서도 빠른 속도로 남쪽의 인터넷을 이용할 수 있게 했다.
통신망 구성도를 보면, 북쪽은 평양 북한 적십자사까지 연결된 통신망을 평양 고려호텔 프레스 센터까지 확장해 피시 12대에 달았다.
남쪽은 케이티의 초고속 인터넷 통신망(코넷)과 연결했다.
남북 사이의 광케이블 구축과 운영을 맡고 있는 케이티는 “남북 적십자사 사이에 깔린 통신망이 전용선이라 일반 초고속 인터넷을 이용할 때보다 속도가 빠르다“고 설명했다.
평양 고려호텔 프레스 센터에서 케이티 초고속 인터넷에 접속할 수 있게 하는 통신망은 정상회담 기간 동안에만 임시로 개통한다.
하지만 남북 적십자사 사이에 구축된 광케이블을 이용하면 언제든지 이번처럼 평양과 남쪽의 인터넷을 연결하는 것이 가능하다.
케이티는 “이번 정상회담으로 남북 사이에 화해 분위기가 조성돼 기업들이 평양에 사무실을 여는 경우에도 이를 이용해 서울의 본사 통신망과 연결할 수 있다“고 밝혔다.
케이티 초고속 인터넷 통신망을 경유하는 방식이라 프레스 센터 피시에서 바로 북쪽 인터넷 사이트에 접속하는 것은 어렵다.
케이티가 정부의 명령을 받아 북쪽 사이트 접속을 차단하고 있기 때문이다.
한편 이번 남북정상회담 수행원들은 북쪽의 휴대 전화를 빌려 평양에서 이동 전화 통화를 하고 있다.
평소에 북쪽은 평양에 유럽 방식(GSM) 이동 전화 통신망을 깔아 서비스를 하고 있지만 국제 전화 기능이 막혀 있어 남쪽과 통화는 할 수 없다.
노 대통령 방북 선물 무엇?
'대장금' '친절한금자씨’ 등 디브이디 150편 김 위원장 이영애씨 열렬 팬 감안 로만손 시계도 건넬 듯 2차 남북 정상회담에서 남북 정상 간에 주고 받을 선물 내역에 대해서는 북쪽은 물론, 청와대도 구체적 언급을 피하고 있으나 몇 가지 선물은 이미 언론에 공개됐다.
먼저 영화 배우 이영애씨가 출연한 텔레비전 드라마 <대장금>과 영화?<친절한금자씨> 등 한국 영화 텔레비전 드라마 디브이디(DVD) 150편이 전달된다.
영화 드라마광인 김정일 국방위원장은 이영애씨의 팬으로 알려졌으며, <대장금> 디브이디에는 이씨가 친필 사인까지 한 것으로 알려졌다.
또 삼성 엘지 전자는 이번 정상회담 기간에 북쪽의 노 대통령 숙손 백화원 초대소, 수행원 숙손 보통강 호텔, 프레스 센터가 있는 고려호텔에서 사용하는 엘시디 티브이를 북쪽에 그대로 기증한다.
디브이디와 엘시디 티브이가 북쪽에 기증되는 데 대해 천호선 청와대 대변인은 “디브이디와 엘시디 티브이는 개인에게 선물로 주는 것이 아니라 백화원 영빈관, 인민대학습당, 서해 갑문, 중공업 전시관 등 공공 시설에 학습용이나 홍보용으로 기증하는 것“이라고 해명한 바 있다.
김정일 위원장에게 줘질 선물 가운데 가장 확실한 것은 '로만손 손목 시계'이다.
2일 오전 기자 회견 때 김정섭 청와대 부대변인은 “대통령 내외가 남북 경협의 상징인 개성 공단에서 생산된 '로만손 손목 시계'를 차고 떠났으며, 김정일 위원장에게 선물할 한 세트 등 모두 9세트를 준비했다“고 밝혔다.
이 로만손 시계의 공장도 가격은 6만 4 천 원, 소비자 가격은 19 만 8 천 원이다.
또 지난해 노 대통령의 추석 선물인 각종 차와 다기도 3일 평양 인민문화궁전에서 열리는 남한의 답례 만찬 때 북쪽 참석자들에게 선물된다.
청원 상수 허브 차, 전남 보성 녹차, 전북 하소 백련 차, 경남 하동 녹차, 충남 청양 구기자 차, 제주 한라산 오가피 잎 차, 강원 평창 타타리메밀 차, 경기 백련 잎 차, 경북 안동 국화 차 등이다.
정부가 이번 방북을 위해 북으로 보낸 화물은 모두 300여 명의 개인 짐과 회담을 위한 각종 장비 물품 선물 등 트럭 20대 분량 이상이다.
2000년 정상회담 때는 180여 명이 방북했고, 7대의 화물 트럭이 사용됐다.
2000년 1차 남북 정상회담 때 김대중 전 대통령은 진돗개 한 쌍을, 김 위원장은 풍산 개 한 쌍을 서로 선물한 바 있다.
“평화와 경제 함께“'서해 긴장 완화/해주 특구' 묶어 풀ㄹ 듯 노 대통령 메시지로 본 회담 전망 새롭ㄴ 제안보다 '실질 진전' 주력 비핵화 평화 체제 '선언적이_ㄴ' 합의 국방 회담 이산가족은 구체 보따리 노무현 대통령은 '2007년 남북정상회담' 첫날인 2일 여러 차례 공개 메시지를 내놓았다.
이번 정상회담에 임하는 자세와 접근 법, 기대 성과 등을 간결하면서도 분명하게 밝힌 것이다.
노 대통령은 우선 이날 아침 평양으로 떠나기 직전 청와대에서 발표한 '서울 출발 대국민 인사'에서 “우리를 둘러싼 상황에 대한 냉정한 판단을 토대“로 해서 “차분하고 실용적인 회담“이 되도록 하겠다고 말했다.
이와 함께 “2000년 정상회담이 남북 관계의 새 길을 열었다면, 이번 회담은 그 길에 가로놓여 있는 장애물을 치우고, 지체되고 있는 발걸음을 재촉하는 회담이 될 것“이라고 덧붙였다.
남북 관계의 ‘막힌 곳'을 뚫는 데 힘을 쏟는 등 '현실주의적 접근'을 하겠다는 뜻이다.
노 대통령은 특히 “무엇보다 평화 정착과 경제 발전을 함께 가져갈 수 있는, 실질적이고 구체적인 진전을 이루는 데 주력하고자 한다“는 말로 회담에서 기대하는 성과를 강조했다.
한마디로 '평화와 경제의 선순환 고리'를 마련하겠다는 것이다.
구체적으론, 해주 특구 등 '서해안 개발 구상과 서해상 평화 정착' 문제를 한데 묶어 큰 틀에서 푸는 방안을 염두에 둔 것으로 해석된다.
노 대통령은 김정일 국방위원장과 회담에서 특히 힘을 쏟아 논의할 핵심 관심 분야를 비핵화 문제와 한반도 평화 체제 경제 협력 군사적 신뢰 구축과 인도적 문제 등 세 묶음으로 나눠 정리했다.
노 대통령의 이런 언급은 8월 5일 발표한 남북 정상회담 개최 합의서(한반도 평화와 민족 공동의 번영, 조국 통일의 새롭ㄴ 국면)의 분류법과 다르다.
특히 '군사적 신뢰 구축' 문제를 '평화 문제'에서 따로 떼 내 강조한 점, '통일'에 대한 구체적 언급이 없다는 점 등이 눈에 띈다.
노 대통령은 '군사 분계선(MDL) 도보 통과 대국민 메시지'와 '평양 도착 성명'에서도 “평화와 번영의 길“, “평화의 새 역사“를 강조했을 뿐 '통일'을 입에 담지 않았다.
김 위원장이 어떻게 반응할지가 궁금한 대목이다.
노 대통령이 서울을 떠나며 밝힌 '3 대 주요 관심 분야'는 강조 점과 기대 수준이 조금씩 다르다.
우선 '비핵화 및 한반도 평화 체제' 문제는 “남북의 합의만으로 해결될 수 있는 일이 아니다“라며 “기본 방향을 설정하고 속도를 내는 데 남북의 의지가 무엇보다 중요하다“고 지적했다.
현실적으로 '원칙적이고 선언적인 합의' 수준을 넘어서기 어렵ㄹ 것이라는 인식이다.
경협은 “남북 간 인식의 차이를 극복하는 데 노력을 집중할 것“이라고 강조했다.
김 위원장과 공동 인식의 폭을 넓힐 수 있도록 '충분한 토론'을 하겠다는 뜻으로 보인다.
특히 주목할 대목은 '군사적 신뢰 구축과 인도적 문제'이다.
노 대통령은 “구체적인 합의가 이루어질 수 있도록 최대한 노력하겠다“고 밝혔다.
국방장관 회담 개최와 이산가족 문제의 진전 등에 힘쓸 것이고, '손에 잡히는 결과물'을 내 놓을 수 있을 것이라는 기대가 담겨 있다.
흰머리 늘고 표정 무덤덤 7년 전보다 활력 잃어 2일 평양 4.25문화회관 광장에서 열린 노무현 대통령 공식 환영 행사에서 김정일 국방위원장이 인민군 의장대의 사열을 받으며 걷어 가고 있다.
왼쪽은 지난 2000년 6월 평양 순안공항으로 김대중 당시 대통령을 마중 나온 김 위원장.
노 대통령과 의례적 악수 웃음 안 보여 북 인사 소개 박수 땐 여전히 거침없어 '중병설' 일축했지만 노쇠한 느낌 남겨 김 위원장 달라진 모습 김정일 국방위원장은 좀 피로해 보였고 무표정했다.
2일 낮 4.25문화회관 광장에서 노무현 대통령을 직접 영접하는 그의 짧게 깎은 머리엔 군데군데 백발이 서렸다.
특히 옆 머리 쪽에 흰 색이 짙었다.
머리 윗 부분도 숱이 많이 줄었다.
무엇보다 얼굴에 주름이 완연했다.
눈 밑의 처진 살은 금테 안경으로도 가려지지 않았다.
입꼬리에도 굵은 팔자 주름이 선명했다.
2000년 처음으로 남쪽 언론에 모습을 드러낸 뒤 7년여, 전반적으로 세월의 더께가 많이 쌓인 듯했다.
표정도 많이 굳었다.
노무현 대통령을 만나 악수를 하면서도 웃음을 보이지 않았다.
대통령 부인 권양숙씨, 수행원들과 악수를 하면서 잠깐씩 옅은 미소를 짓었을 뿐 내내 무표정했다.
2000년 김대중 당시 대통령과 악수를 건네며 환하게 웃던 것과는 많이 달라진 모습이었다.
악수 태도도 딱딱했다.
김 전 대통령과는 두 손을 맞잡고 흔드는 등 열정적이었다.
이번엔 한 손으로 서너 차례만 흔들었다.
의례적이라는 느낌을 줬다.
그래도 걷는 모양이나 서 있는 자세엔 여전히 거침이 없었다.
붉은 카펫 위에서 두 다리를 어깨보다 약간 넓게 벌리고 선 채 노 대통령을 기다리는 그의 뒷모습이 방송 카메라에 포착되기도 했다.
의장대를 사열할 때는 가슴과 배를 앞으로 내밀고는 팔도 앞 뒤로 활달하게 움직였다.
영접 나온 북쪽 인사를 소개할 때도 오른팔을 쭉쭉 뻗으며 하나 하나 가리켰다.
평양 시민들의 환호에도 두 손바닥을 아래 위로 마주치며 힘찬 박수로 답했다.
가끔씩 팔을 위로 뻗어 손을 흔들기도 했다.
북한 헌법상 국가 수반이자 열 살 넘게 연장인 김영남 최고인민회의 상임 위원장과 악수를 할 때도 권위를 드러냈다.
김영남 상임 위원장이 약간 머리까지 숙이며 두 손을 내밀ㄴ 반면, 김 위원장은 한 손으로 가볍게 악수를 받았다.
김 위원장은 2000년 정상회담 때와 같이 황색 인민복 차림이었다.
평소 군 부대 방문 등 공개 활동에서도 자주 입는 옷이다.
키 160~165로 추정되는 단구의 김 위원장은 평소 키높이 구두를 애용하는 것으로 알려졌다.
2000년엔 172인 김 대통령과 나란히 섰을 때 큰 차이가 없었다.
이날도 168인 노 대통령과 거의 키 차이를 보이지 않았다.
김 위원장이 이날 다소 딱딱한 태도를 보인 것은 김 전 대통령과 달리 노 대통령이 자신보다 네 살 손 아래라는 점을 의식한 것이 아니냐는 지적도 있다.
김 위원장은 노구를 이끌고 평양을 찾은 김 전 대통령에게 “공산주의자도 예의가 있다“며 깎듯이 예우했다.
건강이 예전만 못한 때문이 아니냐는 관측도 나온다.
지난 7 월초 평양을 방문한 양제츠 중국 외교부장을 만났을 때보다도 더 쇠약한 느낌을 주고 있기 때문이다.
복부 비만도 여전해 보였다.
그동안 김 위원장을 두고는 갖가지 건강 악화설이 제기돼 왔다.
지난 5월 독일 의료진으로부터 심장 관련 시술을 받았다는 일부 보도도 나왔고, 관절염이 심해져 걷기가 불편하다는 관측도 있었다.
이날 등장으로 적어도 중병설은 사실이 아님를 김 위원장 스스로 보여 준 셈이다.
그러나 7년 전보다 한결 노쇠했다는 인상 또한 남겼다.
환영 장소 통일 탑 인민 궁전 4.25 광장 변경 왜 4.25문화회관으로 바꿨나 북 2시간 전 “김정일 위원장 영접 나온다“통보 “김정일 국방위원장과 관련한 동정은 지금 확인해 줄 수 있는 것이 없다.
(언제 김 위원장을 만날 수 있는지) 그런 예측도 지금 불가능하다.“김정섭 청와대 부대변인은 2일 오전 10시 정상회담 브리핑에서 이렇게 말했다.
정부 당국은 지난 8월 정상회담 발표 이후 김 위원장의 영접 가능성에 대해 줄곧 이렇게 설명해 왔다.
오전 10시 20분.
하루 앞서 방북해 조국 통일 3대헌장기념탑으로 이동하려던 남쪽 공동 취재단에게 환영 장소가 인민문화궁전으로 바뀌었다는 소식이 전달됐다.
5분 뒤 환영식장은 4.25문화회관 앞 광장으로 다시 한 번 바뀌었다.
불과 몇 십 분 만에 환영식 장소가 두 차례나 바뀌면서 긴박감이 감돌기 시작했다.
김 위원장이 직접 영접을 나올 것이란 얘기가 나돌기 시작했지만, 북한은 사실을 확인해 주지 않았다.
'김 위원장 영접' 소식은 환영 행사 시작 1시간 전에서야 서울 프레스 센터에 전해졌다.
청와대 관계자는 “북쪽이 오전 10시 조금 넘어 '김정일 위원장이 4.25문화회관 앞 광장에 영접하러 나온다'고 공식 통보해 와, 평양으로 향하던 노 대통령에게 이 사실을 보고했다“고 말했다.
북한이 공식 환영식 장소를 4.25문화회관 (옛 2.8문화 회관)으로 바꾼 것은 김 위원장의 영접을 염두에 둔 조처로 보인다.
4.25문화회관은 군이 관리 운영하므로 보안 유지나 경호에 편리하다.
개선문 등 평양의 중심을 돌며 백화원 영빈관까지 가는 국빈 환영 퍼레이드 노선의 출발점이란 점도 고려했을 것으로 보인다.
김 위원장의 동선 노출을 막기 위해 3대헌장기념탑을 환영식 장소라고 발표해 그쪽으로 관심을 돌린 뒤, 내부적으로는 4.25문화회관 앞에서 환영 행사 준비를 했다는 관측도 나온다.
환영식이 열린 4.25문화회관은 북한 최대 공연 시설이다.
석조로 건축된 건물 안에는 6000석 규모의 대극장, 1100석 규모의 소극장, 600석 규모의 영화관 등이 있다.
김정일 국방위원장의 생일인 2월 16일, 북한 정권 수립 일 9월 9일 등 주요 기념일 보고 대회가 열리는 장소기도 하다.
외국 정상들이 평양을 방문하면 순안공항에서 공식 환영 행사를 한 뒤, 평양 시내에서 또다시 환영 행사를 할 때도 쓰인다.
이 건물 이름 가운데 '4 25'는 북한 군 창건일에서 따 왔다.
1978년부터 고 김일성 주석이 항일 유격대를 만들었다는 조선인민혁명군 창립일(1932년 4월 25일)을 창군 기념일로 변경하면서 건물 이름도 바뀌었다.
두 정상 차분한 첫 만남'실용적 평화 논의' 예고 김 위원장, 노 대통령 직접 영접 깜짝 환영 재연 5분 전부터 기다려 12분 짧은 만남 뒤 각각 전용차로 떠나 2일 낮 12시 2분께.
손을 맞잡은 남북 정상은 “반갑습니다”라는 짧은 인삿말만 나눴다.
포옹은 없었다.
2000년 6월 13일 평양 순안공항에서 만난 김대중 당시 대통령과 김 위원장도 포옹을 하지 않은 채 악수만 했다.
두 정상은 이틀 뒤 남북 공동 선언을 빚어 낸 뒤에야 뜨겁게 끌어안았다.
노 대통령과 김 위원장의 포옹 또한 이번 정상회담의 성과에 달렸는지 모른다.
노 대통령을 맞이하는 김 위원장의 모습은 차분한 편이었다.
김 위원장의 표정은 2000년 때처럼 환하지 않았다.
오히려 조금 딱딱한 느낌마저 줬다.
환영 행사가 끝난 뒤 노 대통령과 김 위원장은 각각의 전용차에 몸을 싣었다.
2000년 정상회담 때 두 정상이 같은 차에 동승해 '밀담' 추측을 낳았던 것과는 다르다.
김 위원장의 노 대통령 응대는 '격식은 차리되, 친밀함는 억제'한 것으로 비친다.
노 대통령과 마찬가지로 이번 정상회담에서 '의전'보다는 '실질적 논의'에 무게를 둔 것 아니냐는 관측을 낳게 한다.
노 대통령은 이날 평양 출발에 앞서 '대국민 인사'에서 “2000년 정상회담이 남북 관계의 새 길을 열었다면 이번 회담은 그 길에 가로놓여 있는 장애물을 치우고 지체되고 있는 발걸음을 재촉하는 회담이 될 것“이라고 강조했다.
정부 당국자도 “이번 회담이 실용적이고 실무적으로 진행될 것으로 보인다“고 해석했다.
이날 김 위원장은 노 대통령과 만나기 5분 전인 오전 11시 57분, 평양시 모란봉 구역 4.25문화회관 광장에 먼저 모습을 드러냈다.
수천 명의 인파가 문화 회관 계단을 중심으로 모인 가운데 넉 대의 벤츠 차량이 잇따라 들어왔고, 이 가운데 두 번째 차량에서 황색 인민복 차림의 김 위원장이 모습을 드러냈다.
김 위원장은 노 대통령을 기다리는 동안 뒷짐을 진 채 주변을 둘러보기도 했으며, 손짓으로 측근들을 불러 뭔가를 지시하기도 했다.
일반인의 예상보다 길ㄴ 시간 동안 서서 노 대통령이 나타나기를 기다리고 있다는 느낌을 주기에 충분했다.
그러기를 5분여, 마침내 노 대통령과 김영남 최고인민회의 상임 위원장이 함께 탄 무개차가 광장에 들어섰다.
환영 인파들은 다시 “와!““만세!“이라는 함성과 함께 꽃술을 일제히 흔들었고 노 대통령은 손을 들어 환호에 화답했다.
차에서 내린 노 대통령이 김 위원장 쪽으로 걸어 오는 동안 김 위원장은 제자리에서 기다렸다.
한두 발짝 앞으로 나아가 노 대통령을 맞거나 하는 정감 넘치는 모습은 찾아 볼 수 없었다.
김 위원장은 노 대통령에게 손짓하며 준비된 붉은색 카펫으로 안내를 했고, 두 정상은 북한 육해공군 의장대를 사열했다.
김 위원장의 안내를 받으며 사열을 마친 노 대통령은 ㄷ 자 모양의 카펫을 따라 미리부터 늘어서 기다리고 있던 김영일 내각 총리, 강석주 외무성 제1 부상을 비롯한 당 정 군 고위 인사 21명과 인사를 나눴다.
잇어 노 대통령과 김 위원장은 광장 가운데에 마련된 연단에 나란히 서서 조선 인민군의 분열 행사를 지켜 봤다.
뒤이어 연단을 내려온 김 위원장은 도열해 있던 남쪽 공식 수행원들과 차례로 웃으며 인사를 나눴다.
양쪽 수행원들과 각각 인사를 마친 두 정상은 4.25문화회관 정면 계단에 운집한 환영 인파들 앞을 지나며 잠시 환호에 답했다.
환영 인파의 행렬 끝에 이른 두 정상은 다시 가볍게 악수를 한 뒤 각각 노 대통령은 백화원 영빈관으로 이동했고, 김 위원장이 탄 차는 노 대통령이 퇴장한 반대 방향으로 사라졌다.
2007년 남북 정상회담 첫날 두 정상의 첫 만남은 12분 남짓 동안 이루어졌다.
김 위원장은 직접 영접은 임기 만료가 얼마 남지 않은 노 대통령을 '홀대'할지도 모른다는 일부의 우려를 깨끗이 지웠다.
2000년 정상회담 때와 마찬가지로 예고 없이 등장한 그의 모습 자체가 남쪽 대통령에 대한 최선의 '예우'인 셈이다.
평양 시내 퍼레이드를 포함해 노 대통령에 대한 김 위원장의 배려를 종합해 보면, 3일 오전과 오후 두 차례에 걸쳐 진행될 정상회담에서 일정 정도의 성과를 기대해 볼 만하다는 관측도 가능하다.
환영식 참석 간부 '7년 전의 두 배' 북쪽 영접 인사들 김영일 총리 등 23명 김 위원장 매제 장성택 눈길 대남 사업 실체 최승철 군사 분계선 마중 나와 평양 4.25문화회관 공식 환영식장에 나온 북한 고위 인사는 23명으로 2000년 순안공항 영접 때의 12명에 비해 두 배 늘었다.
면면과 직위는 2000년 정상회담 때 영접 인사에 견줘 뒤지지 않았다.
먼저 군사 분계선 위에서 노무현 대통령을 영접한 사람은 최승철 부부장, 최룡해 황해북도 당 책임 비서 등이다.
“통일전선부 부부장입니다.
모셔 가기 위해 나왔습니다.“분단 이후 남쪽 최고 지도자로서 처음으로 군사 분계선을 걸어서 넘은 노무현 대통령을 기다리던 최승철 통일전선부 부부장(차관급)의 인사말이다.
최승철 부부장은 지난해 8월 림동옥 통일전선부장 사망 뒤 김양건 통일전선부장과 함께 대남 사업을 이끄는 실권자로 꼽힌다.
그는 개성 평양 고속도로로 평양으로 가는 노 대통령 일행을 안내했다.
최룡해 책임 비서도 김정일 국방위원장의 신임을 받는 인물이다.
그는 고 김일성 주석의 절친한 빨치산 동료자 인민 무력부장을 지낸 최현(1982년 사망)의 아들이다.
평양 4.25문화회관 환영식장에는 사망한 김용순 노동당 비서나 고령으로 투병 중인 것으로 알려진 조명록 국방위 제1 부위원장 등을 빼면 북한 고위 인사들이 대부분 나왔다.
주요 인사는 김영일 내각 총리, 최태복 최고인민회의 의장, 양형섭 최고인민회의 상임위 부위원장, 김영대 최고인민회의 상임위 부위원장, 박순희 조선민주여성 동맹(여맹) 중앙 위원장 등 2000년 때와 마찬가지로 최고인민회의 상임 위원회와 근로 단체 간부들이 주를 이뤘다.
이 밖에 김일철 인민 무력부장, 김기남 당 비서, 대미 외교를 맡은 강석주 외무성 제1 부상, 김영대 조선사회민주당 중앙 위원장 등 당, 무력 기관, 정권 기관, 근로 단체, 성, 중앙 기관 책임 일꾼들이 4.25문화회관 광장에 나왔다고 북한 <중앙통신>이 2일 보도했다.
환영 행사장에 경제통인 김영일 내각 총리가 참석해 이번 회담에서 경제 협력이 강조될 것이란 분석이 나왔다.
2000년 정상회담 환영 행사에 참석했던 홍성남(현 함경남도 당 책임 비서) 당시 총리는 빠졌다.
군부에서는 김일철 인민 무력부장을 비롯해 부부장인 김정각 대장, 국방위원회의 리명수 대장이 모습을 보였다.
김 부장은 김장수 국방장관의 상대역으로, 2000년 정상회담 때는 시리아 대통령 장례식 조문 사절단으로 해외에 있었다.
당 간부 중에는 김 위원장의 매젠 장성택 노동당 근로 단체 및 수도 건설부 제1 부부장이 눈길을 끌었다.
2005년 6.15민족통일대축전 때 서울에 와 현충원을 방문했던 김기남 비서가 참석했다.
2000년 때 나왔던 김국태 비서는 빠졌다.
대남 사업을 총괄하는 김양건 통일전선부장도 참석했다.
이번 환영식에서 눈길을 끌ㄴ 사람은 김 위원장 의전 담당인 77살인 전희정 국방위원회 외사국장이었다.
구부정한 노구로 김 위원장 뒤에서 따라가는 모습이 화면에 잡혔다.
그는 2000년 정상회담 때 김대중 대통령을 제일 먼저 기내 영접했던 인물이다.
2000 '분계선' 넘은 코스피도 안착할까?
실적 모멘텀 없는 '남북 경협 주' 장 막판 오히려 급락?
전문가들 “정상회담보다 미 고용 지표 등 주목 필요“국내외 호재 속에 코스피 지수가 사상 최고치를 경신하자 시장에서는 또다시 '장밋빛 전망'이 넘실대고 있다.
남북 정상회담으로 한반도의 지정학적 위험이 줄어 들게 돼 외국인 투자자들의 유입이 기대된다거나, 미국 '서브프라임 사태'가 진정되고 있어 코스피 지수의 2000선 안착이 가능할 것이라는 전망들이다.
그러나 상당 수 증시 전문가들은 남북 정상회담이라는 정치적 이슈가 장기적으로 '코리아 디스카운트' 해소에 도움을 주겠지만 결정적 변수는 아니라고 지적한다.
김세중 신영증권 투자 전략 팀장은 “남북 정상회담이 심리적으로 긍정적 영향을 미쳤겠지만, 지수 상승의 결정적 요인은 아니라고 본다“며 “오히려 미국 증시가 연중 최고를 기록했다는 점과 미국의 금리 인하 뒤 달러 약세 현상이 나타나면서 외국인 투자자들이 신흥국 증시로 다시 관심을 돌린 것이 더 큰 영향을 준 것으로 보인다“고 말했다.
무디스와 에스앤피(S P) 등 국제 신용 평가 회사들도 이날 “남북 정상회담이 남북 간의 긴장을 줄여 주는 데는 도움이 될 것으로 기대되나 한국의 펀더멘털에는 직접적 의미가 있을 것으로 보이지 않는다“며 “따라서 한국의 국가 신용 등급 조정 여부에 영향을 미치지 않는다“고 밝혔다.
오현석 삼성증권 투자 정보 파트 팀장도 “2000년 남북 정상회담 때도 주가엔 심리적 영향만 미쳤을 뿐 지수 상승을 지속적으로 이끄는 요인이 되지 못하았다“고 말했다.
실제로 2000년 6월 13일에 개최된 남북 정상회담 당시 코스피 지수는 정상회담 당일에는 4.89% 떨어졌고, 공동 성명이 발표된 6월 15일에는 5.9% 내렸다.
이날도 남북 정상회담 호재에 힘입어 장 초반 강세를 보였던 남북 경협 주들이 장 막판에는 차익 매물이 쏟아져 급락했다.
이화 전기, 광명전기, 선도전기, 제룡 산업, 보성파워텍, 비츠로테크 등 대북 송전 관련주들도 장 초반 전날보다 2~3% 가량 오르는 등 강세를 보였지만, 비츠로테크와 이화 전기는 각각 전일 대비 10.98%, 10.63% 폭락한 채 거래를 마쳤다.
또 광명전기(/6.05%) 제룡 산업(/6.37%) 보성파워텍(/7.37%)도 급락했다.
개성 공단 입주 업첸 로만손은 보합세를 보였고, 좋은사람들은 1.77% 하락했다.
다만 남북 경협 관련주면서 동시에 기업 실적이 뒷받침되고 있는 건설 주들인 현대건설, 대림산업, 대우 건설 등은 4~5% 상승했다.
증시 전문가들은 2000 돌파에 대한 지나친 흥분보다는 미국의 고용 지표와 국내 기업들의 3분기 실적을 차분하게 지켜 보면서 2000선 안착 여부를 확인하는 것이 바람직하다고 조언한다.
김영익 하나대투증권 리서치센터장은 “단기간의 가파른 상승에 대한 기술적인 진통 과정이 불가피한 상황“이라며 “2000 돌파 이후 상승 탄력이 약화될 가능성을 고려한 시장 접근이 필요하다“고 말했다.
59년 '금단의 선' 넘은 한걸음, 평화의 이정표로 분계선 30m 앞 차에서 내려 숨 고른 뒤 '성큼' “더 많은 사람 다녀오게 되면 장벽 무너질 것“노 대통령 분계선 넘는 순간 20여 명의 경호원들이 순식간에 승용차 주위를 둘러쌌다.
문재인 청와대 비서실장, 윤병세 외교 안보 수석 등 배웅 나온 인사들이 한쪽으로 도열했다.
김만복 국정원장, 이재정 통일부 장관, 김장수 국방부 장관 등 공식 수행원들도 차량 옆으로 다가왔다.
13명의 공식 수행원들은 모두 왼쪽 가슴에 회담용 휘장을 달았다.
무궁화 모양의 이 휘장엔 태극기와 한반도 기가 나란히 표시됐다.
지난 2000년에 남쪽 수행원들은 태극기 배지를 달았다.
이윽고 '07/1371' 번호 판을 달ㄴ 벤츠 600의 문이 열렸다.
2일 오전 9시 1분께 군사 분계선(MDL)을 30m 앞둔 지점에서 노무현 대통령은 전용차에서 내렸다.
역사의 무게감 탓일까, 입가에 띤 엷은 미소로도 표정에 서린 긴장감을 감추진 못하았다.
환송 인사들과 일일이 악수하며 인사를 나눴다.
비무장 지대 들머리에서 노 대통령을 영접해 안내한 육군 1 사단장 이성호 소장과도 악수를 했다.
1 사단은 한국전쟁 당시 평양에 가장 먼저 입성했던 부대로, 이곳에서 서울로 이어지는 통일로 축선 방어를 맡고 있다.
잇어 노 대통령은 부인 권양숙씨와 함께 군사 분계선 쪽으로 발걸음을 옮겼다.
군사 분계선 10m 앞에서 노 대통령이 돌아섰다.
남쪽 군 통수권자가 최전선에 선 것이다.
그는 먼저 설렘와 착잡함가 교차한다고 했다.
“눈에 보이는 것은 아무것도 없는데, 여기 있는 이 선이 지난 반 세기 동안 우리 민족을 갈라 놓고 있는 장벽입니다.
이 장벽 때문에 우리 국민들은, 우리 민족은 너무 많은 고통을 받았습니다.“분계선을 넘는 의미도 짚었다.
“저는 이번에 대통령으로서 이 금단의 선을 넘어 갑니다.
제가 다녀오면 더 많은 사람들이 다녀오게 될 것이고, 그러면 마침내 이 금단의 선도 점차 지워질 것입니다.
장벽은 무너질 것입니다.“그는 “이번 걸음이 고통을 넘어서서 평화와 번영의 길로 가는 계기가 되도록 노력하겠다“고 각오를 다졌다.
손을 흔들고 허리를 굽혀 인사한 뒤, 그는 다시 돌아섰다.
열 걸음이나 뗐을까?
군사 분계선이었다.
원래 아무렇ㄴ 표지도 없었으나 이번 행사를 위해 그어 놓은 노랗ㄴ 선이 선명했다.
잠깐 숨을 고르는가 싶더니 성큼 분계선 너머 북쪽 땅에 첫발을 내디뎠다.
반 세기 분단과 냉전의 상징이 돼 온 '금단의 선'도 더는 굳건한 장벽이 되지 못하았다.
7년 전 김대중 당시 대통령은 공군 1호기로 분단의 벽을 열었다.
하늘 길이었지만, 그것은 금강산으로, 개성 공단으로 군사 분계선의 장벽을 여는 출발이었다.
이제 그 군사 분계선을 마저 지우는 과정이 진행될 것임가 예고된 셈이다.
오전 9시 5분이었다.
북쪽에선 최승철 통일전선부 부부장과 최룡해 황해북도 당 책임 비서 등이 마중 나와 있었다.
노 대통령은 꽃다발을 건넨 북쪽 여성들과 같이 사진을 찍는 여유를 보였다.
부인 권씨와 북쪽 여성 2명을 양 옆에 두고 기념 사진을 찍을 때 그는 오른손을 북쪽 여성의 허리께에 살짝 댔다.
환영 환송객들의 얼굴에 미소가 번졌다.
노 대통령은 9시 8분께 “잘 다녀오겠습니다“라며 손을 흔들었다.
그를 태운 전용차 오른쪽엔 '여기서부터 개성십니다' '개성 공업 지구 5㎞'라고 적힌 표지판이 선명했다.
노 대통령은 이날 개성 공업 지구에서 만들어진 시계를 손목에 찼다.
개성을 지나 1시간 30분 남짓 더 달리면 평양이다.
앞서 청와대는 대통령의 첫 군사 분계선 통과를 기념하는 표지석을 지난 1일 비무장 지대 남쪽 구역에 설치했다.
'평화를 다지는 길, 번영으로 가는 길, 2007년 10월 2일 대한민국 대통령 노무현'이라고 쓰여 있다.
남북출입사무소(CIQ) 통과 뒤 북쪽으로 가는 마지막 관문인 남쪽 제2 통문 바로 앞의 왕복 4차 선 도로 중앙 분리대에 세워져 있다.
제2 통문은 비무장 지대 남방 한계선에 자리잡고 있다.
노 대통령은 이 표지석을 지나 군사 분계선을 넘었다.
군사 분계선이란?
'38선' 대체한 남북 경계선 250Km 길이 DMZ는 완충 지대 노무현 대통령이 2일 걸어서 건넌 군사 분계선(MDL)은 비무장 지대(DMZ) 안에 있다.
또 남북 관리 구역에 속한다.
세 겹의 법적 지위를 지니는 것이다.
군사 분계선은 1953년 정전 협정에 따라 '38선'을 대체한 남과 북 사이 경계선이다.
'휴전선'의 공식 명칭이다.
서해안 강화에서 동해안 간성까지 155마일(약 250㎞)에 이른다.
군사 분계선 남북으로 각각 2㎞까진?비무장 지대다.
무장력의 상주를 금지해 완충 지대로 삼았다.
그러나 실제로는 남쪽 100여 곳, 북쪽 280여 곳의 감시 초소(GP)를 따라 병력과 중화기가 배치돼 있다.
군사 분계선을 지나 남북을 오가려면 정전 관리 책임을 맡고 있는 군사정전위원회와 유엔 군사령관의 허가가 필요하다.
남북은 경의 동해선 철도 도로 연결을 위해 2002년 9월 17일 철도 주변으로 각각 너비 100m와 250m씩의 비무장 지대를?남북 관리 구역으로 설정했다.
이 구역의 군사 실무적 문제들은 남북이 협의해 처리하기로 했다.
유엔사는 이후 남쪽 정부의 남북 관리 구역을 통한 통행 요청을 이의 없이 수용하고 있다.
그러나 여전히 통행 자체는 유엔 군사령관의 최종 허가 사항이다.
노 대통령도 예외 없이 버웰 벨 사령관의 허가를 받았다.
비무장 지대 안의 판문점은 정전 감시 임무를 맡은 군사정전위원회와 중립국감시단이 공유하는?공동경비구역(JSA/NNP)이다.
과거 유엔 군과 북한 군 경비 병이 자유롭게 구역 안을 오갔으나, 78년 '도끼 사건' 이후 군사 분계선 통행이 금지됐다.
“만세“환호 속 평양 시내 20분 카퍼레이드 '극진한 예우' 노무현 대통령과 김정일 국방위원장의 첫 만남이 주는 충격이나 그에 따른 감동은 지난 2000년 첫 남북정상회담 때에 비해 훨씬 줄었다.
의전에서 중요한 위치를 차지하는 김 위원장의 '영접 수위'도 상대적으로 조금 떨어졌다.
2000년에는 김 위원장이 직접 평양 순안공항까지 나가 김대중 전 대통령을 맞았지만, 이번에는 4.25문화회관에서 노 대통령을 맞이했다.
또 노 대통령의 동선마다 영접 자가 달랐다.
군사 분계선(MDL)에선 최승철 대남 통전부 부부장, 노 대통령의 첫 평양 기착진 인민문화궁전에서는 김영남 최고인민회의 상임 위원장이 영접을 맡았다.
노 대통령 육로 이동 동선마다 영접 자 달라 수십만 시민들 열렬한 환영 2000년 그대로 4.25문화회관에서 김 위원장이 참석한 환영 행사를 마친 뒤엔, 김 상임 위원장이 숙손 백화원 영빈관으로 노 대통령을 안내했다.
2000년에는 김 위원장이 김 전 대통령과 차량에 동승해 숙소로 이동했다.
육로 방북의 특성상 동선이 여러 개로 나눠진 점이나, 2000년엔 김 위원장이 '연장자 예우' 차원에서 김 전 대통령을 맞았다는 점이 차이를 낳았다고 볼 수 있다.
하지만 노 대통령이 군사 분계선을 걸어서 넘는 행사가 이런 부족함를 메웠다.
북쪽의 배려도 부족하지 않아 보였다.
노 대통령은 평양을 방문한 정상으로는 드물게 평양 시내에서 무개차를 타고 퍼레이드를 했다.
2000년 정상회담 때 김대중 대통령은 무개차에 타지 않아, 거리의 환영 인파에 답례를 할 수 없었던 데 대한 아쉬움을 나타낸 바 있다.
북한이 이런 지적을 받아들인 것이다.
평양 시민들의 열렬한 환영 분위기는 2000년과 별 차이가 없었다.
오전 11시 40분께 평양 시내 인민문화궁전 앞에 도착한 노 대통령은 김 위원장과 함께 미리 대기하고 있던 무개차에 나란히 올라 평양 시민들의 열렬한 환영을 받았다.
카퍼레이드는 평양시 중 구역 인민문화궁전 앞에서 평양시 대성 구역 4.25문화회관까지 6㎞에 걸친 왕복 6 차선 도로에서 20분 남짓 이루어졌다.
북쪽 안내원은 “시민들이 진심으로 노 대통령 일행을 환영하고 있다“며 “평양 시내에서 남북이 카퍼레이드를 벌인 것ㄴ '역사적 사변'“이라고 말했다.
또 다른 관계자도 “북한을 방문한 정상이 평양 시내에서 환영식 행사를 갖고 카퍼레이드를 벌이는 것은 중국 정상을 제외하면 아주 드물ㄴ 일“이라며 “육로 방북이 이루어졌기 때문에 가능한 일“이라고 말했다.
연도에는 평양 시민 수십만 명이 진달래 형상의 분홍색 자주 색 붉은색 꽃다발을 흔들며 반갑ㄴ 표정으로 “만세““조국 통일““환영“등의 함성을 질렀다.
일부 여성들은 “만세“를 외치며 눈물을 보이기도 했다.
2000년에 환영 나온 평양 시민이 30만~60 만 명으로 엇갈리는 점을 고려하면, 이번에도 비슷한 수의 시민들이 나온 것으로 보인다.
아울러 노 대통령의 탑승 차량이 태극기를 그대로 달고 평양 시내를 다닌 것도 북한 쪽의 변화라고 할 수 있다.
증시도 정상회담 '축하'코스피 지수 최고치 경신 남북 정상이 만난 날, 국내 증시도 역사를 새로 썼다.
2일 코스피 지수는 남북 정상회담과 미국 증시 상승이라는 호재에 힘입어 2000선을 회복하면서 사상 최고치까지 경신했다.
이날 코스피 지수는 전날보다 51.42(2.62%) 오른 2014.09로 마감했다.
그동안 사상 최고치였던 지난 7월 25일의 2004.22(종가 기준)를 두 달 남짓 만에 갈아치운 것이다.
코스닥 지수도 전날보다 7.20(0.90%) 오른 810.32로 장을 마쳤다.
외국인 투자자들이 주가 상승을 이끌었다.
이날 외국인 투자자들은 닷새 만에 매수세로 돌아서 6231 억 원을 순매수했다.
지난해 12월 14일 7779 억 원 순매수 이후 처음으로 6 천억 원을 넘었다.
기관 투자자도 923 억 원을 순매수했으나, 개인 투자자들만 7136 억 원을 순 매도했다.
증시 전문가들은 이날 새벽(한국 시각) 마감한 미국 뉴욕 증시의 다우존스 지수가 큰 폭으로 오르며 2개월 만에 1만 4000선을 회복한 것과 남북 정상회담으로 한국의 지정학적 위험 요인이 줄어 들ㄹ 것이라는 기대감이 투자 심리에 긍정적 영향을 준 것으로 분석했다.
다시 만난 남북 정상 '한반도 평화 손 잡았다 노 대통령 “남북 관계 장애물 치우자“김 위원장, 이번에도 '예고 없는 영접' 두 정상 3일 오전 오후 두 차례 회담 “반갑습니다!”(김정일 국방위원장) “반갑습니다!”(노무현 대통령) 2007년 10월 2일 낮 12 시 2분, 7년 만에 다시 손을 맞잡은 남북 두 정상의 인사말은 길지 않았다.
그렇지만 두 정상의 만남이 갖는 무게는 결코 떨어지지 않는다.
이번 만남은 남북 관계 진전을 이끄는 새롭ㄴ 추동력이 되기에 충분하다.
남북은 지난 2000년 정상회담이 열어 놓은 화해 협력에서 평화와 번영으로 가는 길에 들어섰다.
노무현 대통령은 청와대를 떠나기 전 발표한 대국민 인사에서 이렇게 말했다.
“2000년 정상회담이 남북 관계의 새 길을 열었다면, 이번 회담은 그 길에 가로놓여 있는 장애물을 치우고 지체되고 있는 발걸음을 재촉하는 회담이 될 것입니다.“노 대통령이 인사말에서 밝힌 것처럼 “이번 정상회담은 좀 더 차분하고 실용적인 회담“이 될 것으로 보인다.
이번 두 정상의 만남은 첫 정상회담에 비해 절제된 모습이었다.
노 대통령 공식 환영 행사가 열린 4.25문화회관 광장에 오전 11시 55분쯤 나와 기다린 김 위원장은 환영 행사 내내 담담한 모습으로 일관했다.
앞서 노 대통령은 국가 원수자 군 통수권자로는 처음으로 오전 9시 5분 군사 분계선(MDL)을 걸어서 넘는 역사적 순간을 연출했다.
노 대통령은 분계선을 넘기 전 대국민 메시지를 통해 “장벽은 무너질 것“이라며 “제가 다녀오면 또 더 많은 사람들이 다녀오게 될 것“이라고 소감을 밝혔다.
이는 7년 전 순안공항에서 남북 두 정상이 보여 준 뜨겁ㄴ 악수와 함께 남북 통일 역사의 상징적인 한 장면으로 남을 것으로 보인다.
군사 분계선을 넘은 노 대통령은 평양 개성 간 고속도로를 달려 11시 40분께 평양 시내 인민문화궁전 앞에서 김영남 최고인민회의 상임 위원장의 영접을 받았다.
두 사람은 미리 대기하고 있던 무개차에 나란히 타고, 평양 시민들의 열렬한 환영을 받으며 공식 환영 행사가 열리는 4.25문화회관 쪽으로 퍼레이드를 벌였다.
노 대통령은 저녁에는 목란관에서 김 상임 위원장이 마련한 환영 만찬에 참석했다.
이날 오후로 예정됐던 평양 시내 3대혁명전시관의 중공업관 참관은 3일로 연기됐다.
남북정상회담 오늘의 일정 오전 정상회담 (백화원 영빈관) 오후 남쪽 대표단 내부 오찬 (옥류관) 3대혁명전시관 내 중공업관 참관 정상회담 (백화원 영빈관) <아리랑> 공연 관람 (5.1경기장) 답례 만찬 (인민문화 공원) 노 대통령은 방북 이틀짼 3일 김 위원장과 오전 오후 두 차례 공식 정상회담을 열ㄹ 예정이다.
정상회담은 소수 배석자가 참석하는 단독 회담 형식이 될 가능성이 높은 것으로 알려졌다.
회담에서 노 대통령은 김 위원장과 남북 공동 번영 한반도 평화 화해와 통일이란 큰 틀에서 주요 현안에 대해 허심탄회하게 의견을 나눌 방침이다.
회담을 마무리한 뒤 '평화 선언' 형태의 합의문을 채택할 것으로 전망된다.
김 위원장 '깜짝 영접' 뒷얘기 3대헌장기념탑 인민문화궁전 4.25문화체육관 환영 장소 변경 북측 10시 직후 김 위원장 직접 영접 사실 남측에 공식 통보 2007년 남북정상회담 첫 날인 2일 김정일 국방위원장의 등장은 지난 2000년 때와 마찬가지로 막판까지 `철통 보안'이 지켜졌다.
평양 공식 환영식 예정 시간을 불과 한 시간여 앞두고 환영식 장소가 두 차례나 바뀌어 선발 취재진에 통보됐는가 하면 김 위원장이 모습을 나타낼지 여부에 대해서도 북한 측은 마지막 순간까지 함구했다.
당초 남북 실무 접촉에서 합의된 공식 환영식 장소는 평양 입구에 위치한 조국통일3대헌장기념탑.
시간도 오전 11시 30분으로 예정돼 있었다.
환영식의 최고위 영접 인사도 김영남 최고인민회의 상임 위원장으로 합의한 상태였다.
하지만 이날 오전 10시 20분께 공식 환영식 일정에 변화가 생길 조짐이 포착되기 시작했다.
이 무렵 공식 환영식 취재를 위해 하루 앞서 방북, 행사장인 3대헌장기념탑으로 이동하기 위해 고려호텔 프레스 센터에서 대기하던 선발 공동 취재단 11명에게 환영식 장소가 인민문화궁전으로 바뀌었다는 사실이 전달됐다.
북측은 남측에서 2차 선발대로 파견된 청와대 의전팀에게 이 소식을 통보했고, 취재단에도 이 같은 사실이 전달됐다.
“김 위원장이 환영 행사장에 나오는 것 아니냐“는 관측이 나오기도 했지만 북측은 이에 대해 어떠한 공식 확인도 해 주지 않았다.
그렇던 중 5분쯤 지나 북측 관계자가 직접 찾아와 환영식장이 다시 4.25문화회관 앞 광장으로 바뀌었다고 취재진에 통보했다.
이 때도 북측은 환영식 영접 인사나 구체적인 행사 시나리오에 대해 얘기하지 않았다.
다만 북측은 남측 청와대 선발팀에게만 오전 10시가 조금 넘은 시각 “김정일 위원장이 4.25문화회관 앞 광장에 영접하러 나온다“는 사실을 공식 통보했다고 청와대 관계자는 전했다.
그 무렵 평양 개성 고속도로를 타고 평양으로 향하고 있던 노무현 대통령에게도 김 위원장이 직접 영접하며 환영식 장소가 바뀌었다는 사실이 보고됐다고 한다.
당초 남측은 북측과의 협의 과정에서 김 위원장이 환영식에 직접 영접을 나오지는 않고, 숙손 백화원 영빈관에서 노 대통령을 처음 맞이하며 정상 간 환담을 나눌 것으로 예상하고 있었다.
결과론이지만 남측 선발대는 1일 최종 환영 행사 실무 협의 과정에서 `김 위원장이 환영식에 등장할지도 모른다'는 감을 가지고 있던 것으로 전해졌다.
남측 관계자는 “어제 북측과 환영 행사를 협의하던 중 북측 인사가 `놀랍고 재미있는 행사가 될 것'이라고 말해 김 위원장이 행사장에 나올 것이라는 예감이 들었다“고 말했다.
전날 북측과 협의를 마치고 이날 아침 북측 CIQ(남북출입사무소)에 내려온 남측 경호 담당자도 공동 취재단에게 “호위나 경호가 잘 되고 있어 멋진 장면이 연출될 것 같다“고 말했다.
김정일 국방위원장의 `깜짝 이벤트'를 예고하는 듯했다.
또 북측 CIQ에서부터 공동 취재단 본대의 버스에 동승해 평양으로 향하던 북측 안내원의 언행에서도 평양이 가까워져 오며 `심상하지 않은' 조짐이 감지되기도 했다.
평양 개성 고속도로상 중간 지점인 황해북도 서흥군 수곡 휴게소까지 특별 수행원 버스 행렬을 뒤따르던 공동 취재단 버스 2대는 이날 오전 9시 57분께 평양을 84㎞ 남겨 둔 수곡 휴게소를 출발하면서 갑자기 차량 대열 선두로 나섰다.
동승한 북측 차량 안내원의 지시에 따른 것이었다.
북측 안내원은 “왜 기자단 차량만 앞서 달리느냐“는 질문에 웃으면서 “나도 모르지요“라고만 대답했다.
당초 예정된 공식 환영식 장손 평양 입구의 조국통일3대헌장기념탑에 공동 취재단 차량이 오전 10시 42분께 도착했지만 차량은 멈추지 않고 북측 안내원 지시에 따라 평양 시내로 계속 달렸고, 대동강을 건너 시내 창광 거리, 보통문, 만수대의사당, 개선문을 지나쳤다.
기자들은 당초 예상한 행로가 달라지자 “어디로 가느냐“고 계속 물었지만 북측 안내원은 묵묵부답이었다.
노 대통령 환영을 위해 길 거리에 기다리던 평양 시민들의 인파 속을 가로질러 달리던 차량이 멈춰선 곳은 4.25문화회관 앞 광장이었고, 예정 시간을 훌쩍 넘긴 12시 2분 노 대통령과 김 위원장의 첫 상봉이 이루어졌다.
노 대통령 김정일 내일 평화 체제 경협 집중 논의 군사 분계선 처음으로 걸어 통과?
평양 도착 김정일 위원장 직접 영접 노무현(盧武鉉) 대통령은 방북 이틀짼 3일 북한 김정일(金正日) 국방위원장과 두 차례 공식 정상회담을 갖고 한반도 평화 체제 구축과 경제 협력 방안 등을 집중 논의한다.
이번 남북정상회담은 지난 2000년 남북 분단 이후 처음 열렸던 김대중(金大中) 당시 대통령과 김 위원장 간의 회담 이후 7년 만에 이루어지는 것이다.
노 대통령은 이날 오전과 오후 두 차례에 걸쳐 김 위원장과 공식 정상회담을 갖고 남북 공동 번영, 한반도 평화, 화해와 통일을 주제로 평화 체제 구축 방안과 경제 협력 문제 등에 대해 포괄적인 의견 교환을 할 것으로 알려졌다.
특히 두 정상은 이번 회담 결과에 따라 `평화 선언' 형태의 합의문을 채택할 가능성도 있는 것으로 관측되고 있다.
노 대통령은 2일 개성/평양 간 고속도로를 통해 평양에 도착, 4.25문화회관 앞 광장에서 열린 환영 행사에 참석해 김정일 위원장의 직접 영접을 받았다.
7년 전 김 위원장은 평양 순안공항에 예정에 없이 나타나 김대중 당시 대통령을 영접한 바 있다.
노 대통령은 환영 행사에 참석하기에 앞서 인민문화궁전 앞에서 김영남 최고인민회의 상임 위원장의 영접을 받았고 김 상임 위원장과 함께 무개차로 옮겨 타고 4.25문화회관까지 6㎞ 가량 평양 거리를 카퍼레이드했다.
노 대통령은 평양 도착 성명에서 “이제 남과 북이 힘을 합쳐 이 땅에 평화의 새 역사를 정착시켜 나가야 한다“면서 “평화를 위한 일이라면 미루지 말고 할 수 있는 것부터 하나하나 실천해 나가자“고 밝혔다.
노 대통령은 또 “무엇보다 중요한 것은 평화며 지난날의 쓰라린 역사는 우리에게 평화의 소중함를 일깨워 줬다“고 덧붙였다.
이에 앞서 노 대통령은 이날 오전 대한민국 국가 원수로는 처음으로 군사 분계선(MDL)을 도보로 이동, 방북했다.
노 대통령은 부인 권양숙(權良淑) 여사와 함께 오전 9시 5분께 걸어서 MDL를 넘기 직전 `평화의 메시지'를 통해 “이 걸음(군사 분계선을 넘는 걸음)이 금단의 벽을 허물고 민족의 고통을 해소하는, 고통을 넘어서서 평화와 번영의 길로 가는 계기가 되도록 노력하겠다“고 말했다.
노 대통령은 “이 선(MDL)이 지난 반 세기 동안 우리 민족을 갈라 놓고 있는 장벽“이라면서 “이 장벽 때문에 우리 국민은, 우리 민족은 너무 많은 고통을 받았다.
또 발전이 정지돼 왔다“고 지적했다.
노 대통령은 잇어 “저는 이번에 대통령으로서 이 금단의 선을 넘어 간다.
제가 다녀오면 또 더 많은 사람들이 다녀오게 될 것“이라면서 “그러면 마침내 이 금단의 선도 점차 지워질 것이고, 장벽은 무너질 것“이라고 강조했다.
노 대통령은 방북 출발 직전 청와대에서 밝힌 대국민 인사에서는 “이번 남북정상회담은 좀 더 차분하고 실용적인 회담이 될 것“이라며 “여러 가지 의제들이 논의되겠지만 무엇보다 평화 정착과 경제 발전을 함께 가져갈 수 있는 실질적이고 구체적인 진전을 이루는 데 주력하고자 한다“고 밝혔다.
또 “이번 회담이 6자 회담의 성공을 촉진하고 한반도와 동북아의 평화에 기여하는 회담이 될 수 있도록 최선을 다할 것“이라면서 “군사적 신뢰 구축과 인도적 문제에 있어서도 구체적인 합의가 이루어질 수 있도록 최대한 노력하겠다“고 말했다.
노 대통령은 이날 오후에는 평양 만수대의사당에서 김영남 상임 위원장과 남북 관계 등 양측 관심사를 논의했고 저녁에는 목란관에서 열리는 김영남 상임 위원장 초청 환영 만찬에 참석한다.
프랑스 언론 “정상회담, 역사 좋은 방향 진전 보여 줘“프랑스 언론은 2일 노무현 대통령과 김정일 국방위원장의 정상회담 소식을 스트레이트와 사설 등으로 관심 있게 보도했다.
일간 르피가로는 이날 2면 국제 면 한 면을 할애해 북한 핵 위기 국면이 호전되고 있는 가운데 7년 만에 남북한 정상회담이 열린다는 사실을 서울 발(發)로 전하며 깊은 관심을 보였다.
르피가로는 또 '희망의 정상회담'이란 제하의 사설을 통해 “2000년 이래 다시 열리는 정상회담은 역사가 좋은 방향으로 진전하고 있다는 사실을 잘 보여 주고 있다“고 전했다.
르누벨옵세르바퇴르는 인터넷판에서 남북한 정상회담을 위해 노 대통령과 권양숙 여사가 도보로 군사 분계선을 넘어 육로로 북한을 방문한 사실을 사진과 함께 보도했다.
일간 르몽드 역시 노 대통령이 군사 분계선을 넘어 방북한 사실을 사진과 함께 관심 있게 보도하며 이번 정상회담을 계기로 반 세기에 걸친 적대 관계가 종식될 지 주목된다고 전했다.
그러나 르피가로 등 일부 언론은 이번 정상회담이 오는 12월 대선에 어떤 여파를 미칠지 보수주의자들이 걱정하고 있다는 사실을 아울러 전했다.
또 정상회담에 앞서 1일 탈북자들이 청와대 앞에서 김정일 위원장과의 정상회담을 반대하는 시위 소식을 전하기도 했다.
영국 언론 “노 대통령, 육로로 북한 간 첫 정상“회담 성과엔 회의적 전망 영국 언론은 2일 평양에서 두 번 째로 열리는 남북 정상회담의 역사적, 상징적 의미를 조명하며 국제 면 주요 뉴스로 보도했으나 회담 성과에 대해서는 회의적인 반응을 보였다.
BBC는 노무현 대통령이 한국의 지도자로는 처음으로 남북 군사 분계선을 걸어서 넘어 갔다는 데 상당한 의미를 부여하며 “이 선이 점차 지워져 분단의 벽이 무너질 것“이라는 노 대통령의 발언을 소개했다.
그러나 BBC 서울 주재 특파원 존 수드워스는 일부에서는 여전히 김정일 북한 국방위원장이 화해에 대한 의지가 있는지 의심스러워 하고, 김 위원장이 한국의 추가 경제 원조와 양보를 끌어내기 위해 군사적 위협을 유지하는 데 더 관심이 많다고 믿고 있다고 전했다.
더타임스 신문도 노 대통령이 세계에서 가장 중무장된 국경인 군사 분계선을 넘어 육로를 통해 남에서 북으로 넘어 간 첫 번째 한국 정상이라고 강조했다.
이 신문은 노 대통령이 에너지 난에 처한 북한의 현실을 고려해 위험스럽ㄴ 남북 정상회담에 불을 지피기 위해 휘발유까지 차에 싣고 갔다고 비아냥대며 낙관적 분위기가 팽배했던 첫 번째 정상회담 때와는 달리 이번 두 번째 정상회담에 대해서는 열기가 거의 완전히 사라졌다고 말했다.
가디언 신문도 노무현 대통령이 서울과 평양 125마일 거리를 차로 달린 첫 번째 정상이라며 남북 군사 분계선을 걸어서 넘은 노 대통령의 상징적 걸음에 관심을 표했다.
그러나 일부 비판가들은 2월에 퇴임하는 노 대통령이 대선을 앞두고 여당을 지원하려는 정치적 승부수를 위해 너무 많은 것을 양보했다고 비난하고 있다고 가디언은 전했다.
북한 군부 인사 출영 눈길 군사 당국자 접촉 여부 관심 평양 모란봉 구역의 4.25문화회관 광장에서 2일 열린 노무현(盧武鉉) 대통령 환영 행사에서 북한 군부의 핵심 인물 3명이 나와 눈길을 끌었다.
정보 당국에 따르면 이날 노 대통령을 영접하기 위해 나온 당.정.군 고위 인사 가운데 군부 인물은 김일철(金鎰喆.74.차수) 인민 무력부장과 김정각(金正覺.61.대장) 인민 무력부 부부장, 리명수(李明秀.70) 인민군 대장이다.
2000년 평양 순안공항에서 김대중(金大中) 전 대통령을 영접했던 조명록(趙明祿.79) 인민군 총정치국장 겸 국방위원회 제1 부위원장의 모습은 보이지 않았다.
조 차수는 와병 중인 것으로 전해지고 있다.
김일철 차수는 남한의 국방장관에 해당된다.
김 차수는 2000년 9월 제주도에서 열린 1차 국방장관 회담에도 참석했다.
해군 출신으로 1998년부터 인민 무력부를 이끌고 있다.
우리의 국방 차관에 해당하는 김정각 부부장은 당 중앙 위원회 위원과 최고인민회의 제11기 대의원 등으로 활동하고 있다.
작년 10월 20일 평양 김일성 광장에서 열린 핵 실험 성공을 환영하는 평양시 군민 대회에 군부를 대표해 참석한 그는 “인민군대의 손에 쥐어진 핵 억제력은 조선 반도와 그 주변 지역의 안정을 수호하는 강력한 방어 수단“이라며 “미제가 무모한 도발의 길로 계속 나온다면 비참한 종말을 앞당기는 자멸 행위로 될 것“이라고 주장하기도 했다.
김 부부장은 지난 3월 김정일 국방위원장이 북한 주재 중국 대사관을 방문, 류샤오밍(劉曉明) 중국 대사와 환담할 때 배석했다.
북한의 최고 권력 기군 국방위원회에서 일하고 있는 리명수 대장은 1996년부터 김정일의 각급 군 부대 방문 때 수행하고 있다.
총참모부 작전 국장을 지내고 2000년 대장으로 승진했다.
현재 최고인민회의 제11기 대의원이다.
북측이 군부 인사 3명을 출영하도록 한 것은 단순한 의전 차원을 넘어 이번 정상회담에서 다뤄질 '평화 정착' 의제를 염두에 둔 것 아니냐는 분석이 나오고 있다.
이번 정상회담에서 서해상 군사적 긴장 완화와 비무장 지대(DMZ)의 평화 지대화, 군축 문제 등을 협의할 상설 기구 운영 등의 문제가 다뤄질 것으로 예상되기 때문에 김 위원장을 실무적으로 보좌하려는 것 아니냐는 관측이다.
특히 일각에서는 군부 인사 3명을 환영 행사에 나오도록 한 것은 정상회담 기간 군사 당국자 간 접촉을 염두에 둔 것 아니냐는 분석도 내놓고 있다.
한국국방 연구원(KIDA)의 백승주 박사는 “북한 군부 인사 가운데 김일철과 김정각, 리명수 등은 비교적 온건파에 해당한다“면서 “노 대통령의 환영 행사에 이들을 내보낸 것은 2.13 합의 이후 북한이 취하고 있는 '협상 입장'과 무관하지 않다“고 진단했다.
시민들, 차분한 환영 내실있는 회담 희망 진보 보수 단체, '기대와 비판' 엇갈린 반응 `2007 남북정상회담'을 위한 노무현 대통령의 방북 첫날인 2일 시민들은 차분한 분위기 속에서 남과 북이 이번 정상회담을 통해 한반도 평화 정착을 위한 실질적인 성과를 거둘 것을 기대했다.
진보적인 시민 단체들은 이번 회담이 한반도의 평화를 정착시키고 남북한 간 교류를 활발히 할 것이라고 기대하는 모습이었지만 일부 보수 단체들은 “정부가 남북정상회담을 대선에 이용하려하고 있다“며 비판적인 시각을 보이기도 했다.
정대연 한국진보 연대 정책 위원장은 “이번 정상회담에서 한반도 평화 체제 구축을 위한 실질적인 합의가 이루어지길 바란다“고 밝혔다.
그는 “우발적 군사 충돌을 방지 하기 위해 서해상 경계선에 대해 명쾌한 합의가 필요하며 남과 북이 서로를 적으로 규정하는 법과 제도를 정비하는 방안도 마련해야 한다“며 “남북한이 통일을 준비하는 상설 기구를 설치해 통일을 향한 진일보한 움직임을 보이는 것도 필요하다“고 주장했다.
유영재 `평화와통일을여는사람들' 팀장도 “6자 회담을 통해 한반도 평화 체제가 본격적으로 논의되고 있는 가운데 열리는 이번 회담이 한반도 평화 정착을 위한 촉진제 역할을 하길 기대한다“고 말했다.
그는 “당장의 이익과 손해만을 따지는 근시안적인 안목에서 벗어나 장기적으로 우리 민족에게 도움이 되는 방향으로 논의가 진행돼야 한다“며 “회담을 통해 남북 경제 협력을 한층 더 촉진하는 계획이 도출돼야 하며 6.15 선언에서 한층 더 진전된 통일 방안도 마련돼야 한다“고 강조했다.
반면 보수 단첸 바른사회시민회의 전희경 정책실장은 “남과 북이 화해 분위기를 조성하는 것은 의미가 있지만 회담에서 서해 북방 한계선(NNL) 양보나 국가보안법 폐지 등 안보 정책과 관련된 문제를 성급히 결론 내려서는 안된다“고 경계했다.
제성호 뉴라이트전국연합 상임 대표도 “대선을 3개월도 채 안 남기고 열리는 만큼 이번 정상회담은 여권의 대선 전략을 도우려는 의도가 숨어 있다“고 지적하며 “노 대통령이 실천 가능한 것부터 욕심 부리지 말고 논의하되 안보의 근간을 흔들면서 평화를 정착시키려는 자가당착은 피하길 바란다“고 주문했다.
시민들은 대부분 역사적인 남북 정상의 만남에 박수를 보냈지만 정상회담의 의제나 회담 개최의 의미에 대해서는 엇갈린 반응을 보였다.
회사원 전 모(32)씨는 “남한의 대통령이 군사 분계선을 직접 걸어서 넘어 가는 모습을 보니 나도 모르게 눈물이 나올 정도로 감격적이었다.
평화 체제 구축을 위한 큰 성과를 냈으면 좋겠다“고 말했다.
인터넷 포털사이트 게시판에 글을 남긴 이용자 신분(ID) `ch8749'씨는 “북한이 60년 간 걸었던 빗장을 풀고 대화에 나선 것을 환영한다“며 “이번 정상회담을 계기로 북한이 대문을 활짝 열고 개방의 물결로 나오도록 인도해야 한다“는 의견을 밝혔다.
반면 대학원생인 황의관(31)씨는 “남북한 현안이 양측의 노력으로만 해결될 수 있는 부분이 적기 때문에 회담의 성과가 있을지 의심스럽다“고 지적했으며 네티즌 `yhd2740'씨는 “노 대통령이 회담을 통해 `퍼 주기식 지원'을 논의하기보다는 핵 문제 해결과 국군 포로, 납치자 송환 문제를 해결해야 한다“고 주장했다.
세계 주요 언론, 깊은 관심 속 신중한 전망 주요 외신들은 노 대통령의 임기가 얼마 남지 않은 상황에서 정상회담의 시기와 결과에 대한 전망을 둘러싸고 국내의 반발과 회의적 시각도 적지 않다고 보도했다.
WP는 차기 한국 대선을 두 달 앞두고 이루어지는 정상회담의 시기를 놓고 한국과 미국 내 보수파들 사이에서 배후의 의도를 의심하는 냉소적 비판론이 커지고 있다고 전했다.
또한 이번 정상회담이 이산가족 상봉과 북한 인권, 군축 문제 등에서 실wlf적 성과를 낼 수 있을지에 대해서도 회의적 시각이 존재한다고 WP는 전했다.
더타임스는 “노 대통령은 햇볕 정책의 계승자로 기억되길 원하고 있으나 현재의 상황은 2000년과 너무나 다르다는 것이 정치 분석가들의 시각“이라며 노 대통령과 김 위원장 사이에 별다른 신뢰가 쌓여 있지 못한 상황도 한계 점으로 지적했다.
FT는 비무장 지대를 평화 지대로 만들자는 노 대통령의 제안과 관련, 이는 김 위원장뿐 아니라 강경한 군부를 설득해야 하는 어려움을 안고 있다고 전했다.
잇어 FT는 평화 체제 정착을 위한 양국 정상 간 논의는 포괄적인 수준에 머무를 수 밖에 없는 상황이며 한국 또한 이 같은 한계를 잘 알고 있다고 덧붙였다.
노 대통령 방북 시간대별 상황 노무현(盧武鉉) 대통령이 2일 낮 12시께 평양 시내 4.25문화회관에 도착, 김정일 북한 국방위원장과 역사적인 첫 만남을 갖는 등 `2007 남북정상회담' 첫날 일정에 돌입했다.
앞서 노 대통령은 이날 오전 7시 55분께 청와대를 출발, 오전 9시 3분께 군사 분계선(MDL) 약 30 전방에서 잠시 하차해 소감을 발표한 뒤 9시 5분께 MDL를 걸어서 통과했다.
다음은 청와대 출발에서부터 MDL 통과, 김 위원장과의 첫 만남 등 시간대별 주요 상황이다.
07:38 국무 의원.청와대 수석 등과 간담회.
07:46 대국민 인사 발표.
07:55 전용차 벤츠 S600에 탑승, 청와대 출발.
09:00 강변북로/자유로 등 거쳐 경의선 도로 남북출입사무소(CIQ) 통과.
09:03 MDL 약 30에서 하차, 소감 발표.
09:05 MDL 걸어서 통과.
09:09 북측 인사들 영접 및 기념 촬영 후 다시 차량에 탑승, 평양으로 출발.
11:40 평양 시내 인민문화궁전 앞 도착, 김영남 최고인민회의 상임 위원장이 영접.
11:42 김영남 상임 위원장과 북측 오픈카에 탑승, 4.25문화회관으로 출발.
11:55 김 위원장, 공식 환영 행사장 4.25문화회관 등장.
12:00 노 대통령, 4.25문화회관 도착.
12:01 김 위원장, 노 대통령 영접 및 첫 악수.
12:03 노 대통령.김 위원장, 북 인민군 의장대 사열.
12:12 노 대통령.김 위원장, 각각 다른 승용차로 4.25문화회관 출발.
12:21 노 대통령, 숙손 백화원 영빈관에 도착.
12:50 노 대통령, 남측 수행원들과 자체 오찬.
16:00 노 대통령, 김영남 상임 위원장과 최고인민회의에서 첫 면담 내일 첫 공식 정상회담 의제와 전망 노무현 대통령은 방북 이틀짼 3일 오전과 오후 두 차례에 걸쳐 김정일 북한 국방위원장과 정상회담을 통해 한반도 평화 체제 구축과 경제 협력 방안 등에 대해 논의할 예정이다.
지난 2000년 제1차 회담과 마찬가지로 이번 정상회담도 사전에 실무 차원에서 의제를 조율하고 정상이 이를 추인하는 통상적인 정상회담과는 달리 남북 정상 간 `대좌'를 통해 의견을 집약하는 형식이 될 것으로 보인다.
회담 전망? 노 대통령과 김 위원장 간 공식 회담은 3일 오전, 오후 두 차례에 걸쳐 이루어질 전망이다.
회담 장소는 노 대통령과 남측 대표단의 숙손 백화원 영빈관이 될 것으로 보인다.
노 대통령의 방북 첫날인 2일에도 두 정상이 만날 가능성도 있지만 이는 `환담' 형식이 되기 때문에 회담의 범주에는 넣지 않는 것이 관례다.
지난 2000년 6월 김대중 전 대통령과 김 위원장의 회담 때는 남측에서 임동원 당시 국가정보원장, 황원탁 청와대 안보 수석, 이기호 경제 수석이 배석했고, 북측에서는 김용순 아태평화위원장 겸 당 비서가 참석했다.
이런 전례에 비춰 이번 회담에서도 우리 측에서는 김만복 국정원장과 백종천 청와대 안보실장, 권오규 경제 부총리, 이재정 통일부 장관 등이 배석자로 회담에 들어갈 것으로 예상된다.
북측 배석자에 따라 유동적이겠지만 국정원장, 안보실장, 경제 부총리 3명의 배석은 유력해 보인다.
북측의 경우 김 위원장의 최측근 실세로 이번 정상회담을 성사시킨 김양건 노동당 통일전선부장의 배석이 확실시되고 있지만 나머지 배석자가 누가 될지는 베일에 싸여 있다.
지난 2000년 1차 회담에서는 1 차례 정회를 거쳐 185분 간 `마라톤 회담' 끝에 6.15 공동 선언에 포함될 5개 항의 합의가 도출됐다.
이에 따라 이번 회담에서도 오전의 경우에는 상대 측에 대한 탐색전을 벌인 뒤 오후 회담에서 본격적인 줄다리기가 펼쳐질 것으로 관측된다.
필요에 따라서는 노 대통령과 김 위원장 간 `독대 담판'을 벌일 가능성도 배제할 수 없다.
합의가 쉽게 도출되지 않을 경우 노 대통령과 김 위원장의 스타일로 미뤄 볼 때 `담판'이 불가피할 것이라는 관측도 나오고 있다.
만약 공동 합의 사항이 도출될 경우 두 정상은 이날 밤 아리랑 공연을 관람하고 인민문화궁전에서 예정된 노 대통령의 답례 만찬 행사에 나란히 참석한 뒤 `평화 선언' 형태의 합의문을 공동 발표할 가능성이 높다.
그렇게 될 경우 양 정상은 자정이 가깝ㄴ 시간에 자리를 옮겨 합의문 서명식에 참가하게 될 것으로 관측된다.
회담 의제? 노 대통령은 2일 청와대에서 평양 출발에 앞서 밝힌 `대국민 인사'를 통해 “여러 의제들이 논의되겠지만, 무엇보다 평화 정착과 경제 발전을 함께 가져갈 수 있는, 실질적이고 구체적인 진전을 이루는 데 주력하고자 한다“고 밝혔다.
앞서 노 대통령은 전날 `건군 59주년 기념 식에서도 “한반도 평화 정착을 가장 우선적 의제로 다룰 것“이라며 “평화에 대한 확신 없이는 공동 번영도 통일의 길도 기약할 수 없기 때문“이라고 밝힌 바 있다.
이처럼 노 대통령이 한반도 평화 체제에 `무게 중심'을 두고 있는 것은 남북 간 군사적 긴장 완화와 신뢰 구축 없이는 실질적인 경제 협력의 확대가 어렵다는 판단에서 비롯된 것으로 해석된다.
노 대통령이 구상하고 있는 남북 경제 공동체 구현을 위해서는 남북 간 신뢰 구축 및 군사 보장 조치가 반드시 선행돼야 하기 때문이다.
경의선 열차의 운행이 북한 군부의 반대로 차질을 빚고 있는 것이 대표적 사례다.
이에 따라 노 대통령은 회담에서 김 위원장에게 한반도 평화 정착을 위한 `일보(一步) 전진'을 요구할 가능성이 높다.
이 같은 맥락에서 노 대통령이 김장수 국방부 장관을 공식 수행원의 일원으로 참가시킨 것은 주목되는 점이다.
이는 군사적 긴장 완화 추진을 위해 국방장관 회담 개최를 염두에 둔 포석으로 볼 수 있기 때문이다.
평화 의제의 첫 단추는 군사적 충돌이 잦아 최후의 냉전 지대의 상징이 되고 있는 서해안 접경 지역의 긴장 완화를 위한 논의가 될 가능성이 높다.
서해 북방 한계선(NLL) 일대를 `평화 수역'으로 설정해 남북 함정의 출입을 금지하고 민간 차원에서만 공동 이용하기로 하는 방안이 논의될 가능성도 높고 공동 어로 수역, 한강 하구 공동 개발 등이 거론될 수도 있다.
이런 맥락에서 해주와 남포 등이 후보지로 거론되는 제2의 개성 공단, 경제 특구 조성 방안이 서해 평화 정착과 경제 공동체 형성을 연계하는 고리로 논의될 수도 있다 그러나 김 위원장이 서해 북방 한계선 문제를 거론하면서 경계선 재획정을 강하게 요구할 경우 논의가 의외로 어렵어질 수도 있다.
두 정상 간 경제 공동체를 지향하는 경제 협력 부분은 상당히 많은 논의가 이루어질 수 있는 부분이다.
구체적으로는 경제 특구 북한 내 각종 인프라 구축 농업.보건 의료 지원 등의 세부 의제들이 다뤄질 전망이다.
남북 간 경제 공동체 형성은 노 대통령이 가장 공을 들이고 있는 부분이기도 하지만 김 위원장도 관심이 많은 대목이기 때문이다.
민족 동질감 확대를 위한 화해와 통일 의제 분야에서는 납북자 및 국군 포로 문제, 이산가족 문제 등이 세부적으로 다뤄질 전망이다.
특히 납북자와 국군 포로 문제는 지난해 4월 평양에서 열린 제18차 장관급 회담에서 난항을 거듭했다는 점에서 이번 정상회담에서도 까다롭ㄴ 주제라고 할 수 있다.
이와 함께 지속적인 남북 쌍방 최고위층의 대화 채널 구축을 위해 남북정상회담의 정례화 문제도 최우선적인 의제로 올라 있다.
여기에는 김 위원장의 서울 답방도 거론될 것으로 보이지만 결론은 불투명하다.
◇ “한국 내 냉소 주의와 비판론도 적지 않아“? 주요 외신들은 노 대통령의 임기가 얼마 남지 않은 상황에서 정상회담의 시기와 결과에 대한 전망을 둘러싸고 국내의 반발과 회의적 시각도 적지 않다고 보도했다.
WP는 차기 한국 대선을 두 달 앞두고 이루어지는 정상회담의 시기를 놓고 한국과 미국 내 보수파들 사이에서 배후의 의도를 의심하는 냉소적 비판론이 커지고 있다고 전했다.
또한 이번 정상회담이 이산가족 상봉과 북한 인권, 군축 문제 등에서 실wlf적 성과를 낼 수 있을 지에 대해서도 회의적 시각이 존재한다고 WP는 전했다.
더타임스는 “노 대통령은 햇볕 정책의 계승자로 기억되길 원하고 있으나 현재의 상황은 2000년과 너무나 다르다는 것이 정치 분석가들의 시각“이라며 노 대통령과 김 위원장 사이에 별다른 신뢰가 쌓여 있지 못한 상황도 한계 점으로 지적했다.
FT는 비무장 지대를 평화 지대로 만들자는 노 대통령의 제안과 관련, 이는 김 위원장뿐 아니라 강경한 군부를 설득해야 하는 어려움을 안고 있다고 전했다.
잇어 FT는 평화 체제 정착을 위한 양국 정상 간 논의는 포괄적인 수준에 머무를 수 밖에 없는 상황이며 한국 또한 이 같은 한계를 잘 알고 있다고 덧붙였다.
북한 언론 '조국 통일' 강조 2007 남북정상회담 첫날인 2일 북한의 대표적 언론 매첸 노동당 기관지 노동신문과 내각 기관지 민주조선이 '조국 통일'을 강조했다.
노동신문은 '조국 통일의 천하지대본'이라는 글에서 “조선 민족은 6.15 통일 시대의 요구에 맞게 조국 통일 위업 수행에서 결정적인 전환을 가져오기 위해 민족 대단결의 길에 한 사람 같이 떨쳐 나서야 할 것“이라며 “조국 통일을 이룩하기 위한 민족사적 위업의 주인은 전체 조선 민족“이라고 주장했다.
신문은 잇어 “우리 민족에게 있어서 단결은 사활적인 문제로, 온 민족의 대단결은 곧 조국 통일과 민족 번영을 이룩하는 결정적 힘“이라면서 “통일 열망이 급격히 고조되고 있는 지금이야말로 민족 대단결을 실현하는 데서 결정적인 전환을 이룩해야 할 중요한 시기“라고 말했다.
민주조선도 '조국 통일은 민족 최대의 과업'이라는 글에서 “60년 이상 분열의 고통을 겪고 있는 우리 민족에게 있어서 조국 통일보다 더 절박하고 더 중대한 과업은 없다“며 “우리 민족은 6.15 공동 선언의 기치를 높이 들고 선군정치를 받들어 나가는 길에서 민족 최대의 과업인 조국 통일 위업을 기어이 성취하고야 말ㄹ 것“이라고 말했다.
민주조선은 “우리 민족을 분열시킨 장본인인 미국은 오늘도 북침 전쟁 책동으로 통일의 앞 길에 난관을 조성하고 있다“며 “그 어떤 외세도 우리 민족만큼 조선의 통일에 절실한 이해 관계를 가질 수 없으며 우리 민족을 대신해 통일 문제를 풀어 나갈 수 없다“고 말했다.
신문은 “온 겨레가 실천을 통해 민족 공동의 통일 대강인 6.15 공동 선언을 관철하기 위한 투쟁을 보다 힘있게 벌여야 한다“며 “북과 남, 해외의 온 겨레는 선군정치를 지지하고 받들면서 선군에 도전하는 세력들은 단호히 매장해 버려야 한다“고 주장했다.
노 대통령, 김영남 위원장과 1시간 면담 3대혁명전시관 중공업관 방문 연기 남북정상회담을 위해 평양을 방문 중인 노무현 대통령은 2일 오후 평양 시내 만수대 의사당에서 김영남 북한 최고인민회의 상임 위원장을 만나 1시간여 동안 남북 관계 현안에 관해 의견을 교환한 것으로 알려졌다.
노 대통령의 김영남 상임 위원장 면담은 당초 오후 3시부터 시작될 예정이었으나 이날 낮 평양 시내 모란봉 구역 `4.25문화회관'에서 열린 공식 환영 행사가 길어지는 바람에 1시간여 정도 늦게 시작된 것으로 알려졌다.
이에 따라 이날 오후 김영남 상임 위원장 면담 후 예정됐던 노 대통령의 3대혁명전시관 내 중공업관 방문 일정도 3일로 미뤄진 것으로 알려졌다.
세계 주요 언론, 깊은 관심 속 신중한 전망 평양에서 두 번째로 열리는 역사적인 남북 정상회담에 세계 주요 언론도 깊은 관심을 나타냈다.
외국 언론들은 무엇보다 노무현(盧武鉉) 대통령이 2일 세계에서 가장 군사적 긴장이 높은 것으로 알려진 남북 군사 분계선을 걸어서 통과한 데 상당한 의미를 부여했다.
나아가 북한 핵 문제가 타결의 실마리를 찾아 나가는 과정에서 이루어진 이번 회담이 남북한 평화 정착의 주요한 계기를 만들어 낼 수 있을지 관심이 높아지고 있다고 전했다.
그러나 엄연히 남북한 군사 대치가 유지되고 있는 점과 대통령 선거를 앞둔 한국의 정치 상황 등을 거론하며 회담 성과에 대한 신중론도 적지 않다고 보도했다.",663,47188
iks_doc_2007_hankyoreh_015,Hankyoreh 2007 annotated text file unicode.txt,Hankyoreh,한겨레,2007,2007_october_summit,"◇ “노 대통령, 역사적 발걸음..긴장 완화에 도움 `기대'“",,"= AP와 AFP 등 주요 통신은 노 대통령이 한국의 지도자 가운데 최초로 중무장된 접경 지역을 도보로 건넜다며 사흘 간의 회담 일정 개막이 갖는 역사적 의미를 긴급 타전했다.
앞서 영국 더타임스는 이날 회담이 이루어지기 전 보도를 통해 “오늘 노 대통령이 군사 분계선을 걸어서 북한을 방문하는 순간은 세계에서 가장 중무장한 국경 장벽이 외교적으로 길이 남을 사건의 무대로 변하는 순간이 될 것“이라고 전망했다.
미국 워싱턴포스트(WP)는 “이번 정상회담은 북한 핵 문제 해결을 위한 6자 회담이 진행돼 온 지난 4년 동안의 과정 가운데 북한이 핵 폐기에 동의하려는 매우 특별한 시기와 일치하고 있다“며 “또한 정상회담은 북한이 원조와 무역, 투자를 절실히 필요로 하는 시점에 이루어졌다“고 의미를 부여했다.
파이낸셜타임스(FT)는 “평화를 향한 신뢰 구축 없이 공동 번영과 통일로 가는 길은 보장될 수 없다“는 1일 노 대통령의 발언을 인용하면서 한국 정부가 북한에 비무장 지대에서의 군축 제의를 추진하고 있다는 사실을 전했다.
BBC 뉴스 또한 양국 간 두 번째로 역사적인 정상회담이 성사됐다며 의미를 부여했다.
BBC 뉴스는 생존해 있다면 56세가 될 아들을 북한에 두고 반 세기 동안 생이별한 한국의 전병윤(84)씨 증언을 소개하며 양국 간 관계 개선을 바라는 이산가족들의 염원도 전했다.
화면으로 본 김정일 위원장의 건강 북한 김정일 국방위원장이 2일 평양 4.25문화회관에서 노무현 대통령을 맞이하기 위해 모습을 드러내면서 김 위원장의 건강에 관심이 모아지고 있다.
이날 노무현 대통령을 맞이하기 위해 모습을 드러낸 김 위원장은 흰머리와 함께 주름살이 늘어나 7년 전 김대중 당시 대통령과의 1차 정상회담 때에 비해 나이가 들어 보인다는 것이 의료계 안팎의 대체적인 진단이다.
일반인들이 보기에도 건강에 이상이 있는 것이 아니냐는 의문이 생길 정도였다.
전문가들은 무엇보다 복부 비만에 따른 심혈관 질환 가능성이 있을 수 있다는 의견을 내놓고 있다.
김 위원장은 팔다리와 신체의 다른 부위에 비해 복부 비만이 있는 체형이다.
이는 운동량이 많지 않은 사무 직종에 종사하면서 회식이 잦은 직장인들에게 잘 나타나는 체형.
국내 60 세 이상 성인 중에도 김 위원장 같은 체형을 가진 이들이 적지 않다.
복부 비만은 체중이나 체질량 지수로 표현되는 일반적인 비만보다도 심혈관 질환 위험도를 예측하는 데 더 중요하다.
심혈관 질환의 주요한 위험 인자로 고콜레스테롤이나 고중성 지방 등 다른 심혈관 질환 위험 요소의 발생 가능성을 2/3배 높인다.
실제로 김 위원장은 지난 6월 독일에서 심장 수술을 받았다는 외신 보도 이후 끊임 없이 건강 이상 설에 나돌았었다.
한 사립대학 병원 가정의학과 교수는 “화면상으로 심혈관 질환 여부를 알ㄹ 수는 없으나 김 위원장 정도의 복부 비만은 심장 질환에 좋지 않은 요인임에는 분명하다“고 말했다.
한방에서도 김 위원장이 노화로 신장의 기운이 약해졌거나 중증 질환 또는 큰 수술로 인해 면역 기능이 약해지고 정기(精氣)가 떨어진 것으로 보인다고 조심스럽게 진단했다.
광동 한방 병원 두인선 원장은 “중증 질환이나 큰 수술로 인해 면역 기능이 약해지고 정기가 떨어지면 얼굴이 푸석푸석해 보이고 안색이 탁해 보일 수 있다“며 “그러나 나이가 들면서 신장 기능이 떨어지면 피부에 윤기가 사라지면서, 안색이 검고 핼쑥해 보일 수 있다“고 설명했다.
김 위원장 영접 어떻게 달라졌나 김정일 국방위원장이 2일 노무현 대통령을 영접한 장면은 2000년 정상회담 때와 여러 가지 점에서 비교된다.
7년 전 당시 김대중 대통령은 평양 순안공항에서 김 위원장의 영접을 받았다.
김 위원장은 평양 시민들의 환호 속에 김 대통령이 탑승한 특별기 앞 대형 카펫 중앙에서 기다리다가 특별기 앞문으로 내리는 장면에서 박수로 환영했고 김 대통령도 박수를 함께 치며 화답했다.
잇어 김 대통령은 승강구를 내려와 김 위원장에게 다가섰고 김 위원장도 서너 걸음 앞으로 나오며 역사적인 첫 악수를 나눴다.
두 정상은 손을 맞잡은 채 “반갑습니다“라고 인사를 나누며 포옹했다.
두 정상의 얼굴에는 미소가 떠나지 않았다.
남과 북 정상 간 첫 상봉이 이루어지자 환영 나온 평양 시민들은 화려한 조화를 흔들며 노도처럼 `결사 옹위 김정일' `만세' 등을 외치며 열광했고 북측 혁명음악대의 연주가 장엄하게 울려 퍼졌다.
이번에는 4.25문화회관 광장에서 김 위원장의 영접이 이루어졌다.
노 대통령은 앞서 평양 시내 인민문화궁전에 도착, 김영남 최고인민회의 상임 위원장의 영접을 받은 뒤 김 상임 위원장과 함께 공식 환영식이 열린 4.25문화회관까지 약 20분 간 카퍼레이드하면서 북한 주민들의 열렬한 환영을 받았다.
4.25문화회관 광장에는 붉은 카펫이 깔렸고 김 위원장이 미리 나와 있었다.
승용차에서 내린 노 대통령은 10 정도를 걸어 김 위원장과 첫 악수를 했고 “반갑습니다“며 서로 간단한 인사를 나눴다.
그러나 김 위원장은 비교적 빨리 다가서는 노 대통령을 그 자리에 선 채 영접했으며 포옹도 없었다.
순안공항 환영식에서도 의장대 사열이 있었다.
김 대통령은 김 위원장의 안내로 의장대를 사열했고 이 과정에서 김 대통령이 서너 걸음 앞서 나가자 김 위원장은 김 대통령과 보조를 맞추기 위해 잠시 걸음을 빨리 하기도 했다.
특히 김 위원장은 순안공항에서 김 대통령의 숙손 백화원 초대소까지 차량에 동승하는 또 하나의 파격적인 행보를 보여 줬다.
김 위원장은 김 대통령이 승용차 뒤편 오른쪽에 앉을 때까지 기다린 뒤 왼쪽 문을 통해 옆 자리에 동석했다.
올해 환영식에서도 두 정상은 나란히 북한 육.해.공 의장대를 사열했다.
다만 사열 내내 두 정상의 표정은 약간 굳어 있는 느낌이었다.
공식 환영식이 진행되는 동안에도 두 정상은 처음 악수를 나눌 때를 제외하고는 별다른 말을 주고 받지 않았다.
두 정상은 나란히 연단에서 북한 군 의장대의 분열을 지켜 본 뒤 평양 시민들의 계속되는 함성에 답례했다.
노 대통령은 계속 손을 흔들었고 김 위원장도 가끔 박수를 치며 화답했다.
의장대 행사가 끝난 후 두 정상은 다시 악수를 나눈 뒤 각각 다른 승용차에 올랐다.
2000년 순안공항에서 백화원 초대소까지 동승했던 것과 비교하면 `파격'은 없었던 셈이다.
7년 전 남북 정상의 첫 만남이 흥분된 분위기였다면 이번에는 차분한 분위기였다는 평가다.
무디스, “정상회담 한국 신용 등급에 직접 영향 없다“국제 신용 평가 기관인 무디스는 2일 이번 남북정상회담과 관련 “한국의 신용 펀더멘털에 직접적인 의미가 있을 것으로 기대하지는 않는다“고 말했다.
무디스의 톰번 부사장은 이날 연합뉴스와의 이메일 인터뷰에서 “6자 회담 진전 및 북한 리스크 통제와 관련한 지정학적 요인들은 지난 7월 등급 상향에서 이미 반영됐다“며 이 같이 말했다.
무디스는 지난 7월 말 한국의 국가 신용 등급을 'A3'에서 'A2'로 한 단계 상향 조정한 바 있다.
그는 “향후 한국의 북한과의 경제 협력 확대 추이를 관심 있게 지켜 볼 것“이라며 “다만 이에 따른 효과가 어느 정돈지, 또 차기 정부와 납세자에게 어떤 부담이 있을지를 정확히 예측하는 것은 너무 이르다“고 말했다.
평양 프레스 센터 남쪽 방송 실시간 시청 `2007 남북정상회담'을 취재, 보도하기 위해 평양 현지에 파견된 공동 취재단은 위성 방송 시스템을 통해 지난 2000년 1차 정상회담에서는 볼 수 없었던 서울 현지의 생생한 모습까지 실시간으로 파악해 평양 상황을 보다 신속하고 정확하게 서울로 전달하게 됐다.
지난달 28일 평양에 도착한 2차 선발대는 평양에 도착하자마자 공동 취재단의 숙손 고려호텔 3층 프레스 센터에 위성 방송 수신 장친 셋톱박스와 디코더를 설치했다.
프레스 센터 밖에는 위성 안테나 2대가 설치됐다.
이를 통해 프레스 센터 내부에 설치된 텔레비전 3 대를 통해 KBS와 MBC SBS 등 공중파는 물론, YTN와 MBN 등 케이블 채널까지 남측 방송을 실시간으로 볼 수 있게 됐다.
공동 취재단 본대에 하루 앞서 1일 평양에 도착한 선발 취재진들은 오후 2시 도착 즉시 정상회담에 임하는 서울의 모습을 바라보면서 보다 치밀한 취재 준비를 하는 데 도움을 받았다.
또 정상회담 당일인 2일 아침에는 평양 프레스 센터에 앉아서도 노무현(盧武鉉) 대통령이 청와대를 떠나는 모습은 물론 군사 분계선(MDL)을 걸어서 넘어 오는 역사적 광경도 바라볼 수 있었다.
이번 정상회담에서 처음으로 연결된 서울/평양 간 인터넷 라인과 위성 방송 등을 통해 정상회담의 보도 방식이 한층 업그레이드된 셈이다.
이 같은 위성을 통한 실시간 방송 시스템은 1차 정상회담에서는 전혀 갖춰지지 않았던 것.
1차 회담에서 평양에 파견된 취재진은 평양 소식은 알면서도 정작 서울의 상황은 제대로 알지 못하아 답답함를 느꼈다.
노 대통령도 이날 낮 백화원 영빈관에 도착, 삼성과 LG 측이 설치한 LCD TV를 통해 위성 방송으로 방영되는 서울의 모습과 평양 상황을 시청하기도 했다.
독일 언론 “마지막 냉전 경계 넘는 역사적 발걸음“독일 언론은 2일 남북정상회담을 “마지막 냉전의 경계를 넘는 역사적인 발걸음“이라고 평가했다.
독일 시사 주간지 슈피겔 인터넷판은 노무현(盧武鉉) 대통령이 남북정상회담을 하기 위해 한국 대통령으로서 처음으로 군사 분계선을 도보로 넘어 간 것은 한반도에 항구적인 평화를 정착시키겠다는 결연한 의지를 상징하는 것이라고 전했다.
독일 공영 ARD 방송은 노무현 대통령 내외가 군사 분계선을 걸어서 넘어 가는 모습과 김정일 북한 국방위원장의 영접을 받는 장면 등을 방영하면서 이번 정상회담은 남북한 분단 이후 두 번째 정상 간의 만남이라고 보도했다.
독일 언론은 2000년 첫 번째 남북 정상회담 이후 7년 만에 다시 열린 이번 정상회담에서 정전 협정 체제가 종식되고 평화 조약을 체결하는 길을 열ㄹ 수 있을 지에 관심이 모아지고 있다고 전했다.
독일 dpa 통신은 3일 간 열리는 이번 정상회담에서 한국 측은 한국전쟁을 공식 종료하고 평화 조약을 체결하는 문제를 제기할 것으로 예상된다고 보도했다.
이 통신은 남북한 간에는 한국전쟁 이후 아직 평화 협정이 체결되지 않아 기술적으로는 전쟁 상태가 지속되고 있다고 덧붙였다.
증시, 사상 최고가 경신 2,000 시대 재개막 유가 시장 시총 1 천조 원 돌파 외국인 올 최대 순매수/프로그램이 지수 견인 남북정상회담 개최도 투자 심리 개선에 기여 2,014.09 마감 코스피 지수가 2일 `2007 남북정상회담'과 미국 증시의 사상 최고치 경신 등에 따른 글로벌 시장의 안정세 등 겹호재에 힘입어 사상 최고치를 경신했다.
이날 시장에서는 전날(현지 시간) 다우 지수가 사상 최고치를 갈아치우는 등 미국 시장이 호조를 보임에 따라 외국인 투자자들이 올 들어 사상 최대 규모의 순매수를 보인 데다 대규모 프로그램 매수세까지 가세하면서 지수 오름세를 견인했다.
특히 남북정상회담이 개최됨에 따라 한반도의 지정학적 위험 완화에 대한 기대감이 높아지고 이에 따라 국내외 투자가들의 투자 심리가 대폭 개선된 것도 이날 상승세에 한 몫을 한 것으로 증시 전문가들은 분석했다.
코스피 지수는 전날보다 51.42 포인트(2.62%) 오른 2,014.09에 마감됐다.
이날 코스피 지수는 지난 7월 25일 종가 기준으로 기록한 사상 최고친 2,004.22를 2개월여 만에 갈아치운 것이다.
유가 증권 시장의 시가 총액도 종가 기준으로 사상 처음으로 1천조 원을 돌파, 1천 7조 2천 590 억 원을 기록했다.
종전 최고치는 지난 7월 25일의 996조 5천 201 억 원이었다.
이에 따라 코스닥 시장의 시가 총액 108조 6천 167 억 원을 포함한 국내 양대 증권 시장 전체 시가 총액은 1천 115조 8천 756 억 원을 기록했다.
한편 코스닥 지수도 전날보다 7.20 포인트(0.90%) 오른 810.32로 장을 마치며 지수 800선에 안착했다 이날 유가 증권 시장에서 외국인 투자자들은 닷새 만에 매수세로 돌아선 뒤 대규모 `사자'에 나서 지난해 12월 14일 7천 779 억 원의 순매수 이후 최대 규몬 6천 231 억 원어치의 주식을 순매수, 올해 기준으로는 최대 규모를 기록했으며 프로그램 매수세도 4천 415 억 원 나 기록, 지수 상승세를 주도했다.
기관 투자자도 프로그램 매수세에 힘입어 923 억 원어치를 순매수했으나 개인 투자자만 7천 136 억 원의 순 매도를 보였다.
부국증권 전용수 리서치센터장은 “미국 증시 강세에 따라 글로벌 증시가 호조를 보이고 외국인과 프로그램의 매수세가 유입되면서 수급 상황이 호전돼 증시가 초강세를 보였다“며 “국내 경제의 펀더멘털 호조와 3.4분기 기업 실적 개선 기대, 남북정상회담 개최 등도 호재로 작용하면서 상승세에 힘을 실어 줬다“고 분석했다.
우리투자증권 박종현 센터장은 “증시의 중장기 전망은 여전히 밝아 단기적으로 숨 고르기를 한 후 연말까지 코스피 지수가 2,100에 도달할 것으로 전망한다“고 말했다.
김정일 영접 회담 '청신호'인가 노무현(盧武鉉) 대통령의 평양 방문 첫날인 2일 김정일(金正日) 북한 국방위원장이 직접 영접을 나선 것이 이번 남북정상회담의 전망을 밝게 해 주는 청신호가 아니냐는 조심스럽ㄴ 기대감을 낳고 있다.
김 위원장은 지난 2000년 제1차 정상회담과 마찬가지로 이날도 공식 환영 행사에 `예고 없이' 나타났다.
김 위원장의 `깜짝 영접'은 행사 시작 1시간 전에 우리 측에 통보된 것으로 알려졌을 정도로 비밀리에 준비됐던 것.
김 위원장의 영접은 지난 1차 정상회담 때와 마찬가지로 남한의 대통령에 대한 `예우' 차원으로 받아들여져 회담 성과에 대한 기대를 높이고 있다.
당초 노 대통령을 위한 평양 환영 행사는 김영남 최고인민회의 상임 위원장이 주관할 것으로 알려졌을 뿐 김 위원장이 전격 등장할 것으로 `예고'되지는 않았었다.
그러나 두 정상은 이날 악수를 한 뒤 잠깐 인사말을 나눴을 뿐, 2000년 당시 김대중(金大中) 대통령과 김 위원장이 벌였던 포옹과 같은 극적인 제스처는 없었다.
노 대통령은 이날 평양 출발에 앞서 `대국민 인사'에서 “2000년 정상회담이 남북 관계의 새 길을 열었다면 이번 회담은 그 길에 가로놓여 있는 장애물을 치우고 지체되고 있는 발걸음을 재촉하는 회담이 될 것“이라고 강조했다.
김 위원장도 이 같은 노 대통령의 의지에 화답하듯 `차분한' 표정으로 노 대통령을 맞이한 것으로 관측된다.
특히 한반도 비핵화 2 단계 조친 북핵 불능화 로드맵 마련을 위한 6자 회담이 잠정 타결되면서 두 정상은 향후 정상 환담 및 공식 정상회담을 역동적인 분위기 속에서 벌여 나갈 것으로 기대된다.
이에 따라 두 정상은 3일 오전과 오후 두 차례에 걸친 정상회담을 통해 한반도 평화 체제 구축과 공동 번영을 위한 구체적인 합의를 도출하는 데 주력할 것으로 예상된다.
더욱이 두 정상이 이번 정상회담을 통해 한반도 평화 체제 구축에 실질적인 합의를 이끌어 낼 수 있다면 이런 합의 내용을 포괄적으로 담은 `한반도 평화 선언'이 나올 가능성이 높다는 전망이다.
그러나 두 정상이 한반도 평화 체제 구축을 위한 합의를 이끌어 내기 위해서는 넘어야 할 고개도 많아 첫날 김 위원장의 `직접 영접'과 극진한 예우만으로 방북의 성과를 예단하기는 이르다는 지적이다.
특히 북측이 그동안 제기해 온 서해 북방 한계선(NLL) 재설정 문제를 비롯해 남북 간 견해 차를 어떻게 해소하느냐가 중요하다는 점에서 이번 남북정상회담의 성과는 하루 더 지켜 봐야 할 것으로 보인다.
북 언론, “평양 군중, 로무현 대통령 환영해“7년 전 비해 2시간 빨리 신속 보도 북한의 통신과 방송은 2일 노무현 대통령의 평양 도착과 김정일 국방위원장의 영접 소식을 비교적 신속하게 보도하면서 이번 남북정상회담의 의미를 강조했다.
중앙통신은 이날 오후 3시 노 대통령의 평양 도착 소식을 전하면서 “북남 수뇌(정상)분들의 상봉은 역사적인 6.15 북남 공동 선언과 우리 민족끼리 정신에 기초해 북남 관계를 보다 높은 단계로 확대 발전시켜 조선 반도의 평화와 민족 공동의 번영, 조국 통일의 새롭ㄴ 국면을 열어 나가는 데서 중대한 의의를 가지게 된다“고 강조했다.
2000년 김대중 당시 대통령의 방북 때 북한 언론 매체의 첫 보도가 오후 5시였던 것에 비해 2시간 이른 것이다.
중앙통신은 노 대통령에 대해 '남측' 혹은 '남조선' 등의 표현을 붙이지 않은 채 '로무현 대통령'이라고 부르고, 권양숙 여사에 대해선 성명 없이 '부인'이라고만 지칭했다.
라디오 방송인 조선중앙방송과 평양방송도 같은 시각 노 대통령의 평양 도착 소식을 일제히 내보냈다.
김 위원장과 함께 김영일 내각 총리, 김일철 인민 무력부장, 최태복 최고인민회의 의장, 양형섭 최고인민회의 상임 위원회 부위원장, 김기남 당 비서, 강석주 외무성 제1 부상, 김영대 조선사회민주당 중앙 위원장 등 당, 무력 기관, 정권 기관, 근로 단체, 성, 중앙 기관 간부들이 환영식에 참석했다고 북한 언론은 전했다.
북한 보도는 또 “재정 경제부 장관 권오규, 과학 기술부 장관 김우식, 통일부 장관 리재정, 국방부 장관 김장수, 농림부 장관 임상규, 보건 복지부 장관 변재진, 국가정보원 원장 김만복을 비롯한 수행원과 기자들이 왔다“고 노 대통령의 공식 수행원들도 소개했다.
중앙통신 등은 김 위원장이 노 대통령과 악수하고 인사를 나눈 뒤 육해공군 명예 위병대(의장대)를 사열했으며 “김정일 동지께서와 로무현 대통령은 군중들의 앞을 지나시며 열렬한 환영에 답례하셨다“고 설명했다.
중앙통신 등은 이와 함께 노 대통령과 김영남 최고인민회의 상임 위원장이 무개차를 타고 카퍼레이드를 벌인 소식을 전하면서 “수도의 거리는 환영 분위기에 휩싸여 있었다“, “환영곡이 울리는 가운데 군중들은 꽃다발을 흔들면서 로무현 대통령을 환영했다“고 덧붙였다.
조선중앙텔레비전은 이날 오후 5시 첫 뉴스 시간에 김 위원장이 노 대통령을 4.25문회 회관에서 영접한 소식을 사진 및 영상과 함께 내보냈다.
중앙 TV는 노 대통령 일행이 수만여 명의 평양 시민의 환영을 받으면서 보통문과 개선문 등을 거쳐 4.25문화회관 광장에 도착한 뒤 김 위원장과 상봉하고 의장대를 사열하는 장면 등을 20여 분 간 녹화 방영했다.
중앙 TV는 이날 오후 8시 메인 뉴스와 10시 20분 마감 뉴스 시간에도 노 대통령의 평양 도착 소식을 재방송할 것이라고 밝혔다.
북, 공식 환영식 '최고 수준 예우' 북한 김정일(金正日) 국방위원장이 2일 2007 남북정상회담을 위해 평양 땅을 밟은 노무현(盧武鉉) 대통령을 지난 7년 전 김대중(金大中) 전 대통령 방북 때와 같이 '깜짝 영접'을 했다.
김 위원장은 이날 오전 11시 55분에 환영식장인 평양 4.25문화회관 앞 광장에 먼저 도착해 낮 12시쯤에 김영남 최고인민회의 상임 위원장과 함께 무개차를 타고 온 노 대통령을 맞았다.
당초 북한은 평양 입군 3대헌장기념탑에서 김영남 상임 위원장이 노 대통령을 영접하거나 숙손 백화원 초대소로 김 위원장이 찾아가는 방식으로 영접할 것으로 예상되다가 환영식 1시간 전에야 김 위원장의 직접 영접 소식이 알려졌다.
2000년 김대중 전 대통령이 방북할 때 사전 예고 없이 평양 순안공항에 나타났던 '깜짝 영접'이 재연된 것이다.
이날 김 위원장이 직접 영접을 한 것은 최고 수준의 예우로 평가된다.
직접 영접을 한 인사는 김대중 전 대통령을 비롯해 푸틴 러시아 대통령, 장쩌민(江澤民) 전 중국 국가 주석과 후진타오(胡錦) 현 중국 국가 주석 등 손가락으로 꼽을 정도기 때문이다.
아울러 평양 인민문화궁전에서 4.25문화회관까지 연도에 수십만의 평양 시민이 나와 무개차를 타고 가는 노 대통령과 김영남 상임 위원장을 환영한 것도 북한이 2000년 때와 같이 남측 정상을 최고의 수준으로 예우하고 있음을 보여 주는 대목으로 평가되고 있다.
환영식장에서 김 위원장은 김대중 전 대통령의 평양 순안공항 방문 때 미소 띤 표정으로 다가가 반갑ㄴ 악수를 한 것과 달리 이번에는 차량에서 내린 노 대통령이 자신이 서 있는 자리까지 오기를 기다린 뒤 차분한 모습으로 가볍ㄴ 악수만을 나눴다.
이는 김 전 대통령은 16살 연장자지만 노 대통령은 4살 연하기 때문이기도 하지만, 이번 정상회담을 앞둔 남북의 '차분한' 분위기가 투영된 것으로 풀이되고 있다.
환영식에서 양 정상은 의장대 사열을 했는데, 통상 북한이 외국 국빈을 맞을 때 해당국의 국기를 올리고 해당국 국가와 북한 애국가를 연주한 뒤 21발의 예포를 발사하는 것은 생략됐다.
민족 내부의 특수 관계를 고려해 절제된 모습을 보여 준 것으로 해석되며, 김대중 전 대통령의 방문 때도 생략됐었다.
김 위원장은 환영식장에 여타 외국 정상 급 인사를 만날 때 착용하는 통상적인 복장인 점퍼를 입고 나왔으며 환영식 내내 절제된 모습으로 일관해 눈길을 끌었다.
이날 환영식장에서는 수천 명의 평양 시민들이 분홍색 꽃다발을 흔들면서 “만세“를 외치며 환호했다.
평양 시민들은 남자는 넥타이를 맨 정장 차림이었고 여자는 한복을 곱게 차려 입었는데 환영 열기는 '열광적'이라기보다는 다소 차분한 모습이었다.
노 대통령은 환영 인파에 손을 들어 답례했으며 김 위원장은 간혹 박수를 치며 화답했다.
실무적이고 무표정한 김정일 눈길 2일 평양 4.25문화회관에서 노무현 대통령을 맞이한 김정일 국방위원장의 모습은 예상 외로 무표정하고 활기가 없어 보여 눈길을 끌었다.
7년 전 50대 후반의 나이로 평양 순안공항에서 김대중 당시 대통령을 밝고 건강하며 활기찬 모습으로 열정적으로 영접했던 것과는 대조적이어서 세월의 흐름을 느끼게 했다.
평소 흔히 입던 연한 갈색의 점퍼 차림에 안경을 낀 김 위원장은 노 대통령이 무개차에서 내려 다소 서두르듯 자신의 앞으로 걸어 오는 것을 보면서 노랗ㄴ 줄을 그은 위치에서 움직이지 않은 채 두 다리를 양 어깨 너비 만큼 벌리고 오른쪽으로 비스듬한 자세로 서 있었다.
김 위원장은 또 2000년 김대중 당시 대통령과 두 손을 맞잡고 열정적으로 악수했던 것과 달리 노 대통령과는 미소를 띄운 채 한 손으로 서너 번 흔드는 수준에 그쳤다.
김 위원장은 2000년 정상회담 때 환송 행사에서는 김 전 대통령과 뜨겁ㄴ 포옹 장면도 연출했었다.
의장대 사열과 평양 시민들에게 답례를 보내는 의전 행사 전 과정에서 김 위원장이 환하게 웃는 표정은 볼 수 없었다.
김 위원장의 다소 경직되고 실무적인 모습은 노구의 몸을 이끌고 평양을 찾았던 김 전 대통령과 달리 노 대통령이 자신보다 네 살 손아래라는 점을 의식한 것 아니냐는 지적도 있다.
한 당국자는 “만나는 것 자체만으로 대단한 이슈였던 2000년 정상회담 때에 비해서는 다소 차분한 분위기였던 것이 사실“이라며 “이번 회담이 실용적으로 진행될 것이라는 점을 보여 준 것 아니겠느냐“고 평했다.
TV 화면에 나타난 김 위원장은 양 옆 머리가 센 데다 윗 부분이 성긴 듯한 느낌을 줬고 얼굴 주름살도 많이 늘어났다.
김 위원장은 지난 7월 초 평양을 방문한 양제츠(楊潔 지<兼 대신 虎 들어간 簾>) 중국 외교부장을 만났을 때 찍힌 TV 화면에서도 이러한 모습으로 인해, 5월 독일 의료진으로부터 심장 관련 시술을 받은 것과 지병인 당뇨 등과 연관해 건강에 관해 여러 가지 관측이 제기됐었다.
미리 보는 남포의 명물 '서해 갑문, 청년영웅도로' [북한] 남북 정상회담 노무현 대통령이 방문하는 북한의 명소 노무현 대통령은 2일부터 4일까지 '2007 남북 정상회담' 길에 오른다.
7년 만에 남북의 정상이 만나는 이번 회담에 국내외적으로 이목이 집중되는 가운데, 노무현 대통령이 방문하는 남포의 명물 서해 갑문, 청년영웅도로, 평화자동차 공장을 미리 둘러보자.
남북 정상이 만나 합의할 내용을 기대하는 것 만큼 이번 방문지에 담긴 사연을 읽는 재미도 쏠쏠하다.
세계를 놀라게 한 혁명의 상징, 서해 갑문 남포는 평양 못지않게 인기를 끌고 있는 북쪽 최대 공업 도시자 항만 문화 도시다.
또한 남북을 잇는 물류 중심지로 주목 받고 있다.
남포 서해 갑문은 북측에서 먼저 노무현 대통령에게 방문을 권유했을 정도로 북쪽의 자랑거리다.
5년이라는 짧은 기간에 20리 바다를 막고, 갑문을 건설한 것은 세계 유수의 전문가도 혀를 내두를 정도로 역사상 보기 드물ㄴ 일이었다.
1967년 평양에 홍수가 나면서 북은 엄청난 피해를 겪었다.
당시 대동강 상류에 몇 개의 갑문을 세워 물 조절을 했으나 서해에서 밀려오는 대규모 밀물은 막아낼 재간이 없었다.
물론 그 피해는 다 북쪽의 국민들이 받았다.
이에 북은 1981년 5월부터 1986년 6월까지 40억 달러를 투자해 5년 만에 서해 갑문을 건설했다.
북쪽 전문가들은 5년이라는 짧은 시간 안에 서해 갑문을 만들ㄴ 것은 국민의 피해를 하루라도 빨리 막고, 경제 산업 전반에 필요한 용수들을 확충하는 위한 과정이었다고 평가한다.
이 갑문은 남포시 영남리와 황해남도 은율군 송관리 사이의 대동강 하구에 위치하고 있으며, 폭 14m, 길이 7km의 둑을 쌓고 3개의 갑문과 댐, 수문 36개가 설치돼 있다.
이는 미림 갑문, 봉화 갑문과 함께 북한의 3 대 갑문 중 하나로, 세계적 규모를 자랑한다.
서해 갑문은 대동강 종합 개발 계획의 일환으로 1981년 5월 4일 착공했다.
북한은 처음 완공 목표를 3년으로 하고 1개 군대 규모의 병력과 수만 명의 노동자를 투입했다.
공사 기간에는 남포 갑문으로 불렀으나, 완공 후 서해 갑문으로 이름을 바꿨다.
서해 갑문은 평남 황남의 20 만 정보에 해당하는 농업 용수와 남포 공업 지구의 공업 용수를 확보하는 데 큰 역할을 했다.
북한 방송에 따르면 서해 갑문이 건설되면서 대동강의 소금 농도가 기존 0.35%에서 0.006%로 줄어 들어 어류와 조류의 서식에 유리한 환경이 조성됐다고 한다.
이밖에 대동강 하류 지역의 홍수 방지, 내륙 수상 운수 확충, 남포와 황남 간의 육로 수송 단축, 남포 대동강 지역의 풍치 조성, 인공 호수에서의 양식업 개발 등 다양한 기능을 하고 있다.
또 총 8㎞의 방조제를 쌓았으며 제방 및 갑문 위로 4차 선 도로와 철도를 설치했다.
실제 2006년 북한 조선중앙방송의 보도에 따르면 준공 된 이후 20년 간, 화물선 2만 7천 500척을 비롯해 19만 2천 800여 척의 크고 작은 선박이 통과했다.
또 남포항을 비롯한 무역항들의 화물선 통과 능력이 훨씬 커져, 5 만 톤 급 대형 선박이 드나들ㄹ 수 있게 됐다.
이러한 위엄에 걸맞게 지난 1992년 정원식 당시 국무총리, 1994년 지미 카터 전 미국 대통령, 2005년 메가와티 전 인도네시아 대통령 등 국내외 주요 인사가 서해 갑문을 방문했다.
북한은 서해 갑문을 김정일 노동당 총비서가 특별한 의미를 부여한 첫 인공 위성 '광명성 1호' 1 만 톤 프레스 황해 제철소 산소 열법 용광로 함남 금야군 광명성 제염소 등과 함께 '5대 경제 성과물'중 하나로 평가하고 있다.
청년이 만들ㄴ 기적, 청년영웅도로 한편 남포로 가는 길에 빼 놓을 수 없는 명물이 바로 청년영웅도로다.
청년영웅도로는 평양과 남포를 잇는 구간 42km, 왕복 10차 선 고속도로를 일컫는 말로, 북한의 청년동맹 산하 조직인 '속도전청년돌격대'에 의해 건설됐다.
이 도로는 1998년, 11월 김정일 국방위원장의 지시로 시작해 1년 11개월 만에 공사를 마치고 조선노동당 창당 55주년을 기념해 2000년 10월 10일 완공됐다.
당시 북은 미국의 경제 봉쇄와 홍수의 자연 재해가 겹쳐 온 국민이 굶주림과 고통에 시달린'고난의 행군'시기였다.
청년들은 이 어렵ㄴ 시기를 청년들이 이겨 내겠다는 각오와 결심으로 특별한 장비 없이 도로를 건설해 냈다.
원래 명칭은 '평양~남포 고속도로'이었으나 이를 건설한 청년들의 영웅적 기상을 살려 '청년영웅도로'이라 불린다.
청년영웅도로 건설에는 5 만 명의 청년들이 참가했으며, 그 중 35명은 '노력 영웅' 칭호를 수여 받았다.
당시 최고인민회의 상임 위원회는 '청년영웅도로 건설에서 특출한 노력적 위훈을 세운 건설자에게 조선민주주의인민공화국 노력영웅 칭호를 수여함에 대해'이라는 정령을 통해 김영수 돌격대장 등 35명에게 노력영웅 칭호와 함께 금메달 및 국기 훈장 제1 급을 수여했다.
북은 청년영웅도로 건설 사업을 “청년들이 역사에 유례 없는 '고난의 행군', 강행군에서 승리자의 영예를 떨쳤다“며 “붉은기를 높이 들고 조국의 강성 부흥을 위한 성스럽ㄴ 투쟁에 청춘의 지혜와 열정을 남김없이 바쳐 가고 있는 자랑찬 현실“이라고 평가했다.
제2의 '휘파람'붐 일으킨 평화자동차 공장 청년영웅 고속도로 남포 쪽 끝자락에 위치한 평화자동차 공장은 어쩌면 남포의 명물 중 우리에게 가장 친숙한 시설이자, 북한의 발전된 경제 기술을 확인하는 계기가 될지 모른다.
현재 이 공장은 남북 경협의 대표적 성공 사례자 자동차 합영 생산으로 남북 관계의 질을 한 단계 끌어 올렸다는 평가를 받고 있다.
합영 생산이란, 북한과 외국(남한 포함)이 자본을 함께 출자하고 회사도 공동으로 경영하는 방식을 의미한다.
평화자동차 공장은 1997년 11월 5천 500 만 달러를 투자해 첫 진출한 이후, 2001년 1단계로 남포에 자동차 수리 개조 및 조립 공장 준공 검사를 마치고 2002년 2월 첫 번째 자동차를 출고했다.
특히 이태리 피아트 모델을 개조해 최초의 독자 모델로 개발한 1600cc의 '휘파람'은 북한 도로 사정에 적합하고 연비가 적게 들ㄴ다는 장점이 있어 북측 시장에서 선풍적인 인기를 모으고 있다고 한다.
그밖에 소형 지픈 뻐꾸기와 사파리 형태의 뻐꾸기 II 등 신기종을 출고하고 있다.
평양에서 42km 떨어진 남포에 세운 평화자동차 조립 생산 공장에는 150~200여 명의 북측 기술자들이 주로 패널 조립, 도색, 엔진, 트랜스미션 분야의 선진 조립 기술을 집중적으로 터득하고 있다.
이들은 북측 자동차 산업을 세계 최고로 도약시키겠다는 일념으로 구슬땀을 흘리고 있다.
자동차 산업은 2 만 개 이상의 부품이 들어가는 점에서 유관 산업 연관 효과가 적지 않다.
또한 자동차 산업은 우수한 기술 인력과 첨단 기술을 확보할 수 있다는 점에서 북측 지도부에서도 남다른 애착을 갖고 물심양면으로 지원하는 것으로 알려져 있다.
환영식 도열 북 주요 면면 7년 전 순안공항 때 비해 일부 변화 평양 4.25문화회관 공식 환영식에서 노무현 대통령을 영접한 북한 고위 간부들의 면면은 2000년 정상회담 때에 비해 일부 변화가 보였다.
김정일 위원장은 노 대통령이 김영남 최고인민회의 상임 위원장과 함께 평양 시내 거리를 돌면서 카퍼레이드를 펼친 뒤 4.25문회 회관 앞에 들어서기 직전에 모습을 나타냈다.
그러나 김 위원장은 예상대로 부인을 동행하지 않았다.
김 위원장과 함께 공식 환영식에 나타난 주요 북측 인사는 김영일 내각 총리, 최태복 노동당 비서 겸 최고인민회의 의장, 양형섭 최고인민회의 상임위 부위원장, 김영대 최고인민회의 상임위 부위원장, 박순희 조선민주여성 동맹(여맹) 중앙 위원장 등 2000년 때와 마찬가지로 최고인민회의 상임 위원회와 근로 단체 간부들이 주를 이뤘다.
박순희 여맹 위원장은 권양숙 여사의 상대역을 맡을 것으로 예상된다.
대미 외교를 총괄하는 강석주 외무성 제1 부상도 환영식에 나와 노 대통령과 인사를 나눴다.
군부에서는 김일철 인민 무력부장, 국방위원회의 리명수 대장 외에 크게 눈에 띄는 인사는 없었다.
김일철 부장은 2000년 정상회담 때에는 공항에 나오지 않았다.
반면 당시 김대중 대통령을 영접했던 인물 중 고령에다 건강이 좋지 않은 조명록 국방위 제1 부위원장은 이번에는 모습을 드러내지 않았다.
또 김국태 노동당 비서도 이번에는 나타나지 않았다.
이번 환영식에서 구부정한 노구로 김 위원장 뒤에서 따라가는 모습이 화면에 잡혀 눈길을 끌ㄴ 사람은 77세의 전희정 국방위원회 외사국장으로, 김 위원장 의전 담당이다.
그는 2000년 정상회담 때 김대중 대통령을 제일 먼저 기내 영접했던 인물로, 80년대부터 고 김일성 주석과 김 위원장의 모든 대회 활동 의전을 전담해 온 최고 베테랑이다.
그는 이번에도 4.25문회 회관에 나온 김정일 위원장을 바로 곁에서 안내했으며 노 대통령이 도착한 이후에도 두 정상을 옆에서 안내했다.
김정일 위원장 직접 영접에 외신 '주목' 김정일(金正日) 북한 국방위원장이 2일 '2007년 남북정상회담'을 위해 평양에 도착한 노무현(盧武鉉) 대통령을 직접 영접한 데 대해 외신들도 주목하는 모습이었다.
평소 모습을 잘 드러내지 않는 김 위원장이 예고도 없이 공식 환영 행사가 열린 평양 4.25문화회관에 모습을 드러내자 주요 외신들은 모두 긴급 기사를 타전하는 등 큰 관심을 보였다.
24시간 뉴스 전문 채널인 미국 CNN는 이날 오전 노 대통령이 청와대를 떠나는 장면, 군사 분계선(MDL)을 도보로 건너는 장면을 생중계한 데 잇어 김 위원장이 노 대통령을 영접하는 장면도 실시간으로 시청자들에게 전송했다.
각국의 주요 뉴스 통신사들도 4.25문화회관에 김 위원장이 모습을 드러내는 순간부터 긴급 기사를 쏘아댔다.
일본의 교도(共) 통신은 김 위원장의 모습이 확인되자마자 '김 위원장, 평양서 노 대통령 영접'이라는 제목만으로 긴급 기사를 타전했다.
프랑스의 AFP 통신은 서울발 긴급 기사에서 “예정에도 없이 나타난 김 위원장은 수백 명의 시민이 참석한 공식 환영 행사에서 노 대통령과 악수를 했다“고 놀라움을 표시했다.
러시아의 이타르타스 통신은 평양발 기사에서 “김 위원장이 공식 환영 행사에 나타나 노 대통령을 환영했다“면서 “애초 김영남 최고인민회의 상임 위원장이 노 대통령을 영접할 것으로 알려졌었다“고 자세히 설명했다.
독일의 dpa 통신은 “은둔 성향의 김 위원장이 환영 장에 모습을 드러낸 것은 미리 발표되지 않았던 '깜짝 뉴스'이었다“고 보도했다.
또 AP 통신은 서울발 기사에서 “김 위원장은 천천히 걸으면서 가끔 군중을 향해 가볍게 손뼉을 치는 모습을 보이는 등 차분하면서도 별다른 감정을 보이지 않았다.
노 대통령은 매우 기뻐하면서 활짝 웃었다“고 분위기까지 상세하게 전했다.
로이터 통신도 “노 대통령이 자동차에서 내리는 순간 잘 차려 입고 환영 행사에 참석한 북한 주민들은 꽃을 흔들며 환호했다“면서 “잇어 엄숙한 표정의 김 위원장이 노 대통령과 악수를 했다“고 두 정상이 만난 역사적 순간을 묘사했다.
한편 뉴욕타임스(NYT)와 워싱턴포스트(WP) 등 미국의 주요 일간지들도 인터넷판에 남북정상회담과 관련한 AP, 로이터 등 뉴스 통신사 기사를 신속하게 게재하는 등 큰 관심을 보였다.
노 대통령/김 위원장 차분한 첫 만남 노무현·김정일“반갑습니다” 김 위원장 시종 무표정 포옹 없어 10월 2일 낮 12시 정각.
평양 모란봉 구역의 4.25문화회관 광장.
노무현(盧武鉉) 대통령과 김영남 북측 최고인민회의 상임 위원장이 나란히 무개차에 탄 채 광장에 진입했다.
광장에서 대기하던 수천 명의 평양 시민들은 연분홍색.보라색.붉은색 꽃술을 흔들며 환호했다.
광장에는 5분 전부터 김정일 국방위원장이 기다리고 있었다.
노 대통령은 천천히 차에서 내린 뒤 10 정도를 걸어 김 위원장과 악수를 나눴다.
남과 북의 정상이 7년 여 만에 다시 손을 맞잡는 순간이었다.
남북의 정상이 처음으로 만났던 7년 전보다는 흥분이 다소 덜했지만 두 정상이 다시 만났다는 사실만으로도 충분히 가슴 벅찬 장면이었다.
두 정상은 옅은 미소를 띠며 “반갑습니다“라고 인사를 나눴다.
김 위원장은 권양숙 여사와도 악수를 나눴다.
두 정상은 잇어 문화 회관 광장에 깔린 붉은색 카펫을 밟으며 나란히 북한 육.해.공 의장대의 사열을 받았다.
2000년 정상회담 때와 마찬가지로 국가 연주나 축포는 없었으며 사열 내내 두 정상의 표정은 약간 굳어 있는 느낌이었다.
사열을 마친 노 대통령은 북측 전희정 김정일 위원장 의전 비서의 안내를 받으며 김영일 내각 총리, 강석주 외무성 부상, 박순희 여성동맹 위원장을 비롯한 당.정.군 고위 인사 21명과 인사를 나눴다.
그때서야 노 대통령의 얼굴은 다소 펴졌지만 김 위원장은 조용히 뒤에서 지켜 볼 뿐 이렇다 할 표정은 보이지 않았다.
노 대통령은 북측 여성들로부터 받은 꽃다발을 높이 들어 평양 시민들의 환영 함성에 화답했고 시민들의 `만세' 소리는 더욱 높아졌다.
김정일 위원장도 남측 공식 수행원들과 일일이 악수를 나눴다.
김 위원장은 대북 특사로 방북했던 김만복 국가정보원장과는 몇 마디 말을 주고 받는 등 친근감을 보이기도 했다.
다른 수행원은 김 위원장과 악수하며 모두 고개를 약간씩 숙였지만 김장수 국방장관만은 고개를 숙이지 않는 모습도 목격됐다.
두 정상은 12시 6분께 나란히 연단에서 북측 의장대의 분열을 지켜 본 뒤 평양 시민들의 계속되는 함성에 답례했다.
노 대통령은 계속 손을 흔들었고 두세 발짝 뒤에서 걸어 오던 김 위원장도 가끔 박수를 쳤다.
환영 인파의 행렬 끝에 도착한 두 정상은 12시 11분께 다시 가볍ㄴ 악수를 나눈 뒤 각각 전용차에 올랐다.
2000년 정상회담 때와 같은 `깜짝 동승'이 연출되지는 않은 것이다.
노 대통령은 숙손 백화원 초대소로 향했고 김 위원장이 탄 차는 노 대통령 반대 쪽으로 사라졌다.
두 정상의 첫 만남은 12분여 만에 끝났고 공식 환영식이 진행되는 동안 두 정상은 처음 악수할 때를 제외하고는 별다른 말을 주고 받지 않았다.
한 당국자는 “만나는 것 자체만으로 대단한 이슈였던 2000년 정상회담 때에 비해서는 다소 차분한 분위기였던 것이 사실“이라며 “이번 회담이 실용적으로 진행될 것이라는 점을 보여 준 것 아니겠느냐“고 평했다.
앞서 노 대통령은 이날 오전 11시 40분께 평양 시내 인민문화궁전 광장에서 김영남 상임 위원장의 영접을 받고 함께 무개차에 올라 4.25문화회관까지 20분 정도 카퍼레이드를 펼쳤다.
연도에 늘어선 수십만 평양 시민들은 저마다 붉은색.분홍색 꽃술을 들고 `만세'와 `조국 통일' 등의 함성을 외치며 노 대통령을 맞았으며 노 대통령은 연방 손을 흔들며 답례했다.
노 대통령과 김 상임 위원장은 카 퍼레이드를 하는 동안 평양 시내의 건물과 지리, 최근 날씨 등을 화제로 담소를 나눴다고 천호선 청와대 대변인이 전했다.
김정일 노 대통령 직접 영접 최고 의전 재연 “2번째고 예상됐던 것이어서 긴박성 떨어져““평양 순안공항의 감격을 4.25문화회관으로“김정일 국방위원장이 직접 나서 4.25문화회관에서 노무현 대통령을 영접함로써 최고의 의전을 재연했다.
노 대통령이 서울을 떠날 때만 해도 공식 환영식은 개성/평양 고속도로의 평양 초입인 조국통일3대헌장기념탑에서 김영남 최고인민회의 상임 위원장이 참석한 가운데 열리는 것으로 예정됐었다.
그러나 행사장이 4.25문화회관으로 바뀌면서 김 위원장이 참석할 것이라는 관측이 제기됐고, 노 대통령이 행사장에 도착하기 7분여 전에 미리 식장에 나와 기다리는 등 예우를 갖췄다.
북한은 특히 평양 인민문화궁전에 헌법상 원순 김영남 상임 위원장을 보내 노 대통령을 영접하고 무개차를 이용해 연도의 평양 시민들의 환영을 받으면서 행사장까지 이동하게 하는 등 노 대통령에 대한 예우를 위해 다양한 노력을 보였다.
김 위원장은 4.25문화회관에서 노 대통령과 악수하고 레드 카펫을 밟으면서 인민군 의장대를 사열하고 북측 고위 인사들과 인사를 나누기도 했다.
하지만 이번에는 2000년 정상회담 때와 달리 노 대통령과 함께 차량에 동승하는 파격은 이루어지지 않았다.
인민군 의장대 사열과 분열, 남북 양측 인사들에 대한 간단한 소개를 마친 뒤 남북 정상은 각자의 차량을 타고 행사장을 빠져 나갔으며 노 대통령은 권양숙 여사와 동승해 숙손 백화원 영빈관으로 향했다.
이에 따라 이번 김정일 위원장의 노 대통령 영접은 남북정상회담이 2000년에 잇어 두 번째라는 점에서 차분함를 유지하는 가운데 북한이 그동안 보여 온 일반적인 국빈 영접 관례에 따른 것이라는 평가가 나오고 있다.
김 위원장 입장에선 2000년 정상회담 당시 자신보다 16살이나 많은 '삼촌뻘'의 김대중 대통령과 만났을 때는 연장자를 모시는 극진함를 보였지만, 이번에는 노 대통령이 1946년생으로 환갑이 갓 지난 61세며, 자신은 이보다 4살 많은 65세라는 점이 영접 분위기의 차이를 낳은 것이 아니냐는 풀이도 나온다.
하지만 김 위원장이 그동안 직접 영접한 인사는 김대중 전 대통령, 블라디미르 푸틴 러시아 대통령, 장쩌민(江澤民) 전 중국 국가 주석과 후진타오(胡錦) 현 중국 국가 주석 등 4명에 불과하다는 점에서 절제됐지만 극진한 환영을 한 것이라는 평가다.
한 대북 전문가는 “김 위원장의 영접에 다소 긴박감이 떨어진 것처럼 느껴지는 것은 이번 회담이 두 번쨀 뿐 아니라 영접을 나올 것이라는 예상을 하고 있었기 때문“이라며 “김 위원장이 다시 나오고 인민군 의장대 사열, 김영남 상임 위원장의 영접 등을 감안하면 북한은 최고의 예의를 갖춘 것으로 봐도 될 것“이라고 말했다.
중국 언론, 노 대통령 방북 톱뉴스로 보도 중국 언론들은 2일 노무현(盧武鉉) 대통령이 7년 만의 남북 정상회담을 갖기 위해 도보로 군사 분계선을 넘어 북한을 방문한 사실을 주요 뉴스로 보도하는 등 깊은 관심을 나타냈다.
관영 신화통신은 2일 `노무현, 걸어서 군사 분계선 넘어 방북'이라는 제목 아래 제2차 남북정상회담 관련 뉴스를 신속 보도했다.
신화통신은 노 대통령이 한국 대통령으로서는 처음으로 군사 분계선을 도보로 건넌 사실에 주목하고 북한 관리들이 군사 분계선 북측 지역에서 노 대통령의 방북을 환영했다고 전했다.
신화통신은 또 노 대통령이 평양 도착 직후 4.25문화회관에서 열린 환영 행사에서 김정일 위원장의 직접 영접을 받는 내용도 전했으며 이에 앞서 북한이 노 대통령의 방북 환영 준비에 바쁜 모습도 타전했다.
통신은 또 각종 서울과 평양 특파원당 공동 명의로 `남북 두 번째 악수'이라는 제목 아래 분석 기사를 통해 남북 정상회담을 전망하고 성과와 과제 등에 대해서도 예측해 보는 등 뜨겁ㄴ 관심을 보였다.
중국 국영 CCtv(中央電視臺)도 이례적으로 이날 오전 노 대통령이 걸어서 군사 분계선을 넘어 북측 관할 지역으로 넘어 가는 장면을 방영하는 등 큰 관심을 나타냈다.
CCtv 뉴스 채널은 노 대통령의 방북 장면을 내보내는 동시에 남북정상회담 개최 관련 기사를 주요 뉴스로 보도하면서 노 대통령이 부인 권양숙(權良淑) 여사와 함께 청와대를 출발하는 모습과 평양 시내 자료 사진 등도 방영했다.
CCtv는 지난 2000년 6월에 있었던 제1차 남북정상회담에 대한 중국 신문들의 기사와 사진도 곁들였다.
이 밖에도 공산당 기관지 인민일보 등 주요 신문들도 노 대통령의 방북 기사를 국제 면 머릿기사로 다뤘고 포털 사이트들도 주요 기사로 취급하며 관심을 보였다.
일 외상 “한반도 비핵화 진전 기대“일본의 고무라 마사히코(高村正彦) 외상은 2일 노무현(盧武鉉) 대통령과 김정일 국방위원장의 남북한 정상회담에 대해 “한반도의 비핵화와 지역 전체의 평화와 안정에 기여할 수 있기를 바란다“며 회담의 성과에 기대감을 표명했다.
고무라 외상은 이날 기자 회견에서 한국 측이 정상회담에서 일본인 납치 문제를 거론하기로 한 점에 언급, “납치된 일본인 전원을 돌려달라는는 말을 해 달라고 부탁했다.
어느 정도 말을 해 줄 것인지 알ㄹ 수 없지만 기대하고 있다“고 밝혔다.
마치무라 노부타카(町村信孝) 관방 장관은 이날 회견에서 “동북아시아의 긴장 완화라는 의미에서도 성과가 나오기를 기대한다“고 말했다.
코스피 지수, 2개월 마에 장 중 2,000선 재돌파 코스피 지수가 '2007 남북정상회담' 호재와 뉴욕 증시의 사상 최고치 돌파 소식에 장 중 2,000선을 재돌파했다.
2일 오후 1시 31분 현재 코스피 지수는 전날에 비해 41.60 포인트(2.12%) 오른 2,004.27를 기록 중이다.
지수가 2,000선을 넘어선 것은 7월 26일 2,015.48로 장 중 사상 최고가를 기록한 이후 2개월여 만에 처음이다.
닷새 만에 매수세로 돌아선 외국인은 3천 683 억 원, 기관은 205 억 원 매수 우위를 보이고 있는 반면 개인은 3천 768 억 원 순 매도를 나타내고 있다.
증시 전문가들은 7년여 만에 열리는 남북 정상회담으로 투자 심리가 개선된 상황에서 전날(현지 시간) 뉴욕 증시의 다우 지수가 2개월 만에 14,000선을 넘어 사상 최고가를 기록하면서 주식 시장에 매수세가 몰렸다고 설명했다.
남쪽 공식 수행원 '정상회담용 특별 휘장' 착용 '2007 남북정상회담'의 남측 수행원 13명 전원은 방북 기간 왼쪽 가슴에 회담용으로 특별히 제작한 휘장을 착용했다.
김정섭 청와대 부대변인은 2일 서울 소공동 롯데호텔에 설치된 프레스 센터에서 회담을 기념해 만들ㄴ 휘장을 공개하면서 “공식 수행원들이 회담 대표로서 북측과 정상회담에 배석한다는 표식을 하려고 상징적으로 만들었다“고 밝혔다.
무궁화 모양의 이 휘장은 금색 테두리에 흰색 바탕으로 왼쪽에 태극기, 오른쪽에는 한반도 기를 배치했다.
파란색의 한반도에는 제주도와 함께 울릉도와 독도까지 표시됐으며 두 기가 교차하는 아래에는 '남북정상회담 2007.9.2~4, 평양'이라는 문구가 두 줄로 들어가 있다.
이 휘장은 공식 수행원을 위한 것으로 노 대통령 내외는 휘장을 착용하지 않는다.
지난 2000년 첫 정상회담 당시에는 남측 수행원 모두 상의에 2 3cm 크기의 태극기 배지를 착용했고 북측 관계자들은 '김일성 배지'를 달았었다.
이번에 노 대통령이 탄 전용차에는 태극기와 함께 봉황 문양이 그려진 깃발을 달았다.
환영식장, 4.25문화회관 교체 배경 김정일 영접 위해 이중 플레이 2007 남북정상회담 참석을 위해 방북한 노무현(盧武鉉) 대통령에 대한 공식 환영식 장소가 조국 통일 3대헌장기념탑에서 4.25문화회관으로 바뀐 것은 김정일 국방위원장이 직접 영접하기 위해서라는 것이 대체적인 관측이다.
북한 우리 측과 준비 회담에서 공식 환영식 장소로 3대헌장기념탑을 제시했지만, 사실은 이미 내부적으로 4.25문화회관을 확정해 놨던 것으로 보인다.
북한에서는 김정일 위원장의 신변 안전을 위해 김 위원장의 동선을 사전에 노출하지 않는 것이 철저한 관롄 만큼 그동안 공개적으로는 3대헌장기념탑을 환영식 장소로 발표해 시선을 그쪽으로 끌어 놓고는 갑작스럽게 바꾼 것이라는 지적이다.
2000년 정상회담 때도 당시 김대중 대통령 일행은 김 위원장이 순안공항에 나올지 여부를 모른 채 평양에 도착했다가 갑자기 모습을 나타낸 김 위원장의 모습에 놀랐었다.
다만 당시 임동원 국가정보원장 등은 북측의 여러 정황을 통해 김 위원장의 공항 영접 가능성을 점치고 있었다고 후일담에서 회고하고 있다.
북한이 4.25문화화관을 환영 장소로 택한 것은 이 곳이 군 관련 시설이어서 보안이나 경호에 편리하다는 점이 우선 고려된 것으로 풀이된다.
1975년 10월 7일 건립된 4.25문화회관은 북한 인민군과 그 가족들의 사상.문화.교양 공간으로, 군이 관리.운영하는 시설이며 '4.25'는 북한 군의 창건 기념일이다.
군이 관리.운영하는 시설인 만큼 북한 당국의 이중 플레이 속에서 인력을 동원해 행사를 내부적으로 준비하기 수월했을 뿐 아니라 김 위원장의 경호를 하는 데도 큰 어려움이 없었을 것이라는 지적이다.
또 북한이 '선군정치'를 내세우고 있는 가운데 노 대통령의 환영 행사를 4.25문화회관에서 치름로써 선군정치의 정당성을 강조하고 내부적으로 주민들에 대한 선전 효과를 극대화하려는 것 아니냐는 분석도 나온다.
여기에다 4.25문화회관에서 환영 행사를 열면, 방북한 해외의 국빈들이 순안공항에 도착해 평양을 도는 카퍼레이드 코스를 돌ㄹ 수 있다는 점도 고려된 것으로 예상된다.
이곳을 출발해 개선문으로 연결돼 평양의 중심을 도는 코스가 일반적인 국빈 환영 퍼레이드 코스라는 점도 감안했다는 분석이다.
청와대서 평양 시내까지 '4시간' 서울에서 평양까지는 그리 멀지 않았다.
노무현 대통령은 4시간도 걸리지 않아 단숨에 분단의 벽을 넘어 평양까지 내달렸다.
노 대통령은 2일 오전 7시 55분께 태극기와 봉황 문양이 그려진 깃발이 달린 벤츠 S600 전용차를 타고 청와대를 출발해 세종로와 마포로, 강변북로, 자유로를 거쳐 통일대교를 넘어 조용한 아침 출근 길을 달렸다.
장관과 청와대 비서진으로 구성된 공식 수행원 13명도 2인씩 에쿠스 차량편으로 동행했다.
경찰 선도 차량과 오토바이의 호위를 받은 채 노 대통령 내외와 공식 수행원 차량은 47분 만에 민통선 지역으로 들어가는 교량인 통일대교에 진입했다.
민통선 마을인 통일촌 주민과 민주평화통일자문회의 회원 등 700여 명은 오전 8시 42분께 대통령 일행이 통일대교 남단에 들어서자 도로 양쪽에 길게 늘어서 태극기와 풍선을 흔들며 환송했다.
노 대통령은 부인 권양숙 여사와 함께 차에서 잠시 내려 환송 시민들에게 다가가 반갑게 웃으면서 손을 흔들었다.
잇어 노 대통령 내외는 채이도 민주평통 파주시 협의회장의 안내를 받으면서 환송 나온 소녀 2명과 사진 촬영을 했다.
노 대통령 내외는 통일대교 남단 철조망에 걸린 `정상끼리 어깨동무, 평화 정착 경제 펄펄'이란 통일 염원을 담은 리본을 읽은 뒤 다시 차에 올라 차창을 열고 손을 흔들며 환송 행렬에 화답했다.
출발에 앞서 노 대통령은 국무 위원들과 10여 분 간의 간담회를 한 뒤 5분 간 방북에 앞선 `대국민 인사'를 했다.
노 대통령의 목소리는 차분했으며 연설 도중 간간이 미소를 띠기도 했다.
노 대통령은 경의선 도로 남북출입사무소(CIQ)를 지나 청와대를 출발한 지 한 시간을 조금 넘어 군사 분계선(MDL)에 도착했다.
군사 분계선 앞 약 30 지점에서 내린 노 대통령은 권 여사와 함께 MDL 바로 앞에서 소감을 밝힌 뒤 분계선을 넘었다.
대한민국 국가 원수가 지구상에 남은 마지막 냉전의 상징이자 한반도 분단의 현실인 군사 분계선을 도보로 넘어 방북한 것은 사상 처음으로, 이 역사적인 장면은 TV로 생중계됐고 CNN 등 외신들도 실시간으로 보도했다.
대통령의 심정은 어땠을까.
노 대통령은 군사 분계선을 통과하기 전에 “오늘 이 자리에 선 심경이 착잡하다“고 말했다.
노 대통령은 “눈에 보이는 것은 아무것도 없는데 여기 있는 이 선이 지난 반 세기 동안 우리 민족을 갈라 놓고 이 장벽 때문에 우리 국민들은, 우리 민족들은 너무 많은 고통을 받았다“고 소회를 밝혔다.
대통령이 성큼성큼 열 걸음쯤 뗐을까.
원래 아무 표식도 없지만 이번 행사를 위해 특별히 노랗ㄴ 선으로 그어 놓은 군사 분계선 앞에서 노 대통령은 잠시 멈춰 숨을 고르는가 싶더니 성큼 넘어섰다.
이 역사적 순간은 2007년 10월 2일 오전 9시 5분이었다.
군사 분계선 너머에서는 김정일 국방위원장의 측근인 최승철 통일전선부 부부장과 최룡해 황해북도 당 책임 비서 등이 기다리고 있었다.
노 대통령은 밝은 얼굴로 북측 영접 인사들과 악수를 나눴고 한복을 곱게 차려입은 북측 여성들로부터 꽃다발도 받았다.
노 대통령은 오전 9시 9분께 “잘 다녀오겠습니다“라고 손을 흔들ㄴ 뒤 다시 전용차에 올라 평양으로 향했다.
앞서 특별 수행원 49명과 일반 수행원 88명, 기자단 50명 등 대표단과 대통령 전담 요리사, 오만찬 진행 요원 등 행사 지원 인원들은 오전 6시께 서울 경복궁 주차장에서 수십 대의 버스에 나눠 타고 먼저 출발했다.
이들은 군사 분계선 남쪽 2.7㎞ 지점에 있는 남북출입사무소에서 수속 절차를 밟은 후 버스편으로 군사 분계선을 넘어 3.8㎞ 정도 북쪽으로 달려 개성 공단 초입에 있는 북측 CIQ인 통행 검사소에서도 별도의 수속 절차를 밟았다.
노 대통령 일행은 북측 CIQ를 그대로 통과해 `교류 협력의 땅' 개성 공단 부근으로 진입했다.
한반도 기를 흔들며 환영하는 개성 공단 근로자들을 뒤로 한 채 노 대통령은 안암 굴 터널을 통과해 왕복 4차 선 160㎞에 달하는 평양/개성 고속도로를 북녘 산하를 보면서 내달렸다.
지난 여름 수해로 일부 파손됐던 개성/평양 고속도로는 말끔히 보수돼 있었다.
노 대통령은 차창 밖으로 보이는 장면에 많은 감회를 느꼈을 것으로 짐작된다.
노 대통령 일행은 개성에서 70㎞를 더 달려 황해북도 서흥군 수곡 휴게소에서 20여 분 간 휴식을 취하면서 최승철 부부장 등과 환담을 했다.
노 대통령은 휴게소 내부의 민화 등 그림 전시장을 둘러봤고, 매대 물품들을 보면서 “우리 남쪽에서도 이런 상품들은 선물용으로 많이 쓰이는 것 같더라“고 말하기도 했다.
평양행을 재촉한 노 대통령 일행은 평양 시내 통일의거리와 충성의다리를 통해 대동강을 건너 공식 환영 행사가 열리는 4.25문화회관 광장에 낮 12시께 도착했다.
4.25문화회관은 북한에서 국가적인 중요 행사를 치르는 대표적인 문화 시설로, 북한의 군 창건일인 4월 25일을 기념해 이름 붙여졌다.
광장 주변에 운집한 평양 시민들은 양복과 한복을 곱게 차려 입고 꽃술(꽃다발)을 흔들며 노 대통령 일행의 도착을 열렬히 환영했다.
청와대를 떠나 평양까지 걸린 시간은 채 4시간도 걸리지 않았다.
김정일 위원장, 노무현 대통령 직접 영접?노 대통령 “남북 합쳐 평화 역사 정착“노무현(盧武鉉) 대통령은 김정일(金正日) 북한 국방위원장과의 남북정상회담을 위해 2일 오전 대한민국 국가 원수로는 처음으로 군사 분계선(MDL)을 걸어서 넘어 방북했다.
노 대통령의 이번 방북은 지난 2000년 남북 분단 이후 처음으로 이루어졌던 김대중 당시 대통령의 방북 이래 7년 만의 일이다.
노 대통령은 평양 도착 직후 4.25문화회관에서 열린 환영 행사에서 김정일 위원장의 직접 영접을 받았다.
7년 전 김 위원장은 평양 순안공항에 예정에 없이 나타나 김대중 당시 대통령을 영접하는 파격을 연출한 바 있다.
노 대통령은 방북 이틀짼 3일 오전과 오후 두 차례에 걸쳐 김 위원장과 공식 정상회담을 갖고 남북 공동 번영, 한반도 평화, 화해와 통일을 주제로 평화 체제 구축 방안과 경협 문제 등에 관해 포괄적인 의견 교환을 할 것으로 알려졌다.
특히 두 정상은 회담 결과에 따라 `평화 선언' 형태의 합의문을 채택할 가능성도 있는 것으로 관측되고 있다.
이에 앞서 노 대통령은 2일 오전 전용차편으로 청와대를 떠나 1시간여 만에 군사 분계선 앞 약 30 지점에 도착해 하차한 뒤 부인 권양숙(權良淑) 여사와 함께 오전 9시 5분께 걸어서 MDL를 넘었다.
노 대통령은 잇어 평양 개성 간 고속도로를 달려 이날 오전 11시 30분께 평양에 도착했으며, 도착 직후 북한 동포와 평양 시민에게 전하는 인사말을 발표하는 것으로 2박 3일 간의 방북 일정에 들어갔다.
노 대통령의 공식 환영 행사장은 당초 평양 입구의 조국 통일 3대헌장기념탑에서 4.25문화회관으로 이날 오전 갑자기 변경됐다.
노 대통령은 출발에 앞서 청와대에서 밝힌 대국민 인사를 통해 “이번 남북정상회담은 좀 더 차분하고 실용적인 회담이 될 것“이라며 “여러 가지 의제들이 논의되겠지만 무엇보다 평화 정착과 경제 발전을 함께 가져갈 수 있는 실질적이고 구체적인 진전을 이루는 데 주력하고자 한다“고 밝혔다.
노 대통령은 “지난 2000년 정상회담이 남북 관계의 새 길을 열었다면 이번 회담은 그 길에 가로놓여 있는 장애물을 치우고 지체되고 있는 발걸음을 재촉하는 회담이 될 것“이라고 말했다.
또 “이번 회담이 6자 회담의 성공을 촉진하고 한반도와 동북아의 평화에 기여하는 회담이 될 수 있도록 최선을 다할 것“이라면서 “군사적 신뢰 구축과 인도적 문제에 있어서도 구체적인 합의가 이루어질 수 있도록 최대한 노력하겠다“고 덧붙였다.
노 대통령은 아울러 “욕심을 부리지 않을 것이다.
그렇다고 몸을 사리거나 금기를 두지도 않을 것“이라고 이번 방북에 임하는 각오를 밝혔다.
노 대통령은 군사 분계선을 건너기 직전 밝힌 `평화의 메시지'를 통해 “이 걸음(군사 분계선을 넘는 걸음)이 금단의 벽을 허물고 민족의 고통을 해소하는, 고통을 넘어서서 평화와 번영의 길로 가는 계기가 되도록 노력하겠다“고 밝혔다.
노 대통령은 “이 선(MDL)이 지난 반 세기 동안 우리 민족을 갈라 놓고 있는 장벽“이라면서 “이 장벽 때문에 우리 국민은, 우리 민족은 너무 많은 고통을 받았다.
또 발전이 정지돼 왔다“고 지적했다.
노 대통령은 “다행히 그동안 여러 사람이 수고해서 이 선을 넘어 가고, 또 넘어 왔다“면서 “저는 이번에 대통령으로서 이 금단의 선을 넘어 간다.
제가 다녀오면 또 더 많은 사람들이 다녀오게 될 것이다.
그러면 마침내 이 금단의 선도 점차 지워질 것이고, 장벽은 무너질 것“이라고 강조했다.
노 대통령은 평양 공식 환영 행사 직후 백화원 영빈관으로 이동할 예정이며, 이날 오후에는 김영남 최고인민회의 상임 위원장과 만수대 의사당에서 면담 일정을 갖고, 3대혁명 전시관 내 중공업관을 참관한 뒤 저녁에는 목란관에서 김영남 상임 위원장이 마련한 환영 만찬에 참석한다.
노무현 대통령은 서면을 통해 북한 동포와 평양 시민에게 전하는 도착 성명을 발표했다.
노무현 대통령 평양 도착 성명 북녘 동포와 평양 시민 여러분, 반갑습니다.
여러분의 따뜻한 환영에 마음 속 깊이 뜨겁ㄴ 감동을 느낍니다.
진심으로 감사 드립니다.
북녘 동포 여러분께 남녘 동포들이 보내는 따뜻한 인사를 전합니다.
남북은 지금 화해와 협력의 새롭ㄴ 길을 가고 있습니다.
여러분 한 분, 한 분을 보면서 더 큰 확신을 가질 수 있습니다.
우리의 생각이 간절할수록, 우리의 의지가 확고할수록 그 길은 더욱 넓고 탄탄해질 것입니다.
무엇보다 중요한 것은 평홥니다.
지난날의 쓰라린 역사는 우리에게 평화의 소중함를 일깨워 줬습니다.
이제 남과 북이 힘을 합쳐 이 땅에 평화의 새 역사를 정착시켜 나가야 합니다.
평화를 위한 일이라면 미루지 말고 할 수 있는 것부터 하나하나 실천해 나갑시다.
진심과 성의로써 정상회담에 임하겠습니다.
7 천만 겨레에게 좋은 소식을 전해 드릴 수 있도록 최선을 다하겠습니다.
북녘 동포 여러분께서도 아낌없는 응원과 격려를 보내 주시기 바랍니다.
우리 함께 뜻을 모아 민족의 희망찬 미래를 열어 갑시다.
감사합니다.
2007년 10월 2일 [오전 9시 3분]노무현 대통령 걸어서 '금단의 선 넘었다 국가 원수 최초로 군사 분계선 통과 남북정상회담 참석을 위해 평양으로 출발한 노무현(盧武鉉) 대통령이 2일 오전 도보로 군사 분계선(MDL)을 통과해 북측 관할 지역 내로 진입했다.
이날 오전 7시 55분께 전용차편으로 청와대를 떠난 노 대통령은 1시간여 만에 군사 분계선 앞 약 30 지점에 도착해 하차한 뒤 간단하게 소감을 밝히고 부인 권양숙(權良淑) 여사와 함께 오전 9시 5분께 군사 분계선을 넘었다.
대한민국 국가 원수가 도보로 군사 분계선을 넘어 방북한 것은 사상 처음으로, 이 역사적인 장면은 TV를 통해 생중계됐고, CNN 등 외신들도 긴급 뉴스로 보도했다.
노 대통령은 군사 분계선을 건너기 직전 밝힌 `평화의 메시지'를 통해 “이 걸음(군사 분계선을 넘는 걸음)이 금단의 벽을 허물고 민족의 고통을 해소하는, 고통을 넘어서서 평화와 번영의 길로 가는 계기가 되도록 노력하겠다“고 밝혔다.
노 대통령은 “눈에 보이는 것은 아무것도 없는데 여기 있는 이 선(MDL)이 지난 반 세기 동안 우리 민족을 갈라 놓고 있는 장벽“이라면서 “이 장벽 때문에 우리 국민은, 우리 민족은 너무 많은 고통을 받았다.
또 발전이 정지돼 왔다“고 지적했다.
노 대통령은 잇어 “다행히 그동안 여러 사람이 수고해서 이 선을 넘어 가고, 또 넘어 왔다“면서 “저는 이번에 대통령으로서 이 금단의 선을 넘어 간다.
제가 다녀오면 또 더 많은 사람들이 다녀오게 될 것“이라고 말하고 “그러면 마침내 이 금단의 선도 점차 지워질 것이고, 장벽은 무너질 것“이라고 강조했다.
노 대통령은 “성공적으로 일을 마치고 돌아올 수 있도록 함께 기도해 달ㄹ라“고 국민들에게 당부했다.
노 대통령은 MDL 통과 직후 김정일 위원장의 측근인 최승철 통일전선부 부부장과 최룡해 황해북도 당 책임 비서 등의 영접을 받았다.
노 대통령은 북측 여성으로부터 꽃다발을 받은 뒤 북측 인사들과 기념 촬영을 한 뒤 평양으로 향했다.
노 대통령이 냉전의 산물인 군사 분계선을 도보로 통과한 것은 세계 유일의 분단국이자 최후의 냉전 지대로 남아 있는 한반도에 평화의 필요성을 전 세계에 알리는 효과를 내 포한 것으로 풀이된다.
지난 1948년 4월 19일 백범 김구 선생이 남북 통일 정부 수립을 촉구하며 평양에서 열린 남북 제 정당.사회 단체 대표자 연석 회의에 참석하기 위해 38선을 넘어 갈 때도 이 육로를 이용했다.
김구 선생은 방북하던 중 38선 푯말에서 잠시 내려 기념 촬영을 했다.
노 대통령 군사 분계선 통과 메시지 전문 국민 여러분 오늘 중요한 일을 하러 가는 날이라서 가슴이 무척 설레는 날입니다.
그런데 오늘 이 자리에 선 심경이 착잡합니다.
눈에 보이는 것은 아무것도 없는데 여기 있는 이 선이 지난 반 세기 동안 우리 민족을 갈라 놓고 있는 장벽입니다.
이 장벽 때문에 우리 국민들은, 우리 민족들은 너무 많은 고통을 받았습니다.
발전이 정지돼 왔습니다.
다행히 그동안 여러 사람들이 수고해서 이 선을 넘어 가고 또 넘어 왔습니다.
저는 이번에 대통령으로서 이 금단의 선을 넘어 갑니다.
제가 다녀오면 또 더 많은 사람들이 다녀오게 될 것입니다.
그러면 마침내 이 금단의 선도 점차 지워질 것입니다.
장벽은 무너질 것입니다.
제 이번 걸음이 금단의 벽을 허물고 민족의 고통을 해소하고, 고통을 넘어서서 평화와 번영의 길로 가는 그런 계기가 되도록 노력하겠습니다.
국민 여러분 성공적으로 일을 마치고 돌아올 수 있도록 함께 기도해 주십시오.
잘 다녀오겠습니다.
?
[오전 8:45]노무현 대통령, 남북정상회담 서울 출발 대국민 인사 “평화 정착 경제 발전 구체적 진전에 주력할 것“노무현 대통령은 2일 오전 남북 정상회담을 위해 평양으로 출발하기에 앞서 청와대에서 대국민 인사를 통해 회담에 임하는 자세와 각오를 밝혔다.
노 대통령은 “여러 가지 의제들이 논의되겠지만, 무엇보다 평화 정착과 경제 발전을 함께 가져갈 수 있는, 실질적이고 구체적인 진전을 이루는 데 주력하겠다“고 밝혔다.
노 대통령은 회담에 임하는 각오와 관련해 “시기를 놓치지 않고 한 걸음 한 걸음 착실히 나아가는 것이 중요하다“며 “욕심을 부리지 않겠지만, 그렇다고 몸을 사리거나 금기를 두지도 않을 것“이라고 말했다.
아래는 노무현 대통령 연설문 전문이다.
존경하는 국민 여러분, 저는 오늘부터 사흘 간 평양을 방문합니다.
취임 전후의 긴박했던 상황을 생각해 보면, 이제 한반도 정세나 남북 관계가 정상회담을 열ㄹ 수 있을 만큼 변화했다는 사실이 참으로 다행스럽고 기쁩니다.
오늘이 있기까지 참여 정부의 대북 정책을 믿고 성원해 주신 국민 여러분께 진심으로 감사 드립니다.
국민 여러분, 이번 정상회담은 좀 더 차분하고 실용적인 회담이 될 것입니다.
지난 2000년 정상회담이 남북 관계의 새 길을 열었다면, 이번 회담은 그 길에 가로놓여 있는 장애물을 치우고 지체되고 있는 발걸음을 재촉하는 회담이 될 것입니다.
여러 가지 의제들이 논의되겠지만, 무엇보다 평화 정착과 경제 발전을 함께 가져갈 수 있는, 실질적이고 구체적인 진전을 이루는 데 주력하고자 합니다.
비핵화 문제와 한반도 평화 체제는 궁극적으로 남북의 합의만으로 해결될 수 있는 일은 아닙니다.
그러나 기본 방향을 설정하고 속도를 내는 데 있어서는 남과 북의 의지가 무엇보다 중요하다고 생각합니다.
이번 회담이 6자 회담의 성공을 촉진하고, 한반도와 동북아의 평화에 기여하는 회담이 될 수 있도록 최선을 다할 것입니다.
경제 협력은 많은 진전이 이루어지고 있습니다만, 아직도 많은 장애가 있습니다.
국제적인 요인만이 아니라 남북 간 인식의 차이에 기인한 장애도 적지 않습니다.
이 장애를 극복하지 않고는 본격적인 경제 협력이 속도를 내기는 어렵습니다.
저는 이 인식의 차이를 극복하는 데 노력을 집중할 것입니다.
군사적 신뢰 구축과 인도적 문제에 있어서도 구체적인 합의가 이루어질 수 있도록 최대한 노력하겠습니다.
국민 여러분, 저는 이번 회담에 거는 국민 여러분의 기대와 요구를 잘 알고 있습니다.
많은 국민들과 전문가들이 제안한 의제들, 정상회담 추진 위원회에서 검토된 의제들, 그리고 그 외에도 많은 의제들이 있습니다.
국민의 기대를 최대한 의제에 반영하고 결과를 얻고 싶은 심정이나, 한 번의 만남으로 이 많은 과제를 소화할 수는 없을 것입니다.
남은 임기를 고려하면 이번 회담에서 논의하고 성사할 수 있는 일에도 한계가 있을 것입니다.
시기를 놓치지 않고 한 걸음 한 걸음 착실히 나아가는 것이 중요합니다.
저는 욕심을 부리지 않을 것입니다.
그렇다고 몸을 사리거나 금기를 두지도 않을 것입니다.
역사가 제 책임으로 맡긴 몫이 있을 것입니다.
이 시기 우리를 둘러싼 상황에 대한 냉정한 판단을 토대로 제게 맡겨진 책임만큼 최선을 다 할 것입니다.
합의를 이루기 위해 설득할 것은 설득하고, 타협할 것은 타협할 것입니다.
많은 합의를 이루지 못하더라도 상호 인식의 차이를 좁히고 신뢰를 더할 수 있다면 그것도 중요한 성괄 것입니다.
저는 잘 될 것이라는 확신을 가지고 있습니다.
멀리 보고 큰 틀에서 생각한다면 남과 북이 가는 길이 다르지 않을 것이기 때문입니다.
국민 여러분, 이제 북녘 땅을 향해 출발하겠습니다.
이틀 후 좋은 결과를 가지고 돌아올 수 있도록 아낌없는 성원을 부탁 드립니다.
감사합니다.
2007년 10월 2일 정치 국방북한 평양 4.25문화회관에 환영 인파 대거 대기 남북정상회담 차 방북한 노무현 대통령에 대한 공식 환영 행사장으로 정해진 평양 4.25문화회관에 수천여 명의 평양 시민들이 꽃술을 들고 대기 중인 모습이 2일 오전 현지에 파견된 공동 취재단이 송고한 TV 화면에 나타났다.
특히 행사장 앞에는 북한 측 고위 인사 20여 명이 노 대통령이 통과할 빨갛ㄴ 카펫 옆에 대기하고 있는 모습과 북한 인민군 의장대가 행사장으로 입장하는 모습도 함께 방영됐다.
공동 취재단은 특히 김정일 국방위원장이 4.25문화회관으로 노 대통령을 직접 영접 나올 가능성이 있는 것으로 알려졌다는 기사를 전해 와 주목된다.
당초 노 대통령에 대한 공식 환영 행사장은 3대헌장기념탑이었으나 4.25문화회관으로 바뀌었다.
노 대통령 방북 차량 벤츠 S600 노무현(盧武鉉) 대통령이 2일 남북정상회담을 위해 타고 평양으로 향한 전용차는 독일 메르세데스벤츠사의 S600 모델이다.
노 대통령은 정상회담 기간 내내 이 차량을 이용한다.
청와대가 2002년 구입한 이 차량은 시중의 S600와 달리 각종 방탄 기능을 갖춘 것으로 알려졌다.
이 차량은 수류탄을 비롯한 각종 군사용 무기나 폭발물 등 위협 물질로부터 탑승자의 안전을 최대한 확보하는 안정성을 갖추고 있다.
벤츠 S600 가드의 방탄 판은 군용 소화 장비로 고압의 분사를 해도 전혀 지장이 없도록 특수 소재로 만들어졌다.
방탄 판 적용으로 문짝 1개의 무게가 100㎏을 넘을 정도라고 한다.
또한 방탄 유리도 적용됐다.
폴리카보네이트층이 한층 강화돼 화재가 발생하더라도 유리의 형태가 유지되며, 외부 폭발에 따른 파편 조각이 차량 내부에 침입하는 것이 불가능할 정도다.
타이어 역시 펑크가 나더라도 80/100㎞/h의 속도로 주행할 수 있는 특수 타이어가 장착됐다.
나아가 화재 공격 시 작동되는 스프링클러 시스템, 발사체가 연료 탱크에 접촉할 때 연료 탱크가 자동으로 폐쇄되는 기능, 화생방 공격에 방어할 수 있는 자체 산소 공급 장치 등도 갖추고 있다.
노 대통령은 2002년 대선 직후부터 취임하기 직전인 당선자 시절 이 차량을 주로 이용했으며, 노 대통령 탄핵 당신 2004년 3월부터 2개월 간 고건 대통령 권한 대행도 이 차량을 사용했다.
노 대통령의 의전 차량 중 독일 BMW 760Li도 벤츠 S760와 성능 및 경호 면에서 별다른 차이가 없는 것으로 알려져 있지만 결국 벤츠가 `간택'된 까닭은 뭘까.
그 이유에 대해서는 잘 알려져 있지 않지만 두 차량의 기능이나 경호상의 이점이 유사하다는 점에서 김정일(金正日) 북한 국방위원장을 배려한 것이라는 관측이 나오고 있다.
김 위원장의 전용 차량이 벤츠로 알려져 있으며, 북측에서 외국 정상 등 귀빈에게 제공하는 차량도 거의 벤츠라는 점에서 그와 같은 회사의 차량을 이용하자고 결정했을 수가 있다는 것.
청와대는 지난 달 18일 정상회담 선발대 방북 시 운전 요원 한 명과 함께 이 차량을 북측으로 들여보내 노 대통령의 동선을 사전 답사하고 노면 상태 등을 점검했다.
북측이 노 대통령의 전용 차량을 이용하도록 한 것은 국가 간 의전 관례상 상당히 파격적이다.
통상 어느 국가든 해외에 나가면 국가 원수에 대한 차량 경호는 상대국에 일임하는 것이 의전상 관례다.
이는 신뢰의 표시기도 하다.
게다가 대통령 전용 차량에 운전자와 조수석에 앉는 경호원을 남측 요원들로 배치하도록 북측이 허용한 것은 `파격 중의 파격'이라는 평가다.
지난 2000년 1차 정상회담 당시 김대중(金大中) 대통령이 탑승한 차량과 운전자, 경호원 모두 북측 인사였다.
물론 이 경우에도 정상 차량 앞 뒤의 경호 차량에 남측 요원들이 타고 있어 경호상의 공백이 발생하지는 않는다는 것이 청와대 설명이다.
북측이 이번 정상회담에서 노 대통령을 얼마나 배려했는지를 잘 알ㄹ 수 있는 대목이다.
외신들, 주요 뉴스로 긴급 타전 노무현(盧武鉉) 대통령이 1일 북한 김정일(金正日) 국방위원장과의 남북정상회담을 위해 평양으로 출발한 가운데 외신들도 이를 긴급 기사로 다루는 등 큰 관심을 나타냈다.
미국의 CNN 방송은 노 대통령이 평양으로 출발하기 앞서 밝힌 대국민 인사부터 발 빠르게 생중계하는 모습을 보였다.
주요 통신사 가운데 AP와 일본의 교도(共), 중국의 신화는 오전 8시께 노 대통령이 부인 권양숙 여사와 함께 청와대를 출발한 사실부터 긴급 기사로 타전해 눈길을 끌었다.
청와대를 떠난 노 대통령이 1시간 여 만에 군사 분계선(MDL) 앞에 도착하자 CNN는 또 다시 이 장면을 전 세계에 생중계했다.
CNN는 노 대통령이 평화의 메시지가 담긴 소감을 발표하는 장면과 도보로 MDL를 넘는 장면까지 전 세계의 시청자들에게 전달했다.
영국의 BBC 방송도 세계 유일의 분단국간 대한민국의 국가 원수가 도보로 북한을 방문했다는 상징적인 의미를 감안한 듯 MDL 앞에 선 노 대통령과 권 여사의 모습을 방송했다.
주요 통신사들도 노 대통령이 도보로 냉전의 산물인 MDL를 넘었다는 상징적 의미에 주목했다.
프랑스의 AFP 통신은 긴급 기사를 통해 “노 대통령이 정상회담을 위해 북한을 방문하는 도중 역대 지도자 가운데 처음으로 중무장된 접경 지역을 도보로 건넜다“고 전했다.
교도통신은 “노 대통령과 일행이 북한을 향해 상징적인 발걸음을 내디뎠다“고 의미를 부여했다.
로이터통신도 “노 대통령이 공산 국간 북한과의 중무장 접경 지역에서 역사적인 발걸음을 내디뎠다“고 보도했다.
한편 AP 통신은 남측 관리가 육로를 통해 북한을 방문하는 것은 희귀한 일은 아니라고 언급했지만, 지난 2000년 김대중(金大中) 전 대통령이 북한을 방문할 때에는 비행기를 이용했다고 지적했다.
중국 국영 방송, 노 대통령 군사 분계선 넘는 장면 방영 중국 국영 CCtv(中央電視臺)는 2일 오전 노무현(盧武鉉) 대통령이 북한 김정일 국방위원장과 제2차 남북 정상회담을 갖기 위해 걸어서 군사 분계선을 넘어 북측 관할 지역으로 넘어 가는 장면을 방영했다.
CCtv 뉴스 채널은 이날 오전부터 제2차 남북정상회담 개최를 시시각각으로 주요 뉴스로 보도하면서 노 대통령이 부인 권양숙(權良淑) 여사와 함께 청와대를 출발하는 모습과 평양 시내 자료 사진 등도 내보냈다.
CCtv는 또 지난 2000년 6월에 있었던 제1차 남북정상회담에 대한 중국 신문들의 기사와 사진도 곁들였다.
1 사단장, 군사 분계선서 대통령 영접 'GOP 사단장' 비무장으로 MDL 진입은 처음 현역 사단장이 2일 남북정상회담을 위해 도보로 군사 분계선(MDL)에 도착한 노무현(盧武鉉) 대통령 내외를 영접해 눈길을 끌었다.
육군 제1 사단의 이성호(육사 33기) 소장은 이날 오전 서해 지구 남북 관리 구역 내 MDL 근방에 미리 나와 대기하고 있다가 오전 9시 3분께 노 대통령을 영접했다.
노 대통령이 통과한 MDL는 1 사단의 작전 담당 지역이기 때문에 사단장이 마중 나온 것으로, 국군 통수권 자를 예우한 것이라고 군 관계자는 전했다.
1 사단장은 평상시 비무장 지대(DMZ)를 출입할 때와 달리 전투복에 철모만 착용하는 등 완전 비무장 상태로 노 대통령을 영접했다.
수색 작전이나 남북 출입 업무를 지원하기 위해 DMZ를 출입하는 장병들은 철모와 방탄복을 착용하고 실탄이 장전된 권총이나 개인 소총을 휴대한다.
정부 일각에서는 이 소장의 비무장을 두고 'DMZ에서는 군사정전위원회의 특정한 허가 없이는 무기를 휴대하지 못한다'는 정전 협정 조항의 '준수 의지'를 상징적으로 보여 주기 위한 것 아니냐는 분석도 나오고 있다.
GOP(최전방 전방 관측소)를 관할하는 사단장이 비무장 상태로 MDL까지 진입한 것은 이번이 처음이다.
육군 1 사단은 1947년 12월 육군에서 제일 먼저 창설됐으며 서울의 관문인 '통일로' 축선을 방어하는 임무를 수행하고 있다.
이 부대는 6.25 전쟁이 한창이던 1950년 10월 19일 반격 작전에 따라 개성~평양 축선을 타고 평양에 가장 먼저 입성했으며 1978년 10월에는 제3 땅굴을 발견하기도 했다.
한편 MDL 북측 지역에서는 최승철 노동당 통일전선부 부부장과 최룡해 황해북도 당 책임 비서 등 4명이 노 대통령 내외를 영접했다.
노 대통령 군사 분계선 영접 북한 쪽 인물은 군사 분계선(MDL)을 넘은 노무현 대통령을 영접한 북측 주요 인사는 최룡해(58) 황해북도 당 책임 비서와 이번 정상회담의 북측 준비 위원장을 맡은 최승철 노동당 통일전선부 부부장으로, 둘 다 김정일 국방위원장으로부터 큰 신임을 받고 있다고 평가 받는 인물들이다.
당초 개성시 인민 위원장이나 황해북도 인민 위원장이 노 대통령을 맨 앞에서 영접할 것으로 예상됐으나 행정 구역상 MDL 지역을 포함하고 있는 황해북도의 실질적인 책임잔 당 책임 비서가 등장한 것이다.
대외에 오랜만에 모습을 드러낸 최룡해 책임 비서는 고(故) 김일성 주석의 절친한 빨치산 동료자 인민 무력부장을 지낸 최현(1982년 사망) 인민 무력부장의 아들로, 김 주석과 김정일 국방위원장 양인으로부터 각별한 신임을 받아 왔다.
그의 어머니 역시 김 주석의 항일 빨치산 동료다.
탄탄한 집안 배경을 바탕으로 만경대혁명 학원과 김일성종합 대학 정치 경제 학부를 나온 그는 1980년 사회주의노동청년동맹(현 김일성사회주의청년동맹) 해외 교양 지도국장을 거쳐 1986년 청년동맹 중앙 위원장과 제1 비서로 활동하는 등 승진 가도를 달렸다.
1998년 '김일성사회주의청년동맹(청년동맹) 비리 사건'에 연루돼 다른 많은 고위 간부들과 함께 해임됐으나, 유일하게 비교적 가볍ㄴ 처벌을 받고 평양시 상하수도 관리소 당 비서로 좌천됐다가 2003년 노동당 총무부 부부장(차관급)으로 복권됐다.
그는 '비리' 연루 경력에도 불구하고 2006년 3월 현직인 황 북 도 당 책임 비서에 기용된 후 활발하게 활동하다 올해 4월 최고인민회의 제11기 대의원에 보선됐으며, 6월에는 북송된 비전향 장기수 리인모씨의 장의 위원회 위원에도 포함됐다.
그는 2005년 말 복귀한 장성택 노동당 근로 단체 및 수도 건설부 제1 부부장과도 관계가 돈독한 것으로 알려졌다.
최 책임 비서와 함께 노 대통령을 영접한 최승철(51) 통일전선부 부부장은 대남 분야의 '실세'로, 북한 권력층 가운데 초고속 승진한 자수성가형 인물이다.
그는 김양건 통일전선부장과 함께 대남 사업을 실질적으로 관장하는 동시에 김정일 국방위원장에게 대남 사업을 직접 보고할 정도로 두텁ㄴ 신뢰를 받고 있는 것으로 북한 전문가들은 분석하고 있다.
최 부부장은 노 대통령이 군사 분계선을 넘어 개성/평양 고속도로를 통해 평양으로 향하는 동안에는 최 책임 비서 등이 빠진 가운데 노 대통령 일행을 '독점' 안내했다.
그는 노 대통령이 황해북도 서흥군 수곡 휴게소에서 5분 남짓 휴식을 취할 때 휴게소 건물 창문을 통해 보이는 북한 산천이나 휴게소 전시장의 북한 그림 등에 대해 직접 설명했으며 휴게소를 나오면서는 노 대통령 부부와 기념 촬영을 하기도 했다.
그는 휴게소에서 김만복 국가정보원장을 비롯한 남측 수행원들과도 웃음 띤 얼굴로 허물없이 대화를 나눠 '실세 대남통'임를 과시했다.
최 부부장은 1983년 대남 정책을 총괄하는 당 통일전선부의 말단 직원으로 첫발을 내디딘 뒤 2000년 6월 첫 남북정상회담 이후 과장에 잇어 실센 부부장, 아시아태평양평화위원회 부위원장, 최고인민회의 대의원 등으로 초고속 승진을 거듭하고 있다.
이날 MDL에는 개성시의 정창봉 당 책임 비서와 김일근 인민 위원장, 황해북도 리상관 인민 위원장 등도 노 대통령 영접에 나섰다.
CNN “노 대통령 군사 분계선 통과“긴급 뉴스 보도 노무현(盧武鉉) 대통령이 북한 김정일(金正日) 국방위원장과 역사적인 정상회담을 하기 위해 도보로 비무장 지대를 건넜다고 미국의 CNN 방송이 1일(현지 시간) 긴급 뉴스로 보도했다.
코스피 지수, 정상회담 호재로 2,000선 근접 주식 시장이 '2007 남북정상회담' 호재와 뉴욕 증시의 사상 최고치 경신 소식에 2,000선 재등정을 앞두게 됐다.
정상회담 개최 첫날인 2일 오전 10시 현재 코스피 지수는 전날에 비해 21.55 포인트(1.10%) 상승한 1,984.22를 기록 중이다.
급등세로 출발한 지수는 장 중 1,991.56까지 뛰어올랐다가 단기 급등 부담에 상승 폭이 다소 줄었다.
증시 전문가들은 7년여 만에 열리는 남북 정상회담으로 투자 심리가 개선된 상황에서 전날(현지 시간) 뉴욕 증시의 다우 지수가 2개월 만에 14,000선을 넘어서며 종가 기준 사상 최고치를 돌파함에 따라 코스피 지수의 2,000선 재돌파 가능성이 커졌다고 진단했다.
닷새 만에 매수세로 돌아선 외국인은 1천 117 억 원, 기관은 299 억 원 순매수를 기록 중인 반면 개인은 1천 460 억 원 순 매도를 나타내고 있다.
프로그램 매매는 7 거래일 만에 매도 우위로 돌아서 557 억 원 순 매도를 기록 중이다.
업종별로는 은행과 증권, 건설, 철강.금속 등이 2% 안팎의 강세를 보이고 있으며 전기.전자와 운수 창고, 통신, 유통, 기계, 화학 등 주요 업종이 대체로 오름세다.
시가 총액 상위 종목도 정상회담 개최 및 뉴욕 증시 상승 소식에 동반 강세를 기록 중이다.
삼성전자[005930]가 1.40% 오른 것을 비롯해 POSCO(2.20%)와 현대중공업(0.48%), 한국전력(0.94%), 국민은행(3.69%), 신한지주(2.62%), 우리금융(2.37%), SK텔레콤(0.95%) 등이 모두 강세다.
대우증권과 삼성증권, 현대증권, 우리투자증권 등 대형 증권 주는 2~3%대 오름세를 기록 중이며 대북 인프라 투자 수혜 주로 거론되고 있는 현대건설과 GS건설, 대림산업, 현대산업 등 대형 건설 주도 2~4% 정도 강세를 시현하고 있다.
다만 선도전기와 광명전기 등 대북 송전 수혜 주는 1~2%대 하락세를 나타내고 있다.
상한가 4개를 포함해 437개 종목이 오름세, 하한가 1개를 포함해 319개 종목이 내림세를 기록 중이다.
노무현 대통령 걸어서 '금단의 선' 넘었다 국가 원수 최초로 군사 분계선 통과 남북정상회담 참석을 위해 평양으로 출발한 노무현(盧武鉉) 대통령이 2일 오전 도보로 군사 분계선(MDL)을 통과해 북측 관할 지역 내로 진입했다.
이날 오전 7시 55분께 전용차편으로 청와대를 떠난 노 대통령은 1시간여 만에 군사 분계선 앞 약 30 지점에 도착해 하차한 뒤 간단하게 소감을 밝히고 부인 권양숙(權良淑) 여사와 함께 오전 9시 5분께 군사 분계선을 넘었다.
대한민국 국가 원수가 도보로 군사 분계선을 넘어 방북한 것은 사상 처음으로, 이 역사적인 장면은 TV를 통해 생중계됐고, CNN 등 외신들도 긴급 뉴스로 보도했다.
노 대통령은 군사 분계선을 건너기 직전 밝힌 `평화의 메시지'를 통해 “이 걸음(군사 분계선을 넘는 걸음)이 금단의 벽을 허물고 민족의 고통을 해소하는, 고통을 넘어서서 평화와 번영의 길로 가는 계기가 되도록 노력하겠다“고 밝혔다.
노 대통령은 “눈에 보이는 것은 아무것도 없는데 여기 있는 이 선(MDL)이 지난 반 세기 동안 우리 민족을 갈라 놓고 있는 장벽“이라면서 “이 장벽 때문에 우리 국민은, 우리 민족은 너무 많은 고통을 받았다.
또 발전이 정지돼 왔다“고 지적했다.
노 대통령은 잇어 “다행히 그동안 여러 사람이 수고해서 이 선을 넘어 가고, 또 넘어 왔다“면서 “저는 이번에 대통령으로서 이 금단의 선을 넘어 간다.
제가 다녀오면 또 더 많은 사람들이 다녀오게 될 것“이라고 말하고 “그러면 마침내 이 금단의 선도 점차 지워질 것이고, 장벽은 무너질 것“이라고 강조했다.
노 대통령은 “성공적으로 일을 마치고 돌아올 수 있도록 함께 기도해 달ㄹ라“고 국민들에게 당부했다.
노 대통령은 MDL 통과 직후 김정일 위원장의 측근인 최승철 통일전선부 부부장과 최룡해 황해북도 당 책임 비서 등의 영접을 받았다.
노 대통령은 북측 여성으로부터 꽃다발을 받은 뒤 북측 인사들과 기념 촬영을 한 뒤 평양으로 향했다.
노 대통령이 냉전의 산물인 군사 분계선을 도보로 통과한 것은 세계 유일의 분단국이자 최후의 냉전 지대로 남아 있는 한반도에 평화의 필요성을 전 세계에 알리는 효과를 내 포한 것으로 풀이된다.
지난 1948년 4월 19일 백범 김구 선생이 남북 통일 정부 수립을 촉구하며 평양에서 열린 남북 제 정당.사회 단체 대표자 연석 회의에 참석하기 위해 38선을 넘어 갈 때도 이 육로를 이용했다.
김구 선생은 방북하던 중 38선 푯말에서 잠시 내려 기념 촬영을 했다. 노 대통령 군사 분계선 통과 메시지 전문 국민 여러분 오늘 중요한 일을 하러 가는 날이라서 가슴이 무척 설레는 날입니다.
그런데 오늘 이 자리에 선 심경이 착잡합니다.
눈에 보이는 것은 아무것도 없는데 여기 있는 이 선이 지난 반 세기 동안 우리 민족을 갈라 놓고 있는 장벽입니다.
이 장벽 때문에 우리 국민들은, 우리 민족들은 너무 많은 고통을 받았습니다.
발전이 정지돼 왔습니다.
다행히 그동안 여러 사람들이 수고해서 이 선을 넘어 가고 또 넘어 왔습니다.
저는 이번에 대통령으로서 이 금단의 선을 넘어 갑니다.
제가 다녀오면 또 더 많은 사람들이 다녀오게 될 것입니다.
그러면 마침내 이 금단의 선도 점차 지워질 것입니다.
장벽은 무너질 것입니다.
제 이번 걸음이 금단의 벽을 허물고 민족의 고통을 해소하고, 고통을 넘어서서 평화와 번영의 길로 가는 그런 계기가 되도록 노력하겠습니다.
국민 여러분 성공적으로 일을 마치고 돌아올 수 있도록 함께 기도해 주십시오.
잘 다녀오겠습니다.
[오전 8:45] 노무현 대통령, 남북정상회담 서울 출발 대국민 인사 “평화 정착 경제 발전 구체적 진전에 주력할 것“노무현 대통령은 2일 오전 남북 정상회담을 위해 평양으로 출발하기에 앞서 청와대에서 대국민 인사를 통해 회담에 임하는 자세와 각오를 밝혔다.
노 대통령은 “여러 가지 의제들이 논의되겠지만, 무엇보다 평화 정착과 경제 발전을 함께 가져갈 수 있는, 실질적이고 구체적인 진전을 이루는 데 주력하겠다“고 밝혔다.
노 대통령은 회담에 임하는 각오와 관련해 “시기를 놓치지 않고 한 걸음 한 걸음 착실히 나아가는 것이 중요하다“며 “욕심을 부리지 않겠지만, 그렇다고 몸을 사리거나 금기를 두지도 않을 것“이라고 말했다.
아래는 노무현 대통령 연설문 전문이다.
존경하는 국민 여러분, 저는 오늘부터 사흘 간 평양을 방문합니다.
취임 전후의 긴박했던 상황을 생각해 보면, 이제 한반도 정세나 남북 관계가 정상회담을 열ㄹ 수 있을 만큼 변화했다는 사실이 참으로 다행스럽고 기쁩니다.
오늘이 있기까지 참여 정부의 대북 정책을 믿고 성원해 주신 국민 여러분께 진심으로 감사 드립니다.
국민 여러분, 이번 정상회담은 좀 더 차분하고 실용적인 회담이 될 것입니다.
지난 2000년 정상회담이 남북 관계의 새 길을 열었다면, 이번 회담은 그 길에 가로놓여 있는 장애물을 치우고 지체되고 있는 발걸음을 재촉하는 회담이 될 것입니다.
여러 가지 의제들이 논의되겠지만, 무엇보다 평화 정착과 경제 발전을 함께 가져갈 수 있는, 실질적이고 구체적인 진전을 이루는 데 주력하고자 합니다.
비핵화 문제와 한반도 평화 체제는 궁극적으로 남북의 합의만으로 해결될 수 있는 일은 아닙니다.
그러나 기본 방향을 설정하고 속도를 내는 데 있어서는 남과 북의 의지가 무엇보다 중요하다고 생각합니다.
이번 회담이 6자 회담의 성공을 촉진하고, 한반도와 동북아의 평화에 기여하는 회담이 될 수 있도록 최선을 다할 것입니다.
경제 협력은 많은 진전이 이루어지고 있습니다만, 아직도 많은 장애가 있습니다.
국제적인 요인만이 아니라 남북 간 인식의 차이에 기인한 장애도 적지 않습니다.
이 장애를 극복하지 않고는 본격적인 경제 협력이 속도를 내기는 어렵습니다.
저는 이 인식의 차이를 극복하는 데 노력을 집중할 것입니다.
군사적 신뢰 구축과 인도적 문제에 있어서도 구체적인 합의가 이루어질 수 있도록 최대한 노력하겠습니다.
국민 여러분, 저는 이번 회담에 거는 국민 여러분의 기대와 요구를 잘 알고 있습니다.
많은 국민들과 전문가들이 제안한 의제들, 정상회담 추진 위원회에서 검토된 의제들, 그리고 그 외에도 많은 의제들이 있습니다.
국민의 기대를 최대한 의제에 반영하고 결과를 얻고 싶은 심정이나, 한 번의 만남으로 이 많은 과제를 소화할 수는 없을 것입니다.
남은 임기를 고려하면 이번 회담에서 논의하고 성사할 수 있는 일에도 한계가 있을 것입니다.
시기를 놓치지 않고 한 걸음 한 걸음 착실히 나아가는 것이 중요합니다.
저는 욕심을 부리지 않을 것입니다.
그렇다고 몸을 사리거나 금기를 두지도 않을 것입니다.
역사가 제 책임으로 맡긴 몫이 있을 것입니다.
이 시기 우리를 둘러싼 상황에 대한 냉정한 판단을 토대로 제게 맡겨진 책임만큼 최선을 다 할 것입니다.
합의를 이루기 위해 설득할 것은 설득하고, 타협할 것은 타협할 것입니다.
많은 합의를 이루지 못하더라도 상호 인식의 차이를 좁히고 신뢰를 더할 수 있다면 그것도 중요한 성괄 것입니다.
저는 잘 될 것이라는 확신을 가지고 있습니다.
멀리 보고 큰 틀에서 생각한다면 남과 북이 가는 길이 다르지 않을 것이기 때문입니다.
국민 여러분, 이제 북녘 땅을 향해 출발하겠습니다.
이틀 후 좋은 결과를 가지고 돌아올 수 있도록 아낌없는 성원을 부탁 드립니다.
감사합니다.",542,42070
iks_doc_2007_hankyoreh_016,Hankyoreh 2007 annotated text file unicode.txt,Hankyoreh,한겨레,2007,2007_october_summit,2007년 10월 2일,미 “남북정상회담서 북핵 문제 논의될 것““대북 인도적 지원 중요하고 필요한 문제“,"미 국무부는 2, 3일 열리는 남북정상회담에서 한반도 비핵화 문제가 논의될 것이라고 1일 기대했다.
톰 케이시 국무부 부대변인은 이날 기자 간담회에서 한반도 비핵화 문제가 “남북정상회담의 의제가 될 것으로 확신한다“고 밝혔다.
케이시 부대변인은 남북정상회담이 한반도 비핵화에 도움이 될 것으로 보는지 묻는 질문에 이 같이 답하고 남북한 정상들 간의 회담에서 “베이징 6자 회담 합의를 실질적으로 바꾸는 내용의 대화는 없을 것으로 본다“고 말했다.
미국 정부는 언제나 남북 대화를 지지해 왔으며 무엇을 논의할지는 남북한 간에 결정할 문제로 미국은 회담의 당사국이 아니라고 그는 덧붙였다.
남북정상회담 이루어질 가능성이 대북 지원에 대해서는 “한국 정부는 이미 북한에 식량 지원을 해 왔으며, 미국도 과거 오랫동안 북한에 가장 많이 식량을 지원한 나라였다“며 “우리는 정치적 절차와는 별도로 인도적 우려나 수요를 다루는 것이 중요하고도 필요하다고 본다“고 그는 강조했다.
남북정상회담에서 어떤 결론이 도출될지 모르지만 “인도적 지원에 대해서는 6자 회담을 비롯한 정치적 사안들과는 별도로 다뤄질 필요가 있음을 미국은 늘 밝혀 왔다“고 그는 거듭 말했다.
미, 남북정상회담서 북핵 문제 논의 확신 미 국무부는 2, 3일 열리는 남북정상회담에서 한반도 비핵화 문제가 논의될 것이라고 1일 기대했다.
톰 케이시 국무부 부대변인은 이날 기자 간담회에서 한반도 비핵화 문제가 “남북정상회담의 의제가 될 것으로 확신한다“고 밝혔다.
케이시 부대변인은 남북정상회담이 한반도 비핵화에 도움이 될 것으로 보는지 묻는 질문에 이 같이 답하고 남북한 정상들 간의 회담에서 “베이징 6자 회담 합의를 실질적으로 바꾸는 내용의 대화는 없을 것으로 본다“고 말했다.
미국 정부는 남북한 간의 대화와 협력을 적극 권장한다는 입장을 견지해 왔으며, 남북 정상회담이 북핵 문제 해결에 긍정적 영향을 미치길 기대한다는 입장을 거듭 밝혀 왔다.",10,955
iks_doc_2018_hankyoreh_001,Hankyoreh 2018 total annotated text file unicode.txt,Hankyoreh,한겨레,2018,2018_multi_summit,,,"“저는 언제 분계선 넘어 갈 수 있습니까““지금 넘어 가 볼까요“세계를 뒤흔들ㄴ 판문점 12시간 평화 드라마 북 지도자 첫 남한 땅 평화의 집 전통 의장대 사열 판문점 선언 서명 남북 정상 부부 첫 동반 만찬 “김 위원장과 역사적인 악수를 하면서 남측으로 오시는데 나는 언제쯤 넘어 갈 수 있을까요?“
문재인 대통령의 질문에 김정은 국무위원장은 “그럼 지금 넘어 가 볼까요?“라고 답했다.
두 사람이 5센티미터 높이의 군사 분계선을 넘어 갔다가 되돌아오고 있다.
“저는 언제쯤 넘어 갈 수 있겠습니까?““그럼, 지금 넘어 가 볼까요.“27일 오전 9시 30분.
문재인 대통령과 김정은 국무위원장 사이에 파격적인 대화가 오갔다.
막 군사 분계선을 넘어 남쪽으로 내려온 김 위원장에게 문 대통령이 농담처럼 부럽ㅁ을 표시하자, 김 위원장이 기다렸다는 듯 선뜻 화답한 것이다.
김 위원장은 웃으며 문 대통령의 손을 잡아 끌었다.
두 정상은 손을 잡고 가볍게 군사 분계선을 넘었다.
북쪽에서 10초 가량 머물며 대화를 나누다 다시 남쪽으로 건너 왔다.
이날 판문점에서 12시간 동안 펼쳐진 '평화 드라마'를 예고하는 장면이었다.
드라마는 김 위원장이 9시 27분께 판문각에 모습을 드러내면서 시작했다.
김 위원장은 경호원들을 뒤로한 채 성큼성큼 계단을 내려왔다.
허리를 세우고 두 팔을 힘차게 저었다.
군사 분계선 앞에서 기다리던 문 대통령과 악수하면서 환하게 웃었다.
“정말 마음 설렘가 그치지 않는다.
이 역사적 장소에서 만나니까, 대통령께서 이렇게 분계선까지 나와서 맞이해 주시니 정말 감동스럽다“고 말했다.
“여기까지 온 것ㄴ 위원장님의 아주 큰 용단이었다“는 문 대통령의 말에, “아이, 아닙니다“라고 말하기도 했다.
김 위원장이 군사 분계선을 넘는 순간은 극적이었다.
문 대통령이 왼손으로 군사 분계선 남쪽을 가리키며 “이쪽으로 오실까요?”라고 권하자 주저하지 않고 왼발을 내밀어 훌쩍 넘어 왔다.
북한 최고 지도자가 남쪽 땅을 밟기는 분단 이후 처음이다.
김 위원장의 할아버진 김일성 주석도, 아버진 김정일 국방위원장도 못 했던 일이다.
김 위원장은 돌아서 북녘을 향했다.
잠시 감회에 빠진 듯했다.
김 위원장은 다시 돌아서 문 대통령의 손을 꼭 잡았다.
두 정상은 전통 의장대가 도열한 가운데 '자유의 집' 우회 도로를 걸어 사열 장소를 지났다.
빨갛ㄴ 양탄자로 표시된 길을 걸으면서도 대화는 끊이지 않았다.
간간이 서로를 보며 미소를 짓기도 했다.
문 대통령은 의장대를 사열하면서 중간 중간 거수경례를 했고, 김 위원장은 앞을 응시했다.
굳은 표정이 비치기도 했다.
두 정상은 사열을 마치고선 수행원들과 일일이 악수를 나눴다.
김 위원장이 “오늘 이 자리에 왔다가 사열 뒤 돌아가야 하는 분들이 있다“고 말하자, 문 대통령이 “그럼 가기 전에 수행원 모두 사진을 찍었으면 좋겠다“고 기념 촬영을 제안했다.
역시 예정에 없던 행사였다.
9시 41분.
두 정상이 회담장인 평화의 집에 들어섰다.
김 위원장은 전통 해주 소반을 본뜬 서명 대 의자에 앉아 동생인 김여정 북한 노동당 중앙 위원회 제1 부부장이 건네 준 펜으로 방명록을 작성했다.
김 위원장은 “새롭ㄴ 력사는 이제부터.
평화의 시대, 력사의 출발점에서.
김정은 2018.4.27.“이라고 썼다.
김 위원장이 방명록을 쓰는 동안 문 대통령은 옆에 서서 진지한 표정으로 기다렸다.
김 위원장은 정상회담 머리 발언에서 남녘 땅을 밟은 감동을 꾸밈없이 전했다.
“군사 분계선을 넘어서 보니까 사람이 넘기 힘들ㄴ 높이로 막힌 것도 아니고, 너무나 쉽게 넘어 온 역사적인 이 자리까지 11년이 넘었는데, 왜 그렇게 오기 힘들었나 하는 생각이 들었다“고 말했다.
그러면서 “잃어 버린 11년이 아깝지 않게, 우리가 좋게 나가지 않겠나, 이런 생각도 하면서 200m를 걸어 왔다“고 말했다.
두 정상은 정상회담을 마친 뒤 잠시 헤어졌다.
김 위원장은 경호원들의 호위를 받으며 차량을 타고 군사 분계선 북쪽으로 넘어 갔다.
김 위원장으로선 네 번째 군사 분계선 통과였다.
두 정상은 오후 4시 27분 기념 식수를 하기 위해 다시 만났다.
기념 식수는 고 정주영 현대그룹 명예 회장이 1998년 6월 소 500마리를 트럭에 태워 방북할 때 지났던 '소떼길' 옆에서 이루어졌다.
김 위원장은 차량을 타고 남쪽으로 넘어 와 문 대통령과 다시 만났다.
다섯 번째 군사 분계선 통과였다.
두 정상은 미리 심어 놓은 1953년생 소나무 앞에 서서 잠시 대화를 나눴다.
소나무 앞에는 한라산 흙과 백두산 흙, 한강 물과 대동강 물이 놓여 있었다.
두 정상은 흰 장갑을 끼고 각자 삽을 잡았다.
문 대통령은 백두산 흙을, 김 위원장은 한라산 흙을 삽에 퍼서 나무에 세 차례 뿌렸다.
문 대통령은 평양 대동강 물을, 김 위원장은 서울 한강 물을 나무에 뿌렸다.
'합토합수'(合土合水)를 통해 남북 평화와 화합의 의지를 담은 것이다.
기념 식수 표지석에는 '평화와 번영을 심다'이라는 글귀, 문 대통령과 김 위원장의 서명이 선명하게 새겨져 있었다.
두 정상은 공동 식수 뒤 판문점 안에 있는 도보다리에서 산책을 했다.
4시 36분부터 이루어진 두 정상의 산책은 이번 회담의 하이라이트 가운데 하나였다.
문 대통령과 김 위원장은 도보다리 쪽으로 나란히 걸으며 담소를 주고 받았다.
손짓을 섞어 가며 대화를 나누다 중간 중간 고개를 끄덕이기도 했다.
두 정상은 군사 분계선 표지 왼쪽에 마련된 의자에 앉아 40분 가량 배석자 없이 얘기를 나눴다.
자리에 앉자 김 위원장은 근접 촬영을 위해 따라붙은 북쪽 기자들에게 '잠시 비켜 달라'는 듯 손짓을 해 주변을 물리쳤다.
책상을 앞에 두고 나란히 앉은 두 정상의 간격은 1m도 채 되지 않았다.
전 세계가 생중계로 지켜 보는 가운데 외교사에서 전례를 찾아 보기 힘들ㄴ '공개 밀담'이 펼쳐진 것이다.
문 대통령이 말할 때 김 위원장은 고개를 끄덕이며 수긍하는 듯한 태도를 취하거나, 자신의 의견을 덧붙이기도 했다.
김 위원장이 미소 짓는 모습도 보였다.
두 정상은 5시 40분께 판문점 선언에 서명하고 포옹했다.
문 대통령은 평화의 집 앞마당에서 열린 기자 회견장에서 “대담하게 오늘의 상황을 만들어 내고 통 큰 합의에 동의한 김 위원장의 용기와 결단에 경의를 표한다“고 김 위원장을 치켜세웠다.
잇어 김 위원장은 “하나의 핏줄과 역사, 문화와 언어를 가진 북남은 본래처럼 하나가 돼 끝없는 번영을 누릴 것“이라며 “북남의 전체 인민과 세계가 보는 가운데 서명한 합의가 역대 합의처럼 시작만 뗀 불미스럽ㄴ 역사를 되풀이하지 않도록 두 사람이 무릎을 마주하고 소통 협력해 반드시 좋은 결실이 맺어지게 노력할 것“이라고 힘줘 말했다.
부부 동반 만남도 이어졌다.
문 대통령과 부인 김정숙 여사는 6시 18분께 검은색 벤츠를 타고 평화의 집 앞에 도착한 리설주 여사를 맞았다.
남북 정상의 부부 동반 회동은 이번이 처음이다.
문 대통령은 리 여사에게 “매우 반갑다“고 인사를 건넸고, 리 여사는 “이렇게 만나 뵙게 돼서 정말 반갑다“고 화답했다.
리 여사는 “오전에 남편이 회담을 갔다 와서 문 대통령님과 함께 좋은 이야기도 많이 나누고 회담도 잘 됐다고 해서 정말 기뻤다“고 했다.
문 대통령 부부와 김 위원장 부부는 기념 촬영을 한 뒤 3층 연회장에서 열린 환영 만찬에 참석했다.
만찬장에는 해금과 옥류금의 합주로 남쪽에도 익숙한 북한 노래 ‘반갑습니다’가 울려 퍼졌다.
9시 10분께 환송 행사가 시작했다.
두 정상이 부부 동반으로 나와 나란히 자리에 앉자 '평화의 집'의 모든 불이 꺼졌다.
하얗ㄴ 색 그랜드피아노에 조명이 들어오더니 아리랑 연주가 흘러 나오기 시작했다.
사물놀이 패가 함께 장단을 맞췄다.
노랗ㄴ 색 나비가 날아 가는 장면이 건물 벽면에 비쳤다.
잇어 '하나의 봄'이라는 글귀가 나타났다.
불이 다시 켜지고, 두 정상이 만나 악수하는 모습을 담은 사진들이 슬라이드처럼 벽면을 지나갔다.
김 위원장은 문 대통령의 손을 잡고 흐뭇한 모습으로 지켜 봤다.
9시 24분 행사를 마친 김 위원장 부부가 문 대통령 부부의 배웅을 받으며 승용차에 올랐다.
김 위원장은 차가 달리자 창문을 열고 손을 내밀어 문 대통령 부부에게 석별의 인사를 건넸다.
9시 28분 김 위원장을 태운 차가 군사 분계선을 넘어 북쪽으로 건너갔다.
12시간 동안 '세계를 뒤흔들ㄴ' 판문점 드라마가 끝났다.
새 소리만 들렸던 40분 '일 대 일 담판' 전 세계가 지켜 봤다 도보다리 친교 산책 세계사 유례 없는 야외 '밀담' 배석자 없이 무릎 맞댄 두 정상 속내 터 놓은 '설득전' 생생히 공개 북/미 정상회담 성패 걸고 문 '한반도 완전한 비핵화' 설득 김 '체제 안전 보장' 확답 구한 듯 27일 오후 열린 문재인 대통령과 김정은 북한 국무위원장의 '친교 산책'은 2018 남북정상회담의 '하이라이트'이었다.
두 정상은 아무 배석자 없이 단독으로 40분 동안 산책과 대화를 하며 한반도 비핵화와 평화 정착, 남북 관계 개선 등에 관해 내밀한 일 대 일 담판을 벌였다.
세계는 숨죽이며 판문점 도보다리 끝 의자에 앉아 나눈 두 정상의 공개 '밀담'을 지켜 봤다.
두 정상은 오후 4시 36분 판문점 자유의 집 오른편으로 난 길을 따라 걸으며 도보다리 쪽으로 향했다.
3분 뒤 두 정상은 도보다리에 다다랐다.
남쪽은 두 정상의 산책을 위해 1953년 중립국감독 위원회가 만들ㄴ 이 다리를 한반도 기 색인 하늘색으로 새 단장했다.
다리 끝에서 멈춘 두 사람은 짙은 갈색 녹이 슬ㄴ 101번째 군사 분계선 표지물을 살폈다.
오후 4시 42분.
문 대통령은 김 위원장에게 표지물 바로 옆에 마련된 고동색 나무 벤치에 앉길 권했다.
두 사람은 비스듬히 내리는 봄볕을 받으며 무릎을 마주 댔다.
이때부터 30분 간 세계 외교사에 유례 없는 야외 공개 '밀담'이 이어졌다.
단 한 명의 최측근도, 취재진도 없는 둘만의 시간이었다.
문 대통령이 손가락을 하나하나 접으며 뭔가를 짚어 보는 모습, 두 손을 모아 뭔가를 간절히 담아 내려는 모습, 이따금씩 콧방울을 만지는 모습과 김 위원장이 뭔가를 간곡히 설명하는 모습, 두 손을 모아 듣는 모습, 간혹 안경을 고쳐 쓰고 왼쪽 다리를 펴는 모습, 그리고 두 사람이 함께 웃는 모습이 음성 없이 생중계됐다.
한반도는 물론 전 세계가 귀를 세웠지만, 들리는 소리는 갈대와 바람, 새 소리, 멀찍이 떨어진 취재진의 셔터 소리뿐이었다.
언뜻 평화로워 보이는 이 풍경은 사실 두 정상에겐 혼신의 힘까지 짜내 상대를 설득해야 하는 절정의 순간이었다.
남북 회담과 한 달 뒤 이어질 북/미 회담의 성패가 걸린 시간이었기 때문이다.
두 사람은 오롯이 자신만의 힘과 능력, 매력으로 상대를 마주했다.
문 대통령은 한반도 평화, 남북 관계 개선을 위해 김 위원장을 강력히 설득한 것으로 보인다.
특히 한 달여 뒤 열릴 북/미 회담에서 '한반도의 완전한 비핵화'이라는 결실을 맺으려면 김 위원장의 확답이 필요했기 때문이다.
김 위원장 역시 적대 행위 중단과 체제 안전 보장이란 목표에 대한 문 대통령의 확실한 의중과 약속을 확인하려 한 것 같다.
상대를 설득하려고 애를 쓰는 두 정상의 기운은 화면 너머로 생생하게 전달됐다.
두 사람은 최측근에게조차 털어놓을 수 없는 고민과 속내도 허심탄회하게 나눴을 수 있다.
두 정상은 30분 만인 5시 12분 벤치에서 일어섰다.
문 대통령 얼굴엔 옅은 미소가 어렸다.
김 위원장 역시 다소 홀가분한 표정으로 문 대통령에게 말을 건넸다.
두 정상은 갔던 길을 되짚어 자유의 집 앞으로 돌아왔다.
두 정상은 친교 산책이 끝난 지 불과 20분 뒤 역사적인 '판문점 선언'을 발표했다.
친교 산책에 앞서 두 정상은 1998년 6월 고 정주영 현대그룹 명예 회장이 소 떼를 몰고 방북한 군사 분계선 위에 소나무를 기념 식수 했다.
문 대통령은 백두산 흙과 대동강 물을, 김 위원장은 한라산 흙과 한강 물을 소나무에 줬다.
이후 두 사람은 '평화와 번영을 심다.
2018년 4월 27일 대한민국 대통령 문재인 조선민주주의인민공화국 국무위원장 김정은'이라고 새겨진 표지석 제막식과 함께 기념 촬영을 했다.",119,5880
iks_doc_2018_hankyoreh_002,Hankyoreh 2018 total annotated text file unicode.txt,Hankyoreh,한겨레,2018,2018_multi_summit,문 대통령 “김 위원장 군사 분계선 넘을 때 노 대통령 떠올라““김 위원장은 좋은 길 동무“언급도 김여정 '고향의 봄' 따라 불러 2000 2007년 회담 참석자들 “어디 가 계셨냐“반갑ㄴ 해후 박지원 등 참석자 눈물 보이기도,,"“오래 전부터 이루지 못한 꿈이 있는데 바로 백두산과 개마고원을 트레킹하는 것입니다.
김정은 위원장이 그 소원을 꼭 들어 줄 것이라고 믿습니다.
제가 퇴임하면 백두산과 개마고원 여행권 한 장을 보내 주시겠습니까?“건배를 위해 잔을 들ㄴ 문재인 대통령은 김정은 국무위원장을 비롯한 만찬 참가자들을 바라보며 이렇게 말했다.
좌중은 웃음을 터뜨렸다.
건배사는 “남과 북이 자유롭게 오갈 수 있는 그날을 위해“이었다.
'판문점 선언'을 발표한 문 대통령과 김 위원장은 27일 저녁 판문점 평화의 집 3층 연회장에서 함께 부부 동반 만찬을 하며 역사적인 하루를 마무리했다.
저녁 6시 40분부터 2시간 30분 동안 이어진 만찬에서 참석자들은 서로 살갑게 인사를 나누며 오랜만의 '해후'를 만끽했다.
2000년 방북해 김정일 당시 국방위원장을 만난 박지원 민주평화당 의원은 김영남 북한 최고인민회의 상임 위원장과 반갑게 악수를 했다.
이달 초 한국의 공연단과 함께 평양을 찾았던 도종환 문화 체육 관광부 장관은 김여정 북한 노동당 제1 부부장과 한참 대화를 나눴다.
김영철 노동당 부위원장은 임동원 전 국가정보원장과 악수하며 “도대체 지난 10년 동안 어디 가 계셨습니까“라고 물었고, 문정인 대통령 통일 외교 안보 특보는 김성혜 조국평화통일위원회 서기국 부장을 보며 “얼굴이 아주 좋아졌다“고 인사를 건넸다.
문 대통령은 환영사를 통해 “김정은 위원장이 군사 분계선을 넘어 오는 것을 보며 나는 11년 전 노무현 대통령이 군사 분계선을 넘어 가던 모습을 떠올렸다“며 “나는 오늘 우리의 만남으로 민족 모두의 마음 속 응어리가 풀어지길 간절히 희망한다“고 말했다.
문 대통령은 '길 동무가 좋으면 멀ㄴ 길도 가깝다'는 북한 속담을 인용하며 “김 위원장과 나는 이제 세상에서 둘도 없는 좋은 길 동무가 됐다“고 말했다.
김 위원장은 “우리가 서로 마음을 합치고 힘을 모으면 그 어떤 도전과도 싸워 이길 수 있다“며 “나는 그것을 꼭 보여 주고 싶으며 또 보여 줄 것“이라고 강조하며 이에 화답했다.
만찬 공연에서 김 위원장은 한국의 해금과 북한의 옥류금 소리로 표현된 ‘반갑습니다’, '서울에서평양까지' 연주를 두 손을 깍지 낀 채 감상했다.
제주 출신 초등 학생 오연준 군이 '바람이불어오는곳'을 독창하자 리설주 여사는 미소를 짓은 채 바라봤으며, 오 군이 '고향의 봄'을 부르자 김여정 부부장은 노래를 조용히 따라 부르기도 하았다.
현송월 삼지연관현악단 단장과 가수 조용필씨가 마주 보고 '그겨울의찻집'을 함께 노래하면서 만찬 분위기는 더욱 무르익었다.
이 노래는 김정일 국방위원장의 생전 애창곡으로 알려져 있다.
박지원 의원과 서훈 국가정보원장 등은 만찬장에서 눈물을 흘린 것으로 전해졌다.
북한은 옥류관 수석 요리사를 파견해 북쪽 통일각에서 갓 뽑아 낸 냉면을 남쪽 만찬장에 배달했다.
김대중 전 대통령 고향 신안군 하의도와 가깝ㄴ 가거도의 민어 해삼 편수, 노무현 전 대통령 고향인 김해 봉하 마을의 유기농 쌀밥, 문 대통령이 어린 시절을 보낸 부산의 달고기 구이 등도 테이블 위에 올랐다.
9시 10분께 만찬이 마무리된 뒤, 두 정상 부부는 함께 건물 밖으로 나와 평화의 집 전면을 스크린으로 활용해 연출한 영상을 감상했다.
벽면에 두 정상이 이날 오전 처음 만나는 장면 등이 잇따라 나타나자 문 대통령과 김 위원장은 손을 맞잡은 채 사진 속 자신들의 모습을 바라봤다.",22,1661
iks_doc_2018_hankyoreh_003,Hankyoreh 2018 total annotated text file unicode.txt,Hankyoreh,한겨레,2018,2018_multi_summit,판문점 선언 '국회 동의' 받기로 합의 내용 법제화해 이행 의지,,"문재인 대통령과 김정은 국무위원장이 4.27 정상회담에서 '한반도의 평화와 번영, 통일을 위한 판문점 선언'(판문점 선언)을 도출한 이후 앞으로 해결해야 할 과제들 중 하나는 합의 내용의 '이행' 문제다.
특히 이번 합의를 국회 비준 동의를 거쳐 법적 효력을 담보해 낼 것인지가 핵심적인 관심사다.
청와대는 정상회담 뒤 낸 설명 자료에서 “법적 근거와 절차에 따라 투명하고 신속하게 후속 조치를 추진하겠다“며 “판문점 선언은 '남북 관계 발전에 관한 법률' 제21조에 따라 남북 합의서의 체결 비준에 관한 법적인 절차를 거쳐 발효된다“고 밝혔다.
그러면서 국무 회의 심의 대통령 비준 국회 동의 공포라는 추진 순서도 제시했다.
남북 합의를 법제화해서 이행의 구속력을 높여야 한다는 것은 문 대통령의 오래된 신념이다.
2000년과 2007년 정상회담에서 각각 6.15 공동 선언과 10.4 정상 선언을 도출하고도 실행하지 못하고 흐지부지된 경험을 되풀이해선 안 된다는 것이다.
문 대통령은 지난달 21일 남북정상회담 준비위 회의에서도 “남북정상회담에서 합의한 내용을 제도화해야 한다“며 “이번에 남북 합의가 나오면 앞선 두 차례 정상회담에서 합의한 기본 사항을 담아 국회 비준을 받도록 준비하라“고 지시했다.
이날 '판문점 선언'에서도 두 정상은 “이미 채택된 남북 선언들과 모든 합의들을 철저히 이행함로써 관계 개선과 발전의 전환적 국면을 열어 나가기로 했다“고 밝혔다.
김 위원장은 선언문 발표 기자 회견에서 “오늘 합의가 역대 합의서처럼 시작만 뗀 불미스럽ㄴ 역사가 되풀이되지 않도록 우리 두 사람이 긴밀히 협력할 것“이라고 말했다.
하지만 국회 비준은 야당의 합의가 필요해 험로가 예상된다.
당장 홍준표 자유한국당 대표는 정상회담 결과에 대해 “김정은이 불러 준 대로 받아 적은 것“이라며 “결국 김정은과 문재인 정권이 합작한 남북 위장 평화 쇼에 불과했다“고 맹비난했다.
청와대는 이날 설명 자료에서 “국회 동의 여부는 추후 법제처 등 관련 부처 간 검토를 거쳐 결정“하겠다고 밝혔는데, 이는 북한을 조약 체결의 상대 '국가'로 볼 것인지에 대한 헌법적 논란 외에도 국내 정치 상황까지 고려해 운신의 폭을 넓힌 것이라는 해석도 가능하다.
문 “이산가족들 고향 방문도 할 것“김 “북남 갈라져 살ㄹ 수 없는 혈육“적십자 회담서 제반 문제 협의 문재인 대통령과 김정은 북한 국무위원장이 27일 '판문점 선언'에 담은 여러 합의 가운데 구체적인 날짜까지 못 박아 굳은 의지를 보인 대목은 이산가족 상봉 재개다.
두 정상은 공동 선언문에서 “남과 북은 민족 분단으로 발생된 인도적 문제를 시급히 해결하기 위해 노력하며, 남북 적십자 회담을 개최해 이산가족 친척 상봉을 비롯한 제반 문제들을 협의해 나가기로 했다“고 밝혔다.
잇어 두 정상은 “당면해 오는 8.15(광복절)를 계기로 이산가족 친척 상봉을 진행하기로 했다“고 명시했다.
문 대통령은 발표 기자 회견에서도 “더 늦기 전에 이산가족들의 만남이 시작될 것이며 고향을 방문하고 서신 교환도 할 것“이라고 이산가족 상봉 행사 재개를 강조했다.
김 위원장도 회견에서 “문 대통령과 정작 마주하니 북과 남은 서로 갈라져 살ㄹ 수 없는 한 혈육이며 그 어느 이웃에도 비길 수 없는 동족이라는 것을 가슴 뭉클하게 절감하게 됐다“고 화답했다.
문 대통령은 지난해 7월 '베를린 구상'으로 불리는 독일 쾨르버 재단 연설을 한 직후 북한에 이산가족 상봉을 위한 남북 적십자 회담 개최를 제안했으나, 북쪽은 호응하지 않고 오히려 핵 실험과 미사일 발사로 관계를 악화시켰다.
그러나 두 정상이 4.27 판문점 선언에서 “남북 관계의 전면적이며 획기적인 개선과 발전“을 강조하며 '8.15 이산가족 상봉'을 약속함에 따라 3년 만에 이산가족 상봉이 실현될 가능성이 커졌다.
남북 이산가족 상봉은 김대중 노무현 정부 시절이던 2000년부터 2007년까지 8년 동안 매년 적게는 1회에 100건(343명)에서 많게는 594건(2683명)까지 꾸준히 이루어졌지만, 이명박 박근혜 정부 시절에는 단 네 차례 열렸다.
2015년 10월 금강산 상봉 행사를 끝으로 중단됐다.
남북이 이미 1992년 남북기본합의서(18조)와 2000년 6.15 남북 공동 선언(3항), 2007년 10.4 정상 선언(7항)에서 이산가족 상봉 문제 해결에 합의했지만, 남쪽 정권과 남북 관계 상황에 따라 부침을 겪은 것이다.
현재 이산가족 규모는 남쪽에만 6 만여 명에 이른다.
남북정상회담 준비 위원회는 이날 판문점 선언 뒤 설명 자료를 내 “고령의 이산가족들이 더 늦기 전에 가족을 만날 수 있도록 3년 만에 이산가족 상봉 행사를 재개한다“며 “우선 이산가족들이 고향을 방문할 수 있도록 추진하고, 전면적 생사 확인과 다양한 방식의 이산가족 교류 방안도 지속적으로 협의할 예정“이라고 밝혔다.",24,2352
iks_doc_2018_hankyoreh_004,Hankyoreh 2018 total annotated text file unicode.txt,Hankyoreh,한겨레,2018,2018_multi_summit,"북 군 수뇌부, 문 대통령에 거수경례 남쪽, 김 위원장과 악수만 수행 군인들 인사법 대조적 리명수 총참모장 박영식 인민 무력상 문 대통령 다가오자 경례 뒤 악수 송영무 국방, 김정은에 가볍게 목례 정경두 합참의장은 고개 꼿꼿 유지",,"문재인 대통령과 김정은 국무위원장이 각각 공식 수행원을 소개하는 자리에서 군인들의 인사법이 달라 비교됐다.
남쪽은 김 위원장에게 악수만 건넸고, 북쪽은 문 대통령에게 먼저 거수경례를 붙였다.
두 정상은 판문점 광장에서 군 의장대 사열 행사를 마친 뒤 양쪽 공식 수행원들을 서로 소개했다.
기다리던 송영무 국방부 장관은 김정은 위원장이 앞으로 오자 악수를 하며 가볍게 고개를 숙여 인사를 했다.
그러나 정경두 합참의장은 고개를 꼿꼿하게 유지한 채 김 위원장과 악수했다.
반면 북쪽 인사들은 문 대통령에게 거수경례를 먼저 해 대조를 이뤘다.
리명수 총참모장은 문 대통령이 다가오자 가볍게 오른손을 오른쪽 눈썹 위에 올려붙이는 예를 갖춘 뒤 악수를 했고, 박영식 인민 무력상도 문 대통령에게 거수경례를 먼저 한 뒤 악수했다.
남북의 이런 대조적인 모습은 처음이 아니다.
2000년과 2007년 두 차례 남북정상회담 때도 북한 군인들은 남쪽의 대통령에게 모두 거수경례를 했다.
정부 당국자는 “2000년 6월에는 조명록 총정치국장과 김일철 인민 무력상 등이 김대중 대통령에게, 2007년 10월엔 김일철 인민 무력상 등이 노무현 대통령에게 거수경례를 올린 것으로 기억한다“고 말했다.
반면 김장수 국방부 장관은 2007년 10월 남북정상회담 때 평양에서 김정일 국방위원장에게 목례조차 하지 않고 악수만 건네 '꼿꼿장수'이라는 별명을 얻었다.
남쪽의 이런 태도는 여전히 '적'인 북한의 총사령관에게 머리를 숙이거나 경례를 하는 것에 대한 부정적 인식이 남아 있기 때문이다.
송영무 장관은 지난주 사석에서 “정상회담 행사에서 김 위원장을 처음 만날 때 어떤 표정으로 어떻게 대해야 좋을지 그 방식에 대해 대략 5가지 정도 고민하고 있다“고 말한 바 있다.
김 위원장을 어떻게 대할지가 그만큼 민감하고 부담스럽ㄴ 문제라는 뜻이다.
그러나 군 내부에서도 이제 '적'이라는 이유로 경례를 하지 않는 것ㄴ 지나치게 경직된 태도라는 비판적 목소리가 나온다.
군 관계자는 “군인은 전쟁 중 포로로 잡힌 적국의 군인에게도 계급이 높으면 거수경례의 예를 갖춘다“며 “북쪽 군인들이 자연스럽게 우리 대통령에게 거수경례하는 상황과도 어울리지 않는다.
우리 사회의 경직성, 편협성만 스스로 부각하는 것 같다“고 말했다.
앞서 김정은 국무위원장은 이날 북한 정상으로는 처음으로 판문점 광장에서 육 해 공 3 군으로 구성된 국군 의장대와 전통 의장대를 사열했다.
김 위원장은 문 대통령과 함께 군악대가 연주하는 '아리랑'과 '신아리랑행진곡', ‘위대한전진행진곡' 등이 울려 퍼지는 가운데 의장대의 '받들어총' 자세를 받으며 레드카펫 위를 걸었다.
의장대와 군악대, 기수단 등 모두 370여 명이 참여한 이날 행사는 협소한 공간과 남북 관계의 특수성 등을 고려해 국기 게양과 국가 연주, 예포 발사가 생락되는 등 약식으로 진행됐다.
이번 의장 행사는 비록 약식이지만, 김 위원장을 정상 국가의 지도자로 인정한다는 뜻을 담고 있는 것이다.
앞서 김대중 대통령과 노무현 대통령도 평양 방문 때 북한 군 의장대를 사열했다.
김정은, 방명록에 “평화의 시대, 역사의 출발점에서““새롭ㄴ 력사는 이제부터. 평화의 시대, 력사의 출발점에서. 김정은 2018.4.27.“
김정은 북한 국무위원장은 27일 오전 9시 41분 문재인 대통령과 함께 정상회담 장손 남쪽 평화의 집으로 들어선 뒤 '새 역사'와 '평화'를 강조하는 내용을 방명록에 남겼다.
김 위원장은 서명 대 앞 의자에 앉아 김여정 북한 노동당 중앙 위원회 제1 부부장이 건네 준 펜으로 방명록을 작성하고 서명했다.
회담 준비 관계자에 따르면, 전통 해주 소반을 본뜬 서명 대는 손님을 초대한 기쁨과 환영의 의미를 담았고, 방명록 의자는 '길'(좋은 일)한 일이 일어나길 기대하는 소망을 담아 '길상 모양'으로 제작했다고 한다.
김 위원장이 방명록에 적는 동안 문재인 대통령은 옆에 서서 정면을 바라보다 두 차례 김 위원장이 작성 중인 방명록에 시선을 보내기도 했다.
김 위원장은 이날 남북 정상이 합의한 '판문점 선언'을 통해 “우리 민족이 화해와 단합, 평화와 번영을 위해 반드시 창조해 나가야 할 모든 것을 완전무결하게 해 놓음으로써 자기 역사적 책임과 시대적 의무를 다해 나가야 할 것“이라고 밝혔는데, 방명록에 적은 '새롭ㄴ 역사는 이제부터'이라는 글과 맥이 닿는 것으로 보인다.
남북 정상 부인들도 첫 상견례 리설주 여사 '깜짝' 만찬 동행 김정숙 여사 먼저 나가 마중 27일 오후 6시 18분.
군사 분계선을 넘은 승용차 한 대가 남북정상회담 장손 판문점 평화의 집에 도착했다.
살구 색 정장을 입은 리설주 여사가 차에서 내렸다.
먼저 와서 대기하던 문재인 대통령의 부인 김정숙 여사가 웃으며 리 여사를 맞이했다.
하늘색 정장 차림의 김 여사가 리 여사의 허리를 가볍게 감싸어 안아 평화의 집 1층 로비로 안내했다.
로비에 있던 문 대통령은 리 여사와, 김정은 북한 국무위원장은 김 여사와 악수하며 반갑게 인사를 나눴다.
문 대통령과 김 위원장의 첫 만남에 잇어, 남북 정상 부인들도 처음 얼굴을 마주했다.
회담 참석 여부가 베일에 가려 있던 김 위원장의 부인 리 여사가 '퍼스트 레이디'로서 남쪽 땅에 모습을 드러낸 것이다.
리 여사는 이날 평화의 집 3층에서 열린 회담 만찬에 참석하기 위해 남쪽으로 건너 왔다.
리 여사는 평화의 집 로비에서 처음 대면한 문 대통령과도 서로 말을 섞어 가며 환담을 나눴다.
문 대통령이 김 여사와 리 여사에게 “두 분은 인사를 나눴습니까?
우리(문 대통령과 김 위원장)는 하루 사이 친분을 많이 쌓았습니다“라고 하자, 리 여사는 “아침에 남편께서 회담 갔다 오셔서, 문 대통령님과 함께 진실하고 좋은 이야기도 많이 나누고 회담도 잘됐다고 하셔서 정말 기뻤습니다“라고 화답했다.
리 여사는 김 여사가 평화의 집을 꾸미는 데 신경 썼다는 것을 들었다고 언급하며, “그래서 조금 부끄러웠다. 제가 아무것도 한 것 없이 이렇게 왔는데“라며 웃었다.
이날 처음 만난 두 정상 부인들은 음악이란 연결 고리를 갖고 있다.
김 여사는 성악을 전공했고, 1989년생으로 알려진 리 여사는 북한 은하수관현악단과 모란봉6중창단의 가수 출신이다.
이날 문 대통령이 리 여사에게 “두 분이 전공도 비슷하시기 때문에 남북 문화 예술 교류를 많이 해 주시면 좋겠다“고 당부한 것도 그런 이유 때문이다.
리 여사의 이번 '만찬 동행'은 외부 노출을 꺼렸던 김정일 국방위원장 시절 부인과는 다른 모습이다.
리 여사 참석은 북한이 이번 회담에 예우를 갖추겠다는 뜻인 동시에, 다른 나라처럼 '퍼스트 레이디'가 활동하는 정상 국가라는 점을 세계에 보여 주려는 것으로 보인다.
리 여사는 지난달 25~28일 김 위원장의 중국 방문에 동행해 '퍼스트 레이디'로서 주목을 받았다.
지난 3월 남측 대북 특별 사절단 만찬, 지난 1일 남측 예술단 평양 공연에도 김 위원장과 동석했다.
“저는 언제 넘어 갈 수 있겠습니까?““지금 넘어 가 볼까요“판문점 12시간 '평화의 드라마' “저는 언제쯤 넘어 갈 수 있겠습니까?““그럼, 지금 넘어 가 볼까요.“27일 오전 9시 30분.
막 군사 분계선을 넘어 남쪽으로 내려온 김정은 국무위원장에게 문재인 대통령이 농담처럼 부럽ㅁ을 표시하자, 김 위원장이 기다렸다는 듯 선뜻 화답했다.
김 위원장은 웃으며 문 대통령의 손을 잡아 끌었다.
두 정상은 손을 잡고 가볍게 군사 분계선을 넘었다.
북쪽에서 10초 가량 머물며 대화를 나누다 다시 남쪽으로 건너 왔다.
판문점에서 이날 하루 종일 펼쳐진 '평화 드라마'를 예고하는 장면이었다.
이날 두 정상의 만남은 내내 막힘가 없었다.
김 위원장을 맞는 문 대통령은 정중하면서도 따뜻했다.
꾸밈없이 반가움을 전하고 관심사를 꺼냈다.
김 위원장은 활달하면서도 자신감 있는 모습으로 문 대통령에게 화답했다.
민감한 사안에 대해서도 걸걸한 목소리로 진솔하게 말했다.
문 대통령과 김 위원장이 솔직함이라는 '공통의 화법'을 구사하는 듯했다, 김 위원장의 활달함는 첫 등장부터 예고됐다.
김 위원장은 9시 27분께 북쪽 판문각을 나와 성큼성큼 계단을 내려왔다.
군사 분계선 앞에서 기다리던 문 대통령과 악수하면서 환하게 웃었다.
“정말 마음 설렘가 그치지 않는다.
이 역사적 장소에서 만나니까, 대통령께서 이렇게 분계선까지 나와서 맞이해 주시니 정말 감동스럽다“고 말했다.
“여기까지 온 것ㄴ 위원장님의 아주 큰 용단이었다“는 문 대통령의 말에, “아이, 아닙니다“라고 말하기도 했다.
김 위원장이 군사 분계선을 넘는 순간은 극적이었다.
문 대통령이 왼손으로 군사 분계선 남쪽을 가리키며 “이쪽으로 오실까요?”라고 권하자 주저하지 않고 왼발을 내밀어 훌쩍 넘어 왔다.
북한 최고 지도자가 남쪽 땅을 밟기는 분단 이후 처음이다.
김 위원장의 할아버진 김일성 주석도, 아버진 김정일 국방위원장도 못 했던 일이다.
김 위원장은 돌아서 북녘을 향했다.
잠시 감회에 빠진 듯했다.
김 위원장은 다시 돌아서 문 대통령의 손을 꼭 잡았다.
두 정상은 전통 의장대가 도열한 가운데 '자유의 집' 우회 도로를 걸어 사열 장소를 지났다.
빨갛ㄴ 양탄자로 표시된 길을 걸으면서도 대화는 끊이지 않았다.
문 대통령이 “외국 사람들도 우리 전통 의장대를 좋아한다.
그런데 오늘 보여 드린 전통 의장대는 약식이라 아쉽다.
청와대에 오시면 훨씬 좋은 장면을 보여 드릴 수 있다“고 말하자, 김 위원장은 “아, 그렇ㄴ가요.
대통령께서 초청해 주시면 언제라도 청와대에 가겠다“고 답했다.
의장대 사열은 진지했다.
문 대통령은 중간 중간 거수경례를 했고, 김 위원장은 좌우를 응시했다.
사열 중에는 사성곡과 봉황곡이 울려 퍼졌다.
두 정상은 사열을 마치고선 수행원들과 일일이 악수를 나눴다.
김 위원장이 “오늘 이 자리에 왔다가 사열 뒤 돌아가야 하는 분들이 있다“고 말하자, 문 대통령이 “그럼 가기 전에 수행원 모두 사진을 찍었으면 좋겠다“고 기념 촬영을 제안했다.
역시 예정에 없던 행사였다.
9시 41분.
두 정상이 회담장인 평화의 집에 들어섰다.
김 위원장은 전통 해주 소반을 본뜬 서명 대 의자에 앉아 동생인 김여정 북한 노동당 중앙 위원회 제1 부부장이 건네 준 펜으로 “새롭ㄴ 력사는 이제부터. 평화의 시대, 력사의 출발점에서. 김정은 2018.4.27“이라고 썼다.
잇어 두 정상은 1층 로비에 걸린 '북한산' 그림을 배경으로 기념 사진을 찍었다.
사진을 찍은 뒤 두 정상은 그림을 바라보며 30초 가량 대화를 나눴다.
문 대통령은 '장백폭포' 그림을 소개하면서 백두산을 가고 싶다는 뜻을 넌지시 전하기도 했다.
문 대통령은 “나는 백두산을 가 본 적이 없다.
그런데 중국을 통해 백두산을 가는 분들이 많더라.
나는 북측을 통해 꼭 백두산에 가 보고 싶다“고 말했다.
김 위원장의 정상회담 머리 발언은 감동과 유머가 교차했다.
김 위원장은 “군사 분계선을 넘어서 보니까 사람이 넘기 힘들ㄴ 높이로 막힌 것도 아니고, 너무나 쉽게 넘어 온 역사적인 이 자리까지 11년이 넘었는데, 왜 그렇게 오기 힘들었나 하는 생각이 들었다“고 말했다.
그러면서 “어렵사리 평양냉면을 가지고 왔는데, 이것이 멀리서, 멀다고 말하면 안 되겠구나“라고 말해 웃음을 자아냈다.
두 정상은 정상회담을 마친 뒤 헤어졌다.
김 위원장은 경호원들의 호위를 받으며 차량을 타고 군사 분계선 북쪽으로 넘어 갔다.
김 위원장으로선 네 번째 군사 분계선 통과였다.
두 정상은 오후 4시 27분 기념 식수를 하기 위해 다시 만났다.
기념 식수는 고 정주영 현대그룹 명예 회장이 1998년 6월 소 500마리를 트럭에 태워 방북할 때 지났던 '소떼길' 옆에서 이루어졌다.
김 위원장은 차량을 타고 남쪽으로 넘어 와 문 대통령과 다시 만났다.
이날 다섯 번째 군사 분계선 통과였다.
두 정상은 미리 심어져 있는 1953년생 소나무 앞에 서서 잠시 대화를 나눴다.
소나무 앞에는 한라산 흙과 백두산 흙, 한강 물과 대동강 물이 놓여 있었다.
두 정상은 흰 장갑을 끼고 각자 삽을 잡았다.
문 대통령은 백두산 흙을, 김 위원장은 한라산 흙을 삽에 퍼서 나무에 세 차례 뿌렸다.
문 대통령은 평양 대동강 물을, 김 위원장은 서울 한강 물을 나무에 뿌렸다.
'합토합수'(合土合水)를 통해 남북 평화와 화합의 의지를 담은 것이다.
기념 식수 표지석에는 '평화와 번영을 심다'는 글귀와 문 대통령과 김 위원장의 서명이 선명하게 새겨져 있었다.
두 정상은 공동 식수 뒤 판문점 안에 있는 도보다리에서 산책을 했다.
4시 36분부터 이루어진 두 정상의 산책은 이번 회담의 하이라이트 가운데 하나였다.
문 대통령과 김 위원장은 도보다리 쪽으로 나란히 걸으며 담소를 주고 받았다.
손짓을 섞어 가며 대화를 나누다 중간 중간 고개를 끄덕이기도 했다.
두 정상은 군사 분계선 표지물 왼쪽에 마련된 의자에 앉아 약 40분 가량 배석자 없이 얘기를 나눴다.
자리에 앉자 김 위원장은 근접 촬영을 위해 따라붙은 북쪽 기자들에게 '잠시 비켜 달라'는 듯 손짓을 해 주변을 물리쳤다.
탁자를 앞에 두고 나란히 앉은 두 정상의 간격은 1m도 채 되지 않았다.
전 세계가 생중계로 지켜 보는 가운데 외교사에 전례를 찾아 보기 힘들ㄴ '공개 밀담'이 펼쳐진 것이다.
두 정상의 평화 드라마는 5시 40분께 판문점 선언에 서명하면서 마침내 열매를 맺었다.
문 대통령은 평화의 집 앞마당에서 열린 기자 회견장에서 “대담하게 오늘의 상황을 만들어 내고 통 큰 합의에 동의한 김 위원장의 용기와 결단에 경의를 표한다“고 김 위원장을 치켜세웠다.
잇어 연단에 오른 김 위원장은 “하나의 핏줄과 역사, 문화와 언어를 가진 북남은 본래처럼 하나가 돼 끝없는 번영을 누릴 것“이라며 “북남의 전체 인민과 세계가 보는 가운데 서명한 합의가 역대 합의처럼 시작만 뗀 불미스럽ㄴ 역사를 되풀이하지 않도록 두 사람이 무릎을 마주하고 소통 협력해 반드시 좋은 결실이 맺어지게 노력할 것“이라고 힘줘 말했다.
두 정상은 잇어 부부 동반으로 만났다.
문 대통령과 부인 김정숙 여사는 6시 16분께 검은색 벤츠를 타고 평화의 집 앞에 도착한 리설주 여사를 맞았다.
남북 정상의 부부 동반 회동은 이번이 처음이다.
문 대통령은 리 여사에게 “매우 반갑다“고 인사를 건넸고, 리 여사는 “이렇게 만나 뵙게 돼서 정말 반갑다“고 화답했다.
리 여사는 “오전에 남편이 회담을 갔다 와서 문 대통령님과 함께 좋은 이야기도 많이 나누고 회담도 잘 됐다고 해서 정말 기뻤다“고 말하기도 했다.
문 대통령 부부와 김 위원장 부부는 기념 촬영을 한 뒤 3층 연회장에서 열린 환영 만찬에 참석했다.
만찬장에는 해금과 옥류금의 합주로 남쪽에도 익숙한 북한 노래 ‘반갑습니다’가 울려 퍼졌다.
여야 “역사적 합의“박수 칠 때 한국당만 “북한 주장 받아쌌다“민주 평화 정의당 “평화 이정표“바른미래 “실행이 중요“당부도 한국당 “북 핵 포기 의사 안 보여 남쪽 일방적 빗장 풀기“깎아 내려 문재인 대통령과 김정은 북한 국무위원장이 27일 합의한 '한반도의 평화와 번영, 통일을 위한 판문점 선언'을 두고, 자유한국당을 제외한 각 당은 모두 한목소리로 긍정적인 평가를 내놓았다.
김현 더불어민주당 대변인은 “남북 관계뿐만 아니라 한반도 정세의 대전환 점을 만들ㄴ 역사적 쾌거“라며 “한반도 평화 정착과 공동 번영을 위한 흔들리지 않을 이정표가 될 것“이라고 상찬했다.
최경환 민주평화당 대변인은 “비핵화 로드맵 마련, 평화 체제 방향과 일정 제시, 남북 관계 회복과 정상화 방안 합의 등 3 대 의제에 합의해 큰 성과를 냈다“며 “6.15 남북 공동 선언, 10.4 선언을 잇어 한반도의 운명을 새로 개척한 선언“이라고 평가했다.
이정미 정의당 대표도 “역대 그 어느 회담보다 강력한 평화 조치들이 합의됐다“며 “평화와 번영이라는 새 역사의 이정표가 될 것“이라고 기대했다.
바른미래당은 “완전한 비핵화가 명문화된 것이 의미 있다“고 긍정적으로 평가하면서 “구체적 실행 방안 합의가 뒤따라야 한다“고 당부했다.
정세균 국회 의장도 “양국 정상의 통 크고 담대한 역사적 결단과 합의를 진심으로 환영한다“며 “정치권도 새롭ㄴ 시대를 열어 가는 길에 초당적으로 힘을 모아야 한다“고 강조했다.
반면, 남북정상회담을 '위장 평화 쇼'이라며 견제해 온 자유한국당은 “판문점 선언은 국민의 기대를 저버리는 내용“이라고 신랄하게 비판하며 여야 4 당과 다소 동떨어진 평가를 내 놨다.
전희경 자유한국당 대변인은 “북한의 핵 포기 의사는 발견할 수 없으며, 오히려 대한민국의 안보, 경제 면에서의 일방적인 빗장 풀기에 지나지 않음을 확인했다“며 “선언문의 상당 부분이 북한의 주장을 별다른 고려 없이 그대로 반영한 것“이라고 논평을 냈다.
홍준표 자유한국당 대표도 페이스북에 글을 올려 “북핵 폐기는 한마디도 꺼내지 못하고 김정은이 불러 준 대로 받아 적은 것이 남북정상회담 발표문“이라고 비판했다.
앞서 이날 오전 남북 정상이 11년 만에 만난 순간, 여야 지도부는 정쟁을 잠시 멈추고 방송 중계를 지켜 보며 정상회담의 성공을 기원했다.
서울 여의도 국회 본청에서 지도부와 함께 정상회담 중계를 지켜 본 추미애 민주당 대표는 두 정상의 첫 만남을 지켜 본 뒤 감정에 북받친 듯 여러 차례 울음을 삼켰다.
같은 시각 바른미래당과 민주평화당, 정의당 지도부도 국회 본청의 각당 회의실에 모여 정상회담 중계를 단체 시청했다.
이정미 대표 등 정의당 지도부는 한반도 기를 손에 꼭 쥔 채 정상회담을 지켜 봤고, 조배숙 대표 등 평화 당 지도부는 두 정상이 손을 맞잡을 때 자리에서 일어나 기립 박수와 함께 환호를 터뜨렸다.
바른미래당 지도부의 표정은 엇갈렸다.
박주선 공동 대표와 하태경 최고 위원은 두 정상이 만나 악수를 나눌 때 박수를 치며 성원을 아끼지 않았지만 유승민 공동 대표와 일부 최고 위원은 중계 내내 굳은 표정을 유지했다.",143,8658
iks_doc_2018_hankyoreh_005,Hankyoreh 2018 total annotated text file unicode.txt,Hankyoreh,한겨레,2018,2018_multi_summit,문 “북측 통해 백두산 가고 싶어“김 “오시면 편히 모실 것“문 대통령/김 위원장 주요 발언 문 “10년 동안 끊어졌던 혈맥 다시 잇어“김 “손 맞잡고 가면 지금보다 나아질 것“문 “좋은 논의 많이 이뤄 전 세계에 선물“김 “기대하셨던 분들에게 만족 드렸으면“,,"신중NNG한 화법으로 잘 알려진 문재인 대통령과, 화통한 화법의 김정은 북한 국무위원장.
전혀 다른 캐릭터를 가진 두 정상이지만 '평화'이라는 하나의 목표를 눈앞에 둔 만큼 대화는 물 흐르듯 이어졌다.
남북정상회담이 열린 27일 두 정상의 판문점 선언 발표와 영상, 윤영찬 청와대 국민 소통 수석의 브리핑 등으로 전달된 두 정상의 환담 내용을 대화록으로 재구성했다.
남북정상회담 주요 발언 군사 분계선 첫 만남 안녕하십니까?
예, 어서 오셔요.
오시는 데 힘들지 않았습니까?
(김 위원장께선) 남측으로 오셨는데 저는 언제쯤 (북 층으로) 넘어 갈 수 있겠습니까?
그럼 지금 넘어 가 볼까요?
정상회담을 시작하며 200미터 되는 짤ᆫ 거리를 오면서 군사 분계선을 넘어서면서 보니까 그 분리 선이 사람이 넘기 힘들ㄴ 높이로 막힌 것도 아니고 (...) 왜 그 시간이 이렇게 오래였나, 왜 이렇게 오기 힘들었나 하는 생각이 들었습니다.
(...) 어렵사리 평양에서부터 평양냉면을 가지고 왔습니다.
(...) 이것이 멀리 온...
멀다고 말하면 안 되겠구나.
(웃음) 김정은 위원장이 사상 최초로 군사 분계선을 넘어 오는 순간, 이 판문점은 분단의 상징이 아니라 평화의 상징이 됐습니다.
(...) 우리 오늘 대화도 그렇게 통 크게 대화를 나누고, 또 합의에 일러서 우리 온 민족과 평화를 바라는 이 세계 모든 사람들이게 큰 선물을 만들어 줬으면 좋겠습니다.
오전 정상회담을 마치며 분단 선이 높지도 않은데 많은 사람들이 밟고 지나다 보면 없어지지 않겠습니까.
오늘 판문점을 시작으로 평양과 서울, 제주도, 백두산으로 만남이 이어졌으면 좋겠습니다.
군사 분계선에서의 첫 인사 김 위원장 안녕하십니까?
문 대통령 예, 어서 오셔요.
오시는 데 힘들지 않았습니까?
김 위원장 뭐, 정말 마음 설렘가 그치지 않고요.
이 역사적인 장소에서 만나니까, 또 대통령께서 이렇게 분계선까지 나와서 맞이해 주시니 정말 감동스럽습니다.
문 대통령 여기까지 온 것ㄴ 위원장님의 아주 큰 용단이었습니다.
김 위원장 아이, 아닙니다.
문 대통령 역사적인 순간을 맞이하고 있습니다.
김 위원장 반갑습니다.
문 대통령 이쪽으로 오실까요?
(김 위원장, 군사 분계선 남쪽으로 이동) 문 대통령 (김 위원장께선) 남측으로 오셨는데 저는 언제쯤 (북쪽으로) 넘어 갈 수 있겠습니까?
김 위원장 그럼 지금 넘어 가 볼까요?
(두 정상, 군사 분계선 넘었다가 다시 건너 옴) 의장대 사열 전후 문 대통령 외국(손님들)도 전통 의장대를 좋아합니다.
그런데 오늘 보여 준 전통 의장대는 약식이라 아쉽습니다.
청와대로 오시면 훨씬 좋은 장면을 보여 드릴 수 있습니다.
김 위원장 아, 그렇ㄴ가요.
대통령께서 초청해 주시면 언제라도 청와대에 가겠습니다.
평화의 집 환담장 문 대통령 여기까지 어떻게 오셨습니까?
김 위원장 새벽에 차를 이용해 개성을 거쳐 왔습니다.
대통령께서도 아침에 일찍 출발하셨겠습니다.
문 대통령 저는 불과 52㎞ 떨어져 있어 한 시간 정도 걸렸습니다.
김 위원장 대통령께서 우리 때문에 엔에스시(NSC, 국가안보회의)에 참석하시느라 새벽 잠을 많이 설쳤다는데, 새벽에 일어나는 것이 습관이 되셨겠다.(웃음)
문 대통령 김 위원장께서 우리 특사단이 갔을 때 선제적으로 말씀을 주셔서 앞으로 발 뻗고 자겠습니다.
김 위원장 대통령께서 새벽 잠을 설치지 않도록 제가 확인하겠습니다.
불과 200미터를 오면서 왜 이리 멀어 보였을까, 또 왜 이리 어려웠을까 생각했습니다.
원래 평양에서 문 대통령님을 만날 줄 알았는데 여기서 만난 것이 더 잘됐습니다.
대결의 상징인 장소에서 많은 사람들이 기대를 가지고 보고 있습니다.
오면서 보니 실향민들과 탈북자, 연평도 주민 등 언제 북한 군의 포격이 날아 오지 않을까 불안해하던 분들도 오늘 우리 만남에 기대를 가지고 있는 것을 봤습니다.
이 기회를 소중히 해서 남북 사이에 상처가 치유되는 계기가 됐으면 좋겠습니다.
문 대통령 저는 백두산을 가 본 적이 없습니다.
그런데 중국 쪽으로 백두산을 가는 분들이 많습니다.
저는 북측을 통해서 꼭 백두산에 가 보고 싶습니다.
김 위원장 문 대통령이 오시면 솔직히 걱정스럽ㄴ 것이 우리 교통이 불비해서 불편을 드릴 것 같습니다.
평창올림픽에 갔다 온 분들이 말하는데 평창 고속 열차가 다 좋다고 합니다.
남측의 이런 환영에 있다가 북에 오면 참으로 민망스럽ㄹ 수 있겠습니다.
우리도 준비해서 대통령이 오시면 편히 모실 수 있게 하겠습니다.
문 대통령 앞으로 북측과 철도가 연결되면 남북이 모두 고속 철도를 이용할 수 있습니다.
이런 것이 6.15, 10.4 합의서에 담겨 있는데 10년 세월 동안 그리 실천하지 못하았습니다.
남북 관계가 완전히 달라져 그 맥이 끊어진 것이 한스럽습니다.
김 위원장께서 큰 용단으로 10년 동안 끊어졌던 혈맥을 오늘 다시 잇었습니다.
김 위원장 짧게 걷어 오면서 정말 11년이나 걸렸나, 라고 생각을 했습니다.
그런 우리가 11년 간 못한 것을 100여 일 만에 줄기차게 달려 왔습니다.
굳은 의지로 함께 손 잡고 가면 지금보다야 못해질 수 있겠습니까.
대통령님을 제가 여기서 만나면 불편하지 않을까 생각했는데 그래도 친서와 특사를 통해 사전에 대화를 해 보니 마음이 편합니다.
서로에 대한 신뢰와 믿음이 중요합니다.
정상회담 오전 회동 머리 발언 김 위원장 오기 전에 보니까 오늘 저녁에 만찬 음식 가지고 많이 얘기하는데, 어렵사리 평양에서부터 평양냉면을 가지고 왔습니다.
가지고 왔는데 대통령께서 편한 마음으로 평양냉면, 이것이 멀리서 온, 멀다고 말하면 안 되겠구나.(웃음) 좀 맛있게 드셨으면 좋겠습니다.
오늘 정말 허심탄회하게, 진지하게, 솔직하게, 이런 마음가짐으로 문재인 대통령님과 좋은 이야기를 하고, 또 반드시 필요한 이야기를 하고, 그래서 좋은 결과를 만들어 내겠다는 것ㄹ 문재인 대통령 앞에도 말씀 드리고, 기자 여러분들한테도 말씀 드립니다.
감사합니다.
(박수) 문 대통령 오늘 우리 만남을 축하하듯이 날씨도 아주 화창합니다.
우리 한반도에 봄이 한창입니다.
한반도의 봄, 온 세계가 주목을 하고 있습니다.
전 세계의 눈과 귀가 여기 판문점에 쏠려 있습니다.
우리 오늘 대화도 그렇게 통 크게 대화를 나누고, 또 합의에 일러서 우리 온 민족과 평화를 바라는 이 세계 모든 사람들에게 큰 선물을 만들어 줬으면 좋겠습니다.
오늘 하루 종일 이야기할 수 있는 시간이 있는 만큼 10년 동안 못다 한 이야기 오늘 충분히 나눌 수 있기를 바랍니다.
(일동 웃음) 정상회담 오전 회동 마무리 발언 김 위원장 내가 말씀 드리자면 고저 비행기로 오시면 제일 편안하시니까.
우리 도로라는 것이, 아까도 말씀 드렸지만 불편합니다.
제가 오늘 내려와 보니까 이제 오시면 이제 공항에서 영접 의식을 하고 이렇게 하면, 잘될 것 같습니다.
문 대통령 그 정도는 또 남겨 놓고 닥쳐서 논의하는 맛도 있어야지요.(웃음) 김 위원장 (웃음) 오늘 여기서 다음 계획까지 다 할 필요는 없지요.
문 대통령 오늘 아주 좋은 논의를 많이 이뤄서, 우리 남북의 국민들에게, 전 세계 사람들에게 아주 좋은 선물이 될 것 같습니다.
김 위원장 많이 기대하셨던 분들한테 물론 이제 시작에, 빙산의 일각에 지나지 않겠지만 우리 오늘 첫 만남과 오늘 이야기된 것이 발표되고 하면, 기대하셨던 분들이 조금이나마 기대에 만족을 드렸으면 하는 바람입니다.
문 대통령 오후에 식수 행사 하고, 짧은 시간이어도 대화할 시간이 있을 것 같습니다.
김 위원장 수고 많으셨습니다.
오후에 뵙겠습니다.
오후 소떼길에 공동 기념 식수 김 위원장 어렵게 찾아온 북과 남의 새봄을 소중히 하고 잘 키워 나가야 한다고 (생각합니다).
문 대통령 소나무를 심은 것이 아니라 평화와 번영을 심은 것이다.
김 위원장 표지석 문구가 아주 훌륭합니다.
(표지석 문구는 '평화와 번영을 심다'로 문 대통령이 고안한 것이다.)
도보다리에서 배석 없이 공개 밀담 수행원 없이 도보다리까지 산책한 뒤 두 정상은 약 40분 간 배석자 없이 대화를 나눴다.
문 대통령이 말할 때 김 위원장은 고개를 끄덕이기도 했고, 김 위원장이 발언할 때는 문 대통령이 안경을 올리는 등 경청하는 모습을 보였다.
평화의 집 앞에서 판문점 선언 발표 문 대통령 존경하는 남과 북의 국민 여러분.
해외 동포 여러분.
김정은 위원장과 나는 평화를 바라는 8 천만 겨레의 염원으로 역사적인 만남을 갖고 귀중한 합의를 이뤘습니다.
한반도에 더 이상 전쟁은 없을 것이며 새롭ㄴ 평화의 시대가 열리고 있음을 함께 선언했습니다.
(중략) 김정은 위원장과 나는 서로에 대한 굳건한 믿음으로 평화와 번영, 통일을 위해 정기적인 회담과 직통 전화를 통해 수시로 논의할 것입니다.
이제 우리는 결코 뒤돌아 가지 않을 것입니다.
(중략) 지금까지 정상회담 후 북측의 최고 지도자가 직접 세계의 언론 앞에 서서 공동 발표하는 것은 사상 처음인 것으로 알ㅂ니다.
대담하고 용기 있는 결정 내려 준 김정은 위원장에 박수 보냅니다.
감사합니다.
김 위원장 저와 문재인 대통령은 분열의 비극과 통일의 열망이 동결돼 있는 이곳 판문점에서 역사적 책임 사명감을 안고 첫 회담을 가졌습니다.
(중략) 저와 문재인 대통령은 우리 상봉 간절히 바라고 열렬히 지지해 준 북남 온 겨레의 소망과 기대를 무겁게 받아들이고 북남 인민들이 절실히 바라는 문제 해결 위해 많은 의제를 진지하게 논의했습니다.
무엇보다도 온 겨레가 전쟁 없는 평화롭ㄴ 땅에서 번영과 행복을 누리는 새 시대를 열어 나갈 확고한 의지를 같이하고 실천적 대책에 합의했습니다.
(중략) 판문점 선언이 지금 우리의 회담 결과를 간절한 마음으로 지켜 보는 여러분의 기대에 조금이나마 보답하고 새 희망 기쁨 주게 되기를 바랍니다.
만찬 문 대통령 역사적 사명감으로 우리의 어깨는 무거웠지만 매우 보람있는 하루였습니다.
북측 속담에 '한 가마 먹은 사람이 한 울음 울ㄴ다'고 했습니다.
우리는 찾아 준 손님에게 따듯한 밥 한 끼 대접해야 마음이 놓이는 민족입니다.
오늘 귀한 손님들과 마음을 터 놓는 대화를 나누고 귀중한 합의와 함께 맛있는 저녁을 하게 돼 기쁩니다.
오늘 회담의 성공을 위해 전력을 다해 주신 남북 관계자 여러분 수고하셨습니다.
하나의 봄을 기다려 오신 남북 8 천만 겨레 모두 고맙습니다.
김정은 위원장과 나는 정기적인 회담과 직통 전화로 대화하고 의논하며 믿음을 키워 나갈 것입니다.
북측에서는 건배를 어떻게 하는지 모르겠지만 저는 '위해'라고 하겠습니다.
'남과 북이 자유롭게 오갈 수 있는 그날을 위해'.
김 위원장 오늘 나는 문재인 대통령과 역사적인 상봉을, 그것도 분단을 상징하는 여기 판문점에서 진행하고, 짧은 하루였지만 많은 대화를 나눴으며 의미 있는 합의를 이뤘습니다.
오늘의 이 소중한 결실은 온 겨레에 커다랗ㄴ 기쁨과 희망을 안겨 주게 될 것이며 조선 반도의 평화를 바라는 국제 사회의 지지와 공감을 불러일으키게 될 것이라고 생각합니다.
새롭ㄴ 역사를 만들어 나가기 위해 많은 고심 속에 검토하시는 문 대통령님, 그리고 김정숙 여사님, 남측의 여러분들, 그리고 여기에 참가한 모든 분들의 건강을 위해서 잔을 들ㄹ 것을 제안합니다.
감사합니다.",112,5427
iks_doc_2018_hankyoreh_006,Hankyoreh 2018 total annotated text file unicode.txt,Hankyoreh,한겨레,2018,2018_multi_summit,두 정상 포옹에 감탄사 '냉면 농담'엔 웃음 터진 프레스 센터 킨텍스 프레스 센터의 표정 38개국 3071명 취재진 몰려 '남북 땅 넘나들기' 명장면 꼽아 화면 가리는 북한 사진 기자들에 “취재 시스템 잘 몰라 그렇ㄹ 수도“,,"2000년과 2007년에 잇어 11년 만에 남북 정상이 손을 맞잡은 27일 오전 9 시 29 분, 한국을 포함해 38개국, 3071명의 기자가 모인 경기도 고양시 킨텍스의 메인 프레스 센터에서도 박수가 터져 나 왔다.
국내 취재진을 제외하고도 198개 국외 언론사에서 929명이 취재 등록을 했을 정도로, 세계 언론이 함께 지켜 본 순간이었다.
프레스 센터에서 만난 외신 기자들은 하나같이 남북 정상이 군사 분계선을 넘나들며 남쪽과 북쪽 땅을 번갈아 밟는 모습에서 강렬한 인상을 받았다고 했다.
캐나다 <글로브앤메일>의 네이선 밴더클리프 기자는 “두 정상이 오전에 몸으로 보여 준 '보디 랭귀지'는 장관이었다.
남과 북이 많이 가까워졌다고 느꼈다“고 말했다.
홍콩 주간지 <주간봉황>의 치페이 기자도 “가장 인상 깊은 장면이었다.
첫 발걸음으로 통일을 이루긴 어렵겠지만, 궁극적으로 통일로 다가설 수 있다고 생각한다“고 말했다.
나이지리아에서 왔다는 제임스 칼루 <디플로마매거진> 기자는 “모든 과정이 감동적이었지만, 이 정상회담을 상징적으로 보여 준 장면“이라고 평가했다.
이날 두 정상의 움직임 하나하나에 프레스 센터가 출렁였다.
김 위원장이 오전 회담에 들어가기 전 머리 발언에서 “평양냉면을 가져왔다.
멀리 온 멀다고 말하면 안 되갔구나“라고 건넨 농담에 기자들도 함께 웃었고, '판문점 선언' 발표에 앞서 두 정상이 끌어안을 때는 “오!“하는 탄성이 터졌다.
한국 입양인 관련 미국 잡지사에서 일하는 스티븐 워로우 기자는 “김 위원장의 자연스럽ㄴ 모습을 보고, 그도 '평범한 사람'이라고 느꼈다“고 평가했다.
중국 베이징에 주재하며 여러 번 평양 취재를 다녀왔다는 마쓰모토 야스지 <교도통신> 기자는 “생중계되는 상황에서 농담하는 김 위원장의 모습은 '최고 영도자'로 신성시되는 평양에선 볼 수 없는 장면“이라며 “평양냉면에 대한 농담이나, (북한 포격 위험 때문에) 연평도에서 불안해하는 사람이 없어지면 좋겠다는 발언 등을 보면, 한국 쪽이 무엇에 관심이 있는지 파악해 준비했다는 인상을 받았다“고 말했다.
터키 출신 시나시 알파고 <자만아메리카> 기자는 “북한이 이번 회담을 통해 달라진 모습을 보여 줘야겠다는 생각을 한 것 같다“고 말했다.
한편, 이날 북한 취재진이 자아낸 돌발 상황도 각국 언론의 흥미를 끌었다.
돌발 상황은 두 정상이 오전 회담을 위해 남쪽 평화의 집에 들어선 뒤 한쪽 벽에 걸린 '북한산' 그림 앞에서 기념 촬영을 할 때 벌어졌다.
두 정상을 비춰야 할 생중계 카메라 화면이 북한 사진 기자의 엉덩이에 통째로 가려지는 상황이 발생하자, 프레스 센터는 웃음 소리로 들썩였다.
일본 <아사히 신문> 가미야 다케시 기자는 “북한 기자들은 이런 시스템을 잘 모를 수도 있겠다고 생각했다“고 말했다.",18,1359
iks_doc_2018_hankyoreh_007,Hankyoreh 2018 total annotated text file unicode.txt,Hankyoreh,한겨레,2018,2018_multi_summit,"“아, 멀다고 말하면 안 되갔구나“농담도 거침없던 김정은 솔직 대담한 스타일 과시 만찬 오를 평양냉면 소개하다 표현 서둘러 거둬들이며 웃음 “문 대통령 새벽 잠 설치지 않게“도발 않겠단 뜻도 유머로 강조 '탈북자' '연평도 포격'도 직접 언급 “우리 교통이 불비해서 불편하실 것“낙후한 북 사정 스스럼없이 드러내",,"남북정상회담이라는 전 세계의 이목이 집중된 이벤트에 모습을 드러낸 김정은 북한 국무위원장은 솔직하고 대담했다.
60 억 세계인들에게 자신의 일거수일투족이 노출되는 '긴장되는' 무대였지만 김 위원장은 어색함 없이 농담을 던졌고 북한의 낙후한 상황도 스스럼없이 드러냈다.
그는 '은둔의 독재자'이라는 기존의 평가를 가볍게 넘어서며 파격적이면서 자신감 있는 모습을 세계에 과시했다.",3,210
iks_doc_2018_hankyoreh_008,Hankyoreh 2018 total annotated text file unicode.txt,Hankyoreh,한겨레,2018,2018_multi_summit,“멀다고 하면 안 되갔구나“여유와 유머,,"김 위원장은 27일 아침 판문점 북쪽 지역인 판문각에서 모습을 드러낸 순간부터 미소와 여유를 잃지 않았다.
그는 평화의 집 환담장에서 문재인 대통령이 아침 일찍 출발했을 것이라 언급하며 “대통령께서 우리 때문에 엔에스시(NSC)에 참석하시느라 새벽 잠을 많이 설쳤다는데, 새벽에 일어나는 것이 습관이 되셨겠습니다“라며 웃었다.
북한은 문 대통령 취임 직훈 지난해 5월 14일 오전 5시 27분께 신형 중장 거리 탄도 미사일인 화성 12 형을 발사한 것을 시작으로, 국가 핵 무력 완성을 선언한 11월 29일 오전 3시 17분께 아이시비엠(ICBM)급 추정 탄도 미사일 발사까지 총 11 차례에 걸쳐 탄도 미사일 실험을 했다.
북이 새벽 3~6시 사이에 미사일을 발사하면, 문 대통령은 곧바로 국가안전보장 회의(NSC)를 소집해 온 일을 언급한 것이다.
김 위원장은 “대통령께서 새벽 잠을 설치지 않도록 내가 확인하겠습니다“라며 더 이상의 도발은 없다는 점을 농담을 섞어 강조했다.
회담장 입구에 걸린 금강산 그림 앞에서 문 대통령과 악수를 한 뒤 참석자들이 박수를 치자 김 위원장은 “악수만 가지고 박수를 받으니까 쑥스럽네요“라며 웃었고, 사진 촬영이 끝난 뒤에는 “잘 연출됐습니까“라며 여유 있는 농담을 건넸다.
그는 옥류관 냉면 등 정상회담 만찬 메뉴가 화제에 오른 점도 직접 언급했다.
김 위원장은 “오기 전에 보니까 오늘 저녁 만찬 음식 많이 얘기하던데, 어렵사리 평양에서부터 평양냉면을 가지고 왔는데, 대통령께서 편한 마음으로 멀리 온, 아 멀다고 말하면 안 되갔구나, 맛있게 드시면 좋겠다“고 말하기도 했다.
옥류관 평양냉면은 문 대통령이 만찬 음식으로 북쪽에 제안한 것이다.
'원조'의 맛을 내기 위해 평양 옥류관 수석 주방장이 통일각에 제면기를 설치해 이날 즉석에서 면을 뽑았다.
문 대통령은 또 “제 임기 내에 김 위원장의 신년사에서 오늘에 이르기까지 달려 온 속도를 계속 유지했으면 좋겠다“고 하자, 김 위원장은 “김여정 부부장의 부서에서 '만리마 속도전'이라는 말을 만들었는데, 남과 북의 통일의 속도로 삼자“고 말했다.",11,1030
iks_doc_2018_hankyoreh_009,Hankyoreh 2018 total annotated text file unicode.txt,Hankyoreh,한겨레,2018,2018_multi_summit,“지금 넘어 가 볼까요““파격과 솔직함,,"김 위원장의 파격 행보는 김 위원장이 북한 최고 지도자로선 처음으로 남쪽 땅을 밟겠다는 '결단'을 내렸을 때부터 예견된 바 있다.
2000년과 2007년 정상회담은 모두 평양에서 열렸지만, 이번 정상회담이 판문점 남쪽 지역인 평화의 집에서 열리게 된 것은 김 위원장의 결정이었다.
김 위원장은 이날 오전 판문점 북쪽 지역인 판문각에서 처음 모습을 드러낸 뒤 환한 웃음을 짓으며 군사정전위원회 티(T)2와 티3 사이 군사 분계선 앞에서 기다리던 문재인 대통령과 환하게 웃으며 반갑게 악수했다.
김 위원장은 높이 5의 군사 분계선 턱을 넘어 남쪽 땅을 밟았다.
남과 북을 향해 각각 사진 촬영을 마친 뒤 문 대통령은 “(김 위원장은 이렇게) 남측으로 오시는데 나는 언제쯤 넘어 갈 수 있습니까“라고 물었다.
김 위원장은 문 대통령의 물음에 주저하지 않고 “그럼 지금 넘어 가 볼까요”라고 화답한 뒤 문 대통령을 다시 북쪽으로 이끌었다.
두 정상은 손을 맞잡고 북쪽 군사 분계선을 넘어 북쪽에서 다시 한 번 악수를 했다.
문 대통령의 '깜짝 월경'이었다.
전통 의장대를 사열한 뒤 문 대통령이 “오늘 보여 준 전통 의장대는 약식이라 아쉽다.
청와대로 오시면 훨씬 좋은 장면을 보여 드릴 수 있다“고 하자, 그는 “아, 그렇ㄴ가요.
대통령께서 초청해 주시면 언제라도 청와대에 가겠다“고 즉석에서 화답했다.
김 위원장은 사전 환담에서도 “오면서 보니 실향민들과 탈북자, 연평도 주민 등 언제 북한 군의 포격이 날아 오지 않을까 불안해하던 분들도 오늘 우리 만남에 기대를 가지고 있는 것을 봤습니다“라며 남북 관계에 있어 '불편한 진실'도 거침없이 언급했다.
아버지 김정일 국방위원장은 2000년 6월 정상회담에서 “남쪽의 국정원과 통일부는 왜 자꾸 탈북자를 끌어들이냐.
여기서 도망친 범죄자들을 감싸고 돌면서 선전에 이용하고 비방 중상하고“라며 노골적으로 불만을 드러낸 바 있다.
1953년 정전 협정 뒤 북한의 가장 강도 높은 도발 가운데 하나였던 '연평도 포격'을 직접 언급한 것도 이례적이다.
김 위원장은 북한의 낙후된 상황도 스스럼없이 드러냈다.
그는 평화의 집 사전 환담장에서 문 대통령이 “북측을 통해서 꼭 백두산을 가고 싶다“고 하자, “솔직히 걱정스럽ㄴ 것이 우리 교통이 불비해서 불편을 드릴 것 같습니다.
평창올림픽에 갔다 온 분들이 말하는데 평창 고속 열차가 다 좋다고 했습니다.
남측의 이런 환영에 있다가 북에 오면 참으로 민망스럽ㄹ 수 있겠습니다.
우리도 준비해서 대통령이 오시면 편히 모실 수 있게 하겠습니다“라고 답했다.
오전 회담을 마무리하면서도 “우리 도로라는 것이, 아까도 말씀 드렸지만 불편하다“며 “고저 비행기로 오시면 제일 편안하다“고 말했다.
김 위원장이 문 대통령과 함께 공동 선언을 발표한 것도 '파격'으로 받아들여진다.
정상회담 뒤 북쪽의 최고 지도자가 전 세계 앞에 서서 공동 발표한 것은 사상 처음이다.
문 대통령은 “대담하고 용기 있는 결정을 내려 준 김정은 위원장에게 박수를 보낸다“고 평가했다.",24,1476
iks_doc_2018_hankyoreh_010,Hankyoreh 2018 total annotated text file unicode.txt,Hankyoreh,한겨레,2018,2018_multi_summit,"남북정상회담 만찬서 현송월/조용필 듀엣 북, 마술사도 대동 27일 판문점 평화의 집에서 열린 만찬장 뒷 얘기",,"문재인 대통령과 김정은 북한 국무위원장이 '판문점 선언'을 공동 발표한 뒤 함께 한 만찬 자리에서 현송월 삼지연관현악단 단장과 가수 조용필씨가 '그겨울의찻집'을 함께 불렀다.
27일 판문점 평화의 집에서 열린 '2018 남북정상회담' 환영 만찬 현장 분위기는 화기애애했던 것으로 전해진다.
이날 만찬에는 현송월 단장과 가수 조용필씨가 참석했다.
두 사람은 이달 초 남쪽 예술단이 평양 공연을 위해 방북했을 당시 저녁 식사 자리에서 함께 노래를 불렀다.
그때도 두 사람은 마주 보고 조용필의 '그겨울의찻집'을 함께 노래했다.
이 노래는 김정일 국방위원장의 살아 생전 애창곡으로 알려져 있다.
현송월 단장은 가수 윤도현씨 등과 함께 남쪽 가욘 '남자는배여자는항구'도 불렀다고도 전해진다.
북쪽에서는 이날 만찬에 평양냉면을 만드는 요리사뿐 아니라 마술사도 대동한 것으로 전해진다.
이 마술사는 만찬 현장에서 돈을 활용한 마술을 선 보였다.
이 마술사는 주로 김 위원장과 문 대통령이 함께 앉은 자리에서 다양한 마술을 선 보였다고 전해진다.
이 자리에 배석한 한 청와대 고위 관계자는 “다 같이 건배하고 김 위원장, 문 대통령 다 같이 술을 권하고 분위기가 굉장히 좋았다“고 전했다.
이날 만찬에 초대된 정세현 전 통일부 장관도 “분위기가 아주 화기애애했다“며 “평양냉면을 10년 만에 먹는 것인데 오랜만에 먹으니 역시 맛이 좋았다.
특별히 달라고 해서 두 그릇을 먹었다“고 했다.
이 자리에 초대된 배석자들은 김 위원장을 처음 만나 본 뒤 대체로 긍정적인 평가를 내 놨다.
추미애 더불어민주당 대표는 “김 위원장이 우리들이 늘 쓰는 일상적인 단어로 쉽게 말하는 것이 인상적이었다.
앞으로 민족 평화를 위해 노력을 많이 하자고 했다“며 “그쪽에서는 내가 집권 당 대표니 덕담하는 식으로 '당에서 든든하게 합의를 뒷받침해 달라'고 말했다“고 했다.
실제로 남북은 이번 판문점 선언을 국회 비준 동의를 거쳐 법적 효력을 가지게 할 계획이다.
정세현 장관도 김정은 위원장에 대해 “아주 늠름하고, 능수능란하더라“며 “직접 (사람들에게) 다가가서 건배하고 말 거는 모습, 연설하는 모습이 인상적이었다“고 전했다.
우원식 더불어민주당 원내 대표는 김 위원장에게 받은 인상을 “시원시원하다”라고 표현하며 “잠깐 나와도 이야기 했다.
김 위원장은 '통일의 길을 반드시 만들자'고 했고, 나는 '이것ㄴ 정말 역사적인 일이고 우리 민족이 염원하는 길이니까 이 길을 커다랗게 뚫어야 한다'고 했다“고 전했다.
한 청와대 관계자도 “이날 만찬은 함께 건배하고, 웃느라 예정보다 40분이나 길어졌다“고 전했다.
'완전한 비핵화' 첫 명기 북미 회담 길 열었다 평화 체제 구축 “핵 없는 한반도 실현 공동 목표 확인“기존 비핵화 원칙 재확인 넘어서 '도보다리 회담' 구체 방안 나눈 듯 27일 문재인 대통령과 김정은 북한 국무위원장은 '한반도의 평화와 번영, 통일을 위한 판문점 선언'(판문점 선언)을 통해 “완전한 비핵화를 통해 핵 없는 한반도를 실현한다는 공동의 목표를 확인했다“고 밝혔다.
비핵화는 남북이 미리 정한 이번 회담의 3 대 의제 가운데 첫손에 꼽혔고, 북/미 정상회담을 앞두고 국제 사회의 초미의 관심사였다.
두 정상이 제시한 '완전한 비핵화'가 포괄적 방법론에 해당한다면, '핵 없는 한반도'는 궁극의 목표라고 할 수 있다.
기술적이고 구체적인 내용이 담기진 않았지만, 두 정상이 북/미 정상회담의 성공을 바라며 중요한 밑돌을 놓았다는 평가가 가능하다.
두 정상은 판문점 선언에서 “남과 북은 북측이 취하고 있는 주동적인 조치들이 한반도 비핵화를 위해 대단히 의의 있고 중대한 조치라는 데 인식을 같이하고 앞으로 각기 자기의 책임과 역할을 다하기로 했다“고 밝혔다.
잇어 “남과 북은 한반도 비핵화를 위한 국제 사회의 지지와 협력을 위해 적극 노력하기로 했다“고 선언했다.
문 대통령과 김 위원장이 앞으로도 이 문제의 해법을 마련하는 과정에서 긴밀히 협력하겠다는 뜻이다.
무엇보다 두 정상은 비핵화 문제와 관련해 이날 판문점 선언에 담은 내용을 훌쩍 뛰어넘은 구체적이고 포괄적인 해법을 협의했으리라 추정돼, 앞으로 행보가 주목된다.
문 대통령과 김 위원장은 판문점 습지 위에 설치된 '도보다리'를 산책하는 형식을 빌려 40여 분에 걸쳐 '공개 밀담'을 나눴다.
이 때 두 정상은 비핵화, 북/미 관계 정상화, 정전 협정의 평화 협정으로 전환을 포함한 한반도의 항구적 평화 체제 정착 방안과 관련해 속내를 드러내며 밀도 높은 협의를 했을 가능성이 높다.
그럼에도 이날 원론적 합의만 발표한 것은, 5월 또는 6월 초로 예정된 김 위원장과 도널드 트럼프 미국 대통령의 북/미 정상회담을 고려한 포석으로 풀이된다.
김 위원장이 20일 노동당 중앙위 전체 회의를 통해 결정 공표한 풍계리 핵 실험장 폐쇄를 포함한 '미래 핵 포기'에 더해 현재 핵과 과거 핵 문제는 김 위원장이 트럼프 대통령을 상대로 '체제 안전'을 보장 받을 핵심 협상 카드기 때문이다.
구갑우 북한대학원 대학교 교수는 “완전한 비핵화가 (선언에) 들어간 것은 좋은 신호를 보낸 것“이라며 “CVID(완전하고 검증 가능하며 불가역적인 비핵화) 중 '검증'(Verifiable)과 '불가역'(Irreversible)이라는 부분은 미국과 협상할 문제“라고 평가했다.
실제로 최근 들어 도널드 트럼프 미국 대통령을 비롯한 미 행정부 쪽 인사들이 기존에 주장했던 '시브이아이디' 대신 부쩍 “완전한 비핵화“(complete denuclearization)라는 표현을 써 배경에 관심이 쏠렸다.",35,2707
iks_doc_2018_hankyoreh_011,Hankyoreh 2018 total annotated text file unicode.txt,Hankyoreh,한겨레,2018,2018_multi_summit,"“한반도의 평화와 번영, 통일을 위한 판문점 선언“",,"대한민국 문재인 대통령과 조선민주주의인민공화국 김정은 국무위원장은 평화와 번영, 통일을 염원하는 온 겨레의 한결같은 지향을 담아 한반도에서 역사적인 전환이 일어나고 있는 뜻 깊은 시기에 2018년 4월 27일 판문점 평화의 집에서 남북정상회담을 진행했다.
양 정상은 한반도에 더 이상 전쟁은 없을 것이며 새롭ㄴ 평화의 시대가 열렸음을 8 천만 우리 겨레와 전 세계에 엄숙히 천명했다.
양 정상은 냉전의 산물인 오랜 분단과 대결을 하루 빨리 종식시키고 민족적 화해와 평화 번영의 새롭ㄴ 시대를 과감하게 열어 나가며 남북 관계를 보다 적극적으로 개선하고 발전시켜 나가야 한다는 확고한 의지를 담아 역사의 땅 판문점에서 다음과 같이 선언했다.
1. 남과 북은 남북 관계의 전면적이며 획기적인 개선과 발전을 이룩함로써 끊어진 민족의 혈맥을 잇고 공동 번영과 자주 통일의 미래를 앞당겨 나갈 것이다.
남북 관계를 개선하고 발전시키는 것은 온 겨레의 한결같은 소망이며 더 이상 미룰 수 없는 시대의 절박한 요구다.
① 남과 북은 우리 민족의 운명은 우리 스스로 결정한다는 민족 자주의 원칙을 확인했으며 이미 채택된 남북 선언들과 모든 합의들을 철저히 이행함로써 관계 개선과 발전의 전환적 국면을 열어 나가기로 했다.
② 남과 북은 고위급 회담을 비롯한 각 분야의 대화와 협상을 빠른 시일 안에 개최해 정상회담에서 합의된 문제들을 실천하기 위한 적극적인 대책을 세워 나가기로 했다.
③ 남과 북은 당국 간 협의를 긴밀히 하고 민간 교류와 협력을 원만히 보장하기 위해 쌍방 당국자가 상주하는 남북 공동 연락 사무소를 개성 지역에 설치하기로 했다.
④ 남과 북은 민족적 화해와 단합의 분위기를 고조시켜 나가기 위해 각계각층의 다방면적인 협력과 교류, 왕래와 접촉을 활성화하기로 했다.
안으로는 6.15를 비롯해 남과 북에 다 같이 의의가 있는 날들을 계기로 당국과 국회, 정당, 지방 자치 단체, 민간 단체 등 각계각층이 참가하는 민족 공동 행사를 적극 추진해 화해와 협력의 분위기를 고조시키며, 밖으로는 2018년 아시아 경기 대회를 비롯한 국제 경기들에 공동으로 진출해 민족의 슬기와 재능, 단합된 모습을 전 세계에 과시하기로 했다.
⑤ 남과 북은 민족 분단으로 발생된 인도적 문제를 시급히 해결하기 위해 노력하며, 남북 적십자 회담을 개최해 이산가족 친척 상봉을 비롯한 제반 문제들을 협의 해결해 나가기로 했다.
당면해 오는 8.15를 계기로 이산가족 친척 상봉을 진행하기로 했다.
남과 북은 민족 경제의 균형적 발전과 공동 번영을 이룩하기 위해 10.4 선언에서 합의된 사업들을 적극 추진해 나가며, 1차적으로 동해선 및 경의선 철도와 도로들을 연결하고 현대화해 활용하기 위한 실천적 대책들을 취해 나가기로 했다.
2. 남과 북은 한반도에서 첨예한 군사적 긴장 상태를 완화하고 전쟁 위험을 실질적으로 해소하기 위해 공동으로 노력해 나갈 것이다.
한반도의 군사적 긴장 상태를 완화하고 전쟁 위험을 해소하는 것은 민족의 운명과 관련되는 매우 중대한 문제며 우리 겨레의 평화롭고 안정된 삶을 보장하기 위한 관건적인 문제다.
① 남과 북은 지상과 해상, 공중을 비롯한 모든 공간에서 군사적 긴장과 충돌의 근원으로 되는 상대방에 대한 일체의 적대 행위를 전면 중지하기로 했다.
당면해 5월 1일부터 군사 분계선 일대에서 확성기 방송과 전단 살포를 비롯한 모든 적대 행위들을 중지하고 그 수단을 철폐하며, 앞으로 비무장 지대를 실질적인 평화 지대로 만들어 나가기로 했다.
② 남과 북은 서해 북방 한계선 일대를 평화 수역으로 만들어 우발적인 군사적 충돌을 방지하고 안전한 어로 활동을 보장하기 위한 실제적인 대책을 세워 나가기로 했다.
③ 남과 북은 상호 협력과 교류, 왕래와 접촉이 활성화되는 데 따른 여러 가지 군사적 보장 대책을 취하기로 했다.
남과 북은 쌍방 사이에 제기되는 군사적 문제를 지체 없이 협의 해결하기 위해 국방부 장관 회담을 비롯한 군사 당국자 회담을 자주 개최하며 5월 중에 먼저 장성급 군사 회담을 열기로 했다.
3. 남과 북은 한반도의 항구적이며 공고한 평화 체제 구축을 위해 적극 협력해 나갈 것이다.
한반도에서 비정상적인 현재의 정전 상태를 종식시키고 확고한 평화 체제를 수립하는 것은 더 이상 미룰 수 없는 역사적 과제다.
① 남과 북은 그 어떤 형태의 무력도 서로 사용하지 않을 데 대한 불가침 합의를 재확인하고 엄격히 준수해 나가기로 했다.
② 남과 북은 군사적 긴장이 해소되고 서로의 군사적 신뢰가 실질적으로 구축되는 데 따라 단계적으로 군축을 실현해 나가기로 했다.
③ 남과 북은 정전 협정 체결 65년이 되는 올해에 종전을 선언하고 정전 협정을 평화 협정으로 전환하며 항구적이고 공고한 평화 체제 구축을 위한 남북미 3자 또는 남북미중 4자 회담 개최를 적극 추진해 나가기로 했다.
④ 남과 북은 완전한 비핵화를 통해 핵 없는 한반도를 실현한다는 공동의 목표를 확인했다.
남과 북은 북측이 취하고 있는 주동적인 조치들이 한반도 비핵화를 위해 대단히 의의 있고 중대한 조치라는 데 인식을 같이하고 앞으로 각기 자기의 책임과 역할을 다하기로 했다.
남과 북은 한반도 비핵화를 위한 국제 사회의 지지와 협력을 위해 적극 노력해 나가기로 했다.
양 정상은 정기적인 회담과 직통 전화를 통해 민족의 중대사를 수시로 진지하게 논의하고 신뢰를 굳건히 하며, 남북 관계의 지속적인 발전과 한반도의 평화와 번영, 통일을 향한 좋은 흐름을 더욱 확대해 나가기 위해 함께 노력하기로 했다.
당면해 문재인 대통령은 올해 가을 평양을 방문하기로 했다.",30,2715
iks_doc_2018_hankyoreh_012,Hankyoreh 2018 total annotated text file unicode.txt,Hankyoreh,한겨레,2018,2018_multi_summit,2018년 4월 27일 판문점 대한민국 대통령 문재인 조선민주주의인민공화국 국무 위원회 위원장 김정은,평양 단고기 집 풍경,"“어렵사리 평양에서부터 평양냉면을 가지고 왔는데 맛있게 드시면 좋겠습니다.“
27일 오전 역사적인 남북정상회담을 위해 남쪽 평화의 집에 온 김정은 북한 국무위원장의 말이다.
생중계로 이를 지켜 본 시민들이 이날 점심에 평양냉면 집을 많이 찾았다는 소식이 들린다.
한반도 비핵화와 항구적 평화 정착, 진정한 남북 관계 발전이 이루어지면 자유롭게 북한을 여행하고 평양의 맛집도 순례할 수 있을 것 같은 기대를 품어 본다.",4,233
iks_doc_2018_hankyoreh_013,Hankyoreh 2018 total annotated text file unicode.txt,Hankyoreh,한겨레,2018,2018_multi_summit,"“정권 바뀌어도 후퇴 않을 평화적 남북 관계 구축을“신한용 개성 공단 비대 위원장 “경협, 의제서 빠졌지만 실망 안해 정세에 영향 안 받는 여건 더 중요 대다수 기업 심각한 경영난 겪어 재가동 준비 위해 방북 신청 할 것“",,"문재인 대통령과 김정은 국무위원장이 '판문점 선언'에서 개성에 남북 공동 연락 사무소를 설치하기로 한 합의에 대해 개성 공단 입주 기업들이 큰 기쁨을 표시했다.
신한용 개성 공단 기업 비상 대책 위원장은 27일 서울 여의도 개성공단기업협회 사무실에서 “두 정상의 판문점 선언으로 머지않은 시기에 개성 공단이 재개될 것이라는 믿음을 가지게 됐다“며 “조만간 자체 태스크포스를 구성해 재가동 준비 작업에 들어가고 개성 공단 경험을 살려 입주 기업들이 '한반도 신경제 지도'를 이끄는 선도자가 되기 위해 적극 노력하겠다“고 밝혔다.
그는 “개성 공단은 남북 경제 협력의 상징이자 진정한 평화로 가는 길목에 있다.
입주 기업들은 한시라도 빨리 열렸으면 좋겠지만, 그보다 다시는 정치적 변수나 한반도 정세에 따라 오락가락하지 않을 사업 여건을 갖추는 것이 더 중요하다“고 강조했다.
개성 공단은 2016년 2월 박근혜 정부가 전면 중단을 발표하고 북 당국도 폐쇄 조처와 함께 군사 통제 구역으로 선포하면서, 여기에 입주해 있던 120여 기업들이 하루 아침에 쫓겨나 2년 2개월이 지나도록 돌아가지 못하고 있다.
신 위원장은 “개성 공단 입주 기업 대표 20여 명과 함께 판문점으로 가는 대통령을 응원하려고 새벽부터 청와대 앞 길에서 기다리고 있었는데 대통령이 차에서 잠깐 내려 우리와 악수도 했다“며 남북정상회담의 성과에 힘입어 개성 공단 재가동뿐만 아니라 다양한 남북 경협 사업이 활성화될 수 있기를 기대했다.
Q 개성 공단 전면 중단 상태가 지속되면서 입주 기업들이 많이 지쳐 있을 턴데.
A “대다수 기업이 큰 피해를 겪었고 심각한 경영난을 겪는 데도 많다.
역사적 남북정상회담을 계기로 개성 공단이 재가동 될 수 있는 희망이 생겨 가슴이 설레고 기쁘다.“
Q 재가동이 된다면 다시 돌아갈 기업은 얼마나 되나?
A “지난해 현대경제 연구원이 입주 기업들을 상대로 조사해 봤더니 97%가 재입주 의사를 밝혔다.
남북 관계의 해빙 무드가 무르익어 최근에 다시 조사를 해 봤는데, 재입주를 희망하는 기업 비율이 90% 이상으로 나왔다.
개성 공단에 대한 입주 기업들의 애착이 여전히 크다는 얘기다.“
Q 기업 경영의 측면에서 그만큼 개성 공단의 이점이 크기 때문인가?
A “단순히 싼 부지를 받을 수 있다거나 북한의 저렴하고 양질의 노동력을 활용할 수 있다는 매력은 그리 크지 않다.
원활한 의사 소통과 아침에 원부자재를 주문해 저녁에 완제품을 배에 싣을 수 있는 물류 체계 등 여러 가지 조건이 기업하기에 유리하다.
여기에 남북 관계의 발전과 평화에 기업 활동으로 기여한다는 자부심도 있다.“
Q 북쪽에 그런 공단이 많이 생기면 남쪽에서는 산업 공동화 문제가 발생한다는 우려도 있다.
A “개성 공단이 생길 때도 그런 우려가 많았다.
그런데 개성 공단 가동으로 남쪽에 5 천여 개 협력 업체에서 9 만여 명의 고용 창출 효과가 발생했다.
입지 여건을 잘 갖춘 공단이 북쪽에 많이 생기면 남쪽 연관 산업과의 연계 발전을 꾀할 수 있고, 해외로 나갔던 우리 기업들이 많이 돌아올 수도 있다.“
Q 개성 공단이 좀 더 안정적으로 재개되려면 어떤 점이 보완돼야 할까?
A “무엇보다 정상적인 기업 경영 활동이 안정적으로 보장되도록 법과 제도를 정비해야 한다.
이에 대해 남북 간 재가동 논의가 시작되기 전이라도 정부나 국회에 여러 가지 건의 사항을 전달할 계획이다.
북한 당국하고도 보다 구속력이 강한 합의서 같은 것이 채택됐으면 한다.“",25,1693
iks_doc_2018_hankyoreh_014,Hankyoreh 2018 total annotated text file unicode.txt,Hankyoreh,한겨레,2018,2018_multi_summit,재계 “남북 경협 교류 훈풍 기대“경제 단체들 일제히 '환영' 논평 '북 경제 건설 총력' 노선 등 영향 남북 간 경협 범위 확장 가능성,,"27일 문재인 대통령과 김정은 북한 국무위원장의 남북정상회담을 지켜 본 재계는 남북 경제 협력과 교류에 큰 기대감을 나타냈다.
남북정상회담이 북/미 정상회담까지 이어져 한반도에 평화 체제가 구축되면 남북 간 경제 교류의 물꼬가 터질 것으로 재계와 경제 단체들은 전망했다.
한국경영자총협회는 논평을 통해 “이번 남북정상회담은 새롭ㄴ 평화의 시대를 알리는 역사적 만남“이라며 “항구적인 평화 정착의 기틀을 마련하고 남북 간 경제 교류와 협력을 활성화해 우리나라는 물론 동북아시아 경제 전반에 활력을 불어넣을 것으로 기대한다“고 밝혔다.
한국무역협회는 “정상회담을 계기로 과거와는 차원이 다른 지속 가능하고 안정적인 남북 교역의 길이 열리기를 기대한다“고 했고, 대한상공회의소는 “경제계는 향후 대북 제재가 완화되는 등 경협 여건이 성숙하게 되면 남북 간 새롭ㄴ 경제 협력의 시대를 개척하는 일에 적극 앞장설 것“이라고 밝혔다.
전국경제인연합회는 “경제계 역시 이번 회담을 계기로 남북 경제 협력 강화와 '한반도 신경제 구상' 실현을 위한 국제 협력 관계 구축에도 최선을 다할 것“이라고 밝혔다.
주요 그룹들도 한목소리로 한반도 긴장 완화에 따른 경제 훈풍을 기대했다.
특히 금강산 관광 주 사업자자 개성 공단 개발 사업권잔 현대 아산이 속한 현대그룹이 가장 크게 반기는 모습이다.
현대그룹은 이날 남북정상회담을 계기로 그동안 중단됐던 금강산 관광과 개성 공단 가동이 재개될 가능성이 커졌다고 보고 비상 대응 체제를 가동했다.
한 임원은 “정상회담을 지켜 보면서 가슴이 벅찼다.
정주영 명예 회장이 물꼬를 튼 남북 경제 협력 사업이 조속히 재개되길 기대한다“고 말했다.
현대차 그룹 관계자는 “남북정상회담을 계기로 남북 간 평화 정착과 경제 발전에 도움이 되길 바란다“고 했고, 에스케이(SK)그룹 관계자는 “이번 정상회담으로 '코리아 디스카운트'가 경감되고 우리 경제에도 훈풍이 불길 바란다“고 말했다.
재계에서는 최근 북한이 핵/경제 병진 노선을 폐기하고 경제 건설에 총력을 기울이는 새롭ㄴ 전략적 노선을 채택하면서 경협 범위가 기대 이상으로 확장될 가능성이 큰 것으로 보고 있다.
재계 관계자는 “당장 경협 문제를 본격 논의하는 것은 이르지만 남북 화해 분위기를 타고 경제 교류 문제가 급물살을 탈 것“이라고 내다봤다.",13,1130
iks_doc_2018_hankyoreh_015,Hankyoreh 2018 total annotated text file unicode.txt,Hankyoreh,한겨레,2018,2018_multi_summit,"중국 “판문점 선언, 축하하고 환영한다“교부 대변인 성명 “남북은 하나의 민족““상호 신뢰와 관계 개선 일관되게 지지“",,"중국 정부는 11년 만에 열린 4.27 남북 정상회담이 '한반도의 평화와 번영, 통일을 위한 판문점 선언'(판문점 선언)을 내놓은 것에 대해 “축하하고 환영한다“는 입장을 냈다.
루캉 중국 외교부 대변인은 27일 오후 성명을 내 이렇게 밝히고 “조선(북)과 한국은 하나의 민족으로, 중국은 양쪽이 대화와 협상을 통해 상호 신뢰를 쌓아 가고 서로 관계를 개선하는 것을 일관되게 지지한다“고 밝혔다.
루 대변인은 “이는 양쪽과 이 지역의 공동 이익에 부합하며, 국제 사회의 공동된 기대“라며 남북이 이번 회담 성과를 실질적 결실로 잇어 갈 것을 주문했다.
다만 루 대변인은 판문점 선언이 남북미 또는 남북미중의 대화체를 거론한 것을 의식한 듯, 과거 중국이 의장국을 맡았던 북핵 6자 회담을 특정해서 거론하진 않았다.
그는 관련 각국이 대화 추세를 잇어 가면서 비핵화 및 '정치적 해결' 프로세스를 추진해야 하고 중국 또한 이를 위해 적극적 역할을 하겠다고 밝혔다.
화춘잉 대변인도 앞서 정례 브리핑에서 “오늘 아침 우리 모두 티브이를 통해 남북 정상이 판문점 군사 분계선을 넘어 악수하는 역사적인 회담의 첫 순간을 봤다.
중국은 남북 정상이 역사적인 첫발을 내디딘 것에 박수를 보내고 그들이 보여 준 정치적 결단과 용기를 높이 평가한다“고 말했다.
그는 잇어 “오랜 시간 어려움을 겪은 형제는 서로 만나 웃음 한 번으로 은혜와 원한을 없앨 수 있다“는 문호 루쉰의 시구를 인용하며 “중국은 역사적인 회담이 긍정적 성과를 거두기를 진심으로 바란다.
역사적 판문점 회담을 계기로 한반도에 새롭ㄴ 장기적인 안정의 길을 여는 첫걸음이 되길 기대한다“고 말했다.
이런 입장은 회담을 바라보는 중국 정부의 태도를 솔직하게 반영한 것으로 보인다.
중국 대외 정책의 핵심 목푠 '한반도의 안정'이 달성되기를 바란다는 기대감을 밝히면서도, 그 과정에 시간과 노력이 필요할 것이라는 전망을 '첫걸음'이라는 표현 속에 드러냈다.
중국 정부는 북핵 문제 해결을 위해 중국이 더 나서야 한다는 미국 등의 요구에 대해 '쌍중단'(북한의 핵 미사일 개발과 한/미의 대규모 군사 훈련 동시 중단)을 절충 안으로 내세우며 한반도 정세의 안정화를 꾀해 왔다.
진징이 베이징대 교수는 “북/미 정상회담은 남북 정상회담과는 별개의 궤도에 올랐다고 보지만, 이번 회담 결과는 북/미 회담 추진에도 힘을 싣어 줄 수 있을 것으로 본다.
미국도 굉장히 필요한 상황이므로 북/미 회담은 정상적으로 이루어질 것으로 본다“고 전망했다.
6자 회담 참가국인 러시아도 한반도 정세 안정에 기여할 것이라고 평했다.
니콜라이 파트루셰프 러시아 연방안보회의 서기는 “모스크바는 한반도의 군사 충돌이 회피되기를 원한다.
정상회담이 지역 정세를 개선시킬 것으로 기대한다“고 말했다.
관영 <타스> 통신도 “김 위원장이 한국을 방문한 첫 번째 지도자가 됐다“고 평가하며,“(남북 간에) 직접 대화가 시작됐다는 것은 매우 고무적인 일이다.
이 외의 대안은 없다“는 콘스탄틴 코사체프 상원 외교 위원장의 반응을 전했다.
아베 “판문점 선언, 전향적 움직임으로 환영“일본 정부 대북 정책에 대해서는 구체적 언급 피해 고노 외상 정상회담 당일에도 '독도 디저트' 불평 아베 신조 일본 총리가 4.27 남북 정상회담 공동 선언문(판문점 선언)에 대해 “전향적인 움직임으로 환영한다“고 평가했다.
아베 총리는 27일 저녁 '한반도의 평화와 번영, 통일을 위한 판문점 선언'이 발표된 뒤 도쿄 총리 관저에서 간이 기자 회견에 나서 “오늘 문재인 대통령과 김정은 국무위 위원장이 북한 비핵화를 향해 진지하게 논의한 것 그리고 북한을 둘러싼 모든 안건에 대해 포괄적인 해결을 향한 전향적인 움직임을 보인 것을 환영한다.
한국 정부의 (남북) 정상회담 실현을 위한 노력을 칭찬하고 싶다“고 말했다.
아베 총리는 잇어 “이번 회담과 (앞으로 예정된) 북/미 정상회담을 통해 북한이 구체적 행동을 취할 것을 강하게 기대한다.
북한의 향후 동향을 주시하겠다.
구체적 내용에 대해서는 앞으로 문 대통령에게 직접 전화를 통해 전해 들을 예정이다.
문 대통령의 (남북 정상회담에 대한) 생각을 포함해 자세한 이야기를 듣고 싶다“고 말했다.
그는 또 “납치 핵 미사일 문제의 포괄적인 해결을 향해 그리고 북/미 정상회담을 위해 한/미/일이 긴밀히 연계하고 싶다.
이 문제의 해결을 위해 중국, 러시아, 국제 사회와도 착실히 연계할 것이다“라고 말했다.
아베 총리는 그러나 향후 일본의 대북 정책에 대해선 (9.19 공동 선언 등 북한이 비핵화를 약속했던) “과거 성명이 있었다.
노무현 대통령과 김정일 국방위원장이 발표한 성명(10.4 공동 선언)도 있었다.
이런 성명과 비교 분석하며 앞으로 대처하고 싶다.
어찌 됐든 문 대통령과 도널드 트럼프 미국 대통령과 긴밀히 연계하고 싶다“며 즉답을 피했다.
아베 총리는 일부에서 지적하는 일본이 '모기장 밖에 있다'는 '일본 소외론'에 대해선 “전혀 맞지 않는다.
트럼프 대통령과 (미/일 정상회담 때) 11시간에 걸쳐서 충분히 이야기했고 앞으로의 기본적 대응에 대해서 완전히 (미/일이) 일치했다.
이를 바탕으로 문 대통령과도 이야기했고 미/일의 기본적 방향에 대해 문 대통령과도 (의견이) 일치했다“고 말했다.
일본 석간 신문들은 “북한은 그동안 비핵화 대가만을 취하고 도망 가 왔다“며 이날 오전 시작된 남북 정상회담을 회의적으로 전했다.
화기애애했던 회담 분위기에 대해도 “남북 화해 연출“이라는 제목을 달아 부정적인 시각을 드러내는 경우가 많았다.
일본 외무성도 판문점 선언이 공개된 뒤 “정상회담 실현에 이르기까지의 한국 정부 노력을 칭찬한다“는 내용의 담화를 내 놨다.
외무성은 담화에서 “문 대통령과 김 위원장이 북한 비핵화를 포함한 의제에 대해서 처음으로 직접 논의하고 김 위원장이 북한 비핵화를 향한 의사를 문서상 확인한 것은 북한을 둘러싼 모든 안건의 포괄적 해결을 향한 전향적 움직임이다.
일본은 이를 환영한다“고 평가했다.
외무성은 잇어 “이번 회담과 앞으로 있을 북/미 정상회담 등을 통해 북한이 안보리 결의에 따라 생물 화학 무기를 포함한 모든 대량 파괴 무기와 여러 사정 거리의 탄도 미사일을 완전하고 검증 가능하고 불가역적인 방법(CVID)으로 폐기하는 것을 향해 구체적 행동을 취할 것을 강하게 기대한다.
일본은 계속해 북한 동향에 대해 중대한 관심을 갖고 정보 수집 분석을 하고 주시할 것“이라고 밝혔다.
앞서, 고노 다로 일본 외상은 '독도 디저트'에 대해 다시 한 번 불만을 나타냈다.
고노 외상은 독도가 그려진 한반도 기로 장식된 디저트가 남북정상회담 만찬 메뉴로 오른 데 대해 “매우 불필요하다.
외무성이 이미 한국 쪽에 말했지만 오늘은 비핵화를 포함해 여러 가지 것이 정상회담에서 논의되기 때문에 상황을 착실히 지켜 보고 싶다“고 말했다.
후쿠이 데루 영토 문제 담당상도 “다케시마(일본이 독도를 부르는 명칭)는 역사적으로도 국제법상으로도 일본의 영토므로 매우 유감이다.
일본의 입장을 이해할 수 있도록 일본의 입장을 강하게 전달하겠다“고 말했다.",47,3439
iks_doc_2018_hankyoreh_016,Hankyoreh 2018 total annotated text file unicode.txt,Hankyoreh,한겨레,2018,2018_multi_summit,"트럼프 “한국전쟁 끝난다!“남북정상회담 환영 트위트 판문점 선언에서 종전 협정의 평화 협정 전환에 지지 시사 중국과도 한반도 종전 협정 논의 진행도 드러내 트위터 통해 “한국에서 일어나는 것에 대해 자부심““분노의 한 해 뒤, 역사적인 만남이 현재 진행 중“",,"도널드 트럼프 미국 대통령은 27일 문재인 대통령과 김정은 북한 국무위원장의 정상회담 뒤 나온 '판문점 선언'에 대해 “한국전쟁은 끝난다!“라고 반응했다.
트럼프 대통령은 이날 트위터에 “한국전쟁 끝난다!
미국, 그리고 모든 위대한 사람들은 한국에서 현재 일어나는 것에 대해 자부심을 느껴야 한다!“는 글을 올렸다.
또 “미사일 발사와 핵 실험이라는 분노의 한 해 뒤, 남북한 사이의 역사적 만남이 진행되고 있다“며 “좋은 일들이 일어나고 있지만 (최종 성공 여부는) 오직 시간이 말해 줄 것이다!“라고 밝혔다.
트럼프 대통령의 이 같은 평가는 남북 정상이 발표한 '한반도 평화와 번영, 통일을 위한 판문점 선언'에서 밝힌 “올해 종전을 선언하고 정전 협정을 평화 협정으로 전환한다“는 합의를 적극적으로 받아들인 것이다.
이에 따라 트럼프 대통령은 한반도 “평화 체제 구축을 위한 남북미 3자 또는 남북미중 4자 회담 개최를 적극 추진해 나가기로 했다“는 문 대통령과 김 위원장의 합의에 적극 동참할 것으로 보인다.
트럼프 대통령은 이미 지난 18일 아베 신조 일본 총리와의 정상회담에서 “그들(남북한)은 (한국전쟁) 종전 문제를 논의하고 있으며, 나는 이 논의를 축복한다“고 말한 바 있다.
이미 남북한 사이에서 논의되는 종전 문제를 숙지하고 있으며, 이를 적극적으로 지지할 것임를 시사한 것이다.
트럼프는 잇어 또 다른 트윗을 통해 “내 좋은 친구, 중국의 시 주석이 미국에, 특히 북한과의 국경에서 보여 준 큰 도움을 잊지 마 달라“며 “그가 없었다면, 이것은 더 길고, 힘들ㄴ 과정이었을 것이다!“고 말했다.
이는 중국과 협력으로 한반도 종전 협정 논의가 진행되고 있음을 보여 주는 대목이다.
미국 백악관은 앞서 논평을 통해 “미국은 우리의 동맹인 한국의 긴밀한 공조에 감사하고 있으며, 몇 주 안에 열릴 도널드 트럼프 대통령과 김 위원장의 회담 준비에서도 견고한 논의를 지속해 나가기를 고대한다“고 밝혔다.
남북정상회담의 성과를 바탕으로 북/미 정상회담을 준비하겠다는 의미다.
'84년생 김정은', 꼬박꼬박 “저와 문재인 대통령은“김정은 북한 국무위원장은 1984년생이다.
문재인 대통령은 1953년생이다.
31살 차다.
북한에서 '최고 존엄'의 지위를 갖는 김 위원장은, 그러나 문 대통령과 자신을 동시에 호명할 때는 꼬박꼬박 자신을 “저“라고 낮춰 불렀다.
27일 오후 김 위원장은 문 대통령과 '한반도의 평화와 번영, 통일을 위한 판문점 선언'에 서명한 뒤 판문점 평화의 집 앞에서 합의 내용을 공동 발표했다.
김 위원장은 “오늘 저와 문재인 대통령은 분열의 비극과 통일의 열망이 동결돼 있는 이곳 판문점에서 역사적 책임과 사명감을 안고 첫 회담을 가졌다“며 아버지뻘인 문 대통령을 예우하는 모습을 보였다.
먼저 발표한 문 대통령이 “김정은 위원장과 나는 평화를 바라는 8 천만 겨레의 염원으로 역사적인 만남을 갖고 귀중한 합의를 이뤘다“고 말한 것과 대비를 이뤘다.
'외국' 정상과의 공동 발표문에서는 느낄 수 없는 한국어만의 존칭 법이 남북한 정상회담에서는 자연스럽게 나타난 것이다.
김 위원장은 잇어 두 차례 더 “저와 문재인 대통령“이라고 칭했다.
반면 “우리 민족의 새롭ㄴ 미래를 개척할 결심을 안고 나는 오늘 판문점 분리 선을 넘어 여기에 왔다“등 본인만을 주어로 할 때는 '나'라는 표현을 썼다.
올해 한국전쟁 끝나고 평화 협정 체결된다 2018년, 65년을 끌었던 한국전쟁이 끝난다.
문재인 대통령과 김정은 북한 국무위원장은 27일 '한반도의 평화와 번영, 통일을 위한 판문점 선언'을 통해 “비정상적인 현재의 정전 상태를 종식시키고 확고한 평화 체제를 수립하는 것은 더 이상 미룰 수 없는 역사적 과제“라는 데에 동의하고 “올해에 종전을 선언하고 정전 협정을 평화 협정으로 전환“하기로 합의했다.
두 정상은 이를 위한 구체적인 방법으로 '남북미 3자' 또는 '남북미중 4자'회담을 적극 추진하는 데에도 합의했다.
종전 선언과 평화 체제 전환의 시점을 '올해'로 못 박고 정전 체제의 '직접 관련국 정상들과의 회담'이라는 구체적 방식을 제시해 실현 가능성을 높였다.
따라서 5월 말 또는 6월 초 예정된 북/미 정상회담에서 한반도 비핵화와 체제 보장에 관한 구체적인 합의가 있을 경우, 남북미 또는 남북미중 정상 회의를 통한 종전 선언과 평화 협정 체결 등으로 이어질 것으로 관측된다.
이번 판문점 선언을 통해 두 정상이 의지를 밝힌 '평화 체제 구축'은, 문 대통령의 동지였던 노무현 전 대통령과 김정은 위원장의 부친인 김정일 전 국방위원장이 2007년 합의했던 '10.4 선언'의 연장 선 위에 있다.
노 전 대통령과 김 전 위원장은 “군사적 적대 관계를 종식시키고 한반도에서 긴장 완화와 평화를 보장하기 위해 긴밀히 협력“하기로 합의하면서 “남과 북은 현 정전 체제를 종식시키고 항구적인 평화 체제를 구축해 나가야 한다는 데 인식을 같이하고 직접 관련된 3자 또는 4자 정상들이 한반도 지역에서 만나 종전을 선언하는 문제를 추진하기 위해 협력“하기로 합의한 바 있다.
판문점 선언과 10.4 선언은 표현과 구성이 거의 비슷해 보이지만 확연한 차이가 있다.
우선, 10.4 선언은 시점을 특정하지 않은 반면, 문 대통령과 김 위원장은 종전 선언과 평화 협정 체결 시점을 '올해'로 못 박았다.
문 대통령은 올해 신년사에서 “올해가 한반도 평화의 새롭ㄴ 원년이 되도록 최선을 다하겠다.
이 과정에서 동맹국 미국과 중국, 일본 등 관련 국가들을 비롯해 국제 사회와 더욱 긴밀히 협력할 것“이라고 밝혔고, 김 위원장도 신년사를 통해 평창 동계올림핌에 북쪽 대표단 파견 뜻을 밝히면서 “북남 관계를 개선해 올해를 사변적 해로 빛내야 한다“고 강조했다.
두 정상 모두 올해를 한반도에서 냉전 체제를 해체할 적기로 판단했기 때문에 이 같은 합의가 가능했던 것으로 보인다.
2007년 10.4 선언에서 거론된 '직접 관련된 3자 또는 4자 정상'은, 이번 판문점 선언에서 '남북미 3자' 또는 '남북미중 4자'로 구체화됐다.
정전 협정 65주년을 맞는 올해, 한국전쟁의 직접 당사국인 네 나라 혹은 북한의 핵 미사일 문제의 직접 당사국인 남북미 정상이 만나 종전을 선언하고 평화 협정을 모색하는 방안이 현실적이라는 문제 의식이 작용한 것으로 관측된다.
문 대통령은 지난 24일 아베 신조 일본 총리와 통화에서 “종전 선언은 남북만의 대화로 해결되는 것이 아니라 최소한 남북미 3자 합의가 이루어져야 성공을 할 수 있다“고 밝힌 바 있다.
판문점에서 불어 온 훈풍.... 광주 전남 남북 교류 사업 물꼬 트일까 광주시, 내년 광주세계수영선수권 대회에 북한 선수단 참가 추진 전남도, 평양 발효 콩 공장 건립과 수묵 비엔날레에 북한 작가 초대 판문점 선언으로 남북 화해 분위기 조성되면서 광주 전남 지역의 남북 교류 사업 추진에 기대가 크다.
광주시와 전남도는 27일 남북정상회담의 성사로 최근 몇 해 사이 남북 관계의 경색으로 활로를 찾지 못하았던 내년 광주세계수영선수권 대회 북한 선수단 참가와 평양 발효 콩 공장 설립 지원 등 대북 교류 사업에 청신호가 켜졌다고 밝혔다.
광주시는 '오 월에서 통일로'라는 주제로 체육 문화 민간 지원 등 세 분야에서 광주형 남북 교류 협력 사업을 추진한다.
특히 내년 7월 12일 개막하는 2019 광주세계수영선수권 대회에 북한 선수단을 참가하도록 하는 데 초점을 맞춘다.
광주시는 지난 2015년 열린 광주 하계 유니버시아드에 북한 참가를 추진하다 무산된 바가 있다.
평창동계올림픽 이후 활발해진 정부의 협조 체계를 활용하면 성사될 가능성이 크다.
세계 수영 선수권 대회 조직 위원회는 '평화의 물결 속으로'(DIVE INTO PEACE)라는 대회 구호에 맞춰 오는 9월 수영 대회 300일 전 남북 문화 공연을 추진한다.
조영택 조직위 사무총장은 “내년 대회는 남북정상회담과 평창 올림픽 등 한반도 평화 정착을 위한 그간의 노력이 활짝 꽃피우는 행사로 준비하겠다.
내년 사전 점검 대회 때 북한 선수단이 참가하고 광주에서 북한 선수들이 전지 훈련을 할 수 있도록 노력하겠다“고 말했다.
이와 함께 광주시 양궁 선수단과 북한 선수단의 공동 전지 훈련도 검토하고 있다.
합동 훈련과 기술 경기 물품 등 지원을 통해 교류를 확대한다는 방침이다.
또 올해 하반기에 열리는 광주비엔날레에 북한 참관단을 초청하고 국립 아시아문화 전당에서 북한 문화 특별전을 개최하는 방안도 추진한다.
이념 색이 옅은 동양화, 도자기, 유물 등부터 전시한다.
민간 분야에서 유치원 학교 병원 등 취약 계층 공동 생활 시설을 대상으로 신재생 에너지 자립 마을 시범 사업 시행도 검토하고 있다.
재원은 2004년부터 적립해 44 억 원이 확보된 남북 교류 협력 기금을 사용한다.
북한에 200 300가구 규모의 신재생 에너지 타운을 조성한다는 계획이다.
그동안 광주시는 2007년 수해 지역 주택 복구 지원(1억 7 천만 원), 2008 2009년 평양 배합 사료 생산 공장 건립 지원(6억 7천 400 만 원) 등을 했다.
전남도는 2007년 10월 준공한 평양 발효 콩 공장에 잇은 제2 공장 설립을 지원할 계획이다.
전남도는 2008년 제빵 기계를 지원하고 2 공장을 위해 2 억 원을 지원하려 했지만 장기간 진전이 없었다.
문화 교류를 위해 오는 9월 개최 예정인 세계수묵화 비엔날레에 북한 작가와 작품을 초청할 계획이다.
지난 2015년 제안한 '땅끝 협력 사업'도 다시 추진할 수 있다.
남북 땅끝 지역이 있는 상징성을 고려해 전남과 함북이 협력하며 구체적으로는 산모와 불우 이웃에게 미역과 쌀을 보내는 인도적 내용이다.
평양 여자 실업 배구단과 전남 대학 배구단의 친선 경기 논의도 재개할 수 있을지 주목된다.
전남도 쪽은 “선언 이후 통일부에서 대북 제재 해제 등 후속 조처를 할 것으로 보인다.
구체적 방침이 확정되면 즉각 남북 교류 협력 사업을 추진하겠다“고 전했다.",62,4822
iks_doc_2018_hankyoreh_017,Hankyoreh 2018 total annotated text file unicode.txt,Hankyoreh,한겨레,2018,2018_multi_summit,중국 “한반도 장기적 안정의 첫걸음 되길““형제는 한 번 웃음으로 지난 원한을 없앨 수 있다“중국 정부 4.27 남북정상회담에 조심스럽ㄴ 기대감 러시아도 “회담으로 지역 정세 개선 기대“,,"중국 정부는 11년 만에 열린 4.27 남북 정상회담에 대해 “한반도에 새롭ㄴ 장기적인 안정의 길을 여는 첫 걸음이 되길 기대한다“며 기대감을 드러냈다.
화춘잉 중국 외교부 대변인은 27일 오후 정례 브리핑에서 “오늘 아침 우리 모두 티브이를 통해 남북 정상이 판문점 군사 분계선을 넘어 악수하는 역사적인 회담의 첫 순간을 봤다.
중국은 남북 정상이 역사적인 첫발을 내디딘 것에 박수를 보내고 그들이 보여 준 정치적 결단과 용기를 높이 평가한다“고 말했다.
그는 잇어 “오랜 시간 어려움을 겪은 형제는 서로 만나 웃음 한 번으로 은혜와 원한을 없앨 수 있다“는 문호 루쉰의 시구를 인용하며 “중국은 역사적인 회담이 긍정적 성과를 거두기를 진심으로 바란다.
역사적 판문점 회담을 계기로 한반도에 새롭ㄴ 장기적인 안정의 길을 여는 첫걸음이 되길 기대한다“고 말했다.
이런 입장은 회담을 바라보는 중국 정부의 태도를 솔직하게 반영한 것으로 보인다.
중국 대외 정책의 핵심 목푠 '한반도의 안정'이 달성되기를 바란다는 기대감을 밝히면서도, 그 과정에 시간과 노력이 필요할 것이라는 전망을 '첫걸음'이라는 표현 속에 드러냈다.
중국 정부는 북핵 문제 해결을 위해 중국이 더 나서야 한다는 미국 등의 요구에 대해 '쌍중단'(북한의 핵 미사일 개발과 한/미의 대규모 군사 훈련 동시 중단)을 절충 안으로 내세우며 한반도 정세의 안정화를 꾀해 왔다.
진징이 베이징대 교수는 “북/미 정상회담은 남북 정상회담과는 별개의 궤도에 올랐다고 보지만, 이번 회담 결과는 북/미 회담 추진에도 힘을 싣어 줄 수 있을 것으로 본다.
미국도 굉장히 필요한 상황이므로 북/미 회담은 정상적으로 이루어질 것으로 본다“고 전망했다.
6자 회담 참가국인 러시아도 한반도 정세 안정에 기여할 것이라고 평했다.
니콜라이 파트루셰프 러시아 연방안보회의 서기는 “모스크바는 한반도의 군사 충돌이 회피되기를 원한다.
정상회담이 지역 정세를 개선시킬 것으로 기대한다“고 말했다.
관영 <타스> 통신도 “김 위원장이 한국을 방문한 첫 번째 지도자가 됐다“고 평가하며,“(남북 간에) 직접 대화가 시작됐다는 것은 매우 고무적인 일이다.
이 외의 대안은 없다“는 콘스탄틴 코사체프 상원 외교 위원장의 반응을 전했다.
소독약으로 닦고 또 닦고 북 '특별한 경호' 북측은 27일 판문점 남측 '평화의 집'에서 열린 남북정상회담에서 김정은 북한 국무위원장에 대한 철통 경호를 펼쳤다.
이날 오전 김 위원장이 '평화의 집'에 도착하기 전 북측 경호원 2명은 김 위원장이 사용할 집기를 소독약으로 닦고, 폭발물 등이 설치돼 있는지 꼼꼼히 살폈다.
특히 북측 경호원 한 명은 분무기를 사용해 방명록 책상과 의자에 소독약을 뿌리고 등받이와 팔걸이, 의자 다리까지 닦아 냈다.",18,1349
iks_doc_2018_hankyoreh_018,Hankyoreh 2018 total annotated text file unicode.txt,Hankyoreh,한겨레,2018,2018_multi_summit,소독약으로 닦고 또 닦고 '특별한 경호',,"김 위원장이 탑승한 벤츠 리무진이 움직일 때는 12명의 건장한 경호원들이 차량을 에워싼 채 함께 달리며 차량을 경호해 눈길을 끌었다.
경호원들은 하나같이 키가 크고 체격이 건장했으며 흰색 와이셔츠에 푸른색 계열의 넥타이를 매고 검은색 양복을 입었다.",2,139
iks_doc_2018_hankyoreh_019,Hankyoreh 2018 total annotated text file unicode.txt,Hankyoreh,한겨레,2018,2018_multi_summit,"일, “한국 정부 노력에 경의“표한다면서도 “독도는 우리 땅“독도 디저트 “불필요하다“또다시 불만 나타내 영토 담당상은 “독도는 일본 영토“또 발언",,"일본 정부는 27일 남북 정상회담 시작 직후 “남북 정상회담에 대한 한국 정부의 노력에 경의를 표하고 싶다“는 반응을 내놓았다.
그러나 북핵 문제의 철저한 해결과 일본인 납치 문제를 재차 언급하며 자국 입장을 강조했다.
고노 다로 외상은 남북 정상회담 시작 직후 “남북 정상회담이 실현된 데는 한국 정부의 공헌과 노력이 매우 컸기 때문에 경의를 표하고 싶다“고 말했다.
남북 정상회담 내용에 대해서는 예단을 가지고 얘기할 것은 아니라며, 회담 뒤 한국에서 정보를 제공할 것이라고 말했다.
스가 요시히데 관방 장관은 “납치, 핵, 미사일이라는 모든 안건의 포괄적 해결을 향한 전향적 논의를 기대“한다며 '납치'를 앞세웠다.
오노데라 이쓰노리 방위상도 “남북 정상회담과 이후 북/미 정상회담을 통해 북한의 납치, 핵, 미사일이라는 모든 안건에 대해서 (북한의) 구체적 행동을 끌어내는 것이 중요하다.
이번 회담의 동향을 착실히 주시해 북한의 구체적 행동으로 연결될지 지켜 보고 싶다“고 말했다.
일본 정부는 남북 정상회담 당일에도 '독도 디저트'에 대해 불만을 나타냈다.
고노 외상은 독도가 그려진 한반도 기로 장식된 디저트가 남북 정상회담 만찬 메뉴로 오르는 데 대해 “매우 불필요하다.
외무성이 이미 한국 쪽에 말했지만 오늘은 비핵화를 포함해 여러 가지 것이 정상회담에서 논의되기 때문에 상황을 착실히 지켜 보고 싶다“고 말했다.
후쿠이 데루 영토 문제 담당상도 “다케시마(일본이 독도를 부르는 명칭)는 역사적으로도 국제법상으로도 일본의 영토므로, 매우 유감“이라며 “일본의 입장에 대한 이해가 이루어지도록 전달 강화에 힘쓰겠다“고 했다.",11,805
iks_doc_2018_hankyoreh_020,Hankyoreh 2018 total annotated text file unicode.txt,Hankyoreh,한겨레,2018,2018_multi_summit,"남북 정상 “한반도에 더 이상 전쟁 없을 것“문 대통령/김 위원장 '판문점 선언' 종전 선언 평화 협정 전환 적극 추진 8.15 이산 상봉, 동해 경의선 연결 개성에 공동 연락 사무소 설치 등 합의 문 대통령, 올 가을 평양 방문하기로",,"문재인 대통령과 김정은 북한 국무위원장은 27일 판문점 평화의 집에서 남북정상회담을 열어 '한반도 평화와 번영, 통일을 위한 판문점 선언'을 발표했다.
두 정상은 이날 오후 평화의 집 1층 로비에서 '판문점 선언'에 함께 서명했다.
이날 선언에는 남북 공동 연락 사무소 개성 지역 설치 남북 적대 행위 선면 중지 단계적 군축 실현 완전한 비핵화 목표 확인 등이 포함됐다.
또 두 정상은 올 가을 문 대통령이 평양을 방문하는 데 합의했다.
아래는 판문점 선언 전문이다.",5,261
iks_doc_2018_hankyoreh_021,Hankyoreh 2018 total annotated text file unicode.txt,Hankyoreh,한겨레,2018,2018_multi_summit,"“한반도의 평화와 번영, 통일을 위한 판문점 선언“",,"대한민국 문재인 대통령과 조선민주주의인민공화국 김정은 국무위원장은 평화와 번영, 통일을 염원하는 온 겨레의 한결같은 지향을 담아 한반도에서 역사적인 전환이 일어나고 있는 뜻 깊은 시기에 2018년 4월 27일 판문점 평화의 집에서 남북정상회담을 진행했다.
양 정상은 한반도에 더 이상 전쟁은 없을 것이며 새롭ㄴ 평화의 시대가 열렸음을 8 천만 우리 겨레와 전 세계에 엄숙히 천명했다.
양 정상은 냉전의 산물인 오랜 분단과 대결을 하루 빨리 종식시키고 민족적 화해와 평화 번영의 새롭ㄴ 시대를 과감하게 일어나 가며 남북 관계를 보다 적극적으로 개선하고 발전시켜 나가야 한다는 확고한 의지를 담아 역사의 땅 판문점에서 다음과 같이 선언했다.
1. 남과 북은 남북 관계의 전면적이며 획기적인 개선과 발전을 이룩함로써 끊어진 민족의 혈맥을 잇고 공동 번영과 자주 통일의 미래를 앞당겨 나갈 것이다.
남북 관계를 개선하고 발전시키는 것은 온 겨레의 한결같은 소망이며 더 이상 미룰 수 없는 시대의 절박한 요구다.
남과 북은 우리 민족의 운명은 우리 스스로 결정한다는 민족 자주의 원칙을 확인했으며 이미 채택된 남북 선언들과 모든 해방들을 철저히 이행함로써 관계 개선과 발전의 전환적 국면을 열어 나가기로 했다.
② 남과 북은 고위급 회담을 비롯한 각 분야의 대화와 협상을 빠른 시일 안에 개최해 정상회담에서 합의된 문제들을 실천하기 위한 적극적인 대책을 세워 나가기로 했다.
③ 남과 북은 당국 간 협의를 긴밀히 하고 민간 교류와 협력을 원만히 보장하기 위해 쌍방 당국자가 상주하는 남북 공동 연락 사무소를 개성 지역에 설치하기로 했다.
④ 남과 북은 민족적 화해와 단합의 분위기를 고조시켜 나가기 위해 각계각층의 다방면적인 협력과 교류 왕래와 접촉을 활성화하기로 했다.
안으로는 6.15를 비롯해 남과 북에 다 같이 의의가 있는 날들을 계기로 당국과 국회, 정당, 지방 자치 단체, 민간 단체 등 각계각층이 참가하는 민족 공동 행사를 적극 추진해 화해와 협력의 분위기를 고조시키며 밖으로는 2018년 아시아 경기 대회를 비롯한 국제 경기들에 공동으로 진출해 민족의 슬기와 재능, 단합된 모습을 전 세계에 과시하기로 했다.
⑤ 남과 북은 민족 분단으로 발생된 인도적 문제를 시급히 해결하기 위해 노력하며, 남북 적십자 회담을 개최해 이산가족 친척 상봉을 비롯한 제반 문제들을 협의 해결해 나가기로 했다.
당면해 오는 8.15를 계기로 이산가족 친척 상봉을 진행하기로 했다.
남과 북은 민족 경제의 균형적 발전과 공동 번영을 이룩하기 위해 10.4 선언에서 합의된 사업들을 적극 추진해 나가며 1차적으로 동해선 및 경의선 철도와 도로들을 연결하고 현대화해 활용하기 위한 실천적 대책들을 취해 나가기로 했다.
2. 남과 북은 한반도에서 첨예한 군사적 긴장 상태를 완화하고 전쟁 위험을 실질적으로 해소하기 위해 공동으로 노력해 나갈 것이다.
① 남과 북은 지상과 해상, 공중을 비롯한 모든 공간에서 군사적 긴장과 충돌의 근원으로 되는 상대방에 대한 일체의 적대 행위를 전면 중지하기로 했다.
당면해 5월 1일부터 군사 분계선 일대에서 확성기 방송과 전단 살포를 비롯한 모든 적대 행위들을 중지하고 그 수단을 철폐하며 앞으로 비무장 지대를 실질적인 평화 지대로 만들어 나가기로 했다.
② 남과 북은 서해 북방 한계선 일대를 평화 수역으로 만들어 우발적인 군사적 충돌을 방지하고 안전한 어로 활동을 보장하기 위한 실제적인 대책을 세워 나가기로 했다.
③ 남과 북은 상호 협력과 교류, 왕래와 접촉이 활성화 되는 데 따른 여러 가지 군사적 보장 대책을 취하기로 했다.
남과 북은 쌍방 사이에 제기되는 군사적 문제를 지체 없이 협의 해결하기 위해 국방부 장관 회담을 비롯한 군사 당국자 회담을 자주 개최하며 5월 중에 먼저 장성급 군사 회담을 열기로 했다.
3. 남과 북은 한반도의 항구적이며 공고한 평화 체제 구축을 위해 적극 협력해 나갈 것이다.
한반도에서 비정상적인 현재의 정전 상태를 종식시키고 확고한 평화 체제를 수립하는 것은 더 이상 미룰 수 없는 역사적 과제다.
① 남과 북은 그 어떤 형태의 무력도 서로 사용하지 않을 때 대한 불가침 합의를 재확인하고 엄격히 준수해 나가기로 했다.
② 남과 북은 군사적 긴장이 해소되고 서로의 군사적 신뢰가 실질적으로 구축되는 데 따라 단계적으로 군축을 실현해 나가기로 했다.
③ 남과 북은 정전 협정 체결 65년이 되는 올해에 종전을 선언하고 정전 협정을 평화 협정으로 전환하며 항구적이고 공고한 평화 체제 구축을 위한 남북미 3자 또는 남북미중 4자 회담 개최를 적극 추진해 나가기로 했다.
④ 남과 북은 완전한 비핵화를 통해 핵 없는 한반도를 실현한다는 공동의 목표를 확인했다.
남과 북은 북측이 취하고 있는 주동적인 조치들이 한반도 비핵화를 위해 대단히 의의 있고 중대한 조치라는 데 인식을 같이 하고 앞으로 각기 자기의 책임과 역할을 다하기로 했다.
남과 북은 한반도 비핵화를 위한 국제 사회의 지지와 협력을 위해 적극 노력하기로 했다.
양 정상은 정기적인 회담과 직통 전화를 통해 민족의 중대사를 수시로 진지하게 논의하고 신뢰를 굳건히 하며, 남북 관계의 지속적인 발전과 한반도의 평화와 번영, 통일을 향한 좋은 흐름을 더욱 확대해 나가기 위해 함께 노력하기로 했다.
당면해 문재인 대통령은 올해 가을 평양을 방문하기로 했다.",29,2611
iks_doc_2018_hankyoreh_022,Hankyoreh 2018 total annotated text file unicode.txt,Hankyoreh,한겨레,2018,2018_multi_summit,2018년 4월 27일 판문점 대한민국 대통령 대통령 문재인 조선민주인민공화국 국무 위원회 위원장 김정은,,"남북 65년 만에 전쟁 끝낸다 문 대통령/김 위원장 '판문점 선언' 종전 선언 평화 협정 전환 적극 추진 8.15 이산 상봉, 동해 경의선 연결 개성에 공동 연락 사무소 설치 등 합의 문 대통령, 올 가을 평양 방문하기로 2018년, 65년을 끌었던 한국전쟁이 끝난다.
문재인 대통령과 김정은 북한 국무위원장은 27일 '한반도의 평화와 번영, 통일을 위한 판문점 선언'을 통해 “비정상적인 현재의 정전 상태를 종식시키고 확고한 평화 체제를 수립하는 것은 더 이상 미룰 수 없는 역사적 과제“라는 데에 동의하고 “올해에 종전을 선언하고 정전 협정을 평화 협정으로 전환“하기로 합의했다.
두 정상은 이를 위한 구체적인 방법으로 '남북미 3자' 또는 '남북미중 4자'회담을 적극 추진하는 데에도 합의했다.
종전 선언과 평화 체제 전환의 시점을 '올해'로 못 박고 정전 체제의 '직접 관련국 정상들과의 회담'이라는 구체적 방식을 제시해 실현 가능성을 높였다.
따라서 5월 말 또는 6월 초 예정된 북/미 정상회담에서 한반도 비핵화와 체제 보장에 관한 구체적인 합의가 있을 경우, 남북미 또는 남북미중 정상 회의를 통한 종전 선언과 평화 협정 체결 등으로 이어질 것으로 관측된다.
이번 판문점 선언을 통해 두 정상이 의지를 밝힌 '평화 체제 구축'은, 문 대통령의 동지였던 노무현 전 대통령과 김정은 위원장의 부친인 김정일 전 국방위원장이 2007년 합의했던 '10.4 선언'의 연장 선 위에 있다.
노 전 대통령과 김 전 위원장은 “군사적 적대 관계를 종식시키고 한반도에서 긴장 완화와 평화를 보장하기 위해 긴밀히 협력“하기로 합의하면서 “남과 북은 현 정전 체제를 종식시키고 항구적인 평화 체제를 구축해 나가야 한다는 데 인식을 같이하고 직접 관련된 3자 또는 4자 정상들이 한반도 지역에서 만나 종전을 선언하는 문제를 추진하기 위해 협력“하기로 합의한 바 있다.
판문점 선언과 10.4 선언은 표현과 구성이 거의 비슷해 보이지만 확연한 차이가 있다.
우선, 10.4 선언은 시점을 특정하지 않은 반면, 문 대통령과 김 위원장은 종전 선언과 평화 협정 체결 시점을 '올해'로 못 박았다.
문 대통령은 올해 신년사에서 “올해가 한반도 평화의 새롭ㄴ 원년이 되도록 최선을 다하겠다.
이 과정에서 동맹국 미국과 중국, 일본 등 관련 국가들을 비롯해 국제 사회와 더욱 긴밀히 협력할 것“이라고 밝혔고, 김 위원장도 신년사를 통해 평창 동계올림핌에 북쪽 대표단 파견 뜻을 밝히면서 “북남 관계를 개선해 올해를 사변적 해로 빛내야 한다“고 강조했다.
두 정상 모두 올해를 한반도에서 냉전 체제를 해체할 적기로 판단했기 때문에 이 같은 합의가 가능했던 것으로 보인다.
2007년 10.4 선언에서 거론된 '직접 관련된 3자 또는 4자 정상'은, 이번 판문점 선언에서 '남북미 3자' 또는 '남북미중 4자'로 구체화됐다.
정전 협정 65주년을 맞는 올해, 한국전쟁의 직접 당사국인 네 나라 혹은 북한의 핵 미사일 문제의 직접 당사국인 남북미 정상이 만나 종전을 선언하고 평화 협정을 모색하는 방안이 현실적이라는 문제 의식이 작용한 것으로 관측된다.
문 대통령은 지난 24일 아베 신조 일본 총리와 통화에서 “종전 선언은 남북만의 대화로 해결되는 것이 아니라 최소한 남북미 3자 합의가 이루어져야 성공을 할 수 있다“고 밝힌 바 있다.
아래는 판문점 선언 전문이다.",16,1648
iks_doc_2018_hankyoreh_023,Hankyoreh 2018 total annotated text file unicode.txt,Hankyoreh,한겨레,2018,2018_multi_summit,"“한반도의 평화와 번영, 통일을 위한 판문점 선언“",,"대한민국 문재인 대통령과 조선민주주의인민공화국 김정은 국무위원장은 평화와 번영, 통일을 염원하는 온 겨레의 한결같은 지향을 담아 한반도에서 역사적인 전환이 일어나고 있는 뜻 깊은 시기에 2018년 4월 27일 판문점 평화의 집에서 남북정상회담을 진행했다.
양 정상은 한반도에 더 이상 전쟁은 없을 것이며 새롭ㄴ 평화의 시대가 열렸음을 8 천만 우리 겨레와 전 세계에 엄숙히 천명했다.
양 정상은 냉전의 산물인 오랜 분단과 대결을 하루 빨리 종식시키고 민족적 화해와 평화 번영의 새롭ㄴ 시대를 과감하게 열어 나가며 남북 관계를 보다 적극적으로 개선하고 발전시켜 나가야 한다는 확고한 의지를 담아 역사의 땅 판문점에서 다음과 같이 선언했다.
1. 남과 북은 남북 관계의 전면적이며 획기적인 개선과 발전을 이룩함로써 끊어진 민족의 혈맥을 잇고 공동 번영과 자주 통일의 미래를 앞당겨 나갈 것이다.
남북 관계를 개선하고 발전시키는 것은 온 겨레의 한결같은 소망이며 더 이상 미룰 수 없는 시대의 절박한 요구다.
① 남과 북은 우리 민족의 운명은 우리 스스로 결정한다는 민족 자주의 원칙을 확인했으며 이미 채택된 남북 선언들과 모든 합의들을 철저히 이행함로써 관계 개선과 발전의 전환적 국면을 열어 나가기로 했다.
② 남과 북은 고위급 회담을 비롯한 각 분야의 대화와 협상을 빠른 시일 안에 개최해 정상회담에서 합의된 문제들을 실천하기 위한 적극적인 대책을 세워 나가기로 했다.
③ 남과 북은 당국 간 협의를 긴밀히 하고 민간 교류와 협력을 원만히 보장하기 위해 쌍방 당국자가 상주하는 남북 공동 연락 사무소를 개성 지역에 설치하기로 했다.
④ 남과 북은 민족적 화해와 단합의 분위기를 고조시켜 나가기 위해 각계각층의 다방면적인 협력과 교류, 왕래와 접촉을 활성화하기로 했다.
안으로는 6.15를 비롯해 남과 북에 다 같이 의의가 있는 날들을 계기로 당국과 국회, 정당, 지방 자치 단체, 민간 단체 등 각계각층이 참가하는 민족 공동 행사를 적극 추진해 화해와 협력의 분위기를 고조시키며, 밖으로는 2018년 아시아 경기 대회를 비롯한 국제 경기들에 공동으로 진출해 민족의 슬기와 재능, 단합된 모습을 전 세계에 과시하기로 했다.
⑤ 남과 북은 민족 분단으로 발생된 인도적 문제를 시급히 해결하기 위해 노력하며, 남북 적십자 회담을 개최해 이산가족 친척 상봉을 비롯한 제반 문제들을 협의 해결해 나가기로 했다.
당면해 오는 8.15를 계기로 이산가족 친척 상봉을 진행하기로 했다.
남과 북은 민족 경제의 균형적 발전과 공동 번영을 이룩하기 위해 10.4 선언에서 합의된 사업들을 적극 추진해 나가며, 1차적으로 동해선 및 경의선 철도와 도로들을 연결하고 현대화해 활용하기 위한 실천적 대책들을 취해 나가기로 했다.
2. 남과 북은 한반도에서 첨예한 군사적 긴장 상태를 완화하고 전쟁 위험을 실질적으로 해소하기 위해 공동으로 노력해 나갈 것이다.
한반도의 군사적 긴장 상태를 완화하고 전쟁 위험을 해소하는 것은 민족의 운명과 관련되는 매우 중대한 문제며 우리 겨레의 평화롭고 안정된 삶을 보장하기 위한 관건적인 문제다.
① 남과 북은 지상과 해상, 공중을 비롯한 모든 공간에서 군사적 긴장과 충돌의 근원으로 되는 상대방에 대한 일체의 적대 행위를 전면 중지하기로 했다.
당면해 5월 1일부터 군사 분계선 일대에서 확성기 방송과 전단 살포를 비롯한 모든 적대 행위들을 중지하고 그 수단을 철폐하며, 앞으로 비무장 지대를 실질적인 평화 지대로 만들어 나가기로 했다.
② 남과 북은 서해 북방 한계선 일대를 평화 수역으로 만들어 우발적인 군사적 충돌을 방지하고 안전한 어로 활동을 보장하기 위한 실제적인 대책을 세워 나가기로 했다.
③ 남과 북은 상호 협력과 교류, 왕래와 접촉이 활성화되는 데 따른 여러 가지 군사적 보장 대책을 취하기로 했다.
남과 북은 쌍방 사이에 제기되는 군사적 문제를 지체 없이 협의 해결하기 위해 국방부 장관 회담을 비롯한 군사 당국자 회담을 자주 개최하며 5월 중에 먼저 장성급 군사 회담을 열기로 했다.
3. 남과 북은 한반도의 항구적이며 공고한 평화 체제 구축을 위해 적극 협력해 나갈 것이다.
한반도에서 비정상적인 현재의 정전 상태를 종식시키고 확고한 평화 체제를 수립하는 것은 더 이상 미룰 수 없는 역사적 과제다.
① 남과 북은 그 어떤 형태의 무력도 서로 사용하지 않을 데 대한 불가침 합의를 재확인하고 엄격히 준수해 나가기로 했다.
② 남과 북은 군사적 긴장이 해소되고 서로의 군사적 신뢰가 실질적으로 구축되는 데 따라 단계적으로 군축을 실현해 나가기로 했다.
③ 남과 북은 정전 협정 체결 65년이 되는 올해에 종전을 선언하고 정전 협정을 평화 협정으로 전환하며 항구적이고 공고한 평화 체제 구축을 위한 남북미 3자 또는 남북미중 4자 회담 개최를 적극 추진해 나가기로 했다.
④ 남과 북은 완전한 비핵화를 통해 핵 없는 한반도를 실현한다는 공동의 목표를 확인했다.
남과 북은 북측이 취하고 있는 주동적인 조치들이 한반도 비핵화를 위해 대단히 의의 있고 중대한 조치라는 데 인식을 같이하고 앞으로 각기 자기의 책임과 역할을 다하기로 했다.
남과 북은 한반도 비핵화를 위한 국제 사회의 지지와 협력을 위해 적극 노력해 나가기로 했다.
양 정상은 정기적인 회담과 직통 전화를 통해 민족의 중대사를 수시로 진지하게 논의하고 신뢰를 굳건히 하며, 남북 관계의 지속적인 발전과 한반도의 평화와 번영, 통일을 향한 좋은 흐름을 더욱 확대해 나가기 위해 함께 노력하기로 했다.
당면해 문재인 대통령은 올해 가을 평양을 방문하기로 했다.",30,2715
iks_doc_2018_hankyoreh_024,Hankyoreh 2018 total annotated text file unicode.txt,Hankyoreh,한겨레,2018,2018_multi_summit,2018년 4월 27일 판문점 대한민국 대통령 문재인 조선민주주의인민공화국 국무 위원회 위원장 김정은,“군대 안 가도 되냐며 농담도“정상회담에 들뜬 학생들 판문점 있는 경기도 파주 학생들 “처음 보는 광경“광주에서는 '판문점 선언' 만들며 '평화' 되새겨,"판문점에서 남북의 두 정상이 두 손을 붙잡고 군사 분계선을 넘을 때, 앞선 두 번의 남북 정상회담에 대한 기억이 없는 학생들은 '한 번도 본 적 없는 광경에 놀라워했다.
판문점과 가깝ㄴ 경기도 파주의 학생들은 남북 정상 간 만남을 생중계로 지켜 보며 '울컥'했고, 광주시에서는 학생들이 아이디어를 모아 나름대로 '판문점 선언'을 만들며 '평화'를 기원했다.
판문점이 있는 경기도 파주의 학생들은 감회가 남달랐다.
판문점에서 불과 차로 20분 거리에 있는 파주시 문산 읍의 선유중학교 학생들은 '처음 보는' 남북 정상 간의 만남에 마음이 들떠 있었다.
육군 소령인 아버지를 따라 작년에 파주로 이사를 왔다는 이주희(15)양은 “이전 정상회담에 대한 기억이 없어 두 나라의 지도자가 행복해 보이는 표정으로 악수를 하는 것이 신기했다“며 “아버지가 군인이다 보니 전쟁이 날까 봐 두려움이 많았다.
오늘 정상회담으로 전쟁 없는 세상이 만들어졌으면 좋겠다“고 말했다.
구채령(15)양도 “내가 태어날 무렵부터 남북 관계가 안좋아서 이런 분위기를 경험하는 것은 처음이다“라며 “이런 역사적인 일들이 학교 주변에서 일어났다는 것이 믿기지 않는다“고 말했다.
선유중학교의 국어 교사 박회경씨는 “선생님들이 출근 길에 문재인 대통령이 판문점을 향할 때 이용할 자유로를 먼저 밟는다고 벅찬 마음으로 농담을 했다“며 “평소에는 의식하지 못하았는데 새삼 이렇게 중요한 위치에서 일하고 살고 있다는 것ㄹ 깨달았다“고 말했다.
파주시 동패 동의 교하 고등학교 전교생 1000여 명은 수업을 잠시 멈춘 채 남북 정상 간 만남을 생중계로 지켜 봤다.
교하 고등학교의 학생 김정훈(18)군은 “처음에는 반 친구들이 시큰둥했다.
그런데 화면에 김정은 위원장이 막상 등장하고, 문재인 대통령이 위원장과 손을 맞잡자 아이들이 환호를 지르면서 좋아했다“고 분위기를 전했다.
김 군은 “판문점에 문재인 대통령과 김정은 위원장이 악수하는 것을 보며 울컥했다는 아이들이 많았다.
저도 울컥했다“며 “이제 군대 안 가도 되는 것 아니냐며 농담하는 친구들도 있었다“고 말하고 웃었다.
광주시 북 구에 위치한 문흥 초등학교의 학생들은 '정전 협정'을 통해 '판문점 회담'의 의미를 돌아보는 수업을 가졌다.
문흥 초등학교의 교사 조재호(48)씨는 “오늘 학생들과 남북 정상 간 만남을 생중계로 지켜 보고 '판문점 선언'의 빈칸을 비워 둔 <한겨레>의 1면을 보여 그 안에 내용을 채우는 수업을 했다“고 전했다.
<한겨레>는 27일자 1면에 1953년 7월에 맺어진 정전 협정과 27일 있을지 모르는 '판문점 선언'을 나란히 배치했다.
'판문점 선언'의 내용은 공백으로 비워 놨다.
조씨는 “학생들이 판문점에서 정상회담을 하는 것은 알고 있지만, 정작 왜 판문점에서 하는지 그 의미는 잘 모르고 있었다.
학생들과 함께 한겨레 1면을 읽으며 정전 협정의 의미를 돌아보고 평화 협정으로 가는 길에 대해 이야기했다“고 말했다.
조씨는 “아이들은 핵무기가 없고, 전쟁이 없는 평화가 찾아와 광주에서 기차를 타고 유럽으로 가는 세상을 판문점 선언에 담고자 했다.
오늘 아이들과 만들ㄴ '판문점 선언'처럼 그런 세상이 얼른 왔으면 좋겠다“고 말했다.
문재인/김정은, 40분 생중계 '공개 밀담' 도보다리 산책하며 진지한 대화 전 세계 생중계 비핵화 및 트럼프 설득 방법 등 '진짜 대화' 나눴을 듯 27일 문재인 대통령과 김정은 북한 국무위원장이 전 세계가 생중계로 지켜 보는 가운데 배석자 없이 40분 간 깊은 대화를 나누는 '공개 밀담'을 했다.
외교사에 전례를 찾아 보기 힘들ㄴ 진기한 장면이 펼쳐진 것이다.
이번 정상회담의 하이라이트로 꼽을 만하다.
두 정상은 이날 각자 오찬을 마친 뒤 오후 4시 15분께 다시 만나 남쪽 군사 분계선 인근 '소떼길'에서 공동 기념 식수와 기념 촬영을 했다.
잇어 4시 36분께부터 수행원이 전혀 붙지 않은 채 단 둘이서 군사 분계선 표식물이 있는 '도보다리'까지 산책했다.
도보다리는 정전 협정 직후 중립국감독 위원회가 임무 수행을 위해 짧은 거리로 이동할 수 있도록 습지 위에 만들ㄴ 다리다.
생중계된 화면으로 두 정상의 대화 내용은 전혀 들리지 않았으나, 두 사람이 나란히 걸으며 진지한 대화를 나누는 모습은 전 세계에 그대로 전달됐다.
산책 초반에는 주로 문 대통령이 김 위원장에게 뭔가를 설명하고 설득하며 대화를 주도하고 김 위원장은 신중하게 듣는 모습이었다.
두 사람은 4시 42분께 군사 분계선 표식물이 있는 장소에 마련된 의자에 마주 앉아 더 깊은 대화를 이어 갔다.
자리에 앉자 김 위원장은 근접 촬영을 위해 따라붙은 북쪽 기자들에게 '잠시 비켜 달라'는 듯 손짓을 해 주변을 모두 물리쳤다.
두 사람이 앉아 대화하는 모습은 멀리 떨어진 카메라에 잡혀 생중계됐다.
앉은 자리에서는 문 대통령과 김 위원장 모두 진지한 대화를 비슷한 분량으로 서로 주고 받았다.
문 대통령이 말할 때 김 위원장은 고개를 끄덕이며 수긍하는 듯한 태도를 취하거나, 자신의 의견을 덧붙이기도 했다.
김 위원장이 미소 짓는 모습도 보였다.
두 사람은 5시 12분께 테이블 대화를 마치고 일어섰다.
무려 30분 간 테이블 밀담을 한 것이다.
두 사람은 왔던 길을 되걷어 5시 16분 다른 수행원들이 기다리고 있는 지점에 닿은 뒤, 회담장인 평화의 집으로 이동했다.
왕복 산책과 테이블 대화까지 모두 40분 동안 '둘만의 공개 밀담'을 한 것이다.
공식 수행원이나 참모 없이 오로지 두 사람이 어떤 대화를 나눴을지 전 세계의 관심이 모아진다.
대화를 마치고 일어설 때 두 사람의 표정은 만족스럽ㄴ 듯하면서도 상기된 분위기도 엿보여, 밀담이 매우 격정적으로 진행됐음을 유추하게 했다.
주로 한반도 비핵화와 평화 체제를 이행할 구체적인 방법론에 대해 심도 있는 대화를 나눴을 것으로 보인다.
특히 이런 의제들은 남북정상회담 뒤 6월께 열릴 북/미 정상회담에서 실질적인 결실을 맺어야 하는 만큼, 두 사람이 이후 도널드 트럼프 미국 대통령을 상대로 어떤 합의를 어떻게 이뤄 낼지를 놓고 서로 속내를 드러내며 허심탄회한 대화를 나눴을 것으로 보인다.
두 사람이 전례 없이 배석자 없는 대담을 무려 40분이나 한 점, 그리고 이 장면을 처음부터 끝까지 생중계하도록 허용한 것은 두 지도자가 그동안 특사들의 교차 방북과 물밑 접촉 등을 통해 깊은 신뢰를 쌓았음을 보여 주기도 한다.
이 산책 대화 장면이 4.27 정상회담 전체에서 가장 인상적이고, 핵심적인 대목으로 꼽히는 이유다.",45,3155
iks_doc_2018_hankyoreh_025,Hankyoreh 2018 total annotated text file unicode.txt,Hankyoreh,한겨레,2018,2018_multi_summit,남북 정상 45분 간 친교 대화 이례적 '공개 밀담' 도보다리 끝 탁자에서 배석자 없이 30분 간 독대,,"27일 오후 4시 36분부터 이루어진 남북 두 정상의 '친교 산책'은 이번 회담의 하이라이트 중 하나로 꼽혔다.
문재인 대통령과 김정은 북한 국무위원장이 오후 남북정상회담을 시작하기 전에 수행원 없이 45분 가량 '도보다리'를 산책했기 때문이다.
도보다리 산책은 배석자 없는 두 정상의 '단독 회담' 성격에 가까웠다.
두 정상은 고 정주영 현대그룹 명예 회장의 소 떼 방북 경론 소떼길에서 함께 소나무를 심은 '공동 식수' 직후 도보다리 산책에 나섰다.
문 대통령과 김 위원장은 도보다리 쪽으로 나란히 걸으며 서로 담소를 주고 받았다.
문 대통령과 김 위원장은 진지한 표정으로 손짓을 섞어 가며 대화를 나누며 중간 중간 서로 고개를 끄덕이기도 했다.
생중계 화면에서 두 정상의 대화 내용은 들리지 않았고, 새 소리가 소리를 대신 채웠다.
티(T)자형의 파란색 도보다리를 걷던 문 대통령과 김 위원장은 도보다리 끝에 있는 군사 분계선 표식물 앞에 잠시 멈춰 섰다.
도로 다리 확장 부분에 있는 군사 분계선 표식물은 설치 당시에는 황색 바탕에 검정색으로 '군사 분계선' '0101'이라고 표기돼 있었으나 현재는 녹슬어 아무렇ㄴ 글자도 남아 있지 않았다.
문 대통령은 왼손으로 표식물을 만지기도 했고, 김 위원장도 표식물을 바라보며 얘기를 나눴다.
잇어 양 정상은 군사 분계선 표식물 왼쪽에 마련된 탁자에 앉아 약 30분 가량 배석자 없이 단 둘이 얘기를 나눴다.
책상을 앞에 두고 나란히 앉은 두 정상의 간격은 1m도 채 되지 않아 보였다.
문 대통령이 말을 할 때 김 위원장은 진지한 표정으로 고개를 끄덕였고, 대화 중간에 바로 앞에서 사진 찍은 북한 쪽 기자를 향해 웃으면서 자리를 비키라는 얘기를 하기도 했다.
짧지 않은 시간 동안 문 대통령은 손짓을 섞어 가면서 얘기를 했고, 김 위원장은 심각한 표정으로 듣다가 중간 중간 웃기도 했다.
30분 간 '공개된 밀담'은 문 대통령보다는 김 위원장의 발언이 더 많아 보였다.
두 정상은 오후 5시 12분 자리에서 일어나 '평화의 집'으로 이동했다.
남북 수행원들이 기다리고 있는 소떼길 쪽으로 돌아온 김 위원장은 웃으면서 “많이 기다렸습니까“라고 먼저 웃으며 얘기를 건넸다.
두 정상이 평화의 집에 도착한 것ㄴ 5시 19분이다.
'도보다리'는 정전 협정 직후 중립국감독 위원회(당시 체코 폴란드 스위스 스웨덴)가 임무 수행을 위해 짧은 거리를 이동할 수 있도록 습지 위에 만들어진 다리다.
비가 많이 올 때 물골이 형성돼 멀리 돌아가는 불편을 없애기 위해 1953년과 1960년 사이에 설치됐다고 한다.
과거 유엔 사령부에서 부르던 '풋 브리지'(foot bridge)를 우리말로 그대로 번역하면서 '도보다리'로 부르게 됐다.
청와대 쪽은 이번 남북정상회담을 준비하면서 원래 일 자형이던 도보다리를 '티(T)자형'으로 만들어 군사 분계선 표식물이 있는 곳까지 연결했다고 설명했다.
군사 분계선 표식물은 임진강 하구에서 0001호가 시작해 동해안 마지막 1292호까지 200m 간격으로 약 250km에 걸쳐 설치돼 있다.
도보다리 확장 부분에 있는 군사 분계선 표식물은 101번째다.
청와대는 “남북 분단의 상징이었던 군사 분계선 표식물 앞에까지 양 정상이 산책한다는 것 자체로 의미가 있다“며 “특히 남북 정상이 배석자 없이 함께 담소를 나눌 수 있는 사실상 단독 회담으로 도보다리가 '평화, 새롭ㄴ 시작의 역사의 현장이 되길 진심으로 기대할 수 있다“고 말했다.
앞서 지난 2000년 김대중 당시 대통령과 김정일 국방위원장도 평양 순안공항에서 백화원 영빈관에 이르기까지 차량에 함께 타 '밀담'을 나눈 바 있다.
당시 김 위원장은 순안공항으로 김대중 대통령을 맞으러 나가 의장대 사열을 진행한 뒤 차량에 함께 탑승했다.",27,1830
iks_doc_2018_hankyoreh_026,Hankyoreh 2018 total annotated text file unicode.txt,Hankyoreh,한겨레,2018,2018_multi_summit,"김여정, 서류 들고 펜 장갑 건네며 김정은 밀착 보좌 방명록 작성 식수 때 옆에서 돕고 오전 회담도 배석 '비서실장' 존재감 문 대통령 “김 부부장 남쪽서 스타“",,"27일 김정은 북한 국무위원장의 공식 수행원으로 내려온 김여정 노동당 중앙 위원회 제 1 부부장은 남북정상회담을 통해 다시 한번 존재감을 드러냈다.
김 위원장을 지근 거리에서 보좌하는 '비서실장'이자 국정 보좌역의 면모도 보였다.
이날 아침 9시 29분 군사 분계선(MDL)을 넘은 김 위원장이 문재인 대통령과 나란히 판문점 남쪽 지역으로 걸어 내려올 때 북쪽 수행원들은 미리 티투(T2) 건물 남쪽에서 두 정상의 등장을 기다리고 있었다.
맨 앞에서 김 위원장을 맞은 것은 김 부부장이었다.
두 정상이 걸어 나오자 김 부부장은 조용히 김 위원장을 뒤따라 나왔고, 김 위원장이 남쪽 화동에게 받은 꽃다발은 자연스럽게 김 부부장에게 건네졌다.
잇어 두 정상이 전통 의장대를 사열하며 자유의 집과 평화의 집 중간에 마련된 행사장으로 이동하는 동안에도 김 부부장은 김 위원장의 45도 뒤 쪽을 지키며 걸었다.
다른 수행원들이 자유의 집을 통과해 행사장으로 이동할 때, 김 부부장은 두 정상을 따라 레드카펫 위를 걸었다.
북쪽 인사한테서 언질을 받은 뒤 서둘러 옆으로 빠진 것을 보면, 김 부부장은 평소대로 김 위원장을 뒤따르다 '의전 실수' 해프닝이 벌어진 것으로 보인다.
이날 김 부부장은 회색 투피스에 검은색 서류 가방을 들고 서류철을 겨드랑이에 낀 모습이었다.
김 부부장은 두 정상이 공식 수행원들과 함께 예정에 없던 단체 사진을 찍을 때도 첫 줄 오른쪽 맨 끝에 섰다.
사진 촬영 뒤에는 임종석 대통령 비서실장과 웃으며 악수하기도 했다.
평화의 집에 도착해 방명록을 쓰려는 김 위원장에게 펜을 건넨 것도, 오후 '1953년생 소나무'를 심는 기념 식수 행사에서 김 위원장에게 흰색 장갑을 건넨 것도 김 부부장이었다.
김정은/김여정 남매의 '찰떡 호흡'과 이를 뒷받침하는 김 부부장의 그림자 밀착 수행이 눈길을 끌었다.
김 부부장은 남북 정상이 각각 2명의 배석자만 두고 진행한 오전 정상회담에도 김영철 당 중앙 위원회 부위원장과 함께 참석했다.
김 부부장은 지난 3월 초 대북 특사단이 방북했을 때 김영철 부위원장과 함께 면담 자리에 배석한 바 있다.
두 차례 모두 김 위원장의 왼쪽에 앉아 김 위원장의 발언을 열심히 받아 적는 모습이었다.
지난 2월 평창 겨울 올림픽 때는 김 위원장의 특사 자격으로 방남해 문 대통령에게 김 위원장의 친서를 전하는 등 얼어붙었던 남북 관계에 '훈풍'을 불러왔다.
문 대통령은 이날 오전 회담에 앞서 김 위원장에게 “(김 부부장이) 남쪽에서는 아주 스타가 돼 있다“고 말해 한바탕 웃음을 불렀다고 윤영찬 청와대 국민 소통 수석이 전했다.
실제 지난 2월 방남 당시 김 부부장의 밝은 모습은 남쪽에 좋은 인상을 남겼다.
김 위원장은 회담에 앞서 문 대통령에게 “김여정 부부장 부서에서 '만리마 속도전'이란 말을 만들었는데 남과 북의 통일 속도로 삼자“는 말을 전하기도 했다.",20,1403
iks_doc_2018_hankyoreh_027,Hankyoreh 2018 total annotated text file unicode.txt,Hankyoreh,한겨레,2018,2018_multi_summit,"백악관 “역사적 만남 한반도 평화 번영 진전 기대“문재인 대통령/김정은 위원장 첫 만남 직후 대변인실 명의로 성명 내 환영 “역사적 만남“평가, 기대 표방",,"미국 백악관은 27일 문재인 대통령과 김정은 북한 국무위원장의 첫 정상회담에 대해 “한반도 전체가 평화와 번영으로 가는 진전을 이뤄 내길 바란다“며 기대감을 드러냈다.
백악관은 이날 오전 9시 30분(한국 시각) 남북 정상이 판문점에서 처음으로 만난 직후 대변인실 명의의 논평을 내 “문재인 한국 대통령과 북한 지도자 김정은의 역사적 만남을 맞아, 우리는 한국인들의 앞 날에 성공을 기원한다.
미국은 우리의 동맹인 한국의 긴밀한 공조에 감사하고 있으며, 몇 주 안에 열릴 도널드 트럼프 대통령과 김 위원장의 회담 준비에서도 견고한 논의를 지속해 나가기를 고대한다“고 밝혔다.
백악관이 남북 정상의 만남 직후 긍정적이고 낙관적인 태도의 논평을 내놓은 것은 이번 회담 및 '5월 말~6월 초'로 예정된 북/미 정상회담에 대한 기대를 그대로 반영한 것으로 풀이된다.
남북 정상회담에서 비핵화와 관련해 어떤 수준의 합의가 나오느냐에 따라 북/미 정상회담의 성패가 좌우되기 때문이다.
또 백악관이 '한반도 전체의 평화와 번영'을 언급한 것은 남북이 현재의 갈등과 대결을 넘어 '경제 공동체'를 지향하는 것에 대한 지지를 내포한다.
아울러 남북 합의를 토대로 북/미 회담도 성공적으로 이끌어 가고 싶다는 공조 요청의 의미도 담고 있다.
남북 정상회담이 열린 26일(미국 시각) 마이크 폼페이오 국무 장관 지명자의 인준 안이 상원 본회의를 통과하며, 북/미 회담 준비도 탄력을 받게 됐다.
폼페이오 지명자는 곧바로 제70대 국무 장관으로 취임했다.
폼페이오 지명자 인준 안은 찬성 57 표, 반대 42 표로 가결됐다.
<로이터> 통신은 폼페이오 장관에 대해 “도널드 트럼프 대통령과 매파적 세계관을 공유하는 가장 충직한 측근이다.
트럼프 대통령이 그를 3주 전 북한에 특사로 파견하는 등 이미 미국 외교에 깊이 관여해 왔다“고 평했다.
중앙정보국(CIA) 국장 신분으로 그동안 극비 방북 등을 통해 북/미 정상회담 준비를 주도한 폼페이오 국무 장관이 공개적인 외교 협상의 무대에 전면으로 나서면서, 회담 날짜와 장소가 정해지면 국무부와 백악관 채널 등을 통해 의전과 경호 문제가 집중적으로 논의될 것으로 예상된다.
백악관은 앞서 이달 초 이루어진 폼페이오 국무 장관과 김 위원장의 면담 사진 2장을 공개했다.
세라 허커비 샌더스 백악관 대변인 명의로 공개된 사진은 모두 김 위원장과 폼페이오 지명자가 악수하는 모습을 담고 있다.
하나는 두 사람이 손을 잡은 채 정면을 바라보는 모습이고, 다른 하나는 서로 마주 선 모습이다.
트럼프 대통령은 이날 <폭스 뉴스> '폭스앤프렌즈' 전화 인터뷰에서 “믿기 힘들ㄹ 정도로 좋은 사진들이 있다“며 사진을 공개하고 싶다는 뜻을 밝혔다.
사진은 이 발언이 나오고 몇 시간 만에 공개됐다.
코스피, 평화의 기운 머금고 장 중 2500 돌파 원화도 6 거래일만에 강세 전환 “기업 지배 구조 개선 병행돼야 국내 증시 한 단계 도약 가능“코스피가 남북 정상회담이 한반도 평화로 이어질 것이라는 기대감으로 한 달 여만에 장 중 2500선을 회복했다.
27일 코스피는 개장 4분 만에 2500선을 탈환한 뒤 한때 2508.13까지 올랐지만 국내 기관의 4 천억 원 가깝ㄴ 순 매도로 16.76(0.68%) 오른 2492.4로 거래를 마쳤다.
코스닥 지수도 7.1(0.81%) 상승한 886.49로 마감했다.
삼성전자(1.65%), 셀트리온(7.59%) 등 시가 총액 상위 종목 대부분이 올랐다.
남북 경협 관련주도 상승세를 이어 갔다.
철도 관련 업첸 대아티아이(25%) 등 대북 인프라 관련주는 올랐지만 개성 공단 입주 기업은 차익 실현 물량이 나오며 상승 탄력이 떨어졌다.
원화는 강세로 돌아섰다.
이날 서울 외환 시장에서 원/달러 환율은 4.3원 내린 1076.6원으로 마감해 5 거래일 연속 약세에서 벗어났다.
국고채 금리는 하락세로 반전됐다.
전문가들은 한반도 긴장 완화가 한국 증시의 만성적인 저평가를 해소하는 데 도움이 될 것으로 보고 있다.
이익에 견준 주가의 수준을 나타내는 한국의 주가 수익 비율(PER)은 8.7배로 대만의 13.7배에 크게 못 미친다.
다만 지정학적 리스크 완화만으로 '코리아 디스카운트' 현상이 해소되지 않을 것이라는 시각이 많다.
국내 주식이 싼 값에 거래되는 요인으로는 불투명한 기업 지배 구조가 우선 꼽힌다.
아시아기업지배구조협회(AGCA)가 평가한 한국의 기업 지배 구조는 아시아 11개국 가운데 8위다.
기업 이익의 높은 변동성과 낮은 배당 성향도 약점으로 지적된다.
서정훈 삼성증권 연구원은 “기관들의 적극적인 의결권 행사 지침인 스튜어드십 코드 확산으로 지배 구조 개선과 주주 환원이 이루어져야 국내 증시가 한 단계 도약할 수 있을 것“이라고 짚었다.
남북 정상이 먹는 달고기, 벌써 품절이라네요 '남북정상회담 만찬'으로 '친절한 기자'에 오랜만에 등판한 음식 문화 담당 기자 박미향입니다.
27일 역사의 새 장을 열ㄴ 남북정상회담에서 김정은 국무위원장이 처음 꺼낸 말은 '평양냉면'이었습니다.
그는 “어렵사리 평양에서 평양냉면을 가져왔다“며 “(문 대통령이) 편한 마음으로 좀 맛있게 드셨으면 좋겠다“고 말했지요.
시인 백석이 사랑한 슴슴한 평양냉면이 역사적인 회담의 문을 열었군요.
(이 효과로 장안의 내로라하는 평양냉면 집들이 이날 인산인해였답니다.) '한반도 비핵화 등 큰 의제만큼이나 만찬 음식이 화젭니다.
제면기까지 들고 온 옥류관 수석 요리사가 선 보인 냉면 맛이 궁금해지는군요.
이미 '옥류관 요리사가 말하는 평양냉면 숨겨진 맛 비결'(4월 7일 기사)에서 그 맛에 대해 탐문해 봤습니다.
옥류관에서 일한 적 있는 탈북 요리사 윤종철씨가 말한 옥류관 냉면은 메밀과 감자 녹말을 '4 대 6'으로 섞는다는군요.
'8 대 2' 배합을 정설로 떠받들ㄴ 남쪽 사람들에겐 신기할 따름입니다.
육수엔 꿩을 우린 국물이 들어간다는군요.
만찬에 평양냉면만 오른 것ㄴ 아닙니다.
민어 해삼 편수는 우리 조상들이 덥ㄴ 여름에 먹는 네모난 모양의 귀한 만둡니다.
속 재료로 김대중 전 대통령의 고향인 신안 가거도에서 잡은 민어와 해삼을 넣었다는군요.
민어와 해삼은 지금이 제철입니다.
제철 음식을 쓰는 것만큼 최고의 조리법도 없지요.
사실 민어는 가거도가 아니라 임자도산을 으뜸으로 칩니다.
새우가 잘 자라는 곳이 바로 임자돈데, 민어가 가장 좋아하는 먹이가 새우랍니다.
큰 민어 파시가 열리던 일제 강점기엔 흥청망청 돈이 물결 쳐 기생들이 원정 올 정도였다고 합니다.
인천 인근 굴업도에도 큰 파시가 열렸다는 기록이 있습니다.
겉은 바삭하고 속은 촉촉하게 굽ㄴ 달고기 구이도 올랐더군요.
우리에겐 낯설ㄴ 달고기는 서양에선 흔한 생선입니다.
'존도리'라 부르지요.
한국에선 문재인 대통령이 유년을 보낸 부산이 이 음식의 고향입니다.
지금이 제철인데, 1960~70년대엔 그저 가난한 이들이 먹던 서민의 생선이었습니다.
그들은 달고기로 포를 떠서 제사 상에 올리곤 했지요.
팔기 시작한 지 고작 20여 년도 안 됩니다.
달고기는 양식이 없습니다.
그러다 보니 건강한 식재료로 이유식을 만들고 싶은 주부들이 몇 년 전부터 찾기 시작했지요.
거기다 서울의 고급 서양식 레스토랑의 유명 요리사들까지 가세했습니다.
서양식 '존도리 스테이크'를 메뉴로 내기 시작한 것이지요.
이렇게 서서히 이름이 나기 시작한 것이 고작 6~7년 전입니다.
그런데 큰일 났습니다.
이제 먹기 더 힘들어질 것 같습니다.
부산의 달고기 판매 전문점 '자갈치창용 상회' 주인 김경희(73)씨가 전해 온 소식은, 정상회담 메뉴에 올랐다는 소식이 전해지자마자 경매가가 예년에 비해 7~8배 올랐다는군요.
김씨는 그동안 1㎏을 2 만 원에 팔아 왔는데 어찌해야 할지 모르겠다고 걱정입니다.
이번 만찬엔 유독 생선이 많습니다.
도미 찜, 메기 찜도 있더군요.
어떤 의미가 있지 않을까요?
광주전남 연구원 김준 연구원은 바닷물고기가 갖는 상징성에 주목합니다.
그는 “민어는 남북을 오가는 생선입니다.
땅에 가둬 놓고 사육하는 소나 돼지와 달리 경계를 넘나드는 것이 물고기“라고 말합니다.
남북이 평화롭게 공존할 수 있는 환경을 만들ㄴ 이번 정상회담의 역사적 의미가 만찬에 투영된 것이라고 (저 혼자) 해석합니다. 참, 뢰스티를 빼 놓을 뻔하았네요.
김정은 국무위원장을 배려해 낸 음식입니다.
그가 유년을 보낸 스위스의 전통 음식이지요.
뢰스티는 우리네 감자 전과 비슷한데, 감자를 삶아 채 썰ㄴ 뒤에 두툼하게 모양을 잡아 익히는 음식입니다.
위에 소시지, 치즈 등을 올려 먹기도 합니다.
유럽의 감자는 우리네 감자와 달리 수분이 적어 삶아 썰어도 길쭉한 모양이 무너지지 않아요.
우리 식으로 해석했다니 그 맛이 궁금해집니다.
가거도, 봉하 마을, 부산, 스위스.
만찬 음식마다 지명이 있군요.
<왜 맛있을까>를 쓴 옥스퍼드 대학 통합 감각 연구소 소장 찰스 스펜스는 식탁의 즐거움은 마음에 있지, 입에 있지 않다고 했습니다.
추억이 묻어 난 곳의 먹거리를 가져와 차린 만찬은 비둘기 훨훨 나는 평화의 세상으로 우리를 이끌ㄹ 것으로 보이는군요.
“만리마 속도로 통일“남북 정상 '속도전' 강조 왜?",87,4432
iks_doc_2018_hankyoreh_028,Hankyoreh 2018 total annotated text file unicode.txt,Hankyoreh,한겨레,2018,2018_multi_summit,합의 이행 의지 강조 남북/북미 정상회담 이어지는 '탈냉전' 기회 수구 세력 방해로 무산되지 않겠다는 뜻,,"문재인 대통령과 김정은 북한 국무위원장은 27일 오전 판문점 평화의 집에서 진행된 정상회담에서 “속도“를 유독 강조했다.
11년 만에 만개한 “한반도의 봄“을 남과 북의 공조로 주도적으로 이끌어 가을의 결실을 거두자는 포괄적 다짐이자, 1 2차 정상회담이 김대중 노무현 두 대통령의 임기 중후반 열려 합의 이행에 어려움을 겪거나 실패한 선례를 되풀이하지 말자는 '현실적 필요'에 따른 것이다.
남과 북 두 정상의 이런 '속도' 강조는 앞으로 남북 관계가 매우 빠른 속도로 진행될 것임를 예고한다.
아울러 '(합의의) 이행 제도화'와 관련한 합의가 이번 회담 결과에 담기리라는 예고기도 하다.
먼저 운을 뗀 쪽은 김정은 위원장이다.
김 위원장은 “큰 합의를 해 놓고 10년 이상 실천을 못 했다“며 “잃어 버린 11년“을 거듭 강조했다.
그러면서 “우리가 11년 간 못한 것을 100여 일 만에 줄기차게 달려 왔다“며 “굳은 의지로 함께 손 잡고 가면 지금보다야 못해질 수 있겠나“라고 반문했다.
문 대통령도 김 위원장의 문제 의식에 공감했다.
문 대통령은 “과거에는 정권 중간이나 말에 늦게 합의가 이루어져 정권이 바뀌면 실천이 이루어지지 않았다.
제가 시작한 지 이제 1년 차다.
제 임기 내에 김 위원장의 신년사에서 오늘에 이르기까지 달려 온 속도를 계속 유지했으면 좋겠다“고 말을 받았다.
그러자 김 위원장은 “김여정 부부장의 부서에서 '만리마 속도전'이라는 말을 만들었는데, 남과 북의 통일의 속도로 삼자“고 제안했다.
'만리마 속도전'은 '마식령 속도'와 함께, 김정은 시대 북한의 사업 작풍을 지칭하는 대표적 개념이다.
문 대통령은 이에 바로 반응하지 않았다.
다만, 임종석 비서실장이 '속도' 대화와 관련해 거들고 나섰다.
임 실장은 “살얼음 판을 걸을 때 빠지지 않으려면 속도를 늦춰서는 안 된다는 말이 있다“고 짚었다.
정전 65년, 사상 처음으로 남북 정상회담과 북/미 정상회담이 순차 진행될 '한반도 탈냉전'의 다시 없을 역사적 기회를, 안팎의 냉전적 기득권 세력이 반격 방해할 빌미를 주지 않도록 속도를 내자는 절박한 주문이기도 하다.
문 대통령은 “과거를 돌아봤을 때 가장 중요한 것은 속도“라고 거듭 강조했고, 김 위원장은 “이제 마음 단단히 먹고 다시 원점으로 오는 일이 없어야겠다“고 다짐했다.
“서울/평양만이라도 자유 왕래할 수 있다면“'화약고' 서해 5도 어민들, 한반도 기 달고 조업 나서 강원 고성 군 주민 “반드시 금강산 관광 재개하길“실향민 “죽기 전에 고향 땅을 다시 밟아 보고 싶다“탈북민, 자유 왕래 기대하면서도 불이익 우려하기도 역사적인 남북 정상회담이 열린 27일 접경 지역 주민과 실향민, 탈북자들은 온종일 마음이 들떴다.
'한반도의 화약고'로 불리는 서해 5도 주민들의 감회는 남달랐다.
서해 5도는 연평 해전, 대청 해전, 연평도 피격, 천안함 침몰 등 잦은 군사적 충돌로 늘 전쟁 위협에 시달리는 곳이다.
박태원 연평도 어촌계장은 “우리 어민들은 오늘도 평화의 염원을 담아 '서해 5도 한반도 기'(서해 5도가 포시된 한반도 기)를 어선에 달고 조업했다.
이번 정상회담이 성공적으로 끝나 서해 북방 한계선(NLL) 해역에서 남북 어민이 함께 평화롭게 조업하길 바란다“고 말했다.
박원일 '서해5도생존과평화를위한인천시민대책 위원회' 간사도 “서해 5도 주민들은 언제 터질지 모르는 위험에서 벗어나길 바란다.
그동안의 아픔을 딛고 평화의 섬이 되면 좋겠다는 주민들의 간절한 바람이 북에도 잘 전달되면 좋겠다“고 말했다.
판문점 근처의 경기도 고양, 파주 등은 온종일 들썩였다.
고양의 시민 단체들은 이날 정상회담 프레스 센터가 마련된 일산 킨텍스 일대에서 남북 평화와 통일을 염원하며 시민 200여 명이 참가한 '한반도 단일기 인간 띠 잇기' 행사를 열었다.
윤주한 '통일을이루는사람들' 이사장은 “개성은 당일로 소풍을 다녀올 만큼 가깝ㄴ 곳이다.
자유롭게 남북을 넘나드는 세상이 속히 왔으면 좋겠다“고 말했다.
관광진 임진각도 전국에서 몰려 온 수천 명의 관광객과 주민들로 내내 북적댔다.
강원도 최북단 고성 군 주민들도 이번 정상회담으로 금강산 관광이 재개되길 기대하고 있다.
또 단절된 동해북부선 연결에 대한 기대감도 크다.
이강훈 고성군번영회장은 “금강산 관광이 중단된 뒤 10년 동안 경제가 위축돼 주민들이 갈수록 어렵어지고 있다.
반드시 금강산 관광 재개라는 성과를 내 주길 바란다.
이번 정상회담에 거는 주민들의 기대가 크다“고 말했다.
남북 관계에 대해 수없이 실망하고 낙담해 온 실향민들도 이날은 “이번엔 혹시나“하는 실낱같은 기대감을 감추지 않았다.
강원도 속초 아바이 마을에 사는 실향민들은 삼삼오오 모여 정상회담을 생중계하는 텔레비전에서 눈을 떼지 못하았다.
12살 때 월남한 김진국(78) 청호동노인회장은 “모든 실향민의 소원은 눈감기 전에 고향 땅을 다시 밟아 보는 것이다.
이번 회담에서 이산가족 상봉과 고향 방문 등 희소식이 전해지길 기대한다“고 말했다.
부산에는 문재인 대통령의 부모처럼 함경 도 쪽에서 피난 온 실향민들이 많다.
여인찬(87) 이북도민회 부산 지구 연합회장은 “2000년과 2007년 남북 정상회담과 비교할 때 분위기가 더 좋은 것 같다.
북한이 대외적으로 어렵기 때문에 더 적극적인 것 같다.
남북 정상이 좋은 결과를 내 주기를 바란다“고 말했다.
탈북자들은 남북 교류 재개에 대한 기대감을 보이면서도 자칫 불이익을 받지 않을까 우려하기도 했다.
1 만여 명의 탈북자 회원을 보유한 탈북자동지회 서재평 사무국장은 “김정은 국무위원장이 합의를 꼭 이행하자고 말한 것은 와닿았다.
탈북자들로서는 서울/평양만이라도 자유 왕래를 해서 가족과 친구들을 만날 수 있으면 좋겠다“고 말했다.
다른 탈북자는 “남북 간의 자유롭ㄴ 왕래가 이루어지더라도 과연 탈북자들이 자유롭고 안전하게 북한에 다녀올 수 있을지는 모르겠다“고 말했다.
하늘색 넥타이 짙은 색 인민복 남북 정상 패션에 담긴 의미는?",48,2901
iks_doc_2018_hankyoreh_029,Hankyoreh 2018 total annotated text file unicode.txt,Hankyoreh,한겨레,2018,2018_multi_summit,"2018 남북정상회담, 두 정상 패션도 주목 한혜연 정보윤 패션 전문가 분석 “문 대통령 넥타이 솔직한 대화로 평화 정착 의미““국무위원장의 짙은 감색, 신뢰 받는 지도자 연출“",,"27일 '2018 남북정상회담'에서 남북 정상이 입은 의상에도 이목이 집중됐다.
이날 문재인 대통령은 감색 양복에 선명한 하늘색 넥타이를, 김정은 북한 국무위원장은 줄 무늬가 있는 짙은 감색의 인민복을 착용하고 첫 만남을 가졌다.
이를 두고 국내 패션 전문가들은 “두 정상이 '평화' '한 민족' '신뢰' 등의 키워드를 담은 패션 외교를 펼쳤다“고 평했다.
특히 문 대통령의 경우 선명한 하늘색 넥타이를 통해 '한반도 비핵화 평화 정착'을 향한 강한 의지를 드러냈다는 평이다.
한혜연 스타일리스트는 “매우 놀랐다.
일반적으로 잘 선택하지 않는 색이 선명한 하늘색“이라며 “'이제는 친하게 지내자'라는 단순한 차원이 아니라 '마음을 툭 터 놓고 솔직한 대화를 통해 평화 정착으로 가겠다'는 확고한 의지를 드러낸 것“이라고 설명했다.
하늘은 국경선이나 경계가 없기 때문에 흔히 화해를 상징한다.
한반도 기도 하얗ㄴ 색 바탕에 하늘색 한반도가 그려져 있다.
전 세계가 주목하고 있는 회담인 것ㄹ 고려해 '우리는 한 민족'이라는 사실을 강조했다는 것이다.
한국의 대통령들은 주로 넥타이를 통해 의중을 드러내 왔다.
서울 종합 예술 학교 패션학 과 정보윤 교수는 “(문 대통령이) 최근 트럼프 미국 대통령과의 정상회담에선 짙은 파란색의 넥타이를 착용했다.
'잘 지내 보자'는 화해를 드러내는 동시에 정치인으로도 물러서지는 않겠다는 강인함를 피력했다“면서 “오늘 회담에선 그때와 비슷한 푸른 계열이지만 채도가 그보다는 낮고 선명해서 의미가 다르다“고 말했다.
2000년 김대중 전 대통령은 1차 남북정상회담에서 적색 넥타이를, 2007년 노무현 전 대통령은 2차 남북정상회담에서 연한 하늘색 넥타이를 착용했다.
한 스타일리스트는 “적색은 흔히 정치사에서 공산주의 체제를 나타내 왔다.
1차 남북회담이었던 만큼, '친밀감'을 높이고자 한 의사를 표현한 것 같다“고 말했다.
노 전 대통령은 '진정성'을 강조했다는 설명이다.
정 교수는 “평소 즐기던 연한 하늘색 넥타이를 통해 당신 특유의 '진솔하게 대화하자'는 인간미를 드러낸 것“이라고 말했다.
김 국무위원장이 자신의 롤 모델인 할아버지 김일성 국가 주석처럼 서양식 양복을 입고 나올 것이란 관측도 있었지만, 이변은 없었다.
지난 3월 말 중국 시진핑 중국 국가 주석을 만날 때 입었던 것과 같은 짙은 감색의 인민복을 입었다.
한 스타일리스트는 “본인 패이스를 유지할 수 있는 옷을 택했다.
한마디로 실수 없이 대화하고 싶다는 것“이라는 것이다.
정 교수도 “갑자기 의상에 파격적인 변화를 주면 회담의 초점이 흐려질 수 있다는 우려가 있었을 것이다.
언론의 시선이 옷에만 갈 수 있기 때문“이라고 말했다.
“대신 밝은 표정과 미소 등으로 내심을 드러낸 것 같다“고 설명했다.
잇어 “김정은 국무위원장 입장에서는 한국인 앞에서 처음으로 자신을 공식적으로 드러내는 순간이다.
줄 무늬로 젊음을, 짙은 감색의 원단으로 신뢰할 만한 지도자라는 인상을 주려한 것 같다“고 덧붙였다.
두 정상의 바지도 주목 받았다.
문 대통령은 아랫단이 좁아지는 바지를 입었고, 김정은 국무위원장은 반대로 폭이 넓은 바지를 입었다.
한 스타일리스트는 “문 대통령은 마치 멋쟁이 이탈리아 남자처럼 보였다.
아랫단이 좁은 바지는 세련된 젊은이들이 흔히 즐겨 입는 바지다“라며 31살이라는 두 정상의 나이 차를 염두에 둔 복장으로 봤다.
반대로 김 국무위원장의 폭이 넓은 바지는 “성숙한 면을 드러내는 것“이라고 정 교수는 말한다.
패션을 통해서도 차이를 좁혀 보려는 의지가 두 사람에게 보인다고 이들 전문가들은 분석한다.",32,1752
iks_doc_2018_hankyoreh_030,Hankyoreh 2018 total annotated text file unicode.txt,Hankyoreh,한겨레,2018,2018_multi_summit,'배려' 문 대통령 '화통' 김 위원장 케미 돋은 두 정상 화법 2018 남북 정상회담 문재인 대통령/김정은 위원장 오전 대화 재구성해 보니,,"신중한 화법으로 잘 알려진 문재인 대통령과, 화통한 화법의 김정은 북한 국무위원장.
전혀 다른 캐릭터를 가진 두 정상이지만 '평화'이라는 하나의 목표를 눈앞에 둔 만큼 대화는 물 흐르듯 이어졌다.
남북 정상회담이 열린 27일 오전, 영상과 윤영찬 청와대 국민 소통 수석의 브리핑을 통해 전달된 두 정상의 환담 내용을 대화록으로 재구성했다.
# 군사 분계선에서의 첫 인사 김 위원장: 안녕하십니까.
문 대통령 예, 어서 오셔요.
오시는 데 힘들지 않았습니까?
김 위원장: 뭐, 정말 마음 설렘가 그치지 않고요.
이 역사적인 장소에서 만나니까, 또 대통령께서 이렇게 분계선까지 나와서 맞이해 주시니 정말 감동스럽습니다.
문 대통령: 여기까지 온 것ㄴ 위원장님의 아주 큰 용단이었습니다.
김 위원장: 아이, 아닙니다.
문 대통령: 역사적인 순간을 맞이하고 있습니다.
김 위원장: 반갑습니다.
문 대통령: 이쪽으로 오실까요?
(김 위원장, 군사 분계선 남쪽으로 이동) 문 대통령: (김 위원장께선) 남측으로 오셨는데 저는 언제쯤 (북쪽으로) 넘어 갈 수 있겠습니까?
김 위원장: 그럼 지금 넘어 가 볼까요?
(두 정상, 군사 분계선 넘었다가 다시 건너 옴) # 의장대 사열 전후 문 대통령: 외국 (손님들)도 전통 의장대를 좋아합니다.
그런데 오늘 보여 준 전통 의장대는 약식이라 아쉽습니다.
청와대로 오시면 훨씬 좋은 장면을 보여 드릴 수 있습니다.
김 위원장: 아, 그렇ㄴ가요.
대통령께서 초청해 주시면 언제라도 청와대에 가겠습니다.
김 위원장: (사열을 마친 뒤) 오늘 이 자리에 왔다가 사열을 끝나고 돌아가야 하는 분들이 있습니다.
문 대통령: 그럼 가시기 전에 남북 공식 수행원 모두 기념으로 사진을 함께 찍었으면 좋겠습니다.
# 평화의 집 입구 김 위원장: (벽면에 걸린 민정기 화백의 <북한산> 그림을 가리키며) 이것ㄴ 어떤 기법으로 그린 것입니까?
문 대통령: 서양환데, 우리 동양적 기법으로 그린 것입니다.
# 평화의 집 환담장 문 대통령: (환담장 벽에 걸린 김중만 작가의 <훈민정음> 작품을 소개하며) 이 작품은 세종대왕이 만드신 훈민정음의 글씨를 작업한 것입니다.
여기에 보면 '서로 사맛디'는 우리말로 '서로 통한다'는 뜻이고, 글자에 미음이 들어가 있습니다.
'맹가노니'는 ‘만들다’라는 뜻입니다.
거기에 'ㄱ(기역)'을 특별하게 표시했습니다.
서로 통하게 만들ㄴ다는 뜻이고, '사맛디'의 'ㅁ(미음)'은 문재인의 미음, '맹가노니의' 'ㄱ(기역)'은 김 위원장의 기역입니다.
김 위원장: (웃음) 세부에까지 마음을 썼습니다.
문 대통령: 여기까지 어떻게 오셨습니까?
김 위원장: 새벽에 차를 이용해 개성을 거쳐 왔습니다.
대통령께서도 아침에 일찍 출발 하셨겠습니다.
문 대통령: 저는 불과 52km 떨어져 있어 한 시간 정도 걸렸습니다.
김 위원장: 대통령께서 우리 때문에 NSC(국가안보회의)에 참석하시느라 새벽 잠을 많이 설쳤다는데, 새벽에 일어나는 것이 습관이 되셨겠다.
(웃음) 문 대통령: 김 위원장께서 우리 특사단이 갔을 때 선제적으로 말씀을 주셔서 앞으로 발 뻗고 자겠습니다.
김 위원장: 대통령께서 새벽 잠을 설치지 않도록 제가 확인하겠습니다.
불과 200미터(m)를 오면서 왜 이리 멀어 보이었을까, 또 왜 이리 어려웠을까 생각했습니다.
원래 평양에서 문 대통령님을 만날 줄 알았는데 여기서 만난 것이 더 잘됐습니다.
대결의 상징인 장소에서 많은 사람들이 기대를 가지고 보고 있습니다.
오면서 보니 실향민들과 탈북자, 연평도 주민 등 언제 북한 군의 포격이 날아 오지 않을까 불안해하던 분들도 오늘 우리 만남에 기대를 가지고 있는 것을 봤습니다.
이 기회를 소중히 해서 남북 사이에 상처가 치유되는 계기가 됐으면 좋겠습니다.
분단 선이 높지도 않은데 많은 사람들이 밟고 지나다 보면 없어지지 않겠습니까.
문 대통령: 청와대에서 오는데 도로변에 많은 주민들이 환송을 해 줬습니다.
그만큼 오늘 우리 만남에 대한 기대가 큽니다.
대성동 주민들도 다 나와서 함께 사진을 찍었습니다.
우리 어깨가 무겁습니다.
오늘 판문점을 시작으로 평양과 서울, 제주도, 백두산으로 만남이 이어졌으면 좋겠습니다.
문 대통령: (환담장 내 <장백폭포>, <성산 일출봉> 그림을 가리키며) 왼쪽에는 장백폭포 그림이 있고, 오른쪽에는 제주도 성산 일출봉 그림이 있습니다.
김 위원장: 문 대통령께서 백두산에 대해 저보다 더 잘 아시는 것 같습니다.
문 대통령: 저는 백두산을 가 본 적이 없습니다.
그런데 중국 쪽으로 백두산을 가는 분들이 많습니다.
저는 북측을 통해서 꼭 백두산에 가 보고 싶습니다.
김 위원장: 문 대통령이 오시면 솔직히 걱정스럽ㄴ 것이 우리 교통이 불비해서 불편을 드릴 것 같습니다.
평창올림픽에 갔다 온 분들이 말하는데 평창 고속 열차가 다 좋다고 합니다.
남측의 이런 환영에 있다가 북에 오면 참으로 민망스럽ㄹ 수 있겠습니다.
우리도 준비해서 대통령이 오시면 편히 모실 수 있게 하겠습니다.
문 대통령: 앞으로 북측과 철도가 연결되면 남북이 모두 고속 철도를 이용할 수 있습니다.
이런 것이 6.15, 10.4 합의서에 담겨 있는데 10년 세월 동안 그리 실천하지 못하았습니다.
남북 관계가 완전히 달라져 그 맥이 끊어진 것이 한스럽습니다.
김 위원장께서 큰 용단으로 10년 동안 끊어졌던 혈맥을 오늘 다시 잇었습니다.
김 위원장: 기대가 큰 만큼 회의적인 시각도 있습니다.
큰 합의를 해 놓고 10년 이상 실천을 못 했습니다.
오늘 만남도 그 결과가 제대로 되겠나느라는 하는 회의적인 시각도 있습니다.
짧게 걷어 오면서 정말 11년이나 걸렸나, 라고 생각을 했습니다.
그런 우리가 11년 간 못한 것을 100여 일 만에 줄기차게 달려 왔습니다.
굳은 의지로 함께 손 잡고 가면 지금보다야 못해질 수 있겠습니까.
대통령님을 제가 여기서 만나면 불편하지 않을까 생각했는데 그래도 친서와 특사를 통해 사전에 대화를 해 보니 마음이 편합니다.
서로에 대한 신뢰와 믿음이 중요합니다.
문 대통령: (김여정 조선노동당 중앙 위원회 부부장을 가리키며) 김 부부장은 남쪽에서는 아주 스타가 됐습니다.
(일동 웃음) 문 대통령: 오늘의 주인공은 김 위원장과 접니다.
과거의 실패를 거울 삼아 잘 할 것입니다.
과거에는 정권 중간이나 말에 늦게 합의가 이루어져 정권이 바뀌면 실천이 이루어지지 않았습니다.
제가 (대통령 임기를) 시작한 지 이제 1년 찹니다.
제 임기 내에 김 위원장의 신년사에서 오늘에 이르기까지 달려 온 속도를 계속 유지했으면 좋겠습니다.
김 위원장: 김여정 부부장의 부서에서 '만리마 속도전'이라는 말을 만들었는데, 남과 북의 통일의 속도로 삼읍시다.
(일동 웃음) 임종석 남북정상회담 준비 위원장: 살얼음 판을 걸을 때 빠지지 않으려면 속도를 늦춰서는 안 된다는 말이 있습니다.
문 대통령: 과거를 돌아봤을 때 가장 중요한 것은 속돕니다.
김 위원장: 이제 자주 만납시다.
이제 마음 단단히 굳게 먹고 다시 원점으로 오는 일이 없어야겠습니다.
기대에 부응해 좋은 세상을 만들어 봅시다.
앞으로 우리도 잘하겠습니다.
문 대통령: 북측에 큰 사고(중국 관광 버스 전복 사고)가 있었다고 들었습니다.
수습하시느라 고생이 많았겠습니다.
김 위원장께서 직접 나서 병원에 들러 위로도 하시고, 특별 열차까지 배려했다는 얘기를 들었습니다.
김 위원장: 대결의 역사에 종지부를 찍자고 왔고, 우리 사이에 걸리는 문제들에 대해 대통령님과 무릎을 맞대고 풀려고 왔습니다.
꼭 좋은 앞 날이 올 것이라는 확신을 갖게 됐습니다.
문 대통령: 한반도의 문제는 우리가 주인입니다.
그러면서도 세계와 함께 가는 우리 민족이 돼야 합니다.
우리 힘으로 이끌고 주변국들이 따라올 수 있도록 해야 합니다.
# 정상회담 오전 회동 머리 발언 김 위원장: 200미터(m) 되는 짧은 거리를 오면서 아까 말씀 드렸지만 군사 분계선을 넘어서면서 보니까 그 분리 선도 사람이 넘기 힘들ㄴ 높이로 막힌 것도 아니고, 너무나 쉽게 넘어 온 역사적인 이 자리까지 11년이 넘었는데, 오늘 걷어 오면서 보니끼 왜 그 시간이 이렇게 오래였나, 왜 이렇게 오기 힘들었나 하는 생각이 들었습니다.
역사적인 이 자리에서 기대하시는 분들도 많고 지난 시기처럼 아무리 좋은 합의나 글이 나와도, 발제돼도 제대로 이행되지 못하면 이런 만남을 가지고도 좋게 발전하지 못하면 기대를 품었던 분들한테 낙심을 주지 않겠나 합니다.
앞으로 마음가짐을 잘하고 우리가 잃어 버린 11년 세월이 아깝지 않을 정도로, 아까 말씀 드린 것처럼 수시로 만나서 걸린 문제를 풀어 나가고 마음을 합치고 의지를 모아서 그런 의지를 가지고 나가면, 잃어 버린 11년이 아깝지 않게, 우리가 좋게 나가지 않겠나, 이런 생각도 하면서 정말 만감이 교차하는 속에서 한 200미터를 걸어 왔습니다.
오늘 이 자리에서 평화와 번영, 북남 관계가 새롭ㄴ 역사가 써지는 순간에 출발점에 서서 출발 신호탄을 쏜다는 그런 마음가짐을 가지고 여기 왔습니다.
오늘 관심사 되는 문제들 툭 터 놓고 이야기하고, 좋은 결과를 만들어 내고, 이 자리를 빌려서 우리가 지난 시기처럼 원점에 돌아가고 이행하지 못하고, 이런 결과보다는 앞으로 마음가짐을 잘하고, 앞으로 미래를 내다보면서 지향성 있게 손 잡고 걸어 나가는 계기가 돼서 기대하시는 분들의 기대에도 부응하고 결과가 좋아서(만족했으면 합니다).
오기 전에 보니까 오늘 저녁에 만찬 음식 가지고 많이 얘기하는데, 어렵사리 평양에서부터 평양냉면을 가지고 왔습니다.
가지고 왔는데 대통령께서 편한 마음으로 평양냉면, 이것이 멀리서 온.
멀다고 말하면 안 되겠구나.
(웃음) 좀 맛있게 드셨으면 좋겠습니다.
오늘 정말 허심탄회하게, 진지하게, 솔직하게, 이런 마음가짐으로 문재인 대통령님과 좋은 이야기를 하고, 또 반드시 필요한 이야기를 하고, 그래서 좋은 결과를 만들어 내겠다는 것ㄹ 문재인 대통령 앞에도 말씀 드리고, 기자 여러분들한테도 말씀 드립니다.
감사합니다.
(박수) 문 대통령: 오늘 우리 만남을 축하하듯이 날씨도 아주 화창합니다.
우리 한반도에 봄이 한창입니다.
한반도의 봄, 온 세계가 주목을 하고 있습니다.
전 세계의 눈과 귀가 여기 판문점에 쏠려 있습니다.
우리 남북의 국민들, 또 해외 동포들이 거는 기대도 아주 큽니다.
그만큼 우리 두 사람의 어깨가 무겁다고 생각합니다.
우리 김정은 위원장이 사상 최초로 군사 분계선을 넘어 오는 순간, 이 판문점은 분단의 상징이 아니라 평화의 상징이 됐습니다.
우리 국민들, 또 전 세계의 기대가 큰데, 오늘의 이 상황을 만들어 낸 우리 김정은 위원장의 용단에 대해서 다시 한 번 경의를 표하고 싶습니다.
우리 오늘 대화도 그렇게 통 크게 대화를 나누고, 또 합의에 일러서 우리 온 민족과 평화를 바라는 이 세계 모든 사람들에게 큰 선물을 만들어 줬으면 좋겠습니다.
오늘 하루 종일 이야기할 수 있는 시간이 있는 만큼 10년 동안 못다 한 이야기 오늘 충분히 나눌 수 있기를 바랍니다.
(일동 웃음) # 정상회담 오전 회동 마무리 발언 김 위원장: 내가 말씀 드리자면 고저 비행기로 오시면 제일 편안하시니까.
우리 도로라는 것이, 아까도 말씀 드렸지만 불편합니다.
제가 오늘 내려와 보니까 이제 오시면 이제 공항에서 영접 의식을 하고 이렇게 하면, 잘될 것 같습니다.
문 대통령: 그 정도는 또 남겨 놓고 닥쳐서 논의하는 맛도 있어야지요.(웃음) 김 위원장: (웃음) 오늘 여기서 다음 계획까지 다 할 필요는 없지요.
문 대통령: 오늘 아주 좋은 논의를 많이 이뤄서, 우리 남북의 국민들에게, 전 세계 사람들에게 아주 좋은 선물이 될 것 같습니다.
김 위원장: 많이 기대하셨던 분들한테 물론 이제 시작에, 빙산의 일각에 지나지 않겠지만 우리 오늘 첫 만남과 오늘 이야기된 것이 발표되고 하면, 기대하셨던 분들이 조금이나마 기대에 만족을 드렸으면 하는 바람입니다.
문 대통령: 자.
김 위원장: 감사합니다.
문 대통령: 오후에 식수 행사하고, 짧은 시간이어도 대화할 시간이 있을 것 같습니다.
김 위원장: 수고 많으셨습니다.
오후에 뵙겠습니다.",122,5866
iks_doc_2018_hankyoreh_031,Hankyoreh 2018 total annotated text file unicode.txt,Hankyoreh,한겨레,2018,2018_multi_summit,"'바람이 불어 오는' 판문점 만찬에 김정숙 리설주 온다 오후 6시 30분 평화의 집에서 진행 남쪽, 공식 수행원 추미애 대표 등 34명 북쪽, 김영남 김여정 김영철 등 26명 ‘반갑습니다’ '서울에서평양까지' 공연",,"문재인 대통령 부부와 김정은 북한 국무위원장 부부의 27일 저녁 공식 만찬에는 공식 수행원 외에 남쪽에서 가수 조용필, 북쪽에서 현송월 삼지연관현악단 단장 등이 대거 참석한다고 청와대가 발표했다.
김의겸 청와대 대변인은 이날 오후 2시 30분 경기 고양 킨텍스에 마련된 2018 남북정상회담 메인 프레스 센터에서 브리핑을 통해 이렇게 밝혔다.
만찬은 정상회담이 이루어진 판문점 평화의 집 3층에서 이날 오후 6시 30분 시작한다.
만찬에는 남쪽에서 문 대통령과 부인 김정숙 여사를 포함해 모두 34명이 참석한다.
공식 수행원인 임종석 남북정상회담 준비 위원장, 정의용 청와대 국가 안보실장, 서훈 국가정보원장, 조명균 통일부 장관, 송영무 국방부 장관, 강경화 외교부 장관 외에도 정치권에서 더불어민주당 추미애 대표와 우원식 원내 대표, 민주평화당 박지원 의원이 참석한다.
도종환 문화 체육 관광부 장관과 김현미 국토 교통부 장관도 참석하며, 박용만 대한상의 회장, 임동원 정세현 이종석 전 통일부 장관, 문정인 대통령 통일 외교 안보 특보, 김연철 통일연구원장도 함께한다.
이달 초 예술단으로 평양을 방문했던 가수 조용필씨와 윤도현씨도 자리한다.
북쪽에서는 김 위원장과 부인 리설주 여사 등 모두 26명이 만찬에 참석한다.
김영남 최고인민회의 상임 위원장, 김여정 당 중앙위 제1 부부장, 김영철 노동당 중앙위 부위원장, 현송월 삼지연관현악단장 등이 참석한다.
이날 오전 공식 수행원으로 환영식에 참석했던 9명 가운데 리명수 북한 인민군 총참모장과 박영식 인민 무력상, 리용호 외무상은 북한으로 돌아가 만찬에는 참석하지 않는다고 청와대는 밝혔다.
북쪽에서는 이들 참석자 외에도 공연을 위해 가수와 배우, 연주자 등 11명도 추가로 판문점으로 내려온다.
김의겸 대변인은 “오늘 만찬 참석자들은 주로 남쪽을 방문한 경험이 있어 우리 쪽과 친숙한 사람이거나 김정은 위원장을 가까이서 핵심적으로 보조하는 인물로 구성됐다“고 말했다.
만찬은 해금과 북쪽의 대표 악긴 옥류금의 합주로 시작할 예정이다.
첫 번째 곡은 남쪽에도 익숙한 북한 노래 <반갑습니다>이고, 두 번째로는 가수 신형원의 <서울에서평양까지>를 연주한다.
김 대변인은 “평창 동계 올림픽을 통해 맑고 투명한 소리로 잘 알려진 제주의 초등 학생 오연준 군이 고 김광석의 <바람이불어오는곳>을 부른다“고 설명했다.
강은일 선생이 해금 연주를 맡는다.
만찬에서는 문 대통령의 건배사와 김 위원장의 답사 및 건배 제의가 이루어진다.
만찬 사회는 고민정 청와대 부대변인이 맡는다.
만찬 디저트로는 독도를 포함한 한반도 모양 초콜렛이 올려진 망고 무스가 준비됐는데, 두 정상이 자리에서 일어나 함께 나무 망치로 이 요리를 감싸고 있는 원형 돔을 깨는 이벤트가 진행될 예정이다.
만찬 뒤에는 두 정상 부부가 평화의 집 밖으로 나와 환송 공연을 끝으로 역사적인 하루를 마무리할 예정이다.",20,1416
iks_doc_2018_hankyoreh_032,Hankyoreh 2018 total annotated text file unicode.txt,Hankyoreh,한겨레,2018,2018_multi_summit,"리설주 만찬 참석 남북 정상 부부 사상 첫 만난다 리설주, 만찬서 김정숙 여사와 만남, 어떤 모습 보여 줄지 관심 지난달 김정은 위원장 방중 때 동행 퍼스트 레이디 역할 최고 악단 가수 출신 2005년 응원단으로 남한 방문도",,"남북정상회담 참석 여부가 베일에 가려 있던 김정은 북한 국무위원장의 부인 리설주 여사가 27일 판문점 평화의 집 3 층에서 열리는 남북정상회담 만찬에 참석한다.
문재인 대통령의 부인 김정숙 여사도 만찬에 참석할 예정이어서, 문 대통령과 김 위원장의 첫 만남에 잇어 남북 정상 아내들도 이번에 처음 얼굴을 마주하게 된다.
성악을 전공한 김 여사와 가수 출신인 리 여사는 '음악'이라는 연결 고리를 가지고 있다는 점이 눈에 띈다.
윤영찬 청와대 국민 소통 수석은 이날 오후 판문점 자유의 집에 차려진 프레스 센터에서 브리핑을 통해 “리설주 여사는 오후 6시 15분경 판문점에 도착한다.
문재인 대통령과 김정숙 여사, 김정은 위원장과 리설주 여사는 평화의 집에서 잠시 환담한 뒤 만찬에 참석할 예정“이라고 밝혔다.
리 여사의 정상회담 참석 여부는 이날 오후 2시 30분 윤 수석 발표 때까지 철저히 감춰져 있었다.
이 때문에 오전 정상회담 뒤 북측으로 돌아갔던 김 위원장이 오찬 후 다시 군사 분계선을 건너 올 때 리 여사가 동행할 것이란 추정, 또는 오후 정상회담 뒤 있을 만찬에 '깜짝 등장'할 것이란 관측 등이 난무했다.
결국 환영 만찬에 참석하는 것으로 발표된 리 여사의 동행은 외부 노출을 꺼렸던 고 김정일 국방위원장 때의 부인과는 많이 다른 모습이다.
북한도 여느 나라와 다름없이 '퍼스트 레이디'가 활동하는 정상 국가라는 점을 전 세계에 보이려는 의도로 풀이된다.
특히 리 여사가 판문점에서 김정숙 여사와 사전 환담에 잇어 만찬에도 참석하게 되면서, 남북 정상의 '퍼스트 레이디'들이 서로 어떤 대화를 나눌지도 관심이다.
리 여사는 1989년생(만 29살)이며, 아버지는 공군 조종사였던 것으로 알려져 있다.
리 여사는 북한 최고 악단인 은하수관현악단과 모란봉6중창단의 가수 출신이다.
이후 2010년 9월 당 대표자 대회를 통해 신설된 당 중앙 위원회 부위원장으로 임명되면서 공식적으로 등장한 김정은 위원장과 2011년~2012년 사이에 결혼하면서 가수 생활을 접은 것으로 전해졌다.
리 여사는 10대 땐 지난 2005년 제16회 인천아시아육상경기선수권대회 때 북측 청년학생협력단 일원으로 와 응원할 당시 남측 카메라에 잡히기도 했다.
리 여사는 지난 2012년부터 김 위원장의 팔짱을 끼고 릉라인민 유원지 준공식에 참석하는 등 김 위원장과의 공개 활동에 자주 모습을 드러냈다.
특히 지난달 25~28일 김 위원장의 중국 방문에 동행해 시진핑 중국 국가 주석의 부인 펑리위안 여사의 '카운터 파트' 역할을 수행하며 정상 국가의 퍼스트 레이디 모습을 보여 주목 받기도 했다.
임종석 서훈 김여정 김영철 정상회담 2명씩만 배석한 이유 수행원 9명 중 실제 배석자는 2명씩 “의전보다는 내실 집중“해석 서훈 김영철, 두 정상 사실상 대리인 임종석, 문재인 정부 총괄 조정자 김여정, 국정 운영 전반 보좌역 수행 27일 판문점 평화의 집 2 층 정상회담용 타원형 탁자에는 2018를 사이에 두고 문재인 대통령과 김정은 북한 국무위원장이 정중앙에 앉았다.
문 대통령 왼쪽에 남북정상회담 준비 위원장인 임종석 비서실장이, 오른쪽엔 서훈 국가정보원장이 배석했다.
김 위원장의 왼쪽에 동생이기도 한 김여정 노동당 부부장이, 오른쪽엔 김영철 노동당 부위원장 겸 통일전선부장이 배석했다.
양쪽의 공식 수행원이 각 9명씩인 사실을 고려하면 단출한 편제다.
회담 사정에 밝은 소식통은 “두 정상이 의전적 구색보다 내실에 집중하겠다는 뜻으로 보인다“고 말했다.
서훈 원장과 김영철 부장의 배석은 예상 가능한, 당연한 선택이다.
서훈/김영철 짝은 평창 올림픽에서 남북정상회담에 이르는 남북 관계의 극적 개선 과정에서 남과 북 두 정상의 사실상 대리인으로 물밑 협상을 벌인 핵심 측근이다.
'서훈/김영철 짝'은 이번 회담의 합의문 초안 조율 창구였던 것으로 전해졌다.
서훈 원장은 1~3차 남북정상회담에서 모두 중요한 구실을 한 자타 공인 최고의 북한 전문가다.
김 부장은 1990년대 초반 남북고위급회담 때부터 회담 대표로 참여하는 등 북쪽의 대표적 대남 전문가다.
더구나 둘은 마이크 폼페이오 미국 국무 장관의 극비 방북과 김정은 위원장 면담을 주선 성사시킨 막후 주역으로 알려져 있다.
주무 장관이자 역시 대북 전문간 조명균 통일부 장관 대신 서훈 원장이 배석한 데에는 이런 사정이 작용한 것으로 볼 수 있다.
임종석 실장의 배석은 당연한 측면과 뜻 밖의 측면이 섞여 있다.
2007년 정상회담 때 정상회담 준비 위원장을 맡은 문재인 당시 대통령 비서실장은 방북하지 않고 서울을 지켰다.
이번 회담이 사실상 남쪽 주최로 판문점 남쪽 지역에서 열린다는 점을 고려한 선택일 수 있다.
하지만 그보다는 문재인 정부에서 임 실장이 차지하는 총괄 조정자로서의 위상이 배석의 핵심 이유라고 보는 것이 타당할 것이라는 것이 소식통의 지적이다.
가장 주목할 배석자는 김여정 부부장이다.
김 부부장은 평창 특사단으로 방남해 문 대통령을 예방했고, 방북한 서훈 정의용 특사단의 김 위원장 면담 때 김영철 부장과 함께 배석한 '유이한 인물'이다.
이런 사정 탓에 김 부부장이 배석하리라는 예상이 적지 않았다.
다만 '부부장'이란 대외적 직함과 무관하게 이번 배석을 통해 김여정 부부장이 사실상 김정은 위원장의 국정 운영 전반을 보좌하는 비서실장 노릇을 하고 있으리라는 관측이 더욱 힘을 얻을 전망이다.
앞으로 남북 관계를 포함해 김정은 위원장의 대외 행보에서 김여정 부부장의 구실이 더 커지리라고 정부 관계자와 전문가들은 예상했다.
김정은, 탈북자 연평 주민 이례적 언급 “상처 치유 계기되길“윤영찬 수석이 전한 남북 정상 대화 내용 김 위원장 북쪽 도로 교통 불편함 솔직하게 인정 “우리 교통 불편 준비해서 오시면 편히 모시겠다“판문점 평화의 집에서 27일 열린 2018 남북정상회담에서 북한 김정은 국무위원장이 보여 준 모습은 '솔직함' 그 자체였다.
27일 윤영찬 청와대 국민 소통 수석은 판문점 자유의 집에서 마련된 브리핑실에서 정오 브리핑을 진행하며 김 위원장과 문재인 대통령의 대화 내용을 전했다.
윤 수석의 말을 들어 보면 김 위원장은 문 대통령과의 대화에서 상당히 솔직한 발언을 하는 등 소탈한 모습을 보였다.
문 대통령이 먼저 “나는 백두산을 가 본 적이 없다.
그런데 중국 쪽으로 백두산을 가는 분들이 많더라.
나는 북측을 통해서 꼭 백두산에 가 보고 싶다“라고 말하자, 김 위원장은 “문 대통령이 오시면 솔직히 걱정스럽ㄴ 것이 우리 교통이 불비해서(제대로 갖춰져 있지 않아서) 불편을 드릴 것 같다“고 답했다고 전해진다.
실제로 지난 22일 오후 북한 황해북도에서 중국 관광객들이 탄 버스가 전복돼 중국인 32명과 북한 주민 4명이 숨지고, 중국인 2명이 중상을 입는 큰 사고가 발생했다.
김 위원장은 잇어 “최근 평창올림픽에 갔다 온 분들이 말하는데 평창 고속 열차가 다 좋다고 하더라“며 “남측의 이런 환경에 있다가 북에 오면 참으로 민망스럽ㄹ 수 있겠다.
우리도 준비해서 대통령이 오시면 편히 모실 수 있게 하겠다“고 말했다고 윤 수석은 밝혔다.
김 위원장의 특사 자격으로 지난 평창 겨울 올림픽 기간 남쪽을 방문한 김여정 당 중앙위 제1 부부장 등 방남 인사들을 통해 들은 남쪽의 교통 발전 상황을 칭찬하면서도 도로 사정이 상대적으로 좋지 않은 평양 상황을 지적하며 문 대통령을 모시기 부끄럽다는 마음을 직접적으로 표현한 것이다.
한편, 윤 수석은 김 위원장이 “(평양에서 판문점까지) 오면서 보니 실향들과 탈북자, 연평도 주민 등 언제 북한 군의 포격이 날아 오지 않을까 불안해하던 분들도 오늘 우리 만남에 기대를 가지고 있는 것을 봤다“며 “이 기회를 소중히 해서 남북 사이에 상처가 치유되는 계기가 됐으면 좋겠다.
분단 선이 높지도 않은데 많은 사람들이 밟고 지나다 보면 없어지지 않겠느냐“고 말했다고도 전했다.
북한 최고 지도자가 직접 탈북자, 접경 지역 주민의 불안한 심정을 헤아리는 발언을 한 것은 상당히 이례적이다.
그동안 북한 언론이 탈북자들을 “인간 쓰레기“라고 부르는 등 이들의 존재를 인정하지 않는 듯한 모습을 보였다.
그런데 김 위원장이 특히 이들에 대해 언급하고, 이들의 걱정까지 이해하고 있다는 식으로 말한 것은 김 위원장의 성격이 상당히 솔직하다는 것을 보여 준다.
김 위원장이 특히 실향민, 탈북자, 연평도 주민이 북한 군의 포격이 날아 올까 불안해 한다는 식으로 표현한 것도 의미가 있다.
현재 남북이 처한 현실을 솔직하게 인정하고 개선 의지를 보였기 때문이다.
실제로 정의용 청와대 국가 안보실장은 지난 3월 5 6일 평양을 방문해 김 위원장과 면담한 내용을 전하며 “대화가 지속되는 동안 북측은 추가 핵 실험 및 탄도 미사일 시험 발사 등 전략 도발을 재개하는 일은 없을 것임를 명확히 했다.
이와 함께 북측은 핵무기는 물론 재래식 무기를 남측을 향해 사용하지 않을 것임를 확약했다“고 밝힌 바 있다.
사실상 김 위원장이 향후 남쪽을 향해 도발 등 군사적 긴장을 높이지 않을 것임를 재확인한 것이다.
이번 정상회담을 '상처가 치유되는 계기'로 만들고 싶다는 의지를 직접적으로 표현한 것도 향후 남북 관계가 대결 국면으로 가기보다는 현재 화해 국면을 유지하자는 취지의 발언으로 읽힌다.",58,4486
iks_doc_2018_hankyoreh_033,Hankyoreh 2018 total annotated text file unicode.txt,Hankyoreh,한겨레,2018,2018_multi_summit,한반도에 부는 훈풍 '남북 셔틀 정상회담' 가시권? 두 정상 전통 의장대와 행사장 걷어 가며 문재인 “청와대 오시면 훨씬 좋은 장면“김정은 “초청해 주시면 언제라도 가겠다“문 대통령 “북측 통해 꼭 백두산 가고 싶어“김 위원장 “공항에서 영접하면 잘될 것“,,"27일 첫 회담에서 문재인 대통령과 김정은 북한 국무위원장은 앞으로 남북으로 오가며 '셔틀 남북정상회담'을 열겠다는 의지를 드러냈다.
문 대통령이 지속적으로 강조해 왔던 남북정상회담 정례화가 이번 회담에서 합의될 가능성이 높아졌다.
이는 이날 오전 두 정상 간 오간 대화의 내용을 윤영찬 청와대 국민 소통 수석이 브리핑에서 밝히면서 가시화됐다.
윤 수석의 설명에 따르면 문 대통령은 김 위원장과 전통 의장대의 의전을 받으며 환영 행사장으로 향하던 중 김 위원장에게 “외국 사람들도 우리 전통 의장대를 좋아한다.
그런데 오늘 보여 드린 전통 의장대는 약식이라 아쉽다“며 “청와대에 오시면 훨씬 좋은 장면을 보여 드릴 수 있다“고 말했다.
김 위원장은 “아, 그렇ㄴ가요.
대통령께서 초청해 주시면 언제라도 청와대에 가겠다“고 답했다.
문 대통령은 김 위원장을 청와대로 초청하고, 김 위원장은 이를 수락하는 모양새다.
문 대통령은 방북 의지도 내비쳤다.
이번엔 평화의 집 1층 환담장 앞에 걸린 백두산 장백폭포 등을 담은 그림을 소개할 때였다.
설명을 듣던 김 위원장은 “문 대통령께서 백두산에 대해 나보다 더 잘 아시는 것 같다“고 말했다.
문 대통령은 “나는 백두산을 가 본 적이 없다“면서 “그런데 중국을 통해 백두산을 가는 분들이 많더라.
나는 북측을 통해 꼭 백두산에 가 보고 싶다“고 말했다고 한다.
김 위원장은 한 발 더 나아갔다.
김 위원장은 “문 대통령이 오시면 솔직히 걱정스럽ㄴ 것이 우리 교통이 불비해서 불편을 드릴 것 같다“면서도 “우리도 준비해서 대통령이 오시면 편히 모실 수 있게 준비하겠다“고 말했다.
김 위원장 역시 문 대통령의 방북을 환영한다는 뜻으로 받아들일 수 있는 대목이다.
두 정상이 다시 만날 수 있다는 예측을 낳은 장면은 또 있다.
오전 회담 마무리 발언에서 김 위원장은 “말씀 드리자면 고저 비행기로 오시면 제일 편안하시니까, 우리 도로라는 것이 아까도 말씀 드렸지만 불편하다“며 “제가 오늘 내려와 보니까 이제 오시면 이제 공항에서 영접 의식을 하고 이렇게 하면 잘 될 것 같다“고 말했다.
문 대통령은 “그 정도는 또 남겨 놓고 닥쳐서 논의하는 맛도 있어야지요“라며 웃었고, 이에 김 위원장도 “오늘 여기서 다음 계획까지 다 할 필요는 없지요“라고 말했다.
구체적으로 영접 행사를 언급하고, 이를 “다음 계획“이라고 표현한 것을 볼 때 실제 이날 회담에 앞서 남북 양쪽이 어느 정도 다음 정상회담 개최에 대한 공감대를 이룬 것이 아니냐는 관측도 가능하다.
김 위원장은 “아까 말씀 드린 것처럼 정말 수시로 만나서 걸리는 문제를 풀어 나가고 마음을 합치고 의지를 모아서 그런 의지를 갖고 나가면 우리가 잃어 버린 11년이 아깝지 않게 우리가 좋게 나가지 않겠나 그런 생각도 하면서 정말 만감이 교차하는 속에서 한 200m를 걸어 왔다“고 말했다.",21,1391
iks_doc_2018_hankyoreh_034,Hankyoreh 2018 total annotated text file unicode.txt,Hankyoreh,한겨레,2018,2018_multi_summit,"남북 정상, 똑같이 벤츠/마이바흐 이용 특수 제작된 방탄 리무진 문 대통령, 취임식 동남아 방문 때 이용 김 위원장, 중국 방문 때 이용했던 경호 차",,"남북 정상이 27일 역사적인 남북 정상회담을 위해 이용한 차량은 독일 벤츠 자동차였다.
두 정상이 격을 맞추기 위해 비슷한 차종을 선택한 것으로 보인다.
김정은 북한 국무위원장은 이날 오전 회담을 마친 뒤 북측으로 이동할 때 벤츠를 이용했다.
벤츠 코리아 쪽은 이 차량이 '벤츠/마이바흐 S600 풀만 가드'로 추정된다고 밝혔다.
이 차량은 2016년 출시됐으며, 방탄차로 특수 제작된 리무진이다.
무게는 5톤에 가깝고 시가 8억~10 억 원으로 알려진다.
김 위원장은 지난달 베이징에서 시진핑 중국 국가 주석과 정상회담을 할 때도 이 벤츠 차량을 이용한 바 있다.
문재인 대통령이 이날 아침 청와대에서 판문점으로 이동할 때 탑승한 차량은 정확한 모델 명은 확인되지 않지만 지난해 5월 취임식 때 이용했던 '벤츠/마이바흐 S600 가드'로 추정된다.
문 대통령 전용차로는 에쿠스 스트레티지 에디션 차량과 제네시스 이큐(EQ)900 차량도 있지만, 이날은 벤츠를 이용했다.
문 대통령은 지난해 11월 동남 아시아 순방 때 이 벤츠 차량을 공수해서 이용했다.
이 차는 차량 바로 밑에서 15㎏의 티엔티(TNT)가 터지거나 총격을 받아도 끄떡없이 운행이 가능하다.
바퀴 4개가 모두 터져도 시속 80~100㎞로 달릴 수 있다.
방화 처리 역시 완벽에 가깝ㄹ 정도어서 바로 옆에서 화염 방사기를 쏴도 지장이 없다.
무게는 5.1 t나 나간다고 한다.
접경 지역 주민들 “우리는 하나다“응원 물결 고양 시민 200여 명 킨텍스서 '한반도 기 인간 띠 잇기' 행진 파주 임진각 관광지 관광객 주민 몰려 남북 평화 통일 기원 역사적인 남북정상회담이 열린 27일, 판문점 인근 경기도 고양, 파주 등 접경 지역은 온종일 주민들의 응원 열기로 뜨거웠다.
고양 지역 시민 사회 단체들은 이날 남북정상회담 메인 프레스 센터가 마련된 일산 킨텍스 일대에서 남북 평화와 통일을 염원하며 '한반도 단일기 인간 띠 잇기' 행사를 진행했다.
고양시민회 등 24개 시민 단체 회원과 더불어민주당, 정의당, 민중 당 등 각 정당의 지방 선거 후보 등 시민 200여 명은 오전 10시부터 가로 90cm, 세로 60cm 크기의 한반도 단일기 200여 장을 끈으로 연결해 킨텍스 1 전시장 주변 약 2.5㎞를 행진했다.
시민들은 “우리는 하나다““통일을 이루자“등 구호를 외치며 1시간 가량 행진한 뒤, 고양시새마을회 부녀 회원들이 마련한 '통일 비빔밥'을 나눠 먹으며 남북정상회담 성공을 기원했다.
최태봉 사단 법인 통일나무 사무국장은 “오늘은 우리끼리 통일 비빔밥을 나눠 먹지만 남북정상회담이 성공해 북한 주민들과도 비빔밥을 나눠 먹는 날이 하루 빨리 오길 바란다“고 말했다.
윤주한 '통일을이루는사람들' 이사장은 “고양은 당일에 개성으로 소풍을 다녀올 만큼 가깝ㄴ 곳“이라며 “자유롭게 남북을 넘나드는 세상이 속히 왔으면 좋겠다“고 말했다.
김봉진 고양시새마을회장은 “새마을회가 보수 단체로 낙인 찍혔는데, 남북 관계에 대해서는 좌우, 보수와 진보, 여야가 대승적으로 협조하고 한 목소리를 내는 것이 옳다고 본다“고 말했다.
고양시의 대표적 보수 진보 단첸 고양시새마을회와 고양시민회는 북한에 쌀을 보내기 위해 4년 전부터 4천여의 농경지에 벼 농사를 함께 지어 왔다.
그동안 남북 관계 악화로 수확한 쌀을 북한에 보내지 못하고 불우 이웃에 기증해 왔다.
임진각 관광지도 전국에서 몰려 온 관광객과 파주 주민들로 종일 북적댔다.
부산대학생겨레하나 회원 등 40여 명은 이날 버스를 타고 임진각에 도착해 트럭에 설치된 텔레비전으로 생중계되는 남북정상회담을 지켜 보며 “우리는 하나다“는 구호를 연호했다.
파주 지역 시민 사회 단체 회원들도 이날 오후 임진각에 모여 텔레비전 생중계를 보며 정상회담 성공을 응원했다.
노현기 파주빅뱅 홍보 팀장은 “파주 시민 단체들이 역량을 지방 선거 판 바꾸기에 쏟느라 (정상회담 관련)행사를 따로 준비하지는 못하았지만, 가만히 있을 수 없어 응원하러 나왔다“고 말했다.
한국기독교장로회 경기북노회 소속 목사 30여 명은 지난 26일 오후 8시부터 이날 오전 8시까지 판문점 인근인 파주시 탄현 면 온생명 교회에서 '남북 정상 평화 회담 성취 목회자 철야 기도회'를 진행했다.
목회자들은 “남북한 민족의 평화를 위해 남북 두 지도자들이 소명을 다하도록 기도했다“고 말했다.
한편, 태극기혁명국민운동 본부 등 보수 단체 회원들은 이날 임진각에서 남북정상회담 규탄 대회를 열고 “북한 정권과 손 잡는 정상회담에 반대한다“고 주장했다.",30,2199
iks_doc_2018_hankyoreh_035,Hankyoreh 2018 total annotated text file unicode.txt,Hankyoreh,한겨레,2018,2018_multi_summit,"문재인 “청와대 오시라“김정은 “초청하면 언제라도“윤영찬 수석, 두 정상 비공개 대화 브리핑 '역사적 상봉' 각본 없는 드라마 만들어",,"문재인 대통령과 김정은 북한 노동당 위원장이 처음 만난 27일 오전 9시 30분부터 두 정상은 사전에 조율되지 않았기에 더 감동적이었던, 각본 없는 드라마를 그려 냈다.
문 대통령이 의장대 사열을 소재로 담소를 나누다 김 위원장 초청 의사를 에둘러 밝히자 김 위원장은 “문 대통령께서 초청해 주시면 언제라도 청와대에 가겠습니다“라고 화답했다.
윤영찬 청와대 홍보 수석이 두 정상의 오전 회담이 끝난 뒤 판문점 자유의 집에 차려진 프레스 센터에서 전한 내용이다.
윤 수석은 “오늘 두 정상이 엠디엘(MDL 군사 분계선)에서 역사적인 만남을 시작한 이후부터 환담까지 비공개로 진행된 대화 내용을 말씀 드리겠다“고 브리핑을 시작했다.
윤 수석은 문 대통령이 군사 분계선을 넘게 된 사연부터 공개했다.
군사 분계선에서 김 위원장과 만나 악수를 나눈 문 대통령은 김 위원장과 “남쪽으로 오시는데, 나는 언제쯤 넘어 갈 수 있느냐“고 농담을 섞어 말을 건넸다고 한다.
그러자 군사 분계선을 넘어 남쪽으로 온 김 위원장이 “그럼 지금 넘어 가 볼까요?“라며 문재인 대통령의 손을 잡고 이끌었다는 것이다.
윤 수석은 “(그렇게 해서) 오늘 김 위원장과 문재인 대통령이 예정에 없던 군사 분계선 북쪽에서 사진을 찍게 됐다“고 말했다.
문 대통령과 김 위원장이 의장대 사열을 하는 도중, 문 대통령이 김 위원장을 청와대로 초청하고 싶다는 의사를 에둘러 밝히자 김 위원장은 이를 덜컥 수용했다.
문 대통령이 김 위원장과 같이 의장대 사열을 하면서 “외국 사람들도 우리 전통 의장대를 좋아한다.
그런데 오늘 보여 드린 전통 의장대는 약식이라 아쉽다.
청와대에 오시면 훨씬 좋은 장면을 보여 드릴 수 있다“고 완곡하게 초청 의사를 밝히자 김 위원장은 “아 그렇ㄴ가요, 대통령께서 초청해 주시면 언제라도 청와대에 가겠다“고 답했다고 한다.
김 위원장은 “문 대통령을 평양에서 만날 줄 알았는데 여기서 만나는 것이 더 잘됐다.
대결 상징인 장소에서 많은 사람들이 기대를 갖고 보고 있다.
이 기회를 소중히 해서 남북 사이 상처가 치유됐으면 좋겠다“고 말했다고 한다.
윤 수석이 전한 두 정상의 대화에서는, 김 위원장의 솔직하고 파격적인 화법도 여러 곳에서 등장한다.
문 대통령이 백두산을 화제로 올리며 북쪽을 가 보고 싶다고 하자 김 위원장은 “문 대통령이 오시면 걱정스럽ㄴ 것이 우리 교통이 불비해서 불편을 드릴 것 같다.
평창 올림픽 갔다 온 분들 말하는데 고속 열차가 좋다더라.
남쪽에 이런 환경에 있다가 북에 오면 민망스럽ㄹ 수 있겠다.
우리도 준비해서 대통령 오시면 편히 올 수 있도록 준비하겠다“고 말했다.
문 대통령은 “북쪽으로 철도가 연결되면 남북 모두 고속 철도를 이용할 수 있다.
6.15 선언에 담겨 있는데 10년 세월 간 실천하지 못하았다.
남북 관계가 달라져 그 맥이 끊어진 것이 한스럽다.
김 위원장의 큰 용단으로 10년 동안 끊어진 혈맥을 오늘 다시 잇었다“고 말했다.
북한의 핵 미사일 개발 이후 강도 높은 대북 제재가 지속되고 있는 가운데 경제 협력 분야는 이번 남북정상회담의 주요 의제로 오르지 못할 것이라는 전망이 지배적이었다.
두 정상은, 사전 환담장 앞 장백폭포와 성산 일출봉 그림을 소재로 담소를 나누다, 백두산 관광, 고속 철도 등 교통 인프라의 이야기까지 자연스럽게 꺼낸 셈이다.
두 정상은 민감한 안보 이슈마저 '농담'으로 녹여 버릴 정도로 여유가 있었다.
김 위원장이 먼저 “대통령께서 우리 때문에 엔에스시(NSC 국가안전보장 회의)에 참석하시느라 새벽 잠을 많이 설쳤다는데 새벽에 일어나는 것이 습관이 되셨겠다“고 웃으면 말했다.
문 대통령은 “김 위원장께서 우리 특사단이 갔을 때 선제적으로 말씀을 주셔서 앞으로 발 뻗고 자겠다“고 화답했다.",29,1828
iks_doc_2018_hankyoreh_036,Hankyoreh 2018 total annotated text file unicode.txt,Hankyoreh,한겨레,2018,2018_multi_summit,"유머, 개방, 파격 전 세계에 알린 '김정은 스타일'",,"'베일'에 쌓여 있던 김정은 국무위원장은 판문점 북쪽 건물인 판문각 문을 열어 젖히고 나온 순간부터, 정상회담이 비공개로 전환된 10시 22분까지 파격적이면서 자신감 있는 모습을 전 세계에 과시했다.
27일 오전 9시 28분께 판문각 계단을 천천히 내려온 김 위원장은 티2와 티3 사이 군사 분계선 앞에서 기다리던 문재인 대통령과 환하게 웃으며 반갑게 악수했다.
그는 문 대통령이 “오시는 데 힘들지 않았습니까“라며 맞이하자, “정말 마음 설렘가 그치지 않는다.
이 역사적인 장소에서 만나니까 또 대통령께서 이렇게 분계선까지 나와서 맞이해 주시니 정말 감동스럽다“고 화답했다.
잇어 김 위원장은 높이 5의 군사 분계선 턱을 넘어 남쪽으로 넘어 왔다.
북쪽 최고 지도자가 분단 이후 남쪽 땅을 밟은 것은 이번이 처음이다.
앞선 2000년과 2007년 정상회담은 모두 평양에서 열린 바 있다.
올해 4.27 정상회담 장소를 판문점 남쪽 평화의 집으로 정한 것도 김 위원장의 '결단'이었다.
남과 북을 향해 각각 사진 촬영을 마친 뒤 갑자기 김 위원장은 문 대통령에게 북쪽을 가리키며 '월경'을 제안했다.
북한 땅을 밟아 달라는 김 위원장의 권유에 두 정상은 사이좋게 두 손을 맞잡고 북쪽 군사 분계선을 넘었다가 돌아왔다.
회담장인 평화의 집에서도 김 위원장은 여유를 잃지 않았다.
그는 회담 모두 발언에서 “평화와 번영, 북남 관계의 새롭ㄴ 역사가 씌어지는 순간에 출발점에 서서, 신호탄을 쏜다는 마음가짐을 가지고 여기 왔다“며 “오늘 현안 문제들, 관심사 문제들을 툭 터 놓고 얘기하고 그래서 좋은 결과를 만들어 내자“고 제안했다.
특히 그는 정상회담 만찬 메뉴를 두고 “정치 색이 강하다“는 비판이 나온 것을 의식한 듯 “오늘 저녁 만찬 음식 많이 얘기하던데, 어렵사리 평양에서부터 평양냉면을 가지고 왔는데, 대통령께서 편한 마음으로 멀리 온, 멀다고 말하면 안 되갔구나, 맛있게 드시면 좋겠다“고 웃으며 말했다.
'은둔의 지도자'이었던 김 위원장은 최근 남쪽 인사들과의 접촉에서 유머러스하면서도 개방적인 모습을 보여 왔다.
김 위원장은 지난 5일 평양을 방문한 대북 특사단 일행에게 “그동안 우리가 미사일을 발사하면 문재인 대통령이 새벽에 엔에스시(NSC 국가안전보장 회의) 개최하느라 고생 많으셨다“며 “오늘 결심했으니 이제 더는 문 대통령이 새벽 잠을 설치지 않아도 된다“며 우스개를 건넸다.
또 이달 1일 평양 동평양대극장에서 열린 남쪽 예술단의 공연을 관람한 뒤엔 출연진들과 만나 “문재인 대통령에게 말을 잘해서, 이번에 '봄이 온다'고 했으니까 이 여세를 몰아서 가을엔 '가을이 왔다'고 하자“고 했다.
그러면서 “내가 레드벨벳을 보러 올지 관심들이 많았는데 일정을 조정해서 오늘 왔다“며 농담하기도 했다.",17,1353
iks_doc_2018_hankyoreh_037,Hankyoreh 2018 total annotated text file unicode.txt,Hankyoreh,한겨레,2018,2018_multi_summit,“김정은 위원장 특수“? 평양냉면 집 오늘 인산인해 고령층뿐 아니라 젊은 층도 대거 평양냉면 집 찾아 일부 음식점은 한반도 기 꽂아 냉면 내 오기도,,"남북정상회담 만찬 메뉴로 북한 옥류관 평양냉면이 오르는 것이 화제가 되면서 27일 서울 시내 유명 평양냉면 집들도 종일 '김정은 위원장 특수'를 톡톡히 누렸다.
시민들은 낮부터 평양냉면 집을 찾아 길ㄴ 줄을 선 끝에 냉면을 먹고 돌아갔고, 일부 음식점은 냉면에 올린 고명 위에 '미니 한반도 기'를 꽂아 내 놓으며 정상회담 성공을 기원했다.
이날 낮 11시 30분께 서울 중구 입정 동 을지면옥 앞 골목은 10여 미터 정도 길게 줄을 선 손님들로 북적였다.
평소엔 중장년 층이 많지만 이날은 젊은 손님들도 곧잘 눈에 띄었다.
10분째 줄을 서고 있다는 대학생 신은재(29)씨는 “정상회담 소식을 접하다 평양냉면이 생각나 처음 오게 됐다“고 했다.
을지면옥을 찾았다가 길ㄴ 줄을 보고 발걸음을 돌리던 직장인 오선웅(30)씨는 “이 정도 대기 줄이면 평양 가서 먹는 것이 낫을 것 같다“며 너스레를 떨었다.
20분째 입장을 기다리고 있던 윤성현(55)씨는 “김정은 특순 것 같다“며 웃었다.
낮 최고 기온이 23도까지 올라 다소 덥ㄴ 날이었지만 줄을 선 시민들의 표정에서 짜증은 찾아 볼 수 없었다.
또 다른 유명 평양냉면 집인 서울 중구의 필동면옥도 성황을 이뤘다.
필동면옥 관계자는 “날이 더워지면 줄이 길어지는데 오늘은 한여름 손님 줄보다 더 길ㄴ 것 같다“고 말했다.
아버지가 월남한 뒤 남쪽에 정착한 실향민이라는 임동준(65)씨는 “이북에서 건너 온 실향민들은 다들 (남쪽) 평양냉면 집 단골이었다.
워낙 단골이라 지정석이 있을 정도였다“며 “정상회담 덕에 이렇게 젊은 사람들도 평양냉면을 즐겨 먹는 것이 보기 좋다“며 웃었다.
진선미 더불어민주당 의원은 이날 유명 평양냉면 집인 서울 마포 구 염리 동의 을밀대를 찾은 뒤 자신의 트위터 계정에 간이 한반도 기가 꽂혀 나온 냉면 사진을 올렸다.
진 의원은 사진과 함께 “역시 우리는 한 민족!
을밀대에서 평양냉면과 녹두 전을 먹고자 갔는데, 줄지어 서 있는 사람들.
잡은 손 꼭 잡고 평화의 길로“라고 썼다.
평양냉면에 대한 관심은 해외에서도 뜨거웠다.
미국 주요 방송사들이 김정은 위원장이 만찬 메뉴로 준비해 왔다는 평양냉면을 앞다퉈 소개했다.
<시엔엔>(CNN)은 미국 현지 스튜디오에 한국인 요리사자 전직 가순 이지연씨를 불러 생방송으로 평양냉면을 먹는 장면을 연출했으며, “남북 외교에서 중요한 역할을 할 음식“이라고 보도했다.
<폭스 뉴스>도 옥류관 평양냉면을 자세히 다뤘다.
김정은 '호위 무사' 다시 나타났다 김정은 북한 국무위원장의 '호위 무사'들이 다시 나타났다.
27일 오전 11시 56분 문재인 대통령과 오전 정상회담을 마친 김 위원장이 남쪽 평화의 집 밖으로 나오기 전, 김 위원장을 태우고 북쪽으로 넘어 가기 위한 벤츠 리무진이 대기하고 있었다.
리무진 좌우, 뒤 쪽을 경호원 12명이 인간 방패 삼아 둘러싸고 있었다.
이날 오전 9시 29분 김 위원장이 북쪽 판문각을 나설 때 김 위원장 주변을 원형으로 둘러쌌던 경호원들이 다시 나타난 것이다.
이들은 김 위원장과 문 대통령이 만나기 직전 순식간에 사라졌었다.
검은 양복을 입은 경호원 12명은 리무진을 U 자 형태로 둘러싼 채 뛰기 시작했다.
리무진은 1998년 6월 정주영 현대그룹 명예 회장이 방북한 소떼길을 넘어 북으로 갔다.
이곳은 비포장 길이다.
김 위원장을 태운 차는 군사 분계선을 넘은 뒤 판문각 뒷쪽으로 사라졌다.",29,1657
iks_doc_2018_hankyoreh_038,Hankyoreh 2018 total annotated text file unicode.txt,Hankyoreh,한겨레,2018,2018_multi_summit,"정상회담 생중계 '돌발 장면' 4가지 ① 문 대통령, 김 위원장 깜짝 제안에 '월경' ② '신 스틸러' 된 김영철 ③ 문 대통령도 예정 없던 사진 촬영 깜짝 제안 ④ 전 세계 생중계 화면 가린 '기자 선생'들",,"27일 판문점에서 열린 '2018 남북정상회담' 오전 상황이 텔레비전을 통해 생중계됐다.
생중계 영상에서 볼 수 있었던 돌발 장면 네 가지를 꼽아 봤다.
① 문 대통령, 김 위원장 깜짝 제안에 '월경' 27일 문재인 대통령과 김정은 북한 국무위원장은 판문점 군사정전위원회 회의실 건물인 티투(T2)와 티스리(T3) 건물 사이 군사 분계선 앞에서 마주 섰다.
두 정상은 악수를 했고, 문 대통령의 안내에 따라 김 위원장이 먼저 군사 분계선을 성큼 넘어 남쪽으로 왔다.
자유의 집, 판문각을 배경으로 기념 사진을 찍은 뒤 문 대통령이 회담 장소로 이동하려던 바로 그 때, 김 위원장이 문 대통령에게 군사 분계선을 한 번 더 넘어 북쪽으로 건너갈 것을 제안했다.
예정에 없던 '깜짝' 제안이었다.
문 대통령은 너털웃음을 터뜨리며 응했다.
김 위원장이 문 대통령의 손을 잡았다.
두 정상은 함께 손을 잡고 군사 분계선을 넘었다.
김 위원장은 두 손으로 문 대통령의 오른쪽 손을 감쌌다.
문 대통령은 판문점 안에 있는 군사 분계선을 넘은 최초의 대통령이 됐다.
문 대통령은 김 위원장과 함께 군사 분계선 너머 북쪽 지역에서 다시 한 번 손을 맞잡았다.
10여 초 간 북쪽 구역에 머물ㄴ 문 대통령은 다시 김 위원장과 손을 잡고 함께 남쪽으로 건너 왔다.
윤영찬 청와대 국민 소통 수석을 이날 정오 브리핑에서 당시 상황을 설명했다.
윤 수석은 “문 대통령이 김 위원장과 역사적인 악수를 하면서 '(김 위원장이 이번에) 남측으로 오시는데 나는 언제쯤 (북쪽으로) 넘어 갈 수 있느냐'고 했고, 김 위원장은 남측으로 넘어 온 뒤 '그럼 지금 넘어 가 볼까요?' 그러면서 문 대통령의 손을 이끌었다“며 “예정에 없던 군사 분계선 북쪽에서 사진을 찍게 됐다“고 말했다.
② '신 스틸러' 된 김영철 이날 오전 남북 정상 간 만남을 전하는 생중계 화면에는 '신 스틸러'가 있었다.
바로 김영철 북한 노동당 중앙 위원회 부위원장이다.
김 위원장이 북쪽 판문각 2층에서 계단을 내려와 문 대통령을 만나려 성큼성큼 걷어 가는 모습이 화면에 잡혔다.
계단을 모두 내려왔을 무렵, 함께 판문각 2층에서 나온 북쪽 공식 수행원과 경호원들 대부분은 화면 왼쪽으로 빠져 나갔다.
김 위원장이 단독으로 문 대통령을 만나러 가는 자리였기 때문이다.
하지만 김영철 부위원장 혼자 김 위원장 뒤를 따라왔다.
화면에도 김 부위원장의 모습이 잡혔다.
판문각을 등지고 오른쪽으로 빠져나간 북쪽 수행원들을 흘깃흘깃 바라보던 김 부위원장은 이내 급한 발걸음을 옮겨 화면에서 사라졌다.
김 부위원장이 김정은 위원장을 수행하기 위해 따라왔던 것인지, 실수로 혼자 남은 것인지는 확인되지는 않았지만, '신 스틸러'임는 확실해 보였다.
김 부위원장은 김 위원장이 의장대 사열을 마친 뒤 남쪽 평화의 집으로 가는 도중에도 김여정 제1 부위원장과 함께 김 위원장 뒤를 따라갔다.
이번에는 김창선 서기실장이 급하게 뛰어와 '이쪽으로 나오셔야 한다'는 취지의 제스처를 했고 급하게 레드카펫 화면에서 빠지게 하는 해프닝이 벌어졌다.
생중계 화면에 그러한 장면이 고스란히 담겼다.
③ 문 대통령도 예정 없던 사진 촬영 깜짝 제안 이날 김 위원장은 남쪽 의장대를 사열하고, 악수를 하기 위해 줄지어 서 있는 남북 공식 수행원들과 모두 인사했다.
이번에는 문 대통령이 수행단과 함께 사진을 찍자고 깜짝 제안을 했다.
김 위원장이 “오늘 이 자리에 왔다가 사열이 끝나고 돌아가야 하는 분들이 있다“고 말하자, 문 대통령이 “그럼 가시기 전에 남북 공식 수행원 모두 기념으로 사진을 함께 찍었으면 좋겠다“고 제안을 했다는 것이 윤영찬 수석의 설명이다.
실제로 김 위원장은 이런 문 대통령의 제안을 흔쾌히 받아들였다.
두 정상은 의장대를 사열한 단상 계단에서 수행단과 함께 사진을 찍었다.
문 대통령 오른쪽에는 남쪽 수행원 9명이, 김 위원장 왼쪽에는 북쪽 수행원 9명이 모여 섰다.
북쪽이 밝힌 공식 수행단은 모두 9명이지만, 남쪽은 7명이어서 윤영찬 청와대 국민 소통 수석과 주영훈 청와대 경호처장이 함께 숫자를 맞춰 사진 촬영을 마쳤다.
④ 전 세계 생중계 화면 가린 '기자 선생'들 돌발 상황은 김정은 위원장이 평화의 집 한쪽 벽에 걸린 '북한산' 그림 앞에서 사진을 촬영할 때도 벌어졌다.
문 대통령이 방명록을 모두 적고 난 김 위원장과 함께 그림 앞으로 걷어 가 포즈를 취하자, 남북 취재진들이 몰려가 두 정상의 모습을 카메라에 담았다.
하지만 전 세계로 송출되는 생중계 카메라 앞에는 두 지도자의 모습 대신 그들을 촬영하는 기자들의 모습이 그대로 나왔다.
정작 정상들의 모습은 생중계 화면에 보이지 않았다.
이 와중에 북쪽 기자 완장을 찬 한 '기자 선생'(북한에서는 직책 뒤에 '선생'이라는 말을 붙여 쓰곤 한다)이 생중계 화면 가운데를 가리는 상황이 펼쳐졌다.
화면에 수 초 동안 이 기자의 엉덩이만 보이는 사실상 방송 사고가 발생한 것이다.
경기 고양시 킨텍스에 차려진 메인 프레스 센터에서 생중계 영상을 함께 지켜 보던 취재진들 사이에서 '아'하는 탄성과 함께 웃음이 터져 나오기도 했다.
남북 정상의 이날 동선이 모두 생중계로 방송되면서 발생한 예기하지 못한 상황들 때문에 두 지도자가 만나는 상황을 더 생생하게 느낄 수 있었다.",42,2561
iks_doc_2018_hankyoreh_039,Hankyoreh 2018 total annotated text file unicode.txt,Hankyoreh,한겨레,2018,2018_multi_summit,남북 정상회담 오전 회담 11시 55분 종료 오전 회담 시간 100분,,"2018 남북 정상회담의 오전 회담이 27일 11시 55분 끝났다.
청와대 관계자는 이날 “오전 회담이 11시 55분에 끝났다“고 말했다.
오전 회담은 10시 15분에 시작해 100분 동안 이어졌다.
김정은 북한 국무위원장은 이날 오전 11시 56분께 회담장인 평화의 집 1층 로비에 모습을 나타냈다.
김 위원장은 대기하고 있던 검은색 벤츠 승용차에 올랐다.
승용차 주변으로 검은 양복을 입은 12명의 북한 경호원이 둘러쌌다.
김 위원장을 태운 차량은 자유의 집 오른편에 있는 비포장 길을 이용해 11시 58분 군사 분계선을 넘어 판문점 북쪽 지역으로 넘어 갔다.
이 길은 1998년 6월 정주영 현대그룹 명예 회장이 소 떼를 몰고 갔던 길이다.
문재인 대통령과 김 위원장은 각자 점심을 먹은 뒤 오후 다시 만나 기념 식수와 도보 다리를 산책을 한 뒤 오후 회담을 이어 간다.",9,434
iks_doc_2018_hankyoreh_040,Hankyoreh 2018 total annotated text file unicode.txt,Hankyoreh,한겨레,2018,2018_multi_summit,“잃어 버린 11년“공감한 두 정상 '평화와 번영' 합의 의지 문재인 대통령/김정은 위원장 정상회담 시작하며 합의 도출 이행 강조 1 2차 정상회담 때와 달라진 모습 “평화“와 “공동 번영“목표 강조,,"문재인 대통령과 김정은 북한 국무위원장은 27일 오전 10 시 15 분 판문점 평화의 집에서 시작된 '2018 남북정상회담'의 첫 장면을 세계 언론에 공개했다.
1 2차 남북정상회담 때와 달라진 태도자, 회담 결과를 기대하게 하는 대목이다.
무엇보다 두 정상은 11년의 허송 세월을 아쉬워했다.
김 위원장은 짧은 머리 발언에서 '11년'을 세 차례나 언급했다.
그 가운데 두 차례는 “잃어 버린 11년“이라고 했다.
문 대통령도 “11년 동안 못다 한 이야기 오늘 충분히 나눌 수 있기를 바란다“고 했다.
2007년 10월 고 노무현 대통령과 김정일 국방위원장의 정상회담 이후 이명박 박근혜 정부를 거치며 남북 관계가 갈등과 충돌의 악화 일로를 걸어 온 데 대한 회한이다.
이와 관련해 김 위원장은 “(이번에도 합의하고) 제대로 이행하지 못하면 기대를 품었던 분들한테 오히려 낙심을 주지 않겠나“라며 “지난 시기처럼 또 원점으로 돌아가고 이행하지 못하고 그런 결과보다 미래를 내다보며 지향성 있게 손 잡고 걸어 나가는 계기“가 돼야 한다고 강조했다.
남과 북 모두 합의하면 최선을 다해 이행하는 자세를 견지해야 한다는 다짐이자 주문이다.
두 정상은 남과 북이 지향해야 할 궁극의 목적에 대해서도 인식을 공유했다.
김 위원장은 “평화 번영의 북남 관계“라 했다.
문 대통령은 이날은 “평화“에 초점을 맞췄다.
문 대통령은 “한반도의 봄이 한창“이라며, “우리 김정은 위원장이 사상 최초로 군사 분계선을 넘어 오는 순간 이 판문점은 분단의 상징이 아니라 평화의 산실이 됐다“고 말했다.
'판문점 회담'에서 한반도의 평화를 잉태하자는 비유다.
다만 문 대통령은 “궁극의 목적은 공동 번영“(19일 언론사 사장단 청와대 초청 오찬“이라고 여러 차례 강조한 바 있다.
남북정상회담 준비 위원장인 임종석 대통령 비서실장도 26일 마지막 언론 브리핑에서 “평화와 번영을 기원“한다고 밝혀, 두 정상이 남과 북의 '평화와 번영'을 시야에 두고 이야기를 나눌 것임를 명확히 했다.
두 정상은 이런 목표 목적 공유를 전제로, 11년 만의 정상회담에 나서는 다짐과 바라는 바를 진솔하게 밝혔다.
문 대통령은 “이 상황을 만들어 낸 우리 김 위원장의 용단에 다시 한 번 경의를 표하고 싶다.
오늘 우리 대화도 그렇게 통 크게 하자“고 추임새를 넣었다.
김 위원장은 “허심탄회하게, 진지하게, 솔직하게 문 대통령님과 좋은 이야기를 하겠다“고 다짐했다.
두 정상은 합의 도출 의지도 강조했다.
문 대통령은 “합의에 일러 우리 온 민족과 평화를 바라는 세계 모든 사람들한테 큰 성의를 만들어 주면 좋겠다“고 간절한 마음을 숨기지 않았다.
김 위원장은 “현안 문제들 관심사가 되는 문제들 툭 터 놓고 이야기하고, 반드시 필요한 이야기를 하고 그래서 좋은 결과를 만들어 내겠다“고 결의를 다졌다.
두 정상은 실무 책임자들이 미리 조율한 이번 회담의 3 대 의젠 한반도 비핵화, 항구적 평화 정착, 남북 관계의 획기적 개선과 관련해 언론 앞에서 구체적 언급은 피했다.
하지만 회담의 목표에 대한 인식, 회담에 임하는 태도, 1 2차 정상회담 뒤 지난 11년 간 역진한 남북 관계에 대한 성찰 등에서 상당한 공동 기반 위에 있음을 드러냈다.
정부 고위 관계자가 “두 정상의 대화와 협상, 담판 결과가 기대된다“고 말하는 까닭이다.
김 위원장은 평화의 집 방명록에 “새롭ㄴ 역사는 이제부터.
평화의 시대, 역사의 출발점에서“라고 적었다.
남북정상회담 준비 위원회가 정한 이번 회담의 공식 슬로건 “평화, 새롭ㄴ 출발“과 인식이 다르지 않다.
갈등과 대립 충돌로 점철된, 가다 서다 후진하기를 되풀이해 온 지금까지의 남북 관계와 다른 관계의 도약 대를 이번 회담에서 만들어 내겠다는 것이다.
두 손 모은 서울 광장 시민들 “평화가 오는 기분“환호 27일 오전 서울 광장서 시민들 백여 명 대형 화면으로 지켜 봐 남북 정상 군사 분계선 함께 걸어 내려오자 시민들 “오!“탄성 남북의 두 정상이 두 손을 붙잡고 군사 분계선을 넘자 '오'하는 환호성과 함께 박수가 터졌다.
일부 시민들은 감회에 젖은 표정으로 두 손을 모아 기도하며 남북 정상 간 만남을 지켜 봤다.
화창한 봄날 서울 시청 앞 광장에서 남북정상회담 생중계를 지켜 보는 백여 명의 시민들의 표정에는 설렘와 기대감이 교차했다.
남북 정상의 역사적인 만남을 앞둔 27일 오전 9시께부터 백여 명의 서울 시민들은 서울 중구 서울 시청 앞 서울 광장에 모여 남북정상회담 생중계를 지켜 봤다.
서울시는 이날 남북정상회담을 생중계하기 위해 서울 광장 동쪽에 가로 5.5m, 세로 2.5m 크기의 대형 스크린을 설치했다.
시청 앞에서 대형 스크린으로 남북정상회담을 볼 수 있다는 이야기를 듣고 경기도 안산에서 새벽 차를 타고 서울 광장에 왔다는 김홍기(82)씨는 “감개무량하다.
두 정상이 만나는 모습을 볼 수 있다니 이 나이에 행운이다“라고 말했다.
오전 9시 30분께 문재인 대통령과 김정은 국무위원장이 웃으며 두 손을 맞잡자 광장에 모인 시민들은 환호성과 박수를 쳤다.
스크린에 담긴 남북 정상 간 만남이라는 역사적인 풍경을 담으려 휴대폰을 들고 사진을 찍는 시민들의 모습도 보였다.
김정은 위원장의 제안으로 문 대통령이 잠시 군사 분계선을 넘어 갔다가 두 정상이 함께 선을 넘을 때는 시민들 사이에서 웃음이 터지기도 했다.
상기된 표정으로 두 정상의 모습을 지키보던 장병익(73)씨는 “평화가 오는 기분이다“라며 미소를 짓었다.
남북 정상 간 만남에 대한 기대감을 반영하듯 내외신의 취재 열기도 뜨거웠다.
한국의 취재진뿐만 아니라 미국 일본 독일 등에서 오는 기자들은 분주히 서울 광장을 오가며 남북 정상 간 만남을 바라보는 시민들을 인터뷰하고 카메라에 담았다.
프리랜서 언론인으로 이탈리아에서 취재를 왔다는 마르코(34)씨는 “한국에만 국한되지 않는 세계적인 이벤트라 취재를 왔다“며 “한국인들의 표정을 보니 나도 덩달아 들뜨는 기분“이라고 말했다.
이날 서울 광장에는 과거 두 번의 남북정상회담의 사진과 문서 등을 소개하는 '남북정상회담 기록' 전시와 한반도 모양의 보드 판에 평화를 기원하는 메시지를 적어 붙이는 '서울 시민 소원 쓰기 행사'도 열렸다.
시민들은 “정상회담이 평화의 역사를 여는 계기가 되길 바란다“는 등의 메시지를 적어 한반도 모양의 보드 판에 붙이는 등 정상회담 성공에 마음을 모았다.
행사에 스탭으로 참여한 대학생 조동경(28)씨는 “연평 해전, 천안함과 같은 비극적인 사건이 다시 발생하지 않고 평화가 다가오길 바라는 마음으로 지원하게 됐다“며 “무엇보다 문화 교류를 비롯해 자주 왕래할 수 있었으면 좋겠다“고 말했다.
생중계를 바라보는 시민들의 정상회담에 거는 기대감은 컸다.
장병익씨는 “이번 정상회담을 계기로 빠른 시일 안에 핵 폐기가 이루어졌으면 좋겠다.
김정은 위원장도 어렵ㄴ 발걸음한 만큼 큰 결단을 할 것이라고 믿는다“고 말했다.
직장인 양은화(30)씨는 “두 정상이 획기적인 교류의 발판을 마련해, 미국 일본 중국 등 강대국들과도 어깨를 나란히 하는 한반도를 만들어 나갈 수 있었으면 좋겠다“는 바람을 전했다.
남북정상회담의 성공을 바라는 시민들의 응원은 새벽부터 이어졌다.
오전 7시께부터 서울 종로의 광화문 광장 부근 세종로에 모인 재향군인회를 포함한 시민 단체 회원 5000여 명은 손에 태극기와 '정상회담 비핵화 꼭 성공하셔요' 등의 플래카드를 들고 나와, 판문점으로 가는 문재인 대통령을 배웅했다.
문재인 대통령은 청와대에서 판문점을 향하다 오전 8시 7분께 창성동 별관 앞에 모인 재향군인회 회원 등 시민들을 보고 차에서 내려 짧게 악수를 하기도 했다.
같은 시각, 대한문 앞에서는 정상회담 반대 집회가 열리긴 했지만 참가자가 적어 한산한 분위기였다.
애초 태극기시민혁명국민운동 본부가 50여 명 참가 규모의 집회를 경찰에 신고했지만, 실제 참가 인원은 10명도 채 되지 않았다.
부산 초등생들 “정상회담 통해 완전한 평화 왔으면“27일 부산 해강 초, 남북정상회담 텔레비전 생중계 시청 27일 오전 9시 10분께 부산 해운대 구 우 동에 있는 해강 초등학교 6학년 1반 학생들은 교실에서 남북정상회담을 텔레비전으로 지켜 보고 있었다.
학교 방송부는 여러 반 교실을 돌아다니며 텔레비전 시청 분위기를 촬영했다.
앞서 부산 시 교육청은 지난 25일 부산 전체 초 중 고교 645 곳에 남북정상회담 생중계 시청을 권장하며 “평화 통일 교육에 참여해 달라“고 했다.
해강 초는 36개 반 850여 명의 학생이 각 교실에서 정상회담 생중계를 지켜 봤다.
최성웅(37) 담임 교사는 학생들에게 남북정상회담이 열리게 된 배경과 계기, 세계적인 관심 등에 관해 설명하고 있었다.
학생들은 생중계를 보며 전쟁 공포, 이산가족, 군사비 지출 등 남북 분단으로 발생한 여러 문제점과 이번 정상회담 이후 미래의 모습, 한반도 기의 의미 등에 대해 의견을 주고 받기도 했다.
궁금한 점이 있으면 담임 교사에게 곧바로 물어 보기도 했다.
최 교사는 “남북정상회담은 초등 학생에겐 무겁ㄴ 주제다.
이틀 전부터 남북 관계 등 역사 수업을 많이 했다.
초등학교 6학년이 이렇게 오래 집중하는 모습은 쉽게 볼 수 없다.
학생들이 무겁고 진지하게 받아들이는 듯하다“고 말했다.
오전 9시 30분께 김정은 북한 국무위원장이 판문점 북쪽 지역인 판문각 앞에 모습을 드러내자 학생들은 모두 텔레비전 화면에 집중했다.
남쪽 자유의 집에서 김 위원장을 기다리던 문재인 대통령이 판문점 군사정전위원회 회의실 건물 사이로 군사 분계선 앞쪽으로 걷어 가 김 위원장과 악수하자 학생들은 모두 박수를 치며 환호했다.
류은하(13)양은 “김 위원장이 군사 분계선을 넘어 와 문 대통령과 악수하는 역사적 장면을 볼 수 있어 신기하고 감격스러웠다.
그동안 북한의 위협에 두렵ㄴ 마음이 있었지만, 이제는 아니다.
이번 정상회담으로 우리나라에 완전한 평화가 왔으면 좋겠다“고 말했다.
두 정상이 평화의 집으로 자리를 옮기자 학생들은 담임 교사와 이번 남북정상회담의 의미를 되짚는 토론 준비에 들어갔다.
정재규(59) 해강 초 교장은 “남북정상회담을 직접 눈으로 보면서 수업을 하는 것이 다른 교육보다 더 중요하다고 생각한다.
평화의 중요성과 한반도에서의 평화 정착 등을 직접 느껴 보는 계기가 됐으면 좋겠다“고 말했다.",75,5000
iks_doc_2018_hankyoreh_041,Hankyoreh 2018 total annotated text file unicode.txt,Hankyoreh,한겨레,2018,2018_multi_summit,"대전 역 시민들 “평양 가서 맥주 한잔하고 싶어“시민들 “꿈 같다, 잘됐으면“한마음 “갈 수 있다면 외조부모 고향 황해도 가고 싶어““잘되면 좋지만 돈 줬다는 얘기도 퍼 주기 안 돼“",,"“평양 가서 맥주 한잔하고 싶어요.“남북정상회담이 열린 27일 오전 9 시 29 분 대전 역, 이른 아침부터 중계 방송을 지켜 보던 시민들은 문재인 대통령과 김정은 국무위원장이 손을 잡자 박수를 치며 두 정상의 만남을 축하했다.
시민들은 “오늘 남북이 만나고, 조만간 북한과 미국이 정상회담을 하는 것ㄹ 보면 이번에는 뭐가 돼도 될 것 같다“고 기대감을 내보였다.
박범산(56 공무원)씨는 “꿈 같다.
남북이 마음을 열고 교류하길 바란다.
조만간 평양에서 냉면에 대동강 맥주를 마시고 싶다“며 환하게 웃었다.
박혜경(30 대학원생)씨는 “얼마 전까지만 해도 북한이 미사일 실험을 강행하고 미국도 무력을 사용할 수 있다고 하는 등 한반도가 긴장 상태였는데 갑자기 남북, 북미 관계가 개선되니 신기하다“라며 “독일은 통일을 이뤘지만 내부적인 동서 갈등이 해소되지 않고 있다.
우리는 서두르지 말고 민간 차원의 교류를 강화해 서로를 존중하고 이해하는 일이 우선돼야 한다“고 말했다.
김주연(40)씨는 “개개인은 이해 관계가 다르지만 가족의 울타리에서는 감싸 주고 이해한다.
남북이 한 민족이라는 울타리에서 앞으로의 관계를 만들어 나가기를 바란다“고 밝혔다.
“두 정상이 만나는 것ㄹ 보니 기분이 너무 좋아요.
역사에 길이 남을 일이어요.“중계 방송을 내내 박수 치며 지켜 보던 신 아무개(77 대전 동구 자양 동)씨는 “어릴 때 고향인 경남 사천에서 한국전쟁을 치렀다.
지금도 끔찍하다.
어서 남북이 하나 돼 서로 오가고 경제 발전도 이뤘으면 좋겠다“고 소망했다.
신미연(24 대학원생)씨는 “문재인 대통령 부모님처럼 제 외조부, 외조모도 실향민이다.
북한에 갈 수 있다면 어머니께 전해 들었던 외조부 고향인 황해도에 가 보고 싶다“고 했다.
남북정상회담을 비판적으로 보는 이들도 있었다.
이들은 북한에 퍼 주기를 하고 대가로 얻은 회담이라는 말이 나돌ㄴ다고 우려했다.
유아무개(76 충남 아산)씨는 “잘되면 더할 나위 없지만 세상에 공짜는 없다.
우리가 그동안 고생해 이룬 것ㄹ 북한에 퍼 주는 것ㄴ 안 될 말“이라며 “남북 관계가 개선되려면 북한이 한국전쟁에 대해 민족 앞에 사과부터 해야 한다“고 주장했다.
이에 앞서 대전 도시 철도 1호선에서 만난 출근 길 대전 시민들도 휴대 전화로 중계 방송을 보며 높은 관심을 보였다.
정종인(46)씨는 “오늘은 아무래도 일이 손에 안 잡힐 것 같다.
저녁 때 친구들과 만나 정상회담을 축하하면서 술 한 잔 할 생각“이라고 귀띔했다.
변정임(47 대전상인연합회)씨는 “아들이 강원도 홍천에서 복무한다.
남북 관계가 좋아져 징병제가 모병제로 바뀌었으면 좋겠다.
개성 공단 가동과 금강산 관광도 재개되길 바란다“고 말했다.",25,1320
iks_doc_2018_hankyoreh_042,Hankyoreh 2018 total annotated text file unicode.txt,Hankyoreh,한겨레,2018,2018_multi_summit,김 위원장에 꽃 안긴 '화동'은 민통선 안 대성동초 학생 대성동초 5학년 어린이 2명 김 위원장에 꽃 전달 민통선 안 유일한 초등학교 학생들로 '평화' 상징,,"27일 남북 정상회담을 위해 군사 분계선을 넘어 온 김정은 북한 국무위원장에게 꽃을 전달한 화동은 판문점 인근에 있는 대성동초등학교에 다니는 5 학년 어린이들이었다.
이날 오전 9시 30분께 두 정상은 판문점 군사 분계선에서 악수를 나눈 뒤 남쪽으로 이동했고, 두 명의 화동은 김 위원장에게 꽃다발을 전달했다.
김 위원장은 이 꽃을 동생인 김여정 북한 노동당 중앙 위원회 제1 부부장에게 건넸다.
잇어 두 정상은 화동들과 함께 기념 촬영을 했다.
아이들 가슴에는 한반도가 그려진 배지가 달려 있었다.
김의겸 청와대 대변인은 “화동은 민통선 안에 있는 대성동 마을의 대성동초등학교 5학년 남녀 어린이 두 명으로, 이들 어린이의 환영은 새롭ㄴ 시대를 열어 나가자는 의미를 담고 있다“고 말했다.
분단된 한반도에서 대성동초등학교가 갖는 의미는 특별하다.
이 초등학교는 경기도 파주의 민간인출입통제선(민통선) 안의 최북단 마을인 대성동에 있는 유일한 학교기 때문이다.
비무장 지대의 남북에 각각 1 곳씩 마을을 둔다는 정전 협정에 따라 남쪽에는 대성동 마을이 조성됐고 학교가 세워졌다.
대성동 마을에는 병원이나 식당은 없지만 초등학교는 있다.
교원 10명이 근무하며, 학생은 30명 정도다.
민통선 안이지만 유엔사와 협의해 학생들의 통학을 허락 받았다.
이 학교는 개성 공업 지구까지 단 10리(4㎞) 떨어져 있다.
걷어 갈 수 있는 정도의 거리다.
대성동 마을의 주민은 47가구 194명으로 대부분 1953년 정전 협정 당시 이 지역에 거주했던 원주민의 자녀 또는 그 자녀들의 가족들이다.
주민 대다수는 정부에서 경작권을 받아 쌀 농사를 짓고 있다.
대성동 마을의 토지 소유권은 정부에 있다.
수확된 쌀은 파주시가 전량 사들여 '디엠지(DMZ)쌀' 등 이름으로 판매한다.
북쪽 비무장 지대에도 기정 동 마을이 있지만, 실제 주민은 살지 않는 것으로 알려져 있다.",19,927
iks_doc_2018_hankyoreh_043,Hankyoreh 2018 total annotated text file unicode.txt,Hankyoreh,한겨레,2018,2018_multi_summit,남북정상회담 지켜 보는 여야 지도부 표정 더불어민주당 민주평화당 정의당 환호 자유한국당 바른미래당은 차분하게 지켜 봐,,"여야 지도부가 27일 오전 국회 각각 당 회의실에 모여 역사적인 남북정상회담 방송 중계를 시청하고 있다.
이날 더불어민주당, 자유한국당, 바른미래당, 민주평화당, 정의당 지도부 모두 남과 북의 정상이 만나는 장면을 생중계로 지켜 봤다.
더불어민주당은 문재인 대통령과 김정은 북한 국무위원장이 군사 분계선을 사이에 두고 악수를 하자 박수를 치며 감격스러워했다.
추 대표는 “오늘을 시작으로 평화의 새 장을 열고 화약곤 한반도가 아니라 평화로 안락한 민족의 보금자리 한반도가 되길 진심으로 소망하고 간절히 기도한다“고 말했다.
반면 자유한국당 김성태 원내 대표는 이를 다소 차분한 표정으로 지켜 봤다.
김 원내 대표는 “이번 남북정상회담은 남북 관계에 새롭ㄴ 변곡점이 될 수 있다는 점에서 대단히 의미가 깊은 회담이 아닐 수 없다.“고 말했다.
이정미 정의당 대표도 한반도 기를 흔들며 남북정상회담을 지켜 봤다.
이 대표는 “오늘 두 정상의 만남은 65년 한반도 정전 체제의 마침표를 찍는 거대한 전환의 시작입니다.“고 말했다.",8,517
iks_doc_2018_hankyoreh_044,Hankyoreh 2018 total annotated text file unicode.txt,Hankyoreh,한겨레,2018,2018_multi_summit,고노 일본 외상 “한국 정부의 노력에 경의“독도 디저트 “불필요하다“또다시 불만 나타내,,"일본 정부는 27일 남북 정상회담 시작 직후 “남북 정상회담에 대한 한국 정부의 노력에 경의를 표하고 싶다“는 반응을 내놓았다.
그러면서도 '독도 디저트'에 대해서는 또다시 불만을 나타냈다.
고노 다로 일본 외상은 남북 정상회담 시작 직후 “남북 정상회담이 실현된 것은 한국 정부의 공헌과 노력이 매우 컸기 때문에, 경의를 표하고 싶다“고 말했다.
남북 정상회담 내용에 대해서는 예단을 가지고 이야기할 것은 아니라며, 회담 뒤 한국에서 곧 정보를 제공할 것이라고 말했다.
고노 외상은 독도가 그려진 한반도 기로 장식된 디저트가 남북 정상회담 만찬 메뉴로 오르는 데 대해 “매우 불필요하다.
외무성이 이미 한국 쪽에 말했지만 오늘은 비핵화를 포함해 여러 가지 것이 정상회담에서 논의되기 때문에 상황을 착실히 지켜 보고 싶다“고 말했다.
스가 요시히데 관방 장관은 “납치, 핵, 미사일이라는 모든 안건에 대한 포괄적 해결을 향한 전향적인 논의를 기대하지만, 현재 진행되고 있는 회담의 내용, 결과에 대해서 현 시점에서 예단을 갖고 평가하는 것은 피하고 싶다“고 말했다.
오노데라 이쓰노리 방위상도 “남북 정상회담 그리고 이후 북/미 정상회담을 통해 북한의 납치, 핵, 미사일이라는 모든 안건에 대해서 (북한의) 구체적 행동을 끌어내는 것이 중요하다, 이번 회담의 동향을 착실히 주시해, 북한의 구체적 행동으로 연결될지 지켜 보고 싶다“고 말했다.",8,695
iks_doc_2018_hankyoreh_045,Hankyoreh 2018 total annotated text file unicode.txt,Hankyoreh,한겨레,2018,2018_multi_summit,중국 매체 “한반도 어둡ㄴ 구름에서 온화한 봄으로“남북정상회담 생중계 등 높은 관심 정동영 전 장관 등 전문가 인터뷰,,"역사적인 남북 정상회담이 열린 27일 중국 매체들도 높은 관심을 보이고 있다.
27일 오전 김정은 북한 국무위원장이 판문점 군사 분계선을 건너는 모습은 관영 <중앙텔레비전>(CCtv)을 통해 생중계됐다.
이 방송은 오전부터 서울과 평양을 각각 연결해 회담 관련 분위기와 주민들의 반응을 소개했다.
정동영 전 통일부 장관과 윤영관 전 외교 통상부 장관 등 전문가 인터뷰도 내보냈다.
관영 <신화통신>과 각종 인터넷 매체들은 남북 정상이 각각 서울과 평양을 출발할 때부터 주요 소식을 속보 및 사진 기사로 전달했다.
인터넷 매체 <펑파이>는 이날 “지난해 4월 조선(한)반도는 '4월 위기'의 어둡ㄴ 구름이 자욱했다.
올해 1월 김정은 위원장이 신년사에서 평창 겨울 올림픽 참가 의사를 밝히면서 남북 쌍장은 올림픽을 시작으로 일련의 빈번한 상호 움직임을 거쳐 조선 반도는 온화한 봄을 맞이했다“고 평가했다.
<해외망>은 김 위원장이 북쪽 지도자로서는 처음으로 남쪽 군 의장대를 사열했다는 데 주목하면서, 2000년, 2007년 정상회담 때는 김대중 노무현 당시 대통령이 각각 북쪽 군 의장대를 사열한 적이 있다고 전했다.
코스피 장 중 2500선 회복 남북정상회담 '축포' 27일 개장 뒤 4분 만에 2500선 장 중 최고 2508.13까지 올라 코스피가 남북 정상회담 '축포'를 쏴 올렸다.
27일 코스피는 개장 뒤 4분 만에 2500선을 돌파한 뒤 장 중 최고 2508.13까지 올랐다.
이날 열리고 있는 남북 정상회담으로 인한 지정학적 리스크 해소 기대감과 미국 증시 훈풍 영향이다.
코스피는 지난 2월 2일(2525.39)을 끝으로 종가 기준 2500를 회복하지 못하아 왔다.
코스피는 오전 10시 30분 현재 외국인의 순매수(1200 억 원)에 힘입어 2497를 기록 중이다.
삼성전자, SK 하이닉스 등 시가 총액 상위 종목 대부분이 오름세를 보이고 있다.
남북 경협 관련주도 강세다.
개성 공단 입주 기업인 신원과 좋은사람들이 3% 안팎 오르고 있다.
원화도 강세를 띠고 있다.
원/달러 환율은 오전 10시 40분 현재 3.4원 내린 1077.4를 기록 중이다.
원/달러 환율이 하락한 것은 지난 19일 이후 6 거래일 만에 처음이다.",19,1088
iks_doc_2018_hankyoreh_046,Hankyoreh 2018 total annotated text file unicode.txt,Hankyoreh,한겨레,2018,2018_multi_summit,남북정상회담 문재인 대통령 모두 발언,,"문재인 대통령은 27일 오전 판문점 남측 평화의 집에서 열린 김정은 북한 국무위원장과의 남북정상회담에서 “통 크게 대화를 나누고 합의에 일러서 온 민족과 평화를 바라는 우리 세계의 사람들에게 큰 선물을 만들어 줄 수 있었으면 좋겠다“고 말했다.
다음은 문 대통령 모두 발언 전문.
오늘은 우리 만남을 축하하듯이 날씨도 아주 화창하다.
한반도의 봄이 한창이다.
이 한반도의 봄, 온 세계가 주목하고 있다.
전 세계의 눈과 귀가 여기 판문점에 쏠려 있다.
우리 남북의 국민, 또 해외 동포들이 거는 기대도 아주 크다.
그만큼 우리 두 사람, 어깨가 무겁다고 생각한다.
우리 김 위원장이 사상 최초로 군사 분계선을 넘어 오는 순간 이 판문점은 분단의 상징이 아니라 평화의 상징이다.
국민과 또 전 세계의 기대가 큰데, 오늘의 이 상황을 만들어 낸 우리 김 위원장의 용단에 대해 다시 한 번 경의를 표하고 싶다.
아울러 우리의 대화도 그렇게 통 크게 대화를 나누고 합의에 일러서 우리 온 민족과 평화를 바라는 세계 모든 사람에게 큰 선물을 만들어 줬으면 좋겠다.
자, 오늘 오늘 종일 이야기할 수 있는 시간이 있는 만큼, 그동안 10년 간 못다 한 이야기를 충분히 나눌 수 있기를 바란다.",12,605
iks_doc_2018_hankyoreh_047,Hankyoreh 2018 total annotated text file unicode.txt,Hankyoreh,한겨레,2018,2018_multi_summit,“놀랍도록 친밀한 두 형제국“에 쏠린 세계의 눈 외신들 '한반도 새 역사' 주목 위성 사진 동시 통역 등 동원 문 대통령 청와대 나선 순간부터 회담 종료까지 실시간 생중계 하나같이 “역사적“표현 쓰며 “전쟁 직전에서 평화까지 왔다“,,"27일 오전, 평화를 염원하는 전 세계의 바람이 판문점으로 모였다.
문재인 대통령이 청와대를 나설 때부터 군사 분계선을 넘어 온 김정은 북한 국무위원장과 손을 맞잡을 때, 두 정상이 '판문점 선언'에 서명하고 입장문을 발표할 때까지 미국 <시엔엔> <블룸버그>, 영국 <비비시>(BBC), 중국 <중앙텔레비전>(CCtv), 일본 <엔에이치케이>(NHK) 등 각국 대표 뉴스 채널들이 생중계했다.
방송들은 평화의 집에서 진행한 정상 간 사전 환담 때는 동시 통역까지 동원했다.
한반도 전문가와 한국 특파원 등을 연결해 회담 상황 및 의미, 전망까지 보도했다.
주요 뉴스 채널들은 이날 내내 채널을 돌릴 필요가 없을 정도로 오로지 판문점만 비췄다.
<시엔엔>은 미국 동부 시각으로 26일 저녁에 시작해 이튿날 아침까지 이어진 회담 소식만으로 화면을 채웠다.
주요 언론사 누리집 머리 기사 제목들은 '역사적'이라는 표현을 빠트리지 않았다.
'빅 이벤트'임는 분명하지만, 유사 사례를 찾기 어렵ㄹ 정도의 큰 관심이었다.
<시엔엔>은 누리집 머리 기사에서 “전쟁 직전에서 평화를 향한 희망까지 왔다“고 표현했고, 김 위원장이 방명록에 남긴 글을 언급하며 “새 역사가 지금 시작된다“고 적었다.
영국 <파이낸셜타임스>는 “수십 년 간의 한반도 분쟁을 종식시킬 정상회담을 시작하기 위해 군사 분계선을 넘은 김 위원장이 문 대통령과 악수하며 미소짓었다“고 했다.
한반도 평화를 향한 기대감도 쏟아 냈다.
<비비시>는 “김 위원장이 북한 지도자로서는 1953년 한국전쟁 뒤 처음으로 군사 분계선을 넘어 남쪽으로 내려왔다“며 “그의 제안에 따라 문 대통령이 군사 분계선 북쪽 땅을 밟은 것은 예상하지 못한 순간이었다“고 강조했다.
<뉴욕타임스>는 판문점 위성 사진을 동원해 두 정상의 이동 경로를 설명하며 “세계에서 가장 두껍게 무장된 국경을 넘는다는 김 위원장의 결정은 불과 몇 달 전만 해도 상상할 수 없었다“며 “문 대통령은 북한과의 핵무기 교착 상태를 끝내기 위한 외교적 중심에 서 있다“고 적었다.
<워싱턴포스트>는 “이 모든 것이 생중계된 것도 최초“라며 “북/미 정상회담의 초석을 마련할 역사적 만남“이라고 덧붙였다.
영국 <가디언>은 “두 지도자가 한반도 역사의 새롭ㄴ 장을 쓸 것을 약속했다“고 전했다.
독일 <도이체벨레> 방송은 “한반도의 두 형제 국가가 화기애애하고 숨김 없는 태도로 접근해 합의에 일렀다.
그러나 더 중요한 것은 수년 간의 침묵이 끝났다는 것“이라며 “놀랍도록 친밀한 분위기에 전 세계에서 몰린 3000명의 언론인들이 자발적으로 박수를 보냈다“고 했다.
일본 <마이니치 신문>은 “한반도 정세가 새롭ㄴ 전환기를 맞았다“고 평가했고, <중국중앙텔레비전>은 서울과 평양을 각각 연결해 시민들 반응까지 소개하며, 정동영 전 통일부 장관과 윤영관 전 외교부 장관 인터뷰도 내보냈다.
오후에 두 정상이 평화를 기원하는 나무를 심고 표지석을 제막한 것과, 수행원 없이 단독 대화를 나누는 모습 또한 주요 채널이 생중계했다.
'판문점 선언'이 발표되자 <에이피>(AP), <로이터>, <아에프페>(AFP) 통신 등은 “남북 정상이 한반도 비핵화라는 공동 목표를 재확인했다“고 긴급 뉴스로 전했다.",20,1569
iks_doc_2018_hankyoreh_048,Hankyoreh 2018 total annotated text file unicode.txt,Hankyoreh,한겨레,2018,2018_multi_summit,"김정은, 지난 3월 방중 때처럼 인민복 입어 사회주의 국가 지도자들이 즐겨 입어 주름이나 장식 없이 단순한 디자인",,"문재인 대통령과 27일 9시 30분 역사적인 상봉을 한 김정은 북한 국방위원장은 인민복을 입었다.
인민복 은 사회주의 국가 지도자들이 즐겨 입는 복장이다.
김정은 국방위원장은 상하의 검은색 인민복을 입었다.
윗도리는 다섯 개의 단추와 네 개의 호주머니가 있고, 바지 품은 넉넉했다.
인민복 은 주름이나 장식 없이 단순한 디자인으로 실용성을 강조한다.
김정은 위원장은 외교 무대에서 주로 인민복을 입었다.
지난 3월 말 중국을 방문해 시진핑 국가 주석을 만날 때도, 3월 5일 정의용 청와대 국가 안보실장 등 대북 특사를 평양에서 맞을 때도 인민복 차림이었다.
김정은 위원장은 북한 내 공식 석상에서 종종 양복을 입기도 했다.
올 신년사 발표 때는 은회색 양복을, 2016년 노동당 대회, 2012년 제1 위원장 추대 행사 등에서도 양복 차림이었다.
아버지 김정일 국방위원장이 거의 인민복을 입은 것과는 다른 모습이다.
김정일 국방위원장은 2000년 6월 남북 정상회담과 2007년 10월 남북 정상회담 당시 인민복을 입고 회담을 진행했다.
이 때문에 이번 남북정상회담에서 양복을 입고 등장해 변화를 시사할 수 있다는 예측도 있었다.
한편 이날 김정은 위원장을 수행한 여동생 김여정 노동당 제1 부부장은 회색 정장 차림이었다.
김여정 제1 부부장은 김정은 위원장이 화동에게 받은 꽃다발은 건네받는 등 측근에서 수행했다.
“겨우 한 발짝이었네 뭉클~““고무줄 넘듯 넘네“누리꾼도 환호 문 대통령, 김 위원장 손 잡고 '깜짝 월경'에 누리꾼 환호 “감동적 통일되는 것 아니야““역사의 진보를 느낄 수 있어 짜릿““겨우 한 발짝이다 겨우 한 발짝.“
문재인 대통령과 김정은 북한 국무위원장이 판문점 군사 분계선을 넘나들자 누리꾼들은 환호했다.
문 대통령은 27일 오전 9시 30분 김정은 위원장과 판문점 군사 분계선 위에서 역사적인 상봉을 했다.
북한 최고 지도자가 남한 땅을 밟은 것은 처음이다.
이 과정에서 문 대통령은 김 위원장의 깜짝 제안에 따라 군사 분계선을 넘어 잠시 북쪽 지역으로 넘어 가기도 했다.
이에 대해 누리꾼들은 “김정은이 '북한 땅 한 번 밟아 보시겠습니까'하고 먼저 손 내밀어 문재인 대통령 손 잡고 한 발짝 넘어 가는데, 내가 무엇을 알ㄴ다고 그 장면이 제일 뭉클하네~ 겨우 한 발짝이다 겨우 한 발짝“(hjdu),
“남과 북이 함께 손 잡고 군사 분계선을 오가는 모습에서 앞으로 우리나라가 통일 돼서 자유롭게 오가는 날이 언젠가 오겠구나 싶었다. 감동이다“(zziruz),
“오늘 역사적 만남에서 개인적으로 특기할 일, 남북한 정상이 군사 분계선을 고무줄 넘듯 넘나든 일, 김정은 위원장이 양복을 입지 않은 일, 표정에 깊이가 있으며 약간 숨이 차 보임, 아무튼 감격스럽다“(dish),
“남북정상회담 와 진짜 뭔가 느낌이 이상하다.
되게 벅차 오르는 기분?이라 해야 하나 감동적인 것 같아.
군사 분계선 사이에서 악수하고 남쪽으로 왔다가 북쪽으로도 갔다가 감동적이야.
통일되는 것 아니야?“(KplusV) 등의 반응을 보이며 두 정상의 만남을 환영했다.
“군사 분계선에서 두 정상이 즉석에서 합의해 손을 잡고 낮은 경계선을 넘나드는 모습에서 동일한 언어를 사용하는 한 민족이라는 정감이 짙게 느껴진다.
통역도 필요 없고 김정은 위원장의 제안에 떠보고 돌리고 의중을 파악할 필요도 없이 문재인 대통령이 직 공감해 이루어진 따뜻한 사건이다“(choi)는 의견도 있었다.
김대중 전 대통령과 노무현 전 대통령이 성사시켰던 지난 두 차례 남북정상회담을 떠올리는 이들도 많았다.
한 누리꾼은 “노 통이 군사 분계선을 넘어 만났고 이제 김정은 위원장이 군사 분계선을 넘어 와 문 통과 악수했다.
역사의 진보를 느낄 수 있어 짜릿하다“고 썼다.
또 다른 누리꾼은 “김일성의 죽음을 봤고, 김대중과 김정일의 악수를 보고, 이제 문재인과 김정은의 악수를 본다.
역사를 살아간다는 체감은 생기지만 이번엔 또 뭐가 달라질까 하는 걱정도.
김정은이 이번엔 뭔가 제대로 맘먹었길 바란다“(blueso)고 소감을 밝혔다.",34,1970
iks_doc_2018_hankyoreh_049,Hankyoreh 2018 total annotated text file unicode.txt,Hankyoreh,한겨레,2018,2018_multi_summit,2018 마주 앉은 남북 김정은 '평양 냉면' 농담에 웃음꽃 남북 정상회담 시작 모두 발언 김 위원장 “평양냉면 멀면 안 되겠구나 잃어 버린 11년 세월 아깝지 않게 하자“문 대통령 “판문점 평화 상징 됐다“화답,,"2018년 4월 27일 10시 16분, 11년 만에 다시 만난 남북 두 정상은 남북정상회담을 위해 테이블에 마주 앉았다.
2층 회담장 입구를 기준으로 정면에 걸려 있던 금강산 그림을 바라보며 함께 얘기를 나누던 문재인 대통령과 김정은 북한 국무위원장이 본격 회담을 위해 마주 앉은 것이다.
회담장 입구를 기준으로 문 대통령이 왼쪽, 오른쪽에 김 위원장이 앉았다.
정상 좌우로 각각 배석자 의자 6개가 놓여 있었다.
문 대통령 좌우로는 각각 임종석 비서실장과 서훈 국가정보원장이 앉았고, 김 위원장 좌우로는 김여정 당 중앙 위원회 제1 부부장과 김영철 통일전선부장이 배석했다.
6분 간 이어진 모두 발언에서 두 정상은 시종일관 밝은 표정이었다.
먼저 김 위원장이 모두 발언에 나섰다.
김 위원장은 “이 자리까지 11년이 걸렸는데 걷어 오면서 보니까 왜 그 시간이 오래됐나 왜 오기 힘들었나 생각이 들었다“며 “우리가 잃어 버린 11년 세월이 아깝지 않을 정도로 아까 말씀 드린 것처럼 수시로 만나서 걸린 문제 풀어 나가고 마음을 합치고 의지를 모아서 그런 의지를 가지고 나가면 우리가 잃어 버린 11년이 좋게 나가지 않겠나 이런 생각도 하면서 정말 만감이 교차하며 200미터를 걸어 왔다“고 말했다.
잇어 김 위원장은 “이 자리에서 평화와 번영 북남 관계 새롭ㄴ 역사가 쓰이는 순간에 출발점에 서서 신호탄을 쏜다는 마음가짐을 가지고 왔다“며 “오늘 현안 문제들 관심사 문제들 툭 터 놓고 얘기해 좋은 결과 만들어 내고, 앞으로 이 자리에서 우리가 지난 시기처럼 또 원점에 돌아가고 그런 결과보다는 마음가짐을 잘 하고 미래를 내다보며 지향성 있게 손 잡고 걸어 나가는 계기가 돼서 기대하신 분들 기대에도 부흥하자“고 말했다.
문 대통령은 김 위원장의 이 발언에 고개를 끄덕였다.
김 위원장은 평양냉면 얘기를 꺼내며 농담을 건네기도 했다.
김 위원장이 “오늘 저녁 만찬 얘기 많이 하는데 평양에서부터 냉면을 가지고 왔는데“라고 말하다가 “멀다면 안 되갔구나?“라고 농담을 건네자 남북 양쪽에서 웃음이 터지기도 했다.
잇어 문 대통령이 모두 발언을 시작하다 김 위원장은 두 손을 책상에 모으고 발언을 경청했다.
문 대통령은 “오늘 만남 축하하듯 날씨도 화창하다.
한반도에 봄이 한창이다.
한반도의 봄 온 세계가 주목하고 있다.
전 세계 눈귀가 판문점에 쏠려 있다.
남북의 국민들 해외 동포들이 거는 기대가 아주 크다.
그만큼 우리 두 사람 어깨가 무겁다고 생각한다“고 운을 뗐다.
잇어 문 대통령은 “우리 김 위원장이 사상 최초로 군사 분계선 넘어 오는 순간 이 판문점은 분단의 상징 아니라 평화의 상징 됐다.
전 세계의 기대가 큰데 오늘의 이 상황을 만들어 낸 우리 김정은 위원장의 용단에 대해서 다시 한 번 경의 표하고 싶다“고 말하자 김 위원장은 고개를 크게 끄덕였다.
문 대통령은 “오늘 우리 그렇게 통 크게 대화를 나누고 합의에 일러서 우리 민족과 평화를 바라는 이 세계 모든 사람들에게 큰 선물을 안겨 줬으면 좋겠다.
오늘 하루 종일 얘기할 수 있는 시간이 있는 만큼 그동안 10년 동안 못 한 것 충분히 나누자“고 했다.
김여정 제1 부부장은 두 손을 무릎 위에 모으고 고개를 문 대통령 쪽인 오른쪽으로 기울여 경청하는 모습이었다.
두 정상이 앉은 의자 등받이에는 '남북이 하나 됨'을 상징하는 한반도 기에 독도까지 새겨져 있었다.
회담장에는 가로 681, 세로 181의 대형 금강산 그림이 걸려 있었다.
원래 한라산 그림이 걸려 있었지만, 이번 회담을 위해 신장식 화백의 작품으로 교체됐다.
회담장 안 보수 공사는 지난 6일부터 20일까지 이어졌다.
전체적으로 한옥을 연상하게 했고, 양쪽 벽면에는 전통 창호가 설치됐다.
청와대 쪽은 “회담을 계기로 앞으로 견고한 남북의 신뢰 관계가 전통 창호처럼 오래 이어지길 희망하는 의미“라고 설명했다.
회담장 카펫은 푸른 계열로 한반도 산천의 푸르른 기상을 반영했다고 한다.
김정은 국무위원장 모두 발언 역사적인 이 자리에 오기까지 11년이 걸렸는데 오늘 걷어 오면서 보니까 왜 이렇게 오래 걸렸나 생각 들었다.
역사적인 이런 자리에서 기대하는 분도 많고 아무리 좋은 합의나 글이 나와도 발표돼도, 그것이 제대로 이행되지 못하면 오히려 이런 만남을 갖고도 좋은 결과에 기대를 품었던 분들에게 더 낙심을 주지 않겠나.
앞으로 정말 마음가짐을 잘하고 정말 우리가 잃어 버린 11년 세월이 아깝지 않을 정도로, 아까 말씀 드린 것처럼 정말 수시로 만나서 걸리는 문제를 풀어 나가고 마음을 합치고 의지를 모아서 그런 의지를 갖고 나가면 우리가 잃어 버린 11년이 아깝지 않게 우리가 좋게 나가지 않겠나, 그런 생각도 하면서 정말 만감이 교차하는 속에서 한 200를 걸어 왔다.
오늘 이 자리에서 평화 번영, 북남 관계가, 새롭ㄴ 역사가 쓰이는 그런 순간에 이런 출발점에 서서, 출발 선에서 신호탄을 쏜다는 그런 마음을 가지고 여기 왔다.
오늘 현안 문제들, 관심사 되는 문제들을 툭 터 놓고 얘기하고 좋은 결과를 만들어 내고 앞으로 이 자리를 빌려서 우리가 지난 시기처럼 이렇게 또 원점에 돌아가고 이행하지 못하고 이런 결과보다는 앞으로 마음가짐을 잘하고 앞으로 미래를 내다보며 지향성 있게 손 잡고 걸어 나가는 계기가 돼서 기대하시는 분들 기대에도 부응하고.
오기 전에 보니까 오늘 저녁 만찬 음식 갖고 많이 얘기하던데 어렵사리 평양에서부터 평양냉면을 가져왔다.
대통령께서 편한 맘으로, 평양냉면, 멀리서 온, 멀다고 말하면 안 되겠구나, 좀 맛있게 드셨으면 좋겠다.
오늘 정말 진지하게 솔직하게 이런 마음가짐으로 오늘 문재인 대통령과 좋은 이야기를 하고 또 반드시 필요한 이야기를 하고 해서 좋은 결과를 만들어 내겠다는 것ㄹ 문 대통령 앞에도 말씀 드리고 기자 여러분에게도 말씀 드린다.
감사하다.
문재인 대통령 모두 발언 오늘은 우리 만남을 축하하듯이 날씨도 아주 화창하다.
한반도의 봄이 한창이다.
이 한반도의 봄, 온 세계가 주목하고 있다.
전 세계의 눈과 귀가 여기 판문점에 쏠려 있다.
우리 남북의 국민, 또 해외 동포들이 거는 기대도 아주 크다.
그만큼 우리 두 사람, 어깨가 무겁다고 생각한다.
우리 김 위원장이 사상 최초로 군사 분계선을 넘어 오는 순간 이 판문점은 분단의 상징이 아니라 평화의 상징이다.
국민과 또 전 세계의 기대가 큰데, 오늘의 이 상황을 만들어 낸 우리 김 위원장의 용단에 대해 다시 한 번 경의를 표하고 싶다.
아울러 우리의 대화도 그렇게 통 크게 대화를 나누고 합의에 일러서 우리 온 민족과 평화를 바라는 세계 모든 사람에게 큰 선물을 만들어 줬으면 좋겠다.
자, 오늘 오늘 종일 이야기할 수 있는 시간이 있는 만큼, 그동안 10년 간 못다 한 이야기를 충분히 나눌 수 있기를 바란다.
남북정상회담 김정은 북한 국무위원장 모두 발언 김정은 북한 국무위원장은 27일 판문점 남측 평화의 집에서 열린 문재인 대통령과의 남북정상회담에서 “북남 관계가 새롭ㄴ 역사가 쓰이는 순간에 출발점에 서서 신호탄을 쏜다는 마음을 가지고 여기에 왔다“고 말했다.
다음은 김 위원장 모두 발언 전문.
역사적인 이 자리에 오기까지 11년이 걸렸는데 오늘 걷어 오면서 보니까 왜 이렇게 오래 걸렸나 생각 들었다.
역사적인 이런 자리에서 기대하는 분도 많고 아무리 좋은 합의나 글이 나와도 발표돼도, 그것이 제대로 이행되지 못하면 오히려 이런 만남을 갖고도 좋은 결과에 기대를 품었던 분들에게 더 낙심을 주지 않겠나.
앞으로 정말 마음가짐을 잘하고 정말 우리가 잃어 버린 11년 세월이 아깝지 않을 정도로, 아까 말씀 드린 것처럼 정말 수시로 만나서 걸리는 문제를 풀어 나가고 마음을 합치고 의지를 모아서 그런 의지를 갖고 나가면 우리가 잃어 버린 11년이 아깝지 않게 우리가 좋게 나가지 않겠나, 그런 생각도 하면서 정말 만감이 교차하는 속에서 한 200를 걸어 왔다.
오늘 이 자리에서 평화 번영, 북남 관계가, 새롭ㄴ 역사가 쓰이는 그런 순간에 이런 출발점에 서서, 출발 선에서 신호탄을 쏜다는 그런 마음을 가지고 여기 왔다.
오늘 현안 문제들, 관심사 되는 문제들을 툭 터 놓고 얘기하고 좋은 결과를 만들어 내고 앞으로 이 자리를 빌려서 우리가 지난 시기처럼 이렇게 또 원점에 돌아가고 이행하지 못하고 이런 결과보다는 앞으로 마음가짐을 잘하고 앞으로 미래를 내다보며 지향성 있게 손 잡고 걸어 나가는 계기가 돼서 기대하시는 분들 기대에도 부응하고.
오기 전에 보니까 오늘 저녁 만찬 음식 갖고 많이 얘기하던데 어렵사리 평양에서부터 평양냉면을 가져왔다.
대통령께서 편한 맘으로, 평양냉면, 멀리서 온, 멀다고 말하면 안 되겠구나, 좀 맛있게 드셨으면 좋겠다.
오늘 정말 진지하게 솔직하게 이런 마음가짐으로 오늘 문재인 대통령과 좋은 이야기를 하고 또 반드시 필요한 이야기를 하고 해서 좋은 결과를 만들어 내겠다는 것ㄹ 문 대통령 앞에도 말씀 드리고 기자 여러분에게도 말씀 드린다.
감사하다.",61,4341
iks_doc_2018_hankyoreh_050,Hankyoreh 2018 total annotated text file unicode.txt,Hankyoreh,한겨레,2018,2018_multi_summit,"‘쏘지 말라니까' 김정은, 오늘 평양냉면 ‘쏜다’",,"김정은 북한 국무위원장이 27일 저녁에 ‘쏘겠다’고 공언했다.
평양냉면 얘기다.
김 위원장은 27일 오전 남쪽 평화의 집 정상회담장 2018 테이블에 문재인 대통령과 마주 보고 앉았다.
김 위원장은 “오늘 이 자리에서 평화와 번영 북남 관계 새롭ㄴ 역사가 쓰여지는 순간 출발점에 서서, 출발점에서 신호탄을 쏜다는 마음가짐을 가지고 왔다“고 했다.
김 위원장이 쏘겠다고 한 것은 신호탄만이 아녔다.
진지하게 말하던 김 위원장의 얼굴에 갑자기 웃음이 번졌다.
김 위원장은 자신이 말하면서도 재밌다는 듯 웃음기 섞인 말투로 “오기 전에 보니까 저희 만찬 음식을 가지고 많이 얘기하는데, 어렵사리 평양에서부터 평양냉면을 가지고 왔다“고 했다.
잇어 “대통령님께서 편안 마음으로 멀리 온, 멀다고 말하면 안 되갔구나, 맛있게 드시면 좋겠다“고 덧붙였다.
평양과 이곳이 '멀지 않다'고 강조한 것이다.
김 위원장은 “잃어 버린 11년“을 강조하며 “수시로 만나자“고 했다.
앞서 청와대는 “문재인 대통령이 '만찬 음식으로 옥류관 평양냉면이 좋겠다'고 북쪽에 제안해 북쪽이 흔쾌히 받아들였다“고 말했다.
원조의 맛을 내려고 평양 옥류관 수석 주방장이 정상회담 당일인 27일 판문점에 온다.
그는 통일각에 설치한 옥류관 제면기에서 직접 면을 뽑는다.
청와대는 “통일각에서 갓 뽑아 낸 냉면은 만찬장인 평화의 집으로 배달돼 맛을 그대로 살릴 예정“이라고 설명했다.
27일 서울 유명 평양냉면 집들은 김 위원장이 쏴 올린 “평양냉면“발언으로 북적일 것으로 보인다.",15,753
iks_doc_2018_hankyoreh_051,Hankyoreh 2018 total annotated text file unicode.txt,Hankyoreh,한겨레,2018,2018_multi_summit,"백악관 “역사적 만남 한반도 평화 번영 진전 기대“문재인 대통령/김정은 위원장 첫 만남 직후 대변인실 명의로 성명 내 환영 “역사적 만남“평가, 기대 표방",,"미국 백악관은 27일 판문점에서 이루어진 문재인 대통령과 김정은 북한 국무위원장의 첫 만남에 대해 “한반도 전체의 평화와 번영으로 가는 진전을 이뤄 내길 바란다“고 밝혔다.
백악관은 이날 오전 9시 30분(한국 시각) 남북 정상이 판문점에서 처음으로 만난 직후 대변인실 명의의 논평을 내 “문재인 한국 대통령과 북한 지도자 김정은의 역사적 만남을 맞아, 우리는 한국인들의 앞 날에 성공을 기원한다“며 이렇게 밝혔다.
백악관은 “미국은 우리의 동맹인 한국과의 긴밀한 공조에 감사하고 있으며, 몇 주 안에 열릴 도널드 트럼프 대통령과 김 위원장의 회담 준비에서도 굳건한 논의를 지속해 나가기를 고대한다“고 덧붙였다.
백악관이 남북 정상의 만남 직후 긍정적이고 낙관적인 태도의 논평을 곧바로 발표한 것은 이번 회담 및 이어질 북/미 정상회담에 대한 기대를 그대로 반영한 것으로 풀이된다.",4,437
iks_doc_2018_hankyoreh_052,Hankyoreh 2018 total annotated text file unicode.txt,Hankyoreh,한겨레,2018,2018_multi_summit,“김대중 노무현 대통령 함께 계시는 것 같아요~“27일 오전 광주독립영화관 남북정상회담 실황 중계 시민 70여 명 남북 정상 만남 지켜 보며 환호와 박수,,"“와~“27일 오전 남북정상회담 실황 중계가 시작된 광주시 동구 서석동 광주영상복합문화관 6 층 광주독립영화관에 모인 시민 70여 명은 남북 정상이 만나 악수를 하는 순간 박수를 쳤다.
시민들은 이날 김정은 북한 국무위원장이 판문점 군사 분계선 군사정전위원회 회의실 건물 사이로 걸어 와 문재인 대통령과 하는 모습을 대형 스크린을 통해 지켜 봤다.
시민들은 환호하며 감동의 눈물을 훔치기도 했다.
또 김 위원장의 제안으로 문 대통령이 군사 분계선 북쪽 경계로 잠시 넘어 갔다가 돌아오는 장면을 보고 “와~“하고 웃으며 박수를 쳤다.
이번 남북정상회담 실황 중계는 광주 지역 영화인들의 모임인 '광주영화영상인연대'가 운영하는 광주독립영화관이 마련했다.
이날 오전 9시 실황 중계가 시작된 직후 이신 통일사회연구소장이 이번 남북정상회담의 의미에 대해 설명했다.
이신 소장은 “이번 남북정상회담에서 김 위원장이 의장대를 사열하는 것은 이제 한반도가 적대와 대결의 공간에서 화해의 공간으로 바뀐다는 의미가 담겨 있다“고 말했다.
이날 대형 스크린을 통해 남북 정상 회담 장면을 중계하는 광주영상복합문화관 앞 길엔 한반도 기 수 십여 개가 걸려 있었다.
전영원 광주 동구 의원은 “눈물 나네요.
봄이 오긴 오나 봅니다.
김대중 노무현 대통령이 함께 계시는 것 같아요.
평화의 세상을 포기하지 않고 우리 모두가 염원해 온 덕분인 것 같습니다“라고 말했다.
윤수안 광주독립영화관 관장은 “시민들이 함께 모여 환호하고 박수 치는 모습을 보면서 나도 가슴이 뭉클해 눈물이 나왔다“며 “평화가 훈풍이 지속돼 광주 영화인들이 북한을 찾아 작품도 찍고 서로 교류도 하는 날이 오길 기원한다“고 말했다.",13,828
iks_doc_2018_hankyoreh_053,Hankyoreh 2018 total annotated text file unicode.txt,Hankyoreh,한겨레,2018,2018_multi_summit,"일본 방송들, 남북정상회담 동시 통역 생중계 ‘큰 관심' 신문도 누리집 통해서 실시간 보도 “한반도 정세 역사적 전화 점 맞아“김 위원장 행동 말투 등에 큰 관심",,"일본 언론들은 북한 최고 지도자의 남한 방문은 처음이라는 점을 부각하며, 김정은 북한 국무위원장의 일거수일투족에 특히 큰 관심을 보였다.
공영 방송 <엔에이케이>(NHK)는 문재인 대통령이 오전 8시 6분께 남북 정상회담을 위해서 판문점을 향해 출발하는 모습을 긴급 보도했다.
이후 남북 정상회담 환영식이 열리기 30분 전인 오전 9시부터 판문점 모습을 비추며 환영식 모습을 생중계했다.
<엔에이치케이>는 잇어 평화의 집에서 열린 문 대통령과 김 위원장 정상회담 사전 환담 장면도 동시 통역을 통해 생중계했다.
일본 신문들도 누리집을 통해서 문 대통령과 김 위원장이 악수하는 모습을 속보로 내보내며 큰 관심을 보였다.
<아사히 신문>은 누리집을 통해서 문 대통령의 판문점 도착 소식부터 실시간으로 남북정상회담 모습을 속보로 내보냈다.
대표적 포털사이튼 야후에도 문 대통령과 김 위원장이 악수를 하는 사진이 가장 상단에 배치됐다.
<마이니치 신문>은 “북한 최고 지도자의 방한은 처음“이라며 “한반도 정세는 새롭ㄴ 전환기를 맞았다“고 평가했다.
<요미우리 신문>은 “70여 년에 이르는 남북 분단 사상 북한 최고 지도가 남북 군사 경계 분계선을 넘은 것은 처음“이라고 전했다.
<요미우리 신문>은 김 위원장이 만찬 메뉴로 가지고 온 옥류관 평양냉면 “멀리서 온“이라고 말한 뒤 여동생인 김여정 노동당 중앙 위원회 제1 부부장을 쳐다보며 “멀다고 말하면 안 되갓구나“라고 농담을 한 장면을 소개했다.
<아사히 신문>은 김 위원장이 방명록에 글을 쓸 때 한국 쪽에서 제공한 펜을 쓰지 않고 김 위원장이 앉는 의자도 소독하는 모습을 보였다며 “과잉일 정도로 안전에 신경을 쓰는 모습을 보였다“고 전했다.
<니혼게이자이신문>은 남북정상회담에서 일본 쪽의 주요 관심산 일본인 납북자 문제가 거론될 것으로 보인다고 보도하는 등, 일본의 주요 관심산 납북자 문제에 대한 언급도 대부분의 언론에서 빠지지 않았다.",12,949
iks_doc_2018_hankyoreh_054,Hankyoreh 2018 total annotated text file unicode.txt,Hankyoreh,한겨레,2018,2018_multi_summit,"김여정, 김정은 밀착 수행 '남매 케미' 폭발",,"27일 오전 김정은 북한 국무위원장이 문재인 대통령의 안내를 받으며 남쪽 육해공군 의장대 사열을 받는 동안, 김 위원장의 45도 뒤 쪽으로 한 여성이 홀로 따라 걸어 오고 있었다.
회색 투피스를 입은 김여정 당 중앙 위원회 제1 부부장이었다.
김 위원장의 동생인 김 부부장은, 앞서 군사 분계선을 넘은 김 위원장이 남쪽 화동으로부터 받은 꽃을 바로 옆에서 자연스럽게 넘겨받았다.
평화의 집에 도착해 방명록을 쓰려는 김 위원장에게 펜을 건넨 것도 김 부부장이었다.
김정은/김여정 '남매 케미'를 자랑하는 그림자 밀착 수행인 셈이다.
김 부부장은 지난 2월 김 위원장 특사 자격으로 남쪽을 찾았을 때 만났던 문 대통령과 환한 눈 웃음을 짓으며 반갑게 악수했다.
이 장면은 네티즌들 사이에서도 화제가 됐다.
문 대통령과 김 위원장이 수행원들과 함께 예정에 없던 단체 사진을 찍을 때도 김 부부장은 첫 줄 오른쪽 맨 끝에 섰다.
사진 촬영 뒤에는 다시 임종석 대통령 비서실장과 웃으며 악수하기도 했다.
김 부부장은 이후 레드카펫 위로 김 위원장과 문 대통령 뒤를 따라가다, 수행원으로 보이는 사람이 '의전' 실수를 알리자 서둘러 옆으로 빠지는 모습이 카메라에 잡히기도 했다.
김 부부장은 정상회담장 '2018 테이블'에도 김 위원장 바로 왼쪽에 앉았다.
지난 2월 평창 겨울 올림픽 당시 시종일관 웃는 얼굴로 남쪽에 좋은 이미지를 남긴 김 부부장을 적극 활용하는 모양새다.
문 대통령 '종북 굴레' 조작 사진 확산 정상회담 폄훼 의도?",13,743
iks_doc_2018_hankyoreh_055,Hankyoreh 2018 total annotated text file unicode.txt,Hankyoreh,한겨레,2018,2018_multi_summit,"문 대통령 글귀 조작한 '가짜 뉴스' SNS서 유포 논란 '안전'을 '남한 사람'으로, '눈물 짓는 국민'을 ‘태워지는 인공기'로 시민넷 “행사 사진 조작하고, 안전 문제 희화화 유감“",,"11년 만에 남북 정상이 만나는 제3차 남북정상회담이 열리고 있는 가운데, 문재인 대통령이 과거에 썼던 글귀를 조작해 '종북 프레임'을 씌운 조작 사진이 온라인에 확산돼 논란이 일고 있다.
27일 사회 관계 망 서비스(SNS)와 카카오톡 단체 채팅 방 등에는 문 대통령이 대선 후보 시절 땐 지난해 촬영된 사진이 조작된 채 유포되고 있다.
원본 사진은 지난해 4월 13 일 <뉴시스>가 보도한 '문재인, 안전한 나라 만들겠습니다'이라는 제목의 사진 기사다.
당시 문 대통령은 서울 종로구 광화문 광장에서 열린 '국민 생명 안전 약속식'에 참석해 “안전 때문에 눈물 짓는 국민이 단 한 명도 없게 만들겠습니다“라고 적었다.
하지만, 조작돼 유포되고 있는 사진에는 “남한 사람 때문에 태워지는 인공기가 단 한 개도 없게 만들겠습니다“라고 글귀가 바뀌어 있다.
누군가가 '안전'을 '남한 사람'으로 바꿨고 '눈물 짓는 국민'을 ‘태워지는 인공기'로 고쳤다.
'가짜 뉴스'로 문 대통령을 흠집 내 보수층을 집결하게 하려는 의도로 풀이된다.
해당 사진을 촬영한 매첸 <뉴시스>는 26일 “사진이 비교적 연령대가 높거나 보수적 성향을 가진 이들이 모여 있는 단체 채팅 방에서 급속도로 유포되고 있다“며 “한 보수 정당 관계자가 사진이 진짠지 물어 오기도 했다“고 전했다.
이 매체는 잇어 “이 같은 왜곡은 최근 한반도를 둘러싼 정세가 남북정상회담과 뒤이어 예정된 북미정상회담으로 비핵화 여정을 밟고 있는 것과 상관성이 높아 보인다“며 “한반도에 평화가 찾아오면 평소 안보 위기를 강조하며 현 집권 세력을 '종북' '친북'으로 비난해 온 보수 세력이 설 자리를 잃게 될 가능성이 크기 때문“이라고 보도했다.
앞서 지난해 열린 '국민 생명 안전 약속식'은 시민 사회 단체들이 대선 후보들을 초청해 새 정부가 해야 할 안전 10 대과제를 제안하고, 후보가 국민들 앞에 '안전한 나라'를 약속하는 행사였다.
세월호 참사와 가습기 살균제 피해자 및 유족, 반올림 삼성 직업 병 피해자 등 대형 참사 피해자들이 '국민의 생명과 안전을 최우선으로 하는 나라를 만들어 달라'고 요청하고, 후보가 직접 자신의 약속을 자필로 적는 순서가 있었다.
문 대통령뿐만 아니라 심상정, 안철수 후보 등 4명의 후보가 참석했다.
가짜 사진이 퍼지자, 생명안전시민넷은 긴급 논평을 내 “행사 사진을 조작하고, 안전 문제를 희화화한 것에 대해 깊은 슬픔과 강력한 유감을 표한다“고 밝혔다.
시민넷은 “마치 세월호 진상 조사를 요구하며 단식하는 세월호 참사 유가족들 앞에서 폭식 투쟁을 벌였던 반인도적 행위와 다름없다“며 “안전은 정치적 입장, 보수나 진보를 떠나 모든 국민에게 보장돼야 할 기본적 가치“라고 지적했다.",14,1329
iks_doc_2018_hankyoreh_056,Hankyoreh 2018 total annotated text file unicode.txt,Hankyoreh,한겨레,2018,2018_multi_summit,두 정상 '군사 분계선 악수'에 킨텍스 메운 내외신 기자 3 천 명 환호 김정은 등장에 '술렁' MDL 북쪽 넘어 갔다 돌아오는 장면엔 웃음도,,"남북 정상이 27일 판문점 군사 분계선에서 손을 맞잡은 순간 내외신 취재진 3천 명이 몰린 프레스 센터에는 환호성과 박수가 터져 나왔다.
내외신 취재진은 이날 경기 고양 킨텍스 제1 전시장에 마련된 메인 프레스 센터(MPC)에서 전면에 설치된 대형 스크린을 통해 문재인 대통령과 김정은 북한 국무위원장의 첫 만남을 지켜 봤다.
오전 9시 30분께 김 위원장이 공식 수행원 일행과 함께 판문점 북측 지역 판문각 현관에 등장하자 취재진은 탄성을 터뜨리며 술렁거리기 시작했다.
군사 분계선(MDL)으로 걸어 온 김 위원장이 문 대통령과 환하게 웃으며 두 손을 맞잡자 취재진은 믿기지 않는 표정으로 '와'하고 소리를 질렀고, 김 위원장이 MDL를 넘어 남측 지역에 발을 딛자 또 한 번 박수가 터졌다.
취재진 중 일부는 감격한 표정으로 눈시울을 붉히기도 했다.
잇어 김 위원장이 문 대통령과 손을 잡고 MDL 북측 지역으로 넘어 갔다 돌아오는 예상하지 못한 장면이 펼쳐지자 프레스 센터에도 웃음이 터졌다.
내외신 기자들은 문 대통령과 김 위원장의 역사적인 만남을 중계해 주는 스크린에서 눈을 떼지 못한 채 속보로 실시간 상황을 전 세계에 타전했다.
이번 남북정상회담을 앞두고 지난 24일까지 41개국 460개 언론사에서 2천 850명의 언론인이 취재를 신청했고 현장에서 추가 등록도 가능했다.
지난 두 차례의 남북정상회담 때도 프레스 센터에서는 비슷한 장면이 펼쳐졌다.
2000년 첫 남북정상회담 당시 김대중 전 대통령과 김정일 국방위원장이 평양 순안공항에서 만난 순간에도 서울 소공동 롯데호텔에 마련된 프레스 센터에서는 내외신 기자들의 박수가 터져 나왔다.
당시 생중계를 통해 김정일 위원장이 예상을 깨고 직접 공항에 나와 김 전 대통령을 맞이하는 장면이 전해지자 취재진은 놀라움을 감추지 못하며 남북 정상의 첫 악수에 환호를 보냈다.
2007년 노무현 전 대통령과 김정일 국방위원장의 정상회담 때는 노 전 대통령이 MDL를 넘는 순간 서울의 프레스 센터에 집결한 내외신의 시선이 전면의 스크린에 집중됐다.
당시 노 전 대통령이 “분단의 벽을 허물자“는 등의 소감을 밝히고 노랗ㄴ 색으로 표시된 MDL를 통과하자 취재진 사이에 박수가 터졌다.",13,1084
iks_doc_2018_hankyoreh_057,Hankyoreh 2018 total annotated text file unicode.txt,Hankyoreh,한겨레,2018,2018_multi_summit,"김정은 등장에 “오!“, 문 대통령 군사 분계선 넘자 박수 남북정상회담 메인 프레스 센터 가 보니 남북 정상 역사적 만남에 내외신 기자들도 환호 문재인 대통령 MDL 넘자 일제히 박수",,"남북 정상의 역사적인 만남의 순간을 지켜 보며 내외신 기자들도 환호했다.
27일 오전 경기 고양 킨텍스에 마련된 2018 남북정상회담 메인 프레스 센터에서 2000여 명의 기자들은 숨을 죽인 채 김정은 북한 국무위원장의 등장을 기다렸다.
오전 9시 28분께 김 국무위원장이 수행원들과 함께 북쪽 판문각에서 나오며 모습을 드러내자 프레스 센터 앞쪽 대형 스크린을 바라보던 기자들 사이에서 일제히 “오~“하는 감탄사가 터져 나 왔다.
군사 분계선(MDL) 앞에 대기하던 문재인 대통령이 드디어 김 위원장과 만나 반갑게 악수하자 기자들은 “와~“하고 환호하며 박수를 쳤고, 눈시울을 붉히는 기자도 있었다.
9시 30분 문 대통령이 김 위원장과 함께 군사 분계선을 넘어 북쪽 땅을 밟는 장면에서는 가장 큰 박수가 터져 나 왔다.
일부 기자들은 “소름이 돋는다“, “마음이 찡하다“는 소감을 말하며 화면에서 눈을 떼질 못하았다.
평화의 집으로 이동한 두 정상이 북한 산 그림을 함께 지켜 보는 순간, 현지 취재 기자들이 촬영에 몰두하며 중계 카메라를 가리자 프레스 센터에서는 웃음이 터져 나 오기도 했다.
화면에서 눈을 떼지 못하던 기자들은 두 정상이 사전 환담을 시작하며 중계가 비공개로 전환되자 분주히 기사 작성과 프레스 센터 현장 생중계를 시작했다.
프레스 센터에 상주하는 공무원들과 기업체 직원들도 중계 화면을 함께 지켜 봤다.
일부 직원들은 휴대 전화로 영상을 찍으며 감동적인 장면을 담았다.
프레스 센터 화면을 배경으로 사진을 찍던 고선경 케이티(KT) 사회 공헌 팀 차장은 “양 정상의 만남을 보니 감동을 받아 심장이 벌렁벌렁하다“며 “역사적인 현장이라는 실감이 난다“고 웃었다.",11,830
iks_doc_2018_hankyoreh_058,Hankyoreh 2018 total annotated text file unicode.txt,Hankyoreh,한겨레,2018,2018_multi_summit,"북 총참모장 인민 무력상, 문 대통령에 '거수경례' 눈길 정경두 합창 의장은 김 위원장과 악수만",,"문재인 대통령과 김정은 국무위원장이 각각 공식 수행원을 소개하는 자리에서 남북 군부 인사들의 인사법이 달라 비교됐다.
남쪽의 군부 인사들은 첫 만남에서 비교적 간결한 자세로 김정은 위원장을 맞았다.
미리 도열해 있던 송영무 국방부 장관은 문 대통령의 안내를 받은 김정은 위원장이 앞으로 오자 악수를 하며 가볍게 목례를 했다.
그러나 정경두 합참의장은 굳은 표정으로 끝까지 고개를 꼿꼿하게 유지한 채 김 위원장과 악수했다.
과거 2007년 10월 노무현 대통령과 김정일 국방위원장의 정상회담 때 널리 회자됐던 김장수 당시 국방부 장관의 '꼿꼿장수' 악수 법을 연상하게 했다.
이는 여전히 군 인사들이 '적'인 북한 군 총사령관에게 허리를 굽히거나 경례를 하는 것에 대한 부정적 인식이 남아 있기 때문인 것으로 보인다.
이와 관련해 송영무 장관은 지난주 사석에서 “김 위원장과 처음 인사할 때 어떤 표정으로 어떻게 대해야 좋을지 그 방식에 대해 대략 5가지 정도 고민하고 있다“고 말한 바 있다.
반면 북쪽 인사들은 문 대통령에 거수경례를 먼저 했다.
리명수 총참모장은 김정은 위원장이 문 대통령에게 소개를 시키자, 가볍게 오른손을 눈 주위에 올리는 예를 갖춘 뒤 악수를 했고, 박영식 인민 무력상도 문 대통령에 가볍게 거수 경계를 한 뒤 악수했다.",9,641
iks_doc_2018_hankyoreh_059,Hankyoreh 2018 total annotated text file unicode.txt,Hankyoreh,한겨레,2018,2018_multi_summit,“남북 정상 만남은 감동적인 장면“제주 국제 공항 텔레비전 앞에는 관광객들 몰려,,"역사적인 남북정상회담이 열린 27일 오전 제주 국제 공항에 도착한 관광객들은 걸음을 멈추고 텔레비전에서 생중계되는 남북 정상이 만나는 모습을 보며 박수를 치는 모습이 보였다.
일부 관광객들은 여행 길을 잠시 멈추고 텔레비전 앞에 앉기도 했다.
2박 3일 일정으로 아들과 둘이만 여행을 온 전향수(44 서울)씨는 “남북정상회담이 기대된다.
감동적인 장면이 계속 나왔으면 좋겠다.
보수 세력들의 방해만 없었으면 좋겠다.
언제까지 남북이 이념 대결을 해야 하는가.
그만둬야 한다“며 기대를 나타냈다.
충남 천안 시에서 온 최 아무개(28)씨는 “긴장 완화와 비핵화가 쉽지는 않겠지만, 남북 정상의 만남을 계기로 서로 얘기가 잘 풀렸으면 한다.
아직은 지켜 봐야 하는 단곈 것 같다“고 말했다.
2박 3일 일정으로 온 백기수(38 서울)씨는 “김대중 대통령이 김정일 위원장을 만날 때와 비슷한 것 같다.
어떤 결과가 나올지 모르지만 감동적인 것만은 틀림없다.
만남으로 끝날지, 아니면 남북 관계의 획기적 진전을 위한 결과가 나올지 매우 궁금하다.
남북 관계가 긍정적으로 진척돼 남북이 잘 사는 모습을 봤으면 좋겠다“고 기대했다.
남북 정상들의 만남의 진정성에 대한 의구심을 드러내는 관광객도 있었다.
환갑을 맞아 초등학교 동창들과 여행 온 강연재(60)씨는 “북이 핵을 실제로 포기할 지 진의가 의심스럽다.
경제 제재를 피하기 위한 것일지도 모르겠다.
크게 기대를 하지는 않는다“고 말했다.
백악관 “남북정상회담, 평화와 번영으로 가는 진전 이루길 기대“백악관은 27일 판문점에서 이루어진 남북 정상의 역사적 만남에 대해 “한반도 전체를 위한 평화와 번영으로 가는 진전을 이루기를 희망한다“고 밝혔다.
백악관은 이날 오전 9시 30분 문재인 대통령과 김정은 북한 국무위원장이 판문점에서 첫 대면을 한 직후 성명을 내고 이 같은 입장을 표명했다.",19,916
iks_doc_2018_hankyoreh_060,Hankyoreh 2018 total annotated text file unicode.txt,Hankyoreh,한겨레,2018,2018_multi_summit,김정은 둘러쌌던 경호원 14명 갑자기 사라졌다,,"27일 오전 9시 29분 김정은 북한 국무위원장이 북쪽 판문각 문을 나섰다.
판문각 계단을 내려오는 동안 김 위원장 주변은 경호원 14명이 둥글게 감쌌다.
남쪽에서는 김 위원장의 모습이 전혀 보이지 않을 정도로 철통 경호였다.
그러나 김 위원장이 계단을 내려와 군사 분계선 쪽으로 이동하는 순간, 경호원 전원과 수행원 등은 김 위원장 오른쪽 뒤편으로 모두 빠졌다.
김 위원장 홀로 문재인 대통령 쪽으로 걸어 오는 장면이 전 세계에 방송되는 순간이었다.
김 위원장은 문재인 대통령의 안내를 받으며 육해공군 의장대 앞을 걷어 가며 사열했다.
문 대통령은 각군 앞을 지나며 경례했지만, 김 위원장은 우리 군 쪽으로 고개를 돌리지는 않았다.
2007년 10월 2일 고 노무현 전 대통령이 남북정상회담을 위해 평양을 방문했을 당시에도 노 전 대통령은 김정일 국방위원장의 안내를 받으며 북쪽 육해공군 의장대를 사열했는데, 당시도 노 대통령은 앞 쪽만 바라보며 걸었다.
이날 송영무 국방부 장관은 김정은 위원장과 악수하며 가볍게 고개만 숙였다.
김정은 위원장, 방명록에 “새롭ㄴ 력사는 이제부터““평화의 시대, 력사의 출발점에서“작성 '북한산' 대형 산수화 배경으로 기념 촬영도 “새롭ㄴ 력사는 이제부터.
평화의 시대, 력사의 출발점에서.
김정은 2018.4.27“
김정은 북한 국무위원장이 평화의 집 방명록에 이렇게 적었다.
27일 오전 9시 41분 문재인 대통령과 김정은 위원장은 정상회담 장손 평화의 집으로 들어섰다.
김 위원장은 전통 해주 소반을 본뜬 서명 대 앞 의자에 앉아 김여정 북한 노동당 중앙 위원회 제1 부부장이 건네 준 펜으로 방명록을 작성하고 서명했다.
김 위원장이 방명록을 기록하는 동안 문 대통령은 옆에 서서 정면을 바라보다 두 차례 김 위원장이 작성 중인 방명록에 시선을 건넸다.
잇어 두 정상은 1층 로비에 걸린 민정기 화백의 '북한산' 그림을 배경으로 기념 사진을 찍었다.
사진 촬영 후 두 정상은 '북한산' 그림을 바라보며 30여 초 가량 대화를 나눴다.
김의겸 청와대 대변인은 이 그림의 의미에 대해 “역사상 처음으로 남쪽 땅을 밟는 북측 지도자를 서울의 명산으로 초대한다는 의미를 담고 있다“고 설명했다.
이 의미에 더해 앞서 지난 25일 고민정 부대변인은 “서울에 있는 산이지만 이름은 '북한'산으로 중의적 의미도 고려했다“고 설명한 바 있다.
'북한산'은 민정기 화백이 2007년 완성한 대형 산수화(452.5 264.5cm)이다.
2010년께 국립현대미술관이 구입해 소장해 왔고, 이번 남북정상회담을 위해 청와대 요청으로 대여해 준 것으로 전해졌다.
두 정상은 기념 촬영 직후 9시 44분께 사전 환담 장손 접견실로 들어갔다.",23,1318
iks_doc_2018_hankyoreh_061,Hankyoreh 2018 total annotated text file unicode.txt,Hankyoreh,한겨레,2018,2018_multi_summit,"공식 수행원 깜짝 기념 사진, 문 대통령이 제안",,"27일 오전 9시 29분 군사 분계선(MDL)을 사이에 두고 역사적인 첫 악수를 나눈 문재인 대통령과 김정은 북한 국무위원장은 양쪽으로 도열하고 있던 전통 의장대의 중간에 서서 자유의 집 우회 도로를 걸어 환영식이 마련된 판문점 자유의 집 주차장에 도착했다.
두 정상은 선두에 전통 악대와 호위 기수, 양쪽으로는 호위 무사와 함께 장방형 모양을 이룬 모습으로 환담을 나누며 130m를 걸었다.
전통 기수들이 두 정상의 뒤를 따랐다.
청와대는 이를 두고 두 정상이 전통 가마를 탄 모양을 형사화한 것이라고 설명했다.
두 정상이 레드카펫을 걷는 동안 남북 수행원들은 자유의 집 내부를 통과해 환영식장으로 이동했다.
환영식장에는 왼쪽부터 군악대, 3 군 의장대, 전통 의장대와 전통 악대 순으로 두 정상의 입장을 기다리고 있었다.
오전 9시 34분, 잠시 멈춰 선 두 정상은 전통 기수단이 만들ㄴ 사열대 입장 통로를 통과해 자유의 집과 평화의 집 사이에 마련된 사열대에 올랐다.
두 정상은 의장 대장을 경례를 받고 의장 대장의 “사열 준비 끝“이라는 구호 뒤 단상에 섰다.
문 대통령이 군악대의 사성곡 연주에 거수경례로 답하는 동안 김 위원장은 두 손을 내리고 있었다.
지난 2000년 김대중 전 대통령과 2007년 노무현 전 대통령도 김정일 국방위원장과 정상회담을 위해 평양을 방문했을 때도 각각 북쪽 육해공군의 의장대 사열을 받았다.
잇어 공안곡이 울려 퍼지자 두 정상은 단상에서 내려와 레드카펫 위를 걸어 이동했다.
의장대 사열 행사가 마무리 되고 문 대통령은 김 위원장에게 우리 쪽 수행원을 소개했다.
임종석 청와대 비서실장, 조명균 통일부 장관, 강경화 외교부 장관, 송영무 국방부 장관, 서훈 국정원장, 정의용 청와대 국가 안보실장, 정경두 합참의장, 주영훈 청와대 경호처장, 윤영찬 청와대 소통 수석의 순서로 진행됐다.
고개를 숙여 인사를 나눈 다른 수행원들과 달리 송 장관은 김 위원장과 악수를 나눈 뒤 간단히 목례를 했다.
이 과정 내내 두 정상에 대한 근접 경호는 이루어지지 않은 점도 눈길을 끌었다.
잇어 김 위원장이 김영남 북한 최고인민회의 상임 위원장 김영철 당 중앙 위원회 부위원장, 최위 중앙위 부위원장, 리수용 중앙위 부위원장, 리명수 총참모장, 박영식 인민 무력상, 리용호 외무상, 김여정 중앙위 제1 부부장, 리선권 조국평화통일위원회 위원장 순으로 소개했다.
리 총참모장과 박 인민 무력상은 문 대통령에게 거수경례를 했다.
지난 2월 방남했을 당시 문 대통령과 만난 적이 있는 김여정 부부장은 환한 웃음을 보이며 “반갑다”고 인사를 건넸다.
계획대로라면 두 정상은 평화의 집으로 바고 이동했어야 했다.
그러나 김 위원장이 “오늘 이 자리에 왔다가 사열 뒤 돌아가야 하는 분들이 있다“고 말하자 문 대통령이 “그럼 가기 전에 수행원 모두 사진 찍었으면 좋겠다“고 해서 포토 타임이 이루어졌다고 윤영찬 청와대 소통 수석이 밝혔다.
앞서 중계 화면에는 김 위원장이 문 대통령에게 말을 건네는 장면이 화면에 포착됐고, 이어서 문 대통령이 북쪽 수행원들이 서 있는 곳으로 다가간 뒤 기념 사진을 찍게 돼, 김 위원장의 즉석 제안이라는 추측을 낳았다.
접경 지역 주민들 한반도 평화 진전 기대 “남북 경제의 공동 발전은 물론, 한반도 평화에 큰 진전이 있었으면 좋겠습니다.“
역사적인 남북정상회담이 열리는 27일 오전 문재인 대통령이 경기도 파주시 임진각 관광지 인근 자유로를 지나 통일대교를 향하자 관광지에 나와 있던 수십 명의 관광객들은 '와'하는 함성을 지르며 통일을 기원했다.
이른 아침부터 임진각 관광지를 찾은 시민과 환송객들은 임진각 전망 대에서 통일대교 남단과 자유로를 바라보다 대통령 차량이 지나가자 박수를 치며 환영했다.
이들은 임진각 전망 대 옥상에 설치된 망원경을 이용해 1Km 정도 떨어진 통일대교 남문을 통과해 판문점으로 향하는 대통령의 챠량 행렬을 지켜 봤다.
금촌 동에 거주하는 김동호(56)씨는 “대통령이 육로를 이용해 판문점으로 향하는 역사적인 모습을 지켜 보기 위해 이른 아침부터 임진각에 나왔다“면서 “이번 회담을 통해 한반도 평화가 크게 진전됐으면 좋겠다“고 말했다.
김순영(57 여)씨는 “대통령께서 회담장을 향하는 모습을 가까이서 보기 위해 새벽에 나왔는데 통제로 인해 통일대교 입구까지는 가지 못하아 아쉽다“면서 “회담을 통해 남북 협력이 잘돼 한반도의 경제가 크게 도약할 수 있는 계기가 마련됐으면 한다“고 밝혔다.
800여 m의 거리를 두고 북한의 선전 마을인 기정 동 마을을 마주하고 있는 대성동 마을 주민 50여 명도 이른 아침부터 마을 어귀에 모여 판문점으로 향하는 대통령 일행에게 태극기를 흔들며 환호했다.
이 마을 김동구 이장은 “생각지도 못하았는데 대통령께서 차량에서 내려 주민들과 일일이 악수를 하셨다“면서 “'대통령께서 감사하고 고맙다'고 인사말을 전한 뒤 주민들과 기념 사진을 찍고 판문점으로 향하셨다“고 전했다.
일부 주민들은 회관 내에 설치된 TV를 통해 대통령이 이동하는 모습을 봤지만, 대다수 주민은 직접 대통령 일행이 판문점으로 향하는 모습을 보기 위해 회관 2층 옥상에 설치된 두 대의 망원경 앞에 모여 들었다.
이완배 군내면 통일촌 이장은 “북한이 핵 실험을 하거나 미사일을 발사할 때마다 접경지 주민들은 항상 긴장감을 느끼고 불안한 생활을 해 왔다“면서 “이번 회담을 계기로 안전에 대한 주민들의 불안감이 완전히 사라질 수 있기를 희망한다“고 덧붙였다.",31,2656
iks_doc_2018_hankyoreh_062,Hankyoreh 2018 total annotated text file unicode.txt,Hankyoreh,한겨레,2018,2018_multi_summit,"김정은 '깜짝 제안' 문 대통령 군사 분계선 함께 넘다 환한 웃음으로 손 맞잡고 군사 분계선 함께 넘어 김정은, 남한 땅 밟은 최초의 북 지도자 먼저 남쪽 건너 온 김 위원장, 문 대통령도 군사 분계선 넘을 것 권유",,"문재인 대통령은 남쪽 '자유의 집'을 뒤로 하고 북쪽을 바라보며 서 있었다.
오전 9시 28분께, 김정은 북한 국무위원장이 10여 명의 경호원과 수행원과 함께 북쪽 판문각 앞 계단을 내려왔다.
계단 중간쯤에서 김 위원장은 수행원들을 뒤로 하고 혼자 성큼성큼 문 대통령을 향해 걷기 시작했다.
얼굴에는 활짝 웃음이 서렸고, 두 팔은 힘차게 흔들렸다.
허리를 세우고 군사 분계선 앞에서 기다리던 문 대통령은 반갑게 먼저 손을 내밀었다.
김 위원장도 이가 드러날 정도로 환하게 웃음 지으며 손을 맞잡았다.
군사 분계선 위로 두 정상의 손이 만났다.
따뜻한 담소가 오갔다.
환영 인사를 나눈 뒤 “오시는 데 힘들지 않았느냐“고 문 대통령이 묻자, 김 위원장은 “정말 마음 설렘가 그치지 않는다.
이 역사적 장소에서 만나니까, 또 대통령께서 이렇게 분계선까지 나와서 맞이해 주시니 정말 감동스럽다“고 말했다.
“여기까지 온 것ㄴ 위원장님의 아주 큰 용단이었다“는 문 대통령의 말에, 김 위원장은 “아이, 아닙니다“라고 웃으며 답하기도 했다.
대화가 오가는 동안에도 두 사람은 손을 꼭 쥔 채였다.
잇어 “역사적 순간을 맞이하고 있다“고 말한 문 대통령은, 몸을 살짝 돌려 왼손으로 군사 분계선 남쪽을 가리키며 “이쪽으로 오실까요”하고 안내했다.
문 대통령과 김 위원장 사이를 가르던 군사 분계선은 직사각형 모양의 돌로 만들어진 턱이 세워져 있었다.
군사 분계선 남쪽은 자갈, 북쪽은 밝은 빛깔의 모래로 각각 바닥이 다르게 채워져 분절을 실감하게 한다.
양쪽에는 군사 분계선 위에 세워진 판문점 군사정전위원회 회의실 건물 티투(T2)와 티스리(T3)가 나란히 벽을 이뤄, 마치 작은 다리 같은 인상의 길목이다.
남쪽에서 바라보면 북쪽 연락 사무손 판문각이 보여, 각종 뉴스 배경으로도 익숙한 장소다.
문 대통령의 손짓을 본 김 위원장은 주저하지 않고 훌쩍 건넜다.
얼굴에는 미소를 띄었다.
두 정상은 판문각을 등지고 카메라를 향해 웃으며 기념 촬영을 했다.
북한의 지도자가 군사 분계선을 넘어 남녘 땅을 밟은 것은 이번이 처음이다.
이번 정상회담은 판문점 우리 쪽 구역에서 열린다.
문 대통령이 회담 장소로 이동하려던 찰나, 김정은 위원장이 문 대통령을 향해 북쪽 군사 분계선으로 한 번 더 건널 것을 제안했다.
예정에 없던 '깜짝' 제안이었다.
문 대통령은 너털웃음을 터뜨리며 응했다.
김 위원장이 오른손을 뻗어 문 대통령의 왼손을 잡았다.
두 정상은 함께 손 잡고 나란히 북쪽 경계선을 넘었다.
카메라 플래시가 연신 터졌다.
문 대통령은 군사 분계선을 넘은 대통령이 됐다.
문 대통령은 김 위원장과 함께 북쪽 구역에서 다시 한 번 손을 맞잡으며 이야기를 나눴다.
중간 중간 웃음이 끊이지 않는 밝은 분위기였다.
10여 초 간 북쪽 구역에 머무른 문 대통령은 다시 김 위원장과 손을 잡고 함께 남쪽으로 건너 왔다.
이 '월경'은 문 대통령이 남쪽으로 건너 온 김 위원장에게 “남쪽으로 오시는데, 나는 언제쯤 그쪽으로 넘어 갈 수 있을까요?”하고 말을 건네자, 김 위원장이 즉석에서 “지금 넘어 가 볼까요?”하고 제의해 이루어졌다고 한다.
두 정상이 회담장으로 가기 위해 판문점 남쪽 차도로 이동하자, 대성동초등학교 5학년 남녀 어린이 2명이 화동으로 나와 환영하는 뜻의 꽃다발을 건넸다.
두 정상은 아이들과 기념 촬영을 했다.
김 위원장과 문 대통령은 아이들의 어깨를 가볍게 두드리며 고마움을 나타내기도 했다.
두 정상은 전통 의장대가 도열한 가운데 자유의 집 우회 도로를 걸어 회담 장손 판문점 평화의 집으로 이동한다.",37,1742
iks_doc_2018_hankyoreh_063,Hankyoreh 2018 total annotated text file unicode.txt,Hankyoreh,한겨레,2018,2018_multi_summit,'판문점 선언' 어떤 내용 담길까 다시 보는 6.15와 10.4 선언문 김대중 노무현 전 대통령 두 차례 남북정상회담 4.27 회담 가늠자,,"오늘 우리는 한반도 평화의 새 시대로 나아갈 '판문점 선언'을 기다리고 있습니다.
어떤 내용이 담길 지 전 세계가 주목하고 있는데요.
남북은 과거 이미 두 차례 정상회담을 갖고 공동 선언을 발표한 바 있습니다.
‘오래된 미래'로 남겨졌던 2000년 '6.15 남북 공동 선언'과 2007년 '10.4 남북 관계 발전과 평화 번영을 위한 선언' 전문을 다시 한 번 소개합니다.
6.15 남북 공동 선언 조국의 평화적 통일을 염원하는 온 겨레의 숭고한 뜻에 따라 대한민국 김대중 대통령과 조선민주주의인민공화국 김정일 국방위원장은 2000년 6월 13일부터 6월 15일까지 평양에서 역사적인 상봉을 했으며 정상회담을 가졌다.
남북 정상들은 분단 역사상 처음으로 열린 이번 상봉과 회담이 서로 이해를 증진시키고 남북 관계를 발전시키며 평화 통일을 실현하는 데 중대한 의의를 가진다고 평가하고 다음과 같이 선언한다.
1. 남과 북은 나라의 통일 문제를 그 주인인 우리 민족끼리 서로 힘을 합쳐 자주적으로 해결해 나가기로 했다.
2. 남과 북은 나라의 통일을 위한 남측의 연합제 안과 북측의 낮은 단계의 연방제 안이 서로 공통성이 있다고 인정하고 앞으로 이 방향에서 통일을 지향시켜 나가기로 했다.
3. 남과 북은 올해 8.15에 즈음해 흩어진 가족, 친척 방문단을 교환하며, 비전향 장기수 문제를 해결하는 등 인도적 문제를 조속히 풀어 나가기로 했다.
4. 남과 북은 경제 협력을 통해 민족 경제를 균형적으로 발전시키고, 사회, 문화, 체육, 보건, 환경 등 제반 분야의 협력과 교류를 활성화해 서로의 신뢰를 다져 나가기로 했다.
5. 남과 북은 이상과 같은 합의 사항을 조속히 실천에 옮기기 위해 빠른 시일 안에 당국 사이의 대화를 개최하기로 했다.
김대중 대통령은 김정일 국방위원장이 서울을 방문하도록 정중히 초청했으며, 김정일 국방위원장은 앞으로 적절한 시기에 서울을 방문하기로 했다.",12,941
iks_doc_2018_hankyoreh_064,Hankyoreh 2018 total annotated text file unicode.txt,Hankyoreh,한겨레,2018,2018_multi_summit,2000년 6월 15일 대한민국 대통령 김대중 조선민주주의인민공화국 국방위원장 김정일,,"10.4 남북 관계 발전과 평화 번영을 위한 선언 대한민국 노무현 대통령과 조선민주주의인민공화국 김정일 국방위원장 사이의 합의에 따라 노무현 대통령이 2007년 10월 2일부터 4일까지 평양을 방문했다.
방문 기간 중 역사적인 상봉과 회담들이 있었다.
상봉과 회담에서는 6.15 공동 선언의 정신을 재확인하고 남북 관계 발전과 한반도 평화, 민족 공동의 번영과 통일을 실현하는 데 따른 제반 문제들을 허심탄회하게 협의했다.
쌍방은 우리 민족끼리 뜻과 힘을 합치면 민족 번영의 시대, 자주 통일의 새 시대를 열어 나갈 수 있다는 확신을 표명하면서 6.15 공동 선언에 기초해 남북 관계를 확대 발전시켜 나가기 위해 다음과 같이 선언한다.
1. 남과 북은 6.15 공동 선언을 고수하고 적극 구현해 나간다.
남과 북은 우리 민족끼리 정신에 따라 통일 문제를 자주적으로 해결해 나가며 민족의 존엄과 이익을 중시하고 모든 것을 이에 지향시켜 나가기로 했다.
남과 북은 6.15 공동 선언을 변함없이 이행해 나가려는 의지를 반영해 6월 15일을 기념하는 방안을 강구하기로 했다.
2. 남과 북은 사상과 제도의 차이를 초월해 남북 관계를 상호 존중과 신뢰 관계로 확고히 전환시켜 나가기로 했다.
남과 북은 내부 문제에 간섭하지 않으며 남북 관계 문제들을 화해와 협력, 통일에 부합되게 해결해 나가기로 했다.
남과 북은 남북 관계를 통일 지향적으로 발전시켜 나가기 위해 각기 법률적 제도적 장치들을 정비해 나가기로 했다.
남과 북은 남북 관계 확대와 발전을 위한 문제들을 민족의 염원에 맞게 해결하기 위해 양측 의회 등 각 분야의 대화와 접촉을 적극 추진해 나가기로 했다.
3. 남과 북은 군사적 적대 관계를 종식시키고 한반도에서 긴장 완화와 평화를 보장하기 위해 긴밀히 협력하기로 했다.
남과 북은 서로 적대시하지 않고 군사적 긴장을 완화하며 분쟁 문제들을 대화와 협상을 통해 해결하기로 했다.
남과 북은 한반도에서 어떤 전쟁도 반대하며 불가침 의무를 확고히 준수하기로 했다.
남과 북은 서해에서의 우발적 충돌 방지를 위해 공동 어로 수역을 지정하고 이 수역을 평화 수역으로 만들기 위한 방안과 각종 협력 사업에 대한 군사적 보장 조치 문제 등 군사적 신뢰 구축 조치를 협의하기 위해 남측 국방부 장관과 북측 인민 무력부 부장 간 회담을 금년 11월 중에 평양에서 개최하기로 했다.
4. 남과 북은 현 정전 체제를 종식시키고 항구적인 평화 체제를 구축해 나가야 한다는 데 인식을 같이하고 직접 관련된 3자 또는 4자 정상들이 한반도 지역에서 만나 종전을 선언하는 문제를 추진하기 위해 협력해 나가기로 했다.
남과 북은 한반도 핵 문제 해결을 위해 6자 회담 9.19 공동 성명과 2.13 합의가 순조롭게 이행되도록 공동으로 노력하기로 했다.
5. 남과 북은 민족 경제의 균형적 발전과 공동의 번영을 위해 경제 협력 사업을 공리 공영과 유무 상통의 원칙에서 적극 활성화하고 지속적으로 확대 발전시켜 나가기로 했다.
남과 북은 경제 협력을 위한 투자를 장려하고 기반 시설 확충과 자원 개발을 적극 추진하며 민족 내부 협력 사업의 특수성에 맞게 각종 우대 조건과 특혜를 우선적으로 부여하기로 했다.
남과 북은 해주 지역과 주변 해역을 포괄하는 서해 평화 협력 특별 지대를 설치하고 공동 어로 구역과 평화 수역 설정, 경제 특구 건설과 해주항 활용, 민간 선박의 해주 직항로 통과, 한강 하구 공동 이용 등을 적극 추진해 나가기로 했다.
남과 북은 개성 공업 지구 1단계 건설을 빠른 시일 안에 완공하고 2 단계 개발에 착수하며 문산/봉동 간 철도 화물 수송을 시작하고, 통행 통신 통관 문제를 비롯한 제반 제도적 보장 조치들을 조속히 완비해 나가기로 했다.
남과 북은 개성/신의주 철도와 개성/평양 고속도로를 공동으로 이용하기 위해 개보수 문제를 협의 추진해 가기로 했다.
남과 북은 안변과 남포에 조선 협력 단지를 건설하며 농업, 보건 의료, 환경 보호 등 여러 분야에서의 협력 사업을 진행해 나가기로 했다.
남과 북은 남북 경제 협력 사업의 원활한 추진을 위해 현재의 남북경제협력추진 위원회를 부총리급 남북경제협력공동 위원회로 격상하기로 했다.
6. 남과 북은 민족의 유구한 역사와 우수한 문화를 빛내기 위해 역사, 언어, 교육, 과학 기술, 문화 예술, 체육 등 사회 문화 분야의 교류와 협력을 발전시켜 나가기로 했다.
남과 북은 백두산 관광을 실시하며 이를 위해 백두산/서울 직항로를 개설하기로 했다.
남과 북은 2008년 북경올림픽 경기 대회에 남북 응원단이 경의선 열차를 처음으로 이용해 참가하기로 했다.
7. 남과 북은 인도주의 협력 사업을 적극 추진해 나가기로 했다.
남과 북은 흩어진 가족과 친척들의 상봉을 확대하며 영상 편지 교환 사업을 추진하기로 했다.
이를 위해 금강산면회소가 완공되는 데 따라 쌍방 대표를 상주시키고 흩어진 가족과 친척의 상봉을 상시적으로 진행 하기로 했다.
남과 북은 자연 재해를 비롯해 재난이 발생하는 경우 동포애와 인도주의, 상부상조의 원칙에 따라 적극 협력해 나가기로 했다.
8. 남과 북은 국제 무대에서 민족의 이익과 해외 동포들의 권리와 이익을 위한 협력을 강화해 나가기로 했다 남과 북은 이 선언의 이행을 위해 남북 총리 회담을 개최하기로 하고, 제 1차 회의를 금년 11월 중 서울에서 갖기로 했다.
남과 북은 남북 관계 발전을 위해 정상들이 수시로 만나 현안 문제들을 협의하기로 했다.",33,2645
iks_doc_2018_hankyoreh_065,Hankyoreh 2018 total annotated text file unicode.txt,Hankyoreh,한겨레,2018,2018_multi_summit,2007년 10월 4일 평양 대한민국 대통령 노무현 조선민주주의인민공화국 국방위원장 김정일,검은색 인민복 뿔테 안경 쓰고 등장한 김정은 위원장,"'2018 남북정상회담'이 열리는 27일 오전 9시 28분께, 김정은 북한 국무위원장이 판문점 북쪽 지역인 판문각 앞에 모습을 드러냈다.
판문각에서 대기하던 김 위원장은 경호원 10여 명에 둘러싸여 판문각 2층 가운데 문에서 나왔다.
김 위원장은 검은색 인민복을 입고, 어둡ㄴ 색 뿔테 안경을 썼다.
김 위원장 곁에는 여동생 김여정 제1 부부장과 김영철 당 중앙위 부위원장 등 북쪽 공식 수행원이 함께 있었다.
김 위원장은 성큼성큼 판문각 2층에서 계단으로 걸어 내려 왔다.
일각에서는 김 위원장이 차량을 타고 판문각 앞 차도에 모습을 드러낼 것이라고 전망했지만, 김 위원장은 9시 이전에 이미 판문각에 도착해 기다리고 있었던 것으로 보인다.
이날 새벽 평양에서 출발한 김 위원장이 차량을 타고 판문점에 왔다면 '72시간 다리'와 판문점 북쪽 지역인 통일각을 지나 판문각에 왔을 가능성이 높다.
군사 분계선을 사이에 두고 판문각과 마주 보고 있는 남쪽 자유의 집에서 김 위원장을 기다리던 문재인 대통령은 판문점 군사정전위원회 회의실 건물인 티투(T2)와 티스리(T3) 건물 사이로 군사 분계선 앞쪽으로 걷어 가 김 위원장을 맞았다.
이번 남북정상회담이 분단 뒤 처음으로 남쪽 지역에서 열리는 만큼 문 대통령이 김 위원장을 마중 나간 셈이다.
2000년, 2007년 평양에서 열린 남북정상회담 때 김정일 국방위원장은 각각 평양 순안공항과 4.25문화회관 광장에 먼저 나와 남쪽 대통령을 기다린 바 있다.
남북 정상, 손 잡고 군사 분계선 함께 넘다 문재인 대통령/김정은 위원장, 판문점서 역사적 상봉 한반도 비핵화 평화 정착 남북 관계 발전 등 논의 예정 문재인 대통령이 27일 9시 30분 김정은 북한 국방위원장과 판문점 군사 분계선에서 역사적인 상봉을 했다.
두 정상은 판문점 군사 분계선 위에서 악수를 나눴다.
남북의 두 정상이 만난 것은 지난 2007년 10월 평양에서 노무현 대통령과 김정일 국방위원장이 만난 이후 11년 만이다.
아울러 북한 최고 지도자가 남한 땅을 밞은 것도 처음이다.
이번 정상회담은 한반도의 비핵화와 평화 정착, 남북 관계 발전의 디딤돌을 놓는 회담이다.
두 정상은 이번 회담에서 가장 중요한 의젠 한반도 비핵화는 물론 판문점 정상회담 정례화와 이산 가족 상봉, 판문점 남북 연락 사무소 개설, 비무장 지대 평화 지대화 등도 논의할 예정이다.
2000년과 2007년에 잇은 세 번째 회담은 성과에 따라 남북 관계는 물론 동북아 지정학, 나아가 판문점 체제로 불릴 수 있는 낡은 한반도 냉전 구조를 통째로 뒤흔들ㄹ 수 있다는 점에서 전 세계의 이목을 끌고 있다.
특히 이번 정상회담은 5월 말 또는 6월 초로 예정된 북/미 회담에 앞서 열린다는 의미도 있다.
청와대와 정부 쪽은 “남북, 북/미 정상회담이 연이어 성공적으로 개최된다면 국제 사회가 바라고 지지하는 북핵 문제의 평화적 해결과 한반도 평화 정착에 역사적인 이정표가 될 것“이라고 설명했다.
문 대통령은 5월 말 또는 6월 초로 예상되는 북미정상회담의 성공을 향한 충실한 가교로써 이번 회담을 활용하겠다는 생각이 각별하다.
문 대통령은 '북미 관계 개선 없이는 남북 관계 개선도 없다'는 확고한 인식에 따라 남북정상회담에서 수준 높은 합의를 끌어내 북미정상회담을 성공시키고 이를 다시 남북 관계 개선으로 연결하는 선순환적 구도를 염두에 두고 있다.
천주교 광주 전남 성당 130여 곳, 남북 정상 만날 때 일제히 1분 타종 김희중 대주교, 모든 성당에 공문으로 타종하자고 알려 “한반도 평화를 위해 하는 역사적 회담의 성공을 기원“광주 전남의 모든 성당이 1분 타종으로 역사적인 남북정상회담의 성공을 기원했다.
천주교 광주 대교구 소속인 광주 전남 지역 성당들은 27일 남북 정상이 군사 분계선을 넘어 만나는 시각에 맞춰 평화와 화해를 기원하며 1분 간 타종했다.
이는 하루 전 김희중 천주교 광주 대교구장이 교구 인사들과 회의를 열어 이렇게 결정하고, 성당 130여 곳에 공문을 보내면서 성사됐다.
김희중 대주교는 공문을 통해 “27일은 문재인 대통령과 김정은 국무위원장이 만나 한반도의 평화를 위해 회담을 하는 역사적인 날이다“고 의미를 부여했다.
잇어 “이번 남북정상회담이 성공적으로 개최돼 한반도에 평화가 정착될 수 있도록 타종이 가능한 성당에서는 두 정상이 처음으로 만나게 되는 시각에 1분 정도 타종해 달라“고 요청했다.
김 대주교는 “남북회담, 북미 회담이 성공적으로 이루어져 한반도가 화해와 상생, 평화 공존의 시대로 나아갈 수 있도록 미사와 기도 중에 기억해 주길 바란다“고 밝혔다.
이에 따라 광주 남동 성당과 광주 운남동 성당 등지에서 남북 정상이 만나는 순간 일제히 타종했다.
김 대주교는 2010년부터 한국종교인평화회의 대표 회장을 지냈고, 2015년 한국천주교주교회의 의장으로 평양을 방문하는 등 한반도 평화에 각별한 관심을 가져왔다.
문재인 대통령 부부, 리설주 여사 영접 뒤 만찬 정상회담 진행 상황 실시간 업데이트 오후 6시 20분 문재인 대통령과 김정숙 여사, 김정은 북한 국무위원장과 리설주 여사를 포함한 남북 수행원들이 함께 만찬에 참석했다.
앞서 김정은 북한 국무위원장의 부인 리설주 여사가 오후 6시 18분께 판문점 평화의 집에 도착했다.
오후 5시 54분께 미리 평화의 집에 도착한 김정숙 여사와 문 대통령이 리 여사를 맞이하고 1층 로비에서 기념 촬영 뒤 만찬장으로 들어섰다.
평화의 집 3층 연회장에 마련된 만찬에는 평양 옥류관 냉면이 준비됐다.
이 외에 문 대통령의 고향 음식인 달고기 구이, 김 위원장이 스위스 유학 시절에 즐겼던 스위스식 감자 전 등이 상에 올랐다.
만찬이 끝난 뒤 두 정상은 평화의 집 건물 전면을 스크린으로 활용한 영상 '하나의봄'을 함께 관람한 뒤 헤어진다.
오후 6시 00분 문재인 대통령과 김정은 북한 국무위원장은 평화의 집에서 남북 정상 간 합의한 내용을 담은 '판문점 선언'에 서명했다.
선언서에는 “남과 북은 정전 협정 체결 65년이 되는 올해에 종전을 선언“하고 “남과 북은 완전한 비핵화를 통해 핵 없는 한반도를 실현한다는 공동의 목표를 확인했다“는 내용이 담겼다.
또한 한반도 비핵화를 위해 남과 북은 “각기 자기의 책임과 역할을 다하기로“했다.
선언 전문은 다음과 같다.
“한반도의 평화와 번영, 통일을 위한 판문점 선언“대한민국 문재인 대통령과 조선민주주의인민공화국 김정은 국무위원장은 평화와 번영, 통일을 염원하는 온 겨레의 한결같은 지향을 담아 한반도에서 역사적인 전환이 일어나고 있는 뜻 깊은 시기에 2018년 4월 27일 판문점 평화의 집에서 남북정상회담을 진행했다.
양 정상은 한반도에 더 이상 전쟁은 없을 것이며 새롭ㄴ 평화의 시대가 열렸음을 8천만 우리 겨레와 전 세계에 엄숙히 천명했다.
양 정상은 냉전의 산물인 오랜 분단과 대결을 하루 빨리 종식시키고 민족적 화해와 평화 번영의 새롭ㄴ 시대를 과감하게 열어 나가며 남북 관계를 보다 적극적으로 개선하고 발전시켜 나가야 한다는 확고한 의지를 담아 역사의 땅 판문점에서 다음과 같이 선언했다.
1. 남과 북은 남북 관계의 전면적이며 획기적인 개선과 발전을 이룩함로써 끊어진 민족의 혈맥을 잇고 공동 번영과 자주 통일의 미래를 앞당겨 나갈 것이다.
남북 관계를 개선하고 발전시키는 것은 온 겨레의 한결같은 소망이며 더 이상 미룰 수 없는 시대의 절박한 요구다.
① 남과 북은 우리 민족의 운명은 우리 스스로 결정한다는 민족 자주의 원칙을 확인했으며 이미 채택된 남북 선언들과 모든 합의들을 철저히 이행함로써 관계 개선과 발전의 전환적 국면을 열어 나가기로 했다.
② 남과 북은 고위급 회담을 비롯한 각 분야의 대화와 협상을 빠른 시일 안에 개최해 정상회담에서 합의된 문제들을 실천하기 위한 적극적인 대책을 세워 나가기로 했다.
③ 남과 북은 당국 간 협의를 긴밀히 하고 민간 교류와 협력을 원만히 보장하기 위해 쌍방 당국자가 상주하는 남북 공동 연락 사무소를 개성 지역에 설치하기로 했다.
④ 남과 북은 민족적 화해와 단합의 분위기를 고조시켜 나가기 위해 각계각층의 다방면적인 협력과 교류, 왕래와 접촉을 활성화하기로 했다.
안으로는 6.15를 비롯해 남과 북에 다 같이 의의가 있는 날들을 계기로 당국과 국회, 정당, 지방 자치 단체, 민간 단체 등 각계각층이 참가하는 민족 공동 행사를 적극 추진해 화해와 협력의 분위기를 고조시키며, 밖으로는 2018년 아시아 경기 대회를 비롯한 국제 경기들에 공동으로 진출해 민족의 슬기와 재능, 단합된 모습을 전 세계에 과시하기로 했다.
⑤ 남과 북은 민족 분단으로 발생된 인도적 문제를 시급히 해결하기 위해 노력하며, 남북 적십자 회담을 개최해 이산가족 친척 상봉을 비롯한 제반 문제들을 협의 해결해 나가기로 했다.
당면해 오는 8.15를 계기로 이산가족 친척 상봉을 진행하기로 했다.
남과 북은 민족 경제의 균형적 발전과 공동 번영을 이룩하기 위해 10.4 선언에서 합의된 사업들을 적극 추진해 나가며, 1차적으로 동해선 및 경의선 철도와 도로들을 연결하고 현대화해 활용하기 위한 실천적 대책들을 취해 나가기로 했다.
2. 남과 북은 한반도에서 첨예한 군사적 긴장 상태를 완화하고 전쟁 위험을 실질적으로 해소하기 위해 공동으로 노력해 나갈 것이다.
한반도의 군사적 긴장 상태를 완화하고 전쟁 위험을 해소하는 것은 민족의 운명과 관련되는 매우 중대한 문제며 우리 겨레의 평화롭고 안정된 삶을 보장하기 위한 관건적인 문제다.
① 남과 북은 지상과 해상, 공중을 비롯한 모든 공간에서 군사적 긴장과 충돌의 근원으로 되는 상대방에 대한 일체의 적대 행위를 전면 중지하기로 했다.
당면해 5월 1일부터 군사 분계선 일대에서 확성기 방송과 전단 살포를 비롯한 모든 적대 행위들을 중지하고 그 수단을 철폐하며, 앞으로 비무장 지대를 실질적인 평화 지대로 만들어 나가기로 했다.
② 남과 북은 서해 북방 한계선 일대를 평화 수역으로 만들어 우발적인 군사적 충돌을 방지하고 안전한 어로 활동을 보장하기 위한 실제적인 대책을 세워 나가기로 했다.
③ 남과 북은 상호 협력과 교류, 왕래와 접촉이 활성화되는 데 따른 여러 가지 군사적 보장 대책을 취하기로 했다.
남과 북은 쌍방 사이에 제기되는 군사적 문제를 지체 없이 협의 해결하기 위해 국방부 장관 회담을 비롯한 군사 당국자 회담을 자주 개최하며 5월 중에 먼저 장성급 군사 회담을 열기로 했다.
3. 남과 북은 한반도의 항구적이며 공고한 평화 체제 구축을 위해 적극 협력해 나갈 것이다.
한반도에서 비정상적인 현재의 정전 상태를 종식시키고 확고한 평화 체제를 수립하는 것은 더 이상 미룰 수 없는 역사적 과제다.
① 남과 북은 그 어떤 형태의 무력도 서로 사용하지 않을 데 대한 불가침 합의를 재확인하고 엄격히 준수해 나가기로 했다.
② 남과 북은 군사적 긴장이 해소되고 서로의 군사적 신뢰가 실질적으로 구축되는 데 따라 단계적으로 군축을 실현해 나가기로 했다.
③ 남과 북은 정전 협정 체결 65년이 되는 올해에 종전을 선언하고 정전 협정을 평화 협정으로 전환하며 항구적이고 공고한 평화 체제 구축을 위한 남북미 3자 또는 남북미중 4자 회담 개최를 적극 추진해 나가기로 했다.
④ 남과 북은 완전한 비핵화를 통해 핵 없는 한반도를 실현한다는 공동의 목표를 확인했다.
남과 북은 북측이 취하고 있는 주동적인 조치들이 한반도 비핵화를 위해 대단히 의의 있고 중대한 조치라는 데 인식을 같이하고 앞으로 각기 자기의 책임과 역할을 다하기로 했다.
남과 북은 한반도 비핵화를 위한 국제 사회의 지지와 협력을 위해 적극 노력해 나가기로 했다.
양 정상은 정기적인 회담과 직통 전화를 통해 민족의 중대사를 수시로 진지하게 논의하고 신뢰를 굳건히 하며, 남북 관계의 지속적인 발전과 한반도의 평화와 번영, 통일을 향한 좋은 흐름을 더욱 확대해 나가기 위해 함께 노력하기로 했다.
당면해 문재인 대통령은 올해 가을 평양을 방문하기로 했다.",69,5793
iks_doc_2018_hankyoreh_066,Hankyoreh 2018 total annotated text file unicode.txt,Hankyoreh,한겨레,2018,2018_multi_summit,2018년 4월 27일 판문점 대한민국 대통령,조선민주주의인민공화국 국무 위원회 위원장 김정은,"오후 5시 20분 산책과 함께 도보다리에서 약 30분 간 둘만의 대화를 마친 문재인 대통령과 김정은 국무위원장은 걸어서 정상회담 장손 평화의 집에 도착했다.
두 정상은 이곳에서 오후 정상회담을 잇어 갈 예정이다.
오후 4시 30분 문재인 대통령과 김정은 국무위원장이 군사 분계선 인근의 '소떼길'에서 공동 식수를 했다.
나무는 정전 협정이 있었던 1953년생 소나무로, 문 대통령은 백두산 흙을 김 위원장은 한라산 흙을 삽으로 퍼 나무 기둥에 뿌렸다.
문 대통령은 식수 행사장 앞에 5분 먼저 도착해 김 위원장을 기다렸다가 잠시 뒤 도착한 김 위원장을 악수로 맞이 했다.
이후 두 정상은 판문점 도보다리까지 수행원 없이 둘만 산책하며 담소를 나눴다.
오후 3시 30분 김의겸 청와대 대변인은 경기도 고양시 킨텍스 프레스 센터에서 브리핑을 열고 문재인 대통령과 김정은 북한 국무위원장의 남북정상회담 일정과 관련해 “오후 회담을 마친 뒤 서명식과 공동 발표가 있을 예정“이라고 밝혔다.
김 대변인은 “오후 4시 30분 공동 기념 식수에 잇어 도보다리 산책과 오후 회담이 이어진다“며 “오후 회담 뒤에는 서명식과 공동 발표가 있을 예정이며, 만찬은 그 직후에 이어진다“고 설명했다.
만찬 북쪽 인원은 김정은 위원장과 리설주 여사를 비롯한 26명이 참석한다.
오후 2시 30분 윤영찬 청와대 국민 소통 수석은 판문점 브리핑을 통해 “두 정상은 오전 회담에서 한반도 비핵화와 항구적 평화 정착, 남북 관계 발전 방향에 대해 시종 진지하고 솔직한 대화를 나눴다“며 “양측은 공동 선언문 작성을 위한 실무 협의를 계속하기로 했으며 선언문이 나온 뒤 양 정상이 서명하고 공동 발표를 할 예정“이라고 밝혔다.
한편 “리설주 여사는 오후 6시 15분경 판문점에 도착한다.
문 대통령과 김정숙 여사, 김정은 위원장과 리설주 여사는 평화의 집에서 잠시 환담한 뒤 만찬 참석한다“고 전했다.
오후 12시 15분 윤영찬 청와대 국민 소통 수석은 두 정상의 오전 회담이 끝난 뒤 판문점 자유의 집 프레스 센터 브리핑에서 “문 대통령이 약식 의장대 사열에 대해 '청와대에 오시면 훨씬 좋은 장면을 보여 드릴 수 있다'고 하자 김 위원장은 '대통령께서 초청해 주시면 언제든 가겠다'고 말했다“고 전했다.
한편, 윤 수석은 문 대통령이 김 위원장을 군사 분계선(MDL)에서 처음 만나 “나는 언제쯤 (북쪽으로) 넘어 갈 수 있겠느냐“고 묻자 김 위원장이 “그러면 지금 넘어 가 볼까요“라고 문 대통령의 손을 이끌었고, 이에 따라 문 대통령이 예정과 달리 군사 분계선을 넘어 가 북측에서 사진을 찍은 것이라고 전했다.
낮 12시 정각 문재인 대통령과 김정은 위원장이 약 100분 동안 진행된 오전 확대 정상회담을 마쳤다.
김정은 위원장은 회담 종료 뒤 차량을 통해 경호원들의 경호를 받으며 북쪽 지역으로 이동했다.
두 정상은 식사와 휴식 시간을 가진 뒤 친교 행사를 하고 오후 회담을 잇어 갈 예정이다.
오전 10시 30분 김정은 위원장은 정상회담 머리 발언에서 “200미터 거리나 되는 짧은 거리 오면서 말씀 드렸지만 이 군사 분리 선 넘는 것ㄴ 사람이 넘기 힘들ㄴ 빌어막힌 것도 아닌데 너무나 쉽게 넘어 온 역사적 이 자리까지 11년이 걸렸는데 걷어 오면서 보니까 왜 그 시간이 오래됐나 왜 오기 힘들었나 생각이 들었다“면서 “오늘 역사적 이 자리에서 기대 하시는 분들도 많고 지난 시기처럼 아무리 좋은 합의나 글이 나와도 그것이 제대로 이행되지 못하면 오히려 이런 만남 갖고도 좋은 결과가 발전하지 못하면 기대 품었던 분들에게 오히려 더 낙심 주지 않겠나, 앞으로 마음가짐 잘하고 정말 우리가 잃어 버린 11년 세월이 아깝지 않을 정도로 아까 말씀 드린 것처럼 수시로 만나서 걸린 문제 풀어 나가고 마음을 합치고 의지를 모아서 그런 의지를 가지고 나가면 우리가 잃어 버린 11년이 좋게 나가지 않겠나 이런 생각도 하면서 정말 만감이 교차하며 200미터를 걸어 왔다“고 말했다.
그는 잇어 “오늘 이 자리에서 평화와 번영 북남 관계 새롭ㄴ 역사 씌어지는 순간에 출발점에 서서 출발점에서 신호탄을 쏜다는 마음가짐을 가지고 여기 왔다.
오늘 현안 문제들 관심사 문제들 관심사되는 문제들 툭 터 놓고 얘기하고 그래서 좋은 또 결과를 만들어 내고 또 앞으로 이 자리를 통해서 우리가 지난 시기처럼 이렇게 또 원점에 돌아가고 이행하지 못하고 이런 결과보다는 우리가 앞으로 마음가짐을 잘하고 미래를 내다보며 지향성 있게 손 잡고 걸어 나가는 계기가 돼서 기대하신 분들 기대에도 부흥하고 오늘 결과 좋아서 여 오기 전에 보니까 오늘 저녁 만찬 음식 많이 얘기하던데 어렵사리 평양에서부터 평양냉면을 가지고 왔는데 그런데 대통령께서 편한 마음으로 가져왔는데 대통령께서 편안한 마음으로 평양냉면 멀리 온 멀다 말하면 안 되갔구나.
(주변 웃음) 맛있게 드시면 좋겠습네다.
오늘 정말 허심탄회하게 진지하게 솔직하게 이런 마음가짐으로 문재인 대통령과 좋은 얘기를 하고 또 반드시 필요한 얘기를 하고 좋은 결과를 만들어 내겠다는 것ㄹ 문재인 대통령 앞에도 말씀 드리고 기자 여러분에게도 말한다“고 말했다.
이에 문재인 대통령은 “네“라고 대답하며 “오늘 우리 만남을 축하하듯 날씨도 아주 화창하다.
한반도에 봄이 한창이다.
한반도의 봄 온 세계가 주목하고 있다.
전 세계 눈과 귀가 여기 판문점에 쏠려 있다.
우리 남북의 국민들 해외 동포들이 거는 기대도 아주 크다.
그만큼 우리 두 사람 어깨가 무겁다“고 화답했다.
잇어 “우리 김정은 위원장이 사상 최초로 군사 분계선을 넘어 오는 순간 이 판문점은 분단의 상징이 아니라 평화의 상징이 됐다.
우리 국민 여러분 전 세계의 기대가 큰데 오늘의 이 상황을 만들어 낸 우리 김정은 위원장의 용단에 대해서 다시 한 번 경의 표하고 싶다.
오늘 우리 대화도 그렇게 통 크게 대화를 나누고 합의에 일러서 우리 온 민족과 평화를 바라는 이 세계 모든 사람들에게 큰 선물을 안겨 줬으면 좋겠다.
자, 오늘 뭐 하루 종일 얘기할 수 있는 시간이 있는 만큼 그동안 10년 동안 못 한 것 충분히 나눕시다“라고 말했다.
오전 10시 15분 두 정상은 판문점 평화의 집 2층에서 정상회담을 시작했다.
김정은 북한 국무위원장은 머리 발언에서 “잃어 버린 11년 아깝지 않아야 한다“고 말했고, 문재인 대통령은 “대화도 통 크게 나눴으면 한다“고 화답했다.
오전 9시 44분 두 정상은 정상회담 장손 평화의 집 1층에 마련된 접견실로 이동해 친교의 시간인 사전 환담을 시작했다.
두 정상은 잇어 2층 정상회담장으로 옮겨 오전 10시 30분부터 정상회담을 시작할 예정이다.
오전 9시 42분 김정은 위원장이 정상회담 장손 평화의 집에 도착해 방명록에 서명했다.
문재인 대통령은 옆에 서서 이 모습을 지켜 봤다.
김 위원장은 방명록에 “새롭ㄴ 력사는 이제부터.
평화의 시대, 력사의 출발점에서“라고 적었다.
오전 9시 37분 김정은 북한 국무위원장이 북쪽 정상으로는 처음으로 한국 군의 사열을 받았다.
오전 9시 35분 문재인 대통령과 김정은 북한 국무위원장이 전통 의장대의 호위 받으며 도보로 자유의 집과 평화의 집 사이에 위치한 판문점 광장 쪽으로 이동했다.
문 대통령은 김 위원장과 군사 분계선에서 악수를 나누는 과정에서 잠시 북측 지역으로 넘어 가기도 했다.
오전 9시 30분 문재인 대통령과 김정은 북한 국무위원장이 판문점 군사 분계선에서 만나 악수하고 함께 걸어서 군사 분계선을 통과했다.
오전 9시 1분 문재인 대통령이 남북정상회담 장손 판문점에 도착했다.
문 대통령은 평화의 집에서 잠시 휴식을 취한 뒤 오전 9시 30분 도착 예정인 김정은 북한 국무위원장을 군사 분계선(MDL)에서 악수로 맞이할 예정이다.
오전 8시 6분 문재인 대통령이 김정은 북한 국무위원장과의 판문점 정상회담을 위해 청와대를 출발했다.
문 대통령은 청와대를 출발하면서 별도의 성명은 발표하지 않았다.
문 대통령은 출발 직후 차량에서 내려 청와대 주변에 응원 나온 시민들과 약 2분 간 악수를 나눴다.",49,3896
iks_doc_2018_hankyoreh_067,Hankyoreh 2018 total annotated text file unicode.txt,Hankyoreh,한겨레,2018,2018_multi_summit,청와대 “정상회담 합의문 발표 형식 아직 안정해져““김정숙 여사 어디 있는지 확인 어려워 배석 수행원 미정“,,"문 대통령 전용차 옆 자리엔 송인배 제1 부속실장 동석 문재인 대통령과 김정은 북한 국무위원장의 판문점 정상회담이 열리는 27일 오전까지도 청와대는 두 정상의 합의 내용에 대한 발표 형식이 정해지지 않았다고 밝혔다.
김의겸 청와대 대변인은 이날 오전 경기 일산 킨텍스 메인 프레스 센터(MPC) 브리핑에서 '합의문 발표 형식이 정해졌나'이라는 질문에 “아니다.
회담 결과에 따라, 회담의 내용에 따라 형식과 순서가 정해질 것“이라고 답했다.
양측 공식 수행원 중 정상회담에 실제로 배석할 수행원이 확정됐느냐는 질문에도 김 대변인은 아직 정해지지 않았다고 답했다.
김 대변인은 '문 대통령의 부인인 김정숙 여사도 함께 판문점으로 가고 있느냐'는 질문에도 역시 “미정“이라며 “여기서 알ㄹ 수 없다“고 밝혔다.
'김 위원장의 부인인 리설주 여사의 참석도 확정이 안 됐다고 하는데, 김 여사의 참석도 결정이 안 됐나'이라는 외신의 질문이 다시 나왔으나, 김 대변인은 “아직 결정되지 않았고, 지금 저희는 현장과 거리가 떨어져 있어서 김 여사가 어디 있는지 확인하기 어렵다“고 설명했다.
다만 이날 언론에 보도된 문 대통령 전용차 내부 사진을 보면, 문 대통령의 옆 자리에는 김 여사가 아닌 송인배 청와대 제1 부속실장이 동승한 것으로 나와 있다.
보수 단체 재향군인회도 문 대통령 판문점 여정 환송 향군회원 6 천여 명 전국 곳곳서 상경 '정상회담 성공 기원' 국내 최대 안보 단첸 재향군인회(향군)가 27 일 역사적인 남북 정상회담이 열리는 판문점으로 출발하는 문재인 대통령을 환송했다.
문 대통령이 탄 차량은 이날 아침 청와대를 출발해 서울 정부 청사 창성동 별관 앞에서 잠시 멈췄다.
차에서 내린 문 대통령은 환송하기 위해 나온 시민들과 악수했다.
문 대통령과 가장 먼저 악수한 것은 맨 앞에 나와 있던 향군 회장단 7명이었다.
모자를 쓰고 '대한민국 재향군인회'이라고 적힌 어깨 띠를 두른 이들은 문 대통령과 차례대로 악수하며 짤막한 인사를 나눴다.
국내 최대 안보 단체자 보수 단체로 통하는 향군이 가장 먼저 문 대통령에게 환송 인사를 보낸 것이다.
진보와 보수를 넘어 남북 정상회담을 향한 국민의 염원을 보여 주는 상징적 장면으로 볼 수 있다.
문 대통령은 향군 회장단에 잇어 시민들과 일일이 악수했다.
멀리 있는 시민들을 향해서는 고개 숙여 인사하기도 했다.
시민들은 태극기를 흔들며 한반도 평화를 위한 장도에 오른 문 대통령에게 환호를 보냈다.
향군은 이날 창성동 별관부터 적선 로터리, 세종문화 회관, 광화문역에 이르는 1.2㎞ 구간에서 문 대통령을 환송하며 이번 남북 정상회담의 성공을 기원했다.
전국 곳곳에서 올라온 향군회원들은 태극기와 '비핵화', '정상회담 성공 기원' 등이 적힌 피켓을 들고 도로변에 늘어섰다.
문 대통령의 환송에 참가한 향군회원은 6 천여 명으로 알려졌다.
주대진(68) 전북 향군회장은 “전 세계가 주목하는 이번 남북 정상회담에서 반드시 온 국민이 염원하는 북한의 비핵화라는 성공적 결과가 나오길 기대하면서 대통령님에게 힘을 싣어 주기 위해 모든 일을 뒤로 미루고 참석했다“고 말했다.",21,1525
iks_doc_2018_hankyoreh_068,Hankyoreh 2018 total annotated text file unicode.txt,Hankyoreh,한겨레,2018,2018_multi_summit,새벽 4시에 콜택시 타고 왔어요“남북 정상회담 내외신 취재 열기 전 세계 언론사 2 천 명 취재 돌입 “역사적 순간에 함께 해 영광“,,"27일 '한반도의 역사적인 날'을 기록하기 위해 전 세계 취재진이 새벽부터 경기도 파주 최북단에 속속 도착했다.
11년 만에 남북 정상이 만나는 파주 판문점과 한 뼘이라도 가까이에서 취재하기 위해 마이크와 카메라를 각각 들ㄴ 기자들은 경의선 남북출입사무소(CIQ)와 임진각 등지로 모여 들었다.
이날 오전 6시 30분께 판문점으로 가는 관문인 통일대교 남단 진입 교차로에서 만난 기자들은 긴장한 듯하면서도 들뜬 모습을 보였다.
대만 언론산 넥스트 TV 방송사의 제니 웨이 기자는 “역사적인 순간의 '멤버'가 돼 신나고 긴장된다“면서 “개인적으로도 무척 영광“이라고 말했다.
웨이 기자는 서울 특파원이 없어 '해외 출장'을 온 기자들의 취재 환경을 전해 주기도 했다.
7박 8일 간의 일정으로 방문한 이 기자는 취재 차량이 따로 없어서 서울에서 콜택시를 타고 새벽 4시에 파주에 도착했다.
종일 이용에 하루 24 만 원의 비용을 지불했으며, 택시 기사는 중국어와 일본어로 의사 소통할 수 있다고 한다.
중간 중간 통역에 나서기도 한 운전 기사를 보니 영화 '택시 운전사'의 배우 송강호가 떠오르기도 했다.
AFP 등 해외 주요 언론사의 취재진은 “회사 방침상 인터뷰에는 응할 수 없어 미안하다“면서 '쏘리(sorry)'를 연발했다.
같은 시각 정상회담 프레스 센터가 마련된 고양시 일산 킨텍스에서도 기자단을 태운 셔틀버스가 출발했다.
오전 7시 30분께 임진강 역에서는 보안 검색 대 앞에 기자들이 줄지어 서 이색 풍경을 연출했다.
CIQ에 들어가기 위해 출입 신청을 한 취재진만 국내외 언론사 16 곳에 160여 명이 됐다.
남북정상회담이 열리는 판문점뿐만 아니라 청와대 춘추관, 킨텍스 프레스 센터, CIQ, 임진각 등 소식이 들리는 곳곳에서 26개 언론사 약 2 천 명이 정상회담 취재에 돌입했다.
문재인 대통령이 판문점에 가기 위해 청와대를 나서면서 오전 8시를 기점으로 통일대교 남단 부근 도로도 전면 통제됐다.
일본 언론 “정상회담 판문점 개최, 김 위원장이 희망했다“27일 열리는 남북 정상회담과 관련해 김정은 북한 국무위원장이 개최 장소로 판문점을 희망했다는 일본 언론의 보도가 나왔다.
아사히 신문은 이날 서울발 기사에서 북한 관계 소식통을 인용해 한국이 지난달 5일 특사단을 보내 정상회담의 개최지를 제주도, 판문점, 평양으로 제안했다고 보도했다.
이 소식통은 이 중 평양은 이미 과거에 2 차례 정상회담이 열린 적이 있는 데다 김 위원장의 경비 문제가 있어서 제주도 개최가 기대됐다며 하지만 김 위원장이 한국 측에 판문점을 개최 장소로 할 것을 요구했다고 전했다.
소식통에 따르면 북한은 지난 3월 말부터 당 간부를 대상으로 배포된 교육용 자료에 “원수(김 위원장)가 38선을 넘어서 남측에 내려간다“면서 용기 있는 결단이라고 칭찬했다.
다른 북한 관계 소식통 역시 북한이 김 위원장이 군사 경계선을 넘어 판문점에 가는 것에 대해 “인민을 위해 목숨을 걸고 혼자서 남측에 가신다“고 설명하고 있다고 전했다.
아사히는 이에 대해 조부와 아버지가 실현하지 못하았던 남측 방문의 의의를 강조해 김 위원장의 신격화에 이용하는 것으로 보인다고 설명했다.
문 대통령, 시민들 '회담 성공' 응원에 “고맙습니다” 청와대 출발 길 차에서 내려 인사 감색 양복에 푸른 넥타이 문재인 대통령은 27일 남북정상회담 성공을 응원하는 시민들에게 “고맙습니다“라고 인사를 건넸다.
이날 오전 8시 6분 김정은 북한 국무위원장과 판문점 정상회담을 위해 청와대를 출발한 문 대통령은 청와대 주변에 모여 들ㄴ 시민들을 보자 1분 만에 차를 세워 재향군인회 인사 등과 인사를 나눴다.
감색 양복에 푸른 넥타이 차림의 문 대통령은 환한 미소와 함께 두 손을 모아 “힘내셔요“, “성공하십시오“를 외치는 시민들과 악수를 하고 손을 흔들며 인사했다.
문 대통령은 “화이팅“을 연호하는 시민들에게 “고맙습니다“라고 말한 뒤 2분 만에 차에 탑승해 판문점으로 향했다.
문 대통령, 판문점 도착 9시 30분께 김정은과 첫 만남 문재인 대통령 판문점 도착 문재인 대통령은 27일 오전 9시 1분께 남북정상회담 장손 판문점에 도착했다.
문 대통령은 평화의 집에서 잠시 휴식을 취한 뒤 오전 9시 30분 도착 예정인 김정은 북한 국무위원장을 군사정전위원회 본회의실(T2)와 소회의실(T3) 사이 군사 분계선(MDL)에서 악수로 맞이할 예정이다.",26,2135
iks_doc_2018_hankyoreh_069,Hankyoreh 2018 total annotated text file unicode.txt,Hankyoreh,한겨레,2018,2018_multi_summit,"문 대통령 8시 판문점으로 김정은, 새벽 평양 출발",,"문재인 대통령이 27일 김정은 북한 국무위원장과의 2018 남북정상회담에 참석하려 아침 8시 6분 청와대를 출발했다.
문 대통령은 전용차를 타고 광화문 자유로를 거쳐 이동하게 된다.
그는 오전 9시 30분 판문점 군사 분계선에 있는 군사정전위원회 회의실 건물인 티투(T2), 티스리(T3) 사이로 걸어 방남하는 김 위원장을 맞이할 예정이다.
한편 김정은 북한 국무위원장이 판문점 남쪽에서 열리는 남북정상회담을 위해 27일 새벽 평양을 출발했다고 북한 <조선중앙통신>이 보도했다.
<조선중앙통신>은 이날 아침 6시 31분께(남쪽 시각 북쪽 시각 6시 1분께) 올린 기사에서 “조선노동당 위원장이시며 조선민주주의인민공화국 국무 위원회 위원장이신 우리 당과 국가, 군대의 최고 영도자 김정은 동지께서 판문점 남측 지역에서 열리는 역사적인 북남 수뇌 상봉과 회담을 위하 여 4 월 27 일 새벽 평양을 출발하셨다“고 전했다.
잇어 “이번 북남 수뇌 상봉과 회담은 민족 분단사상 처음으로 남측 지역에서 진행되게 된다“고 덧붙였다.
당 기관진 <노동신문>도 이날 1면에 김 위원장의 정상회담 예고 기사를 내보냈다.
<조선중앙통신>은 또 “김정은 동지께서 문재인 대통령과 북남 관계를 개선하고 조선 반도의 평화와 번영, 통일을 이룩하는 데서 나서는 제반 문제들에 대해 허심탄회하게 논의하시게 된다“고 전했다.
<조선중앙통신>은 애초 “경애하는 최고 령도자 동지께서는 북남 수뇌 상봉과 회담에 잇어 문재인 대통령과 기념 식수를 하시고 력사적인 판문점 회담 결과를 발표하시게 되며 문재인 대통령이 주최하는 만찬에 참석하신 후 평양으로 돌아오시게 된다“고 전했으나 약 1시간 뒤껜 아침 7 시 30 분(남쪽 시각 북쪽 시각 7 시께) 수정 보도를 내 이 부분을 “경애하는 최고 령도자 동지께서는 27일 오전과 오후에 잇어 밤까지 북남 수뇌 상봉과 회담일정을 마치신 후 평양으로 돌아오시게 된다“고 고쳤다.",9,944
iks_doc_2018_hankyoreh_070,Hankyoreh 2018 total annotated text file unicode.txt,Hankyoreh,한겨레,2018,2018_multi_summit,4월 27일 남북정상회담 전체 일정 1. 김정은 국무위원장 판문점까지 차로 이동. 판문각 도착,"2. 9시 30분 김정은 위원장 판문점 군사정전위원회 회의실 T2, T3 사이로 군사 분계선 통과
3. 문재인 대통령, 김 위원장 맞이 악수 전통 의장대 호위 받으며 환영식장으로 도보 이동
4. 9시 40분께 판문점 광장에 도착 환영식 의장대 사열 뒤 평화의 집으로 걸어서 이동
5. 평화의 집 1층에서 김 위원장 방명록 서명 문 대통령과 기념 촬영 접견실 사전 환담
6. 10시 30분 정상회담(오전) 정상회담 종료 뒤 양측 별도의 오찬과 휴식 시간
7. 오후 군사 분계선 인근의 '소떼길'에서 기념 식수(1953년생 소나무) 도보다리까지 산책하며 담소
8. 정상회담(오후) 합의문 서명과 발표 (형식 장소 미정)
9. 18시 30분 3층 식당에서 환영 만찬 환승 행사(영상 관람 '하나의봄')
10. 김 위원장 북쪽으로 귀환","문 대통령, 오전 8시 6분께 판문점으로 출발 별도 성명은 발표 안 해 문재인 대통령이 김정은 북한 국무위원장과의 판문점 정상회담을 위해 27일 오전 8시 청와대를 출발했다.
문 대통령은 청와대를 출발하면서 별도의 성명은 발표하지 않았다.
문 대통령은 전용 차량을 이용해 판문점으로 이동하며, 오전 9시 30분 군사 분계선(MDL)에 걸쳐 있는 군사정전위원회 회의실인 T2와 T3 사이로 걸어서 월경하는 김 위원장을 악수로 맞이한다.
남북 정상이 분단의 상징인 판문점 MDL 선상에서 조우하는 것은 처음이며, 북한 최고 지도자의 방남 역시 최초다.
두 정상은 국군 의장대의 사열을 포함한 공식 환영식에 잇어 회담이 열리는 평화의 집에 들어선다.
김 위원장은 평화의 집 1층에서 방명록을 작성하며, 잇어 문 대통령과 김 위원장은 기념 촬영을 하고 접견실에서 사전 환담을 한다.
잇어 오전 10시 30분부터 2층 회담장에서 확대 정상회담을 시작, 비핵화와 평화 체제 정착, 남북 관계 개선 등에 대한 심도 있는 논의에 들어간다.
양 정상은 각각 오찬을 한 뒤 식수와 친교 행사를 하고서 오후 회담에 들어가며, 회담 상황에 따라 공동으로 합의문을 발표할 예정이다.
김 위원장은 문 대통령의 베푸는 환영 만찬에 참석한 뒤 이날 밤늦게 북한으로 돌아간다.
북 “김정은 북남 수뇌 상봉 위해 새벽 평양 출발“김정은 북한 국무위원장이 판문점 남쪽에서 열리는 남북정상회담을 위해 27일 새벽 평양을 출발했다고 북한 <조선중앙통신>이 보도했다.
<조선중앙통신>은 이날 아침 6시 31분께(남쪽 시각 북쪽 시각 6시 1분께) 올린 기사에서 “조선노동당 위원장이시며 조선민주주의인민공화국 국무 위원회 위원장이신 우리 당과 국가, 군대의 최고 영도자 김정은 동지께서 판문점 남측 지역에서 열리는 역사적인 북남 수뇌 상봉과 회담을 위하 여 4 월 27 일 새벽 평양을 출발하셨다“고 전했다.
잇어 “이번 북남 수뇌 상봉과 회담은 민족 분단사상 처음으로 남측 지역에서 진행되게 된다“고 덧붙였다.
당 기관진 <노동신문>도 이날 1면에 김 위원장의 정상회담 예고 기사를 내보냈다.
<조선중앙통신>은 또 “김정은 동지께서 문재인 대통령과 북남 관계를 개선하고 조선 반도의 평화와 번영, 통일을 이룩하는 데서 나서는 제반 문제들에 대해 허심탄회하게 논의하시게 된다“고 전했다.
<조선중앙통신>은 애초 “경애하는 최고 령도자 동지께서는 북남 수뇌 상봉과 회담에 잇어 문재인 대통령과 기념 식수를 하시고 력사적인 판문점 회담 결과를 발표하시게 되며 문재인 대통령이 주최하는 만찬에 참석하신 후 평양으로 돌아오시게 된다“고 전했으나 약 1시간 뒤껜 아침 7 시 30 분(남쪽 시각 북쪽 시각 7 시께) 수정 보도를 내 이 부분을 “경애하는 최고 령도자 동지께서는 27일 오전과 오후에 잇어 밤까지 북남 수뇌 상봉과 회담 일정을 마치신 후 평양으로 돌아오시게 된다“고 고쳤다.
김 위원장은 이날 오전 9시 30분께 판문점 군사정전위원회 회의실 건물인 티투(T2)와 티스리(T3) 건물 사이로 군사 분계선을 걸어서 넘어 맞은편에서 기다리고 있는 문재인 대통령과 첫 악수를 나눈다.",16,1534
iks_doc_2018_hankyoreh_071,Hankyoreh 2018 total annotated text file unicode.txt,Hankyoreh,한겨레,2018,2018_multi_summit,북미 아닌 남북이 동력 만들어 '비핵화' 첫 회담 과거 정상회담과 다른 점은,"역대 남북 정상회담 현황 1차 2차 3차
일자 2000년 6 월 13일~15일 2007년 10월 2~4일 2018년 4월 27일
남북 정상 김대중 대통령 / 김정일 국방위원장 노무현 대통령 / 김정일 국방위원장 문재인 대통령 / 김정은 국무위원장
장소 북한 평양 백화원 영빈관 (서해 직항로 이용 방북) 북한 평양 백화원 영빈관 (경의선 육로 이용 방북) 판문점 평화의 집 (남쪽, 걸어서 방남)
회담 시점 김 전 대통령 임기 중반 노 전 대통령 임기 말 문 대통령 임기 전반
수행원 규모 180 명 308 명 크게 줄어 들ㄹ 전망
결과 6.15 남북 공동 선언문 발표 10.4 남북 정상 선언 발표
예상 의제 통일 문제의 자주적 해결 6.15 공동 선언 고수 및 적극 구현 한반도 비핵화 1 국가 2 체제의 통일 방안 협의 사회 문화 분야 교류와 협력 군사적 긴장 완화 남북 간 교류의 활성화 남북 상호 존중과 신뢰 관계로 전환 항구적 평화 정착 이산가족 문제의 조속한 해결 한반도 평화 위해 긴밀히 협력 남북 관계 진전 등","역사적인 2000년 첫 남북정상회담과 2007년 두 번째 정상회담의 발자취를 되새기며 27일 남북정상회담을 톺아 보면, 제각각 크고 작은 난관이 있었다.
북/미 회담의 '길잡이'로 나선 문재인 대통령과 새로 등판한 '전략가' 김정은 북한 국무위원장이 엮어 낼 '2018 남북정상회담'은 이전 정상회담과 어떻게 다를까?
문재인 대통령은 아직 임기 초 우선 이번 남북정상회담은 문재인 정부가 출범한 지 1년도 채 안 된 시점에 열린다는 점에서 앞선 정상회담들과 다르다.
김대중 대통령과 김정일 국방위원장의 2000년 6월 남북정상회담은 1998년 2월에 취임한 김 전 대통령의 임기 중반에 열렸다.
노무현 대통령과 김정일 위원장의 정상회담은 노 대통령의 임기 말인 2007년 10월에야 성사됐다.
두 달 뒤 대선에서 이명박 대통령이 당선되면서 10.4 정상 선언을 통해 두 정상이 추진하고자 했던 남북 관계 발전과 공동 번영을 위한 각종 합의들은 동력을 잃고 말았다.
임기를 4년 남겨 두고 첫 남북정상회담을 여는 문 대통령의 경우, 자신의 구상대로 정상회담을 정례화하게 된다면 앞선 두 차례의 정상회담과 달리 남북 간 합의를 이행할 기회가 보장되는 셈이다.
북/미 대치 속 남북이 동력 만들어 이번 정상회담이 가시화된 과정도 앞선 두 번의 정상회담과는 차이가 있다.
2000년 정상회담과 2007년 정상회담 모두 북/미 관계가 풀리면서 본격적으로 추진됐다.
김대중 대통령은 취임사에서 '햇볕 정책'(대북 포용 정책)을 밝히며 남북정상회담 개최 용의를 표명했으나, 취임 첫핸 1998년 북한의 대포동 1호 발사 등으로 남북 화해 정책 추진에 어려움을 겪었다.
이후 김 대통령은 임동원 청와대 외교 안보 수석을 통해 미국의 '페리 프로세스'를 만들어 내는 데 깊이 관여하며 급랭한 정세를 반전시켰다.
윌리엄 페리 미 대북 정책 조정관의 방북 이후 북한의 미사일 실험 모라토리엄 선언과 미국의 대북 제재 해제 조처가 이어지면서 분위기가 무르익자 2000년 3월부터 박지원 당시 문화 관광부 장관과 송호경 북한 아태평화 위원회 부위원장은 3 차례의 비공개 특사 회담을 열고 정상회담 개최에 합의했다.
2007년 정상회담은 북한의 1차 핵 실험 이후 극단으로 치닫던 북/미가 2007년 5차 6자 회담에서 북한의 핵 시설 폐쇄 봉인 등에 합의(2.13 합의)하면서 성사됐다.
앞서 북한은 2005년 4 차 6자 회담에서 “모든 핵무기와 현존하는 핵 프로그램 포기“등에 합의(9.19 공동 성명)했으나 미국이 방코델타아시아(BDA 비디에이)은행을 돈 세탁 우려 대상으로 지정하며 그곳에 예치됐던 북한 계좌를 동결하자 강력히 반발하며 9.19 공동 성명 이행을 거부했다.
이후 북한은 2006년 10월 9일 1차 핵 실험으로 맞섰다.
2.13 합의로 '북핵 위기'가 한풀 꺾이면서 노무현 대통령은 그해 8월 김만복 당시 국정원장을 평양에 특사로 보내 2차 정상회담 개최에 합의했다.
이번 정상회담의 경우는 한반도 전쟁 위기설까지 나오며 북/미가 팽팽히 대립하는 상황에서 문재인 정부가 둘 사이를 오가며 북한의 비핵화 약속을 이끌어 내는 등 간극을 좁히고 정세를 이끌어 왔다는 점에서 앞선 두 회담과 차별성이 있다.
남북이 비핵화를 핵심 의제로 다루긴 처음 한반도 비핵화가 남북정상회담의 핵심 의제로 오른 점도 과거와 다르다.
2007년 10월 회담 때도 정상 선언에서 “9.19 공동 성명과 2.13 합의가 순조롭게 이행되도록 공동으로 노력한다“는 문구를 넣는 방식으로 남북 정상이 한반도 비핵화를 에둘러 표현한 적이 있다.
당시는 이미 6자 회담에서 '북핵 불능화'가 합의(10 3 합의)된 상황이어서 두 정상이 특별히 비핵화에 '합의'를 할 부분은 없었던 측면도 있었지만, 북한이 줄곧 '북핵 문제는 미국의 대북 적대시 정책의 결과'로 북/미 양자가 협의할 문제라며 남북 간 논의를 거부한 탓도 크다.
그러나 이번엔 남북 정상이 비핵화를 3 대핵심 의제 중 하나로 명문화했다.",21,1940
iks_doc_2018_hankyoreh_072,Hankyoreh 2018 total annotated text file unicode.txt,Hankyoreh,한겨레,2018,2018_multi_summit,"대통령 임기 중 후반 아닌 초반 성사 남북 합의하면 이행 기회 보장된 셈 과거엔 북미 대립 관계 풀리며 추진 이번엔 남쪽 적극 나서 정세 이끌어 평화 정착 주요 의제 2007년과 유사 비핵화 합의가 테이블 오른 것ㄴ 처음 핵 개발 능력 초기 단계였던 북한 이젠 “핵 무력 완성“선언한 상황 평양 아닌 '분단 상징' 판문점서 열려 북 정상, 한국전 뒤 남쪽 땅 처음 밟아",,"그렇지만 이번 정상회담에는 이전 정상회담의 발전적 계승의 측면도 있다.
우선 이번 정상회담에서 다뤄질 주요 의제들인 평화 정착과 남북 관계 발전 문제는 큰 틀에서 2차 정상회담 때 다뤄진 주요 의제들과 다르지 않다.
2007년 정상회담 때 합의됐으나 이행되지 못한 정전 체제 종식과 항구적 평화 체제 구축 공동 어로 수역 평화 수역 지정 등은 이번 회담에서 다시 대화 테이블에 오를 것으로 보인다.
2007년 추진했던 서해 평화 협력 특별 지대 설치 등 공동 번영을 위한 경제 협력 사업 등도 이번 정상회담과 이후 북/미 정상회담의 결과와 연동해 추후 다시 논의될 것으로 예상된다.
사실 10.4 정상 선언도 앞서 남북 관계 발전의 기본 방향을 제시했던 2000년 6.15 공동 선언의 구체적 이행 방안을 담고 있는 것으로 평가된다.
2000년 6월 첫 남북정상회담에서 합의한 5개 항의 '6.15 공동 선언'에서는 “민족의 문제를 자주적으로 해결한다“는 통일의 원칙과 '낮은 단계의 연방제와 남북 연합제'이라는 각자의 통일 방안의 공통점을 인정하고, 이산가족 문제 해결과 경제 문화 사회 교류 협력 활성화 등이 주요 의제로 다뤄졌다.
북한 '국가 핵 무력 완성' 선언 북한의 핵 미사일 등 대량 파괴 무기 수준도 과거 정상회담 때와 차이가 난다.
북한은 지난해 11월 29일 대륙 간 탄도 미사일 '화성/15'형을 발사한 뒤 “국가 핵 무력 완성“을 선언했다.
앞서 북한은 플루토늄과 농축 우라늄 프로그램을 모두 가동하며 6차 핵 실험까지 마쳤다.
전문가들은 북한이 조만간 대륙 간 탄도 미사일(ICBM)의 재진입 기술만 확보하면 대륙간탄도미사일에 핵탄두를 장착해 미국 본토를 타격할 수 있는 것으로 평가했다.
적어도 핵보유국으로서의 능력과 지위를 눈앞에 둔 상태다.
반면 2000년 정상회담 때는 북한이 플루토늄 추출 기술을 확보한 상태였다.
북한은 이미 1992년 국제원자력기구(IAEA)와 핵안전조치 협정을 체결하면서 핵 시설 7 곳과 플루토늄 90g 보유 사실을 신고했다.
특별 사찰 문제로 갈등을 빚다 1994년 북/미 간 제네바 합의에 따라 북한은 영변 핵 시설을 동결하기로 하고 핵확산금지조약(NPT) 잔류와 국제원자력기구 안전 조치 협정 이행을 약속했다.
대신, 미국은 북/미 관계를 개선하고 북쪽에 경수로 및 중유를 제공하기로 했다.
2007년 정상회담 때도 북한의 핵 개발 능력은 초기 단계에 머물렀다.
국방부 추산 티엔티 0.8~1㏏(킬로 톤)의 폭발력을 기록했던 1차 핵 실험은 실패로 돌아갔다는 평가였다.
이때까지 북한의 우라늄 농축 프로그램은 확인되지 않았다.
판문점에서 열리는 첫 정상회담 앞선 두 차례의 정상회담과 이번이 가장 뚜렷하게 갈리는 점은 바로 회담 장소다.
2000년과 2007년 정상회담은 평양에서 열렸다.
이번에는 '냉전과 분단의 상징'인 판문점 남쪽 지역인 평화의 집에서 진행된다.
한국전쟁 이후 북쪽 최고 지도자가 남쪽에 발을 내딛는 첫 사례기도 하다.
김대중 대통령은 서해 직항로를 통해, 노무현 대통령은 경의선 육로로 방문한 반면 김정은 위원장은 '72시간 다리'를 건너 노 전 대통령과는 반대 방향으로 군사 분계선을 넘는다.
장소가 판문점인 만큼 이번 정상회담에는 대대적인 환영 행사 등 의전도 제한된다.
3 군 의장대 사열도 축소된 형태로 진행된다.
2000년 정상회담 당시 김대중 대통령은 평양 순안공항에서 내려 숙손 백화원으로 가는 동안 수십만의 평양 시민들의 환영을 받았다.
노무현 대통령도 2007년 평양 시내에서 카퍼레이드를 진행했다.
대표단 규모도 과거 회담들과 차이가 크다.
2000년 회담 때는 각 부처 공식 수행원 외에도 정치 경제 사회 문화 등 분야별 특별 수행원까지 그 규모가 180여 명, 2007년에는 그 2밴 308명에 달했다.
문 대통령의 2018 남북정상회담 공식 수행원은 임종석 대통령 비서실장, 정의용 청와대 국가 안보실장, 서훈 국가정보원장, 조명균 통일부 장관, 송영무 국방부 장관, 강경화 외교부 장관, 정경두 합참의장까지 7명이다.",30,1974
iks_doc_2018_hankyoreh_073,Hankyoreh 2018 total annotated text file unicode.txt,Hankyoreh,한겨레,2018,2018_multi_summit,"문 대통령, 정상회담 참석하려 아침 8시 청와대에서 출발",,"문재인 대통령이 27일 김정은 북한 국무위원장과의 2018 남북정상회담에 참석하려 아침 8시 청와대에서 출발했다.
청와대 관계자는 “문 대통령이 아침 8시 청와대에서 출발했다“며 “출발할 때 별도의 성명 발표는 없었다“고 말했다.
문 대통령은 전용차를 타고 판문점으로 이동하고 있다.
그는 오전 9시 30분 판문점 군사 분계선에 있는 군사정전위원회 회의실 건물인 티투(T2), 티스리(T3) 사이로 걸어 방남하는 김 위원장을 맞이할 예정이다.
문 대통령은 청와대 안에서 직원들의 환송을 받았다.
김의겸 대변인은 “문 대통령이 아침 8시부터 8시 10분까지 청와대 직원들의 환영을 받았다“며 “청와대 직원들은 한반도의 평화와 번영을 기원하는 피켓과 하늘색 풍선, 한반도 기 등을 들고 녹지원부터 정문까지 약 100m 가량 서서 문 대통령을 환송했다“고 말했다.
청와대 직원들은 '평화, 새롭ㄴ 시작 대통령님 환영합니다'란 구호를 외쳤다고 김 대변인은 전했다.
문 대통령은 잠시 차에서 내려 직원 3~4명과 악수하고 10m 가량을 잠시 걸은 뒤 다시 차에 탔다.
청와대를 출발한 문 대통령은 청와대 주변에 모여 들ㄴ 시민들을 보자 1분 만에 차를 세워 재향군인회 인사 등과 인사를 나눴다.
감색 양복에 푸른 넥타이 차림을 한 문 대통령은 환한 미소와 함께 두 손을 모아 “힘 내셔요“, “성공하십시오“를 외치는 시민들과 악수를 하고 손을 흔들며 인사했다.
문 대통령은 “파이팅”을 외치는 시민들에게 “고맙습니다”라고 말한 뒤 2분 만에 차에 탑승해 판문점으로 향했다.
문 대통령은 김 위원장과의 만남이 예정된 오전 9시 30분보다 이른 9시 1분께 판문점에 도착했다.",12,819
iks_doc_2018_hankyoreh_074,Hankyoreh 2018 total annotated text file unicode.txt,Hankyoreh,한겨레,2018,2018_multi_summit,북 군부 핵심 정상회담 첫 수행 군사적 긴장 완화 실천 '보증 수표' 남북 정상회담 수행단에 군부 핵심 포함은 처음 군사 작전 지휘 리명수 총참모장 군 대표 박영식 인민 무력상 함께 북에 맞춰 정경두 합참의장도 합류 NLL 평화 수역 복원 등 논의할 듯,,"북쪽이 통보해 온 남북정상회담 공식 수행원은 김영남 최고인민회의 상임 위원장과 김영철 당 중앙 위원회 부위원장, 최휘 당 중앙 위원회 부위원장, 리수용 당 중앙 위원회 부위원장, 김여정 당 중앙 위원회 제 1 부부장, 리명수 총참모장, 박영식 인민 무력 상, 리용호 외무상, 리선권 조국평화통일위원회 위원장 등 9 명이다.
남쪽 공식 수행원엔 이날 정경두 합참의장이 새로 합류해 임종석 비서실장과 정의용 국가 안보실장, 서훈 국가정보원장, 조명균 통일부 장관, 송영무 국방부 장관, 강경화 외교부 장관과 함께 7명으로 확정됐다.
북한이 이번 남북정상회담의 공식 수행원에 리명수 총참모장과 박영식 인민 무력상 등 군부 핵심 인사를 포함시킨 것은, 회담의 3 대의제 중 하난 '한반도의 항구적인 평화 정착'과 관련해 남북 간 긴장 완화 조처와 군사 신뢰 구축 방안 등을 적극 추진할 의지가 있다는 뜻을 밝힌 것으로 풀이된다.
남북정상회담 공식 수행원에 군사 작전을 실질적으로 지휘하는 군부 최고위 인사가 포함된 것은 처음이다.
2000년 6월 김대중 대통령/김정일 국방위원장의 첫 정상회담 때 공식 수행원엔 군부 인사가 없었다.
당시 합의문인 6.15 공동 선언에서도 군사 문제는 거론되지 않았다.
2007년 10월 노무현 대통령/김정일 국방위원장의 두 번째 정상회담 때는 김장수 국방부 장관이 공식 수행했다.
김 장관의 수행은 10.4 정상 선언에서 “서해 평화 수역“을 위한 “군사 신뢰 구축 조치“등을 협의하기로 한 것을 실무적으로 뒷받침하려는 것이었다.
김 장관은 군 출신이지만 민간인 각료 신분이었다.
리명수 총참모장은 북한 군의 군사 작전을 총괄 지휘 통제하는 군부 내 최고 군령권자로 남쪽의 합참의장에 해당하며, 박영식 인민 무력상은 군을 대외적으로 대표하며 군사 행정을 책임지는 각료다.
북쪽이 이처럼 군령과 군정을 대표하는 두 인사를 이례적으로 공식 수행원에 포함시킨 것은 그만큼 남북 간 긴장 완화 추진 의지가 크다는 뜻으로 읽힌다.
임종석 실장은 이날 “비핵화와 항구적인 평화 정착, 남북 간의 긴장 완화에 대한 내용들이 중요하게 다뤄지기 때문에 수행원에 군 책임자를 포함한 것으로 이해한다“고 말했다.
특히 눈길을 끄는 대목은 군부 인사의 공식 수행원 포함이 북한의 선제적 조처라는 점이다.
북한이 이날 전격적으로 군부 인사를 포함시킨 수행원 명단을 보내 오자, 남한도 이에 맞춰 정경두 합참의장을 공식 수행원에 추가한 것이다.
북한의 적극성은 긴장 완화 의지가 빈말이 아님를 재확인하는 것으로 풀이된다.
남북 간에 비핵화와 관련해선 구체적인 합의보단 비핵화 의지를 공개적으로 확인하는 선에 머물ㄹ 공산이 크다.
임종석 실장도 이날 “뚜렷한 비핵화의 의지를 명문화할 수 있다면 이번 회담은 매우 성공적일 것“이라며 “그러면 북/미 회담으로 이어지는 길잡이 역할로서 아주 훌륭하지 않을까 이렇게 본다“고 말했다.
그러나 군사적 긴장 완화나 신뢰 구축 조처와 관련해선 남북 간 합의할 수 있는 내용이 적지 않다.
또 이들 사안이 이행되면 실제 한반도 군사적 긴장 완화와 평화 정착 등에 가시적인 영향을 끼칠 것으로 전망된다.
정부는 이번 회담에서 남북을 가르는 비무장 지대(DMZ)에서 전초 기지(GP) 철수 비무장 지대 내 평화 공원 조성이나 산불 공동 진화 등 시범 사업 서해 북방 한계선(NLL) 평화 수역 복원 등을 제안할 계획인 것으로 알려졌다.
정부 당국자는 “북한이 주도적이고 공세적으로 나서는 것으로 미뤄 남북 간 군사 긴장 완화 등에서 전례 없는 진전을 이룰 가능성이 높아졌다“고 말했다.
북 외교 책임자 리수용 리용호가 수행원으로 참여하는 까닭은?",22,1780
iks_doc_2018_hankyoreh_075,Hankyoreh 2018 total annotated text file unicode.txt,Hankyoreh,한겨레,2018,2018_multi_summit,남북 모두 1 2차 정상회담 때와 달리 외교 책임자에 포함시켜 북쪽 '국가 수반'인 김영남 최고인민회의 상임 위원장도 수행원으로 '비핵화' 의제 탓이라는 분석과 '두 주권 국가 정상 관계 지향' 포석이라는 분석 엇갈려,,"문재인 대통령과 김정은 북한 국무위원장의 27일 판문점 정상회담에 양쪽의 외교 책임잔 강경화 외교부 장관과 리용호 외무상이 공식 수행원으로 참여한다.
북쪽 수행원엔 리수용 노동당 부위원장 겸 국제부장도 포함됐다.
앞선 두 차례의 남북정상회담 때에는 외교 책임자가 참석하지 않은 선례와 다른 선택이다.
남과 북은 1991년 남북기본합의서 채택 이래 지금껏 상호 관계를 “쌍방 사이의 관계가 나라와 나라 사이의 관계가 아닌 통일을 지향하는 과정에서 잠정적으로 형성되는 특수 관계“(기본 합의서 전문)로 규정 실천해 왔기에 이런 변화는 주목할 만하다.
우선은 이번 회담의 핵심 의젠 '비핵화'가 공식적으론 양쪽 외교 당국의 소관 업무라는 사실과 관계가 있다는 분석이 있다.
이번 회담에 잇어 북/미 정상회담이 예정돼 있는 점을 고려했으리라는 지적이다.
북한 분석에 밝은 전직 고위 관계자는 26일 “이번 회담의 핵심 의제가 핵 문제라는 점과 연관해서 보는 것이 맞을 것“이라고 말했다.
반면 김연철 통일연구원장은 “의제(핵) 외에 의전적 고려도 있었다고 봐야 한다“고 짚었다.
남쪽이 먼저 1 2차 정상회담 때와 달리 외교 장관을 공식 수행원에 넣어 발표하고, 북쪽이 당 정 의 외교 책임자를 수행원에 포함시킨 것ㄴ '두 주권 국가의 정상적 관계 지향'의 측면도 있으리라는 지적이다.
북한 헌법이 “국가를 대표하며 다른 나라 사이의 신임장, 소환장을 접수한다“(117조)고 규정한 '국가 수반'인 김영남 최고인민회의 상임 위원장이 수행원에 포함된 사실도 같은 맥락으로 이해할 여지가 있다.
다만 김 상임 위원장은 앞선 두 차례 정상회담 때도 김정일 국방위원장에 앞서 김대중 노무현 대통령과 따로 만나 적이 있고, 평창 올림픽 때 특사단장으로 방남한 점이 고려됐으리라는 해석이 많다.
남과 북이 ‘통일 장관 조국평화통일위원장 외교 장관 외무상’을 수행원에 함께 넣은 선택을, 통일 전 동서독의 “두 개의 국가되 서로에게 외국은 아닌 관계“를 염두에 둔 포석으로 풀이하는 전문가들도 있다.",12,996
iks_doc_2018_hankyoreh_076,Hankyoreh 2018 total annotated text file unicode.txt,Hankyoreh,한겨레,2018,2018_multi_summit,비서실장? 퍼스트 레이디? 공식 수행단 이름 올린 김여정 역할은? 김정은 곁에서 국정 전반 지원 임종석 실장의 대화 상대 가능성 스포츠 문화 교류도 잇어 갈 듯,,"27일 남북정상회담에 참석하는 김정은 북한 국무위원장의 공식 수행단에 여동생인 김여정 당 중앙 위원회 제1 부부장이 이름을 올려 그의 구실에 새삼 관심이 쏠리고 있다.
김 부부장은 지난 2월 평창 겨울 올림픽 개막을 앞두고 김 위원장의 특사 자격으로 내려와 문재인 대통령에게 김 위원장의 평양 초청 친서를 전달한 바 있다.
김 부부장은 김 위원장 곁에서 정치, 외교, 문화 등 국정 전반을 지원하는 것으로 알려졌다.
이번 정상회담에 참석하는 남쪽 공식 수행단에서 굳이 짝을 찾자면 임종석 비서실장의 역할과 비슷하다.
조성렬 국가안보전략연구원 수석 연구 위원은 “김 부부장은 앞서 조직 지도부와 선전 선동부를 거친 바 있고, 최근엔 전반적인 업무를 모두 다루고 있다“며 “그런 사정을 감안하면 이번 정상회담에서 임 실장과 짝을 맺을 것으로 보인다“고 말했다.
김 부부장이 공식 수행단의 한 명인 최휘 당 중앙 위원회 부위원장과 함께 평창 겨울 올림픽에 참여하는 북한 선수단을 이끌었다는 점에서 스포츠나 문화 교류에 대한 협의에 나설 수 있다는 관측도 있다.
조 수석 연구 위원은 “대북 제제 국면에서 대규모 경제 교류나 협력은 당분간 어렵지만, 스포츠나 문화 교류는 이어 가려는 것으로 보인다“라며 2020년 베이징, 2022년 도쿄 올림픽에서 남북이 함께 참여하는 방안을 제안할 수도 있다“고 내다봤다.
그러나 남쪽의 공식 수행단 면면을 보면, 스포츠나 문화 분야를 협의할 인사가 분명하지 않다는 점에서 김 부부장이 구체적인 사항을 협의하기보다는 김 위원장을 곁에서 살피는 데 주력할 것으로 보인다.
김 부부장이 백두 혈통으로서 북한에서 차지하는 위상을 감안하면, 김 위원장의 부인 리설주 여사가 이번 정상회담에 나오지 않을 경우 사실상의 `퍼스트 레이디' 구실을 할 수도 있다.
2차 정상회담, 3시간 뒤 공표 하루 뒤 결과 설명하는 이유 개최 사실 3시간 뒤 공표 왜?",10,936
iks_doc_2018_hankyoreh_077,Hankyoreh 2018 total annotated text file unicode.txt,Hankyoreh,한겨레,2018,2018_multi_summit,"미국 쪽에 알려 줄 시간 필요했을 듯 문 대통령 27일 회담 결과 발표 문 대통령, 발표 전 트럼프와 통화하고 그 뒤 김정은 위원장과 '핫라인' 가능성",,"문재인 대통령과 김정은 북한 국무위원장의 26일 판문점 통일각 2차 회담은, 남북정상회담을 넘어 남북미 3국 정상 차원의 '3 각 직접 대화'를 염두에 둔 것이다.
이는 예고 없이 전격적으로 이루어진 '원 포인트 남북정상회담'의 핵심 목적이 좌초 위기에 빠진 북/미 정상회담을 다시 살려 내는 데 있다는 점과 연결돼 있다.
2차 남북정상회담과 관련해선 공개된 정보가 아직은 극도로 제한적이다.
하지만 그 '극히 제한된 공개 정보'에서 꽤 많은 것을 유추할 수 있다.
윤영찬 청와대 국민 소통 수석 이름으로 공개된 정보는 몇 가지 안 된다.",5,301
iks_doc_2018_hankyoreh_078,Hankyoreh 2018 total annotated text file unicode.txt,Hankyoreh,한겨레,2018,2018_multi_summit,① 회담 시간과 장소 = 26일 오후 3~5시 판문점 통일각,② 논의 내용 = 4.27 판문점 선언 이행과 북/미 정상회담 성공적 개최를 위한 허심탄회한 의견 교환,"③ 결과 발표 = 27일 오전 10시 문재인 대통령.
이 세 가지 내용을 담은 세 문장이 발표의 전부다.
청와대는 이 내용을 26일 오후 7시 54분께 페이스북에 올렸다.
기자 회견 등 별도의 발표 행사는 없었다.
뭔가 이상하지 않은가?
아무리 전격적인 남북정상회담이라지만, 정상회담과 관련한 국제 사회의 관행은 물론 앞서 세 차례 이루어진 남북정상회담과도 다르다.
두 지점에 주목할 필요가 있다.
회담의 핵심 의제, 그리고 시간의 흐름.
회담은 26일 오후 3~5시 사이 2시간 동안 진행됐다.
회담은 예고되지 않았고, 개최 사실 공표도 회담이 끝나고 나서 3시간 가까이 흐른 저녁 7시 54분에야 이루어졌다.
이는 '통일각 2차 남북정상회담'이 북/미 정상회담 살리기를 목적으로 전격 성사됐음에도, 도널드 트럼프 대통령한테 사전 고지 없이 진행된 점과 무관하지 않다.
백악관이 있는 워싱턴 시각은 한국보다 13시간이 늦다.
한국의 26일 오후 3~5시는 워싱턴의 새벽 2~4시다.
트럼프 대통령을 포함해 미 행정부 고위 인사들이 다들 침대에 있을 시간이다.
사정을 아는 소식통은 “미국 쪽에 2차 남북정상회담 개최 사실과 개략적인 논의 내용 등 필요한 정보를 최소한이라도 알려 주는 데 시간이 필요했을 것“이라고 말했다.
2차 남북정상회담 개최 사실을 공표하기 전에 미국 쪽에 관련 정보를 통보해야 해 세 시간 가깝ㄴ 시간이 필요했다는 얘기다.
그렇다면 2차 남북정상회담 결과는 왜 즉각 발표되지 않고, 27일 오전 10시로 늦춰졌을까?
일부 언론에선 남북 사이 발표문 조율의 필요성을 거론하지만, 번짓수가 맞지 않는 것 같다.
이번 회담은 북/미 정상회담 살리기에 핵심 목적이 있다.
더구나 윤영찬 수석이 밝힌 내용을 보면 “양쪽 합의에 따라 회담 결과는 내일 오전 10시 문 대통령께서 직접 발표할 예정“이다.
김정은 위원장은 빠지고 문재인 대통령이 단독으로 발표한다는 매우 이례적인 발표 형식은 이미 정해졌는데, 발표 내용 조율에 그렇게 많은 시간이 필요하다?
상식적이지 않다.
이 또한 '북/미 정상회담 살리기'이라는 회담의 핵심 목적, 한반도와 워싱턴의 시차를 고려해야 실마리를 찾을 수 있다.
26일 2차 남북정상회담은 한/미 정상의 사전 협의 없이, 남북 정상의 결단으로 즉각적으로 이루어졌다.
그런데 문 대통령과 김 위원장이 2시간 동안 대화에서 가장 공을 들인 주제는 '북/미 정상회담 살리기'이다.
문 대통령이나 김 위원장 모두 회담 결과의 외부 공표 이전에 트럼프 대통령과 충분한 교감을 통해 공감의 폭을 넓히는 것이 관건적이다.
트럼프 대통령이 적극적으로 나서지 않는 한 북/미 정상회담의 성공적 진행은커녕 회담 개최조차 기대하기 어렵기 때문이다.
무엇보다 북/미 정상회담을 취소한 당사자가 트럼프 대통령이니 취소를 다시 취소할 수 있는 사람도 트럼프 대통령이다.
김 위원장은 25일 '김계관 외무성 제1 부상 담화'를 통해 트럼프 대통령과 정상회담을 하고 싶다는 의지를 강하게 시사한 바 있다.
문 대통령은 27일 오전 10시 2차 남북정상회담 결과 발표 이전에 트럼프 대통령과 전화 협의를 할 가능성이 매우 높다.
사정을 아는 소식통은 “남북정상회담 결과 발표 시점이 27일 오전 10시로 미뤄진 것은, 문 대통령이 트럼프 대통령과 전화 협의를 할 시간이 필요했기 때문“이라고 짚었다.
문 대통령이 트럼프 대통령과 전화 협의 과정에서 2차 정상회담 때 직접 확인한 김 위원장의 '비핵화'와 '북/미 정상회담'에 대한 확고한 의지를 전해, 트럼프 대통령이 북/미 정상회담 취소 결정을 번복하게 하거나, 최소한 북/미 정상회담 재추진에 필요한 정상 차원의 정치적 동력을 확보해야 하기 때문이다.
상황 전개에 따라선 문 대통령이 트럼프 대통령과 전화 협의 뒤 김 위원장과 직통 전화(핫라인)로 추가 대화를 할 가능성도 열려 있다.
요컨대 김 위원장과 트럼프 대통령 사이에서 문 대통령이 '길잡이' 노릇, 달리 말하면 '적극적 중재자' 구실을 할 시간이 필요해 2차 남북정상회담 결과 발표 시각이 27일 오전 10시로 미뤄진 것으로 볼 수 있다.
요컨대 문 대통령이 27일 오전 10시 발표하기로 예고된 '2차 남북정상회담 결과'는 아직 완성되지 않았다고 할 수 있다.",35,2066
iks_doc_2018_hankyoreh_079,Hankyoreh 2018 total annotated text file unicode.txt,Hankyoreh,한겨레,2018,2018_multi_summit,2차 회담 “멀다고 하면 안 되갔구나“김정은 발언 새삼 주목 예고 없던 남북 정상의 두 번째 회담 '도보다리 대화' 통한 신뢰 기반 해석,,"문재인 대통령과 김정은 북한 국무위원장의 26일 두 번째 남북 정상회담은 예상을 뛰어넘는 만남이었다.
6.12 북/미 정상회담 개최 여부가 불투명해진 뒤 남북 정상 간의 직통 전화(핫라인) 가동, 정의용 청와대 국가 안보실장과 서훈 국가정보원장의 방미 방북 가능성이 제기됐으나, 남북 정상이 예고 없이 직접 얼굴을 마주하고 대화를 나눈 것이다.
윤영찬 청와대 국민 소통 수석은 이날 서면 브리핑을 통해 “양 정상이 4.27 판문점 선언의 이행과 북/미 정상회담의 성공적 개최를 위해 허심탄회하게 의견을 교환했다“고 설명했다.
남북 정상이 두 번째 깜짝 회담을 가진 것은, 4.27 남북회담을 거치며 두 정상 사이에 대화를 위한 신뢰가 형성됐기 때문이란 해석이 나온다.
두 정상은 4.27 남북회담 당일 배석자 없이 '도보다리 대화'를 통해 교감을 나누기도 했다.
남북 정상이 29일 만에 다시 만나면서 정치권과 온라인에선 “멀다고 하면 안 되갔구나(안 되겠구나)“이라던 김 위원장의 발언이 다시 회자된다.
김 위원장은 4.27 회담 당시 문 대통령을 만난 자리에서 “(회담 만찬을 위해) 평양에서부터 평양냉면을 가지고 왔는데, 대통령께서 편한 마음으로 멀리 온(웃음) 아, 멀다고 말하면 안 되갔구나, 맛있게 드시면 좋겠다“라고 말했다.
당시 이 발언을 두고, 김 위원장이 남북 사이 거리가 그리 멀지 않은 점을 강조하며 남북 관계 진전에 대한 의지를 은연 중에 내비친 것이란 평가가 나왔다.
“멀다고 하면 안 되갔구나“이라던 김 위원장의 발언처럼, 남북 정상은 각각 서울과 평양에서 판문점으로 이동해 두 번째 정상회담을 진행했다.",9,801
iks_doc_2018_hankyoreh_080,Hankyoreh 2018 total annotated text file unicode.txt,Hankyoreh,한겨레,2018,2018_multi_summit,"29일 만에 다시 만난 두 정상, 세 차례나 포옹 '친밀감' 북쪽 통일각서 2차 남북 정상회담 김여정 부부장이 문 대통영 영접 북쪽 의장대 20여 명 ‘받들어총' 사열",,"문재인 대통령과 김정은 북한 국무위원장의 26일 2차 남북 정상회담은 긴급하게 열린 만큼 경호와 의전을 생략한 채 이루어졌다.
청와대가 공개한 1분 13초짜리 2차 남북 정상회담 동영상을 보면 문 대통령은 은색 벤츠 차량을 타고 판문점 북쪽 지역의 통일각 정문 앞에 도착한다.
통일각은 남북 회담용으로 1985년 8월 완공한 지하 1층, 지상 1층의 1520(약 420평) 크기의 건물이다.
지난달 남북 정상회담 당시 김정은 위원장이 문을 열고 나왔던 건물인 판문각에서는 북쪽으로 100여 m 떨어져 있다.
문 대통령이 탄 은색 벤츠 차량은 앞 뒤 각각 두 대의 스포츠형 다목적 차량(SUV)의 호위를 받으며 통일각에 들어선다.
차량들은 '김일성'이라고 쓰인 비석 앞을 가로지른다.
김일성 비석은 지난해 11월 판문점 북한 병사 탈북 사건 때 무장한 북한 군인 10여 명이 황급히 집합했던 장소다.
차에서 내린 문 대통령은 미리 기다리고 있던 김 위원장의 여동생인 김여정 노동당 중앙위 부부장의 하차 영접을 받았다.
김 부부장은 문 대통령에게 익숙한 웃음을 짓어 보이며 문 대통령과 악수했다.
문 대통령이 정문 내부로 이어지는 붉은 카펫을 따라 걷기 시작하자 양쪽으로 도열한 20여 명의 북한 의장대가 ‘받들어총' 자세를 취했다.
초약식 의장대 사열이 이루어진 셈이다.
문 대통령과 김 위원장의 두 번째 만남은 통일각 로비에서 이루어졌다.
지난달 27일 이후 29일 만에 다시 판문점에서 재회한 것이다.
문 대통령은 기다리고 서 있던 김 위원장과 악수를 나누며 간단한 말을 주고 받았다.
잇어 남북 두 정상은 로비에 걸린 그림을 배경으로 기념 촬영을 했다.
회담은 통일각 1층 회의실에서 이루어졌다.
두 정상은 백두산 천지를 담은 6 폭의 병풍을 배경으로 한 회의실에서 마주 앉았다.
문 대통령의 오른쪽엔 서훈 국정원장이, 김 위원장의 오른쪽인 김영철 통일전선부장이 각각 배석했다.
오후 5시께 회담을 마친 두 정상은 나란히 북한 군 의장대의 사열을 받으며 통일각 밖으로 나왔다.
두 정상은 헤어지기 전 문 대통령의 차 앞에서 3 차례 어깨를 맞바꿔 가며 포옹을 했다.
동영상으로만 보면 웃음을 띠며 밝은 표정을 한 김 위원장이 문 대통령을 더욱 적극적으로 당겨 안는 듯한 모습 이다.
포옹 뒤 두 정상은 악수를 나누며 작별했다.",22,1136
iks_doc_2018_hankyoreh_081,Hankyoreh 2018 total annotated text file unicode.txt,Hankyoreh,한겨레,2018,2018_multi_summit,"문재인/김정은 2차 회담, '좌초 위기' 북/미 정상회담 살리기",,"26일 예고 없이 판문점 북쪽 통일각서 두 번째 정상회담 문 대통령이 제안하고 김 위원장 동의해 전격 성사된 듯 문재인 대통령과 김정은 북한 국무위원장이 26일 판문점 통일각에서 아무렇ㄴ 예고 없이 2차 정상회담을 한 핵심 목적은 좌초 위기에 빠진 북/미 정상회담 살리기에 있다.
“양 정상은 4.27 판문점 선언의 이행과 북미 정상회담의 성공적 개최를 위해 허심탄회하게 의견을 교환했다“는 윤영찬 청와대 국민 소통 수석의 발표 내용도 결국은 '북/미 정상회담 살리기'가 회담 의제였다는 얘기와 다름 없다.
문 대통령과 김 위원장은 4.27 판문점 선언에서 “항구적이며 공고한 평화 체제 구축을 위해 적극 협력“(선언 3조 전문)하겠다며 “완전한 비핵화를 통해 핵 없는 한반도를 실현한다는 공동의 목표를 확인했다“(3조 4항)고 밝힌 바 있다.
이날 2차 정상회담이 아무렇ㄴ 예고 없이 열린 사실 자체가 회담의 핵심 목적이 '북/미 정상회담 살리기'에 있음을 웅변한다.
우선 남북 관계는 두 정상이 예고 없이 전격적으로 만나야 할만큼 긴급하고 중대한 장애물이 있는 상황은 아니다.
더구나 문 대통령은 22일(현지 시각) 워싱턴에서 도널드 트럼프 미국 대통령과 정상회담을 할 때 “북한이 비난한 맥스선더 한미 연합 군사 훈련의 종료 일인 25일 이후부터 남북 고위급 회담을 비롯한 대화 재개가 이루어질 것“이라고 밝힌 바 있다.
요컨대 남북 관계는 이미 물밑 조율을 통해 대화 재개 등과 관련해 어느 정도 가닥을 잡았다는 얘기다.
반면 '6월 12일 싱가포르 북/미 정상회담'은 공식적으론 취소된 상황이다.
트럼프 대통령이 24일 밤 전격적인 '편지 취소 통보' 뒤 회담이 다시 열릴 수도 있다고 하고는 있지만, 적어도 공식적으로는 그렇다.
문 대통령과 김 위원장으로선 '북/미 정상회담 살리기'를 위해서라면 전격적인 2차 정상회담을 해야 할 절실함가 있는 상황이다.
우선 문 대통령은 1박 4일 일정(21~24일)의 워싱턴 한/미 정상회담을 했을 정도로 '북/미 정상회담의 성사'에 모든 것을 걸어 왔다.
북/미 정상회담의 성공적 진행이 없이는 한반도 비핵화와 북/미 적대 관계 해소의 돌파구가 열리기 어렵고, 그렇게 되면 문 대통령이 대북 정책과 대외 전략의 핵심 문제 의식으로 설정한 '한반도 냉전 구조 해체'가 가능하지 않기 때문이다.
김 위원장도 트럼프 대통령과 세기의 담판에 사실상 모든 것을 걸어 왔다.
때문에 트럼프 대통령과 예정된 정상회담의 무산은 상상할 수 없는 일이다.
사실 김 위원장은 올해 들어 밖으로는 시진핑 중국 국가 주석과 두 차례 정상회담(3월 26~28일 베이징, 5월 7~8일 다롄), 문 대통령과 남북정상회담을 하고, 안으로는 조선노동당 중앙 위원회 7기 3차 전원 회의(4월 20일)을 열어 '경제 핵 건설 병진 노선'을 사실상 폐기하고 '경제 건설 총력 집중'을 새 전략 노선으로 채택하는 등 광폭 행보를 보여 왔다.
김 위원장으로선 뒤로 돌아가긴 너무 많이 왔다.
“김정은 위원장이 잔도를 불사르고 움직이고 있다“(전직 고위 관계자)는 평가가 많은 이유다.
그렇다면, 회담은 누가 먼저 제안했을까?
청와대는 26일 판문점 통일각 2차 정상회담이 어느 쪽의 제안으로, 어떤 과정을 거쳐 성사됐는지 밝히지 않고 있다.
청와대를 포함해 정부의 그 누구도 추가 정보를 제공하지 않고 있다.
하지만 여러 정황에 비춰 문 대통령이 제안하고 김 위원장이 동의해 이루어졌을 가능성이 압도적으로 높다.
더구나 문 대통령은, 트럼프 대통령의 북미 정상회담 '편지 취소' 직후 24일 자정부터 1시간 남짓 청와대 관정에서 긴급 국가안전보장 회의(NSC)를 열어 “한반도 비핵화와 항구적 평화는 포기할 수도 미룰 수도 없는 역사적 과제“라고 강조한 뒤 “정상 간에 보다 직접적이고 긴밀한 대화로 해결해 가기를 기대한다“고 밝힌 바 있다.
26일 판문점 2차 남북 정상회담은 문 대통령이 자신의 말을 '실천'에 옮긴 결과라고 할 수 있다.
남북 정상 '핫라인' 통화 했을까 회담 앞서 직통 전화 활용 관심 여권 인사 “통화하며 회담 결정“청와대 “정상 간 통화는 없었다“양쪽 정보 라인 가동 서훈 김영철 배석 26일 오후 열린 문재인 대통령과 김정은 북한 국무위원장의 전격적인 정상회담에 앞서, 두 정상이 '직통 전화'(핫라인)을 통해 의견을 나눴을지에 관심이 모아지고 있다.
남북 정상 간 '핫라인'은 지난달 20일 설치된 바 있다.
청와대 사정을 잘 아는 여권 인사들은, 문 대통령은 북/미 정상회담 개최와 관련해 김 위원장과 직접 통화를 했을 가능성을 제기했다.
한 인사는 “(문 대통령이) 통화 도중 '중요한 이야기가 오가게 되자 '이러지 말고 만나자'고 제안해 (김 위원장을) 만난 것으로 알ㄴ다“고 전했다.
하지만 청와대는 정상 간 직접 통화는 없었다고 밝혔다.
정상회담을 청와대에서 알고 있던 이는 임종석 비서실장 등 극소수에 한정되는 등 청와대 안에서도 철저한 보안이 이루어졌다고 한다.
급작스레 성사된 정상회담이어서 양쪽의 배석자는 최소화됐다.
남쪽에선 서훈 국가정보원장, 북쪽에선 김영철 북한 노동당 중앙 위원회 부위원장 겸 통일전선부장이 배석했다고 청와대가 밝혔다.
문 대통령이 27일 오전 10시 직접 회담 결과를 브리핑하는 것을 고려할 때, 북/미 정상회담 개최 등이 내용에 포함될 것으로 전망된다.
앞서 윤영찬 청와대 국민 소통 수석은 서면 브리핑을 통해 문 대통령이 이날 오후 3시부터 5시까지 2시간 동안 판문점 북쪽 지역 통일각에서 김 위원장과 회담했다고 밝혔다.
윤 수석은 “양 정상이 4.27 판문점 선언의 이행과 북/미 정상회담의 성공적 개최를 위해 허심탄회하게 의견을 교환했다“고 설명했다.
잇어 “양측 합의에 따라 회담 결과는 내일 오전 10시 문 대통령께서 직접 발표할 예정“이라고 했다.",35,2825
iks_doc_2018_hankyoreh_082,Hankyoreh 2018 total annotated text file unicode.txt,Hankyoreh,한겨레,2018,2018_multi_summit,"문 대통령 김 위원장, 판문점서 2차 정상회담 했다 북쪽 통일각서 26일 오후 3시~5시 전격 만남 회담 결과 문 대통령이 27일 오전 직접 설명",,"문재인 대통령과 북한 김정은 국무위원장이 26일 전격적으로 두 번째 정상회담을 했다.
6월 12일 북/미 정상회담 개최 가능성을 높이기 위한 문 대통령의 중재 외교 가능성이 점쳐진다.
문 대통령은 이날 오후 3시부터 5시까지 2시간 동안 판문점 북쪽 지역 통일각에서 김 위원장과 회담했다고 윤영찬 청와대 국민 소통 수석이 서면 브리핑을 통해 밝혔다.
윤 수석은 “양 정상이 4.27 판문점 선언의 이행과 북/미 정상회담의 성공적 개최를 위해 허심탄회하게 의견을 교환했다“고 설명했다.
잇어 “양측 합의에 따라 회담 결과는 내일 오전 10시 문 대통령께서 직접 발표할 예정“이라고 했다.
이날 회담에는 서훈 국가정보원장과 김영철 노동당 통전부장이 배석했다.
이번 정상회담 성사에 그간 한 번도 운영되지 않았던 문 대통령과 김 위원장 사이의 '핫라인'이 이번 전격적인 2차 정상회담에 가동됐을 가능성도 제기된다.",7,452
iks_doc_2018_hankyoreh_083,Hankyoreh 2018 total annotated text file unicode.txt,Hankyoreh,한겨레,2018,2018_multi_summit,"문 대통령, 오늘 판문점에서 김정은 위원장 만났다 오후 3시부터 5시까지 두 번째 정상회담 회담 결과 내일 문 대통령이 직접 발표",,"문재인 대통령은 26일 북한 김정은 국무위원장과 두 번째 정상회담을 했다.
문 대통령은 이날 오후 3시부터 5시까지 판문점 북측 지역 통일각에서 김 위원장과 이 같이 회담했다고 윤영찬 청와대 국민 소통 수석이 서면 브리핑을 통해 밝혔다.
윤 수석은 “양 정상이 4.27 판문점 선언의 이행과 북미 정상회담의 성공적 개최를 위해 허심탄회하게 의견을 교환했다“고 설명했다.
그러면서 “양측 합의에 따라 회담 결과는 내일 오전 10시 문 대통령께서 직접 발표할 예정“이라고 덧붙였다.",4,267
iks_doc_2018_hankyoreh_084,Hankyoreh 2018 total annotated text file unicode.txt,Hankyoreh,한겨레,2018,2018_multi_summit,남북 정상 '핫라인' 통화 했을까 회담 앞서 직통 전화 활용 관심 여권 인사 “통화하며 회담 결정“청와대 “정상 간 통화는 없었다“양쪽 정보 라인 가동 서훈 김영철 배석,,"26일 오후 열린 문재인 대통령과 김정은 북한 국무위원장의 전격적인 정상회담에 앞서, 두 정상이 '직통 전화'(핫라인)을 통해 의견을 나눴을지에 관심이 모아지고 있다.
남북 정상 간 '핫라인'은 지난달 20일 설치된 바 있다.
청와대 사정을 잘 아는 여권 인사들은, 문 대통령은 북/미 정상회담 개최와 관련해 김 위원장과 직접 통화를 했을 가능성을 제기했다.
한 인사는 “(문 대통령이) 통화 도중 '중요한 이야기가 오가게 되자 '이러지 말고 만나자'고 제안해 (김 위원장을) 만난 것으로 알ㄴ다“고 전했다.
하지만 청와대는 정상 간 직접 통화는 없었다고 밝혔다.
정상회담을 청와대에서 알고 있던 이는 임종석 비서실장 등 극소수에 한정되는 등 청와대 안에서도 철저한 보안이 이루어졌다고 한다.
급작스레 성사된 정상회담이어서 양쪽의 배석자는 최소화됐다.
남쪽에선 서훈 국가정보원장, 북쪽에선 김영철 북한 노동당 중앙 위원회 부위원장 겸 통일전선부장이 배석했다고 청와대가 밝혔다.
문 대통령이 27일 오전 10시 직접 회담 결과를 브리핑하는 것을 고려할 때, 북/미 정상회담 개최 등이 내용에 포함될 것으로 전망된다.
앞서 윤영찬 청와대 국민 소통 수석은 서면 브리핑을 통해 문 대통령이 이날 오후 3시부터 5시까지 2시간 동안 판문점 북쪽 지역 통일각에서 김 위원장과 회담했다고 밝혔다.
윤 수석은 “양 정상이 4.27 판문점 선언의 이행과 북/미 정상회담의 성공적 개최를 위해 허심탄회하게 의견을 교환했다“고 설명했다.
잇어 “양측 합의에 따라 회담 결과는 내일 오전 10시 문 대통령께서 직접 발표할 예정“이라고 했다.",12,795
iks_doc_2018_hankyoreh_085,Hankyoreh 2018 total annotated text file unicode.txt,Hankyoreh,한겨레,2018,2018_multi_summit,"'도보다리 신뢰' 밑돌로 제안 하루 만에 '두 번째 정상회담' '2차 남북정상회담' 막전막후 '서훈/김영철 라인'서 만남 주선 남북 간 여러 소통 경로 중 하나 문 대통령, 핫라인 소통 모색 중 성사 청와대서도 극소수만 사전에 알아 “언제든 회담 가능해져 이례적 진전“",,"문재인 대통령과 김정은 북한 국무위원장 사이의 2차 남북 정상회담은 25일 김 위원장이 만남을 먼저 제안한 지 하루 만에 ‘빠르고 은밀히' 이루어졌다.
이 과정에서 서훈 국가정보원장과 김영철 북한 통일전선부장 사이 소통 경로가 큰 구실을 했다.
문 대통령은 27일 청와대 춘추관에서 한 기자 회견에서 “김 위원장이 그제(25일) 오후 일체의 형식 없이 만나고 싶다는 뜻을 전해 왔고, 저는 흔쾌히 수락했다“고 말했다.
25일은 도널드 트럼프 미국 대통령이 6.12 북/미 정상회담 취소를 발표한 다음날이다.
문 대통령은 “4.27 판문점 선언의 후속 조치 이행과 6월 12일 북/미 정상회담을 앞둔 준비 과정에서 약간의 어렵ㄴ 사정들이 있었다“며 “그런 상황에서 북한의 김정은 위원장이 (정상회담을) 요청해 왔고, 남북의 실무진이 통화를 해 협의하는 것보다 직접 만나 허심탄회하게 대화를 나누는 것이 좋겠다고 판단해 전격적으로 회담이 이루어진 것이다“라고 설명했다.
문 대통령은 “북/미 정상회담의 성공을 일궈 내는 것, 그리고 또 4.27 판문점 선언의 신속한 이행을 함께 해 나가는 것이 매우 중요한 시점이라고 봤다“고 덧붙였다.
문 대통령이 김 위원장과의 직통 전화 (핫라인) 통화 등을 통해 직접 소통 해법을 모색하던 차에 김 위원장의 제안이 들어온 것이다.
김 위원장도 이번 회담 머리 발언에서 “제가 제안하고 하루 만에 대통령님이 오셨다“며 자신이 회담을 제안한 사실을 밝혔다.
청와대 고위 관계자는 “남북 사이 여러 소통 경로가 있고, 그 가운데 하나가 서훈 국정원장과 김영철 북한 통일전선부장 사이 소통 경로“이라며 “그제 북/미 정상회담 준비 과정과 4.27 (판문점 선언) 후속 조치 등에 관한 협의가 (두 사람 사이에) 있었다“고 말했다.
그는 “그 과정에서 북측에서 김 위원장의 구상이라면서 격의 없는 소통을 한 번 갖자고 제시했고, 두 사람의 접촉 뒤 관련 장관들과의 협의 과정을 통해 대통령에게 건의했고 문 대통령이 승낙했다“고 회담 성사 과정을 소개했다.
청와대는 문 대통령의 승낙 뒤 25일 밤부터 26일 오전까지 철저한 보안을 유지하면서 분주히 정상회담 실무 준비에 들어갔다.
청와대 관계자는 “청와대 안에서도 극소수만 회담 사실을 알았다“고 전했다.
회담이 급히 성사된 만큼 판문점 북쪽 지역 통일각 2차 남북정상회담은 의전, 경호, 보도에 관한 사전 실무 회담을 사실상 생략한 채 실무형으로 진행됐다.
4.27 남북 정상회담이 지난 3월 회담 개최 합의 발표 이후 준비에만 한 달 반 가량이 걸린 것과 견주면 일사천리로 진행된 것이다.
역대 정권 통틀어 대통령 취임 기간에 두 차례 남북 정상회담이 이루어진 것도 이번이 처음이다.
정상회담 간격이 한 달밖에 안 되는 것도 파격이다.
이는 두 정상 사이 신뢰가 없었다면 이루어지기 힘들ㄴ 만남이었다.
문 대통령으로선 트럼프 대통령의 돌발적인 북/미 정상회담 취소로 자칫 김 위원장으로부터 불신을 살 수도 있는 상황이었다.
그러나 김 위원장이 먼저 손을 내밀어 깜짝 정상회담이 성사되면서 우려를 일거에 털어 냈다.
한 달 전 40분 동안의 '도보다리 단독 회담'으로 쌓은 신뢰가 빛을 발한 것이다.
문 대통령도 이번 회담 마무리 발언에서 “도보다리에서 함께 하고“이라고 언급했다.
청와대 관계자는 “두 정상이 도보다리 회담에서 큰 인간적 신뢰를 쌓았다“며 “김 위원장이 중대한 시점에서 내밀한 이야기를 나누려 불원천리(不遠千里 천 리를 멀다고 여기지 않는다)했다“고 말했다.
두 정상은 회담에서 향후에도 수시로 만나기로 약속했다.
문 대통령은 “앞으로도 필요하면 언제든지 서로 통신하거나 만나, 격의 없이 소통하기로 했다“고 말했다.
4.27 판문점 선언 합의에 따라 가을로 예정된 문 대통령의 평양 방문 이전에도 남북 정상회담 개최 가능성이 점쳐진다.
청와대 관계자는 “남북 정상이 필요하면 언제든지 다양한 방식의 소통을 확대해 가고 격의 없는 실무적 성격의 회담을 갖자고 합의한 것이 남북 관계에서 아주 이례적인 진전이다“라고 말했다.",26,1970
iks_doc_2018_hankyoreh_086,Hankyoreh 2018 total annotated text file unicode.txt,Hankyoreh,한겨레,2018,2018_multi_summit,"여야, 28일 판문점 선언 결의 안 통과시킬까 2차 회담 환영 논평 속 한국당만 혹평",,"남북 정상이 지난 26일 제2차 정상회담을 열어 6.12 북/미 정상회담 개최와 4.27 판문점 선언 이행 문제 등을 논의함에 따라, 여야가 28일 본회의에서 처리하기로 합의한 판문점 선언 국회 지지 결의 안 통과 여부도 관심을 모은다.
현재 국회 의장실은 여야 교섭 단체 4 당 원내 수석 부대표들에게 '판문점 선언 지지와 북/미 정상회담 성공 개최를 촉구'하는 내용의 초안을 전달하고 합의를 권고한 상태다.
의장실 쪽은 27일 “결의 안은 여야가 합의 처리해야 한다“고 말했다.
하지만 홍준표 자유한국당 대표는 이날 기자 회견을 열어 “(지지 결의 안이 아니라) '북핵 폐기 결의 안'이 되는 것이 맞다“고 말했다.
'판문점 선언' 지지보다 '북핵 폐기'를 강조해야 한다는 것이어서, 지지 결의 안 내용 합의와 처리 여부를 두고 난항이 예상된다.
홍 대표는 이번 회담에 대해서도 “장밋빛 환상만 심어 주던 문재인 대통령과, 북핵 폐기가 아닌 한반도 비핵화를 주장하던 김정은이 동시에 미국 압박으로 '데드락'(교착 상태)에 봉착한 상황이었다“며 “김정은이 곤경에 처한 문 대통령을 구해 준 것이 이번 깜짝 회담“이라고 혹평했다.
반면 더불어민주당 바른미래당 민주평화당 정의당은 일제히 회담 환영 논평을 냈다.
백혜련 민주당 대변인은 “한반도 비핵화에 대한 남북미 정상의 의지, 북/미 정상회담을 바라는 김정은 국무위원장의 뜻을 명확히 확인한 만큼 한반도 평화와 번영을 위한 탄력이 붙었다“고 반겼다.
신용현 바른미래당 수석 대변인도 “문제 해결을 위한 격식 없는 회담 개최를 평가한다“고 밝혔다.",9,782
iks_doc_2018_hankyoreh_087,Hankyoreh 2018 total annotated text file unicode.txt,Hankyoreh,한겨레,2018,2018_multi_summit,"사이드카 없이 은색 벤츠로 대통령 이동 최대한 은밀하게 통일각 회담 이모저모 꽉 막힌 휴일 자유로에서도 티 안 나 김 “4.27 명장면은 10초 방북“문 “김 위원장, 한국서 인기 높아져“서훈 김영철 남북 1명씩 배석 2시간 회담 뒤 3 차례 포옹하며 작별",,"26일 판문점 북쪽 지역 통일각에서 열린 문재인 대통령과 김정은 북한 국무위원장의 제2차 남북 정상회담은 긴급히 열린 만큼 경호와 의전을 과감히 생략한 채 이루어졌다.
지난달 27일 판문점 평화의 집 정상회담 뒤 한 달 만에 만난 두 정상은 “제대로 모셔야 하는데 잘 못 해 드려 미안한 마음“(김 위원장), “이렇게 쉽게 깜짝 만났다는 것이 남북 간 새롭ㄴ 시대가 열린 것“(문 대통령)이라는 인사말을 주고 받으며 신뢰를 표시했다.
철통 보안 속에 열린 회담인 만큼, 청와대는 최대한 눈에 띄지 않는 경호 방식을 택했다.
문 대통령은 공식 행사 때 타던 검은색 메르세데스/마이바흐 에스(S) 클래스 대신, 비공식 행사에 주로 활용하던 은색 벤츠 차량을 타고 통일각 정문 앞에 도착했다.
대통령을 경호하는 스포츠형 다목적 차량(SUV) 4대만 벤츠 앞 뒤로 각각 2대씩 배치됐을 뿐이다.
공식 행사 때 행렬 앞 뒤에서 길을 안내하는 경찰 사이드카도 운행되지 않았다.
경호 차량이 '기술적'으로 차량 통제에 나선 덕에, 차로 꽉 막힌 휴일 자유로에서도 대통령의 이동 사실은 일반 차량에 묻혀 거의 알려지지 않았다.
청와대 쪽은 “경호 규모를 최소화한 암행 경호를 했다“고 말했다.
문 대통령은 통일각 정문에서 미리 기다리던 김 위원장의 여동생 김여정 노동당 중앙 위원회 제1 부부장의 영접을 받았다.
김 부부장은 웃음을 띠며 문 대통령과 악수했다.
문 대통령과 김 위원장의 두 번째 만남은 통일각 로비에서 이루어졌다.
밝은 표정의 김 위원장은 “(문 대통령이) 북쪽을 찾아온 것이 처음이 아니다.
4.27 때도 명장면 중 하나가 10초 동안 (군사 분계선을 넘어 북쪽으로) 깜짝 넘어 오신 것 아니냐“며 “좋은 자리에서 제대로 된 운전 차량으로 맞이해야 하는데 장소도 그렇고, 비공개 회담을 하니까 잘 못 해 드려 미안한 마음이다.
가을 초 평양으로 오시면 내외분을 제대로 맞이하겠다“고 말했다.
이에 문 대통령은 “평양을 방문해 제대로 대접 받는 것도 큰 의미가 있지만 이렇게 쉽게 남북 정상이 판문점에서 만날 수 있다는 것도 남북 간 새롭ㄴ 시대라고 생각한다“며 “김 위원장님은 한국에서도 아주 인기가 높아졌고, 기대가 높아졌다“고 화답했다.
김 위원장은 “제가 제안하고 하루 만에 대통령님이 오셨다.
평화적으로 마음이 모아지고, 평양과 서울이 더 가까워지는 과정이라고 생각한다“고 말했다.
잇어 남북 정상은 로비에 걸린 그림을 배경으로 기념 촬영을 했다.
회담은 통일각 1층 회의실에서 이루어졌다.
두 정상은 백두산 천지를 담은 6폭의 병풍을 배경으로 한 회의실에서 마주 앉았다.
배석자는 2명이었다.
문 대통령의 오른쪽엔 서훈 국가정보원장이, 김 위원장의 오른쪽엔 김영철 통일전선부장이 앉았다.
2시간 회담 뒤 마무리 발언에서 김 위원장은 “이렇게 중요한 시기에 넘어 오셔서 허심탄회하게 대화했다.
많은 사람들의 기대에 부응하고 각자 책임과 본분을 다해 준비해야 할 것 같다“며 “누구보다 (문 대통령이) 가을에 평양에 오길 기대하고 있다“고 말했다.
문 대통령은 “김 위원장과 둘 사이에 함께 남북의 평화와 번영을 이뤄 나가기 위해서라도 조/미 정상회담이 반드시 성공하기를 기원하겠다“며 '북/미' 대신 북쪽 용언 '조/미' 정상회담이란 표현을 써 김 위원장을 배려했다.
오후 5시께 회담을 마친 두 정상은 북한 군 의장대 사열을 하며 통일각 밖으로 나왔다.
두 정상은 헤어지기 전 3 차례 어깨를 맞바꿔 가며 포옹했다.
청와대가 공개한 동영상으로만 보면 김 위원장이 문 대통령을 더욱 적극적으로 당겨 안는 듯한 모습이었다.
포옹 뒤 두 정상은 악수를 나누며 작별했다.",29,1778
iks_doc_2018_hankyoreh_088,Hankyoreh 2018 total annotated text file unicode.txt,Hankyoreh,한겨레,2018,2018_multi_summit,"다시 만난 남북, 북미 회담 살려 냈다 문 대통령, 김정은과 파격 회동 “6.12 북미 회담 성공 개최 협력 김 위원장, 비핵화 의지 분명히 미국이 체제 안전 보장할지 걱정“` 트럼프 “6.12 회담 열리길 기대“",,"내달 1일 남북고위급회담 합의 평화를 향해 나아가는 순탄하지 않은 길 위에서 남북 정상이 또 한 고비를 넘어섰다.
북/미 정상회담이 좌초할 위기에 빠지자 두 정상이 판문점에서 다시 만나 건져 올렸다.
판문점 북쪽 지역 통일각에서 26일 오후에 열린 한 달 만의 두 번째 남북정상회담은, 김정은 북한 국무위원장의 제안과 문재인 대통령의 수락, 그리고 성사까지 하루 만에 일사천리로 진행됐다.
문 대통령이 27일 기자 회견에서 남북정상회담 결과를 직접 설명하던 시각, 도널드 트럼프 미국 대통령도 북/미 회담이 예정대로 열리기를 기대한다고 화답했다.
문 대통령은 27일 “우리 두 정상은 6.12 북/미 정상회담이 성공적으로 이루어져야 하며, 한반도의 비핵화와 항구적인 평화 체제를 위한 우리의 여정은 결코 중단될 수 없다는 점을 확인하고 이를 위해 긴밀히 상호 협력하기로 했다“고 밝혔다.
김 위원장은 “북/미 정상회담 성공을 통해 전쟁과 대립의 역사를 청산하고 평화와 번영을 위해 협력하겠다“는 의사를 피력했다고 문 대통령이 전했다.
문 대통령은 2차 남북회담을 통해 북/미 간 벌어진 틈을 메우고 북쪽이 완전한 비핵화에 상응하는 조처로 요구하고 있는 체제 안전에 대한 김 위원장의 의구심을 해소하기 위해 노력한 것으로 전해졌다.
문 대통령은 “트럼프 대통령은 김 위원장이 완전한 비핵화를 결단하고 실천할 경우, 북한과의 적대 관계 종식과 경제 협력에 대한 확고한 의지가 있다는 점을 전달했다“고 말했다.
잇어 “김 위원장과 트럼프 대통령 모두 북/미 정상회담의 성공을 진심으로 바라고 있는 만큼 양측이 직접적인 소통을 통해 오해를 불식시키고 정상회담에서 합의해야 할 의제에 대해 실무 협상을 통해 충분한 사전 대화가 필요하다는 점을 강조했다“며 “김 위원장도 동의했다“고 덧붙였다.
이와 함께 남북 정상은, 4.27 판문점 선언의 조속한 이행에 합의하면서 새달 1일 남북 고위급 회담을 열기로 합의했다.
또 군사적 긴장 완화를 위한 군사 당국자 회담과 이산가족 상봉을 위한 적십자 회담을 잇따라 열기로 했다.
한/미 연합 군사 훈련인 맥스선더를 이유로 소원해졌던 남북 관계도 정상 궤도로 복원된 것으로 풀이된다.
한편, 트럼프 미국 대통령은 26일 밤(현지 시각) 백악관에서 기자들과 만나 북/미 정상회담이 “6월 12일에 싱가포르에서 열리는 것을 기대하고 있다.
바뀐 것은 없다“고 했다.
트럼프 대통령은 “(정상회담 준비가) 아주 잘 진행되는 것 같다“며 “이름을 밝힐 수 없는 특정한 장소에서 얘기가 진행되고 있다.
여기에서 아주 멀지는 않다“고 했다.
북/미 간 전통적 소통 창군 '뉴욕 채널'을 통해 대화 중임를 뜻한다는 해석이 나왔다.",17,1314
iks_doc_2018_hankyoreh_089,Hankyoreh 2018 total annotated text file unicode.txt,Hankyoreh,한겨레,2018,2018_multi_summit,고위급 군사 적십자 회담 남북 대화도 다시 본궤도에 남북 관계 전망 남북 간 현안들 불거져 마찰음 한미 군사 훈련 등 빌미로 삐걱 북 종업원 송환 악재 남았지만 '판문점 선언' 이행 의지 재확인 고위급 회담 6월 1일 개최 못 박고 장성급 적십자 회담 가속 공식화 8.15 이산 상봉 성사 전망 밝아져,,"문재인 대통령과 김정은 북한 국무위원장이 26일 판문점 북쪽 지역인 통일각에서 정상회담을 열어 '4.27 판문점 선언'의 “조속한 이행“을 재확인했다.
6월 1일 고위급 회담을 시작으로 장성급 회담과 적십자 회담을 연이어 열기로 했다.
16일 북쪽의 남북고위급회담 연기 통보 이후 주춤하던 남북 관계에 다시 속도가 붙을 전망이다.
특히 북쪽은 “판문점 선언이 하루빨리 이행되도록 쌍방이 서로 신뢰하고 배려하며 공동으로 노력해 나가야 한다는 데 의견을 같이 했다“고 강조해, 최근의 남북 사이 논란을 극복할 '기준선'이 이번 정상회담에서 마련됐음을 내비쳤다.
문 대통령이 27일 오전 청와대 춘추관에서 발표한 내용을 보면, 남북 정상은 “4.27 판문점 선언의 조속한 이행을 재확인“하고, 고위급 회담 6월 1일 개최 군사적 긴장 완화를 위한 군사 당국자 회담 이산가족 상봉을 위한 적십자 회담을 “연이어 갖기로 합의“했다.
북쪽도 이날 <조선중앙통신>(중통)과 <노동신문> 보도를 통해 고위급 회담 6월 1일 개최 등 관련 합의를 확인했다.
북쪽은 특히 “부문별 회담들도 가속적으로 추진“이라고 강조해, 대화 재개의 속도가 빨라질 것임를 예고했다.
사실 '4.27 판문점 선언'엔 고위급 회담 등의 조속한 개최(1조 2항)와 적십자 회담(1조 5항), 5월 중 장성급 군사 회담(2조 3항) 개최가 이미 적시돼 있다.
하지만 이런 합의 내용의 이행 방안을 논의하려고 개최 예정이던 16일 고위급 회담이 북쪽의 일방적 연기 통보로 무산돼 남북 관계의 교착 국면이 지속돼 왔다.
26일 두 정상이 판문점 선언 이행과 후속 회담들을 “조속히“, “가속적으로“추진하겠다고 강조한 이유다.
고유환 동국대 교수는 “한/미 군사 연습 기간에 어렵ㄴ 국면이 조성됐지만 다시 원상 회복하고 (남북 간) 합의를 예정대로 이행하기로 한 것“이라며 “남북 관계를 정상화한다는 뜻“이라고 풀이했다.
이와 관련해 <중통>은 “(두 정상이) 현재 북과 남이 직면하고 있는 문제들“에 대한 의견 교환을 했다고 전했다.
문 대통령도 26일 회담 마무리 발언을 통해 “4.27 회담 이후에 우리 남북 간 대화에서도 약간의 어려움이 있었다“고 짚었다.
최근 남북 관계의 교착을 초래한 '현안'과 함께 남북 관계를 대하는 원칙적 태도를 두루 염두에에 둔 지적으로 읽힌다.
우선 정부 소식통은 “북한이 남북 관계 중단을 대미 압박용 수단으로 쓰려다가 북/미 회담 자체가 유실될 뻔하았다“며 “(이번 회담에서 두 정상이) 북/미 회담으로 가는 동력을 다시 복원한다는 차원에서 판문점 선언으로 돌아가자고 한 것“이라고 풀이했다.
최근 북쪽이 남쪽에 제기한 문제로는 한/미 공군의 '맥스선더' 훈련 태영호 전 영국 주재 북한 대사관 공사의 '반김정은 반체제' 발언 집단 탈출한 류경 식당 종업원 송환 일부 탈북자 단체 등의 대북 전단 살포 등이 있다.
맥스선더 훈련은 25일 마무리됐고, 태 전 공사는 국가정보원 산하 연구소의 자문 위원직을 자진 사퇴했다.
다만 북쪽이 공개 제기한 '류경 식당 종업원 송환' 요구(북한 적십자사 대변인)가 8.15 계기 이산가족 상봉 행사 성사에 '장애물'이 되리라는 지적이 많다.
그렇ㅁ에도 전문가들은 두 정상이 적십자 회담 개최에 재합의한 만큼 8.15 이산가족 상봉 행사가 성사될 가능성이 높아졌다고 짚었다.
남북은 1일 고위급 회담에서 장성급 회담과 적십자 회담을 포함한 분야별 회담 일정을 조율하는 등 판문점 선언 이행의 속도와 방향을 협의할 전망이다.
'합의문 없는' 5.26 정상회담, 왜?",21,1732
iks_doc_2018_hankyoreh_090,Hankyoreh 2018 total annotated text file unicode.txt,Hankyoreh,한겨레,2018,2018_multi_summit,북미 회담 살리기에 초점 맞춰 핵심 의제는 북미 간 갈등 조율 남한은 '길잡이'이라는 역할 의식 '합의문 발표 부적절' 판단한 듯 판문점 선언 재확인 수준이고 남북 간 신뢰 꽤 쌓인 점도 작용,,"문재인 대통령과 김정은 북한 국무위원장의 '5.26 정상회담엔 회담 결과를 문서로 정리한 합의문이 없다.
4월 27일 정상회담 때 '판문점 선언'을 발표한 선례와 비교된다.
더구나 이번 회담은 남과 북이 회담 결과를 각자 발표했고, 발표 시점에 시차가 있었다.
발표 형식도 달랐다.
왜 그랬을까?
이번 회담의 핵심 목적이 '북/미 정상회담 구하기'이라는 점이 가장 큰 영향을 끼쳤다는 분석이 많다.
아울러 전격적인 회담 성사, 4.27 정상회담을 계기로 쌓인 문 대통령과 김 위원장의 '신뢰 관계'가 두루 작용한 듯하다.
'합의문 발표 없는 정상회담'은, 이번 회담이 '북/미 정상회담 구하기'를 염두에 둔 남북 정상의 '전격전'이라는 사실과 직결돼 있다.
더구나 도널드 트럼프 미국 대통령이라는 결정적으로 중요한 또 다른 행위자의 존재를 염두에 둬야 하는 상황이다.
실제로 5분 50초 동안 이어진 문 대통령의 27일 정상회담 결과 발표에는 '북/미 정상회담'이라는 단어가 4 차례, '트럼프 대통령'이 3 차례, '비핵화'가 4 차례 등장했다.
문 대통령은 이번 회담에서 김정은 국무위원장에게 22일 한/미 정상회담 결과를 설명하며 트럼프 대통령의 의중(비핵화 때 적대 관계 종식과 경제적 번영 지원)을 전하고 북/미 정상회담의 성공을 위한 제언(실무 협상 통한 충분한 사전 대화)을 했다고 밝혔다.
문 대통령은 북한의 비핵화 의지 방법에 대한 질문을 받고는, “이미 여러 차례 설명했고, 폼페이오 장관도 방북해 김 위원장을 만나 직접 확인했다“며 “(비핵화) 로드맵은 북/미 간 협의할 문제기 때문에 앞질러서 내 생각을 말하는 것ㄴ 적절하지 않다“고 잘랐다.
문 대통령이 북/미 정상회담의 '길잡이' 노릇을 자임하고 있지만, 북/미 정상을 앞세우는 절제된 태도를 고수하겠다는 것이다.
남북 관계가 교착 국면이긴 하지만, 두 정상이 전격적인 정상회담을 할 만큼 심각한 상황은 아니며 이미 합의 발표한 '4.27 판문점 선언'에 덧붙일 것이 당장은 많지 않다는 점도 작용한 듯하다.
실제 회담 뒤 발표를 보면, 판문점 선언의 “조속한 이행“재확인과 함께 고위급 회담(6 월 1일)장성급 회담 적십자 회담을 연이어 열기로 했다는 정도다.
무엇보다 남북 정상의 ‘높은 상호 신뢰 관계'가 밑돌이 된 듯하다.
문 대통령은 이번 회담을 “친구 간의 평범한 일상처럼 이루어졌다“고 표현했다.
김 위원장은 “조미수뇌회담을 위해 많은 노력을 기울여 온 문 대통령의 노고에 사의를 표했다“고 <노동신문>이 전했다.
전직 고위 관계자는 “남북 정상이 높은 신뢰 관계를 토대로 북/미 정상회담을 살리려고 만난 것인데 무슨 합의문이 필요하겠냐“며 “합의문을 만들려고 하면 이렇게 필요한 적기에 전격적으로 정상회담을 할 수가 없다“고 말했다.",19,1356
iks_doc_2018_hankyoreh_091,Hankyoreh 2018 total annotated text file unicode.txt,Hankyoreh,한겨레,2018,2018_multi_summit,"홍준표, 2차 남북정상회담에 “한바탕 쇼 선거용일 뿐“혹평 논평 내지 않고 다른 당보다 늦게 기자 회견 “남북 정상 감싸 안는 감상적 겉 모습만으로 냉혹한 한반도 현실 덮을 수 없어“입장 발표 김성태는 “비선 접촉 하듯“절차 문제 제기",,"홍준표 자유한국당 대표가 26일 열린 제2차 남북정상회담을 두고 “남북 정상이 감싸 안는 감상적인 겉 모습만으로는 냉혹한 한반도 현실을 덮을 수 없다“는 공식 입장을 내놓았다.
그는 남북 정상이 예고 없이 한 달 만에 다시 만난 데 대해 “문 대통령이 또 쇼를 시작했다“고 말하기도 했다.
홍 대표는 27일 서울 여의도 당사에서 기자 회견을 열어, “어제(26일) 남북정상회담 합의문엔 한반도 비핵화라는 모호한 것 외에, 북한 핵 폐기와 관련된 내용은 어디에도 찾아볼 수 없었다.
새롭ㄴ 내용이나 진전은 전혀 없고, 미국의 강경한 입장에 직면한 남북 정상의 당혹감만 확인했다“고 밝혔다.
그는 “불성실한 태도로 일관하던 북한이 다급하게 남북 회담에 나선 것은 북핵 폐기에 대한 미국의 단호한 의지와 압박 때문인 것으로 판단한다“며 “결국 국제 사회의 강력한 제재 압박만이 북핵을 폐기할 수 있다“고 주장했다.
홍 대표는 “앞으로 저와 자유한국당은 미/북 정상회담을 위한 실무 협상 과정을 보다 냉철한 시선으로 지켜 보겠다.
진실의 순간이 곧 드러날 것으로 본다“고 말했다.
이어진 기자들과의 질의 응답에서 홍 대표는 “지난 번 문재인 대통령이 워싱턴에 갔을 때 미국 쪽의 외교적 결례는 '외교 참사' 수준이었다“고 지적했다.
그는 “심지어 (도널드 트럼프 미국 대통령으로부터) '나한테 이야기한 김정은의 말하고 실제 행동이 왜 다르냐' 그런 얘기까지도 추궁이 됐다고 한다“며 “장밋빛 환상만 심어 주던 문재인 대통령과, 북핵 폐기가 아닌 한반도 비핵화를 주장하던 김정은 국무위원장이 동시에 미국 압박에 데드락(난관)에 처해 있는 상황“이라고 이번 남북 정상회담이 성사된 배경을 짚었다.
'이번 남북 2차 정상회담이 지방 선거에 어느 정도로 영향을 미칠 것으로 보느냐'는 기자의 질문에는 “대답하기 어렵지만, 문 대통령이 곤경에 처한 것을 김정은 위원장이 구해 주는 형국“이라며 “외교 참사에 이를 만큼 무시당한 문 대통령을 구해 주기 위한 김정은의 배려“라고 답했다.
“트럼프의 (북/미 정상회담) 취소 직후 중국이 움직여 다시 회담 재개를 위한 협상을 한 것으로 알ㄴ다“고 언급한 홍 대표는 미국 쪽도 이번 2차 남북회담에 대해 “김정은 쪽의 요청으로 독자적으로 회담한 것을 꺼려한다“고 주장했다.
“남북 2차 정상회담에 대한 백악관 논평이 지금까지 나오지 않고 있다.
국무성에서도 공식 논평이 나오지 않는다“는 점을 주장의 근거로 들었다.
그는 “이런 중차대한 일에 미국 쪽에서 백악관 대변인이 공식 논평이 없다는 것만 보더라도 우리가 의심을 갖고 쳐다봐야 할 측면이 있다“고 덧붙였다.
이날 오전 다른 야당들은 이번 남북회담에 대해 대체로 환영하는 논평을 냈지만, 자유한국당은 당 공식 입장이나 논평을 내지 않다가 오후 4시에 열린 당 대표 기자 회견으로 갈음했다.
공식 기자 회견에 앞서 서울 노원 병 국회 의원 보궐 선거구에서 열린 강연재 자유한국당 후보 사무실 개소식에 참석한 홍 대표는 이 자리에서 “어제 갑자기 문 대통령이 또 쇼를 시작하는 바람에 당에 가서 입장을 밝혀야 한다“면서 “30년 이상 내려온 북핵 문제를 한바탕 쇼로 정리하려고 하는 것은 지방 선거를 목전에 둔 오로지 지방 선거용일 뿐“이라고 말했다.
잇어 “지방 선거 끝난 뒤 쇼로 밝혀지면 그때는 이미 선거가 끝난 뒤다.
국민들에게 냉정하게 상황을 보는 것이 옳겠다는 것을 당사로 돌아가 설명 드릴 것“이라고 밝혔다.
이날 자유한국당은 당초 오전 11시로 공지됐던 김성태 원내 대표의 국회 기자 회견을 취소하고, 새롭게 홍준표 대표 기자 회견을 오후 5시로 공지했다가 4시로 변경하는 등 분주한 모습을 보였다.
한편 홍 대표와 함께 당사 기자 회견에 참석한 김성태 원내 대표는 “정상적 프로세스를 거쳐 국민적 동의와 지지 속에 진행됐어야 하는데도, 비선 접촉 하듯이 하는 것은 큰 문제“이라고 절차적 문제를 지적했다.
또 “한/미 정상회담 결과와 아무 상관없이 회담을 번복하는 트럼프 대통령의 태도는 애초부터 문 대통령의 중재 외교가 전혀 중재되지 않았다는 반증“이라도 말했다.",21,1993
iks_doc_2018_hankyoreh_092,Hankyoreh 2018 total annotated text file unicode.txt,Hankyoreh,한겨레,2018,2018_multi_summit,'5.26 정상회담' 결과 발표 하루 늦춰진 이유가 문 대통령 발표 회견 때 직접 사정 설명 “김 위원장이 북쪽 사정 들어 요청“밝혀 남북 모두 미국과 소통 필요성 지적도,,"“마지막으로 공통적으로 갖고 계실 의문에 대해서 한 가지만 말씀 드리겠습니다.
어제 논의한 내용을 왜 어제 바로 발표하지 않고 오늘 이렇게 발표를 하게 되었느냐라는 것은 북한 김정은 위원장의 요청에 따른 것입니다.“
문재인 대통령은 27일 오전 10시 청와대에서 '26일 판문점 남북정상회담' 결과를 발표하며, 발표가 하루 늦춰진 사정을 이렇게 직접 밝혔다.
“대통령께서 퇴장하시겠습니다“이라는 윤영찬 국민 소통 수석의 마무리 발언이 나온 뒤, 기자들의 관련 질문이 없었는데도 자청해서 설명했다.
문 대통령은 “북쪽의 형편 때문에 오늘 논의된 내용을 보도할 수 있다라고 하면서 우리도 오늘 발표해 주면 좋겠다는 요청을 했습니다“라고 구체적 사정도 전했다.
그러고는 “언론에 양해 말씀을 구한다“고 했다.
문 대통령의 이런 설명은, '김정은 위원장에 대한 배려'와 더불어, '하루 늦은 회담 결과 발표'에 따른 불필요한 억측을 조기에 차단할 필요가 있다는 판단에 따른 조처로 보인다.
문 대통령의 이런 설명과 관련해, 익명을 요청한 한 전문가는 “요즘은 일부 북쪽 주민들도 알게 모르게 남쪽 뉴스를 챙겨 본다“며 “북쪽의 공식 발표 전에 남쪽 뉴스로 정상회담 관련 소식을 접하는 사태를 피하고자 했을 수 있다“고 풀이했다.
결과적으로 26일 회담 결과는 북쪽이 남쪽보다 4시간 빨리 공개했다.
<조선중앙통신>이 이날 오전 6시 보도했고, 노동당 기관지 <노동신문>도 이날치 1 2면 전체에 걸쳐 사진 18장과 함께 보도했다.
하지만 '다른 필요성'이 있었으리라는 관측이 많다.
남과 북 모두 '26일 판문점 정상회담'과 관련해 공식 발표 전에 미국 쪽과 접촉할 필요성이 있었으리라는 지적이다.
문 대통령은 “김 위원장과 회담에서 논의된 내용들은 이미 미국 쪽에 전달했다는 말씀을 드린다“고만 밝혔다.
청와대 고위 관계자도 “한/미 국가안보회의(NSC) 사이엔 거의 매일 소통“하며 “정상 간에는 전화 통화를 통해 수시로 의견을 교환한다“고 '원론적 답변'만 했다.
이와 관련해 사정에 밝은 복수의 소식통은 “우리는 회담 결과 발표 전에 미국 쪽에 결과를 설명하고 추가 협의를 할 시간이 필요했을 터고, 북쪽도 미국 쪽과 열려 있는 물밑 협의 창구로 남북 정상회담 개최와 관련한 소통의 필요성이 있었을 것“이라고 짚었다.
싱가포르서 남북미 회담도 열ㄹ까 문 대통령 “3국 종전 선언 기대“트럼프 “북미 회담 연장할 수도“트위터서 '당일치기 회담' 변화 시사 청와대는 내심 기대 속 신중 태도 “미, 북미 회담 성공에 전념할 것“일부 전문가들 “가능성 높다“문재인 대통령과 김정은 북한 국무위원장의 전격적인 2차 정상회담으로, 한때 '좌초 위기'에 놓였던 북/미 정상회담이 정상 궤도에 올랐다.
남북이 지난 4.27 판문점 선언에서 합의안 '올해 안 종전 선언' 및 '평화 체제 구축 논의' 역시 속도를 낼 것으로 보인다.
청와대 안팎에선 다음 달 12일 싱가포르에서 열리는 북/미 정상회담에 문 대통령이 합류해 남/북/미 정상이 함께 종전 선언을 할 가능성도 거론되고 있다.
문 대통령은 27일 청와대 춘추관에서 열린 기자 회견에서 “북미 정상회담이 성공할 경우에 남/북/미 3자 정상회담을 통해서 종전 선언이 추진됐으면 좋겠다는 기대를 가지고 있다“고 밝혔다.
그는 이날 회견에서 '남북미 3자 간 직통 전화(핫라인) 가능성'을 묻는 질문에 “남북 간에 최근에 그것이 개설됐고, 또 북미 간에도 앞으로 구축될 필요가 있다고 본다.
남북미 3국 간 핫라인 통화를 개설할 정도까지 가려면 사전에 남북미 3자 간의 정상회담부터 먼저 할 수 있지 않을까 생각한다“고 답하면서 이같이 말했다.
문 대통령의 '남/북/미 종전 선언' 언급은 4.27 남북정상회담에서 합의한 '판문점 선언'에 따른 것이다.
두 정상은 판문점 선언에서 “남과 북은 정전 협정 체결 65년이 되는 올해에 종전을 선언하고 정전 협정을 평화 협정으로 전환하며 항구적이고 공고한 평화 체제 구축을 위한 남북미 3자 또는 남북미중 4자 회담 개최를 적극 추진해 나가기로 했다“고 합의했다.
역사적인 북/미 회담의 성과를 바탕으로 남/북/미 정상 간의 종전 선언까지 이어 나가겠다는 의지를 피력한 셈이다.
청와대 고위 관계자도 이날 기자들과 만나 “3국 간 종전 선언은 4.27 (판문점)선언에 이미 포함돼 있다.
이런 방안들에 대한 검토가 필요하다는 측면에서 협의는 진행하고 있다“고 밝혔다.
다만 “3자 정상회담을 어떻게, 언제 개최하느냐의 구체적인 내용에 대해서는 아직 (남북 간 실무 차원에서) 합의된 것이 없고 내부 실무 차원에서 가능성만 검토되고 있다“고 덧붙였다.
청와대는 여건만 조성된다면 북/미 회담 직후 문 대통령이 싱가포르를 방문해 남/북/미 정상회담에 참여하는 방안에 대해서도 가능성을 열어 놓고 준비 중인 것으로 전해졌다.
한 청와대 관계자는 “결정된 바는 없지만 모든 가능성은 열려 있다“고 했다.
다만 3자 정상회담이 가능해지려면 앞서 열릴 북/미 정상회담의 성공이 전제돼야 하는데, 이제 겨우 북/미 회담의 불씨를 살려 놓은 단계라, 섣불리 내다보기 힘들다는 우려도 많다.
또 다른 청와대 관계자는 “트럼프 대통령이 일단은 북/미 회담의 성공에 전념하지 않을까 싶다“고 말했다.
북/미가 한반도의 완전한 비핵화와 북한 체제 보장 등을 놓고 실무 협상에서 일정한 진전을 보더라도, 핵심적인 내용은 두 정상이 마주 앉아 결정할 가능성이 커서 북/미 회담 이후를 전망하기는 힘들다는 얘기다.
일각에선 도널드 트럼프 대통령이 북/미 회담 기간 연장 가능성을 내비친 것을 남/북/미 3자 회담을 염두에 둔 발언으로 풀이하기도 한다.
트럼프 대통령은 26일(현지 시각) 자신의 트위터를 통해 “우리는 북한과 정상회담을 다시 하는 것에 대한 생산적인 대화를 하고 있다.
만약 한다면, (기존과) 같은 날인 6월 12일 싱가포르가 될 것이다.
필요하다면 그 날짜를 넘어서서 (기간이) 연장될 수도 있다“고 밝혔다.
'당일치기' 회담으로 알려졌던 북/미 정상회담 기간이 길어진다는 의밀 수도 있지만, 이 기간 남/북/미 3자가 만나 대화하고, 종전 선언을 하기 위한 기간을 염두에 둔 것 아니냐고 해석할 수도 있다.
조성렬 국가 안보 전략 연구원 수석 연구 위원은 “싱가포르에서 남/북/미가 만나 종전 선언을 할 가능성이 70 80% 정도는 된다고 본다“며 “북한이 적대 의식을 느끼는 것은 한/미 동맹이다.
북한이 비핵화에 착수해서 완료하기 전까지 체제 안전을 보장하기 위한 '과도기적 안전 보장' 차원에서 3자가 만나 종전 선언을 할 수 있다“고 짚었다.",39,3206
iks_doc_2018_hankyoreh_093,Hankyoreh 2018 total annotated text file unicode.txt,Hankyoreh,한겨레,2018,2018_multi_summit,"트럼프도 '6.12 회담' 공식화 북미 어제부터 판문점 접촉 북미 회담 급물살 트럼프 “그것은 바뀌지 않았다“남북회담 하루 만에 북과 협상 성김/최선희, 통일각에서 만나 북미 회담 성사까진 여전히 '살얼음' '비핵화/체제 보장' 다시 줄다리기",,"도널드 트럼프 미국 대통령의 지난 24일 회담 취소 공개 서한으로 궤도에서 이탈했던 '6월 12일 싱가포르' 북/미 정상회담이 북/미의 막후 실무 접촉과 주말 판문점 극비 남북 정상회담을 통해 기사 회생했다.
'6월 12일 회담'의 차질 없는 진행에 대해 남북미 정상이 한목소리로 긍정적인 신호를 발신하고 있다.
문재인 대통령은 27일 남북 정상회담 결과를 발표하면서 “우리 두 정상은 6.12 북/미 정상회담이 성공적으로 이루어져야 한다는 점을 확인했다“고 밝혔다.
회담 개최 가능성에 대한 의구심이 가시지는 않는 상황에서, 남북 정상이 회담 개최 의지를 다시 한 번 다진 것이다.
북한도 27일 <조선중앙통신>이 전한 김정은 국무위원장의 발언을 통해 처음으로 정상회담 일정을 '6월 12일'로 못 박았다.
트럼프 대통령 역시 문 대통령의 남북 정상회담 결과 발표 직전인 26일(현지 시각) 밤 백악관에서 베네수엘라에 억류됐다가 풀려난 자국 시민과 만난 자리에서 “그것(6월 12일 정상회담 개최)은 바뀌지 않았다“고 강조했다.
트럼프 대통령은 “(정상회담 논의가) 아주 훌륭하게 진행되고 있다“며 “(논의) 장소는 여기에서 멀지 않은 곳“이라고 말했다.
싱가포르 정상회담 재추진을 사실상 공식화한 것이다.
남북미 모두 정상 차원에서 판을 깰 의도가 없고, 더 나아가 성공에 대한 의지도 강하다는 점이 재확인된 만큼, 북/미는 실무 준비에 박차를 가할 것으로 예상된다.
정상회담 개최 몇 개월 전부터 사전 준비를 하는 미국의 관례에 비출 때, 지금은 전례 없는 비상 사태라 할 수 있다.
현재 북/미는 의제는 물론 의전 경호 동선 등 회담 실무에서도 초보적 논의에 머물러 있다.
이에 따라 몇 개의 채널이 동시에 가동될 것으로 보인다.
우선 트럼프 대통령이 암시한 것처럼, 북/미 간 '뉴욕 채널'을 통해 일상적 업무 연락을 계속 주고 받을 수 있다.
두 번째는 의전 경호 이동 문제를 논의하는 실무 회담 개최다.
이와 관련해 정치 전문 매체 <폴리티코>는 지난 25일 백악관 사전 준비 팀이 27일 싱가포르로 출발한다고 보도했다.
이 선발대는 북한 쪽과 주로 행사와 관련된 실무 문제를 논의할 것으로 예상된다.
특히 <한겨레> 취재 결과, 문재인 대통령과 김정은 국무위원장이 깜짝 정상회담을 한 지 하루 만인 27일부터 북/미 실무진이 판문점 북쪽 지역에서 실무 회담을 진행 중이다.
6자 회담 미국 쪽 수석 대표 등을 역임했으며 북/미 정상회담에서 주요한 역할을 맡을 것으로 전해졌던 성김 필리핀 주재 미국 대사가 이 막후 회담을 주도하고 있는 것으로 알려졌다.
김 대사는 백악관, 국방부, 국무부 관계자들과 함께 실무 회담을 진행 중이며 북쪽에서는 최선희 외무성 부상 등이 회담에 참가하고 있다고 <워싱턴포스트>가 전했다.
회담은 29일까지 계속될 예정이다.
남북과 미국의 노력으로 북/미 정상회담의 불씨가 살아 났지만, '살얼음 판 국면'은 회담 당일까지 이어질 수 있다.
우선, 비핵화 및 상응 조처를 둘러싼 북/미 간 기 싸움은 사전 논의 과정에서 피할 수 없다.
이 과정에서 또 한 차례 큰 고비가 찾아올 수 있다.
북/미 간 신뢰가 탄탄하지 않은 상태에서 군사 위협 해소와 체제 안전 보장을 먼저 확약 받고 싶어 하는 북한과, 비핵화 조처를 먼저 확인하고 싶은 미국 사이에 팽팽한 줄다리기가 예상된다.
문 대통령도 이날 “(비핵화 및 상응 조처) 로드맵은 양국 간에 협의가 필요하고, 그런 과정이 어렵ㄹ 수 있다“고 밝혔다.
다만, 트럼프 대통령은 24일 방영된 <폭스 뉴스> 프로그램에서 처음으로 북한이 요구하는 '단계적 비핵화'의 필요성을 언급한 바 있다.
이는 미국의 '신속한 비핵화' 요구와 북한의 '단계적 비핵화' 주장이 '신속하고 단계적인' 주고 받기로 절충될 가능성을 암시하는 것이다.
또 다른 걸림돌은 김정은 위원장의 이동 문제다.
<워싱턴포스트>는 22일 김 위원장이 자신의 전용기로 과연 싱가포르까지 무사히 닿을 수 있을지 우려하고 있다는 신호를 미국 쪽에 보내고 있다고 보도한 바 있다.
이 보도가 맞는다면, 이동 문제가 의외로 상당히 까다롭ㄴ 쟁점이 될 수 있다.
북한은 아직 공식적으로 회담 장소에 대해 언급하고 있지 않다.",31,2051
iks_doc_2018_hankyoreh_094,Hankyoreh 2018 total annotated text file unicode.txt,Hankyoreh,한겨레,2018,2018_multi_summit,"“남북은 이렇게 만나야“강대국에 휘둘리지 않는 '공조' 선언 '깜짝 회담' 의미와 전망 문 대통령 “역사 물 줄기 바꾸는 완전히 새롭ㄴ 시작 될 것“한반도 '불신 신뢰' 전환 점으로 두 정상 수시로 논의하겠다던 4.27 판문점 선언 다짐 실천 '소통 일상화' 남북 관계 질적 도약 남북 함께 북미 관계 변화 이끌어 미국 지배적 국제 정치에 '파란' 주변 4국, 한반도 전략 수정 불가피",,"도널드 트럼프 미국 대통령이 '6월 12일 싱가포르 북/미 정상회담'을 취소한다고 '편지 통보'를 하지 않았다면, 한 달 만의 26일 판문점 남북정상회담(5.26 정상회담)은 열리지 않았을 터다.
문재인 대통령과 김정은 북한 국무위원장은 아무도 예상하지 못한 전격적인 정상회담으로 좌초 위기의 북/미 정상회담을 다시 살려 내고 남북 관계를 질적으로 한 단계 높은 지경에 올려 놨다.
말 그대로 '전화위복의 예술'이다.
문 대통령과 김 위원장의 정세 돌파 '전격전'은, 더는 '냉전의 외딴 섬'에 살지 않겠다는, 미국 중국 일본 러시아 주변 4국의 강대국 정치와 이간책에 흔들려 전쟁과 분단과 갈등으로 허송세월하지 않겠다는 '공조 선언'이다.
“역사의 물 줄기를 바꾸는, 완전히 새롭ㄴ 시작이 될 것“이라는 문 대통령의 다짐은 그래서 의미심장하다.
사정에 밝은 여러 소식통들이 “아무도 예상하지 못한 매우 흥미롭ㄴ 사태 전개“이자 “(한반도의) 불신 프로세스를 신뢰 프로세스로 바꿀 전환 점“이라고 평가하는 이유다.
우선 '5.26 정상회담'은 “양 정상은 정기적인 회담과 직통 전화를 통해 민족의 중대사를 수시로 진지하게 논의“하겠다는 '4.27 판문점 선언'의 다짐을 실천했다는 의미가 있다.
'말을 하면 이행한다'는 좋은 선례의 구성이다.
문 대통령은 27일 회담 결과를 발표하며 “친구 간의 평범한 일상처럼 이루어진 이번 회담에 매우 큰 의미를 부여하고 싶다“며 “남북은 이렇게 만나야 한다는 것이 제 생각“이라고 밝혔다.
김 위원장은 26일 회담 머리 발언에서 “마음이 더 가까워지고 모아지고, 평양과 서울이 더 가까워지는 과정“이라고 의미를 부여했다.
<노동신문>을 통해선 “북남 관계의 새롭ㄴ 장을 열어 놓는 역사적인 계기“이라고 평했다.
문 대통령도 회담 마무리 발언에서 “과거에는 남북 정상들이 마주 앉으려면 아주 길ㄴ 시간 동안 많은 노력이 필요했는데, 이렇게 연락해서 쉽게 만날 수 있다는 것이 남북 관계의 새롭ㄴ 시대를 보여 주는 징표“라고 자평했다.
1 2차 남북정상회담 과정에 밝은 전직 고위 관계자는 “정상 간 소통의 일상화가 가능해져 남북 관계의 안정적이고도 일상적인 발전의 계기가 될 것“이라며 “남북 관계에서 이루 말할 수 없는 큰 의미를 지닌다“고 짚었다.
이 관계자는 “우리 내부적으로는 '통미봉남' 따위 시대착오적 말 장난으로 갈등과 분열에 휩싸이지 않을 전기가 될 수 있을 것“이라고 기대했다.
무엇보다 '5.26 정상회담'은 '남북 관계의 재발견', 곧 전쟁과 분단의 한반도사에서 남북 관계와 북/미 관계의 우선 순위 조정을 통한 관계 재설정의 의미를 지닌다.
남북 정상의 전격적 담판으로 좌초 위기의 북/미 정상회담을 살려 냈다는 것ㄴ, 남북 공조로 북/미 관계를 '견인'할 수 있음을 보여 준 것이어서다.
'남북 관계는 미국이 설정한 한계를 벗어나기 어렵다'는 국제정치학계의 강고한 인식이 '불변의 진리'가 아님를 웅변한다.
사정에 밝은 소식통은 “트럼프의 '편지 취소'에서 26일 남북정상회담에 이르는 과정은 남북 관계가 북/미 관계보다 반 발짝 또는 한 발짝 앞서갈 필요가 있다는 데 남북이 공감을 형성한 것“이라고 짚었다.
“신뢰가 부족하거나 결여된“북/미 관계가 주춤할 때 남북 관계가 “속도 유지와 역진 방지“의 안전 판 노릇을 할 수 있고, 그러해야 하다는 지적이다.
전직 고위 관계자는 “김정은 위원장으로선 미국을 상대하는 데 (전통의 후견국인) 중국의 시진핑 국가 주석뿐만 아니라 문 대통령의 도움이 절실함를 행동으로 인정한 것“이라고 짚었다.
실제 27일 <노동신문>은 “북남 수뇌분들께서는 조선 반도의 비핵화를 실현하기 위해 공동으로 노력해 나갈 데 대한 입장을 표명하시며 앞으로 수시로 만나 대화를 적극화하며 지혜와 힘을 합쳐 나갈 데 대해 견해를 같이하셨다“고 전했다.
문 대통령도 “한반도의 비핵화와 항구적인 평화 체제를 위한 우리의 여정은 결코 중단될 수 없다는 점을 확인하고, 이를 위해 긴밀히 상호 협력하기로 했다“고 밝혔다.
전통적으로 북/미 간 의제로 인식돼 온 이른바 '북핵 문제'(북/미 적대 관계)를, 문 대통령이 거듭 강조해 온 '한반도 냉전 구조 해체'의 전망 아래 남북 공조로 해소하겠다는 다짐이다.
동북아의 사실상 패권국인 미국은 물론 중 일 러 등 동북아 주변국들로서는 대한반도 전략을 재검토할 수밖에 없는 상황 전개다.
문 대통령 '2시간 방북' 때 김동연 부총리 권한 위임 방북 시간 때 이낙연 총리도 국외 출장 문재인 대통령이 26일 2차 남북정상회담을 위해 2시간 가량 '방북'하면서 대통령의 권한을 김동연 경제 부총리에게 잠시 넘겼던 것으로 알려졌다.
문 대통령은 이날 오후 3시부터 5시까지 판문점 북쪽 지역인 통일각에 머물며 김정은 북한 국무위원장과 정상회담을 했다.
2시간 가량이지만 대통령이 방북하는 '비상 상황'이 일어난 것이다.
문 대통령은 이에 방북 전 법에 정해진 절차를 밟아 대통령의 권한을 김 부총리에게 넘겼다.
헌법 71조는 대통령 궐위 사고 때는 국무총리 또는 법률이 정한 국무 위원의 순으로 권한을 대행하도록 하고 있다.
한상희 건국대 법학 전문 대학원 교수는 “문 대통령의 방북은 헌법이 정한 '실효적 지배 영역'을 벗어난 것이다.
대통령으로선 직무를 원활히 수행할 수 없는 상황으로 볼 수 있다“고 해석했다.
헌법에 따라 문 대통령의 권한은 이낙연 국무총리가 대행해야했지만 이 총리도 오스트리아와 아일랜드를 방문하려고 지난 24일 출국해 국내에 없었다.
결국 문 대통령은 '국무총리가 사고로 직무를 수행할 수 없는 경우에는 기획 재정부 장관이 겸임하는 부총리, 교육부 장관이 겸임하는 부총리의 순으로 직무를 대행한다'는 정부 조직 법 22조에 따라 김 부총리에게 권한을 위임하고 통일각으로 향했다.
순식간에 스쳐 간 북 의장대 ‘받들어총’ 의전, 뭣이 중한디 급박한 만남 실무 대화 초점 북한 노동신문은 문재인 대통령과 김정은 국무위원장이 26일 판문점 북측 통일각에서 또다시 남북정상회담을 개최했다고 27일 사진과 함께 대대적으로 보도했다.
사진은 문재인 대통령이 북한 군 의장대의 영접을 받으며 통일각으로 들어서는 모습.
연합뉴스 25일 남북 정상회담장인 판문점 북쪽 지역 통일각 앞에서는 인민군 명예 위병대(의장대)가 양 옆으로 정열해 문재인 대통령을 맞았다.
이들은 이날 문 대통령이 승용차에서 내려 김여정 노동당 제1 부부장의 안내로 통일각 안으로 발걸음을 옮기자, 의장용 칼을 들ㄴ 지휘자의 '경례' 지휘에 따라 ‘받들어총’ 자세로 문 대통령에 예를 표했다.
이들의 모습은 청와대가 공개한 영상에서 불과 몇 초에 그쳤다.
외국 정상에 대한 의장 행사라고 보기에는 상당히 간략한 형태였다.
지난달 27일 첫 남북정상회담 때 판문점 남쪽 지역 자유의 집 앞에서 한 의장 행사도 협소한 장소 등을 이유로 국기 게양과 국가 연주, 예포 발사 등이 생략된 약식으로 치러졌지만, 그때 행사와도 비교가 안될 정도로 단촐했다.
여기엔 이날 회담이 김정은 국무위원장의 제안 하룻 만에 성사되는 등 급박하게 이루어진 점, 회담 성격이 정상 간 의전보다 실무 대화에 초점이 맞춰진 점, 사열 등 의장 행사를 하기에는 장소가 비좁다는 현실적 이유 등이 반영된 것으로 보인다.
군 관계자는 “북한은 과거 김대중 노무현 대통령 방북 때 국가 원수에 걸맞는 의전 행사를 했고, 김정은 국무위원장이 지난 4월 판문점 자유의 집에 왔을 때는 우리 군의 의장 행사를 받았다.
북한이 이번에 의전 행사를 아주 생략하기는 어려웠기 때문에 간략하게나마 준비한 것 같다“고 말했다.
다른 관계자는 “의장 행사는 국제 규칙이 있는 것은 아니고 각국의 관례와 사정, 그때 그때의 형편에 따라 조금씩 달라질 수밖에 없는 것으로 봐야 한다“고 말했다.",44,3774
iks_doc_2018_hankyoreh_095,Hankyoreh 2018 total annotated text file unicode.txt,Hankyoreh,한겨레,2018,2018_multi_summit,"문 대통령, 암행 경호 속 차량으로만 판문점으로 이동",,"문재인 대통령과 김정은 북한 국무위원장 간 두 번째 남북정상회담은 두 정상이 헤어지고도 세 시간 가까이 더 지난 26일 오후 8시께 청와대가 공개하기 전까지 전혀 알려지지 않았을 정도로 극비리에 진행됐다.
이는 김 위원장이 25일 오후 회담을 제의하며 일체의 형식 없이 만나고 싶다고 했을 뿐만 아니라, 회담 사실이 미리 알려지면 경호, 보도 등의 복잡한 준비 절차로 내실 있는 대화가 이루어지기 어렵다고 판단했기 때문이다.
이에 따라 문 대통령이 김 위원장의 제안을 흔쾌히 수락한 이후, 다음 날인 26일 청와대에서 판문점에 도착하기까지의 과정 역시 눈에 띄지 않게끔 철저한 보안 속에 이루어진 것으로 알려졌다.
청와대는 일단 문 대통령 경호 규모를 최소화했다는 후문이다.
일반적으로 문 대통령이 이동하면 대통령이 탑승한 차량 앞 뒤로 적잖은 차량이 배치돼 경호 업무를 담당하는데, 언론에 공개된 문 대통령의 판문점 도착 모습을 보면 평소보다 훨씬 적은 수의 차량이 함께한 것을 알ㄹ 수 있다.
당장 경호 규모를 평소와 마찬가지로 꾸려서 움직일 경우 도로에서 쉽게 눈에 띄어 보안을 유지하기 어렵다고 판단해 이런 조처를 한 것으로 받아들여진다.
문 대통령은 이날 탑승한 차량도 평소에는 타지 않던 차종이었다.
문 대통령은 일반적인 외부 일정을 소화할 때는 대개 검은색 메르세데스/마이바흐 S 클래스를 타고 다니는 것으로 알려졌지만 이번에는 은색 벤츠를 타고 판문점 북측 지역 통일각 앞에 내렸다.
이 역시 문 대통령의 동선상 보안을 유지하기 위한 장치였다는 것이 대체적인 분석이다.
문 대통령은 판문점까지 오직 차량으로만 이동했다고 청와대 관계자는 설명했다.
남북정상회담 사실이 뒤늦게 알려진 뒤 기자들 사이에서는 청와대에서 판문점으로 향하는 강변북로의 휴일 도로 사정을 고려할 때 헬기를 이용했을 것이라는 추측이 나왔다.
청와대에서 곧장 헬기로 이동하면 대통령의 이동 사실이 노출될 수도 있으니 청와대에서 좀 떨어진 장소로 이동해 헬기를 타고 판문점 인근 군 부대까지 간 다음 그곳에서 차로 갈아탔지 않았겠냐는 것이었다.
기상 사정 때문에 취소되긴 했지만 문 대통령은 지난해 11월 방한한 도널드 트럼프 미국 대통령과 비무장 지대(DMZ) 동반 방문을 추진했을 때 헬기로 판문점 인근 군 기지에 도착해 차량으로 DMZ까지 이동한 적이 있다.
그러나 청와대 관계자는 연합뉴스와 통화에서 “암행 경호를 해서 판문점까지 갔다“고 말해 이날 강변북로의 차량 흐름과는 무관하게 큰 어려움 없이 이동했다고 전했다.
청와대에서 판문점까지의 거리는 약 65㎞이다.
4.27 남북정상회담 때 문 대통령은 청와대를 출발, 인근 도로에 잠시 내려 시민들과 4 5분 가량 인사하는 시간을 포함해도 채 한 시간이 걸리지 않아 판문점에 도착할 수 있었다.
당시와 달리 문 대통령이 지나는 도로를 전면적으로 통제하지 않았던 점을 고려하면 이번에는 한 시간을 조금 넘는 시간을 달려 판문점에 도착했을 가능성이 있다.
5.26 정상회담 '서훈/김영철 소통 라인' 통해 성사됐다 김 통전부장, 서 국정원장 소통 과정에서 “격의 없이 소통하자“김 위원장 뜻 전달 문 대통령 “흔쾌히 수락 친구처럼 만나야“26일 판문점 북쪽 지역인 통일각에서 이루어진 문재인 대통령과 김정은 북한 국무위원장 사이의 2차 남북 정상회담은 25일 김 위원장의 제안에 따라 전격적으로 이루어졌다.
문 대통령은 27일 청와대 춘추관에서 한 기자 회견에서 “김 위원장이 그제(25일) 오후 일체의 형식 없이 만나고 싶다는 뜻을 전해 왔고, 저는 흔쾌히 수락했다“고 말했다.
25일은 도널드 트럼프 대통령이 6.12 싱가포르 북/미 회담 취소를 발표한 이튿날이다.
문 대통령은 “4.27 판문점 선언의 후속 조치 이행과 6월 12일 북/미 정상회담을 앞둔 준비 과정에서 약간의 어렵ㄴ 사정들이 있었다“며 “그런 상황에서 북한의 김정은 위원장이 (정상회담을) 요청해 왔고, 또 남북의 실무진이 통화를 해서 협의를 하는 것보다 직접 만나서 허심탄회하게 대화를 나누는 것이 좋겠다고 판단을 해서 전격적으로 회담이 이루어진 것이다“라고 말했다.
문 대통령은 “북/미 정상회담의 성공을 일궈 내는 것, 그리고 또 4.27 판문점 선언의 신속한 이행을 함께 해 나가는 것이 매우 중요한 시점이라고 봤다“고 덧붙였다.
이와 관련해 청와대 고위 관계자는 기자들과 만나 “남북 사이에는 여러 소통 경로를 유지하고 있고, 그 가운데 하나가 서훈 국가정보원장과 김영철 북한 통일전선부장 사이의 소통 경로다“이라며 “그제 최근의 북/미 정상회담 준비 과정과 남북 관계 발전 방안을 위한 4.27 후속 조치 등에 관한 협의가 (두 사람 사이에) 있었다“고 말했다.
그는 “그 과정에서 북측에서 김 위원장의 구상이라고 하면서 격의 없는 소통을 한 번 갖는 방안을 하자고 제시해 왔고, 두 사람의 접촉 뒤 관련 장관들과의 협의 과정을 통해 대통령에게 건의 드렸으며 대통령이 승낙을 했다“고 말했다.
청와대는 문 대통령의 승낙 뒤 25일 밤부터 26일 오전까지 분주하게 실무 준비에 들어간 것으로 알려졌다.
급하게 이루어진 만큼 통일각 2차 남북정상회담은 의전, 경호, 보도 등에 관한 실무 회담을 사실상 모두 생략한 채 실무형으로 이루어졌다.
4.27 남북 정상회담이 지난 3월 합의 발표 이후 준비에만 한 달 반 가량이 걸린 것과 견주면 일사천리로 진행된 것이다.
역대 정권에서 두 차례 남북 정상회담이 이루어진 것은 이번이 처음이다.
정상회담의 간격이 한 달밖에 안 되는 것도 파격이다.
문 대통령은 2차 정상회담에 관해 “지난 회담에서 우리 두 정상은 필요하다면 언제 어디서든 격식 없이 만나 서로 머리를 맞대고 민족의 중대사를 논의하자고 약속한 바 있다“며 “친구 간의 평범한 일상처럼 이루어진 이번 회담에 매우 큰 의미를 부여하고 싶다.
남북은 이렇게 만나야 한다는 것이 제 생각이다“라고 말했다.
두 정상은 회담에서 향후에도 수시로 만나기로 했다.
문 대통령은 “양 정상은 이번 회담이 필요에 따라 신속하고 격식 없이 개최된 것에 큰 의미가 있다고 평가하고, 앞으로도 필요하면 언제든지 서로 통신하거나 만나, 격의 없이 소통하기로 했다“고 말했다.
이에 따라 4.27 판문점 선언 합의에 따라 예정된 문 대통령의 가을 평양 방문 이전에도 남북 정상회담이 열릴 가능성도 충분히 점쳐진다.
청와대 관계자는 “남북 정상이 필요하다면 언제든지 다양한 방식의 소통을 확대해 가고 격의 없는 실무적 성격의 회담을 갖자고 합의한 것이 남북 관계에 있어 아주 이례적인 진전이라고 평가한다“고 말했다.",35,3197
iks_doc_2018_hankyoreh_096,Hankyoreh 2018 total annotated text file unicode.txt,Hankyoreh,한겨레,2018,2018_multi_summit,민주 “국회 '판문점 선언 지지 결의 안'으로 화답해야“제2차 남북정상회담 환영 논평 28일 본회의서 결의 안 통과 강조,,"더불어민주당이 지난 26일 열린 제2차 남북정상회담에 대해 “한반도 평화를 향한 의지와 신뢰를 재확인한 파격적인 정상회담“이라고 평가했다.
백혜련 더불어민주당 대변인은 27일 논평을 통해 “어제 회담에서 한반도 비핵화에 대한 남북미 정상의 의지, 북미정상회담을 바라는 김정은 북한 국무위원장의 뜻을 명확히 확인한 만큼 한반도 평화와 번영을 위한 본격적인 탄력이 붙었다“고 밝혔다.
또 “북미정상회담의 추진 과정에서 야기된 오해와 갈등 등으로 '시계 제로'인 상황에 직면했지만, 문재인 대통령의 중재 노력으로 꺼져 가던 평화의 불씨를 되살릴 수 있었다“고 말했다.
야당을 향해서는 '초당적 협력'을 강조했다.
백 대변인은 “안보에는 여야가 없다는 말은 단순한 수사가 아니다“이라며, “한반도 평화를 위한 문재인 정부 행보에 야당의 협력을 당부한다“고 했다.
같은 당의 박경미 원내 대변인 역시 논평을 통해 “하루 24시간, 몸이 열 개라도 부족한 문 대통령의 눈물겹ㄴ 노력에 국회가 할 수 있는 것은 오는 28일 역사적인 '4.27 판문점 선언 지지 결의 안'을 통과시키는 일“이라고 밝혔다.
박 원내 대변인은 “야당의 초당적 협력이 그 어느 때보다 절실하다“며 “한반도 비핵화와 평화 체제 구축의 국민적 염원을 담은 '4.27 판문점 선언 지지 결의 안'의 본회의 통과는 국민에 대한 국회의 의무라는 점을 다시 한 번 강조한다“고 말했다.
앞서 여야는 28일 본회의를 열고 4.27 남북정상회담 합의문인 판문점 선언 지지 결의 안을 처리하기로 합의했다.
그러나 자유한국당은 북/미 정상회담 취소를 거론하며, 지지 결의 안 처리 재검토를 내비친 바 있다.
바른미래당 “북 핵 폐기 의지 확인 환영“남북정상회담 관련 논평 바른미래당은 27일 전날 열린 남북정상회담과 관련해 “환영한다“고 긍정적으로 평가했다.
신용현 수석 대변인은 이날 논평을 내 “북한의 핵 폐기 의지 확인을 환영하고 문제 해결을 위한 격식 없는 남북정상회담 개최를 평가한다“고 밝혔다.
잇어 “김정은 위원장이 격식 없는 판문점 남북정상회담을 요청해 남북정상회담을 갖고, 이 자리에서 비핵화 의지를 분명히 하고 북미정상회담을 통해 한반도의 평화 구축을 하겠다는 의지를 밝힌 것을 환영한다“고 밝혔다.
아울러 “이번 남북정상회담이 필요에 따라 언제든지 격식 없이 열릴 수 있다는 사례를 만들ㄴ 것으로 큰 의미가 있다“고 평가했다.
끝으로 신 수석 대변인은 “6.12 북미 정상회담이 성공적으로 개최돼 한반도 비핵화가 실질적인 결실을 거둘 수 있기를 바라며, 이를 위해 확고한 한미 동맹과 단기간 내 완전한 핵 폐기 원칙이 고수돼야 할 것이다“이라며 “핵 폐기 실현을 통해 남북 평화 협력이 진전되기를 기대한다“고 밝혔다.
[영상] 청와대, 2차 남북정상회담 머리 마무리 발언 영상 공개 김정은 “제대로 잘 (대접)못하아 미안합니다“문재인 “이렇게 쉽게 만날 수 있다는 것이“문재인 대통령과 김정은 북한 국무위원장은 지난 26일 판문점 북쪽 지역 통일각에서 열린 두 번째 남북 정상회담에서 상대에 예우를 갖춘 인사로 회담을 시작했다.
김 위원장은 비공개 회담인 탓에 성대한 환영 행사 등을 준비하지 못한 점이 마음에 걸리는 듯, “비공개 회담을 하니까 제대로 잘 못 해서 미안한 마음입니다.
평양에 한 번 오시면“이라고 양해를 구했다.
그러자 문 대통령은 “평양을 방문해서 제대로 대접 받는 것도 의미 있지만, 남북 정상이 이렇게 쉽게 판문점에서 만날 수 있다는 것도 남북 간 새롭ㄴ 시대라고 생각한다“고 답했다.
김 위원장은 4.27 남북 정상회담 이후 29일 만에 두 정상이 다시 만난 데 대해 “마음이 더 가까워지는 과정이라고 생각한다“고 말했다.
다음은 청와대가 27일 공개한 남북 정상들의 머리 발언과 마무리 발언 영상을 토대로 정리한 것이다.
영상의 음질 상태가 좋지 않아, 발언이 잘 들리지 않는 부분도 있다.
<남북정상회담 머리 발언>
김정은 북한 국무위원장 4차 북남 회담 책임지고 이행해 나가는 문제를... 많은 분들이 기대를 가지고 보셨고, (남북)화합에 국제 사회가 환영 박수 보냈는데 우리가 넘어 가지 못하면..
얼마든지 자주 만나서 얘기하고, 같이 얘기 나누면서 풀어 나가면 그때 한 약속을 이행할 수 있는..
(그리고 문 대통령이) 북쪽 찾아온 것이 처음이 아니다.
4.27 때도 명장면 중 하나가 10초 동안 깜짝 넘어 온 것 아니냐.
(웃음) 장소도 그렇고, 사전에 비공개 회담을 하니까 제대로 잘 못 해서 미안한 마음입니다.",27,2193
iks_doc_2018_hankyoreh_097,Hankyoreh 2018 total annotated text file unicode.txt,Hankyoreh,한겨레,2018,2018_multi_summit,평양에 한 번 오시면... (잘 안 들림),,"문재인 대통령 평양을 방문해서 제대로 대접 받는 것도 의미 있지만, 남북 정상이 이렇게 쉽게 판문점에서 만날 수 있다는 것도 남북 간 새롭ㄴ 시대라고 생각한다.
지난번 4.27 판문점 선언 이후에 아마 남쪽에 언론 보도 많이 봤겠지만, 분위기도 좋고 세계 이목도 그렇고 남국 관계에 대해 한껏 (기대가) 높아졌다.
게다가 북미정상회담이 개최되기 때문에 이것을 통해서 평화 체제 구축될 것이라는 그런 기대가 아주 높아졌다.
우리 김정은 위원장은 한국에서도 인기가 높아져서 (웃음) 요즘 남쪽 젊은 사람들은 그동안 남북 관계가 좋지 않아서 (잘 안 들림) 남북 관계 잘 개선해서...
벌써 한 달 됐다.",5,335
iks_doc_2018_hankyoreh_098,Hankyoreh 2018 total annotated text file unicode.txt,Hankyoreh,한겨레,2018,2018_multi_summit,어찌어찌하다 보니 한 달이 지났는데,,김정은 위원장 아무래도 우리가 재확약하고 마음이...더 가까워지는 과정이라고 생각하다.,1,48
iks_doc_2018_hankyoreh_099,Hankyoreh 2018 total annotated text file unicode.txt,Hankyoreh,한겨레,2018,2018_multi_summit,그때 4.27 역사적 상봉 맞으면서 많은 사람들이..(영상 끊김),"<남북정상회담 마무리 발언>
김정은 위원장 할 수 있는 최선의 노력을 다해서 결과를 만들고, 그것과 국제 사회 이런 목소리가 북남 관계 문제에 대해 해결해 가지고 나갈 수 있으니까.. (잘 안 들림)
문재인 대통령 (발언하고 있으나 카메라가 아래로 향하면서 잘 안 들림, 두 정상 웃음)","김정은 위원장 중요한 것이 북남 문제 허심탄회 대화하는 것이 많은 사람들한테 큰 기대와 희망을 줄 수 있다.
많은 사람들 기대에 부응하고 책임 있게 해야 된다고 생각한다.
문재인 대통령 지난번 4.27 회담 이후에 남북 간 대화에서도 약간의 어렵ㄴ 과정이 있었고 또 조미(북미)정상회담이라든가 아주 중요한 회담을, 그런 문제들에 대해 함께 협력해 나간다는 그런 의지를 다시 한 번 보여 준다는 차원에서 이번 회담이 아주 뜻 깊었다고 생각한다.
뿐만 아니라 과거에는 남북 정상들이 마주 앉으려면 아주 길ㄴ 시간 동안 많은 노력이 필요했는데 필요할 때 이렇게 연락해서 쉽게 만날 수 있다는 것이 남북 관계의 새롭ㄴ 시대를 보여 주는 하나의 징표라고 생각한다.
앞으로 김 위원장과 둘 사이에 함께 남북의 평화 번영 이끌어 나가기를 바란다.
그러기 위해서라도 우리가 조미(북미) 정상회담 반드시 성공하기를 기원한다.",6,452
iks_doc_2018_hankyoreh_100,Hankyoreh 2018 total annotated text file unicode.txt,Hankyoreh,한겨레,2018,2018_multi_summit,정의당 “비 온 뒤에 땅 굳어져 한반도 정세 정상화“남북 2차 정상회담 결과 논평 “'이렇게 만나야 한다',,"문 대통령 생각에 공감“정의당은 26일 전격적으로 열린 두 번째 남북정상회담으로 “며칠 간 급격하게 출렁인 한반도 정세가 정상화됐다“고 평가했다.
추혜선 당 수석 대변인은 27일 논평을 통해 “북/미 양 정상의 확고한 의지를 확인했다는 점에서 어제 정상회담은 큰 의미를 갖는다“며 “아울러 어제 정상회담은 한반도 평화 체제 문제는 남북미 3자가 확고한 당사자로서 문제 해결을 주도한다는 것을 보여 주기도 했다“고 밝혔다.
추 수석 대변인은 “비 온 뒤에 땅이 더 굳어지듯 이번의 긴장 국면은 북/미 정상회담의 대성공을 위해 거쳐야 했을 산통이 되길 바란다“고 덧붙였다.
또 '남북은 친구 간의 평범한 일상처럼 이렇게 만나야 한다'는 문 대통령의 생각에도 공감을 표시했다.
추 수석 대변인은 “판문점 회담에서 김정은 위원장이 ‘멀다고 하면 안 되겠구나'라고 말한 것처럼 마음만 먹으면 남북이 손쉽게 만날 수 있는 모습이 일상화돼야 한다“며 “그런 점에서 어제 정상회담은 남북의 물리적 거리뿐만 아니라 마음의 거리도 멀지 않다는 것을 전세계에 보여 준 상징적 장면“이라고 평가했다.",5,547
iks_doc_2018_hankyoreh_101,Hankyoreh 2018 total annotated text file unicode.txt,Hankyoreh,한겨레,2018,2018_multi_summit,[일문일답] 문 대통령 “북/미 곧 실무 회담 6.12 회담 잘될 것“2차 남북 정상회담 결과 발표 “김정은 위원장 비핵화 의지 확고 미국도 북 의지 확인한 것이라 생각“,,"문재인 대통령은 27일 “6.12 북/미 정상회담의 실무 협상이 곧 시작되고, 여기에서 (회담) 의제도 논의될 것“이라며 “이것이 얼마나 순탄하게 마치는 지에 따라 6.12 회담이 차질 빚을 것인가 성공할 것인가 달려 있다“고 말했다.
문 대통령은 또 “저는 북미 양국 간에 상대가 무엇을 원하는 지라는 것을 분명히 인식하는 가운데 회담이 추진돼서, 실무 협상과 본회담도 잘 되리라 기대한다“고 밝혔다.
문 대통령은 “김정은 국무위원장의 비핵화 의지는 확고하고, 미국도 북의 그런 의지를 확인한 것 아니냐고 말하고 싶다“며 “미흡하다면 실무 협상서 분명히 확인하리라 본다“고 덧붙였다.
아래는 문 대통령의 기자 회견 일문일답 내용이다.",4,355
iks_doc_2018_hankyoreh_102,Hankyoreh 2018 total annotated text file unicode.txt,Hankyoreh,한겨레,2018,2018_multi_summit,"/4.27 남북정상회담 이후 한 달 만에 전격적으로 다시 회담을 했는데 이 정상회담이 이루어진 구체적 배경, 또 비핵화 협상 국면에서 어제 회담이 어떤 의미 갖는지 설명해 달라",,"아시는 바와 같이 4.27 선언의 후속 이행과 6.12 북미 회담을 앞둔 준비 과정에서 약간의 어렵ㄴ 사정들이 있었다.
그런 사정들을 잘 불식시키고 북/미 정상회담 성공 일궈 내기 위해, 또 4.27 판문점 선언의 신속한 이행을 함께 해 나가는 것이 매우 중요한 시점이라고 봤다.
그런 상호 이해 아래에서 김정은 위원장이 요청을 해 왔고, 또 남북 실무진이 통화를 통해서 협의하는 것보다 직접 만나서 허심탄회하게 대화 나누는 것이 좋겠다고 판단해 전격 회담이 이루어졌다.
그런 사정 때문에 사전에 회담 사실을 우리 언론에 알리지 못한 데 양해 부탁 드린다.
/김정은 위원장이 오늘 북/미 회담이 성공적으로 이루어져야 한다, 한반도의 완전한 비핵화 의지를 피력했다고 했는데, 이런 회담이 실질적인 6.12 회담에 영향 끼칠지 전망은 무엇인가?
또 그 과정에서 남아 있는 변수는?
김정은 위원장은 한반도의 완전한 비핵화의 의지가 확고하다는 것을 어제 다시 한 번 분명하게 피력을 했다.
김정은 위원장에게 불분명한 것은 비핵화의 의지가 아니라, 자신들이 비핵화할 경우, 미국에서 적대 관계를 종식하고 체제 안전을 보장하겠다는 것에 대해서 확실히 신뢰할 수 있는가라는 것에 대한 걱정이 있다고 한다.
반면에 한미 정상회담에서 트럼프 대통령은 북한이 비핵화 할 경우 적대 관계 확실히 해소할 뿐 아니라 경제적 번영까지도 할 수 있다는 점을 피력했다.
저는 양국 간에 각자가 갖고 있는 이런 의제들을 전달하고 또 직접 소통 통해 상대의 의지를 확인할 것을 촉구하고 있는 것이다.
6.12 회담이 성공적으로 열릴 것인지 여부는 지금 북/미 간에 그 준비를 위한 실무 협상이 곧 시작될 것으로 알고 있다.
그 실무 협상 초기에는 의제에 관한 협상도 포함된다.
이 의제에 관한 실무 협상이 얼마나 순탄하게 마쳐지느냐에 따라 (6.12 북/미 회담이) 차질 없이 열릴 것인가 성공할 것인가가 달려 있다고 생각한다.
그러나 저는 북/미 양국 간에 상대가 무엇을 원하고 있는지 분명히 인식하는 가운데 회담이 추진되고 있어서 실무 회담도, 6.12 본회담도 잘 되리라 기대하고 있다.
/대통령이 김정은 위원장이 비핵화 의지 확고하다고 말했는데 그 판단의 근거가 무엇인가.
어제 회담에서 김정은 위원장이 뭐라고 밝혔는지 소개 부탁 드린다.",16,1127
iks_doc_2018_hankyoreh_103,Hankyoreh 2018 total annotated text file unicode.txt,Hankyoreh,한겨레,2018,2018_multi_summit,또 북한이 단계적 동시적 비핵화 해법 말했는데 어제 회담장에서 그와 관련한 보다 진전된 내용이 있었나,,"그 점에 대해서는 제가 여러 차례 이미 말씀 드렸고 폼페이오 국무 장관도 방북 시 김정은 위원장을 만나 직접 확인했다고 말한 바 있다.
그에 대한 추가적인 설명 필요하다고 생각하지 않는다.
실제로 비핵화에 대해서 뜻이 같다 하더라도 그를 어떻게 실현해 나갈 것인가에 대한 로드맵은 또 양국 간에 협의가 필요하고 그런 과정이 어렵ㄹ 수 있다.
그러나 그 로드맵은 북미 간에 협의할 내용이라 제가 앞질러서 제 생각 말씀 드리는 것은 적절하지 않다.
/물론 여러 차례 비핵화에 대해 설명했다고 하는데 그 CVID(완전하고 검증 가능하며 불가역적인 핵 폐기)를 북한이 수용하는지는 확인된 바가 없다.
대통령 생각하기에는 CVID가 맞나.
또 어떤 시점에 트럼프 대통령이 어제 만남에 영향을 끼쳤는가.
그 사이 한 번이라도 트럼프 대통령과 직간접 소통했나.
3자 대화는 못하는지?
우선 북한의 비핵화 의지에 대해선 거듭 말씀 드렸기 때문에 제 거듭된 답변이 필요한 것이 아니라 북/미 간에 회담하려면 그 점에 대한 상대의 의지를 확인한 후에 회담이 가능할 것이다.
북/미 간에 회담 합의하고 실무 회담한다는 것은 미국에서도 북한의 그런 의지를 확인한 것 아니냐 말씀 드리고 싶고, 혹시나 확인 작업이 미진한 것이 있다면 실무 회담에서 명확하게 확인될 것이다.
지금 제가 하고 있는 모든 노력은 한편으로 남북 관계 개선시키기 위한 것이 곧 하지만 또 다른 한편으로 남북 관계 개선에 반드시 필요한 북미의 성공을 위한 것이다.
그 북/미 회담의 성공을 위해서 저는 미국, 북한 양국과 긴밀히 소통하고 협의하고 있다.
아시는 바와 같이 최근에 미국을 방문해서 트럼프 대통령과 회담했고, 어제 김정은 위원장과 회담을 가졌다.
어제 김정은 위원장과의 회담에서 논의된 내용은 아시는 바와 같이 이미 미국 측에 전달했다.
(3자 핫라인 통화는?) 핫라인 통화라는 것이 말하자면 즉각 전화 받을 수 있는 그런 통신 선이 구축이 돼야한다.
아시는 바와 같이 남북 간에 최근에 그것이 개설됐고, 북/미 간에도 그런 앞으로 구축될 필요가 있다고 본다.
아마도 그런 남/북/미 3국 간의 핫라인 통화를 개설할 정도까지 가려면 사전에 남북미 간에 정상회담부터 먼저 할 수 있지 않을까 생각한다.
저는 그런 기대를 하고 있다.
북/미 회담이 성공할 경우 남/북/미 3자 회담을 통해 종전 선언이 추진됐으며 좋겠다는 기대를 갖고 있다.
마지막으로 공통적으로 갖고 있을 의문에 말씀 드린다.
어제 논의한 내용을 왜 어제 바로 발표하지 않고 오늘 발표하게 됐느냐는 북한 김정은 위원장 요청에 따른 것이다.
북측의 형평 때문에 오늘 보도할 수 있다고 해서 우리도 오늘 (발표)했으면 좋겠다는 요청을 했다.",23,1323
iks_doc_2018_hankyoreh_104,Hankyoreh 2018 total annotated text file unicode.txt,Hankyoreh,한겨레,2018,2018_multi_summit,그래서 어제 회담 사실만 먼저 알리고 내용은 오늘 제가 따로 하게 된 점 또 언론에게 양해 말씀 드린다,문 대통령 “이렇게 연락해 쉽게 만나는 것이 남북 관계 새 징표“26일 남북정상회담 마무리 발언에서 밝혀 “북미정상회담 반드시 성공 기원한다“고 말해,"문재인 대통령이 지난 26일 판문점 통일각에서 열린 김정은 북한 국무위원장과의 두 번째 남북정상회담에서 “조미(북미)정상회담이 반드시 성공하기를 기원한다“고 밝혔다.
문 대통령은 판문점 북측 지역 통일각에서 열린 김 위원장과의 제2차 남북 정상회담 마무리 발언에서 이렇게 말했다고 청와대가 27일 밝혔다.
문 대통령은 마무리 발언에서 “과거에는 남북 정상이 마주 앉으려면 아주 길ㄴ 시간 동안 많은 노력이 필요했는데 필요할 때 이렇게 연락해서 쉽게 만날 수 있다는 것이 남북 관계의 새롭ㄴ 시대를 보여 주는 하나의 징표라고 생각한다“며 “앞으로 김 위원장과 함께 남북의 평화 번영을 이끌어 나가기를 바란다“고 말했다.
4.27 남북정상회담 직후 남북 관계에 대해서도 언급했다.
문 대통령은 “지난번 4.27 회담 이후에 남북 간 대화에서도 약간의 어렵ㄴ 과정이 있었고 또 조미(북미)정상회담이라든가 아주 중요한 회담을, 그런 문제들에 대해 함께 협력해 나간다는 그런 의지를 다시 한 번 보여 준다는 차원에서 이번 회담이 아주 뜻 깊었다고 생각한다“고 강조했다.",5,537
iks_doc_2018_hankyoreh_105,Hankyoreh 2018 total annotated text file unicode.txt,Hankyoreh,한겨레,2018,2018_multi_summit,"문 대통령 “김정은, 만남 먼저 제안 북미 회담 의지 피력“오전 10시 청와대 춘추관에서 전날 회담 직접 발표 “김 위원장에게 회담 성공 바라는 트럼프 진심 전해 비핵화 실천 땐 적대 관계 종식 경제 협력 미 쪽 의지 전달 양쪽 직접 소통으로 오해 불식 충분한 사전 대화 강조“",,"문재인 대통령은 27일 “우리 두 정상은 6.12 북미정상회담이 성공적으로 이루어져야 하며, 한반도의 비핵화와 항구적인 평화 체제를 위한 우리의 여정은 결코 중단될 수 없다는 점을 확인하고 이를 위해 긴밀히 상호 협력하기로 했다“고 밝혔다.
문 대통령은 이날 청와대 춘추관에서 열ㄴ 기자 회견을 통해 전날 오후 판문점 북쪽 지역 통일각에서 김정은 북한 국무위원장과 열ㄴ 두 번째 남북정상회담 결과를 직접 발표하며 이같이 말했다.
문 대통령은 전날 김 위원장과 만나 지난 22일 미국 워싱턴에서 열린 한미 정상회담 결과를 직접 설명하면서 “트럼프 대통령은 김 위원장이 완전한 비핵화를 결단하고 실천할 경우, 북한과의 적대 관계 종식과 경제 협력에 대한 확고한 의지가 있다는 점을 전달했다“고 말했다.
잇어 “김 위원장과 트럼프 대통령 모두 북미정상회담의 성공을 진심으로 바라고 있는 만큼 양측이 직접적인 소통을 통해 오해를 불식시키고 정상회담에서 합의해야할 의제에 대해 실무 협상을 통해 충분한 사전 대화가 필요하다는 점을 강조했다“며 “김 위원장도 이에 동의했다“고 덧붙였다.
김 위원장은 “북미정상회담 성공을 통해 전쟁과 대립의 역사를 청산하고 평화와 번영을 위해 협력하겠다“는 의사를 피력했다고 문 대통령은 전했다.
문 대통령은 이날 기자 회견을 통해 전날 열린 두 번째 남북정상회담의 경위도 설명했다.
문 통령은 “김 위원장은 그제(26일) 오후 일체의 형식 없이 만나고 싶다는 뜻을 전해 왔고 저는 흔쾌히 수락했다“며 “지난 4월의 역사적인 판문점 회담 못지않게, 친구 간의 평범한 일상처럼 이루어진 이번 회담에 매우 큰 의미를 부여하고 싶다.
남북은 이렇게 만나야 한다는 것이 제 생각“이라고 말했다.
잇어 “앞으로도 필요할 경우 언제든지 서로 통신하거나 만나 격의 없이 소통하기로 했다“고 말했다.
이와 함께 남북 정상은, 4.27 판문점 선언의 조속한 이행에 합의하면서 새달 1일 남북 고위급 회담을 열기로 합의했다.
또 군사적 긴장 완화를 위한 군사 당국자 회담과 이산가족 상봉을 위한 적십자 회담을 연이어 열기로 합의했다.",11,1029
iks_doc_2018_hankyoreh_106,Hankyoreh 2018 total annotated text file unicode.txt,Hankyoreh,한겨레,2018,2018_multi_summit,김정은 “4.27 명장면은 문 대통령 10초 간 북쪽 넘어 온 것“26일 남북정상회담에서 남북 북미 관계 진전 의지 내비쳐 “할 수 있는 최선 다해 결과 잘 만들ㄹ 것““다시 한 번 대화하고 마음이 가까워지는 과정““문 대통령 북쪽 방문 이번이 처음 아니다“,,"김정은 북한 국무위원장은 26일 문재인 대통령과의 두 번째 정상회담에서 “할 수 있는 최선의 노력을 다해서 결과도 만들고 잘 할 수 있을 것“이라며 남북 북미 관계 진전에 대한 의지를 다시 드러냈다.
김 위원장은 판문점 북측 지역 통일각에서 열린 문 대통령과의 남북정상회담에서 머리 발언과 마무리 발언을 통해 이런 뜻을 내비쳤다고 청와대가 27일 밝혔다.
김 위원장은 29일 만에 문 대통령과 다시 만나 한반도 비핵화 문제, 북/미 정상회담 성공적 개최 등에 관해 의견을 나눈 데 대해 “평화적으로 마음이 모아지고, 평양과 서울이 더 가까워지는 과정이라고 생각한다“고 말했다.
김 위원장은 또 “(문 대통령이) 중요한 문제를 위해 오셨고, 허심탄회하게 대화하고 논의하자고 했는데 각각의 책임하에서 노력해야 할 것으로 생각한다“고 의미를 부여했다.
김 위원장은 문 대통령이 이번 회담을 위해 북쪽 지역으로 온 데 대해 “문 대통령이 북쪽을 찾아오셨는데 이번이 처음이 아니다.
4.27 (남북정상회담) 때도 명장면 중 하나가 (문 대통령이) 10초 동안 (판문점 군사 분계선을 넘어 북쪽으로) 깜짝 넘어 오는 것이었다“고 밝혔다.
김 위원장은 이번 회담이 비공개로 진행된 탓에 문 대통령을 위한 성대한 환영 행사를 하지 못한 것이 마음에 걸리는 듯 “비공개 회담을 하니까 제대로 잘 못 해서 미안한 마음입니다.
평양에 한 번 오시면“이라고 양해를 구했다.",8,700
iks_doc_2018_hankyoreh_107,Hankyoreh 2018 total annotated text file unicode.txt,Hankyoreh,한겨레,2018,2018_multi_summit,"김정은, 문 대통령에 북미 회담 '확고한 의지' 피력 북 언론, 2차 남북 정상회담 대대적 보도 한반도 비핵화 노력 수시로 만나 대화 6월 1일 남북 고위급 회담 개최 군사 회담 적십자 회담도 빨리 추진하기로 27일 <조선중앙통신> 갈무리",,"문재인 대통령과 김정은 북한 국무위원장이 올해 첫 번째 정상회담이 있은 지 29일 만에 두 번째 정상회담을 전격 개최해 오는 6월 1일 '남북 고위급 회담'을 열고, 군사 당국자 회담과 적십자 회담 등 각종 부문별 회담을 빠르게 추진하기로 합의했다.
두 정상은 '한반도 비핵화'에 대한 의지를 재확인 하고, 김 위원장은 문 대통령에게 북/미 정상회담 개최 의사 또한 확실히 했다.
북한 <조선중앙통신>(<중통>)과 노동당 기관진 <노동신문>은 27일 “역사적인 제4차 북남 수뇌 상봉과 회담이 5월 26일 판문점 우리 측 지역 통일각에서 전격적으로 진행됐다“며 이렇게 밝혔다.
이 언론은 문 대통령과 김 위원장이 “북남 고위급 회담을 오는 6월 1일에 개최하며 연이어 군사 당국자 회담, 적십자 회담을 비롯한 부문별 회담들도 가속적으로 추진해 나갈 데 대한 문제들을 합의하셨다“며 두 정상이 “조선 반도의 비핵화를 실현하기 위해 공동으로 노력해 나갈 데 대한 입장을 표명하시며 앞으로 수시로 만나 대화를 적극화하며 지혜와 힘을 합쳐 나갈 데 대해 견해를 같이하셨다“고 했다.
남북 정상이 이날 '판문점 선언 이행'과 '한반도 비핵화'에 대한 의지를 재확인한 것이다.
이날 김 위원장은 북/미 정상회담을 위해 노력한 문 대통령에게 감사를 전하기도 했다.
<중통>은 김 위원장이 “6월 12일로 예정돼 있는 조미(북/미)수뇌 회담을 위해 많은 노력을 기울여 온 문재인 대통령의 노고에 사의를 표하시면서 역사적인 조미수뇌회담에 대한 확고한 의지를 피력하셨다“고 했다.
미국 도널드 트럼프 대통령이 24일 돌연 싱가포르에서 열기로 한 북/미 정상회담을 취소하면서 북/미 정상회담 일정에 차질이 생긴 바 있다.
하지만 김 위원장이 이날 문 대통령을 만나 다시 한 번 북/미 정상회담 개최 의사를 확실히 한 셈이다.
<중통>은 김 위원장이 “조미(북/미)관계 개선과 조선 반도의 항구적이며 공고한 평화 체제 구축을 위해 앞으로도 적극 협력해 나가자고 말씀하셨다“며 두 지도자는 “회담에서 논의된 문제들에 대해 만족한 합의를 보셨다“고 했다.
27일 <노동신문> 1면 갈무리 이날 남북정상회담은 판문점 북쪽 지역인 통일각에서 전격 열렸다.
지난 4월 27일 2018 남북정상회담이 열린 지 29일 만이다.
남북 관계는 지난 16일 북한이 이날 열기로 했던 남북 고위급 회담을 돌연 취소하면서 급 경색되는 듯한 모습을 보였다.
북한은 한/미 연합 군사 훈련과 류경 식당 종업원의 집단 탈북, 태영호 전 주영국 북한 대사의 기자 회견 등을 문제 삼았다.
하지만 26일 남북이 만나 고위급 회담을 비롯해 남북 간 군사적 긴장을 낮추기 위한 군사 회담, 이산가족 상봉 등을 논의하기 위한 적십자 회담 등 '판문점 선언' 이행을 위한 구체적 일정에 합의하면서 잠시 경색됐던 남북 관계가 제자리를 찾게 됐다.
<중통>은 “북남 관계의 새 출발과 화해 단합의 새 시대를 열어 놓은 평화의 상징으로 전세계의 이목이 집중됐던 역사의 땅 판문점에서 29일 만에 북과 남의 최고 수뇌분들의 뜻 깊은 만남이 또다시 이루어졌다“며 “회담장인 판문점 통일각에는 문재인 대통령을 영접하기 위해 조선 인민군 명예 위병들이 정렬해 있었다“고 분위기를 전했다.
김정은 위원장은 판문점 군사 분계선을 넘어 북쪽 통일각에 도착한 문재인 대통령을 맞았다.
이 언론은 “두 수뇌분들께서는 한 달 만에 력사적인 장소에서 또다시 력사적인 상봉을 하게 된 기쁨과 반가움을 금하지 못하시며 굳은 악수를 나누셨다“며 “회담에 앞서 문재인 대통령은 판문점 우리 측 지역 방문을 기념해 통일각 방명록에 한반도의 평화와 번영,조선민주주의인민공화국 김정은 위원장과 함께!
2018.5.26 대한민국 대통령 문재인이라는 글을 남겼다“고 밝혔다.
잇어 김 위원장과 문 대통령은 “굳게 손을 잡고“사진을 찍었다.
<노동신문>은 이날 1 2면에 걸쳐 사진 18장도 함께 보도했다.
김 위원장은 29일 만에 다시 본 남쪽 수행원과도 일일이 악수하며 반가움을 나눴다.
27일 <노동신문> 2면 갈무리 이날 열린 두 지도자의 회담에는 남쪽에서 서훈 국가정보원장, 북쪽에서 김영철 당 중앙 위원회 부위원장 겸 통일전선부장이 배석했다.
<중통>은 “회담에서는 제3차 북남 수뇌 상봉에서 합의된 판문점 선언을 신속히 이행해 나가며 조선 반도의 비핵화를 실현하고 지역의 평화와 안정, 번영을 이룩하기 위해 해결해야 할 문제들과 현재 북과 남이 직면하고 있는 문제들, 조미(북미)수뇌 회담의 성공적 개최를 위한 심도 있는 의견 교환이 진행됐다“고 했다.
잇어 김 위원장과 문 대통령이 “온 겨레의 한결같은 열망이 담긴 판문점 선언이 하루빨리 이행되도록 쌍방이 서로 신뢰하고 배려하며 공동으로 노력해 나가야 한다는 데 대해 의견을 같이“했다고 보도했다.
<중통>은 김 위원장이 문 대통령과 “뜨겁게 포옹하시고 다시 만날 날을 약속하시며 작별 인사를 나누시였다“며 “북과 남의 최고 수뇌분들께서 격식과 틀이 없이 마음을 터놓고 중대한 현안 문제들에 대해 서로의 견해를 청취하고 솔직한 대화를 나누신 이번 상봉은 북남 관계 발전에서 새롭ㄴ 장을 열어 놓는 또 하나의 력사적인 계기로 된다.
민족의 화해 단합, 평화 번영의 상징으로 역사에 아로새겨진 판문점에서 또다시 진행된 제4차 북남 수뇌 상봉은 우리 겨레 모두에게 새롭ㄴ 희망과 활력을 안겨 주게 될 것이다“라고 밝혔다.
문 대통령, 2차 회담 통해 북/미 정상 간 '직접 중재' 미 '완전한 비핵화'에, 북은 '체제 보장' 의심 문 대통령 “양국 의지 전달 직접 소통 촉구“문재인 대통령이 끊어질 뻔하았던 북/미 간의 선을 다시 잇었다.
새달 12일 싱가포르에서 열릴 예정인 북/미 정상회담이 틀어질 기미를 보이자 지난 22일 미국 워싱턴으로 날아가 도널드 트럼프 미국 대통령을 만난 데 잇어, 26일엔 김정은 북한 국무위원장을 만나 북/미 회담 성사를 위해 안간힘을 썼다.
문 대통령은 27일 오전 청와대 춘추관에서 기자 회견을 열어 전날 판문점 북쪽 지역 통일각에서 열린 남북정상회담 내용을 직접 발표하면서, 북/미 사이의 중재자자 한반도 운전자로서의 고충을 내비치기도 했다.
문 대통령은 트럼프 대통령과 김 위원장을 직접 만나 확인한 두 정상의 의지를 전하면서 북쪽과 미국이 서로 신뢰하지 못한 부분을 거론하며 북/미 간 직접 소통과 북/미 정상회담 이전 실무 협상의 중요성을 강조했다.
미국은 미국이 원하는 수준의 완전한 비핵화를 북한이 실현할 의지가 있는지를 의심하고, 반면, 북한은 체제 안전 보장을 위한 마지막 수단으로 고수했던 핵과 미사일을 포기하고 난 이후에 미국이 체제 안전을 보장하겠느냐는 데에 대해 의구심을 갖고 있는 상황에서 양쪽이 각자가 가지고 있는 의구심을 줄이기 위해 직접 만나 서로의 의지를 확인할 필요가 있다고 촉구한 셈이다.
문 대통령은 두 번째 남북정상회담 결과 발표 이후 이어진 기자들과의 문답에서 “김정은 위원장은 한반도의 완전한 비핵화의 의지가 확고하다는 것을 어제 다시 한 번 분명하게 피력을 했다.
김정은 위원장에게 불분명한 것은 비핵화의 의지가 아니라 자신들이 비핵화를 할 경우에 미국에서 적대 관계를 종식하고 체제 안전을 보장하겠다는 것에 대해서 확실히 신뢰할 수 있는가라는 것에 대한 걱정이 있다고 본다“며 “반면에 한미정상회담에서 트럼프 대통령은 북한이 비핵화를 할 경우 적대 관계를 확실히 종식화시킬 뿐만 아니라 경제적인 번영까지 도울 뜻이 있다는 의사를 분명히 피력했다“고 말했다.
잇어 “저는 양국 간에 각자가 가지고 있는 이런 의지들을 서로 전달하고, 또 직접 소통을 통해서 상대의 의지를 확인할 것을 촉구하고 있는 것“이라고 덧붙였다.
문 대통령의 이 같은 중재 노력이 양쪽에 어느 정도 가 닿았는지는 확실하지 않으나, 성사 여부가 불투명했던 북/미 정상회담은 다시 제 궤도에 오른 것으로 보인다.
문 대통령은 “6월 12일 북미정상회담이 성공적으로 열릴 것인지 여부는 지금 북미 간에 그 준비를 위한 실무 협상이 곧 시작될 것으로 알고 있다“며 “북미 양국 간에 상대가 무엇을 원하고 있는지를 분명히 인식하는 가운데 지금 회담이 추진되고 있기 때문에 실무 협상도, 또 6월 12일의 본회담도 잘 되리라고 기대하고 있다“고 덧붙였다.
트럼프 미 대통령이 북/미 회담 취소 서신을 발표한 시점은 지난 24일, 김계관 북한 외무성 1 부상이 담화를 통해 그렇ㅁ에도 북/미 회담을 하고 싶다는 의지를 밝힌 것은 이튿날인 25일이었다.
이때부터 북/미 회담 성사 가능성이 다시 살아 나기 시작했지만 미국으로서는 북한의 최고 지도자의 의지를 확인하고 싶었을 것이다.
트럼프 대통령이 김 위원장에게 보낸 서신에서 “만약 이 중요한 정상회담을 해야 한다는 생각으로 마음을 바꾼다면, 주저 말고 연락하거나 편지를 보내 달라“고 한 대목도 김 위원장의 의지를 확인하고 싶다는 대목이었다.
26일 판문점에서 열린 두 번째 남북정상회담은, 김 위원장이 북/미 정상회담 개최 의지를 공개적으로 피력하기에 맞춤한 자리였다.
두 번째 남북 정상의 만남을 제안한 당사자는 김 위원장이라고 하나, 등 돌리려는 북미 정상이 다시 뒤를 돌아보고 마주 앉게 만들ㄴ 이는 문재인 대통령으로 보는 것이 맞을 것 같다.",42,4480
iks_doc_2018_hankyoreh_108,Hankyoreh 2018 total annotated text file unicode.txt,Hankyoreh,한겨레,2018,2018_multi_summit,평양 회담 파격 중 파격은 '문 대통령 연설' '평화' 얘기할 때 15 만 북 주민 호응 “함께 새롭ㄴ 시대 만들ㄴ다“박수 갈채 “콜 총리 동독 연설 연상“평가도 하태경 “대전환 보여 주는 상징적 사건“,,"2박 3 일의 평양 정상회담 기간 중 가장 '파격적'인 일정은 평양 시민을 상대로 펼친 문재인 대통령의 연설이었다.
남쪽의 대통령으로선 처음으로 북쪽에서 대중 연설에 나선 문 대통령이 '평화'를 말할 때 평양 능라도 5.1경기장을 채운 15 만 북쪽 주민은 크게 호응했다.
야당에선 이례적으로 “한반도가 새롭ㄴ 시대로 대전환한다는 상징적인 사건“이라는 평가가 나왔다.
'능라도 연설'엔 내용 이전에 '장면' 자체가 빚어 내는 충격이 있었다.
'동토'이었던 평양에서 10 만 명이 넘는 시민이 지켜 보는 가운데 남쪽 지도자가 정치 연설에 나선 것이기 때문이다.
문 대통령의 연설을 지켜 보던 북쪽 주민들은 “우리는 이렇게 함께 새롭ㄴ 시대를 만들고 있다“고 말할 때 뜨겁ㄴ 박수 갈채를 보냈다.
하태경 바른미래당 최고 위원은 이번 연설에 대해 “한반도가 새롭ㄴ 시대로 대전환한다는 상징적인 사건“이라는 평가를 내 놨다.
“과거 사회주의권의 지도자도 그렇게 많은 주민들 앞에서 대중 연설을 한 적이 없다“는 것이다.
그러면서 하 최고 위원은 “이 큰 변화의 물결에 우리 야당과 보수 진영이 함께해야 한다“며 야권의 전향적인 태도를 촉구했다.
연설 내용도 두루 회자되고 있다.
문 대통령은 이번 연설에서 “우리 두 정상은 한반도에서 더 이상 전쟁은 없을 것이며, 새롭ㄴ 평화의 시대가 열렸음을 8000 만 겨레와 전 세계에 엄숙히 천명했다.
백두에서 한라까지 아름답ㄴ 우리 강산을 영구히 핵무기와 핵 위협이 없는 평화의 터전으로 만들어 후손에게 물려주자고 확약했다“고 말했다.
평양 시민들 앞에서 '핵 없는 한반도'를 분명히 약속한 것이다.
그는 또 연설 내내 “우리 민족은 함께 살아야 한다.
우리는 5 천 년을 함께 살고 70년을 헤어져 살았다““우리 민족은 강인하다“며 '민족'을 강조했다.
이에 대해 정세현 전 통일부 장관은 <교통방송>(TBS) 라디오 인터뷰에서 “함께 살아야 한다는 대목은 단순한 레토릭(수사적 표현)이 아니다“라며 “김정은 위원장의 비핵화 의지, 남북 관계 개선, 군사적 적대 행위 종식에 대한 확신 없이는 나올 수 없는 얘기“라고 강조했다.
북한 주민들을 향해 “이번 방문에서 나는 평양의 놀랍ㄴ 발전상을 봤다.
어렵ㄴ 시절에도 민족의 자존심을 지키며 끝끝내 스스로 일어서고자 하는 불굴의 용기를 봤다“고 밝힌 데 대해서도 '사려 깊은 연설'이었다는 평가가 나온다.
'고난의 행군'으로 대표되는 궁핍을 견뎌 낸 북한 주민들의 자존심을 세워 준 것이다.
북한 주민들 역시 이 대목에서 큰 박수를 보냈다.
맥락은 다르지만 이번 연설이 동독 주민들을 향해 “여러분의 결정을 존중한다“고 말했던 헬무트 콜 독일 총리의 드레스덴 연설에 비견되는 것도 그런 이유에서다.",21,1334
iks_doc_2018_hankyoreh_109,Hankyoreh 2018 total annotated text file unicode.txt,Hankyoreh,한겨레,2018,2018_multi_summit,"정치 청와대 “올해 안 목표로 종전 선언 추진 주한 미군 유엔사에 영향 없어“문 대통령, 군사 구두 합의 내용 밝혀 “남북, 가장 중요한 결실은 군사 합의 군 무기 병력 감축 논의로 나아갈 것 남북 국회 회담 조속 개최 구두 합의“",,"문재인 대통령이 20일 종전 선언을 하더라도 주한 미군과 유엔사의 지위에 끼칠 영향이 없다고 거듭 강조했다.
문 대통령은 이날 서울 동대문디자인플라자 프레스 센터에서 열린 남북정상회담 대국민 보고에서 “종전 선언에 대해 똑같은 말을 두고 조금 개념들이 다른 것 같다“며 “(일각에선) 종전 선언이 유엔사의 지위를 해체하게끔 하거나 주한 미군 철수를 압박하게 하는 효과가 생긴다거나 평화 협정처럼 생각하는 견해가 있는 것 같다“고 운을 뗐다.
그러고는 “종전 선언은 전쟁을 끝내고 적대 관계를 끝내겠다는 정치적 선언이자 평화 협상의 시작으로, 유엔사의 지위나 주한 미군 철수 등에 전혀 영향이 없다“고 선을 그었다.
잇어 “김정은 위원장이 저와 같은 개념으로 종전 선언을 이해하고 있음을 확인했다“고 강조했다.
아울러 문 대통령은 “특히 주한 미군은 한/미 동맹에 의해 주둔하는 것이라 종전 선언이나 평화 협정과 무관하게 전적으로 한/미의 결정에 달린 문제“라고 강조했다.
잇어 “(정전 협정을 대체하는) 평화 협정은 완전한 비핵화의 최종 단계에서 이루어지는 것이라, 그때까지는 기존 정전 체제가 유지된다“고 덧붙였다.
그는 “우리는 연내 종전 선언을 목표로 삼고 있고, 도널드 트럼프 대통령과 정상회담을 할 때 그 부분을 다시 논의하려 한다“고 밝혔다.
이와 함께 문 대통령은 “이번 평양 남북정상회담에서 남북 관계에 관해 가장 중요한 결실은 군사 분야 합의“라고 설명했다.
그는 “이 합의가 제대로 이행된다면 남과 북은 우리의 수도권을 겨냥하는 장사정포와 같은 상호 간의 위협적인 군사 무기와 병력 감축 논의로 나아갈 수 있을 것“이라며 “남북 간에 있어서 정전 협정 이후 아직 끝나지 않은 전쟁을 종전하는 데서 더 나아가 미래의 전쟁 가능성까지 원천적으로 없애는 일이 될 것“이라고 의미를 부여했다.
잇어 문 대통령은 “평양 선언을 빠르게 실행하기 위해 범정부 추진 체계를 마련하고, 남북 고위급 회담을 가깝ㄴ 시일 내에 개최할 것“이라고 덧붙였다.
문 대통령은 '평양 선언'에 담기지 않은 김정은 국무위원장과의 구두 합의를 직접 소개하기도 했다.
그는 “(남북) 국회 회담을 가깝ㄴ 시일 내에 개최하기로 합의했고 지자체의 교류도 활성화하기로 했다“며 “금강산 이산가족 면회소의 상설 가동을 위해 북쪽의 (관련 시설) 몰수 조치 해제를 요청했고 김 위원장도 동의했다“고 말했다.",12,1165
iks_doc_2018_hankyoreh_110,Hankyoreh 2018 total annotated text file unicode.txt,Hankyoreh,한겨레,2018,2018_multi_summit,"박지원 “이번 평양 정상회담은 대성공“2000년 잇어 18년 만에 동행 “북미 대화 군사 대치 해소 길 터어/EM“정동영 “김정은, 내부 장악 느껴 인민들의 비핵화 지지 확실해“이정미 “11월 남북 국회 회담 제안 김영남 위원장의 긍정 답변 들어“",,"문재인 대통령과 함께 북한을 다녀온 민주평화당 박지원 의원과 정동영 대표, 이정미 정의당 대표는 20일 다양한 귀국 소감을 밝혔다.
박지원 의원은 <한겨레>와 한 통화에서 “이번 평양 정상회담은 대성공이라고 본다“며 “북/미 간 비핵화를 위해 미국을 움직이게 만들었다“고 평가했다.
그는 “군사 대치 상황을 해소할 수 있는 길도 만들었다“고 말했다.
2000년 당시 김대중 대통령과 김정일 국방위원장의 첫 평양 남북정상회담 때 함께했던 박 의원은 “이번에 (북한의) 엄청난 변화와 개혁, 발전, 희망을 볼 수 있었다.
평양 시내가 상전벽해였다“며 “주민들이 엄청나게 활기차 있었다.
여성들의 옷차림새 등 모든 것이 진짜 달랐다“고 했다.
그는 “더 큰 것은 평양 시내 어디를 가든지 적대적 구호가 굉장히 많았는데 그것이 거의 없어졌다“며 “있어도 경제 발전을 운운하지, 대미 적대적인 것이 사라졌다“고 말했다.
그는 “김정은 국무위원장의 여동생 김여정 노동당 중앙 위원회 제1 부부장이 4.27 판문점 남북정상회담 때 출산을 하고 판문점에 왔다고 하더라“며 “수행 비서 하나 없이 모든 것을 지휘하고 김 위원장의 그림자처럼 헌신적이더라“고 했다.
정동영 민주평화당 대표는 김정은 국무위원장에 대해 “완전히 내부를 장악했구나 하는 확고한 느낌이 왔다“고 말했다.
그는 귀국 직후 방송 인터뷰에서 “이번 2박 3일 동안 제 눈으로 확인한 것은 확실히 변했다는 점“이라며 “그 연장 선에서 김 위원장이 서울 답방도 결심한 것 같다“고 밝혔다.
그는 문 대통령의 5.1경기장 연설에 15 만 군중이 환호를 보낸 데 대해 “비핵화 신노선에 대한 북한 인민들의 지지가 확실한 것 같다“고 했다.
그는 “친교와 외교가 병행된, 정상 외교사의 드물ㄴ 경우(이었다)“며 “정말 성심성의껏 준비했다는 느낌이 들었다.
메뉴 하나까지 김 위원장이 직접 챙겼다고 하더라“고 전했다.
이정미 정의당 대표는 <한겨레>와 한 통화에서 “여야 3 당 대표가 김영남 북한 최고인민회의 상임 위원장에게 11월 남북 국회 회담 개최를 제안했고, 긍정적으로 검토하겠다는 답변을 들었다“고 말했다.
김영남 상임 위원장에게 고 노회찬 의원의 저서 <힘내라진달래>를 전달한 것과 관련해선 “2005년 민주노동당과 정당 교류를 했을 때 김 위원장을 만난 적이 있었다“며 “그 기억을 살려 선물을 준비했다“고 했다.
이 대표는 지난 18일 북한 고위급 인사와의 면담 불발에 대해 “우리는 김영남 위원장과 면담이 예정된 줄 알았는데 일정이 엇갈렸다“며 “직접 통화할 수가 없어서 ‘어떻게 하지' 하다가 다시 일정을 잡아서 면담했던 것“이라고 말했다.
그러면서 “김영남 위원장이 여야 3 당 대표만 만나지 않고 각계각층을 만나는 것으로 돼 버려서 다시 일정을 잡아 만났던 것“이라며 “'노쇼 논란'이 있었던 사실은 서울로 돌아와서 휴대 전화로 뉴스를 보고 뒤늦게 알았다“고 덧붙였다.",17,1418
iks_doc_2018_hankyoreh_111,Hankyoreh 2018 total annotated text file unicode.txt,Hankyoreh,한겨레,2018,2018_multi_summit,"백두산 함께 오른 남북 정상“또 다른 전설이 생겼습니다“김 위원장, 삼지연공항 마중 나와 차 타고 해발 2750m 장군봉 올라 문 대통령 “남쪽 일반 국민들도 백두산 관광하는 시대 곧 올 것“케이블카 타고 천지 내려가 산책 수행원 “서울 답방 땐 한라산으로“리설주 “백두 해맞이, 한라 통일맞이“김정숙 여사, 한라서 떠 온 물 합수",,"“이제 첫걸음이 시작됐으니 이 걸음이 되풀이되면 더 많은 사람들이 오게 되고, 남쪽 일반 국민들도 백두산을 관광할 수 있는 시대가 곧 올 것으로 믿습니다.“(문재인 대통령) “백두산 천지에 새 역사의 모습을 담가서, 백두산 천지의 물이 마르지 않도록 이 천지 물에 다 담가서 앞으로 북남 간의 새롭ㄴ 역사를 또 써 나가야겠습니다.“(김정은 국무위원장) 문재인 대통령과 김정은 국무위원장이 20일 해발 2750m 의 백두산 정상 장군봉에 함께 올랐다.
백두산 천지를 뒤로하고 두 사람은 기념 사진을 찍으면서 맞잡은 손을 번쩍 들어 올렸다.
남북 정상은 이날 오전 9시 33분 백두산 천지가 내려다보이는 장군봉에 함께 도착했다.
구름 한 점 없는 쪽빛 하늘 아래 천지는 남북 정상에게 장엄한 자태를 드러냈다.
김 위원장은 “중국 쪽에서는 천지를 못 내려가지만 우리는 내려갈 수 있다“며 “중국 사람들이 부러워한다“고 말했다.
이에 문 대통령이 “(중국과의) 국경이 어디냐“고 물었고 김 위원장이 손으로 가리키며 설명했다.
김 위원장 부인 리설주 여사가 “(백두산은) 7~8월이 제일 좋다.
만병초가 만발한다“고 하자 문 대통령은 “그 만병초가 우리 집 마당에도 있다“고 했다.
김 위원장은 “꽃보다는 (백두산) 해돋이가 장관이다“라고 설명했다.
올해에만 벌써 세 번째 남북정상회담인 데다, 평양 체류 2박 3일 동안 여러 차례 만났기 때문인지 남북 정상 부부들은 서로를 향한 신뢰를 나타냈다.
김 위원장이 남북 정상이 '9월 평양 공동 선언'을 하고 천지를 함께 방문한 데 대해 “새롭ㄴ 역사“라고 언급하자, 문 대통령이 농을 섞어 “이번에 제가 오면서 새롭ㄴ 역사를 좀 썼지요.
평양 시민들 앞에서 연설도 다 하고“라고 답했다.
그러자 리 여사는 “연설 정말 감동 깊게 들었다“고 거들었다.
특히 리 여사는 “백두산엔 전설이 많다.
용이 살다가 올라갔다는 말도 있고, 하늘의 99명의 선녀가 물이 너무 맑아서 목욕하고 올라갔다는 전설도 있다“고 한 뒤 “오늘 두 분(문 대통령, 김정숙 여사)께서 오셔서 또 다른 전설이 생겼다“고 말했다.
문 대통령은 북한에서 백두산을 오른 감격도 말했다.
그는 “(과거에) 한창 백두산 붐이 있어서 우리 사람들이 중국 쪽으로 백두산을 많이 갔다.
그때 나는 반드시 우리 땅으로 오르겠다고 다짐했다“며 “그런 세월이 금방 올 것 같더니 멀어졌다.
그래서 영 못 오르나 했는데 소원이 이루어졌다“고 했다.
천지까지 내려가자는 김 위원장의 권유에 문 대통령은 웃으며 “천지가 나무라지만 않는다면 손이라도 담가 보고 싶다“고 응했다.
천지로 내려가기 전 김 위원장은 “여기가 제일 천지 보기 좋은 곳인데 다 같이 사진을 찍으면 어떻겠냐“며 “제가 찍어 드리면 어떻겠냐“고 격의 없는 모습을 보였다.
남쪽 수행원들은 “아이고, 무슨 말씀을“이라며 크게 웃었다.
내려가는 길에 문 대통령은 “어제, 오늘 받은 환대를 생각하면, 서울로 오신다면 (이번 환대에) 답해야겠다“고 김 위원장에게 고마움을 표시했다.
옆에 있던 김영춘 해양 수산부 장관이 “(김 위원장이) 서울 답방을 오시면 한라산으로 모셔야겠다“고 말했고, 송영무 국방부 장관이 “한라산 정상에 헬기 패드를 만들겠다“고 거들자 주변에서도 웃음이 터졌다.
두 정상 부부는 장군봉에서 케이블카를 함께 타고 천지로 내려갔고, 문 대통령과 김 여사는 천지의 물을 물병에 담았다.
리 여사는 “우리나라 옛말에 백두에서 해맞이를 하고 한라에서 통일을 맞이한다는 말이 있다“고 말을 건넸고, 김 여사는 “한라산의 물을 갖고 왔다.
천지에 가서 반은 붓고 반은 백두산 물을 받아 가겠다“고 말했다.
리 여사는 김 여사의 옷이 물에 젖지 않도록 뒤에서 옷깃을 잡기도 했다.
가수 알리는 두 정상 부부 앞에서 '아리랑'을 불렀다.
천지 산책을 마친 뒤 남북 정상은 삼지연 초대소에서 마지막 오찬을 함께했다.
앞서 문 대통령 부부는 평양 일정 마지막 날인 이날 아침 6시 39분 숙손 백화원 영빈관을 떠나 7시 27분 평양 순안국제공항에서 대통령 전용기(공군 2호기)를 타고 백두산 부근 삼지연공항으로 출발해 8시 20분 도착했다.
김 위원장 부부는 삼지연공항에 미리 도착해 문 대통령 부부를 맞이했다.
여기서도 북한 군 의장대 사열이 있었다.",33,2075
iks_doc_2018_hankyoreh_112,Hankyoreh 2018 total annotated text file unicode.txt,Hankyoreh,한겨레,2018,2018_multi_summit,지코 “백두산 천지 보고 왔다는 것이 아직 믿기지 않아요“만찬장서 '아티스트' 노래 “'손 위로' 하니 다들 호응해 주셨지요“2018 남북정상회담 특별 수행원으로 북한 평양에 다녀온 가수 지코(본명 우지호 26)는 “지금도 백두산 천지를 보고 왔다는 것이 믿기지 않는다“고 소감을 밝혔다,,"지코는 다른 특별 수행원들 과 함께 20일 오전 백두산에 오른 뒤 삼지연공항에서 평양 순안공항으로 와 공군 1호기를 갈아타고 이날 저녁 서울에 도착했다.
지코는 도착 직후 연합뉴스와 전화 인터뷰에서 “백두산 가는 길에 제가 탄 차에 살짝 문제가 있어 다른 일행보다 늦게 올라갔는데, 천지가 너무 아름다워서 정말 넋을 놓고 봤다.
믿기지 않을 정도로 장관이었다.
사진도 파노라마로 찍어야 할 정도로, 눈에 다 안 담길 정도로 커서 360도 회전해야 풍광을 온전히 볼 수 있었다“고 말했다.
또 “백두산에 올라도 날씨 때문에 온전히 그 그림을 보기 어렵다는데 날씨가 너무 좋아서 시원하게 풍광이 들어왔다.
그것이 너무 기뻤다“고 덧붙였다.
문재인 대통령 부인 김정숙 여사는 지난 18일 방북 첫날 일정에서 김정은 북한 국무위원장 부인 리설주 여사에게 지코를 “이번 방북단에서 가장 핫한 사람입니다“라고 소개했다.
지코는 “정말 그렇게 소개해 주셨다“며 “저도 가수 지콥ㄴ다.
반갑습니다“라고 인사했다고 웃었다.
방북 첫날 저녁 열린 김 위원장 주최 만찬장 분위기도 전했다.
이날 지코는 '아티스트'를, 에일리는 '첫눈처럼너에게가겠다'를, 알리는 김형석 작곡가의 피아노 연주에 맞춰 '아리랑' 등을 불렀다.
그는 “힙합이란 낯설ㄴ 장르어서 분위기에 맞을지 걱정했는데, 그 걱정이 무색할 정도로 호응해 주셨다“며 “보통 중간에 '풋 유어 핸즈 업'(Put Your Hands Up) 같은 영어 애드리브를 하는데, '손 위로'라고 바꿔서 하니 남북 참석자들이 손을 머리 위로 올려 주셨다“고 말했다.
김 위원장의 호응을 묻자 “거리가 있어서 제대로 보진 못하았다“며 “전반적으로 분위기가 무척 화기애애했다“고 덧붙였다.
그는 전날 5.1 경기장에서 15 만 관객이 모인 가운데 열린 집단 체조를 본 소감도 밝혔다.
그는 “제가 여태까지 보지 못한 스케일의 무대, 퍼포먼스어서 보는 내내 넋을 놓고 본 것 같다“며 “카메라에 잡힌 것보다 실황은 규모가 더 큰 느낌이었다.
말로 다 표현하기 어렵ㄴ 공연이었다“고 떠올렸다.
또 뮤지션답게 음악종합대학 방문에서 본 아리랑 등의 공연을 가장 인상적인 순간으로 꼽았다.
그는 “아리랑 공연 관람이 가장 인상적이었다“며 “현악, 관악, 합창단, 국악기가 모두 등장했는데 너무나 수준급 실력이었다“고 기억했다.
현지에서 맛본 음식 중 평양냉면과 배 속 김치가 정말 맛있었다고 말하기도 했다.
그는 “옥류관 가는 일정이 잡혀 있어 기대감이 있었다“며 “정말 맛이 궁금했는데, 먹어 본 평양냉면 중 단연 으뜸이었다.
기대에 부응하는 맛이었다“고 웃었다.
잇어 “만찬장에서 나온 배 속 김치도 정말 맛있었다“며 “배 속에 김치를 넣어서 먹는 것인데 기억에 남았다“고 덧붙였다.
그는 또 방북길에 오를 당시 말끔하게 수트를 입은 모습이 화제가 됐다고 하자 “서울에 도착해서 알았다“며 “평소 그렇게 입고 다녀 팬들에겐 낯설지 않았을 턴데, 무대에서 화려한 이미지 때문에 그런 말이 나온 것 같다“고 말했다.",23,1471
iks_doc_2018_hankyoreh_113,Hankyoreh 2018 total annotated text file unicode.txt,Hankyoreh,한겨레,2018,2018_multi_summit,최현우 “마술 때 두 정상 똑같이 독도 지목해 깜짝 놀라“방북 일정 마치고 돌아온 문화 예술계 인사들 소감 유홍준 “양강도 별식 감자 전말 국수 쫄깃한 식감 독특“염무웅 “문 대통령에 환호하는 북한 주민들 진심 느껴져“현정화 “천지 물에 손 담궜던 순간 잊을 수 없을 것“,,"20일 저녁 평양 남북정상회담 방북단 일정을 마치고 돌아온 문화 체육계 인사들은 이날 백두 산행을 위해 새벽 4 시부터 시작된 빡빡한 일정으로 지친 기색 속에서도 흥분과 감격스럽ㅁ을 가득 담은 방북 소감을 귀국 뒤 <한겨레>와 한 통화에서 밝혔다.
유홍준 명지 대 석좌 교수는 “공식 수행단의 일들이 워낙 잘 진행됐는데 문화 예술계 수행원들이 이런 분위기를 돋우는 데 일조했다“며 “특히 김형석, 에일리, 지코 등 대중 음악인들이 벌인 만찬장 공연은 남북의 화합 분위기를 살리는 큰 역할을 했다“고 평했다.
또 이번 회담에서도 북한 음식은 방북단 원들 사이에서도 연일 화제가 됐다.
유 교수는 “와인보다 좋다는 북한 특산 들쭉술을 김정은 국무위원장이 권해 마셨는데 소문대로였다“며 “백두산을 오른 뒤 삼지연 오찬 때 양강도 별식으로 나온 감자 전말 국수의 부드럽고 쫄깃한 식감이 아주 독특했다“고 평했다.
15 만 명의 북한 주민이 모인 능라도 5.1경기장 공연과 문재인 대통령의 연설은 방북단한테도 깊은 인상을 남겼다.
염무웅 겨레말큰사전남북공동편찬사업회 이사장은 “평생을 개인주의 사회에서 살아온 사람으로 대규모 집단 체조가 압도적이면서도 적응하기 어렵ㄴ 측면이 있었지만 문 대통령의 연설에 북한 주민들이 환호하는 모습에서 진심이 느껴졌다“고 말했다.
잇어 염 이사장은 “1948년 김구 선생이 남북정치연석 회의에 참석하느라 평양에 갔던 적이 있고, 김대중 노무현 전 대통령도 평양에 방문해서 큰 일을 했는데, 이번 문재인 대통령의 연설은 어떤 점에서는 그런 선례들을 넘어서는 역사적 의의가 있다는 생각 들었다“고 밝혔다.
현정화 한국마사회 여자 탁구 감독 역시 “5.1경기장에 한반도 기가 올라갈 때 감동을 느꼈다.
15 만 명의 뜨겁ㄴ 환대가 가슴 뭉클했다“며 감격스러웠던 순간을 되새겼다.
또 현 감독은 “예정에 없던 백두산에 올라 천지 물에 손을 담근 경험도 잊을 수 없을 것“이라고 덧붙였다.
첫날 저녁 만찬장에서 공연한 최현우 마술사는 “정부로부터 (공연에) 통일의 메시지를 담아 달라고 요청 받아서 두 정상의 교감 요술을 보여 줬다“고 밝혔다.
“김 위원장이 뽑은 카드를 문 대통령이 맞히고, 문 대통령이 뽑은 카드를 김 위원장이 맞히는 식으로 진행하고 마지막에 전체 카드가 한반도 기로 변하며 화합으로 나아가자는 메시지를 선 보였는데 두 정상이 카드에 표시된 독도 부분을 똑같이 지목해 이야기해 깜짝 놀랐다“고 했다.
최현우 마술사는 “백두산 천지 앞에 서니 진짜 통일이 되려나 하는 생각이 들더라“면서 “남쪽 대통령을 가까이서 보고 신기해하는 평양 주민들의 반응이 인상적이었고, 김정은 위원장도 수행단을 부드럽게 잘 대해 줬다“고 말했다 10년 만에 평양을 다시 찾은 안도현 시인(우석대 교수)은 “휴대폰을 보며 걷는 사람도 있고 평양 거리가 전보다 활기찬 느낌이었다“며 “백두산 가는 길도 낡았다는 느낌을 주는 시설 물이 거의 없었고 삼지연공항 진입로 역시 깨끗하게 정비돼 있었다“고 변화된 북한의 모습을 전했다.
이기흥 대한체육회장은 “전에 북한 사람들을 만났을 때보다 이번에 훨씬 더 적극적으로 남북 협력에 임한다는 느낌을 받았다“며 “2032년 올림픽 공동 유치 등을 합의해 좋은 성과가 있었고 앞으로도 남북 평화 협력에 도움이 됐으면 좋겠다“는 바람을 밝혔다.
최현우 마술사가 김정은 위원장 앞에서 펼친 마술은?
첫날 만찬 때 평화 통일 메시지 담아 마술 선 보여?
한반도 기 그려진 카드 나오자 두 정상 독도 지목?",17,1705
iks_doc_2018_hankyoreh_114,Hankyoreh 2018 total annotated text file unicode.txt,Hankyoreh,한겨레,2018,2018_multi_summit,“백두산 천지 앞에서 진짜 통일 오려나 생각해“,,"평양 남북정상회담 방북단 원으로 일정을 마치고 20일 저녁 돌아온 최현우 마술사가 “첫날 만찬장에서 남북 정상을 위한 교감 요술을 선 보였다“고 말했다.
이날 저녁 <한겨레>와의 통화에서 최 마술사는 “북한은 마술을 국가 사업으로 육성하고 있는데 지난 판문점 회담 때 북측에서 대표 마술사가 마술을 선 보였다고 한다.
이번에 내가 북한을 간 것도 화답 차원에서 이루어졌다“고 밝혔다.
최 마술사에 따르면 당시 판문점에서 북한 마술사는 카드 마술을 선 보였다.
북한이 사용하지 않는 미국 카드(트럼프 카드)를 사용하기도 하고, 우리나라 돈을 빌려 달러로 바꾸는 마술도 선 보였다고 한다.
최 마술사는 “북한 돈이 아니라 달러로 바꿔 엄청 놀랐는데 그 다음 달에 북미 회담이 이루어지는 것을 보고 그 마술에 어떤 메시지가 담겼구나 생각했다“고 말했다.
최 마술사가 북한에서 선 보인 것도 카드 마술 중 하나다.
“정부에서 화합과 통일의 메시지를 담아 달라고 요청 받아 교감 요술을 준비했다.
김정은 국무위원장이 뽑은 카드를 문재인 대통령이 맞히고, 문 대통령이 뽑은 카드를 김 위원장이 맞히는 식으로 진행했다.
마지막엔 전체 카드가 한반도 기가 그려진 큰 카드로 변하며 화합으로 나아가자는 메시지를 선 보였는데 두 정상이 카드에 독도 표시된 것ㄹ 똑같이 지목하고 얘기해 놀랐다.“
북한을 처음 방문했다는 최 마술사는 “북한에 있는 동안 뉴스를 접하지 못하다가 귀국하고 나니 '내가 역사적인 현장에 있었구나' 생각이 들면서 아직 실감이 나지 않는다“고 말했다.
북쪽 주민이나 수행원들이 문 대통령을 직접 만나고 목소리를 듣게 돼 신기하다는 반응을 보였고, 김 위원장 역시 방북 사절단을 부드럽게 맞아 줬었다는 이야기도 전했다.
갑자기 이루어진 백두산 산행에 대해서도 언급했다.
최 마술사는 “새벽 4시에 출발했는데 천지 앞에 서니 진짜 통일이 되려나 하는 생각이 들더라“며 감격스럽다는 반응을 보였다.",14,949
iks_doc_2018_hankyoreh_115,Hankyoreh 2018 total annotated text file unicode.txt,Hankyoreh,한겨레,2018,2018_multi_summit,"오영식 “동 서해선 착공식 전까지 비핵화 등 진전 기대“방북 뒤 귀국 오영식 코레일 사장 인터뷰 리룡남, 김영철 만나, 남북 철도 등 경협 관련 대화 “남북한 입장 차 있지만, 비핵화 필요성 인식 공유“리룡남 철도, 개성 공단 등 기존 협력 사업 우선 추진",,"남북 정상회담 공식 수행원으로 동행했던 오영식 한국철도 공사(코레일) 사장은 20일 귀국 뒤 <한겨레>와의 통화에서 “북한 역시 비핵화 협상이 교착 상태에 있는 것이 남북 경제 협력의 가장 큰 장애가 되고 있다는 점을 잘 인식하고 있다“며 “올해 동 서해선 착공 식 하기 전까지 이번 정상회담을 계기로 비핵화와 대북 제재 국면 등에서 변화와 진전이 있지 않을까 조심스럽게 기대한다“고 설명했다.
오 사장은 “남한이 북의 비핵화 프로세스와 국제 사회의 대북 제재 국면 전환 등 여건을 가장 중요한 고려 사항으로 여기는 것과 달리, 북한은 한국의 입장을 이해하면서도 동시에 남북 협력 사업에 대해서는 남쪽이 더 적극적으로 나서 주길 기대하는 등 입장 차이가 있었다“고 덧붙였다.
18~20일 북한 평양에서 열린 남북정상회담에서 문재인 대통령과 김정은 북한 국무위원장은 평양 공동 선언을 통해 “올해 안에 동 서해선 도로 및 철도의 착공식을 열겠다“고 밝혔다.
오 사장은 공식 수행원으로 함께 방북해 리룡남 북한 내각 부총리, 김윤혁 철도성 부상 등과 남북 철도 연결 등 교류 협력에 대한 대화를 나눴다.
북한의 누구를 만나 어떤 이야기들을 나누셨나?
“리룡남 내각 부총리와 만난 자리에서 이런저런 이야기를 하기도 했고, 김윤혁 철도성 부상과도 남북 철도 협력에 대한 대화를 나눴다.
철도 분야는 이미 과거에 남북이 철도 연결 사업을 진행하고 시범 운행을 했었던 성과도 있고, 4.27 판문점 선언 이후 분과 회의까지 하는 등 남북 간 합의한 사항들이 있으니 서로 합의한 사업들을 빨리 진행하자는 이야기를 했다.
동 서해선 현대화 및 개량 사업에 대한 공동 조사 활동이 현재 연기돼 있는 상태다.“올해 안에 착공식을 하기로 했는데 유엔(UN)의 대북 제재가 있는 상태에서 가능한가?
“올해 안에 착공식은 하되, 그 전까지 공동 조사 진행하고 그 결과 기초해서 구체적인 사업 계획을 세우는 사이에 북미 협상 진행 결과와 대북 제재 국면 등을 보면서 판단해 나가야 할 것 같다.
그런 부분에서 이번 정상회담을 계기로 변화가 있지 않을까 조심스럽게 기대를 하고 있다.
현재 북한의 비핵화 협상이 교착 상태에 있고, 그것이 남북 협력 사업의 가장 큰 장애물이란 것을 북한도 잘 인식하고 있다.
북한 역시 이번 정상회담을 통해 그런 부분에서 진전의 계기를 마련할 필요성이 있다고 판단한 것 같다.“
남북 경협에 있어 대북 제재에 대한 북한의 생각은?
“리룡남 부총리와 이야기할 때 북미 협상이나 제재 국면 등 관련 정세에 대한 직접적인 언급은 서로 자제했지만 북한은 (비핵화 협상에 대한) 노력은 노력대로 하지만 동시에 남북 협력 사업은 남북 간에 협의해서 진행하는 것이 가능한 것 아니냐, 남한이 더 주도적으로 할 수 없느냐는 이야기를 했다.
그 부분에서는 아직 입장을 같이 하기 어렵ㄴ 부분들이 있다.
다만, 진전된 계기가 마련된다면 지금보다는 훨씬 다각적으로 남북 협력 사업 전개할 수 있고 속도를 낼 수 있다는 인식은 서로 공유했다고 생각한다.
우리는 관련 문제가 해소되면 남북 협력이나 이산가족 상봉 등 더 적극적으로 할 수 있고, 그 대전제는 비핵화를 위한 북한의 적극적인 결단과 대응이 필요하다는 메시지를 보여 줬다.“
리룡남 부총리가 또 어떤 메시지를 전했나?
“리 부총리는 매우 실용적으로 이야기를 했다.
새롭ㄴ 사업도 사업이지만 남북 철도, 금강산 관광, 개성 공단 등 기왕에 하던 기존 사업들을 살려 내서 우선적으로 진행하자.
그리고 그 토대 위에서 교류 협력의 범위를 확대해 갈 수 있지 않겠느냐는 이야기를 했다.
이 사업들은 과거에 남북이 함께 진행했던 경험도 있고, 애초 하기로 했던 것이 중단된 상태니 그것을 우선적으로 하는 것이 현실적이지 않겠냐는 것이다.
또, 함께 간 박용만 대한상공회의소 회장이나 이재용 삼성전자 부회장 등 경제인들에게도 허심탄회하게 서로 이익이 되는 것을 하자고 했다.
협력 사업이 한쪽에만 이익이 되는 것이 아니라 남쪽 기업 입장에서도 이런 사업들을 통해 경제적 이득을 얻을 수 있고, 북한도 북한대로 얻을 수 있는 것이 있다면 형식과 조건에 구애 받지 말고 언제든 만나 함께 이야기할 수 있는 것 아니냐고 했다.“
북한의 분위기는 어땠나?
“북한이 경제 쪽에 굉장히 집중하고, 경제 발전이나 그에 필요한 협력과 투자에 대한 관심과 의지가 굉장히 강하다는 것ㄹ 느낄 수 있었다.
김영철 북한 노동당 부위원장도 최근 남북 철도 연결을 위한 공동 조사단의 활동이 연기된 것에 대해 대단한 유감과 아쉬움을 토로하고 남한 철도 공사 사장이 이렇게 왔으니 철도 협력 사업에 대해 적극적으로 해 달라고 부탁했다.
처음 가 본 평양과 백두산 천지는 어땠나?
“과거에 우리가 알던 것에 비해 평양 시내가 많이 개발되고 발전된 모습을 보여 줬다.
전력 사정도 전반적으로는 어렵지만 평양 중심으로 주요 도시는 어느 정도 안정적으로 전력을 공급 받고 있다는 생각이 들었다.
일반 주민들과 접촉은 못 했지만 시내 거리에서 본 평양 시민들 모습은 활기차고 옷차림이나 이런 부분도 우리가 생각했던 것보다 세련되고 밝아진 느낌이었다.
백두산 천지도 처음 가 봤는데, 그렇게 날씨가 좋을 수 없었다.",32,2525
iks_doc_2018_hankyoreh_116,Hankyoreh 2018 total annotated text file unicode.txt,Hankyoreh,한겨레,2018,2018_multi_summit,9월 하반기라 날씨를 낙관하기 어려웠는데 남북 간에 좋은 일이 있을 것 같은 조짐인지 구름 한 점이 없었다,"문 대통령, 위기의 북미 다시 마주 앉게 한 '평화 협상가' 북미 교착에 남북회담 속도 비핵화 약소 평양 선언 끌어내 미국에 대화 재개할 명분 줘 5월 북미 회담 어긋날 위기 때도 2차 남북정상회담으로 중재 역 남북 관계 불가역적 평화 만들ㄹ 적대 해소 구체 방안까지 합의","문 대통령, 종전 선언도 이끌ㄹ까 문재인 대통령이 김정은 북한 국무위원장과의 평양 남북정상회담을 통해 사그라들던 북/미 대화의 불씨를 되살렸다.
도널드 트럼프 대통령을 비롯한 미국 행정부는 정상회담 결과를 반기며 북/미 대화 재개를 선언했다.
문 대통령은 지난 5월 김 위원장과의 '판문점 깜짝 회담'으로 탈선할 뻔하았던 북/미 정상회담을 궤도에 올려 놓은 데 잇어, 이번에도 북/미 협상의 촉진 자자 트럼프 대통령이 요청했던 '수석 협상가'로서의 임무를 성공적으로 수행한 셈이다.
트럼프 대통령은 19일(현지 시각) '9월 평양 공동 선언'에 관해 “북한, 한국에서 아주 좋은 소식이 있다.
우리는 북한과 관련해 엄청난 진전을 이루고 있다“며 김정은 위원장과 만날 것이라고 말했다.
마이크 폼페이오 미국 국무 장관도 리용호 북한 외무상과 뉴욕 유엔총회에서 만날 뜻을 전하며 오스트리아 빈에서도 북/미 간 실무 대화를 시작한다는 뜻을 표시했다.
문 대통령과 김 위원장은 평양 공동 선언 5조에서 “남과 북은 한반도를 핵무기와 핵 위협이 없는 평화의 터전으로 만들어 나가야 하며 이를 위해 필요한 실질적인 진전을 조속히 이뤄 나가야 한다는 데 인식을 같이했다“며 유관국 참관 아래 북한 동창리 엔진 시험장과 미사일 발사대 영구 폐기 미국이 상응 조치를 취할 경우 영변 핵 시설 영구 폐기 등 추가 조치 이행 등을 합의에 담았다.
문 대통령은 “조선 반도를 핵무기도 핵 위협도 없는 평화의 땅으로 만들기 위해 적극 노력하겠다“는 김 위원장의 비핵화 약속 발언도 끌어냈다.
비핵화에 관한 김 위원장의 첫 육성 다짐이었다.
문 대통령은 북/미 대화가 삐걱거리는 조짐을 보이자 애초 '가을'로만 돼 있던 남북정상회담을 9월 중순으로 앞당겼다.
비핵화와 종전 선언을 둘러싼 이견으로 교착 상태에 놓여 있던 북/미 대화가 문 대통령의 방북으로 뚫린 셈이다.
문 대통령은 18일 방북길에 오르기 전 성남 서울공항에서 “이번 방북으로 북/미 대화가 재개되기만 한다면 그 자체가 큰 의미“라고 말한 바 있다.
방북 전날 남북정상회담 준비 위원장을 맡은 임종석 대통령 비서실장은 “비핵화라는 무겁ㄴ 의제가 정상회담을 누르고 있다.
(비핵화 의제로 인해) 이번 정상회담은 매우 조심스럽고, 어렵고, 어떤 낙관적 전망도 하기 어렵다“고 말했다.
그만큼 비핵화와 북/미 대화 중재는 난제였던 셈이다.
문 대통령은 지난 5월에도 김 위원장과의 깜짝 정상회담을 통해 좌초할 뻔하았던 북/미 정상회담을 건져 올렸다.
문 대통령은 5월 24일 트럼프 대통령이 전격적으로 북/미 정상회담 취소를 통보하자 이틀 뒨 26일 통일각에서 김 위원장과 두 번째 정상회담을 열어 트럼프 대통령의 마음을 돌렸다.
정세현 전 통일부 장관은 “문 대통령이 평양 남북정상회담 일정을 앞당겨 치르면서 꺼질 것 같던 북/미 대화의 불씨를 살려 냈다.
5월에 잇어 벌써 두 번째다“라며 “문재인 대통령이 매우 훌륭한 '중재인'이 됐다“고 말했다.
이정철 숭실 대 교수는 “중재가 성공적이라는 것을 넘어섰다.
(김정은 위원장이) 핵무기와 핵 위협이 없는 평화의 터전을 얘기한 것 아니냐“며 “(평양 정상회담에서 보여 준 문 대통령의 역할이) 엄청나다“고 평가했다.
문 대통령은 이번 정상회담에서 비핵화 '돌파구'를 마련한 중재자 역할을 했지만, 동시에 김 위원장과 함께 남북의 70년 적대 관계를 청산하고 한반도의 '불가역적인 평화'를 촉진한 점도 주요 성과로 꼽힌다.
남북이 합의한 군사 합의서에는 “쌍방은 어떤 경우에도 무력을 사용하지 않는다“고 명시됐다.
또 제재 해제 국면에 대비한 경제 협력 기반 조성, 이산가족 상설 면회소 설치 등 경제 사회 문화 등 다양한 분야에서 남북 교류를 이어 가기로 했다.
탄탄한 남북 관계를 바탕으로 “민족 자주와 민족 자결의 원칙“(9월 평양 공동 선언 전문) 아래 북/미 관계 역시 견인하겠다는 구상인 셈이다.
이도훈 외교부 한반도평화교섭본부장은 20일 서울 동대문디자인플라자(DDP) 프레스 센터 브리핑에서 “평양 공동 선언은 남북 관계 진전이 북/미 관계를 진전시키는 데 밑받침이 될 수 있다는 것ㄹ 방증했다“고 했다.
문 대통령은 유엔총회 참석을 위해 23일 미국 뉴욕으로 출발해 24일(현지 시각) 트럼프 대통령과 한/미 정상회담을 한다.
문 대통령은 트럼프 대통령에게 평양 남북정상회담 결과를 설명하고 한반도 비핵화와 조기 종전 선언, 평화 협정 체결 등을 논의할 예정이다.
한반도 정중앙 종단하는 '국도 3호선' 부활할까 철원 '화살머리 고지' 유해 발굴 위해 군사 분계선 남북 관통 도로 개설 70년 전 단절된 3호선 지나던 지역 서 동해선 잇어 제3 교류 통로 기대 개성의 서해선 도로, 금강산의 동해선 도로에 잇어 한반도의 정중앙인 철원 지역에도 남북을 관통하는 '제 3의 연결 도로'가 뚫릴 수 있을까?
남북이 19일 채택한 '역사적인 판문점 선언 이행을 위한 군사 분야 합의서'에 담긴 비무장 지대 안 시범적인 남북 공동 유해 발굴을 위한 '폭 12m 남북 간 도로 개설' 합의의 향배가 관심사다.
남북 공동 유해 발굴 대상인 '화살머리 고지'가 있는 강원도 철원은, 70년 전 남북의 교통로가 단절되기 전 경남 남해에서 평북 초산까지 이어졌던 국도 3호선이 지나는 지점이다.
군 관계자는 20일 <한겨레>와의 통화에서 “유해 발굴용 도로는 군사 분계선 표식물 489번이나 497번 근처(그래픽 참고)에 개설될 것“이라며 “남북은 협의를 거쳐 표식물 주변 산을 피해 평지에 도로를 만들ㄹ 계획“이라고 말했다.
발굴 지역인 화살머리 고지가 군사 분계선에 걸쳐 있어, 이 도로는 군사 분계선을 관통해 만들어지게 된다.
군 관계자는 “남쪽에서 북한 군 유해를 발견하면 이를 북쪽에 넘겨 줘야 하고, 북쪽에서 국군 유해가 나오면 우리가 올라가서 받아 와야 한다“며 “군사 분계선을 통과해서 (남북이) 오고 가게 된다“고 설명했다.
남북은 이 고지에서 수습한 유해를 비무장 지대 밖으로 옮겨 신원 확인, 감식 작업을 통해 국군 인민군 유엔 군 중국 군 여부를 판별한 뒤 후속 조처를 한다.
군 관계자는 남북 군 당국이 “유해를 차량으로 운반할 계획“이라고도 밝혔다.
차가 이동해야 하기 때문에 너비 12m 유해 발굴용 도로는 자연스럽게 직선 거리로 4㎞인 비무장 지대를 가로질러 남 북쪽 도로까지 연결될 수밖에 없다.
유해 발굴 목적의 새 도로가 앞으로 한반도를 남북, 북남으로 종단하는 1096㎞ 길이 정중앙 축인 '국도 3호선'의 부활 계기가 될 수 있다는 기대 섞인 관측이 나오는 배경이다.
남북 교통 협력 사업에 밝은 안병민 한국 교통 연구원 선임 연구 위원은 “시작은 유해 발굴이라는 인도적 목적이지만, 중장기적으로는 한반도를 종단하는 중앙 축에 남북 교류의 통로가 될 수 있어 함의가 크다“고 평가했다.
애초 서해선 도로가 개성 공단 관련 인력 왕래, 동해선 도로가 금강산 육로 관광을 주된 목적으로 삼았지만 이후 다양한 용도로 쓰인 선례를 따를 수 있다는 지적이다.
서해선은 전남 목포에서 평북 신의주로 이어지는 국도 1호선, 동해선은 부산에서 함북 온성까지 연결되는 국도 7호선의 일부다.",41,3470
iks_doc_2018_hankyoreh_117,Hankyoreh 2018 total annotated text file unicode.txt,Hankyoreh,한겨레,2018,2018_multi_summit,"민주 평화 정의당 “큰 진전 “한국당 “일방적 무장 해제“민주 “평양 선언 입법 조치 필요 한국당, 언제까지 방해만 할 것인가“평화 “판문점 선언에서 진일보“정의 “김정은, 주민 앞 비핵화 천명“한국 “정찰 부분서 국방의 눈 빼“바른미래 “긴장 완화는 긍적적 김정은 의지 들었지만 아직 부족“",,"여야 정치권은 20일 마무리된 2박 3 일 간의 평양 남북정상회담 결과에 엇갈린 평가를 내놓았다.
더불어민주당과 민주평화당, 정의당 등은 “큰 진전을 이뤘다“고 환영했지만, 자유한국당은 군사적 긴장 완화를 위한 군사 분야 합의에 대해 “일방적 무장 해제“라며 깎아 내렸다.
이에 따라 여야가 이번 정상회담 결과를 보고 논의를 이어 가려고 했던 4.27 판문점 선언 국회 비준 동의 안 처리를 두고 진통이 예상된다.
민주당은 '9월 평양 공동 선언'을 입법적으로 뒷받침할 뜻을 밝히며, 보수 야당에 '전향적 태도'를 촉구했다.
홍영표 원내 대표는 이날 국회에서 열린 정책 조정 회의에서 “모든 사람의 예상과 기대를 뛰어넘는 합의를 끌어낸 두 정상 결단에 박수를 보낸다“며 “평양 공동 선언은 도널드 트럼프 미국 대통령 표현처럼 엄청난 진전“이라고 평가했다.
또 “이번 합의문에 담긴 철도, 도로 연결, 이산가족 상설 면회소 설치, 개성 공단 재가동 등에 필요한 입법 조치를 국회 차원에서 논의해야 한다“며 “자유한국당이 언제까지 방관자, 방해 자로 남을 것인지 이제는 결정해야 한다“고 말했다.
장병완 민주평화당 원내 대표도 의원 총회에서 “평양 공동 선언은 남북 관계 핵심인 비핵화와 군사적 긴장 완화, 남북 교류 협력 모두가 담겨 있어 판문점 선언에서 진일보한 결과“라고 밝혔다.
최석 정의당 대변인도 논평에서 “(김정은 위원장이) 북한 주민들 앞에서 육성으로 비핵화를 천명하고 우리 정부 수장을 평양 시민 앞에 세워 연설을 하게 했다“며 “더 어떻게 그 의지를 보여 줄 수 있을 것인가“라고 되물었다.
반면 자유한국당은 진전 없이 안보만 약화됐다고 비판했다.
김병준 비상 대책 위원장은 이날 비대위 회의에서 “비핵화 문제는 거의 진전이 없고, (군사 분계선 상공 비행 금지 합의 등) 정찰 부분에선 우리 국방의 눈을 빼 버리는 합의“라고 밝혔다.
김성태 원내 대표도 “북한은 서해선 철도 도로 연결이나 개성 공단, 금강산 관광 사업 정상화, 서해 경제 공동 특구, 동해 관광 공동 특구, 2032년 하계 올림픽 공동 개최 유치 등을 다 챙겼지만 미국이 끊임없이 요구해 온 것은 아무것도 받아들인 것이 없다“고 말했다.
잇어 “일방적 무장 해제를 하고 있는 군사 분야 합의서에 대해서 유감“이라며 “국회 국방위원회 긴급 현안 질의를 통해 정부의 진의를 따져 물을 것“이라고 말했다.
바른미래당은 '기대 반, 걱정 반' 태도를 취했다.
김관영 원내 대표는 “군사적 긴장 완화와 김정은 위원장의 서울 방문, 올림픽 공동 개최 추진 등 한반도 긴장 완화의 측면에서 평가할 만한 내용들이 담겼다“면서도 “김정은 위원장의 (비핵화) 의지를 육성으로 들었지만, 아직도 부족하다“고 말했다.
하태경 최고 위원은 “일부에서는 비핵화에 구체적인 성과가 없었다는 비판도 있지만, 그것은 트럼프 대통령에게 쓸 카드“라며 “남북 간 군사적 적대 행위를 해소하는 중대한 조치를 합의해 북한이 남한을 공격할 가능성이 훨씬 줄어 들었다“고 평가했다.
이재웅 “만나는 북 사람마다 IT 강조 경제 협력 기대감 커““과학 기술 인재 양성 특히 강조 경제 협력이 IT 벤처 스케일 키울 것““문 대통령 능라도 경기장 연설 백두산 등반 특히 인상 깊고 감동적“평양 남북정상회담에서 문재인 대통령을 특별 수행한 이재웅 쏘카 대표가 방북 소감을 밝혔다.
이 대표는 “만났던 북쪽 당국자들 모두가 정보 기술(IT)과 과학 기술에 대한 많은 관심을 나타냈다“며 “아직은 지켜 봐야 할 것과 고민해야 할 것이 많지만, 남북 경제 협력으로 혁신 성장의 동력을 찾을 수 있을 것“이라고 기대감을 드러냈다.
정보 기술(IT)과 벤처 스타트업을 대표해 평양을 방문했던 이 대표는 20일 저녁 <한겨레>와의 통화에서 “북쪽에서 정보 기술에 대한 관심이 아주 많았고 그것이 자신들의 강점이라는 것을 여러 번 강조했다“며 “많은 것을 배우고 돌아왔다“고 소감을 밝혔다.
북한은 최근 4차 산업 혁명을 '새 시대 산업 혁명'이라고 일컬으며 정보 기술과 과학 기술의 발전을 강조하고 있다.
이 대표는 “리용남 내각 부총리와의 면담 뿐만 아니라 식사 자리에서도 북한 당국자들이 '과학 중심 사회로 가기 위한 인재를 양성할 것'이라는 말을 빠짐없이 했다“며 “'단번 도약'이라는 언급도 했는데, 그것이 바로 벤처 혁신 기업을 양성하겠다는 말이어서 인상 깊었다“고 했다.
이 대표는 잇어 “(남쪽이) 할 일이 많겠다는 느낌도 있지만, 경제 제재 문제가 있어 아직 고민이 많다“며 “경제인들이 북에 다녀온 것이 2007년 이후 처음이고 세대도 많이 교체됐기 때문에 지금부터 관계를 만들고, 많이 배우고 고민해야 할 것같다“고 말했다.
기획 재정부 혁신성장 본부장이기도 한 이 대표는 북쪽과의 경제 협력이 남쪽의 혁신 성장의 동력이 될 수 있을 것이라 내다봤다.
그는 “남쪽에서 성장 동력이 없고 일자리가 없다는 말을 많이 하지만, 북한과 협력하면 상황이 많이 달라질 것이다.
3 천만 인구와 언어가 통하니까 정보 기술 벤처기업의 사업 스케일이 달라질 것으로 본다“고 했다.
이 대표는 공유 경제 사업 모델에 대해서도 “바로 그런 것이 북에서 말하는 단번 도약“이라며 “중국은 유선 전화 없이 휴대 전화로 갔고, 베트남도 바로 스마트폰으로 간 것처럼, 북쪽에서도 차량 공유를 통해 새롭ㄴ 모빌리티로 갈 수 있을 것이다.
이제부터 시작이니 잘 지켜 보겠다“고 강조했다.
이 대표는 가장 인상 깊었던 순간으로 문 대통령이 지난 19일 밤 평양 능라도 5.1 경기장에서 했던 연설을 꼽았다.
그는 “모든 것이 다 인상 깊었지만, 문 대통령이 (평양 시민) 15 만 명 앞에서 연설하는 것은 아주 큰 파급력이 있을 것이라 생각한다“며 “문 대통령의 연설을 밖에서 본 사람들과 안에서 직접 보고 들은 사람과 느낀 것은 분명히 다를 것“이라고 말했다.
백두산 등반에 대해서도 “예상하지 못하았던 방문이었지만 날씨부터 모든 것들이 너무 감동적이었다“며 말을 잇지 못하았다.",29,2908
iks_doc_2018_hankyoreh_118,Hankyoreh 2018 total annotated text file unicode.txt,Hankyoreh,한겨레,2018,2018_multi_summit,최태원 SK 회장 “많은 기회를 봤다“방북 뒤 기자들과 만나 “어떤 그림을 그릴 수 있을 지 생각해 보겠다“,,"남북 정상회담에 동행한 최태원 에스케이(SK) 회장은 20일 밤 서울 도착 뒤 기자들과 만나 “(북한에서) 양묘장부터 학교까지 여러 가지를 보고 왔다.
그 안에서 많은 기회가 있을 수도 있다.
어찌 보면 하나도 없는 백지라고 생각할 수 있는데, 어떤 그림을 어떻게 그릴 수 있을 지 생각해 보겠다“고 말했다.
잇어 “어떤 협력을 통해서 한반도 발전에 도움이 될 수 있을지 고민해 보겠다“고 밝혔다.
문정인 특보 “문 대통령, 15만 평양 시민한테 '비핵화' 동의 이끌어 냈다“1 3차 평양 남북정상회담 모두 특별 수행원으로 방북한 문정인 특보?",5,304
iks_doc_2018_hankyoreh_119,Hankyoreh 2018 total annotated text file unicode.txt,Hankyoreh,한겨레,2018,2018_multi_summit,'가장 인상적인 순간' 물음에 문 대통령 5.1경기장 연설 꼽아,,"“문재인 대통령이 비핵화에 대한 15만 평양 시민들의 동의를 얻어 내고 열광적인 반응을 이끌어 냈다.
감격스럽ㄴ 순간이었다.“2000년과 2007년, 그리고 2018년 세 차례 평양에서 열린 남북 정상회담에 특별 수행원 자격으로 모두 참석한 문정인 대통령 통일 외교 안보 특별 보좌관은 20일 <한겨레>와 통화에서 이렇게 말했다.
문 특보는 이번 정상회담에서 가장 인상 깊었던 순간으로 19일 저녁 대집단 체조와 예술 공연이 열리는 평양 5.1경기장에서 문 대통령이 평양 시민 15 만 명 앞에서 연설을 한 장면을 꼽았다.
문 특보는 “문 대통령이 '우리는 5000년을 함께 살고 70년을 헤어져 살았다'고 말하면서 '우리 강산을 영구히 핵무기와 핵 위협이 없는 평화의 터전으로 만들어 후손들에게 물려주자고 (김정은 위원장과) 확약했다'고 했다“며 “그러자 평양 15 만 인민이 주춤하는 듯하다가 바로 엄청난 환성과 박수를 보냈다.
북한 지도자와 인민들 모두가 핵 위협 없고 핵 없는 한반도를 원한다는 것을 보여 준다는 것“이라고 평가했다.
잇어 문 특보는 “김 위원장이 이날(19일) 오전에는 선언문을 발표 하면서 육성으로 '조선 반도를 핵무기도 핵 위협도 없는 평화의 땅으로 만들기 위해 적극 노력해 나아가기로 (문 대통령과) 확약했다'라고 이야기하고, 저녁에는 문 대통령의 입으로 김 위원장 발언을 다시 확인했다“며 “핵 경제 병진 노선 정책을 취하면서 핵무기 보유를 기정사실화했던 북한에 신선한 충격 줬고, 동의를 이끌어 냈다“고 덧붙였다.
문 특보는 북한 정부가 문 대통령 부부를 비롯한 수행원에게도 전례 없는 환대를 베풀ㄴ 점에 대해서도 평가를 아끼지 않았다.
문 특보는 “1차(2000년), 2차(2007년) 때도 북쪽에서 환대했지만, 이번과 같은 배려와 환대는 없었다“며 “특별 수행원 모두가 대접을 크게 많이 받았다.
(갑작스레 가게 된) 백두산도 특별기를 내서 고려항공으로 다녀왔다.
정중하게 엄청난 대접을 해 줬다.
(김 위원장이) 남쪽에 오면 답례를 도대체 어떻게 해야 하나 생각할 정도다“라고 말했다.
그는 “(김 위원장은) 2박 3일 내내 국정을 마다하고 문 대통령과 시간을 같이 했다.
부부가 엄청 호의와 성의를 보여 준 것이다.
이런 엄청난 배려와 환대는 국제적으로도 찾아 볼 수 없다“고 했다.
박선숙 등 11인 '9월 평양 선언 지지 결의 안' 발빠른 발의 “대한민국 국회는 9월 평양 공동 선언을 지지한다“바른미래 소속이지만 개별 행동 중인 박선숙 1차 남북정상회담 때도 결의 안 대표 발의 박선숙 바른미래당 의원이 '9 월 평양 공동 선언'에 대한 지지 결의 안을 대표 발의했다.
선언이 발표된 지 하루 만의 발빠른 움직임이다.
박 의원은 20일 “제3차 남북정상회담 '9월 평양 공동 선언' 지지 결의 안“을 발의했다.
총11명 의원들이 서명한 이 지지 결의 안에는 더불어민주당 소속 인재근, 권칠승, 김현권, 박용진 의원이 이름을 올렸으며 민주평화당의 박지원, 최경환, 장정숙, 김광수, 윤영일 의원도 공동 발의자로 참여했다.
정의당에선 심상정 의원이 함께 했다.
바른미래당에서 이름을 올린 의원은 박선숙 의원이 유일했다.
결의 안은 이번 '9월 평양 공동 선언'을 환영하고 지지하는 내용과 함께 아래와 같은 8개의 결의 조항으로 구성됐다.
1. 대한민국 국회는 '9월 평양 공동 선언'이 한반도의 비핵화와 군사적 긴장 해소, 인도적 교류와 문화 예술 체육 등 다방면의 교류, 경제 협력을 통해 한반도의 평화와 번영을 위한 구체적이며 실질적 조치들에 대한 합읨를 확인한다.
2. 대한민국 국회는 한반도를 핵무기와 핵 위협이 없는 평화의 터전으로 만들기 위해, 북한이 동창리 엔진 시험장과 미사일 발사대를 유관국 전문가들의 참관 하에 우선 영구적으로 폐기하고, 미국이 6.12 북미 공동 성명의 정신에 따라 상응 조치를 취하면 영변 핵 시설의 영구적 폐기와 같은 추가적인 조치를 계속 취해 나갈 용의를 표명한 데 대해 북한의 철저한 약속 이행을 촉구한다.
3. 대한민국 국회는 남과 북이 한반도 전 지역에서의 실질적 전쟁 위험 제거와 근본적인 적대 해소를 위해 판문점 선언 군사 분야 이행 합의서를 평양 공동 선언의 부속 합의서로 채택하고, 합의서 이행을 위해 남북 공동 군사 위원회를 설치하기로 한 것을 지지하며 남과 북의 철저한 준수와 성실한 이행을 촉구한다.
4. 대한민국 국회는 남과 북이 이산가족 문제를 근본적으로 해결하기 위한 금강산 지역의 이산가족 상설 면회소 설치, 화상 상봉, 영상 편지 교환 등 남북 간의 인도적 협력을 강화하기로 한 것을 환영하고 지지한다.
5. 대한민국 국회는 남과 북이 문화와 예술 분야 교류 증진, 각종 국제 경기 공동 참여, 2032년 하계 올림픽 공동 유치, 10.4 선언 11주년 기념 행사 개최, 3.1운동 100주년 공동 기념 사업 등 다양한 분야의 협력에 합의한 것을 환영하며, 합의 사항의 적극 추진을 촉구한다.
6. 대한민국 국회는 남과 북이 올해 안에 서해안 철도와 도로 연결을 위한 착공식 개최, 개성 공단과 금강산 관광 사업의 정상화 추진, 서해 경제 공동 특구 및 동해 관광 특구 조성 등 민족 경제를 균형적으로 발전시키기 기 위한 대책을 강구하기로 합의했음을 확인하며, 남과 북의 적극적인 노력을 촉구한다.
7. 대한민국 국회는 빠른 시일 내에 김정은 국무위원장의 서울 방문이 성사 될 수 있도록 남과 북의 노력을 촉구한다.
8. 대한민국 국회는 대한민국 정부가 북미 간의 진전된 합의를 위해 적극적으로 노력할 것을 촉구하며, 일본, 중국, 러시아를 비롯한 전 세계의 지지와 협력을 이끌어 내기 위해 외교적 노력을 다할 것을 촉구한다.
국민의 당 소속이었던 박 의원은 안철수 당시 당 대표 주도로 바른정당과의 통합이 시작됐을 때부터 당 일정에 일절 모습을 드러내지 않은 채 개별 행보를 하고 있다.
김대중 전 대통령 시절 청와대 공보 수석 비서관과 대변인, 환경부 차관 등을 지낸 그가 보수 기반 바른정당과의 통합에 반대하기 때문일 것이란 것이 지배적인 해석이었다.
박 의원은 앞서 제1차 4.27 남북정상회담 때도 '남북정상회담과 북미정상회담 지지 및 한반도 평화 정착과 남북 관계 발전 이행 촉구 결의 안'을 대표 발의한 바 있다.
역시 당론과 별개였다.
야 3당 의원 157명이 공동 발의한 드루킹 특검 법안에도 이름을 올리지 않았다.
이날 문재인 대통령은 방북을 마치고 서울로 돌아와 동대문디자인플라자(DDP)에 마련된 프레스 센터를 방문해 대국민 보고를 한 뒤 국회를 향해서도 “초당적 협력을 다시 한 번 당부한다“고 강조했다.",35,3213
iks_doc_2018_hankyoreh_120,Hankyoreh 2018 total annotated text file unicode.txt,Hankyoreh,한겨레,2018,2018_multi_summit,현정은 회장 “개성 공단 금강산 관광 정상화 언급 때 가슴 먹먹“서울 도착 뒤 방북 소회 밝혀 “희망이 우리 앞에 있음을 느꼈다 고 정주영 명예 회장 정몽헌 회장 얼굴 떠올라“,,"현정은 현대그룹 회장은 3차 남북 정상회담 특별 수행원 자격으로 방북했다 돌아와 “앞으로 넘어야 할 많은 장애 물이 있겠지만, 이제 희망이 우리 앞에 있음을 느낀다“는 소회를 밝혔다.
현 회장은 20일 오후 서울에 도착해 “7년 만에 찾아간 평양은 몰라 볼 정도로 변화했지만, 오랜 만에 반갑ㄴ 얼굴들을 만나서 감격스럽고 기뻤다.
무엇보다 문재인 대통령과 김정은 국무위원장께서 평양 공동 선언을 발표하시면서 개성 공단과 금강산 관광 정상화 추진을 언급하실 때 가슴이 먹먹해졌다“고 말했다.
잇어 “금강산 관광이 시작된 지 20년, 중단된 지 10년이 넘었지만, 남측과 북측에서 남북 경협의 상징으로 금강산 관광이 여전히 기억되고 중요하게 여긴다는 사실에 사업자로서 정말 감사했다.
아울러 남북 경협 사업에 헌신하신 고 정주영 명예 회장, 정몽헌 회장 얼굴이 떠오르기도 했다“고 밝혔다.
현 회장은 “이에 남북 경협의 개척자자 선도자로서 현대그룹은 일희일비하지 않고 담담한 마음으로 남북 경제 협력에 적극 나설 것“이라며 “나아가 남북 간 평화와 공동 번영에 작지만 혼신의 힘을 보탤 것을 약속 드린다“고 말했다.
현대그룹의 금강산 관광은 2008년 관광객 피격 사망 사건 뒤 중단됐으며, 북한은 2011년 금강산 지구 내 남쪽 자산으로 분류되는 이산가족 면회소와 소방서, 그리고 현대 아산 등 민간 소유의 온정각 서관 건물과 판매 업체 시설 등을 동결 또는 몰수했다.
문재인 대통령은 정상회담을 마치고 이날 서울 동대문디자인플라자(DDP)에 마련된 프레스 센터에서 “합의서에 담지 못하았지만 구두로 합의된 것이 있다“며 “금강산 이산가족 상설 면회소 전면 가동을 위해 북측의 몰수 조치를 해제해 줄 것을 요청했고, 김 위원장도 동의했다“고 밝혀, 유엔의 대북 제재 조처 해제만 이루어진다면 금강산 재개를 위한 남북 간 대화가 급물쌀을 탈 수 있다는 관측이 나온다.",8,931
iks_doc_2018_hankyoreh_121,Hankyoreh 2018 total annotated text file unicode.txt,Hankyoreh,한겨레,2018,2018_multi_summit,"문 대통령 “김 위원장, 트럼프와 2차 회담 조속 개최 희망“2박 3일 방북 '대국민 보고' “비핵화 빠른 진행 원하고 있어 합의문에 담지 않은 논의도 있다 북이 언급한 영변 핵 영구 폐기는 검증 가능한 불가역적 폐기란 뜻 김 위원장 비핵화 뒤 경제 발전 집중 희망 적대 관계 종식 조처 연내 종전 선언 목표“",,"문재인 대통령이 “북한이 '9 월 평양 공동 선언’(평양 선언)에서 사용한 '영변 핵 시설의 영구적 폐기' 용어는 결국 (미국이 요구해 온) 검증 가능한 불가역적 폐기와 같은 뜻“이라며 “김정은 국무위원장은 비핵화 과정의 빠른 진행을 위해 (마이크) 폼페이오 (미국 국무)장관의 방북과 도널드 트럼프 대통령과의 2차 정상회담이 조속히 열리기를 희망한다는 뜻을 밝혔다“고 말했다.
문 대통령은 “2차 북/미 정상회담이 필요하다“며 “2차 회담을 통해서 교착 국면을 크게 타개해 나간다면 비핵화 합의는 보다 더 빠른 속도로 진행될 수 있을 것“이라고 강조했다.
20일 오후 2박 3일의 '평양 정상회담' 일정을 마치고 경기 성남 서울공항으로 귀환한 직후 서울 동대문디자인플라자(DDP) 프레스 센터에서 진행한 '대국민 보고'와 기자 회견에서 문 대통령은 “(김 위원장과) 논의한 (비핵화 관련) 내용 가운데 합의문(평양 선언)에 담지 않은 내용도 있다“고 강조하며 이렇게 밝혔다.
문 대통령은 “(김 위원장과) 교착 상태에 놓인 북/미 사이 대화 재개와 대화 촉진 방안에 대해 많은 논의를 했다“며 “제가 미국을 방문해 (유엔 총회 계기에 현지 시각 24일) 트럼프 대통령과 정상회담을 하게 되면 그때 상세한 내용을 전할 계획“이라고 말했다.
특히 문 대통령은 “김 위원장은 가능한 한 빠른 시기에 완전한 비핵화를 끝내고 경제 발전에 집중하고 싶다는 희망을 밝혔다.
김 위원장은 확고한 비핵화 의지를 거듭거듭 확약했다“고 전했다.
잇어 “나는 미국이 북한의 이런 의지와 입장을 역지사지하며 북한과의 대화를 조기에 재개할 것을 희망한다“고 말했다.
아울러 문 대통령은 김 위원장이 '영변 핵 시설 영구 폐기 용의'를 밝힌 사실을 거듭 상기시키고는, “그렇다면 미국 쪽에서도 그리고 우리로서도 북한에 대한 적대 관계를 종식시켜 나가는 조처들을 취해 나갈 필요가 있다“고 밝혔다.
잇어 “그런 조처들이 북한과 미국 사이에 서로 균형 있게 취해져야 한다“고 강조했다.
문 대통령은 '적대 관계 종식'으로 나가는 대표적 초기 상응 조처로 다시금 '연내 종전 선언' 방안을 제시했다.
문 대통령은 “종전 선언은 적대 관계를 종식시키자는 하나의 정치적 선언이기 때문에 그런 식의 신뢰를 북쪽에 줄 수 있는 방안“이라고 강조했다.
잇어 “우린 연내 종전 선언을 목표로 삼고 있다“며 “트럼프 대통령과 정상회담 때 그 부분을 다시 논의하려고 한다“고 밝혔다.
문 대통령은 “지난번 (6.12 북/미 정상회담의) 싱가포르 선언은 그야말로 원론적 합의“라며, '2차 북/미 정상회담' 필요성을 거듭 역설했다.
“(2차 정상회담을 통해) 두 정상이 크게 합의를 하고, 그 합의에 맞춰 실무 협상을 통해 비핵화 시한과 쌍방 교환 조처를 합의하면 좀 더 효과적으로 비핵화가 진전될 수 있을 것“이라고 했다.
정상 차원의 큰 틀의 합의와 교통 정리라는 '톱다운 방식'이 북/미 사이 교착 해소는 물론 비핵화와 종전 선언 등 상응 조처의 속도감 있는 진행에 효과적인 방식이라는 얘기다.
요약하면 문 대통령은 김 위원장과 2박 3일 간의 “허심탄회한 대화“를 하고 나서, 큰 틀에서 '2차 북/미 정상회담 연내 종전 선언 영변 핵 시설 영구 폐기와 추가 핵 폐기 폐기 한미 등의 (추가) 상응 조처' 등으로 이어지는 '비핵화 상응 조처 프로세스 촉진 방안'을 제안한 셈이다.",16,1646
iks_doc_2018_hankyoreh_122,Hankyoreh 2018 total annotated text file unicode.txt,Hankyoreh,한겨레,2018,2018_multi_summit,신한용 개성공단기업협회장 “개성 공단 정상화 가능성 확실히 봤다“서울 도착 뒤 <한겨레>와 통화 “96% 재입주 희망 사실 전달했다“,,"남북 정상회담에 동행한 신한용 개성공단기업협회 회장은 20일 밤 <한겨레>와 통화에서 “이번 특별 수행단 참가의 가장 큰 성과는 개성 공단 정상화에 대한 가능성을 확실하게 봤다는 것이다.
대북 경제 제재만 해제되면 북쪽도 개성 공단 정상화를 우선적으로 원한다는 것을 북측 인사들에게서 확인했다“고 밝혔다.
잇어 “이번 평양 정상회담을 계기로 우리도 북측에 개성 공단 입주 기업인들의 조기 정상화를 바라는 의지를 확실하게 전달했다.
공단 재개하면 96%가 재입주를 희망한다는 사실도 전달했다“고 말했다.
그는 “매 순간 감동적인 장면이 많았다.
2007년도에 민간 교류 차원에서 평양을 가 보고 11년 만의 방문인데, 그동안 평양 시내 건물이나 사람들 모습이 많이 달라졌음을 느꼈다.
가장 인상적인 방문 지역을 하나 꼽으라면 역시 백두산이다.
나뿐만 아니라 다른 참가자들도 전체적으로 100점 만점에 90점 정도의 만족감을 느꼈을 것으로 본다“고 방북 소감을 밝혔다.
김종갑 한전 사장 “북쪽, 전력과 발전에 관심 많이 보여“도착 뒤 <한겨레>와 통화 “때 되면 서로 협력할 것이 많을 것 같다“?
남북 정상회담에 특별 수행단으로 동행한 김종갑 한국전력 사장은 20일 밤 <한겨레>와 통화에서 “2박 3일 간 북한 쪽의 여러 사람들과 만나 북한 경제와 산업의 현재 상황에 대한 얘기를 들을 기회가 많았다.
특히 북한 쪽에서 전력과 발전에 관심을 많이 보였다.
앞으로 북미 관계 진전에 따라서 때가 되면 서로 협력할 것이 많다고 느꼈다“고 말했다.
특히 김 사장은 “이번에 평양에 간 경제인 17명을 포함해 같이 간 각계각층의 특별 수행단 50여 명이 조만간 다시 만나 얘기를 나누는 모임 자리를 한 번 갖는 것이 좋겠다는 쪽으로 의견을 모았다“고 말했다.
김재현 산림청장 “북한 인구 밀집 지역 산림 훼손 심각“방북 뒤 귀국 김재현 청장 인터뷰 “대북 제재 부분 국제 사회 양해 구해야““백두산 가는 길 본 이깔나무 황홀“남북 정상회담 공식 수행원으로 동행했던 김재현 산림청장은 20일 귀국 직후 <한겨레>와의 인터뷰에서 “북한 주민 밀집 지역의 산림이 훼손된 상황이 눈에 띄었다“며 “연료, 식량 문제 등 북한 주민들이 겪고 있는 삶의 문제와 산림 황폐화가 직결돼 있는 것을 느꼈다“고 밝혔다.
잇어 그는 “(북한과의 산림 협력 사업은 구체적으로) 대규모 양묘장보다는 인구 밀접 지역 거점별로 군 단위 양묘장을 곳곳에 짓는 협력이 적합해 보이었다“고 말했다.
아울러 김 청장은 “백두산 장군봉까지 가는 길에 본 이깔나무, 자작나무 등이 웅장한 숲을 보며 황홀했다“고 소감을 전하기도 했다.
이번에 남북 정상이 합의한 평양 공동 선언에는 경제 교류 내용 가운데 하나로 '우선적으로 현재 진행 중인 산림 분야 협력의 실천적 성과를 위해 노력하기로 했다'는 내용이 포함됐다.
아래는 김 청장과의 일문 일답.
북한의 산림 상황은 어땠나?
“비행기를 타고 가면서 보니 인구 밀집 지역 같은 경우는 경작을 하면서 산림이 많이 훼손돼 있었다.
평양 주변부터는 나무 심기를 시작해서 좋아져 가고 있는 상황이었지만, 평양에서 좀 떨어진 외곽의 집단 취락 시설이 있는 지역 산림은 많이 사라진 상태더라.
오늘은 백두산에 가기 위해 삼지연공항 가는 길에 보니, 사람이 살고 있지 않은 고원 지역이나 이런 곳은 상태가 무척 잘 보존돼 있었다.
이런 곳은 생태 관광을 위한 보존 지역으로 활용하면 좋겠다고 생각했다.“
결국 인구 밀집 지역에 문제가 많다는 것인가?
“그렇다.
산림 협력 방안이 나무를 심는 것도 중요하지만 사람들의 삶의 방식을 어떻게 바꾸느냐와도 직결된다.
소득이나 식량, 산림을 영위하는 방식에 변화를 유도해야 한다.
결국 에너지나 식량 문제가 함께 가야한다고 생각했다.
에너지 정책의 경우, 우리처럼 중앙 집중형보다는, 거점 지역별로 분산형 에너지 시스템을 통해 스스로 자립할 수 있는 구조를 만들어 주는 것이 좋겠다고 생각했다.“
경제인들 양묘장 방문할 때는 동행했나?
양묘장 건설 협력도 필요한가?
“동행했다.
인민군이 운영하는 122호 양묘장을 방문했는데 50㏊(헥타르)에 주변이 150㏊ 정도로 굉장히 큰 규모였고 기술적으로도 앞서 있었다.
하지만 거기서 생산된 묘목들이 현지에 잘 심어지고 관리되는지가 문제다.
묘목을 옮기고 나무를 심고 정착할 수 있도록 관리를 해 주는 것, 여기 더해 재해 예방 부분까지 생겨나야 전체 시스템이 된다.
양묘장은 있는데 그런 시스템이 잘 돼 있는지는 의문이었다.
우리가 협력 할 수 있는 것ㄴ 그런 대규모 양묘장보다는 지역의 인구 밀접 지역 거점별로 군 단위 양묘장을 곳곳에 짓는 정도가 적합하지 않을까 고민을 해 봤다.
이번에 함께 양묘장을 방문한 최태원 에스케이(SK)회장이나 최정우 포스코 회장 등 경제인들도 산림 산업이 당장 이익은 남지는 않더라도 길게 보면 탄소 배출권 문제 등과도 연결된 사업이라는 점에서 큰 관심을 보이더라.
당장 각 기업이 투자하기 쉽지 않은 상황인 만큼 산림청이 민간 기업도 진출할 수 있는 플랫폼 역할을 해야한다고 생각한다.“
북 당국자들도 산림 협력을 강조하는 분위기던가?
“산림에 대해서는 북한 당국자들이 빨리 추진했으면 좋겠다는 이야기를 많이 했다.
다만 인식의 차이는 있다.
국제 제재 부분이다.
북쪽은 산림은 인도적 환경적 차원이니 일단 시작하자는 입장이었다.
하지만 우리는 앞서 말한 시스템을 만드는 과정에서 들어가는 재료나 자본 투입이 재제 대상이 될 수 있기 때문에 그 부분을 충분히 검토해야 하는 현실적인 여건이 있다.
인도적인 차원, 환경적 차원에서 의미가 있는 산림 산업에 대해서는 단순히 묘목 전달만이 아닌 시스템을 정비하는 부분까지 포괄적으로 제재가 해제되기를 바란다.
단순히 묘목만 공급하는 방식으로는 성과에 한계가 있을 것으로 본다.“
가장 인상 깊었던 부분은?
“무엇보다 황홀했던 것ㄴ 백두산이다.
북한에서 올라간 백두산은 너무 황홀했다.
삼지연공항에서 장군봉까지 40km 정도 되는데 그 사이 광활하게 펼쳐져 있는 이깔나무를 봤다.
우리나라에는 일본산만 남아 있는데 백두산에 토종이 있다.
그 나무를 봐서 너무 행복했다.
자작나무랄지, 분비나무들이 고도에 따라 달리 있는 것ㄹ 보면서 고원 지대의 백두산 숲이 너무 웅장해서 한반도를 품을 만큼 웅장하다는 느낌을 받았다.“",54,3065
iks_doc_2018_hankyoreh_123,Hankyoreh 2018 total annotated text file unicode.txt,Hankyoreh,한겨레,2018,2018_multi_summit,"군사 합의가 남쪽의 무장 해제? “유불리 따지는 것ㄴ '근시안' 주장“'군사 합의 불균형' 보수 쪽 주장 반박 “북쪽은 해안 선 270km 적용 받지만, 남쪽은 섬만 해당돼 100km 미만“비행 금지 구역은 남 정찰 능력 일부 제한 북은 유일 정찰 무인기 운용 불가",,"남북이 채택한 '역사적인 판문점 선언 이행을 위한 군사 분야 합의서'를 두고 일부 언론과 야당 정치권이 “우리만 일방적으로 무장 해제한 것“이라고 폄훼하며 흔들기에 나섰다.
국방부는 이를 조목조목 반박했다.
단기적 군사 대결을 넘어 남북이 평화를 향하는 여정에서 초보적 군비 통제의 첫걸음을 뗀 의미를 봐야 한다는 지적이 나온다.
김병준 자유한국당 비상 대책 위원장은 20일 비대위 회의에서 “(남북정상회담) 결과는 북핵 문제는 진전이 없고 우리 국방력은 상당히 약화시키고 정찰과 관련한 부분에서 눈을 빼 버리는 상황이 걱정이 된다“고 이번 합의를 비판했다.
앞서 전날 김성태 원내 대표는 “북한은 핵을 꼭꼭 숨겨 놓고 있는데 우리는 모든 전력의 무장 해제를 해 버리는 결과를 만들어 냈다“고 맹공했다.
몇몇 언론도 이날 “김정은 '핵 없는' 한마디에 공중 정찰 해상 훈련 포기““서해 완충 구역 황당한 불균형 사실상 '엔엘엘(NLL) 포기' 논란“등의 주장을 내세워 깎아내리기에 나섰다.
이들은 우선 서해 적대 행위 중단 구역(완충 수역)의 크기가 남북 간 불균형하다고 주장한다.
북방 한계선(NLL)을 기준으로 남쪽으로 85㎞에 이르는 수역이 포함된 반면, 북쪽으로는 50㎞까지의 수역만 들어가, 남쪽이 일방적으로 손해를 봤다는 것이다.
이에 대해 국방부는 “완충 수역 내 북쪽 해안포는 108문, 우리 쪽 해안포는 30여 문이고 황해도 인근 북쪽 경비정이 우리 쪽보다 몇 배 많다“며 군사력 면에서 북쪽이 더 불리하다고 반박했다.
국방부 당국자는 “북쪽의 해안 선은 270㎞가 완충 구역의 적용을 받지만 우리는 백령도 등 도서 지역만 적용되기 때문에 해안 선이 100㎞ 미만“이라고 덧붙였다.
이들은 '북방 한계선 포기' 주장도 내 놨다.
완충 구역 설정 때 북방 한계선이 기준선으로 적용되지 않았고, 완충 구역 설정으로 북방 한계선 방어 작전이 무방비 상태가 됐다는 것이다.
이에 대해 국방부는 “완충 구역은 과거 발생했던 무력 충돌의 재발을 막기 위해 설정한 것이어서 북방 한계선과는 무관하다.
또 북방 한계선 대비 작전은 현행대로 시행되기 때문에 북방 한계선을 포기한 것이 아니다“라고 반박했다.
군사 분계선(MDL) 남 북으로 20㎞(서부)~40㎞(동부) 이내의 상공에 비행 금지 구역을 설정한 것이 대북 정찰 활동에 부정적 영향을 끼칠 것이란 비판도 제기됐다.
현재 한미 연합 전력의 대북 공중 정찰 활동의 주력은 위성과 정찰기다.
남한의 무인 정찰기나 '새매', 'RF/16', '금강 백두 정찰기', 미국 공군의 'U/2' 등 정찰기는 가능한 한 군사 분계선 가까이 날아 가 북한 군의 동태를 살핀다.
비행 한계 선이 현재의 군사 분계선 인근 5마일(9.26㎞)에서 두 배 이상 확대되면 그 만큼 정찰 능력엔 제약 요인이 되지만, 북한 군은 애초 변변한 공중 정찰 자산이 없는 만큼 손해 볼 일이 거의 없다는 주장이다.
이에 대해 국방부 당국자는 “1만~2만 m 이상 고고도를 비행하는 정찰기는 거의 영향을 안 받는다.
한미 연합 전력은 3중 이상의 중첩된 대북 정찰 능력을 갖추고 있는데 이번 조처의 영향은 3중이 2중으로 되는 정도“라고 말했다.
대신 북한 군은 거의 유일한 공중 정찰 자산이었던 무인기를 운용할 수 없게 돼 대남 정찰 망이 완전 깜깜이가 된다고 이 당국자는 덧붙였다.
이번 남북 군사 합의를 둘러싼 이런 공방 자체가 근시안적이라는 지적이 제기된다.
단기적인 군사력 대결 차원에서 유불리를 따지는 것은 남북 간 군사 대결 구도의 지속을 전제하는 논린 반면, 이번 합의는 남북 군사 대결 구도 자체를 허물거나 적어도 약화시키자는 것인 만큼 한반도 평화 구축이라는 큰 흐름에서 봐야 한다는 것이다.
또 이번 합의로 남북 간 군사적 긴장이 완화되면 이는 북/미 간 핵 협상에도 도움이 된다는 분석도 나온다.
북한으로서는 핵 억제력에 의존해야 할 이유가 줄어 들기 때문이다.
군 당국자는 “군사력 우위나 억제력 확보가 전부는 아니다.
국가 안보에는 신뢰 구축과 긴장 완화로 위협을 줄이는 방안도 있다.
화해와 협력의 노정에 단기적인 전술적 유불리가 얼마나 의미가 있겠느냐“고 말했다.",28,2023
iks_doc_2018_hankyoreh_124,Hankyoreh 2018 total annotated text file unicode.txt,Hankyoreh,한겨레,2018,2018_multi_summit,"서울 도착 문 대통령, 2박 3일 방북 '대국민 보고' 곧 발표 저녁 7시께 도착 예상",,"남북정상회담을 위해 2박 3일 간 평양을 방문했던 문재인 대통령이 20일 서울에 도착하자마자 '대국민 보고' 자리를 갖는다.
윤영찬 청와대 국민 소통 수석은 이날 서울 동대문디자인플라자(DDP)에 마련된 남북정상회담 프레스 센터에서 브리핑을 열고 “문 대통령이 이곳 프레스 센터를 찾아 대국민 보고를 할 예정“이라고 밝혔다.
저녁 6시 18분께 성남 서울공항을 나선 문 대통령은 저녁 7시를 전후해 디디피에 도착해 2박 3일 간의 방북 성과를 보고할 것으로 예상된다.",3,261
iks_doc_2018_hankyoreh_125,Hankyoreh 2018 total annotated text file unicode.txt,Hankyoreh,한겨레,2018,2018_multi_summit,문 대통령 평양 방문 마치고 귀환,,"문재인 대통령이 20일 오후 5시 36분 2박 3일 동안의 평양 방문을 마치고 귀환했다.
문 대통령은 이날 오후 김 위원장과 함께 백두산 정상과 천지에 오른 뒤 삼지연공항에서 공군 2호기를 타고 성남 서울 공항에 도착했다.
미국 “북한과 즉각 대화 준비“폼페이오/비건 투트랙 가동 북/미 대화 선회한 미국 평양 선언 뒤 폼페이오 발빠른 성명 리용호와 뉴욕 유엔총회서 만나고 비건 특별 대표는 빈에서 실무 협상 북, 선언 외 '플러스 알파' 내놓은 듯 미 '비핵화 2021년 1 월까지' 수용 11월 중간 선거 앞 협상 성과 내면?
2차 북미 회담 종전 선언 급류 탈 듯 미국 정부가 “평양 남북정상회담의 성공“을 축하하며 북한과의 비핵화 협상을 즉시 재개하겠다고 밝혔다.
우선 다음 주 말께 뉴욕 유엔 총회에서 마이크 폼페이오 국무 장관과 리용호 북한 외무상이 만나고, 스티븐 비건 국무부 대북 정책 특별 대표와 '북한 대표'의 오스트리아 '빈 채널'이 열릴 것으로 보인다.
평양 공동 선언이 나온 지 하루 만에 북/미 대화가 급물살을 타며 '10월 2차 북/미 정상회담'과 '연내 한국전쟁 종전 선언'이 실현될 수 있을 것이란 관측에 힘이 실리고 있다.
폼페이오 장관은 19일 오후(현지 시각) 성명을 내 “미국은 문재인 대통령과 김정은 북한 국무위원장에게 성공적 정상회담 결과를 축하한다“고 밝혔다.
잇어 “문 대통령과 김 위원장이 미국과 국제원자력기구(IAEA) 사찰단의 참관 아래 영변의 모든 시설을 영구히 해체하는 것을 포함해 한반도의 완전한 비핵화에 대한 싱가포르 공동 성명을 재확인“하고 “동창리 미사일 시험장을 미국과 국제적 사찰단의 참관 속에서 영구 폐기하는 작업을 완료하겠다는 결정“을 한 것을 환영한다고 했다.
앞서 “엄청난 진전“이라고 밝힌 도널드 트럼프 대통령과 비슷한 평가다.
폼페이오 장관은 “미국은 북/미 관계를 전환하기 위한 협상에 즉시 참여할 준비가 돼 있다“며 폼페이오/리용호의 장관급 채널과, 비건 특별 대표가 북쪽 상대를 “가장 빠른 기회에“만나는 '빈 채널' 등 '투 트랙' 채널을 가동하겠다는 뜻을 나타냈다.
그는 일련의 대화가 “2021년 1월까지 완성될 북한의 신속한 비핵화 과정을 통해 북/미 관계를 변화시키는 계기가 되는 한편 한반도의 지속적이고 안정적인 평화 체제를 구축하기 위한 협상의 출발점이 될 것“이라고 했다.
'2021년 1월'은 트럼프 대통령의 4년 첫 임기가 끝나는 시점이다.
이는 김 위원장이 지난 5일 문재인 대통령의 대북 특별 사절단에게 밝힌 시간표를 미국이 수용했음을 뜻한다.
미국의 대응은 평양 공동 선언 발표 뒤 15시간 만에 나온 매우 빠른 움직임이다.
김 위원장이 육성으로 비핵화 의지를 밝히고, '상응 조처'를 내걸ㄴ 조건부지만 영변 핵 시설 영구 폐기 의사까지 밝힌 점을 평가했기 때문으로 보인다.
'플러스 알파'가 미국에 전달된 것 아니냐는 관측도 나온다.
폼페이오 장관의 성명에 나온 “영변의 모든 (핵)시설 해체에 미국과 국제원자력기구 사찰단 참관“이라는 말은 평양 공동 선언에는 없는 내용이다.
트럼프 대통령도 평양 공동 선언엔 담기지 않은 북한의 '핵 사찰 허용'을 트위터로 언급했다.
정의용 청와대 국가 안보실장은 평양 공동 선언을 설명하는 브리핑에서 “(남북 정상 간에) 공동 선언 내용 외에도 많은 논의가 있었다.
이를 토대로 다음 주 초 한/미 정상회담에서 비핵화 협상이 속도를 낼 수 있는 방안에 관해 심도 있는 논의가 가능해졌다“며 미 공개 합의가 있음을 암시했다.
미국을 신속히 움직이게 한 다른 주요 배경으로 11월 6일 중간 선거도 꼽힌다.
선거를 앞두고 큰 외교적 성과를 얻고 싶은 트럼프 대통령의 욕구가 속도전으로 이어졌다는 것이다.
이에 따라 북핵 협상은 뉴욕 유엔 총회를 계기로 25일 열릴 한/미 정상회담, 이어지는 북/미 외교 장관 회담, 조만간 예상되는 빈 실무 협상에서 재도약 여부가 판가름 날 것으로 보인다.
북한이 빈 실무 협상에도 응하면 북/미 협상 채널이 정상/장관/실무 라인까지 이어지며 강화되는 효과가 있다.
협상에선 북한이 요구하는 종전 선언 등 미국의 상응 조처, 북한이 언급한 영변 핵 시설 영구 폐기를 위한 로드맵 등과 관련된 구체적 논의가 치열하게 진행될 것으로 보인다.
그 성과에 따라 2차 북/미 정상회담과 종전 선언 연내 서명 등의 윤곽도 잡히게 된다.
북/미 관계에 밝은 서울의 외교 소식통은 “과거 협상에서는 영변 핵 시설의 동결 불능화 정도였지 영구 폐기까지 가 보지 못하았다.
'과거를 답습 않겠다'는 입장이 확고한 트럼프 행정부에 '영구 폐기'는 매력적인 유인책“이라고 말했다.
잇어 그는 “앞 뒤가 막혔던 상황에서 돌이 던져졌으니 이제 폐기의 시기, 범위, 방식, 검증 방법을 놓고 북/미가 협상할 것“이라고 내다봤다.
청소 노동자 운영 요원 정상회담 조명 뒤 그림자가 된 사람들 24시간 불 밝힌 서울 프레스 센터 운영 지원 요원 80여 명 묵묵히 제자리 식음료 판매처 온종일 북적거려 “역사 현장에 함께 있는 것 감동적“900여 석 행사장 청결 관리 청소 노동자 “휴식 공간 열악하지만 그래도 영광““이쪽으로 가시 면 됩니다.“'2018 남북정상회담 평양' 서울 프레스 센터가 위치한 동대문디자인플라자(DDP 디디피)에 들어가기 전 가장 먼저 만나는 사람은 프레스 센터 운영 요원 김유나(24)씨다.
김씨는 내외신 기자들이 프레스 센터로 출근하는 아침 7시부터 오후 4시까지 프레스 센터 방향을 가리키는 화살표 푯말을 들고 서 있다.
굽이굽이 구워진 형탠 동대문디자인플라자(디디피)에서 헤매는 사람들을 위한 안내다.
김씨는 “지금 아니면 경험할 수 없는 정말 뜻 깊은 자리“라며 상기된 얼굴로 말했다.
역사의 현장에서 기여하고 있다는 뿌듯함는 장시간 서 있어야 하는 다리의 통증을 잊게 만드는 힘이다.
서울 프레스 센터는 '24시간' 불이 켜져 있다.
취재 환경이 지극히 제한적인 평양 프레스 센터를 대신해 사실상 메인 프레스 센터 역할을 하는 서울 프레스 센터는 28개 나라, 309개 매체의 2690명의 기자가 종일 북적인다.
하지만 남북정상회담의 '최일선'에 선 프레스 센터에는 기자들만 있는 것이 아니다.
프레스 센터의 '24시간'에는 '역사의 순간'에 함께 한다는 자부심으로 모인 운영 지원 인력의 '보이지 않는 헌신'이 자리잡고 있다.
프레스 센터 내부로 들어오면 운영 요원 박재범(24)씨가 환하게 웃으며 반겨 준다.
박씨는 국제 행사의 '베테랑'이다.
지난 2014년 인천 아시안게임을 시작으로 2015년 광주 유니버사이드, 올해 평창 겨울 올림픽까지 국제 행사 운영 요원으로 20여 차례 일했다.
박씨는 지난 평창 겨울 올림픽을 경험한 것이 이번 정상회담 운영 요원에 지원하게 된 계기라고 한다.
“평창에서 선수들 약물을 검사하는 도핑 관리부에서 일해서 선수들을 비교적 가까이서 접했거든요.
아버지가 군인이라 북한 사람들에 대한 편견이 있었는데, 하키 단일팀을 보니 다 같은 사람이더라고요.“프레스 센터 곳곳에는 박씨처럼 각종 지원 업무를 맡고 있는 운영 요원 80여 명이 제자리를 지키고 있다.
“퇴근이 없지요.
언제 무슨 일이 터질지 모르니까.“
프레스 센터에서 사용되는 인터넷 방송 회선 등 통신망을 관리하는 문화 체육 관광부 박홍규(51) 사무관은 회담 기간 내내 프레스 센터 옆 호텔에서 묵었다.
오가는 사람들이 통신 장치에 물이나 커피를 쏟거나 갑자기 정전되는 등 돌발 상황에 대비하느라, 박 사무관은 종일 프레스 센터를 뛰어다닌다.
특히 이번 디디피 프레스 센터는 지난 '4.27 정상회담' 당시 프레스 센터가 설치된 킨텍스보다 장소가 좁아 자리 사이가 좁기 때문에 신경을 곤두세우고 있다고 한다.
정상회담을 준비하는 과정도 순탄하지 않았다.
회담 일정을 불과 하루 앞두고 선발대가 평양에 도착해 막판까지 북쪽 통신망이나 현장 상황을 정확히 파악하지 못한 탓이다.
“평양에서 안정적으로 통신망을 확보해야 영상이나 사진들이 이곳 프레스 센터로 제대로 전달될 턴데, 통신망의 안정성이 막판까지 확인이 안 되는 것이어요.
그나마 10여 년 전 평양 회담 경험이 있는 인력들은 이미 모두 현업을 떠난 상태고요.
마지막까지 긴장감을 놓을 수 없었지요.“
프레스 센터에서 가장 붐비는 곳 가운데 하나는 파리바게뜨 부스다.
프레스 센터 안에서 유일하게 식음료를 판매하는 곳이다.
파리바게뜨 부스도 프레스 센터와 마찬가지로 24시간 운용된다.
지난 4월에 잇어 이번 정상회담 부스에서 일하는 손도희(38)씨는 주문 물량을 추리고 전반적인 운영 계획을 짜는 일을 한다.
파리바게뜨 부스는 운영을 시작한 지난 17일부터 19일 오전까지만 1500여 명이 이용할 정도로 정신없이 바쁜 곳이다.
손씨는 “오전에만 커피가 300잔 정도 나가기 때문에 확실히 바쁘고 정신 없긴 한데 힘들다는 생각은 별로 안 들어요.
역사적인 순간을 현장에서 직접 보는 경험은 어디서 살 수 있는 것이 아니지 않아요“라며 웃었다.
10여 명의 청소 노동자들은 새벽 5시부터 오후 1시까지, 오후 1시부터 밤 9시까지 2 교대로 근무하며 프레스 센터의 청결도를 유지하고 있다.
900여 석이 있는 프레스석, 인터뷰 룸, 식음료 부스 등 모든 공간에서 나오는 쓰레기와 오물을 정리하는 것이 이들의 역할이다.
프레스 센터 청소 업체 담당자 이영재(36)씨는 “국무총리, 홍보 수석 등 고위 관료는 물론이고 외신 기자들도 드나드는 곳이기 때문에 다른 행사보다 위생에 철저히 신경 쓴다“며 “새벽 일찍부터 나와 힘들지만 깨끗한 프레스 센터를 보면 마음이 놓인다“고 말했다.
이씨는 '덕분에 쓰레기 관련 민원 없이 행사가 잘 진행되고 있다'는 행사 주최 쪽 문자 메시지를 보여 주며 뿌듯한 웃음을 짓어 보이었다.
깔끔한 행사장 방송 카메라 뒤 쪽 2평(6.6) 남짓한 공간에는 프레스 센터 청소 노동자들의 쉼터가 마련돼 있었다.
청소 용구가 놓여 있는 한 켠에 깔려 있는 종이 박스가 이들의 휴식 공간이었다.
청소 노동자 이 아무개(48)씨는 “휴식 공간이 열악하긴 하지만, 이런 공간 자체가 아예 없는 행사장도 많다“며 “찬 바닥에 종이 박스 위지만 잠깐이나마 눕ㄹ 수 있어서 감사하게 생각한다“고 말했다.
이씨는 “그보다 좀 있다가 문재인 대통령도 오실지 모른다는데 너무 영광스럽다“며 “깨끗한 프레스 센터를 보면 100 점을 맞은 기분“이라며 수줍게 웃었다.
북 선물 '송이버섯 2톤' 이산가족에 남쪽은 '홍삼' 선물 2000 2007년 남북정상회담 때도 송이버섯 전달 9월 평양 정상회담의 북쪽 선물은 자연산 '송이버섯'인 것으로 20일 확인됐다.
북쪽이 선물하는 송이버섯은 이산가족에게 전달될 예정이다.
규모는 2t 정도다.
송이버섯은 정상회담 때마다 북쪽의 단골 선물로 등장했다.
앞선 2000년과 2007년 남북정상회담 때도 김정일 국방위원장은 김대중 노무현 대통령에게 송이버섯을 선물했다.
2000년 당시 김대중 대통령은 북쪽에 진돗개 2마리와 텔레비전 등을 선물했다.
북쪽은 풍산 개 두 마리와 자연산 송이버섯을 남쪽에 전달했다.
또 같은 해 추석에는 특별기 편으로 송이버섯 3t를 남쪽에 보냈다.
2007년 정상회담 때에도 김 위원장은 노무현 대통령에게 함경 북 도 칠보 산에서 난 자연산 송이버섯 4t를 선물했다.
총 500 상자 규모였다.
한편 남쪽은 홍삼 등을 선물로 전달한 것으로 알려졌다.",80,5515
iks_doc_2018_hankyoreh_126,Hankyoreh 2018 total annotated text file unicode.txt,Hankyoreh,한겨레,2018,2018_multi_summit,"한국당 “이해찬, 핵 도발 자행한 북한 앞에서 우리 국민 모독“'정권 빼앗겨 11년 남북 관계 손실' 발언에 “국민이 선택한 정권 폄훼, 남 남 갈등 부채질““이명박 박근혜 정부는 단호 대응해 왔다“",,"자유한국당은 문재인 대통령과 함께 방북 중인 이해찬 더불어민주당 대표에 대해 “핵 도발 자행한 북한 앞에서 우리 국민 모독한 데 대해 사죄하라“고 밝혔다.
자유한국당 윤영석 수석 대변인은 20일 논평에서 “민주당 이해찬 대표의 '정권 빼앗겨 11년 간 남북 관계 손실' 망언에 경악을 금하지 못한다“며 이 같이 밝혔다.
전날 이해찬 대표는 김영남 북한 최고인민회의 상임 위원장을 만난 자리에서 “(2000년) 6.15 정상회담 하고 나서 (남북 관계가) 잘 나가다가, 노무현 대통령 때까지 잘 나가다가 그만 우리가 정권을 뺏기는 바람에 지난 11년 동안 아주 남북 관계 단절이 돼 가지고 여러 가지로 손실을 많이 봤다“고 말한 바 있다.
윤 수석 대변인은 “지난 과거 남북 관계가 어렵어진 책임은 전적으로 북한에 있다“며 “6.25 남침 이후 계속된 도발과 북한 핵 개발의 역사를 온 국민이 알고 있는데 이해찬 대표만 모르는 것이냐“고 되물었다.
윤 수석 대변인은 “1999년 제1차 연평 해전을 시작으로 2002년 제2차 연평 해전 등 김대중 노무현 정부 시절에도 북한은 각종 도발과 핵 실험을 일삼았고, 2008년 박왕자씨 피격 사건, 2010년 천안함 피격, 같은 해 연평도 포격 도발까지 숱한 북한의 도발에 무고한 우리 국민이 생명을 잃었다“고 나열했다.
그는 “김대중 노무현 정부는 막대한 거금을 지원해 북한의 핵무기 개발의 길을 터 줬다“며 반면 “이후 이명박 박근혜 정부는 북한의 도발이 있을 때마다 강경하고 단호하게 대응해 왔다.
국제 사회와 협력으로 국제 제재와 압박을 통해 북한이 핵 협상 테이블로 나오도록 만들었다“고 밝혔다.
그는 이해찬 대표를 향해 “집권 여당의 대표를 할 자격을 갖추고 있는지조차 의문스럽다“며 “북한의 도발에 희생당한 우리 국민과 그 피해자 가족의 마음에 비수를 꽂은 이해찬 대표는 본인의 발언에 대해 반성하고 우리 국민 앞에 머리 숙여 사죄해야 할 것“이라고 촉구했다.
같은 당 송희경 원내 대변인도 논평을 내 “북측 고위급 인사들을 만난 면전에서 대한민국 국민이 선택한 정권을 폄훼하고 나아가 국민 분열과 남 남 갈등을 부채질 하는 부적절한 언행까지 자행했다“며 이 대표를 비판했다.
송 원내 대변인은 “정권을 허락하고 정권을 뺏기게 하는 것도 국민이다“라며 “국민들은 지금 북한에서 진행되는 남북회담을 지켜 보며 평화, 비핵화 우선을 바라고 있고 김정은 정권 체제의 전략에 휘말려 우리 안보가 흔들릴 수 있다는 것을 걱정한다“고 밝혔다.
송 대변인은 “북한 1인 독재와 북한 주민 인권을 놓치고 있다는 점에 대해서 경각심을 갖고 두 눈을 크게 뜨고 지켜 보고 있다“며 “몽니와 망언이 반복될수록 이해찬 대표 스스로가 남북 관계 회복과 평화로 가는 큰 길에 방해자가 될 뿐임를 명심해야 한다“고 덧붙였다.
백두산 오른 남북 정상 “백두에서 해맞이, 한라에서 통일맞이“김정은 위원장 한라산 등정 성사되나 문 대통령 “서울로 오신다면 답해야“김영춘 장관 “답방 오시면 한라산 모셔야“김정숙 여사 물통에 한라산 물과 백두산 물 합수?
김정은 북한 국무위원장이 이르면 올해 안에 서울 '답방'에 나서기로 약속한 가운데, 서울 답방 시 한라산 등정이 포함될지 관심이 모인다.
20일 문재인 대통령과 김 위원장의 백두산 일정에서도 김 위원장의 한라산행은 남북 관계자들의 주요 대화 소재로 등장했다.
공식 수행단 중 한 명인 김영춘 해양 수산부 장관이 “이번에 (김 위원장이) 서울 답방 오시면 한라산으로 모셔야 되겠다“고 농담을 건네자 문 대통령은 “어제, 오늘 받은 환대를 생각하면, 서울로 오신다면 답해야겠다“고 말했다.
이에 송영무 국방부 장관도 “한라산 정상에 헬기 패드를 만들겠다.
우리 해병대 1개 연대를 시켜서 만들도록 하겠다“고 보태 일동의 웃음을 자아냈다.
여기에 화룡점정을 찍은 이는 김 위원장의 부인 리설주 여사다.
리 여사는 “우리나라 옛말에 '백두에서 해맞이를 하고, 한라에서 통일을 맞이한다'는 말이 있다“는 말로 묘한 여운을 남겼다.
문 대통령의 부인 김정숙 여사는 제주 한라산 물과 백두산 천지 물의 '합수'를 통해 다시 만날 날을 기약했다.
김 여사는 “한라산 물을 갖고 왔다.
천지에 가서 반은 붓고 반은 백두산 물을 담아 갈 것이다“라고 말했다.
실제로 김 여사는 물이 반쯤 들ㄴ 500ml 생수 병을 준비해 백두산 물을 담아 간 것으로 전해졌다.
앞서 오전 서울 중구 동대문디자인플라자(DDP) 남북정상회담 프레스 센터에서 열린 브리핑에서도 김 위원장의 한라산 답방에 이목이 집중됐다.
윤영찬 청와대 국민 소통 수석은 “김 위원장이 서울을 방문할 때 문재인 대통령과 한라산에 갈 수 있느냐“는 한 러시아 외신 기자의 질문에 “매우 좋은 아이디어 같다“고 말해 웃음을 자아냈다.",25,2322
iks_doc_2018_hankyoreh_127,Hankyoreh 2018 total annotated text file unicode.txt,Hankyoreh,한겨레,2018,2018_multi_summit,'위대한 당' 빠지고 '평양/부산,,"'빛나는 조국' 뭐가 달랐나 9.9절 원공연서 '체제 선전' 등 배제 '특별 장' 추가해 '통일 삼천 리'로 마무리 <노동신문> '빛나는 조국' 원제목 보도 안 해 19일 문재인 대통령이 김정은 북한 국무위원장과 함께 관람한 대집단 체조와 예술 공연은 지난 9.9절 때 북한이 처음 선 보인 공연 '빛나는 조국'과 비슷하면서도 달랐다.
드론을 띄워 '빛나는 조국' 글씨를 형상화하면서 기술을 자랑했지만 '우리에겐 위대한 당이 있네'와 같이 남쪽 보수 진영이 문제 삼을 만한 내용은 기존 공연과 달리 뺐다.
북한은 지난 9일 '조선민주주의인민공화국 창건 70돌'을 기념해 5년 만에 대집단 체조와 예술 공연 '빛나는 조국'을 선 보인 뒤 평양 능라도 5.1 경기장에서 장기 공연 중이다.
재일본조선인총연합회 기관지 <조선신보>는 '빛나는 조국' 소개 기사에서 “환영 장과 서장 '해 솟는 백두산', 제1 장 '사회주의 우리 집', 제2 장 '승리의 길', 제3 장 '태동하는 시대', 제4 장 '통일 삼천 리', 제 5 장 '국제 친선 장', 종장 '우리에겐 위대한 당이 있네'로 구성됐다“고 전한 바 있다.
'아리랑' 공연 이후 5년 만에 선 보인 대집단 체조와 예술 공연이었다.
19일 밤 공연은 달랐다.
1시간 반 가량 진행된 점은 비슷했지만, 기존 공연의 1~3 장 외에 '특별 장'으로 '평화, 번영의 새 시대' 공연이 새롭게 담겼다.
특별 장은 '제1경 겨레의 메아리, 제2경 푸른 하늘 푸른 꿈, 제3경 우리 민족끼리, 종장 통일 삼천 리'로 구성됐다.
기존 공연에서 체제 선전의 내용은 최대한 배제한 것이다.
문 대통령 부부 및 수행원을 위한 특별 공연이었던 셈이다.
두 정상이 앉은 관람석 위로는 한반도 기만 걸렸다.
특별 장 공연에서 북한의 혼성 중창단은 한국 가요를 연달아 선 보이며 방북단의 호응을 이끌어 냈다.
'울밑에선봉선화야', '고향의 봄', '홍도야우지마라' 등의 노래가 경기장에 울려 퍼졌고 김정숙 여사는 특히 '고향의 봄'에 큰 박수를 보냈다.
북한 공연단은 카드 섹션을 통해 기차를 형상화했고, 행선지는 '평양/부산'으로 표시됐다.
“문재인 대통령의 평양 방문을 열렬히 환영합니다“, “서로 잡은 손 놓지 말고 민족의 운명을 개척해 나가자“, “4.27 선언 새롭ㄴ 역사는 이제부터“등이 카드 섹션으로 펼쳐지자 관중은 연이어 환호했다.
'우리 민족끼리' 순서에서 문 대통령과 김 위원장이 4.27 정상회담 당시 군사 분계선에서 악수하는 장면과 두 정상이 4.27 선언에 서명하는 모습 등이 등장하자 15 만 관중들의 함성은 절정에 달했다.
드론을 띄워 하늘에 ‘빛나는 조국'을 수놓는 연출은 이번에도 등장했다.",17,1312
iks_doc_2018_hankyoreh_128,Hankyoreh 2018 total annotated text file unicode.txt,Hankyoreh,한겨레,2018,2018_multi_summit,그러나 북한의 <조선중앙통신>과 노동당 기관지 <노동신문>은 이날 문 대통령의 공연 관람을 보도하며,,"‘빛나는 조국'이라는 원제목을 아예 언급하지 않았다.
<노동신문>은 공연 관람 사진을 여러 장 싣으면서도 ‘빛나는 조국' 글씨의 드론 쇼 장면은 보도하지 않았다.
앞서 2007년 남북정상회담 당시 노무현 대통령이 평양에서 북한의 대집단 체존 '아리랑'을 관람한 것을 두고 남쪽에서 논란이 일었던 선례가 있다.
공연 내용 수정에 잇어 후속 보도까지 문 대통령의 귀환 뒤를 적극 배려한 조처로 보인다.",4,222
iks_doc_2018_hankyoreh_129,Hankyoreh 2018 total annotated text file unicode.txt,Hankyoreh,한겨레,2018,2018_multi_summit,"문 대통령 평양 연설에 여당 “꿈인가?“하태경도 “격한 전율“민주 박광온 “문 대통령, 늘 상대 자존감 세워“바른미래 하태경 “한반도 대전환 상징적 사건“",,"문재인 대통령의 '평양 연설'을 놓고 20일 정치권에서도 '감동'과 '감격'의 탄성이 쏟아졌다.
특히 바른미래당의 하태경 최고 위원은 “큰 감동이고 격한 전율“이라며 “한반도가 새롭ㄴ 시대로 대전환한다는 상징적인 사건“이라고 평가했다.
문 대통령은 평양 방문 이틀짼 19일 밤 김정은 북한 국무위원장과 함께 평양 능라도 5.1경기장을 찾아 15만 평양 시민을 향해 연설했다.
여당 의원들은 사회 관계 망 서비스(SNS) 등을 통해 감격스럽ㄴ 속내를 나타냈다.
박광온 민주당 최고 위원은 전날 트위터에 올린 글에서 “문재인 대통령은 늘 상대의 자존감을 세운다.
문 대통령의 위대함이다“라고 평가했다.
문 대통령이 연설에서 “이번 방문에서 나는 김 위원장과 동포들이 얼마나 민족의 화해와 평화를 갈망하는지 절실하게 확인했다.
어렵ㄴ 시절에도 자존심을 지키며 스스로 일어서고자하는 불굴의 용기를 봤다“고 말한 데 대한 평가다.
이학영 의원도 트위터에 “평양 시민들 앞에서의 문재인 대통령 연설을 듣다니, 이것이 꿈인가?“라며 “팔 천만 민족이 모두 바라보는 가운데 끊어진 혈맥을 다시 잇고 새롭ㄴ 미래로 나가자는 오늘의 선언, 다시는 역사를 되돌리지 말아야지“라고 적어 벅찬 감정을 드러냈다.
김태년 민주당 정책위 의장도 20일 정책 조정 회의에서 “어젯밤 15만 평양 시민 앞 문재인 대통령 연설은 8000 만 겨레에 큰 감동을 줬다.
'5000년을 함께 살았고 70년을 헤어져 살았는데 다시 함께 살아야 한다'는 메시지는 많은 국민의 눈시울을 젖게 했다“고 말했다.
송영길 의원도 트위터에 “어젯밤 15 만 평양 시민 앞에 문재인 대통령께서 핵과 핵 위협이 없는 한반도 시대를 직접 연설로 밝혔다“며 “감격스럽ㄴ 일“이라고 밝혔다.
자유한국당은 문 대통령의 연설에 대해 이렇다 할 반응을 내놓지 않은 가운데 바른미래당에선 긍정적 평가가 나왔다.
하태경 최고 위원은 “어젯밤에 문 대통령이 경기장에서 15 만 북한 주민에게 한 연설을 봤다“며 “큰 감동이다.
격한 전율이 몰려 왔다“고 밝혔다.
잇어 하 최고 위원은 “제가 기억하기론 과거 사회주의권 지도자도 그렇게 많은 주민들 앞에서 대중 연설을 한 적이 없다“며 “문 대통령의 연설은 한반도가 새롭ㄴ 시대로 대전환한다는 상징적인 사건“이라고 평가했다.
그러면서 “이 큰 변화의 물결에 우리 야당과 보수 진영이 함께 해야 한다.
시대가 크게 변하고 있는데 이 흐름과 함께 하지 않고 흐름을 방해하려고 한다면 역사의 대세 앞에 도태될 수밖에 없다“고 말했다.
이종철 바른미래당 대변인도 “문재인 대통령이 북한 동포들 앞에서 '새롭ㄴ 시대'를 선언하는 등 남북정상회담을 통해 이루어지고 있는 남북 간 큰 행보와 다양한 접촉을 의미 있게 평가하며, 김정은 위원장의 서울 답방 약속이 조속한 시일 내에 지켜지기를 바란다“고 논평을 냈다.",19,1387
iks_doc_2018_hankyoreh_130,Hankyoreh 2018 total annotated text file unicode.txt,Hankyoreh,한겨레,2018,2018_multi_summit,"한 번 더, 북/미 대화 불씨 살려 낸 '수석 협상가' 문 대통령 5월에도 남북정상회담 통해 '좌초 위기' 북/미 회담 성사 이번 방북 전 “북/미 대화 재개되면 그 자체가 큰 의미“",,"지난 5월 판문점 깜짝 정상회담을 통해 북/미 정상회담을 살려 냈던 문재인 대통령이 김정은 북한 국무위원장과의 평양 남북정상회담을 통해 다시 북/미 대화의 불씨를 지폈다.
도널드 트럼프 미국 대통령을 비롯한 미국 쪽은 일제히 남북 정상회담 성과를 반기며 동시다발적인 북/미 대화 재개를 선언했다.
문 대통령은 북/미 협상의 촉진 자자 '수석 협상가'로서의 녹록하지 않은 임무를 성공적으로 수행한 것으로 평가된다.
트럼프 대통령은 19일(현지 시각) 백악관에서 기자들과 만나 남북 정상이 합의한 9월 평양 공동 선언에 대해 “그들은 만났고 우리는 아주 좋은 반응을 얻었다“며 “북한, 한국에서 아주 좋은 소식이 있다“고 말했다.
그는 “우리는 북한과 관련해 엄청난 진전을 이루고 있다“며 김정은 위원장과 만날 것이라고 덧붙였다.
문 대통령과 김 위원장은 9월 평양 공동 선언 5조에서 “남과 북은 한반도를 핵무기와 핵 위협 없는 평화의 터전으로 만들어 나가야하며 이를 위해 필요한 실질적인 진전을 조속히 이뤄 나가야한다는 데 인식을 같이 했다“며 북한 동창리 엔진 시험장과 미사일 발사대를 유관국 전문가들 참관하에 우선 영구적으로 폐기하고 미국이 6.12 북미 공동 성명 정신에 따라 상응 조치를 취하면 영변 핵 시설의 영구적 폐기와 같은 추가적인 조치를 계속 취해 나갈 용의가 있다는 합의를 담았다.
문 대통령은 “조선 반도를 핵무기도 핵 위협도 없는 평화의 땅으로 만들기 위해 적극 노력하겠다“는 비핵화에 대한 김 위원장의 약속을 이끌어 냈다.
비핵화에 대한 김 위원장의 첫 육성 다짐이었다.
북/미 대화의 실무 사령탑인 마이크 폼페이오 국무 장관도 “문 대통령과 김 위원장이 미국과 국제원자력기구(IAEA) 사찰단의 참관 아래 영변 모든 시설을 영구히 해체하는 것을 포함해 한반도의 완전한 비핵화에 대한 싱가포르 공동 성명을 재확인한 것을 환영한다“며 “오늘 아침 리용호 북한 외무상에게 다음주 뉴욕(유엔총회)에서 만나자고 초청했다“고 말했다.
그는 스티븐 비건 미국 국무부 대북 정책 특별 대표와 북한 쪽 상대자가 오스트리아 빈에서 가능한 빨리 비핵화 실무 협상을 벌일 것이라고 덧붙였다.
지난달 말 폼페이오 국무 장관의 방북 무산 뒤 꽉 막혀 있던 북/미 대화가 문 대통령의 평양 방북으로 뚫린 셈이다.
문 대통령은 18일 방북길에 오르기 전 성남 서울공항에서 “이번 방북으로 북/미 대화가 재개되기만 한다면 그 자체가 큰 의미“라고 말한 바 있다.
방북 전날 남북정상회담 준비 위원장을 맡은 임종석 대통령 비서실장은 “비핵화라는 무겁ㄴ 의제가 정상회담을 누르고 있다.
(비핵화 의제로 인해) 이번 정상회담은 매우 조심스럽고, 어렵고, 어떤 낙관적 전망도 하기 어렵다“고 말했다.
그만큼 비핵화와 북/미 대화 중재가 난제였던 셈이다.
윤영찬 청와대 국민 소통 수석은 20일 동대문 디자인 플라자 프레스 센터에서 한 브리핑에서 미국 쪽의 환영 반응을 언급하며 “새롭ㄴ 시간이 시작되고 있다“고 말했다.
문 대통령은 지난 5월에도 김 위원장과의 깜짝 정상회담을 통해 좌초할 뻔 했던 북/미 정상회담을 건져 올렸다.
문 대통령은 5월 24일 트럼프 대통령이 전격적으로 북/미 대화 취소를 통보하자 이틀 뒨 26일 판문점 북쪽 지역 통일각에서 김 위원장과 두 번째 정상회담을 하고 북/미 대화를 되살렸다.
김 위원장은 문 대통령에게 “북/미 정상회담 성공을 위해 전쟁과 대립의 역사를 청산하고 평화와 번영을 위해 협력하겠다“는 약속을 받았고, 이를 즉시 미국 쪽에 전했다.
트럼프 대통령은 27일 “그것(6.12 북/미 정상회담 개최)은 바뀌지 않았다“며 “아주 훌륭하게 논의를 진행하고 있다“고 밝혔다.
미국 쪽은 이후 판문점과 싱가포르에서 북한과 투 트랙 실무 협상을 진행했다.
20일 귀환하는 문 대통령은 24일(현지 시각) 뉴욕 유엔총회 참석 계기로 트럼프 대통령과 만나 평양 남북 정상회담 결과를 설명하고 비핵화와 종전 선언에 관한 논의를 할 예정이다.
남북 정상, 천지 산책 백두산판 '도보다리 회담'?
장군봉서 케이블카 이용 천지로 이동 10시 20분께 천지 도착해 산책 시작 문재인 대통령과 김정은 북한 국무위원장이 20일 오전 10시 20분께 백두산 천지에서 동반 산책을 시작했다.
백두산판 '도보다리 회담'이 될 것으로 보인다.
평양 국제 공항에서 백두산 관광의 입군 삼지연공항까지 각각 전용기를 타고 온 남북 정상은 자동차편으로 장군봉에 도착한 뒤 백두산행 열차가 오가는 간이역인 '향도역'에 잠시 들렀다가 천지 산책을 시작했다고 청와대가 밝혔다.
앞서 문 대통령 부부는 2박 3일 평양 일정의 마지막 날인 이날 오전 6시 39분 숙손 백화원 영빈관을 떠나 7시 27분 평양 국제 공항에서 대통령 전용기(공군 2호기)를 타고 백두산 부근 삼지연공항으로 출발해 8시 20분 도착했다.
남쪽 수행원들은 고려항공 편을 이용한 것으로 전해졌다.
공항에서는 김 위원장 부부가 미리 도착해 문 대통령 부부를 맞이했다.
10분 동안 군악대와 의장대, 시민들의 환영식도 진행됐다.
남북 정상의 백두산 동반 방문은 문 대통령이 평양에 도착한 뒤 김 위원장이 제안하고, 문 대통령이 이를 수용하면서 전격적으로 결정됐다.
문 대통령은 백두산 등반을 마치면 삼지연공항에서 이날 늦은 오후 곧바로 서울로 돌아올 예정이다.
남북이 손 잡은 날, 경협 주가 하락한 3가지 이유 19일 코스피도 하락장 마감 문재인 대통령이 김정은 국무위원장과 평양에서 만나 '평양 공동 선언'을 발표하는 등 평화 분위기가 오르고 있지만, 남북 경협 주의 주가는 힘을 잃고 내려 갔다.
정치에 민감한 테마 주식인 경협 주가 힘을 잃은 이유는 뭘까?
20일 에스케이(SK)증권이 낸 '남북정상회담에도 경협 주가 상승하지 못한 이유' 보고서를 보면, 경협 주는 19일 평양 공동 선언이 발표된 직후 빠르게 상승하는 모습을 보였지만 다시 상승 폭을 모두 반납한 뒤 하락 마감했다.
이 증권사에서 경협 주로 분류한 44개 종목 가운데 19일 상승 마감한 종목은 3개에 불과했다.
또 전체 종목의 평균 수익률은 /3.8%이었다.
하인환 에스케이증권 연구원은 “경협 외에 영변 핵 시설 폐기 가능성, 무력 충돌 상황 방지를 위한 노력, 4차 정상회담 약속 등 코리아 디스카운트를 해소할 만한 굵직한 내용이 포함됐지만, 경협 주는 물론 시장 자체도 하락했다“고 분석했다.
보고서는 이를 3가지 이유로 정리했다.
첫째 새롭ㄴ 내용이 없었다.
동 서해안 철도 및 도로 연결과 개성 공단과 금강산 관광 사업을 정상화한다는 내용은 이미 1 2차 정상회담에서 추진하겠다고 했다.
주식 시장에선 이미 '개성 공단 관련주' 등으로 반응하고 있었다.
둘째 남북 경협 호재가 이미 주가에 반영됐을 가능성이 크다.
경협 주 44개의 시가 총액 합계는 올해 초와 견줘 63%나 증가했다.
연초 대비 100% 이상 상승한 종목도 12개나 된다.
보고서는 '손실 회피 편향' 개념을 들어 설명했다.
손실 회피 편향은 얻었을 때 만족감보다 잃었을 때의 손실감을 더 크게 평가하는 심리를 말한다.
연초 이후 급격히 오른 경협 주가 6월부터 하락하자 투자자들이 얼마나 상승했는지는 간과하고 있다는 설명이다.
마지막은 미국이다.
여전히 투자자들은 북미 관계에서 문제가 발생할 경우 또다시 충격을 받을 수 있다는 것을 염려하고 있다.
핵심 이슌 비핵화와 관련해서는 미국과 북한의 정상회담까지 지켜 볼 필요가 있다고 보고서는 전망했다.
평양 선언에 한국당 “진전 없어“바른미래 “긴장 완화“김병준 한국당 위원장 “정찰 관련 눈을 빼 버리는 상황“하태경 바른미래당 최고 위원 “북한 공격 가능성 훨씬 줄어“자유한국당과 바른미래당이 '9월 평양 공동 선언' 내용을 두고 입장이 엇갈렸다.
자유한국당은 “얻는 것 없이 퍼 주기“라고 비판한 반면 바른미래당은 “한반도 긴장 완화“라고 긍정적으로 평가했다.
20일 열린 자유한국당 비상 대책 위원회 회의에서 김병준 비대 위원장은 “(남북정상회담) 결과는 북핵 문제는 진전이 없고 우리 국방력은 상당히 약화시키고 정찰과 관련한 부분에 있어서 눈을 빼 버리는 상황이 걱정이 된다“고 말했다.
김성태 원내 대표도 “북한은 서해선 철도 도로 연결이나 개성 공단, 금강산 관광 사업 정상화, 서해 경제 공동 특구, 동해 관광 공동 특구, 2032년 하계 올림픽 공동 개최 유치 등 다 챙겼지만 미국이 끊임없이 요구해 온 것은 없다“고 말했다.
잇어 “사실상의 일방적 무장 해제를 하고 있는 군사 분야 합의서에 대해서 유감“이라며 “북은 핵을 여전히 손에 쥐고 있고 우리는 눈만 가리고 있으라는 것“이라고 덧붙였다.
자유한국당과 달리 바른미래당은 진전된 결과라고 평가했다.
김관영 원내 대표는 이날 열린 원내 정책 회의에서 “백 마디 말보다 실천이 더 중요하다“며 “군사적 긴장 완화 해소와 김정은 위원장의 서울 방문, 올림픽 공동 개최 추진 등 한반도 긴장 완화의 측면에서 평가할 만한 내용들이 담겼다고 본다“고 말했다.
잇어 “김정은 위원장의 의지를 육성으로 들었지만, 아직도 부족하다“며 “북한이 말이 아닌 행동으로 증명할 수 있도록, 정부도 노력하고 정치권도 초당적으로 노력해야 할 것이다“고 덧붙였다.
하태경 최고 위원도 “일부에서는 비핵화에 구체적인 성과가 없었다는 비판도 있지만, 그것은 트럼프 대통령에게 쓸 카드“라며 “트럼프 대통령에게 쓸 카드를 문재인 대통령에게 쓰지 않았다고 해서 이번 정상회담이 결코 과소 평가 돼서는 안 된다“고 말했다.
잇어 “남북 간 군사적 적대 행위를 해소하는 중대한 조치를 합의했다“며 “북한이 남한을 공격할 가능성은 이제 과거보다 훨씬 줄어 들었다“고 평가했다.
문 대통령 국정 지지율 59.4%로 급반등 남북정상회담 효과 리얼미터 조사, 지난주보다 긍정 평가 6.5%포인트 올라 부정 평가는 33.8%로 7.9%포인트 감소 국민 10명 중 6명은 '북한 비핵화 전 남북 교류' 찬성?
문재인 대통령의 국정 지지도가 남북 정상회담 효과로 크게 오른 것으로 나타났다.
여론 조사 기관 리얼미터가 <교통방송>(TBS) 의뢰로 17~19일 전국 성인 1505명을 대상으로 조사해 20일 발표한 결과(표본 오차 95% 신뢰 수준 2.5%포인트), 문 대통령의 9월 셋째 주 주중 국정 수행 긍정 평가는 59.4%로, 지난주보다 6.5%포인트 올랐다.
부정 평가는 33.8%로 지난주보다 7.9%포인트 내렸다.
거의 모든 지역, 연령, 이념 성향에서 일제히 오른 것으로 집계됐다.
리얼미터는 “평양 남북정상회담 하루 전인 17일은 국정 지지도가 53%이었는데, 문 대통령의 평양 도착에 잇은 북한의 이례적 환대가 보도됐던 18일은 57.7%, 평양 공동 선언 발표 및 남북 정상의 백두산 등정 계획이 알려졌던 19일은 61.4%로 집계됐다.
평양 남북정상회담의 효과로 급반등한 것“이라고 분석했다.
정당 지지도는 더불어민주당이 45.1%((4.6%포인트), 자유한국당 17.4%(/3.5%포인트), 정의당 8.2%(/2.2%포인트), 바른미래당 6%(/0.9%포인트), 민주평화당 2.7%(/0.3%포인트), 무당층 19.2%(/2.4%포인트) 순이었다.
한편 리얼미터가 <교통방송>(TBS) 의뢰로 19일 전국 성인 501명을 대상으로 '북한의 비핵화 이전 남북 교류 협력 확대'에 대한 의견을 묻은 결과, 응답자의 58.6%가 찬성하고 29.1%는 반대 의견을 낸 것으로 나타났다.
모름 무응답은 12.3%이었다.
자세한 여론 조사 사항은 리얼미터나 중앙선거여론조사심의 위원회 홈페이지를 참조하면 된다.
'등산 덕후' 꿈 이뤄 준 김정은, 사실 그도 백두산을 좋아한다 고비 때마다 백두산 찾는 김정은 위원장?
김일성 항일 무장 투쟁 근거지 김정일 생가도 있어 '백두산 칼바람 정신' 강조로 3 대 세습 약점 보완?
20일 아침 문재인 대통령과 김정은 북한 국무위원장이 백두산 남쪽 장군봉에 오른 가운데 김 위원장의 '백두산 사랑'이 관심을 모은다.
김 위원장은 대내외적으로 주요 고비가 있을 때마다 백두산 정상에 오르는 것으로 알려져 있다.
두 정상의 백두산 방문은 '북쪽을 통해 백두산에 오르고 싶다'는 문 대통령의 오랜 바람에서 비롯됐지만, 정치적으로 보면 백두산은 두 정상의 이해가 맞닿는 지점이기도 한 것이다.
두 정상의 이번 백두산 방문은 문 대통령이 평양에 도착한 뒤 김 위원장이 제안한 것으로 알려졌다.
앞서 4월 27일 판문점 평화의 집에서 열린 정상 만찬에서 문 대통령이 “내가 오래 전부터 이루지 못한 꿈이 있는데 바로 백두산과 개마고원을 트레킹하는 것“이라고 밝힌 데 따른 것이다.
김 위원장에게도 백두산은 고비 때마다 자주 찾는 곳으로 알려져 있다.
김 위원장이 양복에 구두 차림으로 백두산에 올라 현지를 시찰하거나 호방하게 웃는 모습이 담긴 사진은 북한 조선중앙통신을 통해 국내에도 종종 보도됐다.
김일성 주석의 직계 가족을 일컫는 '백두 혈통' 출신인 김 위원장이 백두산을 아끼는 것은 당연한 이치다.
북한은 백두산이 김일성의 항일 무장 투쟁 근거지며, 김정일 국방위원장이 여기서 태어났다고 주장한다.
양강도 삼지연군 백두산 밀영에는 귀틀집으로 된 김정일 생가가 있다.
김정은의 '데뷔'도 백두산과 함께였다.
'김정은 시대'를 공식 선언한 2011년 12월 22일 북한 노동당 기관지 <로동 신문> 사설을 보면 로동 신문은 김 위원장을 “백두산이 낳은 또 한 분의 천출 위인“, “우리에게는 또 한 분의 태양“이라고 부르며 백두산, 태양 등으로 상징되는 김일성 일가의 '정당성'을 강조하고 있다.
김 위원장의 백두산 사랑은 선댄 김일성 주석과 김정일 국방위원장보다 유별나다.
그는 2014년 이후 '고난의 행군'형 캠페인인 '백두산 칼바람 정신'을 강조하기 시작했다.
로동 신문을 통해 “나는 일이 힘들고 생각이 많아질 때면 백두산에 와서 수령님에 대한 추억도 하고 수령님께서 백두 밀림에서 개척하신 주체의 혁명 위업을 끝까지 완성할 굳은 각오도 다지곤 합니다“(2015년 9월 29일)라고 밝히기도 했다.
그해 신년사에서도 “백두의 혁명 정신, 백두의 칼바람 정신은 부닥치는 애로와 난관을 맞받아 뚫고 나가는 완강한 공격 정신이며 백 번 쓰러지면 백 번 다시 일어나 끝까지 싸우는 간결한 투쟁 정신“이라고 강조한 바 있다.
김 위원장이 선대보다 유독 백두산 정신을 강조하는 것은 3 대 세습의 약점을 백두산의 호연지기를 통해 메우려는 것이라는 평가가 나온다.
김 위원장은 또 백두산 일댄 삼지연군 개발에도 공을 들이고 있다.
김 위원장은 2016년 '삼지연군 꾸리기'를 3~4년에 완료하라고 지시한 바 있으며, 올해 신년사에서도 이를 중요 건설 사업의 하나로 거론했다.
지난해 북한의 대외 선전 매체 '우리민족끼리'는 “백두 대지가 끓는다“이라는 제목의 영상물에서 선댄 김정일 위원장의 고향을 삼지연군이라고 직접 언급하며 김정은의 고향을 삼지연군으로 공식화한 것으로 전해진다.
지난 7월에도 삼지연군 건설 현장 및 생산 현장을 찾아 신속한 건설과 함께 백두산 지구 생태 환경 보존을 강조한 바 있다.
김종대 “북은 전방 GP 철수어서 더 불리한데도 합의“라디오 방송에 출연해 군사 합의에 대해 “북이 더 양보““서해 완충 구역, 북은 내륙과 인접해 걸려 있는 이익 커“김종대 정의당 의원이 9월 평양 공동 선언에 대해 “미국이 빠진 남북한 간 종전 선언이라 봐도 무방하다“며 “평화 협정의 서문을 쓴 것“이라고 말했다.
김 의원은 20일 오전 <와이티엔>(YTN) 라디오 '김호성의출발새아침' 인터뷰에서 “이제 이 정도의 적대 관계 해소를 위한 구체적인 노력이 있다면 종전 선언에 버금가는 수준이고, 나중에 미국이 들어오면 남북미 3자 종전 선언이 완성되는 것이다.
3자 종전 선언이 된다면 그 다음 단계 평화 협정의 서문을 다 쓴 것이다.
한반도 평화로 가는 구체적 이미지가 형성되기 시작했다“고 말했다.
김 의원은 “이번에는 과거 우발적 충돌을 방지하는 합의와 다르다.
앞으로 적대 행위 자체를 중지하기 위한 구체적인 실천 방안과 방향을 담았다“며 “이번 합의로 적대 행위 자체가 종식되는 것이 아니라 그런 과정을 천명한 것이다.
앞으로 남북군사공동위원회 운영에 최종적인 성패가 달려 있다“고 말했다.
우리 쪽이 더 많이 양보한 군사 합의였다는 지적에 대해 김 의원은 “북한이 더 양보한 것“이라고 평가했다.
서해 완충 구역 설정에서 북방 한계선 기준 우리 쪽 영역이 더 넓다는 지적에 대해 김 의원은 “우리는 서북 해역 5개 섬의 안전과 공동 어로만 보장한다면, 북한 깊숙이 들어가 있는 지금의 분쟁 수역이 우리는 그 이상의 국가 이익이 없다.
북한은 내륙과 인접한, 평양에 들어가는 관문에 해당하는 수역이기 때문에 걸려 있는 이익이 크다.
이런 비대칭성 때문에 이 정도 합의면 북한이 상당히 한 발 양보한 것으로 볼 수 있다“고 말했다.
비무장 지대 내 경계 초소(GP) 시범 철수 합의에 대해서도 김 의원은 “우리는 전방 GP가 아니라 후방의 GOP 개념으로 경계 작전을 하는데 북한은 전방 GP 개념으로 경계 작전을 해 왔다“면서 “GP를 많이 설치하고 비무장 지대 안으로 들어와 작전하는 개념의 군대가 철수하는 것이니 우리는 큰 변화가 없어도 북한은 변화가 크다.
이것도 북한에 매우 불리한 의젠데도 불구하고 북한이 적극적으로 나왔다는 것은 적대 관계 전환에 대한 의지가 있는 것“이라고 말했다.
핵 리스트 공개 등 비핵화 조처에 대한 구체적인 방안이 빠졌다는 지적에 대해선 “미국은 북한 핵 리스트를 신고하고 그것ㄹ 사찰 받는 것을 원한다.
북한은 체제 보장 신뢰를 확인하기 전에 핵 리스트를 공개할 수 없다.
이 부분은 북미 간 협상의 여지로 남겨 놓은 것 같다.
논의가 있었음에도 합의문에 남기지 않은 것이다.
속 빈 강정이 아니라 속이 안 보이는 것“이라고 말했다.
김 의원은 “일단 문재인 대통령은 김정은 위원장의 비핵화 진정성을 전달하는 수순으로 중재하고, 그다음 북미 간에는 이번에 초보적인 사찰 조치(동창리 핵 발사장에 전문가 참관)와 미사일 핵 폐기장 공개 조치를 했으니 이것과 종전 선언을 등가 교환하고 그 바탕 위에서 핵 리스트 신고 사찰 문제를 협의하자는 순서로 진행된다.
북한은 실무 회담을 많이 해도 안 되니 정상회담으로 먼저 신뢰를 구축하고 핵 폐기 문제를 논의하자는 입장으로 갈 것 같다“고 말했다.",115,8885
iks_doc_2018_hankyoreh_131,Hankyoreh 2018 total annotated text file unicode.txt,Hankyoreh,한겨레,2018,2018_multi_summit,"문 대통령, 백두산 산행 뒤 삼지연공항서 바로 성남공항으로 귀국 “문 대통령, 삼지연서 오찬, 평양으로 다시 이동 안 해“",,"북한을 방문 중인 문재인 대통령이 20일 김정은 북한 국무위원장과의 백두산 방문을 마친 뒤 삼지연공항에서 곧장 비행기를 타고 귀국 길에 오른다고 청와대가 밝혔다.
윤영찬 청와대 국민 소통 수석은 이날 서울 동대문디자인플라자(DDP)에 마련된 프레스 센터에서 브리핑을 하고 이 같이 전했다.
윤 수석은 “문 대통령은 오늘 오전 8시 30분 백두산 장군봉을 향해 출발했고, 트레킹을 마친 후에는 삼지연에서 오찬 한 뒤 오후에 성남공항에 도착할 예정“이라고 설명했다.
윤 수석은 애초 “문 대통령이 평양 국제 비행장으로 귀환한 뒤 성남공항으로 올 것“이라고 브리핑했으나, 이후 “문 대통령과 수행원들은 평양으로 다시 이동하는 것이 아니고 삼지연공항에서 바로 성남공항으로 돌아오게 된다“고 정정했다.
윤 수석은 “현지 상황에 따라 출발 시간이 조정될 수 있다“고 덧붙였다.
한편 윤 수석은 '문 대통령이 귀국 후 서울 프레스 센터를 방문할 가능성도 있느냐'는 질문에는 “가능성도 있지만 그렇지 않을 수도 있다“며 “문 대통령이 성남공항에 도착하는 즉시 확인해 알려 드리겠다“고 답했다.
문 대통령 국정 지지율 59.4% 6주 간 하락세 끊고 급반등 전날 일간 지지율 61.4% 지난달 6일 이후 처음 60%대 회복 민주 45.1% 한국 17.4% 정의 8.2% 바른미래 6.0% 평화 2.7% 문재인 대통령의 국정 지지율이 6주 간의 하락세를 마감하고 60% 선 가까이 반등했다는 여론 조사 결과가 20일 나왔다.
리얼미터가 TBS 의뢰로 지난 17 19일 전국 성인 남녀 1천 505명을 대상으로 조사한 결과(95% 신뢰 수준에 표본 오차 2.5% 포인트), 문 대통령의 국정 지지율은 9월 2주 차 주간 집계 대비 6.3%포인트(p) 오른 59.4%를 기록한 것으로 나타났다.
'국정 수행을 잘 못 하고 있다'는 부정 평가는 7.9%p 내린 33.8%로 집계됐다.
'모름 무응답'은 1.6%p 증가한 6.8%이었다.
문 대통령의 지지율은 지난 14일 일간 집계에서 52.2%를 기록한 후, 평양 남북정상회담 하루 전인 17일 53.0%로 올랐고 문 대통령의 평양 도착에 잇은 이례적 환대가 보도된 18일에는 57.7%로 크게 상승했다.
김정은 북한 국무위원장과의 백두산 등정 계획이 보도된 19일에는 61.4%로 올랐는데, 이는 지난달 6일(63.2%) 이후 일간 집계로는 처음으로 60%대를 회복한 것이다.
리얼미터는 “평양 남북정상회담의 효과로 급반등한 것“이라고 분석했다.
정당 지지도에서도 여당인 더불어민주당은 9월 2주 차보다 4.6%p 오른 45.1%를 기록, 7월 2주 차(45.6%) 이후 두 달 만에 처음으로 45%대를 회복했다.
반면 자유한국당은 3.5%p 내린 17.4%로, 지난 2주 간의 상승세가 끊기면서 10대 후반으로 하락했다.
정의당 역시 2.2%p 내린 8.2%로, 한 주 만에 다시 하락세로 돌아섰다.
바른미래당은 0.9%p 떨어진 6.0%, 민주평화당은 0.3%p 상승한 2.7%로 조사됐다.
자세한 조사 개요와 결과는 리얼미터 홈페이지나 중앙선거여론조사심의 위원회 홈페이지를 참고하면 된다.
북 언론, 남북정상회담 “평화 번영 열ㄹ 이정표 “김정은 서울 답방 “약속“<조선중앙통신>, <노동신문> 등 대대적 보도?
북한 언론이 평양에서 열린 남북 정상회담의 소식을 상세히 전하는 보도를 연일 쏟아 냈다.
특히 전날 체결된 '9월 평양 공동 선언'(평양 선언)의 내용을 구체적으로 전하며 “평화와 번영을 여는 중요한 이정표“라고 의미를 부여했다.
북한 <조선중앙통신>(이하 <중통>)은 20일 기사 7개를 한꺼번에 쏟아 내며 전날인 19일 있었던 남북 정상회담 둘째 날 소식을 대대적으로 전했다.
북한 노동당 중앙 위원회 기관지 <노동신문>은 전체 6개 면 가운데 4개 면을 할애해 관련 내용을 보도했다.
이 매체들은 백화원 초대소 영빈관에서 열린 회담 내용을 전하며 두 정상이 “판문점 선언을 정확히 이행해 나가려는 쌍방의 의지를 다시금 확인“하고 이를 “실행해 나가는 데서 견지해야 할 중요한 문제들과 구체적인 대책 안들을 정립“했으며 남북이 취할 “몇 가지 실천적 조치들에 대해 합의“했다고 보도했다.
잇어 두 지도자가 “화해와 협력의 시대에 부응하고 오늘의 관계 발전을 확고하게 담보하는 조치들을 계속 취해 나가기 위한 방도적 문제들“을 논의했다고 전했다.
<중통>은 김정은 위원장이 문재인 대통령과 함께 “민족 자주 원칙에 기초해 북남 관계를 전면적으로 발전시켜 나가기 위한 실천적 대책들에 대해 의논하고““군사 분야의 합의서를 채택했으며““조선 반도를 핵무기도 핵 위협도 없는 평화의 땅으로 만들기 위해 적극 노력해 나가기로 확약한 데 대해 강조“했다고 보도했다.
또 김 위원장이 “각계각층의 래왕과 접촉, 다방면적인 대화와 협력, 다양한 교류“를 위한 “구체적 방도를 (문 대통령과) 협의“한 사실도 전했다.
특히, 김 위원장이 문 대통령에게 “서울을 방문할 것을 약속“한 내용도 전했다.
이 매체는 평양 선언의 의미를 “4.27 판문점 선언을 전면적으로 충실히 이행해 북남 관계 발전을 더욱 가속화하며 민족의 화해 단합과 평화 번영의 새롭ㄴ 전성기를 열어 나가는 데서 중요한 이정표로 된다“고 짚었다.
<중통>은 평양 선언의 부속 합의선 군사 분야 합의서가 체결된 내용도 기사에 담았다.
다만, 평양 선언의 부속 합의서로 송영무 국방부 장관과 노광철 인민 무력상이 서명한 군사 분야 합의의 구체적인 내용을 전하지는 않았다.
대신 평양 선언 전문을 매체에 싣었다.
문 대통령의 발언 내용도 비교적 상세히 나왔다.
이 매체는 문 대통령이 “한반도에서 전쟁을 일으킬 수 있는 모든 위험을 없애기로 합의한고 '남북군사공동위원회'를 가동해 합의 사항의 이행을 위한 상시적 협의를 진행하기로“했다는 내용뿐 아니라 “한반도의 완전한 비핵화를 위해 국제 사회와 긴밀하게 협의하고 협력“한다는 내용도 보도했다.
“민족 경제를 균형적으로 발전시키기 위한 실질적인 대책을 취하기로 한 데 대해 강조“했다고 전했다.
이 매체는 두 정상이 “대집단 체조와 예술 공연“을 관람한 대목에서 올해 대집단 체조와 예술 공연의 제목인 ‘빛나는 조국'이라는 말을 쓰지 않았다.
실제 공연 내용이 문 대통령을 위해 변경됐기 때문이기도 하지만, 자칫 문 대통령이 북한의 체제 선전물을 관람했다는 비난을 받지 않도록 세심히 배려한 것으로 풀이된다.
이 매체는 “평양을 방문한 문재인 대통령을 환영하는 특별 장이 펼쳐졌다“며 “판문점 상봉의 순간 순간을 수록한 녹화 편집물이 4.27의 거대한 의의를 다시금 새겨”줬다고 묘사했다.
특히 문재인 대통령이 평양 시민들에게 인사말을 한 내용을 전하며 “진심 어린 고마움의 인사를 전하면서 남북 관계를 전면적으로 발전시켜 평화적 미래를 앞당겨 나갈 의지를 피력“했다고 보도했다.
문 대통령과 김 위원장이 이날 오찬과 만찬을 함께 한 내용도 별도의 기사로 다뤘다.",40,3364
iks_doc_2018_hankyoreh_132,Hankyoreh 2018 total annotated text file unicode.txt,Hankyoreh,한겨레,2018,2018_multi_summit,"문 대통령, 8시 20분 백두산 부근 도착 김 위원장이 마중 문 대통령, 오전 6시 39분 숙소서 전용기 이동 김 위원장, 삼지연공항서 문 대통령 부부 맞이 “삼지연공항서 성남 서울공항으로 바로 귀경“",,"문재인 대통령과 김정은 북한 국무위원장이 20일 아침 백두산 근처 삼지연공항에 도착했다.
문 대통령은 2박 3일 평양 일정의 마지막 날인 이날 오전 6시 39분 숙손 백화원 영빈관을 떠나 7시 27분 평양 국제 공항에서 대통령 전용기(공군 2호기)를 타고 백두산 부근 삼지연공항으로 출발해 8시 20분 도착했다고 청와대는 밝혔다.
남쪽 수행원들은 고려항공 편을 이용한 것으로 전해졌다.
공항에서는 김 위원장 부부가 미리 도착해 문 대통령 부불 맞이했다.
10분 동안 군악대와 의장대, 시민들의 환영식도 벌어졌다.
남북 정상의 백두산 동반 방문은 문 대통령이 평양에 도착한 뒤 김 위원장이 제안하고, 문 대통령이 이를 수용하면서 전격적으로 결정됐다.
문 대통령은 백두산 등반을 마치면 삼지연공항에서 곧바로 서울로 돌아올 예정이다.",7,407
iks_doc_2018_hankyoreh_133,Hankyoreh 2018 total annotated text file unicode.txt,Hankyoreh,한겨레,2018,2018_multi_summit,"폼페이오 “북한과 즉각 대화 준비 2021년 1월까지 비핵화“/평양 남북정상회담 관련 성명 발표/ “정상회담 축하 북 비핵화 약속 재확인 환영 다음 주 뉴욕에 리용호 북한 외무상 초청 스티븐 비건 특별 대표와 빈 회동도 북에 제안“? 트럼프 대통령 “김정은 위원장과 만날 것… 남북한에서 좋은 소식, 엄청난 진전 이루고 있어“",,"미국 정부가 평양 남북정상회담의 성공을 공식적으로 축하하고, 북한과 비핵화 협상을 즉시 재개할 준비가 됐다고 밝혔다.
다음 주 뉴욕 유엔총회 계기에 마이크 폼페이오 국무 장관과 리용호 북한 외무상의 만남을 제안하는 한편, 스티븐 비건 국무부 대북 정책 특별 대표와 북쪽 인사들의 오스트리아 빈 회동도 조속히 추진하겠다고 밝혔다.
마이크 폼페이오 미 국무 장관은 19일(현지 시각) 오후 성명을 내 “미국은 문재인 대통령과 김정은 북한 국무위원장에게 평양에서의 정상회담 결과에 대해 축하한다“고 밝혔다.
폼페이오 장관은 “우리는 문 대통령과 김 위원장이 미국과 국제원자력기구(IAEA) 사찰단의 참관 아래 영변의 모든 시설을 영구히 해체하는 것을 포함해 한반도의 완전한 비핵화에 대한 싱가포르 공동 성명을 재확인한 것을 환영한다“고 말했다.
그는 잇어 “우리는 김 위원장이 최종적이고 완전하게 검증된 북한의 비핵화(FFVD)를 향한 조처 차원에서 이미 발표한 대로 동창리 미사일 시험장을 미국과 국제적 사찰단의 참관 속에서 영구 폐기하는 작업을 완료하겠다는 결정을 한 데 대해 환영한다“고 덧붙였다.
폼페이오 장관은 “이 같은 중요한 약속들에 기반해, 미국은 북/미 관계를 전환하기 위한 협상에 즉시 참여할 준비가 돼 있다“고 밝혔다.
그는 구체적으로 “오늘 아침 카운터 파튼 리용호 외무상을 다음 주 뉴욕에서 만나자고 초청했다.
나와 리 외무상 모두 이미 (뉴욕) 유엔총회에 참석하기로 계획돼 있던 상황“이라고 말했다.
폼페이오 장관은 또 “마찬가지로, 우리는 스티븐 비건 대북 정책 특별 대표와 오스트리아 빈에서 가능한 한 빨리 만날 것을 북한의 대표자들에게 요청했다“고 밝혔다.
빈에는 국제원자력기구 본부가 자리하고 있다.
그는 “이는 2021년 1월까지 완성될 북한의 신속한 비핵화 과정을 통해 북/미 관계를 변화시키는 한편 한반도의 지속적이고 안정적인 평화 체제를 구축하기 위한 협상의 출발점이 될 것“이라고 말했다.
김 위원장은 지난 5일 문재인 대통령의 대북 특별 사절단에게 “도널드 트럼프 대통령 첫 임기 내 비핵화하겠다“는 의지를 밝혔다.
트럼프 대통령의 첫 임기가 이때까지다.
이에 따라 지난 8월 말 미국이 폼페이오 장관의 4차 방북을 전격 취소하면서 정체됐던 북/미 대화가 급속도로 불붙게 됐다.
이르면 미국 중간 선거 전인 10월에 2차 북/미 정상회담이 이루어질 것이라는 관측도 나온다.
앞서 트럼프 대통령은 이번 남북정상회담 결과에 대해 “아주 좋은 소식“이라며 김 위원장과 곧 만나겠다고 밝혔다.
그는 이날 오전 백악관에서 기자들과 만나 “우리는 북한, 한국으로부터 아주 좋은 소식을 들었다.
그들은 만났고 좋은 반응을 얻었다“며 회담 결과를 반겼다.
트럼프 대통령은 또 “나는 김정은으로부터 엄청난 서한을 받았다.
여러분 아시다시피 그것은 3일 전에 배달됐다“며 “우리는 북한과 관련해 엄청난 진전을 이루고 있다“고 강조했다.
다만 '3일 전 서한'이 백악관이 지난 10일 공개한 '2차 북/미 정상회담 요청' 친서를 가리키는 것인지, 별도의 친서를 또 받았다는 것인지는 불확실하다.
트럼프 대통령은 “내가 대통령이 되기 이전에 우리는 북한과 전쟁을 치르게 될 것처럼 보였다.
지금은 많은 진전을 이뤘다.
인질들이 돌아왔고 유해들이 송환됐다.
계속 송환되고 있다“고 했다.
또 “따라서 많은 엄청난 일들이 일어나고 있다.
그러나 가장 중요한 것은 미사일 실험도 핵 실험도 없다는 것이다.
그들은 올림픽 (공동)유치도 하려고 한다.
아주 좋은 일들이 많이 일어나고 있다“고 했다.
그는 “내가 취임하기 전에 많은 사람은 우리가 불가피하게 북한과 전쟁을 하게 될 것으로 생각했다.
지금은 적어도 개인적 기반에서 볼 때 관계가 좋다.
매우 진정됐다.“고 말했다.
트럼프 대통령은 '김 위원장이 영변 핵 시설 폐기의 조건으로 상응 조처를 요구한다'는 질문에 “그가 무엇을 살펴보는 것인지 볼 것이다.
지켜 보자“라며 “그 사이 우리는 대화하고 있다.
진정됐다.
그도 진정됐고 나도 진정됐다.
그러니 무슨 일이 일어날지 지켜 보자“고 말했다.
그는 '김정은과 곧 만날 것이냐'는 질문에 “우리는 그럴 것“이라고 답했다.",38,2037
iks_doc_2018_hankyoreh_134,Hankyoreh 2018 total annotated text file unicode.txt,Hankyoreh,한겨레,2018,2018_multi_summit,"미, 북과 즉각 협상 “빈에서 빨리 봅시다“핵 담판 급물살 탈 듯 “트럼프 임기 2021년 1월 내 비핵화 완성“폼페이오 “평양 정상회담 성공 축하 북 리용호 내주 뉴욕서 만나려 초청“'비핵화/평화 체제 협상' 개시 공식화",,"미국은 19 일(현지 시간) 평양에서 열린 제3차 남북정상회담의 성공을 축하하며 도널드 트럼프 대통령의 첫 임기(2021년 1 월) 내 비핵화 완성을 목표로 북미 간 근본적 관계 전환을 위한 협상에 즉시 착수하겠다고 밝혔다.
이와 관련, 미국은 스티븐 비건 국무부 대북 정책 특별 대표와 북한 카운터 파트 간 비핵화 협상을 국제원자력기구(IAEA) 본부가 있는 오스트리아 빈에서 될 수 있는 한 빨리 시작하자고 북측에 제안했다.
북측이 이에 응해 '빈 채널'이 가동되면 비핵화와 평화 체제를 양대 축으로 한 북미 협상이 본궤도에 올라 한반도 정세가 새롭ㄴ 전기를 맞을 전망이다.
마이크 폼페이오 미국 국무 장관은 이날 발표한 성명을 통해 “미국은 문재인 대통령과 김정은(북한 국무) 위원장에게 평양에서의 성공적 회담 결과에 대해 축하의 뜻을 전한다“며 이러한 입장을 밝혔다.
남북 정상의 공동 기자 회견 및 '9월 평양 공동 선언' 발표 한 시간 만인 이날 오전 0시경 이루어진 트럼프 대통령의 환영 트윗과 '엄청난 진전이 있다'는 트럼프 대통령의 이날 오전 발언에 잇어 북미 협상을 총괄해 온 폼페이오 국무 장관이 3차 남북정상회담의 성과를 인정하며 북미 협상 개시를 공식화한 것이다.
폼페이오 장관은 “우리는 문 대통령과 김 위원장이 미국과 IAEA 사찰단의 참관 아래 영변의 모든 시설을 영구히 해체하는 것을 포함, 한반도의 완전한 비핵화에 대한 싱가포르 공동 성명을 재확인한 것을 환영한다“고 말했다.
잇어 “우리는 김 위원장이 최종적이고 완전하게 검증된 북한의 비핵화(FFVD)를 향한 조치 차원에서 이미 발표한 대로 동창리 미사일 시험장을 미국과 국제적 사찰단의 참관 속에서 영구 폐기하는 작업을 완료하겠다는 결정을 한 데 대해 환영한다“고 덧붙였다.
그러면서 FFVD가 김 위원장이 6.12 싱가포르 북미정상회담 당시 트럼프 대통령과 합의한 내용이라고 거듭 강조했다.
폼페이오 장관은 성명에서 “이 같은 중요한 약속들에 기반해 미국은 북미 관계를 전환하기 위한 협상에 즉각 참여할 준비가 돼 있다“며 “오늘 아침 카운터 파튼 리용호 외무상을 다음 주 뉴욕에서 만나자고 초청했다.
나와 리 외무상 모두 이미 (뉴욕에서 열리는) 유엔총회에 참석하기로 돼 있던 상황“이라고 말했다.
그는 특히 “우리는 스티븐 비건 대북 정책 특별 대표와 오스트리아 빈에서 가능한 한 빨리 만날 것을 북한의 대표자들에게 요청했다“며 IAEA 본부가 위치한 상징성이 있는 빈에서 북한의 비핵화를 위한 실무 협상을 진행하겠다는 구상을 밝혔다.
폼페이오 장관은 이번에 가동될 '빈 채널'과 관련, “이는 2021년 1월까지 완성될 북한의 신속한 비핵화 과정을 통해 북미 관계를 변화시키는 한편 한반도의 지속적이고 안정적인 평화 체제를 구축하기 위한 협상의 출발점이 될 것“이라고 말했다.
그는 트럼프 대통령의 첫 임긴 2021년 1월까지 비핵화를 완성한다는 시간표와 관련, 김 위원장이 약속한 내용이라고 거듭 강조했다.
앞서 김 위원장은 이달 초 방북한 문 대통령의 대북 특사단과 면담한 자리에서 '트럼프 대통령의 첫 임기 내 비핵화' 시간표를 언급했다고 특사단이 전한 바 있다.
폼페이오 장관의 이날 발언은 단순한 협상 재개 차원을 넘어 6.12 싱가포르 북미정상회담에서 채택된 공동 성명의 합의 사항을 구체화함로써 70년 간의 북미 간 적대 관계 청산을 종착지로 비핵화와 평화 체제 프로세스에 본격 들어가겠다는 청사진에 따른 것으로 보인다.
지난달 24일 트럼프 대통령의 폼페이오 장관 방북 무산 발표 이후 롤러코스터를 겪어 온 북미 대화가 문 대통령 대북 특사단의 방북과 평양 남북정상회담 등을 거치며 본격화하며 급격한 국면 변화가 이루어지게 된 셈이다.
폼페이오 장관이 이날 협상 개시를 선언하면서 언급한 '비핵화'와 '북미 관계 변화', '평화 체제 구축'은 싱가포르 공동 성명의 합의 사항인 북미 간 새롭ㄴ 관계 수립 한반도의 지속적이고 안정적인 평화 체제 구축 ▲ 4.27 판문점 선언 재확인 및 한반도의 완전한 비핵화와 일치되는 것이기도 하다.
나머지 합의 사항인 한국전 참전 유해 송환은 지난 8월 1일 55구의 하와이 도착을 시작으로 첫 발을 뗀 바 있다.
북미 간 대화 국면 급전환과 맞물려 트럼프 대통령과 김 위원장 간 2차 북미정상회담 개최 문제도 탄력을 받을 전망이다.
트럼프 대통령은 이날 기자들과 만나 김 위원장과 곧 만날 것이냐는 질문에 “우리는 그럴 것(We will be)“이라고 밝혔다.
이에 앞서 백악관은 지난 10일 “김정은 국무위원장이 트럼프 대통령에게 보낸 4차 친서에서 2차 북미정상회담을 요청했고, 백악관은 이에 대해 조율 작업이 진행 중“이라며 2차 북미정상회담 추진을 기정사실화한 바 있다.
이에 따라 북미 간 2차 정상회담이 10월 개최 방안을 포함, 조기에 가시화할 가능성이 제기된다.",22,2364
iks_doc_2018_hankyoreh_135,Hankyoreh 2018 total annotated text file unicode.txt,Hankyoreh,한겨레,2018,2018_multi_summit,"남북 정상 백두산 출발 문 대통령, 6시 39분 숙소 나서 김 위원장 동반 방문 제안을 문 대통령 수용 삼지연공항까지 전용기 이동 후 차량 이용할 듯",,"2박 3일 일정으로 평양을 방문 중인 문재인 대통령이 20일 숙손 백화원 영빈관을 떠나 백두산으로 출발했다.
백두산 방문에는 김정은 북한 국무위원장이 동행한다.
전날까지 김 위원장과의 두 차례 정상회담으로 '9월 평양 공동 선언'을 발표한 문 대통령은 이날 오전 6시 39분 백화원 영빈관을 떠났다.
평양 순안공항(평양국제비행장)에 도착한 문 대통령은 공군 1호기 대신 물품 수송을 위해 북한에 들어가 있는 공군 2호기를 타고 삼지연공항까지 이동한 다음, 차를 타고 정상인 장군봉까지 향한다.
날씨가 좋으면 내려오는 길에 천지까지 갈 수 있다고 청와대는 설명했다.
공식 특별 수행원도 고려항공 민항기를 타고 백두산 방문에 동행한 것으로 전해졌다.
이번 백두산 동반 방문은 문 대통령이 평양에 도착한 뒤 김 위원장이 제안한 것으로, 문 대통령이 이를 수용하면서 전격적으로 결정됐다.
문 대통령은 애초 백두산 등반을 마치면 삼지연공항에서 곧바로 서울로 올 것으로 알려졌으나 계획을 바꿔 다시 평양으로 돌아와 공군 1호기를 타고 귀환할 전망이다.
JSA 완전한 비무장화 민간인도 북쪽 구역 자유 왕래 한다 '비무장 지대를 평화 지대로' 합의 무장 해제한 민사 경찰이 경비 10월부터 지뢰 제거 화력 없애 남북 GP 22 곳 연말까지 철수 상호 1㎞ 이내 근접 초소 대상 한국전 격전지 화살머리 고지서 내년 4월부터 공동 유해 발굴 남북 군사 당국이 '완전 무장 상태'인 현재 한반도 비무장 지대(DMZ)를 평화 지대로 만드는 데 전격 합의했다.
비무장 지대에서 상대를 향해 총을 겨누고 있는 '감시 초소'(GP 지피)를 없애기로 했다.
총을 들ㄴ 군인이 아니라 무장 해제한 민사 경찰(DMZ police)이 판문점 공동경비구역(JSA)을 지키기로 했다.
남과 북은 비무장 지대에 묻혀 있는 한국전쟁 전사자의 유해를 함께 발굴한다.
비무장 지대에서 남북 지피 22 곳 사라진다? 송영무 국방장관과 노광철 인민 무력상이 서명한 '역사적인 판문점 선언 이행을 위한 군사 분야 합의서'의 2조 1항에는 “쌍방은 비무장 지대 안에 감시 초소(GP)를 전부 철수하기 위한 시범적 조치로 상호 1㎞ 이내 근접해 있는 남북 감시 초소들을 완전히 철수하기로 했다“고 나와 있다.
궁극적인 목표는 비무장 지대 안 모든 감시 초소를 없애는 것이지만, 일단 시범적으로 올해 12월 31일까지 서로 거리가 1㎞ 정도밖에 떨어져 있지 않은 서부 중부 동부의 지피 각 11 곳, 모두 22 곳을 철수할 계획이다.
이들 감시 초소 사이 거리는 불과 580~1060m로 가깝다.
우발적인 사고가 발생할 가능성이 높다.
실제로 여태까지 남북 지피 사이에서 발생한 무력 충돌은 80여 차례나 된다.
국방부 당국자는 “지피에서는 24시간 상대를 향해 장전한 총을 조준하고 있다“며 “탄창을 갈아 끼우다가 우발적으로 상대의 지피를 타격 하는 경우가 있고, 이에 상대도 같이 사격을 해 오인 사격이 교전으로 이어지는 경우가 많다“고 했다.
철수 대상에 오른 지피 가운데는 3년 전 '목함 지뢰 사건'이 발생한 지점 인근에 있는 문산 지역 지피 한 곳도 포함됐다.
2015년 8월 4일 경기도 파주 비무장 지대에서 남쪽 군인 2명이 북한 군이 물어 놓은 것으로 추정되는 목함 지뢰를 밟아 각각 발목과 다리를 잃었다.
사고 발생 지점은 북쪽 감시 초소에서 불과 930m, 남쪽 초소에서 750m 떨어진 곳이었다.
남북이 비무장 지대에서 감시 초소를 순차적으로 철수해 나간다는 것은 이런 비극적인 사고가 재발하지 않도록 하겠다는 의지의 표명이다.
철수는 모든 화기 장비 철수 근무 인원 철수 시설물 완전 파괴 상호 검증 등 네 단계로 진행된다.
판문점 견학 때 '북쪽 땅' 밟을 수 있다?
앞으로는 판문점 공동경비구역을 방문하는 남과 북, 그리고 외국인 관광객이 남쪽, 북쪽 구역을 가리지 않고 자유롭게 돌아다닐 수 있게 될 전망이다.
현재 판문점을 방문하는 관광객은 자유의 집 등 남쪽 구역만 돌아볼 수 있지만, 남북이 19일 판문점 공동경비구역을 비무장화하기로 합의함에 따라 앞으로는 남북, 유엔 군사령부 군인은 물론 일반인 관광객도 북쪽 구역을 돌아볼 수 있게 된다는 얘기다.
판문점 안에서만은 군사 분계선이 사라지는 셈이다.
이를 위해 남북은 일단 '남북 유엔사 3자 협의체'를 구성해 한 달 동안 판문점 공동경비구역을 비무장화하기 위한 일련의 조치를 할 예정이다.
오는 10월 1일부터 20일 안에 공동경비구역 안 지뢰를 제거한 뒤 5일 안에 쌍방 초소, 인원, 화력 장비를 철수한다.
불필요한 감시 장비는 치우기로 했다.
비무장화 조치가 모두 완료되면 1953년 정전 협정 합의대로 공동경비구역에 주둔하는 병력은 각각 35명이 넘지 않게 된다.
현재 남북 경비 병들은 공동경비구역에서 권총만 허용되는 규정을 어긴 채 소총, 기관총 등으로 무장하고 있지만, 앞으로는 권총도 차지 않는 완전 비무장 상태로 경비를 선다.
왼쪽 팔뚝에는 '판문점 민사 경찰'이라는 노랗ㄴ 완장을 찬다.
또 북한에서 판문점으로 진입하는 길목에 있는 '72시간 다리' 양쪽 끝과 판문점 남쪽 지역 진입로 일대에는 남북 각각 초소를 만들어 가까이에서 근무하기로 했다.
한국전쟁 격전지에서 남북 함께 전사자 찾는다? 남북은 한국전쟁 당시 격전지였던 '화살머리 고지'에서 공동 유해 발굴을 하는 데 합의했다.
시범 발굴은 내년 2월 말까지 160~200명 규모의 공동 유해 발굴단을 구성한 뒤 내년 4~10월 진행한다.
남북 공동 유해 발굴이 남북미 3자 협력 사업으로 이어질지도 주목된다.
문재인 대통령은 지난 6월 12일 도널드 트럼프 미국 대통령과 한 통화에서 남북미 공동 유해 발굴 추진 의사를 밝힌 바 있다.
국방부는 비무장 지대 안 공동 유해 발굴이 “'비무장 지대 평화 지대화'의 실질적 조치로 판문점 선언과 센토사 합의를 동시에 이행한다는 점에서 의미가 있다“고 평가했다.
강원도 철원에 있는 화살머리 고지는 한국전쟁이 멈추기 직전인 1953년 국군과 중공군이 2주 동안 치열한 고지 쟁탈전을 벌인 지역이다.
국방부는 이곳에 국군(200여 구), 미군 프랑스군(100여 구)뿐 아니라 다수의 북한 군, 중공군 유해가 매장돼 있다고 추정한다.
남북은 공동 유해 발굴 지역에 있는 양쪽 감시 초소, 장애물을 모두 철수하고 10~11월 지뢰와 폭발물을 각각 제거하고 연내 12m 폭 도로를 만들기로 했다.",42,3103
iks_doc_2018_hankyoreh_136,Hankyoreh 2018 total annotated text file unicode.txt,Hankyoreh,한겨레,2018,2018_multi_summit,"군사 분계선부터 5㎞ 내 포병 사격 기동 훈련 전면 중지 판문점 선언 이행 '군사 합의서' 서명 육 해 공 적대 행위 중지 위해 우발 충돌 막는 완충 구역 설정 동해 속초~통천, 서해 덕적도~초도 포 사격 기동 훈련 멈추고 포문 폐쇄 군사 분계선 상공 비행 금지 구역은 전투기 20~40㎞, 헬기 10㎞로 확대 3 단계 축소했던 작전 수행 절차도 육 해상 5 단계, 공중 4 단계로 환원",,"송영무 국방부 장관과 노광철 인민 무력상이 19일 지상과 해상, 공중 등 모든 공간에서 일체의 적대 행위를 전면 중지하는 내용이 담긴 '역사적인 판문점 선언 이행을 위한 군사 분야 합의서'에 서명함로써 남북 간 우발 충돌을 막고 군사적 긴장을 완화할 새 역사가 시작됐다.
이번 합의서는 육상과 해상, 공중의 완충 구역 설정 및 확대, 비무장 지대(DMZ) 지역의 지피(감시 초소 GP) 철수 등 포괄적이고도 구체적인 군사 조치를 담고 있다.
남북 간 신뢰 구축 조치를 포함한 낮은 단계의 운용적 군비 통제 방안들이다.
향후 구조적 군비 통제나 군비 감축 등으로 이행하기 위한 디딤돌 구실을 할 것으로 보인다.
남북은 이번에 합의된 조치를 이행하고 협의하기 위해 '군사공동 위원회'를 가동하기로 했다.
군사공동 위원회는 1992년 남북기본합의서에서 합의됐지만, 실제 구성되진 못하았다.
군 당국자는 “이번에 92년 군사 공동위를 복원한 것“이라며 “어떻게 구성해 언제 가동할지는 협의를 더 해야 한다“고 말했다.
지상: 군사 분계선 5㎞ 안쪽 훈련 금지 남북은 11월부터 군사 분계선으로부터 5㎞ 안쪽에서는 포병 사격 훈련 및 연대 급 야외 기동 훈련을 전면 중지하기로 했다.
정전 협정상 군사 분계선 남북 2㎞ 지역은 비무장 지대다.
여기에 남북으로 3㎞ 지역을 우발 충돌을 막을 완충 지역으로 확충한 것이다.
국방부는 자료에서 이 지역을 중심으로 “정전 협정 체결 이후 총 96회의 상호 총 포격 도발이 발생했다“며 “군사력이 집중된 군사 분계선상의 실질적 군사적 긴장 완화에 기여할 것“으로 전망했다.
군 당국은 또 야외 기동 훈련이 군사 분계선 5㎞ 외부 지역에 있는 전방 연대 예비 대대 위주로 이루어지기 때문에 전방 연대의 야외 기동 훈련 등이 우리 군의 군사 대비 태세에 미치는 영향은 미미하다고 밝혔다.
해상: 덕적도~초도 완충 수역 설정 바다에도 11월부터 동 서해 북방 한계선 주변에 완충 수역이 설정된다.
동해는 속초 통천 사이에 남북으로 80㎞에 이르는 수역이며, 서해는 덕적도~초도 사이의 135㎞ 수역이다.
이들 수역에서는 포 사격 및 해상 기동 훈련이 중지되고 해안포와 함포의 포구 포신 덮개 설치 및 포문 폐쇄 조치가 취해진다.
북방 한계선 인근 수역은 실제 남북 함정 간 교전이 발생한 곳이다.
서해에서만 1999년 6월 제1 연평 해전 이후 2010년 11월 연평도 기습 포격까지 전사자만 54명이 발생했다.
군 당국은 이번 조처로 동 서해 해역에서 모든 포성이 사라질 것이라고 기대하고 있다.
이번 합의로 연평도 등에 주둔하는 병력의 포 사격 훈련은 제3 군사령부 예하 사격장에 와서 하게 된다.
국방부는 이번에 합의된 완충 수역이 남북 간 비슷한 면적이라고 밝혔다.
국방부 당국자는 “서해의 군사력만 보면 북쪽이 남쪽보다 해안포 수에서는 4배, 함정 수에서는 6배 더 많이 적용을 받는다.
남쪽이 군사적으로 더 유리한 합의“라고 말했다.
또 이번 합의에도 북방 한계선 일대의 일상적인 경계 작전 및 어로 보호 조치 등은 현행대로 유지된다고 국방부가 밝혔다.
공중, 군사 분계선 20 40㎞ 비행 금지 구역 설정 군사 분계선 상공에는 비행 금지 구역이 확대된다.
현재 남쪽 공군은 군사 분계선 이남 5마일(9.26㎞)까지 비행 금지 구역으로 설정한 유엔 군사령부 규정을 준수해 왔다.
이 규정은 자칫 항공기가 군사 분계선을 넘을 가능성을 차단하기 위한 조치다.
이번 합의로 비행 금지 구역은 전투기와 같은 고정익 항공기의 경우 군사 분계선 남북으로 20㎞(서부)40㎞(동부) 떨어진 지역에 설정된다.
헬기와 같은 회전익은 10㎞, 무인기는 10㎞(서부)15㎞(동부)에 설정된다.
서부 지역이 동부 지역보다 더 좁게 설정된 것은 휴전선에서 서울까지 거리가 40㎞로 가깝기 때문이다.
국방부 당국자는 “서부의 비행 금지 구역이 동부처럼 40㎞로 설정되면 서울 이북의 영공이 무방비가 될 수 있다“고 말했다.
다만 민간 항공기 운항이나 산불 진화, 환자 후송 등 위급 상황의 비행은 예외로 인정된다.
이번 비행 금지 구역 확대에 대해선 남쪽 정찰기들의 휴전선 인근 비행이 제한됨에 따라 대북 정찰 활동에 부정적인 영향을 미치는 것 아니냐는 우려가 나온다.
이에 대해 국방부 당국자는 “한미의 대북 감시 능력은 이런 정도 조치에 영향을 받을 수준을 넘어섰다.
한미의 군사 대비 태세에 큰 영향이 없다“고 해명했다.
5 단계 공통 작전 수행 절차 적용 남북은 우발 충돌 위험을 줄이기 위해 공통된 작전 수행 절차를 적용하기로 합의했다.
지상과 해상에선 경고 방송 2차 경고 방송 경고 사격 2차 경고 사격 군사적 조치 등 5 단계로, 공중에선 경고 교신 및 신호 차단 비행 경고 사격 군사적 조치 등 4 단계로 하기로 했다.
이는 현재 3 단계로 축소됐던 남쪽 육해군의 대응 절차를 5 단계로 되돌리는 의미를 지닌 것으로 풀이된다.
애초 해군은 서해 해상에서 5 단계 대응 절차(경고 방송 시위 기동 차단 기동 경고 사격 격파 사격)에 따라 작전을 수행했다.
그러나 2002년 6월 제2차 연평 해전에서 윤영하 소령 등 6명의 장병이 전사한 뒤 대응 절차가 3 단계(경고 방송 경고 사격 격파 사격)로 단순화됐다.
육군도 비무장 지대 등에서 접근하는 북한 군을 상대로 경고 방송 경고 사격 조준 사격의 3 단계로 대응해 왔다.
이번 조처는 신중한 군사적 대응으로 우발 충돌 가능성을 줄이려는 의도로 풀이된다.",41,2649
iks_doc_2018_hankyoreh_137,Hankyoreh 2018 total annotated text file unicode.txt,Hankyoreh,한겨레,2018,2018_multi_summit,김 위원장 서울 올 때 육로로 와서 워커힐 호텔 묵나 비행기는 공해 지나야 해 안전 우려? 워커힐 호텔 경호 적합한 환경,,"김정은 북한 국무위원장이 이르면 올해 안에 서울에 오겠다고 19일 밝히면서 김 위원장의 숙소와 경로, 방문 장소 등에 관심이 쏠린다.
통일부 장관을 지낸 정세현 한반도평화포럼 이사장은 김 위원장이 답방할 경우 서울 광진 구 워커힐 호텔에서 묵을 가능성이 높다고 예상했다.
정 이사장은 이날 <한겨레>와의 통화에서 “북한 인사들이 서울을 방문하면 워커힐 호텔에서 많이 묵었다“며 “출입구가 두 곳밖에 없어 경호 차원에서 적합하고, 회담 장소가 될 가능성이 높은 청와대까지는 헬기로 이동하면 된다“고 말했다.
지난 2월 평창 겨울 올림픽 개막식 참석을 위해 방한한 김여정 노동당 제 1 부부장이나 이후 방한한 김영철 노동당 부위원장 등도 워커힐 호텔에서 묵었다.
한 북한 전문가도 “워커힐 호텔이 경호는 물론 거기까지 이동하는 동안 한강을 따라 서울의 발전상을 보여 주기에도 좋다“고 말했다.
반면 임을출 경남대 교수는 “오히려 전혀 알려지지 않은 공간에서 묵을 수도 있다“고 말했다.
이 밖에 지난해 11월 도널드 트럼프 미국 대통령이 방한 때 머물ㄴ 용산 구 그랜드하얏트 호텔이나 2014년 시진핑 중국 주석이 머물ㄴ 신라 호텔 등도 후보로 꼽힌다.
김 위원장이 서울에 오는 경로는 항공보다 육로가 될 것이라는 전망이 많았다.
정 이사장은 “불편할 수 있지만 기차로 (파주시) 도라산 역에 도착해 다시 서울역까지 오면 상징성이 커질 수 있다.
그와 달리 자동차를 이용할 수도 있다“고 말했다.
또 다른 북한 전문가도 “비행기는 공해로 나가야 돼 안전 문제가 있어 육로를 이용할 가능성이 높다“고 했다.
김 위원장의 방문 장소도 여러 곳이 꼽힌다.
정 이사장은 “최근 완공된 송파 구 롯데월드 타워 전망 대에서 서울 시내 전경을 보여 줄 수도 있다“고 했다.
남북경제문화협력 재단 관계자는 “김 위원장이 경제에 관심이 많아 삼성전자 수원 사업장이나 판교 테크노밸리 등을 방문할 수도 있다“고 전망했다.
문재인 대통령이 이번 방북에서 백두산에 가는 만큼 김 위원장이 서울에 올 경우 헬기 등을 타고 제주도 한라산을 방문해 '백두에서 한라까지'의 상징적 장면을 만들어 내는 등 전혀 의외의 일정이 추가될 가능성도 있다.
백두산 정상에서 '파격 회담 '도보다리 명장면 재연한다 깜짝 성사된 백두산 '친교 등반' “김 위원장 제안, 문 대통령 수용“? 삼지연공항~장군봉~천지까지? 흉금 털어놓는 대화 나눌 듯?
“중국 아닌 북쪽으로 가겠다“던? '등산 덕후' 문 대통령 꿈 이루어져 파격이 이어지고 있는 평양 남북정상회담의 '하이라이트'는 회담 마지막 날인 20일 문재인 대통령과 김정은 북한 국무위원장의 백두산 동반 산행이 될 것으로 보인다.
문 대통령의 공식 수행원으로 평양을 방문 중인 김의겸 청와대 대변인은 19일 “문 대통령과 김 위원장은 내일 백두산 방문을 함께 하기로 했다“고 전격 발표했다.
김 대변인은 이날 오후 생중계된 긴급 기자 회견에서 이렇게 밝힌 뒤 “두 분의 백두산 방문은 김 위원장이 제안했고 문 대통령이 이를 받아들여서 이루어졌다.
내일(20일) 아침 일찍 (평양에서) 출발할 예정으로 구체적인 일정은 현재 협의 중“이라고 말했다.
김 대변인의 설명을 종합하면, 남북 정상은 20일 오전 비행기 편으로 백두산에서 가깝ㄴ 삼지연공항까지 이동한 뒤 차량과 궤도 차량을 이용해 백두산 남쪽 정상인 장군봉에 오르고 천지까지 내려가는 길은 케이블카를 이용할 예정이다.
변수는 날씨다.
김 대변인은 “일단 백두산 남쪽 정상인 장군봉까지는 올라갈 예정이고 날씨가 좋으면 내려가는 길에 천지까지도 갈 예정“이라며 “장군봉 정상에서 천지로 내려가는 길은 삭도 케이블카가 설치돼 있다고 한다“고 말했다.
문 대통령과 방북 대표단은 백두산 등반을 마친 뒤 곧바로 삼지연공항에서 성남 서울공항으로 직행할 예정이다.
삼지연공항은 2007년 노무현/김정일 정상회담 당시 백두산 관광 활성화에 합의하면서 주목을 받았던 곳으로, 양강도 삼지연군 북방 10㎞ 지점 해발 1300m 고원 지대에 있는 군용 공항이다.
문 대통령과 대표단이 남쪽과 백두산을 오가는 직항로의 일부를 처음 경험하는 것이다.
2박 3일 평양 정상회담 일정의 마지막 날 진행될 남북 정상의 백두산 동반 산책은 회담 둘째 날 평양에서 최종 확정된 형식을 뗬지만, 회담을 준비하는 과정에서 양쪽의 공감대가 있었던 것 같다.
문 대통령은 전날 평양행 전용기 안에서 “중국 동포가 백두산으로 나를 여러 번 초청했지만 내가 했던 그 말(중국이 아닌 북쪽으로 가겠다) 때문에 늘 사양했었는데 괜히 했나 보다 후회하곤 했다“고 말했다.
백두산행에 대한 '암시'이거나 김 위원장에게 같이 가자는 강한 바람을 내비친 셈이다.
임종석 대통령 비서실장도 회담 마지막 날 '친교 일정'으로 귀경 일정이 변경될 수 있다고 예고한 바 있다.
앞서 문 대통령은 4.27 판문점 정상회담에서도 김 위원장에게 “오래 전부터 이루지 못한 꿈이 있는데 바로 백두산과 개마고원을 트레킹하는 것이다.
김정은 위원장이 그 소원을 꼭 들어 줄 것이라고 믿는다“고 언급하기도 했다.
남북 정상의 백두산 동반 산책은 4.27 판문점 회담 때 세계로 생중계된 도보다리 회담을 잇는 인상 깊은 장면이 될 가능성이 높다.
백두산을 거닐며 주변의 방해를 받지 않은 상태에서 '흉금을 털어놓는' 대화가 가능할 것으로 보이기 때문이다.
북/미 대화의 촉진을 위해 문 대통령과 김 위원장은 속 깊은 제안과 조언을 주고 받을 것으로 전망된다.
프랭크 엄 “올해 안 종전 선언 가능성 50% 이상““트럼프 대통령과 남북 중 모두 종전 선언 원해 미국만 거부하면 평화 방해 자로 비쳐져… 2차 북/미 정상회담 10월 중 가능성 50대 50““남북 군사적 긴장 완화 조처 중대한 성취 김 위원장 서울 방문도 역사적인 일 될 것““비핵화 내용은 만족스럽지 못하아… 북한, 비핵화에 진지하다고 재확인 시킨 듯“프랭크 엄 미국 평화 연구소 선임연구원은 19 일(현지 시각) 제3차 남북정상회담 결과에서 가장 인상 깊은 점으로 “남북 군사적 긴장 완화 조처“와 “김정은 북한 국무위원장의 서울 방문 의사“를 꼽았다.
그는 이날 <한겨레>와 인터뷰에서 “비핵화 조처에서는 만족스럽지 못하다“면서도, 북/미 협상이 재개됨에 따라 “연내에 종전 선언이 이루어질 가능성이 50% 이상“이라고 내다봤다.
/19일 나온 평양 공동 선언을 평가한다면.
“여러 분야에서 중요한 진전을 담았다.
특히 군사적 긴장 완화 조처는 남북한 사이의 잠재적 무력 충돌과 의사 소통 오류를 줄이는 중대한 성취다.
또 김정은 위원장이 이른 시일 안에 서울을 방문하겠다고 한 점도 중요하다.
북한 지도자의 첫 남한 방문이라는 역사적인 사건이며, 남북 고위급 대화를 지속하는 기회가 된다.
또 김 위원장이 한국이 (한국전쟁 뒤) 65년 동안 어떻게 발전했는지를 직접 보고, 북한에서 더 큰 사회적 변화를 추구할 수 있도록 국내적 정통성을 부여할 것이다.
/비핵화 조처에 대한 평가는?
“만족스럽지 못하았다.
김 위원장은 미국이 원하는 핵 시설 물질의 완전한 목록 제공에 동의하지 않았다.
영변 핵 시설 영구적 해체는 북핵 동결에 엄청난 진전이 되겠지만, '미국의 상응 조처'이라는 조건이 달렸다.“
/북한이 내걸ㄴ '상응 조처'는 무엇이라고 보나?
“6.12 싱가포르 북/미 정상회담에서 양국 관계를 개선하고 평화 체제 구축을 위해 공동의 노력을 하기로 한 점을 말한다.
따라서 상응 조처란 종전 선언을 말하는 것으로 보인다.“
/트럼프 대통령은 이번 남북정상회담 결과를 “아주 좋은 소식“이라고 환영했고, 마이크 폼페이오 국무 장관도 북한과 대화 재개 의사를 밝혔는데.
“평양 공동 선언의 내용이 트럼프 대통령 참모들의 마음을 흔들기에는 충분하지 않았을 것이다.
하지만 트럼프 대통령이 김 위원장을 만나고 싶어한다는 점은 분명하다.
평양 공동 선언을 통해, 북한이 한반도 긴장 완화와 비핵화로 나아가는 데 진지하다는 점을 미국에 재확인시킨 것 같다.“
/올해 안에 한국전쟁 종전 선언이 이루어질 것으로 보나?
또 트럼프 대통령이 11월 6일 중간 선거 전에 김 위원장과 2차 정상회담을 할 가능성은 얼마나 된다고 보나?
“한국 북한 중국, 그리고 무엇보다도 트럼프 대통령이 원하기 때문에 올해 안에 종전 선언이 이루어질 가능성이 50%보다 크다고 생각한다.
종전 선언은 구속력 없는 정치적 선언인데, 다른 나머지 당사국들과 달리 미국만 안 한다면, 미국이 평화의 방해 자로 비쳐지는 것을 피하기 어렵다.
또, 트럼프 대통령과 공화당은 중간 선거에서 자신들이 강한 경제를 유지했고 중국과 싸웠으며 북핵 문제를 해결했다고 주장할 수 있다.",59,4195
iks_doc_2018_hankyoreh_138,Hankyoreh 2018 total annotated text file unicode.txt,Hankyoreh,한겨레,2018,2018_multi_summit,"그렇기에 북/미 정상회담이 10월에 이루어질 가능성이 50대 50이라고 생각한다.““중국, 한반도 문제 미국에 추가 협조 어렵다“","중국 외교 학원 저우융성 교수 “현 수준 제재 유지 무역 전쟁 탓 앞으론 적극성 어려워““한국, 미국과 소통해 끌어 주고 밀어 주는 역할 중요하다“인민일보 등 관영 매체 미국의 '상응 조처' 주문 왕이 “얻기 힘들ㄴ 평화의 기회 다시 잃어버릴 수 없어“","남북이 19일 내놓은 '평양 공동 선언'에 대해 저우융성 중국 외교 학원 교수는 “남북이 법적 종전 상태 돌입한 것“이라며 “앞으로 한국의 역할이 더욱 중요해졌다“고 평가했다.
중국 관영 언론들은 북한이 '영변 핵 시설' 폐기 의사를 밝힌 만큼 미국도 그에 맞는 '상응하는 조처'를 내놓아야 한다고 입을 모았다.
중국 외교 인력 양성 기관인 외교 학원의 동북아 문제 전문간 저우 교수는 남북 정상이 이번 회담을 통해 “전쟁 위협과 적대 관계를 없애기로 합의하고 구체적인 실천 사항을 제시하면서 한반도 평화 정착 과정에 큰 기여를 했다“면서, “평양 공동 선언은 의회 비준을 거치는 조약 같은 구속력은 없지만, 국제 법적으로 일정한 법적 효력을 갖는 정부 간 협정이자 국제 문서다.
한국과 조선(북)이 법률적으로 (사실 상) 종전 상태에 돌입했다“고 평가했다.
저우 교수는 잇어 북한이 '영변 핵 시설의 영구적 폐기' 의사를 밝히는 등 비핵화 의지를 재차 강조한 만큼 미국은 이에 상응하는 양보를 해야 하고, 한국도 더 적극적 구실에 나서야 한다고 강조했다.
그는 “선언 자체에 이미 미국의 조처를 촉구하는 성격이 있다.
한국이 미국과 소통을 통해 미국이 조선(한)반도 비핵화를 향해 한 발 내딛도록 추동하고 정책적인 양보를 이끌어야 한다.
한국의 역할이 중요하다“고 말했다.
다만, 그는 무역 전쟁을 벌이고 있는 미/중이 북핵 문제에서 추가적으로 협력할 가능성은 낮다고 봤다.
미국이 중국을 거세게 압박하고 있어, 지난해 북핵 위기가 고조돼 중국이 유엔 안전보장이사회에서 미국에 협력하던 때와 같은 역할을 기대하긴 어려워졌다는 것이다.
저우 교수는 “중국이 현 수준의 제재는 계속 이행하겠지만, 향후 중국이 적극적으로 나서기는 쉽지 않다“고 말했다.
또, 이번 평양 공동 선언처럼 '정치적 종전 선언'엔 중국의 참여가 필수적이지 않을 수 있지만, 평화 체제의 최종 전환을 위해서는 중국의 참여가 불가결하다고 지적했다.
그런 의미에서 중국이 빠아진 남북미의 종전 선언은 “그것만으로는 완전할 수 없다“고 평했다.
중국 관영 언론들은 일제히 이번 합의를 환영하며 미국의 양보를 촉구했다.
중국공산당 기관지 <인민일보>는 20일 해외판 칼럼 '망해루'에서 “(한)반도 비핵화 프로세스는 반드시 서로 마주하며 가야 한다.
조/한(북남) 공동 선언(평양 공동 선언)에서 조선(북)은 한 발 더 나아간 비핵화 실천을 위한 조건을 제시했다“며 미국에 상응하는 조처를 주문했다.
관영 <차이나데일리>도 사설에서 “평양 공동 선언은 이제 공이 미국으로 넘어 갔다는 것을 분명히 한 것이다.
한반도의 전쟁 상태를 끌고 가는 것의 상징성과 평양이 취하게 될 실질적 움직임을 고려해 미국은 진지하게 생각해야 한다“고 주장했다.
왕이 중국 외교부장은 이날 오전 평양 공동 선언과 관련해 “(한)반도 전체 인민의 복이며, 중국을 포함한 인민의 바람이다.
열렬한 축하와 굳은 지지를 보낸다“며 환영했다.
왕 부장은 또 “북남 관계가 전면적인 개선과 발전을 이루고 쌍방이 조선 반도를 핵무기와 군사 위협이 없는 평화의 정원으로 만들기로 함께 노력하는 것은, 이보다 좋을 수 없는 일이며, 이보다 큰 공이 없는 일“이라며, “각국은 함께 행동해 이 목표를 향해 각자 우리의 노력을 해야 한다“고 말했다.
그는 또 올해가 정전 협정 체결 65주년이라는 점을 들어 “평화가 서서히 오고 있다.
이 얻기 힘들ㄴ 평화의 기회를 절대 잃어버릴 수 없다“고 덧붙였다.
평양 현지 식당 대동강수산물식당서 시민들과 인사? 김정은 위원장 부부와 함께 식사 “음식 맛있습니까? 우리도 맛보러 왔습니다.“
문재인 대통령이 제3차 남북정상회담 이틀짼 19일 저녁 평양 시민들이 이용하는 '대동강수산물식당'을 찾았다.
문 대통령이 식당에 온 손님들에게 직접 말을 건네자 북한 주민들도 “안녕하셔요“라고 반기며 문 대통령과 악수를 나눴다.
이날 만찬 장소는 평양 시민들이 이용하는 곳에서 저녁 식사를 하고 싶다는 문 대통령의 요청을 받은 뒤 북쪽이 강력히 추천해 정해졌다.
애초 이날 만찬은 문 대통령이 같이 방북한 특별 수행원 경제인 등을 위해 마련했고, 북쪽에선 김영철 노동당 중앙 위원회 부위원장 등이 참석하는 자리였다.
하지만 김정은 북한 국무위원장과 부인 리설주 여사가 이 만찬 자리에도 참석하겠다는 뜻을 밝히면서 남북 정상 부부가 함께하는 식사 자리가 됐다.
남북 정상은 전날 점심부터 이날 저녁까지 다섯 끼 식사 가운데 세 끼를 함께했다.
이날 문 대통령은 식당을 찾은 북한 주민들과 스스럼없이 대화를 나눴다.
대체로 가족 규모 손님이 많았다.
'초밥 식사실'에서 식사 중인 테이블을 찾아간 문 대통령이 “어떻게 왔습니까“라고 묻자, 40대로 보이는 주민은 “3대가 함께 왔습니다“라고 답하기도 했다.
‘서양 료리(요리)식사실’에선 문 대통령을 본 시민들이 식사 도중 일어나 박수를 치며 맞이했다.
문 대통령은 “우리도 맛보러 왔다“며 “아마도 우리가 다녀가고 나면 훨씬 더 유명한 곳이 될 것 같다“고 말했다.
문 대통령과 김정숙 여사는 시민들과 만난 뒤 김 위원장 부부와 함께 대동강수산물식당 2층에 있는 '민족 요리 식사실'에서 만찬을 했다.
대동강수산물식당은 대동강변에 배 모양으로 세워진 3층짜리 건물이다.
1층에는 철갑상어 연어 칠색 송어 조개류 등을 모아 놓은 대형 실내 수조가 있고, 2층은 전문 식당, 3층은 뷔페식 식당으로 구성돼 있다.
이곳은 김 위원장이 “옥류관과 같이 평양을 대표하는 또 하나의 '인민 봉사 기지'가 태어났다“고 극찬한 장소다.
만찬에 앞서 문 대통령은 김 위원장과 함께 대동강변 옥류관에서 평양냉면으로 점심 식사를 했다.
리설주 여사는 “(4.27) 판문점 (정상회담) 연회 때 옥류관 국수를 올린 이후로 우리나라 찾아오는 외국 손님들이 다 '랭면'(냉면) 소리 하며 달라고 합니다.
굉장하더란 말입니다.
그 상품 광고 한들 이보다 더하겠습니까“라며 웃기도 했다.
또 4.27 정상회담 만찬 당시 옆 자리에 앉았던 임종석 대통령 비서실장이 “맛있다고 두 그릇 뚝딱“비웠던 것을 떠올리며 “임종석 비서실장이 오셨다면 좋아하셨을 것“이라고도 했다.
김 위원장도 “많이 자시고 평가해 달라“고 거들었다.
문 대통령은 오찬 때 김 위원장에게 판문점 회담 기념 메달과 6.12 북/미 정상회담 기념 주화 등 정상회담 관련 기념품을 선물로 전달했다.
남쪽 대통령, 북 시민에 첫 연설 “평화의 큰 걸음 내딛자“문 대통령 김 위원장, 대집단 체조 함께 관람 만찬 뒤 능라도 경기장 찾아 “백두서 한라까지 평화 터전 만들자“문 대통령 연설에 15 만 관중 함성 박수 9.9절 때 첫 공개 '빛나는 조국' 문 대통령 귀환 뒤 정치적 비난 우려해 체제 선전 등 내용 일부 수 정한 '배려'?
문재인 대통령은 19일 평양 시민들을 향해 “우리 민족은 함께 살아야 한다“며 “오늘 이 자리에서 지난 70년 적대를 청산하고 다시 하나가 되기 위한 평화의 큰 걸음을 내딛자고 제안한다“고 말했다.
한국 대통령으로서 북한 대중을 상대로 한 첫 연설이었다.
문 대통령은 평양 방문 이틀짼 이날 밤 9시 김정은 북한 국무위원장과 함께 평양 능라도 5.1경기장을 찾았다.
김정은 위원장과 함께 1시간 반 가량 대집단 체조와 예술 공연을 관람한 문 대통령은 마지막 순서로 마이크 앞에 서서 평양 시민을 향한 연설을 시작했다.
문 대통령은 “오늘 김 위원장과 나는 한반도에서 전쟁의 공포와 무력 충돌의 위험을 완전히 제거하기 위한 구체적 조치에 합의했다“며 “백두에서 한라까지 아름답ㄴ 우리 강산을 영구히 핵무기와 핵 위협이 없는 평화의 터전으로 만들어 후손에게 물려주자고 확약했다“고 말했다.
문 대통령은 “이번 방문에서 나는 김 위원장과 동포들이 얼마나 민족의 화해와 평화를 갈망하는지 절실하게 확인했다“며 “어렵ㄴ 시절에도 자존심을 지키며 스스로 일어서고자하는 불굴의 용기를 봤다“고 말했다.
문 대통령은 “김 위원장과 나는 8000 만 겨레의 손을 굳게 잡고 새롭ㄴ 조국을 만들어 나갈 것이다“라고 힘줘 말했다.
15 만여 명의 북한 관중들은 문 대통령의 한마디 한마디에 함성과 박수로 호응했다.
북한 최대 규모의 종합 체육 경기장인 5.1경기장은 환호로 가득 찼다.
문 대통령의 연설에 앞서 김정은 위원장은 “오늘의 귀중한 한 걸음의 전진을 위해 평양을 방문한 문 대통령의 지칠 줄 모르는 열정과 노력에 진심 어린 감사를 표하고 싶다“고 말했다.
북한 공연단은 대규모 매스게임으로 경기장 관중석에 '온 겨레가 힘을 합쳐 통일 강국 세우자'는 대형 글씨를 선 보였다.
수만 명이 참여하는 대규모 매스게임인 대집단 체조는 중요한 기념일에 북한이 나아가야 할 바를 체육과 예술적 형식에 담아 내는 공연이다.
북한은 '조선민주주의인민공화국 창건 70 돌'인 지난 9.9절을 맞아 드론 등 최신 기술을 동원해 '빛나는 조국'이라는 이름의 새롭ㄴ 공연을 대대적으로 공개한 바 있다.
이날 두 정상이 함께 관람한 대집단 체조와 예술 공연은 '빛나는 조국'의 틀은 대체로 유지하되, 체제 선전 부분을 일부 들어 내는 대신 문 대통령을 환영하는 내용을 추가했다.
문 대통령이 귀환한 뒤 남쪽에서 '북한 체제 선전 극을 보고 왔다'는 식의 정치적 비난을 받지 않도록 김 위원장이 배려한 것으로 보인다.
특히 카드 섹션을 할 때 북한 체제를 선전하는 내용은 보이지 않았다.
'하늘 길, 땅 길, 바닷길 민족의 혈맥을 잇다' '헤어져 이대로 못 살아 통일을 이루자' 등 주로 통일과 관련된 내용이었다.
잇어 '해 솟은 백두산은 내 조국입니다'이라는 카드 섹션이 나타날 때 배경 화면으로 4.27 판문점 선언 당시 두 정상의 사진이 등장하자 시민들의 함성은 더욱 커졌다.
문 대통령과 김 위원장이 군사 분계선상에서 첫 만남 뒤 악수를 하고, 두 정상이 판문점 선언에 서명하는 장면, 또 2차 정상회담 때 기념 사진도 있었다.
공연자들은 모두 한반도 기 흔들며 환호했고, 공연 내내 인공기는 등장하지 않았다.
앞서 2007년 남북정상회담 당시 노무현 대통령이 평양에서 북한의 대집단 체존 '아리랑'을 관람한 것을 두고 남쪽에서 논란이 일었던 선례가 있다.
2000년 당시 김대중 대통령은 평양 만수대예술 극장에서 전통 무용과 기악곡을 중심으로 짜인 공연 '평양성사람들'을 봤다.
서해 평화 수역 공동 어로 구역 합의 구체 기준 점 설정은 과제 남북은 서해 해상에 평화 수역과 시범적 공동 어로 구역을 설정하기로 합의했다.
그러나 구체적인 범위를 정하진 못하고 향후 구성될 남북군사공동위원회의 협의 과제로 남겼다.
서해 평화 수역과 공동 어로 구역 설정은 2007년 10월 노무현 전 대통령과 김정일 국방위원장의 정상회담에서 합의됐던 사안이다.
그러나 한 달 뒤 열린 남북 국방장관 회담에서 어디를 평화 수역과 공동 어로 구역으로 할지를 놓고 의견이 맞서 무산됐다.
당시 남쪽은 북방 한계선(NLL)을 기준으로 남북으로 등거리 등면적 원칙을 적용해 설정하자고 주장한 반면, 북쪽은 북방 한계선 아래쪽에 설정하자고 주장한 것으로 알려졌다.
남북은 이번에도 평화 수역 설정의 기준 점을 어디로 하느냐를 두고 엇박자를 낸 것으로 전해졌다.
다만 공동 어로 구역의 경우 백령도와 장산곶 사이에 설정하자고 대략적인 합의를 이룬 것은 진전이다.
남북이 군사 공동위에서 계속 협의해 가기로 하는 등 해결 의지를 확인한 것도 전망을 밝게 한다.
또 남북은 국방부 장관/인민 무력상 또는 합참의장/인민군 총참모장 등 남북 군사 당국자 간 직통 전화 개통, 북쪽 선박들의 해주 직항로 이용과 제주 해협 통과 문제 등을 계속 협의해 나가기로 했다.
한강 하구의 공동 이용과 관련해선, 한강 하구 70㎞를 공동 이용 수역으로 설정하고 남북이 연말까지 이 수역을 공동으로 현장 조사하기로 했다.
금강산 상설 면회소 개소 화상 상봉 영상 편지 우선 추진 이산가족 상봉 정례화 MB 정부 이후 방치된 면회소 조속 복구해 상설 상봉 공간으로 객실 206개에 1 천 명 수용 가능 분단 70년 만에 마침내 꿈이 이루어지는가?
남북 이산가족이 서로 생사를 확인하고, 편지를 주고 받고, 직접 만나고, 함께 밥을 먹고 잠을 잘 수 있는 상설 공간이 마련된다.
문재인 대통령과 김정은 국무위원장은 19일 평양 백화원 영빈관에서 이틀 간의 회담 결과를 담은 '9월 평양 공동 선언’(평양 선언)을 통해 “금강산 지역의 이산가족 상설 면회소를 빠른 시일 안에 개소하기로 했으며, 이를 위해 면회소 시설을 조속히 복구하기로 했다“고 발표했다.(<한겨레> 18일치 2면 참조) 두 정상은 “적십자 회담을 통해 이산가족의 화상 상봉과 영상 편지 교환 문제를 우선적으로 해결해 나가기로 했다“고 밝혔다.
'금강산 이산가족 상설 면회소'(금강산면회소)는 남북 이산가족의 오랜 꿈인 상봉 정례화의 필수 물적 기반이다.
금강산면회소가 상설화하면, 2000년 첫 남북정상회담 이후 18년 간 21 차례밖에 이루어지지 못한 (남북 100명씩의) 대면 상봉 수준을 뛰어넘어, 이산가족들이 평소에도 다양하게 만나고 접촉할 수 있는 만남의 장이 마련된다.
지지부진하던 이산가족 문제의 근본적 해결로 나아갈 중대한 디딤돌이 놓이는 셈이다.
서쪽 개성 공단 지역엔 남북 공동 연락 사무소(14일 개소), 동쪽 금강산 관광 지역엔 금강산면회소가 들어서 분단 한반도의 허리춤에 남북의 대화와 교류 협력의 상설 무대가 가동된다는 역사적 의미도 있다.
금강산면회소는 참여 정부 시긴 2005년 8월 31일 착공해 550 억 원을 들여 이명박 정부 첫핸 2008년 7월 12일 완공됐다.
박왕자씨 피살 사건으로 이명박 정부가 금강산 관광 사업을 중단시킨 날이다.
지상 12층(지하 1층) 규모에 대형 연회장을 포함해 최대 1000명을 수용할 수 있는 객실 206개를 갖췄다.
그러나 이명박 박근혜 정부 시기 남북 관계 악화로 2008년 완공 이후 지금까지 모두 다섯 차례(17~21차 상봉 행사)만 이산가족 만남의 장소로 쓰였다.
지난 8월 24~26일 제21차 금강산 이산가족 상봉 2차 방북단 행사 땐 1층 연회장만 긴급 보수해 단체 상봉 환영 만찬 장소로 2년 8개월 만에 쓰였다.
금강산면회소는 긴급 개보수한 1층을 뺀 나머지 공간은 장기 방치로 사용할 수 없는 상황이다.
두 정상이 “조속 복구“를 '평양 선언'에 명기한 이유다.
두 정상이 다양한 이산가족 해법 가운데 화상 상봉과 영상 편지 교환을 우선 과제로 적시한 데에는, 이산가족의 고령화가 심각한 상황에서 편의성과 효율성이 높은 방안을 우선 추진하자는 데 공감한 때문으로 풀이된다.
이 두 방안이 대면 상봉보다 실행하기 쉽고, 전통적인 문서 편지보다 '만남의 질'이 상대적으로 높아서다.
대한적십자사에 등록된 남쪽 이산가족 생존자(5만 6707명) 가운데 80살 이상이 62.6%(3만 5541명)에 이른다.
지금까지 화상 상봉은 참여 정부 시긴 2005~2007년 일곱 차례에 걸쳐 남북 557건(3748명), 영상 편지는 참여 정부 말긴 2008년 2월 5일 남북 각 20명씩 한 차례 시범 교환 사업이 진행된 뒤 남북 관계 악화로 단절됐다.
서신 교환도 2000~2003년에 남북 679명만 이루어지고 끊겼다.
2032년 여름 올림픽 공동 유치 내달 평양 예술단 서울 공연 스포츠 문화 교류 확대 국제 대회 단일팀 적극 추진 '가을이오았다' 서울 공연도 성사 내달 '10.4 선언 11돌' 함께 기념 내년 '3.1운동 100돌' 공동 행사도 남북이 2032년 여름 올림픽 공동 유치를 위해 협력하고 올해 10월에 평양 예술단의 서울 공연에 합의하는 등 스포츠 문화 교류를 더욱 확대하기로 했다.
문재인 대통령과 김정은 북한 국무위원장은 19일 발표한 '9월 평양 공동 선언'을 통해 “2020년 하계 올림픽 경기 대회를 비롯한 국제 경기들에 공동으로 적극 진출하며, 2032년 하계 올림픽의 남북 공동 개최를 유치하는 데 협력하기로 했다“고 밝혔다.
올해 열린 평창 겨울 올림픽과 자카르타 팔렘방 아시아 경기 대회에서 단일팀 구성 등을 통해 유대감을 높인 스포츠 분야의 협력을 더 강화하기로 한 것이다.
2032년 올림픽 남북 공동 개최는 4.27 판문점 정상회담 뒤 정부가 적극적으로 검토했고, 지난 8월 문 대통령도 토마스 바흐 국제 올림픽 위원회 위원장을 만나 공동 개최 의사를 밝힌 바 있다.
오는 10월 서울에서 열릴 평양 예술단 공연은 김 위원장의 제안이 성사된 것이다.
지난 4월 남한 가수들의 평양 공연을 관람한 김 위원장은 당시 “문화 예술 공연을 자주 해야 한다.
남측이 '봄이온다'는 공연을 (평양에서) 했으니 가을엔 결실을 갖고 '가을이왔다'는 공연을 서울에서 하자“고 말했다.
'9월 평양 공동 선언’이란 결실을 맺은 남북이 서울에서 축하 공연을 함께 하는 셈이다.
두 정상은 남북 협력의 역사적 경험을 함께 기념하고 계승할 일정 표도 제시했다.
“10.4 선언 11주년을 뜻 깊게 기념하기 위한 행사들을 의의 있게 개최“하고 “3.1운동 100주년을 남북이 공동으로 기념하고, 그를 위한 실무적 방안을 협의“하기로 한 것이다.
남북은 당장 다음 달 10.4 선언을 함께 기념하고 5개월 뒨 내년 3월엔 3.1운동 100주년 행사를 공동으로 치를 것으로 보인다.
이밖에 두 정상은 “현재 진행 중인 산림 분야 협력의 실천적 성과를 위해 노력“하고 “자연 생태계의 보호 및 복원을 위한 남북 환경 협력을 적극 추진“하기로 했다.
또 “전염성 질병의 유입 및 확산 방지를 위한 긴급 조치를 비롯한 방역 및 보건 의료 분야의 협력“도 강화하기로 했다.
김 위원장 “조선 반도를 핵무기 없는 땅으로“첫 육성 둘쨋 날 회담 뒤 선언문 서명 문 대통령 “남과 북 처음으로 비핵화 방안 합의했다“회견 백화원 영빈관서 70분 짧은 회담 10분 뒤 합의문 서명까지 신속 남북 수행원들 중간 중간 큰 박수 “남과 북은 처음으로 비핵화 방안에 합의했습니다.
매우 의미 있는 성괍니다.“(문재인 대통령) “조선 반도를 핵무기도, 핵 위협도 없는 평화의 땅으로 만들기 위해 적극 노력해 나가기로 확약했습니다.“(김정은 국무위원장) 문 대통령과 김 위원장이 19일 백화원 영빈관에서 추가 남북정상회담을 열ㄴ 시간은 70분이었다.
전날 조선노동당 중앙 위원회 본부 청사에서 120분 간 남북정상회담을 한 데 잇어 두 정상은 합의문의 최종 서명을 백화원 영빈관에서 마쳤다.
이곳은 김대중 노무현 전 대통령이 김정일 국방위원장과 6.15 선언, 10.4 선언을 끌어낸 '역사적 장소'이기도 하다.
이날 회담에는 서훈 국가정보원장과 김영철 북한 노동당 중앙 위원회 부위원장이 배석했다.
북한은 이날 평양에서 열린 두 번째 정상회담을 위해서도 각별히 신경을 쓴 모습이었다.
정상회담장이 있는 복도 끝에는 지난 4.27 남북정상회담 때 두 정상이 판문점 선언에 서명한 직후 함께 찍은 사진이 벽에 걸려 있었다.
회담이 끝나고 10분 남짓 지난 오전 11시 23분 두 정상이 '9월 평양 공동 선언'에 서명하려고 회의실로 들어섰다.
문 대통령은 김종천 청와대 의전 비서관의 펜을 건네받아 서명했고, 김 위원장은 김여정 노동당 제1 부부장한테서 펜을 받아 서명을 마쳤다.
두 정상은 일어나 책상 앞으로 걸어 나와 합의문을 교환하며 악수했고, 합의문을 들ㄴ 채 사진을 찍은 뒤 또 한 번 손을 맞잡았다.
문 대통령은 북쪽 인사들에게 다가가 일일이 악수를 건넸고, 김 위원장은 우리 쪽 수행원들과 악수를 나눴다.
문 대통령은 이날 공동 기자 회견에서 “한반도를 항구적 평화 지대로 만들어 감로써 우리는 이제 우리의 삶을 정상으로 돌려 놓을 수 있게 됐다.
그동안 전쟁의 위협과 이념의 대결이 만들어 온 특권과 부패, 반인권으로부터 벗어나 우리 사회를 온전히 국민의 나라로 복원할 수 있게 됐다“고 밝혔다.
또 김 위원장의 '비핵화' 의지를 높이 평가하면서 “(김 위원장이) 온 겨레와 세계의 여망에 부응했다.
김정은 위원장의 결단과 실행에 깊은 경의를 표한다“며 “지난 봄 한반도에는 평화와 번영의 씨앗이 뿌려졌다.
오늘 가을의 평양에서 평화와 번영의 열매가 열리고 있다“고 강조했다.
문 대통령은 특히 “남과 북은 앞으로도 미국 등 국제 사회와 비핵화의 최종 달성을 위해 긴밀하게 협의하고 협력해 나가기로 했다“며 “우리의 역할도 막중해졌다.
국민들의 신뢰와 지지가 어느 때보다 절실하다“고 호소했다.
김 위원장은 “판문점의 봄날에 뿌린 화합과 평화의 씨앗들이 싹트고 자라 가을과 더불어 알찬 열매가 됐다.
'새롭ㄴ 력사(역사)는 이제부터'라고 판문점에서 썼던 글이 현실로 펼쳐지고 있다“고 말했다.
또 “시련을 이길수록 우리의 힘은 더 커지고 강해지며 다져지고, 뭉쳐진 민족의 힘은 하나 된 강대한 조국의 기틀이 될 것“이라며 “세계는 오랫동안 짓눌리고 갈라져 고통과 불행을 겪어 온 우리 민족이 어떻게 자기 힘으로 자기 앞날을 똑똑히 당겨 오는가를 똑똑히 보게 될 것“이라고 강조했다.
그는 ‘가깝ㄴ 시일 내 서울 방문'을 약속하며 “분단의 비극을 한시라도 빨리 끝장 내고, 겨레의 가슴 속에 쌓인 분열의 한과 상처를 조금이나마 가실 수 있게 하기 위해 평화와 번영으로 가는 성스럽ㄴ 여정에 언제나 지금처럼 두 손을 굳게 잡고 앞장서서 함께해 나갈 것“이라고 다짐했다.
두 정상이 연설하는 동안 정의용 청와대 국가 안보실장, 송영무(국방부), 조명균(통일부), 강경화(외교부), 도종환(문화 체육 관광부), 김현미(국토 교통부) 장관 등 남쪽 수행원들과 노광철 인민 무력상, 리수용 당 국제 담당 부위원장, 리선권 조국평화통일위원회 위원장 등 북쪽 지도부는 연설 중간 중간에 큰 박수를 치며 호응했다.",134,10489
iks_doc_2018_hankyoreh_139,Hankyoreh 2018 total annotated text file unicode.txt,Hankyoreh,한겨레,2018,2018_multi_summit,"“영구 폐기 뜻“영변 핵 시설, 북 핵 개발의 심장 1960년대 소련 연구용 원자로 도입 1994년 폐쇄됐다가 2005년 재가동 현재도 운영 중인 재처리 시설에선 매년 플루토늄 6㎏가량 추출 가능",,"김정은 북한 국무위원장이 9월 평양 공동 선언에서 미국의 상응 조처를 '조건부'로 “영구 폐기“의사를 밝힌 '영변 핵 시설'은 북한 핵 개발의 심장부자 상징이다.
평안북도 영변 군에 위치한 영변 핵 시설은 1960년대 영변 원자력 연구소를 설립한 데 잇어 소련으로부터 연구용 원자로(IRT/2000)를 도입하면서 북한의 핵심 핵 시설로 자리잡았다.
플루토늄 생산 시설인 5㎿e(메가와트) 원자로와 50㎿e 원자로, 100㎿th 실험용 경수로, 핵 연료 가공 공장과 핵 연료 재처리 시설인 방사 화학 실험실, 폐기물 저장 고와 우라늄 농축 시설이 자리잡고 있다.
지금도 가동 중인 것으로 알려진 5㎿e 원자로와 재처리 시설을 최대로 가동했을 때는 매해 플루토늄을 6㎏가량 추출할 수 있다.
50㎿e 원자로는 1994년 제네바 기본 합의에 따라 건설이 중단됐고 이때 '핵 활동 동결'을 선언한 북한은 5㎿e 원자로도 더 이상 돌리지 않았다.
100㎿th 실험용 경수로는 여전히 건설 중이다.
영변 5㎿e 원자로는 그로부터 11년 만에 재가동된다.
2002년 조지 부시 미국 대통령의 '악의 축' 발언과 그해 5월 미국의 대북 테러 지원국 지정 및 제네바 합의 사항인 '대북 중유 지원 중단' 발표의 후과였다.
북한은 2002년 12월 '핵 활동 동결 해제' 선언을 하고, 국제원자력기구(IAEA) 사찰 단원을 추방했다.
이듬해 북한 외무성은 영변 5㎿e 원자로, 방사 화학 실험실, 핵 연료 제조 공장, 폐연료봉 저장 시설에 대한 봉인을 제거하고 감시 카메라의 작동을 정지시켰다.
6자 회담을 이어 갔으나 2005년 '핵무기 보유' 선언을 하고는 “영변 원자력 발전소에서 폐연료봉 8000개 인출 작업이 완료“됐다고 밝힌다.
6월에는 영변 5㎿e 원자로를 다시 가동했다.
'북한의 핵 불능화'를 명시한 2007년 2.13 합의와 10.3 합의에 따라 영변 핵 시설은 또 폐쇄됐다.
영변 핵 시설에 대한 불능화 조처가 시작되고 북한은 2008년 영변 원자로 가동 일지와 핵 신고서를 미국 쪽에 제출했다.
6월에는 원자로 냉각 탑을 폭파했다.
그러나 미국이 북한의 테러 지원국 해제를 연기하자 2008년 8월 북한은 '영변 핵 시설 불능화 중단'으로 응수했다.
이에 미국은 북한을 테러 지원국에서 해제(10월)하고 북한도 불능화 작업을 재개했다.
북/미는 이후에도 대북 중유 지원 중단/폐연료봉 재처리 등으로 맞섰다.
이런 가운데 2010년 11월 미국의 핵물리학자 시그프리드 헤커 스탠퍼드대 국제안보협력센터 선임연구원 등이 북한의 초청을 받아 영변 우라늄 농축 시설을 방문해 원심 분리기 2000기를 확인했다.
헤커는 이곳에서 1년에 무기 급 우라늄 40㎏을 농축할 수 있다고 평가했다.
이 시설은 2013년에는 2배로 확장된 것으로 확인됐다.
북한이 영변의 5㎿e 원자로를 재가동한 것은 2013년 4월이다.
굴곡 많았던 영변의 운명은 이제 다시 북/미의 새롭ㄴ 움직임을 기다리고 있다.",23,1446
iks_doc_2018_hankyoreh_140,Hankyoreh 2018 total annotated text file unicode.txt,Hankyoreh,한겨레,2018,2018_multi_summit,김 위원장 올 안에 서울 방문 북 최고 지도자로는 처음 남한 답방 합의 공동 선언문엔 “가깝ㄴ 시일 안“? 문 대통령 “특별 사정 없으면 올해“? 성사되면 분단 70년 역사상 처음? 문정인 통일 외교 특보? “주변에서 전부 반대했는데? 김 위원장 독자적 결정해“,,"문재인 대통령과 김정은 북한 국무위원장이 19일 '9월 평양 공동 선언'에서 김 위원장의 서울 방문에 합의했다.
문 대통령은 “특별한 사정이 없으면 올해 안“이라고 시한도 좁혔다.
김 위원장은 남북 분단 이래 처음으로 대한민국 수돈 서울 땅을 밟는 북쪽 최고 지도자가 될 가능성이 높아졌다.
김 위원장은 이날 백화원 영빈관에서 한 정상회담 공동 기자 회견에서 “나는 문재인 대통령에게 가깝ㄴ 시일 안에 서울을 방문할 것을 약속했다“고 말했다.
문 대통령은 “김 위원장에게 서울 방문을 요청했고, 김 위원장은 가깝ㄴ 시일 안에 서울을 방문하기로 했다“며 “여기서 ‘가깝ㄴ 시일 안에'란 말은 특별한 사정이 없으면 '올해 안에'이라는 의미를 담고 있다“고 덧붙였다.
'9월 평양 공동 선언' 제6조에도 “김정은 국무위원장은 문재인 대통령의 초청에 따라 가깝ㄴ 시일 내로 서울을 방문하기로 했다“는 내용이 담겼다.
서울 답방은 김 위원장이 결단했다.
문정인 대통령 통일 외교 안보 특별 보좌관은 평양에서 기자들과 만나 “북한 통일전선부 주요 인사가 '주변에서 전부 다 반대했는데 완전히 김 위원장의 독자적 결정이었다'고 했다.
그만큼 우려가 큰 것 같더라“며 “김 위원장이 상당히 어렵ㄴ 결정을 했고, 우리 대통령이 독려했다“고 말했다.
방문이 성사되면 김 위원장은 70년 분단 역사에서 처음 서울을 방문하는 북한 최고 지도자가 된다.
김 위원장은 4.27 정상회담 당시 판문점 남쪽 지역 평화의 집을 찾아 처음 군사 분계선을 넘었지만 공동경비구역 안이었다.
문 대통령도 “김 위원장의 서울 방문은 최초의 북측 지도자 방문이 될 것이며, 남북 관계에 획기적인 전기를 마련할 것“이라고 의미를 뒀다.
김연철 통일연구원장은 “문 대통령의 평양 방문에 잇어 상호 방문이 정례화되면서 남북 관계도 완전히 정상적인 관계로 간다는 의미“라고 말했다.
북한 최고 지도자의 서울 방문은 2000년 남북정상회담 때도 합의됐지만 당시 김정일 국방위원장의 안전 문제와 북/미 관계 악화 탓에 무산됐다.
정세현 전 통일부 장관은 “김용순 노동당 대남 담당 비서가 방남해 현지 조사도 했지만 김 위원장 신변 안전에 확신을 못 가졌다“며 “2002년 말엔 북한이 러시아 블라디보스토크에서 2차 정상회담을 제안했지만 우리가 곤란하다고 했다“고 말했다.
여기에 미국 부시 행정부가 북한을 “악의 축“으로 규정하고, 북한과 1994년 맺은 제네바 합의를 파기하며 방한은 더욱 멀어졌다.
2007년 남북정상회담 때는 김 위원장 답방 합의가 없었다.
김연철 원장은 “김 위원장은 서울 방문 의지가 강하지 않았다“고 말했다.
하지만 이번엔 김정은 위원장의 서울 방문 가능성이 높다는 분석이다.
남북 정상은 이미 3 차례 정상회담을 통해 인간적 신뢰를 쌓았다.
김 원장은 “개방적이고 실용적인 김 위원장 스타일을 볼 때 방문이 성사될 것“이라고 했다.
관건은 오히려 남쪽의 수용력이라는 지적도 나온다.
김 위원장의 서울 방문을 둘러싸고 '남 남 이념 갈등'이 커지면 방남에 장애물이 생길 수 있다는 것이다.
청와대는 김 위원장의 서울 방문을 계기로 남북미 종전 선언도 기대하는 분위기다.
청와대 핵심 관계자는 “김 위원장의 서울 방문 때 종전 선언이 이루어지면 그야말로 금상첨화“라며 “하지만 도널드 트럼프 대통령과 진지하게 논의해야 할 문제“라고 했다.",25,1630
iks_doc_2018_hankyoreh_141,Hankyoreh 2018 total annotated text file unicode.txt,Hankyoreh,한겨레,2018,2018_multi_summit,"“올 안 동해 경의선 철도, 도로 연결 착공식“4.27 판문점 선언보다 한층 진전? 대북 제재 막혀 상징적 선언 의미도",,"남북 정상이 올해 안에 경의선과 동해선을 연결하고 현대화하기 위한 착공식을 열기로 했다.
남북 철도와 도로 연결을 천명한 지난 '4.27 판문점 선언'보다 한층 진전된 합의지만, 실질적인 현대화에 착수하기 위해서는 유엔 대북 제재 해제 등 국제 사회의 이해가 선행돼야 한다는 점에서 상징적 선언의 의미가 더 크다는 분석이 나온다.
문재인 대통령과 김정은 국무위원장은 19일 '평양 공동 선언'을 발표하고 “남과 북이 올해 안에 동 서해선 철도 및 도로 연결을 위한 착공식을 갖기로 했다“고 발표했다.
동 서해선은 각각 동해선과 경의선을 의미한다.
지난 4월 두 정상이 판문점에서 만나 “동해선 및 경의선 철도와 도로들을 연결하고 현대화해 활용하기 위한 실천적 대책들을 취해 나가기로 했다“고 선언한 내용에 견줘 한층 구체화되고 진전된 내용이다.
특히 올해 안에 북한 철도 도로 현대화 착공식을 하겠다고 시한을 못 박은 점이 주목된다.
지금까지 남북은 철도 도로 연결에 공감대를 형성했음에도 국제 사회의 대북 제재 탓에 큰 진척을 이루지 못하았다.
현재는 대북 제재와 무관한 남쪽 미연결 구간 공사만 가능한 상황이다.
지난달에는 경의선 철도 북쪽 구간 상태를 점검하기 위한 남북 공동 조사가 유엔 군사령부(유엔사)의 제지에 막혀 무산되기도 했다.
이런 상황에서 남북 정상이 시한을 못 박은 것은 의미가 남다르다는 것이다.
백승근 국토 교통부 도로 국장은 “선언문이 말하는 착공식은 (대북 제재와 무관하게 할 수 있는) 남측 구간이 아닌 북한 철도, 도로를 현대화하기 위한 것“이라며 “착공식의 구체적인 내용에 대해서는 관련 기관과 함께 대북 제재 등을 종합적으로 고려해 결정할 것“이라고 설명했다.
경의선 철도의 경우 2004년 이미 연결돼 2007~2008년 문산~개성 구간에서 화물 열차가 운행하기도 했으나 북측 구간 시설이 노후화돼 제 기능을 하기 위해서는 현대화 작업이 필수적이다.
'판문점 선언' 이후 남북은 이를 위한 공동 조사를 진행하기로 했으나 현재까지 실제 현장 조사가 진행된 것은 경의선 도로뿐이고, 경의선 철도와 동해선 철도 도로는 아직 제대로 된 조사를 시작하지 못하았다.
남측 구간에 대한 공사도 필요하다.
동해선 철도의 경우 강릉~제진(104.6㎞) 구간이 미연결 상태로 선로를 새로 건설해야 한다.
경의선 고속도로 문산~개성(11.8㎞) 구간 역시 공사가 필요하다.
국토부는 두 구간의 총사업비를 각각 2조 3490 억 원, 5179 억 원으로 추산하고 있다.
남측 구간 공사의 경우 예산만 책정되면 사업 진행은 무리가 없지만, 북측 구간 공사는 유엔 대북 제재 완화가 전제돼야 한다.
이런 탓에 올해 안에 착공식을 한다 하더라도 상징적 수준에서 끝날 가능성도 크다.
한 국토부 관계자는 “선언문에도 불구하고 아직은 누구도 구체적인 계획과 방법을 갖고 있지는 않다“며 “상징적 의식이 될 가능성이 크다“고 말했다.
'연내 착공식'이란 목표가 사실상 북한에 비핵화 조처에 대한 시간표를 제시한 것이란 분석도 나온다.
한 국책 연구 기관 관계자는 “남한 입장에서 철도와 도로는 즉각적인 경제 효과가 떨어짐에도 올해 안 착공식이라는 목표를 제시한 것은 북한과 국제 사회에 보내는 메시지 성격이 있는 것 같다“며 “북한이 국제 사회가 납득할 만한 비핵화 조처를 하면 그에 따른 보상을 줄 수 있다는 신호를 보낸 것일 수 있다“고 말했다.
'유쾌한 리설주' 입담 “4.27 뒤 외국 손님들 다 랭면 랭면 한다“남북 정상 내외 오찬서 건배 제안하는 등 분위기 주도?
“판문점 정상회담 이후로 우리나라 찾아오는 외국 손님들이 다 랭면 소리하면서 랭면 달라고 한단 말입니다.“김정은 북한 국무위원장의 부인 리설주 여사가 19일 평양 옥류관 2층 연회장에서 열린 남북 정상 내외 오찬에서 분위기를 주도하는 입담으로 눈길을 끌었다.
리 여사는 앞서 김정숙 여사의 특별 수행단으로 동행한 마술사 최현우씨가 자신을 '요술사'로 소개하자 “제가 없어지나요?“라고 말해 웃음을 자아내기도 했다.
이날 오찬장 헤드 테이블에 앉은 리 여사는 남북 정상이나 김 여사 뿐 아니라 수행단과도 농담을 주고 받으며 분위기를 이끌었다.
함께 앉은 유홍준 명지 대 석좌 교수에게 “평양 랭면 오늘 처음 드십니까“라고 말을 건네는가 하면, “그 계기(판문점 회담)로 평양에서도 (옥류관 냉면이) 더 유명해졌다.
외부 손님들이 와서 계속 '랭면'(냉면), '랭면'한다“라고 말해 좌중에게 웃음을 줬다.
그는 또 “우리나라 찾아오는 외국 손님들이 다 '랭면' 소리하면서 '랭면' 달라고 한다“고 전하며 “굉장하더란 말입니다.
그 상품 광고한들 이보다 더 하겠습니까“라고 농담을 던지기도 했다.
기자에게도 적극적으로 냉면을 권했고, 유 교수에게 들쭉술 건배를 권하다 김 위원장으로부터 “아직 시작 안 했는데“라고 '제지'를 당했을 정도다.
또 4.27 판문점 남북정상회담 만찬 때 옆 자리에 앉았던 임종석 대통령 비서실장을 언급하며 “(옥류관 냉면이) 너무 맛있다고 두 그릇 뚝딱“이라고 하다 웃음을 터트린 뒤 “그런데 오늘 못 오셔서 섭섭하다.
오늘 오셨으면 정말 좋아하셨을 턴데“라고 아쉬움을 나타냈다.
김정은 위원장도 “촬영하니까 식사 못 하겠구만“이라고 말하거나, “평양냉면을 많이 먹어 봤다“는 유홍준 교수에게 “오늘 많이 자시고(드시고) 평가해 주십시오“라고 말하며 유쾌한 분위기를 이어 갔다.
한편 문 대통령은 이날 오찬장에서 김 위원장에게 판문점 정상회담 기념 메달과 북미 정상회담 주화 등의 기념품을 전달했다.
김 여사는 기념품을 전달하며 “두 분이 지금 역사적으로 만들어 낸 큰 것은 더 큰 메달로 기념을 해야 하는데, 이 정도 메달로 해서 제가 (남편에게) 뭐라고 했다“고 웃으며 말했다.
이에 리 여사도 “저도 두 분께서 우리 겨레와 민족을 위해서 아주 큰 일을 하시리라 굳게 확신을 한다“며 “문 대통령님도 제가 믿고 말입니다, 확실하게.
우리도 조금이라도 보탬가 되는 일을 조금 조금씩 해 나가면서“라고 화답했다.
이날 테이블에는 당근과 숙주, 버섯으로 이루어진 3 색 야채가 한 접시, 백설기와 들쭉술, 평양 소주 등이 놓였다.
약쉬움 떡, 콩나물 김치, 잉어 달래 초장 무침, 삼색 나물, 녹두 지짐, 자라탕, 소 갈비 편 구이, 송이버섯 볶음, 평양 랭면, 수박 화채, 우메기, 아이스크림 등도 올랐다.
“서해는 경제 동해는 관광 '공동 특구' “기대 커진 경협 남북 경협 새롭ㄴ 모델 밑그림 “조건 마련되는 데 따라 개성 공단 금강산 관광 정상화“'한반도 신경제 지도' 구상 맞물려 북 비핵화/북미 관계 개선 진전 땐 남북 경제 협력 급물살 탈 듯 전경련 등 재계 일제히 환영 논평 “남북 교류 협력 증진 기여 기대“? '한반도 신경제 지도 구상'에 따른 3 대 경제 협력 벨트.
문재인 대통령과 김정은 북한 국무위원장이 새롭ㄴ 남북 경제 협력 밑그림을 밝혔다.
19일 양 정상은 ‘평양 공동 선언문’에서 '조건이 마련되는 데 따라' 개성 공단과 금강산 관광 사업을 정상화하며, 나아가 서해 경제 공동 특구와 동해 관광 공동 특구를 조성하는 문제를 협의해 나가기로 합의했다.
이에 따라 북한 비핵화와 북/미 관계 개선이 진전되기만 하면, 남북 경제 협력은 지금까지와는 차원이 다른 단계로 접어들 것으로 보인다.
개성 공단과 금강산 관광 사업은 남북이 모두 인정하는 성공적인 경제 협력 모델이다.
국제 정세와 정치적 변수 때문에 중단된 두 사업을 재개하면서 조금 더 발전시키면 2개의 공동 특구로 쉽게 발전할 수 있다.
이에 대한 구상과 의지를 남북의 정상이 공동 선언문에 담았다는 점에서 실현 가능성도 크다.
남북의 철도 도로를 잇는 것처럼 두 정상이 지금까지 추진하거나 밝혀 온 구상의 교집합을 만들면 된다.
남북 공동 특구 개발은 문재인 정부가 추진하는 한반도 신경제 지도 구상과 맞물려 있다.
'3 대 경제 평화 벨트' 구축과 '하나의 시장'으로 요약되는 한반도 신경제 지도 구상에서 산업과 물류 중심의 환황해 벨트는 개성 공단과 서해 경제 공동 특구가 포함된다.
또 관광 자원 중심의 환동해 벨트는 강원도에서 금강산~원산을 잇는 남북의 동해 관광 개발 지역과 일치한다.
이와 관련해 문 대통령은 지난 8.15 경축사에서 '통일 경제 특구' 조성 계획을 밝히면서 이번 정상회담을 통해 남북 경협의 새롭ㄴ 청사진에 합의할 가능성을 이미 내비쳤다.
서해 축과 동해 축에서 특구 개발은 북한의 대외 개방을 통한 경제 발전 전략의 일환이기도 하다.
김정은 집권 뒤 북한은 '국가 경제 개발 10개년 계획'을 세우고, 기존 대규모 경제 특구 개발의 문제점을 보완한 경제 개발 구 조성을 추진하고 있다.
지역 특성에 맞게 다양한 형태의 소규모 개발 구역을 지정해 외자 유치 등 대외 개방을 통해 북한 전역의 균형적인 경제 발전을 꾀한다는 것이 이 구상의 뼈대다.
이를 위해 외자 유치 관련 법령을 정비하고, 2022년까지 철도 도로 항만 등 사회 간접 자본(SOC) 기반 조성에 약 300 억 달러의 외부 자본을 유치한다는 목표도 공표했다.
또 지금까지 22개 경제 개발 구를 지정하고, 중국 접경 지역과 동해 원산 일대 등 일부 개발 구에서는 가시적인 성과도 얻은 것으로 알려져 있다.
그러나 핵 개발에 따른 경제 제재 때문에 북한의 경제 개발 구 계획은 전반적으로 난국에 빠진 것으로 볼 수밖에 없다.
북한으로서는 이 난국의 유일한 돌파구가 남/북, 북/미 관계 개선과 문재인 정부와 손 잡고 펼칠 새롭ㄴ 남북 경협이다.
그리고 남북 정상은 9.19 평양 정상회담에서 공동 선언문으로 그 돌파구를 열었다고 볼 수 있다.
김동연 부총리 겸 기획 재정부 장관은 이날 고용 산업 위기 지역인 군산 시를 방문한 뒤 기자들과 만나 “남북 경협은 국제 사회 협력도 필요하고 북한 제재에 문제가 먼저 풀려야 하기 때문에 지금 나온 이야기들은 그런 상황이 풀렸을 때를 가정하고 나온 얘기들이 아닌가 싶다“고 말했다.
다만 김 부총리는 “여건이 성숙될 경우 속도감 있게 남북 경제 협력을 진전시켜 나가겠다“고 덧붙였다.
경제계도 일제히 환영 논평을 냈다.
철도 도로 연결 공사의 연내 착공과 비록 조건부 재개 합의지만 개성 공단과 금강산 관광 사업의 정상화 방침은 남북 경협의 물꼬가 다시 트이는 계기가 될 것이라는 기대가 크다.
전국경제인연합회는 이날 낸 논평에서 “평양 공동 선언은 남북의 교류와 협력을 증진해 나가는 데 크게 기여할 것으로 기대된다“며 “특히 이번 정상회담은 우리 정부의 한반도 신경제 지도 구상을 실현하는 역사적 이정표를 제시하며 한 민족의 공동 번영을 위한 새롭ㄴ 전기를 마련한 것으로 높이 평가한다“고 밝혔다.
대한상공회의소도 논평에서 “이번 평양 공동 선언은 판문점 선언에 잇어 한반도의 평화 시대를 위한 분수령이 될 것으로 평가한다“며 “남북 경협의 조건이 조기에 갖춰질 수 있도록 북/미 대화를 통해 실질적인 진전들이 이루어지길 기대한다“고 밝혔다.
개성 공단 기업 비상 대책 위원회는 “'봄이 온다'고 했던 역사적인 4.27 판문점 선언에 잇어 한반도 평화 번영의 새롭ㄴ 토대를 마련한 9.19 평양 공동 선언으로 '진짜 가을이 왔다'로 나아간 것에 대해 크게 환영한다“며 “남북 평화 번영의 상장인 개성 공단이 조속히 재개되기를 희망한다“고 강조했다.
금강산 관광 등 남북 경협을 선도적으로 해 왔던 현대그룹은 “금강산 관광과 개성 공단 등 기존 사업 정상화뿐 아니라 현대가 보유한 북측 사회 간접 기반 시설(SOC) 사업권을 기반으로 중장기적으로 남북 경협 사업을 확대 발전 시키기 위해 철저히 대비해 나갈 것“이라고 이날 밝혔다.
현대 아산은 지난 2000년 8월 북한 대외 경제 협력을 담당하는 조선아시아태평양평화위원회로부터 전력, 통신, 철도, 통천 비행장, 임진강 댐, 금강산 수자원, 명승지 관광 사업 등 7개 에스오씨 사업권을 얻었으며, 18년이 지난 현재도 유효한 것으로 보고 있다.",69,5781
iks_doc_2018_hankyoreh_142,Hankyoreh 2018 total annotated text file unicode.txt,Hankyoreh,한겨레,2018,2018_multi_summit,"일본 정부 “남북 정상의 노력에 경의“스가 관방 장관, 평양 공동 선언에 긍정적 반응",,"일본 정부는 문재인 대통령과 김정은 북한 국무위원장이 발표한 '평양 공동 선언'에 대해 “남북 정상의 노력에 경의를 표하고 싶다“며 긍정적인 반응을 보였다.
스가 요시히데 관방 장관은 19일 오후 정례 기자 회견에서 평양 공동 선언에 대한 일본 정부의 평가를 묻는 기자들의 질문에 “(이 합의가) 한반도의 완전한 비핵화로 연결될 것을 기대한다.
합의에 이르기까지 남북 정상이 한 노력에 대해서 경의를 표하고 싶다“고 말했다.
북한이 '영변 핵 시설을 파괴할 용의가 있다'고 밝힌 데 대한 평가에선 “중요한 점은 한반도 완전한 비핵화를 향한 북한의 약속 그리고 (6월 싱가포르) 북/미 정상회담에서의 합의가 완전하고 신속하게 실행되는 것이다.
우리 나라는 계속해 일/미, 일/미/한 간의 정책 조율을 계속하려 한다“고 말했다.
또, 남북 정상회담 성과가 한반도의 완전한 비핵화로 이어질지에 대해선 “당분간 지켜 봐야 한다“는 입장을 보였다.
평양 공동 선언에 담긴 비핵화 관련 내용이 일본의 요구엔 미치지 못하지만, '영변 핵 시설'의 영구적 폐기 등 진전된 내용이 들어 있는 만큼 일단 이를 긍정적으로 받아들이겠다는 뜻으로 해석된다.
일본 언론들도 “북한이 영변 핵 시설 해체 등 새롭ㄴ 제안을 했다“(<아사히 신문>), “핵 시설 신고에 대해선 언급하지 않은 평양 공동 선언“(<니혼게이자이신문>) 등의 반응을 보이며, 이날 남북 정상회담 결과를 상세히 보도했다.
이쯤 되면 '가이드' 2박 3일 문 대통령 밀착 동행 김 위원장 2박 3일 거의 모든 일정 함께하며 안내 파격 겸손 언행 선 보이며 극진한 대접 문 대통령 소원 '백두산 방문' 선물까지?
김정은 북한 국무위원장이 18일부터 2박 3일 간 진행되는 평양 남북정상회담 내내 문재인 대통령과 함께 일정 대부분을 소화하며 문 대통령을 '살뜰히' 챙기는 모습이 눈길을 끌고 있다.
또 파격 겸손 모드로 성의를 다하는 태도를 보여 주고 있다.
김 위원장은 전날에 잇어 정상회담 둘째 날인 19일에도 대부분 일정에 동행하고 있다.
이날 오전 정상회담을 문 대통령 숙손 백화원 영빈관에서 열었고, '9월 평양 공동 선언문' 발표 이후 대동강변 옥류관으로 이동해 점심도 함께 했다.
오찬에는 두 정상 부부와 양쪽 공식 수행원들도 참석했다.
김 위원장은 저녁 대동강수산물식당에서 열리는 만찬 이후 북한 최대 규모의 종합 체육 경기장 '5.1 경기장'에서 집단 체조 '빛나는 조국'을 문 대통령과 함께 관람할 예정이다.
'빛나는 조국'은 원래 북한 체제 찬양 성격의 퍼포먼스지만 이날 공연에선 문 대통령을 환영하는 내용으로 조정되고 제목도 변경될 수 있다고 한다.
김 위원장은 전날에도 거의 모든 일정에 함께 하며 문 대통령의 '가이드'를 자처했다.
문 대통령 부부가 평양 순안공항에 도착했을 때 부인 리설주 여사와 비행기 트랩 앞까지 나와 문 대통령 부부를 맞이했다.
공식 환영 행사에서 의장대 사열 때를 빼고는 문 대통령과 대화를 나누거나 이동 방향을 알려 줬다.
공항에서 문 대통령의 숙소 백화원 영빈관으로 가는 길에 함께 카퍼레이드를 하며 평양 시내를 지나갔다.
이때 문 대통령이 차량 오른쪽 뒷좌석인 상석에 앉도록 배려했다.
차량 이동 도중 두 정상은 밝은 미소로 대화를 주고 받고 환호하는 평양 시민들을 향해 인사를 했다.
김 위원장은 손가락으로 평양 거리를 가리키며 문 대통령에게 무엇인가를 설명하는 듯한 모습도 보였다.
문 대통령 숙손 백화원 영빈관에 도착해서도 김 위원장은 차에서 먼저 내려 1층 로비로 들어갔다.
문 대통령 부부가 곧 잇어 들어오고 백화원 영빈관 직원들한테 꽃다발을 받을 때도 옆에 있었다.
김 위원장은 문 대통령 부부에게 “6.15, 10.4 선언이 다 여기서 채택됐다“며 숙소 설명까지 덧붙였다.
또 오후 첫 정상회담 일정을 고려한 듯 “(오늘) 환영 오찬을 하자는 의견도 있었는데 오시자마자 일정이 너무 있으면 불편하시니 (오후 정상회담까지) 편히 쉬시라“고 했다.
저녁 6시 30분에 평양대극장에서 열린 예술 공연 때도 김 위원장은 리설주 여사와 함께 평양대극장 앞에 먼저 도착해 문 대통령 부부를 기다렸다.
김 위원장은 일정이 조금 늦어지자 우리 수행단에 “시간이 좀 늦어지고 있지만 뭐 더 오래오래 보면 되는 것이지요.
특별히 나쁘지 않을 것입니다“라며 여유롭ㄴ 모습을 보였다.
두 정상 부부는 극장 2층 귀빈석에서 함께 공연을 관람한 뒤 저녁 8시부터 목란관에서 환영 만찬을 함께 했다.
만찬은 약 2시간 30분 가량 이어져 밤 11시 가까이 돼서 끝났다.
김 위원장은 이틀 내내 문 대통령에게 감사와 신뢰를 표시했다.
김 위원장은 첫날 만찬에서 “남 모르는 고충을 이겨 내며 모든 노력을 기울인 문재인 대통령께 심심한 사의를 표한다“, “문재인 대통령과 쌓은 신뢰가 있기에 미래를 열어 가는 우리의 발걸음은 빨라질 것“이라고 했다.
둘째 날 오전 공동 선언문 발표 때도 “문재인 대통령과 기쁜 마음으로 북과 남이 이룩한 소중한 결실을 돌이켜 봤다.
북남 관계 전진을 이어 나가기 위한 문제들을 흉금을 터 놓고 진지하게 논의했다“라고 했다.
김 위원장은 회담 마지막 날인 20일에도 문 대통령의 오랜 소원이었던 백두산 방문 기회를 제공하고 함께 산을 오르기로 하면서, 마지막까지 '화끈하게' 환대하는 모습을 보인다.",37,2580
iks_doc_2018_hankyoreh_143,Hankyoreh 2018 total annotated text file unicode.txt,Hankyoreh,한겨레,2018,2018_multi_summit,"한미 정상, 유엔총회 참석 계기 뉴욕서 24일 만난다 윤영찬, 브리핑서 밝혀 “문 대통령 23일 미국행“",,"문재인 대통령이 유엔총회 참석차 뉴욕을 방문해 24일(현지 시간) 도널드 트럼프 미국 대통령을 만날 예정이라고 청와대가 19일 밝혔다.
윤영찬 청와대 국민 소통 수석은 이날 서울 동대문디자인플라자(DDP)에 마련된 남북정상회담 프레스 센터 브리핑에서 “내일 대통령이 도착하면 잠시 서울에 머무르다가 23일부터 미국에 갈 것“이라며 이 같이 전했다.
윤 수석은 '남북정상회담의 성과를 설명하기 위한 정의용 청와대 국가 안보실장의 미국 방문이나 한미 정상 간 통화가 예정돼 있나'이라는 물음에 “트럼프 대통령을 만나는 시점이 임박해 있어 별도의 일정이 있을지는 확인할 수 없다“고 대답했다.
그러면서 “문 대통령이 트럼프 대통령을 만나게 되면 남북정상회담에서 있었던 구체적인 이야기들을 나누게 되지 않을까 보고 있다“고 덧붙였다.
트럼프, 남북 정상회담에 “엄청난 진전” “좋은 뉴스“한밤 트위트에서 “아주 흥미롭다“며 긍정적 반응 트럼프, “북이 핵 사찰 수용하기로 합의했다“밝혀 백악관 출입 기자들에게 “엄청난 진전“평가 전해?
영변 핵 시설 사찰/폐기 논의 상당한 진척 시살 수도 미국이 결단 내리면 폼페이오 장관 4차 방북 이후 11월 중간 선거 전에 2차 북/미 회담 열릴 수 있어 도널드 트럼프 미국 대통령이 19일 남북 정상회담 결과에 대해 “엄청난 진전“이 이루어졌고 “매우 흥미롭다“며 상당히 긍정적인 반응을 내놓았다.
오는 24일 뉴욕에서 열리는 한/미 정상회담 등을 거쳐 북/미 비핵화 협상이 다시 본궤도에 오를 가능성이 높아졌다.
트럼프 대통령은 이날 백악관 출입 기자들에게 “북한 문제에 엄청난 진전이 있었다“며 남북 정상회담 성과를 높이 평가했다고 <로이터> 통신이 보도했다.
그는 김정은 북한 국무위원장이 공동 선언을 통해 동창리 미사일 엔진 시험장과 로켓 발사대를 유관국 전문가들이 참관하는 가운데 영구적으로 폐기하겠다고 밝힌 것에 “아주 좋은 뉴스“라고 반응했다.
또 “북한의 김정은도 나도 냉정하니 어떤 일이 일어날지 보자“고 말했다.
트럼프 대통령은 앞서 남북 정상이 공동 선언을 발표한 지 한 시간 남짓 뒤(미국 시각 자정께) 트위터로 환영 입장을 밝혔다.
그는 “김정은이 최종 협상에 부쳐질 핵 사찰을 수용하기로 합의했으며, (핵)실험장과 로켓 발사대를 국제 전문가들이 지켜 보는 가운데 영구히 해체하기로 했다.
그러는 동안 로켓 발사나 핵 실험이 없을 것이다.
영웅(한국전쟁 미군 전사자)들 유해가 미국으로 계속 돌아올 것이다.
또 북한과 남한은 2032년 올림픽 공동 개최를 추진하기로 했다.
아주 흥미롭다!“고 적었다.
자정이 넘어 글을 올린 것으로 봐 남북정상회담 결과를 기다린 것으로 보인다.
'공'을 넘겨받은 트럼프 대통령이 환영 입장을 거듭 내놓은 것은 미국이 요구하는 북한 비핵화, 북한이 원하는 안전 보장 및 관계 정상화 협상이 재개돼 속도를 올릴 수 있다는 전망을 낳고 있다.
특히 한/미 정상회담을 통해 김 위원장의 구체적 메시지가 문재인 대통령을 통해 전달된 이후 마이크 폼페이오 미국 국무 장관의 4차 방북 및 2차 북/미 정상회담 일정이 잡힐 가능성도 커졌다.
트럼프 대통령이 결단한다면 이르면 중간 선거(11월 6일) 전인 10월께 2차 북/미 정상회담이 성사될 수 있다.
문정인 대통령 통일 외교 안보 특보는 평양에서 한 브리핑에서 “분명히 선언문에 담지 못한 김 위원장의 메시지가 있을 것“이라며 문 대통령이 이를 트럼프 대통령에게 전달할 것으로 본다고 말했다.
그는 “상당히 빠른 시간 안에“폼페이오 장관이 평양을 방문할 수 있다고 내다봤다.
특히 북한이 핵 개발의 상징이자 핵심인 영변 핵 시설에 대해 “미국이 상응 조치를 취하면“이라는 조건을 달긴 했지만 '영구적 폐기 같은 추가적 조치'를 처음으로 밝힌 점이 협상에 동력을 줄 수 있다.
트럼프 행정부로서는 '과거 정부들과 달리 역사적 성과를 얻을 수 있다'며 미국 여론을 설득하고 다시 협상에 나설 수 있을 만한 '중요 카드'이다.
트럼프 대통령이 공동 선언이 명시하지 않은 “핵 사찰“(nuclear inspEMtions)을 얘기한 것도 눈에 띈다.
공동 선언에서 “동창리 엔진 시험장과 미사일 발사대를 유관국 전문가들의 참관하에 우선 영구적으로 폐기“하기로 한 것을 핵 사찰로 확대 해석했거나, 자신의 희망을 반영해 선수를 치려는 의돌 수 있다.
하지만 물밑에서는 북/미 사이에 영변 핵 시설 사찰 협의까지 진척됐을 가능성도 시사한다.
핵 시설 폐기는 결국 사찰과 한 쌍이기 때문이다.
미국 언론에서도 북한이 핵 리스트를 여전히 제시하지 않는다며 회의적 시각이 나오는 반면 남북 정상회담이 돌파구가 될 수 있다는 시각이 나오고 있다.
<월스트리트 저널>은 “이번 발표는 김 위원장과 트럼프 대통령 사이에 돌파구에 대한 새롭ㄴ 희망을 제공했다“고 평가했다.
북한이 요구하는 상응 조처가 무엇인지를 놓고도 미국 행정부 내부는 물론 남/북/미 간에 긴밀한 논의가 필요할 것으로 보인다.
스콧 스나이더 미국 외교 협회(CFR) 선임연구원은 트위터에 “문 대통령은 싱가포르에서 담보됐어야 할 비핵화 관련 아이템들을 테이블에 올림로써 멋진 세이브를 했다“며 “하지만 최종 요구 가격이 얼만가?“라고 적었다.
정의용 청와대 국가 안보실장은 평양에서 기자들에게 '상응 조처에 종전 선언이 포함되느냐'는 질문에 “종전 선언을 포함한 여러 가지 방안들이 검토될 수 있다“고 답했다.
문 대통령, 15 만 북한 주민들 앞에서 연설한다 19일 저녁, '대집단 체조 관람' 5.1경기장에서 청와대 “문 대통령 연설, 생중계 예정“23일 미국으로 유엔총회서 트럼프와 정상회담?
문재인 대통령이 19일 저녁 15 만 명의 북한 주민이 모인 5.1능라도경기장에서 연설한다.
문 대통령은 또 24일 미국 뉴욕 유엔총회에서 도널드 트럼프 미국 대통령을 만나 '9월 평양 공동 선언'의 내용을 설명할 계획이다.
윤영찬 청와대 국민 소통 수석은 이날 서울 동대문디자인플라자 메인 프레스 센터에서 브리핑을 열어 “5.1능라도경기장에서 열리는 대집단 체조 예술 공연에서 문 대통령이 북측 참석자 15 만 명을 향한 인사 말씀을 하게 돼 있다“고 밝혔다.
문 대통령은 이날 저녁 대동강수산물식당에서 만찬을 한 뒤 5.1능라도경기장으로 이동해 대집단 체조를 관람하는데 이곳에서 북한 주민들에게 인사말을 겸한 연설을 1~2분 정도 하게 된다는 것이다.
윤 수석은 “(문 대통령의 연설은) 생중계가 예정돼 있다“고 덧붙였다.
윤 수석은 두 정상이 이날 합의해 발표한 '9월 평양 공동 선언'을 “실질적 종전 선언“이라고 설명했다.
윤 수석은 “두 정상은 1953년부터 지금까지 65년 간 이어져 온 한반도 정전 상태를 넘어 실질적 종전을 선언하고 그를 통해 조성된 평화 바탕으로 공동 번영으로 가는 구체적 실천 방향을 제시했다“며 “전쟁의 시대를 끝내고 한반도의 새롭ㄴ 평화와 번영의 미래를 열기 위한 실천적 방안이라고 생각한다“고 밝혔다.
20일 돌아오는 문 대통령은 3일 뒨 23일 미국으로 출국해 24일 트럼프 대통령을 만나는 강행군을 이어 간다.
윤 수석은 “유엔 정상회담에서 트럼프 대통령을 만나고 남북정상회담에 있었던 구체적 얘기들을 나누게 될 것“이라고 말했다.",43,3502
iks_doc_2018_hankyoreh_144,Hankyoreh 2018 total annotated text file unicode.txt,Hankyoreh,한겨레,2018,2018_multi_summit,"핵 전쟁 없는 한반도가 시작됐다 남북 사실상 '종전 선언' “어떤 경우에도 무력 사용 않는다“적대 행위 종식 북, 미 상응 조치 땐 영변 핵 시설 영구 폐기 용의 김정은 올 서울 답방 두 정상 20일 백두산 방문",,"문재인 대통령과 김정은 국무위원장이 '평양 정상회담'을 통해, 8 천만 한반도인의 비원인 항구적 평화로 가는 되돌릴 수 없는 여정이 시작됐음을 선언했다.
19일 평양 백화원 영빈관에서 2차 회담을 마치고 '9월 평양 공동 선언’(평양 선언)과 '판문점 선언 이행을 위한 군사 분야 합의서'(군사 합의서) 등을 발표하는 두 정상의 낯빛은 비장했다.
태도는 단호했고 목소리는 확신에 차 있었다.
문 대통령은 선언했다.
“전쟁 없는 한반도가 시작됐습니다.““한반도의 완전한 비핵화가 멀지 않았습니다.““남북 관계는 흔들림 없이 이어져 갈 것입니다.“김 위원장이 못 박듯 말했다.
“선언은 길지 않아도, 머지않아 현실로 펼쳐질 우리 모두의 꿈이 담겨져 있습니다.““우리는 그 어떤 역풍도 두렵지 않습니다.“4월 27일 판문점의 '화해의 봄'에 흩뿌려진 평화의 씨앗이, 19일 평양의 '협력의 가을'에 “알찬 열매“(김 위원장) “평화와 번영의 열매“(문 대통령)로 탐스럽게 영글고 있다.",6,492
iks_doc_2018_hankyoreh_145,Hankyoreh 2018 total annotated text file unicode.txt,Hankyoreh,한겨레,2018,2018_multi_summit,'평양 정상회담'의 성과를 토대로 문 대통령과 도널드 트럼프 미국 대통령의 뉴욕 유엔 총회 계기,,"24일(현지 시각) 정상회담을 거쳐 2차 북/미 정상회담이 성사되고, 함박눈이 내리는 세밑에 김 위원장의 서울 답방이 실현된다면, 우리는 마침내 “수십 년 세월 지속돼 온 처절하고 비극적인 대결과 적대의 역사“(김 위원장)를 뒤로하고, 불가역적 평화의 바다에 이르게 될 터다.
'평양 정상회담'의 성과를 '평화'의 시각에서 압축하면, '전쟁 위험의 근원적 제거'와 '한반도 비핵화 재추진 동력 확보'라고 할 수 있다.
말의 성찬에 머물지 않는다.
군사 합의서는 보험 약관을 방불하게 할 정도로 상세하다.
지금까지 채택된 어떤 남북 합의서보다 세부적이다.
합의서 본문 외에 ‘붙임 문서'만 5종이다.
문 대통령과 김 위원장의 실천 의지는 강력하다.
군사 합의서의 위상을 평양 선언의 부속 문서로 설정해, 합의 이행을 두 정상이 직접 챙기겠다는 의지를 강조했다.
무엇보다 김 위원장의 서울 답방을 104일밖에 남지 않은 올해 안으로 합의 공표해, 평양 선언과 군사 합의서의 이행 속도를 최대한 높이겠다는 의지를 드러냈다.
문 대통령과 김 위원장은, 4.27 판문점 선언에 명기된 '올해 안 종전 선언'을 입에 올리지 않았다.
평양 선언과 군사 합의서에도 '종전 선언'이라는 개념은 등장하지 않는다.
그러나 '평양 정상회담'의 결과는 무엇보다 두 정상의 '사실상의 종전 선언'이라고 할 수 있다.
남북군사 공동위를 가동해 '군사적 적대 관계 종식' 방안을 담은 군사 합의서를 속도감 있게 이행해 “한반도 전 지역의 실질적인 전쟁 위험 제거와 근본적인 적대 관계 해소“로 나아가겠다고 약속했다.(평양 선언 1조) 이는 남북의 '실질적 평화' 실현으로 법적 종전을 앞당기겠다는 전략이다.
둘째, '평양 정상회담'의 결과에는 남북미 3 각 관계에서 남북 관계의 속도감 있는 개선과 전진으로 북/미 관계를 견인하겠다는 두 정상의 전략 구상이 담겨 있다.
문 대통령과 김 위원장은 이런 전략 구상의 실천 방략을 평양 선언과 군사 합의서에 명기해 놨다.
무엇보다 남북 양자 회담사에 최초로 구체적 비핵화 방안을 합의 발표한 사실은, 한반도 평화사에서 말 그대로 '역사적 변곡점'이다.
평양 선언에 명기된 비핵화 실천 방안은 두 가지다.
첫째, 동창리 엔진 시험장과 미사일 발사대 영구 폐기 확약이다.
조건이 달리지 않은 약속이다.
“유관국 전문가들의 참관“까지 약속해, '사기 극' 운운하는 비난의 빌미를 주지 않겠다는 의지를 내비쳤다.
둘째 “영변 핵 시설의 영구적 폐기와 같은 추가적인 조처를 계속 취해 나갈 용의“를 밝혔다.
“미국이 6.12 공동 성명의 정신에 따라 상응 조처를 취하면“이라는 조건이 달려 있지만, '영변 핵 폐기' 카드를 미리 제시한 사실에 주목할 필요가 있다.
문 대통령이 트럼프 대통령을 상대로 '대북 상응 조처'와 2차 북/미 정상회담 추진을 설득할 때 건넬 선물 꾸러미를 김 위원장이 '한가위 선물' 삼아 챙겨 준 셈이다.
평양 선언엔 명기돼 있지 않지만, 미국의 상응 조처 촉진과 2차 북/미 정상회담 성사를 위한 디딤돌 놓기 차원에서 북쪽이 적절한 시점에 영변 핵 시설에 미국과 국제원자력기구(IAEA) 전문가들을 초청할 가능성이 있다.
요컨대 두 정상은 한반도 '평화' 문제에서 “민족 자주와 민족 자결 원칙“(평양 선언 전문)을 적극 실천하겠다는 의지를 밝힌 셈이다.
두 정상은 남북 교류 협력 분야에서도 “상호 호혜와 공리 공영“(평양 선언 2조)의 정신에 따라 4.27 판문점 선언 이행(올해 안 동 서해선 철도 도로 연결 착공 식) 경협 비전 제시('조건이 마련되는 데 따라' 개성 공단 금강산 관광 우선 정상화, 서해 경제 공동 특구 동해 관광 공동 특구 조성 협의) 환경 협력(우선 산림 협력) 방역 보건 의료 협력 강화 등 다방면에서 속도를 내기로 했다.
서해 경제 공동 특구는 10.4 선언의 '서해 평화 협력 특별 지대'와 문 대통령의 '접경 지역 통일 경제 특구' 구상(광복절 경축사) 등을, 동해 관광 공동 특구는 '금강산 원산(갈마 해안 관광 지구)설악 산'을 아우른 새롭ㄴ 경협 비전이다.
물론 제재가 완화돼야 현실화할 수 있다.
아울러 14일 개성 공단에 개소한 남북 공동 연락 사무소에 잇어 금강산 지역에도 “이산가족 상설 면회소를 빠른 시일 내 개소“하기로 했다.
한반도 허리춤의 동 서 양쪽에 교류 협력의 상설 무대를 마련하겠다는 구상이다.
문 대통령과 김 위원장은 '평양 정상회담'을 통해 항구적 평화를 향한 되돌릴 수 없는 여정에 나서는 한편으로, 남북 관계의 ‘일상화 상시화 상설화’의 청사진 또한 제시한 셈이다.
9월 평양 공동 선언 대한민국 문재인 대통령과 조선민주주의인민공화국 김정은 국무위원장은 2018년 9월 18일부터 20일까지 평양에서 남북정상회담을 진행했다.
양 정상은 역사적인 판문점 선언 이후 남북 당국 간 긴밀한 대화와 소통, 다방면적 민간 교류와 협력이 진행되고, 군사적 긴장 완화를 위한 획기적인 조치들이 취해지는 등 훌륭한 성과들이 있었다고 평가했다.
양 정상은 민족 자주와 민족 자결의 원칙을 재확인하고, 남북 관계를 민족적 화해와 협력, 확고한 평화와 공동 번영을 위해 일관되고 지속적으로 발전시켜 나가기로 했으며, 현재의 남북 관계 발전을 통일로 잇어 갈 것을 바라는 온 겨레의 지향과 여망을 정책적으로 실현하기 위해 노력해 나가기로 했다.
양 정상은 판문점 선언을 철저히 이행해 남북 관계를 새롭ㄴ 높은 단계로 진전시켜 나가기 위한 제반 문제들과 실천적 대책들을 허심탄회하고 심도 있게 논의했으며, 이번 평양 정상회담이 중요한 역사적 전기가 될 것이라는 데 인식을 같이 하고 다음과 같이 선언했다.
1. 남과 북은 비무장 지대를 비롯한 대치 지역에서의 군사적 적대 관계 종식을 한반도 전 지역에서의 실질적인 전쟁 위험 제거와 근본적인 적대 관계 해소로 이어 나가기로 했다.
① 남과 북은 이번 평양 정상회담을 계기로 체결한 판문점 선언 군사 분야 이행 합의서를 평양 공동 선언의 부속 합의서로 채택하고 이를 철저히 준수하고 성실히 이행하며, 한반도를 항구적인 평화 지대로 만들기 위한 실천적 조치들을 적극 취해 나가기로 했다.
② 남과 북은 남북군사공동위원회를 조속히 가동해 군사 분야 합의서의 이행 실태를 점검하고 우발적 무력 충돌 방지를 위한 상시적 소통과 긴밀한 협의를 진행하기로 했다.
2. 남과 북은 상호 호혜와 공리 공영의 바탕 위에서 교류와 협력을 더욱 증대시키고, 민족 경제를 균형적으로 발전시키기 위한 실질적인 대책들을 강구해 나가기로 했다.
① 남과 북은 금년 내 동, 서해선 철도 및 도로 연결을 위한 착공식을 갖기로 했다.
② 남과 북은 조건이 마련되는 데 따라 개성 공단과 금강산 관광 사업을 우선 정상화하고, 서해 경제 공동 특구 및 동해 관광 공동 특구를 조성하는 문제를 협의해 나가기로 했다.
③ 남과 북은 자연 생태계의 보호 및 복원을 위한 남북 환경 협력을 적극 추진하기로 했으며, 우선적으로 현재 진행 중인 산림 분야 협력의 실천적 성과를 위해 노력하기로 했다.
④ 남과 북은 전염성 질병의 유입 및 확산 방지를 위한 긴급 조치를 비롯한 방역 및 보건 의료 분야의 협력을 강화하기로 했다.
3. 남과 북은 이산가족 문제를 근본적으로 해결하기 위한 인도적 협력을 더욱 강화해 나가기로 했다.
① 남과 북은 금강산 지역의 이산가족 상설 면회소를 빠른 시일 내 개소하기로 했으며, 이를 위해 면회소 시설을 조속히 복구하기로 했다.
② 남과 북은 적십자 회담을 통해 이산가족의 화상 상봉과 영상 편지 교환 문제를 우선적으로 해결해 나가기로 했다.
4. 남과 북은 화해와 단합의 분위기를 고조시키고 우리 민족의 기개를 내외에 과시하기 위해 다양한 분야의 협력과 교류를 적극 추진하기로 했다.
① 남과 북은 문화 및 예술 분야의 교류를 더욱 증진시켜 나가기로 했으며, 우선적으로 10월 중에 평양 예술단의 서울 공연을 진행하기로 했다.
② 남과 북은 2020년 하계 올림픽 경기 대회를 비롯한 국제 경기들에 공동으로 적극 진출하며, 2032년 하계 올림픽의 남북 공동 개최를 유치하는 데 협력하기로 했다.
③ 남과 북은 10.4 선언 11주년을 뜻 깊게 기념하기 위한 행사들을 의의 있게 개최하며, 3.1운동 100주년을 남북이 공동으로 기념하기로 하고, 그를 위한 실무적인 방안을 협의해 나가기로 했다.
5. 남과 북은 한반도를 핵무기와 핵 위협이 없는 평화의 터전으로 만들어 나가야 하며 이를 위해 필요한 실질적인 진전을 조속히 이뤄 나가야 한다는 데 인식을 같이 했다.
① 북측은 동창리 엔진 시험장과 미사일 발사대를 유관국 전문가들의 참관하에 우선 영구적으로 폐기하기로 했다.
② 북측은 미국이 6.12 북미 공동 성명의 정신에 따라 상응 조치를 취하면 영변 핵 시설의 영구적 폐기와 같은 추가적인 조치를 계속 취해 나갈 용의가 있음을 표명했다.
③ 남과 북은 한반도의 완전한 비핵화를 추진해 나가는 과정에서 함께 긴밀히 협력해 나가기로 했다.
6. 김정은 국무위원장은 문재인 대통령의 초청에 따라 가깝ㄴ 시일 내로 서울을 방문하기로 했다.",55,4401
iks_doc_2018_hankyoreh_146,Hankyoreh 2018 total annotated text file unicode.txt,Hankyoreh,한겨레,2018,2018_multi_summit,2018년 9월 19일 대한민국 대통령 문재인? 조선민주주의인민공화국 국무위원장 김정은,"성공한 '등산 덕후' 문 대통령, 백두산 등반 꿈 이루다 '백두산 개마고원 트레킹' 소원 꼽아 와","20일 김정은 국무위원장과 함께 북한 쪽 길을 통한 백두산 등반을 앞둔 문재인 대통령의 '등산 사랑'은 유명하다.
'백두산과 개마고원을 트레킹하고 싶다'고 공식 석상에서 여러 차례 밝힌 바 있는데, 이번 제3차 남북정상회담을 위한 방북에서 그 소원을 마침내 이루게 된 셈이다.
지난 2월 문 대통령은 김영남 북한 최고인민회의 상임 위원장, 김여정 북한 노동당 제1 부부장 등 북한 특사단과의 오찬 자리에서 “저는 등산과 트레킹을 좋아하는데, 히말라야 5900m까지 올라갔다“며 “젊었을 때 개마고원에서 한 두 달 지내는 것이 꿈이었다.
저희 집에 개마고원 사진도 걸어 놨다“고 말했다.
판문점에서 열린 지난 4월 27일 제1차 남북정상회담 때는 김정은 북한 국무위원장에게 판문점 우리 쪽 '평화의집' 내부에 걸린 그림들을 소개하면서 백두산 이야기를 꺼냈다.
문 대통령은 “백두산을 가 본 적이 없다“며 “그런데 중국 쪽으로 백두산을 가는 분이 많다고 한다.
나는 북쪽을 통해서 꼭 백두산에 가 보고 싶다“고 말했다.
그날 저녁 만찬 때도 “오래 전부터 이루지 못한 꿈이 있는데 바로 백두산과 개마고원을 트레킹하는 것““퇴임하면 백두산과 개마고원 여행권 한 장 보내 주시겠느냐“고 김정은 국무위원장에게 '농담'을 건네 참석자들의 웃음을 자아낸 바 있다.
당시 문 대통령은 “하지만 내게만 줘지는 특혜가 아닌 우리 민족 누구에게나 그런 날이 오기를 기원한다“며 “남과 북이 자유롭게 오갈 수 있는 그날을 위해“라고 건배사를 마무리했다.
취미가 '등산'인 문 대통령은 네 차례나 히말라야에 오른 '등산 마니아'이다.
2004년 청와대 민정 수석을 사퇴한 뒤 히말라야 등반 중 노무현 전 대통령의 탄핵 소추 안 국회 통과 소식을 듣고 급히 돌아와 노 전 대통령 대리인단으로 참여하기도 했다.
대통령 취임 전후에도 산에 올랐다.
19대 대통령 선거 투표일이었던 2017년 5월 9일, 투표를 마친 문 대통령은 김정숙 여사와 함께 홍은 동 사저 뒷산으로 향했다.
취임 첫 주말도 등산으로 보냈다.
대선 기간에 문재인 캠프를 전담으로 맡았던 기자들과 함께 13일 청와대 뒷산인 북악산 등산로의 4.4km 구간을 올랐다.
'50분 가량'으로 예정됐던 산행 시간은 2시간으로 늘어났다.
산행을 마치고 청와대 식당에서 배식하는 임종석 대통령 비서실장과 기자들의 지친 모습이 커뮤니티에서 화제가 되기도 했다.
‘즐겁나 슬프나' 산을 찾는 대통령의 '등반' 소식은 사회 관계 망 서비스(SNS)에서 더 빨리 퍼졌다.
대통령 취임 뒤 첫 여름 휴가를 맞아 강원도 오대산에 들렀을 때는 산에서 마주친 등산객들이 '셀카'를 요청하면서 등산 사실이 알려졌다.
북한이 제6차 핵 실험을 강행하며 정국이 얼어붙었던 지난해 9월 초 문 대통령이 북악산을 찾았을 때도 온라인 커뮤니티에 먼저 사진이 올라왔다.
문 대통령이 드디어 백두산을 등반하게 됐다는 소식이 19일 알려지자 누리꾼들은 “산악 덕후(마니아를 일컫는 말)의 꿈은 이루어진다“며 '축하'를 보내고 있다.
누리꾼들은 “아니 대통령이 등산 빌런(무엇인가에 집착하는 특이한 괴짜를 일컫는 말)이라니““2018년 최고 유행어는 '백두산 갈래'가 될 것““맨날 입던 그 등산복에 등산화 보는 것이냐“등의 반응을 보였다.
'저는 → 나는' 판문점 선언 때와 달라진 김정은 호칭, 왜?
김 위원장, 4월과 달리 주어 “나는“사용 “이미지 개선 위한 전략적 판단 가능성“북 매체 '육성 방송' 염두에 뒀을 수도?
지난 4월 '판문점 선언' 발표 당시 기자 회견에서 '저는'이라며 자신을 낮췄던 김정은 국무위원장이 '9월 선언'에서는 '나는'으로 스스로에 대한 호칭을 바꿨다.
지난 4월 27 일 '판문점 선언' 당시 김 위원장은 “저와 문재인 대통령은“이라는 문구를 3 차례 반복하며 자신을 낮췄다.
“나는 오늘 판문점 분리 선을 넘어 여기에 왔습니다“등 자신을 홀로 언급할 때는 “나는“이라는 표현을 썼지만, 문재인 대통령과 함께 언급하는 대목에서는 꼬박꼬박 “저는“이라는 표현을 사용했다.
하지만 19일 '9월 선언'에서는 달라졌다.
김 위원장은 “나와 문재인 대통령은“, “문재인 대통령과 내가“, “나는 문재인 대통령에게“등 문 대통령과 함께 자신을 언급할 때도 자신을 “나“로 표현했다.
김정은 위원장 '판문점 선언' 발표문 중 (4월 27일) 오늘? 저와 문재인 대통령은? 분열의 비극과 통일의 열망이 응결돼 있는 이곳 판문점에서 역사적인 책임감과 사명감을 안고 첫 회담을 가졌습니다.?
?저와 문재인 대통령은? 우리의 상봉을 간절히 바라고 열렬히 지지 성원해 준 북과 남 온 겨레의 소망과 기대를 무겁게 받아들이고 북남 인민들이 절실히 바라는 문제 해결을 위해 많은 의제들을 진지하게 논의했습니다.?
?저와 문재인 대통령은? 방금 오늘 회담에서 합의된 의제들과 그 구체적 조치들을 반영한 조선 반도의 평화와 번영, 통일을 위한 판문점 선언을 채택하고 서명했습니다.
김정은 위원장 '9월 선언' 발표문 중 (9월 19일) 친애하는 여러분, 북과 남 해외 동포 형제 자매들, 판문점 선언의 풍성한 수확을 안고 평양에서 세 번째로 만난? 나와 문재인 대통령은? 방금 역사적인 9월 평양 공동 선언에 서명했습니다.
이번에 나는 문재인 대통령과 기쁜 마음으로 북과 남이 함께 이룩한 관계 개선의 소중한 결실들을 돌이켜 봤습니다.?
오늘? 문재인 대통령과 내가? 함께 서명한 '9월 평양 공동 선언'에는 이 모든 소중한 합의와 약속들이 그대로 담겨져 있습니다.?
?나는 문재인 대통령에게? 가깝ㄴ 시일 안에 서울을 방문할 것을 약속했습니다.
'판문점 선언'과 같은 정상 간의 발표에서 자신을 낮추는 호칭을 사용하는 것은 이례적인 일이다.
'대통령의 글 쓰기'를 펴낸 강원국 전 청와대 연설 비서관은 <한겨레>와의 통화에서 “국가 정상이 발표할 때는 '나'라고 표현하는 것이 정상이다.
다만 '판문점 선언' 당시는 남북 긴장 국면이 오랫동안 이어져 왔었고 우리나라에서 김정은 위원장에 대한 인식이 좋지 않았던 점을 고려해 '저'이라는 표현을 한 것이 아닌가 한다.
그리고 이번에는 신뢰가 쌓였다고 보고 호칭 문제를 바로잡은 것으로 보인다“라고 말했다.
또 “4월에 '저'라고 표현한 데에는 북한의 전략적인 판단이 있었다고 생각한다.
국가 정상의 발표에서 호칭과 같은 중요한 문제를 실수했을 가능성은 거의 없다.“라고 덧붙였다.
이번 '9월 선언'을 발표하는 두 정상의 발언 영상을 북한 내에서 보도하기 위해서 “저“이라는 호칭을 바꿨을 가능성도 있다.
북한의 최고 지도자가 문재인 대통령 앞에서 자신을 낮추는 표현을 사용하는 모습을 그대로 방송하기는 어렵기 때문이다.
<조선중앙통신> 등 북한 매체들은 지난 4월 '판문점 선언'을 대대적으로 보도했지만, 두 정상의 육성을 방송으로 내보내지는 않았다.
북한 매체들은 김 위원장의 일정 등을 보통 하루 지난 뒤부터 보도해 왔다.
<조선중앙통신>은 이번 두 정상의 만남도 정상회담 이틀짼 19일 오전부터 보도하기 시작했다.
이 때문에 19일 있었던 '9월 선언'과 관련한 보도는 20일부터 이루어질 가능성이 크다.",48,3456
iks_doc_2018_hankyoreh_147,Hankyoreh 2018 total annotated text file unicode.txt,Hankyoreh,한겨레,2018,2018_multi_summit,"김성태 “북한은 핵 숨겼는데 우린 무장 해제 속 빈 공동 선언““청와대, '경제인 방북 요청' 관련해 새빨갛ㄴ 거짓말“",,"자유한국당 김성태 원내 대표는 19일 “혹시나 했는데 역시나 실망스럽다.
북한은 핵을 꼭꼭 숨겨 놓고 있는데 우리는 모든 전력의 무장 해제를 해 버리는 결과를 만들어 냈다“고 말했다.
김 원내 대표는 오후 국회에서 열린 의원 총회에서 “북한은 핵 물질 핵탄두 핵 시설 리스트 신고는 일언반구도 없이 동창리 엔진 시험장과 미사일 발사대 폐기로 비핵화 시늉만 하겠다는 입장을 고수했다“면서 이 같이 밝혔다.
김 원내 대표는 “평양 공동 선언은 핵 신고 과정을 핵 시설, 핵무기, 핵 물질로 단계적으로 쪼개 각 과정에서 미국의 보상 체계를 명시하는 단계적 비핵화 방안, 다시 말해 북한이 고수해 온 살라미 전술을 받아들인 선언에 불과하다“고 강조했다.
그는 “북한 김정은 국무위원장이 북핵 폐기 약속을 하고 미국과 유엔 안보리가 대북 제재 문제를 논의한 뒤 그 결과에 따라 교류가 강화돼야 하는데 문 대통령이 순서를 망각한 것 같다“며 “평양에서 점심으로 무엇을 드셨는지 모르지만 심각한 오류에 빠졌다“고 지적했다.
그러면서 “공동 선언에 명시되지 않은 비핵화 로드맵에 대해 정부의 상세한 해명을 요구한다“며 “속 빈 강정에 불과한 공동 선언도 문제지만, 군사적 합의도 절대 수용할 수 없으며 그에 상응하는 특단의 조치를 강구하겠다“고 밝혔다.
앞서 김 원내 대표는 오전 비대위 중진 의원 연석 회의에서 남북정상회담에 경제인들이 동행한 것과 관련해 “문 대통령의 측근 참모들이 국민을 우습게 보고 새빨갛ㄴ 거짓말을 하고 있다“고 말했다.
김 원내 대표는 “윤영찬 청와대 국민 소통 수석은 어제 오후 3시 '경제인 방북은 북측의 요청이 아녔다'고 했지만, 30분 후 북측 인사가 이재용 삼성전자 부회장 등을 만나 방북을 요청했다는 사실을 밝혔다“고 덧붙였다.
그는 “문 대통령 말씀대로 판문점의 봄이 평양의 가을로 이어진 것까지는 좋은데, 정작 비핵화 논의는 왜 힘들ㄴ지 겨울이 오기 전에 답을 해야 한다“고 지적했다.",9,958
iks_doc_2018_hankyoreh_148,Hankyoreh 2018 total annotated text file unicode.txt,Hankyoreh,한겨레,2018,2018_multi_summit,"현재 미래 핵 폐기까지 언급 '비핵화 초기 로드맵' 만들었다 남북 정상 '비핵화 실천 방안' 합의 내용 보니 동창리 시험장 폐기, 검증 가능한 방식 약속 “미 상응 조처 땐 영변 핵 폐기 같은 추가 조처 용의“현재 핵 폐기 넘어 과거 핵까지 폐기 뜻 비쳐 '종전 선언과 핵 신고' 교환 언급은 빠져 눈길",,"문재인 대통령과 김정은 국무위원장이 19일 '평양 공동 선언'에서 내놓은 '비핵화를 위한 실천적 방안'은 북한의 추가적인 선제 조처와 새롭ㄴ 약속을 통해 미국의 상응 조처를 이끌어 내는 것으로 요약할 수 있다.
두 정상의 합의라는 점에서 남북 공동의 비핵화 초기 로드맵이라 할 만하다.
북한의 추가적인 선제 조처는 6.12 북/미 싱가포르 정상회담에서 약속한 동창리 미사일 시험장 폐기를 검증 가능하고, 불가역적인 방식으로 실천하겠다는 것이다.
동창리 미사일 시험장에선 지난 7월 발사대와 로켓 엔진 시험 대 일부가 해체된 정황이 민간 위성에 포착됐으나, 이것이 실제 폐기를 위한 조천지는 불확실했다.
외국 전문가들의 참관 아래 폐기가 이루어진다면, 북한이 지금까지 선제적으로 취한 비핵화 조처의 진정성에 대한 우려를 해소하는 계기가 될 것으로 보인다.
영변 핵 시설의 영구적 폐기는 미국의 상응 조처를 촉진하기 위한 김 위원장의 약속이다.
한층 적극적인 비핵화 조처를 제시함로써 종전 선언과 같은 미국의 상응 조처가 이루어질 수 있는 길을 넓힌 것으로 풀이된다.
김 위원장은 지난 5일 문 대통령의 대북 특사단에게 미국의 상응 조처가 있으면 더욱 적극적인 조처를 취한 의지가 있음을 밝힌 바 있다.
구갑우 북한대학원대 교수는 “북한이 영변 핵 시설의 영구적 폐기를 약속하면서 단계적 동보적 조처의 필요성을 재확인한 것으로 보인다“고 말했다.
영변 핵 시설은 북한 핵 능력의 현재와 미래를 상징한다.
김 위원장의 영변 핵 시설 폐기 약속은 북한이 이른바 '현재 핵'까지 폐기할 의사가 있음을 처음으로 확인한 것이다.
이는 문 대통령이 남북정상회담에 앞서 “이제 북한이 한 걸음 더 나아가야 할 일은 현재 보유한 핵무기, 핵 물질, 핵 시설, 핵 프로그램을 포기하는 것“이라고 주문한 것과 맥이 통한다.
김 위원장이 문 대통령의 제안에 답한 것으로 볼 수 있다.
공동 선언은 “영변 핵 시설의 영구적 폐기와 같은 추가적인 조치를 계속 취해 나갈 용의가 있음“을 표명하고 있다.
미국의 상응 조처에 따라선 북한의 '현재 핵' 폐기가 핵 물질, 핵무기와 같은 '과거 핵'까지 확장될 수 있음을 시사한다.
조성렬 국가안보전략연구원 선임 연구 위원은 “비핵화 과정에서 남북 간에 할 수 있는 부분과 북/미 간에 할 수 있는 부분을 구분한 것 같다“며 “이른바 '과거 핵'은 북/미 간에 논의될 것으로 보인다“고 말했다.
공동 선언에 담기지 않은 내용이 어쩌면 더욱 중요하다.
정의용 청와대 국가 안보실장은 “공동 선언 내용 이외에도 많은 논의가 있었다“며 “이런 논의 결과를 토대로 내주 초 뉴욕에서 열리는 한/미 정상회담에서 비핵화 협상의 속도를 낼 수 있는 방안들을 심도 있게 논의할 것“이라고 말했다.
문 대통령이 방북에 앞서 “이번 회담으로 북/미 대화가 재개되기만 한다면 그것 자체로 큰 의미가 있다“고 말한 것을 상기하면, 남북정상회담에서 일정한 성과를 거뒀음을 시사한다.
비핵화 협상에 밝은 한 전문가는 “김 위원장이 영변 핵 시설 폐기에 앞서 미국의 상응 조처를 끌어내기 위한 추가적인 조처를 거론했을 가능성이 있다“며 “북한이 미국의 상응 조처 의사를 확인하면 국제원자력기구 사찰단 복귀 등의 선제적 조처를 취할 수도 있다“고 말했다.
공동 선언에 지금까지 북/미 간에 교착 점으로 알려진 '종전 선언과 핵 신고'이라는 상응 조처 교환이 언급되지 않은 것도 되새겨 볼 필요가 있다.
김 위원장은 지금 상황에서 핵 신고를 하기엔 북/미 간에 신뢰의 수준이 낮다고 본 듯하다.
신고를 해도 또 다른 불신이 제기될 수 있기 때문이다.
김 위원장은 종전 선언과 영변 핵 시설 폐쇄라는 추가적인 신뢰 구축을 통해 핵 신고로 나아가는 경로를 그린 것으로 보인다.
남북은 한반도의 완전한 비핵화를 추진해 나가는 과정에서 함께 긴밀히 협력해 나가기로 합의했다.
향후 비핵화 협상 과정에서 남북 협력을 상수로 설정한 셈이다.
문 대통령이 이번 남북정상회담의 논의를 토대로 한/미 정상회담에서 북/미 간 접점을 이끌어 낸다면 연내 종전 선언으로 이어지는 비핵화 협상의 물살이 빨라질 것으로 전망된다.
재개되는 화상 상봉 VR 상봉도 가능할까?
2005년 시작 2년 동안 3748명 만나 당시엔 2Mbps 속도로 연결 화질 높이려면 망 증설 필요할 듯?
19일 평양에서 열린 남북 정상회담을 통해 이산가족 화상 상봉과 영상 편지를 교환 문제를 우선적으로 해결해 나가기로 합의함에 따라, 앞으로 화상 상봉이 어떻게 진행될지 관심이 쏠린다.
화상 상봉이 재개되면 2007년 이후 11년 만이다.
화상 상봉은 2005년 8월 15일부터 2007년 11월 15일까지 남북 적십자사 주관으로 모두 7번 열렸다.
이산가족 3748명이 직접 만나지 못하는 아쉬움을 티브이를 통해서나마 달랬다.
당시 남쪽에는 수도권 7 곳과 부산 대구 광주 대전 춘천 등 12 곳에 설치된 화상 상봉장에서 만남이 이루어졌다.
50형(인치) 피디피(PDP)텔레비전에 지금은 잘 쓰이지 않는 피시(PC) 카메라를 통해 이루어졌다.
2005년 화상 상봉을 앞두고 7월 18일 남북은 평양~개성 전화국 간 광케이블과 개성~케이티(KT) 문산 지사 간 광케이블을 연결했다.
개성~문산 간 광케이블은 화상 상봉 뿐만 아니라 개성 공단에 입주해 있는 남쪽 기업들의 통신 지원용으로도 쓰였다.
현재 개성에 설치돼 있는 남북 공동 연락 사무소도 광케이블을 통해 소통한다.
화상 상봉용 광케이블은 서울 남산의 대한적십자사까지 연결된다.
이 광케이블은 2007년 11월 평양에서 열린 남북정상회담 중계 때도 사용됐다.
올해 열린 남북 정상회담도 이 광케이블을 사용하려고 했으나 성사되지 못한 것으로 전해진다.
남북 간 연결된 광케이블이 낼 수 있는 최대 속도는 45Mbps로 최근 가정에서 흔히 쓰이는 1Gbps짜리 '기가인터넷'에 비하면 매우 느리다.
11년 전 열렸던 화상 상봉 때는 영상 전송은 2Mbps 속도로 이루어졌는데, 기존 설비를 활용하면 현재 남쪽에서 쓰는 영상보다 화질이 많이 떨어질 가능성이 높다.
스마트폰으로도 4K영상을 보는 남쪽 상황에 견주면 매우 아쉽ㄴ 상황이다.
당시 기술 지원을 했던 케이티 쪽은 “북쪽에 깔린 망 상태를 알ㄹ 수 없는 상황이어서 어느 수준까지 속도와 화질을 낼 수 있을지는 점검을 해 봐야 알ㄹ 수 있을 것“이라며 “앞으로 화상 상봉 추진 계획을 관심 있게 지켜 보고 있다“고 말했다.
지난 5월 남북협력사업개발 티에프(TF)를 출범시키며 남북 교류에 적극적으로 뛰어들ㄹ 태세를 갖추고 있는 케이티는 가상 현실(VR), 홀로그램 기반의 이산가족 화상 상봉을 지원하기 위해 다양한 방안을 검토하겠다는 입장이다.
이런 기술들이 사용된다면 바로 옆에서 가족을 직접 만나는 듯한 효과를 줄 수 있지만, 많은 트래픽이 필요하기 때문에 통신망 증설이 우선적으로 해결돼야 한다.
그러나 이는 여기에 필요한 기기 자재들을 북쪽으로 반입해야 하기 때문에 대북 제재가 먼저 해결돼야 한다는 숙제를 안고 있다.",48,3402
iks_doc_2018_hankyoreh_149,Hankyoreh 2018 total annotated text file unicode.txt,Hankyoreh,한겨레,2018,2018_multi_summit,남북정상회담 끝나자 경협 주는 하락세 정상회담 앞두고 상승세 호재 선반영,,"문재인 대통령과 김정은 북한 국무위원장이 3차 남북정상회담 결과를 발표한 20일 남북 경제 협력 관련주들은 대부분 하락세를 보였다.
남북정상회담을 앞두고 한동안 상승세를 탔던 경협 주들은 이날 대부분 주가가 떨어졌다.
엔에이치(NH)투자 증권이 내놓은 경협 주를 살펴보면, 도로 건설 관련 회산 현대건설의 주가는 2.84%(/1900원), 남광 토건은 6.59%(/1950원) 하락했다.
철도 관련 기업 주가도 하락했다.
일신 석재의 주가는 6.87%(/155원), 이화 공영은 7.78%(/700원), 대아티아이는 0.65%(/60원) 하락하며 장을 마감했다.
철도와 도로 등 인프라는 북한이 열악한 상황으로 알려져 남북 경협의 대표적 수혜 주로 꼽혔었다.
문 대통령도 이날 기자 회견에서 “남과 북은 올해 안에 동 서해선 철도와 도로 연결을 위한 착공식을 가지겠다“고 말했다.
잇어 “환경이 조성되는 대로 개성 공단과 금강산 관광 사업 정상화도 이루어질 것“이라고 밝혔다.
개성 공단과 금강산 관광 관련 기업의 주가도 떨어졌다.
개성 공단에 공장이 있는 코스닥 기업 좋은사람들의 주가는 7.69%(/440원) 하락했다.
현정은 현대그룹 회장이 이끄는 현대 엘리베이터의 주가는 7.05% (/8000원) 내렸고, 북한에 리조트가 있는 아난티 역시 2.92% (/270원) 떨어졌다.
김영환 케이비(KB)증권 연구원은 “대북 경협 주의 경우 조정을 보였는데 이는 회담 결과에 대한 실망감이라기보다는 '남북정상회담 재료 소진에 따른 차익 실현 매물 출회' '추석 연휴를 앞둔 고변동성 주식 비중 축소'가 복합적으로 작용한 결과라고 판단된다“며 “북한 개방 관련주에 대한 긍정적 시각을 유지하는 바다“고 분석했다.
윤석헌 금감원장 “남북 경협, 금융사도 필요한 역할 할 것““외국계 금융사에도 도약의 기회“윤석헌 금융감독원장이 19일 남북 정상이 발표한 '평양 공동 선언문'에 포함된 남북 경제 협력과 관련해 “금융 회사도 (북한에) 들어갈 터니 금융 위원회와 금감원이 (필요한) 역할을 할 것“이라고 말했다.
윤 원장은 이날 서울 여의도 콘래드 호텔에서 24개 외국계 금융 회사 대표들과 간담회를 열ㄴ 뒤, 기자들과 만나 “이번에 산업 은행 회장이 갔으니 전체적인 구도를 짤 것“이라며 이 같이 말했다.
윤 원장은 “일단은 경제 협력이 어떻게 진행되는지 지켜 보고 구체적인 내용이 나오면 금감원이 할 일을 찾을 수 있을 것“이라고 덧붙였다.
이날 간담회에서 윤 원장은 “남북 경협 가능성 등 우호적 주변 여건으로 인해 '동북아시아의 금융 중심지'이라는 목표 달성을 위한 범정부 차원의 대응도 지속될 것“이라며 “이런 상황은 외국계 금융사에도 값진 도약의 기회가 됨는 물론, 외국계 금융사와 한국 금융 시장 간 동반 성장의 계기로 작용할 수 있다“고 강조했다.
금감원은 지난해 말 기준 외국계 금융 회사의 자산은 416조 7 천억 원으로 전년 대비 3.5% 늘었다고 밝혔다.
같은 기간 국내 진입한 외국계 금융 회사 수는 168개에서 165개로 줄었다.",18,1483
iks_doc_2018_hankyoreh_150,Hankyoreh 2018 total annotated text file unicode.txt,Hankyoreh,한겨레,2018,2018_multi_summit,"문재인 김정은 두 정상, 내일 백두산 함께 오른다 김 위원장 제안을 문 대통령이 받아들여 추진 “아침 일찍 출발 세부 일정은 현재 협의 중“방북 이전부터 청와대 '백두산 가능성' 내비쳐",,"문재인 대통령과 김정은 북한 국무위원장이 20일 함께 백두산에 오른다.
김의겸 청와대 대변인은 19일 평양 프레스 센터에서 기자 회견을 열어 “문 대통령과 김 위원장이 내일 백두산 방문을 함께 하기로 했다“며 “두 분의 백두산 방문은 김정은 위원장의 제안으로 문재인 대통령이 이를 받아들여서 이루어진 것이다“라고 말했다.
그는 “백두산 방문은 내일 아침 일찍 출발할 예정이며 구체적인 일정은 현재 협의 중에 있다“고 말했다.
김 대변인은 잇어 “일단 백두산 남쪽 정상인 장군봉까지는 올라갈 예정이고 날씨가 좋으면 내려가는 길에 천지까지도 갈 예정“이라고 했다.
김정숙 여사와 수행원들도 동행할 예정이다.
두 정상은 항공기를 이용해 삼지연공항으로 이동한 뒤 버스와 궤도 차량으로 장군봉까지 오를 것으로 알려졌다.
장군봉에서 천지로 내려가는 길은 케이블카가 설치돼 있다.
삼지연공항에서 버스 등 차량을 이용해 장군봉으로 이동하는 데는 1 시간~1시간 30분 가량 걸리는 것으로 알려졌다.
김 위원장이 문 대통령에게 언제 백두산행을 제안했는지에 대해 김 대변인은 “어제 오늘 사이의 일“로 방북 이전에 제안을 받은 것은 아니라고 밝혔다.
앞서 문 대통령은 지난 18일 대통령 전용기가 평양 국제 공항에 내리기 직전 기내에서 “백두산에 가긴 가되 중국이 아닌 북쪽으로 올라가겠다고 그동안 공언해 왔다.
중국 동포가 백두산으로 나를 여러 번 초청했지만 내가 했던 그 말 때문에 늘 사양했었는데.
(웃으면서) 그 말을 괜히 했나 보다 하고 후회하곤 했다“며 북한 쪽 길을 통해 백두산을 방문하고 싶은 마음을 에둘러 표현했다.
취미가 등산인 문 대통령은 경남 양산 자택에 살ㄹ 때 뒷산을 자주 올랐고, 히말라야 트래킹도 네 번 다녀올 정도로 등산을 좋아한다.
청와대는 방북 이전부터 문 대통령의 백두산 방문 가능성을 암시한 바 있다.
임종석 대통령 비서실장은 지난 17일 “정상회담이 성공적으로 끝날 경우 마지막 날인 20일 두 정상이 친교 일정을 가질 수도 있고, 이렇ㄹ 경우 귀경 일정이 변경될 수도 있다“고 밝혔기 때문이다.
현대 상의 중기중앙회 무역협회 '9월 평양 공동 선언' 환영 현대그룹 “금강산 관광, 개성 공단 정상화 결정에 감사“상의 “한반도의 평화 시대를 위한 분수령이 될 것“중기중앙회 “개성 공단 가동 금강산 조기 재개 희망“무역협회 “선언 내용 추진되도록 최선 다할 것“?
현대그룹과 대한상공회의소, 중소기업중앙회, 무역협회 등이 '9월 평양 공동 선언' 합의에 대해 환영 입장을 밝혔다.
현대그룹은 19일 오후 입장문을 내 “현대그룹은 남북 정상께서 금강산 관광과 개성 공단의 정상화라는 담대한 결정에 진심으로 감사하며, 우리에게는 매우 반갑ㄴ 소식“이라고 밝혔다.
현대그룹은 “이번 선언문에 '조건이 마련되는 데 따라'이라는 전제가 있는 것처럼, 사업 정상화를 위한 환경이 조속하게 마련되길 간절히 바란다“며 “금강산 관광과 개성 공단 등 기존 사업 정상화뿐 아니라 현대가 보유한 북측 SOC 사업권을 기반으로 중장기적으로 남북 경협 사업을 확대 발전 시키기 위해 철저히 대비해 나갈 것“이라고 밝혔다.
현대그룹은 금강산 관광을 주관하는 등 경협 사업에 전력해 왔으며, 현정은 회장이 이번 정상회담 특별 수행단에 포함됐다.
상의도 이날 '평양 공동 선언 관련 논평'을 내 “판문점 선언에 잇어 한반도의 평화 시대를 위한 분수령이 될 것으로 평가한다.
한반도의 완전한 비핵화를 추진하고, 이를 통해 남북 경협을 위한 논의가 있었던 것에 의의가 있으며 향후 북미 대화를 통해 실질적인 진전들이 이루어지길 기대한다“며 “우리 경제계는 경협의 조건이 조기에 성숙되기를 기대하며 이에 대비하는 노력을 기울일 것이다“라고 밝혔다.
중소기업중앙회도 논평을 통해 “중소기업계는 한반도의 평화와 새롭ㄴ 미래를 가져올 의미 있는 한걸음이 된 '9월 평양 공동 선언'을 적극 환영한다“고 밝혔다.
박성택 중기중앙회장이 이번 정상회담에 동행했다.
중기중앙회는 “이번 공동 선언은 남과 북이 처음으로 한반도를 항구적인 평화 지대로 만들어 나가기 위한 비핵화의 단계적 추진과 군사 합의를 이뤄 냈다는 점에서 의의가 있다“며 “김정은 위원장의 가깝ㄴ 시일 안의 서울 방문, 민족 경제의 균형 발전을 위한 다방면의 실질적인 대책들이 논의됐다“고 평가했다.
중기중앙회는 “올해 안에 철도 및 도로 연결을 위한 착공식 개최, 개성 공단 가동과 금강산 관광 사업의 조기 재개 노력, 서해 경제 공동 특구 등을 조성하는 문제를 협의하기로 한 것은 향후 경제 협력 활성화를 가져올 것으로 기대된다“며 “이번 평양 공동 선언을 계기로 남북 경협의 상징인 개성 공단 가동과 금강산 사업의 조기 정상화를 비롯해 중소기업들이 다양한 남북 경제 협력 사업을 추진할 수 있는 환경이 조성되길 희망한다“고 밝혔다.
무역협회도 이날 오후 보도 자료를 내 “남북 정상이 군사적 긴장 완화 및 비핵화를 위한 진일보한 조치를 마련하고 한반도를 항구적인 평화 지대로 만드는 데 합의한 것에 큰 박수를 보낸다“고 밝혔다.
무역협회는 “이번에 북측의 구체적인 비핵화 계획이 제시된 만큼 교착 상태에 빠져 있는 북미 관계가 빠른 시일 내 개선되기를 희망한다“며 “아울러 국제 사회의 대북 제재도 해제돼 남북 간 안정적이고 지속적인 경제 교류의 길이 열리기를 기대한다“고 밝혔다.
무역협회는 또 “앞으로 평양 공동 선언 합의 내용이 성공적으로 추진될 수 있도록 무역 업계 차원에서 최선을 다할 것이며, 남북 경제가 균형적으로 발전될 수 있도록 앞장설 것“이라고 말했다.
13년 전 오늘, 북핵 합의 실패와 9월 평양 공동 선언 오늘로부터 13년 전, 2005년 9월 19일 '9.19 공동 성명' 합의 <한겨레> 2005년 9월 20일치.
'북한은 모든 핵무기와 현존하는 핵 계획을 포기하고, 이른 시일 안에 핵확산금지조약(NPT)과 국제원자력기구(IAEA)에 복귀할 것을 약속했다.' 오늘로부터 정확히 13년 전, 2005년 9월 19일은 북한이 '모든 핵을 포기한다'이라는 '결단'을 국제 사회에 천명한 날입니다.
이를 바탕으로 한국과 북한, 미국, 중국, 일본, 러시아 등 6개국 수석 대표들은 이날 베이징에서 열린 제4차 6자 회담에서 이른바 '9.19 공동 성명'에 합의했습니다.
이날 합의는 북한의 핵 포기가 한반도 비핵화와 연결된다는 점에서 평화 체제 구축의 시작을 의미하는 것이기도 했습니다.
하지만 냉전 시대의 긴장감을 끝낼 것이라는 기대감에도 불구하고 9.19 공동 성명은 13년이 지난 지금까지도 이행되지 못하고 있습니다.
핵 포기가 먼저냐, 핵 포기에 따른 보상이 먼저냐를 두고 당사잔? 북/미와 한국을 중심으로 치열한 셈이 오갔기 때문입니다.
이로써 한반도는 전 세계에 유일한 분단국가자, 휴전 중인 국가로 남게 됐습니다.
끝내 9.19 공동 성명이 이행될 수 없었던 다섯 가지 기록을 당시 보도를 통해 다시 짚었습니다.
1. 미국의 대북 금융 거래 차단 9.19 공동 성명 합의 이튿날인 9월 20일, 미국은 공동 합의문에 잉크도 채 마르기 전 북한에 대한 제재 수위를 높여 갔습니다.
북한의 핵 개발 저지의 명목으로 국제 사회에서 북한의 돈 줄 죄기에 나선 것이었습니다.
대표적으로 마카오에 본사를 둔 방코델타아시아(BDA)는 북한 관련 50 계좌 2400 만 달러에 대해 동결 결정을 내렸습니다.
결국 9.19 공동 성명 후속 이행 과정을 논의하기 위해 11월 베이징에서 열렸던 5차 1단계 6자 회담은 결렬로 끝이 났습니다.
북쪽에서 '금융 제재 해제 우선'을 요구했지만 미국에서 '불법 행위는 협상 대상이 아니다'라고 주장하면서 이견을 좁히지 못하았습니다.
이후 6자 회담은 장기 교착 상태에 빠지게 됐습니다.",43,3747
iks_doc_2018_hankyoreh_151,Hankyoreh 2018 total annotated text file unicode.txt,Hankyoreh,한겨레,2018,2018_multi_summit,2. 남/북한 입장 차 / 북한의 '3 대장벽' 제거 요구 vs 남한의 '6자 회담' 재개 요구,,"북한에 대한 미국의 제재와는 별개로 9.19 공동 성명 합의 직후 남북은 장관급 회담을 잇따라 열었습니다.
공동 보도 문에 담을 내용을 조율하기 위해서였습니다.
하지만 남북 간 의견 절충 또한 쉽지 않아 보였습니다.
12월 15일 열린 17차 회담에서 남쪽은 북한의 핵 문제를 비롯해 군사 회담 조속 개최, 국군 포로 및 납북자 문제 해결 등을 촉구했습니다.
그러면서 6자 회담이 재개되면 대북 송전 제안에 대한 논의를 시작할 수 있을 것이라는 점을 강조했습니다.
반면 북쪽은 정치 군사 경제 등 3 대장벽 제거를 우선으로 맞섰습니다.
북한은 당시 남한 사람들의 북한 현충원 참배 금지 조처에 대해 문제 제기를 했는데요.
북쪽 대표단은 2005년 8.15 민족 대 축전 참여차 방한했을 때 현충원을 참배했기 때문에 형평성이 맞지 않다는 얘기였습니다.
아울러 북한은 한미 합동 군사 연습 중단과 전략 물자 수출 통제 해제도 구체적으로 요구해 왔습니다.
당시 김천식 남쪽 회담 대변인은 “남북 회담에 100 차례 직 간접으로 참여했는데, 쉽ㄴ 적이 한 번도 없었다고 말하고 싶다“고 말하기도 했습니다.
3. 한미 연합 전시 증원 연습과 독수리 훈련 9.19 공동 성명은 큰 진전 없이 결국 해를 넘겼습니다.
이런 가운데 한미연합사령부가 매년 봄 실시하는 군사 훈련을 개시했습니다.
1994년부터 실시된 훈련은 한반도 유사 시를 가정해 미군 증원 전력의 이동과 한국 군의 지원 절차 등을 익히는 연례 연습입니다.
2002년부터는 야외 기동 훈련인 독수리 연습과 통합돼 이루어지고 있습니다.
북한은 즉각 항의했습니다.
한미연합사령부의 훈련은 “미국은 핵무기 또는 재래식 무기로 북한을 공격할 의사가 없다는 것을 확인한다“는 9.19 공동 성명 규정의 위반이라는 것이었습니다.
한미 연합 훈련에는 미국의 재래식 공격 무긴 항공모함, 전투기, 구축함이 동원됩니다.
아울러 미국 군함에는 공격 무긴 핵무기가 탑재돼 있습니다.
이에 대해 한국과 미국은 북한의 공격에 대한 방어 훈련이라는 입장이지만, 북한은 중대한 군사 도발이기 때문에 군사적으로 보복하겠다고 매년 주장했습니다.
4. 대포동 2호 최초 발사와 1차 핵 실험 9.19 공동 성명 합의문을 발표한 지 열 달이 채 되기 전인 2006년 7월 5일, 북한은 미사일 '대포동 2호'를 최초로 발사했습니다.
미사일 발사는 새벽 시간 동시다발적으로 일어났습니다.
북한은 5일 새벽 3시 32분께부터 강원도 안변군 깃대령 소재 발사장에서 2발의 노동 미사일을 시작으로 5시 전후 함북 화대군 무수단리에서 대포동 2호를 발사했습니다.
그리고 다시 3발의 스커드 미사일을 발사한 뒤, 오후 5시 22분께에는 7번째 미사일을 발사했습니다.
북한의 기습적인 미사일 발사로 인해 한반도에는 또다시 위기 국면이 조성됐습니다.
북한 외무성 대변인은 이날 <중앙통신> 기자의 질문에 답하는 형식을 통해 “우리 군대는 이번과 마찬가지로 앞으로도 자위적 억제력 강화의 일환으로 미사일 발사 훈련을 계속하게 될 것“이라고 밝혔습니다.
북한의 이런 발표는 미사일 발사는 주권 국가로서의 합법적인 권리로서 어떤 구속도 받지 않는다는 점을 강조한 것입니다.
북한은 이날 미사일 발사를 시작으로 석 달 뒨 10월 9일에는 '지하 핵 실험을 성공적으로 진행했다'고 발표하기에 일렀습니다.
이로 인해 한반도 정세는 정면 대결의 분위기로 치닫게 됐습니다.
5. 불신이 커질수록 멀어진 평화 / 증유 지원과 영변 냉각 탑 폭파 도발 분위기 속에서 다시 분위기가 반전된 것ㄴ '북한 에너지 지원' 관련 보도가 나오면서부터였습니다.
2007년 2월 13일 이루어진 5차 6차 회담 3 단계 회의에서 참가국들은 '북한의 초기 단계 핵 폐기 대 5개국의 에너지 지원' 문제를 두고 절충을 거듭했습니다.
이를 두고 북한은 “(에너지) 보상량을 통해 미국의 적대 정책 전환 의지를 판단하겠다“고 밝혔습니다.
한국 등 5개국은 “'북핵 폐쇄' 범위나 속도에 따라 지원하겠다“는 뜻을 비쳤습니다.
이렇듯 북한과 5개국이 각각 조처와 지원을 두고 서로 눈치 싸움을 벌이게 된 데는 이유가 있습니다.
사실 북한 핵 문제 해결을 위한 합의는 2005년 '9.19 공동 성명'이 처음은 아녔습니다.
앞서 북한과 미국은 1994년 각각 핵 사찰 허용과 경수로 및 중유 제공에 합의한 바 있습니다.
이른바 '제네바 합의'입니다.
그러나 제네바 합의 이후 미국은 원유 가격 상승 등의 이유로 합의를 착실히 이행하지 않았고, 이에 북한은 핵 동결 파기를 선언했습니다.
미국 또한 2001년 미국에서 일어난 9.11 테러 사건을 계기로 북한을 3 대테러 국가로 지목했고, 합의 파기를 선언합니다.
결국 서로 다른 셈법으로 얻은 경험이 상대를 향한 수십 년 간의 불신으로 이어진 것입니다.
이런 역사를 뒤로 하고, 2018년 9월 평양에서는 한반도 비핵화와 평화 정착을 위한 제3차 남북정상회담이 열리고 있습니다.
문재인 대통령과 김정은 북한 국무위원장은 19일 '9월 평양 공동 선언'을 발표하면서 북한 동창리 엔진 시험장과 미사일 발사대를 영구적으로 폐기하기로 하고 미국의 상응 조처에 따라 영변 핵 시설 영구적 폐기를 약속한다는 내용을 밝혔습니다.
김 위원장은 또 올해 답방 형식으로 서울을 방문해 문 대통령과 4차 정상회담을 하겠다고 약속했습니다.
문재인 대통령은 '9월 평양 공동 선언' 전날인 18일 평양 목란관에서 열린 남북정상회담 공식 환영 만찬에서 “역지사지의 자세로 서로를 이해하고 배려한다면 넘어서지 못할 어려움은 없을 것“이라고 말했습니다.
이에 대해 김정은 북한 국무 위원장은 “불신과 대결의 늪 속에서 과감히 벗어나 이제는 누구도 멈출 수 없는 민족 화해와 평화 번영의 새 새대로 당당히 들어선 데 대해 만족스럽게 생각한다“고 말했습니다.
남북 두 정상은 다시 평화와 번영의 길로 나아갈 준비를 마쳤습니다.
13년 전 시작된 실패의 역사는 되풀이되지 않아야 하겠습니다.
왜 '9.19 평양 선언'이 아니라 '9월 평양 선언'일까 2005년 6자 회담 결과물 '9.19 공동 성명' 고려한 듯?
문재인 대통령과 김정은 북한 국무위원장은 19일 남북 협력과 비핵화 의지를 담은 합의문을 발표하면서 '9월 평양 공동 선언’이라고 이름 붙였다.
앞서 남북은 2000년 6.15, 2007년 10.4 선언에 잇어 올해 '4.27 판문점 선언'에 이르기까지 합의문 앞에 구체적인 날짜를 표기했다.
관례대로라면 3차 남북정상회담의 결과물인 이번 합의문은 '9.19 평양 공동 선언’이라고 하는 것이 맞다.
그런데 왜 '9월 평양 공동 선언’일까.
이는 2005년 남/북, 미국, 중국, 일본, 러시아 6자 회담의 결과였던 '9.19 공동 성명'과 구별하기 위한 것으로 보인다.
9.19 공동 성명에서 북한은 “모든 핵무기와 핵 계획의 포기“를 명시했고 체제 안전을 보장 받았다.
또 북/미 관계 정상화 적절한 시기에 경수로 제공 논의를 약속 받았다.
북핵 비확산과 관련국의 상응 조처를 포괄적으로 담은 합의였다.
이번 남북정상회담에 동행한 정동영 민주평화당 대표가 당시 통일부 장관으로서 9.19 합의를 위해 막후에서 역할을 한 것으로 알려져 있다.
그러나 마카오 은행 방코델타아시아(BDA)가 북한의 자금 세탁에 연루돼 있음을 미국이 포착하고 9.19 합의 이틀 뒤에 BDA의 북한 계좌를 전격 동결하면서 합의문의 잉크도 마르기 전에 북/미는 다시 갈등을 빚었다.
이듬해 7월 북한이 대포동 미사일을 발사하고 10월 1차 핵 실험을 감행하면서 '9.19 공동 성명'은 무용지물이 돼 버렸다.",58,3682
iks_doc_2018_hankyoreh_152,Hankyoreh 2018 total annotated text file unicode.txt,Hankyoreh,한겨레,2018,2018_multi_summit,"'노쇼 논란' 이해찬, '18년 인연' 김영남 다시 만나 이 대표/김 위원장 지난 2000년 첫 만남 2005년 인도네시아서 남북 대화 '물꼬' 트기도 김 위원장, 이 대표에게 “학수고대했다“",,"제3차 남북정상회담 특별 수행단으로 북한을 방문한 이해찬 더불어민주당 대표가 19일 김영남 최고인민회의 상임 위원장을 11년 만에 다시 만났다.
이 대표를 포함해 정동영 민주평화당 대표, 이정미 정의당 대표는 이날 오전 9시 50분께 만수대의사당에서 김영남 상임 위원장과 안동춘 최고인민회의 부의장, 최금철 조선사회민주당 중앙위 부위원장과 만나 이야기를 나눴다.
전날 이 대표 등 여야 3 당 대표들은 안동춘 부의장 등을 만나기로 했지만 약속 장소에 나타나지 않으면서 '노쇼(No Show)' 논란이 일었다.
특히 여야 정당 대표들이 김영남 상임 위원장과의 면담을 기대했다가 안동춘 부의장을 만나는 것으로 정리되자, 우리 쪽 정당 대표들이 일부러 불참하는 결례를 범한 것 아니냐는 등의 여러 추측이 나오기도 했다.
논란 끝에 김영남 위원장을 만난 이 대표는 방북 전부터 이번 만남을 고대했다.
그는 북한 방문 전날인 지난 17일 국회에서 열린 기자 간담회에서 “북쪽 사람과 대화를 많이 했는데, 일부는 현직에 남아 있는 분이 계시다.
김영남 위원장 등을 만나서 비핵화 문제를 심도 있게 논의하려고 생각하고 있다“고 말했다.
이 대표는 지난 2000년 새천년민주당 정책위 의장으로, 2007년에는 당 동북아평화 위원회 위원장으로 북한을 방문한 바 있다.
두 사람의 첫 인연은 2000년 남북정상회담으로 거슬러 간다.
당시 이 대표는 당 정책 위원장으로서 2000년 남북정상회담에 동행했고, 당시 김영남 위원장 초청으로 열린 만찬에서 두 사람이 같이 '헤드 테이블'에 앉아 식사하기도 했다.
두 사람은 지난 2005년 더 깊은 대화를 나눌 기회를 가졌다.
이 대표는 노무현 정부 국무총리 시절인 당시 인도네시아 반둥 회의 50주년 행사에서 김영남 위원장과 만나 고위급 회동을 했다.
2004년 7월 김일성 주석의 갑작스럽ㄴ 사망과 김영삼 정부의 조문 거부로 남북정상회담이 무기한 연기됐지만, 이들이 만나 남북 대화의 '물꼬'를 다시 텄다는 평가가 나왔다.
또 2007년에는 총리 퇴임 뒤 열린우리당 동북아평화 위원회 위원장 자격으로 노 대통령의 메시지를 갖고 방북해 김영남 위원장을 만나기도 했다.
당시 김영남 위원장은 열린우리당 의원들이 평양을 방문한 데 대해 “통일 실현의 좋은 징조“라고 밝혔다.
두 사람의 이런 인연을 방증하듯 김영남 위원장도 이날 오전 면담에서 '학수고대'이라는 표현을 써 가며 “오랫동안 기다려 온 이해찬 선생에 대해 통신을 통해서 자료를 읽을 때마다 옛 추억에 잠기곤 했다“고 말했다.
남북, 모든 공간서 적대 행위 금지 합의 서해 공동 어로 구역 설정 군사공동 위원회 가동 GP 시범 철수 DMZ 유해 발굴 JSA 비무장화 합의 MDL 군사 훈련 중지 비행 금지 구역 설정 한강 하구 공동 이용 수역 설정 남북은 19일 평양에서 열린 제3차 정상회담에서 육상과 해상, 공중을 포함한 모든 공간에서 일체의 적대 행위를 금지하는 내용을 골자로 '판문점 선언 이행을 위한 군사 분야 합의서'를 채택했다.
이 합의서에는 서해상에 평화 수역과 시범적 공동 어로 구역을 설정한다는 내용과 함께 비무장 지대(DMZ) 내 GP(감시 초소) 시범 철수, 공동 유해 발굴, 판문점 공동경비구역(JSA) 비무장화 등 DMZ의 평화 지대화를 위한 방안도 담겼다.
합의서에 따르면 남북은 육해공을 비롯한 모든 공간에서 군사적 긴장과 충돌의 근원이 되는, 상대에 대한 일체의 적대 행위를 전면 중지하기로 했다.
양측은 군사적 충돌을 야기할 수 있는 모든 문제를 평화적 방법으로 협의 해결하며 어떠한 수단과 방법으로도 상대방의 관할 구역을 침입 또는 공격하거나 점령하는 행위를 하지 않기로 했다.
남북은 아울러 '남북군사공동위원회'를 가동해 상대방을 겨냥한 대규모 군사 훈련과 무력 증강 문제, 다양한 형태의 봉쇄 차단 및 항행 방해 문제, 상대방에 대한 정찰 행위 중지 문제 등을 협의하기로 뜻을 모았다.
남북은 또 11월 1일부터 군사 분계선 일대에서 상대방을 겨냥한 각종 군사 연습도 중지하기로 했다.
지상에서는 군사 분계선으로부터 5㎞ 내에서 포병 사격 훈련과 연대 급 이상 야외 기동 훈련을 전면 중지하기로 했다.
해상에서는 서해의 경우 남측 덕적도 이북으로부터 북측 초도 이남까지의 수역, 동해의 경우 남측 속초 이북으로부터 북측 통천 이남까지의 수역에서 포 사격 및 해상 기동 훈련을 중지하는 한편 해안포와 함포의 포구 포신 덮개 설치 및 포문 폐쇄 조치를 하기로 합의했다.
공중에서는 군사 분계선 동 서부 지역 상공에 설정된 비행 금지 구역 내에서 고정익 항공기의 공대지 유도 무기 사격 등 실탄 사격을 동반한 전술 훈련을 금지하기로 했다.
고정익 항공기는 군사 분계선으로부터 동부 전선은 40㎞, 서부 전선은 20㎞를 적용해 비행 금지 구역으로 설정하기로 했다.
회전익 항공기(헬기)는 군사 분계선으로부터 10㎞, 무인기는 동부 지역에서 15㎞, 서부 지역에서 10㎞로, 기구는 25㎞로 적용하기로 했다.
남북은 이와 함께 2004년 6월 4일 제2차 남북 장성급 군사 회담에서 서명한 '서해 해상에서의 우발적 충돌 방지' 관련 합의를 재확인하는 한편 서해상에 평화 수역과 시범적 공동 어로 구역을 설정하기로 했다.
시범 공동 어로 구역은 남측 백령도와 북측 장산곶 사이에 설정하되 구체적인 경계선은 남북군사공동위원회에서 협의해 확정하기로 했다.
남북은 DMZ의 평화 지대화를 위한 GP 시범 철수와 공동 유해 발굴, JSA 비무장화 등에도 합의했다.
양측은 비무장 지대 내 모든 GP를 철수하기 위한 시범적 조치로 군사 분계선(MDL) 1km 이내 근접해 있는 남북 GP 각각 11개를 철수하기로 했다.
판문점 공동경비구역을 비무장화를 위해 지뢰 제거와 함께 초소 내 인원과 화력 장비를 철수하고 불필요한 감시 장비도 제거하기로 했다.
DMZ 내 공동 유해 발굴은 강원도 철원 화살머리 고지 일대에서 시범적으로 실시하기로 했다.
유해 발굴 지역 내 지뢰 등은 올해 11월 30일까지 완전히 제거하고 유해 발굴을 위해 남북 간 폭 12ｍ의 도로도 개설하기로 했다.
공동 유해 발굴과 함께 비무장 지대 내 역사 유적에 대한 공동 조사 및 발굴과 관련한 군사적 보장 대책을 계속 협의하기로 했다.
남북은 한강 하구를 공동 이용 수역으로 설정하고 남북 간 공동 수로 조사를 벌이는 한편 민간 선박의 이용도 군사적으로 보장하기로 했다.
공동 이용 수역은 남측의 김포반도 동북쪽 끝점에서 교동도 서남쪽 끝점까지, 북측의 개성시 판문군 임한리에서 황해남도 연안군 해남리까지 길이 70㎞, 면적 280㎢에 이르는 수역으로 설정됐다.
공동 이용 수역에 대한 현장 조사는 올해 12월까지 남북 공동으로 진행하고 공동 조사단은 전문가를 포함해 각각 10여 명의 인원으로 구성하기로 했다.
국방부는 “한강 하구는 골재 채취, 관광 휴양, 생태 보전 등 다목적 사업 병행 추진이 가능한 수역“이라며 “향후 골재 채취 등의 사업을 추진 시 국제 사회의 제재 틀 내에서 군사적 보장 대책을 마련해 나갈 예정“이라고 덧붙였다.
송영무 국방부 장관과 노광철 북한 인민 무력상은 19일 백화원 영빈관에서 이런 내용이 담긴 군사 분야 합의서에 서명했다.
남북 정상 부부 함께 옥류관서 냉면 점심 전날인 18일 저녁 잇어 오찬도 함께 해?
문재인 대통령 부부와 김정은 북한 국무위원장 부부가 19일 오찬을 평양 옥류관에서 함께 했다.
청와대 쪽은 “문 대통령과 김 위원장 내외분은 옥류관에서 양측 공식 수행원들과 함께 오찬을 했다“고 발표했다.
오찬에는 남측과 북측 공식 수행원들도 참석했다.
두 정상은 이날 정상회담과 공동 기자 회견을 마치고 대동강변 옥류관으로 이동했다.
문 대통령은 지난 4월 판문점 남북 정상회담에서 한 차례 옥류관 냉면을 맛봤다.
당시 문 대통령은 만찬 음식으로 옥류관 냉면이 좋겠다고 제안했고 북쪽이 이를 흔쾌히 받아들였다.
회담 당일 판문점 북쪽 통일각에 옥류관 수석 요리사가 직접 제면기를 갖고 즉석에서 면을 뽑았다.
문 대통령과 김 위원장은 전날 목란관에서 만찬을 한 데 잇어 오찬도 함께 했다.
'노쇼 논란' 3 당 대표 만난 김영남 “어제 일찍 만났더라면“이해찬에 “대표 당선 희소식에 통일 여명 밝아“정동영엔 “무슨 활동 벌이는가 물어 보니 '백의종군한다더라'“농담? 이해찬 “남북 관계 잘 나가다 정권 빼앗겨 손실 봤다“답사? 정동영 “10년 전에 뵙ㄹ 때나 변함 없다“인사?
김영남 북한 최고인민회의 상임 위원장이 11년 만에 다시 만난 이해찬 더불어민주당 대표에게 “리해찬(이해찬) 선생이 더불어민주당 대표직에 올라섰다는 희소식이 전파하자 다시금 통일의 여명이 밝아 오기 시작하리라는 신심을 가지게 됐다“고 말하며 이 대표를 추어올렸다.
19일 이 대표 등 3 당 대표들을 만난 김 위원장은 의전과 격식에 능한 외교 전문가라는 평판답게 '감각 터지는' 인사말들을 내놓으며 정치력을 뽐냈다.
문재인 대통령을 수행해 평양을 방문 중인 이 대표와 정동영 민주평화당 대표, 이정미 정의당 대표는 이날 평양 만수대의사당 접견실에서 김 위원장을 만나 면담을 가졌다.
김 위원장은 시작부터 발군의 정무 감각을 드러냈다.
그는 “바쁘신 데 이렇게 시간을 내 줘 고맙다“는 이 대표에게 “원래 어제 일찍 여러분들하고 이 자리에 앉아서 얘기를 나눴더라면 그저 하고 싶은 말을 다 툭 털어놓고 할 수 있었겠는데, 시간이 제한됐기 때문에 좀 추려서 박사 논문 통과시킬 때 변론하는 식으로 아마 나아가야 할 것 같다“고 웃으며 답했다.
박사 논문 심사 때 심사 위원과 일문일답을 나누듯 속전속결로 면담을 진행하자는 취지다.
전날 일정이 꼬이면서 이날 오전 긴급히 3 당 대표를 만나게 되는 바람에 여유 있게 면담 시간을 갖지 못하게 된 데 대해 '농담'으로 분위기를 풀어 간 것이다.
그는 잇어 참여 정부 때부터 오랜 인연을 맺은 이해찬 정동영 두 대표를 향해 반갑ㄴ 소회를 밝혔다.
김 위원장은 “학수고대 보람이라는 것이 바로 오늘 같은 광경을 놓고 예로부터 쓰던 의사 표시라고 생각된다“며 “오랫동안 기다려 온 이해찬 선생에 대해 통신을 통해서 자료를 읽을 때마다 옛 추억에 잠기곤 했다“고 말했다.
정동영 대표를 향해선 “정동영 선생과도 다른 동무들 통해서 들었는데, 내 물어 봤다“며 “남녘에서 정동영 선생이 지금 무슨 활동을 벌이고 있는지 모르겠다고 그러니까 '백의종군한다'고 그러더라“며 웃음을 터트렸다.
참여 정부 때 통일부 장관으로 만났던 정 대표가 이후 대선 패배 등으로 정치적 공백기를 가진 것을 두고 농담하는 동시에 은근슬쩍 자신이 그간 관심을 갖고 멀ㄴ 발치에서 지켜 봐 왔음을 강조한 것이다.
김 위원장은 그러면서 “다시 원내로 복귀하셨기 때문에 우리와 손 잡고 통일 위업을 성취하기 위해서 매진하자고 했다.
정의당 대표 여사하고도 다시 만나게 되니까 아름답ㄴ 마음으로 더 뜨겁게 합심해서 통일 위업 성취에 매진해 나갑시다“라고 말했다.
그는 또 정 대표가 “위원장님은 10년 전에 뵀을 때나 지금이나 똑같다“고 칭찬하자 “변함가 없어요?“라고 반문하며 “아니 (정동영) 선생 모습이나 이해찬 선생 모습이나 뭐 마찬가지다.
우리 통일 위업을 성취할 때까지는 영원한 요 모습대로 고저 고저 활기 있게 싸워 나갑시다.
우리가 모두 졸장부가 돼서야 되겠나.
대장부가 됩시다“라고 화답하기도 했다.
이 대표는 “(2000년) 6.15 정상회담 하고 나서 (남북 관계가) 잘 나가다가, 노무현 대통령 때까지 잘 나가다가 그만 우리가 정권을 뺏기는 바람에 지난 11년 동안 아주 남북 관계 단절이 돼 가지고 여러 가지로 손실을 많이 봤다“며 “이제 저희가 다시 집권을 했기 때문에 오늘 같은 좋은 기회가 다시 왔는데, 제 마음은 남북 관계가 아주 영속적으로 갈 수 있도록 튼튼하게 이번에는 만들려고 단단히 마음을 먹고 왔다“고 말했다.
김 위원장은 이런 이 대표의 말에 “이해찬 선생이 더불어민주당 대표직에 올라섰다는 희소식이 전파하자 다시금 통일의 여명이 밝아 오기 시작하리라는 신심을 가지게 됐다“며 “오늘 이 자리에서 여러분들하고 시간상 관계도 있고 그래서 많은 얘기를 할 수 없지마는 그래도 내가 어제 남녘 동포들에게 얘기한 내용을 여러분들께도 알려 드려야 그래도 구면 지기 사이의 그 의리를 지키는 것으로서 되지 않겠는가, 이런 생각이 떠오르기 때문에 내가 양해를 구하면서 내가 남녘 동포들에게 발언한 내용을 간단히 추려서 먼저 말씀 드리겠다“고 말했다.
한편 이 대표는 전날인 18일 안동춘 최고인민회의 부의장 등 북쪽 관계자들과의 면담에 일방적으로 불참해 면담이 취소된 데 대해 이날 평양 고려호텔에서 기자와 만나 “어제 김영남 위원장과 당 대표들만 따로 만나려고 이야기했는데 커뮤니케이션이 잘 안돼 장관님들이 이쪽에 합류했다.
문희상 국회 의장이 보낸 서신은 이미 전달했고 남북 국회 회담, 3.1운동 100주년 행사 공동 개최를 제안하려고 한다“고 말했다.
이 대표 등과 김 위원장의 면담이 성사된 것은 18일 환영 만찬 연회장에서 김정은 북한 국무위원장이 “당연히 하셔야 된다“며 즉석에서 지시한 사항인 것으로 전해졌다.
트럼프 “김정은 핵 사찰 허용 합의“환영 입장 남북 정상회담 합의 발표 직후 트위터 올려 도널드 트럼프 미국 대통령이 남북 정상이 19일 '평양 공동 선언'에서 밝힌 비핵화 문제 합의 내용에 대해 이날 오후 1시(한국 시각)께 트위터 글을 올려 환영하는 입장을 밝혔다.
트럼프 대통령은 “김정은이 최종 협상에 필요한 핵 사찰을 허용하기로 합의했으며, (핵)실험장과 로켓 발사대를 국제 전문가들이 지켜 보는 가운데 영구히 해체하기로 했다.
그러는 동안 로켓 발사나 핵 실험이 없을 것이다.
영웅(한국전쟁 미군 전사자) 유해들이 미국으로 계속 돌아올 것이다.
또한 북한과 남한은 2032년 올림픽의 공동 개최를 추진하기로 했다.
아주 흥미롭다!“고 했다.
트럼프 대통령의 이런 입장은 김정은 북한 국무위원장이 동창리 미사일 발사장 해체에 외부 전문가를 입회시키겠다고 밝힌 것을 환영하는 것으로 받아들여진다.
또 이번 남북 정상회담 합의를 전반적으로 긍정적으로 평가한 것으로 볼 수 있다.
트럼프 대통령이 트위터 글을 올린 시간은 미국 시각으로 자정께로, 이 시간에 그가 트위터 글을 올린 것은 이례적이다.
평양 공동 선언이 공개된 지 1시간여 만이다.
그만큼 남북 정상회담의 결과를 기다려 온 것으로 풀이된다.
'순간 이동설' 북 김여정, 이번 회담엔 1인 4 역 신 스틸러 회담 진행 필요한 순간마다 '압도적 존재감' 밀착 보좌에 김정숙 여사도 “놀랍고 또 놀라워“?
'지금 이 순간 평양에서 가장 바쁜 여자' '순간 이동설' '신 스틸러'' 제3차 남북정상회담에서 '눈에 보이는' 활약을 펼치고 있는 김여정 북한 노동당 중앙 위원회 제1 부부장을 일컫는 말이다.
평양에서 열린 이번 정상회담에서 김여정 부부장은 문재인 대통령 부부를 환영하고 남쪽 관계자들과 소통하는 한편, 김정은 북한 국무위원장을 밀착 수행하는 의전과 '실세' 보좌로서의 '1인 4 역'을 소화해 화제가 됐다.
문재인 대통령의 평양 도착 첫날인 18일, 문 대통령 전용기가 평양 순안공항에 도착하기 전, 김 부부장은 공항 곳곳을 다니며 문 대통령을 환영하기 위한 의장대와 경호원을 총괄 점검했다.
잇어 문 대통령 부부 영접을 위해 공항에 나온 김정은 국무위원장 부부를 보좌하며 분주히 움직였다.
북한 쪽 화동으로부터 환영의 꽃을 받은 문 대통령 부부가 행진을 시작하기 전, 우리 쪽 의전이 아닌 김 부부장이 나서서 손에서 꽃을 넘겨받아 챙기는 모습도 눈길을 끌었다.
의장대 사열을 받기 위해 오른 단상에서 문 대통령과 김 국무위원장이 자리를 잡는 데 어려움을 겪었을 때도, 김 부부장이 급히 뛰어올라 와 문 대통령의 위치를 안내해 주고 사라졌다.
평양 시내 '카퍼레이드'가 진행될 때는 환영 인파 속에서 두 정상의 행진 모습을 지켜 보는 모습도 포착됐다.
그럼에도 어느새 백화원 영빈관에 미리 도착해 입구 앞에서 문 대통령 부부를 기다리는 모습에 누리꾼들은 '순간 이동설'까지 거론했다.
김정숙 여사는 영빈관에 먼저 와 있는 김 부부장을 향해 “놀랍고도 또 놀랍다“며 “환영해 주셔서 감사하다“고 고마움을 나타냈다.
이튿날인 19일, 김 부부장은 실무와 의전을 동시에 챙기는 '밀착 수행' 보좌로 변신했다.
검은 치마 정장 차림에 머리를 단정하게 반묶음으로 올려 묶고, 끈 없는 검은색 사각형 가방을 메고 빠르게 종종걸음치거나 휴대 전화를 들ㄴ 채 분주하게 뭔가를 챙기는 모습이 백화원 영빈관 곳곳에서 눈에 띄었다.
'남한통' 면모도 유감 없이 발휘했다.
이날 오전 양국 정상이 단독 회담을 진행하는 동안 회담장 앞에서 정의용 청와대 국가 안보실장과 진지한 대화를 나누는 장면이 생중계 화면에 잡혔다.
문 대통령의 의전을 맡고 있는 김종천 의전 비서관 등이 두 정상의 합의문 서명 동선을 체크한 뒤, 김여정 부부장에게 다가가 한동안 논의하는 모습도 비쳤다.
다른 관계자들은 간혹 의자에 앉아 있기도 했지만, 김 부부장이 의자에 앉아 있는 모습은 끝내 나오지 않았다.
합의문 서명식 때는 김 위원장의 뒤에 서서 서명의 잉크가 번지지 않도록 하는 도구가 카메라 화면을 가리지 않도록 화면 바깥쪽인 왼편으로 옮겨 줬고, 서명이 끝나자 번지지 않도록 돕는 작업도 김 부부장이 수행했다.
두 정상이 등장할 때는 카메라의 시야 밖으로 물러서 있으면서도, 언제나 필요할 때 나타나는 '압도적 존재감'에 '신 스틸러'이라는 별명이 따라붙은 이유다.
“김여정이 정상회담 환영식 등 모든 정상 간 행사에서 보여 준 모습만 가지고도 액션 스릴러물 첩보 영화 한 편 나오겠다“는 것이 한 누리꾼의 평이다.
김정은 국무위원장의 유일한 여동생이기도 한 김 부부장은 2014년 김 위원장을 수행하면서 모습을 드러냈고, 2017년 10월엔 북한 권력의 핵심으로 꼽히는 정치국 후보 위원에 이름을 올렸다.
2018년 2월 평창 겨울 올림픽 때는 고위급 대표단이자 특사 자격으로 남한을 방문한 뒤 남북 및 북미 외교 무대에 등장하고 있다.
5월 초 중국 다롄에서 시진핑 국가 주석과 회동할 때도 수행했다.
첫 북미정상회담이었던 '6.12 싱가포르 회담'에서 김 위원장과 도널드 트럼프 대통령이 공동 합의문에 서명할 당시, 김 부부장이 행사장에 사전 준비된 펜 대신 직접 갖고 있던 펜을 꺼내 김 위원장에 건네는 모습이 화제가 되기도 했다.
단순한 수행을 넘어, 측근 실세로서 비서실장 역할까지도 겸한다는 분석이 많다.
18일 남북정상회담장엔 북쪽 관계자로 김 부부장과 김영철 당 중앙위 부위원장이 배석했다.
우리 쪽은 서훈 국정원장과 정의용 청와대 국가 안보실장이 배석한 자리다.
김 부부장은 지난 3월 정의용 국가 안보실장과 서훈 국가정보원장 등 특사단 방북 때도 김정은 위원장과의 면담에 합석했으며, 4월 27일 제1차 남북정상회담 때도 활약했다.
북/미 정상회담 업무 오찬 때는 마이크 폼페이오 국무 장관이 참석한 자리에 배석한 바 있다.
문 대통령 머무는 '영빈관' 복도에 걸린 대형 사진은?",112,9233
iks_doc_2018_hankyoreh_153,Hankyoreh 2018 total annotated text file unicode.txt,Hankyoreh,한겨레,2018,2018_multi_summit,"정상회담장 복도 끝 '4.27 1차 회담' 두 정상 사진 걸어 북한 쪽, 5.26 2차 회담 모습 담긴 유화 풍산 개 사진 선물 문 대통령은 대동여지도 전달",,"19일 오전 문재인 대통령과 김정은 북한 국무위원장의 제3차 남북정상회담 2일 차 회담이 열린 평양 백화원 영빈관.
문 대통령이 묵고 있는 장소기도 한 이곳 복도 끝에 걸린 대형 액자 하나가 눈길을 끌었다.
액자 속엔 두 정상이 환히 웃으며 손을 잡고 위로 들어 올리고 있는 사진이 담겨 있었다.
이 사진은 지난 4.27 제1차 남북정상회담 당시 문 대통령과 김 위원장이 판문점 평화의 집에서 '한반도의 평화와 번영, 통일을 위한 판문점 선언'에 서명한 직후 촬영된 것이다.
북한이 이곳 백화원 영빈관에 첫 남북정상회담 당시 상징적 장면을 사진으로 걸어 놓은 것은 남북 관계 개선과 평화 체제 구축에 합의한 뜻을 이어 가고 문 대통령의 이번 방북에 환영의 의미를 강조하기 위한 취지로 해석된다.
김 위원장은 이날 백화원 영빈관을 방문해 전날에 잇어 문 대통령과 두 번째 정상회담을 진행한 뒤 '9월 평양 공동 선언 합의문'을 발표했다.
방북 첫날인 18일 오후 두 정상은 환영 만찬이 열린 평양 목란관에서 서로가 준비한 선물을 함께 봤는데, 북한 쪽이 마련한 것은 지난 5.26 제2차 남북정상회담 당시 판문점 통일각에서 두 정상이 백두산 그림을 배경으로 찍은 사진을 화폭에 옮긴 그림이었다.
북한은 풍산 개 한 마리를 찍은 사진도 선물로 준비했다.
문 대통령은 대동여지도를 선물했다.
22책으로 이어진 지도를 하나로 연결해 완성한 것으로 오동나무로 만들어진 보관함과 함께 북한에 전달됐다.
남북 정상, 9월 평양 공동 선언 합의문 서명하고 교환 문재인 대통령과 김정은 북한 국무위원장은 19일 3차 남북정상회담의 합의문에 서명했다.
문 대통령과 김 위원장은 이날 평양 백화원 영빈관에서 문 대통령의 평양 방문 2일 차 회담을 70분 간 한 뒤 '9월 평양 공동 선언' 합의문에 서명하고 교환했다.
문 대통령 취임 이후 세 번째로 열린 이번 회담의 3 대의제는 비핵화 진전과 남북 관계 개선, 군사적 긴장 완화 및 전쟁 위험 종식이었다.",13,972
iks_doc_2018_hankyoreh_154,Hankyoreh 2018 total annotated text file unicode.txt,Hankyoreh,한겨레,2018,2018_multi_summit,문 대통령이 관람할 '빛나는 조국' 김 위원장이 바꾼 이유는 윤영찬 수석 “전체적 틀은 '빛나는 조국'이라 알고 있지만 대통령 환영 내용 들어가고 제목 바뀔 수 있다“발표 문 대통령 남쪽 귀환 뒤 정치적 논란 차단 배련 듯,,"문재인 대통령과 김정은 국무위원장 부부가 함께 관람하리라 예상되는 북한의 대집단 체조와 예술 공연의 제목이 바뀌고 구성에도 일부 변화가 있으리라고 알려졌다.
문 대통령의 귀환 뒤 '북한 체제 선전 극을 보고 왔다'는 식의 정치적 비난의 여지를 없애려는 김 위원장의 배려가 작용한 것으로 판단된다.
윤영찬 청와대 국민 참여 수석은 19일 오전 서울 동대문디지털플라자(DDP) 프레스 센터에서 진행한 브리핑에서 “대통령 내외와 수행원들은 (이날 늦은 오후) 평양 중구역 능라도 소재 북한 최대 규모 5.1 경기장에서 대집단 체조와 예술 공연을 관람한다“고 발표했다.
윤 수석은 브리핑 때 '빛나는 조국'이라는 공연 명을 입에 올리지 않았는데, 관련 질문이 나오자 “(집단 체조의) 전체적 틀은 '빛나는 조국''이라고 알고 있지만, 대통령을 환영하는 의미의 내용이 들어가 있다고 한다“며 “제목이 바뀔 수도 있다고 한다“고 밝혔다.
잇어 “북쪽에서 준비했는데, 우리 쪽 입장을 최대한 고려한 것으로 알고 있다“고 덧붙였다.
북쪽이 '조선민주주의인민공화국 창건 70돌'을 기념해 평양 5.1경기장에서 장기 공연 중인 대집단 체조와 예술 공연 '빛나는 조국'의 제목과 구성에 모두 변화가 있으리라는 예고다.
북쪽이 '빛나는 조국'이라는 공연 명을 바꾸고 내용도 조정한 데에는, 앞서 2007년 10월 정상회담 때 노무현 대통령이 대집단 체조 '아리랑'을 관람한 뒤, 북한의 체제 선전 내용을 봤다는 논란이 일ㄴ 선례, '빛나는 조국'에 체제 선전 내용이 많다는 지적을 고려한 때문으로 풀이된다.
북한은 드론을 경기장 상공에 띄워 '빛나는 조국'이라는 공연 이름을 형상화해 왔다.
19일 밤 공연에선 드론으로 만들ㄹ 문구가 '빛나는 조국'은 아니라는 얘긴데, 어떤 문구를 만들어 낼지는 확인되지 않았다.
다만 이날 공연이 '평양 정상회담' 축하 공연의 성격을 띤다는 점을 고려할 때 4.27 판문점 선언의 핵심 문군 '평화와 번영, 통일'에서 적절히 추출해 형상화하지 않겠냐는 관측이 나온다.
또 하나 주목되는 대목은 공연 시간과 구성이다.
윤 수석은 브리핑에서 “공연 시간은 1시간이고 대략 15 만 명이 관람한다“고 밝혔다.
'빛나는 조국'의 공연 시간은 대략 1시간 30분 정도로 알려져 있다.
재일본조선인총연합회 기관지 <조선신보>는 17일치 '빛나는 조국' 소개 기사에서 “조선(북)이 걸어 온 70년 역사를 1시간 반여의 시간으로 형상한다“고 전했다.
이에 비춰 보면, 19일에는 공연 시간을 3 분의 1 정도 덜어 낸다는 뜻이다.
<조선신보>는 '빛나는 조국'이 “환영 장과 서장 '해 솟는 백두산', 제1장 '사회주의 우리 집', 제2장 '승리의 길', 제3장 '태동하는 시대', 제4장 '통일 삼천 리', 제5장 '국제 친선 장', 종장 '우리에겐 위대한 당이 있네'로 구성됐다“고 전했다.
이 가운데 특히 체제 선전 내용이 많은 '사회주의 우리 집' '승리의 길' 등의 장을 빼지 않겠냐는 관측이 나온다.",17,1462
iks_doc_2018_hankyoreh_155,Hankyoreh 2018 total annotated text file unicode.txt,Hankyoreh,한겨레,2018,2018_multi_summit,"정상회담 이튿날 만찬 장소 '대동강수산물식당' “사철 펄펄 뛰는 물고기“문재인 대통령 베이징, 하노이 잇어 평양서도 '대중 식당 외교' 김정은 위원장이 이름 짓고 지난 7월 말 개장",,"평양 정상회담 이틀짼 19일 만찬 장소가 '대동강수산물식당'으로 결정됐다.
7월 말 개장한 이 식당은 김정은 국무위원장이 직접 이름을 짓은 곳이다.
개장 전 이곳을 시찰한 김 위원장은 “옥류관과 같이 평양을 대표하는 또 하나의 인민 봉사 기지“라며 “인민들이 사철 펄펄 뛰는 물고기로 만들ㄴ 수산물 요리와 가공품 봉사 받으면 좋아할 것“이라고 말했다.
대동강 남쪽 강변에 배 모양으로 지어진 이 식당에는 철갑상어, 잉어, 연어, 광어 등 민물고기 및 바닷물고기 회와 초밥, 캐비어 등 수산물 가공품 등을 팔고 있다.
<조선중앙통신>은 이 식당을 “철갑상어, 용정어(잉어), 조개류와 자라가 욱실거리는 실내 못과 낚시 터가 꾸려져 있다“고 설명한다.
식당은 대중 식사실, 가족 식사실, 민족 요리 식사실, 초밥 식사실 등으로 나눠져 있다.
앞선 17일 임종석 청와대 비서실장은 19일 만찬 장소와 관련해 “어떤 식당이 될지는 모르겠지만, 평양 시민들이 자주 가는 식당에서 가급적 만찬을 하게 되길 희망합니다“라고 밝힌 바 있다.
문 대통령은 지난해 12월 중국 국빈 방문 당시 베이징의 조식 전문점인 '용허셴장'에서 빵 등으로 식사를 하고 현지 시민들과 담소를 나눴다.
베트남을 국빈 방문했던 지난 3월에도 하노이 시내의 유명 쌀 국수 체인점인 '포텐리꾹수'에서 식사를 했다.
문 대통령의 '대중 식당 외교'는 베이징 방문 당시 '혼밥' 논란을 부르기도 했지만, 지금은 '트레이드 마크'처럼 자리 잡았다.
문 대통령 김 위원장, 2일 차 정상회담 종료 70분 간 진행 문재인 대통령과 김정은 북한 국무위원장의 19일 2일 차 정상회담이 종료했다.
이날 정상회담은 문 대통령의 숙손 백화원 영빈관에서 오전 10시부터 11시 10분까지 70분 간 진행됐다.
두 정상이 전날에 잇어 이날까지 두 차례 정상회담을 통해 교착 상태에 빠진 한반도 비핵화와 관련해 중대한 진전을 이뤄 냈을지 주목된다.
두 정상은 남북 관계 발전, 군사적 긴장 완화 방안 등에 대해서도 논의한 것으로 보인다.
두 정상은 합의문에 서명한 뒤 공동 기자 회견을 통해 회담 결과를 발표한다.
“마! 이것이 민주주의다!“문 대통령, 북한 주민에 또 '90도 인사' 순안공항에 잇어 삼지연악단 공연 관람객에도 '90도 인사'? 권위주의 익숙한 북한 주민에 탈권위적 행보 '파격'?
문재인 대통령이 북한 주민들에게 다시 한 번 고개 숙여 인사했다.
제3차 남북정상회담을 위해 평양을 방문 중인 문 대통령과 김정숙 여사는 김정은 북한 국무위원장 부부와 함께 18일 저녁 평양대극장에서 삼지연관현악단의 환영 공연을 관람했다.
공연이 끝나고 무대에 오른 문 대통령 부부는 삼지연악단 단원들을 격려한 뒤 몸을 돌려 평양 시민들을 향해서도 허리를 깊이 숙여 감사의 뜻을 표했다.
이는 문 대통령이 같은 날 오전 평양 순안공항 환영 장에 나온 북한 주민들에게 한 '90도 인사'에 잇어 두 번째다.
북한에선 악수가 '서양식 인사'로, 90도로 허리를 굽히는 인사는 '최고 존엄'에게만 허용되는 것으로 알려져 있다.
“북한 주민들의 의식을 바꾸는 데에는 전단 100 억 장보다 더 큰 효과 거둘 것“(전우용 역사학자)이라는 지적이 나오는 가운데 누리꾼들도 “모든 권력은 국민으로부터 나온다는 민주 공화국이 어떤 것인지 보고 느꼈을 것“(트위터 이용자 gajuk)이라며 반겼다.
또 다른 누리꾼 역시 “작은 나비의 날갯짓에 태풍이 만들어진다“(Yonggarigariuk)며 북한 주민들에게 긍정적인 영향을 미칠 것이라고 전망했다.
평소 탈권위적인 행보를 보여 왔던 문 대통령의 모습을 고려하면, 이번 90도 인사는 자연스럽ㄴ 일이라는 반응도 있었다.
“몸에 배 있는 문 대통령의 배려와 겸손이 북한 주민들에게 인간적 호감도를 한껏 높였을 것“(yoang)이라며 남북정상회담도 좋은 성과를 내길 바라는 목소리였다.
평양 순안공항에서 북한 주민에게 인사하는 문 대통령을 살짝 만진 김 위원장에 대해서 “김 위원장의 표정이 '형님 여기서 이러면 제가 곤란해요' 하는 것 같았다“(binsan)고 말하는 누리꾼도 있었다.
설훈 더불어민주당 최고 위원도 19일 아침 <와이티엔>(YTN) 라디오 '김호성의 출발새아침'에 나와 문 대통령의 '90도 인사'를 두고 “평양 사람들이 상당히 놀랐을 것“이라며 “평화는 확실히 이제 안 깨지겠구나, 평화 무드는 계속되겠구나 그런 느낌이 들었다“고 말했다.",27,2144
iks_doc_2018_hankyoreh_156,Hankyoreh 2018 total annotated text file unicode.txt,Hankyoreh,한겨레,2018,2018_multi_summit,"평양 정상회담 첫날, 신문 1면 사진이 똑같았다 신문들 일제히 평양 카퍼레이드 두 정상 모습 사진 게재",,"'평양의 카퍼레이드'가 이만큼 파격적이었나 보다.
문재인 대통령과 김정은 북한 국무위원장의 제3차 남북정상회담 첫날 소식을 전한 9개 중앙 일간지의 9월 19일치 1면 사진이 모두 같다.
중앙 일간지 1면 사진이 모두 같은 것은 매우 드물ㄴ 일이다.
두 정상의 제1차 정상회담을 보도했던 4월 28일치 1면에는 두 정상이 손을 잡고 판문점 군사 분계선을 넘나드는 사진(한겨레, 경향신문, 서울신문, 국민일보, 세계일보, 중앙일보)과 판문점 선언 직후 포옹하는 사진(동아일보), 도보다리에서 유례 없는 단독 회담을 하는 사진(조선일보, 한국일보) 등으로 나뉘었었다.
이번 제3차 남북정상회담에서 문재인 대통령과 김정은 북한 국무위원장의 평양 시내 카퍼레이드는 예고되지 않은 행사였다.
남북 정상이 함께 카퍼레이드를 한 것은 사상 처음이다.
노무현 전 대통령이 2007년 카퍼레이드를 했지만 당시 김정일 위원장이 아닌 김영남 상임 위원장이 동승했다.
북한이 문 대통령 환영 위해 준비한 대집단 체조 '빛나는 조국'은?
이달 초 정권 수립 70돌 맞아 공개 드론 등 최첨단 기술 동원해 눈길 4.27 정상회담 긍정하고 '평화''친선' 강조하는 내용 담겨?
2007년 정상회담 때 노 전 대통령 '아리랑' 관람 논란 체제 선전 등 내용은 빠져?
남북정상회담을 위해 평양을 방문 중인 문재인 대통령이 19일 저녁 북한의 대집단 체조(매스게임) '빛나는 조국'을 관람할 것으로 알려졌다.
지난 9일 정권 수립 70돌을 맞아 선 보인 새롭ㄴ 대집단 체조 '빛나는 조국'에는 드론 등 최신 기술이 동원돼 관심을 모은 바 있다.
윤영찬 청와대 국민 소통 수석은 19일 남북정상회담 기자 회견장이 마련된 서울 동대문디자인플라자(DDP)에서 브리핑을 열어 “(오늘 만찬 공연의) 전체적 틀은 '빛나는 조국'이라고 알고 있고, 저희 대통령님을 환영하는 의미의 내용들이 들어가 있다고 한다.
'빛나는 조국'이라는 틀 속에 환영의 의미가 담겨 있다 정도로만 이해하고 있다“고 밝혔다.
문 대통령과 김정은 북한 국무위원장은 이날 저녁 대동강수산물식당에서 만찬을 한 뒤 평양 능라도에 있는 북한 최대 규모의 종합 체육 경기장인 '5.1 경기장'에서 환영 공연을 관람하기로 했다.
대집단 체조는 중요한 기념일 때 북한이 나아가야 할 바를 체육과 예술적 형식에 담아 내는 공연 형태다.
우리 정상을 위한 환영 행사에서 대집단 체조가 등장한 것ㄴ 2007년 남북정상회담 때다.
당시 노 전 대통령은 방북 이튿날인 2007년 10월 3일 저녁 김영남 최고인민회의 상임 위원장과 함께 능라도 5.1경기장에서 '아리랑' 공연을 관람했다.
2002년 처음 상연된 '아리랑'은 세계 최대의 집단 체좀를 인정 받아 '기네스북'에 등재되기도 했다.
당시 '아리랑' 관람은 남북정상회담에서 노 대통령의 일정 중 가장 논란을 빚었던 행사다.
김일성 주석 부자를 찬양하는 등 '체제 선전' 성격이 강하기 때문이다.
대신 북한 쪽은 당시 김일성 주석 부자에 대한 칭송 구호나 북한 군의 총검술 장면 등 이념성을 강조한 민감한 대목은 공연에서 대부분 뺐다.
그보다 앞선 2000년 김대중 전 대통령은 도착 당일 만수대 예술 극장에서 전통 무용과 기악곡을 중심으로 짜인 '평양성사람들'이라는 공연을 관람했다.
관현악 연주, 전통 무용 등으로 구성된 데다 외세와 싸우는 내용이 담겨 환영 공연으로서 부담이 없었다.
2013년을 끝으로 중단된 집단 체조가 새롭게 개막한 것ㄴ 이달 있었던 북한의 '9.9절'행사 때다.
당시 새롭게 공개된 '빛나는 조국'은 '해 솟는 백두산'을 시작으로 '사회주의 우리 집', '승리의 길', '태동하는 시대', '통일 삼천 리', '국제 친선 장' 등의 장으로 구성됐다.
여러 의미에서 '빛나는 조국'은 과거 대집단 체조와 차별 점이 있다.
무대 바닥에 일종의 '미디어 아트'를 활용하고 드론을 이용해 '빛나는 조국'을 하늘에 새기는 등 첨단 기술이 더해졌다.
반미 구호를 외치거나 북한의 전쟁 능력을 강조하는 메시지가 대부분 사라지고 남북 화해 분위기를 강조하는 메시지도 새롭게 등장했다.
“평화 번영, 통일의 새 시대“, “4.27 선언 새롭ㄴ 력사는 이제부터“등의 메시지가 담긴 것이다.
4.27 정상회담 당시 두 정상이 손을 맞잡은 사진이 대형 영상으로 송출되기도 했다.
북한 조선중앙통신은 '빛나는 조국' 소개 기사에서 “4.27 선언의 기치 따라 우리 민족끼리 통일의 새 역사를 써 나가려는 겨레의 지향이 수놓아지고, 평화롭ㄴ 새 세계를 바라는 인류의 열망이 친선의 교향곡이 돼 장내에 울려 퍼졌다“고 전했다.
윤 수석이 '문재인 대통령을 환영하는 의미의 내용들이 들어가 있다'고 전한 만큼 이날 저녁에 공개될 '빛나는 조국'에 담길 평화 메시지에도 관심이 모인다.
남북 정상 10시부터 배석자 없이 단독 회담 진행 김정은 위원장, 문 대통령 숙손 백화원 영빈관 찾아와?
문재인 대통령과 김정은 북한 국무위원장이 19일 오전 10시부터 배석자 없이 단독 회담을 진행했다.
청와대 관계자는 “두 정상이 배석자 없는 단독 회담을 진행하고 있다“고 말했다.
이날 회담은 김 위원장이 문 대통령의 숙손 백화원 영빈관으로 찾아와 열리고 있다.
전날 두 정상은 북한의 청와대 격인 조선노동당 중앙 위원회 본부 청사에서 2시간 동안 열렸다.
오전 10시께 남북정상회담이 열릴 백화원 영빈관에 문 대통령과 김 위원장이 모습이 드러냈다.
두 정상이 나란히 대화를 나누면서 걸어 들어왔고, 그 뒤를 김정숙 여사와 리설주 여사가 얘기를 나누면서 뒤따라왔다.
문 대통령이 손짓을 이용해 무엇인가를 설명하면 김 위원장은 주로 듣는 모습이었다.
그러다 문 대통령이 “이쪽이어요?“라고 길을 묻자 김 위원장을 문 대통령을 손으로 회담장 쪽을 가리키며 두 정상 부부는 함께 회담장 안으로 들어갔다.
배석자 없이 두 정상은 '단독 회담'을 진행했다.
회담장 앞은 분주한 모습이었다.
정의용 국가 안보실장은 김여정 북한 노동당 중앙위 제1 부부장에게 다가가 진지한 표정으로 무엇인가를 상의하는 모습이었다.
정 실장이 주로 얘기하면, 김 부부장은 듣고 있는 편이었다.
대화가 길어지는 듯하자 김 부부장은 고개를 살짝 끄덕 하며 정 실장에게 양해를 구하는 표정을 짓으며 자리를 옮겼다.
이후 김종천 대통령 비서실 의전 비서관 역시 김 부부장에게 다가가 얘기를 건넸다.
김 부부장은 정상회담이 진행되는 내내 회담장 앞에서 자리에 앉지 않은 채 분주하게 움직이며 상황을 챙겼다.",49,3148
iks_doc_2018_hankyoreh_157,Hankyoreh 2018 total annotated text file unicode.txt,Hankyoreh,한겨레,2018,2018_multi_summit,"미 국무부 “북 비핵화 의미 있고 검증 가능한 조처 나오길“헤더 나워트 대변인, 평양 회담 이틀째 일정 6시간 전 브리핑 “김 위원장 싱가포르 판문점 약속 이행할 역사적 기회“미국, 북 비핵화 관련 27일 유엔 장관급 회의 소집 남북정상회담 기간 내내 북 비핵화 제재 압박 높여",,"미국 국무부는 18일(현지 시각) 문재인 대통령과 김정은 북한 국무위원장의 평양 정상회담과 관련해 “북한 비핵화를 향한 의미 있고, 검증 가능한 조처들을 보기를 희망한다“고 밝혔다.
3차 남북정상회담의 이틀째 회담이 시작(한국 시각 19일 오전 10시)되기 약 6시간 전에 열린 정례 브리핑에서다.
헤더 나워트 국무부 대변인은 이날 오후 브리핑에서 '평양 남북정상회담에서 무엇을 기대하느냐'는 질문에 “(진행 중인) 회담에 앞서 나가고 싶지 않다“며 “우리가 그 정상회담에서 나오기를 희망하는 무엇인지의 관점에서 말한다면, 우리는 북한의 비핵화를 향한 의미 있고, 검증 가능한 조처들을 보기를 희망한다“고 답했다.
이번 남북정상회담에서 북한의 구체적인 비핵화 조처가 나오기를 희망한다는 미 정부의 입장을 거듭 밝힌 것이다.
그는 “이번은 문 대통령과 김 위원장 사이의 세 번째 남북정상회담“이라며 “우리 관점에서 보면 이것은 김 위원장이 최종적이고 완전하게 검증된 비핵화(FFVD)를 향한 의미 있고 검증 가능한 행동들을 통해 그가 싱가포르와 판문점에서 한 약속을 이행할 역사적 기회“라고 강조했다.
잇어 “더 말할 것이 있으면 알려 주겠지만, 회담이 아직 진행 중이다“라고 말했다.
나워트 대변인은 “정상회담에 대한 분석에 대해서 말하자면, 회담이 아직 진행 중이기 때문에, 우리는 한국이 북한과 대화를 계속 하는 것에 맞춰 한국과 매우 긴밀하고, 주의 깊고, 정례적으로 계속 상의해 나갈 것“이라고 말했다.
그는 또 '한반도의 완전하고 검증 가능하며 불가역적인 비핵화(CVID)에 진전이 있다고 보느냐'는 질문에 “우리는 눈을 부릅뜨고 있으며, 한국이 북한과 마주 앉을 때, 미국이 북한과 앉을 기회를 가질 때 진전이 이루어지고 있는 것이라고 생각한다“라고 말했다.
잇어 “그래서 우리는 다른 나라들과 긴밀하게 계속 상의하고 있다“며 “마주 앉아 대화하고 정례적으로 협상하는 것은 분명히 좋은 일이라고 생각한다“고 말했다.
나워트 대변인은 스티븐 비건 국무부 대북 정책 특별 대표가 최근 한국 중국 일본을 방문한 사실도 언급하면서 “김 위원장이 합의한 대로 최종적이고 완전하게 검증된 비핵화에 대해 논의하고 돌아왔다.
비건 특별 대표는 이번 출장 기간 비핵화와 압박, 외교에 대한 지속적인 조율의 중요성을 강조했다“고 설명했다.
미국은 또 오는 27일 뉴욕 유엔 본부에서 북한 비핵화 문제를 논의하기 위한 장관급 회의를 열ㄴ다고 이날 발표했다.
지난 17일 유엔에서 열린 안전보장이사회 긴급 회의와 마찬가지로, 이번에도 북한 비핵화와 제재 문제를 논의하기 위해 미국이 소집 요청한 것으로 알려졌다.
나워트 대변인은 브리핑에서 “마이크 폼페이오 국무 장관이 이 회의를 주재할 것“이라며 “이 회의는 폼페이오 장관이 북한의 최종적이고 완전하게 검증된 비핵화를 위한 미국의 노력을 안보리에 알리는 기회가 될 것“이라고 밝혔다.
3차 남북정상회담이 열리는 동안 미국이 전방위적으로 북한 비핵화와 제재 압박을 높이는 모양새다.
도널드 트럼프 대통령의 측근인 공화당 린지 그레이엄 상원 의원도 이날 트위터에 “한국의 (북한) 방문이 폼페이오 장관과 니키 헤일리 유엔 주재 미국 대사의 북한 정권에 대한 최대의 압박 노력을 약화시킬 수 있어 우려한다“고 적었다.
그는 “북한이 미사일과 핵 실험을 중단했지만 비핵화를 향해 나아가지 않았다“며 “한국이 김정은에 놀아나선 안 된다“고 했다.
그레이엄 의원은 <미국의소리>(VOA) 방송에 3차 남북정상회담이 열린 데 “매우 화난다“고도 했다.
한편, 나워트 대변인은 문 대통령이 평양 방문 첫날 김 위원장과 오픈카를 타고 시내 퍼레이드를 한 것을 언급하며, “확실히 선루프는 보기에 흥미롭ㄴ 것이었다“며 “다음에 우리가 거기 가게 된다면, 그때 우리도 선루프(이벤트)를 할 수 있을지 여부를 알아봐야겠다“고 말했다.
이재용 등 방북 경제인들, 양묘장 수산물 시장 교원 대학 방문 방북 이틀째, 경제인들 북한 경제 체험 양묘장 방문해 산림 녹화 가능성 살펴 수산물 시장선 북한 경제 수준 생활 모습 등?
남북 정상회담 이틀짼 19일, 방북 경제인들은 북한의 양묘장과 수산물 시장 등을 방문한다.
북한의 경제 상황을 직접 눈으로 살피고, 남북 경협 구상을 구체화할 수 있는 기회가 될 것으로 보인다.
경제인들은 전날에는 리룡남 북한 내각 부총리 등 북한 경제 관료들과 면담했다.
윤영찬 청와대 국민 소통 수석에 따르면, 이재용 삼성전자 부회장 등 경제인 17명은 이날 오후 황해북도 송림시에 있는 조선 인민군 112호 양묘장을 방문한다.
2010년께 준공한 곳으로, 김정은 북한 국무위원장이 직접 재건을 지시했다.
양묘장은 묘목을 키우는 곳으로, 산림 녹화 분야에 대한 남북 경협 가능성을 살필 수 있는 곳이다.
김정은 위원장은 집권 이후 산림 녹화 정책을 국가 사업으로 추진하며 수시로 양묘장을 찾았다.
경제인들은 잇어 소학교 교사 등을 양성하는 평양 교원 대학교를 방문한다.
북한의 교육 수준과 교원 양성 체계 등을 관찰할 수 있다.
저녁에는 평양 시민들이 자주 찾는 대동강 수산물 시장을 방문해, 문재인 대통령 및 다른 수행원들과 함께 식사할 예정이다.
다른 테이블에서는 평양 시민들이 식사한다.
평양 시민들의 일상 생활과 소비 형태 등을 살펴볼 기회가 될 것으로 보인다.
경제인들은 남북 정상 회담이 진행되는 오전에는 다른 수행원들과 함께 평양시 만경대 구역에 있는 만경대 학생소년궁전을 방문하고, 오후에는 만수대창작사를 참관한다.
“위장 평화 쇼“홍준표 트라우마? 남북정상회담에 숨 죽인 한국당 “비핵화 실질 진전 이루어져야“내부선 '정상회담 성과 보자' 신중 돌아온 홍준표에 '역풍' 불ㄹ라 “추석 밥상에 '경제 실정' 올려야“?
올 추석 밥상도 '정상회담'이 독주할까.
남북정상회담을 바라보는 자유한국당이 '입 단속'에 들어갔다.
정부가 정상회담 성과 '보따리'를 풀어 놓기 전까지 섣부른 비난을 앞세워선 안 된다는 것이다.
이른바 '위장 평화 쇼 후 폭풍' 트라우마다.
수위 낮춘 김성태, 모습 감춘 김병준 제3차 남북정상회담을 위해 문재인 대통령과 김정은 북한 국무위원장이 평양 순안국제공항에서 만난 18일, 자유한국당은 종일 조용했다.
방북 장면을 원내 대표실 텔레비전을 통해 접한 김성태 원내 대표는 “북한의 완전한 핵 폐기를 통해 한반도의 진정한 비핵화를 앞당기고, (비핵화를) 언제까지 하겠다는 구체적인 약속이 이번 정상회담에서 나와 주길 바란다“고 말했다.
“한국당도 깊은 관심을 두고 지켜 보고 있다“는 말도 덧붙였다.
방북 장면을 보며 박수 치며 환호한 더불어민주당 분위기와는 사뭇 대조적이었지만, 섣부른 비판도 삼간 셈이다.
김병준 혁신 비상 대책 위원장은 이날 텔레비전 시청 때 나타나지 않았다.
이는 지난 4월 27일 판문점에서 열린 '2018 제1차 남북 정상회담' 때완 달라진 분위기다.
당시 홍준표 대표는 회담 당일부터 3일 연속 자신의 페이스북에 글을 올려 남북정상회담을 비판했다.
'위장 평화 쇼'(27일), '김정은이 불러 준 대로 받아 적은 것'(28일), '세 번 속으면 그때는 공범이 된다'(29일)는 내용이었다.
“세상이 미쳐 가고 있다““다음 대통령은 아마 김정은이 되려는지 모르겠다“고 날을 세웠다.
민심은 싸늘했고, 후 폭풍은 거셌다.
당 내에서도 지도부가 민심과 괴리돼 있다는 비판 목소리가 높았다.
'판문점 선언'을 두고 “어처구니 없다“고 페이스북에 글을 올렸던 나경원 의원도 누리꾼들의 비난에 “남북정상회담의 진행 모습은 국민에게 감동을 주는 부분이 있었다“고 수정했다.
5월 4일엔 당 소속 4선 의원인 강길부 의원(현재 무소속)이 “국민적 분노“를 언급하며 홍 대표의 사퇴를 요구했고, 지방 선거를 앞둔 5월 말에는 정우택 의원이 지도부의 '백의종군'을 요청했다.
'정상회담 역풍'을 계기로 누적됐던 당 내 갈등이 한꺼번에 터져 나 온 셈이다.
지난 6.13 지방 선거에서 당이 참패한 원인으로 홍 전 대표의 “위장 평화 쇼“비난으로 인한 '수구 안보' 이미지가 고착화된 것을 지목하는 사람도 많다.
때문에 이번 남북정상회담을 바라보는 자유한국당은 그 어느 때보다도 신중한 자세다.
김병준 혁신 비상 대책 위원장은 정상회담 며칠 전 기자들과 만난 자리에서 “청와대가 5 당 대표에게 (방북을) 가자고 했을 때, 당의 여러 사람들이 '대응을 잘 해야 한다'며 걱정해서 달려 왔다“고 말했다.
자유한국당 관계자는 “방북 동행을 거절한 야당에 국민적 비난 여론이 쏠리게 하려는 청와대의 노림수라고 봤다.
자칫하면 '홍준표 효과'가 다시 발생하는 것 아니냐는 염려가 컸다“고 당시 분위기를 설명했다.
때문에 거절 뜻을 표한 김 위원장의 메시지(“협상의 주체는 단순할수록 좋다“)도 어느 때보다 신중한 조율을 거쳤고, 당 내에 공유하며 의원들을 '안심'시켰던 것으로 알려졌다.
회담 성과를 크게 기대하지 않는 의원들도 공식적인 비판은 삼가고 있다.
한 친박근혜계 의원은 “지금 당 내에서 남북정상회담에 대해 말을 함부로 하는 의원이 누가 있느냐“고 당 내 '신중한' 분위기를 전했다.
다른 비박근혜계 의원은 “이번 정상회담에서 비핵화 진전 성과가 영변 핵 시설 폐기, 검증이 없는 핵 신고제 정도에 그칠 경우 외교가에선 큰 의미가 없다고 보고 있다“면서도 “좋은 결과가 나오기를 바라는 마음은 야당 의원들도 다를 바 없다“며 말을 아꼈다.
“추석 화제, 결국 '민생' 될 것“홍준표 변수엔 '조마조마' 이런 침묵은 지난 '판문점 회담' 때와 달리 평양에서 열리는 이번 제3차 남북정상회담이 국민들에게 미칠 영향력이 크지 않을 수도 있다는 자체 판단도 작용한 결과다.
결국 '추석 밥상'에 올라오는 화제는 남북정상회담보다도 '민생'이 될 것이라는 분석이다.
한 자유한국당 관계자는 “추석을 앞두고 국내 경기가 좋지 않다 보니 정상회담 분위기도 잘 살지 않고 있는데 굳이 야당이 각을 세워 비판해 화제를 만들ㄹ 필요가 있겠느냐“며 “당으로서는 영세 자영업자가 받는 고통, 최저 임금 인상, 근로 시간 단축 문제 등 현 정부의 경제 실정 비판에 주력하는 것이 낫다는 입장“이라고 전했다.
또 다른 당 관계자도 “주변에 정상회담이 열리는지, 대통령이 북한에 갔는지도 모르는 사람들이 많다“며 이번 정상회담이 정부 여당에 미칠 '지지율 반전 효과'도 크지 않을 것으로 내다봤다.
다만 당에서는 평소 정상회담에 비판적인 견해를 드러내 온 홍 전 대표의 15일 귀국과 맞물려 '노이즈 마케팅'에 활용될 가능성을 경계하고 있다.
한 중진 의원은 “홍 전 대표가 또 다시 '막말'을 퍼부으면 일부 열성 지지자들은 '사이다'라고 환호할 지 몰라도, 국민 여론에는 도리어 악영향을 미칠 수 있다.
번번이 '페이스북 정치'를 이어 가는 것은 당이 아닌 개인의 이익만 바라보는 행태“라고 비판했다.
혁신 비대위의 고민도 깊다.
홍 전 대표가 전당 대회 차기 당 대표 출마를 노리고 강경 우파를 결집시키는 형태로 '이슈 파이팅'에 나설 경우, 비대위의 존재감이 흐려지는 것은 물론 '정책 대안 정당'을 추구하려는 시도까지 묻힐 수 있다고 보는 까닭이다.
이름을 밝히기를 꺼린 자유한국당의 한 비대 위원은 “이번 추석 밥상머리에 문재인 정부의 경제 실정이 아닌 홍 전 대표가 사람들 입에 오르내린다면, 사람들은 '자유한국당이 그러면 그렇지 뭐'하고 싸잡아 생각해 버릴 것“이라며 “홍 전 대표와 당을 분리해 생각하도록 만들ㄹ 계기가 필요하다는 지적도 나오지만, 마땅한 해결책이 보이지 않는 상황“이라고 토로했다.
이런 상황에서 15일 홍 전 대표가 귀국한 인천 국제 공항에 배현진 비대위 대변인과 강효상 의원이 마중을 나간 것도 주목을 받았다.
강효상 의원은 홍 전 대표 시절 당 대표 비서실장이었으며, 배 대변인은 서울 송파 을 보궐 선거 공천장을 받은 바 있다.
당 지도부는 “개인 자격으로 간 것이어서 문제가 없다“고 했지만, 홍준표 체제가 무너진 뒤 이를 수습하기 위해 들어선 비대위 대변인으로서는 부적절한 처신이라는 비판도 나온다.
현 정부 '소득주도성장' 비판 띄우기 주력 일단 자유한국당 비상 대책 위원회는 추석을 전후해 본격적인 '민생' 드라이브를 거는 것으로 '추석 밥상'의 화제를 견인한다는 목표다.
홍 대표의 귀국 다음날이자, 제3차 남북정상회담을 이틀 앞둔 일요일이었던 16일, 김병준 비대 위원장은 문재인 정부의 소득 주도 성장에 맞설 가칭 '국민 성장'을 새 담론으로 제시하는 기자 회견을 열었다.
국민과 기업을 경제 주체로 하는 자율 경제와, 일자리 및 기회의 공정으로 상징되는 공정 배분을 통해 민간 주도 성장을 이끌어 가자는 것이 핵심 내용이다.
당초 당의 싱크탱큰 여의도 연구원을 통한 '신경제 성장 모델'을 내 놓겠다던 김병준 비대 위원장의 계획이 3주 정도 미뤄지면서 시기가 정상회담과 겹친 데다, '국민 성장론'이라는 이름조차 채 확정되지 않은 상태어서 당 내에서도 발표 시점을 놓고 분분한 말이 오갔으나, 끝내 명절 전 발표로 가닥을 잡았다.
앞서 비판을 샀던 김성태 원내 대표의 '출산 주도 성장' 발언의 그림자를 지우면서, '경제 대안 정당'으로서의 자유한국당 모습을 부각시키겠다는 의도도 엿보인다.
한편 비대위는 17일에는 대책 회의를 열어 당원권 정지 등 징계 권한을 갖고 있는 당 중앙 윤리 위원장 직에 검찰 출신인 김영종 전 검사를 임명하고, 당무 감사를 총괄할 신임 당무 감사 위원장에 황윤원 교수를 영입하는 등 '당 혁신 작업'에도 박차를 가하기로 했다.
문 대통령, 오늘밤 집단 체조 관람 이번에도 김정은 배려 있을까 백화원 영빈관서 둘쨋 날 정상회담 이어 가 공동 기자 회견 통해 '합의문' 발표할 듯 '평양 시민 식당' 만찬은 대동강 수산물 시장 저녁엔 집단 체조 예술 공연 관람 “북쪽, 우리 쪽 입장 고려해 준비“?
문재인 대통령은 방북 둘쨋 날인 19일 오전 10시 김정은 북한 국무위원장과 2차 정상회담을 이어 간다.
회담은 문 대통령이 묵고 있는 백화원 영빈관에서 열린다.
회담이 순조롭게 끝나면 두 정상이 공동 기자 회견을 통해 결과를 발표할 것으로 보인다.
관심을 모았던 문 대통령의 평양 시민 식당 만찬은 평양 대동강 수산물 시장에서 이루어진다.
윤영찬 청와대 국민 소통 수석은 이날 동대문디자인플라자에 마련된 프레스 센터에서 기자 회견을 열어 “오전 10시께 어제에 잇어 두 정상이 추가 정상회담을 열ㄴ다“며 “두 정상이 합의 사항을 발표할 경우 합의문 자체가 발표될 것으로 본다.
회담 일부와 발표는 생중계가 예정돼 있다“고 말했다.
김정숙 여사는 오전 정상회담이 진행되는 동안 리설주 여사와 함께 평양 평천구 만수대창작사를 찾아 예술 조각품을 관람한다.
문 대통령은 오전 회담 뒤 냉면으로 유명한 옥류관에서 점심 식사를 하고 이후 만수대창작사에서 북한 예술품을 감상한다.
저녁 만찬은 평양 대동강 수산물 시장에서 열린다.
청와대는 정상회담 전 북쪽에 평양 시민들이 즐겨 찾는 식당에서 만찬을 하고 싶다는 뜻을 전달했다.
윤 수석은 “문 대통령이 식사하는 동안 다른 방에서는 평양 시민들이 자연스럽게 식사를 한다“고 했다.
식사 뒤 문 대통령은 평양 중구역 능라도 5.1 종합 체육 경기장에서 북한 대집단 체조를 관람할 예정이다.
김 위원장 부부가 참석할 지 여부는 정확히 알려지지 않았다.
윤 수석은 “우리 대통령을 환영하는 의미의 내용이 들어가 있다.
북쪽에서 우리 쪽 입장을 최대한 고려해 준비한 것으로 알ㄴ다“며 “공연 시간은 1시간이고 15 만 관객이 참석한다“고 말했다.
윤 수석은 전날 정당 대표단과 북쪽 안동춘 최고인민회의 부의장과의 만남이 무산된 것에 관하아서/EMㄴ “저희도 정확하게 맥락을 파악하지 못하고 있다“고 했다.
문 대통령, 대동강 수산물 시장서 만찬 평양 시민 만난다 오전 10시께 추가 정상회담 시작 문재인 대통령은 방북 이틀짼 19일 김정은 북한 국무위원장과 오전 10시부터 추가 정상회담을 한다고 청와대가 밝혔다.
문 대통령과 김 위원장은 전날 오후 첫 회담을 했다.
윤영찬 청와대 국민 소통 수석은 이날 서울 동대문디자인플라자(DDP)에 마련된 프레스 센터 브리핑에서 “오전 10시경 추가 정상회담이 예정돼 있다“며 “두 정상 간 합의가 어떻게 이루어질지 지금은 예측하기 어렵다.
결과 발표도 예정은 돼 있지만 정확한 시간은 알ㄹ 수가 없다“고 말했다.
윤 수석은 “일단 오전 정상회담 일부와 결과 발표는 생중계로 예정돼 있다“고 설명했다.
문 대통령은 정상회담이 끝나면 오찬을 위해 옥류관으로 이동한다.
오찬 후 문 대통령 부부와 공식 수행원, 특별 수행원은 평양시 평천 구역 소재 만수대창작사를 참관하고 예술품과 조각을 관람할 예정이다.
문 대통령과 부인 김정숙 여사는 저녁에는 평양 시민이 자주 찾는 식당인 대동강수산물식당을 방문해 봄맞이 방에서 식사한다.
이 자리에는 공식 수행원도 함께한다.
윤 수석은 “이 방의 다른 테이블에는 평양 시민이 자연스럽게 식사한다“고 설명했다.
문 대통령은 앞서 일반 평양 시민들이 찾는 식당에서 식사를 하고 싶다는 뜻을 밝혔다.
이후 문 대통령은 평양시 중구역 능라도 소재 북한 최대 규모의 종합 체육 경기장인 5.1 경기장에서 대집단 체조 예술 공연을 1시간 동안 15 만 명의 관객과 함께 관람한다.
윤 수석은 이와 관련, “전체적인 틀은 '빛나는 조국'이라고 알고 있다.
다만 대통령을 환영하는 의미의 내용들이 들어가 있어서 제목이 바뀔 수도 있다고 하는데 현재로서는 저희가 확인할 수 없다“면서 “빛나는 조국이라는 틀에 환영의 의미가 담겨 있다 정도로 이해하고 있다“고 말했다.
북 언론, 정상회담 소식 상세 보도 “새 시대 여는 중대 계기“<노동신문>은 6개 면 중 5개 면 반에 걸쳐 대대적 보도?
북한 언론이 평양에서 열린 남북 정상회담을 “평화와 번영, 통일의 새 시대를 열어 나가는 중대한 계기“라고 표현하며 관련 소식을 전했다.
북한 노동당 중앙 위원회 기관진 <노동신문>은 신문 전체 6개 면 가운데 절반 이상인 5개 면을 할애해 정상회담 소식을 대대적으로 보도했다.
북한 <조선중앙통신>(이하 <중통>)은 18일 김 위원장이 남북 정상회담을 위해 평양을 방문한 문 대통령을 “평양국제비행장에서 따뜻이 맞이“했다고 19일 보도하면서 이번 남북 정상회담을 “우리 민족의 조국 통일사에 또 하나의 새롭ㄴ 장을 아로새기게 될“것이라고 보도했다.
잇어 “북남 관계의 발전을 더욱 가속화하고 조선 반도의 평화와 번영, 통일의 새 시대를 열어 나가는 데서 중대한 계기“라고 짚었다.
<노동신문>에도 같은 기사가 실렸다.
이 매체는 북한 노동당 중앙 위원회 본청에서 열린 남북 정상회담 소식을 비교적 상세히 보도했다.
이 매체는 문 대통령이 “평화와 번영으로 겨레의 마음은 하나!
2018.9.18 대한민국 대통령 문재인“이라는 글을 남겼다고 했다.
회담 내용과 관련해서는 “판문점 선언을 전면적으로 충실히 이행해 북남 관계 발전을 더욱 가속화하기 위한 여러 가지 문제들에 대한 심도 있는 의견 교환이 진행“됐다며 김 위원장과 문 대통령이 “올해에 성공적으로 이루어진 두 차례의 상봉과 회담 이후 긍정적으로 훌륭하게 발전하고 있는 현 북남 관계 상황에 대해 높이 평가“하고 “호상(상호) 관심사로 되고 있는 중요 문제들에 관한 솔직하고 허심탄회한 대화를 나누시였다.
회담은 진실하고 호상 이해의 따뜻한 분위기 속에서 진행 되였다“고 보도했다.
<중통>은 문 대통령이 도착하는 평양 순안국제공항에 평양 시민들이 공화국기(인공기)와 통일기(한반도 기), 꽃다발을 들고 나와 있었다고 소개했다.
잇어 김 위원장과 문 대통령이 “21발의 예포가 울리는 속에 조선 인민군 군종 명예 위병대를 사열“하고, “사열대에 오르시여 조신 인민군 군종 명예 위병대의 분열 행진“을 봤다고 전했다.
이 매체는 두 정상이 연못동 입구(연못관)에서 무개차에 함께 옮겨 타 용흥 네거리, 여명거리를 지나며 시민들의 환호를 받은 내용도 전했다.
<중통>은 “4.25문화회관 광장을 비롯한 거리의 곳곳에 꽉 들어찬 군중들, 살림집 창가들에서 손을 흔들며 반기는 시민들의 환영 열기는 더욱 달아올랐다“고 했다.
목란관에서 열린 환영 만찬 분위기도 전해졌다.
김정은 위원장이 “문재인 대통령과 김정숙 여사, 남측 인사들을 꽃 피는 봄 계절에 잇어 풍요한 가을에 또 다시 만나게 된 반갑ㄴ 심정을 표명“하면서 대통령 부부의 평양 방문을 “열렬히 환영“했다고 보도했다.
이 매체는 평양대극장에서 열린 삼지연관현악단의 예술 공연에 김 위원장 부부와 문 대통령 부부 등이 참석한 사실도 전했다.",129,9957
iks_doc_2018_hankyoreh_158,Hankyoreh 2018 total annotated text file unicode.txt,Hankyoreh,한겨레,2018,2018_multi_summit,미 “김정은에 역사적 기회 의미 있고 검증 가능한 조치 희망“FFVD 거듭 강조 “앞질러 가지 않겠다 한국과 면밀히 상의“,,"신중 대응 남북 정상 '오픈카 퍼레이드'에 “흥미로워 우리도 가면 썬루프 이벤트 하려나“미국 국무부는 18 일(현지 시간) 문재인 대통령과 김정은 북한 국무위원장의 제3차 남북정상회담에 대해 '김 위원장이 비핵화 약속을 이행할 역사적 기회'라고 평가하고 비핵화를 향한 '의미 있고 검증 가능한 조치들'(meaningful verifiable steps)을 보고 싶다고 말했다.
헤더 나워트 대변인은 이날 브리핑에서 정상회담 일정이 아직 진행 중인 점을 언급, “앞질러 가지 않겠다“는 것ㄹ 전제로 “그 결과물로 우리가 보길 원하는 것이 무엇인지 하는 관점에서 말한다면 우리는 북한의 비핵화를 향한 의미 있고 검증 가능한 조치들을 보기를 희망한다“고 밝혔다.
특히 “이번 정상회담은 남북 간에 세 번째 열리는 것“이라며 “우리의 관점에서 보자면 이는 김 국무위원장이 최종적이고 완전하게 검증된 북한의 비핵화(FFVD)를 향한 의미 있고 검증 가능한 행동들을 통해 싱가포르와 판문점에서 한 약속을 이행할 역사적 기회(historic opportunity)“라고 강조했다.
잇어 “정상회담에 대한 일종의 분석이라는 관점에서 보자면 아직 (회담이) 진행 중이기 때문에 우리는 매우 면밀히, 주의 깊게, 정기적으로 한국과 상의해 나갈 것“이라며 “현재 회담이 진행 중인 만큼 추가로 알릴 것이 있으면 전달하겠다“고 덧붙였다.
나워트 대변인은 한반도의 '완전하고 검증 가능하며 불가역적인 비핵화'(CVID)이라는 관점에서 진전이 있느냐는 질문에 대해 “상황의 속도라는 관점에서 말하자면 (마이크 폼페이오 국무) 장관은 이것은 하나의 과정이 될 것이라고 말해 왔다“며 “우리는 두 눈을 부릅뜨고 임할 것“이라고 말했다.
잇어 “우리는 한국이 북한과 마주 앉았을 때, 미국이 북한과 마주 앉을 기회를 가질 때 진전이 이루어진다고 생각한다“고 부연했다.
그러면서 “때문에 우리는 다른 나라들과 긴밀하게 지속해서 상의하고 있다“며 “마주 앉아 대화하고 정기적으로 협상하는 것ㄴ 분명히 좋은 것이라고 생각한다“고 밝혔다.
나워트 대변인은 이와 함께 문 대통령이 평양 순안공항에 도착한 이후 백화원 영빈관으로 이동하면서 김 위원장과 함께 '오픈카'를 타고 평양 시내에서 퍼레이드한 것을 언급, “확실히 선루프는 보기에 흥미롭ㄴ 것이었다“면서 농반진반으로 “다음에 우리가 그곳(평양)에 가게 될 때 / 우리가 다음에 그곳에 가게 된다면/ 에도 선루프(이벤트)가 있을지 여부에 대해 한 번 알아봐야 할 것“이라고 언급했다.
나워트 대변인은 스티븐 비건 대북 정책 특별 대표의 최근 한 중 일 방문과 관련, “김 위원장이 합의한 대로 FFVD에 대해 논의하고 왔다“며 “비건 특별 대표는 이번 출장 기간 비핵화와 압박, 외교에 대한 지속적인 조율의 중요성을 강조했다“고 전했다.
비건 특별 대표와의 면담 과정에서 한국과 중국, 일본 모두 비핵화라는 공동 목표 및 이 목표를 달성하기 위한 방안을 강조했다고 나워트 대변인은 덧붙였다.
비건 특별 대표는 이번 한 중 일 방문 기간 그의 카운터 파트들과의 강력한 관계를 구축했으며, 이를 통해 이 세계의 비핵화 목표를 향한 굳건한 협력의 토대를 닦게 될 것이라고 나워트 대변인은 설명했다.",11,1571
iks_doc_2018_hankyoreh_159,Hankyoreh 2018 total annotated text file unicode.txt,Hankyoreh,한겨레,2018,2018_multi_summit,"“남북 비핵화 방안 합의는 처음 핵무기 핵 위협 전쟁 없는 한반도로“문 대통령, 9월 평양 공동 선언 서명 뒤 공동 기자 회견 “동창리 엔진 시험장 등 유관국 전문가 참여해 폐쇄 미국의 상응 조치 따라 연변 핵 시설 영구 폐기 등 추가 조치도“2032년 하계 올림픽 남북 공동 개최 유치 협력 등도 발표",,"문재인 대통령이 19일 “남과 북이 처음으로 비핵화 방안에 합의했다.
이는 매우 의미 있는 성과“라고 밝혔다.
문 대통령은 이날 평양 백화원 영빈관에서 '9월 평양 공동 선언 합의서'에 서명한 뒤 김정은 북한 국무위원장과의 공동 기자 회견에서 이렇게 밝혔다.
문 대통령은 “북쪽은 동창리 엔진 시험장, 미사일 발사대를 유관국 전문가 참여하에 영구 폐쇄하기로 했다.
미국의 상응 조치에 따라 영변 핵 시설 영구 폐기와 같은 추가적 조치도 취해 나가기로 했다“고 밝혔다.
문 대통령은 남북 경협을 위한 구체적인 진전 사항에 대해서 설명했다.
문 대통령은 “남북은 올해 안에 동 서해선 철도와 도로 연결을 위한 착공식을 가질 것이다.
환경이 조성되는 대로 개성 공단과 금강산 사업 정상화도 이루어질 것“이라며 “한반도 환경 협력과 전염성 질병의 유입과 확산을 막기 위한 보건 협력도 즉시 추진될 수 있을 것“이라고 밝혔다.
잇어 금강산 상설 면회소도 복구해 서신 왕래, 화상 상봉 등도 먼저 실행할 예정이라고 했다.
또 문재인 대통령은 “2032년 하계 올림픽 남북 공동 개최 유치에 협력하기로 했다“고 발표했다.
잇어 “3.1운동 100주년 공동 행사를 준비하기로 했다“며 “10월에 평양 예술단이 남한에 온다.
'가을이왔다' 공연으로 남과 북이 더욱 가까워질 것“이라고 덧붙였다.
다음은 문 대통령 기자 회견 발언 전문.
문재인 대통령 북녘 동포 여러분, 남녘의 국민 여러분!
해외 동포 여러분 전쟁 없는 한반도가 시작됐습니다.
남과 북은 오늘 한반도 전 지역에서 전쟁을 일으킬 수 있는 모든 위험을 없애기로 합의했습니다.
남북 군사 공동 위원회를 가동해 군사 분야 합의 사항의 이행을 위한 상시적 협의를 진행하기로 했습니다.
1953년 정전 협정으로 포성은 멈췄지만 지난 65년 전쟁은 우리의 삶에서 계속됐습니다.
죽어야 할 이유가 없는 젊은 목숨들이 사라졌고 이웃들 사이에 보이지 않는 벽이 생겼습니다.
한반도를 항구적 평화 지대로 만들어 감로써 우리는 이제 우리의 삶을 정상으로 돌려 놓을 수 있게 됐습니다.
그동안 전쟁의 위협과 이념의 대결이 만들어 온 특권과 부패, 반인권으로부터 벗어나 우리 사회를 온전히 국민의 나라로 복원할 수 있게 됐습니다.
나는 오늘 이 말씀을 드릴 수 있어 참으로 가슴 벅찹니다.
남과 북은 처음으로 비핵화 방안도 합의했습니다.
매우 의미 있는 성괍니다.
북측은 동창리 엔진 시험장과 미사일 발사대를 유광국의 전문가들의 참여하에 영구적으로 폐쇄하기로 했습니다.
또한 미국의 상응 조치에 따라 영변 핵 시설의 연구 폐기와 같은 추가적 조치도 취해 나가기로 했습니다.
우리 겨레 모두에게 아주 기쁘고 고맙ㄴ 일입니다.
한반도의 완전한 비핵화가 멀지 않았습니다.
남과 북은 앞으로도 미국 등 국제 사회와 비핵화의 최종 달성을 위해 긴밀하게 협의하고 협력해 나가기로 했습니다.
우리의 역할도 막중해 졌습니다.
국민들의 신뢰와 지지가 어느 때보다 절실합니다.
북녘의 동포 여러분, 남녘의 국민 여러분!
지난 판문점 선언 이후 한반도와 그 주변에는 역사적 사변이라고 해도 좋을 거대한 변화가 일어나고 있습니다.
사상 최초로 북미 정상이 마주 앉아 회담을 하고 합의 사항을 내 놨습니다.
북측은 최근 미사일 실험을 일체 하지 않겠다고 약속했으며 이를 지켰습니다.
한미 양국도 대규모 연합 훈련을 중단했습니다.
개성에는 남북 공동 연락 사무소가 설치됐습니다.
상시적으로 우리의 문제를 논의할 수 있는 새롭ㄴ 남북 시대가 열렸습니다.
너무나 꿈 같은 일이지만 우리 눈앞에서 분명히 이행되고 있는 일들입니다.
평화와 번영을 바라는 우리 겨레의 마음은 단 한순간도 멈춘 적이 없습니다.
빠르게 보이지만 결코 빠른 것이 아닙니다.
이러한 일들은 오랫동안 바라고 오래도록 준비해 온 끝에 오늘 우리 앞에 펼쳐지고 있는 것입니다.
하나로 모인 8 천만 겨레의 마음이 평화의 길을 열어 냈습니다.
우리는 우리가 만들어 낸 이 길을 완전한 비핵화를 완성해 가며 내실 있게 실천해 가야 할 것입니다.
김정은 위원장과 나는 오늘 평양에서 북과 남의 교류와 협력을 더욱 증대시키기로 했고, 민족 경제를 균형적으로 발전시키기 위한 실질적 대책을 만들어 나가기로 했습니다.
남과 북은 올해 안에 동서해선 철도와 도로 연결을 위한 착공식을 가질 것입니다.
환경이 조성되는 대로 개성 공단과 금강산 관광 사업의 정상화도 이루어질 것입니다.
한반도 환경 협력과 전염성 질병의 유입과 확산을 막기 위한 보건 의료 분야의 협력은 즉시 추진될 수 있을 것입니다.
금강산 이산가족 상설 면회소 복구와 서신 왕래 화산 상봉은 우선적으로 실현해 나갈 것입ㄴ다.
2032년 하계 올림픽의 남북 공동 개최 유치에도 함께 협력하기로 했습니다.
3.1운동 100주년 공동 행사를 위한 구체적 준비도 시작하기로 했습니다.
10월이 되면 평양 예술단이 서울에 왔습니다.
가을이왔다 공연으로 남과 북 사이가 더욱 가까워 질 것입니다.
나는 김정은 위원장에게 서울 방문을 요청했고, 김 위원장은 가깝ㄴ 시일 안에 서울을 방문하기로 했습니다.
여기서 가깝ㄴ 시일 안에라는 말은 특별한 사정이 없으면 올해 안에라는 의미를 담고 있습니다.
김 위원장의 서울 방문은 최초의 북측 최고 지도자의 방문이 될 것이며 남북 관계의 획기적 정기가 마련될 것입니다.
북녘 동포 여러분 남녘의 국민 여러분!
해외 동포 여러분 김정은 위원장은 오늘 한반도 비핵화의 길을 명확히 보여 줬고 핵무기도 핵 위협도 전쟁도 없는 한반도의 뜻을 같이 했습니다.
온 겨레와 세계의 여망에 부응했습니다.
김정은 위원장의 결단과 실행에 깊은 경의를 표합니다.
남북 관계는 흔들림 없이 이어져 갈 것입니다.
이제 평양 회담의 성과를 바탕으로 북미 간 대화가 빠르게 재개되길 기대합니다.
북미 양국은 끊임없이 신설을 교환하지만 서로 간의 신뢰를 거듭 확인해 왔습니다.
양국 간 정상회담이 조속히 이루어지고 양국이 서로 합의할 수 있는 지점을 찾을 수 있도록 우리의 노력도 다해 나갈 것을 약속합니다.
지난 봄 한반도에는 평화와 번영의 씨앗이 뿌려졌습니다.
오늘 가을의 평양에서 평화와 번영의 열매가 열리고 있습니다.
감사합니다.",67,2997
iks_doc_2018_hankyoreh_160,Hankyoreh 2018 total annotated text file unicode.txt,Hankyoreh,한겨레,2018,2018_multi_summit,"역사를 바꾼 7분 남북 정상, '평양 공동 선언' 서명 순간 2번의 정상회담 마치고, 사실상의 종전 선언, 비핵화 구체 방안 등 담은 합의 서명",,"문재인 대통령과 김정은 북한 국무위원장이 19일 생방송으로 발표한 '평양 선언'엔 군사 적대 관계 종식, 동창리 미사일 엔진 시험장 폐기, 영변 핵 시설 영구 폐기 등 용의, 김정은 위원장의 올해 안 서울 방문 등 예상을 뛰어넘는 파격적인 내용이 담겼다.
남북 사이의 사실상의 '종전 선언'이자 불가역적인 평화 선언이었다.
역사적 서명의 순간은 어떻게 진행됐을까.
문재인 대통령과 김정은 북한 국무위원장은 19일 오전 10시부터 평양 백화원 영빈관에서 문 대통령의 평양 방문 2일 차 회담을 70분 간 했다.
문 대통령은 11시 10분쯤 행사장에 등장했다.
서명식은 11시 19분 시작됐다.
행사장 왼쪽에는 정의용 실장, 조명균, 강경화, 송영무, 도종환, 김현미 장관 등이 일렬로 섰고, 오른쪽에 북쪽의 리수용 당 국제 담당 부위원장, 로광철 인민 무력부장, 리선권 북한 조평통 위원장 등이 일렬로 섰다.
문재인 대통령이 합의문에 서명할 장소로 들어가기 전에 로비에 잠시 섰다.
김여정 부부장의 안내로 김정은 위원장이 걸어 오자 두 정상은 11시 22분 나란히 회장장 안으로 걸어 들어섰다.
11시 23분 두 정상은 9월 평양 공동 선언' 합의문에 서명했다.
김종천 의전 비서관이 문 대통령에게 펜을 건냈고, 김여정 부부장이 김정은 위원장에게 펜을 건냈다.
먼저 서명을 끝낸 문재인 대통령 김정은 쪽 잠시 바라봤다.
두 정상은 서로 서명한 합의문을 들고 와서 교환했다.
악수를 하고 난 뒤 문재인이 대통령이 웃으면서 김정은 위원장에게 얘기를 먼저 건냈다.
김정은 위원장은 합의문을 먼저 펼쳐 들고, 문재인 대통령도 합의문 펼쳐 들고 사진을 찍었다.
두 정상은 합의문을 덮고 나서 또 악수했다.
서명을 마친 뒤 문재인 대통령은 북쪽 인사들에게 인사하고, 김 위원장은 우리 남쪽 장관들에게 가서 인사를 건냈다.
잇어 송영무 국방장관과 로광철 북한 인민 무력상은 이날 두 정상이 지켜 보는 가운데 '판문점 선언(4.27 남북정상회담 합의) 이행을 위한 군사 분야 합의서'에도 각각 서명했다.
송 장관 뒤에는 문재인 대통령이, 로광철 인민 무력상 뒤에는 김정은 위원장이 앉았다.
11시 26분 서명이 끝난 뒤 각각 합의문 교환하자 박수가 터져 나왔다.
문 통과 김 위원장도 함께 박수를 쳤다.
송영무 장관이 로광철 인민 무력상에게 다가가 악수를 청했다.
9월 평양 공동 선언 대한민국 문재인 대통령과 조선민주주의인민공화국 김정은 국무위원장은 2018년 9월 18일부터 20일까지 평양에서 남북정상회담을 진행했다.
양 정상은 역사적인 판문점 선언 이후 남북 당국 간 긴밀한 대화와 소통, 다방면적 민간 교류와 협력이 진행되고, 군사적 긴장 완화를 위한 획기적인 조치들이 취해지는 등 훌륭한 성과들이 있었다고 평가했다.
양 정상은 민족 자주와 민족 자결의 원칙을 재확인하고, 남북 관계를 민족적 화해와 협력, 확고한 평화와 공동 번영을 위해 일관되고 지속적으로 발전시켜 나가기로 했으며, 현재의 남북 관계 발전을 통일로 잇어 갈 것을 바라는 온 겨레의 지향과 여망을 정책적으로 실현하기 위해 노력해 나가기로 했다.
양 정상은 판문점 선언을 철저히 이행해 남북 관계를 새롭ㄴ 높은 단계로 진전시켜 나가기 위한 제반 문제들과 실천적 대책들을 허심탄회하고 심도 있게 논의했으며, 이번 평양 정상회담이 중요한 역사적 전기가 될 것이라는 데 인식을 같이 하고 다음과 같이 선언했다.
1. 남과 북은 비무장 지대를 비롯한 대치 지역에서의 군사적 적대 관계 종식을 한반도 전 지역에서의 실질적인 전쟁 위험 제거와 근본적인 적대 관계 해소로 이어 나가기로 했다.
① 남과 북은 이번 평양 정상회담을 계기로 체결한?판문점 선언 군사 분야 이행 합의서?를 평양 공동 선언의 부속 합의서로 채택하고 이를 철저히 준수하고 성실히 이행하며, 한반도를 항구적인 평화 지대로 만들기 위한 실천적 조치들을 적극 취해 나가기로 했다.
② 남과 북은 남북군사공동위원회를 조속히 가동해 군사 분야 합의서의 이행 실태를 점검하고 우발적 무력 충돌 방지를 위한 상시적 소통과 긴밀한 협의를 진행하기로 했다.
2. 남과 북은 상호 호혜와 공리 공영의 바탕 위에서 교류와 협력을 더욱 증대시키고, 민족 경제를 균형적으로 발전시키기 위한 실질적인 대책들을 강구해 나가기로 했다.
① 남과 북은 금년 내 동, 서해선 철도 및 도로 연결을 위한 착공식을 갖기로 했다.
② 남과 북은 조건이 마련되는 데 따라 개성 공단과 금강산 관광 사업을 우선 정상화하고, 서해 경제 공동 특구 및 동해 관광 공동 특구를 조성하는 문제를 협의해 나가기로 했다.
③ 남과 북은 자연 생태계의 보호 및 복원을 위한 남북 환경 협력을 적극 추진하기로 했으며, 우선적으로 현재 진행 중인 산림 분야 협력의 실천적 성과를 위해 노력하기로 했다.
④ 남과 북은 전염성 질병의 유입 및 확산 방지를 위한 긴급 조치를 비롯한 방역 및 보건 의료 분야의 협력을 강화하기로 했다.
3. 남과 북은 이산가족 문제를 근본적으로 해결하기 위한 인도적 협력을 더욱 강화해 나가기로 했다.
① 남과 북은 금강산 지역의 이산가족 상설 면회소를 빠른 시일 내 개소하기로 했으며, 이를 위해 면회소 시설을 조속히 복구하기로 했다.
② 남과 북은 적십자 회담을 통해 이산가족의 화상 상봉과 영상 편지 교환 문제를 우선적으로 해결해 나가기로 했다.
4. 남과 북은 화해와 단합의 분위기를 고조시키고 우리 민족의 기개를 내외에 과시하기 위해 다양한 분야의 협력과 교류를 적극 추진하기로 했다.
① 남과 북은 문화 및 예술 분야의 교류를 더욱 증진시켜 나가기로 했으며, 우선적으로 10월 중에 평양 예술단의 서울 공연을 진행하기로 했다.
② 남과 북은 2020년 하계 올림픽 경기 대회를 비롯한 국제 경기들에 공동으로 적극 진출하며, 2032년 하계 올림픽의 남북 공동 개최를 유치하는 데 협력하기로 했다.
③ 남과 북은 10.4 선언 11주년을 뜻 깊게 기념하기 위한 행사들을 의의 있게 개최하며, 3.1운동 100주년을 남북이 공동으로 기념하기로 하고, 그를 위한 실무적인 방안을 협의해 나가기로 했다.
5. 남과 북은 한반도를 핵무기와 핵 위협이 없는 평화의 터전으로 만들어 나가야 하며 이를 위해 필요한 실질적인 진전을 조속히 이뤄 나가야 한다는 데 인식을 같이 했다.
① 북측은 동창리 엔진 시험장과 미사일 발사대를 유관국 전문가들의 참관하에 우선 영구적으로 폐기하기로 했다.
② 북측은 미국이 6.12 북미 공동 성명의 정신에 따라 상응 조치를 취하면 영변 핵 시설의 영구적 폐기와 같은 추가적인 조치를 계속 취해 나갈 용의가 있음을 표명했다.
③ 남과 북은 한반도의 완전한 비핵화를 추진해 나가는 과정에서 함께 긴밀히 협력해 나가기로 했다.
6. 김정은 국무위원장은 문재인 대통령의 초청에 따라 가깝ㄴ 시일 내로 서울을 방문하기로 했다.",46,3325
iks_doc_2018_hankyoreh_161,Hankyoreh 2018 total annotated text file unicode.txt,Hankyoreh,한겨레,2018,2018_multi_summit,2018년 9월 19일 대한민국 대통령 문재인 조선민주주의인민공화국 국무위원장 김정은,김 위원장 “영변 핵 영구 폐기 용의“올해 안에 서울 온다 문 대통령 김 위원장 '9월 평양 공동 선언' 합의 동창리 시험장 영변 핵 시설 '영구 폐기' 등 비핵 방안 포함 남북군사 공동위 상시 가동 개성 공단 금강산 관광 정상화 합의도,"문재인 대통령과 김정은 북한 국무위원장은 19일 동창리 엔진 시험장과 미사일 발사대를 영구적으로 폐기하기로 하고 미국의 상응 조처에 따라 영변 핵 시설 영구적 폐기를 약속한다는 내용을 담은 '9월 평양 공동 선언'을 발표했다.
김 위원장은 또 특별한 사정이 없는 한 올해 답방 형식으로 서울을 방문해 문 대통령과 4차 정상회담을 하겠다고 약속했다.
다음은 두 정상이 합의한 '9월 평양 공동 선언' 전문.
9월 평양 공동 선언 대한민국 문재인 대통령과 조선민주주의인민공화국 김정은 국무위원장은 2018년 9월 18일부터 20일까지 평양에서 남북정상회담을 진행했다.
양 정상은 역사적인 판문점 선언 이후 남북 당국 간 긴밀한 대화와 소통, 다방면적 민간 교류와 협력이 진행되고, 군사적 긴장 완화를 위한 획기적인 조치들이 취해지는 등 훌륭한 성과들이 있었다고 평가했다.
양 정상은 민족 자주와 민족 자결의 원칙을 재확인하고, 남북 관계를 민족적 화해와 협력, 확고한 평화와 공동 번영을 위해 일관되고 지속적으로 발전시켜 나가기로 했으며, 현재의 남북 관계 발전을 통일로 잇어 갈 것을 바라는 온 겨레의 지향과 여망을 정책적으로 실현하기 위해 노력해 나가기로 했다.
양 정상은 판문점 선언을 철저히 이행해 남북 관계를 새롭ㄴ 높은 단계로 진전시켜 나가기 위한 제반 문제들과 실천적 대책들을 허심탄회하고 심도 있게 논의했으며, 이번 평양 정상회담이 중요한 역사적 전기가 될 것이라는 데 인식을 같이하고 다음과 같이 선언했다.
1. 남과 북은 비무장 지대를 비롯한 대치 지역에서의 군사적 적대 관계 종식을 한반도 전 지역에서의 실질적인 전쟁 위험 제거와 근본적인 적대 관계 해소로 이어 나가기로 했다.
① 남과 북은 이번 평양 정상회담을 계기로 체결한 판문점 선언 군사 분야 이행 합의서를 평양 공동 선언의 부속 합의서로 채택하고 이를 철저히 준수하고 성실히 이행하며, 한반도를 항구적인 평화 지대로 만들기 위한 실천적 조치들을 적극 취해 나가기로 했다.
② 남과 북은 남북군사공동위원회를 조속히 가동해 군사 분야 합의서의 이행 실태를 점검하고 우발적 무력 충돌 방지를 위한 상시적 소통과 긴밀한 협의를 진행하기로 했다.
2. 남과 북은 상호 호혜와 공리 공영의 바탕 위에서 교류와 협력을 더욱 증대시키고, 민족 경제를 균형적으로 발전시키기 위한 실질적인 대책들을 강구해 나가기로 했다.
① 남과 북은 금년 내 동, 서해선 철도 및 도로 연결을 위한 착공식을 갖기로 했다.
② 남과 북은 조건이 마련되는 데 따라 개성 공단과 금강산 관광 사업을 우선 정상화하고, 서해 경제 공동 특구 및 동해 관광 공동 특구를 조성하는 문제를 협의해 나가기로 했다.
③ 남과 북은 자연 생태계의 보호 및 복원을 위한 남북 환경 협력을 적극 추진하기로 했으며, 우선적으로 현재 진행 중인 산림 분야 협력의 실천적 성과를 위해 노력하기로 했다.
④ 남과 북은 전염성 질병의 유입 및 확산 방지를 위한 긴급 조치를 비롯한 방역 및 보건 의료 분야의 협력을 강화하기로 했다.
3. 남과 북은 이산가족 문제를 근본적으로 해결하기 위한 인도적 협력을 더욱 강화해 나가기로 했다.
① 남과 북은 금강산 지역의 이산가족 상설 면회소를 빠른 시일 내 개소하기로 했으며, 이를 위해 면회소 시설을 조속히 복구하기로 했다.
② 남과 북은 적십자 회담을 통해 이산가족의 화상 상봉과 영상 편지 교환 문제를 우선적으로 해결해 나가기로 했다.
4. 남과 북은 화해와 단합의 분위기를 고조시키고 우리 민족의 기개를 내외에 과시하기 위해 다양한 분야의 협력과 교류를 적극 추진하기로 했다.
① 남과 북은 문화 및 예술 분야의 교류를 더욱 증진시켜 나가기로 했으며, 우선적으로 10월 중에 평양 예술단의 서울 공연을 진행하기로 했다.
② 남과 북은 2020년 하계 올림픽 경기 대회를 비롯한 국제 경기들에 공동으로 적극 진출하며, 2032년 하계 올림픽의 남북 공동 개최를 유치하는 데 협력하기로 했다.
③ 남과 북은 10.4 선언 11주년을 뜻 깊게 기념하기 위한 행사들을 의의 있게 개최하며, 3.1운동 100주년을 남북이 공동으로 기념하기로 하고, 그를 위한 실무적인 방안을 협의해 나가기로 했다.
5. 남과 북은 한반도를 핵무기와 핵 위협이 없는 평화의 터전으로 만들어 나가야 하며 이를 위해 필요한 실질적인 진전을 조속히 이뤄 나가야 한다는 데 인식을 같이 했다.
① 북측은 동창리 엔진 시험장과 미사일 발사대를 유관국 전문가들의 참관하에 우선 영구적으로 폐기하기로 했다.
② 북측은 미국이 6.12 북미 공동 성명의 정신에 따라 상응 조치를 취하면 영변 핵 시설의 영구적 폐기와 같은 추가적인 조치를 계속 취해 나갈 용의가 있음을 표명했다.
③ 남과 북은 한반도의 완전한 비핵화를 추진해 나가는 과정에서 함께 긴밀히 협력해 나가기로 했다.
6. 김정은 국무위원장은 문재인 대통령의 초청에 따라 가깝ㄴ 시일 내로 서울을 방문하기로 했다.",27,2403
iks_doc_2018_hankyoreh_162,Hankyoreh 2018 total annotated text file unicode.txt,Hankyoreh,한겨레,2018,2018_multi_summit,2018년 9월 19일 대한민국 대통령 문재인 조선민주주의인민공화국 국무위원장 김정은,"문 대통령 “김 위원장, 손 잡고 군사 분계선 넘은 사이“신뢰 강조 첫날 목란관 환영 만찬 남북 정상 건배사로 내일 회담 의지 밝혀 문 대통령 “전쟁 공포 해소 방안 진지하게 논의“김정은 “판문점 선언 계승 허심탄회 논의할 것“","문재인 대통령이 18일 남북 정상회담 만찬 행사에서 “남북 사이에 군사적 긴장과 전쟁의 공포를 완전히 해소하는 방안을 진지하게 논의하겠다“고 밝혔다.
문 대통령은 이날 오후 김 위원장과 회담에 잇어 평양 목란관에서 열린 저녁 만찬 행사에서, 건배사로 “군사, 경제, 사회, 문화 모든 분야에서 내실 있는 발전을 이루고, 남과 북 사이에 군사적 긴장과 전쟁의 공포를 완전히 해소하는 방안을 진지하게 논의하겠다“라고 말했다.
문 대통령은 잇어 “한반도의 완전한 비핵화와 평화 정착도 중요한 의제다.
항구적 평화와 평화 번영을 위한 큰 그림을 그려 가겠다“라며 “완전히 새롭ㄴ 결읜 만큼 여러 도전과 난관을 만날 수도 있다.
그러나 김정은 위원장과 내게는 신뢰와 우정이 있다.
역지사지의 자세로 서로를 이해하고 배려한다면 넘어서지 못할 어려움은 없을 것“이라고 말했다.
문 대통령은 “김 위원장과 나는 다정한 연인처럼 함께 손 잡고 군사 분계선을 넘어 가고 넘어 왔던 사이“라며 두 정상 사이 단단한 신뢰가 구축됐음을 강조했다.
김정은 위원장은 문 대통령에 앞서 환영사를 통해 “우리가 판문점에서 시작한 역사적 첫 출발이 온 겨레를 불신과 대결의 늪 속에서 과감히 벗어나 화해와 평화 번영에 접어들ㅁ은 물론 이제는 그 누구도 멈출 수 없는 민족 화해와 평화 번영의 새 시대로 당당히 들어서게 된 데 대해 만족스럽게 생각한다“고 말했다.
김 위원장은 잇어 “좋게 출발한 평화 번영의 새 역사를 지속해 나가며 북남 관계에서 꽃 피는 봄날과 풍요한 결실만이 있기를 만들어 나가야 한다“며 “문재인 대통령과 함께 판문점 선언을 계승 발전시켜 나가기 위한 제반 문제들을 허심탄회하게 논의할 것이다.
그동안 문재인 대통령과 쌓은 신뢰가 있기에 평화롭고 번영하는 조선 반도의 미래를 열어 가는 우리의 발걸음은 더욱 빨라질 것이라고 생각한다“고 말했다.
북쪽 현송월 단장 남쪽 최현우 마술사 참석 연회 메뉴로 백화 대구 찜, 상어 날개 야자탕 등 이날 만찬에는 남쪽 공식 일반 특별 수행원 200여 명, 북측에서는 수행원 50여 명 정도 참석했다.
헤드 테이블에는 문재인 대통령 부부, 김정은 국무위원장 부부를 비롯해, 정의용 청와대 국가 안보실장, 서훈 국가정보원장, 조명균 통일부 장관, 송영무 국방부 장관, 김현미 국토 교통부 장관, 김의겸 청와대 대변인, 이해찬 더불어민주당 대표, 정동영 민주평화당 대표, 이정미 정의당 대표(이상 남쪽 인사), 김영남 최고인민회의 상임 위원장, 김영철 당 부위원장, 노광철 인민 무력상이 자리했다.
현송월 삼지연관현악단 단장과 모란봉악단 전자 바이올리스트 등도 만찬장에 입장했다.
남쪽에서는 마술사 최현우씨와 가수 알리가 참석했다.
만찬주로는 홍성 수삼 인삼 술, 평양 소주, 와인이 준비됐다.
연회 메뉴는 백설기 약밥, 강정 합성 배속 김치, 칠면조 말이 랭찜, 해산물 물회, 과일 남새 생채, 상어 날개 야자탕, 백화 대구 찜, 자산소 심옥 구이, 송이버섯 구이, 흰쌀밥, 숭어 국, 도라지 장아찌, 오이 숙장과 수정과 유자 고 강령 녹차 등이었다.
목란관 1층 로비에는 남쪽이 선물로 준비해 온 대동여지도(가로 420 X 930㎝)가 전시돼 있었다.
22책으로 이어진 지도를 하나로 연결해 완성했으며 오동나무 보관함과 함께 증정했다.
1층 로비를 가득 채울 정도로 웅장한 규모였다.
이어진 길을 따라 자유롭ㄴ 왕래를 통해 교류 협력을 증진하고, 번영과 평화를 이루자는 의미를 담았다.
북쪽이 준비한 선물은 유화 그림, 풍산 개 사진이었다.
유화 그림은 문재인 대통령/김정은 국무위원장이 5월 26일 판문점 북측 통일각에서 진행한 2차 남북 정상회담 당시 백두산 그림을 배경으로 찍었던 사진을 유화 그림으로 옮겨 놓은 것이다.
풍산 개 사진은 에이(A)4 용지 만 한 사이즈에 풍산 개 1마리 찍은 사진이다.
평양대극장에 울려 퍼진 ‘반갑습니다’ 삼지연악단 “열렬히 환영“공연 만찬 행사 평양대극장서 삼지연악단 공연 ‘반갑습니다’ '홀로아리랑' 등 불러 1년 전 북 핵 실험 자축한 목란관에서?
남북 비핵화 회담 만찬 열려 웃음꽃 문재인 대통령 부부와 김정은 북한 국무위원장 부부는 18일 저녁 남북 정상의 첫 회담이 끝난 뒤 평양 대동강변 평양대극장에서 열린 삼지연관현악단의 공연을 관람했다.
이재용 삼성전자 부회장, 현정은 현대그룹 회장, 차범근 전 축구 국가 대표 팀 감독, 현정화 탁구 대표 팀 감독 등도 함께했다.
평양대극장은 900석 좌석이 평양 시민들로 꽉 찬 모습이었다.
저녁 6시 15분께 김 위원장 부부가 극장 앞에 도착해 문 대통령 부부를 기다렸다.
극장에 먼저 가 있던 우리 쪽 외교부 통일부 문화 체육 관광부 국방부 장관이 건물 밖으로 나와 김 위원장과 악수했다.
김 위원장은 우리 공식 수행단을 향해 “시간이 좀 늦어지고 있지만 뭐 더 오래오래 보면 되는 것이지요.
특별히 나쁘지 않을 것입니다“라고 말했다.
6시 25분께 문 대통령 부부가 도착했고, 현송월 삼지연관현악단 단장은 단원 2명과 함께 문 대통령 부부에게 꽃다발을 전달했다.
오후 6시 30분께 ‘반갑습니다’ 노래를 시작으로 공연의 막이 올랐고, 평양 시민들은 일제히 박수를 치며 흥을 돋웠다.
‘반갑습니다’ 노래 도중 한 가수가 “아름답ㄴ 평양을 찾아온 문재인 대통령 내외를 열렬히 환영합니다““남녘 동포들에게도 뜨겁ㄴ 인사를 보냅니다“라고 인사를 건넸다.
가야금 연주와 삼지연관현악단의 협연이 이어졌고, 무대 뒤편에는 평창 겨울 올림픽의 여자 아이스하키 남북 단일팀과 남북 응원단의 응원 장면, 태권도 시범 장면 등이 비쳤다.
삼지연관현악단은 남쪽 공연에서도 불러 큰 호응을 자아냈던 '남자는배여자는항구'를 불러 분위기를 돋웠다.
또 '홀로아리랑' '흑산도아가씨' '소양강처녀' '찻집의고독' '그대없이는못살아’ '다함께차차차’ 등을 메들리로 이어 갔다.
공연 마지막 즈음엔 '백두와 한나(한라)는 내 조국'이 울려 퍼지며 배경 스크린에는 문 대통령과 김 위원장이 판문점 금강산 그림 앞에서 함께 찍은 사진이 나타났고, 평양 시민들은 큰 박수를 보냈다.
공연은 노래 '리의소원은통일'을 끝으로 막을 내렸다.
두 정상 부부는 2층 귀빈석에서 일어나 무대와 관객을 향해 손을 흔들었다.
청중들은 “만세“를 연호하며 함성을 질렀다.
한편 차범근 전 감독은 공연 뒤 취재진에 “가슴이 찡했다.
스크린에 평창 동계 올림픽 단일팀 경기 영상이 나온 것ㄹ 가사로 해서 같이 걸어 가자는 뜻으로 나오니까 눈물이 많이 났다“고 말했다.
현정화 탁구 대표 팀 감독도 취재진에 “단일팀 관련 영상이 많이 나와 뭉클했다“고 했다.
현 감독은 1991년 세계선수권 대회에서 단일팀을 구성했던 북한 리분희 선수와의 재회 가능성에 대해 “만난다면 잘 지냈냐고 말하고, 그것보단 한 번 끌어안는 것이 더 좋겠다.
저는 기대를 1도 안 하고 왔다.
만난다면 진짜 감동일 것“이라고 했다.
문 대통령 부부와 남쪽 수행원은 공연이 끝난 뒤 북쪽이 마련한 공식 환영 만찬에 참석했다.
만찬이 열린 '목란관'은 북쪽이 국빈 급 인사들을 맞아 연회를 여는 곳으로 알려져 있다.
특히 이곳은 1년 전 북한의 6차 핵 실험 자축 연회가 열렸던 곳이기도 하다.
핵 실험 성공을 축하하며 술잔을 기울였던 곳에서 1년 만에 비핵화 의제를 처음으로 논의 테이블에 올린 남북 정상회담의 만찬이 열린 셈이다.
프레스 센터 앞 '상봉 염원 펼침 막 '실향민 “가슴 떨려“정상회담 보도 '열기' DDP 주변 모습 시민들 “평양냉면 먹기 좋은 날“직장인들 “북한 통해 유럽 여행 희망““동생아! 오늘은 내 고향 북녘 하늘도 더없이 맑겠구나.““오라버니! 바람과 구름에 싣어 안부 전해 드려요.“
구름 한 점 없는 화창한 가을 하늘을 닮은 파랗ㄴ 바탕의 대형 걸개 그림이 서울 동대문구 동대문디자인플라자(DDP 디디피) 앞 거리를 수놓았다.
'2018 남북정상회담 평양'의 프레스 센터가 설치된 디디피의 길 건너편 두산 타워와 밀리오레 등 대형 쇼핑몰 건물에는 세일 정보 대신 실향민들의 염원이 자리 잡았다.
그중 한 명은 평안북도 신의주에서 태어난 정금옥(81)씨다.
1947년 10살 소녀 시절 부모와 함께 월남한 정씨는 <한겨레>와의 통화에서 “정상회담 내내 너무 긴장돼서 아무것도 손에 잡히지 않았다“고 떨리는 목소리로 말했다.
정씨는 남쪽으로 내려오면서 큰오빠, 작은오빠와 이별을 했다.
정씨는 “오빠가 살아 있는 것인지, 조카는 만날 수 있는지, 하루 종일 심장이 떨려 죽겠다“며 “잃어 버린 가족의 목소리를 듣고 싶다“고 염원했다.
남북 정상이 만나는 장면이 전파를 탄 뒤 얼마 지나지 않은 점심 시간, 디디피 근처에 있는 중구 평양 면옥은 앉을 자리가 없을 정도로 손님으로 빼곡했다.
손님 오명숙(52)씨는 “오늘은 정상회담 날이어서 그렇ㄴ지 더 맛이 좋은 것 같다“며 “정상회담이 잘 끝나서 평양에서 평양냉면을 먹는 날이 왔으면 좋겠다“고 말했다.
직원들과 함께 '평냉'을 먹었다는 이계방 한국석유유통 협회 부회장은 “오늘이 정상회담일이어서 '평양냉면 먹기 좋은 날'이라는 이야기를 나눈 참“이라며 “사업하는 입장에서 '평화는 경제다'이라는 말이 와닿는다“고 말했다.
점심 식사 뒤 커피숍을 찾은 직장인들의 화제 역시 '정상회담'이었다.
직장인 조주현(30)씨는 “이번 회담에서는 외교적인 사안들이 구체화돼서 실현됐으면 좋겠다“고 염원했다.
직장인 김명철(31)씨도 “통일이 돼서 북한을 통해 러시아, 유럽까지 여행을 가고 싶다“며 웃었다.
디디피 인근 상점들도 모처럼 활기를 띠는 모습이었다.
디디피에서 수공예품 판매를 준비하던 박혜정씨는 “정상회담이 꼭 성공했으면 하는 바람이다.
평화를 바라는 마음은 누구나 똑같지 않겠냐“고 말했다.
쇼핑을 왔다는 직장인 김소영(28)씨는 “오전에 문재인 대통령과 김정은 위원장이 손을 맞잡고 인사를 나누는 것ㄹ 보니 이제는 서로에게 익숙해진 것 같더라.
남북 정상의 만남이 '익숙'을 넘어 '일상'이 됐으면 좋겠다“고 했다.",69,4837
iks_doc_2018_hankyoreh_163,Hankyoreh 2018 total annotated text file unicode.txt,Hankyoreh,한겨레,2018,2018_multi_summit,"김 위원장 “발전된 나라 비해 초라 최대 성의 받아 주시길“남북 정상, 허심탄회한 대화 김 위원장 '겸손 솔직 화법'에? 문 대통령 “최고의 영접 뭉클“백화원 직접 안내한 김 위원장 “6.15와 10.4 선언 이곳서 채택“문 대통령, 회담 결과에 기대감 “판문점의 봄, 평양의 가을로“",,"김정은 북한 국무위원장은 18일 오전 문재인 대통령 부부를 숙손 백화원 영빈관으로 직접 안내하며 극진하게 대접했다.
김 위원장이 “이곳은 발전된 나라들에 비하면 초라하다.
최대한 성의를 다했으니 마음을 받아 주시면 좋겠다“고 하자 문 대통령은 “오늘 최고의 영접을 받았다“고 화답했다.
오후에 노동당사에서 열린 회담에서 두 정상은 서로 감사의 뜻을 주고 받았다.
김 위원장은 “조미(북/미) 상봉의 역사적 만남은 문 대통령의 덕이라고 해도 과언이 아니다“라고 했고, 문 대통령도 “새롭ㄴ 시대를 열고자 하는 김 위원장의 결단에 사의를 표한다“고 했다.
다음은 두 정상의 발언 전문.
백화원 영빈관 김정은 국무위원장(이하 김정은)? 역사로 말하면 6.15, 10.4 성명이 다 이 집에서 채택됐고.
리설주 여사(이하 리설주)? 최선을 다하느라고 노력했는데 미흡한 점이 있을 수 있습니다.
김정숙 여사(이하 김정숙)? 고맙습니다.
정말 고맙습니다.
문재인 대통령(이하 문재인)? 연도에 나와 있는 시민들, 또 그 뒤에 아파트 사시는 분들까지도 그렇게 아주 열렬히 환영해 주시니까 정말로 아주 가슴 벅찼습니다.
가슴 아주 뭉클해서.
김정은? 문재인 대통령님을 열렬히 환영하는 마음으로 올해 이룩한 성과만큼 빠른 속도로 더 큰 성과를 바라는 마음이고, 우리가 앞으로 북과 남의 인민들 마음, 기대를 잊지 말고 온 겨레의 기대를 잊지 않고 더 빠른 걸음으로 더 큰 성과를 내야 되겠구나 하는 생각을 가졌습니다.
문재인? 평양 시민들이 열렬히 환영해 주신 그 모습들을 우리 남측 국민들이 보게 되면 굉장히 뿌듯해하고 감격할 것 같습니다.
이번 회담에 풍성한 결실이 있겠다는 기대를 갖게 될 것 같습니다.
김정숙? 오면서 여기까지는 조국 통일, 평화 번영하는 마음으로.
김정은? 오늘 이렇게 오신 다음에 환영 오찬을 원래 하자는 의견도 있었는데, 오시자마자 이렇게 일정이 너무하면 불편하시고 이렇기 때문에 오늘 좀 편히 쉬시고, 오후에 3시부터 문재인 대통령님과 만나서 좋은 성과를 모두가 기대하는.",17,1000
iks_doc_2018_hankyoreh_164,Hankyoreh 2018 total annotated text file unicode.txt,Hankyoreh,한겨레,2018,2018_multi_summit,문재인? 판문점의 봄이 평양의 가을로 이렇게 이어져서 이제는 정말로 결실을 풍성하게 맺을,,"우리가 가슴의 소리지만 한편으로는 어깨가 무겁다고 느낍니다.
그러나 우리 사이에 신뢰가 쌓였기 때문에 잘될 것이라고.
리설주? 평양 시민들 오늘 다 보니까 많이 기대하시고 좋아하시고.
김정숙? 오늘 또 일부러 여기까지 안내까지 해 주시니까 너무 고맙습니다.
김정은? 응당 해야 할 일이지요.
대통령께서 세상 많은 나라 돌아보시는데 발전된 나라들에 비하면 초라합니다.
지난번 5월에 문재인 대통령께서 판문점 북측 지역에 오셨는데 장소와 환경이 그래서 제대로 된 영접 못 해 드리고 식사 한 끼도 대접하지 못하아서 늘 가슴에 걸리고, 기다리고 기다렸는데 수준이 좀 낮을 수 있어도 최대한 성의를 했으니 우리 마음을 받아 주시면 좋겠습니다.
문재인? 오늘 최고의 영접을 받았습니다.
김정은? 좀 쉬시고 오후에 뵙겠습니다.
김정숙? (리 여사의 손을 잡으며) 고맙습니다.
할 얘기가 많습니다.
김정은? 여사께서도 편히 쉬십쇼.
정상회담장 김정은? 문 대통령님을 세 차례 만났는데 제 감정을 말씀 드리면 '우리가 정말 가까워졌구나' 하는 것입니다.
또 큰 성과가 있었는데 문 대통령의 지칠 줄 모르는 노력 때문입니다.
북남 관계, 조미 관계가 좋아졌습니다.
역사적인 조미 대화 상봉의 불씨를 문 대통령께서 찾아 줬습니다.
조미 상봉의 역사적 만남은 문 대통령의 덕이라고 해도 과언이 아닙니다.
이로 인해 주변 지역 정세가 안정되고 앞으로 조미 사이에도 계속 진전된 결과가 나올 수 있겠다고 생각합니다.
문 대통령께서 기울인 노력에 다시 한 번 사의를 표합니다.
문재인? 먼저 김정은 위원장과 리설주 여사, 평양 시민들의 열렬한 환대에 감사 드립니다.
정말 기대 이상으로 환대해 주셨습니다.
판문점의 봄이 평양의 가을이 됐습니다.
다섯 달 만에 세 번을 만났는데 돌이켜 보면 평창동계올림픽, 또 그 이전에 김 위원장의 신년사가 있었고 그 신년사에는 김 위원장의 대담한 결정이 있었습니다.
이 과정은 김 위원장의 결단에 의한 것이었고 새롭ㄴ 시대를 열고자 하는 김 위원장의 결단에 사의를 표합니다.
평양 시내를 오다 보니 평양이 놀랍게 발전돼 있어 놀랐습니다.
산에도 나무가 많았습니다.
어렵ㄴ 조건에서 인민의 삶을 향상시킨 김 위원장의 리더십에 경의를 표하며 기대하는 바가 큽니다.
한편으로 우리가 지고 있고 져야 할 무게를 절감하고 무겁ㄴ 책임감을 느낍니다.
8 천만 겨레에 한가위 선물로 풍성한 결과를 남기는 회담이 되길 바랍니다.
전 세계도 주시하고 있고 전 세계인에게도 평화와 번영의 결실을 보여 줬으면 좋겠습니다.
평양의 첫날, 파격의 하루 문 대통령 “평화와 번영 결실 보여 줘야“첫날 정상회담 김“우리가 정말 가까워졌구나“문 “8 천만 겨레 한가위 선물을“정의용 서훈/김영철 김여정 배석 '비핵화 실천적 방안' 조율한 듯 문재인 대통령은 18일 “새롭ㄴ 시대를 열고자 하는 김정은 (북한 국무)위원장의 결단에 사의를 표한다“고 밝혔다.
문 대통령은 이날 평양 조선노동당 본부 청사에서 열린 3차 남북정상회담 머리 발언에서 “다섯 달 만에 세 번을 만났는데, 돌이켜 보면 평창동계올림픽, 또 그 이전에 김 위원장의 신년사가 있었고, 그 신년사에는 김 위원장의 대담한 결정이 있었다“며 이렇게 말했다.
문 대통령은 정상회담에 쏠린 전 세계의 눈과 귀를 의식한 듯 “우리가 지고 있고 져야 할 무게를 절감하고 무겁ㄴ 책임감을 느낀다.
8 천만 겨레에 한가위 선물로 풍성한 결과를 남기는 회담이 되길 바란다“며 “전 세계인에게도 평화와 번영의 결실을 보여 줬으면 좋겠다“고 했다.
교착 상태가 길어질 조짐을 보이는 북/미 관계의 개선을 끌어내야 한다는 바람을 내비친 것이다.
문 대통령은 이날 카퍼레이드를 하며 바라본 평양 시내에 대한 소감도 밝혔다.
그는 “평양 시내를 오다 보니 평양이 놀랍게 발전돼 있어 놀랐다.
어렵ㄴ 조건에서 인민의 삶을 향상시킨 김 위원장의 리더십에 경의를 표하며 기대하는 바가 크다“고 했다.
김 위원장은 “문 대통령님을 세 차례 만났는데, 제 감정을 말씀 드리면 '우리가 정말 가까워졌구나' 하는 것“이라며 친밀감을 나타냈다.
또 “큰 성과가 있었는데 문 대통령의 지칠 줄 모르는 노력 때문이다.
북남 관계, 조미(북/미) 관계가 좋아졌다.
역사적인 조미 대화 상봉의 불씨를 문 대통령께서 찾아 줬다“며 “조미 상봉의 역사적 만남은 문 대통령의 덕이라고 해도 과언이 아니다“라고 감사의 뜻을 전하기도 했다.
문 대통령이 지난해 취임 이후 줄곧 비핵화와 항구적 평화 정착에 관해 일관된 메시지를 내 놨고, 이후 4.27 판문점 1차 남북정상회담을 디딤돌 삼아 열ㄴ 6.12 싱가포르 북/미 정상회담 이후 정세가 급변했다는 김 위원장의 인식을 드러낸 것이다.
김 위원장은 “이로 인해 주변 지역 정세가 안정되고 앞으로 조미 사이에도 계속 진전된 결과가 나올 수 있겠다고 생각한다“며 “문 대통령께서 기울인 노력에 다시 한 번 사의를 표한다“고 덧붙였다.
이날 정상회담에는 우리 쪽에선 정의용 청와대 국가 안보실장, 서훈 국가정보원장이, 북쪽에서는 김영철 노동당 중앙 위원회 부위원장과 김여정 노동당 중앙위 제1 부부장이 배석했다.
특히 그동안 1, 2차 남북정상회담에서 배석하지 않았던 정의용 실장이 회담에 처음 참여했다.
문 대통령이 이번 회담의 성격을 “비핵화를 위한 북/미 대화를 촉진하는 문제에 집중적인 노력을 기울이겠다“고 밝힌 데 따른 변화로 풀이된다.
정 실장의 배석은 '비핵화의 실천적 방침'을 협의하기로 미리 조율한 이번 회담의 성격과 맞닿아 있다.
정 실장은 3월과 9월 문 대통령의 특사단장으로 방북해 김 위원장을 이미 두 차례 만난 데다, 한국 정부의 대표적인 대미 고위 협의 창구다.
그는 존 볼턴 백악관 국가 안보 보좌관과 수시로 통화하는 등 미국 쪽과 긴밀한 소통을 하고 있는 것으로 전해진다.
두 정상은 이날 회담에서 비핵화와 남북 관계 진전, 군사적 긴장 완화 등 주요 의제를 협의했고, 19일 오전 백화원 영빈관에서 두 번째 정상회담을 잇어 간 뒤 남북정상회담 합의문을 공동 발표한다.",51,2933
iks_doc_2018_hankyoreh_165,Hankyoreh 2018 total annotated text file unicode.txt,Hankyoreh,한겨레,2018,2018_multi_summit,'무개차' 운전은 북쪽서 조수석엔 청 경호청장 남북 격식 넘어 '하나 된 경호',,"문재인 대통령과 김정은 국무위원장이 18일 오전 평양 시내에서 카퍼레이드를 하는 동안 두 정상이 함께 탄 무개차(지붕이 없는 차량)의 조수석에는 북쪽 인사가 아닌 주영훈 청와대 경호처장이 앉았다.
국제적으로 통용되는 정상 경호 의전을 뛰어넘은 파격이다.
무개차 운전은 북쪽 호위 당국에서 맡았으나 조수석 선탑(선임 탑승자)은 주 처장이 맡은 것이다.
김의겸 청와대 대변인은 “김정은 국무위원장의 경호와 직결된 문젠데도 북쪽 호위 당국의 배려로 우리 쪽 경호 책임자가 선탑을 하게 됐다“고 전했다.
정상 행사 때 일차 경호 책임은 초청국이 맡는 것이 국제 관례다.
그러나 북쪽은 2007년 10월 남북정상회담 때도 노무현 대통령과 김영남 최고인민회의 상임 위원장이 무개차를 타고 평양 시내를 지나는 동안 남쪽이 근접 경호를 할 수 있도록 배려한 바 있다.
두 정상이 이용한 무개차는 독일 벤츠에서 만들ㄴ '메르세데스/마이바흐 S600 풀만 가드'를 개조한 차량으로 추정된다.
마이바흐의 최상위 급 버전에 방탄 기능을 갖춰 특수 제작한 차량으로, 무게는 5t에 이른다.
이 차량은 뒷좌석 쪽 지붕을 여닫을 수 있도록 특수 제작한 것으로 보인다.
메르세데스/벤츠 코리아 관계자는 “방탄찬 '풀만 가드'를 기반으로 한 차량은 맞는데, 주문할 때부터 특수 제작한 것인지 출고한 뒤 북한에서 개조한 것인지는 알ㄹ 수 없다“고 말했다.
이날 오전 평양 순안공항에 내린 문 대통령이 평양 시내까지 타고 간 차량도 남쪽에서 미리 가져온 방탄 전용 차량인 '메르세데스/마이바흐 S600 풀만 가드'이다.
4.27 판문점 정상회담 때 김 위원장도 같은 차종을 타고 군사 분계선을 넘었다.
총격과 화염 방사기는 물론 차량 바로 밑에서 15㎏의 티엔티(TNT)가 폭발해도 견디도록 설계돼 있다.
바퀴 4개가 모두 터져도 시속 80~100㎞로 달릴 수 있다.
시가 8억~10 억 원으로 알려져 있다.",15,937
iks_doc_2018_hankyoreh_166,Hankyoreh 2018 total annotated text file unicode.txt,Hankyoreh,한겨레,2018,2018_multi_summit,특별 수행단 만난 김영남 “평화 번영 통일 중요한 계기 되길“공식 수행단 특별 수행단 일정 조명균 강경화 박지원 박원순 김영남 상임 위원장과 환담 김덕룡 김홍걸 등 시민 사회 교계는 북쪽 민화협 회장 김영대 만나 이해찬 정동영 이정미 3 당 대표 안동춘과의 면담 장소에 안 나타나 북 “이런 경우가 어디 있나“결국 불발,,"18일 문재인 대통령과 김정은 국무위원장이 평양 일정 첫날 남북정상회담에 집중하는 사이, 정부 청와대 관계자들로 꾸려진 공식 수행단과 각 분야에서 초청된 특별 수행단도 북쪽의 대화 상대방을 만나 남북 협력 의제를 논의했다.
조명균 통일부 장관, 강경화 외교부 장관 등 국무 위원들과 박지원 민주평화당 의원, 박원순 서울 시장, 문정인 대통령 통일 외교 안보 특보 등 정상회담 수행단은 이날 오후 3시 40분께 만수대의사당 대회의실에서 김영남 북한 최고인민회의 상임 위원장 등을 만나 환담을 나눴다.
김영남 위원장은 “특별 수행원들의 평양 방문을 열렬히 환영한다“며 “조선 반도의 평화와 공동 번영, 통일의 국면을 여는 중요한 계기가 되길 바라고 있다“고 기대를 나타냈다.
인민문화궁전 면담실에서는 김덕룡 민주평화통일자문회의 수석 부의장, 김홍걸 민족화해협력범국민 협의회(민화협) 상임의장, 김희중 천주교 대주교 등 시민 사회 교계의 특별 수행원들이 김영대 최고인민회의 상임 위원회 부위원장 등 북쪽 관계자들과 만났다.
북쪽 민화협 회장이기도 한 김 부위원장은 “잃어 버린 10년을 뒤로하고, 새롭ㄴ 통일 시대를 맞아 여러분들을 평양에서 만나 얘기도 나누니 기쁜 마음을 금할 길이 없다“고 말했다.
이에 김 대주교는 “한반도에 새 하늘 새 땅이 열릴 수 있는 큰 발걸음이 되는 데 함께해서 기쁘다“고 화답했다.
하지만 같은 시각 이해찬 더불어민주당 대표 등 정당 대표들은 예정돼 있던 북쪽 최고인민회의 관계자들과의 면담에 불참해 논란을 빚었다.
이들은 '일정에 착오가 있었다'는 해명을 내 놨지만 일정이 사전에 치밀하게 짜이는 국가적 행사에서 불참한 것이라 그 배경에 관심이 쏠린다.
이 대표와 정동영 민주평화당 대표, 이정미 정의당 대표 등 3명의 정당 대표들은 애초 이날 오후 3시 30분 평양 만수대의사당에서 안동춘 최고인민회의 부의장과 리금철 조선사회민주당 중앙위 부위원장 등 북한 정치권 인사들과 만날 예정이었다.
이번 면담에선 남북 국회 회담 개최를 포함한 남북 정치권의 교류가 논의될 것으로 예상됐다.
북쪽 관계자들은 다소 일찍 도착해 기다렸지만 약속 시간인 3시 30분이 지나도 이 대표 등이 나타나지 않았다.
4시가 넘어 가자 일부 북쪽 관계자들은 현장에 있던 남쪽 취재진에게 “이런 경우가 어디 있느냐.
납득이 가지 않는다“고 말하기도 했다.
결국 4시 17분께 1시간여 기다린 북쪽 관계자가 남쪽 취재진에게 “호텔로 돌아가자“고 말하면서 면담은 사실상 취소됐다.
안동춘 부의장도 취재진에게 “수고했다“는 말을 건넸다.
어렵게 성사된 남북 정당 관계자들의 회담이 한국 정당 대표들의 불참으로 맥없이 취소된 것이다.
이후 숙손 고려호텔 로비에서 취재진을 만난 이해찬 대표는 “일정을 재조정하고 있다“고 밝혔다.
이정미 대표도 “일정에 착오가 있었던 것 같다.
그 시간에 정당 대표들끼리 간담회를 했다“고 설명했다.",19,1415
iks_doc_2018_hankyoreh_167,Hankyoreh 2018 total annotated text file unicode.txt,Hankyoreh,한겨레,2018,2018_multi_summit,문 대통령 노동당사 방명록에 “겨레의 마음은 하나!“글 남겨,,"문재인 대통령은 18일 오후 김정은 북한 국무위원장과 정상회담을 하기 위해 남쪽 대통령으로서는 처음 북한 조선노동당 중앙 위원회 본부 청사를 방문했다.
평양시 중구역 창광 거리에 있는 본부 청사는 김 위원장의 집무실이 있는 곳으로 우리의 청와대 격이다.
문 대통령은 오후 3시 38분께 도착해 미리 기다리고 있던 김 위원장의 마중을 받았다.
문 대통령은 차에서 내린 뒤 김 위원장과 웃으며 악수를 나눴다.
김 위원장은 문 대통령에게 “환영합니다“라고 했다.
두 정상이 북한 인민군 20명이 양쪽으로 도열한 복도를 지나 로비에 도착하자 김영철, 최룡해, 박광호, 리수용, 김평해, 오수용, 안정수, 최휘 등 노동당 부위원장 8명이 일렬로 서서 맞이했다.
문 대통령은 이들과 일일이 악수를 나눴다.
잇어 문 대통령과 김 위원장은 한반도 지도가 장식물로 걸린 중앙 홀에서 기념 사진을 찍었다.
사진을 찍던 중 문 대통령은 김 위원장에게 “악수 한 번 하시지요“라고 제안했고, 두 정상은 함께 악수를 하는 모습으로 사진 촬영을 이어 갔다.
문 대통령은 로비에 마련된 책상 앞 의자에 앉아 방명록에 '평화와 번영으로 겨레의 마음은 하나!
2018. 9. 18'이라고 썼다.
문 대통령이 방명록을 작성하는 동안 김 위원장은 문 대통령의 오른쪽에 서서 지켜 봤다.
문 대통령의 방명록 작성이 끝나자 김 위원장은 크게 박수를 쳤고, 주변에 있던 남북 인사들도 함께 박수를 쳤다.
잇어 두 정상은 회담장이 마련된 2층으로 걸어서 이동했다.
북쪽은 남쪽 취재진에게도 회담장 입장을 잠시 허용했다.
조선노동당 본부 청사를 남쪽 언론에 공개한 것은 이번이 처음이다.
두 정상은 오후 3시 45분부터 5시 45분까지 2시간 동안 백두산 천지 사진이 걸린 회담장에서 회담을 벌였다.
2시간의 회담을 마친 두 정상은 웃음을 띤 얼굴로 2층 회담장을 내려왔다.
문 대통령은 들어올 때와 마찬가지로 최룡해 부위원장 등과 악수했다.
김 위원장은 1층 현관 밖까지 나와 문 대통령의 차가 떠날 때까지 서서 손을 흔들며 배웅했다.
두 정상은 19일 오전엔 백화원 영빈관으로 자리를 옮겨 정상회담을 이어 간다.",21,1048
iks_doc_2018_hankyoreh_168,Hankyoreh 2018 total annotated text file unicode.txt,Hankyoreh,한겨레,2018,2018_multi_summit,"북 의장대, 예포 21발 쏘고 “대통령 각하“최고 예우 공항 환영서 숙소 도착까지 김명호 대좌 “각하를 영접라려 정렬“문 대통령 '받들어총' 경례 받아 김정은 위원장 부부 공항 마중 두 정상 끌어안고 세 차례 포옹 2000 2007년 땐 악수로 맞아 도심 진입하며 무개차로 동승 문 대통령 “최고 영접 받아 뭉클“",,"“정말로 아주 가슴 벅찼습니다.
아주 가슴이 뭉클합니다.",2,31
iks_doc_2018_hankyoreh_169,Hankyoreh 2018 total annotated text file unicode.txt,Hankyoreh,한겨레,2018,2018_multi_summit,최고의 영접을 받았습니다.“(문재인 대통령) “지난 5월 문재인 대통령께서 우리 판문점(통일각)에 오셨을 때 제대로 된 영접을 해 드리지 못하아서 기다렸는데 우리 수준이 낮을 순 있어도 최대 성의를 다한 일정이니 마음으로 받아 주셨으면 싶습니다.“(김정은 북한 국무위원장),,"18일 남북정상회담을 하려 평양에 도착한 문재인 대통령은 백화원 영빈관까지 찾아와 직접 숙소를 안내한 김정은 국무위원장의 배려에 거듭 고마움을 표시했다.
김 위원장은 이날 처음으로 평양을 방문한 문 대통령을 할 수 있는 최고 수준의 예우를 갖춰 맞이했다.
극진함와 파격은 문 대통령이 평양 순안국제공항에 도착한 순간부터 펼쳐졌다.
김 위원장과 부인 리설주 여사는 이날 오전 10시 7분 공항 활주로에 나와 문 대통령 부부를 기다렸다.
2분 뒤, 공군 1호기의 문이 열렸고, 문 대통령 부부가 처음으로 모습을 나타냈다.
문 대통령은 김 위원장을 발견한 뒤 활짝 웃는 얼굴로 계단을 내려와 곧바로 그를 끌어안았다.
5월 26일 깜짝 판문점 남북정상회담 뒤 115일 만의 포옹이었다.
2000년과 2007년 김정일 국방위원장은 평양에서 만난 김대중, 노무현 전 대통령과는 포옹이 아닌 악수로 반가움을 표시했다.
문 대통령의 부인 김정숙 여사와 리 여사도 어색함 없는 편안한 얼굴로 인사를 나눴다.
문 대통령은 김 위원장의 동생 김여정 노동당 중앙 위원회 제1 부부장을 발견하곤 환하게 웃음 짓고 안부를 물었다.
윤영찬 청와대 국민 소통 수석은 “김 위원장 부부가 공항 영접을 나온 것은 처음으로 외국 정상회담 사례에서도 찾아 보기 어렵ㄴ 환대“라고 했다.
문 대통령은 김 위원장과 인사를 나눈 뒤 북한 군 의장대를 사열했다.
북한의 명예 위병대 지휘관인 김명호 육군 대좌(대령)는 “대통령 각하, 조선 인민군 명예 위병대는 각하를 영접하기 위해 정렬했습니다“라고 보고했다.
문 대통령은 김정은 국무위원장과 함께 붉은 카펫 위를 걸으며, 미리 도열해 있던 인민군 명예 위병대의 '받들어총' 경례를 받았다.
사열을 마친 문 대통령은 김 위원장의 안내를 받아 사열단에 오른 뒤 인민군 명예 위병대가 행진하며 경례하는 분열식을 지켜 봤다.
인민군은 이날 의장 행사가 이루어지는 동안 예포 21발을 발사했다.
북한 군의 우리 정상에 대한 의장 행사에서 “각하“이라는 호칭도, 예포 발사도 모두 처음이다.
군 당국자는 이날 “2000년 6월 김대중 전 대통령이나 2007년 10월 노무현 전 대통령이 방북했을 때도 북한 군으로부터 국가 원수에 걸맞은 의장 행사가 있었지만 그때는 예포가 없었고, 의장대 지휘자가 우리 대통령에게 '각하'라고 따로 경칭을 붙이지도 않았다“며 “그만큼 더 예우를 갖춰 문 대통령을 맞는다는 의미로 보인다“고 말했다.
이날 최고의 예우는 남북 정상의 평양 시내 카퍼레이드였다.
환영 행사 뒨 오전 10시 19분 각자 차를 타고 공항을 떠난 두 정상은 평양 도심이 시작되는 연못관에서 내려 함께 검은색 벤츠 S600 무개차에 올라 카퍼레이드를 시작했다.
예고되지 않은 행사였다.
남북 정상이 카퍼레이드를 한 것은 처음이다.
노 전 대통령이 2007년 카퍼레이드를 벌였지만 김정일 위원장이 아닌 김영남 상임 위원장이 동승했다.
2000년엔 김정일 위원장이 김대중 전 대통령과 자기 차에 동승해 숙소로 향했다.
두 정상이 순안공항 평양 도로 3대혁명전시관 영생 탑 여명거리 금수산태양궁전 백화원 영빈관 등의 코스로 이동하는 동안 평양 도로변은 10 만여 명의 시민으로 인산인해를 이뤘다.
형형색색의 한복과 양복 차림의 무수한 평양 시민은 붉은 꽃술과 한반도 기를 흔들며 일제히 “조국““통일“을 연호했다.
문 대통령은 내내 손을 흔들며 답례했고, 김 위원장은 흐뭇한 표정으로 박수를 치곤 했다.
카퍼레이드를 마친 두 사람은 여명거리가 끝날 무렵 환영 인파가 없는 곳에서는 자리에 앉아 담소를 나누며 백화원 영빈관으로 향했다.
사실상의 '간이 정상회담'을 열ㄴ 셈이다.
두 정상은 공항을 출발한 지 58분 만인 11시 17분께 백화원 영빈관에 도착했다.
김 위원장은 이날 오후 3시 45분부터 2시간여 동안 자신의 집무실이 있는 노동당 중앙 위원회 본부 청사에서 문 대통령과 정상회담을 했다.
본부 청사는 남쪽 정상에겐 처음 공개한 장소다.",32,1928
iks_doc_2018_hankyoreh_170,Hankyoreh 2018 total annotated text file unicode.txt,Hankyoreh,한겨레,2018,2018_multi_summit,"“이재용입니다“인사에 북 리룡남 “여러 가지로 유명하던데“경제 특별 수행단 17명, 리룡남 내각 부총리와 면담 리룡남 “처음 만나지만 다 같은 경제인 구면 같다“IT 분야 장병규 향해서는 “새 시대 사람이로구만“이재용 “평양 건물 '과학 중심 인재 중심' 글귀, 삼성 철학은 '기술 중심 인재 중심'“",,"남북정상회담 특별 수행단 소속 경제인 17명은 18일 오후 3시 반 평양 인민문화궁전 111호에서 북한 경제를 총괄하는 리룡남 내각 부총리 등과 만나 일일이 인사를 나누고, 북한의 경제 사정과 남북 경제 협력 방안 등을 논의했다.
이날 면담장에는 리룡남 내각 부총리 등이 미리 나와 우리 쪽 경제인 특별 수행단을 맞이했다.
남한 쪽에서는 김현철 청와대 경제 보좌관과 박용만 대한상의 회장, 손경식 한국경총 회장, 박성택 중소기업중앙회장, 한무경 한국여성경제인 협회 회장 등 경제 단체 대표들이 참석했다.
또 재벌 그룹 대표로는 이재용 삼성전자 부회장, 최태원 에스케이 회장, 구광모 엘지 회장, 김용환 현대 자동차 부회장, 최정우 포스코 회장이 자리를 함께했다.
리룡남 내각 부총리는 “남측의 경제에 명망 있는 여러분의 방문을 환영한다“면서 “오늘 처음 뵙지만 다 같은 경제인이고, 통일과 평화 번영을 바라는 목적이 같아 마치 구면인 것 같다“고 반가움을 나타냈다.
박용만 대한상의 회장은 “오늘 서울에서 여기까지 1시간이 걸릴 정도로 지리적으로 가깝ㄴ데 심리적으로 거리가 상당했다“면서 “공동의 번영을 위하고, 인식의 거리를 좁히는 자리가 됐으면 좋겠다“고 화답했다.
이재용 삼성전자 부회장은 “평양은 처음 와 봤는데, 평양 역 건너편에 새로 짓은 건물에 '과학 중심 인재 중심'이라고 쓰여 있었다“면서 “세계 어디를 다녀 봐도 한글로 그렇게 쓰여 있는 것을 본 적이 없는데, '이것이 한 민족이구나'라고 느꼈다“고 감회를 밝혔다.
만남에는 남한 쪽에서 김종갑 한국전력공사 사장, 신한용 개성공단기업협회 회장, 안영배 한국관광공사 사장, 오영식 코레일 사장, 이동걸 산업 은행 회장, 이재웅 쏘카 대표, 장병규 4차 산업 혁명 위원회 위원장 등이 자리를 함께했다.
북한 쪽에서는 방강수 민족경제협력위원회 위원장, 조철수 민족경제협력위원회 부위원장, 김윤혁 철도성 부상, 박호용 국토 환경 보호성 부상, 황호영 금강산 국제 관광 특구 지도국장이 참석했다.
아래는 남북한 인사들의 환담 내용이다.
(호칭 생략) /리룡남:반갑습니다.
내각 부총립니다.
/김현철:청와대 경제 보좌관입니다.
(악수 나누며 인사.
남북한 참석자들 서로 악수하며 인사) /황도영:(이재용 부회장에게) 많이 봤습니다 /리룡남 내각 부총리:자리가 불편하지 않습니까.
한두 석 모자란 것 같은데, 남측의 경제에 명망 있는 여러분의 평양 방문을 환영합니다.
오늘 이렇게 처음 뵙지만 다 같은 경제인이고, 통일을 위한 또 평화 번영을 위한 지점이 같아 마치 구면인 것 같습니다.
(참석자들 일동 웃음) 정말 반갑습니다.
/김현철:이번에 따듯하게 맞아 주셔서 대단히 감사합니다.
공항에 도착해서 제가 제일 인상 깊게 느꼈던 것은 '자주 통일'이라는 구호 뿐 아니라 '평화 번영'이라는 구호가 많이 있었습니다.
그래서 과거와는 다르게 남북이 같이 평화와 번영을 구가할 수 있는 그런 따듯한 마음을 느낄 수가 있었습니다.
/리룡남:우리 경애하는 김정은 위원장과 문재인 대통령이 선언한 판문점(선언) 제목을 보십시오.
조선 반도의 평화와 번영, 통일을 위한 판문점 선언입니다.
/김현철:이번에 남측에서 최고의 경제인들이 오셨습니다.
시간이 되시면 한 분 한 분씩 자기 소개할 수 있는 기회를 주면 좋겠습니다.
/리룡남:좌우지간 시간은 많지 않지만 간단하게 소개해 주십시오.
(참석자들 일동 웃음) /김현철 박용만 상의회장께서 어떤 형태로든 좋으니까 한 분 한 분씩 돌아가면서 소개해 주시면 좋겠습니다.
/박용만:감사합니다.
오늘 서울에서 여기까지 1시간이 걸렸습니다.
지리적으로 이렇게 가깝ㄴ데 심리적으로 거리가 상당했습니다.
2007년 기업인들이 평양을 방문한 이후 11년 만에 다시 왔습니다.
그 사이 남북 관계도 여러 가지 변화가 많고, 할 일도 많습니다.
오늘은 공동의 번영을 위한 자리도 좋고, 인식의 거리를 좁히는 자리도 좋고, 그런 자리가 됐으면 좋겠습니다.
순서대로 자기 소개 한마디씩 하시지요.
/장병규:IT 쪽이고요, 그리고 민간에서는 단말기 게임 회사, 관에서는 대통령 직속 4차산업혁명위원회, 민과 관에서 일하고 있습니다.
/리룡남:새 시대 사람이로구만.
(웃음) /김현철:LG 구광모 회장님.
/구광모:LG 구광모 회장입니다.
LG는 전자, 화학, 통신 등의 사업을 하는 기업입니다.
좋은 기회를 주셔서 감사합니다.
/김현철:선대 회장이 두 번 다 북에 다녀가셨습니다.
새롭ㄴ 회장이 되신 분입니다.
다음은 이재용 삼성전자 부회장입니다.
/이재용:삼성의 이재용입니다.
평양은 처음 와 봤는데, 마음에 벽이 있었는데 이렇게 와서 직접 보고 경험하고, 여러분을 뵙고 하니까, 또 호텔 건너편에 한글로 써져 있고, 또 우연히 보니까 평양 역 건너편에 새로 짓은 건물에 '과학 중심 인재 중심'이라고 써져 있었습니다.
삼성의 기본 경영 철학이 '기술 중심 인재 중심'입니다.
세계 어디를 다녀 봐도 한글로 그렇게 써져 있는 것을 본 적이 없는데, 한글로 된 것을 처음 경험하니까, '이것이 한 민족이구나'라고 느꼈습니다.
이번 기회에 더 많이 알고, 신뢰 관계를 쌓는 기회가 되기를 바랍니다.
/리룡남:우리 이재용 선생은 보니까 여러 가지 측면에서 아주 유명한 인물이던데?
(일동 웃음) 평화와 번영, 통일을 위해서도 유명한 인물이 되시기를 바랍니다.
/이재용:(웃으며)알겠습니다.
/김현철:그 다음은 SK 최태원 회장입니다.
/최태원:SK 최태원입니다.
2007년에 왔었는데 11년 만에 오니까 많은 발전이 있는 것 같습니다.
건물도 많이 높아졌지만 나무들도 많이 자라난 것 같고, 상당히 보기 좋았습니다.
저희는 에너지와 통신, 반도체 분야를 하고 있습니다.
/김현철:다음으로 한국전력공사 김종갑 사장입니다.
/김종갑:네, 반갑습니다.
한국전력공사는 남측 전기 생산의 75%를 하고 있습니다.
송전 배전 분야를 하고 있고, 세계 10위권의 유틸리티 기업입니다.
개인적으로는 개성 공단 개발 초기에 관여를 해서 평양까지 오게 돼 정말 반갑습니다.
/김현철:다음은 안영배 한국관광공사 사장입니다.
/안영배:안녕하셔요.
한국관광공사 사장입니다.
저도 평양에 처음 와 봤습니다.
제가 명색이 관광공사 사장인데 평양에 처음 와 봤습니다.
남북 교류가 남한 관광, 북한 관광 이렇게 따로 할 것이 아니라 한반도 관광으로 민족 공동 번영을 위한 관광을 했으면 좋겠습니다.
저희 한국관광공사는 공통 영역에서 한국 관광 부분에 대해서 하고 있습니다.
32개 해외 지사와 10개 국내 지사가 있습니다.
앞으로 교류가 본격화 되면 저희가 평양에서 함께하는 한반도 관광 시대를 열어 가겠습니다.
감사합니다.
/김현철:다음은 가장 어르신, 손경식 회장입니다.
/손경식:저는 한국 경총 회장입니다.
여러 가지 노사 관계 등을 맡고 있습니다.
CJ 그룹 회장이기도 합니다.
CJ는 식품, 물류 사업 등을 하고 있습니다.
앞으로 북한 교류가 많아지고 같이 할 수 있는 날이 빨리 왔으면 좋겠습니다.
/리룡남:멀ㄴ 길 오셔서 감사합니다.
/김현철:그리고 한국여성경제인 협회 한무경입니다.
/한무경:최근에 북측에서도 여성이 활발히 경제 활동을 하고 있는 것으로 알ㅂ니다.
/리룡남:우리 여성들이 경제 분야에서도 아주 탄탄합니다.
/김현철:다음은 말 안 해도 잘 아시겠지만, 현정은 회장입니다.
(북측 인사들 고개 끄덕임) /현정은:반갑습니다.
남북 관계가 안 좋으면 늘 마음이 아팠습니다.
빨리 다시 시작을 했으면 좋겠습니다.
/리룡남:현정은 회장 일이 잘되길 바라는 마음은 예나 지금이나 똑같습니다.
/김현철:우리 박성택 회장은 중소기업중앙회, 한국의 중소기업들을 총괄하는 회장입니다.
/박성택:국내에 300 만 중소기업인이 있습니다.
해외로도 많이 진출하지만 어려움을 겪고 있습니다.
인력난이 많습니다.
개성 공단도 폐쇄됐는데, 조속히 개방되면 좋겠습니다.
/김현철:오영식 한국철도 공사 사장입니다.
/오영식:한국철도 공사 사장 오영식입니다.
저도 처음 오는데 비행기를 타고 평양에 왔습니다.
철도 공사 사장이 기차를 타고 와야 하는데, (일동 웃음) 앞으로 남북 관계가 개선되고 한반도 평화가 정착돼 철도도 연결됐으면 좋겠다는 말씀을 드립니다.
지난 4.27 남북 정상회담 간의 합의를 추진함로써 철도가 한반도 평화와 번영을 만드는 데 기여했으면 좋겠습니다.
/리룡남:현재 우리 북남 관계 중에서 철도 협력이 제일 중요하고 제일 큰 자리를 차지하고 있습니다.
앞으로 1년에 몇 번씩 와야 할 것입니다.
(일동 웃음) /김현철:신한용 개성공단기업협회 회장입니다.
/신한용:우리 민족의 3 대 경협 사업이 금강산 관광 사업, 개성 공단 개발, 철도 도로 연결 사업입니다.
사업이 전면 중단된 상태에서 새롭ㄴ 시점에 오게 된 것을 아주 뜻 깊게 생각합니다.
여기 계신 모든 분들이 민족의 3 대 사업을 다시 세울 수 있는 계기가 됐으면 좋겠습니다.
2007년 민간 교류 차원에서 평양에 왔었습니다.
제가 취급하는 물품이라는 것ㄴ 어망입니다.
서해, 동해, 남해를 그야말로 어망으로부터 통일을 하자는 제안을 받고 개성 공단에 어망을 들고 들어가서 활동을 하게 됐습니다.
민족의 경협 사업이 무궁무진하게 발전되는 계기가 되기를 간절히 희망합니다.
/리룡남:우리나라야 삼면이 바다고 해양국인데, 수산업 발전이 매우 중요합니다.
수산업 발전에, 말하자면 생산 위주의 수산업에서 자원 보유의 수산업으로 가기 위한 정책을 추진하고 있습니다.
/김현철:다음은 남측의 은행 분얍니다.
이동걸 산업 은행 회장입니다.
/이동걸:산업 은행은 쉽게 말하자면 남측의 돈 줄 역할을 하고 있습니다.
경제 개발 등에 정책 자금을 지원합니다.
/김현철:다음은 벤처 업계를 대표하는 이재웅 쏘카 대푭니다.
/이재웅:저는 인터넷 정보 통신 핵심 기업을 창업하고, 운영하고, 투자하는 생태계를 만들고 있습니다.
/김현철:우리 철강업계 포스코 최정우 회장입니다.
/최정우:반갑습니다.
옛날에는 포항제철이었지만 지금은 포스코라 합니다.
저희는 포항과 광양에 큰 제철소를 갖고 있습니다.
광양에 있는 것은 세계에서 가장 큽니다.
10년 전에는 북한에서 무연탄을 수입했습니다.
서로의 관계가 다시 개선되면 좋겠습니다.
/김현철:자동차 업계 대표해서 김용환 현대 자동차 부회장입니다.
/김용환:저희 현대차는 완성 차 기업 2개와 물류, 건설 분야 등 50여 개 계열사를 갖고 있습니다.
남북 관계가 발전하고 있지만 정치적 불확실성이 해소돼 남북 관계가 빨리 발전할 수 있으면 하는 바람이 있습니다.",124,5095
iks_doc_2018_hankyoreh_171,Hankyoreh 2018 total annotated text file unicode.txt,Hankyoreh,한겨레,2018,2018_multi_summit,"최현우 “요술사“소개에 리설주 “제가 없어지나요?“두 정상 부인들도 친교 행사 음악 대학 찾아 즉석 공연 관람 '우리는하나' 따라 부르며 귓속말 김 여사 “풍성한 가을 과일처럼 정상회담도 좋은 결과 맺었으면“리 여사, 체육 문화 수행원에 관심 현정화 보고 “손 한 번 잡아 봅시다“",,"문재인 대통령과 김정은 북한 국무위원장이 18일 조선노동당 중앙 위원회 본부 청사에서 정상회담을 하는 동안 남북 정상의 부인인 김정숙, 리설주 여사는 공통 관심산 음악으로 친분을 쌓는 행사를 함께했다.
두 사람은 이날 남북 정상회담 시작 15분 전인 오후 3시 30분께 평양 '김원균명칭음악종합대학'을 함께 찾았다.
이곳은 평양시 대동강 구역에 있는 북한 최고 음악 대학이다.
김 여사는 경희대에서 성악을 전공했고, 리 여사는 인민내무군협주단에서 성악가로 활동했다.
김 여사는 음악종합대학 음악당으로 이동하는 산책 길에 있는 나무의 왕다래를 보며 “계절이 바뀌는 것을 꽃과 과일 등 자연을 보며 느끼게 된다.
(4.27 판문점 회담에서) 한반도의 평화와 번영 의지를 세계에 보여 준 것이 5개월 지났다“며 “풍성하게 열린 가을 과일처럼 정상회담에서도 좋은 결실을 맺으면 좋겠다“고 했다.
두 사람은 최태영 총장의 안내를 받아 수업 중인 교실을 방문하고, 함께 즉석 공연을 관람했다.
두 사람은 음악당에서 나란히 앉아 '아리랑'을 포함한 3 곡의 공연을 봤다.
공연이 끝난 뒤 두 사람은 공연단에 요청해 '우리는하나'이라는 노래를 추가로 들었다.
두 사람은 노래를 따라 부르거나, 귓속말을 나누기도 했다.
김 여사는 최 총장에게 “등록금이 얼마냐“고 물어 봤는데 최 총장은 이해를 잘 못 한 듯 “등록금이 무슨 말씀인가.
무슨 말인지 잘 모르겠다“고 답하기도 했다.
이날 음악 대학에는 작곡가 김형석씨 등도 동행했다.
음악 대학 방문에 앞서 김 여사와 리 여사는 오후 3시께 북한 최대 어린이 종합 병원인 옥류아동병원을 함께 찾았다.
2013년 10월 개원한 이 병원은 6층 건물로 최신식 의료 설비를 갖추고 있다.
두 사람은 외래 환자 대기실과 회복 치료실, 소학교 학습실 등을 둘러봤다.
두 사람은 어린이 환자, 보호자들에게 “아프지 마라““빨리 나았으면 좋겠다“는 말을 건넸다.
리 여사는 김 여사와 동행한 현정화 한국마사회 탁구단 감독과 2018 평창 겨울 올림픽 여자 아이스하키 남북 단일팀 주장이었던 박종아 선수 등에게 관심을 나타냈다.
그는 현 감독에게 “손 좀 한 번 잡아 봅시다.
여성들이 남북 관계에 앞장서고 있다“고 했고, 박 선수에게는 “(이번 겨울 올림픽에서) 온 겨레에 큰 감동을 선사했다“고 인사를 건넸다.
특히 리 여사는 함께 동행한 마술사 최현우씨가 자신을 '요술사'로 소개하자 “제가 없어지나요?“라고 말해 웃음을 자아냈다.
김 여사는 정상회담 이틀짼 19일에는 음악 등 예체능 분야 영재 교육 기관인 만경대학생소년궁전을 참관한다.
역시 음악을 고리로 한 이날 참관에도 리 여사가 동행하며 '퍼스트 레이디'로서 어떤 외교를 벌일지 관심이 쏠린다.
이해찬 등 3 당 대표, 북쪽 최고인민회의 관계자 면담 '펑크' 안동춘 최고인민회의 부의장 1시간여 기다리다 발길 돌려? 이해찬 불참 사유는 알려진 바 없어 이정미 “일정 착오“3차 남북정상회담 특별 수행단으로 평양을 방문 중인 이해찬 더불어민주당 대표 등 정당 대표들이 18일 예정돼 있던 북쪽 최고인민회의 관계자들과의 면담에 불참한 것으로 알려졌다.
정당 대표들이 '일정에 착오가 있었다'는 해명을 내 놨지만 일정이 사전에 치밀하게 짜여지는 국가적 행사에서 불참한 것이라 그 배경에 관심이 쏠리고 있다.
이 대표와 정동영 민주평화당 대표, 이정미 정의당 대표 등 3명의 정당 대표들은 당초 이날 오후 3시 30분 평양 만수대 의사당에서 안동춘 최고인민회의 부의장과 리금철 조선사회민주당 중앙위 부위원장 등 북한 정치권 인사들과 만나 면담을 진행할 예정이었다.
이번 면담에선 남북 국회 회담 개최를 포함한 남북 교류가 논의될 것으로 예상됐다.
하지만 북쪽 관계자들이 면담 시간보다 다소 일찍 회의장에 도착해 기다렸으나 약속 시간인 3시 30분이 지나도 이 대표 등이 나타나지 않았다.
이때만 해도 북쪽 관계자들이 “조금 늦어지는 것 같다.
남쪽 대표단 출발이 늦는 것 같다“며 조금 더 기다리자는 분위기였다.
그러나 약속 시간보다 30분 뒨 4시를 넘기면서 북쪽 관계자들도 남쪽 정당 대표들을 기다리길 사실상 포기한 모습이었다.
일부 북쪽 관계자들은 현장에서 대기 중이던 남쪽 취재진들에게 “이런 경우가 어디 있느냐.
납득이 가지 않는다“고 말하기도 했다.
결국 4시 17분께 1시간여 기다린 북쪽의 취재진 인솔자가 남쪽 취재진에게 “호텔로 돌아가자“고 말했고, 안동춘 부의장도 취재진에게 “수고했다“는 말을 건넸다.
어렵사리 성사된 남북 정당 관계자들의 회담이 한국 정당 대표들의 불참으로 맥없이 취소된 것이다.
하지만 이 대표 등은 불참 사유를 취재진에게 따로 알리지 않았다.
이후 5시 10분께 숙손 고려호텔 로비에서 취재진을 만난 이해찬 대표는 “일정을 재조정하고 있다“고 밝혔다.
이정미 대표도 “일정에 착오가 있었던 것 같다.
그 시간에 정당 대표들끼리 간담회를 했다“고 설명했다.
문 대통령, 공항부터 숙소까지 이동 경로 따라가 보니 순안공항 연못관 여명거리 백화원 영빈관 순서로 27㎞ 이동 평양의 맨해튼 '여명거리' 퍼레이드 위해 도심 둘러 이동한 듯 평양 정상회담을 위해 순안국제공항에 도착한 문재인 대통령과 김정은 국무위원장이 숙손 '백화원 영빈관'까지 이동한 동선이 공개됐다.
청와대의 설명을 종합하면 문 대통령과 김 위원장은 18일 오전 10시 21분께 순안공항에서 서로 다른 차를 타고 출발해 평양 도심이 시작되는 '연못관'에 내려 카퍼레이드를 위한 무개차(지붕이 없는 차량)에 함께 탔다.
연못관은 평양의 대형 중식당이다.
“평양에서 짜장면을 먹으려면 연못관으로 가라“이라는 말이 있을 정도로 역사가 오래됐고 유명한 식당이다.
1961년 김일성종합 대학을 다니던 김정일 국방위원장이 지방에서 학교에 다니는 한 형제에게 연못관의 전신인 '장경 식당'에서 밥을 산 뒤 유명해진 것으로 알려졌다.
장경 식당 시절에는 조그맣ㄴ 식당이었으나 유명세를 탄 뒤 연못각으로 이름을 바꿔 확장했다.
그리고 이후 다시 연못관으로 식당 이름을 바꿨다.
2011년 북한의 조선중앙 티브이에는 연못관 주방장이 나와 “우리 민족 음식들과 함께 이렇게 여러 가지 중국 음식들을 포함해 많이 만들어 봉사하고 있습니다“라고 식당을 소개하기도 했다.
연못관은 두 정상의 카퍼레이드가 있었던 '여명거리' 들머리와 가깝ㄴ 곳에 있다.
함께 무개차에 옮겨 탄 두 정상은 여명거리를 통과하는 동안 차량에서 일어나 평양 시민들에게 손을 흔들며 인사를 했다.
여명거리를 빠져 나 온 뒤에는 자리에 앉아 담소를 나누며 백화원 영빈관으로 향했다.
무개차의 운전은 북한 호위 당국이 맡았고, 주영훈 경호처장이 조수석에 선탑했다.
이날 두 정상이 차로 이동한 거리는 27㎞ 남짓이다.
순안공항에서 고속도로를 이용해 바로 백화원 영빈관까지 가는 거리는 23㎞밖에 되지 않는다.
하지만 이 동선은 평양 도심을 통과하지 않는다.
백화원 영빈관이 평양 동북쪽 외곽에 있기 때문이다.
이 때문에 이날 공항에서 숙소까지 이동 경로는 여명거리 카퍼레이드를 염두에 두고 짠 것으로 보인다.
특히 여명거리는 김 위원장이 2016년 대대적인 주상 복합 단지를 건설하라고 직접 지시해 평양 북동쪽 대성 구역 인근에 27 만 평 규모로 조성된 곳이다.
초고층 건물들이 즐비하고, 아파트, 백화점, 영화관 등이 밀집해 있어 평양의 '맨해튼'이라고 불리기도 한다.
백화원 영빈관에서 김 위원장이 문 대통령에게 “세상 많은 나라 돌아보셨는데 발전된 나라에 비해 우리 초라하지요“라고 말한 것을 비춰 보면, 북쪽이 문 대통령에게 가장 발전된 시가지의 모습을 보여 주기 위해 카퍼레이드를 기획한 것으로 보인다.
김정은 “우리가 정말 가까워져“문 대통령 “김 위원장의 결단 덕“두 정상 오후 3시 45분부터 2시간 동안 만나 조선노동당 본부 청사에서 ‘첫’ 남북정상회담 문재인 대통령과 김정은 북한 국무위원장이 18일 북한 조선노동당 중앙 위원회 본부 청사에서 첫 제3차 남북정상회담을 열었다.
우리 취재진에 노동당 본부 청사가 공개된 것은 이번이 처음이다.
김 위원장은 남북정상회담 전 머리 발언을 통해 “문 대통령을 세 차례 만났는데, 제 감정을 말씀 드리면 '우리가 정말 가까워졌구나' 하는 것이다.
또 큰 성과가 있었는데 문 대통령의 지칠 줄 모르는 노력 때문이다.
북남 관계, 조미 관계가 좋아졌다“고 말했다.
또 “역사적인 조미 대화 상봉의 불씨를 문 대통령께서 찾아 줬다.
조미 상봉의 역사적 만남은 문 대통령의 덕이라고 해도 과언이 아니다“라며 “이로 인해 주변 지역 정세가 안정되고, 더 진전된 결과가 예상된다.
문 대통령께서 기울인 노력에 다시 한 번 사의를 표한다“고 말했다.
문 대통령도 “김 위원장과 리설주 여사, 시민들의 열렬한 환대에 감사 드린다“고 화답했다.
잇어 “판문점의 봄이 평양의 가을이 됐다.
다섯 달 만에 세 번을 만났는데 돌이켜 보면 평창 동계 올림픽, 또 그 이전에 김 위원장의 신년사가 있었고, 그 신년사에는 김 위원장의 대담한 결정이 있었다“며 “(지금까지의) 이 과정은 김 위원장의 결단에 의한 것이었고, 새롭ㄴ 시대를 열고자 하는 김 위원장의 결단에 사의를 표한다“고 답했다.
또 오전에 김 위원장과 '카퍼레이드'를 하며 둘러본 평양 시내에 대해서도 언급했다.
문 대통령은 “평양 시내를 오다 보니 평양이 놀랍게 발전돼 있어 놀랐다.
산에도 나무가 많았다.
어렵ㄴ 조건에서 인민의 삶을 향상시킨 김 위원장의 리더십에 경의를 표하며 기대하는 바가 크다“고 말했다.
이날 정상회담은 오후 3시 45분에 시작돼 5시 45분까지 두 시간 동안 진행됐다.
문 대통령이 노동당 본부 청사에 도착한 시각은 오후 3시 38분이었고, 김 위원장이 본청 앞에 나와 문 대통령을 기다렸다.
차에서 내린 문 대통령은 김 위원장과 웃으며 악수했고, 김 위원장은 “환영합니다“라고 인사를 건넸다.
두 정상은 노동당 청사 안으로 나란히 걸어 갔고, 복도에는 인민군 20명이 양쪽으로 나눠 도열해 있었다.
두 정상이 로비에서 기념 사진을 찍는 도중 문 대통령이 “악수 한 번 하자“고 제안해, 두 정상이 다시 악수를 하면서 사진 촬영이 이어졌다.
이후 문 대통령은 로비에 설치된 책상에 앉아 방명록에 '평화와 번영으로 겨레의 마음은 하나!
2018.9.18.
대한민국 대통령 문재인'이라는 글을 남겼다.
방명록 작성이 끝나자 김 위원장 등이 박수를 쳤고, 두 정상은 걸어서 2층 남북정상회담이 열릴 회담장으로 이동했다.
남쪽 기자들에게도 회담장 입장이 잠시 허용됐다.",84,5102
iks_doc_2018_hankyoreh_172,Hankyoreh 2018 total annotated text file unicode.txt,Hankyoreh,한겨레,2018,2018_multi_summit,문 대통령 “백두산 갈 기회 여러 번 북쪽으로 가려 사양했다“평양행 전용기서 방북 소회 밝히며 회고 20일 남북 정상 '친교 일정' 가능성도,,"남북정상회담을 위해 평양을 방문 중인 문재인 대통령이 18일 북한 쪽 길을 통해 백두산을 방문하고 싶은 마음을 에둘러 표현했다.
문 대통령은 이날 오전 대통령 전용기가 평양 국제 공항에 내리기 직전 기내에서 “백두산에 가긴 가되 중국이 아닌 북쪽으로 올라가겠다고 그동안 공언해 왔다.
중국 동포가 백두산으로 나를 여러 번 초청했지만 내가 했던 그 말 때문에 늘 사양했었는데.
(웃으면서) 그 말을 괜히 했나 보다 하고 후회하곤 했다“고 말했다고 김의겸 청와대 대변인이 전했다.
취미가 등산인 문 대통령은 경남 양산 자택에 살ㄹ 때 뒷산을 자주 올랐고, 히말라야 트래킹도 네 번 다녀올 정도로 등산을 좋아한다.
문 대통령의 방북길에 밝힌 '백두산 사랑'이 심상하지 않게 들리는 것은 이번 정상회담 마지막 날인 20일 남북 정상의 친교 일정 가능성 때문이다.
남북정상회담 준비 위원장을 겸한 임종석 대통령 비서실장은 지난 17일 “정상회담이 성공적으로 끝날 경우 마지막 날인 20일 두 정상이 친교 일정을 가질 수도 있고, 이렇ㄹ 경우 귀경 일정이 변경될 수도 있다“고 밝혔기 때문이다.
평양에서 비행기를 타고 가더라도 하루 일정으로 백두산을 들르기는 무리한 일정이지만, 문 대통령과 대표단 일행이 백두산 부근 삼지연공항을 이용해 서울로 귀환할 가능성도 배제할 수는 없다.
이밖에도 김 대변인이 공개한 문 대통령의 기내 발언을 보면, 문 대통령은 김정은 북한 국무위원장과 만남을 앞두고 크게 긴장하지 않는 듯했다.
문 대통령은 “평양 방문은 처음이지만 북한은 다섯 번째 방문“이라며 “금강산에서 어머님을 모시고 이산가족 상봉을 했고, 개성도 방문했고, 김정은 위원장과 판문점 (북쪽 지역) 통일각에서 2차 회담을 했다.
판문점 1차 회담 때 '깜짝 월경'까지 하면 모두 다섯 번“이라고 농담을 던지기도 했다.
문 대통령은 또 “비행기에서 육지가 보일 때부터 내릴 때까지 북한 산천과 평양 시내를 죽 봤다“며 “보기에는 갈라진 땅이라고 전혀 느낄 수 없었다.
역시 우리 강산이라는 느낌이 들었다“고 말했다고 김 대변인이 전했다.
미국과 긴밀 소통해 온 정의용, 3차 남북정상회담 배석 서훈 국정원장과 함께 심도 있는 비핵화 논의 신호?
북쪽은 김영철 부위원장 김여정 부부장 배석 18일 오후 조선노동당 중앙 위원회 본부 청사에서 1시간 동안 진행된 문재인 대통령과 김정은 국무위원장의 3차 정상회담에는 정의용 청와대 국가 안보실장과 서훈 국가정보원장, 김영철 노동당 중앙위 부위원장(겸 통일전선부장)과 김여정 당 중앙위 제 1 부부장이 각각 배석했다고 청와대가 밝혔다.
4월 27일과 5월 26일 판문점에서 열린 문 대통령과 김 위원장의 1 2차 회담 때 배석하지 않은 정의용 실장이 참여한 것이 눈에 띄는 변화다.
문 대통령이 이번 회담에서 “비핵화를 위한 북/미 대화를 촉진하는 문제에 집중적인 노력을 기울이겠다“고 밝힌 데 따른 변화로 읽힌다.
정 실장의 배석은 '비핵화의 실천적 방침'을 협의하기로 미리 조율한 이번 회담의 성격과 맞닿아 있다.
앞서 8월 24일 마이크 폼페이오 미국 국무 장관의 4차 방북이 취소되는 등 북/미 비핵화 협상이 난항을 겪어 북/미 교착 해소가 이번 회담의 핵심 과제로 떠올랐다.
정 실장은 3월과 9월 문 대통령의 특사단장으로 방북해 김 위원장을 이미 두 차례 만난 데다, 한국 정부의 대표적 이 대미 고위 협의 창구다.
그는 존 볼턴 백악관 국가 안보 보좌관과 수시로 통화하는 등 미국 쪽과 긴밀한 소통을 하고 있는 만큼 미국 입장에 대한 이해가 깊다고 전해진다.
서훈 국정원장과 김영철 부위원장의 회담 배석은 이미 '상수'로 예견된 바 있다.
둘은 4.27와 5.26 회담 때 모두 배석했으며, 폼페이오 장관이 중앙정보국(CIA)장일 때부터 남북미 3 각 물밑 협의 창구 구실을 해 왔다.
서 원장과 김 부위원장은 문 대통령과 김 위원장의 1~3차 회담에 모두 배석한 유이한 인물이다.
서 원장은 김 위원장을 가장 자주 만난 남쪽 인사다.
공개된 것만도 특사단으로 두 차례, 정상회담 배석자로 세 차례 만났다.
김영철 부위원장은 6월 1일 백악관에서 도널드 트럼프 미국 대통령한테 김 위원장의 친서를 전하는 등 대남 및 대미 관계 개선의 전면에 나선 핵심 인물이다.
김여정 부부장의 배석도 주목할 대목이다.
김 부부장은 4.27 회담 때 임종석 청와대 비서실장의 상대역으로 배석했으나, 5.26 회담 땐 배석하지 않았다.
이런 사정 탓에 이번 회담 배석 여부가 관심사였는데, 이날 순안공항 영접부터 회담 배석까지 '열 일을 하는 일꾼'임를 다시 한 번 과시했다.
남북 정상 함께 탄 '무개차'는 어떤 차?
특수 제작된 벤츠 방탄차 개조 순안공항서 각자 차량으로 이동 평양 시내서 카퍼레이드 위해 옮겨 타 문재인 대통령과 김정은 북한 국무위원장이 18일 평양에서 카퍼레이드를 위해 이용한 무개차(지붕이 없는 차량)는 독일 벤츠에서 만들ㄴ '메르세데스/마이바흐 S600 풀만 가드'를 개조한 차량으로 추정된다.
마이바흐의 최상위 급 버전에 방탄 기능을 갖춰 특수 제작한 차량으로, 무게는 5t에 이른다.
메르세데스/벤츠 코리아 관계자는 “방탄찬 '풀만 가드'를 기반으로 한 차량은 맞는데, 주문할 때부터 특수 제작한 것인지 출고한 뒤 북한에서 개조한 것인지는 알ㄹ 수 없다“고 말했다.
남북 정상은 이날 평양 순안공항에서 각자의 차량을 이용해 출발한 뒤 평양 시내에 진입하기 직전 무개차로 옮겨 탔다.
의전용인 이 차량은 뒷좌석 쪽 지붕을 열고 달을 수 있도록 특수 제작한 것으로 보인다.
이날 오전 평양 순안공항에 내린 문 대통령이 평양 시내까지 타고 간 차량은 남쪽에서 미리 가져온 '메르세데스/마이바흐 S600 풀만 가드'이었다.
문 대통령은 이 차를 취임 당신 2017년 5월부터 의전차로 사용해 왔다.
문 대통령은 지난해 11월 동남 아시아 순방 때 이 벤츠 차량을 공수해 이용했다.
지난 4월 판문점에서 이루어진 남북 정상회담 때 김 위원장도 같은 차종을 이용했다.
두 정상이 서로 격을 맞춘 것이다.
벤츠의 '풀만 가드'는 차량 바로 밑에서 15㎏의 티엔티(TNT)가 터지거나 총격에도 견딜 수 있게 설계돼 있다.
방화 처리가 완벽에 가까워 바로 옆에서 화염 방사기를 쏴도 지장이 없을 정도고, 바퀴 4개가 모두 터져도 시속 80~100㎞로 달릴 수 있다.
2016년 출시됐으며, 시가 8억~10 억 원으로 알려진다.
김 위원장은 지난 3월 베이징에서 시진핑 중국 국가 주석과 정상회담을 할 때도 이 벤츠 차량을 이용했다.
문 대통령 전용차로는 벤츠 이외에 에쿠스 스트레티지 에디션 차량과 제네시스 EQ900가 있다.",46,3227
iks_doc_2018_hankyoreh_173,Hankyoreh 2018 total annotated text file unicode.txt,Hankyoreh,한겨레,2018,2018_multi_summit,'북 권력의 심장부' 노동당사에서 첫 남북정상회담 열려 김정은 위원장 집무실 있는 '북쪽의 청와대' 김대중 노무현 방북 땐 백화원에서 정상회담 최상의 예우 하면서 당 중심 실용주의 내비쳐,,"18일 문재인 대통령과 김정은 국무위원장의 첫날 정상회담이 열린 조선노동당 본부 청사는 남쪽으로 치면 청와대에 해당한다.
노동당을 이끌고 있는 김 위원장의 집무실이 청사 안에 있기 때문이다.
문 대통령이 청와대에서 김 위원장과 남북정상회담을 여는 것을 상상하면 얼추 맞아 떨어진다.
김 위원장의 당 중심 노선과 실용주의적 태도를 함께 엿볼 수 있다.
남북정상회담이 북한 지도자의 집무 공간인 노동당 본부 청사에서 열리기는 처음이다.
2000년과 2007년 평양을 찾은 김대중 대통령과 노무현 대통령은 모두 숙손 백화원 영빈관에서 김정일 국방위원장과 정상회담을 했다.
문 대통령이 이번 회담의 의제로 꼽은 비핵화와 평화 체제 구축, 남북 관계 발전 문제에 김 위원장이 실질적인 대화를 준비하고 있음을 보여 주는 신호로 읽힌다.
김일성 광장 근처에 있는 노동당 본부 청사는 북한 최고의 보안 시설 가운데 하나다.
김정일 국방위원장 시절에는 외부 인사들에게 일절 공개되지 않았다.
이런 곳을 남쪽 최고 지도잔 문 대통령과의 정상회담 장소로 선택한 것은 김 위원장이 보여 주는 또 다른 파격이다.
김 위원장이 문 대통령에게 최상의 예우를 베풀ㄴ 것으로도 볼 수 있다.
김 위원장은 앞서 두 차례 평양을 찾은 문 대통령의 대북 특별 사절단도 노동당 본부 청사에서 맞았다.
당시 <중앙텔레비전>이 보도한 내용을 보면 노동당 본부 청사는 화강암과 대리석으로 벽과 바닥을 꾸미고, 곳곳에 대형 그림이 걸려 있었다.
김 위원장은 지난 3월 특사단을 맞았을 때는 이곳 연회장에서 만찬까지 베풀었다.
지난 5일 대북 특사단을 만난 자리에서는 “조선 반도에서 무력 충돌 위험과 전쟁의 공포를 완전히 들어 내고 이 땅을 핵무기도, 핵 위협도 없는 평화의 터전으로 만들자는 것이 우리의 확고한 입장이며 자신의 의지“라며 비핵화 의지를 거듭 확약하기도 했다.
김 위원장은 집권 이후 노동당 본부 청사를 외국의 주요 인사를 맞는 외교 공간으로 활용하고 있다.
마이크 폼페이오 미국 국무 장관, 왕이 중국 외교부장을 비롯해 최근 정권 수립 70주년을 맞아 시진핑 중국 국가 주석의 특사로 평양을 찾은 리잔수 전국 인민 대표 대회 상무 위원장 등도 이곳에서 만났다.
김 위원장이 집권 이후 당 중심으로 국정을 운영하고 있음을 보여 주는 대목이다.
최근 북한 매체 보도를 보면, 최고 지도자를 언급할 때 상징적으로 이 건물을 보여 주곤 한다.
김 위원장이 문 대통령을 노동당 본부 청사로 초대한 파격이 19일 2차 정상회담에서도 이어질지 주목된다.
당 대 당 관계가 없는 상황에서 노동당 본부 청사가 남북정상회담 장소로 굳어지는 것이 부담스럽ㄹ 수 있다는 시각도 있기 때문이다.
사회주의권에서도 당사에서 정상회담을 하는 것은 이례적이다.
김 위원장이 두 차례 중국 베이징을 방문했을 때 시진핑 주석과 정상회담을 한 곳은 인민 대회당이었다.
일각에선 첫 남북정상회담은 노동당 본부 청사에서 열고, 두 번째 정상회담은 문 대통령이 머무는 백화원 영빈관에서 열릴 가능성도 점치고 있다.
김정은 “발전된 나라 비하면 초라“문 대통령 “최고의 영접 감사“문 대통령 묵을 백화원 영빈관서 환담 문재인 “열렬한 환영에 가슴이 뭉클“김정은 “5월에 식사 대접도 못 해 마음에 걸려“18일 평양 순안공항에서 문재인 대통령을 맞이한 김정은 북한 국무위원장은 백화원 영빈관까지 함께하며 문 대통령 부부가 묵을 숙소를 직접 안내했다.
김 위원장 부부는 백화원 영빈관 내부에까지 들어와 문 대통령 부부와 담소를 나눴다.
김 위원장은 “5월에 문재인 대통령께서 판문점 북측 지역 오셨는데 식사 한 끼도 대접하지 못하아서 늘 가슴에 걸렸다“며 “대통령께서 세상 많은 나라 돌아보시는데 (이 곳은) 발전된 나라들에 비하면 초라하다.
최대한 성의를 다했으니 마음을 받아 주시면 좋겠다“고 말했다.
문 대통령은 “오늘 최고의 영접을 받았다“며 화답했다.
다음은 백화원 영빈관 내부에서 선 채로 진행된 문 대통령과 김 위원장 부부의 환담.
김정은: 역사로 말하면 6.15, 10.4 성명이 다 이 집에서 채택됐고.
리설주: 최선을 다하느라고 노력했는데 미흡한 점이 있을 수 있습니다.
김정숙: 그 말씀은 고맙습니다.
정말 고맙습니다.
문재인: 연도에 나와 있는 시민들 또 그 뒤에 아파트 사시는 분들까지도 그렇게 아주 열렬히 환영해 주시니까 정말로 아주 가슴 벅찼습니다.
가슴 아주 뭉클해서 김정은: 문재인 대통령님을 열렬히 환영하는 마음으로 올해 이룩한 성과만큼 빠른 속도로 더 큰 성과를 바라는 마음이고, 우리가 앞으로 북과 남의 인민들 마음, 기대를 잊지 말고 온 겨레의 기대를 잊지 않고 더 빠른 걸음으로 더 큰 성과를 내야 되겠구나 하는 생각을 가졌습니다.
문재인: 평양 시민들이 열렬히 환영해 주신 그 모습들을 우리 남측 국민들이 보게 되면 굉장히 뿌듯해하고 감격할 것 같습니다.
이번 회담에 풍성한 결실 있겠다는 기대를 갖게 될 것 같습니다.",38,2400
iks_doc_2018_hankyoreh_174,Hankyoreh 2018 total annotated text file unicode.txt,Hankyoreh,한겨레,2018,2018_multi_summit,김정숙: 오면서 여기까지는 조국 통일 평화 번영하는 마음으로,,"김정은: 오늘 이렇게 오신 다음에 환영 오찬을 원래 하자는 의견도 있었는데, 오시자마자 이렇게 일정이 너무하면 불편하시고 이렇기 때문에 오늘 좀 편히 쉬시고, 오후에 3시부터 문재인 대통령님과 만나서 좋은 성과를 모두가 기대하는...",1,130
iks_doc_2018_hankyoreh_175,Hankyoreh 2018 total annotated text file unicode.txt,Hankyoreh,한겨레,2018,2018_multi_summit,문재인: 판문점의 봄이 평양의 가을로 이렇게 이어져서 이제는 정말로 결실을 풍성하게 맺을,,우리가 가슴의 소리지만 한편으로는 어깨가 무겁다고 느낍니다.,1,33
iks_doc_2018_hankyoreh_176,Hankyoreh 2018 total annotated text file unicode.txt,Hankyoreh,한겨레,2018,2018_multi_summit,그러나 우리 사이에 신뢰가 쌓였기 때문에 잘 될 것이라고,,"리설주: 평양 시민들 오늘 다 보니까 많이 기대하시고 좋아하시고.
김정숙: 오늘 또 일부러 여기까지 안내까지 해 주시니까 너무 고맙습니다.
김정은: 응당 해야 할 일이지요.
대통령께서 세상 많은 나라 돌아보시는데 발전된 나라들에 비하면 초라합니다.
지난번 5월에 문재인 대통령께서 판문점 북측 지역 오셨는데 장소와 환경이 그래서 제대로 된 영접 못 해 드리고 식사 한 끼도 대접하지 못하아서 늘 가슴에 걸리고, 기다리고 기다렸는데 수준이 좀 낮을 수 있어도 최대한 성의를 했으니 우리 마음을 받아 주시면 좋겠습니다.
문재인: 오늘 최고의 영접을 받았습니다.
김정은: 좀 쉬시고 오후에 뵙겠습니다.
김정숙: (리설주 여사 손 잡으며) 고맙습니다.
할 얘기가 많습니다.
김정은: 여사께서도 편히 쉬십쇼.",10,391
iks_doc_2018_hankyoreh_177,Hankyoreh 2018 total annotated text file unicode.txt,Hankyoreh,한겨레,2018,2018_multi_summit,"'경협 과외' 받은 이재용 구광모 북 “최고 기업들 왔다“덕담 리용남 내각 부총리 만나 남북 경협 등 논의 이 부회장, 그룹 총수 중 유일하게 방북 교육 백화원 객실 배정 중 최태원 회장과 '셀카'도",,"18일 오전 평양에 도착한 남북정상회담 특별 수행단 소속 경제인 17명은 오후 3시 반 북한 경제를 총괄하는 리룡남 내각 부총리 등과 만나 북한의 경제 사정과 남북 경제 협력 방안 등을 논의했다.
저녁에는 남북 정상과 모든 수행단이 함께하는 공식 환영 만찬에 참석하는 등 북쪽 인사와 만남을 이어 갔다.
이날 면담장에선 리룡남 내각 부총리 등이 미리 나와 우리 쪽 경제인 특별 수행단을 맞이했다.
김현철 청와대 경제 보좌관을 시작으로 현정은 현대그룹 회장, 이재용 삼성전자 부회장, 최태원 에스케이(SK) 회장, 구광모 엘지(LG) 회장 등의 순서로 면담장에 입장하면서 일일이 이들과 악수를 나눴다.
면담장은 사방 벽면을 죽 둘러 좌석이 배치됐다.
북쪽 관계자들은 “최고의 기업들이 오셨다“며 덕담을 했고, 박용만 대한상의 회장은 “저희를 만나 주기 위해 시간을 내 주셔서 감사하다“고 답했다.
현정은 회장은 “요즘 남북 관계 잘되고 있다.
북/미 회담도 잘돼서 빨리 금강산 관광이 풀렸으면 좋겠다“고 말했다.
최태원 회장은 성남공항에서 출발할 때부터 목에 걸고 있던 디지털 카메라를, 구광모 회장은 검은색 수첩을 손에 꼭 쥐고 있었다.
윤영찬 청와대 국민 소통 수석은 이날 오후 브리핑에서 “경제인들의 참여는 남북 관계의 장래, 미래를 위해 필요하다는 판단이 있어 우리 정부가 요청했다“며 “구체적인 엠오유(MOU 양해 각서)는 안 나올 것이다.
다만, 우리가 진행해 오거나 논의를 막 시작한 (경협) 분야에서 대화를 진행하지 않을까 생각한다“고 말했다.
유엔의 대북 제재로 본격적인 남북 경협이 힘들ㄴ 상황에서, 철도 관광 등 기존 남북 논의를 구체화하고 정보 통신 기술(ICT) 등 북한의 관심이 큰 것으로 알려진 4차 산업 등에 대한 전반적인 논의가 이루어진 것으로 알려졌다.
경제인 특별 수행단은 이날 아침 6시께 서울 경복궁 동편 주차장에 집결해 버스를 타고 단체로 성남 서울공항으로 이동했다.
이들은 모두 양복 깃에 태극기와 한반도 기 배지를 달았고, 전날 옷가지 등을 미리 부쳐 간단한 서류 가방 정도만 들고 방북 길에 올랐다.
재계 인사 17명이 탄 28 인승짜리 1호 차 버스에는 이해찬 더불어민주당 대표, 정동영 민주평화당 대표, 이정미 정의당 대표, 박원순 서울 시장, 최문순 강원도 지사 등이 동승했다.
이 부회장은 공군 1호기에서 옆 자리에 앉은 최태원 회장과 담소를 나눴고, 김현철 경제 보좌관 옆으로 자리를 옮겨 대화하는 장면을 연출하기도 했다.
숙소에 도착해 객실 배정을 기다릴 때는 박용만 회장과 최태원 회장이 준비해 온 디지털 카메라로 다른 수행단과 '인증샷'을 찍기도 했다.",17,1293
iks_doc_2018_hankyoreh_178,Hankyoreh 2018 total annotated text file unicode.txt,Hankyoreh,한겨레,2018,2018_multi_summit,'평화' '통일' 설렘 가득한 동대문 “오늘 메뉴는 평냉이지요“프레스 센터 설치 동대문디자인플라자 근처 평양냉면 집 손님 늘어 북적북적 동대문 인근 직장인 화제도 “평화 통일“내외신 900여 명 두 정상 만남에 환호,“동생아! 오늘은 내 고향 북녘 하늘도 더없이 맑겠구나““오라버니! 바람과 구름에 싣어 안부 전해 드려요“,"구름 한 점 없는 화창한 가을 하늘을 닮은 파랗ㄴ 바탕의 대형 걸개 그림이 서울 동대문구 동대문디자인프라자(디디피) 앞 거리를 수놓았다.
'2018 남북정상회담 평양'의 프레스 센터가 설치된 디디피의 길 건너편에 위치한 두산 타워, 밀리오레 등 대형 쇼핑몰 건물에는 실향민들의 염원이 세일 정보 대신 자리 잡았다.
걸개 그림에는 서울에 살고 있는 실향민들이 직접 등장해 북녘에 있는 가족들에게 안부를 물었다.
그 가운데 한 명은 평안북도 신의주에서 태어난 정금옥(81)씨다.
1947년 10살 소녀 시절 부모님과 함께 북한에서 서울로 내려온 정씨는 <한겨레>와 통화에서 “지난 정상회담 내내 너무 긴장돼서 아무것도 손에 잡히지 않았다“며 떨리는 목소리로 말했다.
정씨는 남쪽으로 내려올 당시 이미 가정을 꾸린 큰오빠, 작은오빠와 이별을 해야 했다.
정씨는 “오빠는 살아 있는 건지, 조카는 만날 수 있는지, 하루 종일 심장이 떨려 죽겠다“며 “잃어 버린 가족의 목소리를 듣고 싶다“고 염원했다.
디디피 안쪽에는 정 씨 만큼이나 남북 정상의 만남을 고대하는 내외신 취재진들로 가득 찼다.
문재인 대통령이 탄 전용기가 평양 순안공항 활주로에 도착한 오전 10시부터 남북 정상이 만나기까지 900여 명 내외신 기자들의 눈은 프레스 센터에 설치된 대형 스크린에 고정돼 있었다.
특히 오전 10시 7분께 순안공항의 '국내 항로 출입구' 문이 열리고 검은 인민복 차림에 '트레이드 마크'인 호피 무늬 안경을 쓴 김정은 북한 국무위원장의 '깜짝 등장'에 프레스 센터는 다시 술렁였다.
긴장감이 가득했던 기자들의 표정에도 화색이 돌았다.
역사적인 순간을 놓치지 않으려 휴대 전화와 디지털 카메라를 모두 꺼내 차례로 김 위원장의 모습을 담는 외신 기자들의 모습도 눈에 뗬다.
주요 내외신에 '두 정상, 평양에서 만나다' 1 보 기사가 타전되던 순간이었다.
외신 기자들은 두 정상의 세 번째 만남이 여전히 '인상적'이라고 소감을 전했다.
중국국제 라디오 방송국(CRI)의 리디 장 기자는 “하던 일을 멈추고 짧은 시간 모두가 두 정상의 만남에 집중했다“고 말했다.
장 기자는 “김 위원장의 공항 영접이 확실하지 않았기 때문에 등장했을 때 놀랍고 기뻤다“면서 “모든 기자들이 숨죽여 지켜 보게 하는 만남이었다“고 감탄했다.
프랑스의 일간지 <르피가로>의 세비스티앙 팔레띠 기자도 “여전히 상징적이고 인상적인 만남이었다.
이에 걸맞는 실질적인 성과를 내야하기 때문에 두 정상의 어깨가 무겁다“고 말했다.
남북 정상의 첫 만남이 공개된 뒤 점심 시간, 디디피 근처에 있는 서울 중구 평양 면옥은 앉을 자리가 없을 만큼 손님으로 빼곡했다.
평양 면옥 관계자는 “평소보다 손님이 20%는 더 많은 것 같다“며 “정상회담 덕분에 찾아온 시민들이 많은 것 같다“고 말했다.
오명숙(52)씨는 “오늘은 정상회담 날이어서 그렇ㄴ지 더 맛이 좋은 것 같다“며 “정상회담이 잘 끝나서 평양에서 평양냉면을 먹는 날이 왔으면 좋겠다“고 말했다.
직원들과 함께 '평냉'을 먹었다는 이계방 한국석유유통 협회 부회장은 “오늘 남북정상회담이이서 평양냉면 먹기 좋은 날이라는 이야기를 나눈 참“이라며 “사업하는 입장에서 '평화는 경제다'이라는 말이 참 와닿는다“고 말했다.
점심 식사 뒤 커피숍을 찾은 직장인들의 화제 역시 '정상회담'이었다.
직장인 조주현(30)씨는 “판문점 선언 이후 남북 정상이 다시 한 번 만나는 뜻 깊은 순간“이라며 “이번 회담에서는 외교적인 사안들이 구체화 돼서 실현됐으면 좋겠다“고 염원했다.
직장인 김명철(31)씨도 “남북이 오래 단절됐는데 해결의 실마리가 구체적으로 보이는 것 같아 기쁘다“며 “통일이 돼서 북한을 통해 러시아, 유럽까지 여행을 가고 싶다“고 웃어 보였다.
디디피 인근 상점들도 모처럼 활기를 띠는 모습이었다.
디디피에서 수공예품 판매를 준비하던 박혜정씨는 “정상회담이 꼭 성공했으면 하는 바람뿐“이라며 “평화를 바라는 마음은 누구나 똑같지 않겠냐“고 통일을 염원했다.
디디피에 쇼핑을 왔다는 직장인 김소영(28)씨는 “오전에 문재인 대통령과 김정은 위원장이 손을 맞잡고 인사를 나누는 모습을 보니 이제 서로에게 익숙해진 모습도 보이더라“며 “남북 정상의 만남이 '익숙'을 넘어 '일상'이 됐으면 좋겠다“고 했다.
1년 전 핵 실험 자축했던 '목란관'에서 비핵화 실마리 풀ㄴ다 6차 핵 실험에서 평양 정상회담까지 위기에서 평화로 '유턴'한 1년 18일 문재인 대통령과 김정은 국무위원장의 정상회담 만찬 장소로 정해진 '목란관'은 북한의 국빈 급 연회장이다.
이곳은 1년 전 북한의 6차 핵 실험 자축 연회가 열렸던 곳이기도 하다.
핵 실험 성공을 축하하며 술잔을 기울였던 곳에서 1년 만에 비핵화 의제를 처음으로 논의 테이블에 올리는 남북 정상회담의 만찬 열리는 셈이다.
북한 <노동신문>은 지난해 9월 10일 목란관에서 “경애하는 최고 령도자 김정은 동지를 모시고 수소 탄 시험의 완전 성공으로 민족사적 대경사, 특대 사변을 안아 온 핵 과학자, 기술자들을 위한 축하 공연 성대히 진행“했다고 보도했다.
김 위원장은 이 자리에서 “핵 전투원들의 투쟁 정신, 투쟁 기풍을 모든 부문과 단위들에서 본받아야 한다“라고 말했다.
또 “비상한 두뇌를 가진 과학자 대군과 백두의 혁명 정신으로 무장한 군대와 인민, 자력 갱생의 투쟁 전통이 있기에 주체 혁명의 최후 승리는 확정적“이라고 덧붙였다.
지난해까지만 해도 남북 관계는 좀처럼 돌파구를 찾기 어렵ㄹ 정도로 어려웠다.
북한은 잇따라 대륙 간 탄도탄인 '화성/14형'을 발사했고 '8월 위기설', '9월 위기설' 등이 널리 퍼졌다.
급기야 지난해 9월 3일 북한이 6차 핵 실험을 실시하면서 '한반도 위기론'은 더욱 힘을 얻었다.
당시만 해도 6개월 만에 3 차례 남북 정상회담이 열리고, 핵 실험 자축연을 열ㄴ 목란관에서 남북 정상이 만찬을 함께할 것이라 예상하기 어려웠다.
하지만 지난 4월 27일 남북 정상이 만나 '판문점 선언'을 발표한 이후 상황은 크게 변했다.
북한은 지난 5월 24일 6차 핵 실험이 있었던 함경 북 도 길주 군 풍계리 핵 실험장을 폭파했다.
그리고 18일, 1년 전 핵 실험 성공을 축하했던 그곳에서 한반도 평화로 한 걸음 더 나아가기 위한 정상회담 만찬을 열ㄹ 계획이다.
북한의 국환 목란에서 이름을 따 온 목란관은 1980년 평양 중구역 인근에 5 천 평 규모로 지어졌다.
벽과 바닥 모두 흰색인 것이 특징이다.
2000년과 2007년 남북 정상회담 만찬도 이곳에서 열렸다.
2005년 6.15 공동 선언 5주년을 맞아 '민족통일대 축전'에 참가한 정동영 당시 통일부 장관도 목란관에서 만찬을 했다.
또 1999년 빌 클린턴 미국 대통령 특사였던 윌리엄 페리 대북 정책 조정관과 2001년 올브라이트 미국 국무 장관이 방북했을 때도 목란관에서 연회가 열렸다.
2001년 장쩌민, 2005년 후진타오 중국 국가 주석의 방북 때도 목란관이 만찬장으로 활용됐다.",47,3378
iks_doc_2018_hankyoreh_179,Hankyoreh 2018 total annotated text file unicode.txt,Hankyoreh,한겨레,2018,2018_multi_summit,'평양 동행 거부' 한국 바른미래 “성과는 어음 아닌 현금으로“김성태 “김정은 입에서 핵 폐기 의지 확인해야“김관영 “비핵화 매듭 못 풀면 평양 유람에 그쳐“,,"제3차 남북정상회담에 대해 자유한국당과 바른미래당은 “속 빈 강정에 불과할까 우려된다“, “성과를 어음이 아니라 현금으로 보여 줘야 한다“등의 반응을 내놓았다.
두 당은 앞서 청와대의 평양 동행 제안을 거부한 바 있다.
이날 김성태 자유한국당 원내 대표는 국회에서 열린 원내 대책 회의에서 “비핵화 의제가 평양 정상회담 의제로 올라간 것은 전적으로 환영한다“며 “하지만 비핵화 의제가 미북 간 핵심 의제로 다뤄지고 있는 마당에 중재자 입장에서 비핵화 협상 촉진이 아니라 비핵화 자체를 의제로 삼는다는 것이 자칫 속 빈 강정에 불과할 수 있다는 점을 우려 하지 않을 수 없다“고 말했다.
한편 같은 당의 윤영석 수석 대변인은 문 대통령이 '중재자가 아닌 직접 당사자'임를 강조했다.
윤 수석 대변인은 이날 오후 논평을 내 “문재인 대통령은 이번 방북으로 북미 대화가 재개되기만 한다면 그것 자체가 큰 의미가 있다고 했다“고 지적하며, “대한민국은 북한 비핵화의 가장 직접적인 당사자““북한 비핵화를 미북 간의 협상에만 맡겨 놔서는 안 된다“고 밝혔다.
김 원내 대표를 비롯한 자유한국당 원내 지도부는 이날 오전 국회 원내 대표실에서 문재인 대통령이 평양 순안공항에 도착한 모습을 텔레비전 생중계를 통해 덤덤한 표정으로 지켜 봤다.
김 원내 대표는 생중계를 본 뒤 “문재인 대통령이 김정은 위원장 입에서 북핵 폐기를 통한 한반도의 진정한 평화를 이뤄 내는 확고한 의지를 (확인해) 온 국민이 함께 할 계기가 마련됐으면 한다“고 말했다.
김관영 바른미래당 원내 대표는 이날 오전 원내 대책 회의에서 “한반도 비핵화가 첫 번째 매듭“이라고 강조하며 “그러나 이 매듭을 풀지 못한다면 200명의 방북단은 그저 평양 유람에 그친 행사가 될 수도 있다“고 말했다.
같은 당 김삼화 수석 대변인은 이날 오후 논평에서 “미국과 북한 사이의 중재자로서 우리 정부의 역할이 빛나려면 남북정상회담의 성과가 어음이 아니라 현금이 돼야 한다“고 밝혔다.
김 원내 대표는 이날 오전 손학규 당 대표와 함께 생중계를 지켜 봤다.
남북 정상 최초로 조선노동당 본부 청사서 회담 김대중 노무현 대통령 때는 백화원 영빈관서 회담 김정숙/리설주 여사는 아동 병원 음악 대학 함께 방문?
문재인 대통령과 김정은 북한 국무위원장이 18일 오후 조선노동 앙 중앙 위원회 본부 청사에서 정상회담을 열ㄴ다.
윤영찬 청와대 국민 소통 수석은 서울 동대문디자인프라자 프레스 센터에서 열린 오후 브리핑에서 “문 대통령과 김 위원장이 오후 조선노동당 중앙위 본부 청사에서 정상회담을 열ㄴ다“며 “남북 정상이 조선노동당 본부에서 회담을 하는 것은 처음이다“라고 말했다.
과거 2000년과 2007년 평양 정상회담 때는 모두 김정일 당시 국방위원장이 남쪽 대통령 숙손 백화원 영빈관으로 찾아와 정상회담을 진행했다.
김 위원장은 앞서 두 차례 정의용 국가 안보실장과 서훈 국가정보원장 등 대북 특사단을 조선노동당 중앙위 본부 청사에서 만난 바 있다.
윤 수석은 “배석자는 2~3명이 될 것 같지만 아직 알ㄹ 수 없다“고 말했다.
그는 “비핵화와 관련해 오늘 중으로 결과가 나오기는 쉽지 않아 보인다“며 “내일 2차 정상회담이 열리기 때문에 이 회담이 끝나야 전체적인 성과와 결과를 알ㄹ 수 있을 것 같다“고 말했다.
김정숙 여사는 리설주 여사와 함께 오후 2시 30분 옥류 아동 병원에 잇어 오후 3시 음악 종합 대학을 방문한다.
윤 수석은 “옥류 아동 병원 방문에 리 여사가 동행할 것으로 본다“며 “김 여사와 리 여사가 음악을 공부했다는 공통점이 있다.
이 자리에는 김형석 작곡가와 가수 에일리, 지코도 동행한다“고 말했다.
환영 만찬은 평양 중구역 인근 목란관에서 열린다.
인민문화궁전과 함께 북한의 최고 급 국빈용 연회장으로 꼽히는 곳이다.
북한의 국환 목란에서 이름을 따 왔다.
2000년 6월 1차 남북정상회담 때 김대중 당시 대통령과 부인 이희호 여사, 2007년 10월 남북정상회담 당시 노무현 대통령과 부인 권양숙 여사를 위한 만찬이 모두 이곳에서 열렸다.",24,1968
iks_doc_2018_hankyoreh_180,Hankyoreh 2018 total annotated text file unicode.txt,Hankyoreh,한겨레,2018,2018_multi_summit,"'동네 식당 외교' 문 대통령, 이번에 찾을 '평양 맛집'은 어디? 문 대통령, 취임 이후 두 차례 정상 외교서 지역 식당 조찬 베이징 하노이서 현지식 아침 먹으며 시민들과도 접촉 평양서는 '동네 식당 외교' 대신 대규모 식당서 만찬 할 듯",,"청와대가 3차 남북정상회담 일정 중 “평양 시민들이 자주 가는 식당“에서 환송 만찬을 하고 싶다는 뜻을 북쪽에 전달했다.
환송 만찬은 사흘에 걸친 회담 일정 중 둘째 날인 19일 저녁으로 예정돼 있다.
문재인 대통령은 취임 이후 가진 국외 정상 외교 중 두 차례, 현지의 소박한 '동네 식당'을 찾아 식사를 한 바 있다.
지난해 중국 베이징, 그리고 지난 3월 베트남 하노이에서다.
지난해 중국을 국빈 방문한 문재인 대통령 부부는 방문 이틀째였던 12월 14일, 베이징의 한 평범한 식당에서 아침 식사를 했다.
식당은 당시 숙소였던 댜오위타이 국빈관 인근에 있는 프랜차이즈 식당 '융허셴장'의 지점이었다.? 베이징관광청은 이곳을 “정식 식당이라기보다는 간단한 패스트푸드 식당“이라고 소개하고 있다.
현지인들이 아침 식사를 간단하게 해결하려 할 때 자주 찾는다고도 알려진 곳이다.
당시 문 대통령은 베이징 시민들의 흔한 아침 식사 메뉴라고 알려진 요우타이오(한국의 꽈배기와 비슷한 튀긴 빵)와 도우지앙(두유), 샤오롱바오(만두), 훈둔(만둣국)을 주문했다.
김정숙 여사와 노영민 중국 대사 부부가 동석해 4명이 둘러앉은 단출한 아침 상이었다.
청와대 공식? 페이스북은 이날 현장 사진을 공개하며 “문 대통령이 중국인들의 평범한 일상을 잠시 체험할 수 있었다“는 취지를 밝혔다.
앞서 2016년 버락 오바마 당시 미국 대통령이 베트남 하노이의 한 거리 식당에서 현지 음식인 분짜를 즐기는 사진이 세계적으로 화제가 된 바 있으나, 이날 식사는 대한민국 대통령으로서는 전례 없는 소박한 '조찬 행사'이었다.
국내에서도 놀랍다는 반응들이 나왔다.
이날 식사에서는 문 대통령이 중국의 모바일 결제를 체험한 일화도 널리 알려졌다.
베이징에서는 1위안(한화 약 170원)도 큐알코드로 결제한다고 할 정도로 모바일 결제가 보편화해 있다.
문 대통령은 중국 계좌가 없어 함께 있던 주중 대사관 직원의 휴대 전화를 이용해 결제했다.
문 대통령 부부는 지난 3월 베트남 하노이 국빈 방문 기간에도 '동네 식당'에서 조찬을 했다.
마지막 날이었던 3일 차 아침 식사였다.
강경화 외교부 장관, 이혁 베트남 대사 부부가 함께 한 이날의 메뉴는 한국 돈으로 약 3800원짜리 소고기 쌀 국수였다.
이날 식사를 한 '포텐리쿠억수'는 한국인 관광객들에게도 잘 알려진 대중 식당이다.
김정숙 여사는 이날 “쌀 국수에 라임을 짜 넣어 먹으니 참 맛있다“며 현지 음식을 맛본 소감을 말했다.
문 대통령은 베이징의 동네 식당을 방문했을 때와 마찬가지로 이날도 도중에 식사를 멈춰 가며 식당 직원들, 그리고 식당을 찾아온 주민들의 사진 촬영에 응했다.
식당 주인으로부터 나무 젓가락 통을 기념 선물로 받기도 했다.
평양 환송 만찬 장소는 대규모 식당 될 듯 이번에 북쪽에 요청한 '평양 시민들이 주로 가는 식당'에서의 만찬은 성사된다 해도 앞서 두 번과는 경우가 다르다.
공식 환송 만찬 자리로, 김정은 북한 국무위원장을 비롯해 주요 회담 참석자들과 특별 수행원 등 최소 70여 명이 식사를 하는 대규모 행사기 때문이다.
베이징이나 하노이에서처럼, 정부 관계자가 아닌 현지 주민들과 마주치는 일은 없을 가능성이 크다.
알려진 '맛집 정보'도 거의 없다시피 한 평양이지만 이만 한 규모의 인원을 수용할 수 있는 식당 몇 곳이 이미 만찬 장소 후보로 거론되고 있다.
회담 첫날인 18일 현재까지 가장 가능성이 크다고 추정되는 곳들은 '여명온반집'과 ‘대동강수산물식당’이다.
평양을 여러 번 방문 취재한 재미 언론인 진천규씨는 18일 <와이티엔>(YTN) 라디오 '김호성의출발새아침'과의? 인터뷰에서 '여명온반집'을 유력 후보지로 꼽았다.
진씨는 “(여명온반집의 주 메뉸) 평양온반은 평양 4대 음식 중 하나“라며 식당이 방북단의 숙소로 가는 길에 있는 여명 거리에 있다고 전했다.
평양 4 대 음식은 평양온반, 평양냉면, 녹두 지짐, 대동강 숭어 국이다.
여명 거리는 중국계 생활 용품점 '미니소' 지점 등 여러 상점과 식당들이 있는 대표적인 번화가 중 한 곳이다.
'대동강수산물식당'은 지난 7월 개업 당시 김 위원장이 직접 이름을 짓고 시찰할 정도로 당 차원에서 관심을 갖고 홍보한 대규모 해산물 전문 식당이다.
지난 8월 평양에서 열린 유소년 국제 축구 대회에 참석한 남쪽 선수단과 취재진도 이곳에서 식사한 적이 있다.
평양 시민들은 회식 장소로 주로 이용한다고도 알려져 있다.
이 두 곳 외에도 고급 양식당 '민족 식당', 일식 한식 전문 '안산관' 등도 만찬 장소 후보로 추측되고 있다.
환송 만찬이 아닌, 베이징이나 하노이에서와 같은 조찬 일정이 있었다면 갔을 법한 규모가 크지 않은 식당들도 함께 화제에 오르고 있다.
평양 숭어 국 집, 평양 오리 고기 전문 식당, 불고기 집인 경흥관 등이다.
오래된 번화간 창광 거리와 2010년대 초반 개발돼 '평양의 강남'이라고도 불리는 창진거리 식당가도 후보가 될 수 있다.
외국인 관광객들이 찾는 시내 식당들도 있다.
오찬 장손 '옥류관'과 함께 여행 리뷰 사이트? 트립어드바이저에 리뷰가 올라와 있는 '우정', '모란', '낙원' 등이다.
강경화/폼페이오, 두 차례 통화하며 정상회담 '촘촘 협의' 강경화/폼페이오 17일 오전 잇어? 17일 밤에도 정상회담 관련 통화 비건 해리스/이도훈 잇달ㄴ 협의 뒤 비핵화 관련 미 쪽 '메시지' 눈길 강경화 외교부 장관과 마이크 폼페이오 미국 국무 장관이 하루 새 두 차례 전화 통화를 하는 등 한/미가 평양 남북정상회담을 앞두고 회담 관련 조율에 만전을 기하는 모양새다.
미 국무부는 17일(현지 시각) 헤더 나워트 대변인 명의의 보도 자료를 내 “폼페이오 장관이 강경화 한국 외교부 장관과 어제 그리고 오늘 다시 전화 통화를 했다“며 “그들은 문재인 대통령과 김정은 북한 국무위원장의 다가오는 남북정상회담에 대해 논의했다“고 밝혔다.
나워트 대변인은 잇어 “폼페이오 장관과 강 장관이 북한의 비핵화 노력을 지속해 나가고 남북 대화와 협력 관련 (한/미 간) 긴밀한 협조를 유지하기로 다짐했다“고 덧붙였다.
아울러 “양쪽은 김 위원장이 동의한 북한의 최종적이며 완전하고 검증된 비핵화(FFVD)이라는 공통의 목표를 달성할 때까지 압박을 지속하는 것의 중요성과 함께 한/미 동맹의 굳건함를 확인했다“고 밝혔다.
외교부는 18일 오전 두 장관의 통화 사실을 알리면서 폼페이오 장관이 전화를 걸어 왔다고 밝혔다.
앞서 두 장관은 한국 시각으로 17일 오전 전화 통화로 회담 준비 상황과 최근 남북 관계 진전 동향에 대해 의견을 나눴다고 밝힌 바 있다.
이 통화에서는 강 장관이 약 40여 분에 걸쳐 남북정상회담 관련 준비 현황을 상세하게 설명한 것으로 전해졌다.
또한 이날 오후에는 해리 해리스 주한 미국 대사가 외교부를 방문해 이도훈 한반도평화교섭본부장과 이번 정상회담에서 이루어질 비핵화 협의 방향 관련 협의를 했다.
스티븐 비건 미 국무부 대북 정책 특별 대표가 한 중 일 순방을 마치고 귀국하는 길에 재방한해 이 본부장과 관련 논의를 한 지 이틀 만이다.
외교부는 17일 저녁 이루어진 두 번째 통화에서 “폼페이오 장관은 남북정상회담 준비 현황에 대한 강 장관의 오전 설명을 내부적으로 공유했음을 언급하고, 남북정상회담의 성공을 기대한다고 했다“고 전했다.
한/미 고위급 간 이토록 촘촘한 협의는 이례적이다.
폼페이오 장관이 잇달ㄴ 한/미 간 협의를 바탕으로 미국 쪽 입장을 정리해 비핵화 문제를 둘러싼 모종의 '답변'을 전해 온 것이 아니냐는 관측이 나오는 배경이다.
도널드 트럼프 미국 대통령이 직접 문 대통령에게 '북/미 간 수석 협상가' 역할을 주문하고 김 위원장 역시 문 대통령의 '역할'에 대한 기대감을 드러낸 상황에서 한/미가 협의 내용에 눈길이 쏠린다.
“우리도 평양 가서 냉면 먹었으면“광주시교육청, 초중고 322 곳에 정상회담 시청 권장 학생들 남북 정상 3차 회담 생중계 교실서 시청? 두 정상이 평양서 포옹하자 박수로 환호 남북 미래와 자신의 바람 등으로 이야기꽃 피워?
18일 오전 10시 광주시 서 구 광덕 중학교 1 학년 2 반 교실.
학생 30여 명이 텔레비전 앞에서 문재인 대통령을 태운 전용기가 평양 공항에 도착하는 장면을 기다렸다.
학생들은 호기심 어린 눈으로 한반도 기와 꽃다발을 들ㄴ 채 문 대통령을 영접하는 평양 시민의 표정을 지켜 봤다.
먼저 김정은 북한 국무위원장이 도착하고, 잠시 뒤 문 대통령이 전용기에서 내려 상대를 끌어안자 곳곳에서 박수와 환호가 터졌다.
학생들은 긴장을 풀고 남북의 미래와 자신의 소망을 화제로 이야기꽃을 피웠다.
1 학년 이경호(13)군은 “두 정상이 4월의 약속을 지켰다.
이런 분위기라면 통일이 곧 될 것 같다.
평화 시대가 열리면 평양 가서 냉면부터 먹어 보고 싶다“고 반겼다.
친구 박민혁(13)군은 “한반도와 세계 평화를 위해 노력하는 두 정상이 정말 멋있다.
통일이 되면 기차를 타고 북한도 보고, 유럽에도 가고 싶다“고 말했다.
광주 지역 학생들은 이날 오전 10시 문 대통령의 역사적인 평양 도착 장면을 생중계로 시청하며 열띤 응원을 보냈다.
학생들은 문재인 대통령이 평양 공항에 도착해 한반도 기를 흔들며 환영하는 평양 시민들과 악수하는 순간을 밝은 표정으로 주시했다.
학생들은 생중계를 본 뒤 한반도 평화를 기원하고 남북 관계 개선을 염원하는 글을 써 보기도 했다.
또 남북정상회담 누리집에 접속해 평화 기원 릴레이나 평화 지수 알아보기 등 프로그램에도 참여했다.
이날 광주에서는 금당 초등, 동신 여 중 등 상당 수 학교가 정상회담을 시청하고 평화 교육을 시행했다.
광주시교육청이 최근 초 중 고 322 곳에 공문을 보내 정상회담을 시청하도록 권장했기 때문이다.
학교들은 평화 교육을 하면서 남북정상회담 누리집에 올라온 카드 뉴스, 통일부 통일교육원 교육 자료 등을 활용했다.
일부 학교들은 18~28일 3차 회담을 응원하는 현수막을 붙이기도 했다.
앞서 광주시교육청은 학생들의 북한 수학 여행을 추진하고 광주 학생 독립 운동 90돌 기념 식에 북한 학생을 초청하는 등 남북 교류 사업을 성사시키는 데 정성을 들였다.
지난 4월 27일 판문점에서 열린 1차 남북정상회담 때도 학교별로 생중계를 보며 평화의 시대가 열리는 순간을 공유할 수 있도록 했다.
이재남 광주시교육청 정책 기획관은 “20 만 명에 이르는 광주의 학생들이 역사적인 장면들을 목격하며 평화와 공존의 가치를 배우고 있다.
이들의 무대가 휴전선을 넘어 동북아로, 전 세계로 넓어지기를 기대한다“고 강조했다.
문 대통령 김 위원장 첫 카퍼레이드 평양 도심이 '들썩' 왕복 6~8 차로 평양 시내 환영 인파로 발 디딜 틈 없어 평양 시민들 붉은 꽃술 흔들며 “조국““통일“외쳐?
문재인 대통령과 김정은 북한 국무 위원장은 18일 오전 평양 순안국제공항에서 공식 환영식을 마친 뒤 평양 시내를 돌며 카퍼레이드를 벌였다.
사전에 공개되지 않은 깜짝 행사였다.
두 정상은 오전 10시 21분께 평양 국제 공항을 떠날 때는 각자 다른 차량에 탑승했다.
그러나 이후 두 정상은 검은색 벤츠 무개차에 함께 올라 평양 시민들의 환영을 받았다.
형형색색의 한복 치마와 저고리와 양복을 입은 평양 시민들은 두 정상이 지나는 길가에 발 디딜 틈 없이 나와 붉은색과 분홍색 꽃술과 한반도 기를 흔들었다.
이들은 일제히 “조국“, “통일“, “환영“등을 외치면서 두 정상을 환영했다.
왕복 6~8 차로 도로변은 겹겹이 여러 줄로 늘어선 평양 시민들로 가득 찼다.
일부 시민들은 차량이 지나가자 도로 쪽으로 달려나오며 환호하는 모습을 보이기도 했다.
일부는 건물 창가에서 환영을 하기도 했다.
청와대는 “문 대통령과 김 위원장은 순안공항 / 평양 도로 / 3대혁명전시관 / 영생 탑 / 여명거리 / 금수산태양궁전 / 백화원 영빈관 등의 코스로 이동했다“고 말했다.
문 대통령과 김 위원장은 나란히 서 평양 시민들에게 손을 흔들며 답례했다.
두 정상은 간간히 머리를 맞대고 대화를 나누고 고개를 끄덕였다.
문 대통령이 어딘가를 가리키면 김 위원장이 설명을 하는 모습도 보였다.
문 대통령은 미소 띤 표정이었고, 김 위원장도 흐뭇한 표정이었다.
두 정상이 함께 평양 시내에서 카 퍼레이드를 벌인 것은 처음이다.
2007년엔 노무현 전 대통령이 김정일 당시 국방위원장이 아닌 김영남 최고인민회의 상임 위원장과 함께 무개차에 올라 카퍼레이드를 벌였다.
당시 카 퍼레이드는 평양시 중구역 인민문화궁전 앞에서 평양시 대성 구역 4.25문화회관까지 6킬로미터에 걸친 왕복 6 차선 도로에서 20분 남짓 이어졌다.
당시 환영을 나온 평양 시민들은 30만~ 60만으로 추정됐다.
하지만 이번엔 김 위원장이 직접 퍼레이드를 벌인 만큼 이 숫자를 훨씬 능가하는 시민들이 참여한 것으로 보인다.
2000년엔 김정일 위원장이 순안공항에서 김대중 전 대통령과 자기 차에 동승해 백화원 영빈관으로 향했다.
김정은 위원장은 지난 두 번의 평양 정상회담보다 훨씬 공 들인 최고의 예우로 문 대통령을 맞이한 셈이다.
문 대통령과 김 위원장은 예정보다 19분께 늦은 11시 19분에 문 대통령의 숙손 백화원 영빈관에 도착했다.
경제계 특별 수행단 새벽 집결 구광모/이재용/최태원 순 도착 오전 6시 20분부터 서울 종로 동편 주차장 집결 박용만 회장 가장 먼저 도착 “잘 다녀오겠다“인사 전날 방북 사전 교육은 이재용 회장만 직접 받아 28 인승 1호 버스에 경제계 17명 이해찬 대표 등 동승 남북 정상회담이 열리는 18일 삼성 엘지(LG)에스케이(SK)현대그룹 총수 등 경제계 인사 17명이 한 버스에 타고 방북 길에 올랐다.
이들은 특별한 소감 없이 “잘 다녀오겠다“만 말하고 버스에 올랐다.
특별 수행단의 경제계 인사 17명 가운데 가장 먼저 집결진 서울 종로 경복궁 동편 주차장에 도착한 이는 박용만 대한상공회의소 회장이었다.
박 회장은 이날 오전 6시 20분께 양복 깃에 대한민국 국기와 한반도 기 배지를 달ㄴ 채 도착해 “잘 다녀오겠다“고 말하고 28 인승 버스에 올랐다.
잇어 손경식 한국경영자총협회(경총) 회장과 구광모 현대건설 회장, 현정은 현대그룹 회장 등이 차례로 도착했다.
6월 회장 취임 이후 첫 공개 행보에 나선 구 회장은 소감 등을 묻는 기자들의 질문에 “죄송합니다“라고 말하고 차에 올랐다.
다음으로 도착한 이재용 삼성전자 부회장은 “안녕하셔요“라고 기자들에게 먼저 인사를 건넸다.
그는 방북 소감이나 남북 경협 기대감 등을 묻는 질문에는 대답하지 않았다.
삼성 총수가 북한을 방문하는 것은 처음이다.
김대중 노무현 정부 시절 남북 정상회담 때는 이건희 회장 대신 윤종용 삼성전자 부회장이 방북했다.
2007년 남북 정상회담 때 방북한 경험이 있는 최태원 에스케이 회장은 재계 총수 중 가장 늦은 오전 6시 52분 집결지에 도착했다.
최 회장은 별도의 소감 없이 “잘 다녀오겠다“고 말하고 버스에 올랐다.
이들은 전날 옷가지 등을 담은 가방을 미리 부쳐, 이날은 서류 가방 정도만 들고 왔다.
재계 인사들은 방북 전날인 17일 서울 종로 삼청 동 남북회담 본부에서 1시간 30분 동안 방북과 관련한 사전 교육을 받았다.
그룹 총수 중에서는 이재용 부회장이 유일하게 직접 교육을 받았다.
정상회담의 의미와 과거 남북 경협 사례, 주의 사항 등을 교육 받은 것으로 알려졌다.
이 부회장은 지난 주말에도 삼성 경제 연구소 등 사내 직원들로부터 남북 경협 등과 관련한 보고를 받은 것으로 알려졌다.
구 회장도 지난 주말 엘지경제 연구원 연구원 등에게 북한의 정치 경제 상황, 부친 구본무 회장의 과거 방북 당시 자료 등을 보고 받은 것으로 알려졌다.
재계 인사 17명이 탄 28 인승 1호 차 버스에는 이해찬 더불어민주당 대표, 정동영 민주평화당 대표, 이정미 정의당 대표, 박원순 서울 시장, 최문순 강원도 지사 등이 동승했다.
이들을 포함해 특별 수행단 52명은 버스 3대에 나눠 타고 오전 7시 경복궁 주차장을 출발해 성남 서울공항에 도착했다.
이들을 태운 공군 1호기는 오전 8시 55분께 이륙했다.
순안공항에 첫 등장 '한반도 기 인공기' 물결에 담긴 뜻은 2000년 김대중, 2007년 노무현 대통령 방문 땐 꽃만 흔들어 두 개의 주권 국가의 병립과 공존, 화해 협력 지향 메시지 18일 오전 평양 순안공항(평양국제비행장)에서 문재인 대통령을 환영한 북쪽 인민들의 양 손에는 꽃, 인민공화국기(인공기), 한반도 기(조선반도기)가 들렸다.
누군 꽃을, 누군 한반도 기와 인공기를 뜨겁게 흔들었다.
인공기는 조선민주주의인민공화국의 국기고, 한반도 기는 1990년대 초반 이후 국제 스포츠 무대에서 남북의 화해와 협력을 상징하는 깃발이다.
올해 평창 겨울 올림픽과 인도네시아 아시아 경기 대회 때 남북 단일팀 유니폼 심장부에 새겨졌던.
2000년 6월 13일 순안공항에서, 사상 첫 남북정상회담을 하려고 평양에 온 김대중 대통령을 환영한 평양 시민의 손에는 꽃이 들려 있었다.
2007년 10월 2일 군사 분계선을 넘어 두 번째 남북정상회담을 하려고 평양에 온 노무현 대통령을 4.25문화회관 광장에서 환영한 평양 시민의 손에도 2000년 6월과 같은 꽃이 들렸다.
그런데 이번엔 꽃만 들ㄴ 것이 아니다.
한반도 기와 인공기가 새로 등장했다.
통일부 당국자는 “1 2차 평양 정상회담 때 북쪽 환영 인파는 꽃을 들었다“며 “한반도 기와 인공기의 등장은 이번이 처음“이라고 말했다.
한반도 기와 인공기의 새롭ㄴ 등장, 어떤 뜻이 담겼을까?
국기는 주권의 상징이다.
인공기는 주권 국가로서 북한의 존재를 상징한다.
그러므로 순안공항 환영 인파의 손에 들린 인공기는 한반도에 두 개의 주권 국가가 존재함를 상기시킨다.
남과 북은 국제법상 별개의 주권 국가다.
1991년 9월 17일 제46차 유엔총회에서 만장일치로 유엔 회원국이 됐다.
영문 표기 순서에 따라 북이 160번째, 남이 161번째 유엔 회원국이 됐다.
다만, 남북은 1991년 12월 13일 합의한 '남북기본합의서' 전문에서 남북 관계를 “나라와 나라 사이의 관계가 아닌 통일을 지향하는 과정에서 잠정적으로 형성되는 특수 관계“라고 규정했다.
국제 법적으로는 두 개의 주권 국가되 서로를 외국이나 별개의 국가로 간주하지는 않는다는 뜻이다.
지금까지 5 차례에 이르는 남북정상회담장에 국제 관례와 달리 태극기와 인공기가 내걸리지 않은 이유다.
그러므로 순안공항 환영 인파의 손에 들린 인공기는 중요한 변화를 담고 있는 정치적 퍼포먼스라고 할 수 있다.
그렇다면, 한반도 기에는 무슨 뜻이?
서로 차원이 다른 두 갈래 해석이 가능하다.
국제 정치 무대에서 양자 정상회담과 관련한 표준 의전은 양쪽 국기의 병립이다.
그러므로 국제 기준대로라면, 환영 인파의 양 손엔 인공기와 함께 태극기가 들려 있어야 했다.
그러나 '조국 통일'을 국시로 삼는 북녘에서 그런 일은, 김정은 국무위원장이 아무리 실용주의자라고 해도 현재의 남북 관계 상황에서는 가능하지 않은 일이다.
북한 읽기와 남북 관계사에 밝은 전직 고위 관계자는 “순안공항의 한반도 기는 태극기의 대체물“이라고 짚었다.
태극기를 흔들ㄹ 수는 없으니, 대신 한반도 기를 들었으리라는 분석이다.
언젠가 김정은 위원장이 남녘에 와서 정상회담을 할 때, 남쪽 환영 인파가 태극기와 함께 인공기를 흔드는 모습을 상상하기 어렵ㄴ 현실을 떠올리면 되겠다.
다만 한반도 기는 태극기의 대체물만은 아니다.
한반도 기는 각종 국제 스포츠 행사 때 남북 단일팀의 단기로 쓰려고 1989년 남북 체육 회담에서 합의 제정했으며, 1990년 베이징 아시아 경기 대회 때 처음 쓰였다.
1991년 가슴에 한반도 기를 달ㄴ 현정화 리분희가 이끌ㄴ 여자 탁구 단일팀의 지바 세계탁구선수권 대회 우승은 한반도인의 기억에 깊이 각인돼 있다.(현정화 탁구 대표 팀 감독은 특별 수행원 자격으로 18일 평양에 갔다) 한반도 기는 화해와 협력, 궁극적으로 통일을 지향하는 8 천만 한반도인의 마음을 담고 있다.
그러므로 18일 순안공항 환영 인파 손에 들린 한반도 기와 인공기는 '병립 공존'과 '화해 협력'의 지향을 담고 있다고 풀이할 수 있겠다.
전직 고위 관계자는 “한반도에 두 개의 주권 국가가 존재하는 현실을 인정하는 토대 위에서 화해 협력과 공존을 도모하자는 김정은 위원장의 실용주의적 태도가 담긴 장면으로 보면 되지 않을까 싶다“고 짚었다.
문 대통령 부부에게 꽃다발 건넨 ‘빨갛ㄴ 넥타이 소년'은 누구?
김정은 위원장 동생 김여정 부부장 문 대통령과는 구면 이미 세 차례 만남 이번에도 친근한 웃음으로 환영?
2박 3일 동안의 남북 정상회담이 열리는 18일 오전 10시께 문재인 대통령이 평양 순안공항에 도착하자 '반갑ㄴ 얼굴'이 문 대통령 부부를 맞았다.
바로 김정은 북한 국무위원장의 동생 김여정 노동당 중앙 위원회 제 1 부부장이다.
김여정 부부장은 이날 문 대통령 부부를 만나자마자 특유의 환한 눈 웃음을 짓으며 반갑게 인사했다.
김 부부장과 문 대통령은 이미 여러 차례 만났다.
지난 2월 김 부부장은 김정은 위원장의 특사 자격으로 남쪽을 방문해 문 대통령에게 김 위원장의 친서를 전달했다.
4.27 판문점 평화의 집에서 열린 남북 정상회담과 통일각에서 열린 5.26 정상회담 때도 문 대통령을 만났다.
이미 세 차례나 만났기 때문인지 문 대통령과 김 부부장은 전보다 훨씬 더 친근한 모습이었다.
김 부부장은 두 정상의 뒤를 따라다니다 문 대통령이 사열대에 오를 때도 직접 나서 서야할 위치를 찾아 줬다.
한편, 이날 순안공항 현장을 보여 주는 생중계 영상에는 빨갛ㄴ 스카프를 두른 조선 소년단원들이 문 대통령 부부에게 꽃다발을 전달하고 거수경례를 하는 모습도 포착됐다.
조선소년단은 1946년 6월 6일에 창립된 북한의 소년 단체다.
남쪽의 보이 걸 스카우트와 비슷한 단체라고 볼 수 있다.
흰색 상의와 붉은색 넥타이가 이들 조선소년단의 상징이다.
만 7 13세 청소년이 가입한다.
김정은 위원장은 지난 2013년 6월 6일 평양 4.25문화회관에서 열린 조선소년단 대회에 직접 참석하기도 했다.
조선소년단은 구소련, 공산권 국가에 있는 소년단 조직 ‘피오네르(pioneer)’의 일종이다.
손을 머리 위로 들어 경례를 하는 모습과 빨갛ㄴ 스카프를 두른 모습이 피오네르 소속 소년, 소녀들의 모습과 같다.",171,10793
iks_doc_2018_hankyoreh_181,Hankyoreh 2018 total annotated text file unicode.txt,Hankyoreh,한겨레,2018,2018_multi_summit,"남북 정상, 오후 3시 30분 첫 회담 오후 5시까지 90분 예정",,"18일부터 2박 3일 동안 열릴 남북정상회담을 위해 18일 오전 평양에 도착한 문재인 대통령은 이날 오후 3시 30분부터 김정은 북한 국무위원장과 첫 정상회담을 열기로 했다.
윤영찬 청와대 국민 소통 수석은 이날 브리핑에서 “오늘 문 대통령과 김정은 위원장의 회담은 오후 3시 30분부터 5시까지로 예정돼 있다“며 “그 시간에 여사님과 우리 특별 수행원, 경제인들도 각각 만남이 진행된다“고 말했다.
회담 장소는 아직 공개되지 않았다.
이번 남북정상회담의 3 대 의제는 남북 관계 발전 비핵화를 위한 북/미 대화 촉진 군사적 긴장 완화 방안 등이지만, 두 정상은 첫 회담부터 비핵화 조처와 체제 안전 보장의 선후 문제를 놓고 교착 상태에 빠진 북/미 대화 복원에 집중할 것으로 보인다.
청와대 고위 관계자는 <한겨레>와 한 통화에서 “세 가지 의제를 포괄적으로 논의하겠지만 아무래도 북/미 관계 복원에 집중하지 않겠느냐“며 “군사적 긴장 완화 방안은 사전에 많은 논의가 있었고 상당 부분 합의점을 찾은 것으로 알ㄴ다“고 말했다.",5,519
iks_doc_2018_hankyoreh_182,Hankyoreh 2018 total annotated text file unicode.txt,Hankyoreh,한겨레,2018,2018_multi_summit,북 주민 깜놀한 문 대통령 '90도 인사' “전단 100 억 장 효과“90도는 '수령'에게만 하는 인사법 권위주의 익숙한 북 주민에 '파격' 역사학자 “북 주민 의식 바꾸는 데 큰 효과“,,"18일 방북한 문재인 대통령은 평양 순안공항 환영 장에 나온 북한 주민들에게 스스럼없이 다가가 악수를 청하 거나, 허리를 깊이 숙여 '90도 꾸벅 인사'를 해 눈길을 끌었다.
일부 주민은 문 대통령이 악수를 청하며 인사를 건네자 다소 놀라는 표정을 짓기도 했다.
북한에선 악수가 '서양식 인사'로, 90도로 허리를 굽히는 인사는 '최고 존엄'에게만 허용되는 것으로 알려져 있다.
3차 남북정상회담을 위해 방북한 문 대통령은 18일 오전 평양 순안국제공항에서 마중 나온 북한 주민들의 '열렬한' 환영을 받았다.
김정은 북한 국무위원장과 함께 이동하던 문 대통령은 북한 주민 일부와 악수를 나눈 뒤 준비된 차량에 탑승하기 전 허리를 크게 숙여 감사를 나타냈다.
전우용 역사학자는 이날 페이스북에 “문재인 대통령이 평양 시민들에게 깊이 허리 숙여 인사하는 모습이, 북한 주민들의 의식을 바꾸는 데에는 전단 100 억 장보다 더 큰 효과를 거둘 것입니다.
사람들을 서로 잇는 것은, 돈이 아니라 겸손한 태도와 따뜻한 마음입니다“라고 적었다.
2011년 1월 북한 <조선중앙 TV>가 보도한 '예의 범절과 우리 생활'을 보면, “우리 인민들 속에서는 전통적인 조선 절을 시대적 요구에 맞게 발전시켜 큰절은 45도 정도, 평절은 15도 정도로 허리를 굽혀 하는 것이 장려되고 있다“고 했다.
또 “조선 절은 서로 손을 쥐거나 얼굴을 맞대는 법도 없으므로 위생적으로도 좋은 인사법“이라고 소개했다.
특히 “서양식 인산 악수는 북한의 전통 인사법이 아니므로 머리를 숙이는 인사법이 옳다““우리의 우수한 예절 풍습을 적극 살려 나가기 위해서는 일상 생활에서 악수를 비롯한 남의 식 인사 풍습을 따르는 행동을 절대로 하지 말아야 한다“고 강조하기도 했다.
2012년 탈북 주민 증언을 바탕으로 만들어진 통일교육원 책자에는 “인사의 깊이에도 '수령 것', '인민 것'이 따로 있다.
허리를 굽혀 90도로 인사를 하는 것은 김정일과 그 가족에게만 허용돼 있다.
만약 일반 주민들이 간부들에게 90도로 인사하면 오히려 그 간부가 당황해 한다.
그만큼 허리를 깊이 숙이는 것은 김일성 동상 앞에서나 할 수 있는 충성의 인사를 뜻한다“고 돼 있다.
반면 김 위원장 등 북한 수뇌부는 국제 외교 무대에서 악수나 90도 인사를 종종 하곤 한다.
김 위원장의 여동생인 김여정 북한 노동당 중앙위 제1 부부장은 시진핑 중국 주석에게 90도로 허리 굽혀 인사하는 모습이 공개돼 화제가 되기도 했다.
북 주민에 90도 인사 악수 문 대통령, 파격 환대에 파격 답례 문 대통령, 북한 주민 열렬한 환호에 손 들어?
18일 방북한 문재인 대통령은 환영을 위해 공항에 나온 북한 주민들에게 스스럼없이 다가가 악수하고 고개를 깊이 숙여 인사를 하기도 해 눈길을 끌었다.
문 대통령은 이날 공항으로 영접 나온 김정은 북한 국무위원장과 함께 의장대 분열을 받은 뒤, 김 위원장 안내를 받아 이동하면서 오른손을 들어 흔들며 북한 주민들의 환영에 답했다.
북한 주민들은 꽃다발과 한반도 기, 인공기를 손에 들고 흔들며 반겼다.
뒷줄에 자리한 일부 주민들은 두 정상이 함께 걷는 모습이 궁금한 지 목을 길게 빼 내다보기도 했다.
일부 주민들은 두 손을 머리 위로 올려 박수를 치면서 격렬하게 환영했다.
꽃다발과 깃발의 파도에 가려진 북한의 촬영 팀이 발판을 딛고 올라서는 모습도 보였다.
김정은 위원장은 손을 흔드는 문 대통령 옆에서 박수를 치며 나란히 걸었다.
잇어 문 대통령은 환영 인파에 다가가 악수를 청하기도 했다.
박수를 치며 행진 중이던 문 대통령이 멈춰 서서 성큼성큼 인파를 향해 다가가자, 김정은 위원장도 발걸음을 늦추고 뒤를 따랐다.
북한 주민들은 문 대통령이 가까이 다가오자 잠시 놀란 듯한 모습이었으나, 곧 흔들던 꽃을 한 손에 옮겨 쥐고 문 대통령과 악수하며 반겼다.
노랗ㄴ 한복을 입은 여성은 놀란 듯 입을 살짝 벌리며 문 대통령의 손을 잡은 뒤 웃음을 짓기도 했다.
이후 다시 행진을 이어 가던 문 대통령은 차에 타기 직전인 10시 19분께 몸을 돌려 주민들을 향해 허리를 숙여 인사를 하며 주민들의 환영 인사에 답했다.
“교착 상태 빠진 외교 되살리기 위한 회담“외신들 정상회담 생중계 CNN NHK CCtv 등 전 세계 주요 언론 비중 있게 보도 로이터 “이번 회담, 2차 북/미 회담의 리트머스 시험지 될 것““교착 상태에 빠진 외교 과정을 되살리기 위한 3일 간의 정상회담이 시작됐다.“(<월스트리트저널>) 18일 오전 문재인 대통령과 김정은 북한 국무위원장의 제3차 남북정상회담 소식을 전 세계 외신들도 신속히 보도했다.
미국 <시엔엔>(CNN) 방송, 일본 <엔에이치케이>(NHK) 방송, <중국중앙텔레비전>(CCtv) 등은 문 대통령이 평양 순안공항에 도착해 김 위원장과 껴안는 장면을 일제히 생중계했다.
<시엔엔>은 “김 위원장이 공항에 직접 나와 환영 행사를 한 것은 이번이 처음“이라며 “두 사람은 평양 거리에서 오픈카를 타고 수천 명의 시민들에게 인사했다“고 전했다.
또 이번 회담을 “역사적인 3일 간의 여행“, “3개월 전 도널드 트럼프 미국 대통령과 김 위원장이 싱가포르에서 한 북한 핵무기 폐기 약속을 실현하기 위한 과정“이라고 설명했다.
<에이피>(AP)<아에프페>(AFP) 등 주요 통신들도 문 대통령의 동선을 따라 속보를 타전했다.
<로이터> 통신은 “이번 회담은 2차 북/미 정상회담의 리트머스 시험지가 될 것이다.
김 위원장이 비핵화를 얼마나 심각하게 여기는지 보여 줄 실마리를 제공할 것“이라고 내다봤다.
영국 <비비시>(BBC) 방송은 “4월 정상회담은 회담을 했다는 단순한 사실 자체만으로도 중요한 발걸음이란 평가를 받았지만, 이번엔 북한이 비핵화의 구체적 조처를 내놓도록 설득하는 실질적 진전을 이뤄야 한다“고 밝혔다.
일본과 중국 매체들도 평양 정상회담을 비중 있게 보도했다.
<엔에이치케이>는 “북/미 회담의 중재 역할을 자처한 문 대통령이 김 위원장한테 비핵화 로드맵 등 구체적 조처를 받아 낼지가 초점“이라고 설명했다.
<교도통신>은 남북 관계 발전, 비핵화, 남북의 군사적 긴장 완화가 주요 의제가 될 것이라고 짚었다.
스가 요시히데 일본 관방 장관은 “중요한 점은 한반도의 완전한 비핵화를 향한 북한의 약속을 포함해 북/미 정상회담의 합의가 완전하고 신속하게 이행되는 것“이라고 말했다.
중국 관영 <차이나데일리>는 이날 사설에서 “4월 판문점 선언 서명 뒤 남북 관계는 점진적으로 완화됐다“고 분석했고, <환구시보>는 1면 전면 기사로 “한국 국내 총생산(GDP)의 절반을 차지하는 주요 재벌 기업 대표들이 총동원된 것으로 봐 한/조(남북) 경제 협력도 신속히 진행될 것이란 추측이 나온다“고 전했다.
이 매체는 또 문 대통령이 김대중 노무현 전 대통령에 견줘 시간적으로 “굉장히 길ㄴ 회담“을 하게 된다는 데 의미를 부여했다.
겅솽 중국 외교부 대변인은 “한반도 비핵화와 한반도 문제의 정치적 해결 프로세스에 도움이 될 것으로 믿는다“며 “중국은 양쪽이 관계를 개선해 한반도 및 동북아의 장기적 안정을 조속히 실현하기 위해 노력과 공헌을 하는 것을 계속 지지한다“고 밝혔다.
'파격 영접' 김정은, 아버지 김정일과 확 달랐던 '평양 스타일' 환영 법 2000년 2007년 남북정상회담 영접 장면과 비교해 보니?
김정은 북한 국무위원장이 리설주 여사와 함께 18일 오전 10시 10분께 제3차 남북 정상회담을 위해 평양 순안공항에 도착한 문재인 대통령 부부를 공항에서 직접 영접했습니다.
18~20일까지 열리는 이번 회담은 역대 다섯 번째 남북 정상회담이자 2000년과 2007년에 잇어 세 번째로 평양에서 열리는 남북 정상회담입니다.
당시 김 위원장의 아버진 김정일 북한 국방위원장이 김대중, 노무현 전 대통령을 각각 순안공항, 평양 4.25문화회관에서 영접한 바 있습니다.
김 위원장의 이번 영접 방식은 아버지와는 여러모로 달랐습니다.
매번 혼자 영접 나왔던 아버지와 달리 김 위원장은 부인 리설주 여사와 함께 나와 문 대통령 부부를 맞이했습니다.
문 대통령 부부가 타고 온 비행기 앞까지 이동해 기다리던 김 위원장 부부는 문 대통령 부부가 계단을 내려오는 내내 박수를 치며 환영했습니다.
문 대통령과 김 위원장은 포옹으로 반가움을 표현했습니다.
한동안 환담을 나눈 것도 예전과는 다른 점입니다.
문 대통령과 김 위원장, 김정숙 여사와 리설주 여사가 서로 인사말을 나눈 뒤 김 위원장이 김정숙 여사에게 인사를 했고, 문 대통령도 리설주 여사에게 인사를 건넸습니다.
올해 들어서만 세 번째로 만나는 두 정상 부부가 허물없는 사임를 보여 주는 상징적인 장면이었습니다.
김 위원장의 동생인 김여정 북한 노동당 중앙 위원회 제1 부부장도 레드카펫 위에 모습을 드러내고 문 대통령 부부에게 인사했습니다.
의장대 사열도 사뭇 달랐습니다.
2000년 당시 혁명음악대 책임잔 북쪽의 대좌는 큰 목소리로 조선 인민군 총사령관 등 김정일 위원장의 직함을 열거하면서 “김대중 대통령을 마중하기 위해 나왔습니다“라고 큰 소리로 인사한 바 있습니다.
하지만 이번에는 “대통령 각하 영접을 위해 도열했습니다“고 말했습니다.
예전에는 없던 '각하'이라는 표현이 나온 것입니다.
순안공항에는 김 위원장 말고도 수백 명의 평양 시민들이 문 대통령 부부를 맞이하기 위해 찾아왔는데요.
붉은 계열의 꽃을 흔들던 2000년, 2007년과 달리 인공기와 한반도 기를 흔드는 모습이 달랐습니다.
이에 문 대통령은 평양 시민들과 악수를 하고 고개를 숙여 감사의 뜻을 밝혔습니다.
2000년 김대중 대통령도 잠시 의전 카펫을 벗어나 두 명의 시민들과 악수하며 “반갑습니다”라고 인사한 적은 있지만 문 대통령처럼 가까이 다가선 경우는 처음입니다.
공항 영접 행사를 마친 두 정상은 준비된 차량 2대를 나눠 타고 이동했습니다.
같은 차를 타고 공항을 떠났던 2000년과는 다른 모습인데, 두 정상 모두 부부 동반임를 고려한 것으로 보입니다.
오전 10시 21분께 공항을 떠날 때는 각자 다른 차량에 탑승했던 두 정상은 이후 검은색 벤츠 무개차에 함께 올라 평양 시내를 돌며 카퍼레이드를 벌였습니다.
사전에 공개되지 않은 깜짝 행사였는데, 2007년 육로로 이동해 평양을 방문한 노무현 대통령도 평양 시내 퍼레이드를 한 바 있습니다.
이는 2000년 정상회담 때 김대중 대통령이 무개차에 타지 않아, 거리의 환영 인파에 답례할 수 없었던 데 대한 아쉬움을 나타냈기 때문입니다.
다만 노무현 대통령의 경우 김정일 위원장이 아닌 김영남 최고인민회의 상임 위원장과 함께였습니다.
“대통령 각하“외친 뒤 사열 과거와 달라진 '최고 예우' 북한 군 의장대 사열, 이번엔 어떻게 달라졌나 '대통령 각하' 호칭에 첫 예포 발사 “그만큼 더 예우한다는 의미“의장대 사열 뒤 분열은 2007년 10월 노 전 대통령 방북 때도 시행?
북한은 18일 오전 평양 순안공항에 도착한 문재인 대통령을 대대적으로 환영했다.
과거에 하지 않던 예포를 발사했고, 인민군 명예 의병대(의장대) 지휘관은 문 대통령을 “대통령 각하“라고 호칭했다.
모두 처음 있던 일이다.
군 당국자는 이날 “2000년 6월 김대중 전 대통령이나 2007년 10월 노무현 전 대통령이 방북했을 때도 북한 군으로부터 국가 원수에 걸맞는 의장 행사가 있었지만, 남북 관계의 특수성 등 때문에 예포가 없었고, 인민군 명예 위병대 지휘관이 우리 대통령을 '각하'라고 부르지도 않았던 것으로 기억한다“고 말했다.
북한이 전례가 없던 예포 발사와 각하 호칭을 사용한 것은 그만큼 더 예우를 갖춰 문 대통령을 맞는다는 의민 것으로 풀이된다.
이날 문 대통령의 평양 순안공항 의장 행사는 인민군 명예 의병대가 사열과 분열을 차례로 하는 방식으로 진행됐다.
사열은 국가 원수나 지휘관 등이 군대가 도열해 있는 앞을 걷어 가며 경례를 받는 의전 행사고, 분열은 거꾸로 군대가 행진하면서 단상에 서 있는 이에게 존경과 예의를 표하는 행사다.
인민군 명예 의병대 지휘관인 김명호 육군 대좌(대령)는 “대통령 각하, 조선 인민군 명예 의병대는 각하를 영접하기 위해 정렬했습니다“라고 보고했다.
11년 전 방북한 노무현 대통령 때는 명예 의병대 지휘자가 사열 직전 “최고 사령관 동지와 함께 노무현 대통령을 영접하기 위해 정렬했습니다“라며 '각하' 등 경칭을 붙이지 않았다.
문 대통령은 김정은 국무위원장과 함께 레드 카펫 위를 걸으며, 미리 도열해 있던 300명 남짓한 인민군 명예 의병대로부터 ‘받들어총' 경례를 받았다.
사열을 마친 문 대통령은 김 위원장의 안내를 받아 사열단에 오른 뒤 인민군 의장대가 행진하며 경례하는 것을 묵묵히 지켜 봤다.
분열은 2000년 6월 김대중 전 대통령의 방북 때는 없었으나, 2007년 10월 노무현 전 대통령의 방북 때 처음 시행된 바 있다.
인민군은 이날 의장 행사가 이루어지는 동안 예포 21발을 발사했다.
예포 21발은 문 대통령을 국가 원수로 예우한다는 의미를 담고 있는 것으로 풀이된다.
이날 순안공항 의장 행사는 모두 합쳐 5분 남짓 걸렸다.
앞서 지난 4월 문 대통령과 김정은 국무위원장의 첫 정상회담 때는 김 위원장이 북쪽 정상으로는 처음으로 남쪽 지역 판문점 광정에서 육 해 공 3 군으로 구성된 국군 의장대와 전통 의장대를 사열했다.
이날 행사는 협소한 공간과 남북 관계의 특수성 등을 고려해 국기 게양과 국가 연주, 예포 발사가 생락되는 등 단출하게 진행됐다.
한 달 뒤 두 번째 정상회담에서는 판문점 북쪽 지역 통일각 앞에서 인민군 명예 위병대가 양 옆으로 정열해 있다가 문재인 대통령에게 ‘받들어총' 자세로 예를 표하는 것으로 의장 행사를 갈음했다.
군 당국자는 “의장 행사는 상대국 국가 원수에게 존경과 예의를 표한다는 뜻에 어긋나지 않는 범위에서 각국의 관례와 사정, 그때 그때의 형편에 따라 진행하는 것“이라고 말했다.
김 위원장 '깜짝 마중'에 프레스 센터 술렁 긴급 1 보 타전 외신 기자들, 휴대 전화 꺼내 남북 정상 공항 만남 찍어 문재인 대통령이 탄 전용기가 18일 오전 10시께 평양 순안공항 활주로에 도착했지만 굳게 닫힌 문이 열리지 않았다.
'2018 남북정상회담 평양'의 메인 프레스 센터가 설치된 서울 동대문구 동대문디지털프라자(디디피)에 설치된 대형 스크린에 900여 명 내외신 기자들의 눈이 고정돼 있었다.
숨소리도 들리지 않기를 5분여, 전용기의 문이 열렸다 다시 닫히자 일부 기자들은 가슴을 쓸어내리며 허탈해 했다.
잠시 뒤 오전 10시 7분께 문 대통령의 전용기 문이 열린 뒤에야 순안공항의 '국내 항로 출입구' 문이 열렸다.
검은 인민복 차림에 '트레이드 마크'인 호피 무늬 안경을 쓴 김정은 북한 국무위원장이 힘찬 발걸음으로 문 대통령 쪽으로 향했다.
김정은 위원장의 '깜짝 등장'에 프레스 센터는 다시 술렁였다.
긴장감이 가득했던 기자들의 표정에도 화색이 돌았다.
역사적인 순간을 놓치지 않으려 휴대 전화와 디지털 카메라를 모두 꺼내 차례로 김 위원장의 모습을 담는 외신 기자들의 모습도 눈에 뗬다.
외신 기자들은 두 정상의 세 번째 만남이 여전히 '인상적'이라고 소감을 전했다.
중국국제 라디오 방송국(CRI)의 리디 장 기자는 “하던 일을 멈추고 짧은 시간 모두가 두 정상의 만남에 집중했다“고 말했다.
장 기자는 “김 위원장의 공항 영접이 확실하지 않았기 때문에 등장했을 때 놀랍고 기뻤다“면서 “모든 기자들이 숨죽여 지켜 보게 하는 만남이었다“고 감탄했다.
프랑스의 일간지 <르피가로>의 세비스티앙 팔레띠 기자도 두 정상의 만남이 “상징적이고 인상적이었다“고 평가했다.
팔레띠 기자는 “세 번째 만남이지만 두 정상의 만남은 여전히 상징적“이라며 “이런 상징에 걸맞는 실질적인 성과를 내야하기 때문에 두 정상의 어깨가 무겁다.
만남의 감탄이 결과의 감탄으로 이어지길 바란다“고 말했다.
환호성과 박수가 이어졌던 1차 남북정상회담에 비해 프레스 센터는 비교적 차분한 분위기였다.
기자들은 환하게 웃으며 두 정상이 만나 대화를 나누는 과정을 목격하고, 서로 의견을 교환하며 노트북 자판을 두드리기 시작했다.
주요 내외신에 '두 정상, 평양에서 만나다' 1 보 기사가 타전되던 순간이었다.
“대통령 각하를 영접하기 위해“외친 뒤 사열 사상 첫 예포 발사 문 대통령, 평양서 북한 군 의장대 사열 김대중 노무현 전 대통령 때도 사열 받았지만 '예포'는 생략 순안공항 울려 퍼진 21발 예포 상대국 '국가 원수' 인정 의미?
문재인 대통령이 18일 제3차 남북정상회담을 위해 찾은 평양 순안국제공항에서 북한 군 의장대를 사열했다.",109,8027
iks_doc_2018_hankyoreh_183,Hankyoreh 2018 total annotated text file unicode.txt,Hankyoreh,한겨레,2018,2018_multi_summit,북한 군 의장대는 “대통령 각하를 영접하기 위해 도열했다“고 외친 뒤 사열을 시작했다,,"문 대통령은 이날 오전 10시 8분께 전용기에서 내린 뒤 김정은 북한 국무위원장과 리설주 여사의 영접 속에 평양 땅을 밟았다.
이후 의장대를 사열했다.
한국 대통령의 북한 군 의장대 사열은 2007년 노무현 전 대통령의 평양 방문 이후 11년 만이다.
당시 노무현 대통령과 김정일 북한 국방위원장은 2007년 10월 2일 평양시 모란봉 구역 4.25문화회관 광장에서 북한 군 명예 위병대를 함께 사열했다.
김정은 위원장도 지난 4월 27일 남북정상회담 당시 판문점 평화의 집 앞에서 국군 의장대와 전통 의장대를 사열한 바 있다.
이날 사열에서는 과거 김대중 노무현 전 대통령의 평양 방문 때와 달리 예포가 발사돼 눈길을 끌었다.
예포는 과거 해상전이 끝나면 무장 해제의 표시로 '공격의 의사가 없다'는 것을 전달하기 위해 탄환을 소진하는 관습에서 유래했다.
현재는 21발의 예포를 통해 상대국 국가 원수를 환영하는 의미를 전한다.
남북 관계의 특수성을 고려해 그동안 양쪽 환영 행사에서 예포 발사는 생략돼 왔다.
앞서 4.27 판문점 정상회담 때도 예포는 생략됐다.
하지만 이번에는 문 대통령과 김 위원장이 사열하는 동안 21발의 예포 소리가 울려 퍼졌다.",11,591
iks_doc_2018_hankyoreh_184,Hankyoreh 2018 total annotated text file unicode.txt,Hankyoreh,한겨레,2018,2018_multi_summit,문 대통령이 내린 평양 순안공항은 어떤 곳? 북한 유일 국제 공항 1955년에 건설,,"문재인 대통령 부부가 전용기를 타고 도착한 평양 순안공항(평양국제비행장)은 북한 유일의 국제 공항이자, 고려항공의 허브 공항이다.
평양시 순안 구역 공항동에 있는 공항은 평양 중심부에서 약 23㎞ 떨어진 시 북서부에 있다.
인근 평의선(경의선) 순안역이 있고, 평양/희천 고속도로로 시내와 연결되며 약 40분이 소요된다.
2개 활주로(4000m60m, 3500m70m)와 2개 청사, 항로 교통 관제 시설 등을 보유하고 있다.
1955년 세워졌고, 1989년에 활주로를 넓혔다.
2012년 4월 제1 청사를 고쳐 졌고, 2015년 7월 국제선 전용인 제2 청사를 준공했다.
기존의 활주로는 1970년대 건설됐으나 1989년 제13차 세계 청년 학생 축전을 계기로 확장했다.
김정은 북한 국무위원장은 2012년 7월 제1 청사 방문 당시 제2 청사 건설을 지시했고, 이후 4 차례 현지 지도를 통해 국제적 기준에 부합하고 민족성? 주체성을 반영하라고 주문했다고 한다.
제2 청사는 연면적 1만 3050㎡(약 4000평)로, 김포 공항 1 청사의 6 분의 1 규모다.
연간 이용객 처리 능력은 120 만 명 수준으로 추정되며 출발 홀? 도착 홀? 귀빈실? 면세점? 전문 식당가? 주차장 등이 있다.
2018년 9월 현재 중국 베이징, 선양, 상하이, 블라디보스토크 등에 취항하며, 고려항공 이외 취항사는 에어차이나(평양/베이징)가 유일하다.
평양 순안공항의 북한식 영문 표기는 'Pyongyang International Airport'이며, 순안공항, 순안비행장, 순안국제공항, 평양 순안국제공항 등으로도 불린다.
북한 파격 '생중계' 백화원 취재진 숙박도 처음 평양 순안공항 도착부터 2박 3일 주요 일정 생중계 예정 “북쪽 연락으로 취재진 백화원 초대소에서 하룻밤“18일 오전 9시 50분.
제3차 남북정상회담을 위해 방북한 문재인 대통령이 평양 순안공항에 도착할 시간이 가까워지자 평양 공항의 모습이 전 세계에 생중계됐다. 서울 동대문구 동대문디자인플라자(DDP)에 마련된 '메인 프레스 센터'도 예외는 아녔다.
문재인 대통령을 기다리며 한반도 기, 인공기를 흔들거나 꽃을 흔드는 북한 주민들의 모습은 그대로 생중계됐고, 문 대통령과 악수하면서 기뻐하는 주민들의 모습도 보였다.
문 대통령이 김정은 북한 국무위원장을 만나는 순간부터 백화원 영빈관으로 이동하기 전까지 약 30분 가량의 북한의 모습이 그대로 화면에 노출된 것이다.
임종석 대통령 비서실장이 전날 “평양에서 열린 어떤 행사도 생방송으로 진행된 적이 없었던 것으로 알ㄴ다.
생방송을 제안할 때도 받아들여질 것으로 기대하지 못하았다“고 말할 정도로 이날 생중계는 '파격'이었다.
이날 평양 순안공항을 시작으로 오는 20일까지 이루어지는 남북정상회담 주요 일정은 대부분 생중계될 예정이다.
윤영찬 국민 소통 수석은 이날 오전 9시 남북정상회담 프레스 센터에서 열린 브리핑에서 생중계 일정을 자세히 설명했다.
윤 수석은 “오전 10시 평양 국제 비행장에 도착하면 환영 행사가 있고, 이 행사는 생중계로 준비된다.
행사가 끝나면 숙손 평양시 대성 구 소재 백화원 영빈관으로 이동하게 되고, 이 역시 생중계된다“며 “별도 오찬을 가진 뒤 첫 번째 남북정상회담이 진행되고, 일부 취재가 가능할 것으로 예상하고 있다“고 밝혔다.
우리 쪽 취재진이 북한 백화원에서 잔 것도 처음이다.
윤 수석은 “전날 북쪽의 연락으로 <한국방송> 공동 취재단 생중계 차량이 백화원 초대소로 가서 하룻밤을 잤다고 한다.
취재진이 백화원에서 잔 것도 처음이라는 얘기가 있었다“고 말했다.
반면 관심을 모았던 북한 내 생중계는 이루어지지 않았다.
북한 조선 중앙 티비는 통상 평일에는 오후 3시부터, 일요일 및 공휴일에는 오전부터 정규 방송을 시작한다.
하지만 이날은 남북이 평양 남북정상회담 주요 일정을 생중계하기로 합의한 만큼 북한도 문 대통령과 김 위원장의 만남을 생중계할 것이라는 관측이 제기됐다.
앞서 조선 중앙 티비는 2000년 1차 남북정상회담과 2007년 2차 남북정상회담 때도 김정일 국방위원장과 김대중 노무현 대통령과의 만남을 생중계하지 않고 당일 오후 녹화 방송했다.
남북 서해 직항로가 'ㄷ'잔 이유는?",30,2045
iks_doc_2018_hankyoreh_185,Hankyoreh 2018 total annotated text file unicode.txt,Hankyoreh,한겨레,2018,2018_multi_summit,2000년 김정일 위원장 “전방 군인 무의식 중 무기 발사할 수 있어 안전 위해서“,,"문재인 대통령이 18일 오전 서해 직항로를 이용해 평양에 도착했다.
서해 직항로를 이용하면 한 시간 남짓 만에 평양 순안국제공항에 닿을 수 있다.
2000년 김대중 전 대통령이 방북할 때 서해 직항로를 이용했는데 65분이 걸렸다.
그런데 서해 직항로는 서울에서 북한 상공을 바로 가로지르지 않는다.
성남 서울공항에서 출발해 서해 쪽으로 나아간 뒤 북진해 다시 평양을 향해 방향을 트는 'ㄷ'자 항로다.
이름과 달리 '직항로'는 아닌 셈이다.
박지원 민주평화당 의원은 이날 오전 특별 수행원 자격으로 방북하기 전 자신의 페이스북에 글을 올려 서해 직항로의 궁금증을 풀어 줬다.
박 의원은 지난 15일 올린 글에서 “2000년 6.15 당시 평양에서 김정일 위원장은 '전방의 군인들은 무기 발사를 무의식 중에 할 수 있습니다.
군 주둔지를 피해 공해상 영공을 이용, 평양 후방 지역으로 들어 오시면 안전이 보장돼 조금 돌아 오시게 했습니다'이라고 설명했다“고 적었다.
문 대통령 순안공항 영접 누가 나왔나 김정은 위원장 부부와 김여정 비롯 김영남 최룡해 김영철 리수용 김수길 등 당 정 군 최고위급 순안공항 총출동 2018년 9월 18일 오전 10시를 조금 넘긴 시각, 평양 순안공항에 첫 발을 내딛은 문재인 대통령 부부를 가장 먼저 맞이한 것은 예상대로 김정은 북한 국무위원장 부부였다.
김 위원장이 직접 공항 영접에 나선 것은 이번이 처음이다.
이날 순안공항에서 열린 공식 환영식에는 북한 헌법상 국가 수반인 김영남 최고인민회의 상임 위원장과 최룡해 노동당 부위원장 겸 조직 지도부장, 리수용 당 국제 담당 부위원장, 리용호 외무상, 김수길 군 총정치국장, 노광철 인민 무력상, 김능오 평양시 당 위원장, 리선권 조국 평화 통일위원장/NNG, 차희림 평양시 인민 위원장이 나와 문 대통령 부부를 영접했다.
김영철 당 부위원장 겸 통일전선부장과 김여정 중앙위 제1 부부장, 조용원 당 조직 지도부 부부장은 김 위원장 부부를 수행해 등장했다.
대부분 지난 4월 27일 1차 남북정상회담 당시 김 위원장을 수행해 방남했던 인물들이다.
김 위원장 부부에 잇어 문 대통령과 가장 먼저 인사를 나눈 김영남 상임 위원장은 18년에 걸쳐 평양을 방문한 세 명의 남쪽 정상을 모두 공식 환영 행사에서 맞이한 유일한 북쪽 인사다.
지난 4.27 정상회담 당시 북쪽 수행원에 포함되지 않았던 최룡해 부위원장의 등장도 눈길을 끌었다.
최 부위원장은 황해북도 당 책임 비서였던 지난 2007년 2차 정상회담 당시 육로로 방북한 노무현 대통령을 군사 분계선(MDL)에서 맞이한 바 있다.
올해 남북, 북/미 간 주요 협의를 이끌어 온 김영철 부위원장과 남북고위급회담 북쪽 수석 대표로 나섰던 리선권 위원장, 남북정상회담 및 북/미 정상회담에서도 '그림자 수행'을 펼쳤던 김여정 부부장 모두 낯익은 얼굴들이다.
김여정 부부장은 이날도 김 위원장과 문 대통령의 동선을 책임지며 현장 지휘를 하는 등 동분서주하는 모습이었다.
북쪽의 외교 담당 수뇌부가 남쪽 정상의 공항 영접에 나선 것도 이번이 처음이다.
남북 행사에 외무상이 나설 경우 공식적인 국가 관계로 인정하는 의미가 있어, 북쪽에서는 그간 외무상을 등장시키지 않았다고 알려져 있다.
이런 관례는 지난 4.27 남북정상회담 때 북쪽에서 리수용 부위원장과 리용호 외무상이 나란히 김 위원장의 수행원으로 방남하면서 깨졌다.
군에서는 북한 군 서열 1윈 김수길 군 총정치국장과 우리의 국방장관 격인 노광철 인민 무력상이 영접에 나섰다.
지난 5월 '핵 없는 인민군대'를 염두에 둔 김 위원장의 군부 세대 교체 과정에서 등용된 인문들로, 노 인민 무력상은 지난 6.12 북/미 정상회담 당시 김 위원장을 수행하기도 했다.
평양시 당 위원장과 평양시 인민 위원장의 경우는 회담 장소가 평양이기 때문에 영접을 나온 것으로 보인다.
북쪽의 주요 인사 가운데는 북한의 경제를 총괄하는 박봉주 내각 총리가 공항에 나타나지 않아 궁금증을 자아냈으나, 문 대통령이 백화원 영빈관에 도착할 때 맞이하는 모습이 포착됐다.
북한의 최고 지도자가 남쪽의 정상을 맞기 위해 직접 공항 영접에 나선 것은 지난 2000년 6월 13일 역사적인 첫 남북정상회담 당시 김정일 국방위원장이 평양 순안공항에서 김대중 전 대통령을 맞았던 것이 처음이다.
김 위원장의 등장에 세계가 놀랐다.
김 위원장의 '깜짝 등장' 이후 공개된 사실이지만 이때도 김 위원장의 공항 영접은 사전에 계획된 것이었다.
당시 양영식 통일부 차관은 공식 브리핑에서 “사전에 계획된 것이었으나 경호상의 문제 때문에 공개하지 않았다“고 말했다.
공항에는 김영남 최고인민회의 상임 위원장과 조명록 인민군 총정치국장, 홍성남 내각 총리, 최태복 최고인민회의 의장, 김국태 당 비서(간부 담당), 김용순 당 비서(대남 담당) 등 12명의 당 정 군 고위층이 총출동해 김 대통령을 맞았다.
특히 2000년 남북정상회담 때는 김 위원장의 의전 담당 비선 전희정씨가 김 대통령을 기내에서부터 영접해 눈길을 끌었다.
이밖에도 강석주 외무성 제1 부장, 송호경 조선아시아태평양평화 위원회 부위원장, 안병수 조평통 서기국장 등이 김 대통령을 맞았다.
2007년 10월 2일 육로로 방북한 노무현 대통령의 경우 1차 영접은 군사 분계선(MDL)에서 이루어졌다.
'대남 사업 실세'로 2차 정상회담의 북쪽 준비 위원장을 맡았던 최승철 노동당 통일전선부 부부장과 최룡해 당시 황해북도 당 책임 비서가 가장 먼저 노 대통령을 맞았다.
잇어 평양시 모란봉 구역 4.25문화회관 광장에서 열린 환영 행사에는 김 위원장이 직접 나와 노 대통령을 맞이했다.
김영남 상임 위원장과, 김영일 내각 총리, 최태복 최고인민회의 의장, 양형섭 최고인민회의 상임위 부위원장, 김영대 최고인민회의 상임위 부위원장, 박순희 조선민주여성 동맹(여맹) 중앙 위원장과 김일철 인민 무력부장, 김기남 당 비서, 대미 외교를 맡은 강석주 외무성 제1 부상, 김영대 조선 사회민주당 중앙 위원장 등 모두 23명의 핵심 간부가 노 대통령 영접에 나서어 눈길을 끌었다.",37,2949
iks_doc_2018_hankyoreh_186,Hankyoreh 2018 total annotated text file unicode.txt,Hankyoreh,한겨레,2018,2018_multi_summit,"“반갑습니다” 김 위원장, 평양 공항 직접 나와 영접 '파격 극진' 김 위원장 리설주 여사, 순안공항 직접 나와 문 대통령 김정숙 여사 맞아 김여정 부부장도 공항에 나와 평양 시민들 인공기 한반도 기 흔들며 환영",,"제3차 남북정상회담을 위해 방북한 문재인 대통령을 김정은 북한 국무위원장이 평양 순안국제공항에 직접 나와 맞았다.
벌써 세 번째 만나는 두 남북 정상은 만나자마자 깊은 포옹을 나눴다.
남북 정상이 평양에서 만나는 공식 행사에서 포옹을 나눈 것은 이번이 처음이다.
김대중 전 대통령(2000년)과 노무현 전 대통령(2007년)은 방북 당시 김정일 위원장과 공식 행사에서 악수를 나눴다.
문 대통령은 18일 오전 전용기 편으로 서해 직항로를 통해 평양 국제 비행장(순안공항)에 착륙했다.
대통령 전용기가 순안공항에 들어서자, 마중을 나온 북한 주민들은 꽃다발, 한반도 기, 인공기를 같이 흔들며 반겼다.
<평양을 방문한 문재인 대통령을 열렬히 환영합니다> 라고 쓴 펼침 막이 뒤에 세워져 있었다.
김영남 최고인민위원회의 상임 위원장, 최룡해 북한 노동당 중앙 위원회 부위원장 등은 전용기까지 깔려 있는 빨갛ㄴ 카펫 옆에서 문 대통령이 나오기를 기다렸다.
오전 10시 7분께, 김정은 위원장 부부가 직접 공항 안에서 걸어 나 와 문 대통령 영접에 합류했다.
김 위원장은 검은 인민복 차림이었고, 리설주 여사는 짙은 남색 재킷에 검정 치마 차림이었고 왼쪽 가슴에 은색 브로치를 달았다.
전용기 문이 열리고 문 대통령 부부의 모습이 나타나자, 북한 주민들의 환호성은 더욱 커졌다.
문 대통령은 남색 양복에 빨간색 사선 스트라이프 넥타이 차림이었고, 김정숙 여사는 하얗ㄴ 투피스 차림이었다.
문 대통령이 계단을 내려와 활주로로 내려서기를 기다린 김 위원장은 먼저 문재인 대통령과 반갑게 껴안은 뒤 악수를 나눴다.
김정숙 여사는 리설주 여사와 악수를 하고 안부를 묻은 뒤, 김 위원장과도 악수를 했다.
이후 문 대통령도 리설주 여사와 악수하며 담소를 나눴다.
문 대통령 부부는 꽃다발을 안기는 화동들과도 인사를 나눴다.
김 위원장의 여동생인 김여정 당 부부장은 비행기 도착 이전부터 공항에 나와 영접 행사를 점검했고, 문 대통령과 김 위원장이 만나는 과정에서도 뒤를 따르며 동행했다.
문 대통령 부부로부터 꽃다발을 넘겨 받으며 인사를 나눈 그는 화동들의 어깨를 토닥여 준 뒤 사라졌다.
문 대통령 부부는 김 위원장의 안내를 받아 마중을 나온 김영남, 최룡해 등과 악수를 나눴다.
잇어 마중을 나온 우리 쪽 강경화 조명균 도종환 김현미 장관 등과도 차례로 인사를 나눴다.
이후 문 대통령은 김 위원장과 나란히 의장대 앞을 지나 공항 안으로 들어섰다.
김정숙 여사와 리설주 여사는 한두 걸음 뒤에서 나란히 뒤따랐다.
공항까지 가는 동안 축포가 울려 퍼졌고, 문 대통령은 환영 행사에 나온 북한 주민들 몇몇과 직접 악수를 나누기도 했다.
문 대통령 “이번 방북으로 북미 대화 재개되면 큰 의미“문 대통령 숙소 백화원 영빈관 오후 김정은 위원장과 정상회담?
문재인 대통령이 18일 “이번 방북으로 북/미 대화가 재개되기만 한다면 그 자체가 큰 의미가 있다“고 말했다.
문 대통령은 이날 평양으로 출발하기에 앞서 성남 서울공항 환담장에서 이해찬 더불어민주당 대표, 정동영 민주평화당 대표, 이정미 정의당 대표 등과 만나 “남북이 자주 만나는 것이 매우 중요하며 정례화를 넘어 필요할 때 언제든 만나는 관계로 넘어 가고 있다“며 이렇게 말했다고 윤영찬 청와대 국민 소통 수석이 전했다.
문 대통령은 이날 오전 8시 6분 부인인 김정숙 여사와 청와대 관저에서 나와 인수원 입구에서 기다리고 있던 청와대 직원들의 환송을 받았다.
문 대통령은 손을 흔들며 “고맙다, 잘 다녀오겠다“고 인사했다.
잇어 문 대통령은 오전 8시 16분 청와대 헬기장에서 헬기를 타고 성남 서울공항으로 향했다.
윤 수석은 이날 동대문디자인플라자 프레스 센터에서 한 브리핑에서 문 대통령의 숙소가 백화원 영빈관이라고 전했다.
그는 “문 대통령이 오전 10시 평양 국제 비행장에 도착하면 환영 행사가 있을 예정이고 이 행사는 생중계된다“며 “행사가 끝나면 문 대통령은 평양시 백화원 영빈관으로 이동한다“고 말했다.
윤 수석은 “문 대통령은 별도 오찬을 한 뒤 첫 번째 남북 정상회담을 한다“며 “아직 배석자 여부와 장소는 확인해 드리기 어렵다“고 말했다.
회담이 진행되는 동안 김정숙 여사 일행은 북한 최대 어린이 병원인 옥류 어린이 병원과 북한 작곡가 김원균의 이름을 딴 '김원균명칭음악종합대학'을 방문한다.
특별 수행단은 김영남 최고인민회의 상임 위원회 위원장을 만나고 경제인 수행원들은 리용남 북한 내각 부총리를 만난다.
윤 수석은 북쪽과의 경협 문제에 관해서 “경협 논의가 신경제 구상이라는 큰 틀에서 이야기가 되겠지만, 당장 할 수 있는 부분과 제재로 할 수 없는 부분이 있다“며 “구체적이고 실제적인 방안보다 지금 줘진 조건 속에서 논의할 수 있는 부분들에 대한 이야기가 있을 것으로 생각한다“고 말했다.
윤 수석은 평양 방문 마지막 날인 20일로 예상되는 문 대통령과 김 위원장 사이의 친교 행사에 관해 “평양 현지에서 논의가 진행될 것“이라며 아직 미정이라고 밝혔다.
그는 18일 저녁 만찬에 김 위원장이 참석하는지 여부에 관해서도 “아직 북쪽에서 통보된 바가 없지만 모든 가능성을 열어 놓고 보고 있다“고 말했다.
윤 수석은 “전날 한국방송 중계 요원들이 백화원 영빈관에서 (취재 준비 차) 하룻밤을 잤다.
이것은 처음이라는 이야기가 있다“고 말했다.",39,2582
iks_doc_2018_hankyoreh_187,Hankyoreh 2018 total annotated text file unicode.txt,Hankyoreh,한겨레,2018,2018_multi_summit,"특별 수행단은 김영남, 경제인은 리용남 만난다 김영남, 북한 대표하는 국가 원수 리용남, 대외 경제상 지낸 부총리",,"18일부터 평양에서 열리는 3차 남북정상회담에 수행한 특별 수행단은 북한 김영남 최고인민회의 상임 위원장, 경제인들은 리용남 내각 부총리를 만나게 된다.
윤영찬 청와대 국민 소통 수석은 서울 동대문디자인플라자 정상회담 메인 프레스 센터에서 브리핑을 열어 “특별 수행단은 김영남 상임 위원장과 만나고 경제인은 리용남 내각 부총리를 만난다“며 “다른 수행원도 파트너들을 만나 대화의 시간을 가질 것으로 보인다“고 밝혔다.
올해 90살인 김영남 상임 위원장은 대외적으로 북한을 대표하는 의전상 국가 원수다.
전날 이해찬 대표는 기자 간담회에서 “김영남 상임 위원장을 만나 비핵화를 심도 있게 논의하겠다“고 밝힌 바 있다.
이재용 삼성전자 부회장, 최태원 에스케이(SK)그룹 회장, 구광모 엘지(LG)그룹 회장 등 재벌 총수들을 만나게 되는 리룡남 내각 부총리는 무역성 부상, 조선국제무역촉진 위원회 제1 부위원장, 대외 경제상 등을 역임한 국제 경제통이다.
재벌 총수들은 리 부총리를 만나 남북 경제 협력 의제를 논의할 것으로 보인다.",6,520
iks_doc_2018_hankyoreh_188,Hankyoreh 2018 total annotated text file unicode.txt,Hankyoreh,한겨레,2018,2018_multi_summit,"문 대통령 숙소 '백화원' 백 송이 꽃처럼 평화도 활짝 필까 앞선 두 차례 평양 정상회담 장소 및 숙소로 사용돼 카터 대통령, 고이즈미 총리 등 국가 수반 머물렀던 곳",,"문재인 대통령이 2박 3일의 평양 정상회담 기간 묵게 될 '백화원 영빈관'은 북한이 국가 정상 급 귀빈의 숙소로 자주 사용해 온 곳이다.
18일 오전 9시 50분께 평양 순안국제공항에 도착한 문재인 대통령은 환영 행사를 마친 뒤 숙손 백화원 영빈관으로 이동한다.
백화원 영빈관에서 짐을 풀ㄴ 문 대통령은 이후 3일 동안 한반도 평화를 꽃 피울 정상회담 일정을 소화한다.
순안공항에서 백화원 영빈관까지는 30분 가량이 걸릴 것으로 예상된다.
평양 희천 고속도로를 타고 23㎞가량 남동 쪽으로 달리다 보면 대동강 북쪽에 있는 백화원 영빈관이 나온다.
1983년 평양시 임흥 동에 연건평 3만 3천㎡(1 만 평) 규모로 지어진 이곳에는 100여 종의 꽃이 핀다고 해 '백화원'이라는 이름이 붙었다.
김일성 주석의 주검이 있는 금수산태양궁전과는 차로 8분 거리다.
분수가 여럿 설치된 인공 호수를 바라보는 3층짜리 건물 3개 동이 연결된 구조로 지어졌으며 총 90여 명이 수용 가능한 것으로 알려졌다.
건물 뒤는 숲이, 앞에는 대동강이 흐른다.
앞선 두 차례 평양 정상회담은 모두 이곳에서 열렸다.
2000년 6월, 첫 남북 정상회담 당시 김대중 대통령은 이곳에 머물며 김정일 국방위원장과 정상회담을 했으며, 2007년 10월 노무현 대통령도 이곳을 숙소로 삼는 동시에 김 국방위원장과 정상회담을 했다.
다만 이번 정상회담의 장소는 아직 공개되지 않았다.
백화원 영빈관은 다른 국가 정상들의 숙소로도 자주 사용됐다.
이곳은 2002년 9월 고이즈미 준이치로 일본 총리가 김정일 국방위원장과 사상 첫 북 일 정상회담을 한 장소기도 하다.
1994년 6월 지미 카터 미국 대통령, 2001년 9월 장쩌민 중국 국가 주석, 1989년 4월 자오쯔양 중국 당 총서기 등이 모두 백화원 영빈관에 머물렀다.
지난 7월 6일 도널드 트럼프 대통령 특사 자격으로 북한을 방문한 마이크 폼페이오 미국 국무 장관과 수행단 역시 백화원 영빈관에 머물렀다.
우리나라에서는 1998년 10월 정주영 현대그룹 명예 회장, 2002년 4월 임동원 당시 청와대 외교 안보 통일 특보, 2002년 5월 박근혜 당시 한나라당 대표, 2005년 정동영 당시 통일부 장관 등이 이곳에 머물렀다.
지난 3월 5일 정의용 청와대 국가 안보실장을 비롯한 대북 특사단은 백화원 영빈관이 아닌 고방 산 초대소에 머물렀다.
고방 산 초대소는 평양 대동강변에 위치한 고급 휴양 시설로 2013년 1월 북한을 방문한 에릭 슈밋 구글 회장 일행과 지난해 10월 방북했던 <뉴욕타임스> 기자들이 머물렀던 곳이다.",19,1260
iks_doc_2018_hankyoreh_189,Hankyoreh 2018 total annotated text file unicode.txt,Hankyoreh,한겨레,2018,2018_multi_summit,"문 대통령이 가는 평양 시내 식당은 여명온반집? 재미 언론인 진천규씨 “여명거리 여명온반집 예상“온반 냉면 녹두 지짐 대동강 숭어 국 평양 4 대 음식 진씨 “문 대통령, 여명거리의 멋진 모습 볼 것“",,"재미 언론인이자 <평양의시간은서울의시간과함께흐른다> 저자 진천규 기자가 문재인 대통령의 방북 이틀짼 19일 환송 만찬 장소로 '여명온반집'을 예상했다.
문 대통령은 평양 시민이 자주 가는 식당에서 만찬을 진행하면 좋겠다는 뜻을 북쪽에 전달한 상태다.
진 기자는 18일 오전 <와이티엔>(YTN) 라디오 '김호성의출발새아침' 인터뷰에서 “최근에 (평양을) 갔다 왔는데, 문 대통령이 평양 현지 주민들이 이용하는 식당을 가겠다면 아마 여명거리에 있는 여명온반집이 아닐까 생각한다“고 말했다.
진 기자는 “평양 온반이 평양 4 대 음식 중 하나다.
아마 평양 당국에서 문 대통령 등 남쪽 손님들에게 여명거리 온반 집에서 온반을 대접하지 않을까 생각한다“며 “그리고 아침에 (숙소로) 가는 길에 여명거리를 통과한다.
아마 여명거리의 아주 멋진 모습을 보지 않을까 예상한다“고 말했다.
평양온반은 평양냉면, 녹두 지짐, 대동강 숭어 국과 함께 평양 4 대 음식으로 알려져 있다.
닭고기나 쇠고기 장국에 밥을 말아 먹는 음식이다.
여기에 녹두 지짐을 얹기도 한다.
지난 2000년 당시 김대중 대통령 방북 때 환영 만찬장에도 평양온반이 나온 바 있다.
북한 소식을 다루는 '주권 방송'에 따르면, 평양 온반은 억울한 누명을 쓰고 옥에 갇혔던 한 남자에게 그를 사랑한 여자가 밥에다 뜨겁ㄴ 국을 붓고 지짐을 덮은 밥 그릇을 치마폭에 숨겨 가져다 줬는데, 나중에 누명을 벗고 옥에서 나와 이웃들에게 온반을 대접했다고 한다.
이후 평양 사람들은 잔치할 때면 그들처럼 착하고 화목하게 살라는 의미에서 온반을 먹었다고 알려져 있다.",12,790
iks_doc_2018_hankyoreh_190,Hankyoreh 2018 total annotated text file unicode.txt,Hankyoreh,한겨레,2018,2018_multi_summit,문 대통령 “이번 방북으로 북미 대화 재개되면 큰 의미“,,"문재인 대통령은 평양 남북정상회담이 열리는 18일 “이번 방북으로 북미 대화가 재개되기만 한다면 그것 자체가 큰 의미가 있다“고 말했다.
문 대통령은 이날 방북을 위해 청와대를 나서면서 참모들에게 “남북이 자주 만나는 것이 매우 중요하며, 정례화를 넘어 필요할 때 언제든 만나는 관계로 넘어 가고 있다“며 이 같이 말했다고 윤영찬 청와대 국민 소통 수석이 서울 동대문디자인플라자(DDP)에 마련된 프레스 센터 브리핑에서 전했다.
윤 수석은 “대통령 말씀처럼 우리는 전쟁 공포의 일상화에서 평화의 제도화로 전환하고 있다“며 “우리가 얻고자 하는 것은 평화로, 불가역적이고, 항구적인 평화“라며 “더 이상 새롭ㄴ 선언이나 합의를 바라는 것이 아니라 합의를 바탕으로 새롭ㄴ 시대를 향해 나아가는 것“이라고 말했다.
북 언론 “문 대통령 평양 방문, 북남 관계 발전 중대한 계기“문 대통령 18일 서해 직항로 타고 평양으로?
<노동신문>, <조선중앙통신> 등 보도?
2018년 세 번째 정상회담이 열리는 18일 북한 언론이 문재인 대통령의 평양 방문을 전하며 이번 정상회담이 남북 관계를 발전시킬 “중대한 계기“가 될 것이라고 보도했다.
북한 <조선중앙통신>은 이날 “역사적인 북남 수뇌 상봉을 위해 18일부터 20일까지 남조선의 문재인 대통령이 평양을 방문하게 된다“고 보도했다.
이 매체는 “조선 반도의 평화와 번영, 통일을 위한 판문점 선언의 이행으로 되는 이번 평양 수뇌 상봉은 새롭ㄴ 역사를 펼쳐 가는 북남 관계의 발전을 더욱 가속화하는 중대한 계기로 될 것이다“라고 전했다.
북한 노동당 중앙 위원회 기관지 <노동신문>도 신문 1면에 같은 내용이 담긴 기사를 싣었다.
북한 언론들은 지난 5일 문 대통령의 대북 특사단이 방북하고 평양 남북정상회담 일정이 정해진 뒤부터 '9월 중 예정된 평양 수뇌 상봉'이라는 표현을 썼지만, 전날까지도 구체적인 회담 날짜를 공개하지는 않았다.
북한 매체들은 2000년, 2007년 남북 정상회담 당시에 남쪽 대통령이 평양에 도착한 뒤 시차를 두고 관련 소식을 전한 바 있다.
한편, 남과 북이 이번 평양 남북정상회담의 주요 일정을 생중계하는 데에 합의한 만큼 북한에서도 남북 정상이 만나는 순간을 실시간 생방송으로 공개해 일반 시민들이 볼 수 있을 지에 관심이 쏠린다.
북한 방송 <조선중앙텔레비전>은 전날 방송 마감 시간에 다음 날 방송 순서를 미리 예고하지만, 이날 오전 6시까지도 별도로 당일 방송 순서를 고지하지 않아 이러한 관측에 무게가 실린다.
평양의 지코 넌 나고 난 너야~ 남북 4번째 감동의 무대는?
특별 수행원에 포함된 힙합 뮤지션 지코 “마음이 같다면 둘은 서로가 될 것이야“누리꾼들 “이 노래 완전 통일 노래“화제?",15,1329
iks_doc_2018_hankyoreh_191,Hankyoreh 2018 total annotated text file unicode.txt,Hankyoreh,한겨레,2018,2018_multi_summit,"작곡가 김형석, 가수 에일리 등 무대 관심 '넌 나고 난 너야/ 난 너고 넌 나야/ 마음이 같다면 둘은 서로가 될 것이야 넌 나고 난 너야/ 그림 너무 좋아/ 오그라들ㄴ다는 말은 누가 만들ㄴ 것일까' / 지코 '너는나나는너' 가사 일부",,"지난 2016년 발매된 래퍼 지코의 곡 '너는나나는너'의 가사 중 한 부분입니다.
연인 간의 사랑을 모티브로 '사랑을 한다면 둘은 서로가 될 것'이라 노래하는 이 곡은 지난 16일 청와대에서 특별 수행원 명단을 발표한 뒤 온라인에서 다시 회자되기 시작했습니다.
임종석 청와대 비서실장은 이날 특별 수행원으로 작곡가 김형석, 가수 지코, 에일리가 방북한다고 발표한 뒤 “이번 정상회담에서도 남북 겨레의 마음을 하나로 잇는 감동의 공연이 될 것“이라고 밝혔습니다.
청와대에서 특별 수행원으로 래퍼 지코를 발표하자, 온라인에서는 한때 지코의 북쪽 공연에 대한 기대감을 드러내는 글들이 화제가 됐습니다.
“평양에서 '넌 나고 난 너야' 부르는 지코를 잠깐 상상했다.
완전 통일 노래“(트위터 이용자 youth), “지코 평양 가서 이 노래 부르면 좋겠네 ㅋ '넌 나고 난 너야'“(VAA), “지코 평양 가서 머 부를까 넌 나고 난 너야 넌 나고 난 너야“(che)“등의 의견입니다.
지난 2015년 가수 송민호와 지코가 <쇼미더머니 시즌 4>에서 공개한 곡인 '오키도키'(Okey Dokey)의 가사를 빗대 “지코는 북한 가서 무슨 노래 부를 것인가, 이즈댓트루, 예 '통일' 오키도키요“(OH)이라는 의견도 보입니다.
실제로 작곡가 김형석씨는 16일 <연합뉴스>와의 인터뷰에서 “지코와 에일리는 각자 자기 노래를 2 곡씩 부를 예정“이라고 설명했습니다.
지코도 같은 날 소속사 세븐시즌스를 통해 “2018 남북정상회담 특별 수행원 명단에 포함돼 대단히 영광스럽게 생각한다.
큰 자리에 초대해 주신 만큼 맡은 바 소임을 다하고 오겠다.
감사하다“고 했습니다.
과연 래퍼 지코는 노래 '너는나나는너'를 북쪽에서 부를까요?
18일부터 3일 간 평양에서 열리는 제3차 남북정상회담에 앞서, 올해 남북 교류의 물꼬를 텄던 예술인들의 문화 공연 주요 장면을 정리해 봤습니다.
평창에서 '평화' 부른 삼지연관현악단 올해 남북 문화 공연 교류의 첫 물꼬는 북쪽의 삼지연관현악단이 텄습니다.
지난 2월 8일 2018 평창 겨울 올림픽을 맞아 남쪽을 찾은 삼지연관현악단은 2002년 이후 16년 만에 남쪽에서 공연을 펼쳤습니다.
두 차례 공연에서 관현악단이 '남자는배,여자는항구'(심수봉) '당신은모르실거야'(혜은이) '사랑의미로'(최진희) '다함께차차차'(설운도) '제이에게'(이선희) 등 남한의 인기 가요를 연주하자, 관객들도 크게 화답했습니다.",16,1191
iks_doc_2018_hankyoreh_192,Hankyoreh 2018 total annotated text file unicode.txt,Hankyoreh,한겨레,2018,2018_multi_summit,서울과 강릉에서 각각 1회씩 진행된 공연에서는 모두 1560명의 남쪽 시민이 찾았습니다.? 관련 기사: 첫 곡 ‘반갑습니다’로 흥 돋우고 'J에게' 부를 때 하나 됐다,,"강산에 '라구요'에 눈물 보인 북쪽 관객들 북쪽 삼지연관현악단의 공연에 대한 화답으로 지난 4월 1일 3일 평양에서 남쪽 대중 가수들의 공연이 열렸습니다.
남쪽 가수들의 북한 공연은 2005년 조용필 단독 콘서트 이후 13년 만의 일이었습니다.
과거에도 북쪽을 찾았던 가수 조용필 최진희 윤도현 밴드의 공연뿐만 아니라, 댄스 그룹 레드벨벳과 발라드 가수 정인도 무대에 올라 각각 ‘빨간맛', '오르막길' 등 히트 곡을 불렀습니다.
평양 공연에서는 특히 강산에씨의 '라구요' 공연에 북쪽 관객들이 눈물을 훔치는 장면이 화면에 등장해 감동을 자아내기도 했습니다.
가수 강산에씨는 공연 뒤 <한겨레>와의 인터뷰에서 “이날 노래 마치고 관객들 보며 감사 표시를 하던 중 문득 '내가 어떻게 여기 와 있을까' 하는 마음과 함께 어머니 얼굴이 불쑥 떠올라 울컥했었다“는 소감을 전하기도 했습니다.?",5,440
iks_doc_2018_hankyoreh_193,Hankyoreh 2018 total annotated text file unicode.txt,Hankyoreh,한겨레,2018,2018_multi_summit,관련 기사: 가수 강산에 “남북이 함께 부를 통일 노래 만들고 싶어“,두만 강 푸른 물에 노 젓는/ 뱃사공을 볼 수는 없었지만/ 그 노래만은 너무 잘 아는 것ㄴ 내 아버지 레파토리/ 그중에 십팔번이기 때문에/ 십팔번이기 때문에 고향 생각나실 때면/ 소주가 필요하다 하시고/ 눈물로 지새우시던 내 아버지 이렇게 얘기했지요 죽기 전에/ 꼭 한 번만이라도 가 봤으면/ 좋겠구나 라구요/ / 강산에 '라구요' 가사 일부,"'봄이 와서' '하나의 봄'이 됐다?
올해 세 번째 공연은 지난 4월 27일 제1차 남북정상회담이 열린 판문점 만찬 환송 행사에서 진행됐습니다.
'제주 소년' 오연준 군은 만찬장에서 청아한 목소리로 '바람이불어오는곳', '고향의 봄'을 불러 두 정상의 박수를 받았습니다.
만 하루의 일정을 마친 뒤엔 '하나의 봄'이라는 주제로 판문점 평화의 집에서 환송 행사가 진행됐습니다.
3층 규모의 평화의 집 벽 전면을 스크린 삼아 두 정상이 이날 남긴 역사적 장면들이 상영됐고, 작곡가 정재일씨가 무대에 올라 '아리랑', '고향의 봄' 등을 연주했습니다.
문재인 대통령과 김정은 국무위원장이 한참을 서서 무대를 함께 지켜 본 장면은 많은 이들에게 감동을 줬습니다.",6,366
iks_doc_2018_hankyoreh_194,Hankyoreh 2018 total annotated text file unicode.txt,Hankyoreh,한겨레,2018,2018_multi_summit,문 대통령 전용기 서울공항 이륙 10시께 평양 도착 예정,,"문재인 대통령이 18일 아침 취임 이후 첫 방북길에 올랐다.
지난 5월 26일 판문점 북쪽 지역 판문각에서 열린 2차 남북정상회담을 제외하면 사실상 첫 방북길이다.
당시엔 북/미 정상회담이 무산될 위기에 처하자 남북 정상이 급하게 '번개 회담'을 가진 터라 언론에도 뒤늦게 공개돼 '방북' 느낌이 덜했다.
김정은 북한 국무위원장이 4.27 판문점 회담 때 남쪽을 방문했다고 보기에 무리가 있는 것과 같은 이치다.
문 대통령과 부인 김정숙 여사는 이날 아침 8시 청와대 관저를 나서 8시 15분께 전용 헬리콥터로 경기도 성남에 있는 서울공항으로 이동했다.
임종석 대통령 비서실장과 윤영찬 국민 소통 수석 등 청와대 직원들이 청와대 내 헬기장에서 문 대통령을 배웅했다.
문 대통령은 “고맙습니다.
잘 다녀오겠습니다“라고 인사를 건넨 것으로 알려졌다.
문 대통령과 방북 대표단 200여 명이 탑승한 대통령 전용기는 8시 40분께 서울공항을 이륙했다.
앞서, 문 대통령은 임종석 실장 등 배웅을 나온 당 정 청 관계자들에게 “이번 방북으로 북미 대화가 재기되기만 한다면 그 자체가 큰 의미가 있다.
남북 자주 만나는 것이 매우 중요하고 정례화 넘어 필요할 때 언제든 만나는 관계로 넘어 가고 있다“고 말했다.
임 실장 외에도 장하성 정책실장과 한병도 정무 수석, 홍영표 더불어민주당 원내 대표, 김부겸 행정 안전부 장관 등이 문 대통령과 방북 대표단 일행을 배웅했다.
이 비행기는 군사 보안을 이유로 서해 쪽으로 빠졌다가 북상한 뒤 다시 우회전해 평양 국제 공항으로 향할 예정이다.
2000년 김대중 전 대통령이 첫 남북정상회담을 위해 방북길에 올랐던 그 경로다.
문 대통령은 잠시 뒤 10시께 평양 국제 공항에 도착해 김정은 국무위원장 등 북쪽 지도부와 만날 것으로 보인다.
숙손 백화원 영빈관으로 이동해 우리 쪽 수행원들과 오찬을 하면서 회담을 준비한 뒤 오후에 김 위원장과 첫 회담을 열ㄹ 것으로 관측된다.
문 대통령, 서울공항 도착 서해 직항로로 평양 이동 예정 평양 남북정상회담을 위해 방북길에 오른 문재인 대통령은 18일 오전 8시 23분께 성남 서울공항에 도착했다.
문 대통령은 오전 8시 40분께 공군 1호기에 탑승, 서해 직항로를 통해 평양으로 향할 예정이다.
평양행에는 지난 16일 떠난 선발대를 제외하고, 김정숙 여사와 공식 수행원, 특별 수행원 등 100여 명의 방북단이 문 대통령과 동행한다.
한국 대통령이 평양을 방문하는 것은 2000년 김대중 전 대통령, 2007년 노무현 전 대통령에 잇어 세 번째다.",20,1244
iks_doc_2018_hankyoreh_195,Hankyoreh 2018 total annotated text file unicode.txt,Hankyoreh,한겨레,2018,2018_multi_summit,"북, 남북정상회담 당일 “북미 대화 진척, 미 행동에 달렸다“",,"북한 노동당 기관지 노동신문이 평양 남북정상회담 당일인 18일 “앞으로 조미(북미)대화가 진척되는가 마는가 하는 것은 전적으로 미국이 어떤 입장에 서서 행동하는가 하는 데 달려 있다“고 강조했다.
노동신문은 이날 6면에 싣은 '대화가 진척되지 못하고 있는 것은 누구 때문인가'이라는 제목의 논평에서 이 같이 주장한 뒤 “미국은 심사숙고해 진정성과 대담한 결단을 하고 성근한 자세로 조미 대화에 나서야 한다.
이것은 미국을 위해서도 유익한 일“이라고 주장했다.
신문은 “조미 협상이 진척되지 못하고 있는 책임은 전적으로 미국에 있다“며 “종전 선언 선포를 비롯해 신뢰 조성 의지는 보이지 않고 지난 시기 조미 대화들에서 배격당하았던 '선 핵 포기' 주장만을 고집하며 우리 국가가 '검증 가능하며 되돌려 세울 수 없는 완전한 핵 포기'를 한 다음에야 기타 문제를 논의해 볼 수 있다는 상식 밖의 생억지를 부리고 있는 데 원인이 있다“고 덧붙였다.
특히 미국의 '보수 정객'들을 겨냥해 “미국 보수 세력은 어떻게 하나 싱가포르 조미수뇌회담의 성과를 깎아 내려 트럼프 행정부를 수세에 몰아 넣음으로써 저들의 불순한 정치적 야욕을 실현하려고 물불을 가리지 않고 있다“고 비난했다.
신문은 또 “(우리는) 로켓 시험 발사와 핵 실험을 중지하고 북부 핵 실험장을 폐기했으며 반공화국 적대 행위를 감행해 억류됐던 미국인들을 석방하는 대범한 인도주의적 아량도 보였다“면서 “그 후 트럼프 행정부와 약속한 대로 미군 유골 발굴 및 송환 문제를 조속히 해결하기 위한 대책을 세우고 실천에 옮김로써 공동 성명을 성실히 이행하려는 확고한 의지를 보여 줬으며 이에 대해 트럼프 대통령도 깊은 사의를 표시했다“고 부각했다.
잇어 “조미 공동 성명이 이행되자면 다른 일방인 미국도 성의를 가지고 임해야 한다“며 “조미가 서로의 적대 관계를 해소하자면 무엇보다도 정전 협정을 평화 협정으로 바꿔야 한다“고 거듭 강조했다.
이는 북한이 비핵화 평화 체제 구축 문제 등을 논의하게 될 3차 남북정상회담 당일 비핵화 조치의 선행 조건으로서의 종전 선언을 요구해 온 자신들의 입장을 거듭 표명함로써 문재인 대통령을 향해 자신들의 입장을 고려해 북미 간 대화 중재에 나서 달라는 메시지를 보낸 것으로 보인다.",8,1102
iks_doc_2018_hankyoreh_196,Hankyoreh 2018 total annotated text file unicode.txt,Hankyoreh,한겨레,2018,2018_multi_summit,"문 대통령, 역사적 여정 돌입 청와대 떠나 헬기로 서울공항 이동",,"문재인 대통령은 18일 김정은 북한 국무위원장과의 세 번째 남북정상회담을 위해 청와대 관저를 출발해 성남 서울공항으로 이동했다.
문 대통령은 이날 오전 8시 15분께 관저를 나와 헬기에 탑승했다.
문 대통령은 오전 8시 40분께 서울공항에 도착해 서해 직항로를 통해 평양으로 이동할 예정이다.
이번엔 옥류관서 '냉면 외교' 환송 만찬은 '시민 식당'서 귀경 전날 저녁 만찬 장소 대동강수산물식당 등 꼽혀 18일 평양을 방문하는 문재인 대통령은 이번 방북에서 대동강변 옥류관에서 평양냉면을 먹기로 했으며, 평양 시민들이 자주 가는 식당에서 환송 만찬을 진행하자고 북쪽에 특별히 부탁했다.
북쪽이 만찬 장소의 파격을 원한 문 대통령 요청에 어떻게 화답할지에 관심이 모인다.
임종석 대통령 비서실장은 17일 서울 동대문디자인플라자에 마련된 프레스 센터에서 기자 회견을 열어 “(평양 도착 이틀짼) 19일 오찬은 대동강변 옥류관에서 진행한다“고 밝혔다.
지난 4.27 남북정상회담 당시엔 옥류관 수석 주방장이 판문점 북쪽 지역 통일각에 설치한 옥류관 제면기에서 직접 면을 뽑아 회담장 만찬에 평양냉면을 내놓았다.
이는 문 대통령이 “만찬 음식으로 옥류관 평양냉면이 좋겠다“고 제안하고, 북쪽이 받아들이면서 이루어졌다.
하지만 이번엔 정상회담이 평양에서 열리게 되면서 문 대통령이 옥류관을 직접 방문할 수 있게 됐다.
평양 방문 이틀짼 19일 저녁 '환송 만찬' 장소에도 관심이 쏠린다.
임 실장은 이날 “문 대통령이 해외 순방 시에 현지 주민들이 자주 가는 식당을 가는데 그런 부탁을 (북쪽에도) 해 뒀다“며 “평양 시민들이 자주 가는 식당에서 가급적 만찬을 하기를 희망한다“고 말했다.
200명 넘는 방북 대표단 가운데 공식 특별 수행원이 66명이고, 만찬에 북쪽도 참석하기 때문에 규모가 큰 식당이 선택될 것으로 보인다.
평양을 여러 차례 방문한 남북경제문화협력 재단 관계자는 “평양 시민들이 즐겨 찾는 식당으로는 지난 7월 문을 열ㄴ 대동강수산물식당을 비롯해 윤이상 음악당 옆의 민족 식당, 보통강 호텔 인근의 안산관, 고려호텔 맞은편 지짐집 등이 있다“며 “모두 규모가 큰 식당“이라고 말했다.
특히 대동강수산물식당은 대동강변에 배 모양으로 세워진 대규모 식당이다.
김정은 북한 국무위원장이 직접 이름을 짓고 부지도 정해 준 것으로 알려졌다.
평양 숭어 국 집이나 평양 오리 고기 전문 식당, 불고기 전문 식당인 경흥관 등도 평양 시민이 즐겨 찾지만 많은 사람을 수용하기 어렵ㄴ 것으로 알려졌다.
문 대통령이 서민 식당에서 만찬을 하면 자연스레 평양 시민과 만나는 장면이 연출될 수도 있다.
문 대통령은 지난해 중국과 올해 베트남 방문 때 각각 베이징과 하노이 시내 서민 식당에서 식사를 했다.",18,1340
iks_doc_2018_hankyoreh_197,Hankyoreh 2018 total annotated text file unicode.txt,Hankyoreh,한겨레,2018,2018_multi_summit,금강산면회소 상시 운영 합의할 듯 청 “좋은 소식 기대“이산가족 상봉 임종석 실장 “북쪽도 적극적“상설 면회소 합의에 자신감 남북 대화 교류 무대 넓어져,,"문재인 대통령과 김정은 국무위원장은 18~20일 '평양 정상회담 계기에 '금강산 이산가족 면회소(금강산면회소) 상시 운영'에 합의할 것으로 알려졌다.
금강산면회소가 상시 운영되면, 2000년 첫 남북정상회담 이후 18년 간 21 차례밖에 이루어지지 못한 (남북 100명씩의) 대면 상봉 수준을 뛰어넘어, 이산가족들이 평소에도 다양하게 만나고 접촉할 수 있는 만남의 장이 마련된다.
서쪽 개성 공단 지역엔 남북 공동 연락 사무소, 동쪽 금강산 관광 지역엔 금강산면회소가 들어서 분단 한반도의 허리춤에 남북의 대화와 교류 협력의 상설 무대가 가동된다는 역사적 의미도 있다.
'평양 정상회담' 논의 과정에 밝은 복수의 소식통은 17일 “남북은 그동안 여러 협의 창구를 통해 금강산면회소 상시 운영 등 진전된 이산가족 문제 해법 마련에 공감대를 넓혀 왔다“며 “평양 정상회담의 결과로 금강산면회소 상시 운영 합의가 포함될 가능성이 높다“고 전했다.
이와 관련해 임종석 대통령 비서실장은 이날 서울 동대문디자인플라자(DDP) 프레스 센터에서 진행한 정상회담 일정 브리핑에서 '3 대 의제'를 소개한 뒤 “이산가족의 고통을 근원적으로 해소하는 방안도 심도 있게 논의할 것“이라고 강조했다.
임 실장은 이어진 질의 응답에서 “상설 면회소, 수시 상봉, 전수 조사를 통한 생사 확인, 화상 상봉 등 모든 방법으로 이산가족의 생사를 알고 여러 방법으로 만날 수 있는 조처들을 (북쪽에) 제안하고 의논 중“이라고 밝혔다.
임 실장은 “북쪽도 적극적인 의사가 있어 합의문에 다 담지 못하더라도 좋은 소식을 전할 수 있을 것“이라고 나름의 자신감을 내비쳤다.
금강산면회소는 참여 정부 시긴 2005년 8월 31일 착공해 550 억 원을 들여 이명박 정부 첫핸 2008년 7월 12일 완공됐다.
박왕자씨 피살 사건으로 이명박 정부가 금강산 관광 사업을 중단시킨 날이다.
지상 12층(지하 1층) 규모에 대형 연회장을 포함해 최대 1000명을 수용할 수 있는 객실 206개를 갖췄다.
그러나 이명박 박근혜 정부 시기 남북 관계 악화로 2008년 완공 이후 지금까지 모두 5 차례(17~21차 상봉 행사)만 이산가족 만남의 장소로 쓰였다.
지난 8월 24~26일 제21차 금강산 이산가족 상봉 2차 방북단 행사 땐 1층 연회장만 긴급 보수해 단체 상봉 환영 만찬 장소로 2년 8개월 만에 쓰였다.
앞서 박경서 대한적십자사 회장은 21차 상봉 행사 계기에 두 차례 현지 기자 회견을 통해 '9월 중 평양 방문, 10월 말께 추가 상봉 행사 진행' 방안에 북쪽과 공감대를 넓히고 있다고 밝힌 바 있다.
박 회장은 8월 25일 금강산면회소에서 기자 회견을 열어 “북쪽과 올해 안에 상봉 행사를 한 번 더 하기로 협의했다“며 “날짜 등은 더 논의해야 하지만 10월 말쯤(가능할 것)“이라고 말했다.
박 회장은 “(21차 상봉 행사 때) 1층만 쓴 면회소를 전체적으로 수리해 사용하는 문제를 긍정적으로 협의했다“고 덧붙였다.",15,1449
