doc_id,source_file,newspaper,newspaper_ko,year,summit_episode,headline,standfirst,text,n_sentences,n_chars
iks_doc_2000_chosun_001,Chosun 2000 annotated text file unicode.txt,Chosun Ilbo,조선일보,2000,2000_june_summit,,,"오늘 분단 후 첫 남북정상회담 김 대통령 김정일 위원장 역사적 평양 대좌 전용기 이용 서해 거쳐 순안공항으로 ""온 겨레가 잘사는 길 찾자"" 도착 성명 김대중 대통령과 김정일 국방위원장의 남북정상회담이 13일 낮 평양에서 열린다.
김 대통령은 부인 이희호 여사와 함께 이날 오전 3부 요인, 시민 등의 환송을 받으며 전용 기편으로 서울공항을 출발해 1시간쯤 뒤 평양 순안공항에 도착하면서 2박 3일 간의 방북 일정을 시작한다.
김 대통령은 먼저 김 국방위원장과 1차 단독 정상회담을 갖고, 55년 간의 적대적 남북 관계를 화해 협력 평화 공존 체제로 전환하기 위해 의제의 제한 없이 허심탄회한 의견을 교환할 예정이다.
김 대통령은 평양 체류 기간 중 김 국방위원장과 두 차례 이상 단독 회담을 갖고 남북 간의 긴장 해소 남북 교류 증진 경제 협력의 확대 남북 이산가족 상봉 김 국방위원장의 서울 방문 등을 논의해 실천할 수 있는 합의 사항을 중심으로 남북 정상 간 '공동 성명' 발표를 추진할 방침이다.
김 대통령은 또 철도 도로 등 북한의 사회 간접 자본 확충과 농업 기반 개선, 남북한 간 체육 문화 교류, 북한의 국제 사회 진출 문제도 협의할 것으로 알려졌다.
김 대통령과 김 위원장은 한 차례의 확대 정상회담을 갖고 두 정상 간 합의에 대한 세부 사항을 논의하며, 김 대통령을 수행하는 재계 언론계 학계 문화계 체육계 등 20여 명의 각계 대표들도 북한 측 관계자들과 관련 분야에 대한 상호 협력 방안을 논의할 예정이다.
박준영 청와대 대변인은 12일 ""김 대통령은 서울공항 출발 성명에서 '북측에 가서 김 위원장과 만나 하고 싶은 얘기를 다해 남과 북이 서로를 더 잘 이해할 수 있도록 노력하겠다'는 뜻을 국민들에게 밝히는 데 잇어, 평양 도착 성명에서 '남북 온 겨레가 평화롭고 행복하게 잘 살ㄹ 수 있는 길을 찾자'고 호소할 것""이라고 말했다.
방북에는 이헌재 재정 경제, 박재규 통일, 박지원 문화 관광 장관과 청와대의 한광옥 비서실장, 이기호 경제, 황원탁 외교 안보, 박준영 공보 수석 등 공식 수행원 및 대표단 130명과 공동 취재단 50명도 함께 참여한다.
김 대통령은 15일 육로로 판문점을 거쳐 서울로 돌아온다.
김 대통령의 서울공항 출발 및 평양 순안공항 도착 행사 등 몇몇 주요 행사는 TV로 생중계된다.
정상회담 축하 우표 전자 화폐 남북 정상회담을 기념하는 우표와 전자 화폐가 나왔다.
확성기 ""우리가 독일이라면 8번만 더 만나면 된다.""민주당 장성민 의원, 독일의 경우 아홉 차례의 정상회담 이후 결국 통일의 길로 들어섰다며.
""정상회담 후에도 북측의 감미롭ㄴ 노래 틀기가 계속될지는 알ㄹ 수 없다.""한국 통역 장교의 말을 인용한 미국 LA 타임스지 보도, 정상회담을 앞두고 북한의 대남 비방 방송이 줄어 들었지만 앞으로 어떻게 될지 알ㄹ 수 없다며.
남북 교류 현주소 '금기'에서 즐기는'문화 상품'된다 교류는 이미 시작됐다.
정상들의 만남은 오늘 처음 이루어지지만, 남북한 문화는 상호 교감 단계에 접어들고 있다.
판문점을 넘어 오가는 것은 눈에 보이는 공연단만이 아니다.
'분단 이후 처음'이라는 수식어가 붙는 문화적 사건이 올 들어 줄을 잇고 있다.
우리 출판사가 북한 저술가 원고를 정식 계약 맺고 들여 와 책을 냈고, '휘파람' 등 북한 히트 가요가 CD로 나오고 전파를 타면서 젊은이들이 흥얼거린다.
북한은 북한대로 그동안 금지돼 온 '목포의눈물' '눈물젖은두만강' 등 이른바 식민지 시대 노래들을 최근 해금, 이들 곡을 담은 '계몽기 가요 선곡집'이 인기라고 외신들은 전한다.
분단 55년이 강요한 이질화의 외피를 서서히 벗어 가며 남북 양측이 민간 차원에서 문화적 동질성의 공감대를 적극적으로 타진해 가고 있다.
출판계는 이제 북한을 문화적 파트너로 상대하며 저작권료까지 준다.
푸른숲 출판사가 내는 '개성이야기'는 북한 향토 사학자 송경록씨와 직접 계약을 통해 돈을 주고 원고를 받아 간행했다.
서울대출판부도 최근 북한 서적 '조선유적유물 도감' 내용 일부를 우리 학술 총서 '북한의문화재와문화유적'에 전재하면서 중국 연변 대학 측 중개로 북의 조선출판물수출입사로부터 정식으로 판권을 사 들이었다.
또 누리미디어는 최근 고려 문인 이규보의 '동국이상국집' 번역을 북한 사회과학원에 의뢰해, 'CD/ROM 동국이상국집'을 냈다.
'지금 북한에선'류의 방송 프로그램 에서 '자료 화면'으로나 살짝 대할 수 있던 북한 영화와 대중 가요들.
그러나 이젠 우리 구미에 맞는다면 ‘즐기는’ 문화 상품이 됐다.
정부 허락에 따라 북한 SF 괴수 영화 '불가사리'는 곧 국내 극장가에 걸려 '북한판 용가리'로 가족 관객들에게 손짓할 것이다.
또 다른 북한 영환 '홍길동', '사랑사랑나의사랑' '꽃팔는처녀' 등도 수입 추진 중이며 별 문제 없이 선 보일 전망이다.
TV마다 예전에 볼 수 없었던 북한 영화도 넘쳐난다.
MBC가 지난 10일과 12일 신상옥 감독이 북한에서 만들ㄴ 영화 '사랑사랑나의사랑'과 북한 영화 '온달전'을 내보냈고, SBS가 10일 '홍길동'을 방송했다.
EBS도 11일 '소년장수'와 '영리한너구리' 등 북한 애니메이션 특집을 내보냈다.
북한 문화 공식 도입 러시도 괄목할 일이지만, 음악 미술 분야는 양측의 인적 접촉과 교류가 활발하다.
오는 8월 15일 광복절 임진각에서는 우리 소프라노 조수미와 북한 테너가 한 무대에 서는 '남북 화합 야외 음악회'가 문화부 KBS 주최로 열린다.
우리 여성 국극단도 북한 '피바다가무단'과 공동으로 8월이나 9월쯤 평양봉화 극장에서 '대춘향전'을 공연하기로 합의했다.
미술의 경우, 남북한 작가 33인의 판문점 합동 전시회가 성사될 전망이다.
미술 협회 박석원 이사장은 ""합동 전시회 실무 협의를 위한 미술계 인사들의 방북 허가를 통일부로부터 이미 받았으며, 문화 관광부에 예산도 신청했다""라고 밝혀, 지난해부터 남북 미술계 사이에 진행된 비공식 협의가 순조롭게 진행되고 있음을 시사했다.
종교는 경제 분야 다음으로 남북 교류 역사가 오랜 분야다.
불교 조계종은 최근 '민족공동체추진 본부'를 구성하고 불교 유적 공동 조사 사업, 통일 기금 조성 등을 추진하고 있다.
감리교는 96년 폐쇄된 북한의 교역자 양성 기관 '평양신학원'의 재개설 비용을 지원하기로 지난 5월 북측과 합의했다.
가톨릭은 전국 15개 교구와 북한 각 지역 간에 자매 결연을 했다.?
이런 교류 무드 속에서 남북 정상회담이 좋은 성과를 맺으면 남북의 문화계 사이엔 더욱 커다랗ㄴ 물꼬가 트일 전망이다.
모든 장르에 걸쳐 상호 방문과 교류 합작이 잇따르고, 일반 관객의 자유롭ㄴ 왕래까지 가능해질 것으로 전망된다.
이미 지휘자 정명훈씨는 98년 방북 연주 승인을 받아 놓고 북측을 노크하고 있으며 한국 오페라단의 '황진이', 민주당 김경재 의원이 단장을 맡은 남성 합창단 '프리모 칸탄테'가 평양 공연을 준비 중이다.
예술의전당은 2001년 4월을 목표로 북한 국립교향악단의 서울 공연을, 국립현대미술관 측은 북한 측 조선미술 박물관의 교환 전시회를 각각 추진 중이다.
한편 한국연극 협회는 10일 남북연극교류특별위원회(위원장 노경식)를 구성하고 올 가을 열릴 23회 서울연극제에 북측 연극인들을 초청하기로 했다.
가톨릭에선 김수환 추기경과 서울 대교구 교구장인 정진석 대주교가 방북 의사를 밝혔다.
영화 방송의 남북한 합작 움직임도 활발하다.
평양 교예단을 초청해 대북 교섭력을 자랑한 NS21 김보애씨는 북한과 합작 영화 '아리랑'을 제작할 계획을 밝혔고, KBS는 대하 사극 '태조 왕건'의 개성 현지 촬영을 추진 중이다.
방북하는 차범석 예술원 회장은 ""방북 중 남북한 문인들의 작품을 함께 수록하는 100권짜리 '통일 문학 전집'의 공동 간행을 북측과 협의하겠다""고 밝혀 가장 교류가 뒤진 문학 분야의 경우도 회담을 계기로 남북 교류가 급진전될 것으로 보인다.
물론 '상호 교류'라고 하지만 현재로서는 우리가 북한 문화를 수용하는 쪽으로 치우쳐 있다.
남북정상회담 해외 동포 반응 LA 한인 방송서 회담 실황 중계 재외 동포들은 55년 만에 처음 열리는 남북정상회담에 많은 관심을 보이고 있다.
정상회담 모습을 생중계하는가 하면, 화해의 음악회를 여는 등 회담 성공을 기원하고 있다.
미국
재미 기독교 단체들은 지난 3일부터 12일까지 로스앤젤레스, 애틀랜타, 워싱턴, 뉴욕 등 6 대 도시에서 '남북한 화해를 위한 기도와 음악회'를 잇달아 개최하고 있다.
국제전략화해연구소(이사장 손인화 목사)가 주최하는 이 행사에서 모은 헌금은 북한의 장애인용 휠체어와 산모용 항생제를 사서 보내는 데 쓸 예정이다.
손 이사장은 ""남북정상회담의 성공적인 개최와 남북한의 진정한 화해를 위해 미국 전역의 교포들이 마음을 하나로 모으고 있다""고 말했다.
로스앤젤레스의 한인 TV 방송인 KTE와 KTAN는 남북정상회담 실황을 위성으로 생중계해 교포들에게 생생하게 전달하기로 했다.
김대중 대통령의 서울공항 출발, 평양 도착, 김정일 위원장과의 정상회담, 만찬 등 각종 행사, 김 대통령의 판문점을 통한 서울 귀환 모습 등을 본국의 KBS와 MBC로부터 직접 위성으로 받아 동시 방영하기로 했다고 두 방송사 측은 밝혔다.
일본
재일 동포들은 남북정상회담 개최에 대해 민단이나 조총련계 모두 기본적으로는 “기쁜 일로 환영한다""는 입장이지만, 한편으로는 '기대 반 우려 반'의 시각으로 바라보고 있다.
윤대진 나고야(명고옥) 한국 학교장은 ""여러 면에서 재일 동포 사회에 좋은 영향을 줄 것으로 본다""며 ""정상회담이 잘 되면 민단에서도 여러 가지 면에서 조총련계 동포들과 교류하는 움직임이 가속될 것""이라고 말했다.
그는 ""민족 교육이라는 측면에서 이번 회담이 좋은 재료가 되고 있다""면서 ""개인적으로 (상대방과) 교류하고 싶어도 못하았던 사람들이 이제 조직적으로 나설 수 있는 계기가 될 것""이라고 환영했다.
조총련계 동포들도 '장군님의 영도력 덕분'이라는 토를 달기는 하지만 회담 성공을 기원하기는 마찬가지다.
조선청년동맹을 중심으로 한 도쿄의 일부 청년들은 10일 도쿄 시내에서 '통일 집회'를 열어 회담에 성과가 있기를 당부했다.
중국
중국 조선족 동포들은 남북정상회담이 가져올 한반도의 화해와 교류를 바라면서도, 지나친 기대는 삼간 채 회담 진행 과정을 차분히 지켜 보겠다는 분위기다.
북한에 대해 그 누구보다도 잘 아는 이들은 50여 년 만에 찾아온 첫 정상회담이 한반도의 대치 구도를 바꾸는 계기가 되길 간절히 바라지만, 북한 정권의 특성상 한꺼번에 너무 많은 것을 기대하면 곤란하다는 견해를 피력하고 있다.
중국의 200만 조선족 동포들은 한반도 분단 이후 남북한 정권의 틈바구니에서 숱한 심리적 갈등을 겪었다.
같은 민족임에도 불구하고 북한 편을 들면 남한의 미움을 받고, 남한을 도와주면 북한으로부터 배척됐기 때문이다.
북한 문제를 연구하는 조선족 학자들 역시 어렵게 맞은 남북정상회담에 기대를 걸면서도 한국 정부에 대해서는 '신중한 자세'를 주문했다.
중국 공산당 중앙당 교의 조호일 교수는 ""그동안 미국과만 대화하려던 북한이 한국과 만나려 한 것 자체가 큰 의미가 있는 것 아니냐""며 ""회담은 잘 될 것""이라고 기대했다.
구소련
구소련 지역 거주 한인들은 이번 남북정상회담에 대해 열렬한 환영을 보내고 있다.
한국인이라고도 조선인이라고도 할 수 없어 스스로를 '카레이스키(고려인)'라고 부르고 있는 이들은 이번 남북회담에 많은 기대를 걸고 있다.
조 바실리(50) 고려인연합회 회장은 ""연합회 명의로 남북정상회담을 축하한다는 내용의 편지를 김대중, 김정일 두 남북 정상에게 보냈다""고 밝히면서 ""이번 정상회담이 통일을 위한 대화의 첫걸음이 되기를 희망한다""고 말했다.
""남북 문제는 자주 왕래하면 해결될 것"" 올해로 100세 생일 맞은 황해도 출신 최태영 옹 한 세기를 살아온 '한국 현대사의 살ㄴ 증인' 최태영(100 전 서울 법대 학장)씨는 남북 정상회담을 앞두고 감회가 남다르다.
황해도 은율군(현 장련 군) 출신으로, 지난 3월 100번째 생일을 맞은 최씨는 “떠난 지 오래지만 고향 모습이 눈에 선하다""며 ""나를 알아볼 사람 하나 없어도 고향을 방문하고 싶은 생각은 간절하다""고 말했다.
그는 ""남북정상회담은 민족 화해 무드를 조성할 수 있는 기회""라며 ""정상회담에서 실향민 정서를 이해하고, 이산가족의 생사 확인과 자유롭ㄴ 서신 왕래도 반드시 논의해야 한다""고 강조했다.
최씨는 또 ""남북 문제는 자주 왕래하는 것 만큼 현실적인 것이 없다""고 말했다.
최씨는 광복 이후 최초의 법학 교수로, 대한민국 관련 법을 제정하는 데 기여했다.
6·25 직후 북한 군에 잡혀 동대문 경찰서로 끌려갔지만 탈출했다.
이후 식민 사관을 타파하고 민족사를 복원하기 위해 상고사 연구에 뛰어들었다.
1998년 인천 대 한국 역사 강의를 마지막으로 교단에서 은퇴했다.
지금은 인천 중구 율곡 동 자택을 찾아오는 제자들과 지난 세월을 반추하고 있다.",84,6281
iks_doc_2000_chosun_002,Chosun 2000 annotated text file unicode.txt,Chosun Ilbo,조선일보,2000,2000_june_summit,환영 남북정상회담 12일 부산 해운대 구 도꾜 호텔 벽에 남북 정상들의 사진과 통일을 기원하는 문구가 실린 대형 플래카드가 내걸렸다.,,"이 플래카드는 재미 교포 신태수(44)씨가 4개를 제작해 2개는 뉴욕과 워싱턴 거리에 내걸었고 나머지 1개는 평양에 보낸 것으로 알려졌다.
특별 수행원들 표정 북 자료 보며 조용히 보내 한복 정장 준비하기도 남북 정상회담을 하루 앞둔 12일, 김대중 대통령을 수행하는 국내 인사들은 갑자기 하루 일정이 없어짐에 따라 평소보다 더 조용한 하루를 보내며 방북을 준비했다.
대통령 주치의 허갑범 연세대 의대 교수는 오전에는 외래 환자를 진료하고 오후에는 연구실을 지켰다.
허 교수는 ""원래 예정에 없던 외래라 환자가 평소보다 더 적었다""고 말했다.
허 교수는 ""180여 명이 가기 때문에 의료 문제가 없을 것이라고는 볼 수 없지만 큰 일은 없을 것""이라고 말했다.
그는 ""말도 같은 말을 쓰니 다른 해외 여행 때보다 오히려 더 편하지 않겠느냐""고 말했다.
오후 1시쯤 출근, 매주 월요일 열리는 회장단 사무국 직원 회의를 진행하며 하루를 보낸 차범석 예술원장은 ""분단 이후 첫 정상회담이라는 역사적인 순간을 맞고 있지만 마음은 생각 외로 담담하다""고 말했다.
오는 10월 극단 '신시'가 무대에 올리는 '로마의휴일’ 번역 작업에 열중인 차 원장은 오후 3시 30분쯤 ""오늘까지 원고를 마감하기로 했다""며 곧바로 집으로 향했다.
평소 밤 12시쯤 잠에 들ㄴ다는 차 원장은 이날 “가볍게 술 한 잔 하고 일찍 잠에 들어야 되겠다""고 말하기도 했다.
여성계 대표로 수행단에 참여한 이화여대 장상 총장은 외부와의 연락을 끊은 채 하루 종일 북한 사회 전반과 여성계에 대한 관련 자료를 읽으며 차분히 방북을 준비했다.
장 총장은 ""북한 전문가가 아니므로 실수하면 안된다""는 생각을 하고 있다고 이 대 관계자는 전했다.
평안북도 용암포 출생인 장 총장은 미국에 있는 언니에게 전화를 걸며 감회를 나눴으며, 북한에 가서 입을 한복 정장을 한 벌 준비한 것으로 알려졌다.
이미 북한을 방문했고, 현재는 남북 단일 축구 팀 구성 등에 힘쓰고 있는 정몽준 축구협회 회장은 오전 축구협회 사무실에 잠깐 들른 것 이외에는 특별한 일정을 갖지 않았다.
정 회장은 남북 정상회담이 오는 10월 레바논에서 열리는 아시안컵에 참가하는 남북 단일팀 구성 문제에 촉진제가 될 것으로 기대하고 있다고 축구협회 관계자는 밝혔다.
LG 그룹 구본무 회장도 정상 출근해 국제 물류 센터 북한 건설 사업, 전자 산업 등 그룹이 추진 중인 대북 사업을 다시 점검했다.
""아! 어머니... 살아 계신가요?"" 8살 때 1.4후퇴 생이별... 못 부친 '어머님 전상서' 600편 실향민 이창남씨, 한 맺힌 사모곡 모아 책으로 어머니 저 장가 갑니다.",16,1285
iks_doc_2000_chosun_003,Chosun 2000 annotated text file unicode.txt,Chosun Ilbo,조선일보,2000,2000_june_summit,"색시는 돼지 띠, 부산 처녀... 1969년 9월 아들 올림",,새벽 꿈엔 고향 원산 들러 어머니 얼싸안다 깨어나...,1,30
iks_doc_2000_chosun_004,Chosun 2000 annotated text file unicode.txt,Chosun Ilbo,조선일보,2000,2000_june_summit,1997년 1월 불효자 올림,,"""어머니, 살아 계십니까.
50년 간 북에 계신 어머니에게 쓴 편지가 600통이 넘습니다.
부산에서 중소기업을 경영하는 실향민 이창남(58·제우스유화공업 주식 회사 대표 사진)씨.
그에게 남북정상회담이 열리는 2000년 6월 13일은 꿈 속에서도 기다려 온 날이었다.
1942년, 지금은 갈 수 없는 땅 원산에서 대지주 집안의 종손으로 태어난 그는 1·4후퇴 때 어머니와 생이별했다.
그 후 50년.
북으로 보내지 못하는 편지를 밤마다 쓰며 사모의 노래를 이어 오고 있다.
""남북정상회담 이후 어머님을 다시 뵙는다면 그 편지들을 보여 드리며 '이 아들이 당신을 잊지 않고 있었노라'며 불효를 빌고 싶습니다.
정상회담 발표가 난 뒤 그는 낡아서 부스러지는 편지를 들고 한 출판사를 찾아갔다.
그리고 수많은 사연 중 66개를 골라 책으로 엮었다.
'못 가는 편지, 못 잊는 사모곡'.
이씨는 50년 12월 4일 중공군이 참전했다는 소식이 고향 원산에 전해진 지 3일 뒤 원산항에서 부산행 피란민 수송선에 몸을 싣었다.
그는 자신을 끌어안고 울면서 ""1주일 후 만나자""던 어머니 얼굴을 지금도 잊을 수 없다.
반 백 년을 두고 그리워할 어머니와 그는 그렇게 허망하게 헤어졌다.
피란 가는 아들이 안쓰러워 과수원에서 따 온 가장 큰 배를 먹이고 보따리에 넣어 주시던 어머니.
부산 피란 시절.
그는 고픈 배를 부여잡고 미군 꽁무니를 따라다니다 혼란 통에 전쟁 고아로 오인 받아 가덕도 한 고아원으로 끌려갔다.
3년을 고아 아닌 고아로 살다 간신히 탈출, 부산으로 돌아와 북에서 따로 내려온 아버지와 조우했지만 이미 아버지는 새 장가를 들ㄴ 상태.
그는 집을 나와 고생하다 17 세 어린 나이로 조그맣ㄴ 좌판을 시작하면서 어머니에게 주소 없는 편지를 쓰기 시작했다.
'어머니, 오늘은 5월 8일 어머니날입니다.
해마다 다가오는 이 어머니날에 당신 가슴에 꽃 한 송이 달아 드릴 수 없는 이 못난 아들의 불효를 용서해 주십시오' (어머니날에. 67년 5월 8일).
'어머니, 오늘은 이 아들이 아주 놀랍ㄴ 소식 전해 드리겠습니다.
어머니, 저 장가 갑니다.
신부 될 사람 이름은 장명화어요.
올해 스물 셋이고요.
남들에게도 돌리는 청첩장을 이렇게 못 가는 편지 몇 자로 대신해야 하다니!' (저 장가 갑니다.
69년 9월 16일).
'그토록 바라던 어머니의 손자가 태어났습니다.
통도사 경봉 스님이 이름을 선도라고 지어 주셨습니다.
어머니, 제가 이토록 자식에게 기대를 많이 하고 있듯 어머니 역시 저를 낳고서 얼마나 많은 기대를 하셨을까 하고 생각하니 또 다시 가슴이 메이는군요' (마침내 아들을 얻고.
78년 7월 24일).
7·4 남북 공동 성명에 걸었던 기대, 베를린 장벽이 무너진 감회, 80년대 중반부터 어머니 소식을 듣기 위해 수십 번 드나들었던 중국 도문에서 바라본 북녘 땅.
59년 9월 30일 시작한 편지는 2000년 4월 21일 남북정상회담에 대한 기대를 담는 것으로 끝나 있었다.
""지난 50년 간 한 장뿐인 어머님 사진을 꺼내 만지며 수도 없이 울었습니다.
살아 계시면 이제 79세.
시간이 없습니다.
이번만은 어머님을 만나 뵙야 합니다.
남북 정상의 만남도 우리 이산가족의 만남으로 이어지지 않으면 무슨 소용이겠습니까?"" 그의 마음은 벌써 고향 원산으로 가 있었다.
평양 거리 인터넷에 서울대, 지도 정보 사이트 개설 남북 정상회담을 앞두고 평양 지리 정보가 인터넷으로 서비스되고 있다.
서울대 지식및정보넷 연구실은 12일 평양 지리 정보를 볼 수 있는 사이트 (kins.snu.ac.kr/pyongyang)를 개설했다고 밝혔다.
이 사이트는 평양에 있는 인민문화궁전과 만수대의사당, 개선문, 고려호텔, 김일성종합 대학 등 건물 리스트 70개와 평양 지리 정보로 구성돼 있다.
중요 건물을 클릭하면 그 건물이 있는 지역을 중심으로 한 평양 지도가 나타나게 돼 있다.
지도에 나타난 건물을 직접 클릭해도 그 지역을 중심으로 한 지도가 뜨게 돼 있다.
서울대 공대 차상균 교수는 ""앞으로 형편이 되면 더 자세한 지도를 만들ㄹ 생각""이라고 말했다.
""이번엔 꼭"" 부풀ㄴ 기대 시민들 ""통일로 가는 큰 발걸음 되길"" 일부선 ""너무 들뜬 것 같다"" 지적도 남북정상회담을 하루 앞둔 12일, 시민들은 ""이번 회담은 통일로 가는 큰 발걸음이 되기를 바라다""고 입을 모았다.
하지만 일부에서는 우리 사회가 회담을 앞두고 너무 들떠 있는 것 같다는 지적도 나왔다.
서울 구기동 이북5도민위원회 건물 1층의 '이산가족 찾기 정보 센터'에는 회담을 앞두고 찾는 사람이 점차 늘고 있었다.
이 센터 김현욱(50) 총무과장은 ""평소 하루 2~3건이던 신청이 요즘 평균 8건으로 늘었다""며 ""60~70대로 접어들ㄴ 실향민 1세들이 이번 회담에 거는 기대가 남다르다""고 말했다.
이미 한 달 전 남북정상회담 성공 기원 한마음 행사를 마친 이북5도민회는 13일 오전 김대중 대통령을 배웅하기 위해 350여 명이 성남 서울 비행장으로 나갈 예정이다.
납북자 가족들에게는 남다른 바람이 있었다.
87년 서해상에서 납북된 동진호 선원 강희근씨의 어머니 김삼례(75) 할머니는 ""아들이 납북될 때 세 살이던 손자가 어느덧 고등 학생""이라며 ""아들이 살아 있는지 소식이라도 알ㄹ 수 있었으면 좋겠다""고 말했다.
납북자 가족 모임 총무 최우영(30)씨는 ""정치범 수용소에 있다는 아버지의 생사만이라도 확인했으면 좋겠다""고 했다.
탈북자 모임인 자유북한인 협회 이민복 대표는 ""역사적 남북정상회담을 환영한다""며 ""그러나 북한 정권의 실체를 모르는 상황에서 우리 사회가 너무 들떠 있는 것 같다""고 말했다.
회사원 황현택(37)씨는 ""차분하게 회담을 지켜 보는 자세가 필요한 것 같다""고 말했다.
한편 냉면 전문 음식점인 모란각은 이날 실향민 1세들에게 평양냉면 한 그릇씩을 무료로 대접했다.
서울 서초구 상당 한의원은 정상회담 성공을 기원하는 뜻에서 이날부터 15일까지 매일 55명을 무료 진료 해 준다.
증권 거래소 시황 외국인 개미 '사자'... 기관 '팔자' 종합 주가 지수 845.81 (9.41)
하루 앞으로 다가온 남북정상회담에 대한 기대감이 확산되면서 지수가 이틀째 상승했다.
이날 장은 외국인 개인의 사자와 기관의 팔자가 팽팽하게 맞서면서 극심한 혼조양상을 보였다.
초반 상승세를 타고 지수가 860선에 접근하기도 했지만, 대형 우량주를 중심으로 경계 매물과 차익 실현 매물이 쏟아지며 지수 오름폭을 낮췄다.
한때 약보합권으로 밀리기도 했으나 업종 전반에 걸쳐 매수세가 다시 형성되면서 지수가 반등했다.
거래량과 거래 대금은 각각 5억 1313 만 주와 4조 4246 억 원.
업종별로는 종금 기타 제조 도소매 조립 금속 비철 금속 의복 등 일부 업종을 제외한 나머지 대부분이 오름세였다.
특히 의약 주는 10% 이상 두드러진 상승세를 보였다.
인간 게놈 프로젝트 발표가 임박한 데 따른 기대 감속에 의약 주와 생명 공학 관련주들이 초강세 행진을 펼쳤다.
녹십자 종근당 동아제약 대상 SK케미칼 등이 일찌감치 상한가로 치솟았다.
은행주도 사자 주문이 다시 이어지며 조정 국면에서 벗어나 재상승을 시도했다.
한빛은행은 4795 만 주의 대량 거래를 수반하며 단일 종목 거래 1위를 차지했다.
핵심 블루칩 중에는 삼성전자 포항제철만 오름세를 유지했다.
남북정상회담 '약발' 10일 새 주가 27% 급등 종합 주가 지수가 남북정상회담을 앞둔 최근 10 거래일 동안 실질적 남북 경협에 대한 기대감으로 27.51%나 상승, 94년 정상회담 합의 후 10일 간 상승률 3.55%에 비해 월등하게 많이 오른 것으로 나타났다.
증권 거래소는 12일 '남북 정상회담 관련 주가 추이' 자료를 통해 5월 29일~6월 9일에 북한과 실질 협력이 가능한 건설 정보 통신 등 인프라 관련주에 외국인의 대량 순매수가 몰리면서 주가 상승을 주도했다고 밝혔다.
이 기간 동안 외국인 순매수는 2조 1087 억 원에 달했다.
특히 남북 경협이 그룹 중심으로 이루어질 가능성이 크다는 전망으로 외국인 매수가 10대 그룹에 몰리면서 그룹별로 현대가 42.4%, 쌍용이 37.2%, LG가 33% 올랐다.
종목별로는 신화건설이 103.30%로 가장 많이 올랐고, 현대건설(91.83%)현대 엘리베이터(90%)대우 통신(88.72%)삼화 페인트(88.58%) 등이 그 뒤를 잇었다.
남북정상회담 첫날 회담 진행 어떻게 하늘로... 땅으로... '55년 막힌 길 뚫리는 날' 수행 기록원 2~3명 대동 첫 단독 회담 김 대통령, 서두에 '평화'의지 표명 현안 많아 1 시간 반 이상 걸릴 수도 드디어 남북한 최고 지도자가 한 자리에 앉는다.
2000년 6월 13일 낮이다.
남북 분단사에서 처음 있는 일이다.
역사는 1970년 3월 19일 동서독 첫 정상회담을 통일의 초석으로 기록했다.
이제 지구상에 마지막 남은 냉전 지대의 역사를 고쳐쓰려는 시도가 바로 이날 평양에서 이루어지는 것이다.
김대중 대통령과 북한 김정일 국방위원장의 한 마디 한 마디가 모두 역사의 한 페이지에 기록될 것이다.
과연 두 정상은 어떻게 회담을 진행할까.
시나리오는 없다.
특히 김정일 위원장이 어떻게 반응할 것인가는 안개 속이다.
여러 관측이 난무할 뿐이다.
13일은 사실상 단독 회담이다.
김 대통령과 김 위원장이 극소수의 공식 수행원과 기록 요원 등 2~3명씩만 대동하는 형식이 될 것 같다.
두 정상은 ‘뜨겁ㄴ 포옹'을 통해 첫 대면의 역사성을 상징으로 드러낼 것이다.
그리고 그토록 만나기 어려웠던를 표현하면서 인사말을 나눌 것이다.
특히 분단으로 인한 민족의 희생과 손실, 융성의 기회를 놓친 것에 대한 안타까움이 표현될 것으로 보인다.
김 위원장은 특유의 빠른 어투로 김 대통령의 평양행에 환영의 뜻을 밝힐 것으로 예상된다.
단독 회담인 만큼 곧바로 '밀담'에 들어갈 가능성도 없지 않다.
그러나 그보다는 김 대통령과 김 위원장이 차례로 기조 연설에 해당하는 입장 개진을 할 가능성이 높다고 통일부 당국자들은 말했다.
그동안 단편적으로 공개된 각자의 입장을 최고 지도자의 입을 통해 재확인하는 것이다.
김 대통령은 먼저 분단의 고통을 언급한 뒤 정상회담이 갖는 역사적 의미를 강조할 것으로 보인다.
단독 대좌므로 간단한 메모 정도만 들고 우리의 평화 통일 의지를 밝힐 가능성이 높다.
김 대통령은 긴장 완화를 위한 남북한의 공동 노력, 그 중에서도 1992년 발효된 남북기본합의서의 실천이 무엇보다 중요하다는 점을 강조할 것이다.
기본합의서가 실천에 옮겨진다면 남북한이 한 민족으로서 공존 공영할 수 있다는 점을 부각시켜 흡수 통일의 우려를 씻지 못하는 김 위원장을 안심시키려 할 것 같다.
김 위원장은 표현은 정중하지만 그동안의 긴장 고조가 남한 내 미군의 주둔, '통일 애국 인사 탄압' 등에 기인하고 있다는 점을 짚을 것이라고 통일부 당국자는 전망했다.
김 위원장은 남북한 교류와 협력의 중요성을 강조하면서도 주한 미군 철수 등의 선행 조건이 충족돼야 한다는 기존 입장을 되풀이할 가능성이 있다.
현안이 워낙 많아 회담 시간은 의외로 길어질 것 같다는 것이 일반적 예상.
보통 1시간 30분 정도 걸렸던 그동안의 남북회담보다 많은 시간이 걸릴지 모른다는 것.
양측 입장에 대한 절충까지 시도될 경우 더욱 그렇다.
그러나 첫날 회담에서 성과를 기대하기는 어렵다는 전망이 훨씬 우세하다.
분단의 깊은 골을 확인하고 14일에 이어질 회담의 탐색 성격을 띨 것으로 예상된다.
오마니의 맛... 남북 정상회담 맞춰 북한 음식에도 관심... 조리법 복잡하지 않고 양념도 적게 써 담백 대동강 숭어 맛은 여전할까?
닭고기 찢어 얹고 녹두 지짐 올린 온반도 아직 그렇게들 먹고 있을까?
분단 55년.
오늘 첫 남북 정상회담 대표단이 평양으로 떠난다.
많은 실향민들에게는 두고 온 산하, 떠나보낸 세월과 함께, 결코 채워지지 않은 어머니의 미각이 기억의 상처로 남아 있다.
대화가 성공하고 긴장이 완화되면 이산가족들이 만나고, 떠나 온 고향을 찾아가 그 음식들 먹어 볼 수 있을까.
서울 리츠 칼튼호텔은 남북 정상회담 기간 중 이 호텔 뷔페 식당에 숭어국과 어복 쟁반, 되비지, 평양 냉면을 특별 메뉴로 차린다.
숭어를 큼직 큼직 토막쳐 소금 간장 후추만으로 맛을 낸 평양식 숭어국은 마침 요즘이 제철.
여름 문턱에서 뜨겁게 땀내면서 시원하게 먹는 음식이다.
어복 쟁반은 서울에서도 꽤 여러 곳에서 맛볼 수 있는 메뉴로, 커다랗ㄴ 놋 쟁반에 양지머리와 유통, 우설 편육과 야채를 넣고 끓여 먹는다,
부산 롯데 호텔도 30일까지 한식당 무궁화에서 북한 진미를 마련한다.
청포묵 무침과 강냉이 죽, 꿩 만두국이 나오는 '평양 대동강 상차림'과 가자미 식해, 함흥 냉면을 포함한 '백두산 천지 상차림' 등이 정상회담 무드에 기댄 제빠른 입맛 장사다.
평양 정상회담 미각을 내 집에서도 재현할 수 있다.
서울식으로 달착지근해진 간이 아니라, 또 무작정 맵짠 것이 아니라, 무미에 가깝도록 투명하고 선 굵은 제 고장 맛에 도전해 보는 길은 북한의 '조선료리협회'가 펴낸 ‘이름 난 평양 음식'에 의지해서다.
""세상에 태어나서 밥 술을 뜰 때 처음으로 맛들인 것은 내 어머니가 메주를 쒀 손수 담근 토장이었네~""라고 토속 입맛을 찬미하는 '토장의 노래'로 시작하는 이 책은 '평양 랭면'과 쟁반 국수, 단고기 국, 소발 통묵(족편), 대동강 숭어국, 잉어회와 녹두묵 채를 다채롭게 소개하고 있다.
조리법이 단순하고 양념을 많이 쓰지 않는 것이 특징이다.
고기 볶는 법이나 김 손질은 지금 한국에서 하는 것과 조금 다른 것이 눈에 띈다.
요즘 철에 맞는 음식은 대동강 숭어국과 녹두묵 채, 단고기 국.
이 책에 실린 조리 법을 소개한다.
외국인 매수세 '폭발' 뭐 때문에... 국가 신용 등급 상향 설 금융 구조 조정 등 호재 미 추가 금리 인상 가능성 낮아 투자 늘리는 듯 최근 주식을 사들이는 외국인의 기세가 워낙 강하기 때문에 외국인 주문을 많이 처리하는 외국계 증권사 직원들도 의외라는 반응을 보이고 있다.
증권가에서는 미국 신용 평가 회사의 한국 국가 신용 등급 상향 조정 설이 나도는 등 '뭔가 대형 호재가 있을 것'이라는 추측마저 제기되고 있다.
외국계 A 증권사에서 외국인 주문을 처리하는 B씨는 ""미국계 펀드들이 서로 짜기라도 한 것처럼 주식을 함께 사자고 나선 것은 매우 드물ㄴ 일""이라며 ""솔직히 이유는 잘 모르겠지만 한국 시장에서 여러 가지 호재성 재료들이 한꺼번에 터졌기 때문이 아닌가 싶다""고 말했다.
외국인들은 투신 쇼크와 현대 쇼크 등의 와중에서도 서울 시장에서 주식을 별로 팔지 않고, 투자 기회를 노리고 있었다는 것.
그러다가 금융권 구조 조정 실마리가 풀리고, 현대그룹 구조 조정 계획이 나오며, 세계 주가 지순 MSCI 지수가 한국통신과 SK텔레콤 반영도를 높이는 등 호재가 겹치자 안심하고 본격 투자에 나섰다는 분석이다.
남북정상회담으로 한국의 국가 위험도가 줄어 들었다는 점도 외국인 매수세를 부추기고 있다.
ING베어링증권은 최근 발표한 보고서에서 ""남북정상회담의 성공적 개최는 한반도에서 영구적인 위험의 감소를 의미하는 것이며, 한국의 국가 신용 등급 상향 조정을 이끌어 낼 수 있는 요인이 될 것""이라고 내다봤다.
그러나 증권 전문가들은 외국인 매수세의 근본적 이유로 미국의 추가 금리 인상 가능성이 줄어 들고, 이에 힘입어 미국 시장이 지난주에 강한 오름세로 돌아섰다는 점을 꼽는다.
삼성투신 이창훈 주식 운용 팀장은 ""세계 시장에 분산 투자하는 미국계 글로벌 펀드들은 미국의 연이은 금리 인상 여파로 미국은 물론 해외 투자에도 주춤했었다""며 ""금리 인상 가능성이 줄어 들자 신흥 시장에 대한 투자를 다시 늘리는 것같다""고 말했다.
또 메릴린치증권은 '아시아 태평양 정량적(quantitative) 투자 전략'이란 보고서에서 한국과 싱가포르에 투자할 때는 가치 주(value stock)보다 성장 주(growth stock) 비중을 늘리는 것이 바람직하다고 권고했다.
한국과 싱가포르에 성장 주 비중 확대를 권고하는 것은 최근 두 나라의 기업 이익 성장세가 둔화되는 경향을 보이고 있기 때문이라고 보고서는 밝혔다.
기업들의 주당 순이익(EPS) 증가세가 둔화될 경우 투자가들은 이익이 계속 늘어나는 성장 주를 보다 희소한 것으로 판단해 그 주가를 끌어올리는 경향이 있다는 것이다.
마이다스에셋 김기환 상무는 ""국내 기관 투자가들이 계속 주식을 내던지다시피 하는데 외국인 혼자서 언제까지 공격적 매수를 펼칠지 의문""이라며 ""국내 기관이 매수세에 가담해야만 상승 장세가 지속되고 상승세가 중가 우량주 쪽으로도 확산될 수 있을 것""이라고 말했다.
남북정상회담 '약발' 10일 새 주가 27% 급등 종합 주가 지수가 남북정상회담을 앞둔 최근 10 거래일 동안 실질적 남북 경협에 대한 기대감으로 27.51%나 상승, 94년 정상회담 합의 후 10일 간 상승률 3.55%에 비해 월등하게 많이 오른 것으로 나타났다.
증권 거래소는 12일 '남북 정상회담 관련 주가 추이 자료를 통해 5월 29일~6월 9일에 북한과 실질 협력이 가능한 건설 정보 통신 등 인프라 관련주에 외국인의 대량 순매수가 몰리면서 주가 상승을 주도했다고 밝혔다.
이 기간 동안 외국인 순매수는 2조 1087 억 원에 달했다.
특히 남북 경협이 그룹 중심으로 이루어질 가능성이 크다는 전망으로 외국인 매수가 10 대 그룹에 몰리면서 그룹별로 현대가 42.4%, 쌍용이 37.2%, LG가 33% 올랐다.
종목별로는 신화건설이 103.30%로 가장 많이 올랐고, 현대건설(91.83%)현대 엘리베이터(90%)대우 통신(88.72%)삼화 페인트(88.58%) 등이 그 뒤를 잇었다.
남북정상회담 정부 당국자 전망 ""이산 문제 물꼬 트일것 ""북 진전된 반응 보여"" ""기대 낮춰야"" 견해도 분단의 아픔을 가장 뼈저리게 느껴 온 남북 이산가족의 한이 이번에는 풀릴까.
김대중 대통령이 첫 남북정상회담을 위해 13일 평양을 방문하면서 실향민들의 가슴이 설레고 있다. 정상회담이란 적십자 회담이나 고위급 회담과 차원이 다른 만큼 결실도 크리라는 기대 탓이다.
더구나 정상회담을 위한 실무 접촉 우리 측 수석 대표였던 양영식 통일부 차관이 9일 민주당에 가서 ""(정상회담에서) 이산가족 문제의 결정적 전기를 확보할 수 있을 것""/이라고 공언, 한껏 기대를 증폭시켰다.실제 정부 주변에서도 이번에는 이산가족 문제의 물꼬를 틀ㄹ 수 있으리란 전망이 지배적이다.
""우선적으로 올 추석 때 고향 방문이 이루어질 것"", ""면회소 설치도 가능하다""는 얘기들이 돌아다니고 있다.이는 실무 접촉 당시 북한 측 대표들이 우리 측의 이산가족 문제 제기에 ""이해한다""는 입장을 밝혔고, 비공식 접촉 때는 더욱 진전된 반응을 보인 데 근거하고 있다고 통일부의 한 당국자는 설명했다.또 이번 정상회담 개최가 북한 측의 경제난에 직접 기인하는 만큼 북한 측이 우리 측의 경제 지원에 걸맞은 수준의 이산가족 재회에 응할 것이라는 분석도 설득력을 얻고 있는 것이 사실이다.
이산가족 문제의 해결 방도에는 여러 가지가 있다.자유 왕래, 단기간의 고향 방문, 면회소 설치, 서신 교환, 생사 주소 확인.북한 측이 구체적으로 어떻게 할지 자신있게 얘기할 사람은 없다.합의가 이루어진다 해도 북한 체제의 특성상 김정일 국방위원장의 '결단'이란 형식으로 결말 지어질 가능성이 높기 때문이다.다만 체제 유지에 위협이 될 만한 정도의 인적 교류에는 북한 측이 부정적인 반응을 보일 것이다.
그러나 이 같은 일반적 기대와는 다른 유보적 견해도 있다.첫 정상회담인 만큼 북한 측이 종래의 대남 선전 선동에 열중할 것이라는 분석이다.
남북 대화에 깊이 관여했던 한 인사는 ""북한은 주한 미군 철수, 국가보안법 철폐 등 조국 통일 3 대 원칙에 따른 기존 주장을 되풀이할 가능성이 더 높다""며 기대를 크게 갖지 말아야 한다고 지적했다.
남북정상회담 서울공항 / 3부 요인 배웅 순안공항 / 김용순 마중 김대중 대통령은 역사적인 평양 방문 일인 13일 아침 청와대 관저에서 식사를 한 후, 본관 집무실에 잠깐 들러 수석 비서관들과 일일이 악수하고, 부인 이희호 여사와 함께 대기 중인 승용차에 오른다.
청와대 비서실 전 직원들은 청와대 본관에서 정문까지 도열, 장도에 오르는 김 대통령을 환송할 예정이다.
청와대 본관 앞의 약식 환송 행사부터 서울공항 도착 및 이륙까지의 모든 장면은 TV로 생중계된다.
김 대통령이 승용차 편으로 서울공항에 도착하면 이만섭 국회 의장, 최종영 대법원장, 이한동 국무총리 서리 등 3 부 요인과 전 국무 위원, 여 야 정당 인사들이 참석한 가운데 공식 환송 행사가 열린다.
물론 장남 김홍일 의원 등 아들들도 공항에 환송을 나올 것으로 알려졌다.
김 대통령은 출발 성명에서 ""북측에 가서 김정일 국방위원장과 만나 하고 싶은 얘기를 다 하고자 한다""며 ""그래서 남과 북의 우리 민족들이 서로를 더 잘 이해할 수 있도록 노력할 것""이라는 포부를 밝힐 것으로 알려졌다.
김 대통령 일행을 태운 항공기는 서해 상공을 지나는 1시간여의 비행 끝에 평양시에서 서북쪽으로 12km쯤 떨어진 순안공항에 도착하며, 김 대통령은 대한민국 대통령으로서는 처음으로 북한 땅을 밟게 된다.
북측의 공항 영접 인사로는 김용순 아태평화위원회 위원장 등이 나올 것으로 알려졌다.
김 대통령은 TV로 남쪽에 생중계될 도착 성명에서 '남과 북의 온 겨레가 평화롭고 행복하게 잘 살ㄹ 수 있는 일을 찾자고 북한 지도자들과 한 민족에게 호소할 것'이라는 요지의 말을 하게 될 것으로 알려졌다.
간단한 도착 행사를 마친 김 대통령은 곧바로 평양 시내 숙소로 이동, 잠시 휴식을 취한 후 김정일 위원장과 역사적인 '상봉 및 회담'을 갖게 된다.
김 대통령의 서울, 평양 여정 남북정상회담 신경협 시대 (1) 단순 교역 시설 투자 격상 기대 13일 남북한 정상의 파격적인 첫 만남을 지켜 본 경제계는 이번 정상회담을 계기로 남북 경협 관계도 크게 확대되는 것이 아니냐는 기대감을 보내고 있다.
특히 1차 정상회담에서 김정일 국방위원장이 ""(방북 성과를 만들기 위해) 김 대통령뿐만 아니라 장관들도 기여해 달라""며 적극적인 자세를 보임에 따라 양측의 경제 부처 수뇌가 참석한 상황에서 예상보다 속도가 빨라질 가능성도 점쳐지고 있다.
냉전의 종식과 함께 남북 경협이 사실상 재개된 것은 지난 88년 7월.
한국전쟁 이후 금지됐던 물자와 인력의 이동이 가능해지며 91년에는 남북한 교역 실적이 1 억 달러를 돌파하기도 했다.
외환 위기를 계기로 한때 주춤하던 교역량은 작년에 3억 3000 만 달러 수준을 기록했다.
남북 경협 전문가들은 우선 ""이번 만남을 계기로 단순 교류 협력 단계에서 본격적인 투자로 격상시킬 수 있는 제도적 기반을 갖춰야 할 것""이라고 지적했다.
배종렬 수출입 은행 북한 연구 위원은 ""남북 경협에는 여러 가지 문제점이 있지만, 현재는 교역 방식(간접 교역) 때문에 물류 비용이 중국이나 베트남과의 교역보다 훨씬 비싸게 들고 있다""며 ""남북 투자 보장 협정이 체결되면 2억~3 억 달러 수준에서 답보 상탠 교역량이 커 지는 데 큰 도움이 될 것""이라고 말했다.
조명철 대외경제연구원 선임 연구 위원은 ""북한 법상 아직 한국 기업의 북한 투자를 보장하는 내용이 없다""며 ""본격적인 경협에 앞서 신변 안전 제도, 이중 과세 방지 제도, 결제 제도, 분쟁 조정 제도, 사업가들의 여행 보장, 노동 시장의 유연성 등의 문제를 해결해야 한다""고 이번 회담의 과제를 강조했다.
정부도 이번 정상회담을 계기로 이산가족 문제의 해결과 함께 투자 보장 협정 체결 등 경협의 제도적 기틀을 다지려는 의욕을 보이고 있다.
하지만 긴장과 대립 상태에 있는 정치 군사적인 문제의 선결 없이 만들어지는 경협 제도는 불완전할 수밖에 없다는 지적도 아직은 수그러들지 않고 있다.
고일동 KDI 연구 위원은 ""남북 정상이 만났다고 경제 협력이 한꺼번에 본궤도에 오르리란 기대는 하기 어렵ㄹ 것""이라며 ""북한은 이번에 (정치 군사적으로) 어떻게 큰 판을 짜느냐에 따라 향후 실리가 상당히 달라지므로, 구체적인 경협 내용에는 크게 매달리 지는 않을 것""이라고 전망했다.
그러면서도 전문가들은 북한 당국이 평화 공존의 바탕에서 개방을 통한 경제 발전을 추구한다면 북한 공업 구조의 내재적 모순을 해결하기 위한 도움을 청해 올 것으로 내다봤다.
배종렬 수출입 은행 연구 위원은 만들어진 구식 공장과 임금 근로의 개념이 없는 근로자, 그리고 수력 석탄 철광석 채굴 등에 의존하는 낙후된 산업 구조, 노후화된 철도 시설 등이 북한 공업의 내재적 문제""라고 말했다.
전문가들은 또 처음 열리는 한두 차례의 남북정상회담에 큰 기대를 걸기는 어렵지만, 남북 경협 확대를 위한 근본적인 이야기들이 논의된다면 경제 분야의 협력은 빠르게 진전될 가능성을 배제하기 어렵다고 말하고 있다.
이번 정상회담은 현재 단순 교역과 임가공의 초기 단계에 머물러 있는 경협 수준을 한 단계 격상시킬 수 있는 계기가 될 수 있다는 기대다.
오관치 포스코 경영 연구소장은 ""정치 군사적인 문제를 대신해 이산가족 문제라도 해결의 기미를 보인다면 이를 명분으로 한 남북 간의 경협은 예상 외로 빨리 진전될 수 있을 것""이라고 말했다.
'정상회담'에 쏠린 미국의 눈과 귀 11일 오전(현지 시각) 공공 시사 채널인 CSpan 라디오에서는 마이클 그린 미국외교협회(CFR) 선임연구원이 전화를 걸어 온 청취자들과 토론하는 내용이 흘러 나왔다.
주제는 남북정상회담이었다.
그린씨는 ""과거 북한의 고위 관료들을 만나 본 적이 있는데...""라고 말문을 꺼냈다.
미국의 자칭 타칭 한반도 전문가들 중엔 북한에 다녀온 사람들이 적지 않다.
싱크탱크 관계자들 뿐 아니라 국무부의 윌리엄 페리 대북 정책 조정관과 웬디 셔먼 북한 문제 자문관도 북한을 다녀왔다.
지난 94년 지미 카터 전 대통령도 김일성을 만났고, 미북 간 제네바 협정을 이끌ㄴ 로버트 갈루치 전 북한 담당 핵 대사도 평양을 넘나들었다.
미국 외교가는 요즘 어느 한 사람이 북한을 다녀온 결과를 듣기 위해 노심초사하고 있다.
그 사람은 여느 때 처럼 미국인이 아니라, 바로 김대중 대통령이다.
김 대통령은 13일 평양행 비행기를 타고 빌 클린턴 대통령이 '지구상에서 가장 위험한 지역'이라고 말했던 휴전선을 넘었다.
그동안 한반도 상공을 경계해 온 미국의 조기 경보기(AWACS) 비행사상 경이적인 일이 벌어진 셈이다.
국무부의 스탠리 로스 동아태 차관보는 지난주 미국 기자들과 만나, ""매일 아침 일어나면 북한에서 무슨 일이 있을까 걱정된다""고 털어놓았다고 한다.
한반도 주변엔 김 대통령이 귀향하기를 귀를 쫑긋 세우며 기다리는 나라들이 많다.
중국, 일본, 러시아도 마찬가지고 미국은 그 대열의 맨 앞에 서 있다.
지금까지 한반도 세미나에 참석, 열심히 보고하던 주미 한국 대사관의 일부 관계자들은 남북 정상 /회담 후 세미나 '발표자'로 잡혀 있다.
격세지감에 들뜨기는 쉽다.
그러나 '들을 때'보다 '말할 때'가 더 어렵고 조심스럽ㄴ 법이다.
하물며 민족의 명운이 걸려 있다면 말할 것도 없다.
그래서, 김 대통령은 한반도 지도가 아니라 세계 지도를 가슴에 품고 평양에 다녀오길 바란다.
북, 내 외국인 출입 통제 정상회담 안전 위해 북한 당국은 남북정상회담의 안전한 개최를 보장하기 위해 회담 기간 북한의 국경 초소와 세관을 통한 모든 외국인 출입국 수속을 중지한다고 평양 주재 각국 공관에 통보했다고 인민일보가 발행하는 환구시보가 13일 평양발로 보도했다.
북한은 또 평양에 상주하지 않는 외국인은 회담 기간에 한시적으로 북한을 떠나도록 이미 조치했다고 환구시보가 전했다.
북한 당국은 내국인의 움직임에 대해서도 각종 통제를 가해 북한 각지에서 평양으로 와 상주하며 업무를 수행 중이거나, 출장 중이거나, 친지를 만나러 온 사람들이 12일 이전 지방으로 돌아가도록 조치해 평양 시내 대형 호텔들에 손님이 크게 줄었다고 환구시보가 전했다.
또 평양 시내에 최근 급증한 자유시장 격인 '농민 시장'도 12일부터 전면적으로 문을 달았다.
북한 당국은 이 달 초부터 평양 시내 각 주요 도로에 교통 경찰관과 인민군 경비대를 증파해 군용 차량을 포함한 각종 통행 차량들에 대해 엄격한 검사를 해 왔다.
남북 협력 기금 5000억 증액 요청 통일부 내년 예산안 남북 정상회담이 개최됨에 따라 남북 협력 기금이 1 조 원으로 늘어날 전망이다.
기획예산처는 통일부가 최근 제출한 내년 예산 요구안에서 남북 협력 기금을 5000 억 원 늘리고 대북한 보건 분야 지원에 55 억 원을 별도로 책정해 줄 것을 요청했다고 밝혔다.
기획예산처는 남북 정상 회담 결과를 아직 예단하긴 이르지만 조만간 가시적인 성과가 나오면 통일부 등 관련 부처의 예산 요구를 적극 반영할 것이라고 밝혔다.
남북 협력 기금 5000 억 원 증액이 이루어지면 현재 남아 있는 적립금 5300 억 원까지 합해 1 조 원 규모의 가용 재원이 조성된다.
통일부는 남북 경협에 필요한 사회 간접 자본(SOC) 건설 등에 이 자금을 사용할 계획이다.
남북정상회담에 들뜬 부산 어업계가 ""정말 기대가 됩니다"" 남북정상회담으로 부산 신발업계와 어업계가 기대감에 들떠 있다.
부산 신발업계의 경우 생산 원가 부담 때문에 중국 인도네시아 베트남 등으로 생산 기지를 옮기는 등 고전을 면하지 못하았으나, 북한과의 교류가 활성화될 경우 지리적 근접성과 의사 소통의 원활 등으로 생산 원가 절감은 물론 품질 면에서 더욱 경쟁력을 높일 수 있어 부산 신발 산업의 옛 영화를 되찾을 수 있기 때문이다.
북한으로서도 신발 산업이 높은 고용 창출 효과를 동반하는 데다 남한의 신발 생산 기술을 손쉽게 이전 받을 수 있다는 점에서 신발 산업이 남북 경협 사업 중 최우선 순위가 될 것이라는 전망이다.
부산신발지식산업협동조합(이사장 박수관)은 현대아산이 개발을 추진하고 있는 북한 서해안 남포 또는 해주 지역 공업 단지 내에 100 만 평 규모의 신발 전용 공단을 조성, 조합 산하 신발 관련 업체가 입주하는 문제에 대해 상호 협력하는 방안을 강구하고 있다.
조합 측은 북측 파트넌 아시아태평양평화위원회(위원장 김용순)와의 구체적인 협의와 현지 공단 예정 부지 답사를 위해 방북을 추진하고 있다.
이미 신발 무역 회산 부산시 중구 중앙동 대방기업(주)(대표 정삼식)은 북한의 광명성총회사와JKB 지난달 16일 중국 베이징(북경)에서 신발 임가공 계약을 체결하고 오는 8월 말 평양공단에 연간 180 만 켤레의 생산 공장을 설립하기로 했다.
부산 수산업계도 북한 어장 입어와 수산물 교역 등 다양한 수산 분야 교류가 이루어질 것으로 기대하고 있다.
전국어민총연합(전어총)은 지난 2월 북한과 동해 어장과 어로 방법, 기타 조업 관련 사항 등에 대해 합의를 마쳐 정상회담 이후 즉각적인 어업 협력이 가능할 것으로 보고 있다.
낙후된 북한 지역의 어로 기술과 장비를 보완하고 북측의 어장과 인력을 제공 받아 어로 활동을 벌인 뒤 어획물을 균등 배분하는 등의 어업 협력이 즉각 가능하다는 것이다.
수산물 교역 부분에서도 상당한 발전이 기대된다.
직교역이 이루어지면 넙치와 농어 등 고급 활어 어종과 꽃게 등의 반입이 크게 늘어 갈 것으로 기대된다.
경기도 대북 교역 실적 급증 4월 619 만 달러로 서울 제치고 1위 투자 확대, 합작 담배 생산용 재료 반출 늘어 남북한 정상회담 개최 발표 이후 경기도의 대북 교역 실적이 급격히 늘고 있다.
한국무역협회 경기 지부는 13일 남북 정상회담 개최 사실이 발표된 지난 4월 한 달 간 경기도의 대북 반출 실적이 619만 4000여 달러로 507만 5000여 달런 서울을 앞질러 전국에서 가장 높은 실적을 기록했다고 밝혔다.
이는 작년 같은 기간보다 10배 이상 늘어난 수치며, 올 1 3월의 거래량 303 만 달러 보다 2배 이상 많다.
이런 반출 규모 급증은 삼성전자의 북한 내 TV 조립 공장 시설 투자 확대 등 민간 부문의 대북한 투자 활성화와 남북 합작 담배 생산용 재료 반출 등에 따른 것으로 무역협회는 분석했다.
올 1 4월 중 대북 반출 품목은 전기.
전자 관련 제품 54.7% 농산물, 담배 재료 등 1차 생산품 23.3% 섬유 제품 9.5% 기계 7.9% 생활 용품 2.7% 등의 비중을 차지하고 있다.
반면 북한산 담배, 어패류, 채소류의 반입량도 크게 늘어, 1 4월 중 422 만 달러를 기록, 작년 같은 기간보다 80.9%가 늘었다.
한국무역협회 오기현 경기 지부장은 ""남북 정상회담을 계기로 대북 교역에 대한 도내 무역 업체들의 관심이 높아지고 있어 대북 교류가 점차 활성화될 것으로 기대된다""고 밝혔다.
""평양냉면 공짜"" 역사적인 남북정상회담이 열린 13일 귀순잔 김용씨가 경영하는 광주 모란각 북한 음식점은 실향민 1 세대들에게 물냉면을 무료로 제공하고 있다.
이 음식점은 14일에도 같은 이벤트를 열ㄴ다.
김대중 대통령 방북 대구 표정 ""김정일이 대통령 영접 화제 13일 대구 경북 지역에서도 온통 김대중 대통령의 방북에 이목이 집중됐다.
이날 순안 비행장에서 김정일 국방위원장이 김 대통령을 영접하는 장면에서부터 평양 시가지 모습 등을 놓고 이야기 꽃이 만발했다.
택시 운전사 이 모(52)씨는 ""시간에 맞춰 차를 세워 두고 김 대통령의 평양 도착 장면을 봤다""며 ""김정일이 공항에 나왔더라""며 놀라는 기색이었다.
공무원 김 모(38)씨는 ""가슴이 뭉클하다""며 ""정상회담이 잘될 것 같다""고 기대감을 표했다.
안 모(52)씨는 ""대접은 괜찮은 것 같다""며 ""회담을 통해 줄 것은 주고 받을 것은 받아야 할 것""이라고 했다.
주부들도 일손을 놓고 TV에 열중하기도 했다.
대구시 수성구 범어동 김 모(43 여)씨는 ""김정일의 복장이 매우 특이하다""며 ""평양 시민들이 너무 열광하는 모습""이라고 말했다.
회사원 서 모(26 여)씨는 ""평양 시내에 어떻게 정상회담 일행말고 다른 차량은 없냐""라며 ""한복 입은 여자들이 '김정일'을 연호하는 모습은 특이하다""고 했다.
이에 앞서 이북 5도 대구 지구 소속 회원 130여 명은 13일 오전 10시쯤 남북정상회담의 성공을 기원하는 결의 대회를 가지기도 했다.
이들은 결의문을 통해 남북정상회담의 성공적 개최에 대한 지지를 표하고 800 만 이산가족의 재회를 기원했다.
'과열' 조짐도 눈에 띄었다.
경북대 사범대 학생회 측은 남북정상회담을 축원한다며 12일 오후 4시쯤부터 남북 통일을 상징하는 단일 기와 인공기, 태극기를 각각 1백 50여 장씩 만들어 사범대 건물 앞에 달았다.
이에 따라 경찰은 학교 당국에 인공기를 직접 제거해 줄 것을 요청했다.
한편 군은 만일의 사태에 대비해 비상 경계 태세를 유지했다.
한 장성은 ""신경을 곤두세우고 있다""고 말했다.
'남북 정상회담 대만 시각 ""남북한 만나는데 양안은 왜 못 하나"" ""양안 교류는 자유롭지만 정치적 대화엔 어려움"" ""실용주의에 바탕 둬야 중 대 정상회담 가능할 것 남북한 정상회담을 지켜 보는 전 세계 시선 중 대만 국민들의 시선에는 단순한 관심 이상의 애틋함가 담겨 있다.
남북 예멘, 동서독의 통일에 잇어 지구상 마지막 분단국가인 한국과 자신들의 처지를 새삼 비교하고 있다.
대만 언론들은 13일 김대중 대통령의 서울 출발과 평양 도착을 거의 실시간으로 중계했다.
대만의 대표적인 신문NNG인 '중국시보'는 인터넷상에 '남북한 정상회담 특집(양한고봉회전집)'란을 마련했다.
""세계에 평화의 소리가 울려 퍼지는 가운데 동서독이 통일이 됐다!
남북한은 곧 정상회담을 개최, 통일 문제를 한층 깊이 논의한다.
해협 양안(대만해협을 사이에 둔 중국과 대만)도 신정부 취임 이래 중국 대륙과의 새롭ㄴ 교류를 전개하려 한다.
남북한 정상회담 결과는 양안 장래에 거울이 될 것이다.
대만인들은 남북한 정상의 역사적인 만남과 관련, ""남북한은 되는데 우리는 왜 안 되느냐""고 묻고 있다.
13일 중국시보에 게재된 한 기고문은 남북한과 양안 관계의 차이를 다음과 같이 설명했다.
""대만과 대륙은 기층 민간에서 많은 경제 교류가 진행되고 있다.
비록 대륙 사람들은 대만으로 자유롭게 올 수 없지만 대만은 자유롭게 대륙을 방문할 수도 있다.
하지만 양안은 정치 대화를 하는 데 큰 어려움이 있다.
반면 남북한은 경제 교류가 막 시작됐고 사람들도 자유롭게 왕래할 수가 없다.
그러나 남북한은 차관급, 장관급, 심지어 총리급 회담 등 고위급 회담을 진행해 왔으며 이제 드디어 정상회담까지 개최한다.
기고문의 필자 궈충룬(곽숭윤)은 양측을 비교한 뒤 양안처럼 상층에서 하층으로 교류 폭을 넓혀 가야 할지, 아니면 남북한처럼 그 반대로 해야 할지 의문을 제기하고 있다.
대만 중앙일보는 13일 서울발 기사에서 중국 인민일보 자매지 '환구시보'를 인용, 남북 정상회담에서 논의될 의제를 예상 보도했다.
신문은 '북한 지도자 김정일이 정상회담에서 주한 미군 및 국가보안법 철폐 문제를 제기할 것'이라고 추측했다.
이런 추측엔 북한이 정상회담을 앞두고 과거처럼 남한을 '괴뢰', '주구'로 비방하지 않고 비방 타깃을 미국에 맞추고 있는 것과 맥이 상통하는 것으로 신문은 보도했다.
대만은 남북한 정상회담이 중국에 떠도는 탈북자들에게 미칠 영향까지 조명했다.
중국시보는 ""중국 대륙에 떠도는 북한 난민들은 정상회담이 긍정적 역할을 해 주길 바라고 있다.
하지만 이들은 여전히 북한에서 굶주리는 것보다 국경 지역에 떠도는 것이 낫다고 생각하기 때문에 북한에 돌아가기를 원하지 않고 있다""고 전했다.
중국시보는 중국의 민족주의가 지나치게 강한 데 비해 대만은 이를 이해하지 못함로써 남북한보다 문제 해결을 더욱 어렵게 한다고 보도했지만, 영자지 차이나포스트는 낙관적이다.
차이나포스트는 논설에서 ""남북한 지도자들이 정상회담에 합의할 수 있었던 것은 실용주의에 바탕했기 때문""이라며, ""양안도 지금과 달리 실용적인 자세만 갖는다면 정상회담을 실현할 수 있으며 군사 충돌도 막을 수 있다""고 전망했다.
거꾸로 간 '북풍 주가' 시시각각 오르락 내리락 '남북 정상회담 주가' 남북정상회담이 실현된 13일, 서울 증시는 급락세로 마감했다.
하지만 이날 오전 김대중 대통령과 김정일 국방위원장의 역사적인 첫 만남을 전후 해선 매우 민감한 반응을 나타냈다.
북녘 땅에서 들려 온 함성에 박수로 화답하듯, 오전 한때 낙폭을 크게 줄이는 모습이었다.
이날 증권 거래소 시장의 주가 지수는 전문가들의 예상대로 급락세로 출발했다.
김대중 대통령이 서울공항에서 평양을 향해 출발한 오전 9시 38분, 주가 지수의 낙폭은 21.06 포인트까지 커졌다.
정상회담 호재를 이미 반영한 증시가 조정기에 들어서는 예고된 순서였다.
하지만 이 흐름은 오전 9시 45분 북한 중앙방송의 갑작스럽ㄴ 발표로 역류하기 시작했다.
김정일 국방위원장이 직접 공항에 나와 김대중 대통령을 영접한다는 내용이었다.
이 소식은 10시 15분쯤 국내 언론을 징검다리로 투자자들에게 전해졌다.
주가 지수는 수직으로 상승하기 시작했다.
정확히 말하면 낙폭을 크게 줄인 것이다.
22 포인트 넘게 빠졌던 주가 지수 하락폭은 김대중 대통령이 김정일 위원장과 악수를 나눈 오전 10시 37분쯤 10 포인트 선까지 줄어 들었다.
코스닥 시장도 마찬가지였다.
남북 정상이 악수를 나누는 순간, 코스닥 지수는 상승세로 돌아섰다.
개인 투자자들은 코스닥 시장에서, 기관 투자가들은 증권 거래소 시장에서 이 시간에 매수량을 늘려 나갔다.
세상사에 냉담한 투자자들이 역사적인 남북 정상의 만남에 '애국심'을 잠시 발동한 것일까.
반면, 외국인들은 팔자 기조를 이어 갔다.
이 시간에 반등 폭이 컸던 업종은 건설 무역 등 이른바 남북 경협 수혜 주를 비롯해 금융 업종도 포함됐다.
시가 총액 비중이 높은 대형주가 중형 주에 비해 더 민감하게 반응했다.
코스닥 시장에도 역시 시가 총액 상위 종목들의 반등세가 두드러졌다.
이 같은 반등세는 남북 정상이 같은 차를 타고 숙소로 출발하면서부터 그대로 멈추고 다시 낙폭을 키워 갔다.
증시 전문가들은 이날 오전의 반등세와 함께 전날까지 서울 증시의 상승세를 '남북정상회담 주가'로 명명해도 좋을 것이라는 반응을 나타냈다.
12일 서울 증시가 상승세를 유지한 것은 남북정상회담이 하루 연기된 데 따른 조정기의 이월 현상이었다는 견해도 있다.
'남북정상회담 주가'는 이제 끝난 것일까.
부국증권 이동흡 리서치 센터 부장은 ""정상회담의 심리적 효과는 끝났지만 남북 경협의 실질적 성과와 이산가족 상봉에 따른 효과는 여전히 유효하다""고 설명했다.
남북이 손 잡고 만들어 낼 수 있는 호재는 아직도 무궁무진하다는 얘기다.
거꾸로 간 '북풍주가 주가 41P 코스닥 10P 폭락 ""정상회담 호재 이미 반영"" 역사적인 남북 정상회담 실현이라는 호재에도 불구하고 주가가 큰 폭의 하락세를 나타냈다.
13일 서울 시장에서 종합 주가 지수는 전날보다 41.36 포인트(4.9%) 내린 804.45로 마감, 사흘 만에 내림세로 돌아섰다.
코스닥 지수 역시 10.60 포인트(6.4%) 내린 156.01로 마감, 지난 5일 이후 일주일여 만에 150선으로 되밀렸다.
종합 주가 지수는 전날 미국 나스닥 지수가 2.8% 하락한 여파로 개장 초부터 내림세로 출발했으며, 전 업종에 걸쳐 팔자 물량이 늘어나는 바람에 시간이 갈수록 내림 폭이 커졌다.
지수는 한때 800.32까지 떨어져 800선마저 위협 받기도 했다.
전 업종이 내림세를 나타낸 가운데 삼성전자 SK텔레콤 등 시가 총액 상위 20개 종목이 모두 떨어졌다.
건설 시멘트 무역 등 그동안 남북 정상회담 재료를 바탕으로 많이 올랐던 종목도 모두 내림세로 기울었다.
이날 주가가 폭락한 것은 투자가들이 남북 정상회담 개최가 이미 주가에 많이 반영됐다고 판단해 이익 실현 매물을 쏟아 냈기 때문이라고 증권 전문가들은 풀이했다.
대우증권 홍성국 투자 정보부장은 ""13일의 폭락은 '소문에 사서 뉴스에 팔ㄴ다'는 투자 격언이 적용된 당연한 결과였다""며 ""주가가 보름 만에 200 포인트 급등한 점을 감안하면 이제는 흥분을 가라앉히는 시간적 여유가 필요한 때""라고 말했다.
한국의 국가 신용 등급 상향 조정에 대한 막연한 기대감도 줄어 들었다.
신용 평가 회산 S&P 사는 12일 한국 금융 산업의 리스크가 여전히 높은 수준이라고 지적한 보고서를 발표했고, 정부 관계자는 남북 정상회담 이후 신용 등급이 상향 조정될 것이라는 루머를 부인했다.
남북 정상회담의 성과를 불투명하게 보는 시각도 이날 시장에 적지 않은 영향을 미쳤다.
템피스투자자문 문성훈 상무는 ""남북 정상회담으로 분위기가 개선될 것이라는 기대감 정도는 이미 시장에 충분히 반영됐고, 이제 시장은 구체적 결과를 주목하고 있다""며 ""이번 회담에서 구체적이고 예상하지 못하았던 대형 호재가 나오지 않는 이상 주가 하락 조정은 불가피해 보인다""고 말했다.
이날의 폭락을 더욱 부채질한 것은 외국인 매수세가 주춤해진 점이다.
외국인은 이날 오전 장 내내 주식을 사기보다는 파는 데 치중했으며, 오후 장에 매수 우위로 돌아서긴 했지만 순매수 규모는 309 억 원에 불과했다.
이 같은 순매수 규모는 외국인이 지난 5월 30일부터 매일 2000억~3000 억 원어치씩 순매수 한 데 비교하면 크게 줄어 들ㄴ 것이다.
하지만 주가가 약간의 조정을 받긴 해도 다시 반등을 시도할 것이라는 낙관론 역시 만만하지 않다.
LG투자증권 황창중 투자 분석 팀장은 ""무엇보다 그동안 주가 상승 과정에서 기관 투자가 매물이 상당 부분 소화된 데다 남북 정상회담과 금융 구조 조정, 최근 미국 증시 안정 등 긍정적 요인이 여전히 남아 있다""며 ""종합 주가 지수 780~800선을 저점으로 금주 중 다시 반등을 시도할 것""이라고 내다봤다.
설레는 실향민들 ""북에 있는 가족 만나게 되나요"" 김대중 대통령과 김정일 국방위원장의 역사적인 남북 정상 회동 소식이 전해진 13일 임진각과 이북 5 도청에는 고향 방문의 꿈을 안은 실향민들의 발길이 이어졌다.
냉면 집, 이북5도민회 사무실 등에는 실향민들의 고향 이야기와 이산가족 상봉에 대한 기대로 가득 찼다.
경기도 파주시 임진각을 찾은 관광객과 실향민들은 '자유의 다리' 너머 북녘 땅을 바라보며 통일을 주제로 담소를 나눴다.
1·4후퇴 때 월남했다는 평양 출신 송서학(82 인천 남구)씨는 ""북의 친척들에게 행여 해가 미칠까 봐 생사 확인도 안 하고 지내 왔다""며 ""남북이 한 발씩 양보, 고향 방문 길을 튼다면 덩실덩실 춤이라도 추겠다""고 말했다.
임진각 근처 문산읍에 살고 있는 실향민들은 이웃들이 한데 모여 김 대통령의 방북 장면을 시청한 뒤, 인근 식당으로 가 식사를 하며 고향 얘기로 시간을 보냈다.
장단 군이 고향인 윤을섭(67)씨는 ""전쟁 직전 4 형제를 북에 둔 채 '2주 후에 돌아오마'하고 떠난 것이 벌써 반 백 년을 넘어섰다""며 울먹였다.
임진각에는 100여 명의 내외신 기자들이 몰려 취재 경쟁을 벌였다.
이북 5 도청 직원들은 남북 정상이 만나는 순간을 TV를 통해 지켜 보며 흥분을 감추지 못하았다.
김 대통령이 순안비행장 비행기 트랩을 내려 김 국방위원장과 두 손을 맞잡는 순간, 김대열(39) 계장을 필두로 박수를 치며 환호했다.
김씨는""김 국방위원장이 직접 공항 영접을 나온 것을 보고 놀랐고, 정중한 예우에 다시 한 번 놀랐다""며 ""총부리를 겨누고 있는 현실에서 남북한 정상이 손을 맞잡았다는 것이 무엇보다 큰 의미""라고 말했다.
반면 실향민 1 세 댄 함남 부녀회 합창 단원 장모(71) 할머니는 “큰 기대는 안 한다.
너무 떠들썩하는 것 아니냐""며 ""회담 결과를 차분히 지켜 봐야 할 것""이라고 담담하게 말했다.
이에 앞서 실향민 김경회(77 평북 출신)씨는 방북길에 나선 김 대통령에게 빛바랜 노부모의 사진을 보여 주며 ""부디 이산가족들이 만날 수 있도록 하아EM달VV라""고 실향민들의 소원을 말했고, 김 대통령은 김씨가 내밀ㄴ 사진을 직접 만져 보며 고개를 끄덕였다.
이산가족 정보 통합 센터에는 이산가족 상봉을 꿈꾸는 실향민들의 발길이 평소보다 많았다.
평양이 고향인 실향민 유호웅(67)씨는 ""북에 있는 누나의 생사 확인을 위해 신청서를 냈다""고 말했다.
서울 장충동 '평양 면옥'에는 100여 명의 실향민들이 모여 텔레비전을 시청하며 이야기 꽃을 피웠다.
노모와 함께 식당을 찾은 재미 교포 김성숙(65 여 함북 산청)씨는 ""몸이 불편하신 노모께서 TV를 보시다가 고향 음식이 먹고 싶다고 하셨다""며 ""북에 계신 이모님과 만나는 것이 어머님의 마지막 꿈""이라고 말했다.
평양이 고향인 주인 김대성(66)씨는 ""어릴 때 봤던 평양 거리 모습이 많이 바뀌었다""며 ""할아버님이 평양 대동문 옆에서 운영하시던 냉면 집 '대동면옥'을 내 손으로 다시 열ㄹ 수 있을지도 모르겠다""며 감격스러워했다.
을지로의 '평안면옥'에서도 평남 용강 군 출신 30여 명의 실향민들이 점심 모임을 갖고, 고향 방문과 이산가족 상봉의 기대감에 젖었다.
북 정상회담 신경협 시대 (1) 재계 반응 ""곧 경협 성과 있을 것 들뜬 기대감 재계는 역사적인 남북 정상의 만남에 대해 들뜬 기대감을 감추지 않았다.
전경련 유한수 전무는 ""텔레비전으로 두 정상의 상봉 순간을 지켜 봤다""면서 ""한 마디로 감격스러웠다""고 말했다.
중소 기협 중앙회는 '남북정상회담에 대한 중소기업계의 입장'이라는 발표문을 통해 ""남북정상회담을 계기로 상호 불신 해소와 신뢰 구축이 이루어져야 하고 이산가족 등 인도적인 문제와 경제 교류도 진전되길 바란다""고 밝혔다.
기협 중앙회는 또 ""골판지와 의류, 모피 등 임가공 사업과 유휴 설비 등 중소기업의 남북 경제 교류 문제가 남북 정상 간에 비중 있게 논의되길 바란다""는 희망을 밝혔다.
현대아산 정규환 이사는 ""이번 정상회담을 계기로 그 동안 남북 간에 막혀 있던 모든 부문의 물꼬가 트일 것""이라고 말했다.
LG 구조 조정 본부 정상국 상무는 ""남북 정상이 평양 순안공항에서 만나는 것을 보니 남북 경협을 위한 가시적인 성과가 빠른 시일 안에 나타날 것으로 기대된다""고 밝혔다.
북한 의전 Q & A 김 위원장 왜 기내 영접 않나 / 의전 책임자가 올라가는 것이 관례 도착 성명 낭독 안 한 이유는 / 북선 국빈 방문해도 대부분 발표 안 해 김 대통령과 인사한 여성은 / 몽양 여운형의 딸인 여원구 부의장 13일 북한의 김정일 국방위원장이 직접 평양 순안공항에 나와 남북 정상회담을 위해 방문한 김대중 대통령을 영접, 전 세계의 이목을 끌었다.
이날 영접 장면의 궁금한 점들을 우리 정부 관계자들의 조언을 바탕으로 일문일답식으로 정리했다.
Q. 김정일 위원장이 공항에서 영접한 것은 얼마나 이례적인가.
김 위원장은 94년 실질적인 북한의 지도자가 된 이후 국빈이 방문할 때 한 번도 공항에 나와 본 적이 없다.
Q. 공항에 나온 김정일 위원장은 왜 기내에까지 올라가지 않았는가.
의전 관례상 기내에는 의전 책임자가 영접하는 것이 국가 간의 관례다.
어느 나라도 최고 지도자가 기내 영접을 하는 경우는 없다.
Q. 북측 의장대를 사열할 때 김정일 위원장은 경례를 하는데 김 대통령은 왜 안 했는가.
국가 간의 의전상 사열을 할 때 초청한 측에서는 경례를 하나, 초청을 받은 측에서는 경례를 하지 않는다.
Q. 김 대통령이 공항에서 도착 성명을 낭독하지 않은 이유는.
북측 요청에 의해 공항에서 도착 성명을 발표하지 않았다.
대신 백화원 영빈관에서 박준영 청와대 대변인이 도착 성명을 발표했다.
북한은 국빈이 방문해도 도착 성명을 잘 발표하지 않는다고 한다.
Q.TV 중계를 보면 순안공항에 나온 북한 주민들이 '김정일', '만세'를 연호하는 것만 들렸는데, 김 대통령 이름도 불렸나.
정부는 공식 브리핑에서 김 대통령 이름도 함께 연호됐다고 밝혔다.
그러나 북한 주민들이 김정일 위원장을 더 크게 연호한 것은 사실이다.
Q. 순안공항에 나와 김 대통령과 인사한 북한 여성은 누군가.
여원구 최고인민회의 부의장이다.
여 부의장은 몽양 여운형(려운형)의 딸로, 이희호 여사의 안내를 맡을 가능성이 있다.
Q.양측 정상이 공항에서 타고 이동한 차는 무슨 찬가.
포드사의 링컨 컨티넨탈 리무진이다.
주문 생산되며 VIP들이 앉는 공간이 일반 차량보다 최대 3배 가량 크다.
또 특수 재료를 사용, 방탄 처리된 것이 특징이다.
Q. 김 대통령이 백화원 영빈관까지 이동하는 차의 상석에 앉았는데 이례적인가.
김 위원장이 함께 차를 타고 이동한 것 자체가 이례적이지만, 국가 원수끼리 동승할 때 초청을 받은 쪽이 상석에 앉도록 돼 있다.
김 위원장이 나이가 훨씬 많은 김 대통령을 예우했다는 분석도 있다.
Q. 김정일 위원장의 부인 김영숙은 왜 공항에 나오지 않았는가.
김영숙은 원래 잘 모습을 드러내지 않으며, 북측 관례로는 이례적인 것이 아니다.
김 위원장이 5월 중국을 방문할 때도 동행하지 않았다.
Q. 첫날 만찬에 김정일 위원장이 불참하고 김영남 최고인민회의 상임 위원장이 만찬을 주최했는데.
북측은 김영남 상임 위원장이 헌법상 국가 원수(Head of State)이기에 그가 만찬을 주최한 것은 의전 절차상 아무렇ㄴ 문제가 없다는 입장이다.",362,24733
iks_doc_2000_chosun_005,Chosun 2000 annotated text file unicode.txt,Chosun Ilbo,조선일보,2000,2000_june_summit,hot & cold 현대건설,,"대표적인 정상회담 수혜 기대 주로 최근 열흘 간 주가가 두 배로 뛰었지만, 정작 정상회담이 열리자 하한가로 떨어졌다.
단기 급등에 따른 차익 실현 매물이 나왔다.
대우증권 박용완 과장은 ""대표적인 고위험 고수익 종목으로 정상회담에 대한 과도한 기대가 걷히자 위험 요소가 주목을 받고 있는 것으로 보인다""고 말했다.
임동원 국가정보원장도 특별 보좌관으로 평양행 모종의 특별 임무 관심 김대중 대통령의 평양 방문에 임동원(림동원) 국가정보원장이 '대통령 특별 보좌관' 자격으로 포함된 것으로 드러났다.
임 원장은 13일 우리 측 대표단의 일원으로 평양 순안비행장에 모습을 나타냈다.
임 원장은 이날 백화원 영빈관에서 열린 김 대통령과 김정일 국방위원장의 첫 정상회담에 배석, 우리 측 공식 수행원을 김 위원장에게 소개했다.
또 김 대통령의 김영남 최고인민회의 상임 위원장 방문 때도 배석했다.
임 원장의 실제 역할은 무엇일까.
그가 대북 정보의 총괄 책임을 맡은 자리에 있어 관심을 모은다.
우리 측은 오래 전에 임 원장의 방북을 결정해 놨으면서도 그 동안 극비에 부쳐 왔다.
그가 비밀 임무를 뗬기 때문일까.
정부 당국자는 ""신분상의 특수성으로 공식 발표를 안 했을 뿐""이라며 확대 해석을 경계했다.
정상회담을 지켜 본 '탁구 여왕 현정화의 감회 깨지지 않는 '통일팀 만들어야지요 ""저도 북한에는 한 번 가 보고 싶어요.
다른 것은 필요 없고 (이)분희 언니를 꼭 다시 만나고 싶어요.
91년 일본 지바에서 벌어진 세계탁구선수권 남북 단일 코리아 팀의 주역 현정화(31 한국 마사회 코치)는 남북 정상이 만나는 모습을 보면서 이분희(32) 생각을 먼저 떠올렸다.
당시 현정화와 홍차옥(남측), 이분희 유순복(북측) 등은 단일팀 코리아 깃발 아래 출전, 거물 덩야핑이 있던 중국을 깨고 온 겨레를 열광하게 했다.
모두 자매처럼 지냈지만 그중에서도 복식 파트너였던 남북의 에이스 현정화와 이분희는 각별한 사이였다.
당시 지바에서 이분희는 대면 첫마디로 ""현정화 곱구만(예쁘구만)""이라 했고 현정화는 ""언니 얘기 많이 들었어요.
반가워요""라고 말문을 텄다.
그리고 코리아 팀은 44일NNB간의 화려한 외출에 나섰다.
코리아 멤버들은 모두 필생의 승부를 걸었고 만리장성을 훌쩍 넘어 이념과 체제를 초월한 '작은 통일'을 이룩했다.
현정화는 여지껏 이기고 기쁨에 울어 본 일이 없는 차가운 승부사.
하지만 그때는 예외였다.
""(유)순복이가 마지막 경기서 중국 가오준을 이기는데 눈물이 펑펑 쏟아져요.
기자들이 벤치로 몰려들길래 선수 모두가 경기장 뒤 라커룸으로 도망쳐서 문을 걸어 잠그고 부둥켜 안고 울었어요.
당시 시상식 사진을 보면 다른 팀은 모두 트레이닝복 차림인데 코리아 팀만 반바지 운동복 차림이다.
울다가 옷을 갈아입을 틈도 없이 시상대에 올랐던 것이다.
현정화는 94년 은퇴했고 탁구인 출신 김석만씨와 가정을 꾸렸다.
지금은 한국 마사회 코치로 후배 지도에 땀을 흘리고 있다.
동룐 홍차옥(31)도 가정을 이뤘다.
마지막 경기를 이기고 깡총깡총 뛰던 유순복(30)도 한 아이의 어머니가 돼 평양 만경대 부근에서 살고 있다고 한다.
현정화의 단짝 이분희는 동료 선수 김성희와 결혼해 아이를 하나 두고 있으나 생활이 어렵ㄴ 것으로 알려져 있다.
현정화는 ""언니가 산후 조리를 제대로 못 해 고생했고 아기도 뇌수막염에 걸렸다는 소식을 들었다""며 ""할 수만 있으면 우리 집에 데려다 요양이라도 시키고 싶다""고 했다.
그러면서 ""멀ㄴ 훗날에나 가능한 얘기겠지요?""라고 반문했다.
현정화는 헤어지면서 자기 이름을 새겨 넣은 한 돈짜리 금 반지를 이분희에게 정표로 건넸다.
""아마 지금도 갖고 있을 것이어요.
하긴 모르지요.
생활이 어려웠으면...""
그녀는 자신이 없는지 말꼬리를 흐렸다.
코리아 팀의 일원이 됐다는 것은 영광이었지만 지워지지 않을 상처도 남겼다.
선수들은 코리아 팀이 영원할 것이라고 믿었다.
그러나 다시 남북의 유니폼을 입고 대결해야 했다.
현정화는 ""정치 쇼에 우리들의 순수한 감정이 이용당하았다는 생각마저 들었다""며 ""한 팀이라고 믿게 할 땐 언제고...
나중엔 배신감까지 느꼈다""고 했다.
현정화는 ""다음 번 단일팀을 구성한다면 다시는 깨지지 않을 굳건한 팀으로 만들어 달ㄹ라""고 부탁했다.
정상회담 기념 무료 식사 남북정상회담 기간 중 무료 식사를 제공하는 일식집 '어림'(대전시 서구 둔산동 1427 번지)에서 14일 손님들이 매운탕을 먹고 있다.
식당 주인 박영기(45)씨는 ""통일을 염원하는 마음으로 15일까지 회를 제외한 식사/북한 술/음료 등을 무료로 제공하기로 했다고 말했다.
울산, 북한 화물 전용 부두 추진 울산 지방 해양 수산청은 14일 남북정상회담을 계기로 대북 물자의 원활한 수송을 지원하기 위해 울산항에 200여m에 이르는 3만t급 규모의 북한 화물 전용 부두 설치를 추진 중이라고 밝혔다.
울산항의 대북 물동량은 지난해 대한적십자사 비료 지원사업 등 12만t을 기록, 국내 대북 물동량의 43%에 달했다.
'북한 바로 알기'열기 뜨겁다 기업 단체 등 행사 줄여 역사적인 남북정상회담을 계기로 오랫동안 ""북한에 대해 너무 몰랐다""는 의식이 확산되면서 기업은 물론 일반인 사이에서 북한 바로 알기 열풍이 일고 있다.
북한의 정치 경제 지리 등에서부터 북한 동포들의 실제 생활상에 이르기까지 다양한 이해를 높이려는 시도와 이벤트가 이어지고 있는 것.
부산상공회의소는 19일 현대경제연구원 산하 통일경제연구소 김정균 박사의 특강과 남북경협추진협의회 구성을 위한 임시 의원 총회를 열ㄴ다.
또 북한 진출을 준비 중인 지역 기업인들을 대상으로 북한의 정치 경제 법률 등을 강의를 정례화 하기로 했다.
하반기에는 북한정보센터와 기업의 경협 지원을 위한 업종별 분과 위원회를 발족시키기로 했다.
부산남북경제협력추진위원회(위원장 박종익)는 16일 33개 회원 업체 대표들이 모임을 갖고, 북한에 대한 정보 교환과 현지 진출을 위한 준비 작업 협의를 할 예정이다.
7월 중순쯤엔 박재규 통일부 장관을 초청, 방북 성과 등에 대한 간담회도 가질 예정이다.
일반인들의 북한 이해를 돕기 위한 행사도 많다.
한국자유총연맹 동래구 지부는 탈북 귀순자 송윤창(25 한남 단천 출신 97년 탈북)씨를 초청, 김대중 대통령의 방북 당일인 13일 오후 2시 동래구 명장 2 동 사무소에서 '통일 촉진 시민 교육'강좌를 마련했다.
자총은 15일 오후 4시 사직 3 동 사무소에서 같은 강좌를 열ㄴ다.
송씨는 북한의 정치 경제 생활상 등과 학교 생활 등 우리에게 낯설ㄴ 북한의 최근 모습을 생생하게 설명했다.
자총은 앞으로도 계속 귀순자 등 북한 전문 강사를 초청,주민들에게 한 민족의 동질성을 일깨우기로 했다.
유통업계는 주로 북한의 생활상을 보여 주는 이벤트를 열고 있다.
부산 롯데백화점은 13~18일 북한 자수 70여 점 등을 전시하는 '북한 문화 대전'과 북한 주류 시음회를 열고 있다.
호텔롯데 부산도 10일부터 20 일 동안 '북한 음식 풍물전'을 열고 북한의 전통 음식 17종과 미술 작품, 가구 등을 선 보이고 있다.
북한 어린이 돕기 운동을 벌여 온 '작은 이를 생각하는 모임(회장 김영수)'은 다음 달 14일, 창립 2주년을 기념해 북한 바로 알기 특강을 추진 중이다.
공개된 김정일에 대한 관심도 폭발, 그와 관련된 전문 서적도 큰 인기를 끌고 있다.
부산 부산 진구 부전동 영광 도서 측은 남북정상회담을 계기로 매장 4층에 별도의 '북한 관련 특별 코너'설치한 이후, 평소 10권 미만이던 북한 및 통일 관련 서적 판매량이 최근 30~40권으로 크게 늘었다고 밝혔다.
특히 '김정일의 통일 전략'(살림터)과 '김정일'(김영사) 등 김정일 연구 서적 5~6종이 이런 열풍을 주도하고 있다고 서점 측은 설명했다.
천항 대북 교역 중심 창구로 떠올라 무협 통계, 올 남북 교역량 62% 인천항 거쳐 인천항이 국내 대 북한 교역의 중심 창구로 자리잡고 있는 것으로 나타났다.
한국무역협회 인천 지부는 올 들어 4 월말까지 우리나라의 각 항구를 통한 대 북한 교역 규모는 모두 1억 526 만 달러로 이중 62%(6522 만 달러)가 인천항을 통해 이루어졌다고 14일 밝혔다.
그 다음은 울산항 12.7%(1341 만 달러), 부산항 8.8%(927 만 달러), 여수항 7.8%(817 만 달러), 묵호항 3%(317 만 달러), 군산항 1.6%(168 만 달러) 등 순이다.
전체 교역량 중 북한으로 반출된 것은 5978 만 달러 어치, 북한에서 반입된 것은 4548만 달러 어치로 이중 각각 54.9%(3279 만 달러)와 71.3%(3242 만 달러)가 인천항을 통해 이루어졌다.
인천항의 이 같은 반입, 반출 규모는 지난해에 비해 각각 98.1%, 60.3%씩 늘어난 것이다.
인천/남포 노선은 남/북한의 수도권에 있고 부산~나진 노선에 비해 거리도 1/5에 불과한 점에서 인천항을 통한 대북 교역이 급증하고 있는 것으로 분석됐다.
인천항의 반출품으로는 담배, 컬러 TV, 전자 응용 기기 등이 많고 반입품은 직물/의류, 아연 덩어리, 수산물 등이 많았다.
인천무역협회 김인규 지부장은 ""이번 남/북한 정상회담을 계기로 양쪽의 교역이 한층 활발해 질 것인 만큼 인천항의 항만 시설과 물류 시설을 늘려 대북한 전초 기지로서의 특성을 살리는 일이 시급하다""고 지적했다.
이산 상봉 대비 실향민 DB 구축 행정자치부는 14일 남북정상회담 이후 이산가족 상봉에 대비해 전국적으로 실향민들에 대한 데이터베이스(DB)를 구축 관리할 방침이라고 밝혔다.
행자부는 이날 전국 1천 663개의 시 군 구와 읍 면에 호적 전산화를 통해 실향민들의 실태를 파악하도록 했다.
실향민 실태 파악은 호적 전산화가 완료된 3800 만 명의 주민 가운데 이북이 원적인 사람을 선별하고 이북5도민회에 비치된 도민회 명부, 동화은행 설립 당시의 주주, 통일부에 신청한 이산가족 상봉 희망자 명부 등을 대상으로 하게 된다.
행자부는 내달 말까지 이북 5도에 고향을 둔 실향민의 정확한 숫자와 명단을 파악한 뒤 내년 5월까지 이들의 원적지를 비롯, 출생지,주소,주민 등록 번호,호주와의 관계 등을 데이터베이스로 구축할 방침이다.
현재 정부는 실향민 수를 지난 70년 가호적 취득 시 파악한 546만 3000여 명에 근거, 이산가족 2~3 세대를 포함해 766만 7000여 명으로 추산하고 있다.
남북정상회담 신경협 시대 (2) ""이젠 진짜"" 기업들 사업 챙기기 남북정상회담을 계기로 남북 경협을 준비해 온 대기업과 중소기업들이 북한 진출을 위해 빠른 움직임을 보이고 있다.
북한 사업에 선두 격인 현대그룹 외에도 삼성과 LG, SK 그룹 등 대기업과 중견 중소기업 가릴 것 없이 앞으로 남북 경협이 급류를 탈 것으로 보고 북한 진출 사업 내용을 본격적으로 챙기기 시작했다.
삼성은 현재 북한과 협의하고 있는 50 만 평 규모의 전자 단지 조성이 급진전될 것으로 보고 있다.
또 지난 3월 말부터 임가공 방식으로 생산하고 있는 컬러 TV와 전화기, 오디오 등 3개 품목 외에 스피커와 모니터의 북한 생산도 검토하고 있다.
LG 그룹은 우선 봉제와 전자 제품, 부품 분야 시범 투자 사업을 본격화하고 공단 개발과 자원 개발로 사업 영역을 확대해 나갈 계획을 세웠다.
궁극적으로는 정유와 석유 화학 등 대형 프로젝트도 추진할 방침.
LG는 또 지난 97년 협력 사업자 승인을 받은 연간 20 만 대 생산 규모의 컬러 TV 합영 사업과 연간 50 만 대 규모의 자전거 합영 사업에 큰 진전이 이루어질 것으로 기대하고 있다.
SK 그룹은 손길승 회장이 방북단에 포함됐지만 주력 사업이 북한과 직접적인 연관 관계가 없어 아직은 북한 투자에 소극적인 자세.
손 회장은 최근 ""인프라 수준을 감안한다면 북한을 비즈니스 관계로 접근하기에는 곤란한 점이 많다""며 ""상사 등을 통해 북한 상품의 수출을 지원하는 것과 같은 간접 지원 방안을 모색하고 있다""고 말했다.
한화그룹은 플라스틱 가공 분야 합작 사업 등에 300 억 원 정도의 투자를 추진하고 있다.
청진과 나진 지역에 물류 센터 건설 사업도 계획하고 있다.
한국전력은 이번 정상회담에서 북한 측이 전력난을 극복할 수 있는 협력 방안을 요청할 것으로 보고 여유 전력 송전과 북한 내 신규 발전소 건설, 낡은 발전소 보수 등 대북 전력 지원 대책을 마련하고 있다.
한전은 이를 위해 최근 전력 협력 준비 팀을 구성했다.
통일교 계열 금강산 국제그룹의 자회산 평화자동차는 최근 남포에 북한 조선련봉총회사와 합작으로 자동차 수리 개조 공장을 설립했다.
평화자동차는 또 내년 말까지 자동차 조립 라인을 만들어 이탈리아 피아트의 1500cc급 '씨에나' 승용차를 생산할 계획.
KOTRA는 최근 설립한 '대북 위탁 가공 교역 지원 센터'를 통해 대북 교역 품목 선정과 중개상 알선, 상담 지원 등 대북 위탁 가공 분야 인큐베이터 사업을 추진하기로 했다.
중견 중소기업들은 대기업들보다 더 빠르게 움직이고 있다.
케드콤 등 전자 공업 협동 조합 소속 9개 사는 이달 말쯤 방북 계획을 세워 놓고 있다.
김영수 이사장은 ""3년 전부터 가동하고 있는 대동강 공장에 회원사들이 신규 입주하는 문제와 대동강에서 생산한 전자 부품을 북한에 진출한 국내 대기업에 납품하는 문제를 협의할 계획""이라고 말했다.
중소 기협 중앙회는 이르면 7월쯤 30명 정도의 방북단을 파견, 임가공 진출 방안과 서해안 중소기업 전용 공단 조성 문제를 협의할 예정이다.
무역협회 염동철 무역 지원 실장은 ""최근 무역 업체 800 곳을 대상으로 위탁 가공 무역 희망 여부를 설문 조사했는데 240개 업체가 북한 진출을 희망했다""면서 ""물류와 전력 등 문제만 해결되면 중소 무역 업체들의 북한 진출 러시가 나타날 것""이라고 전망했다.
홀로 통일 운동 펴는 성봉경씨 구상나무 보내고 싶어요"" 평양서 열리는 남북정상회담을 보는 부산 동래구 안락 2 동 성봉경(52 사진관 운영 사진)씨의 감회는 남다르다.
성씨는 혼자서 통일 운동을 벌이고 있는 이색 인물.
그의 운동법은 '달리기'.
'포레스트 검프'처럼 전국을 뛰며 '통일'이란 주제를 전파하고 있다.
성씨는 2000년 첫 해가 솟은 지난 1월 1일 한라산 백록담에서 뛰기 시작, 20여 일 간 전국을 돌아 임진각에 도착하는 '통일 기원 마라톤 대장정'을 벌였다.
이 때 성씨는 제주 한라 수목원으로부터 받은 제주산 구상나무 3그루와 동행했다.
이 나무도 30여 개 지역과 40여 개 초등학교를 들렀다.
이중 1그루는 청와대에, 1그루는 북한 주석궁에 선물하고, 1그루는 판문점에 심기로 했다.
그러나 마라톤 대장정 이후 구상나무는 뜻대로 전달되지 못하았다.
성씨는 ""한 번 더 전국을 뛰더라도 구상나무가 북측에 전달될 수 있도록 최선을 다하겠다""며 ""우리 아이들이 제주도에서 백두산까지 마음껏 달리는 모습을 생전에 보는 것이 꿈""이라고 말했다.
국립극단 연극 '마르고 닳도록' 스페인 마피아 ""애국가 저작권료 내 놔라"" 세상이 달라져도 많이 달라졌다.
국립극단이 종전 같으면 생각하기 힘들었던 파격적 테마와 자유 분방한 스타일의 연극을 올린다.
국립극단 창립 50주년 기념 특별 공연으로 24일부터 7월 2일까지 국립극장 해오름 극장에서 공연되는 '마르고 닳도록'(이강백 작, 이상우 연출).
국립극단은 ""극단 50년 역사상 가장 파격적이고 재미있는 연극""이라고 밝히고 있다.
무엇이 파격적일까.
우선 '기발한 발상'으로 지난 30년 간의 한국 현대사를 돌아보는 창작극이기 때문이다.
이 연극은 '애국가' 작곡잔 고 안익태 선생이 스페인 마요르카 심포니 오케스트라의 상임 지휘자였고 임종 당시 스페인 국적을 갖고 있었다는 사실에 착안, 스페인 마피아들이 한국에 '애국가 저작권료'를 달라고 생떼를 쓰는 상황을 설정한다.
연극 속에서 스페인 마피아들은 65년부터 98년까지 무려 33년 동안 다섯 차례에 걸쳐 한국에 원정 와서 박정희 전두환 노태우 김영삼 전 대통령 및 김대중 대통령과 담판을 벌인다.
""대한민국 애국가의 저작권은 스페인에게 있으니 한국 정부가 돈 내 놔라""라는 것.
그러나 여의하지 않다.
연극은 오랜 세월 거듭되는 스페인 마피아들의 한국 원정이란 뼈대 속에 지난 33년 간의 한국 현대사를 녹여낸다.
스페인 마피아들은 최루탄에 울기도 하고 성수대교 붕괴나 삼풍 백화점 붕괴로 죽는 등 한국 현대사와 함께 한다.
영화처럼 빠른 장면 전환을 시도하면서 계속 웃기는 스피디한 코미디라는 스타일도 그간의 점잖은 국립극단 연극과 차별된다.
원로 배우 백성희를 비롯 오영수 김재건 최상설 서희승 이승옥 등 국립극단 배우들 다수가 출연한다.
'마르고 닳도록'은 최근 남북정상회담으로 빚어진 남북 화해 무드에 영향 받은 듯 결말을 바꿔 주목된다.
극 중 애국가 저작권료를 집요하게 요구 받던 한국 정부는 통일의 기운이 무르익자 '만일 통일이 된다면 새롭ㄴ 국가를 제정해야 할지 모른다'며 애국가 저작권료를 거부하는 것으로 연극이 마무리 된다는 것.
연출자 이상우씨는 ""이강백씨의 양해를 얻어 극본을 수정했다""고 밝혔다.
그는 ""애국가조차도 절대적 존재로만 볼 것이 아니라 하나의 기호로 볼 수 있으며 더 중요한 것은 다른 것일 수 있다는 철학이 깔려 있다""고 말했다.
공연을 지켜 봐야 알ㄹ 수 있겠지만 '애국가'의 지위를 흔드는 듯한 결말은 관객들에게 당혹감을 줄 수도 있을 것 같다.
""정상회담 성공 기원"" 달라이라마 11월께 방한 티베트 불교 지도자 달라이 라마 14세는 14일 ""남북한 정상회담의 성공을 진심으로 기원하며, 오랫동안 희망해 온 한국 방문이 이번에는 꼭 성사되기를 바란다""고 말했다.
달라이 라마는 이날 오전 달라이 라마 방한 준비위 초청단(단장 여연 여연 불교 조계종 중앙 종회 사회 분과 위원장)의 공식 초청장을 받는 자리에서 이렇게 말했다.
달라이 라마의 방한 시기는 11월 중순이 유력한 것으로 알려졌다.
남북정상회담 타고 '북한 이미지' 돌풍 북한풍 '촌티'엔 재미와 정감이 있다?
거리를 가득 메운 진분홍 조화의 물결, 환영 인파 속 압도적 한복 차림, 커다랗ㄴ 리번을 달ㄴ 소녀들의 춤추는 듯 커다랗ㄴ 몸짓의 경례...?
남북 정상 회담 평양 방문단 일거수일투족이 실시간으로 생중계되면서 북한 이미지 폭풍이 불어 오고 있다.
촌스러워 보이는 현란한 색조와 특이한 몸짓, 능수버들과 물레방아가 등장하는 극사실주의의 풍경화, 60~70년대 어디쯤에서 본 듯한 옷차림이 텔레비전 화면을 통해 무차별로 안방에 쏟아져 들어오면서 문화 충격을 불러일으킨다.
텔레비전과 인터넷 등을 통해 이미지 커뮤니케이션에 익숙해진 신세대들에게는 시각 이미지야말로 실체를 넘어서는 본질.
선망도 아니고 풍자나 조롱도 아니다.
내용도 중요하지 않다.
낯설ㅁ의 충격은 자연스레 흉내내기로 이어지며 광고, 디자인, 출판 등 문화 산업에 '북한풍'을 몰고 오고 있다.
7ㆍ4남북 공동 성명 때나 92년 남북 고향 방문단 때 등 남북이 접촉할 때마다 일정한 북한풍이 있었다.
그러나 그 때의 북한풍은 '얼음 보숭이'처럼 말/말투를 중심으로 한 언어적인 것에 제한됐다.
시각적 이미지가 압도적으로 우세한 것이 이번 북한풍의 가장 큰 특징이다.
이미 선 보이고 있는 북한풍 이미지는 주로 젊은 층 대상 광고에서다.
노리는 것은 북한 식 '촌티'가 연출하는 '즐거움'(fUN)이다.
양말 업체 '싹스탑'이 최근 김대중 대통령과 김정일 국방위원장과 비슷해 보이는 모델을 내세워 만들ㄴ 신문 광고가 좋은 예.
양복과 인민복을 입었지만 양말은 알록달록한 것으로 신고, '백두에서 한라까지 양말부터 통일하자' 했다.
이 회사는 지금 남과 북 군인 두 명이 어깨동무하고 있는 '2탄'을 준비해 놓고 있다.
게임 웹진 '게임21'은 최근 '반갑습네다!
게임21의 빛나는 영도 아래 자나 깨나 행복합네다!'라고 쓴 포스터를 시내 곳곳에 붙였다.
노랑 바탕 붉은 글씨에, 북한 어린이들이 깃발과 꽃을 들고 있는 그림을 곁들였다.
음악 서비스 업체 '라이브'도 '김정일도 몰래 보는 랄랄라'이라는 카피를 쓴 포스터를 붙였다.
출판계에서도 북한풍 디자인이 시장을 엿본다.
최근 나온 김정일과 북한 관련 서적은 무겁고 학술적인 분위기를 벗어나 자극적 시각 디자인을 채용한다.
지식공작소가 펴낸 '김정일의 생각 읽기'는 제목 활자체를 북한서 쓰는 활자체와 흡사한 것으로 고른 데다, 푸른 별과, 사진, 사진 주변의 붉은 색을 사용, 얼핏 보면 북한에서 만들ㄴ 삐라로 보일 정도다.
살림터의 '김정일의 통일 전략'은 표지를 절반으로 나눠 왼쪽엔 빨갛ㄴ 바탕에 김정일이 손을 흔드는 사진을, 오른쪽엔 인민군 퍼레이드 장면을 써서 진짜 북에서 넘어 온 책 같은 느낌을 주고 있다.
패션 소품 '쌈지' 천호균 사장은 북한풍의 정체를 ""순박함의 충격""이라는 한마디로 요약했다.
""그동안 서구식 미니멀리즘 같은 차갑고 세련된 스타일에 지쳐 인도나 티벳풍에 기울었던 사람들에게 대단히 호소력 있을 것 같다.",160,10135
iks_doc_2000_chosun_006,Chosun 2000 annotated text file unicode.txt,Chosun Ilbo,조선일보,2000,2000_june_summit,"신성일 엄앵란이 활약했던 60년대를 연상하게하는 따뜻함가 있다""고",,"평한 천 사장은 ""곧 북한풍을 재미있고 유쾌하게 반영한 캐릭터가 등장할 것""이라고 내다봤다.
TV로 평양 거리의 환영 인파를 본 디자이너와 복식 학자들은 ""원색의 강렬함를 보며 우리나라 60년대를 연상시키는 복고풍의 향수를 느꼈다""고 말했다.
의상 디자이너 이경원씨는 ""서구적인 미니멀리즘과 차갑고 싸늘한 분위기에 싫증을 내고 있는 요즘, 60~70년대 우리 어머니를 연상시키는 푸근한 촌스럽ㅁ과 강렬한 원색의 북한풍이 자극은 될 수 있다""고 말한다.
이 같은 관점에서 볼 때 북한풍이 패션이나 광고를 넘어, 심지어 방송 개그 프로그램에서도 적지 않은 흔적을 남길 것으로 짐작하기란 어렵지 않다.
KBS '개그콘서트' 서수민 PD의 ""아이디어 회의에서 평양 도착 장면 비디오를 연구하자는 의견이 나왔다""는 말이 이런 전망을 뒷받침한다.
그러나 무엇이든 쉽게 싫증 내고 또 다른 새롭ㅁ을 찾아 나서는 자본 주의 문화 산업의 속성으로 볼 때 일시적인 유행으로 그칠 것이란 전망도 만만하지 않다.
한국출판마케팅연구소 한기호 소장은 ""도식적으로 판에 박은 듯한 북 디자인으론 독자들의 다양한 욕구를 충족시킬 수 없다""며 북한풍의 쇠퇴를 점쳤다.
2차 회담 만찬 표정 ""민족의 100년 눈물 거둘 때 오았다 김 대통령 / ""북 지도자 여러분 서울서 만납시다"" 김 위원장 / ""금강산 케이블카 내가 끝까지 반대"" 김대중 대통령과 김정일 국방위원장은 14일 오후 3시부터 백화원 영빈관에서 단독 회담에 들어가 6 시 50 분(휴식 시간 45분 간)까지 장시간 회담을 계속했다.
잇어 실무자들이 밤늦게까지 조문화 작업을 계속한 뒤 밤 11시 20분쯤 합의서 서명식을 가졌다.
정상회담
마라톤 정상회담이 계속되는 동안 밖에 있던 박준영 청와대 대변인은 ""간혹 김 위원장이 웅변조로 얘기하는 소리가 들렸으며 뭔가를 깊이 있게 설명하려고 했다""면서 ""전체적으로 회담 분위기는 좋은 것 같았다""고 전했다.
두 정상은 '휴식을 취하는 것이 좋겠다'는 주위의 건의를 받아들여 오후 5시 20분쯤 휴식에 들어갔다가 6시 5분쯤 회담을 속개했다.
두 정상은 휴식에 들어가기 전 서울에서 팩스로 전송된 신문을 나란히 서서 보면서 ""정상회담에 모두 관심이 많다""며 마음을 다잡는 모습이었다.
김 위원장은 ""남측 신문에 정상회담이 대대적으로 보도되고 있군요""라고 관심을 표시한 뒤 ""서울신문은 제호가 바뀌었다면서요""라고 말했고 김 대통령은 ""대한매일로 바뀌었다""고 답변했다.
김 대통령은 김 위원장이 남측 언론에 대해 많은 관심을 보이자 ""이 신문철을 드리겠다""며 즉석에서 김 위원장에게 선물했고 김 위원장은 수행원에게 전하며 ""잘 챙기라""고 지시했다.
오후 6시 5분쯤 속개된 2차 정상회담은 45분 만인 6시 50분에 끝났다.
목란관 만찬
김 대통령과 김 위원장은 정상회담이 끝난 후 김 대통령 주최 만찬에 참석하기 위해 목란관으로 이동했다.
두 사람은 만찬 참석에 앞서 양측 관계자들이 배석한 가운데 환담했다.
김 위원장은 ""김 대통령께서 백두산에 한 번 올라가셔야 합니다.
제가 한라산에 한 번 가 보고요""라고 말했다.
김 대통령은 ""다리가 불편해서 백두산에 오르기는 힘들다""고 하자, 김 위원장이 ""자동차가 꼭대기까지 올라간다""고 했다.
김 위원장은 또 ""금강산은 자동차로 못 올라갑니다.
젊은이들이 금강산에 삭도(케이블카)를 놓자고 해서 내가 끝까지 반대했습니다""며 ""나이 들어 못 올라가면 못 올라가는 것이지, 환경 파괴는 왜 하느냐고 반대했지요""라고 말했다.
잇어 두 정상은 기립 박수 속에 만찬 장소에 입장했다.
김 대통령은 만찬사에서 ""이제 지난 100년 동안 우리 민족이 흘린 눈물을 거둘 때가 왔다""며 ""서로에게 입힌 상처를 감싸 줘야 할 때""라고 말했다.
김 대통령은 잇어 ""북에서 애타는 심정으로 재결합을 기다리는 수많은 이산가족이 가깝ㄴ 시일 안에 혈육의 정을 나눌 수 있는 인도적인 결단도 보여 주게 될 것""이라며 ""이제는 6월이라는 달이 민족의 비극이 아닌 내일에의 희망의 달로 역사에 기록돼야 한다""고 말했다.
김 대통령은 연설 도중 김 위원장에 대해 ""김일성 주석이 서거한 이래 우리 민족 전래의 윤리에 따라 3년 상을 치른 그 지극한 효성에 감동했다"" “많은 노력을 하고 계신 데 경의를 표한다"" ""김 위원장이 얼마 전 중국을 방문했을 때 '한반도 문제는 우리 민족끼리 해결해야 한다'고 말했다는 보고를 보고 깊은 감명을 받았다""는 등 여러 차례 칭찬했다.
만찬사는 ""김 위원장, 북측 지도자 여러분, 서울에서 만납시다""며 건배를 제의하는 것으로 끝났다.
김 위원장은 김영남 위원장에게 ""대신 가서 하시지요""라고 했고 이에 김 위원장이 답사를 낭독했다.
김 위원장은 ""우리 정치인들은 통일을 미래형으로 볼 것이 아니라 현재형으로 만들기 위해 지혜와 힘을 모아야 한다""고 말했다.
'생생한 평양' 안방 강타 TV마다 회담 뉴스로 '통일' 북한발 TV 영상이 안방을 강타했다.
기대 이상의 생생한 화질, 예상 못 한 풍부하고 다양한 장면 장면들이 이틀째 시청자들을 TV 앞에 붙들고 있다.
정상회담은 남북 방송 교류/협력사에서도 새 장을 열었다.
북한서의 생중계가 호응을 얻자, TV는 3사는 미리 편성한 각종 특집과 정규 방송을 아예 제쳐 두고, 북한발 생중계, 녹화 중계 뉴스 내보내기 경쟁에 나섰다.
최대 뉴스였던 13일 오전 김정일 위원장의 깜짝 영접 장면 생방송(10시 20분~11시 20분)은 평소 13.9%보다 2배 가깝ㄴ 22.9%(KBS 1, MBC,SBS 3사 합계 TNS미디어코리아 조사)를 기록했다.
KBS 기획 통제실 박동영 주간은 ""북한(PAL)과 남한(NTSC)간 TV 송출 방식이 다른 데다, 정치적 이유로 자유롭ㄴ 생중계가 가능할지 방송 직전까지 확신할 수 없었다""며 ""북한 측이 갖고 나온 중계차와 우리 중계 요원이 가져간 ENG 카메라, SNG 장비가 힘을 합쳐 생중계가 가능했다""고 말했다.
스포츠 중계 이외에 북한 화면이 생중계로 우리 쪽에 전달된 것은 처음.
한 방송 관계자는 ""북한 중계 장비가 예상보다 매우 신형이었다고 취재단이 전했다""면서 ""처음 생방송 그림이 들어왔을 때 '정말 깨끗하다'며 다들 놀라움을 금하지 못하았다""고 말했다.
이후 방송사들은 '만경대 국제 마라톤'(KBS 1) '비화 남북 교류'(MBC) '남북정상회담 특별 기획/영상 기획 평양 2000'(SBS) 등 미리 예정했던 프로그램을 취소한 채 '특보'를 내보냈다.
시청률 1위 드라마 '허준'도 결방의 운명이 됐다.
방송 3사는 14일도 북한에 나간 취재진들이 새롭ㄴ 화면과 뉴스를 보내 올 때마다 정규 방송을 끊고 정상 회담 소식 전하기에 나섰다.
MBC 김상균 보도 국장은 ""남북 정상회담에 대비, 보도국 기자들이 총동원돼 특집 프로그램을 만들어 뒀지만 내보내지 못하고 있다""며 ""우리가 미리 만들어 놓은 프로그램을 방송하는 것보다 북한에서 보내 온 화면이 더욱 생생하고 뉴스가 되기 때문에 거듭 방송하고 있다""고 밝혔다.
'북한 신드롬 '반갑습네다' 인사말 유행 김 위원장 말투 따라하기 ""반갑습네다~.
서울 S 중학교에 다니는 김 모(14)군은 14일 아침 교실을 들어서며 깜짝 놀랐다.
반 친구 10여 명이 동시에 오른손을 머리 위로 들어올리며 북한식 인사를 했기 때문.
평양 순안공항에서 화동들이 김대중 대통령 내외에게 꽃다발을 전하면서 선 보인 북한 소년단원식 인사법이다.
역사적 남북정상회담이 진행되면서 신세대를 중심으로 북한 신드롬이 일고 있다.
특히 김정일 위원장이 보여 준 파격적 행동이나 말투 따라하기가 젊은이들 사이에서 인기다.
서울 K 중학교 이 모(15)군은 ""김 위원장이 김 대통령에게 한 첫 인사말 '반갑VA습네다'를 노래 음에 맞춰 교실과 학원에서 종일 따라 불렀다""고 말했다.
이 군은 또 ""학교 운동장에서는 멀리 보이는 친구들을 부를 때 '장관들 이리 오세요'라고 말한다""고 전했다.
김 위원장이 지난 13일 백화원 영빈관에서 기념 촬영을 할 때 우리 측 국무 위원들에게 '장관들 이리 오세요'라고 한 장면을 TV에서 보고 따라 했다는 것이 이 군의 설명.
서울대 대학원 조 모(25)씨는 ""선배에게 점심 사 달라고 했더니 '섭섭하지 않게 해 드리지요'라는 말이 돌아왔다""며 ""오늘 온종일 김정일의 말 행동이 화제였다""고 말했다.
""섭섭하지 않게 해 드리지요""란 말은 김 위원장이 지난 13일 백화원 영빈관에서 김 대통령에게 한 인사말.
정치인을 상대로 한 사이버 주식 시장 포스닥에는 13일 '김정일 주'가 상장된 이후 '사자' 주문이 쇄도, 연 이틀째 상한가를 기록하고 있다.
5만 200원에 공모된 김 위원장의 주가는 14일 오후 현재 6 만 742원이다.
인민군 위병대 걸음걸이, 북한 노래 부르기도 유행이다.
서울 S 초등학교 고 모(10)군은 ""북한 군인들이 걷는 모습을 보고 친구들과 따라하면서 누가 빨리 걷나 시합도 했다""고 말했다.
‘반갑습니다’ '휘파람' 등 북한 가요를 가수 길정화(19)가 불러 발표한 '통일소녀'도 음반 시장에서 주문이 늘고 있다.
‘반갑습니다’는 젊은 층 사이 휴대 전화 벨소리로도 인기를 얻고 있다.
휴대 전화 벨소리 제공 업체 체인지벨 관계자는 ""이 노래의 벨소리 다운로드 순위가 처음에 등록한 4월에는 22위였는데, 최근에 12위로 뛰어올랐다""고 말했다.
이 업체는 젊은 층들의 요청으로 '휘파람'도 벨소리로 서비스할 예정이다.
서적도 불티나게 팔리고 있다.
지난주부터 북한 서적 코너를 따로 마련 중인 교보문고의 정치 사회 부문 베스트셀러 10위권 안에는 '김정일 100 문 100답 '현대 북한의 지도자 등이 올라와 있다.
교보문고 관계자는 ""정상회담을 앞두고 이번 달부터 북한 관련 서적 판매량이 급증하고 있다""고 말했다.
보따리 상인들의 북녘 시장 뚫기 현장 르포 제3 지대 KBS 1TV 밤 12시 30분.
'속초/백두산 뱃길로 열린 시장' 편.
남북 정상회담을 기점으로 북녘 시장을 뚫기 위한 보따리 무역상들 행보가 활기를 띠기 시작했다.
4월 28일, 29일에 각각 속초와 훈춘에서 취항한 여객선 승객 중 절반 이상이 보따리 상인이다.
정상회담 결산 남북 관계 미래상 전망 정운영의 100분 토론 MBC TV 밤 11시 5분.
'남북정상회담, 결산과 전망 편.
남북 정상회담이 막을 내렸다.
대통령을 수행해 정상회담 기간 동안 북한을 다녀온 각계 대표들과 북한 전문가들을 불러 정상회담 성과와 북한의 달라진 모습, 향후 과제들을 짚어 보고 남북 관계 미래상을 전망하는 시간.
박지원 문화 관광부 장관, 고은 민족문학작가회의 상임 고문, 이원호 중소기업 협동 조합 중앙회 부회장, 정일용 연합뉴스 북한 전문 기자가 이야기를 나눈다.
외국 기자 실향민 취재 남북정상회담을 취재하기 위해 한국에 온 외국 기자가 서울 을지로에 있는 을지면옥에서 냉면을 먹고 있는 실향민들을 인터뷰하고 있다.
해외 언론 반응 일 NHK 아사히 신문 / ""일 북 관계에 긍정적 영향"" 미 LA타임스 / 미는 대북 정책 재검토해야 영 인디펜던트 / 냉전 마지막 커튼이 걷힌다 불 르몽드 르피가로 /두 김씨 선의의 경쟁 중 신민만보 / ""혈육은 본래 하나다"" 남북 정상회담 합의문 서명 소식에 대해 일본 언론도 지대한 관심을 보였다.
13일 자정쯤 김대중 대통령과 김정일 국방위원장이 합의서에 서명했다는 소식이 전해지자 일본 국영 NHK 방송은 정규 방송을 중단하고 자정 뉴스를 연장하며 이 소식을 화면과 함께 전했다.
NHK는 '남북 수뇌, 합의 문서에 서명'이라는 자막과 함게 두 정상이 합의서에 서명하는 장면을 몇 차례에 걸쳐 계속해서 10여 분 간 방송했다.
NHK는 평양에서 12시에 생중계 되기로 했던 박준영 청와대 대변인의 발표가 다소 늦어졌지만, 정규 방송을 재개하지 않고 다른 국내 뉴스를 내보내며 평양 소식이 들어오기를 기다렸다.
방송은 잇어 서울 프레스 센터를 위성으로 연결해 5개 항의 합의문 내용을 상세히 보도하고, 전문 기자와 앵커가 합의 내용을 또 다시 20여 분 간 조목조목 분석하기도 했다.
아사히(조일) 신문도 인터넷을 통해 새벽 0시 11분에 이 소식을 긴급 보도했다.
신문은 ""남북 정상회담에서 '남북의 화해와 통일'등의 역사적 합의가 갖춰진 것에 대해 환영하고 있으며, 일 북한 관계 발전에도 긍정적인 방향으로 나아갈 수 있을 가능성이 커졌다""는 일본 정부의 반응도 전했다.
신문은 또 합의를 바라보는 한국민들의 분위기와 재일 동포들 반응을 전했으며, 각국의 반응도 함께 인터넷 신문에 게재했다.
오락 프로그램 같은 진행으로 시청률이 높은 TV 아사히의 '뉴스 스테이션'은 김 대통령이 전날 만찬에서 받은 상차림을 재현하기도 하는 등 이번 회담에 쏠린 일본 국민들의 다양한 관심을 보여 줬다.
남북 정상회담은 미국의 대북 정책을 평가할 수 있는 좋은 기회가 될 것이다.
미국 내에서 북한은 단지 위험한 골칫거리라는 회의론도 있다.
하지만 북한이 외부 세계에 개방하려는 증거들이 있다.
그동안 북한은 법적으로 외국인 투자가 가능하도록 각종 제도와 헌법을 개정했다.
경제면에선, 남한 기업이 남북 정부의 축복 속에 북한에서의 활동 영역을 넓혀 가고 있다.
북한이 변화하려는 이번 기회를 미국은 놓치면 안된다.
북한은 미국과 국제 사회의 도움이 필요하다.
그렇다면 어떻게 북한에게 접근해야 하나.
첫째 장기적인 안목을 가져야 한다.
북한은 자신들의 계획대로 한 걸음씩 다가올 것이기 때문이다.
큰 성과를 성급하게 기다리면 안 될 것이다.
둘째, 북한이 태도를 분명히 하지 않을때/NNG, 협조를 받을 수 없다는 점도 보여 줘야 한다.
셋째, 북한에 부족한 지식을 제공해 줘야 한다.
즉, 경제 변화를 거치면서 생기는 불안 요인에 대처할 수 있는 교육을 시켜야 한다.
북한 문제에는 위험 요소가 많기 때문에 신중하게 기다려야 할 것이다.
북한을 있는 그 자체로 이해하려 한다면 북한은 국제 사회로 들어올 것이다.
냉전의 마지막 커튼이 걷힐 듯하다.
기근과 경제적 붕괴에 직면한 북한은 최근 이탈리아, 호주와 외교 관계를 맺었다.
그러나 이 모든 것이 평양 남북정상회담 앞에서는 빛이 바랬다.
이것은 현재 전쟁 상태에서 이념적으로 경쟁하는 분단국가, 세계에서 가장 무장된 상태로 국경을 맞대고 있는 두 나라 정상의 '역사적 만남이다.
가난과 퇴보에도 불구하고 '불량 국가' 북한은 작년 국민 총생산의 6분의 1를 국방비에 투입했다.
중거리 탄도 미사일 발사 실험에도 성공했다.
남한의 국경선은 3만 7000여 명 주한 미군에 의한 '덫줄(Trip/wire)'이다.
한반도는 지난 50년 동안 세계 종말 전쟁의 장소로 첫 번째 리스트에 있었다.
따라서 남한의 김대중 대통령과 '친애하는 지도자'인 북한 김정일 국방위원장 사이의 대화는 하나의 희망이다.
김대중 대통령은 625전쟁으로 인한 180 만 이산가족의 상봉과 하늘, 땅, 바다를 통한 남북 간 연결을 주문했다.
이에 대해 북한은 아직 '노'이라고 대답하지 않았다.
남북한 사이에는 '통일된 독립 한국'이라는 무지개가 걸려 있다.
지금 가장 중요한 것은 이와 같은 만남이 정례화돼 긴장을 항구적으로 줄이는 것이다.
남북한의 긴장은 무엇보다도 북한의 책임이다.
김정일 국방위원장은 이번에 국제 사회에 호의적 인상을 줬을지 모르나, 강철 같은 지배력을 가지고 있다.
북한은 낙후된 산업과 피폐된 농업을 구원해 줄 친구를 찾고 있다.
그러나 경제 개혁이 필연적으로 정치 개혁이나 미국과의 관계 정상화를 의미하는 것은 아니다.
과거의 경험을 통해 북한은 클린턴 대통령이 말했듯이 ""지구상에서 가장 위험한 국가""이기 때문이다.
프랑스의 일간지 르몽드는 14일 자 국제 면에 '김씨와 김씨, 같은 역사책에서 뜯은 두 쪽'이란 제목으로 김대중 대통령과 김정일 국방위원장을 대비하는 기사를 싣었다.
'김대중 남한 대통령과 김정일 북한 최고 지도자, 그들은 둘 다 코리언이고, 그들 동포의 3분의 1와 마찬가지로 김씨 성을 가졌다.
하지만, 그 외에 그들이 크게 공유하고 있는 것은 없다.
한쪽은 양복 정장을 했고, 또 한쪽은 평이한 점퍼 차림이었다.
그들의 만남은 똑같은 한국 역사책에서 뜯어내 나란히 놓은 두 쪽과 같다.
그 역사책은 이데올로기라는 이름으로 헤어져서 강대국 이익에 봉사한 약소국 국민들의 비극을 들려준다.
'
특히 이 신문은 김정일 위원장의 양면성을 지적했다.
'흔히들 그가 괴팍하고 충동적이고 권위적이면서도 술과 여자, 영화 그리고 마술을 좋아하는 쾌락주의자라고 한다.
하지만 주민의 3분의 1가 굶주린 빈혈 상태의 국가를 통치하는 그의 정권이 군사적 위협이란 패를 이용해서 강대국들을 협상 테이블로 끌어내는 방식을 보면, 그의 전술가로서의 재능이 입증된다.
이 같은 토대 위에서, 김일성 주의의 후계자는 두 한국의 화해의 장인으로 역사에 자리잡기 위해 공을 들이는, 정치인이자 권력의 지렛대 활용의 달인인 김대중 대통령을 대화 상대자로 맞을 수 있다'고 지적했다.
르피가로는 14일자 국제면 1개면 전체를 통해 '김씨들 간의 선의의 경쟁'이란 제목으로 남북한 정상의 평양 상봉을 보도했다.
이 신문은 '수수께끼 같은 공산주의 북한의 지도자 김정일이 김대중 한국 대통령을 영접하면서 껍질을 깨고 나왔다'고 강조했다.
긴급 좌담 ""북은 실리 명분 두 마리 토끼 쫓고 있다"" 유호열 고려대 교수 / 화해하고 악수해도 김 위원장 가슴 속엔 냉철한 계산 있어 고유환 동국대 교수 /'은둔 정치' 청산 북 통치 스타일 변화 한반도에 큰 영향 김영윤 통일연구원 위원 / 정상회담 분위기 북이 주도하는 느낌 남 지원 얻으려는 전략 역사적인 남북 정상회담이 14 일부터 그 결과들을 내놓기 시작했다.
북한 문제 전문가 3인의 긴급 좌담을 통해 이번 회담의 성과를 정리해 보고, 앞으로의 남북 관계를 전망해 본다.
14일 저녁 본사 편집국에서 열린 좌담에는 유호열 고려대 교수, 고유환 동국대 교수, 김영윤 통일연구원 선임 연구 위원 등이 참석했다.
유호열 14일 김대중 대통령과 김정일 국방위원장 사이의 2차 단독 정상회담에서 포괄적인 합의서에 서명할 수 있었던 것은, 이미 이번 회담 기간 이전부터 남북 양측 실무진 사이에서 상당한 의견 조율이 있었음을 말해 준다.
물론 13일 김 대통령과 김 위원장이 승용차 안에서 가진 55분 간의 차 중 단독 회담은 14일의 합의를 위한 준비 과정이었을 것이다.
김영윤 14일 오후 2차 정상회담이 시작되기 전에 있었던 두 정상 간의 대화를 보면서, 상당히 극적인 결과를 낼 수 있을 것이라는 인상을 받았다.
고유환 적어도 13일 밤에 각 분야별로 양측 실무 대표들이 비밀 접촉을 가지지 않았는가 생각한다.
14일 오전 김 대통령 일행과 김영남 최고인민회의 상임 위원장 및 북측 인사들 사이의 '공식 면담'은 참석자들의 면면을 볼 때 14일 오후의 합의서를 위한 실무적 논의를 했을 만한 인물은 눈에 띄지 않는다.
그런데도 2차 정상회담에서 합의로까지 갈 수 있었던 것은 결국 보이지 않는 실무 준비가 상당히 있었음을 보여 준다.
유 회담에 임하는 두 정상의 자세에 차이가 느껴졌다.
김 위원장은 처음부터 본질적인 이야기를 하겠다고 했는데, 그 의지가 엿보였다.
반대로 우리 대통령은 회담이 가까워질수록 만남 자체가 의미 있는 일이라고 했고, 합의 가능한 사안부터 처리해 가겠다고 말해 왔다.
김 위원장은 경협이나 이산가족 문제는 들어 주겠지만, 그보다 뭔가 더욱 본질적인 사안들을 제기하겠다는 의지가 보였다.
김 이틀째 정상회담이 이루어지는 과정과 형태 등에서 몇 가지 아쉽ㄴ 점을 지적하고 싶다.
정상회담 분위기나 상황이 북한에 의해 주도되는 인상을 주고 있다.
13일 환영 만찬에 김정일 위원장은 참석하지 않았고, 14일 오전에는 '확대 정상회담'이 '공식 면담'으로 바뀌었다.
북한은 실리 중심의 전략 속에 남측으로부터 많은 지원을 얻어 내려는 것이라고 생각된다.
유=어떻게 보면 북한은 실리와 명분을 다 얻고 있는 상태다.
어제 북한 중앙방송은 이번 정상회담을 완전히 김정일이 주도하고 있다는 분위기로 보도했다.
결국 북한 주민들에게 김 위원장을 한층 제고하는 효과를 거두고 있고, 또 우리 쪽 국민들에게도 적잖은 영향을 주고 있다.
북한은 실리뿐만 아니라 명분도 취하고 있는 것이다.
고 2차 정상회담의 의제는 처음부터 매우 포괄적이었다.
7ㆍ4성명에서 제기된 화해와 단결, 교류 협력 문제를 중점 논의하겠다고 돼 있다.
북한은 이런 의제들을 통해 통일 회담으로서 정상회담을 이용하겠다는 의지를 보인 것인데, 이는 과거부터 북한이 취해 온 전통적인 자세다.
다만 이번 회담이 과거와 다른 것은, 이전에는 14일 '공식 면담'에서 김영남 위원장이 언급한 '보안법 철폐'나 주한 미군 철수 요구와 직결되는 '자주' 등의 의제들을 남북 당국 간 회담의 전제 조건으로 이용하곤 했는데, 이번에는 이를 철회하고 일단 정상회담을 한 다음에 논의하는 쪽으로 방향을 잡은 것이다.
유 7ㆍ4 공동 성명부터 계속돼 온 사항들이 '전제 조건'에서 '의제'로 변한 것만으로 보면, 이 문제를 앞으로도 얼마든지 내세울 수 있는 상황을 만들어 둔 것이라고 볼 수도 있다.
북한은 필요하면 언제든지 이를 카드화할 수 있고, 상황 변화에 따라 아차 하는 순간 자신들의 행동에 대한 '면책 사유'로 이용하려 들ㄹ 수 있을 것이다.
고 이번 정상회담은 한반도 문제의 남북 당사자 해결 구도를 마련하는 것이다.
따라서 북한으로서는 남한에 대해 미일과의 공조 포기를 굳이 요구할 필요가 없다고 할 수도 있다.
그래서 이번 남북정상회담에 대해서는 중국이 가장 환영하고 있다는 분석이 나온다.
일단 한반도 문제의 당사자 해결 구도가 확립되면 주한 미군 철수 문제는 차근차근 나오게 돼 있고, 미국의 영향력이 축소되는 반면 중국의 영향력은 확대되는 것이다.
그런 점에서 남북정상회담은 결국 주변 4 강들로 하여금 한반도에 대한 영향력 확대 경쟁을 촉발하는 요인으로 작용할지도 모른다.
김 14 일 '공식 면담'에 아태평화위원회나 민족경제협력연합 같은 단체들이 공식 면담에 참여했다는 것은 경제적인 면에서 보면 이들 기구가 앞으로 경협에서 실질적인 역할을 할 수 있도록 무게를 싣어 주면서, 선 보이는 기회였다고 할 수 있다.
금강산 관광은 아태평화위가, 민경련은 대남 기업 활동의 창구다.
고 이번 정상회담의 가장 큰 의미는 김 위원장이 '은둔 정치'를 청산하고 대중 정치인으로 변신할 것임를 예고한 데 있다고 본다.
앞으로 김 위원장의 통치 스타일에서 큰 변화가 있을 것으로 생각한다.
김정일은 1964년 대학을 졸업한 후 노동당에 들어가 약 30여 년 간 막후에서 실권을 행사해 왔다.
80년 6차 당 대회 이전까지만 해도 이름이 대외적으로 공표되지 않은 가운데 '당 중앙'이라는 은유적 표현을 통해 내부적 통치를 해 왔다.
아버지는 위대한 수령으로 공식 활동을 하고, 당 내 실권은 은둔한 김 위원장이 행사한 것인데, 그것이 습성화된 것처럼 보였다.
1994년 아버지가 죽고도 그것이 쉽게 바뀌지 않았다.
이번에 그것이 바뀐 것이다.
김 위원장이 은둔 통치에서 나왔다는 것은 앞으로 한반도 정세 등에서 엄청난 의미를 갖는다고 본다.
당장은 서울 답방 가능성이 높고, 가을 유엔 본부에서 열리는 밀레니엄 정상 회의에도 참석할 가능성이 있다.
결국 북한이 개혁 개방 쪽으로 가려는 큰 그림이 있는 것 아닌가 싶다.
유 지금까지도 김정일은 각 지방에서 현지 지도도 해 왔고 외국에도 다녀왔다고 하지만, 그것을 공개하지 않았었다.
본인이 스스로 '은둔하지 않았다'고 말한 것은, 앞으로는 과거 아버지 김일성 주석처럼, 아니면 나아가 좀 더 정상적인 국가의 지도자로서 나서겠다는 뜻을 피력한 것 아닌가 생각된다.
아니면 앞으로는 적극적으로 나서겠다는 자신감이 배 있는 것 같다.
김 스스로가 바깥에 은둔하는 것 같은 인상을 줘 왔다는 점을 인정한 것은, 앞으로 자신이 노출될 수밖에 없지 않은가 하는 점을 인정하는 것으로 해석할 수 있다.
고 앞으로의 남북 관계는 북한이 그동안 부각시켜 온 '남한 주적론'의 상실이라는 문제에 직면할 것이다.
90년대 이후 북한은 통미봉남이라는 용어가 나올 정도로, 미국에는 다가서면서 남한에는 적대적 입장을 취해 왔다.
그런데 남한과 공존 협력 관계를 구축한다면, 과연 북한은 남한의 우방인 미국 일본까지 3국과 다 화해하면서 개혁 개방을 추진할 수 있을 것인지가 문제다.
북한이 그런 변화의 충격을 흡수할 수 있을 것인지 의문이다.
따라서 개혁 개방을 추진하기 위해서 어쩌면 역설적으로 다시 긴장 국면으로 부분적 회귀를 할 가능성도 있다.
가령 미국 또는 일본을 주적으로 삼거나, 아니면 남북 간에 긴장 국면으로 다시 돌아가는 3가지 시나리오가 예상된다.
김 앞으로 남북 관계에는 많은 변화가 예상된다.
우선 정상회담을 통해 이루어진 정치 분야의 관계 개선이 경제 사회 문화 분야의 교류 협력에 순기능적으로 작용할 것이고, 이것이 다시 정치적 교류를 증진시키는 쪽으로 나아갈 것이다.
지속적인 포용 정책의 추진이 중요하다.
거침없는 언행 '김정일 충격' 김정일 국방위원장의 거침없는 말과 제스처에 우리 국민들은 또 한 번 놀랐다.
14일 오후 3시 평양 백화원 영빈관에서 열린 정상회담.
김 위원장은 ""서울의 테레비를 봤다""면서, 남한에서 사용하는 '탈북자'라는 단어를 직설적으로 말하는가 하면, 그동안 자신이 은둔해 온 것이 아니라는 것을 농담을 섞어 가며 말했다.",191,12301
iks_doc_2000_chosun_007,Chosun 2000 annotated text file unicode.txt,Chosun Ilbo,조선일보,2000,2000_june_summit,"잇어 목란관에서 열린 만찬에서도 김 위원장 옆에 있던 김 대통령이 이희호 여사와 자리를 맞바꿔 앉자, 김 위원장은 ""왜 연회장에 들어와서까지도 이산가족을 만들려고 하느냐""며",,"""그래서 김 대통령이 이산가족에 관심이 많은 모양""이라고 재치 있게 말했다.
남북 공동 선언 서명이 끝난 뒤, 김 대통령과 건배에서도 단숨에 잔을 비우는 호기를 보였다.
전날 평양 순안공항에서 자유 분방하고 격의 없는 태도로 김대중 대통령을 영접해 놀라게 했던 김 위원장은 이날 훨씬 여유 있는 모습이었다.
점퍼 대신 정장 형태의 말끔한 인민복을 입고, 갈색 선글라스 대신 색깔 없는 안경을 낀 채 시종 미소를 띠면서 대화를 이끌었다.
김 위원장은 ""남쪽의 방송도 보고...""라며 한국에 대해 잘 알고 있다는 것을 은연중에 과시했다.
또 자신이 그동안 외부 세계에 잘 알려지지 않았던 것에 대해서도 우스갯소리처럼 해명했다.
""구라파 사람들이 나보고 '왜 은둔 생활 하나' 하는데.
내가 중국도 갔댔고, 인도네시아도 갔는데 왜 나보고 은둔 생활을 한다고 하는가.
김 대통령이 북한에 오셔서 내가 은둔 생활에서 해방됐다고.""
좌중을 웃겨 가며 자신의 생각을 거침없이 쏟아 놨다.
그는 이 대목에서 처음에는 ""적들은""이라는 표현을 썼다가 금방 ""구라파 사람들""이라고 고쳤다.
이날 우리 국민들은 TV 화면에 비친 김 위원장의 이틀째 모습에 놀라움을 감추지 못하았다.
박철현(30 대학생)씨는 ""김 위원장은 비합리적인 인물이라고 생각했는데 TV에 등장한 그의 모습은 여유가 넘쳐 솔직히 충격을 받을 정도였다""고 말했다.
회사원 이상민(24 LG EDS 직원)씨는 ""김 위원장은 귀하게 자라고 예술에 심취해 성격이 까다롭고 괴팍할 것으로 여겼는데, 상당히 호방하고 솔직하다는 인상을 받았다""고 말했다.
그러나 '계산된 연출'이라는 상반된 평가도 나오고 있다.
실향민 김순임(82 황해 해주 출신)씨는 ""TV에 나오는 김 위원장은 의젓하고 솔직한 것처럼 보이지만 그를 완전히 믿어서는 안 된다""고 강조했다.
김 위원장의 독특한 이미지 관리는 영화광에다 TV 언론 매체에 대한 오랜 감각에서 비롯됐다는 해석도 있다.
정상회담 일정을 하루 연기해 우려를 자아낸 후 의표를 찌른 공항 영접 등으로 극적 반전을 연출했다는 것이다.
전문가들은 김 위원장의 이런 모습이 전혀 놀랄 만한 일은 아니라는 반응을 보였다.
동국대 최대석(44 북한학 과) 교수는 ""그동안 김 위원장이 일반인들이나 언론에는 비합리적이고 비이성적인 지도자로 인식된 것은 사실""이라며 ""하지만 전문가들 사이에는 '제왕학'을 30여 년 간 전수 받은 지도자라는 것이 일반적인 평가""라고 말했다.
연세대 동서문제연구소 한종기 박사는 ""이번 정상회담은 김 위원장 의도대로 초점을 자신에게 맞춘 것""이라며 ""그의 자신감 넘치는 행동 속에 숨겨진 치밀한 계산을 잘 파악해야 한다""고 지적했다.",21,1306
iks_doc_2007_chosun_001,Chosun 2007 annotated text file unicode.txt,Chosun Ilbo,조선일보,2007,2007_october_summit,노무현 대통령 “몸 사리거나 금기 두지 않을 것“,출발,"“몸 사리거나 금기 두지 않을 것“노무현?대통령은 2일 오전 평양 남북정상회담 출발에 앞서 “이번 정상회담은 좀 더 차분하고 실용적인 회담이? 될? 것“이라며 “지난 2000년 정상회담이 남북 관계의 새 길을 열었다면 이번 회담은 그? 길에? 가로놓여 있는 장애물을 치우고 지체되고 있는 발걸음을 재촉하는 회담이 될 것“이라고 말했다.
노 대통령은?청와대 본관 앞에서 발표한 '대국민 인사'에서 이 같이 밝힌 뒤 “여러 가지 의제들이 논의되겠지만, 무엇보다 평화 정착과 경제 발전을 함께 가져갈 수 있는, 실질적이고 구체적인 진전을 이루는 데 주력하고자 한다“고 말했다.
노 대통령은 '대국민 인사'를 발표한 뒤 오전 7시 55분쯤 권양숙 여사와 함께?전용차 편으로 북녘 땅으로 출발했다.
노 대통령은 오전 9시쯤 도보로 군사 분계선(MDL)을 넘어 평양으로 향할 것으로 예상된다.
노 대통령은 “비핵화 문제와 한반도 평화 체제는 궁극적으로 남북의 합의만으로 해결될 수? 있는 일은 아니지만 기본 방향을 설정하고 속도를 내는 데 있어서는 남과 북의 의지가 무엇보다 중요하다고 생각한다“며 “이번 회담이 6자 회담의 성공을 촉진하고, 한반도와 동북아의 평화에 기여하는 회담이 될 수 있도록 최선을 다할 것“이라고 말했다.
또 노 대통령은 “경제 협력은 많은 진전이 이루어지고 있습니다만 아직도 많은 장애가 있다“고 전제한 뒤 “국제적인 요인만이 아니라 남북 간 인식의 차이에 기인한 장애도 적지 않고, 이 장애를 극복하지 않고는 본격적인 경제 협력이 속도를 내기는 어렵다“면서 “이 인식의 차이를 극복하는 데 노력을 집중할 것“이라고 말했다.
노 대통령은 또 “군사적 신뢰 구축과 인도적 문제에 있어서도 구체적인 합의가 이루어질 수 있도록 최대한 노력하겠다“고 덧붙였다.
노 대통령은 “저는 이번 회담에 거는 국민 여러분의 기대와 요구를 잘 알고? 있고,국민의 기대를? 최대한? 의제에 반영하고 결과를 얻고 싶은 심정이나 한 번의 만남으로 이 많은 과제를 소화할? 수는 없을 것“이라며 “남은 임기를 고려하면 이번 회담에서 논의하고 성사할? 수? 있는 일에도 한계가 있을 것“이라고 말했다.
잇어 “시기를 놓치지 않고 한 걸음 한 걸음 착실히 나아가는 것이? 중요하다“며 “저는 욕심을 부리지 않을 것이며, 그렇다고 몸을 사리거나 금기를 두지도 않을? 것“이라고 말했다.
노 대통령은 “역사가 제 책임으로 맡긴 몫이 있을 것“이라며 “이 시기 우리를 둘러싼 상황에 대한 냉정한 판단을 토대로 제게 맡겨진 책임만큼 최선을 다 할 것“이라고 말했다.
노 대통령 방북 출발 '대국민 인사' 전문 존경하는 국민 여러분, 저는 오늘부터 사흘 간 평양을 방문합니다.
취임 전후의 긴박했던 상황을 생각해 보면, 이제 한반도 정세나 남북 관계가 정상회담을 열ㄹ 수 있을 만큼 변화했다는 사실이 참으로 다행스럽고 기쁩니다.
오늘이 있기까지 참여 정부의 대북 정책을 믿고 성원해 주신 국민 여러분께 진심으로 감사 드립니다.
국민 여러분, 이번 정상회담은 좀 더 차분하고 실용적인 회담이 될 것입니다.
지난 2000년 정상회담이 남북 관계의 새 길을 열었다면, 이번 회담은 그 길에 가로놓여 있는 장애물을 치우고 지체되고 있는 발걸음을 재촉하는 회담이 될 것입니다.
여러 가지 의제들이 논의되겠지만, 무엇보다 평화 정착과 경제 발전을 함께 가져갈 수 있는, 실질적이고 구체적인 진전을 이루는 데 주력하고자 합니다.
비핵화 문제와 한반도 평화 체제는 궁극적으로 남북의 합의만으로 해결될 수 있는 일은 아닙니다.
그러나 기본 방향을 설정하고 속도를 내는 데 있어서는 남과 북의 의지가 무엇보다 중요하다고 생각합니다.
이번 회담이 6자 회담의 성공을 촉진하고, 한반도와 동북아의 평화에 기여하는 회담이 될 수 있도록 최선을 다할 것입니다.
경제 협력은 많은 진전이 이루어지고 있습니다만, 아직도 많은 장애가 있습니다.
국제적인 요인만이 아니라 남북 간 인식의 차이에 기인한 장애도 적지 않습니다.
이 장애를 극복하지 않고는 본격적인 경제 협력이 속도를 내기는 어렵습니다.
저는 이 인식의 차이를 극복하는 데 노력을 집중할 것입니다.
군사적 신뢰 구축과 인도적 문제에 있어서도 구체적인 합의가 이루어질 수 있도록 최대한 노력하겠습니다.
국민 여러분, 저는 이번 회담에 거는 국민 여러분의 기대와 요구를 잘 알고 있습니다.
많은 국민과 전문가들이 제안한 의제들, 정상회담 추진 위원회에서 검토된 의제들, 그리고 그 외에도 많은 의제들이 있습니다.
국민의 기대를 최대한 의제에 반영하고 결과를 얻고 싶은 심정이나, 한 번의 만남으로 이 많은 과제를 소화할 수는 없을 것입니다.
남은 임기를 고려하면 이번 회담에서 논의하고 성사할 수 있는 일에도 한계가 있을 것입니다.
시기를 놓치지 않고 한 걸음 한 걸음 착실히 나아가는 것이 중요합니다.
저는 욕심을 부리지 않을 것입니다.
그렇다고 몸을 사리거나 금기를 두지도 않을 것입니다.
역사가 제 책임으로 맡긴 몫이 있을 것입니다.
이 시기 우리를 둘러싼 상황에 대한 냉정한 판단을 토대로 제게 맡겨진 책임만큼 최선을 다 할 것입니다.
합의를 이루기 위해 설득할 것은 설득하고, 타협할 것은 타협할 것입니다.
많은 합의를 이루지 못하더라도 상호 인식의 차이를 좁히고 신뢰를 더할 수 있다면 그것도 중요한 성괄 것입니다.
저는 잘 될 것이라는 확신을 가지고 있습니다.
멀리 보고 큰 틀에서 생각한다면 남과 북이 가는 길이 다르지 않을 것이기 때문입니다.
국민 여러분, 이제 북녘 땅을 향해 출발하겠습니다.
이틀 후 좋은 결과를 가지고 돌아올 수 있도록 아낌없는 성원을 부탁 드립니다.
감사합니다.
노무현 대통령, 도보로 군사 분계선 통과 국가 원수 도보 통과 사상 처음 노무현 대통령이 10월 2일 오전 9시 5분쯤 군사 분계선(MDL)을 도보로 넘어 북녘 땅을 밟았다.
분단 이후 군 통수권자가 도보로 휴전선을 넘은 것은 이번이 처음이다.
노 대통령과 권양숙 여사가 탄 전용차는 이날 오전 8시 59분쯤 노랗ㄴ 색 군사 분계선 30m 앞 지점에서 멈춰 섰다.
잠시 후 권 여사와 함께 차량에서 내린 노 대통령은 30m 가량을 걷어 가 군사 분계선을 넘었다.
앞서 지난 1948년 4월 19일 백범 김구 선생이 남북 통일 정부 수립을 촉구하며 평양에서 열린 남북 제 정당 사회 단체 대표자 연석 회의에 참석하기 위해 38선을 넘어 갈 때도 이 육로를 이용했다.
김구 선생은 방북하던 중 38선 푯말에서 잠시 내려 기념 촬영을 했다.
노 대통령은 군사 분계선을 넘기 직전 권 여사와 함께 기념 촬영을 한 뒤 '평화 메시지'를 담은 소감을 밝혔다.
노 대통령은 “오늘 아주 중요한 일을 하러 가는?날이라 가슴이 무척 설레이는 날인데 오늘 이 자리에서 서고 보니까 심경이 또한 착잡하다“고 말했다.?
노 대통령은 “눈에 보이는 것은 아무것도 없는데 여기 있는 이 선이 지난 반 세기 동안? 우리 민족을 갈라 놓고 있는 장벽이었다“며 “이 장벽 때문에 우리 국민들은,?우리 민족들은 너무 많은 고통을 받아 왔고, 또한 발전이 저지돼 왔다“고 말했다.
노 대통령은 “이제 저는 이번에 대통령으로서 이 금단의 선을 넘어 간다“며 “제가 다녀오면 더 많은 사람들이 다녀오게 될 것이며,그러면 마침내 이 금단의 선도 점차 지워질 것이다.
장벽은 무너질 것“이라고 말했다.
노 대통령은 “제 이번 걸음이 금단의 벽을 허물고 민족의 고통을 해소하고 그동안 당해 왔던 우리 민족의 그 많은 고통들을 넘어서 평화와 번영의 길로 가는 계기가 되도록 노력하겠다“고 말했다.
북측에서는 김정일 국방위원장의 측근인 최승철 통일전선부 부부장 등 4명이 나와 노 대통령과 권 여사를 영접했다.
노 대통령은 한복을 입은 여성 2명이 꽃다발을 건네자 “꽃다발 주신 분들과 사진 한 번 찍자“고 해 즉석 사진 촬영을 하기도 했다.?
이에 앞서 노무현?대통령은 2일 오전 평양 남북정상회담 출발에 앞서 “이번 정상회담은 좀 더 차분하고 실용적인 회담이? 될? 것“이라며 “지난 2000년 정상회담이 남북 관계의 새 길을 열었다면 이번 회담은 그? 길에? 가로놓여 있는 장애물을 치우고 지체되고 있는 발걸음을 재촉하는 회담이 될 것“이라고 말했다.
노 대통령은?청와대 본관 앞에서 발표한 '대국민 인사'에서 이 같이 밝힌 뒤 “여러 가지 의제들이 논의되겠지만, 무엇보다 평화 정착과 경제 발전을 함께 가져갈 수 있는, 실질적이고 구체적인 진전을 이루는 데 주력하고자 한다“고 말했다.
노 대통령은 '대국민 인사'를 발표한 뒤 오전 7시 55분쯤 권양숙 여사와 함께?전용차 편으로 북녘 땅으로 출발했다.
노 대통령은 오전 9시쯤 도보로 군사 분계선(MDL)을 넘어 평양으로 향할 것으로 예상된다.
노 대통령은 “비핵화 문제와 한반도 평화 체제는 궁극적으로 남북의 합의만으로 해결될 수? 있는 일은 아니지만 기본 방향을 설정하고 속도를 내는 데 있어서는 남과 북의 의지가 무엇보다 중요하다고 생각한다“며 “이번 회담이 6자 회담의 성공을 촉진하고, 한반도와 동북아의 평화에 기여하는 회담이 될 수 있도록 최선을 다할 것“이라고 말했다.
또 노 대통령은 “경제 협력은 많은 진전이 이루어지고 있습니다만 아직도 많은 장애가 있다“고 전제한 뒤 “국제적인 요인만이 아니라 남북 간 인식의 차이에 기인한 장애도 적지 않고,이 장애를 극복하지 않고는 본격적인 경제 협력이 속도를 내기는 어렵다“면서 “이 인식의 차이를 극복하는 데 노력을 집중할 것“이라고 말했다.
노 대통령은 또 “군사적 신뢰 구축과 인도적 문제에 있어서도 구체적인 합의가 이루어질 수 있도록 최대한 노력하겠다“고 덧붙였다.
노 대통령은 “저는 이번 회담에 거는 국민 여러분의 기대와 요구를 잘 알고? 있고, 국민의 기대를? 최대한? 의제에 반영하고 결과를 얻고 싶은 심정이나 한 번의 만남으로 이 많은 과제를 소화할? 수는 없을 것“이라며 “남은 임기를 고려하면 이번 회담에서 논의하고 성사할? 수? 있는 일에도 한계가 있을 것“이라고 말했다.
잇어 “시기를 놓치지 않고 한 걸음 한 걸음 착실히 나아가는 것이? 중요하다“며 “저는 욕심을 부리지 않을 것이며, 그렇다고 몸을 사리거나 금기를 두지도 않을? 것“이라고 말했다.
노 대통령은 “역사가 제 책임으로 맡긴 몫이 있을 것“이라며 “이 시기 우리를 둘러싼 상황에 대한 냉정한 판단을 토대로 제게 맡겨진 책임만큼 최선을 다 할 것“이라고 말했다.
“서울 걱정 마시라“
“환송해 줘 고맙다“노 대통령, 출발 직전 국무 위원 간담회 노무현 대통령은 2일 평양 남북정상회담과 관련, “우리 입장을 제기한다고 해도 다 합의될 수는 없으니 부담도 많이 되지만 그래도 준비를 많이 해 잘 될 것으로 기대한다“고 말했다.
노 대통령은 육로로 평양으로 출발하기 직전 청와대 본관 충무실에서 가진 국무 위원 간담회에서 “역사는 단번에 열 걸음 나가기 어렵다. 나는 이번에 한 걸음 나갈 수 있었으면 좋겠다“면서 이 같이 말했다.
간담회에는 한덕수 국무총리를 비롯한 국무 위원과 권오규 부총리 등 공식 수행원 전원, 문재인 대통령 비서실장 등 비서진이 참석했다.
노 대통령은 “지금 시기는 북핵 6자 회담이 이행되는 과정에서 남북 관계가 잘 맞춰 줘야 할 때“라며 “잘 맞춰 주면 더 잘되기 때문에 지금 남북정상회담이 필요하다고 생각한 것“이라고 설명했다.
잇어 “한편으로는 북핵으로 남북 관계가 막혀 있었는데 북핵이 6자 회담으로 해결 과정에 들어섰기 때문에 지체 없이 남북 관계를 터야하지 않는가 생각해 남북정상회담을 하는 쪽으로 가닥을 잡았다“고 말했다.
노 대통령은 “역사의 순리를 믿고 희망을 가지고 가겠다“며 “돌아와서 지금보다 두 배 쯤 센 박수를 받을 수 있도록 최선을 다하겠다“고 말했다.
앞서 한 총리는 “오늘 이 길은 참여 정부의 평화 번영 정책을 완성하기 위해 출발하는 길“이라며 “대통령 내외가 더욱 건강히 임해서 건설적인 결과 가져올 것으로 믿는다.
서울은 걱정 마시라“고 인사했다.
이에 노 대통령은 “보통 외국 순방 때엔 이런 환송식을 생략했었는데 이번에는 격식 갖춘 환송을 해 줘서 고맙다“고 답했다.
노 대통령은 간담회 후 청와대 본관 앞에서 '대국민 인사'를 발표한 뒤 오전 7시 55분쯤 권양숙 여사와 함께 전용차 편으로 북녘 땅으로 출발했다.
잇어 오전 9시 5분 분단 이후 군 통수권자로는 처음으로 도보로 군사 분계선(MDL)을?넘어 북녘 땅을 밟았다.
노 대통령은 오전 8시 59분쯤 노랗ㄴ 색 군사 분계선 30m 앞 지점에서 권 여사와 함께 전용차에서 내려 도보로 군사 분계선을 넘었다.
노 대통령은 군사 분계선을 넘기 직전 권 여사와 함께 기념 촬영을 한 뒤 '평화 메시지'를 담은 소감을 밝혔다.
노 대통령은 “제 이번 걸음이 금단의 벽을 허물고 민족의 고통을 해소하고 그동안 당해 왔던 우리 민족의 그 많은 고통들을 넘어서 평화와 번영의 길로 가는 계기가 되도록 노력하겠다“고 말했다.
북측에서는 김정일 국방위원장의 측근인 최승철 통일전선부 부부장 등 4명이 나와 노 대통령과 권 여사를 영접했다.
노 대통령은 한복을 입은 여성 2명이 꽃다발을 건네자 “꽃다발 주신 분들과 사진 한 번 찍자“고 해 즉석 사진 촬영을 하기도 했다.
김정일 위원장, 노 대통령 직접 영접 가능성 공식 환영 행사장 변경 북한 김정일 국방위원장이 2일 남북정상회담 회담을 위해 평양을 방문한 노무현 대통령의 공식 환영 행사장인 4.25문화회관에 직접 나와 노 대통령을 깜짝 영접했다.
김 위원장은 오전 11시 55분쯤 노 대통령과 권양숙 여사와 함께 전용차가 공식 환영 행사장인 4.25문화회관에 도착하기 직전 회관 앞에 깔린 붉은 카페트 앞에 등장했다.
김 위원장은 지난 2005년 6월 김대중 전 대통령의 평양 방문 당시에도 당초 예정과는 달리 평양 순안공항에 직접 나와 김 전 대통령을 깜짝 영접했다.
이날 오전 11시쯤 노 대통령 공식 환영 행사장이 3대헌장기념탑에서 4.25문화회관으로 바뀌었다는 소식이 전해지면서 김 위원장이 직접 노 대통령을 깜짝 영접할 가능성이 제기됐다.
노 대통령은 이날 오전 청와대 본관 앞에서'대국민 인사'를 발표한 뒤 오전 7시 55분쯤 권양숙 여사와 함께 전용차 편으로 북녘 땅으로 출발했다.
잇어 오전 9시 5분 분단 이후 군 통수권자로는 처음으로 도보로 군사 분계선(MDL)을 넘어 북녘 땅을 밟았다.
노 대통령은 오전 8시 59분쯤 노랗ㄴ 색 군사 분계선 30m 앞 지점에서 권 여사와 함께 전용차에서 내려 도보로 군사 분계선을 넘었다.
노 대통령은 군사 분계선을 넘기 직전 권 여사와 함께 기념 촬영을 한 뒤 '평화 메시지'를 담은 소감을 밝혔다.
노 대통령은 “제 이번 걸음이 금단의 벽을 허물고 민족의 고통을 해소하고 그동안 당해 왔던 우리 민족의 그 많은 고통들을 넘어서 평화와 번영의 길로 가는 계기가 되도록 노력하겠다“고 말했다.
북측에서는 김정일 국방위원장의 측근인 최승철 통일전선부 부부장 등 4명이 나와 노 대통령과 권 여사를 영접했다.
노 대통령은 한복을 입은 여성 2명이 꽃다발을 건네자 “꽃다발 주신 분들과 사진 한 번 찍자“고 해 즉석 사진 촬영을 하기도 했다.
北 로만손 시계 차고, 표지석도 설치 북측 환영 여성에 “같이 사진 찍자“제안도 北, 노 대통령 공식 환영 행사장 급히 변경 다양한 요리법 활용한 '퓨전 요리' 나올 듯 /?노무현 대통령이 2일 오전 9시 5분쯤 분단사상으로는 '최초'로 남북 군사 분계선(軍事分界線, MDL, Military Demarcation Line)을 도보로 넘었다.
고위 당국자가 MDL를 걸어서 통과한 것은 1948년 김구 선생이 38선을 넘어 평양으로 간 이후 두 번째며, 분단 이후는 처음이다.
/ 정부는 노무현 대통령이 걸어서 군사 분계선을 넘은 것을 기념하기 위해 남북출입사무소 북쪽 마지막 관문에 표지석을 설치했다.
표지석에는 노 대통령이 친필로 '평화를 다지는 길, 번영으로 가는 길'이 새겨져 있다.
/ 노 대통령 내외가 군사 분계선을 도보로 넘을 때 북측에서는 환영 인사들이 대기했다.
한복을 곱게 입은 두 북측 여성이 꽃다발을 내밀었으며, 노 대통령 내외는 반갑게 이를 받았다.
노 대통령은 즉석에서 “사진을 같이 찍자“며 제안하기도 했다.
/ 군사 분계선까지 영접 나온 북측에서는 김정일 위원장의 측근인 최승철 통일전선부 부부장과 최룡해 황해북도 당 책임 비서 등이 나와 눈길을 끌었다.
노 대통령은 이들과 기념 사진 촬영를 한 뒤 박수를 받으며 '평양/개성 간 고속도로'에 올랐다.
/ 노무현 대통령 내외는 평양으로 향하면서 북한 개성 공단에서 생산한 로만손 시계를 착용해 관심을 끌었다.
이 제품의 모델 명은 'TM7238L', 공장도 가격 6만 4000원, 소비자 가격 19만 8000원으로 알려져 있다.
/ 남북정상회담의 남측 수행원 13명 전원은 방북 기간 왼쪽 가슴에 회담용으로 특별히 제작한 휘장을 착용해 관심을 받고 있다.
무궁화 모양의 이 휘장은 금색 테두리에 흰색 바탕이다.
왼쪽에는 태극기, 오른쪽에는 한반도 기를 배치했다.
두 기가 교차하는 아래 쪽에는 '남북정상회담 2007.9.2~4, 평양'이라는 문구가 두 줄로 들어가 있다.
/ 군사 분계선을 통과한 노무현 대통령은 '평양~개성 간 고속도로'를 통해 평양으로 이동한다.
1992년 건설된 '평양 개성 간 고속도로'는 길이 170km, 왕복 4차 선의 아스팔트 포장 도로다.
직선 구간이긴 하지만 아스팔트 부족으로 노면이 고르지 못한 것으로 알려져 있다.
개성에서 평양까지는 2시간 30여 분이 걸릴 것으로 보인다.
/ 노 대통령이 타고 간 '메르세데스 벤츠 S600 가드'는 첨단 기능을 내장한 경호용 방탄차다.
벤츠 S600는 테러 위험에 대비해 고속 주행에 적합하도록 설계돼 있다.
5.5 V12 트윈 터보 엔진에 최고 출력 517 마력, 최고 안전 속도는 210㎞/h이다.
수류탄이나 기타 폭발물이 차량 밑에서 터져도 견딜 수 있다.
폭발 등으로 타이어 4개가 한꺼번에 펑크 나도 시속 80km로 100km 이상을 달린다.
이번에 노 대통령이 탄 전용차에는 태극기와 함께 봉황 문양이 그려진 깃발을 달고 있다.
/ 노무현 대통령 공식 환영 행사장이 조국 통일 3대헌장기념탑에서 4.25문화회관으로 바뀌었다.
4.25문화회관은 평양시 모란봉 구역 비파 거리에 위치하고 있는 곳으로, 지난 1975년 북한 노동당 창당 30 돌을 기념해 건립됐다.
대형 공연장과 영화관 등을 갖추고 있어 군인들을 위한 문화 시설로 활용되고 있다.
/ 공식 환영 행사장으로 정해진 평양 4.25문화회관에는 수천여 명의 평양 시민들이 꽃술을 들고 대기해 눈길을 끌었다.
특히 행사장 앞에는 북한 측 고위 인사 20여 명이 노 대통령이 통과할 빨갛ㄴ 카펫 옆에 대기하고 있는 모습과 북한 인민군 의장대가 행사장으로 입장하는 모습이 함께 포착됐다.
/ 북한은 남북 정상회담 기간 고급 식재료를 사용한 전통 음식과 다양한 조리법을 활용한 '퓨전 요리'를 함께 만찬장 식탁에 올릴 것으로 예상된다.
2000년 정상회담에서는 김대중 전 대통령과 김 위원장은 총 3 차례 식사를 함께 했는데, 주로 상류층이 즐겨 먹는 고급 요리가 나왔다.
김대중 대통령이 방북 첫날 백화원 영빈관 오찬에서 극찬한 '평양온반'은 서울에서도 정상회담 특수를 누리기도 했다.
노 대통령/김 위원장 차분한 첫 만남 북한 김정일 국방위원장이 2일 남북정상회담 회담을 위해 평양을 방문한 노무현 대통령의 공식 환영 행사장인 4.25문화회관에 직접 나와 노 대통령을 깜짝 영접했다.
노 대통령과 권양숙 여사는?이날 낮 12시쯤? 김영남 북한 최고인민회의 상임 위원장과 함께? 북측이 제공한? 무개차를 타고? 공식 환영 행사장인 4.25문화회관에 도착했다.
오전 11시 55분쯤? 회관 앞에 깔린 붉은 카페트 앞에 등장한 김 위원장은? 무개차에서 내린? 노 대통령에게 “반갑습니다“라고 말했고, 이에 노 대통령도 “반갑습니다“라고 말했다.
김 위원장은 노 대통령, 권 여사와 가볍게 악수를 나눈 뒤 북한 인민군 의장대 사열을 받았다.
노 대통령과 권 여사는 잇어 행사장에 나온 북측 고위 인사들과 일일히 악수를 나눴다.
회관 앞에는 수천 명의 평양 시민들이 붉은색 분홍색 꽃술을 흔들며? '북한식 환영 인사'로 노 대통령을? 열렬히 환영했다.
노 대통령은? 한복을 입은 북한 여성으로부터 받은 꽃다발을 번쩍 들어올리며 환호에 답했다.
노 대통령은? 환호하는 북한 시민들에게 답례 인사를 한 뒤 권 여사와 함께 승용차를 타고 백화원 초대소로 향했다.
김 위원장은 지난 2005년 6월 김대중 전 대통령의 평양 방문 당시에도 당초 예정과는 달리 평양 순안공항에 나와 직접 영접했다.
당시 김 위원장은 김 전 대통령과 함께 승용차를 타고 이동했으나 이번에는 노 대통령과 동승하지는 않았다.
이날 오전 11시쯤 노 대통령 공식 환영 행사장이 3대헌장기념탑에서 4.25문화회관으로 바뀌었다는 소식이 전해지면서 김 위원장이 직접 노 대통령을 영접할 가능성이 제기됐다.?
앞서 평양에 도착한 노 대통령은 인민문화궁전에서 무게차를 타고 20여 분 간 평양 거리에서 카 퍼레이드를 펼쳤다.
평양 거리에는 수십만의 평양 시민들도 꽃다발을 들고 나와 노 대통령의 방문을 환영했다.
노 대통령은 오전 10시 30분 평양시에 도착해 발표한 북한 동포와 평양 시민들에게 전하는 서면 도착 성명에서 “이제 남과 북이 힘을 합쳐 이 땅에 평화의 새 역사를 정착시켜 나가야 한다“며 “평화를 위한 일이라면 미루지 말고 할 수 있는 것부터 하나하나 실천해 나가자“고 말했다.
노 대통령은 “북녘 동포와 평양 시민 여러분의 따뜻한 환영에 마음 속 깊이 뜨겁ㄴ 감동을 느끼며, 진심으로 감사 드린다“면서 “북녘 동포 여러분께 남녘 동포들이 보내는 따뜻한 인사를 전한다“고 말했다.
노 대통령은 이날 오전 청와대 본관 앞에서 '대국민 인사'를 발표한 뒤 오전 7시 55분쯤 권양숙 여사와 함께 전용차 편으로 북녘 땅으로 출발했다.
잇어 오전 9시 5분 분단 이후 군 통수권자로는 처음으로 도보로 군사 분계선(MDL)을 넘어 북녘 땅을 밟았다.
노 대통령은 오전 8시 59분쯤 노랗ㄴ 색 군사 분계선 30m 앞 지점에서 권 여사와 함께 전용차에서 내려 도보로 군사 분계선을 넘었다.
노 대통령은 군사 분계선을 넘기 직전 권 여사와 함께 기념 촬영을 한 뒤 '평화 메시지'를 담은 소감을 밝혔다.
노 대통령은 “제 이번 걸음이 금단의 벽을 허물고 민족의 고통을 해소하고 그동안 당해 왔던 우리 민족의 그 많은 고통들을 넘어서 평화와 번영의 길로 가는 계기가 되도록 노력하겠다“고 말했다.
북측에서는 김정일 국방위원장의 측근인 최승철 통일전선부 부부장 등 4명이 나와 노 대통령과 권 여사를 영접했다.
남북 정상, 차분한 첫 만남 2000년과 미묘한 차이 2일 노무현 대통령의 방북은 7년 전 김대중 전 대통령의 방북 당시와 여러 면에서 공통점과 차이 점을 보이고 있다.
일단 북한 김정일 위원장은 군사 분계선을 넘어 육로로 방문한 노 대통령을 공식 환영 행사장인 4.25문화회관에 직접 나와 영접했다.
지난 2000년 6월 당초 예상을 깨고 평양 순안공항까지 나온 파격적인 깜짝 이벤트를 재연한 것.
김 위원장이 직접 영접을 한 것은 최고 수준의 예우로 평가된다.?
당초 공식 환영식은 개성/평양 고속도로의 평양 초입인 조국 통일 3대헌장기념탑에서 김영남 최고인민회의 상임 위원장이 참석한 가운데 열릴 것으로 예정됐으나 북한 측은 1 시간여 전에 장소를 변경한 것으로 알려졌다.
공식 환영식에 수천 명의 환영 인파가? 붉은색 분홍색 꽃술을 들고 '북한식 인사법'으로 환영하고, 인민군 의장대의 사열을 받은 것도 동일하다.?
노 대통령은 나아가 의장대의 분열까지 받았다.
국기 게양과 국가 연주, 예포 발사 등은 이번에도 없었다.
두 정상의 첫 만남 분위기와 김 위원장의 모습은 비교적 차분해 미묘한 차이를 보였다.
2000년 당시 김 전 대통령이 비행기에서 내렸을 때 두 정상은 환하게 웃으며 맞잡은 두 손을 열정적으로 수차례 흔들었다.
반면 김 위원장은 살짝 미소를 띤 채 노 대통령과 한 손으로 가볍게 악수를 했다.
김 위원장은 2000년 남북정상회담 때와 달리 노 대통령과 함께 차량에 동승하는 파격적인 행동은 하지 않았다.
노 대통령은 환영 행사 뒤 권양숙 여사와 함께 승용차를 타고 백화원 영빈관으로 향했다.?
때문에? 남북 정상 간의 첫날 오찬 회동은? 이번에는 이루어지지 않았다.
김 위원장은 7년 전엔 김 전 대통령 등 남측 인사들과? 백화원 영빈관에서 오찬을 함께하며 거침없는 파격 발언으로 화제를 모으기도 했다.
남북정상회담이 두 번째라는 점과 노 대통령이 김 전 대통령과는 달리 김 위원장보다 연하라는 점을 고려한 것이 아니냐는 분석도 나온다.
김 위원장은 환영 행사 내내 박수를 치면서 걷어 가 최근 “채 27m도 걷지 못한다“는 일부 외신들의 '건강 악화설'을 불식시켰다.
그러나 밝고 활기찼던 7년 전에 비해서는?다소 굳고? 무표정한 얼굴로? 병약해 보이는 느낌을? 줬다는 평가도 나와 당뇨와 심장병 등으로 인해 건강이 그다지 좋은 상태가 아닌 것같다는 관측도 조심스레 제기되고 있다.
한편 북한의 조선중앙통신은 이날 오후 3시 노 대통령의 평양 도착 소식을 전하면서 “북남? 수뇌(정상)분들의 상봉은 역사적인 6.15 북남 공동 선언과 우리? 민족끼리 정신에? 기초해 북남 관계를 보다 높은 단계로 확대 발전시켜 조선 반도의 평화와? 민족 공동의? 번영, 조국 통일의 새롭ㄴ 국면을 열어 나가는 데서 중대한 의의를 가지게 된다“고 강조했다.
이는 2000년 남북정상회담 때 오후 5시에 보도한 것보다 2시간 정도 빠른 것이다.
꼿꼿한 '국방장관', 고개 숙인 '국정원장' 남북정상회담 공식 수행원 자격으로 방북한 김장수 국방장관은 2일 평양 4.25문화회관에서 열린 남북정상회담 공식 환영식에서 북한 김정일 국방위원장과 악수를 하면서 머리를 숙이지 않는 '꼿꼿한' 자세로 악수를 했다.
이는 다른 수행원들이 고개를 숙이며 두 손으로 김 위원장과 악수를 하는 모습과 대비됐다.
김만복 국정원장의 경우 김 위원장과 악수를 하던 중 특별히 몇 마디 말을 건네며 친근함를 보인 뒤 두 손으로 김 위원장의 오른손을 꼭 잡으며 고개를 숙였다.
김 원장은 또 김 위원장이 한동안 자신 앞에 머물자 또 다시 고개를 가볍게 숙이기도 했다.
이재정 통일부 장관과 문희상 전 열린우리당 의장, 성경륭 청와대 정책실장 등도 김 위원장에게 고개를 숙이고 악수를 했다.
김 장관의 이 같은 행동을 두고 국방 책임잔 김 장관이 남북이 여전히 대치 중인 상황에서 군의 사기 등을 고려해 북한 군 통수권잔 김 위원장에게 '당당한' 모습을 보이려 한 것이 아니냐는 해석도 나온다.
김 장관은 이번 정상회담에 군사적 신뢰 구축 등 한반도 평화 정착 방안을 논의할 때 대통령을 직접 보좌하기 위해 공식 수행원에 포함됐다.
김 장관은 육사 27기 출신으로 지난 96년 무장 공비 남침 당시 1 군사령부 작전처장으로 작전을 지휘했으며 현 정부 들어 한미연합사 부사령관과 육군참모총장을 거쳐 지난해 11월 국방부 장관으로 취임했다.
정상회담 시청률 14.5%7년 전보다 다소 떨어져 60대 이상에서 가장 많이 시청 노무현 대통령의 방북이 생중계된 지상파 TV 3사의 시청률 합계가 2000년 김대중 대통령이 처음 방북했을 때보다는 다소 떨어진 것으로 조사됐다.
TNS미디어코리아 자료에 따르면 10월 2일 방송 3사(KBS 1, MBC, SBS)의 남북정상회담 뉴스 특보 시청률 합계는 14.5%이다.
이는 7년 전 김대중 대통령이 방북했던 2000년 6월 13일 시청률 합곈 20.3%에 비해 5.8%포인트 낮다.
한편 남북정상회담 관련 지상파 TV 프로들이 주요 시청자들은 2000년과 마찬가지로 뚜렷한 세대 차이를 드러냈다.
AGB닐슨 자료에 따르면 2일 하루 동안 방송된 KBS, MBC, SBS의 남북정상회담 특보 관련 프로그램 시청률은 남녀 60대 이상에서 가장 높게 기록됐다.
KBS의 경우 남녀 60대 이상이 전체 평균 54%(101 기준)를 기록했으나, 10~30대 남녀는 11%에 그쳤다.
남자 40~50대는 14%, 여자 40~50대는 20%로 40대 이상을 모두 합하면 전체의 88%에 달한다.
남북 정상 1차 오전 회담 종료 당초 일정보다 30분 앞당겨 시작 오후 2시 30분 2차 회담 잇어 진행 노무현 대통령과 김정일 국방위원장이 3일 오전 9시 34분 노 대통령의 숙손 백화원 영빈관에서 첫 번째 남북정상회담을 시작했다.
당초 오전 10시로 예정됐던 일정에서 30분 가량 앞당긴 것이다.?
두 정상의 첫 번째 정상회담은 오전 11시 45분쯤 종료됐다.
현지 공동 취재단은 천호선 청와대 대변인의 브리핑 자료를 인용, “오전 11시 45분께 회담이 종료됐다“며 “양 정상은 심도 있는 토론을 했고, 더 많은 대화를 위해 오후 2시 30분에 회담을 재개하기로 했다“고 전했다.
오후 정상회담 일정에 따라 당초 예정돼 있던 노 대통령의 오후 일정은 순연되거나 부분 취소될 것으로 예상된다.
평양 공동 취재단에 따르면 우리 측에서는 권오규 경제 부총리, 이재정 통일부 장관, 김만복 국정원장, 백종천 청와대 안보실장이 참석했다.?
북측에서는 김양건 통일전선부 부장이 배석했다.
조명균 청와대 안보 정책 조정 비서관은 기록을 위해 배석했다.
이 자리에서는? 한반도 평화 체제 공동 번영 화해와 통일 등의 의제를 놓고 집중적인 논의가? 이루어질 전망이다.
이날 행사는 오전 9시 27분에 김정일 국방위원장이 회담장에 도착하면서 시작됐다.? 두 정상은? 악수한 뒤 기념 촬영 시간을 가지며 가볍ㄴ 대화가 오갔다.
잇어 9시 34분부터 본격적인 회담에 들어갔다.
김 위원장은 노 대통령 내외와 악수를 하며 “잘 주무셨습니까“라고 인사말을 건넸다.
잇어 노 대통령은 “아주 잘 잤습니다.
숙소가 아주 좋습니다“고 말했다.
양 정상은 회담장으로 이동하던 중 영빈관 내의 바닷가에 파도가 치는 그림을 보면서 대화를 나눴다.
노 대통령은 “수해 때문에 피해가 크지 않았나 걱정했는데, 오면서 보니까 잘 정리돼 있더라“고 언급했다.
사진 촬영을 하면서 노 대통령과 김 위원장은 서로 가운데에 서기를 사양하다가, 한 번은 노 대통령이 또 한 번은 김 위원장이 중앙에 위치하기로 하고 권양숙 여사를 비롯, 양측의 배석자들과 함께 두 차례 사진을 찍었다.
한편, 노 대통령의 오찬은 수행원들과 기자단 전원을 초청, '평양냉면'으로 유명한 옥류관에서 진행됐다.
노 대통령은 저녁 7시 30분? 수행원과 기자단이 함께한 자리에서 북측이 마련한 '아리랑 공연'을 1시간 30분 동안 관람한다.
한편 권양숙 여사는 오전 10시 30분에 조선중앙역사 박물관을, 11시에는 고려의학과학원에 참관했다.
'소나무 기념 식수' 행사서는 백두산/한라산 흙 합포 3일 오전 9시 34분부터 첫 번째 남북정상회담을 시작한 노무현 대통령과 김정일 위원장의 오후 일정 중 하난 '소나무 기념 식수'에 관심이 쏠리고 있다.
김정섭 청와대 부대변인은 이날 언론 브리핑에서 “오후에는 양 정상이 함께 한 자리에서 기념 식수 행사가 있을 예정“이라며 “이 자리에는 소나무 1그루를 평양 중앙 식물원에 식수한다“고 말했다.?
특히 통일 염원을 상징하는 이벤트로 꾸미기 위해 백두산의 흙과 한라산의 흙을 합포, 천지와 백록담의 물을 합수하는 사전 식수도 준비돼 있다.
잇어 평양 서북쪽에 있는 3대혁명전시관과 중공업관 등도 참관할 예정이다.
그러나 정상회담의 진행?시간에 따라 일정은 달라질 수 있다.
청와대 대변인은 “북측이 그동안 이룩한 성과와 자료들을 중심으로, 현재 북한의 수준 도달한 산업 단계를 알ㄹ 수 있는 의미 있는 장소“라며 “앞으로 민족 공동 번영으로 나아갈 수순으로 생각한다“고 말했다.
한편 권양숙 여사는 오전 10시 30분에 조선중앙역사 박물관을, 11시에는 고려의학과학원에 참관한다.
노 대통령, 김 위원장에 대장금 드라마 12장생도 병풍 등 선물 노 대통령이 북에 가지고 간 선물은 남한의 드라마 DVD와 12장생도 병풍 등인 것으로 밝혀졌다.
노 대통령은 3일 오전 9시 30분쯤 1차 남북정상회담을 가지기에 앞서 회담장 입구에서 김정일 위원장과의 사진 촬영을 마친 뒤 남쪽에서 가져간 선물을 김 위원장에게 전달했다.
노 대통령은 이들 선물을 회담장 입구에 미리 진열하고 선물들에 대해 설명했다.
선물은 경남 통영의 나전 칠기로 만들ㄴ 12장생도 8 폭 병풍, 무궁화 문양의 다기 및 접시, 제주도와 8 도 명품 차, DVD 세트와 드라마(대장금, 겨울연가 등)다큐멘타리 영화(말아톤 황진이 취화선) CD 등 모두 네 종류였다.
드라마는 해외에서 한류 열풍을 주도한 작품들이다.
노 대통령은 12장생도에 대해 “남쪽의 장인(匠人)이 만들었습니다.
(부산)APEM 때도 이 분이 만들ㄴ 작품을 회의장에 설치했습니다“라고 설명했고, 김 위원장은 “감사합니다“라고 답했다.
“아리랑 공연, 상호 체제를 인정하는 관람 적절히 수정 예상“김정일 국방위원장과 함께 관람할지는 미정 오전 9시 34분부터 남북정상회담을 시작한 노무현 대통령과 김정일 위원장은 이날 오후 7시 30분 우리 측 수행원 전원과 기자단이 함께한 자리에서 북측이 마련한 '아리랑 공연'을 1시간 30분 동안 관람한다.
김정섭 청와대 부대변인은 언론 브리핑에서 “정식 명칭은 '대집단 체조와 공연 아리랑'“이라며 “능라도 5.1경기장에서 1시간 30분 정도 관람할 예정이다“고 말했다.?
그러나 북측 정상(김정일 국방위원장)이 노무현 대통령과 함께 '아리랑' 공연을 관람할지 여부는 아직 확정되지 않은 상태다.
김 부대변인은 “상호 체제를 인정하고, 문화 이해를 깊게 하는 차원“이라며 “북측의 정상이 남측을 방문하는 경우에도 도움이 되는 일정이라고 본다“고 설명했다.
그는 또 “내용이 적절한 수정이 이루어진 것으로 알고 있고, 그렇게 기대하고 있다“고 덧붙였다.",220,16459
iks_doc_2007_chosun_002,Chosun 2007 annotated text file unicode.txt,Chosun Ilbo,조선일보,2007,2007_october_summit,김 위원장 “육로로 오셔서 큰 의미가 있는 것 같다“,,"노 대통령 “저 스스로도 넘으며 감동 느껴“김정일 북한 국방위원장은 3일 “김대중 대통령은 하늘로 오셨는데, (노무현) 대통령께서는 군사 분계선을 넘어 육로로 오셔서 큰 의미가 있는 것 같다“고 말했다.
김 위원장은 이날 오전 백화원 영빈관에서 가진 노무현 대통령과의 정상회담 모두 발언에서 이 같이 말했다고 천호선 청와대 대변인이 전했다.
이에 노 대통령은 “저 스스로 넘으면서 감동을 느꼈다“면서 “도로 정비가 잘 돼서 불편하지 않았다“고 답했다.?
또한 김 위원장은 “차를 타고 올라오다 보니 말끔하게 정리돼 있었다“는 노 대통령의 말에 “그래도 노면이 좋지 않아 불편했을 것“이라고 말했다.
노무현 대통령과 김정일 국방위원장은 3일 오전 9시 34분께 노 대통령의 숙손 백화원 영빈관에서 정상회담을 시작했다.?
이에 앞서 노 대통령은 이날 오전 9시 27분께 백화원 영빈관에 도착한 김 위원장을 맞이했고, 노 대통령의 평양 첫날 밤, 육로 방북, 북측 수해 등을 화제로 환담을 나누면서 회담장으로 이동했다.?
이번 정상회담은 지난 2000년 회담과는 달리 북측의 요구로 평양에 파견된 공동 취재단 기자들의 취재 접근이 일체 불허됐다.
이 때문에 양 정상의 대화 내용은 즉각 알려지지 않았다.?
2000년에는 양 정상의 회담 모두 발언이 상당 분량 공개됐다.
다만 청와대 전속 영상 팀의 회담 장면 촬영이 제한적으로 허용됐으나, 양 정상의 대화 내용은 정확히 녹취되지 않았다.?
정상회담 테이블에 앉은 양 정상의 대화 장면도 2분 가량만 공개됐다.?
남북 정상 1차 오전 회담 종료 오후 2시 30분 잇어 진행 당초 예정돼 있던 노 대통령 오후 외부 일정 변경될 듯 노무현 대통령과 김정일 국방위원장은 3일 오전 9시 34분부터 백화원 영빈관에서 시작한 정상회담을 오전 11시 45분께 종료했다.
현지 공동 취재단은 천호선 청와대 대변인의 브리핑 자료를 인용, “오전 11시 45분께 회담이 종료됐다“며 “양 정상은 심도 있는 토론을 했고, 더 많은 대화를 위해 오후 2시 30분에 회담을 재개하기로 했다“고 전했다.
오후 정상회담 일정에 따라 당초 예정돼 있던 노 대통령의 오후 일정은 순연되거나 부분 취소될 것으로 예상된다.
노 대통령 오찬은 수행원들과 기자단 전원을 초청, '평양냉면'으로 유명한 옥류관에서 진행된다.
김정일 위원장 담긴 미니홈피 스킨 4000여 명 받아 가 응원 댓글 이벤트에 6000여 명 참여 재정 경제부는 남북 경협에 대한 관심을 높이기 위해 오는 5일까지 진행 중인 스킨 이벤트에 3일 현재까지? 4000여 명이 미니홈피 스킨을 받아 갔다고 밝혔다.
스킨 권 부총리 블로그나 미니홈피 등 1인 미디어의 배경 화면에 사용되는 디지털 아이템이다.?
현재 재경부는? 싸이월드(http://town.cyworld.com/mofe)를 통해서 진행되는 이번 이벤트에서 남북정상회담을 응원하는 댓글을 남기면 남북 정상의 모습이 담긴 스킨을 무료로 제공하고 있다.?
네이버(http://blog.naver.com/mofesponsor)에서는 스킨을 받거나 댓글을 남기면 개성 공단 입주 업첸 로만손이 제작한 손목 시계 등 선물을 주는 이벤트가 진행 중이다.?
북한의 김정일 위원장이 남한의 미니홈피나 블로그 스킨에 공식 등장하는 것은 이례적이다.
현재 배포되는 남북 정상 스킨은 총 6가지다.
재경부 관계자는 “이날 10시 기준으로 포털사이트에 남겨진 응원 댓글이 약 6200여 건, 스킨을 받아 간 사람은 약 4000여 명으로 집계됐다“고 밝혔다.?
시간 당기고, 일정 연장 즉석 제안도 '예측 불허' 김 위원장 김정일 국방위원장의 예측 불가능한? 성격이 '2007 남북정상회담'에서도 드러나고 있어 관심을 끌고 있다.
3일 노무현 대통령과 김 위원장의 첫 번째 오전 정상회담은 당초 오전 10시로 예정돼 있었다.
그러나 김 위원장이 30여 분 일찍 노 대통령의 숙손 백화원 영빈관으로 찾아왔다.
회담 일정도 갑자기 30분 당겨졌다.
김 위원장은 오후에 계속된 두 번째 정상회담 말머리에서 “평양 체류 일정을 하루 더 연장해, 5일 아침 서울로 돌아가시라“고 즉석 제안했다.
이에 대해 노 대통령은 “의전 및 경호? 관계자와 상의해 결정하겠다“고 답했다.
그러나 100여 분 동안 진행된 회담 말미에 “충분히 대화를 나눴으니 (연장) 안 해도 되겠다“며 “남측에도 기다리는 사람들이 있을 터니 본래대로 합시다“고 말하며 제안을 철회했다.
이에 앞서 북측은 전날 노 대통령의 영접 행사에서도 당초 합의했던 ‘3대헌장기념탑'에서 '인민대학습당'으로 갑자기 변경했다고 통보한 바 있다.
결국 이날 영접 행사는 ‘4.25문화회관' 앞에서 진행됐다.
북측은 김 위원장의 행사 참석 여부도 언급하지 않다가 당일 오전에서야 4.25문화회관 앞 광장에 나올 것이라고 알려 오기도 했다.
2000년 남북정상회담 때도 김 위원장은 사전 통보 없이 순안공항에 나왔고, 김대중 대통령과 승용차에 동승하는 등 예측 불허의 행보는 늘 화제가 됐다.
오후 2시 20분 두 번째 정상회담 재개 노 대통령 오후 일정, 순연되거나 부분 취소될 듯 노무현 대통령과 김정일 위원장은 오후 2시 20분에 두 번째 정상회담을 재개했다.
오전 11시 45분 마무리 된 첫 번째 오전 정상회담에 잇어 진행되는 것이다.
이에 앞서 노무현 대통령과 김정일 국방위원장은 3일 오전 9시 34분 노 대통령의 숙손 백화원 영빈관에서 첫 번째 남북정상회담을 시작했다.
당초 오전 10시로 예정됐던 일정에서 30분 가량 앞당긴 것이다.
2시간 10분 동안 진행된 두?정상의 첫 번째 정상회담은 오전 11시 45분쯤 종료됐다.?
오후 정상회담 일정에 따라 당초 예정돼 있던 노 대통령의 오후 일정은 순연되거나 부분 취소될 것으로 예상된다.
두 정상은 정상회담에 집중하기 위해 이날 오후로 예정됐던 공동 식수 행사를 4일로 연기하기로 했다.?
특히 당초 직접 방문할 예정이었던 중공업관 등은 방문하지 않거나 일정이 바뀔 가능성이 높다.
다만 특별 수행원들의 중공업관 참관은 노 대통령의 참석 여부와 상관 없이 예정대로 진행된다.
노 대통령은 저녁 7시 30분 수행원과 기자단이 함께 '아리랑 공연'을 1시간 30분 동안 관람할 예정이었지만, 평양 일대에 비가 내리면서 이마저도 불투명하다.
북측은 기상 상황을 지켜 본 뒤 공연 여부를 추후 통보해 주기로 했다.?
이에 앞서 노 대통령의 오찬은 수행원들과 기자단 전원을 초청, '평양냉면'으로 유명한 옥류관에서 진행했다.?
한편 권양숙 여사는 오전 10시 30분에 조선중앙역사 박물관을, 11시에는 고려의학과학원에 참관했다.
김정일 위원장,노무현 대통령 평양 체류 일정 하루 연장 제안 청와대 검토 중 김정일 북한 국방위원장은 3일 오후 백화원 영빈관에서 속개된 남북 정상회담 2차 회의에서 노무현 대통령의 평양 체류 일정을 하루 연장, 오는 5일 아침 서울로 돌아갈 것을 제안했다.?
청와대는 김 위원장의 제안이 이번 회담을 보다 충실히 하자는 제안으로 받아들이고 내부 회의를 거쳐 수용 여부를 결정할 방침이다.",48,3430
iks_doc_2007_chosun_003,Chosun 2007 annotated text file unicode.txt,Chosun Ilbo,조선일보,2007,2007_october_summit,노 대통령 평양 체류 일정 당초대로 2박 3일 4일 귀경 “하루 더 머물러 달라“,김정일 위원장 제안 철회 “충분히 대화를 나눴으니 (연장) 안 해도 되겠다“,"노무현 대통령과 김정일 국방위원장이? 남북정상회담 합의 사항을 늦어도 4일 낮 환송 오찬 전까지? 발표하기로 했다.?
노 대통령과 김 위원장은 3일? 오후 2시 45분부터 4시 25분까지 진행된 오후 회담에서 이 같이 합의했다고 천호선 청와대 대변인이 전했다.?
또? 김 위원장의? 노 대통령의 평양 체류 일정 하루 연장 제안과 관련,?당초 예정대로 노 대통령이 2박 3일 평양 일정을 소화하고 4일 오후 귀경하기로 했다.?
김 위원장은 회담 말미에 “충분히 대화를 나눴으니 (연장) 안 해도 되겠다.
남측에도 기다리는 사람들이 있을 터니 본래대로 합시다“고 말했다고 천 대변인이 전했다.?
김 위원장은 또 4일 낮 노 대통령을 환송하는 오찬을? 가질 예정이다.?
이에 앞서 김정일 위원장은 노무현 대통령에게 “(평양에)하루 더 머물러 달라“며 남북 정상회담의 일정을 하루 연장할 것을 제안한 바 있다.
이는 정상 간의 외교에서 유례를 찾기 힘들ㄴ 전격적인 제안이다.??
회담장에서 즉석 제안을 받은 노무현 대통령은 “큰 일은 제가 결정하지만 작은 일은 제가 결정하지 못한다“며 “경호 및 의전 관계자와 상의해 봐야겠다”고 말했다.
김 위원장의 제안에 즉답하지 않은 채 참모들과 상의하겠다는 의사를 표시한 것이다.
앞서 먼저 말을 꺼낸 김 위원장의 전격적인 제안 배경은 구체적으로 알려지지 않고 있다.
그러나 노무현 대통령은 이러한 즉석 제안에 대해 당초 일정대로 4일 돌아오기로 최종 결정했다.?또 남북 정상은 내일 오전 두 정상의 합의 사항을 선언 형식으로 발표한다.
이에 앞서? 오전 남북 정상회담 후 노무현 대통령은 '평양냉면'으로 유명한 옥류관에서 수행원들과 기자단 전원을 초청, 오찬을 진행했다.
노 대통령은 이 자리에서 “정상회담이 세계에 주는 메시지가 있었다.
한반도가 더 이상 말썽의 지역, 불안의 지역으로 남아 있어서는 안 된다는 메시지를 줬다“며 “오전에 숨김없이 진솔하게 얘기를 나눴다.
분명하게 평화에 대한 확고한 의지를 확인했다“고 말했다.
그러나 노 대통령은 “한 가지 솔직하게 말하면 '벽'을 느끼기도 했다“며 “남측은 신뢰하고 있는 사안에 북은 의심을 가지고 있는 '불신의 벽'이 있었다“고 말했다.
노 대통령은 “속도에 있어서 북핵 문제를 둘러싸고 많은 장애가 있었던 것이 사실이고, 개성 공단의 경우 북이 볼 때는 남의 입장을 고려하지 않은? 표현“이라며 “개성 공단의 성과를 얘기할 때도 역지사지(易地思之 상대방과 입장을 바꿔서 생각한다는 뜻)를 해야한다고 생각했다“고 말했다.
노 대통령은 “중요한 문제에 대해서는 오전에 대화를 나눴지만 세세한 얘기를 오후에 하겠다“며 “차비가 많이 들었다.
성과를 많이 거둘 수 있도록 최선을 다하겠다“고 말을 맺었다.",20,1339
iks_doc_2007_chosun_004,Chosun 2007 annotated text file unicode.txt,Chosun Ilbo,조선일보,2007,2007_october_summit,노 대통령 “솔직하게 말하면 '벽'을 느끼기도 했다“,,"옥류관 오찬서 '오전 회담' 관련 언급 北의 '개혁 개방 불신과 거부감' 꼽아 노 대통령은 김정일 위원장과 2시간 10분 동안 진행한 오전 정상회담을 마친 후 '평양냉면'으로 유명한 옥류관에서 수행원들과 기자단 전원을 초청, 오찬을 마련했다.
노 대통령은 이 자리에서 “정상회담이 세계에 주는 메시지가 있었다.
한반도가 더 이상 말썽의 지역, 불안의 지역으로 남아 있어서는 안 된다는 메시지를 줬다“며 “오전에 숨김없이 진솔하게 얘기를 나눴다.
분명하게 평화에 대한 확고한 의지를 확인했다“고 말했다.
그러나 노 대통령은 “한 가지 솔직하게 말하면 '벽'을 느끼기도 했다“며 “남측은 신뢰하고 있는 사안에 북은 의심을 가지고 있는 '불신의 벽'이 있었다“고 말했다.
노 대통령은 '개혁 개방에 대한 불신과 거부감'을 예로 들었다.
노 대통령은 “속도에 있어서 북핵 문제를 둘러싸고 많은 장애가 있었던 것이 사실이고, 개성 공단의 경우 북이 볼 때는 남의 입장을 고려하지 않은 표현“이라며 “개성 공단의 성과를 얘기할 때도 '역지사지해야겠구나’라고 생각했다“고 말했다.
노 대통령은 “중요한 문제에 대해서는 오전에 대화를 나눴지만 세세한 얘기를 오후에 하겠다“며 “차비가 많이 들었다.
성과를 많이 거둘 수 있도록 최선을 다하겠다“고 말을 맺었다.
남북 정상 내일 오전 합의 사항 발표하기로 노 대통령 평양 체류 일정 당초대로 '2박 3일'4일 귀경 노무현 대통령과 김정일 국방위원장은 남북정상회담 합의 사항을 늦어도 4일 낮 환송 오찬 전까지 선언의 형식으로 발표하기로 했다.
노 대통령과 김 위원장은 이날 오후 2시 45분부터 4시 25분까지 진행된 오후 회담에서 이 같이 합의했다고 천호선 청와대 대변인이 전했다.
양 정상은 김 위원장이 이날 회담 모두 발언에서 언급한 노 대통령의 평양 체류 일정 하루 연장 제안을 논의한 결과, 당초대로 노 대통령이 2박 3일 평양 일정을 소화하고 4일 오후 귀경하기로 했다.
김 위원장은 회담 말미에 “충분히 대화를 나눴으니 (연장) 안 해도 되겠다.
남측에도 기다리는 사람들이 있을 터니 본래대로 합시다“고 말했다고 천 대변인이 전했다.
김 위원장은 또 4일 낮 노 대통령을 환송하는 오찬을 베풀겠다고 밝혔다.
이에 앞서 김정일 위원장은 노무현 대통령에게 “(평양에)하루 더 머물러 달라“며 남북 정상회담의 일정을 하루 연장할 것을 제안한 바 있다.
이는 정상 간의 외교에서 유례를 찾기 힘들ㄴ 전격적인 제안이다.
소탈한 두 정상의 직설 화법 '눈길'상대방 배려도 방북 첫 날 다소 서먹한 분위기에서 헤어졌던 노무현 대통령과 김정일 국방위원 은은 이틀째 만남에서는 상당히 환해진 얼굴로 서로를 맞았다.
특히 두 정상 모두 소탈하고 직설적인 말투를 그대로 드러내면서 관심을 끌었다.
상대방을 배려하고 조심하는 태도도 눈에 띄었다.
역사적인 남북 정상회담 첫날에는 두 정상이 12분 간 짧게 만났다.
만난 시간이 짧으면서 서먹한 분위기가 이어졌다.
그러나 회담 기간 동안 상대방을 배려하는 두 정상의 발언이 잇달아 쏟아지면서 분위기가 부드러워졌다.
노 대통령은 첫날 열린 만찬장에서 건배사를 통해 “우리 김정일 국방위원장이 건강하시고 오래 사셔야 한다“고 말하며 분위기를 띄웠다.
이틀째 회담 일정 김 위원장 역시 “손님 대접에 소홀함가 없었는지 궁금하다“며 “이번에 올라오실 때 도로 정비가 안돼서 불편했을 것으로 생각 한다“고 신경을 쓰는 모습이었다.
그러나 두 정상은 평소 구사해 온 소탈하고 직설적 화법을 드러내기도 했다.
특히 김정일 위원장은 “환자도 아닌데, 집에 뻗치고 있을 필요는 없지요“라고 말해 좌중을 웃음 바다로 만들었다.
비속어를 활용하는 것에 서슴지 않는 노 대통령과 마찬가지로 김 위원장도 평소 솔직한 화법을 구사하며 거침없이 말하는 스타일이다.
이번 정상회담에서 '깜짝 합의'의 가능성에 주목하는 이유도 바로 이런 의미에서다.
“모레 가시지요““이나보다 센 곳과 논의 두 정상 직설 화법 노무현 대통령/김정일 위원장 오후 회담 대화록 김정일(金正日) 북한 국방위원장은 3일 오후 2시 45분 속개된 정상회담 2차 회의에서 노무현(盧武鉉) 대통령에게 “내일(4 일) 오찬을 시간 품을 들여서 편안하게 앉아 허리 띠를 풀어 놓고 식 사하는 게 좋겠다“며 “오늘 회의를 내 일로 하 시고 모레 아침에 가시는 것이 어떻겠습니까“라고 깜짝 제안했다.
이에 대해 노 대통령은 “이나보다 더 센 데가 두 군데가 있는데, 경호, 의전 쪽과 상의를 해야 할 것 같다“며 즉답을 피했다.
그러나 오후 4시 25분까지 계속된 회담 말미에서는 먼저 제안한 김 위원장이 이를 철회하면서 일정 연장은 없던 일로 됐다.
김 위원장은 회담 말미에 “충분히 대화를 나눴으니 (연장) 안 해도 되겠다.
남측에 기다리는 사람들이 있을 터니 본래대로 합시다“라며 자신의 제안을 스스로 철회했다.
따라서 당초 일정대로 노 대통령은 2박 3일 평양 일정을 소화하고 4일 귀경하게 됐다.
다음은 정상회담 오후 모두 발언 전문이다.
<남북 정상 오후 회담 모두 발언> 김 위원장 = 기상이 좋지 않다는 보고를 받았습니다.
떠나기에 앞서 오찬이 있는데...
1시간 30분 가량으로 예정하고 있습니다.
(오른편에 배석한 김양건 통일전선부장에게 이 사실을 재차 물어 보며 일정을 확인) 오늘 일정을 내일로 미루고, 내일 오찬을 시간 품을 들여서 편안하게 앉아서 허리 띠를 풀어 놓고 식사하시는 것이 좋겠습니다.
하루 일정을 늦추는 것으로 하시지요.
오늘 회의를 내일로 하시고...모레 아침에 가시는 것이 어떻겠습니까.
노 대통령 = 나보다 더 센 데가 두 군데가 있는데, 경호, 의전 쪽과 상의를 해야 할 것 같습니다.
김 위원장 = (김양건 통일전선부장이 남측이 협의를 해야 한다는 뜻이라는 취지로 설명하자) 대통령이 결심 못 하십니까.
대통령이 결심하시면 되는데.
노 대통령 = 큰 것은 제가 결정하지만, 작은 일은 제가 결정하지 못합니다.
<오후 영접 대화> 김 위원장 = (복도를 걸어 들어 와 악수를 나누면서) 좀 쉬셨습니까.
노 대통령 = 네.
김 위원장 = 점심도 맛있게 드셨습니까.
노 대통령 = 맛있게 먹었습니다.
김 위원장 = 옥류관에서 국수를 드셨다면서요.
평양 국수와 서울 국수 어떤 것이 맛있습니까.
노 대통령 = 평양 국수 맛이 진한 것 같더군요.
남북 정상,오후 1시 `남북 관계 발전 평화 번영 선언' 서명 노무현 대통령과 북한 김정일 국방위원장은 4일 오후 1시 '남북 관계 발전 평화 번영 선언'에 서명할 예정이다.
김 국방위원장은 공동 선언문 서명 직훈 오후 1시 10분부터 노 대통령 내외와 공식 수행원, 특별 수행원을 초청해 환송 오찬을 베풀ㄹ 예정이다.
앞서 두 정상은 전날 열린 두 차례의 남북정상회담의 합의 사항을 4일?환송 오찬 전에 선언 형식으로 발표하기로 합의했다.
노 대통령/김 위원장, '남북 관계 발전 평화 번영 선언' 서명 11월 중 총리 국방장관 회담 개최 백두산/서울 직항로 개설 남북한은 4일 서해 평화 협력 특별 지대 조성과 11월 중 총리 국방장관 회담 개최 등을 핵심 내용으로 한 '남북 관계 발전 평화 번영 선언'에 합의했다.
노무현 대통령과 북한 김정일 국방위원장은 4일 오후 1시 백화원 영빈관에서 이 같은 내용을 포함해 8개 합의 사항을 담은 '남북 관계 발전과 평화 번영을 위한 선언'에 서명했다.
8개 항으로 구성된 선언문의 서명 주체는 '대한민국 대통령 노무현'과 '조선민주주의인민공화국 국방위원장 김정일'으로 돼 있다.
남북은 이 선언의 이행을 위해 남북 총리 회담을 개최하기로 하고 제1차 회의를 다음 달 중 서울에서 갖기로 했다.
남북 정상은 선언문에는 “남북 관계 발전을 위해 정상들이 수시로 만나 현안 문제들을 협의하기로 했다“고 합의했다.
이는 사실상 남북정상회담 정례화를 시사하는 것으로 해석된다.
또한 남북은 남과 북은 서해에서의 우발적 충돌 방지를 위해 공동 어로 수역을 지정하고 이 수역을 평화 수역으로 만들기 위한 방안과 각종 협력 사업에 대한 군사적 보장 조치 문제 등 군사적 신뢰 구축 조치를 협의하기 위해 남측 국방부 장관과 북측 인민 무력부 부장 간 회담을 다음 달 중 평양에서 개최하기로 합의했다.
남북은 “내부 문제에 간섭하지 않으며 남북 관계 문제들을 화해와 협력, 통일에 부합되게 해결해 나가기로 했다“며 “남과 북은 남북 관계를 통일 지향적으로 발전시켜 나가기 위해 각기 법률적 제도적 장치들을 정비해 나가기로 했다“고 합의했다.
남북은 남북 경제 협력 사업의 원활한 추진을 위해 현재의 남북경제협력추진 위원회를 부총리급 남북경제협력공동 위원회로 격상하기로 했다.
또 해주 지역과 주변 해역을 포괄하는 서해 평화 협력 특별 지대를 설치하고 공동 어로 구역과 평화 수역 설정, 경제 특구 건설과 해주항 활용, 민간 선박의 해주 직항로 통과, 한강 하구 공동 이용 등을 적극 추진해 나가기로 했다.
남북은 개성 공업 지구 1단계 건설을 빠른 시일 안에 완공하고 2 단계 개발에 착수하며 문산/봉동 간 철도 화물 수송을 시작하고, 통행 통신 통관 문제를 비롯한 제반 제도적 보장 조치들을 조속히 완비해 나가기로 합의했다.
남북 정상은 이산가족들의 상봉을 확대하며 영상 편지 교환 사업을 추진하기로 하고, 이를 위해 금강산면회소가 완공되는 데 따라 쌍방 대표를 상주시키고 이산가족 상봉을 상시적으로 진행하기로 했다.
?
또한 남북은 백두산 관광을 실시하기로 하고, 이를 위해 백두산/서울 직항로를 개설하기로 합의했다.
2008년 북경올림픽에 남북 응원단이 경의선 열차를 처음으로 이용해 참가하기로 합의했다.
남북은 현 정전 체제를 종식시키고 항구적인 평화 체제를 구축해 나가야 한다는 데 인식을 같이하고 직접 관련된 3자 또는 4자 정상들이 한반도 지역에서 만나 종전을 선언하는 문제를 추진하기 위해 협력해 나가기로 합의했다.
노무현 통령과 김정일 북한 국방위원장은 4일 서명한 '남북 관계 발전과 평화 번영을 위한 선언'에서 “현 정전 체제를 종식시키고 항구적인 평화 체제를 구축해 나가야 한다는 데 인식을 같이하고 직접 관련된 3자 또는 4자 정상들이 한반도 지역에서 만나 종전을 선언하는 문제를 추진하기 위해 협력해 나가기로 했다“고 합의했다.
남북 정상은 “군사적 적대 관계를 종식시키고 한반도에서 긴장 완화와 평화를 보장하기 위해 긴밀히 협력하기로 했다“면서 “남과 북은 서로 적대시하지 않고 군사적 긴장을 완화하며 분쟁 문제들을 대화와 협상을 통해 해결하기로 했다“고 밝혔다.
또한 남북은 서해에서의 우발적 충돌 방지를 위해 공동 어로 수역을 지정하고 이 수역을 평화 수역으로 만들기 위한 방안과 각종 협력 사업에 대한 군사적 보장 조치 문제 등 군사적 신뢰 구축 조치를 협의하기 위해 남측 국방부 장관과 북측 인민 무력부 부장 간 회담을 다음 달 중 평양에서 개최하기로 했다.
남과 북은 이 선언의 이행을 위해 남북 총리 회담을 개최하기로 하고, 제1차 회의를 금년 11월 중 서울에서 갖기로 했다.?
김 국방위원장은 공동 선언문 서명 직훈 오후 1시 10분부터 노 대통령 내외와 공식 수행원, 특별 수행원을 초청해 환송 오찬을 베풀었다.
남북 관계 발전과 평화 번영을 위한 선언 대한민국 노무현 대통령과 조선민주주의인민공화국 김정일 국방위원장 사이의 합의에 따라 노무현 대통령이 2007년 10월 2일부터 4일까지 평양을 방문했다.
방문 기간 중 역사적인 상봉과 회담들이 있었다.
상봉과 회담에서는 6.15 공동 선언의 정신을 재확인하고 남북 관계 발전과 한반도 평화, 민족 공동의 번영과 통일을 실현하는 데 따른 제반 문제들을 허심탄회하게 협의했다.
쌍방은 우리 민족끼리 뜻과 힘을 합치면 민족 번영의 시대, 자주 통일의 새 시대를 열어 나갈 수 있다는 확신을 표명하면서 6.15 공동 선언에 기초해 남북 관계를 확대.발전시켜 나가기 위해 다음과 같이 선언한다.
1. 남과 북은 6.15 공동 선언을 고수하고 적극 구현해 나간다.
남과 북은 우리민족끼리 정신에 따라 통일 문제를 자주적으로 해결해 나가며 민족의 존엄과 이익을 중시하고 모든 것을 이에 지향시켜 나가기로 했다.
남과 북은 6.15 공동 선언을 변함없이 이행해 나가려는 의지를 반영해 6월 15일을 기념하는 방안을 강구하기로 했다.
2. 남과 북은 사상과 제도의 차이를 초월해 남북 관계를 상호 존중과 신뢰 관계로 확고히 전환시켜 나가기로 했다.
남과 북은 내부 문제에 간섭하지 않으며 남북 관계 문제들을 화해와 협력, 통일에 부합되게 해결해 나가기로 했다.
남과 북은 남북 관계를 통일 지향적으로 발전시켜 나가기 위해 각기 법률적 제도적 장치들을 정비해 나가기로 했다.
남과 북은 남북 관계 확대와 발전을 위한 문제들을 민족의 염원에 맞게 해결하기 위해 양측 의회 등 각 분야의 대화와 접촉을 적극 추진해 나가기로 했다.
3. 남과 북은 군사적 적대 관계를 종식시키고 한반도에서 긴장 완화와 평화를 보장하기 위해 긴밀히 협력하기로 했다.
남과 북은 서로 적대시하지 않고 군사적 긴장을 완화하며 분쟁 문제들을 대화와 협상을 통해 해결하기로 했다.
남과 북은 한반도에서 어떤 전쟁도 반대하며 불가침 의무를 확고히 준수하기로 했다.?
남과 북은 서해에서의 우발적 충돌 방지를 위해 공동 어로 수역을 지정하고 이 수역을 평화 수역으로 만들기 위한 방안과 각종 협력 사업에 대한 군사적 보장 조치 문제 등 군사적 신뢰 구축 조치를 협의하기 위해 남측 국방부 장관과 북측 인민 무력부 부장 간 회담을 금년 11월 중에 평양에서 개최하기로 했다.
4. 남과 북은 현 정전 체제를 종식시키고 항구적인 평화 체제를 구축해 나가야 한다는 데 인식을 같이하고 직접 관련된 3자 또는 4자 정상들이 한반도 지역에서 만나 종전을 선언하는 문제를 추진하기 위해 협력해 나가기로 했다.
남과 북은 한반도 핵 문제 해결을 위해 6자 회담? 9.19 공동 성명과 2.13 합의가 순조롭게 이행되도록 공동으로 노력하기로 했다.
5. 남과 북은 민족 경제의 균형적 발전과 공동의 번영을 위해 경제 협력 사업을 공리 공영과 유무 상통의 원칙에서 적극 활성화하고 지속적으로 확대 발전시켜 나가기로 했다.
남과 북은 경제 협력을 위한 투자를 장려하고 기반 시설 확충과 자원 개발을 적극 추진하며 민족 내부 협력 사업의 특수성에 맞게 각종 우대 조건과 특혜를 우선적으로 부여하기로 했다.?
남과 북은 해주 지역과 주변 해역을 포괄하는 서해 평화 협력 특별 지대를 설치하고 공동 어로 구역과 평화 수역 설정, 경제 특구 건설과 해주항 활용, 민간 선박의 해주 직항로 통과, 한강 하구 공동 이용 등을 적극 추진해 나가기로 했다.
남과 북은 개성 공업 지구 1단계 건설을 빠른 시일 안에 완공하고 2 단계 개발에 착수하며 문산/봉동 간 철도 화물 수송을 시작하고, 통행 통신 통관 문제를 비롯한 제반 제도적 보장 조치들을 조속히 완비해 나가기로 했다.
남과 북은 개성/신의주 철도와 개성/평양 고속도로를 공동으로 이용하기 위해 개보수 문제를 협의 추진해 가기로 했다.
남과 북은 안변과 남포에 조선 협력 단지를 건설하며 농업, 보건 의료, 환경 보호 등 여러 분야에서의 협력 사업을 진행해 나가기로 했다.
남과 북은 남북 경제 협력 사업의 원활한 추진을 위해 현재의 남북경제협력추진 위원회를 부총리급 남북경제협력공동 위원회로 격상하기로 했다.
6. 남과 북은 민족의 유구한 역사와 우수한 문화를 빛내기 위해 역사, 언어, 교육, 과학 기술, 문화 예술, 체육 등 사회 문화 분야의 교류와 협력을 발전시켜 나가기로 했다.?
남과 북은 백두산 관광을 실시하며 이를 위해 백두산/서울 직항로를 개설하기로 했다.
남과 북은 2008년 북경올림픽 경기 대회에 남북 응원단이 경의선 열차를 처음으로 이용해 참가하기로 했다.
7. 남과 북은 인도주의 협력 사업을 적극 추진해 나가기로 했다.
남과 북은 흩어진 가족과 친척들의 상봉을 확대하며 영상 편지 교환 사업을 추진하기로 했다.
이를 위해 금강산면회소가 완공되는 데 따라 쌍방 대표를 상주시키고 흩어진 가족과 친척의 상봉을 상시적으로 진행하기로 했다.
남과 북은 자연 재해를 비롯해 재난이 발생하는 경우 동포애와 인도주의, 상부상조의 원칙에 따라 적극 협력해 나가기로 했다.",108,7882
iks_doc_2007_chosun_005,Chosun 2007 annotated text file unicode.txt,Chosun Ilbo,조선일보,2007,2007_october_summit,8. 남과 북은 국제 무대에서 민족의 이익과 해외 동포들의 권리와 이익을 위한 협력을 강화해 나가기로 했다,,"남과 북은 이 선언의 이행을 위해 남북 총리 회담을 개최하기로 하고, 제1차 회의를 금년 11월 중 서울에서 갖기로 했다.
남과 북은 남북 관계 발전을 위해 정상들이 수시로 만나 현안 문제들을 협의하기로 했다.",2,117
iks_doc_2007_chosun_006,Chosun 2007 annotated text file unicode.txt,Chosun Ilbo,조선일보,2007,2007_october_summit,2007년 10월 4일 평양 대한민국 대통령 노무현 현 조선민주주의인민공화국? 국방위원장 김정일,,"남북 정상 수시로 만나 현안 협의하기로 靑 “사실상 정상회담 정례화 합의“노무현 대통령과 김정일 국방위원장은 4일 앞으로 남북 정상들이 수시로 만나 현안 문제들을 협의하기로 했다.?
양 정상은 이날 오후 1시 서명한 '남북 관계 발전과 평화 번영을 위한 선언'을 통해 “남과 북은 남북 관계 발전을 위해 정상들이 수시로 만나 현안 문제들을 협의하기로 했다“고 합의했다.?
청와대는 “남북정상회담은 한반도 평화와 안정, 남북 관계 발전의 원동력“이라며 “남북 관계가 국가 간 관계가 아니라는 점에서 정례화라는 표현을 사용할 수 없다는 북측 입장을 받아들여 수시로 만나자는 용어로 합의했지만 이는 사실상 정상회담의 정례화에 합의한 것“이라고 밝혔다.
백두산/서울 직항로 개설 북경올림픽 남북 응원단 경의선 열차 이용 참가 노무현 대통령과 김정일 국방위원장이 4일 남한과 북한의 사회 문화 분야 교류와 협력 차원에서 백두산 서울 직항로를 개설해 백두산 관광을 실시하기로 합의했다.
오는 2008년 북경올림픽에는 남북 응원단이 함께 경의선 열차를 타고 참가하기로 했다.
노 대통령과 김 위원장은 4일 오후 1시 '남북 관계 발전과 평화 번영을 위한 선언'에서 8개 조항에 합의했다.
두 정상이 합의한 바에 따르면 서울 백두산 직항로가 개설돼 현재 실시하고 있는 금강산 관광처럼 백두산 관광도 자유롭게 이루어질 것으로 전망된다.
서울과 백두산 직항로가 실현되면 남북 간 정기적인 '하늘 길'이 마련되는 계기가 될 수 있다.
현대 아산과 관광 공사는?지난 2005년 북측과 백두산 관광을 합의했지만 남북 관계가 경색돼 진행에 차질을 빚어 왔다.
정상회담과 별도로 진행된 부문별 실무 회담에선 북경올림픽에 구기 종목 중 축구농구 배구 등의 선수 비율을 남북한 선수가 5대 5로 만들어 단일팀을 구성하는 데 원칙적으로 합의를 본 것으로 알려졌다.",10,913
iks_doc_2007_chosun_007,Chosun 2007 annotated text file unicode.txt,Chosun Ilbo,조선일보,2007,2007_october_summit,남북 “3~4자 정상이 한반도 '종전 선언' 적극 추진“,,"서해안에 '평화협력특별지대 설치..경제 특구 건설 남북 정상은 정전 체제 종식과 평화 체제 구축을 위해 3~4자 정상들이 한반도에서 종전 선언을 하는 문제를 적극 추진하기로 합의했다.
노무현 통령과 김정일 북한 국방위원장은 4일 서명한 '남북 관계 발전과 평화 번영을 위한 선언'에서 “현 정전 체제를 종식시키고 항구적인 평화 체제를 구축해 나가야 한다는 데 인식을 같이하고 직접 관련된 3자 또는 4자 정상들이 한반도 지역에서 만나 종전을 선언하는 문제를 추진하기 위해 협력해 나가기로 했다“고 합의했다.
남북 정상은 “군사적 적대 관계를 종식시키고 한반도에서 긴장 완화와 평화를 보장하기 위해 긴밀히 협력하기로 했다“면서 “남과 북은 서로 적대시하지 않고 군사적 긴장을 완화하며 분쟁 문제들을 대화와 협상을 통해 해결하기로 했다“고 밝혔다.
또한 남북은 서해에서의 우발적 충돌 방지를 위해 공동 어로 수역을 지정하고 이 수역을 평화 수역으로 만들기 위한 방안과 각종 협력 사업에 대한 군사적 보장 조치 문제 등 군사적 신뢰 구축 조치를 협의하기 위해 남측 국방부 장관과 북측 인민 무력부 부장 간 회담을 다음 달 중 평양에서 개최하기로 했다.
남과 북은 이 선언의 이행을 위해 남북 총리 회담을 개최하기로 하고, 제 1차 회의를 금년 11월 중 서울에서 갖기로 했다.
김정일,환송 오찬서 포도주 '원샷' 남북 정상 간의 '남북 관계 발전과 평화 번영을 위한 선언문 서명 작업은 일사천리로 진행됐다.
4일 오후 1시 김정일 국방위원장이 선언문 서명식을 하기 위해 노무현 대통령의 숙손 백화원 영빈관에 도착했다.
김 위원장은 노 대통령과 악수를 하며 “안녕하십니까.
편히 쉬셨습니까“라고 인사말을 건넸고, 노 대통령은 “아침에 서해 갑문 잘 다녀왔습니다“라고 답했다.
곧바로 두 정상은 준비된 서명식장에 입장했다.
양측 실무진들 간에 합의문 작성을 위한 사전 작업이 충분해선지 두 정상은 서명식장에 입장하자마자 곧바로 테이블에 마주 앉아 서명을 했다.
3일 오전과 오후 두 차례의 정상회담이 끝난 직후부터 4일 오전까지 양측 실무진은 선언문 문구 조율 작업을 거친 것으로 알려졌다.
노 대통령과 김 위원장이 선언문에 서명하는 동안 남측에선 권오규 경제 부총리, 이재정 통일부 장관, 김만복 국정원장, 백종천 청와대 안보실장이, 북측에선 김영일 내각 총리, 김일철 인민 무력부장, 김양건 통일전선부 부장이 두 정상의 뒤에 각각 섰다.
서명을 마친 두 정상은 선언문을 교환한 뒤 악수를 나눴고 사진 촬영을 위해 잠시 포즈를 취했다.
포즈를 취하던 중 노 대통령이 김 위원장의 귀에 뭔가를 속삭였고, 두 정상은 맞잡은 손을 취재진을 향해 높이 들어 보였다.
두 정상은 샴페인으로 축배를 들었고 양측 배석자들 사이에서 박수가 쏟아졌다.
뒤이어 두 정상은 서명식장을 나와 백화원 영빈관 내 오찬장으로 이동했다.
김 위원장은 복도에서 기다리고 있던 노 대통령 부인 권양숙 여사를 비롯해 남측 공식 수행원들과 악수를 했고, 같은 시간 노 대통령은 대기하고 있던 북측 고위 인사들과 악수를 나눴다.
오찬장에 입장할 때 김 위원장은 노 대통령과 권 여사에게 먼저 입장할 것을 권하기도 했다.
오찬 테이블에 앉은 뒤 김 위원장은 옆 자리의 노 대통령에게 “(2000년에) 김대중 대통령도 이 자리에 앉으셨다“고 설명했다.
원탁 모양의 테이블 중앙에는 노 대통령이 앉았고 그 왼편에 김 위원장, 오른편에 권 여사가 자리했다.
테이블에는 김 위원장 왼편 시계 방향으로 남측에서 권 부총리, 김우식 과기 부총리, 김원기 전 국회 의장, 백 실장, 이 통일 장관, 현정은 현대그룹 회장, 합의문 실무 조율을 담당한 조명균 청와대 안보 정책 비서관, 염상국 경호실장, 성경륭 정책실장, 김만복 국정원장, 김장수 국방장관이 차례로 앉았다.
남측 인사들 사이사이에 북측의 김영일 내각 총리, 김기남 노동당 중앙 위원회 비서, 김양건 부장, 김계관 외무성 부상, 강석주 외무성 제1 부상, 김일철 인민 무력부장이 앉았다.
모두 자리에 앉은 뒤 김 위원장이 테이블에 있던 여러 와인 중 한 가지를 고르자 북측 접대원이 참석자들에게 한 잔씩 따랐다.
먼저 북측의 김영일 총리가 건배사를 했다.
김 총리는 “노무현 대통령의 평양 방문이 이제 끝나게 된다“며 “국방위원회 위원장 동지와 노무현 대통령께서 역사적인 선언을 채택하신 데 대해 모두의 마음을 합쳐 열렬한 축하를 드린다“고 말했다.
박수가 쏟아졌다.
그는 “오늘 선언은 온 겨레에게 새롭ㄴ 힘과 신실을 안겨 주고 있다“며 “북남 수뇌자 상봉 결과는 우리 민족끼리 뜻과 힘을 합치면 못 해 낼 일이 없다는 것을 다시 한 번 확인해 줬다“고 했다.
그리고는 “노 대통령 내외분의 건강을 위해, 국방위원회 위원장 김정일 동지의 건강을 위해, 이 잔을 들 것을 제의한다“고 건배를 제의했다.
김 총리의 건배사에 뒤이어 남측 대표로 이재정 통일부 장관이 일어나 답사를 했다.
이 장관은 “만남은 모든 것의 시작이라고 생각한다“며 “남북 정상께서는 만남 자체의 의미를 넘어서 민족의 장래에 하나같이 소중하고 뜻 깊은 합의를 이뤄 냈다“고 치하했다.
또 “남북은 말이 하나고 문화가 비슷하고 생김새가 같기 때문에 만나면 쉽게 통한다.
그러기에 앞으로 보다 자주 만나야 한다“며 “이번에 만남의 역사적 결단을 내린 남북의 두 정상 분께 깊은 존경의 말씀을 드린다“고 말했다.
이 장관은 “마지막으로 오늘 성대한 오찬의 자리를 마련해 주신 김정일 국방위원장님께 감사 드린다“며 “노 대통령 내외와 김정일 국방위원장의 건강을 위해 잔을 들ㄹ 것을 제의한다“고 말을 맺었다.
건배사와 답사가 끝나자 김 위원장은 노 대통령 내외와 권 부총리, 김우식 부총리와 차례로 잔을 부딪쳤고, 답사를 한 이 통일 장관도 김 위원장 자리로 다가와 잔을 부딪쳤다.
김 위원장은 포도주를 단번에 마셨다.
2000년 정상회담 때 김대중 전 대통령이 마련한 답례 만찬에서 그렀듯이 김 위원장은 '원샷'을 한 반면, 노 대통령은 포도주를 조금 남겼다.
뒤이어 김 위원장이 주최한 환송 오찬이 이어졌다.
백종천 청와대 안보실장은 평양 고려호텔 프레스 센터에서 열린 선언문 발표 기자 회견에서 선언문의 명칭과 관련해 “'2007 남북 정상 선언'으로 불러 달라“고 당부했다.
백 실장은 그러나 선언문 합의 과정을 묻는 질문에 “노 대통령이 귀경 길에 남측 CIQ(남북 출입 관리 사무소)에서 정상회담 과정에 대한 귀국 보고를 할 예정“이라며 “그때까지 기다려 달라“고 말했다.",40,3163
iks_doc_2007_chosun_008,Chosun 2007 annotated text file unicode.txt,Chosun Ilbo,조선일보,2007,2007_october_summit,"김장수 장관 악수 자세 화제 노 대통령에게는 '목례', 김 위원장 '꼿꼿' 첫날 잇어 마지막 날도 김 위원장과 꼿꼿이 악수",,"노무현? 대통령과 북한? 김정일?국방위원장이 '남북 관계 발전과 평화 번영을 위한 선언'에 서명한 4일 평양 시내 백화원 영빈관.
서명을 마친 김 위원장은 남측 인사들과 악수를 하기 시작했다.
남한 측 인사들은 가볍게 목례를 하는 정도로 김 위원장에게 예를 표했다.? 김장수 국방장관은 달랐다.
김 장관은 꼿꼿하게 선 자세로 한 손으로 절도 있게 김 위원장과 악수를 나눴다.
이번?남북정상회담?기간 내내 김 장관의 '꼿꼿한 악수 자세가 화제다.
김 장관은 지난 2일 평양 4.25문화회관 광장에서 열린 공식 환영식에서도 다른 수행원들과 달리 김 위원장에게 고개를 숙이지 않고 악수를 나눠 눈길을 끌었다.
이는 바로 앞서 허리와 고개를 숙이며 김 위원장의 오른쪽 손을 두 손으로 감싸 쥐며 인사한 김만복 국정원장과 대조를 이뤄 더 부각됐다.
국방부?측에서는 “특별한 정치적인 의미가 있는 것이 아니라 군에 오랫동안 몸 담으면서 꼿꼿하게 악수를 나누는 것이 몸에 밴 것“이라고 밝혔다.
지난해 말 정무직인 국방장관으로 취임했지만 40여 년 간 군 생활을 통해 몸에 밴 악수 자세가 익숙해 그대로 나온 것이라는 설명이다.
실제로 군 야전 교범의 '경례 및 예절' 규정에는 “허리를 굽히거나 고개를 숙이거나, 몸을 흔들어 아첨하거나 비굴해 보이는 듯한 저자세 악수 방법을 삼가야 한다. 손을 너무 흔들거나 두 손을 쥐는 것은 실례가 된다“고 나와 있다.
그러나 김 장관은 노무현 대통령과 악수를 할 때는 고개를 가볍게 숙이고 목례를 했다.
지난 6월 싱가포르에서 열린 아시아안보회의에 참석한 김 장관은 일본의 규마 후미오 전(前) 방위성 장관과 만났을 때도 고개를 약간 숙이고 밝게 웃으며 악수했다.
김정일 국방위원장과 악수를 할 때와는 180도 다른 모습이었던 것이다.
이에 대해 북한의 군 통수권잔 김 위원장을 맞아 국방장관으로서 군의 사기를 고려해 이처럼 꼿꼿한 자세로 악수를 한 것이 아니냐는 관측이 나오고 있다.
김 장관의? 정상회담?수행은 회담 전부터 서해 북방 한계선(NLL) 설정 논란과 맞물려 주목을 받았다.
김 장관은 “NLL는 군사 회담 이슈고 군사 회담의 주무 부처는?국방분 만큼 다른 부처는 섣불리 공개 거론하지 말라“며 강하게 '관할권'을 주장하기도 해 일각에서는? 방북을 하면 협상이 어렵어질 것이라는 관측도 있었다.
이번 정상회담 합의문에서는 서해 공동 어로를 포함한 '서해 평화 협력 지대'를 조성한다는 내용이 언급됐지만, 이와 직접적인 관련이 있는 NLL 문제에 대해? 거론하지는 않았다.
이 부분은 다음 달 개최하기로 합의한 국방장관 회담에서 본격 논의될 것으로 보인다.
김장수?국방장관은 5일 국무 회의 참석을 위해 국방부 청사를 나서면서 기자들에게? “악수를 할 때 고개를 숙이면 부딪힐 것 아니냐“고 말했다.?",19,1367
iks_doc_2007_chosun_009,Chosun 2007 annotated text file unicode.txt,Chosun Ilbo,조선일보,2007,2007_october_summit,김정일 “당뇨 심장병 전혀 없다“,,"건강 이상 설 일축 북한 김정일 위원장은 4일 백화원 영빈관에서 열린 환송 오찬에서? “(남측 언론에서) 내가 마치 당뇨병에 심장병까지 있는 것처럼 보도하는데, 사실은 전혀 그렇지 않다“고 말했다.
이는? 국내외 언론들이 지속적으로 제기했던? 건강 이상 설을? 일축한 발언으로? 보인다.
김 위원장은 최근 독일 의료진으로부터 심장 수술을 받았다는 외신 보도를 겨냥, “우리가 심장병 연구가 좀 약해서 사람들도 불러다가 (심장병) 연구도 시키고, 보완하고 있는 데 잘못 보도들을 하고 있다“면서 “내가 조금만 움직여도 크게 보도들을 하고 있다.
기자가 아니라 작간 것 같다“고 말해 오찬장에서 웃음이 터져 나 오기도 했다.
김 위원장은 그러나“그래도 (남측에서) 나에 대해 크게 보도하고 있어서 기분이 나쁘지는 않다“며 여유있는 모습을 보이기도 했다.
김 위원장은 앞서 3일 오전 첫 정상회담에서도? 노 대통령의 인사말에 대해 “대통령께서 오셨는데 환자도 아닌데 집에서 뻗치고 있을 필요 없지요“라고 말해? 전날 자신에 대한 건강 이상설을 집중 보도한 남측 언론을 염두에 둔 전략적 발언이 아니냐는 해석이 나왔다.?
이날 오후 1시 10분쯤부터 진행된 환송 오찬은 시종일관 화기애애한 분위기 속에서 2시간 가량?진행됐다.
노 대통령과 김 위원장은 식사 도중 테이블 위에 마련된 와인으로 건배를 주고 받으며 대화를 계속했고, 다른 테이블에 앉아 있던 남측 수행원과 북측 참석자들도 테이블별로 일어나 남북 관계 진전과 양 정상들의 건강을 기원하는 건배를 이어 갔다.
오찬 도중 양 정상도 자리에서 일어나 다른 테이블들로 걷어 가 참석자들과 일일이 건배를 하기도 했다.
이 때문에 오찬이 끝날 때쯤 양 정상의 얼굴이 붉게 홍조를 띠기도 했다.
분위기가 무르익자 이재정 통일부 장관이 일어나 즉석에서 특별 수행원 일행으로 참석해 있던 안숙선 명창을 소개하며 노래를 청했고, 안 명창은 판소리 춘향전 중에서 '사랑가'를 부르며 흥을 돋웠다.
오후 3시 15분쯤 오찬을 마친 뒤 노 대통령은 오찬장에서 백화원 영빈관 현관까지 걸어 나 와 김 위원장과 작별 인사를 나눴다.
김 위원장은 “(오늘은) 이제 마지막입니다“고 말했고 양 정상은 “건강하십시오“이라는 인사를 주고 받았다.
잇어 노 대통령은 오찬에 참석했던 수행원들과 영빈관 내부에 있는 금강산 총석정 파도 그림 앞에서 함께 기념 촬영을 했다.
노 대통령은 백화원 영빈관 방명록에 '아름답ㄴ 백화원에서, 따뜻한 환대에 감사합니다'이라는 글을 남겼다.",15,1227
iks_doc_2007_chosun_010,Chosun 2007 annotated text file unicode.txt,Chosun Ilbo,조선일보,2007,2007_october_summit,노 대통령 “개성 공단 통한 北 개혁 개방 조심성 없는 말“,“개성 공단 성공할 것“,"노무현 대통령은 4일 “우리가 개성 공단을 통해 북측이 개혁 개방될 것이라는 말을 했는데 그것이 조심성 없는 말이었다“며 “서울로 돌아가면 정부라도 최소한 그런 말을 쓰지 않겠다“고 말했다.
노 대통령은 평양에서 남북정상회담을 마치고 돌아오던 중 개성 공단을 방문, “이번에 (북측과) 대화를 해 보니 개성 공단을 남측에서 정치적으로 이용하는 사람들이 있어서 매우 못마땅하다고 말했다“면서 이 같이 밝혔다.?
노 대통령은 “개성 공단은 남북이 함께하는 자리지 누구를 개혁시키는 자리가 아니다“며 “개혁 개방은 북측이 알아서 할 것이고, 정부는 인터넷이나 전화 등 불편한 것만 하나하나 해소하겠다“고 말했다.
노 대통령은 “여러분들도 그 점에 대해 각별히 유의하고 국민들 사이에 그런 일방적인 생각이 얘기돼 오해를 사는 일이 없도록 노력하자“고 당부했다.
노 대통령은 “말로는 '민족이 공동 번영한다. 민족은 하나다’라고 하지만 사실 우리가 하나 된 데는 별로 없다“며 “어디 가서도 하나로 행동하는 것보다는 서로 적대할 때도 있고, 때로는 시비가 걸릴 때도 많다“고 말했다.
잇어 “그런데 협력을 잘하는 데가 하나 있는데 그것이 6자 회담의 장으로 6자 회담을 하러 가면 우리 대표는 미국하고 맨날 공조하는데 실제로는 북측하고 공조하고 협력도 많이 한다“며 “'남북이 하나다'이라는 것을 실천하는 장이 6자 회담인데 개성 공단을 와 보니까 '남북은 하나라'이라는 것이? 그대로 실천되는 것이 실감이 난다“고 말했다.",6,736
iks_doc_2007_chosun_011,Chosun 2007 annotated text file unicode.txt,Chosun Ilbo,조선일보,2007,2007_october_summit,노 대통령 서울 답방 요청에 김정일 “미루자““납북자 국군 포로 문제 성과 없어 죄송“,"“김 위원장, 김영남 우선 서울 방문 제안“","노무현 대통령은? 4일 남북정상회담에서 북한 김정일 국방위원장에게 서울 답방을 요청했지만 김 위원장은 답방을 미루자고 대답했다고 밝혔다.?
노 대통령은 이날? 2박 3일 간의 평양 방문을 마친 뒤 도라산 남측 출입사무소(CIQ)에서 열린 귀국 보고에서 “김 위원장에게 서울 답방을 요청했다“며 “그러나 김 위원장은 우선 김영남 최고인민회의 상임 위원장의 방문을 제안했고, 본인의 방문은 여건이 성숙될 때까지 미루겠다고 말했다“고 밝혔다.
노 대통령은 또 “(정상회담에서) 과거로부터 자유롭ㄴ 것이 중요하다면서? 이산가족과 납북자 국군 포로 문제 해결 제안했다“며 “그러나 납북자와 국군 포로 문제 등은 양측의 입장 차이로 국민 여러분들이 기대할 만큼 성과를 내지 못하아 국민 여러분께 죄송하다“고 말했다.
노 대통령은 “합의를 못 했지만 많은 대화를 했다“며 “그것이 다음 문제를 풀어 나가는 데 밑거름이 됐으면 한다“고 말햇다.
노 대통령은 북핵 문제와 관련해서는 “쉽게 말하면 핵 폐기는 하는데 6자 회담에서 같이 풀자고 정리됐다“면서 “외교부가 북측이 상당히 양보를 했다는 평가를 하고 있는데 정상회담을 성공시키기 위해 협력한 것으로 받아들인다“고 말했다.
잇어 “정상회담 도중에 김 위원장은 6자 회담 북측 수석 대푠 김계관 외무성 부상을 불러 6자 회담 합의 경과를 설명하도록 해서 매우 구체적인 보고를 받았다“며 “핵 문제 잘 풀릴 것으로 확신한다“고 말했다.
노 대통령은 또 “평화 체제 전환과 관련해 조지 부시 미국 대통령이 제안한 바 있는 종전 선언 방안에 대해 김 위원장에게 설명했다“며 “김 위원장이 종전 선언 방안에 구체적인 관심을 표명했고, 이를? 성사시키기 위해 남측이 노력해 보라고 주문했다“고 말했다.
노 대통령은 “한반도의 평화 정착과 경제 협력의 확대,동북아 협력 질서를 위해서는 북미,북 일 관계 개선이 필요하다고 제안했다“면서 “그러나 김 위원장은 이 점에 대해서는 듣고만 있었기 때문에 합의했다고 말할 수 없다.
합의할 사항도 아녀서 김 위원장이 경청했다고 전해 드리겠다“고 말했다.?
노무현 대통령은 “서해 평화 협력 특별 지대에 대한 합의가 이번 정상회담의 핵심“이라며 “서해상의 평화 정착을 위해서는 군사적 대결의 관점이 아니라 경제 협력의 관점으로서 '서해 문제를 풀어 나가자'는? 발상의 전환이 필요하다는 점을 강조했다“고 말했다.
노 대통령은 “해주 지역의 특별 지대 설정은 개성과 인천과 관계에 있어 시너지 효과가 큰 경제 효과가 있을 것“이라고 설명했다.",11,1235
iks_doc_2007_chosun_012,Chosun 2007 annotated text file unicode.txt,Chosun Ilbo,조선일보,2007,2007_october_summit,盧 대통령 “김정일 위원장과 말 통했다“,,"노무현 대통령은 북한 김정일 국방위원장에 대해 “아주 간단히 말하자면 말이 좀 통했다“고 말했다.
지난 3일 김 위원장과 두 차례 남북정상회담을 가진 노 대통령은 “오전에는 사실 좀 힘들었지만 오후 가니까 잘 풀렸다“면서 이 같이 말했다.
노 대통령은 4일 오후 도라산 출입사무소(CIQ)에서 열린 귀환 보고에서 남북정상회담 과정에 대한 소감을 밝혔다.
노 대통령은 “첫날 김영남 최고인민회의 상임 위원장을 만나 첫 회담을 마치고 난 뒤 정말 잠이 오지 않았다“면서 “양측 간의 사고 방식이 엄청나고 너무 벽이 두텁어서 정말 우리가 합의를 할 수 있을지 눈앞이 캄캄했다“고 털어놓았다.
노 대통령은 잇어 “그런데 (김 위원장과의 회담은) 은근히 기대를 가지고 갔다“며 “이재정 통일부 장관 비롯해 북측과 많은 협상했던 분들이 저를 조언하면서 '본시 그 사람들이 군기를 잡는다. 기세 싸움한 것이지 안된다는 것은 아닐 것이다.
내일 김 위원장을 만나 보자. 용기를 갖자'로 격려해 줬다“고 했다.
노 대통령은 “(정상회담을 앞두고) 정말 주문이 많아 어떻게 다 소화할까 걱정이 돼 그 많은 일거리를 어떻게 다 성사시킬까? 발걸음이 무거웠다“면서 “그래서 출발하기 전에 '보따리가 적더라도 만남 자체가 의미가 있다'고 미리 한 자락 깔아 놓고 갔는데 돌아오는 길에는 가져갔던?보자기가 적어 짐을 다 싸기 어렵ㄹ 만큼 성과가 좋았다“고 자평했다.
노 대통령 “한반도 평화 정착 최우선 의제“盧 대통령 오늘 방북 核 폐기 없는 평화 선언 추진엔 우려의 목소리도?
정상회담에서 발표 위해 내용 조율 중 현실과 동떨어져 그릇된 환상 줄 수도 노무현(盧武鉉) 대통령과 김정일(金正日) 국방위원장은 3일 열릴 남북정상회담에서 '한반도 평화 선언'을 공동 발표하기 위해 당국 간에 내용을 조율 중인 것으로 알려졌다.
정부는 이 선언에 군사적 긴장 완화와 남북 경제 공동체 건설을 함께 추진한다는 내용을 넣자고 북한 측에 제안한 상탠 것으로 전해졌다.
이와 관련, 노 대통령은 1일 '건군 59주년 국군의 날' 기념 식에서 “한반도 평화 정착을 가장 우선적 의제로 다룰 것“이라면서 “평화에 대한 확신 없이는 공동 번영도, 통일의 길도 기약할 수 없기 때문“이라고 말했다.
노 대통령이 말한 '평화 정착'은 긴장 완화 조치, 경협 확대를 위한 제도적 보완, 평화 체제 협상 논의 시작 등을 포괄하는 개념인 것으로 보인다.
노 대통령은 이날 “모든 것이 순탄하지는 않겠지만 앞으로 한반도 평화 체제 논의가 본격화되면 군사적 신뢰 구축과 평화 협정, 나아가 군비 축소와 같은 문제까지도 다뤄질 수 있을 것“이라고 말했다.
통일부 당국자는 '평화 선언'에 대해 “아직 이름을 무엇으로 하고 어떤 내용을 담을 것인지, 별도 선언으로 할지, 합의문에 포함시킬지 등에 대한 조율이 끝나지 않았다“고 말했다.?
평화 선언의 구체적 내용은 2일 방북하는 정부 대표단과 북측 간 협의를 계속해 결론을 낼 것으로 보인다.
남측은 실질적인 경제 지원을 통한 평화 정착에, 북측은 통일 방안을 명시하는 것에 초점을 맞출 가능성이 높다.
6.25 전쟁 이후 유지되고 있는 정전 체제를 평화 체제로 바꾸는 중간 단계로 “6.25 전쟁은 사실상 끝났다“는 종전(終戰) 선언에 가깝ㄴ 평화 선언 가능성도 정부 주변에서 나오고 있다.
노 대통령이 9월 7일 한미 정상회담 이후 언론 브리핑 때 조지 W 부시(Bush) 미 대통령에게 “한반도 평화 체제 내지 종전 선언에 대한 말씀을 빠뜨리신 것 같은데“라고 추가 설명을 요구한 것이 이번 정상회담의 합의를 염두에 둔 것 아니냐는 분석도 나오고 있다.
그러나 북핵 문제가 실질적으로는 영변 핵 시설 폐쇄에 그치고 있는 상태에서 '평화 선언'이 발표될 경우 자칫 그릇된 환상을 심어 줄 우려가 제기되고 있다.
백진현 서울대 교수는 “북핵 폐기까지는 여전히 갈 길이 멀고 군사적 대치도 여전하다“며 “현실과 괴리된 상태에서 선언이 나오는 것은 결과적으로 평화에 도움이 안 될 것“이라고 밝혔다.
노 대통령은 2일 오전 9시쯤 군사 분계선을 걸어서 넘은 뒤 평양~개성 고속도로를 달려 평양에 도착할 예정이다.
노 대통령은 공식 환영식에 참석한 뒤 숙손 백화원 초대소에서 김정일 위원장을 처음으로 만날 가능성이 높은 것으로 알려졌다.
노 대통령, 정상회담 위해 오늘 평양행 외 盧 대통령, 정상회담 위해 오늘 평양행.
우리 민족이나 지향 점이 다르다는 점 잊지 말아야.
북핵 '연내 불능화' 6자 합의 불구, 이행 여부 불투명 노무현 대통령과 김정일 국방위원장은 3일 열릴 정상회담에서 ‘평화 번영 통일’을 화두로 남북 간 모든 현안을 논의한다.
그러나 합의 자체가 쉽지 않거나, 섣부른 합의로 오히려 위험을 키울 현안들이 수두룩하다.
노 대통령은 지난달 11일 “북핵은 이미 풀려 가고 있는 상황“이라며 “김 위원장을 만나 북핵을 말하라는 것은 가급적 가서 싸우라는 얘기“라고 했다.
이 문제를 본격 제기하지 않겠다는 의미로 풀이된다.
이는 북핵 문제를 미국과 협상을 통해 해결한다는 북한 입장을 어느 정도 감안한 것으로도 읽힌다.
다만 남한 국민 대다수가 이번 회담의 핵심 의제로 희망하는 사안인 만큼 어떤 형태로든 협의는 이루어질 수밖에 없을 것이라고 정부 당국자는 말했다.
특히 최근 6자 회담에서 '북핵 연내 불능화'를 명시한 잠정 합의문이 타결된 것도 정상회담의 북핵 논의에 긍정적 신호다.
그러나 구체적인 조치가 수반되지 않는 비핵화 의지의 표현은 자칫 '말 잔치'로 끝날 가능성이 없지 않다.
김용현 동국대 교수는 “공동 선언문에 '북핵은 6자 회담을 통해 해결한다' 정도의 표현은 들어갈 것“이라고 했다.
이 정도로는 남북이 92년 내놓은 한반도 비핵화 공동 선언에도 미치지 못한다.
2. 평화 체제 美 中와도 관련 있는 終戰 협정 선행돼야?
노 대통령이 집착하고 있다.
비무장 지대(DMZ)와 서해 북방 한계선(NLL) 일대를 평화 구역(peace/zone)으로 조성하는 방안, 재래식 무기를 줄이기 위한 군축공동위원회 구성, 남북 정상 간 '핫라인'(직통 전화) 개설 등이 논의될 수 있다.
어느 것이라도 합의만 된다면 평화 분위기 조성에 도움이 되는 것은 사실이다.
그러나 평화 체제는 종전(終戰)협정이 선행돼야 한다.
종전 협정은 6.25 전쟁 당사국인 미국 중국과도 관련이 있다.
남북 간의 약속만으로 해결할 수 있는 문제가 아니기 때문에 신중해야 한다는 것이 전문가들의 조언이다.
3. NLL 재협의 국경선 함부로 건드리면 南南 갈등 우려?
북의 재설정 요구가 거셀 것으로 예상된다.
“NLL는 영토 개념이 아니라고 생각“(이재정 통일부 장관), “북이 제기하면 논의“(문재인 대통령 비서실장) 등 정부 당국자들은 일찌감치 NLL 재협의 가능성을 열어 놓고 있다.
정부 내부에서는 평화 구역, 공동 어로 구역 등의 대안을 갖고 있는 것으로 알려졌다.
북한이 70년대 이후 줄기차게 요구해 온 의제를 협상한다는 점에서 북한에 다른 것을 받아 낼 수 있는 윤활유 역할을 할 것이란 견해도 있다.
그러나 이는 50년 이상 지켜 온 해상 국경선을 건드리는 문제어서 엄청난 논란에 휩싸일 것이 뻔하다.
합의 여부, 합의 내용에 따라 남 남(南南) 갈등을 증폭시킬 개연성이 크다.
남북정상회담 핵심 쟁점에 대한 긍정적 요소와 문제점 쟁점 긍정적 요소 문제점 북핵 북한이 회피하는 문제 우회 실천력 뒷받침 없는 말잔치 가능성 평화 체제 DMZ 평화 구역 조성 등 냉전 산물 청산 주한 미군 철수 국보법 폐지 등 선결 요구할 듯 NLL 북의 부단한 요구에 대한 탈출구 성격 재설정될 경우 50년 유지된 해상 경계선 붕괴 남북 경협 남북한 협력 증진과 북 개방 촉진 북한 수용 미지수 및 천문학적 재원 조달 불투명 아리랑 공연 회담 당사자에 대한 체제 존중 아동 학대 비판론에 면죄부를 줌로써 인권 존중국으로서의 면모 훼손 합의문 회담 성과를 문서로 정리 모호한 개념 합의하면 새롭ㄴ 갈등 소지 LCD TV 북한에 대한 통상적 선물 차원 유엔 결의 따른 반출 금지 품목 가능성 4. 경협 경제 특구 통일 대비한 투자지만 재원 조달 어려움?
정부는 “평화와 경협은 함께 간다“는 말을 입버릇처럼 하고 있다.
통일에 대비한 투자 개념이라는 것이다.
북한 서해안과 동해안에 제2, 제3의 개성 공단을 만들자는 아이디어가 난무하고 있고, 실제 토지공사 등에서 청사진을 만들기도 했다.
북한이 해당 지역의 군 부대를 철수시키고 적극적인 개방에 나선다면 평화 정착에 도움이 될 것임를 부인할 수 없다.
하지만 개방에 따른 체제 동요를 우려하는 북의 호응 여부가 미지수다.
무엇보다 재원 조달이 문제다.
남포 해주 신의주 개발에 10 조 원(토공 산하 연구소)이 들ㄴ다는 추정도 있다.
임기 말 정부가 증세(增稅)나 국채 발행이 필요한 대형 프로젝트를 북측과 덜컥 합의할 경우, 차기 정부는 물론 후(後)세대에 부담을 안기는 셈이어서 논란이 불가피하다.
미국이 여전히 북한을 테러 지원국에서 해제하지 않은 상황에서 남한 기업이나 세계 은행 등의 대규모 투자는 사실상 불가능하다는 지적도 있다.
5. 아리랑 관람 아동 학대 인권 침해 비판 적절성 논란?
3일 노 대통령의 관람이 예정돼 있다.
정부는 “상대방 체제 존중 차원“이라며 “어쩔 수 없는 것 아니냐“는 입장이다.
그러나 “북한의 폭력적 정권을 인정하는 꼴“이란 반대 의견도 만만하지 않다.
10만여 명의 학생을 주로 동원하는 아리랑은 아동 학대라는 비판을 받고 있다.
실제 아리랑 공연을 지도했던 탈북자들도 연습 과정의 인권 침해 사례를 고발하고 있어, 과연 노 대통령이 봐도 되느냐는 지적은 그치지 않을 듯하다.
6. 합의문 작성 모호한 합의는 주변국 오해 부를 수도?
합의문이 나올지, 어떤 내용이 담길지 베일에 싸여 있다.
양 정상의 서명이 들어간 합의문은 합의 내용에 '정치적 구속력'을 부여한다는 효과가 있다.
회담 성과를 문서로 분명히 한다는 의미도 있다.
그러나 2000년 정상회담 때의 '낮은 단계 연방제'처럼 모호한 개념에 합의한다면 후폭풍이 예상된다.
남북한이 문구 해석을 달리할 소지도 있다.
실제 2002년 2월 평양 방송은 '6.15 공동 선언'에 대해 “북남이 연방제 통일(북한 통일 방안)을 지향해 나갈 것을 밝히고 있다“고 보도했다.
특히 6자 회담과 관련된 내용을 합의문에 담을 때는 신중해야 한다는 것이 전문가들의 지적이다.
만약 '평화 선언', '통일 선언' 등이 합의문에 포함돼 정상회담이 6자 회담을 앞서가는 모양새가 된다면 미국 등 주변국의 오해를 불러일으킬 수도 있다는 것이다.
7. LCD TV 선물 대북 반출 금지 품목 유엔 등 각국 주시?
정부는 대북 반출이 금지되는 전략 물자로 오해 받을 수 있는 52인치 LCD TV 6대를 북한에 선물하기로 했다.
LCD TV는 북한의 작년 핵 실험 이후 유엔의 대북 제재(1718호) 때 북한에 반출해선 안 되는 사치품에 포함된 품목이다.
정부는 “우리는 사치품을 대북 제재 항목에 넣지 않았고, LCD TV는 전략 물자도 아니다“고 말하지만 미국 측은 유엔 결의 준수 차원에서 한국 정부의 조치를 지켜 보고 있는 것으로 알려졌다.",77,5414
iks_doc_2007_chosun_013,Chosun 2007 annotated text file unicode.txt,Chosun Ilbo,조선일보,2007,2007_october_summit,근접 경호는 청와대서 총리 합참의장이 국방 공백 메워,,"盧 대통령 방북 때 국가 정상의 외국 방문 때 총괄 경호 책임은 방문 국가 측이 맡는다.
이번 남북정상회담 때 노무현 대통령에 대한 경호 책임도 역시 북한이 진다.
하지만 이번에 북측은 노 대통령에 대한 근접 경호를 청와대 경호실이 맡도록 했다.
북한은 2000년 정상회담 때도 그랬던 것처럼 이번에도 대통령 경호에 한 치 오차도 없게 준비하고 있는 것으로 보인다.
김정일 국방위원장의 권위와 직결된 문제기 때문이다.
북한은 호위 사령부, 인민 무력부, 국가안전보위부 등 모든 무력 및 공안 기관들을 총동원한 것으로 알려졌다.
노 대통령이 군사 분계선을 넘는 순간부터 개성~평양 고속도로를 포함해 모든 동선() 주변을 완전히 장악하는 개념으로 경호에 대비하는 것으로 전해진다.
평양은 이미 수 일 전부터 허가 받은 군 및 정부 관계자를 제외하고는 진입 자체가 금지됐다는 것이 소식통들의 전언이다.
2일부터 2박 3일 간 군(軍) 통수권잔 대통령은 물론 군 최고 책임잔 국방장관마저 국내에 없는 사상 초유의 일이 벌어진다.
두 사람의 부재 중 국방 안보 태세는 어떻게 유지될까?
2000년 남북정상회담 때는 대통령만 방북했다.
일단 형식상 김장수 국방장관의 집무 공백은 김영룡 국방 차관이 대행하게 된다.
김 차관은 주요 국방 정책을 결정하는 장관의 권한을 침해할 수 없지만 통상적인 정책 관리 차원의 행정 사무를 관장할 수 있도록 돼 있다.
중요한 일이 발생할 경우 김 차관은 대통령 부재 중 국정 최고 책임잔 한덕수 국무총리에게 보고하고 지침을 받는다.
반면 작전 정보 등 육해공군의 각급 부대를 지휘하는 권한인 군령권(軍令權)은 김관진 합참의장이 계속 행사하게 된다.
김 의장은 각급 부대의 작전을 지휘해야 할 중요 사안이 발생하면 김 차관을 거쳐 한 총리에게 보고한 뒤 지침을 받아 처리해야 한다.
'평화 체제' 집착하는 노 대통령 임기 말 업적 조바심 때문??
6자 회담 북핵 연내 불능화 신고 합의에 고무?
군사적 안전 보장 추가 경제 특구 등 합의 기대 노무현 대통령이 1일 국군의날 기념 식에서 남북정상회담의 최우선 의제로 '한반도 평화 정착'을 들ㄴ 것은, '평화 체제'에 노 대통령이 얼마나 집착하고 있는지를 보여 준다.
'평화 체제'는 현재의 정전(停戰)협정을 평화 협정으로 전환하고 전쟁 당사국인 미국과 북한이 관계 정상화 수준까지 가는 상황을 포괄하는 폭넓은 개념이다.
노 대통령이 말한 '평화 정착'이라는 것은 이 평화 체제로 가기 위한 단계별 상황이 모두 완성됐을 경우를 상정하는 것으로 이해된다.
노 대통령은 그동안 이번 정상회담에 대해 두 가지 핵심 의제를 말해 왔다.
하나는 남북 경제 공동체로 가기 위한 협의의 시발이어야 한다는 것이었고, 또 하나는 평화 체제 논의의 시작이어야 한다는 것이었다.
둘은 뗄 수 없는 관계고, 근본적으로는 6자 회담을 통한 북핵 폐기 및 한반도 비핵화가 전제돼야 한다.
노 대통령은 30일 6자 회담에서 연내 핵 불능화 및 신고를 담은 합의문이 나온 데 대해 상당히 고무된 듯하다.?
노 대통령은 이날 기념 식에서 “6자 회담의 진전 등 한반도를 둘러싼 정세는 이전과는 다른 국면에 접어들고 있다“고 '선언'했다.
천호선 대변인도 정례 브리핑에서 “놓칠 수 없는 기회“이라면서 “적극 대처하면 한반도 평화의 시대로 나아갈 수 있을 것“이라고 큰 의미를 부여했다.
이런 인식을 갖고 있는 노 대통령은 따라서 이번 정상회담에서 김정일(金正日) 위원장으로부터 북핵 폐기에 대한 의지를 다시 확인하고 평화 정착을 위한 몇 가지 조치를 이끌어 내는 데 주력할 것으로 보인다.
NLL(서해 북방 한계선)DMZ(비무장 지대)의 평화 지대화 등 군사적 안전 보장 조치, 추가 경제 특구 지정 및 투자 보장 제도화 방안 합의 등이 핵심이 될 가능성이 크다.
이런 부분들에 대한 양측의 원칙적 의지를 담은 선언을 채택하는 방안도 추진 중이다.
미국과의 관계 정상화가 북한에 이득을 가져다 줄 것이라는 점도 강조하게 될 것으로 보인다.
그러나 평화 체제나 평화 정착은 원한다고 되는 문제가 아니다.
숱한 난제가 도사리고 있다.
북핵 문제도 언제 어떻게 될지 아무도 모른다.
북핵 문제가 해결된다 해도 북한은 미군 철수, 보안법 폐지 등을 평화 체제 논의 시작의 조건으로 제시할 가능성이 크다.
그동안 그렇게 해 왔다.
말의 성찬으로 해결할 수 있는 문제가 아닌 것이다.
이 때문에 '업적 빈곤'에 시달리는 노 대통령이 자기만의 작품을 만들어 보려는 마음에서 너무 이르게 집착하고 있다는 지적이 나오는 것이다.?
연평도 주민들 “NLL는 생명 선““북한 하자는 대로 다시 긋는 것이 말이 되나““이것은 우리 어민들 생계가 아니라 생명을 위협하는 것입니다.
만약 정상회담에서 NLL(북방 한계선)을 남쪽으로 내리는 합의문이라도 발표하면 우리는 당장 어선 끌고 북한으로 갈 것이오.“
1일 오후 4시 인천 옹진군 연평도 선착장.
9.77? 어선을 끌고 이날 새벽 꽃게 잡이에 나섰다가 돌아온 김재식(46)씨가 분통을 터뜨렸다.
“지난 5년 간 꽃게가 씨가 말랐다가 간만에 일 좀 하고 있는데, 어민들에게 생명 선이나 마찬가진 NLL를 내리느니 마느니 하는 것은 우리보고 죽으란 소리“라며 목소리를 높였다.
김씨가 이날 잡은 꽃게 어획량은 800㎏(시가 1000 만 원 상당).
그는 “수년 간 꽃게가 잡히지 않아 어선 한 척당 7 억 원씩 빚을 지고 있다“고 했다.
많은 선주들이 출어 비용을 마련하지 못하아 나루 터에 아예 어선을 묶어 두고 있다.
현재 연평도 꽃게 어선은 53척이지만, 올해만 14척을 감축했고, 조업 중인 배는 22척뿐이다.
지금 연평도는 부글부글 끓고 있다.
거리 곳곳에 “주민의 생존권이 달려 있는 북방 한계선(NLL) 사수하라“는 플래카드가 걸려 있다.
주민 김의열(52)씨는 “중국 어선들이 꽃게를 싹쓸이해 가면서 꽃게 씨가 말라 우리가 이렇게 고통을 겪고 있는데 정부에서 대책을 세워 주기는커녕 북한이 하자는 대로 NLL를 다시 긋는다는 것이 말이 되느냐“고 흥분했다.
백령도 연평도 등 서해 5도의 950여 가구 2000여 명 어민들은 “NLL는 이곳 어장을 생계로 살아가는 어민들에겐 '생존 선'“이라고 말하고 있다.?
인천 앞바다 100개 섬을 관할하는 옹진군은 지난달 27일 “NLL가 남쪽으로 재설정될 경우 국민의 주권과 생존권 보장을 포기하는 것“이라는 성명서를 냈다.
지난 19일부터는 자유총연맹 옹진군 지부 주도로 정상회담에서의 NLL 재설정 논의에 대해 반대하는 서명 운동이 벌어져 3일 만에 군 인구의 60%를 넘는 1 만여 명이 서명했다.?
미중 일 전문가가 본 남북정상회담 ▲ 브루스 벡톨 미 해병참모 대학 교수 “南 일방적 평화 지대는 北 기계화 부대에 양탄자 깔아 주는 격“??
NLL(북방 한계선)이나 평화 지대를 논의하기 전에 북한은 서울을 향한 수천 문의 장사포와 다중포, 스커드 미사일부터 후방으로 철수시켜야 한다.
사견(私見)이지만, 남북한 간 진정한 신뢰 구축은 휴전선에서의 군축이다.?
북한은 또 휴전선 인근에 425 815 806 108 등 4개 기계화 군단을 포진시켜 놓고 있다.
한국의 일방적인 평화 지대 설치는 북한 군 기계화 부대에 양탄자를 깔아 주는 것과 같은 것이다.
평화 지대가 무슨 의미가 있겠는가.?
또 NLL는 분명 영토적인 개념이다.
즉, 해상 경계선이다.
유엔이 1953년 NLL를 설정할 당시 북한은 해군이 없었기 때문에 아무렇ㄴ 이의 제기를 하지 않았고, 1959년 북한의 조선중앙통신(KCNA)이 발간한 지도도 NLL를 인정했다.
하지만 북한은 1999년부터 꽃게 잡이 등 경제적인 이유 때문에 NLL 재설정을 주요 외교 국방 정책 목표로 설정했고, 이후 다섯 차례나 군사적 도발을 감행해 서해안 무력 충돌이 벌어진 것이다.
NLL가 사라지면 한국 서해안 섬들의 안보에 심각한 문제가 발생할 것이다.
한국 정치 지도자들이 북한 군은 더 이상 한국의 안보에 위협이 되지 않는다고 생각하는 것은 큰 착각이다.
? 왕지쓰 베이징대 국제 관계 대학원장 “북핵 궁극적 해결에 도움 쌍방 활발한 경제 교류 계기로“??
7년 전의 역사적인 남북 정상회담에 잇어 또다시 실현되는 남북 정상회담의 개최를 환영한다.
현재 북한은 경제적으로 여러 가지 어려움에 처해 있다.?
최근에 겪은 심각한 수해로 금년의 수확은 이미 기대하기 어려워졌고, 따라서 북한의 경제적인 필요는 절박한 상황이다.
이번 정상회담이 쌍방 간 활발한 경제 교류를 하는 계기가 되기를 바란다.?
근년 들어 북한 핵 문제 해결을 위한 베이징 6자 회담은 북한의 핵 실험 등으로 여러 가지 곡절을 겪었다.
그 때문에 남북한 간 두 번째 정상회담은 이루어지지 못하았다.
이번에 정상회담이 이루어진 데는 여러 가지 원인이 작용했기 때문일 것이다.
이미 엘바라데이 국제원자력기구(IAEA) 사무총장과 크리스토퍼 힐(Hill) 미 국무부 차관보가 평양을 다녀왔으며, 북한은 영변 핵 시설을 폐쇄하는 데 동의했다.?
6자 회담은 현재 5개 실무 그룹 간 회의도 잘 진행되고 있고, 미국과 북한은 제네바 회담을 통해 합의를 이뤄 북한 핵 문제는 해결을 향해 견실한 발걸음을 옮기고 있다.
이런 좋은 분위기에서 이루어지는 이번 정상회담은 북한 핵 문제의 궁극적인 해결에도 도움이 될 것으로 본다.
한반도의 비핵화가 실현돼야 한다는 것은 중국 외교의 변함없는 기본 입장이다.
▲ 구라다 히데야 일본 교린 대학 교수 “한반도 평화 체제 수립은 6자 회담 틀 속에서 이루어져야“?
노 대통령이 이번 회담에서 최우선 과제로 삼겠다는 이른바 한반도 평화 체제 수립은 남북 간이 아니라 6자 회담 틀 속에서 이루어져야 한다.?
2.13 합의에서는 평화 체제 수립 문제를 '직접 당사자'의 포럼에서 별도로 다루기로 확인했다.
정전 협정 서명자가 '직접 당사자'라고 한다면, 6자 회담 틀 내에서 4자 회담(남북한, 미국, 중국)이라는 다자 간 협의 형태로 논의돼야 한다.?
2.13 합의가 이행돼도 북한이 보유 중인 핵무기는 남는다.
노 대통령은 핵무기를 가진 북한과 평화 체제 수립을 추진하고 있다.
크리스토퍼 힐(Hill) 미 국무부 차관보가 “완전한 비핵화가 실현되기까지 서명은 하지 않는다“고 강조한 것은 이에 대한 경고의 의미다.?
정전 협정의 서명자가 아닌 일본이 관여할 입장은 아니지만, 평화 체제 수립은 미일 안보 체제에 구조적인 변화를 초래한다.?
1967년 유엔 군 사령부가 도쿄에서 서울로 이전한 뒤에도 7개의 주일 미군 기지가 유엔 군 기지로 지정돼 있다.
유엔 사령부가 해체되면, 주일 미군 기지에서 유엔 군 기능은 없어진다.
한반도 평화 체제 수립을 원하지 않는 나라는 없지만, 그것이 6자 회담 프로세스와 분리될 때 동북아 전체의 평화는 오히려 위험해진다.
방문 장소, 회담 의제 모두 북한 입맛대로 노무현 대통령 일행은 2일 평양 입구의 '조국통일3대헌장기념탑’ 앞에서 공식 환영을 받는다.
이 기념탑은 김일성 주석의 통일 방안을 상징하는 조형물이다.
3 대 헌장 권 부총리 조국 통일 3 대 원칙 전 민족 단결 10대 강령 고려민주연방공화국 창립 방안을 말한다.
국책연구소의 한 연구원은 “이 기념탑은 북의 연방제 통일 방안을 선전하고 정당화하는 조형물“이라고 했다.?
노 대통령이 북한 체제 선전용 집단 체존 아리랑 공연을 관람하는 것도 북한 의지에 따른 것이다.
노동신문은 9월 24일 “아리랑은 김정일 위원장의 작품으로 김 위원장의 통일 의지가 담겨 있다“고 보도했다.
통일부도 4월 북한 동향 보고서에서 아리랑에 대해 “김일성 부자 우상화와 선군정치 정당화를 위한 것“이라고 밝혔다.
그러나 정상회담을 앞두고 “초청한 북측을 배려해야 한다. 내용이 바뀌었다“는 등의 이유로 북측 요구를 100% 수용했다.
남북한 주요 현안에 대한 입장 차이 남한 현안 북한 실질 당사잔 남북 주도로 전환 평화 체제 북미 양자 협의를 통해 체재 전환 실직적 경계선이므로 완전 배제는 곤란 NLL 재설정 무효화하고 새롭ㄴ 해상 경계선 설정 한반도 평화의 직접적 위협 대상 북핵 미국 위협에 대응하기 위한 자위적 차원 경제 지원 통한 통일 비용 줄이기 경제 협력 지원 확대 원하지만 전면 개방은 곤란 생사 확인 후 '자유 의사에 따른 귀환' 추진 국군 포로 남북자 존재 부인, '전쟁 전후 행방불명자'로 의제화 노 대통령이 4일 방문하는 서해 갑문 역시 86년 김 위원장이 공사 책임자로 완성시킨 뒤 김일성 주석의 칭찬을 받은 장소다.
역시 북한 요청으로 노 대통령의 참관이 결정됐다.
그 동안 북한이 줄기차게 요구해 온 4 대근본 문제는 국가보안법 폐지 한미 군사 훈련 중단 NLL(서해 북방 한계선) 재설정?금수산기념궁전(김일성 주석 시신 안치) 참관 등이다.
북측은 이번 회담을 앞두고 한미 합동 군사 훈련인 을지포커스렌즈(UFL) 축소를 이끌어 냈고, “친북 사이트 차단 해제 검토“(천호선 대변인)란 말도 들었다.
친북 사이트 문제는 국보법과 관련이 있다.
또 NLL를 회담 의제로 만드는 데도 성공했다.
남주홍 경기대 교수는 “우리가 북측에서 어떤 대가를 받을지 궁금하다“고 말했다.",103,6365
iks_doc_2007_chosun_014,Chosun 2007 annotated text file unicode.txt,Chosun Ilbo,조선일보,2007,2007_october_summit,"“김정일, 핵은 립서비스 NLL 경협 최대한 챙기려할 것“",,"김정일, 어떻게 나올까?
평화 체제보다 종전 협정에 관심 보일 듯?
해주 남포에 대기업 투자 요구할 가능성 북한 문제 전문가들은 1일 김정일 북한 국방위원장이 이번 정상회담에서 경제 협력과 서해 북방 한계선(NLL) 문제를 적극적으로 들고 나올 가능성이 큰 것으로 보고 있다.
반면 북핵 문제나 한반도 평화 체제에 대해선 '통 큰 스타일'의 말만 하고 구체적인 조치에 대해선 약속하지 않을 것으로 예측했다.
“종전 협정 관심 보일 것“전성훈 통일연구원 연구 위원은 “김 위원장이 '평화 체제'를 얘기한다면 그것은 북미 간에 해결하겠다는 의질 것이고, 남북한 주도의 평화 체제는 찬성할 이유가 없다“며 “다만 '평화 선언'처럼 선전 차원으로 활용할 수 있는 것에 대해서는 적극적으로 나올 가능성이 있다“고 했다.
김근식 경남대 교수는 “김 위원장은 부시 미국 대통령이 지난 한미 정상회담에서 언급했던 '종전 협정'에 대해 관심을 보일 것“이라고 전망했다.
노무현 대통령도 1일 국군의날 연설에서 “평화 체제 논의가 본격화되면 군사적 신뢰 구축과 평화 협정, 나아가 군비 축소와 같은 문제까지도 다뤄질 수 있을 것“이라고 했다.
구체적인 문제는 '이번에 다루지 않을 것'이라고 시사한 것이다.
“북핵 원론적 견해 밝힐 듯“김 위원장은 북핵에 대해서도 그리 적극적으로 나오지는 않을 것으로 전문가들은 예상했다.
고유환 동국대 교수는 “정상회담 직전에 6자 회담 합의문이 발표될 예정이므로 김 위원장은 '이미 해결 과정이 진행 중'이라는 이유를 들어 구체적인 방안에 대한 논의는 안 하려고 할 것“이라고 했다.
한 국책 연구 기관 연구원은 “노 대통령 역시 껄끄럽ㄴ 북핵 문제를 강하게 제기할 뜻이 없음을 이미 밝혔기 때문에 김 위원장도 크게 부담을 갖지 않고 나올 것“이라고 말했다.
“NLL는 적극 제기할 것“대신 김 위원장은 NLL 문제에 대해선 최대한의 요구를 할 것으로 봤다.
회담 전부터 우리 정부에선 전향적 조치를 취할 수 있다는 신호를 보내 온 터다.
제성호 중앙대 교수는 “'서해 해상에서 충돌이 생겨서 조선 반도 평화를 깨뜨리고 있다'는 식으로 얘기하면서 NLL 조정을 요구할 것“이라며 “민족적 차원의 협력을 강조할 것“이라고 했다.
김근식 교수도 “김 위원장은 군사적 신뢰 회복을 위해선 NLL가 최우선적으로 해결돼야 한다고 나올 것“이라고 했다.
“개발 지원 요구 가능성“경협 분야에서도 적극적으로 나올 것이라는 예상이 많았다.
유호열 고려대 교수는 “해주 남포 지역에 대해 남한 대기업의 투자를 요구할 가능성이 크다.
이것이 실현되려면 항만 시설을 갖춰야 하는데, 이것 역시 남한이 주도적으로 해 달라고 할 것“이라고 전망했다.
고유환 교수는 “개성 공단은 시범 단지 형태로 북한 경제 발전에 실질적으로 크게 도움 안 된다는 판단을 북측은 하고 있다“며 “김 위원장은 사회 간접 자본(SOC)을 비롯한 개발 지원 차원의 협력을 요구할 가능성이 크다“고 했다.
“'민족의 지도자' 모습 보이려 할 것“류길재 경남대 교수는 “2000년 정상회담은 물론 그 이전부터 김 위원장이 가장 내보이려 했던 것은 자신이 '민족의 지도자'이라는 것“이라며 “민족 결집의 구심점이 자신이라는 모양새를 보일 수 있는 담론(談論), 예를 들면 '우리 민족끼리'이라는 구호를 다른 말로 바꿔서 부각시킨다든지 하는 '감동적 이벤트'를 노 대통령 앞에서 연출해 보일 수 있다“고 했다.",20,1666
iks_doc_2007_chosun_015,Chosun 2007 annotated text file unicode.txt,Chosun Ilbo,조선일보,2007,2007_october_summit,언제 어디서 김정일 만날지,,"베일 속 '김정일 動線’ 노 대통령, 알지 못한 채 출발 노무현 대통령은 2일 평양을 향해 출발하지만 공식 회담을 제외하고는 언제, 어디서, 어떤 형태로 김정일 국방위원장을 만날지 모르고 떠날 것으로 보인다.
2000년 정상회담 때 김 위원장은 불과 1시간 전 정도에야 우리 측에 자신의 동선(動線)을 통보했다.
김 위원장의 평양 순안공항 영접 사실을 도착할 때까지도 몰랐던 당시와 비교하면 이번 회담은 많은 부분이 사전에 정해졌지만, 여전히 김 위원장 동선의 상당 부분이 베일에 가려져 있다.
김 위원장 만남은 항상 전격 통보 북한 내에서는 김 위원장이 군 부대를 방문하려 할 경우, 최소 3개 부대에 김정일을 맞이하기 위한 준비를 6개월 전부터 진행시킨다.
그 중 한 군데에 1시간 전쯤 부대 최상위 지휘관에게 방문 사실을 통보하고 행사 참가자들에게는 15분 전에야 알린다.
이런 방식은 '손님'들에게도 거의 그대로 적용된다.
2005년 정동영 전 통일부 장관의 방북 때도 서울로 귀환하려는 마지막 순간에 면담을 전격 통보했다.
모두가 김 위원장의 '몸값'을 올리고 경호를 의식한 수법이다.
'신비함'과 '위대함'을 극대화하려는 계산도 깔려 있다.
북한에서 김 위원장을 면담하기 위해서는 통상 3~4 차례의 검문 검색과 24시간의 대기 시간을 거쳐야 한다.
일반인들은 그를 만나기 전에 알코올로 손을 소독까지 해야 한다.
평양 전체가 김정일 경호 김 위원장이 한 번 움직이면 최소 수만 명이 함께 움직인다.
2000명의 최정예 근접 경호원들과 수만 명의 호위 총국 부대원들은 김 위원장이 지나가는 길을 모두 봉쇄한다.
보위부와 보안성(경찰)까지 총동원된다.
고위 탈북자들에 따르면 김정일의 경호는 4 겹(친위 부대 호위 총국 보위부 인민 보안성)으로 이루어진다.
이번 남북정상회담을 앞두고는 평양시 전체가 국가안전보위부와 인민 보안성에 의해 총 감시와 통제를 받게 되는 것으로 알려져 있다.
평양 주민은 언제 어디서 생길지 모르는 행사에 동원되기 위해 대기해야 한다.
명절 옷차림으로 꽃을 들고 대기하고 있던 평양 시민들은 언제 어떻게 바뀔지 모르는 행선지로 신속하게 이동해 정상들을 환대해야 한다.
출신 성분이 좋지 않거나 불량한 군중은 아예 집에서 나오지도 못한다.
김정일 위원장의 평양 시내 거주지는 중구역 중성동 일대의 주 관저를 비롯해 '창광 초대소' '목란관' '대동강 초대소' '문수 초대소' '마람 초대소' '미림 초대소' '용성 초대소' 등 7개소 이상으로 알려져 있다.
행사 위치에 따라 김 위원장의 숙소도 달라질 수 있다.
경호 부대 출신 탈북자들은 “김 위원장 관저는 모두 지하 통로를 통해 연결돼 있어 경호에 문제가 있으면 모두 지하로 이동하게 된다“고 전하고 있다.
백화원 초대소?
노무현 대통령이 평양 체류 기간 묵게 될 백화원 초대소는 1983년 북한이 국빈 급 외국인들의 숙소로 사용하기 위해 평양시 대성 구 임흥 동에 만들ㄴ 시설이다.
김일성 주석의 시신이 안치된 금수산기념궁전과 인접해 있다.
화단에 100여 종의 꽃이 펴 있다 해서 '백화원(百花園)'이라는 이름을 붙였다고 한다.
3층 건물 3개 동()으로 이루어져 있다.
초대소 안에 대형 인공 호수가 있다.
1991년 남북고위급회담 한국 대표단, 2000년 남북정상회담 대표단 숙소로도 이용됐다.
장쩌민 중국 국가 주석과 가네마루 신 일본 부총리를 비롯, 98년 방북했던 정주영 현대그룹 명예 회장도 이곳에 머물렀다.
“반 세기의 한 푸는 만남 되길“南 北 정상회담을 보는 道民?
경원선 금강산선 철도 복원에 관심?
실향민 “큰 기대 안 하지만 잘됐으면“남북 정상회담 만찬에 정선의 명주 '오가자'가 오른다.
횡성 평창의 한우, 오대산 자연 송이도 갔다.
강릉 출신 권오규 부총리 겸 재정 경제부 장관, 한림대 교수 출신 성경륭 청와대 정책실장, 원주 출신 염상국 경호실장 등도 일행이다.
이들과 함께 정상회담이 강원도의 발전으로 연결되길, 그리고 한시라도 빨리 자유롭ㄴ 상봉이 이루어지길 바라는 도민과 실향민의 마음도 함께 갔다.
DMZ 평화 지대 선언에 몰리는 관심 수많은 이산가족 상봉 속에서도 단 한 명 대상자가 되지 못하았던 대표적 실향민촌인 속초 아바이 마을 실향민들은 희망을 걸었다.
철원, 인제, 고성 등 접경 지역 개발 규제 완화가 땅 값 상승으로 연결될 것이란 전망도 나온다.
2007 남북정상회담 의제 중 상당 수가 강원도와 직결돼 있다는 점에 도민은 주목하고 있다.
그 중 큰 관심을 받는 존재가 DMZ.
강원도는 DMZ의 한 가운데 위치해 정치 경제 문화적으로 큰 영향을 받고 있다.
이와 관련 청와대는 지난달 27일 “DMZ의 평화 지대화 제안을 검토 중“이라고 밝힌 바 있다.
통일부도 야생조류 협회가 건의한 'DMZ 평화적 이용을 위한 공동 조사' 건의에 긍정적인 답변을 했다.
DMZ와 관련해서는 일부를 '평화 생태 공원'으로 조성해 남북 군사력을 뒤로 물리는 방안이 논의 될 것으로 예상된다.
이는 DMZ가 말 그대로 '비무장 지대'화되는 것으로 군사적 긴장 완화에 기여할 수 있다.
이 경우 남측 감시 초소(GP) 100여 개와 북측 초소 280여 개의 철수도 자연스럽게 논의될 전망이다.
DMZ 평화 지대 선언이 합의될 경우 금강~설악 통일 관광 특구 실현 가능성도 높아진다.?
최대 관심은 역시 경제 사회 간접 자본(SOC), 즉 남북 교통 망 연결 복원도 주목 받고 있다.
그중 핵심이 경원선 금강산선 연결.
정상회담에선 경원선(서울~철원~원산) 금강산선(철원~내금강) 철도 복원이 의제에 포함될 가능성이 높다.
정부는 서울 용산에서 출발하는 경원선 남측 구간인 신탄리역~철원 역 간 9.2㎞ 연결 공사를 연말에 착공해 2010년 말까지 완공하는 계획을 검토 중인 것으로도 알려졌다.
경원선은 223.7㎞ 중 남쪽 신탄리~군사 분계선 16.2㎞와 북쪽 군사 분계선~북 강원도 평강 14.8㎞만 끊겨 있다.
금강산선도 철원 김화~내금강 간 116.6㎞ 중 철원~금곡~남측 군사 분계선 32.5㎞ 구간에 대한 설계가 1998년 끝난 상태다.
동해선 철도는 군사 분계 간 노선이 연결돼 있어 정상회담에서 철도 복원이 거론되면 남측의 강릉~저진, 삼척~포항 간 연결이 가속화될 수 있다.?
국도 복원도 기대를 모으고 있으며, 국도 3호선 철원~평강 20㎞ 5호선 화천~평강 62㎞ 국도 31호선 양구~평북 백현리 25㎞ 국도 43호선 신철원~북 강원 근동 40㎞가 대상이다.
도로 복원 중 가장 관심을 모으는 것은 역시 경원선이다.
서울 의정부 철원 원산 함흥 청진을 통해 러시아 하산~모스크바의 대륙 철도로 이어질 수 있기 때문이다.
이 경우 경원선은 원산에서 동해선 철도와 만나게 돼 강원도는 물론 한반도 전역이 대륙과 연결되는 철도 망을 갖추게 된다.
분단의 피해를 온몸으로 가장 크게 겪어 온 도민들은 이번 정상회담에 관심을 가질 수밖에 없다.
남북 강원도 교류 역사 / 1998년 남북 교류 지원 담당(계) 신설 / 2000년 11월 금강산서 첫 실무 협의 / 2000년 12월 남북 강원도 협력 사업 합의서 체결 / 2001년 4월 첫 교류 사업인 제1차 어린 연어 방류 행사 / 2001년 6월 금강산 솔잎혹파리 공동 방제?
/ 2003년 12월 안변 연어 부화장 준공?
/ 2005년 9월 금강산서 남북 강원도 민속 문화 축전?
/ 2006년 3월 춘천서 남북 아이스하키 친선 경기?",63,3596
iks_doc_2007_chosun_016,Chosun 2007 annotated text file unicode.txt,Chosun Ilbo,조선일보,2007,2007_october_summit,/ 2006년 11월 북한 평창동계올림픽 공식 지지,,"/ 2007년 4월 북한 장웅 IOC 위원과 태권도 시범단 춘천 방문 북한 측 요구 섣불리 응했다 뒷감당 못 할라“남북정상회담 수행 訪北한 재계 인사들 “즉흥적으로 말씀하거나 약속하지 마십시오.“?
“'검토해 보겠다'는 말도 긍정적 신호로 받아들일 수 있으니, '연구해 보겠다'고 하셔야 합니다.“
2일 남북정상회담 특별 수행원 자격으로 방북한 4 대그룹 회장 등 주요 재계 인사들이 출발에 앞서 참모들로부터 받은 교육이다.
그룹 회장들은 이번에 따로 수행원이나 참모진을 대동하지 않고 단독으로 북한을 방문했다.
남북 민간 경제인 간담회 등에서 북측이 제시하는 요구나 제안에 섣불리 응답했다가 뒷감당을 못 하는 일이 벌어질 수도 있다는 것이다.
경제계에서는 이번 남북정상회담에 지난 2000년 당시보다 2배 가까이 많은 18명이 특별 수행원으로 참여했다.
하지만 기대보다는 부담이 훨씬 더 큰 표정이었다.
정부 일각과 시장에서는 정상회담을 앞두고 자원 개발 사업, 남북 철도 연결 사업, 조림(造林)사업 등 기업별로 가능한 남북 경협 사업이 다양하게 거론돼 왔다.
그러나 대북 사업을 벌이고 있는 현대그룹이나 공기업을 제외한 대부분의 그룹들은 이 같은 방안이 아이디어 수준일 뿐, 멀ㄴ 미래의 일이라는 판단을 내리고 있다.
전기 항만 도로 등 북한 내부의 인프라가 턱없이 부족한 데다, 투자를 할 만한 법 제도적 환경도 마련돼 있지 않다는 것이다.
4 대그룹의 한 고위 임원은 “물자와 사람이 자유롭게 다니지 못하고, 연락도 어렵ㄴ 상황“이라며 “아직 구체적 사업을 거론할 단계는 아니다“라고 말했다.
전 세계 곳곳에 사업장을 두고 있는 국내 대기업들로서는 대외 이미지도 고려하지 않을 수 없다.
여전히 미국 등 서 구 국가들에 의해 '악의 축'으로 규정돼 있는 북한과 섣불리 사업을 벌였다가 국제적 이미지가 추락할 수도 있다는 것이다.
2000년 1차 남북정상회담에서 얻은 학습 효과도 크다.
전자 제품 의복 등을 북한 현지에서 생산하는 임가공 사업에 뛰어들ㄴ 삼성 LG 등은 수익은커녕 적잖은 마음고생을 해야 했다.
현대그룹은 아예 몰락의 길을 걸었다.
재계는 이런 판단을 하면서도 '혹시 정치 논리와 사회적 분위기에 의해 경협으로 내몰리는 것 아니냐' 우려하고 있다.
재계 단체 고위 관계자는 “기업으로서는 남북 경협 사업을 안 하면 마치 사회적 책임을 외면하는 것처럼 비치는 상황이 오지 않을까 하는 것이 가장 큰 걱정“이라고 말했다.
삼성 고위 관계자는 “이번 방북은 주로 듣는 자리가 될 것“이라며 “북한 사업을 확대할 것인지 등 구체적인 방안은 윤종용 부회장이 돌아온 후 다각적으로 검토하겠다“고 말했다.
찬성 “한반도 평화 정착 촉진제 역할“[2007 남북정상회담] 도심 잇달ㄴ 찬 반 집회?
반대 “핵 폐기 인권 문제 해결이 우선“?
시민들 차분한 반응 납북자 가족들은 “회담 결과 기다려“제2차 남북 정상회담을 위해 노무현 대통령과 방북단이 평양으로 떠난 2일 서울 도심에선 찬 반 집회가 잇따라 열렸다.?
6.15공동선언실천 남측 위원회, 평화미래 연대 등 회원 50여 명은 이날 오전 서울 세종로 정부 중앙 청사 앞에서 환영 행사를 열고 “이번 정상회담이 한반도 평화 정착을 위한 촉진제 역할을 하길 기대한다“고 밝혔다.
이들은 또 “정상회담을 통해 한반도 평화 체제 구축을 위한 실질적인 합의가 이루어지길 바란다“고 밝혔다.
이들은 방북단이 탄 차량이 지날 때마다 여러 색깔의 풍선과 한반도 기, 태극기 등을 흔들면서 환호하며 방북단을 환송했다.?
선진화국민회의, 기독교사회책임, 선진화정치개혁국민연합, 서울시 재향군인회 등 10여 개 단체 회원 50여 명은 이날 아침 노 대통령의 차량이 지나가는 시간에 맞춰 서울 종로구 정부 중앙 청사 앞에 모여 집회를 열었다.
이들은 “남북정상회담이 국민적 합의와 진정한 화해 정신에 입각해 진행되지 않고 정권 차원에서 정략적으로 추진되고 있다“며 “북핵 폐기와 북한 인권 문제 해결이 우선돼야 한다“고 밝혔다.
이들은 노 대통령이 탄 차량을 향해 '북한 퍼 주기를 중단하라'고 쓰인 플래카드를 흔들며 소리를 질렀고, 플래카드를 찢어 내던지기도 했다.
비좌파대 연합, 뉴라이트국민 연합, 라이트코리아 등도 서울역 앞과 종묘 공원 등지에서 남북 정상회담을 비판하는 기자 회견을 열었다.
이날 오후 1시쯤 서울시 소공동 롯데호텔에 마련된 내외신 기자실에선 독일인 북한 인권 운동간 노베르트 폴러첸씨가 출입증 없이 나타나 “남북 정상회담은 쇼“라고 외쳐 경비원에 의해 끌려 나가는 소동이 벌어지기도 했다.?
이날 시민들은 7년 전 1차 남북정상회담 때보다 차분한 반응을 보였다.?
서울 동대문구 이경 시장에서 정육점을 운영하는 최교식(45)씨는 “노 대통령이 군사 분계선을 걸어서 넘어 가는 것을 보니 금방이라도 통일이 될 것만 같았다“고 말했다.
서울대 이용정(26 불어불문학과 4학년)씨는 “(노 대통령의) 임기 말에 열리는 정상회담이 얼마나 실효성이 있을지 의문“이라며 “대선을 겨냥한 이벤트가 아니라 좋은 결과가 있기를 바란다“고 말했다.
납북자가족협의회 이옥철 회장은 “납북된 우리 아버지는 올해 71세“이라면서 “납북자 가족들은 밥도 제대로 먹지 못하면서 회담 결과를 기다리고 있다“고 말했다.
실무형 젊은 실세들이 영접 북한 세대 교체 반영 김영남 강석주 최태복 등은 여전히 건재 과시?",35,2607
iks_doc_2007_chosun_017,Chosun 2007 annotated text file unicode.txt,Chosun Ilbo,조선일보,2007,2007_october_summit,김정남의 후견인 역할 장성택도 모습 드러내,,"2일 평양 4.25문화회관에서 노무현 대통령을 맞이한 북한 실력자들은 2000년 회담 때보다 일부 젊어졌고 규모도 2배쯤 늘었다.
실무형이 많은 것도 특징이다.
김 위원장과 함께 현장에 나온 북측 당 정 군 간부는 23명이었다.
2000년에는 12명이 나왔다.
우선 김영일(66) 내각 총리와 김일철(74) 인민 무력부장이 눈에 띈다.
김 총리는 '경제 사령탑'으로 남포항 개발을 성공시킨 관료 출신이다.
권오규 경제 부총리의 파트너로 남북 경협의 실무를 논의할 인사로 보인다.
군부에선 남한의 국방장관에 해당하는 김일철 부장이 김정각(61) 인민 무력부 부부장, 이명수(70) 대장과 함께 모습을 드러냈다.
김 부장은 김장수 국방장관과 함께 NLL(서해 북방 한계선)과 DMZ(비무장 지대)의 평화 구역 조성 등 군사 문제를 다룰 것으로 보인다.
이번 정상회담을 성사시킨 북측 주역인 김양건(69) 통일전선부장도 참석했다.
김 위원장의 매젠 장성택(61) 수도 건설부 제1 부부장의 출현은 주목할 부분이다.
그는 올해 평양으로 귀환한 김 위원장의 장남 정남(36)의 후견인으로 알려져 있다.
김 위원장의 차남 정철(26)과 삼남 정운(24)의 생몬 고영희(2004년 6월 사망)가 살아 있던 2004년 초 숙청됐다가 2005년 12월 복권됐다.
노 대통령과 무개차에 동승했던 김영남(82) 최고인민회의 상임 위원장과 북한 외교를 이끄는 강석주(68) 외무성 제1 부상, 최태복(77) 최고인민회의 의장, 김기남 노동당 비서 등은 2000년 때처럼 김 위원장 곁을 지켰다.
특히 이날 두 정상을 안내한 전희정(77) 국방위 외사국장은 2000년 때 김 전 대통령을 기내 영접한 인물이다.
그는 80년대 이후 김일성 주석과 김 위원장의 모든 의전을 전담하고 있다.
백발이 성성했고 허리가 구웠지만 김 위원장의 총애를 받고 있다는 평가다.
노 대통령의 만수대의사당 방문 때 참석했던 북한 간부들 중에서는 특히 실무자가 많았다.
김용삼 철도상, 라동휘 육해운상, 최창식 보건상, 이경식 농업상 등이 소개됐다.",19,1009
iks_doc_2007_chosun_018,Chosun 2007 annotated text file unicode.txt,Chosun Ilbo,조선일보,2007,2007_october_summit,정영태 통일연구원 북한 연구실장은 “2000년보다 실무형 인물들이 많았다“고 했다,,"김 위원장 달라진 걸음걸이 당뇨 때문인 듯 복부 비만 더 심해지고 팔 어깨 주변 살은 빠져?
일상 생활 문제 있을 정도로 심각한 상태는 아닌 듯 2000년 남북정상회담 이후 처음 국내 TV에 장시간 등장한 북한 김정일 국방위원장의 모습은 7년 전 모습과 달리 노쇠하고 야윈 인상이었다.
하지만 심각한 건강 이상설과는 달리 그의 건강 상태가 일상 생활을 하는 데는 문제가 없어 보인다고 전문의들은 평가했다.
김 위원장의 모습에서 가장 눈에 띄는 것은 달라진 걸음걸이와 늘어난 복부 비만이다.
김 위원장은 걸을 때 오른쪽 무릎을 왼쪽 무릎보다 높이 들면서 걸었다.
오른쪽 발목에 힘이 없어 발이 땅에서 떨어지기 때문에 이를 보상하기 위한 걸음 자세로 분석됐다.
이 같은 현상은 당뇨병 합병증 때문으로 추정된다.
김 위원장은 예전부터 당뇨병을 앓아 왔는데, 이 경우 합병증으로 발에 말초 신경 염이 잘 생긴다.
이로 인해 걸을 때 발목을 위로 잘 들어 올리지 못하고 발이 바닥에 잘 끌린다.
대신 무릎을 무의식적으로 높게 들게 된다.
김 위원장이 걸을 때 어깨의 움직임은 고정되고 팔 동작은 힘이 없어 보였다.
이런 움직임도 당뇨병 때문으로 분석된다.
당뇨 합병증으로 어깨 근육과 인대가 경직되는 동결견(frozen shoulder)이 생기면 어깨 움직임이 떨어진다.
복부 비만은 7년 전에 비해 심해졌다.
복부 비만이 심해지면 체중이 앞으로 쏠린다.
이를 만회하기 위해 걸을 때 무의식적으로 허리를 뒤로 제치며 걷게 된다.
김 위원장의 걸음이 이랬다.
이런 현상이 장기화되면 허리 근육에 하중이 몰려 요통(腰痛)이 잘 생긴다.
김 위원장은 서 있을 때 체중을 오른발에 옮겼다가 왼발로 옮겼다가 하는 동작을 반복했다.
요통이 있는 환자가 서 있을 때 허리 부담을 줄이려는 특징적인 행동이다.
복부 비만은 늘었지만 팔과 어깨 주변의 살은 빠졌다.
음식 칼로리 조절이 잘 안 된 상태에서 운동이 부족하면 나타나는 체형이다.
머리카락은 가늘어지고 꼬불꼬불해 졌다.
이마와 정수리 부위의 탈모도 더 진행했다.
만성 질환으로 체내 단백질이 부족하면 이런 현상이 빠르게 올 수 있다.
피부 노화도 두드러져 보였다.
노인의 경우 입가 양쪽 끝에서 턱으로 내려가는 주름살이 깊어지는데, 김 위원장의 모습이 그렇게 변했다.
목 아래 주름도 늘어 피부가 얇아져 보이는 것도 노화 현상의 하나다.
얼굴 양쪽에 검버섯과 기미가 늘었고 눈 밑 주름은 깊어졌다.
아래 눈꺼풀도 예전에 비해 많이 처졌다.
김 위원장은 이번에 과거와 달리 색깔이 없는 투명한 안경을 썼다.
나이가 들어 시력이 떨어지면 색깔 있는 안경은 갑갑해서 못 쓰게 된다.
A 대학 병원 노인 의학 전문의는 “김 위원장이 오랜 기간 심장병과 당뇨병, 신장 병 등을 앓았기 때문에 노화 현상이 일반 사람보다 빠르게 나타날 수 있다“며 “실제 나이보다 5~10살은 더 들어 보인다“고 말했다.
한나라당 “남북 협상, 헌법 테두리 내에서 이루어져야“한나라당은 남북정상회담 첫날인 2일, “정상회담이 성공하길 바란다“면서 “이번에 열리는 모든 협상은 헌법의 테두리 내에서 이루어져야 한다“는 입장을 밝혔다.
한나라당 안상수 원내 대표는 당 회의에서 “이번 회담이 평화 정착과 남북 교류에 도움이 되기를 바란다.
그러나 두 가지 원칙은 반드시 지켜야 한다.
첫째, 헌법 위반은 안 된다.
둘째, 국민적 동의가 반드시 필요하다는 것“이라고 말했다.
안 대표는 “NLL(서해 북방 한계선)은 해상 휴전선이며 수도 방어선으로 한국의 영토 선이다.
이런 부분을 양보하는 것은 헌법의 영토권을 포기하는 것이기 때문에 헌법을 위반하는 것“이라고 했고, “연방제나 연합 국가 형태의 합의도 안 된다.
이는 우리 헌법에서 인정하지 않는 것“이라고 했다.
그는 잇어 “국민과 국가에 지나친 부담을 주는 약속은 반드시 국민적 동의가 필요하며 국회에서 검토돼야 한다“고 했다.
이명박 대통령 후보는 이날 기자들과 만나 “(정상회담이) 아주 성공적으로 되길 바란다.
평화에 필요하고 남북 화해에도 기여할 수 있기 때문“이라고 말했다.
이 후보는 노인의날을 맞아 안양시 노인 복지 센터를 방문, 노인 일자리와 의료 지원 대책을 발표했다.
박형준 당 대변인은 논평에서 “노무현 대통령이 '욕심을 부리지 않을 것'이라고 말한 것은 다행이지만 '금기를 두지 않을 것'이라고 이야기한 것은 또한 우려를 낳는다“며 “한반도 평화의 기본은 북한의 핵 포기와 개혁 개방이다.
노 대통령은 대한민국이 감당할 수 없거나 국제 사회와의 공조를 흔들리게 하는 무리수를 두지 않기를 바란다“고 했다.
미 NYT “판 크게 벌이는 두 명의 도박사가 만났다“日 교도통신“군사 분계선 통과, 北 향한 상징적 발걸음“?
中 신화통신“한국 여권의 낮은 인기 도가 정상회담 배경“세계 언론은 2일 노무현 대통령이 걸어서 군사 분계선(MDL)을 통과한 것에 상징적인 의미를 부여했다.
영국 로이터통신은 “노 대통령이 요새화된 비무장 지대의 한가운데서 한국을 둘로 나눈 경계선을 도보로 건넜다“고 보도했고, 일본 교도통신은 “북한을 향한 상징적인 발걸음“으로 표현했다.
미국 AP통신은 “세계에 마지막 남은 냉전의 최전선을 가로지른 것“이라고 말했다.
프랑스의 르피가로는 '희망의 정상회담'이란 제목의 사설에서 “역사가 좋은 방향으로 진전하고 있다는 사실을 잘 보여 주고 있다“고 했고, 르몽드는 “이번 회담을 계기로 반 세기에 걸친 적대 관계가 종식될지 주목된다“고 보도했다.
북한 김정일 국방위원장이 직접 노무현 대통령 영접에 나선 데 대해 AP통신은 “극적인 놀라움을 이끌어 낸 평양 스타일의 환영“이라고 전했으나, 노 대통령을 맞이하는 김 위원장의 태도에 대해서는 “인사할 때 지루한(bored) 듯한 표정이었다“고 표현했다.
회담에 앞서, 중국 신화통신은 “정상회담 배경에는 대선을 앞둔 여권의 낮은 인기 도가 자리 잡고 있으며, 노 대통령은 개인적으로 이번 회담을 통해 김대중 전 대통령의 그늘에서 벗어나 새롭ㄴ 역사적 지위를 확보하길 기대하고 있다“고 보도했다.?
영국 파이낸셜타임스(FT)도 사설에서 정상회담 목적에 대해 “안보 문제보다 국내 정치적 고려 때문이며, 한국인들도 노 대통령의 ‘부드럽고 부드럽ㄴ 접근(softly/softly approach)'에 냉소적“이라고 비판적 시각을 보였다.
미국 USA 투데이는 “많은 한국인들은 김정일이 2000년 정상회담 뒤 답방 약속을 지키지 않고 핵무기를 만들ㄴ 점 때문에 이번 회담도 상징적 제스처에 그칠 것으로 여긴다“고 분석했다.?
뉴욕타임스는 2일 노 대통령의 군사 분계선 도보 통과 평양 도착을 상세히 전하면서, “판을 크게 벌이는 두 명의 도박사가 한 자리에 모였으며, 이번 회담이 남북한 정상에게 기회자 위기가 될 수 있다“고 분석했다.
각국은 한반도 비핵화와 관련해 실질적 성과를 기대한다는 반응을 나타냈다.
유럽연합(EU) 이사회는 의장국 성명에서 “이번 정상회담이 6자 회담의 틀 안에서 한반도 비핵화를 달성하려는 노력에도 기여할 것으로 기대한다“고 밝혔다.
일본 고무라 마사히코 외상은 “한반도 비핵화와 지역 전체의 평화와 안정에 기여할 수 있기를 바란다“고 말했다.
북에서 연극 '옥녀'가 인기 끈다는데 평양 온 한국 임산부 산기 느껴 아기 낳고? 김정일 특별 지시로 육로로 돌아갔다는 줄거리 노무현 대통령과 김정일 북한 국방위원장 간의 남북 정상회담을 앞두고 평양에서는 노 대통령의 육로 방북이 이루어진 이유를 북한 주민들에게 설명하기 위한 것으로 보이는 연극 '옥녀'가 상연됐다고 중국 관영 신화통신이 1일 평양발로 보도했다.
신화통신은 북한 국립희극단이 최근 창작한 희극의 줄거리는 한 한국 임산부가 평양에 가서 아리랑 공연을 보던 중 산기를 느껴 평양의 유명 산부인과 병원으로 급히 옮겨져 북한 의료진의 도움으로 딸을 순산하게 됐는데, 김 위원장이 이를 전해 듣고 “비행기를 타고 돌아가면 비행기 소음과 진동 때문에 산모와 아기의 건강에 좋지 않으니 육로로 판문점을 통해 군사 분계선을 건너 돌아가도록 하라“는 특별 지시를 내린다는 것으로 돼 있다고 전했다.
이 연극은 평양에서 노 대통령의 육로 방북을 앞두고 상연돼 호평을 받았으며, “남북이 골육을 나눈 친척이며 한집안“이라는 점을 강조하고 있는 것으로 분석된다고 신화통신은 전했다.
북한 매체, 노 대통령 방북 3시간 만에 신속 보도 북한의 보도 매체들은 2일 김정일 국방위원장이 노무현 대통령과 만난 사실을 신속히 알렸다.
전날까지만 해도 북한 매체들은 정상회담 소식을 일절 전하지 않았다.
조선중앙통신은 이날 오후 3시 “북남 수뇌 분들의 상봉은 역사적인 6.15 북남 공동 선언과 우리 민족끼리 정신에 기초해 북남 관계를 보다 높은 단계로 확대 발전시켜 조선 반도의 평화와 민족 공동의 번영, 조국 통일의 새롭ㄴ 국면을 열어 나가는 데서 중대한 의의를 가지게 된다“고 보도했다.
조선중앙방송과 평양방송도 같은 시간 노 대통령의 평양 도착 소식을 전한 것으로 알려졌다.
노 대통령이 평양에 도착한 3시간쯤 뒤였다.
중앙통신은 노 대통령에 대해선 '로무현 대통령', 권양숙 여사에 대해선 '부인'이라는 호칭을 사용했다.
김 위원장 시종 무표정 7년 전과 달랐다 노 대통령 김 위원장 첫 만남?
숙소 백화원서 기대했던 환담도 불발 2일 남북 정상이 7년 만에 다시 만나는 장면들은 김대중 전 대통령과 김정일 국방위원장이 만날 때와 여러 모로 달랐다.
김 위원장의 깜짝 영접, 평양 시내의 환영 인파는 같았지만 김 위원장이 눈에 띄게 무표정한 얼굴을 하고 있는 점, 당초 예상되던 두 정상의 백화원 초대소 환담이 이루어지지 않은 점, 환영식 장소를 갑작스럽게 바꾼 점 등은 의아했다.
김 위원장, 시종 무표정 4.25문화회관에서 노무현 대통령을 맞은 김 위원장은 노 대통령이 무개차(오픈카)에서 내려 다가올 때까지 노랗ㄴ 문양 안에서 한 발짝도 움직이지 않았다.
몇 발짝 앞으로 다가갈 법도 하지만 전혀 그렇게 하지 않았다.
2000년 당시 김 위원장은 순안공항 비행기 트랩 아래까지 가서 김 전 대통령이 내려오기를 기다렸고, 김 전 대통령과 두 손을 포개 잡고 한참 인사말을 주고 받았다.
그러나 이번엔 무뚝뚝하게 서 있다가 옅은 미소를 띠고 노 대통령과 한 손으로 악수한 후 다시 무표정한 얼굴로 돌아갔다.
공식 수행원들과 악수를 나눌 때도 거의 표정을 바꾸지 않았다.
7년 전 김 위원장은 순안공항에서 김 전 대통령과 승용차에 동승해 백화원 초대소까지 갔다.
50분 정도가 걸렸다.
당시 김 위원장은 김 전 대통령에게 승용차의 상석인 뒤편 오른쪽을 양보한 뒤, 왼쪽 문을 통해 옆 자리에 앉았다.
하지만 이날 노 대통령과 김 위원장은 각자의 차를 타고 행사장을 떠났다.
노 대통령이 먼저 차에 타자 김 위원장은 별도로 자신의 차를 이용했다.
인민문화궁전에서 4.25문화회관까지 6㎞를 무개차를 타고 '카 퍼레이드'를 한 것은 새로 추가한 환영 방식이었다.
김 위원장 “반갑습니다” 한마디뿐 청와대는 당초 이날 백화원 초대소에서 20분 정도 김 위원장과 환담할 것이라고 예고했다.
북측과의 협의 과정에서 확답을 받지는 못하았지만 그런 가능성을 알ㄹ 수 있었던 듯했다.
북한은 보통 김 위원장의 움직임을 미리 알려 주지 않지만 사전 협의 과정에서 언질을 주는 정도는 있었던 것으로 알려졌다.
그러나 이날 면담은 별다른 양해 없이 불발된 것으로 전해졌다.
백화원 초대소 면담이 성사되지 못하면서 2일 하루 동안 알려진 김 위원장의 언급은 노 대통령과 악수할 때 말한 “반갑습니다”라는 말이 유일했다.
환영식장도 두 번 바꿔 노 대통령 환영식 장소를 갑작스럽게 변경한 것도 정상회담 의전 관례에서 벗어나는 일이다.
당초 남북 실무 접촉에서 합의한 환영 장소는 평양 입구에 위치한 조국 통일 3 대 헌장 기념탑이었다.
시간도 오전 11시 30분으로 잡혀 있었다.
그러나 오전 10시 20분쯤 선발 공동 취재단 11명에게 장소가 인민문화궁전으로 바뀌었다는 사실이 전해졌다.
그러다 5분쯤 지나 다시 4.25문화회관으로 바뀌었다는 사실을 통보했다.
북측은 남측 청와대 선발팀에게만 오전 10시가 조금 넘은 시각 “김 위원장이 4.25문화회관 앞 광장에 영접하러 나온다“는 사실을 공식 통보했다고 청와대 관계자는 전했다.
첫날 상황 놓고 해석 분분 김 위원장이 무표정하게 노 대통령을 맞이하고 백화원 면담이 이루어지지 않은 것 등에 대해서는 여러 해석이 나오고 있다.
김 위원장의 건강이 좋지 않아 그렀을 것이라는 풀이가 유력하지만 다른 얘기들도 나왔다.
자신보다 16세 연상인 김 전 대통령과 4 세 아랜 노 대통령을 달리 대한 것 아니냐는 얘기부터 첫날 기선을 잡기 위한 차원일 수 있다는 말도 나오고 있다.
평화 선언 등 공동 합의문 나올 가능성 오늘 두 차례 정상회담 무슨 논의?
金 위원장 '북핵 관련 발언' 나올지 주목 노무현 대통령과 김정일 국방위원장은 3일 두 차례 정상회담을 갖고 합의문이나 평화 선언 등에 서명할 가능성이 높다.
노 대통령은 이날 저녁 5.1경기장에서 열리는 북한의 체제 선전용 집단 체존 아리랑 공연을 관람할 예정이다.
김정일 위원장과 함께 관람할 것으로 관측된다.
그 후 인민문화궁전에서 노 대통령이 만찬을 주최한다.
합의문이나 평화 선언 등은 이 만찬 후에 합의될 것으로 보인다.?
3일은 이번 정상회담의 하이라이트다.
노 대통령은 준비해 간 '의제 보따리'를 풀고 김 위원장과 합의 도출을 시도한다.
노 대통령은 회담에 앞서 “한반도 평화 정착이 이번 회담의 최우선 과제“라고 했다.
남측은 노 대통령이 “최우선 과제“라고 언급한 한반도 평화 정착을 위해 비무장 지대(DMZ)와 서해 북방 한계선(NLL) 일대를 평화 구역(peace/zone)으로 조성하는 방안, 재래식 무기를 줄이기 위한 군축공동위원회(가칭) 구성 등을 북측에 제의할 것으로 알려졌다.
또 남포 해주 신의주 원산 등에 제2 3의 개성 공단을 만들고, 북한의 철도 도로 항만 등 사회 간접 자본(SOC)에 대규모 투자를 하는 등 경협 보따리도 풀어 놓을 것으로 보인다.
인도적 차원에서 국군 포로와 납북자의 귀환을 요구할 수도 있다.
그러나 이런 의제의 합의 여부는 모두 북한의 선택에 달렸다는 분석이다.
회담에 앞서 정부 당국자들은 “한반도 평화와 경협에 대한 다양한 의제를 준비했다.
그러나 북한이 어떻게 나올지“라며 말꼬리를 흐렸다.
남측이 준비한 것 중 북한이 수용할 의제를 누구도 확신하지 못하는 분위기다.
통일부 당국자는 “북한 체제의 특성상 김정일 위원장의 결단에 모든 것이 좌우될 것“이란 말도 했다.
특히 북핵 문제는 김 위원장이 어떤 발언을 하느냐에 따라 성과가 달라진다.
남주홍 경기대 교수는 “잘못하면 김 위원장의 '입'만 바라보는 회담이 될 수도 있다“고 했다.
노 대통령 “남북 관계 위해 김정일 위원장 오래 살아야“첫날 이모저모?
김영남 위원장과 회담 후 만찬 때 노무현 대통령의 북한 방문 첫날인 2일 평양의 하늘은 회색 구름 사이로 간간이 햇빛이 비쳤다.
개성을 출발한 노 대통령은 오전 11시 40분쯤 북한 호위 총국 소속 10여 대 오토바이의 선도를 받으며 김영남 최고인민회의 상임 위원장이 마중 나온 평양 시내 인민문화궁전 앞에 도착했다.
노 대통령과 김영남 위원장은 4.25문화회관까지 6㎞에 걸친 왕복 6 차선 도로에서 20분 동안 카퍼레이드를 벌였다.
북한을 방문한 외국 정상의 무개차 퍼레이드는 2001년 장쩌민 중국 국가 주석 방북 당시 이후 6년 만에 처음이라고 통일부 당국자는 밝혔다.
북측 관계자들은 “평양에서 남북이 카퍼레이드를 벌인 것은 역사적 사변“이라고 했다.
노 대통령은 공식 환영식을 마친 뒤 숙손 백화원 초대소에서 잠시 휴식을 취하고 오후 4시부터 김영남 위원장과 만수대의사당에서 북측과의 첫 공식 회담을 가졌다.
이 자리에선 최근 국제 정세와 한반도 평화 체제 구축 등에 관한 의견 교환이 있었던 것으로 전해졌다.
1시간여 회담을 마친 노 대통령은 김 위원장의 안내로 만수대의사당 내부를 둘러봤다.?
잇어 국빈 만찬이 주로 열리는 평양 목란관에서 김영남 위원장이 환영 만찬을 열었다.
이 자리에서 노 대통령은 “남북 간에 평화가 잘되고 경제도 잘되려면 빠뜨릴 수 없는 일이 있다.
김정일 위원장이 건강하게 오래 살아야 하시고, 김영남 상임 위원장도 건강해야 한다“며 '즉석 건배'를 제의했다.
만찬장은 순간 고요해졌다.
노 대통령은 “두 분의 건강을 위해 건배를 합시다“라며 “위해“를 선창했다.
만찬 참석자들도 “위해“를 외친 뒤 박수를 쳤다.",131,8021
iks_doc_2007_chosun_019,Chosun 2007 annotated text file unicode.txt,Chosun Ilbo,조선일보,2007,2007_october_summit,"군복 벗고 '양복에 이어폰' 변신 北 경호원들, 경호원다워졌네",,"2000년 6월 13일 김대중 전 대통령이 평양 순안공항에 도착해서 평양 시민들의 환호 속에 김정일 국방위원장으로부터 환대를 받았지만 공항 내 분위기는 달랐다.
경호 부대원들 때문이었다.
북한 경호 부대원들은 '가께반도'(가죽 혁띠)를 어깨에 메고 오른쪽 허리춤에는 권총을, 왼쪽에는 탄창을 3개씩 차고 당장이라도 전투를 벌일 태세로 나타났다.
군복은 일반 군인들과 구별되지 않지만 왼쪽 어깨 중간에 달린 삼각 징표 안에 새겨진 '오각 별'은 북한에서 나는 새도 떨어뜨리는 친위 부대를 상징하는 것이다.?
하지만 이번 남북정상회담의 첫 영접 장손 평양 4.25문화회관에 나타난 김정일 국방위원장의 의상은 예전과 다르지 않았지만 경호 부대원들의 차림은 완전히 달라졌다.
누렇ㄴ 군복을 벗고 말끔한 양복 차림으로 나타났다.
남한의 경호원인지 구분이 가지 않을 정도였다.
또 2000년 회담 때에는 나이 지긋한 친위 대원들이 동원됐지만 이번에는 젊은 군인들이 눈에 띄게 많아져 경호 부대의 세대 교체가 이루어진 것으로 보인다.
귀에는 무선 연락을 취할 수 있는 이어폰을 끼고 있어 국제 사회에서 통용되는 대통령 경호 모델을 북한도 도입한 것으로 짐작된다.
남북 정상, 7년 만에 “반갑습니다” 盧 대통령, 방북 첫날 김정일 위원장 만나?
출발 전 “차분하고 실용적 회담 하겠다“?
오늘 두 정상 두 차례 회담, 합의문 시도 노무현(盧武鉉) 대통령과? 김정일(金正日) 북한 국방위원장이 2일? 평양에서 첫 만남을 가졌다.
두 정상은 이날 환영식장에서 간단한 악수와 인사를 나눈 것 외에는 별도 만남을 갖지 않았다.
이날 오전 9시 5분 군사 분계선을 걸어서 통과한 노 대통령은 전용 승용차 편으로? 평양 개성 고속도로를 달려 공식 환영식장인 평양 시내 4.25문화회관에 12시쯤 도착, 김 위원장과 함께 12분 간 환영식에 참석했다.?
환영식장에서 김 위원장이 먼저 “반갑습니다”라며 손을 내밀자 노 대통령도 “반갑습니다”라며 악수했다.
이번 환영식 때는 2000년 정상회담 때와 같이 김 위원장과 노 대통령이 함께 승용차에 탑승해 이동하는 등 두 정상이 길ㄴ 대화를 나누는 장면은 없었다.
당초 우리 측은 환영식 직후 노 대통령 숙손 백화원 초대소에서 두 정상 간의 20여 분 간 환담을 예상했지만 이루어지지 않았고, 김 위원장은 이날 밤 열린 공식 환영 만찬에도 참석하지 않았다.
노 대통령은 오후에는 만수대의사당에서 김영남 북한 최고인민회의 상임 위원장과 북측과의 첫 공식 회담을 갖고 저녁에는 종합 연회장인 목란관에서 김영남 위원장이 주최하는 공식 환영 만찬에 참석했다.
노 대통령은 김영남 위원장과 회담을 마치고 만수대의사당 내부를 둘러본 후 “밝고 품위 있게 잘 만들었다“며 방명록에 '인민의 행복이 나오는 인민 주권의 전당'이라는 글을 남겼다.
노 대통령은 3일 오전과 오후 각각 한 차례씩 김 위원장과 공식적인 회담을 한 뒤 합의문 작성을 시도할 것으로 알려졌다.
합의문은 빠르면 3일 밤 나올 것으로 예상된다.
노 대통령은 이에 앞서 서울을 출발하며 발표한 대국민 인사를 통해 “이번? 정상회담은 차분하고 실용적인 회담이 될 것“이라며 “2000년 정상회담이 남북 관계의 새 길을 열었다면, 이번 회담은 그 길에 가로놓여 있는 장애물을 치우고 지체되고 있는 발걸음을 재촉하는 회담이 될 것“이라고 했다.?
노 대통령은 이날 남북 분단(分斷)의 상징인 군사 분계선을 걸어서 북측 구역으로 넘어 갔다.
노 대통령은 이 자리에서 “여기 있는 이 선(線)이 지난 반 세기 동안 우리 민족을 갈라 놓고 있는 장벽“이라고 말했다.
노 대통령은 평양에 도착해서는 '북한 동포와 평양 시민에게 전하는 도착 성명'도 발표했다.?
“남북정상회담, 비핵화로 이어져야“美 백악관 입장 밝혀 미국 백악관은 2일 남북정상회담을 지지하며, 회담의 결과는 한반도 비핵화로 이어져야 한다는 입장을 표명했다.?
데이너 페리노(Perino) 백악관 대변인은 이날 “우리는 회담의 결과를 주시할 것이다.
우리는 언제나 남북한 간 대화를 지지해 왔다“며, “남북한 정상회담이 평화와 안보에 기여하길 바라며, 궁극적으로는 한반도의 비핵화로 이어져야 한다“고 말했다.
방북 재계 대표들의 최고 스트레스는?
남북 정상회담 특별 수행원 자격으로 방북한 4 대그룹 대표들이 받는 스트레스가 상당한 것 같습니다.?
방북 전에 북한의 요구에 어떻게 대응해야 하는지 참모들로부터 사전에 교육을 받을 만큼 이번 방북에 신경을 많이 쓰고 있습니다.
이번 방북에는 윤종용 삼성전자 부회장, 정몽구 현대차 회장, 구본무 LG 회장, 최태원 SK 회장, 이구택 포스코 회장 등이 노무현 대통령을 수행했습니다.
4 대그룹의 한 고위 관계자는 “이번 방북 때 회장이 수행 비서 없이 혼자 가는 것이 마음에 걸린다“고 말했습니다.
북측에서 영접하는 요원이 있다고는 하지만, 기본적으로 회장 혼자서 처리해야 할 일이 많아 불편해하지 않을까, 혹시 실수라도 하지 않을까 하는 걱정이지요.?
그룹 관계자들이 가장 걱정하는 것은 북한 측의 제안에 회장들이 덜컥 “검토해 보겠다“고 답변하는 사탭니다.
일본에서는 “검토하겠다“는 말이 사실상 거절의 뜻이지만, 북한에서는 긍정의 뜻으로 받아들여진답니다.?
또 다른 재계 관계자는 2004년 노무현 대통령의 러시아 방문 때 얘기를 꺼냈습니다.
당시 이건희 정몽구 구본무 최태원 회장 등 4 대그룹 총수가 동행했습니다.
크렘린 궁에서 열린 만찬에 참석하는 과정에서 수행한 장관들과 정부 관리들은 승용차를 타고 편하게 이동했는데, 재계 회장들은 다른 수행원들과 같이 12 인승 봉고형 승합차를 타고 함께 이동했습니다.
자리가 워낙 비좁아서 제대로 숨도 못 쉬었다는 후문입니다.
그래서 대통령이 외국 순방할 때 대기업 총수가 동행하는 관행을 재고해야 한다는 이야기도 나왔지요.
3일 김정일 국방위원장이 정상회담을 하루 더 연장하자는 요청을 했다는 소식이 들려 오자 순간 그룹 비서 팀과 참모들의 한숨 소리가 더 커지기도 했습니다.
“평양 군중 속 아버지 계실까 화면 녹화해 수십 번 봤어요“납북 어부의 딸 박연수씨가 지켜 본 '남북정상회담'?
네 살이던 71년 겨울 날 아버지 北로 끌려간 후 조부모 화병으로 세상 떠나?
2000년 기대했지만 '납북자' 얘기 전혀 안 나와 이젠 생사 확인만이라도 3일 오후 경기도 안양시의 한 단독 주택.
불을 켜지 않아 어둑어둑한 마루에서 박연수(여 40)씨가 텔레비전 앞에 앉아 녹화해 놓은 2차 남북정상회담 환영식 장면을 보고 있었다.
한 손엔 납북된 아버지의 젊은 시절 사진이 들려 있었다.
“혹시 평양의 환영 인파 속에 아버지가 있을지 모르지 않아요.
(환영 장면을) 벌써 수십 번은 본 것 같아요.“하루 종일 녹화 화면을 보느라 연수씨의 눈이 충혈돼 있었다.
그 눈에 눈물이 맺혔다.
아랫목에 물어 둔 밥이 '제삿밥' 돼 연수씨의 아버지 박동순(75)씨가 납북된 것은 1971년 1월 6일.
백령도 근해에서 고기를 잡던 박씨는 그만 NLL(서해 북방 한계선)을 넘었다가 동료 선원 11명과 함께 납북됐다.
안개가 많아 한 치 앞도 분간하기 어렵ㄴ 날이었다.
당시 경남 남해 군에 살던 박씨 가족은 라디오로 가장(家長)의 납북 소식을 접했다.
“굉장히 추웠던 날로 기억해요.
소복을 입으시신 할머니께서 정말 서럽게 우셨어요.
동네 사람들도 나와서 울고.
저는 아버지에게 무슨 일이 생긴지도 모르고 주변에 모여 들ㄴ 사람 구경을 했어요. 당시 연수씨는 네 살.
아버지는 멀ㄴ 곳으로 고기잡이를 다녀 올 때마다 연필과 '원기소'란 영양제 선물을 사 줬다.?
집안의 2대 독자였던 박씨가 납북된 후 박씨의 부모는 특별한 지병도 없었는데 2년 만에 차례로 세상을 떴다.
아들과 생이별한 화병 탓이다.
그 뒤론 연수씨의 어머니 임희순(여 71)씨가 홀로 가족의 생계를 떠맡았다.?
“어머니는 아버지가 납북된 뒤로도 끼니 때마다 아랫목에 밥 그릇을 물어 놨어요.
아버지가 갑자기 돌아오셨는데 따뜻한 진지를 못 드시면 얼마나 서운해 하시겠느냐고“?
그렇게 8년을 꼬박 남편 밥을 따로 퍼 놓으시시던 임씨는 1979년 남편 사망 신고를 했다고 한다.
친척들이 연좌제로 취업에 지장이 있을지 모른다는 우려에서였다.
“그때부터 명절 때마다 아버지 제사를 지냈어요.
아랫목에 물어 놓은 밥이 아버지 제삿밥으로 바뀐 것이지요.“?
납북자의 가족은 가족을 잃은 슬픔뿐 아니라 정부의 감시에도 시달려야 했다.
“언니가 결혼하던 1979년 한 형사가 찾아와 '결혼 자금이 어디서 났냐'고 캐물었던 적도 있고, 형사가 수시로 집으로 찾아와 '아버지가 찾아오거나 소식이 있으면 꼭 경찰에 신고해라'고 저를 윽박지르기도 했습니다.
우리 정부는 납북된 아버지를 되찾아 오기 위해 아무렇ㄴ 노력도 하지 않으면서, 남은 가족을 핍박하기까지 했습니다.“
“이번엔 생사 확인이라도“2000년 남북정상회담이 열렸을 때 연수씨는 “그때는 정말 아버지 소식을 알ㄹ 수 있을 줄 알았다“고 했다.
매일 텔레비전 앞에 앉아 있었고, 신문에 나는 관련 기사는 빠지지 않고 읽었다.
그러나 당시 3일 간의 회담 일정 내내 '납북자'란 말은 거의 나오지 않았다.
기대만큼 실망도 컸지만 연수씨는 포기하지 않았다.
그때부터 납북자가족협의회가 주최하는 집회에 빠지지 않고 참가하고, 수십 차례 호소문을 써서 정부에 보내고 시민들에게도 나눠 줬다.?
연수씨는 이번 2차 남북정상회담을 앞두고 1차 회담 때만큼 설레지 않았다고 했다.
큰 기대는 큰 실망을 불러온다는 것을 알ㄴ 까닭이었다.
그러나 막상 두 정상이 만나는 장면을 보자 연수씨의 눈에선 눈물이 주르르 흘렀다고 했다.
“어머니 연세가 벌써 71세어요.
생사 확인이라도 꼭 했으면 해요.
어머니 가시기 전, 마음의 준비라도 해야 하니까요.“",82,4734
iks_doc_2007_chosun_020,Chosun 2007 annotated text file unicode.txt,Chosun Ilbo,조선일보,2007,2007_october_summit,"북한 측, 대기업 회장들에게 “통 큰 투자“요청",,"7 대분야별 특별 간담회?
베이징올림픽 '남북 단일팀' 의견 접근 經協 투자 확대 논의?
南 “개성에 이산가족 상봉소를“北 “우리 민족끼리의 날 제정“?
영화 세트장 공동 조성, 서울 평양 특파원 파견 등 의견 쏟아져 남북정상회담 둘째 날인 3일 우리 측 특별 수행원들은 북측의 카운터 파트와 분야별 간담회를 갖고 '베이징올림픽 남북 단일팀 구성' '남북 국회 회담 정례화' 등 다양한 의제에 대해 논의했다.
간담회는 7개 분야로 나눠 진행됐다.?
정치 남측 단장인 김원기 전 국회 의장은 빠른 시일 내에 남북 국회 회담 개최를 요청하며 “국회 회담에서 남북 관계 발전에 부합하는 현안들을 시의적절하게 조율해야 할 것“이라고 했다.
북측 최태복 최고인민회의 의장은 6.15 공동 선언에 대한 남북 국회의 공동 지지 선언을 제안했다.
양측은 자주 만나서 신뢰의 폭을 넓혀 가야 한다는 데는 공감했으나 각 제안에 대한 뚜렷한 결론은 내지 못하았다.?
남측에서는 대통합민주신당의 김 전 국회 의장과 문희상 배기선 의원, 자민련 김낙성, 민주당 이상열, 민주노동당 천영세 의원 등이, 북측에서는 최태복 의장과 김완수 조국전선중앙위 서기국장, 성자림 김일성 대 총장 등이 참석했다.?
사회 언론 정세현 민화협 상임의장은 간담회 뒤 “남과 북은 2008년 베이징올림픽 때 남북 단일팀을 5대 5 원칙으로 구성하되 선수들의 능력을 감안해 구성하자는 데 의견 접근을 봤으며, 실무적 문제는 계속 협의해 나가기로 했다“고 밝혔다.?
또 남북 공동의 영화 방송 세트장 조성 방안은 긍정적인 답변을 들었지만, 서울 평양에 상주 특파원을 서로 파견하는 문제에 대해 북측은 “남측 보도는 편파적이고 반북(反北) 기사가 많다“며 불만을 표시해 결론을 보지 못하았다.
우리 측은 개성에도 이산가족 상봉소를 만들ㄹ 것을, 북측은 6.15 공동 선언 발표일을 '우리 민족끼리의 날'로 정해 기념하자고 각각 제안했으나, 합의는 이루지 못하았다.
남측에서 한완상 대한적십자사 총재와 정세현 상임의장, 김상근 민주평통자문회의 부의장, 장대환 한국신문협회장, 정연주 KBS 사장, 백낙청 6·15남측위 상임 대표, 김정길 대한체육회장 등이 참석했다.
북측에서는 안경호 6·15북측위 실천 위원장과 정덕기 민화협 부회장 등이 참석했다.?
경제(대기업, 업종별)대기업 대표 간담회에는 정몽구 현대차 회장, 구본무 LG 회장, 최태원 SK 회장, 윤종용 삼성전자 부회장 등 4 대그룹 대표와 이구택 포스코 회장, 현정은 현대그룹 회장이 참석했다.
북측에서는 한봉춘 내각 참사를 단장으로 장우영 명승지종합개발지도국장, 조현주 민족경제협력위원회 책임 참사 등이 나왔다.
북측은 “통 크게 사업을 추진해 주길 바란다“며 대기업의 전향적인 대북 투자를 요청했다.
현재 1차 산업과 임가공 중심의 대북 경제 협력을 생산적인 투자 협력 단계로 올려야 한다고 강조한 것으로 알려졌다.
남측 대표단은 투자 확대를 위해서는 북측의 제도적 조건과 투자 환경의 변화가 필요하다고 했다.
업종별 대표 간담회에는 우리 측에서 경세호 섬유산업연합회장, 김기문 중소기업중앙회장, 이한호 광업진흥공사 사장, 김재현 토지공사 사장이, 북측에서 차선모 육해운성 참모장, 주동찬 중앙 특구 개발 총국장, 박정성 철도성 국장 등이 참석했다.
특별 수행원 분야별 토론 주제 정치 남북 국회 회담 정례화, 6.15 선언 남북 국회 공동 지지 선언 경제 1(대기업) 경협 투자 규모 확대, 임가공 중심에서 생산적 투자 협력 전환 방안 경제 2(업종별) 자유롭ㄴ 통행 통신 보장, 지하 자원 개발, 경공업 협력 확대 사회 언론 베이징올림픽 단일팀, 남북 공동 영화 세트장, 개성 이산가족 상봉소 설치 문화 예술 학술 학생 간 전통 문화 교류, 개성에 문화 학술 멀티플렉스 종교 북측 종교 시설 복원, 종교인 평화 대회 개최 여성 여성계 교류 정례화, 탁아 지원 사업 문화 예술 학술 남북 학생의 전통 문화 연구 교류, 베이징올림픽 남북 공동 응원 예술 공연, 국책연구소장 교류 등 다양한 의견이 제시됐으나 합의에는 이르지 못하았다.
김근식 경남대 교수는 “광화문 복원에 필요한 소나무를 백두산에서 베 뗏목으로 압록 강에서 서해까지 가지고 오는 아이디어도 나왔다“고 했다.
우리 측에서는 이세웅 예술의전당 이사장, 소설가 조정래씨, 안숙선 한국예술종합 학교 교수, 문정인 연세대 교수, '도올' 김용옥 세명대 석좌 교수, 안병욱 가톨릭대 교수 등이 참석했다.
북측에서는 이종혁 조선통일연구원장, 송국남 사회과학원 부원장 등이 나왔다.
종교 여성 종교 분야 간담회에서 남측은 지관 조계종 총무 원장, 장익 천주교주교회의 의장, 권오성 한국기독교교회협의회 총무, 이성택 원불교 교정 원장이, 북측에서는 유영선 조불련 중앙 위원장, 강지영 카톨릭교연맹중앙위 부위원장, 오경우 조선그리스도교연맹 중앙위 서기장 등이 참석했다.
여성 분야 간담회에는 남측에서 김화중 한국여성단체협의회장, 정현백 한국여성단체연합 대표, 김홍남 국립중앙박물관장이, 북측에서 김영옥 여맹 부위원장과 서옥선 조선여성협회 상무 위원 등이 대표로 참석했다.
방북 수행 정 재 문화계 인사들 '보통회' 결성하기로 특별 수행원 자격으로 노무현 대통령과 함께 방북한 정계 재계 문화계 인사들이 '보통회'이라는 친목 모임을 결성했다.
청와대 김정섭 부대변인은 3일 서울 프레스 센터 브리핑에서 “특별 수행원 49명이 북한 방문 첫날인 2일 김책 연구원을 방문한 뒤 숙손 보통강 호텔에서 전체 회의를 열고 친목 모임을 만들었다“고 전했다.
회장은 구본무 LG 회장이 맡았고, 김근식 경남대 교수가 간사를, 김원기 전 국회 의장이 고문을 맡았다.
김 부대변인은 “정상회담 수행 과정에서 나온 부문별 결과를 갖고 남측에서 활동을 많이 하기로 친목 모임을 결성했다“고 덧붙였다.?
친목 모임 명칭에 대해 김 부대변인은 “(수행원 명칭인) '특별'이라는 단어를 (반대로) 패러디하지 않았나 생각된다“고 말했지만 특별 수행원들의 숙손 보통강 호텔의 이름을 딴 것으로 보인다.
2000년 남북정상회담 당시에도 특별 수행원들은 숙소였던 주암 초대소의 이름을 딴 '주암회'이라는 모임을 구성했었다.",32,2995
iks_doc_2007_chosun_021,Chosun 2007 annotated text file unicode.txt,Chosun Ilbo,조선일보,2007,2007_october_summit,프랑스 르몽드“평화 협정 서곡 될 수도“,,"'합의문' 외신 보도?
홍콩 신문 “허풍쟁이의 블록버스터“남북정상회담에 관한 외신들의 높은 관심은 3일에도 이어졌다.
이날 오후에는 두 정상이 4일 오전 공동 선언문을 발표할 것이라는 소식이 긴급 뉴스로 타전됐지만, 선언문은 '상징적 의미'를 갖는 데 그칠 것이라는 분석이 많았다.
이날 김정일 국방위원장이 노무현 대통령에게 북한 체류 기간 연장을 제의했다가 철회한 전후 과정에 대해서도 외신들은 상세히 전했다.
AFP는 김 위원장의 제의에 노 대통령이 '눈에 띄게 놀라면서' 참모들과 상의해야 한다고 답했으며, 그러자 김 위원장은 “대통령께서 그것도 결정 못 하느냐?“고 농담조로 되물었다고 전하면서, '강성 공산 국가에서 절대적인 자신(김 위원장)의 권력'과 대비시켰다.
미국 언론은 김 위원장의 표정 변화와 회담 결과에 관심을 보였다.
뉴욕타임스는 “김 위원장의 표정이 전날보다 훨씬 친근해졌다“며 그 배경을 궁금해했다.
워싱턴포스트는 “현금이 부족한 김 위원장이 노 대통령으로부터 큰 규모의 '돈 주사(injEMtion of money)'를 맞을 수 있다“고 예상했다.
홍콩의 사우스차이나모닝포스트는 '허풍쟁이의 블록버스터?(Blockbuster from bluff master?)'이라는 제목의 사설에서 북한에 대한 기대감을 경계했다.
사설은 노 대통령이 군사 분계선을 넘어 가는 과정에서 약간의 '할리우드적' 분위기가 가미된 이후 김 위원장의 영접으로 '블록버스터(대흥행작)'로 바뀌었다고 전하면서 노련한 북한의 의도를 경계할 것을 주문했다.
영국 신문 인디펜던트는 3일 '(남북 정상) 회담, 김정일에게 힘을 싣어 줄 가능성'이란 제목의 기사에서 북한이 핵 프로그램을 해체하기 위한 조치를 취하기 전에 이루어진 이번 회담이 김정일의 입지를 강화해 줄지도 모른다는 우려가 있다“면서 “회담의 성과도 그리 크지 않을(modest) 것“이라고 전망했다.
프랑스 일간지 르몽드는 3일 '남북한의 메시지'이라는 제목의 사설에서 “이번 회담에서 '평화 공동 선언'이 나올 것“이라면서 “그럴 경우 남북한 국경선을 따라 무장 해제가 가능해지고, 이는 평화 협정의 서곡이 될 수도 있다“고 기대했다.
러시아 일간 코메르산트는 3일 '남북한 전시 상황 벗었다'는 부제가 달린 기사에서 큰 제목에 김 위원장의 이름 마지막 잔 '일'의 러시아언 '' 대신에 '평화'이라는 뜻의 '미르()'로 써 넣어 눈길을 끌었다.
이 신문은 “1953년 종전 후 평화 협정 체결 문제가 남았는데 전문가들은 남북 정상들의 휴전에 관한 어떠한 조약 체결도 모두 상징적 의미를 가진 것으로 본다“고 보도했다.
노 대통령 “북한과 대화에 벽 느꼈다““北 측, 개혁 개방이라는 용어에 불신과 거부감“?
김 위원장 “육로로 군사 분계선 넘어 온 것은 큰 의미“?
노 대통령 “北 체제 존중, 용의 주도한 배려 있어야“노무현 대통령과 김정일 국방위원장은 3일 오전과 오후 두 차례 회담했다.
두 정상은 회담 시작 때 공개된 대화에선 남북 간 현안에 대해 언급을 피했다.
특히 이번 정상회담은 지난 2000년 회담과는 달리 북측의 요구로 평양에 파견된 남한 기자들의 취재 접근이 불허됐다.
청와대 전속 영상 팀의 촬영만이 제한적으로 허용됐지만 대화 내용이 정확히 녹취되지 않았다.
다만 노 대통령은 오전 회담을 마친 뒤 우리 측 대표단 기자단과 가진 오찬에서 오전 회담 내용을 일부 소개했다.
다음은 언론에 공개된 대화록과 노 대통령의 발언 주요 내용이다.?
오전 정상회담 김 위원장 잘 주무셨습니까.
이 숙소에서 김대중 대통령도 주무셨습니다.
노 대통령 잘 잤습니다.
숙소가 아주 훌륭합니다.?
김 큰물 때문에 정상회담을 연기하게 돼.
노 차를 타고 올라오다 보니 말끔하게 정리돼 있었습니다.?
김 김대중 대통령은 하늘로 오셨는데, 대통령께서는 군사 분계선을 넘어 육로로 오셔서 큰 의미가 있는 것 같습니다.?
노 육로로 올 수 있었던 것이 아주 잘된 일이라고 생각합니다.
저 스스로도 넘어 올 때 감동이 있었습니다만, 넘어 오는 모습을 지켜 보는 국민들이 감동을 받기도 했습니다.
앞으로 남북정상회담을 발전시켜 나가는 데 도움이 될 것 같습니다.?
김 육로로 오실 때 도로를 잘 정비를 하지 못하아서 좀 불편하시리라 생각합니다.?
노 그렇지 않습니다.
주변 경관 참 좋았지요.
어제 평양에 도착했을 때 평양 시민들이 나와서 길에서 아주 성대히 맞아 주셔서 정말 감사합니다.
위원장님이 직접 나오셔서 따뜻하게 맞아 주셔서.?
김 대통령께서 오셨는데, 내가 뭐 환자도 아닌데 집에서 뻗치고서 있을 필요 없지요.?
노 마음 속으로 무척이나 기쁘게 생각합니다.
오후 정상회담 (회담장 앞 복도에서) 김 점심도 맛있게 드셨습니까.
옥류관에서 국수를 드셨다면서요.
평양 국수와 서울 국수, 어떤 것이 맛있습니까.
노 맛있게 먹었습니다.
평양 국수 맛이 진한 것 같더군요.
(회담장에 마주 앉은 뒤) 김 기상이 좋지 않다는 보고를 받았습니다.
떠나기에 앞서 오찬이 있는데 1시간 30분 가량으로 예정하고 있습니다.
오늘 일정을 내일로 미루고, 내일 오찬을 시간 품을 들여서 편안하게 앉아서 허리 띠를 풀어 놓고 식사하시는 것이 좋겠습니다.
하루 일정을 늦추는 것으로 하시지요.
오늘 회의를 내일로 하시고 모레 아침에 가시는 것이 어떻겠습니까.?
노 나보다 더 센 데가 두 군데가 있는데, 경호 의전 쪽과 상의를 해야 할 것 같습니다.?
김 대통령이 결심 못 하십니까.
대통령이 결심하시면 되는데.
노 큰 것은 제가 결정하지만, 작은 일은 제가 결정하지 못합니다.
(오후 회담 끝 부분에)?
김 충분히 대화를 나눴으니 (연장) 안 해도 되겠습니다.
남측에 기다리는 사람들이 있을 터니 본래대로 합시다.
노 대통령 남측 수행원과의 오찬 발언 “(오전 회담에서) 모든 부분에 인식을 같이하진 못하았다.
그러나 분명한 것은 김정일 위원장이 평화에 대한 확고한 의지를 갖고 계시다는 것을 확인했다.
이번에 평화에 대한 미래의 방향을 제시하는 합의가 있어야 한다는 데 공감했다.
화해와 통일에 대해서는 논쟁이 따로 없었다.
한 가지 쉽지 않은 벽을 느끼기도 했다.
남측이 신뢰를 가지고 있더라도 북측은 아직도 남측에 여러 가지 의구심을 갖고 있다.
예를 들면 개혁과 개방이라는 용어에 대한 불신감과 거부감을 어제 김영남 상임 위원장과의 면담, 오늘 김정일 위원장과의 회담에서 느꼈다.
우리는 개성 공단을 아주 만족하는 성공적인 사업으로 평가하고 있지만, 북측이 속도의 문제에 대해 섭섭하게 생각하는 것이 사실이다.
우리는 개성 공단을 '개혁과 개방의 표본이다. 단초다'라고 많이 얘기했는데, 우리식 관점에서 우리 편하게 얘기한 것이 아녔나 싶다.
북측이 볼 때 역지사지(易地思之) 하지 않은, 그런 것이었다.
북측의 체제를 존중하는 용의주도한 배려가 있어야 한다.
중요한 문제에 대해서는 오전에 대화를 나눴지만 세세한 얘기를 오후에 하겠다.
진지한 자세로 최선을 다하겠다.
차비가 많이 들었다.
성과를 많이 거둘 수 있도록 최선을 다하겠다.“북한, 노 대통령에 '제3 세계 정상' 수준 예우 DJ 장쩌민 푸틴 후진타오 때보다 격 낮아?
첫날 영접 초대소 예방 만찬 연회에?
김 위원장이 모두 참석하는 것이 최고의 대우 평양을 방문 중인 노무현(盧武鉉) 대통령에 대한 김정일 위원장의 예우는 제3 세계 정상들에 대한 수준 정도라고 고위급 출신 탈북자들은 3일 평가했다.
한 고위 탈북자는 “북한에서 의전상 최고 예우는 김 위원장의 공항 영접과 당일 날 방문국 정상의 숙손 백화원 영빈관 답방, 그리고 저녁에 열리는 목란관 연회에 김 위원장이 직접 참석하는 것“이라고 말했다.
김 위원장의 목란관 연회 참석은 그의 관심이 최고로 높다는 것을 의미한다.
2001년 9월 2박 3일로 평양을 방문했던 장쩌민(江澤民) 중국 국가 주석은 김 위원장의 공항 영접과 백화원 초대소 당일 예방, 목란관 연회로 이어졌다.
2000년 7월 1박 2일로 평양을 방문했던 러시아의 푸틴 대통령도 같은 영접을 받았다.
2005년 10월 2박 3일로 북한을 방문한 후진타오(胡錦) 중국 국가 주석에 대한 예우는 특히 각별했다.
방문 당일 백화원 초대소 회담은 물론 당일 목란관 만찬에서 김 위원장이 직접 축사를 하는 파격 행동을 했다.
김대중 전 대통령도 공항 영접에 잇어 백화원 초대소로 가는 승용차에 동승하는 최상급 예우를 했다.?
이보다 한 단계 낮은 급은 제3 세계 국가의 정상들을 영접하는 방식인데, 공항 영접을 김영남 상임 위원장이 맡고 만수대의사당에서 공식 정상회담을 김영남 상임 위원장과 하게 된다.
김정일 위원장의 예방은 다음날 백화원 초대소에서 이루어진다.
목란관 만찬에도 김 위윈장은 가급적 참가하지 않는다.
두 차례 방북한 인도네시아 메가와티 스카르노푸트리 대통령에 대한 영접은 주로 김영남 상임 위원장이 맡았다.
김 위원장의 면담은 다음날에 이루어졌고 목란관 연회에도 김 위원장은 참석하지 않았다.
2000년 2월 북한을 방문한 천득렁 베트남 주석은 2일이 지나서야 김 위원장의 예방을 받았다.?
비록 적대 국가지만 2000년 10월 평양을 방문한 미국의 올브라이트(Albright) 국무 장관에 대한 김 위원장의 대접은 융숭했다.
공항에 나가지는 않았지만 도착 당일 백화원 영빈관을 깜짝 방문했다.
각별한 예우를 갖추고 장시간 회담한 후 함께 집단 체조를 관람했다.
당시 김 위원장의 파격 대우는 목란관 연회까지 이어졌다.?
노 대통령은 2일 김 위원장의 4.25문화회관 영접을 빼면 한 단계 낮은 급의 의전 대우를 받고 있는 셈이다.
“하루 더 하시지요 대통령이 결정 못 합니까“金 위원장, 돌발 제의 비 내려 '아리랑' 못 보게 될까 봐 말한 듯?
盧 대통령, 氣 싸움 밀릴까 사실상 사양 예정대로 오늘 서울로 3일? 평양?백화원 초대소에서 열린? 남북정상회담? 도중? 노무현(盧武鉉) 대통령과? 김정일(金正日) 북한 국방위원장은 회담 일정 하루 연장을 놓고 아슬아슬한 대화를 주고 받았다.
오후 회담 시작 김 위원장: (일정을) 하루 정도 늦추는 것으로 합시다.
오늘 일정을 내일로 하시고 모레 아침에 가시는 것이 어떻ㄴ가.
노 대통령: 아, 돌아가는 시간을...
김 위원장: 오늘 오후 일정을 전부 다 내일로 미루고...
노 대통령: 경호 의전과 상의를 해 봐야...
김 위원장: 대통령께서 그것ㄹ 못 하십니까.
대통령께서 결심하시면 되지 않습니까.
회담 말미 김 위원장: 충분한 대화를 나눴으니 (연장) 안 해도 되겠다.
남측에도 기다리는 사람들이 있을 터니 본래대로 합시다.
김 위원장은 이날 오전에 잇어 오후 2시 45분부터? 정상회담이 재개되자 4일 서울로 돌아갈 예정인 노 대통령을 보면서 “모레(5일) 아침에 돌아가시는 것이 어떻겠습니까“라며 '깜짝 제안'을 했다.
그는 “기상이 좋지 않다는 보고를 받았습니다.
(내일) 떠나기에 앞서 오찬이 있는데 오늘 일정을 내일로 미루고, 내일 오찬을 시간 품을 들여서 편안히 앉아서 허리 띠를 풀어 놓고 들ㄹ 수 있도록 하시는 것이 좋겠습니다.
하루 일정을 늦추는 것으로 하시지요”라고 했다.
김 위원장은 평양에 비가 내리는 바람에 이날 저녁에 있을 북한의 체제 선전용 집단 체존 아리랑 관람이 취소될 가능성이 있자 일정 연기를 제안했을 것이란 것이 상당 수 국내 전문가들의 분석이었다.?
갑작스럽ㄴ 제안에 노 대통령은 웃음 띤 얼굴에도 불구하고 다소 어색한 표정이 스쳤다.
노 대통령은 처음엔 “아, 돌아가는 시일을요?
아“라며 듣고만 있었다.
그러나 김 위원장이 옆에 앉은 김양건 통일전선부장을 보면서 “(노 대통령의) 오늘 오후 일정을 전부 다 내일로 미루고“라고 하자, 노 대통령은 머쓱한 웃음을 짓으며 “나보다 더 센 데가 두 군데 있는데요, 하나는 우리 경호실이고 하나는 우리 의전팀입니다.
상의 좀 해 가지고요”라고 대답했다.
사실상 사양한 셈이다.
이에 김 위원장은 표정이 약간 달라지면서 “대통령께서 그것도 결정 못 하십니까.
대통령께서 결심하시면 되는데“라고 말했다.
이때 김 위원장은 서류를 손에 들고 있었는데, 이를 책상 위에 내려놓으면서 펼쳐져 있던 서류 폴더를 닫는 모습도 보였다.
김 위원장의 심기를 엿볼 수 있는 장면이었다.
그러나 노 대통령은 “큰 것은 제가 결정하지만, 작은 일은 제가 결정하지 못합니다“라고 말했다.
김 위원장은 결국 이날 회담을 끝내면서 “충분히 대화를 나눴으니 (노 대통령의 방북을 연장) 안 해도 되겠다.
남측에 기다리는 사람들이 있을 터니 본래대로 합시다“라며 자신의 제안을 철회했다.
NLL 공동 어로 수역 해주 공단 등 제의한 듯 오늘 남북 합의 사항 '선언 형식' 발표 盧 대통령, 아리랑 관람 노무현 대통령과 김정일 북한 국방위원장은 4일 오전 남북정상회담 합의 사항을 선언 형식으로 발표하기로 합의했다고 천호선 청와대 대변인이 3일 밝혔다.?
정부 고위 당국자는 이날 “노 대통령은 서해 북방 한계선(NLL)을 공동 어로 수역으로 설정하고, 해주에 제2의 개성 공단을 조성하며, 한반도 평화 정착을 위한 '평화 선언'을 내 놓자는 방안을 제의한 것으로 알ㄴ다“고 밝혔다.?
NLL의 공동 어로 수역 설정은 남북 군사 회담에서 계속 논의된 방안이다.
지난 7월 열린 제6차 남북 장성급 회담 때 남측은 현재 NLL를 기준으로 남북 동일한 면적의 수역을 공동 어로 수역으로 제시했지만, 북측은 NLL 재설정을 고집했다.
해주는 개성 공단과 가까워 '해주~개성~인천'을 잇는 서해안 평화 경제 지대를 조성할 수 있다는 장점이 있다.
그러나 북한의 해군사령부가 위치한 곳이다.
평화 선언에는 한반도 평화 정착을 위해 군사적 긴장 완화와 남북 경제 공동체 건설을 함께 추진한다는 내용이 포함될 것으로 알려졌다.
북핵 문제에 대한 언급이 담길 가능성도 있다.
두 정상은 3일 오전과 오후 두 차례에 걸쳐 3시간 51분 간 정상회담을 했다.
노 대통령 등 남측 대표단은 이날 저녁 능라도 5.1경기장에서 공연된 북한 체제 선전용 집단 체존 '아리랑'을 관람했다.
노 대통령은 4일 김 위원장이 주최하는 환송 오찬에 참석한 뒤 서울로 돌아온다.
“북한이 핵 불능화 땐 테러 지원국에서 해제“6자 회담 합의문 공개 북핵 6자 회담 의장국인 중국은 3일 모든 참가국들의 승인을 받아 합의문을 공개했다.
합의 문서는 북한 핵 시설을 연내에 불능화하고, 모든 핵 프로그램 신고 등 비핵화 2 단계 조치를 연말까지 완료하도록 명시했다.?
북한을 테러 지원국 명단에서 삭제하는 문제는 “미국은 (지난 달 초) 미북 관계 정상화 실무 그룹 회의를 통해 도달한 컨센서스(합의)에 기초해 북한의 조치들과 병렬적으로 북한에 대한 공약을 완수할 것“이라고 명시했다.
이는 북한이 불능화 신고를 연말까지 완료할 경우 미국도 비슷한 시기에 테러 지원국 명단을 삭제하겠다는 뜻을 담은 것이다.
“가상 북한 미사일 요격 실험 성공“美 국방부 발표 미 국방부가 남북정상회담 당일인 2일 오전(현지 시각) 북한의 미사일 공격에 대비한 미사일 요격 실험에 성공했다고 발표했다.
이에 대해 북한 중앙방송은 “미국이 미사일 방위 체계 수립 책동을 일으켜 국제 사회의 커다랗ㄴ 항의와 규탄을 불러오고 있다“고 비판했다.
미 국방부 산하 미사일방어국(MDA) 헨리 오버링(Obering) 국장은 이날 미 국방부에서 기자 회견을 갖고, “알래스카 주 코디악 섬에서 표적 미사일을 남태평양으로 발사했고, 북태평양에 배치된 이지스함의 레이더로 표적 미사일을 탐지 추적한 뒤, 캘리포니아주 반덴버그 공군 기지에서 요격 미사일을 발사해 남태평양 상공을 날아 가는 표적 미사일을 성공적으로 격추시켰다“고 밝혔다.?
이날 표적 미사일은 24분 가량 비행했고, 반덴버그 기지에서 쏴 올린 요격 미사일은 발사 후 7분 만에 표적을 명중시켰다고 오버링 국장은 설명했다.
이번 미사일 방어(MD) 실험은 2001년 이후 38번째며, 30번째 요격 실험에 성공한 것이다.
미 국방부는 지난 5월에도 똑같은 요격 실험을 실시했으나 실패한 바 있다.
북한 중앙방송은 3일 미국이 북한의 공격에 대비하기 위한 미사일 요격 실험에 성공했다는 소식을 즉각 보도하며 예민하게 반응했다.
[2007 남북정상회담] 남북 요리 연달아 '맛 대결' 南, 답례 만찬서 '팔도 대장금 요리' 선 보여 남북정상회담 만찬장에서 남측과 북측 간에 '맛 대 맛' 대결이 펼쳐졌다.
남측은 3일 평양 인민문화궁전 답례 만찬의 주제를 '팔도 대장금 요리'로 잡았다.
인기 TV 드라마였던 대장금에 등장하는 음식이 주 메뉴다.
남북 화합을 상징하는 메뉴로 전주 비빔밥과 영덕 게 살, 봉평 메밀 쌈, 횡성 평창 너비아니 구이, 고창 풍천 장어 구이 등이 식탁에 올려졌다.
만찬은 남측 요리사들이 직접 갖고 간 음식 재료로 만들어졌다.
식단 구성과 준비에는 청와대 외교부 의전팀과 윤숙자 한국전통음식 연구소 소장 등 요리 전문가와 호텔 조리사들이 참여했다.
건배주는 2005년 부산 APEM(아태경제협력체) 당시 사용됐던 '천년약속'이었다.
음식에 맞춰 전북 고창 선운사 명산품 복분자주, 경기 화성의 백세주 등 팔도 전통 술도 나왔다.
앞서 2일 북측이 주최한 환영 만찬에서는 수육과 비슷한 '게사니(거위)구이'와 배와 밤을 채썰ㄴ '배밤채', 갈비 찜 종륜 소갈비곰, 잉어배살 찜이 주 메뉴로 나왔다.
여기에 꽃게와 흰즙 구이 송이버섯 완자 볶음 대동강 숭어 국도 곁들어졌다.
술은 고려 개성 인삼주와 들쭉술, 용성 맥주, 고량주의 일종인 동양 술이 나왔다.
2000년 당시 북측 환영 만찬에서는 김정일 위원장이 정상회담을 기념하기 위해 직접 이름을 짓었다는 메추리 완자탕인 ‘육육날개탕'이 나와 관심을 모았다.
[2007 남북정상회담] 12장생도 병풍'대장금' DVD 盧 대통령, 김정일 위원장에 준 선물은 12장생도 병풍, 무궁화 문양 다기(茶器), 제주도와 8 도 명품 차, 이영애 출연 드라마 DVD.
3일 남측 대표단이 김정일 국방위원장에게 전달한 선물들이다.
노무현 대통령은 이날 오전 정상회담을 위해 백화원 초대소를 찾은 김 위원장에게 회담장 입구에 미리 진열해 놓은 선물들을 소개했다.
12장생도 병풍은 경남 통영의 나전 칠기로 만들ㄴ 8 폭짜리다.
노 대통령은 “남쪽의 장인(匠人)이 만들었다. (부산) APEM(아태경제협력체) 때도 이분이 만들ㄴ 작품을 회의장에 설치했다“고 설명했고, 김 위원장은 활짝 웃으면서 “귀한 진품을 가져다 주셨다. 감사합니다“고 했다.
노 대통령은 무궁화 문양의 다기를 가리키며 “평소 (외국) 정상들이 청와대를 방문할 때나 (제가) 해외에 나갈 때 선물로 주는 세트“라고 소개했다.
선물에는 또 드라마 '대장금'과 '겨울연가', 영화 '말아톤' 'YMCA야구단' '취화선', 다큐멘터리 'DMZ는살아있다' 등 다양한 장르의 DVD 세트가 포함됐다.
노 대통령은 “내용도 좋지만 요즘은 줄거리 못지않게 화면을 화려하게 처리해서 관심을 끄는 영화가 많다“고 했다.
지난 2000년 정상회담 때는 우리 측에서 진돗개 두 마리와 국내 방송이 수신되는 60인치 TV 1대, VTR 3세트, 전자 오르간 등을 김 위원장에게 선물했다.
김 위원장, 공연도 만찬도 불참 심기 불편?
2000년엔 만찬 3시간 내내 분위기 띄워?
“하루 연장“제안 거절당하았다고 여긴 듯 3일 열린 남북정상회담에서 김정일 국방위원장은 두 번째 회담이 끝난 오후 4시 25분 이후 모습을 나타내지 않았다.
아리랑 공연 동반 관람(오후 8시)도 불발됐고 노무현 대통령이 주재한 답례 만찬(오후 10시)에도 불참했다.
김 위원장의 참석이 사전에 약속됐던 것은 아니지만 뜻 밖이라는 반응이다.
2000년 정상회담의 경우 김 위원장은 두 번째 날 김대중 대통령의 답례 만찬 때, 김 대통령과 함께 입장해 세 시간 내내 참석했다.
와인을 원샷에 들이키는 등 10잔이나 마시며 '통 큰' 모습을 과시했다.
남측, 북측 참석자들을 자신의 테이블로 불러 농담을 던지며 한껏 분위기를 띄우기도 했다.?
또 아리랑 공연은 북한에서 '김정일 위원장의 작품'으로 선전하고 있을 뿐 아니라 2000년 10월에는 김 위원장이 매들린 올브라이트 전 국무 장관과 '아리랑'의 전신 격인 '백전백승조선노동당'을 함께 관람한 일이 있다.
김 위원장의 저녁 행사 불참 이유를 확인할 방법은 없지만, 오후 회담서 자신이 제안했던 회담 연장을 노 대통령이 '사양'한 것에 대해 마음이 상했을 것이라고 보는 분석이 나온다.
김 위원장으로선 손님을 맞은 입장에서 '편하게 더 쉬시면서 날씨 좋은 날에 아리랑 공연을 관람하고 가시라'고 권했는데 이런 호의가 무시 당했다고 느꼈을 수 있다.
사실 노 대통령은 오후 회담이 시작되자마자 김 위원장이 불쑥 꺼내 놓은 회담 연장 제안이 당황스러웠을 것이다.
그래서 시간을 두고 생각해 보겠다고 한 것일 수도 있다.
그러나 자신의 한마디로 공화국 전체를 일사불란하게 움직일 수 있는 김 위원장으로선 “의전 경호와 상의하겠다“는 노 대통령의 말이 핑계에 불과하다고 느꼈을 가능성이 높다.
자신의 호의에 대해 감읍하는 모습만을 봐 왔던 김 위원장은 그런 호의가 거절된 사실에 큰 충격과 분노를 받았을 수 있다는 것이다.?",178,10241
iks_doc_2007_chosun_022,Chosun 2007 annotated text file unicode.txt,Chosun Ilbo,조선일보,2007,2007_october_summit,“경제 공동체는 평화 공동체 장기적 지속적 투자로 가야“,,"盧 대통령 만찬사 노무현 대통령은 3일 밤 10시부터 인민문화궁전에서 김영남 최고인민회의 상임 위원장 등 북측 관계자 130명을 초청해 만찬을 열었다.
전날 김영남 위원장의 만찬에 대한 답례 형식이었다.
그러나 이날 김정일 국방위원장은 참석하지 않았다.
노 대통령은 만찬사에서 “오늘 남북정상회담은 시간이 아쉽ㄹ 만큼 평화와 공동 번영, 화해 협력 문제에 이르기까지 유익하고 진솔한 대화가 이루어졌다“며 “김정일 위원장의 평화에 대한 확고한 의지를 확인할 수 있었다“고 말했다.
노 대통령은 이날 옥류관 오찬 때도 “(김 위원장이) 평화에 대한 확고한 의지를 갖고 계시다는 것을 확인했다“는 말을 했다.
특히 개성 공단 등 남북 경협과 관련, 노 대통령은 “단순 교역이나 개별 사업 위주의 산발적인 협력을 넘어 장기적인 청사진과 제도적 기반 위에서 지속적이고 포괄적인 투자가 이루어지도록 해야 한다“고 했다.
잇어 “서로의 장점을 살려 개성 공단과 같은 협력 거점을 단계적으로 넓혀 나간다면 남북 모두에게 이익이 되는 것은 물론 궁극적으로는 경제 공동체로 발전해 갈 수 있을 것“이라고 밝혔다.
노 대통령은 또 “경제 공동체는 평화 공동체“라며 “경제 협력이 평화를 다지고 평화에 대한 확신이 다시 경제 협력을 가속화하는 선(善)순환적인 발전이 이루어지는 것“이라고 덧붙였다.
노 대통령은 “김정일 위원장의 건강과 한반도의 평화 번영을 기원하는 건배를 제의한다“며 만찬사를 마무리했다.
김영남 위원장은 만찬 답사에서 “우리 민족끼리 힘을 합해 온갖 도전을 이겨 내고 격변하는 정세 속에서 역사의 기회와 민족의 진로를 자주적으로 열어 가야 한다“며 “모든 장벽을 초월해 민족 대의를 앞에 놓고 북남이 뜻과 힘을 합쳐 나가자“고 말했다.
“남측 대통령이 육로로 분계선을 넘은 것은 처음“이라며 “이것은 6.15 공동 선언 이후 또 하나의 경이적인 현실로서 온 겨레에 커다랗ㄴ 기쁨과 희망을 안겨 줬다“고도 했다.",11,956
iks_doc_2007_chosun_023,Chosun 2007 annotated text file unicode.txt,Chosun Ilbo,조선일보,2007,2007_october_summit,DJ 김정일 8시간 22분 노 김정일 4시간 03분,,"'정상회담 대면 시간' 비교 10월 남북정상회담 시간은 2000년 회담과 비교하면 훨씬 짧았다.
노무현 대통령이 2일엔 4.25문화회관에 마중 나온 김정일 국방위원장과 12분 간 만났다.
김 위원장 발언 중 이날 공개된 것은 “반갑습니다” 한마디뿐이었다.
노 대통령은 둘째 날인 3일 오전 9시 34분부터 11시 45분까지 김 위원장과 2시간 11분 간 회담을 했다.
오후 2시 45분 속개된 회담은 4시 25분까지 1시간 40분 동안 진행됐다.
저녁 8시쯤 능라도 5.1경기장에서 시작된 노 대통령의 아리랑 공연 관람에 김 위원장이 동석할 것이라는 관측도 제기됐지만 참석하지 않았다.
이후 노 대통령이 인민문화궁전에서 주최한 답례 만찬에도 김 위원장은 참석하지 않았다.
김대중 전 대통령은 2000년 방북 첫날인 6월 13일 오전 10시 38분 평양 순안공항에 나온 김 위원장을 10분 간 만나고 백화원 초대소로 가는 차량에 50여 분 동안 동승했다.
김 전 대통령은 오전 11시 45분부터 백화원 초대소에서 상견례 형식으로 김 위원장과 55분 동안 얘기를 더 나눴다.
첫 날 2시간 동안 함께 한 것이다.
둘째 날(14일) 김 전 대통령은 김 위원장과 오후 3시부터 백화원 초대소에서 한 차례의 휴식(45분)을 포함해 6시 50분까지 3시간 5분 동안 마라톤 회담을 했다.
오후 7시부터는 김 전 대통령이 목란관에서 김 위원장에게 답례 만찬을 3시간 동안 주최했고 11시 5분에는 백화원 초대소로 다시 이동해서 11시 20분 남북 공동 선언에 서명했다.
두 정상은 이날 6시간 이상 함께 있었다.
정상들이 이틀 동안 만난 시간을 따지면 노 대통령은 4시간 3분(243분)이고 김 전 대통령은 8시간 22분(502분)이다.
이번엔 2000년 때보다 절반에도 못 미쳤다.
“내가 환자도 아닌데“金 위원장, 건강 지적한 남측 언론 의식한 발언?",16,919
iks_doc_2007_chosun_024,Chosun 2007 annotated text file unicode.txt,Chosun Ilbo,조선일보,2007,2007_october_summit,오전부터 쾌활 전날 무표정한 모습과 대조,"3일 평양 체류 연장 둘러싼 시간대별 상황
9:34 예정보다 26분 빨리 1차 남북 정상회담 시작 11:45 1차 회담 종료 (2시간 11분) 12:00 노 대통령, 옥류관 오찬 13:40 노 대통령, 옥류관 출발 14:45 예정보다 15분 늦게 2차 정상회담 시작 (최초 예상은 오후 2 시) 김 위원장, 회담 시작하자마자 체류 하루 연장 제안. 노 대통령, 즉답 회피 15:35 윤승용 청와대 홍보 수석, 서울에서 김 위원장 제안 발표 16:00 정부 고위 당국자 “큰 방향은 (연장에) 긍정적“16:00 조금 넘어 김 위원장, 회의 말미에 “본래대로 합시다“며 제안 철회 16:25 2차 정상회담 종료 (1시간 40분)","“환자도 아닌데.“김정일 국방위원장이 정상회담 과정에서 남측 언론 보도에 신경을 쓰며 즉각적인 반응을 보이고 있는 듯하다.
마치 실시간으로 남측 언론을 챙기는 듯한 모습이다.
3일 오전 첫 정상회담에서 노무현 대통령은 “성대히 맞아 주셔서 정말 고맙고 감사합니다.
특히 위원장께서 직접 나오셨지요.
감사합니다“라며 김 위원장에게 인사말을 건넸다.
이에 김 위원장은 마주 앉은 노 대통령과 오른쪽에 자리한 김양건 통일전선부장을 번갈아 보며 “대통령께서 오셨는데 환자도 아닌데 집에서 뻗치고 있을 필요 없지요“라고 말해 참석자들의 웃음을 자아냈다.
이 같은 김 위원장 발언은 회담 시작에 앞서 딱딱한 분위기를 풀어 보려는 유머로 볼 수 있다.
하지만 전날 자신에 대한 건강 이상설을 집중 보도한 남측 언론을 염두에 둔 전략적 발언으로 해석될 수 있다는 분석이다.
3일 아침 상당 수 국내 언론은 “김 위원장이 2000년 때보다 노쇠해 보이며, 걸음걸이가 불편해 보인다“고 지적하며 건강 문제를 제기했고, 김 위원장은 이 같은 내용을 파악하고 있는 듯 노 대통령과의 회담 자리에서 우회적인 반응을 보인 것이다.
이날 김 위원장은 전날 무표정한 얼굴과 달리 오전 회담 때부터 쾌활한 모습이었다.?
이 역시 남측 언론 보도를 의식한 결과로 보인다.
이 날짜 남측 신문엔 김 위원장이 2000년 정상회담 때는 두 손을 마주 잡는 악수로 김대중 대통령을 맞았고 승용차도 함께 탄 반면, 이번엔 노 대통령에게 한 손을 내밀어 형식적으로 악수했고 승용차도 각자 탔다고 지적하는 등 응대 태도를 대비한 보도가 실렸다.
이처럼 김 위원장이 남측 언론 보도를 훤히 꿰뚫고 있는 듯한 모습은 2000년 정상회담 때도 마찬가지였다.?
당시 김 위원장은 회담 둘째 날인 6월 14일 오전 김 대통령과 마주 앉자마자 “정상회담을 여기에서 끝냅시다. 돌아가시는 것이 좋겠습니다“라고 했다.
그날 아침 남측 신문에 실린 '회담 기간 중 인공기(人共旗)를 게양한 대학생들을 사법 처리할 것'이라는 남측 검찰의 입장을 문제 삼은 것이다.",15,1008
iks_doc_2007_chosun_025,Chosun 2007 annotated text file unicode.txt,Chosun Ilbo,조선일보,2007,2007_october_summit,“회담 일정 자주 바뀌는 것ㄴ '김정일 경호' 때문“,,"北 보위부 출신 최정현씨에 들어 보니 북한은 이번 남북 정상회담 일정을 자주 바꾸고 있다.
2일 노무현 대통령의 영접 장소도 두 차례 바뀌었고 3일 오후 노 대통령의 시찰 장소 등도 가변적이었다.
북한 국가안전보위부 출신 탈북자 최정현(41)씨는 이 같은 '변덕 일정'의 주요 원인 중 하나로 김정일 국방위원장의 경호 문제를 꼽았다.
최 씨는 국가안전보위부 6처 지도원으로 일하다 2002년 가족과 함께 탈북했다.?
이번 정상회담을 본 소감은.
“4.25문화회관에 모인 군중들의 군기가 빠진 것 같았다.
김대중 전 대통령 방북 때보다 덜 긴장한 모습이었다.“이번 일정이 모두 비밀인데 왜 그렇ㄴ가.
“김일성 사망 후 국내(북한) 정세가 험악해졌기 때문이다.
1990년 초 적대 세력이 김정일 위원장의 차량을 대형 트럭으로 밀어붙여 경호원이 죽었다.
보위부에만 보고되지만 저격 미수 사건도 여러 건 있었다.
반대파에 대한 숙청으로 적이 너무 많이 생겨서 김 위원장이 국내 어디도 마음대로 갈 수 있는 곳이 없다.
김정일 차량은 보통 5~6대가 번갈아 위치를 바꾸며 달린다.
기차도 똑같은 기관차 3 대가 동시에 움직인다.“
2일 카 퍼레이드 때 김영남 최고인민회의 상임 위원장이 노 대통령과 함께 탔는데.?
“김일성 같으면 자신이 직접 탔을 것이다.
저격이나 사고 가능성 때문에 김영남을 수반 급으로 내세운 것이다.
김일성 시대에는 행사를 사전에 통보했는데 김정일 시대부터는 국가 수반의 해외 여행도 모두 끝난 다음에 알려진다.
1호(김정일 관련)행사는 보위부에 한 시간 전 통보되며 일반 주민들은 누가 나오는지도 모른 채 나가는 경우가 대부분이다.“?
김정일에 대한 경호는 어떻게 하는가.
“인민군 호위 총국에서 총괄한다.
호위 총국 안에 '친위부대'이라는 것이 있다.
히틀러의 친위대를 본따 만들ㄴ 것이다.
이들은 최상의 대우를 받으며 김정일의 근접 경호를 맡는다.
호위 총국 군인들은 친위부대보다 못하지만 일반 부대와는 비교할 수 없는 특권을 누린다.
보위부는 호위 총국의 지시를 받으며 호위 총국에 김정일 방문 예정지의 주민 동향이나 참석 예정자에 대한 기초 자료를 보고한다.“주민 동원은 어떻게 하는가.
“2일 4.25문화회관 환영 행사에 나온 북한 주민들은 새벽 1시부터 미리 대기하고 있었을 것이다.
호위 총국 보위부 보안성 합동으로 신분증과 신체 조사를 해야 하기 때문이다.
보통 '줴기밥(주먹밥)'을 싸서 나와 아침을 현장에서 먹는다.
평양의 도로에 세워진 시민들도 같은 방법으로 움직인다.“",29,1235
iks_doc_2007_chosun_026,Chosun 2007 annotated text file unicode.txt,Chosun Ilbo,조선일보,2007,2007_october_summit,권 부총리가 최고위급 '경제 공동체' 중점 논의한 듯,,"정상회담 남측 배석자로 본 의제 3일 두 차례 열린 남북 정상회담에 우리 측에서는 권오규 경제 부총리, 이재정 통일부 장관, 김만복 국가정보원장, 백종천 청와대 안보실장 등 4명이 참석했다.
북측에서는 대남 전략을 총괄하는 김양건 통일전선부장이 유일하게 배석했다.
배석자 면면을 놓고 보면 이날 회담의 핵심 의제가 한반도 평화 정착과 경제 공동체 건설이었다는 것을 짐작하게 하는 대목이다.
배석자 구성은 2000년 정상회담과 비슷했다.
당시 우리 측에서는 황원탁 청와대 안보 수석, 임동원 국정원장, 이기호 청와대 경제 수석 등 3명이 참석했고, 북측에선 김용순 통일전선부장(2003년 사망) 1명만 배석했다.?
권오규 경제 부총리의 배석은 제2의 개성 공단, 북한 사회 간접 자본(SOC) 현대화 등 경제 협력 문제 등을 다뤄야 한다는 점에서 이미 예상됐던 일이다.
2000년 회담에 배석했던 이기호 당시 청와대 경제 수석은 차관급이었다.
권 부총리는 이번 방북에 수행한 정부 관료 중 최 고위급 인사다.
그만큼 경제 공동체 구성에 대한 노무현 대통령의 강한 의지를 담은 것이란 해석이다.
백종천 안보실장은 북핵, 한반도 평화 체제 구축, 서해 북방 한계선(NLL) 등의 문제에 대해 노 대통령에게 현장에서 돕ㄹ 수 있는 인물이다.
김 국정원장은 지난 8월 두 차례 방북해서 이번 정상회담을 성사시킨 주역이다.
2000년 회담 때도 정상회담의 산파 중 한 사람인 임동원 국정원장이 배석했었다.
전날(2일) 공식 환영식에서 다른 남측 고위 인사와 달리 머리를 숙이지 않은 채 꼿꼿이 서서 김정일 국방위원장과 악수를 했던 김장수 국방부 장관이 배석하지 않은 것을 놓고 여러 말이 나오고 있으나 우리 측에서 민감한 군사 관련 현안을 먼저 제기할 계획이 없다는 것을 보여 주는 것이란 해석이 유력하다.",13,893
iks_doc_2018_chosun_001,Chosun 2018 total annotated text file unicode.txt,Chosun Ilbo,조선일보,2018,2018_multi_summit,,,"中 환구시보 “문 대통령은 트럼프 슈퍼 특사“... 韓에 워싱턴으로부터 독립 촉구 중국 환구시보는 인터넷판에서 남북 정상 회담이 성공했다면서도 미국에 따라 판문점 선언이 실현되지 않을 수 있다고 지적하고 워싱턴을 상대로 한국이 자기 의견을 견지하는 용기를 내야한다고 촉구했다.
중국 인민일보 자매지 환구시보는 문재인 대통령과 김정은 북한 국무위원장이 27일 판문점 평화의 집에서 발표한 '한반도 평화와 번영, 통일을 위한 판문점 선언'과 관련 인터넷판 사평에서 “대체적으로 남북정상회담 성과 기대에 대한 상한선에 달했다“며 “성공적이라고 볼 수 있다“고 보도했다.
환구시보는 적지 않은 사람들을 흥미진진하게 만들ㄴ 세부적인 안배는 TV 생중계에 처음 등장한 김정은에 대한 호감을 갖도록 하고 한반도 남북이 하나의 민족이라는 특수적인 정의(情誼)를 보여 줬다고 전했다.
국수주의 성향이 강한 환구시보는 그러나 “한반도 평화를 위해 세운 무대가 매우 번화하지만 여전히 취약하다“며 “또 다른 중량급 주역인 도널드 트럼프 미국 대통령이 등장하지 않았기 때문“이라고 주장했다.
환구시보는 트럼프 대통령이 남북 정상회담 전날 북미 정상회담을 하지 않을 수도 있다고 발언한 것을 상기시키고 북미 정상회담은 조건부라는 것을 보여 준다고 지적했다.
잇어 “많은 사람들이 모종의 의미에서는 이번 남북 정상회담을 북미 정상회담의 예행 연습 격으로 믿는다“며 “문재인이 한국의 대통령이지만 트럼프의 '슈퍼 특사“역할을 한 것“이라고 비유했다.
남북 정상이 합의한 어떤 협의도 워싱턴의 진심 어린 지지를 얻어야한다며 그렇지 않으면 실현이 어렵ㄹ 것이며 일단 실현되도 오래 지속되기 어렵ㄹ 것이라고 환구시보는 지적했다.
환구시보는 판문점 선언에 적힌 내용이 모두 구체적인 계획이 아닌 비전이라며 최종적으로 미국이 나와서 북한과 담판을 벌여야하는 일들이기 때문이라고 전했다.
한국은 염원을 전달할 수 있을 뿐 협상을 할 권리는 매우 제한돼 있다는 것이다.
환구시보는 한국 여론은 남북 정상회담과 관련 전쟁 상태를 끝내는 문제보다 비핵화 문제를 훨씬 중시해 왔다며 한국이 이 방면에서 워싱턴으로부터 견제를 받았기 때문이라고 주장했다.
환구시보는 북한의 지도자가 3.8선을 넘어 한국으로 간 것은 과거 60여 년 역사상 처음이지만 남북 정상회담은 처음이 아니다며 역사의 경험은 북미 관계가 좋지 않으면 남북 관계가 좋아져도 쉽게 후퇴할 수 있음을 보여 줬다고 지적했다.
환구시보는 남북 정상이 만났을 뿐 아니라 성과를 얻었기 때문에 한반도로서는 금요일(27일)이 최근 수년 래 가장 기쁜 날이라면서도JX 멀지 않아 열리는 북미 정상회담이 잘 되지 않으면 이날 대화를 나눈 것들은 유효하지 않을 수 있다고 지적했다.
평창 동계 올림픽 때 많은 사람들은 당시 남북이 하나가 된 것이 덧없이 사라질 수 있음을 우려했는데 오늘까지도 그런 걱정이 그림자처럼 우리를 따라오고 있다는 것이다.
환구시보는 이 순간부터 한반도의 평화를 위한 남북의 노력이 또 다시 배척되서는 안 된다고 강조했다.
한반도가 오늘의 대화 국면에 이르는 데 한국이 상당히 중요한 역할을 했다며 과거 수개월 간의 상황은 서울이 창조하고 쟁취해야 국면을 주도적으로 이끌ㄹ 수 있음을 증명했다고 전했다.
잇어 “한국이 과거에는 과도하게 워싱턴을 따랐다“며 “서울은 앞으로 자신의 의견을 더 용감하게 견지해야한다“고 권고했다.
환구시보는 “트럼프 대통령이 여러 차례 김정은을 볼 수도 있고 안 볼 수도 있다고 했지만 이는 백악관이 일방적으로 결정할 수 있는 것이 아니다“며 “청와대가 충분히 의견을 낼 수 있는 권리가 있다“고 지적했다.
미국이 그렇게 하는 것이 한국의 이익과 매우 밀접히 관련돼 있기 때문에 한국은 트럼프 대통령과 김 위원장 간 회담의 외부인이 아니라는 것이다.
남북정상회담 12시간 만에 종료 문재인 대통령과 김정은 국무위원장의 정상회담이 27일 오후 9시 27분 종료됐다.
문 대통령 내외는 이날 만찬 이후 30분 가량의 환송 행사를 관람한 뒤 대기 중이던 북측 벤츠 차량까지 김정은과 부인 리설주를 배웅했다.
김정은은 문 대통령 내외의 환송을 받으며 차량에 올랐고, 우리 군 의장대의 호위 속에서 군사 분계선(MDL)을 넘었다.
문 대통령과 김정은은 이날 환송식에서 정상회담이 이루어진 평화의 집 마당에 마련된 관람대에 앉아 평화의 집 외벽을 스크린으로 활용하는 영상 쇼를 관람했다.
이날 영상 쇼의 주제는 '하나의 봄'이었다.
한반도의 어제와 오늘, 그리고 내일을 영상과 음악으로 표현한 것이었다고 청와대는 밝혔다.
환송식에서는 국악기와 오케스트라가 협연한 '아리랑'과 '새야새야파랑새야' '고향의 봄'이 연주됐다.
문 대통령과 김정은을 비롯한 회담 참석자들은 국내 가욘 '원드림원코리아'가 흘러 나오는 가운데 손을 잡았다.
문 대통령은 김정은에게 악수하며 이별 인사를 했고 12시간에 걸친 남북정상회담은 종료됐다.",27,2389
iks_doc_2018_chosun_002,Chosun 2018 total annotated text file unicode.txt,Chosun Ilbo,조선일보,2018,2018_multi_summit,文 대통령 “김정은과 둘도 없는 길 동무 됐다“,,"문 대통령, 만찬 건배사 “남북이 자유롭게 오갈 날을 위해““우리에게 새 세계 질서 만들어 갈 역사적 책무가 있다“김정은 “짧은 하루, 많은 대화와 의미 있는 합의“문재인 대통령은 27일 김정은 북한 국무위원장과의 정상회담 후 환영 만찬에서 “'길 동무가 좋으면 먼 길도 가깝다' 이런 북측 속담이 있는데, 김 위원장과 나는 이제 세상에서 둘도 없는 좋은 길 동무가 됐다“고 말했다.
문 대통령은 이날 오후 경기도 파주 평화의 집 3층 연회장에서 김정은 부부와 함께 만찬을 함께 하고 “(남북이) 한 가마 밥을 먹으며 함께 번영하기를 진심으로 바란다“며 이 같이 말했다.
문 대통령은 “김 위원장과 나는 진심을 다해 대화했고 마음이 통했다“며 “우리는 오늘 한반도에서 전쟁의 먹구름을 걷어 내고 평화와 번영, 공존하는 새 길을 열었다“고 평가했다.
문 대통령은 “역사적 사명감으로 우리의 어깨는 무거웠지만 매우 보람있는 하루였다“며 “서로 주먹을 들이대던 때도 있었고, 헤어진 가족을 만나지 못하는 서럽ㄴ 세월이 있었지만 오늘 우리는 전 세계가 지켜 보는 가운데 역사적인 만남을 갖고 귀중한 합의를 이뤘다“고도 했다.
문 대통령은 “남과 북이 우리 민족의 운명을 주도적으로 결정해 나가고 국제 사회의 지지와 협력을 함께 받아 나가야 한다는 데 함께 인식을 같이했고, 새롭ㄴ 세계 질서를 만들어 갈 역사적 책무가 우리에게 있다는 사실에 공감했다“며 “우리가 함께 해 낼 수 있다는 자신감도 갖게 됐다“고 했다.
문 대통령은 “이제 어렵ㄴ 문제를 만나면 오늘처럼 남북이 마주 앉아 해법을 찾을 것“이라며 “김 위원장과 나는 정기적인 회담과 직통 전화로 대화하고 의논하며 믿음을 키워 나갈 것“이라고 말했다.
잇어 “남과 북의 평화와 번영, 통일을 향한 여정에서 발걸음을 되돌리는 일은 다시는 없을 것“이라고 했다.
문 대통령은 “내가 오래 전부터 이루지 못한 꿈이 있는데 바로 백두산과 개마고원을 트래킹하는 것“이라며 “김 위원장이 그 소원을 꼭 들어 줄 것이라고 믿는다“고 말했다.
잇어 “제가 퇴임하면 백두산과 개마고원 여행권 한 장 보내 주시겠나.
하지만 내게만 줘지는 특혜가 아니라, 우리 민족 누구에게나 그런 날이 오기를 기원한다“고도 했다.
문 대통령은 마지막으로 “남과 북이 자유롭게 오갈 수 있는 그 날을 위해“라고 건배사를 건냈다.
김정은은 문 대통령에 잇어 술잔을 들고 “오늘 나는 문재인 대통령과 역사적인 상봉을, 그것도 분단을 상징하는 여기 판문점에서 진행하고, 짧은 하루였지만 많은 대화를 나눴으며 의미 있는 합의를 이뤘다“며 “오늘의 이 소중한 결실은 온 겨레에 커다랗ㄴ 기쁨과 희망을 안겨 주게 될 것이며 조선 반도의 평화를 바라는 국제 사회의 지지와 공감을 불러일으키게 될 것“이라고 평가했다.
김정은은 “오늘 우리는 암흑 같고 악몽과도 같던 북남 사이의 얼어붙은 긴긴 겨울과 영영 이별한다고 선고했으며 따뜻한 봄의 시작을 온 세상에 알렸다“며 “4월 27일은 역사의 새롭ㄴ 출발점에서 멎어 있던 시계의 초침이 다시 돌아가기 시작한 영원히 잊을 수 없는 순간으로, 기억으로 남게 될 것“이라고 말했다.
김정은은 “오늘의 만남과 자그맣ㄴ 합의 성과는 시작에 불과하고 앞으로 우리가 해야 할 일에 비하면 빙산의 일각에 지나지 않는다“면서도 “함께 맞잡은 손을 굳게 잡고 꾸준히 노력하고, 꾸준히 걸어 나간다면 반드시 좋은 앞날을 만들ㄹ 수 있을 것“이라고 말했다.
김정은 “나는 오늘 합의한 대로 앞으로 수시로 때와 장소에 가림이 없이, 그리고 격식 없이 틀이 없이 문 대통령과 만나 우리가 갈 길을 모색하고, 의논해 나갈 것“이라며 “필요할 때에는 아무 때든 우리 두 사람이 전화로 의논도 하려고 한다“고 말했다.
김정은은 “평화롭고 강대한 나라라는 종착 역으로 힘차게 달려 나가야 한다“며 “이 땅의 영원한 평화를 지키고, 공동 번영의 새 시대를 만들어 나감는 나와 문재인 대통령님, 그리고 우리 모두의 의지에 달렸다“고 말했다.
잇어 “우리가 서로 마음을 합치고 힘을 모으면 그 어떤 도전과도 싸워 이길 수 있다“고도 했다.
김정은은 “온 겨레의 공통된 염원과 지향과 의사를 충직히 받들어, 불신과 대결의 북남 관계 역사에 종지부를 찍고 함께 손 잡고 민족의 미래를 위해 과감하게 나가야 한다“며 “오늘 내가 걸어서 넘어 온 여기 판문점 분리 선 구역의 비좁은 길을 온 겨레가 활보하며 쉽게 오갈 수 있는 평화 통일의 대 통로로 만들기 위해 더욱 용기를 가다듬고 노력해 나갈 것“이라고 말했다.
이날 만찬의 헤드 테이블에는 문 대통령과 김정숙 여사, 김정은과 리설주 두 정상 부부가 앉았고, 북한 김영남 최고인민회의 상임 위원장, 노동당 중앙 위원회 김영철 부위원장, 김여정 제1 부부장, 임종석 대통령 비서실장, 정의용 국가 안보실장, 서훈 국가정보원장이 앉았다.",19,2347
iks_doc_2018_chosun_003,Chosun 2018 total annotated text file unicode.txt,Chosun Ilbo,조선일보,2018,2018_multi_summit,“리설주는 오전부터 판문점에 대기하고 있었다“,,"'아침에 나간 김 위원장 얘기 들었다'는 리설주 판문점 북측 지역에 점심 전 도착했을 듯 남북정상회담, 효과 극대화 '카드' 벤츠 車, 남편 자리 상석은 비워 27일 남북 정상회담 만찬에 참석한 김정은 북한 국무위원장의 부인 리설주는 이미 이날 오전부터 판문점에 대기하고 있었다는 분석이 나왔다.
리설주는 이날 만찬 참석을 위해 오후 6시 20분쯤 평화의 집에 도착해 문재인 대통령과 악수를 나눴다.
리설주는 이 자리서 “아침에 남편께서 회담 갔다 오셔서, 문재인 대통령님과 함께 진실하고 좋은 이야기도 많이 나누고 회담도 잘 됐다고 하셔서 정말 기뻤습니다“라고 했다.
전문가들은 '아침에 나간 남편을 만났다'이라는 리설주 말은 “오전 스케줄을 끝낸 뒤 판문점 북한 측 지역으로 돌아간 김 위원장을 만났다는 말“이라며 “리설주가 이미 판문점에 도착해 있었다는 것을 유추할 수 있다“고 했다.
일각에선 리설주의 만찬 참석 여부를 사전에 밝히지 않은 것은 남북 정상회담 효과 극대화를 위해서라고 본다.
리설주는 이날 남편 김정은에 대한 존경을 표시하기도 했다.
리설주는 메르세데스 벤츠의 대형 세단 S 클래스는 타고 도착했다.
북측 경호원이 차량 우측 상석(上席) 문을 열려고 하자, 리 여사는 왼쪽 문으로 내렸다.
북한 경호원은 당황한 표정을 짓으면 열었던 문을 살며시 달았다.
한 탈북자는 “상석을 비워 둔 것은 남편의 부재 시에도 최고 존엄인 김정은에 대한 존경을 표시하는 것으로 풀이 된다“며 “'남편께서'라고 말하는 것ㄴ, 1회성이 아닌 평소 말투와 습관으로 볼 수 있다“고 말했다.
두 퍼스트 레이디는 이날 오후 6시 30분 평화의 집 3층에서 열리는 만찬에 참석했다.
김 여사와 리설주가 평화의 집에 들어서자, 기다리고 있던 문 대통령과 김정은이 마중을 했다.
문 대통령은 리설주와 악수하며 인사했고, 김정은은 김 여사와 악수를 하며 환담을 나눴다.
이날 김 여사는 김정은에 “두 분이 다리 걷고 하는 모습을 오면서 위성으로 봤다“고 말했다.
이에 김정은은 “벌써 나왔습니까“라며 “(문 대통령과)우리 둘이서 카메라 피해서 멀리 갔는데 나왔구만요“라고 웃으며 말했다.
문 대통령도 “아주 진한 우정을 나눴다“고 화답했다.
잇어 리설주는 “이번에 평화의 집을 꾸미는 데 (김) 여사께서 작은 세부적인 것까지 많은 관심을 가져 주셨다는 얘기를 들었다“며 “저는 아무것도 한 것 없이 이렇게 와서 조금 부끄러웠다“고 했다.
이날 두 퍼스트 레이디는 문화 교류에 힘을 쓰기로 했다.
문 대통령은 “두 분이 전공도 비슷하기 때문에 앞으로 남북 간의 문화 예술 교류 그런 것을 많이 해 주시면 좋겠다“고 제안했다.
이에 리설주는 “두 분께서 하시는 일이 항상 잘 되도록 옆에서 정성을 기울이겠다“고 답했다.
김 여사와 리설주는 '음악'이라는 연결 고리를 가지고 있다.
김 여사는 경희대 성악과를 졸업했고 서울시립 합창단 단원으로 활동했다.
리설주는 북한 최고 악단인 은하수관현악단과 모란봉6중창단의 가수 출신이다.
이후 2010년 김정은 위원장과 결혼하면서 가수 생활을 접은 것으로 전해졌다.
한반도 주변 4 强 “남북 회담 지지“각국별 미묘한 온도 차 27일 판문점에서 열린 남북 정상회담에 대해 미국 러시아 일본 중국 등 한반도 주변 정상들은 대체로 환영의 뜻을 보이면서도, 각국의 셈법에 따라 미묘한 온도 차를 보였다.
도널드 트럼프 대통령은 이날 자신의 트위터에 “미사일 발사와 핵 실험의 격렬한 한 해가 지나고 남북 간 역사적인 만남이 일어나고 있다.
좋은 일들이 일어나고 있다“며 환영 의사를 밝혔다.
잇어 그는 '판문점 선언'에 대해 “한국 전쟁이 끝날 것이다“면서 “이는 미국을 포함해 위대한 사람들이 자랑스럽게 여겨야 할 일“이라고 강조했다.
그는 그러면서도 “그러나 오직 시간이 말해 줄 것“이라고 덧붙였다.
중국 외교부는 이날 '판문점 선언'이 나온 직후 루캉(陸慷) 대변인 명의의 담화를 통해 “이번 회담에서 거둔 긍정적인 성과는 남북 간 화해 협력과 한반도 평화와 안정, 한반도 문제의 정치적 해결에 도움이 된다“며 “중국은 이와 관련해 축하와 환영의 뜻을 표한다“고 밝혔다.
중국은 그동안 쌍중단(雙中斷 북한 핵 미사일 도발과 한미 연합 군사 훈련 중단)과 쌍궤병행(雙軌竝行 한반도 비핵화 프로세스와 북미 평화 협정 협상)을 한반도 비핵화 해법으로 제시해 왔는데, 남북한의 구상에 어느 정도 긍정적인 신호를 보낸 것으로 풀이된다.
러시아 역시 환영의 뜻을 나타냈다.
러시아 외무부는 성명을 내고 “판문점에서 이루어진 남북한 정상의 성공적 회담을 환영한다“며 “이를 민족적 화해와 자체적 가치를 가진 공고한 상호 관계 구축을 향한 남북한의 의미 있는 행보로 간주한다“고 밝혔다.
러시아 외무부는 잇어 “회담 결과 채택된 판문점 선언에 명시된 합의들을 긍정적으로 평가한다“면서 “(러시아는) 철도, 전력, 가스 등의 분야에 걸친 3자 협력 진전을 통해 남북한 간 실질적 협력 구축을 지원할 준비가 돼 있다“고 남북 러 3자 협력 추진에 대한 기대를 표시했다.
아베 신조 일본 총리는 북한에 구체적인 행동을 요구하면서도 이번 회담에 대해서는 긍정적이라는 입장을 내 놨다.
아베 총리는 이날 “이번 회담을 하게 된 한국 정부의 노력을 칭찬하고 싶다“며 “긍정적인 움직임으로 보고 환영한다“고 말했다.
그러나 그는 “북한이 구체적인 행동을 취할 것을 강하게 기대한다“며 “앞으로 북한의 동향을 주시할 것“이라고 강조했다.
아베 총리는 또한 “문재인 대통령으로부터 전화로 이번 회담 내용에 대해 직접 듣고 싶다“며 조만간 문 대통령과 전화 통화를 할 방침임를 시사했다.",38,2733
iks_doc_2018_chosun_004,Chosun 2018 total annotated text file unicode.txt,Chosun Ilbo,조선일보,2018,2018_multi_summit,"김정은 北로 제3차 남북 정상회담 종료 “판문점 선언, 대통령 비준 거쳐 공포한다“",,"남북정상회담 준비 위원회는 27일 “판문점 선언을 대통령 비준 등을 거쳐 공포할 것“이라고 밝혔다.
이날 남북정상회담 준비 위원회는 '2018 남북정상회담' 결과 설명 자료를 통해 “'남북 관계 발전에 관한 법률' 제21조에 따라 '남북 합의서의 체결 비준'에 관한 법적인 절차를 거쳐 발효하겠다“며 “국무 회의 심의, 대통령 비준을 거치고 국회 동의 여부는 추후 법제처 등 관련 부처 간 검토를 거쳐 결정할 것“이라고 했다.
잇어 “남북정상회담 준비 위원회를 '남북 정상 선언 이행 추진 위원회'로 개편하고 범정부 차원의 후속 조치 추진과 점검 체계를 가동하겠다“고 밝혔다.
또 “분야별 후속 조치 계획을 수립해 단기 사항은 즉시 착수하고 중장기 사항은 '남북 관계 발전 기본 계획'에 반영해 국회 보고 후 추진할 것“이라고 했다.
남북정상회담 준비 위원회는 “분야별 합의 사항 이행 방안을 논의하기 위해 남북 장성급 군사 회담, 남북 적십자 회담 등 후속 회담도 북한 측과 협의해 개최할 것“이라며 “남북고위급회담을 개최해 판문점 선언 이행 방안을 구체적으로 협의하겠다“고 덧붙였다.
외신들, '판문점 선언' 긴급 타전 비핵화 진전에 관심 남북 정상이 완전한 비핵화와 평화 체제 추진을 골자로 하는 '판문점 선언'을 발표하자 세계 언론들도 일제히 긴급 속보를 타전했다.
주요 외신들은 남북 정상이 발표한 '한반도의 평화와 번영, 통일을 위한 판문점 선언'을 신속히 전하며 최대 현안으로 보도했다.
특히 남북 정상이 비핵화를 통해 핵 없는 한반도를 실현한다는 공동의 목표를 확인하고 올해 종전 선언을 하고 정전 협정을 평화 협정으로 전환하기로 했다는 소식을 집중적으로 다뤘다.
그러면서도 이번 '판문점 선언'에 구체적인 비핵화 해법이 없었다는 점을 지적하면서, 미북 회담에서 진일보한 합의에 이를ㄹ 수 있을지 주목했다.
이날 미국 CNN는 이날 온라인 홈페이지에 기자 회견 시간에 맞춰 '남북이 한국 전쟁을 끝내기로 했다'는 헤드라인을 걸고 남북 정상이 활짝 웃는 사진을 올렸다.
CNN는 남북 정상이 한반도의 완전한 비핵화에 합의하고, 올해 종전을 선언하기로 한 점을 중점으로 보도하면서, “김정은이 연설에서 비핵화를 언급하지는 않는 듯했으나, 문재인 대통령이 양측이 완전한 비핵화에 합의했다고 설명했다“고도 덧붙였다.
NBC 방송은 “작은 걸음으로, 남과 북의 지도자가 서로의 경계선을 넘으며 거대한 도약을 했다“며 “이 역사적 만남은 세계에서 가장 위험한 화약고 중 하난 이곳에서 큰 전환 점으로 기록될 것“이라고 전했다.
그러나 상당 수 외신들은 가장 관심을 모았던 '비핵화' 합의와 관련해 북한의 비핵화가 아닌 한반도 비핵화라는 문구가 포함된 점, 또한 비핵화를 위한 구체적인 실행 조치들이 미흡한 점에 대해서는 아쉽다고 지적했다.
뉴욕타임스(NYT)는 남북 정상이 공동 선언을 통해 완전한 비핵화라는 공동의 목표를 확인했다고 발표한 것에 대해 “도널드 트럼프 미국 대통령은 북한이 핵무기를 제거하도록 빠른 일정 표를 찾길 기대하지만, 이날 문재인 대통령과 김정은 북한 국무위원장의 합의는 그런 구체적인 내용이 부족하다“고 보도했다.
AP통신은 ““남북 정상이 한반도에서 핵무기를 제거하기 위한 구체적인 해법을 제시하는 데는 실패했다“며 “'남과 북은 완전한 비핵화를 통해 핵 없는 한반도를 실현한다는 공동의 목표를 확인했다'는 애매한 문구는 미북 협상에 공을 넘겨 준 셈“이라고 지적했다.
중국의 주요 매체들도 관련 소식을 신속해 전했다.
관영 신화통신은 “올해 안에 종전 선언과 평화 협정을 추진하기로 밝혔다“면서 “한반도 비핵화 실현에도 합의했다“고 전했다.
또한 CCtv는 “두 정상이 남북미 3자 또는 남북미중 4자 회담 개최를 적극적으로 추진해 나가겠다고 밝혔다“는 내용을 중점적으로 보도했다.
트럼프 “남북 간 역사적인 만남 美 자부심 느껴야“도널드 트럼프 미국 대통령은 27일 개최된 남북정상회담에 대해 첫 반응을 내 놨다.
트럼프 대통령은 이날 자신의 트위터에 “미사일 발사와 핵 실험의 격렬한 한 해가 지나고 남북 간 역사적인 만남이 일어나고 있다.
좋은 일들이 일어나고 있다“며 환영 의사를 밝혔다.
그는 그러면서도 “그러나 오직 시간이 말해 줄 것“이라고 덧붙였다.
잇어 그는 또 다른 트윗 글에 '판문점 선언'에 대해 “한국 전쟁이 끝난다“라면서 “이는 미국을 포함해 위대한 사람들이 자랑스럽게 여겨야 할 일“이라고 덧붙였다.",23,2161
iks_doc_2018_chosun_005,Chosun 2018 total annotated text file unicode.txt,Chosun Ilbo,조선일보,2018,2018_multi_summit,한편 백악관은 이날 오전 9시 30분 문재인 대통령과 김정은 북한 국무위원장이 판문점에서 첫 대면을 한 직후 “한반도의 평화와 번영으로 가는 진전을 희망한다“는 성명을 발표했다,"野 “판문점 선언, 북한 핵 포기에 대한 구체적 언급 부족“","야당은 27일 남북 정상회담 합의에 대해 “북한의 핵 포기와 관련된 구체적 언급이 없다“고 비판했다.
자유한국당 전희경 대변인은 이날 오후 논평을 통해 “오늘 발표된 판문점 선언은 국민의 기대를 저버리는 내용으로 북한의 핵 포기 의사는 발견할 수 없다“고 밝혔다.
전 대변인은 “오히려 대한민국의 안보 경제 면에서의 일방적인 빗장 풀기에 지나지 않는다“며 “북한에 주는 약속은 구체적이고, 우리가 바라는 희망사항은 모호하고 추상적인 표현으로 일관했다“고 말했다.
그는 “판문점 선언 어디에도 북한이 검증 가능하고 회복 불가능한 핵 폐기를 할 것이라는 약속을 찾아 볼 수 없다“며 “그토록 비난 받았던 노무현 정부의 10.4 남북 공동 선언에서 북한이 약속했던 비핵화보다도 오히려 후퇴한 수준“이라고 지적했다.
잇어 “북한의 핵 포기가 전제될 때라야 공동 번영과 통일이 가능하다는 점에서 본말이 전도된 것“이라고 했다.
전 대변인은 “북한은 1991년 이래 지속적으로 비핵화를 천명해 온 만큼, 이번에도 공허한 시간 벌기에 그칠 가능성이 매우 크다“며 “반면 우리 정부는 유엔(UN)의 대북 제재에도 위배될 수 있는 여러 약속들을 북한에 함로써, 이후 미북 회담에 영향을 미칠 뿐 아니라 우리 스스로 국제 사회에서 고립될 가능성에 봉착했다“고 말했다.
한국당은 오늘 발표된 공동 선언문이 북한이 핵 포기를 선언한다고 보는지 북한의 핵 포기 없이도 오늘 약속한 조치들을 선제적으로 취할 수 있는지 조급하게 국내 여론용으로 발표된 것 아닌지 문재인 정부에게 묻는다고 밝혔다.
바른미래당 역시 입장문을 내고 “그동안 중단됐던 상호 불가침 합의, 이산가족 상봉 등을 통해 한반도에 평화 체제를 구축하겠다는 이번 남북정상회담 결과에 대해 긍정적으로 평가한다“면서도 “하지만 이번에 합의된 내용 상당 부분이 과거에도 합의됐던 사항“이라고 밝혔다.
바른미래당은 “이제부터 중요한 것은 실질적 이행“이라며 핵무기 핵 시설 핵 물질 처리 방법 핵무기 핵 시설 핵 물질의 신속한 처리 시한 국제 기구 요구에 부합하는 사찰 방식과 검증 절차에 대해 구체적 실행 방안 합의가 뒤따라야 할 것이라고 주장했다.",9,1054
iks_doc_2018_chosun_006,Chosun 2018 total annotated text file unicode.txt,Chosun Ilbo,조선일보,2018,2018_multi_summit,中 “한반도 문제 정치적 해결에 유리... 中 적극적 역할 계속 발휘 원해“,,"중국 외교부는 27일 루캉 대변인 명의의 성명을 통해 4.27 남북 정상회담 판문점 선언에 대해 적극적인 성과를 얻었다고 평가했다.
중국 외교부는 남북 정상이 27일 판문점 평화의 집에서 발표한 '한반도 평화와 번영, 통일을 위한 판문점 선언'과 관련, “적극적인 성과를 얻었다“며 “양측의 화해와 협력을 증진하고 한반도 평화와 안정을 유지하며, 한반도 문제의 정치적 해결 과정을 추진한 데 유리하다“고 평가했다.
외교부는 루캉(陸慷) 대변인 명의의 성명을 통해 “축하와 환영한다“며 이 같은 입장을 밝혔다.
성명은 “남북한은 하나의 민족으로 중국은 일관되게 남북이 대화 협상을 통해 상호 신뢰를 구축하고 관계를 개선하는 것을 지지해 왔다“며 “양측과 이 지역의 공동 이익, 국제 사회의 공동 기대에 부합한다“고 설명했다.
성명은 잇어 “이번 지도자 간 회담을 통한 공동 인식을 충분히 실천하고, 화해와 협력을 지속하기를 희망하고 믿는다“고 기대했다.
또 “유관 당사국이 대화의 모멘텀을 유지해 한반도 비핵화와 한반도 문제의 정치적 해결을 힘을 모아 추진하기를 희망한다“고 밝혔다.
잇어 “중국은 이를 위해 적극적인 역할을 계속 발휘하기를 바란다“고 덧붙였다.",7,593
iks_doc_2018_chosun_007,Chosun 2018 total annotated text file unicode.txt,Chosun Ilbo,조선일보,2018,2018_multi_summit,"정상회담 최초 '비핵화' 담긴 판문점 선언, 6.15, 10.4 공동 선언과 비교해 보니",,"문재인 대통령과 김정은 북한 국무위원장의 27일 정상회담은 역사상 세 번째 남북정상회담이다.
앞서 2000년 김대중 대통령과 김정일 국방위원장의 회담에서는 6.15 공동 선언이, 2007년 노무현 대통령과 김정일 위원장의 회담에서는 10.4 공동 선언이 나왔다.
이날 발표된 공동 선언은 '한반도의 평화와 번영, 통일을 위한 판문점 선언'이라고 명명됐는데, 정상 간 회담 최초로 '완전한 비핵화', '핵 없는 한반도'이라는 문구가 포함됐다.
과거 두 선언에서 두 정상이 합의해 선언문에 담긴 내용 중 상당 부분이 이행되지 않았다는 점에서, 판문점 선언의 이행 여부도 지켜 봐야 한다는 관측이 나온다.
최초로 담긴 '비핵화' 표현 6.15 공동 선언은 200자 원고지 2.5매 분량으로, 10.4 공동 선언(13매)과 판문점 선언(13.5매)보다 짧은 편이다.
6.15 공동 선언에는 통일 문제의 자주적 해결 남북 통일 구상의 공통점(남측의 연합, 북측의 낮은 연방제 안)을 통한 통일 지향 이산가족 비전향 장기수 문제 해결 경제 교류 협력 김정일 위원장의 서울 방문 검토 등이 담겼다.
6.15 남북 공동 선언.
10.4 공동 선언과 판문점 선언에는 이보다 많은 내용이 담겼다.
두 선언의 내용을 비교해 보면, 가장 특기할 만한 점은 북한의 핵 문제와 관련된 부분이다.
10.4 공동 선언에는 '핵'이란 표현이 한 번 나오는데, '남과 북은 한반도 핵 문제 해결을 위해 6자 회담 9.19 공동 성명과 2.13 합의가 순조롭게 이행되도록 공동으로 노력하기로 했다'란 부분이다.
핵 문제와 관련해 지난 합의들을 이행하겠다는 원론적인 수준에서 그쳤다는 평가가 나왔다.
그러나 이번 판문점 선언에서는 '비핵화'이라는 표현이 3번 나왔다.
공동 선언문 가장 마지막 부분인 3조 4항에서는 두 정상이 △ 완전한 비핵화를 통해 핵 없는 한반도를 실현한다는 공동의 목표를 확인했고 북측이 취하고 있는 주동적인 조치들이 한반도 비핵화를 위해 대단히 의의 있고 중대한 조치라는 데 인식을 같이 하고 각자 책임과 역할을 다하기로 했으며 한반도 비핵화를 위한 국제 사회의 지지와 협력을 위해 적극 노력하기로 했다는 점을 설명하고 있다.
다소 원론적인 수준이지만, 정상 간의 합의에서 처음으로 한반도 비핵화가 거론된 것이다.
향후 군사적 조치에 대해 판문점 선언에는 10.4 공동 선언과 비슷한 내용이 담겼다.
다만 판문점 선언에서 '지상 해상 공중 등 모든 공간에서 상대방에 대한 일체의 적대 행위를 전면 중지하기로 했다'는 점에서 보다 내용이 구체화된 것으로 평가된다.
'군사 분계선 일대에서 확성기 방송 전단 살포 금지'가 명문화됐다.
'그 어떤 형태의 무력도 서로 사용하지 않을 때에 대한 불가침 합의를 재확인한다', '단계적으로 군축을 실현해 나가기로 했다'이라는 부분도 담겼다.
10.4 공동 선언에는 '남/NNP과 북은 군사적 적대 관계를 종식시키고 한반도에서 긴장 완화와 평화를 보장하기 위해 긴밀히 협력하기로 했다', '남과 북은 서로 적대시하지 않고 군사적 긴장을 완화하며 분쟁 문제를 대화와 협상을 통해 해결하기로 했다', '남과 북은 한반도에서 어떤 전쟁도 반대하며 불가침 의무를 확고히 준수하기로 했다' 등 원론적인 내용이 담겼다.
10.4 공동 선언.
'정전 체제 종식 항구적 평화 체제 구축'이란 표현은 두 선언에 모두 담겼다.
다만 10.4 공동 선언에서는 정전 체제 종식과 항구적 평화 체제 구축에 대해 '인식을 같이 한다'고만 한 반면, 판문점 선언에서는 '더 이상 미룰 수 없는 역사적 과제'이라고 했다.
'종전 선언'과 관련해서도 10.4 공동 선언에서는 '직접 관련된 3자 또는 4자 정상들이 한반도 지역에서 만나 종전을 선언하는 문제를 추진하기 위해 협력한다'고 했고, 판문점 선언에서는 '올해 종전을 선언하고 정전 협정을 평화 협정으로 전환하며 항구적이고 공고한 평화 체제 구축을 위해 3자 또는 4자 회담 개최를 적극 추진해 나간다'고 했다.",23,1939
iks_doc_2018_chosun_008,Chosun 2018 total annotated text file unicode.txt,Chosun Ilbo,조선일보,2018,2018_multi_summit,"후속 조치를 위해 10.4 공동 선언에서는 남측 국방부 장관과 북측 인민 무력부 부장 간 회담을 한 달 뒤 개최하기로 했고, 판문점 선언에서는 5월 중 장성급 군사 회담을 열고 국방부 장관 회담을 비롯한 군사 당국자 회담을 자주 개최하기로 했다",경제 협력 등은 10.4 선언 재확인 수준,"10.4 공동 선언에서는 남북 간 경제 협력 문제가 비중 있게 담긴 반면, 판문점 선언에는 경제 관련 부분이 10.4 공동 선언 내용을 재확인하는 수준에서 그쳤다.
10.4 공동 선언에는 '민족 경제의 균형적 발전과 공동의 번영을 위해 경제 협력 사업을 공리 공영과 유무 상통의 원칙에서 적극 활성화하고 지속적으로 확대 발전시켜 나가기로 했다'는 부분이 담겼다.
이를 위해 서해 평화 협력 특별 지대 설치, 공동 어로 구역 평화 수역 설정, 경제 특구 건설, 해주항 활용, 민간 선박의 해주 직항로 통과, 한강 하구 공동 이용 추진, 개성 공업 지구 건설, 문산 봉동 간 철도 화물 수송 시작, 개성 신의주 철도와 개성 평양 고속도로 개보수 협의, 조선 협력 단지 건설 등이 담겼다.
그러나 판문점 선언에는 '10.4 선언에서 합의된 사업들을 적극 추진해 나간다', '1차적으로 동해선 및 경의선 철도와 도로를 연결한다'고만 담겼다.
교류 협력과 관련해 10.4 공동 선언에는 '역사, 언어, 교육, 과학 기술, 문화 예술, 체육 등 사회 문화 분야의 교류와 협력을 발전시키기로 했다', '백두산 관광을 실시하며 이를 위해 백두산/서울 직항로를 개설하기로 했다', '2008년 북경올림픽 경기 대회에 남북 응원단이 경의선 열차를 처음으로 이용해 참가하기로 했다' 등이 담겼다.
판문점 선언에는 '쌍방 당국자가 상주하는 남북 공동 연락 사무소를 개성 지역에 설치한다', '각계각층의 다방면적인 협력과 교류 왕래와 접촉을 활성화하기로 했다', '6.15 등을 계기로 당국과 국회, 정당, 지방 자치 단체, 민간 단체 등 각계각층이 참가하는 민족 공동 행사를 적극 추진한다', '2018년 아시아 경기 대회를 비롯한 국제 경기들에 공동으로 진출한다' 등이 담겼다.
10.4 공동 선언 때는 '남과 북은 내부 문제에 간섭하지 않는다'는 내용이 들어갔다.
그러나 판문점 선언에서는 '내부 문제'와 관련된 내용이 없다.
인도적 문제 해결 부분은 두 선언이 비슷한 수준에서 다뤘다.
하지만 판문점 선언에서 8.15를 계기로 이산가족 상봉을 진행하기로 합의한 부분이 담겨 보다 구체화됐다고 볼 수 있다.
10.4 공동 선언에서는 ‘흩어진 가족과 친척의 상봉을 확대하고 영상 편지 교환 사업을 추진하기로 했다', '자연 재해를 비롯해 재난이 발생하는 경우 동포애와 인도주의, 상부상조의 원칙에 따라 적극 협력해 나가기로 했다'고 했다.
판문점 선언에서는 '오는 8.15를 계기로 이산가족 친척 상봉을 진행하기로 했다', '민족 분단으로 발생된 인도적 문제를 시급히 해결하기 위해 노력하며, 남북 적십자 회담을 개최해 이산가족 친척 상봉을 비롯한 제반 문제들을 협의 해결하기로 했다“고 했다.
한편, 향후 고위급의 회담에 대해서는 10.4 공동 선언보다 판문점 선언에서 격상됐다고 볼 수 있다.
10.4 공동 선언에서는 한 달 뒤 남북 총리 회담을 서울에서 갖기로 한 반면, 판문점 선언에서는 문재인 대통령이 올해 가을 평양을 방문해 남북정상회담을 또 열기로 했다.
판문점 선언에서 두 정상은 정기적 회담과 직통 전화를 통한 수시 논의를 하는 데도 합의했다.
폭스 “남북 선언, 비핵화 위한 구체적 조치 빠졌다“미국 폭스 뉴스는 27일 남북 정상이 완전한 비핵화라는 공동의 목표를 확인했다는 내용을 담은 정상회담 공동 선언을 발표한 것에 대해 “극적이다“라고 평가하면서도, 비핵화 목표를 이루기 위한 구체적 조치가 빠져 있다고 평했다.
폭스 뉴스는 “남북 정상이 완전한 비핵화를 통해 핵 없는 한반도를 실현한다는 공동의 목표를 확인하고 각자 책임과 역할을 다하겠다는 것과 올해 종전 선언을 추진하겠다고 발표했다“며 “그러나 이런 목표를 이루기 위해 남북이 어떤 조치를 취할 것인지 당장 명확하지는 않다“고 전했다.
폭스 뉴스는 “남북이 고위급 회담을 열어 정상회담에서 합의한 문제들을 논의하기로 했다“고 전했다.
이날 문재인 대통령과 김정은 북한 국무위원장은 '한반도의 평화와 번영, 통일을 위한 판문점 선언'을 통해 “남과 북은 완전한 비핵화를 통해 핵 없는 한반도를 실현한다는 공동의 목표를 확인했다“고 밝혔다.
올해 종전 선언과 정전 협정의 평화 협정 전환, 남북미 3자 또는 남북미중 4자 회담 개최 추진도 발표했다.
AP “남북 정상 핵 위기 해결할 구체적 해법은 도출 못 해“AP통신은 남북 정상이 27일 판문점 평화의 집에서 발표한 '한반도 평화와 번영, 통일을 위한 판문점 선언'과 관련, “남북 정상이 한반도에서 핵무기를 제거하기 위한 구체적인 해법을 제시하는 데는 실패했다“면서 “남북 정상이 과거와 마찬가지로 한반도 비핵화에는 합의했으나, 향후 북핵 위기 돌파구를 마련하는 데는 역부족이었다“고 평가했다.
잇어 AP통신은 “'남과 북은 완전한 비핵화를 통해 핵 없는 한반도를 실현한다는 공동의 목표를 확인했다'는 애매한 문구는 미북 협상에 공을 넘겨 준 셈“이라면서 “이번 정상회담은 미북이 도발과 협박을 주고 받았던 지난해의 상황을 감안해 맥락을 파악해야 한다“고 강조했다.
AP통신은 그러면서도 “김정은은 남한 땅을 밟은 최초의 북한 지도자“라며 “남북의 역사적인 만남은 거칠었던 양국의 역사에 강한 이미지를 남길 듯하다“고 전했다.",23,2541
iks_doc_2018_chosun_009,Chosun 2018 total annotated text file unicode.txt,Chosun Ilbo,조선일보,2018,2018_multi_summit,"靑, '판문점 선언' 속 '비핵화' 뜻 묻자... “김정은 의지 확인“",,"“비핵화 관련 김정은의 육성 있다... 별도 기회에 말할 것“청와대는 27일 남북정상회담 후 발표된 '한반도의 평화와 번영, 통일을 위한 판문점 선언'과 관련 “'완전한 비핵화'이라는 표현을 쓴 데 주목했으면 좋겠다“고 밝혔다.
청와대 고위 관계자는 이날 오후 경기도 파주 판문점 프레스 센터에서 기자들과 만나 '(남북이 사용하는) 비핵화 의미에 차이가 있다'는 질문을 받고 이 같이 답하며 “핵 없는 한반도 실현의 의지를 확인한 것“이라고 말했다.
이 관계자는 '비핵화 관련해 우리 정부 평가는 어떤 것인가'이라는 물음에는 “북한이 갖고 있는 완전한 비핵화 의미에 대해 서로 공감했다고 생각한다“고 답했다.
그는 '비핵화 부분에 대해 (남북이) 서로 어떤 의미를 두고 합의를 한 것인지, 이에 대해 의견이 갈릴 턴데 얘기된 바가 있나'이라는 질문에 대해서는 “비핵화 의지를 여러 경로를 통해 확인했다“고 답했다.
그는 '한반도에서 완전한 비핵화와 관련 김정은이 직접 이야기한 육성이 있나'이라는 질문에 대해서는 “육성이 있지만 그것은 별도로 다른 기회에 말씀 드리겠다“고 즉답을 피했다.
그는 '완전한 비핵화를 위해 남북이 자기의 책임과 역할을 다하기로 합의했는데 여기서 남한의 책임이 무엇인가'이라는 질문에 대해서는 “비핵화 과정에 따라 또 우리가 취해야할 일도 있다고 생각하고 그런 부분에 대한 책임과 역할을 다하기로 했다“고 답했다.
한편 그는 '(선언 속에 담긴) 서해 평화 수역 등 경제 교류 부분은 제재 때문에 안 되는데, 이는 비핵화를 전제로 하는 것인가, 아니면 지금 당장 하는 것인가'이라는 물음에는 “경제적인 부분을 지금 당장 하겠다는 말씀은 아니다“라고 답했다.
잇어 “비핵화 또는 북미 간 협상 이후에 진행되는 과정을 보면서 우선적으로 남북 간에 해야 될 과제가 무엇인지의 공감을 확인한 것“이라고 덧붙였다.
그는 '서해 평화 수역의 경우 북방 한계선(NLL) 무력화 논란으로 또 귀결될 수 있지 않나'이라는 물음에는 “세부적 내용 브리핑을 준비 중“이라고 즉답을 피했다.
그는 '문재인 대통령의 올해 가을 평양 방문은 북한 쪽 요구를 우리가 흔쾌히 수용한 것인가'이라는 물음에는 “그렇다”며 “흔쾌히 수용한 것으로 알고 있다“고 답했다.
잇어 “(날짜는 확정된 것이 아니고)시기만 조율한 것“이라고 덧붙였다.
그는 '평화 협정을 위한 남북미 또는 남북미중 회담이라는 것은 꼭 둘 다 해야하는 것ㄴ 아니라는 뜻인가'이라는 물음에는 “여러 가지 상황들을 보면서 가장 적절한 방식이 뭔지 판단하겠다는 것“이라고 답했다.
그는 '판문점 선언 합의 전에 미국과도 공유를 했나'이라는 질문에는 “정의용 안보실장이 (미국에) 갔었으니까“라면서도 “그때만 해도 합의문이 나온 시점은 아녔다“고 말했다.",13,1350
iks_doc_2018_chosun_010,Chosun 2018 total annotated text file unicode.txt,Chosun Ilbo,조선일보,2018,2018_multi_summit,"홍준표 “판문점 선언, 결국 북핵 폐기 없는 위장 평화 쇼“",,"홍준표 결국 남북 정상회담은 김정은과 문정원이 합작한 남북 위장 평화 쇼에 불과했습니다.
북의 통일 전선 전략인 우리 민족끼리라는 주장에 동조하면서 북핵 폐기는 한마디도 꺼내지 못하고 김정은이 불러 준 대로 받아 적은 것이 남북정상회담 발표분입니다.
참으로 걱정스럽습니다.
대북 문제도 대국민 쇼로 일관하는 저들이 5000 만 국민의 생명과 재산을 지킬 수 있겠습니까?
깨 있는 국민이 자유 대한민국을 지킵니다.
홍준표 자유한국당 대표가 27일 “결국 남북 정상회담은 김정은과 문재인 정권이 합작한 남북 위장 평화 쇼에 불과했다“고 밝혔다.
홍 대표는 이날 오후 본인의 페이스북에 “남북정상회담 발표문은 북의 통일 전선 전략인 '우리 민족끼리'이라는 주장에 동조하면서, 북핵 폐기는 한마디도 꺼내지 못하고 김정은이 불러 준 대로 받아 적은 것“이라고 주장했다.
그는 “참으로 걱정스럽다“며 “대북 문제도 대국민 쇼로 일관하는 저들이 5000 만 국민의 생명과 재산을 지킬 수 있겠나“고 했다.",8,499
iks_doc_2018_chosun_011,Chosun 2018 total annotated text file unicode.txt,Chosun Ilbo,조선일보,2018,2018_multi_summit,"“판문점 선언, 비핵화 원론적 언급 핵심 못 건드려“",,"외교 안보 전문가들은 27일 '한반도의 평화와 번영, 통일을 위한 판문점 선언'에 대해 “한반도 문제의 핵심인 비핵화 문제가 원론적으로 거론됐다“는 평가를 내렸다.
다만, 그 의미에 대해서는 의견이 엇갈렸다.
“핵심을 건드리지 못한 선언“이라는 의견과 “기본적으로 미북 대화에서 이루어져야할 비핵화를 선언문에 명시한 것은 성과“이라는 얘기가 나왔다.
전문가들은 “기존의 2007년 10.4 선언을 잇어 받은 합의문“이라고 했다.
다만, 당시 선언에서 문제됐던 서해 북방 한계선(NLL) 문제 등을 복원한 것에 대해서는 부정적인 의견을 밝혔다.
다음은 전문가들의 인터뷰.
김성한 고려대 국제 대학원장 “남북 관계 개선과 평화 구축 문제는 2007년 10.4 선언과 판박이고, 북한의 비핵화에 대한 구체적인 의지가 드러나지 않아 아쉽다.
그동안 우리의 아젠다는 비핵화, 평화 구축, 남북 관계 순이었다.
그런데 이번 선언문을 보면 순서가 남북 관계, 평화 구축, 비핵화로 거꾸로 돼 있다.
분량도 그 순서대로 많다.
이런 점에서 이번 정상회담은 비핵화보다는 남북 관계 개선과 평화 체제 구축 문제에 비중을 둔 것으로 보인다.
비핵화는 사실상 미북정상회담으로 미룬 것이 아닌가 하는 인상을 준다.
이번 선언문은 민족 자주의 원칙을 유난히 강조한다.
이를 남북 관계 개선에만 조명하면 별문제가 없겠지만 핵 문제까지 대입 하면 앞으로 핵 문제 해결에 지장을 줄 수 있다는 노파심이 들ㄴ다.
남북 관계 개선과 관련해서 새롭ㄴ 내용은 개성 연락 사무소를 설치한다는 내용이다.
그런데 이것을 왜 개성에 두는지 의문이다.
보통 연락 사무소는 대사관을 설치하기 위한 전 단계에서 쌍방 간 수도에 설치하는 것이 통상적인 예다.
쌍방 간 인질을 잡는 것이라고 보면 된다.
개성 공단이 재개되지 않는 상황에서 연락 사무소에 상주하는 직원은 유사 시에 안전이 담보되지 않는 위험한 상황이 초래될 수도 있기 때문에, 왜 개성이냐는 문제가 중요하다.
평화 구축 관련한 부분에서 비무장 지대를 실질적 평화 지대로 전환한다는 내용은 이미 예고됐었다.
가장 우려하는 것은 평화 수역 문제다.
사실 10.4 선언에서도 국내적으로 논란이 야기됐던 것이 NLL 문제다.
이 경계선과 충돌 현상을 일으키지 않도록 유의해야 한다.
3자 회담, 다자 회담, 종전 선언 이런 이야기들은 10.4 선언의 판박이라고 볼 수 있다.
다만 흥미롭ㄴ 점이 있다면 예전과 달리 3자를 남북미, 4자를 남북미중이라고 명시한 것이다.
미국에 대한 유화적인 메시지가 담겨 있다.
북한이 중국보다 미국을 더 중시한다는 메시지를 보내면서 미국이 미소 짓게 한 것이다.
남과 북은 완전한 비핵화를 통해 핵 없는 한반도를 실현한다는 공공의 목표를 갖는다고 했다.
그런데 이 문구가 지뢰 밭으로 보인다.
주어가 남과 북이다.
북한이 생각하는 비핵화는 북뿐만 아니라 한국도 포함된 것이다.
북한은 주한 미군이 핵을 가지고 있다고 하면서 미국이 남측에 제공하는 핵 우산까지도 철폐해야 한다고 하고 있는데, 북한의 이러한 기존 입장이 강력하게 반영된 것으로 보인다.
우리가 생각하는 북한의 비핵화와는 상당한 차이가 있다.“
김형석 전 통일부 차관 “기존에 합의했던 사항을 이행하는 내용과 함께 군사적 긴장 완화, 그것을 토대로 한 평화 체제를 구축하자는 메시지가 담겼다.
인도적 문제도 들어가 있고, 2차 정상회담까지 한다는 내용이 포괄적으로 잘 들어갔다.
기존 합의에 대한 이행 의지를 표명했고, 국제 사회의 대북 제재 국면 속에서도 남북 간에 추진할 수 있는 사업을 명시하는 등 현실적인 면도 감안했다.
담대한 선언과 함께 현실을 반영한 합의문이다.
비핵화와 관련한 부분이 맨 앞에 나왔다면 더 좋았겠지만, 비핵화는 북미정상회담이 남아 있기 때문에 남북정상회담에서 메인으로 다루긴 어려웠을 것이다.
현재 선언문에도 비핵화 의지와 국제 사회와의 협력이 다 들어갔다.
비핵화가 뒷부분에 담겼다는 이유로 평가를 인색하게 할 이유는 없다고 생각한다.“
남성욱 고려대 교수 “원론적 수준의 핵 문제 터치다.
합의문 문장이 이 정도로 그치니까 남북정상회담이 이렇게 빨리 끝난 것이다.
북한이 비핵화 관련한 조항을 이렇게 빠져나가지 못하도록, 북한이 핵의 주체로서의 역할을 하도록 더욱 부각했어야 했는데 대화에 한계가 있었던 것 같다.
결국 지난주에 나온 북한 노동당 전원 회의의 결정에서 벗어나지 못한 수준이다.
핵보유국으로서 핵 군축을 하겠다는 컨셉트와 일맥상통했다.
나머지 조항들은 2007년 10.4 선언의 확대 버전이라고 볼 수 있다.
종전 선언, 평화 협정, 철도 연결 등은 모두 미북 회담에서 진전이 없으면 진행할 수 없는 것들이다.
핵에 관해서는 2단 기어 수준인데, 교류 협력은 4단 기어를 걸어 놓은 모양새다.
엇박자가 났다.
비핵화 없는 군사적 긴장 완화도 본질적인 문제가 아닌 주변 문제다.
전반적인 남북 간 긴장 완화라는 취지는 좋으나 역시 비핵화라는 핵심 문제가 해결되지 않으면 한계가 있다.“
남주홍 경기대 교수 “2000년 6.15와 2007년 10.4 선언을 섞어 놓은 수준이다.
핵심인 '비핵화'는 합의문 가장 마지막에 써 놨고 용어도 '한반도 비핵화'이다.
북한 핵 폐기가 아닌 한반도 비핵화를 이야기한 것이다.
핵 폐기의 타임 테이블과 로드맵 이야기는 전혀 없다.
국제 사회가 관심 있게 보는 것ㄴ 핵 폐기의 로드맵과 타임 테이블이었는데 원론적인 비핵화 선언이었다.
전혀 새롭지 않고 수없이 이야기해 왔던 내용이다.
1992년 한반도 비핵화 공동 선언에는 세부적으로 비핵화와 관련한 행동이 적시됐었다.
그런데 이번에는 그런 표현조차 들어가지 않았다.
형식은 요란한 데 핵 문제와 관련된 내용은 빈약하다.
합의문 가장 처음에 강조한 민족 공조의 중요성과 당위성 문제는 이미 많이 이야기해 왔던 것이다.
연락 사무소를 개성에 둔다는 것은 개성 공단을 다시 열기 위한 하나의 명분을 만들ㄴ 것이다.
일종의 평창식 예외 조치라고 할 수 있다.
종전 선언 문제는 미북정상회담의 결과를 봐야 알ㄹ 수 있는 이야기다.
한마디로 핵 문제를 지극히 원론적인 립서비스로 언급하고 끝냈다.“
송종환 경남대 석좌 교수 “껍데기는 좋아 보이지만 알맹이는 과거 합의보다 못하다.
11년 만에 대화 재개가 된 것은 긍정적이지만 선언 내용은 국제 사회와 국민의 기대에 부응하지 못하았다.
우선 북한 핵 폐기를 위한 신고, 사찰, 검증 등 구체적인 이행 내용이 없다.
애매하게 비핵화만 하겠다고 써 놨다.
또 1992년 남북기본합의서보다 구체적이지도 않다.
민족 자주의 원칙에 대한 해석도 남북 양측이 다르게 할 여지가 있다.
우리는 '민족 자주'이라는 말을 당사자끼리 해결하는 것으로 해석하지만, 북한은 외세 반대, 주한 미군 철수라고 생각한다.
6.15 공동 선언과 10.4 선언 때도 이 부분과 관련해 남북이 다르게 해석해 조항이 이행되지 못하았다.
앞으로도 이 조항이 문제가 될 수 있다.
10.4 선언을 이행한다는 부분도 비현실적이다.
철도 연결 등의 내용을 실현하려면 재정적 부담이 막중한 데다, 북핵 폐기와 군사적 긴장 완화 체제가 구축되지 않은 상황에서는 시기 상조다.
서해에 공동 어로 구역을 만들ㄴ다는 내용 역시 서해 북방 한계선(NLL)을 무력화할 소지가 있다.
종전 선언, 평화 협정 체결에 들어가려면 문서로 합의하기 전에 남북 기본 합의서에 규정된 상세한 남북한 간 군사적 긴장 완화 등이 이행된 이후어야 한다.“
양무진 북한대학원 대교수 “오늘 두 정상이 발표한 판문점 선언문에는 우리 국민의 목소리와 국제 사회의 목소리가 모두 담겼다.
제목 그대로 '한반도 평화 번영을 위한 판문점 선언'이다.
'남북 관계 발전' '군사적 긴장 완화' '평화 구축'까지 모든 분야를 총망라했다.
한반도 비핵화에 대한 의지도 들어갔다.
비핵화와 관련한 구체적인 내용은 미북정상회담의 몫으로 남겨 놨다.
상당 부분 우리 국민의 바람대로, 정상회담답게 담았다고 평가한다.“
유호열 고려대 교수 “대부분 10.4 선언에서 확인한 것들을 다시 끄집어 낸 합의로 보인다.
다만 비핵화가 문안에 담겼다는 점에서 진일보하긴 했다.
비핵화에 대한 합의는 아직 추상성이 높아 보인다.
구체성을 띈 입장이라고 보기에는 여전히 미흡하다.
서해 평화 수역 조성, 즉 NLL 문제는 남북이 논의는 할 수 있겠지만 북한의 비핵화가 구체적으로 추진되기 전에 먼저 논의하는 것은 순서가 맞지 않다.
국내 정가에서 시빗거리가 될 수 있다.
또 NLL와 같이 논쟁이 붙을 수 있는 사안에 집중하다 보면, 비핵화를 많은 남북 간 문제 중 하나 정도라고 작게 간주하게끔 할 여지가 있다.
나머지는 합의는 우리가 독단적으로 할 수 없다.
대북 제재가 해제돼야 할 수 있는 부분이다.
개성에 연락 사무소를 둔다는 자체가 경제 협력 확대 의도가 있는 것이다.
여기서도 복선이 있는 듯하다.
경제 교류 협력을 성급하게 밀어붙여서 경협을 기정사실화하려고 하는 듯하다.
유엔 대북 제재가 풀리고 난 뒤 논의해도 될 일이다.
이는 '남북 문제는 우리 민족끼리 해결해야 하는데, 외부 세력 덕분에 잘 안 된다'와 같은 이런 선전 차원의 빌미를 또 하나 제공해 주는 셈이 될 수도 있다.“",98,4460
iks_doc_2018_chosun_012,Chosun 2018 total annotated text file unicode.txt,Chosun Ilbo,조선일보,2018,2018_multi_summit,니혼게이자이 “완전한 비핵화 언급했지만 구체적 방법 안 보여“,,"일본 니혼게이자이신문은 27일 남북 정상이 한반도의 완전한 비핵화라는 공동 목표를 확인했다고 선언한 것과 관련, “구체적인 실현 방법이 논의되지 않았다“고 전했다.
니혼게이자이신문은 이날 선언문이 “미국과 일본이 요구하는 '완전한 비핵화'를 언급했지만, (비핵화) 실현을 위한 구체적인 방법은 보이지 않는다“고 평가하면서, 남북 정상이 비핵화에 대한 구체적인 논의를 “6월에 열릴 예정인 미북 정상회담에 이월했다“고 전했다.
이날 문재인 대통령과 김정은 북한 국무위원장은 '한반도의 평화와 번영, 통일을 위한 판문점 선언'을 통해 “남과 북은 완전한 비핵화를 통해 핵 없는 한반도를 실현한다는 공동의 목표를 확인했다“고 밝혔다.",3,351
iks_doc_2018_chosun_013,Chosun 2018 total annotated text file unicode.txt,Chosun Ilbo,조선일보,2018,2018_multi_summit,"뉴욕타임스 “트럼프, 비핵화 빠른 일정 기대 남북 구체 내용 부족“",,"뉴욕타임스(NYT)는 27일 남북 정상이 공동 선언을 통해 완전한 비핵화라는 공동의 목표를 확인했다고 발표한 것에 대해 “도널드 트럼프 미국 대통령은 북한이 핵무기를 제거하도록 빠른 일정 표를 찾길 기대하지만, 이날 문재인 대통령과 김정은 북한 국무위원장의 합의는 그런 구체적인 내용이 부족하다“고 보도했다.
이날 문재인 대통령과 김정은 북한 국무위원장은 '한반도의 평화와 번영, 통일을 위한 판문점 선언'을 통해 “남과 북은 완전한 비핵화를 통해 핵 없는 한반도를 실현한다는 공동의 목표를 확인했다“고 밝혔다.
올해 종전 선언과 정전 협정의 평화 협정 전환, 남북미 3자 또는 남북미중 4자 회담 개최 추진도 발표했다.
NYT는 “이번 남북 정상회담은 트럼프 대통령과 김정은 사이의 훨씬 더 중요한 정상회담을 위한 분위기를 정할 것이기 때문에 큰 관심을 받았다“며 “트럼프 대통령과 그의 참모들이 북한이 핵무기를 제거하도록 빠른 일정 표를 찾길 기대하지만, 이날 문재인 대통령과 김정은 북한 국무위원장의 합의는 그런 구체적인 내용이 부족하다“고 평했다.",4,534
iks_doc_2018_chosun_014,Chosun 2018 total annotated text file unicode.txt,Chosun Ilbo,조선일보,2018,2018_multi_summit,CNN “남북 한국전쟁 끝내기로 새 역사가 시작된다“,,"CNN는 남북 정상이 27일 판문점 평화의 집에서 발표한 '한반도 평화와 번영, 통일을 위한 판문점 선언'과 관련, “새 역사가 시작된다“고 보도했다.
미국 CNN는 이날 온라인 홈페이지에 기자 회견 시간에 맞춰 '남북이 한국 전쟁을 끝내기로 했다'는 헤드라인을 걸고 남북 정상이 활짝 웃는 사진을 올렸다.
CNN는 남북 정상이 한반도의 완전한 비핵화에 합의하고, 올해 종전을 선언하기로 한 점을 중점으로 보도하면서, 양측이 정전 협정을 평화 협정으로 전환하고, 항구적 평화 체제 구축을 위한 회담 개최를 추진하기로 했다고 전했다.
잇어 CNN는 “김정은이 연설에서 비핵화를 언급하지는 않는 듯했으나, 문재인 대통령이 양측이 완전한 비핵화에 합의했다고 설명했다“고도 덧붙였다.
'바람아멈추어다오' 이지연, CNN 출연 평양냉면 소개 '바람아멈추어다오'로 유명한 가수 출신 외식 사업가 이지연(48)이 미국 CNN 방송에 출연해 평양냉면을 소개했다.
이지연은 남북정상회담이 열린 27일(한국 시각) CNN 방송 뉴스에 출연해 스튜디오에서 평양냉면을 소개했다.
이지연은 실향민인 조부모에게 전수 받은 것이라며 평양식 동치미 냉면을 만들었다.
MC들은 냉면을 맛본 뒤 “맛있다“고 말했다.
스튜디오 배경으로 평양냉면 사진이 걸렸고 '평양냉면(PYONGYANG NAENGMYUN)'이라는 자막도 나왔다.
'역사적 회담(HISTORIC SUMMIT) 국수 외교, 음식의 중요성(NOODLE DIPLOMACY, THE IMPORTANCE OF FOOD)'이라는 자막도 이어졌다.
이지연은 1987년 데뷔해 '그이유가내게는아픔이었네' '바람아멈추어다오’ '난아직사랑을몰라’ 등으로 인기를 끌다 1992년 돌연 미국으로 건너갔다.
현지에서 미국인 요리사와 열애 끝에 결혼해 미국에 살ㄴ다.
애틀랜타에서 BBQ 레스토랑 '얼룸마켓'의 오너 셰프로 있다.
이 식당은 2011년 애틀랜타 베스트 요리 10선 국제 부문 6위에 올랐다.
앞서 이날 남북정상회담 만찬 메뉴에 평양의 대표적 식당인 '옥류관' 냉면이 포함돼 전 세계 미디어의 주목을 받았다.
문재인 대통령이 '만찬 음식으로 옥류관 냉면이 좋겠다'고 제안했고 북측이 받아들인 것으로 전해졌다.
북한은 이날 평양 옥류관의 수석 요리사를 판문점으로 파견했다.",17,1115
iks_doc_2018_chosun_015,Chosun 2018 total annotated text file unicode.txt,Chosun Ilbo,조선일보,2018,2018_multi_summit,"옥류관 냉면의 맛을 살리기 위해 옥류관 전용 제면기를 판문점 북측 통일각에 설치했고, 통일각에서 갓 뽑아 낸 냉면을 만찬장인 '평화의 집' 3층으로 바로 배달하기로 했다","남북 정상 “완전한 한반도 비핵화 노력“
원론적 합의 '개성 연락 사무소 설치, 한반도 비핵화 확인, 연내 평화 협정 체결' 文 대통령, 가을 평양 방문 명시","문재인 대통령과 김정은 북한 국무위원장은 27일 '개성 남북 공동 연락 사무소' 설치, 한반도 비핵화 확인, 연내 평화 협정 체결 등의 내용의 정상회담 합의 내용을 담아 '한반도의 평화와 번영, 통일을 위한 판문점 선언'을 발표했다.
문 대통령과 김정은은 이날 경기도 파주 판문점 평화의 집 1층 로비에서 '판문점 선언'에 서명하고, 이를 평화의 집 앞 마당에서 공식 발표했다.
선언은 “평화와 번영, 통일을 염원하는 온 겨레의 한결같은 지향을 담아 한반도에서 역사적인 전환이 일어나고 있는 뜻 깊은 시기에 2018년 4월 27일 판문점 평화의 집에서 남북정상회담을 진행했다“며 “양 정상은 한반도에 더 이상 전쟁은 없을 것이며 새롭ㄴ 평화의 시대가 열렸음을 8 천만 우리 겨레와 전 세계에 엄숙히 천명했다“고 썼다.
선언은 남북 관계와 관련 “남과 북은 당국 간 협의를 긴밀히 하고 민간 교류와 협력을 원만히 보장하기 위해 쌍방 당국자가 상주하는 남북 공동 연락 사무소를 개성 지역에 설치하기로 했다“고 밝혔다.
선언은 '한반도 비핵화' 문제에 대해서는 “남과 북은 완전한 비핵화를 통해 핵 없는 한반도를 실현한다는 공동의 목표를 확인했다“며 “남과 북은 북측이 취하고 있는 주동적인 조치들이 한반도 비핵화를 위해 대단히 의의 있고 중대한 조치라는 데 인식을 같이 하고 앞으로 각기 자기의 책임과 역할을 다하기로 했다“고 썼다.
잇어 “남과 북은 한반도 비핵화를 위한 국제 사회의 지지와 협력을 위해 적극 노력하기로 했다“고 했다.
선언은 “남과 북은 정전 협정 체결 65년이 되는 올해에 종전을 선언하고 정전 협정을 평화 협정으로 전환하며 항구적이고 공고한 평화 체제 구축을 위한 남북미 3자 또는 남북미중 4자 회담 개최를 적극 추진해 나가기로 했다“고도 밝혔다.
선언은 “남과 북은 한반도의 항구적이며 공고한 평화 체제 구축을 위해 적극 협력해 나갈 것“이라며 “한반도에서 비정상적인 현재의 정전 상태를 종식시키고 확고한 평화 체제를 수립하는 것은 더 이상 미룰 수 없는 역사적 과제“라고 썼다.
잇어 “남과 북은 그 어떤 형태의 무력도 서로 사용하지 않을 때 대한 불가침 합의를 재확인하고 엄격히 준수해 나가기로 했다“며 “남과 북은 군사적 긴장이 해소되고 서로의 군사적 신뢰가 실질적으로 구축되는 데 따라 단계적으로 군축을 실현해 나가기로 했다“고도 했다.
한편 선언에는 문 대통령이 올해 가을에 평양을 방문한다는 내용도 들어갔다.
아래는 판문점 선언 전문.",11,1214
iks_doc_2018_chosun_016,Chosun 2018 total annotated text file unicode.txt,Chosun Ilbo,조선일보,2018,2018_multi_summit,"한반도의 평화와 번영, 통일을 위한 판문점 선언",,"대한민국 문재인 대통령과 조선민주주의인민공화국 김정은 국무위원장은 평화와 번영, 통일을 염원하는 온 겨레의 한결같은 지향을 담아 한반도에서 역사적인 전환이 일어나고 있는 뜻 깊은 시기에 2018년 4월 27일 판문점 평화의 집에서 남북정상회담을 진행했다.
양 정상은 한반도에 더 이상 전쟁은 없을 것이며 새롭ㄴ 평화의 시대가 열렸음을 8 천만 우리 겨레와 전 세계에 엄숙히 천명했다.
양 정상은 냉전의 산물인 오랜 분단과 대결을 하루 빨리 종식시키고 민족적 화해와 평화 번영의 새롭ㄴ 시대를 과감하게 일어 나가며 남북 관계를 보다 적극적으로 개선하고 발전시켜 나가야 한다는 확고한 의지를 담아 역사의 땅 판문점에서 다음과 같이 선언했다.
1. 남과 북은 남북 관계의 전면적이며 획기적인 개선과 발전을 이룩함로써 끊어진 민족의 혈맥을 잇고 공동 번영과 자주 통일의 미래를 앞당겨 나갈 것이다.
남북 관계를 개선하고 발전시키는 것은 온 겨레의 한결같은 소망이며 더 이상 미룰 수 없는 시대의 절박한 요구다.
남과 북은 우리 민족의 운명은 우리 스스로 결정한다는 민족 자주의 원칙을 확인했으며 이미 채택된 남북 선언들과 모든 합의들을 철저히 이행함로써 관계 개선과 발전의 전환적 국면을 열어 나가기로 했다.
남과 북은 고위급 회담을 비롯한 각 분야의 대화와 협상을 빠른 시일 안에 개최해 정상회담에서 합의된 문제들을 실천하기 위한 적극적인 대책을 세워 나가기로 했다.
남과 북은 당국 간 협의를 긴밀히 하고 민간 교류와 협력을 원만히 보장하기 위해 쌍방 당국자가 상주하는 남북 공동 연락 사무소를 개성 지역에 설치하기로 했다.
남과 북은 민족적 화해와 단합의 분위기를 고조시켜 나가기 위해 각계각층의 다방면적인 협력과 교류 왕래와 접촉을 활성화하기로 했다.
안으로는 6.15를 비롯해 남과 북에 다 같이 의의가 있는 날들을 계기로 당국과 국회, 정당, 지방 자치 단체, 민간 단체 등 각계각층이 참가하는 민족 공동 행사를 적극 추진해 화해와 협력의 분위기를 고조시키며, 밖으로는 2018년 아시아 경기 대회를 비롯한 국제 경기들에 공동으로 진출해 민족의 슬기와 재능, 단합된 모습을 전 세계에 과시하기로 했다.
남과 북은 민족 분단으로 발생된 인도적 문제를 시급히 해결하기 위해 노력하며, 남북 적십자 회담을 개최해 이산가족 친척 상봉을 비롯한 제반 문제들을 협의 해결해 나가기로 했다.
당면해 오는 8.15를 계기로 이산가족 친척 상봉을 진행하기로 했다.
남과 북은 민족 경제의 균형적 발전과 공동 번영을 이룩하기 위해 10.4 선언에서 합의된 사업들을 적극 추진해 나가며 1차적으로 동해선 및 경의선 철도와 도로들을 연결하고 현대화해 활용하기 위한 실천적 대책들을 취해 나가기로 했다.
2. 남과 북은 한반도에서 첨예한 군사적 긴장 상태를 완화하고 전쟁 위험을 실질적으로 해소하기 위해 공동으로 노력해 나갈 것이다.
① 남과 북은 지상과 해상, 공중을 비롯한 모든 공간에서 군사적 긴장과 충돌의 근원으로 되는 상대방에 대한 일체의 적대 행위를 전면 중지하기로 했다.
당면해 5월 1일부터 군사 분계선 일대에서 확성기 방송과 전단 살포를 비롯한 모든 적대 행위들을 중지하고 그 수단을 철폐하며 앞으로 비무장 지대를 실질적인 평화 지대로 만들어 나가기로 했다.
② 남과 북은 서해 북방 한계선 일대를 평화 수역으로 만들어 우발적인 군사적 충돌을 방지하고 안전한 어로 활동을 보장하기 위한 실제적인 대책을 세워 나가기로 했다.
③ 남과 북은 상호 협력과 교류, 왕래와 접촉이 활성화 되는 데 따른 여러 가지 군사적 보장 대책을 취하기로 했다.
남과 북은 쌍방 사이에 제기되는 군사적 문제를 지체 없이 협의 해결하기 위해 국방부 장관 회담을 비롯한 군사 당국자 회담을 자주 개최하며 5월 중에 먼저 장성급 군사 회담을 열기로 했다.
3. 남과 북은 한반도의 항구적이며 공고한 평화 체제 구축을 위해 적극 협력해 나갈 것이다.
한반도에서 비정상적인 현재의 정전 상태를 종식시키고 확고한 평화 체제를 수립하는 것은 더 이상 미룰 수 없는 역사적 과제다.
① 남과 북은 그 어떤 형태의 무력도 서로 사용하지 않을 때 대한 불가침 합의를 재확인하고 엄격히 준수해 나가기로 했다.
② 남과 북은 군사적 긴장이 해소되고 서로의 군사적 신뢰가 실질적으로 구축되는 데 따라 단계적으로 군축을 실현해 나가기로 했다.
③ 남과 북은 정전 협정 체결 65년이 되는 올해에 종전을 선언하고 정전 협정을 평화 협정으로 전환하며 항구적이고 공고한 평화 체제 구축을 위한 남북미 3자 또는 남북미중 4자 회담 개최를 적극 추진해 나가기로 했다.
④ 남과 북은 완전한 비핵화를 통해 핵 없는 한반도를 실현한다는 공동의 목표를 확인했다.
남과 북은 북측이 취하고 있는 주동적인 조치들이 한반도 비핵화를 위해 대단히 의의 있고 중대한 조치라는 데 인식을 같이 하고 앞으로 각기 자기의 책임과 역할을 다하기로 했다.
남과 북은 한반도 비핵화를 위한 국제 사회의 지지와 협력을 위해 적극 노력하기로 했다.
양 정상은 정기적인 회담과 직통 전화를 통해 민족의 중대사를 수시로 진지하게 논의하고 신뢰를 굳건히 하며, 남북 관계의 지속적인 발전과 한반도의 평화와 번영, 통일을 향한 좋은 흐름을 더욱 확대해 나가기 위해 함께 노력하기로 했다.
당면해 문재인 대통령은 올해 가을 평양을 방문하기로 했다.",29,2604
iks_doc_2018_chosun_017,Chosun 2018 total annotated text file unicode.txt,Chosun Ilbo,조선일보,2018,2018_multi_summit,"2018년 4월 27일 판문점 대한민국 대통령 대통령 문재인, 조선민주인민공화국 국무 위원회 위원장 김정은","한반도의 평화와 번영, 통일을 위한 판문점 선언","한반도의 평화와 번영, 통일을 위한 판문점 선언 대한민국 문재인 대통령과 조선민주주의인민공화국 김정은 국무위원장은 평화와 번영, 통일을 염원하는 온 겨레의 한결같은 지향을 담아 한반도에서 역사적인 전환이 일어나고 있는 뜻깊은 시기에 2018년 4월 27일 판문점 평화의 집에서 남북정상회담을 진행했다.
양 정상은 한반도에 더 이상 전쟁은 없을 것이며 새롭ㄴ 평화의 시대가 열렸음을 8 천만 우리 겨레와 전 세계에 엄숙히 천명했다.
양 정상은 냉전의 산물인 오랜 분단과 대결을 하루 빨리 종식시키고 민족적 화해와 평화 번영의 새롭ㄴ 시대를 과감하게 일어 나가며 남북 관계를 보다 적극적으로 개선하고 발전시켜 나가야 한다는 확고한 의지를 담아 역사의 땅 판문점에서 다음과 같이 선언했다.
1. 남과 북은 남북 관계의 전면적이며 획기적인 개선과 발전을 이룩함로써 끊어진 민족의 혈맥을 잇고 공동 번영과 자주 통일의 미래를 앞당겨 나갈 것이다.
남북 관계를 개선하고 발전시키는 것은 온 겨레의 한결같은 소망이며 더 이상 미룰 수 없는 시대의 절박한 요구다.
남과 북은 우리 민족의 운명은 우리 스스로 결정한다는 민족 자주의 원칙을 확인했으며 이미 채택된 남북 선언들과 모든 합의들을 철저히 이행함로써 관계 개선과 발전의 전환적 국면을 열어 나가기로 했다.
② 남과 북은 고위급 회담을 비롯한 각 분야의 대화와 협상을 빠른 시일 안에 개최해 정상회담에서 합의된 문제들을 실천하기 위한 적극적인 대책을 세워 나가기로 했다.
③ 남과 북은 당국 간 협의를 긴밀히 하고 민간 교류와 협력을 원만히 보장하기 위해 쌍방 당국자가 상주하는 남북 공동 연락 사무소를 개성 지역에 설치하기로 했다.
④ 남과 북은 민족적 화해와 단합의 분위기를 고조시켜 나가기 위해 각계각층의 다방면적인 협력과 교류 왕래와 접촉을 활성화하기로 했다.
안으로는 6.15를 비롯해 남과 북에 다 같이 의의가 있는 날들을 계기로 당국과 국회, 정당, 지방 자치 단체, 민간 단체 등 각계각층이 참가하는 민족 공동 행사를 적극 추진해 화해와 협력의 분위기를 고조시키며, 밖으로는 2018년 아시아 경기 대회를 비롯한 국제 경기들에 공동으로 진출해 민족의 슬기와 재능, 단합된 모습을 전 세계에 과시하기로 했다.
⑤ 남과 북은 민족 분단으로 발생된 인도적 문제를 시급히 해결하기 위해 노력하며, 남북 적십자 회담을 개최해 이산가족 친척 상봉을 비롯한 제반 문제들을 협의 해결해 나가기로 했다.
당면해 오는 8.15를 계기로 이산가족 친척 상봉을 진행하기로 했다.
남과 북은 민족 경제의 균형적 발전과 공동 번영을 이룩하기 위해 10.4 선언에서 합의된 사업들을 적극 추진해 나가며 1차적으로 동해선 및 경의선 철도와 도로들을 연결하고 현대화해 활용하기 위한 실천적 대책들을 취해 나가기로 했다.
2. 남과 북은 한반도에서 첨예한 군사적 긴장 상태를 완화하고 전쟁 위험을 실질적으로 해소하기 위해 공동으로 노력해 나갈 것이다.
① 남과 북은 지상과 해상, 공중을 비롯한 모든 공간에서 군사적 긴장과 충돌의 근원으로 되는 상대방에 대한 일체의 적대 행위를 전면 중지하기로 했다.
당면해 5월 1일부터 군사 분계선 일대에서 확성기 방송과 전단 살포를 비롯한 모든 적대 행위들을 중지하고 그 수단을 철폐하며 앞으로 비무장 지대를 실질적인 평화 지대로 만들어 나가기로 했다.
② 남과 북은 서해 북방 한계선 일대를 평화 수역으로 만들어 우발적인 군사적 충돌을 방지하고 안전한 어로 활동을 보장하기 위한 실제적인 대책을 세워 나가기로 했다.
③ 남과 북은 상호 협력과 교류, 왕래와 접촉이 활성화 되는 데 따른 여러 가지 군사적 보장 대책을 취하기로 했다.
남과 북은 쌍방 사이에 제기되는 군사적 문제를 지체 없이 협의 해결하기 위해 국방부 장관 회담을 비롯한 군사 당국자 회담을 자주 개최하며 5월 중에 먼저 장성급 군사 회담을 열기로 했다.
3. 남과 북은 한반도의 항구적이며 공고한 평화 체제 구축을 위해 적극 협력해 나갈 것이다.
한반도에서 비정상적인 현재의 정전 상태를 종식시키고 확고한 평화 체제를 수립하는 것은 더 이상 미룰 수 없는 역사적 과제다.
① 남과 북은 그 어떤 형태의 무력도 서로 사용하지 않을 때 대한 불가침 합의를 재확인하고 엄격히 준수해 나가기로 했다.
② 남과 북은 군사적 긴장이 해소되고 서로의 군사적 신뢰가 실질적으로 구축되는 데 따라 단계적으로 군축을 실현해 나가기로 했다.
③ 남과 북은 정전 협정 체결 65년이 되는 올해에 종전을 선언하고 정전 협정을 평화 협정으로 전환하며 항구적이고 공고한 평화 체제 구축을 위한 남북미 3자 또는 남북미중 4자 회담 개최를 적극 추진해 나가기로 했다.
④ 남과 북은 완전한 비핵화를 통해 핵 없는 한반도를 실현한다는 공동의 목표를 확인했다.
남과 북은 북측이 취하고 있는 주동적인 조치들이 한반도 비핵화를 위해 대단히 의의 있고 중대한 조치라는 데 인식을 같이 하고 앞으로 각기 자기의 책임과 역할을 다하기로 했다.
남과 북은 한반도 비핵화를 위한 국제 사회의 지지와 협력을 위해 적극 노력하기로 했다.
양 정상은 정기적인 회담과 직통 전화를 통해 민족의 중대사를 수시로 진지하게 논의하고 신뢰를 굳건히 하며, 남북 관계의 지속적인 발전과 한반도의 평화와 번영, 통일을 향한 좋은 흐름을 더욱 확대해 나가기 위해 함께 노력하기로 했다.
당면해 문재인 대통령은 올해 가을 평양을 방문하기로 했다.",29,2638
iks_doc_2018_chosun_018,Chosun 2018 total annotated text file unicode.txt,Chosun Ilbo,조선일보,2018,2018_multi_summit,"2018년 4월 27일 판문점 대한민국 대통령 대통령 문재인, 조선민주인민공화국 국무 위원회 위원장 김정은",“냉면 함께해요“,"남북 정상 부부, 만찬 참석 '사상 첫 만남' 문재인 대통령 부인 김정숙 여사와 김정은 북한 국무위원장의 부인 리설주 여사가 27일 남북정상회담 기념 만찬에 참여하기 위해 한 자리에 모였다.
김 여사는 이날 오후 5시 56분쯤 만찬 참석을 위해 판문점 평화의 집에 도착했다.
리 여사는 20여 분 뒨 6시 18분쯤 평화의 집에 도착했다.
두 사람은 격(格)을 맞추기 위해 모두 메르세데스 벤츠 S 클래스 차량을 타고 왔다.
김 여사는 하늘색 트렌치코트를, 리 여사는 연분홍색 투피스를 입어 태극 무늬를 연상하게 했다.
두 퍼스트 레이디는 이날 오후 6시 30분 평화의 집 3층에서 열리는 만찬에 참석한다.
김 여사와 리 여사가 평화의 집에 들어서자, 기다리고 있던 문 대통령과 김 위원장이 마중을 했다.
문 대통령은 리 여사와 악수를 나누며 인사를 했고, 김 위원장은 김 여사와 악수를 하며 환담을 나눴다.
문 대통령과 김 위원장의 첫 만남에 잇어 남북 정상 아내들도 이번에 처음 얼굴을 마주하게 됐다.
그동안 남북 정상의 퍼스트 레이디가 서로 만난 것도 이번이 최초다.
앞서 평양에서 열린 1~2차 남북정상회담 때도 김대중 전 대통령 부인 이희호 여사와 노무현 전 대통령 부인 권양숙 여사가 동행했다.
하지만 남북 퍼스트 레이디 회동은 성사되지 않았다.
김 여사와 이 여사는 '음악'이라는 연결 고리를 가지고 있다.
김 여사는 경희대 성악과를 졸업했고 서울시립 합창단 단원으로 활동했다.
이 여사는 북한 최고 악단인 은하수관현악단과 모란봉6중창단의 가수 출신이다.",15,764
iks_doc_2018_chosun_019,Chosun 2018 total annotated text file unicode.txt,Chosun Ilbo,조선일보,2018,2018_multi_summit,이후 2010년 김정은 위원장과 결혼하면서 가수 생활을 접은 것으로 전해졌다,,"리 여사는 10대 땐 지난 2005년 제16회 인천아시아육상경기선수권대회 때 북측 청년학생협력단 일원으로 와 응원할 당시 남측 카메라에 잡히기도 했다.
이날 만찬에는 평양 옥류관 평양냉면과 함께 문재인 대통령이 유년 시절을 보낸 부산의 달고기 구이(흰살 생선 구이)와 김정은 북한 국무위원장이 유학한 곳으로 알려진 스위스의 감자 요리 '뢰스티'를 재해석한 감자 전 등이 올라온다.
북한 측은 현지의 맛을 선 보이기 위해 옥류관 수석 요리사를 판문점으로 파견하기도 했다.
만찬 주로는 면천 두견주와 문배술이 나올 예정이다.
이날 만찬에는 김정은 부부 외에도 평창 올림픽 당시 삼지연관현악단을 이끌고 방남(訪南)했던 현송월 단장 등 26명의 북측 인사와 우리 측 인사 34명이 참석할 예정이다.
김정은 철통 경호 “개미도 못 지나가“27일 열린 남북 정상회담에서는 김정은 북한 국무위원장을 호위하는 북한의 철통같은 경호가 곳곳에서 확인됐다.
이날 문재인 대통령과 김정은이 만나기 전인 오전 9시 20분쯤 북측 경호원 2명이 정상회담 장손 판문점 남측 평화의 집 1층 로비로 들어섰다.
이들은 방명록이 놓인 책상 쪽으로 갔다.
경호원 한 명은 분무기로 의자에 소독약을 뿌리고 흰색 천으로 의자 곳곳을 꼼꼼히 닦았다.
방명록도 공중에 들고 소독약을 뿌린 뒤 헝겊으로 닦아 소독했다.
우리 측이 준비한 펜도 소독했다.
다른 경호원 한 명은 검은색 가방을 들고 와 장비를 꺼냈다.
그는 가방에서 꺼낸 헤드폰을 쓰고 검은색 사각 판을 의자와 책상 쪽에 갖다 댔다.
폭발물이나 도청 장치가 있는지 확인하기 위해서다.
김정은은 오전 9시 40분쯤 평화의 집에 도착해 경호원이 소독한 의자에 앉았다.
김정은은 책상 위에 있는 펜을 사용하지 않고 여동생인 김여정 당 중앙위 제1 부부장이 별도 케이스에 넣어 온 펜을 건네받아 방명록에 글을 남겼다.
일본 아사히 신문은 “북한 측 요원들은 안전 과잉이라고도 말할 정도로 김 위원장의 안전에 신경을 썼다“며 “북한은 판문점 주변에 경계 태세를 유지하고 호위 총국과 당 행사국이 중심이 돼 김 위원장의 신변 안전에 만전을 기했다“고 전했다.
이날 오전 11시 55분 문재인 대통령과 100분 간의 정상회담이 끝난 후 김정은은 국무위원장 로고가 박힌 방탄 벤츠를 타고 판문점 북측으로 향했다.
김정은이 차에 탄 후 양복에 푸른색 스트라이프 넥타이 차림의 경호원 12명이 차량 양 옆과 뒷쪽을 에워싸고 차와 함께 달렸다.
AFP는 “북한은 세계에서 가장 통제가 심한 나라지만, 그런 나라치고도 정상에 대한 경호가 철통같다“며 “개미도 지나갈 수 없을 정도“라고 전했다.
AFP는 “김정은의 차량 호위를 맡은 경호원들은 체격, 사격술, 무술 실력, 외모까지 까다롭게 선택된 사람들“이라고 전했다.
정상회담 만찬서 노래 부르는 11세 제주 소년 오연준 2018 평창동계올림픽 폐막식에서 올림픽 찬가를 청아한 음색으로 감동을 준 오연준(11 사진)군이 남북정상회담 만찬장에서 노래를 부른다.
김의겸 청와대 대변인은 27일 정상회담 만찬 브리핑에서 “이날 만찬장에서 평창 동계 올림픽을 통해 맑고 투명한 소리로 잘 알려진 오 군이 고(故) 김광석의 '바람이불어오는곳'을 부른다“라고 말했다.
김 대변인은
대해 “기대와 소망이 있는 곳을 말하며 화합과 평화 번영의 길을 의미한다“라고 했다.
오 군은 2016년 Mnet의 동요 창작 프로그램 '위키드'에 출연해 아름답ㄴ 음색으로 시청자의 사랑을 받았다.
오 군이 부른 '바람의빛깔' 동영상 조회 수는 4월 현재 1210 만 회에 이른다.
2016년에는 한국인이 가장 많이 본 동영상 8위에 올랐다.
지난해 '제주도의푸른밤'이라는 디지털 싱글을 발표했고 같은 해 5월 KBS 음악 예능 프로그램 '불후의명곡'에 출연해 최종 우승하는 등 실력을 갖췄다.
제주도에 사는 초등 학생인 오 군은 '제주 소년'이라는 별명을 갖고 있다.
中 “두 정상 역사적 첫발에 박수 긍정적 성과 거두길“중국 외교부는 27일 남북정상회담과 관련, “중국은 남북 정상이 역사적인 첫발을 내디딘 데 대해 박수를 보내고 두 정상의 정치적 결단과 용기를 높이 평가한다“고 밝혔다.
연합뉴스에 따르면, 화춘잉(華春瑩 사진) 중국 외교부 대변인은 이날 정례 브리핑에서 “우리는 TV를 통해 오늘 오전 남북 정상이 군사 분계선을 넘어서는 역사적인 회담의 첫 순간을 봤다“면서 이 같이 말했다.
화 대변인은 '어려움을 겪던 형제도 서로 만나 한 번 웃으면 원한을 다 씻어 버릴 수 있다'이라는 중국 대문호 루쉰의 시구를 인용하면서 “중국은 역사적인 이번 회담이 긍정적인 성과를 거두기를 진심으로 바란다“고 강조했다.
앞서 중국 외교부는 전날에도 “한반도 문제에서 계속 좋은 소식이 들려 오고 또 이를 통해 문제 해결의 올바른 길이 열리기를 바란다“며 “이번 회담에서 양국이 성공을 거두기를 희망한다“고 밝힌 바 있다.
이날 중국 언론들도 중국 관영 CCtv를 포함해, 신화통신 등 대다수 언론이 남북정상회담을 생중계하며 비중 이게 보도하고 있다.
신화통신은 중국 매체 중 최초로 남북 정상회담 공동 취재단에 포함된 가운데, '김정은, 38선 넘었다'는 제목의 기사를 메인 기사에 포함했다.
봉황망 등 주요 언론들은 역시 양국 정상의 출발부터 군사 분계선에서의 만남 등을 실시간 중계했다.
또 문재인 대통령과 김정은 국무위원장의 발언 등 일거수일투족을 자세히 보도하면서, 양국 정상 회담 결과에 대해서는 아직은 평화 협정 체결 등 어떤 결과가 나올지 예측하기 어렵다는 관측을 내 놨다.
남북, 북미 정상회담 이후 북한이 중국의 '개혁 개방'을 벤치 마킹할 것이라는 전망도 나온다.
중국 관영 글로벌타임스는 “이날 중국 인터넷에서는 벌써 대북 투자 붐이 일고 있다“면서 “북한이 지난 20일 당 대회에서 강력한 사회주의 경제 건설에 노력을 집중하겠다고 선포한 데 잇어 최근 비핵화 의지를 내비치면서 향후 유엔의 대북 제재가 완화될 것이라는 예상이 이런 전망을 부추기고 있다“고 전했다.
文 金, 53년생 소나무 심어 식수 후 36분 '밀담' 문재인 대통령과 김정은 북한 국무위원장이 27일 군사 분계선(MDL) 위에 소나무를 심었다.
두 정상은 식수 행사 후 '도보다리'까지 함께 걷어 가 배석자 없이 36분 간 대화했다.
두 정상은 이날 오전 첫 번째 정상회담을 한 뒤 각자 오찬과 휴식 시간을 가지고 오후 4시 27분쯤 공동 기념 식수 일정을 진행했다.
공동 식수는 우리 측이 제안했고 북측이 수종과 표지석 문구 등을 모두 수락해 성사됐다.
기념 식수에 쓰인 나무는 정전 협정이 체결된 1953년에 태어난 소나무로, 고(故) 정주영 명예 회장이 지난 1998년 소 떼를 몰고 고향을 방북했던 MDL 인근 '소떼길'에 심어졌다.
당시 정 명예 회장 일행은 판문점 북측 경비 병 휴게소 오른쪽 공터를 통해 북한으로 들어갔다.
양 정상은 '합토합수'(合土合水) 의식도 진행했다.
문 대통령은 백두산 흙을, 김정은은 한라산 흙을 뿌렸고, 그 후에는 문 대통령이 대동강 물을, 김정은은 한강 물을 뿌렸다.
식수 표지석에는 '평화와 번영을 심다'이라는 문구와 함께 남북 정상의 서명이 새겨졌다.
이날 오후 4시 36분쯤 공동 식수를 끝낸 뒤 문 대통령과 김정은은 MDL 표식물이 있는 '도보다리'까지 함께 걸어 갔다.
망원렌즈를 통해서 30분 넘게 생중계된 모습에서는 문 대통령이 주로 말을 하고, 김정은이 주로 경청하는 모습이 포착됐다.
김정은은 고개를 끄덕이다가, 때로는 길게 답하는 모습도 보였다.
거리가 멀어서 영상에는 두 사람 목소리는 잡히지 않았고, 새 소리와 바람 소리만 녹음됐다.
산책로 끝에는 두 사람의 대화를 위해 테이블이 설치됐고, 물과 커피, 간단한 디저트류도 마련됐다.
문 대통령은 가끔 커피를 마시는 모습이 보였지만, 김정은은 디저트는 물론 물도 마시지 않고 대화에 집중했다.
두 사람이 대화를 나눈 '도보다리'는 군사 분계선을 표시한 곳까지 목재 데크로 두 정상 간 산책을 위해 새로 만들어졌다.
유엔의 상징 색과 비슷한 하늘색 페인트로 칠해졌다.
두 정상은 도보다리에서 회담장으로 옮겨 오후 회담을 하면서 '판문점 선언'에 관한 최종 합의를 할 예정이다.",58,3973
iks_doc_2018_chosun_020,Chosun 2018 total annotated text file unicode.txt,Chosun Ilbo,조선일보,2018,2018_multi_summit,中 “남북 정상회담 한반도 안정 위한 새 장정 열기 기대“,,"중국 외교부는 27일 “(남북이) 판문점에서의 역사적인 회담을 계기로 한반도 장기 안정의 새롭ㄴ 장정을 열기를 기대한다“고 밝혔다.
화춘잉(華春瑩) 외교부 대변인은 이날 오후 정례 브리핑에서 남북 정상회담에 대한 논평을 요구 받고 “우리 모두는 TV를 통해 오늘 오전 남북 지도자가 판문점 군사 분계선을 넘어 악수를 하는 역사적인 순간을 봤다“며 “남북 정상의 역사적인 첫 걸음에 박수를 보낸다“고 말했다.
화 대변인은 “남북 정상이 보여 준 정치적 결단과 용기를 높이 평가한다“며 “충심으로 이번 회담이 적극적인 성과를 거두기를 바란다“고 덧붙였다.
화 대변인은 '어려움을 겪던 형제도 서로 만나 한 번 웃으면 원한을 다 씻어 버릴 수 있다(度盡劫波兄弟在, 相逢一笑泯恩仇.?도진겁파형제재, 상봉일소민은수)'이라는 중국 대문호 루쉰(魯迅 1881 1936)의 시구를 인용하기도 했다.
중국에서는 관영 CCtv와 신화통신은 물론 바이두 텐센트 인터넷 매체들도 현장 생중계를 내보내는 등 높은 관심을 보였다.
CCtv는 남쪽 군사 분계선 인근 대성동 자유촌을 최근 취재한 보도를 통해 이 마을의 위협은 북으로부터 오는 것이 아니고 젊은이들이 도시로 빠져나가는 데 있다고 전하기도 했다.
중국 네티즌들도 높은 관심을 보였다.
중국판 트위턴 신랑웨이보 등에 링크된 관련 기사에는 “나도 모르게 눈물이 났다““남북이 더 빨리 영구 평화를 실현하기를 기원한다““뒷마당이 안정됐으니 안심하고 중화 민족의 위대한 부흥을 실현하자“등의 댓글이 달렸다.
하지만 “남북통일이 중국에 대한 위협을 키울 것““분열된 반도가 좋은 반도““중국 미국 러시아가 남북이 통일 되도록 하지 않을 것“등의 시각도 보였다.
대만 통일을 기대하는 목소리도 많았다.
“베를린 장벽이 무너지고 3.8선도 모호해졌다.
대만 해협을 넘어 가서 오래 떨어진 아이(대만)가 모친(중국)의 품으로 돌아가도록 하기를 원한다.““양안 통일이 가능해졌다“등이 그것이다.
중국판 카카오톡인 위챗에서도 역사적 순간이라며 문재인 대통령과 김정은 북한 국무위원장이 악수하는 영상과 사진 등을 잇따라 링크했다.",13,1033
iks_doc_2018_chosun_021,Chosun 2018 total annotated text file unicode.txt,Chosun Ilbo,조선일보,2018,2018_multi_summit,금속 탐지기까지 등장한 남북회담 프레스 센터 “총 폭탄 반입 금지“,,"“삐삐~ 양 팔 벌려 주셔요.
스마트폰 바구니에 넣어 주셔요.“27일 경기도 고양시 킨텍스 2018 남북정상회담 프레스 센터 정문.
인천 국제 공항에서 수속을 밟는 것처럼 삼엄한 보안이 눈에 띄었다.
입구에는 높이 2.1m의 금속 탐지기 6대가 설치됐다.
금속 탐지기에는 '일산 경찰서'이라고 쓰인 스티커가 붙어 있었다.
잇어 3명 1개 조로 편성된 경찰은 기자가 메고 온 가방은 물론 주머니 속에 있던 지갑과 스마트폰까지 꼼꼼하게 살펴봤다.
보안 검사를 담당하던 경찰은 “만일에 사태를 대비하기 위해 총기나 폭발물 반입을 살펴보는 것“이라고 말했다.
남북정상회담 프레스 센터에는 전 세계 41개국 360개 언론사에서 온 기자 2850명(26일 기준)이 모였다.
1만 773(약 3259평) 규모의 킨텍스 3 홀이 기자들로 가득 찼다.
세계적으로 주목 받고 있는 남북한 이슌 만큼 수많은 사람들이 몰리면서 안전성 확보도 주요 사안이다.
정부가 프레스 센터 공사를 비공개로 한 것도 이 같은 배경 탓이다.
이날 보안 검사와 현장 경비는 경기북부지방경찰청, 광주지방경찰청, 전북지방경찰청, 부산지방경찰청 등 각 지방청에서 차출된 경비 경찰 360명이 투입됐다.
회담 전날인 어제(26일 220명)보다 140명(63%) 늘었다.
근무는 24시간 비상 대기 체제로 입구 보안 검사를 비롯해 행사장 주변 순찰, 교통 정리 업무도 맡는다.",14,687
iks_doc_2018_chosun_022,Chosun 2018 total annotated text file unicode.txt,Chosun Ilbo,조선일보,2018,2018_multi_summit,이번 행사는 사전에 청와대에 신상 정보와 매체 정보를 담은 취재 지원서를 제출한 뒤 허가된 매체와 기자만이 프레스 센터에 들어갈 수 있다,,"프레스 카드를 받기 위해서는 신분증을 지참한 뒤 행사장 1층 기자 지원 데스크에서 신분 확인 절차를 받아야한다.
현장 등록도 가능하지만 정부로부터 받은 취재 인증서를 지참해야 한다.
프레스 카드를 받은 기자들이 프레스 센터에 들어가기 위해서는 총 3 단계 보안 관문을 통과해야 한다.
먼저 프레스 센터 입구로 걸어 가면 카메라가 사진을 찍어 얼굴을 인식한다.
사전에 등록된 사진과 현장 사진을 비교해, 얼굴이 다를 경우 경고 메시지가 표시된다.
이후 금속 탐지기를 통과해야 하고 소지품은 모두 바구니에 넣어 경찰들의 검사를 받야한다.
이어서 휴대용 금속 탐지기를 가진 경찰이 주머니, 발목, 허벅지, 허리 등 몸 구석구석을 수색한 뒤 이상이 없어야만 통과가 가능했다.
경찰 관계자는 “이번 행사를 위해 특별 보안 교육을 받았고 행사의 안전을 위해 경비 보안 업무에 힘쓰고 있다“며 “물론 힘들지만 국가의 큰 행사에 함께한다는 면에서 보람이 있다“고 말했다.
MB 박근혜도 시청했을까 구치소, 남북정상회담 실시간 방영 11년 만에 개최된 남북정상회담이 구치소 수용자들에게도 실시간으로 중계됐다.
법무부는 27일 오전 전국 교정 시설에서 실시하는 자체 방송을 중단하고 남북정상회담 중계 방송을 긴급 편성해 방영했다고 밝혔다.
법무부 관계자는 “수용자들은 남북정상회담 과정을 관심 있게 지켜 보며 성공적인 남북정상회담 개최를 함께 응원했고, 나아가 평화 통일로 이어지길 기원했다“고 말했다.
박근혜 전 대통령과 이명박 전 대통령이 각각 수감 중인 서울 구치소와 서울 동부 구치소에서도 이날 남북정상회담 중계 방송을 방영했다.
서울 구치소의 한 탈북민 수용자는 “출소가 얼마 남지 않았는데 사회에 나갔을 때 우리 대한민국이 하나가 돼 북에 두고 온 가족을 꼭 만나고 싶다“고 말했다고 법무부는 전했다.
교정 당국은 국가 주요 행사나 전 국민적 관심이 쏠린 스포츠 경기 등을 시설 내에 생방송하고 있다.
박상기 법무부 장관은 “어느 때보다 평화 통일에 대한 국민적 관심이 뜨겁ㄹ 때, 담장 안 수용자도 역사적 순간을 함께 지켜 보며 전 국민적 염원에 힘을 보탤 수 있는 뜻 깊은 시간이 될 수 있도록 하겠다“고 말했다.
남북 정상 만찬에 현송월 탁현민 등 60명 참석 환영 만찬에 북한 노동당 중앙위 인사들도 대거 참석 경제 분야에서 장하성 靑 정책실장, 박용만 상의회장 참석 문재인 대통령과 김정숙 여사는 27일 오후 6시 30분부터 김정은 국무위원장, 부인 리설주와 만찬을 갖는다.
이날 만찬에는 김정은 부부 외에도 평창 올림픽 당시 삼지연관현악단을 이끌고 방남(訪南)했던 현송월 단장 등 26명의 북측 인사와 우리 측 인사 34명이 참석할 예정이다.
청와대 김의견 대변인은 이날 브리핑에서 “김정은 위원장 부부를 포함해 김영남 최고인민위원회 상임 위원장과 김여정 당 중앙 위원회 제1 부부장, 김영철 당 중앙 위원회 부위원장 외에도 현송월 단장 등 총 26명이 만찬에 참석한다“며 “주로 남쪽 방문 경험이 있어 우리와 친숙하거나, 김정은 국무위원장을 가까이 보좌하는 핵심 인물로 구성했다“고 했다.
이날 오전 환영식에 참석한 공식 수행원 9명 중 리명수 총참모장, 박영식 인민 무력상, 리용호 외무상은 북한으로 돌아가 만찬에는 불참한다.
우리 측에서는 문 대통령 내외를 포함한 34명이 만찬에 참석할 예정이다.
더불어민주당 추미애 대표, 우원식 원내 대표와 박지원 민주평화당 의원이 포함됐다.
도종환 문화 체육부 장관, 김현미 국토 교통부 장관, 박용만 대한상공회의소 회장, 정세현 한반도평화포럼 이사장, 이종석 세종연구소 수석 연구원, 문정인 대통령 통일 외교 안보 특보, 청와대 장하성 정책실장, 탁현민 선임 행정관 등도 만찬에 참석한다.
우리 측에서는 최근 평양에서 공연을 했던 가수 조용필씨와 윤도현씨도 만찬 대상에 포함됐다.
북한 측에서는 김영남 최고인민회의 상임 위원장, 리선권 조국평화통일위원회 위원장은 물론 노동당 중앙 위원회 인사들이 대거 만찬 참석자로 이름을 올렸다.
당 중앙위 김영철, 최휘, 리수용 부위원장, 김여정, 김성남 제1 부부장, 한광상 부장, 리택건, 맹경일, 조용원, 권혁봉, 김병호 부부장, 김성혜, 리현, 리명철 실장이 이날 만찬에 참석할 계획이다.
국무 위원회 김창선 부장, 김용남 부부장, 마원춘, 강수 국장, 삼지연관현악단 현송월 단장, 장룡식 지휘자, 차영미 모란복 전자 악단 연주가, 만수대예술단 성악 배우가 만찬 참석자로 이름을 올렸다.
북한 측 공연자로는 삼지연관현악단 소속 김수명 배우, 김성심, 김주향, 송영 성악 배우, 우혜영, 주련옥, 정은경, 여심, 홍윤미 배우, 김광철, 김지향 유술(마술)배우가 이름을 올렸다.
남북정상회담서 종전 논의?...
정전 휴전 종전 차이는 2000, 2007년 잇은 세 번째 南 北 정상회담 한국전쟁 南 빠진 정전 협정 사실상 휴전 전문가들 “北 비핵화 의지 확인해야 진전“2000년과 2007년에 잇은 역사상 세 번째 남북정상회담이 27일 열렸다.
이번 회담의 결과물인 남북 정상 합의문에 북한의 '비핵화 의지'가 명시적으로 담긴다면 평화 협정으로 이어지는 징검다리가 될 것이라는 기대감이 커지고 있다.
지난 18일에는 도널드 트럼프 미국 대통령이 “남북의 종전 논의를 축복한다“고 했다.
문재인 대통령은 20일 “정전 체제를 끝내고 종전 선언을 거쳐 평화 협정의 체결로 가자“고 했다.
정전?휴전?종전? 평화 협정의 의미와 법률적 차이는 무엇일까.
남과 북은 정전(停戰) 상탤까, 휴전(休戰)상탤까.
정전이란 '전쟁 중인 나라들이 서로 합의해 일시적으로 전투를 중단하는 일'을 뜻한다.
교전 당사국들이 정치적 합의를 이루기 어렵ㄴ 경우가 많기 때문에 국제 기구가 개입하는 경우가 많다.
휴전은 '전쟁은 계속되지만 전쟁 당사국의 합의를 통해 적대 행위는 중단하는 상태'를 뜻한다.
전쟁의 종료를 선언하는 종전 협정의 전(前) 단계다.
정전과 휴전 모두 법률적으로 보면 전쟁이 계속되고 있는 것을 의미한다.
1950년 6월 25일 개전(開戰)한 한국전쟁은 1953년 7월 27일 정전 협정을 맺었다.
유엔 군과 조선 인민군, 중국 인민해방군이 협정을 체결했다.
국제법상 평상시 조약 체결에는 당사국 의회 등의 비준이 필요하지만, 전쟁 중 조약 체결은 군사령관의 서명만으로 비준이 완료된 것으로 본다.
한국은 이승만 전 대통령이 정전 협정을 반대했기 때문에 정전 협정의 당사자에 포함되지 않았다.
다만 한국 군이 미군에 절대적으로 의존하는 상태였기 때문에 미군이 정전 협정을 체결한 이상 한국 군에게도 효력이 미친다는 주장이 우세하다.
하지만 한국 군이 당사자로 참여하지 않았기 때문에 법적 효력이 없다는 반론도 있다.
남북한은 20여 년 뒨 1972년 전쟁 이후 첫 남북회담을 갖고 7.4 남북 공동 성명을 발표했다.
7.4 남북 공동 성명은 자주 평화 민족 단결이라는 3 대원칙을 제시했다.
“남북 사이의 긴장 상태를 완화하고 크고 작은 것을 막론하고 무장 도발을 하지 않으며, 불의의 군사적 충돌 사건을 방지하기 위한 적극적인 조치를 취하기로 합의한다“는 내용이 포함됐다.
남과 북이 한 발 더 나아간 것은 1991년이다.
양측은 그해 12월 13일 채택한 '남북 사이의 화해와 불가침 및 교류 협력에 관한 합의서'를 통해 상호 불가침(不可侵)을 합의한다.
1953년 정전 협정을 맺은 뒤 실질적 휴전 상태에 들어가기까지 38년이 걸린 것이다.
그로부터 다시 27년이 지난 2018년, 남과 북은 전쟁을 끝낸다는 합읜 '종전(終戰)협정'의 문턱에 와 있다.
4.27 남북정상회담에서 이에 대한 논의가 이루어질지를 놓고 세계의 관심이 쏠려 있다.
그러나 종전 협정까지는 갈 길이 멀다는 것이 전문가들의 분석이다.
엄밀히 따지면 우리나라는 북한과 정전 협정을 맺은 적이 없기 때문에 다음 단곈 종전 협상의 당사자가 아니라는 반박 때문이다.
반면 남북기본합의서를 근거로 사실상의 휴전 협정이 이루어졌고, 남과 북의 대결 구도였기 때문에 종전 협정의 당사국이 될 수 있다는 주장도 있다.
협정보다 구속력이 약한 종전 선언을 하기 위해서라도 풀어야 할 숙제가 적지 않다.
판문점 공동경비구역(JSA) 관할 경비 부대 파견 및 운영, 비무장 지대(DMZ) 내 경계 초소 운영 등을 담당하는 유엔 군사령부 해체 문제나 주한 미군 철수 등에 대한 논의가 선제적으로 필요하다는 지적이 나온다.
평화 협정에 대한 논의는 그 다음이다.
평화 협정은 전쟁을 종결하고 평화 체제를 구축하기 위해 맺는 것으로 남한과 북한 일 대 일 구도는 물론 미국, 중국 등 다자 간 체결도 가능하다.
지난 1954년 제네바 협정 당시 한국의 재통일을 위한 한반도 평화 협정을 중국이 미국에 제안했으나 미국이 받아들이지 않아 무산됐다.
4.27 남북정상회담의 핵심은 '한반도 비핵화' 관련 합의 수준이다.
두 정상의 비핵화 의지가 합의문에 어느 수준으로 명시되는지에 따라 평화 협정 논의도 급물살을 탈 수 있을 것이라는 분석이다.
임종석 청와대 비서실장은 지난 26일 “(북한의) 뚜렷한 비핵화 의지를 명문화할 수 있다면, 나아가 이것이 한반도에서의 완전한 비핵화라는 뜻을 정확히 확인할 수 있다면 매우 성공적일 것“이라고 했다.
북한의 비핵화 의지가 5월 말 또는 6월 초로 예상되는 북미정상회담을 거쳐 남북 관계 추가 개선으로 연결되는 선순환 구도의 전제 조건이라는 것이다.
최기식 법무부 북한인권기록보존소장은 “선언과 협정 체결 문서화는 북한의 완전한 비핵화가 전제되는 것이 중요하다“며 “이 밖에 북한 일반 주민들의 삶에서 자유권과 생존권이 보장돼야하고 그 상태에서 협정 논의가 이루어져야 남북통일을 향한 실질적인 절차가 진행될 것“이라고 했다.",66,4705
iks_doc_2018_chosun_023,Chosun 2018 total annotated text file unicode.txt,Chosun Ilbo,조선일보,2018,2018_multi_summit,"북한 기자 “정상회담은 세기의 사변, 남북 인민 감격 똑같을 것“",,"문재인 대통령과 김정은 북한 국무위원장의 27일 역사적인 첫 만남이 이루어지기 전 남한 측 기자단과 북한 측 기자단이 서로 담소를 나누는 등 화기애애한 분위기를 연출했다.
남측 취재진은 이날 역사적인 남북정상회담이 열린 판문점에서 양측 정상이 오기 전 대기하고 있던 북한 측 기자에 심경(心境)을 물었다.
북한 측 취재진은 “대단합니다. 이것은 세기의 사변“이라며 “대결이 있었던 공간에서 넘어 오는 모습을 보게 되면 얼ㄴ 속이 뚫어지는 느낌이 될 것 같다“고 말했다.
잇어 남측 기자가 판문점 남측의 회담장인 평화의 집을 배경으로 함께 기념 사진을 찍자고 권유하자 이 기자는 “북남 수뇌께서 계실 곳인데 오시기 전에 이곳을 먼저 밟아서야 되겠냐“며 정중히 사양했다.
이날 남북한 취재진은 판문점 평화의 집 계단 앞에서 남북 정상을 기다리는 동안 긴장된 분위기 속에서도 인사를 하거나 가볍ㄴ 주제로 대화를 나눴다.
또 양측 취재진은 판문점 평화의 집 계단 앞에서 남북 정상을 기다리는 동안 인사를 나누기도 했다.
남측 기자가 “(정상회담 관련) 북측의 분위기는 어떻ㄴ가'라고 묻자 한 북측 기자는 “남북 인민의 감격스럽ㄴ 마음은 모두 다 똑같을 것“이라며 “더구나 2000년과 2007년 이후 11년 만에 북남 수뇌가 회동하시는 것 아닌가.
큰 기대를 갖고 있다“고 말했다.",8,657
iks_doc_2018_chosun_024,Chosun 2018 total annotated text file unicode.txt,Chosun Ilbo,조선일보,2018,2018_multi_summit,김정은 북한 국무위원장의 부인 리설주가 오느냐는 남측 기자의 질문에 이 기자는 “김정숙 여사는 오십니까“라고 되물었다고 한다,,"또 남측 기자의 “북에서도 우리 측 언론과 뉴스를 접할 수 있느냐“는 물음에는 “인터넷으로 남측 언론 뉴스를 볼 수 있다“고 대답했다.
추미애 우원식 박지원, 남북정상회담 만찬 참석 더불어민주당 추미애 대표와 우원식 원내 대표, 민주평화당 박지원 의원이 27일 저녁 남북정상회담 환영 만찬에 참석한다.
더불어민주당 추미애 대표와 우원식 원내 대표, 민주평화당 박지원 의원이 27일 저녁 판문점 평화의 집에서 열리는 남북정상회담 환영 만찬에 참석한다.
이날 민주당 김현 대변인은 “오후 6시 30분경, 평화의 집에서 열리는 남북정상회담 환영 만찬에는 추미애 대표, 우원식 원내 대표도 참석한다“고 밝혔다.
추 대표와 우 원내 대표는 오전 판문점으로 향하는 문 대통령을 배웅하기 위해 청와대에 방문했고, 이 자리에서 만찬에 초대 받은 것으로 알려졌다.
고(故) 김대중 전 대통령의 비서실장 출신인 민주평화당 박지원 의원도 청와대의 초청으로 만찬에 참석 한다.
박 의원은 지난 2000년 문화 관광부 장관 때 특사 자격으로 북측과 접촉해 김대중 전 대통령과 김정일 당시 국방위원장 간 남북정상회담을 성사시키는 데 주요한 역할을 했다.
박 의원은 김 전 대통령과 김정일 당시 국방위원장을 만났다.
김정은의 계산된 '파격'..
文에 월북 제안, '탈북자 연평도 주민' 언급도 “그럼 지금 넘어 가 보는 것이 어떠신가?““대통령께서 초청해 주면 언제라도 청와대에 가겠다.“김정은 북한 국무위원장은 27일 남북정상회담에서 직설적이고 솔직한 발언으로 눈길을 끌었다.
전 세계의 시선을 한 몸에 받은 김정은은 이날 회담 시작부터 '파격'을 선사하며 극적인 장면을 연출했다.
이러한 김정은의 행보는 이번 회담을 통해 자신이 솔직하고 재치 있는 인물이라는 점을 국제 사회에 알리겠다는 계산에서 나온 것으로 보인다.
하지만 북한이 이번 남북정상회담을 TV 생중계하지 않고, 북한 주민들을 상대로는 제한적 내용만 보도한다는 점 때문에 김정은 발언은 '계산된 대남용'이라는 지적도 나온다.",13,987
iks_doc_2018_chosun_025,Chosun 2018 total annotated text file unicode.txt,Chosun Ilbo,조선일보,2018,2018_multi_summit,“지금 넘어 가 보자... 언제라도 청와대에 가겠다“,,"김정은은 이날 판문점 군사 분계선(MDL)에서 문 대통령과의 기념 촬영을 마친 뒤, 문 대통령을 손을 잡고 북측 지역으로 넘어 갔다.
김정은이 남측 지역으로 넘어 온 뒤, 문 대통령은 “나는 언제쯤 넘어 갈 수 있겠나“라고 인사했다.
이에 김정은은 사진 촬영이 끝난 뒤, 문 대통령의 손을 이끌고 “지금 넘어 가 보자“고 했다.
김정은의 제안에 문 대통령은 MDL를 넘어 북쪽 땅을 밟았다.
사전 예정에 없던 동선이었다.
남북 정상이 손을 잡고 군사 분계선을 넘나드는 장면은 이렇게 만들어졌다.
김정은은 또 사열대로 이동하면서 문 대통령이 “오늘 보여 준 전통 의장대는 약식이라 아쉽다.
청와대에 오면 훨씬 좋은 장면을 보여 드릴 수 있다“고 말하자 “대통령께서 초청해 주면 언제라도 청와대에 가겠다“고 했다.
이는 이번 회담에 잇어 2차 정상회담이 이루어질 수 있음을 시사하는 부분이다.
특히 판문점을 넘어 서울까지 갈 의향이 있음을 밝힌 것으로 해석된다.",10,480
iks_doc_2018_chosun_026,Chosun 2018 total annotated text file unicode.txt,Chosun Ilbo,조선일보,2018,2018_multi_summit,"“탈북자, 연평도, 북한 군 포격, 상처“",,"윤영찬 청와대 국민 소통 수석은 이날 정오 브리핑에서 “김정은 위원장이 환담장에서 문 대통령에게 '오면서 보니 실향민, 탈북자, 연평도 주민 등 언제 북한 군 포격이 날아 올까 걱정하는 분들도 오늘 우리 만남에 기대하고 있는 것ㄹ 봤다.
이 기회를 소중히 해서 남북 사이에 상처가 치유되는 계기가 됐으면 좋겠다'고 말했다“고 전했다.
당시 브리핑에서 화자가 정확하게 지칭되지 않아 기자들 사이에선 문 대통령의 발언인지, 김정은의 발언인지를 놓고 의견이 분분했다.
김정은이 '탈북자'와 '연평도 포격'이라는 표현을 쓴 것ㄴ 파격적이기 때문이었다.
이에 대해 청와대 관계자는 “이 부분은 김정은 위원장의 발언으로, 김 위원장이 남측의 언어로 설명한 것“이라고 전했다.
북한에선 탈북자를 '조국을 버린 배신자'로 간주한다.
'탈북자'이라는 표현도 거의 쓰지 않는다.
김정은의 입에서 '연평도 주민 등 북한 군 포격을 걱정하는 분'이라는 표현이 나온 것도 주목할 만하다.
연평도 포격 사건은 2010년 11월 23일 북한이 우리나라 서해 연평도 해병대 기지와 민간인 마을에 해안포와 곡사포 100여 발을 발사한 사건이다.
이날 포격으로 해병 2명이 사망하고, 16명이 중경상을 입었다.
민간인도 2명이 사망하고, 10명이 다쳤다.
김정은이 이토록 민감한 사건을 언급하며 “상처를 치유하자“고 한 것이다.
김정은의 이 같은 발언은 '과거를 털고 가겠다'는 자신의 통 큰 면모를 남한 측에 보여 주기 위한 것으로 분석된다.
특히 북한 최고 지도자의 이 같은 메시지는 통제돼 내부엔 알려지지 않는다.
앞서 김정은의 부친인 김정일 국방위원장도 2000년 김대중 대통령과의 남북정상회담에서 “남쪽 TV를 어제 늦게까지 봤다.
실향민이나 탈북자에 대한 소개도 봤고 실제 우는 장면도 TV에 나왔다“고 말했으나 이 발언은 북한 내부엔 보도되지 않은 것으로 알려졌다.
이와 관련, 한 관계자는 “김정일 위원장도 과거 회담 때 남측 기자들을 상대로 이런 류의 발언을 한 적이 있다“면서 “하지만 북한 주민들에게는 이런 발언이 전달되지 않고, 보도도 철저히 통제된다“고 했다.
이번 김정은의 파격 발언도 대남용일 가능성이 높다.
“우리 교통이 불비해...
북 오면 민망할 수도“김정은은 이날 정상회담 사전 환담에서 북한의 열악한 교통 시설을 언급했다.
문 대통령이 북측을 통해 백두산을 가고 싶다고 하자, 김정은은 “문 대통령이 오시면 솔직히 걱정스럽ㄴ 것이 우리 교통이 불비해서 불편을 드릴 것 같다“며 “평창 올림픽 갔다 온 분이 말하는데 평창 고속 열차가 다 좋다고 하더라, 남측의 이런 환경에 있다가 북에 오면 참 민망스럽ㄹ 수 있겠다“고 했다.
북한에선 체제의 열악함를 인정하는 것ㄹ 금기시한다.
하지만 이러한 동향은 김정은 체제 들어 조금씩 깨지고 있다.
'경제 강국 건설'을 지향하는 김정은은 산업 시설 시찰 등에서 부족함를 발견하면 즉각적인 개선을 주문해 왔다.
김정은은 지난해 조선중앙 TV로 중계된 육성 신년사에서 “언제나 늘 마음뿐이었고 능력이 따라 서지 못하는 안타까움과 자책 속에 한 해를 보냈다“며 자신의 부족함를 인정하는 발언을 하기도 했다.
김정은은 최근 황해북도에서 발생한 중국인 관광객 교통 사고와 관련해, '속죄'이라는 표현이 담긴 위로 전문을 보내기도 했다.
남북, 정상회담 합의문 조율 중... 오후 5~6시경 공개될 듯 청와대 “합의문 서명식 공동 발표 후 만찬“남북은 27일 오후 문재인 대통령과 김정은 북한 국무위원장 정상회담 합의 사항을 담은 합의문 실무 조율에 들어갔다.
합의문은 이날 오후 5~6시경에 공개될 것으로 보인다.
김의겸 청와대 대변인은 이날 오후 경기도 고양 킨텍스 프레스 센터 브리핑에서 “오후에는 (일정에) 공동 기념 식수가 있고, 이어서 도보다리 산책, 오후 회담이 들어가 있다.
오후 회담을 마친 뒤에, (합의문) 서명식과 공동 발표가 있을 예정“이라며 “만찬은 그 직후에 이어진다“고 말했다.
앞서 윤영찬 청와대 국민 소통 수석도 이날 오후 경기도 파주 판문점 프레스 센터 브리핑에서 “양측은 공동 선언 작성을 위한 실무 협의를 계속하기로 했고, 선언문이 나올 경우에는 양 정상이 서명식을 갖고 이를 공동 발표할 예정“이라고 전했다.
'판문점 선언문'에는 한반도 비핵화 문제, 항구적 평화 정착 문제, 남북 관계의 발전 방향 등에 대한 내용이 담길 것으로 예상된다.
윤 수석은 “양 정상은 이 회담에서 한반도 비핵화와 항구적 평화 정착, 남북 관계의 발전 방향에 대해 시종일관 진지하고 솔직한 대화를 나눴다“고 전했다.
정부는 이날 오후 4.27 남북정상회담 오후 일정의 첫 행산 기념 식수 시작 시간을 오후 4시 30분으로, 김정은의 부인 리설주 여사의 판문점 도착 시간을 오후 6시 15분으로 각각 공지했다.
정부가 공지한 기념 식수와 리설주 도착이라는 두 가지 행사 사이에는 1시간 45분이라는 시간 여유가 있다.
앞서 정부는 남북 정상 간 기념 식수 이후에 판문점 '도보다리' 산책, 오후 회담, 환영 만찬, 환송 행사 등을 진행할 계획이라고 밝힌 바 있다.
이 때문에 문 대통령과 김정은의 도보다리 산책 이후 일정으로 예정돼 있던 '오후 회담' 일정은 '논의'보다는 '발표'를 위한 행사가 될 가능성이 높아졌다.
실제 문 대통령과 김정은은 이날 오전 11시 55분경 회담 종료 직전 구체적 논의를 완전히 마친 듯한 마무리 발언을 했다.
문 대통령은 “오늘 좋은 논의를 많이 이뤄서 아주 우리 남북의 국민들에게, 전 세계 사람들에게 아주 선물이 사람 될 것 같다“고 했고, 김정은은 “오늘 첫 만남과 이야기된 것이 발표되면 기대하셨던 분들에게 조금이나마 기대를 만족을 드렸으면 한다“고 말했다.
또 김정은은 “우리 도로라는 것이 불편하다.
비행기로 오시면 제일 편안하다.
공항에서 영접 의식을 하면 잘 될 것 같다“며 문 대통령을 북한으로 초청하기도 했다.
이에 문 대통령은 방북 자체는 수락하면서도 이날 추가 논의는 없다는 듯 “그 정도는 닥쳐서 논의하는 맛도 있어야 한다“고 답했다.
김여정, 오빠 김정은 밀착 수행 “정권 2인자“27일 열린 남북 정상회담에서 김정은 북한 국무위원장의 여동생 김여정 당 중앙 위원회 제1 부부장에게도 외신의 관심이 집중됐다.
김여정은 오빠 김정은을 밀착 수행했다.
김여정은 김정은과 문재인 대통령의 오전 정상회담에 배석하며 존재감을 과시했다.
CNN는 “올 2월 평창 동계 올림픽 때 북한 대표단의 얼굴이 됐던 김여정이 한국에 돌아왔다“며 “김여정이 역사적 정상회담의 중심 인물이 된 듯하다“고 전했다.
김여정은 평창올림픽 개막 전 김정은 특사로 한국을 방문해 문 대통령에게 김정은의 친서를 전달했다.
김여정은 이날 오전 10시 15분부터 판문점 남측 지역인 평화의 집에서 시작된 정상회담에서 김정은의 옆에 앉았다.
남측에선 문재인 대통령과 임종석 대통령 비서실장, 서훈 국가정보원장이, 북측에선 김정은과 김영철 당 중앙위 부위원장, 김여정이 참석했다.
김여정은 이날 가까이에서 김정은을 보좌했다.
김여정은 화동이 김정은에게 선물한 꽃다발을 건네받았고 문 대통령과 김정은이 사열을 마치고 평화의 집으로 이동할 때 김영철과 함께 레드 카펫 위로 그 뒤를 따랐다.
회담에 앞서 김정은이 평화의 집 1층에서 방명록을 작성할 때 김여정이 직접 펜을 건네 주기도 했다.",53,3555
iks_doc_2018_chosun_027,Chosun 2018 total annotated text file unicode.txt,Chosun Ilbo,조선일보,2018,2018_multi_summit,"태영호 “김정은, 남북 미북 정상회담서 핵보유국 인정 받기 원해“",,"태영호 전 영국 주재 북한 공사는 27일 김정은 북한 노동당 위원장이 문재인 대통령과 도널드 트럼프 미국 대통령과의 정상회담을 통해 새 핵보유국 지도자로 인정 받기를 원한다고 밝혔다.
태 전 공사는 이날 CNN와의 인터뷰에서 “북한 정부가 주민들에게 선전하는 내용은 (우리가 생각하는 것과) 사뭇 다르다“며 이 같이 밝혔다.
태 전 공사는 “북한 정부는 두 정상회담으로 조성된 평화 무드를 북한의 핵무기 개발 완성으로 인한 결과로 선전하고 있다“며 “한국과 북한이 남북 정상회담 개최진 판문점을 바라보는 시각만 봐도 이를 알ㄹ 수 있다“고 했다.
그는 “북한과 남한은 판문점이라는 특별한 지역을 두고 꽤 다른 해석을 내놓고 있다“며 “한국은 판문점을 한국 전쟁을 끝낸 평화의 상징으로 보고 북한은 이곳을 미국이 항복 서명을 한 승리의 상징으로 본다“고 강조했다.
정상회담 후 북한의 행보에 대해서는 “김정은이 핵보유국 지도자로 환영 받았다고 해석해 주민들에게 전달할 것“이라고 내다봤다.
CNN는 “김여정은 참석자 중 유일한 여성으로서 김정은이 하는 말을 부지런히 받아 적었다“며 “관심을 끌려는 행동을 하지 않았는데도 중요한 인물로 보였다“고 평했다.
워싱턴포스트는 “김정은이 여동생에게 정상회담 테이블에 자리를 내 줬다“며 “김여정은 2월 평창올림픽 때 김씨 일가에서 처음으로 한국을 방문한 후 김정은 정권에서 김정은 다음으로 가장 눈에 띄는 인물로 부상했다“고 평했다.
北 리설주, 오후 6시 15분 판문점 도착... 환담 환영 만찬 참석 북한 김정은 국무위원장 부인 리설주 여사는 27일 오후 6시 15분에 판문점에 도착해 역사상 최초의 남북 정상 부부 동반 일정이 진행될 예정이다.
윤영찬 청와대 국민 소통 수석은 이날 오후 경기도 파주 판문점 프레스 센터 브리핑에서 “김 위원장의 부인 리설주는 오후 6시 15분경 판문점에 도착한다“며 “문재인 대통령과 김정숙 여사, 김정은과 리설주는 평화의 집에서 잠시 환담한 뒤 만찬에 참석할 예정“이라고 말했다.
또 윤 수석은 “문 대통령과 김 위원장은 오전 10시 15분부터 11시 55분까지 100분 간 정상회담했다“며 “양 정상은 이 회담에서 한반도 비핵화와 항구적 평화 정착, 남북 관계의 발전 방향에 대해 시종일관 진지하고 솔직한 대화를 나눴다“고 말했다.
잇어 “양측은 공동 선언 작성을 위한 실무 협의를 계속하기로 했고, 선언문이 나올 경우에는 양 정상이 서명식을 갖고 이를 공동 발표할 예정“고 말했다.
AP도 “김여정이 정상회담 테이블에서 눈에 띄는 자리를 차지했다“며 “김정은의 최측근이자 김정은 정권의 2인자로 공식적 역할을 강화했다“고 전했다.
이날 회담 중 문 대통령은 김여정을 가리키며 “김여정 부부장이 남쪽에서 스타가 됐다“고 말했다.
웃음이 터진 중에 김여정의 얼굴은 빨개졌다.
“4.27 남북회담은 사기 극“
보수 단체, 임진각 등 서울 곳곳서 반대 집회 남북정상회담이 열린 27일 경기 파주시 임진각 등에선 보수 단체 회원들의 정상회담 반대 시위가 열렸다.
국가 비상 대책 위원회, 문재인 퇴진 행동 본부, 일파 만파, 태극기 행동 본부, 나라 지킴이 고교 연합 등 보수 단체 회원 300여 명은 낮 12시 경기도 파주시 임진각 교차로 앞 공원에 모여 “남북회담은 평화 위장 대사기 극“이라며 시위했다.
참가자들은 태극기와 성조기를 양 손에 쥐고 있었다.
일부 회원은 '국민을 속이고 나라 팔아 먹는 회담 반대한다' '월남을 패망으로 이끌ㄴ 평화 협정 반대' '북핵 거짓 25년 비핵화 즉각 실행' '드루킹 게이트 몸통은 회담 자격 없다' 같은 손 팻말을 들고 집회에 참가했다.
이 밖에도 '연방제와 한반도 기는 북한의 대남 적화 통일 수단' '베트남식 공산 통일 문재인의 4.27 속셈이다' '자유도 인권도 없는 살인 독재 체제와 평화?' '위장 평화 반대한다 4.27 남북회담 원천 무효' '문 김 판문점 회담 평화 위장 대사기 극'이라는 문구가 적힌 플래카드도 내걸렸다.
북과 아쟁 등도 등장했다.
집회 사회자는 “정치 체제가 비슷할 때라야 평화가 가능하다“며 “독재 체제와 자유 민주주의 체제 간에는 평화를 이룰 수 없다“고 말했다.
이들은 시국 선언문에서 “김정은은 핵과 미사일 등 대량 살상 무기를 개발해 인류 평화를 유린하고 북한 2500 만 인민들을 억압 통치하는 인권 유린의 독재자“라며 “신뢰할 수 없는 남북의 두 사람이 자유 대한민국과 한미 동맹의 미래를 논하는 것부터가 어불성설“이라고 했다.
그러면서 “두 정상이 제시하는 어떠한 평화적 제스처도 베트남식 한반도 적화 통일 기도의 일환이라고 의심한다“면서 “곧 있을 미북정상회담에서 트럼프 미국 대통령님께서 현재 추진하고 있는 북한의 '완전하고 검증 가능하며 되돌릴 수 없는 핵 폐기'의 원칙을 전적으로 지지한다“고 말했다.
신소걸 목사는 “종전 선언은 북한이 미군을 몰아내려는 속임수다.
월남 패망도 미군이 떠나면서였다“고 했다.
인공기와 한반도 기가 그려진 종이 2장을 태우는 퍼포먼스도 나왔다.
봉고차 위에 올라가 있던 집회 사회자는 “국민을 속이는 남북 정상회담을 반대한다는 퍼포먼스를 하겠다“며 양복 안주머니에서 종이 2장을 꺼냈다.
한 면에는 김일성 김정일의 사진이 담긴 북한 인공기가 있었고 뒷면에는 한반도 기 위에 '한반도 기는 대남 적화를 위한 깃발'이라는 문구가 쓰여 있었다.
종이에 불이 붙자 집회 참가자들 사이에서는 “더 해도 된다““김정은 죽어라“같은 구호가 터져 나 왔다.
집회 분위기가 끌어오르자 경찰은 경력 40여 명을 투입해 봉고차 주변을 감쌌다.
서울 관악구에서 온 이영희(여 62)씨는 “핵을 즉각 폐기한다는 결과를 가져오지 못하면 이번 회담은 아무렇ㄴ 의미가 없다“면서 “우리가 살면 얼마나 살겠나.
아들 딸들이 핵 걱정 없는 세상에 살게 하기 위해서라도 이번 회담이 잘 됐으면 좋겠다“고 했다.
최원규(74)씨는 “살인마 김정은의 목숨줄인 핵을 내 놓으라는 확약을 받아 올 수 있겠느냐“면서 “그동안 약속 해 놓고 말을 손바닥 뒤집듯 해 온 것은 북한“이라고 했다.
이날 집회 식순에는 박근혜 전 대통령과 도널드 트럼프 미국 대통령에 대한 경례도 포함됐다.
참가자들은 사회자의 진행에 따라 애국가를 부른 뒤, 박 전 대통령과 트럼프 대통령의 사진에 거수경례했다.
경기 고양시에서 온 박순희(여 69)씨는 “핵을 쥐고 쇼하는 김정은보다 박 전 대통령과 트럼프 대통령을 더 믿고 지지한다“고 했다.
'친미(親美)' 국가로 알려진 이스라엘의 국기를 들ㄴ 이들도 있었다.
이재호(62)씨는 “이스라엘과 미국이 동맹 국가고, 우리도 미국과 동맹국“이라면서 “이스라엘은 한국전쟁 때도 군대를 보내 우리를 지켜 줬다.
'한/미/이' 삼국은 혈맹“이라고 말했다.
서울 강남에서 온 유재근(72)씨는 “이스라엘은 미국의 도움을 받아 중동 국가에 둘러싸여 있지만 나라를 지키고 있다“며 “한국도 북한과 중국의 위협으로부터 안전하기 위해서는 미국과 친하게 지내야 한다“고 말했다.
이날 남북정상회담 프레스 센터가 있는 경기도 고양시 킨텍스 전시장 주변에선 1인 시위가 열렸다.
권재구(68)씨는 문 대통령과 김정은이 악수하는 사진과 'It is not peace.
It is the short cut to hell(이것은 평화가 아니다.
지옥으로 가는 지름길이다)'이라는 말이 적힌 피켓을 들고 있었다.
외신 기자들을 겨냥해 영어로 글씨를 적었다고 했다.
권씨는 “북한이 앞으로는 평화를 앞세우면서 뒤로는 연평 해전 등 도발을 계속해 왔지 않느냐“며 “북한이 핵을 폐기하는 것이 아니라 포기한다는 것은 언제든지 다시 쏠 수도 있다는 말 아니냐, 김정은의 농간에 속으면 안 된다“고 말했다.
이와 함께 엄마부대는 이날 오후 2시 서울 종로구 광화문 KT 빌딩 앞에서 정전 협정 반대 집회를 열ㄴ다.
같은 시각 애국시민연합은 여의도 더불어민주당 당사 앞에서 정상회담 개최 규탄 집회를 벌인다.",49,3841
iks_doc_2018_chosun_028,Chosun 2018 total annotated text file unicode.txt,Chosun Ilbo,조선일보,2018,2018_multi_summit,"日, 정상회담 당일까지 “독도 디저트 매우 불필요“",,"고노 다로(河野太?사진) 일본 외무상은 남북 정상회담이 열린 27일에도 정상회담 만찬 메뉴로 독도가 그려진 디저트가 등장하는 데 대해 “매우 불필요하다“는 입장을 재차 강조했다.
앞서 일본 정부는 지난 24일에도 유감을 표하며 한국 정부가 독도 지도가 그려진 디저트를 만찬에 내놓지 말아야 한다고 주장했다.
교도통신 등 일본 언론에 따르면, 고노 외무상은 이날 남북 정상회담이 시작된 직후 논평을 내놓으면서 '독도 디저트'와 관련해 불쾌감을 표시한 것으로 전해졌다.
그는 그러면서도 남북 정상회담에 대해서는 “남북 정상회담이 실현된 것은 한국 정부의 공헌과 노력이 매우 컸기 때문에, 경의를 표하고 싶다“며 “외무성이 이미 한국 쪽에 말했지만, 오늘은 비핵화를 포함해 여러 가지 것이 정상회담에서 논의되기 때문에 상황을 착실히 지켜 보고 싶다“고 했다.
이날 후쿠이 데리 영토 담당상도 고노 외무상과 마찬가지로 “다케시마(독도)는 역사적으로도 국제법상으로도 일본의 영토며 매우 유감“이라면서 “일본의 입장을 이해시키기 위해 소통을 강화하겠다“는 입장을 내 놨다.
일본 정부가 문제 삼는 메뉴는 '민족의 봄'이라는 이름이 붙은 망고 무스 디저트다.
이 망고 무스 위에 놓여진 한반도 기엔 독도가 그려져 있다.
봄 꽃으로 장식한 망고 무스 위에 한반도 기를 놓아 단합된 한 민족을 표현하고 반목을 넘어 남북이 하나 됨를 형상화했다는 것이 청와대 측의 설명이다.
남북 정상, 오후 4시 30분 '기념 식수' 행사 예정 문재인 대통령과 김정은 북한 국무위원장은 27일 오후 4시 30분부터 '기념 식수' 행사를 진행할 예정이다.
김정은은 이날 오전 회담을 마치고 북한으로 돌아간 상태다.
문 대통령과 김정은은 이날 따로 오찬 및 휴식을 위한 시간을 갖고, 회담 전략을 정비 중인 것으로 보인다.
양측은 이날 오후 4시 30분 고 정주영 현대그룹 명예 회장의 소 떼 방북 경로로 쓰인 판문점 군사정전위원회 건물 동편 공터의 '소떼길' 위에 1953년생 소나무를 함께 심는 기념 식수 행사로 오후 일정을 시작할 예정이다.
이후에는 문 대통령과 김정은이 배석자 없이 '도보다리'를 산책한 뒤, 오후 정상회담, 환영 만찬, 환송 행사 등이 예정돼 있다.",13,1085
iks_doc_2018_chosun_029,Chosun 2018 total annotated text file unicode.txt,Chosun Ilbo,조선일보,2018,2018_multi_summit,文 “北 통해 백두산 가고 싶다“,金 “교통 불편해 민망하다“,"문재인 대통령과 김정은 북한 국무위원장은 27일 오전 9시 30분 첫 만남을 가진 뒤 2시간 30분 가량 대화를 나눴다.
문 대통령은 이날 의장대의 사열을 받으며 김정은에게 “청와대에 오면 훨씬 좋은 장면을 보여 줄 수 있다“고 했고, 김정은은 “대통령이 초청해 주시면 언제라도 청와대에 가겠다“고 답했다.
김정은은 이날 평화의 집 환담장에서 “문 대통령이 우리 때문에 NSC(국가안전보장 회의)를 새벽에 여느라 수고하셨고 습관이 되셨겠다“며 “새벽 잠을 설치지 않게 내가 확인하겠다“고도 했다.
다음은 문 대통령과 김정은의 대화를 재구성한 내용.
문재인 대통령(이하 문): 남측으로 오셨는데, 저는 언제쯤 넘어 갈 수 있겠느냐?",5,352
iks_doc_2018_chosun_030,Chosun 2018 total annotated text file unicode.txt,Chosun Ilbo,조선일보,2018,2018_multi_summit,김정은(이하 김): 그럼 지금 넘어 가 보는 것이 어떠신가?(문 대통령의 손을 이끌고 MDL를 넘어 갔다 옴),,"전통 의장대 사열 문: 외국 사람들도 우리 전통 의장대를 좋아한다.
그런데 오늘 보여 준 전통 의장대는 약식이라 아쉽다.
청와대에 오면 훨씬 좋은 장면을 보여 드릴 수 있다.
김: 아 그렇ㄴ가.
대통령께서 초청해 주면 언제라도 청와대에 가겠다.
의장대 사열 후 수행원과의 만남 김: 오늘 이 자리에 왔다가 사열이 끝나고 바로 돌아가야 하는 분들이 있다.",6,197
iks_doc_2018_chosun_031,Chosun 2018 total annotated text file unicode.txt,Chosun Ilbo,조선일보,2018,2018_multi_summit,문: 그러면 가기 전에 남북 공식 수행원이 기념으로 사진을 함께 찍었으면 좋겠다.(청와대는 이후 예정에 없었던 포토 타임을 가졌다고 설명),,"평화의 집 로비 김: (로비에 걸린 민정기 화백의 '북한산' 그림을 보며) 이것ㄴ 어떤 기법으로 그런 것인가.
문: 서양환데, 우리 동양적 기법으로 그런 것이다.
사전 환담 문: (환담장 뒷벽에 걸린 김중만 작가의 '훈민정음' 소개하며) 이 작품은 세종 대왕이 만들ㄴ 훈민정음의 글씨를 작업한 것이다.
이것을 보면 '서로 사맛디'는 서로 통한다는 뜻이고 글자에 'ㅁ'이 들어가 있다.
'맹가노니'는 만들다는 뜻이다.
거기에 'ㄱ'을 특별히 표시했다.
서로 통하게 만들ㄴ다는 뜻이다.
사맛디의 'ㅁ'은 문재인의 미음, 맹가노니의 'ㄱ'은 김정은의 'ㄱ'이다.
김: 세부에까지 마음을 썼다.
문: 여기까지 어떻게 오셨나?
김: 새벽에 차를 이용해 개성을 거쳐 왔다.
대통령께서도 아침 일찍 출발했겠다.
문: 난 불과 52㎞ 떨어져 있어 한 시간 정도 걸렸다 김: 대통령께서 우리 때문에 NSC 참석하느라 새벽 잠 많이 설쳤다는데, 새벽에 일어나는 것이 습관이 됐겠다.
문: 우리 특사단이 갔을 때, 선제적으로 말씀해 줘서 앞으로 발 뻗고 자겠다.
김: 대통령이 새벽 잠 설치지 않도록 내가 확인하겠다.
불과 200m 오면서 왜 이리 멀어 보였을까. 또 왜 이리 어려웠을까 생각했다.
원래 평양에서 대통령을 만날 줄 알았는데 여기서 만난 것이 더 잘됐다.
대결의 상징인 장소에서 많은 사람이 기대를 갖고 보고 있다.
오면서 보니 실향민, 탈북자, 연평도 주민 등 언제 북한 군 포격이 날아 올까 걱정하는 분들도 오늘 우리 만남에 기대하고 있는 것ㄹ 봤다.
(청와대 관계자는 “이 부분은 김정은 위원장의 발언으로, 김 위원장이 남측의 언어로 설명한 것“이라고 전했다.) 이 기회를 소중히 해서 남북 상처가 치유되는 계기가 됐으면 한다.
군사 분계선이 높지도 않은데 많은 사람이 밟고 지나다니다 보면 없어지지 않겠나.
문: 도로변에서 많은 주민이 환송해 줬다.
그만큼 우리 만남에 대한 기대가 크다.
대성동 주민들도 나와서 사진 찍었다.
우리 어깨가 무겁다.
오늘 판문점을 시작으로 서울과 평양, 제주도와 백두산으로 만남이 이어졌으면 한다.
문: (장백폭포와 성산 일출봉 그림을 가리키면서) 왼쪽에는 장백 폭포, 오른쪽에는 성산 일출봉 사진이 있다.
김: 나보다 백두산에 대해 더 잘 아는 것 같다.
문: 백두산에 가 본 적이 없다.
중국 쪽으로 백두산 가는 사람이 많다.
나는 북측을 통해서 꼭 백두산에 가 보고 싶다.
김: 대통령이 오면 솔직히 걱정되는 것이 우리 교통이 불비해 불편을 드릴 것 같다.
평창올림픽 다녀온 사람들이 말하는데 평창행 고속 열차가 좋다고 하더라.
남측의 이런 환경에 있다가 북측에 오면 참으로 민망할 수 있겠다.
우리도 준비해서 편하게 올 수 있도록 하겠다.
문: 앞으로 북쪽으로 철도 연결되면 모두가 고속 철도 이용할 수 있다.
이런 것이 6.15, 10.4 합의서에 쓰여 있는데 10년 동안 실천되지 못하았다.
남북 관계가 달라져 그 맥이 끊긴 것이 한스럽다.
김 위원장이 힘써 10년 만에 혈맥을 잇게 됐다.
김: 기대가 큰 만큼 회의적인 시각도 있다.
큰 합의를 해 놓고 10년 동안 실천하지 못하았다.
오늘 만남도 제대로 실천이 되겠냐는 회의적인 시각이 있다.
짧은 거리 오면서 정말 11년이나 걸렸나 생각했다.
11년 동안 못 한 것ㄹ 100여 일 동안 달려 왔다.
굳게 손 잡고 가면 지금보다 나빠질 수 있겠느냐고 생각했다.
김: 여기서 만나면 불편하지 않을까 했는데, 친서와 특사단을 통해 대화를 해 보니 마음이 편했다.
서로 간 신뢰와 믿음이 중요하다.",47,1730
iks_doc_2018_chosun_032,Chosun 2018 total annotated text file unicode.txt,Chosun Ilbo,조선일보,2018,2018_multi_summit,"문: (김여정 가리키며) 김여정 부부장이 남쪽에서 스타가 됐다. (일동 웃음, 김여정 얼굴 빨개짐)",,"문: 오늘 주인공은 김 위원장과 나다.
과거 실패를 거울 삼아 잘할 것이다.
과거엔 정권 중간이나 말에 합의가 이루어져, 정권이 바뀌면서 실천이 안 됐다.
나는 1년 차다.
앞으로 속도를 유지했으면 좋겠다.
김: 김여정이 속한 부서에서 '만리마 속도전'이라는 말을 만들었다.",6,153
iks_doc_2018_chosun_033,Chosun 2018 total annotated text file unicode.txt,Chosun Ilbo,조선일보,2018,2018_multi_summit,이것ㄹ 남과 북의 통일의 속도로 삼자고 했다. (일동 웃음),,"임종석 대통령 비서실장: 살얼음에 안 빠지려면 속도를 늦춰선 안 된다는 말이 있다.
문: 과거 되돌아 봤을 때, 중요한 것ㄴ 속도다.
김 위원장 이제 자주 만나자.
마음을 단단히 먹고 원점 오는 일이 없도록 해야한다.
기대 부응해 좋은 세상 만들자.
앞으로 우리도 잘하겠다.
북측에 큰 사고 있었다고 들었다.
수습하느라 고생이 많았다.
김 위원장이 직접 나서 병원에 가 위로하고, 특별 열차를 배려했다고 들었다.
김: 대결의 역사 종지부 찍자고 왔고 우리 사이에 걸린 문제에 대해 대통령과 무릎을 맞대고 풀려고 왔다.
꼭 좋은 앞 날이 올 것이라 확신하게 됐다.
문: 한반도 문제는 우리가 주인이다.
그러면서도 세계와 함께 가는 우리 민족이 될 것이다.
우리가 이끌고 주변국이 따라올 수 있게 해야 한다.
오전 회담 후 마무리 발언 김: 내가 말씀 드리자면, 고저 비행기로 오시면 제일 편안하시니까, 우리 도로라는 것이, 아까도 말씀 드렸지만 불편합니다.
제가 오늘 내려와 보니까 이제 오시면 이제 공항에서 영접 의식을 하고 이렇게 하면 잘 될 것 같습니다.
문: (웃음) 그 정도는 또 닥쳐서 논의하는 맛도 있어야지요.
(웃음) 김: (웃음) 오늘 여기서 다음 계획까지 다 할 필요는 없지요.
문: 아주 오늘 좋은 논의를 많이 이뤄서 아주 우리 남북의 국민들에게, 전 세계 사람들에게 아주 선물이 사람 될 것 같습니다.
김: 많이 기대하셨던 분들한테 물론 이제 시작에, 빙산의 일각에 지나지 않겠지만, 우리 오늘 첫 만남과 오늘 이야기된 것이 발표되고 하면 기대하셨던 분들이 조금이나마 기대를 만족을 드렸으면 하는 바람입니다.
문: 감사합니다.
김: 감사합니다.",22,819
iks_doc_2018_chosun_034,Chosun 2018 total annotated text file unicode.txt,Chosun Ilbo,조선일보,2018,2018_multi_summit,천안함 폭침 사과도 못 받았는데 백령도 그림 앞에서 만찬 예정,,"남북 정상회담이 열리는 판문점 평화의 집 3층 연회장에 백령도의 두무진과 북한 땅인 장산곶을 소재로 한 미술 작품이 걸렸다.
백령도 앞 바다는 2007년 남북정상회담 당시 김정은 국방위원장이 노무현 전 대통령에게 공동 어로 수역을 만들자고 제안하면서 'NLL(북방 한계선) 포기' 논란을 가져온 지역인 데다 두 차례의 연평 해전, 천안함 폭침 사건 등이 있었던 곳이다.
청와대는 “서해를 평화의 보금자리로 만들고자 하는 의미“라고 설명했다.
하지만 공동 어로 수역 평화 수역 조성 문제가 정상회담에서 거론되면 NLL 포기 논란이 재점화될 가능성이 있는 데다, 천안함 폭침에 대해 사과도 받지 못한 상황이어서 논란이 예상된다.
판문점 평화의 집 3층 연회장은 파티션을 쳐서 두 개의 공간으로 나눴다.
오찬에는 우리 측만 참석하지만 김정은 국무위원장을 포함한 북측 대표단이 참석하는 만찬 때는 공간을 터서 한 쪽에서 공연도 할 것으로 예상된다.
연회장 안 단상에는 피아노와 가야금, 드럼 등의 악기가 준비돼 있으며 가야금에는 '은방울'이라는 상표가 붙어 있어 남북 합동 공연이 될 것으로 전망된다.
헤드 테이블 뒤에는 신태수 작가의 '두무진에서 장산곶'이 걸렸다.
가로 430, 세로 130 한지에 먹으로 그린 작품으로 북한과 마주한 서해 최북단 백령도 해안가를 묘사했다.
신 작가는 백령도 연평도 등 서해 5도를 비롯해 서해 여러 섬의 풍광을 화폭에 즐겨 담은 것으로 알려졌다.
특히 신 작가는 백령도 평화 예술 프로젝트를 통해 2012년부터 3년 동안 백령도를 오가며 다양한 작품을 남겼다.
청와대 관계자는 이 작품을 선정한 이유로 “북한과 마주하고 있는 서해의 최전방 백령도에서 분쟁의 상징이었던 서해를 평화의 보금자리로 만들고자 하는 의도로 선정했다“고 설명했다.
두무진과 장산곶 앞 바다는 지난 2007년 남북 정상회담 당시 김정일이 '서해 공동 어로 수역'을 제안하면서 NLL 포기 논란이 있었던 곳이다.
이재정 전 통일부 장관은 27일 CBS 김현정의뉴스쇼에서 “김정일이 먼저 서해를 평화 수역으로 하자며 공동 어로 구역을 제안했다“며 “그 곳을 군대가 아닌 경찰이 지키도록 하자고도 먼저 말했다“고 전했다.
국정원이 2013년 6월 공개한 정상회담 대화록에서도 김정일은 “우리가 주장하는 군사 경계/ 선(해상 분계 선), 또 남측이 주장하는 북방 한계선(NLL), 이것 사이에 있는 수역을 공동 어로 구역 아니면 평화 수역으로 설정하면 어떻겠나“라고 한 것으로 전해졌다.
북의 해상 분계 선은 NLL보다 훨씬 남쪽에 그어져 있기 때문에 공동 어로 구역을 NLL 남쪽에 설정하자는 것으로 풀이됐다.
이번 정상회담에서도 서해 공동 어로 구역 평화 수역 설정이 의제로 오르면 'NLL 포기' 논란이 다시 일어날 가능성이 크다.
또 서해 5도는 두 차례의 연평 해전과 천안함 폭침이 있었던 곳이다.
민군합동조사단 조사 결과 천안함 폭침이 북한 정찰총국의 소행인 것으로 밝혀지면서, 당시 정찰총국장이었던 김영철이 천안함 폭침의 주범으로 지목됐다.
최근 통일부는 ""천안함 폭침을 명백한 북한의 군사적 도발로 간주한다“면서도 “김영철이 천안함 공격을 주도했다고 단언하기는 어렵다“는 입장을 밝힌 바 있다.
국방부도 “그 당시 (김영철이 주범일)가능성이 있다고 얘기한 것이고 공식 결론을 내린 것은 아니다“라고 밝힌 바 있다.
혼게이자이 “김정은 일정 지킨 것 놀랍다 서프라이즈 연출도“일본 니혼게이자이신문은 27일 남북 정상회담을 위해 판문점에 온 김정은 북한 국무위원장이 한국 측이 미리 발표 한 일정을 거의 지킨 것은 이례적이라고 평했다.
이 신문은 김정은이 이날 오전 예정된 9시 30 분 전에 모습을 드러내고 일정에 따라 도보로 회담 장손 남측 평화의 집으로 이동했다고 전했다.
이에 대해 이 신문은 “독재자는 암살 등을 우려해 사전에 정해진 예정대로 행동하지 않는 것이 통례“라며 “(이날 김정은 행보에) 각국의 외교단에서 놀라움의 소리가 커졌다“고 전했다.
신문이 인용한 서방 외교 소식통은 “남북의 신뢰 관계가 강하다는 표현“이라고 분석했다.
이날 문재인 대통령이 김정은의 제안에 따라 군사 분계선 북쪽으로 잠시 넘어 간 데 대해 주요 외신은 큰 의미를 부여했다.
니혼게이자이는 “판문점에서 김정은은 일단 남쪽에 발을 디딘 후 문 대통령과 손을 잡고 경계(군사 분계선)를 넘어 북쪽에 들어갔다가 다시 함께 남쪽으로 넘어 갔다“며 “몇 번이나 경계를 넘는 서프라이즈는 남북을 가르는 장벽을 극복할 수 있다는 의미를 담은 연출의 일환으로 풀이된다“고 전했다.
이날 한국 군 현역 군인 중 최고위직인 정경두 합참의장(공군 대장)은 환영 행사에서 김정은에게 거수경례를 하지 않고 악수만 했다.
정복을 입은 군인은 실외에서 거수경례로 인사를 하는 것이 원칙이지만, 이날 정복을 입고 나온 정 의장은 김정은에게 거수경례를 하지 않았다.
정 의장의 거수경례 여부를 두고 회담 전부터 관심이 모였다.
니혼게이자이는 김정은이 한국 군의 의장대를 사열한 것에 대해 “한국 군이 적인 북한의 지도자에 경례하는 것도 이번이 처음“이라고 전했다.
김정은 “수시로 만나“...",32,2498
iks_doc_2018_chosun_035,Chosun 2018 total annotated text file unicode.txt,Chosun Ilbo,조선일보,2018,2018_multi_summit,남북정상회담 정례화 시사 “수시로 만나““잃어 버린 11년“,,"김정은 북한 국무위원장은 27일 판문점 남측 평화의 집에서 열린 문재인 대통령과의 남북정상회담 모두 발언에서 정상회담 정례화에 대한 의지를 밝혔다.
김정은은 취재진에 공개된 모두 발언에서 “수시로 만나서 문제를 풀면 우리가 잃어 버린 11년이 아깝지 않게 좋게 나가지 않을까 생각하면서 만감이 교차하는 마음으로 200m를 걸어 왔다“고 했다.
'수시로 만나자'는 김정은의 발언은 이번 회담을 계기로 남북정상회담 정례화가 합의될 수 있음을 예감하게 한다.
양 정상이 정상회담 정례화에 합의할 경우, 정상회담 장소로는 판문점이 유력하게 꼽힌다.
이와 관련, 문재인 대통령도 모두 발언에서 “김 위원장이 사상 최초로 군사 분계 점을 넘어 오는 순간 판문점은 분단이 아닌 평화의 상징이 됐다“고 말했다.
김정은은 이와 함께 2007년 남북정상회담 이후를 ‘잃어 버린 11년'이라 통칭했다.
이는 이명박 박근혜 정부의 집권 기간을 ‘잃어 버린 시간'으로 규정짓은 것으로 보인다.
이와 관련, 일각에서는 남 남 갈등을 조장하는 발언이 아니냐는 분석을 내놓고 있다.
김정은이 만찬 메뉴를 설명하면서 자신들의 정성을 표현하기 위해 '멀리서 가져왔다'고 했다가 '멀지는 않구나'라고 정정한 대목도 눈에 띈다.
김정은은 “어렵사리 평양에서 평양냉면을 가져왔다.
대통령께서 편한 마음으로 멀리서 온, 멀다 하면 안 되겠구나.
좀 맛있게 먹었으면 좋겠다“고 했다.
이는 서울과 평양이 멀지 않다는 의미로 '미소 외교'의 일환으로 읽힌다.
아울러 김정은은 두 정상 간 허심탄회한 대화와 통 큰 결단에 대한 의지도 피력했다.
김정은은 “오늘 현안 문제들, 관심사 되는 문제들을 툭 터 놓고 이야기하고 좋은 결과를 만들어 내자“고 했다.
이에 대해 문 대통령은 “통 크게 대화를 나누고 합의에 일러서 평화를 바라는 모든 사람에게 큰 선물을 만들어 줬으면 한다“고 화답했다.",16,921
iks_doc_2018_chosun_036,Chosun 2018 total annotated text file unicode.txt,Chosun Ilbo,조선일보,2018,2018_multi_summit,"문 대통령, 김 위원장 만나는 순간 외신 기자들의 반응",,"27일 오전 9시 30분 문재인 대통령과 김정은 국무위원장이 군사 분계선(MDL)에서 만나는 순간 취재진이 모여 있는 메인 프레스 센터(이하 MPC)엔 박수와 환호성이 터졌다.
특히 문재인 대통령과 김정은 위원장이 손을 잡고 걷어 갈 때와, '평양냉면 발언' 등 예상하지 못한 에피소드가 나왔을 때는 흐뭇한 표정으로 MPC에 설치된 스크린을 바라보기도 했다.
러시아 통신사 ITAR/TASS의 이고르 벨랴예프는 “문재인 대통령이 군사 분계선을 넘어 간 것을 보고 깜짝 놀라 머리 위로 박수를 쳤다“며 “전혀 예상하지 못하았지만 남한과 북한의 친근함를 나타내는 것 같아서 상황을 지켜 보는 내내 웃음 지었다“고 말했다.
한편, 고양시 킨텍스에 설치된 메인 프레스 센터(MPC)엔 2018 남북 정상회담을 취재하기 위해 37개국 3000여 명의 기자가 모여 있다.",4,425
iks_doc_2018_chosun_037,Chosun 2018 total annotated text file unicode.txt,Chosun Ilbo,조선일보,2018,2018_multi_summit,"“김정은, 인민 위해 목숨 걸고 남한 간다“北 내부 선전",,"북한이 27일 열린 남북 정상회담에 앞서 당 간부들을 대상으로 “김정은 북한 노동당 위원장이 인민을 위해 목숨을 걸고 혼자 남쪽에 간다“고 선전했다고 일본 아사히 신문이 북한 소식통을 인용해 이날 보도했다.
소식통은 3월 말쯤 북한의 당 간부들을 대상으로 배포된 한 교육 자료에 “원수님이 38선을 넘어 남측에 내려간다“고 적혀 있다고 전했다.
김정은이 회담을 위해 군사 분계선을 넘어 남측 평화의 집으로 걷어 가는 것을 “용기 있는 결단“이라고 추켜 세우었다고도 전했다.
아사히는 “(김정은의) 조분 김일성 주석과 아버지 김정일 국방위원장이 이루지 못한 남측 방문의 의의를 강조해 김정은을 신격화한 것으로 보인다“고 분석했다.
소식통은 북한이 판문점 회담장으로 떠나는 김정은을 북한 주민들이 개성시에서부터 도로에 서서 환송하는 방안을 검토했다고도 전했다.
그러나 당국은 도로가 좁고 지뢰의 위험이 있어 신중한 자세를 보인 것으로 전해져, 실제 북한 주민들의 배웅이 있었는지는 확인되지 않았다.
또 다른 소식통은 김정은이 남북 정상회담 개최지로 판문점을 직접 요구했다고 전했다.
한국의 대북 특사단이 지난달 초 방북해 서울 제주 판문점 평양을 후보지로 제안했으나 김정은이 판문점을 요구했다는 것이다.",8,615
iks_doc_2018_chosun_038,Chosun 2018 total annotated text file unicode.txt,Chosun Ilbo,조선일보,2018,2018_multi_summit,중국 CCtv “남북 정상회담 곳곳 역사적 순간“,,"CCtv 신화통신 등 중국 매체들도 27일 남북정상회담 소식을 현장 생중계로 내보내며 '역사적““처음“이라는 표현을 자주 사용했다.
CCtv는 김정은 북한 국무위원장이 군사 분계선을 사이에 두고 문재인 대통령과 악수한 뒤 한국으로 넘어 와 국군 의장대를 사열하는 모습을 보여 주며 곳곳에 역사적인 순간이 있었다고 전했다.
문 대통령이 김 위원장의 요청으로 잠시 북쪽 땅을 밟고 악수하는 모습도 부각시켰다.
양국 관계의 특수성을 감안해 국기 게양은 하지 않았다고 전하기도 했다.
CCtv 신화통신 중국 매체는 정상회담 수식어로 남북을 의미하는 '한 조(韓朝)'와 북남을 의미하는 '조 한(朝韓)'을 섞어 사용했다.
CCtv는 김 위원장이 방명록에 적은 “새롭ㄴ 력사(역사)는 이제부터.
평화의 시대, 력사(역사)의 출발점에서“이라는 문구를 소개하고, 남북 정상의 모두 발언도 현장 화면과 함께 전했다.
CCtv는 앞서 이날 아침 뉴스에서 한국 시간 오전 8시 5분 문 대통령이 청와대를 나와 회담장인 판문점으로 출발했다면서 현장 영상을 보도했다.
CCtv는 서울과 평양에 있는 기자를 연결해 회담장 주변 분위기와 한국 시민 반응 등도 소개했다.
임진각 현장 스튜디오에 나간 CCtv 앵커 수이쥔이는 두 정상의 동선을 소개하면서 남북 간 민간 교류 확대도 기대하고 있다고 분위기를 전했다.
환구시보는 회담 일정과 두 정상의 동선을 그래픽으로 만들어 소개하기도 했다.
CCtv는 2000년과 2007년 각각 당시 김대중 대통령과 노무현 대통령이 김정일 국방위원장과 만난 남북 정상회담 역사를 짚기도 했다.
또 윤영관 전 외교 통상부 장관 등과의 인터뷰를 통해 평화를 정착시키는 문이 열렸다고 의미를 부여했다.
“한반도 비핵화를 위한 중요한 스텝“이라는 유엔 대변인의 논평을 전하기도 했다.
이날 오전 현재 중국 정부의 공식 반응은 없지만 화춘잉(華春瑩) 외교부 대변인은 전날 오후 정례 브리핑에서 “남북 정상회담에서 양국이 성공을 거두기를 희망한다“며 “한반도 문제에서 계속 좋은 소식이 들려 오고 또 이를 통해 문제 해결의 올바른 길이 열리기를 바란다“고 기대했다.
남북정상회담, 오전 회담 종료 개별 오찬 문재인 대통령과 북한 김정은 국무위원장의 27일 오전 회담이 종료됐다.
김정은은 회담 종료 직후 자신의 벤츠 차량을 타고 판문점 북측 지역으로 이동했다.
문 대통령과 김정은은 개별 오찬을 가지면서 참모들과 오전 회담을 평가하고, 오후 회담을 준비할 예정이다.
평양냉면 맛본 CNN 앵커 “국수로 하나 되는 한반도“미국 CNN는 26일(현지 시각) 남북 정상회담 저녁 만찬에 오르는 평양 옥류관 냉면을 소개하며 '국수 외교(noodle diplomacy)'라고 표현했다.
진행자들이 스튜디오에서 직접 냉면 맛을 보면서 “냉면이 남북 간 '음식 외교'에서 상당히 중요한 부분을 차지한다“고 전했다.
CNN는 이날 남북 정상회담 특별 방송 중 '바람아멈추어다오'를 부른 한국 가수 이지연을 초청해 스튜디오에서 직접 평양냉면의 맛을 재현해 달라고 했다.
2007년부터 미국에서 요리사로 활동하는 이지연은 “이북에서 살던 조부모에게 평양냉면 만드는 법을 전수 받았다“며 평양식 동치미 냉면을 만들어 선 보였다.
진행자들은 이지연의 냉면을 맛본 뒤 “맛 있다”고 극찬했다.
CNN는 평양냉면이 남북 정상회담에서 교량 역할을 하는 음식이라고 강조했다.
보통 미국에서 냉면을 '차갑ㄴ 국수(cold noodle)'이라고 표기하는 것과 다르게 자막에 원음 그대로 '평양냉면(Pyongyang NaengmyUN)'이라고 썼다.
김정은 북한 노동당 위원장은 27일(한국 시각) 오전 10시 15분 시작된 남북 정상회담 모두 발언 중 “오늘 저녁 만찬 음식에 대한 이야기가 많던데, 멀리서 평양냉면을 가져왔다“며 “문재인 대통령이 맛있게 드셔 주셨으면 좋겠다“고 말했다.
만찬 음식이 평양냉면으로 정해진 것은 문재인 대통령이 지난 24일 “(북한 식당) 옥류관 평양냉면이 좋겠다“고 제안하면서다.
북측은 다음 날 평양 옥류관 수석 요리사를 판문점에 파견하고, 옥류관 제면기를 통일각에 설치했다.
통일각에서 뽑아 낸 냉면을 정상회담 장손 평화의 집으로 배달해 옥류관 냉면의 맛을 그대로 살릴 예정이다.
北 군 수뇌부는 文 대통령에 '거수경례' 南 합참의장은 김정은에 '악수' 판문점에서 27일 열린 '2018 남북정상회담' 환영 행사에서는 공식 수행원으로 참가한 양측 군 수뇌부 인사들의 경례 장면이 대조됐다.
우리 군 현역 군인 중 최고위직인 정경두 합참의장은 이날 김정은 국무위원장과 인사를 하면서 거수경례를 하지 않고 악수만 했다.
정복을 입은 현역 군인은 실외에서는 거수경례로 인사하는 것이 원칙이다.
하지만 천안함 폭침 사건과 연평도 포격 등 각종 도발을 저질러 온 북한 최고 지도자에게 우리 군 서열 1위가 거수경례를 하는 것이 적절하냐는 지적이 나왔고, 정 합참의장도 이와 같은 시각을 의식해 거수경례를 하지 않은 것으로 알려졌다.
반면, 문재인 대통령과 인사를 나눈 리명수 북한 인민군 총참모장과 박영식 인민 무력상은 거수경례한 후 악수했다.
리명수와 박영식은 북한 군부의 '투톱'이다.
리명수는 우리나라 합참의장 급으로 북한 군부 서열 2위다.
박영식은 우리나라의 국방부 장관 격으로 북한 군부 서열 3위다.
김정은 체제에서 가장 오래 현직에 머무르고 있는 군부 인사 중 한 명으로 2015년 6월에 임명된 후 3년째 자리를 지키고 있다.
군 관계자는 “우리 측은 북한으로부터 천안함 폭침 등의 사과를 받지 못한 상황에서 김정은에게 예우를 갖추기 어렵ㄴ 상황이었다“며 “반면, 천안함 폭침 등을 인정하지 않는 북한으로서는 '정상 국가'임를 과시하며 여유를 부린 것“이라고 했다.",39,2785
iks_doc_2018_chosun_039,Chosun 2018 total annotated text file unicode.txt,Chosun Ilbo,조선일보,2018,2018_multi_summit,"北, 김정은 방명록 쓰기 전 2 차례 소독 의자 다리까지 닦았다",,"북측은 김정은 국무위원장이 방명록을 작성하기 전 평화의 집에 사전 방문해 방명록을 2 차례 소독했다.
북측 경호원은 방명록을 쓰는 펜과 김정은이 앉을 의자의 팔걸이, 등받이, 다리까지 꼼꼼히 닦았다.
김정은 북한 국무위원장은 김 위원장은 이날 회담 장손 남측 '평화의 집'에 도착해 1층에 마련된 방명록에 “새롭ㄴ 력사(역사)는 이제부터.
평화의 시대, 력사(역사)의 출발점에서“라고 썼다.
북측 경호원은 27일 오전 9시 20분쯤 남북정상회담 장손 판문점 평화의 집 1층에 들어왔다.
김정은이 회담장에 도착하기 20분 전이었다.
북측 경호원들은 곧장 방명록 대로 향했다.
한 명은 방명록 대에 있는 의자를 소독했다.
그는 흰색 천을 손에 들고 분무기로 소독약을 뿌리면서 의자 엉덩이와 등받이 부분, 팔걸이, 의자 다리 등을 꼼꼼히 닦았다.
방명록도 공중에 들ㄴ 채 소독약을 뿌리는 방식으로 2 차례 소독했다.
우리 측이 미리 준비한 펜도 소독했다.
다른 북측 경호원 1명은 검은색 가방을 들고 나타났다.
그는 가방 안에서 헤드폰을 꺼낸 뒤 검은색 사각 판을 의자와 서명 대에 갖다 댔다.
우리 측 경호 관계자는 “폭발물이나 도청 장치가 있는지 확인하는 과정“이라고 했다.
북측 경호원은 방명록 대 소독과 도청 장치 검색을 마치고 1층 환담장으로 이동해 김정은이 이용할 의자와 펜 등을 같은 방식으로 소독과 도청 장치 검색을 했다.
김정은은 이날 오전 9시 40분쯤 평화의 집에 도착해 미리 소독한 의자에 앉았다.
김여정 북한 노동당 중앙 위원회 제1 부부장이 건네 준 만년필을 이용했고, 북측 경호원이 닦은 우리 측 펜은 이용하지 않았다.
김정은은 방명록에 '새롭ㄴ 력사는 이제부터.
평화의 시대, 력사의 출발점에서 김정은 2018.
4. 27'이라고 적었다.
아사히 “남북 정상회담 '보도 지침'에 韓 언론 격노“방송통신심의 위원회가 26일 남북 정상회담을 취재 보도할 때 국가 기관의 공식 발표를 토대로 보도하라며 사실상 '보도 지침'을 내려 논란이 일어난 것과 관련, 일본 아사히 신문이 27일 “한국 언론이 격노했다“고 보도했다.
아사히 신문은 “한국 방통심의위의 권고 후 언론 통제가 아니냐는 비판이 잇따르고 있다“며 “방통심의위가 '사전 검열을 의도한 것은 아니다'라고 해명했지만 비판이 이어지고 있다“고 전했다.
한국 언론계에서 '언론 통제' '지나친 월권 행위'이라는 비판이 쏟아져 나 오고 있다는 것이다.
전날 방통심의위는 “일명 '드루킹 사건' 보도 과정에서 연이어 발생한 오보를 감안할 때 남북 정상회담 보도 역시 매우 우려스럽다“며 “객관적 보도를 위해 국가 기관의 공식 발표를 토대로 보도하는 것이 가장 바람직하다“고 권고했다.
이에 정부가 사실상 보도 지침을 배포했다는 지적이 잇따랐다.
방통심의위는 이후 “방통심의위는 보도 결과를 사후 심의하는 기굴 뿐, 보도의 사전 과정에 관여할 수 있는 아무렇ㄴ 권한도 없으며, 이는 명백한 월권 행위“라고 해명했다.",26,1446
iks_doc_2018_chosun_040,Chosun 2018 total annotated text file unicode.txt,Chosun Ilbo,조선일보,2018,2018_multi_summit,김정은 국군 의장대 사열 천안함 유족 “사과도 없었는데“,,"“북한을 우리의 적(敵)이라고 교육했는데, 김정은에 사열이라니 말이 됩니까?“<예비역 육군 대령 A 씨> “정상(頂上)에 대한 예우 차원으로 큰 의미는 없을 것 같습니다.“<직장인 오진석씨> 김정은 북한 국무위원장이 남북 정상회담이 열린 27일 문재인 대통령과 함께 국방부 의장대를 사열했다.
이날 사열에는 육군 해군 공군 등 3 군 의장대와 전통 의장대, 군악대 등이 총출동했다.
의장대 사열은 국빈 방문 행사에서 최상의 예우(禮遇)를 한다는 의미다.
북한의 최고 지도자가 우리 군을 사열한 것은 이번이 처음이다.
두 정상은 이날 오전 9시 30분쯤 군사 분계선(MDL) 부근에서 만나 좌우로 도열한 전통 의장대 앞에 도착했다.
앞에는 전통 군악대가 서고 뒤에는 호위 기수가 따랐고 이동 대열은 전통 가마를 탄 모양을 보였다.
두 정상은 사열대 입장 통로 양 옆에서 도열하는 전통 기수단을 지나 사열단에 올랐다.
잇어 군악대 연주가 울려 퍼지고 의장대가 ‘받들어 총' 자세를 취했다.
받들어 총은 총을 들고 하는 경례 가운데 최고의 경의를 나타낸다.
잇어 문 대통령은 김정은에 방향을 안내하며 의장대 앞을 걸어 갔다.
의장대는 단상에서 바라볼 때 왼쪽부터 군악대, 3 군(육해공군) 의장대, 전통 의장대, 전통 악대 순이었다.
규모는 약 100명 수준이다.
이날 사열은 남북 관계의 특수성을 감안해 국가 연주나 국기 게양, 예포 발사 등의 의전은 생략됐다.
원래 국가 원수 급 방문 행사에선 21발의 예포를 발사하는 것이 국제 관례다.
사열하는 동안에는 사성곡(四星曲) 등이 연주됐다.
국방부는 “의장대 사열은 역사적 유래, 국제적 관례 및 과거 사례 등을 바탕으로 상호 존중과 예우를 다하기 위해 군의 예식 절차에 따라 실시하기로 결정됐다“고 설명했다.
과거 2000년과 2007년 1 2차 남북 정상회담에서도 의장대 사열은 있었다.
당시 김대중 전 대통령과 노무현 전 대통령은 북한 의장대를 사열했다.
김 전 대통령은 2000년 6월 13일 평양 순안공항에서 도착한 뒤 김정일 국방위원장의 안내를 받으며 우리나라 의장대와 비슷한 인민군 명예 위병대를 사열했다.
노 전 대통령은 2007년 10월 2일 평양 4.25문화회관 광장에서 열린 환영 행사에서 김정일과 함께 명예 위병대를 사열했다.
사열 후 명예 위병대는 노 전 대통령과 김정일 앞을 행진해 지나가는 분열도 진행했다.
하지만 일각에서는 군대와 각종 교육에서 북한 정권과 북한 군을 적으로 규정하고 있는 만큼 김정은에 대한 군 사열은 부적절하다는 목소리도 있다.
육군 대령 출신 간부 A씨는 “천안함 침몰, 연평도 포격, 목함 지뢰 사건 등 북한 군이 우리 군인과 국민을 위협하고 목숨을 잃게 한 도발에 대해 인정이나 사과 한 번이 없었다“며 “이러한 반성 없이 김정은에 국빈 대우와 북한 정권을 인정하는 군 사열은 문제가 있다고 생각한다“고 말했다.
이성우 천안함 유족회장은 “천안함 사태 유족 입장에서 사과 한마디 없는 북한에 우리 정부가 군 사열을 한다는 것은 안타깝다“며 “다만 우리나라 국민에 입장에서는 남북회담이라는 큰 행산 만큼 잘 끝났으면 좋겠고, 김정은에 대한 예우보다는 손님에 대한 예의 정도로 생각하고 싶다“고 말했다.
文 대통령 “10년 간 못다 한 이야기 충분히 나누자“문재인 대통령은 27일 “오늘 종일 이야기할 수 있는 시간이 있는 만큼, 그동안 10년 간 못다 한 이야기를 충분히 나눌 수 있기를 바란다“고 했다.
문 대통령은 이날 오전 남북정상회담 모두 발언에서 “우리의 대화도 그렇게 통 크게 대화를 나누고 합의에 일러서 우리 온 민족과 평화를 바라는 세계 모든 사람에게 큰 선물을 만들어 줬으면 좋겠다“면서 이 같이 말했다.
다음은 문 대통령 모두 발언 전문.
오늘은 우리 만남을 축하하듯이 날씨도 아주 화창하다.
한반도의 봄이 한창이다.
이 한반도의 봄, 온 세계가 주목하고 있다.
전 세계의 눈과 귀가 여기 판문점에 쏠려 있다.
우리 남북의 국민, 또 해외 동포들이 거는 기대도 아주 크다.
그만큼 우리 두 사람, 어깨가 무겁다고 생각한다.
우리 김 위원장이 사상 최초로 군사 분계선을 넘어 오는 순간 이 판문점은 분단의 상징이 아니라 평화의 상징이다.
국민과 또 전 세계의 기대가 큰데, 오늘의 이 상황을 만들어 낸 우리 김 위원장의 용단에 대해 다시 한 번 경의를 표하고 싶다.
아울러 우리의 대화도 그렇게 통 크게 대화를 나누고 합의에 일러서 우리 온 민족과 평화를 바라는 세계 모든 사람에게 큰 선물을 만들어 줬으면 좋겠다.
자, 오늘 종일 이야기할 수 있는 시간이 있는 만큼, 그동안 10년 간 못다 한 이야기를 충분히 나눌 수 있기를 바란다.",37,2268
iks_doc_2018_chosun_041,Chosun 2018 total annotated text file unicode.txt,Chosun Ilbo,조선일보,2018,2018_multi_summit,김정은 “수시로 만나서 걸린 문제 풀어 나가자“,,"김정은 북한 국무위원장은 27일 “우리가 잃어 버린 11년 세월이 아깝지 않을 정도로 정말 수시로 만나서 걸린 문제를 풀어 나가고 마음을 합치자“고 했다.
김 위원장은 이날 오전 남북정상회담에 앞서 모두 발언에서 “지난 시기처럼 아무리 좋은 합의나 글이 나와도 발표돼도 제대로 이행되지 못하면 오히려 좋은 결과가 좋게 발전하지 못하면 기대를 품었던 분들한테 오히려 더 낙심을 주지 않겠나“라며 이 같이 말했다.
다음은 김 위원장 모두 발언 전문.
아까 제가 어떤 마음가짐을 가지고 200m를 걷어 왔는지 군사 분계선을 넘어서 역사적으로 11년이 걸렸는데 오늘 걷어 오면서 보니까 왜 이렇게 이 시간이 오랬나 왜 이렇게 오기 힘들었나 하는 생각이 들었다.
그래서 오늘 이 역사적인 이런 자리에서 아까도 말씀 드렸지만 기대하시는 분도 많고 또 지난 시기처럼 아무리 좋은 합의나 글이 나와도 발표돼도 제대로 이행되지 못하면 오히려 좋은 결과가 좋게 발전하지 못하면 기대를 품었던 분들한테 오히려 더 낙심을 주지 않겠나, 앞으로 마음가짐을 잘하고 우리가 잃어 버린 11년 세월이 아깝지 않을 정도로 아까 말씀 드린 것처럼 정말 수시로 만나서 걸린 문제를 풀어 나가고 마음을 합치고 의지를 모아서 그런 의지를 가지고 나가면 우리가 잃어 버린 11년이 아깝지 않게 우리가 좋게 나가지 않겠나 이런 생각도 하면서 정말 만감이 교차하는 속에서 한 200m를 걸어 왔다.
오늘 이 자리에서 평화 번영 북남 관계가 정말 새롭ㄴ 역사가 쓰여지는 그런 순간에 이런 출발점에 서서 그 출발 선에서 신호탄을 쏜다 하는 출발 신호탄을 쏜다 하는 그런 마음가짐 가지고 여기에 왔다.
오늘 현안 문제들 관심사가 되는 문제들 툭 터 놓고 이야기하고 그래서 좋은 결과를 만들어 내고 또 앞으로 이 자리를 빌어서 우리가 지난 시기처럼 또 원점에 돌아가고 이행하지 못하고 이런 결과보다는 우리가 앞으로 마음가짐을 잘하고 앞으로 미래를 내다보면서 지향성 있게 손 잡고 걸어 나가는 계기가 돼서 기대하시는 분들의 기대에도 부응하고 오늘도 결과가 좋아서.
오기 전에 보니까 오늘 저녁에 만찬 음식 가지고 많이 이야기하던데 어렵사리 평양에서부터 평양냉면을 가져왔다.
가져왔는데 대통령께서 편안한 마음으로 평양냉면 멀리 온 멀다 말하면 안 되갔구나, 좀 맛있게 드셨으면 좋겠다.
오늘 정말 허심탄회하게 진지하게 솔직하게 이런 마음가짐으로 오늘 문재인 대통령님과 좋은 이야기를 하고 또 반드시 필요한 이야기를 하고 그래서 좋은 결과를 만들어 내겠다는 것ㄹ 문재인 대통령 앞에도 말씀 드리고 기자 여러분들한테도 말씀 드린다.
감사하다.",11,1279
iks_doc_2018_chosun_042,Chosun 2018 total annotated text file unicode.txt,Chosun Ilbo,조선일보,2018,2018_multi_summit,"日 “남북 회담, 납치 핵 미사일 긍정적 논의 기대“",,"일본 정부는 27일 남북 정상회담 개최와 관련, “정상회담에서 긍정적 논의가 이루어지길 기대한다“고 밝혔다.
스가 요시히데 일본 관방 장관은 이날 오전 국무 회의 후 정례 기자 회견에서 “오늘 회담에 이르기까지 한국 정부의 노력을 칭찬하고 싶다“며 이렇게 말했다.
북한의 일본인 납치 문제와 관련, 그는 “문재인 대통령이 남북 정상회담에서 납북자 문제에 대한 아베 총리의 입장을 전하겠다고 언급했다“고 말했다.
그는 “납치, 핵, 미사일 현안의 포괄적 해결을 향해 긍정적 논의가 이루어질 것을 기대한다“고 했다.
文 “통 크게 대화“
金 “새 역사 쓰자“오전 회담 종료 문재인 대통령과 김정은 북한 국무위원장이 27일 판문점 남측 지역 평화의 집에서 남북정상회담에 들어갔다.
이날 오전 회담은 100분 간 진행됐고, 오전 11시 55분쯤 종료됐다.
문 대통령과 김정은은 개별 오찬을 가진 뒤, 오후 회담을 잇어 갈 예정이다.
양 정상의 첫 만남은 이날 오전 9시 30분쯤 판문점 군사정전위원회 회의실 옆 군사 분계선에서 이루어졌다.
문 대통령과 김정은은 군사 분계선을 사이에 두고 악수를 나눴다.
이 자리에서 문 대통령은 “오시는 데 힘들지 않았냐“고 묻자, 김정은은 “아니다.
정말 마음 설렘가 그치지 않는다.
이렇게 역사적인 장소에서 만나니까, 또 대통령께서 분계선까지 나와 맞이해 주니 정말 감동적이다“고 했다.
이에 문 대통령은 “여기까지 온 것은 위원장님의 아주 큰 용단이었다“고 했고, 김정은은 “아닙니다“라고 했다.
두 정상은 잇어 남측 지역으로 넘어 와 기념 촬영을 했다.
기념 촬영을 하면서 문 대통령은 김정은에게 “남쪽에 오신 것ㄹ 환영합니다.
전 언제쯤 가 볼 수 있을까요“라고 했다.
MDL 남측에서 사진 촬영을 마친 후, 김정은은 “그럼 지금 넘어 가 볼까요“라고 제안하며 문 대통령의 손을 이끌었다고 윤영찬 청와대 국민 소통 수석이 전했다.
문 대통령과 김정은은 10여 초 간 북측 지역에서 악수를 나눴다.
기념 촬영을 마치자 화동들이 김정은에게 꽃다발을 선물했다.
화동들은 민통선 안에 있는 대성동 마을의 대성동 초등학교 5학년 남녀 어린이 2명이다.
양 정상은 잇어 담화를 나누며 사열대로 이동했다.
두 정상의 선두에는 전통 악대가 섰고 뒤 쪽에는 호위 기수가 따랐다.
양쪽으로는 호위 무사가 함께하면서 전체적으로 장방향의 모양을 이뤘다.
이는 두 정상이 전통 가마를 탄 모양을 형상화한 것이라고 청와대 관계자는 설명했다.
사열대로 이동하면서 문 대통령은 “외국 사람들도 우리 전통 의장대를 좋아한다.
오늘 보여 드린 전통 의장대는 약식이라 아쉽다.
청와대로 오시면 훨씬 좋은 장면을 보여 드릴 수 있다“고 말했다.
이에 김정은은 “대통령께서 초청해 주시면 언제든 청와대에 가겠다“고 답했다.
사열대에 도착한 문 대통령과 김정은은 의장 대장의 경례를 받았다.
문 대통령은 거수경례로 답했다.
잇어 사성곡과 봉황곡이 연주됐다.
두 정상은 단상 아래로 내려가 군악대, 육해공군 3 군 의장대, 전통 의장대, 전통 악대 순으로 사열했다.
문 대통령은 사열대 끝에서 의장 대장의 종료 보고를 받았다.
사열을 마친 뒤, 두 정상은 회담장인 평화의 집으로 이동했다.
평화의 집 1층에 도착한 김정은은 방명록에 '새롭ㄴ 력사(역사)는 이제부터.
평화의 시대, 력사(역사)의 출발점에서'라고 썼다.
방명록을 쓴 뒤, 두 정상은 1층 벽면에 걸린 북한 산 그림 앞에서 기념 촬영을 했다.
문 대통령이 김정은에게 북한 산이라고 소개하자, 김정은은 “아 청와대(뒤에 있는)“이라고 답했다.
문 대통령은 “서울의 북쪽에 있고, 산 이름이 북한이기도 하다“고 했다.
양 정상은 기념 촬영을 마치고 회담장으로 이동해 오전 회의에 들어갔다.
오전 회의 모두 발언에서 김정은은 “역사적인 이 자리까지 11년이 걸렸다.
오면서 보니까 왜 그렇게 시간이 걸렸나, 오기 힘들었느냐는 생각이 들었다“면서 “수시로 만나서 문제를 풀면 우리가 잃어 버린 11년이 아깝지 않게 좋게 나가지 않을까 생각하면서 만감이 교차하는 마음으로 200m를 걸어 왔다“고 말했다.
김정은은 잇어 “오늘 역사적인 자리를 기대하는 분들이 많다.
지난 시기처럼 아무리 좋은 합의나 글이 발표돼도 그것이 제대로 이행되지 않으면, 결과가 좋게 발전하지 못하면 기대 품었던 분들에게 낙심을 주지 않겠나“며 “새롭ㄴ 역사가 쓰여지는 출발점에 서서 출발 신호탄을 쏜다는 마음가짐으로 여기에 왔다“고 했다.
김정은은 또 “오늘 현안 문제들, 관심사 문제들을 툭 터 놓고 이야기하고, 좋은 결과를 만들어 내자“며 “마음가짐 잘 하고 미래를 내다보면서 손 잡고 나아가는 계기가 돼서 기대하는 분들의 기대에 부응하자“고 했다.
그러면서 “오늘 만찬 얘기가 많이 나오던데 어렵사리 평양에서 평양냉면 가져왔다.
맛있게 먹었으면 좋겠다“며 “오늘 정말 허심탄회하게 솔직하게 얘기하고 반드시 필요한 얘기하고 좋은 결과를 만들어 내자“고 덧붙였다.
이에 문재인 대통령은 “한반도에 봄이 한창이다.
한반도의 봄을 온 세계가 주목하고 있다“며 “전 세계의 눈과 귀가 판문점에 쏠려 있다.
남북 국민, 해외 동포들이 거는 기대도 아주 크다.
그만큼 우리 두 사람의 어깨가 무겁다“고 말했다.
문 대통령은 “우리 김정은 위원장이 사상 최초로 군사 분계 점을 넘어 오는 순간 판문점은 분단이 아닌 평화의 상징이 됐다“며 “오늘 이 상황을 만들어 낸 김정은 위원장의 용단에 대해 경의를 표한다“고 했다.
잇어 “통 크게 대화를 나누고 합의에 일러서 평화를 바라는 모든 사람에게 큰 선물을 만들어 줬으면 한다“며 “10년 동안 못 나눈 이야기를 오늘 충분히 나눌 수 있길 바란다“고 했다.
이날 정상회담은 예정보다 15분 가량 앞당겨진 오전 10시 15분부터 판문점 남측 지역인 평화의 집에서 시작됐다.
회담 테이블엔 남측은 문 대통령과 임종석 대통령 비서실장, 서훈 국정원장이 앉았다.
북측에선 김정은과 김영철 노동당 부위원장과 김여정 당 제1 부부장이 배석했다.
김정은의 그림자 김영철과 김여정...
최측근 재확인 27일 오전 판문점에 모습을 드러낸 김정은 북한 국무위원장의 가장 가깝ㄴ 자리엔 김영철 노동당 중앙 위원회 부위원장과 김정은의 여동생인 김여정 당 중앙위 제1 부부장이 위치했다.
김영철과 김여정이 북한의 실셈를 재확인시켜 주는 장면이었다.
북한 체제에선 최고 지도자와 얼마나 가깝게 위치하는지가 서열을 보여 주는 척도다.
김정은이 판문각의 문을 열고 나올 때, 김영철은 김정은의 우측 뒤편에 따라 붙었다.
김정은이 문재인 대통령과의 첫 만남 장손 판문점 군사 분계선(MDL)쪽으로 이동할 때, 다른 수행원들이 모두 빠졌음에도 김영철은 자리를 지켰다.
김영철은 김정은이 문 대통령의 3m 전방에 도착하자 수행원 동선인 판문점 군사정전위원회 회의실로 이동해 MDL를 넘었다.
수행원들과 함께 이동할 때만 해도 눈에 띄지 않던 김여정은 김정은이 MDL를 넘어선 뒤 가장 많이 화면에 잡혔다.
김여정은 화동이 김정은에게 선물한 꽃다발을 건네받았으며, 이후 문 대통령과 김정은이 사열대로 이동할 때도 레드 카펫 옆으로 걸어 갔다.
당시 다른 수행원들은 자유의 집 내부를 통해 사열대로 이동했다.
김영철과 김여정은 문 대통령과 김정은이 사열을 마치고 회담장인 평화의 집으로 이동할 때 화면에 다시 잡혔다.
레드 카펫 위로 걷는 문 대통령과 김정은 뒤로 김영철과 김여정이 나란히 걸은 것.
사전 협의와는 다른 동선이었다.
이에 '김씨 일가'의 집사로 알려진 김창선 국무 위원회 부장이 김영철과 김여정에게 다가가 레드 카펫에서 내려와야 한다고 전했다.
김영철과 김여정은 그제서야 카펫에서 내려와 사전에 정한 동선으로 이동했다.
김영철과 김여정은 이후 평화의 집에서 진행된 정상회담에서 김정은과 같은 테이블에 배석했다.
우리 측에선 문 대통령 옆으로 임종석 대통령 비서실장과 서훈 국정원장이 배석했다.",74,3826
iks_doc_2018_chosun_043,Chosun 2018 total annotated text file unicode.txt,Chosun Ilbo,조선일보,2018,2018_multi_summit,"백악관 “역사적 남북 정상회담, 한반도 평화와 번영에 진전 바란다“",,"미국 백악관은 문재인 대통령과 김정은 북한 노동당 위원장이 27일 남북 정상회담을 위해 만난 직후 이번 정상회담을 '역사적 회담'이라 부르며 “남북 정상회담이 한반도 전체의 평화와 번영으로 가는 미래를 향해 진전을 이루길 희망한다“고 밝혔다.
백악관은 이날 한국 시각 오전 9시 50분쯤 공식 성명을 내고 “미국은 동맹국인 한국의 긴밀한 협조에 감사하다“며 “몇 주 뒤에 있을 도널드 트럼프 미국 대통령과 김정은 간 계획된 회담 준비에도 굳건한 논의를 지속하기를 기대한다“고 했다.
정치권, 남북정상회담에 '환영 기대' 野 '한반도 비핵화' 강조 11년 만의 역사적인 남북정상회담이 27일 열리는 가운데, 여야(與野) 정치권이 환영의 메시지로 입을 모았다.
특히 자유한국당과 바른미래당 등 야권을 중심으로 '한반도 비핵화'를 강조하는 목소리가 나왔다.
추미애 대표 등 더불어민주당 지도부는 이날 국회에서 모여 문재인 대통령과 북한 김정은 국무위원장의 만남을 생중계로 지켜 봤다.
문 대통령과 김 위원장이 군사 분계선에서 만나 악수하는 모습이 TV에 나오자, 추 대표 등 참석자들은 박수를 치기도 했다.
두 정상이 국군 의장대를 사열하는 모습에는 “이야 멋있네“등의 환호성이 나오기도 했다.
추 대표는 “두 정상이 분단의 선이라 여겨졌던 곳을 나란히 손 잡고 넘나드는 모습을 보면서 온 겨레가 이런 날이 와야겠다고 하는 것을 함께 느꼈을 것“이라며 “참으로 감격스럽다“고 했다.
추 대표는 “문재인 정부는 꾸준한 노력 끝에 이런 기적 같은 성과를 이뤄 냈다“며 “모두가 한 마음으로 평화 정착과 공동 번영을 위한 구체적 진전이 이루어지길 기대한다“고 했다.
박범계 수석 대변인은 구두 논평을 통해 “과거 두 차례 이루어진 남북정상회담의 합의 내용이 완전히 이행되지 않았는데 이번에는 남북정상회담 이후 북미정상회담이 이어진다는 점에서 상당한 성과가 예상된다“며 “궁극적으로 한반도의 평화 정착과 남북 간 지속 가능한 발전으로 이어지기를 기대한다“고 했다.
자유한국당 김성태 원내 대표도 이날 국회에서 동료 의원들과 생중계를 시청했다.
김 원내 대표는 기자들과 만나 “남북정상회담은 남북 관계의 새롭ㄴ 변곡점이 될 수 있다는 점에서 대단히 의미가 깊은 회담“이라며 “이번 남북정상회담이 '보여 주기식 감성팔이'가 아니라 완전한 북핵 폐기와 한반도 평화 체제를 향한 발전적 남북 관계를 성취해 가는 데 실질적 진전을 보여 주는 회담이 돼야 할 것“이라고 했다.
바른미래당 박주선 공동 대표는 이날 국회에서 열린 최고 위원 회의에서 “우리 당은 외교 안보에는 초당적으로 협력하겠다는 입장으로, 회담의 성공을 기원한다“면서도 “혹시나 비핵화 내용이 남북정상회담에 없다면 어떤 합의도 진정한 한반도 평화, 남북 관계 발전을 위한 회담의 본래 목적은 달성될 수 없다“고 했다.
박 공동 대표는 “비핵화 없는 정상회담 합의는 비핵화를 더 어렵게 만들ㄴ다“며 “자칫 코리아 패싱과 북한의 핵보유국 지위를 인정하고 한미 동맹의 균열을 가져올 수 있다“고 말하기도 했다.
민주평화당 조배숙 대표는 이날 중앙 선대위 회의에서 “오늘 김정은 위원장이 넘어 온 군사 분계선이 앞으로 북한 동포들도 같이 넘나들ㄹ 수 있는 평화의 오솔길이 되기를 기원한다.
이산가족이 상시 상봉할 수 있는 중립 지대에 대한 합의도 기대한다“고 했다.
김경진 상임 선대 위원장은 “역사적인 세 번째 남북정상회담을 진심으로 환영한다“며 “평화 당은 오늘 회담을 통해 발표되는 결과물을 입법 조치하는 등 제도적 뒷받침에 최선을 다할 것“이라고 했다.
文 대통령, 김정은과 함께 군사 분계선 넘어 북에 가기도 김정은 북한 국무위원장은 27일 오전 9시 28분 판문점 북측 지역인 판문각 문 밖으로 모습을 드러냈다.
김여정 북한 노동당 중앙위 제1 부부장, 김영남 북한 최고인민회의 상임 위원장을 비롯한 김정은의 공식 수행원과 경호원을 포함 26명이 김정은을 둘러싼 모습이 우리 측 중계 카메라에 잡혔다.
공식 수행원 중 북한 군 총참모장과 인민 무력상은 군복을 입고 김정은을 따랐다.
검은색 인민복을 입고 안경을 쓴 김정은은 옷깃에 별도의 뱃지를 달고 있지 않았다.
김정은은 판문각 앞 계단을 걸어 내려 와 군사정전위원회 본회의실과 소회의실 사이에 놓인 높이 5cm 높이의 군사 분계선 구조물 앞에서 문재인 대통령과 마주 섰다.
활짝 웃는 모습이었다.
두 사람은 오전 9시 29분 군사 분계선을 사이에 놓고 악수했다.
내외신 기자들이 모여 있는 경기도 고양시 킨텍스 프레스 센터에서는 박수가 터져 나 왔다.
김정은은 문 대통령과 악수하면서 “반갑습니다”라고 먼저 입을 뗐다.
김정은이 문 대통령에게 계속 준비한 말을 전하는 듯한 모습도 우리 측 카메라에 포착됐다.
문 대통령이 이에 대해 대답하는 모습도 카메라에 포착됐다.
9시 29분 김정은은 군사 분계선을 넘어 남쪽 구역에 들어섰다.
두 정상은 손을 잡고 계속 대화를 나눴다.
이후 두 정상은 우리 측 자유의 집을 배경으로 사진을 찍었고, 곧 북측 판문각을 배경으로 다시 사진 촬영을 했다.
잠시 후 김정은이 웃으며 문 대통령에게 군사 분계선을 향해 손짓하며 무엇인가 권하는 말을 하는 모습이 보였고, 문 대통령은 잠시 망설이는 듯한 모습을 하더니 활짝 웃으며 김정은과 손 잡고 함께 한걸음에 군사 분계선을 넘어 북한 측 구역으로 올라갔다.
9시 30분, 문 대통령과 김정은 다시 한걸음에 군사 분계선을 넘어 남측 구역으로 돌아왔다.
김정은은 문 대통령과 함께 군사정전위 건물 사이를 걸어 나 와 우리 측 자유의 집 앞 도로 중앙 선에서 우리 쪽 어린이 두 명에게 꽃다발을 받았다.
두 정상은 한반도 모양 뱃지를 달고 있는 두 어린이들을 앞쪽 가운데 두고 함께 사진을 찍었고, 시종 환하게 웃는 모습이었다.
사진 촬영 후 김정은은 받은 꽃다발을 김여정을 통해 수행원들에게 건냈다.
9시 31분 두 정상은 자유의 집 북편에서 동편, 다시 남쪽 판문점 광장으로 이어지는 붉은색 레드카펫 위로 올라섰다.
레드카펫 좌우에는 우리 군 전통 의장대가 행진을 준비하고 있었다.
양 정상은 전통 의장대 사이에서 함께 이야기를 나누며 레드카펫을 따라 이동했다.
이동하는 동안 두 정상의 표정은 밝았고, 김정은이 문 대통령의 이야기에 고개를 끄덕이는 모습도 우리 카메라에 포착됐다.
9시 34분 두 정상은 판문점 광장에 설치된 공식 환영식 행사장에 도착했다.
두 사람 뒤에서 김여정과 김창선이 근접 수행하는 모습이 카메라에 포착됐다.
두 정상은 공식 환영식을 위해 판문점 광장 가운데 준비된 단상 위로 올랐다.
짧은 거리를 걸어 단상까지 오른 김정은이 숨이 찬 듯 호흡을 가다듬는 모습을 보였다.
9시 35분 두 정상은 국군 의장대 사열을 시작했다.
군악대의 팡파레가 4번 울리는 동안 문 대통령은 거수경례를 하고 있었고, 김정은은 양 팔을 내리고 두 다리를 어깨 넓이로 벌리고 서 있는 모습이었다.
9시 36분 행진곡이 나오고, 의장대 지휘자가 “받들어총“구령을 외쳤다.
문 대통령과 김정은이 단상을 내려와 의장대 앞을 함께 걸었다.
행진곡이 울려 퍼지는 동안 양 정상은 함께 걸으면서 의장대를 사열했다.
문 대통령은 의장대를 바라보며 거수경례를 했고, 김정은은 굳은 표정으로 정면을 보고 걸었다.
두 정상은 다시 단상 앞으로 돌아와 단상 앞에 도열한 양측 공식 수행원들과 인사했다.
문 대통령이 먼저 김정은에게 우리 측 임종석 대통령 비서실장, 조명균 통일 장관, 강경화 외교 장관을 소개했다.
문 대통령은 강 장관을 좀 더 길ㄴ 시간 동안 소개했다.
이 과정에서 문 대통령이 김정은의 등 뒤에 손을 올려 두드리는 듯한 모습도 포착됐다.
잇어 문 대통령은 송영무 국방장관을 김정은에게 소개했다.
송 장관은 김정은에게 가법계 목례했다.
이후 서훈 국가정보원장, 정의용 안보실장과 정경두 합참의장이 차례로 악수로 김정은과 인사했다.
우리 정경두 합참의장은 김정은에게 거수경례를 하지는 않았다.
마지막으로 주영훈 경호처장, 윤영찬 청와대 국민 소통 수석이 김정은과 악수로 인사했다.
9시 38분 북측 수행원들이 문 대통령에게 인사를 시작했다.
김정은은 김영남 최고인민위원회 상임의장, 당 중앙 위원회 김영철, 최휘, 리수용 부위원장 순서로 소개했다.
잇어 군복을 입은 리명수 총참모장과 박영식 인민 무력부장이 문 대통령에게 거수경례로 인사했다.
김여정은 환하게 웃으면서 문 대통령에게 인사했다.
마지막으로 리선권 조평통 위원장이 다소 굳은 표정이었지만 문 대통령에게 인삿말을 건냈다.
잠시 후 문 대통령은 군복을 입은 리명수, 박영식 두 사람에게 다가가 말을 건냈다.
이후 문 대통령 제안으로 양측 정상과 공식 수행원들이 함께 단상 아래에서 사진 촬영을 했다.
9시 40분 사진 촬영이 끝났다.
잇어 문 대통령과 김정은은 붉은색 레드카펫을 따라 평화의 집으로 이동하기 시작했다.
뒤따르던 김영철, 김여정이 방송 관계자 제지로 카메라 앵글 밖으로 나가는 모습도 포착됐다.
9시 41분 두 정상은 계단을 올라 회담장인 평화의 집 현관에 들어섰다.
수행원들은 이미 들어가 대기 중이었다.
김정은은 입구 앞에 준비된 책상에 앉아 방명록을 작성했다.
김정은은 방명록에 “새롭ㄴ 역사는 이제부터.
평화의 시대, 역사의 출발점에서“라고 썼다.
김정은은 오른손으로 방명록을 작성했고, 글씨를 활달하게 쓰는 모습을 보였다.
문 대통령은 김정은이 방명록을 쓰는 동안 김정은 오른쪽에 서서 김정은 모습을 보고 있었다.
9시 42분 문 대통령과 김정은은 방명록 작성용 책상 옆에 걸린 북한 산 그림 앞에서 사진을 찍었다.
두 정상은 그림에 대한 대화를 잠시 나누고, 공식 수행원들과 함께 1층 환담장에 입장했다.",78,4687
iks_doc_2018_chosun_044,Chosun 2018 total annotated text file unicode.txt,Chosun Ilbo,조선일보,2018,2018_multi_summit,"남북 정상회담, 오전 10시 15분 시작 예정보다 15분 당겨져",,"김정은, 방명록에 “새롭ㄴ 역사는 이제부터“문재인 대통령은 김 위원장의 옆에서 미소를 보이며 방명록 작성을 지켜 봤다.
김 위원장은 방명록 서명 대에 마련된 펜 대신 김여정 노동당 중앙 위원회 제1 부부장이 건네 준 펜을 사용해 방명록을 작성했다.
두 정상은 이후 평화의 집 환담장으로 이동하기 전 1층 로비에서 기념 사진을 촬영했다.
청와대는 기념 사진 배경판으로 민정기 작가의 산수화 '북한산'을 사용했다.
두 정상은 잇어 2층 정상회담장으로 옮겨 오전 10시 30분부터 정상회담을 시작할 예정이다.",5,281
iks_doc_2018_chosun_045,Chosun 2018 total annotated text file unicode.txt,Chosun Ilbo,조선일보,2018,2018_multi_summit,외신 “역사적 회담“속보 “문 대통령도 북쪽 넘어 갔다“,,"미국과 중국, 일본 등 전 세계 외신이 27일 문재인 대통령과 김정은 북한 국무위원장의 남북 정상회담 소식을 긴급 속보로 내보내고 있다.
방송 매체뿐 아니라 미국 워싱턴포스트(WP) 등도 문 대통령이 청와대를 나와 판문점으로 이동하기 전부터 웹사이트에 영상을 실시간 중계했다.
이날 오전 9시 28분쯤 김정은이 판문점 북측 지역 판문각에서 나왔다.
김정은은 문 대통령과 군사 분계선을 사이에 두고 악수를 했다.
김정은이 군사 분계선을 넘어 남측으로 넘어 와 사진 촬영을 한 후 김정은의 제의로 문 대통령이 군사 분계선 북쪽으로 넘어 가기도 했다.
이후 두 정상은 다시 남쪽으로 넘어 왔다.
CNN는 “김정은과 문재인 대통령이 군사 분계선 양쪽에 서서 처음 악수를 하고 이후 상징적인 움직임으로 문 대통령이 군사 분계선 북쪽으로 넘어 갔다“고 전했다.
로이터도 “계획에 없이 김정은이 문 대통령에게 군사 분계선 북쪽으로 잠시 넘어 가자고 제의했으며, 이후 두 정상은 다시 군사 분계선 남쪽으로 손을 잡고 넘어 갔다“고 전했다.
월스트리트저널은 “김정은이 6.25 전쟁 정전 협정 이후 북한 최고 지도자 중 처음으로 한국을 방문했다“고 전했다.
중국 신화통신도 문 대통령과 김정은이 각각 판문점으로 향하는 소식부터 속보로 잇따라 내보냈다.
신화통신도 “문 대통령이 북쪽으로 군사 분계선을 넘어 간 후 다시 남쪽으로 갔다“며 의미를 더했다.
아사히 요미우리 등 일본 언론도 남북 정상회담 소식을 속보로 보도하고 있다.
웹사이트에 속보 창을 띄우고 문 대통령과 김정은의 만남을 실시간으로 전했다.
아사히는 오전 8시 40분부터 한국 뉴스 채널을 인용해 문 대통령이 판문점으로 향하는 모습을 전했다.
아사히는 “한국은 이번 남북 정상회담을 '최대의 이벤트'로 여기고 있다“며 “통상 문 대통령의 행동을 비판하는 재향군인회 등 보수 단체도 지지를 보내고 있다“고 전했다.
문 대통령이 출발에 앞서 청와대 근처에서 차를 세우고 시민들에게 인사하는 모습도 전했다.
아사히는 문 대통령이 군사 분계선을 넘어 북한에 발을 내딛는 장면에서는 “김정은이 문 대통령을 재촉하고 있는 것 같다“며 “예정에 없던 연출일 가능성이 있다“고 했다.
요미우리는 “북한 최고 지도자가 한국에 발을 디딘 것은 이번이 처음“이라고 했다.
文 대통령, 예정에 없던 10초 간의 깜짝 '월경' 문재인 대통령이 27일 남북정상회담에서 군사 분계선(MDL)을 넘어 잠시 월경해 북측 땅을 밟았다.
사전 브리핑에는 없던 일정이었다.
문 대통령은 이날 오전 9시 28분 군사정전위원회 본회의실(T2)와 소회의실(T3) 사이 군사 분계선(MDL)에서 김 위원장을 맞이했다.
두 정상은 환한 미소로 악수를 한 뒤 가볍게 대화를 나눴다.
문 대통령이 이끌어 김 위원장이 MDL를 넘어 북측 판문각을 배경으로 사진 촬영을 한 뒤, 문 대통령이 다시 분계선을 넘어 가 남측을 배경으로 사진을 찍었다.
약 10초 간 월경한 문 대통령은 김 위원장의 손을 잡고 다시 MDL를 넘어 왔다.
北 매체, 정상회담 시간 의제 처음 언급 이례적 신속 보도 북한 조선중앙통신은 “김정은 동지께서 판문점 남측 지역에서 열리는 역사적인 북남 수뇌 상봉과 회담을 위해 4월 27일 새벽 평양을 출발하셨다“고 밝혔다.
북한 매체가 이번 남북 정상회담 시간과 의제를 구체적으로 거론한 것은 처음이다.
통신은 이날 오전 6시 30분쯤 “이번 북남 수뇌 상봉과 회담은 민족 분단 사상 처음으로 남측 지역에서 진행되게 된다“며 “최고 영도자 동지께서는 4월 27일 오전 9시 판문점 분리 선을 넘으시셔 문재인 대통령과 상봉하시고 역사적인 회담을 하시게 된다“고 했다.
북한 매체가 김정은 위원장이 판문점 군사 분계선을 넘는 시각을 '오전 9시'로 표기한 것은 남측보다 30분 늦은 시간댄 '평양시'를 사용하기 때문으로 보인다.
우리 시간으로는 9시 30분이다.
통신은 “김정은 동지께서는 문재인 대통령과 북남 관계를 개선하고 조선 반도의 평화와 번영, 통일을 이룩하는 데서 나서는 제반 문제들에 대해 허심탄회하게 논의하시게 된다“고 설명했다.
그런데 중앙통신은 이날 7시 7분쯤 김정은 위원장의 평양 출발 기사를 또 다시 내보내면서 기념 식수와 회담 결과 발표, 만찬 참석 등의 일정을 거론한 문장을 뺐다.
당초 “최고 영도자 동지께서는 북남 수뇌 상봉과 회담에 잇어 문재인 대통령과 기념 식수를 하시고 역사적인 판문점 회담 결과를 발표하시게 되며 문재인 대통령이 주최하는 만찬에 참석하신 후 평양으로 돌아오시게 된다“라고 썼었다.
이 문장을 “최고 영도자 동지께서는 27일 오전과 오후에 잇어 밤까지 북남 수뇌 상봉과 회담 일정을 마치신 후 평양으로 돌아오시게 된다“로 바꿨다.
북한 대내용 라디오 방송인 조선중앙방송도 식수와 회담 결과 발표 등에 대한 언급 없이 “최고 영도자 동지께서는 27일 오전과 오후에 잇어 밤까지 북남 수뇌 상봉과 회담 일정을 마치신 후 평양으로 돌아오시게 된다“고 했다.
북한 매체가 남북정상회담 당일 오전에 이처럼 신속하게 예고성 보도를 한 것은 이례적이다.
지난 2000년 6월 13일 김대중 대통령이 1차 남북정상회담을 위해 평양에 도착한 사실을 시차를 두고 보도했었다.
2007년 10월 2일 노무현 대통령이 2차 남북정상회담을 위해 방북했을 때도 노 대통령은 오전에 평양에 도착했지만, 북한 매체들은 이를 오후에 보도했다.",37,2618
iks_doc_2018_chosun_046,Chosun 2018 total annotated text file unicode.txt,Chosun Ilbo,조선일보,2018,2018_multi_summit,靑 “남북 퍼스트 레이디 참석 아직 미정 “만찬 동반 참석 관측,,"남북 퍼스트 레이디의 정상회담 참석 여부가 여전히 베일 속에 가려졌다.
김의겸 청와대 대변인은 27일 오전 오전 경기 일산 킨텍스 메인 프레스 센터(MPC) 브리핑에서 김정숙 리설주 여사 참석 관련 질문에 “아직 결정되지 않았다.
알ㄹ 수 없다“고 밝혔다.
김 대변인은 '문 대통령의 부인인 김정숙 여사도 함께 판문점으로 가고 있느냐'는 질문에도 역시 “미정“이라며 “여기서 알ㄹ 수 없다“고 밝혔다.
'김 위원장의 부인인 리설주 여사의 참석도 확정이 안 됐다고 하는데, 김 여사의 참석도 결정이 안 됐나'이라는 외신의 질문이 다시 나왔으나, 김 대변인은 “아직 결정되지 않았고, 지금 저희는 현장과 거리가 떨어져 있어서 김 여사가 어디 있는지 확인하기 어렵다“고 설명했다.
양측은 여사 일정을 막판 논의하고 있는 것으로 알려졌다.
두 퍼스트 레이디는 정상회담 중간에 합류할 가능성이 큰 것으로 관측된다.
특히 이날 오후 6시 30분 평화의 집 연회장에서 열리는 환영 만찬에 남북 정상과 동반 참석할 가능성이 큰 것으로 전문가들은 보고 있다.
문 대통령, 판문점 도착 오전 9시 30분쯤 김정은과 첫 만남 문재인 대통령은 27일 오전 9시 1분쯤 남북정상회담 장손 판문점에 도착했다.
문 대통령은 평화의 집에서 잠시 휴식을 취한 뒤 오전 9시 30분 도착 예정인 김정은 북한 국무위원장을 군사정전위원회 본회의실(T2)와 소회의실(T3) 사이 군사 분계선(MDL)에서 악수로 맞이할 예정이다.",10,722
iks_doc_2018_chosun_047,Chosun 2018 total annotated text file unicode.txt,Chosun Ilbo,조선일보,2018,2018_multi_summit,“새롭ㄴ 합의 필요도 없다 과거 비핵화 약속 재확인만 해도 성공“,,"남북은 지난 30년 간 비핵화 관련 합의를 수차례 반복해 왔다.
합의 중 일부는 상당히 구체적이고 엄밀했던 것으로 평가 받고 있다.
많은 전문가들은 27일 이번 정상회담에서 최소한 이전 수준의 합의를 재확인해야 한다고 했다.
사실상의 핵보유국이 된 북한은 이전 수준의 합의도 받지 않을 가능성이 크다.
이렇게 되면 북한 비핵화 합의는 사실상 역사를 역행해 퇴보하게 되는 셈이다.
북한의 비핵화를 구체적으로 명시한 것ㄴ 1992년 발표됐던 '한반도 비핵화에 관한 공동 선언'이다.
당시 공동 선언의 북한 비핵화 관련 조항은 상당히 구체적이었다.
남북이 모두 핵무기의 시험 제조 보유 배치 사용을 금지하고 핵 재처리 시설과 우라늄 농축 시설 보유를 금지하며 상대가 선정하고 쌍방이 합의한 핵 시설을 사찰한다는 내용이 담겼다.
송종환 경남대 석좌 교수는 “당시 상당히 구체적인 핵 폐기 조항이 포함됐으며 이번 회담에서는 이를 재확인하면 된다“며 “이보다 더 좋은 합의문을 만들기가 어렵고, 새로 합의를 만드는 것은 사실상 합의를 위한 합의에 불과하다“고 했다.
2005년 6자 회담의 결과였던 '9.19 공동 성명'에도 북한 내 모든 핵무기와 현존하는 핵 계획을 포기하고, 핵확산금지조약(NPT)에 복귀한다는 내용이 포함됐었다.
이후 이루어졌던 2007년 2.13 합의에서는 북한 내의 핵 시설 폐쇄 봉인의 대가로 중유 100만 t를 지원한다는 보상 조항이 포함됐다.
현 정부가 정신을 계승하겠다고 밝혀 온 2007년 2차 남북정상회담의 10.4 선언에는 “남북은 한반도 핵 문제 해결을 위해 9.19 공동 선언과 2.13 합의가 순조롭게 이행되도록 노력한다“는 내용이 담기기도 했다.
전문가들은 당시의 구체적인 합의 내용이 지금 다시 한 번 정상회담을 통해 확인되는 것도 의미가 있을 수 있다고 했다.
당시 합의문들은 북한 핵 개발 초기 단계에 나왔지만 상당히 구체적이었다.
그렇기 때문에 북한의 핵 능력이 고도화된 지금은 이와 비슷한 수준의 합의를 하는 것만으로도 나름의 성과라는 평가다.
이와 관련 임종석 대통령 비서실장은 “핵과 ICBM가 고도로 발전한 이 시점에서 비핵화 합의는 1990년대 초와 2000년대 초에 이루어진 비핵화 합의와는 근본적으로 그 성격이 다르고, 이 점이 이번 회담을 어렵게 하는 점“이라고 했다.
다만, 북한이 그동안 합의를 수차례 깨 왔기 때문에 합의문에 강제 조항을 넣어야 한다는 의견도 있었다.
조성렬 국가안보전략연구원 수석 연구 위원은 “북한이 이와 같은 비핵화를 하지 않는다면 즉시 대북 제재를 복구한다는 조항이 붙어야 한다“고 했다.",18,1272
iks_doc_2018_chosun_048,Chosun 2018 total annotated text file unicode.txt,Chosun Ilbo,조선일보,2018,2018_multi_summit,"RFA “北 주민, 남북 정상회담 개최 사실 몰라“",,"북한 당국이 주민들에게 27일 남북 정상회담이 열린다는 것을 공개하지 않고 있다고 미국 자유아시아 방송(RFA)이 26일 보도했다.
간부를 포함해 회담 개최를 아는 일부 북한인들도 당국의 단속이 엄해져 입도 뻥긋하지 않는 분위기라고 RFA는 전했다.
RFA에 따르면 북한 당국은 남북 정상회담 하루 전날인 26일까지 문재인 대통령과 김정은 북한 노동당 위원장이 경기도 파주 판문점에서 만나는 사실을 주민에게 공개하지 않았다.
평안북도 신의주의 한 주민 소식통은 RFA에 “대부분의 주민들은 남북 정상회담이 27일 판문점에서 열리는 사실을 모른다“며 “아마도 정상회담의 성과가 나온 다음에야 조선중앙방송과 노동신문을 통해 주민들에게 알릴 것으로 예상된다“고 말했다.
소식통은 RFA에 현재 북한 당국의 단속이 한층 강화됐다고 전했다.
그는 “요즘 검열단의 단속이 하도 엄중해서 주민들은 말 조심하는 분위기“라며 “세 사람 이상이 모여 함께 식사를 하는 것도 눈치 보인다“고 했다.",6,491
iks_doc_2018_chosun_049,Chosun 2018 total annotated text file unicode.txt,Chosun Ilbo,조선일보,2018,2018_multi_summit,소식통은 잇어 “중국을 다녀온 사람이나 남조선 매체를 몰래 접하는 사람들은 분명 남북 정상회담에 대해 알고 있을 턴데 입을 꼭 다물고 있다“며 “자칫 이를 발설했다가 당국에 적발되는 날에는 엄한 처벌을 면하지 못할 것“이라고 했다,,"RFA는 지난 20일 북한 노동당 전원 회의 이후 북한 당국이 간부들에게 핵 개발에 집중하라는 당부를 멈춘 것으로 알려졌다고 전했다.
소식통은 “얼마 전까지 핵과 경제 강화를 동시에 추구하라는 병진 노선을 강조하더니 갑자기 핵이 빠지고 농업과 경공업 발전에 앞장 서라고 지시했다“며 “간부들은 김정은 위원장이 정말 핵 포기를 생각하고 있는 것으로 믿는 것 같다“고 했다.",2,207
iks_doc_2018_chosun_050,Chosun 2018 total annotated text file unicode.txt,Chosun Ilbo,조선일보,2018,2018_multi_summit,오늘 11년 만의 남북정상회담 열린다,,"문재인 대통령과 김정은 북한 국무위원장은 27일 오전 판문점에서 정상회담을 갖는다.
남북 간 정상회담이 열리는 것ㄴ 지난 2007년 이후 11년 만이다.
정상회담은 김정은이 오전 9시 30분 판문점 건물 사이의 군사 분계선을 넘으면서 시작된다.
문 대통령은 군사정전위원회 회의실 앞 군사 분계선에서 김 위원장을 맞을 예정이다.
문 대통령과 김정은은 전통 의장대의 호위를 받으며 공식 환영식장으로 도보로 이동하며, 9시 40분쯤 자유의 집과 평화의 집 사이 판문점 광장에 도착해 의장대 사열을 포함한 공식 환영식을 진행한다.
사전 환담 이후 본격적인 회담이 시작되는 시각은 10시 30분이다.
정부 안팎에서는 이번 회담 합의문에 북한의 구체적 비핵화 의지가 담겨야 한다는 얘기가 나왔다.
임종석 대통령 비서실장도 26일 “(북한의) 뚜렷한 비핵화 의지를 명문화할 수 있다면, 더 나아가 이것이 한반도에서의 완전한 비핵화를 의미함를 정확히 확인할 수 있다면 이번 회담이 매우 성공적일 것이라고 생각한다“고 했다.
다만 이와 같은 비핵화 의지가 합의문에 구체적으로 실릴 수 있을지는 미지수다.
임 실장은 “비핵화 의지를 양 정상이 직접 어느 수준에서 합의할 수 있을지, 그리고 이것을 어떤 표현으로 명문화할 수 있을지가 어렵ㄴ 대목“이라며 “결국 가장 핵심은 정상들의 몫으로 고스란히 남겨졌다“고 했다.
문 대통령과 김정은의 담판 전까지는 북한의 비핵화 의지를 확신할 수 없다는 뜻이다.
이번 정상회담에는 김정은의 부인인 리설주가 참석할지도 관심사다.
청와대는 “리설주의 참석 여부는 결정이 안 됐다.
만찬 참석을 기대하고 있다“고 했다.
하지만 리설주의 이번 정상회담 참석은 기정사실화 되는 분위기다.
정부 관계자는 “김정은이 그동안 보여 준 행보를 보면 리설주 참석이 유력하다“고 했다.",16,887
iks_doc_2018_chosun_051,Chosun 2018 total annotated text file unicode.txt,Chosun Ilbo,조선일보,2018,2018_multi_summit,"“정상회담 보도, 정부 발표 토대로 써라“","방통심의위, 사실상 가이드라인 전문가 “취재 자유 막는 보도 지침“
진보 언론 단체까지 “회담 취재 부당한 간섭 중단하라 드루킹 들먹이며 오보 운운, 낙인 찍기 의도가 뭐냐“","방송통신심의 위원회가 남북 정상회담을 취재 보도할 때 국가 기관의 공식 발표를 토대로 보도하라는 취지의 권고 사항을 발표했다.
언론계와 학자들 사이에선 “북핵(北核) 폐기와 남북 간 합의 사항에 대해 다양한 시각의 보도가 나올 수 있는 상황에서 방송 심의와 제재 권한을 가진 기관이 사실상 '보도 지침'을 배포한 것“이라는 지적이 나온다.
방통심의위는 26일 “일명 '드루킹 사건' 보도 과정에서 연이어 발생한 오보(誤報)를 감안할 때 남북 정상회담 보도 역시 매우 우려스럽다.
객관적 보도를 위해 국가 기관의 공식 발표를 토대로 보도하는 것이 가장 바람직하다“면서 객관성, 출처 명시, 오보 정정에 관한 방송 심의 규정을 소개하고 이 조항들에 대한 해석과 심의 기준을 담은 자료를 배포했다.
방통심의위는 자료에서 “속보 단독 보도에 급급해 잘못된 보도를 전하는 일이 없어야 한다“며 “확인되지 않은 취재원의 발언과 주장을 그대로 인용하거나 추측 보도를 해서는 안 되며, 신원이 불분명한 제3자로부터 자료를 받거나 진위 확인이 불명확한 자료를 사용하는 행위도 최대한 지양해야 한다“고 밝혔다.
방통심의위는 이날 발표한 자료를 바탕으로 “방송 심의 규정 위반 여부에 대한 남북 정상회담 보도 특별 모니터링을 실시할 방침“이라고 했다.
전문가들은 방통심의위의 권고가 언론의 취재 보도 활동을 심각하게 위축시킬 수 있다고 우려했다.
윤석민 서울대 언론 정보학 과 교수는 “국익 차원에서 국가가 제공하는 자료를 토대로 받아쓰라는 지침은 전체주의 국가에서나 나올 수 있는 발상“이라며 “기자들이 따라야 하는 취재 윤리의 기본은 오히려 보도 자료를 베껴 쓰지 않고 자유롭게 취재하고 확인하고 검증하는 것“이라고 말했다.
권상희 성균관 대 신문 방송학 과 교수는 “남북 관계와 안보에 대한 보도에는 (언론의) 비판적 시각이 들어갈 수밖에 없는데, 이를 막겠다는 것은 언론의 감시 비판 기능에 재갈을 물리겠다는 것“이라며 “방송 내용에 대한 사후 심의와 제재에 대한 권한을 가진 기관에서 나온 이 자료를 대부분의 방송사들은 압력으로 받아들일 것“이라고 했다.
김대중 노무현 정부 시절부터 언론 개혁 운동을 벌여 온 언론개혁시민 연대(언개련)도 이날 논평을 내고 “방통심의위가 오보 사례로 드루킹 사건을 들먹이며 '연이어 발생한 오보 논란' 운운하면서 낙인 찍기를 하는 의도가 무엇인지 묻고 싶다“며 “남북 정상회담 취재에 관한 부당한 관여를 중단하라“고 밝혔다.
방통심의위는 방송 심의 제재와 관련된 정부 업무를 대행하는 기구로 위원장을 포함한 9명의 심의 위원은 국회 의장과 국회 소관 상임위의 추천을 받아 대통령이 위촉한다.
민경중 방통심의위 사무총장은 “국회에서도 그동안 사후 규제만 하지 말고 사전에 교육을 통해 예방하라는 주문을 많이 받았다“면서 “국가 중대사를 앞두고 잘못된 내용이 방송될 경우 사회 혼란을 야기할 수 있기 때문에 심의에서 자주 지적된 부분을 중심으로 사전 안내를 한 것일 뿐 정부와 사전 교류는 없었다“고 말했다.
하지만 자료 배포 이전 방통심의위 내부에서 이견(異見)이 존재했던 것으로 알려졌다.
한 방통심의위 관계자는 “언론사에 '권고' 등의 표현을 쓰는 것에 대해 우려를 제기했으나 받아들여지지 않았다“고 말했다.",14,1586
iks_doc_2018_chosun_052,Chosun 2018 total annotated text file unicode.txt,Chosun Ilbo,조선일보,2018,2018_multi_summit,"평창 왔던 김영남 김여정 참석 군부 외교 핵심도 출동 [오늘 남북정상회담] 北 김정은 공식 수행단 9명 '평창 추억' 살려 분위기 띄우기 金 방중 수행 최룡해, 평양 남아",,"27일 남북 정상회담에 참석하는 북한 측 인사 명단에 군부 및 외교 쪽 핵심 인사가 대거 포함됐다.
정상회담에 포함된 군부 인사는 북한 군 서열 2위 리명수 군 총참모장(합참의장 격)과 3위 박영식 인민 무력상(국방장관 격)이다.
외교 라인 인사는 북한 외교 사령탑인 리수용 당 중앙위 외교 담당 부위원장과 '미국통'으로 알려진 리용호 외무상이다.
남북 정상회담에 북한 군부와 외교 라인의 핵심 인사들이 참석하는 것이다.
이에 대해 임종석 남북 정상회담 준비 위원회 위원장은 26일 “북한 군의 핵심 책임자들이 참석한 것은 비핵화와 항구적 평화 정착, 긴장 완화에 대한 내용이 다뤄지기 때문으로 이해하고 있다“고 했다.
이 밖에 북한 공식 수행단에는 김영남 최고인민회의 상임 위원장과 김영철 당 중앙위 부위원장, 최휘 당 중앙위 부위원장, 김여정 당 중앙위 제1 부부장, 리선권 조국평화통일위원회 위원장이 포함됐다.
이들은 모두 지난 2월 평창 동계 올림픽 개폐막식 때 방남(訪南)해 남북 대화의 물꼬를 텄던 인사다.
김근식 경남대 교수는 “김영철과 리선권을 제외하고 김영남, 최휘, 김여정은 정상회담에서 맡은 역할이 분명하지 않음에도 포함된 것은 평창 올림픽의 추억을 살려 화기애애한 분위기를 띄우려는 의도로 보인다“고 했다.
북한 2인잔 최룡해 당 중앙위 부위원장은 이번 명단에서 빠졌다.
평양에 남아 관리하는 역할을 맡은 것으로 보인다.
지난달 김정은의 방중(訪中) 때는 김여정이 평양을 지키고 최룡해가 동행했다.
우리 측 공식 수행원은 당초 임종석 비서실장, 정의용 국가 안보실장, 서훈 국가정보원장, 강경화 외교부 장관, 조명균 통일부 장관, 송영무 국방부 장관으로 발표됐으나, 이날 정경두 합동 참모 의장이 리명수 북한 군 총참모장의 상대 격으로 새롭게 포함됐다.
하지만 남북 공식 수행원이 모두 정상회담장에 배석하지는 않을 것으로 보인다.
청와대는 “당초 회담장 양쪽에 의자를 7개씩 배치했으나, 둘씩 빼서 5개씩 놓아 뒀다“고 했다.",14,978
iks_doc_2018_chosun_053,Chosun 2018 total annotated text file unicode.txt,Chosun Ilbo,조선일보,2018,2018_multi_summit,“핵무기 시험 보유 금지“,"“핵 시설 폐쇄 봉인“
북한, 26년 전에 이미 비핵화를 약속했었다 [오늘 남북정상회담] 2005년 9.19 공동 성명 땐 “모든 핵무기 핵 계획 포기“","27일 남북 정상회담에서 '한반도 비핵화'가 최우선 의제가 되면서 남북 정상이 어떤 합의를 내놓을지에 관심이 쏠리고 있다.
특히 역대 비핵화 합의와 비교해 진전된 내용이 나올지 주목된다.
남북이 서명한 첫 비핵화 합의는 1992년 '한반도의 비핵화에 관한 공동 선언'이다.
1991년 합의되고 1992년 1월 정원식 국무총리와 북한 연형묵 정무원 총리가 서명했다.
남북은 6개 항의 합의문에서 핵무기 시험 생산 사용 등을 하지 않고 외국에서 들여 오지도 않겠다고 선언했다.
또 핵 재처리와 우라늄 농축 시설 보유도 금지했다.",6,293
iks_doc_2018_chosun_054,Chosun 2018 total annotated text file unicode.txt,Chosun Ilbo,조선일보,2018,2018_multi_summit,역대 북한 비핵화 관련 주요 합의,"1992.1 한반도 비핵화에 관한 공동 선언 /남북 핵무기 시험 제조 보유 배치 사용 금지 /핵 재처리 시설 우라늄 농축 시설 보유 금지 /상대가 선정하고 쌍방이 합의한 시설 사찰
2005.9 9.19 공동 성명 /북한 내 모든 핵무기와 현존하는 핵 계획 포기, 핵확산금지조약(NPT) 복귀 /적절한 시점에 북한에 대한 경수로 제공 논의, 한국 대북 전력 지원 용의 확인","2007.2 2.13 합의 /북한 내 핵 시설 폐쇄 봉인 /북이 모든 핵 프로그램을 신고하고 핵 시설 불능화하는 동안 중유 100 만 t 지원 또 비핵화 검증을 위해 '남북핵통제 공동 위원회'를 구성하고, 상대방이 선정하고 양측이 합의하는 시설에 대해 사찰하는 내용도 담았다.
역대 비핵화 합의 가운데 가장 포괄적이고 진전된 합의로 평가 받지만 강제성이 없어 실제 북한의 핵 개발은 막지 못하았다는 비판도 있다.
북한은 김정은 정권 초긴 2013년 1월 조국평화통일위원회 성명을 통해 “한반도 비핵화에 관한 공동 선언의 완전 백지화, 전면 무효화를 선포한다“고 공식 선언을 하기도 했다.
남북은 물론 미국 중국 일본 러시아가 참여하는 6자 회담에서도 여러 차례 비핵화 합의가 있었다.
2005년 9월 '9.19 공동 성명'이 대표적이다.
북한은 '모든 핵무기와 현존하는 핵 계획'을 포기하겠다고 약속했다.
그 대가로 미국 일본은 북한과의 관계 정상화를 추진하고, 북한이 요구한 경수로 제공 문제를 적절한 시기에 논의하기로 했다.
하지만 북한은 이듬핸 2006년 1차 핵 실험을 했다.
노무현 대통령과 김정일 북한 국방위원장은 2007년 10월 '남북 관계 발전과 평화 번영을 위한 선언'(10.4 선언)을 발표했다.
'남과 북은 한반도 핵 문제 해결을 위해 6자 회담, 9.19 공동 선언과 2.13 합의가 순조롭게 이행되도록 공동으로 노력하기로 했다'는 내용이 담겼다.
남북 정상이 서명한 문서에 '핵'이란 단어가 들어간 것은 이때가 처음이다.
하지만 이듬해 6자 회담이 중단되면서 실효성을 거두지 못하았다.",12,789
iks_doc_2018_chosun_055,Chosun 2018 total annotated text file unicode.txt,Chosun Ilbo,조선일보,2018,2018_multi_summit,日 “화려한 정치 쇼“中 “평화 신호 소중“,[오늘 남북정상회담] 남북회담 하루 앞 양국 반응 아베 핵심 보좌관 가와이 특보 “北 日 회담 조급해할 필요 없다“,"남북 정상회담을 하루 앞둔 26일 일본 아베 신조(安倍晋三) 총리의 최 측근이 남북 회담을 '화려한 정치 쇼'로 폄하했다.
중국은 남북의 평화 메시지에 기대감을 표하면서도 중국의 역할을 강조했다.
일본 닛폰 TV에 따르면, 미국을 방문 중인 가와이 가쓰유키(河井克行) 일본 자민당 총재 외교 특보는 25일(현지 시각) 현지 강연에서 “(이번 남북 회담은) 화려한 정치 쇼에 불과하다“며 “북한 비핵화로 이어지는 것이 아니다“라고 말했다.
아베 총리의 '핵심 보좌관 5인방' 중 한 명인 가와이 특보는 “아베 총리는 '북 일 정상회담은 조급해할 필요가 없다'이며 '대북 압력을 유지해 북한이 일본에 대화를 요구하는 상황을 만들겠다는 방침에는 변화가 없다'고 말했다“고 했다.
그의 발언은 아베 김정은 회담을 북한에 타진했으나 별다른 성과를 얻지 못한 상황에 대한 일본의 불편한 감정이 투영된 것으로 풀이된다.
중국 공산당 기관지 인민일보는 '한반도 평화 신호는 매우 소중하다'는 제목의 26일 자 사설에서 “국제 사회는 판문점 평화의 집에서 발산될 평화 메시지를 기대하고, 이 메시지가 한반도 긴장 완화에 긍정적인 에너지가 되기를 기대한다“고 했다.
이 매체는 “중국은 한반도 비핵화와 평화 안정 유지, 대화를 통한 문제 해결이라는 원칙을 지켜 왔다“며 “쌍궤병행(雙軌竝行 비핵화와 미북 평화 협정 협상의 동시 진행) 등 중국이 주창해 온 구상들은 여전히 유효한 북핵 해법“이라며 중국 역할론을 강조했다.",7,729
iks_doc_2018_chosun_056,Chosun 2018 total annotated text file unicode.txt,Chosun Ilbo,조선일보,2018,2018_multi_summit,"판문점에 1953년생 소나무 심고, 한강 대동강 물 뿌린다 [오늘 남북정상회담] 남북정상회담 어떻게 진행되나 / 오전 9시 30분 군사 분계선서 첫 만남 환영식장까지 200m 도보 이동 의장대 사열, 10시 30분부터 회담 / 오찬 이후 소 떼 방북길에 공동 植樹 한라산 백두산 흙 가져오기로 '도보다리'까지 친교 산책도 오후 회담 뒤 6 시 30 분 만찬 환송",,"문재인 대통령과 김정은 북한 국무위원장은 27일 판문점 군사정전위원회 건물 3개 동 중 본 회의실(T2)과 소회의실(T3) 사이 군사 분계선(MDL)에서 첫 만남을 갖는다.
김정은은 MDL에서 기다리던 문 대통령과 손을 맞잡고 함께 남으로 넘어 올 것으로 보인다.
양 정상은 우리 전통 의장대 호위를 받으며 판문점 남측 자유의 집과 평화의 집 사이 '판문점 광장'에서 열리는 공식 환영식에 참석한다.
이동 거리는 200m 정돈데 도보로 약 3~4분 걸릴 전망이다.
공식 환영식에서 두 정상은 의장대를 사열한다.
이후 양 정상은 상대 측 공식 수행원과 인사를 나누게 된다.
잇어 두 정상은 평화의 집으로 들어갈 예정이다.
김정은이 1층에서 방명록 서명을 마치면 접견실로 이동해 사전 환담을 한다.
이후 두 정상은 2층 회담장으로 이동해 오전 10시 30분부터 회담을 시작한다.
두 정상의 만남부터 회담 초반부까지는 생중계될 예정이다.
오전 회담이 종료되면 양 정상은 오찬과 휴식 시간을 따로 가진다.
정부 소식통은 “자체적으로 논의 내용을 점검하고 대응 방안을 논의하는 시간을 가질 것“이라고 했다.
김정은은 MDL를 넘어 북측으로 갔다가 오후 일정에 맞춰 돌아올 예정이다.
오후에는 공동 기념 식수(植樹) 행사를 한다.
임종석 실장은 “대결과 분단의 상징이던 MDL 위에 평화와 번영을 상징하는 소나무를 심을 예정“이라며 “식수 장소는 고(故) 정주영 회장이 소 떼를 몰고 방북했던 MDL 인근 '소떼길'“이라고 했다.
식수목은 정전 협정이 체결된 1953년생(生) 소나무로 선정됐다.
식수엔 한라산과 백두산의 흙이 사용된다고 임 실장은 밝혔다.
이후 김정은은 한 강수를, 문 대통령은 대동강 물을 붓는다.
표지석에는 문 대통령과 김정은 서명이 새겨진다.
이후 양 정상은 '도보다리'까지 함께 산책을 하게 된다.
도보다리는 길이가 50m 정도로 정전 협정 직후 중립국 감독 위원회가 판문점을 드나들ㄹ 때 동선()을 줄이기 위해 만들어졌다.
인근에 습지가 형성돼 있어 다리가 없으면 빙 돌아가야 한다.
유엔 사령부가 'Foot bridge'라고 부르던 것을 그대로 옮기면서 공식 명칭이 됐다.
도보다리 끝에는 두 정상이 잠시 쉴 수 있도록 의자와 탁자도 마련됐다.
양 정상은 산책 후 평화의 집으로 돌아와 오후 회담을 이어 간다.
회담 이후엔 합의문 서명과 발표가 이루어질 예정이다.
임 실장은 “판문점 평화의 집 앞마당에서 정식 발표를 할지, 서명만 할지, 실내에서 발표할지는 아직 (조율 단계가) 남아 있다“고 했다.
회담이 끝나고 오후 6시 30분부터 평화의 집 3층에서 양측 수행원이 모두 참석하는 환영 만찬이 열린다.
만찬 이후엔 환송 행사가 이어지고 이로써 회담이 끝난다.
양 정상은 판문점 평화의 집 전면을 스크린으로 활용하는 영상을 감상할 예정이다.
청와대는 “영상의 주제는 '하나의 봄'“이라며 “한반도의 어제와 오늘 그리고 내일이 아름답ㄴ 영상과 음악으로 표현된다“고 했다.",31,1450
iks_doc_2018_chosun_057,Chosun 2018 total annotated text file unicode.txt,Chosun Ilbo,조선일보,2018,2018_multi_summit,"25년을 끌어 왔다, 北核 마침표 찍자 [오늘 남북정상회담] 文 대통령 김정은, 오전 9시 30분 군사 분계선서 만나 두 차례 회담 '판문점 선언' 비핵화 담아야 美 北 정상회담서 구체적 핵 폐기 논의",,"27일 오전 9시 30분, 문재인 대통령과 김정은 북한 국무위원장은 판문점 군사 분계선(MDL)에 서서 처음으로 손을 맞잡는다.
잇어 판문점 남측 평화의 집에서 오전과 오후 두 차례 회담하고, '판문점 선언'(가칭)을 공동 발표할 것으로 알려졌다.
남북 정상의 만남은 2000년(김대중/김정일)과 2007년(노무현/김정일)에 잇어 세 번째다.
하지만 북한 최고 지도자가 6.25 남침 이후 군사 분계선을 넘어 남쪽 땅을 밟는 것은 처음이다.
청와대는 과거 정상회담과 달리 이번에는 양 정상의 첫 만남부터 이동, 회담 모두 발언 등이 전 세계로 생중계된다고 했다.
양 정상이 이날 오후 군사 분계선 인근에 평화 번영을 상징하는 소나무를 함께 심고 판문점 일대를 산책한 뒤 만찬도 함께 한다.
하지만 이번 회담의 성공 여부는 이런 '보여 주기식 이벤트'가 아니라 김정은의 '비핵화 의지'를 어느 수준에서 이끌어 내고 이를 명문화하느냐에 달렸다는 것이 한미 전문가들의 공통된 견해다.
공동 선언에 담을 비핵화 관련 문구는 이날 회담장에서 문 대통령과 김정은의 담판으로 결정될 것으로 알려졌다.
남북 정상회담 준비 위원장을 맡고 있는 임종석 대통령 비서실장은 26일 사전 브리핑에서 “북한의 뚜렷한 비핵화 의지를 명문화할 수 있다면, 더 나아가 이것이 한반도에서 완전한 비핵화를 의미함를 정확히 확인할 수 있다면 이번 회담이 매우 성공적일 것“이라고 했다.
완전한 비핵화를 명문화하는 방안을 추진하겠다는 의미로 해석된다.
하지만 김정은에게 북핵 완전 폐기 의지를 확인하지 못하면, 5월 말~6월 초로 예정된 미북 정상회담에서도 구체적 비핵화 절차로 이끌기가 어렵어질 수 있다.
지난주 북한은 노동당 중앙위 전원 회의를 통해 핵 실험과 대륙 간 탄도 미사일(ICBM) 시험 발사 중단을 발표했지만, 이는 '비핵화 선언'이 아니라 오히려 '핵보유국 선언'이라는 평가가 나온다.
그런 만큼 문 대통령이 김정은에게 '완전한 비핵화'를 강하게 요구하고 이를 확인할 발언을 이끌어 내야 한다는 것이다.
미 백악관은 25일(현지 시각) “북한이 옳은 방향으로 가고 있지만 비핵화를 위한 구체적 조치를 취하는 것을 볼 때까지 최대 압박 작전을 완화하지 않을 것“이라고 했다.
남북 회담에서 비핵화와 관련한 확실한 진전 없이 다른 분야의 합의만 이루어질 경우 “국제 제재로 코너에 몰렸던 김정은 정권에 '호흡기'를 붙여 주는 결과만 초래할 수 있다“는 우려도 나온다.
북핵 문제에 정통한 전직 고위 외교관은 “이번 남북 정상회담은 1993년 북한의 핵확산금지조약(NPT) 탈퇴 이후 25년을 끌어 온 북핵 문제를 평화적으로 해결할 사실상 마지막 기회“라고 했다.",16,1309
iks_doc_2018_chosun_058,Chosun 2018 total annotated text file unicode.txt,Chosun Ilbo,조선일보,2018,2018_multi_summit,靑 “북한 뚜렷한 비핵화 의지 명문화하면 회담 성공“,"[오늘 남북정상회담] 임종석 비서실장 “비핵화 표현 수위, 남북 정상들의 몫“'북한의 완전한 비핵화' 김정은 육성으로 확인해야 주체 모호한 '한반도 비핵화' 땐 北 핵 공격 대응하는 美 핵 우산 동시 철거로 해석될 우려","남북 정상회담 준비 위원장인 임종석 대통령 비서실장은 26일 남북 정상회담의 성패가 남북 정상의 공동 선언문(가칭 판문점 선언)에 '완전한 비핵화'를 명시하느냐에 달렸다는 점을 공식화했다.
비핵화가 처음 논의되는 남북 정상회담인 만큼 비핵화가 어떤 형태로든 공동 선언에 포함될 것임를 시사한 것이다.
그러나 비핵화의 표현 수위에 대해선 “남북 정상들의 몫““북미 회담으로 이어져야 한다“며 명확히 밝히지 않았다.
임 실장은 이날 경기 고양시 일산 킨텍스의 남북 정상회담 메인 프레스 센터(MPC) 브리핑에서 “(공동 선언에) 뚜렷한 비핵화 의지를 명문화할 수 있다면, 더 나아가 한반도에서의 완전한 비핵화를 의미함를 정확히 확인할 수 있다면 이번 회담은 매우 성공적일 것“이라고 말했다.
임 실장은 “이번 정상회담은 무엇보다 비핵화와 항구적 평화 정착에 집중된 회담“이라고 했다.
문재인 대통령과 청와대는 정상회담의 핵심 의제가 비핵화며, 북한이 '완전한 비핵화' 의지를 밝혔다고 공언해 왔다.
문 대통령은 지난 19일 “북한은 완전한 비핵화 의지를 표명했고, 주한 미군 철수 같은 조건도 제시하지 않고 있다“고 했다.
북한이 비핵화에 합의해 놓고 검증 단계에서 말을 바꾸거나, 비핵화 대가로 주한 미군 철수 같은 카드를 내밀었던 과거와는 다르다는 것을 강조한 것이다.
하지만 미세한 문구, 표현 하나로 성패가 갈리는 비핵화가 김정은 북한 국무위원장의 육성(肉聲)과 공동 선언에 어떻게 담길지는 회담 전날까지도 불투명하다.
임 실장은 “비핵화에 대한 명시적 합의가 있더라도 그것이 한반도의 완전한 비핵화까지 정상 사이에서 공감을 이룰 수 있을지 참모들이 결정할 수 없다“며 “결국 가장 핵심은 정상들의 몫으로 남았다“고 말했다.
북한은 아직 비핵화나 비핵화 계획을 공식화하지 않았다.
북한을 방문했던 한국과 미국 관계자들을 통한 전언(傳言)이 전부였다.",12,925
iks_doc_2018_chosun_059,Chosun 2018 total annotated text file unicode.txt,Chosun Ilbo,조선일보,2018,2018_multi_summit,지난달 특사로 방북했던 정의용 안보실장은 귀국 직후 “북한이 한반도 비핵화 의지를 분명히 했다“,,"“대화가 지속되는 동안 추가 핵 실험 및 탄도 미사일 시험 발사 등 전략 도발을 재개하는 일은 없을 것임를 명확히 했다“고 밝힌 바 있다.
북한은 지난 20일 핵 실험, 대륙 간 탄도 미사일(ICBM) 시험 발사 중지, 풍계리 핵 실험장 폐기를 밝혔지만, '비핵화'를 언급하지 않았다.
비핵화와 관련한 김정은의 육성도 없었다.
북한의 조치는 대화 기간 동안 핵 개발을 일시 중단하겠다는 '모라토리엄' 선언이며 핵 동결의 초입 단곈 핵 시설 봉인조차 언급 안 됐다.
그러나 문 대통령은 이를 '핵 동결'로 규정하면서 “북한이 핵 동결로부터 출발해 완전한 핵 폐기 길로 간다면 북한의 밝은 미래가 보장될 수 있다“고 했었다.
그러나 미국과 유엔 등 국제 사회가 요구하는 '완전하고 검증 가능하며 돌이킬 수 없는 비핵화(CVID)'의 요건은 엄격하다.
북한이 핵무기와 탄도 미사일, 핵무기 원룐 플루토늄과 고농축 우라늄에 대한 정보를 공개하고 국제 사찰단의 검증을 받아야 한다.
그런 다음 이를 폐기 반출하고 다시는 핵 개발을 하지 않겠다는 확인까지 받아야 한다.
북한은 과거 이런 과정을 동결 봉인 사찰 불능화 폐기처럼 복잡하게 나누거나 이 시기를 장기화하면서 비핵화를 외면해 왔다.
이 때문에 이번 정상 선언에는 '한반도 비핵화는 선대의 유훈'이나 '한반도 비핵화' 같은 추상적 문구 대신 '북한의 완전한 비핵화'에 대한 구체적인 명문화나 김정은의 공개적 발언이 나와야 한다.
'한반도 비핵화'의 경우 북한 비핵화를 넘어 북한 핵 공격에 대응하는 미국의 핵 우산 동시 철거로 해석되며 논점을 흐릴 수도 있다.
청와대는 남북 정상회담은 비핵화에 대한 큰 틀의 합의를 하고 비핵화 실천을 위한 로드맵은 이어지는 미북 정상회담에서 논의된다고 밝혔다.
남북 정상회담의 비핵화 합의가 '포괄적'이고 그 이행은 미북 간에 구체적으로 이루어진다는 것이다.
임 실장도 남북 정상회담의 성격을 “북미 정상회담으로 가는 길잡이“로 규정했다.
청와대 관계자는 “정의용 실장이 정상회담 직전 존 볼턴 백악관 안보 보좌관을 만난 것도 비핵화를 위한 한국과 미국의 '팀플레이'를 위한 것“이라고 말했다.",15,1050
iks_doc_2018_chosun_060,Chosun 2018 total annotated text file unicode.txt,Chosun Ilbo,조선일보,2018,2018_multi_summit,“세계가 말하는 비핵화와 北의 비핵화 같은지 물어야“,,"[오늘 남북정상회담] 한미 중 일 전문가들 남북 정상회담에 조언 남북 정상회담을 앞두고 26일 본지는 니어 재단(이사장 정 덕구 사진)과 공동으로 한미중 일 4 국 외교 안보 전문가들에게 각국의 전망과 분석을 들었다.
신각수 전 주일 대사, 패트릭 크로 닌 미 신안보센터(CNAS) 아태안보소장, 자칭궈 베이징대 국제 관계 학원장, 다나카 히토시 전 일본 외무성 심의관이 각국을 대표해 참석했다.",2,221
iks_doc_2018_chosun_061,Chosun 2018 total annotated text file unicode.txt,Chosun Ilbo,조선일보,2018,2018_multi_summit,"[신 각수 前 주 일대사] “文 대통령, 김정은의 비핵화 의지와 진정성 확인해야“",,"북한은 지난 19일 노동당 중앙위 전원 회의를 통해 사실상 '핵 전력을 유지하면서 경제 발전에 나서겠다'고 천명했다.
핵 개발이 거의 완성 단곈 것 같다.
남북 정상회담의 핵심 의제는 역시 '비핵화'이다.
문재인 대통령은 이번 회담에서 김정은 북한 국무위원장의 비핵화 의지와 진정성을 확인해야 한다.
국제 사회가 말하는 비핵화와 북한이 주장하는 비핵화 개념이 같은지 묻고 “진정한 핵 폐기만이 북한 정권의 생존을 담보할 수 있다“고 밝혀야 한다.
다만 기대치를 높게 잡고 남북 회담에서 급하게 비핵화 의제를 밀어붙이면 안 된다.
북한은 남북 회담이 아닌 추후 미북 회담에서 비핵화 의지를 밝히려 할 것이기 때문이다.
미북 간 비핵화 논의의 기틀을 닦을 수 있도록 이번 회담에서는 남북 간 군사적 긴장을 완화하고 관계를 개선시키는 것만으로도 큰 의미가 있다.
한미 간 역할 분담이 필요하다.
트럼프 미 대통령보다 북한을 잘 아는 문 대통령이 김정은에게 비핵화의 중요성을 강조하고 설득하는 역할을 맡아야 한다.
김일성 김정일에 비해 김정은이 더 일관성 있고 실용적이며 대중에 관심이 많다는 점은 긍정적인 요소다.
만약 이번 남북 회담에서 북한의 비핵화 의지를 확인하지 못하면 미북 회담이 열리지 않을 수도 있다.
트럼프 대통령이 북한의 미 본토 공격 능력을 차단하는 선에서 합의하거나 비핵화 협상 실패 후 군사적 선택을 할 가능성도 배제할 수 없다.
한국은 남북 회담 이후에도 모든 가능성을 경계하며 비핵화 전략과 시나리오를 짜야 한다.",14,746
iks_doc_2018_chosun_062,Chosun 2018 total annotated text file unicode.txt,Chosun Ilbo,조선일보,2018,2018_multi_summit,"[크로닌 美 아태안보소장] “북한의 행동에 따라 보상 하되, 앞서 나가선 안된다“",,"트럼프 미 대통령의 압박과 문재인 대통령의 관여로 남북, 미북 대화가 성사됐다.
일단 북한이 군사적 목표를 이룬 뒤 경제로 눈을 돌린 것으로 보인다.
하지만 진의를 파악하려면 시간이 더 걸릴 것 같다.
김정은은 시진핑 중국 주석을 보며 '핵보유국 지위를 유지하면서 경제 성장도 이룰 수 있다'고 생각할지 모른다.
남북 정상회담은 김정은의 의도를 파악하는 '북한 비핵화의 첫걸음'이다.
남북 회담에서 비핵화 모멘텀을 만들어 미북 회담까지 갖고 가야 한다.
북한이 우리가 만족할 만한 비핵화 의지를 표명할지 모르겠지만, 상상하지 못한 것을 약속하면서 우리를 놀라게 할 수도 있다.
우선 이번 남북 회담 합의문에 김정은의 'CVID(완전하고 검증 가능하며 불가역적인 비핵화)' 의지가 담기길 바란다.
가장 어렵ㄴ 문제는 미북 회담 후에 발생할 것이다.
남북, 미북 회담에서 상징적 '선언'을 하더라도 선언을 실행하기 위한 핵 검증 등 세부 논의가 관건이다.
문 대통령은 김정은이 최근에 했던 말을 실천하도록 설득하고, 트럼프 대통령과 모든 정보를 공유하면서 로드맵을 짜야 한다.
CVID를 목표로 명시할 필요는 있지만 현실적으로 첫 단계는 핵 동결 정도가 될 것이다.
북한의 행동에 따라 보상을 하되 너무 앞서 나가선 안 된다.
트럼프 행정부에서 존 볼턴 백악관 국가 안보 보좌관, 마이크 폼페이오 국무 장관 내정자에 잇어 해리 해리스 태평양 사령관이 주한 미국 대사로 지명될 것으로 알려졌다.
혹자는 '강경파'이라는 이유로 걱정하지만 그들은 북한에 대한 이해도가 깊고 합리적이다.",15,770
iks_doc_2018_chosun_063,Chosun 2018 total annotated text file unicode.txt,Chosun Ilbo,조선일보,2018,2018_multi_summit,"[자칭궈 베이징대 국제원장] “김정은, 이번 회담으로 美와 어떤 거래할지 가늠할 것“",,"지금 북한은 비핵화가 아니라 핵 동결에 관해 말하고 있다.
비핵화를 할 것이라는 어떠한 확실한 담보도 없다.
다만 김정은이 어마어마한 압력을 받은 것은 사실 같다.
김정은은 이번 남북 정상회담을 통해 한국과 미국 측 입장을 최대한 파악하려 한다.
이를 통해 향후 미북 정상회담에서 어떤 거래를 성사시킬 수 있을지 가늠할 것이다.
김정은은 특히 미중 관계에 관심이 많다.
미중 관계 변화에 따라 대화 전략을 바꿀 수 있다.
실제 중국이 대북 제재에 동참하면서 북한이 느낀 부담감이 컸다.
김정은이 베이징으로 가 시진핑 주석을 만난 것도 미중 관계의 변화를 감지했기 때문이다.
북한은 트럼프와의 거래에 앞서 협상력을 끌어올리기 위해 중국을 필요로 했다.
북한은 앞으로도 미중 간에 문제가 생기면 '중국을 설득해 제재를 완화할 수 있지 않을까'이라는 생각을 할 수 있다.
따라서 미중 관계를 잘 관리하는 것이 중요하다.
최근 양국 관계를 보면 걱정이 많다.
무역 마찰, 미국의 대만 여행 법, 남 중국해 갈등도 있다.
하지만 이를 극복하고 중국이 북한 비핵화에 긍정적 역할을 할 수 있도록 해야 한다.
김정은은 비핵화 후 중국식 개혁 개방을 꿈꿀 수 있다.
문재인 대통령은 남북 회담에서 “북한이 비핵화 단계를 이행할 경우 '보상 패키지'를 제공할 수 있다“고 약속해야 한다.
다만 너무 많은 약속을 하면 안 된다.
한반도 주변국들이 남북, 미북 회담이 성공하기만 바라고 있는데, 북한을 설득할 방법이나 보상 패키지 등에 관해서도 지금부터 긴밀히 협의해야 한다.",19,759
iks_doc_2018_chosun_064,Chosun 2018 total annotated text file unicode.txt,Chosun Ilbo,조선일보,2018,2018_multi_summit,[다나카 전 日 외무성 심의관] “핵 없는 한반도 될 마지막 기회 압박 국제 조율 중요“,,"북한 핵 개발을 30년 간 지켜 봤지만 국제 사회가 효과적이면서 충분한 '최대 압박'을 가한 것은 이번이 처음이다.
중국이 제재에 동참한 덕분이다.
하지만 북한은 이미 핵무기 역량을 구축했다고 판단해 협상장으로 나왔다.
이번 남북, 미북 정상회담은 '핵 없는 한반도'를 달성할 마지막 기회다.
비핵화를 위해서는 'P P3C'가 중요하다.
P는 북한에 가하는 국제 사회의 압력(pressure)이다.
세 개의 C는 한반도 주변국 간 '조율(coordination)', 비상 상황에 대한 항시 대비(contingency plan), 북한과의 '소통 채널(communication channel)'이다.
북한은 과거 여러 번 약속을 어겼지만, 이번에는 예측 불가능한 트럼프 대통령을 감안해 신중해야 한다.
문재인 대통령은 비핵화와 별개로 경제 협력을 약속해선 안 된다.
중국의 대북 제재 협조도 필수적이다.
비핵화 합의가 실패하면 동북아 지역 내에 엄청난 긴장감이 야기될 것이다.
2002년 9월 17일 고이즈미 당시 일본 총리와 김정일 간 북 일 정상회담을 위해 1년 간 북한과 협상했다.
수백 번 확인하고 세밀하게 준비했기에 회담 결과물을 예측할 수 있었다.
북한 문제도 향후 여러 변수가 터져 나올 턴데 한국은 이번뿐 아니라 그 이후에도 늘 치밀하게 준비해야 한다.
과거 북한 고위 관료로부터 '북한에서 정치적 지도자가 되려면 사람들을 놀라게 할 줄 알아야 한다'는 말을 들었다.
그 말처럼 이번 남북 회담, 미북 회담에서 놀랍ㄴ 결과가 나오면 좋겠다.",16,757
iks_doc_2018_chosun_065,Chosun 2018 total annotated text file unicode.txt,Chosun Ilbo,조선일보,2018,2018_multi_summit,"리설주, 오후에 내려와 만찬 깜짝 참석할 듯 [오늘 남북정상회담] 남북 퍼스트 레이디 첫 만남 관심",,"27일 열리는 남북 정상회담에 김정은 북한 국무위원장 부인 리설주 사진이 참석해 어떤 역할과 발언을 할지에 관심이 쏠리고 있다.
청와대는 리설주가 오는지에 대해 확정되지 않았다고 했지만, 회담 당일 '평화의 집'에서 열리는 만찬(晩餐)에는 참석할 가능성이 큰 것으로 알려졌다.
정부는 26일 북한 측 주요 수행 인사 명단을 발표하면서 리설주는 포함하지 않았다.",3,201
iks_doc_2018_chosun_066,Chosun 2018 total annotated text file unicode.txt,Chosun Ilbo,조선일보,2018,2018_multi_summit,"남북정상회담준비 위원회 위원장인 임종석 대통령 비서실장은 이날 리설주 참석 여부에 대해 “아직 (북한과) 협의가 완료되지 않아 리설주 여사의 동행 여부를 결정하지 못하았다“며 “(정상회담 당일인 27일) 오후 혹은 만찬에 참석할 수 있기를 많이 기대하고 있지만, 아직 확정적으로 말씀 드리기 어렵다“고 말했다",,"리설주는 정의용 국가 안보실장 등 우리 측 대표단이 북한을 방문했을 때 함께 식사 자리에 동석했다.
최근 김 위원장의 중국 방문 때도 동행했다.
외교가에서는 북한이 '퍼스트 레이디'가 동행하는 대외 행사를 통해 '정상 국가'의 이미지를 굳히려는 의도로 풀이했다.
그래서 리설주가 이번에도 정상회담 오후 일정부터 김 위원장과 동행할 가능성이 점쳐진다.
김 위원장은 남측 평화의 집에서 오전 회담을 마치고 북측으로 돌아가 따로 오찬을 한 후 다시 남측에 내려와 기념 식수, 회담, 만찬 등을 하는데 이때 리설주와 함께 내려올 것이라는 것이다.
오전부터 올 경우 리설주가 머무를 곳이 마땅하지 않다는 이윤 것으로 알려졌다.
리설주가 올 경우 문재인 대통령 부인 김정숙 여사도 함께할 것으로 보인다.
오후 열리는 2차 회담 때 두 사람이 만나 별도의 행사나 환담 시간을 가질 수 있다는 것이다.
이날 정상 만찬 때도 두 사람이 합류해 부부 동반으로 행사를 가질 가능성이 크다.",9,486
iks_doc_2018_chosun_067,Chosun 2018 total annotated text file unicode.txt,Chosun Ilbo,조선일보,2018,2018_multi_summit,"“핵무기 시험 보유 금지““핵 시설 폐쇄 봉인“북한, 26년 전에 이미 비핵화를 약속했었다 [오늘 남북정상회담] 2005년 9.19 공동 성명 땐 “모든 핵무기 핵 계획 포기“",,"27일 남북 정상회담에서 '한반도 비핵화'가 최우선 의제가 되면서 남북 정상이 어떤 합의를 내놓을지에 관심이 쏠리고 있다.
특히 역대 비핵화 합의와 비교해 진전된 내용이 나올지 주목된다.
남북이 서명한 첫 비핵화 합의는 1992년 '한반도의 비핵화에 관한 공동 선언'이다.
1991년 합의되고 1992년 1월 정원식 국무총리와 북한 연형묵 정무원 총리가 서명했다.
남북은 6개 항의 합의문에서 핵무기 시험 생산 사용 등을 하지 않고 외국에서 들여 오지도 않겠다고 선언했다.
또 핵 재처리와 우라늄 농축 시설 보유도 금지했다.",6,293
iks_doc_2018_chosun_068,Chosun 2018 total annotated text file unicode.txt,Chosun Ilbo,조선일보,2018,2018_multi_summit,"靑, 만찬 메뉴 일일이 작명 만찬장 장식엔 “결속 상징“, 나무 물 흙까지 의미 부여 [오늘 남북정상회담] “이벤트 지나치면 본질 가려져“",,"청와대는 26일 문재인 대통령과 김정은 북한 국무위원장의 기념 식수(植樹) 등 남북 정상회담 일정 하나하나에 의미를 부여했다.
청와대는 심을 나무는 정전 협정이 체결된 1953년생 소나무고, 소나무를 덮을 흙은 한라산과 백두산에서 퍼 왔다고 했다.
여기에 문 대통령은 대동강 물을, 김 위원장은 한강 물을 줄 예정이란 설명도 덧붙였다.
만찬장 장식에 대해서도 남북 결속의 상징이라고 했다.
이를 두고 일부 취재 기자들 사이에서는 “회담장의 티끌 하나에도 이름을 달겠다“는 말이 나왔다.
청와대가 24일 정상회담 만찬 메뉴를 소개하면서 '스위스의 추억' '운명적인 만남' 등의 이름을 달아 홍보한 것도 “정상회담을 이벤트화한다“는 뒷말이 나왔었다.
이날 메인 프레스 센터에서 세 차례 이어진 전문가 토론회는 낙관적 전망이 주를 이뤘다.
양무진 북한대학원 대학교 교수는 “김정은 위원장은 승부사 기질이 있다.
앞으로 수시 회담도 가능하다고 본다“고 했고, 조성렬 국가안보전략연구원 수석 연구 위원은 “70년 동안 끌어 온 한반도 냉전 구조가 해체되는 계기를 맞이할 수 있을 것“이라고 했다.
프레스 센터 입구에서 열린 '통일 향수전'도 입방아에 올랐다.
전시된 향수에 '평안북도 옥수수 향의 추억' '황해도 해주 바다 내음' 등의 이름을 붙였는데 “옥수수 향이 나는 것도 아니고 무슨 관곈지 모르겠다“는 반응이 많았다.
국책 연구원의 한 관계자는 “의미 부여가 과하면 회담의 본질적 내용이 가려질 수 있다“고 했다.
한편, 이날 판문점에서 문 대통령과 김정은의 대역을 두고 1시간 30분 동안 최종 리허설을 진행했다고 김의겸 청와대 대변인이 밝혔다.
김 대변인은 “회담장과 만찬장 등에 남은 새 집 냄새를 빼내기 위해 난방 온도를 최대한 높였고 양파와 숯을 곳곳에 깔아 놨다“며 “선풍기도 여러 대 동원해 냄새를 빼려 했다“고 했다.
지뢰 제거 반과 수색견의 위험물 탐지 작업이 있었고 판문점 안에 있는 중유 탱크의 유류도 빼냈다고 한다.
또 3 군(軍) 의장대 환영 행사와 사열도 실전처럼 진행됐다.
김 대변인은 “(문 대통령이) 중압감이 있었는데 막상 내일 회담을 앞두고는 홀가분해한다고 전달 받았다“고 했다.",17,1069
iks_doc_2018_chosun_069,Chosun 2018 total annotated text file unicode.txt,Chosun Ilbo,조선일보,2018,2018_multi_summit,"“중국에 통절한 책임, 속죄“김정은, 무슨 사연 있기에 [오늘 남북정상회담] 中 관광객 교통 사고 직접 수습 전용 열차 내 주고 배웅까지, 왜? 남북 미북 정상회담 앞두고 중국과 사이 틀어질까 불안감, 경제 외교적 도움도 절실 외교가 “中 지도부 친인척이 사망자에 포함된 것 아니냐“",,"북한 김정은 국무위원장이 최근 황해북도에서 발생한 교통 사고로 죽거나 다친 중국인들을 본국으로 후송하기 위해 전용 열차를 내 주고, 25일 밤 평양 역에 직접 나가 배웅했다고 북한 관영 매체들이 26일 보도했다.
김정은은 중국 지도부 앞으로 '속죄'이란 표현이 담긴 위로 전문(電文)도 보냈다.
앞서 김정은은 사고 발생 직훈 지난 23일 새벽 6시 30분 평양 주재 중국 대사관을 찾아 침통한 표정으로 리진쥔(李進軍) 주북 중국 대사를 위로했다.
같은 날 저녁엔 부상자들이 입원 중인 조중친선 병원도 방문했다.
북한의 최고 지도자가 특정 사고의 뒤 처리를 직접 챙기며 이 정도로 관심을 쏟는 것은 극히 이례적이다.
김정은은 사고 수습을 위해 2박 3일 간 3 차례나 직접 공개 활동에 나섰다.
대북 소식통은 “북한이 현재 직면한 현안 가운데 이번 사고 수습에 최우선 순위를 부여하고 있음을 보여 준다“고 했다.
조선중앙통신에 따르면, 김정은은 25일 밤 평양 역에서 만난 리진쥔 대사에게 위로금과 위로 전문을 전달하며 “나와 우리 당과 정부는 이번 사고를 놓고 책임을 통절히 느낀다“고 말했다.
잇어 “그 어떤 말과 위로나 보상으로도 사랑하는 가족을 잃은 사람들의 아픔을 달랠 수 없다는 것을 잘 알지만 우리가 할 수 있는 모든 최선을 다해 중국 동지들을 조금이라도 위로해 주고 싶은 마음뿐“이라고 했다.",9,674
iks_doc_2018_chosun_070,Chosun 2018 total annotated text file unicode.txt,Chosun Ilbo,조선일보,2018,2018_multi_summit,전문에서도 김정은은 “중국의 벗들이 우리 땅에서 뜻하지 않은 사고를 당하게 된 것은 참으로 비통한 일이며 전체 조선 인민은 깊은 슬픔에 잠겨 있다“,,"“중국 동지들에게 그 어떤 말과 위로나 보상으로도 가실 수 없는 아픔을 준 데 대해 깊이 속죄한다“고 했다.
이 전문은 김정은, 김영남 최고인민회의 상임 위원장, 박봉주 내각 총리 명의로 작성됐고, 수신자도 시진핑 국가 주석, 리커창 총리, 리잔수 전인대 상무 위원장 3명이었다.
이 전문은 김정은이 평양 역에서 열차를 전송하는 사진 4장과 함께 26일 자 노동신문 1면에 크게 실렸다.
노동신문은 중국인 사상자를 태우고 평양 역을 떠난 열차에 대해 “최고 영도자 동지(김정은)가 '시신과 부상자들을 빠른 시간 안에 중국으로 후송했으면 한다'는 중국 동지들의 (문제) 제기를 (보고)받고 전용 열차를 편성하도록 했다“고 보도했다.
이처럼 이례적인 김정은의 행보는 이번 사고가 최근 어렵게 회복된 북 중 관계에 '돌발 악재'로 작용하는 것을 차단하겠다는 의도로 풀이된다.
국책연구소 관계자는 “김정은이 지난달 전격 방중한 것은 성공을 장담하기 어렵ㄴ 미북 정상회담에 대한 불안감 탓“이라며 “김정은은 '생명 보험'과 같은 중국과의 관계 악화를 우려해 필요 이상으로 저자세를 취하고 있다“고 했다.
북한이 남북, 미북 정상회담을 앞두고 중국에서 꼭 지원 받아야 할 경제 외교적 현안이 있어서 이런 것 아니냐는 관측도 있다.
그렇다 하더라도 김정은의 '사과 수위'가 전례 없이 높다는 의문이 제기된다.
특히 우상화 신격화된 북한의 수령이 대외적으로 '통절한 책임' '속죄'이란 표현을 써 가며 사과한 것은 북한 정권 수립 이후 처음이다.
정부 관계자는 “북한은 자신의 소행임가 확실한 군사 도발에 대해서도 거의 책임을 인정하거나 사과하지 않는다“며 “이번 사고의 인명 피해(사망 32명)가 크긴 하지만 김정은을 비롯해 북한 전체가 나서 사과하고 용서를 구하는 모습이 매우 생소하다“고 했다.",10,887
iks_doc_2018_chosun_071,Chosun 2018 total annotated text file unicode.txt,Chosun Ilbo,조선일보,2018,2018_multi_summit,외교가에선 “이번 교통 사고가 북한 당국의 귀책 사유로 일어났을 가능성이 있다“,,"“사망자 중에 중국 지도층의 지인이나 친인척이 포함됐을 것“이란 말들이 나온다.
文 대통령, 오늘 오후 김정은과 두 번째 정상회담 가져(1 보) 청와대는 문재인 대통령이 26일 오후 3시부터 5시까지 판문점 북측 지역 통일각에서 김정은 국무위원장과 두 번째 정상회담을 가졌다고 전했다.
文 대통령, 26일 오후 김정은과 정상회담 가져 27일 오전 10시 결과 발표 “미북 정상회담 성공적 개최 의견 교환“극비 진행 후 사후 공개... 서훈 국정원장, 김영철 통전부장 배석 문재인 대통령과 김정은 북한 국무위원장은 26일 오후 판문점 북측 지역 통일각에서 두 번째 남북정상회담을 가졌다.
윤영찬 청와대 국민 소통 수석은 이날 오후 출입 기자들에게 보낸 문자 메시지를 통해 “문재인 대통령이 26일 오후 3시부터 5시까지 판문점 북측 지역 통일각에서 김정은 국무위원장과 두 번째 정상회담을 가졌다“고 밝혔다.
윤 수석은 “두 정상이 이날 회담에서 4.27 판문점 선언의 이행과 북미 정상회담의 성공적 개최를 위해 허심탄회하게 의견을 교환했다“고 말했다.
그는 “양측 합의에 따라 회담 결과는 27일 오전 10시 문 대통령이 직접 발표할 예정“이라고 말했다.
이날 남북정상회담에는 우리 쪽에서 서훈 국가정보원장이 배석했고, 북한에서는 김영철 북한 노동당 부위원장 겸 통일전선부장이 배석했다.
이날 남북정상회담은 극비리에 진행된 뒤, 청와대가 오후 7시 50분경 전격적으로 공개하며 알려졌다.
이날 회담은 준비부터 성사까지 12시간이 걸리지 않은 것으로 알려졌다.
군에도 이날 오전에야 '4.27 정상회담에 준하는 경계 태세를 유지하라'이라는 지시가 내려간 것으로 전해졌다.
또 남북은 회담을 준비하는 과정에서 군 통신 선이나 판문점 채널을 통해 소통하지는 않은 것으로 전해진다.
남북 정상 간 직통 전화(핫라인)가 사용됐을 가능성 높아 보이는 대목이다.
이날 정상회담이 우리 측이 먼저 제안했는지, 김정은 북한 국무위원장 측이 먼저 제안했는지는 알려지지 않았다.
청와대가 공개한 영상에 따르면, 판문점 북측 지역 통일각 앞에서 김여정 북한 노동당 중앙 위원회 제1 부부장이 나와 문 대통령을 맞았다.
김정은은 통일각 안에서 문 대통령을 만나 악수했다.
문 대통령과 김정은은 회담 후 헤어지면서 포옹을 나누기도 했다.
청와대 관계자는 정상회담 전 남북 정상 간 '핫라인' 통화가 있었는지, 회담 배석자가 누군지, 회담 조율 과정이 어떠했는지 묻는 물음에 대해서는 “관련된 질문에 대한 답을 드릴 수 없다“며 “소통 수석의 공지 문 이외 내용은 내일 발표하기로 남북이 합의했기 때문“이라고 말을 아꼈다.
2차 정상회담에 서훈/김영철 배석, 남북 정보 라인 가동 26일 판문점 북측 지역 통일각에서 열린 문재인 대통령과 김정은 북한 국무위원장의 두 번째 정상회담에는 서훈 국가정보원장과 김영철 북한 통일전선부장이 배석했다.
청와대가 26일 오후 공개한 남북정상회담 사진에는 양측 정보 라인 책임잔 서 원장과 김영철이 찍혔다.
조명균 통일부 장관, 북측 리선권 조국평화통일위원회 위원장 등 공식 남북 관계 라인이나 군 라인, 외교 라인 등 인사는 포함되지 않았다.
회담을 준비하는 과정에서도 군 통신 선이나 판문점 채널은 쓰이지 않은 것으로 전해진다.
남북 정상 간 직통 전화(핫라인)가 사용됐을 가능성 높아 보이는 대목이다.
이날 남북정상회담의 준비 및 진행 과정은 철저히 극비 속에 진행됐다.
오후 3시부터 5시까지 열린 회담이 끝나고, 청와대가 오후 7시 50분경 이 사실을 전격적으로 공개하기 전까지는 청와대 주요 참모들도 상당 수 관련 사실을 알지 못하았던 것으로 보인다.
이날 회담은 준비부터 성사까지 12시간이 걸리지 않은 것으로 알려졌다.
군에도 이날 오전에야 '4.27 정상회담에 준하는 경계 태세를 유지하라'이라는 지시가 내려간 것으로 전해졌다.
청와대는 정상회담 전 남북 정상 간 '핫라인' 통화가 있었는지, 회담 배석자가 누군지, 회담 조율 과정이 어떠했는지 묻는 물음에 대해서는 함구하고 있다.
청와대 관계자는 “관련된 질문에 대한 답을 드릴 수 없다“며 “소통 수석의 공지 문 이외 내용은 내일 발표하기로 남북이 합의했기 때문“이라고 말을 아꼈다.",28,2049
iks_doc_2018_chosun_072,Chosun 2018 total annotated text file unicode.txt,Chosun Ilbo,조선일보,2018,2018_multi_summit,"文 대통령, 김정은과 '미북정상회담' 집중 논의한 듯",,"문재인 대통령과 김정은 북한 국무위원장은 26일 오후 판문점 북측 지역 통일각에서 열린 두 번째 남북정상회담에서 미북정상회담에 대해 집중적으로 논의했을 것으로 예상된다.
윤영찬 청와대 국민 소통 수석은 이날 오후 출입 기자들에게 보낸 문자 메시지를 통해 “문재인 대통령이 26일 오후 3시부터 5시까지 판문점 북측 지역 통일각에서 김정은 국무위원장과 두 번째 정상회담을 가졌다“며 “두 정상이 이날 회담에서 4.27 판문점 선언의 이행과 북미 정상회담의 성공적 개최를 위해 허심탄회하게 의견을 교환했다“고 밝혔다.
청와대가 밝힌 정상회담의 화제는 '4.27 판문점 선언 이행', '북미 정상회담의 성공적 개최'이다.
양 정상은 이중 최근 난기류를 만난 '미북 정상회담' 문제를 집중적으로 논의했을 것으로 보인다.
북한 입장에서도 최우선 과제지만, 청와대도 이 문제에 적극적인 역할을 예고해 왔기 때문이다.
앞서 도널드 트럼프 미국 대통령이 지난 24일 미북 정상회담 취소 선언한 뒤, 문 대통령은 정상 간 직접 대화가 필요하다는 입장을 밝혔다.
문 대통령은 25일 새벽 국가안전보장 회의(NSC) 상임 위원들과의 긴급 회의 후 “문제 해결을 위한 당사자들의 진심은 변하지 않았다“며 “(미북) 정상 간 보다 직접적이고 긴밀한 대화로 해결해 가기를 기대한다“고 했다.
청와대 관계자는 이와 관련 '문 대통령이 미국이나 북한에 갈 계획이 있나'이라는 물음을 받고 “대통령 메시지에 저희의 향후 프로그램이 다 녹아 있다고 본다“며 “대통령의 메시지를 잘 보라“고 방북 가능성을 열어 놓는 대답을 하기도 했다.
특히 문 대통령이 김정은에게 우리 정부가 파악하고 있는 미국 정부 내의 외교 안보 의사 결정의 중요 위치에 있는 인사들의 성향과 내부 권력 구도에 대해 설명했을 가능성이 높은 것으로 보인다.
이에 따라 다음날 오전으로 예정된 남북 정상회담 결과 발표에도 미북 정상회담 개최와 관련된 내용이 중요한 비중을 차지할 것으로 보인다.
윤영찬 수석은 “양측 합의에 따라 회담 결과는 27일 오전 10시 문 대통령이 직접 발표할 예정“이라고 말했다.
청와대 관계자는 정상회담 전 남북 정상 간 '핫라인' 통화가 있었는지, 회담 배석자가 누군지, 회담 조율 과정이 어떠했는지 묻는 물음에 대해서는 “관련된 질문에 대한 답을 드릴 수 없다“며 “소통 수석의 공지 문 이외 내용은 내일 발표하기로 남북이 합의했기 때문“이라고 말을 아꼈다.",12,1190
iks_doc_2018_chosun_073,Chosun 2018 total annotated text file unicode.txt,Chosun Ilbo,조선일보,2018,2018_multi_summit,"2차 정상회담에 엇갈린 정치권 與 “놀랍고 반가워“, 野 “투명하지 못한 깜짝 쇼“",,"26일 열린 문재인 대통령과 김정은 북한 국무위원장의 두 번째 정상회담에 대해 정치권이 엇갈린 반응을 보였다.
박범계 더불어민주당 수석 대변인은 서면 브리핑에서 이번 정상회담에 대해 ‘놀랍고도 반갑ㄴ 소식'이라고 평가했다.
그는 “이번 2차 정상회담은 양 정상 간에 상당한 신뢰가 바탕이 돼 이루어진 것“이라며 “이번 회담이 미북 정상회담의 개최 여부와 성공 가능성에도 상당히 긍정적으로 작용할 것으로 기대된다“고 전했다.
반면 자유한국당은 이번 정상회담을 '투명하지 못한 깜짝 쇼'이라고 지적했다.
정태옥 자유한국당 대변인은 “급변하는 한반도 정세를 고려할 때 문 대통령의 노력을 마냥 비판할 생각은 없다“면서도 “정상회담을 국민에게 사전에 알리지 않고 깜짝 쇼로 진행하는 것이 북핵 폐기에 어떤 도움이 되는지 우려가 된다“고 논평했다.
그는 “도널드 트럼프 미국 대통령이 다음 달 12일로 예정됐던 미북 정상회담을 취소하겠다고 했던 주된 이유 중 하나로 문 대통령의 중재가 투명하지 못하았기 때문이라는 지적이 있다“며 “이 같은 상황에서 또다시 동맹과 충분한 협의 없이 남북 정상회담을 진행한 것도 우려스럽다“고 덧붙였다.
바른미래당은 “27일 진행될 문 대통령의 정상회담 결과 발표를 듣고 판단하겠다“며 신중한 입장을 보였다.
유의동 바른미래당 수석 대변인은 “갑작스럽게 열린 정상회담이 스스럼없는 남북 관계에서 나온 만남인지, 오늘 만나지 않으면 안 될 절박한 상황에서 진행된 만남인지 현재는 알ㄹ 길이 없다“며 “대통령의 발표를 듣고 판단할 수 밖에 없다“고 말했다.",8,770
iks_doc_2018_chosun_074,Chosun 2018 total annotated text file unicode.txt,Chosun Ilbo,조선일보,2018,2018_multi_summit,백악관 “한국 측 사전 연락 있었다“정상회담 입장에 대해선 침묵,,"백악관은 26일(현지 시각) 판문점에서 열린 2차 정상회담과 관련해 “한국 측으로부터 미리 연락을 받았다“고 밝혔다.
그러나 2차 정상회담과 관련한 입장이 무엇이냐는 질문엔 답변하지 않았다.
백악관 국가안보회의(NSC) 관계자는 이날 '2차 남북정상회담을 미리 통보 받았느냐'는 본지의 질의에 “한국 측이 미리 통보했다“고 답했다.
그러나 '2차 정상회담에 대한 백악관의 입장은 무엇인가' '2차 회담 전에 백악관과 청와대가 미리 조율했느냐'는 질문엔 답하지 않았다.
이를 볼 때 청와대는 2차 남북 정상회담 전 정상회담 개최 사실은 미국 측에 사전 통보한 것으로 보인다.
그러나 두 번째 판문점 정상회담의 자세한 내용에 대해선 미국 측이 사전 혹은 사후에 제대로 내용을 전달 받지 못하아 아직 백악관의 입장을 정하지 못하았을 수도 있다.
이런 상황에서 세라 샌더스 백악관 대변인은 이날 “백악관 정상회담 사전 준비 팀 실무진이 이번 주말 싱가포르로 출발한다“고 밝혔다.
로이터통신은 백악관 사전 준비 팀은 30명 가량으로 구성됐고, 출발일은 27일이라고 밝혔다.
사전 준비 팀은 일본 도쿄를 경유해 갈 것으로 알려졌다.
폴리티코는 조셉 헤이긴 백악관 부비서실장과 패트릭 클리프턴 대통령 특별 보좌관이 선발대를 이끌ㄴ다고 보도했다.",10,633
iks_doc_2018_chosun_075,Chosun 2018 total annotated text file unicode.txt,Chosun Ilbo,조선일보,2018,2018_multi_summit,"北 “남북 정상, 6월 1일 고위급 회담 개최 합의“",,"27일 북한의 관영 중앙통신과 노동신문이 “내달 1일 남북고위급회담이 개최된다“고 보도했다.
중앙통신은 “남북 정상이 6월 1일 고위급 회담 개최에 합의했고, 군사 적십자 회담도 가속 추진하기로 합의했다“고 밝혔다.
노동신문도 이날 1면을 활용해 “경애하는 최고 령도자 김정은 동지께서 문재인 대통령과 또다시 상봉하고 회담했다“며 “(김정은 북한 국무위원장이) 역사적인 조미수뇌회담(미북정상회담)에 대한 확고한 의지를 피력했다“라고 밝혔다.
남북정상회담은 전날 판문점 북측 지역 통일각에서 오후 3시부터 5시까지 열렸다.
문 대통령과 김정은 북한 국무위원장은 두 번째 정상회담에서 4.27 판문점 선언의 이행과 북미 정상회담의 성공적 개최를 위해 의견을 나눈 것으로 알려졌다.",5,378
iks_doc_2018_chosun_076,Chosun 2018 total annotated text file unicode.txt,Chosun Ilbo,조선일보,2018,2018_multi_summit,"北 “남북 정상, 군사 적십자 회담 가속 추진 합의“","文 대통령 “26일 정상회담, 김정은이 먼저 제의“文 대통령 “6.12 북미정상회담 성공적 개최 의지 확인“[발표문 전문] 文 대통령 “남북 정상, 6.12 북미정상회담 성공적 개최 의지 확인“","문재인 대통령은 27일 “남북 정상은 6.12 북미정상회담이 성공적으로 이루어져야 하며, 한반도의 비핵화와 항구적인 평화 체제를 위한 우리의 여정은 결코 중단될 수 없다는 점을 확인하고, 이를 위해 긴밀히 상호 협력하기로 했다“고 말했다.
문 대통령은 이날 청와대에서 전날 판문점 북측 지역에서 진행된 2차 남북정상회담과 관련해 기자 회견을 갖고 “김정은 위원장은 판문점 선언에 잇어 다시 한 번 한반도의 완전한 비핵화 의지를 분명히 했으며, 북미정상회담의 성공을 통해 전쟁과 대립의 역사를 청산하고 평화와 번영을 위해 협력하겠다는 의사를 피력했다“면서 이같이 밝혔다.
문 대통령은 “우리는 4.27 판문점 선언의 조속한 이행을 재확인했다“며 “이를 위해 남북 고위급 회담을 오는 6월 1일 개최하고, 군사적 긴장 완화를 위한 군사 당국자 회담과 이산가족 상봉을 위한 적십자 회담을 연이어 갖기로 합의했다“고 말했다.
문 대통령은 “양 정상은 이번 회담이 필요에 따라 신속하고 격식 없이 개최된 것에 큰 의미가 있다고 평가했다“면서 “앞으로도 필요한 경우 언제든지 서로 통신하거나 만나, 격의 없이 소통하기로 했다“고 말했다.
문 대통령은 또 전날 정상회담에 대해 “김정은 위원장이 그제 오후, 일체의 형식 없이 만나고 싶다는 뜻을 전해 왔고, 저는 흔쾌히 수락했다“며 “친구 간의 평범한 일상처럼 이루어진 이번 회담에 매우 큰 의미를 부여하고 싶습니다.
남북은 이렇게 만나야 한다“고 했다.
문 대통령은 “(5.26 정상회담에서)저는 지난주에 있었던 트럼프 미국 대통령과의 정상회담 결과를 설명하면서, 트럼프 대통령은 김 위원장이 완전한 비핵화를 결단하고 실천할 경우, 북한과의 적대 관계 종식과 경제 협력에 대한 확고한 의지가 있다는 점을 전달했다“고 설명했다.
잇어 “김 위원장과 트럼프 대통령 모두 북미정상회담의 성공을 진심으로 바라고 있는 만큼 양측이 직접적인 소통을 통해 오해를 불식시키고, 정상회담에서 합의해야할 의제에 대해 실무 협상을 통해 충분한 사전 대화가 필요하다는 점을 강조했다“며 “김 위원장도 이에 동의했다“고 전했다.
다음은 문 대통령의 2차 남북정상회담 결과 발표문 전문.
존경하는 국민 여러분!?
저는 어제 오후, 판문점 북측 지역 통일각에서 김정은 국무위원장과 두 번째 남북정상회담을 가졌습니다.?
지난 4월 27일 판문점 평화의 집에서 첫 회담을 한 후, 꼭 한 달 만입니다.?
지난 회담에서 우리 두 정상은 필요하다면 언제 어디서든 격식 없이 만나 서로 머리를 맞대고 민족의 중대사를 논의하자고 약속한 바 있습니다.?
김 위원장은 그제 오후, 일체의 형식 없이 만나고 싶다는 뜻을 전해 왔고, 저는 흔쾌히 수락했습니다.?
오랫동안 저는 남북의 대립과 갈등을 극복하기 위한 방법으로 정상 간의 정례적인 만남과 직접 소통을 강조해 왔고, 그 뜻은 4.27 판문점 선언에 고스란히 담겨 있습니다.?
그런 의미에서 저는 지난 4월의 역사적인 판문점 회담 못지않게, 친구 간의 평범한 일상처럼 이루어진 이번 회담에 매우 큰 의미를 부여하고 싶습니다.
남북은 이렇게 만나야 한다는 것이 제 생각입니다.?
국민 여러분!?
우리 두 정상은 북미정상회담을 앞두고, 허심탄회한 대화를 나눴습니다.?
저는 지난주에 있었던 트럼프 미국 대통령과의 정상회담 결과를 설명하면서, 트럼프 대통령은 김 위원장이 완전한 비핵화를 결단하고 실천할 경우, 북한과의 적대 관계 종식과 경제 협력에 대한 확고한 의지가 있다는 점을 전달했습니다.?
?특히 김 위원장과 트럼프 대통령 모두 북미정상회담의 성공을 진심으로 바라고 있는 만큼 양측이 직접적인 소통을 통해 오해를 불식시키고, 정상회담에서 합의해야할 의제에 대해 실무 협상을 통해 충분한 사전 대화가 필요하다는 점을 강조했습니다.
김 위원장도 이에 동의했습니다.?
김정은 위원장은 판문점 선언에 잇어 다시 한 번 한반도의 완전한 비핵화 의지를 분명히 했으며, 북미정상회담의 성공을 통해 전쟁과 대립의 역사를 청산하고 평화와 번영을 위해 협력하겠다는 의사를 피력했습니다.?
우리 두 정상은 6.12 북미정상회담이 성공적으로 이루어져야 하며, 한반도의 비핵화와 항구적인 평화 체제를 위한 우리의 여정은 결코 중단될 수 없다는 점을 확인하고, 이를 위해 긴밀히 상호 협력하기로 했습니다.
또한 우리는 4.27 판문점 선언의 조속한 이행을 재확인했습니다.?
이를 위해 남북 고위급 회담을 오는 6월 1일 개최하고, 군사적 긴장 완화를 위한 군사 당국자 회담과 이산가족 상봉을 위한 적십자 회담을 연이어 갖기로 합의했습니다.?
양 정상은 이번 회담이 필요에 따라 신속하고 격식 없이 개최된 것에 큰 의미가 있다고 평가하고,?앞으로도 필요한 경우 언제든지 서로 통신하거나 만나, 격의 없이 소통하기로 했습니다.??
존경하는 국민 여러분!?
돌아보면 지난해까지 오랜 세월 우리는 늘 불안했습니다.
안보 불안과 공포가 경제와 외교에는 물론 국민의 일상적인 삶에까지 파고들었습니다.
우리의 정치를 낙후시켜 온 가장 큰 이유기도 했습니다.
그러나, 지금 우리는 역사의 물 줄기를 바꾸고 있습니다.?
평창올림픽을 평화 올림픽으로 만들었고, 긴장과 대립의 상징이었던 판문점에 평화와 번영의 새롭ㄴ 길을 내고 있습니다.
북한은 스스로 핵 실험과 미사일 발사를 중단하고, 풍계리 핵 실험장을 폐기하는 결단을 보여 줬습니다.?
?이제 시작이지만, 그 시작은 과거에 있었던 또 하나의 시작이 아니라, 완전히 새롭ㄴ 시작이 될 것입니다.
산의 정상이 보일 때부터 한 걸음 한 걸음이 더욱 힘들어지듯이 한반도의 완전한 비핵화와 완전한 평화에 이르는 길이 결코 순탄하지 않을 것입니다.?
그러나 저는 대통령으로서 국민이 제게 부여한 모든 권한과 의무를 다해 그 길을 갈 것이고, 반드시 성공할 것입니다.?
국민 여러분께서도 함께 해 주시기 바랍니다.
감사합니다.?",39,2846
iks_doc_2018_chosun_077,Chosun 2018 total annotated text file unicode.txt,Chosun Ilbo,조선일보,2018,2018_multi_summit,?2018년 5월 27일 대한민국 대통령 문재인,"대통령 “김정은 제안해 2차 정상회담, 6.12 북미 회담 개최 의지 확인“
文 대통령 “남북 고위급 회담, 6월 1일 개최 합의“","문재인 대통령은 27일 김정은 북한 국무위원장 제안으로 2차 남북정상회담을 개최해 6.12 미북정상회담이 성공적으로 이루어져야 한다는 점을 확인했다고 밝혔다.
문 대통령은 이날 오전 청와대 춘추관에서 기자 회견을 열고 “저는 어제 오후, 판문점 북측 지역 통일각에서 김정은 국무위원장과 두 번째 남북정상회담을 가졌다“며 “김 위원장은 그제 오후, 일체의 형식 없이 만나고 싶다는 뜻을 전해 왔고, 저는 흔쾌히 수락했다“고 밝혔다.?
문 대통령은 “우리 두 정상은 북미정상회담을 앞두고, 허심탄회한 대화를 나눴다“며 “저는 지난주에 있었던 트럼프 미국 대통령과의 정상회담 결과를 설명하면서, 트럼프 대통령은 김 위원장이 완전한 비핵화를 결단하고 실천할 경우, 북한과의 적대 관계 종식과 경제 협력에 대한 확고한 의지가 있다는 점을 전달했다“고 말했다.?
?문 대통령은 “특히 김 위원장과 트럼프 대통령 모두 북미정상회담의 성공을 진심으로 바라고 있는 만큼 양측이 직접적인 소통을 통해 오해를 불식시키고, 정상회담에서 합의해야할 의제에 대해 실무 협상을 통해 충분한 사전 대화가 필요하다는 점을 강조했다“고 말했다.
문 대통령은 “김 위원장도 이에 동의했다“고 덧붙였다.
문 대통령은 “김정은 위원장은 판문점 선언에 잇어 다시 한 번 한반도의 완전한 비핵화 의지를 분명히 했으며, 북미정상회담의 성공을 통해 전쟁과 대립의 역사를 청산하고 평화와 번영을 위해 협력하겠다는 의사를 피력했다“고 말했다.?
문 대통령은 “우리 두 정상은 6.12 북미정상회담이 성공적으로 이루어져야 하며,?한반도의 비핵화와 항구적인 평화 체제를 위한 우리의 여정은 결코 중단될 수 없다는 점을 확인하고, 이를 위해 긴밀히 상호 협력하기로 했다“고 말했다.?
문 대통령은 “또한 우리는 4.27 판문점 선언의 조속한 이행을 재확인했다“며 “이를 위해 남북 고위급 회담을 오는 6월 1일 개최하고, 군사적 긴장 완화를 위한 군사 당국자 회담과 이산가족 상봉을 위한 적십자 회담을 연이어 갖기로 합의했다“고 말했다.
문 대통령은 “양 정상은 이번 회담이 필요에 따라 신속하고 격식 없이 개최된 것에 큰 의미가 있다고 평가하고, 앞으로도 필요한 경우 언제든지 서로 통신하거나 만나, 격의 없이 소통하기로 했다“고 덧붙였다.?
문 대통령은 “우리는 역사의 물 줄기를 바꾸고 있다“며 “평창올림픽을 평화 올림픽으로 만들었고, 긴장과 대립의 상징이었던 판문점에 평화와 번영의 새롭ㄴ 길을 내고 있다“고 말했다.
잇어 “북한은 스스로 핵 실험과 미사일 발사를 중단하고, 풍계리 핵 실험장을 폐기하는 결단을 보여 줬다“며 “이제 시작이지만, 그 시작은 과거에 있었던 또 하나의 시작이 아니라, 완전히 새롭ㄴ 시작이 될 것“이라고 했다.
문 대통령은 “산의 정상이 보일 때부터 한 걸음 한 걸음이 더욱 힘들어지듯이 한반도의 완전한 비핵화와 완전한 평화에 이르는 길이 결코 순탄하지 않을 것“이라며 “그러나 저는 대통령으로서 국민이 제게 부여한 모든 권한과 의무를 다해 그 길을 갈 것이고, 반드시 성공할 것이다.",12,1493
iks_doc_2018_chosun_078,Chosun 2018 total annotated text file unicode.txt,Chosun Ilbo,조선일보,2018,2018_multi_summit,국민 여러분께서도 함께 해 주시기 바란다“,,"문 대통령은 “오랫동안 저는 남북의 대립과 갈등을 극복하기 위한 방법으로 정상 간의 정례적인 만남과 직접 소통을 강조해 왔고, 그 뜻은 4.27 판문점 선언에 고스란히 담겨 있다“며 “그런 의미에서 저는 지난 4월의 역사적인 판문점 회담 못지않게, 친구 간의 평범한 일상처럼 이루어진 이번 회담에 매우 큰 의미를 부여하고 싶다“고도 했다.",1,189
iks_doc_2018_chosun_079,Chosun 2018 total annotated text file unicode.txt,Chosun Ilbo,조선일보,2018,2018_multi_summit,"文 대통령 “정상회담 하루 뒤 브리핑, 김정은 요청에 따른 것“","[질의 응답 전문] 北, CVID 수용? “미국이 확인한 것 아닌가““김정은, 北 비핵화할 경우 미국에서 적대 관계 종식하고 체제 안전 보장할 것인지 걱정““北 비핵화 의지, 미흡하게 확인했다면 북미 회담 실무 협상 과정에서 드러날 것““북미 정상회담이 성공하면 남북미 삼 자 정상회담 통해 종전 선언이 추진되길 바라“","/ 4.27 정상회담 이후 한 달 만에 다시 정상회담을 했다.
이번 회담이 이루어진 구체적인 배경이 궁금하다.
비핵화 협상 국면에서 어제 회담은 어떤 의민가?
“아시는 바와 같이 4.27 판문점 선언의 후속 이행과 6.12 북미 정상회담의 준비 과정에서 약간의 어렵ㄴ 사정들이 있었다.
그런 사정들을 불식시키고 북미 정상회담을 성공적으로 이뤄 내고 4.27 판문점 선언을 신속하게, 함께 이행하는 데 있어 매우 중요한 시점이라고 봤다.
그런 상황에서 북한 김정은 국무위원장이 (정상 간 대화를)요청해 왔고, 또 남북의 실무진이 통화를 통해서 협의하는 것보다 직접 만나서 허심탄회하게 대화 나누는 것이 좋겠다고 판단해서 전격적으로 회담이 이루어졌다.
그런 사정 때문에 사전에 회담 사실을 우리 언론에 미리 알리지 못하아 양해를 구하고 싶다.“
/오늘 발표문을 보니 김정은이 미북 정상회담이 성공적으로 이루어져야 한다면서 한반도의 완전 비핵화 의지를 피력했다고 했다.
김정은과의 회담이 6.12 미북 정상회담에 어떤 영향을 미칠 것으로 보나.
남은 변수는 무엇인가?
“김정은 위원장은 한반도의 완전한 비핵화의 의지가 확고하다는 것을 어제 다시 한 번 분명하게 피력했다.
김정은 위원장에게 불분명한 것은 비핵화 의지가 아니라, 자신들이 비핵화할 경우에 미국에서 적대 관계를 종식하고 체제 안전을 보장하겠다는 것에 대해 신뢰할 수 있는지 대한 걱정이 있다고 한다.
반면 한미 정상회담에서 트럼프 대통령은 북한이 비핵화할 경우 적대 관계를 종식할 뿐 아니라 경제적 번영까지도 줄 수 있다는 의사를 분명히 피력했다.
저는 양국 간 각자 가진 이런 의지들을 전달하고 직접적인 소통을 통해서 상대방의 의지를 확인할 것을 촉구하고 있는 것이다.
6.12 북미 정상회담이 성공적으로 열릴 것인지 여부는 지금 북미 간 회담 준비를 위한 실무 협상이 곧 시작될 것으로 알ㄴ다.
그 실무 협상에는 의제에 관한 협상도 포함돼 있다.
이 의제에 관한 실무 협상이 얼마나 순탄히 잘 마쳐지느냐 따라서 6.12 정상회담 성공 여부가 달려 있다.
북미 양국 간에 상대가 무엇을 뭔하고 있는지 분명히 인식하는 가운데 회담이 추진되고 있기 때문에 실무 협상도, 6.12 본회담도 잘 될 것이라고 기대하고 있다.“
/김정은의 비핵화 의지가 확고하다고 한 판단의 근거는 무엇인가.
어제 회담에서 그와 관련한 김정은 워딩을 소개해 달라.
또 북한이 단계적, 동시적 비핵화 해법을 말해 왔는데 그와 관련된 진전된 내용이 있나.
“그것과 관련해 여러 차례 설명 드렸고 폼페이오 (미국 국무)장관도 김정은을 직접 만나 확인했다고 말한 바 있다.
그에 대한 추가 설명이 필요하다고 생각하지 않는다.
실제 비핵화에 대해서 뜻이 같다고 하더라도 그것을 어떻게 실현해 갈 것인가라는 로드맵은 양국 간에 협의가 필요하고 그런 과정이 어렵ㄹ 수 있다.
그 로드맵은 북미 간 협의할 문제기 때문에 제가 제 생각을 앞질러서 말씀 드리는 것은 적절하지 않은 것 같다.“
/여러 차례 북한이 비핵화 의지 표명했다고 하는데 북한이 CVID를 수용하는지에 대해서는 확인한 적이 없다.
문 대통령이 생각할 때는 북한이 CVID를 수용할 것으로 보나?
“북한 비핵화 의지에 대해선 거듭 말씀 드렸기 때문에, 제 거듭된 답변이 필요한 것이 아니라고 생각한다.
북미 간 정상회담을 하려면 그 점에 대한 상대의 의지를 확인한 후에 회담이 가능할 것으로 보는데, 북미 간 회담을 하고 실무 협상을 한다는 것은 미국에서도 북한의 그런 의지를 확인한 것 아닌가 싶다.
혹시라도 확인 과정에서 미흡한 것이 있었다면 실무 협상 과정에서 분명히 확인하게 될 것으로 본다.“
/트럼프 대통령이 어제 남북 정상회담 만남에 영향을 미쳤는지 궁금하다.
지난 목요일부터 상황이 스펙타클하게 진행됐는데 이 과정에서 트럼프 대통령과 직간접적으로 소통했나.
“지금 제가 하고 있는 모든 노력은 한편으로 남북 관계 개선 시키기 위한 것이기도 하지만 다른 한편으로는 남북 관계 개선을 위해 반드시 필요한 북미 정상회담의 성공을 위한 것이다.
북미 정상회담의 성공을 위해 저는 미국, 북한과 긴밀히 소통하고 협의할 것이다.
최근 미국을 방문해 트럼프 대통령과 회담을 가졌고 어제 김정은과 다시 회담을 했다.
어제 김정은과 회담을 통해 논의된 내용들은 아시는 바와 같이 미국 측에 전달했다고 말씀 드린다.“
/트럼프 대통령의 의중을 참고하고 김정은을 만났는지 궁금하다.
혹시 전화로 남북미 3자 대화를 하는 것을 생각해 봤나.
“뭣.. (웃음) 핫라인 통화는 즉각 전화를 받을 수 있는 통신 회선이 구축돼야 한다.
(핫라인은)아시는 바와 같이 남북 간에 최근 개설됐고, 북미 간에도 앞으로 구축될 필요가 있다고 본다.
아마도 그런 남북미 3국 간의 핫라인 통화를 개설할 정도까지 가려면 사전에 남북미 3자 간 정상회담부터 먼저 할 수 있지 않을까 생각한다.
전 그런 기대를 갖는다.
북미 정상회담이 성공할 경우 남북미 3자 정상회담을 통해 종전 선언이 추진됐으면 좋겠다는 기대를 갖고 있다.“
“마지막으로 여러분들이 공통적으로 가진 의문에 대해 한 가지 말씀 드리겠다.
어제 논의한 내용을 어제 바로 발표하지 않고 오늘 발표한 것은, 북한 김정은 국무위원장의 요청에 따른 것이다.
북측은 북측 형편 때문에 오늘 보도할 수 있다면서 우리도 오늘 발표해 줬으면 좋겠다고 요청해 왔다.
그래서 어제는 회담 사실만 공개했고, 논의한 내용은 오늘 이렇게 제가 따로 이렇게 발표하게 되었다는 점에 대해 양해 말씀 드린다.“",47,2689
iks_doc_2018_chosun_080,Chosun 2018 total annotated text file unicode.txt,Chosun Ilbo,조선일보,2018,2018_multi_summit,"靑 “트럼프, 대규모 美 北 경협 의사 밝혀... 사례도 들어“",,"“한미 정상 통화에서 수차례 밝혀... 몇 가지 예시 들었지만 현 단계 발표 부적절“청와대는 27일 한미 정상 통화에서 도널드 트럼프 미국 대통령이 여러 차례 대규모 대북 경협 의사를 밝혔다고 전했다.
청와대 고위 관계자는 이날 오전 춘추관에서 기자들과 만나 '미국 측이 비핵화 시 대북 경제 지원 의사를 우리 정부에게 전했냐'는 물음에 대해 “한미 정상 간에는 지난 22일 회담도 있었지만, 앞으로도 계속 (소통이) 있을 것으로 기대하는데 전화 통화를 수시로 한다“며 “그 과정에서 이번 북미 정상회담이 성공하게 되면 미국은 북한과 경제 협력을 대규모로 할 의사를 갖고 있다고 몇 번 말했다“고 밝혔다.
잇어 “예도 몇 가지 들었지만 현 단계 발표하는 것은 적절하지 않다“고 덧붙였다.
이 관계자는 문 대통령이 여러 차례 강조한 남북미 3자 정상회담 가능성 및 북한과 미국 측 입장에 대해서는 “3자 정상회담을 어떻게, 언제 개최하느냐는 구체적 내용에 대해서는 아직 합의된 것이 없고 계속 실무 차원에서 가능성 검토만 진행되고 있다“고 말했다.
그는 “남북 간에 실무 차원에서 북미 회담의 성공을 위해서는 북한이 갖고 있는 안보 측면의 우려를 해소해 줄 수 있는 방안도 여러 가지를 검토하고 있다“며 “예를 들면, 상호 불가침 약속을 다시 한다든지, 현 정전 협정을 평화 협정으로 전환하는 협상을 개시한다든지, 3국 간 종전 선언을 한다든지다.
이 문제는 4.27 판문점 선언에도 포함됐다.
이런 방안에 대한 검토가 필요하다는 측면에서 협의를 진행하고 있다“고 말했다.
잇어 “제가 말한 여러 가지 방안도 북한의 비핵화 추진 방안에 관한 북미 간의 합의가 이루어지고 그 합의를 북한이 어느 정도 실질적으로 이행한 다음 검토하는 것“이라고 했다.
그는 남북정상회담 준비 과정에 대해서는 “남북은 여러 가지 소통 경로를 유지하고 있다.
그 중 하나가 서훈 국가정보원장과 김영철 북한 통일전선부장 겸 당 부위원장“이라며 “그제 최근에 북미정상회담을 준비하고 남북 관계를 앞으로 어떻게 발전시켜 나가야 하는지에 대한 4.27 판문점 회담 후속 조치 방안 협의가 있었고, 그 과정에서 북측에서 김정은 위원장의 구상이라고 하면서 이런 격의 없는 소통을 한 번 갖는 방안을 제시해 왔다“고 말했다.
잇어 “우리가 두 사람의 접촉 이후 관련 장관들과의 협의를 통해서 대통령께 건의 드렸고, 대통령이 그것을 승락해 주셔서 25일 밤부터 26일 오전까지 실무적 준비를 갖고 26일 오후 정상회담이 개최됐다“고 설명했다.
그는 핵무기 반출과 '일괄 타결' 방식 등 구체적 비핵화 방법론에 대한 김정은 북한 국무위원장의 입장이 뭣이냐는 물음에 대해서는 즉답을 피했다.
다만 “지금 진행되는 과정은 한반도의 완전한 비핵화를 통한 항구적 평화 정착이라는 엄청난 목표를 향해 가는 과정“이라며 “세계사적 전쟁과 평화에 관한 인류의 역사를 새로 쓰는 엄청난 변화가 일어나기 때문에 쉽게 이루어질 수 없다“고 말했다.
잇어 “압축된 시간에 이루어져야해 그 목표 달성 과정에서 다소 어려움이 있을 것으로 보이지만, 우리 정부는 북미 정상회담이 예정대로 개최될 것으로 믿고, 그 회담에서 반드시 좋은 성과가 날 것으로 기대한다“고 했다.
그는 김계관, 최선희 북한 외무성 부상의 담화 이후 미국 측이 불만을 표시한 것과 관련 지난 26일 남북정상회담에서 김정은의 배경 설명이 있었냐는 물음에 대해서는 “정상 간 논의 내용을 다 밝힐 수 없다는 점을 양해해 달라“며 “어제 회동에서는 남북 관계 발전 방안과 북미 정상회담을 어떻게 성공적으로 개최할까에 대한 양 정상 간 허심탄회한 논의가 있었다“고 했다.
한편 또 다른 청와대 고위 관계자는 2차 남북정상회담에서 한미 연합 훈련에 대한 이야기는 없었나라는 물음에 대해 “정상 간 이야기를 다 전할 수 없다“고 했다.
靑 “정의용/볼턴 긴밀 정보 공유“... 외교 안보 수장 불통 우려에 반론 '2차 남북정상회담 사전 공유?' 질문에 “미국과는 언제든 상세하게 공유“청와대는 27일 제2차 남북정상회담 관련 사실을 미국 측과 상세하게 공유하고 있고 한미 양국 간 안보 수장 소통 채널이 건재하다고 밝혔다.
청와대 고위 관계자는 이날 오전 문재인 대통령의 기자 회견이 끝난 뒤 춘추관에서 기자들과 만나 제2차 남북정상회담 사실을 미국과 공유했냐는 질문을 받고 “미국하고는 가장 가깝ㄴ 동맹 관계로서 특히 최근에 남북 간의 문제, 6.12 북미정상회담 준비를 앞두고 긴밀하게 관련 정보를 언제든지 상세하게 공유하고 있다“고 답했다.
이 관계자는 도널드 트럼프 미국 대통령의 '미북 정상회담 취소' 편지 공개 전 우리 정부가 미국 측으로부터 사전 통보 받지 못한 것에 대해서는 “트럼프 대통령의 서한 발표 시점이 미국으로서는 이른 아침이고 우리는 아주 늦은 시간으로 소통에 약간 시차가 있었던 것은 사실이지만, 한미 간에는 긴밀하게 소통하고 있다“고 말했다.
잇어 “양국 NSC 간에는 전에 맥마스터 보좌관이 있을 때와 마찬가지로 존 볼턴 보좌관이 취임한 이후에도 거의 매일 소통하고 있다“며 “한미 간 소통 과정이나 내용을 우리가 그때그때 다 소상하게 밝힐 수 없는 것이 현실“이라고 말했다.
그는 미국 측이 비핵화 시 대북 경제 지원 의사를 우리 정부에게 전했냐는 물음에 대해서는 “한미 정상 간에는 지난 22일 회담도 있었지만, 앞으로도 계속 (소통이) 있을 것으로 기대하는데 전화 통화를 수시로 한다“며 “그 과정에서 이번 북미 정상회담이 성공하게 되면 미국은 북한과 경제 협력을 대규모로 할 의사를 갖고 있다고 몇 번 말했다“고 밝혔다.
잇어 “예도 몇 가지 들었지만 현 단계 발표하는 것은 적절하지 않다“고 덧붙였다.
이 관계자는 문 대통령이 여러 차례 강조한 남북미 3자 정상회담 가능성 및 북한과 미국 측 입장에 대해서는 “3자 정상회담을 어떻게, 언제 개최하느냐는 구체적 내용에 대해서는 아직 합의된 것이 없고 계속 실무 차원에서 가능성 검토만 진행되고 있다“고 말했다.
'北 김영철이 서훈 통해 연락'...
2차 정상회담 어떻게 성사됐나 26일 판문점 북측 지역 통일각에서 전격적으로 성사된 2차 남북정상회담은 서훈 국가정보원장과 김영철 북한 노동당 부위원장 겸 통일전선부장 간의 연락 채널을 통해 제안이 들어와 성사된 것으로 확인됐다.
문재인 대통령은 27일 청와대 춘추관에서 가진 기자 회견에서 “김정은 국무위원장이 그제(25일) 오후, 일체의 형식 없이 만나고 싶다는 뜻을 전해 왔다“면서 “저는 흔쾌히 수락했다“고 밝혔다.
청와대 고위 관계자에 따르면 북측은 '서훈/김영철' 채널을 통해 2차 정상회담을 제안했다.
이 고위 관계자는 “그제(25일) 북미 정상회담 준비 과정과 향후 남북 관계를 어떻게 발전시켜 나갈지에 대한 후속 조치 방안 협의가 있었다“며 “그 과정에서 북측(김영철)이 김정은 위원장의 구상이라고 하면서 격의 없는 소통을 갖는 방안을 제시해 왔다“고 말했다.
남북 정상은 소통 방식으로 '핫라인 통화'보다 '대면 대화'가 효과적이라고 판단했다.
문 대통령은 이날 기자 회견에서 관련 질문에 “남북의 실무진이 통화를 통해서 협의하는 것보다 직접 만나서 허심탄회하게 대화 나누는 것이 좋겠다고 판단해서 전격 회담이 이루어졌다“고 말했다.
청와대 고위 관계자도 “서훈/김영철의 접촉 이후 외교 안보 관련 장관들이 협의한 뒤 대통령에게 (2차 정상회담을)건의했다“며 “문 대통령이 승락한 뒤, 25일 밤부터 26일 오전까지 실무적 준비를 해 26일 오후 정상회담이 개최됐다“고 설명했다.
올 초부터 시작된 한반도 해빙 무드의 주역인 '서훈/김영철' 라인은 2차 남북정상회담을 성사시키면서 다시 주목 받게 되었다.
두 사람은 국정원과 통전부 간에 설치된 핫라인으로 물밑 접촉을 하며 북한의 평창 동계 올림픽 참가와 북측 고위급 대표단 및 남측 특별 사절 대표단의 방문 등을 성사시켰다.
특히 서 원장은 중앙정보국(CIA) 국장이었던 마이크 폼페이오 미 국무 장관과의 친분을 바탕으로 국정원/CIA/통전부의 삼각 채널을 구축해 현재의 미북 관계를 만드는 데 기여했다는 평가를 받고 있다.",34,3935
iks_doc_2018_chosun_081,Chosun 2018 total annotated text file unicode.txt,Chosun Ilbo,조선일보,2018,2018_multi_summit,북한 비핵화 의지 재확인했다지만 CVID 답변 안 한 文 대통령,,"문재인 대통령은 27일 “김정은 북한 국무위원장은 한반도 비핵화 의지가 확고하다는 것을 어제 다시 한 번 분명하게 피력했다“고 했다.
문 대통령은 이날 오전 청와대 춘추관에서 전날 김정은과의 남북정상회담 결과를 발표하면서 이같이 밝혔다.
하지만 문 대통령은 이날 구체적인 북한의 비핵화 의지가 무엇인지에 대해서는 설명하지 않았다.
문 대통령은 '북한이 남북정상회담에서 CVID(완전하고 검증 가능하며 불가역적인 비핵화)를 수용했느냐'는 질문에 대해 “북미 간 실무 협상을 한다는 것은 미국에서 북한의 그런 의지를 확인한 것“이라며 “혹시라도 확인 과정에서 미흡한 것이 있었다면 실무 협상 과정에서 분명히 확인하게 될 것으로 본다“고 했다.
북한 비핵화의 로드맵에 대해서도 “양국(북미) 간에 협의가 필요하고 그런 과정이 어렵ㄹ 수 있다“며 “그 로드맵은 북미 간 협의할 문제기 때문에 제가 제 생각을 말하는 것은 적절하지 않다“고 했다.
북한의 비핵화 의지를 확인했다고 했지만, 구체적으로 어떤 의지를 확인했는지 대답하지 않은 것이다.
이에 대해 정부 관계자는 “현재 북한 비핵화 문제는 실질적으로 미북 간에 해결해야 하며 우리가 할 수 있는 일은 양국을 협상 테이블에 앉히는 중재자 역할“이라며 “우리가 양국 간에 오고 가는 협상 얘기를 선제적으로 하는 것ㄴ 외교적으로도 맞지 않는다“고 했다.
하지만 문 대통령이 구체적 답변을 피하자 외교가 안팎에서는 “또다시 미북 간의 비핵화 관련 입장 차만 확인한 것이 아니냐“는 지적이 나왔다.
한 국책 연구소 관계자는 “이번에 미북정상회담 성사가 롤러코스터를 탄 것은 결국 미국이 주장하는 CVID를 북한이 받아들이지 못하았기 때문“이라며 “또 북한은 장기간의 단계적 비핵화, 미국은 단기간 비핵화를 주장하는 로드맵의 문제기도 했는데 어제 남북정상회담에서 결국 양국의 입장 차만 확인한 것이 아니냐는 의구심이 들ㄴ다“고 했다.
남주홍 경기대 교수는 “우리는 북한 비핵화의 당사자자 최대 피해자“이라며 “북한에 CVID 약속을 확실히 받아야 하는데 마치 남의 일처럼 이야기하면 안 된다“고 했다.
이에 대해 청와대 관계자는 “북한은 비핵화 자체가 아닌, 비핵화 이후 체제 보장에 대한 불안감이 컸던 것 같고, 이번 정상회담에서 그 점을 확인했다“며 “이와 같은 불안감을 해결하면 북한 비핵화도 가능할 것으로 본다“고 했다.",11,1156
iks_doc_2018_chosun_082,Chosun 2018 total annotated text file unicode.txt,Chosun Ilbo,조선일보,2018,2018_multi_summit,“도둑 회담 미심쩍다“VS “북이 우릴 우군으로 대접““미북 정상회담이 순항할 가능성이 높아졌다““국민들 모르는 '도둑 회담'을 한 것 아니냐““카드는 트럼프한테 있으니 일희일비하지 말자“,,"문재인 대통령과 김정은 북한 국무위원장이 전날(26 일) 판문점 북측 지역 통일각에서 두 번째 남북정상회담을 갖고, 27일 오전 10시 청와대에서 생중계로 관련 내용을 국민들에게 알렸다.
정상회담과 문 대통령의 기자 회견을 본 시민들 반응은 극에서 극이었다.
◇ “일희일비 그만해라 '도둑 회담' 의심스러워“경기도 고양시 덕양구에 사는 전 모(28)씨는 “트럼프와 김정은이 워낙 말을 많이 바꿔서 놀랍지도 않고, 미국이 또다시 엎지나 않으면 좋겠다“고 했고, 직장인 김 모(33)씨 “지난 트럼프 대통령의 취소와 재개를 보며 문 대통령이 무엇을 할 수 있는지 모르겠다고 느꼈다“고 말했다.
온라인 커뮤니티에서도 '일희일비하지 말자'는 의견이 이어졌다.
서울 대학교 커뮤니티 스누라이프에는 “확실한 것은 남한이 운전자는 아니라는 것““모두 트럼프 손바닥 안에 있다““다들 뭣 하나 뜰 때마다 우르르 몰려와서 이랬네 저랬네 하는 것 같다“는 글도 올라왔다.
두 정상이 외부에 알리지 않고, 비밀로 정상회담을 진행했다는 소식에 의심스럽ㄴ 눈초리도 나온다.
주부 차 모(52)씨는 “공개적으로 하지 않았다는 것ㄴ 둘이 모종의 합의가 있었다고 잘못 비춰질 수 있는데, 왜 굳이 비밀로 만났는지 모르겠다“며 “비밀로 '도둑 회담'을 한 것인데 따로 대가를 약속한 것ㄴ 아닌지 의심스럽다“고 했다.
주부 이 모(53)씨는 북한의 태도 변화를 우려했다.
이씨는 “풍계리 취재진 접수 때는 소통도 잘 안 하더니 이번에는 (북한이) 아쉬우니까 먼저 손 내밀ㄴ 느낌“이라며 “상황이 바뀌면 북한이 우리를 또 무시할 것 같아 걱정된다“고 했다.
박형준(67)씨도 “전부 쇼 같다“며 “결국 새롭게 나온 내용도 없지 않느냐“고 반문했다.
◇ “한반도 평화 분위기 다행스러워“반면 두 정상이 한반도 평화 의지를 내비치고 있어서 다행이라는 의견도 나온다.
일부는 북한이 먼저 만남을 요청했다는 사실에 주목했다.
직장인 김보미(26)씨는 “전날 2차 남북정상회담 소식을 듣고 깜짝 놀랐다“면서 “트럼프가 무슨 의도로 정상회담을 취소했다가 재개 의지를 보이는지 모르겠지만, 남북 정상이라도 한반도 평화 의지를 보이고 있어 안심이다“고 말했다.
취업 준비생 한소희(24)씨는 “최근 들어 남북 정상이 만나는 일이 자연스러워진 것 같다.
미북 정상회담까지 평화 분위기가 이어졌으면 한다“고 했다.
최근 남북 간 개설된 직통 전화(핫라인)에 대한 긍정적인 평가도 있었다.
앞서 회담을 준비하는 과정에서 군 통신 선이나 판문점 채널이 사용되지 않았다는 사실이 전해지자, 남북 간 핫라인을 사용했을 것이라는 분석이 나왔다.
유통업계에서 일하고 있는 직장인 황 모(33)씨 “북한이 만나자고 해서 만났다고 하니 우리를 우군으로 생각했다는 점에서 긍정적인 의미가 있는 것 같다“며 “핫라인을 실제로 사용한 것 같은데 앞으로 위기 관리에 도움이 될 것 같다“고 했다.",18,1412
iks_doc_2018_chosun_083,Chosun 2018 total annotated text file unicode.txt,Chosun Ilbo,조선일보,2018,2018_multi_summit,"文 대통령 “김정은, 남쪽서 인기 높아져“... 정상회담 모두 발언 들어 보니 “김정은 위원장이 판문점 회담 이후 한국에서도 인기가 높아졌다“","“이번 회담, 마음이 더 가까워지는 과정“","청와대는 지난 26일 판문점 북측 판문각에서 진행된 문재인 대통령과 김정은 북한 국무위원장의 제2차 남북 정상회담 모두 발언 영상을 27일 공개했다.
이번 회담은 지난 25일 김정은의 제안으로 갑작스럽게 이루어졌다.
하지만 공개된 모두 발언 영상에 따르면 문 대통령과 김정은은 서로 농담을 건네기도 하는 등 여유 있는 모습을 보였다.
김정은은 “대통령께서 북측을 찾아오는 것이 처음이 아니다“며 “판문점 회담에서 명장면 중 하나가 대통령께서 10 초동안 우리 땅을 밟은 것 아니겠습니까“라고 말했다.
또 “지난 4.27 선언으로 많은 분들이 기대를 걸고 또 국제 사회에서도 박수를 받았는데 우리가 여기서 결착 상태를 넘어 가지 못하면 안된다“며 “못 넘어 갈 일이 아니라고 생각한다“고 말했다.
잇어 “자주 만나서 이야기를 나누고 (어려움을) 풀어 가자“며 “(이번 정상회담을) 그때 한 약속을 이행하고 풀어 가기 위한 직전 행동으로 이해하시면 좋겠다“고 했다.
김정은은 “갑작스럽게 (문 대통령이) 북한을 찾아오게 되었는데 최대의 국빈을 성대하게 맞이하지 못하고 장소도 이렇고 제대로 맞이하지 못하아서 미안한 마음“이라며 “좋은 결실이 꽃피고 좋은 열매를 수확하는 가을 중에 평양에 오시면 성대하게 연회를 준비해서 맞이하겠다“고 말했다.
문 대통령은 이에 대해 “제가 가을에 평양에 가게 되는데 그때 방문해서 큰 대접을 받는 것도 의미가 있지만 '남북 정상이 이렇게 쉽게 만났다', '소통한다'는 것도 남북 간에 큰 의미가 있는 것 같다“고 답했다.
잇어 “지난 4.27 판문점 선언 이후 남쪽 주요 보도를 많이 보셨겠지만 우리 국민들도 그렇고 세계도 그렇고 남북 관계에 대한 기대가 한껏 높아졌다“고 말했다.
문 대통령이 “김 위원장은 한국에서 아주 인기가 높아졌다“고 말하자 양 정상과 배석자들 사이에서 웃음이 터졌다.
잇어 “요즘 남북 젊은 사람들은 그동안 남북 관계가 좋지 않았을 때 살았기 때문에 북한에 대해 좋지 않은 인상을 가지고 있는데 지난 회담을 통해 굉장히 많이 개선됐다“며 “이것을 잘 살려 가야겠다“고 말했다.
김정은은 이에 대해 “(문 대통령께서) 미국에도 다녀오시고 회동 이후 바쁜 일정을 보냈는데 (이번 남북 정상회담은) 우리가 (판문점 선언을) 다시 확약하고 또 이런 마음이 더 가까워지는 과정이라 생각한다“고 말했다.",12,1147
iks_doc_2018_chosun_084,Chosun 2018 total annotated text file unicode.txt,Chosun Ilbo,조선일보,2018,2018_multi_summit,[전문가 분석]“정상회담서 비핵화 논의 미진 미북 실무 회담에 달렸다“,,"청와대는 27일 “북한이 26일 열린 남북 2차 정상회담을 먼저 제안했다“고 밝혔다.
도널드 트럼프 대통령의 '미북정상회담 취소' 발표 이후 이례적 '저자세'를 보여 온 북한이 상황 타개를 위해 다시 한국을 우군(友軍)으로 끌어 들이려했고, 그 결과가 남북정상회담 급조(急造)로 이어졌다는 분석이 나온다.
전문가들은 극적으로 '깜짝' 남북정상회담이 성사됐지만, 결국 미북정상회담의 성사 성공 여부는 미북 간 실무 접촉에 달렸다고 했다.
전성훈 전 청와대 안보 전략 비서관은 “미국은 CVID(완전하고 검증 가능하며 불가역적인 비핵화)를 양보할 생각이 전혀 없지만, 이번 남북정상회담의 결과를 보면 북한의 입장도 별로 변한 것이 없어 보인다“고 했다.
남성욱 고려대 교수는 “결국은 앞으로 열릴 미북 간 실무 회담에서 CVID를 어떤 방식으로 공동 선언문에 담느냐에 따라 향후 미북정상회담의 성패가 달렸다“고 했다.
남북 정상이 이례적으로 만났지만, 비핵화와 관련한 성과를 이루지 못함에 따라 결국 미북 실무자들의 부담이 더욱 커졌다는 말이다.
남북정상회담의 자체에 대한 평가는 엇갈렸다.
남주홍 경기대 교수는 “4.27 판문점 선언과 비교해 새롭ㄴ 것이 하나도 없다“고 했고, 김성한 고려대 국제대학원장은 “미국은 한국이 한미 동맹보다 남북 공조를 우선하고 있다고 판단했을 것“이라고 했다.
반면 김용현 동국대 교수는 “앞으로 대화의 흐름을 안정적으로 관리할 수 있는 큰 틀이 마련됐다“고 했고, 조성렬 국가 안보 전략 연구원 수석 연구 위원은 “꺼져 가던 미북정상회담의 불씨를 살려 냈다“고 했다.
다음은 전문가들과의 인터뷰 전문.
김성한 고려대 국제대학원장 “오늘 대통령이 기자 회견을 하면서 중요한 속내를 드러냈다.
남북미 3자 정상회담과 종전 선언을 언급한 것이다.
문재인 대통령은 이를 계속 강조해 오고 있는데, 만약 이 생각에 트럼프 대통령이 찬성했다면 미북정상회담 장소를 판문점으로 정했을 것이다.
회담 장소를 싱가포르로 정한 것은 이에 동의하지 않는다는 뜻이다.
미국은 남북미 3자 정상회담과 종전 선언까지 하면 꼬리가 몸통을 흔드는 상황이 올 수 있다고 생각했을 것 같다.
즉 비핵화보다는 남북 판문점 선언을 도와주는 상황이 올 수도 있고, 주한 미군 문제가 불거질 수 있을 것이라고 판단했을 것이다.
모두 각자의 입장에서 5차, 6차 방정식을 풀어 내고 있다.
미북정상회담 준비를 위해 실무진들이 싱가포르로 갔고, 또 막후 교섭도 이루어질 턴데 그 과정에서 비핵화에 대한 그림이 제대로 안 나온다면 6월 12일 이전에 미북정상회담 개최와 관련해 한 번 더 고비가 올 수 있다.
트럼프 대통령이 국내 정치적으로 어렵ㄴ 상황이어서 어떻게든 정상회담을 열려고 하겠지만 여러 문제가 있다.
우선 이란 핵 협정에서 미국이 탈퇴했기 때문에 이란 핵 협정 이상의 미북 합의가 있어야 한다.
중국 변수도 있다.
트럼프 대통령이 북 중 정상회담 이후 북한이 급격하게 변했다고 의구심을 표명했는데, 그런 중국을 미국이 다시 다잡을 수 있을지, 또 중국이 북한을 다시 압박하는 모습을 보여 줄 수 있을지 모르겠다.
모두 만만하지 않은 문제다.
무엇보다 한국이 중요하다.
우리가 중재 외교의 모습을 보여 주고 있는데 이것이 과연 미국의 동맹국으로서 한국인지, 아니면 남북 공조로서 한국인지 명확하지 않다.
26일 있었던 남북정상회담을 보면서 미국은 후자로 판단했을 것이다.
우리 대통령도, 북한도 어떤 형태로든 일괄 타결의 모습에 가깝게 다가가려고 할 턴데 쉽지 않다.
미술 작품에 비유하자면 '모나리자'가 탄생할 수 있을지 없을지의 문젠데, 2류, 3류의 작품을 가지고 역사의 한 페이지를 장식할 수는 없지 않겠나.
CVID는 이미 물 건너간 것으로 보인다.
북한이 처음에는 비핵화와 관련해 10%만 속이려 했다가, 시진핑과 한국 정부를 만나면서 90%쯤 속이려 했고, 그러다 트럼프 대통령에게 역공을 당한 것 같다.
앞으로는 그 중간 정돈 55% 정도 속이려 할 것 같다.“
김용현 동국대 교수 “이번 남북정상회담은 크게 두 측면에서 볼 수 있다.
하나는 일시적으로 난기류가 형성됐던 미북정상회담을 완전히 정상화시켰다.
또 하나는 '한반도 정세 자체가 좀 불투명해지는 것 아니냐'는 대목에서, 남북 정상이 다시 한 번 만나 분위기를 바꾸고, 남북 관계도 정상적으로 개선했다.
2시간의 짧은 만남이었지만 높이 평가할 만하다.
그동안 한반도 비핵화 평화 체제를 논의하는 과정에서 현안이 발생하면 이전까지는 실무 라인에서 풀려고 했다.
하지만 실무 채널을 통한 협의는 속도가 느리고, 또 제대로 풀리지 않는 경우도 있었다.
하지만 이번 정상회담은 이런 위기가 발발하면 서로 연락해 바로 만날 수 있다는 것을 보여 준 선례가 됐다.
남북 관계 위기 시 양 정상이 순발력 있게 한반도에 안정감을 줄 수 있는 만남으로 진화할 수 있다는 메시지를 줬다.
이런 점에서 큰 의미가 있는 만남이었다.
이번 2차 정상회담은 '서훈/폼페이오' 정보 라인이 작동해 빠른 속도로 열릴 수 있었다.
우리 측의 메시지가 폼페이오 장관을 통해서 트럼프 대통령에게 직보 되면서 미국도 이번 남북정상회담을 적극적으로 후원했을 것이다.
앞으로의 흐름을 안정적으로 관리할 수 있는 큰 틀이 마련됐다고 본다.
미북정상회담의 6월 12일 개최도 낙관한다.
어제 정상회담은 겉으론 두 정상 간 만남이었지만 내용상 세 정상, 문재인 트럼프 김정은이 만난 것이다.
트럼프 대통령 입장이 문 대통령을 통해 김정은에게 정확하게 전달되는 자리였다.
또 김정은의 입장을 문 대통령을 통해서 트럼프 대통령에게 전달하는 자리였다.
트럼프 대통령도 '6월 12일 북미정상회담은 바뀌지 않았다'고 말했다.
이번엔 남북미가 좋은 경험을 했다고 본다.
미북정상회담으로 가는 여정이 속도감 있게 진행됐는데, 한 번 브레이크가 걸렸다.
그리고 브레이크로 인해 판 자체가 전체적으로 흔들리거나 깨질 수도 있다는 교훈을 줬다.
이 교훈을 반면교사로 삼아 지금부터는 좀 더 서로에게 생산적인 대화, 신뢰를 쌓아 가는 대화로 방향을 잡는 계기가 됐다고 본다.“
남성욱 고려대 교수 “트럼프 대통령의 변덕에 놀란 북한이 역시 민족 공조가 중요하다고 느낀 것 같다.
트럼프 대통령의 압박을 상대하기 위해 남측을 자신들 옆에 둬야 한다고 생각한 것이다.
고위급 회담이나 이산가족 상봉 등의 이벤트를 이어 가면 트럼프 대통령이 변덕을 안 부릴 것이라고 판단했다.
선남후미(善南後美)가 북한의 기본 전략이 되고 있다.
일단 남측을 자신들과 찰떡같이 묶어 놓고 고위급 회담 등 남북 간 뉴스를 만들어 내면 트럼프가 다시 변덕 부리지 못할 것이라는 생각을 한 것이다.
하지만 이번 남북정상회담에서 비핵화와 관련해 진전된 내용은 없었다.
'북한의 비핵화 의지를 재확인했다'는 원론 이상의 비핵화 얘기를 하지 않았다.
이것ㄴ 결국 북한의 입장 변화가 크게 없다는 말이다.
다만 미국과의 관계에 대한 기술적인 코치는 했을 수 있다.
마이크 펜스 부통령 등 개인을 겨냥한 모욕적 언사를 하지 말고, 미국을 잘 구슬려야 한다는 등 회담 기술과 관련된 조언은 했을 수 있다.
일각에서는 문재인 대통령이 트럼프 대통령으로부터 들은 이야기를 김정은에게 전달했을 것이라고 분석하는데 그것ㄴ 아니다.
이번에 문 대통령이 한미정상회담에서 트럼프 대통령으로부터 들은 얘기가 별로 없다.
결국 뉴욕 채널을 통한 대화로 미북정상회담 공동 선언문의 문안이 조율돼야 한다.
문제는 CVID와 단계적 동시적 비핵화를 어떻게 그 선언문에 담느냐다.
미북은 서로 회담을 깨기 싫어한다.
양측 실무자들이 만날 턴데 양측 이견이 커서 모두가 원하는 방식으로 선언문을 만들기는 어렵다.
이번 주 뉴욕과 싱가포르에서 열릴 실무 회담의 결과를 봐야 6월 12일 회담 성사 여부를 제대로 알ㄹ 수 있다.
이 기 싸움 과정에서 얼마든지 회담 스케줄이 또다시 바뀔 수 있다.
트럼프 대통령은 미북정상회담을 두 번, 세 번도 깰 수 있는 사람이다.
트럼프 대통령은 전 세계 언론이 자신을 주목하는 이런 상황을 즐기고 있다.
국내 스캔들도 어느덧 덮였다.
이번 판문점 만남(2차 남북정상회담)도 결국 퍼포먼스자 깜짝 쇼였다.“
남주홍 경기대 교수 “이번 정상회담은 4.27 판문점 선언과 비교해 새롭ㄴ 것이 하나도 없다.
미북정상회담에 이번 회담이 활력이 되지 않겠느냐는 기대감만 담겼을 뿐 비핵화 문제에 대해서는 원론적인 언급에 그쳤고, 한미 공조의 중요성에 대한 언급도 없었다.
판문점 합의의 불씨를 어떻게든 살려 볼까 한 것 같은데, 김정은의 입장만 고려해 준 것 같다는 생각이 들ㄴ다.
6.12 미북정상회담의 필요성에 대해서는 문재인 대통령과 김정은이 공감한 것 같지만, 비핵화 로드맵에 대한 언급이 전혀 없다.
외신을 살펴보니 남북 정상이 깜짝 회담을 한 번 더 했다고만 보도하고 추가적인 언급이 없었다.
때문에 미북 정상회담이 성공할 수 있을지는 앞으로 상황을 좀 더 지켜 봐야 할 것 같다.
트럼프 대통령이 이미 여러 패를 썼고, 많은 말을 했기 때문에 어디까지 믿어야 할지 잘 모르겠다.
6월 12일에 회담이 열린다 하더라도 CVID를 구체화할지, 아니면 원칙적인 합의만 할지는 불투명한데, 나는 후자라고 본다.“
전성훈 전 청와대 안보 전략 비서관 “깜짝 남북정상회담을 했지만, 별로 의미가 없어 보인다.
문재인 대통령이 북한 비핵화에 대해 분명히 얘기했어야 했는데 오히려 김정은 이야기를 반복했다.
김정은에게 트럼프 대통령이 바라는 CVID 얘기를 잘 전달해야 했는데, 오히려 김정은이 우리를 엮어서 미국을 압박하는 모양새가 나왔다.
우리 정부는 정상회담 직후 미국에 결과를 전달했다고 했는데 이것도 잘못됐다.
김정은을 직접 만나서 회담했으면 문 대통령이 직접 트럼프 대통령에게 전화를 해야 했었다.
어제 정상회담을 했으니 당장 어제 전화를 해 줬어야 하는 것 아닌가.
'트럼프 대통령에게 굳이 새로 전할 만한 소식이 없었기 때문이 아닌가'이라는 의심을 받을 수 있다.
이미 다 했던 이야기를 또다시 할 수는 없기 때문이다.
북한의 최근 저자세는 국면 회피용 저자세다.
'핵을 포기하겠다'고 해야 진정한 저자센데, 전혀 그렇지 않고 있다.
미국이 강하게 나오니 잠시 저자세로 나오는 것이다.
김정은은 핵을 포기하는 척하면서 시간을 벌ㄴ 뒤 국제 제재를 완화하고 경제 개발을 하려고 하고 있다.
반면 미국은 CVID를 양보할 생각이 없다.
지금 미북정상회담과 관련해 트럼프 대통령이 하루가 다르게 하는 이야기들은 한 단계 걸러서 해석해야 할 것 같다.
미북정상회담 성사와 정확한 시기에 대해 예단할 수 없다는 말이다.“
정성장 세종연구소 통일 전략 연구실장 “트럼프 대통령이 6.12 싱가포르 미북정상회담 취소 방침을 밝힌 지 약 9시간 만인 25일 오전 북한은 김계관 외무성 제1 부상 명의의 담화를 발표해 북미정상회담 계속 추진 의지를 밝혔다.
잇어 25일 오후 김정은 국무위원장이 남측에 2차 정상회담을 제안하고 26일 오후 판문점에서 정상회담이 개최됐다.
그 결과 맥스선더 훈련에 대한 북한의 반발로 악화됐던 남북 관계도 복원됐다.
김정은의 유연하고 신속한 대응은 그가 미북정상회담을 얼마나 중시하고 있는지 잘 보여 준다.
이번 정상회담은 남북 관계가 경색됐을 때 남북 정상이 형식을 따지지 않고 곧바로 만나 문제를 푸는 새롭ㄴ 실용주의적인 대화 방식을 보여 줬다.
김정은은 앞으로도 한미 연합 군사 훈련 등을 이유로 다시 남북 대화를 중단하지 말고 이번처럼 남북 정상 간 직접 대화를 통해 문제 해결을 모색해야 한다.
김정은은 2차 남북정상회담에서 문재인 대통령에게 다시 한 번 '한반도의 완전한 비핵화 의지'를 분명히 했다.
이와 함께 미북정상회담의 성공을 통해 전쟁과 대립의 역사를 청산하고 평화와 번영을 위해 협력하겠다는 의사를 피력했다.
이 같은 김정은의 입장은 청와대를 통해 백악관에 전달 돼 6.12 싱가포르 미북정상회담 재추진이 탄력을 받게 됐다.
김정은은 문 대통령에게 핵 포기 시 미국의 체제 안전 보장을 신뢰할 수 있는지 우려를 표명했고, 문 대통령은 김정은이 완전한 비핵화를 결단하고 실천할 경우 트럼프 대통령이 북한과의 적대 관계 종식과 경제 협력에 대한 확고한 의지가 있다는 점을 전달했다.
이에 따라 김정은은 트럼프 대통령 일부 측근들의 강경한 대북 발언에도 불구하고 미국과의 협상에 다시 나설 것으로 예상된다.
향후 남북 관계는 북미정상회담 결과에 큰 영향을 받지 않을 수 없다.
남북 관계의 안정적 발전을 위해서는 오는 6월 12일 미북정상회담의 성공적 개최가 매우 중요하다.
향후 미북 간에는 북한의 핵 시설에 대한 사찰과 핵 폐기에 대한 검증이 쟁점이 될 가능성이 높다.
이 부분과 관련해서는 중국의 협조가 매우 유용할 수 있기 때문에 한국 정부는 향후 중국과의 전략 대화 및 협력을 강화할 필요가 있다.“
조성렬 국가 안보 전략 연구원 수석 연구 위원 “이번 2차 남북정상회담은 어렵ㄴ 현안이 있을 때 양 정상이 직접 만나서 문제를 풀ㄹ 수 있는 계기를 만들었다고 본다.
그 결과 꺼져 가던 미북정상회담의 불씨를 살려 냈다는 것이 가장 큰 의미가 있다.
북미 정상회담은 기존에 발표한 대로 6월 12일 개최될 것으로 보인다.
북한은 조선중앙통신을 통해 '6월 12일 조미수뇌회담'이라고 공식화했고, 트럼프 대통령도 공식 발표는 아니지만 6월 12일 개최를 기정사실화해서 이야기했다.
조만간 북미 간 실무 협의가 이루어질 것이라는 보도도 나온다.
회담 일정은 하루 더 연장될 가능성도 있다.
트럼프 대통령은 '만약 필요하다면 더 연장될 수도 있다'고 했다.
이것ㄹ 봤을 때, 12일엔 북미정상회담을 하고, 다음날인 13일 남북미 정상이 모여 종전 선언을 하지 않을까 예상해 본다.
남북미 정상 회의가 열린다면 종전 선언을 다룰 것이다.
청와대 고위 관계자는 오늘 '미북정상회담의 성공을 위해선 북한이 가진 안보 측면에서의 우려를 해소할 방안과 상호 불가침 약속을 다시 한다든지, 정전 협정을 평화 협정으로 전환하는 협상을 개시하거나 남북미 3국 간에 종전 선언을 하는 문제 등에 대한 검토가 필요하다는 측면에서 남북 간 실무 차원의 협의를 진행하고 있다'고 했다.
사실상 종전 선언을 준비하고 있다는 말로 해석된다.
다만 남북미 3국 정상이 만나서 '종전 선언'이라는 표현은 안 쓸 것 같다.
대신 북한에 대한 적대시 정책을 청산하겠다고 선언하지 않을까 생각된다.
여기서 핵심은 북미 간 체제 안전 보장 약속이다.
북한이 완전한 비핵화를 마무리하면 평화 협정과 북미 수교로 체제 안전을 보장하겠지만, 문제는 비핵화에 착수해서 마무리될 때까지의 과도기다.
남북미 정상이 만나면 이 과도기 시기에 북한의 체제 안전을 보장하겠다는 선언을 하게 될 것이다.
이번 사태는 향후 대화 진행 과정에서 북한이 경계심을 갖는 표현 사용을 자제해야 한다는 시사 점을 준다.
대표적인 표현이 'CVID'이다.
북한은 6자 회담 때부터 'CVID는 패전국에 쓰는 단어'이라며 반발해 왔다.
북한 주민들도 'CVID는 패전'이라는 인식을 갖고 있다.
상대방이 싫어하는 용어를 계속 쓰면 정치적인 문제를 야기한다.
북한이 이번에 강하게 반발했던 것도 볼턴이나 펜스가 '리비아 모델'을 얘기했기 때문이다.
그런 어휘를 고집해서 얻는 실익도 없다.
지금 쓰는 '완전한 비핵화'라고 하되 내용적으로는 '검증을 통한 완전한 비핵화'로 추진하면 된다.“
靑, NSC 상임위 개최 “남북 정상회담, 미북 회담 성공에 도움될 것“청와대는 27일 국가 안전 보장 회의(NSC) 상임 위원회를 열고 “26일 열린 남북 정상회담이 앞으로 다가올 북미 정상회담의 성공적 개최에 도움이 될 것으로 평가한다“고 밝혔다.
이날 청와대는 오후 3시부터 4시 50분까지 정의용 국가 안보실장 주재로 NSC 상임위를 개최했다.
청와대는 “상임 위원들은 이날 5.26 남북 정상회담에서 합의한 고위급 회담 개최 등 후속 조치 방안과 북미 정상회담의 성공적 개최를 위한 우리 정부 차원의 협력 방안에 대해 논의했다“고 밝혔다.
잇어 “남북 정상회담이 남북 관계 발전과 한반도의 완전한 비핵화 등 판문점 선언의 이행이 더 탄력을 받는 계기가 됐으며 남북 정상 간의 신뢰를 보다 돈독히 하는 데도 크게 기여했다“고 했다.",140,7882
iks_doc_2018_chosun_085,Chosun 2018 total annotated text file unicode.txt,Chosun Ilbo,조선일보,2018,2018_multi_summit,"홍준표 “남북 정상회담, 김정은이 곤경 처한 文 대통령 구해 준 것“",,"홍준표 자유한국당 대표는 전날 열린 2차 남북정상회담을 두고 “김정은 북한 국무위원장이 곤경에 처한 문재인 대통령을 구해 준 것“이라고 27일 말했다.
홍 대표는 이날 오후 서울 여의도 당사에서 기자 회견을 열고 “미국의 강경한 입장에 직면한 남북 두 정상의 당혹감만 확인할 수 있었다“며 이같이 말했다.
그는 “정치적 입장을 떠나 미북 회담이 교착 상탠 상황에서 남북 정상이 직접 만난 것에 대해 환영한다“면서도 “'한반도 비핵화'이라는 모호한 표현의 반복 이외에 북핵 폐기와 관련된 내용을 어디에서도 찾아볼 수 없었다“고 했다.
잇어 “장밋빛 환상만 심어 주던 문 대통령과 북핵 폐기가 아닌 한반도 비핵화를 주장하는 김 위원장이 동시에 미국으로부터 압박 받는 '데드록(교섭이 잘 이루어지지 않고 해결 방법이 없는 상태)'에 처했다“며 “이런 상황을 타개하기 위한 시도가 전날 열린 남북정상회담이었다“고 했다.
홍 대표는 “진실의 순간이 곧 드러날 것“이라며 “나와 한국당은 미북정상회담을 위한 실무 협상 과정을 보다 냉철한 시선으로 지켜 볼 것“이라고 덧붙였다.",5,540
iks_doc_2018_chosun_086,Chosun 2018 total annotated text file unicode.txt,Chosun Ilbo,조선일보,2018,2018_multi_summit,"“쾅쾅쾅“풍계리 폭파 후 54시간, 한반도 운명은 롤러코스터를 탔다",,"문재인 대통령과 김정은 북한 국무위원장 간의 2차 남북정상회담이 26일 오후 3시 판문점 북측 지역 통일각에서 극비리에 진행됐다.
지난 24일 오전 11시 북한이 풍계리 핵 실험장 폐기 의식을 돌입한 지 54시간 만이다.
그 사이 한반도는 미북 정상회담 개최 여부를 놓고 홍역을 치뤘다.
깜짝 정상회담이 개최되기까지 54시간을 재구성했다.
北, 풍계리 핵 실험장 폭파 폐기 (24일 오전 11시 / H00:00) 북한은 지난 24일 오전 11시부터 오후 4시 17분까지 5시간 17분 동안 한미 영 중 러 5개국 기자단 30명이 지켜보는 가운데 풍계리 핵 실험장을 폭파 방식으로 폐기했다.
핵 실험장의 4개 갱도 중 2, 4, 3번 갱도 순으로 폭파했으며 핵 실험장 부속 시설인 관측소 2곳, 단야장(鍛冶場 갱도 설비용 작업장), 생활 건물 본부 등 5곳, 군(軍) 막사 2개 동도 폭파했다.
1번 갱도는 북한이 지난 2006년 10월 1차 핵 실험 이후, 방사능 오염으로 사실상 폐쇄 상탠 것으로 알려졌다.
북한은 핵 실험장 폐기 의식 종료 직후, 핵무기 연구소 명의의 성명을 내고 “투명성이 철저히 보장된 핵 시험장 폐기를 통해 공화국 정부의 평화 애호적 노력이 다시 한 번 확증됐다“며 “핵 시험 중지는 세계적인 핵 군축을 위한 중요한 과정“이라고 했다.
하지만 이날 풍계리 핵 실험장 폐기 행사는 전문가들은 배제하고, 언론인들만 참관한 상태로 진행됐다.
이를 두고 일각에서는 전문가들에 의한 철저한 검증을 피하기 위한 것이라는 해석이 나오고 있다.
◇ 트럼프 편지 공개 '싱가포르 회담 적절하지 않다' (24일 밤 10시 30분 / H11:30) 북한의 풍계리 핵 실험장 폐기 행사 후 나온 미국의 반응은 누구도 예상하지 못하았던 것이었다.
트럼프는 '환영' 논평 대신 '거절의 편지'를 내밀었다.
트럼프 대통령은 24일 오전(현지 시각, 한국 시간으로 24일 밤 10시 30분경) 공개된 편지에서 “매우 슬프게도 당신(김정은)은 공개적으로 적대적인 태도와 분노를 표출했다“며 “현 상황에서 미북 정상회담을 개최하는 것은 내겐 매우 부적절하다고 느껴졌다“고 밝혔다.
다만 일말의 여지는 남겨 뒀다.
그는 편지 말미에 “만약 마음을 바꾼다면 망설이지 말고 전화를 걸거나 편지를 써 달라“고 했다.
잇어 백악관에서 가진 기자 회견에서 “이번 미북정상회담 취소는 북한과 세계에 엄청난 후퇴“이라며 “김정은이 북한 주민을 위해 올바른 일을 하길 희망한다“고 말했다.
김계관 담화문 발표 “美와 마주 앉을 용의 있다“(25일 아침 7시 30분 / H20:30) 김계관 북한 외무성 제1 부상 트럼프의 강경한 입장에 대응하는 북한의 태도는 '꼬리 내리기'이었다.
김계관과 최선희 등의 입을 빌려 “조미수뇌회담 개최를 재고려할 수 있다“고 목소리를 내 왔던 북한은 25일 오전 7시 30분 조선중앙통신을 통해 발표한 김계관 명의의 담화문에서 “매우 유감스럽다“면서 “(미 측과)아무 때나 어떤 방식으로든 마주 앉아 문제를 풀어 나갈 용의가 있다“고 밝혔다.
“우리 국무 위원회 위원장(김정은)께서도 트럼프 대통령과 만나면 좋은 시작을 뗄 수 있을 것이라고 하시면서 그를 위한 준비에 모든 노력을 기울여 왔다... 첫술에 배가 부를 리는 없겠지만 한 가지씩이라도 단계별로 해결해 나간다면 지금보다 관계가 좋아질 것“이라고 했다.
김계관은 이날 담화문 서두에서 '위임에 따른 것'이라고 밝혔다.
트럼프 “따뜻하고 좋은 반응이다“(25일 밤 9시 / H34:30) 북한의 유감 표명 담화문을 받은 트럼프 대통령이 한결 누그러진 태도로 나왔다.
25일 오전 7시(현지 시각) 트럼프는 자신의 트위터에 “북한으로부터 따뜻하고 생산적인 성명을 받은 것은 매우 좋은 소식“(Very good news to rEMeive the warm and productive statement from North Korea)이라며 “이러한 북한의 행보가 어디로 흘러갈지, 장기적으로 번영과 평화를 가져다 줄지 지켜 보겠다“고 밝혔다.
트럼프 “6월 12일 회담 열릴 가능성 있다“(25일 밤 11시 / H36:30) 같은 날 오전 9시 미국 해군사관학교 졸업식 참석을 앞두고 백악관에서 기자들과 만난 자리에서는 또 다시 '폭탄 급' 발언이 나왔다.
이번에는 '긍정의 폭탄'이었다.
트럼프 대통령은 “북한과 지금 대화하고 있다“며 “우리는 무슨 일이 일어날지 지켜 봐야 하지만 (정상회담이) 6월 12일에 열릴 가능성도 있다.
북한이 정상회담 개최를 매우 원하고 있고, 우리도 회담 개최를 원한다“고 말했다.
北, 정상회담 제안 남북, 정상회담 준비 착수 (25일 밤~26일 오전 / H48:00) 청와대 고위 관계자에 따르면 25일 오후부터 김영철 북한 노동당 부위원장 겸 통일전선부장이 서훈 국정원장에게 김정은의 구상이라며 “격의 없는 소통을 했으면 한다“는 의사를 전해 왔다.
참모들은 문 대통령에게 '핫라인 통화'보다는 '대면 대화'를 건의했다.
문 대통령은 “남북의 실무진이 통화를 통해서 협의하는 것보다 직접 만나서 허심탄회하게 대화 나누는 것이 좋겠다고 판단해서 전격 회담이 이루어졌다“고 말했다.
문 대통령의 승락이 떨어진 뒤, 남북 간 정상회담을 준비하기 위한 실무 협의가 진행됐다.
청와대 고위 관계자는 “문 대통령이 승락한 뒤, 25일 밤부터 26일 오전까지 실무 준비를 해 26일 오후 정상회담이 개최됐다“고 말했다.
2차 남북정상회담 극비리에 개최 (26일 오후 3시~5시 / H54:00) 남북 정상이 26일 오후 3시부터 5시까지 판문점 북측 지역 통일각에서 정상회담을 극비리에 가졌다.
의전 행사는 최소화하고 실질적인 대화에 초점을 맞춘 정상회담이었다.
의제는 단연 미북정상회담 개최 여부였다.
문 대통령은 27일 오전 청와대 춘추관에서 가진 기자 회견에서 “한반도의 비핵화와 항구적인 평화 체제를 위한 우리의 여정은 결코 중단될 수 없다는 점을 확인하고, 이를 위해 긴밀히 상호 협력하기로 했다“고 말했다.
이번 회담은 철통 보안 속에 진행됐다.
문 대통령은 이날 판문점으로 이동할 때 4.27 정상회담 당시 이용한 검정색 벤츠 차량이 아닌 은색 벤츠 차량을 이용했다.
사람들의 눈에 띄지 않게 하기 위해 경호 규모도 최소화했다.
청와대가 공개한 문 대통령의 판문점 도착 모습을 보면 평소보다 훨씬 적은 수의 차량이 동행했다.
청와대는 회담 종료 후 3시간이 지난 저녁 8시쯤 기자단에 회담 개최 사실을 공개했다.
윤영찬 청와대 국민 소통 수석은 출입 기자들에게 문자 메시지를 보내 “문재인 대통령이 26일 오후 3시부터 5시까지 판문점 북측 지역 통일각에서 김정은 국무위원장과 두 번째 정상회담을 가졌다“며 “두 정상이 이날 회담에서 4.27 판문점 선언의 이행과 북미 정상회담의 성공적 개최를 위해 허심탄회하게 의견을 교환했다“고 밝혔다.",41,3326
iks_doc_2018_chosun_087,Chosun 2018 total annotated text file unicode.txt,Chosun Ilbo,조선일보,2018,2018_multi_summit,"文 대통령, 北 체제 선전용 집단 체조 '빛나는 조국' 관람하나 탈북인 “北, 내부 선전에 활용할 것“",,"문재인 대통령은 평양 방문 첫날인 18일 오후 북측이 마련한 환영 예술 공연을 관람할 예정이다.
이와 관련, 북한의 집단 체조 '빛나는 조국'을 관람할 가능성이 높은 것으로 전해졌다.
'빛나는 조국'은 북한이 올해 정권 수립 70주년을 맞아 과거 2013년까지 상영했던 '아리랑'을 업데이트해 새롭게 선 보인 체제 선전 공연이다.
한 소식통은 “김정은이 문 대통령에게 관람을 제안하면 거부하기 어렵ㄹ 것“이라고 했다.
2007년 노무현 전 대통령은 방북 둘째 날 능라도 5.1 경기장에서 '아리랑' 공연을 관람했고, 2000년 김대중 전 대통령은 평양 도착 당일 만수대예술극장에서 전통 무용과 기악곡을 중심으로 진행된 '평양성 사람들' 공연을 관람했었다.
'빛나는 조국'은 수만 명이 동원된 카드 섹션과 집단 체조를 통해 북한 체제의 우월성과 정당성을 대내외에 과시하는 내용이다.
한 고위 탈북 인사는 “남한 대통령 부부가 그 공연을 관람할 경우, 북한은 이를 내부 선전에 적극 활용할 것“이라고 했다.",7,505
iks_doc_2018_chosun_088,Chosun 2018 total annotated text file unicode.txt,Chosun Ilbo,조선일보,2018,2018_multi_summit,與 “한반도 평화 시대“野 “비핵화 확답 필요“,,"평양 회담 엇갈린 정치권 반응 여야(與野)는 17일 하루 앞으로 다가온 제3차 남북 정상회담에 대해 엇갈린 반응을 내 놨다.
여당인 더불어민주당은 회담의 성공적 개최를 기원하면서 한반도 평화 체제를 안착시키는 계기가 될 것으로 기대한 반면 보수 야당들은 북한의 비핵화 확답을 받아야 한다고 했다.
민주당 이해찬 대표는 이날 최고 위원회에서 “남북 정상회담이 끝나면 유엔 총회가 시작되는데 문재인 대통령이 참석해 트럼프 대통령과 한미 정상회담을 할 것 같다“며 “남북 정상회담과 한미 정상회담이 한반도에 평화 시대가 올 수 있는 계기를 마련하기를 기대한다“고 했다.
그러나 자유한국당 김병준 비상 대책 위원장은 “회담을 위한 회담이 돼선 안 된다“며 “비핵화를 위해 핵 물질, 장소, 내용에 대해 신고하고 검증 받겠다는 김정은 국무위원장의 약속을 받아 왔으면 좋겠다“고 했다.
김성태 원내 대표는 “왜 방북단에 국내 굴지 대기업 회장이 17명이나 껴 있는지 알ㄹ 수 없다“며 “북한에서 투자 결정권이 있는 오너를 강하게 요구한 것“이라고 했다.
바른미래당 손학규 대표는 “남북 정상회담으로 잔치를 벌일 때가 아니고 분위기가 들떠서는 안 된다“며 “문재인 대통령은 이번 회담이 비핵화 돌파구를 마련해야 하는 절박한 과제를 안고 가는 것임를 명심해야 한다“고 했다.",6,649
iks_doc_2018_chosun_089,Chosun 2018 total annotated text file unicode.txt,Chosun Ilbo,조선일보,2018,2018_multi_summit,"4 대그룹 대표 등 기업인, 오늘 北 내각 부총리 면담 靑 “경협의 기역 자도 없다“더니 연내 남북 철도 도로 착공 등 본격적인 경협 방안 논의할 듯",,"임종석 대통령 비서실장은 17일 브리핑에서 평양 정상회담 주요 의제 중 하난 경협(經協)에 대해 “'판문점 선언'에서 합의된 내용을 구체적으로 진전 시키기 위해 최선의 노력을 다할 것“이라고 했다.
전날 청와대는 특별 수행원 명단에 4대 그룹 대표 등 경제 인사를 포함시키면서 “'한반도 신(新)경제 지도 구상' 또한 앞당겨질 것으로 기대할 수 있다“고 했다.
지난 6일 김의겸 청와대 대변인은 “언론들이 경협 얘기를 하는데 (북한과의 협의 중) 경협의 기역(ㄱ)자도 안 나왔다“고 했다.
하지만 이 같은 발표와 달리 정부는 이번 정상회담에서 남북 철도 도로 연결, 산림 협력에서 통일 경제 특구 설치, 동아시아 철도 공동체 등 본격적인 경협 방안까지 논의할 것으로 전해졌다.
문재인 대통령은 김정은 국무위원장과 18~19일 두 차례 정상회담에서 연내(年內) 남북 철도 도로 착공과 산림 협력을 위한 계획을 논의할 예정이다.
이번 정상회담 수행원에 남북 경협과 관련된 기업 대표들과 국토 해수부 장관, 산림청장 같은 철도 산림 등 경협 관련 인사들이 대부분 포함된 것도 이 때문이다.
정부는 최근 판문점 선언 비준 동의 안에 첨부한 비용 추계서에도 이 같은 경제 협력 사안들을 제시했다.
문 대통령은 판문점 선언에서 합의된 경협 수준을 넘어 김정은에게 문 대통령 대선 공약인 한반도 신경제 지도 구상을 제시할 것으로 알려졌다.
동해권과 러시아, 서해권과 중국을 잇는 지형적 이점을 활용해 에너지 자원 물류 교통 벨트를 구축하자는 내용이다.
우리 기술 자본과 북한 노동력을 결합한 특구를 설치하고, 원산 금강산 두만 강 일대를 국제 관광 특구로 개발하는 방안 등도 담겨 있다.
여권(與圈) 관계자는 “경제 특구 활성화 등을 통해 북한도 경제 개발을 할 수 있게 된다“며 “이 같은 구상을 통해 북한이 비핵화 절차에 나서도록 이끌어 내겠다는 것“이라고 했다.
북한은 4 대그룹 대표 등 기업인들에게 대북 사업과 투자 유치 방안 등을 제안할 것으로 전해졌다.
기업인들은 방북 첫날 북한 경제를 담당하는 리룡남 내각 부총리와 면담을 갖게 된다.
정당 대표단 자격으로 이번에 방북하는 정동영 민주평화당 대표는 이날 “김정은 입장에서 가장 관심이 있는 대상은 문 대통령과의 정상회담 말고는 아마 4 대그룹 총수들일 것“이라며 “제재 완화 이후 북한의 경제 발전 계획의 핵심은 외자 유치“라고 했다.
그러나 미국 등 국제 사회의 대북(對北)?제재가 해제되지 않으면 우리 정부의 경협 구상은 논의를 시작하기도 쉽지 않다.
임 실장도 “(구체적 경협 사안은) 엄격한 제재가 취해지고 있기 때문에 말씀 드리기 조심스럽ㄴ 측면이 있다“고 했다.
이 때문에 청와대는 이번에는 비핵화와 대북 제재 이후 경협의 큰 그림을 그리고, 합의된 경협 사항들은 '제재 해제 이후'에 시행한다는 단서를 달ㄹ 것으로 알려졌다.",17,1393
iks_doc_2018_chosun_090,Chosun 2018 total annotated text file unicode.txt,Chosun Ilbo,조선일보,2018,2018_multi_summit,"文 대통령, 김정은과 7~8회 만남 내일 평양 시내 투어 2박 3일 일정 어떻게 진행되나",,"문재인 대통령은 18일부터 20일까지 평양에 머물면서 김정은 북한 국무위원장을 7~8 차례 가까이 만날 것으로 보인다.
두 정상은 문 대통령의 방북 당일인 18일과 19일 한 차례씩 정상회담을 한다.
2차 회담이 순조롭ㄹ 경우 19일 회담 이후 공동 기자 회견을 열ㄹ 수도 있다.
두 정상은 이외에도 환영 환송 만찬 등 일정도 함께할 것으로 보인다.
묘향 산 등반 등 '깜짝 이벤트'를 가질 가능성도 크다.
도착 첫날 바로 정상회담 문 대통령은 18일 오전 8시 40분 성남공항을 출발해 10시쯤 평양 순안공항에 도착한다.
김정은 북한 국무위원장이 문 대통령을 영접할 것으로 보인다.
지난 2000년 정상회담 때도 김정일이 김대중 전 대통령을 공항에서 맞았다.
당시 두 사람은 함께 승용차를 타고 가며 예정에 없던 '차중(車中) 회담'을 가졌다.
지난 2007년 정상회담 때처럼 방북 기간 중 두 정상이 같은 차를 타고 카퍼레이드를 할 가능성도 제기된다.
첫 번째 남북 정상회담은 18일 오후에 진행된다.
임종석 대통령 비서실장은 “첫날부터 바로 정상 간 회담이 이루어지는 것이 (과거와) 중요한 차이“라고 했다.
과거 두 차례 정상회담 장소는 백화원이었지만 이번에는 조선노동당 본부 청사에서 회담이 열릴 가능성이 큰 것으로 알려졌다.
김정은은 최근 대부분의 외교 사절들을 이곳에서 만나고 있다.
문 대통령 부인 김정숙 여사는 정상회담이 열리는 동안 아동 병원과 음악종합대학을 참관할 예정이다.
지난 4.27 정상회담 때 만났던 김정은 부인 리설주가 동행할 가능성이 있다.
이해찬 더불어민주당 대표 등 특별 수행원은 김영남 최고인민회의 상임 위원장을 만난다.
북한에 동행한 이재용 삼성전자 부회장 등 경제계 인사들은 리룡남 내각 부총리와 만나 남북 경협 현안에 대해 논의할 계획이다.
문 대통령은 회담 이후 환영 예술 공연을 관람할 예정이다.
최근 북한은 9.9절(정권 수립 70주년)을 기념하는 집단 체존 '빛나는 조국'을 선전하고 있는 만큼 이 공연 관람을 제안할 가능성이 있다.
문 대통령의 숙소는 전례에 따라 백화원 영빈관이 유력한 것으로 알려졌다.
묘향 산 등반 등 깜짝 이벤트 가능성 19일엔 오전부터 정상회담이 이어진다.
임 실장은 “회담이 원만히 진행된다면 회담 후에 합의 내용을 발표하는 공동 기자 회견이 가능하지 않을까 조심스럽게 기대한다“고 했다.
상황에 따라 오후에 정상회담을 잇어 갈 수도 있다.
문 대통령은 이날 대동강 옥류관에서 오찬을 한 이후 수행단과 함께 평양 주요 시설을 참관할 예정이다.
김정은이 조성을 지시한 평양 '여명거리' '미래과학자 거리' 등을 갈 수도 있다는 전망이 나온다.
두 거리는 2010년대 들어 개발이 진행 중인 계획 지구로, 초고층 건물이 들어서 있다.
두 정상이 함께 평양 주요 시설을 찾으며 사실상의 '평양 시티 투어'를 할 수 있다는 말도 나온다.
임 실장은 이날 저녁 열리는 환송 만찬에 대해 “현지 주민들이 자주 가는 식당을 갈 수 있도록 북쪽에 부탁해 뒀다“고 했다.
북한이 최근 건축한 '대동강 수산물 식당'을 찾을 수 있다는 관측도 나온다.
마지막 날엔 지난 4월 판문점 회담 때 '도보다리 회담'처럼 '친교'를 과시하는 이벤트가 열릴 수 있다.? 등산을 좋아하는 문 대통령을 위해 북한이 평양 근처에 있는 묘향 산 등반을 준비할 수 있다는 관측이 나온다.
한편 청와대 윤영찬 국민 소통 수석은 “지난 8월 이산가족 상봉 시 북측 큰할아버지께 손 편지를 써 화제가 된 김규연 학생의 방북이 어렵게 됐다“고 했다.
“평양에 있는 선발대는 김규연 학생과 큰할아버지의 만남이 성사되지 못하게 됐다고 알려 왔다“고 했다.
이재용, 박용만과 같은 차 타고 와 80분 방북 교육 가수 에일리 지코 등도 참석 최태원 구광모는 대리인 보내 남북 정상회담을 하루 앞둔 17일 오후 2시 서울 삼청 동 통일부 남북회담 본부.
박용만 대한상공회의소 회장의 검은색 에쿠스가 정문에 들어서자 취재진이 카메라 플래시를 터뜨렸다.
이 차량에서 전날 남북 정상회담 특별 수행원으로 선정된 박 회장과 이재용 삼성전자 부회장이 나란히 내렸다.
매출 240 조 원의 세계 최대 전자 회사의 경영자와 국내 최대의 경제 단체장이 1시간 20분 간 방북 교육을 받기 위해 '카풀'을 하고 등장한 것이다.
재계(財界)와 관가(官街)에선 이 부회장의 방북 교육 참석을 뜻 밖으로 받아들이는 분위기다.
최태원 SK 그룹 회장과 구광모 LG 그룹 회장은 “일정상 참석이 어렵다“며 대리인을 보냈다.
최정우 포스코 회장과 김용환 현대차 부회장 등 전문 경영진도 불참했다.
대기업 특별 수행원으로는 이 부회장이 유일하게 참석한 것이다.
삼성 측은 “방북 교육은 당연히 가야 하는 것이라 참석했다“고 했다.
하지만 재계에선 “이 부회장이 낮은 자세로 문재인 정부에 좋은 이미지를 보여 주려 고심한 흔적이 엿보인다“는 평가가 나왔다.
2007년 정상회담 당시엔 이재정 당시 통일부 장관이 정몽구 현대차 그룹 회장과 구본무 LG 그룹 회장을 직접 찾아가 교육을 했다.
이날 방북 교육은 남북 정상회담 특별 수행원들(52명)을 대상으로 마련된 것이었다.
전날 청와대에서 방북 브리핑을 받은 정당 대표들(3명)과 일정상의 이유로 대리인을 보낸 몇몇 인사를 제외하고 특별 수행원 대부분(40명 안팎)이 참석했다.
차범근 전 축구 국가 대표 팀 감독, 현정화 한국마사회 탁구단 감독과 가수 에일리 지코 등도 참석했다.
이들은 회담 본부 3층 대회의실에 모여 조명균 통일부 장관으로부터 '남북 정상회담 추진 방향', 임동원 한반도평화포럼 이사장으로부터 '역대 특별 수행원의 활동 사례'를 주제로 교육을 받았다.
한 참석자는 “문재인 정부의 남북 경협 계획인 '한반도 신경제 구상'에 관한 브리핑도 있었다“며 “이 대목에서 재계 인사들끼리 귀엣말을? 주고 받기도 했다“고 전했다.
잇어 통일부 국정원 간부들이 방북 일정과 유의 사항을 브리핑했다.
이 자리에선 “김정은, 개혁 개방, 탈북민에 관한 언급을 자제할 것““숙소에서 TV를 켠 채 대화할 것““신용 카드 사용이 안 되니 기념품 구매를 위해 유로화를 준비할 것““주소 전화번호 이메일 등이 표기된 명함 전달을 자제할 것“등의 주의 사항이 전달됐다.
訪北 총수에 참모들 고언 “검토해 보겠다고 말하면 절대 안 됩니다“기업 입장서 큰 의미 없이 한 말 북한은 긍정적 신호로 오해 “많이 듣고, 보고만 오십시오.“
남북 정상회담을 하루 앞둔 17일 방북(訪北) 대상에 오른 대기업들은 기업 총수에게 이 같은 주문을 한 것으로 알려졌다.
극도로 말 조심을 하라는 의미다.
방북하는 총수들은 직원들의 도움을 받아 가며 북한 관련 언론 보도와 경제 연구소의 브리핑, 보고서를 바탕으로 '북한 과외'에 열중했다고 한다.
특히 이재용 삼성전자 부회장은 첫 방북이고 구광모 LG 회장은 지난 6월 총수가 된 이후 첫 대외 일정이라 더욱 긴장하는 분위긴 것으로 전해졌다.
대기업들이 총수와 최고 경영진의 발언에 이처럼 신경을 쓰는 것은 언론의 스포트라이트가 집중되고 발언 하나하나가 국제 사회의 주목을 받을 가능성이 높기 때문이다.
한 그룹 관계자는 “북한과 거래하는 기업을 제재하겠다는 미국의 뜻이 확고하고, 현실적으로도 경제 협력 여건이 되지 않은 상태에서 기업이 무엇을 할 수 있겠느냐“며 “괜히 말을 꺼냈다가 확대 해석되는 것이 최악의 시나리오“라고 했다.
다른 그룹 관계자도 “북한과 협력할 수 있는 것이 임가공(賃加工) 정돈데 현재 북한 전력이나 도로 사정을 감안하면 그나마도 여의하지 않다“며 “무조건 말은 아끼고, 듣고 보고만 오시라고 조언하고 있다“고 했다.
미국 국무부가 국내 대기업 총수들의 방북에 대해 “유엔 회원국은 대북 제재를 완전히 이행하기를 바란다“고 경고 메시지를 던진 것도 엄청난 부담이다.
게다가 중국 2위 통신 장비 업체 ZTE는 유엔 제재를 어기고 북한과 거래했다가 미 상무부로부터 7년 간 미국 기업과 거래를 금지당하며 파산 직전까지 몰린 전례도 있다.
이 때문에 기업들은 미국과 청와대의 눈치를 동시에 보고 있다.
기업들이 가장 금기어로 여기는 것은 “검토해 보겠다“는 말이다.
지난 2007년 남북 정상회담 때도 기업들은 북한에 간 총수가 덜컥 “검토해 보겠습니다“라고 말하는 사태가 빚어질까 봐 전전긍긍했었다고 한다.
큰 의미 없이 한 말인데 북한에서는? 긍정적인 신호로 받아들일 수 있다는 것이다.
이로 인해 대기업들 사이에서는 “의미 있는 자리에 함께하게 돼 뜻 깊게 생각합니다““회담에 좋은 결과가 있기를 기대합니다“와 같은 무난한 발언을 하도록 총수들에게 권고한 것으로 알려졌다.
한 그룹 관계자는 “이번 회담의 주인공은 남북 정부 인사들인 만큼 기업 입장에서는 최대한 주목 받지 않는 것이 목표“라고 했다.",67,4257
iks_doc_2018_chosun_091,Chosun 2018 total annotated text file unicode.txt,Chosun Ilbo,조선일보,2018,2018_multi_summit,"美 언론 “평양 가는 文 대통령, 가장 거친 도전에 직면“",,"국무부, 대기업 총수들 동행에 “완전한 대북 제재 이행“강조 유엔 안보리, 어젯밤 대북 제재 긴급 회의 미국과 中 러 격론 미국이 문재인 대통령의 방북을 하루 앞두고 “완전한 유엔 대북 제재의 이행“을 강조하고 나섰다.
북한 비핵화를 위한 대북 압박을 훼손할 수 있는 남북 경제 협력 합의 등이 이루어질까 봐 우려를 제기한 것이다.
미국 언론들도 “문 대통령이 가장 거친 도전에 직면했다“며 우려와 기대가 섞인 반응을 보였다.
미 국무부 관계자는 16일(현지 시각) 문재인 대통령의 평양행에 주요 대기업 총수들이 동행하는 데 대한 미국의소리(VOA) 방송의 논평 요청에 “모든 유엔 회원국이 유엔 안보리 결의에 의해 금지된 '특정 분야 제품(sEMtoral goods)'을 비롯해 유엔 제재를 완전히 이행하기를 기대한다“며 “모든 나라가 북한의 불법 핵과 미사일 프로그램을 끝내는 것을 도울 책임을 심각하게 받아들이기를 기대한다“고 말했다.
특정 분야 제재는 섬유와 농산물과 같은 특정 산업 전체의 수출입을 막는 것을 말한다.
유엔 안보리는 북한의 석탄, 철강 및 철광석, 완제품 의류와 섬유, 식품, 농산품, 기계류, 전자 장비, 석재, 선박 등에 대한 제재를 가하고 있다.
미 국무부가 이 같은 '분야별 제재'를 다시 한 번 강조한 것은 현행 대북 제재 아래에선 경협이 원천적으로 불가능하다는 것을 강조하기 위한 것으로 해석된다.
국무부는 비핵화에 진전이 있다는 문 대통령의 발언도 반박했다.
문 대통령이 지난 13일 원로 자문단과의 간담회에서 “북한은 '미래 핵'을 폐기하고, '현재 핵'까지 폐기하겠다는 것“이라고 발언한 것에 대한 VOA의 질문에 국무부 관계자는 “미국은 북한이 핵 활동과 유엔에 의해 금지된 핵 프로그램 개발을 계속하고 있다는 것을 정확하게 보여 준 국제원자력기구(IAEA) 사무총장의 2018 보고서를 환영한다“고 했다.
미 의회도 북한의 비핵화 의도에 대해 의심의 눈초리를 보냈다.
공화당 린지 그레이엄 상원 의원은 이날 CBS 방송에 출연, 북한 비핵화 협상과 관련해 “생산적이길 바란다“면서도 “그들(북한)이 트럼프 대통령을 갖고 놀ㄴ다면 우리는 고통의 세상(world of hurt)에 있게 될 것“이라고 했다.
그러면서 “트럼프 대통령이 해야만 한다면 군사력을 사용할 것“이라며 “실제로 그런 어렵ㄴ 결정에 가까이 다가가기도 했다“고 말했다.
하원 군사위 소속 존 개러맨디(민주당) 의원도 VOA와 인터뷰에서 “김정은이 장난을 치고 있다“며 “의회는 강력한 미군 주둔을 위한 예산을 계속 지원할 것“이라고 했다.
미국 언론들은 우려와 기대가 교차했다.
AP통신은 “모호한 비핵화 선언을 구체화하고, 미북 협상을 제 궤도에 올려 놔야 하는 가장 거친 도전에 문 대통령이 맞닥뜨렸다“며 “문 대통령이 비핵화와 관련된 가시적 진전을 만들지 못하면 더 큰 어려움에 직면할 수 있다“고 했다.
블룸버그 통신은 “문 대통령의 방북은 두 불안한 지도잔 김정은과 트럼프 대통령 사이의 간극을 메워야 하는 가교 능력을 다시 한 번 시험할 것“이라고 했고, 월스트리트저널(WSJ)은 “비핵화에 대한 외교적 노력을 살려 내기 위한 방문“이라고 평가했다.
17일 오전 북한 비핵화를 의제로 긴급 유엔 안보리 회의가 소집됐다.
러시아와 중국은 안보리가 대북 제재 완화에 대해서 논의해야 한다고 주장했다.
하지만 니키 헤일리 유엔 주재 미 대사는 “미북 간 어렵고 민감한 대화가 진행 중이지만 대북 제재를 완화할 때가 아니다“고 말했다.",19,1707
iks_doc_2018_chosun_092,Chosun 2018 total annotated text file unicode.txt,Chosun Ilbo,조선일보,2018,2018_multi_summit,"평양의 사흘 핵심은 核이다 비핵화, 남북 정상회담 의제 첫 등장 핵 신고 종전 선언 꺼낼 듯 文 대통령 “김정은과 美 北 접점 찾기 위해 허심탄회한 대화할 것“",,"문재인 대통령은 18일 2박 3일 일정으로 평양을 방문, 곧바로 김정은 북한 국무위원장과 만나 역대 세 번째 평양 정상회담을 한다.
이 자리에서 두 정상은 비핵화 조치와 경제 협력 등 남북 관계 개선 방안, 서해 평화 수역 등 군사적 충돌 방지 방안 등을 논의한다.
2007년과 달리 방북(訪北) 첫날부터 이틀 연속 정상회담을 갖는다.
첫 회담에는 문 대통령과 정의용 청와대 안보실장, 서훈 국정원장이, 북에서는 김 위원장, 김여정 노동당 부부장, 김영철 노동당 부위원장이 참석할 것으로 알려졌다.
문 대통령과 김정은의 정상회담은 4월 27일과 5월 26일 판문점에 잇어 세 번째다.
핵심 의제는 비핵화다.
정부는 김 위원장이 지난 5일 대북(對北) 특사단에게 “트럼프 미국 대통령의 첫 임기 안에 한반도 비핵화를 실현하겠다는 의지를 표명했다“고 밝혔지만, 김정은이 남북 간 공식 합의나 육성(肉聲)으로 실질적 구체적 비핵화 조치를 언급한 적은 없었다.
이 때문에 문 대통령이 이번 정상회담에서 김정은으로부터 핵 리스트 제출 같은 비핵화 조치를 받아 내고, 2차 미북 정상회담을 중재할 수 있을지가 회담 성패의 관건으로 평가된다.
문 대통령은 이날 청와대 수석 보좌관 회의에서 “미국의 비핵화 조치 요구와 북측의 적대 관계 청산 및 안전 보장을 위한 상응 조치 요구 사이에서 어떻게 접점을 찾을지 김 위원장과 허심탄회한 대화를 나눠 보고자 한다“고 했다.
문 대통령은 김정은에게 핵 리스트 제출 같은 비핵화 조치와 미국의 종전(終戰) 선언을 동시 추진하는 중재 안을 제안할 것으로 알려졌다.
그러나 임종석 대통령 비서실장은 “비핵화 진전에 대한 합의가 나올지 모든 부분이 블랭크(공백)“라며 “비핵화 성과에 대한 기대감이 있으나 매우 제한적“이라고 했다.
문 대통령은 “항구적 평화 체제의 구축이야말로 남북이 국제 정세에 휘둘리지 않고 한반도 문제의 주인이 되는 길이고 경제적인 공동 번영과 통일로 나아가는 길“이라고 말했다.
비핵화 이전이라도 남북 간 군사적 합의에 속도를 내겠다는 뜻이다.
남북은 이번에 비무장 지대(DMZ) GP(감시 초소) 시범 철수와 공동경비구역(JSA) 비무장화, 서해 NLL(북방 한계선) 논란이 있는 서해 평화 수역 추진 등에 대해 합의할 것으로 알려졌다.
또 철도 도로 연결 및 산림(山林) 협력과 대북 제재 해제 이후 남북 경협 방안 등을 담는 '한반도 신(新)경제 지도 구상'도? 협의한다.
문 대통령과 방북 수행단은 18일 오후 북한 문화 공연을 관람하고 4 대그룹 총수 등 기업인들은 리룡남 경제 담당 내각 부총리와 면담할 계획이다.
문 대통령은 19일 김 위원장과 2차 정상회담을 한 뒤 공동 기자 회견도 할 것으로 알려졌다.
임 실장은 “문 대통령이 20일 오전 귀국할 예정이지만 양 정상 간 친교 일정 때문에 변경될 수 있다“고 말했다.",18,1389
iks_doc_2018_chosun_093,Chosun 2018 total annotated text file unicode.txt,Chosun Ilbo,조선일보,2018,2018_multi_summit,中 “세 번째 만남 환영“日 “납치 문제 해결“,,"중국은 남북 정상의 세 번째 만남을 환영하면서도, 이번 회담이 교착 상태에 빠진 비핵화 협상의 돌파구가 될지에 대해서는 신중한 반응을 보였다.
일본은 납북자 문제?해결을 강조했다.
겅솽 중국 외교부 대변인은 18일 “남북 정상의 평양 회담이 성과를 거두길 기대하며 이를 통해 한반도 비핵화와 한반도 문제의 정치적 해결을 추진할 수 있을 것으로 믿는다“고 말했다.
스가 요시히데 일본 관방 장관은 이날 정례 브리핑에서 “남북 정상회담이 열린 이상 북한에 의한 일본인 납치 문제 해결에 이바지하는 회담이 돼야 한다“고 말했다.",4,292
iks_doc_2018_chosun_094,Chosun 2018 total annotated text file unicode.txt,Chosun Ilbo,조선일보,2018,2018_multi_summit,"의장대 점검하랴, 文 대통령 영접하랴 종횡무진 김여정 환영 행사 90분 전부터 현장 지휘 오후엔 정상회담도 배석해 존재감",,"김정은 북한 국무위원장의 동생인 김여정 노동당 중앙위 제1 부부장은 18일 남북 정상회담 현장을 종횡무진 오가며 바쁘게 움직였다.
김정은 근접 수행을 비롯해 행사 상황 점검과 문재인 대통령에 대한 의전까지 꼼꼼히 챙겼다.
김여정은 이날 순안공항 환영 행사 시작 1시간 30분 전인 오전 8시 30분쯤 현장에 모습이 보였고, 문 대통령 도착 30여 분 전부터는 분주하게 행사장을 오갔다.
그는 검은색 정장 차림에 손에 핸드백과 스마트폰을 들ㄴ 채 레드카펫을 성큼성큼 걸으며 군인들 도열(堵列)과 환영 인파 대기 모습부터 챙겼다.
잇어 김정은 리설주 내외가 등장하자 4~5m 정도 앞서 오른쪽으로 걸으며 안내했다.
전용기에서 내린 문 대통령이 김정은과 인사하는 사이 김여정은 문 대통령 등 뒤 쪽으로 다가가 돌아서는 문 대통령으로부터 악수를 받았다.
그러면서 김정숙 여사가 화동에게 받은 꽃을 대신 받쳐 들기도 했다.
문 대통령 내외가 걷기 편하도록 돕ㄴ 것이다.
김여정은 사열대에 오른 문 대통령이 다른 방향으로 서며 머뭇거리자 갑자기 뛰어올라가 문 대통령에게 자리를 잡아 주는 모습도 보였다.
잇어 김여정은 평양 여명거리에서도 문 대통령이 받은 꽃다발을 직접 건네받았고, 숙손 백화원 영빈관에도 문 대통령보다 앞서 도착했다.
김여정은 오후 정상회담에도 배석했다.
이 같은 김여정의 모습에 대해 “김정은의 최측근 실력자로서의 존재감을 대내외에 과시했다“는 평가가 나왔다.
이날 탁현민 청와대 선임 행정관의 모습도 행사장?인근에서 포착됐다.
그는 지난 16일 오후 선발대로 평양에 도착해 행사 진행 상황을 점검했다.
탁 선임 행정관은 이날 평양 대극장에서 열린 삼지연관현악단 공연을 준비한 현송월 단장과도 협의한 것으로 알려졌다.
지난 4월 남북 정상회담 당시 현송월은 “(가을 회담 때) 깜짝 쇼를 준비할 것“이라고 했고, 환송 만찬 등에서 탁 행정관과 다정한 모습을 보였다.",16,937
iks_doc_2018_chosun_095,Chosun 2018 total annotated text file unicode.txt,Chosun Ilbo,조선일보,2018,2018_multi_summit,文 대통령 “대동강 한강 만나면 세계 최고“김 위원장 “통일의 궤도 멈춤 없이 달려“,,"만찬 등 화려한 환영 행사 문재인 대통령은 방북 첫날인 18일 저녁 김정은 위원장 부부 주최로 평양 목란관에서 열린 환영 만찬에 참석했다.
두 정상은 만찬사와 환영사를 통해 상대를 추켜 세우었다.
문 대통령은 만찬사에서 “평양의 발전이 참으로 놀랍다“며 “대동강변을 따라 늘어선 고층 빌딩과, 평양 시민들의 활기찬 모습이 아주 인상적이었다“고 했다.
그러면서 “과학과 경제를 발전시켜 주민들의 삶을 나아지게 하려는 김 위원장의 지도력과 성취를 알ㄹ 수 있었다“고 했다.
문 대통령은 인도네시아 아시안 게임에서 카누 여자 단일팀이 금메달을 딴 사실을 거론하며 “대동강과 한강에서 흘린 땀과 눈물이 하나가 될 때 우리는 세계 최고가 될 수 있다는 희망과 기쁨을 온 겨레에 안겨 줬다“고 했다.
문 대통령은 “우리는 누구도 경험해 보지 못한 미래를 만들어 갈 수 있다“며 “우리의 협력은 대륙을 가르고 러시아와 유럽에 이르고 바다를 건너 아세안과 인도에 이를 것“이라고 했다.
문 대통령은 “김정은 위원장과 나는 다정한 연인처럼 함께 손 잡고 군사 분계선을 넘어 가고 넘어 왔던 사이“라며 “김정은 위원장과 내게는 신뢰와 우정이 있다“고도 했다.
문 대통령은 건배사로 “김정은 국무위원장 내외의 건강과, 백두에서 한라까지 남북 8 천만 겨레 모두의 하나 됨를 위하여!“라고 했다.
앞서 김정은 위원장은 환영사에서 “판문점 선언 이행을 위해 노심초사하며 평화의 새 시대, 민족 번영 새 역사를 흔들림 없이 이어 나가려는 굳은 마음을 안고 평양을 방문한 문재인 대통령 내외분을 열렬히 환영한다“고 했다.
잇어 “통일의 궤도에서 멈춤 없이 달려 왔다“고 했다.
김 위원장은 “좋게 출발한 평화 번영의 새 역사를 지속해 나가며 북남 관계에서 꽃 피는 봄날과 풍요한 결실만이 있기를 만들어 나가야 한다“며 “스스로 주인이 되는 새롭ㄴ 시대는 흔들림를 모르고 더욱 힘 있게 전진하게 될 것“이라고 했다.
그는 “그동안 문재인 대통령과 쌓은 신뢰가 있기에 평화롭고 번영하는 조선 반도의 미래를 열어 가는 우리의 발걸음은 더욱 빨라질 것“이라고도 했다.
앞서 두 정상은 평양 방문 첫날인 18일 오후?6시 30분부터 약 1시간 30분 동안 대동강변의 평양대극장에서 현송월 단장이 이끄는 삼지연관현악단 공연을 관람했다.
이날 문 대통령과 김정은이 함께 입장하자 극장을 가득 채운 900여 명이 모두 일어나 박수를 치며 “만세“를 외쳤다.
북측 가수 황은미가 '사랑의 기'를 부를 때는 스크린에 고구려를 배경으로 한 한국 드라마 '주몽' 장면이 나오기도 했다.",15,1252
iks_doc_2018_chosun_096,Chosun 2018 total annotated text file unicode.txt,Chosun Ilbo,조선일보,2018,2018_multi_summit,與 “드라마 같은 일 소름이 끼친다“: 野 “비핵화 못 풀면 평양 유람에 그쳐“,,"남북정상회담 환영 속 온도 차 여야(與野)는 18일 평양에서 시작한 남북 정상회담에 환영 입장을 밝히며 남북 관계 진전을 기대한다고 했다.
하지만 더불어민주당이 “정기적 만남이 성사된 것만으로도 큰 진전“이라며 의미를 부여한 데 반해, 자유한국당과 바른미래당은 “실질적 성과가 없다면 평양 유람에 그칠 수 있다“고 지적해 온도 차를 보였다.
홍영표 원내 대표 등 민주당 지도부는 이날 오전 국회에서 문재인 대통령과 김정은 북한 국무위원장의 만남을 함께 TV로 지켜 봤다.
두 정상이 악수하고 포옹하자 환호성과 박수가 터져 나왔고, 일부 의원은 눈물을 닦기도 했다.
서영교 원내 수석 부대표는 “1년 전만 해도 핵 전쟁을 걱정했는데 얼마나 드라마냐“고 했다.
“소름이 끼친다“는 말도 나왔다.
홍익표 수석 대변인은 논평을 통해 “역사적 만남이 이루어졌다“며 “정상회담 성공은 평화와 통일을 바라는 우리 민족에게 큰 선물이며 국제 사회 염원에도 부응하는 것“이라고 했다.
정동영 당 대표와 박지원 의원이 방북단에 포함된 민주평화당 지도부도 국회에서 함께 정상회담을 지켜 봤다.
평화 당은 “역사적 정상회담을 환영한다“며 “문 대통령의 평양 방문 성공이 김정은 위원장의 서울 방문으로 이어지길 바란다“고 했다.
이정미 대표가 방북한 정의당도 “세 번째 만남인 만큼 더 구체적이고 풍성한 열매가 열릴 수 있을 것“이라고 했다.
반면 당 대표 방북을 거부한 한국당과 바른미래당은 “보여 주기식의 새롭ㄴ 합의 선언보다 비핵화를 위한 실질적 성과가 필요하다“고 했다.
김성태 한국당 원내 대표는 “지금 필요한 것은 비핵화의 실질적 로드맵이나 김정은 위원장 입을 통한 비핵화의 공개적이고 공식적인 천명“이라고 말했다.
김 원내 대표는 “기업인이 방북단에 대거 포함됐는데 투자 설명회 그만하고 비핵화 진전에만 집중해 주길 바란다“고도 했다.
함진규 정책위 의장도 “북한의 비핵화 의지를 다시 한 번 확인했다는 식의 표현으로는? 국민을 안심시킬 수 없고 국제 사회 신뢰도 얻을 수 없다는 점을 잊지 말아야 한다“며 “선(先) 비핵화 후(後) 종전 선언 원칙도 흔들려선 안 된다“고 했다.
김관영 바른미래당 원내 대표는 “문 대통령이 비핵화를 위한 실질적인 이행 계획을 꼭 받아 왔으면 한다“며 “이 매듭을 풀지 못하면 200여 명 방북이 '평양 유람'에 그치는 행사가 될 수도 있다“고 했다.",15,1161
iks_doc_2018_chosun_097,Chosun 2018 total annotated text file unicode.txt,Chosun Ilbo,조선일보,2018,2018_multi_summit,3월엔 “가난한 나라“4월엔 “교통이 불비“이번엔 “숙소가 초라“김정은의 화법,,"김정은 북한 국무위원장은 18일 문재인 대통령의 숙손 평양 백화원 초대소에서 “문 대통령께서 돌아본 발전된 나라들에 비하면 우리 숙소가 초라하다“며 “수준이 좀 낮을 수 있어도 최대한 성의를 다한 숙소와 일정이니 우리 마음을 받아 주시면 좋겠다“고 했다.
문 대통령 의전에 만전을 기했다고 설명하면서 북측 시설이 낙후됐다는 점을 직접 언급한 것이다.
두 정상 부부는 이날 평양 시내 카퍼레이드 후 오전 11시 17분쯤 백화원 초대소에 도착, 입구에 선 채로 환담했다.
그 장면을 담은 영상이 김정은의 육성과 함께 잠시 뒤 공개됐다.
김정은은 “6.15, 10.4 성명이 다 이 집에서 채택됐다“며 문 대통령에게 백화원의 역사를 설명했다.
잇어 “지난 5월 문 대통령께서 판문점 우리 측 지역에 오셨는데 너무나 장소와 환경이 그래서(안 좋아서) 제대로 된 영접을 못 해 드리고 식사 한 끼도 대접 못 해 늘 가슴에 걸렸다“며 “그래서 오늘을 기다리고 있었다“고 했다.
김정은의 부인 리설주도 “최선을 다하느라고 노력했는데 미흡한 점이 있을 수 있다“고 했다.
문 대통령은 “열렬히 환영해 주시니 정말 가슴이 벅차고 뭉클했다.
오늘 최고의 영접을 받았다“고 했다.
김정은이 북한의 열악한 경제 사정을 직접 언급한 것은 처음이 아니다.
앞서 4.27 판문점 회담 때도 “문 대통령이 (북한에) 오시면 솔직히 걱정스럽ㄴ 것이 우리 교통이 불비(不備)해 불편을 드릴 것 같다“며 “평창 동계 올림픽을 갔다 온 분들이 고속 열차(KTX)가 다 좋다고 하더라.
남측의 이런 환경에 있다가 북에 오면 참 민망스럽ㄹ 수 있겠다“고 했다.
지난 3월 미 뉴욕타임스(NYT)는 “(한국의 대북 특사단에게) 김정은이 스스로 북한을 '가난한 나라'라고 했다“고 전했다.
김정은의 이 같은 '셀프 디스(자기 비판)' 화법에는 대외적으로 선대(先代)와 다른 개방적인 지도잠를 과시하면서 우리 측에 남북 경협과 지원을 촉구하려는 의도가 담긴 것으로 풀이된다.
윤덕민 전 국립외교원장은 “스스로를 낮춰 통 큰 지도자 이미지를 보여 주며 상대방에겐 신뢰감을 주기 위한 협상 기술“이라며 “그런 틀 안에서 남측의 경제 지원이 시급하다는 점을 강조하려는 것“이라고 했다.
일각에선 “스위스 유학파로 유럽 사정에 밝은 김정은이 국제 사회 제재의 직격탄을 맞은 북한 경제에 큰 위기감을 느낀다는 방증“이란 분석도 나온다.
김정은이 6.12 싱가포르 미북 정상회담 직후 대대적인 지방 경제 시찰에 나선 것도 이 같은 해석을 뒷받침한다.
신범철 아산정책연구원 안보통일센터장은 “(김정은이) 북한 경제에 관해 솔직하게 표현한 것“이라면서도 “북한의 비핵화 의지와는 무관한 것이기 때문에 그 표현에 현혹돼선 안 된다“고 했다.
남북 경제 협력의 필요성을 강조한 것일 뿐 비핵화에 관한 입장이 바뀐 것은 아니란 뜻이다.
DMZ GP 시범 철수, JSA 비무장화, 공동 유해 발굴 등 의견 접근 군사적 긴장 완화 논의 18일부터 평양에서 열리고 있는 3차 남북 정상회담에서는 '판문점 선언 이행을 위한 군사 분야 합의서' 체결이 핵심 의제 중 하나다.
합의서에는 비무장 지대(DMZ) 내 감시 소초(GP) 시범 철수와 판문점 공동경비구역(JSA) 비무장화, DMZ 완충 지대 설치, 서해 북방 한계선(NLL) 일대 평화 수역 조성, DMZ 내 공동 유해 발굴 등이 포함될 것으로 알려졌다.
합의서는 공식 수행원으로 방북한 송영무 국방장관과 노광철 북한 인민 무력상 간의 서명으로 채택될 전망이다.
남북은 지난 13~14일 판문점에서 17시간의 대령 급 군사 실무 회담을 갖고 GP 시범 철수, JSA 비무장화, DMZ 공동 유해 발굴 등에 대해선 의견 접근을 이뤘다.
GP 시범 철수는 DMZ 내 1㎞ 거리까지 들어온 GP 10여 개를 상호 철거하기로 의견 접근을 이룬 것으로 알려졌다.
남북은 DMZ를 기준으로 15~20㎞ 지역을 완충 지대로 설정해 군용기의 정찰 비행 금지와 군사 훈련 중지, 훈련 부대 이동 시 사전 통보 등 초보적 형태의 군비 통제를 실시하는 방안도 협의 중인 것으로 전해졌다.
DMZ 내 공동 유해 발굴은 남측 철원과 김화, 북측 평강을 잇는 이른바 '철의 삼각지'에서 이루어질 전망이다.
JSA 비무장화는 남북 경계 병력이 무장하지 않는 것은 물론, 1976년 판문점 도끼 만행 사건 이전처럼 JSA 내 군사 분계선(MDL)을 상호 자유롭게 왕래하는 방안도 논의 중이라고 소식통은 전했다.
서해 NLL 일대 평화 수역 조성 문제는 이번 회담에서 합의를 이루기 힘들ㄹ 것으로 예상되는 가장 '뜨겁ㄴ 감자'이다.
남북은 최근 군사 실무 회담에서 평화 수역 조성의 준비 단계로 NLL 일대에 함정 출입과 해상?사격 훈련을 금지하는 완충 지대 설치 방안을 집중 논의했다.
하지만 NLL를 해상 경계선으로 인정하지 않는 북측의 입장이 완강해 합의에 실패했다.
정부 소식통은 “북측은 4월 이후 남북 회담에선 NLL를 인정하지 않는 입장을 고수하고 있다“며 “우리도 NLL 고수 입장이 확고해 NLL 평화 수역 문제는 원론적인 수준에서만 합의가 이루어질 가능성이 크다“고 말했다.
文 대통령 화동, 北 현실 고발 영화 '태양 아래' 주인공?
리진미 양으로 추정되는 아이 등장 18일 오전 10시 평양 국제 비행장.
전용기에서 내린 문재인 대통령에게 낯익은 얼굴의 화동(花)이 다가와 꽃다발을 건넨 뒤 팔꿈치를 굽혀 머리 위로 경례를 붙이는 '소년단 경례'를 했다.
통제와 조작으로 점철된 북한의 실상을 고발했던 러시아 다큐멘터리 영화 '태양 아래'의 주인공 리진미(12)양과 매우 흡사했다.
외교가에선 “진미 양의 안위를 걱정하는 외부의 시선을 의식한 영악한 연출이자 고도의 체제 선전술 같다“는 말이 나왔다.
2016년 4월 개봉한 '태양 아래'는 러시아의 비탈리 만스키 감독이 2014년 방북해 만들ㄴ 영화다.
그는 진미(당시 8세)가 조선 소년단에 가입해 김정일 김일성 생일 행사를 준비하는 과정과 평양의 일상을 있는 그대로 담으려 했다.
하지만 북한 당국이 진미의 집과 부모 직업을 조작하고, 이들의 대사와 동선까지 멋대로 연출하자 계획을 바꿨다.
북한 각본대로 찍는 척하며 '몰래 카메라'를 동원해 개인의 자유가 억압되고 조작이 판치는 북한의 '불편한 진실'을 기록한 것이다.
감시원 몰래 찍은 마지막 신에서 진미는 제작진이 소년단 입단 소감을 묻자 대답을 하다 말고 울음을 터뜨린다.
제작진이 진미를 달래기 위해 “좋은 것, 좋은 기억을 생각해 보라“고 해도 진미는 “잘 모른다“고 하고, “시를 떠올려 보라“고 하자 한참을 생각하더니 '나는 위대한 김일성 대원수님께서 세워 주시고'로 시작하는 조선 소년단 입단 선언문을 낭독한다.
북한은 영화가 자신들 의도와 정반대로 제작된 것을 뒤늦게 파악하고 러시아 측에 강력? 항의했다.
영화가 공개된 뒤 진미와 가족들의 안위를 걱정하는 목소리가 높아졌다.
이런 상황에서 북한 당국은 진미를 그핸 2016년 5월 10일 평양 김일성 광장에서 열린 제7차 노동당 대회 경축 군중 대회에 등장시켜 김정은 국무위원장에게 꽃다발을 건네게 했다.
고위 탈북자 A씨는 “북한 당국이 국제 사회의 인권 공세에 맞서 진미를 활용하는 듯하다“고 말했다.",46,3502
iks_doc_2018_chosun_098,Chosun 2018 total annotated text file unicode.txt,Chosun Ilbo,조선일보,2018,2018_multi_summit,"리룡남 만난 자리서 재계 총수 등 18명, 차례로 자기 소개 [평양 南 北 정상회담] 기업 총수 北 내각 부총리 면담",,"문재인 대통령과 함께 평양을 찾은 경제계 인사들은 18일 오후 북한 경제를 담당하는 리룡남 내각 부총리를 만나 차례차례 자기 소개를 한 뒤 대화를 나눴다.
재계 인사들은 경협에 앞서 북한과 관계 개선이 중요하다고 했지만, 리룡남은 “북남 사이 경제 협력이 활성화될 수 있다는 신심이 생긴다“며 남북 철도 사업이 가장 중요하다고 했다.
대북 제재라는 현실적 한계에도 철도 등 경협 추진을 사실상 공식화한 것이다.
청와대는 이에 대해 “구체적이고 실질적인 협력 방안보다는 줘진 조건 속에서 논의할 수 있는 부분이 있을 것“이라고 했다.
이날 만남엔 북측에서 리룡남 등 6명이, 우리 측에선 김현철 청와대 경제 보좌관을 필두로 대기업 총수 공기업 대표 등 18명이 참석했다.
이재용 삼성전자 부회장, 최태원 SK 그룹 회장, 구광모 LG 회장, 김용환 현대차 부회장, 현정은 현대그룹 회장, 최정우 포스코 회장, 오영식 코레일 사장, 김종갑 한국전력 사장, 이동걸 산업은행장 등이다.
대기업 총수 등 기업인들은 사회자 역할을 한 김현철 청와대 경제 보좌관 주재로 한 명 한 명 차례로 북 인사들에게 자기 소개를 했다.
이재용 삼성전자 부회장은 “평양 역 건너편에 새로 짓은 건물에 '과학 중심 인재 중심'이라고 쓰여 있었다.
삼성의 기본 경영 철학이 '기술 중심 인재 중심'“이라며 “이번 기회에 더 많이 알고, 신뢰 관계를 쌓는 기회가 되기를 바란다“고 했다.
리룡남은 “우리 이재용 선생은 보니까 여러 가지 측면에서 아주 유명한 인물이던데?“라고 말했다.
이 부회장이 구속돼 재판 받은 사실을 언급한 것으로 보인다.
최태원 SK 회장은 “건물도 많이 높아졌지만 나무들도 많이 자라난 것 같고, 상당히 보기 좋았다“고 했다.
현정은 현대그룹 회장은 “남북이 잘되고 북미 정상회담도 잘돼서 빨리 금강산도 풀리고 (했으면 좋겠다)“라고 했다.
재계 관계자는 “대기업 총수들로서는 '대북 제재'와 곁에 있는 김현철 경제 보좌관 모두를 의식해야 했을 것“이라고 했다.
이동걸 산업 은행 회장은 “산은은 쉽게 말하자면 남측의 돈 줄 역할을 하고 있다.
경제 개발 등에 정책 자금을 지원한다“고 스스로를 소개했다.
내가 돈 줄이니 주목하라는 뜻으로 비쳤다.
안영배 한국관광공사 사장은 “교류가 본격화되면 저희가 평양에서 함께하는 한반도 관광 시대를 열어 가겠다“고 했다.
오영식 한국철도 공사 사장은 “앞으로 남북 관계가 개선되고 한반도 평화가 정착돼 철도도 연결됐으면 좋겠다는 말씀을 드린다“고 했다.
리룡남은 “북남 관계 중에서 철도 협력이 제일 중요하고 제일 큰 자리를 차지하고 있다“며 “앞으로 1년에 몇 번씩 와야 할 것“이라고 답했다.
리룡남은 북한의 대표적 '무역 일꾼'으로 손꼽힌다.
1994년 싱가포르 주재 북한 대사관 경제 담당 서기관을 시작으로 각종 요직을 거쳤다.
2014년 북한의 외자(外資) 유치와 대외 경제 협력을 총괄하는 대외 경제상 자리에 오르며 대북 투자를 사실상 총괄하고 있다.
이 때문에 “리룡남이 우리 재계 총수를 한꺼번에 만나는 것 자체가 '투자 유치'이라는 북한의 목표를 보여 주는 것“이란 해석이 나온다.
리룡남은 우리 측 인사들의 발언을 모두 들은 후 “우리가 손을 잡고 지혜와 힘을 합쳐 나간다면 얼마든지 경제 협력 사업에서 큰 전진을 이뤄 갈 수 있다“라고 했다.
이날 비공개 면담에서는 지난 정상회담 때 논의된 철도 도로 연결 및 현대화 사업, 산림 협력 등에 대해 한층 구체적인 논의가 오간 것으로 알려졌다.
당장은 대북 제재 때문에 기업 투자가 사실상 불가능한 상태지만, 제재가 해제 완화된 후를 대비해 '미래의 투자 방안'을 논의했을 것이란 관측이다.
윤영찬 청와대 국민 소통 수석은 이날 “이번 만남에서는 현실적으로 당장 (경협이) 가능한 영역보다 미래 가능성 타진이 있지 않을까 예측한다“고 했다.
앞서 경제인들은 방북을 위해 이날 오전 7시 경복궁서? 버스를 타고 서울 성남공항으로 향했다.
박용만 대한상의 회장이 가장 이른 오전 6시 20분에 도착했다.
반면 최태원 SK 회장은 가장 늦은 오전 6시 52분에 도착했다.
평소와 달리 '비서' 없이 온 이들은 대부분 두툼한 서류 가방을 하나씩 손수 들고 움직였다.
재계에선 “북한과 논의할 '경협 사업 리스트'가 담겨 있는 가방 아니겠느냐“는 추측이 나왔다.",33,2102
iks_doc_2018_chosun_099,Chosun 2018 total annotated text file unicode.txt,Chosun Ilbo,조선일보,2018,2018_multi_summit,"DMZ GP 시범 철수, JSA 비무장화, 공동 유해 발굴 등 의견 접근 군사적 긴장 완화 논의",,"18일부터 평양에서 열리고 있는 3차 남북 정상회담에서는 '판문점 선언 이행을 위한 군사 분야 합의서' 체결이 핵심 의제 중 하나다.
합의서에는 비무장 지대(DMZ) 내 감시 소초(GP) 시범 철수와 판문점 공동경비구역(JSA) 비무장화, DMZ 완충 지대 설치, 서해 북방 한계선(NLL) 일대 평화 수역 조성, DMZ 내 공동 유해 발굴 등이 포함될 것으로 알려졌다.
합의서는 공식 수행원으로 방북한 송영무 국방장관과 노광철 북한 인민 무력상 간의 서명으로 채택될 전망이다.
남북은 지난 13~14일 판문점에서 17시간의 대령 급 군사 실무 회담을 갖고 GP 시범 철수, JSA 비무장화, DMZ 공동 유해 발굴 등에 대해선 의견 접근을 이뤘다.
GP 시범 철수는 DMZ 내 1㎞ 거리까지 들어온 GP 10여 개를 상호 철거하기로 의견 접근을 이룬 것으로 알려졌다.
남북은 DMZ를 기준으로 15~20㎞ 지역을 완충 지대로 설정해 군용기의 정찰 비행 금지와 군사 훈련 중지, 훈련 부대 이동 시 사전 통보 등 초보적 형태의 군비 통제를 실시하는 방안도 협의 중인 것으로 전해졌다.
DMZ 내 공동 유해 발굴은 남측 철원과 김화, 북측 평강을 잇는 이른바 '철의 삼각지'에서 이루어질 전망이다.
JSA 비무장화는 남북 경계 병력이 무장하지 않는 것은 물론, 1976년 판문점 도끼 만행 사건 이전처럼 JSA 내 군사 분계선(MDL)을 상호 자유롭게 왕래하는 방안도 논의 중이라고 소식통은 전했다.
서해 NLL 일대 평화 수역 조성 문제는 이번 회담에서 합의를 이루기 힘들ㄹ 것으로 예상되는 가장 '뜨겁ㄴ 감자'이다.
남북은 최근 군사 실무 회담에서 평화 수역 조성의 준비 단계로 NLL 일대에 함정 출입과 해상?사격 훈련을 금지하는 완충 지대 설치 방안을 집중 논의했다.
하지만 NLL를 해상 경계선으로 인정하지 않는 북측의 입장이 완강해 합의에 실패했다.
정부 소식통은 “북측은 4월 이후 남북 회담에선 NLL를 인정하지 않는 입장을 고수하고 있다“며 “우리도 NLL 고수 입장이 확고해 NLL 평화 수역 문제는 원론적인 수준에서만 합의가 이루어질 가능성이 크다“고 말했다.",12,1051
iks_doc_2018_chosun_100,Chosun 2018 total annotated text file unicode.txt,Chosun Ilbo,조선일보,2018,2018_multi_summit,文 “완전한 비핵화“,"金 “손 잡고 난관 넘자“
文 대통령 김정은, 어제 120분 회담 첫날부터 비핵화 군사 긴장 완화 등 논의 오늘 2차 회담 뒤 기자 회견 北 내각 부총리는 경제인 만나 철도 등 경협 제안","문재인 대통령은 18일 평양을 방문, 김정은 북한 국무위원장과 2박 3 일 간의 남북 정상회담 일정을 시작했다.
이번 정상회담은 지난 4.27, 5.26 판문점 정상회담에 잇어 세 번째며, 2000년 김대중 대통령, 2007년 노무현 대통령에 잇어 역대 대통령의 세 번째 평양 방문이다.
문 대통령은 이날 오후 3시 45분부터 2시간 동안 김정은 위원장 집무실이 있는 노동당 중앙 위원회 청사에서 정상회담을 갖고 북 비핵화 조치와 경제 협력 등 남북 관계 개선 방안, 서해 평화 수역 등 군사적 충돌 방지 방안 등을 논의했다.
문 대통령은 북한 핵 리스트 신고와 같은 비핵화 조치와 미국의 종전(終戰) 선언을 동시 추진하는 방안을 김정은에게 제안한 것으로 전해졌다.
김정은은 북이 풍계리 핵 실험장 폐쇄 등 조치를 한 만큼 미국의 종전 선언 등 상응한 조치도 필요하다는 입장을 밝힌 것으로 알려졌다.
김정은은 이날 회담에서 “역사적인 조미(북미) 수뇌 대화 상봉의 불씨를 문 대통령이 찾아 줬다“며 “주변 지역 정세가 안정되고, 더 진전된 결과가 예상된다“고 했다.
이에 문 대통령은 “(지금까지의) 이 과정은 김 위원장의 결단에 의한 것“이라고 했다.
김정은은 환영 만찬에선 “지난 4월 새롭ㄴ 역사의 출발 선에서 신호탄을 쏘는 심정으로 판문점 분리 선을 넘었다“며 “문재인 대통령과 함께 판문점 선언을 계승 발전시켜 나가기 위한 제반 문제들을 허심탄회하게 논의할 것“이라고 했다.
잇어 “많은 난관이 기다리고 역풍도 만만하지 않겠지만 북남이 손을 맞잡고 나갈 때 길이 열릴 것“이라고 했다.
'비핵화'에 대한 직접적 언급은 없었다.
이에 문 대통령은 “한반도의 완전한 비핵화와 평화 정착도 중요한 의제다.
항구적 평화와 평화 번영을 위한 큰 그림을 그려 가겠다“고 했다.
이 자리에는 정의용 청와대 안보실장, 서훈 국정원장, 북측의 김여정 노동당 부부장, 김영철 노동당 부위원장이 배석했다.
양 정상은 둘째 날인 19일 오전 추가 회담을 가진 뒤 공동 기자 회견을 통해 결과를 발표할 예정이다.
앞서 문 대통령은 이날 오전 8시 55분 대통령 전용기 편으로 서해 직항로를 거쳐 오전 9시 49분 순안공항에 도착했다.
김정은과 부인 리설주가 직접 문 대통령과 김정숙 여사를 맞았다.
문 대통령과 김정은은 무개(無蓋)차에 동승해 평양 여명거리 등에서 '깜짝' 카퍼레이드를 했다.
문 대통령은 “판문점의 봄이 평양의 가을로 (이어져), 이제는 정말 결실을 맺을 때“라고 했다.
이에 김정은은 “더 큰 성과를 바라는 것이 인민들의 마음이다.
더 큰 성과를 내자“고 했다.
한편 북한 리룡남 내각 부총리는 이날 이재용 삼성전자 부회장 등 4 대그룹 총수와 우리 경제인들을 만나 남북 철도 건설 등 경협 사업을 제안했다.
리룡남은 “북남 사이 경제 협력이 활성화될 수 있다는 신심(信心)이 생긴다“며 “얼마든지 경협 사업에서 큰 전진을 이뤄 나갈 수 있다“고 했다.",22,1432
iks_doc_2018_chosun_101,Chosun 2018 total annotated text file unicode.txt,Chosun Ilbo,조선일보,2018,2018_multi_summit,"점심은 옥류관, 저녁은 수산물 식당 하루 두 끼 함께한 南 北 정상 리설주 “요즘 냉면이 유명해져“, 文 대통령 “쟁반 국수가 더 좋아“",,"문재인 대통령과 김정은 북한 국무위원장은 정상회담 이틀짼 19일 오만찬을 모두 함께했다.
이날 오찬 메뉴는 4.27 판문점 회담 만찬에도 올랐던 옥류관 평양냉면이었다.
문 대통령과 김정은은 낮 12시 42분쯤 평양 대동강변 옥류관에 도착했다.
헤드 테이블에는 두 정상 부부와 유홍준 교수, 차범근 전 축구 감독, 북측 김영철 노동당 중앙위 부위원장, 리수용 국제부장 등이 앉았다.
평양냉면과 소 갈비 편 구이, 녹두 지짐, 자라탕 등 코스 요리가 나왔다.
김정은 부인 리설주는 “판문점 회담으로 평양냉면이 더 유명해졌다“고 했다.
그는 “판문점 연회 때 옥류관 국수 올릴 때 있지 않았습니까?
그 이후로 우리나라 찾아오는 외국 손님들이 다 랭면 달라고 하는데, 굉장하더란 말입니다.
그 상품 광고를 한들 이보다 더하겠나“하며 웃었다.
또 “(판문점 회담 때) 제 옆에 임종석 (대통령) 비서실장이 앉았었다.
너무 맛있다고 두 그릇을 뚝딱 했는데 오늘 못 오셔서 섭섭하다“고 했다.
문 대통령은 “저는 두 가지 가운데 (비빔 냉면과 비슷한) 쟁반 국수가 더 좋다“고 했다.
김정은은 “오늘 많이 자시고 평가해 달라“며 웃었다.
만찬 장소는 7월 말 문을 열ㄴ 대동강수산물식당이었다.
평양 일반 시민들이 가는 식당을 가 보고 싶다는 문 대통령 뜻에 따라 정한 곳이다.
당초 문 대통령이 참모진에게 “우리 경제인들을 위한 저녁 자리를 만들어 달ㄹ라“고 해 마련된 자리였지만, 김정은이 뒤늦게 참석 의사를 밝혀 와 '깜짝 만찬'을 함께하게 됐다.
오후 7시쯤 문 대통령 부부가 먼저 도착했고, 19분 뒤 김정은 부부가 도착했다.
문 대통령은 김정은에게 “오늘 내가 너무 시간을 많이 뺏는 것 아닙니까“라고 했다.",18,842
iks_doc_2018_chosun_102,Chosun 2018 total annotated text file unicode.txt,Chosun Ilbo,조선일보,2018,2018_multi_summit,"김정일은 답방 펑크 김정은, 온다면 11월 말~12월 초 유력 北 최고 지도자 첫 방한 성사되나",,"김정은 북한 국무위원장은 19일 '가깝ㄴ 시일 내' 서울을 방문하겠다고 밝혔다.
문재인 대통령의 평양 방문에 대한 답방(答訪) 형식으로, 문 대통령의 초청을 받아들인 것이다.
6.25 전쟁 이후 북한 최고 지도자가 서울 땅을 밟은 적은 없다.
'서울 회담'이 성사되면 그 자체로 상당한 반향과 논란을 불러일으킬 것으로 보인다.",4,182
iks_doc_2018_chosun_103,Chosun 2018 total annotated text file unicode.txt,Chosun Ilbo,조선일보,2018,2018_multi_summit,11월 말~12월 초 방남 유력,,"김정은은 이날 오전 11시 40분 백화원 초대소에서 열린 공동 언론 발표에서 “나는 문 대통령에게 가깝ㄴ 시일 안에 서울을 방문할 것을 약속했다“고 했다.
김정은이 서울을 방문한다면 올 11월 말~12월 초가 유력하다는 관측이다.
대북 소식통은 “10월에는 북한 노동당 창건일이 있고 준비 시간도 부족하다“며 “또 12월에는 김정일 국방위원장 기일(12월 17일)이 있어 김정은이 북한을 비우기 어렵다“고 했다.
또 이날 합의된 사안들이 이행되는지 지켜 본 뒤 서울행을 결정할 가능성이 크다는 것이다.
김정은이 서울을 찾게 되면 정상회담은 청와대에서, 공식 환영 행사는 창덕 궁에서 열릴 것으로 보인다.
지난 6월 싱가포르를 찾았을 때처럼 김정은이 서울 시내 투어를 하거나 한국 내의 산업 시설을 둘러보는 깜짝 이벤트가 마련될 수 있다.
우리 정부가 준비한 공연을 함께 관람할 가능성도 크다.
현송월 북한 삼지연관현악단 단장이 김정은과 함께 예술단을 이끌고 방남해 우리 공연자들과 합주를 할 것이란 얘기도 나온다.
여동생인 김여정 노동당 제1 부부장의 동행도 확실시된다.
숙소는 김여정 김영남이 지난 2월 방남 때 묵었던 워커힐 호텔이나, 시진핑 국가 주석이 이용했던 신라 호텔, 청와대와 담을 사이에 둔 국무총리 서울 공관(公館) 등이 후보로 거론된다.
북한 최고 지도자 방남은 2000년 김대중 전 대통령과 김정일 국방위원장 간 정상회담 때도 합의됐으나 무산됐다.
2007년 정상회담 합의문인 '10.4 선언'엔 “남북은 정상들이 수시로 만나 현안을 협의하기로 했다“고만 했을 뿐 답방 부분은 명시되지 않았다.",12,791
iks_doc_2018_chosun_104,Chosun 2018 total annotated text file unicode.txt,Chosun Ilbo,조선일보,2018,2018_multi_summit,'최고 수준' 경호 보수층 반감 클 듯,,"이날 합의대로 김정은이 올 연말 서울을 찾는다면 최고 수준의 경비 경호가 이루어질 전망이다.
우리 정부는 공식적으로 북한을 국가로 인정하지 않고 있지만 경호 당국은 김정은에게 국가 원수 급 경호를 제공할 가능성이 크다.
요인(要人) 경호를 담당하는 대통령 경호처와 군 경찰 등 관계 기관도 총동원될 예정이다.
천안함 폭침(爆沈) 사건의 배후로 지목된 김영철 북한 통일전선부장이 지난 2월 한국을 찾았을 때도 정부는 최고 수준의 경호를 제공했었다.
정부는 당시 김영철이 묵은 호텔을 봉쇄했고, 김영철이 평창으로 이동할 때는 특별 열차를 편성했다.
김정은의 서울 방문에 대한 보수층이나 실향민들의 반감(反感)은 상당할 것으로 보인다.
김정은 정권 비판 활동을 꾸준히 해 온 북한 인권 단체나 보수 성향 단체들이 직접 행동에 나설 수 있다.
정부 관계자는 “김정은 동선 주변에서 시위를 열고 경찰 등 경호 관계자들과 충돌할 가능성이 있다“고 했다.
김영철 방남 때도 보수 단체들은 전국 곳곳에서 '김영철 방한 규탄 집회'를 줄 잇어 열고 '김영철 방남 반대'를 외쳤다.
김정은이 서울 외 지역까지 둘러볼 가능성이 있는 만큼 경호 당국은 그의 방남 기간에 전국 경찰력을 총동원할 가능성이 크다.
특별 수행원으로 평양에 동행한 문정인 대통령 통일 외교 안보 특보는 이날 브리핑에서 “통일전선부 주요 인사와 얘기했는데 (김정은의) 서울 방문에 대해서 주변에서 전부 다 반대를 했다고 한다“며 “그런데 김정은 위원장의 독자적 결정이었는데 그것을 막지 못하았다고 한다“고 전했다.",11,764
iks_doc_2018_chosun_105,Chosun 2018 total annotated text file unicode.txt,Chosun Ilbo,조선일보,2018,2018_multi_summit,[NEWS VIEW] 김정은 “핵 없는“한마디에 공중 정찰 해상 훈련 포기 평양 공동 선언,,"문재인 대통령과 김정은 북한 국무위원장은 19일 평양에서 전날에 잇어 두 번째 정상회담을 갖고 동창리 미사일 엔진 시험장과 발사대 영구 폐쇄 등을 내용으로 하는 '9월 평양 공동 선언'에 합의했다.
김정은은 기자 회견에서 “조선 반도를 핵무기도, 핵 위협도 없는 평화의 땅으로 만들기 위해 적극 노력해 나가기로 확약했다“고 했다.
김정은이 '비핵화 의지'를 육성(肉聲)으로 밝힌 것은 처음이다.
남북은 또 육상과 해상, 공중에서 일체의 적대 행위를 금지하는 내용의 '판문점 선언 이행을 위한 군사 분야 합의서'를 채택했다.
군 안팎에선 대북 정찰 감시 능력과 유사 시 즉각 대응 능력의 약화로 군사 안보가 무력화될 수 있다는 우려가 나온다.
이날 정상회담에서 북한은 평북 동창리 엔진 시험장과 미사일 발사대를 유관국 전문가들 참관 속에 영구 폐기하겠다고 했다.
또 '미국의 상응 조치'를 조건으로 영변 핵 시설의 영구 폐기와 같은 추가 조치를 할 용의가 있다고 했다.
'상응 조치'는 북한이 요구하는 종전(終戰) 선언을 뜻하는 것으로 해석된다.
그러나 이날 합의엔 북한 핵 시설, 핵탄두, 핵 물질 리스트에 대한 신고 문제와 구체적 비핵화 일정 등 미국이 요구해 온 비핵화 조치가 전혀 포함되지 않았다.
문 대통령은 방북(訪北) 전인 지난 13일 “북한이 '미래 핵'뿐 아니라 현재 보유하고 있는 '현재 핵'도 폐기하겠다는 것“이라고 했었다.
군사 합의서에는 비무장 지대(DMZ)에서 남북으로 10~40㎞ 이내에 비행 금지 구역을 설정하고 공중 정찰 활동을 금지한다는 내용이 담겼다.
또 북방 한계선(NLL) 일대에서 서해는 135㎞, 동해는 80㎞ 구간을 완충 수역으로 설정해 해안포 함포 사격과 해상 기동 훈련을 중지하기로 했다.
서해상에 평화 수역과 시범적 공동 어로 구역도 설정된다.
육상에선 DMZ 내 남북 GP(감시 소초) 11 곳씩을 시범 철수하기로 했다.
비행 금지 구역이 설정되면 한미 양국 군이 절대적 우위에 있는 전술 정찰기, 중대형 무인 정찰기 전력 등이 더?이상 DMZ 인근 대북 감시에 투입되지 못하고 무력화된다.
수도권을 위협하는 북 장사정포 감시와 북한 핵 미사일에 신속 대응하는 '3 축(軸) 체제'도 약화될 수 있다.
신원식 전 합참 차장은 “북핵은 유지되는 상황에서 우리 군사력은 약해지고 미래 전력 증강마저 힘들어지는 상황이 올 수 있다“고 했다.
야당은 “국가 안보를 사실상 포기하는 조치“라고 반발했다.
南 北 철도 착공해도 비핵화 진전 없인 '멀ㄴ 길' 철도 도로 연결 사업 남북 정상이 19일 합의한 철도 도로 연결 사업은 아무렇ㄴ 전제 조건 없이 착공식 시점을 '연내'로 못 박았다.
문재인 대통령은 지난달 광복절 경축사에서 “철도 도로 연결은 올해 안에 착공식을 갖는 것이 목표“라고 했다.
이번 합의는 '북한 도로 철도 개보수'를 언급한 2007년 10.4 선언, '북한의 철도 도로 현대화를 위한 실천적 대책 마련'에 합의한 4.27 판문점 선언보다 몇 걸음 더 나아간 것으로 평가된다.
북한은 자신들의 노후 철도를 현대화할 수 있는 이 사업에 우리 정부만큼 의욕적이다.
북한의 경제 사령탑인 리룡남 내각 부총리는 전날 방북한 우리 경제인들과의 면담에서 오영식 한국철도 공사 사장의 인사를 받고 “현재 우리 북남 관계 중에서 철도 협력이 제일 중요하고 제일 큰 자리를 차지한다“며 “앞으로 1년에 몇 번씩 와야 할 것“이라고 했다.
남북 철도 연결은 문 대통령의 '한반도 신경제 지도 구상'의 핵심이기도 하다.
지난 6월 철도 협력 분과 회담에서 공동 점검 조사에 합의했고, 지난 7월엔 북측 동해선과 경의선 연결 구간에 대해 공동 점검을 실시했다.
지난달 9일 남북 철도 공동 연구 조사단 2차 회의를 열었다.
문제는 남북 철도 연결 사업이 국제 사회의 대북 제재와 충돌할 가능성이 있다는 점이다.
안보리 결의 2375호는 대북 투자와 합작 사업 자체를 금지하고 있다.
사업이 본궤도에 오르려면 '비상업적이고 이윤을 창출하지 않는 공공 인프라 사업'이란 점에 대해 안보리의 승인을 받아야 한다.
또 북한에 대한 운송 서비스 제공 등을 금지한 미국의 독자 제재 저촉 여부에 대한 미국 정부의 유권 해석도 필요하다.
하지만 안보리나 미국 정부가 이 사업에 대해 '제재 예외'를 인정했다는 소식은 아직 없다.
이런 가운데 우리 정부가 지난달 22일 남북 철도 공동 조사를 명목으로 경유와 디젤 기관차를 5박 6일 간 북한에 보내려다 무산되는 일이 벌어졌다.
군사 분계선(MDL) 통과 승인권을 가진 유엔 군사령부가 불허했다.
유엔 군사령관은 주한 미군사령관이 겸직한다.
군 소식통은 “우리 정부는 '철도 공동 조사는 제재 대상이 아니다'고 봤지만, 미국의 생각은 달랐다는 얘기“라고 했다.
실제 미국 정부는 남북 철도 협력 사업이 본격화할 경우 대규모 자금과 자재 장비가 북한에 투입된다는 점에서 제재 위반 가능성을 크게 우려하는 것으로 알려졌다.
일각에선 “남북 정상이 철도 연결 사업에 속도를 내기로 합의했지만, 실제론 (제재와 무관한) 착공식만 열고 한동안 아무것도 못 하는 일이 벌어질 수 있다“는 우려도 나온다.
현실적으론 일단 남북이 각자의 지역에서 끊어진 철도를 연결하거나 보수하는 방안이 거론된다.
이후 북한의 실질적 비핵화 대북 제재 해제가 이루어지면 철도 연결 현대화 사업을 본궤도에 올린다는 것이다.
동해선의 경우 2006년 제진(남)~금강산(북) 구간이 연결됐고, 강릉~제진(110.2㎞) 구간이 단절돼 있다.
서울~신의주를 잇는 경의선은 2003년 문산(남)~개성(북) 구간이 복원되면서 노선 자체는 개통된 상태다.",41,2735
iks_doc_2018_chosun_106,Chosun 2018 total annotated text file unicode.txt,Chosun Ilbo,조선일보,2018,2018_multi_summit,"개성 공단 금강산 관광, 조건 되면 재개",,"서해 경제 특구, 동해 관광 특구도 협의 남북 경협 대북 제재 안 풀리면 사업 불가능, 우리 정부가 국제 공조 해칠 우려 남북 정상은 19일 일정한 '조건'이 충족될 경우 개성 공단과 금강산 관광 사업을 재개하자고 합의했다.
대북 제재라는 현실적 제약이 존재하기 때문에 미북 간 비핵화 대화 진전 등이 '조건'이 될 것으로 보인다.
양 정상은 동 서해에 각각 경제 관광 공동 특구를 조성하는 문제도 협의해 나가기로 했다.
비핵화에 구체적 진전이 없는 상황에서 국제 사회의 대북 제재 공조를 해칠 수 있다는 지적도 나왔다.
양 정상은 이날 합의한 평양 공동 선언에서 “상호 호혜와 공리 공영의 바탕 위에서 교류와 협력을 더욱 증대시키고, 민족 경제를 균형적으로 발전시키기 위한 실질적 대책을 강구해 나가기로 했다“고 했다.
그러면서 “조건이 마련되는 데 따라 개성 공단과 금강산 관광 사업을 우선 정상화하겠다“고 밝혔다.
남북 정상이 개성 공단과 금강산 관광 재개에 조건부로나마 합의한 것ㄴ 이번이 처음이다.
4.27 판문점 선언에도 두 사업에 대한 부분은 포함되지 않았다.
남북이 따로 언급하지는 않았지만 합의문에 담긴 '조건'은 사실상 '대북 제재 해제 또는 완화'를 뜻한다는 분석이다.
두 사업 모두 제재 완화 없이는 착수조차 할 수 없기 때문이다.
결국 미국을 포함한 국제 사회가 북한의 비핵화 조치 이행에 긍정 평가를 내리는 것이 사업 재개의 선결 조건인 셈이다.
일부 전문가는 “비핵화는 지지부진한 상황에서 경협(經協)만 진도를 나가면 우리가 국제 공조를 해칠 수 있는 것처럼 비칠 수 있다“고 했다.
박병광 국가안보전략연구원 책임 연구 위원은 “대북 제재 해제 없인 불가능한 사업에 대한 재개를 약속하면서 보다 근본적인 '비핵화'이라는 목표 달성에는 얼마나 실질적인 성과를 냈는지 의문“이라고 했다.
지난 2008년 일어난 '박왕자씨 피살 사건'에 대한 사과나 재발 방지 약속을 받아 내지 못한 채 금강산 관광 사업 재개를 합의했다는 점도 향후 논란이 될 수 있다는 평가가 나온다.
한 전문가는 “금강산 관광이 중단된 원인은 '북한 도발'인데 아무 조치도 없이 사건이 있기 전으로 돌리는 것ㄴ 북한에 나쁜 신호를 줄 수 있다“고 했다.
한편 남북은 이날 '서해 경제 공동 특구'와 '동해 관광 공동 특구' 조성에도 원칙적으로 합의하면서 동 서해에서 대규모 경협에 착수할 수 있는 길을 열어 뒀다.
이는 각각 문재인 대통령과 김정은 북한 국무위원장의 역점 사업으로 알려졌다.
문 대통령은 '한반도 신경제 지도' 구상을 통해 서해권에 물류 산업 경제 벨트를 구축하겠다는 계획을 밝혔다.
우리 수도권과 북한 개성/해주, 평양/남포를 잇는 산업 벨트를 조성하겠다는 것이다.
반대로 동해 관광 공동 특구는 김정은이 수차례 의지를 드러낸 사업이다.
금강산, 원산 갈마 해안 관광 지구에 우리 강원권까지 연결하는 거대한 관광 벨트를 만들자는 구상이다.
그러나 이 역시 대북 제재가 풀리지 않으면 불가능한 사업이라 북한 비핵화가 어느 정도 선행돼야 가능하다는 지적이 나온다.?",22,1496
iks_doc_2018_chosun_107,Chosun 2018 total annotated text file unicode.txt,Chosun Ilbo,조선일보,2018,2018_multi_summit,"이해찬 “정권 뺏기는 바람에 남북 관계 11년 손실“정치인들, 北 고위 인사들 만나 김영남 “다시 통일의 여명 밝아 와“",,"더불어민주당 이해찬 민주평화당 정동영 정의당 이정미 대표는 남북 정상회담 이틀짼 19일 북한의 국회의사당 격인 만수대의사당에서 김영남 최고인민회의 상임 위원장, 안동춘 최고인민회의 부의장 등 북한 고위급 인사들을 만났다.
이해찬 대표는 이 자리에서 “노무현 대통령 때까지 (남북 관계가) 잘 나 가다가 그만 우리가 정권을 뺏기는 바람에 지난 11년 동안 남북 관계가 단절돼 여러 가지 손실을 많이 봤다“고 했다.
이 대표는 “이제 저희가 다시 집권을 했기 때문에 오늘같이 좋은 기회가 왔다“며 “이번에는 남북 관계가 아주 영속적으로 갈 수 있도록 튼튼하게 만들ㄹ 것“이라고 했다.
그러자 김영남은 “우리도 리(이)해찬 선생이 민주당 대표직에 올라섰다는 희소식이 전파하자 다시금 통일의 여명이 밝아 오기 시작하리라는 신심을 갖게 됐다“고 답했다.
통일부 장관 시절 김영남을 만났던 정동영 대표는 “10년 전에 뵀을 때나 지금이나 똑같다“고 인사를 건넸다.
한편 문재인 대통령의 부인 김정숙 여사는 이날 북한의 예체능 분야 영재 교육 기관인 만경대학생소년궁전을 방문했다.
당초 청와대는 “리설주 여사가 동행할 것으로 관측된다“고 했지만, 리설주는 나타나지 않았다.",7,593
iks_doc_2018_chosun_108,Chosun 2018 total annotated text file unicode.txt,Chosun Ilbo,조선일보,2018,2018_multi_summit,韓 美는 물론 유엔 제재 대상인데 文 대통령 '만수대창작사' 방문 대표적인 北 외화 벌이 기관 靑 “예술품 관람 차원“밝혀,,"문재인 대통령은 19일 오후 공식 특별 수행원들과 함께 평양 '만수대창작사'를 찾았다.
1959년 설립된 만수대창작사는 북한 유명 미술가들을 모은 '예술 창작 기지'이다.
금수산기념궁전을 비롯해 천리마 동상, 주체사상 탑 등 김일성 김정일 부자를 우상화하거나 북 체제를 선전하는 주요 기념물을 만수대창작사가 제작했다.
하지만 만수대창작사와 일부 구성원은 유엔 안보리와 한미 정부의 대북 제재 대상이다.
만수대창작사는 그간 북한이 동남아 아프리카 등지에서 외화를 벌어 들이는 주요 창구로 지목돼 왔다.
지난 10년 간 예술품 수출로 벌어 들인 외화만 1억 6000 만 달러가 넘는 것으로 알려져 있다.
유엔은 안보리 결의를 통해 2016년 11월 만수대창작사의 해외 조형물 수출을 금지시켰고, 작년 8월 만수대창작사의 해외 사업을 맡는 '만수 대 해외 개발 회사 그룹'을 제재 대상으로 지정했다.
한미 정부도 2016년 12월 만수대창작사를 독자 제재 리스트에 올렸다.
문 대통령 부부는 이날 오후 4시 3분 만수대창작사에 도착해 각종 예술품과 조각 상을 관람했다.
북측 리선권 조국평화통일위원장 등이 합류했고, 만수대창작사의 이경섭 사장과 김성민 부사장이 문 대통령을 영접했다.
문 대통령은 1층 방명록에 '예술이 남과 북을 하나로 잇어 주는 다리가 되기를'이라고 썼다.
잇어 북측 명소를 소재로 한 작품들을 관람하며 “평양성이 아직 남아 있느냐““을밀대를 한 번 가 봐야 하는데““(선우영 작가는) 저도 기억이 나는 분“이라며 관심을 표했다.
문 대통령은 약 40분 간 관람 후 “(남북 간) 문화 체육 교류는 활발한데 예술 교류도 활발해져야 한다“고 했다.
앞서 2000년과 2007년 남북 정상회담 때는 김대중 노무현 전 대통령 대신 수행원들만 만수대창작사를 찾았다.
하지만 이번엔 문 대통령이 직접 방문하면서 “국제 사회가 대북 제재 이행을 강조하는 상황에서 부적절했다“는 지적이 나왔다.
대북 제재 이완을 노리는 북한의 의중이 반영된 일정이란 것이다.
그러나 윤영찬 청와대 국민 소통 수석은 “예술품 관람 차원“이라고만 했다.",17,1027
iks_doc_2018_chosun_109,Chosun 2018 total annotated text file unicode.txt,Chosun Ilbo,조선일보,2018,2018_multi_summit,文 대통령 바람대로 오늘 김정은과 함께 백두산 오른다 평소 “北 통해서 백두산 가고 싶다“비행기로 삼지연공항까지 이동 후 버스 궤도 車 갈아타고 장군봉에,,"문재인 대통령은 평양 일정 마지막 날인 20일 김정은 국무위원장과 함께 백두산을 찾는다.
김의겸 청와대 대변인은 19일 평양 프레스 센터에서 “김 위원장이 백두산 방문을 제안하고 문 대통령이 이를 받아들였다“고 밝혔다.
양 정상은 순안공항에서 수행원 및 취재진과 비행기를 타고 백두산 근천 양강도 삼지연공항까지 이동할 계획이다.
평양에서 삼지연까지의 거리는 약 390㎞로, 1시간 가량 걸릴 것으로 보인다.
삼지연공항에선 차량을 이용해 백두산 남쪽 정상인 장군봉까지 올라가게 된다.
버스를 타고 산 중턱까지 이동한 뒤 장군봉 근처까지는 궤도 차량을 이용해 오른다고 한다.
날씨가 좋을 경우 문 대통령과 김정은은 백두산 천지도 찾을 예정이다.
장군봉에서 천지까지 내려가는 길에 케이블카가 설치돼 있어 이를 이용할 것으로 전해졌다.
김 대변인은 “기상 상황이 좋으면 가는 데까지 다 가겠지만, 상황이 좋지 않으면 중도쯤 끊지 않을까 싶다“고 했다.
문 대통령은 그동안 '북한을 통해 백두산을 방문하고 싶다'는 뜻을 여러 차례 밝혔다.
4.27 판문점 정상회담 당시 환영 만찬 건배사에서 문 대통령은 “내가 오래 전부터 이루지 못한 꿈이 있는데 바로 백두산과 개마고원을 트레킹하는 것“이라며 “김 위원장이 그 소원을 꼭 들어 줄 것이라고 믿는다“고 했었다.
문 대통령은 18일 평양 순안공항에 도착하기 직전에도 전용기 안에서 “나는 백두산에 가긴 가되 중국이 아닌 북쪽으로 올라가겠다고 그동안 공언해 왔다“며 “중국 동포가 백두산으로 나를 여러 번 초청했지만 내가 했던 그 말 때문에 늘 사양했는데, 그 말을 괜히 했나 보다 하고 후회하곤 했다“고 했다.
김 대변인은 “문 대통령이 평소에도 중국 쪽이 아닌 우리 쪽을 통해 백두산에 가고 싶다는 뜻을 여러 차례 말씀하셨다“며 “그런 내용들을 북측에서 알고 있었던 것이 아닌가 싶다“고 했다.",13,915
iks_doc_2018_chosun_110,Chosun 2018 total annotated text file unicode.txt,Chosun Ilbo,조선일보,2018,2018_multi_summit,'현재 核' 문제는 빼 놓고 조건부 영변 핵 폐기 카드 꺼내들/VX_어 '반쪽' 비핵화 합의,,"김정은 북한 국무위원장은 19일 평양 백화원 초대소에서 열린 공동 기자 회견에서 “조선 반도를 핵무기도 핵 위협도 없는 평화의 땅으로 만들기 위해 적극 노력해 나가기로 확약했다“고 말했다.
'한반도 비핵화'란 북한의 기존 입장을 되풀이한 셈이지만, 김정은이 이를 공개 석상에서 육성(肉聲)으로 밝힌 것은 처음이다.
이날 발표된 평양 공동 선언의 5조 1항에서 북측은 '동창리 엔진 시험장과 미사일 발사대를 유관국 전문가들의 참관하에 우선 영구적으로 폐기'하겠다고 밝혔다.
또 5조 2항에서는 '미국이 6.12 북미 공동 성명의 정신에 따라 상응 조치를 취하면 영변 핵 시설의 영구적 폐기와 같은 추가적 조치가 계속 취해 나갈 용의가 있음'을 밝혔다.
이에 대해 문재인 대통령은 공동 기자 회견에서 “남과 북은 처음으로 비핵화 방안도 합의했다“며 “매우 의미 있는 성과“라고 말했다.
동창리 엔진 시험장 폐기는 김정은이 지난 6월 싱가포르 미북 정상회담에서 이미 도널드 트럼프 미 대통령에게 구두로 약속했던 사항이다.
다만, 북한이 독자적으로 밟아 왔던 폐기 절차를 외국 전문가의 참관하에 실시하겠다고 밝힌 것은 이전보다 진전된 부분이다.
비록 '미국이 상응 조치를 취하 면'이란 전제 조건이 붙었지만 영변 핵 시설의 영구 폐기를 언급한 점도 '미래 핵 폐기'의 가능성을 거론한 것으로 눈에 띄는 대목이다.
김기정 연세대 교수는 “동창리 미사일 발사대 폐기는 미국이 원하는 '선제 조치'의 한 부분이며 엔진 시험장 폐기는 미래 핵 능력 포기란 명백한 의미가 있다“고 말했다.
김용현 동국대 교수는 “미국의 상응 조치란 단서는 달았지만 영변 핵 시설 폐기도 언급했고 비핵화 협상의 정체기를 돌파하는 출발점으로서의 내용은 담겼다“고 했다.
그러나 김정은은 현재 보유 중인 핵무기, 핵 물질, 핵 시설 등을 낱낱이 밝히는 '핵 신고' 절차에 대해 언급하지 않았다.
이는 미국의 요구 수준과 상당한 간극(間隙)이 있다.
지난 5월 뉴욕타임스는 미국 랜드 연구소를 인용해서 북한은 핵탄두 20~60개와 핵 시설 40~100 곳을 갖고 있다고 보도했다.
북한이 지금까지 확보한 핵 물질도 플루토늄이 40~50㎏, 고농축 우라늄 600~700㎏ 정도로 알려져 있다.
북한은 대륙 간 탄도 미사일(ICBM)을 포함, 1000여 발의 다양한 탄도 미사일도 보유하고 있다.
이와 같은 '현재 핵'의 폐기는 '완전한 비핵화'의 핵심이다.
하지만 북한은 이에 대해 전혀 언급하지 않고 있으며, 관련 리스트 제출도 거부해 왔다.
윤덕민 전 국립외교원장은 “핵 리스트 신고가 비핵화 프로세스의 초입인데 그런 이야기는 전혀 없고, 다른 곳에 우라늄 농축 시설을 짓어 놓은 상황에서 이미 역할이 끝난 영변 핵 시설 폐기에 대해서조차 '의지 표명'만 했다“고 말했다.
“북한 비핵화 프로세스를 100이라고 봤을 때 1를 할지 말ㄹ지를 두고 생색 내고 있다“는 것이다.
박병광 국가안보전략연구원 책임 연구 위원도 “북한이 이미 가지고 있는 핵무기와 핵 기술에 대해선 얘기가 없고 변두리만 그것도 '조건부'로 건드렸다“고 했다.
풍계리 핵 실험장 폭파 때처럼 북한이 특정 시설을 임의로 선택하는 것 역시 문제라는 지적이 나온다.
신범철 아산정책연구원 안보통일센터장은 “북한이 비핵화 대상을 스스로 정하고, 스스로 폐기하고, 그에 대한 보상까지 요구하는 북한식 단계적이고 동시적인 해법을 우리 정부가 공식적으로 수용했다는 점이 큰 문제“이라며? “전형적 살라미 전술을 받아들여 앞으로 비핵화 협상에서 우리 스스로의 발목을 잡는 합의를 했다“고 말했다.
한편 일본 요미우리 신문은 이날 미북 관계 소식통을 인용해 최근 미북 협의에서 북한이 2010년쯤부터 가동해 온 영변의 우라늄 농축 시설을 파괴할 용의를 밝혔다고 보도했다.
평양 남북 정상회담에 앞서 북이 자체 채널로 미국의 반응을 타진했던 셈이다.",24,1883
iks_doc_2018_chosun_111,Chosun 2018 total annotated text file unicode.txt,Chosun Ilbo,조선일보,2018,2018_multi_summit,文 “金 위원장과 함께 새롭ㄴ 조국 만들ㄹ 것“'빛나는 조국' 관람 15 만 명에 연설,,"문재인 대통령과 남측 수행원단은 19일 평양 능라도 '5월 1일 경기장'에서 김정은 국무위원장과 함께 북한 집단 체조 '빛나는 조국'을 관람했다.
문 대통령과 김정은은 함께 경기장에 입장했고 관중석의 평양 시민 15 만 명은 박수와 함께 함성을 질렀다.
이날 공연 끝 무렵, 문 대통령 부부와 김정은 부부가 단상에 등장했다.
김정은의 소개를 받은 문 대통령은 관중을 향해 “'남쪽 대통령'으로서 김정은 위원장 소개로 인사말을 하게 되니 그 감격을 말로 표현할 수 없다“며 “우리는 이렇게 함께 새롭ㄴ 시대를 만들고 있다“고 했다.
문 대통령은 “우리 두 정상은 한반도에서 더 이상 전쟁 없을 것이며 새롭ㄴ 평화의 시대가 열렸음을 8000 만 겨레와 전 세계에 엄숙히 선언했다“며 “우리 민족 운명은 우리 스스로 결정한다는 민족 자주의 원칙을 확인했다“고 했다.
문 대통령이 지난 8월 광복절 축사에서 “남북 관계 발전은 북미(北 美) 관계 진전의 부수적 효과가 아니다“며 강조한 '신(新)자주 노선'을 떠올리게 했다.
경기장 안 함성은 더 커졌다.
문 대통령은 또 “이번 방문에서 나는 평양의 놀랍ㄴ 발전상을 봤다“며 “김정은 위원장과 북녘 동포들이 어떤 나라를 만들어 가고자 하는지 가슴 뜨겁게 봤다“고 했다.
그러면서 “어렵ㄴ 시절에도 민족의 자존심을 지키며 끝끝내 스스로 일어나고자 하는 불굴의 용기를 봤다“며 “평양 시민 여러분.
우리 민족은 우수합니다.
우리 민족은 함께 살아야 합니다“라고 했다.
문 대통령은 잇어 “우리는 5000년을 함께 살고 70년을 헤어져 살았다“며 “나는 오늘 이 자리에서 지난 70년 적대를 완전히 청산하고 다시 하나가 되기 위한 평화의 큰 걸음을 내딛자고 제안한다.
김 위원장과 나는 북과 남, 8000 만 겨레의 손을 잡고 새롭ㄴ 조국을 만들어 갈 것“이라고 했다.
이날 문 대통령 연설 중 관객들은 11번에 걸쳐 큰 박수를 보냈다.
이에 앞서 김정은은 “나와 문 대통령은 북남 관계 발전과 평화 번영의 여정에서 또 하나 이정표가 될 소중한 결실을 만들었다“며 문 대통령을 소개했다.
오후 9시부터 1시간 동안 진행된 이날 공연에는 김정숙 여사와 김정은 부인 리설주, 김정은 동생 김여정 노동당 제1 부부장도 함께했다.
과거 북한 집단 체조 '아리랑'을 업그레이드했다는 '빛나는 조국'은 북한 정권 수립 70주년인 지난 9일 공개됐었다.
핵 개발 등 북한 체제 정당성을 강조하는 내용이 주를 이룬다.
다만, 문 대통령이 참석한 이날 밤 공연에서는 과도한 체제 선전 내용을 일부 덜어 냈다고 한다.
노무현 전 대통령이 2007년 평양 정상회담 때 아리랑 공연을 봤다가 논란이 일었던 점을 고려한 것으로 해석됐다.
이날 공연에서는 카드 섹션으로 만들어진 장내 대형 스크린에 김정은과 문 대통령의 '4.27 남북 정상회담' 영상도 등장했다.
문 대통령과 김정숙 여사는 이날 공연 진행 도중 정상회담과 관련된 내용이 나오자 여러 번 웃으면서 박수를 쳤다.
김정은은 9.9절 당일인 지난 9일에도 리잔수(栗戰書) 중국 전국인민대표 회의 상무 위원장 등 외빈들과 함께 이 공연 개막식을 관람했다.
지난 2007년 10만 900명이 참가했던 아리랑 공연은 세계 최대 '매스(Mass)게임'으로 기네스북에 올랐다.
국영(國營) 관광 회사 등이 '빛나는 조국' 티켓을 외국 관광객들에게 팔면서 주요 '외화 벌이' 수단으로도 꼽힌다.
2008년 짓은 금강산 면회소 복구, 상봉 정례화 추진 이산가족 문제?
문재인 대통령과 김정은 국무위원장은 19일 과거 남북이 합의했다 번번이 무산됐던 '이산가족 상설 면회소 개소(開所)'에 합의했다.
두 정상은 이날 '9월 평양 공동 선언'에서 “남과 북은 금강산 지역의 이산가족 '상설 면회소'를 빠른 시일 안에 개소하기로 했다“면서 “이를 위해 면회소 시설을 조속히 복구하기로 했다“고 밝혔다.
또 적십자 회담을 통해 이산가족의 화상 상봉과 영상 편지 교환 문제를 우선적으로 해결해 나가기로 했다.
이에 따라 남북은 조만간 적십자 회담을 열어 지난달 상봉이 이루어진 이산가족 면회소의 상시 운영 준비를 시작할 예정이다.
이산가족 상설 면회소는 현재의 금강산 면회소 시설을 복구해 쓸 것으로 예상된다.
금강산 지역에는 우리 정부가 총공사비 550 억 원을 무상 지원해 2008년 7월 완공한 면회소가 있다.
최대 1000명까지 수용이 가능하다.
그러나 간헐적으로 열려 온 상봉 행사 장소로 이용돼 왔지만 상시 이용을 하려면 개 보수 공사가 불가피한 것으로 전해졌다.
지난달 이산가족 상봉 행사를 앞두고 금강산 면회소 시설에 대해 일부 개 보수가 이루어지기도 했다.
국책연구소 관계자는 “이산가족 면회소를 '상설 면회소'라고 이름 붙인 것은 향후 이산가족 상봉 정례화와 관련한 남북 정상의 의지를 반영한 것으로 보인다“고 했다.
이산가족 화상 상봉과 영상 편지 교환도 이산가족들의 고통을 덜어 주는 의미가 있다.
정부 당국자는 “이산가족 고령화가 심각한 상황에서 화상 상봉 등은 이산가족의 아픔을 줄여 줄 실질적인 조치가 될 수 있다“고 했다.
그동안 간헐적으로 한 번에 100명 정도씩 만나는 상봉 방식으로는 이산가족의 한을 풀기 요원하다는 지적이 제기됐었다.
지난달 기준 남측에서 13만 2731명의 이산가족 상봉 신청자 가운데 절반이 넘는 7만 6024명이 사망했고, 생존자(5만 6707명) 중 80 세 이상이 62.6%(3만 5541명)에 달하는 것으로 파악됐다.",40,2649
iks_doc_2018_chosun_112,Chosun 2018 total annotated text file unicode.txt,Chosun Ilbo,조선일보,2018,2018_multi_summit,정의용 “공동 선언 외에도 많은 논의“비핵화 추가 논의 이루어진 듯 문정인 “폼페이오 조만간 訪北“,,"정의용 청와대 국가 안보실장은 19일 남북 정상의 공동 기자 회견 직후 취재진과 만나 “공동 선언 내용 이외에도 많은 논의가 있었다“고 했다.
미사일 엔진 시험장과 발사대 영구 폐쇄, '미국의 상응 조치'를 전제로 한 영변 핵 시설 폐기 외에도 비핵화와 관련한 추가 논의가 있었음을 시사한 것이다.
정 실장은 “이러한 논의의 결과를 토대로 내주 초 뉴욕 한미 정상회담에서 북미 비핵화 협상도 좀 더 속도를 낼 수 있는 방안들에 관해서 양 정상 간의 심도 있는 논의가 가능해졌다“고 했다.
잇어 “이번 회담 결과를 토대로 북미 (비핵화) 협상이 좀 더 속도를 낼 수 있을 것으로 본다“며 “북미 정상회담도 가급적 조기에 개최되기를 희망한다“고 했다.
남북 정상회담 특별 수행원으로 방북 중인 문정인 대통령 통일 외교 안보 특별 보좌관도 현지 브리핑에서 “분명히 선언문에 담지 못한 김정은 위원장의 메시지가 있을 것“이라고 했다.
그는 “문 대통령이 뉴욕에서 트럼프 대통령에게 그것을 직접 전달할 것“이라며 “상당히 이른 시일 안에 마이크 폼페이오 국무 장관의 평양 방문이 이루어질 것 같다“고 했다.
외교가에선 “남북 정상이 종전 선언 등 미국의 상응 조치를 이끌어 낼 새롭ㄴ 비핵화 카드를 얘기한 것 아니냐“는 관측이 나온다.
폼페이오, 남북 정상회담 앞두고 대북 제재 강조 “北 비핵화에 필수“마이크 폼페이오<사진> 미국 국무 장관은 17일(현지 시각) 문재인 대통령이 평양 남북 정상회담을 위해 방북(訪北)하기 7시간 전, 국제 사회의 대북 제재 이행을 강조했다.
폼페이오 장관이 18일부터 사흘 간 열리는 평양 남북 정상회담에 앞서 미국의 요구로 유엔 안전보장이사회(안보리) 회의가 열린 것을 언급하며 대북 제재를 재차 거론한 것은 미국이 북한 비핵화를 위한 고삐를 바짝 조겠다는 뜻으로 풀이된다.
폼페이오 장관은 이날 오후 트위터에 “미국은 오늘 대북 제재와 이 제재 준수를 약화하려는 러시아의 적극적 시도를 논의하기 위해 오늘 유엔 안보리 회의를 소집했다“며 “(북한) 비핵화를 이루기 위해서는 전 세계의 제재가 필수“라고 썼다.
잇어 그는 “우리는 그 어느 때보다 제재 시행에 전념하고 있다“고 했다.
앞서 14일 미 유엔 대표부는 성명을 내고 미국은 17일 오전 10시 긴급 유엔 안보리 이사회 회의를 소집할 것을 요구한다고 밝혔다.
당시 미 유엔 대표부는 일부 유엔 회원국이 대북 제재 이행을 방해하고 있다고 주장했다.
전날 니키 헤일리 유엔 주재 미국 대사가 러시아가 안보리 대북제재위 보고서 내용을 수정하도록 압력을 가했다고 말한 만큼 러시아를 겨냥해 긴급 회의를 요구한 것이다.
폼페이오 장관도 14일 기자 회견에서 러시아가 안보리 대북 결의를 약화시키기 위한 적극적인 시도를 했다고 비판했다.
그러면서 그는 대북 제재는 완전하고 최종적인 한반도 비핵화를 위해 매우 중요하다고 강조했다.?
미국이 회의 날짜로 요구한 17일은 3차 남북 정상회담을 위한 문재인 대통령의 평양 방문과 맞물려 있다.
미국에서는 남북 관계 개선 속도가 미북 비핵화 협상 속도보다 계속 빠르게 진행될 경우 북한 비핵화가 더 늦어질 수 있다는 우려가 나오고 있다.
미 국무부는 남북 관계 개선과 북한 핵 문제 해결은 별개로 진전될 수 없다는 입장을 계속 강조하고 있다.",19,1602
iks_doc_2018_chosun_113,Chosun 2018 total annotated text file unicode.txt,Chosun Ilbo,조선일보,2018,2018_multi_summit,"北 매체, 文 대통령 평양 방문 예정 보도“북남 관계 발전 가속화“",,"북한 매체들이 18일 문재인 대통령의 평양 방문 예정을 보도했다.
북한의 관영 매첸 조선중앙통신은 이날 오전 6시쯤 “역사적인 북남 수뇌 상봉을 위해 18일부터 20일까지 남조선의 문재인 대통령이 평양을 방문하게 된다“고 밝혔다.
조선중앙통신은 “조선 반도(한반도)의 평화와 번영, 통일을 위한 판문점 선언의 이행으로 되는 이번 평양 수뇌 상봉은 새롭ㄴ 역사를 펼쳐 가는 북남 관계의 발전을 더욱 가속화하는 중대한 계기로 될 것“이라고 했다.
노동신문도 이날 1면을 통해 문 대통령의 평양 방문 소식을 보도했다.
북한 매체들은 지난 5일 한국의 특사단 방북 이후 평양 남북정상회담 개최 일정이 확정되자 '9월 중 예정된 평양 수뇌 상봉'이라고 밝혔지만, 지난 17일까지도 구체적인 회담 날짜를 공개하지 않았다.
그러나 지난 2000년과 2007년 남북정상회담 당시 김대중 노무현 전 대통령이 평양에 도착한 이후 시차를 두고 보도한 점을 고려하면, 문 대통령의 도착을 미리 예고한 것은 이례적인 일이다.?
북한 매체들은 지난 4월 27일 판문점 남북정상회담 당시에도 김정은 국무위원장의 평양 출발 소식을 신속하게 보도한 바 있다.?
한국 땅을 밟는 김 위원장의 동선을 시간대까지 구체적으로 사전에 공개한 것 역시 북한 매체로서는 매우 파격적인 보도였다.
북한 전문가들 사이에서는 김 위원장의 과시형 스타일과 정상회담에 대한 북한의 기대 등이 반영됐다고 분석했다.
남북이 이번 평양 남북정상회담 주요 일정 역시 생중계하기로 합의한 만큼, 북한도 TV를 통해 남북 정상이 만나는 순간을 실시간으로 보도할지도 관심이 쏠린다.
조선중앙 TV는 보통 전날 방송 마감 시간에 다음날 방송 순서를 미리 예고하지만, 이날 오전 6시 현재까지는 별도로 당일 방송 순서를 고지하지 않아 북한도 생방송하리라는 예측에 무게가 실리고 있다.
[평양 출발 표정] 방북 재계 총수들, 가방 들고 새벽부터 집합 문재인 대통령이 18일 김정은 북한 국무위원장과 평양에서 제3차 남북 정상회담을 하기 위해 청와대 직원들의 환송을 받으며 평양으로 출발했다.
문 대통령은 이날 오전 8시 5분쯤 부인 김정숙 여사와 관저에서 나왔다.
문 대통령은 붉은색과 은색이 교차된 넥타이를 했고, 김 여사는 흰색 치마 정장을 차려입었다.
청와대 직원들은 문 대통령 내외에게 '잘 다녀오라'는 환송 인사를 건냈고, 문 대통령은 손을 흔들며 ‘고맙습니다. 잘 다녀오겠습니다'라고 화답했다.
이 자리에는 문 대통령의 반려견인 '토리'도 나와 있었다고 청와대는 전했다.
문 대통령은 8시 15분쯤 준비된 헬기를 타고 서울공항으로 이동해, 전용기에 탑승했다.
서해 직항로를 통해 평양으로 가는 비행기는 8시 55분경 이륙했다.
문 대통령과 방북 일정에 동행하는 공식 특별 수행단은 문 대통령보다 앞선 8시쯤 서울공항에 먼저 도착해 전용기 탑승을 마쳤다.
방북 수행단 중 이재용 삼성전자 부회장, 최태원 SK 그룹 회장, 구광모 LG 그룹 회장, 박용만 대한상공회의소 회장 등 재벌 총수들은 새벽 6시부터 경복궁 동편의 주차장 집합 장소에 모였다.
6시 20분경 박용만 대한상의 회장을 시작으로 손경식 한국경영자총협회 회장과 구광모 LG 그룹 회장, 현정은 현대그룹 회장 순으로 도착했다.
이재용 부회장은 6시 40분쯤, 최태원 회장은 6시 52분쯤 마지막으로 도착했다.
이들은 가슴에 태극기와 한반도 기 뱃지를 달고 서울공항으로 향하는 버스에 탑승했다.
이날 가장 관심을 끌ㄴ 이재용 부회장은 다소 긴장한 표정을 보였다.
최태원 회장은 활짝 웃는 표정으로 대조를 이뤘다.
수행원은 대동하지 않았고 가방도 직접 들었다.
앞서 재계 수행단은 전날 오후 서울 삼청 동 남북회담 본부에서 1시간 20여 분 간 방북 교육을 받았다.
정계 수행단인 이해찬 더불어민주당 대표, 박원순 서울 시장, 정동영 민주평화당 대표, 박지원 민주평화당 의원, 최문순 강원 지사 등도 이른 시간에 모여 담소를 나눴다.
28 인승 버슨 1호 차에는 이해찬 대표, 정동영 대표, 이정미 정의당 대표, 박원순 서울 시장, 최문순 강원도 지사, 박용만 회장, 이재용 부회장, 최태원 회장, 구광모 회장, 김용환 현대차 부회장, 손경식 경총 회장, 박성택 중소기업중앙회 회장, 한무경 여성경제인협회장, 현정은 회장, 최정우 포스코 회장, 신한용 개성공단기업협회장, 오영식 코레일 사장, 이동걸 산업 은행 총재가 탑승했다.
특별 수행단 52명은 버스 3대에 나눠 타고 오전 7시 경복궁 주차장을 출발해 성남 서울공항에 도착해 공군 1호기에 올랐다.",30,2212
iks_doc_2018_chosun_114,Chosun 2018 total annotated text file unicode.txt,Chosun Ilbo,조선일보,2018,2018_multi_summit,文 대통령 “이번 방북으로 북미 대화 재개되면 큰 의미“,,"문재인 대통령은 18일 방북길에 오르면서 “이번 방북으로 북미 대화가 재개된다면 그것 자체가 큰 의미“라고 말했다.?
문 대통령은 이날 오전 성남 서울공항에서 배웅 나온 당?정?청 주요 인사들과 환담을 나누면서 이 같이 말하고 “남북이 자주 만나는 것은 매우 중요하며, 정례화를 넘어 필요할 때는 언제든지 만나는 관계로 넘어 가고 있다“고 말했다고 윤영찬 청와대 국민 소통 수석 비서관이 이날 오전 서울 동대문디자인프라자에 마련된 프레스 센터 브리핑에서 전했다.?
앞서 문 대통령은 이날 오전 8시 6분경 관저에서 나왔고, 8시 16분 청와대 헬기장을 이륙해 성남 서울공항으로 향했다.
문 대통령은 평양 국제 비행장(순안공항)에 도착해 오전 10시부터 환영 행사를 진행하고, 행사 후 숙손 평양 대성 구 소재 백화원 영빈관으로 이동한다.
문 대통령의 도착부터 숙소 이동까지는 모두 생중계될 예정이다.?
문 대통령은 우리 측 관계자들과 별도로 오찬을 한 뒤, 김정은 북한 국무위원장과 첫 번째 정상회담을 진행한다.
배석자 및 장소는 아직 공개되지 않았다.?
문 대통령이 김정은과 회담을 진행하는 동안, 김정숙 여사 일행은 대동강 구역에 있는 북한 최대 어린이 종합 병원인 옥류아동병원을 방문한 뒤, 김원규명칭 음악종합대학을 방문한다.?
같은 시간, 특별 수행원은 김영남 북한 최고인민회의 상임 위원장과 만나고, 경제인들은 리룡남 경제 담당 내각 부총리를 만나 대화를 나눌 계획이다.
윤 수석은 “문 대통령의 말처럼 우리는 전쟁 공포의 일상화에서 평화의 제도화로 전환하고 있다“며 “우리가 얻고자 하는 것은 불가역적이고 항구적인 평화고, 더 이상 새롭ㄴ 선언과 합의를 더하는 것이 아니라 합의를 바탕으로 새롭ㄴ 시대를 향해 나가는 것“이라고 설명했다.?
그는 이번 정상회담 중 경제인들 참여와 관련 “제재로 인해 경협에 한계는 있을 수 있지만 멀리 보고 미래의 가능성을 열어 두고 본다면, 경제인의 역할이 앞으로 기대가 있을 수밖에 없다“며 “이번 만남에서는 현실적으로 당장 가능한 영역보다 미래의 가능성에 대한 타진을 하지 않을까 예측한다“고 말했다.
그는 문 대통령과 김정은의 경협 관련 논의 범위에 대해서는 “이번 경협 논의도 (한반도)신경제 구상이라는 큰 틀에서 이야기가 되겠지만, 당장 할 수 있는 부분과 제재로 당장 할 수 없는 부분이 있다“며 “구체적이고 실질적인 협력 방안보다 지금 줘진 조건에서 우리가 논의할 수 있는 부분에 대한 이야기가 있을 것“이라고 했다.
그는 남북 간 군사적 긴장 완화에 대한 합의 수준에 대해서는 “군사적 긴장 완화와 관련된 합의들은 지난번 여러 차례 실무 회담을 통해 상당한 논의가 있었다고 보인다“고 설명했다.
美 국무부, 文 대통령 평양 行 3시간 전 “北 비핵화 긴밀히 협력 약속“발표 미국 국무부가 17일(현지 시각) 문재인 대통령이 평양 남북정상회담을 앞두고 평양으로 출발하기 3시간 전에 “북한 비핵화 문제에서 계속 긴밀히 협력하겠다“는 발표문을 내 놨다.
이 발표문은 같은 날 마이크 폼페이오 미국 국무 장관이 국제 사회의 대북 제재 이행을 강조한 발언에 잇은 것이다.
미국이 남북 정상회담을 앞두고 북한에 거듭 비핵화를 압박하고 있는 것으로 풀이된다.
미 국무부는 17일 오후 4시 40분쯤 홈페이지에 “마이크 폼페이오 미 국무 장관과 강경화 한국 외교부 장관이 어제에 잇어 오늘도 전화 통화를 했다“며 “그들은 문재인 대통령과 김정은 북한 국무위원장의 정상회담에 관해 논의했고, 폼페이오 장관과 강 장관은 북한의 비핵화 문제에 계속 긴밀히 협력하기로 약속했다“고 발표문을 게재했다.
잇어 “두 나라는 굳건한 한미 동맹과 공통의 목푠 '북한의 최종적이고 완전하게 검증된 비핵화(final, fully verified denuclearization)'를 달성할 때까지 북한 압박을 계속하는 것이 중요하다는 것을 재확인했다“고 했다.
또 “북한의 최종적이고 완전하게 검증된 비핵화는 김정은 위원장이 동의한 것이다“라고도 덧붙였다.
미 국무부가 발표문을 홈페이지에 올린 시간은 한국 시간으로 18일 오전 5시 40분이다.
문 대통령은 약 3시간 훈 이날 오전 8시 55분쯤 성남 서울공항에서 공군 1호기를 타고 평양으로 향했다.
문 대통령은 오전 9시 50분 평양 순안공항에 도착했다.
문 대통령과 공식 특별 수행원은 북측이 주최하는 환영 행사를 시작으로, 2박 3일 간의 남북정상회담 일정을 소화하게 된다.
방북 직전 두 나라 외교 수장이 이틀에 걸쳐 연속으로 통화한 것과, 방북에 임박해 통화 내용을 발표문 형태로 내놓는 것은 이례적이다.
앞서 폼페이오 장관은 17일 오후 1시쯤 자신의 트위터에 글을 올리고 “북한 비핵화를? 이루기 위해서 전 세계의 제재가 필요하다“고 강조했다.
그는 트위터에 “미국은 오늘 대북 제재와 이 제재 준수를 약화하려는 러시아의 적극적 시도를 논의하기 위해 오늘 유엔 안전보장이사회 회의를 소집했다.
(북한) 비핵화를 이루기 위해서는 전 세계의 제재가 필수“라고 썼다.
폼페이오 장관이 트위터 글을 올린 것은 문 대통령이 평양으로 떠나기 7시간 전이다.
평양 도착한 文 대통령, 北 김정은과 포옹 악수 평양 시민들 격렬히 환영하기도 문재인 대통령은 18일 오전 김정은 북한 국무위원장과의 세 번째 남북정상회담을 위해 북한 평양에 도착했다.
역대 대통령으로는 김대중 노무현 전 대통령에 잇어 세 번째로 평양을 방문한 것이다.
공항에서 만난 문 대통령과 김정은은 포옹과 악수를 하며 반갑게 인사했다.
환영 행사는 지난 4월 27일 판문점에서 열렸던 제1차 남북정상회담 때와 비슷한 순서로 이루어졌다.
다만 평양 시민 수백 명이 공항에 나와 인공기와 한반도 기를 흔들며 문 대통령 부부를 환영한 것이 1차 회담 때와는 다른 점이었다.
문 대통령과 김정숙 여사는 이날 오전 10시 9분쯤 평양 순안공항(평양국제비행장)에 도착해 모습을 드러냈다.
오전 9시 50분 공항 활주로에 도착한 전용기의 문은 오전 10시에 열렸다.
서울 성남공항에서 평양 순안공항까지의 비행 시간은 약 45분 정도 걸렸다.
문 대통령과 김 여사가 전용기에서 내리자, 이들을 기다리고 있던 김정은 위원장과 아내 리설주가 직접 맞았다.
북한 최고 지도자 부부가 함께 공항에 나와 방북한 우리 대통령을 영접한 것은 이번이 처음이다.
문 대통령과 김 여사는 손을 흔들었고, 김정은 부부는 박수를 쳤다.
문 대통령은 김정은에게 성큼성큼 다가가 두 차례 포옹했고, 김정은은 두 손으로 문 대통령의 손을 잡고 악수했다.
김 여사도 리설주와 악수했다.
이들의 곁에는 김정은의 동생인 김여정 북한 노동당 제1 부부장이 밀착 수행했고, 문 대통령 부부는 김여정과 잠깐 담소를 나누기도 했다.
두 정상 부부 간의 인사가 끝나고 북한 남녀 어린이 두 명이 문 대통령 부부에게 꽃다발을 전달했다.
빨간색 스카프를 목에 두른 화동(花)들은 오른손을 높이 들어 문 대통령 부부에게 인사했고, 문 대통령 부부는 화동들을 안아 줬다.
두 정상 부부 곁에는 김정은의 동생인 김여정이 밀착 수행했다.
문 대통령 부부는 김여정에게 친근감을 표하며 잠깐 담소를 나누기도 했다.
문 대통령은 김정은에게 함께 평양에 온 수행단을 소개했다.
김정은은 서훈 국가정보원장. 정의용 국가 안보실장, 조명균 통일부 장관, 강경화 외교부 장관, 송영무 국방부 장관, 김현미 국토 교통부 장관, 도종환 문화 체육 관광부 장관 등과 악수했다.
김정은은 특히 남북 철도 도로 협력 사업과 문화 교류 활성화의 주무 장관인 김현미 도종환 장관과 길게 악수하며 얘기를 나눴다.
문 대통령 역시 김정은이 소개한 김영남 북한 최고인민회의 상임 위원장, 최룡해 노동당 부위원장, 리수용 외교 담당 부위원장, 리용호 외무상 등 북한 최고위 인사들과 인사했다.
문 대통령은 잇어 김정은과 함께 북한 군 의장대를 사열했다.
사열 시간은 약 3분 정도 걸렸다.
군 의장대는 문 대통령을 '대통령 각하'라 칭하며 “대통령 각하, 조선 인민군은 각하를 영접하기 위해 도열했습니다“라고 했다.
의장대 사열과 함께 예포도 발사됐다.
북한이 우리 대통령을 위해 예포를 발사한 것은 사상 처음이다.
문 대통령 부부는 김정은 부부의 안내를 받으며 환영 인파 쪽으로 이동했다.
이날 오전 9시부터 순안공항에는 수백 명의 환영 인파가 몰렸다.
평양 시민인 것으로 추정되는 이들 중 여성은 한복을, 남성은 양복을 입고 손에는 인공기와 한반도 기를 들었다.
일부는 꽃다발을 손에 들고 흔들었다.
문 대통령 부부가 가까이 오자 사람들은 깃발과 꽃다발을 격렬하게 흔들며 '조국 통일'을 연호했다.
문 대통령 부부는 웃으며 손을 높이 들어 흔들었고, 일부와 악수하기도 했다.
환영 인파 뒤 쪽 공항 터미널 벽면에는 파랗ㄴ 바탕에 흰 글씨로 '평양을 방문하는 문재인 대통령을 열렬히 환영합니다!', '민족의 단합된 힘으로 평화와 번영의 시대를 열어 나가자!'이라는 문구가 적힌 대형 플래카드가 걸렸다.
북한의 방송 매첸 '조선중앙텔레비존'과 정상회담 생중계 등을 위해 이번에 방북한 KBS의 방송 장비도 공항에 설치됐다.
문 대통령 부부는 오전 10시 20분쯤 준비된 검은 차량에 탑승, 숙손 백화원 영빈관으로 이동했다.
김정은 부부도 따로 차량에 탑승해 이동했다.
北, 김영남 최룡해 김영철 등, 문 대통령 공항 영접?
문재인 대통령은 18일 평양 순안공항에 도착해 북한 김정은 정권 핵심 관계자들과 인사를 나눴다.
이날 순안공항에는 김영남 최고인민회의 상임 위원장과 '2인자' 최룡해 노동당 부위원장 겸 조직 지도부장, 리수용 당 국제 담당 부위원장, 리용호 외무상, 북한 군 서열 1윈 김수길 군 총정치국장, 노광철 인민 무력상, 김능오 평양시 노동당 위원장, 리선권 조국평화통일위원장 등이 도열했다.
모두 김정은 정권의 핵심들로 대부분 지난 4.27 1차 남북 정상회담 당시 동행한?인사들이다.
문 대통령은 비행기 트랩을 내려와 김정은 국무위원장 부부와 인사를 나눈 뒤 북측 영접 인사들과 차례로 악수했다.
김정은의 여동생 김여정 노동당 제1 부부장은 공항에서 환영식을 총괄했다.
김여정은 '공군 1호기' 앞에서 문재인 대통령 내외를 맞이한 김정은에게 서야 할 자리를 지정해 주기도 했다.
측근 김영철 통일전선부장은 김정은 부부를 옆에서 수행했다.
文/金 순안공항 포옹에 '박수 환호' 없었던 프레스 센터?
문재인 대통령과 김정은 북한 국무위원장이 평양 순안공항에서 포옹한 18일, 서울 동대문디지털프라자(DDP)에 설치된 메인 프레스 센터에서 이 장면을 생중계로 지켜 보던 수백 명의 내외신 취재진들의 반응은 담담했다.
지난 4.27 정상회담 프레스 센터 모습과는 대조적이었다.
두 정상이 포옹하자 일부 취재진은 스마트폰을 꺼내 그 장면을 찍기도 했다.
하지만 프레스 센터를 찾은 기자들 사이에선 박수도 환호도 없었다.
순안공항 환영 인파가 내는 큰 함성만이 방송 중계를 통해 프레스 센터를 가득 채웠다.
지난 4.27 판문점 정상회담 때는 달랐다.
당시에는 고양 킨텍스 제1 전시장에 마련된 프레스 센터에서 3000여 명의 취재진 중 상당 수가 두 정상이 악수하는 모습에 손뼉을 치고 환호성을 질렀다.
김정은이 공식 수행원과 판문점 북측 지역 판문각 현관에 등장한 것만으로도 술렁였다.
일부 취재진은 감격한 표정으로 눈시울을 붉혔다.
문 대통령이 김정은의 손을 잡고 군사 분계선 북측 지역으로 넘어 갔다 돌아오자 박장대소를 터트리기도 했다.
취재진들은 이와 같은 분위기 변화에 대해 “두 정상의 만남이 이미 익숙한 일이 됐기 때문“이라고 했다.
두 정상의 만남이 이미 3번째고, 그 사이 도널드 트럼프 미국 대통령과 김정은의 정상회담도 열리는 등 '이벤트'에 둔감해졌다는 뜻이다.
한 외신 기자는 “미국이 최근 대북 제재 수위를 높이려는 상황에서 경협 논의도 어렵지 않겠나“라며 “지난 정상회담 이후 북한 비핵화에 별다른 진전이 없었고, 이번 정상회담에서도 이뤄 낼 수 있는 성과가 크지 않을 것이라는 전망이 많다“고 했다.",87,5814
iks_doc_2018_chosun_115,Chosun 2018 total annotated text file unicode.txt,Chosun Ilbo,조선일보,2018,2018_multi_summit,"외신들 속보 타전...“2차 미북 회담 시험 대, 종전 선언도 주목“",,"미국과 중국, 일본 등 세계 주요 언론이 18일 3차 남북 정상회담을 위해 평양을 방문한 문재인 대통령의 동선과 김정은 북한 국무위원장의 영접 장면을 실시간 속보로 전했다.
문 대통령은 2000년 김대중 전 대통령과 2007년 노무현 전 대통령에 잇어 최고 지도자로서 세 번째로 평양을 방문했다.
문 대통령은 부인 김정숙 여사와 함께 이날 오전 9시 49분쯤 평양 순안국제공항에 도착했다.
공항에는 김 위원장과 그의 부인 리설주 여사 외에도 김여정 노동당 제1 부부장과 김영철 통일전선부장, 김영남 최고인민회의 상임 위원장, 최룡해 노동당 부위원장 겸 조직 지도부장, 리수용 당 국제 담당 부위원장, 리용호 외무상, 리선권 조국평화통일위원장 등이 나와 문 대통령을 영접했다.?
11년 만에 평양에서 만난 남북 정상은 포옹으로 정상회담의 첫 문을 열었다.
양국 정상의 첫 만남에서 서로가 포옹한 것은 이번이 처음이다.
김 여사와 리 여사 역시 서로 악수를 나누며 인사를 건넸다.?
문 대통령과 김 위원장은 이후 인민군 의장대의 사열을 받으며 레드카펫을 걸었다.
문 대통령은 북한 주민들과도 악수를 나누는 등 친근한 모습을 보였으며, 북한 주민들은 인공기와 한반도 기를 흔들며 그를 반겼다.
남북 정상이 이동을 위해 차량에 탑승하기 직전에는 북한 주민들이 “만세“라고 외쳐 눈길을 끌기도 했다.?
문 대통령과 이날 평양의 음식점인 옥류관에서 오찬을 한 뒤, 오후 김 위원장과 첫 번째 회담을 시작할 예정이다.
로이터통신은 문 대통령의 방북을 “흔들리는 미북 핵 협상의 돌파구를 마련하기 위한 노력“이라며 이번 남북 정상회담을 김 위원장이 최근 도널드 트럼프 미국 대통령에게 제안한 미북 정상회담의 시험 대라고 평가했다.
김 위원장이 트럼프 대통령과 만나기 앞서 비핵화 진정성을 보여 줄지가 관건이라는 것이다.
AP통신은 “문 대통령의 목표는 교착 상태에 빠진 핵 협상을 해결하고, 지난 수십 년 간 이어진 군사 긴장을 완화하며, 지난해까지만 해도 모두가 전쟁에 가까워졌다고 우려했던 한반도에 평화를 촉진하기 위함“이라며 “높은 목표“라고 했다.?
CNN는 3차 남북 정상회담을 통해 종전 선언이 나올지 여부에 주목했다.
CNN는 '두 나라가 전쟁을 끝내기 위해 노력하는 가운데 한국의 대통령이 북한에 도착했다'는 제목의 기사에서 “문 대통령과 김 위원장은 그들의 첫 번째 회담에서 한국 전쟁을 끝낼 것을 약속했다“며 “한국전쟁을 종식시킬 공식적인 평화 체제는 미국과 중국의 승인을 받아야 하지만, 남북 지도자들이 종전을 선언하거나 양자 평화 조약을 서명하는 것을 막을 수 있는 것ㄴ 아무것도 없다고 전문가들은 보고 있다“고 전했다.?
중국 신화통신은 문 대통령의 출발부터 도착, 두 정상 간 만남을 생중계로 상세히 보도했다.
일본 아사히 신문은 “의장대가 연주하는 곡에 맞춰 김일성 주석과 김정일 총서기의 배지를 붙인 정장 차림의 남성과 여성들이 손에 인공기와 한반도 기를 흔들며 문 대통령의 방북을 환영했다“며 “문 대통령은 김 위원장과 대화를 나누며 차로 이동했고, '만세'라고 외치는 북한 주민들에게 다가가 웃는 얼굴로 악수를 나눴다“고 했다.?",18,1538
iks_doc_2018_chosun_116,Chosun 2018 total annotated text file unicode.txt,Chosun Ilbo,조선일보,2018,2018_multi_summit,"꽃만 들고 나온 2000년 정상회담 환영식... 이번엔 인공기,한반도 기 등장",,"문재인 대통령의 18일 방북 첫날 일정은 김대중 노무현 전 대통령 방북 때와 비교해 보면 여러 공통점과 차이 점을 보였다.?
김정은 국무위원장과 부인 리설주는 평양 순안공항에 직접 나와 문 대통령을 영접했다.
2000년 방북한 김대중 전 대통령도 공항에서 김정일 국방위원장의 '깜짝 영접'을 받았다.
노무현 전 대통령의 경우는 2007년 육로로 방북해 공항이 아닌 평양 4.25문화회관에서 김정일의 영접을 받았다.?
이날 평양 순안공항에서는 오전 9시쯤부터 평양 시민으로 추정되는 사람들이 인공기와 한반도 기, 꽃다발을 들고 대기하고 있었다.
정상회담에서 우리 대통령을 영접하는데 인공기와 단일 기가 등장한 것은 이번이 처음이다.
2000년, 2007년에는 시민들이 인공기와 한반도 기 대신 붉은색, 분홍색 꽃술을 들고 우리 대통령을 맞았다.?",7,416
iks_doc_2018_chosun_117,Chosun 2018 total annotated text file unicode.txt,Chosun Ilbo,조선일보,2018,2018_multi_summit,처음 선 보인 오픈카 퍼레이드,,"이날 순안공항에는 '민족의 단합된 힘으로 평화와 번영의 시대를 열어 나가자', '평양을 방문하는 문재인 대통령을 열렬히 환영합니다'라고 파랗ㄴ 바탕에 흰 글씨로 쓰인 구호 두 개가 내걸렸다.
문 대통령은 김정은에게 함께 평양에 온 수행단을 소개했다.
특히 김현미 국토 교통부 장관의 경우, 다른 장관들은 악수만 하고 그친 것과 달리 문 대통령이 다소 길게 김정은에게 소개하는 모습이 포착됐다.?
문 대통령은 김정은과 함께 북한 인민군 의장대를 사열했다.
의장대 사열은 약 3 분여 간 이어졌다.
2000년과 2007년에서도 의장대 사열은 있었다.
김 전 대통령은 평양 순안공항에 도착한 뒤 김정일의 안내를 받으며 우리나라 의장대와 비슷한 인민군 명예 위병대를 사열했다.
노 전 대통령은 평양 4.25문화회관 광장에서 열린 환영 행사에서 김정일과 함께 명예 위병대를 사열했으며 사열 후 명예 위병대는 노 전 대통령과 김정일 앞을 행진해 지나가기도 했다.?
문 대통령 부부는 환영식이 끝난 직후에는 김정은 부부와 따로 준비된 검은 차량에 탑승했다.
하지만 숙손 백화원 영빈관으로 이동하는 도중에 문 대통령과 김정은은 검은색 무개(無蓋)차로 갈아타고 동승했다.
잇어 연도의 평양 시민들에게 손을 흔드는 카퍼레이드를 했다.
이번 정상회담에 처음으로 선 보인 깜짝 숀 셈이다.?",12,654
iks_doc_2018_chosun_118,Chosun 2018 total annotated text file unicode.txt,Chosun Ilbo,조선일보,2018,2018_multi_summit,"DJ, 노무현은 둘째 날 김정일과 정상회담 가져",,"카퍼레이드를 마친 백화원에 도착한 양측 정상은 따로 오찬을 했다.
문 대통령은 잇어 조선노동당 중앙위 본부 청사에서 김정은과 정상회담을 진행했다.
역대 평양 정상회담 장소였던 백화원 초대소도 거론됐지만 최종적으로는 김정은의 집무실이 있는 조선노동당 중앙위 본부 청사가 낙점됐다.?
과거 두 번의 회담 모두 첫날엔 우리 대통령이 김영남 상임 위원장과 회담을 하고, 둘째 날 김정일과 정상회담을 하는 방식으로 진행됐다.
김정일은 지난 2000년 김 전 대통령이 평양을 방문했을 때 순안공항에서 환영 행사를 마친 뒤 승용차에 동승해 숙손 백화원 초대소로 함께 이동했는데, 당시 약 55분 간 두 정상이 차 안에서 어떤 대화를 나눴는지에 대해 이목이 집중되기도 했다.?
김 전 대통령은 김영남과 회담을 마친 뒤 오후 4시쯤 만수대예술 극장에서 북측이 마련한 공연을 관람했다.
잇어 인민문화궁전으로 이동해 2시간 40분 동안의 만찬을 끝낸 후, 곧바로 숙소로 돌아왔다.
그는 숙소에서 국내외 언론 보도를 확인하고 참모진들과 전략 회의를 가졌던 것으로 전해졌다.?
2007년 노 전 대통령의 경우에도 카퍼레이드를 진행했지만 김정일이 아닌 김영남과 함께했다.
노 전 대통령은 김영남과 만수대의사당에서 회담 후 3대혁명전시관을 방문하고 잇어 목란관으로 이동해 환영 만찬을 가졌다.?
이번 정상회담에서 문 대통령은 회담을 마친 뒤 대동강변 평양대극장에서 삼지연관현악단의 공연을 관람한다.
이후 2007년과 동일한 장손 목란관에서 환영 만찬을 가질 예정이다.",12,750
iks_doc_2018_chosun_119,Chosun 2018 total annotated text file unicode.txt,Chosun Ilbo,조선일보,2018,2018_multi_summit,"文 대통령, 김정은과 오후 3시 30분부터 정상회담",,"문재인 대통령은 18일 오후 3시 30분부터 김정은 북한 국무위원장과 정상회담을 갖는다고 청와대가 밝혔다.
윤영찬 청와대 국민 소통 수석 비서관은 이날 오전 서울 동대문디자인프라자 프레스 센터에서 이 같이 밝히며 “회담은 오후 5시까지 예정돼 있다“고 말했다.?
잇어 “그 시간에 김정숙 여사, 특별 수행원들, 경제인들이 각각 (북측 카운터 파트와) 만남이 진행된다“고 덧붙였다.
두 정상은 첫 회담에서 비핵화 조치와 경제 협력 등 남북 관계 개선 방안, 서해 평화 수역 등 군사적 충돌 방지 방안 등을 논의할 것으로 보인다.
이 중 핵심 의제는 비핵화다.
문 대통령은 김정은에게 핵 리스트 제출 같은 비핵화 조치와 미국의 종전(終戰) 선언을 동시 추진하는 중재 안을 제안할 것으로 알려졌다.
앞서 문재인 대통령은 18일 방북길에 오르면서 “이번 방북으로 북미 대화가 재개된다면 그것 자체가 큰 의미“라고 했다.
또 전날 청와대 수석 보좌관 회의에서는 “미국의 비핵화 조치 요구와 북측의 적대 관계 청산 및 안전 보장을 위한 상응 조치 요구 사이에서 어떻게 접점을 찾을지 김 위원장과 허심탄회한 대화를 나눠 보고자 한다“고 했다.?
한편 윤 수석은 “문 대통령이 백화원 초대소까지 오는 과정에서 시간이 길어진 것ㄴ 중간에 카퍼레이드가 있었기 때문“이라며 “많은 북한 주민들이 나와 연도에서 환영한 것으로 보인다“고 말했다.
문 대통령은 이날 공군 1호기가 착륙한 평양 순안공항에서 김정은의? 영접을 받고, 환영 행사를 진행했다.
이후 오전 10시 21분쯤 공항을 떠나 오전 11시 19분쯤 백화원 영빈관에 도착했다.
이는 예정됐던 11시보다 19분 정도 늦어진 시간이다.?
현지 영상에 따르면, 문 대통령과 김정은은 뒷좌석 지붕이 없는 벤츠 S600 차량에 함께 타고 백화원 영빈관에 도착했다.
두 사람은 순안공항을 출발할 때는 각각 다른 차량을 탔다.",14,925
iks_doc_2018_chosun_120,Chosun 2018 total annotated text file unicode.txt,Chosun Ilbo,조선일보,2018,2018_multi_summit,"북한 TV, 文 대통령 평양 도착 생중계 안해 오후 녹화 방송할 듯",,"문재인 대통령의 방북을 보도했던 북한 매체들은 18일 문 대통령의 평양 도착 장면을 생중계하지 않았다.
3차 남북정상회담을 위해 평양을 방문한 문 대통령은 이날 오전 9시 49분쯤 평양 순안공항(평양국제비행장)에 도착했다.
김정은 북한 국무위원장이 직접 영접을 나와 문 대통령과 포옹했지만, 이를 생중계한 한국 공동 취재단과 달리 북한은 아직 보도가 이루어지지 않고 있다.
북한 조선중앙 TV는 이날 오전 11시 50분 현재 방송을 시작하지 않고 있다.
조선중앙 TV는 일반적으로 평일에는 오후 3시부터, 일요일과 공휴일에는 오전부터 정규 방송을 시작한다.
매달 1 11 21일에도 예외적으로 오전부터 방송한다.
이날은 오전부터 정규 방송을 시작하는 날이 아니지만, 남북이 정상회담 주요 일정을 생중계하기로 합의한 만큼 북한 역시 생중계할 수 있다는 예측이 제기됐었다.
조선중앙 TV가 일반적으로 전날 방송 마감 시간에 다음날 방송 순서를 미리 예고하지만, 이날 별도로 방송 순서를 고지하지 않은 것도 이러한 관측에 무게를 싣었다.
조선중앙통신 노동신문과 라디오 매첸 조선중앙방송 등 북한 매체들도 이날 오전 6시부터 문 대통령의 평양 도착을 이례적으로 신속히 예고 보도해 생중계 기대감이 커졌다.
문 대통령의 평양 도착 전 생중계된 순안공항 현장 화면 속에서도 '중앙 텔레비죤'이라고 적힌 중앙 TV의 대형 중계차와 취재진이 촬영 준비를 하는 모습이 포착됐지만, 중앙 TV는 통상적인 정규 방송 시작 시각에 맞춰 녹화 방송을 할 것으로 보인다.
국책연구소 관계자는 “정제된 화면만을 내보내야하는 북한의 특성상 생중계는 어려웠을 것으로 본다“고 했다.
지난 2000년 1차 2007년 2차 남북정상회담 당시에도 중앙 TV는 김정일 국방위원장과 김대중 노무현 전 대통령의 만남을 생중계하지 않고 당일 오후에 녹화 방송했다.
남북 정상 TV로 지켜 본 여야...",13,928
iks_doc_2018_chosun_121,Chosun 2018 total annotated text file unicode.txt,Chosun Ilbo,조선일보,2018,2018_multi_summit,환호 터어진 민주 비핵화 강조한 한국,,"여야는 18일 문재인 대통령과 김정은 북한 국문 위원장의 평양 정상회담에 일제히 환영의 뜻을 밝혔다.
다만 야당은 이번 정상회담에서 “한반도 비핵화에 대한 구체적 합의가 있어야 한다“고 강조했다.?
여야 지도부는 이날 오전 국회에서 TV 생중계를 통해 남북 정상들의 만남을 지켜 봤다.
민주당 지도부는 두 정상이 만나 포옹하자 “소름 끼친다“, “얼마나 큰 변화냐“고 외치며 박수를 쳤다.
일부 민주당 당직자들은 눈시울을 붉히기도 했다.?
지도부는 2007년 노무현 전 대통령과 김정일 북한 국방위원장의 평양 정상회담을 회상하기도 했다.
당시 남북정상회담 당시 보도 분야 남측 대표로 평양에 동행했던 서영교 원내 수석 부대표는 “11년 전에는 붉은색과 분홍색의 김일성화 김정일화만 있었는데 이번에는 노랗ㄴ 색 꽃도 있고 색이 다양해졌다“며 “그때 환영 인파가 많아 소리를 지르면 지축이 흔들릴 정도였다“고 말했다.
홍영표 민주당 원내 대표는 “제가 방금 서울공항에서 (문 대통령을 환송하고) 돌아왔는데, 저보다 문 대통령이 평양에 더 빨리 가셨다“며 “이렇게 가깝ㄴ 거린데 11년 만에 문 대통령이 다시 평양을 방문하게 됐다“고 말했다.
자유한국당과 바른미래당도 이날 국회에서 문 대통령과 김 위원장이 평양에서 만나는 장면을 TV 생중계로 지켜 봤다.?
김성태 한국당 원내 대표는 문 대통령을 태운 전용기가 평양 국제 공항(순안공항)에 착륙하자? “북한의 완전한 핵 폐기를 통해 한반도의 진정한 비핵화를 앞당기고, (비핵화를) 언제까지 하겠다는 구체적인 약속이 이번 정상회담에서 나와 주길 바란다“고 말했다.
김 원내 대표는? “한국당도 문 대통령과 김 위원장의 만남을 깊은 관심을 두고 지켜 보고 있다“고 했다.
그는 생중계 초반 김 위원장의 모습이 보이지 않자 “아직 김정은이 보이지 않는데, 나오겠지.
우리 회의해야 하는데“라고 말하기도 했다.?
바른미래당 손학규 대표 역시 남북 정상의 만남을 TV로 지켜 보면서 “북한에서 (문 대통령의 평양 방문을) 대대적으로 환영하고 있다.
회담이 잘됐으면 좋겠다“면서도 “비핵화를 구체화한 계획에? 합의하고, 북핵 시설 검증 리스트가 제시돼야 한다“말했다.
그는 “미국이나 국제 사회가 (남북정상회담 결과를) 긍정적으로 보고, 이를 통해 한반도 평화에 기여했으면 좋겠다“고 강조했다.
손 대표와 함께 TV 생중계를 보던 채이배 의원은 문 대통령과 동행한 김현미 국토 교통부 장관이 북측 관계자들과 인사하자 “평양 부동산도 많이 올랐다던데“라고 말하기도 했다.",17,1234
iks_doc_2018_chosun_122,Chosun 2018 total annotated text file unicode.txt,Chosun Ilbo,조선일보,2018,2018_multi_summit,文 대통령 평양 시내서 카퍼레이드 北 주민들 “조국 통일“연호,,"문재인 대통령과 김정은 북한 국무위원장이 18일 평양 시내에서 카퍼레이드를 하며 평양 주민들에게 인사했다.
윤영찬 청와대 국민 소통 수석은 이날 오전 서울 동대문디자인플라자(DDP)에 마련된 프레스 센터에서 브리핑을 통해 이 같이 밝혔다.
윤 수석은 “(평양 순안공항에서) 백화원까지 오는 중간에 카퍼레이드가 있었다.
많은 주민들이 나와 환영을 했던 것으로 보인다“고 말했다.
카퍼레이드는 예정에 없던 일정이었지만, 북한이 특수 관계의 국가 수반이 방문할 때 평양 시내에서 주민들이 외빈을 환영하는 행사를 여는 전례에 비춰 볼 때 우리 측도 사전에 예상은 했던 것으로 보인다.
과거 2000 2007년 남북정상회담을 위해 평양을 방문했던 김대중 전 대통령과 노무현 전 대통령도 평양 주요 도로에서 북한 주민들의 환영을 받은 바 있다.
문 대통령 부부는 이날 오전 10시 평양 순안공항에서 김정은 부부의 영접을 받으며 환영식을 가졌다.
오전 10시 20분쯤 두 정상 부부는 각각 다른 차량에 탑승해 공항을 떠났다.
청와대가 공개한 영상에 따르면, 문 대통령과 김정은은 카퍼레이드를 할 때는 벤츠 오픈카 뒷좌석에 함께 탑승했다.
차량 내의 상석인 오른쪽에는 문 대통령이 자리했고, 왼쪽에는 김 위원장이 탑승했다.
두 정상이 탄 차량이 이동하는 도로 양편에는 한복을 입은 평양 주민들이 색색의 꽃다발과 꽃술, 한반도 기 인공기 등을 흔들며 빼곡히 줄지어 섰다.
문 대통령과 김정은은 크게 웃으며 손을 높이 들어 인사했다.
주민들은 '조국 통일'을 연호했다.
문 대통령은 잠시 차량에서 내려 북한 주민들과 인사를 나누고 꽃다발을 받기도 했다.
카퍼레이드 선두에는 20여 대의 군 오토바이가 두 정상을 태운 차량을 비호했다.
청와대는 “문 대통령과 김 위원장은 순안공항, 평양 도로, 3대혁명전시관, 영생 탑, 려명 거리, 금수산태양궁전, 백화원 영빈관 등의 코스로 이동했다“고 밝혔다.
두 정상은 순안공항 출발 57분 만인 오전 11시 17분쯤 백화원 영빈관에 모습을 드러냈다.
뒤이은 차량에서는 김정숙 여사와 리설주가 내렸다.
양측은 이곳에서 별도로 오찬을 가진 것으로 전해졌다.
두 정상은 오후 3시 30분부터 1시간 30분 가량 회담을 가질 예정이다.",20,1091
iks_doc_2018_chosun_123,Chosun 2018 total annotated text file unicode.txt,Chosun Ilbo,조선일보,2018,2018_multi_summit,"안보리 회원국 “북핵 문제, 대북 제재 유지해야“韓, 외교적 노력 강조",,"최근 미국과 러시아가 대북 제재 이행 문제를 놓고 유엔 안전보장이사회 긴급 회의에서 정면 충돌한 가운데, 다른 유엔 안보리 이사국도 대북 압박 유지를 주장했다고 18일 미국의소리(VOA)가 보도했다.
한국은 관련국 자격으로 안보리 회의에 참석해, 평양 남북정상회담에 관한 기대감을 나타내면서 '외교적 노력'으로 북핵 문제를 해결해야 한다고 했다.
17일(현지 시간) 오전 미국은 긴급 소집한 유엔 안보리 회의에서 러시아의 대북 제재 결의 위반을 강하게 비판했다.
니키 헤일리 유엔 주재 미국 대사는 이날 “러시아가 지속해서 광범위하게 (대북) 제재를 위반한 증거가 있다.
제재 위반을 멈춰야 한다“고 했다.
또 헤일리 대사는 대북 제재를 완화할 의사가 없음을 강조했다.
싱가포르 6.12 미북 정상회담 이후 러시아와 중국은 대북 제재 완화 방안을 논의하자고 주장해 왔다.
이날 네덜란드 영국도 북한이 대북 제재를 이어 나가야 한다고 발언했다.
구체적인 비핵화 움직임을 보일 때까지 대북 제재를 유지해야 한다는 미국 입장을 따른 것이다.?
유엔 안보리 산하 대북 제재 위원회를 이끄는 카렐 판 오스테롬 유엔 주재 네덜란드 대사는 이날 “북한이 계속하고 있는 핵 탄도 미사일 프로그램은 여전히 국제 사회를 위협하고 있다“며 “북한은 핵 탄도 미사일 프로그램을 위해 (대북) 제재를 위반하고 있고, 몇몇 다른 나라도 제재를 완전히 따르지는 않는다“고 말했다.
오스테롬 대사는 또 “완전한 대북 제재 이행이 필요하다“며 “국제 사회도 이런 우려가 충분히 해소될 때까지 대북 압박을 유지해야 한다“고 지적했다.
캐런 피어스 유엔 주재 영국 대사도 “북한이 제재를 회피, 위반하기 위해 독창적인 방법을 찾고 있다“고 했다.
그러면서 “유엔 안보리가 정한 정제유 상한선이 넘은 것으로 보인다는 미국의 분석을 지지한다“며 “북한이 공해상에서 선박 간 환적으로 정제유를 얻는 행위를 경계할 필요가 있다“고 했다.
피어스 대사는 “미국과 한국이 노력하고 있지만 슬프게도 북한은 완전하고 검증 가능하며 되돌릴 수 없는 비핵화를 위한 결정적 조치를 하지 않고 있다“고 비판했다.
그는 오는 26일 도널드 트럼프 미국 대통령이 직접 주재하는 안보리 회의가 북핵 문제를 논의하는 중요한 자리가 될 것이라고도 덧붙였다.
로즈마리 디카를로 유엔 정무 담당 사무 차장은 북한의 최근 핵 시설 폐기 조치를 긍정적으로 평가하면서도 “북한이 핵 탄도 미사일 프로그램을 계속 유지, 개발하는 조짐이 나타나고 있다“고 지적했다.
이날 한국은 관련국 자국으로 안보리 회의에 참석해 북핵 문제와 관련 외교적 노력을 강조했다.
한국이 북한 관련 안보리 회의에 참석한 것은 10개월 만이다.
조태열 유엔 주재 한국 대사는 “지난 2월 평창 올림픽과 남북, 미북 정상회담 등이 긴장감이 고조됐던? 한반도 분위기를 외교적 노력이 행해지는 곳으로 바꿔 놨다“고 했다.?
조 대사는 18일부터 사흘 간 열리는 평양 남북정상회담에 관한 기대감도 나타냈다.
그는 “북한의 완전한 비핵화를 위해선 외교적 해결을 위한 협상의 힘을 최대한 활용해야 한다“면서 “평양 남북정상회담에서 교착 상태에 빠진 미북 협상을 재개할 수 있는 중요한 돌파구가 생기길 기대한다“고 밝혔다.",21,1573
iks_doc_2018_chosun_124,Chosun 2018 total annotated text file unicode.txt,Chosun Ilbo,조선일보,2018,2018_multi_summit,정상회담으로 생긴 '軍 통수권 공백' 총리 합참의장이 메워,,"평양 남북정상회담으로 생기는 군(軍) 통수권 공백 기간 이낙연 국무총리와 서주석 국방부 차관, 박한기 신임 합참의장 등이 공백을 메운다.
이번 정상회담에는 14명의 공식 수행원과 정치, 경제, 문화 등 각계각층 인사 52명으로 구성된 특별 수행원이 동행했다.
특히 송영무 국방부 장관도 공식 수행원에 포함돼 2박 3일 간 군 통수권잔 대통령과 군 최고 책임자가 자리를 비우게 됐다.
공식 수행원은 정부를 대표해 송 장관 외에 서훈 국가정보원장, 조명균 통일부 장관, 강경화 외교부 장관, 도종환 문화 체육 관광부 장관, 김현미 국토 교통부 장관, 김영춘 해양 수산부 장관, 김재현 산림청장 등이 포함됐다.
또 대통령 비서실을 대표해 정의용 국가 안보실장, 김현철 경제 보좌관, 주영훈 대통령 경호처장, 김의겸 대변인, 김종천 의전 비서관, 윤건영 국정 상황실장도 공식 수행원으로 동행한다.?
송 장관의 집무 공백은 서 차관이 대행하게 된다.
차관은 주요 국방 정책을 결정하는 장관의 권한을 침해할 수는 없지만 통상적인 정책 관리 차원의 행정 사무는 관장할 수 있다.
또 군 작전 부대를 지휘 감독하는 군령권(軍令權)을 가진 합참의장은 중요 사안이 생기면 차관을 거쳐 총리에게 보고해야 한다.?
국방부 장관 부재 때 합참의장이 자신보다 서열이 낮은 국방 차관을 보좌하는 것이 타당한지와 관련해 작년 국감 때 논란이 일기도 했다.
국방부의 '군 예식령'에 따르면 군 서열은 국방부 장관, 합참의장, 육해공군 참모 총장, 대장, 국방 차관 순이기 때문이다.
이와 관련, 국방부는 “국방부 장관은 합참의장을 지휘 감독하며, 장관 부재 때 차관이 장관의 직무를 대행하므로 합참의장의 보좌는 타당하다“고 밝혔다.?
정경두 합참의장이 국방부 장관 후보자로 지명되면서 신임 합참의장으로는 박한기 제2 작전 사령관이 내정됐다.
박 사령관은 문 대통령과 수행원들의 방북 전날인 17일 내정됐는데, 국정 공백을 메우기 위해 급히 정해진 것으로 알려졌다.?
장관 부재 시 중요한 일이 발생하면 차관은 대통령 부재 중 국정 최고 책임잔 국무총리에게 보고하고 지침을 받아 처리해야 한다.
문재인 대통령은 지난 17일 열린 이 총리와의 주례 회동에서 평양 남북정상회담과 유엔총회 참석으로 생기는 통수권 공백 기간? 국무총리가 직접 국정의 중심에서 역할을 해 달라고 한 것으로 전해졌다.?
김의겸 청와대 대변인은 “문 대통령의 방북 기간 국가안전보장 회의(NSC) 위원 및 NSC 상임위 위원들에 대한 비상 연락 망을 가동하기로 했다“며 “청와대는 위원들의 소재를 확인하고 비상 연락 망을 24시간 유지해 1시간 안에 회의에 참석이 가능한 지역에 비상 대기하도록 할 계획“이라고 했다.
[사진] 김정은 전용차 내부 첫 포착 김정은 북한 국무위원장의 전용 차량 내부가 18일 평양 남북정상회담 계기로 방북한 우리 측 취재진 카메라에 최초로 포착됐다.
아래 사진은 김정은이 이날 오전 평양 순안공항에서 열린 문재인 대통령 환영식을 마치고 차량에 탑승하고 하고 있는 모습이다.
김정은이 앉는 좌석 앞에는 모니터로 보이는 검정색 패널의 일부와, 용도를 알ㄹ 수 없는 붉은색과 흰색 버튼 모음가 부착돼 있다.
차량 뒷바퀴에는 마이바흐 로고가 선명하다.",20,1575
iks_doc_2018_chosun_125,Chosun 2018 total annotated text file unicode.txt,Chosun Ilbo,조선일보,2018,2018_multi_summit,"文 대통령, 김정은과 '노동당 본부 청사'에서 첫 정상회담 정상회담 후 삼지연관현악단 공연 관람 후 목란관 환영 만찬",,"문재인 대통령은 18일 오후 3시 30분부터 김정은 북한 국무위원장과 북한 노동당 중앙 위원회 본부 청사에서 첫 정상회담을 갖는다고 청와대가 밝혔다.?
윤영찬 청와대 국민 소통 수석 비서관은 이날 오후 서울 동대문디자인프라자 프레스 센터에서 이 같이 밝히고 “노동당사에서 남북 정상이 회담을 갖는 것은 처음“이라고 말했다.?
윤 수석은 “두 정상의 만남까지 카메라와 사진, 펜 풀 기자들이 취재한다“며 “두 정상의 만남까지만 취재가 가능하며 회담장 안에는 취재진이 입장하지 못한다“고 설명했다.
그는 두 정상 간 정상회담이 진행되는 동안 김정숙 여사와 리설주 여사가 옥류아동병원과 김원균명칭음악종합대학을 함께 방문한다고 덧붙였다.
특히 음악종합대학 방문에는 작곡가 김형석씨와 가수 에일리, 지코가 동행할 예정이다.?
같은 시간 특별 수행원들은 김영남 북한 최고인민회의 상임 위원장을 접견하고, 경제인들과 주요 공기업 대표들은 리룡남 북한 경제 담당 내각 부총리와 만난다.
또 정당 대표들은 안동춘 북한 최고인민회의 부의장을, 시민 사회 대표들은 김영대 북한 사회민주당 중앙 위원회 대표를 각각 만난다.?
이후 문 대통령과 수행원들은 평양시 중구역 역전 동 대동강변 평양대극장에서 삼지연관현악단 공연을 관람하고, 목란관에서 환영 만찬을 갖는다.
목란관은 북한 고위 간부와 외국 주요 인사 전용 면 회장이다.
만찬은 오후 9시까지 진행될 예정이다.
윤 수석은 정상회담 배석자에 대해서는 “2~3명 정도 예상되지만, 정확히 어느 분이 배석할지는 가 봐야 알ㄴ다“며 “결정이 됐는데 우리 측에 통보가 안 왔을 수도 있다.
노동당 청사에서 만났을 때 확인할 수 있다“고 설명했다.?
그는 문 대통령과 김정은의 만남에서 나온 이야기를 소개할 수 있냐는 물음에는 “독대 여부에 대해서는 별도로 확인해야 하고, 그리고 여러분(취재진)에게 추가로 말하겠다“며 “아직 제가 받은 인포메이션은 없다“고 했다.?
윤 수석은 한미 간 협의에 대해서는 “이번 정상회담 기간 중에 한미 협의가 이루어지기는 어렵ㄹ 것 같다“고 말했다.
잇어 “대통령이 돌아와 바로 유엔총회 참석차 뉴욕을 방문할 예정인데 거기에서 도널드 트럼프 미국 대통령을 만나게 될 것“이라며 “이번 정상회담에서 이루어질 결실이 있다면, 한미정상회담에서 트럼프 대통령과 문 대통령이 직접 만나 이야기를 주고 받을 것“이라고 덧붙였다.
그는 주요 그룹 총수들의 방북 배경에 대해서는 “북측 요청이 있었다는 보도는 전혀 사실이 아니다“라며 “이번 방북 수행단 결정은 전적으로 우리 정부에서 결정한 것“이라고 말했다.
잇어 “우리 경제인들의 참여는 남북 관계의 장래를 위해 경제인들의 수행단 참여가 필요하다는 판단이 있었던 것“이라며 “우리 경제인이 북한을 방문한 것ㄴ 단지 이번 분이 아니고 이전의 모든 정상회담에 다 같이 참여했다“고 덧붙였다.
그는 북한과 경제 관련 MOU(양해 각서) 체결 가능성에 대해서는 “구체적인 MOU는 이번에 나오지 않을 것“이라면서도 “우리가 지금 남북 간에 진행해 오고 있는, 또 일을 막 시작한 여러 가지 협력 분야에 있어서 대화를 더 진척시키지 않을까 생각한다“고 말했다.?
윤 수석은 김정숙 여사의 방문진 아동 병원 및 음악 대학 선정 배경에 대해서는 “북측에서 이런 저런 장소를 제공하겠다고 의사를 표현한 것으로 보인다“고 말했다.",19,1629
iks_doc_2018_chosun_126,Chosun 2018 total annotated text file unicode.txt,Chosun Ilbo,조선일보,2018,2018_multi_summit,"訪北 총수, 웃으며 비행기 탑승 고려호텔선 '셀피'",,"3차 남북정상회담 특별 수행원으로 참가한 재벌 총수들은 18일 오전 밝은 표정으로 성남 서울공항에 나타났다.
지금까지 가지 못하았던 곳을 간다는 긴장감보다는 기대감이 드러나는 표정이었다.
서울 경복궁 동편 주차장에 집결해 버스를 타고 공항으로 이동한 재벌 총수들은 삼삼오오 그룹을 짓어 비행기 탑승 게이트에 들어섰다.?
재계 1위 삼성 그룹의 총순 이재용 삼성전자 부회장은 송영무 국방부 장관과 대화를 하며 공항 활주로에 들어섰다.
최태원 SK 그룹 회장은 문정인 대통령 통일 외교 안보 특별 보좌관과 담소를 나누며 공항에 들어섰다.
최 회장의 얼굴엔 웃음이 가득했다.
LG 그룹의 새 총수로 오른 구광모 회장과 현정은 현대그룹 회장, 박용만 대한상공회의소 회장도 공항에 모습을 보였다.
재벌 총수들은 모두 가방을 하나씩 들고 있었다.
평소와 달리 수행원이 없이 이동을 해야했기 때문이다.
이재용 부회장과 최태원 회장은 이날 평양행 비행기에 나란히 앉아 담소를 나누는 모습이 포착되기도 했다.
이 부회장과 최 회장은 오랫동안 돈독한 친분을 유지해 온 것으로 유명하다.?
일례로 이재용 부회장은 2013년 아시아의 다보스 포럼으로 불리는 보아오 포럼의 이사 직을 맡았는데, 이는 최태원 회장이 맡아 오던 자리를 승계한 것이다.
당시 최 회장이 구속 수감되면서 이사 직을 수행할 수 없게 되자 이를 이 부회장에게 물려준 것이다.
이 부회장은 같은 해 4월 서울 구치소에 수감 중이던 최 회장을 면회한 적도 있다.?
이 부회장은 평양행 비행기에서 김현철 대통령 경제 보좌관과 대화를 나누는 장면도 포착됐다.
재계에서는 삼성 그룹의 총수와 대통령 경제 보좌관이 무슨 이야기를 나눴을지 관심을 기울이고 있다.
이 부회장은 미술 평론가 겸 유명 작간 유홍준 명지 대 석좌 교수, 최문순 강원 지사와 인사를 나누는 장면도 목격됐다.?
평양에 도착한 재계 총수들은 고려호텔에 짐을 풀었다.
호텔 객실에 들어가기 전 로비 소파에서 대기하는 동안 박용만 회장은 이재용 부회장, 최태원 회장과 셀카를 찍기도 했다.
최 회장도 디지털 카메라를 들고 다니며 평양의 모습을 촬영하는 등 자유롭게 행동했다.
평양에 간 경제인들은 이날 오후 리용남 북한 경제 담당 내각 부총리와 면담한다.
청와대는 이번 정상회담에 경제계 인사들이 동행한 것이 북측의 요청에 따른 것이란 보도를 부인하면서 '남북의 미래를 위한 정부의 판단'이었다고 밝혔다.
윤영찬 청와대 국민 소통 수석은 이날 오후 브리핑에서 '기업 재벌 총수들이 방북하게 된 배경'을 묻는 말에 “경제인들의 방북 관련해서 북측의? 요청이 있었다는 보도를 본 적이 있는데 사실이 전혀 아니다“면서 “이번 방북 수행단 결정은 전적으로 저희 정부에서 정한 사항“이라고 했다.?
윤 수석은 “남북 관계의 장래와 미래를 위해 경제인들의 이번 수행단 참여가 필요하다는 판단이 있었다“며 “경제인들이 북한을 방문한 것은 단지 이번뿐이 아니다.
모든 정상회담에서 경제인들이 다 같이 참여했었다“고 했다.",25,1462
iks_doc_2018_chosun_127,Chosun 2018 total annotated text file unicode.txt,Chosun Ilbo,조선일보,2018,2018_multi_summit,외신 기자 “매스게임 실시되는 대운동회 느낌““예측 가능한 연출이라 지루“,,"문재인 대통령과 김정은 북한 국방위원장의 세 번째 정상회담을 취재하기 위해 한국을 찾은 외신 기자들은 “생각했던 것에서 벗어나지 않는 그림이다““큰 감흥이 없다“는 반응을 보였다.
이번 남북 정상회담이 북한 핵 문제 해결과 미북 관계 개선에 도움이 될 것이냐는 질문에는 의견이 갈렸다.?
18일 서울 동대문디자인플라자(DDP)에 설치된 '2018 남북정상회담 평양' 메인 프레스 센터에서 만난 미국 공영 라디오 방송 NPR의 롭 슈미츠(Rob Schmitz) 기자는 “이번 정상회담은 모든 것이 잘 조직돼 있다.
다시 말하면 충분히 예측 가능한 연출이어서 지루하다“며 “그래서 프레스 센터에서 지금 나가려 한다.
여기에 있을 필요가 없다는 생각이 들ㄴ다“고 했다.
그는 “내일(19일)에는 무엇인가 현장에서 즉흥적이고 흥미롭ㄴ 사건이 일어나고, 진전된 발표가 있기를 기대한다“고 했다.
일본 지상파 방송사 TBS의 이다 시게토시(井田重利) 기자는 “이날 오전에 문 대통령이 평양 순안공항에 도착해 벌어진 환영 이벤트는 생각했던 대로였다.
정상회담으로 남한과 북한의 대화 분위기를 고조시키겠다는 의도가 짙게 보인다“며 “하지만 정상회담으로 남북 관계가 진전되지는 않을 것“이라고 했다.
북한 비핵화, 미북 관계에 대해서도 “개선되지 않을 것“이라고 했다.
그는 이번 정상회담에 대해서도 “알맹이가 없는 쇼“라며 “판문점에서 열린 4.27 정상회담이 아름답ㄴ 뮤지컬 느낌이 나는 쇼였다면, 이번 정상회담은 매스게임이 실시되는 대운동회 같다“고 했다.
러시아 국영 통신사 '로시아 시보드냐'의 안드레이 올퍼트 서울 지국장은 “문 대통령과 김정은의 만남은 너무 잘 짜인 각본 같았다.
그래서 큰 감흥을 느끼지 못하았다“라고 했다.
그는 앞으로 남북 관계에 대해선 긍정적인 견해를 갖고 있었다.
올퍼트 지국장은 “문 대통령은 북한과 어떻게 거래해야 하는지 보여 줬다“며 “당장 가시적인 성과를 내놓지는 못하더라도, 정상회담 이후 비핵화에 대한 북한의 태도가 변할 것이라고 생각한다. 북한은 비핵화를 위한 준비를 끝냈을 것이라고 생각하고, 비핵화는 2~5년쯤이면 끝날 것이라고 본다“고 말했다.
싱가포르 일간지 '더스트레이트타임스'의 창 메이 춘(Chang May Choon) 서울 특파원은 “4.27 정상회담 당시엔 두 정상이 예상하지 못한 말을 많이 했는데, 이날은 만나서 포옹하고 반기는 말을 하는 과정이 모두 예정이 돼 있었던 듯했다.
두 정상의 개인적인 면모를 느끼기에 부족한 것 같다“고 했다.
이번 정상회담이 성과를 낼 것인지에 대해선 “미국과 북한은 비핵화 문제를 놓고 큰 간극이 있다. 문 대통령 인 미북 간 중재자 역할을 해 환영을 받는다. 문 대통령은 다음 주 유엔총회 참석차 뉴욕을 방문해 도널드 트럼프 대통령을 만나 김정은의 메시지를 전할 수 있다“며 “그러나 문 대통령이 얼마나 역할을 해 낼 수 있을지는 모르겠다. 미국은 원하는 바를 양보하지 않을 것이고, 북한은 아직 큰 변화를 시작할 준비가 돼 있지 않은 듯하다“라고 했다.
이번 정상회담 취재를 위해 28개국 122개사에서 온 451명의 외신 기자가 DDP 프레스 센터에 등록했다.
지난 4.27 정상회담엔 36개국 184개 매체의 외신 기자 869명이 취재진으로 등록했다.
문 대통령과 김정은의 첫 번째 정상회담과 비교에 이번엔 정상회담을 취재하는 외신 기자 수가 절반 가까이 줄었다.
“비핵화 결론 나오길““위장 평화 쇼“남북정상회담 지켜 본 시민들 18일 3차 남북정상회담에 대해 시민들은 환영하면서도 “확실한 비핵화 없이는 북한을 믿어서는 안 된다“고 경계하는 분위기였다.",21,1764
iks_doc_2018_chosun_128,Chosun 2018 total annotated text file unicode.txt,Chosun Ilbo,조선일보,2018,2018_multi_summit,남북 정상 벌써 세 번째 만남 시민 반응 엇갈려,,"이날 오전 9시 49분쯤 문재인 대통령이 전용기 편으로 평양 순안공항(평양국제비행장)에 도착하는 장면이 생중계됐다.
서울역 대합실에서? 기차를 기다리던 시민들은 TV에서 눈을 떼지 못하았다.?
화면에 문재인 대통령과 북한 김정은 국무위원장이 악수하는 모습이 나오자 웅성거리는 소리가 났다.
일부는 손뼉 치며 환호했다.?
'반신반의'하는 시민들도 있었지만, 북한 비핵화에 대한 염원은 대부분 비슷했다.
진주섭(61)씨는 “대통령이 직접 북한에 가는 것을 보니까 세상이 많이 변했구나 싶어 감개무량하다“고 했고, 울산에서 올라왔다는 정준상(46)씨도 “문 대통령이 평양에서 환대 받는 모습을 보니, 좋은 결과가 있지 않을까 기대된다“고 했다.
“위장 평화 쇼에 불과하다“는 비판적인 반응도 많았다.
서울역에서 만난 김 모(68)씨는 “김정은 뿐만 아니라 그 아버지, 할아버지 때도 반복됐던 일“이라면서 “(문 대통령이) 김정은 손바닥 위에서 놀아나고 있다“고 말했다.?
미국 반응도 봐야 한다는 '신중론'도 있었다.
신기(72)씨는 “우리만 북한과 잘 풀린다고 해결되는 것이 아니다“며 “핵 문제가 풀려야 (북한이)미국하고도 대화가 되지 않겠느냐. 미국을 어떻게 설득할 것인지도 남북이 함께 고민해야 한다“고 말했다.?
김성도(44)씨는 “삼성, LG 같은 대기업 총수들이 대통령과 북한에 갔는데, 이를 미국이 어떻게 생각할지 우려스럽다“면서 “우리 기업이 국제 공조를 깨고 북한을 지원하는 모양새로 낙인찍힐 수도 있다“고 말했다.",11,743
iks_doc_2018_chosun_129,Chosun 2018 total annotated text file unicode.txt,Chosun Ilbo,조선일보,2018,2018_multi_summit,도심 곳곳에서 찬반 집회 열려,,"서울 도심에서는 3차 남북정상회담 찬반 집회가 곳곳에서 열렸다.
이날 오전 재향군인회 회원 500여 명은 정부 서울 청사 앞에서 회담 성공을 기원하는 집회를 열었다.
이들은 태극기와 '비핵화, 정상회담 성공 기원'이란 팻말을 들고 있었다.
재향군인회 소속이라는 황 모(62)씨는 “진영 논리와 무관하게 비핵화를 응원한다“며 “북의 비핵화는 곧 평화를 의미하는 것“이라고 말했다.
일부 좌파 단체는 나아가 우리 정부의 방위비를 삭감하라고 촉구하기도 했다.
'평화와 통일을 여는 사람들'은 이날 기자 회견을 열어 “정부는 이제라도 (방위비)총액 삭감을 협상 목표로 제시해야 한다“고 주장했다.
우파 단체들은 이날 오후 2시부터 서울 동대문 디자인 플라자 광장 앞에서 북한 체제 규탄 집회를 열었다.
집회 참가자들은 태극기와 성조기를 함께 흔들었다.
이들은 “남북 정상회담은 김정은만 이롭게 할 것“이라고 적힌 피켓을 들어 보였다.
“북한은 납북자를 돌려보내고 주민 인권을 개선하라“는 구호를 외치기도 했다.?
집회에 나선 김 모(57)씨는 “좌파 통일을 위한 정상회담이 돼서는 안 된다“며 “솔직히 대통령이 (평양에)나라 팔아 먹으러 갔을까 봐 두렵다“고 했다.
김태학(63)씨도 “한반도 비핵화는 뒷전이고 북한이 UN 경제 제재 빠져 나오도록 도와주는 회담이 될까 봐 걱정“이라고 말했다.",12,664
iks_doc_2018_chosun_130,Chosun 2018 total annotated text file unicode.txt,Chosun Ilbo,조선일보,2018,2018_multi_summit,文 대통령 “환영에 가슴 벅차“에 김정은 “수준 낮아도 최대한 성의“화답,,"문재인 대통령은 18일 김정은 북한 국무위원장 부부와 환담하면서 “판문점의 봄이 평양의 가을로, 이제는 정말 결실을 맺을 때“라고 말했다.
문 대통령은 이날 오전 평양 남북정상회담 기간 숙소로 쓰일 백화원 영빈관에 도착해 이 같이 말하며 “거리에 나와 있는 시민들뿐만 아니라 그 뒤에 아파트에 사시는 분들까지도 열렬히 환영해 주시니까 정말 아주 가슴이 벅찼다. 가슴이 뭉클했다“고 말했다.?
문 대통령은 “평양 시민이 열렬히 환영해 주시는 모습을 남측 국민이 보게 된다면 아마 남측 국민도 감동 받고 감격할 것“이라며 “이번 회담에서 풍성한 결실이 있겠구나 하는 기대를 갖게 될 것“이라고 말했다.?
문 대통령은 “판문점의 봄이 평양의 가을로 이렇게 이어졌으니, 이제는 정말로 결실을 풍성하게 맺어야 한다“고 했다.
잇어 “가슴도 설레지만 한편으로는 우리 어깨도 아주 무겁다고 느낀다“며 “그러나 우리 사이에 신뢰와 우정이 쌓였기 때문에 잘 될 것이다. 오늘 최고의 영접을 받았다“고 말했다.
문 대통령이 “어깨가 아주 무겁다“라고 표현한 것은 본회담에 들어가기 앞서 비핵화 문제에 대한 중압감을 김정은에게 간접적으로 드러낸 것으로 보인다.
김정은은 이에 “문재인 대통령을 열렬히 환영하는 마음으로 또, 우리가 앞으로 올해 이룩한 성과만큼 빠른 속도로 더 큰 성과를 바라는 우리 인민들의 마음“이라며 “북과 남의 인민들 마음과 기대를 잊지 말고 우리가 더 빠른 걸음으로 더 큰 성과를 내야하겠구나라고 생각했다“고 말했다.?
김정은은 “오신 다음에 환영 오찬을 하자는 의견이 있었는데, 오시자마자 일정이 너무 그러면 피곤하시고 그래서 여기서 편히 쉬시고 오후에 3시부터 문 대통령과 만나서 좋은 성과를 한 번 (내 보자) 모두가 기대하는데“라고 했다.?
김정은은 “대통령께서는 세상 많은 나라를 돌아보셨는데, 발전된 나라들에 비하면 우리 숙소라는 것이 초라하다“며 “지난 5월 달에 문?대통령이 판문점 우리 측 지역에 오셨는데, 너무나 장소와 환경이 그래서 제대로 된 영접을 해 드리지 못하았다.
그리고 식사 한 끼도 대접해 드리지 못하아서 그것이 늘 가슴에 걸렸다.
그래서 오늘을 기다리고 기다렸다“고 했다.
잇어 “비록 수준은 낮을 수 있지만, 그래도 최대 성의를 다해서 성의의 마음을 보인 숙소고 하니 우리 마음으로 받아 주시면 좋겠다“고 덧붙였다.",12,1149
iks_doc_2018_chosun_131,Chosun 2018 total annotated text file unicode.txt,Chosun Ilbo,조선일보,2018,2018_multi_summit,“순안공항서 5시 원산행 항공편 등장 방북단 방문 가능성“,,"평양 순안국제공항 출국장에서 18일 예정에 없던 원산 갈마행 고려항공기 2편이 전광판에 등장했다고 미국 북한 전문 매체 'NK뉴스'가 보도했다.
두 편 모두 출발 예정 시간이 이날 오후 5시다.
문재인 대통령 내외를 포함한 100여 명의 방북단이 이날 오전 제3차 남북 정상회담을 위해 평양에 도착한 가운데, 북한이 한국 재계 인사들에게 원산 갈마 해안 관광 지구의 개발 현황을 소개하려는 것일 수 있다는 관측이 나온다.?
NK뉴스에 따르면 평양/원산 항공편은 통상 월요일에만 운행된다.
이와 관련, 중국 베이징에 본사를 둔 영국 여행사 '고려 투어'의 사이먼 코커렐 책임자는 “공항 직원들은 이들 항공편이 무슨 목적으로 운행되는지, 왜 두 편이나 운행되는지 알지 못하는 눈치였다“며 “북한 정부가 한국 방북단에게 원산 개발 현황을 보여 주기 위해 운행하는 것일 수 있다“고 지적했다.?
NK뉴스는 “한국 방북단이 이날 저녁 원산행 비행기를 탈 경우, 북한 정부가 해당 지역의 기존 관광 인프라와 떠오르는 관광 인프라를 모두 선 보일 가능성이 있다“며 “김정은 북한 국무위원장은 2018년 1월부터 인근 마식령 스키장과 최근 리모델링한 갈마 공항을 비롯한 원산 지역 관광지 개발을 위해 막대한 투자를 하고 있다“고 전했다.?
NK뉴스는 지난 4월 27일 민간 위성 업체 '플래닛랩스'의 위성 사진을 분석해 원산/갈마 지역에 대규모 새 관광 리조트가 들어서고 있다고 보도한 바 있다.
NK뉴스가 당시 공개한 사진에는 최소 170여 채의 건물이 들어선 모습이 담겼다.?
김 위원장은 올해 신년사에서 원산 갈마 반도의 백사장인 '명사십리' 등 관광 자원을 활용하는 원산 갈마 해안 관광 지구 조성 계획을 밝혔다.
이후 북한 정부는 수천 명의 군인을 동원해 관광 지구 건설에 속도를 내고 있으며, 김 위원장은 지난 5월 현장을 시찰하고 내년 4월까지 완공할 것을 지시한 것으로 알려졌다.?
원산 갈마 해안 관광 지구의 개발 규모는 구체적으로 공개된 바 없다.
그러나 NK뉴스는 플래닛랩스의 위성 사진과 북한 관영 매체가 보도한 사진 등을 분석하면 길이가 약 4.5km 길이에 달할 것으로 추정된다고 전했다.
지난 5월 풍계리 핵 실험장 폐기 현장을 취재하기 위해 북한을 방문한 외신 기자들은 갈마 호텔에 머물며 명사십리 해안 인근에 조성된 호텔과 고급 주택촌, 인공 호수 등의 사진을 공유하기도 했다.?
NK뉴스는 “(원산 갈마 해안 관광 지구의)?이용 대상이 누가 될지에 대한 확정된 내용은 아직 북한 관영 매체에 보도되지 않았지만, 일각에서는 김 위원장이 남북 관계 복원을 시사했던 연설에 개발 계획이 등장했다는 점을 들어 이 관광 지구가 한국 관광객들을 주요 타깃으로 한 것이라는 관측이 나오기도 했다“고 했다.?
통일부와 청와대는 이날 NK뉴스에 방북단의 원산 일정에 대해 아는 바가 없다고 밝혔다.
中 “北 핵무기 개발/한미 연합 훈련 모두 중단하는 '투트랙 접근' 제안“중국이 17일(현지 시각) 유엔 안전보장이사회 회의에서 북핵 문제 해결을 위해 북한 핵무기 개발과 한미 연합 훈련 모두를 중단하자는 '투트랙(Dual Track) 접근 법'을 강조했다고 중국 관영 신화통신이 18일 보도했다.
북한이 요구한 한미 연합 훈련의 완전 중단을 중국이 다시 언급한 것은 북 중 밀착 상황이 반영된 것으로 풀이된다.?
마차오쉬(馬朝旭) 유엔 주재 중국 대사는 이날 미국이 비핵화를 의제로 긴급 소집한 안보리 회의에서 “북한과 대결하는 것은 막다른 길이 될 것“이라면서 투트랙 접근 법을 제안했다.
그는 투트랙 접근 법을 “북한이 핵무기 탄도 미사일 프로그램을 개발을 멈추는 대신 한국과 미국도 한미 연합 훈련을 중단하는 것“이라고 설명했다.
중국은 지난해부터 북핵 문제의 단계적 동시적 해결 방안을 제시하며, 한미 연합 훈련 중단 등을 주장해 왔다.
앞서 미국은 6.12 미북 정상회담 이후 원활한 비핵화 협상을 위해 한미 연합 훈련을 중단했다.
그 결과, 8월 예정이던 을지프리덤가디언(UFG)에 잇어 한미 해병대 연합 훈련(KMEP)이 무기한 연기됐다.
그러나 비핵화 협상이 진전되지 않자 미국은 지난달 말 “한미 연합 훈련을 더는 중단할 계획이 없다“고 밝혔다.?
마차오쉬 대사는 이날 회의에서 북한의 비핵화 움직임을 긍정적으로 평가했다.
마차오쉬 대사는 “북한이 핵무기 시설을 해체하는 등 비핵화 의지를 보이는데, 모든 유엔 안보리 이사국과 관련 국가들은 이 '모멘텀(계기)' 가능성을 굳혀 나가야 한다“고 촉구했다.
미국과 국제원자력기구(IAEA) 등 국제 사회가 북한이 구체적인 비핵화 조치를 취하지 않고 있다고 지적하는 것과 대조적이다.
그는 북핵 문제 해결을 위한 3가지 방향으로 비핵화 목표 유지와, 적법한 안보 우려 해소, 대화를 제시했다.
또 “북한에 수출한 석유 제품 기록도 제출할 수 있다“며 중국이 유엔 안보리 대북 제재 결의를 성실히 이행했다고 밝혔다.
마차오쉬 대사는 18일부터 사흘 간 평양에서 열리는 남북정상회담에 관한 기대감을 보였다.
그는 “중국은 평양 남북정상회담에서 (긍정적인) 합의를 도출할 수 있기를 바란다“고 말했다.
잇어 “한반도에서 긍정적인 변화가 일어나고 있다“이라면서 “정치적 합의에? 이르기 위해 '대화'이라는 올바른 길로 가고 있다“고도 했다.
중국 측은 평양 남북정상회담에 큰 기대를 걸고 있다.
신화통신은 회담이 일정이 시작되자 논평을 내고 “이번 정상회담은 한반도 비핵화 실현을 위해 새롭ㄴ 길을 찾는 것“이라고 의미를 부여했다.
중국 관영 CCtv 등 주요 언론은 문재인 대통령이 평양 순안공항에 도착한 순간 등을 생방송으로 보도했다.",34,2740
iks_doc_2018_chosun_132,Chosun 2018 total annotated text file unicode.txt,Chosun Ilbo,조선일보,2018,2018_multi_summit,"남북정상회담, 오후 3시 45분 시작... 서훈?정의용?김여정?김영철 배석",,"정부는 18일 평양 남북정상회담 첫 회담이 예정대로 시작됐다고 밝혔다.
남북정상회담 준비 위원회는 이날 공지를 통해 이 같이 밝히고 “우리 측 배석자는 서훈 국가정보원장, 정의용 청와대 국가 안보실장“라고 설명했다.?
남북 정상회담은 이날?오후 3시 30분부터 평양 북한 노동당 본부 청사에서 90분 간 진행될 예정이었지만, 15분 가량 늦어진 3시 45분에 시작됐다.?
북측 배석자는 북한 노동당 중앙 위원회 김영철 부위원장, 김여정 제 1 부부장이다.?
문재인 대통령과 김정은 북한 국무위원장은 회담에 앞서 모두 발언을 했다.
이들 발언은 오후 6시 30분경 언론에 공개될 예정이라고 정상회담 준비위는 전했다.",6,343
iks_doc_2018_chosun_133,Chosun 2018 total annotated text file unicode.txt,Chosun Ilbo,조선일보,2018,2018_multi_summit,"김정숙 여사, 리설주와 함께 아동 병원 음악 대학 방문",,"문재인 대통령과 함께 평양을 방문한 김정숙 여사의 18일 평양 일정에 리설주 여사가 동행했다.
북측 '퍼스트 레이디'가 우리 영부인을 에스코트하는 것은 역대 정상회담 중 처음이다.?
윤영찬 청와대 국민 소통 수석은 이날 오후 서울 동대문디자인플라자(DDP)에서 브리핑을 열고 “김 여사가 아동 병원을 방문하는데 리설주 여사가 동행한다“고 밝혔다.?
윤 수석에 따르면 김 여사는 이날 오후 2시 30분쯤 어린이를 대상으로 한 종합 의료 봉사 시설인 옥류 아동 병원을 방문해 방명록에 사인을 한 뒤 엑스레이(X/ray), CT(컴퓨터 단층 촬영)실을 둘러보고 체육 지도실에서 아이들과 간단한 체육 체험을 한 것으로 전해졌다.?
잇어 김 여사와 리설주는 오후 3시부터 북한 최고의 전문 음악인 양성 대학인 '김원균명칭음악종합대학'을 방문해 최태영 총장의 영접을 받았다.
두 여사는 수업을 참관한 뒤 오케스트라 공연을 관람했다.?
윤 수석은 이번 음악종합대학 방문에는 작곡가 김형석 씨와 가수 에일리, 지코가 동행한다고 전했다.?
그는 “김 여사와 리설주는 음악을 공부했다는 공통점을 갖고 있다“며 “이번 경우는 우리 측에서 어디를 갔으면 좋겠다는 의사 표현을 한 것 보다는 북측에서 이런 장소를 제공하겠다고 의사 표현을 한 것으로 보인다“고 설명했다.?
김 여사는 이튿날인 19일 예체능 분야 영재 교육 기관인 만경대학생소년궁전을 참관할 예정이다.
이날도 리설주가 동행할지 관심이 집중되고 있다.?",10,723
iks_doc_2018_chosun_134,Chosun 2018 total annotated text file unicode.txt,Chosun Ilbo,조선일보,2018,2018_multi_summit,"“남북 정상, 백두산 방문 가능성 삼지연 일대 비상 경비 태세“",,"평양에서 3차 남북 정상회담이 열리고 있는 가운데, 문재인 대통령과 김정은 북한 국무위원장이 함께 백두산에 오를 가능성이 제기됐다.?
미국 자유아시아 방송(RFA)은 18일 일본 언론 매첸 '아시아프레스'의 이시마루 지로 오사카 사무소 대표를 인용해 “양강도 혜산에서 삼지연 구간까지 대규모 도로 정비 작업이 이루어지고 일대가 비상 경비 태세에 들어갔다“며 이 같이 보도했다.
백두산은 양강도 삼지연군과 중국 지린성 경계에 있는 산이다.
이시마루 대표는 “도로 정비 작업에는 공장과 정부 기관, 인민반 주민이 대거 동원됐다.
중앙 정부와 양강도의 고위 간부도 삼지연에 집결하는 것으로 알려졌다“며 “양강도 일대에는 공안 기관과 국경 경비대가 총동원돼 주민 통제를 강화하고 있다. 북?중 국경도 경계 태세에 들어갔다“고 했다.
이시마루 대표는 문 대통령의 백두산 방문이 성사되면 김 위원장이 동행할 가능성이 크다고 지적했다.
이시마루 대표는 “그렇게 되면 1호 행사“라며 “양강도 주민들도 갑자기 도로 보수에 총동원되면서 김 위원장과 문 대통령이 올 것으로 보고 있다“고 전했다.
1호 행사는 북한의 지도자와 직접적으로 연관된 행사를 뜻한다.?
이시마루 대표는 그러면서 “백두산 주변에는 삼지연비행장과 혜산시의 황수원비행장이 있다“며 “기상 악화로 삼지연비행장을 이용할 수 없을 경우, 황수원 비행장에 착륙해 차량으로 삼지연을 거쳐 백두산에 가는 방안을 위해 서둘러 혜산과 삼지연 구간의 도로 보수에 나선 것으로 보인다“고 분석했다.
문 대통령은 앞서 4.27 남북 정상회담 환영 만찬에서 “내가 오래 전부터 이루지 못한 꿈이 있는데 바로 백두산과 개마고원을 트래킹하는 것“이라며 “김정은 위원장이 그 소원을 꼭 들어 줄 것이라고 믿는다“고 말한 바 있다.?",10,871
iks_doc_2018_chosun_135,Chosun 2018 total annotated text file unicode.txt,Chosun Ilbo,조선일보,2018,2018_multi_summit,대기업 총수 면담한 北 리룡남은 외자 유치 담당하는 경제 총괄 실세,,"문재인 대통령과 함께 방북한 재계 경제인들은 18일 오후 리룡남 북한 경제 담당 내각 부총리와 면담했다.
문 대통령 특별 수행원으로 이날 북한 평양에 도착한 재계 인사는 이재용 삼성전자 부회장을 비롯해 최태원 SK 그룹 회장, 구광모 LG 그룹 회장, 김용환 현대 자동차 부회장 등 4개 그룹 총수들과 현정은 현대그룹 회장, 이재웅 쏘카 대표, 장병규 4차 산업 혁명 위원장, 최정우 포스코 회장, 신한용 개성공단기업협회장, 이동걸 산업 은행 총재 등 총 17 명이다.",2,262
iks_doc_2018_chosun_136,Chosun 2018 total annotated text file unicode.txt,Chosun Ilbo,조선일보,2018,2018_multi_summit,리룡남 북한 경제 담당 내각 부총리,,"이들이 만난 리룡남 부총리는 북한의 내각 부총리 9명 중 한 명으로 북한 경제를 총괄하는 '경제통'으로 알려져 있는 인사다.
북한에서 손꼽히는 대외 경제 전문가로 현재 북한의 외자 유치와 대외 경제 협력을 담당하고 있다.
1960년생인 리 부총리는 중국 베이징외국어대를 나와 1994년 싱가포르 대사관 경제 담당 서기관으로 본격적인 활동을 시작했다.
그 뒤 북한 무역성(현 대외 경제성) 부상, 조선국제무역촉진 위원회 제1 부위원장, 내각 무역상 등을 지냈다.
2008년 최연소 무역상(장관급)에 오른 리 부총리는 2016년 6월 내각 부총리로 임명되면서 김정은 정권의 주요 인사로 부상했다.
리 부총리는 지난 러시아월드컵 폐막식과 인도네시아 아시안게임 개회식 등에 참석하면서 대외 활동을 활발히 하고 있다.
아시안게임 당시에는 이낙연 국무총리와 함께 남북 선수단을 응원하기도 했다.
우리 재계 인사들과 리 부총리의 만남서 남북 경제 협력과 대북 투자 등이 논의될 것이라는 관측이 나온다.
철도 도로 전력 등 사회 간접 자본(SOC) 및 경제 교류 협력, 원산과 금강산 등 국제 관광 지대와 평양 남포 등 첨단 기술 개발 구역 투자 등이 테이블에 오를 것이라는 전망이다.
일각에서는 북측이 먼저 남측 기업 총수들과의 면담을 제안했다는 말도 나온다.
과거 정상회담에서는 차관급 인사들이 우리 경제인들을 만났는데, 리 부총리가 북한의 부총리급 인사로서는 최초로 우리 경제인들을 만난다는 점에서 북한이 남북 경협을 중요하게 여기고 있다는 해석이 가능하다.
그러나 국제 사회가 북한을 여전히 제재하고 있다는 점을 감안하면 리 부총리와 우리 재계 인사들이 남북 경협과 대북 투자 등과 관련해 구체적인 논의를 하기는 어렵다는 지적도 나온다.
임종석 청와대 비서실장은 앞서 지난 17일 브리핑에서 “(북한에 대한) 엄격한 제재가 국제 사회로부터 취해지고 있어, 실행할 수 있는 것과 못 하는 것 사이 뚜렷한 경계가 있다“며 “과거 두 차례 정상회담 때도 대기업 총수들이 여러 경제인과 방북했기 때문에 특별한 경우라고 생각하지 않는다“고 했다.
윤영찬 청와대 국민소통수석은 이날 브리핑에서 “제재로 인해 경협 한계는 있을 수 있지만, 멀리 보고 미래의 가능성을 열어 두고 본다면 경제인 역할에 앞으로 기대가 있을 수밖에 없다“며 “이번 만남에서는 현실적으로 당장 가능한 영역보다 미래 가능성에 대한 타진이 있지 않을까 예측한다“고 했다.",14,1188
iks_doc_2018_chosun_137,Chosun 2018 total annotated text file unicode.txt,Chosun Ilbo,조선일보,2018,2018_multi_summit,"[화보] 남북정상회담 열린 날, 우리 카메라에 찍힌 평양의 여성들",,"문재인 대통령과 김정은 북한 국무위원장의 3차 남북정상회담이 열린 18일 평양 시내엔 카퍼레이드 행렬에 참여하지 않은 시민들의 다양한 모습이 포착됐다.
평양에서 만난 여성들은 대부분 검정색이나 흰색 계통의 의상으로 화려하진 않지만 깔끔한 패션을 추구했다.
이른바 '리설주(김정은 위원장의 부인) 스타일'이다.
문 대통령 내외를 영접하러 평양 순안공항에 나온 리설주도 이날 감청 색 투피스 정장 차림이었다.",4,226
iks_doc_2018_chosun_138,Chosun 2018 total annotated text file unicode.txt,Chosun Ilbo,조선일보,2018,2018_multi_summit,"文 대통령/김정은, 무개차 안 '차중 회담'... DJ/김정일에 잇어 두 번째",,"문재인 대통령은 18일 남북정상회담 본회담에 앞서 카퍼레이드 후 백화원 초대소 건물에 들어오기 전까지 무개차 안에서 김정은 북한 국무위원장과 담소를 나눴다고 청와대가 밝혔다.
2000년 남북정상회담 당시 김대중 전 대통령과 김정일 전 북한 국방위원장 사이의 비공식 '차중(車中)회담'을 떠올리게 하는 또 한 번의 차중 회담인 셈이다.
이 차량 안에는 주영훈 청와대 경호처장과 북측 운전자가 탑승하고 있었다.
김의겸 청와대 대변인은 이날 오후 서면 브리핑에서 “양 정상은 평양 도심이 시작되는 곳인 련못관에서 차를 세우고 내려 무개차에 함께 올라타서 여명거리를 지나 백화원 초대소(영빈관)까지 들어왔다“며 “(백화원 초대소로 가는 길에)양 정상은 무개차에 서서 오다가 여명거리가 끝날 무렵 환영 인파가 없는 곳에서는 자리에 앉아 담소를 나누며 백화원 초대소까지 들어왔다“고 말했다.?
김 대변인은 두 정상이 무개차 안에서 얼마나 오랫동안 담소를 나눴는지는 전하지 않았다.
한편, 김 대변인은 “그 무개차의 운전은 북측 호위 당국이 맡았고, 조수석에 선탑은 주영훈 경호처장이 앉았다“며 “경호처의 한 관계자는 김정은 국무위원장의 경호와 직결된 문젠데도 북측의 호위 당국의 배려로 우리 측 경호 책임자가 선탑을 하게 됐다고 설명했다“고 덧붙였다.",6,638
iks_doc_2018_chosun_139,Chosun 2018 total annotated text file unicode.txt,Chosun Ilbo,조선일보,2018,2018_multi_summit,文 대통령 “평양 방문은 처음이지만 북한은 5번째 방문“,,"문재인 대통령이 18일 평양 순안공항 도착 직후 기내에서 “육지가 보일 때부터 내릴 때까지 북한 산천과 평양 시내를 죽 봤다.
보기에는 갈라진 땅이라고 전혀 느낄 수 없었다“며 “역시 우리 강산이라는 느낌이 들었다“고 말했다.
김의겸 청와대 대변인의 서면 브리핑에 따르면 문 대통령은 “평양 방문은 처음이지만 북한은 5번째 방문“이라며 “금강산에서 어머님을 모시고 이산가족 상봉을 했고, 개성을 방문했고, 김정은 국무위원장과 판문점 통일각에서 2차 회담을 했다.
(웃으며)판문점 1차 회담 때 '깜짝 월경'까지 하면 모두 5번“이라고 했다.
그러면서 “나는 백두산에 가긴 가되 중국이 아닌 북쪽으로 올라가겠다고 공언해 왔다“며 “중국 동포가 백두산으로 나를 여러 번 초청했지만 내가 했었던 말 때문에 늘 사양했었는데, 그 말을 괜히 했나 보다 하고 후회하곤 했다“고 말했다.?
문 대통령은 순안공항에서 환영 행사를 마치고 숙손 백화원에서 정의용 청와대 국가 안보실장, 서훈 국가정보원장 등과 점심 식사를 시작했다.
문 대통령은 점심 식사 도중 조명균 통일부 장관, 강경화 외교부 장관, 송영무 국방부 장관도 불러 함께 식사하면서 평양에서의 첫 정상회담 사전 준비를 한 것으로 전해졌다.?
文 “평화 결실 보여 주자“金 “진전 나올 수 있겠다 생각“文 대통령 “전 세계인에게도 평화와 번영의 결실을 보여 줬으면“?",8,678
iks_doc_2018_chosun_140,Chosun 2018 total annotated text file unicode.txt,Chosun Ilbo,조선일보,2018,2018_multi_summit,"김정은 “문 대통령의 지칠 줄 모르는 노력 때문에 북남 관계, 조미 관계가 좋아졌다“","노동당사 방명록에 “평화?번영으로 겨레의 마음은 하나, 대한민국 대통령“작성","문재인 대통령은 18일 김정은 북한 국무위원장과 오후 3시 45분부터 오후 5시 45분까지 2시간 동안 북한 노동당 중앙 위원회 본부 청사에서 정상회담을 진행했다.?
이날 회담에는 우리 측에서 정의용 국가 안보실장과 서훈 국가정보원장이 배석했고, 북측에서 북한 노동당 김영철 부위원장과 김여정 중앙위 제1 부부장이 배석했다.?
문 대통령은 모두 발언에서 “판문점의 봄이 평양의 가을이 됐다“며 “다섯 달 만에 세 번을 만났는데 돌이켜 보면 평창 동계 올림픽, 또 그 이전에 김 위원장의 신년사가 있었고, 그 신년사에는 김 위원장의 대담한 결정이 있었다“고 말했다.
그러면서 “(지금까지의) 이 과정은 김 위원장의 결단에 의한 것이었고, 새롭ㄴ 시대를 열고자 하는 김 위원장의 결단에 사의를 표한다“고 말했다.
잇어 “평양 시내를 오다 보니 평양이 놀랍게 발전돼 있어 놀랐다.
산에도 나무가 많았다“며 “어렵ㄴ 조건에서 인민의 삶을 향상시킨 김 위원장의 리더십에 경의를 표하며 기대하는 바가 크다“고 했다.?
문 대통령은 “우리가 지고 있고 져야할 무게를 절감하고, 무겁ㄴ 책임감을 느낀다“며 “8 천만 겨레에 한가위 선물로 풍성한 결과를 남기는 회담이 되길 바란다“고 말했다.
잇어 “전 세계도 주시하고 있고, 전 세계인에게도 평화와 번영의 결실을 보여 줬으면 좋겠다“고 했다.?
또 “김정은 위원장과 리설주 여사, 평양 시민들의 열렬한 환대에 감사 드린다“며 “정말 기대 이상으로 환대해 주셨다“고도 했다.?
이에 앞서 김정은은 모두 발언에서 “문 대통령님을 세 차례 만났는데, 제 감정을 말씀 드리면 '우리가 정말 가까워졌구나' 하는 것“이라고 말했다.
잇어 “또 큰 성과가 있었는데, 문 대통령의 지칠 줄 모르는 노력 때문“이라며 “북남 관계, 조미 관계가 좋아졌다“고 말했다.?
김정은은 “역사적인 조미 대화 상봉의 불씨를 문 대통령께서 찾아 줬다“며 “조미 상봉의 역사적 만남은 문 대통령의 덕이라고 해도 과언이 아니다“라고 했다.?
잇어 “이로 인해 주변 지역 정세가 안정되고, 앞으로 조미 사이에서도 계속 진전된 결과가 나올 수 있겠다고 생각했는데“라고 했다.
김정은이 이 뒤에 덧붙인 말은 취재진에게 잘 들리지 않아 확인할 수 없었다.?
다만 김정은은 모두 발언 말미에 “문 대통령께서 기울인 노력에 다시 한 번 사의를 표한다“고 했다.?
이날 김정은은 문 대통령을 노동당 본부 청사 현관 밖으로 나와 맞았다.
김정은은 차에서 내린 문 대통령과 악수하며 “환영합니다“라고 말했다.?
문 대통령은 건물 1층 로비에 도열한 김영철, 최룡해, 박광호, 리수용, 김평해, 오수용, 안정수, 최휘 등 8명의 노동당 부위원장단과 각각 악수를 나눴고, 김정은과 기념 사진을 촬영했다.?
문 대통령은 노동당 본부 청사에 입장해 로비에 마련된 방명록에 “평화와 번영으로 겨레의 마음은 하나!
2018.9.18 대한민국 대통령 문재인“이라고 썼다.
두 정상은 계단을 통해 2층 회담장으로 이동했다.
북측은 우리 측 취재진에도 회담장 입장을 잠시 허용했다.
노동당 본부 청사가 우리 측 취재진에 공개된 것은 이번이 처음이다.",23,1522
iks_doc_2018_chosun_141,Chosun 2018 total annotated text file unicode.txt,Chosun Ilbo,조선일보,2018,2018_multi_summit,현정화 만난 리설주 “손 좀 한 번 잡아 봅시다“,,"18일 문재인 대통령과 김정은 북한 국무위원장의 정상회담이 진행되는 동안 김정숙 여사와 리설주는 옥류아동병원 방문 등 별도의 일정을 소화했다.
남북 퍼스트 레이디들이 함께 공동 일정을 소화하는 것은 처음 있는 일이다.
김 여사는 이날 오후 3시 3분쯤 평양 문수 지구에 위치한 옥류아동병원에 모습을 드러냈다.
옥류아동병원은 2013년 개원한 평양 유일의 어린이 종합 병원으로, 북한의 최고 급 아동 치료 시설로 손꼽힌다.
6층 규모의 병원에는 200여 명의 의사가 근무하고 있는 것으로 전해졌다.
30분 전쯤 전에 도착해 김 여사를 기던 리설주가 병원 건물 앞에서 김 여사를 맞았다.
병원의 여성 직원인 김은성 지도원이 김 여사에게 꽃다발을 건넸다.
김 여사가 병원 건물 안으로 들어가자 도열해 있던 병원 관계자들이 박수를 쳤다.
김 여사는 이들과 일일이 악수하며 인사했다.
김 여사와 리설주는 나란히 걸으면서 병원 내부를 둘러봤다.
김 여사는 외래 환자 대기실에서 어린이 환자와 보호자들과 대화를 나누기도 했다.
김 여사는 발달 장애 아동들을 위한 학습 공간인 회복 치료실 등에 들러 아이들과 대화를 나눴다.
김 여사는 함께 병원을 찾은 특별 수행원들을 리설주에게 소개해 주기도 했다.
리설주는 가수 알리에게 “전에 한 번 오셨었지요?“라고 했고, 가수 알리는 노랗게 염색한 자신의 머리카락을 의식한 듯 “머리가 너무 노랗지요“라며 웃었다.
리설주는 평창동계올림픽 아이스하키 남북 단일팀 주장이었던 박종아 선수에게는 “온 겨레에 큰 감동을 선사했다“고 했고, 현정화 한국마사회 탁구단 감독에게는 “손 좀 한 번 잡아 봅시다. 여성들이 남북 관계에 앞장서고 있다“고 했다.
마술사 최현우씨는 리설주에게 자신을 '요술사'이라고 소개했고, 이에 리설주가 “제가 없어지나요?“라고 말해 다 함께 웃는 장면이 연출되기도 했다.
김 여사는 리설주에게 가수 지코를 소개하며 “이번 방북단에서 가장 핫한 사람“이라고 말하기도 했다.
김 여사와 리설주는 잇어 오후 3시 30분쯤 김원균명칭음악종합대학을 방문했다.
김원균명칭음악종합대학은 북한 내 최고 음악 분야 종합 교육 기관이다.
김 여사와 리설주는 최태형 김원균명칭음악종합대학 총장의 영접으로 대학 방문 일정을 시작했다.
김 여사는 문 대통령과 결혼하기 전까지 서울시립 합창단에 소속돼 있었고, 리설주는 북한 은하수관현악단에서 독창 가수로 활동했었다.
두 퍼스트 레이디 모두 음악에 조예가 깊어 교감할 수 있는 부분이 많을 것이라는 관측은 예전부터 나왔었다.
김 여사와 리설주는 음악 수업을 함께 참관했다.
김 여사는 수업실 방문 뒤 최 총장에게 “등록금은 얼마어요?“라고 물었고, 최 총장은 “등록금이 무슨 말씀입니까. 저는 무슨 말인지 모르겠습니다“라고 답했다.
김 여사는 음악당 건물로 가는 길에 왕다래 열매를 보고는 리설주에게 “계절이 바뀌는 것을 꽃과 과일 등 자연을 보며 느낀다“며 “한반도의 평화와 번영에 대한 의지를 세계에 보여 준 것이 5개월이 지났다. 이렇게 풍성하게 열린 가을 과일처럼 이번 정상회담에서도 좋은 결실이 맺어지면 좋겠다“고 말했다.
이에 리설주는 “저도 지금 하고 있는 회담이 정말 잘 됐으면 좋겠다“고 화답했다.
김 여사와 리설주는 잇어 음악당에서 오케스트라 공연을 관람했다.
아리랑 등 3 곡이 연주됐다.
합창단은 '우리는 하나'를 추가로 불렀다.
김 여사와 리설주는 노래를 따라 불렀고, 서로 귓속말을 하기도 했다.
특별 수행원으로 함께 자리한 작곡가 김형석은 음악당 공연 뒤 “아리랑을 편곡한 음악이 참 좋았다.
오케스트라와 합창, 가야금의 조화가 몰입감을 주기도 하고 웅장함에 압도되기도 했다“며 “한 가지?바람이 있다면 내년 3.1절이 100주년을 맞이하는데, 그때 통일을 주제로 남북의 음악인들이 함께 부를 수 있는 노래를 함께 만들자고 제안하고 싶다“고 했다.
김 여사와 리설주는 오후 4시 7분쯤 건물 밖으로 나왔고, 김 여사는 리설주에게 “또 만납시다“라고 인사한 뒤 대기하던 차량에 올랐다.
김 여사를 배웅한 리설주도 뒤이어 대기 중이던 차량에 탑승했다.",34,1986
iks_doc_2018_chosun_142,Chosun 2018 total annotated text file unicode.txt,Chosun Ilbo,조선일보,2018,2018_multi_summit,"이재용, 北 경제 부총리 만나 “마음에 벽 있었는데... 이것이 한 민족이구나 느꼈다“","특별 수행원 방북 경제인들, 리용남 북한 경제 부총리 면담 남북 관계 발전을 통한 경제 협력 희망 의사 내비쳐","3차 남북정상회담 특별 수행원으로 평양을 방문한 이재용 삼성전자 부회장은 18일 리용남 북한 내각 부총리와의 면담에서 “이번 기회에 더 많이 알고, 신뢰 관계를 쌓는 기회가 되길 바란다“고 말했다.
이 부회장은 “평양은 처음 와 봤다.
마음에 벽이 있었는데 이렇게 와서 직접 보고 경험하고, 여러분을 뵙고 하니까 (벽이 사라졌다)“라며 이 같이 말했다.
이 부회장은 잇어 “우연히 보니 평양 역 건너편 새로 짓은 건물에 '과학 중심 인재 중심'이라고 써 있었다.
삼성의 기본 경영 철학이 '기술 중심 인재 중심'“이라며 친근감을 표현했다.
그러면서 “세계 어디를 다녀 봐도 한글로 그렇게 써 있는 것을 본 적이 없는데 처음 경험했다.
'이것이 한 민족이구나'라고 느꼈다“고 덧붙였다.
이에 리 부총리는 “이재용 선생은 여러 가지 측면에서 아주 유명한 인물“이라면서 “평화와 번영, 통일을 위해서도 유명한 인물이 되시길 바란다“고 화답했다.?
이날 리 부총리 면담에는 이 부회장을 비롯해 최태원 SK 회장, 구광모 LG 회장, 김용환 현대 자동차 부회장 등 4대 그룹 총수가 참석했다.
박용만 대한상공회의소장과 손경식 한국경영자총협회장, 박성택 중소기업중앙회장 등 경제 단체장도 자리했다.
리 부총리는 북한의 대외 경협 분야를 책임자는 실세 경제 관료로 알려져 있다.
최태원 회장은 “2007년에 왔었는데 11년 만에 오니까 많은 발전이 있는 것 같다“면서 “건물도 많이 높아졌지만 나무들도 많이 자라난 것 같다.
상당히 보기 좋았다“고 인사했다.
구광모 회장은 자신을 소개하면서 “LG는 전자, 화학, 통신 등의 사업을 하는 기업이다.
좋은 기회를 주셔서 감사하다“고 말했다.
경제인 소개를 맡은 김현철 청와대 대통령 경제 보좌관은 “(LG 그룹의)선대 회장이 두 번 다 북에 다녀갔다.
새롭ㄴ 회장이 되신 분“이라고 추가적으로 설명했다.
박용만 회장은 “서울에서 여기까지 1시간이 걸렸다.
지리적으로 이렇게 가깝ㄴ데 심리적으로 거리가 상당했다“며 “2007년 기업인들이 평양을 방문한 이후 11년 만에 다시 왔다.
그 사이 남북 관계도 여러 가지 변화가 많고, 할 일도 많다“고 했다.
박 회장은 잇어 “오늘은 공동의 번영을 위한 자리도 좋고, 인식의 거리를 좁히는 자리도 좋고, 그런 자리가 됐으면 좋겠다“고 덧붙였다.
대북 사업을 추진했었던 기업들은 남북 관계 개선돼 사업이 재개됐으면 하는 희망 의사를 내비쳤다.
현정은 현대그룹 회장은 “남북 관계가 안 좋으면 늘 마음이 아팠다“며 “남북정상회담이 잘 되고 북미정상회담도 잘 돼서 금강산도 풀리고 (사업을) 빨리 시작했으면 좋겠다“고 말했다.
이에 리 부총리는 “현 회장 일이 잘되길 바라는 마음은 예나 지금이나 똑같다“고 답했다.
신한용 개성공단기업협회장은 “우리 민족의 3 대 경협 사업이 금강산 관광 사업, 개성 공단 개발, 철도 도로 연결 사업“이라며 “사업이 전면 중단된 상태에서 새롭ㄴ 시점에 오게 된 것을 아주 뜻 깊게 생각한다“고 말했다.
신 회장은 잇어 “여기 계신 모든 분들이 민족의 3 대사업을 다시 세울 수 있는 계기가 됐으면 좋겠다“며 “민족의 경협 사업이 무궁무진하게 발전되는 계기가 되기를 간절히 희망한다“고 했다.
박성택 회장도 “개성 공단도 폐쇄됐는데, 조속히 개방되면 좋겠다“고 했다.
오영식 한국철도 공사 사장은 “저도 (평양에)처음 오는데 비행기를 타고 평양에 왔다.
철도 공사 사장이 기차를 타고 와야 하는데“라고 말해 좌중이 웃게 했다.
그는 잇어 “남북 관계가 개선되고 한반도 평화가 정착돼 철도도 연결됐으면 좋겠다“면서 “지난 4.27 남북 정상회담 간의 합의를 추진함로써 철도가 한반도 평화와 번영을 만드는 데 기여했으면 좋겠다“고 했다.
이에 리 부총리는 “북남 관계 중 철도 협력이 제일 중요하고 큰 자리를 차지하고 있다“면서 “앞으로 1년에 몇 번씩 와야 할 것“이라고 화답했다.
안영배 한국관광공사 사장은 “남한 관광, 북한 관광 이렇게 따로 할 것이 아니라 한반도 관광으로 민족 공동 번영을 위한 관광을 했으면 좋겠다“며 “앞으로 교류가 본격화 되면 저희가 평양에서 함께하는 한반도 관광 시대를 열어 가겠다“고 말했다.
김정숙 여사, 北 음악 대학에서 북한 혁명 가극 '꽃 파는 처녀' 관람 평양 남북정상회담을 계기로 문재인 대통령과 함께 방북한 김정숙 여사가 18일 김정은 북한 국무위원장 부인 리설주 여사와 함께 북한 혁명 가극인 '꽃 파는 처녀'의 한 대목을 감상했다.
김 여사와 리설주는 이날 오후 3시 30분쯤 평양의 김원균명칭음악종합대학을 방문해 음악 수업을 참관한 뒤, 대학 내 공연장인 음악당에서 오케스트라 공연을 관람했다.
이 공연에서는 '아리랑'을 비롯한 몇 곡이 연주됐는데 이 중 '꽃 파는 처녀'의 한 대목이 나온 것.?
이 곡을 부른 여성 성악가는 꽃 바구니를 들고 무대 위에 올라 '꽃 파는 처녀'의 메인 테만 '꽃 파는 처녀'를 독창했다.
이 성악가가 '꽃 사시오 / 꽃 사시오 / 어여쁜 빨갛ㄴ 꽃 / 향기롭고 빛깔 곱ㄴ / 아름답ㄴ 빨갛ㄴ 꽃'으로 진행되는 한 대목을 부르는 모습은 우리 측 취재진 카메라에 담겼다.
리설주는 이를 따라 부르고, 김 여사는 리설주가 따라 부르는 모습을 지켜 보는 모습도 카메라에? 담겼다.?
'꽃 파는 처녀'는 북한 5대 혁명 가극 중 하나로, 김일성이 10월 혁명 13주년을 기념하기 위해 직접 제작했던 작품을 1972년 김정일의 지도하에 각색한 것으로 알려졌다.
주인공인 '꽃분이' 일가가 가난 때문에 겪는 고통과 슬픔, 지주와의 갈등이 묘사되며, 조선인민혁명군에 입대한 오빠의 영향을 받아 꽃분이의 세계관이 변화하는 과정이 담겼다.",40,2749
iks_doc_2018_chosun_143,Chosun 2018 total annotated text file unicode.txt,Chosun Ilbo,조선일보,2018,2018_multi_summit,의전의 격(格)은 높아졌지만 “퍼포먼스보다는 비핵화 내용 주목해야“,,"북한은 18일 평양에서 열린 3차 남북 정상회담에서 이전 정상회담보다 '격(格)'이 높아진 의전을 보였다.
김대중 노무현 전 대통령 방북 당시에는 없었던 예포 발사 행사를 열었고, 평양 주민들 앞에서 양 정상이 함께 카퍼레이드를 하기도 했다.
국제 사회가 북한에 대해 품은 의구심을 강력한 퍼포먼스로 덮겠다는 의도다.
정부 안팎에서는 “그래도 의전의 격이 높아진 것은 좋은 징조“라면서도 “퍼포먼스보다는 19일 발표될 합의문에 비핵화 의지가 얼마나 담길지 주목해야 한다“는 지적이 나왔다.
북한의 문 대통령 의전은 공항에서부터 시작됐다.
김정은 북한 국무위원장 부부가 나란히 나와 문 대통령을 맞이했는데 윤영찬 청와대 국민 소통 수석은 “김정은 위원장 부부가 공항에 영접을 나온 것은 이번이 처음“이라고 했다.
지난 2000년 김대중 전 대통령 방북 당시에는 김정일이 홀로 공항 영접을 나왔었다.
공항 의전 행사에서는 처음으로 '국가 원수' 예우의 의미가 담긴 예포 21발이 발사됐다.
의장대는 문 대통령을 향해 '각하'라고 호칭하기도 했다.
역시 김대중 노무현 전 대통령 방북 당시에는 없었던 모습이다.
문 대통령은 김정은과 숙손 백화원 영빈관으로 향하는 길에 무개차에 올라 카퍼레이드를 하기도 했다.
정부 관계자는 “외국 수반 급 중에서도 최고 예우를 갖춰야 하는 국빈 급에 대한 대접“이라고 했다.
정상회담이 노동당 본부 청사에서 열린 것도 극진한 의전 중 하나였다고 정부는 밝혔다.
정부 관계자는 “노동당 본부 청사는 북한 최고 지도자만을 위한 건물“이라고 했다.
이런 잇따른 북한의 의전에 문 대통령은 김정은에게 직접 “오늘 아주 최고의 환영과 영접을 받았다“고 했다.
정부는 이와 같은 의전이 북한이 비핵화 의지를 간접적으로 보인 것이라고 해석했다.
한 정부 관계자는 “북한이 정상 국감를 대외적으로 과시하고 그만큼 비핵화에 강력한 의지가 있음을 행동으로 보인 것“이라고 했다.
하지만 이런 북한의 의전은 '껍데기'일 뿐이라는 지적이 나왔다.? 남성욱 고려대 교수는 “퍼포먼스 전문가 집단인 북한이 의전으로 비핵화 의지를 보여 준 것“이라며 “자신들의 비핵화 의지를 간접적으로 강조하고 '비핵화가 안 되는 것은 미국 탓'이라는 메시지를 주고 있다“고 했다.
남 교수는 “중요한 것은 격이 높아진 의전이 아니라 내용“이라며 “퍼포먼스에 빠져선 안 되고 19일 비핵화 관련 합의 내용을 봐야 한다“고 했다.",19,1183
iks_doc_2018_chosun_144,Chosun 2018 total annotated text file unicode.txt,Chosun Ilbo,조선일보,2018,2018_multi_summit,靑 “오늘 정상회담 브리핑 없다 내일 회담 결과 합해 발표“,,"청와대는 18일 문재인 대통령과 김정은 북한 국무위원장의 첫날 북 정상회담과 관련해 브리핑을 하지 않는다고 밝혔다.
청와대는 이날 온라인 프레스 센터 인포넷을 통해 “첫날 정상회담 브리핑은 오늘 하지 않을 예정“이라며 “내일(19일) 두 정상 간 추가 회담으로 이어지므로 그 결과에 합해서 발표될 것“이라고 말했다.
문 대통령과 김정은은 이날 오후 3시 45분부터 오후 5시 45분까지 2시간 동안? 북한 노동당 중앙 위원회 본부 청사에서 정상회담을 진행했다.
회담에서 두 정상의 모두 발언은 공개됐지만, 이후 발언들은 모두 비공개로 진행됐다.
이날 회담에는 우리 측 정의용 국가 안보실장과 서훈 국가정보원장이 배석했고, 북측에서 북한 노동당 김영철 부위원장과 김여정 중앙위 제1 부부장이 배석했다.
문 대통령과 김 위원장은 19일 오전에도 정상회담을 잇어 갈 계획이다.",6,431
iks_doc_2018_chosun_145,Chosun 2018 total annotated text file unicode.txt,Chosun Ilbo,조선일보,2018,2018_multi_summit,"文 대통령 “한반도 완전한 비핵화 중요 의제“김정은 “北 南, 좌고우면 말고 앞으로 나가야“",,"문재인 대통령과 김정은 북한 국무위원장은 18일 평양 남북정상회담 환영 만찬에서 남북 관계 개선과 평화 번영을 위한 남북 간 협력을 강조했다.
김정은은 환영사에서 “우리의 전진 도상에는 여전히 많은 난관이 있지만, 북과 남이 뜻과 힘을 합쳐 좌고우면하지 않고 앞으로 나갈 때 길은 열릴 것“이라고 했다.
문 대통령은 답사를 통해 “김정은 위원장과 머리를 맞대고 마음을 모아 남북 사이에 군사적 긴장과 전쟁 공포를 완전히 해소하는 방안을 논의하겠다“고 했다.
문 대통령은 '한반도의 완전한 비핵화'를 언급하기도 했다.
김정은은 이날 저녁 평양 시내 국빈용 연회장인 목란관에서 문 대통령 환영 만찬을 열고 환영사를 통해 “판문점 선언 이행을 위해 노심초사하시며 평화의 새 시대, 민족 번영 새 역사를 흔들림 없이 이어 나가려는 굳은 마음을 안고 평양을 방문한 문재인 대통령 내외 분을 열렬히 환영한다“며 “나는 문 대통령과의 뜻깊은 상봉이 북남 관계 획기적인 발전과 평화 번영을 지향해 나가는 우리의 전진을 더욱 가속화시키고JKB 온 겨레에게 다시 한 번 크나큰 신심과 기쁨을 안겨 주는 역사적인 계기로 되리라고 확신한다“고 말했다.
김정은은 잇어 “이번에 문재인 대통령과 함께 판문점 선언을 계승 발전시켜 나가기 위한 제반 문제들을 허심탄회하게 논의할 것“이라며 “그동안 문재인 대통령과 쌓은 신뢰가 있기에 평화롭고 번영하는 조선 반도의 미래를 열어 가는 우리의 발걸음은 더욱 빨라질 것으로 생각한다“고 했다.
“북과 남에 굽이치는 화해와 단합의 뜨겁ㄴ 열기를 더욱 고조시키기 위한 데 아낌없이 노력하겠다“고도 했다.
김정은은 지난 4.27 1차 남북정상회담 이후 지금까지의 과정에 대해 언급하며, 문 대통령에게 감사를 표했다.
김 위원장은 “우리가 판문점에서 시작한 역사적 첫 출발이 온 겨레를 불신과 대결의 늪 속에서 과감히 벗어나 화해와 평화 번영에 접어들ㅁ은 물론 이제는 그 누구도 멈출 수 없는 민족 화해와 평화 번영의 새 시대로 당당히 들어서게 된 데 대해 만족스럽게 생각한다“며 “남 모르는 고충을 이겨 내며 이러한 새 시대를 열기 위해 모든 노력을 기울인 문재인 대통령께 심심한 사의를 표한다“고 했다.
김정은은 또 “지난 몇 달을 보면서 우리는 앞으로 더 많은 일을 할 수 있다는 자신감과 용기를 갖게 됐고, 역사와 민족을 위해 더 많은 일을 해야 한다는 무겁ㄴ 사명을 더욱 절감한다“며 “(우리는) 북남 관계에서 꽃 피는 봄날과 풍요한 결실만이 있기를 만들어 나가야 한다“고 했다.
그러면서 “물론 우리의 전진 도상에는 여전히 많은 난관이 기다리고 있고, 역풍도 만만하지 않을 것“이라며 “그러나 북과 남이 서로 손을 맞잡고 뜻과 힘을 합쳐 좌고우면하지 않고 앞으로 나갈 때 길은 열릴 것이며, 우리 스스로 주인이 되는 새롭ㄴ 시대는 흔들림를 모르고 더욱 힘 있게 전진하게 될 것“이라고 했다.
문 대통령은 김정은의 환영사에 잇어 답사를 했다.
문 대통령은 “(4.27 정상회담 당시) '가을에 다시 만나자'고 우리는 약속했고, 그 약속대로 나를 평양으로 초대하고 따뜻하게 맞아 주신 김정은 위원장에게 진심으로 감사 드린다.
오가는 거리마다 뜨겁ㄴ 환영을 보내 주신 북녘 동포들께도 깊이 감사 드린다“며 답사를 시작했다.
문 대통령은 “우리는 누구도 경험해 보지 못한 미래를 만들어 갈 수 있다“며 “이를 위해 나는 김정은 위원장과 머리를 맞대고 마음을 모아 군사 경제 사회 문화 모든 분야에서 내실 있는 발전을 이루고, 남과 북 사이에 군사적 긴장과 전쟁의 공포를 완전히 해소하는 방안을 진지하게 논의하겠다“고 했다.
문 대통령은 잇어 “한반도의 완전한 비핵화와 평화 정착도 중요한 의제“라며 “항구적 평화와 평화 번영을 위한 큰 그림을 그려 가겠다“고 했다.
문 대통령은 “완전히 새롭ㄴ 결읜 만큼 여러 도전과 난관을 만날 수도 있다.
그러나 김정은 위원장과 내게는 신뢰와 우정이 있다“며 “역지사지의 자세로 서로를 이해하고 배려한다면 넘어서지 못할 어려움은 없을 것“이라고 했다.
문 대통령은 “김 위원장과 나는 다정한 연인처럼 함께 손 잡고 군사 분계선을 넘어 가고 넘어 왔던 사이“라며 “우리의 도보다리 대화는 그 모습만으로도 전 세계인들에게 큰 감동을 줬다.
남북 정상이 시간과 장소에 구애하지 않고 언제든지 편하게 만날 수 있다는 사실 자체가 남북 간 새롭ㄴ 시대가 도래했다는 것을 상징적으로 보여 준다“고 했다.
문 대통령은 “마침 우리 민족이 가장 좋아하는 한가위 추석이 다가오고 있다“며 “우리의 만남이 북과 남의 국민 모두에게 최고의 한가위 선물이 되길 기원한다“고 했다.
문 대통령은 또 “오늘 도착해 보니 평양의 발전이 참으로 놀랍다.
대동강변을 따라 늘어선 고층 빌딩과, 평양 시민들의 활기찬 모습이 아주 인상적이었다“며 “과학과 경제를 발전시켜 주민들의 삶을 나아지게 하려는 김 위원장의 지도력과 성취를 알ㄹ 수 있었다.
남북이 서로 자유롭게 오가며 서로 돕고 함께 발전한다면 온 세상이 깜짝 놀라게 될 것“이라고 했다.
문 대통령은 “지난번 판문점에서 우리는 남북 관계에서 새롭ㄴ 시대를 열었고, 불과 5개월밖에 지나지 않았지만 꿈 같은 일이 시작됐다“며 아시안게임에서 메달을 딴 여자 단일 카누 대표 팀과 여자 단일 농구 대표 팀을 언급하기도 했다.
잇어 “남북이 공동 조사한 개성 만월대에서 세계 최초 금속 활자 세 번째 실물이 발견됐다.
북에서는 '사랑스럽다'는 '전', 남에서는 '아름답다'는 '단'으로 읽는 글자“라며 “다음 주부터 공동 발굴이 재개된다.
남북이 하나 돼 역사를 되살려 내야 한다“고 했다.
김정은은 건배사로 “문재인 대통령과 김정숙 여사의 건강을 위해, 그리고 이 자리에 참석한 남측의 귀빈들과 여러분 모두의 건강을 위해 잔을 들ㄹ 것을 제의한다.
국민과 여러분 모두를 위해 건배를 제안한다“고 했다.
문 대통령은 건배사로 “김정은 국무위원장 내외의 건강과, 백두에서 한라까지 남북 8 천만 겨레의 모두의 하나 됨를 위해“라고 외쳤다.
방북 첫날 마지막 행산 환영 만찬은 오후 10시 53분쯤 끝났다.
지난 2000 2007년 정상회담 때는 김정일 당시 북한 국방위원장이 아닌 김영남 최고인민회의 상임 위원장이 환영 만찬을 주재했지만, 이날 환영 만찬은 김정은이 직접 주재했다.
김정은의 환영 만찬 주재는 문 대통령에게 보인 예우로 여겨진다.?",34,3088
iks_doc_2018_chosun_146,Chosun 2018 total annotated text file unicode.txt,Chosun Ilbo,조선일보,2018,2018_multi_summit,만찬이 열린 목란관 1층 로비에는 우리 측이 선물로 준비해 온 대동여지도가 전시됐다,,"이 지도는 이어진 길을 따라 교류 협력을 증진하고 번영과 평화를 이루자는 의미를 담았다고 청와대는 밝혔다.
김정은은 문 대통령에게 선물로 유화 작품과 풍산 개 사진을 건넸다.
유화 작품은 5.26 2차 정상회담 당시 판문점 북측 통일각에 있었던 백두산 그림을 배경으로 찍은 사진을 화폭에 옮겨 놓은 것이었다.",3,172
iks_doc_2018_chosun_147,Chosun 2018 total annotated text file unicode.txt,Chosun Ilbo,조선일보,2018,2018_multi_summit,"美 “남북정상회담, 北 비핵화 약속 이행할 역사적 기회“",,"미국 국무부는 18일(현지 시각) 제3차 남북 정상회담이 교착 상태에 빠진 북한 비핵화 협상에 돌파구를 뚫어 주기를 기대했다.
이와 함께 오는 27일엔 유엔 안전보장이사회에서 장관급 회의를 열고 북한 비핵화 문제를 논의하겠다는 뜻도 밝혔다.?
헤더 나워트 미국 국무부 대변인은 이날 정례 브리핑에서 “북한의 비핵화를 향한 의미 있고 검증 가능한(FFVD) 조치들을 보기를 희망한다“면서 이 같이 밝혔다.
그는 “우리 관점에서 이번 남북 정상회담은 김 국무위원장이 싱가포르 (미북) 정상회담에서 트럼프 대통령에게 한 약속과 판문점에서 한 약속을 의미 있고 검증 가능한 조치와 함께 지킬 역사적 기회“라고 강조했다.?
나워트 대변인은 문 대통령이 평양 순안공항에 도착한 이후 평양 시내에서 첫 카퍼레이드를 벌인 것에 대해서는 '흥미롭다'고 평가했다.?
다만, 남북 정상회담 일정이 아직 진행 중인 만큼 “앞질러 가지 않겠다“면서 구체적인 논평은 자제하겠다고 했다.?
나워트 대변인은 유엔 안보리가 오는 27일 미국 뉴욕 유엔 본부에서 장관급 회의를 열어 북한 비핵화 문제를 논의할 예정이라고도 밝혔다.
이 자리에는 안보리 15개국 이사국 외교 장관들이 참석한다.
지난달 미국이 회의를 소집한 것으로 전해졌다.
비핵화 달성까지 북한에 대한 제재는 계속돼야 한다는 미국의 입장을 강조하기 위한 포석으로 풀이된다.?
나워트 대변인은 “폼페이오 장관이 이 자리에서 북한의 '최종적이고 완전하게 검증된 비핵화'를 위한 미국의 노력을 안보리에 알리는 기회를 가질 것“이라며 “아울러 모든 회원국에 기존 (북한) 제재 이행의 필요성을 강조할 것“이라고 말했다.
美 강경파 그레이엄 “남북정상회담, 매우 화 나 김정은에게 놀아나지 말아야“미국 공화당 내 대북 강경파자 도널드 트럼프 미 대통령의 측근인 린지 그레이엄<사진> 미 상원 의원은 18일 평양에서 시작된 남북 정상회담에 대해 “매우 화가 난다“는 견해를 밝혔다고 미국의소리(VOA)가 보도했다.
문재인 대통령과 김정은 북한 국무위원장의 이번 3차 남북 정상회담이 북한 비핵화를 진전시키기 위한 미국의 대북 압박을 저해할 것이란 우려를 표한 것이다.?
그레이엄 의원은 이날 VOA와의 인터뷰에서 이렇게 말하며 “(남북 정상회담은 북한에) 엇갈린 메시지를 준다고 생각한다“고 했다.
그는 “우리는 유엔이 대북 제재를 더 엄격하게 시행하도록 하려고 하는데, 이 와중에 남북 정상회담은 최대 압박을 가하려는 우리의 노력을 약화시킬 것이라 생각한다“고 했다.?
그레이엄 의원은 이날 오후 트위터에도 글을 올려 이번 남북 정상회담이 미국의 대북 최대 압박 노력을 약화시킬 것이라고 우려를 표했다.
그는 “한국의 이번 방북은 북한 정권에 최대 압박을 가하려는 마이크 폼페이오 미 국무 장관과 니키 헤일리 유엔 주재 미국 대사의 노력을 해칠 것이라 우려스럽다“면서 “북한이 미사일과 핵 실험을 중단했지만 비핵화를 향해서는 전혀 움직이진 않았다“고 했다.
그는 또 “한국은 김정은에게 놀아나선 안 된다“고도 했다.?
트럼프 행정부는 이번 남북 정상회담 중에도 대북 압박 수위를 높였다.
미국은 문 대통령의 평양행 전날인 17일 유엔 안전보장이사회 긴급 회의를 소집해 대북 제재의 중요성을 재차 강조했다.?
美 전문가 “김여정, 김정은과 정책 논하는 지위는 못 된다... 이미지 메이커 역할“김정은 북한 국무위원장의 동생인 김여정 북한 노동당 중앙위 제1 부부장이 김정은과 정책을 함께 고민하고 논의하는 지위까지는 못 될 것이라고 미국 자유아시아 방송(RFA)이 18일(현지 시각) 보도했다.
김여정이 평양 남북정상회담을 비롯해 여러 정상회담에서 김정은 핵심 참모 역할을 하자 “김여정이 더 중요한 일을 할 것“이라는 관측이 나왔었다.
북한 지도부를 연구하는 미국 해군분석 센터 켄 고스 국제 관계 국장은 RFA에 “김여정이 오빤 김정은의 두뇌 역할을 하며 정치 전략 방향 등을 논의하고, 세대 교체 흐름까지 주도한 인물이란 평가에 동의하지 않는다“고 전했다.
그는 “김영철 노동당 중앙 부위원장 등 김정은과 정책 방향을 논의하는 사람들이 따로 있다“고 했다.
김여정이 김정은과 남북정상회담, 미북 정상회담, 북 중 정상회담까지 함께 고민하고 대책을 수립하는 역할을 한다는 주장은 받아들이기 힘들다는 것이다.
김여정은 김정은이 가장 신뢰하는 인물은 맞지만, 핵 문제 등을 논의할 정도로 위상이 높아진 것은 아니라는 것이 고스 국장의 설명이다.
앞서 김여정은 이번 평양 남북정상회담과 지난 4월 남북정상회담을 비롯한 여러 정상회담에서 김정은 옆 자리를 지키며 행사를 기획하고 핵심 참모 역할까지 담당했다.
그러면서 여러 전문가는 “김여정이 알려진 것보다 더 중요한 역할을 하고 있을 것“이란 분석을 내 놨다.
고스 국장은 김여정이 '김정은 이미지 메이커' 역할을 한다고 분석했다.
그는 “김여정은 대중이 김정은 하면 떠올리는 이미지를 만드는 역할과 개인 비서 역할 등을 하고 있다고 생각한다“고 말했다.
김여정이 김정은의 이미지와 일정, 보안 정도만 담당하고 있다는 것이다.
고스 국장은 또 김정은의 이복 누난 김설송이 김정은과 김여정에게 정책 조언을 한다고 RFA에 전했다.? 김설송이 '멘토' 역할을 해 주는 셈이다.?
그는 “정권 안정에 중요한 내부 보안 기구나 군부의 감시 기구 사람들이 김설송의 후원자가 됐다고 본다“며 “고모 김경희로부터 물려받은 것이다.
길설송이 김정은과 김여정에게 정책 조언을 할 수 있는 위치에 있다고 생각한다“고 했다.
잇어 “김설송이 앞으로 몇 년은 더 김여정에게 정치적 스승 역할을 할 수 있다“고 덧붙였다.",35,2725
iks_doc_2018_chosun_148,Chosun 2018 total annotated text file unicode.txt,Chosun Ilbo,조선일보,2018,2018_multi_summit,"北 중앙통신, 정상회담 하루 지나 보도... '비핵화'는 전혀 언급 안해",,"북한 조선중앙통신이 2박 3일로 예정된 평양 남북정상회담 첫날 진행된 문재인 대통령과 김정은 국무위원장 간 회담 소식을 하루 지난 19일 보도했다.
그러면서 중앙통신은 정상회담 핵심 의젠 '비핵화'에 대해서는 한마디도 언급하지 않았다.?
중앙통신은 이날 오전 6시께 “역사적인 제5차 북남 수뇌 회담이 18일 조선노동당 중앙 위원회 본부 청사에서 진행됐다“며 “김정은 동지께서 문재인 대통령과 회담을 진행하셨다“고 밝혔다.
중앙통신은 “회담에서는 판문점 선언을 전면적으로 충실히 이행해 북남 관계 발전을 더욱 가속화하기 위한 여러 가지 문제들에 대한 심도 있는 의견 교환이 진행됐다“며 “호상(상호) 관심사로 되고 있는 중요 문제들에 관한 솔직하고 허심탄회한 대화를 나누셨다“고 전했다.
중앙통신은 두 정상의 만남이 '따뜻한 분위기'에서 진행됐다고 소개했다.
중앙통신은 문 대통령이 노동당 본부 청사 방명록에 적은 '평화와 번영으로 겨레의 마음은 하나! 2018.9.18 대한민국 대통령 문재인' 문구도 소개했다. 그러나 중앙통신은 “한반도의 완전한 비핵화와 평화 정착도 중요한 의제다“라고 했던 문 대통령 발언은 소개하지 않았다.?
중앙통신은 별도 기사로 두 정상의 일정을 자세하게 소개했다.
중앙통신은 이 기사에서 “우리 민족의 조국 통일사에 또 하나의 새롭ㄴ 장을 아로새기게 될 북남 수뇌 상봉은 역사적인 판문점 선언과 우리 민족끼리의 정신에 기초해 북남 관계의 발전을 더욱 가속화하고 조선 반도의 평화와 번영, 통일의 새 시대를 열어 나가는 데서 중대한 계기로 된다“고 적었다.",8,775
iks_doc_2018_chosun_149,Chosun 2018 total annotated text file unicode.txt,Chosun Ilbo,조선일보,2018,2018_multi_summit,"美 국무부, 남북정상회담 중에도 “모든 유엔 회원국 대북 제재 준수해야“",,"미국 국무부가 평양 남북 정상회담과 관련해 대북 제재 이행의 중요성을 재차 강조했다고 미국의소리(VOA)가 19일 보도했다.?
미국 국무부 관계자는 VOA와의 인터뷰에서 제3차 남북 정상회담에 대한 논평 요청에 “모든 유엔 회원국들은 유엔 안보리 제재 결의들을 이행할 의무가 있고 미국은 모든 나라가 그렇게 하기를 기대한다“며 “미국은 모든 나라들이 유엔 제재 의무를 완전히 이행하도록 보장하기 위해 전 세계 정부들과 계속 협력하고 있다“고 했다.
이 관계자는 또 “항구적인 평화 체제로 나아가는 노력은 완전한 비핵화를 향한 진전에 달려 있다“고도 강조했다.?
국무부 대변인실은 지난 15일 대기업 총수들의 방북에 대해서도 '대북 제재 유지'를 촉구하는 메시지를 강조한 바 있다.
당시 국무부 측은 “모든 유엔 회원국이 유엔의 (대북) 제재를 완전하게 이행할 것을 기대한다“며 “이는 유엔 안전보장이사회 결의에 포함돼 (무역이) 금지된 '특정 분야 제품'을 포함한다“고? 밝혔다.?
남북 간 경제 협력 논의를 염두에 둔 대기업 총수들의 이번 방북이 대북 제재 완화 논의로 이어질 것을 우려해 일종의 속도 조절을 주문했던 것이다.
스티븐 비건 국무부 대북 정책 특별 대표와 고노 다로 일본 외무 장관이 한국전쟁 종전 선언은 시기 상조라는 데 합의했다는 일부 언론의 보도에 대해서는 “비공개로 이루어진 외교 대화에 대해 밝히지 않겠다“고 선을 그었다.",7,698
iks_doc_2018_chosun_150,Chosun 2018 total annotated text file unicode.txt,Chosun Ilbo,조선일보,2018,2018_multi_summit,"문 대통령 오늘 '빛나는 조국' 특별판 관람... 靑 “제목 바뀔 수도“2차 본회담 장소는 '백화원 영빈관'.... 김정은이 찾아와 文 대통령, 오후에는 대북 제재 대상 '만수대창작사'도 참관 경제인들, 조선 인민군 122호 양묘장? 평양교원대학 방문",,"문재인 대통령은 19일 오전 백화원 영빈관에서 김정은 북한 국무위원장과 남북정상회담 일정의 두 번째 본회담을 하고, 현지에서 생 방송으로 그 결과를 발표할 계획이다.
문 대통령은 이날 오후에는 북한의 9.9절(정권 수립 70주년)을 기념하는 집단 체조 '빛나는 조국'의 특별판을 관람할 예정이다.
윤영찬 청와대 국민 소통 수석 비서관은 이날 오전 서울 동대문디자인플라자 프레스 센터에서 “10시경 전날에 잇어 추가 정상회담이 예정“이라며 “두 정상 간 합의가 어떻게 이루어질지 지금은 예측하기 어렵다“고 말했다.
잇어 “결과 발표도 예정돼 있지만, 정확한 시간은 알ㄹ 수 없다“며 “오전 정상회담 일부와 결과 발표는 생중계로 예정돼 있다“고 덧붙였다.
청와대는 윤 수석이 브리핑이 끝난 뒤 회담 장소와 관련 “오늘(19일) 정상회담은 문재인 대통령이 묵고 있는 백화원 영빈관으로 김정은 위원장이 직접 찾아와 열리는 것으로 확인됐다“고 추가로 밝혔다.
정상회담이 진행되는 동안 김정숙 여사와 리설주 여사는 만경대학생 궁전을 찾아 예술 체조 소조실, 수영장을 둘러보고, 특별 수행원들은 예능 동과 과학 동을 둘러볼 예정이다.
윤 수석은 “문 대통령은 정상회담이 끝나면 오찬을 위해 옥류관으로 이동한다“며 “오찬 후 문 대통령 내외와 공식 수행원, 특별 수행원은 만수대창작사를 참관하고, 만수대창작사에서 김영희 전시관장 설명을 들으면서 예술품과 조각을 관람할 예정“이라고 말했다.
그는 만수대창작사가 유엔 대북 제재 대상이라는 취재진의 지적는 “예술품에 대한 관람 차원에서 이루어진다“고 답했다.
문 대통령 내외와 공식 수행원들은 이후 평양의 대동강수산물식당에서 평양 시민들과 함께 어울려 저녁 식사를 할 예정이다.?
저녁 식사 후 문 대통령 일행은 '빛나는 조국'을 관람한다.
윤 수석은 “(문 대통령은) 그 이후 평양 중구역 능라도 소재 북한의 최재 종합 체육 경기장인 5.1경기장에서 대집단 체조와 예술 공연이 있다“며 “북측에서 준비했는데 우리 측 입장을 최대한 고려한 것으로 알ㄴ다.
공연 시간은 1시간이고 약 15 만 명 정도의 관객이 참석한다고 한다“고 말했다.?
잇어 “(대집단 체조와 예술 공연의) 전체적인 틀은 '빛나는 조국'으로 알고 있지만, 대통령을 환영하는 의미의 내용들이 들어 있다고 한다“며 “제목이 바뀔 수도 있다고 하는데, 현재로서는 확인할 수 없다“고 덧붙였다.?
'빛나는 조국'은 북한이 올해 9.9절을 맞아 과거 2013년까지 공연했던 '아리랑'을 개작해 새롭게 선 보인 체제 선전 공연이다.
김정은은 9.9절 당일인 지난 9일에도 리잔수(栗戰書) 중국 전국인민대표 회의 상무 위원장, 발렌티나 마트비옌코 러시아 상원 의장 등 외빈들과 함께 빛나는 조국 개막 공연을 관람했다.?
다만 문 대통령의 공연 관람이 “북한의 체제 선전에 방북단이 이용당할 수 있다“는 우려도 나온다.
노무현 전 대통령도 2007년 평양 정상회담 당시 '아리랑' 공연을 봤다가 우리 논란이 일었다.
문 대통령을 위한 특별판 '빛나는 조국'은 남북 화합을 부각하고 체제 선전 내용이 줄어 드는 방향이 될 것으로 보인다.
문 대통령 내외 일행이 이날 오후 만수대창작사 등 참관하는 동안, 경제인들은 황해북도 송림시 석탄리에 소재한 조선 인민군 122호 양묘장과 평양 시내 초등?보육 교사 양성 기관인 평양교원대학을 차례로 방문할 예정이라고 윤 수석은 전했다.",19,1657
iks_doc_2018_chosun_151,Chosun 2018 total annotated text file unicode.txt,Chosun Ilbo,조선일보,2018,2018_multi_summit,"하태경 “여당 대표가 대통령 발목 잡아, 북한이면 숙청“",,"하태경 바른미래당 의원은 19일 이해찬 더불어민주당 대표 등 여야 3 당 대표가 북한 대표단과의 면담에 불참한 데 대해 “여당 대표가 대통령 발목을 잡은 것“이라고 말했다.
하 의원은 이날 오전 YTN 라디오 인터뷰에서 “문재인 대통령이 고생하는데 이해찬 대표는 약속도 취소해 버리고 큰 결례를 저질렀다.
(북측을) 불쾌하게 했다“며 이 같이 말한 뒤 “사실 북한이라면 실제 숙청될 것“이라고 했다.
또 “유일한 약속이었던 해당 일정을 몰랐을 수가 없다.
국회 의장 격인 김영남 북한 최고인민회의 상임 위원장이 아닌 안동춘 상임위 부의장을 만난다는 것을 알게 된 것 같다“며 “의전상 (격이 맞지 않는다는 차원에서) 자기를 무시한다고 생각한 것 같다.
일종의 '갑질 의식'“이라고 지적했다.
민주당 이해찬, 민주평화당 정동영, 정의당 이정미 대표는 전날 오후 3시 30분으로 예정된 북한 대표단과의 면담 자리에 30분 이상 나타나지 않아 결국 행사가 취소됐다.
文 대통령/김정은, 오전 10시부터 2차 회담 돌입 회담 직후 결과 발표 문재인 대통령은 19일 10시부터 백화원 초대소에서 김정은 북한 국무위원장과 남북정상회담 두 번째 본회담을 시작했다.
문 대통령 부부는 이날 오전 평양 백화원 초대소를 찾아온 김정은 부부와 함께 환담하며 회담장까지 걸어 갔다.
이후 문 대통령과 김정은은 오전 10시 19분 현재까지 거의 20분 간 단 둘이 만나 대화를 나누고 있는 것으로 보인다.
두 정상은 부인들, 참모 및 전날 1차 본회담 배석자, 모두 발언을 취재하기로 돼 있는 취재진들까지 모두 물렸다.
이날 2차 본회담은 회담 일부가 생중계될 예정이었지만, 회담장에 들어간 후부터 두 정상의 모습은 화면에 잡히지 않고 있다.
생중계를 위해 회담장 밖에서 대기 중인 카메라에는 우리 측 정의용 국가 안보실장과 김여정 북한 노동당 중앙위 제1 부부장이 긴밀히 대화를 나누는 모습, 청와대 김종천 의전 비서관 및 행사 담당 탁현민 선임 행정관 등이 분주하게 오가며 김여정을 비롯한 북측 담당자들과 대화를 나누는 모습이 담겼다.
양 정상은 2차 회담 후 공동 성명 형태로 회담 결과를 발표할 예정이다.
이날 회담과 결과 발표는 생중계된다.
윤영찬 청와대 국민 소통 수석은 이날 서울 동대문디자인플라자 메인 프레스 센터에서 이 같은 내용의 문 대통령의 일정을 브리핑했다.
윤 수석은 '전날 회담에서 비핵화 합의가 큰 틀에서 이루어졌나'는 질문에 “어떻게 이루어질지 지금은 예측하기 어렵다“면서 “(오늘 추가 회담에서) 더 많은 대화가 진행될 것으로 예상된다“고 말했다.
정상회담이 진행되는 동안 김정숙 여사와 리설주 여사는 만경대학생 궁전을 둘러본다.
김 여사와 리설주는 예술 체조 소조실, 수영장을 둘러보고, 특별 수행원들은 예능 동과 과학 동을 둘러볼 예정이다.
김 여사와 특별 수행원들은 극장에서 만나 만경대학생 궁전 학생들의 공연을 관람할 것으로 보인다.
문 대통령은 이날 오전 회담 결과 발표 후 평양의 유명 식당인 '옥류관'으로 이동해 오찬을 한다.
오찬엔 김정숙 여사와 특별 수행원이 모두 참석한다.
오찬 후 문 대통령 내외와 특별 수행원은 북한 미술 분야 최고의 집단 창작 단첸 만수대창작사를 찾아 전시장과 예술품을 둘러볼 예정이다.
경제인들은 2016년 5월 준공된 조선 인민군 122호 양묘장을 방문한다.
잇어 평양 시내 소학교 및 교육자 양성 기관인 평양교원대학을 찾을 예정이다.
문 대통령은 이날 저녁 평양 시민들이 많이 찾는 평양대동강 식당에서 시민들과 함께 저녁 식사를 할 예정이다.
이 일정은 우리 측 요청을 수용한 것으로 보인다.
임종석 대통령 비서실장은 지난 17일 “(문 대통령은)어떤 식당이 될지 모르지만 평양 시민들이 자주 가는 식당에서 가급적 만찬을 하게 되길 희망한다“며 “문 대통령이 해외 순방 시 현지 주민들이 자주 가는 식당을 늘 가시곤 하는데, 그런 부탁을 북쪽에 해 뒀다“고 설명한 바 있다.
저녁 식사 후엔 능라도에 있는 5.1경기장으로 이동해 대집단 체조 예술 공연 '빛나는 조국'을 관람한다.
이 공연은 북측에서 준비한 것으로 우리 측 입장을 최대한 고려했다고 윤영찬 수석은 설명했다.
공연은 1시간 가량이며 15 만 명 가량의 관객이 참석할 예정인 것으로 전해졌다.
윤 수석은 “빛나는 조국이라는 틀 속에 대통령을 환영하는 의미가 담겨 있는 것으로 알고 있다“고 말했다.
오찬과 시설 방문, 능라도 집단 체조 공연에 김정은 부부가 동행하는지는 아직 확인되지 않았다.
윤 수석은 “북측 최고 지도자의 일정을 제가 지금 확인하긴 곤란하다“고 했다.",34,2231
iks_doc_2018_chosun_152,Chosun 2018 total annotated text file unicode.txt,Chosun Ilbo,조선일보,2018,2018_multi_summit,"靑 “이재용 방북, 北 요청 없었다“어제 잇어 재반박",,"청와대는 19일 이재용 삼성전자 부회장의 방북은 북한이 아닌 우리 측의 요청으로 이루어진 것이라고 밝혔다.
전날 한 북한 측 인사가 이 부회장과 만난 자리에서 “우리가 꼭 오시라고 말씀 드렸습니다“라고 한 것과 관련해 청와대가 전날에 잇어 재반박한 것이다.?
청와대 고위 관계자는 이날 '이 부회장 방북과 관련한 북측 요청이 없었나'이라는 질문에 대해 “없었다“고 답했다.
북한이 이 부회장을 특별히 집어서 방북을 요청한 적이 없었다는 뜻인지에 대해서는 “없었다“고 답했다.
윤영찬 청와대 국민 소통 수석은 전날에도 오후 3시 브리핑에서 “경제인들의 방북과 관련해서 북측의 요청이 있었다는 보도를 본 적이 있는데 사실이 전혀 아니다“며 “방북 수행단 결정은 전적으로 저희 정부에서 결정했다“고 했다.
하지만 윤 수석이 브리핑한 지 30분 만에 북한 인사가 이 부회장을 만나 그와 반대되는 말을 했고, 5시간 만에 해당 영상이 공개된 바 있다.
영상에서는 황호영 금강산 국제 관광 특구 지도국장이 이 부회장과 악수한 뒤 북측이 이 부회장 방북을 요청했다는 취지의 말을 한 모습이 담겼다.
이 부회장은 웃으며 “네“이라고만 대답했다.?",8,577
iks_doc_2018_chosun_153,Chosun 2018 total annotated text file unicode.txt,Chosun Ilbo,조선일보,2018,2018_multi_summit,"中 관영지 “文, 트럼프에 로비해 美 北 관계 풀어라“",,"중국 관영 영자 글로벌타임스가 “문재인 대통령은 도널드 트럼프 미국 대통령에게 로비해서 미국의 대북 강경 태도를 바꿔야 한다“며 한국 역할론을 강조하고 나섰다.
오는 20일까지 열리는 평양 남북정상회담에서 한국이 미국을 설득해 미북 교착 상태를 풀고 미국이 연일 높여 가는 대북 압박 수위를 완화하게 하라는 것이다.
글로벌타임스는 19일 '문재인 대통령, 이제 미국에 로비할 차례(Lobbying Washington more challenging for Moon)'이라는 제목의 사설에서 “문 대통령은 트럼프 대통령의 태도를 안정시키는 데 더 큰 역할을 해야 한다.
이것이 바로 한반도 평화를 위한 한국의 '특별한 열쇠'“라고 주장했다.
미국이 동아시아에서 강한 입지를 굳히기 위해 한국을 필요로 하는 만큼 한국이 미북 관계에서 중요한 역할을 할 수 있다는 것이다.
글로벌타임스는 “한국은 미국 로비에 초점을 둬야 한다“고 강조하면서 “위험하긴 하지만, 한국은 미국에 영향을 끼치거나 압박을 가할 수 있는 어느 정도의 경제력도 갖고 있다“고 했다.
미북 관계의 중요성도 역설했다.
글로벌타임스는 “문 대통령의 방북(訪北)은 성공할 것으로 보인다“면서도 “이 성공에는 미국 행정부가 더욱 영구적인 의미를 얻기 위해 태도를 바꾸는 일이 뒤따라와야 한다“고 지적했다.
잇어 “남북 관계에서 미북 관계가 결정적인 영향을 미친다는 것이 역사적으로 증명됐고, 최종적으로 한국은 미국 로비에 집중해야 한다“고 했다.
글로벌타임스는 문 대통령을 '트럼프 대통령의 로비스트'라고 표현했다.
매체는 “트럼프 대통령의 로비스트로 여겨지는 문 대통령은 이번 남북정상회담에서 북한이 비핵화를 약속하게끔 노력하고 있다“면서 “문 대통령은 미북이 서로 대화하도록 애를 쓰고 있다“고 했다.?
글로벌타임스는 남북 관계가 큰 외부 요인이 없는 한 굳건해질 터지만, 이 자체가 한반도 평화를 보장하지는 않는다고 내다봤다.
매체는 “북한은 안전한 비핵화 과정을 밟아야 하고, 미국은 종전 선언에 서명하는 등 긍정적인 태도를 취해야 한다“면서도 “미국 내에서 (대북 제재를 해야 한다고) 트럼프 대통령을 압박하고 있다“고 했다.
트럼프 대통령의 대북 강경 태도가 미북 관계를 위협한다고 본 것이다.
또 “미북 협상은 예측할 수 없다“면서 “중요한 것ㄴ 두 나라의 태도를 합리적으로 만드는 것이고, 서로를 믿지 않을 때 상황을 통제해야 한다“고 했다.
최근 중단된 한미 연합 훈련도 언급했다.
매체는 “한반도 상황은 한미 연합 훈련이 중단되면서 크게 진전됐다.
1년 전에는 이런 상황을 상상할 수 없었다“면서 “한국은 이 상황이? 깨지지 않도록 노력해야 한다“고 했다.?
앞서 미국은 6.12 미북 정상회담 이후 원활한 비핵화 협상을 위해 한미 연합 훈련을 중단했다.
그 결과, 8월 예정이던 을지프리덤가디언(UFG)에 잇어 한미 해병대 연합 훈련(KMEP)이 무기한 연기됐다.
그러나 비핵화 협상이 진전되지 않자 미국은 지난달 말 “한미 연합 훈련을 더는 중단할 계획이 없다“고 밝혔다.?",21,1485
iks_doc_2018_chosun_154,Chosun 2018 total annotated text file unicode.txt,Chosun Ilbo,조선일보,2018,2018_multi_summit,여야 대표 '노쇼' 비판 여론 거세져... 탄핵 靑 청원에 3만 7000명 동의,,"문재인 대통령의 특별 수행원 자격으로 평양을 찾은 여야 3 당 대표의 '북한 최고인민회의 부의장 면담 노쇼(No/Show)'에 대한 비판 여론이 거세지고 있다.?
정치권에서는 “심각한 외교적 결례“이라는 질타가 나오고, 청와대 국민 청원 게시판에는 이들 3 당 대표의 탄핵을 요구하는 청원까지 올라왔다.
윤영찬 청와대 국민 소통 수석은 19일 오전 서울 동대문디자인플라자(DDP) 메인 프레스 센터에서 열린 브리핑에서 전날(18일) 무산된 3 당 정당 대표와 북측 최고인민회의 부의장 면담 무산 건에 대해 “정당 대표들 일정은 직접 확인하긴 어렵다.
평양에서 뭔가 얘기가 있을 것이라 생각한다“고 말했다.
윤 수석은 “사실 정부 대표단이 아니라 정당 대표단이 행사를 하는 과정에서 있었던 일이라 저희들도 정확히 맥락을 파악하지 못하았다“며 “평양에 우리 측 대표단 내에서 얘기가 별도로 있지 않을까 예측한다“고 했다.
여야 3 당 대표는 당초 전날 오후 3시 30분 북한 평양 만수대의사당에서 북한 안동춘 최고인민회의 부의장과 면담을 가질 예정이었다.
북측에선 안동춘 부의장과 리금철 조선사회민주당 중앙위 부위원장 림룡철 조국통일위원회 민주주의 전선 중앙위 서기국 부국장 등이 약속 시간을 30분 앞둔 오후 3시부터 면담 장소에서 남측 인사들을 기다렸다.?
북측 면담 자들이 면담 장소 앞에 도열해 10분 이상 대기했음에도 여야 3 당 대표는 모습을 나타내지 않았다.
북측 관계자들은 “조금 늦어지는 것 같다.
남측 대표단 출발이 늦는 것 같다“며 대기했다.
면담 예정 시간이 20분 이상 넘어 가자 북측 관계자들이 “아직 남측 정당 대표단이 호텔을 출발하지 않은 것 같다“고 전했다.
면담 예정 시간을 30분 넘긴 오후 4시가 되자 북측 대표단은 면담장을 떠났다.
일부 북측 관계자들은 남측 취재진에게 “이런 경우가 어디 있느냐.
납득이 가지 않는다“고 항의하기도 했다.
안 부의장은 면담장을 나서면서 남측 취재진에게 “수고했다“며 불편한 기색을 드러냈다.
불참 사유를 북측 인사와 남측 취재진들에게 알리지 않았던 이해찬 대표는 이후 고려호텔 로비에서 남측 취재진을 만나 “일정을 재조정하고 있다“고만 했다.
이정미 대표도 “일정에 착오가 있었던 것 같다.
그 시간에 정당 대표들끼리 간담회를 했다“고 해명했다.
이런 해명에도 국민들의 비판은 진정되지 않고 있다.
전날 청와대 국민 청원 게시판에는 “평화의 걸림돌이 된, 여야 3당 대표들을 탄핵하도록 도와주셔요“이라는 청원이 올라왔다.
해당 청원은 이날 오전 9시 20분 현재 3만 7194명이 동의했다.
청원 자는 “국민의 대표며 국민의 소리에 귀를 귀울여야 하는 자리가 국회 의원일진데 평화에 도움이 되질 못할 망정 평화 분위기에 찬물을 끼얹어서야 되겠냐“며 “국민의 한 사람으로써 이번 사건 당사자신 분들을 탄핵하기를 간절히 바란다“고 적었다.?
정치권에서도 3 당 대표들의 외교 결례에 대한 비판 여론이 거세다.
바른미래당 하태경 최고 위원은 이날 라디오 인터뷰에서 “북한에서는 실제로 그렀다면 숙청된다“고 꼬집었다.
하 최고 위원은 “북한 가서도 사실상 여당 대표가 문재인 대통령의 발목을 잡았다“며 “당사자들의 명쾌한 해명이 필요하다.
대표단이 남쪽으로 내려오기 전 북에서 진심 어린 사과가 필요하다“고 말했다.?
김성태 자유한국당 원내 대표도 이날 오전 국회에서 열린 비상 대책 위원/중진 의원 연석 회의에서 “(3당 대표단은) 본인이 자발적으로 나서서 수행해 놓고 평양에서는 고위급 최고인민회의가 부위원장이 한다고 참석하지 않았다“며 “그래서 최고인민회의 면담을 일방적으로 무산시킨 것은 또 무슨 경우냐“고 질타했다.
문 대통령, 평양 시민 만난다는 '대동강수산물식당'은 어디?
문재인 대통령과 김정은 북한 국무위원장의 19일 정상회담 둘째 날 환송 만찬이 예정된 '대동강수산물식당'은 김정은이 직접 이름을 짓고 부지도 지정해 올해 7월 30일 준공한 대동강변의 호화 식당이다.
철갑상어와 자라 등 각종 고급 어족은 물론, 수족관과 실내 낚시 터까지 갖췄다.
물 위에 떠 있는 배 모양으로 세워진 대동강수산물식당 1층에는 철갑상어와 룡정어(가죽 잉어), 연어, 칠색 송어를 비롯한 고가의 어족과 조개류, 자라가 각각 담긴 연못 및 낚시 터가 있다.
2 3층은 갓 잡은 생선 요리를 즐기는 곳으로, '가족 식사실', '민족 요리 식사실' 등으로 구성됐다.
수산물 가공품 판매장도 갖추고 있다.
식당에서 밖을 내다보면 대동강과 릉라인민 유원지, 5월1일 경기장, 청류벽 등이 한눈에 보인다.
외국인 이용객의 경우 달러 등 외화도 받는다.
고가의 식당이기 때문에 서민이 쉽게 이용할 수는 없으나, 다양한 크기의 연회 룸을 갖추고 있어 대규모 가족 또는 직장 행사 때 사용되는 곳으로 알려져 있다.
특히 김정은은 6.12 미북정상회담을 앞두고 부인 리설주와 함께 이곳을 시찰하며 “옥류관과 같이 평양을 대표하는 또 하나의 인민 봉사 기지가 태어났다“며 “근로자들이 가족과 함께 와서 식사도 하고 세계 여러 나라 음식들도 맛보게 하며 우리나라를 찾는 외국 손님들에게도 봉사하라“고 강조했다.
한편 문 대통령이 이날 식당에서 평양 시민과 어떤 방식으로 교류를 할지 관심이 집중된다.
문 대통령은 앞서 북측에 “평양 시민들이 자주 가는 식당에서 환송 만찬을 진행해 달라/EM“며 특별 요청을 했었다.
윤영찬 청와대 국민 소통 수석은 이날 오전 동대문디자인플라자(DDP) 메인 프레스 센터에서 “문 대통령 내외와 수행원들이 저녁에는 평양 시민 자주 찾는 평양 대동강수산물식당 방문해 봄맞이 방에서 식사를 한다“며 “다른 방에는 평양 시민들이 자연스럽게 식사를 할 예정“이라고 밝혔다.
[속보] 11시 10분 남북 군사 분야 합의서 서명식... 文 대통령/김정은 배석할 듯 청와대는 19일 오전 11시 10분에 '판문점 선언 이행을 위한 군사 분야 합의서 서명식'이 열린다고 밝혔다.?
윤영찬 청와대 국민 소통 수석은 이날 오전 서울 동대문디자인프라자 프레스 센터 브리핑에서 이 같이 밝히며 “우리 측은 송영무 국방장관, 북측은 노광철 인민 무력상이 서명하게 된다.
문재인 대통령과 김정은 북한 국무위원장이 배석할 것 같다“고 말했다.?
윤 수석은 “이후 두 정상은 정상회담 결과에 대한 합의문에 서명하게 된다“며 “(잇어) 공동 기자 회견을 가질 예정“이라고 말했다.
다만 그는 구체적 시간은 확정되지 않았다고 덧붙였다.
문 대통령과 김정은은 오전 11시 10분 현재 회담장에서 나와 참모들과 함께 이동하는 모습이 우리 측 생중계 카메라에 포착됐다.
두 정상은 이날 오전 10시경부터 약 1시간 가량 배석자 없이 단독 회담을 진행했다.
[속보] 文 대통령/김정은, '9월 평양 공동 선언'에 서명?
문재인 대통령은 19일 김정은 북한 국무위원장과 두 번째 본회담을 마치고 합의 내용을 담은 '9월 평양 공동 선언'에 서명했다.
두 정상이 서명하는 모습은 우리 측 취재진 카메라를 통해 생중계됐지만, 9월 평양 공동 선언의 제목만 전해졌을 뿐, 구체적인 내용은 전해지지 않았다.?
[전문] 9월 평양 공동 선언 문재인 대통령과 김정은 북한 국무위원장은 19일 군사적 적대 관계 종식, 동 서해선 철도 및 도로 연결, 이산가족 상설 면회소 등의 내용을 담은 '9월 평양 공동 선언'을 발표했다.?
문 대통령과 김정은은 이날 평양 백화원 초대소에서 '9월 평양 공동 선언'에 서명하고 공식 발표했다.
다음은 '9월 평양 공동 선언' 전문.?
9월 평양 공동 선언 대한민국 문재인 대통령과 조선민주주의인민공화국 김정은 국무위원장은 2018년 9월 18일부터 20일까지 평양에서 남북정상회담을 진행했다.
양 정상은 역사적인 판문점 선언 이후 남북 당국 간 긴밀한 대화와 소통, 다방면적 민간 교류와 협력이 진행되고, 군사적 긴장 완화를 위한 획기적인 조치들이 취해지는 등 훌륭한 성과들이 있었다고 평가했다.
양 정상은 민족 자주와 민족 자결의 원칙을 재확인하고, 남북 관계를 민족적 화해와 협력, 확고한 평화와 공동 번영을 위해 일관되고 지속적으로 발전시켜 나가기로 했으며, 현재의 남북 관계 발전을 통일로 잇어 갈 것을 바라는 온 겨레의 지향과 여망을 정책적으로 실현하기 위해 노력해 나가기로 했다.?
양 정상은 판문점 선언을 철저히 이행해 남북 관계를 새롭ㄴ 높은 단계로 진전시켜 나가기 위한 제반 문제들과 실천적 대책들을 허심탄회하고 심도 있게 논의했으며, 이번 평양 정상회담이 중요한 역사적 전기가 될 것이라는 데 인식을 같이 하고 다음과 같이 선언했다.?
1. 남과 북은 비무장 지대를 비롯한 대치 지역에서의 군사적 적대 관계 종식을 한반도 전 지역에서의 실질적인 전쟁 위험 제거와 근본적인 적대 관계 해소로 이어 나가기로 했다.?
① 남과 북은 이번 평양 정상회담을 계기로 체결한?판문점 선언 군사 분야 이행 합의서?를 평양 공동 선언의 부속 합의서로 채택하고 이를 철저히 준수하고 성실히 이행하며, 한반도를 항구적인 평화 지대로 만들기 위한 실천적 조치들을 적극 취해 나가기로 했다.
② 남과 북은 남북군사공동위원회를 조속히 가동해 군사 분야 합의서의 이행 실태를 점검하고 우발적 무력 충돌 방지를 위한 상시적 소통과 긴밀한 협의를 진행하기로 했다.
2. 남과 북은 상호 호혜와 공리 공영의 바탕 위에서 교류와 협력을 더욱 증대시키고, 민족 경제를 균형적으로 발전시키기 위한 실질적인 대책들을 강구해 나가기로 했다.
① 남과 북은 금년 내 동, 서해선 철도 및 도로 연결을 위한 착공식을 갖기로 했다.?
② 남과 북은 조건이 마련되는 데 따라 개성 공단과 금강산 관광 사업을 우선 정상화하고, 서해 경제 공동 특구 및 동해 관광 공동 특구를 조성하는 문제를 협의해 나가기로 했다.
③ 남과 북은 자연 생태계의 보호 및 복원을 위한 남북 환경 협력을 적극 추진하기로 했으며, 우선적으로 현재 진행 중인 산림 분야 협력의 실천적 성과를 위해 노력하기로 했다.
④ 남과 북은 전염성 질병의 유입 및 확산 방지를 위한 긴급 조치를 비롯한 방역 및 보건 의료 분야의 협력을 강화하기로 했다.
3. 남과 북은 이산가족 문제를 근본적으로 해결하기 위한 인도적 협력을 더욱 강화해 나가기로 했다.
① 남과 북은 금강산 지역의 이산가족 상설 면회소를 빠른 시일 내 개소하기로 했으며, 이를 위해 면회소 시설을 조속히 복구하기로 했다.
② 남과 북은 적십자 회담을 통해 이산가족의 화상 상봉과 영상 편지 교환 문제를 우선적으로 해결해 나가기로 했다.
4. 남과 북은 화해와 단합의 분위기를 고조시키고 우리 민족의 기개를 내외에 과시하기 위해 다양한 분야의 협력과 교류를 적극 추진하기로 했다.
① 남과 북은 문화 및 예술 분야의 교류를 더욱 증진시켜 나가기로 했으며, 우선적으로 10월 중에 평양 예술단의 서울 공연을 진행하기로 했다.
② 남과 북은 2020년 하계 올림픽 경기 대회를 비롯한 국제 경기들에 공동으로 적극 진출하며, 2032년 하계 올림픽의 남북 공동 개최를 유치하는 데 협력하기로 했다.
③ 남과 북은 10.4 선언 11주년을 뜻 깊게 기념하기 위한 행사들을 의의 있게 개최하며, 3.1운동 100주년을 남북이 공동으로 기념하기로 하고, 그를 위한 실무적인 방안을 협의해 나가기로 했다.
5. 남과 북은 한반도를 핵무기와 핵 위협이 없는 평화의 터전으로 만들어 나가야 하며 이를 위해 필요한 실질적인 진전을 조속히 이뤄 나가야 한다는 데 인식을 같이 했다.
① 북측은 동창리 엔진 시험장과 미사일 발사대를 유관국 전문가들의 참관하에 우선 영구적으로 폐기하기로 했다.
② 북측은 미국이 6.12 북미 공동 성명의 정신에 따라 상응 조치를 취하면 영변 핵 시설의 영구적 폐기와 같은 추가적인 조치를 계속 취해 나갈 용의가 있음을 표명했다.
③ 남과 북은 한반도의 완전한 비핵화를 추진해 나가는 과정에서 함께 긴밀히 협력해 나가기로 했다.?
6. 김정은 국무위원장은 문재인 대통령의 초청에 따라 가깝ㄴ 시일 내로 서울을 방문하기로 했다.",77,5817
iks_doc_2018_chosun_155,Chosun 2018 total annotated text file unicode.txt,Chosun Ilbo,조선일보,2018,2018_multi_summit,"“北,동창리 영구 폐기... 김정은 연내 답방“",,"문재인 대통령과 김정은 북한 국무위원장은 19일 정상회담에서 동창리 엔진 시험장과 미사일 발사대를 관련국 전문가들이 참관하에 영구 폐기하기로 하는 등 비핵화 방안에 대해 합의했다고 밝혔다.?
김정은은 미국이 이후 '상응 조치'를 취할 경우 영변 핵 시설의 영구 폐기 등의 조치도 추가로 취하겠다는 의사도 밝혔다.?
문 대통령은 이날 오전 평양 백화원 초대소에서 정상회담을 한 뒤 합의문 '9월 평양 공동 선언' 서명식과 기자 회견을 차례로 갖고 이 같이 밝혔다.?
이날 공개된 9월 평양 공동 선언에는 “남과 북은 한반도를 핵무기와 핵 위협이 없는 평화의 터전으로 만들어 나가야 하며 이를 위해 필요한 실질적인 진전을 조속히 이뤄 나가야 한다는 데 인식을 같이 했다“며 “북측은 동창리 엔진 시험장과 미사일 발사대를 유관국 전문가들의 참관하에 우선 영구적으로 폐기하기로 했다“고 적시됐다.
공동 선언은 또 “북측은 미국이 6.12 북미 공동 성명의 정신에 따라 상응 조치를 취하면 영변 핵 시설의 영구적 폐기와 같은 추가적인 조치를 계속 취해 나갈 용의가 있음을 표명했다“며 “남과 북은 한반도의 완전한 비핵화를 추진해 나가는 과정에서 함께 긴밀히 협력해 나가기로 했다“는 내용도 담고 있다.
한편 문 대통령과 김정은은 올해 안으로 김정은 서울 답방을 추진하기로 합의했다.
9월 평양 공동 선언의 마지막 항에는 “김정은 국무위원장은 문재인 대통령의 초청에 따라 가깝ㄴ 시일 내로 서울을 방문하기로 했다“는 문장이 담겼다.?
이 같은 소식은 공동 선언 공개 전에 먼저 진행된 두 정상의 기자 회견에서 먼저 알려졌다.
김정은은 “나는 문 대통령에게 가깝ㄴ 시일 내에 서울을 방문할 것을 약속했다“고 말했다.
잇어 문 대통령은 “나는 김정은 위원장에게 서울 방문을 요청했고, 김 위원장은 가깝ㄴ 시일 내에 서울을 방문하기로 했다“며 “여기서 ‘가깝ㄴ 시일 내'이라는 말은 특별한 사정이 없으면 올해라는 말을 담고 있다“고 설명했다.?
문 대통령은 “김 위원장의 서울 방문은 최초의 북측 최고 지도자 방문이 될 것이며 남북 관계의 획기적 전기가 마련될 것“이라고 덧붙였다.?",11,1045
iks_doc_2018_chosun_156,Chosun 2018 total annotated text file unicode.txt,Chosun Ilbo,조선일보,2018,2018_multi_summit,"남북 정상, '올해 안 김정은 서울 답방' 합의",,"문재인 대통령과 김정은 북한 국무위원장은 19일 정상회담에서 올해 안으로 김정은 서울 답방을 추진하기로 합의했다.
문 대통령은 이날 오전 평양 백화원 초대소에서 정상회담을 한 뒤 합의문 '9월 평양 공동 선언' 서명식과 기자 회견을 차례로 갖고 이 같이 밝혔다.?
9월 평양 공동 선언의 마지막 항에는 “김정은 국무위원장은 문재인 대통령의 초청에 따라 가깝ㄴ 시일 내로 서울을 방문하기로 했다“는 문장이 담겼다.?
이 같은 소식은 공동 선언 공개 전에 먼저 진행된 두 정상의 기자 회견에서 먼저 알려졌다.
김정은은 “나는 문 대통령에게 가깝ㄴ 시일 내에 서울을 방문할 것을 약속했다“고 말했다.
잇어 문 대통령은 “나는 김정은 위원장에게 서울 방문을 요청했고, 김 위원장은 가깝ㄴ 시일 내에 서울을 방문하기로 했다“며 “여기서 ‘가깝ㄴ 시일 내'이라는 말은 특별한 사정이 없으면 올해라는 말을 담고 있다“고 설명했다.?
문 대통령은 “김 위원장의 서울 방문은 최초의 북측 최고 지도자 방문이 될 것이며 남북 관계의 획기적 전기가 마련될 것“이라고 덧붙였다.?",7,536
iks_doc_2018_chosun_157,Chosun 2018 total annotated text file unicode.txt,Chosun Ilbo,조선일보,2018,2018_multi_summit,"남북 정상, 금년 내 동 서해선 철도 도로 연결 착공 합의 여건 되면 개성 공단, 금강산 관광도 재개",,"문재인 대통령과 김정은 북한 국무위원장은 19일 정상회담에서 올해 안에 동 서해선 철도 및 도로 연결을 위한 착공식을 갖기로 합의했다.
두 정상은 또 조건이 마련 되는 대로 개성 공단과 금강산 관광 사업을 우선적으로 정상화하기로 합의했다.
문 대통령과 김정은은 이날 오전 정상회담을 가진 뒤, 이 같은 내용이 담긴 '9월 평양 공동 선언'에 서명했다.
문 대통령은 서명식 후 가진 공동 기자 회견에서 “김 위원장과 나는 북과 남의 교류를 더욱 증진시키고 민족 경제를 균형적으로 발전시키기 위한 실질적인 대책을 강구해 나가기로 했다“고 말했다.
두 정상은 또 이산가족 문제를 근본적으로 해결하기 위한 인도적 협력을 강화하기로 했다.
문 대통령과 김정은은 금강산 지역에 이산가족 상설 면회소를 빠른 시일 내 개소하기로 하고, 면회소 시설을 조속히 복구하기로 했다.
또 적십자 회담을 통해 이산가족의 화상 상봉과 영상 편지 교환 문제를 우선적으로 해결하기로 했다.
이와 함께 2020년 하계 올림픽을 비롯한 국제 경기 공동 진출을 적극적으로 추진하고, 2032년 하계 올림픽의 남북 공동 개최 유치에 협력하기로 했다.",8,566
iks_doc_2018_chosun_158,Chosun 2018 total annotated text file unicode.txt,Chosun Ilbo,조선일보,2018,2018_multi_summit,"아울러 다가오는 10.4 선언 11주년 기념 행사를 의의 있게 개최하고, 내년 3.1운동 100주년을 맞아 남북 공동 행사를 개최하기로 합의했 文 대통령/김정은 “DMZ 등 대치 지역 군사 적대 관계 종식... 한반도 전역 실질적 전쟁 위험 제거“",,"문재인 대통령과 김정은 북한 국무위원장은 19일 정상회담에서 한반도 전 지역에서의 실질적인 전쟁 위험을 제거하고 근본적 적대 관계를 해소하자고 합의했다.?
두 정상은 이를 위한 세부적인 내용을 '판문점 선언 군사 분야 이행 합의서'에 담고, 합의 이행 실태는 남북군사공동위원회를 가동해 점검하기로 했다.?
문 대통령은 이날 오전 평양 백화원 초대소에서 정상회담을 한 뒤 합의문 '9월 평양 공동 선언' 서명식과 기자 회견을 차례로 갖고 이 같이 밝혔다.?
9월 평양 공동 선언은 제1항에서 “남과 북은 비무장 지대를 비롯한 대치 지역에서의 군사적 적대 관계 종식을 한반도 전 지역에서의 실질적인 전쟁 위험 제거와 근본적인 적대 관계 해소로 이어 나가기로 했다“고 밝혔다.?
잇어 공동 선언은 “남과 북은 이번 평양 정상회담을 계기로 체결한 '판문점 선언 군사 분야 이행 합의서'를 평양 공동 선언의 부속 합의서로 채택하고 이를 철저히 준수하고 성실히 이행하며, 한반도를 항구적인 평화 지대로 만들기 위한 실천적 조치들을 적극 취해 나가기로 했다“고 적시했다.
공동 선언은 그러면서 “남과 북은 남북군사공동위원회를 조속히 가동해 군사 분야 합의서의 이행 실태를 점검하고 우발적 무력 충돌 방지를 위한 상시적 소통과 긴밀한 협의를 진행하기로 했다“고 밝혔다.",6,646
iks_doc_2018_chosun_159,Chosun 2018 total annotated text file unicode.txt,Chosun Ilbo,조선일보,2018,2018_multi_summit,이해찬 노쇼 논란 해명 “여야 3 당 대표만 따로 김영남 만나려다 소통 잘못돼“,,"여야 3 당 대표가 지난 18일 북한 대표단과의 면담에 불참한 것과 관련해 이해찬 더불어민주당 대표가 “장관들 이외에 3 당 대표만 따로 만나려다 커뮤니케이션이 잘 안 됐다“고 밝혔다.
이해찬 대표와 정동영 민주평화당, 이정미 정의당 대표 등은 18일 안동춘 최고인민회의 부의장을 대표로 하는 북한 대표단과의 면담에 나타나지 않았다.
이 대표는 “정상회담 배석자 숫자가 갑자기 예상보다 많이 줄어 드는 바람에 정의용 국가 안보실장과 서훈 국가정보원장을 제외한 나머지 장관들, 박원순 서울 시장, 최문순 강원 지사가 김영남 최고인민회의 상임 위원장 면담에 합류했다“며 “(참석자) 숫자가 많아 (주제가) 산만해지니 3 당 대표만 별도로 만나려고 했는데 스케줄이 안 잡혔다“고 말했다.?
잇어 “전날 연회장에서 오늘 면담해야겠다고 말했더니 김정은 북한 국무위원장이 '당연히 하셔야 한다'고 김영남 최고인민회의 상임 위원장에 즉석에서 지시했다“고 덧붙였다.?
여야 3 당 대표는 이후 만수대의사당 접견실에서 김영남, 안동춘 최고인민회의 부의장, 최금철 조선사회민주당 중앙위 부위원장과 접견했다.?
김영남은 “학수고대 보람이라는 것이 오늘 같은 광경을 놓고 예로부터 쓰던 의사 표시라고 생각한다“고 말했다.
잇어 “오랫동안 기다려 온 이해찬 선생 자료를 읽을 때마다 옛 추억에 잠기곤 했다.
정동영 선생은 무슨 활동 벌이냐고 다른 동무에게 물어 보니 '백의종군한다'고 하더라“고 했다.?
이정미 대표에게는 “아름답ㄴ 마음으로 더 뜨겁게 합심해 통일 위업 성취에 매진해 나가자“고 말했다.?
정동영 대표는 “10년 전에 뵀을 때나 지금이나 똑같다.
변함가 없다“고 덕담을 건넸고, 김영남은 “정동영, 이해찬 선생 모습도 마찬가지다.
통일 위업 성취할 때까지는 영원한 모습으로 활기 있게 싸워 나가자“고 했다.?
이해찬 대표는 “노무현 대통령 때 6?15 정상회담 하고 잘 나가다 우리가 정권을? 뺏기는 바람에 11년 동안 남북 관계가 단절돼 여러 가지로 손실을 많이 봤다“며 “이제 저희가 다시 집권했으니 남북 관계가 영속적으로 갈 수 있도록 튼튼하게 만들려고 단단히 마음 먹고 왔다“고 말했다.?
이에 김영남은 “우리도 이해찬 선생이 민주당 대표직에 올라섰다는 희소식이 전파하자 다시금 통일의 여명이 밝아 오기 시작하리라는 신심을 갖게 됐다“고 답했다.",14,1145
iks_doc_2018_chosun_160,Chosun 2018 total annotated text file unicode.txt,Chosun Ilbo,조선일보,2018,2018_multi_summit,[평양 공동 선언] 美 日 언론 “구체적 실질적 비핵화 조치 빠졌다“,,"미국과 일본 주요 언론은 19일 평양에서 문재인 대통령과 김정은 북한 국무위원장이 서명한 '9월 평양 공동 선언'과 공동 기자 회견에서 북한 비핵화를 위한 구체적이고 실질적인 조치와 합의가 빠졌다고 평했다.?
두 정상이 군사적 적대 관계 종식, 김정은의 서울 방문 약속, 2032년 하계 올림픽 공동 개최 추진 등에 합의했지만, 정작 이번 남북 정상회담의 핵심 의젠 북한 비핵화와 관련해서는 합의문에 진전된 내용이 없다는 것이다.
김정은은 이날 공동 선언 서명 후 열ㄴ 공동 기자 회견에서 “조선 반도를 핵무기도 핵 위협도 없는 평화의 땅으로 만들기 위해 적극 노력해 나가기로 확약했다“고 말했으나, 구체적인 비핵화 방안은 언급하지 않았다.?
다만 김정은이 '비핵화'란 용어를 쓰지는 않았지만 육성으로 비핵화 의지를 직접 밝힌 것은 처음인 만큼 의미가 있다는 평도 나왔다.?
미 워싱턴포스트(WP)는 김정은과 문 대통령이 공동 선언에서 비핵화에 대해서는 구체적인 언급을 하지 않았다고 전했다.
WP는 그러면서 “이번 남북 정상회담은 한반도의 비핵화를 위해 노력하겠다는 또 다른 약속으로 끝났다“고 했다.
로이터는 문 대통령이 북한이 핵심 미사일 시설의 영구적 폐기에 합의했다고 말했다고 전하며 “그러나 미북 정상회담 이후 미국이 북한에 구체적 비핵화 조치를 요구하고 있지만 당시 정상회담에서 합의한 모호한 약속을 어떻게 이행할지에 대한 논의에는 진전이 없는 상황“이라고 평했다.
로이터는 “북한의 핵심 목표는 종전인데, 북한은 핵무기를 완전히 포기할 의향을 보이지 않고 있고 국제 사회의 제재 완화만 노리고 있다“고 했다.?
뉴욕타임스(NYT)는 “김정은은 비핵화 목표를 어떻게 달성할 것인지에 대해서는 상세히 설명하지 않았고 미국이 요구해 온 비핵화를 위한 구체적인 조치를 취하겠다고 제안하지도 않았다“고 전했다.
그러나 NYT는 “김 위원장이 북한 수도 평양에서 전 세계를 향해 육성으로 비핵화 약속을 한 것은 처음 있는 일“이라며 의미를 부여했다.?
블룸버그는 문 대통령과 김정은이 기자 회견에서 북한의 이동식 미사일 발사기를 어떻게 처리할지에 대해서는 언급하지 않았다고 지적했다.
블룸버그는 “영변 핵 시설과 동창리 미사일 발사대는 영구적으로 폐쇄될지 모르지만, 그렇다고 북한이 핵 미사일을 발사할 수 없게 된다는 것은 아니다“라며 “북한이 북한 영토 어디에서든 핵 미사일을 발사할 수 있다는 것은 이미 증명된 바 있다“고 했다.?
블룸버그는 이번 공동 선언에서 북한이 보유한 우라늄 농축 능력을 어떻게 할 것인지도 빠져 있다고 평했다.
고농축 우라늄은 플루토늄보다 은폐가 훨씬 쉬워 핵 조사관들은 영변뿐 아니라 다른 의심 지역도 조사해야 한다고 보고 있다.
블룸버그는 “북한 비핵화 과정은 공동 선언에 적힌 것보다 훨씬 더 복잡하다“고 했다.?
'9월 평양 공동 선언'에는 '북측은 미국이 6.12 북미 공동 성명의 정신에 따라 상응 조치를 취하면 영변 핵 시설의 영구적 폐기와 같은 추가적인 조치를 계속 취해 나갈 용의가 있음을 표명했다'는 조항이 들어 있다.
미국이 종전 선언 등 안전 보장 조치를 해야지만 북한이 영변 핵 시설 영구 폐기와 같은 추가 조치를 할 것이란 의미로 해석된다.?
그러나 블룸버그는 북한이 영변 핵 시설 폐쇄를 어떻게 진행할지 언급하지 않았다고 했다.
블룸버그는 “동창리 시설은 유관국 전문가들의 감독 아래 폐쇄될 예정“이라며 “영변 핵 시설의 운명이 어떻게 될지는 명확하지 않고 조건부적인 것으로 보인다“고 했다.?
이번 남북 공동 선언을 긍정적으로 보는 시각도 있다.
월스트리트저널(WSJ)은 북한이 외부 사찰단을 불러 동창리 엔진 시험장과 미사일 발사대를 폐쇄하겠다고 밝힌 점에 주목했다.
WSJ는 “이는 교착 상태에 빠진 미국과의 협상을 타개하고 한국과의 교류를 이어 가기 위해 김정은이 내놓은 수“라며 “이번 발표는 3개월 전 싱가포르 정상회담에 잇어 2차 미북 정상회담에 대한 의향을 밝힌 김정은과 트럼프 대통령 사이에 돌파구가 마련되지 않을까 하는 새 희망을 불러일으켰다“고 평했다.?
일본 주요 매체도 이번 공동 선언에 비핵화와 관련한 새롭ㄴ 내용은 빠졌다고 평했다.
평양 공동 선언에는 '남과 북은 한반도를 핵무기와 핵 위협이 없는 평화의 터전으로 만들어 나가야 하며 이를 위해 필요한 실질적인 진전을 조속히 이뤄 나가야 한다는 데 인식을 같이 했다' '남과 북은 한반도의 완전한 비핵화를 추진해 나가는 과정에서 함께 긴밀히 협력해 나가기로 했다'는 표현이 담겼으나, 세부 방안은 언급되지 않았다.
아사히 신문은 이번 평양 공동 선언이 “한반도 비핵화 의지를 재확인하는 수준에 그쳤다“고 평했다.
합의문에서 '완전한 비핵화'를 언급했지만, 이 부분은 이전 정상회담 공동 선언문에도 들어가 있던 내용일뿐더러 김정은이 공동 기자 회견에서 구체적인 비핵화 방안도 언급하지 않았다는 것이다.?
아사히 신문은 문 대통령은 미국이 요구하는 북한 비핵화를 이루기 위해 김정은을 계속 설득해야 할 것이라고 내다봤다.
신문은 “김정은은 풍계리 핵 실험장 폐쇄 등 조치를 했지만 미국이 이를 비핵화 노력으로 높게 평가하지 않자 불만을 품은 것으로 알려졌으며, 이 때문에 '미국이 상응 조치를 취하면'이라는 조건을 달ㄴ 평행 선을 달리는 합의문이 나왔다“고 전했다.?
니혼게이자이신문은 공동 선언에 미국이 요구하는 핵 시설의 신고나 검증과 관련한 내용이 담기지 않았다고 평했다.
이 신문은 “미국이 이번 남북 비핵화 합의를 어떻게 평가할 것인지가 앞으로의 관건“이라고 했다.
미국이 그동안 북한에 요구한 핵 목록 제출과 검증 내용이 합의서에 포함되지 않았고 두 정상의 기자 회견에서도 이 부분이 언급되지 않은 점을 지적한 것이다.",31,2779
iks_doc_2018_chosun_161,Chosun 2018 total annotated text file unicode.txt,Chosun Ilbo,조선일보,2018,2018_multi_summit,"남북 국방장관, '군사 분야 합의서' 서명 DMZ 내 GP 완전 철수 합의",,"남북은 19일 '판문점 선언 이행을 위한 군사 분야 합의서'를 체결, 모든 공간에서의 상대방에 대한 적대 행위를 전면 중지하기로 했다.?
송영무 국방부 장관과 노광철 북한 인민 무력상(우리의 국방부 장관 격)은 이날 문재인 대통령과 김정은 북한 국무위원장이 임석한 가운데 군사 분야 합의서에 서명했다.?
남과 북은 비무장 지대(DMZ)를 평화 지대로 만들어 나가기 위한 군사적 대책을 강구하기로 했다.
이를 위해 양측은 DMZ 내 감시 초소(GP)를 전부 철수하기로 하고, 시범적 조치로 상호 1km 이내 근접해 있는 남북 GP를 완전히 철수하기로 했다.
판문점 공동경비구역도 비무장화한다.
아울러 DMZ 내 남북 공동 유해 발굴 작업과 역사 유적 공동 조사에 나서기로 합의했다.
남북은 또 서해 해상에 평화 수역을 설정하고, 해상에서의 우발적 충돌을 방지 및 적대 행위 중지 조치를 취하기로 했다.
또 서해상에 시범적 공동 어로 구역을 설정해 이 지역에 출입하는 인원 및 선박에 대한 안전을 보장하기로 했다.?
국방부 관계자는 “이번 군사 합의서 체결로 한반도에서의 전쟁 위험을 실질적으로 해소하기 위한 계기를 마련했다“면서 “과거와 같은 군사적 긴장 및 위협 상황이 반복적으로 재발하지 않도록 하기 위한 남북 군사 당국의 진정성 있는 노력을 확인했다“고 평가했다.",9,653
iks_doc_2018_chosun_162,Chosun 2018 total annotated text file unicode.txt,Chosun Ilbo,조선일보,2018,2018_multi_summit,정의용 “다음 주 한미정상회담서 비핵화 협상 가속화 방안 논의 가능해져“,,"정의용 청와대 국가 안보실장은 19일 “(남북 정상 간)논의의 결과를 토대로 내주 초 뉴욕 한미 정상회담에서 북미 비핵화 협상의 속도를 낼 수 있는 방안에 관해서 양 정상 간의 심도 있는 논의가 가능해졌다“고 말했다.
정 실장은 이날 문재인 대통령과 김정은 북한 국무위원장의 '9월 평양 공동 선언' 브리핑 후 기자들과 만나 “(비핵화와 관련해)공동 선언 내용 이외에도 많은 논의가 있었다“면서 이 같이 밝혔다.
공동 선언 내용 이외의 논의와 관련해선 '핵 사찰 수용' 가능성이 제기된다.
도널드 트럼프 미국 대통령은 남북 정상의 '공동 선언' 발표 이후 트위터에 “북한 김정은 국무위원장이 핵 사찰을 허용하는 데 합의했다“(Kim Jong UN has agreed to allow Nuclear inspEMtions)고 썼다.
정 실장은 “완전한 비핵화 목표를 달성하기 위한 구체적 방안에 대해서 남북 정상이 상당한 시간을 할애해서 심도 있게, 허심탄회하게 논의한 것 자체가 상당한 의미“이라면서 “비핵화 논의 과정에서 남북이 함께 긴밀히 협력해 나가기로 정상 차원에서 합의한 것도 큰 의미가 있다“고 했다.
그는 “동창리 미사일 엔진 실험장과 발사대를 영구적으로 폐기하기로 하고, 미국을 포함한 국제 사회의 참관을 허용하기로 했다“며 “이러한 것은 과거 북측이 선제적으로 취한 비핵화 조치들이 보여 주기식 폐기라는 국제 사회의 불신을 해소하는 데도 크게 도움이 될 것“이라고 했다.
잇어 “북한 핵 개발의 핵심적인, 그리고 상징적인 영변 핵 시설을 미국의 상응 조치와 함께 영구적으로 폐기할 의지가 있음을 북한 최고 지도자가 직접 처음으로 공개적으로 확인한 점도 의미가 있다“며 “이번 회담 결과를 토대로 제가 조금 전에 말씀 드린 것처럼 북미 협상이 좀 더 속도를 낼 수 있을 것“이라고 했다.
정 실장은 '영변 핵 시설 폐기에 상응하는 조치가 종전 선언을 의미하느냐'는 질문에 “종전 선언을 포함한 여러 가지 방안들이 검토될 수 있다“고 답했다.?
'비핵화와 관련해 더 나아간 구체적 행동은 아직 없다'는 지적엔 “공동 선언에 표현이 있는 것처럼 영변 핵 시설 폐기를 포함한 추가적인 조치들이 있을 것이라고 했다.
북미 협상을 지켜 보면 구체적인 결과가 나올 것“이라고 했다.
정 실장은 이와 함께 “(남북 정상이)남북 간의 군사적 신뢰를 넘어서 지상, 해상 또 공중에서 적대 행위를 중단하고, 비무장 지대를 평화 지대화하는 구체적인 실천 방안을 합의했다“면서 “이것은 사실상 남북 간에 불가침 합의를 한 것“이라고 평가했다.
그러면서 “이번 합의를 통해서 남과 북은 사실상 초보적 단계의 운영적 군비 통제를 개시했다.
앞으로 남북 정상의 의지가 남북 간의 군사적 긴장 완화, 또 전쟁 위협의 완전한 해소에 더 반영될 것“이라고 덧붙였다.
다음은 군사 합의서 전문.",14,1384
iks_doc_2018_chosun_163,Chosun 2018 total annotated text file unicode.txt,Chosun Ilbo,조선일보,2018,2018_multi_summit,'역사적인 판문점 선언 이행을 위한 군사 분야 합의서',,"남과 북은 한반도에서 군사적 긴장 상태를 완화하고 신뢰를 구축하는 것이 항구적이며 공고한 평화를 보장하는 데 필수적이라는 공통된 인식으로부터 한반도의 평화와 번영, 통일을 위한 판문점 선언을 군사적으로 철저히 이행하기 위해 다음과 같이 포괄적으로 합의했다.
1. 남과 북은 지상과 해상, 공중을 비롯한 모든 공간에서 군사적 긴장과 충돌의 근원으로 되는 상대방에 대한 일체의 적대 행위를 전면 중지하기로 했다.
① 쌍방은 지상과 해상, 공중을 비롯한 모든 공간에서 무력 충돌을 방지하기 위해 다양한 대책을 강구했다.
쌍방은 군사적 충돌을 야기할 수 있는 모든 문제를 평화적 방법으로 협의 해결하며, 어떤 경우에도 무력을 사용하지 않기로 했다.
쌍방은 어떠한 수단과 방법으로도 상대방의 관할 구역을 침입 또는 공격하거나 점령하는 행위를 하지 않기로 했다.
쌍방은 상대방을 겨냥한 대규모 군사 훈련 및 무력 증강 문제, 다양한 형태의 봉쇄 차단 및 항행 방해 문제, 상대방에 대한 정찰 행위 중지 문제 등에 대해 '남북군사공동위원회'를 가동해 협의해 나가기로 했다.
쌍방은 군사적 긴장 해소 및 신뢰 구축에 따라 단계적 군축을 실현해 나가기로 합의한 판문점 선언을 구현하기 위해 이와 관련된 다양한 실행 대책들을 계속 협의하기로 했다.
② 쌍방은 2018년 11월 1일부터 군사 분계선 일대에서 상대방을 겨냥한 각종 군사 연습을 중지하기로 했다.
지상에서는 군사 분계선으로부터 5km 안에서 포병 사격 훈련 및 연대 급 이상 야외 기동 훈련을 전면 중지하기로 했다.
해상에서는 서해 남측 덕적도 이북으로부터 북측 초도 이남까지의 수역, 동해 남측 속초 이북으로부터 북측 통천 이남까지의 수역에서 포 사격 및 해상 기동 훈련을 중지하고 해안포와 함포의 포구 포신 덮개 설치 및 포문 폐쇄 조치를 취하기로 했다.
공중에서는 군사 분계선 동 서부 지역 상공에 설정된 비행 금지 구역 내에서 고정익 항공기의 공대지 유도 무기 사격 등 실탄 사격을 동반한 전술 훈련을 금지하기로 했다.
③ 쌍방은 2018년 11월 1일부터 군사 분계선 상공에서 모든 기종들의 비행 금지 구역을 다음과 같이 설정하기로 했다.
고정익 항공기는 군사 분계선으로부터 동부 지역(군사 분계선 표식물 제0646호부터 제1292호까지의 구간)은 40km, 서부 지역(군사 분계선 표식물 제0001호부터 제0646호까지의 구간)은 20km를 적용해 비행 금지 구역을 설정한다.
회전익 항공기는 군사 분계선으로부터 10km로, 무인기는 동부 지역에서 15km, 서부 지역에서 10km로, 기구는 25km로 적용한다.?
다만, 산불 진화, 지해상 조난 구조, 환자 후송, 기상 관측, 영농 지원 등으로 비행기 운용이 필요한 경우에는 상대 측에 사전 통보하고 비행할 수 있도록 한다.
민간 여객기(화물기 포함)에 대해서는 상기 비행 금지 구역을 적용하지 않는다.
④ 쌍방은 지상과 해상, 공중을 비롯한 모든 공간에서 어떠한 경우에도 우발적인 무력 충돌 상황이 발생하지 않도록 대책을 취하기로 했다.
이를 위해 지상과 해상에서는 경고 방송 → 2차 경고 방송 → 경고 사격 → 2차 경고 사격 → 군사적 조치의 5개 단계로, 공중에서는 경고 교신 및 신호 → 차단 비행 → 경고 사격 → 군사적 조치의 4개 단계의 절차를 적용하기로 했다.
쌍방은 수정된 절차를 2018년 11월 1일부터 시행하기로 했다.
⑤ 쌍방은 지상과 해상, 공중을 비롯한 모든 공간에서 어떠한 경우에도 우발적 충돌이 발생하지 않도록 상시 연락 체계를 가동하며, 비정상적인 상황이 발생하는 경우 즉시 통보하는 등 모든 군사적 문제를 평화적으로 협의해 해결하기로 했다.
2. 남과 북은 비무장 지대를 평화 지대로 만들어 나가기 위한 실질적인 군사적 대책을 강구하기로 했다.
① 쌍방은 비무장 지대 안에 감시 초소(GP)를 전부 철수하기 위한 시범적 조치로 상호 1km 이내 근접해 있는 남북 감시 초소들을 완전히 철수하기로 했다.?
② 쌍방은 판문점 공동경비구역을 비무장화하기로 했다.
③ 쌍방은 비무장 지대 내에서 시범적 남북 공동 유해 발굴을 진행하기로 했다.
④ 쌍방은 비무장 지대 안의 역사 유적에 대한 공동 조사 및 발굴과 관련한 군사적 보장 대책을 계속 협의하기로 했다.
3. 남과 북은 서해 북방 한계선 일대를 평화 수역으로 만들어 우발적인 군사적 충돌을 방지하고 안전한 어로 활동을 보장하기 위한 군사적 대책을 취해 나가기로 했다.
① 쌍방은 2004년 6월 4일 제2차 남북 장성급 군사 회담에서 서명한 '서해 해상에서의 우발적 충돌 방지' 관련 합의를 재확인하고, 전면적으로 복원 이행해 나가기로 했다.
② 쌍방은 서해 해상에서 평화 수역과 시범적 공동 어로 구역을 설정하기로 했다.
③ 쌍방은 평화 수역과 시범적 공동 어로 구역에 출입하는 인원 및 선박에 대한 안전을 철저히 보장하기로 했다.
④ 쌍방은 평화 수역과 시범적 공동 어로 구역 내에서 불법 어로 차단 및 남북 어민들의 안전한 어로 활동 보장을 위해 남북 공동 순찰 방안을 마련해 시행하기로 했다.
4. 남과 북은 교류 협력 및 접촉 왕래 활성화에 필요한 군사적 보장 대책을 강구하기로 했다.
① 쌍방은 남북 관리 구역에서의 통행 통신 통관(3통)을 군사적으로 보장하기 위한 대책을 마련하기로 했다.
② 쌍방은 동 서해선 철도 도로 연결과 현대화를 위한 군사적 보장 대책을 강구하기로 했다.
③ 쌍방은 북측 선박들의 해주 직항로 이용과 제주 해협 통과 문제 등을 남북군사 공동위에서 협의해 대책을 마련하기로 했다.
④ 쌍방은 한강(임진강) 하구 공동 이용을 위한 군사적 보장 대책을 강구하기로 했다.?
5. 남과 북은 상호 군사적 신뢰 구축을 위한 다양한 조치들을 강구해 나가기로 했다.
① 쌍방은 남북 군사 당국자 사이에 직통 전화 설치 및 운영 문제를 계속 협의해 나가기로 했다.
② 쌍방은 남북군사공동위원회 구성 및 운영과 관련한 문제를 구체적으로 협의 해결해 나가기로 했다.
③ 쌍방은 남북 군사 당국 간 채택한 모든 합의들을 철저히 이행하며, 그 이행 상태를 정기적으로 점검?평가해 나가기로 했다.
6. 이 합의서는 쌍방이 서명하고 각기 발효에 필요한 절차를 거쳐 그 문본을 교환한 날부터 효력을 발생한다.
① 합의서는 쌍방의 합의에 따라 수정 및 보충할 수 있다.
② 합의서는 2부 작성됐으며, 같은 효력을 가진다.",42,3093
iks_doc_2018_chosun_164,Chosun 2018 total annotated text file unicode.txt,Chosun Ilbo,조선일보,2018,2018_multi_summit,2018년 9월 19일 대한민국 국방부 장관 송영무 조선민주주의인민공화국 인민 무력상 조선 인민군 대장 노광철,[평양 공동 선언] 中 언론 “첫 비핵화 합의 도달... 김정은 서울 답방은 '파천황'“,"중국 관영 언론은 19일 문재인 대통령과 김정은 북한 국무위원장이 평양에서 서명한 '9 월 평양 공동 선언'에 담긴 김정은의 서울 방문 계획과 동창리 서해 위성 발사장 폐기 조치 등에 대해 긍정적으로 평가했다.
중국 관영 환구시보(공산당 기관지 인민일보의 자매지)는 이날 김정은의 서울 방문 계획에 대해 '파천황(破天荒)'이라고 평가했다.
파천황은 이제까지 아무도 하지 못하았던 일을 성취했다는 의미다.?
문 대통령과 김정은이 서명한 9월 평양 공동 선언의 마지막 항에는 “김정은 국무위원장은 문재인 대통령의 초청에 따라 가깝ㄴ 시일 내로 서울을 방문하기로 했다“는 내용이 담겼다.
공동 선언문 내용대로 올해 김정은이 서울을 방문하면 이는 북한 최고 지도자로는 최초의 서울 방문이 된다.
환구시보는 남북한이 전문가 참관하에 북한의 동창리 서해 위성 발사장 폐기를 진행하기로 한 것에 대해 “북한은 동창리에 있는 엔진 시험장을 자국 내 유일한 시험장이라고 밝혀 왔다“며 “이 시험장을 폐기하는 것은 북한이 장거리 미사일 시험을 완전히 중단할 것임를 의미한다“고 분석했다.
이날 공개된 9월 평양 공동 선언에는 “남과 북은 한반도를 핵무기와 핵 위협이 없는 평화의 터전으로 만들어 나가야 하며 이를 위해 필요한 실질적인 진전을 조속히 이뤄 나가야 한다는 데 인식을 같이 했다“며 “북측은 동창리 엔진 시험장과 미사일 발사대를 유관국 전문가들의 참관 하에 우선 영구적으로 폐기하기로 했다“는 내용이 포함됐다.
아울러 중국 관영 방송 CCtv는 9월? 평양 공동 선언 내용과 관련, “남북한 정상이 비핵화 프로그램에 관한 합의에 도달한 것은 처음“이라고 평가했다.
CCtv는 “올해 3번째 만난 (남북한) 양국 정상의 3 대 의제는 한반도 비핵화, 남북 관계 개선, 군사적 긴장 전쟁 위험 완화였다“며 “문재인 대통령과 김정은 북한 국무위원장은 이날 오전 '평양 9월 공동 성명'이란 회담 협정에 서명했다“고 전했다.",9,957
iks_doc_2018_chosun_165,Chosun 2018 total annotated text file unicode.txt,Chosun Ilbo,조선일보,2018,2018_multi_summit,"[전문가 분석]“비핵화는 제자리 걸음, 경협은 과속““김정은 육성 비핵화 언급은 의미“",,"문재인 대통령과 김정은 북한 국무위원장은 19일 정상회담을 열고 남북한 군축과 경제 협력 민간 협력 활성화 등의 내용이 담긴 '9월 평양 공동 선언'을 발표했다.
하지만 당초 기대했던 비핵화 관련 합의는 선언문 6가지 과제 중 말민 5번째에 담겼다.
비핵화의 구체적 방안이 담길 것이라는 기대가 있었지만, 실질적 방안은 담기지 않았다.
전문가들 사이에서는 “이전 판문점 선언의 답보 수준“이라는 지적이 나왔다.
양 정상은 합의문에서 “남과 북은 한반도를 핵무기와 핵 위협이 없는 평화의 터전으로 만들어 나가야 하며 이를 위해 필요한 실질적 진전을 조속히 이뤄 나가야 한다는 데 인식을 같이 했다“고 했다.
그러면서 동창리 엔진 시험장과 미사일 발사대를 영구적으로 폐기하고, 조건부로 영변 핵 시설을 폐기할 용의가 있다고 했다.
지난 6.12 미북정상회담 당시 미국에 약속했던 동창리 시설의 폐기를 재확인하고, 미국의 '성의'를 본 뒤 영변 핵 시설을 폐기하겠다는 뜻이다.
신범철 아산정책연구원 안보통일센터장은 “신고 검증 등 새롭ㄴ 의미 있는 북한의 비핵화 조치가 없었다“고 했다.
신 센터장은 “더욱 큰 문제는 북한이 주장하는 살라미식 단계적 비핵화 방안을 우리가 수용해 줬다는 것“이라며 “미사일 실험장, 영변 핵 시설 등 북한이 대상을 정한 뒤 비핵화 조치를 하고 국제 사회의 보상을 받는 실효성 없는 '셀프 비핵화'를 받아 줬다“고 했다.
남성욱 고려대 교수도 “비핵화는 제자리 걸음, 경협과 민족 공조는 과속“이라며 “동창리 시설 폐기는 구문이고 영변 핵 시설 폐기조차도 미국이 '종전 선언'을 해야 해 주겠다는 단서를 달았다“고 했다.
남 교수는 “이런 상황에서 철도 연내 착공식 등 한미 관계 갈등 요소는 더욱 많아졌다“며 “'한반도 운전자론'을 표방했지만, 남북 정상회담이 북한 비핵화 문제를 더 이상 다룰 수 없는 구조적 숙명만 절감한 셈“이라고 했다.
정성장 세종연구소 연구 기획 본부장은 “결국 북한이 확실하게 약속한 것은 동창리 엔진 시험장과 미사일 발사대의 영구 폐기뿐이고 영변 핵 시설의 폐기는 미국이 '상응 조치'를 취할 때 이루어질 수 있을 전망“이라며 “남북 정상 간의 이 같은 합의는 물론 북한 비핵화의 진전에 일정 부분 기여하기는 하겠지만, 미국의 대북 강경파들을 얼마나 만족시킬지 의문“이라고 했다.
북한이 미국의 종전 선언 없이 영변 핵 시설을 폐기하더라도 큰 의미가 없다는 얘기도 나왔다.
한 국책연구소 관계자는 “이미 북한은 지난 2007년 '영변 냉각 탑 폭파 쇼'를 벌였지만 아무 실효성이 없었다는 것이 입증됐다“며 “또 어떤 영변 핵 시설을 어떻게 폐기하겠다는 구체성도 없다“고 했다.
다만, 김정은이 처음 육성(肉聲)으로 “핵 없는 한반도“를 언급한 것은 진전된 성과라는 말도 나왔다.
정부 관계자는 “지금까지는 김정은이 '비핵화'에 대해 직접 언급을 한 적이 없었고 오로지 전언(傳言)뿐이었다“며 “육성으로 비핵화 의지를 확인한 것은 의미가 있다“고 했다.
하지만 남주홍 경기대 교수는 “김정은의 이번 핵 관련 발언은 이미 지난 4.27 판문점 선언에도 나와 있던 내용“이라며 “정작 중요한 핵 폐기 목록과 타임 테이블 관련 이야기는 전혀 없었다“고 했다.
靑 “文 대통령, 20일 오전 김정은과 함께 백두산 방문“평양~삼지연공항 항공편, 삼지연공항~백두산 중턱 차량 이용해 이동 장군봉 및 천지 방문 예정... 삼지연공항에서 환송 행사 후 곧바로 서울 귀환 문재인 대통령은 오는 20일 김정은 북한 국무위원장과 함께 백두산을 방문한다고 청와대가 19일 밝혔다.?
교통 편은 평양 순안공항에서 삼지연공항까지는 항공편을, 이후 백두산 중턱까지는 차량을 이용해 오를 계획이다.
산 중턱부터 장군봉까지는 현지 궤도 차량을 이용할 것으로 보인다.
양 정상의 백두산행에는 우리 측 수행원단은 물론 취재진 전원이 동행할 예정이며, 문 대통령 일행은 백두산 일정이 끝난 뒤 평양을 거치지 않고 곧바로 서울로 돌아올 예정이다.
김의겸 청와대 대변인은 이날 오후 평양 고려호텔 프레스 센터 브리핑에서 “문 대통령의 방북 3일짼 내일(20일) 일정을 말한다“며 이 같이 전했다.?
김 대변인은 “두 정상의 백두산 방문은 김 위원장의 제안하고, 문 대통령이 이를 받아들여 이루어졌다“며 “백두산 방문은 내일(20일) 아침 일찍 출발할 예정이며 구체적 일정은 현재 협의 중이다.
결정되는 대로 알려 드리겠다“고 설명했다.?
김 대변인의 평양 현지 브리핑은 서울 동대문디자인프라자 프레스 센터로 생중계됐다.
그는 이후 현지에서 취재진과의 질의 응답을 하고 “지금 기상 상황에 따라서 좀 유동적“이라며 “기상 상황이 좋으면 가는 데까지 다 갈 것이고, 상황이 좋지 않으면 그 중도쯤에 끊지 않을까 싶다“고 말했다.?
잇어 “일단 백두산의 남쪽 정상인 장군봉까지는 올라갈 예정이고, 날씨가 좋으면 내려가는 길에 천지까지도 갈 예정“이라고 덧붙였다.
김 대변인은 '김정은이 언제, 어떻게 제안했나'이라는 물음에는 “어제 오늘 사이의 일“이라고 답했다.
그는 우리 측 동행자를 묻는 물음에 “평양 순안국제공항에서 여러분들과 같이 비행기를 타고 백두산 근처 삼지연공항에서 내려 차편으로 백두산 정상까지 올라갈 예정“이라며 “수행원들과 같이 움직일 것이라고 알고 있다“고 말했다.?
청와대 관계자는 이와 관련 “수행원과 기자단 모두 같이 가는 것“이라며 “삼지연공항에서 서울로 바로 간다“고 덧붙였다.
문 대통령에 대한 환송 행사도 삼지연에서 진행될 예정이다.
김 대변인은 백두산 방문 배경에 대해 “문 대통령이 평소 백두산을 가고 싶다, 가더라도 중국 쪽이 아닌 우리 쪽을 통해서 가고 싶다라는 뜻을 여러 차례 말했다“며 “아마 그런 내용들을 북측에서 알고 있었던 것이 아닌가 싶다“고 했다.?
잇어 “(백두산) 장군봉을 오르는 방법은 버스를 타고 산 중턱까지 올라간 다음에 궤도 차량을 타고 장군봉까지 올라갈 수 있도록 시설이 갖춰져 있고, 장군봉 정상에서 천지로 내려가는 길은 삭도 케이블카가 설치돼 있다고 한다“며 “현재 이용할 수 있는 시설이 그 정도“라고 덧붙였다.",33,2963
iks_doc_2018_chosun_166,Chosun 2018 total annotated text file unicode.txt,Chosun Ilbo,조선일보,2018,2018_multi_summit,"김정숙 여사, 만경대학생소년궁전 참관... 특별 수행단과 공연 관람",,"문재인 대통령의 부인 김정숙 여사가 평양 남북정상회담 둘째 날인 19일 평양 만경대학생소년궁전을 방문했다.
김 여사는 이날 오전 10시 30분경 평양 만경대 구역에 위치한 만경대학생소년궁전을 찾았다.
만경대학생소년궁전은 북한 청소년을 대상으로 한 방과 후 활동 교육 기관으로, 예체능 영재를 육성하기 위한 시설이다.
참관에 앞서 북측 어린이로부터 꽃다발을 받은 김 여사는 럼윤학 만경대학생소년궁전 총장의 안내를 받으며 시설을 둘러봤다.?
럼 총장은 “수업을 마친 학생들이 오후 활동을 하는 곳“이라며 “모두 5000명의 아이들이 예술 체육 과학 등 분야에서 교육을 받고 있다“고 설명했다.
또 “원래 아이들이 오후에 오는데, 오늘 (김 여사가) 오신다고 특별히 학교와 학부모들에게 양해를 구하고, 오전에 준비를 했다“며 김 여사에 각종 시설을 소개했다.
김 여사는 이에 대해 “우리나라도 부모들이 흔히 맞벌이를 하다 보니 아이들이 학교 (수업을) 끝내고 나서의 교육 문제에 대해 (관심이 크다)“고 답했다.
잇어 럼 총장과 학생소년궁전 내 무용실에서 학생들의 무용 공연을 감상한 뒤, 수영장 내 다이빙 수업과 가야 급 수업 등을 둘러보며 종종 관심을 표하기도 했다.
김 여사는 참관 마지막 순서로 학생소년궁전 내 공연장으로 이동해 학생들이 준비한 공연을 관람했다.
앞서 다른 일정 수행을 마친 박원순 서울 시장을 비롯해 최문순 강원 지사, 정동영 민주평화당 대표, 박지원 민주평화당 의원, 문정인 대통령 통일 외교 안보 특별 보좌관, 이재용 삼성전자 부회장, 구광모 LG 그룹 회장, 최태원 SK 그룹 회장, 현정은 현대그룹 회장 등 특별 수행단원들이 합류했다.
럼 총장은 공연 직후 “원래는 5~600명이 참여하는 공연인데, 오늘은 소품 공연이라 400~500명으로 (인원을) 추렸다“고 설명했다.
이에 김 여사는 “초대해 주셔서 고맙다“며 “특별 수행단까지 와서 많은 분들이 함께 볼 수 있어서 더 특별히 감사하다는 말씀을 드린다“고 사의를 표했다.",12,981
iks_doc_2018_chosun_167,Chosun 2018 total annotated text file unicode.txt,Chosun Ilbo,조선일보,2018,2018_multi_summit,"靑 “文 대통령, 집단 체조 '빛나는 조국' 北 관객 15 만 명에게 인사말“",,"문재인 대통령은 19일 오후 대집단 체조와 예술 공연 '빛나는 조국'을 관람하면서 북측 관객 15 만 명을 상대로 인사말을 할 계획이라고 청와대가 밝혔다.?
윤영찬 청와대 국민 소통 수석 비서관은 이날 오전 서울 동대문디자인프라자 브리핑에서 “5.1 경기장의 대집단 체조 예술 공연에서 대통령이 북측 참석자 15 만 명을 향한 인사말을 한다“며 “시간은 1~2분 정도 될 것으로 예상하고 있고 생중계가 준비돼 있다“고 말했다.?
한편, 윤 수석은 “오전 남북 정상이 추가 회담을 했을 때 남측에서는 서훈 국가정보원장, 북측에서는 김영철 북한 노동당 중앙 위원회 부위원장이 배석한 것으로 확인됐다“고 했다.
그는 이날 발표된 9월 평양 공동 선언에 대해서는 “두 정상은 이번 선언을 통해 1953년부터 지금까지 65년 간 이어져 온 한반도 정전 상태를 넘어 실질적으로 종전 선언을 하고, 그를 통해 조성된 평화를 바탕으로 공동 번영으로 가는 구체적 실천 방안을 제시했다고 생각한다“고 말했다.?
윤 수석은 “한반도 비핵화는 영변 핵 시설 폐기 의지를 밝혀 북한 핵 불능화의 실천적 단계로 돌입했고, 군사적 긴장 완화는 실질적 불가침의 제도화 방안을 마련했다“며 “남북 관계에서는 평화를 바탕으로 남북 공동 번영으로 가는 이정표를 제시했다“고 했다.",5,641
iks_doc_2018_chosun_168,Chosun 2018 total annotated text file unicode.txt,Chosun Ilbo,조선일보,2018,2018_multi_summit,“평양 남북정상회담은 김정은의 '프로파간다' 수단“,,"이번 평양 남북정상회담이 김정은 북한 국무위원장이 자신의 업적을 홍보하는 '프로파간다(정치 선전)' 수단으로 쓰이고 있다는 분석이 나오고 있다.
18일(현지 시각) AP통신은 “이번 정상회담은 김정은이 북한 주민에게 보여 주는 '대극장(the Grand Theater)'“이라고 보도했다.
김정은은 자신이 위대한 지도자라는 것ㄹ 북한 주민에게 보여 줄 기회를 찾고 있었는데, 평양 남북정상회담과 문재인 대통령의 방북(訪北)이 '특별한 기회'가 됐다는 것이다.?
특히 김정은은 자신이 북한 경제 부흥을 이끌ㄹ 중추적 인물이라는 것을 북한 주민에게 보여 주고 싶어 한다고 AP통신은 전했다.
또 문 대통령이 평양에서 북한 주민의 열렬한 환영을 받으며 활짝 웃는 모습이 찍힌 사진은 김정은이 꾀한 세련된 광경이라고 분석했다.
AP통신은 김정은의 여동생인 김여정 노동당 중앙위 제1 부부장을 가리켜 '김정은의 주요 선전자'라고 평하기도 했다.
매체는 외국 정상의 방북도 김정은을 드높이는 수단이 된다고 봤다.
AP통신은 “북한이 외국 정상의 방북(訪北)을 '위대한 지도자의 덕목'을 반영하는 것으로 묘사하고 있다“고 전했다.
문 대통령이 '한반도에서 불법적인 지도자를 보기 위해 평양 순례'를 온 셈이라고도 표현했다.
반면 청와대는 문 대통령의 방북이 선전으로 이용되는 가능성을 낮게 평했다고 AP통신은 전했다.
또 AP통신은 북한이 이런 선전전을 펴는 것은 한국에 '단일 국가'이라는 이미지를 씌워, 오랜 동맹인 미국과 멀어졌으면 하기 때문이라고 진단했다.
일본 아사히 신문도 한국 정부 전 고위 관계자를 인용, 이번 남북정상회담이 “김정은의 업적 홍보의 장“이라고 전했다.
신문은 북한이 지난 18일 평양으로 온 문 대통령을 환대했지만, 곳곳에는 '진짜 주인공'이 김정은이라는 것을 알ㄹ 수 있게 하는 장치가 있었다는 분석을 내 놨다.
신문은 대표적인 예로 문 대통령이 평양 순안공항에 도착했을 때 북한 주민들이 흔들ㄴ 한반도 기와 인공기를 들었다.
인공기를 자연스럽게 노출해 북한을 국제 사회에서 인정 받는 '정상 국가'로 내세우려고 하려는 김정은의 강한 의지라는 것이다.
2000년 김대중 전 대통령, 2007년 노무현 전 대통령이 방북했을 때는 꽃다발만 있었고 인공기는 없었다.
영국 가디언도 “문재인 정권이 김정은을 좋은 사람으로 묘사하는 접근 법은 매우 위험하다“며 “한국 정부는 북한에 의해 이용되고 있다“고 전했다.
가디언은 이번 정상회담이 정치범 수용소에 8만~12 만 명에 이르는 사람을 가두고, 고문 등을 자행하는 북한의 지도잔 김정은을 미화한다고 전했다.",18,1271
iks_doc_2018_chosun_169,Chosun 2018 total annotated text file unicode.txt,Chosun Ilbo,조선일보,2018,2018_multi_summit,"외신 기자 “평양 공동 선언, 근본적 변화 없어“김정은 서울 방문엔 호기심",,"문재인 대통령과 김정은 북한 국무위원장의 19일 정상회담 후 발표된 '9월 평양 공동 선언'에 대해 외신 기자들은 “합의를 축하한다“고 했지만, 실제 합의가 이행될지는 회의적이었다.
“회담 내용에 근본적인 변화가 담긴 것은 아니고, 비핵화에 대한 내용이 불충분하다“는 이유 때문이다.
다만 김정은이 연내 서울에 방문할 것이라는 발표에 대해서는 “무슨 일이 일어날지 매우 궁금하다“고 했다.
프랑스 일간지 '르피가로'의 세바스티앙 팔레띠(Sebastien Falletti) 한국 특파원은 “남한과 북한은 이번 회담에서 여러 사안에서 앞으로 나아갔지만, 깊게 들여다보면 근본적인 변화가 있는 것은 아니다“며 “김정은의 서울 방문은 이번 합의에서 가장 극적인 부분이었고 주된 성과지만, 실질적인 변화를 가져올지는 지켜 봐야 한다“고 했다.
팔레띠 특파원은 도널드 트럼프 미국 대통령이 이번 회담 결과에 대해 '흥미롭다'고 한 것에 대해서는 “트럼프 대통령은 11월에 중간 선거를 치러야 하기 때문에, 미국 역시 이번 정상회담을 계기로 변화를 보일 것이다.
다만 그 변화가 상징적인 제스처에 그칠 가능성이 있다“고 했다.
미국의소리(VOA) 방송 스티븐 밀러 한국 특파원은 “김정은이 문 대통령의 제안을 받아들여 미사일 발사대 등을 영구적으로 폐기하기로 한 것이 흥미롭다“면서 “그러나 영변 핵 실험장과 관련해서는 더 지켜 봐야 할 것 같다“고 했다.
그는 “김정은이 서울에 왔을 때 어떤 일이 벌어질지 매우 궁금하다“고 했다.
일본 지상파 방송사 TBS의 이다 시게토시(井田重利) 기자는 서울 중구 동대문디자인플라자(DDP)에 설치된 프레스 센터에서 9월 평양 공동 선언 발표를 생중계로 지켜 본 뒤 “김정은이 연내 서울에 오는 것, 남과 북의 경제 협력, 긴장 완화 측면에서 폭넓게 합의했다“면서도 “합의문에 들어간 비핵화에 관한 문구가 미국의 시각에서 봤을 때 부족할지 모른다.
그래서 합의 내용을 추진하기에 여러 어려움이 있을 것“이라고 했다.
경제 협력에 대해서도 “북한에 대한 경제 제재가 해제돼야 가능한 내용이다.
북한이 비핵화를 실행하지 않으면 이번에 합의한 경제 협력 내용을 추진하기는 어렵ㄹ 것 같다“고 했다.",12,1075
iks_doc_2018_chosun_170,Chosun 2018 total annotated text file unicode.txt,Chosun Ilbo,조선일보,2018,2018_multi_summit,싱가포르 일간지 '더스트레이트타임스'의,,"May Choon) 서울 특파원은 “김 위원장이 올해 서울에 방문한다는 말을 듣고 깜짝 놀랐다“며 “올해는 3달 남았는데, 그 사이 김정은은 트럼프 대통령, 문재인 대통령과 다시 만날 것으로 보인다.
트럼프 대통령은 자신이 국제적으로 강력한 힘을 갖고 있는지 보여 주기를 원해 김정은과의 만남은 트럼프 대통령에게도 이익이 된다“고 했다.
그는 잇어 “남한과 북한은 이 상황을 이용해 경제 협력과 개성 공단 재개 등? 소통을 이어 나갈 것으로 생각한다“고 했다.
나이지리아 외교 전문지 '디플로매트엑스트라'의 라파엘 오니(Raphael Oni) 기자는 “김정은이 한국에 방문하기로 한 것은 매우 환영할 만한 아이디어“라면서도 “북한이 비핵화에 대한 입장을 이번 정상회담을 계기로 바꿀 것이라고 생각되지 않는다.
그는 비핵화와 관련해 미국에 각종 요구를 잇어 갈 것“이라고 말했다.",5,435
iks_doc_2018_chosun_171,Chosun 2018 total annotated text file unicode.txt,Chosun Ilbo,조선일보,2018,2018_multi_summit,"靑 “文 대통령, 9월 24일 미국에서 한미정상회담“",,"청와대는 19일 “문재인 대통령은 23일 미국에 가서 오는 24일 도널드 트럼프 미국 대통령을 만날 예정“이라고 밝혔다.?
윤영찬 청와대 국민 소통 수석 비서관은 이날 오후 서울 동대문디자인프라자 프레스 센터 브리핑에서 이 같이 전하며 “문 대통령이 트럼프 대통령을 만나게 되면 이번에 남북정상회담에서 있었던 구체적 이야기들을 나누게 되지 않을까 한다“라고 말했다.
잇어 “공개된 이야기도 있겠지만 공개되지 않은 이야기도 전달될 것“이라고 덧붙였다.
윤 수석은 '트럼프 대통령이 이날 트위터를 통해 남북정상회담 결과에 대해 만족한다는 늬앙스의 글을 올렸는데, 미국과 사전 교감이 있었는가'이라는 문의에 대해서는 “검증과 사찰과 관련된 부분에 대해서는 제가 정보를 갖고 있는 것이 없다“면서도 “어떻게 완전한 비핵화를 이룰 것이냐의 구체적 방안에 대해서는 오랫동안 미국 측과 긴밀히 협의해 왔다“고 말했다.
잇어 “향후 미국 정부와 또 여러 가지 라인을 통해서 (비핵화) 안(案)들에 대한 고민을 더욱더 깊숙히 (공유)해 나가지 않을까 한다“고 덧붙였다.
그는 “영변 핵 시설은 북한의 실질적 상징적 핵 시설“이라며 “영변 핵 시설 불능화는 앞으로 신규 핵 물질을 생산한다든지 무기를? 개발한다든지 원천을 차단한다는 의지기에 그 자체로 의미가 상당히 크다“고 말했다.
잇어 “현재 핵에 대한 부분은 앞으로 북미 대화 진척에 따라 달려 있다“고 덧붙였다.
한편, 그는 김정은 북한 국무위원장 서울 방문 합의에 대해서는 “북한 최고 지도자로서 서울을 방문하는 것 자체만으로도 남북 관계 또 동북아 지역의 안보 환경에도 굉장히 중요한 의미가 있다“고 평가했다.",8,813
iks_doc_2018_chosun_172,Chosun 2018 total annotated text file unicode.txt,Chosun Ilbo,조선일보,2018,2018_multi_summit,옥류관 냉면 맛 어땠을까.. 지코 차범근에게 물어 보니,,"문재인 대통령의 특별 수행단으로 북한을 방문 중인 래퍼 지코(ZICO)는 평양 옥류관 냉면을 맛보고 “제가 늘 먹어 왔던 평양냉면의 맛의 극대치“라고 호평했다.
지코는 이날 옥류관에서 오찬 중 취재진이 냉면의 맛을 묻자 “면의 식감도 다르고, 식초와 겨자와 함께 넣는 특별한 소스로 인해 맛이 많이 달라졌다.
살짝 매콤한데, 대단히 맛있다“고 했다.
그는 “밍밍한 맛의 평양 냉면을 생각했는데 전혀 달랐다.
상당히 균형 잡힌 맛“이라면서 “(다음에 또 먹을 수 없기 때문에)지금 배가 부른데 한 그릇 더 할까 고민 중“이라고 했다.
차범근 전 축구 국가 대표 팀 감독도 “평양을 처음 왔다.
평양에서 냉면을 먹는 것도 당연히 처음“이라면서 “굉장히 깊은 맛이 있다.
약간 싱겁ㄴ 듯하면서도 음미해 보면 깊은 맛이 있다“고 말했다.
차 감독은 “평소에도 냉면을 굉장히 좋아한다.
한국에서는 우래옥에서 많이 먹는다“면서 “판문점에서 양 정상이 대화를 나눈 뒤 냉면을 먹는 모습을 보고 우래옥에 먹으러 갔는데 사람이 너무 많아 먹지 못하았다.
그 후에 갔을 때 한 시간을 기다렸다가 먹을 수 있었다“며 냉면에 얽힌 에피소드를 소개했다.
그러면서 “집사람에게 옥류관 냉면을 잘 먹고 맛을 전달해 주겠다고 했다.
이 맛을 잘 전달해야겠다“고 덧붙였다.
이날 오찬장에서 옥류관 냉면은 큰 인기를 끌었다.
최태원 SK 그룹 회장도 옥류관 냉면을 맛 본 뒤, 본인이 챙겨 온 디지털 카메라로 냉면을 촬영하는 모습이 포착됐다.",15,733
iks_doc_2018_chosun_173,Chosun 2018 total annotated text file unicode.txt,Chosun Ilbo,조선일보,2018,2018_multi_summit,리설주 “랭면 잘 먹던 임종석 안 와서 섭섭하다“,,"김정은 북한 국무위원장의 부인 리설주가 평양 남북정상회담 둘째 날인 19일 오찬 석에서 임종석 대통령 비서실장이 방북 명단에 포함되지 않은 데 대한 아쉬움을 드러냈다.?
리설주는 이날 옥류관 2층 연회장에서 진행된 오찬에 참석해 4.27 판문점 남북정상회담 당시 옥류관에서 열렸던 만찬을 언급하며 “제 옆에 임종석 비서실장이 앉았었다.
너무 맛있다고 두 그릇을 뚝딱(드셨다)“며 웃음을 짓어 보인 뒤 “그런데 오늘 못 오셔서 섭섭하다.
오늘 오셨으면 정말 좋아하셨을텐데“라고 말했다.
특히 이날 참석자들은 앞서 판문점 회담을 계기로 유명세를 탄 '옥류관 냉면'을 두고 환담을 나눴다.?
리설주는 “여기(옥류관)가 판문점 회담을 계기로 평양에서도 더 유명해졌다.
외부 손님들이 와서 계속 랭면 랭면 한다“며 “판문점 연회 때 옥류관 국수를 올리지 않았나.
그 이후로 우리나라 찾아오는 외국 손님들이 다 랭면 소리하면서 랭면 달라고 한다.
굉장하더란 말이다“라고 했다.
또 “상품 광고를 한들 이보다 더 하겠나“라고 말해 좌중에선 웃음이 터져 나 왔다.
이에 문재인 대통령은 “저는 두 가지 가운데 쟁반 국수가 더 좋다“며 거들었고, 유홍준 명지 대 석좌 교수도 “서울에서도 유명한 평양냉면 집은 1시간 이상 기다려야 먹는다.
아주 붐이 일었다“고 답했다.
한편 문 대통령은 이날 오찬에 앞서 김정은에게 판문점 회담 기념 메달과 싱가포르 회담 기념 메달을 전달했다.
문 대통령은 이 자리에서 메달을 꺼내 김정은에게 보여 주며 메달의 의미를 설명했고, 김정은은 고개를 끄덕이며 경청했다.?
김정숙 여사도 리설주에게 기념품을 전달했다.
오찬에는 양 정상 부부를 비롯해 유홍준 교수, 차범근 전 축구 국가 대표 팀 감독, 장상 세계교회협의회 아시아 대표 공동 의장, 백낙청 서울대 명예 교수, 임동원 한반도평화포럼 명예 이사장, 김영철 노동당 부위원장, 리수용 당 국제 담당 부위원장 등이 헤드 테이블에 착석했다.
아울러 여야 3 당 대표를 비롯한 특별 수행단도 동석했다.",17,987
iks_doc_2018_chosun_174,Chosun 2018 total annotated text file unicode.txt,Chosun Ilbo,조선일보,2018,2018_multi_summit,日 관방 장관 “韓 美와 협력해 北 구체 행동 끌어낼 것“? 트위터 공유,,"일본 정부는 19일 평양에서 열린 남북 정상회담?결과와 관련해 “북한의 구체적인 행동을 이끌어 낼 수 있도록 한국과 미국 등 관계국과 긴밀히 협력하겠다“는 입장을 밝혔다.
스가 요시히데<사진>?일본 관방 장관은 이날 오전 기자 회견에서 “한 일 정부 간 다양한 경로를 통해 의사 소통과 정책 조정도 하겠다“며 이 같이 밝혔다.
스가 장관은 향후 한국 측으로부터 남북 정상회담 결과를 설명 받을 예정이다.",3,225
iks_doc_2018_chosun_175,Chosun 2018 total annotated text file unicode.txt,Chosun Ilbo,조선일보,2018,2018_multi_summit,당정 “사실상의 군비 통제 시작... 평화 위한 진전 이뤘다“,,"정부가 19일 홍영표 더불어민주당 원내 대표를 예방해 평양 남북정상회담의 경과를 보고했다.
당정은 이 자리에서 “남북 정상이 한반도 비핵화 의지를 재확인하고, 한반도 평화의 시금석이 될 합의를 이뤄 냈다“고 입을 모았다.
천해성 통일부 차관은 이날 민주당 원내 대표 회의실에서 경과 보고를 마친 뒤 “국회와 협력하고 정상회담 결과를 국제 사회와 공유해서 한반도 비핵화와 군사적 긴장 완화 및 판문점 평화 정착을 실현하도록 최선을 다하겠다“고 밝혔다.
이에 홍 원내 대표는 “남북 간 긴장 완화를 위한 사실상의 군비 통제가 시작된 중요한 진전“이라며 “이른 시일 내에 서울에서 남북 회담이 이루어지고, 이제는 한반도 평화를 뒤로 돌리지 않는 역사적 전진이 시작됐다고 평가를 내릴 수 있다“고 말했다.
특히 비핵화 관련한 진전이 없다는 일각의 지적과 관련해선 “(대부분) 비핵화만 얘기하지만 실제로는 군사적 충돌과 전쟁의 공포에 대해서도 국민이 많이 걱정을? 하지 않나“라며 “전쟁 같은 것을 원천적으로 방지할 수 있는 합의가 이루어졌다는 것이 대단히 중요하다 생각한다“고 강조했다.
또 “이를 차질 없이 이행하기 위해서 남북 군사 공동 위원회를 구성하기로 했는데, 개성 연락 사무소에 잇어 70년 만에 중요한 긴장 완화를 위한 제도적인 장치라고 생각한다“면서 “이것을 통해서 진전된 군비 통제를 취할 것으로 기대한다“고 덧붙였다.",6,687
iks_doc_2018_chosun_176,Chosun 2018 total annotated text file unicode.txt,Chosun Ilbo,조선일보,2018,2018_multi_summit,"[평양 공동 선언] 각국 언론들, 엇갈린 평가... 美 日 '비판' vs 中 러 '환영', 유럽은 '중립'",,"문재인 대통령과 김정은 북한 국무위원장이 19일 발표한 '9월 평양 공동 선언'에 세계의 이목이 집중됐다.
각국 외신은 이번 공동 선언 내용을 긴급 타전하며 저마다의 해석을 쏟아 냈다.
특히 북핵 문제의 당사국인 미국 일본과 중국 러시아는 공동 선언의 의의에 대해 뚜렷한 견해 차를 드러냈다.
한반도 비핵화 문제를 두고 북한과 '줄타기' 중인 미국과 일본 언론은 이번 공동 선언 비핵화와 관련한 구체적이고 실질적 조치를 담지 못하았다고 평했다.
미국은 6.12 미북 정상회담 이후 북한과 비핵화 협상에서 난항을 겪고 있다.
일본은 한반도 문제 진행 과정에서 자국이 배제되는 '재팬 패싱'을 우려하며 줄곧 북한과의 정상회담 의지를 표명했지만, 북한은 이를 무시하는 태도로 일관하고 있다.
반면 북한과 우호적 관계인 중국과 러시아는 공동 선언과 관련, 한반도 평화와 비핵화의 진전을 위한 남북한 양국의 노력을 긍정적으로 평가하며 미국과 국제 사회의 협조를 당부했다.
북핵 문제의 비(非)당사국인 유럽 언론은 엇갈리는 반응을 보였다.
한반도의 평화 분위기와 미북 간 비핵화 협상의 진전 가능성을 반기면서도 북한의 비핵화 조치와 관련해서는 회의적인 평가를 내렸다.
이런 가운데 도널드 트럼프 미국 대통령은 문 대통령과 김정은의 '9월 평양 공동 선언'에 대해 “매우 흥미롭다“며 환영의 뜻을 밝혔다.
트럼프 대통령은 미국 동부 시각으로 오전 12시 5분쯤 트위터에 “김정은이 (미국과 북한 간) 최종 협상 결과를 조건으로 핵 사찰을 허용하고, 국제 전문가들 참관하에 실험장과 발사대를 영구적으로 해체하기로 합의했다“며 “그 사이에 로켓이나 핵 실험은 없을 것이고 (6.25 전쟁 당시 숨진) 영웅들의 유해는 계속 미국으로 돌아올 것“이라고 썼다.
그는 잇어 “또 북한과 한국은 2032년 올림픽 개최를 위해 공동 유치 신청을 할 것“이라며 “매우 흥미진진하다!“고도 했다.",12,932
iks_doc_2018_chosun_177,Chosun 2018 total annotated text file unicode.txt,Chosun Ilbo,조선일보,2018,2018_multi_summit,◇ 北와 '줄타기' 중인 美 日의 언론들 “구체적 실질적 조치 합의 빠져“,,"트럼프 대통령이 9월 평양 공동 선언을 긍정적으로 평가한 데 반해 미국 주요 언론은 이와 관련, 비핵화를 위한 구체적이고 실질적인 조치와 합의가 빠졌다는 평을 내놓았다.
미 워싱턴포스트는 “김정은과 문 대통령이 공동 선언에서 비핵화에 대해 구체적인 언급을 하지 않았다“며 “이번 남북 정상회담은 한반도의 비핵화를 위해 노력하겠다는 또 다른 약속으로 끝났다“고 평했다.
뉴욕타임스는 “김정은은 비핵화 목표를 달성하기 위한 세부적 내용을 설명하지 않았고, 비핵화와 관련해 미국이 요구한 구체적인 조치를 취하겠다고 하지도 않았다“고 지적했다.
AP통신도 공동 선언에 대해 “기대되는 몇몇 제안이 포함됐지만, 미국이 바라는 주요 (비핵화) 조치에는 미치지 못하는 수준“이라고 평가했다.?
블룸버그는 공동 선언에서 영변 핵 시설 폐기에 '미국의 대응'을 전제 조건으로 달ㄴ 것에 대해 “영변 핵 시설의 운명이 어떻게 될지는 명확하지 않고 조건부적인 것으로 보인다“고 지적했다.
아울러 블룸버그는 이번 공동 선언에서 북한이 보유한 우라늄 농축 능력을 어떻게 다룰 것인지, 북한의 이동식 미사일 발사대를 어떻게 처리할지에 대한 내용도 언급되지 않았다고 지적했다.
일본 주요 매체도 공동 선언에 비핵화와 관련한 새롭ㄴ 조치는 없었다고 지적했다.
아사히 신문은 이번 평양 공동 선언이 “한반도 비핵화 의지를 재확인하는 수준에 그쳤다“고 평했다.
니혼게이자이신문도 공동 선언에 미국이 요구하는 핵 시설의 목록 제출이나 검증과 관련한 내용이 담기지 않았다고 지적했다.
요미우리 신문은 “김 위원장이 육성으로 비핵화를 언급한 것은 처음“이라며 “영변 핵 시설 폐기와 관련, 북한은 미국에 종전 선언 등을 조건으로 요구할 수 있다“고 내다봤다.",10,851
iks_doc_2018_chosun_178,Chosun 2018 total annotated text file unicode.txt,Chosun Ilbo,조선일보,2018,2018_multi_summit,◇ '北 우방국' 中 러의 언론들 “한반도 평화 안정 첫단추 美 조치 필요“,,"북한 우방국인 중국과 러시아는 공동 선언에 대해 긍정적인 평가를 쏟아 내며 미국의 후속 조치를 촉구했다.?
중국 관영 신화통신은 이날 공동 선언 발표 이후 낸 논평에서 “3차 남북 정상회담은 한반도의 평화와 안정을 촉진하는 데 긍정적 의미가 있다“며 “남북한은 적극적으로 협력 방안을 모색하고 있고, 이날 공동 선언은 이를 위한 첫단추를 꿴 것“이라고 평가했다.?
신화통신은 잇어 “그러나 화해와 협력의 추세를 지속적으로 유지하기 위해서는 (한반도 문제와) 관련된 국가들을 비롯한 국제 사회가 '적극적인 자세를 취해야 할 것“이라며 “한반도 문제의 핵심은 '안전'으로, 이와 관련한 각국의 우려를 적절하고 균형 있게 해결하고, 한반도의 비핵화와 종전, 평화 메커니즘을 위해 확실한 노력을 기울여야 한다“고 전했다.
그러면서 통신은 “남북한이 진정한 '전방위적' 협력을 실현하기 위해서는 비핵화 문제 해결이 전제돼야 한다“며 “북핵 문제의 매듭은 미국과 북한이 쥐고 있는 만큼 이번 회담이 한반도의 비핵화 문제에 어떤 진전을 가져올 수 있을지 두고 봐야 한다“고 했다.
중국 관영 환구시보(공산당 기관지 인민일보의 자매지)는 김정은의 서울 답방 계획과 관련, '파천황(破天荒)'이라고 평가했다.
파천황은 이제까지 아무도 하지 못하았던 일을 성취했다는 의미다.
평양 공동 선언에는 '김정은이 가깝ㄴ 시일 내로 서울을 방문하기로 했다'는 내용이 담겼다.
과거 북한 최고 지도자가 서울을 방문한 전례는 없다.
환구시보는 또 동창리 서해 위성 발사장 영구 폐기와 관련, “북한은 동창리에 있는 엔진 시험장을 자국 내 유일한 시험장이라고 밝혀 왔다“며 “이 시험장을 폐기하는 것은 북한이 장거리 미사일 시험을 완전히 중단할 것임를 의미한다“고 분석했다.
러시아 언론은 평양 공동 선언에 대해 논평을 내놓지는 않았지만, 선언문의 세부 내용을 긴급 타전하며 북한의 영변 핵 시설 폐기 용의와 동창리 엔진 시험장과 미사일 발사대 해체 조치를 부각했다.?
러시아 정부는 이와 관련, 지지와 환영의 뜻을 밝혔다.
러시아 관영 타스 통신에 따르면, 드미트리 페스코스 크렘린 궁 대변인은 평양 공동 선언에 대해 “좋은 소식“이라며 “우리는 (한반도 비핵화와 관련한) 그 합의를 환영하며, 한반도 분제 해결을 위한 효과적인 조치를 적극 지지한다“고 했다.",12,1136
iks_doc_2018_chosun_179,Chosun 2018 total annotated text file unicode.txt,Chosun Ilbo,조선일보,2018,2018_multi_summit,◇ 북핵 문제 비껴 있는 유럽의 언론들 “미북 협상 진전 기대 비핵화 조치는 부족“,,"북핵 문제의 당사국이 아닌 '3자 입장'의 유럽 언론은 이번 공동 선언이 교착 상태에 빠진 미국과 북한의 비핵화 협상을 진전시킬 것이라는 기대를 드러냈다.
다만, 공동 선언에 담긴 비핵화 조치와 관련해서는 '부족하다'는 평가가 나오기도 했다.
영국 BBC는 이번 남북 정상회담의 초점은 비핵화였다며 교착 상태에 빠진 미국과 북한의 비핵화 협상의 진전에 중요한 역할을 할 것이라고 전했다.
전문가 참관하에 동창리 엔진 시험장과 미사일 발사대를 영구 폐기하기로 한 내용에 대해서는 “큰 걸음을 내딛은 것“이라고 평가했다.
BBC는 미국 전문지 '더디플로매트' 편집장 안키트 판다의 발언을 인용해 “비핵화와 관련, 김정은으로부터 긍정적인 헤드라인을 이끌어 낸 문재인 대통령에게는 커다랗ㄴ 승리였다“며 “미국과 북한의 대화가 진전될 수 있다는 신뢰를 구축하기 위한 기반이 될 것“이라고 전했다.
다만 영국 가디언은 “이번 공동 선언은 핵 문제와 관련한 조치가 부족하다“며 “이는 워싱턴 관리들에게 우려를 줄 수 있다“고 평가했다.
프랑스 르몽드 신문은 동창리 엔진 시험장과 미사일 발사대 폐기 조항과 관련, “문 대통령은 24일 트럼프 대통령을 빈손으로 만나지 않게 됐다“며 “문 대통령은 (트럼프 대통령과 만나) 김정은과 합의한 구체적인 비핵화 조치들을 자랑할 수 있을 것“이라고 평했다.
문 대통령은 오는 24일 미국 뉴욕에서 열리는 유엔 총회에 참석해 트럼프 대통령을 만날 예정이다.
신문은 그러면서 “이번 남북 합의가 트럼프 대통령을 설득할 수 있을지는 두고 봐야겠지만, 이 합의로 새 미북 정상회담이 개최될 가능성은 높아질 수 있다“고 전했다.
다만 프랑스 AFP는 “(이번 공동 선언에서) 북핵 폐기라는 핵심 문제와 관련한 진전은 제한적이었다“며 “전문가들도 기대에 미치지 못한다는 회의적 반응을 내 놨다“고 지적했다.
이탈리아 일간 라레푸블리카는 평양 공동 선언의 내용을 전하면서 “이는 분명 북핵? 퍼즐의 해결책은 아니다“라며 “김정은의 약속은 세부 사항이 빠져 있고, 문제의 핵심인 핵탄두와 관련된 내용은 없었다“고 평가했다.?
라레푸블리카는 잇어 “그러나 이는 끊어진 미북 간 협상을 다시 시작할 수 있는 시발 점이 될 것“이라며 “(공동 선언에 관한) 트럼프 대통령의 첫 반응은 미국이 대화를 재개할 준비가 돼 있음을 시사하는 것으로 보인다“고 전했다.",12,1156
iks_doc_2018_chosun_180,Chosun 2018 total annotated text file unicode.txt,Chosun Ilbo,조선일보,2018,2018_multi_summit,[전문] 文 대통령 “평양의 놀랍ㄴ 발전상 봤다... 어렵ㄴ 시절 민족 자존심 지키며 불굴의 용기“,,"남북정상회담을 위해 방북 중인 문재인 대통령은 19일 오후 평양 5.1경기장에서 대집단 체조와 예술 공연을 관람한 뒤, 15 만 명의 관객과 출연진을 향해 연설했다.?
아래는 문 대통령의 연설 전문.
평양 시민 여러분, 북녁 동포 여러분, 여러분을 만나게 돼 참 반갑습니다.
남쪽 대통령으로서 김정은 국무위원장과 여러분에게 인사하게 되니, 그 감격을 말로 표현할 수 없습니다.
여러분, 우리는 이렇게 함께 새롭ㄴ 시대를 만들고 있습니다.
동포 여러분, 김정은 위원장과 나는 4월 27일 판문점에서 만나 뜨겁게 포옹했습니다.
우리 두 정상은 한반도에서 더 이상 전쟁은 없을 것이며, 새롭ㄴ 평화의 시대가 열렸음을 8000 만 우리 겨레와 전 세계에 엄숙히 천명했습니다.
또한 우리 민족의 운명은 우리 스스로 결정한다는 민족 자주의 원칙을 확인했습니다.
남북 관계를 전면적이고 획기적으로 발전시켜 떨어진 민족의 혈맥을 잇고 공동 번영과 자주 통일의 미래를 앞당기자고 굳게 약속했습니다.
그리고 올해 가을, 문재인 대통령은 이렇게 평양을 방문하기로 했습니다.
평양 시민 여러분, 사랑하는 동포 여러분, 오늘 김정은 위원장과 나는 한반도에서 전쟁의 공포와 무력 충돌의 위험을 완전히 제거하기 위한 조치를 구체적으로 합의했습니다.
또한 백두에서 한라까지 아름답ㄴ 우리 강산을 영구히 핵무기와 핵 위협이 없는 평화의 터전으로 만들어 후손에게 물려주자고 확약했습니다.
그리고 더 늦기 전에 이산가족의 고통을 근원적으로 해소하기 위한 조치를 신속하게 취하기로 했습니다.?
나는 나와 함께 이 담대한 여정을 결단하고 민족의 새롭ㄴ 미래를 위해 뚜벅뚜벅 걷고 있는 여러분의 지도자 김정은 국무위원장에게 아낌없는 찬사의 박수를 보냅니다.
평양 시민 여러분, 동포 여러분, 이번 방문에서 나는 평양의 놀랍ㄴ 발전상을 봤습니다.
김정은 위원장과 북녁 동포들이 어떤 나라를 만들고자 하는지 가슴 뜨겁게 봤습니다.
얼마나 민족의 화해와 평화를 갈망하고 있는지 절실하게 확인했습니다.
어렵ㄴ 시절 민족의 자존심을 지키며 스스로 일어서고자 하는 불굴의 용기를 봤습니다.?
평양 시민 여러분, 동포 여러분, 우리 민족은 우수합니다.
우리 민족은 강인합니다.
우리 민족은 평화를 사랑합니다.
그리고 우리 민족은 함께 살아야 합니다.
우리는 5000년을 함께 살고, 70년을 헤어져 살았습니다.?
나는 이 자리에서 지난 70년 간의 적대를 완전히 청산하고, 다시 하나가 되기 위한 평화의 큰 걸음을 내딛자고 제안합니다.
김정은 위원장과 나는 북과 남, 8000 만 겨레의 손을 굳게 잡고 새롭ㄴ 조국을 만들어 나갈 것입니다.
우리 함께 새롭ㄴ 미래로 나갑시다.
오늘 많은 평양 시민, 청년, 학생, 어린이들이 대집단 체조와 예술 공연으로 나와 우리 대표단을 무겁게 환영한 것에 다시 감사 드립니다.
수고했습니다.
감사합니다.?",29,1394
iks_doc_2018_chosun_181,Chosun 2018 total annotated text file unicode.txt,Chosun Ilbo,조선일보,2018,2018_multi_summit,文 대통령 “우리 민족 운명 우리 스스로 결정 민족 자주 원칙 확인“,,"문재인 대통령은 19일 “(김정은 국무위원장과 나는)우리 민족의 운명은 우리 스스로 결정한다는 민족 자주의 원칙을 확인했다“고 말했다.
문 대통령은 이날 저녁 평양 5.1 경기장에서 집단 체조 '빛나는 조국'을 관람한 뒤 관람객들에게 인사말을 통해 “김 위원장과 나는 4월 27일 판문점에서 만나 뜨겁게 포옹했다.
우리 두 정상은 한반도에서 더 이상 전쟁은 없을 것이며 새롭ㄴ 평화의 시대가 열렸음을 8000 만 우리 겨레와 전 세계에 엄숙히 천명했다“면서 이 같이 밝혔다.
이날 경기장에는? 15 만 명의 관람객이 자리했으며 문 대통령의 인사말 도중 수차례 박수와 함성을 보냈다.?
문 대통령은 “(두 정상은)남북 관계를 전면적이고 획기적으로 발전시켜 끊어진 민족의 혈맥을 잇고 공동 번영과 자주 통일의 미래를 앞당기자고 굳게 약속했다“며 “오늘 김 위원장과 나는 한반도에서 전쟁의 공포와 무력 충돌의 위험을 완전히 제거하기 위한 조치들을 구체적으로 합의했다“고 말했다.
문 대통령은 잇어 “백두에서 한라까지 아름답ㄴ 우리 강산을 영구히 핵무기와 핵 위협이 없는 평화 터전으로 만들어 후손에게 물려주자고 (김 위원장과)확약했다“면서 “더 늦기 전에 이산가족의 고통을 근원적으로 해소하기 위한 조치를 신속히 취하기로 했다“고 말했다.
문 대통령은 “이번 방문에서 나는 평양의 놀랍ㄴ 발전상을 봤다“며 “김 위원장과 북녘 동포들이 어떤 나라를 만들고자 하는지 가슴 뜨겁게 봤다“고 했다.
잇어 “얼마나 민족 화해를 갈망하는지 절실하게 확인했다.
어렵ㄴ 시기에도 자존심을 지키며 끝끝내 스스로 일어나고자 하는 불굴의 용기를 봤다“면서 “우리 민족은 우수하다.
우리 민족은 강인하다.
우리 민족은 평화를 사랑한다.
그리고 우리 민족은 함께 살아야 한다“고 했다.
문 대통령은 또 “우리는 5000년을 함께 살고? 70년을 헤어져 살았다“면서 “오늘 이 자리에서 지난 70년의 적대를 완전히 청산하고 다시 하나가 되기 위한 평화의 큰 걸음을 내딛자고 제안한다“고 했다.
그러면서 “담대한 여정을 결단하고 민족의 새롭ㄴ 미래를 위해 뚜벅뚜벅 걷고 있는 여러분의 지도자 김정은 국무위원장에게 아낌없는 찬사와 박수를 보낸다“며 “우리 함께 새롭ㄴ 미래로 나아가자“고 덧붙였다.
트럼프 “북한 문제 엄청난 진전 김정은 곧 다시 만날 것“도널드 트럼프 미국 대통령은 19일(현지 시각) 문재인 대통령과 김정은 북한 국무위원장이 합의한 '9월 평양 공동 선언'에 대해 “북한과 한국에서 아주 좋은 소식이 있다“며 환영했다.
트럼프 대통령은 김 위원장을 곧 다시 만날 것이라고 밝혔다.?
트럼프 대통령은 이날 백악관에서 기자들과 만나 “남북 정상이 만났고, 우리는 아주 좋은 반응을 얻었다“면서 이 같은 입장을 밝혔다.
그는 “여러분도 알다시피 김정은으로부터 굉장한 편지를 받았고 사흘 전에 편지가 전달됐다“며 “우리는 북한과 관련해 엄청난 진전을 이루고 있다“고 했다.?
트럼프 대통령은 북한이 평양 공동 선언에서 영변 핵 시설 폐기의 조건으로 내걸ㄴ '상응 조치'에 대해서는 “그(김정은)가 무슨 생각을 하는지 지켜 볼 것“이라고 했다.
그러면서도 그는 “그 사이에 우리는 계속 대화할 것“이라며 “상황이 매우 차분해졌다.
그도 나도 모두 침착하니, 무슨 일이 있을지 지켜 보자“고 했다.
트럼프 대통령은 자신이 대통령으로 취임한 이후 미북 관계가 매우 좋아졌다고 재차 강조했다.
그는 “내가 대통령이 되기 이전에 우리는 북한과 전쟁을 치르게 될 것처럼 보였다“며 “지금은 많은 진전을 이뤘다.
인질들이 돌아왔고 유해가 송환됐다.
계속 송환되고 있다“고 했다.?
그는 또 “그러나 가장 중요한 것은 미사일 시험도 핵 실험도 없다는 것“이라며 “남북이 (2032년) 하계 올림픽 공동 개최 유치도 추진하고 있다.
많은 좋은 일들이 일어나고 있다“고 강조했다.
트럼프 대통령은 미북 관계뿐 아니라 김정은과의 개인적 관계도 아주 좋다고 했다.
그는 “내가 취임하기 전에 많은 사람이 우리가 불가피하게 북한과 전쟁을 하게 될? 것으로 생각했다“며 “그리고 지금은, 여러분에게 말하건대, 적어도 개인적 기반에서 볼 때 관계가 매우 좋다.
상당히 진전된 상태“라고 했다.
트럼프 대통령은 '김 위원장을 곧 만날 것이냐'는 질문에는 “우리는 만날 것“이라고 짧게 답했다.
김정은이 트럼프 대통령에게 보낸 친서를 통해 2차 미북 정상회담을 요청한 이후 양국은 정상회담 개최를 협의 중이다.
폼페이오 “北 비핵화 2021년 1월까지 완료 협상 즉시 재개“마이크 폼페이오 미국 국무 장관<사진>은 도널드 트럼프 미 대통령의 첫 임기가 끝나는 2021년 1월까지 북한 비핵화 완료를 목표로 북한과 협상을 즉시 재개하겠다고 19일(현지 시각) 밝혔다.?
폼페이오 장관은 문재인 대통령과 김정은 북한 국무위원장이 '9월 평양 공동 선언'을 발표한 이후 낸 성명에서 “두 정상이 싱가포르 (미북) 정상회담에서 합의한 한반도의 완전한 비핵화를 재확약한 것을 환영한다“며 이렇게 밝혔다.?
폼페이오 장관은 남북 정상이 합의한 영변 핵 시설의 영구적 해체와 동창리 미사일 엔진 시험장 영구 폐쇄 등을 언급하며 “미국은 미북 관계를 변화시키기 위한 협상에 즉각 관여할 준비가 돼 있다“고 했다.?
폼페이오 장관은 이날 오전 리용호 북한 외무상에게 다음 주 뉴욕에서 열리는 유엔 총회에서 별도로 만나자고 요청했다고 밝혔다.
이와 함께 북한 대표부가 오스트리아 빈에서 스티븐 비건 미 대북 정책 특별 대표와 최대한 빨리 만나도록 요청했다고도 밝혔다.
빈은 국제원자력기구(IAEA) 본부가 있는 곳이다.?
폼페이오 장관은 “이는 북한의 빠른 비핵화 과정을 통한 미북 관계 개선 협상의 시작이 될 것“이라며 북한 비핵화는 김 위원장이 약속한 대로 2021년 1월까지 완료될 것이란 목표를 재차 확인했다.
그는 “이것이 한반도에 지속적이고 안정적인 평화 체제를 구축하기 위한 협상의 출발점이 될 것“이라고도 했다.?
앞서 미 국무부는 이달 초 문 대통령의 대북 특사단과의 면담에서 '트럼프 대통령 첫 임기 내 비핵화'이라는 시간표를 처음 언급한 바 있다.
미북 간 조율 과정을 거쳐 물밑 협상에 진전이 있을 경우 2차 미북 회담 추진에도 속도가 붙을 것으로 전망된다.?",42,3030
iks_doc_2018_chosun_182,Chosun 2018 total annotated text file unicode.txt,Chosun Ilbo,조선일보,2018,2018_multi_summit,"美 국방부 “남북 군사 합의, 한국과 긴밀히 검토“",,"미국 국방부는 19일(현지 시각) 문재인 대통령과 김정은 북한 국무위원장의 평양 정상회담에서 남북이 채택한 군사 분야 합의서와 관련해 “한국 측과 긴밀히 논의하겠다“는 입장을 내 놨다.
양측이 19일 채택한 '판문점 선언 이행을 위한 군사 분야 합의서'는 육상과 해상, 공중에서 일체의 적대 행위를 금지하는 것이 핵심 내용이다.?
자유아시아 방송(RFA)에 따르면, 크리스토퍼 로건 미 국방부 대변인은 이날 남북한 군사 분야 합의서에 대한 RFA의 논평 요청에 “합의서 내용은 동맹인 한국과 함께 철저하게 검토하고 논의할 것“이라면서, “우리는 합의 내용 하나하나에 논평을 하거나 이와 관련해서 향후 일어날 일과 관련해 추측하지 않을 것“이라면서 밝혔다.?
한국과 북한은 합의서에 따라 비무장 지대(DMZ) 내 감시 초소(GP)를 전부 철수하기로 하고, 시범적 조치로 상호 1km 이내 근접해 있는 남북 GP를 완전히 철수하기로 했다.
판문점 공동경비구역을 비무장화하고, DMZ 내 남북 공동 유해 발굴 작업과 역사 유적 공동 조사에도 나선다.
또한 서해 해상에 평화 수역을 설정하고, 해상에서의 우발적 충돌을 방지하고 적대 행위를 중지하기로 했다.?
이러한 조치에 대해 회의적인 시각도 적지 않다.
북핵이 그대론 상황에서 한국 군사력만 약화될 것이란 우려도 나오고 있다.
미 국방부 산하 국방정보국(DIA) 출신의 브루스 벡톨 앤젤로 주립대 교수는 남북 군사 분야 합의서와 관련해 “내용이 구체적이지 않아 실제로 이행될지 의문“이라고 주장했다.
벡톨 교수는 “우리는 언제 DMZ에서 감시 초소가 철수될지, 언제 공동경비구역(JSA)이 비무장화될지, 북한이 서울을 조준해 개성/문산 연결 지역에 배치한 수백 개의 포대를 언제 제거할지 모른다“며 “남북 두 정상이 구체적인 내용 없이 희망사항을 군사 합의서에 나열한 것 외에는 없다“고 했다.
그러면서 그는 “그렇기 때문에 이 합의서가 한반도의 평화를 담보할 수 있을지 판단하기 어렵다“고도 했다.?
벡톨 교수는 북한이 최종적으로 이행해야 할 가장 중요한 조치는 핵 프로그램을 폐기하는 것이라고도 강조했다.",12,1038
iks_doc_2018_chosun_183,Chosun 2018 total annotated text file unicode.txt,Chosun Ilbo,조선일보,2018,2018_multi_summit,"연평도 지키는 자주 포, 연평도서 훈련 못 한다",,"남북 군 당국은 19일 한반도 내 군사적 긴장을 완화하고 신뢰를 구축하기 위해 '판문점 선언 이행을 위한 군사 분야 합의서'를 체결했다.
지상과 해상, 공중에서의 모든 적대 행위 중단, 한강(임진강) 하구 공동 이용 등이 골자다.
문제는 급격한 군축으로 인한 안보 불안이다.
군 당국자는 “우리도 우리지만 북한의 군축이 더 큰 부분이 있다“고 했지만, 군 안팎에서는 “진전된 부분도 있지만, 북한이 비핵화를 이루기까지 상호 감독할 수 있는 체계를 잘 갖춰야 하는데 서두른 측면이 있다“는 지적이 나왔다.",4,281
iks_doc_2018_chosun_184,Chosun 2018 total annotated text file unicode.txt,Chosun Ilbo,조선일보,2018,2018_multi_summit,완충 지대에서 군사 연습 중지 해병대 K/9 사격 훈련은 육지에서,,"남북은 이번 합의를 통해 지상과 해상, 공중을 비롯한 모든 공간에서 일체의 적대 행위를 전면 중지하기로 했다.
이에 따라 완충 지역을 설정하고 이 지역에서 상대방을 겨냥한 각종 군사 연습을 중지하기로 했다.
우선 지상은 군사 분계선으로부터 5km, 남북 총 10km 이내 지역이 완충 지대로 설정됐다.
완충 수역은 서해의 경우 남측 덕적도 이북으로부터 북측 초도 이남까지, 동해는 남측 속초 이북으로부터 북측 통천 이남까지로 정해졌다.
완충 수역에는 백령도, 연평도 등 서북 도서 지역도 포함됐다.
이와 관련 국방부 당국자는 “해병대 K/9 사격 훈련의 경우 포는 그대로 유지하되 훈련은 (육진) 3 군 사격장에서 하게 될 것“이라고 했다.
군 관계자는 “당장 작전에 필요한 포는 옮기지 않고 두되, 예비용 포를 육지로 옮겨 훈련한다는 뜻으로 풀이된다“고 설명했다.
이번 합의서에는 서해 북방 한계선(NLL)관련 언급은 생략됐다.
이번 정상회담에 앞서 열린 군사 회담에서 남북은 NLL에 대한 입장 차가 컸고 이견을 끝내 좁히지 못한 것으로 알려졌다.
평화 수역 조성과 관련해 우리 측은 NLL를 기준으로 해야 한다는 반면, 북한은 NLL를 인정 못 하겠다는 입장이다.
국방부 당국자는 “NLL는 이번 합의의 대상이 아녔다“며 “완충 수역은 NLL를 뛰어넘는 한 단계 위의 이야기“라고 했다.
잇어 “NLL 문제는 앞으로 협의해 나갈 것“이라고 했다.
공동 어로 구역 설정 등 NLL와 관련된 민감한 사안은 향후 다시 논의하겠다는 말이다.",13,749
iks_doc_2018_chosun_185,Chosun 2018 total annotated text file unicode.txt,Chosun Ilbo,조선일보,2018,2018_multi_summit,"수도권 방위 괜찮나 공중 완충 구역에선 무인기, 정찰기 못 다녀",,"공중 완충 구역은 군사 분계선으로부터 서부 20km, 동부 40km 이내의 상공으로 설정됐다.
국방부 당국자는 “서울이 군사 분계선으로부터 약 40km밖에 떨어져 있지 않기 때문에 여기까지 비행 금지 구역으로 설정하면 영공 방위에 문제가 생긴다“고 했다.
일각에서는 완충 구역 내에서 비행을 금지하면 무인기나 정찰기를 이용하는 데 문제가 있을 것이라는 지적도 나왔다.
이와 관련, 국방부 당국자는 “40km 뒤로 정찰기를 뺀다고 하더라도 못 보는 구역이 발생하지 않는다“며 “정찰 능력이 이보다 뛰어나기 때문“이라고 했다.
하지만 한 군 관계자는 “마치 우리가 북한을 다 볼 수 있는 것처럼 얘기해선 안 된다“며 “미국 자산에 의존해 정찰하는 경우가 많은데 공중 완충 구역 설정이 미국과 협의된 부분인지도 의문“이라고 했다.?",5,406
iks_doc_2018_chosun_186,Chosun 2018 total annotated text file unicode.txt,Chosun Ilbo,조선일보,2018,2018_multi_summit,"한강 하구 공동 이용, NLL 유지 논란 예상",,"이번 합의서는 한강(임진강) 하구 공동 이용과 관련한 내용도 담겼다.
현장 조사는 오는 12월 말까지 공동 진행하기로 했다.
하지만 한강 하구를 공동 이용하기로 하면 NLL를 그대로 유지할 수 있을지 논란이 예상된다.
군 당국은 “한강 하구는 남북 민간 선박의 자유롭ㄴ 항행이 보장되는 수역이지만 남북 간 군사적 긴장 상태 지속으로 자유롭게 접근하지 못하았다“며 “특히 골재 채취, 관광, 휴양, 생태 보전 등 다목적 사업을 병행할 수 있다.
앞으로 남북 간 공동 수로 조사 및 민간 선박의 한강 하구 수역 이용을 군사적으로 보장해 나갈 것“이라고 밝혔다.
한편 남북은 내년 4~10월 철원 화살머리 고지 일대에서 DMZ 공동 유해 발굴을 진행하기로 했다.
국방부 당국자는 “우리 쪽만 유해 300여 구가 나올 것으로 예상되며 미군, 프랑스군, 중공군, 북한 군 등 글로벌하게 나올 것 같다“고 했다.
남북은 이와 같은 합의 내용을 남북 군사 공동위를 가동해 추진해 나가기로 했다.
국방부 당국자는 “누가 위원장이 될지는 아직 모른다“면서도 “1992년 우리 측 위원장은 대장 급이, 북측에선 인민 무력부 4성이 위원장을 맡기로 논의한 바 있다“며 “아직 안 가 본 길이지만 양국 정상이 공동 선언을 했으니 이번엔 이루어질 것“이라고 했다.",9,638
iks_doc_2018_chosun_187,Chosun 2018 total annotated text file unicode.txt,Chosun Ilbo,조선일보,2018,2018_multi_summit,"이낙연 “남북 정상 함께하는 모든 일정, 분단 후 역사 바꿔“",,"이낙연 국무총리는 20일 “오늘은 남북 정상이 함께 민족의 영산 백두산을 오른다.
이것 또한 역사상 최초의 일“이라며 “회담은 물론, 함께하시는 모든 일정이 조국 분단 이후 모든 역사를 바꾸고 있다“고 말했다.
이 총리는 이날 오전 정부 서울 청사에서 주재한 국정 현안 점검 조정 회의에서 “어제 남북 정상은 평양 공동 선언을 발표했고, 문재인 대통령은 북한 주민 15 만 명 앞에서 옥외 연설을 했다.
분단 사상 최초의 일“이라며 이 같이 밝혔다.
이 총리는 “지난 두 차례의 정상회담이 그랬던 것처럼 이번에도 현실이 상상을 앞섰다“며 “이제 우리의 상상을 넓힐 때가 됐다.
현실은 현실대로 냉철하게 직시하되, 미래의 많은 가능성에 마음의 문을 열고 준비해 가야겠다“고 했다.
그는 “우리 사회의 일각에는 모든 것을 비판 또는 비관만 하는 사람들도 있다“며 “헬렌 켈러가 말했듯이 비관론자는 별의 비밀을 발견하지도, 미지의 섬으로 항해하지도, 인간 정신의 새롭ㄴ 낙원을 열지도 못한다“고 덧붙였다.
이 총리는 메르스(MERS 중동 호흡기 증후군)와 관련, “내일 밤 12시가 되면 메르스 상황에서 사실상 벗어나게 된다“며 “추석 연휴가 시작되기 전에 메르스 불안에서 벗어나게 돼 참으로 다행“이라고 말했다.
그는 “그동안 수고하신 질병 관리 본부 등 관계 부처 직원 여러분과 협조해 주신 국민 여러분께 감사 드린다“며 “추석 연휴 기간에도 혹시 모를 모든 일에 물 샐 틈 없이 대처해 달라“고 당부했다.
한국당 “비핵화 진전 없고 국방력만 약화시키는 합의“김병준 자유한국당 비상 대책 위원장은 20일 “어제 발표된 남북정상회담 합의를 보면, 비핵화 문제는 거의 진전이 없고 한국의 국방력은 상당히 약화시켜 버렸다“고 밝혔다.
김 비대 위원장은 이날 오전 국회에서 열린 비상 대책 회의에 참석해 “전쟁은 한 사람이나 잘 짜인 계획뿐 아니라 우연 발생적인 사고에 의해서도 일어날 수 있는데, 그에 대한 대비가 약화돼 걱정이 많다“며 이 같이 말했다.
김 위원장은 “문재인 대통령은 북한 인민군의 사열을 받고 감격스러웠을 것“이라며 “(그러나 문 대통령이) 국민 안전과 민족사적 큰 결정이라도 혹시 내가 잘못 결정한 것은 아닌지 스스로 의심하길 바란다“고 했다.
김성태 원내 대표 역시 “북한은 역시 협상을 잘한다“며 “서해선 철도 도로 연결, 개성 공단 금강산 관광 사업 정상화, 서해 경제 특구 동해 관광 특구 조성, 2032년 하계 올림픽 공동 개최 등 단물은 다 챙겼지만, 미국과 국제 사회가 끊임없이 요구해 온 비핵화 실질 조치에 대해선 아무것도 받아들인 것이 없다“고 밝혔다.
김 원내 대표는 “핵 물질 핵탄두 핵 시설 리스트 신고는 북한이 고수하고 있는 단계적 비핵화 방안을 문 대통령이 오히려 명시적으로 용인해 준 꼴“이라며 “비핵화 협상을 하겠다면서 비핵화 로드맵도, 선언도 아무것도 없이 북한 입장을 받아들이는 회담이 되고 말았다는 것에 유감“이라고 말했다.
그는 “군사 분야 합의서에 대해서도 사실상 일방적 무장 해제를 강제하고 있어 다시 한 번 깊이 우려한다“며 “특히 군사 분계선 상공에 비행 금지 구역을 설정하고 정찰 자산의 임무를 봉쇄하는 것은, 북한이 여전히 핵무기를 손에 쥐고 있는 마당에 우리만 눈을 감으라는 것“이라고 했다.
잇어 “접경 지역의 군사적 적대 행위 금지와 전략 자산의 봉쇄는 분명히 그 의미가 다르다“며 “한국당은 국방위 긴급 현안 질의를 통해 군사 분야 합의에 대해 명확히 정부의 진의를 묻겠다“고 했다.
김 원내 대표는 또 지난 19일 인사 청문회를 치른 유은혜 교육부 장관 겸 사회 부총리 후보자에 대해 “다시 한 번 유 후보자 스스로 거취를 결정해 주길 바란다“며 자진 사퇴를 압박했다.
그는 “양파 껍질 같은 허물도 허물이지만, 유 후보자 스스로 대한민국의 미래 교육을 감당할 수 있는지 다시 한 번 되새기길 바란다“며 “이런 후보자를 지명한 문 대통령도 문제지만, 문 대통령에게 누가 되지 않기 위해 스스로 거취를 결정해 주길 바란다“고 했다.",18,1959
iks_doc_2018_chosun_188,Chosun 2018 total annotated text file unicode.txt,Chosun Ilbo,조선일보,2018,2018_multi_summit,"윤영찬 “남북 불가침 제도화, 야당과 긴밀히 협의“",,"윤영찬 청와대 국민 소통 수석은 20일 “(남북 불가침 원칙의) 제도화 문제는 앞으로 여러 사회 각 분야 정치권, 특히 야당과 긴밀히 협의하면서 제도화의 방향에 대해 고민을 같이하겠다“고 말했다.
윤 수석은 이날 3차 남북정상회담 메인 프레스 센턴 서울 동대문디자인플라자(DDP)에서 브리핑을 갖고 “(문 대통령이 사전에 언급한) 불가역적인 단계로 가기 위한, 돌이킬 수 없는 상태로 가기 위한 구체적이고 현실적인 발을 떼고 있다“면서 이 같이 말했다.
윤 수석은 또 '북한의 현재 핵은 그대로 있는데 우리만 무장 해제하는 것이 아니냐'는 비판이 나온다는 질문에 “재래식 무기에 대한 군축은 비핵화를 위해서도 바람직한 방향“이라며 “비핵화는 비핵화대로 해결해 나갈 것이고, 재래식 군축의 문제는 군축대로 남북 간의 관계에서 논의해서 진행해 나갈 것“이라고 했다.
윤 수석은 잇어 “평양 공동 선언에 대해서 오늘 미국 정부에서 트럼프 대통령, 폼페이오 장관이 상당히 긍정적으로 평가했다“며 “한미 정상 간의 대화를 통해서 이 문제에 대해 매우 생산적이고 구체적인 논의들을 진행해 나갈 예정“이라고 했다.
그러면서 “이번 공동 선언에서 만들어 내는 모멘텀을 최대한 살리고, 이를 통해서 북미 간의 대화가 진지하게 이루어지도록 하겠다.
잠시 느슨해졌던 북미 간의 대화의 끈을 복원시키는 방향으로 끌고 가겠다“고 덧붙였다.
'북핵과 관련한 현재 핵을 말하는 미국과 미래 핵을 말하는 북한의 괴리가 있다'는 지적에 대해선 “현재 핵과 미래 핵과의 괴리, 그런 괴리가 있기 때문에 해결하기 위한 노력이 진행되고 있고 접점도 반드시 찾아질 것“이라고 했다.
윤 수석은 이와 함께 '김 위원장의 서울 방문 시 한라산 등반 계획'을 묻는 말에 “좋은 아이디어“이라면서 “아직 시간이 있고 준비해야 할 여러 가지 기간이 필요하다.
저희가 참고하겠다“고 했다.
'문 대통령이 귀환 후 서울 프레스 센터에서 기자 회견을 할 계획이 있느냐'는 질문엔 “현재 북측과 연락이 안 되고 있다“면서 “(프레스 센터 방문을) 아직 확신할 수 없다.
가능성도 있지만 그렇지 않을 수도 있다“고 답했다.
다음은 윤 수석의 브리핑 일문일답 전문.
/오늘 8시 10분에 백화원에서 공항 가는 영상과 평양 영상이 나왔다.
가슴 뭉클했다.
수석께서 정상회담 생방송을 적극 추진하신 것으로 알ㄴ다.
전 세계 언론에 감정 의도에 잘 전달하셨는지.
앞으로도 생중계 방침이신지.
“사실 생중계가 이번이 처음이 아니다.
각별하게 신경을 썼던 것ㄴ 현재 벌어지고 있는 한반도의 격한 변화를 전 세계 국민들과 함께 같이 나눠야 한다 생각했다.
지난번 판문점 정상회담에서 확인했듯이 한반도 문제는 동북아 더 나아가서는 전 세계 안보와 직결되는 현안이다.
많은 내외신 기자 분들이 집결한 이유도 그것이다.
그렇기 때문에 한반도 문제를 온 세계에 관심 있는 국민들과 함께 관찰하고 바라보고 함께한다는 것 자체가 한반도 문제를 해결하는 데 매우 중요한 영향을 미칠 것이라고 생각하기 때문에 생중계를 강하게 요청했다.
앞으로 이어질 정상회담에서도 생중계는 있을 것이다.“
/오늘 대통령 귀환 예정 시각과 귀환 이후에 프레스 센터에서 기자 회견할 예정이 있나?
“지금 현재 북측과 연락이 안 되고 있습니다만 새벽 들은 바로는 늦은 오후에 삼지연에서 점심을 드시고 비행기를 타고 바로 성남공항으로 출발을 하는 것으로 알고 있다.
현지 상황에 따라서 출발 시간은 조정이 될 수 있다.
현재 대통령께서 프레스 센터를 방문하실 것이냐는 아직 확신할 수 없다.
가능성도 있지만 그렇지 않을 수도 있다.
현지 성남공항에 도착하는 대로 통화하고 상황을 알리겠다.“
/문 대통령과 김 위원장이 백두산을 같이 방문했다.
김 위원장이 서울 방문할 때 같이 한라산으로 갈 수 있는지?
“좋은 아이디어다.
아직 시간이 있고 준비해야 할 여러 가지 기간이 필요하기 때문에, 매우 좋은 제안으로, 아이디어로 저희가 참고하겠다.“
/어제 평양 공동 선언에 포함된 군사 분야 합의가 야당 일각에서는 북한의 현재 핵은 그대로 있는데 우리만 무장 해제하는 것이 아니냐는 지적이 나온다.
앞서 트럼프 대통령과 폼페이오 국무 장관, 주변국의 반응을 소개했다.
현재 정상회담 중엔 미국 측과 '실시간 협의 어렵다'고 했는데 비핵화 여정 시작된 것은 대북 특사단이 만나고 미 측과 통화하고 우리 중재 안이 받아들여진 것인가?
“군사 분야 관련해서 비핵화 문제는 남북 북미 한미 간의 현재 진행을 통해서, 협의를 통해서 한 축으로 프로세스가 진행되고 있는 것ㄹ 여러분이 보고 계신다.
비핵화와 재래식 무기를 저희가 같이 미국과 삼각 관계에서 논의를 해야할 문제다.
재래식 무기에 대한 군축은 비핵화를 위해서도 바람직한 방향이다.
비핵화는 비핵화대로 해결해 나갈 것이고, 재래식 군축의 문제는 군축대로 남북 간의 관계에서 논의해서 진행해 나갈 것이다.“
/어제 두 정상이 합의한 공동 선언이 대통령께서 방북하시기 전 말씀하셨던 돌이킬 수 없는 진전 나가는 것이 중요하다 하셨는데, 그 진도에 도달했다고 생각하나.
두 정상의 불가침 의지는 확인됐는데 이것의 제도화 정상적 진행 추진 이것은 남한 내 국내 상황을 추후 상황들이 진행돼야 할 것 같은데 계획은?
“아직 이런 부분들에 단정적으로 말씀 드리긴 어렵ㄴ 시점이다.
불가역적인 단계로 가기 위한, 돌이킬 수 없는 상태로 가기 위한 구체적이고 현실적인 발을 떼고 있다.
그리고 이와 관련된 우리 남쪽의 제도화 문제는 앞으로 여러 사회 각 분야, 정치권, 특히 야당과 긴밀히 협의하면서 제도화의 방향에 대한 고민들을 같이 하겠다.“
/북한과 대화를 이어 가는 것과 관련해서 미국의 입장에 관련한 한국 정부의 코멘트 궁금하다.",46,2779
iks_doc_2018_chosun_189,Chosun 2018 total annotated text file unicode.txt,Chosun Ilbo,조선일보,2018,2018_multi_summit,북한의 상응 조치에 대한 입장도 어떤 입장이신지,,"“북한과 어제 같이했던 평양 공동 선언에 대해서 오늘 미국 정부에서 트럼프 대통령, 폼페이오 장관이 상당히 긍정적으로 평가했다.
저희는 앞으로 이어지는 한미 정상 간의 대화를 통해서 이 문제에 대해 매우 생산적이고 구체적인 논의들을 진행해 나갈 예정이다.
이것ㄹ 바탕으로 이번 공동 선언에서 만들어 내는 모멘텀을 최대한 살리고, 이를 통해서 북미 간의 대화가 진지하게 이루어지도록 하겠다.
잠시 느슨해졌던 북미 간의 대화의 끈을 복원시키는 방향으로 끌고 가겠다.“
/김 위원장의 서울 답방을 문재인 대통령이 제안했는데 미국과 협의가 돼 있었는지, 종전 선언을 할 가능성이 있는지.
문정인 특별 보좌관께서 하신 말씀이 미국과 한국의 핵 문제에서 북한은 미래 핵, 미국은 현재 핵을 말한다.
동창리 폐쇄는 그 괴리를 해결하는것이 아니란 주장 있다.
“서울 답방 부문 대한 미국과 협의 문제는 제가 확인해 드릴 만한 정보가 없다.
남북 간 관계에 있어 상황에 대해선 미국과 긴밀히 협의하고 있다는 것으로 말씀 드릴 수 있다.
문정인 특보가 말씀하신 현재 핵과 미래 핵과의 괴리, 그런 괴리가 있기 때문에 해결하기 위한 노력들이 진행되고 있고 접점도 반드시 찾아질 것이다.“
유엔 사무총장 “남북회담 결과 환영 이젠 구체적 행동 보일 때“안토니우 구테흐스<사진>?유엔 사무총장은 19일(현지 시각) 문재인 대통령과 김정은 북한 국무위원장의 평양 남북 정상회담 결과를 “환영한다“면서도 “이제는 구체적인 행동을 보여 줄 때“이라는 입장을 밝혔다.
1 2차 남북 정상회담과 미북 정상회담에 잇어 남북 정상이 세 번째로 만나 북한 비핵화를 다시 합의한 만큼 북한이 실질적인 비핵화 조치에 나서야 한다는 의미로 풀이된다.?
구테흐스 사무총장은 이날 성명을 통해 “유엔은 한국과 북한이 적절하다고 생각하는 어떤 방식으로든 더 지원할 준비가 돼 있다“며 이렇게 밝혔다.?
구테흐스 사무총장은 “중요한 합의를 이끌어 낸 두 정상의 결단력과 외교를 칭찬한다“며 “공동 성명에 반영된 합의 사항들은 중요한 군사적 신뢰 관계 구축을 위한 조치와 관련국 전문가들의 참관하에 미사일 엔진 시험장을 해체하겠다는 북한의 약속을 아우르고 있다“고 했다.?
그러면서 그는 “국제 사회는 유엔 안전보장이사회 결의에 따른 지속적인 평화와 안전, 완전하고 검증 가능한 한반도의 비핵화를 위한 한국과 북한의 노력을 지지해야 한다“고 촉구했다.?
구테흐스 사무총장은 지난달 8일 일본을 방문해 아베 신조 일본 총리를 만난 자리에서 “북한이 '완전하고 검증 가능하며 되돌릴 수 없는 비핵화(CVID)'를 통해 국제 사회의 정상적 일원이 될 수 있다“고 말해 북한으로부터 맹비난을 받았다.?
당시 북한 관영 조선중앙통신은 '망발' '무지 몽매한 소리' 등의 표현을 쓰며 구테흐스 총장을 비난했다.
북한 유엔 대표부도 성명을 통해 “유엔 사무총장은 특정 국가의 비위를 맞추기 위해 제재에 장단을 맞출 것이 아니라 한반도의 평화와 안정을 위해 현 상황에 도움이 되는 일을 해야 한다“고 했다.
여기서 '특정 국가'는 북한이 실질적인 비핵화 조치를 취하기 전까지 대북 제재를 유지해야 한다고 주장하는 미국을 뜻한다.
유엔 총회 기간인 오는 27일 마이크 폼페이오 미 국무 장관은 북핵 문제 등을 다룰 유엔 안전보장이사회 회의를 주재할 예정이다.
미 국무부는 폼페이오 장관이 회의에서 북한의 '최종적이고 완전하게 검증된 비핵화'를 위해 미국이 취해 온 조치들을 소개할 것이라고 밝혔다.",21,1696
iks_doc_2018_chosun_190,Chosun 2018 total annotated text file unicode.txt,Chosun Ilbo,조선일보,2018,2018_multi_summit,"美 정치권 “北, 말보다 행동 보여야 양보 요구 들어 줄 수 없어“",,"미국 정치권 일각에선 문재인 대통령과 김정은 북한 국무위원장이 합의한 '9월 평양 공동 선언'을 두고 “북한이 말보다 행동을 보여 줘야 한다“는 목소리가 나왔다.
북한이 동창리 미사일 엔진 시험장과 발사대 영구 폐쇄를 약속한 것을 긍정적으로 평가하면서도, 구체적인 성과가 나와야 한다는 입장이다.
도널드 트럼프 미국 대통령이 “엄청난 진전을 이루고 있다“며 국내 정치권을 설득하는 가운데, 공화당 내부에서도 섣불리 북한에 양보를 해서는 안 된다는 주장이 적지 않다.?
존 케네디 공화당 상원 의원은 19일(현지 시각) 미국의소리(VOA)와의 인터뷰에서 제3차 남북 정상회담에서 발표된 '9월 평양 공동 선언'을 “고무적인 일“이라고 평가하면서도 “말만 그럴듯하게 하는 것보다는 실질적인 행동으로 보여 줘야 한다“고 강조했다.
그는 그러면서 김정은 북한 국무위원장의 아버지 김정일과 조부 김일성이 지켜지지 않은 약속을 했다고 지적했다.?
케네디 의원은 “분명한 것은 현재 지도부는 북한의 핵무기 보유를 절대 용납하지 않을 것이라는 점이다“이라며 “그것은 논쟁의 여지가 없는 문제로 결코 일어나지 않을 일“이라고 했다.
그는 그러면서도 도널드 트럼프 미국 대통령이 대북 문제를 올바른 길로 이끌어 가고 있다고 평가하면서, “트럼프 대통령은 이 문제에 대해 심장 마비와 뇌졸중을 대하듯이 진지하게 임하고 있다“고 했다.?
비핵화 달성 때까지 제재를 유지해야 한다는 주장도 여전하다.
에드 로이스 공화당 상원 의원은 이날 트위터에 “비핵화에 훨씬 못 미치는 단계에서 미국의 양보를 원한다는 것이 놀랍다“며 “행정부가 아무렇ㄴ 약속을 보장하지 않은 것이 다행이며, 최대 압박 캠페인이 계속돼야 한다“고 썼다.?
상원 외교위 동아태 소 위원장을 맡고 있는 코리 가드너 공화당 의원 역시 “완전하고 검증 가능하며 돌이킬 수 없는 비핵화(CVID)는 미국 법과 국제 법에 부합한다“며 “사찰단은 제한 없이 (북한 핵 시설에) 접근하고 실태를 파악할 수 있어야 한다“고 강조했다.?
야당인 민주당 의원들도 남북 정상회담 결과에 대해 회의적인 반응을 보였다.
상원 외교위 동아태소위 민주당 간사를 맡고 있는 에드워드 마키 의원은 김정은 위원장이 기만적인 시간 끌기에 전념하고 있다고 비난했다.
그는 이날 성명을 통해 “3차 남북 정상회담에서 김정은은 핵무기 프로그램 폐기에 진지하다는 것을 보여 줄 기회가 있었음에도 불구하고 핵무기를 계속 보유할 의사가 있음을 분명히 했다“고 지적했다.?
김정은 위원장의 '미국의 상응 조치'를 조건으로 핵 시설 사찰을 허용하겠다는 제안과 관련해 마키 의원은 “북한이 핵 물질을 계속 생산하고 있고 탄도 미사일 프로그램을 늘리고 있는 것으로 보이는 상황에서 북한의 요구를 들어 줄 수 없다“고 강조했다.?
또 마키 의원은 “트럼프 대통령이 김정은에 놀아나고 있는 것은 아닐까 우려된다“고 했다.
그는 북한이 약속을 이행하지 않고 미국의 양보를 요구하는 태도는 어떤 미국 대통령보다 트럼프 대통령으로부터 더 많은 것을 얻어 낼 수 있다고 믿고 있음을 보여 주는 증거라고 지적했다.?
이도훈 “종전 선언 추진 여건 좋아져 비핵화 구체적 협상할 때“이도훈 외교부 한반도평화교섭본부장은 20일 “이번 평양 공동 선언을 통한 비핵화 진전으로 종전 선언을 추진할 여건이 좋아졌다“고 말했다.
이도훈 본부장은 이날 3차 남북정상회담 메인 프레스 센터가 차려진 서울 동대문디자인플라자(DDP)에서 브리핑을 갖고 “평양 공동 선언은 큰 틀에서 중요한 방향을 설정했다.
우린 종전 선언이 비핵화를 촉진할 수 있다고 믿는다“며 이 같이 밝혔다.
이 본부장은 이번 평양 공동 선언에 대해 “최정상급에서 이렇게 (비핵화에 대한 의지를) 밝힌 적이 없다“며 “북한이 불가역적인 폐기를 하겠다고 한 만큼 외교적 절차를 통해 최종적으로 어떻게 할 것인지를 논의할 때가 됐다“고 말했다.
그는 “이제 (협상단이) 서로 만나서 구체적으로 협상할 때“이라면서 “남북미 정상이 큰 틀에서 갈 길을 정했다면 그 내용을 채우는 것은 협상단이 할 일이다.
그리고 협상단의 합의를 정상이 동의하는 형태가 될 것“이라고 했다.
잇어 “동창리 엔진 실험장 및 미사일 발사대 폐기, 영변 핵 시설 폐기는 비핵화 진행 과정에서 아주 중요한 부분이다.
북한의 핵 능력 중 상당한 부분을 차지한다“며 “이 기회를 잘 활용하면 중요한 진전을 이룰 수 있다“고 말했다.
이 본부장은 또 “도널드 트럼프 미국 대통령과 마이크 폼페이오 미 국무 장관은 평양 공동 선언을 환영하는 메시지를 보냈다“면서 “북미 양측이 대화를 통해 비핵화와 한반도 평화 정착 문제를 해결하겠다는 의지가 엿보인다“고 평가했다.
그는 다만 트럼프 대통령이 트위터에 '북한이 협상 결과에 따라 핵 사찰을 수용했다'고 쓴 것에 대해선 “미국 국가 원수의 트위터에 대해서 언급하기 곤란하다“면서도 “동창리 실험장 이야기로 보인다“고 했다.
그러면서 “구체적으로 어떤 것을 말하는지 살펴보겠다.
트럼프 대통령이 사흘 전 받았다는 서신에 대해서도 확인해 보겠다“고 했다.
폼페이오 장관이 성명에서 영변 핵 시설 폐기와 관련해 “미국과 IAEA 사찰단의 참관 아래 영변의 모든 시설을 영구히 해체하기로 한 것을 환영한다“고 표현한 데 대해선 “자신들의 요구를 다시 담은 것일 수도 있다“면서 “다른 내용이 있었는지 방북단이 내려오면 확인해 보겠다“고 했다.
스티브 비건 미 국무부 대북 정책 특별 대표가 오스트리아 빈에서 북한 대표단과 만나기로 제안한 데 대해선 “빈의 상징적인 의미가 고려되지 않았나 생각한다“고 답했다.
오스트리아 빈은 국제원자력기구(IAEA)의 본부가 소재한 곳이다.?
'폼페이오 장관의 4차 방북' 전망에 대해선 “일단 유엔 총회에서 리용호 북한 외무상을 만난 뒤, 박북을 할지 말지 판단하게 될 것“이라며 “필요하다면 폼페이오 장관이 다시 북한에 갈 수 있다고 본다“고 했다.
폼페이오 장관이 유엔 총회 카운터 파트로 김영철 노동당 부위원장 겸 통일전선부장이 아닌 리용호 외무상을 지목한 데 대해선 “국무 장관의 상대는 원래 외무상“이라고 답했다.
그는 잇어 “이번 성과를 토대로 유엔 총회? 계기 남북미 외교 장관 회담이 열리게 된다면 상당한 의미가 있을 것“이라고 했다.
'평양 공동 선언에 개성 공단과 금강산 관광 사업을 우선적으로 재개한다는 문구를 넣는 것과 관련해 미 측과 협의됐냐'는 질문엔 “개성 공단과 금강산 관광 재개와 관련한 중요한 단서가 있다.",35,3140
iks_doc_2018_chosun_191,Chosun 2018 total annotated text file unicode.txt,Chosun Ilbo,조선일보,2018,2018_multi_summit,바로 '조건이 된다면'이라는 표현이 들어갔다“며 “여기에 대해선 큰 문제가 없을 것“이라고 했,"남북 정상, 케이블카 타고 백두산 천지 도착 동반 산책 나서","문재인 대통령과 김정은 북한 국무위원장이 20일 오전 차량을 이용해 백두산의 정상인 장군봉에 도착했다.?
문 대통령과 김 위원장은 이날 천지행 케이블카를 운행하는 '향도역'을 잠시 둘러봤다.
잇어 두 정상은 오전 10시 10분쯤 케이블카에 올라, 10시 20분쯤 백두산 천지에 도착했다.
천지에서 두 정상 부부는 산책을 했다.
산책엔 강경화 외교부 장관 등이 함께했다.
천지를 방문한 문 대통령은 이후 삼지연 인근에서 오찬을 한 뒤, 성남 서울공항으로 돌아온다.",6,258
iks_doc_2018_chosun_192,Chosun 2018 total annotated text file unicode.txt,Chosun Ilbo,조선일보,2018,2018_multi_summit,"“리설주, 옷 안 갈아입고 매니큐어도 안 발라' 인민의 어머니' 연출“",,"18일부터 평양에서 열린 3차 남북 정상회담에서는 김정은 북한 국무위원장의 부인 리설주 여사가 북한 퍼스트 레이디로서 정상회담의 모든 일정을 소화했다.?
리설주는 18일 오전 평양 순안국제공항에 도착한 문재인 대통령과 김정숙 여사를 김정은과 함께 공항 활주로에서 맞았다.
오후에는 김 여사와 함께 옥류아동병원과 김원균명칭음악종합대학 등을 방문했고 목란관에서 열린 정상회담 환영 만찬에 참석했다.
정상회담 이틀짼 19일에는 옥류관 오찬과 대동강수산물식당 만찬에 참석했다.?
일본 아사히 신문은 리설주가 이번 평양 남북 정상회담에서 신중하고 검소한 이미지를 연출하며 북한 최고 지도자의 아내에게 요구되는 '인민의 어머니' 모습을 연기했다고 19일 평했다.?
신문은 유명 브랜드 제품을 애용하는 것으로 알려진 리설주가 정상회담 첫날 아침부터 저녁까지 내내 진한 남색 투피스 차림이었다는 데 주목했다.
김 여사가 이날 여러 번 옷을 갈아입은 것과 대조된다는 것이다.
리설주는 19일에도 하루 종일 흰색 세로 줄 무늬가 들어간 검정색 원피스 차림으로 모든 일정을 소화했다.?
리설주는 정상회담 기간 손톱에 매니큐어를 바르지 않았다.
두 정상 내외가 대동강변 옥류관에서 평양냉면으로 오찬을 할 때 리설주는 미국 보석 브랜드 티파니의 심플한 디자인 목걸이를 했다.?
신문은 이 밖에도 순안국제공항에 도착한 문 대통령 부부에게 꽃다발을 건넨 북한 소년의 어깨를 두드려 주거나 문 대통령 내외와 산책할 때 길을 양보하는 등 배려하는 모습이 눈에 띄었다고 전했다.?
리설주는 과거 공식 석상에서 고급 브랜드 제품을 착용하고 나타나 화제를 모았다.
크리스티앙 디오르의 클러치백과 모바도 손목 시계를 착용하기도 했다.?
김정은과의 친분으로 북한을 수차례 방문한 전 미국 프로 농구(NBA) 선수 데니스 로드먼은 2014년 “리설주는 구찌와 베르사체를 좋아하고, 옷을 잘 입는다“고 말했다.?
리설주는 평소 밝은 색상 옷을 즐겨 입는 것으로도 알려졌다.
지난 4월 판문점에서 열린 1차 남북 정상회담 때는 살구 색 투피스를 입었다.?
당시 영국 텔레그래프는 리설주의 옷차림을 케이트 미들턴 영국 왕세손 비와 존 F 케네디 전 미국 대통령의 아내였던 재클린 케네디와 비교하기도 했다.?
북한 여성들 사이에서는 '리설주 스타일'이 유행하고 있다.
영국 패션 잡지 '데이즈드앤컨퓨즈드'는 2015년 “아주 최근까지만 해도 북한에서 밝은 색과 하이힐, 귀걸이, 몸에 딱 맞는 차림은 거의 볼 수 없었다“며 “가장 눈에 띄는 트렌드 세터(유행 선도자)는 북한 지도자 김정은의 아내, 리설주“라고 소개한 바 있다.?",19,1277
iks_doc_2018_chosun_193,Chosun 2018 total annotated text file unicode.txt,Chosun Ilbo,조선일보,2018,2018_multi_summit,13년 전 9.19 비핵화 합의보다 진전없는 9.19 평양 선언,,"문재인 대통령과 김정은 북한 국무위원장이 19일 '9월 평양 공동 선언'에 서명했다.
북한 비핵화와 관련해 “한반도를 핵무기와 핵 위협이 없는 평화의 터전으로 만들어 나가자“는 취지의 문구가 선언에 담겼다.
평양 공동 선언이 있었던 이날로부터 정확히 13년 전 국제 사회에선 북한의 핵 문제와 관련해 의미 있는 합의가 만들어졌다.
한국 미국 중국 일본 러시아와 북한이 참여한 6자 회담을 통해 만들어진 9·19 공동 성명이다.?
이번에 체결한 '평양 공동 선언'(이하 평양 선언)과 13년 전의 '9.19 공동 성명'(이하 공동 성명)은 같은 날짜에다 북핵 문제 해결 방법을 담았다는 점에서 공통점이 있다.
하지만 구체적인 비핵화 로드맵에서는 상당한 차이가 난다.?
북한은 2005년 6자 회담을 거쳐 나온 공동 성명에서 모든 핵 계획 포기와 핵확산금지조약(NPT) 및 국제원자력기구(IAEA) 복귀를 약속했다.
사실상 IAEA의 핵 사찰을 수용한 것이다.
공동 성명은 미국이 북한의 '고농축 우라늄 폭탄' 개발 계획을 문제 삼으면서 시작된 제2차 북핵 위기를 봉합한 것이다.
따라서 공동 성명 안의 '북한이 모든 핵 계획을 포기한다'는 문구는 플루토늄 폭탄은 물론이고 우라늄 폭탄까지 포함한다.?
공동 성명에는 '미국이 상응 조치를 취하면'식의 전제 조건도 없었다.?
대신 국제 사회의 보상 안이 구체적으로 담겼다.
당시 한국 미국 중국 일본 러시아 등 6자 회담 참가국은 북한에 에너지 지원을 약속했다.
특히 한국은 북한에 200만 kw의 전력을 공급하기로 했다.
북한과의 관계 정상화 약속도 나왔다.
미국은 북한에 대한 군사적 행동을 하지 않겠다면서 관계 정상화 조치를 취하겠다고 했다.
일본 역시 과거사 청산을 바탕으로 북한과의 관계 정상화에 나서기로 합의했다.
하지만 북한은 다음 해 7월 4일 장거리 미사일 '대포동 2호'를 발사하며 9.19 공동 성명을 공식적으로 파기했다.
잇어 2006년 10월 9일엔 1차 핵 실험을 단행했다.
이번에 체결한 평양 선언에는 비핵화와 관련해 두 가지 구체적인 합의가 들어가 있다.
동창리 엔진 시험장과 미사일 발사대 유관국 참관하 폐기 상응 조치에 따른 영변 핵 시설의 영구적 폐기 추진 의사 확인 등이다.
여기에 비핵화 추진 과정에서의 남북 협력 조항이 담겨 있다.?
그러나 이런 조항은 별 다른 진전이 없는 내용이란 평가가 많다.
일각에선 “이미 다 나온 얘기를 다시 우려먹은 사기 수준“이란 평가도 있다.?
동창리 미사일 엔진 시험장, 미사일 발사대 폐기는 지난 6월 12일 미북 정상회담에서 합의한 내용을 다시 언급한 것이다.
게다가 북한이 대륙 간 탄도 미사일 개발까지 완료한 상황에서 엔진 시험장 폐기는 의미 없다는 지적도 있다.
고정식 미사일 발사대 폐기도 북한이 이동식 발사대(TEL)를 터널에 숨겨 두고 미사일을 발사한다는 사실을 감안하면 크게 의미를 부여할 수 없는 조치다.?
상응 조치에 따라 폐기를 추진한다는 영변 핵 시설은 1994년 제네바 합의 때부터 나왔던 그 시설이다.
매번 가동과 가동 중단, 재개를 반복하며 북한이 핵 협상에서 이용하던 곳이다.
이곳은 플루토늄 폭탄 개발을 위한 시설이다.
우라늄 폭탄은 다른 곳에서 은밀하게 만들어지고 있다.
평양 선언에선 우라늄 폭탄과 관련해선 아무렇ㄴ 언급도 없다.?
게다가 영변 핵 시설 폐기에는 상응 조치라는 단서까지 붙었다.
13년 전 공동 성명이 북핵과 관련해선 지금의 평양 선언보다 더 진전됐다는 평가가 나올 수밖에 없는 이유다.
한 대북 관련 전문가는 “이번 선언은 비핵화에선 별다른 진전이 없는데 진전 있는 것처럼 보이려는 조삼모사, 양두구육“이라고 했다.
다만 북한의 최고 지도잔 김정은의 육성을 통해 '핵 없는 한반도'이라는 표현이 나온 만큼, 합의의 무게감이 남다르다는 분석도 있다.
<다음은 2005년 9.19 공동 성명 전문> 제4차 6자 회담 공동 성명 (2005.9.19, 베이징) 제4차 6자 회담이 베이징에서 중화인민공화국, 조선민주주의인민공화국, 일본, 대한민국, 러시아연방, 미합중국이 참석한 가운데 2005년 7월 26일부터 8월 7일까지 그리고 9월 13일부터 19일까지 개최됐다.
우다웨이 중화인민공화국 외교부 부부장, 김계관 조선민주주의인민공화국 외무성 부상, 사사에 켄이치로 일본 외무성 아시아대양주국장, 송민순 대한민국 외교 통상부 차관보, 알렉세예프 러시아 외무부 차관, 그리고 크리스토퍼 힐 미합중국 국무부 동아태 차관보가 각 대표단의 수석 대표로 동 회담에 참석했다.
우다웨이 부부장은 동 회담의 의장을 맡았다.
한반도와 동북아시아 전반의 평화와 안정이라는 대의를 위해, 6자는 상호 존중과 평등의 정신하에, 지난 3회에 걸친 회담에서 이루어진 공동의 이해를 기반으로, 한반도의 비핵화에 대해 진지하면서도 실질적인 회담을 가졌으며, 이러한 맥락에서 다음과 같이 합의했다.
1. 6자는 6자 회담의 목표가 한반도의 검증 가능한 비핵화를 평화적인 방법으로 달성하는 것임를 만장일치로 재확인했다.
조선민주주의인민공화국은 모든 핵무기와 현존하는 핵 계획을 포기할 것과, 조속한 시일 내에 핵확산금지조약(NPT)과 국제원자력기구(IAEA)의 안전 조치에 복귀할 것을 공약했다.
미합중국은 한반도에 핵무기를 갖고 있지 않으며, 핵무기 또는 재래식 무기로 조선민주주의인민공화국을 공격 또는 침공할 의사가 없다는 것을 확인했다.
대한민국은 자국 영토 내에 핵무기가 존재하지 않는다는 것을 확인하면서, 1992년도 한반도의 비핵화에 관한 남.북 공동 선언에 따라, 핵무기를 접수 또는 배비(配備)하지 않겠다는 공약을 재확인했다.
1992년도 한반도의 비핵화에 관한 남.북 공동 선언은 준수, 이행돼야 한다.
조선민주주의인민공화국은 핵 에너지의 평화적 이용에 관한 권리를 가지고 있다고 밝혔다.
여타 당사국들은 이에 대한 존중을 표명했고, 적절한 시기에 조선민주주의인민공화국에 대한 경수로 제공 문제에 대해 논의하는 데 동의했다.
2. 6자는 상호 관계에 있어 국제연합 헌장의 목적과 원칙 및 국제 관계에서 인정된 규범을 준수할 것을 약속했다.
조선민주주의인민공화국과 미합중국은 상호 주권을 존중하고, 평화적으로 공존하며, 각자의 정책에 따라 관계 정상화를 위한 조치를 취할 것을 약속했다.
조선민주주의인민공화국과 일본은 평양 선언에 따라, 불행했던 과거와 현안 사항의 해결을 기초로 해 관계 정상화를 위한 조치를 취할 것을 약속했다.
3. 6자는 에너지, 교역 및 투자 분야에서의 경제 협력을 양자 및 다자적으로 증진시킬 것을 약속했다.
중화인민공화국, 일본, 대한민국, 러시아연방 및 미합중국은 조선민주주의인민공화국에 대해 에너지 지원을 제공할 용의를 표명했다.
대한민국은 조선민주주의인민공화국에 대한 2 백만 킬로와트의 전력 공급에 관한 2005.7.12 자 제안을 재확인했다.
4. 6자는 동북아시아의 항구적인 평화와 안정을 위해 공동 노력할 것을 공약했다.
직접 관련 당사국들은 적절한 별도 포럼에서 한반도의 항구적 평화 체제에 관한 협상을 가질 것이다.
6자는 동북아시아에서의 안보 협력 증진을 위한 방안과 수단을 모색하기로 합의했다.
5. 6자는 '공약 대 공약', '행동 대 행동' 원칙에 입각해 단계적 방식으로 상기 합의의 이행을 위해 상호 조율된 조치를 취할 것을 합의했다.
6. 6자는 제5차 6자 회담을 11월 초 북경에서 협의를 통해 결정되는 일자에 개최하기로 합의했다.",58,3607
iks_doc_2018_chosun_194,Chosun 2018 total annotated text file unicode.txt,Chosun Ilbo,조선일보,2018,2018_multi_summit,"왕이 “평양 공동 선언, 한반도에 축복 축하와 지지 표명“",,"왕이 중국 외교부장은 20일 문재인 대통령과 김정은 북한 국무위원장이 전날 발표한 '9월 평양 공동 선언'에 대해 환영하고 지지한다는 입장을 밝혔다.
중국 일간지 신경보가 중국 외교부 대변인실을 인용한 보도에 따르면, 왕 외교부장은 지난 19일 남북한 정상이 발표한 9월 평양 공동 선언에 대해 “이것은 한반도 전체의 축복이자 중국을 비롯한 전 세계의 희망이다.
중국은 따뜻한 축하와 확고한 지지를 표한다“고 말했다.
왕 외교부장은 또 “남북 관계는 포괄적인 개선과 발전을 이루고 있다“며 “(남북한) 양국은 핵무기와 군사적 위협이 없는 평화롭ㄴ 한반도를 만들기 위해 함께 노력하고 있다.
모든 당사국은 이 목표를 위해 행동하고 함께 노력해야 한다“고 했다.
그는 그러면서 “올해 남북 간 6.25 전쟁 정전 협정 체결? 65주년을 맞았다.
(한반도의) 평화를 위한 어렵ㄴ 기회를 다시 놓쳐서는 안 된다“고 강조했다.
문 대통령과 김정은은 19일 3차 남북정상회담의 합의 내용을 담은 9월 평양 공동 선언에 서명하고 기자 회견을 열었다.
선언문에는 북한의 핵무기 시험 발사 시설 영구 폐기 등 비핵화 조치를 비롯한 군사적 긴장 완화 조치, 남북 경제 협력에 등에 관한 내용이 포함됐다.",9,607
iks_doc_2018_chosun_195,Chosun 2018 total annotated text file unicode.txt,Chosun Ilbo,조선일보,2018,2018_multi_summit,백두산 함께 오른 남북 정상 “새 역사를 썼다“,,"문재인 대통령과 김정은 북한 국무위원장은 20일 백두산에 함께 올라 친교 시간을 가졌다.
문 대통령 내외와 김 위원장 내외는 이날 오전 9시 30분쯤 백두산 장군봉에 도착했다.
두 정상은 장군봉에 도착하자마자 곧바로 천지가 내려다보이는 위치로 이동해 담소를 나눴다.
김정은은 천지를 보면서 문 대통령에게 “중국 사람들이 부러워한다.
중국 쪽에선 천지를 못 내려 가지만 우리는 내려갈 수 있다“고 말했다.
문 대통령이 북 중 국경을 묻자, 김정은은 손가락으로 가리킨 뒤 “백두산에는 사계절이 다 있다“고 말했다.
리설주 여사는 “7~8월이 제일 좋다.
만병초가 만발한다“고 말을 붙였다.
김정은은 “꽃보다 해돋이가 장관“이라면서 “백두산 천지에 새 역사의 모습을 담가서, 백두산 천지의 물이 마르지 않도록 이 천지 물에 다 담가서 앞으로 북남 간의 새롭ㄴ 역사를 또 써 나가야겠다“고 했다.
이에 문 대통령은 “이번에 제가 오면서 새롭ㄴ 역사를 좀 썼다“며 “평양 시민들 앞에서 연설도 다했다“고 말했다.
문 대통령은 잇어 “지난 4.27 회담 때 말했는데 반드시 나는 우리 땅으로 해서 (백두산에) 오르겠다 다짐했었다.
그런 세월이 금방 올 것 같더니 멀어졌다.
영 못 오르나 했는데 소원이 이루어졌다“고 했다.
김정은은 “오늘은 적은 인원이 왔지만 앞으로는 남측 인원들, 해외 동포들 와서 백두산을 봐야 된다“며 “분단 이후에는 남쪽에서는 그저 바라만 보는 그리움의 산이 됐다“고 했다.
문 대통령은 “이제 첫걸음이 시작됐다.
이 걸음이 되풀이되면 더 많은 사람들이 오게 될 것“이라며 “남쪽 일반 국민들도 백두산으로 관광 올 수 있는 시대가 곧 올 것으로 믿는다“고 했다.
장군봉에서 천지를 바라보던 김정은은 문 대통령에게 “천지에 내려가겠냐“고 물었고, 문 대통령은 “천지가 나무라지만 않는다면 손이라도 담궈 보고 싶다“고 했다.
두 정상 내외는 장군봉에서 천지를 배경으로 기념 촬영을 했다.
기념 촬영 후, 김정은은 “대통령님 모시고 온 남측 대표단들도 대통령 모시고 사진 찍으시시지요?
제가 찍어 드리면 어떻습니까“라고 제안하기도 했다.
두 정상은 사진 촬영을 마친 후 천지로 내려 갔다.
천지로 향하던 중 김영춘 해양 수산부 장관은 문 대통령에게 “이번에 서울 답방 오시면 한라산으로 모셔야겠다“고 했고, 문 대통령도 “어제, 오늘 받은 환대를 생각하면, 서울로 오신다면 답해야겠다“고 했다.
송영무 국방부 장관도 “한라산 정상에 헬기 패드를 만들겠다.
우리 해병대 1개 연대를 시켜서 만들도록 하겠다“고 좌중을 웃게 했다.
잇어 리설주가 “우리나라 옛말에 백두에서 해맞이를 하고, 한라에서 통일을 맞이한다는 말이 있다“고 하자, 김정숙 여사는 “한라산 물을 갖고 왔다.
천지에 가서 반은 붓고 반은 백두산 물을 담아 가겠다“고 했다.
청와대 관계자에 따르면 김 여사는 제주도 물을 채워 왔고, 천지에 일부를 뿌리고 천지 물을 담아 합수할 생각으로 병을 가져왔다고 설명했다.
문 대통령 내외와 김정은 내외는 천지까지 케이블카로 이동했다.
두 정상 내외는 이날? 같은 케이블카를 타고 천지로 이동했다.
케이블카는 4인용으로 정상 부부가 서로 마주 보고 앉아 이동했다.
두 정상은 천지에 도착해 담소를 나눈 뒤, 기념 촬영을 했다.
다시 케이블카를 타고 장군봉에 올라온 두 정상은 곧바로 오찬 장손 삼지연 초대소로 이동했다.
문 대통령은 이날 삼지연 초대소에서 오찬을 한 뒤, 삼지연공항에서 바로 성남 서울공항으로 돌아온다.
北 매체, 평양 정상회담 전문 보도 군사 합의서는 생략 조선중앙통신 북한 매체들이 20일 문재인 대통령과 김정은 국무위원장 간 '9월 평양 공동 선언' 채택 소식을 전문과 함께 보도했다.
조선중앙통신은 이날 “김정은 동지께서 19일 문재인 대통령과 함께 9월 평양 공동 선언과 관련한 공동 발표를 하셨다“며 양 정상의 공동 기자 회견 소식을 전했다.
통신은 특히 김정은이 “민족 자주의 원칙에 기초해 북남 관계를 전면적으로 발전시켜 나가기 위한 실천적 대책들에 대해 의논하고 군사 분야의 합의서를 채택했으며 조선 반도(한반도)를 핵무기도 핵 위협도 없는 평화의 땅으로 만들기 위해 적극 노력해 나가기로 확약한 데 대해 강조하셨다“며 전날 생중계된 김정은의 기자 회견 발언 내용을 소개했다.
특히 김정은이 문 대통령에게 서울을 방문할 것을 약속했다고 전하며 “평화와 번영으로 향한 성스럽ㄴ 여정에 언제나 두 손을 굳게 잡고 앞장에 서서 함께 나아갈 의지를 표명했다“고 전했다.
통신은 “문 대통령이 김정은 동지의 서울 방문으로 남북 관계의 획기적인 전기가 마련될 것이라는 확신을 표명했다“고도 밝혔다.
중앙통신은 별도 기사를 통해 평양 공동 선언 전문도 싣었다.
전날 남측이 공개한 전문과 비교해 보면 '남과 북'을 '북과 남'으로 표현하고, '정상'이라는 표현을 '수뇌' 등 북측이 고유하게 사용하는 표현만 다를 뿐 전문 내용은 동일했다.
동창리 시험장 영구 폐기 등 비핵화 관련 추가 조치가 언급된 5조 내용과 김정은의 서울 답방 내용이 담긴 6조도 싣었다.
다만 9월 평양 공동 선언 부속 합의서로 채택된 '판문점 선언 이행을 위한 군사 분야 합의서'는 전문을 싣지 않았다.
[리얼미터] 文 대통령 국정 지지율 59.4%로 반등 문재인 대통령의 국정 수행 지지율이 60%선 가까이 반등했다는 여론 조사 결과가 20일 나왔다.
문 대통령의 지지율 상승에는 지난 18일부터 시작된 평양 남북정상회담이 영향을 미친 것으로 보인다.
여론 조사 업체 리얼미터가 TBS 의뢰로 지난 17일부터 19일까지 전국 성인 남녀 1505명을 대상으로 조사한 결과에 따르면, 문 대통령의 국정 수행 지지율은 지난주 53.1%보다 6.3%포인트가 오른 59.4%를 기록한 것으로 나타났다.
'국정 수행을 잘 못 하고 있다'는 부정 평가는 7.9%포인트 줄어 33.8%로 집계됐다.
‘모름 무응답’은 1.6%포인트 늘어난 6.8%이었다.
리얼미터 제공
문 대통령의 지지율은 대구 경북(TK)과 부산 울산 경남(PK), 50대 이하, 보수층과 중도층을 포함해 거의 모든 지역과 연령, 이념 성향의 응답자군에서 지난주보다 상승한 것으로 나타났다.?
정당 지지도에서도 여당인 더불어민주당이 지난주보다 4.6%포인트 올라 45.1%를 기록했다.?
자유한국당은 전주 대비 3.5%포인트 내린 17.4%로 나타났다.?
정의당은 전주 대비 2.2%포인트 내린 8.2%, 바른미래당은 전주 대비 0.9%포인트 내린 6.0%, 민주평화당은 전주 대비 0.3%포인트 오른 2.7%로 조사됐다.
이번 조사는 무선(80%)유선(20%) 병행 방식으로 실시됐으며, 응답률은 8.3%, 표본 오차는 95% 신뢰 수준에서 2.5%포인트였다.
자세한 내용은 중앙선거여론조사심의 위원회 홈페이지 참조.",54,3293
iks_doc_2018_chosun_196,Chosun 2018 total annotated text file unicode.txt,Chosun Ilbo,조선일보,2018,2018_multi_summit,"靑 “김정은의 선물 송이버섯 2t, 수송기로 서울공항 도착“",,"청와대는 20일 김정은 북한 국무위원장이 보낸 송이버섯 선물이 성남 서울공항에 도착했다고 밝혔다.
윤영찬 청와대 국민 소통 수석 비서관은 이날 오후 서울 동대문디자인프라자 프레스 센터 브리핑에서 “문재인 대통령이 북한에 머무는 시점에 김정은 위원장의 선물이 먼저 도착했다“며 이 같이 말했다.?
윤 수석은 “김 위원장이 선물한 송이버섯 2t(2000kg)이 오늘(20일) 새벽 5시 36분 성남 서울공항에 수송기편으로 도착했다“며 “송이버섯 2t는 아직 이산의 한을 풀지 못한 미상봉 이산가족들에게 모두 나눠 보내 드릴 것“이라고 말했다.?
잇어 “고령자를 우선해 4000여 명을 선정했고, 각각 송이버섯 500g씩을 추석 전에 받아 보게 될 것“이라고 덧붙였다.?
문 대통령은 송이버섯 선물을 전할 이산가족들에게 “북한에서 마음을 담아 송이버섯을 보내 왔습니다.
북녘 산천의 향기가 그대로 담겨 있습니다.
부모 형제를 그리는 이산가족들에게 조금이라도 위로가 됐으면 좋겠습니다.
보고 싶은 가족의 얼굴을 얼싸안을 날이 꼭 올 것입니다.
그날까지 건강하기 바랍니다“라고 인사했다고 윤 수석은 전했다.
청와대는 “정부는 검사 검역 절차를 마치고 선물 발송을 위한 포장 작업을 진행하고 있다“고 덧붙였다.
앞서 북한은 지난 2000년과 2007년 열린 남북정상회담 이후 선물로 당시 회담 상대였던 김대중 대통령, 노무현 대통령에게도 각각 송이버섯을 선물했다.",11,701
iks_doc_2018_chosun_197,Chosun 2018 total annotated text file unicode.txt,Chosun Ilbo,조선일보,2018,2018_multi_summit,"靑, 이재용 등 재계 총수 방북 배경에 “北 요청 없었다“강조",,"청와대는 20일 평양 남북정상회담의 재벌 총수 방북과 관련 “누구를 수행단에 포함시켜 달라는 (북측) 요청은 전혀 없었다“고 강조했다.
윤영찬 청와대 국민 소통 수석 비서관은 이날 오후 서울 동대문디자인프라자 프레스 센터 브리핑에서 '현 시점에서 재벌 총수 방북 결정 당시 생각한 소기의 성과를 이뤘나'이라는 기자의 질문에 “북측에서는 200명이라는 (수행단) 숫자를 우리에게 제시했을 뿐“이라며 이 같이 말했다.?
윤 수석은 “이번에는 경제계 주요 인사들이 많이 올라갔다“면서도 “당장의 경협 성과를 내기 위해 방북했다기보다는 앞으로 새로 전개될 한반도의 지형에 대비해 올라간 것이고, 그분들이 앞으로 여건이 조성됐을?때 정말 많은 역할을 해 줄 것이라고 기대하고 있다“고 덧붙였다.?
앞서 청와대는 지난 18일과 19일에도 이재용 삼성전자 부회장을 비롯한 경제인들의 방북에 대해 북한이 아닌 우리 정부의 요청으로 이루어진 것이라고 거듭 강조했다.
이는 지난 18일 한 북측 인사가 이 부회장과 만난 자리에서 “우리가 꼭 오시라고 말씀 드렸다“라고 한 것에 대한 청와대 반박이었다.",5,550
iks_doc_2018_chosun_198,Chosun 2018 total annotated text file unicode.txt,Chosun Ilbo,조선일보,2018,2018_multi_summit,"日 언론 “南 北 정상 백두산 등정, 항일 역사 두고 단결하려는 것“",,"문재인 대통령과 김정은 북한 국무위원장이 20일 함께 백두산을 등정한 데 대해 일본 언론들이 남북한이 과거 항일 활동의 중심지였던 백두산에서 일본을 둘러싼 역사 문제를 두고 단결을 강화하기 위한 것이라는 해석을 내 놨다.?
이날 문 대통령과 김 위원장은 남북 정상회담 마지막 날 일정으로 백두산에 올랐다.
두 정상은 이날 오전 8시 20분 백두산 인근 삼지연공항에서 만나 정상인 장군봉으로 이동했다.
이후 기상이 양호하게 나타나자 두 정상은 케이블카를 타고 백두산 천지에 올랐다.
백두산 등정은 정상회담 이튿날 김 위원장이 문 대통령에게 백두산 등정을 제안하면서 마지막 날 일정에 포함됐다.?
니혼게이자이신문은 “백두산은 북한 건국 신화의 발상지“라며 “이곳에서 김일성 주석이 항일 빨치산 투장을 벌였다“고 지적했다.
잇어 신문은 “남북이 공동으로 공격하기 쉽ㄴ 일본을 둘러싼 역사 문제를 염두에 두고 양국 간 단결을 강화하려는 것“이라고 해석했다.?
아사히 신문은 “백두산은 예로부터 북한 민족의 성지“라고 언급하며 “북한이 자국 체제 강화에 이용한 경위도 있어 국내(한국)에서 논란이 될 가능성이 있다“고 했다.?
요미우리 신문도 “백두산은 김일성 주석이 항일 투쟁 거점으로 활용한 곳으로 '혁명의 성지'이자 김씨 왕조의 세습 독재를 위한 선전에 이용돼 왔다“며 “문 대통령의 백두산 방문으로 인한 파문이 예상된다“고 했다.?
교도통신도 “백두산은 북한 민족들이 신성하게 여기는 산으로 단군 신화의 탄생지로 알려져 있다“고 백두산 등정에 의미를 부여했다.?
북한에서 백두산은 '백두 혈통'으로 불리는 김일성 일가의 상징으로 통한다.
김일성 일가는 김일성 주석이 백두산을 거점으로 삼아 항일 유격 활동을 벌인 것을 체제의 당위성으로 삼아 왔기 때문이다.
북한 당국은 김정일의 출생지를 백두산 삼지연군에 속한 백두산 밀영이라고 주장하며 이 곳을 '혁명 성지'로 꾸며 놓기도 했다.
그러나 실제 김정일 출생지는 러시아 극동 하바롭스크라는 것이 정설이다.?",14,981
iks_doc_2018_chosun_199,Chosun 2018 total annotated text file unicode.txt,Chosun Ilbo,조선일보,2018,2018_multi_summit,"文 대통령 “남북 합의문에 담지 않은 내용, 트럼프에게 상세히 전할 것“",,"문재인 대통령은 20일 평양 남북정상회담을 마치고 서울로 돌아와 “한반도의 완전한 비핵화 방안, 교착 상태에 놓여 있는 북미 대화의 재개와 대화의 촉진에 관해서 많은 대화를 나눴다“고 말했다.?
문 대통령은 이날 오후 서울 동대문디자인프라자 프레스 센터에서 대국민 보고를 통해 이 같이 말하며 “논의한 내용 가운데 합의문에 담지 않은 내용들도 있다.
그런 부분에 대해서는 앞으로 제가 미국을 방문해서 도널드 트럼프 미국 대통령과 다시 정상회담을 갖게 되면, 미국 측에 상세한 내용을 전해 줄 계획“이라고 말했다.?
문 대통령은 또 “김 위원장은 비핵화 과정의 빠른 진행을 위해 마이크 폼페이오 미국 국무 장관의 방북과 트럼프 대통령과 2차 북미정상회담이 조속히 열리기 희망한다는 뜻을 밝혔다“고 말했다.?
문 대통령은 그러면서 “(6.12) 싱가포르 선언에서는 그야말로 원론적 합의를 이뤘다“며 “비핵화로 가기 위한 프로세스에 대해 세부 내용은 실무 협상을 통해 해야겠지만 크게 크게는 양 정상 간에 합의할 필요가 있다“고 말했다.
잇어 “그 합의에 맞춰 실무 협상이 진전되게 비핵화의 시한을 정한다던지, 쌍방 간 교환할 조치를 합의하던지 한다면, 보다 효과적으로 비핵화가 진행되지 않을까 생각한다“고 덧붙였다.?
문 대통령은 “북한이 이번에 동창리 미사일 엔진 시험장, 발사대 폐기와 함께 영변 핵 시설의 영구 폐기까지 언급한 것은 상당히 중요한 큰 걸음을 내딛은 것“이라며 “북한이 평양 공동 선언에서 사용한 '참관', '영구 폐기'이라는 용어는 '검증 가능한 불가역적 폐기'랑 같은 말“이라고 말했다.
잇어 “그 이상의 진척은 북미 간 대화로 해결해야 한다“고 했다.
문 대통령은 “북한은 풍계리 핵 실험장을 폐기하고 이어서 (동창리) 미사일 엔진 시험장, 발사대를 폐기한다면 앞으로 추가적 핵 실험을 하거나 미사일을 발사하거나 이런 식의 활동을 완전 할 수 없게 된다“며 “그것을 미래 핵 능력을 폐기한 것이라고 말할 수 있다“고 했다.
문 대통령은 “나아가서 영변 핵 시설을 영구 폐기한다면 영변에서 이루어지는 핵 물질, 핵무기의 생산을 비롯한 핵 활동을 이제는 중단해 들어가겠다는 뜻이 될 것 같다“고 했다.
잇어 “더 나아간다면, 영변뿐 아니라 여타 핵 시설도 추가적으로 영구 폐기돼야 하고, 이미 만들어져 있는 어떤 핵무기나 장거리 미사일이 있다면 그것까지도 폐기 수순으로 가야 완전한 핵 폐기가 이루어질 것“이라고 했다.
문 대통령은 “거기 맞춰 미국 측에서도 북한과 적대 관계를 종식시키고 북한 체제를 보장해 주는 그런 상응하는 조치들을 단계적으로 취해 갈 필요가 있다“고 말했다.
문 대통령은 '종전 선언'에 대해 “종전 선언에 대한 개념들이 정리되면 종전 협정이 유관국 사이에 보다 빠르게 될 수 있지 않을까 생각한다“며 “종전 선언은 이제 전쟁을 끝내고 적대 관계를 종식시키겠다는 정치적 선언이고, 그와 함께 평화 협정 체결을 위한 평화 협상이 시작되는 것“이라고 말했다.
잇어 “이번 방북으로 저는 김정은 위원장도 제 이야기와 같은 개념으로 종전 선언을 생각하고 있다는 것을 확인했다“고도 했다.?
잇어 “65년 전 정전 협정이 체결될 때 그 해 내에 빠른 시일 내 하기로 한 전쟁 종식 선언, 평화 협정 체결 약속이 65년 간 이루어지지 않았다“며 “우리가 사용하는 종전 선언이라는 개념은 그 출발로 우선 전쟁을 종식한다는 정치적 선언을 먼저 하고 그것을 평화 협정 체결을 위한 평화 협상의 출발점으로 삼아, 북한이 완전한 비핵화를 이룰 때 평화 협정을 체결하는 동시에 북미 관계를 정상화하는 것이 우리가 종전 선언 사용할 때 생각하는 개념“이라고 설명했다.
문 대통령은 “평화 협정은 완전한 비핵화가 이루어지는 최종 단계에서 이루어지게 된다“며 “그때까지 기존의 정전 체제를 유지하고 유엔사의 지위, 주한 미군의 주둔 필요성은 전혀 영향이 없는 것“이라고 했다.
잇어 “그런 문제는 완전한 평화 협정을 체결하고 평화를 구축한 후 다시 논의될 수 있는 것“이라며 “특히 주한 미군 문제는 한미 동맹에 의해 주둔하고 잇는 것이기 때문에 그것은 종전 선언이나 평화 협정과 무관하게 전적으로 한미 간의 결정에 달려 있다.
그런 점에 대해 김 위원장도 동의한 것“이라고 덧붙였다.
문 대통령은 “우리는 연내 종전 선언을 목표로 삼고 있고, 트럼프 대통령과 정상회담을 할 때 그 부분을 다시 논의하려고 한다“고 했다.
한편 문 대통령은 9월 평양 공동 선언 이전 남북 정상 간 합의 이행이 안된 이유를 묻는 기자의 질문에 “과거 6.15 선언, 10.4 선언이 이행 안 된 이유는 정권이 교체됐기 때문“이라며 “그 다음 정부들이 두 선언을 이행할 의지가 없어 제대로 안된 것“이라고 말했다.?
문 대통령은 “정부는 평양 선언이 빨리 이행되도록 범정부 추진 체계를 확립할 것“이라며 “고위급 회담을 가깝ㄴ 시일 내에 개최하고 오늘의 성과가 국민의 삶을 실질적으로 향상하도록 최선을 다할 것“이라고 말했다.
잇어 “국회의 초당적 협력도 다시 당부 드린다“고도 했다.?
또 “국회 회담을 가깝ㄴ 시일 내 개최하기로 합의했고, 지방 자치 단체 교류도 활성화하기로 했다“며 “금강산 이산가족 상설 면회소 전면 가동을 위해 북측의 몰수 조치를 해제해 달라고 요청했고 김 위원장도 동의했다“고 말했다.",23,2579
iks_doc_2018_chosun_200,Chosun 2018 total annotated text file unicode.txt,Chosun Ilbo,조선일보,2018,2018_multi_summit,평양에서 돌아온 文 대통령 미북 회담에 공 넘기다,,"2박 3일 간의 방북 일정을 마치고 돌아온 문재인 대통령이 비핵화 협상의 공을 2차 미북 정상회담으로 넘겼다.?
문재인 대통령은 20일 오후 성남 서울공항으로 귀환한 직후, 메인 프레스 센턴 서울 동대문디자인플라자(DDP)에서 대국민 보고를 했다.
문 대통령은 이 자리에서 “6.12 싱가포르 선언은 원론적인 합의“라면서 “세부적인 프로세스는 실무 협상을 해야겠지만 크게는 양 정상 간 합의할 필요가 있다“고 말했다.
문 대통령은 “실무 협상에선 교착되거나 지연될 수 있다.
그렇기에 2차 북미 정상회담이 필요하다“며 “이렇게 되면 보다 효과적으로 비핵화가 진행될 수 있다고 본다“고 했다.
문 대통령은 이번 3차 남북정상회담을 통해 김정은 북한 국무위원장의 확고한 비핵화 의지를 확인했다면서 합의문에 담기지 않은 내용은 다음 주 한미 정상회담에서 트럼프 대통령에게 전달할 계획이라고 밝혔다.
'합의문에 담기지 않은 내용'에 대해선 “비핵화의 구체적인 방안, 또는 상응 조치는 기본적으로 북미가 논의할 내용“이라면서 “여기서 공유하는 것은 적절하지 않은 것 같다“고 했다.
문 대통령은 이날 연내 종전 선언에 대한 의지를 다시 한 번 피력했다.
문 대통령은 “연내에 종전 선언을 하는 것을 목표로 삼고 있다.
트럼프 대통령과 (다음 주) 정상회담에서 논의하겠다“고 했다.?
문 대통령은 종전 선언 체결과 관련해 안보 공백 우려가 나오는 데 대해 “종전 선언에 대한 인식이 엇갈리기 때문“이라고 말했다.
문 대통령은 “종전 선언이 마치 평화 협정처럼 정전 체제를 종식시켜 유엔사를 해체하게 한다거나 주한 미군 철수를 압박하는 효과가 있다고 보는 견해가 있다“면서 “종전 선언은 전쟁 상태를 종식시키겠다는 정치적 선언이다.
종전 선언을 해도 정전 체제는 그대로 유지된다“고 했다.
그러면서 “주한 미군 문제는 한미 동맹에 의해 주둔하고 있으며, 이것은 종전 선언이나 평화 협정과 무관하게 한미 간 결정에 달려 있다.
이 점에 대해 김 위원장도 동의했다“고 덧붙였다.
문 대통령은 종전 선언 체결이 북한의 완전한 비핵화를 촉진시키는 효과가 있을 것이라고 전망했다.
문 대통령은 “종전 선언을 시작으로 북한에 대한 상응 조치가 취해진다면 북한의 완전한 비핵화 실천을 촉진할 수 있을 것“이라면서 “가급적 종전 선언은 조기에 이루어지는 것이 좋다고 생각한다“고 말했다.
문 대통령은 이번 남북정상회담에서 합의한 비핵화 조치를 '미래 핵 능력 폐기'로 평가하고, 여기서 진전된다면 현재 핵과 과거 핵 폐기로 이어질 것이라고 전망했다.
“영변 핵 시설을 영구히 폐기하면 영변에서 이루어지는 핵 물질과 핵무기 생산을 비롯한 핵 활동이 중단된다.
더 나아간다면 영변뿐만 아니라 여타의 핵 시설도 영구히 폐기돼야 한다.
이미 만들어진 핵무기나 미사일이 있다면 그것까지 폐기하는 수순으로 가야 완전한 핵 폐기가 이루어진다.“
문 대통령은 “올해 들어 체결된 비핵화 합의와 과거의 비핵화 합의는 근본적으로 다르다“고도 했다.
이전의 비핵화?합의는 실무적 협상을 통한 합읜 반면, 현재의 비핵화 합의는 정상 간 합의로 '탑/다운' 방식으로 진행되고 있다는 것.
문 대통령은 “과거의 핵 합의는 매 단계마다 검증을 하고, 다음 단계로 이행하는 식으로 설계됐다.
(이러한 합의는) 견해 차이로 삐끗할 수 있다“며 “(지금의 합의는 북미 정상이) 국제 사회에 한 약속이기 때문에 실천되리라 믿는다“고 했다.",25,1667
iks_doc_2018_chosun_201,Chosun 2018 total annotated text file unicode.txt,Chosun Ilbo,조선일보,2018,2018_multi_summit,中 외교부 “평양 공동 선언 지지 미북 대화 추진해야“,,"중국 외교부는 20일 문재인 대통령과 김정은 북한 국무위원장이 전날 발표한 '9월 평양 공동 선언'에 확고한 지지를 표하며 미국과 북한 간 비핵화 협상의 진전을 촉구했다.
겅솽 중국 외교부 대변인은 이날 열린 정례 브리핑에서 “왕이 중국 외교부장이 이날 오전 언급한 대로 우리는 남북한 정상의 '9월 평양 공동 선언'을 열렬히 축하하고 강력히 지지한다“고 말했다.
겅 대변인은 잇어 “우리는 미국이 이번 남북 정상회담을 긍정적으로 평가하고, 미북 간 대화에 적극적인 입장을 보인 것에 주목하고 있다“며 “중국은 미국과 북한이 서로의 우려 사항을 배려하고, 상호 신뢰를 증진하길 바라고, 한반도 비핵화와 정치적 해결을 위해 (미북이) 대화와 접촉의 단계를 추진하길 바란다“고 했다.
겅 대변인은 또 북한이 동창리 엔진 시험장과 미사일 발사 시설을 영구 폐기하고, 영변 핵 시설 해체 가능성을 드러낸 것에 대해 “북한은 남북 정상회담에서 비핵화 의지를 재확인했고, 추가적인 비핵화 조치를 취하겠다는 입장을 표했다“며 “이는 충분히 긍정적“이라고 평가했다.
그러면서 그는 “우리는 북한과 미국이 함께 한반도의 비핵화와 영구적인 평화를 실현하기 위해 확실히 노력하기를 바란다“며 “관련 당사국들도 이 목표를 위해 행동하고 함께 노력해야 할 것“이라고 강조했다.",5,645
iks_doc_2018_chosun_202,Chosun 2018 total annotated text file unicode.txt,Chosun Ilbo,조선일보,2018,2018_multi_summit,정치권 “엄청난 진전“vs“무장 해제“엇갈린 평가,,"문재인 대통령이 2박 3일 간의 평양 남북정상회담 일정을 마치고 20일 귀국한 가운데, 여야 정치권은 이번 정상회담 결과에 대해 엇갈린 평을 내 놨다.?
방북에 동참한 더불어민주당과 민주평화당, 정의당은 “평화를 향한 큰 진전“이라고 호평했지만, 자유한국당은 “일방적인 무장 해제“라며 날을 세웠다.
이에 따라 여야가 정상회담 이후 논의하기로 한 4?27 판문점 선언 국회 비준 동의 안 처리 문제 역시 진통이 불가피할 것으로 보인다.
홍영표 민주당 원내 대표는 이날 국회에서 열린 정책 조정 회의에서 “모든 사람의 예상과 기대를 뛰어넘는 합의를 끌어낸 두 정상의 결단에 박수를 보낸다“며 “평양 공동 선언은 도널드 트럼프 미국 대통령 표현처럼 엄청난 진전“이라고 말했다.
또 “이번 합의문에 담긴 철도, 도로 연결, 이산가족 상설 면회소 설치, 개성 공단 재가동 등에 필요한 입법 조치를 국회 차원에서 논의해야 한다“며 자유한국당의 전향적 태도를 촉구했다.
장병완 민주평화당 원내 대표도 같은 날 의원 총회에서 “평양 공동 선언은 남북 관계 핵심인 비핵화와 군사적 긴장 완화, 남북 교류 협력 모두가 담겨 있어 판문점 선언에서 진일보한 결과“라고 했다.
최석 정의당 대변인 역시 논평을 내고 “김정은 위원장이 북한 주민들 앞에서 육성으로 비핵화를 천명하고 우리 대통령을 평양 시민 앞에 세워 연설하게 했다“며 “더 어떻게 그 의지를 보여 줄 수 있겠나“라고 강조했다.
반면 한국당은 군사 분계선 상공 비행 금지 합의 등 안보만 약해졌다고 비난했다.
김병준 비상 대책 위원장은 비대위 회의에서 “비핵화 문제는 거의 진전이 없고, 정찰 부분에선 우리 국방의 눈을 빼 버리는 합의“라고 밝혔다.
김성태 원내 대표도 “일방적 무장 해제를 하고 있는 군사 분야 합의서에 유감“이라며? “국회 국방위원회 긴급 현안 질의를 통해 정부의 진의를 따져 묻겠다“고 했다.?
바른미래당은 부분적 성과에 그쳤다고 평가했다.
김관영 원내 대표는 “군사적 긴장 완화와 김정은 위원장의 서울 방문, 올림픽 공동 개최 추진 등 한반도 긴장 완화 측면에서 평가할 만한 내용들이 담겼다“면서도 “김정은 위원장의 비핵화 의지를 육성으로 들었지만, 아직도 부족하다“고 지적했다.",12,1088
