book_id,title,era,period,level,year,full_text
ta_p31r,심상소학국사보충아동용 - 1,Colonial,Colonial Period,Elementary,1940,"심상소학국사보충아동용 - 1

일제강점기

   서언(緖言)
   1\. 상고시대의 조선반도
   2\. 삼한(三韓)
   3\. 문학·불교·공예
   4\. 일본부(日本府) 1
   5\. 일본부 2
   6\. 백제와 고구려의 멸망
   7\. 신라의 통일
   8\. 고려(高麗)
   9\. 고려 2
   10\. 고려 3
   11\. 고려 4
   부록

 서언(緖言)

1\. 이 책은 조선인을 교육하는 학교에서 문부성 보통소학교 국사를 가르칠 때, 보충해야 할 조선에 관한 사력(事歷)의 대체적인 요점을
기술한 것이다.

1\. 이 책의 각 과(課)에는 보통소학교 국사 교재와 관련시켜 가르치도록 지시받은 부분 있더라도 교육하는 형편에 따라서는 이를 변경하는
것도 무방하다.

1\. 교사는 이 책의 교수(敎授) 참고서에 게재되어 있는 교수 요지(要旨)와 설명 요령에 준거하여 가르쳐야 하며, 쓸데없이 많은 사항을
부연하는 것을 피해야 한다.

1\. 이 책에 게재되어 있는 각 시대 왕들의 호칭은 편의상 조선의 역사에서 가장 보편적인 칭호에 의거했으며, 그 묘호(廟號)가 있는 경우는
역시 보통의 예(例)에 따라서 이를 사용했다.

 1. 상고시대의 조선반도

   북부조선
   남부조선
   고대 일·한(日韓)의 교류

【제3 「야마토 다케루노미코토(日本武尊)」 이후】

 북부조선

   기자조선
   위만조선
   한사군

 기자조선

옛날에 반도의 북부를 조선(朝鮮)이라고 불렀으며, 중국에서 기자(箕子)가 와서 그 땅에서 왕이 되었다고 한다.

 위만조선

그 후 위만(衛滿)이라는 자가 이 지방에 와서, 기자의 후계자인 준(準)을 쫓아내고 나라를 빼앗았다. 위만의 손자 우거(右渠) 시기에,
한나라의 무제(武帝)가 이를 공격하여 멸망시키고, 그 땅에 사군(四郡)을 설치했다.

 한사군

이로부터 수백 년 동안 반도의 대부분은 중국의 영지(領地)가 되었다. 한(漢)이라는 것은 그때의 중국 국명(國名)으로서, 무제가 조선을 취한
것은 우리의 가이쿠와(開化) 천황 【제9대】 때이다.

 남부조선

   한(韓) 종족

 한(韓) 종족

반도의 남부에는 한족(韓族)이 살고 있었는데, 마한(馬韓)·진한(辰韓)·변한(卞韓)을 다스리는 세 종족으로 나뉜다. 모두 수많은 소국들로
이루어졌지만, 후에 마한은 백제국이 되었고, 진한은 신라국이 되었으며, 변한은 가라(加羅) 등의 나라들로 되었다. 가라 등의 나라들을 가리켜
하나로 임나제국(任那諸國)이라고 이른다. 이상의 나라들은 모두 일본과 매우 가까웠으므로, 바다를 건너 일찍부터 서로 교류했다.

 고대 일·한(日韓)의 교류

아마테라스 오미카미(天照大神)의 동생인 스사노 오노미고토(素戔鳴尊)는 그의 아들과 함께 조선에 건너가신 적이 있다. 스진(崇神) 천황
【제10대】 때, 가라국은 처음으로 사신을 일본 조정에 보내왔으며, 스이닌(垂仁) 천황 【제11대】 때에는 신라의 왕자
아메노히보코(天日槍)가 일본에 이주하여, 그의 자손들이 계속 이어졌다.

 2. 삼한(三韓)

   신라·고구려·백제의 시조
   고구려와 백제의 관계
   일본과 임나제국의 관계

【제3 「야마토 타케루노미코토(日本武尊)」 이후】

 신라·고구려·백제의 시조

신라 제1대 왕을 박혁거세(朴赫居世)라고 한다. 그가 즉위한 것은 스진(崇神) 천황 시대이다. 제4대 왕인 석탈해(昔脫解)는 일본에서
건너와서 왕위에 오른 사람이라고 한다. 또한 같은 천황 시대에 만주(滿洲) 땅에서는 고구려(또는 ‘고려’라고도 부른다)라는 나라가 일어났다.
그 나라의 제1대 왕을 주몽(朱蒙)이라고 한다. 주몽의 아들인 온조(溫祚)는 조선반도에 와서 백제국을 세웠다. 이때가 스이닌 천황 시대이다.

 고구려와 백제의 관계

고구려는 만주에서 많은 종족들을 격파했으며, 또한 조선반도의 북부에 있던 중국의 영토도 차지하면서 점차 남쪽으로 진격했다. 이 때문에
고구려는 백제와 전쟁을 하기에 이르렀는데, 고구려 왕은 백제 왕의 공격을 받게 되었으며, 활에 맞아 죽었다. 이로 인해 두 나라는 영원히
서로 적이 되었다.

 일본과 임나제국의 관계

이에 앞서 가라국은 신라와 다투었는데, 스진 천황 때 사신을 일본에 보내 도움을 요청했다. 또 지금의 규슈(九州) 땅에는 구마소(熊襲)라는
주민이 있었는데, 여러 차례 조정(朝廷)에 반기를 들었으며, 그 밖에도 조정을 따르지 않는 자들이 있었으므로, 주아이(仲哀) 천황
【제14대】 은 구마소를 정벌하려고, 황후와 함께 규슈에 거둥하셨는데, 불행히도 군중(軍中)에서 돌아가셨다. 그리하여 황후는 천황의 유지를
이어 규슈를 평정하시고, 이어서 곧 바다를 건너가 신라를 토벌하고, 임나제국을 보호하셨다.

 3. 문학·불교·공예

   문학의 전래
   고흥(高興)과 왕인(王仁)
   불교의 전래
   일본에 불교를 전하다
   공예의 전래

【제4 「진구(神功) 황후」이후】

 문학의 전래

중국의 문학은 먼저 고구려에 전해졌다. 만주에 있던 고구려는 일찍부터 중국과 교류하고 있었기 때문이다.

 고흥(高興)과 왕인(王仁)

백제가 일본에 복속될 무렵에 고흥(高興)이라는 박사가 일본에 와서, 처음으로 기록이 시작되었다. 이 무렵 백제는 왕인(王仁)이라는 학자를
일본에 보내왔다. 이때가 오진(應神) 천황 시대이다. 천황은 왕인 등에게 명하여 기록을 담당하도록 하셨다. 왕인의 조상은 중국인으로, 조부
때부터 백제에 거주하였다.

신라에서 중국까지의 거리는 고구려나 백제에서 중국까지의 거리보다 멀었기 때문에, 학문이 신라에 전해진 시기도 두 나라보다 늦었다.

 불교의 전래

불교도 북중국에서 고구려에 전해졌고, 대략 같은 시기에 남중국에서 백제에 들어갔다. 이때가 닌토쿠(仁德) 천황 시대이다. 이로부터 백 수십
년이 지난 뒤에 신라에도 전해졌으며, 법흥왕(法興王) 【제23대】 때부터 성행했다.

 일본에 불교를 전하다

긴메이(欽明) 천황 시대에 처음으로 일본에 불상을 바친 것은 백제의 성왕(聖王) 【제26대】 으로, 이때는 신라에서 불교가 흥성한 시기이다.

 공예의 전래

각종 공예도 중국에서 전해진 것이 많으며, 삼한이 복속된 후에는 다시 일본에 전해진 것이 적지 않다.

 4. 일본부(日本府) 1

   일본과 삼국의 관계
   광개토왕
   삼국의 수도

【제5 「닌토쿠(仁德) 천황」 이후】

 일본과 삼국의 관계

진구(神功) 황후는 신라를 정복하신 다음, 일본부(日本府)를 임나에 설치하고, 삼한의 영토를 다스리셨다. 이 때문에 신라, 고구려, 백제는
모두 일본에 조공을 바쳤으며, 또한 신라와 백제 두 나라는 일본에 볼모를 두어 그 진심을 나타냈다.

 광개토왕

닌토쿠 천황 무렵에, 고구려의 광개토왕(廣開土王) 【제19대】 이 왕성하게 국토를 확장했으며, 백제와 전쟁을 벌였다. 그의 아들
장수왕(長壽王) 【제20대】 은 아버지의 뜻을 이어받아 백제를 공격하여, 그 나라의 수도를 함락시키고, 왕을 붙잡아 참수했으며, 고구려의
영토를 남쪽으로 크게 넓혔다. 이 때문에 백제와 신라는 모두 두려워하여, 힘을 합쳐 고구려를 방어했다. 이때 이들을 비롯한 여러 나라들이
다행히 고구려에 멸망되는 것을 면할 수 있었던 것은, 전적으로 일본의 힘 때문이었다.

 삼국의 수도

백제는 이후로 쇠퇴했는데, 일본의 도움으로 점차 그 나라를 유지했으며, 도읍을 오늘날의 광주(廣州) 【경기도】 에서 공주(公州) 【충청남도】
로 옮겼고, 그 후 60여 년 만에 다시 부여(扶餘) 【충청남도】 로 옮겼다. 백제 왕이 불상을 일본에 바친 것이 이 무렵의 일이다.
고구려의 장수왕 때, 조선반도의 대부분이 고구려의 영토가 되었는데 장수왕은 도읍을 만주 땅에서 평양(平壤) 【평안남도】 으로 옮겼다. 신라는
처음부터 경주(慶州) 【경상북도】 에 도읍을 정했는데, 끝까지 변함이 없었다.

 5. 일본부 2

   일본과 신라의 관계
   신라의 흥기
   수·당과 삼국의 관계

【제6 「쇼토쿠(聖德) 태자」 이후】

 일본과 신라의 관계

신라는 일본에 복속된 뒤에도 항상 임나제국을 정복하려고 했으며, 또한 일본에 대한 조공을 게을리 하자, 일본은 여러 차례 이를 정벌했다.

 신라의 흥기

신라는 법흥왕(法興王) 【제23대】 때부터 국력이 점차 흥성했으며, 진흥왕(眞興王) 【제24대】 때에는 백제와 힘을 합쳐 고구려의 남부
지방을 공격하여 빼앗았으며, 다시 그 기세에 편승하여 일본부의 보호를 받고 있던 임나제국을 빼앗았다. 이때가 바로 긴메이 천황 시대이다.

 수·당과 삼국의 관계

그 후 여러 대(代)가 지나고 수(隋)라는 나라가 일어나 중국을 통일했으며, 나아가 반도를 병합하려고 고구려를 침공했지만, 그 군대가
돌아가다가 살수(薩水)에서 을지문덕(乙支文德)에게 크게 패했다. 이어서 당(唐)이 일어났는데, 국력이 대단히 강해지자, 삼국은 모두 당의
속국이 되었다. 특히 신라는 이 나라에 가장 잘 복종했으며, 당나라의 힘을 빌려 백제와 함께 고구려를 멸망시켰다.

 6. 백제와 고구려의 멸망

   백제와 고구려의 연합
   백제의 멸망
   고구려의 멸망

【제8 「덴지(天智) 천황과 후지와라노 가마타리(藤原鎌足)」 이후】

 백제와 고구려의 연합

백제는 국력이 크게 회복되었는데, 의자왕(義慈王) 【제31대】 때는 신라를 공격하여 그 나라의 40여 개 성을 빼앗고, 고구려와 손을 잡고
신라와 당나라 사이의 통로를 막았다. 고구려는 신라를 다시 공격하여 30여 개의 성을 빼앗았다.

 백제의 멸망

신라는 당나라에 여러 차례에 걸쳐 도움을 요청했다. 당나라는 그때마다 군대를 보내 백제를 공격했는데, 신라의 무열왕(武烈王) 【제29대】 은
태자인 법민(法敏)과 대장군인 김유신(金庾信)을 보내, 군대를 이끌고 이를 도왔다. 백제의 군대가 패하자, 왕은 성을 나와 당나라 군대에
항복했다. 이때 일본에서 군대를 보내 백제를 도왔지만, 전투에서 당나라의 군대를 이기지 못하여, 백제는 마침내 완전히 멸망했다. 이때가 덴지
천황 시대이다.

 고구려의 멸망

이보다 앞서, 당나라는 고구려에 신라와의 화친을 명령했지만, 고구려는 이를 듣지 않았다. 그리하여 당나라의 태종(太宗)은 몸소 군대를 이끌고
고구려를 정벌하러 나섰지만, 또다시 뜻을 이루지 못했다. 이렇게 되자 당나라는 백제를 멸망시킨 기세에 편승하여 다시 수군과 육군을 보내
평양을 포위했고, 신라의 문무왕(文武王) 【제30대】 은 군대를 일으켜 이를 도왔다. 이로 인해 보장왕(寶藏王) 【제38대】 이 나와서
항복하여, 고구려도 멸망했다. 백제가 멸망하고 난 지 8년 만이었다.

 7. 신라의 통일

   문무왕의 삼한 통일
   일본 및 당나라에 복속되다
   불교의 융성
   유학
   국토가 셋으로 나뉘다
   신라의 멸망

【제13 「스가와라노 미치자네(菅原道眞)」 이후】

 문무왕의 삼한 통일

백제와 고구려 두 나라가 당나라에 멸망된 뒤, 신라의 문무왕(文武王)은 그 영토의 대부분을 차지하고, 이를 통치했다. 따라서 문무왕
이후부터를 통일신라 시대라고 부른다.

 일본 및 당나라에 복속되다

통일신라 시대는 대략 260여 년 동안으로, 나라(奈良) 시대부터 헤이안(平安) 시대 초기까지에 해당한다. 신라 통일 이전에는 주변
국가들과의 전쟁이 거의 끊이지 않았지만, 이 시대에 들어서면서부터 태평성대가 계속되었으며, 당나라와의 교류도 왕성하여, 문물(文物)이 눈에
띄게 발달했다. 이 시대에도 역시 신라는 항상 일본에 조공을 소홀히 하지 않았다.

 불교의 융성

법흥왕(法興王) 【제23대】 이후, 역대 왕들은 독실하게 불교를 믿었는데, 이 시대에 들어서자 불교가 한층 더 융성해졌다. 따라서
불사(佛寺)를 건립하는 것이 나라 시대에도 전해지지 않을 수 없었으므로, 이 때문에 공예가 크게 발전했으며, 지금까지 그 유물이 남아 있다.
농업도 역대에 여러 차례 장려했다.

 유학

유학(儒學)도 불교와 함께 크게 번성했는데, 학자로는 설총(薛聰), 최치원(崔致遠) 등이 모두 유명했다.

 국토가 셋으로 나뉘다

진성여왕(眞聖女王) 【제51대】 때에 이르러 국정이 문란해지고 도적이 곳곳에서 일어났다. 이때 견훤(甄萱)이라는 사람이 반란을 일으켜
후백제국(後百濟國)을 세우고, 지금의 전라북도 전주(全州)에 도읍을 정했다. 또한 궁예(弓裔)라는 사람도 스스로 일어서 태봉국(泰封國)을
세우고, 지금의 강원도 철원(鐵原) 부근에 도읍을 정했다. 견훤과 궁예는 서로 다투었으므로 신라의 영토가 셋으로 나뉘고 국력은 크게
쇠약해졌다.

 신라의 멸망

궁예는 흉포했으므로 부하들은 그를 축출하고 왕건(王建)을 옹립했다. 그 후 왕건의 세력이 강성해지자, 신라의 경순왕(敬順王)은 스스로 나라를
보전할 수 없다는 것을 알고 왕건에게 항복했으며, 이듬해에 후백제는 왕건에 의해 멸망했다. 신라는 모두 992년을 존속한 뒤 멸망했다.

 8. 고려(高麗) 1

   고려 태조의 업적
   성종의 내치(內治)
   거란에게 복속되다 / 강조(康兆)의 난
   고려 전성기와 최충(崔沖)

【제20 「고토바(後鳥羽) 상황(上皇)」 이후】

 고려 태조의 업적

왕건은 궁예의 뒤를 이어 왕위에 올랐으며, 국호를 고려(高麗)로 정하고, 도읍을 개성(開城)에 정했는데, 왕건을 고려 태조(太祖)라고 한다.
태조는 즉위한 지 19년 만에 신라와 후백제를 병합하고 반도를 통일했다.

 성종의 내치(內治)

태조 이후에 여러 대(代) 동안 국력은 다시 미약해졌지만, 성종(成宗) 【제6대】 이 현명하게 나라를 잘 다스려, 마침내 국가의 토대를
공고히 할 수 있었다. 조선에서 처음으로 화폐를 주조한 것은 바로 성종 때이다.

 거란에게 복속되다 / 강조(康兆)의 난

고려는 성종 때 처음으로 거란의 침입을 받았다. 그때 서희(徐熙)는 스스로 거란의 군영에 가서, 그 장수를 설득하여 그를 물러가게 했다.
그렇지만 이후 백 수십 년 동안 고려는 거란의 속국이 되었다. 이 사이에 강조(康兆)라는 사람이 난을 일으켜, 왕을 시해했으므로, 거란은
군대를 보내 그를 공격했다. 이때 강감찬이 군대를 이끌고 거란을 방어했는데, 거란 군대를 크게 무찌르고, 이어서 또한 화친을 요청했다.

 고려 전성기와 최충(崔沖)

그 후 문종(文宗) 【제11대】 때, 최충(崔沖)과 같은 어진 신하들이 그를 보좌했으므로, 한때 태평성세에 이르렀다. 최충은 또한 교육에 온
힘을 다 쏟아 부었는데, 사람들은 그를 해동공자(海東孔子)라고 불렀다. 이 시대에는 공예의 발달도 역시 볼 만한 것이 있다.

 9. 고려 2

   왕실의 쇠퇴로 금나라에 복속되다
   무인(武人)의 발호
   몽고에 복속되다
   몽고와 고려 및 일본의 관계

【제20 「고토바(後鳥羽) 상황(上皇)」 이후】

 왕실의 쇠퇴로 금나라에 복속되다

인종(仁宗) 【제17대】 때, 안으로는 외척들이 정권을 농단하여 왕실이 차츰 쇠약해졌으며, 밖으로는 금(金)나라를 섬겨 신하로 칭했다.

 무인(武人)의 발호

인종이 죽자 의종(毅宗) 【제18대】 이 등극했다. 왕은 품행을 바르게 하지 않고, 정치를 소홀히 하여, 나라의 세력이 점차 쇠약해졌다.
또한 당시의 조정 신하들 가운데 문관(文官)과 무관(武官)이 다툼을 일으켰다. 왕은 무관을 천하게 여겼으므로, 무인들이 병력을 동원하여 왕을
사로잡아 유배시켰으며, 수많은 문관들을 살해했다. 이 일이 있은 후로 무관들이 점차 득세했다.

 몽고에 복속되다

고종(高宗) 【제23대】 때, 몽고가 처음으로 조선반도를 침입했다. 몽고는 중국 북부에서 일어난 강국으로서, 고려는 이 나라에 대항할 힘이
없자, 한때 도읍을 강화(江華)로 옮겨 가 재난을 피했는데, 곧 이어서 속국이 되었다.

 몽고와 고려 및 일본의 관계

몽고는 그 세력이 대단히 강해져, 이미 고려를 굴복시키고, 다시 일본도 항복시키려고 대군을 일으켰으며, 고려와 함께 우리의 규슈(九州)에
침입해 온 것이 두 번이지만, 헛되이 패하여 돌아갔다. 이 무렵 몽고는 국호를 원(元)이라고 바꿨으므로, 일본에서는 이들을 원구(元寇)라고
불렀다.

 10. 고려 3

   주자학(朱子學)의 전래
   불교와 미신

【제27 「아시카가(足利)씨의 도를 벗어난 행동[僭上]」 이후】

 주자학(朱子學)의 전래

고려의 중기(中期) 이후는 무인(武人)의 세상이 되었고, 또한 전란(戰亂)이 계속됨으로써, 학문이 크게 쇠퇴했다. 그런데 충숙왕(忠肅王)
【제27대】 때, 원나라에서 주자학이 전래되었으며, 이제현(李齊賢), 이색(李穡), 정몽주(鄭夢周) 등의 학자들이 배출되었다.

 불교와 미신

태조 왕건 이래 불교를 받들어 믿었는데 신라 시대보다 한층 더 성행하여, 왕자(王子) 등과 같은 사람들도 승려가 되는 경우가 많았는데,
문종의 왕자들 중에는 유명한 대각국사(大覺國師)가 있었다. 그렇지만 불교가 너무나 성행했기 때문에 쓸데없이 공사(公私)의 재산을 낭비했으며,
또한 정치적으로도 폐해가 심했다. 그중 공민왕(恭愍王) 【제31대】 때 승려 신돈(辛旽)이 국정을 농단한 것이 가장 대표적인 예이다. 또한
당시 풍수지리설이라는 미신이 성행했다.

 11. 고려 4

   변방의 침입자들
   명(明)·원(元)과 고려의 관계
   이성계 및 그의 조상들
   고려의 멸망

【제27 「아시카가(足利)씨의 도를 벗어난 행동[僭上]」 이후】

 변방의 침입자들

통일신라 시대 중엽부터, 신라의 변방 주민들이 일본의 해안을 침범하는 경우가 적지 않았다. 그런데 공민왕이 즉위할 무렵에, 일본에서는 소란이
계속되었으며, 국내 전쟁이 일어났다. 이 때문에 변방의 주민들이 거리낌 없이 중국과 조선의 연안을 침범했다. 중국과 조선의 백성들은 이들을
두려워하여 왜구(倭寇)라고 불렀다. 고려는 여러 차례 사신을 일본에 보내 왜구의 침범을 금지해 주도록 요청했지만, 쉽게 중단되지 않았다.

 명(明)·원(元)과 고려의 관계

이때 원(元)나라는 이미 쇠약해졌고, 명(明)나라가 중국을 통일했으므로, 고려의 조정 신하들 중에는 명나라를 편드는 자들과 원나라를 편드는
자들이 있었으며, 서로 권세를 다투었다. 그 가운데 가장 두드러진 인물이 이성계(李成桂)이다.

 이성계 및 그의 조상들

이성계의 조상들은 함경도에서 살았으며, 일찍이 원나라에서 벼슬을 하여 지방관(地方官)을 지냈다. 공민왕이 원나라가 쇠약해진 것에 편승하여,
장수를 보내 영흥(永興)을 공격할 때, 이성계의 아버지는 여기에 참여하여 공을 세웠다. 그로 인해 이 씨는 고려에서 벼슬을 하여 북방 변경을
다스렸는데, 이성계는 아버지의 직책을 계승하여 여진(女眞)을 복종시켰을 뿐만 아니라, 여러 차례 왜구를 막는 데 공을 세움으로써 그 명성을
떨쳤다. 그 후 점차 세력을 얻어 국정도 장악하기에 이르자, 공양왕(恭讓王) 【제34대】 을 추대하여 왕으로 삼았다.

 고려의 멸망

이성계는 더욱 세력을 얻어, 조정의 많은 신하들이 그를 받들어 왕으로 삼으려 했다. 오로지 정몽주만이 이를 반대 암살되었다. 이어서 이성계는
공양왕을 폐위하고, 이성계가 대를 이어 왕이 되었다. 이 해는 바로 고카메야마(後龜山) 천황이 고코마쓰(後小松) 천황에게 신기(神器)를
물려주신 겐추(元中) 9년에 해당한다. 고려는 태조 때부터 이때까지 475년간 존속했다.

 부록

   1\. 각 왕조의 역대표(歷代表) ［왕의 이름은 주로 『동국통감(東國通鑑)』에 따랐다.］
   2\. 연표(年表)

 1. 각 왕조의 역대표(歷代表) ［왕의 이름은 주로 『동국통감(東國通鑑)』에 따랐다.］

   신라(新羅) ［56왕 992년］
   고구려(高句麗) ［28왕, 705년］
   백제(百濟) ［31왕, 678년］
   고려(高麗) ［34왕, 475년］

 신라(新羅) ［56왕 992년］

대수(代數) | 왕명(王名) | 재위(在位)  
연수(年數) | 적요  
---|---|---|---  
1 | 혁거세왕(赫居世王) | 61 | 박씨(朴氏), 신라의 시조  
2 | 남해왕(南解王) | 21 |   
3 | 유리왕(儒理王) | 34 |   
4 | 탈해왕(脫解王) | 24 | 왕은 원래 일본 사람이라고 한다.  
5 | 파사왕(婆娑王) | 33 |   
6 | 지마왕(祗摩王) | 23 |   
7 | 일성왕(逸聖王) | 21 |   
8 | 아달라왕(阿達羅王) | 31 |   
9 | 벌휴왕(伐休王) | 22 |   
10 | 내해왕(奈解王) | 35 |   
11 | 조분왕(助賁王) | 18 |   
12 | 첨해왕(沾解王) | 15 |   
13 | 미추왕(味鄒王) | 23 |   
14 | 유례왕(儒禮王) | 15 |   
15 | 기림왕(基臨王) | 23 |   
16 | 흘해왕(訖解王) | 47 |   
17 | 내물왕(奈勿王) | 47 |   
18 | 실성왕(實聖王) | 16 |   
19 | 눌지왕(訥祗王) | 42 |   
20 | 자비왕(慈悲王) | 22 |   
21 | 소지왕(炤知王) | 22 |   
22 | 지증왕(智證王) | 15 |   
23 | 법흥왕(法興王) | 27 | 15년에 처음으로 불법(佛法)을 행했다.  
24 | 진흥왕(眞興王) | 37 | 12년에 고구려의 남쪽 국경을 공격했다.  
23년에 임나(任那)를 멸망시켰다.  
25 | 진지왕(眞智王) | 4 |   
26 | 진평왕(眞平王) | 54 |   
27 | 선덕왕(善德王) | 16 |   
28 | 진덕왕(眞德王) | 8 |   
29 | 무열왕(武烈王) | 8 | 7년에 당나라 군대와 함께 백제를 멸망시켰다.  
30 | 문무왕(文武王) | 21 | 8년에 당나라 군대와 함께 고구려를 멸망시키고,  
널리 반도를 통일했다.  
31 | 신문왕(神文王) | 12 |   
32 | 효소왕(孝昭王) | 11 |   
33 | 성덕왕(聖德王) | 36 |   
34 | 효성왕(孝成王) | 6 |   
35 | 경덕왕(景德王) | 24 |   
36 | 혜공왕(惠恭王) | 16 |   
37 | 선덕왕(宣德王) | 6 |   
38 | 원성왕(元聖王) | 14 |   
39 | 소성왕(昭聖王) | 2 |   
40 | 애장왕(哀莊王) | 10 |   
41 | 헌덕왕(憲德王) | 18 |   
42 | 흥덕왕(興德王) | 11 |   
43 | 희강왕(僖康王) | 3 |   
44 | 민애왕(閔哀王) | 2 |   
45 | 신무왕(神武王) | 1년 미만 |   
46 | 문성왕(文聖王) | 19 |   
47 | 헌안왕(憲安王) | 5 |   
48 | 경문왕(景文王) | 15 |   
49 | 헌강왕(憲康王) | 12 |   
50 | 정강왕(定康王) | 2 |   
51 | 진성왕(眞聖王) | 11 | 6년에 견훤(甄萱)이 왕이라고 칭했다.  
52 | 효공왕(孝恭王) | 16 | 5년에 궁예(弓裔)가 왕이라고 칭했다.  
53 | 신덕왕(神德王) | 6 |   
54 | 경명왕(景明王) | 8 | 2년에 여러 장수들이 궁예를 몰아내고  
왕건(王建)을 옹립하여 왕으로 삼았다.  
55 | 경애왕(景哀王) | 4 |   
56 | 경순왕(敬順王) | 9 | 9년에 고려에게 항복하고 나라가 멸망하였다.

 고구려(高句麗) ［28왕, 705년］

대수(代數) | 왕명(王名) | 재위(在位)  
연수(年數) | 적요  
---|---|---|---  
1 | 동명성왕(東明聖王) [주몽(朱蒙)] | 19 | 고구려의 시조  
2 | 유리명왕(瑠璃明王) | 37 |   
3 | 대무신왕(大武神王) | 27 |   
4 | 민중왕(閔中王) | 5 |   
5 | 모본왕(慕本王) | 6 |   
6 | 태조왕(太祖王) | 94 |   
7 | 차대왕(次大王) | 20 |   
8 | 신대왕(新大王) | 15 |   
9 | 고국천왕(故國川王) | 19 |   
10 | 산상왕(山上王) | 31 |   
11 | 동천왕(東川王) | 22 |   
12 | 중천왕(中川王) | 23 |   
13 | 서천왕(西川王) | 23 |   
14 | 봉상왕(烽上王) | 9 |   
15 | 미천왕(美川王) | 32 |   
16 | 고국원왕(故國原王) | 41 | 41년에 백제에 공격당해 화살에 맞아 죽었다.  
17 | 소수림왕(小獸林王) | 14 | 2년에 불교가 처음으로 중국에서 들어왔다.  
같은 해에 태학을 설립했다.  
18 | 고국양왕(故國壤王) | 9 |   
19 | 광개토왕(廣開土王) | 22 | 이 왕 때, 백제를 공격하여 크게 반도 땅을 침략했다.  
20 | 장수왕(長壽王) | 79 | 15년에 도읍을 평양으로 옮겼다.  
63년에 백제의 수도를 함락시키고, 왕을 참수했다.  
21 | 문자명왕(文咨明王) | 28 |   
22 | 안장왕(安藏王) | 13 |   
23 | 안원왕(安原王) | 15 |   
24 | 양원왕(陽原王) | 15 |   
25 | 평원왕(平原王) | 32 |   
26 | 영양왕(嬰陽王) | 29 | 23년에 을지문덕이 수나라 군대를 크게 무찔렀다.  
27 | 영류왕(榮留王) | 25 |   
28 | 보장왕(寶藏王) | 27 | 27년에 당나라 및 신라의 공격을 받고 멸망했다.

 백제(百濟) ［31왕, 678년］

대수(代數) | 왕명(王名) | 재위(在位)  
연수(年數) | 적요  
---|---|---|---  
1 | 온조왕(溫祚王) | 46 | 고구려의 시조인 주몽의 아들이다.  
2 | 다루왕(多婁王) | 50 |   
3 | 기루왕(己婁王) | 52 |   
4 | 개루왕(蓋婁王) | 39 |   
5 | 초고왕(肖古王) | 49 |   
6 | 구수왕(仇首王) | 21 |   
7 | 사반왕(沙伴王) | 1년 미만 |   
8 | 고이왕(古爾王) | 53 |   
9 | 책계왕(責稽王) | 13 |   
10 | 분서왕(汾西王) | 7 |   
11 | 비류왕(比流王) | 41 |   
12 | 계왕(契王) | 3 |   
13 | 근초고왕(近肖古王) | 30 | 26년에 평양을 공격하여 고구려 왕을 패사(敗死)시켰다.  
이 왕 때에 처음으로 기록이 시작되었다.  
14 | 근구수왕(近仇首王) | 10 |   
15 | 침류왕(枕流王) | 2 | 원년에 불교가 처음으로 백제에 전래되었다.  
16 | 진사왕(辰斯王) | 8 |   
17 | 아신왕(阿莘王) | 14 |   
18 | 전지왕(腆支王) | 16 |   
19 | 구이신왕(久爾辛王) | 8 |   
20 | 비유왕(毘有王) | 29 |   
21 | 개로왕(蓋鹵王) | 21 | 21년에 고구려의 군대가 수도를 함락시키고 왕을 참수했다.  
22 | 문주왕(文周王) | 3 | 원년에 도읍을 공주(公州)로 옮겼다.  
23 | 삼근왕(三斤王) | 3 |   
24 | 동성왕(東城王) | 23 |   
25 | 무령왕(武寧王) | 23 |   
26 | 성왕(聖王) | 32 | 16년에 도읍을 부여(부여)로 옮겼다.  
30년에 불상을 일본에 바쳤다.  
27 | 위덕왕(威德王) | 45 |   
28 | 혜왕(惠王) | 2 |   
29 | 법왕(法王) | 2 |   
30 | 무왕(武王) | 42 |   
31 | 의자왕(義慈王) | 20 | 20년에 당나라 및 신라의 공격을 받아 나라가 멸망했다.  
32 | 풍장(豐璋) | 2 | 일본에 의지하여 부흥을 꾀했지만 이루지 못했다.

 고려(高麗) ［34왕, 475년］

대수(代數) | 왕명(王名) | 재위(在位)  
연수(年數) | 적요  
---|---|---|---  
1 | 태조(太祖) | 26 | 19년에 후백제를 멸망시키고 반도를 통일했다.  
2 | 혜종(惠宗) | 2 |   
3 | 정종(定宗) | 4 |   
4 | 광종(光宗) | 26 |   
5 | 경종(景宗) | 6 |   
6 | 성종(成宗) | 16 | 12년에 거란에 복속되었다.  
15년에 처음으로 화폐를 주조했다.  
7 | 목종(穆宗) | 12 | 12년에 강조왕(康兆王)을 시해했다.  
8 | 현종(顯宗) | 22 | 9년에 강감찬이 거란군을 크게 격파했다.  
9 | 덕종(德宗) | 3 |   
10 | 정종(靖宗) | 12 |   
11 | 문종(文宗) | 37 | 이 왕 때, 명신 최충(崔沖)과 고승 대각국사 등이 배출되었다.  
12 | 순종(順宗) | 1년 미만 |   
13 | 선종(宣宗) | 11 |   
14 | 헌종(獻宗) | 1 |   
15 | 숙종(肅宗) | 10 |   
16 | 예종(睿宗) | 17 |   
17 | 인종(仁宗) | 24 | 4년에 금(金)나라에 복속되었다.  
18 | 의종(毅宗) | 24 | 24년에 무관(武官)들이 왕을 유폐시키고 문관(文官)들을 살육했다.  
19 | 명종(明宗) | 27 |   
20 | 신종(神宗) | 7 |   
21 | 희종(熙宗) | 7 |   
22 | 강종(康宗) | 2 |   
23 | 고종(高宗) | 46 | 19년에 몽고가 반도에 침입해 왔다.  
같은 해에 몽고에 대해 고려를 신하로 칭했다.  
24 | 원종(元宗) | 15 |   
25 | 충렬왕(忠烈王) | 34 | 7년에 원(元)나라와 함께 일본을 공격하여 대패했다.  
26 | 충선왕(忠宣王) | 5 |   
27 | 충숙왕(忠肅王) | 17 | 이 왕 때에 원나라에서 주자학이 전래되었다.  
28 | 충혜왕(忠惠王) | 2 |   
29 | 충숙왕(忠肅王) | 8 |   
30 | 충혜왕(忠惠王) | 5 |   
31 | 충목왕(忠穆王) | 4 |   
32 | 충정왕(忠定王) | 3 |   
33 | 공민왕(恭愍王) | 23 | 이 왕 때, 신돈(辛旽)이 국정을 농단했다.  
34 | 폐왕우(廢王禑) | 14 |   
35 | 폐왕창(廢王昌) | 1 |   
36 | 공양왕(恭讓王) | 4 | 4년에 왕이 폐위되고 나라가 멸망했다.

 2. 연표(年表)

황기(皇紀) | 천황 | 연차 | 조선의 기년 | 적요 | 서기  
---|---|---|---|---|---  
기원전  
460년경 |  |  | 신라 | 고구려 | 백제 | 기자(箕子), 중국에서 와서 조선의 왕이 되었다. | 기원전  
1120년경  
이하 기원  
후 467 | 고겐(孝元) 천황 | 21년 |  |  |  | 위만(衛滿), 준(準)을 몰아내고 왕이 되었다. | 기원전  
194년  
553 | 가이카(開化) 천황 | 50년 |  |  |  | 한무제(漢武帝), 조선을 멸망시키고 사군(四郡)을 설치했다. | 기원전  
108년  
604 | 스진(崇神) 천황 | 41년 | 혁거세왕  
원년 |  |  | 박혁거세, 신라국을 세웠다. | 기원전  
57년  
624 | 스진(崇神) 천황 | 61년 |  | 동명성왕  
원년 |  | 주몽, 고구려국을 세웠다. | 기원전  
37년  
628 | 스진(崇神) 천황 | 65년 |  |  |  | 가라국(加羅國), 처음으로 사신을 일본 조정에 파견했다. | 기원전  
33년  
643 | 스이닌(垂仁) 천황 | 12년 |  |  | 온조왕  
원년 | 온조, 백제국을 세웠다. | 기원전  
18년  
860 | 주아이(仲哀) 천황 | 9년 |  |  |  | 진구(神功) 황후, 신라를 정벌하셨다. | 이하 기원  
후 200년  
945 | 오진(應神) 천황 | 85년 |  |  |  | 왕인(王仁), 백제에서 일본으로 와서 논어와 천자문을 바쳤다. | 285년  
1031 | 닌토쿠(仁德) 천황 | 59년 |  | 고국원왕  
41년 | 근초고왕  
26년 | 고구려 왕, 백제 왕에게 공격을 받아 패하여 사망했다. | 371년  
1032 | 닌토쿠(仁德) 천황 | 60년 |  | 소수림왕  
2년 |  | 불교가 처음으로 고구려에서 전래되었다.  
고구려에 태학이 설립되었다. | 372년  
1044 | 닌토쿠(仁德) 천황 | 72년 |  |  | 침류왕  
원년 | 불교가 처음으로 백제에 전래되었다. | 384년  
1052 | 닌토쿠(仁德) 천황 | 80년 |  | 광개토왕  
원년 |  | 광개토왕이 즉위한 후, 점차 반도를 침략했다. | 392년  
1087 | 인교(允恭) 천황 | 16년 |  | 장수왕  
15년 |  | 고구려, 도읍을 만주에서 평양으로 옮겼다. | 427년  
1135 | 유라쿠(雄略) 천황 | 19년 |  | 장수왕  
63년 | 개로왕  
21년  
문주왕  
원년 | 고구려, 백제의 수도를 함락하고 왕을 참수했다.  
백제, 도읍을 공주로 옮겼다. | 475년  
1188 | 고토바(繼體) 천황 | 22년 | 법흥왕  
15년 |  |  | 신라, 처음으로 불법(佛法)을 행했다. | 528년  
1199 | 센카(宣化) 천황 | 3년 |  |  | 성왕  
16년 | 백제, 도읍을 부여로 옮겼다. | 538년  
1212 | 긴메이(欽明) 천황 | 13년 |  |  | 성왕  
30년 | 백제, 불상을 일본에 바쳤다. | 552년  
1222 | 긴메이(欽明) 천황 | 23년 | 진흥왕  
23년 |  |  | 신라, 임나를 멸망시켰다. | 562년  
1272 | 스이코(推古) 천황 | 20년 |  | 영양왕  
23년 |  | 을지문덕, 수나라 군대를 크게 격파했다. | 612년  
1320 | 사이메이  
(齊明) 천황 | 6년 | 무열왕  
7년 |  | 의자왕  
20년 | 신라, 당나라 군대와 함께 백제를 멸망시켰다. | 660년  
1323 | 덴지(天智) 천황 | 2년 | 문무왕  
3년 |  | 풍장(豐璋) 2년 | 백제의 잔당들이 모두 평정되었다. | 663년  
1328 | 덴지(天智) 천황 | 7년 | 문무왕  
8년 | 보장왕  
27년 |  | 신라, 당나라 군대와 함께 고구려를 멸망시켰다. | 668년  
1552 | 우다(宇多) 천황 | 간페이(寬平)  
4년 | 진성왕 6년 | 견훤, 스스로 일어나 왕으로 칭했다. | 892년  
1561 | 다이고(醍醐) 천황 | 엥키(延喜)  
원년 | 효공왕 5년 | 궁예, 스스로 일어나 왕으로 칭했다. | 901년  
1578 | 다이고(醍醐) 천황 | 엥키 18년 | 경명왕 2년 | 여러 장수들이 궁예를 몰아내고 왕건을 왕으로 세웠다.  
왕건, 도읍을 개성으로 옮겼다. | 918년  
1595 | 스자쿠(朱雀) 천황 | 쇼헤이(承平)  
5년 | 경순왕 9년 | 경순왕, 고려에 항복하여 나라가 멸망했다. | 935년  
1596 | 스자쿠(朱雀) 천황 | 쇼헤이 6년 | 태조 19년 | 후백제를 멸망시키고 반도를 통일했다. | 936년  
1653 | 이치조(一條) 천황 | 쇼랴쿠(正曆)  
4년 | 성종 12년 | 고려, 거란에 복속되었다. | 993년  
1656 | 이치조(一條) 천황 | 조토쿠(長德)  
2년 | 같음 15년 | 처음으로 화폐를 주조했다. | 996년  
1669 | 이치조(一條) 천황 | 간코(寬弘)  
2년 | 목종 12년 | 강조(康兆), 왕을 시해했다. | 1009년  
1678 | 고이치조  
(後一條) 천황 | 도모히토  
(寬仁) 2년 | 현종 9년 | 강감찬, 거란의 군대를 크게 격파했다. | 1018년  
1786 | 스토쿠(崇德) 천황 | 다이지(大治)  
원년 | 인종 4년 | 고려, 금나라에 복속되었다. | 1126년  
1830 | 다카쿠라  
(高倉) 천황 | 가오(嘉應)  
2년 | 의종 24년 | 무관(武官)들, 왕을 폐위하고, 문관들을 대대적으로 살육했다. | 1170년  
1892 | 고호리카와  
(後堀河) 천황 | 조에이(貞永)  
원년 | 고종 19년 | 몽고가 침입해 왔다.  
몽고에 대해 고려를 신하로 칭했다. | 1232년  
1941 | 고우다  
(後宇多) 천황 | 고안(弘安)  
4년 | 충렬왕 7년 | 원나라와 함께 일본을 공격하여 크게 패했다. | 1281년  
2016 | 고무라카미  
(後村上) 천황 | 쇼헤이(正平)  
11년 | 공민왕 5년 | 공민왕, 쌍성(雙城)을 공격한 이성계의 아버지가 전공을 세웠다. | 1356년  
2052 | 고카메야마  
(後龜山) 천황 | 겐추(元中)  
9년 | 공양왕 4년 | 정몽주가 암살되었다.  
공양왕이 폐위되어 나라가 멸망했다. | 1392년"
ta_p32r,심상소학국사보충아동용 - 2,Colonial,Colonial Period,Elementary,1940,"심상소학국사보충아동용 - 2

일제강점기

   1\. 조선의 태조(太祖)
   2\. 태종(太宗) 및 세종(世宗)
   3\. 세조(世祖)
   4\. 조선의 문화
   5\. 사화(士禍) 및 붕당(朋黨)
   6\. 임진란(壬辰亂)
   7\. 병자호란
   8\. 영조(英祖)와 정조(正祖)
   9\. 대원군(大院君)의 집정
   10\. 강화도 사건과 임오 정변
   11\. 갑신정변(甲申政變)과 갑오 혁신(甲午革新)
   12\. 대한(大韓)
   13\. 통감부(統監府)의 설치
   14\. 일·한(日韓) 병합
   15\. 총독 정치(總督政治)
   부록

 1. 조선의 태조(太祖)

   태조의 즉위
   국호(國號)·천도(遷都) 등
   정도전의 난
   정종(定宗)의 즉위(卽位)와 양위(讓位)
   태조의 훙거(薨去)

【제33 「오다 노부나가(織田信長)」 이후】

 태조의 즉위

태조(太祖) 이성계(李成桂)는 영흥군(永興郡) 흑석리(黑石里) 【함경도】에서 태어났다. 체구가 컸으며 힘이 보통 사람들보다 뛰어났고 활을 잘
쏘았다. 고려 왕씨(王氏)의 뒤를 이어 개성의 수창궁(壽昌宮)에서 왕위에 즉위했으며, 휘(諱)를 단(旦)으로 고쳤다. 따라서 사신을 명나라에
보내 그것의 승인을 요청했다.

 국호(國號)·천도(遷都) 등

즉위한 다음해에 명나라로부터 국호(國號)를 받아 조선(朝鮮)이라고 했으며, 3년째 되던 해에 도읍을 한성(漢城) 【지금의 경성】 으로 옮기고
궁궐을 지었다. 태조는 신하들의 계책을 이용했는데, 고려의 왕씨 일족을 제외했지만, 사당을 지어 그 제사를 존속시켰다.

 정도전의 난

태조는 여덟째 아들 방석(芳碩)을 세자(世子)로 옹립했다. 정도전(鄭道傳) 등은 세자 자리를 놓고 난을 일으켰는데 배다른 형인 여러 왕자들을
제거했다. 이를 정도전의 난이라고 한다. 사건이 탄로 나 방원(芳遠)에게 살해되었으며, 세자도 역시 살해되었다.

 정종(定宗)의 즉위(卽位)와 양위(讓位)

태조가 즉위한 지 7년이 되자 왕위를 둘째 아들인 경(曔)에게 양위했다. 그가 정종(定宗) 【제2대】 이다. 정종은 부왕(父王)을 존중하여
태상왕(太上王)이라고 불렀다. 즉위한 지 2년이 되자 왕위를 그의 동생인 방원에게 양위했다. 그가 태종(太宗)이다.

 태조의 훙거(薨去)

태조는 양위한 다음 태상왕이 된 지 10년이 되었을 때 세상을 떠났다. 명나라에서 강헌(康獻)이라는 시호를 내렸다.

 2. 태종(太宗) 및 세종(世宗)

   태종·세종의 사업
   쓰시마(對馬)와의 수교(修交)
   북방 변경의 개척

【제33 「오다 노부나가」 이후】

 태종·세종의 사업

정종 다음에 태종(太宗) 【제3대】, 세종(世宗) 【제4대】 부자가 이어서 왕위에 올랐다. 두 왕은 모두 총명했고, 정치에 뜻을 두었으며,
제도를 정비하고, 농사를 권장했으며, 학예(學藝)를 장려했는데, 재위 기간을 합친 50년 동안에 이씨(李氏) 왕조 5백 년의 기초를 잘
세웠다.

 쓰시마(對馬)와의 수교(修交)

왜구는 조선시대가 되어서도 여전히 사라지지 않았다. 따라서 태조와 세종은 쓰시마 섬(對馬島)을 공격하려고 출병했지만 성공을 거두지 못했다.
세종 때, 결국 제포(薺浦), 부산포(釜山浦), 염포(鹽浦) 【삼포(三浦) 모두 경상남도】 지역에 한하여 쓰시마 섬 사람들이 와서 무역이나
어업을 할 수 있도록 허용하자, 왜구의 폐해는 점차 사라졌으며, 이어서 쓰시마 도주(島主)와 조약을 체결하기에 이르렀다.

 북방 변경의 개척

세종은 김종서(金宗瑞)를 파견하여, 북방의 여진족이 거주하고 있던 두만강 지방을 개척하게 했다. 김종서는 육진(六鎭)을 구축하여 이 지방을
다스렸다. 또한 다른 장수를 파견하여 압록강 상류 지방의 여진족을 평정했다. 이로부터 두 강은 조선의 국경이 되었다.

 3. 세조(世祖)

   세조 즉위의 사정
   육신(六臣)
   세조의 치적

【제33 「오다 노부나가」 이후】

 세조 즉위의 사정

세종에 이어 그의 아들인 문종(文宗) 【제5대】 이 즉위했다. 재위한 지 겨우 2년이 지나 세상을 떠났다. 문종이 세상을 떠날 때 세자는
나이가 어렸으므로, 황보인(皇甫仁)·김종서(金宗瑞) 등에게 명을 남겨 세자를 보좌하도록 했다. 세자가 왕위에 즉위했다. 이가 바로
단종(端宗) 【제6대】 이다. 왕의 숙부인 수양대군(首陽大君)은 한명회(韓明澮) 등과 도모하여, 황보인과 김종서 등이 안평대군(安平大君)을
내세워 왕위를 노리고 있다고 모함하여 두 사람과 그 일파를 살해했다. 이 때문에 왕은 수양대군에게 국정을 위임하고 안평대군에게 사약을
내렸다. 이리하여 왕은 재위한 지 3년 만에 왕위를 수양대군에게 물려주었다. 그가 바로 세조(世祖) 【제7대】 이다.

 육신(六臣)

세조 원년에 성삼문(成三問) 등 여섯 사람이 비밀리에 상왕(上王)의 복위를 꾀했는데, 그 계획이 탄로 나 여기에 연루되어 죽임을 당한 사람이
매우 많았다. 사람들은 성삼문 등을 육신(六臣)이라고 불렀다. 상왕은 노산군(魯山君)이라고 불렸으며, 영월(寧越) 【강원도】 로 거처가
옮겨진 다음에 세상을 떠났다. 이때 그의 나이는 17세였다.

 세조의 치적

세조가 즉위하기 전후(前後)로 왕실 내부의 분란이 이와 같았으며, 야인(野人)들도 또한 북방의 변경을 소란스럽게 하자, 왕은 온통 마음을
정치에 두고서 농업을 장려했으며 무(武)를 장려하고 제도를 정비했다. 왕은 불법(佛法)을 좋아하여, 도성(都城) 안에 원각사(圓覺寺)를
건립했는데 매우 뛰어나 사람들의 눈을 놀라게 했다. 그 터는 지금도 남아 있다.

 4. 조선의 문화

   중앙정부 및 지방 제도
   교육
   서원(書院)
   경국대전(經國大典)
   활자
   언문(諺文)
   천문, 건축, 공예
   불교

【제33 「오다 노부나가」 이후】

 중앙정부 및 지방 제도

태조 때에는 정부의 조직 등이 대체로 모두 고려의 제도를 답습했지만 태종, 세종 때에 이르러 새로운 제도가 대략 정비되었다. 태종
원년(元年)에 관제(官制)를 고쳐, 중앙정부를 의정부(議政府)라고 했는데, 백관(百官)을 통솔했으며 정치를 통괄하는 곳이었다. 의정부의
장관을 영의정(領議政)이라고 했으며, 그 밑에 좌의정(左議政)과 우의정(右議政)이 있었다. 세상에서는 이들을 삼공(三公)이라고 했다. 의정부
아래에는 육조(六曹) 【이조, 호조, 예조, 병조, 형조, 공조】 가 있어 정무를 분담했다. 각 조(曹)의 장(長)을 판서(判書)라고 했다.
태종 때 처음으로 전국을 팔도(八道)로 나누었으며, 그 아래에 부(府), 목(牧), 군(郡), 현(縣)을 두었다. 각 도에는
관찰사(觀察使)를 두어 다스렸다. 한때는 이를 감사(監司)라고 했다.

 교육

태조는 태학(太學)을 수도에 두고, 이를 성균관(成均館)이라고 불렀으며, 지방에는 향교(鄕校)를 설치했다. 정종(定宗)도 역시 경성(京城)
안에 오부학당(五部學堂)을 두고 교육제도를 크게 정비했다. 성종(成宗) 【제9대】 때에 이르러 유학(儒學)은 더욱 성행했으며, 그로 인해
조광조(趙光祖) 【호는 정암(靜庵)】, 이황(李滉) 【호는 퇴계(退溪)】, 이이(李珥) 【호는 율곡(栗谷)】 와 같은 유명한 유학자들이
잇달아 배출되었다.

 서원(書院)

중종(中宗) 【제11대】 무렵부터 서원(書院)이라는 것이 각지에서 생겨났다. 서원은 지방에서 선대(先代) 유학자들에게 제사를 지내고 학문을
강의하기 위해 설치한 것이지만, 후에는 갖가지 폐해를 일으켰다.

 경국대전(經國大典)

세조(世祖)는 자손만대를 위해 하나의 법전(法典)을 만들려고 했는데, 최항(崔恒) 등에게 명하여 이를 편찬하는 임무를 맡도록 했다.
예종(睿宗) 【제8대】 때 완성된 이 법전을 경국대전(經國大典)이라고 하였다. 대전은 그 후 개정된 적이 있었지만 근세(近世)에 이르기까지
국정(國政)의 기초가 되었다.

 활자

활자는 고려시대에도 어느 정도 사용되었지만, 태종 때 주자소(鑄字所)를 설치하고 활자를 주조하여 갖가지 서적들을 간행했다. 이로부터 활자는
목판(木版)과 함께 사용되었다. 고려시대에 활자가 사용된 것은 서양 활자의 기원보다 약 2백여 년 이르다.

 언문(諺文)

세종은 친히 언문(諺文)을 만들었는데, 정인지(鄭麟趾) 등에게 명하여 훈민정음(訓民正音)을 창제했으며, 이를 나라 안에서 사용하여 매우
편리하게 해 주었다.

 천문, 건축, 공예

그 밖에 천문 기술도 매우 발달했으며, 건축과 공예 등도 역시 뛰어난 것들이 있었는데, 중세 이후에 점차 쇠퇴했다.

 불교

불교는 조선시대 초기에 여전히 성행했지만, 유학의 융성에 따라 점차 쇠퇴했으며, 성종 무렵 이후로는 그 세력을 잃었다.

 5. 사화(士禍) 및 붕당(朋黨)

   사화(士禍)
   붕당(朋黨)

【제33 「오다 노부나가」 이후】

 사화(士禍)

연산군(燕山君) 【제10대】 은 품행이 나빠 국정이 문란해졌으며, 또한 통치 기간 중에 갖가지 사건으로 죽임을 당하거나 귀양을 간
명사(名士)들이 셀 수 없이 많았다. 이를 사화(士禍)라고 한다. 연산군은 마침내 폐위되었다. 그 후에도 사화는 끊이지 않았기 때문에,
명신(名臣)과 학자 등이 많이 죽임을 당한 것은 매우 불행한 일이었다. 또한 그에 이어서 붕당(朋黨)의 폐해가 발생했다.

 붕당(朋黨)

붕당은 선조(宣祖) 【제14대】 때 심의겸(沈義謙)과 김효원(金孝元) 두 사람이 개인적으로 사이가 좋지 않아, 서로 당(黨)을 만들어
다툼으로써 시작되었다. 그중 김효원에게 편을 든 사람들을 동인(東人)이라고 했으며, 심의겸에게 편을 든 사람들을 서인(西人)이라고 했다.
이러한 일이 있은 후, 경우에 따라서는 한 당이 다른 당을 쓰러뜨리고 정권을 빼앗았는데, 그 싸움이 항상 끊이지 않아 폐해가 대단히 컸다.
후에 동인은 분리되어 남인(南人)과 북인(北人)이 되었고, 북인은 또 분리되어 대북(大北)과 소북(小北)이 되었으며, 서인은 분리되어
노론(老論)과 소론(少論)이 되었다. 이들 가운데 노론, 소론, 남인, 북인 【소북(小北)】의 네 파(派)를 사색(四色)이라 했으며,
지금까지도 서로 혼인을 하지 않는다.

 6. 임진란(壬辰亂)

   일본의 나라 형편
   도요토미 히데요시(豐臣秀吉)의 목표
   임진(壬辰) 전역(前役)
   휴전
   정유(丁酉) 후역(後役)
   화친(和親) 회복

【제34 「도요토미 히데요시(豐臣秀吉)」 이후】

 일본의 나라 형편

세조 【제7대】 말년부터 이후 백 수십 년간은 바로 일본의 전국시대(戰國時代)에 해당했지만, 선조(宣祖) 【제14대】 때에 이르러 도요토미
히데요시(豐臣秀吉)가 등장했는데, 오다 노부나가(織田信長)의 뜻을 계승하여 일본 국내의 전란을 진압하여 평정했다.

 도요토미 히데요시(豐臣秀吉)의 목표

도요토미 히데요시는 일찍이 국위(國威)를 해외에 떨치지 못함을 탄식하고, 조선 등이 일본에 조공(朝貢)토록 했는데, 먼저 사신을 조선에
파견하여 이러한 취지를 알렸으며, 또한 유구(琉球), 타이완(臺灣), 필리핀에도 사신을 파견하여 그들이 복종할 것을 촉구했다. 조선은 건국
초기부터 명나라의 속국이었으므로 이에 응하지 않았다. 히데요시는 이에 뜻을 정하고, 국내가 평정되자 조선을 거쳐 명나라를 정벌하려고 했다.

 임진(壬辰) 전역(前役)

분로쿠(文祿) 원년 【선조 25년 임진년】 에 도요토미 히데요시가 대군을 이끌고 먼저 조선에 도착했다. 조선의 군대는 이를 막아 내지 못하고
통과시키지 않을 수 없었다. 이 때문에 일본군은 세 갈래로 나아갔으며, 가는 곳마다 모든 성(城)들을 함락시켜, 마침내 수도를 점령하였다.
이에 국왕은 의주(義州)로 달아났으며, 명나라에 원조를 요구했다. 일본군의 선봉인 고니시 유키나가(小西行長)는 나아가 평양을 탈환했으며,
가토 기요마사(加藤淸正)는 함경도에 진입하여 회령(會寧)에 도달했다. 이때 반역한 신하인 국경인(鞠景仁)은 두 왕자를 붙잡아 와서 기요마사
군에게 항복했다. 그러는 사이에 일본의 수군(水軍)은 이순신(李舜臣)에게 격파되었다. 명나라는 조선의 요청을 받아들여 조선을 도왔는데,
명나라 장수인 이여송(李如松)은 마침내 평양을 수복했으며, 조선의 군대도 또한 곳곳에서 일어났다. 일본군은 퇴각하여 경성을 지키고 있었는데,
이여송은 나아가 이를 공격하여 크게 패배했다.

 휴전

이렇게 되자 명나라 군대는 화의(和議)를 요구했으므로, 히데요시는 이를 허락하고 여러 장수들을 소환하여, 일부는 남쪽에 남아 명령을
기다리도록 했다.

 정유(丁酉) 후역(後役)

게이초(慶長) 원년에 명나라 사신 심유경(沈惟敬) 등이 일본에 가서 히데요시를 알현했지만 화의에 위배되는 행위를 한 사실이 있었으며, 또한
명나라의 외교 문서에 “히데요시를 일본 국왕에 봉한다.”라는 구절이 있었기 때문에, 히데요시는 분노하여 이듬해 【정유년】 에 다시 출병했다.
그러나 그 후 머지않아 히데요시가 병으로 세상을 떠났으므로, 여러 장수들은 모두 히데요시가 남긴 명령에 따라 군대를 철수시켜 돌아갔다. 이
전쟁은 전후(前後)를 합쳐 7년에 이른다. 그 첫 해가 임진(壬辰)년이므로 이를 임진란(壬辰亂)이라고 일컫는다. 또 이때 조총(鳥銃)이
처음으로 일본에서 전래되었다.

 화친(和親) 회복

일본에서는 도요토미 히데요시 사후에, 곧 도쿠가와 이에야스(德川家康)가 세이이타이쇼군(征夷大將軍)에 취임하여 국정을 장악했으며, 다시
조선과의 화친을 회복했다. 따라서 선조는 사신을 에도(江戶) 막부(幕府)에 보냈다. 그 후 장군이 바뀔 때마다 조선에서는 반드시 사절을 보내
경축하는 것이 관례가 되었다.

 7. 병자호란

   만주족의 흥기
   이괄(李适)의 난
   청나라의 침략
   청나라에 복속되다

【제38 「도쿠가와 이에야스(德川家康)」 이후】

 만주족의 흥기

광해군(光海君) 【제15대】 때에 남만주(南滿洲)에 있는 여진족(女眞族)이 일어나 명나라에 반기를 들고 나라를 세워 국호를 금(金)이라고
했다. 명나라는 크게 놀라 이를 정벌했으며, 조선도 역시 군대를 보내 도왔지만 이길 수 없었다. 조선의 장수들은 금나라 군대에 항복하거나
전사했다. 금나라는 나아가 요동(遼東)을 차지하고 도읍을 지금의 봉천(奉天) 【성경성(盛京省)】 으로 옮겼다.

 이괄(李适)의 난

광해군은 무도(無道)하여 폐위되고, 왕의 조카가 대신 왕위에 올랐다. 그를 인조(仁祖) 【제16대】 라고 한다. 이괄(李适)이라는 자가
인조가 즉위하는 일에 참여하여 공을 세웠지만, 상이 적은 것에 원한을 품고 마침내 군대를 모아 반란을 일으켰다. 왕은 수도를 빠져나와
공주(公州)로 난을 피했다. 곧 이어서 이괄이 주살되고 난이 평정되자 그 잔당들은 금나라로 도망갔다.

 청나라의 침략

금나라는 조선이 몰래 명나라를 지원하는 것에 원한을 품고, 조선에서 투항해온 장수를 안내자로 삼아 장수를 파견하여 공격했다. 이때가 인조
5년 【정묘년】 이다. 왕은 한때 강화도로 피신했지만, 곧 금나라와 화의를 맺고 형제의 나라가 되어 서로 배신하지 않기로 서약했다. 그 후
10년 동안 금나라는 그 세력이 점차 강성해져, 금나라 군주는 스스로 황제라고 칭하고 국호를 청(淸)으로 고쳤으며, 나아가 명나라를
정벌하기로 하고 먼저 조선을 복속시키려고 했다. 조선은 이에 따르지 않았다. 그러자 청나라의 태종(太宗)은 스스로 군대 10만 명을 이끌고
와서 공격했다. 인조는 왕자 등을 강화에 보내고 스스로 세자와 함께 남한산성(南漢山城) 【경기도 광주】 으로 들어갔으므로 태종은 나아가
남한산성을 포위했다. 이때가 인조 14년 【병자년】이다.

 청나라에 복속되다

남한산성이 포위된 지 45일에 이르자, 성 안에는 식량이 부족했으며 지원병들은 도착하지 못하여 강화도는 함락되었고 왕은 할 수 없이 성을
나와 청나라 군대에게 항복했다. 태종은 항복을 받을 단상을 설치하고 인조의 항복을 받아들였으며 인질을 이끌고 북쪽으로 돌아갔다. 이로부터
조선은 영원히 청나라에 대해 속국(屬國)의 예의를 갖추었다. 일본에서는 도쿠가와 이에야스가 장군이 된 때이다.

 8. 영조(英祖)와 정조(正祖)

   영조와 정조의 치적
   서양 문물의 전래
   어린 임금의 승계

【제48 「양이(攘夷)와 개항(開港)」 이후】

 영조와 정조의 치적

인조 다음에 4대 70여 년을 거쳐, 영조(英祖) 【제21대】 와 정조(正祖) 【제22대】 가 이어서 즉위했다. 두 왕은 총명하고 학식이
모두 뛰어났으며 스스로 근면하고 검소함을 실천했으며, 농사를 권장하고 풍속을 바로잡았으며, 형벌을 가볍게 하고 법전을 고쳤고 많은
양서(良書)들을 간행하는 등 치적이 매우 뛰어났다. 두 왕은 또한 역대로 붕당의 풍조가 성행하여 그 해악이 심했던 것을 탄식하여, 붕당의
대립을 완화시키는 데 힘을 쏟았다. 그러나 이 밖에도 각종 폐해들이 가로막아 민력(民力)은 차츰 피폐해져 갔다.

 서양 문물의 전래

이보다 앞서 인조 때 명나라에 사신으로 갔던 사람들이 처음으로 화포(火砲), 천리경(千里鏡), 자명종(自鳴鐘) 및 진기한 도서(圖書) 등을
얻어 돌아왔다. 정조 무렵에는 몰래 천주교(天主敎)를 믿는 자들이 많아졌기 때문에 엄하게 이를 금지했으며, 이를 어기는 자가 있으면
처벌했다. 또한 서양의 서적을 지니지 못하도록 금지했으며 이를 모아서 불태웠다. 그러나 그 후 청나라 사람 주문모(周文謨) 등이 와서
천주교를 포교(布敎)하여 천주교는 점차 나라 안으로 널리 퍼졌다.

 어린 임금의 승계

영조와 정조 두 왕의 뒤에는 순조(純祖) 【제23대】 헌종(憲宗) 【제24대】 철종(哲宗) 【제25대】 이 모두 어린 나이에 즉위했으므로,
외척들이 국정을 농단하는 폐해가 나타났으니, 두 왕에 이어서 더욱 정치를 개선할 수 없었던 것은 애석한 일이 아닐 수 없다.

 9. 대원군(大院君)의 집정

   이태왕(李太王)의 즉위
   대원군(大院君)의 집정
   천주교의 금지와 쇄국양이(鎖國攘夷)
   일본의 권고에 응하지 않다
   대원군의 퇴진

【제51 「메이지(明治) 천황 1: 메이지유신(明治維新)」 이후】

 이태왕(李太王)의 즉위

이태왕(李太王) 【제26대】 이 즉위하자 그의 아버지인 이하응(李昰應)을 대원군(大院君)에 봉했다. 왕은 나이가 겨우 12세에 불과했으므로
정치의 실권(實權)은 모두 대원군이 손에 쥐었다.

 대원군(大院君)의 집정

대원군은 먼저 전대(前代)의 외척들을 물리쳤으며, 당파에 얽매이지 않고 인재를 채용하고, 쓸모없는 서원(書院)을 철폐하는 등 단호하게 기존의
폐해들을 고쳐나갔다. 또한 풍속을 바로잡았으며 제도를 정비하고 군비(軍備)를 갖추었다. 그러나 백성의 고충을 생각지 않고 경복궁(景福宮)을
재건하기 위한 자금을 얻기 위해 관작(官爵)을 팔았으며, 또한 여러 외국들에 대해 쇄국양이(鎖國攘夷)라는 정책을 고수했기 때문에,
인심(人心)을 잃었으며 국운(國運)의 발전을 가로막은 면이 적지 않았다.

 천주교의 금지와 쇄국양이(鎖國攘夷)

대원군은 지독히 천주교를 싫어하여 프랑스 선교사를 붙잡아 죽였으며, 또한 많은 신도들을 사형에 처했다. 중국에 있던 프랑스 함대는 이를
알고는 곧바로 와서 강화도를 포격했으며, 마침내 그 읍성(邑城)을 점령했지만 곧 퇴각했다. 【게이오(慶應) 2년, 이태왕(李太王) 3년】
때문에 대원군은 점점 양이(攘夷)의 뜻을 굳히고 군대의 방비를 엄격하게 했다. 그 후 몇 년이 지나 미국의 군함도 역시 강화도에 와서,
일찍이 미국인이 조선에서 살해된 사건에 관해 교섭을 요구하면서, 수비병에게 포격을 가하였으나 성과를 얻지 못하고 돌아갔다. 【메이지(明治)
4년, 이태왕 8년】

 일본의 권고에 응하지 않다

메이지 천황이 즉위한 초기에 조선과 국교(國交)를 맺었는데, 도쿠카와(德川) 막부 말엽부터 단절되었던 국교를 회복시키기 위해, 특별히 사신을
조선에 보내 크게 정치를 새롭게 할 것을 고하고 수교를 권고하셨다. 그러나 대원군은 쇄국주의를 고수하여 완고하게 이에 응하지 않았다.

 대원군의 퇴진

이 무렵, 최익현(崔益鉉) 등은 여러 차례 상소를 올려 대원군의 실정(失政)을 논했을 뿐만 아니라 왕도 이미 장성했으므로 대원군은 국정에서
물러나기로 뜻을 정했다. 【메이지 6년, 이태왕 10년】 그가 국정을 맡아본 지 10년째였다.

 10. 강화도 사건과 임오 정변

   외척 민씨(閔氏)의 권력 농단
   강화도사건
   강화조약
   왕비 민씨와 대원군
   임오(壬午)의 정변
   청나라의 태도

【제51 「메이지 천황 2: 세이난(西南)의 역(役)」 이후】

 외척 민씨(閔氏)의 권력 농단

대원군이 은퇴한 후에는 왕비인 민씨(閔氏)와 그 일족(一族)의 세력이 강대해져 정권을 20여 년이나 장악했다. 이 기간에 일어난 국내외의
사건들은 대단히 많았다.

 강화도사건

메이지 8년 【이태왕 12년】 에 일본 군함 운요호(雲揚號)가 근해를 통과하다가 식수(食水)를 얻기 위해 강화도 앞바다에 왔는데, 뜻밖에
포대(砲臺)에서 포격을 받았기 때문에 이에 응전하여 부근의 포대를 함락했다. 이듬해 일본의 사절이 와서 이 일에 대해 담판했다. 조선 정부는
그 죄에 대해 사과했으며, 또한 위원(委員)으로 하여금 일본의 사절과 강화부(江華府)에서 만나 수호조약(修好條約)을 체결하게 했다.
세간에서는 이를 강화조약(江華條約)이라고 한다. 얼마 후 일본은 공사관(公使館)을 경성(京城)에 설치하고 하나부사 요시모토(花房義質)를
공사로 임명하여 부임하게 했다.

 강화조약

강화조약은 근대에 조선이 여러 외국과 맺은 최초의 약이다. 이 조약으로 조선은 처음으로 부산(釜山) 외에 두 항구를 개방하기로 승낙했다. 그
후 구미(歐美)의 여러 나라들도 일본을 모방하여 조선과 조약을 맺고 통상무역(通商貿易)을 하게 되었다.

 왕비 민씨와 대원군

이에 앞서 대원군은 왕비인 민씨 및 그 일족과 멀어졌다. 따라서 정부가 개국(開國)하기로 방침을 취한 것을 보고 이를 결코 흔쾌히 받아들일
수 없었다. 때마침 반역을 기도한 자들이 있었는데 사건이 발각되어 죽임을 당했다. 왕의 배다른 형[庶兄]인 이재선(李載先)도 역시 죽임을
당했다. 따라서 대원군의 마음은 점점 불편해졌다.

 임오(壬午)의 정변

메이지 15년 【이태왕 9년, 임오년】 에 군영(軍營)의 병사들이 오랫동안 식량을 받지 못하는 등의 일로 폭동을 일으키고 왕궁으로 난입했다.
왕비는 신변이 위태로웠지만 간신히 도피했으며, 민씨 일족 등은 많은 피해를 입었다. 대원군은 급히 일어나 궁중으로 들어가 다시 정권을
장악했다. 이 난으로 일본 공사관도 역시 폭도들에 의해 불탔으며, 일본인들 중 살해된 자들이 적지 않았다. 공사인 하나부사 요시모토는 한때
귀국했다가 다시 돌아와서 교섭을 벌였으므로, 조선 정부는 일본과 조약을 맺고 흉악한 무리들을 체포하여 이들을 처벌했으며, 사절을 파견하여
일본에 사죄했고 또한 배상금을 물었다. 이를 임오(壬午)의 정변(政變)이라고 부른다.

 청나라의 태도

임오 정변에서 청나라 정부는 조선의 요청에 따라 직접 함대(艦隊)를 파견하여 군대를 경성에 보냈으며, 또한 대원군을 유인하여 함대에 태워서
청나라에 억류했다. 따라서 일단 도피했던 왕비는 무사히 궁중으로 돌아올 수 있었다. 이때부터 청나라의 조선에 대한 태도는 확 바뀌었는데,
원세개(袁世凱)는 경성에 주재하여 국정을 감독했고 또한 청나라 정부에서 파견한 독일인과 영국인을 채용하여 외교와 세관(稅關)의 업무를
관장했다.

 11. 갑신정변(甲申政變)과 갑오 혁신(甲午革新)

   독립당(獨立黨)과 사대당(事大黨)
   갑신정변(甲申政變)
   일청 전쟁(日淸戰爭)
   일선 동맹(日鮮同盟)
   갑오 혁신
   시모노세키(下關) 조약
   그 후의 개혁

【제51 「메이지 천황 4: 메이지 27〜28년의 전쟁」 이후】

 독립당(獨立黨)과 사대당(事大黨)

이 무렵 조선에 독립(獨立)과 사대(事大)의 두 당이 있었다. 독립당은 일본의 국운이 나날이 강성해지는 것을 보고 이에 의존하여 정치를
개혁하자고 한 당파이며, 사대당은 보수를 좋아하고 청나라에 의지하자고 하는 당파이다. 임오(壬午)의 정변 이후 사대당이 세력을 얻었지만
양당의 다툼은 나날이 격화했다.

 갑신정변(甲申政變)

메이지 17년 【이태왕 21년, 갑신년】 에 독립당의 우두머리인 김옥균(金玉均), 홍영식(洪英植) 등은 일거에 사대당을 제거하고 정권을
획득하려고 했으나 실패했다. 이 정변으로 일본과 청나라의 군대가 충돌했으며 폭도들이 일본 공사관을 다시 불태웠으므로, 이듬해에 일본은 조선과
조약을 맺고, 조선은 일본에 대해 사과를 표시했으며 또한 배상금을 물었다. 또한 청나라와 조약을 맺어, 일본과 함께 반도에서 군대를
철수하기로 했다. 이후에 사대당은 청나라의 후원을 믿고 오랫동안 세력을 떨쳤지만, 이 기간 동안에 정치는 갈수록 부패하고 백성은 관리들의
가혹한 수탈로 고통이 극심했다.

 일청 전쟁(日淸戰爭)

메이지 27년 【이태왕 31년】 에 전라도 고부(古阜)의 백성들이 학정(虐政)을 견디지 못하고 난을 일으켰다. 이보다 앞서 동학(東學)을
믿는 자들이 남쪽 지방에 널리 퍼져 있었는데, 그 무리의 우두머리인 전봉준(全琫準)은 이 기회에 편승하여 군중을 모아 진격하여 전주(全州)를
함락시켰다. 여러 지방들은 메아리처럼 이에 부응하여, 동학의 세력이 대단히 강력해졌다. 정부는 군대를 파견하여 이를 토벌하려고 했지만
성공하지 못했다. 따라서 청나라에 지원을 요구했다. 청나라는 속국의 재난을 구원한다는 명분으로 조선에 군대를 보냈으므로, 일본도 역시
공사관과 거류민의 보호를 위하여 출병했다. 그리하여 이 해 7월에 일본의 군함이 풍도(豐島) 【충청남도】 앞바다를 지나자, 청나라의 군함이
여기에 포격을 가하여 전쟁을 시작했지만, 오히려 패배했으며, 이때부터 두 나라는 전쟁을 계속했다.

 일선 동맹(日鮮同盟)

일본과 청나라 양국이 바야흐로 전쟁을 개시하자, 형세는 갑자기 돌변하여 조선 정부는 청나라와 국교를 단호히 단절하고, 일본에 위임하여 청나라
군대를 몰아냈으며, 또한 일본과 동맹조약을 체결했다. 따라서 일본군은 먼저 성환(成歡) 【충청남도】 의 적군을 패주시키고 이어서 평양을
함락하여 청나라 군대를 모두 반도에서 떠나게 했다.

 갑오 혁신

국왕은 일본의 충언(忠言)을 받아들여 정치를 개혁하기로 결심하고 새로운 정치의 유서(諭書)를 발표했는데, 사대당 사람들은 모두 무시하고
새로이 군국기무처(軍國機務處)를 설치하여 일체의 정무를 결정했으며, 과거의 제도와 관습 등 많은 것들을 개혁했다. 또 이 해부터 청나라의
연호(年號) 사용을 중지하고 개국(開國) 기원을 사용했다. 이를 갑오(甲午) 【개국 503년】 혁신이라고 부른다.

 시모노세키(下關) 조약

일청 전쟁은 일본의 승리로 끝났으며, 메이지 28년 【개국 504년】 에 양국의 전권위원(全權委員)들이 시모노세키(下關)에서 만나
강화조약(講和條約)을 체결했다. 이를 시모노세키조약(下關條約)이라고 한다. 이 조약에 따라 청나라는 비로소 조선을 독립국으로 인정했다.

 그 후의 개혁

이듬해 【메이지 29년, 개국 505년】 에 새로 연호를 건양(建陽)이라고 정했으며 처음으로 태양력(太陽曆)을 사용했다. 전국을 현재와 같이
13도(道)로 나눈 것도 이 해의 일이다.

 12. 대한(大韓)

   러시아와의 관계
   대한(大韓)
   갑오(甲午) 이후의 진보

【제51 「메이지 천황 5: 조약(條約) 개정」 이후】

 러시아와의 관계

러시아는 일찍부터 조선에 눈길을 두고 자국의 이익을 얻는 데 급급했다. 메이지 29년 【개국 505년】 2월에, 춘천(春川) 지방에서
백성들이 폭동을 일으키자, 친로파(親露派) 사람들은 이를 명분으로 국왕과 세자를 러시아 공사관으로 데려갔으며, 자파(自派)에 반대하는
중신(重臣)들을 살해하고 이권(利權)을 독차지했다. 그들이 삼림(森林)을 벌채하고 광산을 채굴하고 혹은 철도를 부설하는 등의 권리를 러시아,
미국 프랑스 등에 부여한 것도 이 무렵의 일이었다.

 대한(大韓)

일본은 한국에 이어 러시아와 교섭하여 협약을 체결했으므로, 이듬해 【개국 506년】 2월에 국왕은 세자와 함께 러시아 공사관에서
경운궁(慶運宮)으로 돌아왔다. 이어서 조선의 국호를 대한(大韓)이라고 고치고 국왕은 스스로 황제에 즉위했으며, 조서를 내려 건양(建陽)
연호를 폐지하고 새롭게 광무(光武)라고 연호를 정했다. 그리하여 독립국의 체제는 갖추었지만 그 실질적인 힘은 전혀 없었으며, 정부는 오로지
러시아에 의존하여 정치를 했으므로 러시아는 한때 마치 과거의 청나라처럼 보였다.

 갑오(甲午) 이후의 진보

이러는 동안에도 문명의 시설들은 점차 일본인의 손에 의해 이루어졌는데, 메이지 31년 【광무 2년】 무렵에는 우편·전신 제도도 대략
갖추어졌으며, 메이지 33년 【광무 4년】 에는 경성과 인천 사이에 철도가 처음으로 개통되었고 이어서 경부(京釜) 철도도 부설되었다.

 13. 통감부(統監府)의 설치

   일러 전쟁(日露戰爭)
   일·한의정서(日韓議定書)
   일·한(日韓) 협약
   통감부(統監府)의 설치
   헤이그 밀사 사건

【제51 「메이지 천황 6: 메이지 37〜38년의 전쟁」 이후】

 일러 전쟁(日露戰爭)

메이지 33년 【광무 4년】 에 청나라에 내란이 일어났다. 이때 러시아는 대군(大軍)을 출병하여 만주를 점령했지만, 내란이 진정된 후에도
이를 반환하지 않았을 뿐 아니라, 군대를 조선에 보내 점차 야심을 드러냈다. 만주와 한국은 모두 일본에 가까워 그 안위(安危)는 일본의
안위에 매우 큰 관련이 있었으므로, 일본 정부는 러시아와 교섭했지만 러시아는 고의로 답변을 미루면서 육군과 해군의 군비(軍備)를 정비하여
일본을 위협했다. 이 때문에 일본과 러시아의 국교는 마침내 파기되고 일본 함대는 러시아 함대 2척과 인천 앞바다에서 전투를 벌여 이를
격파했다. 이때가 메이지 37년 【광무 8년】 2월이었다.

 일·한의정서(日韓議定書)

이 전쟁의 시작과 동시에 한국은 러시아와 국교를 단절하고 영구히 일본과 친교(親交)를 보장했으며, 일본 정부의 충고에 따라 국정의 개혁을
추진할 것을 약속했다. 이로부터 양국의 관계는 또한 급변했다. 이 때문에 일본군은 러시아 군대를 반도에서 몰아냈으며 더 나아가 적군과 전투를
벌여 해군과 육군 모두를 크게 격파했다.

 일·한(日韓) 협약

원래 일본과 조선은 좁은 해협 하나를 사이에 두고 떨어져 있어, 서로 이해를 같이해 온, 입술과 이의 관계였다. 그런데 예로부터 두 나라는
어떤 때는 친했고 어떤 때는 멀어졌는데, 특히 근세에 이르러서는 조선의 국력이 충분하지 못하여 항상 외교상으로 실패를 초래하여 연달아 일본이
불이익을 당했으며, 동양의 평화를 깨뜨린 경우가 여러 번 있었다. 따라서 일본은 메이지 38년 【광무 9년】 에 러시아와 화의를 맺은 다음
점차 일·한(日韓) 양국의 관계를 긴밀히 함으로써, 양국의 안녕을 도모하고 동양의 평화를 확실히 하려고 다시 한국과 협약을 맺었다.

 통감부(統監府)의 설치

이 협약을 맺은 결과, 일본 정부는 통감부(統監府)를 경성에 설치하고, 한국의 여러 외국에 대한 일체의 사무를 관장했다. 이 때문에
후작(侯爵) 이토 히로부미(伊藤博文)가 통감에 임명되어 경성에 주재(駐在)했다. 【메이지 39년, 광무 10년】

 헤이그 밀사 사건

메이지 40년에 네덜란드의 수도 헤이그에서 만국평화회의(萬國平和會議)가 열렸다. 이때 이상설(李相卨) 등이 한국 황제의 사절이라고 하면서 이
회의에 참석하여 협약의 잘못된 점을 호소했으나 오히려 거절당했다.

 14. 일·한(日韓) 병합

   황제의 양위(讓位)와 새로운 황제의 즉위
   일·한 황실의 친목
   일·한 신협약(日韓新協約)과 남북 순행(南北巡行)
   새로운 정치의 곤란
   이토 후작의 조난(遭難)과 일·한 합방론
   일·한 병합

【제51 「메이지 천황 7: 한국 병합」 이후】

 황제의 양위(讓位)와 새로운 황제의 즉위

메이지 40년 【광무 11년】 7월에 황제가 황태자에게 양위(讓位)했다. 새로운 황제는 전(前) 황제를 존중하여 태황제(太皇帝)라고
불렀으며, 연호를 융희(隆熙)라고 고쳤으며, 황제의 아우인 영친왕(英親王)을 황태자로 삼았다. 새로운 황제는 지금의 이왕
전하(李王殿下)이며, 황태자는 지금의 이왕 세자(李王世子) 전하이다.

 일·한 황실의 친목

10월에 메이지 천황은 황태자인 요시히토(嘉仁)를 파견하여 한국 황실을 방문하도록 하셨다. 이 때문에 일·한 양국 황실의 친밀함은 더욱
증대되었고 같은 해 말에 영친왕은 일본에 유학하도록 명령을 받았다.

 일·한 신협약(日韓新協約)과 남북 순행(南北巡行)

새로운 황제가 즉위한 초기에 다시 일본과 협약을 체결하여, 정치의 개혁은 오로지 통감의 지휘를 받게 되었으며, 이어서 유신(維新)의 조서를
발령하여 새로운 정치의 방침을 백성들에게 선포했다. 이듬해 1월에 황제는 통감을 따라 남북(南北)을 순행(巡行)하면서 민정(民情)을
시찰했다.

 새로운 정치의 곤란

통감부가 개설된 이래, 한국 정부는 중앙과 함께 지방의 제도를 고쳤으며, 일본의 보호 하에 여러 분야의 정치를 개선하는 데 힘썼다. 그렇지만
오랜 기간 동안의 폐정(弊政)의 결과로 민력(民力)은 완전히 피폐해지고 또한 새로운 정치를 좋아하지 않는 자들이 많았으며, 도적들이 사방에서
배회하여 도저히 국력의 회복을 기대할 수 없게 되었다.

 이토 후작의 조난(遭難)과 일·한 합방론

그때 마침 전(前) 통감(統監) 이토 히로부미가 만주를 여행하던 도중에 하얼빈(合爾賓)에서 흉도(兇徒)에게 암살되는 일이 일어났다. 이어서
일진회(一進會) 회장 이용구(李容九) 및 회원 백만 명이 상소를 올려 일·한(日韓) 합방을 건의했다. 이 때문에 가부(可否)의 논쟁이
분분하게 일어나 결정할 바를 모르고 있었다.

 일·한 병합

나라의 정세가 이와 같았으므로 황제는 이대로 가다가는 국가의 앞날을 예측할 수 없게 될 것을 우려하여, 동양의 평화를 확실히 하고 팔도의
민생을 보전하는 것은 일·한 양국이 합쳐 한 가족이 되는 것 외에는 없다고 했다. 마침내 뜻을 결정하여 일체의 통치권을 메이지 천황에게
넘겨주기로 하자 메이지 천황께서는 이를 승낙하셨다. 따라서 양국의 위원들은 병합조약을 체결하고 옛날부터 관계가 깊은 두 나라는 서로 합쳐
하나의 대제국(大帝國)이 되었다. 바야흐로 메이지 43년 【융희 4년】 8월의 일이다. 조선의 태조 이성계가 왕위에 오르고 나서 여기에
이르기까지 519년이 지났다.

 15. 총독 정치(總督政治)

   조선총독부(朝鮮總督府)의 설치
   메이지(明治) 천황의 은혜
   총독의 새로운 정치
   총독 정치의 방침
   우리의 각오

【제52 「긴조(今上) 천황 2: 유럽의 대전(大戰)」 이후】

 조선총독부(朝鮮總督府)의 설치

일·한(日韓) 병합이 이루어지자 메이지 천황은 조칙을 내려 한국을 조선이라고 고쳐 부르고 조선총독부(朝鮮總督府)를 설치하여 이를 다스리셨다.

 메이지(明治) 천황의 은혜

메이지 천황은 전(前) 한국 황제 및 그 일족을 우대했으며, 또한 조선귀족령(朝鮮貴族令)을 제정하여 공훈이 있는 자들에게는 작위를 주고,
일반 조선인들에 대해 갖가지 은전(恩典)을 베푸셨다. 메이지 천황과 더불어 지금의 천황께서 모든 사람을 차별 없이 평등하게 사랑하시는
성의(聖意)로써 민중을 어루만져 주신 것은 우리가 하루라도 잊지 말아야 할 것이다.

 총독의 새로운 정치

메이지 43년 10월에 자작(子爵) 【후에 백작(伯爵)이 됨】 데라우치 마사다케(寺內正毅)가 처음으로 조선총독으로 부임했다. 총독은 먼저
생명과 재산의 보호를 확실히 하여 인민을 안도하게 하고 산업을 부흥시키며 교통을 편리하게 하고 교육을 발전시키며 질병을 구제하는 등 민력의
회복과 민생의 행복에 힘을 쏟았다. 이 밖에 조선의 개발을 위해 시설할 것들을 하나하나 열거하면서 서두르지 않았다. 그리하여 다이쇼(大正)
4년 9월에 조선물산공진회(朝鮮物産共進會)를 경성에 열어 개량과 발전의 실적을 국내외 사람들에게 보여 주었다.

 총독 정치의 방침

그 후 여러 차례 총독이 바뀌었지만, 조선의 부원(富源)을 개척하고 그 문화를 발전시킴으로써, 인민의 안녕과 행복을 도모하는 방침은 결코
바뀌지 않았다.

 우리의 각오

이제 조선은 점차 각 방면에서 진보하고 있고, 과거에 여러 차례 반도의 역사에서 나타났던 것과 같은, 외국의 억압을 받는 일이 없어졌다.
최근에 주변 국가들이 소란하게 와해되는 비운을 맞이했음에도 불구하고 조선이 안정되어 태평을 누릴 수 있게 된 것은 전적으로 새로운 정치의
결과로서, 천황 폐하의 위광과 은덕에 의한 것이다. 우리는 하루라도 이를 잊어서는 안 되며, 일본 국민이라는 본분을 다하고 일치 협력하여
제국의 발전에 공헌할 각오를 하지 않으면 안 된다.

 부록

   1\. 이씨 조선 역대표 ［왕명(王名), 대수(代數) 및 재위 기간은 주로 『국조보감(國朝寶鑑)』에 의거했다. 27왕, 519년］
   2\. 연표(年表)

 1. 이씨 조선 역대표 ［왕명(王名), 대수(代數) 및 재위 기간은 주로 『국조보감(國朝寶鑑)』에 의거했다. 27왕, 519년］

대수 | 왕명 | 재위년수 | 적요  
---|---|---|---  
1 | 태조(太祖) | 7 | 2년, 명나라로부터 조선(朝鮮)이라는 국호를 받았다.  
3년, 도읍을 개성(開城)에서 한성(漢城)으로 옮겼다.  
2 | 정종(定宗) | 2 | 2년, 도성(都城) 내에 오부학당(五部學堂)을 설립했다.  
3 | 태종(太宗) | 18 | 원년, 의정부(議政府)와 육조(六曹)를 중앙정부로 삼았다.  
13년, 전국을 팔도(八道)로 나누었다.  
4 | 세종(世宗) | 32 | 19년, 압록강과 두만강 이남을 영토로 삼았다.  
28년, 언문(諺文)을 창제했다.  
5 | 문종(文宗) | 2 |   
6 | 단종(端宗) | 3 |   
7 | 세조(世祖) | 13 | 10년, 원각사(圓覺寺)를 지었다.  
8 | 예종(睿宗) | 1 | 원년, 『경국대전(經國大典)』을 완성했다.  
9 | 성종(成宗) | 25 | 왕의 즉위 이후 불교가 점차 쇠퇴했다.  
10 | 연산군(燕山君) | 12 |   
11 | 중종(中宗) | 39 | 지방에 서원(書院)의 건립이 왕성해졌다.  
12 | 인종(仁宗) | 1 |   
13 | 명종(明宗) | 22 |   
14 | 선조(宣祖) | 41 | 8년, 동서(東西)의 붕당(朋黨)이 발생했다.  
25년, 임진란(壬辰亂)이 일어났다.  
15 | 광해군(光海君) | 15 |   
16 | 인조(仁祖) | 27 | 5년, 금(金)나라와 형제의 나라가 되었다.  
15년, 청나라의 속국이 되었다.  
17 | 효종(孝宗) | 10 |   
18 | 현종(顯宗) | 15 |   
19 | 숙종(肅宗) | 46 | 붕당의 폐해가 심했다.  
20 | 경종(景宗) | 4 |   
21 | 영조(英祖) | 52 |   
22 | 정조(正祖) | 24 | 15년, 천주교를 금지했다.  
23 | 순조(純祖) | 34 |   
24 | 헌종(憲宗) | 15 |   
25 | 철종(哲宗) | 14 |   
26 | 이태왕(李太王) | 44 | 22년, 텐진조약(天津條約)이 체결되었다.  
31년, 청나라의 연호 사용을 중지했다.  
32년, 시모노세키 조약이 체결되었다.  
33년, 연호를 건양(建陽)으로 정하고, 태양력을 사용했다.  
34년, 국호를 대한(大韓)이라고 고쳤다.  
42년, 일로(日露) 강화조약(講和條約)이 체결되었다.  
같은 해, 일한 협약이 체결되었다.  
27 | 이왕(李王) | 4 | 원년, 일한 신협약(新協約)이 체결되었다.  
4년, 한국병합조약이 체결되었다.

 2. 연표(年表)

황기 | 천황 | 연차 | 조선의 기년 | 적요 | 서기  
---|---|---|---|---|---  
2052 | 고카메야마  
(後龜山) 천황 | 겐추(元中) 9년 | 태조 | 원년 | 개성의 수창궁(壽昌宮)에서 왕위에 올랐다. | 1392  
2053 | 고코마쓰  
(後小松) 천황 | 메이토쿠(明德) 4년 | 태조 | 2년 | 명나라로부터 조선이라는 국호를 받았다. | 1393  
2054 | 고코마쓰 천황 | 오에이(應永) 원년 | 태조 | 3년 | 도읍을 한성으로 옮겼다. | 1394  
2056 | 고코마쓰 천황 | 오에이 3년 | 태조 | 5년 | 쓰시마(對馬)를 공격하려고 출병했다. | 1396  
2058 | 고코마쓰 천황 | 오에이 5년 | 태조 | 7년 | 도성 내에 성균관(成均館)을 설립했다.  
정도전(鄭道傳) 등을 주살했다. | 1398  
2060 | 고코마쓰 천황 | 오에이 7년 | 정종 | 2년 | 도성 내에 오부학당(五部學堂)을 설립했다. | 1400  
2061 | 고코마쓰 천황 | 오에이 8년 | 태종 | 원년 | 관제를 고쳐 의정부와 육조를 중앙정부로 삼았다. | 1401  
2063 | 고코마쓰 천황 | 오에이 10년 | 태종 | 3년 | 주자소(鑄字所)를 설치했다. | 1403  
2068 | 고코마쓰 천황 | 오에이 15년 | 태종 | 8년 | 태상황이 훙거하여, 명나라에서 시호를 내렸다.  
이후 관례가 되었다. | 1408  
2073 | 쇼코(稱光) 천황 | 오에이 20년 | 태종 | 13년 | 전국을 팔도(八道)로 나누었다. | 1413  
2079 | 쇼코 천황 | 오에이 26년 | 세종 | 원년 | 쓰시마를 공격했다. | 1419  
2094 | 고하나조노  
(後花園) 천황 | 에이쿄(永享) 6년 | 세종 | 16년 | 김종서가 두만강변에 육진(六鎭)을 개척했다. | 1434  
2097 | 고하나조노 천황 | 에이쿄 9년 | 세종 | 19년 | 압록강과 두만강 이남을 영토로 삼았다. | 1437  
2103 | 고하나조노 천황 | 가키쓰(嘉吉) 3년 | 세종 | 25년 | 쓰시마와 교류조약을 체결했다. | 1443  
2106 | 고하나조노 천황 | 분안(文安) 3년 | 세종 | 28년 | 언문(諺文)을 창제했다. | 1446  
2116 | 고하나조노 천황 | 고쇼(康正) 3년 | 세조 | 원년 | 성삼문 등 육신(六臣)이 주살되었다. | 1456  
2125 | 고하나조노 천황 | 간쇼(寬正) 6년 | 세조 | 10년 | 도성 안에 원각사를 건립했다. | 1465  
2129 | 고쓰치미카도  
(後土御門) 천황 | 분메이(文明) 원년 | 예종 | 원년 | 『경국대전』을 완성했다. | 1469  
2130 | 고쓰치미카도 천황 | 분메이 2년 | 성종 | 원년 | 왕이 즉위한 후, 유학이 점차 왕성해지고 불교  
가 쇠퇴했다. | 1470  
2158 | 고쓰치미카도 천황 | 메이오(明應) 7년 | 연산군 | 4년 | 사화(士禍)가 일어나 많은 명사들이 살해되었다. | 1498  
2164 | 고카시와바라  
(後柏原) 천황 | 에이쇼(永正) 원년 | 연산군 | 10년 | 다시 사화가 일어나고, 이후 여러 차례 일어났다. | 1504  
2202 | 고나라(後奈良)  
천황 | 덴몬(天文) 11년 | 중종 | 37년 | 이 무렵부터 지방에 서원(書院)의 건립이 왕성  
해졌다. | 1542  
2235 | 오기마치(正親町)  
천황 | 덴쇼(天正) 3년 | 선조 | 8년 | 동서(東西)의 붕당이 생겨났다. | 1575  
2252 | 고요제이(後陽成)  
천황 | 분로쿠(文祿) 원년 | 선조 | 25년 | 임진란이 일어났다. | 1592  
2257 | 고요제이 천황 | 게이초(慶長) 2년 | 선조 | 30년 | 도요토미 히데요시(豐臣秀吉)가 다시  
조선에 출병했다. | 1597  
2258 | 고요제이 천황 | 게이초 3년 | 선조 | 31년 | 히데요시가 세상을 떠나 일본군이 철수했다. | 1598  
2267 | 고요제이 천황 | 게이초 12년 | 선조 | 40년 | 화친이 회복되어 사절을 에도 막부에 보냈다. | 1607  
2284 | 고미즈노오  
(後水尾) 천황 | 간에이(寬永) 원년 | 인조 | 2년 | 이괄(李适)이 반란을 일으켜 주살되었다. | 1624  
2287 | 고미즈노오 천황 | 간에이 4년 | 인조 | 5년 | 금(金)나라가 침입하자 화의를 요청하여 형제의  
나라가 되었다. | 1627  
2291 | 메이쇼(明正) 천황 | 간에이 8년 | 인조 | 9년 | 서양의 문물이 전래되었다. | 1631  
2297 | 메이쇼 천황 | 간에이 14년 | 인조 | 15년 | 청나라 태조가 조선을 직접 정벌하여 조선은  
청의 속국이 되었다. | 1637  
2451 | 고카쿠(光格) 천황 | 간세이(寬政) 3년 | 정조 | 15년 | 천주교를 금지하고, 서양의 책들을 불태웠다. | 1791  
2454 | 고카쿠 천황 | 간세이 6년 | 정조 | 18년 | 청나라 사람 주문모가 천주교를 널리 보급했다. | 1794  
2524 | 고메이(孝明) 천황 | 겐지(元治) 원년 | 이태왕 | 원년 | 이태왕이 즉위하여 대원군이 집정했다. | 1864  
2526 | 고메이 천황 | 게이오(慶應) 2년 | 이태왕 | 3년 | 대원군이 천주교도들을 살육했다.  
프랑스 군함이 강화도에 침공해 왔다. | 1866  
2528 | 메이지(明治) 천황 | 메이지 원년 10월 | 이태왕 | 5년 | 일본은 정치의 낡은 제도를 크게 고치고 새롭  
게 하려는 취지를 알리고 수교를 권했다. | 1868  
2531 | 메이지 천황 | 메이지 4년 4월 | 이태왕 | 8년 | 강화도 포대에서 미국 함선에 포격을 가했다. | 1871  
2533 | 메이지 천황 | 메이지 6년 12월 | 이태왕 | 10년 | 대원군이 정권에서 물러나고 국왕이 직접 나라  
의 정사를 돌보았다. | 1873  
2535 | 메이지 천황 | 메이지 8년 9월 | 이태왕 | 12년 | 일본 군함인 운양호(雲揚號)가 강화도 근해에서  
포격을 당했다. | 1875  
2536 | 메이지 천황 | 메이지 9년 2월 26일 | 이태왕 | 13년 | 강화조약(江華條約)이 체결되었다. | 1876  
2540 | 메이지 천황 | 메이지 13년 4월 | 이태왕 | 17년 | 일본, 경성에 공사관을 설치했다. | 1880  
2541 | 메이지 천황 | 메이지 14년 12월 | 이태왕 | 18년 | 이재선(李載先)에게 사약을 내렸다. | 1881  
2542 | 메이지 천황 | 메이지 15년 7월 | 이태왕 | 19년 | 임오정변(壬午政變) | 1882  
2544 | 메이지 천황 | 메이지 17년 12월 | 이태왕 | 21년 | 갑신정변(甲申政變) | 1884  
2545 | 메이지 천황 | 메이지 18년 4월 18일 | 이태왕 | 22년 | 텐진조약(天津條約)이 체결되었다. | 1885  
2554 | 메이지 천황 | 메이지 27년 4월  
7월 25일  
7월 29일  
7월 30일  
  
8월 1일  
8월 26일  
9월 16일 | 이태왕 | 31년 | 동학당(東學黨)이 난을 일으켰다.  
풍도(豐島) 앞바다에서 해전(海戰)이 있었다.  
아산(牙山)의 전투  
갑오(甲午) 혁신-청나라의 연호를 중지하고  
개국 기년(紀年)을 사용했다.  
일본, 청나라에 선전포고했다.  
일선(日鮮) 양국이 공수동맹(攻守同盟)을 체결했다.  
일본군이 평양을 함락했다. | 1894  
2555 | 메이지 천황 | 메이지 28년 4월 17일 | 이태왕 | 개국  
504년 | 시모노세키(下關) 조약이 체결되어 청나라가  
조선의 독립을 승인했다. | 1895  
2556 | 메이지 천황 | 메이지 29년 1월 1일  
2월 11일  
8월 4일 | 이태왕 | 개국  
505년 | 건양(建陽)이라는 연호를 정하고 태양력을 사용했다.  
국왕은 세자와 함께 러시아 공사관으로 옮겨 갔다.  
전국을 13도(道)로 나누었다. | 1896  
2557 | 메이지 천황 | 메이지 30년 2월 20일  
8월 12일 | 이태왕 | 개국  
506년 | 국왕은 러시아 공사관에서 경운궁으로 돌아왔다.  
왕은 황제의 자리에 오르고 국호를 대한(大韓)  
으로 고쳤다. | 1897  
2557 | 메이지 천황 | 메이지 30년 8월 16일 | 이태왕 | 광무  
원년 | 건양(建陽)이라는 연호를 폐지하고 광무(光武)  
를 연호로 사용했다. | 1897  
2560 | 메이지 천황 | 메이지 33년 11월 12일  
12월 22일 | 이태왕 | 광무  
4년 | 경성과 인천 간의 철도가 완전히 개통되었다.  
북청사변(北淸事變)의 강화조약 안이 체결되었다. | 1900  
2562 | 메이지 천황 | 메이지 35년 1월 30일 | 이태왕 | 광무  
6년 | 일영(日英) 동맹이 체결되었다. | 1902  
2564 | 메이지 천황 | 메이지 37년 2월 9일  
2월 10일  
2월 23일 | 이태왕 | 광무  
8년 | 인천 앞바다에서 해전이 있었다.  
일본은 러시아에 선전포고했다.  
일한의정서(日韓議定書)가 조인되었다. | 1904  
2565 | 메이지 천황 | 메이지 38년 3월 10일  
5월27, 28일  
9월 5일  
11월 17일  
12월 21일  
| 이태왕 | 광무  
9년 | 봉천(奉天)을 점령했다.  
동해(원문에는 ‘日本海’로 되어 있음) 해전  
일러(日露) 강화조약이 체결되었다.  
일한협약(日韓協約)이 체결되었다.  
통감부가 설치되고, 공작(公爵) 이토 히로부미  
(伊藤博文)가 통감에 부임했다. | 1905  
2566 | 메이지 천황 | 메이지 39년 2월 1일 | 이태왕 | 광무  
10년 | 통감부의 사무를 개시했다. | 1906  
2567 | 메이지 천황 | 메이지 40년 7월 1일  
7월 19일  
  
7월 24일  
8월 3일  
8월 16일  
  
12월 20일 | 이왕 | 광무  
11년 | 밀사사건의 보고가 헤이그에서 왔다.  
황제는 황태자에게 황위를 물려주었다.  
이튿날인 20일에 새로운 황제 즉위식을 거행했다.  
일한 신협약을 체결했다.  
연호를 융희(隆熙)로 바꾸었다.  
일본의 요시히토(嘉仁) 황태자께서 친히 한국 황실을  
방문하셨다.  
한국의 황태자 영친왕이 일본 유학길에 올랐다. | 1907  
2568 | 메이지 천황 | 메이지 41년 1월 7일  
부터 2월 3일까지 | 이왕 | 융희  
2년 | 황제가 국내를 순행했다. | 1908  
2569 | 메이지 천황 | 메이지 42년 10월 26일  
12월 4일 | 이왕 | 융희  
3년 | 전 통감 공작 이토 히로부미가 암살되었다.  
이용구 등이 일한합방을 건의했다. | 1909  
2570 | 메이지 천황 | 메이지 43년 8월 22일 | 이왕 | 3년 | 한국병합조약이 체결되었다.(29일에 발표) | 1910  
2570 | 메이지 천황 | 메이지 43년 10월 1일 | 한국(韓國)이라는 국호를 폐지하고 조선(朝鮮)  
이라고 했다.  
자작(子爵) 데라우치 마사다케(寺內正毅)가  
조선총독에 임명되었다. | 1910  
2572 | 메이지 천황 | 메이지 44년 7월 30일 | 천황 붕어(崩御) | 1912  
2572 | 지금의 천황 | 다이쇼(大正) 원년 7월 30일 | 천황 즉위 | 1912  
2575 | 지금의 천황 | 다이쇼 4년 9월 16일 | 조선 물산 공진회를 경성에 열었다. | 1915  
2576 | 지금의 천황 | 다이쇼 5년 10월 16일 | 백작(伯爵) 하세가와 요시미치(長谷川好道)가  
조선총독에 임명되었다. | 1916  
2579 | 지금의 천황 | 다이쇼 8년 8월 12일 | 남작(男爵) 사이토 마코토(齋藤實)가 조선총독에  
임명되었다. | 1919"
ta_p41r,심상소학국사보충교재 교수참고서 - 1,Colonial,Colonial Period,Elementary,1940,"심상소학국사보충교재 교수참고서 - 1

일제강점기

   서언(緖言)
   1\. 상고(上古) 시대의 조선반도
   2\. 삼한(三韓)
   3\. 문학(文學), 불교(佛敎), 공예(工藝)
   4\. 일본부(日本府) 1
   5\. 일본부 2
   6\. 백제(百濟)·고구려(高句麗)의 멸망
   7\. 신라(新羅)의 통일
   8\. 고려(高麗) 1
   9\. 고려 2
   10\. 고려 3
   11\. 고려 4
   부록

 서언(緖言)

1\. 이 책에 실려 있는 각 교재(敎材)의 「교수요지(敎授要旨)」를 실제 수업에서 가르칠 때 실수하지 않도록 유의해야 한다.

1\. 이 책에 실려 있는 각 교재의 「강의요령[說話要領]」은 대체로 교사가 실제로 학생들에게 강의해야 할 범위를 나타내 주는 것이므로,
때때로 부연 설명이 필요한 경우라도 학생들에게 많은 사항을 가르치는 것을 최대한 피해야 한다.

1\. 이 책의 「주의(注意)」에 실려 있는 것 외에는 가능한 학생들이 이미 알고 있는 사항을 기초로 하여 가르쳐야 한다.

1\. 이 책에 실려 있는 「비고(備考)」는 교사의 편의를 고려한 것이므로, 가능한 많은 내용을 부연했다.

 1. 상고(上古) 시대의 조선반도

   교수요지(敎授要旨)
   강의요령[說話要領]
   주의(注意)
   비고(備考)

【제3 「야마토 타케루노미코토(日本武尊)」 이후】

 교수요지(敎授要旨)

본 과(課)에서 조선반도의 연혁은 북부와 남부가 크게 다르다. 북부는 예로부터 중국에서 온 사람들이 통치했으며, 따라서 중국의 속국(屬國)
또는 영토였다는 사실을, 남부는 곧 조선인의 조상인 한족(韓族)의 거주지로서, 이 지방은 일찍부터 일본과 밀접한 관계가 있었다는 사실을
가르쳐야 한다.

 강의요령[說話要領]

   북부조선(北部朝鮮)
   남부조선
   고대 일한(日韓)의 교류

 북부조선(北部朝鮮)

   기자조선(箕子朝鮮)
   위만(衛滿)조선
   한사군(漢四郡)

 기자조선(箕子朝鮮)

옛날에 반도의 북부를 조선(朝鮮)이라고 불렀다. 지금으로부터 약 3천 년 전, 기자(箕子)라는 사람이 중국에서 와서 조선의 왕이 되었으며,
그 지역을 잘 다스렸다고 한다. 기자는 중국에 있던 은(殷)나라의 왕족이었는데, 그 나라가 망한 후, 조선에 왔다는 말이 전해지고 있다.

 위만(衛滿)조선

기자의 후예인 준(準) 때, 연(燕)나라의 위만(衛滿)이라는 사람이 조선반도의 북부에 들어와서, 중국인을 기초로 하나의 나라를 세웠는데,
마침내 준을 몰아내고 그 나라를 빼앗았다. 위만의 손자인 우거(右渠)에 이르러, 그 나라는 한(漢)나라 무제(武帝)에 의해 멸망했다.

 한사군(漢四郡)

한나라는 당시 중국에 있던 대국(大國)이었는데, 무제는 우거가 자기의 명령을 위반했으며, 또한 그 사신을 공격하여 살해했다고 하여, 군대를
보내 위만조선을 쳐서 멸망시키고, 그 땅에 4군(四郡)을 설치했다. 기자 때부터 조선은 중국의 속국이나 마찬가지 상태였지만, 이때에 이르러
완전히 중국의 영지(領地)가 되었다. 이때 우리나라[일본]는 가이카(開化) 천황 【제9대】 시대였다. 4군은 후에 2군이 되었으며, 중국의
영토였던 것은 약 420여 년 동안이었다.

 남부조선

   한(韓) 종족

 한(韓) 종족

상고시대 조선반도의 남부에는 한족(韓族)이 살고 있었는데, 이 종족은 세 종족으로 나뉘어 마한(馬韓), 진한(辰韓), 변한(卞韓)을
이루었다. 마한은 오늘날의 전라, 【남북】 충청, 【남북】 경기도 등 다섯 도(道)의 땅을 포괄했으며, 진한은 오늘날의 경상 【남북】 의 두
도에 걸쳐 있었고, 또한 변한은 경상남도의 대부분과 경상북도의 일부분을 차지하고 있었다. 마한에는 50여 개 나라들이 있었고, 진한과
변한에는 각각 12개 나라들이 있었다고 한다. 그 후 마한의 땅에서 백제국이 일어나 그 지역의 여러 나라를 통일했고, 진한의 땅에서 신라국이
일어나 그 지역의 여러 나라를 통일했으며, 변한의 땅에서는 가라국(加羅國) 등 여러 나라들이 있었지만 통일을 이루지는 못했다. 그러나 이들
나라는 고작 바다를 사이에 두고 일본과 마주하고 있었으므로, 이른 시대부터 서로 교류하고 있었다.

 고대 일한(日韓)의 교류

일본과 조선반도는 옛날부터 매우 밀접한 관계가 있었으며, 따라서 서로 교류했던 사적(事蹟)들이 오늘날에도 적지 않게 전해지고 있다. 그
가운데 유명한 것들은 다음과 같은 것들이다. 첫째, 아마테라스 오미카미(天照大神)의 동생인 스사노오노미코토(素戔鳴尊)는 그 아들과 함께
신라국에 가서 거주하신 적이 있다. 둘째, 스진(崇神) 천황 【제10대】 때에는 가라국이 사신을 보내 조공(朝貢)했다. 셋째, 스이닌(垂仁)
천황 【제11대】 때에는 신라의 왕자인 아메노히보코(天日槍)가 일본으로 이주하여 일본인이 되었으며, 또한 일본인 여인을 아내로 맞이하여, 그
자손이 영원히 이어졌다. 【이상은 『일본서기(日本書紀)』에서 인용했다】 이 밖에 더욱 많은 사례들이 있다.

 주의(注意)

(1) 본국[內地]과 조선반도의 지리상 관계는 이미 보통학교(普通學校) 『국어독본(國語讀本)』 권3 제19과 「대일본제국(大日本帝國)」,
같은 책 권4 제16과 「조선(朝鮮)」 등에서 배웠으므로, 이 과에서의 수업은 이를 기초로 하고, 지도를 사용하여 더욱 잘 설명해 주어야
한다.

(2) 상고시대에 본국과 조선의 교류 흔적에 관해서는, 보통학교 『국어독본』 권4 제14과 「스사노오노미코토(須佐之男命)」, 제22과
「알[卵]에서 태어난 왕」, 제24과 「하쓰히(巴提便)」, 같은 책 권8 제3과 「아메노히보코(天日槍)」에서 배웠으므로, 이 과의 수업에서는
이것들도 참조하여 가르쳐야 한다.

 비고(備考)

   기자(箕子) 전설
   단군(檀君) 전설
   위만(衛滿)의 사적(事蹟)
   한사군(漢四郡)의 연혁
   한 종족(韓種族)
   임나(任那)와 가라(加羅)의 국명(國名)
   스사노오노미코토(素戔鳴尊)의 사적(事蹟)
   임나국(任那國)의 조공(朝貢)
   아메노히보코(天日槍) 전설

 기자(箕子) 전설

기자(箕子)는 은나라 주왕(紂王)의 친척이자 그의 태사(太師)였다. 기국(箕國)에 봉해져 자작(子爵)이 되었기 때문에 기자라고 불렀다.
은나라 주왕은 음탕하고 포학하며 무도(無道)했으므로, 기자가 간언을 해도 듣지 않고 그를 감옥에 가두었다. 그리하여 기자는 머리를
풀어헤치고, 거짓으로 미친 사람 행세를 하였다. 주(周)나라의 무왕(武王)이 주왕을 쳐서 은나라를 멸망시키자, 명령을 내려 기자를 감옥에서
풀어주었으므로, 기자는 조선으로 달아났으며, 주왕은 따라서 그를 그 땅에 봉했다. 이 사건과 관련하여 중국의 고서(古書)에서 다음과 같은
내용을 볼 수 있는데, 매우 오래된 전설이다.

『사기(史記)』 【사마천(司馬遷) 편찬, 지금으로부터 2천여 년 전】

“무왕(武王)은 이미 은(殷)나라를 이겼다. 기자를 찾아갔다. 기자는 홍범(鴻範)을 보고 있었다. 그리하여 무왕은 기자를 조선(朝鮮)에
봉했다. 신하로서 섬기지 않았다.”

『한서(漢書)』 【반고(班固) 편찬, 지금으로부터 1천 8백여 년 전】

“은나라는 도(道)가 쇠했다. 기자가 조선으로 갔다. 그곳 백성들에게 예의(禮義)와 밭농사[田]와 누에치기[蠶]와 베짜기[織作]를
가르쳤다.”

기자는 보통 오늘날의 평양에 도읍을 정했다고들 하지만, 아직 확실치는 않다. 또 그가 다스린 주민들은 어떤 종족이었는지도 명확치 않다. 현재
평양에 있는 기자의 능과 함께 기자의 묘(廟)는 고려 숙종(肅宗) 7년 【지금으로부터 810여 년 전】 에 창건된 것이다. 기자 다음에는
아무도 후(侯)라고 부르지 않았지만, 40여 년이 지나 준(準) 때에 이르러, 스스로 왕이라고 칭했다. 그렇지만 준은 마침내 위만(衛滿)에게
그 나라를 빼앗기고, 좌우 궁인(宮人)들과 함께 달아나 바다를 통해 마한(馬韓)의 영역으로 들어가서, 스스로 한왕(韓王)이라고 칭했지만,
후에 백제국에 병합되었다.

 단군(檀君) 전설

조선반도에서 나라를 이룬 사람 중 가장 오래 전부터 전해지는 사람은 앞에 기록되어 있는 기자이지만, 그보다 더 이전에 단군(檀君)이라는
사람이 있었다는 사실을 이따금 믿지 않는 사람이 있다. 때문에 여기에서 한마디 해야 한다.

본래 단군에 관한 전설을 기록하고 있는 가장 오래된 서적은 『삼국유사(三國遺事)』 【인각사(麟角寺, 경상북도 군위군) 주지
일연선사(一然禪師)가 편찬했으며, 지금으로부터 6백여 년 전, 고려 충렬왕 무렵】이다. 수천 년 전의 중국 고서들에 기록되어 있는 기자
전설과 삼국유사에 단군에 관한 전설을 비교하면, 단군에 따른 전설은 대단히 새로운 전설이라고 할 것이다. 더구나 같은 책 속에
『단군고기(檀君古記)』라는 책을 인용했지만, 이 책은 『삼국유사』와 서로 멀지 않은 시대의 것으로 추정된다. 이 전설은 일찍이 중국의
서적들에서 보이는 것이 아니므로, 조선에서만 전해지고 있는 전설이라는 것을 알 수 있다. 그런데 선화(宣和) 연간에 【고려 인종(仁宗)
원년, 지금으로부터 790여 년 전】 고려에 온 송나라의 사절인 노윤적(路允迪)의 수행원이었던 서긍(徐兢)이 지은
『선화봉사고려도경(宣和奉使高麗圖經)』에 당시 고려의 나라 상황을 상세히 기록하고 있는 것들 중에서, 특히 「건국(建國)」이라는 장(章)을
두었음에도 전혀 단군이라는 말을 기록한 것이 없다. 대략 25년 후에 완성된 『삼국사기(三國史記)』 【김부식(金富軾) 지음, 고려 인종
23년, 지금으로부터 770여 년 전】에도 이러한 내용이 전혀 보이지 않는다. 그렇다면 단군이 개국(開國)했다는 전설은 고려 중기까지는
조선인들 사이에서 전혀 알려져 있지 않았음이 분명하고, 그것이 조금이라도 알려지게 된 것은 『삼국유사』 시대 이후라고 할 수 있다. 지금
『삼국유사』에 기재되어 있는 이 전설을 살펴보면 다음과 같다.

옛날에 환인(桓因) 【제석(帝釋)을 가리킨다.】 이 있었다. 서자(庶子) 환웅(桓雄)이 천하에 자주 뜻을 두고, 인간 세상을
탐구(貪求)했다. 아버지가 그 뜻을 알고, 삼위대백(三危大伯)을 내려다보니, 인간을 널리 이롭게 할 만했다. 이에 천부인(天符印) 세 개를
주고, 가서 살면서 그곳을 다스리게 했다. 환웅은 무리 3천 명을 거느리고, 태백산(太白山) 정상 【‘태백’은 지금의 묘향산】 의
신단수(神檀樹) 아래에 내려왔다. 이곳을 신시(神市)라고 한다. 환웅을 환웅천왕(桓雄天王)이라고 한다. 풍백(風伯), 우사(雨師),
운사(雲師)로 하여금 장차 곡식을 주관하고, 생명을 주관하고, 병(病)을 주관하고, 형벌을 주관하고, 선악(善惡)을 주관하게 했다. 무릇
인간의 360여 일들을 주관하고, 세상에 살면서 교화했다. 때마침 한 마리의 곰과 한 마리의 호랑이가 같은 동굴에서 살고 있었다. 항상
신웅(神雄)에게 기도하면서, 사람이 되게 해 달라고 빌었다. 이때 신웅이 신령스러운 쑥 한 심지와 마늘 20개를 남겨 놓으면서 말하기를,
‘너희가 이것을 먹고 100일 동안 햇빛을 보지 않으면, 곧 사람의 모습을 얻을 것이다’라고 했다. 곰과 호랑이는 이것을 먹으면서
삼칠일(三七日) 동안 몸을 삼갔다. 곰은 여자의 모습을 얻었고, 호랑이는 금기를 하지 못해 사람의 몸이 되지 못했다. 웅녀(熊女)는 혼인을
할 사람이 없었다. 따라서 매일 단수(壇樹) 밑에서 아이를 잉태하게 해 달라고 기도했다. 환웅은 이에 잠시 사람이 되어 그와 결혼하여,
아들을 낳았다. 그 아들을 단군(檀君)이라고 불렀다. 왕검(王儉), 당고(唐高) 【고(高) 자는 요(堯)의 휘자(諱字이다.】 가 즉위한 지
50년 만인 경인년(庚寅年)에 평양성에 도읍을 정하고, 비로소 조선(朝鮮)이라고 불렀다. 또한 도읍을 백악산(白岳山) 아사달(阿斯達)로
옮겼다. 이곳은 또한 궁홀산(弓忽山)이라고도 하고 금미달(今彌達)이라고도 했다. 단군은 나라를 1500년 동안 다스렸다. 주(周)나라
호왕(虎王) 【호(虎) 자는 무(武)의 휘자이다.】 이 즉위한 기묘년(己卯年)에 기자를 조선(朝鮮)에 봉했다. 이에 단군은
장당경(藏唐京)으로 도읍을 옮기고, 후에 돌아와 아사달에 은거하여 산신(山神)이 되었다. 이때 나이가 1908세였다.

위의 전설 내용이 불가사의하여, 불교 설화와 겹치는 부분이 많다는 것은 얼핏 보아도 알 수 있으며, 또한 이 전설은 조선의 북부와 관계가
있고, 조선의 남부에 관계가 없으므로, 신라 시대에 단군이라는 존재는 전혀 존숭되지 않았다고 보는 것이 확실하다. 이 전설은 이조(李朝)
초기에 이르러 점차 존숭되기에 이르렀으며, 세종(世宗) 【제4대】 11년 【지금으로부터 490년 전】 에 처음으로 단군 사당을 평양에
건립하여, 기자(箕子) 사당과 단군 사당에서 봄·가을로 두 차례씩 단군에게 제사를 지냈다. 그렇지만 세종 때 윤회(尹淮) 등에게 명하여
편찬한 『세종실록지리지(世宗實錄地理志)』에는, 「평안도 평양부(平壤府)」 조목에 ‘영이(靈異)’라고 하여 단군 전설이 수록되어 있을 뿐이다.
그 후 단군에 관한 유적(遺跡)도 증가되어, 『동국여지승람(東國輿地勝覽)』 【성종 12년에 완성되었다.】 이 편찬될 때에는 그 안에 수록된
것이 적지 않았다. 또 『동국여지승람』과 거의 동시에 명을 받고 편찬된 『동국통감(東國通鑑)』 【서거정(徐居正) 등 지음, 성종 15년에
완성되었다】 에는 그 권수(卷首)의 외기(外紀)에 단군조선, 기자조선, 위만조선의 기사가 함께 수록되어 있지만, 단군조선에 관해서는 자못
의문스러운 관점에서, “당분간은 그대로 두고, 후에 고찰하여 보완한다[姑存之 以備後考]”라고 기록되어 있다. 그렇지만 이와 같이
정사(正史)에 기록됨으로써, 단군은 기자보다 앞서는 조선 개국의 시조로 간주되는 경우가 많아지게 되었다. 이상은 단군 전설이 발전해 온 것을
개략적으로 정리한 것이다. 그런데 이조시대의 유명한 학자 중에는 이 전설이 허무맹랑하고 터무니없고 믿을 수 없는 것에 지나지 않다는
것이라고, 아울러 이 전설이 승려의 손에 의해 날조된 것이라고 주장하는 사람이 적지 않았다. 근래에 본국에 있는 학자들의 연구도 역시 모두
동일한 결과를 보여 주고 있다. 따라서 이 책에서는 이 전설을 본문 내용에 채택하지 않았으며, 참고로 이 비고 부분에 부기(附記)한다.

 위만(衛滿)의 사적(事蹟)

위만(衛滿)은 원래 연(燕)나라 사람이다. 연나라는 춘추전국(春秋戰國) 시대부터 만주(滿洲)의 남부와 함께 중국 본토의 동북부에
위치했으므로, 조선과의 거리가 멀지 않았다. 후에 진(秦)나라에 병합되었으며, 이어서 한(漢)나라의 영토가 되었다. 한나라의 고조(高祖)가
천하를 안정시키자, 그의 장수인 노관(盧綰)을 연나라 왕에 봉했다. 이때 연나라와 조선은 패수(浿水) 【압록강인지 알 수 없다.】 를 경계로
삼았다. 그 후 노관 사건으로 노관이 흉노로 달아나자 위만은 고조선에 망명했는데, 무리 천여 명을 모아 패수를 건너 반도 땅으로 들어와,
조선의 왕인 준(準)에게 항복하고, 중국의 망명자들을 통할했으며, 서쪽 경계에 거주하여 조선의 국경을 지키는 것을 허락받았다. 확실히 한나라
초기의 대란에 즈음하여, 연(燕), 조(趙), 제(齊)와 마찬가지로 조선에 가까운 중국의 여러 지방들로부터 난을 피해 조선의 영토 안으로
이주해 온 사람들이 매우 많았으며, 그 숫자가 만여 명이나 되었으므로, 위만은 먼저 이들을 통치했으며, 이들을 기반으로 하여 서서히 그
세력을 다져 갔다. 준은 위만을 매우 신뢰하고 총애했지만, 위만은 오히려 왕을 속이고, 그를 공격하여 그 나라를 빼앗고, 자기가 대신 왕이
되었으며, 왕검(王儉) 【지금의 평양】 을 도읍으로 삼았다. 이때 한나라는 국가가 아직 공고해지지 못했으므로, 요동 태수(遼東太守)로 하여금
조선의 왕인 위만과 외신(外臣)이 되기로 약속함으로써, 변방 밖의 만이(蠻夷)를 제압하여 변경을 어지럽히지 않도록 했다. 또한 동시에 만이의
우두머리[君長]가 한나라에 입조(入朝)하는 것을 방해하지 않기로 했다. 이리하여 위만은 군대와 재력을 얻어 주위의 여러 종족들을 침략하여
항복시켰는데, 진번(眞番), 임둔(臨屯)은 모두 그에게 복속되었다. 그리하여 그는 조선반도의 북반부를 거의 통치하게 되었으며, 전해지기로는
그의 손자인 우거(右渠)에 이르러 유인해내어 한나라의 망명자들이 점차 많아졌으므로, 당시 조선왕의 치하에 한인(漢人)들이 얼마나 많았는지 알
수 없다. 우거는 이처럼 많은 한인(漢人)들을 유치(誘致)하는 데에만 그치지 않고, 그때까지도 한나라에 입조(入朝)하지 않았으며, 또한 주변
국가들이 입조하는 것을 막았다. 한나라 무제(武帝)는 섭하(涉何)라는 사람을 사신으로 파견하여 우거를 타일렀지만, 우거는 무제의 조서를
받들지 않았을 뿐만 아니라, 나중에는 섭하를 살해했다. 무제는 분노하여 수군과 육군을 보내 조선을 쳐서 멸망시켰으며, 그 땅에 사군(四郡)을
설치했다. 이때가 한나라 원봉(元封) 3년이자, 우리의 가이카(開化) 천황 시대이다.

 한사군(漢四郡)의 연혁

한나라 무제(武帝)는 조선(朝鮮)을 멸망시키고, 그 땅에 진번(眞番), 현도(玄菟), 낙랑(樂浪), 임둔(臨屯) 등 4군(郡)을 설치했다.
이때가 원봉(元封) 3년 【가이카(開化) 천황 50년】이다. 그 후 27년이 지나 소제(昭帝) 시원(始元) 5년에 폐합하여 낙랑과 현도의
이군(二郡)이 되었으며, 【현도군은 이때부터 압록강의 북쪽으로 나갔으므로 반도 밖의 것이 되었다.】 그로부터 280여 년이 지나고
후한(後漢) 말엽에 이르자, 건안(建安) 연간에 낙랑군의 남부를 분할하여 대방군(帶方郡)을 설치했으므로 삼군(三郡)이 되었다. 후한이 망한
후, 삼군의 땅은 위(魏)나라의 영토가 되었으며, 이어서 진(晉)나라가 일어나 중국을 통일했으므로 삼군은 또 진나라의 영토가 되었으며,
진나라 말기에 이르러 고구려와 백제 두 나라에 잠식되었다. 한나라 무제 때인 원봉 3년부터 진(晉)나라 말엽까지 420여 년간 존속했다.

 한 종족(韓種族)

한족(韓族)의 상태는 『위지(魏志)』에 처음으로 상세히 기록되었다. 이 책의 「동이전(東夷傳)」에 따르면, 한(韓)은 대방군의 남쪽에
있었다. 동서(東西)는 바다에 닿아 있고, 남쪽은 왜(倭)와 접하고 있다. 사방이 천(千) 리(里) 정도이다. 세 종족이 있는데
마한(馬韓), 진한(辰韓), 변한(卞韓)이라고 한다. 이들 삼한(三韓)은 각각 수많은 나라들로 나뉘어져 있는데, 마한은 50여 개 나라,
진한과 변한은 각각 12개 나라들로 되어 있다. 합쳐서 70여 개 나라로 되어 있으며, 이 밖에도 또한 여러 작은 읍(邑)들이 있다고 한다.
그런데 삼한은 아직 통일된 국가를 이루지 못했으면서도, 마한에는 한왕(韓王)이 있고, 진한에는 진왕(辰王)이 있으며, 변한에도 역시 왕이
있어 이들을 다스린다고 하므로, 각 왕들은 이들 여러 나라들의 맹주가 되었다.

삼한 가운데 진한은 토지가 비옥하여 곡식이 자라기에 적합하고, 그곳 사람들은 잠업(蠶業)을 하며 비단을 짜고 우마(牛馬)를 탔다. 결혼 등에
대한 예절이 있었고 아이가 태어나면 돌로 그 머리를 눌러 납작하게 하는 기이한 풍습이 있었다. 문신(文身)의 풍습이 지방에 따라 행해졌다.
국내에서 철(鐵)을 생산하고 한(韓), 왜(倭), 예(濊)는 모두 따라서 이를 취했으며, 시장에서 거래할 때 철로 만든 돈을 사용했던 것
같다. 도읍에는 성책(城柵)을 설치했다. 변한은 진한과 섞여 살았으며, 도읍에 성곽이 있었다. 의복과 주거지는 진한과 같았으며, 언어와
법속(法俗)도 비슷했다. 마한은 도읍에 성곽은 없었고, 토지가 비옥하고, 그 백성들은 농경과 잠업을 할 줄 알며, 면포(綿布)를 짰지만,
우마를 탈 줄은 몰랐다. 마한 사람들은 성격이 강하고 용맹했으며, 일반적인 풍속도 거칠고 세련되지 못했다. 남자들이 왕왕 문신을 하는 풍습은
진한과도 유사했지만, 언어는 진한과 달랐다고 한다. 이에 따르면 같은 한족들 가운데 진한과 변한은 거의 서로 유사했으며, 마한과 진한 두
나라는 서로 다른 점이 많았다. 진한 사람들은 원래 진(秦)나라의 전쟁을 피해서 들어온 사람들인데 마한은 그 동쪽 경계 지역을 할애해 주어
살게 진한 사람을 했다는 전설이 일찍부터 전해져 오는 것을 보아, 마한과 진한이 서로 다른 점이 많은 이유를 짐작할 수 있다.

 임나(任那)와 가라(加羅)의 국명(國名)

임나(任那)라는 국명(國名)은 조선에서도 옛날부터 보인다. 또한 이를 임나가라(任那加羅)라고도 불렀다. 그 예증(例證)을 들자면 다음과
같다.

(1) 고구려 광개토왕릉비(廣開土王陵碑) 【성경성(盛京省) 집안현(輯安縣)에 있다.】

“임나가라 종발성까지 쫓아갔다.”

(2) 신라 정경대사탑비(貞鏡大師塔碑) 【원래 창원군 봉림사지(鳳林寺址)에 있다.】

“대사의 휘는 심희이고, 속성은 신라 김씨이다. 그 선조는 임나의 왕족이었다.”

(3) 『삼국사기』의 강수 열전(强首列傳)

“신은 본래 임나가량 사람이다.”

이 나라는 옛날에 경상도 김해(金海)에 있던 가라국(加羅國)과 동일하며, 일본의 고서에 나오는 의부가라(意富加羅)가 곧 이것이다.
가라(加羅) 즉 임나(任那)는 먼 옛날부터 일본에 조공을 바쳤으며, 일본이 삼한과 교류하는 문호로서, 일본에서는 항상 조선반도의 남부에 있는
가라 등 여러 나라들을 총칭하여 임나라고 부르게 되었다. 따라서 옛날부터 임나에는 광의(廣義)와 협의(狹義)의 두 가지 의미가 있다는 것을
알아야 한다. 본서에서는 김해에 있던 나라를 가라(加羅)라고 이르고, 임나는 넓은 의미에서 임나 제국들을 이를 때에 한하여 사용한다.
‘가라’라는 것은 원래 한족(韓族)의 거주지를 일컫는 말이지만, 그 가운데 마한과 진한의 거주지는 백제, 신라의 두 나라가 되었으며, 이 두
나라의 어디에도 통합되지 않은 지방에는 ‘무슨무슨 가라’라는 이름의 작은 나라들이 많이 남아 있었다. 김해의 가라국도 그중 하나였다.
일본에서는 이 ‘가라’라는 이름을 후대(後代)에 이르러 더욱 광범위하게 사용하여, 조선과 땅이 닿아 있는 중국도 포함하게 되었다.

 스사노오노미코토(素戔鳴尊)의 사적(事蹟)

스사노오노미코토(素戔鳴尊)께서 한국에 건너가신 사적(事蹟)은 『일본서기』의 「신대(神代)」 권(卷) ‘일서(一書)’에서 볼 수 있다. 그
내용은 다음과 같다.

‘일서’에서 말하기를, 스사노오노미코토의 소행(所行)은 예의가 없었다. 여러 신들이 치카라노오기도(千座置戶)의 벌을 내리고, 마침내 그를
쫓아내셨다. 이때 스사노오노미코토가 그의 아들인 이타케루신(五十猛神)을 데리고 신라국에 내려가서 소시모리(曾尸茂梨)라는 곳에 거주하셨다.
그런데 흥이 나서 말하기를, “이 땅에서는 내가 살고 싶지 않다.”라고 했다. 따라서 흙으로 배를 만들어, 거기에 타고 동쪽 바다를 건너,
이즈모국(出雲國) 히카와(簸川上)에 있는 도리카미노다케(鳥上之峯)에 도착했다.

 임나국(任那國)의 조공(朝貢)

임나국이 조공을 한 사실은 『일본서기』에서 볼 수 있다. 다음과 같다.

스진(崇神) 천황 65년 가을 7월에, 임나국이 소나카시치(蘇那曷叱知)를 보내 조공했다. 임나는 쓰쿠시국(筑紫國)과 2천여 리 떨어져 있다.
북쪽은 바다로 막혀 있으며, 계림(雞林)의 서남쪽에 있다.

 아메노히보코(天日槍) 전설

아메노히보코(天日槍)가 돌아온 것은 『일본서기』의 「스이닌(垂仁) 천황 3년 봄 3월의 항목 주기(註記)에 기록되어 있다. 다음과 같다.

처음에 아메노히보코(天日槍)가 배에 타고 하리마국(播磨國)에 정박했다. 시사하읍(肉粟邑)에 있을 때, 천황 미와노키미(三輪君)가 조(祖)인
오호토모누시(大友主)와 야마토노아타이(倭直)의 조(祖)인 나가나이치(長尾市)를 하리마노에 보내, 아메노히보코에게 “너는 누구이며, 또 어느
나라 사람인가?”라고 물었다. 아메노히보코가 대답하기를, “저는 신라국 군주의 아들입니다. 그런데 일본국에 성황(聖皇)이 계신다는 말을
듣고, 곧 제가 나라를 동생인 지고(知古)에게 주고 귀화해 왔습니다.”라고 했다. 【중략】 이때 아메노히보코가 아뢰기를, “만약
천은(天恩)을 내리셔서 신이 진정 원하는 땅을 신(臣)이 살 곳으로 주신다면, 신이 직접 여러 나라들을 돌아보고, 곧 신이 마음에 드는 곳을
주셨으면 합니다.”라고 했다. 이에 그 말을 들어주셨다. 그리하여 아메노히보코는 우지(菟道) 강으로부터 거슬러 올라가, 북쪽
오미국(近江國)의 아나읍(吾名邑)에 들어가 잠시 살았다. 다시 오미국으로부터 와카사국(若狹國)을 거쳐 서쪽의 다지마국(但馬國)에 도착하여,
곧 살 곳을 정했다. 이리하여 오미국의 경곡도(鏡谷陶)라는 사람은 아메노히보코의 종인(從人)이 되었다. 그 아메노히보코는 다지마국
이즈시(出石) 사람인 후도미미(太耳)의 딸인 마타오(麻多烏)를 아내로 맞아 다지마국의 찌로쓰히(諸助)를 낳았다. 찌로쓰히는 다지마의
히나라키(日楢杵)를 낳았다. 히나라키는 기요히코(淸彦)를 낳았다. 기요히코는 다지마모리(田道間守)를 낳았다.

 2. 삼한(三韓)

   교수요지(敎授要旨)
   강의요령[說話要領]
   주의(注意)
   비고(備考)

【제3 「야마토 타케루노미코토(日本武尊)」이후】

 교수요지(敎授要旨)

본과(本課)에서는 주로 신라, 고구려, 【또는 고려(高麗)라고도 한다.】 백제 삼국의 성립과 함께 상호 관계에 관해 가르친다. 또 고구려는
만주에 있는 한 종족인데, 만주와 함께 조선반도 북부에 있던 여러 종족들을 통일하고, 반도를 잠식하면서 점차 남하했으며, 이에 반해 반도의
남부에 있던 한족(韓族)들은 아직 통일되지 못했다. 그중에서 백제는 우선 고구려와 충돌하여 분쟁이 끊일 때가 없었으며, 신라는 항상 그
이웃인 임나(任那) 제국(諸國)들을 정복하여, 반도 안에서는 항상 동요했으며, 그 영향은 곧바로 일본에도 미치는 형세였다. 이리하여
주아이(仲哀) 천황 【제14대】 은 먼저 규슈(九州)를 평정하려고 친히 직접 정벌하셨으며, 진구(神功) 황후는 나아가 신라를 정복하여, 임나
제국을 보호하고 평화를 유지하는 데 힘쓰셨다는 것을 알게 함으로써, 『심상소학 일본역사』 권1 제4 「진구 황후」와 연결시켜야 한다.

 강의요령[說話要領]

   신라의 시조  
   고구려의 시조
   백제의 시조
   고구려와 백제의 관계
   일본과 임나 제국의 관계

 신라의 시조

신라의 시조를 박혁거세(朴赫居世)라고 하는데, 이 왕의 즉위는 스진(崇神) 천황 【제10대】 시대에 해당한다. 나라의 도읍은 지금의
경주(慶州) 【경상북도】 였다. 제4대 왕인 석탈해(昔脫解)는 원래 일본에서 온 사람이라고 한다. 신라의 왕가(王家)에는 박씨(朴氏),
석씨(昔氏) 외에 김씨(金氏)가 있다.

 고구려의 시조

고구려의 시조를 주몽(朱蒙)이라고 한다. 그가 즉위한 것도 역시 스진 천황 시대이다. 나라의 도읍은 만주에 있었으며 그 위치가 명확하지는
않지만, 후에 압록강 중류에 가까운 곳으로 옮겼다.

 백제의 시조

주몽의 장자(長子)는 아버지의 뒤를 이었지만, 장자의 배다른 동생인 온조(溫祚)는 화(禍)가 자신에게 미칠 것을 두려워하여, 따르는 신하들을
거느리고 마한(馬韓)의 영토로 들어와 백제국을 세웠으며, 마침내 마한을 멸망시키고 그곳을 통일했다. 이때가 바로 스이닌(垂仁) 천황
【제11대】 시대에 해당한다. 그 나라가 도읍한 곳은 보통 직산(稷山) 【충청남도】 이라고 한다. 【4. 일본부(日本府) 1의 비고 5
「백제와 고구려의 수도」 참조】

 고구려와 백제의 관계

고구려는 처음에는 중국에 복속되었지만, 점차 강성해져서 동쪽으로는 일본해(日本海)부터 서쪽으로는 요하(遼河)에 이르기까지 그 지역에 있는
여러 종족들을 정복하고, 다시 조선반도의 북부를 쳐들어가 중국의 군령(郡領)을 잠식했다. 이 무렵 중국의 군령은 크게 쇠퇴했기 때문에,
백제는 중국을 도와 고구려와 싸웠다. 그 사이에 고구려 왕 【제16대 고국원왕(故國原王)】 은 백제 왕에게 공격을 받았는데, 유시(流矢)에
맞아 사망했기 때문에, 두 나라는 영원히 화해할 수 없는 적국이 되었다. 【4. 일본부(日本府) 1의 비고 1 「광개토왕 이전의 고구려」
참조】

 일본과 임나 제국의 관계

신라는 그 서남 지역에 있는 임나 제국을 정복하려고 끊임없이 가라국(加羅國)과 싸웠다. 그리하여 가라는 스진 천황 때 사신을 일본에 보내
도움을 요청했으며, 일본은 장수를 파견한 적이 있다. 또 이 무렵에 지금의 규슈 지방은 아직 널리 일본 조정(朝廷)의 교화[皇化]가 미치지
못했고, 동쪽에서는 구마소[熊襲]라는 종족이 살고 있는 지방이 있었고, 서쪽에도 역시 조정에 복속되지 않은 사람들이 있어서 조선반도의 남부와
서로 왕래하고 있었다. 그러므로 신라를 비롯한 이들 여러 소국들 간의 분쟁은 곧바로 일본에 커다란 영향을 미쳤다. 주아이 천황 【제14대】
때 구마소는 또한 반란을 일으켰으므로, 천황은 이를 평정하려고 황후와 함께 군대를 이끌고 규슈에 행차하셨지만, 불행히도 천황께서는
군중(軍中)에서 돌아가셨다. 그런데 황후는 천황의 뜻을 이어 규슈 전체를 평정하셨을 뿐만 아니라, 다시 친히 바다를 건너 신라를 정복하고
굴복시키고, 또한 장수를 파견하여 임나 제국들을 평정하고 보호하심으로써, 내외 평화의 유지에 힘쓰셨다. 이리하여 일본의 국위(國威)는 비로소
해외에서 빛나자, 백제와 고구려 두 나라도 사신을 보내 조공하고, 함께 속국의 예를 갖추었다.

 주의(注意)

(1) 본과(本課)에서는 보통학교 『국어독본』 권4 제22과 「알[卵]에서 태어난 왕」을 참조해야 한다.

(2) 진구(神功) 황후가 신라를 정벌하고 아울러 백제와 고구려를 복속시킨 것에 대해서는, 『심상소학 일본역사』 권1 제4 「진구 황후」에
의거하여 가르쳐야 한다.

 비고(備考)

   신라국 시조 전설
   석탈해 전설
   호공(瓠公) 전설
   김알지(金閼智) 전설
   고구려국 시조 전설
   백제국 시조 전설
   고구려의 국명(國名)

 신라국 시조 전설

신라국의 시조 박혁거세의 전설은 『삼국사기』에 기록되어 있는데, 다음과 같다.

처음에 진한(辰韓) 육부(六部)의 하나인 고허(高墟)의 촌장 소벌공(蘇伐公)이 양산(楊山)을 바라보니, 나정(蘿井)의 옆에 있는 숲 사이에
말이 있었는데, 무릎을 꿇은 채 울고 있었다. 곧 그곳으로 가서 살펴보니, 홀연 그 말은 보이지 않고 단지 큰 알이 있었다. 이를 쪼개니
갓난아이가 나왔다. 곧 그를 거두어 길렀다. 10여 세가 되자 총명하고 조숙했다. 육부의 사람들은 그가 태어난 것이 신기했으므로 그를
받들었는데, 이때에 이르러 임금으로 옹립했다. 진한 사람들은 ‘호(瓠)’를 ‘박(朴)’이라고 했다. 처음에는 큰 알이 박처럼 생겼으므로
‘박(朴)’을 성으로 삼았다.

 석탈해 전설

석탈해(昔脫解)는 신라 왕가(王家)인 석씨(昔氏)의 조상이다. 그에 관해 『삼국사기』에 기록되어 있는 부분은 다음과 같다.  
  
석탈해는 원래 다파나국(多婆那國)에서 태어났다. 그 나라는 왜국(倭國)의 동북쪽 1천 리(里) 되는 곳에 있었다. 처음에는 그 국왕이
여국왕(女國王)의 딸을 아내로 맞아들였다. 왕비는 임신한 지 7년 만에 큰 알을 낳았다. 왕이 말하기를, “사람이 알을 낳은 것은 불길한
징조다. 마땅히 이를 버려야 한다.”라고 했다. 그의 아내가 차마 그러지 못하고, 비단으로 알을 싸서 보물과 함께 궤짝 속에 넣어 바다에
띄워 보냈다. 처음에 금관국(金官國) 【가라국】 의 해변에 도착했다. 금관국 사람이 이를 이상하게 여겨 거두지 않았다. 다시 진한(辰韓)의
아진포구(阿珍浦口)에 도착했다. 이때가 시조 박혁거세가 재위한 지 39년째 되는 해였다. 이때 해변의 늙은 여인이 밧줄을 이용하여 궤짝을
해안으로 끌어내고 열어 보니, 한 아이가 있었다. 그 여인은 이 아이를 데려다 길렀다. 청년이 되자 키가 9척(尺)이고 풍채가 뛰어나며
지식이 보통사람보다 뛰어났다. 어떤 사람은 말하기를, “이 아이의 성(姓)을 알 수 없다. 처음에 궤짝에 떠내려 왔을 때, 한 마리의
까치[鵲]가 있었는데, 날아가면서 울었기에 이에 따른다. 마땅히 ‘鵲’자를 줄여 ‘昔’을 성씨로 삼아야 한다. 또 궤짝 속에 깊숙이 들어
있는 것을 꺼냈다. 그러니 마땅히 ‘탈해(脫解)’를 이름으로 삼아야 한다.”라고 했다. 탈해는 처음에 고기잡이를 직업으로 삼아 그 어머니를
공양했다. 예전부터 일찍이 게을리한 적이 없었다. 어머니는 말하기를, “너는 보통 사람이 아니다. 모습이 특이하다. 그러니 마땅히 학문을
닦아 공명(功名)을 세워야 한다.”라고 했다. 이리하여 오로지 학문에 전념했으며, 또한 지리(地理)를 익혔다. 양산(楊山) 아래 있는
호공(瓠公)의 집을 보고 길지(吉地)라고 여겨, 계책을 부려 그 집을 얻은 뒤 거기에 살았다. 그 곳이 후에 월성(月城)이 되었다.
남해왕(南海王) 【제2대】 5년이 되자, 그의 딸을 아내로 맞이했다. 7년이 되자 등용되어 대보(大輔)가 되었고, 정사를 맡게 되었다.
유리(儒理) 【제4대】 가 곧 세상을 떠날 무렵에 말하기를, “선왕(先王)께서 명하여 당부하시기를, ‘내가 죽은 후에 사위에게 논하지 말고,
나이가 많고 또한 현명한 사람으로 하여금 왕위를 계승하게 하라.’라고 하셨다. 이리하여 과인(寡人)이 먼저 왕위에 올랐다. 이제 마땅히 그
지위를 전해야만 한다.”라고 하셨다.

 호공(瓠公) 전설

석탈해 때 대보(大輔)가 된 호공(瓠公)도 역시 일본인이었다. 이에 관해 『삼국사기』에 기록되어 있는 부분은 다음과 같다.

박혁거세 38년 봄 2월, 호공을 보내 마한에서 맞이했다. 【중략】 호공은 아직 그 족성(族姓)을 알지 못했다. 그는 원래 왜인(倭人)이다.
처음에 박[瓠]을 허리에 묶고 바다를 건너왔다. 따라서 ‘호공(瓠公)’이라고 불렀다.

석탈해 2년 봄 정월에 호공을 대보(大輔)에 임명했다.

 김알지(金閼智) 전설

김알지(金閼智)는 신라 왕가(王家) 김씨(金氏)의 시조이다. 그에 관해 『삼국사기』에 기록되어 있는 부분은 다음과 같다.

석탈해 【제3대】 9년 봄 3월에, 왕이 밤에 금성(金城)의 서쪽 시림(始林)의 숲 속에서 닭이 우는 소리를 듣고, 날이 밝기를 기다렸다가
호공을 보내 그곳을 살펴보게 했다. 그러자 금색의 작은 궤짝이 나뭇가지에 걸려 있고, 그 아래에 흰 닭이 울고 있었다. 호공이 돌아와서
이러한 사실을 보고했다. 왕은 사람을 시켜 궤짝을 가져오게 하여 이를 열어 보니, 어린 사내아이가 그 안에 있었다. 자태와 모습이 뛰어나게
훌륭했다. 임금께서 기뻐하며 좌우 대신들에게 이르기를, “이는 어찌 하늘이 내게 내려준 아들이 아니겠는가?”라고 했다. 이에 그 아이를
거두어 길렀다. 아이는 성장하니 총명하고 지략이 뛰어났다. 그리하여 알지(閼智)라고 이름을 짓고, 그가 금궤(金櫃)에서 나왔으므로
김씨(金氏)를 성으로 삼았다. 시림을 계림(雞林)이라고 고쳤으며, 따라서 이를 국호(國號)로 삼았다.

【김알지의 7대손인 김미추(金味鄒)는 비로소 제13대 왕에 올랐다. 그 후의 신라국 왕들은 대체로 모두 김씨가 되었다.】

 고구려국 시조 전설

고구려국의 시조 주몽(朱蒙)의 전설은 『삼국사기』와 더불어 광개토왕비문에 근거하면 다음과 같다.

하백(河伯)의 딸 유화(柳花)는, 스스로 천제(天帝)의 아들이라고 하는 사람과 사통(私通)했다. 부여왕(扶餘王) 금와(金蛙)는 유화를 얻어
한 방 속에 유폐시켰는데, 햇빛을 받고 하나의 알을 낳았다. 그 알에서 한 사내아이가 껍질을 깨고 나왔다. 그 골격과 외모가 빼어나고 기이한
것이 보통 아이들과 달랐다. 어려서 스스로 화살을 만들어 그것을 쏘면 백발백중이었다. 부여 사람들은 활을 잘 쏘는 사람을 주몽(朱蒙)이라고
했다. 따라서 그것이 이름이 되었다. 금와는 아들이 일곱 명 있었다. 항상 주몽과 놀이를 했는데, 그 기예의 솜씨는 모두 주몽에 미치지
못했다. 장자(長子)인 대소(帶素)가 왕에게 말하기를, “주몽은 사람이 낳은 것이 아닙니다. 그가 사람이 되자 용감해졌습니다. 만약 일찍이
일을 도모하지 않는다면, 필시 후환이 있을 것입니다. 청컨대 그를 제거하십시오.”라고 했다. 왕자와 여러 신하들도 그를 죽이려고 모의했다.
주몽의 어머니는 몰래 그것을 알아채고 주몽에게 알려 주었다. 이에 주몽은 그의 친구 세 명과 나라를 도망쳐, 엄체수(淹遞水)를 건너려고
했는데 다리가 없었다. 주몽은 물을 향하여 말하기를, “나는 이곳 천제(天帝)의 아들이자, 하백(河伯)의 외손자이다. 나를 위해 다리를
놓아라.”라고 했다. 이때 물고기와 자라들이 그 소리에 응하여 떠올라와 다리를 놓으니, 건널 수 있었다. 주몽은 이 기적으로 다행히 뒤쫓던
기병들에게 붙잡히는 것을 면했으며, 마침내 졸본천(卒本川) 유역에 이르러 나라를 세웠다. 나라를 고구려(高句麗)라고 불렀으며, ‘고(高)’를
성씨로 삼았다.

 백제국 시조 전설

백제국의 시조인 온조(溫祚)의 전설은 『삼국사기』에 따르면 다음과 같다.

주몽은 북부여(北扶餘)로부터 난을 피해 졸본부여(卒本扶餘)에 왔다. 부여의 왕은 아들이 없었다. 단지 세 명의 딸만 있었다. 주몽이 보통
사람이 아니라는 것을 알고, 둘째 딸을 그에게 아내로 삼게 했다. 얼마 지나지 않아 부여 왕이 세상을 떠나자 주몽이 왕위를 계승하여, 두
아들을 낳았다. 장남을 비류(沸流)라고 불렀고, 차남을 온조라고 불렀다. 그러는 사이에 주몽이 북부여에 있을 때 낳은 아들 유리(類利)는
그의 어머니와 함께 부여를 도망쳐 돌아왔다. 왕은 이를 기뻐하고, 유리를 태자로 삼았다. 비류와 온조 두 사람은 태자를 두려워하여, 그들과
가까운 신하 10여 명과 함께 백성들을 거느리고 나라를 떠나 남쪽으로 갔으며, 마침내 한산(漢山)에 이르렀다. 부아악(負兒嶽) 【경성의
북쪽에 있는 삼각산】 에 올라 살 만한 땅을 살펴보고, 한수(漢水)의 남쪽 위례성(慰禮城)에 도읍을 정하고, 나라를 백제(百濟)라고 했다.
그의 세계(世系)는 고구려와 마찬가지로 부여(扶餘)에서 나왔다. 따라서 부여를 성씨로 삼았다.

 고구려의 국명(國名)

고구려의 국명(國名)은 일본에서는 보통 고려(高麗)라고 쓰며, ‘고마(こま)’라고 읽는다. 조선의 역사 서적에서는 반드시
‘고구려(高句麗)’라고 쓰며, 중국의 역사 서적은 옛날에는 ‘고구려(高句驪)’ 또는 ‘고구려(高句麗)’라고 쓰며, 또는 줄여서
‘구려(句驪)’ 혹은 ‘구려(句麗)’라고 쓰고, 가끔 ‘고려(高麗)’라고도 한다. 그런데 후에는 ‘고려(高麗)’라고 쓰는 것이 보통이다.
본서에서는 편의상 모두 ‘고구려(高句麗)’라고 한다.

 3. 문학(文學), 불교(佛敎), 공예(工藝)

   교수요지(敎授要旨)
   강의요령[說話要領]
   주의(注意)
   비고(備考)

【제4 「진구(神功) 황후」 이후】

 교수요지(敎授要旨)

본과는 『심상소학 일본역사』 권1 제4 「진구(神功) 황후」의 마지막 절인 ‘학문과 기예의 전래’를 보충하는 것이다. 따라서 중국의 문화가
먼저 조선반도에 전해지고, 다시 본국[內地]에 전파되는 양상에 대해 가르쳐야 한다.

 강의요령[說話要領]

   문학(文學)의 전래
   고흥(高興)과 왕인(王仁)
   불교의 전래
   일본에 불교가 전해지다
   공예(工藝)의 전래

 문학(文學)의 전래

삼국(三國) 가운데 중국에 가장 가깝고, 또한 일찍부터 중국과 교류했던 것은 고구려였다. 그러므로 중국의 문학은 가장 일찍 고구려에
전래되었다. 이 나라가 일본에 조공할 무렵에는 이미 태학(太學)도 설립되었다.

 고흥(高興)과 왕인(王仁)

백제는 고구려보다 늦어 일본에 복속될 무렵까지는 아직 문자로 기록한 적이 없었는데, 고흥(高興)이라는 박사를 얻고 나서야 비로소 기록이
시작되었다. 또 그 무렵 백제는 왕인(王仁)이라는 학자를 일본에 보냈는데 이때 백제의 왕은 『논어(論語)』와 『천자문(千字文)』을 일본의
조정에 헌상(獻上)했다. 이것이 일본에 한학(漢學)이 전래된 시초인데, 즉 오진(應神) 천황 【제15대】 시대였다. 천황은 왕인 등에게
명하여 기록을 관장하도록 하셨다. 왕인의 조상은 중국인으로, 조부(祖父) 때부터 백제에 들어와 살았다. 고흥은 어디 사람인지 분명치 않지만,
그도 아마 중국에서 온 사람인 듯하다.

신라는 고구려와 백제에 비해 중국과 훨씬 멀리 떨어져 있었으므로, 문학의 전래도 역시 두 나라보다 늦었다.

 불교의 전래

불교도 역시 처음에 북중국으로부터 고구려에 전래되었다. 그보다 약간 늦게 남중국으로부터 백제에 들어왔다. 둘 다 닌토쿠(仁德) 천황 시대에
해당된다. 신라에는 고구려에서 승려가 온 적이 있다는 것을 믿는 사람이 없었지만, 그 후 불교가 점차 행해져 법흥왕(法興王) 【제23대】
때에 이르러 비로소 왕성해졌다. 이는 불교가 고구려·백제에 들어온 때부터 140~150년 후의 일이다.

 일본에 불교가 전해지다

그 후 20여 년이 지나, 긴메이(欽明) 천황 【제29대】 시대에 백제의 성왕(聖王) 【제26대】 은 불상 및 경론(經論)을 바쳤으며,
불교는 이때부터 일본에 전해졌다. 이때가 신라에서는 법흥왕에 이어 진흥왕(眞興王) 【제24대】 때가 되었으며, 이 나라에서도 불교가 점차
왕성해진 때이다.

 공예(工藝)의 전래

학문과 불교가 중국으로부터 삼국에 전래된 상황을 보면, 각종 공예도 역시 중국으로부터 전래된 것이 많다는 것은 의심의 여지가 없다. 삼국이
일본에 복속된 후에는, 학문과 불교 외에 이러한 공예는 다시 일본에 전해져, 문화의 발달에 크게 도움이 되었다.

 주의(注意)

본과에서는 보통학교 『국어독본』 권5 제11 「오진(應神) 천황」을 참조해야 한다.

 비고(備考)

   삼국 문학의 전래
   왕인(王仁)의 내조(來朝)
   삼국 불교 전래의 기사(記事)
   삼국의 공예 전래

 삼국 문학의 전래

삼국의 문학 전래에 관해 『삼국사기』에 기록된 부분은 다음과 같다.

(1) 소수림왕(小獸林王) 2년 여름 6월에, 태학(太學)을 세우고 자제들을 교육했다.

【소수림왕은 고구려 제17대 왕으로, 그 2년은 닌토쿠 천황 60년에 해당된다.】

(2) 근초고왕(近肖古王) 말년, 즉 30년 조목에 왕의 훙거(薨去)에 이어 기록하기를, “옛 기록에서 말하기를, 백제는 개국 이래 아직
문자로써 사건을 기록한 적이 없다. 이때에 이르러 박사(博士) 고흥(高興)을 얻고서야 비로소 기록을 했다. 그렇지만 고흥은 아직 여전히 그
기록에 나타나지 않는다. 그가 어디 사람인지 알 수 없다.”라고 되어 있다.

【근초고왕은 백제 제13대 왕으로, 그 말년은 닌토쿠 천황 63년에 해당한다. 고흥에 관한 사항을 이 왕의 기사의 말미에 기록한 것은, 그
연대가 확실치 않고, 대체로 이 왕 때라고 여겨지기 때문이다.】

(3) 【신라에 관해서는 지증왕(智證王) 4년에, 비로소 국명을 신라로 정하고, 왕을 신라국왕이라고 칭했다는 사실이 보이는 것 외에, 문학의
전래에 관한 기사는 없다. 지증왕 4년은 부레쓰(武烈) 천황 5년에 해당한다.】

 왕인(王仁)의 내조(來朝)

왕인(王仁)의 내조(來朝)에 관해 『일본서기(日本書紀)』에서 기록하고 있는 부분은 다음과 같다.

오진(應神) 천황 15년 8월 정묘(丁卯)일, 백제 왕은 아직기(阿直岐)를 보내 좋은 말 2필을 바쳤다. 그것을 곧 가루(輕)의
사카노우에(坂上)에 있는 마구간[廐]에서 길렀으며, 아직기로 하여금 맡아 기르도록 했다. 따라서 그 말을 기르는 곳을 무마야사카(廐坂)라고
불렀다. 아직기도 역시 경전(經典)을 읽을 수 있었다. 그리하여 곧 태자인 우치노와카이라츠도(菟道稚郞子)의 스승으로 삼으셨다. 이때 천황이
아직기에게 묻기를, “만약 너희 나라에 뛰어난 박사가 있느냐?”라고 했다. 아직기가 대답하기를, “왕인(王仁)이라는 자가 있는데 그자가
뛰어납니다.”라고 했다. 이때 카미츠노케누노키미(上毛野君)의 조상인 아라타와케(荒田別)와 카나키와케(巫別)를 백제에 보내 왕인을 불러왔다.
아직기는 ‘아직키후무히도(阿直岐の史)’의 시조이다.

16년 봄 2월에 왕인이 왔다. 곧 태자 우치노와카이라츠도는 그를 스승으로 삼아, 여러 전적(典籍)들을 왕인에게 익히셨으며, 통달하지 않은
것이 없었다. 따라서 이른바 왕인은 바로 후미노오비토(書首) 등의 시조이다.

『고사기(古事紀)』의 「오진 천황」 조항에는 다음과 같이 되어 있다.

백제국의 임금 조고왕(照古王) 【근초고왕을 말한다.】 이 수말 한 필과 암말 한 필을 아지길사(阿知吉師)에게 바쳤다. 또한 횡도(橫刀) 및
대경(大鏡)을 바쳤다. 또 백제국에 만약 현인(賢人)이 있으면 바치라고 말씀하셨다. 그 명을 받고 바친 사람의 이름은 화이길사(和邇吉師)
【왕인을 가리킨다.】 이다. 즉 『논어』 10권과 『천자문』 1권을 합쳐 11권을 이 사람에게 보내 바쳤다.

또 왕인의 조상에 관해서는 『속일본기(續日本記)』에 다음과 같은 내용이 있다.

한(漢)나라 고조(高祖)의 후손 중에 난(鸞)이라는 사람이 있었다. 난의 후손인 왕구(王狗)는 다시 백제에 왔다. 구소왕(久素王)
【‘구소(久素)’는 또한 ‘귀수(貴須)’라고도 쓴다. 모두 근초고왕 다음의 구수왕(仇首王)을 가리킨다.】 때, 조정에서는 사신을 보내
문인(文人)을 불러왔다. 구소는 곧 구(狗)의 손자인 왕인을 바쳤다.

 삼국 불교 전래의 기사(記事)

삼국의 불교 전래에 관해 『삼국사기』에 기록된 부분은 다음과 같다.

(1) 소수림왕 2년 여름 6월에, 진(秦)나라 왕 부견(苻堅)이 사절 및 부도순도(浮屠順道)를 보내, 불경(佛經)과 경문(經文)을 보냈다.
왕은 사신을 보내 감사를 표시하고, 방물(方物)을 바쳤다.

【소수림왕에 대한 것은 본과 비고 1 「삼국 문학의 전래」에 있다.】

(2) 침류왕(枕流王) 원년 가을 9월에, 호승(胡僧) 마라난타(摩羅難陀)가 진(晉)나라에서 왔다. 그를 왕궁 안에서 맞이하여 경건한
마음으로 예배했다. 불법(佛法)이 이때 시작되었다.

【침류왕은 백제 제15대 왕으로서, 그 원년은 닌토쿠(仁德) 천황 72년에 해당한다. 소수림왕 2년과 2년 차이가 있다. 이때 중국은
남북으로 분열되어, 북쪽은 진(秦)이었고, 남쪽은 동진(東晉)이었다. 그런데 불법은 고구려에는 북쪽의 진나라로부터 들어갔고, 백제에는 남쪽의
동진으로부터 전래되었다.】

(3) 법흥왕(法興王) 15년에 처음으로 불법을 행했다. 처음에 눌지왕(訥祗王) 때 승려 묵호자(墨胡子)가 고구려에서 일선군(一善郡)으로
왔다. 이 군(郡) 사람들은 모례(毛禮)의 집안에 굴을 파고 그를 안치했다. 【중략】 갑작스러워 돌아갈 곳을 알 수 없었다. 비처왕(毘處王)
때에 아도화상(阿道和尙)이 도착했다. 시자(侍者) 세 명과 함께 역시 모례의 집에 왔다. 그 모습이 묵호자와 비슷했다. 머문 지 수년 만에
병이 나 죽었다. 그 시자 세 명은 남아서 살면서, 경률(經律)을 강독했다. 이따금 이들을 신봉하는 사람들이 있었다. 이때 왕도 역시 불교를
일으키려고 했다. 여러 신하들은 불교를 믿지 않고, 이러저러한 말들이 많았다. 왕은 이를 책망했다. 가까운 신하인 이차돈(異次頓)이 상주하여
말하기를, “청컨대 소신(小臣)을 참수하심으로써, 여러 사람들의 일치된 의견을 정하시옵소서.”라고 했다. 【중략】 마침내 관리에게 명하여 막
그를 죽이려고 했다. 이차돈은 죽음을 맞이하면서 말하기를, “나는 법(法)을 위해 형(刑)을 받는다. 부처가 만약 신이라면, 내가 죽을 때
반드시 이상한 일이 있을 것이다.”라고 했다. 그를 참수하자 피가 끊임없이 솟구쳤다. 그런데 피의 색깔이 하얀 우유와 같았다. 많은 사람들이
이를 이상하게 여겨, 다시 불사(佛事)를 비난하고 헐뜯지 않았다.

【눌지왕은 신라 제19대 왕이고, 비처왕은 제21대 소지왕(炤知王)의 다른 이름이다. 법흥왕은 제23대 왕으로서, 그 15년은 고토바(繼體)
천황 22년에 해당한다. 백제 침류왕 원년으로부터 144년 후이다. 또 백제가 일본에 불상(佛像)과 경론(經論)을 바친 긴메이(欽明) 천황
13년은 신라 법흥왕 15년으로부터 겨우 24년 후이다.】

 삼국의 공예 전래

공예의 전래에 대해서는 『심상소학 일본역사』 교사용에 상세하게 설명되어 있으므로 이는 생략한다.

 4. 일본부(日本府) 1

   교수요지(敎授要旨)
   강의요령[說話要領]
   비고(備考)

【제6 「모노노베씨(物部氏)와 소가씨(蘇我氏)」 이후】

 교수요지(敎授要旨)

본과에서는 일본부(日本府)를 중심으로 신라, 고구려, 백제 삼국이 균형을 이루어 정립(鼎立)하고 있던 시대의 상황을 가르치며, 북쪽에서
일어난 고구려에 맞서, 한족(韓族)의 여러 나라들이 일본의 힘으로 그 국가를 보전했다는 것을 알려 주어야 한다.

 강의요령[說話要領]

   일본과 삼국(三國)의 관계
   광개토왕(廣開土王)
   삼국의 수도

 일본과 삼국(三國)의 관계

진구(神功) 황후는 신라를 친히 정벌하시고 그를 복종시키신 다음, 고구려와 백제 두 나라도 복속시켰다는 것은 이미 서술했다. 이때 조정은
일본부를 임나(任那)에 설치하고, 장군을 보내 장(長)으로 삼아 한족(韓族)의 영토를 다스리셨다. 신라, 고구려, 백제의 삼국은 모두 일본에
조공했는데, 특히 신라와 백제 두 나라는 왕족을 일본의 조정에 볼모로 보냄으로써, 속국의 예를 다하는 성의를 보였다.

 광개토왕(廣開土王)

그 다음으로 삼국의 상호 관계를 설명하는데, 만주에 있던 고구려는 점차 조선반도에 있던 중국의 군령(郡領)을 잠식하여 점점 강대해졌다.
닌토쿠(仁德) 천황 【제16대】 무렵, 고구려에서는 광개토왕 【제19대】 이 왕위에 올랐는데, 이 왕은 매우 용맹하여 왕성하게 국토를
사방으로 넓혔으며, 반도에서는 주로 백제와 싸워 그 영토를 빼앗았다. 광개토왕이 세상을 떠나자 그의 아들 장수왕 【제20대】 이 즉위했으며,
아버지의 뜻을 이어받아 더욱 백제의 땅을 빼앗고, 백제의 수도인 한성(漢城) 【지금의 경기도 광주】 을 함락시키고, 백제의 왕인 개로(蓋鹵)
【제21대】 를 사로잡아 참수하여, 한강 남북의 땅을 빼앗았다. 이리하여 고구려의 영토는 한강 이남의 충주(忠州) 근방에까지 미쳤으니,
지금의 충청북도 대부분과 충청남도의 일부까지도 고구려의 지배하에 두게 되었다. 신라는 광개토왕 때 볼모를 고구려에 보내 우호관계를 맺었지만,
이때에 이르러 고구려를 크게 두려워하여, 백제와 손을 잡고 서로 함께 고구려를 방어했다. 이러한 형세에 이르게 되자, 신라와 백제는 어쩌면
고구려에 의해 멸망을 당하게 될지도 모른다고 생각하게 되었다. 그렇지만 다행스럽게도 이 재난을 면하게 해 준 것은 일본의 세력을 쉽게 움직일
수 있었기 때문이다.

 삼국의 수도

백제는 고구려의 남하로 공격을 받아 수도가 함락되었으며, 왕이 살해되고 땅을 잃어 국가가 곧 망하게 되었지만, 일본의 도움으로 겨우 그
나라를 유지할 수 있었다. 도읍을 한성(漢城)에서 웅진(熊津) 【지금의 충청남도 공주】 으로 옮겼는데, 그 후 나라가 점차 쇠약해져 다시
도읍을 사비(泗沘) 【사비는 ‘사비(泗沘)’ 또는 ‘사비(泗泚)’라고도 쓴다. 지금의 충청남도 부여】 로 옮겼다. 긴메이(欽明) 천황 시대에
불상과 경론을 일본에 바친 것도 이 무렵의 일이다. 다음으로 그 두 나라의 수도에 대해 한마디 하자면 다음과 같다. 고구려의 수도는 처음에는
만주 땅에 있다가 여러 차례 바뀌었는데, 위에서 서술한 바와 같이 장수왕 때 조선반도의 대부분이 그 영토가 되었으므로, 도읍을 남쪽으로
옮겼으며 그때부터 변하지 않았다. 또 신라의 수도는 처음부터 경상북도에 있었으며 끝까지 변한 적이 없다.

 비고(備考)

   광개토왕 이전의 고구려
   광개토왕의 사적(事蹟)
   장수왕 시대의 삼국의 형세
   일본의 백제 구원
   백제·고구려의 수도

 광개토왕 이전의 고구려

고구려의 영토는 만주에 있었기 때문에 항상 중국의 영향을 자주 받았는데, 중국의 삼국시대에는 위(魏)나라 장수 관구검(毋丘儉)에게 토벌을
당했다. 이때가 동천왕(東川王) 【제19대】 20년이다. 이때 관구검이 공격하여 고구려의 수도인 환도성(丸都城)을 함락하고 그곳을 도륙하자,
왕은 도망쳐 북옥저(北沃沮) 【지금의 함경북도】 로 달아났지만, 오래지 않아 나라를 회복할 수 있었다. 이 일은 바로 오진(應神) 천황
시대에 해당한다. 그 후 약 50년이 지나, 중국은 서진(西晉) 말기에 이르렀는데, 이른바 오호십육국(五胡十六國)의 난이 일어나, 여러
오랑캐족들이 번갈아 가며 일어나 나라를 세우자, 고구려는 중국의 위력이 쇠약해진 틈을 타 그 군령(郡領)을 잠식했다. 미천왕(美川王)
【제15대】 때에는 조선의 북부에 있던 낙랑군(樂浪郡)은 이미 고구려의 소유가 되었고, 점차 남하하는 추세를 보였다. 그런데 고구려는 중국
북쪽에서 일어난 연(燕)나라와 국경을 접하고 있었기 때문에, 여러 차례 연나라의 침략을 받았다. 고국원왕(故國原王) 【제16대】 12년에는
환도성이 다시 파괴되고, 왕은 산골짜기로 도망쳤고, 그의 아버지인 미천왕의 시신과 함께 그의 생모(生母)는 적에게 잡혀 가는 재난을 당했다.
고국원왕 때는 고구려가 외환(外患)으로 가장 고통을 받던 때로, 그 왕 41년에는 백제 근초고왕(近肖古王)이 평양을 공격하여, 고구려의 왕이
나가 이를 막았지만 화살에 맞아 사망했다. 이상은 바로 닌토쿠(仁德) 천황 시대에 해당한다. 【2. 삼한(三韓) 참조】

 광개토왕의 사적(事蹟)

고국원왕(故國原王)부터 소수림왕(小獸林王), 【제17대】 고국양왕(故國壤王) 【제18대】 을 거쳐, 광개토왕(廣開土王) 【제19대】에
이른다. 광개토왕이 즉위한 것은 닌토쿠 천황 시대 말기에 해당한다. 광개토왕의 이름은 담덕(談德)이라고 하며 매우 용맹한 사람이었다. 이
왕과 그의 아들인 장수왕(長壽王)의 재위 기간은 중국의 혼란이 더없이 심한 시기였기 때문에, 점점 더 반도의 땅을 빼앗아 그 영토를 넓힐 수
있게 되었다.

광개토왕이 친히 사방을 공격하여 국토를 크게 확장한 것은, 현재의 만주 【성경성(盛京省) 집안현(輯安縣)】에 있는 광개토왕의 비문에 나타나
있다. 이에 의하면 왕은 주로 백제와 더불어 그를 도운 일본과 싸웠다. 최근의 고증(考證)에 의하면 이 왕 시기에 고구려와 백제 두 나라의
경계는 임진강 유역과 한강 유역의 중간에 있었던 것 같은데, 『삼국사기』에는 백제 진사왕(辰斯王) 【제16대】 본기에, “8년 가을 7월에,
고구려 왕 담덕(談德)이 통솔하는 병사 4만 명이 북비(北鄙)를 공격해 와, 석현(石峴) 등 10여 개 성들을 함락시켰다. 왕은 담덕이
군대를 이용하는 데 능하다는 말을 듣고, 나아가 막을 수 없었으니, 한수(漢水) 북쪽의 여러 부락들을 빼앗겼다. 【진사왕 8년은 광개토왕
원년이다.】 ”라고 되어 있으므로, 백제는 한강 이북에 있는 영토를 이때 많이 잃었다는 것을 알 수 있다. 또 강원도에 있던 예족(濊族)도
광개토왕 이전부터 고구려에 복속되었으므로, 그 영토는 신라와 인접하게 되었다. 때문에 이 왕 때 신라는 볼모를 보내 고구려와 우호를 맺었다.
『삼국사기』의 신라 내물왕(奈勿王) 【제17대】 본기에는 “37년 봄 정월에, 고구려가 사신을 보냈다. 왕은 고구려가 강성했으므로
이찬(伊湌) 대서지(大西知)의 아들 실성(實聖)을 볼모로 보냈다.” 【내물왕 37년은 광개토왕 원년이다.】 라고 되어 있다. 광개토왕은 재위
22년, 나이 39세에 세상을 떠났다. 이때가 인교(允恭) 천황 【제19대】 2년 【동진(東晉) 안제(安帝) 의희(義熙) 9년】 이다.
이듬해에 그를 산속의 능(陵)에 옮겨 매장했다. 집안현(輯安縣)에 현존하는 이 왕릉비(王陵碑)는 이 해로부터 가능한 오래지 않아 만들어졌을
터인즉, 실로 지금으로부터 1500여 년 전으로, 그 비문은 곧 당시의 문장으로 되어 있으므로, 매우 믿을 만한 가치가 있는
사료(史料)이다. 광개토왕이라는 호칭은 앞에서 기록한 비문에 “국강상광개토경평안호태왕(國岡上廣開土境平安好太王)”이라고 되어 있다.
‘국강상(國岡上)’은 왕을 매장한 지명이고, ‘광개토경평안호태(廣開土境平安好太)’는 그의 큰 업적[鴻業]을 일컫는 말이다. 호칭이 너무 길기
때문에 보통 줄여서 ‘광개토왕’ 또는 ‘호태왕’이라고 부르며, 고구려에서는 그때의 연호(年號)에 따라 ‘영락대왕(永樂大王)’이라고 존칭했다.

 장수왕 시대의 삼국의 형세

장수왕(長壽王) 【제20대】 은 광개토왕의 아들이다. 그의 아버지에 이어 즉위한 것은 인교(允恭) 천황 【제19대】 2년이다. 왕의
재위(在位)는 80년이나 오래 유지되었지만, 이 왕 때에 고구려는 이미 조선반도에 광대한 영토를 소유함으로써, 이 왕 35년에 수도를 만주의
국내성(國內城)에서 평양으로 옮기고, 다시 아버지의 뜻을 이어 더욱 국토를 넓혔다. 36년에 왕이 친히 병사 3만 명을 이끌고 백제를
침공하여, 그 수도인 한성(漢城)을 함락시켰으며, 그 왕인 개로(蓋鹵)를 사로잡아 참수했다. 이 전쟁의 결과로 백제는 한강의 남북에 있는
많은 영토를 잃었고, 고구려의 영토는 늘어나 경상북도의 북부인 죽령(竹嶺)에 다다랐으며, 오늘날의 충청북도 충주도 포함하여 이 도(道)의
대부분과 충청남도의 일부까지도 고구려의 영토에 편입되었다.

고구려의 압박을 받아 불안을 느낀 신라와 백제 두 나라는 장수왕이 수도를 평양으로 옮긴 6년 후 【신라 눌지왕 17년, 백제 비유왕 7년】
에 이르러, 종래의 적대적 감정을 버리고 화의를 맺고 힘을 합쳐 고구려를 방어했지만, 장수왕이 백제의 수도를 함락하여 그 영토가 한강
이남까지 크게 늘어나자, 갈수록 두 나라의 결합을 공고히 할 필요를 느꼈다. 이에 백제 왕은 신라에 혼인을 요청하자, 신라 왕은 딸을 보내
아내로 삼게 하였으니, 두 나라는 한층 친밀한 관계가 되었다. 그리하여 그 관계는 백수십 년 동안 지속되었다.

 일본의 백제 구원

광개토왕 때 일본은 백제를 지원하여 고구려와 싸웠지만, 그 후 백제는 장수왕의 침략을 받았으며, 마침내 개로왕(蓋鹵王) 【제22대】 때에는
수도가 함락되고 왕이 살해되었으며, 또한 막대한 토지를 잃어, 나라가 곧 망할 위급한 상황이 되었다. 이때가 유라쿠(雄略) 천황 19년이다.
천황은 즉시 개로왕의 아들 문주왕(文周王)을 도와 국가의 부흥을 꾀하셨다. 『일본서기(日本書紀)』에 따르면, ""유라쿠 천황 21년 봄 3월에
천황은 백제가 고려 【고구려】 에게 패했다는 말을 듣고 구마나리(久麻那利) 【웅진(熊津)】 를 문주왕(汶洲王) 【문주왕(文周王)】 에게 주어
그 나라를 구하여 일으켰다. 이때 사람들은 모두 말하기를, '백제국은 이미 망하여 창하(倉下)에 모여 걱정하고 있었지만, 실로 천황에게
의지하여 다시 그 나라를 만들었다.'""라고 하였다. 이에 따르면 백제는 일본을 의지한 정도가 특히 심했다는 것을 알 수 있다.

 백제·고구려의 수도

   백제
   고구려

삼국 가운데 백제와 고구려의 수도가 변천한 내용은 여러 책들에서 일치하지 않아 매우 혼동하기 쉽다. 따라서 아래에서 그에 대해 기록해 둔다.

 백제

시조인 온조(溫祚)가 처음으로 한수(漢水)의 남쪽에 있는 위례성(慰禮城) 【보통은 충청남도 직산(稷山)이라고 한다】 에 도읍을 정하고,
380년이 지나 제13대 근초고왕에 이르러 한성(漢城) 【지금의 경기도 광주(廣州)】 으로 도읍을 옮겼으며, 105년이 지나 제21대 개로왕
때, 고구려에 수도가 함락되고, 왕도 역시 사로잡혀 참수됨으로써, 그의 아들 문주왕은 도읍을 웅진(熊津) 【지금의 충청남도 공주(公州)】
으로 옮겼으며, 또 64년이 지나 제26대 성왕(聖王)은 사비(泗沘) 【지금의 충청남도 부여(扶餘)】 로 도읍을 옮겼다.

일설에는 시조인 온조가 도읍을 위례성에 정하고, 같은 왕 13년에 한산(漢山) 【지금의 경기도 광주】 으로 도읍을 옮겼으며, 근초고왕
26년에 북한성(北漢城) 【지금의 경성부(京城府)】 으로 옮겼다고 한다.

 고구려

시조 주몽은 처음에 졸본(卒本)에 도읍을 정하고, 40년이 지나 제2대 유리왕(琉璃王)은 도읍을 국내성(國內城)으로 옮겼으며, 207년이
지나 제10대 산상왕(山上王)은 도읍을 환도(丸都)로 옮겼다. 【졸본, 국내, 환도는 모두 만주에 있다. 그중 국내와 환도 두 곳은 평안북도
벌등진(伐登鎭)의 건너편 강가에 있었던 것 같지만, 그 위치를 확정할 수 없다】 그로부터 135년이 지나 제16대 고국원왕(故國原王) 때
모용씨(慕容氏) 【연(燕)나라】 에 의해 환도를 도륙당하여, 도읍을 다시 국내성으로 옮겼으며, 85년이 지나 제20대 장수왕(長壽王) 때
비로소 만주 땅을 떠나 평양으로 도읍을 옮겼다.

 5. 일본부 2

   교수요지(敎授要旨)
   강의요령[說話要領]
   비고(備考)

【제7 「쇼토쿠(聖德) 태자(太子)」 이후】

 교수요지(敎授要旨)

본과(本課)에서는 전과(前課)에 이어 일본부의 연혁을 설명하고, 더불어 삼국의 형세가 아주 달라진 양상을 알려 주어야 한다.

 강의요령[說話要領]

   일본과 신라의 관계
   신라의 흥기
   수(隋)·당(唐)과 삼국의 관계
   당과 신라의 관계

 일본과 신라의 관계

신라는 진구(神功) 황후의 친정(親征)으로 일단 일본부에 복속된 후에도 항상 임나 제국(諸國)을 침략하여 국토를 확장했다. 또한 여러 차례
일본에 대한 조공을 게을리했으므로, 일본에게 원정을 당한 적이 빈번했다. 그런데 법흥왕(法興王) 【제23대】 때에 이르러 국력이 점차
강해졌으며, 모든 방면의 제도도 정비되었다. 이때가 바로 고토바(繼體) 천황 【제26대】 때에 해당한다.

 신라의 흥기

진흥왕(眞興王) 【제24대】 은 법흥왕의 뒤를 이어 즉위했다. 이 왕 때 백제의 성왕(聖王) 【제26대】 은 신라와 힘을 합쳐 고구려를
공격하여, 빼앗겼던 한강 유역을 회복했지만, 신라는 다시 백제로부터 그 지역을 빼앗았으므로, 신라의 영토는 눈에 띄게 팽창했다. 이때부터
먼저, 법흥왕 때 김해(金海)에 있던 가라국(加羅國)은 신라의 세력이 강성해짐에 따라 그의 속국이 되었으며, 신라는 이 틈을 타 가라국
부근의 여러 나라들을 멸망시켰다. 이리하여 일본 조정은 일본부와 백제에 명하여 이들의 부흥을 도모하였지만, 성과를 거두지는 못했다. 그러는
동안에 신라는 진흥왕 시대가 되었으며, 위에서 서술한 바와 같이 국토가 크게 팽창했고 세력이 점차 강해졌으므로, 마침내 모두 일본부의 보호를
받던 임나 제국들을 아울러 빼앗으니, 어쩔 수 없이 일본부를 철수할 수밖에 없었다. 이때가 긴메이(欽明) 천황 23년이다. 진구 황후 때
일본부를 설치한 이래 이때에 이르기까지 300여 년 만이다.

진흥왕 때 중국에서는 계속해서 남북조(南北朝)의 갈등이 끊이지 않았는데, 그 후 여러 대(代)를 거쳐 수(隋)나라가 일어나 중국을 통일했다.

 수(隋)·당(唐)과 삼국의 관계

고구려는 한강 유역의 땅을 잃었지만 국력은 조금도 쇠약해지지 않고 도리어 신라, 백제 두 나라와 싸웠다. 또한 군대를 서쪽으로 보내 수나라의
영토를 침략했다. 수나라 황제는 크게 노하여, 바다와 육지로 대군을 보내 고구려를 여러 차례에 걸쳐 공격했지만 이기지 못하고, 그 군대는
오히려 살수(薩水) 【지금의 평안북도 청천강】 에서 을지문덕에게 크게 패했다. 수나라는 나라를 세운 지 겨우 수십 년 만에 망하고,
당(唐)나라가 수나라를 잇자, 고구려와 더불어 신라, 백제 두 나라도 함께 당나라에 대해 신하의 예를 취했다.

 당과 신라의 관계

수나라가 일어나기 전부터 신라와 백제의 화친은 이미 깨지고, 백제의 성왕(聖王) 【제26대】 은 친히 신라를 공격하다 전사했다. 이리하여
신라는 고구려와 백제 두 나라를 적으로 상대하여 큰 고통을 당했지만, 당나라는 그 국력이 대단히 강성했기 때문에 신라는 당나라에 가장
복종하여 당나라의 옷을 입고 당나라의 연호를 사용하면서 그 힘을 빌려 몇 년 전부터 적이 된 백제와 함께 고구려를 멸망시키게 되었다.

 비고(備考)

   법흥왕 때의 제도 정비
   신라와 백제의 피침지(被侵地) 동맹
   진흥왕순수비(眞興王巡狩碑)
   진흥왕 이후의 임나(任那) 제국
   수(隋)와 고구려의 관계
   을지문덕의 살수에서의 승리
   수의 멸망과 당(唐)의 건국
   당과 신라의 관계
   조선의 연호(年號)
   조선의 시호(諡號)

 법흥왕 때의 제도 정비

『삼국사기』의 신라 법흥왕(法興王) 본기(本紀)에 따르면 다음과 같은 사항이 있다.

원년(元年)에 선왕(先王)에게 지증(智證)이라는 시호(諡號)를 내렸다. 시호를 정하는 법은 이때부터 시작되었다.

4년 여름 4월에 처음으로 병부(兵部)를 두었다.

7년 봄 정월에 율령(律令)을 반포하고, 처음으로 백관(百官)의 공복(公服)에 주자(朱紫)의 질서를 제정했다.

15년에 처음으로 불법(佛法)을 시행했다.

16년에 명령을 내려 살생을 금지했다.

18년 봄 3월에 관계 기관에 명하여 제방(堤防)을 수리했다. 여름 4월에 이찬(伊湌) 철부(哲夫)를 상대등(上大等)에 임명하고
국사(國事)를 총괄하게 했다. 상대등이라는 관직은 이때 시작되었다. 지금의 재상(宰相)과 같다.

23년에 처음으로 연호(年號)를 사용하여 건원(建元) 원년이라고 했다.

 신라와 백제의 피침지(被侵地) 동맹

신라 진흥왕이 백제 성왕(聖王) 【 『일본서기(日本書紀)』에서는 성명왕(聖明王)이라고 한다】 과 힘을 합쳐 고려의 침략지를 회복한 것에
대하여 『삼국사기』의 신라 진흥왕 본기에는, 20년에 왕이 거칠부(居柒夫) 등에게 명령하여 고구려를 침공했다. 승리를 틈타 10개 군(郡)을
취했다고 기록되어 있다. 『일본서기』의 긴메이(欽明) 천황 본기에는, 12년에 백제의 성명왕(聖明王)이 친히 많은 사람들을 인솔했다. 또 두
나라 군대 【두 나라란 신라와 임나를 말한다.】 가 고려를 정벌했다. 그리하여 한성(漢城) 땅을 획득했다. 또 진군(進軍)하여 평양을
공격했다. 대략 6개 군의 옛 영토를 회복했다고 기록되어 있다. 그리하여 신라는 한강 유역의 10개 군, 백제는 같은 유역 6개 군의 땅을
취했음을 알아야 한다. 그렇지만 14년에는 백제가 이 땅들을 신라에게 빼앗겼기 때문에, 두 나라의 화친은 다시 깨지고, 이듬해에 백제의
성왕(聖王)은 신라와 전투하다 전사했다. 그리고 신라의 영토는 이로 인해 크게 팽창했다.

 진흥왕순수비(眞興王巡狩碑)

신라 진흥왕은 확장한 영토를 순수(巡狩)했기 때문에, 세 개의 진흥왕 순수비(巡狩碑)가 오늘날에도 현존하고 있다. 하나는 경기도
고양군(高陽郡) 북한산(北漢山)의 비봉(碑峰)에 있고, 하나는 함경남도 함흥군(咸興郡) 황초령(黃草嶺)에 있으며, 하나는 경상남도
창녕군(昌寧郡) 창녕읍 안에 있다. 순수비는 당시 신라의 국경을 알 수 있는 유력한 자료이다.

 진흥왕 이후의 임나(任那) 제국

긴메이(欽明) 천황 23년에, 일본부(日本府)의 치하(治下)에 있던 임나(任那) 제국은 모두 신라가 병합하여, 일본부는 어쩔 수 없이
철수하게 되었다. 천황이 붕어(崩御)하시면서 조서를 내려 임나의 부흥을 명하셨으므로, 비다쓰(敏達) 천황, 요메이(用明) 천황, 스슌(崇峻)
천황이 이어서 즉위하셔서, 임나의 부흥을 도모하셨지만 뜻을 이루지 못하셨다. 이 틈을 타 신라는 일본을 경외하여 번번이 사신을 보내
조공(朝貢)을 했지만, 임나 제국은 신라가 여전히 차지하고 있었다. 따라서 스이코(推古) 천황 【제33대】 은 8년과 32년의 두 차례
대군을 일으켜 신라를 정벌하셨는데, 신라는 그때마다 천황의 군대를 두려워하여 곧바로 항복했지만, 군대가 물러가자 신라는 임나를 침략하여
그들을 속령(屬領)으로 삼았다.

 수(隋)와 고구려의 관계

고구려 평원왕(平原王) 【제25대】 때, 중국에서는 수(隋)나라의 고조(高祖)인 문제(文帝)가 진(陳)나라를 멸망시키고 비로소
남북조(南北朝)를 통일했다. 고구려의 왕이 이 소식을 듣고 크게 두려워하여 군대를 정비하고 군량을 비축하면서 방어할 계책을 세웠지만,
표면적으로는 수나라에 조공을 하고 봉책(封冊)을 받았다. 영양왕(嬰陽王) 【제26대】 이 이어서 즉위하자 왕은 말갈(靺鞨)의 무리를 이끌고
수나라의 요서(遼西) 지방을 침략했다. 이는 이 왕 9년의 일이다. 이로 인해 수나라와의 화친은 깨졌으며, 문제는 크게 노하여 고구려 왕의
관작(官爵)을 삭탈하고, 수군과 육군을 동원하여 원정을 시도했지만, 성과가 없이 끝났다. 이어서 양제(煬帝)가 대를 이어 즉위하자 다시
조서를 내려 천하의 모든 군대를 모아 친히 그들을 이끌고 고구려 정벌에 나섰다. 수나라 황제가 나아가 요동(遼東)에 이르렀지만, 고구려의
여러 성들이 굳게 지키고 있어 내려갈 수 없었다. 오히려 수나라의 수군은 평양성(平壤城) 아래에서 패배했고, 육군은 고구려 장수
을지문덕(乙支文德)에게 살수(薩水) 【청천강】 에서 대패했다.

 을지문덕의 살수에서의 승리

살수의 전투는 영양왕 23년 가을 7월에 있었는데 수나라 장수 우문술(宇文述), 우중문(于仲文) 등은 대군을 이끌고 와서 압록강의 서쪽에서
마주했다. 왕은 대신(大臣) 을지문덕을 보내 수나라의 군영(軍營)에 참배하고 거짓으로 항복하면서 그 허실(虛實)을 살폈다. 수나라 장수는
을지문덕을 사로잡으려고 했으나 성공하지 못하자 여러 장수들이 강을 건너 을지문덕을 추격했다. 을지문덕은 적을 지치게 하려고 매번 전쟁에서처럼
쉬지 않고 달렸다. 수나라 장수는 마침내 살수를 건너 평양성에서 30여 리 떨어진 곳에 이르러 군영을 차렸다. 을지문덕은 다시 사신을 보내
거짓으로 항복했다. 수나라 장수는 장병들이 지쳐 있는 데다 평양이 험준하여 쉽게 함락시킬 수 없음을 알고 곧 군대를 철수했다. 살수에 이르러
군대의 절반 정도가 강을 건넜을 무렵에 을지문덕은 고구려군으로 하여금 수나라의 뒤쪽 군대를 공격하도록 했으므로 적의 군대는 일시에
궤멸되었다. 처음에 수나라 군대가 요동에 이르렀을 때, 군대의 규모는 9군(軍) 30만 5천 명이라고 했다. 그런데 돌아갈 때에는 고작 2천
7백 명이었다고 전해진다. 양제는 크게 노하여 다시 친히 군대를 이끌고 요동에 이르렀지만, 고구려 군대가 영성(嬰城)을 굳게 지켜 정복할 수
없게 되자, 마침내 군대를 철수했다. 고구려의 왕도 역시 사신을 보내 화의를 요청하여 한때 안정을 이루었다.

 수의 멸망과 당(唐)의 건국

그 후 오래지 않아 영양왕(榮陽王) 【제27대】 원년에 수나라가 망하고 당나라가 대신 중국을 통일했으므로, 왕은 사신을 파견하여 조공하고,
자제(子弟)를 당에 보내 국학(國學)에 입학시키는 등의 조치를 취했다. 신라와 백제 두 나라도 잇달아 역시 당나라에 조공하고 신하로 칭했다.

 당과 신라의 관계

신라 진덕여왕(眞德女王) 【제29대】 2년에 왕족 김춘추(金春秋)는 그의 아들과 함께 당나라에 입조(入朝)하여 태종(太宗)을 알현하고,
나라의 사정을 상세히 말했는데, 백제를 멸망시키는 데에 당나라가 도와 줄 것을 요청했다. 태종은 김춘추에게 출병을 허락했다. 따라서 그의
아들을 당나라에 남겨 두고 귀국했다. 이때부터 당나라를 지나치게 섬기게 되어 이 왕 3년에는 비로소 당나라의 의관(衣冠)을 착용했고,
4년에는 왕이 오언태평송(五言太平頌)을 지어 그것을 비단에 짰으며, 김춘추의 아들 법민(法敏)을 보내 당나라 황제에게 바쳤고, 같은 해에
처음으로 당나라의 연호를 사용했다.

 조선의 연호(年號)

조선의 연호에 대한 기록은 고사(古史)와 더불어 고비(古碑)에서 보인다. 고구려 광개토왕 때 영락(永樂)이 있었고, 신라 법흥왕 23년에
처음으로 연호를 세워 건원(建元)이라고 했으며, 그 후 개국(開國), 대창(大昌), 홍제(鴻濟), 건복(建福), 인평(仁平), 태화(太和)
등이 있었다. 백제의 연호는 자세히 알 수 없다. 그러나 신라 진덕왕(眞德王) 때 김춘추는 당나라에 사신으로 가서 복종하기에 이르렀으며,
같은 왕 4년에 마침내 자국(自國)의 연호를 폐지하고 당나라의 신민(臣民)이 되었다. 이때부터 조선에서는 역대 중국, 만주 등 강대국들을
섬기는 데에 그 연호를 사용하는 것이 관례가 되었다. 【궁예(弓裔)가 무태(武泰), 성책(聖冊), 수덕만세(水德萬歲)라는 연호를 사용했고,
고려 태조 때 천수(天授), 광종(光宗) 때 광덕(光德)이라는 연호를 사용하는 등의 일이 있었지만, 모두 한때 참람하게 사용한 것에
불과했다.】 일본에서는 진덕왕 때 당나라의 연호를 사용하기 6년 전에, 곧 고토쿠(孝德) 천황 원년에 처음으로 다이카(大化)라는 연호를
세웠으며, 이후 계속해서 자국의 연호를 사용하는 데 변함이 없었다. 최근 이조(李朝) 말기에 이르러 조선이 처음으로 중국과의 관계를 단절하고
건양(建陽)이라고 연호를 정했고 【메이지(明治) 29년】, 이어서 이를 폐지하고 다시 광무(光武)라고 연호를 정했으며 【메이지 30년】,
다시 융희(隆熙)라고 연호를 고쳤다. 【메이지 40년】

 조선의 시호(諡號)

고구려국 여러 왕들의 추호(追號)는 왕이 태어났을 때의 이름을 그대로 사용한 적도 있다. 【예를 들면 주몽(朱蒙)은 ‘동명(東明)’인데,
‘성(聖)’자를 붙여 ‘동명성왕(東明聖王)’이라고 했고, ‘유리(類利)’는 ‘유리(琉璃)’인데, ‘명(明)’자를 붙여
‘유리명왕(琉璃明王)’이라고 했으며, 혹은 ‘보장(寶藏)’이라는 이름을 그대로 사용하여 ‘보장왕(寶藏王)’이라고 한 경우이다.】 혹은 문장의
뜻에 따라 그 왕의 특색을 나타내주는 것도 있다. 【예를 들면 ‘광개토경평안호태왕(廣開土境平安好太王)’, ‘장수왕(長壽王)’ 등과 같은
경우이다.】 그런데 대다수는 능묘(陵墓)의 지명을 사용했다. 【예를 들면 ‘동천왕(東川王)’, ‘봉상왕(烽上王)’, ‘고국원왕(故國原王)’,
‘소수림왕(小獸林王)’ 등과 같은 경우이다】 그러므로 중국식의 시호를 붙인 경우는 전혀 없었다. 단지 장수왕이 세상을 떠났을 때,
후위(後魏)의 효문제(孝文帝)가 시호를 ‘강(康)’이라고 내린 경우가 있을 뿐이다.

백제국 여러 왕들의 추호는 대체로 모두 태어났을 때의 이름을 사용했는데, 무령왕(武寧王) 【제25대】 이래로 마지막 의자왕(義慈王)에
이르기까지 7대(代)만은 시호를 사용했다.

신라도 통일 전에는 대체로 모두 이름을 왕들의 추호로 썼지만, 통일되기 조금 전인 법흥왕(法興王) 원년에 선왕(先王)에게 시호를 추증하여
‘지증(智證)’이라고 했다. 이것이 신라 시호의 시작으로 『삼국사기』에 기록되어 있지만, 당시는 불법(佛法)이 왕성하게 일어나던
시대였으므로, 지증(智證), 법흥(法興), 진흥(眞興), 진지(眞智), 진평(眞平), 선덕(善德), 진덕(眞德) 등은 모두 시호라기보다는,
차라리 부처를 숭상하는 왕의 덕을 찬양한 존호(尊號)라고 보아야 할 것이다. 따라서 정확하게 중국식 시호를 채용한 것은 태종(太宗)
무열왕(武烈王) 【제29대】 이후이다.

 6. 백제(百濟)·고구려(高句麗)의 멸망

   교수요지(敎授要旨)
   강의요령[說話要領]
   비고(備考)

【제9 「덴지(天智) 천황과 후지와라노 가마타리(藤原鎌足)」 이후】

 교수요지(敎授要旨)

본과(本課)에서는 전과(前課)에 이어서, 신라는 당나라에 가장 잘 복속했으며, 당나라와 힘을 합쳐 백제, 고구려 두 나라를 멸망시켰다는
사실을 가르쳐야 한다.

 강의요령[說話要領]

   백제와 고구려의 연합
   백제의 멸망
   고구려의 멸망

 백제와 고구려의 연합

전과에서 서술했듯이 백제는 국력이 일단 크게 쇠약해졌지만 그 후 다시 국력을 회복하여, 마지막 왕인 의자왕(義慈王) 【제31대】 때에는
신라를 공격하여 40여 개의 성을 빼앗았다. 이때 신라는 당나라에 원조를 요청했으며, 또 얼마 전부터 적이 된 고구려에 도움을 요청할 지경이
되었으므로, 신라가 얼마나 어려웠는지를 알 만하다. 그런데 고구려는 신라를 돕지 않았을 뿐만 아니라, 백제와 동맹을 맺어 신라가 당나라에
입조(入朝)하는 길목을 막았으며, 또한 신라를 공격하여 30여 개 성을 빼앗았다.

 백제의 멸망

이리하여 신라는 먼저 백제를 멸망시키려고 사신을 보내 당나라에 병력을 요청했다. 당나라는 전부터 원조를 약속하여 소정방(蘇定方)을
대총관(大總管)으로 삼아 군대를 이끌고 백제를 공격했다. 신라의 무열왕(武烈王) 【제29대】 은 스스로 도성을 나와 밖에 진을 치고, 태자
법민(法敏)과 대장군 김유신(金庾信) 등이 병력을 이끌고 당나라 군대를 도왔다. 당나라와 신라의 연합군은 진격하여 백제를 압박했는데 백제의
군대는 이를 막아낼 수 없었다. 따라서 연합군은 바다와 육지로부터 백제의 수도인 사비성(泗泚城) 【지금의 충청남도 부여군 현내면(縣內面)
부소산(扶蘇山)은 그 유적지이다.】 을 포위했다. 의자왕은 일단 몰래 도망쳐 웅진성(熊津城) 【지금의 공주】 으로 들어갔지만 버티지 못하고
나와서 항복했으며, 당나라 장수는 왕과 그의 일족, 대신, 장병, 백성 등을 포로로 잡아 개선했다. 백제는 이리하여 멸망했다. 이때가
사이메이(齊明) 천황 【제37대】 6년이다. 백제는 시조인 온조왕(溫祚王)이 나라를 세운 때부터 이때까지 31왕 678년이 지났다. 그런데
백제 왕의 일족이 일어나 나라를 되찾으려고 도모하여, 일본의 조정에 도움을 요청했으며, 세력이 매우 강했다. 일본은 원군을 보내 당나라
군대와 싸웠지만, 불행히도 우리 군대가 승리하지 못하여, 백제의 잔당들은 모두 패배하여 항복하고, 백제는 완전히 멸망했다. 이때가
덴지(天智) 천황 【제38대】 2년이다.

 고구려의 멸망

고구려는 그 국토가 만주 및 조선반도의 대부분을 포함하여, 당시 강국(强國)이 되었으므로, 전에 수나라와 싸웠지만 쉽게 굴하지 않았으며,
오히려 그 나라 군대를 크게 무찔렀다. 【전과(前課) 참조】 그 후 수나라가 멸망하고 당나라가 일어나자 고구려는 당나라에 조공을 바치고
신하의 예의를 갖추었다. 이때 고구려에서는 권신(權臣)들이 국정을 농단하여, 마침내 국왕과 여러 대신들을 살해하고 보장왕(寶藏王)
【제28대】 을 옹립했으며, 더구나 오랫동안 적이었던 백제와 화해하고 신라를 괴롭혔다. 이것은 이미 앞에서 언급한 바와 같다. 이때 당나라는
고구려에 명령하여 신라를 공격하도록 압박했지만 듣지 않았다. 따라서 당나라 태종(太宗)은 스스로 군대를 이끌고 고구려를 공격했지만 뜻을
이루지 못하고 돌아갔으며, 그 후 다시 대군을 보내 고구려를 정벌했지만 이길 수 없었다. 그런데 보장왕 19년에 이르러 당나라는 신라와 힘을
합쳐 백제를 멸망시키고, 이 기세를 업고 고구려를 정벌했으며, 이듬해에 신라에 병력을 요구했다. 이때 마침 신라에서는 무열왕이 사망하고
문무왕(文武王) 【제30대】 이 즉위했는데, 김유신 등을 대장(大將)으로 하여, 군대를 보내 당나라 군대를 도왔다. 문무왕은 바로 무열왕의
태자였던 법민(法敏)이다. 몇 년 후 당나라 군대는 마침내 평양을 포위했고, 신라 군대도 역시 거기에 집결하자, 고구려 왕은 나와서 항복하고
성은 함락되었으며, 당나라 장수는 보장왕과 그 일족과 대신 등을 사로잡아 당나라로 개선했다. 이리하여 고구려는 멸망했다. 시조인 주몽이
나라를 세우고 나서부터 이때에 이르기까지 28왕 705년이 지났다. 고구려의 멸망은 바로 백제가 멸망한 뒤 8년 만으로 덴지 천황 7년에
해당한다.

 비고(備考)

   김춘추(金春秋) ［무열왕(武烈王)］
   김유신(金庾信)
   백제 멸망의 전말(顚末)
   당평백제비(唐平百濟碑)
   당유인원기공비(唐劉仁願紀功碑)
   고구려 멸망의 전말

 김춘추(金春秋) ［무열왕(武烈王)］

김춘추(金春秋)는 진지왕(眞智王) 【제25대】 의 손자이다. 그의 딸은 신라의 도독(都督)인 품석(品釋)의 아내였는데, 품석이 백제의 침공을
막다가 전사하자 그의 아내도 역시 거기에서 죽었다. 춘추는 이때부터 백제를 매우 증오하여 맹세코 원수를 갚으려고 했다. 선덕여왕(善德女王)
【제27대】 11년에 고구려에 사신으로 가서 고구려의 도움을 받아 백제를 정벌하려 했지만, 당시 고구려는 백제와 손을 잡고 신라를 괴롭히던
때여서, 오히려 고구려에 붙잡혔다가 간신히 도망쳐 돌아왔다. 그는 또한 일본에 가서 볼모가 된 적이 있다. 【고토쿠(孝德) 천황 3년,
선덕여왕 말년】 『일본서기(日本書紀)』에 “춘추는 용모와 얼굴이 곱고, 말을 잘했다.”라고 기록되어 있다. 이로써 그가 어떤 사람인지를 알
수 있다. 이어서 진덕여왕(眞德女王)이 즉위하자 그는 또 당나라에 사신으로 가서 태종(太宗)을 알현하고 그의 힘을 빌려 백제를 공격할 계책을
정했다. 【같은 왕 2년】 진덕여왕이 사망하자 덕망이 높아 천거되어 왕위에 올랐다. 즉 그를 태종(太宗) 무열왕(武烈王)이라고 한다. 그가
즉위하고 7년이 되자 마침내 당나라에 군대를 요청하여 힘을 합쳐 백제를 멸망시켰다. 춘추는 왕이 되기 전에 김유신(金庾信)의 누이를 아내로
맞이하여 법민(法敏), 인문(仁問), 문왕(文王) 등 일곱 명의 아들을 낳았다. 법민은 곧 문무왕(文武王)이 된다.

 김유신(金庾信)

김유신은 대가락국(大駕洛國) 【가라국(加羅國)】의 마지막 왕인 구형(仇衡)의 증손자로, 아버지는 대량주(大梁州) 도독(都督)인
서현(舒玄)이고, 어머니는 만명(萬明) 【지증왕의 증손녀】 이다. 구형은 진흥왕(眞興王) 【제24대】 19년에 나라를 바치고 신라에
항복했는데, 유신은 진평왕(眞平王) 【제26대】 이후 문무왕(文武王) 【제30대】 에 이르기까지 5대에 걸쳐 벼슬을 했으며, 문무왕 13년에
79세를 일기로 사망했다. 처음에 유신은 왕명을 받고 백제를 방어하여 싸웠는데, 자신의 집 앞을 지나가면서도 들어가지 않고, 여러 차례 공을
세웠다. 무열왕 때 당나라가 백제를 공격하여 멸망시키자, 그는 태자 법민과 함께 정예군을 이끌고 전쟁에 참가했으며, 문무왕 때 당나라가 다시
고구려를 공격하자, 그의 아우인 흠순(欽純) 및 조카인 인문(仁問)과 함께 당나라에 건너가, 스스로 당나라에 남아 나라를 지켰으며, 국가의
기둥으로서 신라 통일의 위업을 성취했다. 그뿐 아니라 유신의 누이는 태종 무열왕의 비(妃)가 되어 법민, 【문무왕】 인문 등을 낳았으며,
유신도 역시 무열왕의 셋째 딸을 아내로 맞이했다. 따라서 무열왕, 문무왕 때, 그는 외척(外戚) 국구(國舅)로서 가장 중시되었다. 그리하여
지위가 태대각간(太大角干)에 이르러 신하로서 최고의 영예를 누렸다.

 백제 멸망의 전말(顚末)

무열왕 6년에 백제를 정벌하려고 김인문(金仁問) 【왕의 둘째 아들】 을 당나라에 보내 군대를 요청했다. 이듬해 7년에 당나라 고종은 대장군
소정방(蘇定方)을 대총관(大總管)으로, 김인문을 부대총관(副大總管)으로 삼아, 수군과 육군 30만 명을 동원하여 백제를 향해 출발했다.
도성[王京]을 출발하여 남천정(南川停) 【지금의 이천(利川)】에 이르자, 태자 법민과 대장군 김유신 등에게 명하여, 군대를 이끌고 가서
그들과 회동하도록 했다. 백제의 군대는 이들을 막지 못하여 패배하여 궤멸했으며, 당나라·신라 군대는 나아가 백제의 사비성(泗泚城)을
포위했다. 의자왕은 밤에 몰래 도망쳐 웅진성(熊津城)에 들어갔지만 마침내 버티지 못하고 태자와 함께 나와서 당나라 군대에게 항복했다.
소정방은 이에 왕과 그 일족, 대신(大臣), 장병[將士] 88명과 백성 1만 2천여 명을 도성으로 데려갔으며, 백제의 옛 영토에는
오도독부(五都督府)를 설치하고, 그 밑에 주(州)·현(縣)을 두어 다스렸으며, 유인원(劉仁願)으로 하여금 남아서 도성을 지키게 하고
개선했다. 이리하여 백제는 멸망했으며, 의자왕은 후에 당나라에서 세상을 떠났다. 그런데 백제의 왕족인 복신(福信)이라는 자가 군대를 일으켜
주류성(周留城)에 웅거하여, 국가의 부흥을 꾀했다. 이때 백제의 왕자 풍장(豐璋)이 볼모로 일본에 있었는데, 복신은 사신을 보내 구원을
요청했고, 또 왕자 풍장을 맞이하여 왕으로 삼으려 했다. 천황은 이를 들으시고, 백제를 위해 바야흐로 신라를 정벌하려고 규슈(九州)에
행차하셨지만, 불행히도 아사쿠라(朝倉)의 행궁(行宮)에서 붕어(崩御)하셨다. 이리하여 황태자는 소복(素服)을 입고 군사를 독려하셨으며,
군대를 동원하여 풍장을 호송하고, 칙령을 내려 왕위를 계승하게 했다. 복신은 이를 주류성에서 받들어 모시고, 서북부(西北部)가 모두 일어나
그를 따랐지만, 두 사람은 오래지 않아 갈라섰으며, 왕은 마침내 복신을 살해했다. 당나라와 신라 연합군은 나아가 주류성을 함락시켰다. 우리가
구원군을 보내 방어하여 당나라 군대와 백촌강(白村江)에서 크게 싸웠지만, 불행히도 이기지 못하자 왕(王)인 풍장은 성을 버리고 달아났으며
돌아갈 곳을 알 수 없게 되었다. 어떤 사람은 그가 고구려로 달아났다고 한다. 그리고 나머지 사람들은 역시 모두 항복하니 백제는 완전히
멸망했다. 이때가 덴지(天智) 천황 2년, 즉 신라 문무왕 3년이다.

 당평백제비(唐平百濟碑)

당평백제비(唐平百濟碑)는 충청남도 부여군(扶餘郡) 현내면(縣內面)에 있다. 5층 석탑의 제1층의 탑신에 글을 새겨져 있다. 이 비가 세워진
해는 당나라 현경(顯慶) 5년으로, 바로 사비성(泗泌城)이 함락된 해이다.

 당유인원기공비(唐劉仁願紀功碑)

당유인원기공비(唐劉仁願紀功碑)는 충청남도 부여군 현내면 부소산(扶蘇山)에 있다. 이 비가 세워진 신라 문무왕 3년, 즉 당나라 용삭(龍朔)
3년으로 추정되는데, 바로 주류성이 함락된 해이다.

 고구려 멸망의 전말

   남건(男建) ［원문에는 족남(族男)으로 되어 있으나, 이는 남건의 오류이므로 바로잡는다. -역자 주］

고구려의 수도는 원래 5부(部)로 나뉘어 있었지만, 그 동도(東都)의 대인(大人)으로 천개소문(泉蓋蘇文)이라는 사람이 있었는데, 성격이 매우
흉포했으므로, 다른 부의 대인들이 몰래 왕과 상의하여 그를 죽이려고 했다. 그러나 이 사실이 새어나가 개소문이 부(部)의 모든 군대를 모아
계략을 세워 영류왕(榮留王) 【제27대】 및 여러 대신들을 죽이고 왕의 아우인 자장(子藏)을 왕으로 세웠다. 그를 보장왕(寶藏王)이라고
한다. 개소문은 거리낌이 없었는데, 스스로 막리지(莫離支) 【왕을 옹위하고 문무(文武)의 권력을 가진 사람】 가 되어 국정을 전횡했으며,
또한 오랫동안 적국이었던 백제와 연합하여 신라를 괴롭혔는데, 신라가 당나라에 입조(入朝)하는 길을 막았으며, 또 공격하여 신라의 33개
성들을 빼앗았다. 이렇게 되자 신라 선덕여왕(善德女王) 【제27대】 은 당나라에 구원을 요청했으므로, 당나라의 태종은 고구려에게 명하여
신라를 공격하지 말라고 했지만, 개소문은 명을 받들지 않고 오히려 당나라의 사신을 잡아 가두었다. 이에 태종은 고구려의 임금과 대신을
죽이고, 백성을 잔학하게 다루고, 또 그의 명령을 위반한 책임을 물어 대군을 동원하여 고구려를 친히 정벌했다. 당나라 군대는 요동에 들어가
여러 성들을 항락시켰지만, 오로지 안시성(安市城) 【지금의 개평현(蓋平縣) 동북부인 탕지(湯池)】을 함락시키지 못했는데, 추위가 점점
닥쳐오고 군량이 곧 바닥나게 되자 명령을 내려 군대를 철수했다. 이때가 바로 보장왕 4년이다.

그 후 당나라는 여러 차례 원정군을 보내 고구려를 공격했지만 성과를 거두지 못했다. 그러는 사이에 개소문이 사망하고 그의 장남인
남생(男生)이 아버지의 직위를 이어받았지만, 두 동생들과 다툼이 일어나자 당나라로 달아나고, 남건(男建)이 대를 이어 막리지가 되었다. 이때
당나라 고종은 이적(李勣)을 대총관(大總管)으로 삼아 고구려 원정군을 통솔하게 했으며, 신라에 군대를 요구했다. 신라 문무왕은 도성을
출발하여 한성주(漢城州)에 이르자, 김유신으로 하여금 남아서 성을 지키게 하고, 김흠순(金欽純), 【김유신의 아우】 김인문(金仁問) 【왕의
아우】 등으로 하여금 군대를 이끌게 하여 이적과 만나 함께 한 달 남짓 평양을 포위했다.

 남건(男建) ［원문에는 족남(族男)으로 되어 있으나, 이는 남건의 오류이므로 바로잡는다. -역자 주］

남건은 방어하여 싸움을 계속할 수 없었으며 성은 마침내 함락되고 보장왕 및 남건 등은 모두 사로잡혔다. 이적은 왕과 그 일족, 남건 이하
대신들, 그 외 20여만 명을 이끌고 개선했다. 고구려는 이리하여 멸망했다. 이때가 덴지(天智) 천황 7년, 신라 문무왕 8년이다. 당나라는
고구려의 옛 영토에 구도독부(九都督府)를 설치하고, 그 밑에 주(州)·현(縣)을 두어 다스렸으며, 또한 평양에 안동도독부(安東都護府)를 두어
통치했는데, 대장군 설인귀(薛仁貴)를 안동도호(安東都護)로 삼았다. 당나라는 처음에 고구려와 전쟁을 시작한 이래 여기에 이르기까지 24년을
소비했다. 그리고 고구려의 멸망은 백제가 멸망한 뒤 8년 만이었다.

 7. 신라(新羅)의 통일

   교수요지(敎授要旨)
   강의요령[說話要領]
   비고(備考)

【제13 「스가와라 미차자네(菅原道眞)」 이후】

 교수요지(敎授要旨)

본과에서는 신라가 당나라의 속국으로서 반도를 통일하는 과정, 신라 통일시대의 영토·문화, 일본과의 관계와 함께 신라 쇠망의 모습을 알려
주어야 한다.

 강의요령[說話要領]

   문무왕(文武王)의 삼한(三韓) 통일
   일본 및 당나라에 복속
   불교의 융성
   유학(儒學)
   국토의 삼분(三分)
   신라의 멸망

 문무왕(文武王)의 삼한(三韓) 통일

백제와 고구려 두 나라는 이어서 당과 신라에게 멸망하고, 그 옛 영토는 일단 모두 당나라의 영토가 되었다. 뿐만 아니라 신라는 당나라를
고맙게 여겨 볼모를 바치고 최대한 공손하게 대우했다. 그러나 오래지 않아 신라 문무왕(文武王) 【제30대】 은 반도에 있는 당나라의 영토를
잠식하여, 백제의 옛 영토 전부와 고구려의 옛 영토의 일부를 함께 소유하고 그것을 통치했는데, 후에 당나라도 이를 공인(公認)했다. 때문에
보통 문무왕 이후를 신라 통일시대라고 부른다. 그래서 당시 신라의 국경은 서쪽으로는 대동강, 동쪽으로는 영흥만(永興灣) 부근에 이르렀다.

 일본 및 당나라에 복속

신라 통일의 시대는 문무왕 8년에 고구려가 멸망한 해부터 신라가 멸망하기까지 268년간이다. 바로 우리의 나라(奈良) 시대 조금 이전부터
헤이안(平安) 시대 초기에 해당한다. 삼국(三國)이 균형을 이루고 있던 무렵은 서로 전쟁이 끊이지 않는 때였지만, 이 시기가 되고부터 태평이
지속되었고 당나라와의 교류가 왕성하여 그 문화를 수입했으므로 문물이 눈에 띄게 발달했다. 일본에서도 수나라 때 수와 교류를 시작하고부터
이전에 조선을 거쳐 건너오던 학문, 기예 등을 직접 중국으로부터 얻게 되었으며, 당나라 시대에 이르러서는 교류가 더욱 왕성해져
유학생(留學生), 유학승(留學僧)을 보내 당의 문명을 받아들인 것은 신라와 마찬가지이다. 일본의 문화는 이로 인해 급속히 발전했다. 그런데
이 시대에 신라는 당나라의 속국이 되었지만 또한 항상 일본에도 조공(朝貢)했다.

 불교의 융성

불교는 법흥왕(法興王) 【제23대】 이후 성행하여 역대 여러 왕들은 모두 독실하게 불교를 존중하여 믿었는데, 사후(死後)에 유해(遺骸)를
태워 그 재를 동해에 뿌리기도 했다. 따라서 불사(佛寺)의 건립이 매우 많았으며 나라(奈良) 시대에 못지않은 성황을 이루었다. 이 때문에
공예가 크게 발달하였다. 현존하는 유물로서 당시의 문화를 알 수 있는 것이 적지 않다. 그렇지만 불교의 융성과 함께 공사(公私)의 재산
낭비가 매우 심했으므로, 마침내 명령을 내려 불사를 새로 짓거나 또는 비단과 금은을 불사에 사용하는 것을 금지하기에 이르렀다. 또 농업은
나라의 근본을 배양하는 중요한 것이었으므로, 역대 왕들은 결코 이를 소홀히 하지 않았으며 거듭해서 장려했다.

 유학(儒學)

당시 유학(儒學)은 불교와 함께 성행했는데 학자들로는 설총(薛聰), 최치원(崔致遠) 등이 배출되었으며 모두 유명했다. 특히 설총은 이두를
창제한 것으로, 최치원은 문장으로 유명했다.

 국토의 삼분(三分)

신라 통일로부터 220년이 지나 진성여왕(眞聖女王) 【제51대】 이 즉위했다. 이 왕 시대에 이르러 국정이 크게 혼란하고 도적들이 곳곳에서
봉기했다. 이때 견훤(甄萱)이라는 사람이 반란을 일으켜 완산(完山) 【지금의 전라북도 전주】 에 도읍을 정하고 나라를 후백제(後百濟)라고
하였다. 또한 신라의 왕족인 궁예(弓裔)도 스스로 일어나 왕으로 칭했으며 철원(鐵圓) 【지금의 강원도 철원(鐵原)】 에 도읍을 정하고 나라를
태봉(泰封)이라고 했다. 이리하여 신라의 영토는 셋으로 나뉘어 서로 다투었으므로 국가의 세력은 갑자기 쇠퇴했다.

 신라의 멸망

궁예는 일단 자립했지만 대단히 흉포하여 부하 장수들이 그에게 복종하지 않았다. 마침 그의 장수들 중에 왕건(王建)이라는 사람이 있었는데,
궁예를 위해 여러 방면에서 싸워 공을 세웠으므로 그의 장병들은 모두 왕건을 추대하여 왕으로 삼았다. 궁예는 도망쳐 나왔는데 사람들에게 죽임을
당했다. 왕건은 즉위하여 국호를 고려(高麗)로 고치고, 이듬해에 도읍을 송악(松岳) 【지금의 경기도 개성】 으로 옮겼는데, 그 세력이 나날이
강해졌다. 이에 반해 신라는 영토가 갈수록 축소되어 겨우 경주 부근만을 차지하는 데 불과하자 도저히 국가를 유지할 수 없게 되었으며,
경순왕(敬順王) 【제56대】 은 왕건이 즉위한 지 18년 만에 나라를 바치고 고려에 항복했다. 이듬해에 왕건은 후백제를 정벌하여 크게
격파했으므로, 후백제의 왕 【견훤의 아들인 신검(神劒)】도 역시 항복했다. 왕건은 곧 고려 태조(太祖)로서, 그가 왕위에 오른 것은 바로
다이고(醍醐) 천황 【제60대】 시대에 해당한다. 신라는 건국한 때부터 56왕 992년, 통일 후 268년 만에 멸망했다.

 비고(備考)

   신라의 영토 확장
   발해(渤海)
   신라의 영토
   신라의 불교
   신라의 학예(學藝)와 농사(農事)
   설총(薛聰)·최치원(崔致遠)
   신라 말기의 나라 정세

 신라의 영토 확장

문무왕(文武王) 8년에 고구려가 당나라에 멸망한 후, 보장왕(寶藏王)의 일족이 스스로 일어나 국가를 회복하려고 몰래 신라에 들어가자,
문무왕이 이를 받아들이고 토지 【금마저(金馬渚), 훗날의 금마군(金馬郡)으로 현재 전라북도 익산군(益山郡)이다.】 를 주고 호의적으로
대우했다. 더구나 왕은 군대를 보내 백제의 옛 땅을 잠식했기 때문에, 당나라 황제(고종)는 크게 노하여 신라를 정벌했다. 이로 인해 당나라와
신라의 교전(交戰)은 문무왕 16년까지 역사에서 보인다. 때문에 이 왕 17년 무렵부터는 신라가 사실상 반도에 있는 당나라의 영토를
점유했다고 할 수 있다. 그렇지만 당나라가 공공연하게 이를 인정한 것은 그로부터 약 60여 년 후로, 성덕왕(聖德王) 【제33대】 34년,
당나라가 칙령을 내려 신라에 패강(浿江) 이남의 땅을 준 때이다. 이때 신라의 통일 과업은 명실공히 완성될 수 있었다. 확실히 당나라는
나라의 형세가 이미 기울었고, 또한 만주에서 발해국(渤海國)이 건국되었으므로, 남쪽에서 신라가 발해를 제어했기 때문이다.

 발해(渤海)

중국은 수나라 때 지금의 흑룡강(黑龍江) 상류인 송화강(松花江) 연안에 속말말갈(粟末靺鞨)이라고 불리는 종족이 있었다. 처음에는 고구려에
속해 있었지만, 고구려가 멸망한 후 그 잔당들을 받아들이고, 그 영토를 사방으로 확장하여 세력이 점차 강해지자, 당나라가 그들을 공격했지만
이기지 못했다. 그 추장 대조영(大祚榮)을 발해군왕(渤海郡王)에 봉했다. 이때 나라를 발해라고 했다 【당나라 현종(玄宗) 개원(開元) 원년,
신라 성덕왕(제33대) 12년】 이때가 겐메이(元明) 천황 시대, 즉 나라(奈良) 시대 초기에 해당한다. 대조영 이후로 무왕(武王),
문왕(文王)이 차례로 왕위를 이어받았으며, 가장 전성기에는 그 영토가 동쪽으로는 일본해에 이르렀고, 서쪽으로는 지금의 흥경(興京),
개원(開原) 지방을 포함했으며, 남쪽으로는 평안남도와 평안북도의 일부와 함경북도와 함께 함경남도의 일부를 포함하는 반도의 동북부를 점유했고,
영흥만(永興灣) 부근의 니하(泥河) 【위치 불명】 를 신라와의 경계로 삼았으며, 북쪽으로는 대체로 송화강 및 흑룡강(黑龍江)을 경계로
삼았다. 지방(地方)은 2천 리(里)였고 가구 수는 10여만 호(戶)였으며 국내에 오경(五京)을 두었는데, 그 가운데 하나인 상경(上京) 즉
홀한성(忽汗城) 【중국 길림성(吉林城) 영고탑(寧古塔) 부근의 동경성(東京城)】을 수도로 삼았으며, 한때 매우 강성했다. 그런데 발해국은
영토가 북쪽에 치우쳐 있고 물자가 풍부하지 못했으므로, 항상 당나라와 신라 등에 사신을 보냈다. 그뿐 아니라 나라 시대부터 헤이안(平安)
시대에 아득히 먼 바다를 건너 여러 차례 일본을 방문했다. 그 후 국력이 쇠퇴함에 따라 거란(契丹)의 태조 아보기(阿保機)가 대군을 이끌고
발해를 공격하여 멸망시키고, 그곳에 동단부(東丹府)를 설치했다. 이때가 바로 고려 태조 9년으로, 신라가 멸망하기 10년 전이다. 발해가
건국되고부터 여기에 이르기까지가 213년이다.

 신라의 영토

신라 통일시대의 영토가 서쪽으로는 패강(浿江)에 이르렀다는 것은 앞의 기록에서 알 수 있었다. 패강은 곧 대동강(大同江)이다. 또 동쪽으로는
발해국과 니하(泥河)를 경계로 삼았다는 사실이 『당서(唐書)』에 나와 있다. 그런데 니하의 위치는 지금 알 수 없다. 어쩌면 함경남도
영흥만에 있는 강일 것이다. 따라서 이 시대 신라의 국경은 대체로 대동강부터 영흥만을 관통하는 선상에 있었을 것으로 인정된다. 신라는 패강의
남쪽에 장성(長城)을 쌓고 패강진(浿江鎭)을 설치하여 국경을 지켰다.

신라는 전국을 9주(州)로 나누어 주에 도독(都督)을 두어 다스렸으며, 최고 전성 시기에는 그 밑에 군(郡)·현(縣)이 모두 450개
있었다. 또 수도인 경주 외에 따로 5소경(五小京) 【중원(中原, 충주), 서원(西原, 청주), 북원(北原, 원주), 남원(南原),
김해(金海)】 을 두었다.

 신라의 불교

불교는 국가의 난리를 진압하고 수호하는 부처의 가르침으로서, 법흥왕 이후의 여러 왕들이 솔선하여 이를 받들어 믿은 것은 일본의 나라(奈良)
시대와 다를 바 없다. 유명한 문무왕(文武王)은 유언으로 명하기를 자신의 유해를 화장하여 동해에 있는 하나의 큰 바위에 묻어 달라고 했다.
그때 이후로 왕의 유해를 화장하는 경우가 많았다. 불교가 성행함에 따라 공사(公私)의 재물을 낭비하는 경우가 지나치게 많았으므로, 마침내
명령을 내려 새로 불사(佛寺)를 건립하거나 비단을 불사에 사용하거나 금은으로 기구(器具)를 만드는 것을 금지한 것은 애장왕(哀莊王)
【제40대】 7년이다. 불교가 크게 흥성한 결과로 건축과 공예가 현저히 발전했음은 말할 필요도 없다. 오늘날 잔존하는 많은 절터, 불상,
탑, 종, 기타 고분(古墳) 발굴물 등으로 이를 증명할 수 있다.

 신라의 학예(學藝)와 농사(農事)

유학(儒學)의 융성은 불교보다 약간 늦어, 신문왕(神文王) 【제31대】 때 처음으로 국학(國學)을 세웠으며, 원성왕(元聖王) 【제38대】 때
독서출신과(讀書出身科)를 설치하여 경서(經書)의 시험으로 인재를 채용했다. 후세의 과거제(科擧制)는 여기에서 시작되었다. 특히
경덕왕(景德王) 【제35대】 때부터는 문운(文運)이 크게 발전했듯이, 주(州)·군(郡)·현(縣)의 이름을 모두 좋은 이름으로 바꾼 것도 이
왕 때이다. 역(曆), 의(醫), 산(算), 천문(天文), 물시계[漏刻], 율령(律令) 등의 학술이 이 시기에 발달했다는 것은, 이것들에
관한 박사(博士)를 두었다는 것에서 알 수 있다. 현재 선덕왕(善德王) 때 지어진 천문대가 여전히 존재하고 있다. 그리하여 대략 당시의
제도를 알 수 있다. 또 농사에 관한 내용으로, 제방을 쌓고 수리(水利)에 힘쓰며 농경지를 개간하고 농사의 해충을 제거하는 등의 기사가 여러
번 보인다. 또한 흥덕왕(興德王) 【제42대】 때 당나라로부터 차(茶) 종자를 가져와 활발히 재배했다.

 설총(薛聰)·최치원(崔致遠)

   설총(薛聰)
   최치원(崔致遠)

신라 통일시대에 배출된 학자들 가운데 가장 유명한 사람은 다음과 같다.

 설총(薛聰)

자(字)는 총지(聰智)이며, 처음에는 불문(佛門)에 들어섰지만 나중에는 유학(儒學)으로 돌아섰다. 신무왕(神武王) 【제31대】 때 사람으로
박학하기로 평판이 났다. 방언(方言)으로 구경(九經)을 해석하고 학생들을 가르쳤다. 방언이란 신라의 언어를 말하는데, 설총은 한자의
음훈(音訓)을 이용한 특유의 문자로 교묘하게 방언을 표현함으로써, 구경의 뜻을 해석했다. 그것이 학문에 미친 효과는 컸다고 한다. 후세에
항상 이 특유의 문자를 관부(官府)의 공문서 등에 사용했으므로 이두(吏道, 吏讀)라고 했다. 일본에서도 거의 그와 같은 시대인 나라
시대에는, 한자의 음훈을 이용한 만요가나(萬葉假名)가 사용되었고, 그것으로 가사(歌詞) 등을 썼다. 그 방법은 이두(吏道)와 거의 다름이
없었다.

 최치원(崔致遠)

자는 고운(孤雲)이며, 신라 말기 사람이다. 당나라에 유학하여 진사(進士) 시험에 급제했다. 마침 황소(黃巢)의 난이 일어나자, 최치원은
당나라 장수 고병(高騈)의 종사(從事)가 되어 토벌에 따라나섰는데, 그가 격문(檄文)을 써서 글을 잘 쓰기로 그곳에서 이름을 떨쳤다고 한다.
헌강왕(憲康王) 【제49대】 때 동쪽으로 돌아와서 왕의 시독(侍讀)이 되었으며, 재학(才學), 문장(文章)은 남들보다 뛰어났지만 뜻을 펴지
못했다. 마침내 벼슬에 대한 뜻을 포기했으며 후에 가야산 해인사에 은거하다 생을 마쳤다. 그의 저서는 매우 많다. 최치원은 스가와라
미치자네(菅原道眞)와 같은 시대의 사람이다.

 신라 말기의 나라 정세

   궁예(弓裔)
   견훤(甄萱)

문무왕 8년부터 220년이 지나고, 진성여왕(眞聖女王) 【제51대】 이 즉위했다. 왕은 품행이 바르지 못하고 총애하는 신하를 가까이 하여
국정을 맡겼으므로, 뇌물을 공공연히 받고 상벌(賞罰)은 타당성을 잃었으며 기강이 크게 해이해졌다. 이때 도적들이 각지에서 봉기했는데, 왕족
중에 궁예(弓裔)라는 사람이 진성왕 5년에 북원(北原) 【지금의 강원도 원주】 으로 달아나 도적의 우두머리인 양길(梁吉) 휘하에 투항했다.
양길은 그를 잘 대우하여 병력을 나누어 주고 동쪽을 침략하도록 했다. 궁예는 후에 세력을 얻어 양길을 몰아내고 스스로 일어서 왕이라고
칭했으며, 도읍을 철원(鐵圓)에 정하고 나라를 태봉(泰封)이라고 했다. 이때가 효공왕(孝恭王) 【제52대】 5년이다. 이에 앞서,
견훤(甄萱)이라는 사람이 있었는데, 서남(西南) 해안의 방비를 맡았지만, 진성왕 6년에 완산(完山)에 웅거하여 나라를 후백제(後百濟)라고
했다.

 궁예(弓裔)

궁예가 스스로 왕으로 칭한 것보다 9년 전이다. 이때 궁예와 견훤은 서로 공격했지만 궁예는 매우 흉포하여 신료(臣僚)들 모두가 안심할 수
없었다. 때마침 송악군(松岳郡) 사람인 왕건(王建)이라는 자가 일찍이 투항해 와 궁예의 부하가 되었는데, 공을 세워 시중(侍中)이 되었다.
이렇게 되자 장병들은 모두 왕건에게 복속하고 그를 왕으로 추대했다. 궁예는 할 수 없이 변장하고 도망쳐 산속으로 들어갔는데, 부양(斧壤)
【지금의 강원도 평강】 의 백성들에게 발각되어 살해되었다. 그가 왕이라고 칭하고부터 불과 18년 만이었다.

 견훤(甄萱)

견훤은 한때 왕건과 화의를 맺고 신라를 공격했는데, 갑자가 그 수도에 침입하여 경애왕(景哀王) 【제55대】 을 살해하고 재물을 약탈했으며,
왕의 아우인 김부(金傅)로 하여금 왕위를 계승하게 했다. 그가 바로 신라의 마지막 왕인 경순왕(敬順王) 【제56대】 이다. 이 즈음 견훤은
신라를 빼앗을 야심을 품고 있었다. 신라는 극도로 쇠퇴하여 왕건에게 원조를 요구했지만, 견훤의 병력이 강대하여 쉽게 그를 격파할 수 없었다.
그런데 견훤은 처첩(妻妾)들이 많아 아들이 10여 명이나 되었다. 마침내 그의 장남인 신검(神劒)과 불화를 일으켜 몸을 피하여 왕건에게
의탁했다. 왕건은 그를 기쁘게 맞이하고 후하게 대우했으며, 병력을 내주어 신검을 치게 했는데, 이천(利川)에서 일전을 벌여 적을 크게
격파했으며, 신검도 역시 항복했다. 후백제국은 견훤이 왕으로 칭하고부터 45년 만에 멸망했다. 신라 경순왕은 그보다 한 해 앞서 왕건에게
나라를 바치고 항복했다.

 8. 고려(高麗) 1

   교수요지(敎授要旨)
   강의요령[說話要領]
   비고(備考)

【제19 「조큐(承久)의 난」 이후】

 교수요지(敎授要旨)

본과(本課)에서는 고려의 건국부터 그 초기의 백 수십 년간의 정치 양상을 알려 주어야 한다. 즉 이 시기는 고려의 전성기였지만 밖으로는 항상
거란(契丹)에 복속되어 통제를 받았다는 것을 가르쳐야 한다.

 강의요령[說話要領]

   고려 태조(太祖)의 업적
   성종(成宗)의 내치(內治)
   거란(契丹)의 건국
   거란에 복속되다
   강조(康兆)의 난
   고려의 전성기
   최충(崔沖)

 고려 태조(太祖)의 업적

왕건(王建)은 많은 사람들에게 추대되어 궁예 대신 왕위에 오르고, 국호를 고려(高麗)로 고쳤으며, 이듬해에 도읍을 송악(松岳) 【지금의
경기도 개성】 으로 옮겼다. 왕건을 고려의 태조(太祖)라고 한다. 태조가 즉위한 후 18년 만에 신라의 경순왕(敬順王) 【제56대】 이
나라를 바치고 항복해 왔고, 이듬해 19년에 후백제 왕 신검도 역시 왕건과 싸워서 패하여 항복했으므로, 반도는 다시 고려에 의해 통일되었다.

 성종(成宗)의 내치(內治)

태조는 매우 관대한 정치를 펼치고 모든 일을 신라의 옛 제도에 의거했다. 그는 통일 후 재위 8년 만에 세상을 떠나고, 그의 셋째 아들이
이어서 왕이 되었는데, 나라의 세력은 아직 떨치지 못하여 고려의 앞날이 걱정스러운 점들이 있었지만, 태조의 손자 성종(成宗) 【제6대】 이
즉위하자 현명하게 내치를 잘 함으로써 5백 년의 기초를 다질 수 있었다. 또 같은 왕 15년에 처음으로 철전(鐵錢)을 주조했다. 이는 조선의
역사에서 돈을 주조한 최초의 경우이다. 그렇지만 철전은 아직 일반적으로는 유통되지 않았다. 이처럼 성종의 치적은 평가할 만한 것이 있었지만,
같은 왕 때 처음으로 거란의 침입을 받고, 거란의 신하로 칭하여 속국이 되었다.

 거란(契丹)의 건국

고려 태조가 왕위에 오를 무렵에는 중국에서는 당나라가 이미 망하고 다시 소란스러운 시대였다. 이때 만주 지방에 있던 거란이라는 종족은 원래
당나라에 속해 있었지만, 스스로 일어나 부근을 정복하고, 점점 강성해졌으며, 마침내 신라 시대부터 조선반도의 북쪽에 있던 발해국(渤海國)을
공격하여 멸망시켰다. 거란 태조가 황제라고 칭한 것은 고려 태조가 즉위한 원년보다 2년 앞선 것으로, 거란은 후에 국호를 요(遼)라고
고쳤다. 이리하여 성종이 즉위하기 조금 전에 이르러 송나라가 중국 본토를 통일하고, 만주 및 몽고 지방은 요나라가 점령했다.

 거란에 복속되다

처음에 고려 태조 무렵에는 거란이 아직 강성하지 않았는데, 성종 때에는 그 세력이 매우 강성해졌으므로, 고려는 이 왕 12년에 처음으로
그들의 침략을 받았다. 이때 서희(徐熙)는 거란의 진영으로 가서 거란의 장수에게 말하여 다행히 그들을 물리칠 수 있었다. 그렇지만 이듬해에
왕은 거란에 대해 신하로 칭하고, 거란의 정삭(正朔)을 받들었으며, 이후로 120여 년간 【제17대 인종 때까지】 그들의 속국이 되었다.

 강조(康兆)의 난

목종(穆宗) 【제7대】 때 서경(西京) 【지금의 평양】 의 진장(鎭將) 강조(康兆)라는 사람이 군대를 일으켜 개성으로 침입해 와 왕을 폐하고
현종(顯宗) 【제8대】 을 옹립했다. 요(遼)나라 황제는 미리 고려국의 왕으로 하여금 친히 자기 나라에 입조(入朝)하게 하려 했으므로,
강조가 제멋대로 왕을 폐위하거나 옹립하는 것에 대해, 그 죄를 묻는다는 명분으로, 몸소 지휘하여 침공해 왔다. 강조는 나가서 그들을 막았지만
패배하여 살해되었다. 요나라 군대는 나아가 개성을 함락시키고 불태웠으므로, 왕은 한때 남으로 피신하여 나주로 갔으며, 이때부터 10여 년간
요나라와의 화친은 깨져, 서북 지역은 여러 차례 요의 침략을 받았다. 이때 강감찬(姜邯贊)이 군대를 이끌고 요나라 군대를 방어했는데,
귀주(龜州) 【지금의 평안북도 귀성(龜城)】에서 크게 무찔렀다. 강감찬이 개선하자 왕은 도성을 나와 그를 맞이하고 노고를 위로했다. 이어서
요나라에 화친을 요청하여 그 관계를 옛날처럼 회복했다.

 고려의 전성기

이후, 2대를 지나 문종(文宗) 【제11대】 시대가 되었다. 왕은 현종의 셋째 아들인데 성종과 나란히 칭송되는 훌륭한 임금으로서 몸소
근검절약에 힘썼고, 현명한 인재를 등용하여 치적을 크게 이루었다. 문종은 한편으로는 신하로서 요나라를 섬겼으면서도 또 한편으로는 송나라에
조공을 했기 때문에, 송나라와의 교류가 매우 왕성하여, 상업과 무역은 물론이고 문학(文學)과 의술(醫術) 등 갖가지 문화도 수입했으며,
공예의 발달도 역시 볼 만한 것들이 있었다. 그리하여 70~80년 동안 태평성세를 이루었다. 고려의 문화는 이때가 가장 전성기였다. 그러나
문종 후 5대를 거쳐 예종(睿宗) 【제16대】 에 이르자 운세가 점차 변화했다.

 최충(崔沖)

문종을 보좌한 사람은 최충(崔沖)이라는 현신(賢臣)이었다. 그는 이미 이전 4대의 임금들 밑에서 벼슬을 했으며, 문무(文武)를 겸비하여 문종
때에는 시중(侍中)이 되어 국정을 장악했는데, 왕의 재위 중 【같은 왕 22년】 에 세상을 떠났다. 시호를 내려 문헌공(文憲公)이라고 했다.
거란이 여러 차례 침입해 온 이래 교육은 크게 쇠퇴했는데, 그것을 돌보는 사람이 없자, 그는 벼슬을 그만둔 다음 학생들을 모아 가르치는 데
전념했다. 따라서 해동공자(海東孔子)라고 칭송된다.

 비고(備考)

   왕건(王建)의 세계(世系)
   왕건은 경순왕(敬順王)을 우대했다
   성종(成宗)의 내치(內治)
   화폐 주조의 시작의 문화
   일본과 고려의 관계
   거란(契丹)
   서희(徐熙)의 업적
   강조(康兆)의 난
   강감찬(姜邯贊)의 귀주(龜州)의 승리
   고려 초기문화

 왕건(王建)의 세계(世系)

왕건의 조상은 분명하지 않다. 할아버지를 작제건(作帝建)이라고 하는데, 용신(龍神)의 딸과 결혼하여 예성강(禮城江) 강변의 영안성(永安城)
【경기도 개성군】 에 살았다고 한다. 그의 아들 융(隆)은 곧 고려 태조 왕건의 아버지로서, 태봉(泰封)의 왕인 궁예(弓裔)의
부장(部將)이었다. 왕건은 아버지와 함께 궁예를 섬겼다. 태조부터 문종까지 법통이 전해진 과정을 나타내면 다음과 같다.

 왕건은 경순왕(敬順王)을 우대했다

신라의 마지막 왕인 경순왕(敬順王) 【이름은 김부(金傅)】 은 사방의 영토를 모두 소유하고 있었지만, 고립되고 나약하여 스스로 지킬 수 없게
되자, 고려 태조에게 편지를 보내 나라를 바치고 항복할 것을 요청했다. 태조는 크게 기뻐하여 특사를 보내 의위(儀衛)를 화려하게 하여 왕을
맞이했으며, 태조도 역시 스스로 성 밖에 나와 맞이하여 위로했다. 이어서 태조는 신라의 왕위를 물려받았다. 이때 김부를 정승(政丞)에
임명하고, 지위를 태자(太子)보다 위에 두었으며, 신라국을 없애고 경주라고 하여 김부의 식읍(食邑)으로 주었다. 태조는 이와 같이
평온무사하게 신라를 병합하고, 김부 이하 신하들을 우대했을 뿐만 아니라, 자기의 장녀를 김부의 아내로 삼았으며, 또한 스스로 김부의
백부(伯父)인 김억겸(金億廉)의 딸을 비(妃)로 맞이했다. 경종(景宗) 【제6대】 때에 이르러 또한 김부의 딸을 왕비로 맞이했다. 때문에
김부를 상부령공(尙父令公)에 봉하여 최고의 예우를 갖추었다. 이리하여 김부는 왕[경종] 3년에 세상을 떠났으며, 경순(敬順)이라는 시호를
내렸다.

 성종(成宗)의 내치(內治)

   행정기관
   군사
   농사의 권장
   문교(文敎)
   사회 구제

성종(成宗)은 태조의 유업(遺業)을 이어 여러 제도를 개혁하고 고려 왕조의 기초를 다졌으므로 기억해야 할 것이 적지 않다. 그중 주요한
것들은 다음과 같다.

 행정기관

중앙에 3성(省) 6상서(尙書) 9사(寺)를 두어 각종 정치를 담당했으며, 지방을 10도(道)로 나누고 각 도에는 다시 목(牧), 부(府),
주(州), 현(縣)의 관직을 두었다.

 군사

중앙에 좌우(左右) 군영(軍營)과 중추원(中樞院)을 두고, 지방에는 병마사(兵馬使)를 파견하여 군무(軍務)를 감독하여 변고에 대비했다.

 농사의 권장

스스로 적전(籍田)을 경작하여 모범을 보였으며, 유민(遊民)들에게 직업을 주었으며, 병기(兵器)를 거두어 농구(農具)를 만들었다.

 문교(文敎)

공자(孔子)를 존숭하여 국자감(國子監)을 세우고, 또 상하 모두 불교에 잠식되는 것을 두려워하여, 연등팔관회(燃燈八關會)의 잡기(雜技)를
중단하고, 집을 헐고 절을 세우는 것을 금지했다.

 사회 구제

노비환천법(奴婢還賤法)을 만들어 노비를 점차 양민(良民)이 되게 했으며, 의창(義倉)과 상평창(常平倉)을 설립하여 비상시에 대비했고, 또한
선박을 만들어 지방의 물자를 운반했다. 그 밖에 물가평준법(物價平準法)을 규정하여 시가(市價)의 수준을 조절했으며, 혹은 철전(鐵錢)을
주조했다.

 화폐 주조의 시작의 문화

조선에서 돈을 주조한 기록이 역사에서 보이는 것은, 『고려사(高麗史)』의 성종 본기(成宗本紀) 15년에, “여름 4월 신미(辛未)일에
철전(鐵錢)을 주조했다.”라고 되어 있는 것이 최초의 내용이다. 그렇지만 그것이 어떤 돈인지는 알 수 없다. 후에 숙종(肅宗) 15년에
해동통보(海東通寶)를 주조하여 세간에서 사용했다. 돈의 명칭이 판명된 것으로는 이것이 처음이며, 그것이 현존으로 동전(銅錢)이라는 것을 알게
되었다.

 일본과 고려의 관계

다이고(醍醐) 천황 엔기(延喜) 18년에, 고려의 태조 왕건은 왕위에 올랐다. 그 후 19년이 지나 스자쿠(朱雀) 천황의 조헤이(承平)
7년에 고려 광평성(廣評省) 【후에 상서성(尙書省)이라고 했다. 모든 관료들을 모두 거느렸다.】 은 첩장(牒狀)을 바쳐 조공을 하겠다고
요청했다. 묘의(廟議)에서는 그 청을 허락하지 않고 사신을 돌려보냈다. 덴교(天慶) 2년 【고려 태조 22년】 다시 사신을 보내어
조공하겠다고 청하였으나 결국 받아들이지 않았다. 다자이후(太宰府)로 하여금 고려 광평성에 이첩하여 그 취지를 전했다. 이리하여
우리나라[일본]와 고려의 국교는 이루어지지 않았지만 양국 백성들의 사적인 교류는 신라 시대부터 이어져 이루어졌다. 또 양국에서
표류민(漂流民)은 서로 송환하는 것이 관습이었다. 이상을 요약하자면 충렬왕(忠烈王) 【제25대】 때, 고려 군대가 원나라 군대의 선봉이 되어
우리나라[일본]를 침입할 때까지 350년간 양국은 큰 사건을 일으키지 않고, 평화로운 가운데 사적인 교류를 계속했다.

 거란(契丹)

거란은 요하(遼河)의 상류 시라무룬강(西喇木倫河) 【동몽고(東蒙古)에 있다.】 지방에 거주하는 유목 종족이었다. 8부(部)로 나뉘어 각자
추장을 추대하고, 국가의 체제를 갖추지 않았지만, 당나라 말기에 이르러 야율아보기(耶律阿保機)라는 사람이 모든 부락을 통일하여, 국가의
세력이 발흥하는 기운으로 나아갔다. 야율아보기는 군대를 사방 국경으로 보내 점차 영토를 확장했으며, 마침내 황제의 지위에 올랐으며, 도읍을
임황(臨潢) 【요하의 상류에 있는 몽고 땅】 에 정했다. 【다이고(醍醐) 천황 시대, 신라 신덕왕(神德王)(제53대) 5년, 고려 태조가
즉위하기 2년 전】 그를 거란의 태조라고 한다. 그 후 태조는 발해국을 공격하여 항복시켰으므로, 그 영토는 동쪽의 일본해로부터 서쪽의
천산(天山)에까지 이르렀으며, 만주와 함께 중국의 북쪽 일대의 땅을 전부 차지했다.

태종(太宗)이 이어서 즉위했다. 이때 중국은 당나라가 멸망한 후 오대(五代)의 소란스러운 시기였으므로, 그에 편승하여 중국 본토의 북부를
차지하여, 한때 그 영토는 황하(黃河) 연안에까지 이르렀다. 또 태종 때 국호를 요(遼)라고 고쳤다. 그 후 또 거란(契丹)이라고 고쳤다가
혹은 다시 요라고 하는 등 변화가 한 번이 아니었다. 고려는 거란과 영토가 인접해 있었으므로 성종(成宗) 【거란의 성종(聖宗) 때】 이래
여러 차례 침입을 당했는데, 특히 현종(顯宗) 때에는 수도 개경(開京)은 군대에 의해 불탔으며, 왕은 남쪽으로 난을 피했다. 그렇지만 고려는
성종 때부터 거란의 정삭(正朔)을 받들고 속국(藩屬國)이 되었다. 이렇게 더없이 융성한 거란도 중세 이후에는 내분이 끊임없이 일어나 국가의
세력이 점차 쇠약해졌다. 제9대 천조제(天祚帝)가 즉위하자 술과 음식에 빠져 국정을 돌보지 않았다. 이때 새로 일어난 여진(女眞)은 송나라와
연합하여 거란을 협공함으로써, 일거에 수도를 함락시키고 천조제를 사로잡았다. 그리하여 태조가 나라를 세운 때부터 9대 218년 만에 망했다
【스토쿠(崇德) 천황 시대, 고려 인종(仁宗) 3년】

 서희(徐熙)의 업적

성종(成宗) 12년에 거란이 침입해 왔다. 왕은 친히 그를 막으려고 서경(西京) 【평양】 으로 행차했다. 서희(徐熙)는 중군사(中軍使)가
되어 여러 장수들과 함께 군대에 종사했다. 거란의 장수 소손녕(蕭遜寧)은 봉산군(蓬山郡)을 공격하여 격파했다. 왕은 이로 인해 여러 신하들을
모아 방책을 논의했으나 의견이 모아지지 않았다. 왕은 땅을 떼어 주자는[割地] 주장에 따르려 했지만 서희가 이를 거절하고 스스로 거란의
진영으로 건너가 의견을 절충하는 임무를 맡았다. 소손녕은 서희를 힐난하여 말하기를, “너희 나라는 신라의 땅에서 일어났다. 고구려의 땅은
우리가 차지하고 있다. 그런데 너희가 이를 침략했다. 또 우리와 영토를 접하고 있는데도 그를 고려하지 않고, 바다를 건너 송나라를 섬기는
것은 어찌된 일인가?”라고 했다. 그러자 서희가 대답하기를, “우리나라는 바로 옛날의 고구려이다. 때문에 고려라고 부르고, 평양을 도읍으로
삼았다. 만약 경계를 논한다면 귀국(貴國)의 동경(東京)도 역시 우리의 국경 안에 있다. 그런데 어떻게 이것을 침략이라고 할 수 있는가? 또
찾아가서 천자를 알현하지 못하는 것은 여진이 길을 막고 있기 때문이다.”라고 했다. 서희의 말투가 매우 격렬했다. 소손녕은 강요할 수 없음을
알고 돌아가 구체적으로 상황을 아뢰었다. 거란의 황제가 말하기를, “고려는 이미 화친을 청했다. 군대를 철수함이 마땅하다”라고 했다. 마침내
그는 땅을 떼어 주지 않고 거란을 돌아가게 할 수 있었다. 서희는 목종(穆宗) 원년에 세상을 떠났다. 그의 나이 57세 때이다.

 강조(康兆)의 난

고려 제7대 목종(穆宗)은 경종(景宗)의 뒤를 이어 즉위했다. 이때 그의 나이 18세였다. 모후(母后)인 황보씨(皇甫氏)
【천추태후(千秋太后)】 가 섭정했다. 모후의 외족(外族)으로 김치양(金致陽)이라는 사람이 있었다. 모후의 총애를 받고 멋대로 권세를 부렸다.
마침 목종이 나이가 30세 가까이 되어도 아직 아들이 없었으므로, 치양은 태후와의 사이에서 태어난 자기 아들을 왕으로 세우려고 했다. 왕이
이를 알고 몰래 그의 뒤를 잇게 하려고 태조의 손자인 순(詢)을 맞이하면서, 서경도순검사(西京都巡檢使)인 강조(康兆)로 하여금 군대를
거느리고 와서 호위하도록 했다. 이때 유언비어가 성행하여, 왕이 세상을 떠났다는 소문이 전해져 인심이 흉흉했다. 강조는 병사 5천 명을
이끌고 서경을 출발했지만, 중도에 왕이 아직 죽지 않았다는 소식을 듣고, 마침내 현재의 왕을 폐위하고 새로운 왕을 옹립하기로 뜻을 정하여,
별장(別將) 김응인(金應仁)으로 하여금 순(詢)을 맞이하도록 했다. 강조는 이에 왕에게 퇴위하도록 압박하고 순 【현종】 을 즉위시켰으며,
김치양 부자를 살해하고 태후의 무리들을 유배시켰다. 강조는 더욱 더 위세를 떨쳤는데, 몰래 사람을 보내 폐왕인 목종을 시해했다. 현종(顯宗)
원년에 강조는 거란의 침공을 받고 패하여 사망했다.

 강감찬(姜邯贊)의 귀주(龜州)의 승리

현종(顯宗) 9년에 거란의 장수 소손녕(蕭遜寧)이 침입해 왔다. 병력이 10만 명이라고 했다. 이듬해 정월에 거란 군대가 개성까지 진격해
왔지만, 전세가 조금도 유리하지 않자 퇴각했다. 고려의 장수 강감찬(姜邯贊) 등은 그들을 귀주(龜州)로 불러들여 격파했다. 하지만 승패는
아직 결판나지 않았다. 고려의 장수 송현(宋鉉) 등이 또한 지원을 왔다. 갑자기 폭풍우가 남쪽으로부터 불어와 정기(旌旗)가 북쪽을 가리켰다.
고려의 군대는 이 틈을 타 용기백배하여 그들을 크게 무찔렀으며 점점 더 급하게 추격했다. 얼어 죽은 시체가 들판을 덮었고, 인마(人馬)와
병장기(兵仗器)를 셀 수 없을 만큼 획득했다. 살아서 돌아간 사람은 고작 수천 명에 불과했다. 강감찬이 삼군(三軍)을 이끌고 개선하자 왕은
친히 나와 영파역(迎波驛) 【지금의 흥의역(興義驛)】에서 맞이했다. 비단으로 천막을 치고 음악을 준비하여 장병들에게 잔치를 베풀었으며,
금화(金花) 8매를 머리에 친히 꽂아 주었으며, 왼손은 강감찬의 손을 잡고 오른손은 술잔을 든 채 위로를 멈추지 않았다고 한다.

 고려 초기문화

고려는 개국하고 처음부터 옛 신라의 인재를 등용하고, 그 인재들이 제도와 문물 등을 만들었기 때문에, 고려 최초의 문화는 신라 문화의
연장이라고 할 수 있다. 바꿔 말하자면 당나라 문화의 영향을 받은 것이다. 당시 중국에서는 당나라가 멸망한 후에 일어난 오대(五代)의
난이라는 50여 년간의 소란을 거쳐, 송나라가 점차 통일의 위업을 이루었지만, 【송나라 태조 원년은 고려 광종 11년에 해당한다.】 국가의
기초는 아직 공고하지 못했으므로, 난을 피해 반도로 투항해 오는 자들이 많아, 문운(文運)의 진보에 기여했다. 따라서 송나라의 문화는 제4대
광종 무렵부터 반도에 파급되기에 이르렀다. 그 후 고려가 요나라와 금나라에 복속된 시대에도 은밀하게 송나라에 사대(事大)의 예를 갖추어
사신을 보냈으며, 양국의 상선(商船)도 활발하게 왕래했으므로, 송나라의 문화는 갈수록 반도에 많이 수입되었다.

고려 시대의 공예는 신라 시대에 비해 약간 뒤떨어진 느낌이 있다. 그렇지만 건축과 기타 기술은 현존하는 사원(寺院), 발굴품(發掘品) 또는
『선화봉사고려도경(宣和奉使高麗圖經)』 【고려 인종(仁宗) 때 송나라의 노윤적(路允迪)은 고려에 사신으로 갔다. 그 수행원인 서긍(徐兢)의
견문기(見聞記)이다.】 등에 따르더라도 상당히 발달한 수준에 도달했다는 것을 충분히 엿볼 수 있으며, 그 가운데에서도 고려소(高麗燒)와 같은
것은 가장 정교하기로 유명한 것이다.

 9. 고려 2

   교수요지(敎授要旨)
   강의요령[說話要領]
   주의(注意)
   비고(備考)

【제19 「조큐(承久)의 난」 이후】

 교수요지(敎授要旨)

본과에서는 전과에 이어 고려 중기 2백 수십 년간의 모습을 알려 주어야 한다. 즉 이 시기에 고려는 안으로는 권신(權臣)들이 권력을 잡아
함부로 날뛰고 무신(武臣)들이 권력을 농단하는 시대였으며, 밖으로는 금나라와 원나라에 복속되었는데 특히 원나라의 억압을 받았다는 것을
가르쳐야 한다.

 강의요령[說話要領]

   왕실의 쇠약
   금(金)나라에 복속되다
   무인(武人)의 발호(跋扈)
   몽고에 복속되다
   몽고와 고려 및 일본과의 관계

 왕실의 쇠약

문종(文宗) 【제11대】 부터 5대가 지나 예종(睿宗) 【제16대】 이 즉위했다. 이 왕 때는 국가의 세력이 아직 강성했지만 문종이 왕위에
오른 지 3년 만에 외척 이자겸(李資謙) 【이자겸의 누이는 순종(順宗, 제12대)의 비(妃)이다.】 의 딸을 왕비로 삼았다. 이로 인해
이자겸은 갑자기 권세를 얻어 그 일족의 대다수가 고위 관직에 올랐다. 예종이 죽자 그의 아들이 인종(仁宗) 【제17대】 에 즉위했다. 인종은
바로 이자겸의 딸이 낳았으며 나이가 아직 어렸으므로 【즉위했을 때 14세였다.】 정사는 오직 외할아버지인 이자겸의 수중에 들어갔고 왕실은
크게 쇠약해졌다. 이자겸은 권세를 믿고 횡포가 극심했으므로 후에 마침내 유배에 처해졌다.

 금(金)나라에 복속되다

신라 말기 무렵부터 조선반도의 북부와 만주에서 널리 일어난 여진(女眞)이라는 종족은 점점 강성해져 여러 차례 고려의 북쪽 국경을 유린했지만,
예종 때 【이 왕 10년】 그 추장은 스스로 황제로 칭하고 국호를 금(金)이라고 했으며, 인종 때는 그때까지 고려를 복속시킨 요(遼)나라를
공격하여 멸망시켰으므로, 【이 왕 3년】 왕은 표(表)를 올려 그에게 신하로 칭했다. 【이 왕 4년】 때문에 인종 이후 백여 년간 【제23대
고종 때까지】 고려는 금나라의 속국이 되었다.

 무인(武人)의 발호(跋扈)

인종 때부터 고려의 왕실은 크게 쇠약해졌지만 그의 아들 의종(毅宗) 【제18대】 이 즉위하자 더욱 쇠약해졌다. 왕은 음탕한 짓에 탐닉하여
정사를 돌보지 않았고, 당시 문신(文臣)들은 일반적으로 무신(武臣)들을 업신여겼으며, 왕도 역시 그들을 경멸했으므로 무인들을 크게 분노하게
만들었는데, 장군인 정중부(鄭仲夫) 등은 마침내 군대를 이끌고, 왕이 절에 행차한 틈을 타 그를 구금하여 거제도로 유배시켰으며, 왕의 가까운
신하들과 기타 많은 문신들을 살육하고, 【이 왕 24년】 그 대신 모두 무인들을 채용했다. 그 이후 고려는 무신들이 발호하는 시대가 되었다.

 몽고에 복속되다

의종으로부터 5대가 지나고 고종(高宗) 【제23대】 시대가 되었는데, 이 왕 때 고려의 국내 사정은 또 한 번 변했다. 그것은 이 무렵에
이르러 몽고와 관계를 맺게 되었다는 것이다. 몽고는 중국의 북방에서 일어난 강국이었는데, 사방을 침략하여 그 영토를 확장했으며, 세력이
맹렬하여 당해 낼 수 없었다. 금나라도 역시 몽고의 침공을 받아 크게 쇠약해졌으며, 고려도 고종 18년에 처음으로 몽고의 침략을 받았다.
고려의 군대는 그들을 막아 낼 수 없었으니, 몽고의 군대는 도달하는 곳을 마음대로 약탈했으며 나아가 개성을 압박해 왔다. 이 때문에 고려는
이듬해에 사신을 보내 표(表)를 올리고 신하로 칭했다. 그렇지만 왕은 권신(權臣) 【최이(崔怡)】 의 책략에 따라 난을 피하여 도읍을
강화(江華)로 옮기고 몰래 지키려는 꾀를 냈다. 이에 몽고는 계속하여 왕이 섬을 나와 다시 조정으로 돌아오도록 촉구하고, 셀 수 없이
침범하여 그 참혹한 피해는 실로 말할 수 없을 정도였다. 이와 같은 상황이 28년이나 오랫동안 이어졌는데, 최 씨가 망하자 방침을 바꾸고,
왕 말년 【46년】 에 왕은 이미 늙었으므로 태자인 전(倎)이 대신 원나라에 가서 비로소 평화를 회복할 수 있었다. 이때부터 고려는 그
말기에 이르기까지 백 수십 년 동안 몽고에 복속되었다.

 몽고와 고려 및 일본과의 관계

이리하여 몽고는 고려를 굴복시켰으며, 고종이 세상을 떠난 후 태자인 전(倎) 【원종(元宗)】 이 몽고에서 돌아와 왕위에 올랐을 때는,
세조(世祖)가 제위(帝位)에 있었다. 이때 몽고는 이미 금나라를 멸망시키고, 유럽과 아시아 두 대륙에 걸친 대제국이 되었으며, 국호를
원(元)으로 고쳤다. 원나라는 기세에 편승하여 다시 나아가 일본도 복속시키려고 했는데, 우선 고려 왕을 통해 국서(國書)를 올려 왔다. 그
국서의 글이 무례하여 일본은 단연코 그것을 거부했다. 원나라는 이에 대군을 동원하여 고려의 군대와 함께 규슈(九州)를 침략했다. 일본에서는
그것을 원나라의 겐코[元寇]라고 부른다. 첫 번째는 원종(元宗) 【제24대】 때로, 우리의 분에이(文永) 11년에 해당하며, 다음은
충렬왕(忠烈王) 【제25대】 때로, 우리의 고안(弘安) 4년에 해당한다. 이 두 번의 겐코(元寇)를 우리의 장병들은 잘 막아 내어 싸웠으며,
또한 구풍(颶風)이 일어났으므로, 원나라 군대와 고려 군대는 모두 완전히 패배하고, 원나라는 이로 인해 오히려 그 국력이 크게 손상되었다.
이 무렵은 바로 호조씨(北條氏)가 정권을 장악한 때이다.

 주의(注意)

본과의 말미에 간략히 서술한 겐코(元寇)에 관해서는, 『심상소학 일본역사』 권1 제20 「겐코」에서 상세히 가르쳐야 한다.

 비고(備考)

   이자겸(李資謙)의 전횡
   윤관(尹瓘)
   금(金)나라
   최씨(崔氏)의 전횡
   고려의 강화(江華) 천도
   몽고
   고려의 영토

 이자겸(李資謙)의 전횡

이자겸(李資謙)은 중서령(中書令) 이자연(李子淵)의 손자이다. 그의 누이는 순종(順宗) 【제12대】 의 비(妃)였는데, 왕이 세상을 떠나자
이자겸은 사건에 연루되어 관직에서 쫓겨났다. 예종(睿宗) 【제16대】 때 다시 부름을 받아 둘째 딸을 비(妃)로 바쳤다. 이로부터
가문(家門)의 모든 사람들이 요직에 포진하여 정무를 자기 집에서 처리하기에 이르렀다. 예종이 세상을 떠나자 인종(仁宗) 【제17대】 이
즉위했다. 이자겸은 또 셋째 딸과 넷째 딸을 왕비로 삼게 했다. 내시지후(內侍祗侯) 김찬(金粲) 등은 왕이 이자겸을 싫어하는 것을 알고,
장군 오탁(吳卓)과 모의하여 몰래 이자겸을 제거하려고 했다. 어느 날 오탁 등이 궁중에 난입하여 이자겸의 패거리인 척준신(拓俊臣)을
살해했다. 척준신의 형인 척준경(拓俊京)은 보복을 하려고 궁궐을 포위하고 불을 질렀다. 왕은 피해를 입을 것을 두려워하여 이자겸에게 왕위를
물려주려고 했지만 만류하는 자가 있어 중지했다. 이자겸은 왕을 자신의 집에 가두고 음식에 독약을 넣어 살해하려고 했지만, 왕비의 기지로 왕은
가까스로 죽음을 면할 수 있었다. 그 후 척준경은 이자겸과 점차 멀어졌다. 왕은 척준경에게 설득되어 마음을 왕실에 의지했으므로, 척준경은
이자겸을 잡아 유배시키니, 점차 왕권을 회복할 수 있었다.

 윤관(尹瓘)

윤관(尹瓘)은 본문에는 기록되어 있지 않지만, 그가 여진을 정복했다는 것은 역사에서 유명하므로 여기에서 한마디 해야 한다.

윤관은 자(字)가 동현(同玄)이고 파평현(坡平縣) 【경기도 문산역(汶山驛)】 사람이다. 문과에 급제하고 승진하여 이부상서(吏部尙書)
한림학사(翰林學士)에 임명되었다. 이때 여진(女眞)은 동북경(東北境) 【함경도】 에 자리 잡고 살아 변경의 소란이 끊이지 않았다.
숙종(肅宗) 【제15대】 때 임간(林幹)을 장수로 삼아 여진을 토벌하려 했지만 오히려 크게 패배했다. 그리하여 왕은 윤관으로 하여금 대신
공격하게 했지만 다시 성과를 거두지 못했다. 윤관은 돌아와서 적군과 아군 병사들의 장단점을 깊이 살펴 새로 무반(武班)을 설치하고,
주(州)·현(縣)으로부터 활쏘기와 말 타기에 능한 사람들을 모집하여, 여러 해 동안 군사를 훈련시켰으며, 무기와 식량을 완벽하게 준비했다.
이리하여 예종(睿宗) 【제16대】 2년에 윤관을 원수(元帥)로 삼고, 오연총(吳延寵)을 부원수로 삼아, 다시 여진 정벌에 나섰다. 이때
군대는 모두 17만 명이었으며, 도린포(道鱗浦) 【도련포(都連浦)로 정평(定平)의 북쪽에 있다.】에서 군함을 타고 원정길에 올랐다. 윤관
등은 여진 땅에 도착하여 그 소굴을 공격하여 큰 승리를 거두고, 영주(英州), 웅주(雄州), 복주(福州), 길주(吉州) 등 9성(城) 【모두
함경남도 함흥 부근에 있다.】 을 쌓았으며, 비(碑)를 공험(公嶮) 【길주 부근】 에 세우고 경계로 삼았다. 또 국경 남쪽의 민호(民戶)들을
이주시켜 위의 진(鎭), 성(城)들에 살게 하고 개선했다. 왕은 크게 기뻐하여 왕족으로 하여금 성 밖에서 맞이하게 하고 잔치를 베풀었으며,
윤관 이하 부하들의 관작(官爵)에 차등을 두어 진급시켰다. 그런데 여진의 추장 우야소(鳥雅束)는 이를 회복하려고 끊임없이 침입했다. 윤관은
세 번째 명령을 받들어 여진을 토벌했는데 목숨을 잃은 장병들이 대단히 많았다. 조정에서는 마침내 9성이 너무 멀리 떨어져 있어 지키기
어려우므로, 여진에게 돌려주기로 논의하여 결정했기 때문에, 윤관은 패배의 책임을 지고 한때 관직에서 물러났다. 윤관은 예종 6년에 세상을
떠났으며, 문경(文敬)이라는 시호를 받았다.

 금(金)나라

금나라는 곧 여진족이 세운 나라이다. 여진 완안부(完顔部)의 추장인 우고나이(烏古迺)라는 사람이 모든 부(部)를 통일하여, 거란으로부터
절도사(節度使)에 봉해졌다. 그의 아들 헤리보(劾里鉢), 포라슈(頗刺淑), 영가(盈哥) 및 헤리보의 아들 우야소(鳥雅束)는 연달아 직위를
세습하면서 점차 강대한 기반을 다졌다. 우야소의 동생 아골타(阿骨打)가 즉위하여, 요나라의 세력이 쇠약해진 기회를 틈타, 마침내 스스로
일어서 황제로 칭하고, 도읍을 회령(會寧) 【하얼빈의 남쪽】 에 정했으며, 국명을 금(金)이라고 했다. 【도바(鳥羽) 천황 시대, 고려 예종
10년】 그를 금나라 태조(太祖)라고 한다. 이때 요나라는 천조제(天祚帝)가 재위하고 있었는데, 금나라를 친히 정벌하려다 오히려 크게
패배했다. 이어서 금나라 태종(太宗)은 송나라의 요청을 받아들여 남북 양쪽에서 요나라를 협공하여 멸망시켰다. 【고려 인종(仁宗) 3년】

요나라의 멸망은 대부분 금나라 군대의 힘에 의한 것이다. 그러므로 금나라 태종은 송나라를 매우 가볍게 여기고, 그 허약한 틈을 노려 수도
개봉(開封)을 함락시켰으며, 휘종(徽宗)과 흠종(欽宗) 두 황제를 사로잡아 북쪽으로 돌아갔다. 송나라는 세력이 위축되어 남쪽으로 내려갔으며,
도읍을 임안(臨安) 【절강성(浙江省) 항주부(杭州府)】 으로 옮겼다. 그것을 남송(南宋)이라고 한다. 송나라는 국력이 더욱 쇠약해져 금나라와
싸울 때마다 크게 패하자, 많은 세공(歲貢)을 바치고 화의를 요청했으며, 마침내 금나라의 봉책(封冊)을 받기에 이르렀다. 이리하여 금나라는
발해와 요나라의 옛 영토를 점유했으며, 계속 남하하여 거의 중국 본토의 북반부를 차지하여, 송나라와 회수(淮水)를 경계로 삼게 되었다.
태조의 손자 치쿠나이(廸克乃)는 도읍을 연경(燕京) 【지금의 북경(北京)】 으로 옮기고, 단번에 송나라를 합병시키려고 친히 대군을 이끌고
남쪽 원정에 나섰지만, 오히려 송나라 군대에 패하여 군대를 철수했는데 도중에 살해되었다. 세종(世宗)이 이어서 즉위하여 송나라와 화친을 맺고
오로지 내치(內治)에 전념했지만, 금나라는 이 무렵부터 국력이 점차 쇠약해졌다. 그 후 오래지 않아 중국 북쪽에 강대한 몽고(蒙古)가
일어났는데, 마침내 그에 의해 멸망했다. 【시죠(四條) 천황 시대, 고려 고종(高宗) 21년】 금나라는 나라를 유지한 것이 모두 10황제
120년이다.

 최씨(崔氏)의 전횡

의종(毅宗) 【제18대】 때, 무관파(武官派)의 우두머리인 정중부(鄭仲夫)는 문관(文官)의 횡포에 분노하여 대학살을 자행했으며, 왕을
폐위하고 명종(明宗) 【제19대】 을 즉위시켰다. 이로 인해 문관과 무관의 알력은 점점 심해졌으며 또 무신들 사이에서도 서로 반목하여 분쟁이
항상 끊이지 않았는데, 최충헌(崔忠獻)은 일거에 권신(權臣)인 이의민(李義旼) 일족을 살육하여 그를 대신했다. 최충헌은 새로 왕의 동생을
신종(神宗) 【제20대】 에 옹립하고, 병사들을 사저(私邸)에 주둔하게 하여 변고에 대비했으며, 정령(政令)은 모두 그에게서 나왔다. 그는
병권(兵權)과 정권(政權)을 모두 잡고, 자손들에게 그 직책을 세습한 것이 마치 우리나라[일본]의 장군(將軍) 직책과 같았다. 그것을
영공(令公)이라고 불렀다. 신종이 세상을 떠나고 희종(熙宗) 【제21대】 이 즉위했다. 내시 왕준명(王濬明) 등은 왕이 최충헌을 싫어한다는
것을 알고 승병(僧兵)과 몰래 연락을 취하여 최충헌을 살해하려 했으나 성공하지 못했다. 최충헌은 크게 노하여 왕을 폐위하고 강화도로
축출했으며, 명종의 아들을 강종(康宗) 【제22대】 으로 맞이했다. 왕이 재위한 지 고작 2년 만에 세상을 떠나자, 최충헌은 고종(高宗)
【제23대】 을 즉위시켰다. 최충헌이 죽고 최이(崔怡) 【처음 이름은 우(瑀)였다.】 가 그의 뒤를 이었는데, 아버지의 폭정을 매우 많이
개혁했다. 이때 몽고 군대가 침입해 왔으므로, 이 왕 19년에 최이는 왕을 호위하여 강화도로 난을 피했다. 최이의 아들 최항(崔沆)은
아버지를 대신하여 정권을 잡고, 만약 자기의 마음에 들지 않는 사람은 서슴지 않고 죽였다. 최항이 죽고 그의 아들 최의(崔竩)가 뒤를
이었는데, 나이가 어리고 우둔했으므로, 이 틈을 타 대사성(大司成) 유경(柳璥)과 도령낭장(都領郎將) 임연(林衍) 등이 최의를 살해했다.
최충헌이 무인의 말단 지위에서부터 능력을 발휘하여 국정을 전횡하고부터 여기에 이르기까지 4대 60여 년이 지나 최씨는 멸망했다.

 고려의 강화(江華) 천도

고종(高宗) 【제23대】 19년에 최이는 왕을 받들어 몽고 군대를 피해 강화도로 갔다. 몽고는 여러 차례 사신을 보내 왕이 옛 도성으로
돌아올 것을 촉구했지만 응하지 않았다. 몽고 군사들은 명을 받든다는 명분으로 여러 차례 침입해 왔다. 최씨가 망하자 고종은 태자 전(倎)으로
하여금 대신 입조(入朝)하게 하여 평화를 회복했지만, 아직 강화도에서 나오지 않았다. 고종이 죽고 태자 전 【원종(元宗)】 이 몽고에서
돌아와 왕위에 올랐으며, 이어서 다시 입조했다가 11년 만에 귀국하자, 몽고의 뜻에 따라 수도를 다시 개경(開京)으로 옮겼다. 고려가
강화(江華)로 수도를 옮긴 지 39년 만이었다.

 몽고

   겐코[元寇]

몽고는 원래 오늘날의 외몽고(外蒙古) 지방에서 살던 종족으로, 항상 천막에서 살았으며 유목을 업으로 삼았다. 성질이 용맹하고 말을 잘 탔다.
고려 중기 무렵에 그들의 부장(部長)이던 테무친(鐵木眞)이 있었는데, 근방의 여러 부(部)를 병합하여 내몽고와 외몽고 땅의 거의 전부를
차지했다. 마침내 전체 부족에게 추대되어 대칸[大汗]의 지위에 오르고, 칭기스칸(成吉思汗) 【권력이 가장 강한 군주라는 뜻.】 이라고
불렀다. 【고토바(土御門) 천황 시대, 고려 희종(熙宗, 제21대) 2년】 칭기스칸은 남하하여 금나라를 공격하고 황하(黃河) 이북의 땅을
빼앗았으며, 서하(西夏) 【중국의 서북 지방】 를 멸망시키고 병합했으며, 다시 중앙아시아로 진격하여, 부장(部將)으로서 멀리 오늘날의 러시아
남부를 정복하고, 다시 군대를 돌려 금나라를 침입하다가 중도에 병에 걸려 세상을 떠났다. 그를 원(元)나라 태조(太祖)라고 한다. 그 후
3대, 약 30년 만에 몽고는 금나라를 멸망시키고, 중국 본토의 북반부를 차지했을 뿐만 아니라, 중국 남쪽의 안남(安南) 지방까지를
평정했으며, 또한 그 원정군은 폴란드[波蘭], 독일(獨逸) 등에도 침입하여 유럽과 아시아 두 대륙에 걸친 대제국을 건설했다. 헌종(憲宗)이
세상을 떠나자 이때 송나라를 원정하고 있던 세조 쿠빌라이(忽必烈)가 강남으로부터 군대를 철수하고 제위(帝位)를 계승한 것은, 고려 고종이
세상을 떠난 이듬해이다. 【일본에서는 가메야마(龜山) 천황의 분노(文應) 원년에 해당한다.】 이때 고려는 몽고에 완전히 굴복하고, 태자
전(倎)은 아버지 대신 입근(入覲)하고 몽고 조정에 있었는데, 세조는 전(倎)에게 돌아가서 왕위를 잇도록 했다. 그가 원종(元宗)이다.
원종은 몽고의 연호(年號)를 사용하고, 태자를 몽고에 보냈으며, 자신도 역시 입조하여, 한결같이 공손한 정성을 표시했다. 이리하여 몽고의
뜻대로 되지 않는 것은 단지 일본뿐이었으므로, 세조는 일본을 신하로 복속시키려고 고려를 통하여 국서(國書)를 일본에 바쳤다. 그러나 일본은
그에 대해 답서(答書)를 보내지 않았을 뿐만 아니라, 몽고의 사신이 다시 오자 단연코 그를 처단하고, 규슈(九州)의 방비를 매우 삼엄하게
했다. 이어서 몽고는 국호를 원(元)으로 바꾸고 또한 여러 차례 사신을 보냈지만, 일본은 그에 답하지 않았으므로, 몽고는 고려 원종 15년
【일본 고다이고(後宇多) 천황 분에이(文永) 11년, 원나라 세조(世祖) 지원(至元) 11년】 정월에 장수를 파견하여 전함(戰艦)을 만들도록
독려했는데, 6월에 원종이 세상을 떠나자 충렬왕(忠烈王)이 즉위했고, 같은 해 10월에 군대가 합포(合浦) 【경상남도 창원군】 를 출발하여
일본을 침략했다.

 겐코[元寇]

이때 원나라의 원수(元帥)는 흔도(忻都)였고, 좌우(左右) 부원수(副元帥)는 유복형(劉復亨), 홍다구(洪茶丘) 두 사람이었으며, 고려군의
도독(都督)은 김방경(金方慶)이었다. 그 병력 수는 몽한군(蒙漢軍) 2만 5천 명, 고려군 8천 명, 뱃사공 6천 7백 명이었고, 전함은
9백여 척이었으며, 군량(軍糧)과 배의 자재는 모두 고려에서 징발했다. 연합군은 먼저 쓰시마(對馬)와 이키(壹岐)를 공격했으며, 나아가
지쿠젠(筑前)의 하카타(博多)에 접근했지만, 미리 방비를 삼엄하게 하고 있던 일본은 연합군을 물리쳐 격파했다. 때마침 큰 바람이 일어나
전함이 침몰하고, 익사한 사람이 셀 수 없었으며, 흔도, 김방경 등 장수들은 모두 합포로 도망쳐 돌아갔고, 돌아가지 못한 부하들은 1만 3천
5백 명이라고 역사에 기록되어 있다. 【『고려사(高麗史)』】

이듬해는 바로 고려 충렬왕 원년으로, 왕은 사신을 원나라에 보내 민력(民力)이 피폐하여 다시는 군대를 동원할 수 없다고 읍소했다. 그
궁핍했던 상황은 상상할 만하다. 그러나 원나라는 평소의 뜻을 이루려고 충렬왕 원년과 5년의 두 차례에 걸쳐 사신을 일본에 보내 국서(國書)를
가져왔지만, 그 국서가 무례했으므로 바쿠후(幕府)는 명령을 내려 사신들을 모두 참수함으로써 우리의 결심을 나타냈으며 더욱 방비를 삼엄하게
했다. 원나라는 이전의 패배를 갚지 못하자, 한편으로 고려에 명하여 급히 전쟁 준비를 가다듬도록 했지만, 때마침 충렬왕 5년에는 송나라를
멸망시켰으므로, 그 기세에 편승하여 일거에 일본을 굴복시키려고 하여, 같은 왕 7년 【일본 고다이고 천황 고오안(弘安) 4년, 원나라 세조
지원(至元) 11년】 에 다시 대군을 동원하여 일본을 침략했다. 이때는 군대를 동로군(東路軍)과 강남군(江南軍)으로 나누었는데, 동로군은
몽고족과 한족 병사 약 3만 명, 고려 병사 약 1만 명으로 구성되었으며, 그 전함은 9백 척으로 흔도, 홍다구 등이 그 장수였고, 김방경이
고려군을 이끌었다. 또 강남군은 만족(蠻族) 병사 10여만 명으로 구성되었으며, 전함은 3천 5백 척였는데, 범문호(范文虎) 등이 이들의
장수였다. 범문호는 바로 송나라에 항복한 장수였다. 동로군은 우선 합포를 출발하여 이키를 거쳐 지쿠젠으로 접근했지만, 일본군이 분전하여
원나라 군대는 거듭하여 패배했으며 또한 질병에 크게 시달렸다. 그러는 사이에 범문호가 이끄는 강남군은 시기를 놓쳐 늦게 와서 간신히
합류했으며, 막 동로군과 함께 서둘러 나아가려고 했지만, 때마침 구풍(颶風)이 크게 일어나, 원나라의 함선들은 전복되기도 하고 파손되기도
하여, 익사한 사람이 셀 수 없이 많았다. 여러 장수들은 도망쳐 돌아갔다. 원나라 군대는 죽은 자가 10만여 명, 고려군은 죽은 자가 7천여
명이었다고 한다. 원나라는 이후에 다시 군대를 일으켜 지난번의 패배를 갚으려고 여러 차례 시도했지만, 끝내 이루지 못했다.
【『원사(元史)』·『고려사(高麗史)』·『동국통감(東國通鑑)』】

충렬왕 이후에는 대대로 원나라의 공주를 왕비로 맞이하고, 원나라 이름을 사용했으며, 국왕의 폐위와 즉위도 역시 완전히 원나라의 뜻대로 했다.

원나라는 한때 대단히 강성했지만, 일본을 공격하여 대패하면서부터 국력이 차츰 피폐해져, 자타가 공인하는 대제국도 점차 분열되어 내란이 끊이지
않았다. 고려 공민왕(恭愍王) 【제31대】 5년에, 명나라 태조 주원장(朱元璋)은 강남에서 일어나 금릉(金陵) 【남경(南京)】 에서 승리를
거두고, 같은 왕 17년에 마침내 연경(燕京)을 함락시켰으므로, 원나라 순제(順帝)는 막북(漠北)으로 도망가, 간신히 명맥을 유지하는 데
불과했다. 원나라는 태조부터 이때에 이르기까지 14대 왕 165년 동안 이어졌다.

 고려의 영토

   거란 및 금나라와의 국경
   몽고와의 국경
   고려 말기의 국경

고려의 행정구역은 성종(成宗) 【제6대】 때 국내를 10도(道), 28주(州), 468현(縣)으로 분할했지만, 현종(顯宗) 【제8대】 때
4도호(都護) 8목(牧)으로 고쳤고, 후에 다시 5도(道) 양계(兩界)로 바꾸었다. 그러나 고려는 거란(契丹), 금(金), 몽고(蒙古) 등과
항상 북쪽의 강국들과 국경을 접하고 있었으므로, 그 영토는 때에 따라 늘어나기도 하고 줄어들기도 하는 것을 피할 수 없었다. 여기에서 그
개략적인 내용을 서술하고자 한다.

 거란 및 금나라와의 국경

고려는 서쪽으로는 거란과 압록강 하류를 경계로 삼았고, 동쪽으로는 여진(女眞)과 영흥(永興), 정평(定平) 방면을 경계로 삼았다. 때문에
고려는 서쪽의 압록강 하구부터 시작하여 비스듬히 반도를 횡단하여 함경남도 정평을 지나 동쪽으로 일본해 연안의 도련포(都連浦)에 이르기까지
장성(長城)을 쌓음으로써, 국경의 방비를 공고히 했다. 이 장성은 덕종(德宗) 【제9대】 2년에 유소(柳韶)에게 명하여 쌓은 것을 시작으로,
정종(靖宗) 【제10대】 10년에 이르기까지 약 12년에 걸쳐 완성한 것이다. 현재 압록강이 바다로 흘러드는 하구에 가까운 의주군(義州郡)
광성면(光城面) 성외동(城外洞) 고성(古城)에서부터 시작하여, 마치 긴 뱀처럼 평안북도와 함경남도의 두 도를 거쳐 정평에 이르는데, 대체로
해안에 이르기까지의 그 궤적을 알 수 있다. 윤관(尹瓘)이 여진을 정벌하고 9성을 설치했을 때는, 한때 그 국경이 함흥(咸興)의 북쪽에 있는
공험진(公嶮鎭)에 이르렀지만, 그 위치를 알 수 없으며, 오래지 않아 그 전으로 돌아갔다. 그 후 여진이 나라를 금(金)이라고 부르면서부터
금이 망할 때까지 국경에 변화가 없었다.

 몽고와의 국경

고종(高宗) 【제23대】 21년에 몽고가 금나라를 멸망시키자 그 땅은 모두 몽고가 차지하였다. 같은 왕 45년에 몽고가 장병들을 거느리고
와서 화주(和州) 【영흥(永興)】 땅에 주둔했다. 이때 용진(龍津) 사람인 조휘(趙暉)와 정주 사람인 탁청(卓靑) 등이 함께 반란을 일으켜
화주 부사(副使) 등을 살해하고, 화주 이북의 땅을 몽고에 종속시켰다. 이에 몽고는 화주에 쌍성총관부(雙城摠管府)를 설치하고, 조휘를
총관(總管)으로 임명했으며, 탁청을 천호(千戶)로 삼아 자손이 각자 그 직위를 세습하게 했다. 이리하여 고려의 동북(東北) 국경은 금나라
시대에 비해 조금 밀려났다. 그 후 12년이 지나 원종(元宗) 【제24대】 10년에 임연(林衍)이라는 자가 극도로 흉포하여 왕을 폐위하고
왕의 동생인 우(瑀)를 옹립하여 정권을 농단했으므로, 같은 해에 서북면병마사(西北面兵馬使)의 관리인 최탄(崔坦)이라는 사람이 임연을
살해한다는 명분으로 군대를 일으켰다. 서북의 여러 주(州)에는 그에 호응하는 사람들이 많았다. 최탄은 서경(西京) 【평양】 유수(留守)와 그
밖의 여러 주의 수령들을 살해하고, 이듬해에 몽고에 복속하고 군대를 요청했다. 몽고는 이에 응하여 서경을 동녕부(東寧府)라고 고쳐 부르고,
자비령(慈悲嶺)을 고려와의 경계로 삼고, 최탄을 총관으로 삼았다. 자비령은 대동강 유역의 남쪽에 있으며 황해도에 속했다. 그 후 최탄은 죄를
지어, 충렬왕(忠烈王) 【제25대】 16년에, 원나라는 동녕부를 폐지하고, 서북의 모든 성들을 돌려주었다. 때문에 자비성 이북의 땅은
원나라에 속한 지 20년 만에 고려에 돌아올 수 있었다. 공민왕(恭愍王) 【제31대】 5년에 원나라가 쇠퇴한 것을 틈타, 유인우(柳仁雨)에게
명하여, 군대를 이끌고 쌍성총관부를 공격했다. 유인우는 이자춘(李子春) 【이성계의 아버지】 의 은밀한 도움으로 그곳을 함락시킬 수
있었으므로, 고려는 이에 원나라에 표(表)를 올려, 정식으로 그 점령을 승인해 주도록 요구했다. 화주(和州)를 원나라의 치하에 빼앗긴 후
이때까지 99년이 걸렸다.

 고려 말기의 국경

고려 공민왕 때, 동북 국경을 회복한 후 이씨(李氏)가 오랫동안 함흥 방면에서 임무를 맡아 변경의 여진 부족들을 진압했으므로, 여진은 점차
항복하여 귀순해 왔다. 그러므로 고려는 원나라의 위력이 실추된 틈을 타 점차 국경을 북쪽으로 옮겼는데, 마지막 왕인 공양왕(恭讓王) 때,
동북쪽의 단천(端川), 길주(吉州), 갑산(甲山), 서북쪽의 초산(楚山) 등은 모두 고려의 영토 내에 있었지만, 장진(長津), 강계(江界)
지방은 아직 고려의 영토에 편입되지 못했다.

 10. 고려 3

   교수요지(敎授要旨)
   강의요령[說話要領]
   비고(備考)

【제23 「요시노(吉野)의 조정(朝廷)」이후】

 교수요지(敎授要旨)

본과에서는 주로 고려가 원나라에 복속된 시대의 문화에 대해 가르쳐야 한다.

 강의요령[說話要領]

   주자학(朱子學)의 전래
   불교와 미신

 주자학(朱子學)의 전래

이미 서술했듯이 고려 초기에는 그 문화가 상당히 성황을 이루었지만, 중기에 들어서서 발전하지 못했다. 특히 무인(武人)이 세력을 얻고 또
전란이 끊이지 않았으므로, 사람들이 무(武)를 숭상하고 문(文)을 천시하여 학문이 크게 쇠퇴했다. 원나라에 복속된 후에 문운(文運)이 점차
회복되는 듯했지만, 오히려 승려들이 한학(漢學)을 가르치는 양태였다. 이 시대의 사건으로서 기억해야 할 것은 주자학(朱子學)이 전래된
것이다. 이 학문을 전한 것은 백이정(白頤正)이라는 사람으로, 그는 충숙왕(忠肅王) 【제27대】 때 원나라에 갔다가, 당시 그의 나라에
유행하던 정주(程朱)의 학문을 배워 돌아왔다. 이것이 조선에서의 주자학의 시초이다. 이제현(李齊賢) 【호는 익재(益齋)】 등이 주자학을
배웠으므로, 이 학문은 처음으로 흥성했고, 고려 말기에는 이색(李穡), 【호는 목은(牧隱)】 정몽주(鄭夢周) 【호는 포은(圃隱)】 등의
학자들이 배출되었으며, 이조(李朝)에 이르러 점점 더 발전했다.

 불교와 미신

불교는 태조 왕건 이래 역대 왕들이 깊이 존중하여 믿었으므로, 신라 시대보다 한층 융성했다. 정치에서는 갖가지 변천이 있었음에도 불구하고
불교는 각 시기를 통하여 줄곧 쇠퇴하지 않았으며, 왕자 등이 승려가 된 경우도 적지 않았다. 문종(文宗) 【제11대】 때 불교가 가장
융성하여, 이 왕 21년에 지은 흥왕사(興王寺) 【절터는 경기도 개성군 진봉면 흥왕리에 있다.】 라는 대가람(大伽藍)은 공사에 12년이
걸렸다. 또 문종의 왕자인 후(煦)는 가장 유명한데, 송나라에 가서 법(法)을 구했으며, 또한 많은 불서(佛書)들을 구해 왔다. 시호는
대각국사(大覺國師)라고 한다. 그렇지만 불교가 너무 성행하여 재력(財力)을 낭비하게 되고, 또는 정치적으로 국가에 해를 끼치는 것이 결코
적지 않았다. 공민왕(恭愍王) 【제31대】 때 왕은 승려 신돈(辛旽)을 믿고 국정을 맡겼으므로, 신돈의 전횡은 나날이 심해져, 의복과 수레
등이 왕의 것에 비길 정도였으며, 그 패거리가 조정에 가득했는데, 마침내 모반을 꾀하여 유배에 처해졌고 이어서 주살되었다. 이것이 불교의
정치적 폐해 중 가장 대표적인 예이다. 또 신라 무렵부터 풍수설(風水說)이라는 일종의 미신(迷信)이 성행하여 사람들의 마음을 크게
현혹하였다.

 비고(備考)

   백이정(白頤正)
   이제현(李齊賢)
   이색(李穡)
   정몽주(鄭夢周)
   대각국사(大覺國師)
   신돈(辛旽)
   고려판 대장경(大藏經)
   풍수설(風水說)
   도선(道詵)

 백이정(白頤正)

백이정(白頤正)은 남포군(藍浦郡) 【충청남도】 사람으로, 보문각(寶文閣) 학사(學士) 백문절(白文節)의 아들이다. 백이정은 충선왕(忠宣王)
【제26대】 을 섬겼는데, 왕을 도와서 인도하는 데 뜻을 두어 말을 많이 하지 않았다. 이때 정주(程朱)의 학문이 처음으로 중국에서
시행되었지만 아직 고려에 전해지지 않았다. 백이정은 원나라에 있을 때 정주의 학문을 배워 돌아와 이제현(李齊賢), 박충좌(朴忠佐) 등에게
전했다. 이로 인해 주자학(朱子學)이 반도에서 전해졌다.

 이제현(李齊賢)

이제현(李齊賢)은 자(字)가 중사(仲思)이고 호는 익재(益齋)이다. 충렬왕 【제25대】 13년에 태어났다. 나이가 15세가 되자
성균관(成均館)의 시험에서 장원을 차지했다. 때마침 백이정은 원나라에서 정주(程朱)의 학문을 터득하여 돌아오자, 이제현은 이를 크게 기뻐하여
주자학을 배웠다. 이로 인해 송나라 유교의 성리(性理)의 학문이 비로소 고려에 전해졌다. 충선왕(忠宣王) 【제26대】 은 원나라에 있으면서
만권당(萬卷堂)을 짓고 내외의 학자들을 불러모았다. 이제현도 역시 초대되어 원나라로 건너가 석학들과 왕래하여 학문이 크게 향상되었다. 그 후
왕은 자리에서 물러나 항상 원나라에 있었지만, 모함을 받아 토번(吐蕃)으로 유배되었다. 이제현은 여러 차례 상소를 올려 사면을 요청하여 겨우
돌아올 수 있었다. 충목왕(忠穆王) 【제29대】 이 즉위할 당시 나이가 겨우 8세였다. 이제현은 왕의 스승이 되어 모든 정성을 다해 왕을
인도하는 데 힘을 쏟음과 동시에, 찬수(纂修)의 사업에도 종사하여 공을 세웠다. 공민왕(恭愍王) 【제31대】 16년에 세상을 떠났다. 이때
나이 81세였다. 시호는 문충(文忠)이라고 한다. 『익재집(益齋集)』이 세상에 전해지고 있다.

 이색(李穡)

이색(李穡)은 자가 영숙(穎叔)이며 호는 목은(牧隱)이다. 찬성사(贊成事) 이곡(李穀)의 아들이다. 어려서부터 원나라에서 살면서 학문을 배워
견문이 넓고 학식이 풍부하며, 또한 시문(詩文)을 잘했다. 아버지의 상을 당해 원나라에서 돌아와, 임금에게 글을 올려 당시의 폐정(弊政)을
논하고, 이어서 원나라가 개성에 설치한 정동행중서성(征東行中書省)의 유관(儒官)이 되었으며, 또한 성균관 대사성(大司成)을 겸직했다. 이색은
매일 명륜당(明倫堂)에 앉아 가르쳤으며, 강의가 끝나면 서로 논쟁을 벌이는 것을 싫어하지 않았다. 이 때문에 학자들이 대단히 많이 모였으며,
정주(程朱)의 학문이 크게 일어났다. 폐왕(廢王) 우(禑)는 이색을 사부(師傅)로 삼았으며, 한산군(韓山君)에 봉했다. 조민수(曺敏修)가
우를 폐위하고 창(昌)을 왕으로 세우려 하여, 당시의 이름난 유학자인 이색의 말을 빌리려고 몰래 그것에 대해 물었다. 그러자 이색은 그것을
찬성했다. 이 때문에 조민수가 죄를 짓게 되자 이색도 역시 그에 연루되어 파직되어 함창(咸昌)으로 유배되었다. 공양왕(恭讓王)이 즉위하여
일단 용서받고 돌아왔지만, 정몽주가 죽임을 당하자 그에 연루되어 그의 둘째 아들과 함께 파직되어 유배되었다가, 여흥(驪興)에서 세상을
떠났다. 그의 나이 69세 때이다.

 정몽주(鄭夢周)

정몽주(鄭夢周)의 자는 달가(達可)이며, 호는 포은(圃隱)이다. 공민왕 9년에 과거에 응시하여, 선발된 첫 번째 사람이다. 정몽주는
어려서부터 학문을 좋아하여 시문에 뛰어났으며, 정주(程朱)의 학문에 정통했다. 때문에 동방이학(東方理學) 【즉 정주(程朱)의 학문】 의
시조라고 불렸다. 벼슬은 진현관(進賢館) 대제학(大提學)에 이르렀으며, 성균관 대사성을 겸직했다. 정몽주는 성격이 호탕하고 절의(節義)를
숭상하여, 원나라에 사신으로 간 적도 있고, 명나라에 사신으로 가서 힘쓴 적도 적지 않았다. 또 폐왕 우 시기에, 일본 【하카타(博多)】 에
사신으로 가서 침략을 중단할 것을 요청하고, 일본의 유학자들과 만나 글로써 이름을 알렸다. 공양왕 때, 정몽주는 대명률(大明律)과 원나라와
고려의 법령을 참작하여 새로운 법령을 지어 올렸다. 정몽주는 이성계의 위세와 덕망이 나날이 높아지는 것을 꺼려했으며, 또한 그가 야심을 품고
있다고 의심했는데, 비밀리에 조준(趙浚), 남은(南誾), 정도전(鄭道傳) 등이 이성계를 추대할 계책을 꾸미고 있다는 것을 알고, 그 틈을 타
일을 도모하려고 했다. 그러나 거꾸로 반대파들이 먼저 일을 도모했다. 공양왕 4년에 이성계가 세자 석(奭)이 명나라에 가서 조현(朝見)을
마치고 돌아오는 것을 맞이했으며, 이어서 해주에서 사냥을 하다가 낙마했으므로, 정몽주는 이성계의 집으로 가서 그를 문안했는데, 돌아오는 길에
이방원(李芳遠) 등에게 암살되었다. 이때 그의 나이 56세였다. 문충(文忠)이라는 시호를 받았다.

 대각국사(大覺國師)

대각국사(大覺國師) 후(煦)는 자가 의천(義天)이며 문종(文宗)의 넷째 아들이다. 태조 왕건 이후 역대 왕들은 독실하게 불교를 믿어
서자(庶子)는 반드시 승려가 되어야 한다고 정했다. 후는 적출(嫡出)의 왕자였지만, 어려서 출세의 뜻을 접고 스승을 따라 영통사(靈通寺)에서
살았다. 자질이 총명하여 배우는 것을 좋아했고 유교와 불교에 모두 통달했다. 후는 송나라에 들어가 법(法)을 구하려고 했지만 부왕(父王)이
이를 허락하지 않았다. 선종(宣宗) 2년에 재상의 적극적인 간언에도 불구하고 몰래 제자 두 명과 송나라 상선을 타고 송나라로 가서, 황제를
알현하고 성지를 탐방했으며, 명승(名僧)들을 방문한 뒤 이듬해 귀국하여 천태종(天台宗)을 창시했다. 후는 또한 흥왕사(興王寺)에
교장도감(敎藏都監)을 설치하고, 불서(佛書)를 요(遼), 송(宋) 및 일본(日本)으로부터 약 4천 권을 구입하였는데, 그것들을 모두
간행했다. 그러는 사이에 남쪽을 유람하여 명산(名山)들을 두루 돌아다니다가 해인사(海印寺)에서 거주했다. 숙종(肅宗) 【제15대】 이
즉위하자 흥왕사의 주지가 되었다. 이 왕 6년에 47세를 일기로 사망했다. 시호는 대각국사(大覺國師)라고 한다.

 신돈(辛旽)

신돈(辛旽)의 처음 이름은 편조(遍照)였으며, 계성현(桂城縣) 【지금의 경상남도 영산군(靈山郡) 안에 있다.】 옥천사(玉川寺)의 한 천한
승려였다. 공민왕(恭愍王) 【제31대】 이 몰래 불러서 갔다고 전해지기도 한다. 공민왕은 신돈이 매우 총명한 것을 크게 기뻐했으며, 마침내
그를 믿고 사부(師傅)로 삼았으며, 국정을 자문하여 그의 말에 따르지 않는 것이 없을 지경이 되었다. 14년에 왕은 그를 진평후(眞平侯)에
봉했는데 이때부터 더욱 존중받았으며, 이름을 ‘돈(旽)’으로 고쳤다. 이리하여 신돈은 전횡이 날로 심해져 의복과 수레 등이 왕의 것에 비길
정도였으며, 그의 패거리들이 조정에 가득했는데 마침내 왕을 해치려고 하기에 이르렀다. 왕은 스스로 안심하지 못했으며 점차 그가 역모를 꾸미고
있다는 것을 알고, 20년에 체포하여 수원(水原)으로 유배시켰으며 이어서 그를 주살했다.

 고려판 대장경(大藏經)

고구려 소수림왕(小獸林王) 때 불교가 처음으로 조선반도에 전래된 이후 경문(經文)의 수입, 서사(書寫), 간각(刊刻) 등은 일일이 다 헤아릴
수 없다. 그러나 대장경 전체를 판각(板刻)하여 인쇄 발행한 것은 고려 현종(顯宗) 및 고종(高宗) 때의 두 번뿐이다. 그런데 전자는 이미
유실되어 오늘날에는 전해지지 않지만, 후자는 현재 경상남도 합천군 해인사(海印寺)에서 경판(經板)을 소장하고 있으며, 그 수량은 8만
1137매이다. 거의 누락된 판이 없다. 이 경판은 원래 몽고의 폭압을 물리치기 위한 고종의 발원(發願)에서 시작되었으며, 15년의 세월을
들여 완성한 것으로, 【지금으로부터 약 670년 전】 현존하는 대장경 가운데 가장 완비된 것이라고 일컬어진다. 참으로 세계의 소중한
보물이라고 할 수 있다.

 풍수설(風水說)

풍수설(風水說)은 또 지리법(地理法), 상지술(相地術), 감여술(堪輿術) 등이라고도 부른다. 풍수란 바람을 가두고 물을 얻는다[藏風得水]라는
의미이다. 즉 산이나 강의 형세의 특수한 조건에 적합한 땅의 모습을 살펴보고, 그곳에 도읍, 궁궐, 무덤 등을 정함으로써, 한 나라나 한
가정의 번영을 도모하는 것을 말한다. 이 설(說)은 중국으로부터 조선에 전해진 것으로, 중국에서는 당나라 시대에 성행했으므로, 반도에서는
그의 영향을 받아, 이미 신라 통일시대부터 행해졌으며, 고려 시대에 들어서서 더욱 성행했다. 그렇지만 신라와 고려에서는 주로 도읍 건설,
마을 건설[設邑], 궁궐 건립의 경우에 사용되었으며, 고려 시대부터 능묘(陵墓)의 위치 선택에도 이 설을 응용하기에 이르렀다. 이조(李朝)
시대에 들어서서 한층 왕성하게 보급되었으므로 상하 모두가 이 미신에 빠져들었으며 온갖 폐해를 낳기에 이르렀다. 이에 따라 고려 시대에는
서운관(書雲觀)이라는 관청을, 이조 시대에는 관상감(觀象監)이라는 관청을 설치하여 천문(天文), 지리(地理)에 관한 사항을 관장했다.
오늘날에도 민간에서 일관(日官)이라 불리며, 택지(擇地), 복일(卜日) 등을 업으로 삼는 사람이 여전히 존재한다. 앞에서 기록했듯이 풍수설은
신라 시대부터 행해졋는데 누구에 의해 전해졌는지 분명하지는 않지만, 대개 도선(道詵)을 이 설의 시조로 간주하고 있다. 따라서 지금 여기에
그의 약전(略傳)을 덧붙인다.

 도선(道詵)

도선(道詵)은 신라 말기의 승려이다. 성(姓)은 김씨(金氏)이고 신라 흥덕왕(興德王) 【제42대】 2년에 전라남도 영암(靈巖)에서 태어났다.
나이 15세에 출가하여 월유산(月遊山) 화엄사(華嚴寺) 【구례군 지리산의 화엄사】 의 승려가 되었다. 나이 20세 무렵에 혜철대사(惠徹大師)
밑에서 배워 크게 깨우침을 얻었다. 이리하여 명성이 사방에 알려지게 되었다. 도선은 각지를 두루 돌아다니다가 희양현(曦陽縣) 백계산(白雞山)
옥룡사(玉龍寺) 【절터는 전라남도 광양군 옥룡면에 있다.】 의 한적하고 아름다운 경치를 좋아하여, 이곳에서 남은 생을 마치기로 했다. 때문에
옥룡자(玉龍子)라고 부른다. 헌강왕(憲康王) 【제49대】 은 그를 불러 궁중에 머물도록 했지만 곧 산으로 돌아갔으며, 신라 효공왕(孝恭王)
【제52대】 2년에 72세를 일기로 입적했다. 【궁예가 반란을 일으켜 왕이라고 칭하기 3년 전】 도선은 일찍이 비범한 사람을 만나 모래를
모아서 산천순역(山川順逆)의 이치를 배웠는데, 그로부터 더욱 음양오행(陰陽五行)의 술법을 연구했다. 그곳이 지금의 구례군(求禮郡)이다. 그는
역시 일찍이 송악군(宋岳郡)에 갔다가 우연히 융(隆) 【왕건의 아버지】 의 집을 지났는데, 훗날 왕건이 태어나 왕이 될 것임을 예언했다고
한다. 이와 같은 신비한 전설들은 원래 믿을 만한 것이 아니라 할지라도, 도선이 풍수지리설에 통달한 신승(神僧)이라고 부르는 것, 특히 고려
태조의 출생을 예언했다고 일컫는 것은, 고려의 역대 왕들과 일반 백성들이 그를 존경하고 받들어 마지않는 원인이 되었다고 한다. 그런데 고려
현종(顯宗) 【제8대】 때 처음으로 도선에게 대선사(大禪師)를 추증하고, 숙종(肅宗) 【제15대】 은 그에게 왕사(王師)라는 칭호를
더했으며, 인종(仁宗) 【제17대】 은 선각국사(先覺國師)로 추봉(追封)했고, 의종(毅宗) 【제18대】 은 명령을 내려 그의 비석을 세웠다.
이처럼 그는 풍수설의 유행과 함께 세상 사람들의 독실한 존숭과 믿음을 받았으며, 예로부터 전해 오는 『도선밀기(道詵密記)』 등으로 일컬어지는
비서(秘書)가 민간에 유행하여, 사람들의 마음을 현혹한 바가 적지 않았다.

 11. 고려 4

   교수요지(敎授要旨)
   강의요령[說話要領]
   비고(備考)

【제23 「요시노(吉野)의 조정(朝廷)」 이후】

 교수요지(敎授要旨)

본과에서는 고려 말기의 약 40년간의 정세와 함께 고려 멸망의 모습을 가르쳐야 한다.

 강의요령[說話要領]

   변경의 침입
   명(明)·원(元)과 고려의 관계
   이성계(李成桂) 및 그의 조상
   고려의 멸망

공민왕(恭愍王) 【제31대】 이후 4대 40여 년간은 고려의 말기로서, 이 왕이 즉위한 때는 일본의 고무라카미(後村上) 천황 【제97대】
시대에 해당한다.

 변경의 침입

이보다 앞서 신라 통일시대의 중기 무렵, 즉 일본에서는 헤이안(平安) 시대 초기 무렵부터 신라의 국정은 점차 문란해져, 그 변방 백성들은
일본의 규슈(九州)로 나갔으며, 아울러 일본해 연안을 여러 차례 괴롭혔다. 때문에 일본은 그에 대한 방비를 엄중히 했다. 고려 시대에
들어서자 이러한 일은 점차 줄어들었지만, 고려의 말기에 이르러 공민왕이 즉위하기 얼마 전부터, 일본에서는 소란이 계속되어, 천황은
요시노(吉野)로 행차하셨으므로, 중앙 정부의 명령은 국내에서 널리 행해지지 못했으며, 그에 편승하여 변방 바닷가의 인민들은 배를 타고 나가
마음대로 중국이나 조선 연안의 백성을 괴롭혔다. 이에 중국과 고려의 백성들은 크게 괴로워했으며 그들을 왜구(倭寇)라고 불렀다. 고려에서는
공민왕 이후에 그 피해가 매우 심각하자, 여러 차례 일본에 사신을 보내 왜구의 침범을 막아 줄 것을 요청했다. 때문에 바쿠후(幕府) 등에서도
침범을 중지시키려고 노력했지만 쉽게 효과를 거두지는 못했다.

 명(明)·원(元)과 고려의 관계

공민왕 때, 그때까지 대단히 광대한 국토를 보유하고 있던 원나라도 분열되어 국력이 크게 쇠약해졌으며, 중국의 남부에서는 명나라가 일어났다.
명나라가 점차 북쪽을 공격하여 마침내 원나라의 수도인 북경(北京)을 함락시킨 것은 같은 왕 17년이다. 원나라 황제는 어쩔 수 없이 북쪽
몽고 지방으로 달아나 겨우 그 나라를 유지했다. 이러한 까닭에 고려의 신료들 가운데에는 새롭게 명나라를 섬기자고 하는 자들과 과거와 같이
원나라를 섬기자고 하는 자들의 두 파가 생겨나 서로 권세를 다투었다. 이것이 고려 말기의 모습이었다. 이때 고려의 신하들 가운데 가장 두각을
나타낸 사람이 이성계(李成桂)였다.

 이성계(李成桂) 및 그의 조상

이성계의 조상은 원래 전주(全州)에서 살다가 신라의 신하로 지냈지만, 후에 까닭이 있어 함경도로 이주했다. 때문에 원나라가 함경도 지방을
차지할 무렵에는 원나라를 섬겨 그곳의 지방관이 된 적이 있었다. 그렇지만 공민왕 때에는 원나라가 크게 쇠약해지자, 왕은 공공연히 원나라에
반대하는 태도를 취하여, 이 왕 5년에는 그때까지 사용하던 원나라의 연호를 중단했을 뿐만 아니라, 같은 해에 장수를 파견하여 영흥(永興)의
원나라 쌍성총관부(雙城摠管府)를 공격했다. 【쌍성총관부에 관해서는 이 책 고려 2 비고 7 「고려의 영토」 참조】 이때 이성계의 아버지
이자춘(李子春) 【후에 추존하여 환조(桓祖)라고 했다.】 은 영흥에 있었는데, 왕명을 받들어 몰래 고려군을 도와, 쉽게 성을 함락할 수
있도록 했다. 이자춘은 후에 그 공으로 이 방면의 지방관 【삭방도(朔方道) 만호(萬戶) 겸 병마사(兵馬使)】 에 임명되어, 함흥(咸興)에
있으면서 고려의 국경을 안정시켰다. 이것이 이씨가 드러나는 시작이다. 그 후 이성계는 아버지의 직위를 이어받아 오랫동안 이 방면에서
재임했지만, 당시 함경도의 북부에는 여진족(女眞族)이 대단히 많이 살고 있어, 반역과 복종이 항상 일어났으므로, 늘 그것을 안정시키고
위무하는 데 온 힘을 쏟았다. 또한 여러 차례 그 지방들에서 왜구를 방어하고 그들을 물리치는 데 공을 세웠다. 이리하여 이름이 크게
알려졌으며 마침내 국정(國政)에 참여하는 데까지 오르게 되었다. 위에서 서술한 바와 같이, 당시 고려는 나라의 운명이 매우 곤란한 처지여서,
때로는 원나라와 친했고 때로는 명나라와 친하여 그 방침이 일정하지 않았지만, 이성계는 처음부터 명나라와 친하게 지낸다는 방침을 취하고 점차
세력을 획득했으며, 마침내 마지막 왕인 공양왕(恭讓王) 【제32대】 을 추대하여 옹립했다.

 고려의 멸망

이성계는 과거의 공훈이 혁혁한 사람이었으며, 또한 왕을 추대하여 옹립함으로써 위세가 그보다 더한 자가 없었으며, 수많은 사람들로부터 존중을
받게 되었다. 이리하여 조정의 신하들 가운데 많은 사람들은 뜻을 이성계에게 기울이고, 그를 왕으로 추대할 그 계획을 세우기에 이르렀다. 단지
정몽주(鄭夢周) 등은 그 계획을 반기지 않고 오히려 막으려고 했다. 그러나 정몽주는 반대자에게 암살당했으며, 그 결과 완전히 이성계에게
저항하는 사람이 없어지게 되었다. 이리하여 공양왕은 폐위당하고 이성계는 많은 사람이 바라던 대로 대신 왕위에 올랐다. 이 해는 일본에서는
바로 고카메야마(後龜山) 천황 【제98대】 이 고코마쓰(後小松) 천황 【제99대】 에게 황위를 물려주셨으며, 이른바 남조(南朝)와
북조(北朝)의 분쟁이 완전히 없어진 겐추(元中) 9년에 해당한다. 고려는 태조가 건국하고부터 이때까지 34왕 475년 만에 멸망했다.

 비고(備考)

   변경의 침입
   신우(辛禑)·신창(辛昌)
   이성계 등의 위화도 회군부터 고려 멸망까지의 사정

 변경의 침입

신라가 삼한(三韓) 통일 후에도 일본에게 조공(朝貢)했다는 것은, 나라(奈良) 시대 말기에 이르기까지 국사(國史)에서 볼 수 있다. 그런데
헤이안(平安) 시대에 들어서는 조공을 하지 않았을 뿐만 아니라, 그 변방 백성들이 배를 타고 와서 이키(壹岐), 쓰시마(對馬)와 더불어
규슈(九州) 등에 출몰하여, 일본의 연안 지방들을 노략질했다. 당시 일본에서는 그에 대해 방비를 매우 삼엄하게 했는데, 고려 시대가 되자
이들 변방에 대한 침입은 매우 드물어졌다. 그런데 호조씨(北條氏) 바후쿠[幕府]가 실권을 장악할 무렵부터, 일본 변경 바다의 백성들이 배를
타고 조선 연해에 출몰하는 일이 있게 되자, 고종(高宗) 때 【같은 왕 10년】 왜구(倭寇)라는 말이 처음으로 『고려사(高麗史)』에 보인다.
이 무렵은 단지 일본인뿐만 아니라 송나라 사람들도 많이 무역을 주로 했지만, 뜻대로 되지 않는 것이 있으면 협박하여 빼앗는 경우도 있었다.
그 후 원나라가 고려와 함께 일본을 침략했다. 【겐코[元寇]를 말한다.】 이때부터 왜구의 성질은 눈에 띄게 악화되어, 고려 및 원나라의
해안에 이르는 곳은 피해를 입었으며, 고려에서는 폐왕(廢王) 우(禑) 시대에 그 피해가 가장 심했다. 고려의 나흥유(羅興儒),
정몽주(鄭夢周) 같은 학자들이 사신으로 와서 침략을 금지해 달라고 요청한 것도 이 왕 때이다. 그런데 이 무렵의 왜구에는 조선인이 들어간
경우도 있었다. 일본에서는 바쿠후[幕府]와 더불어 규슈의 탐제(探題)도 모두 그 요청에 대해 크게 호의를 나타내어 침입을 금지시키려고
노력했지만, 쉽게 효과를 거두지 못하고 이씨 조선 초기에 이르게 된다.

 신우(辛禑)·신창(辛昌)

공민왕(恭愍王) 【제31대】 23년에 왕은 환관에게 시해당하여 세상을 떠났다. 그 후 우(禑), 창(昌), 요(瑤)가 대를 이어 가며
즉위했다. 이들 네 왕은 곧 고려 말기의 왕들로서, 그들의 재위 연수를 합치면 41년이다. 위의 왕들 가운데 우, 창, 요는 모두
폐위당했으며, 요는 이조 태종 때 공양왕(恭讓王)이라는 시호가 추증되었지만 다른 두 왕은 시호를 받지 못했다. 때문에 역사에서는 그들의
이름으로 부른다. 그런데 이 폐왕 우의 출생에 대해서는 예로부터 역사가들이 의문을 갖고 있었다. 이씨 조선 시대에 편찬된 여러 서적들에
따르면, 우는 사실은 신돈(辛旽)이 첩인 반야(般若)를 받아들여 낳았다고 되어 있다. 그런데 공민왕은 아들이 없었으므로 우를 자기의 아들로
거짓으로 칭하여 왕위를 계승하게 했다는 것이다. 또 폐왕 창은 우가 이인임(李仁任)의 조카딸을 아내로 삼아 낳았다고 한다. 따라서 보통은
이들 두 왕은 고려 왕씨(왕씨)의 후예가 아니라고 하여 신우(辛禑), 신창(辛昌)이라고 부른다. 그렇지만 고려와 이조의 학자로서 우와 창이
신씨(辛氏)가 아니라고 주장하는 사람도 없지 않다. 그것을 확정하는 것은 매우 곤란하다. 본서(本書)에서는 단지 우(禑) 및 창(昌)이라고
부른다.

 이성계 등의 위화도 회군부터 고려 멸망까지의 사정

공민왕이 환관에게 시해되어 후계의 문제가 발생하지만 시중(侍中) 이인임(李仁任)이 많은 사람의 의견을 뿌리치고 우(禑)를 옹립한다. 왕은
이때 나이가 고작 10세였다. 이인임은 왕을 옹립한 공으로 정권을 전횡하여, 정몽주 등의 반대에도 불구하고, 명나라를 배척하고 원나라와
친해진다는 방침을 취했다. 당시 왜구를 방어하는 등의 무공(武功)으로 이름을 떨친 것은 최영(崔瑩)과 이성계(李成桂) 두 사람이었다. 우
말년에 이인임이 늙어 병이 들자 벼슬에서 물러나고 최영이 대신 정권을 장악했으며, 왕은 그의 딸을 왕비로 맞이했다. 최영은 이인임과
마찬가지로 친원파(親元派) 사람이었으므로 왕 말년 【14년】 에 왕과 모의하여 여러 도(道)의 병력을 불러 모은 뒤 명나라를 공격하기로
결정하고, 최영이 팔도도통사(八道都統使)가 되어 왕과 함께 평양으로 출진(出陣)했으며, 조민수(曹敏修)를 좌군도통사(左軍都統使), 이성계를
우군도통사(右軍都統使)로 삼아 출병했다. 이성계는 출병이 불가함을 간언했지만 받아들여지지 않자, 조민수와 함께 군대를 이끌고 압록강
위화도(威化島)에 이르렀을 때 두 장수는 나아가 강을 건너지 않고 함께 임금에게 글을 올려 군대를 철수할 것을 요청했다. 그렇지만 그 요청이
받아들여지지 않자 명령을 기다리지 않고 군대를 이끌고 개경으로 돌아가서, 우선 최영을 잡아 그를 유배시키고, 왕을 강화(江華)로 추방했다.
【후에 둘 다 죽임을 당했다.】 이 때문에 다시 또 후계의 문제가 발생했지만, 결국 조민수의 계책으로 우(禑)의 아들 창(昌) 【이인임의
조카딸인 근비(謹妃)가 낳았다.】 을 맞이하여 옹립했다. 왕은 이때 나이가 고작 9세였다. 그런데 그 후 조민수와 이성계 두 사람의 반목이
심해졌는데, 조정 신하들의 대다수가 이성계와 한 편이었으므로, 이에 편승하여 먼저 조민수의 죄를 물어 그를 유배시켰고, 이어서 왕을 폐위하여
강화로 쫓아내어 평민이 되게 했다. 창이 왕위에 오른 지 고작 1년 만이었다. 이리하여 이성계는 왕씨(王氏)의 종실(宗室)인 요(瑤)를
왕으로 맞이하여 옹립했다. 이미 이성계의 공훈 및 위세와 명망은 그와 어깨를 견줄 만한 사람이 없었으므로, 조준(趙浚), 정도전(鄭道傳),
남은(南誾) 등이 비밀리에 그를 추대하려고 했으며, 이성계의 다섯째 아들인 방원(芳遠)도 역시 여기에 참여했다. 정몽주 등은 이에 반대하여
이성계에게 가담하는 사람들을 제거하려고 했으므로, 방원은 기선(機先)을 제압하여 휘하의 무사인 조영규(趙英珪) 등에게 정몽주를 암살하게
했다. 그 후 4개월 만에 요를 폐위시켜 원주(原州)로 보내고, 이어서 이성계는 많은 사람들에 의해 추대되어, 왕씨 대신 정권을 장악했다.
실로 요가 즉위한 지 4년 7개월 만이었다. 폐왕 요는 이어서 간성(杆城)으로 옮겨졌으며, 다시 삼척(三陟)으로 옮겨 갔지만, 후에
살해되었다. 이조 태종 때 공양왕(恭讓王)이라는 시호가 추증되었다.

 부록

   신라의 세계(世系) ［왕명(王名)은 주로 『동국통감(東國通鑑)』에 따름］
   고구려의 세계(世系)
   백제의 세계(世系)
   고려의 세계(世系)

 신라의 세계(世系) ［왕명(王名)은 주로 『동국통감(東國通鑑)』에 따름］

  

  

  

 고구려의 세계(世系)

 백제의 세계(世系)

 고려의 세계(世系)"
ta_e11,초등학교 사회생활 6-1(1차),Authoritarian,Postwar Authoritarian,Elementary,1954,"초등학교 사회생활 6-1(1차)

1차 교육과정

   一. 아름다운 습관
   二. 우리 나라의 내력
   三. 우리 역사를 빚낸 이들
   四. 우리 나라의 정치
   五. 민주주의
   六. 국제 연합

 一. 아름다운 습관

   1\. 좋은 계획
   2\. 아름다운 풍습
   3\. 상급생으로서
   4\. 살기 좋은 사회
   익힘

 1. 좋은 계획

우리는 우리 학교의 최고 학년이 되어서, 밑에다 많은 동생들을 거느리게 되었다. 우리는 다만 학년이 높다는 것만으로 뽐낼 수도 없고, 또,
학년이 높은 것으로 훌륭하다고도 할 수 없다. 우리는 어떻게 이 어린 동생들을 잘 지도하며, 우리가 앞장을 서서, 어떻게 이 학교를 훌륭하게
만드는가 하는 것이 문제가 된다.

6학년이 되어서 첫 사회 생활 시간에, “좋은 일은 좋은 계획에서 나온다.”는 이야기를 선생님에게서 들었다.

“옛날 사람들은, 일 년의 계획은 원단(元旦)에 있다고 말하였다. ‘시작이 반이다.’라는 격언도 있는 만큼, 처음 계획이 잘 되어 있으면,
실제 일하는 것은 아주 편하다. 나는 나대로, 너희들을 지도하는 하루의 계획, 한 달의 계획, 일 년의 계획을 가지고 있다. 물론 이 계획은
그대로 나아갈 때도 있고, 고칠 때도 있지만, 이 계획이 좋으면 좋은 결과를 가져오게 될 것이다. 오늘은 너희들의 하루의 생활 계획을 세워
보기로 하자.”

우리들은 하루의 생활을, 학교에서의 계획과 가정에서의 계획으로 나누어서, 다음과 같이 결정하였다.

○ 학교 생활의 계획

(1) 아침에는, 시작하기 30분 전에 와서 자습을 하자.

(2) 공부 시간과 쉬는 시간은, 학교에서 정한 대로 잘 지켜 나가자.

(3) 아침과 점심 시간에는, 당번이 간단한 교실 청소를 하자.

(4) 일제 청소 시간에는, 저학년 동생들을 잘 도와 주자.

(5) 공부가 끝나면, 1시간씩 자습 시간을 두고, 복습과 예습을 하자.

| 5  
:  
30 | 6  
:  
00 | 7  
:  
00 | 7  
:  
30 | 8  
:  
00 | 4  
:  
30 | 5  
:  
00 | 5  
:  
30 | 6  
:  
00 | 6  
:  
30 | 9  
:  
30 | 10  
:  
00 |   
---|---|---|---|---|---|---|---|---|---|---|---|---|---  
잠 | 청소 | 자습 | 아침 | 등교 | 학교 생활 | 하교 | 세수 청소 | 저녁 | 쉼 | 자습 | 쉼 | 잠  
  
(6) 자습 시간이 끝나면, 제각기 맡은 학교의 일을, 30분씩 하기로 하자.

○ 가정 생활의 계획

(1) 아침에는 6시 이전에 일어나서, 자기 손으로 집안 청소를 하자.

(2) 아침 먹기 전에 1시간의 자습 시간을 갖도록 하자.

(3) 학교에 오기 전에, 잊은 물건은 없나, 다시 한 번 조사하자.

(4) 집에 돌아가서는 반드시 손발을 씻고, 저녁을 먹기로 하자.

(5) 저녁 먹은 뒤에는, 2시간 이상 자습 시간을 갖도록 하자.

(6) 늦어도 10시까지는 자도록 하자.

우리는 선생님의 말씀에 따라서, 이 계획에 무리한 점은 없는가, 다시 한 번 살펴보았다. 그리고, 제각기 자기의 하루 시간표를 만들어서 책상
위에 붙여 놓고, 꼭 지키기로 약속하였다.

그리고 다시, 이러한 계획적인 생활을 하는데 노력해야 할 점을 의논하여서, 다음과 같은 것을 추렸다.

○ 계획만 세워도 아무 소용이 없다. 세운 계획은 어디까지나 지켜 나가는 데에 뜻이 있고 목적이 있다. 날마다 계획대로 생활을 해서, 저절로
습관이 되도록 해야 한다. 그러니까, 우리는 하루 이틀 해 보아서, 안 된다고 단념하지 말고, 꾸준히 계속해서 힘써야 하겠다.

○ 쉬지 않고 일만 한다는 것은 매우 어려운 일이다. 적당히 쉬어 가면서, 계획을 실행하기 위해서는 참아 가야 한다. 참을성 있게 꾸준히
노력하는 사람은, 무슨 일이든지 성공할 수 있는 사람이다.

○ 계획된 일을 해 나가려면, 항상 연구해야 한다. 같은 시간에 같은 일을 하여도, 많이 하는 사람도 있고, 적게 하는 사람도 있다. 또,
같은 동안을 살아도 보람 있게 사는 사람도 있고, 보잘것 없이 보내 버리는 사람도 있다. 계획된 것을 뜻있게 살리는 것은, 연구해서 효과를
올리는 것이다.

○ 계획에 대해서나 일에 대해서는, 항상 반성하는 마음이 있어야 한다. 시간이 허비되는 계획이라든지, 이치에 맞지 않는 계획은, 언제라도
반성해서 뜯어 고치기로 하자. 반성하는 사람은 향상할 수 있고, 반성 없는 생활에는 진보가 없다. 매일매일의 생활을 기록해 가며 반성하는
것은, 더욱 좋은 일이다.

우리는 이 네 가지를 항상 잊지 않기 위해서, 교실에다 표어를 만들어 붙여 놓고, 어린이회 때마다 다 같이 읽기로 하였다.

○ 꾸준히 노력하자.

○ 참을성을 기르자.

○ 항상 연구하자.

○ 반성은 향상이다.

  

선생님께서 우리들의 정한 것을 보시고, 만족해 하시면서 말씀해 주셨다.

“사람에는 한 사람 한 사람의 계획이 있고, 가정에는 가정대로의 계획이 있으며, 학교에는 학교의 계획, 국가에는 국가의 계획이 있다.
그러므로, 이 계획은 결국 일의 바탕이 되며, 좋은 계획에서 좋은 일이 나오게 되고, 좋은 생활이 이루어진다. 계획이 없이 좋은 일이 되는
수도 있지만, 그것은 우연한 일이며, 흔히 있는 일도 아니다. 훌륭한 발견이나 발명과, 사회를 아름답게 하는 아름다운 습관은, 좋은 계획에서
기대할 수 있는 것이다.”

 2. 아름다운 풍습

   ○ 민간 의식
   ○ 국경일
   ○ 종교적 의식
   ○ 사회적 행사
   ○ 발표가 끝나고

우리 나라는 예로부터 ‘동방 예의지국’이라는 이름을 들을 만큼, 예의 바른 나라로 유명하다. 그러므로, 우리들의 생활에는 우리들의 조상
때부터 내려오는 아름다운 풍습도 많이 남아 있고, 우리 국민들이 축하하고 기념하고 감사하는 날도 많이 가지고 있다. 이와 같이, 우리 생활에
젖어 있는 아름다운 풍습이나 의식에 대해서, 우리는 더욱 이해를 깊이 하여, 더욱 보람 있는 생활을 하도록 하여야 한다.

반에서, 우리 나라의 의식에 대해서, 4분단으로 짜서 연구한 것을 발표하기로 하였다.

○ 민간 의식에 대하여…………창식이네 분단

○ 국경일에 대하여 ……………석주네 분단

○ 종교적 의식에 대하여………영석이네 분단

○ 기념 행사에 대하여…………상철이네 분단

 ○ 민간 의식

한식날……성묘를 하고, 산소에 잔디를 입힌다. 조상을 숭배하고 돌아가신 분의 공로를 추모한다.

추석날……그 해의 생산을 축하하고, 근로를 존중하며, 서로 감사드린다. 성묘를 하여 조상을 숭배하고 감사도 드린다.

결혼식……대개 유교식, 불교식, 기독교식으로 나누어져 있으나, 모두 엄숙한 가운데, 새 가정을 이루는 맹세를 하며, 이를 축하하는 마음을
나타낸다.

제사………종교에 따라서 방식은 좀 다르나, 돌아가신 분을 추모하고 감사하며 슬퍼한다.

이 밖에도 환갑 잔치, 단오놀이, 동지 같은 여러 가지 의식이 있으나, 예로부터 관례, 혼례, 상례, 제례는, 인간 생활에서 중대한 의식으로
쳤으며, 비용도 많이 들여서 치렀다.

그러나, 지금에 와서는 차차 그 방식도 달라져 가고, 비용도 될 수 있는 대로 절약을 하여, 외면보다 내용을 충실하도록 힘쓰고 있다.

 ○ 국경일

삼일절……우리 선배들의 독립 정신을 찬양하며, 외적을 막고, 대한 민국의 독립과 발전에 대하여 이바지하는 뜻을 굳게 한다.

제헌절……민주 국가인 대한 민국의 헌법의 시행을 기념하며, 국가의 성장을 축하하고, 준법 정신을 높인다.

광복절……우리 나라가 해방된 것을 기념하고, 대한 민국의 발전을 축하한다.

개천절……우리 나라의 건국을 축하하고, 충성심을 높인다.

이러한 국경일은, 경사스러운 날을 기념하고 축하하기 위하여, 관공서도 국기를 달고 일을 쉬며, 가정이나 학교나 사회 단체에서도 뜻깊은 행사를
하여, 축하의 뜻을 나타낸다.

 ○ 종교적 의식

석존제……음력 4월 8일에, 불교의 시조 석가의 탄생을 축하하여, 절에서는 불도와 신자가 모여서 부처님께 제사 지내며, 많은 등불을 달고
거리의 행렬도 한다.

성탄제……12월 25일에 예수의 탄생을 축하하는 날이다. 예배당을 중심으로 예배를 드리고, 성가대는 집집을 찾아 다니어 축복하며, 선물이나
카아드를 교환해서 성탄을 축하한다.

  

석전제……음력 8월 27일에 유교의 시조인 공자의 탄생을 축하하여, 성균관에서는 엄숙한 식을 한다.

이와 같은 종교적 의식은, 여러 가지가 일반 민간에도 널리 펴져 있다. 보통 결혼식이나 제사, 장례식 같은 것도, 종교의 의식을 좇아서
한다. 종교는, 보통 인간보다 위대한 분의 가르침을 배우고, 그 분을 믿고 숭배하며, 감사드리는 것이 중심으로 되어 있다. 그러므로,
신자들은 항상, 그 날 그 날의 생활을 감사하고, 자기를 수양하기에 힘쓴다.

이러한 종교의 의식은 건축, 조각, 그림, 음악, 복장 같은 것에도, 예술적인 발달을 많이 하게 하였고, 기도, 예배, 춤, 묵념 같은
감사한 마음의 표현을 하게 된다.

 ○ 사회적 행사

새해…신년을 축하하며, 웃어른에게 세배하고, 일 년의 계획을 세운다.

어린이날…5월 5일에 어린이들의 인격을 존중하며, 어린이들의 행복을 축원한다.

식목일…4월 5일로 정하고, 우리 나라 산에 나무를 심어서, 산림 녹화에 힘쓴다.

한글날…우리 문화의 자랑인 한글의 반포를 축하하고, 우리 글을 아끼고 사랑하는 마음을 높인다.

국제 연합일…10월 24일에, 국제 연합의 창설을 기념하고, 세계 여러 나라와 협력하여, 평화에 이바지하는 결심을 갖도록 한다.

세계 인권 선언일…12월 10일에, 인권 선언을 기념하고, 누구나 다 인권을 존중하도록 애쓴다.

이러한 기념 행사는 학교나 사회 단체에서 잘 지도해서, 일반 사람들도 그러한 뜻을 이해하고 기념하며, 생활에 쓰이도록 한다.

 ○ 발표가 끝나고

선생님께서는 아이들의 발표를 들으신 다음에, 의식이나 행사에 대하여 다음과 같이 일러 주셨다.

“참다운 종교는 정신적인 것이기 때문에, 형식에 사로잡히는 것은 아니지만, 어떤 종교이거나, 의식이나 행사를 가지고 있는 것이다.

일생에서도 중대한 결혼식이, 동양이나 서양을 가리지 않고, 엄숙한 종교적 의식으로 하는 것은, 정신적인 면을 중요하게 보는 점에서, 뜻있는
일이다. 종교는 살아 있는 사람을 공경할 뿐만이 아니고, 돌아간 사람도 소중히 하기 때문에, 어느 나라든지 장례식도 종교적으로 하는 것이다.

한식날과 추석날 같은 때에 성묘하는 습관은, 유교나 불교에서 나온 습관 같으나, 그 밖의 종교를 믿는 사람들도, 그 때는 성묘하는 사람이
많다. 보통 때는 생활에 바쁘지만, 이 때만은 모두 돌아가신 분을 사모하고, 그 영혼을 위로한다는 것은, 아름다운 습관이라고 할 수 있다.

그도 그렇거니와, 매일 생활에서 아침 저녁으로 신이나 부처님께 기도하며, 식사 때에도 기도를 올리는 것은, 생활에도 종교를 삭여서, 엄숙한
생활을 하는 본받을 만한 일이다.”

 3. 상급생으로서

   ○ 토의 결과

6학년이 되어서, 두 번째의 반회를 열었다. 선생님께서는 칠판에다, ‘상급생으로서의 지도성’이라고 쓰시고 말씀하셨다.

“오늘 반회에서는, 너희들이 모두 상급생으로서 지녀야 할 지도성에 대해서 의논해 다고. 많은 하급생들은 너희들을 우럴어 보고, 너희들이
지도하는 대로 따라가는 수가 많다. 그러니까, 너희들은 자기들이 할 일도 있지마는, 한편으로는 하급생을 지도해야 할 임무도 중요하다. 특히
부 활동에 있어서나, 학교 행사에 있어서나, 지도할 부문이 많으니까, 잘 연구해서 실천하도록 해 보자.”

선생님의 말씀에 따라서, 아이들은 제각기 의견을 내서, 연구할 문제를 정하였다.

○ 하급생에게 모범을 보이고, 친절히 지도하자.

○ 반 어린이회나, 학교 어린이회를 사회하는 힘을 기르자.

○ 공동 작업 때에 일을 계획하고, 떠맡기고 지도할 수 있는 능력을 갖자.

○ 남의 의견을 잘 듣고, 이러한 의견이나 의제를 정리할 수 있도록 하자.

○ 운동회, 동화회, 학예회 같은 집회를 계획하고, 실행할 수 있는 능력을 갖자.

 ○ 토의 결과

   ○ 하급생의 지도
   ○ 사회하는 능력
   ○ 공동 작업
   ○ 정리하는 힘
   ○ 집회의 실행

 ○ 하급생의 지도

학교 생활은 공동 생활이므로, 반드시 여러 가지 질서가 있다. 우리는 6년간이나 학교 생활을 해 왔으니까, 학교의 규칙에도 익숙하고, 학교
물건을 쓰고 가꿀 수도 있지마는, 저학년 학생들은 이러한 생활에 익숙하지 못하니까, 서투른 점을 가르쳐 주어야 한다. 그러려면, 우선
우리들이 좋은 생활을 해서, 저학년이 따라오도록 하는 것이 제일 좋고, 지도할 때도 손을 잡고 친절히 하도록 힘쓰자.

 ○ 사회하는 능력

우리들의 공부는 책만 읽는 것이 아니고, 회의도 많이 한다. 부회나 어린이회에서도, 우리가 상급생인 까닭에 회의를 사회할 때가 많다. 이러한
사회에서 중요한 것은, 항상 겸손한 태도로 여러 사람들의 다른 의견을 많이 듣고, 여러 사람이 즐겁게 발표할 수 있도록 하여야 한다. 또
사회자는, 여러 사람의 의견을 정리해서, 결론을 내리는 것도 중요하며, 언쟁이 일어난다거나 개인 공격이 나오는 일이 있으면, 사회가 잘 되지
못한 까닭이다.

 ○ 공동 작업

우리는 우리들끼리 힘을 합쳐서 일을 할 때도 있지마는, 저학년 아이들과 같이 일을 할 때도 많다. 이러한 공동 작업에서는, 혼자서 일하는
것보다, 즐겁고 효과 있도록 하는 것이 중요하다. 그렇게 하려면, 우선 일을 각자의 능력에 맞도록 나누어야 하며, 계획을 세워서 책임감을
가지고 끝까지 일을 하도록 지도하는 것이 필요하다. 자기는 일도 안하고, 남에게만 시킨다는 것은 옳은 일이 아니다.

 ○ 정리하는 힘

회의에 나가면 비슷한 의제가 많이 있을 때도 있고, 여러 가지 의견이 나와서 좀체로 결말을 짓지 못할 때도 있다. 이런 때도, 자기의 의견은
발언권을 얻어서, 요령 있고 순서 있게 말하고, 남의 반대 의견에 대해서도, 자기 주장만 고집할 것이 아니고, 공정한 태도를 지녀서,
건설적인 의견이 많이 나오도록 하여야 한다.

  

우리는 이런 회의의 회원으로 참가하거나, 사회자로 참가하거나, 좋은 의견을 정리하고 의제도 정리해서, 짧은 시간에 훌륭한 회의나 공부가
되도록 힘써야 하겠다.

 ○ 집회의 실행

학교에서는 학예회, 운동회, 음악회 같은 집회가 많은데, 우리들은 이런 때에 일을 맡아 보는 일이 많다. 손님을 안내하는 일, 회를 진행하는
일, 여러 가지 준비 같은 것을 하는데, 이것도 혼자서는 안 되고, 여러 아이들과 같이 한다. 이러한 때도 우리는 상급생으로서, 전체 회합에
대한 계획도 세우고 실행도 하거니와, 애당초부터 욕심을 부려서 힘에 넘치는 일을 계획하거나, 또는 꾀를 부려서 할 수 있는 일도 피하는 일이
없도록 하자.

이러한 일에는 자기가 맡은 일만이 아니고, 다른 부와도 연락해서, 일이 겹치지 않도록 하며, 또 자기의 책임을 완수하겠다는 결심을 가지고,
자기의 일을 끝까지 훌륭히 하는 것이 매우 중요하다.

이와 같은 우리들의 활동은, 지금부터 교실에서 학교에서 눈부시게 벌어질 것이다.

 4. 살기 좋은 사회

   ○ 교통 안전 주간
   ○ 방화 주간
   ○ 청소 주간
   ○ 동포애 주간
   ○ 군경 원호
   ○ 수해 의연금
   ○ 선생님 말씀

우리들이 사는 사회는 매우 복잡하고, 나날이 변동하며 진보하고 있다. 그러므로, 이 사회에는 질서를 유지하기 위한 법률이 있지마는, 모두가
제각기 이 사회를 좋게 하기 위하여 노력한다며는, 장차는 법률도 필요 없는 좋은 세상이 올지도 모른다.

우리는 자기들이 살고 있는 이 사회를 위하여, 이바지할 수 있는 사람이 되기 위하여, 공부하고 일하고 있으므로, 한 쪽으로는 우리는 사회를
살기 좋게 만들기 위한 책임과 의무를 지니고 있다고도 할 수 있다. 우리 사회에서는 우선 자기 생각을 먼저 하고, 자기 집 생각을 하여,
사회에 대한 일을 좀 소홀히 하는 수도 있지만, 이것은 진정한 사회인이 되지 못한 까닭이다.

사람은 사회적 동물이라고 하는 것과 같이, 이 사회를 떠나서는 살 수 없고, 사회는 여러 사람이 서로 협력하고 일하지 않으면 좋은 사회를
이룰 수 없는 것이다.

창식이네 반에서는 작년의 학급 일지를 보고, 자기들이 사회적 행사에 어떠한 일을 했으며, 어떻게 협조하였나를 생각해 보고, 앞으로 더욱 보람
있는 일을 하는 재료로 쓰기로 하였다.

 ○ 교통 안전 주간

포스터를 그리고 작문을 지어, 교통 도덕을 지키기로 하였다.

학교 앞에 나가서, 교통 정리를 도와 주고, 하급생이 안심하고 통학할 수 있게 하였다.

길에서는 놀지 않고, 걸어다닐 때는 두 사람 이상이 절대로 옆으로 서서 가지 않기로 하였다.

 ○ 방화 주간

불은 매우 고마운 것이나, 잘못 쓰면 대단히 위험하다. 불조심의 완장을 만들어 끼고 다니며, 불에 대한 주의를 하도록 하였다.

각기 만든 표어는, 집 대문에 붙이고, 포스터는 학교에다 전시하였다. 당번은 난로의 재를 꼭 일정한 장소에 버리게 하고, 방화 연습도
하였다.

 ○ 청소 주간

학교에서도 대청소를 하였고, 집과 동네의 청소도 거들었다. 학교 근처에 있는 공원과 고적도 깨끗이 청소해서, 구경 오고 놀러 오는 사람들이
유쾌하게 쉬고 갈 수 있도록 하였다.

공원이나 유원지는 여러 사람을 위한 것이기 때문에, 거기에 있는 시설도 자기만이 점령해서 쓰지 않도록 하고, 서로 다 같이 쓰도록 양보하기로
하였다. 그리고, 이런 곳에 가서 놀았으면, 돌아올 때는 반드시 종이 부스러기를 줍고, 초목을 꺾는 일이 없도록 하기로 하였다.

 ○ 동포애 주간

사회에서 뒤떨어져서 곤난한 생활을 하고 있는 사람들도, 다 같은 우리 동포이다. 우리가 넉넉히 산다면, 그것도 사회의 힘을 많이 입고 있는
것을 잊어서는 안 된다.

우리들은 자기들의 용돈을 모은 것으로, 가난한 사람, 불쌍한 사람을 조금이라도 돕도록 하였다. 돈을 낼 수 없는 사람은, 학용품이나 옷을 낸
사람도 있다. 학교의 대표가 모은 것을 신문사로 가지고 가서, 전해 주기를 부탁하였다. 또, 우리들이 배운 교과서도 모아서, 책을 사지
못하는 아이들에게 나누어 주었다.

 ○ 군경 원호

나라를 지키기 위하여 싸우다가 돌아가신, 군인이나 경찰 유가족을, 여러 차례 위문하였다.

그리고, 우리들이 마련한 종목으로, 육군 병원을 찾아가서 위문도 하였고, 위문대를 만들고 위문 편지를 써서, 일선 군인 아저씨에게도 보냈다.
일선 아저씨께서는, 진심으로 고맙다는 편지가 많이 왔다. 이 사업은 매년 어린이회가 주최가 되어서 하고 있는데, 올해도 매우 좋은 성적을
올렸다. 일가의 중심이 되는 어른을 잃은 유가족을 위문하는 것은, 국민으로서의 마땅히 할 일이다.

 ○ 수해 의연금

우리는 홍수나 불 때문에 뜻하지 않는 재화를 입는 수가 많다. 장마로 일껀 일한 논밭이 떠내려가고 집을 잃은 사람들을 돕기 위해서, 정성껏
물건을 모아 보냈고 위문문을 써서 보냈다. 큰물이 나서 동네에서도 애국반을 통해서, 구조 사업을 하는 일을 도왔다.

외국에서도 의복과 담요가 많이 왔다고, 신문에 난 것을 보고, 우리도 지지 않게 열심히 일했다.

 ○ 선생님 말씀

“우리는 서로 돕고 도와 주고 하면서, 좋은 사회를 만들기에 애써야 한다. 사회에 대해서 봉사한다는 것은, 여러 사람을 위한 것으로 참으로
거룩한 일이다.

너희들은 물론, 학교에서 하는 이러한 일에도 앞장을 서서 해야 하지만, 일반 사회에서 하는 일에 대해서도 자기의 힘이 닿는 대로 열심히
협력해서, 밝고, 아름답고, 살기 좋은 사회를 만들도록 힘써야 하겠다.”

 익힘

1\. 모든 일에는 왜 계획이 필요한가?

2\. 계획된 일을 계속하는 데는 어떠한 마음이 필요한가?

3\. 자기의 하루 생활의 계획을 짜 보자. 실행한 것을 반성해 보자.

4\. 우리 집의 생활에서 좋은 점은 무엇이고, 고쳐야 할 점은 무엇인가?

5\. 의식에 참가할 때는 어떠한 태도가 필요한가?

6\. 왜 우리 사회에는, 여러 가지 의식이 있나?

7\. 상급생으로서 하급생을 지도할 때는, 어떠한 태도를 가져야 하나?

8\. 우리가 협력하고 일할 수 있는 학교의 행사에는, 어떤 것이 있는가?

9\. 우리 반에서는 어떠한 사회 봉사를 하였는가?

10\. 왜 사회 생활에는 협력이 필요한가?

 二. 우리 나라의 내력

   1\. 우리 민족의 유래와 건국
   2\. 삼국 시대의 모습
   3\. 고려와 근세 조선
   4\. 빛나는 대한 민국
   익힘

 1. 우리 민족의 유래와 건국

   ○ 민족의 유래
   ○ 우리 나라의 건국

우리 반에서는 선생님과 같이 박물관 구경을 갔다. 선생님께서는 박물관에 가는 목적을 이야기하시고, 거기 진열되어 있는 모든 물건이, 보기에는
가치 없는 것 같은 것도 있지마는, 모두 우리 겨레의 역사를 말하고, 우리 겨레의 문화를 말하는 것이라고 말씀하셨다.

우리는 차례대로 박물관의 진열품을 견학하고, 공책에 사생도 하고 거기에 있는 설명도 베끼고 하며, 돌그릇, 화살촉 또는 훌륭한 그림,
고려자기, 반지 같은 것을, 물릴 줄 모르고 보았다

오전 중에 견학을 끝마치고, 오후에는 관장님의 이야기를 듣기로 하였다. 마침, 교실만한 방이 있어서, 모두 관장님의 말씀을 기다렸다. 머리가
하얀 관장님은, 우리들의 질문을 듣고 나서, 또박또박 말씀을 시작하셨다.

“여러분의 질문을 들으니까, 여러분이 무엇이든지 알고 싶어하는 마음이 많아서 퍽 기뻐요. 그러나, 그 대답을 다하자면 굉장히 오랜 시간이
걸리겠소. 여기 있는 물건들은, 우리들의 산 역사요. 이 물건 하나하나로, 그 시대의 문화를 알고, 그 시대의 살림살이를 알 수 있소.
그러면, 아까 누군가가 질문한, 돌그릇을 쓰던 시대의 이야기를 하겠소. 이것은 곧, 우리 겨레의 시초의 역사가 되는 것이니까, 우리
민족으로는, 누구나 알아 두어야 할 좋은 문제가 되겠소.”

하고, 말씀하시자, 진열되어 있는 돌그릇을 몇 개 가져오시더니, 우리들에게 다시 한 번 잘 보라고 하시며, 이야기를 계속하셨다.

 ○ 민족의 유래

이와 같이, 돌그릇을 쓰거나, 또는 쇠붙이를 쓰기 시작할 때는, 아직 글자도 없었고, 기록한 역사도 없어서 자세한 역사를 연구할 수 없는
시대이므로, 유사(有史) 이전이라고 한다. 그러므로, 이러한 시대의 역사는, 고고학자들이 땅 속에서 파 낸 유물을 가지고, 그 당시의 문학의
자라남을 짐작하고, 대체의 연대도 정해 간다.

땅 속에서 파 낸 유물, 청동제 칼  

이러한 유물이나, 나중 사람들이 쓴 글발에서 찾아보면, 우리 민족의 조상들은 오랜 옛적에, 중앙 아시아 지방으로부터 몽고 고원을 거쳐서,
만주와 대한 반도에 들어와 살게 되었다는 것을 알 수 있다.

이러한 아득한 옛날을 원시 시대라고 하는데, 우리 조상들은 나무 열매나 짐승들을 양식으로 하고, 그 가죽으로는 옷을 해 입었다. 그래서,
짐승이 있는 곳을 찾아서 떠돌아다니고 있었으므로, 나라라는 것은 이루지 못하였다.

그 후, 차차 따뜻한 강가나 바닷가로 나가서 자리잡고, 움집이나 귀틀집을 마련하고, 짐승도 기르며, 물고기도 잡고, 또 한편, 농사도 짓게
될 무렵에는, 지혜도 많이 늘었거니와, 사람들도 상당히 모여 살게 되었다.

이와 같이, 차차 큰 마을이 되자, 이를 다스릴 필요가 생기게 되어, 비로소 나라의 형태를 갖추게 되었다. 이러한 나라를 부족 국가라고
하며, 우리 겨레도 수천 년 전부터, 이러한 나라를 이루게 되었던 것이다.

사람들의 지혜가 늘어, 갈아서 만든 돌그릇과 흙그릇을 쓰게 되고, 농업이나 목축을 시작한 시대를, 신석기 시대라고 한다. 우리 나라의 남북의
강가에서, 이 무렵의 석기나 토기가 발견되고, 고인돌, 선돌, 돌더미, 조개더미 같은 것이 남아 있다. 그런데, 이러한 물건들이 중국
것보다도 우수해서, 벌써부터 우리 나라의 문화가 훌륭했다는 것을 증명하고 있다.

원시 시대는, 처음에는 한 가족이 중심이 되어 씨족 사회를 이루고, 씨족장을 뽑아 세웠는데, 그 후 여러 씨족이 한 곳에 모여 살 때에는,
여러 씨족의 장들이 다시 그 마을을 다스리는 부족장을 뽑았던 것이다.

씨족장이나 부족장은, 천신을 비롯한 여러 신령에게 제사를 드리고, 전쟁이 있을 때에는, 여러 부락민을 거느리고 싸웠다. 특히 다른 부락과
싸울 때에는, 말과 풍속을 같이 하는 부족들이 힘을 합쳐서 싸웠으니, 이것을 부족 연맹이라고 하며, 이 부족 연맹이 다시 뭉쳐서, 민족
국가를 이루게 된다.

 ○ 우리 나라의 건국

우리 겨레가 이룬 부족 국가 가운데서, 먼저 깨우친 나라가, 기름진 대동강 가에서 일어난 고조선이다.

고조선의 시조는 우리가 모시는 단군이신데, 서력 기원 전 2333년에 왕검성(평양)에 서울을 두시고, 그 자손이 오랜 동안 나라를 다스렸다.
그러므로, 우리가 쓰는 기원도, 이 때부터 시작된 것이고, 우리의 5,000년 역사도 여기서부터 이루어지는 것이다.

그 후, 밭갈기, 누에치기를 가르쳤으며, 법도 만들어서, 나라를 잘 다스렸는데, 고조선은 약 2,000년 계속되다가, 중국에서 도망온
위만에게 나라를 빼앗겼다.

그 후, 중국에는, 한 나라가 나타나서 중국을 통일하자, 우리 나라에도 쳐들어와서, 단기 2226년에는 위씨를 없애고, 여기다가 낙랑군 같은
고을을 두게 되었던 것이다.

이 낙랑 시대 400여 년 동안에, 우리 나라에 많은 부족 국가가 이루어졌다. 부여, 고구려, 옥저, 임둔, 마한, 진한, 변한 등이
있었고, 이미 왕을 두고 다스리는 나라도 있었는데, 이러한 부족 국가들은, 그 밑에 조그만 여러 부족 국가를 거느리고 있었다.

우리 나라에서, 쇠붙이를 쓰기 시작한 것과, 바른 역사 시대가 시작된 것은, 2천 수백 년 전이었던 것이 확실하다. 이 시대에는 문화가 매우
발달하여, 낙랑의 옛 무덤에서 나온 유물들은, 지금 사람들도 놀랄 만한 것이다.

이 무덤 가운데서 나온 구리그릇의 글자, 칠그릇, 벽돌의 글자, 거울의 연호 등으로, 확실한 연대를 알 수 있다. 그리고 칠공예가 매우
발달되었었고, 붓, 벼루, 색칠한 그림까지 있어서, 동서양의 학자들을 놀라게 하고 있다.

이 무렵의 부족 국가에서는, 그 우두머리가 백성을 다스리며, 처음에는 천신들에게 제사하고, 정권을 혼자서 차지하고 있었으나, 나중에 제사
지내는 것은 다른 사람에게 맡기게 되었다. 또, 이 시대에는 죽은 사람과 함께, 금은 보물, 소, 말을 묻고, 때로는 산 사람까지 같이 묻은
일이 있어서, 지금도 그 시대의 옛 무덤을 파면, 귀중한 재료를 얻을 수 있는 것이다.

이 당시에는 다른 산업도 발달되어서, 쌀, 콩, 조, 밀, 보리 같은 곡식은 물론이거니와, 특히 진한에서는 철을 생산하여, 낙랑군이나
왜국에도 보냈고, 고구려에서는 큰 왕궁을 세웠다.

사람들은 마음이 어질고 깨끗하였으며, 흰 옷을 좋아하고 노래를 즐겨서, 진한에는 이미 비파라는 악기도 있었다. 몸차림은 가죽, 베, 명주
등으로, 바지, 저고리를 만들어 입었고, 머리는 길러서 남자는 상투를 틀었다고 한다.

그리고, 죄인을 다스림이 엄격하였으므로, 도둑이 없는 낙천지이었고, 남쪽 부족 국가에서는 일찍부터 일본과 왕래하여, 좋은 문화를 가르쳐 준
바도 많았다.

 2. 삼국 시대의 모습

   ○ 삼국 시대
   ○ 신라의 통일

관장님의 말씀에 매우 흥미를 느낀 우리는, 학교에 돌아와서, 우리 나라의 내력에 대해서 공부하기로 하였다.

삼국 시대, 고려와 조선, 대한 민국의 수립으로 나누어서, 각 분단에서 조사하고 연구한 것을 발표하기로 하였다.

 ○ 삼국 시대

한(漢) 나라가, 고조선 지방에 낙랑군을 두고, 우리 땅을 침략할 때, 우리 나라의 여러 부족 국가들은, 크게 뭉쳐서 이와 싸우게 되니,
마침내 고구려, 백제, 신라의 세 왕국이 생기게 되었다. 이 세 나라는 외적과도 싸우고, 또 자기네들 끼리도 서로 겨누니, 이를 삼국
시대라고 한다.

삼국 중에, 가장 먼저 일어난 굳센 왕국은 고구려이었다. 이 나라의 시조는 동명왕 주몽으로, 국내성에 서울을 두고, 국민들이 굳게 뭉쳐서
이웃 나라들을 합치는 한편, 한 나라의 침입을 막아 내고, 15대 미천왕(美川王) 때에는 백제와 힘을 합쳐서 낙랑군을 없애 버렸다.

한강 가에 일어난 백제의 시조는, 주몽의 셋째 아들이라는 온조왕이다. 백제는, 차차 이웃 고을을 합쳐 가며 발전하더니, 고구려와 함께
낙랑군을 없앤 후부터는, 고구려와 겨누게 되었다.

이 무렵에 경주 지방에는 신라가 일어나게 되었으니, 그 시조는 박혁거세이다. 그 후에 신라는 화백이라는 좋은 제도를 써서, 훌륭한 사람을
임금으로 뽑아서, 나라의 세력을 넓히는 데 힘썼다.

한편 낙동강 서쪽에 있던 여러 나라도, 금관가야 등의 6가야로 뭉치게 되고, 동해에는 우산국(울릉도), 남해에는 탐라국(제주도)이 있었던
것이다.

삼국 시대 지도  

고구려의 19대 광개토왕 때부터, 약 200년 동안은, 삼국이 서로 엉켜서 세력다툼이 가장 심한 때이었다. 광개토왕은, 한강 이북의 백제의
여러 고을과, 만주 요하에 이르는 땅을 빼앗았다. 신라는 그 도움으로, 침입한 왜적을 낙동강 가에서 전멸시켰다.

다음, 장수왕은, 서울을 평양으로 옮기고, 소백 산맥 이북의 백제 땅을 빼앗으니, 백제는 신라와 동맹을 맺는 한편, 서울을 웅진(공주)으로
옮기지 않으면 안 되었다.

나날이 발전하는 고구려는, 부여를 합치고, 만주를 거의 다 차지하게 되니, 이 무렵 100년간이 고구려의 한창 시대이었다.

신라도 20대 자비왕 때부터 발전하기 시작하여, 소백 산맥 북쪽으로 진출하고, 이어서 우산국, 금관가야국을 합쳤다. 한편 백제의 26대
성왕도, 서울을 다시 사비성(부여)으로 옮기고(2871), 신라와 힘을 합쳐서 한강 가의 옛 땅을 찾았다. 그러나, 신라의 24대 진흥왕은
화랑도를 잘 길러서, 백제가 회복한 한강 유역을 합치고, 대가야국도 차지하였다.

이와 같이, 삼국이 서로 겨누고 있을 때에, 중국을 통일한 수는, 고구려를 치려다가 을지문덕에게 패하고, 도리어 당에게 나라까지
빼앗겼다(2951). 당 나라도 역시 고구려를 탐내서 침입하였으나, 연개소문에게 패하였다(2978).

그 후, 신라는 당 나라와 동맹을 맺고, 2993년에는 백제를, 3001년에는 고구려를 합쳤다.

삼국 시대는, 정치, 문화, 경제의 여러 면에서, 씩씩한 발전을 보인 시대이다.

각국은 왕 밑에 10여 등급의 관리들이 있어서, 평민과 노비들을 다스리고, 자주적인 연호를 쓰기도 하며, 중국과 대항하였다.

이 시대의 종교로는, 전부터 내려오던 천신과 조상을 극진히 숭배하는 한편, 새로이 불교를 받아들여, 세계적으로 찬란한 문화를 이룩하였다.

이 문화의 자취는, 삼국의 도읍 부근에 많이 남아 있고, 그 중에서도 세계적으로 유명한 것이, 신라의 금관, 고구려의 벽화 같은 것이다.

신라 시대의 금관  

불교는 중국을 통해서 고구려에 제일 먼저 들어오고(단기 2705), 이어서 백제 신라에 들어왔는데, 모두 국교로 믿게 되고, 이에 따라 불교
예술이 찬란하게 꽃피었다. 신라에서는 화랑도 정신을 일으켜 국가 발전에 이바지한 바가 크다.

삼국에서는 이미 한자를 써서 역사를 편찬하였고, 학교도 있어서 학술이 발달되어, 신라의 첨성대, 향가 같은 것이 남았다.

농업, 양잠, 직조, 가죽, 금, 은, 철 같은 산업도 매우 발달되었고, 특히 신라와 백제에는 저수지까지 만들어서, 농토의 개간에 힘썼으며,
소, 말, 배를 이용하는 교통도 발달되어, 이러한 우수한 문화를 왜국에도 전하였다.

 ○ 신라의 통일

신라는 원래 그의 발전을 꾀하여, 당과 힘을 합쳐서 대한 반도를 통일하였는데, 당은 신라까지도 지배하려고 하였으므로, 신라는 고구려의 유민과
힘을 합쳐서, 당군과 수십 차 싸워서, 단기 3010년에는 평양, 원산 이남의 땅을 통일하였다.

이 때, 만주에서는 고구려 사람인 대조영이, 발해라는 나라를 세웠다. 당은 이를 두려워하여, 신라와 서로 사귀었으므로, 이후 근 200년
동안, 신라에는 중국 문화가 들어오게 되는 동시에, 중국을 숭배하는 사상도 생기게 되었으며, 이 무렵부터 우리 나라에도 중국식의 성명을 갖게
되었다.

이어, 후삼국 시대(신라, 후백제, 태봉)를 이루다가, 고려에게 통일되었으며, 북쪽의 발해도 글안족에게 망하고(3259), 우리 겨레의 활동
무대는 대한 반도 안으로 줄어들게 되었다.

신라는 통일 후에, 전국을 아홉 주로 나누어서 다스렸고, 서울을 금성이라고 불렀다. 불교를 굳게 믿어서, 불국사 같은 큰 절을 많이 세웠다.
서울에는 국학이라는 학교를 두어서, 각종 학술이 발달되어, 최치원 같은 문장, 김생 같은 명필도 나고, 이름난 중이며, 예술가도 많았다

신라 통일 시대 지도  

해외 교통도 발달되어, 장보고는 해상권을 잡았고, 혜초 같은 중은, 인도까지 다녀왔으며, 외국과의 무역도 매우 번창하였다.

일반 국민의 생활도 매우 넉넉하여서 도둑이 없고, 서울의 집은 기와로 덮고, 집이 그을지 않게 솣으로 밥을 지었으며, 거리에는 노래 소리가
그치지 않았다. 지금까지 내려오는, 설, 대보름을 즐기는 풍습도 이 시대부터 시작되었다.

정월 대보름의 연날리기 풍습  

발해도 불교를 믿어서, 한 때 볼 만한 문화를 이룩하였는데, 그 자취가 만주 동경성에 남아 있다.

 3. 고려와 근세 조선

   ○ 고려의 통일
   ○ 근세 조선

 ○ 고려의 통일

철원에 있던 태봉국의 임금 궁예의 부하 왕건은, 단기 3251년에 교만하고 의심 많은 궁예를 없애고, 고구려를 잇는다는 뜻으로, 고려를
세우고, 서울을 개경(개성)에 두었다.

이 때, 발해가 망하게 되니, 많은 국민이 고려로 들어왔고, 신라는 이미 정치가 부패하고 어지러워서, 경순왕은 3268년에 나라를 고려에
넘겨 주니, 왕건은 다음 해에 후백제도 합쳐서, 후삼국을 다시 통일하였다.

민족을 통일한 왕건은, 후삼국인이거나, 발해인을 차별 없이 대우하고, 다시 만주로 나아가려고 할 때, 글안족도 만주에다 요 나라를 세우고,
고려를 엿보는 판이었다.

드디어 요는, 3326년부터 근 30년이나 고려를 노렸으나, 서희 장군의 담판으로 압록강 이남을 고려 땅으로 인정하고, 강감찬에게 몰려서
갔다. 또, 고려는, 함경도 지방의 여진족을 윤관이 쳐부수고, 그 땅을 차지하였으나, 여진이 그 땅을 돌려달라고 애걸하므로, 다시 내주었다.

이 때, 고려에서는 관리를 문반과 무반으로 나누어서 양반 정치를 하였는데, 서로 정권을 다투어, 문신과 무신의 변란이 그치지 아니하여 세상이
어지러울 때, 단기 3564년에 몽고족이 세운 원 나라의 침입을 받았다. 고려는, 29년 동안이나 원에 대항하여 싸웠으나, 마침내 힘이
모자라서 원에게 항복하였다.

이리하여, 고려는 이후 98년간이나, 원의 지배를 받아오다가, 31대 공민왕 때에는, 몽고 배척 운동을 일으켜서, 원에 빼앗겼던 함흥 지방을
도로 찾았다.

이 때, 함흥에 있던 이성계가, 홍두적과 왜구의 침입을 격파하고, 고려의 군사권을 잡았는데, 드디어 3725년에는 이 나라를 없애 버렸다.

고려 시대 지도  

고려는 서울에다 6부의 관청을 두고, 지방에는 5도 양계(兩界)를 두어서 정치를 하며, 불교를 국교로 믿었다.

중을 최고 고문으로 삼고, 거듭 대장경을 박아서, 해인사에 남아 있으나, 말년에 가서는 불교도 미신적으로 되고, 또 지리 풍수설이 성행하게
되었다.

서울과 지방에는 학교를 두어, 한학문이 발달하고, 과거 제도를 썼으며, 평민도 성을 붙였다. 많은 역사책도 꾸몄고, 세계의 자랑거리인 금속
활자며, 고려자기도 만들었다.

산업이 발달되어서, 멀리 아라비아인과도 무역이 성하였으며, 미술, 음악도 놀랄 만하였다. 궁중 음악 아악도 이 때부터 시작되었고, 목화,
화약 등도 들어오게 되었다.

 ○ 근세 조선

이성계는, 때마침 중국을 통일한 명 나라의 승인을 얻어 조선을 세우고, 국토를 두만강까지 차지하여, 서울을 한양(서울)으로 옮겼다.

조선은 불교를 멀리하고, 주자학으로써 국가를 다스리니, 관리 사이에 서로 대립되어, 40여 년간 싸우다가, 다시 동인, 서인으로 나뉘어
싸우고, 다시 남인, 북인, 노론, 소론으로 갈라져서 당파 싸움이 심하였다.

이렇게 어지러운 때에, 왜군이 몰려들어(3925), 7년간이나 나라를 짓밟아 고생이 심하였으나, 이순신 장군과, 명군, 의병의 활약으로
물리쳤다(임진 왜란). 다시 만주의 오랑캐가 쳐들어오자(3960), 드디어 이에 굴복하고 말았던 것이다(병자 호란). 그래도 당파 싸움은
계속되어 영조, 정조는 이를 막으려고 애썼으나, 뜻을 이루지 못하였다.

그런데다가 임금이 어린 틈을 타서, 약 60년간(4134년부터)이나 세도 정치가 계속되어, 반대파를 죽이고, 다시 천주교도까지 죽여서,
프랑스의 항의를 받았으나, 정권을 잡은 대원군은 이를 물리치고, 외국을 배척하였다.

근세 조선 지도  

이 때에, 우리보다 빨리 개화한 일본은, 우리 나라를 노리다가 강제로 수호 조약을 맺고(4209), 우리 나라에 간섭하자, 다른 나라도 또한
간섭하게 되어, 다시 어지러워졌다.

단기 4227년에 일어난 동학란으로, 청일 전쟁이 일어나서, 일본이 이기고, 다음에는 러시아와 엉켜서 다투다가 드디어 노⋅일 전쟁이
일어났다(4237). 다시 일본이 이기자, 4238년에는 강제로 조선과 보호 조약을 맺게 하더니, 4243년에는 아주 조선을 삼켜 버려서,
우리의 독립은 일본에게 짓밟혀서 나라 없는 슬픔을 겪게 되었다.

조선은 건국 이래 주자학을 받들고 불교를 배척하였으므로, 많은 미술품이 파괴되고, 이론을 밝히는 학문만이 발달하게 되었다. 그러나, 세종
대왕께서 민족을 자랑하시는 정성으로, 단기 3779년에 훈민정음을 반포하셨으니, 이로부터 국문학이 발달하게 되었다.

당쟁에 내몰린 학자들은, 역사, 지리를 비롯하여, 발달된 서양의 학술을 연구하게 되었고, 정약용 같은 학자들은, 천주교를 넓히는 운동을
일으켰다. 이러한 운동에 자극을 받은 최제우는, 동학 운동을 일으켜서 천도교를 창설하였다.

조선은 처음에 전국을 8도로 나누어서 다스렸으나, 외국 문화와 사상이 들어와서, 국호를 대한 제국이라고 고치던 26대 고종 때부터는,
13도로 나누어서 다스리게 되었다.

청일 전쟁 이후, 비로소 남녀 학교가 세워졌지만, 기독교 교회에서는, 그 전부터 사립 학교를 세웠다. 이 때를 전후하여, 철도, 전신,
의료법 같은 서양 문화가 들어오기 시작하였다.

 4. 빛나는 대한 민국

일본은 한국을 빼앗은 다음에, 조선 총독부를 두고, 군대를 풀어서 철저히 탄압 정치를 하였으므로, 많은 애국 지사들이 외국으로 망명하여,
우리 나라의 광복을 꾀하였다.

세계 제1차 대전이 끝난 단기 4252년에는, 나라 안과 밖에서 서로 힘을 합쳐, 3월 1일에 독립 운동을 일으켰으며, 중국 쌍하이에는 대한
민국 임시 정부가 서게 되어, 계속적으로 일본과 싸웠다.

일본의 압박은 나날이 심해 갔지만, 의사와 지사는 끊임없이 나왔으며, 4259년에는 六十 만세 사건이 일어나고, 4262년에는 광주에서
학생들이 중심이 되어, 독립을 부르짖었다.

일본은 그 욕심을 누르지 못하고, 만주를 빼앗은 다음에, 4270년부터는 중국을 침략하다가, 마침내 세계 제2차 대전을 일으키고 말았다.

중국에 있던 우리 임시 정부는, 한국 광복군을 만들어 일본군과 싸우고, 해외의 지사도 활약을 하며, 단기 4278년에 일본이 항복하자,
우리는 잃었던 나라를 다시 찾게 되었다.

그러나, 국제적으로 약속되었던 우리의 독립은, 뜻하지 않게 소련군이 진주하므로 38선으로 갈라져서 통일이 못된 채, 4281년에 남한의 대한
민국만이 국제 연합 감시 하의 총선거로 독립하게 되었다.

독립 이후, 나날이 발전해 가는 대한 민국을 탐낸 소련은, 괴뢰군을 시켜서, 4283년에 남침을 시작하니, 국제 연합군은 이를 막아서 싸워
몰아내고, 4286년에는 공산군과 휴전이 성립되었다.

우리는 바라던 독립을 차지하였으나, 아직도 통일을 이루지 못하고 있으니, 앞으로 더욱 뭉쳐서 통일과 발전을 위하여 노력하여야 하겠다.

우리 나라 내력 보기표

 익힘

1\. 우리 민족은 어떠한 계통의 민족인가?

2\. 우리 겨레가 세운 부족 국가에는 어떤 것이 있는가?

3\. 부족 국가는 왜 삼국으로 뭉치게 되었는가?

4\. 신라는 어떻게 삼국을 통일할 수 있었는가?

5\. 삼국 시대의 생활은 어떠하였으며, 종교와 예술은 어떠하였는가?

6\. 고구려는 외적과 어떻게 싸웠으며, 그 뒤에는 어떤 나라가 생겼던가?

7\. 고려 때에는 어떠한 외국의 침략을 받았는가?

8\. 고려 시대의 종교는 어떠하였으며, 문화는 어떠하였는가?

9\. 조선에는 왜 당파 싸움이 일어났으며, 그 영향은 어떠하였나?

10\. 조선은 어떠한 외국의 침략을 받았나?

11\. 일본은 어떻게 우리 나라를 빼앗아 갔나?

12\. 우리 민족의 독립 운동은 어떠했고, 광복은 언제 되었나?

13\. 우리 나라의 내력을 연대표로 만들어 보자.

 三. 우리 역사를 빚낸 이들

   1\. 나라의 주춧돌
   2\. 문화의 꽃
   3\. 끊임없는 앞길
   익힘

 1. 나라의 주춧돌

   ○ 훌륭한 정치
   ○ 나라의 위신
   ○ 피끓는 충성
   ○ 넉넉한 살림을 위하여

6⋅25 기념일이 올 때마다, 우리는 나라를 위해서 목숨을 바친 수많은 용사들에 대해서, 새삼스럽게 감사를 올린다.

우리는 건국 이래 5,000년 역사를 지니는 동안, 여러 차례 외국의 침략도 입었고, 괴로움도 겪고, 즐거움도 겪으며, 또는 문화의 향기
높은 꽃도 피워 가며, 오늘날까지 민족과 나라를 지켜 왔다.

지나간 우리의 역사가 빛나고, 또 앞으로도 우리의 역사를 빛내려면, 목숨을 바쳐 나라를 지키듯이, 자기의 모든 힘이나 생명까지도 바쳐서,
나라의 주춧돌이 될 결심이 필요할 것이다.

우리 나라의 내력을 연구한 우리는, 여러 방면으로 우리 역사를 빛낸 어른들을 알아보고, 앞으로 더욱 우리 나라를 빛나게 하기 위하여, 한층
더 열심히 공부하기로 하였다.

 ○ 훌륭한 정치

우리 나라는 오랜 귀족 정치를 하여 왔으나, 그 중에는 진심으로 국민을 위한 임금님도 적지 않았다.

고구려의 광개토왕은, 임금이 된 후, 20여년 동안이나 불교를 퍼뜨려서, 국민을 단결시키는 한편, 그 국토를 늘여서, 만주 벌판을 모조리
손에 넣고, 침입한 왜적을 전멸시켜, 나라의 위세를 크게 떨쳤다.

광개토왕 비  

한편, 신라의 진흥왕도, 불교를 착실히 믿어서 문화를 발전시키는 한편, 영토를 멀리 함흥 지방까지 넓히고, 청소년을 중심으로 한 화랑도를
길러서 애국심을 높여, 신라 발전의 터전을 닦았다.

이어서 문무왕은, 삼국을 통일하는 위업을 완성하였다. 불교를 진실하게 믿었기 때문에, 고구려나 백제의 유민도, 차별 없이 대우해 가며,
당군을 몰아내고, 마침내 민족 통일을 이룩한 다음, 문화의 꽃을 피게 하였다.

고려의 태조 왕건은, 마음이 어질고 착했으므로, 신하들에게 추대되어 임금이 되자, 후삼국을 통일하고, 후삼국인들에게 차별 없는 대우를 하며,
영토를 넓혀서, 고려조 500년의 터전을 닦았다.

조선의 세종 대왕은, 집현전을 두어서 학자를 양성하고, 우리 문화의 자랑인 훈민정음을 만드셨다. 한편으로는 잃었던 두만강 가의 국토를 찾아
내고, 토지 제도를 정리하여 백성들의 살림살이가 좋아지도록 애쓰셨다.

훈민정음 원본  

조선 중기의 정조는, 우리 나라를 그르치는 당파 싸움을 없애는 데 애를 썼으며, 문화를 일으키려고 국내외에서 많은 서적을 모아서 규장각에
두고, 학자를 우대하였다.

 ○ 나라의 위신

국내에서는 정치를 잘 하는 분이 계셔서, 나라의 발전에 이바지하였으나, 한편, 외국을 상대로 하여, 나라의 위신을 높이기에 이름낸 분들도
많다.

신라의 김춘추는, 인물이 잘나고 말을 잘해서, 당에 사신으로 가서 국제적으로 많은 활동을 하였다. 그의 조국 신라가, 백제와 고구려의
공격으로 위태롭게 되자, 당으로 가서 이와 군사 동맹을 맺었다. 돌아오는 도중에 고구려에 붙잡혔으나, 훌륭한 외교술로 무사히 귀국하여,
29대 무열왕이 되었다. 왕이 된 김춘추는, 삼국 통일의 첫걸음으로 백제를 정복하였다.

고려의 장군 서희는, 글안족이 80만의 대군으로 고려에 침입하자, 이를 청천강 가에서 막아내는 한편, 몸소 적진으로 들어가서 강화 담판을
하여, 압록강 이남의 땅을 고려의 영토로 인정하게 하였다.

고려의 이제현은, 고려가 원 나라의 지배를 받을 때에, 중국에서 활약하였다. 고려의 충선왕이 중국의 각지를 구경 다닐 때에, 그를 따라다니며
많은 글을 지었는데, 고려의 간신, 유 청신들이 글을 원 나라에 보내서, 고려라는 나라 이름을 없애고, 원의 영토로 삼으려 하니, 이제현은
이를 맹렬히 반대하여, 글을 원 나라의 각 방면에 보내서, 조국의 독립을 보존하였다.

이제현  

조선 중기의 유정은, 금강산의 중이었는데, 임진 왜란이 일어나자, 중의 의병을 일으켜 싸웠으며, 한편으로는 명과 일본군 사이에 휴전 회담이
시작되자, 왜장 가도오 기요마사를 만나고, 일본이 요구하는 조건을 모조리 물리쳐 버렸다.

난리가 끝나고, 일본이 국교를 맺을 것을 요청하자, 유정은 일본에 가서 담판하여, 앞서 왜병들이 잡아간 포로를 돌릴 것을 요구하여, 몸소
3,500명을 데리고 오고, 그 후 계속하여 귀국하니, 조선과 일본의 평화가 지켜졌다.

 ○ 피끓는 충성

고구려의 을지문덕은, 통일한 수(隋)가 백여 만의 군대로 침입하자, 부하를 잘 지도하여 요동에서 막았다. 수는 다시 용맹한 군대 30만으로,
고구려의 서울 평양성을 노리게 되니, 을지문덕은 패하여 도망하는 체하고, 적군을 이끌어 적의 피로와 굶주림을 이용해서, 이를
살수(청천강)에서 거의 전멸시켜 버렸다.

광주 상무대에 있는 을지문덕 장군 동상  

신라의 김유신은, 화랑 출신으로 무술을 연마하여, 신라로 하여금 삼국을 통일하게 한 대장군이다. 여러 차례에 걸쳐서, 고구려와 백제와 싸워서
공을 세웠으나, 집에 들리는 일이 없이 싸움터에서 적과 싸웠다. 당과 연합하여 백제를 칠 때에(2993), 황산벌(연산)로 나아가서, 백제의
계백이 거느린 5,000명 군사를 전멸시키고 이를 망하게 하였다.

그 후, 당은 신라를 침략하려 하였으므로, 이를 경계하고 있을 때에, 당은 고구려를 쳤다. 김유신은 신라군을 한성 지방까지 보냈으나, 당군을
돕지 않다가, 고구려의 내란이 일어나서, 많은 고구려 사람이 신라로 도망오게 되자, 비로소 군대를 움직여 고구려를 망하게 하였다.

고려의 강감찬은, 요 나라의 군대가 세 번째나 고려를 침략하였을 때, 쇠가죽으로 강물을 막고 있다가 적이 옴을 보고, 이를 풀어 물로써 적을
대파하게 하였다. 요군은 다시 남쪽으로 내려와 황해도 지방으로 침입하였으나, 고려의 공격을 받고 물러가는 것을, 강감찬이 거느린 군대가
귀주에서 거의 전멸시켜 버렸다.

조선 중기의 이순신은, 임진 왜란 때에, 수군으로 우리 나라를 구한 명장이다.

경상도 지방을 지키던 원균의 군대가, 왜군에게 대패하자, 이순신은 거북선을 거느리고 부산 앞바다로 나가서, 옥포, 또는 한산도에서 수백 척의
왜선과, 만 명에 가까운 왜병을 죽이고, 왜군의 바닷길을 끊었다

이순신 장군은, 수군통제사가 되어서 남해를 지키고 있을 때에, 원균의 시기와 왜군의 이간질로 죄에 몰려서 고생할 때, 왜군은 또 쳐들어와서,
원균을 죽게 하고, 전라도로 몰려들어갔다.

이순신 장군 동상⋅진해  

조정에서는 다시, 이순신에게 나아가 싸우게 하니, 부서지고 남은 몇 척의 배가 있을 뿐이었다. 이 때, 도요도미 히데요시가 죽어서 왜병이
물러가려 하자, 이를 남해의 노량에서 무찔러, 승리를 거두면서 아깝게도 목숨을 나라에 바쳤다.

 ○ 넉넉한 살림을 위하여

고려의 의천(대각국사)은, 송 나라에서 많은 불경을 가지고 왔으며(3419), 그 밖에도 요나, 일본에서 불경을 사들였는데, 외국과의
무역이나 국내의 상업에도 화폐가 필요한 것을 주장하여, 단기 3430년부터는, 해동통보라는 구리돈과 은돈을 만들어 쓰게 되어, 경제적 활동에
많은 이익을 가져오게 하였다.

[해동통보]  

고려의 문익점은, 원 나라에 사신으로 갔다가 죄에 몰려서, 안남 지방으로 귀양갔다가, 풀려서 돌아올 때, 목화씨를 가지고 돌아왔다.
그리하여, 이것을 재배하여 차차 나라 안에 퍼지게 하니, 이로부터 무명을 짜게 되고, 솜을 쓸 줄 알게 되어, 우리 생활에 많은 이익을
주었다.

조선 중기의 김육(金㻙)은, 일찌기 청 나라에 사신으로 다녀와서, 경제와 산업 방면에 새로운 일을 많이 일으켰다.

우리 나라에서도 수레와 물방아와 돈을 만들어 쓰게 하고, 각 지방에서 바치는 공물세는, 모두 쌀로 통일하여 바치게 하였다.

또, 세종 대왕 때에 조선통보라는 구리돈을 만들어 쓰고 있었는데, 그 후 재료가 부족되어 중지하고 말았다. 김육은, 다시 돈을 만들어 쓸
것을 주장하여, 상평통보를 만들어(3967), 서울, 개성, 평양 지방에 쓰게 하다가, 나중에는 전국적으로 사용하게 되었다.

상평통보  

조선 중기의 조엄은, 일본에 사신으로 갔다가 돌아오는 길에, 쓰시마에서 고구마를 얻어 가지고 돌아왔다(4096). 그 후 이것을 심는 방법을
연구하여, 마침내 전국에 퍼지게 하여, 우리의 식생활에 많은 도움을 주었다.

 2. 문화의 꽃

   ○ 학문의 발달
   ○ 우리 문학과 역사
   ○ 찬란한 예술

사람의 지혜가 발달해 갈수록 문화는 깨어가고, 이것을 생활에 이용해서 살기 좋은 나라로 이룩하여 갔다. 우리는 우리 조상들이 남긴 것으로,
우리 민족의 우수한 바탕과 뛰어난 재주를 알 수 있으며, 더욱 이를 발전시켜야 하겠다.

 ○ 학문의 발달

신라 때의 첨성대는, 선덕여왕 때에 천문을 관측하기 위하여 만든 것으로, 동양에서 가장 오래 된 천문대이다.

경주 첨성대  

우리 민족은 부족 국가 시대부터 별을 보고, 기후와 농사의 형편을 가려 냈으므로, 이러한 천문학을 연구하는 기계도 만들 수 있었다.

신라의 설총은, 한자의 뜻과 음을 따서, 이두문을 만들어 경서에 토를 달아, 우리말을 옮겨 쓰는 데 편리하게 하였으며, 또 최치원은, 신라
통일 시대에 당 나라로 건너가서 글을 배웠고, 거기서 과거에 합격하여 벼슬까지 지내던 문장이다.

그는 신라에 돌아와서 벼슬을 지내다가, 정치가 어지러워지자 벼슬을 내놓고 나가지 않았다. 그는 유명한 문장이기 때문에 많은 책을 지었으나,
오늘날에는 계원필경집만이 남아 있고, 그가 지은 한시는 일본에까지 애독되었다.

고려의 대장경은, 불교의 모든 경문을 새긴 것으로, 불경의 원천이다. 고려에서는 두 차례에 걸쳐서 이를 출판하였는데, 처음의 것은 8대 현종
때에(3344) 시작한 것이다. 60여 년의 시일이 걸려서, 6천여 권을 출판하였으나, 그 후에, 의천은 다시 외국으로부터 사들인 4천여
권의 속대장경을 출판하였지만, 아깝게도 이 목판은 몽고 침입 때에 불타 버렸다.

고려는 몽고족과 싸우면서, 다시 대장경을 출판하여(3569~3584), 이 8만 대장경의 경판이, 지금도 합천 해인사에 남아 있어, 세계적
문화재로 되어 있다.

대장경 목판  

대장경을 둔 해인사 건물  

금속 활자는 우리가 세계에서 가장 먼저 발명한 것으로, 고려 때에 이루어진 것이다. 고려는 몽고의 난을 피하여, 서울을 강화도로 옮겼을
때에, 구리 활자로 상정례문이라는 책을 박아냈다. 이 활자는 서양보다도 200년이나 앞서 발명한 것이니, 그 당시의 우리의 문화의 뛰어남을
자랑할 수 있다.

측우기는 세종 대왕 때에(3775) 발명한 것으로, 이것을 전국에 나누어서 우량을 재도록 하였으니, 서양보다도 약 200년이나 앞선
발명이었다.

측우기  

이 무렵에, 장영실은 물시계(누각), 해시계(일귀) 등을 만들어, 시간을 재도록 하였으니, 이것도 이순신이 만든 세계 최초의 철갑선과
아울러, 우리 겨레의 빛나는 자랑거리이다.

조선 중기, 정약용은, 정치가 당파 싸움 때문에 심히 부패하였을 때에, 홀로 숨어서 지리, 역사와, 서양의 학술을 연구하던 이익에게 글을
배워, 마침내 실학파의 가장 우두머리가 되었다.

그는 우리 나라의 여러 가지 학문을 연구하는 한편, 천주교를 솔선 믿었으므로, 죄에 몰려 귀양살이를 하게 되었다. 그는 이 20년 동안에
더욱 학문을 연구하여, 의학자로도 이름을 내게 되고, 목민심서 등 수백 권의 책을 지어 내어, 문화 발전에 이바지하였다.

조선 말기의 김정호는, 우리 나라 방방곡곡을 돌아다니며, 자세한 우리 나라 지도와 지리책을 만들었는데, 그 중에서 가장 유명한 것이, 단기
4194년에 출판된 대동여지도이다.

대동여지도 제주도 부분  

조선 말기의 지석영은, 우리 나라가 일본이나, 그 밖의 서양 여러 나라와 조약을 맺을 무렵의 관리로서, 단기 4212년에는 부산에 와 있던
일본 해군 병원에서 종두법을 배워서, 비로소 서양 의술을 퍼뜨리고, 나중에는 의학교 교장으로 서양 의술을 받아들이는 데 많은 공로를 남겼다.

 ○ 우리 문학과 역사

우리 국문학의 연구로 유명한 사람으로는 신라의 융천으로부터 시작된다 한다.

융천은 신라 통일 이전의 중으로서(2956년 무렵) 향가를 잘 지었는데, 지금도 그의 작품이 남아서, 당시의 우리 겨레의 정신을 보여 주고
있다.

안축(安軸)은, 고려 후기(3648년 무렵)의 학자인데, 긴 노래(장가)를 잘 지어서, 관동별곡 같은 것을 남기었는데, 향가의 모습이 차차
변해서, 고려 말기에는 시조의 발달을 보게 되었고, 조선에 가서 훈민정음이 제작되자, 이는 더욱 크게 발달하게 되었다.

조선 중기의 정철은, 많은 시조와 장가를 지었는데, 그가 남긴 송강가사는 국문학의 참된 문장이라는 칭찬을 받고 있다. 같은 무렵에 나온
허균은, 처음으로 홍길동전이라는 소설을 지어서, 부패한 사회의 모습을 그렸다.

김천택은, 조선 중기에 나와서, 전부터 전해오던 1,000여 수의 시조와 장가를 모아서, 청구영언이라는 책을 지어서 지금껏 남아 있고,
이인직은, 대한 제국 말년부터, 혈루를 비롯한 많은 소설을 지어서, 현대 소설이 나타나는 다리를 놓았다.

우리 나라의 역사를 밝혀서, 우리 겨레의 정신을 올바르게 하고, 우리 조상들의 자취를 후손에 남기는 일은 삼국 시대에도 있었으나, 지금 남은
것은 고려의 김부식의 책이 가장 오랜 것이다. 김부식은, 고려 중기에 삼국 시대의 역사를 정리하여, 삼국사기라는 귀중한 책을 남겼고, 중
일연은, 원의 압박을 받을 때에, 삼국 시대의 역사 자료가 토막토막 전하는 것을 모아서, 삼국유사를 만들었다. 이 책에는 단군의 전설과
향가도 들어있다.

정인지는, 세종 대왕의 명을 받아서 고려사를 편찬하였다. 또, 세종 대왕께서는 조선의 여러 임금의 실록을 만들어서, 서울, 전주, 충주,
성주의 네 곳에 나누어 두게 하였으므로, 난리를 겪었어도 오늘날까지 남아 있다.

서거정은, 조선 전기에, 삼국 시대와 고려 시대의 역사를 합쳐서 동국통감을 편찬하였고, 한치윤은, 조선 후기에 중국의 기록 가운데 있는 우리
나라 역사 자료를 모아서 해동역사를 편찬하였다.

 ○ 찬란한 예술

대륙이나, 대한 반도의 세력의 흥망을 호흡하며, 또는 온갖 고생 가운데서, 또는 평화로운 세월에 창조한 우리의 예술은, 수천 년 전부터
세계에 비할 바 없는 찬란한 것이었다. 때로는 웅건하고 호화로왔으며, 때로는 찬란하고 우아한 아름다운 감각은, 우리만이 가지고 있는
특징이라고 할 수 있을 것이다.

고구려의 무덤은, 그 속을 돌판으로 만들고, 그 돌벽에 천신, 궁전, 사냥, 행렬 등의 그림을 오색으로 아름답게 그렸는데, 그 대표적인 것이
평안 남도 용강군에 있는 쌍영총이다. 이들 무덤의 벽화는, 세계 미술의 역사상 큰 자랑거리로 되어 있다.

고구려 시대의 쌍영총 내부  

신라의 무덤 속에는 나무로 만든 관만을 묻었으나, 그 속에서는 오늘날에도 감히 흉내내지 못할 화려한 금관이니, 금귀걸이, 금팔지 같은 것이
나오고 있다. 신라의 서울에는, 황룡사라는 절이 있었는데, 이 곳에 세운 9층탑은 구리부처와 옥띠와 아울러 신라의 세 가지 보물이라고
말하였다.

통일 신라 시대에 만든 불국사의 다보탑, 석굴암의 돌부처와, 무열왕 능의 돌거북, 봉덕사의 종들은 모두 동양 미술사상에 으뜸가는 자랑거리다.

그림으로는 신라의 솔거, 고구려의 담징, 고려의 공민왕, 조선의 안견, 김홍도 등이 유명한 화가이었고, 글씨로는 신라의 김생, 고려의 탄연,
조선의 한호, 김정희 등이 있었다.

김홍도의 그림  

고려 시대의 도자기는, 중국의 기술보다 훨씬 뛰어나서, 그 아름다움은 세계적으로 유명하였는데, 특히 상감청자는 이름 높았다. 그 부드러운
빛도 아름답거니와, 그릇의 무늬도 참 잘 어울려서, 천하 일품이었다.

고려자기  

건축으로는, 고려 시대에 만든 영주 부석사의 무량수전과, 조선 시대에 만든 서울의 남대문이, 미술적으로도 유명하고, 오래 된 것인데, 이들
건축의 지붕의 선이 아름다움은 비길 바가 없다.

서울 남대문  

음악에서 뛰어난 사람은, 거문고를 만든 고구려의 왕산악과, 가야금을 잘 탄 신라의 옥보고가 있고, 근세 조선에서는 아악을 정리하여,
오늘날까지 전한 박연의 공로가 크다.

 3. 끊임없는 앞길

   ○ 우리의 임무

우리 민족은, 우리의 행복을 후세에 전하고, 좋은 문화를 이어받아서, 더욱 발달된 세상이 되기를 바랐으니, 그것은 곧 교육과 종교를 위해서
애쓴 분의 공로이다.

최충은, 고려의 문화가 한창이었을 때에 나와서, 높은 벼슬도 지냈으나, 학문도 잘 해서, 해동공자라는 이름을 들었다. 사립 학교를 세워서
많은 제자를 길러 내니, 다른 11명의 학자도 각각 학교를 세워 교육을 하였다.

안향은, 고려가 원의 지배를 받을 때에, 원으로부터 주자학을 받아들이고, 자기의 재산으로 성균관이라는 국립 학교를 세워서 교육하였다.

안향  

길재는, 고려 말년에 경상도 선산에 숨어 살며, 주자학을 공부하는 한편, 서당을 마련하고, 많은 제자를 길러서, 나중에는 이퇴계, 이율곡
같은 대주자학자가 나오게 되었다.

주세붕은, 조선 전기에 안향의 고향인 경상도 순흥에 백운동 서원을 세우고, 안향을 모시는 한편, 선비들의 공부하는 곳으로 삼았다.

한편, 종교의 발달과 포교를 위하여 노력한 분으로는, 신라의 이차돈으로부터 시작된다. 이차돈은 처음으로 들어온 불교를 믿었으므로, 종전에
있던 종교에 배치된다 해서 사형을 당했다. 그러나, 죽음에 앞서 불교의 훌륭함을 말하고 태연히 죽어서, 이에 탄복하여 불교는 신라에 퍼지고,
충효 사상과 불교 사상은 합쳐서, 화랑도의 정신을 이룩하게 되었다.

원효와 혜초는 신라 시대의 명승으로, 불경을 해석하고, 또 인도까지 가서 불교를 연구하였다.

이승훈은 조선 중기에 정약용과 같이, 처음으로 천주교를 퍼뜨리기에 힘쓰다가 잡혀 죽었으며, 김대건은 마카오의 신학교에 들어가서 서양의 종교와
학문을 연구하고 돌아왔으나, 천주교를 반대하는 관리들에게 잡혀서 사형되었다. 그러나, 그 후에 많은 사람들이 앞을 다투어서 천주교를 믿게
되었다.

김대건

 ○ 우리의 임무

우리 민족은, 외국의 침략과 여러 번 겨누면서도, 이와 같이 훌륭한 업적을 남겼다. 이것은 우리의 줄기찬 참을성이요, 뛰어난 창조성이며, 또
우리 민족의 자랑이라 아니 할 수 없다.

이와 같은 우리 민족의 특색도, 근세 조선에 와서 형식적인 주자학만을 받들고, 당파 싸움에 정신이 팔리게 되자, 차차 잃게 되었다. 정치가
바로 잡히고, 국민이 단합한 때는, 국가는 발전하고 문화는 발전하는 것이다.

우리는 신생 대한 민국의 정치, 경제, 문화의 각 방면을 더욱 빛나게 하기 위하여, 협동과 노력을 아끼지 않아야 한다.

 익힘

1\. 우리 겨레가 정치적으로나, 군사적, 외교적으로 훌륭한 소질을 가지고 있었던 것을 무엇으로 알 수 있나?

2\. 우리 겨레의 솜씨를 자랑하는 예술품으로는, 어떠한 것이 있는가?

3\. 우리 겨레의 창조성이 우수함을 나타내는 발명품으로는, 무엇이 있나?

4\. 우리 나라의 경제적 발전을 위하여 노력한 사람엔, 어떤 사람이 있나?

5\. 국문학과 역사학을 연구하여 유명한 사람은 누구이며, 어느 때부터 연구가 시작되었나?

6\. 삼국 시대의 예술적 유물은 어디에 무엇이 있느냐?

7\. 문화가 발달한 시대는, 어떠한 시대이었는지 알아보자.

8\. 종교의 발전을 위하여, 목숨을 바친 사람은 누구인가?

9\. 우리는 역사를 더욱 빛내려면 어떻게 해야 할 것인가?

 四. 우리 나라의 정치

   1\. 우리 나라와 민주 정치
   2\. 민주 정치의 원칙
   3\. 선거와 지방 자치
   익힘

 1. 우리 나라와 민주 정치

   ○ 8월 15일
   ○ 독립을 원하는 까닭
   ○ 민주 정치
   ○ 입헌 정치

 ○ 8월 15일

창식이네 학교에서는, 벌써부터 8월 15일을 축하할 준비에 바쁘다.

우리 나라에서는, 창식이네 학교 뿐만 아니라, 모든 관청이나 학교에서, 8월 15일을 축하하는 여러 가지 행사를 가진다.

그러면, 우리 나라는 왜 8월 15일을 국경일로 삼고, 해마다 이 날을 축하하는 것일가? 8월 15일은, 우리 국민에게 두 가지로 큰 뜻을
가지고 있다. 하나는, 우리 민족이 일본의 지배에서 해방된 기념일이 곧 8월 15일이다.

그리고 또 다른 하나는, 우리 민족이 해방된 지 3년째인, 단기 4281년 8월 15일에, 우리 나라의 독립을 세계에 알린 날이기 때문이다.

 ○ 독립을 원하는 까닭

우리 나라는, 5천 년이나 긴 세월을, 독립된 나라로 발전하여 왔다. 그러던 중, 지금으로부터 약 50년 전인, 단기 4243년에, 우리
나라의 독립을 일본에게 빼앗겼다. 그 결과로, 우리 나라 사람은, 자기 스스로 나라를 다스리지 못하고, 남의 나라의 지배만을 받으면서 살아
왔다.

이와 같이, 나라의 독립을 잃게 되면, 다른 나라의 지배에 억눌리어, 종과 같은 생활을 하게 되는 것이다. 우리가 독립을 원하는 까닭은,
다른 나라의 지배를 받지 않고, 우리 나라 국민이 더 잘 살 길을 찾을 수 있게 되기 위하여서이다. 그러기 때문에, 우리 나라가 일본에게
독립을 빼앗겼을 때에도, 우리 조상들은 죽음을 무릅쓰고 독립 운동을 계속하였던 것이다.

나라의 독립을 이룩함에는, 세 가지 요소가 필요하다. 첫째로 국민이 있어야 하고, 둘째로 땅이 있어야 하고, 셋째로 나라를 다스리는 힘을
가져야 한다. 국민이 흩어지면, 나라의 독립을 지킬 수 없다. 그리고 또, 나라를 다스리는 힘을 빼앗기고서는, 독립된 나라가 될 수 없다.
나라를 다스리는 힘을 우리가 가져야만, 우리들이 힘을 합하여, 우리 나라의 발전과 우리 국민의 행복을 꾀할 수 있게 되는 것이다. 만일에,
나라를 다스리는 힘을, 남의 나라에게 빼앗긴다면, 우리는 우리들의 행복한 생활을 꾀할 수 없게 된다. 우리가 독립을 원하는 까닭도 여기에
있다. 그러므로, 우리는 우리 나라 땅을 빼앗으려 하거나, 우리 국민을 억누르려는 나라가 있을 때에는, 어떠한 희생을 무릅쓰더라도, 그러한
나라를 물리쳐야 하는 것이다.

 ○ 민주 정치

독립된 나라일지라도, 나라를 잘 다스리지 못하면, 그 나라의 발전도 꾀할 수 없고, 그 국민의 행복도 꾀할 수 없다. 옛날에는 임금이나
귀족이, 나라를 다스리는 힘을 독차지하고, 임금이나 귀족의 마음대로 백성을 다스렸다. 이렇게 나라를 다스리는 것을, 전제 정치, 또는 독재
정치라고 한다.

그리하여, 어진 임금이나 덕이 높은 귀족들이 나라를 다스릴 때에는, 그 나라가 발전하고, 그 국민이 행복하게 될 수도 있었다. 그러나,
만일에 마음씨가 나쁜 임금이나, 귀족이 나타날 때에는, 그 백성들은 몹시 고통을 겪게 되는 것이다. 그러므로, 전제 정치는 국가의 발전과,
국민의 행복을 보장하는 것이 못 된다.

사람의 지혜가 발달되어, 전제 정치나 독재 정치가 나라를 다스리는 좋은 방법이 못 됨을 알게 되자 생각해 낸 것이 민주 정치이다. 민주
정치라 함은, 나라를 다스리는 힘을, 국민 전체가 가지고, 국민의 뜻에 따라 나라를 다스리는 것을 말한다. 그러므로, 민주 정치를 할 때에는
누구든지 함부로 국민의 뜻을 무시하고, 국민을 억누를 수는 없게 된다. 여기에 모든 국민은, 평등하게 되고, 또 자유롭게 행복한 생활을 꾀할
수 있게 된다.

그러나, 모든 국민이 나라를 다스리는 힘을 가진다고 하여도, 온 국민이 한 곳에 모여서 나라를 다스리는 일을 의논할 수는 없다. 그러므로,
국민은 대표자(代表者)를 뽑아서, 그 대표자로 하여금 국민을 대신하여, 나라 일을 의논하고 결정 짓게 하며, 또 그 결정 지은 일을 처리하게
한다. 그러므로, 민주 정치를 함에는, 국민이 뽑은 대표자로 하여금 나라를 다스리게 하게 되는 것이다. 어른된 국민이 국회 의원(國會議員)을
선거하며, 대통령, 부통령을 선거하는 것은, 모두 우리 나라를 다스릴 대표자를 뽑는 일들인 것이다.

이와 같이, 국민이 뽑은 대표자가 나라를 다스리는 일을 맡게 되면, 저절로 국민의 뜻에 따라, 국민이 원하는 정치를 하게 된다. 따라서 민주
정치는, 나라의 발전을 꾀하고, 국민의 행복을 증진시키는 가장 좋은 방법인 것이다. 우리 나라는 지금, 민주 정치를 하고 있는 나라이다.
그러므로, 우리는 퍽 행복한 국민이라 하겠다. 오늘날의 세계 대부분의 나라들은 모두 민주 정치를 하고 있다. 그럼에도 불구하고, 공산주의
나라들만은 아직도 독재 정치를 하고 있다. 그러므로, 공산주의 나라들은, 아직도 깨지 못한 나라라 할 수 있으며, 그 나라 국민은 불행한
생활을 할 수 밖에 없는 것이다.

 ○ 입헌 정치

우리가 좀 더 생각하여 보면, 우리들이 뽑은 대표자가 나라를 다스린다 할지라도, 진실로 국민을 행복하게 하는 정치를 할 수 있을 것인가는
의문이 된다. 왜냐 하면, 우리가 뽑은 대표자라 할지라도, 한 번 대표자가 된 뒤에는, 국민의 뜻을 무시하는 정치를 하는 일도 있을 수 있기
때문이다.

그러므로, 우리는 또 우리들이 뽑은 대표자라 할지라도, 그들이 국민의 뜻을 무시하고 정치를 하는 일이 없도록 하기 위하여, 나라를 다스리는
기본 원칙을 정해야 한다. 이것이 곧 헌법(憲法)이다. 우리 국민이 뽑은 대표자들이 나라를 다스림에 있어서도, 반드시 이 헌법에 따라 정치를
하도록 되어 있다. 이와 같이 하는 정치를, 입헌 정치(立憲政治)라 한다.

헌법은 국회에서 정한다. 그러나, 한 번 정한 헌법을 고치려면, 국민의 뜻을 들어 보아야 하며, 국민의 뜻을 들은 다음, 전 국회 의원
3분의 2 이상의 찬성이 있어야만 고칠 수 있다.

민주 정치를 함에는, 반드시 헌법을 정할 필요가 있으며, 헌법에 따르는 정치를 하여야만 대표자로 뽑힌 사람들이라 할지라도, 함부로 국민을
억누르는 일을 할 수 없게 된다.

오늘의 민주 정치의 원칙은, 미국의 링컨 대통령이 가장 잘 표시하였다.

곧, “국민의, 국민에 의한, 국민을 위한 정치.”가, 민주 정치의 근본 원칙이 된다.

 2. 민주 정치의 원칙

   ○ 삼권 분립
   ○ 국회
   ○ 정부
   ○ 법원

 ○ 삼권 분립

민주 정치의 근본 원칙 가운데 중요한 것의 하나로, 삼권 분립(三權分立)의 원칙이 있다. 삼권 분립이라 함은, 나라를 다스리는 일을, 세
가지 기관(機關)에 갈라 맡게 하는 것을 말한다. 나라를 다스리는 일은, 크게, 법률을 정하는 일과, 법률에 따라 나라의 독립을 지키고,
국민의 이익과 행복을 증진시키는 일과, 법률에 따라 재판하는 일의 셋으로 나눌 수가 있다. 그리하여, 법률을 정하는 일은 국회(國會)에
맡기고, 나라의 독립을 지키고, 국민의 이익과 행복을 증진시키는 일은 정부(政府)에 맡기고, 법률에 따라 재판하는 일은 법원(法院)에
맡긴다. 이것이 곧 삼권 분립인 것이다.

이와 같이, 나라를 다스리는 일을, 크게 세 가지로 나누어, 국회, 정부, 법원의 세 기관에 갈라 맡기는 것은, 그 기관들이, 서로 다른
기관이 잘못하는 것을 막을 수 있게 하기 위하여서이다. 나라를 다스리는 기본 원칙인 헌법이 있다 할지라도, 한 기관이 나라를 다스리는 모든
일을 맡게 된다면, 그 기관에서 잘못된 일을 하여도, 그것을 막을 수가 없게 된다. 그러나, 한 기관에 그 모든 일을 맡기지 않고, 세
기관에 일을 적당히 갈라 맡게 하면, 서로 다른 기관이 하는 일을 감시할 수 있게 되며, 또 만일에 잘못된 일을 하면, 그에 알맞은 조처를
취할 수가 있게 된다. 그러기 때문에, 우리 나라 헌법에는, 삼권 분립의 원칙을 명시하고 있는 것이다.

우리가 삼권 분립의 원칙을 따르는 것은, 오직 어떠한 기관이라 할지라도, 함부로 국민을 억누를 수 없게 하기 위하여서이다. 민주 정치는,
이러한 방법으로 행하여지기 때문에, 국민은 나라를 다스리는 모든 일을, 국회, 정부, 법원과 같은 여러 기관에 맡기면서도 안심하고, 그러한
기관을 믿을 수 있게 된다. 그리고, 그들 각 기관도, 스스로 국가의 발전과 국민의 행복을 꾀하기 위하여, 전심 전력하게 되어, 국가와
국민의 이익이 증진되게 되는 것이다.

국회 의사당

 ○ 국회

창식이네 반에서는, 나라를 다스리는 일을 갈라 맡고 있는 세 가지 기관의 하는 일을, 분단 별로 조사하기로 하였다. 창식이네 분단은 국회의
하는 일을, 영석이네 분단은 정부의 하는 일을, 철희네 분단은 법원의 하는 일을 조사하기로 되었다.

창식이네 분단에서는, 국회의 하는 일을 어떻게 조사할 것인가를 의논하였다. 마침, 영수의 아버지가 국회 의원이기 때문에, 영수의 아버지를
찾아가서, 여쭈워 보기로 의견이 일치되었다.

영수네 집을 찾아갔을 때에는, 영수의 아버지는 동네 어른들과 이야기를 하고, 계셨으나, 창식이가 국회의 하는 일을 알아보기 위하여 찾아왔다고
하니, 웃는 얼굴로, 모두들 방 안으로 불러들여 이야기를 시작하셨다.

“국회의 하는 일은 여러 가지가 있지만, 가장 주요한 것은 법률을 정하는 일이다. 법률은, 국민이 모두 지켜야 할 뿐만 아니라, 나라를
다스리는 일을 맡은 기관에서도 지켜야 하는 규칙이다. 정부도 법률에 따라 일을 하여야 하고, 법원도 법률에 따라 재판을 하여야 하고, 또
법률을 정하는 국회도 법률에 따라서 활동하여야 하거든. 그러기 때문에, 법률을 정하는 일은, 나라를 다스리는 데에 대단히 중요한 일이 되는
거야.”

“그러면, 그러한 법률은 어떻게 정하는 것입니까?”

하고, 복희가 물었다.

“그래, 법률을 정하는 순서를 말하지.”

하고, 영수의 아버지는 대답하셨다.

“법률을 정하려면, 먼저 법률로 정하려는 초안(草案)이 있어야 해. 그 초안을 가지고, 국회에서는 여러 번 토의하여, 고칠 것이 있으면
고치기도 하고 한 다음에, 그 초안 전체에 대한 의견을 들어, 많은 사람이 찬성하는 의견에 따라서 결정하는 거야. 그러나, 국회에서
결정되었다고, 그것이 곧 법률이 되는 것은 아니고, 그 초안을 대통령에게 보내는 거야. 대통령이 그 초안을 보고, 좋다고 생각하여 일반
국민에게 알리게 되어야, 비로소 나라의 모든 기관이나 국민이 모두 지켜야 할 법률이 되는 거야.”

창식이는,

“잘 알았읍니다. 그 밖에 또 국회가 하는 일은 없읍니까?”

하고, 물었다.

“물론 있지. 있다 뿐이 아니라, 퍽 많지.”

영수 아버지는 열심히 말씀하신다.

“국회는 특히 정부가 국민에게 불리한 일을 하지 못하도록 하며, 또 그 많은 일을 더 잘 하도록 하기 위하여, 여러 가지 활동을 한다.

첫째는, 정부에서 마음대로 돈을 걷어, 함부로 쓰지 못하게 하기 위하여, 해마다 나라에서 쓸 돈의 예정표인, 예산을 정부에서 작성하면,
국회가 그것을 일일이 검토하여 결정한다. 그리고, 정부가 일 년 동안의 예산을 다 쓰면, 그 쓴 결과를 국회에 보고하여, 국회의 승인을
받아야 한다.

둘째로, 정부는 그 하는 일 중에, 중요한 일에 대하여, 국회의 의견을 물어야 하는 일이 많다. 다른 나라와 조약을 맺거나, 전쟁을 할
때에도, 정부는 국회의 동의를 얻어야 하며, 또 중요한 일을 맡아 보는 공무원을 임명할 때에도, 국회의 동의를 얻어야 한다.

셋째로, 국회는 정부며 법원에서 일을 올바르게 처리하는가를 감시한다. 그러기 위하여서는, 정부나 법원에 대하여 필요한 서류를 제출하게 하며,
또 필요하면, 민간 사람을 불러서 증언하게 할 수도 있다.

넷째로, 또 국회는, 나라의 중요한 일을 맡아 보는 공무원이, 처사를 잘못하였을 때에는, 그 책임을 묻고, 경우에 따라서는 그 공무원을, 그
자리에서 물러나게 할 수도 있다.

이 밖에도 국회에서 하는 일이 있지만 대강 이만큼 말해두기로 하자.”

하고, 영수의 아버지는 말씀을 끝마치셨다.

국회 의원이 일하는 모양

 ○ 정부

영석이네 분단에서는, 정부의 하는 일을 어떻게 알아보는 것이 좋겠는가에 대하여, 여러 가지로 의논하였다. 그리하여, 마침내 교장 선생님이 그
일에 대하여 잘 아시니, 교장 선생님을 모시고 이야기를 듣기로 하자고 합의를 보았다.

영석이가 교장 선생님 방에 가서, 정부의 하는 일을 말씀하여 달라고 여쭈웠더니, 웃으시면서 승낙하여 주셨다.

중앙청 건물  

영석이네 분단은, 모두 교장실에 모여서, 교장 선생님의 이야기를 들었다.

“너희들은 우리 나라 대통령이 누구신지 알지? 그래, 그래, 대통령은 정부 총 책임자이며, 또 우리를 대표하는 분이야. 정부에서 하는 일은
아주 많기 때문에, 대통령은 많은 공무원을 임명하여, 그 일들을 갈라 맡게 한다.

첫째로, 대통령은, 국무 위원을 임명하여, 국무원을 조직하고, 정부에서 하는 일의 중요한 기본 방침을 의논하여 결정한다. 그리고, 여기에서
의논되고 결정된 일을, 실제로 실행하기 위하여, 외무부며, 내무부며, 문교부와 같은 각 부를 두고, 각 부는 장관이 책임지고, 그 맡은 일을
처리한다.

정부의 하는 일은 대단히 많지만, 그것을 크게 마음의 세 가지 부면으로 나누어서 생각할 수가 있다.

첫째는, 나라의 독립을 지키는 일이다. 군대를 양성하고, 무기를 갖추는 것은, 나라를 지키기 위하여 필요한 일이며, 또 다른 나라와 여러
가지 외교를 하는 것도, 나라의 독립을 지키는 데에 필요한 일이다. 이 모든 일은 정부에서 맡아한다.

둘째로, 정부에서는, 국민 생활의 질서를 지키기 위한 일을 한다. 도둑을 막는다든지, 그 밖의 나쁜 일을 하는 이를 막기 위하여 경찰을
두고, 국민의 생명과 재산을 보호하여 준다.

셋째로, 국민의 이익과 행복을 증진시키기 위한 일을 한다. 철도 사업이며, 체신 사업을 하여, 국민의 교통과 통신을 편리하게 하기도 하고,
농업이며 공업과 같은 산업을 장려하기 위하여, 여러 가지 일을 하여 준다. 그리고 또, 국민의 교육을 위하여서도 많은 일을 하며, 국민의
건강을 위하여서도 여러 가지 일을 한다. 또, 국민 가운데에 불쌍한 사람이 있을 때에도, 이를 도와 준다.

이와 같이, 정부에서 하는 일은 많고, 국민은 정부에서 하는 일로 많은 혜택을 입는다. 그러나, 정부가 이와 같은 일을 잘 하려면, 국민이
잘 도와야 한다. 정부에서 군대를 양성하려면, 국민이 군대에 들어가야 하며, 산업을 일으키려면, 부지런히 일하여야 하고, 또 교육을 잘
받아야만 나라의 일을 더욱 잘 도울 수 있게 된다. 그리고, 정부에서 여러 가지 일을 하려면 돈이 필요하게 되기 때문에, 국민은 세금을
바쳐야 한다. 국민은 나라에 대하여, 이와 같은 의무를 지고 있어, 병역, 근로, 납세, 교육을, 국민의 4대 의무라고 한다.

우리는 정부의 하는 일이 무엇이며, 또 그 하는 일이 우리에게 얼마나 고마운가를 알게 된다면, 정부의 하는 일을 잘 돕도록 하여야 한다.
그리고, 국민의 의무는 반드시 다하여야 하며, 또 누구보다도 앞장을 서서, 그 의무를 다하려고 하여야 한다. 그래야만 우리 나라는 더욱 좋은
나라가 될 수 있고, 따라서 우리들 국민의 행복도 더욱 증진될 수 있게 된다.”

 ○ 법원

철희네 분단에서는, 법원이 하는 일을 알아보기 위하여 재판소를 견학하였다.

판사가, 죄인을 중앙 책상 앞에 내세우고, 성명이며, 연령, 주소와 같은 것을 묻고서는 어느 날 어느 시에 어디엘 갔느냐고 묻기도 하고, 왜
그러한 물건을 훔쳤으며, 그 물건을 어디에 가져갔느냐고 묻기도 하였다. 그러는 동안에, 변호사도 무어라고 묻기도 하고, 또 검사도 무어라고
묻기도 하였다. 그리고 나서는, 검사가 이 사람의 죄는 숨길 수 없으니, 법률 제 몇 조에 의하여, 2년 징역을 하게 하여야 한다고
주장하였다. 이것을 듣고, 변호사가 일어나서, 이 사람이 물건을 훔치게 된 것은, 가족의 사정이 하도 딱하여 한 것이니, 관대하게 처분하여
달라고, 판사에게 부탁하는 것이었다.

세 사람의 판사는 서로 의논하더니, 오늘의 재판은 이것으로 마친다고 방을 나갔다.

재판하는 모양  

나중에 선생님께 들으니까, 다시 열린 재판에서 판사는 그 죄인에게 판결문을 낭독하여, 1년 6개월의 징역을 언도하였다고 한다.

창식이네 반에서는, 세 분단이 조사한 것을 반에서 보고하였다. 창식이네 분단은 국회의 하는 일을, 영석이네 분단은 정부의 하는 일을, 끝으로
철희네 분단은 법원이 하는 일을 보고하였다. 선생님은,

“모두들 참 잘 조사하였다.”

고, 하신 다음에, 법원에서 하는 일을 좀 더 자세히 설명하여 주셨다.

“재판에는 두 가지가 있는데, 하나는 죄를 지은 사람을 처벌하기 위한 재판이고, 또 하나는 민간 사람들이 서로 권리다툼을 할 때에, 그 옳고
그름을 밝히기 위한 재판이다. 재판을 공평하게 한다는 것은, 극히 중요한 일이기 때문에, 재판은 일정한 자격을 갖춘 판사만이 할 수 있다.
그러나, 판사는 제 마음대로 재판하는 것이 아니라, 법률에 따라 재판한다. 나라에서 이러한 기관을 두고 공평한 재판을 하기 때문에, 누구나
법률에 어긋나는 일을 할 수 없게 되며, 또 함부로 남의 재산을 빼앗거나 할 수 없게 되는 것이다. 우리가 안심하고 살 수 있는 것도,
법원과 같은 기관이 있기 때문이다.”

법원 건물⋅서울

 3. 선거와 지방 자치

   ○ 선거
   ○ 지방 자치

 ○ 선거

국회, 정부, 법원과 같은 나라의 기관이, 여러 가지 일을 한다고 하지만, 그 기관이 일을 잘하고 못하고는, 우리 국민에게 책임이 있다는
것을 알아야 한다. 곧, 국회의 일을 하는 국회 의원은, 국민의 손에 의하여 선거되며, 정부의 최고 책임자인 대통령도, 국민의 투표에 의하여
선거되기 때문이다. 우리가 좋은 국회 의원을 선거하면, 국회가 일을 더 잘 할 수 있게 될 것이요, 우리가 좋은 대통령을 뽑으면, 좋은
공무원을 임명하여, 좋은 일을 많이 하게 될 것이다.

이와 같이, 민주 정치에 있어서는 선거가 중요한 뜻을 가진다. 그러므로, 국민은 모두, 이 선거에 참가하여야 하는 동시에, 가장 적당한
사람을, 국민의 대표자로 뽑을 줄 알아야 한다.

모든 국민이 안심하고, 또 공평하게 선거에 참가할 수 있도록 하기 위하여서는, 보통 선거, 비밀 선거, 직접 선거, 평등 선거의 네 가지
원칙에 따른다. 보통 선거라 함은, 남녀며, 직업, 재산의 구별 없이, 모든 성인이 선거에 참가하는 것을 말하고, 비밀 선거란, 누가 누구를
선거하였는지 알 수 없게 하는 것을 말한다. 그리고, 직접 선거라 함은, 대리인에 의한 선거를 못 하게 하는 것을 말하며, 평등 선거라
함은, 모든 사람이 평등한 자격으로 선거에 참가하는 것을 말한다. 우리는 이와 같은 선거 제도 밑에서, 안심하고 가장 뜻에 맞는 대표자를
뽑을 수 있는 것이다.

 ○ 지방 자치

국민은, 다만 나라의 정치에만 참가하는 것이 아니라, 지방 자치에도 참가한다는 것을 알아야 한다. 한 지방을 더욱 살기 좋게 하기
위하여서는, 그 지방을 발전시키기 위한 일을 할 수 있어야 한다. 그러기 때문에, 면, 읍, 시에 사는 주민들은, 면, 읍, 시를 단위로
하여 의회 의원을 선거하여, 그 사람들에게 그 지방의 일을 의논하여 결정하게 한다. 그러므로, 우리는 다만 나라의 정치에만 잘 따르려 할
것이 아니고, 이와 같은 지방의 자치에도 잘 참가하여야 한다. 지방 자치는, 지방 주민의 생활을 향상시키기 위하여 필요한 것인 만큼, 우리가
지방 자치를 잘 할 때에, 그만큼 우리들의 생활은 행복하여지는 것이다.

나라의 정치를 위하여, 돈이 많이 드는 것과 마찬가지로, 지방 자치를 위하여서도, 돈이 많이 든다. 그러므로, 그 돈은 그 지방 주민이
부담하여야 하는 것이다. 우리는, 국민의 한 사람으로, 나라에 세금을 바쳐야 하는 동시에, 지방 주민의 한 사람으로, 지방 자치를 위한
세금도 바쳐야 한다.

자치를 잘 한다는 것이, 민주 정치의 기본이 된다. 그러므로, 우리는 학교 생활에 있어서도 자치를 잘 하는 동시에, 지방에서도 자치를
잘하도록 하여야 한다. 지방 자치에는 면, 읍, 시와 같은 조그만 범위의 자치도 있고, 서울 특별시, 도(道)와 같은 넓은 범위의 자치도
있다.

이와 같은 자치를 잘 할 때에, 저절로 나라 전체의 정치도 잘 되어 나갈 수 있게 되는 것이다.

지방 의회 모양

 익힘

1\. 나라의 3요소는 무엇무엇인가?

2\. 민주 정치와 전제 정치는 어떻게 다른가를 간단하게 적어 보자.

3\. 전제 정치를 하는 나라의 국민은, 어째서 불행하게 될 것인가를 토론하여 보자.

4\. 입헌 정치는 어째서 필요한가?

5\. 삼권 분립이란 무엇이며, 어째서 국민에게 유익한가를 생각하여 보자.

6\. 국회의 하는 일을 요약하여 보자.

7\. 정부의 하는 일을 요약하여 보자.

8\. 정부에는 어떠한 부처가 있는가를 조사하여 보자.

9\. 법원의 하는 일은 무엇인가를 요약하여 보자.

10\. 선거는 어째서 중요한가를 생각하여 보고, 어떠한 태도로 선거하여야 하겠는가를 토론하여 보자.

11\. 지방 자치를 잘하여야 할 까닭을 잘 생각하여 보자.

12\. 국민의 4대 의무를 들어 보자.

 五. 민주주의

   1\. 우리와 민주주의
   2\. 민주주의의 뜻
   3\. 민주 국가의 발전
   익힘

 1. 우리와 민주주의

여러분은 해방이 된 이후, 북한에서 넘어 와 우리들의 이웃에 살고 있는 사람들을 많이 볼 것이다. 그리운 고향 산천을 버리고, 재산까지
버리며, 심지어는 사랑하는 가족까지도 버린 채, 목숨을 걸고 경계선을 넘어 온 까닭은 무엇일가?

또, 우리 대한 민국의 국민은, 진심으로 공산주의를 싫어하고 미워하며, 귀중한 피를 흘려 가면서, 공산군과 싸우는 까닭은 무엇이며, 세계의
16개국의 장병들이, 목숨을 바쳐가며 공산군과 싸운 까닭은 무엇일가?

유우엔군  

이와 같이, 귀중한 목숨을 바치고, 여러 힘을 모아서 공산주의와 싸우는 까닭은 분명하다. 그것은 누구나가 다 같이 민주주의를 사랑하고,
민주주의를 믿고, 민주주의를 아끼는 까닭이다.

그러면, 민주주의란 무엇일가? 한 마디로 말하면, 그것은 사람들이 진실로 행복스럽게 살기 위한 생각이요, 방법인 것이다. 지금부터 민주주의가
무엇인가를 좀 더 알아보기로 하자.

우리들이 대한 민국의 훌륭한 국민이 되려면, 우선 민주주의가 무엇인가를 잘 알고, 민주 국가의 국민다운 생활을 할 줄 알아야 할 것이다.

 2. 민주주의의 뜻

   ○ 민주주의는 자유를 의미한다.
   ○ 민주주의는 스스로 다스림을 의미한다.
   ○ 민주주의는 의무를 다함을 의미한다.
   ○ 민주주의는 서로 의견이 다름을 의미한다.
   ○ 민주주의는 똑같이 기회를 주는 것을 의미한다.
   ○ 민주주의는 참을성을 뜻한다.

 ○ 민주주의는 자유를 의미한다.

여러분이 강에서 고기를 낚을 때에, 낚시에 걸린 고기는, 그 낚시에서 벗어나려고 있는 힘을 다해서 펄떡거릴 것이다. 또, 공중에 나는 새를
잡아 새장에 넣으면, 날개가 부러져라 하고, 새장에서 나가려고 야단을 친다. 집에서 기르는 개라도, 목을 사슬에 매이는 것을 싫어하며,
사슬만 풀리면 자유롭게 돌아다니려고 한다.

물고기가 낚이기를 싫어하고, 새가 갇히기를 싫어하며, 개가 사슬에 매이기를 싫어하거늘, 하물며 사람이야 누구나 억압을 받는 것을 좋아하랴.
이 세상 사람들은 누구나 다 자기의 생각이란 것을 가지고 있기 때문에, 자기들의 둘레에서 일어나는 일을 알고 싶어하고, 자기가 흥미를 갖는
일에 대해서 더 배우고 싶어하는 것은, 지극히 자연스러운 일인 것이다.

사람이 누구나 어떻게 자기 시간을 보내며, 또 무엇을 배우고, 자기 직업에 대해서 이야기하고 싶어하는 것도 지극히 자연스러운 일이다.
그러므로, 사람은 누구나 자기들의 계획을 방해한다든지, 그들이 하고 싶은 일을 억눌린다든지 하면, 그 사람에게 반항하고, 그 사람에게 불만을
갖는다는 것도 또한 자연스러운 일이다.

이 세상 사람은, 대개 자기만이 가지고 있는 독특한 재간이 있다. 그 재간에 따라서 어떤 사람은 기관수가 되고, 어떤 사람은 음악가, 목수,
또는 의사가 되는 것이다. 화가가 되려고 열심히 그림을 공부하고 있는 사람에게, 변호사 공부를 하라고 한다든지, 상인이 되어야 한다고 억지를
쓴다는 것은 참으로 딱한 일이다.

사람들은 지난 여러 세기 동안, 모든 억압으로부터 벗어나는 자유를 위해서 싸워 왔다.

옛날에는, 한 사람이 부귀나 영토를 얻기 위하여, 여러 사람에게 억지로 싸우게 한 임금도 있었다. 또, 어떤 포군은, 강제로 자기를 위한
궁전을 짓게 하며, 탑을 세우게 하였다. 또, 어떤 임금들은 그의 국민들에게, 자기가 만든 법률에 복종하게 하고, 자기가 정한 종교를 강제로
믿게 하며, 무거운 세금을 물리게 하였다.

그러나, 이런 일은 사람의 근본 정신에 맞지 않는 일이므로, 오래 갈 수 없었다. 사람들은 폭동이나 반란을 일으켜서, 이 쇠사슬을 끊고,
자기들의 지도자를 뽑는 데나, 법률을 만드는 데나, 또는 그들이 관계하는 일을 해 나가는데 자유로와야 하겠다는 것을 주장하였던 것이다.

이와 같이, 우리는 모두 자유로운 마음으로, 우리가 가장 흥미를 갖는 일을 하려고 희망한다. 이러한 자기의 희망을 채워 가면서, 우리가
일에나 놀이에 차차 익숙해져서, 자기들이 가진 바 재간을 발전시킨다면, 우리는 더욱 행복한 사람이 될 수 있고, 우리가 사는 고장은 아름다운
자유의 꽃밭이 될 것이다.

민주주의란 자유를 의미한다.

이와 같이, 민주주의란 사람이 태어날 때부터 가지고 있는 자유를 살려서, 아무에게도 구속 당하지 않고, 자기를 발전시키는 것을 의미한다.

 ○ 민주주의는 스스로 다스림을 의미한다.

민주주의는 자유를 바탕으로 한다. 그러나, 자유라는 것은 흔히 잘못 생각해서, 아무렇게나 하는 것이라고 알아서는 큰 잘못이다. 우리가,
우리들이 원하는 자유를 얻었다며는, 우리는 우선, 이 자유를 가지고 무엇을 할 것인가를 결정해야 한다. 여러 가지 일 가운데서 무엇을 할
것인가를 고르고, 그 일에 대한 계획을 세워야 한다. 이것은 마치, 자기 차를 부리는 사람은, 차의 얼개를 알아야 하고, 발동도 걸 줄
알고, 속력도 조절할 줄 알아야 하며, 어디를 갈 것인가를 알아야, 비로소 차를 움직이게 하는 것과 같은 것이다.

여러 나라가, 차츰 그들의 임금을 물리치고, 자기들이 원하는 자유의 나라가 되었을 때에, 그들은, 그들의 근심이 다 없어지지 않은 것을
깨달았다. 곧, 그들은 어느 누가 자기들을 다스릴 것을 원하지는 않았지만, 그들 자신이 자기 자신들을 어떻게 다스려 가야 하느냐를 배워야 할
것을 깨달았다. 그리하여, 그들은 앞에 놓여 있는 여러 가지 문제를 풀지 않으면 안 되게 되었다.

일찌기, 미국의 조오지 와싱턴과, 토마스 제퍼어슨 같은 사람들은, 독립 전쟁이 끝났을 때에 이것을 깨닫고, 자기들에게 맞는 헌법을 만들고,
자기들에게 맞는 새로운 정부를 세운 것이었다. 여러분은, 여러분이 사는 고장을 잘 살게 하기 위해서, 누가 노력해야 하는가를 생각해 본 일이
있는가? 교통의 법규가 있고, 병원이 있고, 수도가 나오고 하는 것은, 모두 저절로 되는 일은 아니다. 누가 이렇게 해야 한다고 명령해 주는
사람도 없다. 여러분의 고장에 사는 사람들이, 다 같이 해 나갈 일에 대하여 책임을 져야 하고, 법을 만드는 것을 도와야 하며, 여러 가지
일을 맡아 보아야 할 남녀를 선거하여야 하는 것이다. 이와 같이, 민주주의는 스스로 다스림을 의미한다.

우리는, 남자이건 여자이건, 어른이든지 아이든지, 자유를 누리려면, 우선 자진해서 스스로 다스리는 노력을 해야 한다. 스스로 다스리는 방법을
배우는 것은, 마치 운동 경기를 하는 것을 배우는 것과도 같다. 축구나 야구를 하고자 하는 소년은, 열심히 연습을 해야 하고, 그의 몸이
자기의 힘을 충분히 나타낼 수 있도록, 스스로 조절하여야 한다. 한 사람 한 사람이 모두 좋은 경기를 하면, 그 단체는 힘세고, 훌륭한
단체가 되는 것이다.

 ○ 민주주의는 의무를 다함을 의미한다.

여기에 관현악단이 연주를 하려고 한다. 연주자는 모두 그 앞에 연주할 악보를 놓고, 악기를 가지고 있다. 지휘자가 지휘봉을 들고,이 악단을
지휘할 때에, 여러 가지 악기에서 흘러나오는 소리는, 한데 뭉쳐서 아름다운 멜로디를 이루어 낸다. 그러나, 이 때에 어떤 연주자 한 사람이
속으로,

“나 하나 쯤은 연주를 하지 않아도 관계는 없을 터이지.”

하고, 생각했다고 하자. 그러자, 옆에 있던 또 한 사람도, 또 다른 한 사람도 그렇게 생각했다고 하면, 마침내 이 관현악단은 음악을
연주하는 것이 아니라, 이상한 소리를 내는데 지나지 않을 것이다.

이와 같이, 운동 경기에도 자기가 맡은 일을 틀림없이 할 사람이 꼭 있어야 하는 것과 같이, 관현악단에도 하나하나의 악기가 다 필요한
것이다. 관현악단에서 누구든지 하나라도 연주를 그치면, 역시 부족한 점이 생기어, 관현악으로는 완전하지 못한 것이다.

그러므로, 어떠한 모임에 있어서도, 각 개인은, 다른 사람들이 자기들이 맡은 바 임무를 다해 주기를 바라며, 다른 사람들도 역시 그 사람이
맡은 일을 다해 주기를 바라는 것이다. 이것은 학교에 있어서나, 가정에 있어서나, 똑같은 것으로, 우리는 다른 사람에게 의지하고, 다른
사람은, 또 우리에게 의지하고 있는 것이다.

그리고, 우리가 우리 직분을 완수하고, 다른 사람도 자기들의 맡은 바 일을 다할 때에, 모든 일이 순조로이 되어 가는 것이다. 만일 우리가
꼭두각시라면, 우리는, 우리가 맡은 의무를 생각할 필요도 없고, 끈이 잡아당겨지는 대로 팔다리를 움직이기만 하면 된다. 그러나, 사람들은
누구나 꼭두각시가 되기를 원하지 않고, 자기가 마음대로 생각하고, 행동하는 즐거움을 가지려고 하는 것이다.

물론, 우리는 몇몇 사람을 뽑아서, 그들에게 우리의 일을 처리하게 하는 일은 있으나, 그것은 어디까지나, 우리들의 의사를 대신하는
사람으로서의 시장(市長)을 뽑는 것이요, 또는 대통령을 뽑는 것이다. 그리하여, 우리는 일정한 동안, 그들이 결정하는 바에 좇게 되나,
만일, 이러한 선거에 기권을 하게 된다면, 그것은 자기들이 가지고 싶어하는 정부를 버리고, 다른 사람이 다스리게 하는 것을 허락하는 셈이
된다.

  

이와 같이,

민주주의란, 의무를 다함을 의미한다.

민주주의 사회에 사는 사람은, 누구나 다 어떤 운동 단체의 경기자와 같이, 그들의 정부를 훌륭하게 하기 위하여, 서로 자기의 의무를 다하고,
서로 의지하며, 도와야 하는 것이다.

 ○ 민주주의는 서로 의견이 다름을 의미한다.

여름 방학이 되어서, 창식이네 집에서는 집안 식구들이 1주일 쯤 여행하기로 하였는데, 어디로 갈 것인가가 문제가 되었다.

6학년의 창식이는, 작년에 임간 학교를 한강 가로 가자고 우겼고, 중학교 3학년인 인숙이는, 바다로 가서 해수욕을 하자고 수영복을 보이며
주장하였다. 아버지는 아버지대로, 고기도 낚고 골프도 할 수 있는 곳이 좋겠다고 하시고, 대학에 다니다가 방학이 되어서 온 큰언니는,
이곳저곳으로 여행을 하자고 하였다. 어머니는 어머니대로, 또 자기 손으로 식사를 마련하느니보다는, 어떤 여관에서 편히 쉬는 곳이 좋겠다고
생각하신다.

이렇게 돼서, 며칠이 지나도 목적지가 결정이 안 되었다. 하기야 아버지가, 아버지의 생각대로 결정하면, 모두 좋건 싫건 따라오기야 하겠지만,
아버지는 그렇게 결정 지으려고 하시지 않고, 가족 회의를 열어서 결정하려고 하셨다. 회의를 열어 보았으나, 역시 서로 주장하는 바를 굽히지
않았기 때문에, 결국 투표를 하였다. 결과는 바다로 가자는 편이 3대 2로 가결되었다. 창식이와 큰 언니는 하는 수 없이 복종하였지만,
아버지와 어머니는, 그 대신 내년에는 이 두 사람의 의견을 충분히 참작하겠다고 약속하셨다.

사람들은 다만, 이러한 조그만 여름 휴가의 문제만이 아니라, 여러 가지 문제에 서로 의견을 달리 할 때가 많다. 날씨에 대해서도, 한 사람은
따뜻하기를 원하고, 한 사람은 시원하기를 바란다. 반에서 반장을 선거할 때도, 뽑고자 하는 사람이 각각 다르다.

이러한 조그만 문제에도 의견이 다르지만, 문제가 크면 클수록 사람들은, 더욱 흥분해진다. 국회 의원 선거 때가 오며는, 거리거리에는 깃발이
나붓기고, 포스터가 여기 저기 붙고, 여러 곳에서 연설이 벌어진다. 어떤 정당은, 우리 나라의 문제를 해결할 사람은, 자기들이 내세운
사람이라야 한다고 하고, 또 다른 정당은, 자기들의 대표자가 가장 적당하니, 투표를 해 달라고 외친다. 이러하여, 유권자들은 투표하는 날까지
자기들의 대표를 고를 수 있게, 그들의 의견을 들을 기회를 갖는 것이다.

  

이와 같이,

만주주의란, 서로 의견이 다른 것을 의미한다. 이것은, 다만 지도자가 하라는 대로 따라가는 것이 아니고, 모두가 다 한 몫 끼는 것을
의미하는 것이다. 다만 다른 사람의 의견에 찬동만 하는 것이 아니고, 서로 주장하고, 토의해서 더 좋은 방법을 찾아 내는 것이다. 남자나
여자나, 어린이도 힘을 합쳐서 우리의 문제를 해결하는 데 도움을 주는 것이다.

 ○ 민주주의는 똑같이 기회를 주는 것을 의미한다.

여러분은 돼지들이 밥을 먹는 광경을 보았을 것이다. 먼저 구유를 차지한 큰 놈은, 힘이 약해서 구유 가까이 가지 못하는 작은 놈의 생각은
도무지 하지도 않는다. 이것을 우리는 돼지 같은 욕심장이라고 하는데, 모두가 제각기 제 생각만 하는 좋은 본보기인 것이다.

  

운동 경기에 있어서도, 좋지 못한 경기는, 모든 사람에게 공평하게 같이 놀 기회를 주지 않는다. 좋지 못한 경기자는, 다른 사람이야 경기에
끼건 말건 상관도 하지 않으나, 상대방에 대해서는 트집을 잡기를 좋아한다. 그리고 지게 되면, 반드시 심판에게 항의를 한다든가, 자기의
잘못을 변명으로 감춘다든지 하고, 상대방의 좋은 태도를 배우려고도 하지 않으며, 애썼다고 위로하는 말도 하지 않고, 자기만이 힘이 세고,
경기에 익숙하다고 생각한다.

물론, 우리들은 모든 경기 때에 이기기를 원한다. 이긴다는 것은 경기를 즐겁게 하는 큰 요소이기 때문에, 누구나 상대 편보다 더 많은 득점을
하는 것으로, 경기를 더욱 즐겁게 하지마는, 그러나, 우리는 언제나 모든 사람을 항상 이기기만 할 수 없는 것이다. 우리는 여러 경기를 하는
동안에, 이기기도 하고 지기도 하기 때문에, 승부는 둘째치고, 항상 좋은 경기를 하는 법을 배울 필요가 있는 것이다.

운동 경기에 있어서, 공평한 태도를 취한다는 것은 비교적 쉬우나, 논쟁에 있어서는, 매우 힘들 때가 많다. 논쟁도 경기와 마찬가지로, 그
의견이 두 갈래, 또는 그 이상으로 대립되어 다투게 되는데, 이 승부는 축구나 야구처럼 뚜렷하고 쉽사리 결정되는 것은 아니다. 이야기를
똑똑하게 길게 했다고, 이기는 것도 아니요, 듣는 사람이 많았다고 이기는 것도 아니다.

논쟁에서 이긴다는 것은, 듣는 사람들의 대다수가, 이 사람이야말로 옳은 사람이라고 믿게 하는 데 있다. 그러나, 승부가 결정되었다고 해서,
논쟁은 끝이 나는 것은 아니다. 이긴 사람은, 공평한 태도를 가지고, 상대 편에게 더 의견을 말할 수 있도록 하여 주는 동시에, “내 생각이
모자랐구나.” 하는 것을 깨닫도록 하여야 한다.

여러 사람이 비웃던 어느 사람의 생각이, 나중에 가서야 비로소 옳았구나 하는 것을 깨닫게 되는 일이 흔히 있다. 컬럼버스가 지구는 둥그니까,
항해할 수 있다고 말하였을 때는, 이것을 믿는 사람은 극히 적었다. 맨 처음에 하늘을 날 것을 의논하는 사람들을, 당시는 모두 미친
사람이라고 하였던 것이다.

논쟁에 있어서는, 모든 점을 공펑하게 생각한다는 것이 매우 중요한 일이다. 처음에는, 터문이 없다고 생각하던 의견이 자라고 발전해서, 더
좋은 일을 하는 것을 볼 때에, 우리는, 그 생각을 지지하든 안 하든, 공평한 태도로 들어 주고 도와 주어야 할 것이다.

이와 같이,

민주주의는 모든 기회에, 다 같이 참가할 수 있도록 하며, 그 의견을 발표할 수 있게 하는 관대성을 의미한다.

그러므로, 민주주의 사회에 사는 사람들은, 누구나 자기가 다른 사람보다 훌륭하다고 생각하지 않으며, 다른 사람의 의견을 존중하는 것이다.

 ○ 민주주의는 참을성을 뜻한다.

우리는 하루의 일을 마치고, 저녁 때 집으로 돌아갈 적에는, 조금이라도 일찍 가기를 바란다. 때로는, 사람이 다니는 길을 돌아가는 것보다는,
잔디밭을 곧장 건너가는 것이 훨씬 빠르고 쉬울 때가 많다. 그러나, 지름길이라는 것은, 편리할 때보다도 더 말썽거리가 될 때가 많다. 곧,
잔디밭을 건느려고 잔디를 밟으면, 잔디는 죽어버려서, 다시 그것을 키우기까지에는 많은 시일이 걸리게 된다. 급할 때에 구두를 신으려고
하는데, 구두끈이 엉켜 있으면, 사람은 흔히, 구두끈을 잡아당겨서 끊어버리는 수가 많다. 그 결과는, 새로 구두끈을 마련하는 시간이,
차근차근 구두끈을 푸는 시간보다도 더 걸리게 된다.

이런 때, 사람에게 참을성이 필요하듯이, 차를 몰고 거리를 달릴 때에도 똑같이 참을성이 필요하다. 만일 차를 굉장한 속도로 달리게 한다든가,
붉은 신호등이 켜 있는데도, 바쁜 생각만 하고 그대로 달리면, 교통 사고가 나고, 조사를 받고 하여, 시간은 더 걸릴 것이다. 그러므로,
이러한 교통에 관한 법규가 마련되어 있는 것은, 차를 모는 사람만을 위한 것이 아니라, 더 많은 사람이 안심하고 살아 갈 수 있도록 하기
위해서 필요한 것이다.

  

붉은 불이 너무 오래 동안 켜져서, 급한 나머지 그대로 달리고 싶은 마음은 간절하지만, 뛰어나가서는 반드시 사고를 일으키니까, 역시 푸른
불이 켜질 때까지 기다려야 한다. 그것을 고치려거든, 경찰서에 가서 교통 신호기가 빨리 돌도록 제의하는 것이 오히려 현명한 방법일 것이다.

이와 같이,

민주주의란 인내를 의미한다.

그것은, 모든 일을 평화로운 수단으로 해 나갈 길을 찾고자 하는, 굳은 결심을 의미하는 것이다. 우리는 다른 더 좋은 방법을 마련해서 법규를
갈 때까지는, 이 법규에 자진해서 복종하여야 한다.

민주 사회에 사는 사람은, 모든 사람이 꾸준히 참고 노력한다면, 반드시 평화스러운 해결 방법을 찾아낼 수 있다는 마음을 가져야 한다.

 3. 민주 국가의 발전

앞에서, 우리는 민주주의의 뜻을 여러 모로 살펴보았다. 이로써, 우리는 민주주의가 무엇보다도 사람을 소중히 여긴다는 것을 짐작할 수 있다.
자기 자신을 소중히 여기는 동시에, 남도 소중히 여긴다. 곧, 자기의 권리를 소중히 하는 동시에, 남의 권리도 소중히 하며, 자기의 자유를
주장하는 동시에, 남의 자유도 인정하는 것이다. 이것이 민주주의의 근본 바탕이 되는 마음씨이다. 이 마음씨야말로 서로 아끼고 믿는 마음이요,
사람은 모두 평등하다는 것을 인정하는 태도인 것이다.

이런 우애의 정신이 사회에 가득 찰 때, 그 사회는 민주적이라 말할 수 있다. 또, 이 정신이 학교나 가정에 살려진다면, 그 학교나, 가정
역시 민주적인 것이다.

이런 정신을 정치에 응용한다면, 거기에 민주 정치의 원칙과 방법이 우러나오게 된다.

또, 민주주의의 정신을 온 세계에 퍼뜨려서, 아름다운 하나의 세계를 이루려 할 때, 국제 연합과 같은 기관을 낳게 한 것이다.

민주주의가 자라난 역사를 살펴보면, 그것은 그리이스나 로마 시대에 시작된다. 그러나, 이 때의 민주주의는 완전한 것이 못 되었다.

오늘날의 민주주의가 이룩된 것은, 근세에 이르러서이다. 근세에 이르러, 가장 먼저 민주주의가 진보한 나라는 영국이다. 이어서 미국이
독립하였고, 프랑스에 혁명이 이루어졌다. 그러나, 이러한 나라에서도 결코 하루 아침에 민주주의의 세상이 나타난 것은 아니다. 많은 사람들의
오랜 동안의 노력과, 국민들이 점점 깨어, 민주 사회를 이룩해 나아간 것이다.

영국의 민주주의가, 오늘날 큰 나무와 같이 자라나기까지에는 약 900년의 세월이 걸렸다. 처음에 영국의 귀족들은 왕의 압제를 누르려고
끊임없이 싸웠고, 왕은 왕대로, 자기의 권리와 이익을 지키기 위하여 노력하였다. 그러는 동안에, 헌장을 만들고, 국회를 마련하고, 국무원을
두게 되었다. 이리하여, 마침내 서기 1928년에는, 남녀 평등한 보통 선거를 하게끔 되었다. 오늘날, 영국의 의회 정치는 세계의 모범이란
칭찬을 받고 있다.

  

미국에 민주주의의 싹을 트게 한 것은, 영국에서 건너간 이민들이었다. 그들은 본국의 지배를 받기 싫어하여, 독립 전쟁을 일으켜, 유명한 독립
선언서를 발표하였다(1776). 이 선언서에는 민주주의의 이상이 밝혀져 있으며, 전제 정치나 독재 정치를 어디까지나 물리치겠다는 굳은 결심을
나타내고 있다. 이리하여, 미국은 이 전쟁에 승리를 얻어, 영국의 지배로부터 벗어났다. 이어서, 중앙 정부를 마련하고 헌법을 정했다. 그
후, 꾸준한 노력으로 헌법의 정신을 살려, 오늘날과 같은 민주 사회를 이룩하게 되었다.

프랑스 역시, 오랜 동안 왕실과 싸우다가, 1791년에 헌법을 제정하고, 인권을 선언하여, 민주 정치의 기초를 닦았다. 그러나, 그 후에도
많은 파란을 겪다가, 마침내 오늘날과 같은 공화국을 이루게 되었다.

이상과 같은 민주주의의 역사를 볼 적에, 우리는 우리 나라를 더욱 훌륭한 민주 국가로 발전시키기 위하여 일층 노력할 각오가 필요하다.

 익힘

1\. 우리들은 학급 어린이로써 어떠한 의무가 있으며, 어떠한 자유를 가지고 있나?

2\. 왜 사람들은 구속 당하기를 싫어하고, 자유를 원하는가?

3\. 학교에나 고장에는 어떠한 자치 기관이 있나?

4\. 국민이 의무를 다하지 않고 권리만을 주장하면, 그 나라는 어떻게 되나?

5\. 서로 의견이 다르다는 것은 어떠한 좋은 점이 있는가?

6\. 왜 모든 사람에게 같은 기회를 주어야 하는가?

7\. 우리가 꾸준히 참고 노력하는 데서 어떠한 이익을 얻나?

8\. 민주주의의 근본 바탕이 되는 마음씨는 어떠한 것인가?

9\. 오늘날 민주주의가 가장 잘 발달한 나라는 어디어디인가?

10\. 우리 나라를 더욱 훌륭한 민주 국가로 발전시키려면, 어떠한 점에 노력해야 할 것인가?

 六. 국제 연합

   1\. 빛나는 유우엔군
   2\. 국제 연합의 목적
   3\. 국제 연합과 우리 나라
   익힘

 1. 빛나는 유우엔군

오늘은 국제 연합일이다. 학교에서 얼마 떨어지지 않은 유우엔 묘지를 청소하고 참배하였다. 깨끗하게 청소된 묘지의 十자가 사이를 걸어서 비석
앞에다 꽃다발을 올리고, 진심으로 유우엔 용사들의 명복을 빌었다.

생각하면, 멀리 파도를 넘고, 창공을 달려서, 산설고 물설은 외국 땅에 와서, 자유와 평화를 위하여 귀중한 목숨을 바친 이 용사들이, 한없이
거룩하게 생각된다. 하늘에 날리는 유우엔기(旗)와 태극기도, 이들 용사의 공훈을 길이 찬양하는 것 같았다.

지금은 고요히 잠든 용사들이, 땅 속에서 우리 나라의 발전과 안전을 지켜 주고 있지마는, 이 十자가의 하나하나가, 불법으로 침입한 공산군을
무찌르고, 평화와 질서를 다시 찾은 생각을 하니, 국제 연합군의 힘이란 참으로 위대하다.

학교에서는 유우엔날을 중심으로, 국제 연합에 대한 공부를 하기로 하였다. 오늘은 학교에 돌아와서, 기념 행사로 웅변 대회를 하였다.

유우엔군과 같이 싸운 국군 아저씨를 아버지로, 오빠로 가진 아이들이, 오랑캐와 같이 싸운 이야기며, 우리 나라의 통일을 원하는 열변을 힘차게
토하였다. 선생님께서는, 국제 연합군에 대하여 이야기해 주셨다.

부산에 있는 유우엔군 묘지  

단기 4283년 6월 25일에, 북한의 공산 괴뢰군이 이른 새벽을 타서, 38선을 넘어 대한 민국으로 침입하였다. 그 때, 우리 나라에 와
있던 유우엔 한국 위원단은 곧 이 사실을 유우엔 사무 총장에게 보고하고, 미국은 곧 안전 보장 이사회를 열도록, 유우엔 사무 총장에게
요청하였던 것이다.

이날 오후에, 안전 보장 이사회는 미국이 제출한 안을 중심으로, 북한 공산군의 남침은, 평화를 침해하는 것이라고 규정을 짓게 되었다.
그리하여, 괴뢰군은 곧 군사 행동을 중지하고, 38선 이북으로 물러갈 것을 요청하는 동시에, 유우엔 가맹국은, 괴뢰군에게 일체의 원조를 하지
말아 달라고 하였다.

다시, 안전 보장 이사회는, 6월 27일에 한국 위원단으로부터, 한국의 사태가 급속도로 악화될 염려가 있고, 괴뢰군은 안전 보장 이사회의
결의를 들을 의사가 없으며, 이번 남침은 모든 준비를 비밀리에 한 계획적인 침략 행동이라는 보고를 받았다.

사태가 이렇게 되자, 안전 보장 이사회는 국제 평화를 확보하기 위하여, 군사적 압력을 긴급히 가해야 할 필요가 있다는 것을 인정하고, 모든
국제 연합 가맹국은 침략군을 격퇴하고, 이 지역에 국제 평화를 확보하는 데 필요한 원조를 대한 민국에게 주자는 의안을 가결하였다.

이 결의에 따라서, 미국을 위시한 국제 연합 가맹국은, 자기네가 할 수 있는 원조를 대한 민국에게 주게 되고, 유우엔 16개국의 군대로
구성된 국제 연합군은, 한국에서 공산군을 몰아내는 싸움에 참가하게 되었던 것이다.

원래 국제 연합은, 세계에서 전쟁을 없애기 위해서 만들어진 것이다. 그러므로, 이 기구에 가입한 나라들은, 전쟁을 일으키는 것이 전면적으로
금지되어 있는 것이다. 그러나, 이것은 자기가 전쟁을 일으킬 경우의 이야기이고, 외국에서 전쟁을 걸어 왔을 때는, 무기를 가지고 이를 막는
것은 관계 없게 되어 있다. 이와 같이, 외국의 공격에 대해서 자기 나라를 지키는 것을, 자위권(自衛權)이라고 한다. 이 자위권에는, 혼자서
막는 때도 있지마는, 공동 자위권도 인정되어 있다. 즉, 갑이라는 나라가, 을이라는 나라에게 공격을 받았을 때는, 갑과 서로 조약을 맺고
있는 여러 나라가 갑과 같이 협력해서 을을 물리치는 것도 인정되어 있는 것이다. 그러므로, 우리 나라에서 국제 연합군이, 공산군에 대해서
공동 전선을 펴게 된 것이다.

이와 같이, 남의 나라를 공격해서 국제 연합의 금지를 깨뜨린 나라는, 국제 연합에서 제재를 받아야 한다. 을을 제재하는 방법으로는 여러
가지가 있는데, 가령 국제 연합에 가입한 나라들이 을과는 교통과 통신을 하지 않는다든가, 무역을 중지한다든가, 또는 공중 폭격을 하고,
군대로서 점령을 한다든가가 있는데, 이 방법은 안전 보장 이사회가 정하기로 되어 있다.

이러한 침략 행동을 한 국가를 제재하는 가장 좋은 방법은, 국제 연합에 직속되어 있는 군대가 있어서, 침략 행동이 있을 때에 곧, 출동시킬
수 있다면, 가장 좋지마는, 사실상 이러한 군대를 갖는다는 것은 곤란하고, 또, 문제가 많아서, 가맹한 여러 나라가, 그 군대의 일부를
내놓아서 침략군보다 더 강한 군대를 만들어 침략을 막고, 일이 끝나면, 다시 그 나라로 돌아가게 되는 것이다.

이러한, 군대를 보통 국제 경찰군이라고 하는데, 우리 한국에서도 이 국제 경찰군이 활동을 하여, 침략 공산군을 물리친 셈이다. 이 군대의
수효는, 나라에 따라서 많이 보낸 나라도 있고 적게 보낸 나라도 있으나, 이들 군대는 모두 국제 연합의 정신을 살리는 데 노력하며, 침략
전쟁을 미워하는 나라들인 것이다. 또, 직접 군대는 보내지 않았지만, 의료, 약품을 보낸다든지, 병원선이나 식료품을 보내서, 한국을 돕고,
공산군을 물리치는 데 협력한 나라도 있다.

 2. 국제 연합의 목적

   ○ 국제 연합의 탄생
   ○ 국제 연합의 목적
   ○ 국제 연합의 짜임
   ○ 국제 연합이 한 일

반에서는, 분단으로 나뉘어서 국제 연합 공부가 시작되었다. 참고서도 가져오고, 도표도 얻어오고, 또 미국 공보원에서 참고할 자료도 얻어
와서, 다음 같은 4가지 문제로 풀어서 보고하기로 하였다.

(1) 국제 연합의 탄생

(2) 국제 연합의 목적

(3) 국제 연합의 짜임

(4) 국제 연합이 한 일

각 분단에서는 서로 힘을 합쳐서, 이 문제들을 알기 쉽게 푸느라고 애를 썼다.

 ○ 국제 연합의 탄생

독일과 일본이 일으킨 세계 제2차 대전은, 인류 역사상에서 가장 참혹한 전쟁의 하나이었다. 이 전쟁 도중에 있어서, 연합군 사이에서는 전쟁이
끝나면, 새로운 국제 평화를 위한 기구(機構)를 만들자는 이야기가 있었다. 그리하여, 단기 4276년 10월에, 소련의 서울 모스크바에서,
미국, 영국, 소련의 세 나라 외상(外相) 회의가 열렸을 때에, 전쟁이 끝난 다음, 될 수 있는 대로 빨리 국제 평화를 유지할 목적으로,
세계적인 기구를 만들자는 약속을 하였다.

그리하여, 다음 해인 단기 4277년 여름에는, 미국의 서울인 와싱턴 가까이 있는 덤바아턴 오오크스에서, 미국, 영국, 소련의 삼국 회담을
열고, 이 기구를 국제 연합이라고 부르기로 결정하고, 그 내용도 구체적으로 정해서, 중국의 찬성도 얻었던 것이다.

이와 같이, 네 나라가 만든 초안을, 전체 회의에 걸기 위해서, 단기 4278년 4월에는, 미국 샌프런시스코우에서 연합국 전체의 회의를
열었다. 전체 회의에 상정된 초안은, 여러 가지로 고쳐진 다음에, ‘국제 연합 헌장’이 되었다. 이 헌장 가운데는, 국제 연합의 임무, 이
임무를 실행하기 위한 기관, 회원국의 자격 같은 것이 정해져 있다.

이 샌프런시스코우 회의에 모인 51개국의 연합국 대표들은, 이 헌장에 서명을 하고, 각각 자기 나라로 가서, 그 나라 원수의 승인을 받았다.
이리하여, 이 헌장은 단기 4278년 10월 24일(유우엔날)에, 그 효력을 나타내게 되고, 다음 해인 단기 4279년 1월에는, 영국
런던에서 제1회 유우엔 총회가 열리게 되었다. 그러므로 국제 연합은, 평화를 위해서 전쟁 중에 탄생한 셈이다.

 ○ 국제 연합의 목적

국제 연합의 가장 중요한 목적은, 국제 평화와 안전을 유지하여, 세계 각국의 독립을 지키는 것이다. 그러기 때문에, 평화에 대한 위협을
없애고 막기에 힘쓴다. 그러므로, 침략이나 그 밖의 평화를 파괴하는 행위가 있을 때는, 여러 나라가 집단적으로 조처를 해서, 이들을
평화적으로 해결지으려고 한다.

만일 평화와 안전을 위태롭게 할 사태나, 분쟁이 일어났을 때는, 그 나라는 모든 펑화적 방법을 써서 이것을 해결하지 않으면 안 된다. 도저히
평화적 방법으로 해결할 수가 없을 때는, 안전 보장 이사회에다 소송을 해야 하며, 이 소송을 받은 안전 보장 이사회에서는 그 나라들에게
대하여, 적당한 처리 방법을 권고하기도 하고, 혹은 해결 조건을 내세우기도 한다.

이와 같이, 평화적으로 해결하는 것을 목표로 하기 때문에, 무엇보다도 전쟁 방지에 힘쓴다. 만일 평화에 대한 위협을 주거나, 이를
파괴하거나, 또는 침략 행동을 할 때는, 집단적인 강제 행동을 안전 보장 이사회가 취하게 된다. 안전 보장 이사회는, 괴뢰군이 우리 한국에
침입했을 때와 같이, 곧 평화의 위협이나, 파괴나, 침입 행위가 있나 없나를 조사하고 인정해서, 이 사태를 막기 위하여 잠정적 조처를
취하도록 요구한다. 그것은 군대의 진격을 정지시킨다든가, 군대를 철수시킨다든가, 또는 중립 지대를 만든다든가 하는 것이다. 그러나, 처음
사태가 어디까지나 중지되지 않으면, 안전 보장 이사회는, 필요하다고 인정할 때는, 군사적 행동까지도 취하게 된다.

또 하나의 국제 연합의 중요한 목적은, 경제적, 사회적, 문화적, 인도적인 문제를 위한 국제 협력의 달성이다.

세계의 나라들은, 다만 평화를 유지하기 위하여 협력할 뿐만 아니라, 나라와 나라 사이에서, 서로 지식을 교환하고, 학문 연구의 결과를 다른
나라 국민에게도 전하고, 다른 나라의 결과도 보고 받아서, 서로 이익을 나누려고 한다. 또, 외국과의 무역으로 국민 생활을 풍성히 하고,
예술이나 문학도 교류해서, 정신 생활도 깊게 하려는 것이 인간의 본성이다.

이러한 뜻에서 국제 연합은, 세계 전체의 경제 상태를 좋게 해서, 모든 국민의 생활 수준을 높이고, 될 수 있는 대로 실업자를 적게 하기
위하여 노력하며, 각국의 위생 상태도 좋게 하고, 무역도 자유롭게 할 수 있도록 애쓴다. 이렇게 하여, 물질 생활도 풍부하게 되고, 인권을
보호 존중하며, 문화도 교류되어 세계 문명이 높아지도록 장려한다.

이러한 일은, 국제 연합의 목적에 맞는, 경제적, 사회적 국제 협력을 통해서, 개인의 이익과 지위를 지키고 높이려는 데에 뜻이 있는 것이다.
그러므로, 안전과 평화에 관한 임무와, 사회적 경제적인 임무와는, 국제 연합의 2대 목적이며, 이상(理想)이라고 할 수 있다.

이러한 목적을 가진 국제 연합의 중요한 일 가운데는, 미개지에 대한 신탁 통치의 감독이 있다.

지금 지구상에 흩어져 있는 세계 강국의 식민지는, 자칫하면 그를 다스리는 나라만의 이익을 위하게 되어서, 다른 나라도 식민지를 얻기에 애를
쓰고, 또 때로는 식민지 때문에 전쟁을 하는 수도 있게 된다.

그러므로, 이와 같이 눈앞의 이익만 얻으려고 하지 않고, 문화가 얕은 원주민의 정신과 신체를 보호하고, 또 자기 나라의 이익만을 위하지
않고, 외국으로 무역도 하고, 자본도 내고, 사업도 할 수 있도록 하는 것이다.

그 지역을 맡아서 신탁 통치를 하는 나라는, 자기 나라와 똑같이 법률, 명령도 내고, 정치도 재판도 한다. 그러나, 노예 제도를 엄금하고,
토인들의 풍습과 종교를 될 수 있는 대로 존중하며, 교육도 보급시켜서 자치를 할 수 있도록 해서, 토인의 신체와 정신의 향상을 꾀해야 할
의무가 있다. 그리고, 세계의 어느 나라 사람이라도 자기 나라 사람들과 같이 살고, 여행하고 사업할 수 있도록 할 의무도 지니는 것이다.

이러한 의무를 잘 지키느냐 못 지키느냐를, 국제 연합은 살펴서, 잘 지키도록, 권고하는 것이다. 그러므로, 국제 연합은 신탁 통치하는
나라에게 질문서를 내서, 묻기도 하고, 책임 있는 관리를 보내서 질문도 받게 한다. 또, 그 지방까지 가서 시찰도 하며, 이러한 의무에
대해서는 누구나 국제 연합에 보고해서, 고치도록 부탁할 수도 있게 되어 있다.

 ○ 국제 연합의 짜임

   ○ 총회
   ○ 안전 보장 이사회
   ○ 경제 사회 이사회
   ○ 신탁 통치 이사회
   ○ 국제 사법 재판소
   ○ 사무국

국제 연합은, 그 목적과 이상을 달성하는 데 필요한 짜임을 가지고 있다. 그 짜임의 중요한 것을 들어보면, 총회, 안전 보장 이사회, 경제
사회 이사회, 신탁 통치 이사회, 국제 사법 재판소, 사무국의 여섯으로 되어 있고, 그 밖의 기관은 모두 이 밑에 있는 기관이다.

 ○ 총회

국제 연합에 관계하는 모든 문제를 심의하며, 그 결과를 일을 맡은 기관이나, 관계국에게 권고하는 것이 임무이다.

국제 연합에 가맹한 나라가, 모두 대표를 내서 참가하며, 투표권은 한 나라가 한 표씩이다. 총회는 매년 9월에 한번씩, 정기 총회가 열리고,
필요에 따라서 임시 총회를 갖는다.

표결을 할 때는, 중요한 문제에 대해서는 3분의 2 이상의 찬성이 있어야 하고, 그 밖의 문제에는 반수 이상의 찬성을 얻으면 통과되기로 되어
있다. 여기서 말하는 3분의 2이니, 반이니 하는 것은, 출석하고 찬성이니, 반대니를 표시한 나라 수효에 대한 것이다.

 ○ 안전 보장 이사회

국제 평화와 안전을 유지하는 것과, 가맹을 신청한 나라에 대해서는 그 자격 심사를 해서, 총회에 넘기고, 또 헌장에 위반하는 나라에 대해서는
제명 처분을 하는 것도 그 임무이다.

구성하는 나라로는 두 종류가 있는데, 하나는 헌장에 규정되어 있는 미국, 영국, 프랑스, 중국, 소련의 다섯 상임 이사국과, 총회에서 선거된
여섯 나라로 모두 11나라이다. 상임 이사국이 아닌 여섯 나라는, 매년 9월 총회에서 3분의 2 이상의 동의로 3나라씩 선출하는데, 임기는
2년이요, 다시 선거되는 것을 막고 있다.

표결은 11나라 중에서 7나라가 찬성하면, 가결되지마는, 거부권을 가지고 있는 다섯 상임 이사국 중의 한 나라만이라도 반대가 있으면 부결되어
버리게 되어 있다.

 ○ 경제 사회 이사회

경제적 사회적 국제 협력을 꾀하며, 총회에서 선출한 18나라 대표로 구성한다. 대표들의 임기는 3년이고, 일의 계속을 순조롭게 하고자, 매년
6나라씩 선출하는데, 의제는 과반수의 찬성으로 통과된다.

 ○ 신탁 통치 이사회

신탁 통치하는 나라를 감독하는 기관으로, 상임 이사국 8나라와, 그 밖의 이사국 4나라로 구성되고, 과반수 이상의 찬성으로 의결되기로 되어
있다.

 ○ 국제 사법 재판소

나라 사이의 분쟁을 해결하고, 법률 문제에 대한 질문에 회답하는 것이 임무인데, 세계의 학자 가운데서 뽑힌 15명의 재판관으로 구성된다. 이
재판관은, 총회와 안전 보장 이사회에서 반수 이상의 찬성을 얻어야 하며, 임기는 9년인데, 3년에 5명씩 선출한다. 이 재판소는 네덜란드의
헤이그에 있다.

 ○ 사무국

국제 연합의 여러 가지 일을 보는 기관으로, 우두머리는 사무 총장인데, 그 밑에 9명의 사무 차장이 있고, 또 그 밑에 직원이 있다. 사무
총장은, 안전 보장 이사회에서 사람을 골라서, 총회에서 반수 이상의 추천을 얻어야 한다. 사무국에서는 안전 보장 이사회 관계, 법률 관계,
사회 문제 같은 여러 부문의 일을 본다.

뉴욕에 있는 국제 연합 본부

 ○ 국제 연합이 한 일

국제 연합은 창설한 지 10여 년에 걸쳐서, 그 목적하는 세계 평화와 인류의 행복을 위하여 노력하여 왔다.

매년에 열리는 정기 총회, 또는 임시 총회, 또는 안전 보장 이사회, 그 밖의 여러 회의를 거쳐서, 우리 한국 문제를 비롯하여, 세계의 여러
가지 문제를 해결하고, 또는 권고하였다.

창설 당시는 51개국으로 출발하였던 회원국이, 점점 늘어서 80여개 국까지 되었으며(4291년 현재), 아직도 가입 신청한 나라를 모두
가입시키지 못하고 있는 형편이다.

국제 연합 본부를 미국의 뉴욕에 건축하고, 목적 달성에 필요한 여러 기관을 만들고, 그 짜임을 완전히 하며, 각기 맡은 일을 충실히 하기
위해서 노력하고 있다.

안전 보장 이사회에서는, 한국 사변 때에, 국제 연합군을 만들어, 공산군을 몰아내고, 그리이스의 내란에 대해서도 권고하였으며, 원자력을
평화적으로 이용하는 문제, 세계 각국의 군비를 축소하는 문제 등에 대해서도, 계속해서 노력하고 있다.

한편, 인류의 행복과 국제적인 협력을 위해서도, 세계 보건일, 인권 선언일, 또는 유네스코 회의 등을 통해서, 개인의 향상을 꾀하고
있으므로, 가맹국 전체가 국제 연합의 참다운 정신을 살려서, 정말 좋은 세계가 될 것이다.

 3. 국제 연합과 우리 나라

다음 날 선생님은, 이 문제에 대해서 다음과 같이 말씀하여 주셨다.

우리 나라는 세계 제2차 전쟁 때부터 국제적 문제가 되었다. 그것은 우리 나라가 불행하게도 독립 국가가 되지 못하였고, 일본의 압박 밑에서
고생하고 있었기 때문이었다.

단기 4276년 12월의 카이로 회담 때부터 약속받은 우리 나라의 독립은, 뜻하지 않았던 38선으로 미국과 소련의 점령 아래서 통일이
달성되지 못하자, 드디어 우리 나라 문제는 국제 연합으로 옮겨지게 된 것이다.

단기 4280년 5월에, 한국의 통일과 독립을 위하여 열렸던 미소 공동 위원회는, 소련의 방해로 정돈 상태에 빠지게 되자, 이 해, 미국은
한국의 독립 문제를 국제 연합 총회에 상정하였다. 이 문제는 드디어 11월에, 국제 연합 임시 한국 위원단을 만들어서, 총선거에 의한 한국
정부를 수립할 것과, 한국에 주둔하고 있는 군대를 철수할 것을 가결하였던 것이다.

그러나, 소련은 이에 반대하여, 위원단이 38선 이북으로 들어감을 반대하였으므로, 단기 4281년 2월에는 한국 위원단이 일을 할 수 있는
지역에서만이라도 활동하도록 결의하였다.

이에 따라, 이 해의 5월 10일에는 국제 연합 한국 위원단이 감시하는 밑에서, 남한에 총선거를 실시하고, 제헌 국회 의원을 선출하였던
것이다.

4288년 유우엔 한국 대표단  

이어서 7월 17일에는, 대한 민국의 헌법이 제정되고, 8월 15일에는 대한 민국 정부 수립과 대통령 취임식이 거행되었으며, 다시 그 해의
12월 12일에는, 국제 연합 총회에서 대한 민국이 합법적 정부라는 승인을 받았던 것이다.

그러나, 민족의 소원인 통일은 아직 이루지 못하고, 이북에서 선거될 국회 의원의 자리는 비워 둔 채, 우리 민족이나 우리 정부나, 또 국제
연합에서도 평화로운 통일을 위하여 끊임없는 노력을 하였던 것이다.

단기 4282년 1월에는, 대한 민국의 국제 연합 가입 신청을 하였고, 이 해 4월에는, 안전 보장 이사회에서 이 문제가 토의된 결과, 찬성
9표를 얻었으나, 아깝게도 소련이 거부권을 행사하였기 때문에 총회에 회부되지 못하였다.

그러나, 한국 정부가 국제 연합에서 승인을 받게 되고, 또 세계 각국도 우리 나라를 승인하고, 우리 나라와 외교 관계를 맺게 됨에 따라,
단기 4283년 5월에는 대한 민국이 국제 연합 과학 문화 기구(유네스코)에 가입하는 것을 무조건 승인 받았다.

이와 같이, 밖으로는 우리 나라의 국제적 지위가 높아가고, 안으로는 산업이 발전되어 가는 것을 탐낸 괴뢰군은, 6월 25일 평화를 깨뜨리고
침입을 시작하였다.

이 때, 국제 연합은 너희들이 아는 것과 같이, 평화적으로 이 문제를 해결하려고 노력하다가 안 되므로, 드디어 무력으로 이를 제지하였다. 이
사변 중에도, 국제 연합 경제 사회 이사회에서는, 한국 민간인에 대한 구호 사업을 결의하고, 많은 원조를 하였으며, 또 우리 나라 대표가
안전 보장 이사회에 나가서, 괴뢰군의 침입과, 대한 민국의 통일에 대해서 연설도 하였던 것이다.

이 해의 10월에는, 국제 연합 한국 통일 부흥 위원회를 만들어, 통일과 부흥에 힘썼으며, 다음 단기 4284년에는 한국에 침입한 중공군을
침략자로 규정 짓고, 중공 해안을 막았으며, 단기 4284년에는 정전에 노력하고, 86년 7월 27일에는 민족의 소원인 통일을 이루지 못한
채로 휴전이 되었다.

이와 같이, 우리 나라와 국제 연합과는, 대단히 깊은 관계가 있으며, 우리의 통일이 달성될 때까지, 더욱 깊은 관계가 맺어질 것이다. 더구나
우리가 세계의 한 국가로 살아 가려면, 이와 같은 국제 기구에 가입하여, 국제 연합의 정신을 받들어, 평화스럽고 자유롭게 살 수 있도록
되어야 한다. 또, 우리 나라 국민도, 자기들이 국민인 동시에 국제인이라는 인식을 가지고, 서로 협조해 나가도록 노력해야 한다.

지금 온 세계의 대부분의 나라는, 국제 연합의 회원국이다. 그러나, 아직 우리 나라는 가입하지 못하고 있으니, 우리들의 소원은 빨리 통일을
달성하여, 국제 연합의 회원국으로서 활약하는 것이다.

 익힘

1\. 유우엔날은 언제이며, 무슨 날인가? 우리들은 이 날 어떠한 일을 하나?

2\. 국제 연합은 언제 어디서 조직되었는가? 그 때의 가입국은 몇 나라이었나? 지금의 가입국은 몇 나라인가?

3\. 국제 연합의 큰 목적은 무엇인가? 유우엔기는 어떠한 뜻을 나타내는 것인가?

4\. 국제 연합에 있는 기관들은 무엇을 하나?

안전 보장 이사회, 국제 사법 재판소.

경제 사회 이사회, 유네스코.

총회.

5\. 한국 사변에는 어떠한 나라가 군대를 보내 왔는가?

6\. 유우엔군은 왜 우리 나라에 와서 싸웠나?

7\. 한국의 독립과 통일을 위해서 국제 연합은 어떻게 노력하였는가?

8\. 우리 나라는 어떤 국제 연합 관계의 기구에 가입하고 있나?"
ta_h21,고등학교 국사 2차,Authoritarian,Postwar Authoritarian,High School,1963,"고등학교 국사 2차

2차 교육과정

   국민 교육 헌장
   Ⅰ. 우리 역사의 시작과 부족 국가 시대
   Ⅱ. 삼국 및 통일 신라 시대의 생활
   Ⅲ. 고려 시대의 생활
   Ⅳ. 조선 시대의 생활
   Ⅴ. 조선의 근대화
   Ⅵ. 민주 대한의 발달
   [판권]

 국민 교육 헌장

우리는 민족 중흥의 역사적 사명을 띠고 이 땅에 태어났다. 조상의 빛난 얼을 오늘에 되살려, 안으로 자주 독립의 자세를 확립하고, 밖으로
인류 공영에 이바지할 때다. 이에, 우리의 나아갈 바를 밝혀 교육의 지표로 삼는다.

성실한 마음과 튼튼한 몸으로, 학문과 기술을 배우고 익히며, 타고난 저마다의 소질을 계발하고, 우리의 처지를 약진의 발판으로 삼아, 창조의
힘과 개척의 정신을 기른다. 공익과 질서를 앞세우며 능률과 실질을 숭상하고, 경애와 신의에 뿌리박은 상부 상조의 전통을 이어받아, 명랑하고
따뜻한 협동 정신을 북돋운다. 우리의 창의와 협력을 바탕으로 나라가 발전하며, 나라의 융성이 나의 발전의 근본임을 깨달아, 자유와 권리에
따르는 책임과 의무를 다하며, 스스로 국가 건설에 참여하고 봉사하는 국민 정신을 드높인다.

반공 민주 정신에 투철한 애국 애족이 우리의 삶의 길이며, 자유 세계의 이상을 실현하는 기반이다. 길이 후손에 물려줄 영광된 통일 조국의
앞날을 내다보며, 신념과 긍지를 지닌 근면한 국민으로서, 민족의 슬기를 모아 줄기찬 노력으로, 새 역사를 창조하자.

1968년 12월 5일

 Ⅰ. 우리 역사의 시작과 부족 국가 시대

   1\. 우리 나라의 원시 사회
   2\. 우리 민족의 건국과 발전
   3\. 부족 국가 시대의 생활

-⋅ 학습의 요점 ⋅-

1\. 우리 겨레의 유래는 어떠하였으며, 원시 사회에 있어서는 어떠한 생활을 하였는가?

2\. 우리 민족의 생활은 대륙 문화의 섭취로 어떻게 변화하였으며, 어떠한 환경 아래서 여러 부족 국가를 이루었는가?

3\. 부족 국가 시대의 우리 겨레의 생활은 어떠한 특색을 가졌는가?

[고인돌]

 1. 우리 나라의 원시 사회

우리 역사의 무대

우리 민족은 대한 반도뿐만 아니라 광막한 만주 일대까지도, 오랫동안에 걸쳐 우리 민족의 활동 무대로 삼아 왔다. 그리하여, 유라시아 대륙의
한 반도로서 대륙의 정치적, 문화적인 영향을 받아 형성된 우리 문화는, 남으로 일본 열도에까지 선진 고대 문명을 전달하는 구실을 하여 왔다.

우리 나라는 산이 많고 각종 자원이 비교적 풍부하여 자급 자족의 생활을 하여 왔을 뿐 아니라, 또 인간이 활동하기 가장 알맞은 온대 계절풍
지대에 속하여 있어 농업 생활에 큰 도움을 받아 왔다. 또, 맑은 하늘과 아름다운 강산, 변화 있는 사철의 자연 환경은 우리 민족의 정서를
풍부하게 하여 민족 예술의 발달을 촉진하였다.

우리 민족의 유래

우리 민족은 대한족으로서, 오랜 역사를 거쳐 오는 동안 하나의 혈통을 이루었다. 그런데, 우리 민족의 인종학상의 위치는 알타이 어족의 한
계통으로서, 원주지는 명확하지 않다. 이들은 대륙 내부로부터 남동으로 이동하여, 만주족의 조상인 숙신족을 만주 북동부로 제압하면서 파상적으로
벌어져 나와, 서부와 반도 각지에 자리잡게 되었다.

이러한 사실은, 그 뒤, 자연 환경의 차이에 따라 생활 양식이 달라졌으나, 고대 문화에 북방적 요소가 지극히 강하고 남방적 요소가 그리
강하지 않은 점이 있음을 보아서도 알 수 있다.

우리 나라의 석기 시대

지금까지 우리 나라에서 구석기 시대의 유물이 발견된 예는 극히 적지만1), 중국이나 만주 및 일본 등지에서는 구석기 시대의 유물이 많이
발견되고 있음을 보아, 우리 나라에도 구석기인이 살았음을 짐작할 수 있다.

신석기 시대의 유물과 유적은 우리 나라에서도 많이 발견되었는데, 그 가운데서 이 시대의 특징을 가장 잘 나타내 주는 것의 하나가 토기이다.
이 토기를 보면, 여러 계통의 문화를 가진 종족들이 한반도로 이주해 와서 살았음을 알 수 있다. 가장 오랜 즐문 토기(빗살 무늬 토기)는
흔히 스칸디나비아 반도로부터 시베리아 동쪽에 이르는 지역에서 많이 발견되는 토기로서, 한반도에서도 각지의 하천 유역이나 해안 지대에서
출토되었다. 이에 반하여, 반도 전역의 구릉에서 발견된 무문 토기(무늬 없는 두꺼운 토기)는 농경 문화권에 속하는 화북, 만주와 연관된다.
중국 본토와 연관되리라고 보이는 또 다른 계통의 단도 마연 토기(붉은 빛깔을 칠한 토기)도 무문 토기와 섞여 나온다.

즐문 토기  

무문 토기  

단도 마연 토기  

이러한 토기에 대한 연구로, 처음 대륙 북방계의 즐문 토기인들이 하천이나 해안을 따라 들어와 어로, 수렵에 종사하였으나, 무문 토기인들이
이들을 구축하면서 농경 생활을 시작하였으며, 또 단도 마연 토기인들이 이에 섞여 있었음을 추측할 수 있다.

원시 시대의 유적⋅유물

원시 시대의 유적으로는 주거지와 패총(조개무지)이 있는데, 전자는 각지에서 발견된 수혈 주거지이며, 후자는 김해, 양산, 사천, 몽금포,
나남, 웅기 등 주로 해안 지대에서 발견된 패총이다. 또, 분묘인 고인돌(지석묘)이 있는데, 이는 후기 원시 사회 구성을 해명하는 데 귀중한
자료가 된다. 유물로는 토기, 석기, 골각기 등이 있고, 석기로는 석부(돌도끼), 석도, 석검(돌칼), 석촉(돌화살촉) 등이 있는데, 이들은
전국 각지에서 출토되고 있다. 한편, 방추차나 관옥, 또는 뼈바늘 등의 골각기도 출토된다.

신석기 시대의 석기  

원시 사회의 발달

씨족은 신석기 시대의 기본적인 사회 단위였다. 아직 생산이 충분하지 못하여 개인적인 활동에 의한 생활을 지탱하여 나갈 수가 없었기 때문에,
씨족 사회는 공동 생활을 하였다. 또, 씨족 사회는 자급 자족하는 독립적 사회 단위였으므로, 자연 폐쇄적인 성격을 띠어 다른 씨족 단체와의
교섭은 거의 없었다. 차차 인구의 증가, 경제 활동의 진전에 따라 씨족 사회의 확대 과정이 생겨나자, 동계의 씨족 사회를 연합하는 부족
사회가 형성되었다. 그러나, 부족 사회도 공동 조상을 받드는 혈연적인 사회였으므로, 차차 복잡성을 띰에 따라 부족의 대표자인 부족장의
통솔력의 강화가 필요하게 되었다. 고인돌은 바로 이러한 통제력, 집권력의 강화를 증명해 주는 유물이다.

원시 사회의 생활

앞에서 말한 바와 같이, 처음 한반도에는 하천과 해안 지대에서 어로를 중요 생산 수단으로 삼던 즐문 토기인과, 구릉 지대에서 사냥과 원시
농경 생활을 하던 무문 토기인의 두 가지 생활 양식으로 크게 나누어져 있었던 듯하다. 그러나, 정착 취락 생활의 발달과 더불어 차차 농경
생활이 일반화되었다.

유물 가운데 방추차, 뼈바늘 등이 있는 것으로 보아, 처음에는 짐승의 가죽 같은 것으로 몸을 가렸으나 나중에는 천으로 바뀐 것으로 보인다.
또, 조개로 만든 팔찌, 옥가락지, 관옥 등의 장신구를 이용할 줄도 알았다. 한편, 온돌과 화로의 시설이 있는 것으로 보아, 그들은 이미
생식 단계를 벗어나 음식물을 불에 익혀 먹는 방법을 알았다고 할 수 있다. 또, 맷돌의 구실을 하였으리라고 볼 수 있는 석기, 시루라고 할
수 있는 토기 등이 발견되고 있음은 흥미 있는 일이다.

선사 시대의 온돌터  
함경 북도 웅기

 2. 우리 민족의 건국과 발전

청동기 문화의 유입

신석기 문화와 씨족 사회 생활을 영위하던 동방 사회에 큰 변동을 일으키게 한 것은 대륙으로부터의 금속 문화의 전래였다. 우리 나라에 금속
문화가 도입된 것은 흉노족에 의한 청동기 문명의 전래에서 비롯된다. 몽고 고원을 중심으로 한 대륙 북방 초원 지대에 살던 유목민인 흉노족은
기원전 5~4세기경 청동기 문명을 가지고 그 세력을 펴다가, 만주 땅의 우리 겨레에게 스키토 시베리아(Scytho-Siberia) 계통의
북방계 청동기 문명을 전해 주었다. 따라서, 청동기의 도입에 따라 금속기 시대로 접어들게 되었으나, 그 초기는 석기와 금속기가 혼용되었다.

청동기의 도입에 따라 생산력이 크게 증가되었으며, 청동으로 만든 무기의 사용에 따라 정복 사업이 촉진되었다. 이 결과, 공동체적 사회 조직에
변화가 일어나 권력을 가진 족장을 중심으로 한 지배 계급층이 생기게 되었고, 따라서 피지배 계급층과의 사이에 권력을 배경으로 한 정치 작용이
생겼다.

우리 민족의 건국

금속 문명의 전래에 따른 토착 사회의 발전 과정이 만주와 반도의 어느 곳에서나 동일하게 이루어진 것은 아니었다. 대륙 문명을 먼저 섭취한
북방 사회가 먼저 발달하였고, 북방에서도 대동강 유역이 가장 먼저 깨우쳐졌다.

우리 나라 최초의 부족 국가인 고조선은 바로 이 곳에서 자라났다. 고조선은 우리 나라에서 가장 오래 된 고대 문명을 이루었으며, 주위 여러
부족 국가의 중심이 되었다. 따라서, 고조선의 건국은 바로 우리 나라의 건국이다.

“천제 환인의 아들 환웅이 풍운수사 3천을 이끌고 태백산에 내려와 신단수를 중심으로 한 신시를 이루고, 생명, 질병, 선악, 양곡 등 인간의
모든 일을 주관하고, 웅녀와 혼인하여 단군 왕검을 낳았으며, 단군은 국호를 조선이라 부르는 나라를 세웠다.”는 전설은 동방 사회에서의 새로운
사회 변동을 뜻하는 건국 신화이다. 즉, 고조선 사회가 수호신을 모시는 제단을 중심으로 한 제⋅정 일치의 사회이며, 제사와 정치 양권을
장악한 지도자를 중심으로 새로운 활동을 펴게 된 나라임을 시사해 주고 있다.

철기 문명의 전래

기원전 4~3세기경 한민족의 활발한 활동에 따라 철기 문명의 전래를 보게 되었다. 그 전래의 경로는, 명도전의 출토로 보아, 만주를 거쳐
압록강 중류를 통하여 청천강, 대동강 유역으로 번진 것이라 생각된다.

석기와 청동기, 그리고 철기가 병용된 시대의 유물로는 동검(구리칼), 동모(구리창), 동과(구리창), 동탁 등의 구리 제품과, 명도전,
철모(쇠창), 철부(쇠도끼), 철서(쇠호미) 등의 무기와 농기구가 있으며, 또한 쇠로 된 재갈인 철비 등의 마구가 있다. 이러한 유물
가운데는 대륙의 그것과 다른 독자적인 것도 있어 주목을 끈다.

철기  

철기 문명의 전래는 생산력의 비약적인 발전과 정복 사업의 격화를 이끌어 동방 토착 사회에 새로운 변화를 촉구하였다.

그 결과, 각지의 부족 국가 체제가 강화되었고, 부족 국가 간의 투쟁이 진전되어, 마침내 삼국 시대로 접어들게 되는 배경을 이루었다.

고조선의 변천

고조선 사회는 제사와 정치가 분리되고 국가 체제가 정비되면서, 기원전 4세기경에는 그 세력이 남으로 진번, 동으로 임둔, 북으로 예맥 등
여러 사회에까지 뻗쳤었다. 고조선의 북방 진출은 한족의 동방 진출로 북변에서 시끄러운 일이 자주 벌어졌다.

고조선 시대도  

기원전 3세기경, 진⋅한 교체로 인한 중국 사회의 파동으로, 많은 사람들이 혼란을 피하여 동방 사회로 흘러 나왔다. 고조선은 이들 망명하여
오는 유민을 포섭하였는데, 이 무리를 배경으로 위만이 세력을 규합하여, 준왕을 몰아 내고 고조선을 지배하였다(B. C. 194년경).

위만은 우세한 군사력으로 그 세력을 주위로 폈으나, 중국 지배의 토대를 강화한 한의 동방 진출 정책과 충돌하여, 마침내 우거왕 때, 1년간의
항전도 헛되이 평양성은 함락되었고, 따라서 조선도 종말을 고하게 되었다.

동방 진출의 야심을 펴게 된 한 무제는 기원전 108년, 반도 북부와 남만주 일대에 낙랑, 현도, 임둔, 진번의 이른바 사군을 설치하여
군사적인 지배를 실시하였다.

한의 군현과 토착 사회

한은 군을 다시 현으로 세분하고, 군과 현에는 한의 본국에서 태수와 속관을 파견하여 식민지적인 직할 정치를 폈다. 사군에 대한 경제적인
착취는 상당하여, 소금, 철, 목재, 농산물, 해산물을 비롯하여 노동력 등을 요구하였다. 그러나, 이와 같은 한의 침략과 착취는 도리어 우리
민족의 줄기찬 반항 운동을 일으키게 하였다. 따라서, 우리 민족은 이민족과의 투쟁 과정에서 그 단결이 촉진되었고, 집권력의 강화를 보게
되어, 토착 사회의 새로운 역사가 전개되었다.

한의 군현을 설치한 후 26년 만에 우리 민족의 줄기찬 반항으로 진번, 임둔의 두 군을 철폐하게 되었으며(B.C. 82), 현도군도 만주로
후퇴하지 않을 수 없게 되었다(B.C. 75). 후한 말에는 낙랑군 남쪽에 대방군을 설치하여 한족 군현 세력의 회복을 꾀하였으나, 고구려와
백제의 줄기찬 공격으로 313년에 반도 안에서 완전히 구축당하였다.

북방 부족 국가의 발전

일찍부터 우리 민족이 이주하여 정착한 만주와 반도 각지에서도 부족 국가가 형성되었다. 각 부족 국가는 자연 환경의 차이에 따라 인문 활동에도
다소의 차이가 생겼으나, 모두 우리 겨레의 부족 국가임에는 틀림이 없다.

가장 북부의 부족 국가 부여는 비옥한 북만주 평야에서 농업과 목축에 종사하여 풍족한 생활을 하였으며, 이미 1세기에는 흉노, 고구려와 더불어
북동 아시아에서 두각을 나타내었다.

압록강 중류, 동가강 유역에서 성장하기 시작한 고구려는 일찍부터 대륙 문명의 영향을 받았으며, 주위 한족 세력과의 투쟁을 통하여 차차
집권력을 강화하여 마침내 1세기 후반에는 고대 왕국으로 발전하여, 주위 여러 부족 국가를 제압하게 되었다.

함경도 지방에 자리잡았던 옥저와 그 남부의 일부와 강원도 북부의 동예는 고구려보다 후진적이어서 정치적으로 고구려의 영향을 많이 받았다.

남방의 삼한

한반도의 중부 이남의 여러 사회는 북방에 비해 발달이 훨씬 더디었다. 그러나, 여러 부족 사회가 자라나는 가운데 목지국을 중심으로 한
진이라는 연맹 조직이 생겼다.

그 후, 북방으로부터의 유이민과 한 군현의 영향으로 새로운 정치적 활동을 전개하더니, 그 결과로 마한, 변한, 진한의 이른바 삼한1)의
성립을 보게 되었다. 삼한은 집권적인 국가 체제를 이루지 못하고, 신지니 읍차니 하는 지도자들이 각기 자기 부족을 영도하면서 유력한 부족
사회를 중심으로 하여 이루어 놓은 연맹체였으며, 대체로 한강 유역의 해안에 자리잡고 있었다고 하나, 그 위치에 대해서는 아직도 학문적 논쟁이
있다.

부족 국가의 분포

 3. 부족 국가 시대의 생활

부족 국가의 사회 생활

사유 재산과 가부장적인 관념이 자라 고조선은 비교적 진보된 사회를 이루어 이미 8조의 법금이 있었다.

부여, 고구려 사회는 지배 계급인 상호와 생산 계급인 하호의 둘로 구분되었으며, 목축이 성하던 부여에는 왕 밑에 마가, 우가, 저가,
구가라고 하는 부족장이 있어 자기 부족을 다스리고, 왕을 보좌하였다.

한편, 고구려는 계루부, 순노부, 소노부, 관노부, 절노부의 다섯 부로 편성되었으며, 각 부에는 부족장이 있었다.

옥저와 동예는 후진 사회여서, 고구려에 신속되어 조세로 각종 물자를 납입하였다. 옥저에서는 가족을 큰 목곽에 공동 매장하는 풍속과
예부제(민며느리제)가 있었다고 한다.

반도 남부의 삼한은, 큰 부족은 수만 호, 작은 부족은 수백 호로 이루어진 작은 국가의 연맹체였다.

위지 동이전  
우리 부족 국가의 생활을 밝혀 주는 기본 사료

부족 국가의 경제 생활

비옥한 북만주 평양에 자리잡았던 부여는 농업과 목축이 성하여 풍부한 생활을 할 수 있었다. 그러나, 좁은 산협과 추운 기후로 생활 조건이
좋지 못한 데서 일어난 고구려는, 날쌘 기질을 살려 사방으로 정복 사업을 전개함으로써 생활 물자를 얻었으며, 집집마다 부경이라는 작은 창고를
가졌었다.

동예와 옥저는 모두 농업을 주로 하였으나, 해안 지방인만큼 해산물도 풍부하여 고구려로 많은 생산물을 상납하기도 했다.

한편, 반도 남부의 삼한 사회는 지형이 평탄하고 기후가 적합하여 농업이 일찍부터 발달하였고, 포(베)와 철이 생산되어, 한의 군현과 바다
건너 일본에 교역하였으며, 누에도 쳤다.

부족 국가의 종교 생활

고대 사회는 제정 일치의 사회였고, 또한 그들은 천지 만물에 다신의 존재를 생각하였으며, 영혼 불멸을 믿었었다. 자연신 가운데서 천신,
지신에게 인간 사회의 평화와 자연의 가호를 빌었다.

삼한 사회의 종교 의식은 제⋅정 분리의 사회여서, 천군이라 하는 제사장이 소도라는 신성 지역에서 종교 생활을 주재하였다. 자연의 혜택을
감사드리며, 또한 앞날의 가호를 기원하는 추수 감사절과 같은 종교 행사가 부족 국가마다 있었는데, 부족 국가에 따라 그 이름과 지내는 시기가
달랐다. 부여의 영고는 12월에, 고구려의 동맹이나 동예의 무천은 10월에 각각 거행되었다.

한편, 오늘날까지도 그 뿌리가 남아 있는 샤아머니즘은 북동 아시아의 공통적인 원시 신앙으로, 우리 나라에서도 이미 이 때부터 행하여졌었다.

낙랑 문화의 개화

대동강 하류를 중심으로 전개되었던 한의 동방 군현의 중심은 낙랑군이었다. 이 곳에는 뱃길을 이용하여 중국과의 연락이 활발하였으며,
중국으로부터 군⋅현 통치를 위한 관리들이 건너오고, 상인들의 왕래도 빈번하여 자연적으로 선진적인 한 문명이 이식되었다. 낙랑군을 중심으로
발생한 한 민족이 심어 놓은 문화를 낙랑 문화라 한다. 낙랑 문화의 유물로는 평양 부근의 낙랑군 치지, 사리원 부근의 대방군 치지에서
발견되는 각종의 구리 그릇, 철그릇, 금은 그릇, 옥그릇, 칠그릇 등이다.

박산로  
낙랑 시대의 유물로서 평양 출토

한 문화 섭취의 영향

한 군현의 설치와 그에 따른 빈번한 한인의 왕래로 한 문화가 우리 땅에 차차 보급되었다. 전국 시대로부터 등장한 철기는 진⋅한 시대에
들어오면서 중국에서는 일반화되었거니와, 그 철기 문명이 낙랑군을 통하여 도입되어 생산력은 한층 더 확충되었다. 따라서, 우리 나라도 철기
문명으로 접어들게 되었다.

한편, 군현 치하의 우리 겨레 사이에서는 씨족 공동체적 요소가 흩어져, 고조선 이래의 전통적인 사회의 분해 작용이 일어났다. 또, 군현
주변의 토착 사회에서는 철기 문명의 자극, 그리고 한족과의 투쟁을 통하여 동족 의식의 자각이 일어나, 마침내 부족 국가에서 고대 왕국으로의
발전을 위한 움직임이 일어났다.

▦ 연구 과제 ▦

1\. 우리 향토의 전설을 수집하여 그 역사적 의의를 따져 보자.

2\. 우리 향토의 여러 지명과 그 연혁을 알아보자.

3\. 원시 사회의 발달 과정을 분석하여 보자.

4\. 한의 낙랑군 설치가 우리 민족의 생활에 끼쳤던 영향을 토론하여 보자.

5\. 고대 여러 부족 국가 생활의 특색을 비교할 수 있는 열람표를 만들어 보자.

 Ⅱ. 삼국 및 통일 신라 시대의 생활

   1\. 삼국의 형성과 통일 국가의 출현
   2\. 삼국 시대의 사회와 문화
   3\. 통일 신라 시대의 사회와 문화
   4\. 삼국과 통일 신라 시대의 경제
   5\. 발해

-⋅ 학습의 요점 ⋅-

1\. 삼국은 각각 어떻게 국가 체제를 갖추고, 독자적인 문화를 창조하며 발전하였는가?

2\. 우리 겨레는 침입한 이민족과 어떻게 항쟁하여 우리 국토의 보전에 힘썼던가?

3\. 신라는 겨레를 통일하고 국토를 회복하기 위하여 어떠한 노력을 하였는가?

4\. 삼국과 통일 신라 시대의 경제 생활은 어떠하였는가?

5\. 우리 겨레는 대륙 문화를 어떻게 소화하여 찬란한 민족 문화를 창조했으며, 이를 어떻게 주변 민족에게 전파하였는가?

[다보탑]

 1. 삼국의 형성과 통일 국가의 출현

[고대 국가 건국 전설]

 고구려의 주몽 전설, 백제의 온조 전설, 신라의 박 혁거세 전설은 부족 국가에서의 집권화 전설이며, 삼국이 고대 국가로 등장하게 된 것은 고구려는 1세기 중엽, 백제는 3세기 중엽, 신라는 4세기 중엽의 일이었다.

고구려의 발전

고구려가 고대 국가 체제를 이루게 된 것은 1세기 중엽 태조왕 때의 일이었다. 태조왕은 안으로는 지배 체제를 강화하고, 밖으로는 북쪽의
현도군을 쳐서 푸순 방면으로 쫓고, 동해안의 옥저를 복속시키고, 남쪽의 낙랑군을 자주 쳐서 크게 국위를 떨쳤다.

이와 같은 고구려의 발전은 자연 대륙 민족과의 충돌을 가져 와서, 동천왕 때에는 위의 관구검의 침입을 받았고, 고국원왕 때에는 선비족
모용씨의 침입을 받았다.

그러나, 고구려는 이에 꺾이지 않고, 소수림왕 때에는 율령을 반포하여서 정치 체제를 갖추는 등 꾸준한 발전을 이루었다.

미천왕 14년(313)에는 낙랑군을 쳐 없애고 대동강 유역으로 진출하였으며, 광개토왕 때에는 후연을 쳐서 랴오뚱을 차지하고, 멀리 숙신까지
어울렀으며, 남으로는 백제를 쳐서 한강 이북의 땅을 차지하였다.

광개토왕비  
만주 안뚱성 지안 소재

다음, 장수왕은 남하 정책을 써서 도읍을 국내성에서 평양으로 옮기고, 백제와 신라를 자주 쳐서 국토를 크게 넓히어 고구려 전성 시대를
이룩하였다.

이 무렵, 고구려의 국토는 남쪽으로 남양만에서 죽령을 잇는 선, 서쪽으로 랴오허 강, 북쪽으로 북만주, 동쪽으로 연해주에 도달하였다.

고구려 전성기의 지도  

이와 같이 고구려가 남하 정책을 쓰자, 백제와 신라는 이에 대항하기 위하여 일종의 공수 동맹인 나⋅제 동맹을 맺게 되었다.

백제의 발전

백제가 고대 국가로 발전하게 된 것은 3세기 중엽 고이왕 때부터이다.

고이왕은 관제를 마련하고 6좌평을 두어 국무를 분담하게 하고, 16등의 관품과 관리의 복색 제도를 마련하고, 법령을 반포하는 등 국가 체제를
갖추었다.

근초고왕 때에는 마한의 전부를 차지하고, 북으로 고구려를 쳐서 고국원왕을 죽였다.

이와 같이 항상 고구려와 다투다가, 개로왕 때에는 장수왕의 침입을 받아 서울인 한성이 함락되고, 왕 자신이 전사하게 되자, 아들 문주왕은
도읍을 웅진(지금 공주)으로 옮겨 나라를 유지하였다.

그 후, 성왕은 도읍을 사비성(지금 부여)으로 옮기고, 불교와 학예를 장려하는 한편, 중국 남조 및 일본과 통교하면서 국력을 크게 길렀다.

또, 성왕은 신라의 진흥왕과 힘을 합하여 고구려 땅인 한강 유역을 쳐서 이겼으나, 신라가 이 곳을 독점하자, 성왕은 분개하여 신라를 치다가
관산성(지금 옥천)에서 전사하였다. 이것으로 말미암아, 100여 년 간 지속되던 나⋅제 동맹은 완전히 깨어지고, 서로 대립하여 싸우게
되었다.

신라의 발전

신라가 고대 국가로 발전하게 된 것은 4세기 중엽 내물왕 때부터였다. 내물왕은 낙동강 동쪽 경상도의 거의 전 지역을 통합하고, 왕권의 기반을
공고히 하면서 왕호를 마립간이라 고쳐 권위를 높였으며, 중국 전진과 처음으로 외교 관계를 맺고, 그 곳의 문화 수입에 노력하였다.

지증왕 때에는 중국 문화를 활발히 받아들여 국호를 신라라 정하고 왕호를 왕이라 하였다. 그리고, 군현 제도를 채택하는 한편, 우산국(지금
울릉도)을 복속시켰다.

다음, 법흥왕 때에는 율령을 반포하고, 백관의 공복을 제정하며, 불교를 공허하여 사상 통일을 꾀하고, 처음으로 연호를 세워 건원이라 하는
한편, 금관 가야를 복속시켰다.

다음, 진흥왕 때에는 백제와 연합하여 고구려를 쳐서 한강 유역을 차지하였고, 중국과 직접 교통하는 통로를 열었으며, 낙동강 유역의 나머지
가야 제국을 쳐서 합하고, 북쪽으로 함흥 평야에 진출하여 국토를 크게 넓혔다. 그 기념물로 오늘날까지 전해 오는 진흥왕 순수비는 창녕,
북한산, 황초령, 마운령의 네 곳에 남아 있다.

진흥왕 순수비  
복한산 비봉에 있음.

진흥왕 시대의 삼국 형세도  

가야 연맹

낙동강 하류 지방에 6가야가 성립된 것은 3세기 중엽의 일이다. 그 중, 세력이 강한 가야를 맹주로 삼아 연맹체를 이루었는데, 김해에 있던
금관 가야와 고령에 있던 대가야가 가장 세력을 떨치고 있었다.

이 가야 연맹은 일본, 중국과 통상하며 신라와 대립하였으나, 신라 법흥왕 때에 금관 가야가, 또 진흥왕 때에는 대가야가 신라에게
병탄되었으며, 다른 가야들도 뒤이어 신라에 병합되고 말았다.

이 밖에도 제주도에 탐라국과 울릉도에 우산국이 있었으나, 후에 탐라국은 백제에 속하게 되었고, 우산국은 신라 지증왕 때에 이사부의 정벌을
받아 신라에 속하게 되었다.

백제의 멸망

백제는 의자왕 때에 세력을 떨치면서 신라를 자주 침범하여, 신라 서쪽의 중심지인 대야성(지금 합천)을 함락시켰다. 이에, 신라는 고구려에
구원을 청하였으나, 고구려는 이를 거절하고 도리어 백제와 연합하여 신라 북서경의 당항성(지금 남양)을 점령하고, 신라에서 당으로 통하는
길목을 막으려 하였다.

의자왕은 처음에는 훌륭한 정치를 베풀고 국력을 떨치게 하였으나, 차차 방탕과 사치에 기울어 국정이 문란해졌다.

이 때, 신라는 당에 요청하여 백제를 소정방으로 하여금 치게 하고, 신라에서는 김유신으로 하여금 쳐들어가게 하였다.

백제의 장군 계백은 황산(지금 논산)에서 신라군과 힘껏 싸웠으나, 이미 때는 늦어 패전하였고, 사비성은 나⋅당 연합군에 의하여 함락되고
말았다(의자왕 20년, 660). 백제가 멸망한 후, 왕족 복신과 중 도침이 왕자 풍을 받들고 주류성(지금 한산)에서, 또 흑치상지가
임존성(지금 대흥)에서 부흥 운동을 일으켜 한때 200여 성이 이에 호응하였으나, 성공하지 못하였다.

부여의 낙화암  

고구려의 멸망

남북조 시대란 오랜 분열기를 겪어 오던 중국은, 6세기 말에 이르러 수가 천하를 통일하여 세력을 동쪽으로 뻗치려 하였다. 이에, 고구려는
돌궐과 동맹을 맺고 수를 견제하려는 데서 수의 침입을 받게 되었다.

즉, 영양왕 9년(598)에 수의 문제가 대군을 이끌고 침입해 왔으나 실패하였고, 영양왕 23년에는 양제가 100여만 대군을 동원하여
고구려에 침입해 왔으나, 살수(지금 청천강)에서 을지문덕에게 참패하여 거의 전멸당하였다. 그 후, 양제는 2차, 3차로 군대를 냈으나 실패로
돌아가 수는 마침내 멸망하고, 당이 그 뒤를 이었다.

이와 같이 중국 대륙에서 당이 제국을 건설하고 있을 때, 고구려에서는 연개소문이 쿠데타를 일으켜 스스로 막리지가 되어 국권을 장악하고,
안으로 국력을 결속하며, 밖으로는 신라를 공격하였다.

이 때, 당은 신라를 돕기 위해 고구려로 하여금 그 공격을 중지하도록 요청하였다. 그러나, 연개소문이 이를 거절하자, 보장왕 3년에 당
태종은 스스로 17만 대군으로 고구려에 쳐들어와서 안시성을 공격했으나, 패전하고 돌아갔다.

그 후, 보장왕 20년에도 나⋅당 연합군이 백제를 멸망시킨 승세를 타고 고구려를 공격하였으나, 고구려는 평양성을 굳게 지키어 이를
격퇴하였다.

그러나, 연개소문이 죽고 그의 아들 남생이 정권을 쥐자, 형제간에 정권 다툼이 일어나, 고구려는 지도층의 혼란으로 국세가 기울게 되었다.

이 기회에 나⋅당 연합군은 다시 고구려를 공격하게 되어, 보장왕 27년에 당의 이적과 신라의 김인문이 평양성을 함락시켰다(668).

고구려가 멸망한 후, 검모잠이 왕족인 안승을 받들고 한성(지금 재령)에서 부흥 운동을 일으켰으나 실패로 돌아가고, 안승은 신라에 포섭되어,
보덕왕으로 봉한 바가 되었다.

신라의 삼국 통일

당은 우리 땅에 야욕을 품고 공주에 웅진 도독부, 평양에 안동 도호부를 비롯하여 여러 도독부를 설치하였을 뿐 아니라, 심지어는 경주에 계림
도독부를 두고 신라까지 지배하려 하였다.

신라가 당과 한때 연합한 것은 삼국의 통일에 그 목적이 있었으므로, 이와 같은 당의 야욕에 격분하여, 백제 땅에서 당군을 몰아 내고, 안동
도호부를 만주로 쫓아 내어, 대동강과 원산이남의 땅을 통일하였다(문무왕 16년, 676)

문무왕의 해중 능침  

신라의 삼국 통일은, 고구려의 옛땅을 대부분 잃고, 민족 자체 문제 해결에 있어서 다른 민족을 개입시켰다는 흠이 있기는 하지만, 이것으로
우리 민족이 처음으로 하나의 정부 아래 단일 민족으로서 발전할 토대를 이룩하였다는 점에서 그 의의가 매우 큰 것이다.

신라는 삼국을 통일하고 나서 고구려와 백제의 유민을 포섭하는 데에 노력하여, 민족 통일의 결실을 거두었다.

 2. 삼국 시대의 사회와 문화

고구려의 정치와 사회

고구려는 전제적인 왕권 밑에 대대로, 태대형 등 12관등이 있고, 정권과 병권을 통수하는 막리지가 있었다. 서울을 5부로 나누어 다스렸는데,
지방도 5부로 나누고, 그 밑에 여러 성을 두어, 5부에는 욕살, 성에는 처려근지(일명 도사)를 두어 다스렸다.

또, 3경 제도가 있었는데, 3경은 서울인 평양과 국내성, 한성(지금 재령)이다. 고구려의 지방 조직은 군사 조직의 성격을 아울러 띠고
있었으니, 서울과 지방의 모든 행정 구역에는 군대가 항상 주둔하고 있었을 뿐 아니라, 지방관은 군사 지휘관이기도 하였다.

법률은 매우 엄격하여, 반역자는 화형을 가한 후, 목을 베고 그 재산을 몰수하였으며, 적에게 항복한 자와 패배한 자, 살인한 자는 사형에
처하였다.

지배 계급은 국가로부터 토지를 받고, 많은 노비를 거느렸으며, 윤택한 생활을 하였으나, 대부분을 차지하는 평민은 조세를 부담하고, 또
노동력을 제공하지 않으면 안 되었으므로, 생활이 어려웠다. 그리하여, 고국천왕 때에는 춘궁기나 혹은 흉년이 들어 백성이 곤궁할 때에 곡식을
빌려 주었다가 추수기에 받아들이는 제도인 진대법을 마련하기도 하였다.

백제의 정치와 사회

백제는 전제적인 왕권 밑에 6좌평의 제도가 있어 국무를 분장하였으며, 후에 중앙 관서로 22부를 두어 정치 체제를 갖추었다. 관등으로는
좌평, 달솔 등 16관등이 있었으며, 등급의 높고 낮음에 따라 복색을 자주색, 붉은색, 파란색으로 구분하였다. 서울은 5부로 나누어
다스렸으며, 지방은 5방으로 나누고, 방을 다시 10군으로 나누어, 방에는 방령, 군에는 장을 두어 다스렸다. 백제도 고구려와 같이 서울이나
지방의 모든 행정 구역에는 항상 군대가 배치되어 있었다. 이 밖에, 지방의 큰 읍락을 담로라 하여, 여기에는 왕족을 보내어 다스렸다.

법률은 엄격하여, 반역자는 죽이고, 그 가족은 노비로 삼았으며, 싸움에서 퇴군한 자는 죽였다. 살인한 자는 사형에 처하였으나, 노비 3인으로
속죄할 수 있었고, 관리로서 뇌물을 받은 자와 도둑질한 자는 배상을 물리는 동시에, 종신 금고에 처하였다. 지배 계급은 북쪽으로부터 들어온
계통과 족장 등 토착 세력의 결합으로 이루어졌으나, 유이민이 왕족이 되어 우세하였다. 삼국 중 백제가 비옥한 토지와 인구를 가장 많이 가지고
있었으나, 피지배 계급인 평민은 농업에 종사하면서 조세와 부역을 부담하여 생활이 어려웠다.

신라의 정치와 사회

신라는 삼국 중 가장 늦게 발전하였으나, 독자적인 사회의 발전으로 순조로운 국가 체제를 형성할 수 있었다. 그리고, 씨족 사회의 풍속이 오래
계속되어 박, 석, 김 3성 중에서 왕이 선출되었다. 관등으로는 이벌찬, 이찬 등 17관등이 있었는데, 이것은 골품 제도와 밀접한 관계를
두고 이루어졌다. 골품에는 성골, 진골, 6두품, 5두품, 4두품이 있었고 그 밑은 평민으로 구별되었다.

골품 제도에 의한 차등은, 관등뿐만 아니라 그 밖의 여러 생활 양식에도 적용되었다. 진덕 여왕대로 성골이 끊어지자, 진골이 뒤를 이어 왕이
되었다.

신라의 17관등과 골품과의 관계  

중앙 관서로는 집사부, 병부, 조부 등을 두어 정사를 분장하였으나, 후에 집사부에 중시를 두어 이와 바꾸게 하였다.

서울을 6부로 나누어 다스리고, 지방을 5주로 나누고, 주를 다시 군과 현으로 나누어, 주에는 군주를 두어 다스렸다. 또, 신라에도 고구려나
백제와 같이 서울과 지방의 행정 구역에는 군대가 배치되어 있었으며, 서울과 지방 각 5주에는 정이라 하는 군단을 하나씩 두고, 그 아래에
서, 당이라 하는 여러 부대를 두었다.

신라에는 원시 시대 씨족 회의의 유제로 화백이란 제도가 있어 국가의 중요한 일을 의논하였는데, 이것은 만장 일치제로서, 한 사람의 반대가
있어도 결정하지 못하였다. 그러나, 이 화백제도는 왕권이 강화되면서 귀족 회의로 변하였다.

또, 신라에는 씨족 사회의 청년 집단에 기원을 둔 화랑도가 있어, 신라가 삼국을 통일하는 원동력이 되었다. 이 화랑도가 대체로 편성된 것은
진흥왕 때로서, 귀족 청소년을 중심으로 서로 훈련하여 신체를 단련하고 정신을 수양하여 국가 사회에 헌신하도록 교육하였는데, 이들은 원광법사가
가르쳤다는 세속 오계1)를 신조로 삼았다. 지배 계급은 많은 토지를 소유하고 노예를 거느려 윤택한 생활을 하였다.

그러나, 피지배 계급인 평민은 생업에 종사하면서 조세와 부역을 부담하였으므로, 생활이 어려웠던 것은 고구려나 백제의 경우와 같았다.

삼국의 종교

삼국은 모두 천신, 일월신, 산천신을 숭배하였다. 그리고, 국가적인 시조신으로, 고구려는 동명신, 백제는 구태신, 신라는 시대에 따라
박혁거세, 석탈해, 김알지를 제사하였다. 그러나, 사회가 발전하여 감에 따라 그것만으로는 만족을 주지 못하게 되어 새로운 종교가 요구되었다.
이러한 때에 심오한 교리와 찬란한 예술을 갖춘 불교가 들어왔다.

고구려는 소수림왕 2년(372)에 전진왕 부견이 중 순도와 불상, 경문을 보내 옴으로써 처음으로 전래되었다.

백제는 고구려보다 12년 뒤인 침류왕 원년(384)에 동진에서 온 중 마라난타가 처음으로 불교를 전하였으며, 신라는 이보다 훨씬 후인 눌지왕
때에 묵호자가 고구려로부터 와서 불교를 전하였으나, 잘 받아들여지지 않다가, 법흥왕 14년(527)에 이차돈의 순교를 계기로 불교를 공허하게
되었다.

불교 전래의 경로  

이와 같이 삼국에 불교가 들어와서 널리 퍼지자, 고구려에 초문사, 백제에 왕흥사, 신라에 황룡사 등 유명한 사찰이 건립되었고, 고구려의
보덕과 백제의 겸익, 신라의 원광과 자장 등 유명한 승려가 배출되었다. 한편, 삼국의 불교는 나라를 수호하고, 개인의 복을 빌기 위한
것이었다. 즉, 불교를 믿으면 나라에 우환이 없어져 국운이 융성하여진다고 생각하여 국가에서 이를 보호 장려하였으며, 또 개인의 불행을 쫓고
행복을 가져올 수 있다고 생각하였다.

고구려 말기 영류왕 때에는 당으로부터 도교가 전래되어 퍼지게 되었다.

삼국의 학문과 교육

삼국은 대륙과 교통하면서 그 곳 문화를 받아들여 문화 발달에 노력하였다. 고구려는 소수림왕 2년 서울에 태학을 세우고, 태학 박사를 두어
귀족 자제에게 유학과 역사를 가르쳤다. 또, 평양 천도 후에는 경향 각처에 경당을 세워 청소년에게 유학과 역사, 무예를 교육하였다.

이와 같이 학문이 발달함에 따라 편찬 사업도 행하여져, 고구려에는 일찌기 유기 100권이 편찬되었으나, 영양왕 때에 태학 박사 이문진이
이것을 정리하여 신집 5권을 편찬하였다.

백제는 일찍부터 학문이 발달하여 오경 박사2)를 비롯하여, 역, 의, 역 등의 전문 박사를 두어, 그 방면의 교육을 행하였다. 학문의 발달과
아울러 역사책의 편찬도 하였는데, 근초고왕 때에는 박사 고흥이 서기를 편찬하였다. 이 밖에, 백제기, 백제신찬, 백제본찬 등의 이름이
전한다.

신라가 적극적으로 중국 문화를 받아들이기 시작한 것은 지증왕 때로, 이 때부터 학문이 차차 발달하여, 진흥왕 때에는 거칠부 등이 국사를
편찬하였다.

그리고, 한자의 음과 뜻을 빌어 신라말을 적는 이두를 만들어 사용하였다. 이 이두로써 향가를 지어 불렀으며, 서동가와 혜성가 등이 전한다.

삼국의 예술

삼국 시대에는 고유 예술이 중국의 영향을 받아 눈부신 발달을 하였으며, 그 특색은 귀족적이며 불교적인 데에 있다. 고구려는 북중국의 영향을
받아 웅장하고 소박하며 생동적인 데에 대하여, 백제는 중국 남조의 영향을 받아 우아하며, 신라는 고구려와 백제의 것을 잘 조화하여 웅건하고
정교한 특징을 드러내고 있다.

고구려의 예술은 지안과 평양 부근에 남아 있는 고분을 통하여 짐작할 수 있다.

고구려의 고분은 석총과 토총으로 구분되는데, 석총의 대표적인 것은 장군총으로 웅대한 모습을 보여 주고 있으며, 토총으로는 당시의 건축물과
그림의 솜씨를 잘 보여 주는 용강의 쌍영총이 유명하다.

장군총  

쌍영총 내부 단면도  
현실의 높이 7m

이 밖에 무용총, 강서의 대묘와 중묘 등도 그 벽화로 유명하다. 벽화의 내용은 해, 달, 별 등 천체, 청룡, 백호, 주작, 현무 등
4신도, 사냥, 무용, 씨름 등의 풍속이 그려져 있어, 그림 솜씨뿐만 아니라 당시의 사상과 풍속을 짐작하는 데에 귀중한 자료가 된다.

청룡도  
강서 대묘의 벽화

화가로는 일본에 건너가서 호오류우 사의 벽화를 그린 담징이 유명하며, 음악가로는 중국의 칠현금을 개량하여 거문고를 만든 왕산악이 유명하다.

백제의 예술은 고분과 부여 부근의 석탑, 그리고 기와, 금동불 등의 발견으로 짐작할 수 있다. 고분은 백제의 도읍지였던 위례성(지금 경기도
광주), 공주, 부여 등지에서 많이 발견된다.

백제의 기와  

화가로는 일본에 건너가서 쇼오토쿠 태자의 화상을 그렸다는 아좌 태자가 유명하며, 건축은 부여 정림사지 5층 석탑과 익산의 미륵사지 석탑 등이
남아 있어 유명하고, 조각은 여러 금동제의 불상과 연꽃 무늬가 아름답게 놓여진 와당 등이 유명하다.

미륵사지 석탑  

신라의 예술은 고분에서 발견된 공예 미술품과 약간의 건축물로 짐작할 수 있다.

신라의 고분은 토총으로 되어 있으나, 내부는 대개 목곽을 만들고, 그 위에 잡석을 덮어 쌓은 적석 목곽분으로 되어 있다.

유물이 많이 출토된 곳으로 금관총, 금령총, 서봉총 등이 있는데, 여기에서는 균형이 잡히고 조화미가 넘치는 금관을 비롯하여, 금, 은,
옥으로 만든 허리띠, 목걸이, 팔찌, 반지 등의 장신구가 출토되어 그 기묘함과 호화로움을 자랑하고 있다.

신라의 금관  

화가로는 솔거가 유명하며, 양지는 그림 이외에 조각과 글씨에도 능하였다.

건축으로는 첨성대가 동양에서 가장 오래 된 천문대로 유명하며, 분황사탑은 전탑식의 석탑으로 유명하다.

분황사 석탑  

음악에는 가야 사람으로 가야금을 신라에 전한 우륵, 거문고의 옥보고, 대악을 지었다는 백결 선생이 유명하다.

삼국 문화의 동류

삼국은 일찍부터 대륙 문화를 소화하여 각각 독자적인 현란한 문화를 가지게 되었다. 또, 대륙과 떨어져 있었으므로 유치한 단계에 있던 일본
문화를 계발하는 데에 삼국의 문화는 큰 역할을 하였다.

백제는 일찍부터 일본과의 접촉이 많았으므로, 일본 문화 향상에 가장 큰 기여를 하였다. 근초고왕 때에는 아직기, 왕인 등을 일본에 보내어
한자, 한학을 전하여 학문의 길을 열어 주고, 유교적 도덕관을 심어 주었다. 백제가 남쪽으로 천도한 다음에는 양국 간의 관계는 더욱
가까와졌고, 무녕왕 때에는 오경 박사 단양이, 고안무 등을 일본에 보냈고, 성왕 때에는 오경 박사 유귀를 위시하여 의, 역, 역 등 박사들과
미술, 공예에 관한 기술자를 보내었다.

일본에 불교를 전도한 것도 역시 백제였다. 성왕 때(552)에 노리사치계를 시켜 불상과 경론을 전한 후, 계속하여 경사, 불공, 사공,
화공, 와공 등을 보내어 일본 불교 창건에 이바지하였다.

백제의 중 혜총, 관륵, 고구려의 중 혜자, 담징 등은 일본 불교 창건에 공이 컸으며, 관륵은 불교 외에 역본, 천문, 지리에 관한 학문을
전하였고, 담징은 오경과 회화, 지묵, 맷돌의 젯법을 전하였는데, 호오류우 사 금당의 벽화는 담징의 작품이라고 한다.

호오류우 사 금당 벽화  
담징의 그림

백제 아좌 태자가 그린 일본 왕자 쇼오토쿠 태자의 화상이나 호오류우 사에 안치된 백제 관음상은 지금 일본의 국보가 되어 있는데, 이것으로 그
당시의 백제 예술의 수준을 엿볼 수 있다.

신라는 배 만드는 기술, 둑 쌓는 기술을 일본에 전하여 그들의 산업 발달에 크게 기여하였다.

이와 같이 삼국은 각기 그들 문화를 일본에 전하여 그들을 계발하였다. 따라서, 아스카 문화는 삼국 문화의 연장이라고 말할 수 있을 것이다.

 3. 통일 신라 시대의 사회와 문화

통일 신라의 정치

통일 신라 시대에는 왕권이 보다 강대하여졌으며, 김유신 등과 같은 강대한 귀족 세력의 형성을 보게 되었다. 한편, 백제와 고구려의 옛땅을
편입하여 영토가 넓어졌으므로, 통일 신라는 이러한 바탕 위에 정치 체제의 재편성이 요청되었다. 그리하여, 신라는 삼국 시대의 제도를
계승하고, 그 위에 당의 제도를 받아들여 정치 체제를 정비하였다.

중앙에는 최고 기관으로 집사성을 두고, 장관에 시중을 임명하여 국무를 총리하고, 그 아래에 병부, 조부, 창부 등을 두고, 장관에 각각 영을
두어 국무를 분장하였다. 이 밖에, 귀족 회의의 의장격으로 상대등이 있었다.

전국은 신라 본토에 3주, 백제 옛땅에 3주, 고구려 옛땅에 3주 모두 9주로 나누고, 그 밑에 군, 현을 두었으며, 군, 현은 여러 촌과
향으로 나뉘었다. 주에는 도독, 군에는 태수, 현에는 영을 두었다. 이 밖에 주요한 지방 도시에는 5소경을 두어 서울이 남동쪽에 치우쳐 있던
불편을 덜고, 천민들이 집단으로 거주하는 특수 행정 구역인 부곡, 향, 소를 두었다. 그리고, 지방의 일반적 말단 행정 구역은 촌이었으며,
토호를 촌주로 삼아 다스리게 하였다, 한편, 토호 세력을 억제하기 위하여 각 주에서 한 사람씩을 인질로 서울에 와서 머무르게 하는 상수리
제도를 마련하였는데, 이것이 고려 시대에 행한 기인 제도의 기원이 된 것이다.

군사 제도는 정을 10으로 늘려, 각 주에 1정씩을 배치하였는데, 그 중 한산주는 넓어 2정을 두었다. 그리고 서울에는 9서당을 두어 왕에게
직속하게 하였다.

통일 신라의 9주와 5소경도  

통일 신라의 사회

시대가 변천함에 따라 약간의 변화가 있었으나, 골품 제도는 대체로 유지되었다. 그리고, 신라 귀족에게 백제와 고구려의 유민들이 포섭되었다.
즉, 백제 사람은 제10관등인 대나마까지, 고구려 사람은 제7관등인 일길찬까지의 벼슬을 주어 관리로 등용하였다.

귀족들은 관직을 독점하고, 국가로부터 많은 토지와 노비를 분배받아 영화를 누렸으나, 일반 백성들은 촌에 편입되어 촌주를 통하여 국가의 지배를
받았고, 국가에 대하여 조, 용, 조를 부담하였다. 향, 소, 부곡에 거주하는 사람들은 천민으로 취급되어 그 부담은 더욱 컸다.

명절로는 설, 정월 보름, 추석이 있었다. 정월 보름에는 약밥을 먹고, 또 그것을 까마귀에게 주는 풍속이 있었으며, 추석은 가배(한가위)라
하여 1년 중 가장 큰 명절이었다.

통일 신라의 종교

통일 신라 시대에도 삼국 시대와 같이 고유 신앙이 행하여졌으며, 불교도 한층 발전하여 그 빛을 발휘하였다. 사천왕사, 불국사, 봉덕사 등
많은 절이 건립되고 종, 탑 등이 만들어졌는데, 이 때 국가에서 거액의 비용을 내고, 또 사전을 주었다. 그리고, 나라에는 국통, 주에는
주통, 군에는 군통 등 승관을 두어 중을 다스리고 자문에 응하게 하였다.

이와 같이 불교가 융성하여지자, 고승이 배출되고, 여러 종파가 생겼다. 문무왕 때의 원효는 법성종(일명 해동종)을 창시하여, 우리 나라의
전통적 생활과 융합될 수 있도록 하였다.

신라의 불교  

당시 많은 승려들이 당에 건너가서 불교를 연구하고 돌아왔다. 그 중 성덕왕 때의 혜초는 당에 건너가 불교를 연구하고, 다시 인디아에까지 갔다
왔는데, 그 기행문인 왕오천축국전이 현재까지 전한다.

통일 신라의 학문과 교육

통일 신라 시대에는 당과 자주 접촉하면서, 그 곳 문화를 받아들여 제반 문화가 크게 발달하였다. 신문왕 2년에는 국학을 설치하여 귀족
자제에게 유학을 가르쳤다.

이 국학은 경덕왕 때에 태학감이라 고쳐지기도 하였는데, 여기에는 교수로 박사와 조교를 두고, 수업 연한은 9년으로 하였다. 한편, 원성왕
4년에는 국학에 독서 3품과를 마련하여, 학생들의 독서하는 정도에 따라 상, 중, 하의 3등급을 매기어 관리 등용에 참고로 하였다.

학술이 발달함에 따라 한문 학자들이 많이 배출되었다. 그 중에 강수는 외교 문서에 능하였고, 설총은 경사와 문장에 능하였으며, 또 이두를
완성하였다. 김대문은 계림잡전, 고승전, 화랑세기 등을 저술하였고, 최치원은 일찌기 당에 들어가서 문장으로 이름을 날렸으며, 지금도 그의
저서인 계원필경집이 전하고 있다.

유학 이외에 산학, 천문학, 의학, 법률학 등을 전문으로 연구하는 기관이 있었는데, 여기에는 각각 박사를 두고 학생들을 가르쳤다.

그러므로, 이 방면의 학술도 발달하여, 김암은 천문학과 병학에 능하였고, 말기의 도선은 풍수 지리설을 주장하여 후세에 큰 영향을 주었다.

또, 향가도 매우 발달하여 중 월명사의 도솔가, 충담사의 안민가 등을 비롯하여 여러 수가 전하며, 진성 여왕 때에는 대구 화상과 위홍 등이
향가집인 삼대목을 편찬하였다.

통일 신라 시대의 예술

통일 신라의 예술은, 삼국 시대의 바탕 위에 당의 영향을 받아, 신라의 고유성을 지니면서 화려하고 섬세한 예술을 개척하여, 불교 예술의 황금
시대를 이룩하였다.

건축으로 대표적인 것은 경덕왕 때에 김대성의 발원으로 지었다는 불국사와 석굴암을 들 수 있는데, 특히 불국사의 석가탑(삼층 석탑)과 다보탑은
정교한 솜씨를 보여 주고 있다.

불국사  

석가탑(삼층 석탑)  

석굴암은 네모진 전실과 둥근 후실로 되어 있는데, 천장은 도움(dome)형으로 돌을 올려 쌓은 교묘하고 견실한 석굴이다.

이 밖에 안압지와 임해전 터, 유상곡수의 놀이를 하던 포석정 등이 지금까지 남아 있어, 귀족들의 호화롭던 생활의 일모를 보여 주고 있다.

조각은 석굴암 안의 석가여래 좌상과 주위 벽의 관음상, 보살상, 입구의 인왕상 등이 우아하고 균형미가 있어 조각으로서는 동양에서 대표적인
예술품이다.

십일면 관음보살상  
석굴암 본존 배후 중앙에 직립하여 있다. 이 보살상은 석조 조각을 의심하게 할 정도로서, 신라 불교 예술의 정화이다.

이 밖에, 왕릉 호석의 12지신상과 무열왕릉비의 귀부와 이수의 조각이 이름높다.

공예품으로는 혜공왕 때 만들어진 성덕 대왕 신종을 대표로 들 수 있는데, 당초문 비천상과 머리에 새겨진 용의 머리의 조각은 신라 예술의
극치이다. 이 밖에, 금동불로 백률사의 약사여래입상 등이 유명하다.

글씨에는 무열왕의 아들 김인문, 성덕왕 때의 김생, 경문왕 때의 요극일, 신라 말의 최치원 등이 유명하다.

김생의 글씨  

그림에는 원성왕 때의 김충의가 이름 높았다.

 4. 삼국과 통일 신라 시대의 경제

삼국의 경제

삼국 시대의 주산업은 농업이었다. 토지는 귀족과 관리에게 식읍, 녹읍, 관료전 등의 이름으로 나누어 주었다. 농민은 국가 또는 귀족, 관리의
토지를 경작하고, 그 대신 조세를 바쳤다.

고구려에서는 조세를 인세라 하여 베 5필, 좁쌀 5석을 받고, 또 호세라 하여 1석, 7두, 5두의 3등급을 두어 좁쌀로 받았다. 백제와
신라에서는 조세로 베, 비단, 쌀을 받았는데, 그 해의 풍년, 흉년에 따라 차이를 두었다. 이 두 나라는 일찍부터 벼농사가 행하여져,
저수지도 만들어 이용하였다. 그리고, 신라에서는 지증왕 때에 소를 부려 농사를 짓기 시작하였다.

수공업도 부족 국가 시대에 비하여 상당한 발전을 보였다. 수공업은 대체로 관영 수공업과 농민 수공업의 두 형태가 있었는데, 관영 수공업은
국가에서 필요한 물건을 생산하였고, 농민 수공업은 농민들이 자급 자족을 목적으로 집에서 부업삼아 행하였다. 그러므로, 농민 수공업은 그
양이나 질에 있어서 관영 수공업을 따르지 못하였다.

상업은 나라마다 서울에 시장이 열리어 교역이 행하여졌다. 신라에서는 경주에 동시가 열리어 거래를 행하였는데, 지방에서는 교통이 편리한 곳을
택하여 대체로 물물 교환의 형식으로 거래하였다.

대외 무역은 예물 교환의 형식으로 행하여지는 공무역과, 개인에 의하여 행하여지는 사무역이 있었다.

통일 신라의 경제

통일 신라 시대에도 주산업은 농업이었고, 토지는 국유를 원칙으로 하여 귀족과 관리에게 식읍, 녹전, 직전 등의 이름으로 나누어 주었으며,
백성에게는 정전을 나누어 주고, 그 대신 조, 용, 조를 부담시켰다.

이 때의 경제, 사회 생활을 짐작할 수 있는 것으로 촌락의 장적이 발견되었는데, 여기에는 촌의 홋수, 인구, 우마 수, 토지 면적, 뽕나무와
잣나무 수 등이 기록되어 있어, 그 방면 연구에 귀중한 자료가 되고 있다. 또, 통일 신라 시대에는 인구의 증가, 개간지의 확대, 저수지의
증설 등으로 농업 생산력이 크게 증가하였으며, 한편 농가에서는 양잠, 직조, 목축을 부업으로 하였다.

신라의 장적  
일본 쇼오소오잉 소장

수공업도 관영 수공업과 농민 수공업의 두 형태가 있었으나, 관영 수공업은 삼국 시대에 비하여 상당한 발달을 보였다.

상업은 서울의 시장을 중심으로 행하여지는 것과 지방의 교통 요지를 중심으로 행하여지는 것이 있었으나, 서울에는 삼국 시대 이래의 동시와,
통일 신라 시대에 증설된 남시와 서시가 있었으며, 각 시장에는 감독 기관으로 시전이 있었다.

국내 상업이 발달함에 따라 당과 일본과의 무역도 활발하였다.

당과는 조공의 형식을 통하여서 하는 공무역과 상인들에 의하여 행하여지는 사무역이 있었다. 당에 수출하는 물건은 금, 은, 인삼, 우황,
모시, 해표 가죽 등이었고, 수입하는 물건은 비단, 의복, 서적 등이었다. 흥덕왕 때에는 김 대렴이 차 종자를 수입하여 처음으로 재배하기
시작하였다.

신라인의 해외 활동

통일 신라 시대에는 당과의 접촉이 활발하여, 양국 간의 사신 왕래가 잦았을 뿐 아니라, 신라의 유학생과 유학승들의 왕래도 많았다. 이 때에
당과의 교통로는 전남 영암 방면에서 흑산도를 거쳐 상하이 방면으로 통하는 길과, 남양만에서 산뚱 반도의 떵조우로 통하는 길이 있었다. 당과의
교통이 활발히 행하여지면서 신라인들이 당에 많이 진출하였다. 따라서, 당에 신라인의 거류지가 생겨났는데, 이것을 그 곳에서 신라방이라
하였다. 여기에는 신라인을 다스리기 위한 행정 기관인 신라소가 설치되었다. 또, 신라원이라 하는 신라인의 사원이 설립되었는데, 그 중
장보고가 세운 법화원이 가장 유명하였다. 신라는 그 말엽에 이르러 외국의 해적들이 해안 지방을 휩쓸었는데, 그 중 당의 해적들은 신라인을
잡아다가 노예로 매매하는 일이 있었다. 이것을 본 장보고는 당으로부터 귀국하여, 흥덕왕 때 완도에 청해진을 베풀고 해적을 소탕하는 한편,
당과 일본에 무역하면서 해상권을 장악하여 당시 동 아시아에 있어서의 해상권을 독점하였다.

신라인의 해상 활동

 5. 발해

발해의 흥망

고구려가 멸망한 후 그 남쪽은 신라에 속하였지만, 북쪽은 한때 당의 지배를 받았다. 이에, 고구려의 유장 대조영은 고구려의 유민과 말갈족을
이끌고 독립 운동을 일으켜, 동모산을 중심으로 나라를 세워 국호를 진, 연호를 천통이라 하였다(699). 이가 바로 발해의 고왕이다.

발해 국민의 대부분은 말갈족이었으나, 그들은 고구려 시대에는 고구려에 복속하였던 자들이었으며, 또한 발해의 지도층은 고구려 유민들이었다.
그러므로, 발해의 국가적 성격은 고구려의 후계자라 할 수 있다.

발해는 처음 당⋅신라와 대립하면서 국가 발전을 꾀하였다.

무왕은 일본과 국교를 트고 영토 확장에 힘썼으며, 당의 떵조우를 공격한 일도 있었다.

다음 문왕은 더욱 국토를 확장하는 한편, 당과 화친하여 당 문화를 섭취하였다.

그리고, 문화 활동에 주력하여 문운이 크게 일어났으므로, 이에 당에서는 발해를 해동성국이라 불렀다.

이리하여, 선왕 때에는 전성 시대를 이루어 문물 제도가 완비되었고 국력이 크게 떨치어 영토가 동으로 연해주, 서로 카이위안, 남으로 함남,
북으로 헤이룽 강에 이르렀으나, 선왕 후에는 국세를 떨치지 못하여 서북으로부터 이동해 온 거란에게 멸망되고 말았다(926). 발해가 망하니
고구려 계통의 유민들은 그 대부분이 남으로 이동하여 고려로 망명하였다.

발해의 영토  

발해의 문화

발해의 제도와 문화는 당의 영향을 많이 받았으나 독자적인 것도 있었고, 고구려의 제도를 계승한 것도 많았다. 그리고, 발해는 당의 제도를
본떠 중앙에 정당, 선조, 중대의 3성을 두고, 정당성에 대내상을 두어 국무를 총리하였으며, 충, 인, 의, 지, 예, 신의 6부를 두어
국무를 분장하였다. 이 밖에, 감찰 기관으로 중정대를 두고, 국립 대학으로 주자감을 두었다. 그리고, 전국을 5경, 15부, 62주로 나누어
다스렸다.

발해는 서울을 자주 옮겼는데, 그 중 상경 용천부가 가장 오랫동안 도읍지가 되었다. 서울 상경은 당의 서울 장안성을 본떠 내성과 외성으로
구별하였고, 내성 남문에서 외성 남문을 연결하는 주작 대로가 있어, 그 좌우에는 집이 질서 있게 들어차 있었다. 지금은 그 성터, 절터가
남아 있고, 기와, 벽돌, 불상 등이 발견되고 있다. 거기에 새겨져 있는 연꽃 및 당초 무늬는 고구려의 영향을 받아 세련된 솜씨를 보여
주며, 당의 영향을 받은 석등은 웅건하고 화려한 모습을 보여 주고 있다.

발해의 석등  

발해 궁전 기단의 사자머리  

발해는 신라와는 국교를 트지 않았지만, 당 및 일본과는 국교를 맺고 접촉이 잦았다. 당에 모피, 밀(봉밀), 철, 사슴 등을 수출하고 비단,
곡식, 서적 등을 수입하였으며, 일본에는 주로 모피 등을 수출하고 직물을 수입하였다.

▦ 연구 과제 ▦

1\. 우리 향토에 있는 삼국 시대의 유물, 유적에 관하여 알아보자.

2\. 삼국 문화의 생성 과정과 그 특색을 관련지어 비교하여 보자.

3\. 신라가 국토와 민족을 통일할 수 있었던 원인에 관하여 연구하여 보자.

4\. 신라의 삼국 통일의 의의에 관하여 토론하여 보자.

5\. 우리 삼국 문화가 일본 아스카 문화에 끼쳤던 영향을 연구하여 보자.

6\. 발해 건국의 의의를 말하여라.

7\. 발해는 우리 민족사상 어떤 위치를 차지하고 있었나 알아보자.

 Ⅲ. 고려 시대의 생활

   1\. 고려 시대의 정치
   2\. 고려 시대의 사회와 문화
   3\. 고려 시대의 경제
   4\. 고려 시대의 대외 관계

-⋅ 학습의 요점 ⋅-

1\. 우리 겨레는 어떠한 과정을 밟아 고려에 의해 재통일되었던가?

2\. 고려 시대의 정치 제도는 어떻게 정비되어 왔으며, 사회 생활과 경제 생활은 어떻게 변화하였는가?

3\. 고려 시대의 우리 조상은 많은 이민족과의 갈등 속에서 어떻게 민족의 순수성을 지켜 왔으며, 그 독특한 문화를 창조하였는가?

[청자투각칠보문향로]

 1. 고려 시대의 정치

후삼국과 민족의 재통일

신라는 혜공왕 때부터 귀족 사이에 분열이 생기어, 왕위 쟁탈전이 잇달아 일어나 정치가 문란하여졌다. 따라서, 사회는 혼란해지고, 농민의
생활은 도탄에 빠지게 되었다. 생활이 어려워진 농민들은 유민이 되어 떠돌아다니다가 귀족의 사병이나 노예가 되기도 하고, 또 도둑 무리가 되어
세상을 소란하게 하였다. 더구나, 진성 여왕 때에 조세 독촉이 심하자, 마침내 전국 각지에서 농민들의 반란이 일어났다. 이런 틈을 타서,
평소에 야심을 품어 오던 지방의 토호들은 각처에서 군사를 일으켜 세력을 떨치게 되었으니, 이들 중 북원(지금 원주)의 양길, 완산주(지금
전주)의 견훤 등의 세력이 가장 컸다.

그 중에서도 양길의 부하로 있던 궁예는 강원, 경기, 황해도 지방을 공략한 후, 양길을 타도하고 후고구려를 건국하였다(901). 그는 그 후
국호를 마진이라 고치고, 연호를 무태라 하였다.

그 후, 도읍을 송악(지금 개성)에서 철원으로 옮겨, 다시 국호를 태봉, 연호를 수덕만세라 고쳤다.

그리고, 견훤은 무진주(지금 광주)에서 군대를 일으켜, 완산주를 근거로 후백제를 건국하였다(892). 이리하여, 통일 신라 말기의 우리
나라는 다시 삼국의 정립을 보게 되었는데, 이것을 후삼국이라 한다.

후삼국 형세도  

왕건은 궁예의 부하로 있으면서 후백제의 남서해 쪽을 공략하여 이름이 높았다. 한편, 궁예는 폭군이 되어 백성과 부하를 괴롭혀 인심을 잃었다.
이에, 왕건이 배현경, 신숭겸 등의 추대를 받아 왕이 되니 이가 곧 고려의 태조로서, 국호를 고려, 연호를 천수라 정하고, 서울을 송악으로
옮겼다.

고려의 태조는 후백제를 자주 쳤지만, 신라에 대해서는 친근책을 썼다. 신라는 후백제의 침략을 받아 영토가 줄어들고 국력이 쇠약해져 나라를
유지할 수 없었으므로, 경순왕은 나라를 들어 고려에 귀순하고 말았다(935). 한편, 후백제는 한때 세력을 떨쳐 신라를 침범하고 고려를
곤궁에 몰아넣기도 하였으나, 견훤이 아들 신검과의 불화로 말미암아 고려에 망명하고, 후백제의 신검은 태조의 정벌을 받아 멸망함으로써 후삼국은
고려에 의하여 통일되고 말았다(936).

왕권의 안정

태조는 고구려의 옛땅 회복을 목표로 삼아 북진 정책을 썼다. 이리하여, 국호를 고려라 정하고, 북방 경략에 노력하였다. 또, 태조는 불교를
국교로 정하여 사상 통일을 꾀하는 한편, 풍수 지리설을 중요시하여 후세에 많은 영향을 끼쳤다.

그리고, 태조는 후삼국을 통일하고 나서 민족 융화에 힘써, 경순왕에게 태자보다 윗자리인 정승 벼슬을 주고, 경주를 식읍으로 주는 한편, 그
곳의 사심관에 임명하였다.

한편, 견훤에게는 양주를 식읍으로 주었다. 그리고, 그들을 따라 귀순한 신라와 후백제의 귀족들을 포섭하였다.

그러나, 왕권의 안정은 아직 요원한 것이었다. 즉, 태조 때만 하더라도 지방에는 호족들이 세력을 펴고 있었고, 중앙에는 건국에 공로가 컸던
귀족들이 세력을 떨치고 있었으며, 혜종 때에는 왕위 쟁탈전인 왕규의 난이 있었다. 이에, 정종은 왕권 강화에 힘써 왕규를 제거하는 등 외척의
발호를 억누르고, 거란에 대비하여 광군사를 두어 광군 30만을 편성하였다.

그리고, 광종은 노비 안검법을 마련하고 과거 제도를 채택하여, 귀족 세력을 억제하는 데 노력하였고, 또 각 주, 현의 세공액을 제정하고,
관리의 공복제를 마련하였으며, 광덕, 준풍 등의 연호를 세워 자주성을 발휘하였다. 다음 경종은 전시과를 제정하여 관리의 경제적 기반을
마련하였으며, 다음 성종은 문물 제도를 크게 정비하여 지배 체제를 강화하였다.

정치 체제의 정비

국초에는 신라와 태봉의 제도를 이어받고, 여기에 당의 제도를 참작하여 과도적인 정치 제도를 마련하였으나, 성종 때에는 당의 제도를 본떠 정치
제도를 크게 정비하였고, 다음 문종 때에 고려의 관제는 완성을 보게 되었다.

고려의 정치 체제는 중앙 집권 체제로, 그 기구를 문반과 무반으로 나누고, 이것을 다시 경직과 외직으로 나누었다.

경직의 최고 기관은 3성이었는데, 그 중 내사성(후에 중서성)은 왕명의 출납, 문하성은 최고 정책의 수립과 국정의 총리, 상서성은 6부의
통솔과 정책의 운영을 맡았다. 그리고, 국무를 분장하는 6부가 있어, 이부는 문관의 인사, 호부는 호구와 조세, 예부는 외교, 교육, 과거,
제사, 병부는 무관의 인사, 군사, 우역, 형부는 법률과 소송, 공부는 토목과 건축을 맡았다. 이 밖에, 서무를 분장하는 9시가 있었으며,
독립된 특별 관청으로 조세 출납과 회계를 맡는 삼사, 군국기무와 왕명의 출납을 맡는 중추원, 감찰과 풍속의 단속을 맡는 어사대, 3성과
중추원의 고관이 국사를 논의하는 기관으로 도병마사가 있었다.

지방 제도는 성종 때 12목으로 나누었다가 다시 10도로 나눈 일이 있으나, 현종 때에 전국을 5도 양계로 나누어, 도에는 안찰사, 계에는
병마사를 두었다. 그리고, 그 밑에 도호부, 주, 군, 현을 두고, 수령으로 도호부에 사, 주와 군에 지사, 큰 현에는 영, 작은 현에는
감무를 두었다. 이 밖에, 천민들의 집단 거주 지역으로 부곡, 향, 소가 있었고, 또 3경 제도가 마련되어 처음에는 개경과 서경, 동경(지금
경주)을 말하였으나, 뒤에 동경 대신 남경(지금 서울)을 꼽게 되었다.

5도 양계도  

수령까지는 중앙에서 파견되었으나, 말단 행정은 그 지방 출신인 향리에게 맡겨져, 그들은 조세와 부역의 징발, 소송의 처결 등 중요한 임무를
담당하는 등 그 세력이 매우 컸다. 이에, 그 세력을 억제하기 위한 기인 제도를 마련하여, 향리의 자제를 인질로 서울에 와서 머무르게
하였고, 또 중앙 고관을 출신지의 사심관에 임명하여, 부호장 이하의 향리를 임명, 감독하도록 하였다.

고려의 군사 제도는 당의 부병제를 본떠 6위를 설치하였고, 후에 2군을 더 두었는데, 이 2군 6위의 제도는 고려 군제의 기간이 되었던
것으로, 그 밑에는 1000명을 단위로 하는 영이 예속되어 있었다.

군관은 상장군, 대장군, 장군 등이 있었고, 상장군과 대장군의 합좌 기관으로 중방이 있었다. 또, 지방에는 주현군이 있어 그 수가 30만에
달하였다.

귀족 정치의 동요

문종 이후, 오랜 태평 시대가 계속되었으며, 문화의 전성 시대를 이루었다. 그러나, 인종 때부터 원종 때까지 약 120년간은 귀족 사이에
분쟁이 자주 일어났고, 밖으로는 몽고의 침입을 받아 귀족 정치가 크게 동요되었다. 인종 4년에 이자겸의 난이 일어났는데, 그는 외척으로
세력을 떨치던 인주 이씨 출신으로, 예종, 인종의 2대에 걸쳐 횡포를 부리더니, 마침내 왕위를 탐내어 반란을 일으킨 것이다. 이에 대하여
인종은 척준경을 포섭하여 그를 제거하였다.

또, 인종 13년에는 묘청의 난이 일어났다. 묘청은 서경 출신의 중이며 도참가로서, 그는 동향인인 정지상, 백수한 등과 결탁하고, 풍수
지리설과 결부시켜 서경 천도 운동을 전개하는 한편, 금의 정벌과 칭제, 건원을 주장하였다.

이 서경 천도 운동은 서경 임원역 터에 대화궁을 세우는 등 한때 그 실현을 보는 듯하였으나, 개경 중심의 귀족이며 유학자인 김부식 등의
반대로 실패로 돌아가자, 묘청은 서경에서 반란을 일으키고, 국호를 대위, 연호를 천개, 그 군대를 천견 충의군이라 하며 버티었으나, 1년
만에 김부식이 지휘하는 관군에게 평정되고 말았다.

만월대  

고려의 지나친 문신 우대 정책은 무신들의 반감을 샀다. 더우기, 의종은 문학을 좋아하고 놀이로 세월을 보냈으므로, 이를 호위하던 무신들은
불평이 컸다. 이에, 대장군 정중부, 이의방 등이 반란을 일으켜 문신을 학살하고, 왕의 아우 명종을 세워 정권을 장악하였다. 무신 정권에
대하여 명종 3년에 김보당이 반기를 들고 의종 복위 운동을 일으켰으나 실패로 돌아가고, 또 이듬해에는 서경에서 조위총이 무신 정권에 반대하고
군대를 일으켰으나 결국 성공하지 못하였다.

무신 정권이 성립된 후, 얼마 안 가서 무신 간에 세력 쟁탈전이 벌어졌다. 즉, 이의방은 정중부 일파에게 피살되고, 정중부는 경대승에게
제거되었다. 이어서 경대승이 병사하자 이의민이 정권을 잡았고, 이의민은 최충헌에게 피살됨으로써, 이로부터 최씨 정권이 수립되었다.

이와 같이 중앙에서 무신 간에 세력 쟁탈전이 거듭 일어나 사회가 동요하자, 천민들이 신분 해방을 목적으로 반란을 일으켰다. 명종 6년에 공주
명학소에서 일어난 망이, 망소이의 반란, 신종 원년에 개경에서 일어난 만적의 난 등을 비롯한 여러 반란은 거의 전국적으로 발생하였던 것으로,
천민뿐만 아니라 농민들도 가담하였다.

무인 정치

최충헌은 무인으로서 이의민을 제거한 후, 같은 파일지라도 자기의 말을 듣지 않는 자는 숙청하였고, 또 왕의 위치를 완전히 무력하게 만들었다.
한편, 그는 무신 정권을 반대하던 사원 세력을 억제하고, 전국적으로 일어나던 천민의 난을 진압시켜, 4대 60여 년 간에 걸친 독재 정권의
기초를 마련하였다. 그는 또 무인 정권의 최고 기관으로 교정도감을 두고, 그 장관인 교정별감이 되어 백관의 인사 및 감찰, 조세의 징수 등
모든 실권을 장악하였다. 그리고, 앞서 경대승이 설치하였던 사병 집단인 도방을 개설하여 신변을 보호하게 하였다.

또, 그의 아들인 최우는 최충헌의 제도를 계승하는 한편, 정방을 자기 집에 두고 백관의 인사를 처리하였으며, 삼별초를 편성하였다. 이
삼별초는 좌별초, 우별초, 신의군으로 조직된 특수 군대였다.

최씨 정권은 몽고와 근 30년간의 항전을 계속하였으니, 그 동안 대체로 문신들은 강화를 주장하였으나, 최씨 정권은 이를 반대하였다.

마침내, 고종 45년에 문신 유경과 무신 김준 등이 최씨 정권의 마지막 집권자인 최의를 살해함으로써 최씨 정권은 몰락되고 말았다. 그리고,
몽고와의 강화도 급진전되어, 그 이듬해 태자 전을 몽고에 보내어 강화를 청함으로써 휴전이 성립되었다.

원 침략 시대의 정치

몽고와는 원종 11년에 개경 환도를 단행함으로써 완전한 강화가 성립되었다. 몽고는 고려 원종 12년에 국호를 원이라 고쳤으며, 그 때부터
고려를 속박하기 시작하면서 일본 정벌을 강요하여 왔다. 이에, 고려는 병선과 식량을 전부 부담하여 여⋅원 연합군으로써 제1차로 충렬왕
즉위년에 몽고의 장수 홀돈과 고려의 장수 김방경이 합포(지금 마산)를 떠나 일본 정벌에 나섰으나, 큐우슈우에서 태풍을 만나 실패로 끝나고,
충렬왕 7년의 제2차 정벌도 태풍을 만나 실패하였다.

또, 원은 화주(지금 영흥)에 쌍성총관부, 서경에 동녕부, 제주도에 탐라총관부를 두어 직접 지배하였다. 그 후, 고려는 원에 그 영토의
환부를 교섭하여, 자비령 이북과 제주도는 충렬왕 때에 고려에 돌아왔으나, 철령 이북의 땅은 약 100년간 원의 지배하에 있다가 공민왕 때에
와서 무력으로 회복하였다.

원 지배 시대의 형세도  

그리고, 원은 감독 기관으로 정동행성을 두고, 다루가치라는 관리를 두었을 뿐 아니라, 원의 공주로 왕비를 맞아들이게 하였다. 또, 왕에 관한
칭호와 관제를 격하시켜 3성을 폐합하여 첨의부라 하고, 6부를 개편하여 전리사, 판도사, 군부사, 전법사 등으로 고치고, 중추원을 밀직사,
도병마사를 도평의사사로 고쳤다.

공민왕의 개혁 정치와 외환

공민왕은 즉위 후 밖으로 원을 배척하고, 안으로 정치를 어지럽히는 권세 있는 집안을 억압하기 위하여 개혁 정치를 단행하였다. 즉, 그는
정동행성을 철폐하고, 원의 간섭으로 격하되었던 관제를 문종 때의 것으로 복구시키고, 쌍성총관부를 쳐서 철령 이북의 땅을 회복하고, 원의 연호
사용을 정지하는 한편, 기씨 등 친원파를 숙청하였다.

공민왕의 능  

그러나, 나라 안팎으로 정세가 자못 복잡 다난하였다. 공민왕 8년과 10년에는 홍건적이 침입하여 분탕과 노략질을 자행하였는데, 특히 제2차
침입 때에는 개경이 함락되고, 왕이 복주(지금 안동)로 피난하였으나, 정세운, 이성계 등의 활약으로 물리쳤다.

또, 남으로부터는 왜구가 침입하여 그 행패가 심하였으므로, 최영, 이성계 등으로 하여금 이를 막게 하였으나, 기세가 꺾이지 않았다.

왜구도  

그 후, 나세와 최무선이 금강 어귀 진포에서 화포로 왜구를 쳐부수고, 이성계는 황산에서, 정지는 관음포(지금 남해)에서 왜구를 격멸하였으며,
창왕 때에는 박위를 보내어 왜구의 소굴인 쓰시마 섬을 정벌하였다. 이렇게 그들의 기세가 꺾인 이후에는 함부로 침입하지 못하였다.

한편, 대륙에서는 공민왕 17년에 명이 일어나고, 원은 몽고 지방으로 쫓겨나 북원을 이루었으므로, 이 두 나라에 대한 국교 관계로 우왕 때에
가서는 친명파와 친원파의 분열까지 보게 되었다.

이와 같이 어려운 시국에 왕비 노국공주가 죽자, 공민왕은 모든 정사를 신돈에게 맡기고 방탕한 생활을 하였다. 신돈은 전민변정도감을 설치하고,
귀족들이 강제로 차지한 토지를 본인에게 돌려 주고, 노비를 해방시키려 하였으나, 귀족들의 반대로 실패에 돌아가고, 그 자신 영화에 도취하여
방탕 생활로 정치를 어지럽히다가 귀양 가서 죽었다.

신흥 세력의 대두와 고려의 멸망

우왕 때에는, 외교 문제로 이인임, 최영 등의 친원파와 이성계, 정몽주 등의 친명파로 갈렸는데, 친원파는 기성 귀족들이고 친명파는 신흥
귀족들이며 유학자들로서, 그 대립이 심각하였다.

마침내 우왕 14년에 명이 철령위를 설치하고, 철령 이북을 지배하겠다는 것을 통고하여 왔다. 이에, 최영은 스스로 8도 도통사가 되고,
조민수를 좌군 도통사, 이성계를 우군 도통사로 삼아, 명의 만주 지배의 총본산인 랴오뚱 정벌의 길에 올랐다.

그러나, 이성계는 압록강의 위화도에서 조민수를 달래어 회군을 단행한 후, 최영을 귀양 보내어 죽이고, 우왕을 내쫓은 후, 창왕을 세웠다.
이것으로, 신흥 세력이며 친명파인 이성계 일파가 완전히 실권을 장악하게 되었다.

이리하여, 이성계 일파는 기성 세력을 누르고 신흥 귀족의 경제적 기반을 마련하기 위하여, 조준의 주장을 따라 전제 개혁을 단행하여 공양왕
2년에 공⋅사 토지 문서를 불사르고, 그 이듬해에 과전법의 실시를 보게 되었다.

한편, 신흥 세력의 기세는 날이 갈수록 높아지고, 이성계의 천하가 되었다. 이에, 정몽주는 기울어져 가는 고려의 운명을 건져 보려고 하다가,
선죽교에서 이성계 일파에게 피살되었고, 이로써 고려는 34대 475년으로 멸망하고 말았다.

선죽교

 2. 고려 시대의 사회와 문화

사회 계급

고려 시대의 사회 계급은 지배층과 피지배층으로 크게 나눌 수 있고, 지배층을 다시 귀족 계급과 중류 계급으로, 피지배층을 평민 계급과 천인
계급으로 나눌 수 있다. 이와 같이 계급의 차별이 엄격하였다.

귀족 계급은 왕족과 문무 양반이 이에 속하였는데, 이들은 교양과 전통을 중하게 여겼으며, 토지의 소유, 관직의 독점, 학교 입학, 과거 응시
등 각종의 특권을 가졌었다.

중류 계급은 의술, 천문, 지리, 법률 등에 종사하는 잡직(기술관)과 하급 관리인 이속, 그리고 남반이라 불리는 궁인이 이에 속한다. 이들은
귀족보다 지위가 낮고 출세도 제한되어 있었으나, 평민 앞에서는 당당한 지배층이었다.

평민 계급은 농업, 공업, 상업에 종사하는 층으로, 그 중에 공장과 상인은 농민보다 천시를 받았다. 농민은 국가에 대하여 조세 외에도 병역과
부역의 역역을 맡고, 또 특산물을 바치고 공물을 부담하였다. 이와 같이, 농민은 그 사회의 기축이 되는 계층이었으나, 아무런 권리도 없이
항상 토지에만 속박되어 이주의 자유마저도 없었다.

천인 계급은 사회적으로 가장 낮은 지위를 차지하여 멸시를 받았다. 이에는 진척(뱃사공), 역정(마부), 화척(백정), 재인(광대), 노비 및
부곡, 향, 소의 주민 등이 이에 속한다. 그 중에서 노비가 가장 천시를 받았는데, 이에는 관청에 속한 공노비와, 귀족들 개인에게 속한
사노비가 있었다.

사회 시설

빈곤한 백성들을 구제하기 위한 여러 가지 사회 정책과 시설이 마련되었다. 광종 때에 구제 사업을 하기 위하여 제위보가 만들어졌으며, 또 태조
때에 흑창이 설치되었는데, 이것은 성종 때에 의창으로 개편되었다. 성종은 각 주, 현에 의창을 설치하고 곡식을 저장하여 흉년과 유사시에
대비하는 한편, 춘궁기에 곡식을 대여하였다가 추수기에 거둬들이는 농민 구제 사업을 했다. 또, 성종 때에는 개경과 서경, 12목에 상평창을
마련하여 물가 조절의 구실을 했다.

이 밖에, 정종 때에 대비원을 개경의 동⋅서 두 곳에 설치하여 빈곤한 사람들을 치료하였으며, 예종 때에는 혜민국을 설치하여 빈민에게 약을
주어 치료하였다. 또, 후세의 계와 비슷한 것으로 보가 있었는데, 이 보는 쌀이나 포목 등을 원본으로 삼아, 그 이식으로써 어떠한 사회
사업을 하였다. 이에는 제위보를 비롯하여 교육 사업을 위한 학보, 팔관회 경비를 위한 팔관보, 승려 교육 사업을 위한 광학보 등이 있었다.

생활 풍속

남녀가 다 같이 흰색을 숭상하였다. 남자는 상투에 검은 건을 썼고, 부인은 머리를 오른쪽 어깨 위로 늘어뜨렸으며, 귀부인은 외출할 때에 검은
너울을 썼다.

명절로는 설, 3월 3일의 상사일, 4월 8일의 불탄절, 5월 5일의 단오, 6월 15일의 유두, 7월 15일의 백중과, 추석 등이 있었고,
특히 2월 보름(뒤에는 정월 보름)의 연등회와 11월 보름의 팔관회는 중요한 연중 행사였다, 이 중, 상사일에는 쑥으로 만든 개피떡을 먹고,
단오에는 상류층의 격구(공치기), 부녀자들의 그네, 남자들의 씨름과 석전 등이 행하여졌으며, 유두에는 동류수에서 머리를 감았다. 연등회
때에는 거리와 집집마다 휘황찬란한 등불을 달고 부처에게 공양하고, 춤과 노래를 즐기면서 국가의 안녕과 태평을 빌었다. 팔관회는 개경에서는
11월 보름, 서경에서는 10월 보름에 행하여졌는데, 행사는 연등회와 비슷하였으나, 불교적 색채는 거의 띠지 않았고 하늘과 산천 등
토속신에게 제사하는 것이 달랐다.

격구도  

또, 충렬왕 때부터 공민왕 때까지는 원과 접촉이 잦았으므로, 그 곳 풍속이 고려에 들어와서 궁중 및 상류 사회에 유행하였다. 즉, 왕은 고려
본명 외에 몽고 이름을 따로 가졌으며, 궁중에서는 몽고말을 궁중 용어로 사용하였다. 또, 몽고의 의복이 유행하였으며, 앞머리를 깎고 뒷머리를
땋는 몽고식의 체두변발이 행하여졌다. 그리고, 원에서 고려의 처녀를 징발하여 가므로, 이를 피하기 위하여 조혼 풍속이 유행하였다. 한편,
이로 인하여 고려인이 원에 들어가서 살았으므로, 그 곳에 고려의 풍속이 유행하게 되었다. 이것을 고려양이라 하였다.

유학의 발달

불교가 국교로서 숭상되는 한편, 유학은 나라를 다스리는 학문으로서 존중되었다. 한편, 과거의 영향도 있어 유학은 차차 융성하게 되었다.
특히, 성종 때에는 개경에 국자감을 두어 유학을 가르쳤고, 12목에 경학 박사와 의학 박사 1인씩을 보내어 지방 자제의 교육을 담당하게
하였다. 그리고, 도서관으로 개경에 비서성, 서경에 수서원을 두었다.

유학은 문종 때에 더욱 융성하여, 개경에는 유명한 사학이 많이 세워져, 유학 교육의 성황을 이루었다. 해동 공자라 일컬어지던 대 유학자
최충이 문종 때에 벼슬을 사직하고 사숙을 세우자, 학생들이 운집하므로, 9재를 마련하여 이들을 교육하였다. 이것을 최충도 또는 문헌공도라고
하였다. 이를 모방하여 많은 유학자들이 사숙을 세웠는데, 그 중 12개가 유명하였다. 이것을 12도라고 하였으며, 교학 활동에 큰 공헌을
하였다. 이와 같이 사학이 융성함으로써 관학이 더욱 떨치지 못하게 되었다. 이에, 예종 때에는 국학에 7개의 전문 강좌인 7재와 일종의 육영
재단인 양현고를 마련하여, 관학 진흥에 노력하였다.

그리고, 궁중에 학문 연구소인 청연각과 보문각을 설치하여 학문을 장려하였으므로 유학이 크게 융성하였고, 김부식, 정지상 등 유명한 학자들이
배출되었다.

교육과 과거 제도

태조는 서경에 학교를 설치하고 교육에 유의하였으며, 성종 11년에는 종전의 대학을 국자감으로 개편하였다. 국자감은 일종의 국립 종합
대학으로서, 이것에는 유학을 교육하는 국자학, 태학, 사문학이 있었고, 기술 분야를 교육하는 율학, 서학, 산학이 있었다. 여기에는 각각
박사와 조교를 두고 교육을 담당하게 하였는데. 국자학에는 문무관 3품 이상, 태학에는 5품 이상, 사문학에는 7품 이상의 자제가
입학하였으며, 율학은 법률, 서학은 글씨, 산학은 산술을 가르쳤는데, 여기에는 8품 이하의 자제와 서민이 입학하였다.

이 밖에, 개경에는 원종 때에 설치된 동⋅서 학당이 지방에는 향학이 있었는데, 여기에는 8품 이하의 자제와 서민이 입학하여 유학을 배웠다.

과거 제도는 광종 때에 후주의 귀화인 쌍기의 건의에 의하여 처음으로 채택되었다. 과거에는 문관 등용 시험으로 제술업과 명경업이 있었고,
기술관 등용 시험으로는 잡업이 있었다.

제술업은 진사업이라고도 하여 시, 부, 송, 책 등 문예로, 명경업은 유교의 경전으로 시험하였는데, 그 중에 제술업이 성하였다. 잡업에는
의업, 지리업, 명법업, 명서업, 명산업 등이 있어, 각각 전문 분야로써 시험하였다. 이 밖에, 승려에게는 승계를 주기 위한 승과가 있었고,
고려 말기 공양왕 때에는 무관 등용 시험인 무과가 설치되었으나, 성과를 보지 못하였다.

불교의 융성

고려의 불교는 왕실 불교로서 호국적이고 구복적인 성격을 띠고 크게 융성하였다. 특히, 태조는 불교를 독실하게 믿고 사찰을 건립하는 한편,
훈요십조에서 자손에게 불교의 보호를 강조하였기 때문에, 더욱 불교가 번성하였다.

고려에서 불교 사업으로 가장 볼 만한 것은 대장경의 판각이다. 즉, 현종 때에 요의 침입이 있자, 불교의 힘을 빌어 외적을 물리치려고 대장경
판각에 착수하여, 문종 때에 6천여 권을 완성하였다. 또, 대각국사 의천은 선종 때에 송에 가서 불교를 연구하고 귀국할 때 많은 불경을 얻어
온 외에, 다시 요와 일본에 사람을 보내어 불경을 구해다가, 교장도감을 설치하고 4천 7백여 권의 불경을 판각하였다. 이것을 의천의
속장경이라 하는데, 앞서 문종 때에 완성된 대장경 판본과 더불어 대구 부인사에 보관하였다가, 몽고의 병화를 입어 불타고 말았다.

이와 같이, 몽고의 병화로 대장경 판본이 타 버리자, 불력을 빌어 몽고를 물리치려고 다시 대장경을 판각하게 되었다. 즉, 최우는 고종
23년(1236)에 대장도감을 설치하고 대장경 판각에 착수하여 16년이나 걸려 고종 38년(1251)에 완성하였다. 이것이 바로 합천
해인사에 보관되어 있는 8만 대장경판으로, 세계적인 보물로 되어 있는 것이다.

8만 대장경 판고  

고려 시대에 불교가 한 전환기를 이룬 것은 의천 때였다. 의천은 문종의 네째 아들로, 송에 갔다가 돌아와서 교관겸수, 즉 교종과 선종의
융화를 주장하고 천태종을 창설하였으며, 그는 또 불교 종파 통일에 노력하여 선종의 9산을 조계종으로 통합하는 데에 성공하였다. 이리하여,
신라 이래의 5교 9산에 대하여, 새로 5교 양종의 형성을 보게 되었다.

대각국사 의천  

유명한 승려로는 의천 이외에 무인 집권 시대의 보조국사 지눌과, 고려 말의 태고화상 보우 및 나옹화상 혜근 등이 배출되었다. 특히, 지눌은
교종과 선종의 융화를 주장하여 조계종을 크게 떨치게 하였다.

또, 고려 시대에는 불교가 숭상되고, 왕자와 귀족들이 많이 출가함으로써 승려의 지위가 높았다. 특히, 유명한 승려를 국사와 왕사로 하여
국가와 왕실의 고문으로 삼았다. 그리고, 승려에게 법계를 주기 위하여 승과라는 국가 시험을 마련하였으며, 사원의 토지는 면세되었고,
승려에게는 각종 역역이 면제되었다.

이와 같이 불교가 융성하고 승려의 지위가 높아지자, 그에 따라 폐단도 컸다. 즉, 사원은 광대한 토지를 영유해 국가 조세 수입을 감소시켰고,
또 평민들은 국가의 역을 피하기 위해 입산하는 일이 많았다. 또, 사원은 장생고를 두어 고리대업을 했고, 상업, 양조 등 영리 사업을 하는
등 불미스러운 일이 많았다.

풍수 지리설

신라 말에 도선이 당에서 배워 온 풍수 지리설에다 내용을 가미한 것으로, 고려 초기부터 민간 신앙으로 널리 퍼지게 되었다. 이 사상은,
산수에는 좋은 곳과 나쁜 곳이 있어, 좋은 곳을 택하여 집을 짓거나 산소를 쓰면 국가나 개인에게 행운이 온다는 것이다.

이런 데서, 개인뿐만 아니라 국가에서도 이를 중요시하여, 태조는 훈요십조에서 이 사상의 중요성을 자손에게 유언으로 훈계하였고, 후세 왕들도
이 사상에 의하여 이궁을 경영하였다. 또 고려에 3경을 둔 것이나, 숙종 때에 김위제의 건의로 남경(지금 서울)을 설치한 것이나, 인종 때에
묘청이 서경에 천도하면 36개국이 조공하여 온다고 주장한 것 등은 모두 풍수 지리설과 관계가 깊은 것이었다.

인쇄술과 과학

고려는 송의 영향을 받아 목판 인쇄가 발달하여, 경서, 역사, 대장경 등이 인쇄 출판되었고, 숙종 때에는 국자감 안에 서적포를 두고 서적을
인쇄 출판하였다. 그러나, 고려 인쇄술에 획기적인 발전을 이룬 것은 금속 활자의 발명이었다. 고종 21년(1234) 최윤의가 지은
상정고금예문 50권을 주자(금속 활자)로 인쇄하였다. 이것은 독일의 구텐베르크(Gutenberg)가 금속 활자를 발명한 것보다 2백여 년이나
앞서는 것이다. 그 후, 공양왕 때에는 서적원을 두어 주자로 서적을 인쇄 출판하게 하였다.

고려 시대의 과학에서 볼 만한 것은 화약의 제조였다. 이 화약은 송과 원에서도 사용되었으나, 젯법은 비밀에 붙였었다. 그러나, 우왕 때
최무선이 화약 젯법을 알게 되어 화통도감을 설치하고 화약과 화기를 만들었다.

주자학의 전래

충렬왕 이후, 원과 자주 접촉을 가지면서 그 곳의 문화가 수입되어 새로운 면모를 보였다. 즉, 주자학이 새로 전래하여 학문계에 새기운을
이루게 하였으며, 또 원을 통하여 서역의 천문, 수학, 의학 등이 들어왔다.

그리고, 공민왕 때에는 문익점이 원에 갔다가 목화씨를 가지고 와서 정천익에게 주어 재배에 성공하였고, 또 정천익은 씨아와 물레를 만들었다.

주자학은 송의 주자(주희)에 의하여 철학화된 유학으로, 이를 성리학 또는 송학이라고도 한다. 이 학문이 우리 나라에 처음으로 전래된 것은
충렬왕 때 안향이 원으로부터 배워 온 것에서 비롯된 것으로, 충선왕 때에는 백이정이 원에 가서 주자학 책을 가져왔고, 충숙왕 때에 이제현은
충선왕이 원나라 서울에 세운 만권당에서 주자학을 연구하고 돌아왔다. 이리하여 주자학이 퍼지게 되고, 고려 말에는 이숭인, 이색, 정몽주,
길재 등 유명한 주자학자가 배출되었다.

안향  

이제현  

이와 같이 주자학이 발달하게 되면서, 주자학자들 사이에는 승려들의 타락을 비난하고, 불교를 배척하는 움직임이 일어나, 유교와 불교의 대립을
보게 되었다.

문학과 사학

고려의 문학은 아직 국문자가 없었기 때문에 한문학이 중심이 되었고, 유학의 발달과 더불어 과거에 문예가 중요시된 데서 시문학이 크게
발달하였다. 특히, 무신 집권 시대에는 문인들이 현실을 도피하려는 경향이 생김에 따라 패관 문학이 발달하였는데, 이 때의 작품으로는 문종 때
박인량의 수이전과 이인로의 파한집, 이규보의 백운소설, 최자의 보한집, 이제현의 역옹패설 등이 있다. 그리고, 문집으로는 이규보의
동국이상국집, 이제현의 익재집, 이곡의 가정집, 이색의 목은집, 정몽주의 포은집 등이 전한다.

국문학으로는 고려 중엽 이후에 신라 향가의 변형에서 발달한 시조와 장가인 가사가 유행하였다. 가사로는 정서의 정과정곡, 고종 때의 한림별곡,
안축의 관동별곡, 그리고 서경별곡, 청산별곡 등이 전한다.

역사로는 춘추관을 두고 역대 왕의 실록을 편찬했으나, 지금은 한 권도 전하지 않는다. 지금 전하는 역사 저술로는 인종 때 김부식이 지은
삼국사기와 충렬왕 때 중 일연이 지은 삼국유사가 있고, 이 밖에 충렬왕 때 이승휴의 제왕운기, 문종 때 중 혁련정의 균여전, 고종 때 중
각훈의 해동고승전 등이 있다.

삼국사기  

삼국유사  

그 중에 삼국사기는 기전체로 엮어져 있고, 삼국유사는 단군 기사가 최초로 취급되어 있어, 이 두 역사책은 고대사 연구에 귀중한 자료가 되는
것이다. 또, 오늘날 전하지 않는 것으로 김관의의 편년통록, 정가신의 천추금경록, 민지의 세대편년절요와 본조편년강목, 이제현의 세대편년 등이
있었다.

예술

고려 시대에는 호화스러운 귀족 생활과 불교의 융성, 그리고 송의 영향을 받아 예술이 크게 발달하였다. 건축에는 궁궐과 사찰 등 훌륭한
걸작품이 많았으나, 지금 남아 있는 것은 영주 부석사의 무량수전과 조사당, 그리고 덕산 수덕사의 대웅전, 안변 석왕사의 응진전, 강릉의
객사문 등이 있다.

그 중에 부석사 무량수전은 우리 나라에서 가장 오래 된 목조 건물로서, 둥근 기둥의 중간 배가 부른 것 등 고려 건축의 특색을 잘 나타내고
있다. 석조 건축으로는 탑파가 남아 있는데, 현화사의 7층 석탑, 월정사의 팔각 9층 석탑, 라마 예술의 영향을 받은 경천사지 10층 석탑
등이 남아 있는 것으로 걸작품들이다.

부석사 무량수전  

경천사지 10층 석탑  
경복궁 소재

조각으로는 부석사 무량수전 안의 목조 아미타여래상이 그 때의 아름다운 솜씨를 보여 주고 있으며, 석불로는 거대하기로 유명한 은진 관촉사의
미륵상이 있으나 예술적 가치는 적다.

부석사 아미타여래상  

관촉사 미륵불  

고려 공예 미술에 있어서 대표적인 것은 자기이다. 고려자기는 송의 영향을 받고, 다시 고려인의 독창력을 발휘하여 송을 능가하는 우수한 작품을
냈다. 자기에는 청자, 백자, 녹자 등이 있는데, 그 중에 청자는 천재적인 재능을 발휘한 예술품이다.

특히 비색청자는 아름답고 정교한 절품이고, 상감청자는 당초, 모란, 운학 등 아름다운 무늬가 새겨져 있는 고려 독창적인 작품이다. 이 청자는
섬세하고 연약한 미를 지니어 귀족적인 기풍을 풍기고 있다. 가장 우수한 작품은 귀족들의 사치 생활이 절정에 달했던 예종, 인종, 의종 때에
만든 것들이다. 글씨에는 문종 때의 유신, 인종 때의 중 탄연, 최우가 유명하여, 신라의 김생과 더불어 신품 사현이라 불리고 있다. 이
밖에, 숙종 때의 홍관, 충선왕 때의 이암이 유명하였다. 글씨체로는 대체로 당의 구양순체가 유행하였는데, 이암이 원으로부터 조맹부의 송설체를
전래한 후에는 이것이 널리 유행하게 되었다.

탄연의 글씨  

그림은 나라에서 도화원을 두고 화원을 양성하였으며, 더우기 송, 원의 영향을 받아 매우 발달하였다. 화가로는 인종 때의 이영이 송에 가서
예성강도를 그려 휘종의 칭찬을 받았으며, 그의 아들 이광필도 명종의 애호를 받았고, 공민왕도 글씨와 그림에 능하였다.

고려의 그림으로 지금까지 전하는 것은 공민왕이 그렸다는 천산대렵도와 벽화로서 부석사 조사당의 천왕상, 수덕사 대웅전의 수화도 등이 있을
정도이다.

수덕사 벽화  

음악에는 우리 고유의 향악과 중국의 속악인 당악, 그리고 예종 때에 송으로부터 수입한 대성악(아악)의 세 종류가 있었으며, 음악과 함께
발달한 가면극으로 처용무와 산대잡극이 있었다.

 3. 고려 시대의 경제

토지 제도

고려는 사회 안정과 국가 재정의 확립 및 관리들의 경제 기반을 마련하기 위하여 무엇보다도 시급하고 긴요한 문제는 신라 말기에 크게 무너진
토지 제도의 개편이었다. 그러나, 초기에는 지방에 토호 세력이 남아 있었기 때문에 잘 진행되지 못하다가, 경종 때에 전면적인 개혁을 보게
되었다.

토지 제도는 당의 균전법을 본떠 토지 국유를 원칙으로 하였다. 그러므로, 관리나 관청에 토지를 나누어 주었다 하더라도 농민으로부터 조세를
받는 권리, 즉 수조권을 준 것에 불과하였고, 관리권이나 처분권은 국가에 있었다.

수조권이 국가에 있는 것을 공전이라 하고, 개인이나 어떤 기관에 있는 것을 사전이라 하였다. 사전은 그 지급된 대상에 따라서 전시과,
공해전, 공음전 등 여러 종류로 구분된다.

전시과는 경종 때에 창설되어 문종 때에 완성을 보게 된 것으로, 관리를 18등급으로 나누어 토지를 나누어 주었는데, 문무 양반에게 준 토지를
과전, 군인에게 준 토지를 군전, 한인(무직자)에게 준 토지를 한인전이라 하였다. 공해전은 중앙과 지방의 각종 관청에 나누어 준 토지를
말하는 것이나, 왕실의 직할지인 내장전, 희빈과 왕자에게 준 궁원전도 성격상 공해전에 속한다. 국초에는 공음전이 개국 공신에게만 주어졌으나,
문종 때에는 5품 이상의 문무 양반에게도 주어져 자손에게 세습이 허락되었다. 이 밖에, 사원에는 사전, 학교에는 학전, 생계가 어려운 양반과
군인 가족에게는 구분전, 관리에게는 녹봉 대신 녹과전이 주어졌으며, 요지에 주둔하는 병사에게는 둔전이 주어졌다.

토지 국유제는 그 자체에 커다란 모순성을 내포하고 있었다. 즉, 공음전은 자손에게 세습이 허락되었으므로 사유제를 인정하는 것이 되었으며,
과전도 그것을 받은 관리가 죽으면 국가에 반환하는 것이 원칙이었으나, 그들이 권력을 이용하여 세습하게 되었으므로, 여기에서 사유제가 발달하게
되었다. 이와 같은 현상은 고려 중엽부터 나타나기 시작하여 무신 집권 시대에 현저하여졌고, 고려 말기에는 극도로 문란해져, 토지는 거의
권세가의 사유가 되고 말았다.

조세 제도

조세는 엄밀한 의미에서 전조와 전세로 구분되었다. 전조는 소작료에 해당되는 것으로, 토지를 경작하는 농민이 수확의 10분의 1, 즉 1결에
2석(30두)씩을 내는 것이나, 성종 때에 전조율을 높이어 4분의 1로 하였다. 전세는 지금의 지세에 해당되는 것으로, 사전주에게
농민으로부터 받은 전조 중에서 일부, 즉 1결에 쌀 7승 5홉씩을 국가에 바치게 하였다. 그러나, 공음전, 공해전, 사전 등에는 전세가
면제되었으므로, 전세의 중요한 대상은 관리에게 준 과전이었다. 원래 토지에는 비옥하고 토박한 것이 있어, 수확의 차이가 많이 생겨지는
것이다. 이에, 전품 제도를 마련하여 과세와 급전에 공평을 기하여 왔다. 문종 때에 전품을 상, 중, 하의 3등급으로 구분하였고, 상등전
1결은 중등전 2결에, 다시 하등전 3결에 해당되도록 하였으며, 과세도 이에 준하여 받았다.

조세 이외에 지방 특산물을 바치는 공물이 있었고, 16세 이상 60세 이하의 정남이 부담하는 부역이 있었으며, 상세, 공장세 등 잡세가
있었다.

수공업

고려 시대에는 신라 시대의 농촌 수공업과 관영 수공업 이외에 전문적으로 수공업에 종사하는 계층이 생기어 생산에 종사하였다. 농촌 수공업은
농민들의 자급 자족과 공물을 바치기 위하여 행하여지는 것으로, 주로 베, 모시, 비단 등 의료와 생활 용구의 생산이었으나, 질이 낮았다.
관영 수공업은 국가와 왕실에서 필요한 물건을 생산하기 위한 것으로, 여기에는 노임 또는 징발에 의한 수공업자에 의하여 정부 직영으로 각종
물품이 생산되었다. 전문적인 수공업자는 노임을 받고 관영 수공업에 종사하기도 하고 독립하여 자영하기도 하였으나, 국가의 많은 제약을 받았다.

수공업품으로 중요한 것은 각종 무기, 장신구, 금은 세공품, 직물, 지물 등이었는데, 특히 도자기업은 안으로 귀족의 사치 생활과 밖으로는
송의 영향을 받아 발달하였는데, 이는 고려인의 독창력을 발휘한 것으로, 송의 것을 능가하는 제품을 냈다. 도자기 생산지로는 개경을 중심으로
강화, 전남 강진, 전북 부안 등이 유명하였다.

또, 문종 때에는 도염원이라는 관청을 설치하고 소금을 만들어 전매하였다. 그러나, 귀족들이 사사로 소금을 만들어 판매함으로써 이 제도가
무너졌다가, 충렬왕 때에 다시 전매법을 실시하여 사사로운 제조와 거래를 금지하였다.

상업

고려 시대에는 농업과 수공업이 발달하여 생산력이 증가함으로써, 상업의 발달도 보게 되었다. 개경에는 공설 시장인 시전공랑이 설치되어 상거래의
중심이 되었는데, 이 시전공랑은 국가에서 상인에게 빌려 주고 세를 받기 위하여 세운 것이다. 이 밖에, 허시라는 노상 시장이 있어 거래가
행하여졌는데, 상업을 감독하는 기관으로 경시서가 있었다. 그리고, 지방에는 노상 시장이 열리어 물물 교환이 행하여졌다.

국내 상업이 발달함에 따라 대외 무역도 발달하였다.

특히 송의 상인들이 쉴 새 없이 고려에 출입하였으며, 고려 상인들도 송에 왕래하면서 무역을 하였다. 당시 고려의 항구는 예성강의
벽란도였는데, 여기에는 송을 비롯하여 요와 일본의 선박이 출입하였고, 멀리 아라비아(대식국)의 상인도 내왕하였다. 그러나, 이 벽란도는
개경의 문호 역할을 하였을 뿐, 교역은 주로 개경에서 행하여졌다.

고려 시대의 대외 무역로  

송과의 무역은 공적인 사신을 통하여 행하여지는 공무역과, 상인 등 사사로 행해지는 사무역으로 구분된다. 무역품으로는 금, 은, 모시, 나전
기구, 인삼, 잣, 모피, 화문석, 자기, 모필, 지묵 등을 수출하였고, 각종의 비단, 약재, 서적과 남방의 향료, 공작 등을 수입하였다.

이 밖에, 요, 여진, 일본과도 교역이 행하여졌으나, 고려 경제에 큰 영향을 주지 못하였고, 원과는 그들에게 수탈을 당하는 무역을 하였다.

화폐 제도

고려에서는 먼저 쌀과 베를 교역의 수단으로 사용하였으나, 교역이 발달함에 따라서 화폐의 필요성을 느끼게 되었다. 여기에서 성종 15년에
처음으로 철전을 만들어 유통하게 하였다. 그러나, 일반 백성들이 통용을 꺼려하여, 목종 때에 상점과 주점에만 유통하도록 하다가 중지되고
말았다.

그 후, 숙종 때에 대각국사 의천이 화폐의 필요성을 강조하게 되고, 또 실제에 있어서도 쌀과 베의 사용이 불편하고 그 폐단이 많았으므로,
숙종 2년에 주전관과 주전도감을 설치하고 해동통보, 해동중보, 삼한통보, 삼한중보, 동국통보, 동국중보 등의 철전을 만들었다. 또, 숙종
6년에는 은으로 무게 1근의 화폐를 만들어, 이것을 은병 또는 활구라고 하여 유통하게 하였다. 이리하여, 화폐 유통에 노력하였으나 역시
백성들이 사용을 하지 않아, 철전은 그 후 얼마 안 가서 유통이 중단되고 말았다.

숙종 때의 화폐  

이 밖에, 은화로 쇄은을 만들었고, 충혜왕 때에는 소은병을 만들어 유통하게 하였으며, 또 원의 지배 시대에는 원의 지폐인 중통보초와
지원보초가 유통되었다. 그리고, 고려 말기 공양왕 때에는 처음으로 저화라는 지폐를 만들었으나, 널리 유통되지 못하였다.

사원 경제

고려 시대의 사원은 막대한 경제력을 가지고 경제계를 지배하였다. 사원은 국가에서 주어지는 사전, 왕족과 귀족들이 바치는 기진전, 기타 개간
등으로 많은 토지를 영유하였다.

한편, 사원은 장생고를 설치하고 돈과 곡식으로 식리 사업을 하여 많은 수입을 거두었는데, 이 장생고는 비단 사원뿐만 아니라, 귀족들도 이것을
설치하고 식리 사업을 하였다. 이 밖에도 사원은 상업, 목축, 제염, 제유, 양조업 등을 경영함으로써, 막대한 이익을 거두어 경제계를
지배하였다. 또, 사원에는 잡역과 토지 경작 등 노역에 종사하는 수많은 수원승도와 재산을 보호하기 위한 승병이 있었다.

 4. 고려 시대의 대외 관계

고려는 북진 정책을 썼으므로 북방 민족과 충돌이 잦았고, 송과는 비교적 평화적인 외교 관계를 지속하였다. 그리고, 일본과는 원의 강요로 뜻에
없는 정벌을 2차나 하였고, 고려 말엽에는 왜구의 침입이 찾아 평화를 유지할 수 없게 되었다.

요와의 관계

거란은 916년에 건국하여 발해를 멸망시키고, 만주, 몽고 지방의 주인공이 되어 고려 정종 때에는 국호를 요라고 고쳤다. 고려는 요와 국초
때부터 대립을 하여 왔으나, 요가 발해를 멸망시킨 후에는 국교를 끊고, 정종 때에는 광군을 조직하여 북진 정책을 세우고 그 침입에
대비하였다.

이와 같이 양국 간의 긴장된 국교 관계의 결과, 제1차로 성종 12년에 소손녕이 대군을 거느리고 침입하였다. 그들이 침입한 목적은 고려로
하여금 송과의 접촉을 끊게 하기 위한 것이었으나, 서희는 소손녕과 요와 통교를 하겠다는 조건으로 담판을 짓고 그들을 물러나게 하였다. 한편,
서희는 그 이듬해부터 교통로를 개척하기 위하여 청천강 이북의 여진을 정벌하고, 강동 6주를 개척하게 됨으로써, 오히려 고려의 영토가
압록강에까지 도달하게 되었다. 그 후, 고려는 요와 국교를 텄지만 송과도 친교를 계속하였으므로, 때마침 강조의 정변이 있자, 요의 성종은
이것을 구실삼아 제2차로 현종 원년에 재침하였다. 고려에서는 이들을 맞아 흥화진(지금 의주)에서 양규가, 통주(지금 선천)에서 강조가 크게
싸웠으나 개경이 함락되어, 현종은 나주로 피난하였다. 이리하여, 현종은 볼모로 하공진을 요 성종에게 보내어 왕의 친조를 조건으로 요를
물러가게 하였다.

강동 6주  

그 후, 고려는 친조에 응하지 않았으므로, 요는 강동 6주를 요구하게 되었고, 이에도 응하지 않았으므로, 제3차로 현종 9년에 소배압이
대군을 이끌고 침입하였다. 그러나, 귀주(지금 구성)에서 강감찬에게 거의 전멸을 당하고 말았다. 이와 같은 오랜 싸움은 피차간에 손실만
컸으므로, 고려는 송과의 친교 관계를 끊고 요의 연호를 사용하게 되었다. 이것으로써 요도 고려 왕의 친조와 강동 6주의 요구를 포기하게
되어, 양국 간의 국교는 회복되었다.

요와의 전쟁에서 성의 필요를 느껴, 현종 때에 왕 가도로 하여금 개경의 나성을 쌓게 하였다. 또, 거란과 여진에 대비하기 위하여, 덕종 때에
유소로 하여금 압록강 어귀로부터 함경 남도 정평 해안인 도련포에 이르는 천리 장성을 쌓게 하였는데, 정종 때에 완성되었다. 그리고, 요와의
전쟁으로 많은 문화재가 불타 버렸으므로, 현종 때에 김심언 등으로 하여금 태조로부터 목종까지 7대 사이의 실록을 편찬하게 하였으며, 또
앞에서 말한 바와 같이 이 전쟁을 계기로 대장경이 판각되었다.

여진과의 관계

여진족은 발해가 멸망한 후 여러 부족으로 갈리어 만주 일대와 압록강 상류에서부터 함경도 함흥 평야에 걸쳐 살면서, 고려를 상국으로 섬기고
사절을 보내며, 토산물을 바치기도 하였으나, 때로는 범하기도 하였다.

그러나, 11세기 초 고려 선종 때에 하얼삔 지방에 자리잡고 있던 완옌부에서 추장 영가와 그의 아들 우야소가 나타나 여러 부족을 통일하고,
숙종 때에는 그의 세력이 함흥 지방에까지 미쳐 고려의 변경을 자주 침범하였다. 이에, 고려에서는 별무반을 조직하여 예종 2년에 윤관으로
하여금 함흥 평야의 여진을 정벌하고 9성을 쌓게 하였다. 그러나, 그들의 침입이 계속 잦았고 돌려 줄 것을 애원하므로, 예종 4년에 이를
그들에게 돌려 주었다.

동북 9성 설치도  

그 후, 예종 10년(1115)에는 우야소의 아우 아구다가 국호를 금이라 정하고, 황제를 칭하였다. 그리고, 요를 멸망시키고 송을 남쪽으로
쫓아 중국의 북부를 차지하면서, 고려에 군신 관계를 요구하여 왔다. 그러나, 고려에서는 이에 응하지 않다가 인종 4년에 이자겸의 주장으로 이
요구를 받아들이게 되었다.

송과의 관계

중국에는 당이 멸망한 뒤 오대라는 분열 시기가 계속되다가, 고려 광종 11년(960)에 송이 혼란을 수습하여 통일 국가를 이루었다.
고려에서는 바로 송과 국교를 맺고 그 문화 수입에 노력하였다. 한편, 송은 북쪽의 요, 그리고 금으로부터 위협을 받고 있었으므로, 고려와
친교를 맺어 정치적으로 이용하려고 하였다. 이로 말미암아 피차간에 사신과 상인의 왕래가 잦았고, 고려에서는 유학생, 유학승을 파견하였으며,
한편 송인으로 고려에 귀화하는 자도 많았다. 그러나, 현종 때에 요와 강화를 맺고 나서는 공식적인 외교가 일시 중단되었다가 문종 때에 다시
열리게 되었다.

원과의 관계

1206년에 칭기즈칸에 의해 통일되어 세력을 크게 떨치던 몽고는 금을 멸망시킴으로써 고려와 경계를 접하게 되었다. 때마침, 고종 4년에
몽고에게 만주로부터 내몰린 거란족이 고려에 침입하여 약탈을 자행하였다. 이에, 고려에서는 김취려 등으로 하여금 이를 치게 하였으나, 이 때에
뜻밖에도 몽고군이 와서 우리를 도우므로, 이와 연합하여 강동성을 함락시키고, 또 그들 포로에게는 토지를 주어 나라 안에 살게 하였는데,
이들의 거주지를 거란장이라 하였다.

이 일이 있은 후, 몽고는 매년 막대한 조공을 요구하여 와서 고려를 크게 괴롭혔다. 그러다가 고종 12년에 몽고 사신 저고여가 귀로에
살해되자, 국교가 단절되고, 고종 18년에는 살리타이가 대군을 거느리고 침입하였다. 이에, 귀주에서 박서가 분전하였으나, 전세가 불리하여
살리타이에게 사신을 보내어 강화를 맺었다. 그러나, 이듬해에 최우는 반대론을 물리치고 강화 천도를 단행하였다. 이에, 살리타이는 재차
침입하였으나, 처인성(지금 용인)에서 김윤후에게 사살되었다. 그러나, 이후 몽고는 고종 46년까지 전후 6차에 걸쳐 고려를 침범하였다.

몽고와의 강화는 원종 11년에 성립되었다. 그러나, 굴욕적인 강화는 무인들의 반발을 일으키게 하였다. 즉, 최씨 정권을 타도한 무신 김준,
임연 등이 반대하였고, 원종 11년에는 개경 환도에 반발하여 배중손이 왕족 승화후 온을 왕으로 세우고, 삼별초를 지휘하여 강화도에서 반란을
일으켰다. 삼별초는 그 후 진도, 탐라로 옮기면서 항전을 계속하였으나, 4년 만에 여⋅원 연합군에게 평정되고 말았다. 이 삼별초의 난은 결국
실패하고 말았으나, 고려 무인의 왕성한 자주 정신을 유감 없이 발휘한 것이다. 몽고는 고려 원종 12년에 국호를 원이라 고치고, 고려 말기
공민왕 때까지 고려를 속박하게 되었다.

몽고의 침입과 삼별초의 항쟁  

고려는 몽고와의 전쟁으로 말미암아 막대한 인명과 재산을 잃었다. 그리고, 경주 황룡사의 9층탑과 대구 부인사의 대장경판 등 많은 문화재가
불타 버린 것은 애석한 일이다.

일본과의 관계

고려 시대에는 일본과의 공식적인 접촉은 별로 많지 않았지만, 상인들이 자주 내왕하면서 교역을 하였다. 그러나, 충렬왕 때에 원의 강요로 두
번이나 일본을 정벌하게 된 후부터는 왜구가 자주 침입함으로써 복잡한 문제를 자아내었다.

왜구란 일본 큐우슈우, 시코쿠의 해안 지대에 거처하던 해적들로서, 이들은 가끔 우리 나라와 중국 해안 지대를 휩쓸었다. 그런데, 공민왕과
우왕 때에는 그들의 침입이 더욱 빈번하여 그로부터 받는 피해가 극심하였다. 이에, 이성계, 최영 등이 이들을 격멸하였고, 창왕 때에는 박위가
왜구의 소굴인 쓰시마 섬을 정벌하였다. 한편, 왜구를 예방하기 위하여 우왕 때에 나흥유, 정몽주 등을 일본에 보내어 교섭하게 하였으나, 큰
성과를 거두지는 못하였다.

▦ 연구 과제 ▦

1\. 고려 시대의 우리 나라 변경의 개척을 지도로 작성하여 보자.

2\. 고려 시대 우리 민족과 이민족과의 교섭을 도표로 나타내 보자.

3\. 고려 시대 토지 제도의 변천과 사회 생활의 변화를 관련지어 가며 연구하여 보자.

4\. 원의 침입이 우리 나라 사회에 끼쳤던 영향에 대하여 토론하여 보자.

5\. 고려 문화의 특색을 그 성장과 관련지어 연구하여 보자.

6\. 이성계가 조선을 건국하게 된 과정을 역사적 배경을 통하여 살펴 보자.

 Ⅳ. 조선 시대의 생활

   1\. 조선 왕조의 성립과 그 발전
   2\. 경제 생활의 발달
   3\. 민족 문화의 발달
   4\. 사회 조직과 정치의 혼란
   5\. 대외 관계와 서양 문물의 전래
   6\. 제도의 개편과 경제 생활의 발달
   7\. 실학 운동과 문화의 새 동향
   8\. 세도 정치와 쇄국 정치의 혼란

-⋅ 학습의 요점 ⋅-

1\. 조선은 어떻게 집권적 정치 체제를 완성하고 독자적인 민족 문화를 발전시켰는가?

2\. 대륙 및 해양 세력과의 교섭을 통하여 우리 민족의 생활은 어떠한 변화를 일으켰는가?

3\. 오랜 단일 민족 국가 생활을 통하여 우리 나라의 사회 생활은 어떠한 변화를 하였는가?

4\. 서양 문화의 전래는 우리 민족의 경제, 문화 생활에 어떠한 변화를 가져왔는가?

[경북궁 근정전]

 1. 조선 왕조의 성립과 그 발전

조선의 개국

이성계는 고려 말기의 빈번한 외적의 침구를 물리쳐서 그 이름을 떨쳤다. 그리고, 명⋅청 교체라는 대륙 정세의 변동에 편승하여 정권을 손에
넣은 후, 토지 개혁의 실시를 통하여 민심을 거두더니, 마침내 신세력의 추대를 받아 선양의 형식으로 조선 왕조를 개창하였다(1392).

태조 이성계  

조선 왕조의 개창은 역성 혁명에 의한 왕조의 교체에 불과하여, 사회 구조의 본질적인 변혁은 없었다. 태조는 처음 고려의 옛 제도를 그대로
도습하여 영합주의적 정치를 폈으나, 차차로 새 국가 체제를 강화하였다. 그리하여, 국호를 조선이라 정하고, 한양으로 천도하였다.

그리고, 조선의 기본 국책은 억불 숭유, 사대 교린, 농본 민생의 삼대 정책이었다.

왕권의 확립

태종은 태조의 삼대 정책을 실천에 옮겨 왕권 확립에 힘썼다. 즉, 사병을 혁파하였고, 국도를 한성(지금 서울)으로 확정하였으며, 호패제를
실시하는 등 집권력을 강화하는 한편, 사찰 정리, 5부 학당 설립, 유교 예속 생활의 여행을 통하여 유교 사회 건설에 힘썼다.

세종은 전제상정소를 두고 토지 제도와 조세 제도를 개편하는 한편, 민족 문화 육성에 헌신하였다. 그리고, 압록강 상류와 두만강 주변 지역으로
국세를 확장하여 동북 6진과 서북 4군을 설치하여 오늘날에 볼 수 있는 국토를 완성시켰다.

4군 6진도  

그 후, 세조는 북변에서 벌어진 이징옥의 난과 이시애의 난을 진압하여 지방 세력을 꺾고 왕권을 폈으며, 민족 문화 발전에 힘쓰는 한편,
국초부터의 잡다한 법전의 집대성을 꾀하였다.

호학의 군주 성종은 유교 중심의 정책을 더욱 강화하였고, 전대부터의 법전 집대성의 작업을 계속하여 경국대전을 완성하였다. 경국대전은 중앙
집권적 봉건 관료 국가로서의 국가 구조와 국가 생활을 법제한 것으로서, 이에 비로소 조선 왕권 확립 과정이 일단락지어졌다고 할 수 있다.

경국대전  

집권적 정치 구조

조선의 정치 제도는 국왕을 중심으로 한 중앙 집권적 정치 조직이었다. 관료는 과거 제도에 의하여 선임되었고, 봉건적 수권 방식에 의한 토지
제도에 의하여 경제 생활이 보장되었다.

중앙에는 3정승의 합좌 기관인 의정부가 있어 백관과 국정을 총리하였으며, 그 밑에 6조를 두어 국무를 분장 집행하였다. 이 밖에도 중앙에는
왕명 출납 기관으로서 승정원, 특별 재판 기관인 의금부, 감찰 기관인 사헌부, 간쟁 기관인 사간원, 역사 편찬 기관인 춘추관과 문화 기관인
홍문관 등의 기관이 있었다. 서울인 한양에는 한성부의 제도를 실시하였고, 전국은 8도로 나누었는데, 도는 다시 도호부, 부, 목, 군, 현
등의 지방 행정 단위로 구분하였다. 도의 장관인 관찰사(또는 감사) 그 하부 지방 행정 단위의 장인 수령은 모두 중앙에서 임명하여
파견하였으나, 그 밖의 말단 행정 관리는 향리를 6방에 분속시켜 실무를 담당하게 하였다.

조선 초기의 행정 구역도  

군제와 봉수⋅역마제

국가 최고 군사 기관으로는 중앙에 오위 도총부가 있었으며, 그 밑에 5개 군단이 예속되었다. 지방에는 각 도에 병영과 수영을 두어 국방을
담당하게 하는 한편, 각 요지에는 진, 보 등을 두어 국방에 대비하였다.

한편, 국가적 긴급 사항의 연락을 위한 봉수제와 공문 전달, 공문 수송, 출장 관리를 위한 역마제를 두어 전국 각지에서 서울에 집중되도록
편성되었다. 오위의 병사인 갑사나 정병, 지방 영진의 진수병은 직업적인 군인도 있었으나, 전국 장정의 번상으로 충당되었으며, 그들 군인에게는
봉족이 주어졌다.

교육과 과거 제도

서울에는 최고 학부로 성균관이 있었고, 그 하부 교육 기관으로는 사학(동⋅서⋅남⋅중)이 있었다. 지방 각 고을에는 향교가 설치되어 양반
자제의 교육을 담당하였다. 이와는 별도로, 서민층은 부락마다 설치되었던 서당에서 읽기, 쓰기, 셈하기의 초등 교육을 받았다. 주로 중인
계급이 담당하던 기술직의 교육은 의학, 산학, 율학, 역학, 음양학 등의 교육 기관에서 실시되었다. 관리를 등용하는 과거에는 문관 고시인
문과와 무관 고시인 무과, 그리고 기술관 고시인 잡과의 3종이 있었는데, 문과가 가장 중시되었으며, 주로 유학의 교양을 시험하였다. 문과는
다시 자격 고시인 소과와 채용 고시인 대과로 구별되었는데, 소과는 생원 자격을 부여하는 명경과와 진사 자격을 부여하는 제술과로 되었다.
무과는 무예를, 잡과는 기술 기능을 시취하였다. 과거는 3년에 한 번 실시하는 식년시가 원칙이었으나, 그 밖에 여러 가지 부정기 고시가
있었다.

서당  
김홍도의 그림

 2. 경제 생활의 발달

토지 제도의 정비

일반적으로 집권적 관료 국가의 경제적 기반은 정비된 토지 제도인데, 조선은 고려 말의 과전법을 계승하여 전제를 정비하였다.

전국의 농지를 사전과 공전으로 구분하였는데, 공전은 수조권이 국가에 속한 것이었고, 사전은 관료, 공신이나 관아, 사원 등 일정한 기관에
속한 농지를 말하는 것으로, 사전 가운데 대표적인 것은 관료에게 급여된 과전이었다.

시일이 흐름에 따라 관료의 수가 증가하고, 또 세습되는 공신전이 확대됨에 따라 관료에게 급여할 토지의 부족을 느끼게 되었다. 따라서, 세조
때에는 종래 시산관에게 급여되던 과전을 현직자에게 한하여 급여하는 직전법으로 개편하였다.

세제와 조운

국가 재정은 주로 세 수입에 의존하였다. 세제는 세, 역, 그리고 공물이 기본이었으나, 그 밖에 염분세, 철세, 어전세, 선세, 공⋅상세
등도 있었다.

공⋅사전을 막론하고 수확량의 약 10분의 1을 조로 수조권자에게 납입하였는데, 공전의 조는 그대로 국고에, 사전의 조는 사전주가 받아, 그
가운데 일부를 국가에 세로 바쳤다. 초기에는 일률적으로 세를 부과하였으나, 세종 때에 전분 6등법, 연분 9등법을 실시하여 전세 부과의
합리화를 기하였다. 조세 운용의 철저를 기하고자 국초로부터 양전과 전안의 정리 작업이 거듭되다가 성종 때에 일단락지어졌다.

토지 문서  

역에는 국가에 노동력을 제공하는 요역과 정남이 신역의 댓가로 군포를 부담하는 국역이 있었고, 공물에는 토산물을 납입하는 상공과 특수 필요에
따라 징수하는 별공이 있었다.

이러한 세제에 의하여 납입되는 물자는 조운법에 의하여 뱃길을 통하여 서울로 수송되었다. 다만 평안도와 함경도는 여기에서 제외되었다.

조운 조창도  

농업의 발달

농본 민생 정책을 내세웠던 조선은 적전과 친잠소를 궁중에 두고 왕실 스스로가 농사와 누에치기 장려의 모범을 보였으며, 농업 진흥에 힘썼다.
태종은 국농소를 설치하여 농사 시험과 농업 개량의 책임을 맡겼고, 한편 농업 서적을 반포하였다. 세종은 정초로 하여금 농사직설을 반포하게
하고, 박서생의 의견을 좇아 수차를 수리에 이용하게 하였으며, 또 달력과 측우기를 만들어 농민의 편의를 도모하였다. 국초부터 수리 사업도
전개하였는데, 특히 세조는 제언제조를 두고 수리 시설을 관장하도록 하였다. 그리고, 종래 농업이 부진하던 평안도에 대한 적극적인 시책으로
수전이 개척되었으며, 또 면업이 크게 퍼졌다.

수산업과 염업

수산업은 유치한 단계였으며, 어망(그물), 바자, 통발, 토전, 보쌈, 휘라 등을 이용한 어업 활동이 있었으나, 어획고는 대단하지 않았다.
김을 양식하는 밭 등이 있어, 원시적이기는 하였으나 양식 활동도 볼 수 있었다. 염업은 국초에 사유화되었던 염장을 거두어 관영으로 하고
전매제를 실시하였으나, 관영의 염소나 염분에서 생산되는 관염만으로는 수요를 충족시킬 수 없게 되자, 사염의 제조가 허가되었다.

관청의 허가를 받아 경영하는 사염의 경영주는 염세를 납부하여야 했다. 처음에는 사염의 규모가 크지 못하였으나, 중종 이후로 권세가들이 관염의
염분을 사유하는 사태가 생겨나 국가 재정을 좀먹었다.

광업 활동

광산물은 철, 구리, 납, 금, 은 등이었는데, 그 중에서 금, 은은 산출량이 적었음에도 불구하고 국초에는 명의 세공 요구로 중요시되었으나,
그 뒤로는 다시 명의 요구가 있을까 두려워하여 국내의 금, 은 채굴을 금하고, 사신의 행차가 있을 때마다 명에서 금, 은을 구입하여
사용하고, 그 대신 주화의 주요 자재인 구리의 채굴을 장려하였다. 그러나, 그 제련법이 발달되지 못하여 정조 때까지도 일본에서 구리를
수입하여 사용하는 형편이었다. 광업에 대한 위정자들의 이해가 부족하고, 특히 기술 부족으로 자원을 충분히 개발 이용하지 못한 데다가, 중국의
세폐 요구와 또 농민의 폐해를 우려하여 국가에서 채굴을 금하였기 때문에, 광업은 큰 발달을 보지 못하였다.

수공업 활동

농업 중심의 소박한 경제 활동을 하던 때라 수공업 활동을 위한 자본의 축적이 없었고, 또 수공업자를 천시한 직업관의 관계도 있어 수공업
활동은 시원하지 못하였다. 직업적인 수공업자인 공장의 수는 적었고 오히려 가내 부업적인 수공업이 보다 활발하였다. 공장 수공업 활동은 엄격한
국가적 통제를 받았다. 금속 수공업품은 농구와 유기, 솥 등 생활 필수품이 주였다. 한편, 의류는 비단, 모시 등이었는데, 그 직조술이
상당히 발달하여 중국에까지 공물로 수출되었다. 면포도 세종 이후부터 조세의 하나로 징수할 정도로 많이 생산되었다.

대장간  
김득신의 그림

그리고, 또 자기소, 도기소가 전국에 설치되어 요업의 발달을 보게 되었다. 자기 명산지는 광주(경기도), 고령, 성주, 의흥 등지였는데,
특히 광주 분원의 것이 유명하다.

이 밖에, 조선 시대의 중요한 수공업으로는 종이류, 연석(돗자리), 죽공품, 가죽과 관모 등을 들 수 있다. 그 중에서 종이류는 중앙에
조지서를 두는 한편, 지방에도 지장을 두어 20여 종의 각종 종이를 생산하였다.

상업 활동

미약한 생산력과 소비 수준, 불편한 교통 사정, 상공업 천시와 적절한 상공업 시책의 결여로 상업 활동도 역시 활발하지 못하였다. 상업은
서울의 시전, 시골의 장시를 중심으로 전개되었다. 서울의 시전은 태종 때에 종로 좌우로 800여 간의 장 행랑을 건축하여 상인들로 하여금
상업에 종사하게 하였는데, 이 곳에 수용된 육이전을 비롯한 시전은 좌가세, 공랑세를 납부하여야 했고, 그 밖의 각종 국역을 담당하였다. 이
밖에도 서울에는 미곡, 장물 및 우마를 교역하는 허시가 있었다. 지방의 장시는 성종 때부터 생겨난 것으로, 차차 정기시로 발전하였다. 이러한
장시에서는 주로 봇짐⋅등짐 장수인 보부상이 활동하였다. 그들은 지방 장시를 순회할 뿐만 아니라, 일반 민가를 순력하며 교역을 도왔다.
보부상은 매우 강한 조직을 이루고 있었는데, 전시와 같은 비상시에는 물자 수송, 긴급 연락 등을 맡은 때도 있었다.

교역의 편의를 도모하기 위하여 태종 때에 사섬서를 두고 저화를 발행하였고, 세종 때에는 조선통보를 주조 발행하였으나, 화폐의 잇점을 이해하지
못하여 여전히 쌀과 면포가 유통의 매개물로 사용되었다. 화폐가 일반화된 것은 경제 활동이 보다 활발하여진 조선 중기 이후의 일이었다.

 3. 민족 문화의 발달

한글의 창제

오랜 역사와 높은 문화를 지녀 온 우리 민족이었지만, 불행히도 우리말을 적을 수 있는 글이 없어서 중국의 문자인 한자를 써 왔다. 세종은
이를 안타깝게 여겨, 즉위하자 곧 궁중에 정음청을 두고 신숙주, 정인지, 성삼문, 강희안, 최항 등과 같이 훈민정음 28자를 제정하고
1446년에 이를 반포하였다. 배우기 쉽고 어떤 발음이라도 적을 수 있는 이 훈민정음의 발명이야말로 세계 문화 사상 빛나는 업적의 하나였다.

훈민정음 원본  

국문학의 발달

한글의 반포는 국문학에 큰 자극을 주었다. 시조는 고려의 그것보다 더 개성적인 성격을 띠게 되었다. 특히, 길재, 원천석, 정도전, 맹사성,
김종서, 성삼문이나 주세붕, 이황, 이이 등의 작품이 우수하였다.

국민 생활이 자리잡힘에 따라 자연미에 관심을 가지게 되어 가사 문학의 발달을 보게 되었다. 가사는 정극인에서 시작되어 정철에 이르러
대성되었으며, 정극인의 상춘곡, 송순의 면앙정가, 정철의 사미인곡 등이 가장 이름난 작품들이다.

활발한 편찬 사업

역대 국왕이 학문에 힘썼으며, 또 도서 편찬 사업에도 특별한 관심을 보여 많은 고전을 남겼으며, 특히 세종 때의 집현전, 성종 때의 홍문관을
중심으로 하여 많은 도서가 간행되었다.

고래의 전통에 따라 역대 국왕의 왕조 실록이 편찬되어 사고에 보장되었으며, 고려사, 고려사절요, 삼국사절요나 동국통감 등의 역사서가
편찬되었다. 또, 정치적 필요에 의한 지지의 편찬을 보아 팔도지리지, 동국여지승람이 엮어졌다.

한글의 반포에 따라 용비어천가, 월인천강지곡, 석보상절이나 동국정운의 간행이 있었고, 각종의 언경이 반포되었다. 유교 도덕을 장려하기
위해서는 삼강행실도, 국조오례의 등이 편찬, 반포되었다.

한편, 기술 방면에는 농사직설, 악학궤범, 향약집성방, 의방유취 등의 도서가 편찬되어, 기술 문화 발달에 큰 구실을 하였다.

기술 문화의 발달

편찬 사업의 성황은 인쇄술의 발달을 가져왔다. 태종 때에 주자소를 두고 창의적인 구리 활자인 계미자를 주자하였으며, 그 후 거듭 활자의
개량을 보았다. 농업 국가이니만큼 천문, 역법, 기상에 관한 노력은 대단하였다. 천문은 서운관(후에 관상감으로 개칭)이 관장하였다.

세종은 정초, 장영실 들로 하여금 간의, 혼의, 자격루, 일귀 등 각종 천문 관측 기기를 만들게 하고, 우리 나라를 기준한 역법으로
칠정산내외편을 만들었다.

일귀  

또, 세종 24년(1442)에는 측우기를 이용하여 우량을 측정하게 하는 등의 큰 업적을 세웠다. 한편, 세조 때에도 규형, 인지의 등의
기기가 만들어졌다. 태종 때에는 군기시, 화약감을 설치하여 군기를 제조하였고, 일본에서 황을 들여와 각종 화포를 시험하였다.

측우대  

의술은 삼의사가 담당하였으며, 중인 계급이 세습적으로 의료업에 종사하였으나, 의녀의 제도도 있었다. 의술의 발달에 따라 의학에 대한 서적이
편찬되었으며, 특히 허준이 엮은 동의보감은 멀리 중국, 일본에까지 그 영향을 끼쳤다.

건축과 조각

불교가 억압됨에 따라 과거의 불교 예술은 쇠퇴 일로에 있었다. 조선 시대 예술은 유교가 예술을 천시한 까닭에 고려 시대의 일품에는 따르지
못하였으나, 소박 건실하고 은은한 맛이 있어 또한 그 나름의 아름다운 면을 보여 주고 있다.

국초에 경복궁 등 많은 궁궐을 지었으나, 임진왜란 때 거의 다 타 버리고 지금은 숭례문(남대문) 등이 겨우 남아 있어 당시의 건축 기술을
보여 주고 있으며, 예안 도산 서원, 월성 옥산 서원, 영주 소수 서원에서도 당시의 건축 수법을 볼 수 있다.

숭례문  

조각의 걸작품으로는 원각사지(파고다 공원 소재) 10층 석탑을 들 수 있다. 이 밖에, 낙산사 7층탑, 신륵사 7층 전탑이 유명하다.

미술 활동

그림은 국초부터 도화서를 두어 임금과 고관의 화상을 그리게 하였다. 또, 학자들 사이에는 사군자의 묵화가 성행하였다.

화가로는 안견, 최경, 강희안, 이상화 등이 유명한데, 특히 안견은 몽유도원도와 같은 걸작품을 남겨 놓았다. 글씨에는 안평 대군, 김구,
양사언, 한호 등이 유명하며, 이들을 초기 4대 서가라 일컫는다.

몽유도원도  
안견의 그림

안평 대군의 글씨  

공예 중에서 가장 자랑할 만한 것은 자기이다. 고려자기가 섬세하고 귀족적인 멋을 풍겨 주는 데 대하여, 조선의 백자는 소박하고 서민적인
친근감을 주는 것이 특색이다. 처음, 자기는 고려자기의 계통을 이은 회황색의 분청이란 것이 많았으나, 뒤에 차차 백자가 성하였다. 특히,
광주 분원의 자기가 뛰어났다.

음악과 연회

국초부터 전악서, 아악서를 두어 예악에 힘써 왔다. 세종은 관습도감을 두고 구악의 혁신과 신악 수립에 노력하였다.

즉, 박연으로 하여금 아악을 대성하게 하였고, 맹사성에게 향악을 정리시켰다. 한편, 아악보 12권을 완성하고 그 소리음을 한글로 표시함으로써
음악의 자주화를 꾀하였다. 세조 때에 궁상하보라는 독특한 악보 표기법을 실시하였으며, 그리고 동양 음악 연구의 가장 귀중한 자료라는
악학궤범을 간행하였다.

궁중 예악의 필요에서 궁중 무용이 발달하였으며, 민간에서는 농악무, 무당무, 승무 등의 민속 무용을 즐겼다. 한편, 서민층의 오락으로
산대도감놀이라는 가면극과 꼭둑각시놀음이라는 인형극이 있었다.

산대도감놀이의 가면

 4. 사회 조직과 정치의 혼란

유교적 사회의 구성

태조가 억불 숭유 정책을 내세운 후, 역대 국왕의 꾸준한 불교 억압과 유학 장려에 따라 유⋅불교의 교체가 진행되었다.

조선의 사회는 유교적 성격이 강한 양반 중심의 신분 계급 사회였는데, 사회의 상층을 이루는 것은 양반 계급이었다. 그들은 치자 계급이었고,
지식 계급, 특권 계급이었다. 중인 계급은 양반 다음 가는 계급으로, 그 전통이나 지식은 양반에 못지 않았으나, 직업이 기술 관직이라 하급
관료에 한정되어 있었으므로, 대체적으로 그 직업을 세습하였다.

국민 대다수는 상민 계급으로서, 농업이나 그 밖의 직업에 종사하였다. 생산을 담당하던 상민들은 조세, 부역, 군역, 공납 등 각종 의무를
지녔었다.

사회의 최하 계급은 천민 계급이었다. 그들은 인격이 전혀 무시되었으며, 공사의 노비가 대부분이었다. 이 밖에, 광대, 무당, 사당, 창기,
백정 등이 있었는데, 특히 백정은 도살, 제혁, 유기장 등의 직업에 종사하였으며, 따로 부락을 이루고 살았었다.

양반 사회의 분열

엄격한 신분제, 문무의 차별, 편협한 지방색, 적서의 구별, 직업의 세습 등 양반 사회가 내포하는 모순은 성종 이후 허다히 벌어진 사회
혼란의 배경이었다. 집권적 관료 체제의 국가였으니만큼 모든 양반은 특권을 누리고 경제적으로 부유해질 수 있는 고급 관료가 되고자 노력하였다.
한정된 관직을 얻으려는 싸움은 주자학의 대의 명분론으로 꾸며지게 되어 사화, 당쟁으로 악화되었다. 양반 사회의 분열은 먼저 유학계에서부터
벌어졌다. 국초 길재의 뒤를 이어 야에 묻히어 학문에 힘쓰는 학자들을 사학파라 하였으며, 반대로 조선 왕조 개창에 적극 협력하여 정권에
참여한 집권 세력을 관학파라 하였는데, 양 파의 대립은 향토성, 사상, 정치 이념이 얽혀 점차로 심각성을 띠게 되었다. 학계의 대립은 세조의
즉위를 계기로 관학파는 다시 훈구파, 절의파, 청담파로 갈리었으며, 훈구파만이 계속 관계에 남아 정권을 잡았었다. 그러나, 성종 때에 그의
숭문 정치에 의하여 많은 사학파(사림파)의 학자가 정계로 진출하자, 이들은 조정에서 신진 세력을 형성하고, 기성 세력인 훈구파를
배격하였으며, 농장의 확대에 따르는 토지 분배의 불공평을 비판하여 그 개혁을 주장하자, 양 파 사이의 대립은 날카롭게 되었다.

이리하여, 귀족들 상호간에 정권 쟁탈전이 벌어져, 연산군에서 명종에 이르기까지 약 50년 동안에 네 번이나 사화의 참극을 빚어 냈다.

사화와 유림의 동향

조선 사회가 내포한 사회 모순에서 발생한 신구 사류의 대립은 성종 이후 정권 쟁탈전을 유발하여 마침내 사화가 거듭 일어나게 되었다. 연산군
4년 김종직의 조의제문을 사초에 실은 문제로 무오사화가 일어났으며, 10년에는 폐비 윤씨 문제로 갑자사화가 벌어져 사류들은 큰 타격을
입었다. 연산군의 실정은 마침내 중종 반정을 가져왔다.

그러나, 중종의 신임을 받고 도학 정치를 폈던 조광조의 개혁 운동에 반발하는 세력의 공세로 중종 14년에 기묘사화가 벌어졌으며, 그 후 명종
원년에는 외척 간의 세력 투쟁으로 을사사화가 있었다.

여러 차례의 사화에 타격을 받은 사류들은 벼슬을 등지고 시골로 내려가 선유의 옛터에 서원을 지어 학문을 연구하고 후진을 양성하였다. 사원은
주세붕이 안향의 고향에 백운동 서원을 세운 것이 시초로서, 그 후 많은 선비들이 이를 본받아 각처에 서원을 세우니, 선조 때에는 백 수십
개를 헤아리게 되었고, 사액을 받은 것만 하더라도 20여 개나 되었다.

도산 서원  

서원은 처음 선현을 봉사하고 지방 유생을 위한 강학의 장소로 후진 양성에만 힘썼으므로, 유명한 유학자가 많이 나오게 되었다. 그러나, 유학은
정치와 동떨어진 사색적, 이론적인 것이 되었다. 그리고, 이 시절의 유학자들은 주자학을 더욱 파고들어 우주의 본체와 인간의 본성을 캐내는 데
힘썼다. 주자가 만물을 낳는 원동력을 ‘이’, 만물을 낳는 재료를 ‘기’라 하여 이기 이원론을 주장한 데 대하여, 서경덕은 ‘이’와 ‘기’는
원래 하나로서 도리어 만물을 창조하는 원동력이 된다 하여 이기 일원론을 주장하였고, 이언적은 이 일원론을 주장하였다. 이어서 이황은 주자의
학설을 계승하여 이기 이원론을 주장하고, 이이는 서경덕의 학설에 자기의 독특한 학설을 보태어 일원적 이기 이원론을 주장하였다. 조선의
주자학은 이황, 이이에 이르러 완성되었다 할 수 있다. 이 후, 이황은 영남 학파의 스승이 되고, 이이는 기호 학파의 스승이 되었다.

당쟁으로 인한 정계의 혼란

선조 때에 지방 유생들이 다시 중앙 정계로 진출하여 확고한 지위를 누리게 되면서부터 사화는 그 양상을 달리하게 되었다. 선조 이후의 당쟁은
정계와 학계를 주름잡게 된 사림 내부의 정권 투쟁이었다. 그들은 지방에 농장이라는 경제적 지반과 서원이라는 배후 세력을 가졌으며, 족보와
그리고 통혼을 통하여 얽혀진 강력한 족당이었다. 정권 탈취와 그 영속을 위한 당쟁은 뿌리가 깊어 오랫동안 계속되었다.

당쟁은 선조 8년 심의겸과 김효원을 중심으로 한 보수와 신진의 대립인 동서 분당에서 비롯되었다. 정권을 잡은 동인이 다시 남⋅북으로
분립되었으며, 이후 정권을 둘러싸고 일어난 당쟁은 피를 뿜는 항쟁과 분열로 확대되어 국가와 사회를 좀먹었다.

왜란⋅호란의 국난 후에도 당쟁은 더욱 악화되었다. 주자학의 대의 명분론과 유교적 예속 생활이 결부되어 예론이 당쟁에 악용됨으로써 현⋅숙종
때에는 당쟁이 거듭 일어나 국정은 갈피를 잡을 수 없었다. 노론, 소론, 남인, 북인의 이른바 사색 당쟁은 국난의 위협을 주게 되기까지에
이르렀다. 이에, 영⋅정조 양 대에 걸쳐 탕평책이 나오게 됨으로써 당쟁은 고개를 숙인 듯했으나, 완전히 가신 것은 아니었다.

 5. 대외 관계와 서양 문물의 전래

명과의 관계

태조가 즉위한 후부터 명에게는 사대의 예를 취하였다. 그리하여, 조선과 명은 친선 관계를 유지하면서 서로 정기적으로 사절을 파견하였고, 이를
통하여 조공, 회사 형식의 공무역이 행하여지게 되었다. 이 밖에, 사절이 서로 내왕하는 기회에 뻬이징의 회동관이나 한양의 태평관 등 사신의
객관에서 사무역 활동이 행하여졌다. 또, 사대 사행은 대륙 문명 섭취의 유일한 수입로이기도 하였다. 이 통로를 통하여 중국 문화가
전해졌으며, 중기 이후에는 서양 문물이 흘러들어왔다.

명에 대한 조공을 위하여 국내의 금, 은, 인삼, 모시, 말, 종이, 자개 그릇 등을 거두어들이고, 한편으로는 명의 우수한 비단, 약재,
자기, 책, 예복 등의 물품이 국내에 들어오게 됨으로써 국내의 산업은 더욱 위축되는 결점도 있었으나, 귀족들의 생활 향상과 문화의 발전에
공헌한 바도 컸다.

국초의 대외 관계

고려 말부터 우리 나라를 노략질하던 왜구가 조선 초기에도 계속 해안 지대를 침범하자, 세종 대왕은 이종무로 하여금 그 소굴인 쓰시마 섬을
정벌하게 하였다. 이 때문에 양국의 외교는 끊어지고 말았다. 이에, 물자 부족으로 고통을 받게 된 쓰시마 섬의 도주가 여러 번 사신을 보내어
통상을 간청하여 왔으므로, 세종 대왕은 제포(지금 웅천), 부산포(지금 부산), 염포(지금 울산) 등의 삼포에 왜관을 열어 여기에 한하여
무역을 허락하였다.

삼포  

한편, 세종 대왕은 쓰시마 섬의 도주와 계해약조를 맺어 그들의 무역 활동을 규제하였으며, 일본의 실권자인 아시카가 바쿠후와 그 밖의 지방
토호와의 통교를 텄다. 이에, 왜인의 내조와 진상하는 공물이 많아져, 서울에는 동평관이라는 왜사의 객관이 마련되었다.

삼포가 개항된 후 이들 삼포에는 항거왜라는 거류민들이 생겨났는데, 이들 항거왜와 삼포민들 사이에 종종 충돌이 벌어지더니, 중종 5년에는
그들이 삼포에서 난을 일으켜 소동을 피웠다. 이것이 삼포 왜란으로 한때 국교가 두절되었으나, 임신약조에 의하여 다시 국교가 열렸다. 그러나,
그 후에도 왜구의 침범은 그치지 않아 사량진을 습격하였고, 명종 때에는 달량포, 영암, 제주도를 습격한 을묘왜변이 벌어져 양국의 국교는
다시금 단절되었다.

임진왜란의 국난

1585년경에 일본에서는 토요토미 히데요시가 나타나 100여 년 간의 전국 시대의 혼란을 수습하여 일본을 통일한 후, 대륙 침략의 야망을
품게 되었다. 그가 대륙 침략을 꿈꾸게 된 것은 그의 과대 망상증에 의한 것이었으나, 동시에 국내에 남아 있던 전국 시대의 잔존 세력의
반항심의 방향을 해외로 돌림으로써 정권의 안전을 도모하고자 한 정략적 의도와 아울러 침략적 야심을 펴기 위한 것이었다. 일본은 내란기를
통하여 닦은 전술과 무예로써, 또 새로 도입된 조총이란 신무기를 동원하여, 아무런 준비도 없는 우리 나라를 불의에 침입하였다.

왜군이 부산에 상륙했을 때 정발과 송상현이 고군 분투하였으나, 대군의 침략을 꺾지 못하고 순국하였으며, 충주 탄금대에서의 신입의 분전도
헛되이 왕도는 왜군에게 짓밟히고, 그 선봉은 북으로 평양, 두만강 유역까지 침략해 들어왔다(1592).

민족의 항전

왜군의 승세를 꺾고 전세를 돌이킨 데는 명의 원병의 힘도 컸으나, 주로 우리 수군과 의병의 활동에 힘입은 바 컸다. 육지에서 패전을 거듭하고
있는 동안에 해군은 연전 연승 개가를 올렸으니, 이는 전라 좌수사 이순신의 활약에 의한 것이었다. 장군은 거북선을 위시한 함선을 거느리고
옥포, 한산도, 부산포 등 각지에서 적의 해군을 분쇄하여 제해권을 완전히 장악하였던 것이다. 이로 인하여 전라도가 무사하여 전쟁 중 식량의
보급이 가능하였던 반면, 적군은 서해로 북상하여 육군과 손을 잡지 못하게 됨으로써 그들의 작전은 좌절되었다.

남해의 해전 경로  

한편, 조국의 운명이 위태롭게 되매, 국민 중에는 민족적 의분에 불타 의병을 일으켜, 왜군과 싸우는 사람이 많이 나왔다. 그 중에서도
경상도의 곽재우, 전라도의 고경명과 김천일, 충청도의 조헌, 함경도의 정문부 등의 활약이 컸다.

그리고, 수도에 힘쓰던 승려들도 승병 운동을 일으켜 휴정(서산대사)은 묘향산에서, 그의 제자 유정(사명대사)은 금강산에서 각각 승병을 이끌고
명군과 함께 서울을 수복하는 데 커다란 공헌을 하였다. 그 밖에, 승장인 처영도 권율을 도와 많은 활약을 하였다.

의병 활약도  

한편, 급습을 당하여 물러났던 관병도 이여송이 이끄는 명의 원병과 손잡고 전선을 정비하여, 박진은 경주성을 수복하고, 김시민은 반도 서부로
진출하려던 왜군을 진주에서 맞아 끝내 이를 고수하였으며, 권율은 후퇴하는 적을 행주에서 맞아 큰 승리를 거두었다.

명군의 출병으로 평양성을 내놓고 후퇴하던 왜군은, 민족의 항쟁 앞에 날로 불리해지는 전세에 당황한 나머지, 심유경의 화평 공작에 응하여
일시적인 강화가 성립되었다.

정유재란의 고난

4년을 두고 전개되던 종전 교섭은 일본측의 부당한 요구로 결렬되었으며, 그 간 반도 남부에 주둔하던 왜군은 재침 공세를 취하게
되었다(1597). 그러나, 이 때에는 우리측 군비도 퍽 정비되었을 뿐 아니라 명의 군대도 요소에 있어, 왜군의 북침은 전날과 같지
못하였다. 다만 수군은 이순신이 참소로 물러난 때를 틈타 서해안에 나가려고 공세를 취하였으나, 국가 위기를 타개하고자 다시 나타난 이순신
장군의 활동으로 명량에서 결정적인 패전을 당하였다. 전의를 상실한 왜군은 토요토미 히데요시의 유명을 빙자하고 우리 나라에서 빠져 나가게
되었다. 국가와 민족에 대한 충성심에 불타던 이순신 장군은 한 사람의 왜군도 그냥 보낼 수 없다 하여 나아가 싸우다, 불행히도 노량 해전에서
유탄을 맞아 장렬한 전사를 하였다. 이에, 적군은 겨우 빠져 나갈 길이 열리니, 전후 7년간에 걸친 난은 끝났다.

이순신 장군의 거북선  

왜란의 의의

이 변란은 우리 나라는 물론, 극동 전역에 큰 영향을 끼쳤다. 우리 나라는 전쟁터가 되었던 만큼 인명과 물자의 손실은 이루 말할 수 없었다.
전비로 말미암아 국고는 고갈되었으며, 토지는 극도로 황폐하고 농민의 생활은 초근 목피로 연명하는 비참한 지경에 빠져 도둑이 횡행하였다.
건축물, 서적, 미술품 등의 문화재가 불타는 등 많은 피해를 입었다. 그 반면에 조총이 들어왔으며, 이로 인해서 이장손이 비격진천뢰를,
변이중이 화차를 발명하였으며, 훈련도감이 생겨 국방에 힘쓰게 되었다. 그러나, 이 난으로 명을 존경하는 마음이 더욱 고조되었다.

비격진천뢰  

일본은 이 난으로 토요토미가가 망하고 새로 토쿠카와가 일어나서 바쿠후를 세워 정권이 교체되었다. 그러나, 이 때 우리 나라로부터 도자기,
활자, 주자학 등이 전하여져 후대의 일본 문화에 끼친 영향이 컸다.

명도 이 난으로 말미암아 막대한 병력과 물자를 소모하여, 국력이 줄어들어 만주에서 일어난 청에게 드디어 망하였다.

여진과의 관계

국초 여진의 침입이 잦아 태종은 일시 경성 이북의 땅을 여진에게 내주었으나, 세종 대왕은 김종서를 두만강 방면에 보내 여진을 쳐 6진을
설치하고, 또 최윤덕, 이천 등으로 하여 압록강 방면의 여진을 쳐 4군을 설치함으로써 국경선을 확립하였다 함은 이미 배운 바 있다.

조선은 여진에 대하여 이렇게 무력을 쓰는 한편, 회유 정책도 아울러 써서 경성과 경원에 무역소를 두어 그들의 소원인 교역을 허락하였다.
무역해 가는 물건은 쌀, 콩, 모시, 베, 금, 은, 농구, 식기 등의 생활 필수품이었고, 들여 오는 물건은 의복, 마필 등이었다. 그런데,
그들의 사신이 서울에 와서 머무르는 곳을 북평관이라 하였다.

여진은 임진왜란 때에 명이 만주의 주둔군을 조선으로 보낸 틈을 타서 일어나기 시작하여, 누루하치가 여러 부족을 통일하여 1616년 후금을
세웠다.

인조 반정과 호란

선조의 뒤를 이은 광해군은 왜란의 상처를 정비하고자 노력하는 한편, 후금에 대비하기 위하여 도성 주변의 산성을 수축하였다. 그 후, 명의
요청으로 부득이 만주에 출병하게 되었을 때에 적극 간여를 피하는 등 신중한 외교 정책을 폈다. 그러나, 그는 어머니를 폐하고, 아우를 살해한
허물을 잡혀 인조 반정으로 폐출되었다.

인조와 서인이 집권한 후 후금에 대한 강경 정책을 쓰게 되자, 이에 자극된 후금은 1627년 정묘호란을 일으켜 우리 나라를 공격하였고, 그
후 후금은 세력이 더욱 커져 1636년(인조 14)에 국호를 청이라 고치고 다시 침입하여 왔다. 이것이 병자호란이다.

이 난은, 왜란의 상처가 채 아물지도 않은 데다가, 지도층이 당쟁에 골몰하여 국방을 소홀히 한 탓으로, 장만, 정충신의 활약이나 의병 운동을
일으켰던 정봉수, 이입 등의 활약에도 불구하고 남한 산성에서 50여 일 간 버티던 조정은 청병의 공세에 꺾이지 않을 수 없었다. 삼전도의
비극 이후에도 임경업이 설원하고자 노력한 바 있었고, 인조의 뒤를 이은 효종은 적극적으로 북벌을 계획한 바 있었으나, 뜻을 이루지 못하였다.
호란은 비록 왜란에 비하여 기간도 짧았고 전화가 미친 지방이 북서에 한하였으나, 약탈과 살육으로 입은 피해는 더 컸다. 한편, 청의 세조는
쇠약한 명을 공략하여 도성을 뻬이징으로 옮기고 전 중국을 지배하게 되었다.

남한 산성 서장대  

대청 관계와 백두산 정계비

1662년 청이 중국을 지배하게 되자, 우리 나라는 청에 대하여 사대의 예를 취하였으며, 의주, 중강, 회령, 경원 등에 국경 호시를 열어
교역하게 되었다. 정식 교역 장소를 통한 무역 이외에도 사대 사행을 통한 조공 무역이 있었고, 또 사행 왕래를 틈타 중강, 책문 등에서
사무역 활동이 성행하였다. 이러한 사무역 활동에서는 의주의 만상과 평양, 개성의 상인들이 활약하였고, 우리 나라의 은, 인삼, 종이, 모시,
가죽과 저들의 비단, 당목, 약재, 서적 등이 교역되었다.

한편, 16세기 이후 꾸준히 시베리아 진출에 힘쓰던 러시아 세력이 1650년 대에 만주 북부 헤이룽 강에 미쳐 군사 기지를 건설하게 되자,
청국은 이를 토벌하고자 우리 측의 원병을 요구해 왔다. 효종은 두 차례에 걸쳐 원병을 북만주로 파송하여 러시아와 교전하게 하였다. 이를 나선
정벌이라 한다.

러시아의 만주 출역은 이 지역을 여진인의 성역으로 간주해 오던 청국을 자극하게 되어, 청은 만주 주변의 국경선을 확정하여 철저히 경비하게
되었다. 숙종 때에 백두산에 세워진 백두산 정계비는 이 무렵에 세워진 것으로, 고종 때에 들어서 그 비문으로 인한 간도 귀속 문제가 대두된
바 있다.

서양 문물의 전래

서양에 관한 최초의 지식은 고려 말엽 이제현에 의하여 전해진 바 있었다. 그러나, 세계의 지리 지식을 비교적 자세히 얻게 된 것은 뻬이징을
왕래하던 사대 사행을 통하여 들어온 세계 지도에 의해서였다. 16세기 이후 서양 세력의 동방 진출의 역사 조류는 뻬이징에 밀어닥쳐 예수회
신부들에 의한 새로운 청⋅서양 문명이 자라고 있었다. 이 새로운 청⋅서양 문명이 우리 사행원들에 의하여 수입 소개되었다.

선조 때에 명나라 사신으로 갔던 이광정이 유럽 지도를 얻어 오고, 선조와 광해군 때에 맛테오 릿치(Matteo Ricci)가 지은 천주실의가
흘러들어왔다. 그 후, 인조 때 정두원이 명에 갔다가 선교사로부터 화포, 천리경, 자명종 등의 기계와 천문서, 만국 지도, 서양 풍속기,
천주교서 등을 얻어 왔다. 또, 청에 인질로 갔던 소현 세자가 뻬이징에서 서양인 선교사 아담 샬(Adam Shall)과 사귀어 과학과 카톨릭
교에 관한 책을 얻어 오고, 효종 때에 김육이 사람을 보내어 역법과 산수에 관한 책을 얻어 온 뒤에는, 서양에 대한 지식이 식자들 사이에
차차 퍼졌다.

한편, 인조 때에 제주도에 표착하였다가 귀화한 네덜란드인 벨테브레(Weltevree)는 병자호란 때에 대포를 만들어 쓰는 법을 가르쳐 주어
큰 공을 세웠으며, 효종 때에 제주도에 표착하였다가 탈출하여 본국 네덜란드로 돌아간 하멜(Hamel)은 표류기를 지어, 우리 나라의 사정을
처음으로 서양에 소개하였다.

하멜 표류기 표지  

서양 문물의 전래는 우리 민족에게 세계 의식의 확대와 자아의 각성을 이끌어 영⋅정 시대의 실학을 일으키게 한 배경이 되었다.

천주교의 전래

천주교는 16세기부터 중국, 일본에 전교되었으나, 우리 나라에는 들어오지 못하였다. 한국 천주교회는 다른 나라의 그것과 달리, 선교사들의
전교에 의하여 성립된 것이 아니라, 우리 민족의 손에 의하여 도입되고 연구됨으로써 이루어진 교회였다. 사대 사행을 통하여 서양 문물이
전래되는 가운데 천주실의 등 한역 교리서가 우리 나라에 소개되었으며, 그것이 호기심에 끌려 서양 학문을 연구하던 학자들에 의하여 연구되었다.
그 가운데, 마침내 학문적 탐구욕은 신앙심으로 승화되어, 그 교리를 생활에 실천하게 되었다. 교리 연구의 중심 인물은 이벽 등 남인계의 소장
인물들이었으나, 최초로 입교한 이는 1783년 뻬이징에 들어갔던 이승훈이었다. 그는 귀국 후 동지를 모아 자율적으로 교회 조직을 이루어 포교
활동을 폈다.

초기 천주교도들의 집회 광경  

유교적 입장에서 보면 사랑과 평등의 가르침은 유교적 질서를 위협하는 도전자였다. 따라서, 유교적 집권자들은 척사 위정을 내세워 맹렬한 천주교
박해 정책을 쓰게 되었다. 1784년 이후 100여 년 동안 한국 교회는 거듭 박해를 받아 왔으며, 만여 명의 순교자를 냈다.

 6. 제도의 개편과 경제 생활의 발달

군제의 개편

두 번이나 큰 난을 치르는 동안에 국방 제도는 무너졌으며, 국가의 재정은 고갈되고, 국민 생활은 도탄에 빠쳤다. 이미 임진왜란을 겪은 때부터
국방 강화를 위한 긴급 대책으로 새로운 군제가 편성되어, 숙종 때까지는 5군영의 설치를 보았다.

국초의 5위가 왜란 중에 와해되자, 난중에 훈련도감을 설치하여 5부의 장정을 뽑아 포수, 사수, 살수의 이른바 3수병을 훈련 배속시켰으며,
그 비용으로 새로이 삼수미를 전답에 부과하여 충당하였다.

그 후, 인조 때에 총융청, 수어청, 효종 때에 어영청, 그리고 숙종 때에 금위영이 새로 편성되었다. 5군영의 편성은 그때 그때의 필요에
의하여 이루어진 것이어서 통일성이 결여되어, 시일이 흐름에 따라 유명무실해졌다. 한편, 왜란 때 비변사가 최고 국가 기관으로 부활된 후에는,
군사뿐만 아니라 일반 행정 전반을 관장하게 되었으며, 이러한 비정상적 정치 체제는 고종 초까지 계속되었다.

세제의 개혁

장기간에 걸친 전란과 당쟁에 얽힌 정치의 문란으로, 국가 토지 대장에 오른 전국의 전결 수는 왜란 전의 3분의 1에 불과하여 국가 수입은
격감하였다. 그리고, 군비의 확장과 복구 사업으로 국가 재정은 파탄 지경에 이르렀다. 이에, 국가 수입의 증가를 기하고 민생을 안정시키기
위한 세제의 개혁을 보게 되었다. 양전 사업을 추진하여 전결 수를 파악하는 한편, 전세 수납의 간편을 위하여, 인조 때에 와서는 영전법을
실시하였다.

농민들이 지방 토산물로 바친 공물도 폐단이 많았다. 즉, 공납하는 물품의 종목이나 납입하는 시기가 지방에 따라 미리 정해져 있었던 까닭에,
징수, 보관, 수송 등에 불편한 점이 많고, 중간에 낀 관리들의 협잡과 부정이 많았다. 이에, 그 폐단을 덜기 위하여, 공물도 전세와 같이
경작하는 토지의 결 수에 따라 매결에 얼마씩의 미곡을 바치게 하자는 주장이 나오게 되었다. 이를 대동법이라 한다.

일찌기, 이이와 유성룡이 이를 주장하였으나 그 실현을 보지 못하더니, 선조 41년(1608)에 이원익의 건의에 따라 선혜청을 두고, 경기도에
한하여 실시하였다.

그 후, 효종 때에 김육의 주장으로 충청, 전라 양 도에도 실시하였고, 숙종 때 비로소 전국적으로 실시하게 되었다. 이 때의 대동미는 토지
1결에 쌀 12말을 징수하는 것을 원칙으로 하였으나, 지방에 따라 차이가 있고, 또 쌀 대신에 포목이나 돈으로 대납하기도 하였다.

균역법의 실시

번상하여 현역에 종사하는 정남에게는 국가에서 녹봉을 지급하거나 보를 급여하여 생활을 보장하던 것인데, 이 제도는 차차로 무너져 마침내 일정한
보수를 받고 군역에 종사하는 직업적 군역자들이 나오게 되었다. 따라서, 정남에게 군포라 불리는 포 2필을 부담시키고 역을 면하여 주었다.

국가 질서의 문란에 따라 두 필의 포마저 면하고자 역을 기피하는 무리가 속출하였으며, 일부 관료들은 군포 수납에 있어 갖은 방법으로 토색질을
일삼았다. 이미 죽고 없는 사람에게 군포를 받는 백골징포, 어린이를 장정으로 편입시켜 군포를 받는 황구첨정, 이사를 가고 없는 사람의 몫을
친척에게서 받아 내는 족징, 동리 사람에게서 받아 내는 동징 등의 악폐와 악법이 생겨 농민을 괴롭혔다. 이에, 군포의 양을 줄여 농민의
부담을 덜어 주자는 의견이 일어나, 영조 26년(1750)에 2필을 1필로 줄이고, 부족액은 어세, 선세, 염세와, 토지 1결에 쌀 2말을
받는 결작으로써 충당하였다. 이를 균역법이라 한다.

영⋅정조의 중흥 정치

양 난을 겪은 후 일부에서나마 제도의 개혁이 추진되고, 또 개혁을 모색하는 인사들도 나왔다. 때마침 전성기를 맞이하였던 청국 문화의 영향과,
서양 문물의 자극을 받아 신기운이 태동되었다. 이러한 움직임은 영명한 영⋅정조 2대에 걸친 선정으로 큰 성과를 이루어 마침내 조선 문화의
중흥기를 맞이하게 되었다. 따라서, 사회가 안정되었으며, 산업 활동이 크게 발전하였다. 영조는 당쟁을 억제하고자 탕평책을 썼으며, 학문을
장려하여 많은 도서를 편찬 간행하였다. 그리고, 사치와 무격 음사를 금하여 폐습을 타파하고, 형정을 개선하여 악형을 금지하고, 양반의
사사로운 형벌을 금하여 민생을 안정하게 하였다. 한편, 균역법을 실시하여 국민의 부담을 덜고, 농장을 장려하여 경제 생활의 안정을
도모하였다.

영조의 뒤를 이은 정조도 탕평책으로 당쟁을 억제하고 산업 진흥, 혹형의 폐지, 문교 진흥에 힘쓰는 한편, 흠휼전칙과 자휼전칙을 정하여 걸호
및 난민 구제 사업을 폈다.

정조는 호학의 군주로 그 스스로가 홍재전서를 엮었거니와, 궁내에 규장각을 확충하여 많은 책을 편찬 간행하였다. 영⋅정조 2대의 70년간에
걸친 민본 정치로 조선 왕조의 문운은 다시금 세종대를 방불하게 하였다.

규장각 서가  

산업의 발달

왜란과 호란으로 황폐한 농촌을 재흥하는 데는 대동법과 균역법의 실시만으로는 부족하였다. 그러므로, 조정은 토지의 개간, 저수지의 수축,
조림, 양잠, 목면 및 구황 식물의 장려 등 농업 생산력의 증가에 힘쓰지 않으면 아니 되었다. 정조 때에는 저수지의 관리를 규정한 제언절목을
만들어 8도에 선포하였다.

이리하여, 순조 초에는 관개에 쓰인 저수지의 수는 3500여 개소에 달하였다. 토지의 개간 면적도 늘어, 영조 2년에 122만 결이었던 것이
45년에는 145만 결이 되었다. 그러나, 지방 토호의 은결과 궁방전, 관둔전 등의 면세지의 격증으로 실제의 과세 면적은 줄어들었다.

양 난 후 남벌이 성행하여 산림이 황폐되므로, 정조는 송금절목을 만들어 바닷가와 강가의 30리 지역의 벌채를 엄금하고, 봉금 구역을 설정하여
산림 보호에 힘썼다.

당시의 구황 식물은 주로 고구마와 감자였다. 고구마는 감저 또는 남저라고도 불리었는데, 영조 39년에 조엄이 일본에서 구해 온 것이 우리
나라에 전해진 시초이다.

그 후, 이광려 등이 구황 식물로서 유용함을 깨닫고 재배에 노력한 결과 차차 퍼지기 시작하였다. 한편, 재배법의 연구도 열심히 행해져
강필리의 감저보, 김장순의 감저신보, 서유구의 종저보 등이 나왔다. 감자는 마령서라고도 하고, 북쪽 청에서 들어왔다 하여 북저라고도
하였는데, 헌종 때에 널리 퍼졌다.

우리 나라 특산물인 인삼은 경상도와 전라도에서 많이 재배되었는데, 정조 때에 개성 상인이 그 재배법을 배워 개성에서 재배하기 시작하였다.
인삼을 원료로 한 홍삼이 중국인의 애호를 받았기 때문에, 수출을 목적으로 한 인삼 재배가 성행하였다.

교역의 발달

사회의 안정, 산업의 발달에 따라 교역 활동도 점차 활발해졌으며, 마침내 화폐의 유통을 보게 되었다. 서울에는 육의전과 각종 상점이 날마다
열렸으며, 개성, 대구, 평양 등 대도시에는 상설 시장이 생겼고, 각지에도 정기 시장이 성행하였다.

지방의 정기 시장에는 보부상이 돌아다니며 교역 활동을 폈고, 각 시장에는 객주, 거간, 감고, 전당업자가 생겨나 경제 활동을 도왔다.

대외 교역은 조공 무역에 의한 관무역과 여진족이나 일본인과의 교역을 위하여 국경 지대에 설치하였던 호시장에서의 사무역 활동이 있었다. 즉,
청과는 회령 개시나 경원 개시와 중강 개시 등이 열렸으며, 일본과는 세견선이라 하는 관허의 무역선이 내왕하여 곡물, 목면, 가죽, 인삼 등을
구입하고, 은, 구리, 납, 후추와 그 밖의 남방 물자를 들여 왔다.

교역의 진척에 따라 화폐의 필요를 느끼게 되었다. 화폐는 국초에 조선통보를 비롯하여 저화, 전폐 등을 만들어 썼으나, 널리 통용되지 못하고
곡물과 포목 등이 화폐의 구실을 하였다. 이 때문에 여러 가지 불편이 많았으므로, 왜란 후 이덕형이 구리돈을 만들어 쓰기를 주장하였으나,
구리의 부족으로 실현되지 못하였다. 그 후, 인조 때에 상평통보를 만들어 조금씩 유통시키다가, 중종 때에 이르러 허적의 주장에 따라 마침내
주전도감을 두고, 본격적으로 이를 만들어 널리 통용하도록 하였다.

상평통보  

향촌 생활의 진보

민본 정치와 산업의 발달에 따라 흩어졌던 향촌 생활도 생기가 감돌게 되었으며, 각종 상조 조직이 이루어졌다. 특히 향약과 계와 두레가 민중
생활에 많은 도움을 주었다. 향약은 권선 징악과 상호 부조를 목적으로 한 향촌의 자치 규약인데, 송대의 여씨 문중에서 시작된 것이다. 우리
나라에서는 중종 때 조광조의 주장으로 일시 실시하다가, 그가 실각한 뒤 중단된 일이 있다.

그 후 이황, 이이 등이 우리 나라의 실정에 맞는 향약을 만들어 보급시킴에 따라, 이를 모방한 각종 향약이 널리 퍼졌다 그 조직은 대개 각
읍의 향교나 향청을 중심으로 하여 회장인 도약정, 부회장인 부약정, 간사인 직월 등의 임원을 두어, 향정이나 이장 등이 이를 겸하였다.

향약절목  

계는 고려 시대에 생겨 조선의 중엽 이후에 유행하였다. 이에는 종계, 화수계와 같이 친목을 목적으로 한 것, 혼상계, 위친계와 같이 공제를
목적으로 한 것, 동계, 군포계와 같이 공동 부담과 인보 단결을 목적으로 한 것, 동업 조합인 삼계, 우계, 금계, 은계와 같이 동업의
발전을 목적으로 한 것, 산동계와 같이 식리를 목적으로 한 것 등의 여러 가지 종류가 있다.

농촌 중심의 향촌 조직 가운데 가장 단순한 것은 두레였다. 두레는 경기 이남에서만 볼 수 있었던 것으로, 협동 노동, 상호 협력, 공동
유락, 상호 규찰 등을 목적으로 하였던 촌락 단위의 조직이었다. 두레마다 깃발이 있었으며, 좌상, 공원 등에 의하여 운영되었다.

 7. 실학 운동과 문화의 새 동향

실학 운동의 기반

서양 문물의 접촉으로 생겨난 세계 의식의 확대와 자아의 각성은 조선 학자들의 학문적 반성을 촉구하는 외적 기반이 되었다. 한편, 왜란, 호란
후 대두된 정치적, 사회적, 그리고 경제적인 혼란 상태와 그로 말미암아 가중된 민생고는 현실 비판과 현실 타파의 주장이 나오게 된 사회적
배경이 되었다.

사화 후 서원을 중심으로 연구되던 주자학이 이황, 이이에 의하여 심오한 철학의 세계로 접어들었으나, 현⋅숙종 때부터 부질없는 대의 명분론에
집착하여 현실과 유리된 공리 공론에 치우치게 되었다. 이에 대한 지식인들의 반발이 컸으며, 이러한 반발이나 학문적 반성은 곧 실학 성립의
학문적 배경이 되었다.

전통적 주자학 대신에 우리의 현실 생활에 도움이 되는 이용 후생의 학문을 연구 대상으로 삼고, 연구 방법도 종래의 추상적인 추리 대신에
객관적 사실을 실증적으로 연구함으로써, 진리를 구하는 실사구시의 방법을 취하였다. 말하자면, 우리의 현실에 도움이 되는 학문을 과학적으로
연구한 것이다.

실학의 발생

실학의 선구자는 선조, 광해군 때의 이수광으로, 그는 지봉유설을 지어, 정치, 경제, 천문, 지리, 문자 등을 논하고, 서양의 새로운 사상을
소개하였다.

또, 한백겸은 동국지리지를 지어 우리 나라 지리학 연구의 선구자가 되었고, 효종 때의 김육은 대동법과 주전의 실시를 역설하고, 서양 역법인
시헌력의 채용에 힘썼다. 이렇게 시작된 실학은 효종, 현종 때의 유형원에 이르러 그 학문적 체계를 갖추게 되었다. 그는 일생을 초야에 묻혀
학문을 연구하고, 반계수록 등의 많은 책을 지어, 우리 나라의 각종 제도를 비판하고 이의 개혁을 역설하였다. 또, 박세당은 주자학을 대담하게
비판하고 색경이라는 농학에 관한 책을 저술하였다.

반계수록  

또, 숙종 때의 이익도 한평생을 양주에 은거하여 학문의 연구와 저술에 전념하였다. 그는 성호사설을 지어 광범한 지식을 남겼고, 안정복,
이가환, 정약용 등의 수많은 학자를 길러 냈다.

실학 운동의 전성

이용 후생, 경세치용, 실사구시를 목적으로 한 실학 운동은 영⋅정조의 시기를 맞이하여 그 전성기에 접어들었다.

역사, 지리의 고증학적 연구에 있어서는 동사강목을 지은 안정복, 해동역사를 지은 한치운, 연려실기술로 유명한 이긍익이나 택리지를 저술한
이중환이 유명하다.

실학 운동 최대의 학자는 정약용이었다. 그는 박학 다식한 경세 치국의 위대한 학자여서 그의 재능은 경사는 물론, 법제, 농정, 수리, 정치,
경제, 의학에까지 미쳐 경세유표, 목민심서, 흠흠신서를 포함한 여유당전서를 남겨 실학 운동의 금자탑을 이루었다.

다산 정약용  

이 밖에, 농정과 의학에 밝았던 서유구, 성해응이나, 국문 연구에 공을 남긴 신경준, 유희 등도 유명한 실학자였다. 시대는 좀 떨어지나
대동여지도를 만든 김정호나 금석학의 대가였던 김정희도 이 흐름의 영향을 받은 사람이었다.

북으로 청국을 통하여 선진 청⋅서양 문명을 받아 사회의 폐해를 바로잡으려고 주장하던 북학파도 실학 운동의 흐름을 받은 것으로, 이 학파의
인물로는 홍대용, 홍양호, 박지원, 박제가 등이 대표적이었다.

편찬 사업의 성황

호학의 군주가 계속되고, 실학의 기풍이 울연한 가운데 문화 발전을 뒷받침하기 위한 도서의 편찬과 간행 사업이 매우 활발하였다.

영조 때에 동국문헌비고, 속대전, 국조악장, 속오례의, 속병장도설이 편찬되었으며, 정조 때에는 규장각을 배경으로 대전통편, 국조보감,
동문휘고, 무예도보통지, 전운옥편과 추관지, 탁지지 등이 편찬 간행되었다.

전운옥편  

도서 간행 사업이 활발해짐에 따라 활자의 개량 주조도 여러 차례 거듭되었다. 정조 때에 주자된 임진자, 한구자나 생생자는 그러한 노력의
유산이었다.

국어⋅국문학의 발달

자아의 각성을 배경한 실사구시의 학풍은 국어 국문학의 연구열을 조장하였다. 신경준의 훈민정음운해, 박성원의 정음통석, 황윤석의 자모변이나,
유희의 언문지는 한글 발전에 기여한 바 컸다.

한편, 국문학에 있어서는 초기의 가사 문학에 대하여 사슬시조와 소설 문학의 발달이 있었다. 김천택은 청구영언, 김수장은 해동가요의 시가집을
엮어 후대에 남겼다.

서민적 취미가 존중되는 경향에 따라 소설 문학의 출발을 보았는데, 사회적 모순을 통렬히 비판한 홍길동전을 지은 허균이 그 기원을 이루며, 그
후 사씨남정기, 구운몽 등으로 유명한 김만중에 이르러 자리가 잡혔다. 그 후, 숙향전, 심청전, 흥부전, 장화홍련전 등의 가정 소설 작품,
임경업전, 유충렬전과 같은 군담 소설 작품이나, 장끼전, 별주부전 같은 해학 문학 작품 등이 쏟아져 나왔다. 영⋅정 시대에 나온 국문
소설로는 춘향전이 백미로 손꼽힌다.

춘향전  

서민과 여류 문인의 진출

이 시대 문화 활동의 한 특색은 종래 천시되고 냉대받던 서민층과 봉건적 유교 도덕에 얽매여 사회적 활동이 깊이 막혔던 여류층에서 재원이 나와
문화 활동을 전개한 점이다.

정조가 이덕무, 박제가, 유득공 등 서민 출신을 규장각 검서관으로 등용한 후, 서민 출신 문인들의 활동이 활발하였다. 특히, 고시언, 천수경
등은 시가집을 엮었고, 그 밖에 이언진, 장혼, 조수삼 등이 문장으로 이름을 날렸으며, 가인으로 이름 높은 김천택, 김수장도 역시 서민
출신이었다.

한편, 여류 사회에 있어서는 조선 중기의 신사임당, 허난설헌, 황진이 등이 유명하였고, 후기에는 혜경궁 홍씨, 정일당 강씨, 의유당 김씨
등이 유명하였다.

여류 사회가 개명함에 따라 언문이라고 천대받아 오던 한글이 여성 사이에 보급되었으며, 이들 사이에서 내방 가사가 엮어져 귀중한 민족 문화
작품으로 전해진다.

미술의 새 경지

그림은 정선, 심사정, 김홍도, 신윤복 등이 나와 독특한 화풍을 나타내었는데, 특히 김홍도는 천재 화가로서 이름이 높아 산수, 인물,
풍속화에 신묘한 솜씨를 보여 주었고, 신윤복은 풍속화에 능하였다. 말기에는 장승업이 유명하여, 국초의 안견과 그 후의 김홍도와 더불어 조선의
3대 화가로서 손꼽힌다.

풍속도  
신윤복 그림

우경도  
김홍도 그림

글씨는 명종과 선조 사이의 양사언과 한호의 뒤를 이어 윤순, 김정희(추사) 등의 명수가 나왔다. 특히 김정희는 고금에 드문 명필이어서, 그의
글씨는 추사체라 하여 널리 국내외에서 칭송을 받고 있다.

김정희의 글씨  

그리고, 신사임당은 서화에도 매우 능하였다.

건축에 있어서는 현존하는 유물이 많으나 전대의 수법을 모방한 것이 대부분이고, 다만 정조 때에 건조된 수원 화성만이 그 구조에 있어
특이하다.

왜란, 호란 이후로 도자기 예술이 몰락하고 다만 나전 공예와 유기 공예가 발달하여 민속 공예를 대표하였다.

민중 오락의 발달

서민적 취미의 민중 오락도 차차 흥하여 한글로 엮어진 소설이 많이 나와 유포되었는데, 그러한 소설의 줄거리를 창극으로 연출하여 서민들이
즐겼다.

창극은 동작을 중심으로 하는 가면극이나 인형극과는 달리 시청각에 호소하는 것이어서 민중 속에 깊이 파고드는 효과가 있었다.

창극의 각본을 판소리라 하거니와, 판소리는 전라도를 중심한 남도에서 발달되었으며, 광대들이 각지를 순회하면서 흥행하였다.

한편, 속요, 민요도 유행하였는데, 그 대부분이 오늘날에도 전해져 민중들에게 애창되고 있다. 농촌에서는 농악이 유행하였고, 지방에 따라서는
탈춤이 흥행되었으며, 남부 해안 지대 부녀자들은 달 밝은 밤에 강강술래를 즐겼다.

탈춤

 8. 세도 정치와 쇄국 정치의 혼란

세도 정치

세도 정치라 함은 관직의 고하를 막론하고 국왕의 신임을 얻어 국사를 전단하는 비정상적 정치 형태를 말한다. 정조 이후 순조로부터 계속하여
나이 어린 국왕이 등극하자 외척 세력에 의한 세도 정치가 60여 년 간이나 계속되는 이른바 세도 정치기가 나타났다.

세도 정치의 기원은 정조 때의 홍국영에게 있다 하나, 본격적인 세도 정치는 순조 때의 외척 김조순 일문에 의한 안동 김씨의 세도에서
시작된다.

순조 다음 헌종 때에는 안동 김씨의 세도를 꺾고 풍양 조씨가 세도를 잡았고, 다음 철종 때에 와서는 다시 안동 김씨가 들어섰다. 세도가
일문이 국가 요직을 독점하고, 세도의 영속을 위해서는 수단 방법을 가리지 아니하였으며, 관료들도 자파를 채워 수족처럼 부렸으므로, 국정의
기강은 말이 아니었고, 관료의 가렴 토색은 격심하였다. 이리하여, 정치는 극도로 혼란해져 농촌 사회가 황폐하게 되었으며, 마침내 민란이 거듭
일어나는 말기적 양상을 보이게 되었다.

농촌 사회의 피폐

농업 사회였던 조선은 농촌으로부터의 세 수입이 국가 운영의 기본 재원이었으며, 그것은 삼정을 통하여 대부분이 조달되었다. 삼정은 토지에서
받는 조세 곧 전정과, 신역의 댓가로 받는 군포 곧 군정과, 백성들에게 곡물을 빌려 주었다가 이식을 붙여서 받는 환곡 곧 환정을 말한다. 이
삼정이 사리 사복만을 채우는 일부 관리의 협잡으로 극도로 문란하여, 국고는 고갈되었으며, 백성의 고난은 말이 아니었다.

농민의 부담을 더욱 가중시킨 것은, 수령이 임의로 부과하는 무명 잡세와 정치 문란으로 발생한 수세 전지 및 납세 홋수의 감소였다. 궁방전,
사전 등의 면세지의 확대로 인한 수세 전지의 감소와 신공 납속에 의한 양반의 증가와 노비의 속량, 투탁으로 인한 납세 의무자의 감소로 생겨난
재정 부담을 그 나머지의 농민에게 부가시켰으며, 관료의 토색으로 이농하는 유민이 생겨나자, 그들의 경제적 의무마저 그 나머지의 부락민에게
동징, 인징이란 이름으로 강제 징수하였다. 이로 말미암은 농촌의 피폐상은 말이 아니었다.

민란의 발생

세도 정치로 궁지에 몰리게 된 농민들의 반발은 점차 높아졌다. 순조 10년 이후 거듭 흉년이 들고 괴질이 유행하여 사태가 악화되자, 마침내
홍경래의 난이 일어나고, 이어 각지에서 민란, 민요가 일어났다.

세도의 타도와 지방색 철폐를 내걸고 가산에서 1811년 난을 일으킨 홍경래는 불평 많던 서북인과 농민들의 호응을 얻어 급속하게 세력을 펴,
한때 청천강 이북을 지배하였으나, 정주성의 함락으로 뜻을 이루지 못하였다.

홍경래 민란도  

홍경래의 난은 서북인의 단순한 반란이 아니고 세도 정치로 파탄 지경에 빠져들었던 백성들의 반항이었던 것이다

따라서, 이 난은 딴 지방만을 자극하여 드디어는 전국 각지에서 민란이 거듭 일어나게 되었다. 철종 때에 진주 민란을 계기로 개령, 함평,
익산, 공주 등 삼남 각지에서는 물론, 북은 함흥으로부터 남은 제주도까지 파급되었다. 농민의 반항이 점고됨에 놀란 조정에서는 삼정의 문란이
원인이라 하여 삼정이정청을 설치하고 개혁을 도모하였으나, 큰 효과를 거두지는 못하였다.

천주교의 박해

1783년 이승훈의 입교로 뿌리가 박히기 시작한 천주교는 점차 민중 생활 깊숙이 파고들게 되었다. 조정의 위정자들의 입장에서 본다면, 천주교
운동은 유교적 예속 생활을 그르치고, 전통적 사회 질서를 교란하는 이질적 종교 체제였고, 나아가 유교 사회 체제에 위협을 주는 도전자로
보였다. 이에, 위정자는 척사 위정을 내세워 사교로 몰아 격렬한 박해를 가하였다. 교회 설립 이듬해에는 벌써 김범우가 한국 최초의 순교자로
목숨을 잃었으며, 정조 15년에는 제사 문제를 가지고 진산 사건이 일어났다. 순조 때에 와서는 반대당을 타도하기 위한 당쟁에 천주교 박해가
악용되어 신유박해가 일어났다. 신유박해로 이승훈, 정약종 등 양반 출신의 교회 지도자들이 순교하였으나, 교회 활동은 서민 출신 교인들을
중심으로 더욱 자라났으며, 마침내 1831년에는 조선 교구가 설정되어, 중국 교회의 감독하에 있었던 조선 교회는 독립하였다.

헌종 때의 기해박해와 병오박해에는 한국인 최초의 신부인 김대건 신부를 비롯하여 수다한 순교자가 나왔다. 이후, 고종 때의 병인박해를 거쳐
신앙 생활의 자유가 보장될 때까지 100여 년에 걸친 박해 시대에 만여 명의 순교자를 냈다.

축복받는 한국 교회 순교자  

현실 생활에 만족을 얻을 수 없는 혼란한 사회에서 참된 정신적 위안을 찾으려는 자들의 소망은 생명의 위협으로도 막을 수 없는 것이어서,
천주교는 잇단 박해 밑에서도 꾸준한 발전을 거듭하였다.

동학 운동의 발생

천주교가 조선 사회 깊숙이 파고드는 데 대하여, 이와 대척적으로 동학 운동을 전개한 것은 최제우였다. 그는 유⋅불⋅선 3교에 터전한 인내천의
사상을 창도하였다. 서학 운동을 배격하고 도탄에 허덕이는 피지배층에게 새로운 정신적 삶을 주고자 나서게 된 그는 1860년 포덕문을 세상에
펴 동학 운동의 기치를 들었다. 그의 동학 운동은 단순히 종교 운동에만 그친 것이 아니라, 광제 창쟁을 내세워 사회 구폐를 표방한 사회
운동이기도 하였다. 따라서, 곤경에 시달리던 농민들의 귀의가 많았다.

최제우  

교세가 급속히 자라남에 놀란 조정에서는 동학도 사교로 몰아 탄압하였고, 최제우를 혹세무민의 괴수라 하여 사형에 처하는 한편, 적극적인 탄압을
가하였다.

교조의 죽음으로 교세는 주춤하였으나, 표면상 그 운동이 숨은 것뿐이지 소멸된 것은 아니었다.

서양 세력의 접근

지리상의 신발견 이후 동으로 흐르기 시작한 서양 세력의 동방 진출의 역사 조류를 타고 동양으로 진출해 나온 서양 함선은, 정조 이후 자주
우리 해역에도 출몰하였다. 당시 서양 사정에 어두웠던 우리 나라는 우리 해역에 출몰하는 서양 함선을 이양선이라 하여 출입을 일체 금하였다.
이양선은 처음에는 탐험을 목적한 것이었으나, 차차 통상을 요구하게 되었다. 1832년 충청도 해안에 나타난 영국선 암허스트(Amherst)
호는 우리 나라에 통상을 요구한 최초의 선박이었다. 한편, 1846년에는 프랑스 함대가 역시 충청도 해안에 나타나, 기해박해에 학살당한
프랑스 신부들의 일을 문책하는 한편, 통상을 요구하였고, 그 다음 해 다시 찾아왔으나 끝내 거절당하고 물러갔다. 헌종 때인 1840년 아편
전쟁 이후 유럽 각국에 의한 중국 침략이 진척됨에 따라 서양인들의 극동 지역에 대한 야심이 싹터 함대가 자주 우리 해역에 출몰하게 되었으며,
헌종 말 이후 더욱 빈번하여 우리 정부의 신경을 자극하였다.

흥선 대원군의 혁신 정치

세도 정치의 혼란 가운데 안으로 국고가 파탄 지경에 이르고 민란이 거듭되며, 밖으로 서양 열강의 촉수가 접근하는 어려운 때에, 정계의
실권자로 등장한 인물이 흥선 대원군이었다. 어린 국왕인 고종의 후견자로 정권을 잡게 된 대원군은, 쌓인 폐단을 일소하고 왕권을 재확립하고자
과단성 있게 혁신 정치를 감행하였다. 세도와 당쟁의 뿌리를 뽑고자 사색, 지방색, 출신 성분을 가리지 않고 인재를 등용하였으며, 국가를
좀먹던 서원 혁파를 단행하였다.

흥선 대원군  

또, 비변사를 철폐하여 정치 기구를 정상화하였고, 3군부를 설치하여 군무를 총괄하게 하였다. 한편, 난마와 같이 흐트러진 법 질서를 세우고자
대전회통을 편찬하였다.

양반의 특권을 억제하고 사치와 투기를 금하여 풍속 교정에 힘썼으며, 경제 안정을 위하여 환곡제에 따르는 협잡과 불법을 방지하고, 종래
서민만이 부담하던 군포를 호포로 고쳐 양반 계급도 부담하게 하였다.

이처럼 과감한 혁신 정치를 강행하는 한편, 왕실의 위엄을 보이고자 왜란 때 타 버린 채 버려 두었던 경복궁 중수 사업에 착수하였다. 막대한
물자와 자금이 소요되는 이 사업에 원납전, 문세를 거두고, 당백전을 마구 발행하였다. 이리하여, 경제 사정의 악순환을 초래하게 되었으며,
부역과 징발이 과중하여 차차 백성의 원망을 사게 되었다.

천주교 박해와 쇄국의 강화

철종 때에 연해주를 영유하여 우리 나라와 접경하게 된 러시아는, 고종 초 자주 두만강을 넘어와 북변을 소란하게 하였다. 이에 불안을 느끼게
된 대원군은, 때마침 건의된 이이제이책을 가지고 천주교회와 접근을 꾀하였으나, 시일이 천연되는 가운데 자신의 정치적 위기를 느끼자,
청국에서의 박해 소식을 기화로 1866년 종교 박해로서 최대 규모인 병인박해를 감행하여, 이후 6년간에 8천여 명의교도를 처형하였다.

양화진과 절두산  
건물은 순교 기념관

수 차에 걸친 통상 요구를 거절당하였던 프랑스는, 병인박해 때 프랑스인이 희생되었음을 이유로 무력으로 통상을 강요하고자 함대를 출동시켜 한강
어귀의 강화도를 불법 점령하였다. 그러나, 대원군의 강경 정책과 한성근, 양헌수 등의 선전으로 뜻을 이루지 못한 채 1개월 만에 물러났다.
이 병인양요로 쇄국은 더욱 강화되었다.

한편, 고종 즉위 후 열강의 통상 운동은 활발하였다. 옵페르트(Oppert)는 거듭 통상하고자 노력하다 실패하자, 무도하게도 덕산 굴총
사건을 일으켜 국민의 분격을 샀다. 그보다 앞서 평양서 소각당한 미국 상선 제너럴 셔어먼(General Sherman) 호도 통상의 기회를
얻고자 나타났던 것이다. 제너럴 셔어먼 호 사건의 소식을 접하게 된 미국도 무력으로 국교를 열고자 강화도를 공격하는 신미양요를 일으켰으나,
어재연과 강화 수비병의 선전으로 뜻을 이루지 못하였다(1871).

거듭 두 차례에 걸친 양요에 승리를 거둔 대원군은 쇄국 양이의 배외 정책을 강화하여 전국 각지에 척화비를 세워 국민적인 적개심을 고취하였다.

척화비  

일본의 개화와 정한론

일본도 오랫동안 쇄국 정책을 취하였으나, 1854년 미국의 무력 시위에 굴하여 개국하게 되었다. 개국을 한 후 내부 혼란이 거듭되더니,
260여 년 간 일본을 지배하던 토쿠가와의 에도 바쿠후는 마침내 쓰러지고 천황 친정의 새 역사를 맞이하게 되었다.

일본의 새 정부는 급속도로 국가 체제를 혁신하는 메이지 유신 운동을 일으켜, 아시아 최초의 근대 국가로 발전하게 되었다. 일본 메이지 정부는
우리 나라에 대하여 새 정부의 설립을 통보해 왔으나, 그 서식이 종래의 관례와 상이하다 하여 접수하지 않았다.

대원군은 그의 쇄국 정신에 비추어 서양 제국과 통교하는 일본에 대해서도 경계를 게을리 하지 않아 쇄국으로 대하였던 것이다. 국교 교섭이
좌절되자, 일본 국내에는 성급하게도 침략적인 정한론을 주장하는 자까지 나타나, 심상하지 않은 공기가 감돌게 되었다.

대원군의 하야와 개국

1863년 이래 10년간에 걸친 대원군의 집정은 공과 과오가 비등한 혁신 정치요 쇄국 정치였으나, 결과적으로는 정치적 모순을 근본적으로
해결하지 못하였고, 우리 나라로 하여금 근대화라는 세계사의 조류에 역행하는 은둔국의 자리에 물러서도록 만들었다.

또, 사회 각층에는 여러 가지 이유에서 반 대원군 경향이 성장하는 결과를 가져 왔다.

대원군을 정계에서 축출하고자 하는 운동의 핵심은 민비를 중심한 여흥 민씨였는데, 그들은 최익현을 위시한 유림 세력을 이용하여 마침내 대원군을
정계에서 몰아 냈다. 따라서, 대원군이 물러나자 정권은 민씨 가문으로 넘어가게 되었다.

▦ 연구 과제 ▦

1\. 우리 향토에 있는 향교, 관아, 사찰 등에 관하여 조사하고 그 내력을 알아보자.

2\. 조선 초기의 관제, 학제, 과거 제도, 토지 제도, 통신, 교통 제도 등을 도표로 작성하여 살펴보자.

3\. 조선 시대의 학문, 예술 등 민족 문화의 발달을 연구하여 보자.

4\. 왜란, 호란이 우리 나라 사회 제도, 사회 생활에 끼쳤던 영향을 살펴보자.

5\. 사화와 당쟁 발생의 사회적, 경제적 배경을 연구하여 보자.

6\. 실학 운동의 여러 선구자의 업적에 관하여 연구하여 보자.

7\. 흥선 대원군의 공과에 대하여 토론하여 보자.

8\. 조선 말기 우리 나라와 외국 세력과의 관계를 연대표로 만들어 보자.

 Ⅴ. 조선의 근대화

   1\. 조선의 개국
   2\. 개화와 보수의 갈등
   3\. 조선 말기의 정치⋅사회의 변화
   4\. 외세의 각축과 자주 독립 운동
   5\. 민족의 자각 운동
   6\. 근대 기술 문명의 도입
   7\. 국권의 박탈과 민족의 수난

-⋅ 학습의 요점 ⋅-

1\. 조선은 어떠한 환경 속에서, 오랜 쇄국적 생활을 벗어나 그 문호를 개방하게 되었는가?

2\. 외세에 의하여 개국하였던 우리 나라는 열강의 세력 다툼 속에서 어떠한 고초를 당했던가?

3\. 우리의 조상은 새로운 문물을 흡수하여 전통적인 사회를 근대화하기 위하여 어떠한 노력을 하였던가?

4\. 우리 민족은 어떻게 하여 국권을 빼앗기고 이민족의 치하에 살기에 이르렀던가?

[독립문]

 1. 조선의 개국

강화도 조약

일본은 대원군이 하야한 후 국내 정세가 동요한 틈을 타서 운요오 호 사건을 일으켜 국교를 강요해 오고, 우리 국내에서도 유대치, 박규수,
오경석 등 선견 지사들의 개국의 주장도 있어, 1876년 마침내 강화에서 수호 통상 조약의 성립을 보게 되었다.

이 조약의 성립으로 우리 나라는 오랜 쇄국의 역사에서 개국의 새 시대를 맞이하게 되었다. 전문 12조의 이 조약은 외교에 익숙하지 못하였던
우리 나라의 약점을 악용한 불평등 조약이었다. 따라서, 일본은 이를 계기로 조선 침투를 적극적으로 노리게 되었다.

한편, 일본과의 통교는 그간 통상을 열망해 오던 구미 각국을 자극하는 바 되었으며, 각국과의 통교가 차차 성립됨에 따라 우리 나라도 세계사의
흐름에 휩쓸려 들어가게 되었다. 개국과 더불어 보수와 개화의 분열 대립이 일어나 많은 소란이 일게 되었으며, 근대 과학 문명이 밀어닥쳐,
오랜 전통을 가진 보수적인 문화 사회에 큰 변화를 가져오게 되었다.

통상 장정과 개항

강화도 조약에 의하여 따로 수호 조규 부록과 통상 장정도 체결되었다. 일본인의 치외법권, 일본 상품에 대한 관세 면제, 일인 거류지의 설정
등을 규정한 이 조약은, 일본이 과거에 구미 열강에게서 강요당하였던 내용 그대로였다.

이 조약에 따라 부산 이외에 원산과 인천을 개항하게 되었다. 따라서, 일본 상인의 진출이 활발하여 무역액은 날로 증가하였다.

개국 초의 조⋅일 무역액 추세

연차 | 일본에서의 수입액 | 일본에의 수출액  
---|---|---  
1877 | 314,813 원 | 123,999 원  
1878 | 244,544 〃 | 181,460 〃  
1879 | 566,953 〃 | 612,173 〃  
1880 | 978,012 〃 | 1,256,224 〃  
  
내외상무 통계

1877년 일본 상품에 대한 전면적인 관세 면제가 불리함을 깨달아 우리 정부가 수출입품에 과세하게 되자, 일본은 무도하게도 무력 시위를 펴
가며 이의 철회를 강요하였다.

국교가 열림에 따라 외교 사신의 내왕을 보게 되었는데, 우리 나라는 1876년과 1880년 두 차례에 걸쳐 수신사를 파견하여 개화 일본의
내외 정세를 살폈으며, 일본은 1880년 이후 공사를 서울에 주류시켰다.

미국과의 통교

강화도 조약 후 미국도 적극적으로 조선과의 통상 실현에 나서게 되었다. 1880년 미국 정부가 파견한 슈펠트(Shufeldt) 제독은 부산에
나타나 통상을 위한 직접 교섭을 전개하였으나 실패하였고, 그 후 일본의 중개를 기대하였으나 조선 통상의 독점을 꿈꾸던 일본의 계략으로
실패하였다.

한편 이 무렵, 수신사 김홍집이 도입한 조선책략1)의 영향으로 미국과 통상하려는 움직임이 일어났다. 일본이 조선에 등장한 데에 적이 당황하고
있던 청국은, 일본의 독점적 지위를 무너뜨리기 위하여 슈펠트의 청을 받아들이도록 중개하였다. 1882년 마침내 체결을 본 조⋅미 통상 조약은
우리 나라가 구미인과 맺은 최초의 조약이었다.

조⋅미 통상 조약 원본  

유럽 각국과의 통교

조⋅미 간에 통상 조약이 성립되자 유럽 각국도 통교 성립을 서두르게 되었다. 외교에 능한 영국은 유럽 열강 가운데서 가장 먼저 국교를
맺었으며, 같은 해에 독일과도 통교하게 되었다. 한편, 고종 초부터 자주 국경 지방을 소란하게 하였으며, 한인 월경 이주 문제로 지역적
교섭이 있었던 러시아는 청국의 알선 거부로 난경에 빠졌으나, 베베르(Wäber)의 교묘한 교섭으로 마침내 1884년 국교를 맺었다.

또, 프랑스는 1831년 천주교 조선 교구 설정에 따라 조선 교회의 전도를 위임 맡은 후, 수다한 전교 신부의 순교가 있었고, 병인박해
후에도 전교 신부의 순교가 계속됨을 계기로 러시아와의 통교가 성립된 것을 보고, 적극적인 교섭을 전개하여 신앙의 자유를 내포한 통상 조약을
성립시켰다. 1901년까지는 이탈리아, 오스트리아, 벨기에 등 각국과도 통상 조약의 성립을 보았는데, 이에 따라 외국인의 내왕이 잦아지고,
우리 나라도 국제 정세의 변화에 크게 영향을 받게 되었다.

청국과의 관계

종래 이른바 종주국으로 우리 나라와 특수한 유대를 맺고 있었던 청국은, 일본의 진출에 당황하여 구미 각국을 끌어들여 조선의 문호를 개방하게
하였다. 한편, 무역 활동에 그 자신의 권익을 신장하기 위하여 1882년 조선⋅중국 상민 수륙 무역 장정을 체결하고, 독일인
묄렌도르프(Möllendorf)를 우리 나라의 외교 고문으로 천거하는 등 기회 있을 때마다 그 세력을 펴고자 노력하였다.

그러나, 청국이 종주권을 주장하였다 해도 조선의 내정과 외치는 어디까지나 독자적으로 처리되었음은 1883년 이후의 간도 귀속 문제로써도 알
수 있다.

간도 지방은 백두산 정계비로써도 우리 국토임이 분명한 것인데, 청국이 이 때 와서 부당하게 이의 영유를 주장하고 변방에 거주하는 백성의
쇄환을 요구함으로써 간도 귀속 문제가 일어났다. 이 때, 서북 경략사 어윤중과 토문 감계사 이중하는 끝내 자주적 주장을 내세워 우리의 정당한
주장을 굽히지 않았다.

백두산 근방의 약도  

백두산 정계비문

 2. 개화와 보수의 갈등

개화 운동의 진전

문호 개방 후 여러 면에서 근대화의 태동이 감돌게 되었다. 먼저 자강을 목적으로 정부 기구의 정비를 서둘러 통리기무아문을 설치하여 군국
기무를 총괄하게 하고, 그 밑에 정무 분장 기관인 12사를 두었다.

한편, 외국 문물 제도의 시찰을 위한 신사 유람단의 일본 파견, 기술 수습생의 청국 파견이 있었고, 이들 인사들이 내왕하는 가운데 근대
문명에 대한 식견이 점차 넓어졌다. 또, 군대의 현대화를 위하여 별기군을 조직하였으며, 종래의 군인들을 2영으로 감축하였다.

한편 이 무렵, 일본을 통하여 도입된 지구전도, 만국공법, 중서관계론, 보법전기, 박물신편 등의 서적이 유포되어 개화열을 크게 자극하였다.

개화와 수구의 대립

개국과 개화의 물결에 대한 수구 세력의 반발도 컸으니, 전통적 사회관에 입각하여 척사 위정, 쇄국 양이를 내세우던 수구 세력은 개국 그
자체도 반대하였지만, 개국 후의 개화 운동에 대해서도 반대를 하여 상소 운동을 일으켰는데, 1881년에 일어난 만인소 등은 가장 강렬한
것이었다. 상소 운동이 전국적으로 파급되어 감에 따라 정계는 더욱 혼란해졌다. 민씨 정권의 개화 정책에 따라 개화와 수구의 대립은 민비와
대원군, 일본과 청국의 경쟁과 얽혀, 국가의 전도는 혼미 상태에 빠져들게 되었다.

임오군란

개화와 수구의 대립 투쟁은 마침내 1882년 임오군란으로 폭발되었다. 개화의 물결을 타고 생겨난 신식 군대인 별기군 우대에서 불평이 컸던
구식 군인들은 봉량미 지급 문제를 가지고 폭동을 일으켰는데, 이 틈에 수구 세력은 대원군을 추대하고 궁중에 들어가 민씨 정권을 타도하고
정권을 장악한 다음, 일련의 보수 정책을 단행하여 국정의 방향을 바꾸었다.

그러나, 위기를 모면하여 충주로 피신한 민비는 그 일파와 내통하여 청국군의 원조를 요청하자, 청국은 자기 세력 부식 확장의 좋은 기회라
하여, 군대를 출동시켜 대원군을 본국으로 납치하고 다시금 민씨 정권을 회복시켰다. 이후로 민씨 정권은 친청 경향에 흘러, 이에 따라 개국열은
차차 둔화되었다. 한편, 임오군란으로 일시 후퇴를 강요당하였던 일본은 강경한 태도로 사후 처리를 요구하게 되니, 이에 제물포 조약의 체결을
보게 되었다.

갑신정변

임오군란 후 청국의 지나친 내정 간섭과 민씨 정권의 사대 경향에 대하여 반청 독립의 움직임이 나타났다. 김옥균, 박영효, 홍영식, 서재필
등을 중심으로 한 소장 세력은, 사대 세력으로 전락된 민씨 일파의 수구 세력에 대하여 개화와 독립을 주창하고 나선 것이다. 근대 의식에
눈떴던 개화당은 일본의 후원하에 근대화 운동을 전개하고자 하였다. 그러나, 일본이 개화당을 후원하고 나선 것은 임오군란으로 타격을 받은 일본
세력의 재흥을 위한 것이었다.

김옥균  

1884년 우정국 낙성식을 계기로 쿠데타를 일으킨 개화당은 무력으로 정권을 탈취하였으나, 강력한 청국군의 반격으로 패퇴하게 되었다. 이것이
갑신정변으로서, 비록 외세를 배경한 거사였으나, 우리 나라 최초의 근대화 운동이라 할 독립 개화 운동은 실패로 돌아가고, 결국 사대당 정부의
친청 경향을 더욱 굳혀 주는 결과를 가져왔다. 한편, 일본은 이 정변으로 입었던 피해의 보상을 내세워 한성 조약의 체결을 보았다.

청⋅일의 협상

일본의 조선 침투 세력은 임오군란, 갑신정변으로 차차 꺾이지 않을 수 없었다. 한편, 국내에는 배일 감정이 고조되어 가는 데 반하여, 청국
세력은 날로 뻗었으며, 청⋅일 양국은 조선을 문제로 무력 충돌 위기마저 감돌게 되었다. 이러한 외교적 위기를 극복하고, 조선 문제에 대한
청국과의 동등권을 확보하고자 나선 이토오 히로부미는, 청국 리훙장과 협상하여 톈진 조약을 맺는 데 성공하였다. 조선에서의 동시 철병, 조선
군사 훈련 교관의 불파견, 군대 출동 필요시의 사전 통고를 내포한 이 조약으로 일본은 조선 문제에 있어 청국과 동등한 지위를 확보하는 데
성공하였다.

러시아의 진출

연해주를 지배하에 넣고 극동 침략의 근거지 블라디보스톡(Vladivostok)을 건설하여 부동항 정책, 남침 정책을 적극 추진하게 된
러시아는, 청국의 내정 간섭에 대한 우리 나라의 반청 경향이 나타남을 틈타 묄렌도르프를 보내어 러시아의 보호를 요청하는 내용의 조⋅러 밀약을
추진하였으나, 김윤식의 공작으로 실패하였다. 그러나, 1888년 육로 통상 조약을 성립시켜 조선 침투의 길을 텄다. 러시아의 진출과 조선의
친러 경향에 당황한 청국은 급히 대원군을 귀국시켜 외교 고문을 미국인 데니(Denny)로 대치하도록 압력을 넣었다.

러시아 세력의 남하  

거문도 사건

청국만이 러시아의 남침 정책에 대항한 것은 아니었다. 세계 정책의 대립으로 러시아에 대항해 오던 영국도 함대를 동원하여 1885년 대한
해협의 요지인 거문도를 점령하여 극동에 있어서의 러시아의 남침을 꺾고자 하였다. 이 거문도 사건은 약소 국가의 희생을 강요하던 제국주의
시대의 세계사의 한 국면을 보여 주는 사건이었다.

결국 2년 만에 청국의 절충으로 영국 함대는 물러갔으나, 조선 문제는 세계 열강의 각축 속에 휘말려들게 되어 세계사적 성격을 띠게 되었다.

 3. 조선 말기의 정치⋅사회의 변화

일본의 경제적 침투

정치적 침투를 위하여 갖은 수단을 다하던 일본은 경제적 침투에도 적극적이었다. 일본 상인들의 활동에 따라 일본 상품과 일본 상인이 중개
무역하는 서양 상품의 교역은 급격히 늘어났고, 다른 어느 나라보다도 상선의 내왕이 잦았으며, 개항장에 설치되었던 상관의 수도 많았다.

대일 무역 수입액의 증가

1877 | 228,554 원  
---|---  
1878 | 142,018  
1879 | 566,953  
1880 | 978,013  
1881 | 1,944,797  
  
한국 경제사 개설 : 최 호진 저

일본에 대한 우리 나라 수출 상품은 주로 쌀, 콩 등의 식량이었다. 그들은 그들 자신의 자본주의의 발달을 위하여 우리 나라를 생산품 소비
시장 및 식량 공급지로 지목하였던 것이다. 우리 농민들은 일본 상인의 손을 거쳐 들어오는 신식 양품, 생활 필수품을 구입하기 위하여 유일의
생산품인 미곡을 낼 수밖에 없었고, 이러한 미곡은 일본 상인의 손으로 들어갔다. 부산과 원산에는 일인들의 곡물 거래소가 설치되었다.

곡물 거래에 광분하게 된 일본 상인들은 우리 농민의 곤궁한 생활에 파고들어, 입도 선매 또는 고리대 방법에 의한 곡물 수집을 통하여 이중
이득을 추구하였으므로, 우리 농촌은 더욱 급속도로 피폐하여 갔다. 1889년 함경 감사 조병식이 선포한 방곡령은 우리 농민을 위한
자위책이었던 것인데, 일인들은 이에 부당한 압력을 가하여 손해 배상까지 받아 가는 억지를 부리기까지 하였다.

농촌 사회의 동요

외국 상품에 의한 외환 사정의 악화, 가내 공업의 쇠퇴와 악질 곡물 거래상에 의한 토지의 갈취 등으로 목가적 농촌 사회의 경제 사정은 날로
악화되었다. 이러한 농촌 사회를 더욱 악화시킨 것은 정부의 농촌 수탈이었다. 개국에 따른 국가 재정의 증대에 고민한 정부는 일부를 외국
차관에 의하여 메워도 보았으나, 결국은 봉건적 생산 담당자이던 농민에 대한 주구에 의지하는 수밖에 없었다. 이리하여, 각종 명목의 중세가
부과되어 농촌 경제에 중압을 가하였으므로 농민의 불평은 날이 갈수록 커 갔고, 또 배외 사상이 성장하여 마침내는 각지에서 민요가 잇달아
일어나게 되었다.

동학 세력의 성장

교조 최제우의 원사(억울한 죽음을 당함) 후 정부의 격렬한 탄압으로 한때 잠잠하였던 동학은, 2대 교주 최시형의 치밀한 지도하에 포, 접에
의한 교단 조직이 정비되고, 용담가사, 동경대전 등 교서의 간행과 전교 활동의 활발에 따라, 현실 생활에 허덕이던 농민층에 은연중에 파고들어
급속하게 그 교세가 자라났다. 교세가 자라난 동학은 교조 신원 운동을 전개하여 그 위세를 떨쳤다. 1892년 삼례에서 교조 신원과 탄압
반대의 기치를 들었으며, 이에 서울에서 복합 상소 운동을 일으켰고, 다시 보은에서 수만의 신도가 참집하여 교조 신원과 척왜양창의로 그 운동
방향을 확대시켰다.

1815년 이후, 비록 소규모적이었으나 계속 일어났던 민요는 동학과 직접 관련되는 것은 아니었다. 그러나, 정부와 일본에 대한 반항 의식은
동학과 농민층에 공통적인 것이었으므로, 동학은 이들 계층을 흡수함으로써 커다란 정치적 영향력을 발휘할 수 있었다.

동학 혁명 운동

1894년, 고부 군수 조병갑의 학정에 반항하여 일어난 고부 관아 습격 사건을 계기로 동학 혁명 운동이 폭발되었다. 전봉준의 영도 아래
벌어진 고부의 소란은 민요에 지나지 않았지만, 정부의 부당한 수습 방안에 분격한 동학 교도들의 3월 기포는 제폭 구민, 보국 안민을 내세운
동학 혁명 운동으로 확대되었다. 혁명 운동은 충청, 전라도로 파급되어 동학군은 황토현에서 관군을 격파하였으며, 전주를 점령하고 전라, 충청
각지를 장악하였다. 동학군은 청국의 후원을 받게 된 정부와의 협상으로 일단 해산하였다. 그러나, 이 분란 중에 벌어진 청⋅일 전쟁이 일본에
유리하게 전개되어 친일 정부가 서울에 조직되자, 동학도들은 척왜, 반침략을 고창하고 9월 기포로써 이에 맞서게 되었다. 동학 교세는 삼남
지방은 물론 경기에까지 미쳤고, 공주, 태인 등 각지에서 우수한 일본군을 격파하였으나, 전봉준이 순창에서 체포된 후 차차 진압되었다.

체포되어 가는 전봉준  

동학 혁명의 의의

비록 목적을 달성하지 못하였다 하나, 동학 혁명 운동은 여러 모로 중대한 의의를 지녔다. 이는 역사상 최대 규모의 농민 혁명 운동이었으며,
백성들에 의한 국가 모순 타개 운동이 동학교와 결부되어 일어났던 것이다.

3월 기포는 비정에 시달리던 백성들의 사회 모순 타파 운동이었고, 9월 기포는 백성들의 국가 위기 의식과 결부된 반일 민족 운동이었던 점에
민족사적 의의가 크다. 또, 안으로는 갑오경장, 밖으로는 청⋅일 전쟁의 계기를 이루어 민족사는 물론 세계사에 큰 변화를 촉구하였다. 그러나,
혁명을 영도해 나갈 근대적 지도층이 형성되지 못하였고, 밖으로 청⋅일 양국 군의 간섭으로 마침내 뜻대로 되지 못하였다.

동학당의 봉기와 청군의 상륙  

갑오경장

동학 혁명 운동 발생의 역사적 바탕은 사회 모순과 정치 문란이었다. 이러한 점에서 국내에서 개혁을 요망하는 소리가 높았고, 갑신정변을
일으켰던 일부 지식인들은 청⋅일 전쟁의 진전에 따라 무력적으로 우위에 서게 된 일본의 세력을 이용하여 마침내 우리 역사상 최대 규모의 근대화
작업인 갑오경장을 전개하기에 이르렀다. 군국기무처라는 최고 정부 기관을 설치하여 정치, 사회, 경제, 문화면에서 급속한 개혁이 추진되었다.
의정부, 궁내부의 설치로 국무와 궁무를 양분하여 근대 국가 정치 체제를 마련하고, 과거제를 폐지하여 새 관료 조직을 편성하였으며, 지방관이
장악하던 재판권을 독립시켜 재판소를 두어 행정, 사법 양권을 분리하였고, 경찰 제도를 일원화하였다.

경제적으로는 은본위제에 의한 화폐제를 실시하고, 조세의 수납을 금납제로 개정하였으며, 징세 사무를 보는 세무서와 세관사를 설치하였다. 한편,
재정 집행의 일원화를 위하여 탁지부의 기능을 강화하였다.

사회 개혁에도 의욕이 왕성하여 봉건적 신분제의 폐지, 법률상에 있어서의 평등, 사회 폐습의 타파를 위하여 노비 천적의 폐기, 천민 신분의
해방, 연좌법 폐기, 조혼 금지, 재가 허용, 고문 금지, 의복제의 간소화 등을 실시하였다. 한편, 이 때부터 개국 기원을 사용하게 되었다.

홍범 14조

한때 군국기무처 고문으로 갑오경장에 관여하였던 대원군이 지나친 일본의 간섭에 반기를 들게 되자, 그를 정계에서 내몰고 박영효, 서광범을
중심으로 더욱 과감한 개혁을 추진하게 되었다. 개혁의 근본 요강으로 홍범 14조를 엮어 이를 국민 앞에 공고하는 한편, 종묘에 서고하여 근대
국가 건설을 선포하였다. 청국으로부터의 자주 독립, 왕실 질서의 확립, 국정에서의 왕실의 격리, 관제의 정비, 세제의 개정 및 회계 예산제의
실시, 인재 양성 및 등용, 군제의 개혁과 법제의 정비, 생활의 조직화 등을 내포하고 있는 홍범 14조는 근대 국가 운용의 근본이 될 근대
의식의 산물이었다. 원래, 우리 나라의 근대적 개혁을 바라는 것이 아니었던 일본 세력의 압력으로 모처럼의 개혁 운동이 국가 장래를 바꾸어
놓는 실효를 거두지는 못하였으나, 갑오경장은 우리 역사상 최대의 개혁 운동이었으며, 봉건 체제를 타파하고 근대화를 지향하는 데 중대한 역사적
의의를 가진 것이었다.

 4. 외세의 각축과 자주 독립 운동

청⋅일 전쟁의 영향

동학 혁명 운동은 날카로운 대립을 보여 오던 청⋅일의 열전을 초래하였다.

임오군란 후 정치적으로 후퇴를 면할 수 없었던 일본은 경제적인 면에서도 청국에 밀려 초조하였다. 더우기 자국의 근대 자본주의의 성장을 위하여
조선은 극히 필요한 존재였다. 이 때, 청국이 조선에 출병하게 되자, 일본도 톈진 조약을 내세워 많은 군사를 출동시킴으로써 마침내 청⋅일
전쟁이 일어났다.

청⋅일 양국 상인 수입액 백분비 추세  

1894년과 그 이듬해에 걸친 전쟁은 일본의 승리로 끝났으며, 일본은 시모노셰키 조약에 의하여 조선 침략의 경쟁자인 청국을 탈락시켰을 뿐만
아니라, 랴오뚱 반도와 타이완을 획득하여 대륙 침략의 기반을 얻게 되었다.

을미사변의 혼란

청⋅일 전쟁에 의한 일본의 급작스러운 득세는 극동 지배의 야망을 가진 러시아를 자극하였다. 이에, 러시아는 프랑스, 독일을 유인하여, 동양
평화의 위협이라 하여 랴오뚱 반도를 청국에 돌려 보내도록 압력을 넣었다. 이와 같은 삼국의 간섭에 일본은 굴복하는 수밖에 없었다. 청⋅일
전쟁 후 가중되는 일본의 내정 간섭에 염증을 느껴 오던 우리 정계에서는 삼국 간섭을 계기로 친러 경향이 태동되더니, 마침내 친러 정부의
수립을 보았다. 초조해진 일본은 비상 수단에 의하여 자기 세력을 회복하고자 본국으로부터 불령 일인을 불러들여 왕궁을 급습하여, 무도하게도
민비를 학살하고 친일 정객을 내세워 정권을 탈취하였다. 친일 정부는 대의 명분을 위하여 갑오경장의 계승을 내걸고 군제의 개혁, 태양력의
채택, 종두법의 실시, 연호의 건립과 함께 단발령을 선포하여 국민에게 단발을 강요하였다.

의병 운동과 아관 파천

을미사변 때의 일본의 불의와 친일 신정부의 급격한 개혁과 단발령의 강요는 국민의 반일 감정을 돋우게 되어, 마침내 무기를 들고 나서는 항일
의병 운동이 일어났다. 그 중, 이소응, 이춘영, 유인석, 김복한, 허위, 기우만 등의 활약은 컸다. 한편, 을미사변으로 후퇴하지 않을 수
없었던 친러파는 어수선한 국내 사정을 틈타 국왕을 비밀리에 러시아 공사관으로 옮겨 모셨다. 이를 아관 파천이라 하는데, 이로 말미암아 다시
친러 정권이 수립되고 그 후 1년간 국왕이 러시아 공관에 머물러 있게 되니, 나라의 체면은 말이 아니었다. 따라서, 각종 잇권이 러시아에
넘어감으로써 열강의 경제욕을 자극하는 바 되어, 이에 각국은 기회 균등을 주장하여 우리 나라로부터 각종 잇권을 탈취하게 되었다.

독립 협회의 활동

열강의 손에 국정이 우롱되며, 위정자의 주견 없는 행동으로 국가 운명이 이지러지려는 때에, 자주 독립, 개화 문명을 지향하는 구국 운동이
일어나게 되었다. 갑신정변 뒤 미국에 건너갔던 서재필은 자유 사회와 근대 문명의 영향을 받고 귀국한 후, 자주 독립의 기치를 들고 민족
계몽을 위하여 독립 신문을 발간하는 한편, 동지들을 규합하여 1896년 독립 협회를 조직하였다.

서재필  

독립 협회는 독립문과 독립관을 건설하고, 독립관에서는 정치 집회를 자주 가졌으며, 종래의 개화주의자와 달리 서재필, 남궁억, 이상재,
윤치호, 이승만 등 젊은 지식인들이 자주 독립을 주장하였다. 이것은 광범한 영향을 각 층에 미친 근대적 구국 운동의 효시로 볼 수 있다.

만민 공동회의 개최

독립 협회는 정부에게 외국에 대한 의존책을 청산하도록 요구하였으며, 보다 광범한 자주, 민권, 자유 운동의 전개를 위하여 만민 공동회를
주최하여 6개조의 결의안을 채택하고 그 실천을 요구하였다. 그러나, 정부는 보부상들의 조직인 황국 협회를 동원하여 독립 협회를 탄압하더니,
마침내 독립 협회를 해산시켰다.

성숙되어 가던 자주 독립과 대의 정치의 태동은 무참하게 꺾였으나, 그 자주 정신은 그 후 오랫동안 우리 민족의 가슴 속에 아로새겨져 빛을
남겼다.

대한 제국의 수립

자주 독립, 국왕 환궁의 소리가 높은 가운데, 아관 체류 1년 만에 국왕은 경운궁(지금 덕수궁)으로 환어하였다. 국왕도 국민의 소리에
호응하여 자주 독립 국가를 건설하고자, 1897년 원구단에서 대한국제 9조를 서고하여 대한 제국을 선포하고, 광무라는 연호를 세웠다. 또,
관제를 개혁하고 13도제를 실시하였으며, 신 교육령을 펴, 소학교, 중학교, 사범 학교 등을 설립하였다. 그러나, 대한 제국의 장래는
구정객의 정권욕과 열강의 간섭으로 인하여, 민중의 자주 독립 정신을 정상적으로 살리지 못하고 다시 악순환의 길을 밟았다.

고종 황제  

러⋅일 전쟁의 영향

삼국 간섭 이후 극동 정책의 대립으로 우리 나라와 만주를 두고 각축전을 벌여 오던 러⋅일 양국은, 전쟁에 의하지 않고 그들의 야욕을 펴고자
1896년, 1902년 양차에 걸쳐 세력권 조정을 위한 협상이 있었으나 실패하여, 1904년 전단을 열었다. 1902년 영⋅일 동맹을 맺었던
일본은 영국의 후원하에 남만주를 점령하고 러시아 함대를 대한 해협에서 격파하여 승리를 거두었다. 그러나, 일본은 국력을 다하였고 러시아는
내정 악화로 전쟁이 교착 상태에 빠져들게 되었으므로, 미국의 중재로 포오츠머드 조약을 맺어 종전하였다. 일본은 이 조약으로 랴오뚱 반도와
사할린 남반부를 영유하게 되었으며, 한국 침략 경쟁에서 러시아를 축출하고 독점적 지위에 올라섬으로써 극동 침략의 주도권을 잡았다.

 5. 민족의 자각 운동

정치적 자각 운동

외세의 농락, 자기 이익만을 추구하는 정객, 정치 사회의 불안정이라는 현상 가운데, 기울어 가는 국가를 부지하려는 일부 선각자들의 구국
운동은 민족의 정치적 자각을 불러일으켰다. 독립 협회가 보수 정부의 탄압으로 해산당한 후에도 많은 정치 단체가 조직되어, 외세 침투에 맹렬한
반대 운동을 전개하는 동시에, 민족 자강과 정치 계몽에 힘썼다.

보안회, 헌정 연구회, 대한 자강회 등의 활동이 컸으며, 특히, 안창호의 신민회와 청년 학우회는 정치뿐만 아니라 경제, 교육, 문화 전반에
걸친 계몽 운동을 전개하였다. 한편, 증가 일로의 차관이 자주 독립을 위협하는 것이라 하여, 국민의 절주 금연에 의한 국채 보상을 목적한
국채 보상회가 1907년 대구에서 조직되었다.1)

도산 안창호  

언론 활동의 성장

근대적인 민족적 자각은 전변하는 국내외 정세의 변동에 자극되는 바 컸다. 보도 기관은 신속하게 새 소식을 전달하는 동시에, 민심, 여론을
창도하는 길잡이 구실을 하였다. 1883년 박문국에서 발간된 한성 순보가 최초의 신문이라 할 수 있으나, 그것은 순간으로 된 관보였으며,
최초의 일간 신문이며 민간인이 발간한 신문은 1896년에 창간한 독립 신문이었다.

한성 순보  

독립 신문이 민권의 대변자로 자주와 민권을 창도하다 폐간된 후에는 1898년에 발간된 황성 신문과 제국 신문이 활약하였는데, 특히 전자는
장지연 등의 과감한 필봉으로 반항의 선봉에 섰다. 1905년에 발간된 대한 매일 신보는 영국인 베델(Bethell)과 양기탁을 중심으로 하여
한글과 영문으로 발간하였는데, 통감 정치하에서도 신랄한 비판을 서슴지 않았다. 민족 진영의 인사들이 발간한 만세보, 대한 민보도 국민 자각에
기여하는 바 컸다.

교육 운동

교육 활동을 통하여 민족적 자각의 앙양을 기할 수 있으며, 교육을 통한 민족의 자강에 의해서 국운을 건질 수 있다 하여, 국민 계몽, 학교
설립, 교육 보급에 헌신하는 선각적 운동이 일어났다.

우리 나라 근대 학교의 시초는 1886년 정부가 설립한 육영 공원이었다. 그러나, 그것은 특수층을 위한 교육 기관이었는 데 대하여, 개국 후
이 땅에 건너와 사랑과 평등의 이념을 펴 오던 크리스트 교 선교사들은 만인이 교육받을 수 있는 사립 학교를 창립하였으니, 그 시초는
1885년의 배재 학당과 다음 해의 이화 학당이었다. 외세에 대한 민족적 자각과 선교 단체에 의한 근대 학교 설립에 영향을 받아, 민족
의식의 앙양과 국민 계몽을 목적으로 한 사립 학교가 민족 진영 인사들에 의하여 속속 전국 각지에 설립되었으며, 을사조약 후에는 더 많은 사립
학교가 세워졌다. 보성, 양정, 오산 학교나 진명, 숙명 여학교 등이 그 대표적인 예로, 많은 인재를 길러 냈다.

창립 시절의 이화 학당  

국문 보급과 국학 연구

일반 대중을 상대로 한 국문 보급에 큰 공헌을 한 것은 크리스트 교였다. 카톨릭 교에서는 1862년경부터 한글 교리서를 폈으며, 프랑스
선교사들은 우리 나라 최초의 외국어 사전인 나한 사전, 한불 자전을 편찬하였고, 한어 문전이라는 한글 문법서를 편찬하였다. 한편,
프로테스탄트도 성서와 찬송가를 국문으로 편찬하여 종교 활동을 통한 한글 반포의 금자탑을 이루었다. 국문의 보급에 따라 신문 보급률도
늘어났으며, 소년, 조양, 가정, 야뢰 등 월간 잡지가 발간 보급되었다. 한편, 한글의 학문적 연구가 시작되었으며, 유길준, 주시경 등에
의하여 대한 문전, 국어 문전 음학 등의 문법서가 저술되었다.

‘소년’ 표지  

국문의 연구와 함께 민족의 전통과 민족의 독립을 찾고자 하는 학문적 노력으로 국사의 연구가 있었다.

장지연, 신채호 등은 우리 역사 연구의 선구자였다.

신문학 운동의 전개

근대 문명의 도입, 개화 운동의 촉진, 국문의 보급과 외세 침투의 영향으로 언문 일치, 자주 정신, 자유 평등, 개화 찬양, 봉건 타파 등
새 시대의 감각을 창작면에 살리고자 하는 신문학 운동이 일어났다.

신문학 운동의 선구자는 이인직이다. 그는 1906년경부터 혈의 누, 귀의 성 등의 작품을 통하여 개화 사상, 사회적 자각을 내세웠고, 이어
이해조, 최찬식 등이 나왔으며, 구연학, 김교제, 육정수, 이상협 등도 신문학 작품을 남겼다.2)

귀의 성 표지  

소설 문학의 새 기운에 호응하여 시문학에 있어서도 새 경향이 일어났다. 최남선이 자유시의 선구자로 활약하게 된 후 자유로운 정서의 표현
활동이 활발해졌다.

근대 문화의 도입에 따라 서양 음악이 전해져 애국가, 한양가, 독립가 등 창가가 나와 청소년에게 즐거이 불려졌다. 또, 민족 의식을 반영한
을지문덕전, 이순신전, 최익현전 등 침략과 싸운 인물의 전기 문학을 비롯하여 번역 문학도 크게 일어났다.

종교 생활의 근대화

1784년 이래 100여 년 간 꾸준한 박해에도 불구하고 자라 나온 카톨릭 교는, 개국 이후 포교 활동의 자유를 얻어 큰 발전을 보였고,
프로테스탄트의 각 파도 선교사들에 의하여 도입되었다. 크리스트 교는 종교적 활동뿐만 아니라 교육, 문화, 사회 사업을 전개하여 근대 문명의
소개, 민족의 계몽, 사회 생활 개선에 공헌한 바 컸다.

외래의 크리스트 교뿐만 아니라 민족적 전통을 지닌 동학이 손병희의 노력으로 천도교로 개편된 후 사회 각층으로 그 교세를 폈다. 동학과는 달리
민족의 시조인 단군을 신앙의 대상으로 삼는 대종교가 1909년 이후 유포되어 외세 배격, 민족 자주 운동을 펴게 되었다.

종교 활동을 통한 지식 보급, 한글 홍포, 새 문화의 계몽, 봉건 폐습의 타파, 평등⋅자유 사상의 유포 등은 우리 역사상 커다란 의의를 지닌
일들이다.

 6. 근대 기술 문명의 도입

의료⋅후생 시설의 근대화

근대적 의료 기술의 도입은 미국인 선교사 알렌(Allen)에 의하여 이루어졌다. 그는 우리 정부의 후원을 얻어 광혜원을 설립하였다. 그 후,
세브란스(Severance)가 서울에 최초로 사립 병원을 차렸으며, 이에 자극되어 정부에서도 전국 10여 개 중요 도시에 자혜 병원을
설립하였다. 또, 1907년에 세워진 대한 병원에는 의학부, 약학과, 간호과를 부설하여 의학 교육을 실시하였다. 지석영은 1879년 우두법을
체득하여, 이의 보급에 헌신함으로써 국민 보건에 커다란 공헌을 남겼다. 그리고, 개화 문명의 도입과 인구의 증가에 따라 서울에 상수도 시설이
갖추어졌고, 창경원에 동물원, 식물원이 설비되고, 공원도 생겨났다.

지 석영  

통신 시설의 근대화

갑신정변의 소란 가운데 우체 사무의 개시는 중단되었으나, 1885년에 건설된 서로 전선으로 전신 사업이 시작되었고, 1877년 전보 총국
개설, 전보 장정과 한글 전신 부호의 제정을 보았다.

1900년 통신원이 독립되고 만국 우편 연맹에 가입함으로써 우리 나라 우체 사무는 본격화하게 되었다. 전화는 이미 1898년 궁내와 정부 각
기관에 개설되었으며, 1902년에는 처음으로 서울과 인천 간에 장거리 전화가 가설되었다.

초기의 우표  

교통⋅운수의 근대화

근대 과학 문명의 도입에 따라서 교통 운수 수단의 근대화도 촉진되었다. 최초로 건설된 철도는 1899년에 개통된 경인선이었으며, 이어
1904년에 경부선, 이듬해에 경의선이 완성되어 남북의 종관 철도의 완성을 보았다. 이 밖에, 초기에 완성된 마산선, 경원선 등이 있었는데,
철도 시설은 주로 조선 침략의 신경로 개척에 힘쓰던 일본에 의하여 추진되었다.

한편, 1898년 콜브란(Collbran)은 왕실의 원조하에 한성 전기 회사를 설립하고, 이듬해에 서울에 전차를 운행하였으며, 도성 내에는
전등도 가설하였다. 해상 운수, 교통 수단으로는 1882년 화륜선이 도입되고, 1889년에는 기선 회사가 설립되었다. 교통 기관의 확충에
따라 1906년 치도국을 두어 공로 행정을 주관하게 하였다.

서울의 첫 전차  

경제 조직의 근대화

국가 재정의 기초가 되는 양전 사무를 주관하는 양전국을 설치하여 토지를 측량하게 하였고, 그것을 토대로 13등급의 지세 제도를 마련하였는데,
모든 세납을 근대적 수납 방법인 금납제로 실시하게 된 것은 갑오경장 때의 일이었다. 한편, 갑오경장 때에 탁지아문을 두어 국가 재정을
일원화하고 예산 재정을 지향하게 되었으며, 무질서한 통화 제도를 개혁하여 은본위제에 입각한 화폐 제도를 확립하였다. 또, 도량형의 정리도
단행하였다. 그러나, 근대적 경제 생활에 어두웠던 탓으로, 1877년 일본 제일 은행에게 중앙 은행의 역할을 맡겨 일제의 금융 침투의 길을
터 주었음은 큰 실책이었다. 그러나, 일본 자본의 침투에 대항하여 민족 자본에 의한 천일 은행, 한성 은행, 한일 은행 등이 설립되었다.

근대적 산업 활동의 전개

산업 각 분야에 있어서도 근대화의 움직임이 활발하였다. 국가의 대본이라는 농업에 있어서는 농업 기술 기관으로 1906년 수원에 권농 모범장,
서울에 원예 모범장 등 전국 6개소에 종묘장이 설치되고 농림 학교가 생겼다. 한편, 수리 조합의 건설이 시작되고 황무지 개간이나 인삼 재배,
양잠에도 새로운 진전이 있었다. 1908년에는 측후소가 설치되어 농업과 어업에 편의를 주게 되었다. 종래 소홀하였던 지하 자원 개발도
광업법의 개정에 따라 활기를 띠게 되었다. 또, 산림 보호를 위하여 삼림법이 제정되었으며, 영림창을 설치하여 압록강, 두만강 상류의 원시림
개척에 착수하였다. 삼면이 바다인데도 우리 나라의 어업 활동은 매우 부진하였고, 그나마 1883년의 통상 장정에 의하여 일본 어민들의 침해가
컸다. 이 무렵부터 주안, 광량만 등에서 천일 제염이 시작되었다. 1907년에 공업 전습소가 설립되었으나, 근대적 일용품의 대부분은 일본에서
수입하였다.

 7. 국권의 박탈과 민족의 수난

격화되는 일제의 한국 침투

1904년 러⋅일 전쟁을 계기로 일본은 이미 계획한 설계에 따라 우리 나라 침투를 더욱 강화하였다. 러⋅일 전쟁에서의 국외 중립을 선언한
우리 나라에 대하여 정치적, 군사적 간섭을 합리화시키기 위하여, 이용익 등의 맹렬한 반대에도 불구하고 한⋅일 의정서를 성립시켰다. 이에
의하여 내정 개혁의 충고권, 비상 사태하에서의 독자적 행동권을 쥐게 된 일본은, 이어 전쟁 수행상의 필요를 빙자하여 광대한 토지와 통신망을
접수하였다.

유리한 전세에 힘입은 일본은 내정 개선의 길이라 하여 외국인 고문을 초빙하는 내용의 한⋅일 협정서(제1차 한⋅일 협약)를 성립시켰고, 마침내
외교, 재정 고문은 물론 조약에도 없는 군부, 경무, 궁내부 고문과 학정 참여관까지 우리 정부에 들이밀어 고문 정치를 폈다. 일본은
1904년 10월, 비밀리에 대한 시설 강령이라는 조선 병탄 계획을 꾸며, 일본인 재정 고문으로 하여금 재정 정리라는 명목으로 조선 재정을
수중에 넣어, 실질상의 한국 병탄을 준비하게 되었다.

한국의 국제적 고립

일본의 한국 침략은 먼저 한국을 국제적으로 고립시키는 데 제1단계 목표를 두었다. 한국 침략의 경쟁자 청국을 청⋅일 전쟁으로, 또 러시아를
러⋅일 전쟁으로 탈락시킨 후, 교묘한 외교 활동을 전개하여 러⋅일 전쟁 종결 직전의 영⋅일 동맹 개정 교섭 때 영국으로부터 한국의 보호권을
인정받았고, 미국과는 태프트⋅가쯔라 협약에 의하여 필리핀에서의 미국의 우월권을 인정하는 댓가로 한국에서의 우월권을 인정받았다.

그러므로, 한국에 커다란 관심을 가졌던 열강도, 한⋅일 협정서로써 한국의 외교 활동을 일본이 감독할 수 있게 되자, 한국 주재의 외교 사신을
차차 본국으로 소환하였다.

을사 5조약과 통감 정치

국제적으로 고립된 한국에 대하여 일본은 노골적으로 그 악랄한 수단을 드러내게 되었다. 1905년 군대를 대동하고 내한한 이토오 히로부미는
우리 나라에 대하여 을사조약의 체결을 강요하였다. 참정 대신 한규설 등의 강경한 반대에도 불구하고 일부 매국 정객들의 호응에 의하여 을사
5조약(제2차 한⋅일 협약)이 체결되었다. 을사조약에 따라 서울에 통감부가 설치되어 한국의 외교, 내정 감독권을 행사하니, 독립이란
유명무실한 보호국이 되었다. 통감 정치하에서 일제는 한국의 완전 병탄을 위한 사전 공작으로 경제 지배권의 확립과 군사력에 의한 치안권 장악을
서둘렀다.

통감 정치에 대한 민족의 항거

비밀리에 체결된 을사조약은 황성 신문이 재빨리 그 내막을 보도하였고, 그 신문에 실린 ‘시일야 방성대곡’이란 사설은 국민의 의분을 크게
자극하였다. 상가는 철시하였고, 군중은 시내로 몰려들어 조약 무효를 주창하고, 을사 5적을 규탄하는 반일 시위가 벌어졌다. 이상설, 민영환,
조병세, 최익현, 안병찬 등은 조약 취소를 강력 상소하다가 뜻을 이루지 못하게 되자, 민영환, 조병세, 안병찬, 홍만식, 이상철 등은
순국으로써 충성을 다하였다.

황성 신문  
하단이 시일야 방성대곡의 사설이다.

지방 유생들의 항거는 보다 적극적이어서, 13도 유림을 대표하여 상소 투쟁하던 이건창은 옥중에서 피를 토하고 순국하였으며, 보다 적극적인
구국의 의병 운동이 사방에서 일어났다.

민종식은 홍주성을 점령하고 기세를 떨쳤으며, 최익현은 임병찬과 더불어 순창을 중심으로 한 전북에서, 신돌석은 경북 평해에서, 유인석은
강원도에서 봉기하여 항일 의병 운동을 폈다.

헤이그 밀사와 고종 퇴위

을사조약이 강요에 의한 것이었으므로 고종도 조약 무효화를 위하여 노력하였다. 대한 매일 신보를 통하여 미, 영, 독, 러 4개국의 공동
보호를 호소하였으며, 또한 미국인 헐버어트(Hulbert)를 황제의 밀사로 미국에 파견하여 일제를 당황하게 하였다. 때마침 네덜란드의
헤이그에서 제2회 만국 평화 회의가 개최된다는 소식을 접하자, 고종은 이상설, 이준을 밀사로 파견하였다. 이들은 이위종과 더불어 헤이그에
나타났으나, 일제와 영국의 방해, 본국 친일 정부의 불협조로 뜻을 이루지 못하였고, 다만 이 회의와 동시에 열렸던 만국 기자 협회에서 억울한
사정을 호소했을 뿐이었다. 뜻을 이루지 못하게 된 이준은 통분한 나머지 헤이그에서 분사 순국하였다.

헤이그 밀사에게 준 황제의 신임장  

헤이그 밀사 사건에 놀란 일제는 이 기회에 항일적인 고종을 몰아 내고자 매국노를 앞세워 고종의 퇴위를 강요하였다. 고종은 다만 황태자 대리
섭정만을 수락하였던 것인데, 일제는 황제 양위식을 강행하였다. 이리하여, 순종이 즉위하고 연호는 융희로 바뀌었다. 고종 퇴위의 진상을 알게
된 국민의 분격은 컸다. 대한 자강회, 대한 구락부, 국민 교육회, 동우회 등 애국 단체의 영도하에 항일 운동과 매국노 소탕 운동은 한층
격렬하게 일어났다.

일제 침략의 강화

고종 퇴위 후의 어수선한 틈을 타 일본의 침략은 더욱 강화되었다. 국왕 폐립의 여세를 빌어 행정 각 부에 일본인 차관을 두어 내정 간섭을
강화하였다. 이 차관 정치를 골자로 하는 정미 7조약을 성립시켰으며, 신문지법, 보안법 등으로 우리 국민의 언론, 집회, 결사의 자유를
박탈하였다. 또, 한국의 완전한 병탄을 위한 최후의 준비로서, 우리 국민의 손에서 총칼을 거두기 위하여, 속임수로써 군대 해산을 단행하였다.
민족의 무장이 박탈당하는 비극에 대대장 박성환이 순국 항의하게 되자, 사병들은 무기를 들고 일제와 충돌하였으나, 우세한 무장 앞에 꺾이고
말았으며, 그 뒤 지방으로 흩어져 의병 운동에 합류하였다. 서울뿐만 아니라 강화와 원주의 진위대도 무기를 들고 일군과 싸웠다.

의병 운동과 잇단 의거

왕비 시살, 단발 강요를 직접적인 계기로 전국 각지에서 전개되었던 의병 운동은 군대 해산을 계기로 일층 활발하여졌다. 의병은 신돌석, 허위,
민긍호, 이강년, 이진용, 곽학기 등 지방 명문 유생들을 중심으로 수천, 수백의 인원으로 부대를 편성하여 전국 각지에서 활동하였다.
1907년 이후 5년간 일본군에 의하여 피살된 수가 17,799라는 일본군 공표를 통하여 보아도 얼마나 치열하였던가를 알 수 있을 것이다.

의병 궐기도  

한편, 일제의 탄압이 강화되자 여러 열사의 개인적인 구국 운동도 일어났다. 1908년, 일제의 앞잡이로 날뛰던 미국인
스티븐스(Stevence)가 샌프란시스코에서 전명운, 장인환에게 피살당하였고, 1909년에는 일제의 대륙 침략의 원흉인 이토오 히로부미가
하얼삔 역두에서 안중근에 의하여 사살되었다. 이 밖에도 허진, 서병의, 김형식 등이 일진회를 성토하였고, 이재명은 이완용을 척살하려다 뜻을
이루지 못하고 순국하였다. 이것은 대규모의 투쟁이 불가능해진 마당에서 전개된 개인적 구국 운동이었다.

경술 국치와 민족의 수난

우리 겨레의 줄기찬 항쟁에도 불구하고 일제의 침략욕은 조금도 줄어들지 않았으며, 오히려 우리 나라의 숨통을 누를 최후의 기회를 노리고
있었다. 1910년 신임 테라우치 통감은 헌병 경찰 제도를 실시하여 경찰권과 사법권을 탈취하고, 대한 매일 신보, 황성 신보 등 각 신문을
폐간시켜 우리의 이목을 가리고, 한국 병탄의 최종 절차인 합방 조약을 성립시켰다. 이리하여, 경술 국치에 의하여 우리 나라는 일제의 식민지로
전락되는 고난을 맞이하였다.

오랜 쇄국의 어두운 역사에서 개국을 맞이하여 근대화의 길이 트이기는 하였으나, 뿌리깊은 국내의 보수 세력과 제국주의적 열강의 식민 경쟁의
회오리 속에 말려들어 근대 국가로서의 정상적 발전을 이루지 못하더니, 마침내 일본의 희생물이 되어 민족은 수난의 고초를 겪게 된 것이다.

▦ 연구 과제 ▦

1\. 우리 나라와 서양 각국과의 통상 조약의 내용을 비교 연구하여 보자.

2\. 우리 나라를 무대로 한 열강 세력의 각축을 연구하여 보자.

3\. 갑신정변과 갑오경장의 성격을 비교하여 보자.

4\. 동학 혁명의 역사적 배경을 연구하여 보자.

5\. 경술 국치에 이르기까지 한⋅일 정부 간에 맺어진 조약을 도표로 만들어 그 내용을 연구하여 보자.

6\. 한⋅일 합방 이전의 우리 민족의 의식적 개화 운동을 정치, 언론, 교육, 종교, 산업, 후생, 과학 등 각 방면에 걸쳐 도표화하여
보자.

 Ⅵ. 민주 대한의 발달

   1\. 일본의 침략 정치  
   2\. 민족의 독립 투쟁
   3\. 민족의 피어린 문화 운동
   4\. 대한 민국의 수립과 시련
   5\. 혁명과 발전
   6\. 우리의 사명

-⋅ 학습의 요점 ⋅-

1\. 우리 민족은 국권을 회복하고 민족 문화를 지키기 위하여 얼마나 피눈물나는 항쟁을 하였는가?

2\. 우리 대한 민국은 어떻게 수립되었으며, 어떠한 파란 속에서 오늘에 이르렀는가?

3\. 우리 민족의 과제는 무엇이며, 우리는 국가와 민족의 앞날을 위하여 어떠한 노력을 하여야 하는가?

[3⋅1 독립선언 기념탑]

 1. 일본의 침략 정치

일제의 무단 정치

한국 병탄이란 큰 야망을 달성한 일제는 조선 총독부를 설치하고, 군사와 내정을 장악하는 총독을 임명하여 한반도를 통치하도록 하였다. 초대
총독 테라우치 마사타케는 강압적이고도 야만적인 무단 정치를 하였으며, 4만의 헌병과 헌병 보조원을 수족으로 헌병 경찰 제도를 실시하여
무력으로 한국민을 다스리도록 하였고, 심지어는 관리나 교원에게까지 제복과 칼을 차게 하여 조소를 샀다.

105인 사건을 조작하여 무고한 애국 인사를 투옥하고, 모든 정치적 결사와 집회를 인정하지 않았으며, 한글로 발행되던 신문을 폐간하여 여론
창도의 길을 막고, 우리의 이목을 가리었다. 악명 높은 무단 정치는, 1919년 무력에 굴하지 않는 우리 민족의 거족적이고 평화적인 기미
독립 운동으로 말미암아 부득이 중단하지 않을 수 없었다.

토지 조사 사업과 농민의 몰락

한국인으로부터 농토를 수탈하는 동시에 식민지 통치의 재정 조달을 위한 조세 제도 확립의 기초 작업으로 1912년부터 7년간에 걸쳐 토지
조사를 하였다. 근대적 토지 소유 제도의 개편을 내세운 토지 조사 사업으로, 이 때까지 토지 소유 관념이 뚜렷하지 못하였던 실정과 관을
상대로 하는 법 생활의 미숙 및 일본인에 대한 반감으로 소정의 신고를 소홀히 함으로써 우리 농민은 막대한 피해를 입었다. 그리하여, 민전과
문중 전답, 종중 산림, 공해전, 궁원전, 역전, 둔전 등의 공전이 총독부 소유로 된 것이다. 전국 농토와 임야의 약 4할이 총독부의 손에
들어가자, 총독부는 이것을 동양 척식 주식 회사를 위시한 일본인 토지 회사와 이주 일인 농민들에게 헐값으로 불하하여 주었다.

토지 조사 사업으로, 현실적 토지 점유자이며 경작자이던 농민층이 소작농으로 몰락하였으므로, 소수의 양반 관료와 친일파들이 지주층을 형성하게
되었다. 따라서, 국민 대다수는 여전히 반봉건적 소작 관계에 얽매이게 되었다. 한편, 막대한 농토가 일인 수중에 들어가자 자연적으로 우리
농민의 농가당 평균 경작 면적이 감소되어, 가족을 부양하기 어려운 영세농이 되지 않을 수 없었다. 따라서, 곤궁하여 농산물을 팔지 않을 수
없게 되자 농토를 등지고 이농하는 자가 격증 일로였으며, 화전민이 늘어났고, 삶의 터를 찾아 만주나 일본으로 이주하는 비극이 잇달아
일어났다.

농민의 소작농화 경향

평균 연차 | 소작 농가 홋수 | 전 농가에 대한 비율  
---|---|---  
1913~17 | 1,008,000호 | 39.4 %  
1918~22 | 1,098,000 | 40.6 %  
1923~27 | 1,172,000 | 44.7 %  
1928~32 | 1,136,000 | 50.2 %  
1933~37 | 1,577,000 | 55.2 %  
  
한국 경제사 개설 : 최 호진 저

문화 정치의 진상

1919년의 기미 독립 운동은 일제의 간담을 서늘하게 하였으며, 무력에 의한 위협으로 우리 민족을 다스릴 수 있다고 생각하던 통치 방침에 큰
충격을 주었다. 이리하여, 일제는 일시적 방편으로 우리 민족을 회유하고자 이른바 문화 정치를 내세웠다. 헌병 경찰제를 폐지하고 일반 경찰제를
취하였으며, 관리와 교원의 제복과 대검을 철폐하였다. 그리고, 한글로 된 몇 가지 신문의 발행을 허가하고, 소수 인사를 말단 관리로
등용하였다. 그러나, 경찰의 수는 오히려 늘어났고 감옥은 넓혀졌으며, 신문에 대해서는 엄중한 검열을 실시하였다.

관리의 등용에 있어서도 일본인 관리와 심한 차별 대우를 하였으며, 이를 오히려 민족 이간에 이용하였다. 문화 정치란 하나의 구실이었으며,
오히려 경제 수탈은 강화되었다.

경제 지배의 준비 공작

우리 나라에 대한 일제의 경제 정책은 3단계로 구분할 수 있다. 그 제1기는 1910년부터 1918년까지이다. 이 때에는 식민지 경제 착취의
기초 작업이 수행되었다. 토지 조사 사업과 아울러 1904년부터 화폐 정리가 단행되어 근대적 화폐제의 확립을 보았고, 중앙 은행으로는 조선
은행이 설립되고, 식산 은행으로는 농⋅공 은행이 설립되어 금융 자본의 독점 조직이 이루어졌다. 한편, 경제 착취의 신경이 될 교통, 운수,
통신의 확충이 수행되어 1914년까지는 전국의 간선 철도가 완성되었고, 일본과의 해저 전신, 각 도시 간의 통신망이 정비되었다.
1912년에는 우선 회사가 창립되어 해운 활동을 펴게 되었다. 급증하는 총독부 재정의 확보를 위하여 각종 세목이 생겨났고, 징세 사무가
강화되었으며, 인삼, 담배, 소금 등의 전매 사업이 시작되었다. 여기에 경제 착취의 수족이 될 일본인의 이민이 성행하였음은 물론이다.

농업 수탈의 강화

경제 수탈의 제2기는 1919년부터 1929년까지로서, 제1차 세계 대전을 계기로 급속하게 자라난 일본의 자본주의가 그 발전의 경제적 기반을
우리땅에서 찾으려던 때였다. 즉, 상⋅공 증가에 따른 농촌의 피폐로 식량을 얻고, 각종 제조 공업의 원료를 우리 땅에서 구하고, 생산품을
손쉽고 값싸게 소비시킬 수 있는 소비 시장 조성을 목적한 때였다.

일본은 1920년부터 산미 증식 계획을 실천에 옮겼고, 1926년부터는 제2차 계획이 착수되었다. 이에 따른 산미 증산 활동으로 미곡
생산량이 증가하였으나, 농업 형태는 벼농사 중심의 단작형 농업으로 바뀌어 자립성을 상실하게 되었다. 또, 증산을 위한 수세, 비료대, 운반비
등의 격증으로 오히려 농촌 경제는 악화되었다. 생산된 미곡은 일본으로 반출되었고, 그 양은 해마다 증가하였으며, 그 대신 만주에서 잡곡을
반입하였다. 원료 공급책으로 면화 재배와 양잠을 장려하였고, 그 생산품은 공판 제도에 의하여 수탈되었다.

대일 미곡 반출로 붐비는 군산항  

미곡 생산고와 대일 반출량(생산량 대 반출량)

연도 | 생산량 | 반출량  
---|---|---  
1920 | 1,270만 석 | 185만 석  
1922 | 1,432 〃 | 340 〃  
1924 | 1,517 〃 | 475 〃  
1926 | 1,497 〃 | 544 〃  
1928 | 1,730 〃 | 742 〃  
1930 | 1,370 〃 | 540 〃  
1932 | 1,590 〃 | 760 〃  
1934 | 1,630 〃 | 870 〃  
  
한국 경제사 개설 : 최호진 저

대륙 침략의 병참 기지화

1931년 불법적인 만주 사변으로 만주를 지배하게 된 일본은 보다 적극적인 대륙 침략을 펴게 되었다. 군부 독재를 확립한 일본은 제1차 세계
대전 후급속히 자란 일본 자본주의의 잉여 자본을 동원하여 보다 유리한 해외 투자지로서 대한 반도를 지목하고, 대륙 침략의 병참 기지로 삼고자
하였다. 1930년 이후의 병참 기지화 정책에 따라 농⋅공 병진의 산업 활동을 폈다. 이리하여, 종래의 식량 증산과 더불어 근대 공업 시설이
설치되기 시작하였으며, 지하 자원의 개발이 활발해졌다.

대일본 수출입 비율

연도  
품명 | 수출 | 수입  
---|---|---  
1921 | 1935 | 1921 | 1935  
식료품 | 69.9% | 59.7% | 9.9% | 12.5%  
원료 | 13.4% | 16.5% | 4.8% | 10.4%  
원료제품 | 12.3% | 17.2% | 9.2% | 14.1%  
완제품 | 2.7% | 5.1% | 75.6% | 61.6%  
기타 | 1.7% | 1.5% | 0.5% | 1.4%  
계 | 100% | 100% | 100% | 100%  
  
한국 경제사 개설 : 최호진 저

공업화 경향은 1937년의 중⋅일 전쟁의 발발과 더불어 강화되어, 전 생산액에 대한 공업 생산액이 차지하는 비중은 커 갔다. 그러나, 모든
공업 시설은 일본 전체를 한 단위로 한 일부여서 자립성이 없었고, 또한 중공업을 중심으로 추진되었으며, 거의 다 일본 대재벌에 의하여 독점된
것으로, 우리 겨레에게는 도움은커녕 오히려 부담만이 늘어 갔을 따름이었다.

산업별 생산액 비율의 변천

| 1925 | 1931 | 1936  
---|---|---|---  
농산물 | 72.7% | 63.1% | 51.8%  
임산물 | 3.2% | 5.3% | 5.1%  
수산물 | 5.1% | 6.9% | 7.0%  
광산물 | 1.3% | 2.0% | 4.8%  
공산물 | 17.7% | 22.7% | 33.1%  
합계 | 100 | 100% | 100%  
  
한국 경제사 개설 : 최호진 저

지하 자원 개발에 있어서는 전쟁 물자 도입의 대외 지불 수단의 보충을 위한 금광의 개발과 연료 확보를 위한 탄광 개발에 광분하였다. 그러나,
1941년 미⋅일 전쟁의 시작에 따라 전략 물자인 철, 석탄, 텅스텐, 흑연, 마그네사이트, 몰리브덴 등 광산물의 수탈량이 급증하였다.

중요 광산물 산출량 (단위: 톤)

| 금 | 철 | 석탄 | 텅스텐 | 흑연 | 몰리브덴 | 마그네사이트  
---|---|---|---|---|---|---|---  
1930 | 5,876 | 532,457 | 884,138 | 11 | 20,073 | 28 | 0  
1940 | 22,060 | 1,185,426 | 5,740,941 | 4,218 | 94,581 | 195 | 73,540  
1944 | 0.598 | 3,331,814 | 7,048,776 | 8,333 | 103,306 | 160 | 157,745  
  
국사 신론 : 이기백 저

민족성 말살 정책의 강행

만주 사변을 계기로 일제의 식민지 정책이 제3기로 접어들면서 경제적으로는 병참 기지화를 서두르는 한편, 정치적으로는 민족성 말살 정책을
강행하게 되었다. 내선 일체, 동조 동근 등 허울 좋은 구호를 내걸고 황국 신민화 운동이라는 것을 내세워 강행된 이 정책은 세계 식민 사상
그 유례를 찾을 수 없는 것이었다.

교육을 통한 민족성 말살이 첩경이라고 생각한 일제는 교육에서 우리말 사용을 금지하였으며, 또한 우리의 국사를 가르치지 못하게 하였고,
아침마다 궁정 요배를 강요하고, 황국 신민 서사를 제창시켰다. 또, 신사 참배를 강요하여 이에 불응하는 애국 지사를 투옥 살해하였고, 심지어
학교를 폐쇄하기까지에 이르렀다.

일반에 대해서도 신사 참배, 정오 묵도, 일어 상용을 강제하였으며, 우리말로 발행되던 일간 신문과 잡지를 폐간하였다. 그뿐만 아니라, 끝내는
일본식으로 창씨 개명을 하게 하는 만행을 부렸다. 강압적인 민족성 말살 정책에 대한 우리 민족의 반발은 컸으나, 그들은 헌병과 고등계 형사를
동원하여 탄압하였으며, 심지어는 사상범 예방 금지령이라는 악법까지 제정하였다.

인적 자원의 수탈

일제의 착취는 경제적 착취에만 그친 것이 아니라, 인적 자원의 수탈에도 미쳤다. 중⋅일 전쟁이 시작되어 침략의 무대가 확대되고, 또 장기간의
전쟁으로 일본 인구의 고갈을 염려하게 된 일제는 전선으로 우리 청년을 끌어내고, 산업 전선으로는 남녀의 노동력을 징발하였다. 1938년 조선
육군 특별 지원병 제도를 실시하였고, 마침내 징병제, 학병제를 시행하여 수다한 우리 청년과 학도들을 전선으로 끌어내었다 또, 근로 보국대라는
이름으로 노동력을 착취하기 시작한 일제는, 태평양 전쟁이 폭발된 후로 징용령을 실시하여 막대한 노동력을 공장, 광산, 군사 기지로
끌어갔으며, 심지어 연약한 여성들까지도 여자 정신대라는 이름으로 강제 동원하였다. 이리하여, 아시아 전역에서 비명에 죽고 고초를 당한 우리
동포는 수백만이나 되었다.

노동력 징발에 끌려 가는 우리 여성들

 2. 민족의 독립 투쟁

내외에서 전개된 독립 운동

경술 국치 후 많은 인사들의 순절 순국에 뒤이어 곧 조직적인 항일 독립 운동이 전개되었다. 이 독립 운동은 국외로 망명한 인사들이 전개한
무력 항쟁 및 외교적 독립 운동과 국내에서의 비밀 결사 운동으로 나누어 볼 수 있다. 국외에서는 한말 의병 운동을 영도하던 분, 구한국의
고관을 지낸 뜻있는 분, 그리고 신식 교육을 받아 근대 국가 의식에 눈뜬 우국 지사들을 중심으로 전개되었으며, 그들은 경술 국치를 전후하여
속속 해외로 망명하였다.

남⋅북 만주와 연해주로 간 분들은 주로 무장 독립 운동을 전개하였고, 중국 본토와 미국으로 간 분들은 외교 활동에 의한 조국 광복 운동을
전개하였다. 이 무렵, 해외 독립 운동의 중심지는 중국 상하이였다. 서재필, 안창호, 이승만 등이 자리잡았던 미국은 우리 독립 운동의 외교
전선이었고, 자금 조달 중심지였다. 유인석, 이상설, 이범윤 등이 근거를 둔 연해주는 무력 항쟁의 근거지가 되었다.

국내에서는 신민회, 독립 의군부, 광복단, 광복회 등의 비밀 결사가 활동하였으나, 악명 높은 헌병 경찰에 의하여 무자비하게 탄압당하였다.

3⋅1 운동과 그 의의

제1차 세계 대전 중 유럽에서 일어난 민족 독립 운동, 자유 쟁취의 경향은 세계에 전파되었으며, 또 윌슨(Wilson)이 전후 세계 평화의
원칙으로 내세운 민족 자결의 원칙은 국내의 독립 운동자들에게 커다란 자극이 되었다. 민족 자결에 호응하여 일어난 독립 선언은 먼저 토오쿄오
유학생들의 2⋅8 독립 선언으로 나타났다.

한편, 국내에서도 때마침 돌연한 고종 승하로 민심이 들끓고 있는 때를 타서, 손병희를 중심으로 한 천도교, 불교, 크리스트 교 등 각계
각층의 민족 대표자 33인의 이름으로 서울 파고다 공원에서 독립을 선포하였다. 모여든 군중은 독립 선포에 이어 태극기를 높이 들고 대한 독립
만세를 고창하며 평화적인 시위를 전개하였다.

3⋅1 운동의 모습  

전국 방방 곡곡에서도 독립 만세가 천지를 진동하였으며, 거국적 민족 운동은 중국, 만주, 연해주와 미국 등 해외 각지까지 번졌다.

민족 자주의 정권과 인류 평등의 대의를 선포한 평화적 독립 선포는 제암리 사건과 유관순의 순국에서 보듯 잔악한 일제의 탄압으로 결국은 실패에
돌아갔다.

3⋅1 운동이 비록 그 직접 목적을 달성하지는 못하였으나 민족사상의 의의는 매우 크다. 무력에도 굽히지 않는 민족의 독립 정신을 내외에
선포하여 민족의 역량을 과시하였고, 이에 놀란 일제는 통치 방침을 무력 중심에서 회유적인 문화 정치로 바꾸었다.

또, 이를 계기로 보다 강력하고 조직적인 독립 투쟁을 위하여 상하이에 대한 민국 임시 정부를 수립하였고, 연통제1)를 조직하여 내외의 독립
운동을 조직화하여 큰 성과를 거두었다.

의사들의 계속적인 독립 투쟁

3⋅1 운동으로 새로운 활소를 얻게 된 독립 운동은 각 부면에서 광범하게 전개되었다. 그 중의 하나가 의사들에 의한 의거였다. 국내 혹은
국외에 잠입하여 일본 황제의 저격, 총독부 고관의 사살, 매국노, 친일분자의 암살이나 일본 행정 기관 및 착취 기관의 폭격 등을 감행하였다.
의거 가운데서도 신임 총독에 대한 강우규의 폭탄 투척 사건, 의열단계인 박재혁의 부산 경찰서 습격, 최수봉의 밀양 경찰서 습격, 김상옥의
종로 경찰서 습격, 송학선의 총독 습격, 나석주의 동척 회사 폭탄 사건 등이 유명하다.

또, 일본 천황을 저격한 김지섭, 이봉창 등은 모두 그 목적을 달성하지는 못하였으나, 우리 겨레의 기개를 보였으며, 1932년 상하이의
홍코우 공원에서 윤봉길은 대륙 침략의 선두에 섰던 일본 군부 수뇌를 저격함으로써 4억 중국민을 감탄하게 했으며, 그 후 중국은 적극적으로
우리의 독립 운동을 후원하게 되었다. 이 밖에, 서상한, 박열, 양근환, 최윤동 등의 의거가 있었다.

윤봉길  

무장 독립군의 활동

경술 국치 이후 망명 나왔거나 가혹한 수탈에 삶의 터전을 잃고 해외로 이주한 동포들이 가장 많이 정착한 곳이 동북 만주와 연해주였다. 이미
1919년경 만주 각지에 자리잡은 동포의 수가 200만이나 되었으며, 3⋅1 운동 이후 그 수는 더욱 늘어났고, 이들을 배경으로 무장 독립
단체들이 활동하였다.

만주에서의 무장 독립 운동은 병오⋅정미 의병 운동이 실패한 후 이 지방으로 옮겨간 유인석, 이강년, 홍범도 휘하의 의병 부대 정착에
연원한다. 그 후, 3⋅1 운동의 자극을 받아 무장 독립 운동은 활기를 띠었으며, 1931년 만주 사변 때까지 수많은 무장 독립 단체가
만주, 연해주, 심지어는 함경도 국경 지대에서도 활동하였다.

초기에는 이청천의 서로군정서군, 김좌진의 북로군정서군, 독립단, 국민회 등의 활약이 컸고, 1930년경에는 정의부, 신민부, 임시 정부
계통인 참의부의 활동이 컸다. 이들 독립군이 얻은 최초의 승리는 1919년 홍범도 부대가 국경선 각지에서 얻은 성과였으며, 가장 빛나는
전과는 2500명의 소수 부대로 적군 5만을 무찌른 1920년의 청산리 승첩이었다. 패전한 일제는 그 분풀이로 만주 각지에서 우리 동포를
마구 학살하는 죄악을 저질렀다.

김좌진  

만주 사변 후 독립군은 반만 중국군과 협력하여 솽청보, 징뽀호, 쓰따오허쯔, 뚱징청, 따쒼쯔링 등지에서 왜군에 승전하였으나, 증강되는 왜군에
압도되어 그 무대를 중국 본토로 옮겼으며, 일부는 장백 산맥에 들어가 유격전을 전개하게 되었다.

강화된 국내의 항일 투쟁

3⋅1 운동 후 포악한 탄압이 계속되는 가운데 표면상 국내의 투쟁이 한때 고개를 숙인 듯하였으나, 일본 제국주의에 대한 반대 투쟁인 노동
쟁의와 소작 쟁의는 격화 일로였다. 일제의 착취에 대한 쟁의와 수탈의 격화로 몰락한 농민들의 투쟁은 전국 각지에서 끈덕지게 전개되었다. 우리
민족은 일제의 탄압에도 불구하고 1926년 순종 승하를 기회로 또 다시 기미 독립 운동에 비할 독립 만세 운동을 계획하였다. 이 계획은 미리
탄로되었으나, 6월 10일 청년 학생들을 중심으로 독립 만세를 고창하고 시위를 전개하였으며, 이 운동은 전국에 파급되었다. 이를 6⋅10
만세 운동이라 한다.

소작 쟁의와 노동 쟁의의 증가

| 소작 쟁의 | 노동 쟁의  
---|---|---  
건수 | 관계 인원 | 건수 | 관계 인원  
1917 |  |  | 8 건 | 1,148 명  
1920 | 15 건 | 4,040 명 | 81 건 | 4,599 명  
1923 | 176 건 | 3,973 명 | 72 건 | 6,041 명  
1930 | 726 건 | 13,012 명 |  |   
  
한국 경제사 개설 : 최호진 저

1919년과 1926년 두 차례의 만세 운동에서 선봉에 나선 것은 애국 학생들이었다. 민족과 조국을 위한 투쟁에 있어 빛나는 전통을 쌓은
한국 학생 운동의 금자탑은 광주 학생 운동이었다. 1929년 광주에서의 한⋅일 통학생의 충돌이 발단이 되어 민족적 울분이 일시에 터져 광주
시내 학생들이 총궐기하여 항일 운동을 전개하였으며, 곧 이어 전국의 각급 학교가 이에 호응하여 이듬해까지 계속되니, 3⋅1 운동 이후 최대의
민족 항쟁 운동이었다. 이 때, 신간회는 서울에서 민중 대회를 개최하여 일제를 성토하고자 계획하였으나 일제의 총 검거로 실패하였다.

임시 정부와 광복군

1919년 상하이에서 수립된 대한 민국 임시 정부는 해외 독립 운동의 중핵체였다. 임시 정부가 국제적 무대에 차차 두각을 나타내게 된 것은
1937년 중⋅일 전쟁 발발 이후였다. 전쟁이 폭발하자 임시 정부는 중국 각지에 망명 중이던 우리 동포들을 규합하여 광복군을 조직하여
중국군과 어깨를 같이하여 항일 투쟁을 하였다. 1940년 중국 정부가 충칭으로 천도하자 임시 정부도 충칭으로 이동하여 광복군 사령부를
설치하고, 일본군 진지에서 탈출해 나오는 우리 청년들을 받아들여 전세를 드높였으며, 또한 정부 조직을 강화하였다.

1941년 태평양 전쟁이 일어나자 자유 진영과의 결속을 위하여 워싱턴에 구미 외교 위원회를 설치하였으며, 중국 정부로부터는 정식 승인을
받았다. 또, 꾸준한 항일 투쟁에 감명을 받은 쟝졔스 총통의 적극적인 후원에 의하여 1943년 카이로 선언에서 미⋅영⋅중 3국이 한국의
독립을 가결하였다.

1941년에는 임시 정부가 한국의 이름으로 일본에 선전 포고를 하였고, 광복군을 버어마 전선까지 출동시켰으며, 우리 본토 침투를 위한 특수
훈련을 실시하였다. 1944년에는 프랑스, 폴란드가 임시 정부를 승인하였다. 이와 같이 오랫동안의 피어린 투쟁의 보람으로 한국의 독립도
눈앞의 일로 가까와지게 되었다.

 3. 민족의 피어린 문화 운동

문화 운동의 양상

철저한 일제의 식민 정책은 문화의 각 분야에 미쳤으며, 내선 일체라는 구호와 달리 실제에 있어서는 사회적으로 격심한 차별 대우를 자행하였다.
민족성 말살 운동이 그 좋은 예이며, 이 운동은 학교 교육에서뿐만 아니라 사회 교화 활동에서도 감행되어, 언론, 문화, 예술, 체육 활동에
엄중한 통제와 검열을 가하여 자유로운 창작 활동을 억압하였다.

3⋅1 운동으로 민족의 역량을 과시한 우리 겨레는 대내적인 실력 양성에 힘을 기울여, 언론, 문화, 교육, 종교의 진흥과 이를 통한 저항
운동, 여성 및 소년 운동, 형평 운동을 통한 사회 인권 운동, 산업 자립 운동과 자립 경제 운동 등을 활발히 전개하여, 뒷날 조국 광복의
문화적 토대를 구축하였다.

언론 문화 운동

문화 운동에 있어서 민족 항쟁의 선봉에 선 것은 언론 운동이었다. 3⋅1 운동 이후 이른바 일제의 문화 정치에 따라 1920년 동아 일보,
조선 일보 및 시사 신문의 세 민간지가 발행 허가를 얻었다. 이들 민간지는 악명 높은 일제의 검열 제도와 항쟁하면서 민족 사상의 고취, 민족
의사의 대변, 민족 문화의 발전이라는 투쟁 목표를 가지고 당시의 대표적 지성인을 동원하여 근대 민족주의의 선도자로, 총독 정치에 대한
항쟁자로서의 활동을 폈다. 이러한 언론 기관의 투쟁에 대한 일제의 탄압은 이들 신문이 1940년에 폐간당할 때까지, 동아 일보, 조선 일보는
각각 수백 회에 걸친 압수 처분을 받았고, 전자는 5회, 후자는 4회나 정간 처분을 받았음을 보아도 그 정도를 알 수 있다. 1920년에
발간 허가를 얻었던 월간 잡지 개벽도 폐간될 때까지 6년간에 32회의 행정 처분을 받았다.

검열을 받아 만신창이가 된 동아 일보  

국학 연구의 발전

유구한 민족사를 깨우쳐 주고, 우리의 글을 사수하려는 노력은 국학 연구의 발전을 가져왔다. 국어학과 국사학은 국학의 근간이 되었으며, 국학은
민족 문화의 주체 의식과 민족 문화 전통의 자각적 긍지와 발양을 지향하였으며, 그 근간을 흐르는 정신은 이른바 조선주의였다. 국사의 연구에
있어서는 일인 학자들이 우리 국사를 배타성, 종속성 및 정체성으로 묶으려는 데 대하여, 신채호, 장지연, 최남선, 정인보 등은 한국사와 한국
문화의 우수성, 독자성, 발전성을 밝히는 데 노력하였다. 1934년에는 국사 연구 단체인 진단 학회가 조직되었다.

국어학에 있어서는 한말의 유길준, 지석영, 주시경의 뒤를 이어, 주시경의 제자들이 조직한 조선 어학 연구회를 중심으로 한글의 연구, 한글의
보급과 더불어 한글 문법의 연구, 한글 사전 편찬에 헌신하는 한편, 한글날을 제정하고 민족 문화를 선양하였다. 이에, 일제는 1942년
조선어 학회 사건을 조작하여 한글 학자를 투옥, 옥사하게 하고, 진단 학회가 발행하던 진단 학보를 폐간시켜 국학 연구의 길을 막았다.

교육과 종교 운동

언론 활동과 국학의 연구가 적극적이고 표면적인 반항이라면 교육과 종교 운동은 점진적이고 이면적인 반항 운동이었다. 일제가 설치한 교육 기관은
극히 소수로서 겨우 일부 지망자들이 혜택을 입을 뿐이었다. 각 지방에는 독지가들에 의한 야학, 사숙, 강습회 등이 생겨났으며, 사립 중학교가
각 지방에 설립되었다. 당시의 교육 운동은 한국인 본위의 교육을 내세워 차별 교육의 철폐, 교수 용어로의 일본어 폐지, 한국 역사 교육의
자유를 투쟁 목표로 내세웠다.

1921년 식민지 관료 양성을 목적한 경성 제국 대학이 설립되자, 이에 대항하여 한국인 자신의 손에 의한 한국적 대학 설립을 목적한 조선
민립 대학 기성회가 조직되었으나, 끝내 그 목적을 이루지 못하였다. 3⋅1 운동 때 중추적 역할을 한 다수의 학생을 배출한 보성 전문, 연희
전문, 숭실 전문이나 이화 여전 등 사립 전문 학교도 대학 승격을 지향하였으나, 일제의 허가를 얻을 수 없었다.

종교적으로는 크리스트 교, 불교, 유교가 모두 민족 운동의 각 방면에 공헌하였으며, 특히 한국적 종교인 대종교와 천도교는 큰 역할을 하였다.

다양한 사회 운동

우리 나라 사회 운동은 사회적 해방 운동과 민족 해방 운동이 동시에 전개된 것으로 여성 운동, 아동 운동 및 자립 경제 운동 등으로
전개되었다. 1919년에 조직된 대한 민국 애국 부인회는 우리 나라 여성 운동의 효시를 이룬 단체로서, 여류 사회의 조직을 확대하였으며,
은연중에 독립 보조금을 모아 상하이 임시 정부로 발송하여 광복 운동에 숨은 공로를 세웠다. 그 밖에도 다수의 여성 단체가 활동하였다.

우리 나라의 미래를 어깨에 메고 나갈 어린이들을 위한 소년 운동도 활발하였다. 1921년, 아동 문제와 아동 예술에 흥미를 가진 방정환을
중심으로 한 인사들의 조직이 1922년에 색동회로 발전하였으며, 또 소년 잡지인 어린이가 발간되고, 어린이날이 생겼다. 한편, 보이스카우트
운동은 1922년부터 시작되었다. 일제의 경제적 수탈이 강화되는 반면에, 일본 자본의 배척, 경제 독립을 지향하는 자립 경제 운동을 목적하는
사회 단체의 활동도 활발하였다. 1922년경부터 자작회, 물산 장려회, 토산 애용 부인회 등이, 자작 자급, 국산 장려, 소비 절약, 금주
단연을 내세운 사회 운동을 벌여 많은 공명을 일으켰다.

신문학의 성장

한말에 시작된 신문학 운동은 신시를 발표하고 소설의 새 경지를 개척한 이광수의 활동에 따라 새 기풍이 일어났다. 신문학의 계몽 시대를
탈피하게 된 우리 문단은 1919년 잡지 창조를 중심으로 한 창조파의 문인들이 자연주의 문학 사조를 도입하였으며, 이듬해에 폐허가 발간되자
이를 중심으로 한 폐허파의 문인들은 사실주의에 입각하여 현실 속에 파고들었다.

‘폐허’ 표지  

한편, 1922년 백조가 창간된 후 젊은 문인들은 낭만주의 문학에 도취되었고, 많은 신시가 발표되어 신시의 황금 시대를 이루었다. 그러나,
이듬해에는 낭만주의에 반발하여 사회 하층 생활을 소재로 하는 신 경향 문학이 대두하여 개벽을 중심으로 한 작품이 발표되었다.

‘백조’ 표지  

이러한 경향에 대하여 1931년을 전후로 순수 문학 운동이 일어났다. 신문학 작품에는 순수 문학을 지향하는 작품이 많았으나, 한국의 전통을
찾고, 민족의 반항 의식을 조장하며 계몽성을 띤 작품도 많아, 일제에 저항하는 문필 활동의 면모가 뚜렷하였다.

민족 예술의 성장

예술 활동에서도 한국적 정서를 살려 가며 민족 문화의 전통을 살리고, 민족 의식을 앙양하려는 경향이 뚜렷하였다. 조선 총독부는 이른바 조선
미술 전람회를 개최해 왔으나, 민족 진영의 예술인들은 1921년부터 서화 협회전을 열어 선전에 대항하면서 작품 활동을 하였다.

우리 화단의 화풍은 1930년을 전후하여 자연주의에서 추상주의로 넘어갔다.

시청각적 효과를 지녀 민중 깊이 파고들 수 있는 연극에 있어서는 종래의 구극과 창극이 성행한 한편, 신극이 도입되어 적지 않은 영향을
주었다. 임성구, 윤백남 등에 의하여 1910년경부터 신극 운동이 시작되었고, 1922년 대에는 토월회가, 1931년 대에는 극예술 연구회가
중심이 되어 신극의 발달을 이루었다.

영화가 우리 나라에 소개된 것은 오래 전의 일이었으나, 직접적으로 영화의 창작을 보게 된 것은 1921년의 일이었으며, 안종화, 이경손,
나운규 등이 그 개척자였다. 특히, 나운규는 민족의 반항 의식과 한국적 정서를 영화에 부각시켜 많은 관객을 감동시켰다.

 4. 대한 민국의 수립과 시련

민족의 해방

1910년 경술 국치의 그 날부터 전개된 줄기찬 민족의 항일 투쟁은 마침내 중⋅미⋅영 3국에 의한 카이로 회담에서의 한국 해방의 결의로써
보답되었다. 1943년의 카이로 선언은 1945년 7월 포츠담(Potsdam) 선언으로 재확인되었다. 연합군의 억센 공격으로 패전의 기색이
짙던 일본은 일본 본토에 대한 원자탄 세례와 소련의 참전으로 결국은 연합군에게 무조건 항복하지 않을 수 없었다. 이로 인해 1945년 8월
15일은 감격스러운 민족 해방의 날이요, 조국 광복의 날이었다.

해방의 그 날  

우리 나라의 해방은 연합군의 승리가 가져온 단순한 선물은 아니다. 유명 무명의 수다한 독립 운동이 연합 각국의 심금을 울릴 수 있었기 때문에
얻어진 고귀한 성과이며, 피를 흘려 쟁취한 독립인 것이다.

군정과 반탁 운동

8⋅15의 해방은 민족의 희원과는 달리 자치 정부의 수립이 허용되지 않은 불완전한 것이었다. 즉, 얄타(Yalta) 밀약에 의하여 우리
국토는 북위 38° 선에서 양단되었고, 그 남북에는 각기 미⋅소에 의한 군정이 실시되었다. 오늘날까지도 우리 민족이 겪고 있는 고초는
이로부터 초래되었다.

1945년 말 모스크바에서 열린 미⋅영⋅소 3국 외상 회의에서 한국 신탁 통치안이 가결되자, 공산주의자를 제외한 온 국민은 맹렬한 반탁
운동에 나섰다. 1946년 1월 소란한 정국 가운데 미⋅소 공동 위원회가 서울에서 개최되었으나, 반탁 운동을 전개한 민족 진영의 거세를
주장하는 소련의 고집으로 결렬되었고, 1947년의 제2차 공동 위원회도 소련의 비타협적인 태도로 한국 문제 해결의 합의에 실패하였다. 미⋅소
공동 위원회의 결렬로 정계의 혼돈은 더하였고, 이의 타개를 위하여 민족 진영에서는 자주 정부 수립 운동을 전개하게 되었으며, 공산주의자들은
좌우 합작이라는 이름으로 국민과 혼란을 조장하더니, 마침내 영남 지방에서 폭동을 일으켰던 일도 있었다.

신탁 통치 반대 운동  

대한 민국의 수립

한국 문제의 직접 당사자인 미⋅소의 교섭이 난국에 부닥치자, 미국은 1947년 9월 유우엔 총회에 한국 독립 문제를 제출하였다. 유우엔
총회는 유우엔 감시하에 전국에 걸친 총선거를 실시하여 한국의 독립 정부를 수립할 것을 가결하고, 이 임무를 담당할 유우엔 한국 위원단 설치를
결의하였다. 유우엔 한국 위원단은 남북 총선거를 실시하기 위하여 노력하였으나, 소련의 반대로 결국은 북한에서의 총선거 실시가 불가능하게
되었다. 이에, 1948년 2월, 유우엔 소총회는 다시금 가능한 지역에서의 정부 수립을 결의하였다.

1948년, 우리 역사상 최초의 자유, 평등의 원칙에 입각한 총선거가 실시되어 제헌 국회가 구성되었으며, 민주적인 헌법이 제정되었고, 헌법에
정하는 바에 따라 이승만 대통령을 수반으로 하는 정부가 조직되어, 8월 15일 대한 민국의 수립을 내외에 선포하였다. 따라서, 대한 민국은
우리 나라 유일의 합법적 정부이며, 우리 역사상 최초의 민주 공화국이었다.

대한 민국 정부 수립 기념식  

대한 민국과 유우엔

유우엔은 대한 민국 수립의 산파적 역할을 하였거니와, 1948년 12월 파리에서 열린 제3차 유우엔 총회는 대한 민국 정부가 한국에서의
유일한 합법 정부임을 결의하였으며, 한국의 발전을 돌보기 위하여 항구적인 유우엔 한국 위원단을 설치할 것을 권고하였다. 미국은 1949년
초에 우리 정부를 승인하였고, 이어 중국, 영국, 프랑스 등 자유 진영의 여러 나라가 승인하였다,

유우엔 총회 광경  

공산 치하의 북한

종전과 더불어 38°선 이북으로 진주한 소련군은 그들의 주구인 공산당을 내세워 전통적으로 추진해 오던 남침 정책을 실현하고자 광분하였다.
북한에서의 공산주의자들은 소련군의 비호하에 조만식 등 민족주의자들을 거세하고 북한 전역에서 날뛰었다.

유우엔의 결의에 의한 대한 민국 정부가 수립되자, 북한의 공산주의자들도 공산 괴뢰 국가를 수립하였고, 전 한국의 공산화를 위하여 남한의
공산주의자를 사주하여 제주도 폭동, 여수⋅순천 반란 등을 일으키고 각지에 게릴라전을 펴 수다한 양민을 학살하고, 막대한 재산을 잿더미로
만들었다. 한편, 그들은 38°선 이북에서 소련군의 비호하에 20여만의 군대를 편성하여 호시 탐탐 남침의 기회를 엿보았다.

6⋅25 사변의 시련

공산군은 미군 일부가 한반도에서 철수한 1950년 6월 25일, 38°선 전역에 걸쳐 남침을 개시하였다. 공산군의 남침에 대하여 긴급 소집된
유우엔 안전 보장 회의에서는 침략 공산군의 철퇴를 요구하고, 한국에 유우엔군을 파견할 것을 결의하였다. 자유 수호를 요구하는 유우엔 결의에
따라 미국을 비롯하여 영국, 프랑스 등 강대국은 물론, 이디오피아, 콜롬비아 등 16개국이 한국에 군대를 출동시켜 유우엔의 기치하에서 싸우게
되었다.

유우엔군 묘지  
부산

유우엔군은 부산 교두보에서 반격을 개시하고, 한편 인천 상륙 작전을 전개하여 전세를 만회하고, 유우엔의 결의에 따라 38°선 이북의 압록강,
두만강까지 진격하였다. 그러나, 중공군의 불법적 개입으로 유우엔군은 한때 서울 이남으로 전략적 후퇴를 하지 않으면 안 되었으나, 1951년
4월에 유우엔군은 적을 38°선 이북으로 다시 몰아 냈다. 전세가 불리하여지자 공산군은 소련을 통하여 휴전을 제의해 왔으며, 2년간에 걸친
휴전 회담은 국토의 통일 완수를 바라는 한국의 맹렬한 반대에도 불구하고 1953년 7월 휴전 협정의 조인을 보게 되니, 3년 1개월에 걸친
전란은 일단 휴전에 들어갔다.

돌아오지 않는 다리  

6⋅25의 사적 의의

기백만의 인명이 살상되고, 국토가 초토화되었으며, 막대한 물질적 소모를 가져온 6⋅25 사변은 결국 통일을 보지 못한 채 휴전선에 의한
국토의 분할이란 원점으로 귀착되었으나, 그것이 지닌 세계사적 의의와 민족사적 의의는 크다. 불법적인 공산군의 6⋅25 무력 침략은 자유에
대한 도전이며 모독이었다. 유우엔군의 출동은 인류 사상 최초의 집단 안전 보장 정신에 의한 경찰 행동이었다. 한편, 6⋅25 사변은 자유
진영의 군사력 강화의 계기를 마련해 주었다.

근대 과학 무기가 총동원되고 좁은 국토에서 막대한 병력이 밀고 당기는 공방전으로 말미암아 전쟁 피해를 입은 국토는 황폐하고, 무수한 인명이
살상되었다. 전투원뿐만 아니라 공산군에 의한 학살, 납치로 인한 비전투원의 피해도 놀랄 만큼 컸다.

6⋅25 사변의 피해

한국군 전사 | 227,748 | 민간인 피살 | 128,936  
---|---|---|---  
실종 | 43,572 | 부상 | 229,625  
부상 | 717,083 | 납치 | 84,532  
유우엔군 전사 | 36,772 | 행방 불명 | 303,212  
민간인 사망 | 244,663 | 가옥 피해 | 594,190  
  
전사 편찬 위원회

전란을 통하여 한국민의 자유 의식과 반공 정신은 더욱 강화되었다. 수백만의 북한 동포가 전선의 혼란을 틈타 결사적으로 남하했으며, 공산 전쟁
포로 가운데서도 4만여 명이 북한으로의 귀환을 거부하고 자유 대한의 품에 안겼다. 공산군의 만행을 눈으로 보고 허위를 체험한 우리 국민의
반공 의식은 세계 어느 민족보다도 확고한 것이 되었다.

 5. 혁명과 발전

사변 후의 국내 정세

항일 투쟁에 꾸준한 업적을 올려 초대 대통령으로 선출된 이승만은 대통령 중심제의 헌법을 배경으로 집권 세력을 강화하였으며, 사변 중인
1952년에는 발췌 개헌안을 통과시켜 점점 그 독재성을 나타내게 되었다. 독재 경향이 차차 뚜렷해지자 내각 책임제를 내세우는 야당 세력과의
대립이 생겼으며, 휴전 협정 성립 후에는 일부 정객들이 이승만 대통령을 끼고 영구 집권을 도모하기 위하여 헌정 질서를 무시하는 행동을
거듭하였다. 1954년 선거에서 강압적 수단으로 압승하자 초대 대통령 중임 제한 철폐를 규정한 개헌안을 무리하게 통과시켰고, 한편
경제적으로는 한국 재건 원조금을 낭비하였으며, 신흥 재벌들에 대한 각종 특혜를 주어 경제 질서를 혼란하게 함으로써 국가 재건을 좀먹었다.

집권 세력의 독재 경향이 현저해 감에 따라 정계에서는 범 야당 운동이 일어났으며, 국민들도 차차 이에 호응하게 되어 1956년 정부통령
선거에서 국민은 야당 출신 부통령을 선출하였으며, 1958년 총선거에서는 집권당의 개헌을 불가능하게 하였다. 그러나, 자유당 정부에서는 국가
보안법, 지방 자치법의 개정을 꾀하였고, 야당계 언론 활동의 탄압을 강화하였다.

4⋅19 의거

독재를 꿈꾸던 자들의 횡포는 1960년 3⋅15 부정 선거를 계기로 종지부를 찍게 되었다. 선거에 자신이 없었던 집권 세력이 갖은 부정을
다하게 되자, 정의에 용감한 전통을 지닌 젊은 학도들의 궐기와 국민의 누적된 불만이 동시에 폭발하였던 것이다. 자유와 민권 수호의 민주
투쟁은 3⋅15 선거 전인 2월, 대구에서 학생 데모가 일어났으며, 선거 당일 마산에서 부정 선거 규탄의 대규모 시민 항거가 일어나더니,
마침내 서울 시내의 모든 학생들이 총궐기하였다. 4월 19일 독재 정권 타도와 부정 선거 규탄의 소리는 전국에 진동하였으며, 시민마저 이에
합세하였고, 또한 전국으로 파급되어 갔다. 정부는 계엄령을 선포하여 이를 억제하고자 하였으나, 25일의 대학 교수단의 시국 선언문 발표와
데모를 계기로 이승만 대통령이 하야하게 되니, 영구 집권을 꿈꾸던 독재 정부는 12년 만에 타도되고 4월 의거가 성취되었다.

4⋅19 기념탑  

4⋅19 후의 혼란

4월 의거는 기미 독립 운동, 광주 학생 운동에서 발휘되었던 우리 학생들의 구국 정신이 다시금 내외에 과시된 운동이었으며, 또한 불의와
독재에 대하여 맨주먹으로 싸워 이긴 우리 역사상 최초의 민중 혁명이었다.

그러나, 혁명 뒷수습을 담당한 과도 정부의 관리하에 실시된 총선거를 거쳐 새로 구성된 제2공화국의 집권 세력은 국민이 기대하는 소임을 다하지
못하였다. 집권당 내에 신⋅구의 파쟁이 벌어져 정권의 안정을 보지 못하였으며, 잇권에 얽힌 정실 인사로 정치 기강이 문란하였고, 경제 시책의
실패로 인플레가 일어남과 아울러 농촌 경제는 더욱 악화되었다. 한편, 오랜 독재에 눌려 오던 민중들 가운데는 자유를 그릇 해석하는 방종적
행동으로 흐르는 자가 속출하여 각종 명목의 데모 속에 사회는 극도로 혼란하였다.

5⋅16 혁명

4월 의거 이후 민주적 안정 세력이 자리잡히지 못함으로써 사회의 혼란과 불안이 증대되는 가운데 38°선 이북의 공산 세력의 야심이 꿈틀거리게
되자, 파쟁과 혼란을 일소하고 공산 침략에서 국가와 민족을 건지기 위하여 일어난 것이 5⋅16 혁명이었다. 1961년 5월 16일 새벽,
박정희 장군을 중심으로 한 청년 장교들은 혁명을 단행하였다. 이것이 5⋅16 혁명으로, 이 혁명은 4⋅19 의거의 계승이었으며 발전이었다.

5⋅16 혁명  

혁명 정부는 국회를 해산하고 국가 재건 최고 회의를 조직하여 군정을 펴며, 국민 앞에 6대 공약을 제시하고 국정 개혁, 사회 기풍 쇄신,
조국 방위에 매진하게 되었다.

한편, 경제 안정이 있어야 국가 발전을 기할 수 있다는 신념 아래 경제 개발 5개년 계획을 수립하여 경제 자립에 매진하게 되었다. 2년
유여의 군정은 국정 개혁, 부정 부패 시정, 관기 확립, 사회 안정에 큰 성과를 거두었으나, 민주 국가의 구현을 위한 민정 복귀가 시급히
요청되었다.

제3공화국의 오늘

1963년 말의 대통령 선거와 국회 의원 선거를 거쳐 국민이 기대하던 민정 복귀가 이루어져 12월 17일 제3공화국의 탄생을 보게 되었다.
제3공화국은 자주 독립, 경제 자립, 조국 근대화를 지향하여 다변 외교, 사회 쇄신, 봉건적 잔재의 타파, 문화 발달에 매진하는 한편, 경제
개발 5개년 계획 완수에 총력을 기울였다. 외교 활동을 확대하여 유럽 열강과의 제휴를 꾀하였고, 아프리카 및 아시아 각국으로 진출하였으며,
구원이 사무친 일본과의 국교를 성립시켰다. 군사적으로는 국방력을 강화 정비하여 침략에 대비하는 한편, 세계 평화에 공헌하기 위하여 1964년
공산 침략에 신음하는 베트남을 구하고자 파병을 단행하여 많은 성과를 올리고 있다.

한편, 경제적으로는 1966년 제1차 경제 개발 5개년 계획의 소정 목표를 달성하여, 해방 후 20년의 숙제였던 기간 산업 확충을 이루어,
발전을 위한 기초 작업을 끝냈다. 현재 우리 나라는 경제 자립의 완수를 위하여 1971년에 끝날 제2차 경제 개발 5개년 계획의 단기 완성에
총력을 다하고 있다.

 6. 우리의 사명

국토 통일의 완수

해방을 맞이한 지 20여 년이 지났건만 우리는 아직 민족의 지상 과제인 국토 통일을 달성하지 못하였다. 오늘날 우리 민족이 겪고 있는 고초와
시련은 결국 국토 분단의 비극에 귀일된다고 할 수 있다. 민족은 하나의 운명 공동체이다. 휴전선 이북에서 공포와 혹사에 시달리고 있는 북한
동포도 우리와 따뜻한 피가 통하는 한 민족이다. 운명 공동체인 민족은 하나가 되어 공동 운명의 길을 걸어야 할 것이다. 따라서, 그 가운데
발전과 비약이 있는 것이다. 오랜 민족사를 통하여 우리 겨레는 하나가 되기 위하여 얼마나 고귀한 노력을 하였던가! 삼국을 통일한 통일 신라와
후삼국을 통일한 고려 시대에 민족의 안정이 있었고, 민족 문화의 발전이 있었던 것이며, 북한 땅이 회복되고 민주주의의 기치 아래 통일되는 그
날이 곧 우리 민족이 하나가 되어 진정한 발전을 가져오는 계기가 될 것이다.

민주 대한의 건설

우리 나라는 민주 공화국이다. 우리는 민주 대한의 건설을 위하여 피를 흘렀고, 혁명을 거듭하는 시련과 고난을 겪었다. 우리가 이렇게 노력하고
있음은 민주주의만이 만인의 자유 평등과 창조적 활동을 보장할 수 있다고 확신하기 때문이다. 세계사의 예에서도 찾아볼 수 있거니와, 오랜 우리
역사를 볼 때 영명한 군주에 의한 민본 정치하에서 문화가 발달되고 생활의 안정을 얻은 때가 있었으나, 그것은 군주를 중심한 소수 지도자에
의하여 이루어진 성과이며, 또한 그 혜택이 대부분 그들의 것이었음을 상기할 때, 온 민족의 창의적 활동이 보장되는 사회 체제야말로 발전의
사회이며, 인간으로서의 생활을 누릴 수 있는 사회임을 느낄 것이다. 민주 대한의 건설만이 우리의 나아갈 길임을 명심하고, 투철한 민주적
신념을 가지고서 노력해야 한다.

조국 근대화의 성취

근대 문명의 흐름에 뒤짐으로써 나라를 그르쳤던 쓰라린 경험을 가진 우리 나라임에도 불구하고, 우리 사회에는 아직도 전근대적 현상이 많다.
보수와 인습, 명분, 부조리의 사회 생활은 하루 속히 청산되어야만 한다. 개인 생활의 근대화가 조국 근대화의 기반이 됨은 물론이거니와, 사회
조직, 생산 조직, 국가 조직의 근대화도 있어야 한다. 개인과 국가 생활이 근대화됨으로써만 전진을 거듭하는 세계사의 조류에 뒤지지 않고,
현대 문화의 혜택을 마음껏 즐길 수 있으며, 세계 문화 발전에 공헌할 수 있는 것이다.

조국 근대화란 이념과 구호만으로 이루어지는 것은 아니다. 과감하고 청신한 설계와 진지한 태도, 그리고 적극적인 노력이 있어야만 성취된다.

현재, 우리 민족이 총력을 다하고 있는 문화 혁신, 경제 자립, 관기 확립, 자주 선양, 민주 선양의 활동은 모두 조국 근대화를 위한
것인만큼, 방관자로 관망하지만 말고 근대화의 대열에 기꺼이 뛰어들어야 할 것이다.

경제 자립의 달성

국력은 부력에 비례되며, 경제력의 증강이 국민 생활의 안정과 복지 사회 건설의 지반이 되는 것이다. 빈곤과 후진의 악순환 가운데서 탈피하기
위하여, 우리 민족은 현재 경제 개발 제1차 5개년 계획을 완수하고 제2차 5개년 계획 목표 달성에 매진하고 있다.

효율적인 자원의 개발 이용, 능률적인 생산 조직의 구성, 균형잡힌 교역 활동의 터전이 이루어져야 경제 자립이 성취되고, 풍요한 국민 생활을
보장할 수 있으며, 나아가 모든 국민의 창의적 활동을 촉진시킬 수 있는 것이다. 1차 5개년 계획의 달성으로 기간 산업의 건설을
일단락지었고, 2차적인 비약을 위하여 안간힘을 다하고 있는 지금, 우리는 경제 자립의 신념을 더욱 확고히 하여 내일의 희망을 위하여 인내와
노력으로 현실적 어려움을 극복해 나가야 할 것이다

제2 한강교의 입체 교차로  

울산 정유 공장  

세계 평화에의 공헌

우주 세계의 창조를 지향하고, 하나의 세계로의 새 역사가 전개됨에 따라 세계 평화에 대한 인류의 희망은 더욱 고조되었다. 6⋅25 사변 때에
유우엔을 통하여 발동된 집단 안전 보장 정신의 경찰 행동은 세계사에 새 역사를 창조하였다. 이로 보아 모든 자유 국가는 세계 평화 달성에
온갖 노력을 다하고 있다는 것을 알고도 남음이 있다.

오늘날 우리 나라가 베트남에 군대를 파견하고 있음은 바로 세계 평화 달성에 대한 우리 국민의 염원을 행동으로 나타내고 있는 것이다. 교통,
통신, 운수 수단이 고도로 발달함으로써 세계를 하나의 운명 공동체로 묶어 가고 있다. 강대 국가도, 약소 국가도 세계 평화를 위해 다 같이
노력하고 인류 문화 발달을 위해 헌신함은, 결국은 자기 자신을 위한 노력이요 헌신인 것이다.

베트남에서 활약하는 우리 국군  

운명 공동체로서의 인류 사회의 안정과 복지를 위하여 우리도 노력을 아끼지 말아야 할 것이다.

▦ 연구 과제 ▦

1\. 우리 나라에 대한 일본의 식민지 통치 정책의 변천을 살펴보자.

2\. 일본 통치하에서의 우리 민족의 경제 생활의 변화를 연구하여 보자.

3\. 기미 3⋅1 운동을 계기로 한 민족적 항거에 관하여 연구하여 보자.

4\. 우리 나라 38°선의 연유에 관하여 연구하고 국토 통일을 저해하는 원인에 대하여 살펴보자.

5\. 국토 통일과 복지 사회 건설을 지향하는 우리 나라에 있어서 가장 중요한 과제는 무엇이겠는가 토론하여 보자.

 [판권]

국사  
1968년 1월 10일 초판 박음  
1970년 1월 20일 펴 냄 값 원  
지은이 겸 펴낸 이 문교부  
되박아 펴낸 이 대한 교과서 주식 회사  
 제책이 잘못된 책은 바꿔 드립니다."
ta_m41,중학교 국사 4차(상),Authoritarian,Chun/Roh Transitional,Middle School,1981,"중학교 국사 4차(상)

4차 교육과정

   국민 교육 헌장
   머리말
   Ⅰ. 우리 나라 역사의 여명
   Ⅱ. 삼국의 형성과 발전
   Ⅲ. 통일 신라와 발해
   Ⅳ. 고려 시대의 생활
   Ⅴ. 조선의 발전
   [판권]

 국민 교육 헌장

우리는 민족 중흥의 역사적 사명을 띠고 이 땅에 태어났다. 조상의 빛난 얼을 오늘에 되살려, 안으로 자주 독립의 자세를 확립하고, 밖으로
인류 공영에 이바지할 때다. 이에, 우리의 나아갈 바를 밝혀 교육의 지표로 삼는다.

성실한 마음과 튼튼한 몸으로, 학문과 기술을 배우고 익히며, 타고난 저마다의 소질을 계발하고, 우리의 처지를 약진의 발판으로 삼아, 창조의
힘과 개척의 정신을 기른다. 공익과 질서를 앞세우며 능률과 실질을 숭상하고, 경애와 신의에 뿌리박은 상부 상조의 전통을 이어받아, 명랑하고
따뜻한 협동 정신을 북돋운다. 우리의 창의와 협력을 바탕으로 나라가 발전하며, 나라의 융성이 나의 발전의 근본임을 깨달아, 자유와 권리에
따르는 책임과 의무를 다하며, 스스로 국가 건설에 참여하고 봉사하는 국민 정신을 드높인다.

반공 민주 정신에 투철한 애국 애족이 우리의 삶의 길이며, 자유 세계의 이상을 실현하는 기반이다. 길이 후손에 물려줄 영광된 통일 조국의
앞날을 내다보며, 신념과 긍지를 지닌 근면한 국민으로서, 민족의 슬기를 모아 줄기찬 노력으로, 새 역사를 창조하자.

 머리말

우리는 조상으로부터 계승되어 온 정신과 문화를 바탕으로 민족의 슬기를 모아 새 역사를 창조하고 있다. 오늘의 우리가 삶을 위해 즐기고 아끼며
기리는 모든 것은, 어느 한 순간에 이루어진 것이 아니라, 오랜 역사 속에서 자주와 창조, 그리고 개혁의 정신으로 발전시켜 온 조상의 노력에
의한 것이다. 그러므로, 우리는 우리의 역사 속에서 민족의 전통을 이어 내려온 조상의 슬기를 배우고 본받으면서 보다 현명하고 바르게 생각하고
행동할 수 있는 힘을 길러야 할 것이다.

여기서 우리는, 우리 역사를 보는 눈을 보다 넓고 깊게 하며, 우리 역사의 특징을 살피고 그 참뜻을 알아야 하겠다. 예나 지금이나 우리의
역사는 우리의 생활과 떼려고 해야 뗄 수 없는 밀접한 관계를 가지고 있다. 그러므로, 자랑스럽다든지 수치스럽다든지 하는 감정을 넘어서,
우리의 역사는 그것 자체로서 오늘의 우리 속에 살아 있으므로, 우리의 깊은 관심의 대상이 된다. 우리가 조상들의 생각이나 그 시대의 문화재와
접촉한다는 것은 옛 조상들과 이야기를 나누는 것과 다를 바 없다.

우리가 역사를 배우는 것은, 우리 역사에 나타난 영화와 슬기와 어려움을 살핌으로써 보다 새롭고 밝은 내일을 창조하기 위해서이다. 우리는
조상의 슬기와 지혜를 본받아야 한다. 그리고, 기쁨에 처했을 때에는 같이 기뻐하고, 어려움에 처했을 때에는 이를 이겨 내기 위하여 뭉쳤던
사실을 통하여, 진취적이고 굽힐 줄 모르는 의지를 이어받아야 한다. 또, 조상들이 우리 민족과 강토를 지키고 문화를 창조하기 위하여 다른
민족과 어떻게 지내 왔고, 우리들의 현재의 삶을 이어 나갈 수 있게 하기 위하여 얼마나 많은 사람들이 목숨을 바쳤는가에 대해서도 자세히
알아야 한다.

현재 우리는 비록 국토 분단이라는 불행을 겪고 있지만, 이 시련을 충분히 이겨 낼 수 있는 훌륭한 전통을 지닌 민족이다. 조상에게서 물려받은
자랑스러운 전통, 그리고 후손들이 자랑스럽게 이어받을 수 있는 우리의 역사를 현재의 우리가 새로이 개척하고 창조해 나가야 한다.

이제 우리는, 우리의 역사를 계승해 나가고 새롭고 빛나는 역사를 창조해 나갈 역군일 뿐만 아니라, 민족의 긍지와 자부심을 가지고 세계 평화와
인류 문화의 발달을 위해 매진해야 할 일군임을 자각하고, 어떻게 하는 것이 민족과 나라를 위한 일인가를 알고 실천해야 한다. 여기에 우리가
우리 역사를 배우는 참뜻이 있다.

 Ⅰ. 우리 나라 역사의 여명

   1\. 선사 시대의 생활
   2\. 고조선의 건국과 사회의 발전

백두산 천지  
우리 민족의 정기가 서린 백두산. 해발 2744m의 최고봉(병사봉)과 깊이 312m, 둘레 11,300m의 천지가 있다.

세계와 우리 나라

세계 인류의 역사는 200만 년 전쯤부터 시작되었으나, 현생 인류는 4만여 년 전부터 나타나서 신석기⋅청동기 문화를 거치면서 기원전 4~3천
년경에 세계 4대 문명을 건설하였다.

서양에서는 이집트와 메소포타미아의 문명을 시발로 하여 그리이스와 로마의 문명을 이룩하였다. 중국에서는 은과 주를 거쳐 춘추 전국 시대를 맞아
유교와 한자 문화를 발전시키면서, 진에서 한으로 이어지는 시기에 고대 문화를 꽃 피우기 시작하였다.

한편, 우리 나라도 구석기 시대를 거쳐 신석기⋅청동기 문화를 꽃 피우고 있었다. 약 50만 년 이전부터 나타난 구석기인은 여러 곳에 그
흔적을 남겼다. 빗살 무늬 토기로 대표되는 신석기 문화에서 한국 선사 시대의 많은 모습을 볼 수 있다. 이어, 기원전 10세기 전후로 하여
무늬 없는 토기를 사용하고 청동기 문화를 발전시켰으며, 여러 곳에 정치적 사회를 성립시켰다.

연표

 1. 선사 시대의 생활

〔학습 개요〕

우리 조상들은 만주와 요서 지방 및 한반도를 중심으로 구석기, 신석기, 청동기, 철기의 각 문화 단계를 거치면서 발전해 왔다. 구석기 시대는
지금으로부터 약 50만 년 이전에 이루어졌으며, 신석기 시대는 약 6천 년 전에 이루어졌다.

신석기인들은 주로 물가에 살면서 어로와 수렵, 채집 경제 생활을 하였으며, 원시 농경 생활도 하였다. 신석기 시대의 대표적인 유물은 빗살
무늬 토기이다. 그 뒤, 기원전 10세기를 전후하여 청동기 문화가 성립되었는데, 이 시대의 사람들은 주로 낮은 구릉 지대에 살면서 농경을
주업으로 하고, 무늬 없는 토기를 제작, 사용하였다.

청동기와 농경의 발달로, 이 때까지 유지된 공동체 사회 내에는 계층이 생겨나게 되었으며, 사회를 다스리는 권력자가 나타나게 되었다.

학습 문제

1\. 선사 시대의 유물에는 어떠한 것들이 있으며, 그것들은 생활에 어떻게 이용되었을까?

2\. 우리 나라 구석기⋅신석기 시대의 주요 유적지는 어디일까?

3\. 우리 나라의 청동기 문화는 어떻게 성장하였을까?

4\. 청동기의 사용은 사회 생활에 어떠한 변화를 주었을까?

선사 시대의 동아시아

대략 100만 년 전부터 시작된 동아시아의 구석기 시대에는 네 번의 빙하기와 세 번의 간빙기가 있었는데, 그 때마다 기후와 환경이 바뀌었다.
빙하기에는 지구 북반부의 일부분이 빙하로 덮여 있었으므로, 오늘날의 한반도를 중심으로 하는 동아시아 주변의 해수면은 지금보다 훨씬 낮았다.

그리하여, 당시에는 한반도에 제주도, 쓰시마 섬, 일본 등이 연결되어 있었다. 그러나, 빙하기 말에 이르러 빙하가 녹으면서 해수면이 높아져
황해가 생겨났으며, 일본은 대륙에서 떨어져 나갔다. 이와 같은 변화로 한반도가 생겨났으며, 그 후 몇 차례의 지각 변동을 거쳐 오늘날과 같은
해안선이 형성되었다.

15만~10만 년 전의 동아시아  

이러한 과정에서 우리 조상들은 환경의 변화를 극복하면서 생활 무대를 넓혀 갔다. 우리 민족은 한반도는 물론, 만주, 요서, 산뚱 지방에까지
활동 무대를 넓혀, 여러 지방의 문화를 흡수하면서 독자적인 문화와 전통을 세우게 되었다.

구석기 시대의 생활

우리 나라에 사람이 언제부터 살기 시작했는지는 현재 분명하게 알려져 있지 않다. 그러나, 약 50만 년 이전에 사람이 살았다는 사실이 여러
유적지에서 나타나고 있다.

구석기 문화의 유적이 발견된 곳으로는 함경 북도 웅기군 굴포리, 충청 남도 공주군 석장리, 평안 남도 상원군 검은모루, 충청 북도 제원군
점말 동굴과 청원군 두루봉 동굴, 경기도 연천군 전곡리 등지가 있으며, 전국 여러 지역에 고루 퍼져 있다.

구석기인들은 주로 타제 석기와 골각기 등을 이용하여 짐승과 물고기를 잡아먹기도 하고, 나무 열매를 따 먹거나 나무 뿌리를 캐 먹으면서
동굴이나 토굴에서 살았다. 이러한 생활을 하는 사이에 구석기인들은 예술과 종교의 의미를 깨닫게 되었다.

신석기 문화의 시작

우리 나라의 신석기 시대는 약 6천년 경부터 시작되었다. 신석기 시대의 유적과 유물은 전국 각지에 분포되어 있는데, 특히 해안 지대와 큰
강가에서 많이 발견되고 있다.

유적으로는 집터와 조개더미 등이 있다. 집터의 모양은 원형이거나 사각형이며, 땅을 파서 움막 같은 것을 짓고 살았다. 집의 한가운데에 불을
피우는 시설을 갖추기도 하였다.

유적지에서는 돌을 갈아서 만든 도끼, 화살촉, 맷돌 등 마제석기와, 뼈나 뿔로 만든 낚시, 송곳, 낫, 장신구와 여러 가지 토기 등 수많은
유물이 출토되었다.

신석기 시대의 대표적인 유물은 토기로서, 가장 널리 분포되어 있는 것은 빗살 무늬 토기이다. 이것은 모래흙을 구워 만들었는데, 짧거나 긴
선을 규칙적으로 사용한 무늬를 넣었고, 밑바닥은 대개 둥글거나 뾰족하게 만들었다. 빗살 무늬 토기는 거의 강가나 바닷가에서 발견되고 있는데,
이로써 당시에 어로 생활이 활발했음을 알 수 있다.

빗살 무늬 토기  
신석기 시대 집터에서 발견된 토기로, 빗살로 긁은 자리와 같은 무늬가 있다. 서울 암사동 출토.

농업과 목축 생활

신석기인들은 주로 강가나 해안에 살면서 물고기를 잡아먹거나, 사냥을 하거나, 조개류와 식물의 열매를 채집하여 먹기도 하였다.

그러다가, 인간의 지혜가 발달함에 따라 점차 짐승을 기르고 작물을 가꾸게 되면서 한 곳에 머물러 살게 되었고, 토기를 만들어 사용하게
되었다. 이 시기의 유적에서 돌로 만든 괭이와 맷돌, 뼈바늘과 방추차 등이 발견되고 있는데, 이로써 당시의 사람들이 농경 생활을 하였으며,
옷감을 짜서 옷을 만들어 입었음을 알 수 있다.

신석기 시대 사람들은 대개 핏줄이 같은 씨족끼리 모여서 씨족장을 중심으로 생활을 했으므로, 이 때의 사회를 씨족 사회라 한다. 씨족
사회에서는 사냥, 고기잡이, 농경, 채집 등의 활동이 공동으로 이루어졌으며, 중요한 일은 씨족 회의를 통해 결정하였다.

이 때의 사람들은 만물에 영혼이 있는 것으로 믿고, 해, 달, 산천, 동⋅식물 등을 숭배하였으며, 특정 동물을 자기 씨족의 시조로 생각하기도
했다.

청동기 문화

기원전 10세기 전후에 이르러 무늬 없는 토기가 만들어지고, 청동기 문화가 성립되었다. 이 무늬 없는 토기는 대개 구릉에서 발견되고 있다.

무늬 없는 토기  
청동기 시대의 대표적인 토기. 입 부분이 넓고, 바닥이 평평하다. 서울 가락동 출토.

우리 나라의 청동기 문화는 만주와 한반도 북서부 지방에서 차차 우리 나라 전역으로 퍼져 나갔다. 특히, 자루가 짧고 칼끝이 긴 세형 청동검과
청동을 부어 그릇이나 칼을 만드는 거푸집도 발견되고, 청동검 외에 도끼, 창, 칼, 거울, 방울 등의 청동기도 여러 곳에서 발견되고 있어,
우리 나라에서 독자적인 청동기 문화를 발전시켰음을 알 수 있다.

초기의 청동검(좌)과 세형 청동검(우)  
청동검이 초기에는 비파 모양이었다가 뒤에는 세형으로 변하였다.

청동기 시대의 유적으로는 집터, 무덤 등이 있다. 여기에서는 청동기와 토기 외에도, 청동검을 본뜬 마제 석검을 비롯하여 돌로 만든 화살촉,
반달 모양의 돌칼 등의 유물이 나왔다. 집터는 신석기 시대보다 규모가 크고 집단으로 모여 있어, 사회 생활이 보다 활발했음을 보여 주고
있다.

이 때의 사람들은 무덤으로 고인돌과, 상자 모양으로 돌을 쌓아서 석관묘를 만들었다. 특히, 고인돌은 그 규모로 보아, 당시의 족장들이 많은
사람을 동원할 수 있는 강력한 권력을 행사하고 있었음을 알 수 있다.

선사 시대의 유물, 유적 분포  

고인돌  
청동기 시대의 무덤 형식의 하나로, 각처에 널리 분포되어 있다. 경기 강화 소재.

사회의 변동

청동기 시대가 되면서 벼농사가 시작되는 등 본격적으로 농업이 발달되었다. 이러한 사실은 탄화된 곡식과 볍씨 자국이 있는 토기, 그리고 곡식의
이삭을 자르는 반달 모양의 돌칼을 통해서 알 수 있다.

이 때부터는 족장의 세력이 커지면서 사람들은 지역 단위의 집단 생활을 시작하게 되었다. 그리고, 족장들은 청동제 무기를 사용하여 세력을
넓혔다. 한편, 이 시대에 사회 계층이 형성되고, 개인은 재산을 소유하게 되었으며, 족장은 그 권력을 강화시켜 나갔다.

이와 같이, 청동기 시대의 사람들은 앞 시대의 문화를 흡수하고 지역 단위의 집단 생활을 하면서 보다 발달된 사회를 이룩하게 되었다. 이 때에
우리 민족의 바탕이 마련되었고, 국가 생활도 시작되었다.

학습 정리

1\. 우리 나라의 구석기 시대는 굴포리, 석장리, 검은모루 동굴, 점말 동굴, 전곡리 등지의 유물로 미루어 보아, 약 50만 년 이전부터
시작되었음을 알 수 있다.

2\. 신석기 시대는 약 6천 년 전에 시작되었으며, 이 때를 대표하는 토기는 빗살 무늬 토기이다.

3\. 청동기 시대는 기원전 10세기를 전후하여 시작되었으며, 무늬 없는 토기가 만들어지고, 벼농사가 시작되었다.

4\. 우리 민족의 바탕은 무늬 없는 토기를 만들어 쓰던 사람들이 중심이 되어 이루어졌다.

5\. 청동기 시대가 되면서 사회 계층이 형성되고, 개인은 사유 재산을 소유하게 되었다.

 2. 고조선의 건국과 사회의 발전

〔학습 개요〕

문화가 발전하면서 사회에는 계층이 나타나고, 이어서 국가가 생겨났는데, 가장 먼저 국가를 이룩한 것이 고조선이었다. 고조선의 성립과 관련된
단군의 건국 이야기는 우리 민족의 자주 독립을 기리는 이념으로 계승, 발전되어 왔다.

철기 문화의 유입으로 발전하던 고조선은 한의 침략을 받아 무너졌고, 한은 그 일부 지역에 세력을 뻗쳤으나, 우리 민족은 이에 대항하여 민족의
자주성을 지켰다.

철기 문화의 광범위한 보급으로 각 지역에서는 국가가 발전하였으니, 북쪽의 부여, 고구려, 동예, 옥저와 남쪽의 삼한이 바로 그것이다.

학습 문제

1\. 단군의 건국 이야기는 어떠한 내용이며, 이것의 역사적 의의는 무엇일까?

2\. 고조선의 성립과 변천 과정은 어떠하였을까?

3\. 삼한 사회의 생활은 부여나 고구려의 생활과 어떻게 다를까?

단군의 건국

사회가 발전하면서 사람들은 생활 무대를 구릉이나 산간 지방으로 옮기게 되었고, 지역적인 집단 생활을 하게 되었다. 나지막한 구릉 위에 성을
쌓고, 집단의 우두머리를 중심으로 하여 주변의 지역으로 정치적 세력을 넓혀 갔다.

이렇게 해서 국가가 성립되었는데, 초기의 모습은 읍락을 중심으로 하나의 정치적 사회를 이룩한 형태였으며, 점차 국가로 발전하였다.

그 사회를 이끌어 간 지도자는 자신을 하늘의 아들이라고 생각하였고, 정치와 종교를 지배하였다. 이러한 국가는 여러 지역에 나타났고, 농업을
중심으로 한 경제 생활을 발달시켰으며, 점차 사회의 질서 유지를 위한 법률을 만들게 되었다.

이 시기에 성립된 최초의 국가가 고조선이었다. 고조선의 군장을 단군 왕검이라 불렀는데, 삼국유사에는 그 건국 과정을 알려 주는 다음과 같은
내용이 실려 있다.

“환인(하느님)의 아들 환웅이, 널리 인간을 이롭게 할 목적으로 바람, 비, 구름을 각각 주관하는 부하들을 거느리고 태백산 꼭대기에 내려와
신시를 열고, 곡식, 생명, 형벌 등 인간에게 필요한 360여 가지를 주관하며 사람들을 다스렸다. 그러던 중, 그 곳에 살던 곰이 사람이
되기를 원하므로, 곰을 여자로 변하게 하고 그와 혼인하여 아들을 낳았으니, 이가 곧 단군 왕검이다. 단군 왕검은 아사달에 도읍을 정하고
나라를 세워 조선이라 하니, 때는 요 임금 즉위년(기원전 2333)이다.”

이처럼 단군에 관한 내용에는 홍익 인간의 건국 이념과 단군이 건국하게 된 역사적 사실이 나타나 있다. 이것은 우리 나라가 오랜 역사적 전통을
가졌음을 말해 주는 것이다. 이 건국 이야기는 민족의 독립과 단결 및 평화를 상징하는 것으로서, 우리 민족이 어려움을 당할 때마다 우리에게
용기와 자신을 불어넣어 주었다. 이후 우리 나라는 독자적인 문화를 이룩하면서 발전하였는데, 이 때를 고조선이라고 부른다.

고조선의 사회

고조선은 점차 힘을 키워서, 만주 남서부 일대와 요서 지방, 한반도 북부에 그 세력을 뻗쳤다.

고조선 사회의 지배자는 청동제 무기를 지니고 말을 타고 다녔으며, 죽은 뒤에는 거대한 고인돌을 남겼다.

한편, 고조선에서는 모든 사람이 지켜야 할 8조 법이 있었다. 그 중에서, “사람을 죽인 자는 사형에 처한다. 남에게 상해를 입힌 자는
곡식으로써 갚는다. 도둑질한 자는 노비로 삼는데, 만약 용서를 받으려면 많은 돈을 내야 한다.”는 세 가지 조항만 오늘에 알려져 있다.

이 법의 내용으로 보아, 고조선 사회는 개인의 생명과 재산을 보호하는 사회였음을 알 수 있다.

철기 문화

기원전 4세기경의 중국은 전국 시대의 혼란기여서, 우리 조상들 중에는 이 혼란을 피하여 고조선으로 이동한 사람들이 있었는데, 이들은 철기를
사용하고 있었다.

이들 가운데 위만은 점차 세력을 길러, 기원전 2세기에는 준왕을 내쫓고 왕이 되었다. 그리하여, 고조선은 철기 문화를 가진 새로운 사람들에
의해 다스려지게 되었고, 이 때부터 철기 문화는 우리 나라 전역에 퍼져 갔다.

이 시기에는 토광묘, 옹관묘 등의 무덤을 만들었고, 창, 칼, 낫, 가래, 쟁기 등의 철기와, 창, 칼, 거울, 동물 모양의 허리띠 고리쇠
등의 청동기를 만들어 썼다.

고조선의 변천

위만이 왕이 된 후에, 고조선은 주위의 여러 지역을 차지하여, 만주와 한반도에 걸쳐 큰 세력을 떨치게 되었다.

그 뒤, 위만의 손자 우거왕 때에는, 주변 여러 지역이 한과 직접 무역하는 것을 방해하고 중계 무역을 하여 많은 이익을 얻었다. 한은 이를
싫어한 나머지 고조선을 침략하였다. 고조선은 한의 대군을 맞아 1년 가까이 싸웠으나, 결국 서울인 왕검성이 함락되었다(기원전 108).

고조선이 망한 후 한은, 그 일부 지역에 세력을 뻗쳤으나, 우리 민족은 계속 항쟁하여 그를 몰아 내는 데 성공하였다.

여러 나라의 성립

각 지방으로 퍼져 간 철기 문화는 기원 전후에 한반도의 남부 지방에까지 보급되었다. 그리하여, 한반도 전역에서는 독자적인 철기 문화가
발달하였는데, 김해, 웅천, 마산 등지에서 그 유물이 발견되고 있다.

앞서 청동기 문화가 발달되면서 성립된 읍락을 중심으로 한 사회들은, 그 후 철기 문화가 보급되면서 각지에 여러 나라로 발달하게 되었다.
부여, 고구려, 옥저, 동예 및 삼한의 여러 나라가 그것이다.

여러 나라의 위치  

부여

부여는 만주 송화강 상류의 넓은 평야에 자리잡고, 일찌기 여러 부족을 합쳐 나라를 이룩하였다. 정치는 왕과 부족장들로 구성된 귀족들이 맡아
보았으며, 백성들은 농사와 목축에 종사하였다.

부여는 농업과 목축업이 발달하여 생활이 넉넉하였으며, 12월에는 영고라는 제천 행사를 하며 모든 백성들이 함께 즐겼다. 부족장의 명칭은 말,
소, 개, 돼지 등의 가축 이름을 따서 지었다.

법률은 매우 엄하여, 살인자는 사형에 처하고, 그 가족은 종으로 삼았으며, 도둑질한 자는 그것의 12배를 갚도록 하였다.

그들은 흰 옷을 즐겨 입었으며, 순장하는 장례 풍습을 가지고 있었다.

고구려

고구려는 부여족의 한 갈래가 압록강 중류의 산골짜기에서 일으킨 나라이다. 험준한 자연 환경 속에서 살아야 했던 고구려인의 기질은 자연 억세고
날랬다.

한의 현도군을 요동 방면으로 몰아 낼 수 있었던 것도 이러한 기질이 있었기 때문이다 그 후, 고구려는 서울을 국내성으로 옮기고, 주위의 여러
부족들을 합쳐 고대 왕국으로 발전하였다.

고구려는 5개 부족을 중심으로 나라를 이끌어 갔다. 왕 아래에는 상가, 고추가, 대로, 패자 등의 관직을 두었고, 부족장들도 그 아래에 각각
관직을 두었다.

고구려에서는 무예를 숭상하였고, 법률이 엄하여 무거운 죄를 지으면 곧 사형에 처하고, 그 가족은 종으로 삼았다. 10월에는 온 나라에서
동맹이라는 큰 잔치를 베풀며 시조신에게 제사를 지냈다. 특히 고구려에는 데릴사위의 풍습이 있었다.

옥저와 동예

동해안의 함흥 평야 지방에는 고구려와 같은 계통의 옥저가 있었고, 그 남쪽에는 동예가 있었다. 여기에는 마을마다 우두머리가 있어 각기 마을을
다스렸는데, 아직 왕의 권세를 가진 자가 나타나지 못하였다. 일찍부터 옥저는 고구려의 지배를 받았으며, 해산물과 소금 등의 특산물을 고구려에
바쳤다.

동예에서는 10월에 무천이라는 제천 행사를 하였고, 옥저에는 민며느리의 풍습이 있었다.

삼한

고조선이 성립되고 있을 때, 한강 이남에는 진이라고 불리는 사회가 있었다. 그 후, 철기 문화의 이주민이 들어오면서 마한, 진한, 변한
지역에 여러 나라가 발전하였다.

철기 유물  
평안 북도 위원에서 발견된 철제 농기구. 창 등과 함께 중국의 화폐인 명도전이 발견되었다.

삼한은 제사와 정치가 분리된 사회였다. 정치를 맡은 군장들은 그 세력의 크기에 따라 신지, 읍차 등이라 하였고, 제사를 맡은 제사장은
천군이라 하였다.

각 지역에서는 소도라 하는 신성 지역을 따로 두고 천군이 다스렸는데, 여기에는 군장의 정치적 지배력이 미치지 못하였으며, 죄인이라도 이
지역으로 도망하면 잡아가지 못하였다.

삼한에서는 벼농사를 비롯한 농업이 발달하였고, 저수지도 만들어졌다. 김제의 벽골제, 제천의 의림지, 밀양의 수산제 등은 이 때에 만들어진
것이다.

한편, 변한에서는 철이 많이 생산되어 이를 화폐로 사용하기도 하였다. 생산된 철은 낙랑, 대방, 일본 등지로 수출하였다.

삼한에서는 씨뿌리기가 끝난 5월과 추수가 끝난 10월에 각각 하늘에 제사를 지내고, 여러 사람이 모여 노래와 춤으로 즐겼다. 이는 봄에
풍년을 빌고 가을에 추수를 감사하는 행사로서, 이것이 뒷날 5월 단오와 10월 상달의 풍속으로 전해지게 되었다.

학습 정리

1\. 사회가 발달하면서 국가들이 성립되었는데, 그 중에서 고조선이 가장 먼저 성립되었다.

2\. 단군의 고조선 건국 이야기에는 우리 나라의 건국 이념과 자주 독립 사상이 담겨져 있다.

3\. 철기 문화가 보급됨에 따라 남북의 각 지방에서 새로운 국가들이 성장하였다.

4\. 국가가 성립되는 시기에 여러 나라에서는 대체로 농업을 주로 하였으며, 농업 생활과 관계되는 제천 행사를 하였다.

 Ⅱ. 삼국의 형성과 발전

   1\. 삼국의 발전
   2\. 삼국의 대외 항쟁과 통일
   3\. 삼국의 사회와 문화

고구려 수렵도  
무용총 서벽의 벽화. 무사들이 사냥하는 모습으로서, 고구려인의 굳센 상무 정신이 잘 나타나 있다. 만주 통구 소재.

세계와 우리 나라

우리 나라의 삼국 시대에 해당하는 시기에 다른 나라에서는 몇 가지 큰 사건이 있었다.

서양에서는 크리스트 교가 성립되어 로마 제국에 널리 전파되었고, 지중해 연안에서 큰 제국을 이루었던 로마는 4세기 말에 동⋅서 로마로
분열되었다. 그리고, 게르만 족이 대이동을 시작하여 유럽 사회를 형성하였으며, 중세 봉건 사회로 발전하기 시작하였다.

한편, 중국에서는 후한을 거쳐, 위, 진, 남북조의 혼란기가 전개되었다. 6세기 말에 수가 일어나 중국을 재통일하였으나, 곧 당으로
넘어갔다.

중국이 분열되어 있을 때에는 우리 나라는 삼국이 서로 대립하면서 발전하였다. 그러나, 수, 당의 통일 국가가 나타나게 되었을 때, 우리는
그들의 침략을 받았으나, 고구려가 이에 대항하여 잘 막아 내었다. 한편, 민족의 통일 노력이 계속되면서 신라가 백제, 고구려를 무너뜨린 후
삼국을 통일하였다.

연표

 1. 삼국의 발전

〔학습 개요〕

여러 나라들은 1세기경부터 차차 삼국으로 통합, 발전하여 고대 왕국을 이루었다. 고구려, 백제, 신라는 서로 대립하면서 안으로 국력을 기르고
밖으로 발전을 꾀하였다.

고구려가 먼저 일어나 낙랑을 내쫓고 만주 지역에서 이민족과 싸우고 있는 동안에, 백제는 4세기 후반 근초고왕 때 고구려의 세력을 꺾는 한편,
마한의 남은 세력을 아울렀다. 그 뒤, 고구려가 다시 삼국의 주도권을 쥐고 활약하였는데, 5세기에는 광개토 대왕과 장수왕이 영토를 확장하여
동북 아시아의 패권을 장악하였다.

가장 늦게 발전한 신라는 6세기 중엽의 법흥왕, 진흥왕 때 한강 유역에 진출하고 가야 세력을 병합하는 한편, 화랑도를 발전시켜 뒷날 삼국
통일의 기반을 마련하였다.

학습 문제

1\. 여러 나라들이 어떻게 삼국으로 발전되었을까?

2\. 고구려가 5세기에 동북 아시아의 패권을 장악할 수 있었던 원인은 무엇일까?

3\. 백제가 가장 강성했을 때, 그 세력은 어디에까지 미쳤을까?

4\. 신라의 한강 유역 확보는 어떤 의의를 지니고 있을까?

5\. 6가야가 고대 왕국으로 발전하지 못한 이유는 무엇일까?

왕권의 강화

삼국은 철기 문화를 바탕으로 하여, 종래의 부족장을 중앙 정부의 관료나 귀족으로 흡수하면서 왕권을 굳혀 통치권을 키워 갔다.

삼국은 왕권이 강력하였는데, 왕위는 장남에게 계승되는 것이 원칙이었다. 이들 삼국은, 왕권을 뒷받침하는 지배 체제가 마련되어 있었고, 엄격한
신분 제도가 확립되어 있었다. 이들 삼국은 이처럼 발전하면서 영토 확장 사업을 펴 나갔다.

삼국은 일시에 이룩된 것이 아니라, 오랜 시일을 거치면서 성장하였는데, 4~6세기에 큰 발전을 보았다. 이들 삼국은, 불교를 받아들여 국가의
정신적 바탕으로 삼는 한편, 한문과 유학을 받아들여 충효 사상을 일깨워, 불교의 호국 사상과 함께 민족 문화의 전통을 이어 갈 수 있는
바탕을 마련하였다.

삼국 성립기의 모습  

고구려의 발전

5부족을 중심으로 하여 나라를 이루었던 고구려는, 안으로 왕권을 강화하고 밖으로 영토를 넓혀 갔다. 그리하여, 태조왕 때부터 고대 왕국의
기틀을 갖추기 시작하였다.

왕권을 강화하고 영토를 넓혀 가던 고구려는 국가의 제도를 정비하였다. 고국천왕 때에는 그 이전에 부족의 표시였던 소노부 등 5부를 동부,
서부, 남부, 북부, 중부로 개편하여 행정 구역을 정비하고, 형제 상속의 왕위 계승을 부자 상속으로 고쳐서 왕권을 강화하였다.

고구려는 중국 세력과 맞서 싸우면서 성장하였다. 3세기에 위의 침략을 받아 한때 어려움을 겪기도 했으나, 그 뒤 서안평을 점령하고, 이어
4세기 초 미천왕 때에는 낙랑군 지역을 점령하고 대방군을 백제와 함께 몰아 내어, 고조선의 옛 영토를 차지하였다.

한강 유역의 백제

고조선이 망할 무렵, 북쪽에서 많은 이주민이 한강 유역과 반도의 남쪽으로 이동하였다. 이들은 주로 부여, 고구려 계통의 이주민들로서, 우세한
문화를 바탕으로 하여 한강 유역에 백제를 건국하였다.

백제는, 처음에는 마한의 작은 나라 중의 하나였지만, 차차 세력을 키워 그 중심 세력이 되었다. 이어서 여러 세력들을 통합하고 안으로 국가
제도를 정비하여, 고이왕 때에는 고대 왕국의 모습을 갖추게 되었다.

그 후, 4세기경 근초고왕 때에 마한의 남은 세력을 정복하여 호남 지방을 완전히 통합하고, 남해안까지 그 세력을 뻗쳤고, 탐라국(제주도)을
복속시켰다. 그리고, 북쪽으로 세력을 넓혀, 고구려와 충돌하면서 대동강 유역까지 뻗어 갔다.

한편, 중국이 쇠약한 틈을 타서 요서, 산뚱 지방에까지 나아가 그 지방에 커다란 세력을 형성하였으며, 일본의 여러 지방에도 나아가 영향을
끼치기도 하였다.

이와 같이, 경기, 충청, 전라 지방과 황해, 강원 일부를 차지한 큰 나라가 된 백제는, 중국의 남조와 문물을 교류하면서 일본에 정치적,
문화적인 영향을 끼쳤다.

경주 평야의 신라

신라는 지금의 경주를 중심으로 이룩한 나라이다. 처음에 사로라 불린 이 나라는 진한의 한 국가였다. 그 후, 1세기경에 기마 전투 기술을
받아들여 주위의 부족들을 통합하면서 큰 세력으로 등장하였다.

4세기 말 내물왕 때에는 고대 왕국의 기틀을 갖추어 지금의 경북 일대를 차지하였다. 이 때부터 왕위는 김씨족이 독차지하게 되었으며, 왕의
칭호도 마립간으로 높여 사용하였다. 또, 고구려를 통하여 중국의 전진과 교섭하고, 그 문물을 받아들였다.

5세기에 들어서서 신라는 백제와 동맹을 맺고 점차 고구려의 세력을 견제하게 되었다.

광개토 대왕과 장수왕

4세기에 이르러 고구려는, 요동 지방으로 진출하다가 선비족이 세운 전연과 싸웠으며, 남쪽으로 세력을 뻗치다가 백제와 충돌하였다. 백제와의
충돌 속에서 고국원왕이 전사하기도 하였다.

이어서 소수림왕은 중국의 전진과 평화적 외교 관계를 맺고 불교를 받아들였으며, 국립 대학인 태학을 세우고 율령을 반포하는 등 문물 제도를
정비하였다.

그 후, 광개토 대왕은 강화된 국력으로 대대적인 영토 확장 사업을 펴 나갔다. 숙신을 복속시켜 요하 동쪽의 만주 땅을 차지하였으며,
남쪽으로는 백제를 공격하여 한강 이북을 점령하였다. 또, 5만의 군사를 보내어 신라를 침범한 왜구를 물리치기도 하였다.

광개토 대왕의 뒤를 이은 장수왕은 중국의 남북조를 견제하는 한편, 서울을 평양성으로 옮기고(427), 백제를 쳐서 중부 지방에까지 미치는 큰
나라를 이룩하여 세력을 떨쳤다. 충청 북도 중원군에서 발견된 중원 고구려비는, 이 때의 고구려 세력이 중부 이남 지방에까지 미쳤음을 보여
주고 있다.

고구려의 전성도  

백제의 중흥

고구려의 압력을 받아 한강 유역을 빼앗긴 백제는, 문주왕 때 서울을 웅진성(공주)으로 옮겨 나라를 정비하고, 신라와 동맹하여 고구려에
대항하였다.

무녕왕은 고구려의 공격에 대항하면서 국력을 길러 백제의 부흥을 꾀하였다.

무녕왕릉의 현실(좌)과 유물(우)(왕과 왕비의 금제 관식)  
충남 공주 송산리에서 발견된 백제 무녕왕릉의 현실은 벽돌로 쌓은 구조와 기법이 뛰어나 화려한 인상을 준다. 금제 관식은 금판을 오려 만든
것으로, 관에 꽂아 장식하였다.

무녕왕의 뒤를 이은 성왕은, 서울을 사비성(부여)으로 옮겨, 행정 구역을 정비하고 불교를 장려하며, 중국의 남조와 문물을 교류하는 등 국력을
크게 길렀다. 성왕 때 백제는, 신라와 동맹하여 고구려를 쳐서, 잃었던 한강 하류 지역을 회복하였으나, 다시 이 지역을 신라에게 빼앗겨 약
120년간 계속되던 신라⋅백제 동맹은 깨어지고 말았다. 성왕은 신라와 싸우다가 관산성(옥천)에서 전사하였다.

진흥왕 순수비

고구려, 백제보다 뒤늦게 발전한 신라는 6세기 지증왕, 법흥왕 때에 와서 크게 발전하였다.

지증왕은 국호를 신라로 고치고, 왕호도 마립간 대신 왕이라 하였다. 그리고, 이 때 가축을 이용한 농사 기술이 보급되어 농업 생산력도
높아졌다.

법흥왕은 불교를 공인하여 국가의 지도 이념으로 삼고, 율령을 반포하는 등 여러 제도를 갖추었다.

지증왕, 법흥왕의 뒤를 이은 진흥왕은 안으로 화랑도를 개편하고, 고대 왕국의 기반을 확고히 하였다.

그리고, 이 무렵에 신라는 밖으로 영토 확장에 나섰다. 지증왕 때에는 우산국을 복속시키고, 법흥왕 때에는 금관 가야(김해)를 아울렀다.

진흥왕 때에는 대가야(고령)를 정복하여 낙동강 유역을 완전히 차지하였다. 이를 전후하여 진흥왕은 백제와 동맹하여 고구려를 쳐서 한강 상류
지역과 함경도 일대까지 점령하고, 백제가 회복한 한강 하류 지역마저 장악하여 중국과의 교통로를 확보하였다.

진흥왕 때의 삼국 형세  

4개의 순수비와 단양 적성비는 이 때를 전후한 진흥왕의 정복 사업을 기념하기 위하여 세운 것이다.

단양 적성비  
6세기 중엽(진흥왕 6년경), 신라군이 고구려의 적성을 점령, 그를 기념하기 위해 세운 비이다. 충북 단양 소재.

신라는 한강 유역을 점령함으로써 비약적인 발전을 하게 되었을 뿐 아니라, 후일 삼국 통일의 기틀을 이룩하게 되었다.

6가야

가야의 여러 국가들은 원래 변한의 땅인 낙동강 서쪽 지역에서 일어났다. 그 뒤, 김해의 금관 가야와 고령의 대가야를 중심으로 그 밖의 여러
국가들이 연맹하여 6가야를 형성하였으며, 그들은 가야 문화를 발전시켰다.

가야에는 철의 생산이 많아 일찍부터 철기 문화가 발달하였다. 생산된 많은 철은 바다를 통하여 낙랑, 대방과 일본 등지에 수출하였다.

6가야의 세력은, 초기에는 매우 강성하여 신라를 위협할 정도였으며, 일본 지역에도 진출하여 그 문화를 전파시켰다.

그러나, 6세기 이후 신라의 압력으로 가야는 그 세력이 약해지다가, 진흥왕 때에 대가야를 끝으로 멸망하였다. 가야 문화는 그 후 신라 문화에
흡수되어 신라 문화 발달에 큰 영향을 끼쳤다.

학습 정리

1\. 1, 2세기 태조왕 때부터 고대 왕국의 기초를 갖추기 시작한 고구려는, 낙랑군을 멸망시키고, 5세기에는 강력한 국가를 이룩하였다.

2\. 백제는 3세기 고이왕 때에 고대 왕국의 기초를 갖추었고, 4세기에 이르러는 요서, 산뚱 지방과 일본 지역에까지 그 세력이 미쳤다.

3\. 신라는 4세기 내물왕 때를 전후하여 고대 왕국으로 발전하였으며, 6세기에는 한강 유역에 진출하여 삼국 통일의 기틀을 이룩하였다.

4\. 가야는 철기 문화를 바탕으로 하여 일본에까지 세력권을 형성하였다. 비록 고대 왕국으로는 발전되지 못하였으나, 가야 문화는 신라 문화에
큰 영향을 주었다.

 2. 삼국의 대외 항쟁과 통일

〔학습 개요〕

고구려는 한반도의 울타리 역할을 하여 중국 세력의 침입을 막아, 남쪽의 백제와 신라의 터전을 굳히게 해 준 나라이다. 또, 중국의 남북조
시대의 여러 나라와 교섭하고, 수, 당 등 통일 국가와 거듭 교전하면서 우리 민족의 활동 무대를 넓혔다.

백제는 일찌기 중국의 남조와 교섭하면서 문화를 받아들였을 뿐만 아니라, 4세기경에는 복잡한 대륙 정세를 틈타 중국 지역에까지 세력을 넓히기도
하였다.

한편, 신라는 고구려, 백제에 비해 늦게 발전하였으나, 한강 유역으로 진출하여 한반도의 중심부를 차지한 후, 당과 연합하여 백제와 고구려를
무너뜨렸다. 그 후, 신라는 우리 땅을 지배하려는 당을 몰아 내고 마침내 삼국 통일을 이룩하여, 민족의 굳건한 기백을 보여 주었다.

학습 문제

1\. 백제는 요서 지방에 어떻게 하여 진출할 수 있었을까?

2\. 고구려는 수, 당의 침략을 어떻게 극복하였을까?

3\. 백제와 고구려가 멸망한 이유는 무엇일까?

4\. 삼국 중에 가장 늦게 발전한 신라가 어떻게 삼국을 통일할 수 있었을까?

5\. 신라는 당의 세력을 어떻게 몰아 낼 수 있었을까?

고구려의 대외 관계

고구려는 우리 나라에 침입하려는 중국 세력을 저지하는 한반도의 울타리 구실을 하였으며, 때로는 적극적으로 중국 세력을 교묘히 이용하여 그들을
견제하기도 하였다.

동천왕 때에는 중국 분열을 이용하여 바다 건너 오와 관계를 맺기도 하였다. 고구려가 중국 5호 16국의 혼란을 틈타 요동 지방에 진출하자,
선비족의 침략을 받기도 하였다. 그러나, 소수림왕 때에는 북방의 전진과도 친선 관계를 맺었으며, 장수왕 때에는 남북조의 분열을 역이용해서
만주에서의 주도권을 장악함으로써 동북 아시아의 최대 강국으로 군림하였다.

이와 같은 고구려의 활발한 대외 관계는 한반도 내의 사정으로 계속될 수 없었다.

대체로 5, 6세기의 삼국은, 고구려의 남하 정책과 이에 대항하여 백제, 신라가 현상을 유지하려 하였으나, 6세기 중엽 이후 신라의 팽창과
수의 등장으로 극동의 정세는 새로운 경지를 맞게 되었다.

백제의 해외 진출

4세기에 이르러 고구려가 중국과 심한 충돌을 계속하고 있을 때, 백제는 마한 세력의 병합에 박차를 가하고 있었다.

마침내, 마한을 완전히 정복하고 국가 체제를 갖춘 백제는, 4세기 중엽 중국의 진이 약화된 틈을 타서 요서 지방에까지 나아갔다. 이것은 당시
고구려의 요동 진출에 맞먹는 것이다. 이 때, 백제인들은 산뚱 지방과 일본의 여러 지방에까지 진출하였다.

이러한 백제 세력은, 5세기 중엽 이후 고구려의 남하와 중국 세력의 압력으로 밀려났다. 비록 백제의 중국 진출이 약 1세기에 걸치는
기간이지만, 이는 백제인의 왕성한 해외 진출의 한 모습을 보여 주는 것이다.

백제의 해외 진출  

살수 대첩

6세기 후반에 이르러 신라가 한강 유역을 점령하자, 고구려와 백제는 신라에 대항하기 위해 동맹을 맺었다. 이 무렵, 오랫동안 분열되었던
중국은 수에 의해 통일되었다.

수가 중국을 통일하자, 위협을 느낀 고구려는 군비를 갖추고 군량미를 비축하는 등 이에 대비하였다. 그리고, 영양왕은 몽고 지방의 돌궐과
동맹을 꾀하는 한편, 말갈족을 이끌고 요서 지역을 먼저 공격하였다. 이에, 동방 진출을 꾀하던 수의 문제가 대군을 이끌고 쳐들어왔는데,
고구려는 초전에 이를 크게 무찔렀다.

그 후, 수의 양제는 백만이 넘는 대군을 이끌고 다시 침략해 왔다. 이 때, 을지문덕은 수의 30만 별동 부대를 평양성 근처까지 끌어들여
포위, 공격하였다. 그는 크게 패하여 후퇴하는 적군을 살수(청천강)에서 거의 전멸시켰다. 이 승리가 우리 역사상 가장 빛나는 살수
대첩이다(612). 그 뒤에도 고구려는 몇 차례나 침공해 오는 수의 군대를 번번이 쳐부수었고. 여기에 국력을 소모한 수는 내란까지 겹쳐 결국
멸망하고 말았다.

고구려⋅수 전쟁(민족 기록화)  
을지문덕이 수의 대군을 살수에서 무찌르는 모습이다.

안시성의 승리

수의 뒤를 이어 중국을 지배하게 된 당은 한때 고구려와 화친하였으나, 국력을 키워 고구려를 칠 기회를 노리고 있었다. 이에 고구려는, 국경
지대에 장성을 쌓아 대비하였다.

한편, 백제와 고구려의 침략을 자주 받아 고립 상태에 있던 신라는, 이 어려움을 극복하기 위하여 당과 외교 관계를 강화하였다. 당 태종은
이러한 국제 관계를 틈타 고구려를 침략하였다. 당군은 당차, 포차 등 신무기를 이용하여 요동성을 함락시키는 등 한때 기세를 올렸으나,
고구려는 수 개월 동안 치열하게 계속된 안시성 싸움에서 당군을 크게 무찔렀다(645).

그 후에도 고구려는 당의 몇 차례에 걸친 침략을 받았으나 이를 모두 물리쳤다. 이것은 고구려인들이 일치 단결하여 국난을 극복한 빛나는
승리로서, 우리 역사상 특기할 만한 일이다.

백제의 멸망

신라가 한강 유역을 점령하자, 고구려와 백제는 서로 동맹하여 신라를 자주 공격하였다. 곤경에 빠진 신라는 김유신 등으로 이를 막게 하는
한편, 당과 동맹을 맺었다.

이 때, 당은 고구려 정벌에 여러 번 실패한 뒤라, 방법을 바꾸어, 신라를 돕는 체하면서 백제, 고구려를 차례로 치려고 하였다.

한편, 백제의 의자왕은 신라에 대한 군사 작전을 자주 일으켜 부질없이 국력을 소모하고 있었다. 이 틈을 탄 신라군은 당군과 연합하여 백제를
공격하였다. 이 때, 계백이 거느린 백제의 결사대는 신라군을 맞아 황산벌에서 용감히 싸웠으나 패하고 말았다. 이어 나⋅당 연합군에게 사비성이
함락됨으로써 백제는 멸망하였다(660).

계백 동상  
계백은 결사대를 이끌고 신라군을 맞아 싸우다가 전사했다. 충남 부여 소재.

고구려의 멸망

백제를 무너뜨린 신라와 당은 그 이듬해에 고구려를 공격했으나 실패하였다.

한편, 고구려는 수, 당과의 전쟁에서 큰 승리를 거두기도 했으나, 전쟁이 장기화되면서 국력이 소모되어 차차 나라가 기울어 갔다. 이러한
가운데 연개소문이 죽자, 정권을 둘러싸고 지도층이 분열되어 국력이 더욱 약화되었다.

이 틈을 타 신라와 당은 남과 북에서 고구려를 공격하였다. 고구려는 평양성을 굳게 지키며 1년간 항전하였으나, 끝내 함락되고
말았다(668).

김유신 동상  
김유신은 무열왕, 문무왕을 도와 삼국을 통일하는 데 공을 세웠다. 경주 소재.

민족의 통일

백제와 고구려가 망한 후, 옛 영토에서는 부흥 운동이 줄기차게 일어났다.

옛 백제 지역에서는 복신, 도침, 흑치상지와 왕자 풍이 부흥 운동에 앞장 서 한때 그 세력이 대단하였으나, 지도층 사이에 내분이 일어나
성공하지 못하였다.

옛 고구려 지역에서도 검모잠, 안승 등이 중심이 되어 여러 곳에서 부흥 운동을 일으켰으나, 내분이 일어나 실패하고, 안승은 신라에
투항하였다.

이 때, 당은 신라마저 그들의 지배하에 넣으려고 하였으나, 이를 눈치챈 신라는 이 땅에서 당군을 몰아 내기 위한 노력을 전개하였다.
그리하여, 10여 년 간에 걸쳐 신라와 당은 싸움을 거듭하였다.

신라는 고구려 부흥 운동군을 도와 당군의 공격을 막는 한편, 백제의 유민과 힘을 합쳐 백제의 옛 땅에 주둔하고 있는 당군을 무찔렀다. 당은
많은 군대를 파견하여, 한강, 임진강 유역에서 신라를 공격하였다. 그러나, 신라는 당군을 매초성 싸움에서 거의 섬멸하였고, 이어서 금강
입구에서 당의 해군을 크게 격파하였다. 이리하여, 신라는 마침내 당군을 이 땅에서 축출하고, 민족의 숙원인 삼국 통일을 이룩하였다(676).

매초성 싸움(민족 기록화)  
신라는 백제와 고구려의 멸망 이후 신라까지 빼앗으려는 당군을 격퇴하였다.

학습 정리

1\. 고구려는 중국을 통일한 수와 당의 침략을 받았으나, 살수와 안시성에서 큰 승리를 거두어 나라를 지켰다.

2\. 신라와 당과 이해 관계가 일치되어 나⋅당 연합군이 결성되었고, 이러한 관계에서 백제, 고구려가 무너졌다.

3\. 신라는 우리 나라에 야심을 가진 당과 싸워 마침내 그 세력을 축출하고, 삼국 통일을 이룩하였다.

 3. 삼국의 사회와 문화

〔학습 개요〕

삼국은 발달된 제도와 높은 문화를 이룩하였고, 나라를 다스리기 위하여 강력한 왕권을 중심으로 하는 중앙 정치 제도와 지방 행정 제도 등을
갖추었다. 특히, 신라에는 골품이라고 하는 신분 제도가 있어 사회를 규제하였다.

삼국은 일찍부터 독자적인 사상과 신앙을 가지고 있었으나, 4세기 이후 불교를 수용함으로써 보다 높은 수준으로 문화를 발전시키면서 문화의
터전을 넓히고, 각기 역사를 편찬하였다.

한편, 시가, 음악, 그리고 건축, 회화, 조각, 공예 등의 예술도 높은 수준으로 발전시켰다. 삼국의 학문과 예술은 일본에 전해져 일본 문화
발전에 큰 영향을 끼쳤다.

학습 문제

1\. 삼국의 정치 제도와 사회 제도는 각기 어떠한 특색을 지니고 있을까?

2\. 화랑도는 신라 사회의 발전과 어떠한 관계를 가졌을까?

3\. 삼국의 종교와 학문은 어떠한 특색을 가지고 전개되었을까?

4\. 삼국의 문화는 어떻게 일본에 전파되었으며, 그 영향은 어떻게 나타났을까?

삼국의 사회

삼국은 점차 왕을 중심으로 하는 중앙 집권적인 국가로 발전하였다. 따라서, 삼국은 각각 왕족을 포함한 중앙의 귀족이 정치, 문화의 담당자로서
특권을 행사하였다.

고구려는 계루부의 고씨가 왕족이었고, 전 왕족인 소노부와 왕비족인 절노부가 최고의 귀족층을 이루고 있었다. 그 아래에 일반 귀족과 평민,
노예층이 있었다.

백제는 왕족인 부여씨와 왕비족인 진씨, 예씨 등을 포함한 8개의 귀족 가문이 있었다.

신라는 초기에 박, 석, 김의 3성이 번갈아 왕위를 계승하였으나, 내물왕 이후로는 김씨가 왕위를 세습하였다.

신라에는 골품이라 하는 엄격한 신분 제도가 있었는데, 골품에는 왕족인 성골, 진골과 귀족인 6, 5, 4두품이 있었다. 성골 출신의 왕은
진덕 여왕으로 끝나고, 태종 무열왕 이후로는 진골 출신이 왕이 되었다.

6두품은 왕족이 아니므로 아찬 이상의 높은 벼슬은 할 수가 없었다. 이들은 정치적으로 높이 진출하지 못해서 점차 불만을 가지게 되었고, 주로
학문과 종교면에서 많은 활동을 하였다.

이와 같이, 삼국에서는 왕족이나 왕비족을 중심으로 일부의 중앙 귀족층이 권력을 독점하였다. 그 중, 신라에서는 이러한 귀족의 대표가 모여
국가의 중요한 일을 만장 일치로 처리하였는데, 이것이 화백의 제도이다. 고구려와 백제에도 비슷한 제도가 있었다.

한편, 신라에서는 나라에 유능한 청년을 양성하기 위하여, 진흥왕 때 화랑 제도를 개편하고 많은 인재를 양성하였다. 화랑과 낭도로 구성된
화랑도는, 평시에는 명산 대천을 찾아 도의를 닦고 무술을 익혔다가, 전쟁시에는 나라를 위하여 목숨을 바쳐 싸웠다. 화랑도는 세속 5계 등의
가르침을 따라 심신을 단련하였는데, 훌륭한 재상과 명장이 이 화랑도에서 많이 배출되었다. 이들 화랑도는 신라의 삼국 통일에 크게 공헌하였다.

집 모양 토기  
삼국 시대의 집 모양을 알려 준다. 지붕 기와가 정교하게 마무리 되었다. 낙동강 유역 출토.

정치 생활

사회가 발전함에 따라, 삼국은 점차 중앙 집권적인 고대 왕국으로 발전하였다.

고구려에는 대대로 이하 10여 등급의 관리들이 있어 정사를 맡아 보았다. 행정 구역은 수도와 전국을 각각 5부로 나누었는데, 지방 각 부에는
욕살을 두어 다스렸고, 성을 쌓아 국방에 대비하였다.

백제에는 왕 아래에 16등급의 관리들이 있었고, 중앙에 상좌평 등 6좌평이 있어 나라일을 나누어 맡았는데, 후기에는 중앙에 22부의 실무
관청과 지방에 22개의 담로를 두어 나라를 다스렸다. 행정 구역은 수도를 5부로 나누고 지방은 5방으로 나누었는데, 방에는 방령을 두어
다스렸고, 방 아래에는 군을 두었다.

신라에는 이벌찬 이하 17등급의 관리들이 있었다. 관리의 등급은 골품 제도와 밀접하게 관련되어 있어 신분에 따라 그 진출이 엄격하게
제한되었다. 신라는 중앙에 병부 이하 여러 관청이 있었고, 귀족의 대표인 상대등이 국사를 총괄하였다. 진덕 여왕 이후에는 집사부 중시의
지위가 높아졌다. 수도는 6부로 나누었으며, 지방은 5주로 나누어 군주를 두었다. 그 아래에 군, 현을 두었는데, 농민은 실제로 촌주가
다스렸다.

경제 생활

삼국 시대에 이르러서는 농업 생산이 크게 늘어났다. 농업을 주요 산업으로 하고 있던 삼국은 국가적으로 농업 정책을 실시하였다. 특히, 백제와
신라에서는 수리 시설을 크게 확장시켜 벼농사를 많이 지었다. 그러나, 산악 지대의 고구려에서는 조가 주요 작물이었다. 삼국은 농업 외에
어업과 목축업도 발달하였다. 이러한 생산물은 거의 중앙의 귀족이 독점하여 일반 백성들의 생활은 넉넉하지 못하였다. 그리하여, 고구려에서는
가난한 백성들을 구제하기 위하여, 봄에 곡식을 빌려 주었다가 가을에 갚게 하는 진대법을 실시하였다.

불교와 도교

삼국 시대에는 각국이 부족 시대부터 내려오던 자연신을 받드는 자연신 숭배 사상이 있었다. 그리고, 조상신과 국가 수호신을 받들어 그에 대한
제사를 국가적으로 지냈다. 민간에서는 무속, 점술 등의 풍속이 있었다.

이러한 신앙들은 국가의 지도 이념이 되기에는 적합하지 못했으므로, 각국은 국민의 정신적 통일을 위해 체계적인 종교를 필요로 하게 되었다.
이러한 때에 삼국은 모두 불교를 받아들여 나라의 정신적 바탕으로 삼았다.

인도에서 시작된 불교는 중국을 거쳐 삼국에 전래되었다. 먼저, 고구려에는 소수림왕 때 전진에서 순도가 불경과 불상을 전하였고, 백제에는
침류왕 때 동진에서 서역의 승려 마라난타가 불교를 전하였다. 신라의 경우에는 눌지왕 때에 고구려의 승려 묵호자가 들어와 전도하였으나, 뿌리
깊은 고유 신앙 때문에 오랫동안 국가의 인정을 받지 못하다가, 법흥왕 때에 이차돈의 순교를 계기로 하여 국가의 공인을 받기에 이르렀다.

불교의 전래  

불교의 전래와 함께 서역과 중국의 학문, 미술, 과학 기술 등이 전래되어, 삼국의 사회, 문화는 크게 발전하였다. 삼국은 모두 불교가 나라를
수호하는 데 도움이 되는 종교라고 생각하여, 불교를 국가적인 신앙으로 발전시켰다.

삼국에서는 불교 및 서역과 중국에서 전해진 학문의 연구 활동을 전개하는 한편, 큰 절과 탑파를 세우고 불상을 만드는 등 불교 예술을 크게
발전시켰다. 이에 따라 학문이나 예술로 널리 이름을 떨친 승려들이 많이 나왔는데, 고구려의 혜량, 담징, 백제의 관륵, 겸익, 신라의 원광,
자장 등은 모두 이름 높은 승려들이었다.

한편, 고구려에는 영류왕 때 당에서 도교가 전래되었는데, 도교는 그 후 백제, 신라에도 퍼져 많은 영향을 끼쳤다. 이러한 사실은 고구려 고분
벽화에 보이는 사신도나 백제의 산수문전, 그리고 신라의 화랑도 등에서 그 모습을 찾아볼 수 있다.

한문과 이두

우리 나라에 한자가 전래된 것은 고조선 말기부터의 일이지만, 삼국 시대에 들어와서는 활발하게 사용되었다. 이러한 사실은 광개토 대왕릉비,
중원 고구려비나 진흥왕 순수비, 단양 적성비 등에 잘 나타나 있다. 한자의 음을 따서 우리말을 표기하려는 노력도 있었는데, 뒷날 신라의
설총은 이를 체계적으로 연구하여 이두를 발전시켰다.

광개토 대왕릉 비문의 일부(탑본)  
광개토 대왕의 업적을 예서체의 한자로 기록하였다. 만주 통구 소재.

이와 같은 한자의 보급은 학문의 발달을 가져 왔다. 고구려에서는 소수림왕 때 서울에 태학을 세웠고, 그 후 지방 여러 곳에 경당을 세워
학문과 무술을 가르쳤다. 백제에서는 유교 경전의 내용을 가르치는 오경 박사가 있었으며, 또 천문, 역법, 의학 등을 가르치는 사람도 있었다.

학문의 발달과 함께 자기 나라의 역사를 기록하려는 의식이 자라났다. 고구려에는 일찌기 유기 100권이 전해 왔었는데, 영양왕 때 태학 박사
이문진이 이를 간추려 신집 5권을 편찬했다. 백제는 근초고왕 때 박사 고흥이 서기라는 국사책을 썼으며, 신라는 진흥왕 때 거칠부가 국사를
편찬하였다. 그러나, 이들은 오늘날 전해지지 않고 있다.

시가와 풍속

예부터 노래와 춤을 좋아했던 우리 겨레는 많은 노래를 만들었으나, 지금은 거의 전해지지 않고 있다. 다만, 고구려에서는 유리왕이 지었다는
황조가와 을지문덕이 수의 장수에게 지어 보낸 5언시가 한자로 기록되어 전해 오고 있다. 신라에서는 향가라는 것이 있었는데, 이는 한자의 음과
뜻을 빌어 표기한 것으로, 주로 승려들의 작품이 많이 남아 있다.

삼국에서는 여러 가지의 악기가 만들어졌고, 악곡도 지어 음악이 크게 발달하였다.

고구려의 왕산악은 중국의 악기를 개량하여 거문고를 만들고, 100여 곡을 지었다고 한다.

신라의 백결 선생은 방아타령을 지어 유명하였으며, 가야의 우륵은 가야금 곡조 185곡을 지어 제자들에게 가르쳤다고 한다.

백제에서도 일본에 악사, 악공, 악기를 전했다고 하는 것으로 보아, 음악이 매우 발달했음을 알 수 있다.

고구려 사람들은 사냥을 좋아하고 무예를 숭상하는 기풍을 지니고 있었으며, 매년 3월 3일에는 사냥으로 무술을 겨루었다.

신라에서는 부녀자들이 두 패로 나뉘어 길쌈 대회를 열어 한가윗날 그 결과를 헤아려, 이 때 진 편에서는 회소곡을 불렀다고 한다.

고분 미술

삼국 시대에는 많은 고분이 만들어졌는데, 이 고분들은 단순한 무덤이라기보다는 고대인들의 정신이 담긴 예술과 지혜의 보고라 할 수 있다.

고구려인의 미술 솜씨는, 옛 서울이던 통구와 평양 부근에 있는 고분을 통하여 알 수 있다. 즉, 장군총의 웅장한 모습과 쌍영총의 아름다운
내부 구조, 그리고 무용총을 비롯한 많은 무덤에서 고구려인들의 뛰어난 솜씨를 볼 수 있다. 특히, 고분 내부에 그려진 풍속도, 수렵도,
무용도, 사신도와 같은 벽화에서 고구려인의 패기와 생활 모습을 엿볼 수 있다.

씨름도  
통구에 있는 각저총의 벽화로, 고구려 청년의 힘찬 모습을 볼 수 있다.

무용도  
통구에 있는 무용총의 벽화로, 당시의 무용과 악기 연주 모습을 엿볼 수 있다.

백제 역시 무녕왕릉을 비롯하여 공주와 부여에 많은 고분을 남겼는데, 이들을 통해서 백제인의 솜씨를 엿볼 수 있다.

꽃 무늬(연화문과 비운문)  
능산리의 백제 고분 천장에 있는 꽃무늬이다. 충남 부여 소재.

신라 역시 고분을 통하여 많은 예술품을 남기고 있다. 신라의 고분은 목곽분 혹은 석실분으로 되어 있는데, 내부에서 금관을 비롯한 화려한
유물들이 많이 나왔다. 특히, 천마총에서 출토된 천마도와 많은 유물들은 신라인의 훌륭한 솜씨를 보여 준다.

석탑과 공예

삼국 시대의 미술은 특히 건축, 조각 등에 뛰어난 솜씨가 나타나 있다. 초기의 미술품에는 소박한 자연미가 깃들여 있으나, 점차 불교의 영향을
받아 독특한 불교 미술의 발전을 보이고 있다.

삼국의 지상 건축물로서 대표적인 것은 탑이다. 처음에는 목조탑이 많이 건립되었으나, 후에는 석탑이 주로 건립되었다. 특히, 황룡사의 9층
목탑은 거대하고 장려하였다고 한다. 목탑 양식의 익산의 미륵사지 석탑과 부여의 정림사지 5층 석탑은 백제의 대표적 석탑이다. 신라는 분황사
석탑, 첨성대 등의 석조 건물을 남겼다.

첨성대  
신라 선덕 여왕 때(7세기 초)의 건축물로, 동양에서 가장 오래 된 천문 관측대이다. 경북 경주 소재.

미륵사지 석탑  
7세기경에 세워진 석탑이다. 현재의 높이는 13.5m로, 동양 제일이다. 목탑 양식을 취하였다. 전북 익산 소재.

정림사지 5층 석탑  
백제 석탑의 하나로서, 축조 양식이 특이하다. 세련된 모습은 백제의 미를 잘 나타내 준다. 충남 부여 소재.

조각품으로는 불상이 대부분인데, 불상에는 작은 금동불과 커다란 석불이 있다. 고구려의 불상은 연가 7년명 금동 여래 입상이 힘찬 고구려
미술의 특색을 보여 주고 있다. 백제 불상으로는 부드러운 느낌을 자아내는 서산 마애 삼존 석불이 유명하다. 신라에도 신라 문화의 특색을 보여
주는 많은 불상이 남아 있는데, 특히 금동 미륵보살 반가상이 유명하다. 신라의 양지라는 승려는 조각가로서 유명하였다.

공예품은 고분과 절터에서 많이 발견되었는데, 공주 무녕왕릉과 경주 금관총, 천마총 등에서 발굴된 금관, 그리고 금은으로 만든 팔찌, 허리띠,
목걸이와 여러 가지 구슬로 만든 장식품들은 무척 아름답고 정교하다. 기와나 벽돌의 무늬도 매우 아름다우며, 특히 백제의 산수문전은 유명하다.

문화의 전파

삼국은 서로 대립되어 경쟁하는 중에서도 활발하게 문화를 교류하였다. 중국과도 교류하면서 독자적인 미술을 발전시키는 한편, 바다 건너 일본에
문화를 건네 주어 그들 문화의 기틀을 잡아 주기도 하였다.

백제에서는 아직기와 왕인이 일본에 건너가 유학을 가르쳤고, 단양이, 고안무 등도 건너가 학문을 가르쳤고, 성왕 때에는 불교를 전해 주었으며,
백제와 고구려의 많은 승려들은 일본의 불교계를 지도하였다.

유학과 불교 외에, 미술, 음악, 역학, 의학과 농업 등 여러 가지 기술도 가르쳐 주었다. 특히, 담징은 종이, 붓, 먹, 벼루 만드는 법을
처음으로 일본에 전해 주었으며, 호오류우 사의 벽화도 남겼다. 일본이 아스카 문화를 일으키고 고대 왕국으로 발전할 수 있었던 것은, 삼국의
문화를 전래 받을 수 있었기 때문이었다. 이러한 사실은 다카마쓰 고분 벽화를 비롯한 여러 문화 유품에 잘 나타나 있다.

삼국 문화의 일본 전파  

다카마쓰 고분 벽화  
일본 다카마쓰 현의 고분에서 나온 벽화로, 고구려 고분 벽화를 닮았다.

학습 정리

1\. 신라에는 골품이라는 엄격한 신분 제도가 있었으며, 무열왕 이후에는 진골 출신이 왕이 되었다. 6두품은 주로 종교와 학문 부문에
기여하였다.

2\. 불교는 고대 왕국으로 발전하는 삼국에 정신적으로 크게 이바지하였고, 문화의 발전에 큰 영향을 끼쳤다.

3\. 삼국 시대의 예술품은 대체로 소박한 자연미가 표현되었거나 불교적인 요소가 강하게 작용하고 있다.

4\. 삼국 문화는 일본으로 전파되어 고대 일본에 큰 영향을 주었고, 아스카 문화 성립에 크게 이바지하였다.

 Ⅲ. 통일 신라와 발해

   1\. 통일 신라의 발전
   2\. 발해의 만주 지배
   3\. 민족 문화의 융성
   4\. 신라 말기의 사회 변동

석굴암  
통일 신라 시대의 대표적 걸작품으로, 광도와 습도 관계를 고려하여 돌을 쌓아 만든 석굴이다. 그 안에 본존 불상과 보살상 등이 조각되어
있는데, 신라인의 불교 세계관을 엿볼 수 있다.

세계와 우리 나라

통일 신라와 발해가 활동하였던 7세기 후반에서 10세기에 이르는 시기는, 동로마에서 비잔틴 문화와 그리이스 정교가 발전되는 한편, 중⋅서부
유럽에서는 카톨릭 교가 교황권을 굳히며 전 유럽을 점차 지배하게 되고, 봉건 제도라고 하는 사회 경제 관계가 성립되었다.

중국에서는 당이 주위의 여러 민족과 국가를 제압하면서 찬란한 문화를 꽃 피웠다. 그러나, 8세기 중엽 이후에 쇠약해진 당이 망하자, 다시
5대 10국의 혼란기에 빠졌다.

우리 나라는, 남쪽에서는 신라가 삼국을 통일하여 발전을 하고 있었으며, 북쪽에서는 고구려 유민들이 말갈족을 거느리고 발해를 세워 만주를
지배하면서 옛 고구려 문화를 계승하였다. 발해와 신라는 같은 민족이면서도 당의 분열 정책에 휘말리기도 하여 통일을 이룩하지 못하고 있다가,
10세기 전반 거의 같은 시기에 멸망하였다.

연표

 1. 통일 신라의 발전

〔학습 개요〕

신라는 백제, 고구려의 옛 땅을 지배하려는 당의 야심을 분쇄하고, 거족적으로 뭉쳐 당 세력을 물리쳐 삼국을 통일하였다. 이리하여, 우리
민족은 하나의 정부 아래에서 정치와 문화를 발전시킬 수 있는 단일 국가를 이루게 되었다.

통일 신라는 분열된 민족을 하나로 집결시키기 위해 고구려와 백제의 유민들을 포섭하였으며, 또 강력한 왕권을 수립하기 위해 중앙과 지방의 행정
제도와 군사 제도를 개편하였다. 특히, 중앙 관청을 집사성, 병부, 위화부, 사정부 등 10여 개로 늘려 정사를 분담시켰고, 지방에는 9주
5소경을 두었다.

신라는 안으로 이처럼 하나의 테두리 안에서 발전하기 위한 기반을 다지는 한편, 당과의 빈번한 교류를 통하여 문물과 수공업을 발달시키면서
찬란한 민족 문화의 바탕을 이룩하였다.

학습 문제

1\. 삼국 통일의 역사적 의의는 무엇일까?

2\. 신라의 삼국 통일 전과 후의 정치 제도는 어떻게 달라졌을까?

3\. 신라는 민족 국가의 발전을 위해 백제, 고구려의 유민을 어떻게 포섭하였을까?

4\. 신라인의 해상 활동은 어떻게 전개되었으며, 그것은 신라에 어떤 영향을 남겼을까?

통일의 의의

삼국 중에서 가장 발전이 늦었던 신라는, 6세기 중엽 이후 안으로 국력을 기르면서 밖으로 활발한 외교 활동을 펴, 당과 연합하여 백제와
고구려를 넘어뜨리고, 끝내는 당군을 축출하여 통일을 이룩하였다.

대왕암  
문무왕의 해중 능이다. 왜구를 막아 나라를 지키겠다는 문무왕의 유언에 따라 바다에 장사지냈다. 경북 월성군 앞바다 소재.

신라의 삼국 통일은 우리 역사상 큰 의의를 가진다. 통일 전까지 정치, 사회, 문화를 달리했던 우리 민족은 삼국 통일을 계기로 하나의 테두리
안에서 발전할 수 있었고, 특히 고구려, 백제의 문화를 포용함으로써 민족 문화의 기틀을 확립할 수 있었다. 영토는 비록 만주까지 못
미쳤으나, 강대국인 당의 세력을 몰아 내고 민족의 독립을 지켰다는 점에서 큰 뜻이 있다.

집사성과 9주

삼국을 통일한 신라는, 넓어진 영토와 새로 아우르게 된 국민들을 잘 다스리기 위하여 정치 제도 등을 개편하였다. 이러한 개편은 태종 무열왕을
거쳐 신문왕 때에 이르러 거의 완성되었다.

통일 신라는 먼저 왕권을 강화했다. 상대등의 세력은 약화되고, 국왕의 직속 기관으로 집사성의 장관인 시중이 국무 총리격이 되어 모든 행정을
주관했다. 그 밖에 병부, 위화부, 사정부 등이 행정을 맡아 보았다.

지방은 신문왕 때에 전국을 9주로 나누고 주에는 도독을 두었다. 주 아래에는 군과 현이 있었으며, 특수 부락으로 향, 소, 부곡이 있었다.
농민은 실제로 촌주가 다스렸다. 그리고, 5소경을 두어 지방의 정치와 문화의 중심지로 삼았다.

통일 신라의 행정 구역  

또, 지방의 호족을 인질로 삼아 교대로 서울에 머무르게 하였는데, 이것은 그들의 세력 확장을 막기 위한 것이었다. 이를 상수리 제도라
하는데, 이것은 후일 고려의 기인 제도의 시초가 되었다.

그리고, 통일 신라는 넓어진 영토를 지키기 위하여 군사 조직을 강화하였다. 중앙군으로서 수도 주위에 9서당을 두고, 지방에는 각 주에 하나씩
정을 두었는데, 지역이 넓은 한산주에는 2정을 두어 모두 10정이 되었다.

경제 생활

삼국의 통일로 영토가 넓어지고 평화가 유지됨에 따라, 사회는 안정되고 경제가 번영하게 되었다.

통일 후, 신라는 귀족과 공신에게는 식읍 또는 녹읍을 주었고, 백성에게는 정전을 주어 생활을 안정시켰다. 또, 각종 산업이 발달하여 생산이
늘어 갔다. 양잠, 목축 등이 성하였고, 금은 세공품, 견직물, 마직물, 나전 칠기, 도기 등의 수공업이 발달했다. 촌락에서는 가축 및
뽕나무, 잣나무 등을 길렀다.

산업의 발달과 함께 서울인 금성은 한때 17만여 호나 되는 큰 도시를 이루었다. 금성에는 통일 전부터 있었던 동시와 함께 서시와 남시의 큰
시장이 설치되어, 상업 활동이 활발히 이루어졌다.

안압지  
통일 신라 시대 왕궁의 정원으로, 인공 호수이며, 축대가 견고하다. 최근에 복원되었다. 경북 경주 소재.

해상 무역

8세기에 들어서면서, 신라와 당의 관계는 다시 가까와져서 신라에서 많은 유학생, 유학승을 파견하는 등 국제적인 문화의 교류가 빈번하였다.
또, 일본과의 교류도 점차 늘어 갔다.

신라의 당, 일본과의 무역은 처음에는 국가 간에 행해진 공무역이 성하였는데, 점차 민간 무역도 늘어갔다. 모시, 삼, 금은 세공품 등을 당에
수출하였고, 당으로부터는 비단, 책, 관복, 약재 등을 수입하였다. 무역로는 전라 남도 영암, 경기도 남양만에서 중국의 쟝쑤 성, 산뚱 반도
방면으로 가는 바닷길이 있었다. 그리고, 일본과는 남해안에서 쓰시마 섬을 거쳐 왕래하였다.

통일 신라의 해상 무역로  

당시 신라인의 당나라 무역은 대단히 성하여, 쟝쑤 성과 산뚱 반도에 신라방이라는 신라인의 마을이 생기고, 신라소라는 감독 기관이 있었으며,
또 신라원이라는 절까지 있었다.

학습 정리

1\. 신라는 오랜 기간에 걸쳐 국력을 축적하고 민족적으로 단결하여 삼국 통일을 이룩하였고, 백제와 고구려 유민을 포섭하여 민족 발전의
기틀을 이룩하였다.

2\. 통일 이후, 신라는 삼국의 문화를 통합하면서 정치 제도를 정비하고, 경제와 문화의 발전에 주력하였다.

3\. 통일 신라는 적극적으로 해외 진출에 나서서 당과 일본의 중간 무역으로 이익을 취하였다. 그리고, 신라인들은 당에 신라방, 신라소,
신라원을 두었다.

 2. 발해의 만주 지배

〔학습 개요〕

고구려가 망한 후, 만주 지방에서는 당에 항복하지 않고 끝까지 독립 운동을 벌인 고구려 유민이 많았다. 그들 중에서 대조영은 고구려 유민과
말갈족을 거느리고 발해를 세웠다.

발해의 건국이 고구려 유민의 부흥 운동의 결과로써 이룩된 것이기 때문에, 발해는 고구려 계승 의식을 뚜렷이 가지고 있었다. 그러나,
피지배층인 말갈족이 다수를 차지한데다가, 지배층 내부의 분열이 악화되어 거란족이 세운 요의 침략을 받고 무너졌다.

고구려가 멸망하면서 상실했던 만주를 발해의 건국으로 되찾음으로써 다시금 우리 민족은 만주를 지배할 수 있었으나, 발해가 망하면서 우리 민족은
만주 땅에서 독자적 국가 활동을 펴지 못했다.

발해의 문화는 고구려 문화의 기반 위에 당 문화의 영향을 받아 발전된 것이며, 뒷날 여진족의 문화적 바탕이 되었다.

학습 문제

1\. 고구려가 망한 후, 고구려 유민들의 움직임은 어떠하였을까?

2\. 발해의 국가적 성격은 고구려와 어떤 관계가 있을까?

3\. 발해 문화는 어떠한 성격을 지닌 것일까?

4\. 발해가 민족사에서 지니는 의의는 무엇일까?

대조영과 말갈족

고구려의 옛 영토인 만주에서는 고구려 유민들의 부흥 운동이 끈질기게 계속되었다. 이 때, 고구려의 옛 장군인 대조영은 고구려 유민과 말갈족을
거느리고, 당에 항복하지 않은 여러 성의 도움을 얻어 당과 싸웠다. 마침내, 대조영은 동모산을 근거로 나라를 세우고 국호를 진이라
하였다(698).

그 후, 국호를 발해라 고치고, 드디어는 요동 지방을 제외한 고구려의 옛 영토를 거의 회복하여, 동쪽으로는 연해주와 남쪽으로는 대동강과
원산만에 이르는 넓은 땅을 차지하게 되었다. 선왕 때에는 당에서 해동 성국이라고 부를 정도로 그 세력이 커졌고, 문화도 발달하였다.

발해의 영토  

정당성과 6부

발해는 광대한 영토를 다스리기 위하여 중앙과 지방에 행정 기구를 설치하였다. 중앙의 정치 기구로는 당의 제도를 본떠, 정당성, 선조성,
중대성의 3성을 두고, 정당성 아래에 6부를 두어 행정 실무를 맡겼으나, 그 운영에서는 독특한 면을 갖추었다. 지방은 전국에 5경 15부
62주를 두고 다스렸다.

발해의 문화

발해를 구성한 백성들은 말갈족이 다수였으나, 이들을 지배한 것은 고구려인들로서, 이들은 고구려 부흥의 뜻을 뚜렷이 가졌다. 그러므로, 이들이
남긴 문화도 대부분 고구려의 문화와 비슷하였다.

유물로서는 서울이었던 상경에서 돌사자, 불상, 기와 등이 발견되었고, 그 주위에는 고구려의 양식을 그대로 나타낸 웅장한 고분들이 남아 있다.

발해 석등  

유물에서 알 수 있듯이, 발해의 미술은 웅장한 고구려 미술의 성격을 지니면서도 한층 부드럽고 세련된 느낌을 준다. 고구려의 전통을 이어받아
한학도 크게 발달하여 당에 가서 과거에 합격하는 유학생이 많았으며, 일본에 가서 이름을 떨치기도 하였다.

발해와 당

발해는 처음에 고구려 계승 의식을 뚜렷이 가져, 일본과의 외교 문서에도 고구려 왕이라 할 정도였다. 그러했기 때문에, 발해와 당의 관계는
좋지 못했다. 당은 신라, 말갈족 등을 이용하여 발해를 견제하려 하였으나, 발해는 돌궐과 일본에 사신을 보내어 그들과 손을 잡고 이에
대항하였다. 또, 발해의 무왕은 해군을 보내어 당의 떵조우를 공격하기도 했다. 그러나, 문왕 이후부터 발해는 당과 평화를 유지하고 활발히
왕래하면서 그 문화를 수입하였다.

발해는 선왕 때에 전성 시대를 이루어, 연해주 지역을 포함한 만주의 대부분을 차지하였다. 그러나, 그 후 지배층에 내분이 일어나고, 지배층인
고구려인과 피지배층인 말갈족과의 융화가 깨어져 거란에게 망하고 말았다(926). 이로써 우리 민족의 활동 무대였던 만주는 우리 역사에서
멀어지게 되었다.

학습 정리

1\. 발해는 고구려 유민의 부흥 운동으로 이루어졌으며, 말갈족을 지배하였다.

2\. 발해 문화는 고구려 문화의 전통을 바탕으로 하여 당의 문화를 받아들이면서 발전하였다.

3\. 발해는 신라와 대립하면서 만주 전역과 연해주 지방을 통합하는 국가 활동을 폈다.

4\. 발해는 활발한 국가 활동과 문화 활동으로 이른바 해동 성국을 이루었다.

 3. 민족 문화의 융성

〔학습 개요〕

통일 신라는 삼국의 문화를 종합하고, 당의 문화까지 받아들여 찬란한 문화를 이룩하였다. 교육과 학문 및 문학과 예술이 발달하였다. 지금도
남아 있는 신라의 건축, 조각, 공예품 들이 많은데, 그 중 불국사 석탑이나 석굴암의 여러 조각들이 대표적이다. 이들 작품들을 통해서 우리는
민족 문화의 생생한 모습을 볼 수 있다.

삼국 시대에 이어 통일 신라에서도 불교가 발전하여 여러 종파가 성립되고, 많은 절이 세워졌을 뿐 아니라, 훌륭한 고승들이 활동하였다. 또,
한문학도 발전하여 많은 학자들이 저술을 남겼다. 이러한 문화 활동은 민족 문화를 크게 발전시켰다.

학습 문제

1\. 통일 신라의 문화가 발달하게 된 배경은 무엇일까?

2\. 통일 신라의 문화가 민족 문화사에서 가지는 의의는 어떠한 것일까?

3\. 통일 신라 시대 명승들의 활약은 어떠하였을까?

4\. 오늘날 남아 있는 통일 신라의 문화 유산에는 어떠한 것들이 있을까?

5\. 통일 신라의 불교는 어떻게 발전하였을까?

문화의 기반

신라가 삼국을 통일한 후, 그 경제는 날로 번영하였고, 문화는 옛 신라의 문화를 중심으로 하여 삼국의 문화가 융합된 위에, 당과의 교류를
통해 더욱 찬란하게 꽃 피었다.

신라 문화의 전성기는 8세기의 성덕왕에서 경덕왕에 이르는 60여 년 간으로, 이 때에는 여러 가지 제도가 정비되고 경제가 안정되어 문화의
꽃을 피울 수 있었다. 불국사, 석굴암 등 지금 남아 있는 귀중한 문화재 가운데는 이 때 이루어진 것이 많다.

통일 신라 시대의 문화는 종교, 학술, 예술 등 여러 방면에서 발전하였다. 이것은 그 후 고려를 거쳐 우리 민족 문화의 한 줄기로서 면면히
이어져 왔다.

5교 9산

통일 후에 불교는 더욱 발전하여 여러 종파가 생기고, 많은 절이 세워졌을 뿐 아니라, 유명한 승려가 많이 배출되었다.

통일될 무렵에는 경전 연구를 중심으로 하는 교종의 5교가 성립되었으나, 말기에는 참선을 중요시하는 선종이 성행하여 9산의 종파가 성립되었다.
그리하여, 5교 9산의 종파가 발전하였다.

이 시대에 건축된 사찰로는 불국사, 해인사, 부석사, 화엄사 등이 있다. 고승으로 크게 활동한 사람으로는 원효, 의상 등이 있다. 원효는
불교의 대중화에 힘썼고, 의상은 화엄종을 귀족들에게 널리 전도하였다.

또, 이 때에는 중국이나 인도에 유학하는 승려가 많았다. 그 중에서 혜초는 인도를 순례하고 왕오천축국전이라는 기행문을 남겼다.

유학과 기술학

통일 후의 신라는 안정된 사회를 맞아 문화 발전에 힘썼다. 그리고, 당과 우호 관계가 유지되어 두 나라 사이에는 사신의 왕래가 잦았고,
신라의 유학생과 유학승이 당에 건너감으로써 신라의 학문은 더욱 발전할 수 있었다.

또, 신문왕 때에는 국학을 세우고, 여기에 경학 박사와 조교를 두어 논어, 효경 등 유교의 경전을 가르쳤다. 원성왕 때에는 독서 출신과를
설치하여, 학생들의 성적을 상, 중, 하로 구분하여 그 성적에 따라 관리로 채용하도록 했으나, 큰 성과를 보지 못하였다.

학문이 발전함에 따라 강수, 설총, 김대문, 최치원 같은 훌륭한 학자들이 많이 나왔다. 강수는 뛰어난 문장가로 외교 문서에 능하였고, 설총은
이두를 발전시켜서 경서 해석에 이용하였다. 김대문은 계림잡전, 화랑세기, 고승전 등 많은 책을 지어 우리 문화를 강조하였고, 최치원은 당에
유학하여 그 곳에서 과거에 급제하여 벼슬을 하였다. 그의 문장은 당에서도 이름을 떨쳤으며, 그의 저서로 계원필경이 전해 온다. 한편, 신라
말의 도선은 풍수 지리설을 널리 전파시켰다.

이 밖에, 산학, 천문학, 의학, 병학 등 여러 학문도 발달하였다.

최근, 불국사의 3층 석탑 안에서 발견된 목판으로 인쇄된 다라니경을 통해 알 수 있듯이, 신라 때에는 이미 목판 인쇄술이 발달하였다.

불교 미술

나라가 안정되고 경제 생활이 윤택해지며 불교가 크게 발달함에 따라 예술 활동도 매우 활발하였다. 그것은, 귀족들의 생활에 사용되었던 각종
공예품과 불교를 배경으로 만들어진 불탑, 불상, 범종 등에서 엿볼 수 있다.

건축물로는 경덕왕 때에 김대성의 발원으로 이룩된 불국사와 석굴암이 가장 대표적이다.

불국사의 현재의 건물은, 임진왜란 때 불타 없어지고 석조물만 남은 것을 조선 시대 때 재건한 것이거나 최근에 복원한 것이다. 정문으로
올라가는 청운교, 백운교와 옆에 있는 연화교, 칠보교는 매우 아름답다. 특히, 대웅전 앞에 있는 다보탑과 3층 석탑(석가탑)은 조화미를
최대로 살린 것으로, 통일 신라 시대의 탑 중에서도 가장 아름다운 예술 작품이다.

불국사  
통일 신라 시대의 대표적 사찰이다. 현재의 목조 건물은 조선 시대 때 재건했거나 최근에 복원한 것이다. 경주 토함산 소재.

다보탑  
돌을 자유 자재로 다룬 기법과 기묘하고도 절묘한 솜씨는 우리를 감탄하게 한다. 경주 불국사 소재.

3층 석탑(석가탑)  
통일 신라 시대의 대표적인 3층 석탑이다. 대웅전 앞에 다보탑과 마주 서 있다.

석굴암은 우리 나라 석굴 사원의 대표적 건물이다. 큰 돌로 벽을 두르고 사방에 아아치 형으로 돌을 쌓아 천장을 만든 석굴과 그 가운데 안치된
본존불상, 그리고 그 안벽에 새긴 여러 보살상은 서로 아름답게 조화되어 예술의 극치를 이루고 있다.

석굴암 본존불상  
화강암에 조각한 불상은 수법이 정교하면서도 장려한 기상이 넘쳐흐른다. 석굴암 소재.

이 밖에, 석조 건물로는 감은사지 3층 석탑과 화엄사 4사자 3층 석탑이 걸작품이다. 석조물로 된 조각으로는 무열왕릉 비석의 대좌와 괘릉 및
김유신 묘의 호석에 새겨진 12지 신상이 훌륭하다.

또, 범종으로는 상원사의 동종과 봉덕사의 성덕 대왕 신종이 유명한데, 특히 봉덕사 종은 크고 웅장하면서도 선이 아름답고, 겉에 새겨진 비천상
무늬와 연화 무늬, 당초 무늬의 조각이 우수하다.

성덕 대왕 신종(좌)과 비천상 무늬(우)  
성덕 대왕 신종은 통일 신라 시대의 범종으로, 그 표면에 조각된 비천상이 특히 아름답다. 경주 소재.

향가와 음악

삼국 시대부터 발달해 온 향가는 통일 후에도 유행하였다. 향가의 작가로는 월명사, 충담사 등 승려와 화랑이 대부분이며, 향가 중에는
오늘날까지 전해지는 작품도 있다. 진성 여왕 때에는 각간 위홍과 대구화상이 왕명을 받들어, 당시에 전해지던 향가를 모아 삼대목이라는 향가집을
편찬하였다. 향가는 국가의 태평과 부처의 은덕을 나타내는 내용이 많은데, 당시 사람들의 시가 문학 솜씨가 잘 나타나 있다.

제 망매가(祭亡妹歌)

월명사 지음

삶과 죽음의 길이

예 있으매 두려워,

나는 가노란 말도

못 다 이르고 갔는가.

어느 가을 이른 바람에

여기저기 떨어지는 잎처럼,

한 가지에 나고서

가는 곳 모르겠구나.

아, 극락에서 만날 나는

도 닦으며 가다리련다.

한편, 향가와 함께 음악도 발전하였다. 통일 신라는 고구려, 백제의 음악과 융성했던 당의 음악을 흡수하여 여러 종류의 악기와 악곡이
성행하였는데, 특히 옥보고와 그의 제자들은 거문고에 뛰어났다. 또, 불교 음악인 범패가 전래되어 유행하였다.

통일 신라 문화의 일본 전파

일본은 이미 삼국의 문화를 받아들여 그 문화를 발전시켰다. 그 후, 통일 신라 시대에도 자주 사절을 보내와 발전된 신라의 문물을 받아들였다.
통일 신라의 문화는 정치 제도, 율령을 비롯하여 불교, 유학, 예술 등 문화 전반에 걸쳐 일본에 큰 영향을 주었다. 일본은 이러한 통일 신라
문화의 영향과 당의 문화를 바탕으로 하여 고대 왕국의 국가적 통일과 문화 발달을 이룩할 수 있었다.

학습 정리

1\. 통일 신라의 문화는 삼국의 문화를 종합한 위에 당의 문화와 교류를 통해, 민족 문화의 기틀을 확립하였다.

2\. 불교는 통일 이후에도 크게 발달하여 많은 고승들이 활약하였고, 뛰어난 예술품이 만들어졌다.

3\. 유학은 국가에서 학교를 세워 장려하였으며, 이에 따라 많은 학자들의 학문 활동이 있었다.

 4. 신라 말기의 사회 변동

〔학습 개요〕

8세기를 전후하여 절정을 이루었던 통일 신라는, 8세기 후엽에 이르러 귀족들의 반란이 잇달아 일어나면서 혼란에 빠졌다. 특히, 골품제에 의해
진출이 억제되어 불만에 차 있던 6두품들의 불평이 노골화하였고, 지방에서는 호족 세력들이 성장하게 되었다.

즉, 골품 제도가 흔들려 이에 따라 신분 질서가 흔들리고 왕위 계승을 둘러싼 싸움이 계속되는 한편, 지방에서는 호족을 위시하여 해상 세력과
도둑 무리가 독립된 세력으로 커 갔다. 이들은 독자적인 영역을 가지면서 중앙 정부에 반기를 들어, 신라는 분열과 혼란에 빠지게 되었다.

종교 사상면에서는, 선종이 보급되고, 불교, 유교, 도교 등이 결합되어, 그 변화가 나타났다. 특히, 호족 세력이 선종과 결탁하면서 새로운
사회를 지향하는 움직임으로 나가게 되었다.

학습 문제

1\. 골품 제도가 무너진 원인은 무엇일까?

2\. 신라 말기에 있어서 지방에는 어떤 세력들이 일어났는가?

3\. 신라 말기의 6두품들의 활동은 어떠하였을까?

4\. 신라 말기의 종교상의 변화는 어떤 결과를 가져왔을까?

왕위 계승 다툼

통일 후에도 신라에는 골품제에 의한 신분 제도가 엄격히 지켜졌다. 이러한 골품제는 골품이 낮은 사람들의 불만의 대상이 되었고, 사회의 발전을
가로막는 요인이 되었다. 그리하여, 골품제에 대한 폐단이 지적되기도 하였다. 이러한 움직임은 특히 6두품에 의해 두드러지게 나타났다.

통일 후 번영을 계속하던 신라는, 8세기 후엽에 이르러 진골 귀족들 사이에 왕위 쟁탈전이 일어나기 시작하였다. 헌덕왕 때에는 김헌창이 반란을
일으켰고, 흥덕왕이 죽은 후에는 왕위 다툼이 더욱 심해져 같은 핏줄끼리도 싸웠다. 그리하여, 신라 말기의 150여 년 동안은 20여 명의
왕이 교체되는 혼란을 빚었다.

지방 세력

왕위 다툼으로 중앙의 정치가 혼란해지자, 지방에서는 성주 혹은 장군이라 자칭하는 호족이 나타나 세력을 확대하여 갔다. 이들 중에는 중앙
정부의 지배에서 벗어나 선종과 결탁하여 새 사회를 건설하려는 야심을 가진 자도 있었다.

이 무렵, 당에 건너가 활약하던 장보고는, 당의 해적들의 약탈 행위를 막고자 귀국한 후에 완도에 청해진을 설치하였다. 그는 해적들을
소탕하면서 서남 해안 일대에 커다란 세력을 형성하여 해상 무역을 독점하는 등 일대 해상 왕국을 이룩하였다. 이와 같은 지방 세력의 성장은
중앙 정부의 힘을 약화시키는 결과를 가져왔다.

신라 말기의 사회

이와 같이 중앙과 지방의 국가 질서가 흐트러지자, 지방 세력가들은 농민을 독자적으로 지배하게 되었다.

더구나 정부의 세금 독촉이 날로 심해져 살기가 어려워지자, 농민들 중에는 자기 고장을 떠나 떠돌아다니는 유민의 신세가 되는 자가 많아졌다.
진성 여왕 때에 와서는 각지에서 이러한 농민들이 반란을 일으키기에 이르렀다.

중앙 정부가 나라 전체를 지배할 능력을 잃게 되자, 이제 통일 신라는 농민들을 장악한 호족 세력에 의하여 분열의 시기를 맞게 되었다. 가난한
농민들은 무리를 지어서 떠돌아다니기도 하였다.

선종의 번성

신라 말기의 사회적 혼란은 불교의 권위를 떨어뜨려 종래의 왕실을 중심으로 번성하던 교종은 쇠퇴하게 되었다. 이에, 교종의 권위와 교리에
비판적이었던 선종이 번성하게 되어, 호족과 6두품을 중심으로 여러 종파가 생겨났다.

5교 9산의 위치  

한편, 이들 선종의 새로운 종파는 당에서 유학하고 돌아온 숙위 학생들과 관계를 맺고 유교, 도교, 풍수 사상을 결합하여 새로운 사회로의
방향을 제시하였다.

학습 정리

1\. 신라 말기에는 골품 제도의 무너짐, 잦은 왕위 쟁탈전, 지방 세력의 반란, 호족 세력의 지방 웅거 등으로 신라의 지배력은 약화되었다.

2\. 지방 세력의 대표로는 호족이 있었고, 그 밖에 해상 세력이나 농민의 도둑 무리도 있었다.

3\. 신라 말기의 불교는 선종이 성행되어 호족의 종교가 되었으며, 왕건의 고려 건국에 사상적 바탕이 되었다.

 Ⅳ. 고려 시대의 생활

   1\. 고려의 성립
   2\. 고려 전기의 대외 관계
   3\. 고려 전기의 사회와 문화
   4\. 귀족 사회의 동요
   5\. 고려 후기의 대외 항쟁
   6\. 고려 후기의 사회와 문화

해인사 경판고  
고려 고종 때(13세기 중엽), 부처님의 힘으로 몽고의 침입을 물리치고자 만든 고려 대장경을 보관한 곳이다. 경남 합천 소재.

세계와 우리 나라

고려 시대는 10세기에서 14세기 말에 걸친 시기로서, 서양 중세 후반 500여 년 간에 해당된다. 아랍 세계에서 셀주크 투르크가 패권을
쥐자, 크리스트 교의 유럽은 십자군 원정을 감행하였다. 이를 계기로 유럽 각 지역에서는 상업 활동과 함께 르네상스가 일어났다.

한편, 동양에서는 거란족이 일어나 발해를 무너뜨렸고, 한족의 송은 여진족이 세운 금에 의하여 남쪽으로 밀려났다. 또, 칭기즈칸이 몽고족을
통일하여 동⋅서양에 걸친 정복 사업을 편 것도 이 무렵이다.

이 때, 우리 나라에서는 고려가 후삼국을 통일하여, 정치, 경제, 문화 전반에 걸쳐 새로운 발전을 모색하고 있었다. 거란, 여진, 몽고가
차례로 대륙의 지배 세력으로 등장하여 고려는 큰 시련을 겪기도 하였으나, 이를 이겨 내고 우리의 역사와 문화를 지키며 가꾸었다.

연표

 1. 고려의 성립

〔학습 개요〕

후삼국의 분열을 통일한 고려 태조 왕건은, 통일 후의 혼란을 수습하기 위하여 호족 세력을 통합하고, 발해 유민을 흡수하였으며, 나아가서는
고구려의 옛 땅을 회복하려는 북진 정책을 추진하였다. 이 북진 정책은 그 후에도 변함 없이 고려의 기본 정책이 되었다.

고려 초기에는 호족 세력에 의해 왕권이 위협당하기도 했으나, 광종은 왕권 안정을 위한 강력한 정책을 폈고, 이어 성종은 안정된 왕권을
바탕으로 하여 정치, 경제, 교육 등 여러 제도를 정비하기 시작하였다.

학습 문제

1\. 왕건은 후삼국의 혼란을 어떻게 수습하였을까?

2\. 고려는 민족의 재통일을 위하여 어떠한 정책을 썼을까?

3\. 고려의 정치, 경제, 군사, 교육 등의 제도는 어떠했을까?

4\. 고려 귀족 사회의 특징은 무엇일까?

후삼국

통일 신라 말기의 호족이나 지방 세력들 중에는 넓은 지역을 지배하여 중앙 정부에 대항할 만한 힘을 기른 자가 나타났는데, 그 대표적 인물이
견훤과 궁예였다.

견훤은 신라의 남서 해안을 지키던 장군으로, 많은 무리를 모아 후백제를 세우고(900), 서울을 완산주(전주)에 정하였다. 그는, 대체로
옛날의 백제 땅에 해당되는 지금의 전라도와 충청도 일대의 지역을 차지했다.

궁예는 송악을 중심으로 나라를 세우고 후고구려라 하였다(901). 후고구려는 뒤에 국호를 태봉으로 고치고, 서울을 철원으로 옮겼다. 태봉의
판도는 지금의 강원도, 경기도, 황해도의 대부분과 평안도, 충청도의 일부로서, 대체로 옛 고구려 땅의 남부에 해당된다.

이와 같이 후백제와 후고구려가 신라와 맞서게 되어, 우리 나라는 후삼국의 혼란한 시대로 접어들었다.

고려의 건국

후삼국 중에서 가장 세력이 큰 태봉의 궁예는 새로운 사회를 이끌어 갈 능력이 없어 부하들에게 쫓겨났다. 궁예를 쫓아 내고 왕건이 왕위에
올랐는데(918), 이가 곧 고려 태조이다.

태조는 본래 송악의 호족으로, 궁예의 부하로 있으면서 싸움 때마다 공을 세워 실력을 길렀고, 많은 호족과 승려, 학자들과 손을 잡아 어지러운
세상을 바로잡으려고 하였다. 태조 왕건은 국호를 고려, 연호를 천수라 하고, 이듬해에는 서울을 철원에서 고향인 송악(개성)으로 옮겼다.

고려 초의 형세  

고려와 후백제는 서로 세력을 다투었는데, 고려가 점차 유리한 위치에 서게 되었다. 이 때에 국력이 쇠약해져 후백제의 공격에 시달리던 신라는
마침내 나라를 고려에 넘기고 말았다(935).

이 무렵, 후백제에서는 큰 내분이 일어났는데, 태조는 이 틈을 타서 후백제를 멸망시켰다(936). 그리하여, 약 반 세기 동안 분열되었던
우리 나라는 고려에 의해 다시 통일되었다.

태조의 정책

태조는 후삼국을 통일한 후 안으로는 나라의 기반을 튼튼히 하는 정책을 세웠으며, 밖으로는 북진 정책을 건국의 이념으로 삼았다.

고려는 국호에서 보이듯이 고구려 계승 정신을 가지고 있었으므로, 고구려의 옛 땅을 회복하기 위한 북진 정책을 내세웠다. 태조는 평양을
서경이라 하여 이를 북방 개척의 기지로 삼아, 적극적인 북방 진출을 꾀하였다. 그 결과, 태조 말년에는 청천강 하류에서 영흥 지방에 이르는
넓은 영역을 수복하였다.

이 북진 정책은 뒷날 북방 민족과의 사이에 충돌을 일으키기도 했지만, 고려가 그 뒤에도 계속 추진한 기본 정책이 되었다.

태조는 또 민족 융합 정책을 취했다. 당시, 각 지방에서 커다란 세력을 가지고 있던 호족을 혼인과 기인 제도, 사심관 제도 등으로 포섭,
견제하고, 고구려 계통의 발해 유민을 받아들였다. 또, 유능한 인재라면 신라인이나 후백제인에게도 벼슬을 주었다.

특히, 태조는 불교를 중히 여겨 많은 절을 세워 국가와 왕실의 번영을 빌도록 하였는데, 부처의 은덕을 빌어 국가의 안전과 발전을 바라는 이
호국 불교 사상은 이후 고려 사회에 큰 영향을 끼쳤다.

만월대  
고려 시대의 궁궐 터로서, 당시의 궁궐 건축 양식을 엿볼 수 있다. 개성 소재.

왕권의 안정

태조의 많은 노력에도 불구하고 여러 호족이나 개국 공신들의 세력은 여전하였다. 더우기, 정략적인 혼인 정책의 결과로 외척 세력이 등장하게
되어, 고려 초의 정세는 불안정하였다.

혜종 때에는 외척 왕규가 호족 세력을 기반으로 하여 왕을 암살하려는 음모를 꾸미다가 실패한 일이 있었다. 이 왕규의 난은 곧 진압되었으나,
이런 일은 외척 세력의 등장으로 빚어진 결과였다.

이에, 광종은 왕권을 확립하기 위하여 호족 세력을 억눌렀다. 먼저, 노비 안검법을 실시하여, 호족들이 불법으로 소유하고 있는 많은 노비를
해방시켰다. 또, 과거제를 실시하여 호족들의 특권을 제한하는 한편, 과거를 통해 새로운 관리를 뽑았다. 이러한 정책을 편 결과, 호족들의
세력은 약해지고 왕권은 크게 강화되었다.

광종에 이어 나라의 기초를 닦은 이는 성종이었다. 성종은 최승로의 도움을 받아 나라의 제도를 정비하고, 유교 정치 사상에 입각하여 강력한
왕권을 확립하였다. 12목에 지방관을 파견한 것은 왕권 강화 정책의 대표적인 조치였다.

정치⋅군사 조직

건국 초에 신라와 태봉의 제도를 사용하던 고려는, 성종 때 문물 제도를 많이 정비하였고, 문종 때에 가서는 거의 완성을 보았다.

성종 때에는 내사 문하성(뒤에 중서 문하성이라 함.), 상서성, 중추원 등의 중앙 정치 기구를 두었다. 중서 문하성은 국가의 정책을 작성,
심의하는 일을 맡아 보았고, 상서성은 그 아래에 이, 병, 호, 형, 예, 공의 6부를 두고 각기 행정을 맡아 보았다. 중추원은 왕명의
전달, 군사 기밀 등의 임무를 맡아 보았다.

또, 도병마사라는 기관이 있었는데, 이것은 중서 문하성과 중추원의 고관들이 모여 군사 관계의 중요 정책을 의논하는 기관이었다.

그 밖에 중요한 기구로서 화폐와 곡식의 출납 및 회계를 맡아 보는 삼사와 감찰 기관인 어사대가 있었다.

지방은 처음에 호족들의 자치에 맡겼으나, 성종 때에 12목이 설치되고 지방관이 파견되면서부터 차차 정비되기 시작하여, 그 후 전국이 5도 양
계로 나누어졌다.

5도 양 계  

각 도에는 안찰사를 파견하였고, 그 아래에 주, 부, 군, 현을 두는 한편, 향, 소, 부곡이라 하여 천민이 거주하는 특수 행정 구역도
두었다. 그러나, 모든 군, 현에 관리를 파견한 것이 아니고 중요한 군, 현에만 파견하여 그 곳을 중심으로 행정 체계를 유지하였다. 양 계는
군사적으로 중요한 북방 국경 지대와 동북 해안 방면에 두고 병마사를 보내 다스렸는데, 그 아래에는 대부분 진을 배치하였다.

군사 제도는 중앙의 2군 6위와 지방의 주현군으로 되어 있었다. 중앙군인 2군은 왕실을 지키는 임무를 맡았으며, 6위는 수도 방어와 국방의
임무를 맡았다. 2군 6위의 지휘관인 상장군, 대장군은 최고 국방 회의인 중방에 모여 군사 문제를 논의하였다. 지방군인 주현군은 지방에서
국방의 임무를 수행하는 동시에 잡역을 하였다.

국자감과 과거

태조 때에 이미 개경과 서경에 학교가 설립되었는데, 성종 때에 이르러서는 일종의 국립 대학인 국자감이 개경에 세워졌다. 국자감은 유학의
경전과 문예를 가르치는 국자학, 태학, 사문학과, 기술 부문의 교육을 맡은 율학, 서학, 산학으로 나누어졌다. 인종 때에는 지방 교육을
강화하기 위하여 향학을 세웠다. 이 때의 교육은 관리를 양성하는 데에 큰 비중이 주어졌으므로, 교육 제도는 과거 제도와 밀접한 관계를
가졌다.

과거에는 문예를 시험하는 제술과, 유교의 경전을 시험하는 명경과, 그리고 의학, 법률, 산술 등을 시험하는 잡과, 승려를 위한 승과 등이
있었다. 무신 등용을 위한 무과는 고려의 마지막 임금인 공양왕 때 생겼기 때문에, 고려 시대에는 거의 시행되지 않았다고 볼 수 있다.

고려 때에 관리로 등용되는 길은 과거를 통한 길 외에, 5품 이상 귀족의 자제를 특별히 채용하기 위해 마련한 음서 제도를 통한 길이
있었는데, 음서의 길이 널리 이용되었다.

전시과

고려의 토지 제도는 경종 때에 마련된 전시과를 토대로 하여 정비되었다. 전시과는 관리들의 지위를 18등급으로 나누어, 등급에 따라 일정한
토지와 임야를 나누어 주는 제도였다.

토지를 분배받은 관리들은 그 토지를 농민들에게 경작시켜 조를 받아 생활하였다. 전시과의 토지는 세습할 수 없으며, 본인이 죽으면 나라에
반납하였다.

그리고, 5품 이상의 관리에게 지급되는 공음전이 있었는데, 이것은 자손에게 상속할 수 있었다. 이와 같은 공음전은 조상의 덕으로 관리가 되는
음서 제도와 함께 고려 귀족 사회의 한 특징이었다. 이 밖에, 왕실의 비용을 마련하기 위한 내장전과, 관청의 경비를 마련하기 위한 공해전이
있었으며, 또 사원에 딸린 사원전이 있었다.

학습 정리

1\. 고려 태조 왕건은 후삼국의 분열을 통일하여 민족의 재통일을 이룩하였다.

2\. 국초에는 호족의 세력이 강해 왕권이 미약했으나, 광종, 성종의 개혁으로 왕권이 안정되어 갔다.

3\. 고려의 관료는 과거와 음서에 의해 선발, 임명되었다.

4\. 고려의 토지 제도는 전시과를 토대로 유지되었고, 또 새로운 관리 등용법인 과거제의 실시는 왕권을 강화하였다.

 2. 고려 전기의 대외 관계

〔학습 개요〕

고려는 고구려를 계승한다는 기본 이념하에 나라를 이끌었으므로, 일찍부터 북진 정책을 추진하였다. 따라서, 태조 때부터 거란과는 마찰이
불가피하였다. 그러나, 이러한 거란과의 충돌에서도 국토의 개척을 게을리하지 않아, 압록강 하류에까지 진출할 수 있었다.

한편, 송과는 바다를 통한 문물 교섭을 활발히 전개하였으며, 그 문화를 받아들여 문화 발전에 활용하였다.

그러나, 12세기에 들어와 여진족이 강성해져 압력을 가해 오자, 한때 형식적인 사대 정책을 취했으나, 끝까지 민족의 자주성을 유지하였다.
이러한 자주적인 고려의 대외 정책은 민족 문화의 개발과 독자성의 보존을 가능하게 하였다.

학습 문제

1\. 고려 시대에 북진 정책이 추진된 이유는 무엇일까?

2\. 고려는 거란의 침입을 어떻게 물리쳤을까?

3\. 송과의 밀접한 관계는 어떠한 의미를 지니고 있을까?

4\. 고려와 여진과의 관계는 어떠했을까?

거란에 대한 정책

왕건은 나라를 세운 후, 거란과 강경하게 맞서면서 옛 고구려 땅의 회복을 위해 북진 정책을 썼다. 특히, 태조는 거란이 발해를 멸한 나라이고
문화적으로 야만의 나라라고 생각하여, 후손에게도 거란과는 관계를 맺지 못하게 하였다. 그리하여, 고려는 거란과 전혀 교섭을 가지지 않으려
했다. 따라서, 고려의 이와 같은 정책은 자연히 그들과의 충돌을 가져왔다.

강동 6주

태조의 북진 정책과 강경한 거란 배척 정책을 계승한 정종은, 광군을 조직하여 국방을 강화하였다.

거란은, 고려가 북진 정책을 추진하면서 송과 손을 잡고 거란을 배척하는 것을 탐탁지 않게 생각하였다. 그리하여, 성종 때에 거란 장수
소손녕이 대군을 거느리고 고려에 침입하였다. 이 때, 고려의 많은 신하들은 땅의 일부를 내주고 화평할 것을 주장했으나, 서희는 적진에 들어가
담판으로 거란을 설득시켜 물리쳤다. 이 때, 고려는 압록강 동쪽의 강동 6주를 얻어서 영토를 북쪽으로 넓힐 수 있었다.

현종 때에 거란의 제2차 침입을 받았다. 이에 앞서, 고려에서는 강조가 목종을 폐하고 현종을 세우는 정변을 일으켰는데, 거란의 성종은 이를
트집잡아 대군을 거느리고 침입해 왔다. 거란군은 개경을 함락시켰으나, 돌아가는 길에 양규가 이끄는 고려군이 퇴로를 막아 대파시켰다.

그 후, 거란의 장수 소배압이 3차로 침입해 왔으나, 강감찬이 거느린 고려군은 거란군을 귀주에서 거의 전멸시켰다. 이 승리를 귀주 대첩이라
한다(1019).

당시 고려가 거란의 침입을 물리칠 수 있었던 것은, 국초부터 북진 정책을 내세워 국방을 튼튼히 하였으며, 문물 제도를 안정시켜 나라의 힘을
길렀기 때문이었다.

천리 장성

세 차례의 거란 침입이 있은 후, 두 나라는 평화 관계를 맺고 사신을 교환하였다. 그러나, 고려는 북방 민족의 침입을 막기 위해서 방비책을
소홀히 하지 않았다. 우선, 현종은 강감찬의 건의에 따라, 개경 주위에 나성을 쌓도록 왕 가도에 명하여 20년 만에 완성하였다.

이어서 덕종은, 압록강 입구에서 동해안의 도련포에 이르는 천리 장성을 쌓아 거란과 여진의 침입에 대비하였다. 이와 같이 국방 시설을 튼튼히
하는 한편, 우리 문화와 전통의 우수성을 내세워 실록을 편찬하였고, 대장경을 만들어 국민의 호국 정신을 길렀다.

강동 6주와 천리 장성  

천리 장성  
거란, 여진의 세력을 막기 위하여, 고려 덕종 때 유소에게 명하여 압록강 입구에서 원산만의 도련포까지 쌓은 장성이다.

무역과 벽란도

고려는 송과의 문화 교류에 힘썼다. 고려는 금, 은, 구리, 화문석, 유기, 종이, 먹, 삼 등을 수출하고, 책, 비단, 자기, 약재,
악기, 향료 등을 수입하였다. 송의 문화는 고려의 청자와 목판 인쇄술의 발달에 크게 이바지하였다.

고려가 송과 관계를 맺은 것은 광종 때부터이지만, 거란의 압력이 미치자 일시 중단하기도 하였다. 송은 그 뒤 금의 압력을 받게 되자, 고려에
군사 동맹을 제의한 때도 있었으나, 고려는 군사적인 관계보다 경제적, 문화적 교류에 주력하였다.

송과의 무역을 통하여, 송의 상인들뿐만 아니라 송과 무역을 하고 있던 아라비아 상인들도 벽란도에 출입하게 되어, 수은, 향료, 약품 등이
전해졌다. 그리고, 이들 아라비아 상인들에 의해 고려(Corea)의 이름이 서방 세계에 알려지기 시작하였다.

여⋅송 무역로  

동북 9성

만주의 넓은 지역과 고려의 동북 국경 지대에 살고 있던 여진족은, 고려를 부모의 나라로 섬기며 조공을 바쳐 왔었다. 그러나, 12세기 초에
이르러 여진족은 완옌부의 추장을 중심으로 크게 뭉쳐, 함흥 근처에까지 세력을 뻗쳤다.

이렇게 되자, 고려에서는 별무반이라는 특수 부대를 조직하고, 윤관 등에 명하여 여진을 정벌하게 하였다. 윤관은 동북 지방의 여진을 소탕하여
영토를 확장하고, 그 주위에 9성을 쌓았다. 그러나, 여진족이 9성을 돌려 주기를 거듭 청해 오자, 지키기 어렵다는 이유로 돌려 주고
말았다.

윤관의 여진 정벌(민족 기록화)  
여진족을 정벌하고, 동북 지방 일대에 9성을 쌓고 영토를 넓혔다.

그 후, 여진족의 추장 아구타는 거란군을 크게 무찌르고 나라를 세워 금이라 하였다. 금은 송을 압박하면서 중국의 북반부를 차지하였다. 세력을
크게 떨치게 된 금은 고려를 섬겨 오던 이 때까지의 태도를 바꾸어, 고려에 압력을 가하였다.

이에 대하여, 고려에서는 반대하는 사람들이 많았으나, 평화 관계를 유지하기 위해 끝내 그들의 요구를 받아들였다.

그러나, 이러한 외교 정책은 나라의 어려움을 미리 막고자 한 일시적인 방편이었고, 국민은 이를 극복하여 자주성과 민족 수호의 확고한 자세를
버리지 않았다.

학습 정리

1\. 고려는 태조 이래 북진 정책을 고수하였으므로, 거란 등의 북방 민족과는 충돌이 불가피하였다.

2\. 성종 이래 거란은 세 차례에 걸쳐 침입을 해 왔으나, 고려는 그 때마다 이를 격퇴하였으며, 전후 대책으로 나성과 천리 장성을 쌓았다.

3\. 송과는 바다를 통해서 주로 경제⋅문화상의 교류를 하였다.

4\. 금과는 한때 사대 관계를 맺기도 했으나, 그것은 나라의 어려움을 미리 막고자 한 일시적인 방편이었다.

 3. 고려 전기의 사회와 문화

〔학습 개요〕

고려의 사회 구성은 귀족과 하급 관리들로 이루어진 지배층과, 농민과 천민으로 이루어진 피지배층으로 형성되었는데, 이들의 생활은 그 신분에
따라 각각 달랐다.

고려가 귀족 중심의 사회이기는 하지만, 민중 생활의 안정을 위한 정책에도 많은 힘을 기울여 각종 구제 시설을 마련하였다. 문물 제도의 안정에
따라 상업 활동도 점차 활발해졌고, 화폐도 만들어졌다.

신라에 이어 고려에서도 불교가 융성했는데, 대장경판은 그 대표적 유산이다. 과거의 시행으로 유학과 한문학이 발달되었다. 그리고, 학문의
발달로 삼국사기를 비롯한 각종 역사책이 편찬되었다. 또, 귀족 문화가 발달함에 따라 고려 청자와 같은 민족 예술의 걸작품이 나오게 되었다.

학습 문제

1\. 고려 전기의 사회 구성은 어떠했으며, 귀족 및 민중의 생활은 어떠했을까?

2\. 고려 전기 사회에서 불교와 유학은 어떠한 역할을 하였을까?

3\. 고려 전기 문화의 특색과 대표적인 문화 유산은 무엇일까?

4\. 고려자기의 특징은 무엇인가?

문벌 사회

고려 사회를 흔히 귀족 사회라 한다. 고려 사회는 가문이나 문벌을 중시하였으므로, 개인의 능력보다는 출생 신분이 매우 중요했다. 따라서,
문벌이 좋은 집안에서 태어나면 자동적으로 귀족으로서의 관직, 토지와 함께 여러 가지 특권을 부여받았다.

귀족들은 문벌을 유지하기 위하여 다른 좋은 문벌과 혼인을 하거나 왕실과 혼인을 하여 외척으로 권세를 부리기도 했다. 이러한 귀족들은 음서와
공음전을 통해 정치적, 경제적인 특권을 보장받았다.

그러나, 11세기에 전성을 맞았던 귀족 중심의 제도는 점차 모순이 나타나더니, 무신의 난으로 무너지게 되었다(1170).

귀족과 평민

신라 말의 혼란으로 크게 흔들렸던 사회 신분은 고려에 이르러 새로이 정비되었다. 고려 초의 호족이 중앙의 귀족으로 등장하는가 하면, 왕실과
혼인 관계를 가진 집안이 세력을 얻기도 하였다.

성종 이후 여러 문물 제도가 안정되면서 사회 신분은 대체로 왕족을 비롯한 문무 양반의 상류 계층, 궁중에서 일하는 남반, 하급 관리와 기술직
관리, 중앙 군인 등의 중류 계층, 그리고 그 아래에 평민 및 천민 등 네 계층으로 나뉘어 자리잡혔다.

문무 양반을 중심으로 한 귀족은 국가에서 과전, 공음전 등의 토지를 받고, 국학에 입학할 수 있는 혜택을 누렸다. 무관보다는 문관이 더 좋은
대우를 받았으며, 가문이 매우 중요시되었다.

궁중이나 관청에서 실무를 맡아 보는 하급 관리와 기술직 관리 및 지방의 향리들도, 귀족에는 미치지 못하였지만 비교적 좋은 대우를 받았다.

백성의 대부분을 차지하는 농민은, 생산과 노동에 종사하며 조세, 공납, 요역의 의무를 졌다. 농민들이 내는 조세와 공물은 국가 재정의 바탕이
되었다. 농민들은 과거에 응시할 자격은 있었으나, 실제로 과거를 통하여 관리가 되는 것은 거의 불가능하였다.

천민으로는 노비, 화척, 재인(광대), 진척(뱃사공), 역정(마부) 등이 있었다. 노비에는 관청에 소속된 관노비와 개인이 소유한 사노비가
있었다. 이 밖에, 신라 때부터 존속된 향, 소, 부곡 등 특수 행정 집단에 사는 사람들이 있었는데, 이들도 천민과 같이 취급되었다.

사회 시설

농업을 중요시한 고려에서는 농민 경제와 민중의 생활을 안정시키기 위하여 의창, 상평창, 제위보 등의 제도를 두었다.

의창은 곡식을 저장해 두었다가 흉년이나 춘궁기에 가난한 사람들에게 빌려 주는 기관이었고, 상평창은 곡식의 값이 떨어졌을 때 사 두었다가 오를
때 팔아서 물가를 조절하는 기관이었다.

그리고, 보는 일정한 기금을 모아 그 이자로써 사업을 하는 일종의 재단인데, 그 목적에 따라 학보, 경보, 팔관보, 제위보 등이 있었다.
제위보는 빈민 구제를 목적으로 만들어진 것이다. 한편, 빈민을 위한 의료 시설로서 개경에 동대비원과 서대비원을 두었다.

연등회와 팔관회

고려의 민중 생활에는 여러 가지 행사와 풍속이 있었다. 그 중, 불교 행사로 봄철에 여는 연등회와 겨울에 산천의 토속신에게 제사지내는
팔관회가 대표적인 것이었다. 특히, 팔관회는 개경과 서경에서만 행해졌는데, 이 때에는 외국 상인들도 특산물을 바치며 무역하는 좋은 기회로
삼았다.

5월 단오에는 격구나 그네, 씨름 등을 즐겼고, 6월 유두에는 동쪽으로 흐르는 냇물에 머리를 감으며 즐겼다. 또, 7월 보름(백중)과 8월
보름(한가위)도 즐거운 명절이었다.

격구도  
고려 초부터 유행하여, 주로 개경에서 행해졌던 마상 경기이다.

한편, 풍수 지리설이 신라 말부터 신봉되어 왔다. 풍수 지리설에 따르면, 국가나 개인의 길흉 화복은 국가의 도읍이나 궁전 및 개인의 주택,
무덤 등이 자리잡고 있는 터와 주위의 산천 형세에 따라 결정된다는 것이다. 이러한 풍수 지리설은, 고려 시대에는 물론, 조선 시대에
내려와서까지도 사회 생활에 큰 영향을 끼쳤다.

상공업과 화폐

농업이 주산업이었던 고려에서는 수공업과 상업도 점차 발전되었다. 수공업품에는 각종 무기, 장신구, 직물, 종이 및 도자기 등이 있었다.
농업과 수공업의 생산력이 증가됨에 따라 상업 활동이 자라났으며, 개경을 비롯한 교통의 요지에는 시장과 상점이 생겼다.

국내의 상업이 자라남에 따라 외국과의 무역도 활발해져서, 벽란도에는 송, 왜 및 아라비아 상인들의 배가 드나들었다.

상업이 발달함에 따라 화폐도 만들어졌다. 성종 때 건원중보라는 철전을 만들어 사용하였고, 숙종 때에는 우리 나라의 지형을 본뜬 은병을
만들어서 이를 활구라 하여 화폐 대신 사용하였다. 그 뒤에 해동통보, 삼한통보, 동국통보 등을 만들었으나, 널리 사용되지는 못하였다. 이렇게
화폐 사용이 큰 성과를 거두지 못한 것은, 농업 생산에 의존하는 자급 자족적인 경제 구조 때문이었다.

화폐  
고려 숙종 때에 주전도감을 설치하여 만든 동전이다. 왼쪽으로부터 해동통보, 삼한통보, 삼한중보, 동국통보이다.

천태종

불교는 고려 때에 매우 발전하였다. 태조가 불교의 숭상을 강조한 이래 많은 절과 탑이 세워졌고, 유명한 승려에게는 왕사, 국사의 칭호가
주어졌으며, 광종 때부터는 과거에도 승과가 마련되었다. 그리하여, 일반 민중은 물론 많은 귀족 자제들도 승려가 되기를 희망하였다.

고려 전기의 승려로는 문종의 아들인 대각국사 의천이 유명하다. 그는 일찍부터 교종과 선종의 대립을 해소하는 데 노력하였으며, 송에 가서
불교를 연구하고 돌아와 천태종을 새로 폈다.

대각국사 의천  

불교의 융성에 따라 대장경의 조판이 거듭되었다. 대장경은, 현종 때에 거란의 침입을 받게 되자, 부처의 힘으로 적을 막기 위하여 만들기
시작하였다. 문종 때에 완성된 대장경 판목은 대구 부인사에 보관되어 있었으나, 몽고 침입 때에 불타 없어졌다. 그 후, 대각국사 의천이 송,
요, 왜 등지에서 구해 온 불교 서적들을 모아 간행하였는데, 이것을 현종 때에 만든 대장경과 구별하여 속장경이라 한다.

사학과 관학

불교가 민간의 신앙 생활을 주도하는 한편, 유교는 국가 통치의 지도 원리로서 매우 존중되었다.

고려 시대에 유학이 발달하게 된 것은 과거 제도의 시행과 관계가 깊다. 과거에 합격하여 관리로서 출세하기 위해서는, 과거의 시험 과목인
유학을 공부하지 않을 수 없었기 때문이다. 그리하여, 유학이 널리 퍼지게 되었다.

유학을 장려하여 그 기초를 닦게 한 이는 성종이었다. 그는 최승로와 같은 유학자의 건의에 따라 개경에 국자감을 세우고, 지방에도 학자를
보내어 유학의 교육과 보급에 힘썼다.

고려의 유학은 문종 때에 이르러 가장 성하였는데, 이 때에는 국자감을 중심으로 한 관학보다도 유명한 학자들이 세운 사학이 더 발달하였다.
당시 사학 중에는, 해동 공자라 불린 최충이 세운 문헌공도가 가장 유명하였다.

이렇게 사학이 발달하고 관학이 부진하게 되자, 예종은 관학을 진흥시키기 위하여 양현고라는 장학 기금을 설치하고, 또 국학에 7재를 두어 교육
내용의 충실을 기하였다.

문학과 역사학

유학의 발달과 과거 제도의 시행으로 한문학 중심의 문학이 발달하였다. 이 때의 문장가로서는 최충, 김부식 등이 있었고, 시인으로서는 정지상이
유명하였다.

고려 초기까지도 향가가 유행하여 균여대사가 지은 향가 11수가 전하고 있다. 뒤에는 향가 대신 정과정곡을 비롯한 가요가 불려졌다.

현종 때, 거란의 침입으로 역사 기록이 많이 불타 없어졌다. 이에, 현종은 태조 때부터 목종 때까지의 7대 실록을 편찬하였으나, 전해지지
않고 있다. 지금 남아 있는 가장 오래 된 역사책은 인종 때 김부식이 편찬한 삼국사기이다.

삼국사기  
고려 인종 때 김부식이 편찬한 것으로, 현존하는 가장 오래 된 삼국 시대에 관한 역사서이다.

예술의 발전

고려 귀족 사회는 불교의 발전과 더불어 많은 예술품을 낳게 했다.

고려의 예술을 대표하는 것으로는 고려 청자를 들 수 있는데, 여기에는 고려 사람들의 예술적 재능과 창의력이 매우 잘 나타나 있다. 고려
청자의 뛰어난 점은 형태가 지니는 선의 흐름과 아름다운 색깔, 그리고 상감 기법을 비롯한 무늬의 아름다움에 있다. 고려 청자는 은근하고 밝은
비취색과, 여러 가지 형태의 회화성을 지닌 무늬가 조화되어 예술의 극치를 이루고 있다.

고려 청자에서 가장 독창적이고 뛰어난 것은 상감 청자인데, 이것은 자기 표면에 음각의 무늬를 새기고 여기에 백토나 흑토를 메워 넣어 표면을
고르게 한 다음, 초벌구이를 하고 다시 유약을 발라 구운 것이다. 이와 같은 상감 청자는 고려 사람들의 창의력과 세련된 문화 생활을 반영한
것으로, 대접, 술잔, 병, 항아리 등의 식기와 문방구, 향로, 화장 그릇 등이 있었다.

고려 청자  
고려 시대를 대표하는 상감 청자는 색깔, 모양, 무늬가 우수하여 한국 미술의 자랑거리이다.

석탑에는 현화사 7층 석탑과 월정사 8각 9층 석탑이 유명하고, 부도에는 정토사의 홍법국사 실상탑과 법천사의 지광국사 현묘탑이 대표적이다.

부도  
홍법국사 실상탑. 고려 때의 대표적인 석조 부도. 경복궁 소재.

불상으로는 관촉사의 석조 미륵보살 입상과 부석사의 소조 아미타여래 좌상 등이 있으나, 여기에 나타난 조각은 공예 분야와는 달리 통일 신라에
비해 예술적 솜씨가 뒤떨어진다.

고려에서는 일찍부터 궁중에 도화원을 설치하여 그림 그리는 사람을 양성하였다. 인종 때의 이영은 예성강도를 그려 송 휘종의 찬사를 받았고,
그의 아들 이광필도 산수화를 잘 그렸다.

글씨로는 문종 때의 유신, 인종 때의 탄연, 고종 때의 최우가 능하여, 신라의 김생과 함께 신품 4현으로 손꼽힌다.

학습 정리

1\. 고려는 신분 사회였다. 귀족은 문벌을 중시하고 특권을 누렸으며, 농민과 천민은 생산과 노동에 종사하였다.

2\. 호국 불교의 성격을 띤 고려의 불교는 국가 활동과 문화 발전에 큰 영향을 끼쳤다.

3\. 고려의 교육은 유학과 과거를 중심으로 한 것이었으며, 국자감을 중심으로 하는 관학과 더불어 사학의 활동이 활발하였다.

4\. 고려 문화는 귀족 생활과 불교 신앙을 배경으로 하였는데, 그 문화재 중에는 세계적 자랑이 될 수 있는 것이 많다.

 4. 귀족 사회의 동요

〔학습 개요〕

고려는 중기에 이르러, 밖으로는 만주에서 일어난 금의 압력을 받고, 안으로는 지배층 간에 알력이 생겼다. 한편, 고려 귀족 사회는 문신을
우대하고 무신을 천대하는 경향이 점차 짙어지더니, 이로 인한 모순으로 말미암아 무신의 난이 일어났다.

무신의 난 후, 정권은 무신들에 의해 좌우되었고, 이에 따라 천민 출신의 무신이 집권하는 경우도 있었다.

무신이 집권하는 동안, 신분상의 차별을 철폐하고 자유로운 사회 활동을 바라는 민중의 움직임이 전국적으로 나타났다.

무신들의 정권 쟁탈과 민중의 저항 운동 속에서 최충헌이 실권을 잡았다. 그는 자신의 정치적 지위를 굳혀, 이후 4대에 걸친 최씨 정권의
기틀을 마련하였으며, 이들은 몽고와 끝까지 항쟁하였다.

학습 문제

1\. 고려 귀족 사회가 안고 있는 문제는 어떠한 것일까?

2\. 이자겸의 난과 묘청의 난이 일어난 원인은 무엇일까?

3\. 무신의 난은 어찌하여 일어났으며, 최씨 무신 정권은 어떻게 그 기초를 굳혔을까?

4\. 무신의 난 후, 각지에서 민중의 저항 운동이 일어난 원인과 의의는 무엇일까?

이자겸과 묘청

문종에서 인종에 이르기까지 7대 80여 년 간 왕실의 외척으로 있던 경원 이씨 세력은 그의 일족과 부하가 나라의 요직을 차지하고 권세를
누렸다. 인종 때 권세를 누리던 이자겸은 이에 만족하지 않고 스스로 왕이 되려는 야심까지 품었다. 이를 눈치챈 인종이 그를 제거하려 하자,
그가 먼저 난을 일으켰다. 이것이 이자겸의 난이다(1126).

그 뒤, 이자겸과 그의 일당인 척준경과의 사이가 벌어져, 척준경은 이자겸을 내쫓고 잠시 권력을 잡았으나, 그도 얼마 안 되어 쫓겨나고
말았다. 이자겸의 난으로 궁성이 불타고, 또 금의 압력을 받아 나라 안팎의 정세가 소란해지자, 서울을 서경으로 옮기고 금을 쳐서 국위를
떨치자는 주장이 일어났다.

이 주장에 앞장 선 사람들은 묘청을 중심으로 한 서경파였다. 당시 민중들 사이에는 풍수 지리설이 유행하고 있었을 뿐 아니라, 금을 미워하는
감정이 높았으므로, 묘청 등의 이러한 주장은 큰 반응을 불러일으켰다.

대화궁 터  
묘청이 서경 천도를 주장하여 세운 궁궐이 있던 터이다. 평남 대동 소재.

천도 운동에는 묘청 등이 개경의 귀족 세력을 제거하고자 하는 야심도 숨어 있었으나, 이것은 고려의 전통적인 북진 정책의 표현이기도 했다.

그러나, 이 천도 운동은 김부식을 중심으로 한 개경파 귀족의 반대로 실패하였다. 이에 묘청은, 나라 이름을 대위라 하고 서경에서 반란을
일으켰으나(1135), 결국 김부식이 거느린 정부군에게 평정되고 말았다.

무신의 난

고려 귀족 사회에서는 문신, 무신 사이에 차별을 두어, 정치 권력은 물론, 토지 분배, 교육 및 군사 지휘권 등에 있어서도 문신을 우대하고
무신을 천대하였다. 같은 양반이면서도 푸대접과 멸시를 받던 무신들은 항상 불평을 품고 있었다.

드디어 이러한 불평은 터져, 의종 때에 정중부 등의 무신이 난을 일으켜 의종을 비롯하여 많은 문신들을 몰아 내고 무신 정권을
세웠다(1170).

그러나, 무신 정권이 성립된 후 그들 사이에 권력 다툼이 일어나 정중부는 경대승에게 살해되었다. 경대승이 병사한 뒤 이의민이 잠시 정권을
잡았으나, 그는 최충헌에게 살해되었다.

민중의 저항

이러한 무신의 난은 문벌 중심의 고려 사회를 근본적으로 흔들면서 귀족 사회를 붕괴시켰다. 특히, 정치 체제와 신분 질서가 바뀌어, 정치
질서는 무신 위주로 꾸며졌다. 그러나, 이후에 무신들의 부패와 횡포가 심해져, 농민과 천민들은 큰 고통을 받았다. 거기에다 무신 정권이
수립된 후로는 천민 출신의 무신이 큰 세력을 쥐는 현상도 나타났다.

이러한 풍조는 민중을 자극하여, 사회적인 부당한 대우와 천민의 신분에서 벗어나려는 저항 운동을 불러일으켰다. 이 저항 운동은 무신 정권의
수립 직후부터 시작되어 최충헌이 집권하기까지 약 30년 간 계속되었다.

이 운동은 전국 각처에서 일어났는데, 특히 남부 지역이 심하였다. 공주 명학소에서는 천민들이, 그리고 전주와 진주에서는 노비들이 저항 운동을
일으켰다. 개경에서는 최충헌의 노비인 만적이, “삼한에서 천민을 없애자.”고 외치며 노비의 신분 해방 운동을 벌이기도 하였다. 천민뿐만
아니라 농민도 각처에서 저항 운동을 일으켰는데, 경상도 운문(청도)의 김사미와 초전(울산)의 효심이 일으킨 것이 가장 유명하다.

민란  

최씨 정권

이의민을 제거하고 정권을 잡은 최충헌은, 지위 향상을 요구하는 민중의 저항 운동과 문신들과 결탁된 사원 세력을 진압하여, 무신 독재 정치의
터전을 굳게 하였다. 그리하여, 최씨 무신 정권은 4대 60여 년 간 계속될 수 있었다.

무신 정권이 성립된 후, 종래의 정치 기구는 유명 무실해졌다. 무신 정권 초기의 최대 권력 기구는 중방이었는데, 최충헌이 정권을 잡으면서
교정도감이라는 최고 권력 기구를 두고 강력한 독재 정치를 폈다. 최우 때부터는 그의 저택에 정방을 두고 정부의 모든 인사 행정을 맡아
보았다.

한편, 몽고가 침략해 오자, 최우는 강화도로 서울을 옮겨 항몽 정책을 강력하게 밀고 나갔다.

학습 정리

1\. 고려 귀족 사회가 안고 있는 여러 문제가 쌓여 이자겸의 난, 묘청의 난으로 나타났다.

2\. 묘청의 난에는 서경파가 정권을 잡으려는 음모도 있었으나, 고려의 전통적인 북진 정책의 의지도 담겨져 있었다.

3\. 신분적인 차별 대우에 불만을 품은 무신들이 문신 정권을 타도하고 정치적 세력을 쥐게 되어, 고려 귀족 사회는 붕괴되었다.

4\. 무신 정권하에서 벌어진 농민과 천민들의 저항 운동은 신분의 향상과 자유로운 사회 활동을 요구하는 것이었다.

 5. 고려 후기의 대외 항쟁

〔학습 개요〕

최씨 무신 정권이 계속되는 동안 몽고족의 침입이 있었다. 이에, 고려는 서울을 강화도로 옮기면서까지 몽고의 침입에 끈질기게 저항하였다.

그러나, 강화도에서 투쟁하는 동안 최씨 무신 정권이 무너지자, 고려 정부는 개경으로 환도하게 되었다. 이에, 항몽 투쟁에 가장 용감했던
삼별초가 몽고에 계속 반기를 들고 자주 운동을 폈으나, 실패하고 말았다.

이 때부터 고려는 몽고의 간섭을 받아 시련을 겪었다. 몽고의 세력이 약해진 공민왕 때에 북진 정책이 국내의 제반 개혁 정책과 함께
수행되었다. 그러나, 이 개혁 정치는 성공하지 못하였고, 또 밖으로부터 홍건적과 왜구의 침입을 받게 되어 어려움을 겪었으나, 이를 극복하고
새로운 사회로의 발전을 위하여 노력하는 움직임이 일어났다.

학습 문제

1\. 몽고의 침입에 대한 우리 민족의 항쟁은 어떻게 전개되었을까?

2\. 삼별초의 항몽 투쟁은 민족사에서 어떤 의의를 지닐까?

3\. 공민왕의 반원 개혁 운동은 어떻게 전개되었을까?

4\. 홍건적과 왜구의 침입은 고려에 어떠한 영향을 끼쳤을까?

고려와 몽고의 접촉

최씨 무신 정권이 확립되어 갈 무렵, 몽고에서는 테무친이 나라를 세워 스스로 칭기즈칸이라 일컫고, 남송과 금에까지 그 세력을 뻗쳤다.
그리하여, 만주에 살고 있던 거란의 유족들은 몽고의 압력을 받게 되어 고려로 몰려왔다가, 김취려 장군에게 쫓겨났다.

그 후에 거란족은 다시 침입해 왔으나, 고려의 반격을 받아 강동성에 웅거하게 되었다. 이 때, 고려는 몽고군과 함께 강동성의 거란족을
소탕하였는데, 이로써 고려와 몽고는 처음으로 접촉하게 되었다.

그 후, 몽고는 거란족을 토벌한 것을 구실로 고려에 많은 물건을 요구하는 등 압력을 가해 왔으므로, 두 나라의 관계는 악화되었다.

몽고에 대한 항쟁

고려와 몽고와의 관계가 악화된 가운데, 몽고의 사신이 고려에 왔다가 돌아가는 길에 압록강 근처에서 살해된 사건이 일어났다. 일찍부터 고려를
칠 기회를 노리고 있던 몽고는, 이 사건을 고려의 소행이라고 트집잡아, 살리타를 보내어 대대적으로 침입해 왔다.

몽고군은 고종 18년(1231)에 의주를 거쳐 내려와 개경을 포위하였는데, 미처 전쟁 준비를 하지 못했던 고려는 화평을 내세워 적을 돌려
보냈다. 이에 몽고는, 지방의 감시관으로 다루가치를 남겨 두고 물러갔다.

그 후, 몽고가 무리한 조공을 요구해 오자, 고려는 최후까지 몽고와 싸울 결심을 하고, 이듬해에 서울을 강화도로 옮겨 철저한 항전 태세를
취하였다.

강화성  
몽고의 침입에 대항하기 위하여 쌓은 성이다. 경기 강화 소재.

막강한 군사력을 가진 몽고의 침입을 다시 받게 되자, 고려는 큰 위기를 맞게 되었다. 그러나, 온갖 어려움을 무릅쓰고 항전하였다. 또,
부처의 힘을 빌어 이 어려움을 극복하고자 대장경 간행을 계획하여 고려 대장경판을 새기기도 하였다.

최씨 정권도 굳세게 항전하였지만, 민중의 과감한 투쟁은 참으로 놀랄 만하였다. 특히, 사회적으로 천대받던 노비와 천민들까지 용감히 싸워 충주
등 곳곳에서 빛나는 공을 세운 것은 매우 주목할 만하다.

전쟁이 장기화되자, 몽고는 무력으로 고려를 정복하기가 어려움을 알고, 육지로 나와 강화할 것 등을 고려에 요구하였다.

이러는 사이에 강화도에서 정변이 일어나, 60여 년 간 계속된 최씨 정권이 무너졌다. 최씨 정권이 무너지자, 몽고와의 화해가 성립되고,
마침내 오랜 전쟁은 끝났다.

몽고와의 전쟁에서 고려는 큰 피해를 입었다. 국토는 황폐해지고 수많은 백성들이 생명을 잃었으며, 또 경주 황룡사의 9층탑과 대구 부인사에
보관된 대장경판 등 귀중한 문화재가 불타 없어졌다.

삼별초

강화가 성립된 후에 정부는 개경으로 환도하였다. 이 때, 몽고와의 항전에서 가장 용감히 싸운 삼별초는 정부의 개경 환도를 몽고에 대한 굴욕적
항복이라 하여, 배중손의 지휘하에 강화도에서 반기를 들고 반몽 투쟁을 벌였다(1270).

이들은 근거지를 진도와 제주도로 옮기면서 4년간에 걸쳐 완강하게 저항하였으나, 결국 여⋅몽 연합군에 의해 진압되었다.

삼별초의 대몽 항전(민족 기록화)  
삼별초군이 진도에서 몽고군과 전투하는 모습이다.

삼별초군은 비록 그 뜻을 이루지는 못하였으나, 고려 무인들의 몽고에 대한 항쟁 의식을 잘 나타내 주었다.

고려와 원

몽고족이 세운 원은, 삼별초의 항쟁이 끝난 후부터 고려에 대하여 여러 가지로 압력을 가하기 시작하였다. 원은 그들의 일본 원정에 고려가
협력하기를 강요하였다. 두 차례에 걸친 원의 일본 원정은 태풍으로 모두 실패했는데, 이 원정으로 말미암아 고려가 입은 경제적, 군사적 손실은
막대하였다.

원은 일본 원정을 위해 정동행성이라는 관청을 두었는데, 점차 고려의 내정을 간섭하였다. 그리하여, 고려의 관제가 개편되고, 공식 용어도 많이
바뀌었다.

한편, 여⋅원이 문물을 교류함에 따라 고려의 궁정이나 상류 사회에서는 몽고식 의복과 몽고말이 유행하였고, 반대로 몽고에서는 고려양이라는
고려식 생활 풍속이 유행하였다.

원은 고종 때 화주(영흥)에 쌍성총관부를 두어 철령 이북의 땅을 다스렸고, 원종 때에는 서경에도 동녕부를 두어 한때 자비령 이북 지역을
점령하였다. 그리고, 삼별초의 항쟁이 실패로 돌아간 후, 원은 제주도에 탐라총관부를 설치하였다.

공민왕의 개혁

원의 간섭하에서 자주권을 찾으려는 노력은 충선왕 때에 이미 있었으나, 실패하였다. 그 후, 14세기 중엽에 이르러 원이 새로 일어난 명에
의해 북방으로 쫓기게 되자, 공민왕은 이 틈을 타서 원의 간섭을 제거하고 독립 국가의 체통을 다시 찾기 위하여 과감한 개혁 운동을 벌였다.
이 운동은 밖으로는 배원 정책, 안으로는 사회의 개혁이 목적이었다.

공민왕은 먼저 원의 감독 기관인 정동행성을 없애고, 쌍성총관부를 공격하여 철령 이북의 땅을 되찾고, 고려의 옛 관제를 복구하였다. 또,
몽고식 의복과 변발 등 몽고 풍속을 금하고, 역대의 숙원인 북진 정책을 실현하기 위하여 압록강을 건너 요동에 있는 동녕부를 공격하였다.

공민왕의 영토 수복  

이 밖에, 공민왕은 사회의 각종 폐단을 개혁하였다. 우선 친원 세력인 권문 세가를 누르고 정방을 폐지하여 왕권을 강화하였다. 또, 신돈을
등용하고 전민변정도감을 설치하여, 권문 세가들이 불법으로 차지한 많은 토지를 원주인에게 되돌려 주고 노비를 해방시켰다.

공민왕의 이러한 개혁 정치는 백성들로부터 큰 환영을 받았다. 그러나, 신돈의 발호와 권문 세가들의 반대로 이 개혁 운동은 결국 실패하고
말았다.

홍건적과 왜구

고려가 개혁 운동을 벌이고 있을 무렵, 북쪽의 홍건적과 남쪽의 왜구가 고려에 침입하여 개혁 운동에 커다란 지장을 주었다.

홍건적은 원의 지배에 반대하여 일어난 한족의 무리로, 주로 중국 북쪽 지방에서 저항 운동을 벌여 오다가, 원에 쫓기면서 두 차례나 고려를
침입하였다. 홍건적의 침입으로 한때 개경이 함락되기도 했으나, 정세운, 이방실, 이성계 등이 이들을 물리쳤다.

한편, 고종 때부터 삼남 지방의 해안을 노략질하던 왜구는, 공민왕 이후에는 해안에서 멀리 떨어진 육지에까지 깊숙이 침투해 들어와 소란을
피웠다.

왜구의 침입으로, 해안 지대의 농토는 황폐해지고 조세의 해상 운반이 어렵게 되자, 정부는 무력으로 다스리는 방법도 취하면서 한편으로는 일본
정부에 왜구의 철저한 단속을 요구하기도 하였다.

최영, 이성계 등은 육지에서 여러 차례 왜구를 격파하였고, 최무선은 화통도감을 설치하고 새로 만든 화포로 바다에서 왜구를 크게 무찔렀다.
창왕 때 박위가 왜구의 소굴인 쓰시마 섬을 정벌하자, 왜구의 세력은 점차 꺾였다.

황산 대첩비 비각  
고려 말에 이성계가 왜구를 황산에서 크게 무찌른 것을 기념하기 위해 세운 비각이다. 전북 운봉 소재.

이렇게 고려 말기의 국내외 정세는 몹시 어수선하여, 우리 민족은 큰 어려움을 겪게 되었다. 그러나, 그 가운데서도 사회와 문화 발전을 위한
노력이 계속되고 있었다.

학습 정리

1\. 고려는 13세기 초엽에 몽고의 침입을 받았으나, 약 40년간에 걸친 줄기찬 항전을 전개하였다.

2\. 삼별초의 대몽 항전은 고려 무인들의 자주 정신을 잘 보여 준 것이었다.

3\. 고려는 원의 간섭으로 한때 자주성이 흔들렸으나, 원이 쇠약해진 후 반원 자주 운동을 펴 자주성을 회복하였다.

4\. 공민왕 때의 개혁 운동의 실패와 홍건적과 왜구의 거듭된 침입으로 고려는 어려움을 겪었으나, 이를 극복하려는 노력이 계속되었다.

 6. 고려 후기의 사회와 문화

〔학습 개요〕

무신의 난 이후, 고려는 사회, 경제, 문화 등 각 방면에서 그 전과는 퍽 다른 모습을 보였다. 정치⋅경제면에서는 무신이나 친원 세력가들이
권력을 잡았다. 불교계에서는, 문신 귀족과 가깝던 교종이나 천태종보다는 심성의 도야를 주장하는 조계종이 무신들의 지원을 받으며 융성하였다.

대장경판 간행에 따른 목판 인쇄술의 발달은 활자의 발명을 촉진시켜, 세계에서 최초로 금속 활자를 발명하게 하였다.

한편, 여⋅원 문화의 빈번한 교류로 목화와 화약 제조 기술이 수입되었고, 성리학이 보급되었다. 성리학은 그 후, 무신 정권 이래 성장하고
있던 신진 관료들의 사상적 배경이 되었다.

학습 문제

1\. 무신 정권 성립 이후의 고려 사회에는 어떠한 변동이 있었을까?

2\. 고려 불교는 사회와 문화에 어떠한 영향을 끼쳤을까?

3\. 고려 후기의 사회와 문화는 전기와 어떻게 달라졌을까?

4\. 세계적으로 자랑할 수 있는 고려 시대의 문화 유산에는 어떠한 것이 있을까?

권문 세가

무신의 난 이후, 고려 사회의 지배층에 변화가 생겼다. 즉, 무신의 난 이전의 사회의 지배층은 가문을 중요시하는 문신 귀족들이었다. 따라서,
이들 외에는 높은 관리가 되거나 경제적인 특권을 가지기가 매우 어려웠다.

그러나, 무신 정권 이후에는 이제까지 문신들에게서 멸시와 천대를 받던 무신들이 정권을 잡았으며, 원의 압력을 받던 시기에는 친원 세력이
권력을 잡았다.

권문 세가들은 넓은 농장과 많은 노비를 소유하고 경제적인 특권을 누렸다. 농장은 소작인이나 노비에 의해 경작되어 전시과는 거의 무너졌다.
그리하여, 국가의 재정은 큰 타격을 받았고, 새로 관리가 된 사람들은 국가로부터 토지를 지급받지 못하여 가난한 생활을 면하지 못하였다.

고려 말 토지 제도의 문란상

말기에 이르러 덕을 잃어 토지 대장이 불명하매 평민은 모두 큰 세력가에 속하게 되고, 전시과는 폐하여 사전이 되었다. 권력가들의 토지는
광대하여 산천으로 표를 삼고, 징세를 한 해에 수삼 차에 걸쳐 함에 이르러 나라의 법이 무너져 나라도 망하게 되었다.

고려사 식화지(토지 제도) 서문에는 고려 말 토지 제도의 문란상을 위와 같이 설명하였다.

한편, 고려 후기에 이르러서는 성리학을 공부하여 학문적인 교양을 갖추고 행정적인 실무에도 밝은 새로운 관료들, 즉 신진 사대부들이 나타나기
시작하였다. 이들은 주로 지방의 향리 출신으로서, 과거에 합격하여 중앙 정계에 진출한 사람들이었다. 이들 신진 사대부들은 넓은 토지와 농장을
가진 권문 세가들과 대립하게 되었다. 따라서, 고려의 사회와 문화는 커다란 갈등을 겪게 되었다.

성리학의 수용

무신 정권이 성립되자 문신들이 크게 화를 입어, 유학은 큰 타격을 받고 쇠퇴하였다. 최씨 무신 정권 시대에도 최우 같은 이는 문인들을
가까이하려 하였지만, 유학은 크게 발전하지 못하였다.

그러다가, 무신 정권이 무너지고 문신의 세력이 다시 일어나자, 유학은 활기를 띠기 시작했다. 충렬왕은 학문을 진흥시키기에 노력하였고,
충선왕은 원의 수도인 연경에 만권당을 설치하여 학자들의 학문 활동을 도왔다.

고려 후기 유학의 특징은 성리학이 전래된 데 있었다. 성리학은 송의 주희가 집대성한 것으로서, 송학 또는 주자학이라고도 하였다. 이것은
글귀의 해석 등에 치중하던 종래의 유학과는 달리, 우주와 인간의 근본 문제를 탐구하는 철학적인 면을 강조한 것이다.

성리학을 처음 소개한 이는 충렬왕 때의 안향이며, 그 후 충선왕 때에 백이정이 원에 가서 이를 직접 배워 왔고, 이제현은 충선왕을 따라
연경에 가서 성리학을 배워 왔다. 말기에는 이색, 이숭인, 정몽주, 길재와 같은 학자들이 나왔다.

안향  

고려 말에 등장한 신진 사대부들은 대부분이 성리학을 공부하였다. 이들은 불교의 폐단과 모순을 지적하고, 또 불교를 옹호하는 권문 세가 및
사원을 공격하면서 그 세력을 급속히 넓혔다. 그리하여, 정도전, 조준 등 성리학을 신봉하는 신진 사대부들이 홍건적과 왜구의 격퇴에 큰 공을
세운 이성계와 손을 잡고 세력을 잡게 되었다.

조계종과 대장경

문신의 난 이후 불교계에서는, 종래의 교종 세력이 약화되고, 심성의 도야를 강조하는 선종이 크게 유행하였다. 이 때, 선종의 여러 종파가
조계종으로 통합되어 세력을 떨침으로써 불교계는 그 성격이 달라지게 되었다.

조계종을 확립하여 선종의 융성에 크게 이바지한 이는 보조국사 지눌이다. 그는 인간의 마음은 곧 부처의 마음이라고 가르치고, 이를 깨닫기
위하여 꾸준히 수양하며 노력하라고 설법하였다. 또, 인간의 본성을 터득하기 위한 수양의 방법으로서 참선과 함께 염불과 간경을 강조하였다.

의천의 천태종이 교종의 입장에서 교종과 선종의 일치를 주장한 것이라면, 지눌의 조계종은 선종의 입장에서 선종과 교종의 조화를 주장한 것이다.
지눌 이후의 이름난 승려로서는 고려 말의 태고, 나옹 등이 있었다.

고려 초기에 부처의 힘을 빌어 외적을 막고자 하는 의도로 만들어진 대장경판은, 그 뒤 몽고 침입 때에도 만들어졌다. 고려는, 몽고의 침입을
받아 강화도에 피난 중인 어려운 시기였음에도 불구하고, 세계적 자랑거리인 고려 대장경을 만들었다.

고려 대장경 판목  
해인사에 보관된 8만여 장의 판목은 세계적인 문화재이다.

전쟁 중에도 이 거대한 사업이 완성될 수 있었던 것은, 당시의 사람들이 부처의 힘을 빌어 적의 침략을 물리치겠다는 굳은 신앙심과 국난 극복의
정신을 가지고 있었기 때문이었다.

고려의 불교는 사회⋅문화 발전에 이바지한 공이 매우 컸다. 그러나, 후대에 내려오면서 여러 가지 폐단이 나타났다. 즉, 불교 사찰은 국가와
민간으로부터 기부받은 많은 면세 토지와 함께 여러 가지 세속적인 사업을 하여 큰 재산을 소유하게 되었다. 승려들도 종교적인 면보다는 세속적인
일에 열중하여 많은 토지와 노비를 가지려 하였고, 때로는 민간 사회에 여러 가지 폐단을 자아내기도 하였다. 이에, 불교의 폐단을 비판하는
주장이 일어나게 되었다.

문학과 역사학

무신의 난으로 한때 침체되었던 문학은, 최씨 정권이 확립되면서 다시 일어나기 시작하였다.

이 때의 문학은 이른바 패관 문학이라 하여 주로 전설과 설화를 다룬 것이었다. 이인로의 파한집, 이규보의 백운 소설, 최자의 보한집, 그리고
이제현의 역옹패설 등은 이러한 문학을 대표하는 작품이다. 이 밖에, 이규보의 동국이상국집, 이색의 목은집, 정몽주의 포은집 등은 유명한
문집으로 남아 있다.

특히, 이러한 패관 문학은 현실을 벗어나려는 일면도 가지고 있지만, 대개는 강렬한 자주 의식을 강조하고 있다. 특히, 동국이상국집에 실려
있는 동명왕편은 주몽을 노래한 영웅적인 서사시로서, 고구려의 전통을 노래하여 역사 의식을 일깨워 주려는 것이었다.

동명왕편

…햇빛 받아 주몽 낳으니 이 때가 계해년, 골격이 특이하고, 우는 소리 또한 컸다. 처음에 알 낳으니 보는 이 모두 놀라, 임금은 불길하다고
이것 어찌 인류될꼬, 말우리에 던져 두니 모든 말이 밟지 않고, 깊은 산에 버렸더니 온갖 짐승 지켜 준다. 어미가 거둬 길러 달포 되니 말을
하되, 파리놈이 눈에 덤벼 편안히 잠 못 자오. 활과 살을 지어 주니 백발 백중 하는구나.…

동명왕편 이규보의 문집인 동국이상국집에 실린 5언으로 된 서사시이다. 고구려의 건국 설화를 노래한 것으로, 민족의 오랜 역사를 자랑하고
있다.

역사에 관한 저술로는 삼국유사가 가장 유명한데, 이것은 충렬왕 때 승려 일연이 지은 것으로, 단군 기록과 불교 관계의 설화, 향가 등이 실려
있다. 특히 단군에 관한 기록은, 당시 몽고족의 침입을 받아 쓰라린 시련을 겪던 우리 민족의 민족적 자각과 자부심을 불러일으켰다는 점에서 큰
의의가 있다. 이 밖에, 이승휴의 제왕운기와 각훈의 해동고승전의 일부도 남아 있어 역사 연구에 큰 도움을 주고 있다.

열국기

태조님 원수 되어 싸움 없이 다 누르니 공업은 불꽃 일듯. 궁예는 포악하더니 민심은 물이 끓듯. 이 때에 4공신은 도탄 민생 탄식하고,
무인년 유월 보름, 단연히 거사하여 태조 거소 나아가서 대위에 추대하다. 기약 없이 모인 수가 3천의 보병, 기병, 가물에 망운하듯 온세상
기쁨이라.

제왕운기 이승휴 지음. 우리 나라와 중국의 역사가 한시로 기록되어 있다. 위의 내용은 고려 왕계를 기록한 것 중에서 태조에 관한 부분이다.

금속 활자

우리 나라 인쇄술의 전통은 매우 오래 되었다. 불국사 3층 석탑에서 다라니경이 발견된 것으로 보아, 통일 신라 시대에 이미 목판 인쇄 기술이
발달하였음을 알 수 있다. 고려 때에는 이 목판 인쇄 기술이 더욱 발전되어, 세 차례에 걸친 대장경 간행 사업이 완수되었다.

목판 인쇄술의 발달은 활자의 발명을 촉진시켜, 13세기 초에는 금속 활자를 사용하는 인쇄술을 발전시켰다. 즉, 고종 21년(1234)에는
금속 활자를 사용하여 상정고금예문이라는 책을 간행하였다. 이것은 세계에서 금속 활자에 의한 인쇄의 시초로서, 서양보다 200여 년이나 앞서는
것이다. 그 후, 활자 인쇄술은 더욱 보급되어, 공양왕 때에는 활자로 인쇄하는 서적원까지 두었다.

고종 때에 찍었다는 상정고금예문은 현재 전해지지 않으나 1377년에 간행된 금속 활자본인 직지심경이 현재 남아 있는데, 이것은 세계 최고의
금속 활자본으로, 우리 민족의 귀중한 문화 유산이다.

직지심경  
원명은 직지심체요절이다. 충주 흥덕사에서 인쇄된 것으로, 현존하는 세계에서 제일 오래 된 금속 활자 인쇄본이다. 현재 프랑스 국립 도서관
소장.

목면과 화약

고려와 원의 관계가 밀접해지자, 두 나라 사이에는 빈번한 문화 교류가 있었다. 그 중에서 가장 중요한 것은 성리학, 목화, 화약의 전래이다.

목화는 공민왕 때에 문익점이 원에 사신으로 갔다가 그 씨를 가져와 그의 장인 정천익이 재배에 성공함으로써 보급된 것이다. 목화의 보급에 따라
씨아와 물레가 만들어졌다. 목화의 보급은 우리 나라의 의생활에 큰 변화를 가져오게 했다.

면화 시배 사적비  
문익점이 목화씨를 가져와서 처음으로 재배한 곳으로 알려지고 있다. 경남 산청 소재.

화약은 최무선이 중국 상인에게서 그 만드는 법을 배웠다. 그는 화통도감을 만들게 하고 각종 화포를 만듦으로써 왜구를 소탕하는 데 크게
이바지하였다. 나아가, 화약은 우리 나라의 무기 제조 기술과 전투 기술에 큰 혁신을 가져왔다.

이러한 여⋅원 문화의 교류가 진행되는 과정에서 천문, 수학, 의학 등 발달된 사라센 문화가 고려에 전해져서 당시의 과학 기술 문화에 큰
영향을 주었다. 이에 따라 고려의 천문과 의학 기술이 크게 향상되었다.

건축과 예술

현재까지 남아 있는 고려 시대의 목조 건물로는 안동 봉정사의 극락전, 영풍 부석사의 무량수전과 조사당, 예산 수덕사의 대웅전이 유명하다.
이들 건물의 기둥은 가운데를 불룩하게 한 엔타시스(배흘림) 양식을 보여 준다.

부석사 무량수전(상)과 그 실측도(하)  
부석사의 법당. 고려 시대 목조 건물로는 봉정사 극락전과 함께 현존하는 목조 건물 중 가장 오래 되고 우수한 것이다. 경북 영풍 소재.

석탑으로는 목조 건축의 양식을 잘 나타내고 있는 경천사 10층 석탑이 유명하다. 이 탑은 원의 영향을 받은 것으로, 그 양식은 조선 시대의
원각사지 10층 석탑으로 계승되었다.

경천사 10층 석탑  
대리석으로 축조된 높이 13m의 10층 탑이다. 경복궁 소재.

한편, 고려 청자는 인종, 의종 때를 거쳐, 강화 시대에 이르러 그 전성기를 이루었다. 그러나, 고려자기는 이후에 기술적 발전을 보지 못하여
말기에는 쇠퇴하였다.

그림에 있어서는 명종 때의 이광필과 고유방이 유명하였고, 공민왕이 그렸다는 천산대렵도 및 수덕사와 부석사의 조사당 벽화가 지금도 남아 있다.

한편, 고려에서 건너가 일본에 남아 있는 여러 점의 불교 회화는 매우 호화롭고 정교하여, 이 시대 그림의 성격을 잘 보여 주고 있다.

글씨로는 신품 4현의 한 사람인 최우가 있었고, 서체는 전기에 유행한 구양순체와 왕희지체 대신에 후기에는 조맹부체가 유행하였다.

음악은 우리 나라의 향악과 중국 음악인 당악이 있었으며, 송에서 대성악이 수입되어 궁중 음악으로 발달하였다. 향악곡으로는 동동, 대동강,
한림별곡 등이 있었다. 이와 함께 산대놀이라는 가면극이 유행하였다.

한림별곡  
고려 무신 집권 이후, 문인들의 현실 도피적인 생활 감정을 노래한 경기체가이다.

학습 정리

1\. 고려의 불교는 교종과 선종의 융합에 노력하는 한편, 대장경을 간행하였다.

2\. 사대부들은 성리학을 사상적 배경으로 한 신진 세력으로, 새 사회 건설을 위한 노력을 폈다.

3\. 고려 후기의 역사는 시련기를 맞은 우리 민족의 주체적 자각을 깨우쳐 주었다.

 Ⅴ. 조선의 발전

   1\. 조선의 성립과 발전
   2\. 경제 생활
   3\. 민족 문화의 융성
   4\. 양반 사회의 변천
   5\. 외침의 극복

숭례문  
국보 1호인 숭례문은 남대문으로도 불리며, 조선 초기의 대표적 건물이다. 서울 소재.

세계와 우리 나라

조선이 창건되던 14세기 말엽은, 유럽에서 르네상스 운동이 시작되어 인간 생활에 큰 변화를 가져오게 하였다. 이어서, 지리상의 발견은 유럽
인의 활동 무대를 세계로 넓혔다. 정치적으로는 봉건 제도가 무너지면서 여러 국가들은 국가적 통일을 굳히는 가운데 절대 왕정의 성장을 보았다.

중국에서는 명, 청 등 강력한 국가들이 활동하였던 시기였다. 원의 뒤를 이어 중국 대륙을 지배하게 된 명은, 한문화의 전통을 다시 살리고자
노력하여 많은 성과를 거두었으나, 만주에서 일어난 여진족에 의해 멸망하였다.

이 시기에 조선도 민족 국가로의 발전을 꾀하여 제도를 가다듬고 민족 문화 발전을 적극 추진했다. 그러나, 16세기 후반부터 사화와 당쟁의
혼란에 빠져들었고, 왜란, 호란의 양난을 겪어야 했다. 위기를 맞은 우리 민족은 줄기찬 항쟁을 전개하여 마침내 국난을 극복하였다.

연표

 1. 조선의 성립과 발전

〔학습 개요〕

고려의 뒤를 이어 한반도를 500여 년 간 이끌어 간 것은 조선이었다. 오늘날 우리들의 삶도 대부분 이 시대의 역사적 유산 위에 전개되고
있다.

14세기 말, 안팎으로 위기를 맞게 된 우리 역사에 새로운 전환을 가져온 것이 조선의 건국이었다. 조선은 유교 정치를 내세워 왕권을 굳히고,
민생의 안정에 힘쓰며, 활발한 국가 활동을 전개하였다.

건국 후 1세기 간에 걸친 노력으로써 조선은 유교 중심, 양반 중심의 중앙 집권적인 국가 조직을 굳혔고, 밖으로 적극적인 사대 교린 정책을
펴 국제적 평화에 노력하였다.

조선은 정치적 발전과 사회적 안정을 바탕으로 하여 활발한 민족 문화 활동을 펴 민족 문화의 전성을 이루었다.

학습 문제

1\. 조선이 건국될 당시의 사정은 어떠하였으며, 조선의 건국은 어떠한 역사적 의의를 가지는 것일까?

2\. 조선은 건국 후 국가 기구를 어떻게 조직하였으며, 이웃 나라와의 평화 유지를 위해 어떠한 노력을 하였을까?

3\. 국가 통치의 실무를 담당하는 관료는 어떠한 방법으로 선임하였을까?

고려 말의 정세

공민왕의 개혁 정치가 권문 귀족 세력들의 반대로 실패로 돌아간 후, 고려는 안팎으로 더욱 어려운 국면을 맞게 되었다.

북으로는 홍건적의 침략을 거듭 받았고, 남으로는 왜구가 연안의 각지를 노략질하며 침범했는데, 그들은 때로 내륙까지 쳐들어와 피해를 입혔다.

한편, 안으로는 오랜 세월을 두고 권세를 잡아 온 구 귀족과, 새로이 과거에 급제하여 중앙 정계로 등장한 신진 세력 사이에 정치적 대립이
생겨 혼란을 빚었다.

신진 세력들은 대체로, 원으로부터 전해진 성리학을 공부하고 과거를 거쳐 벼슬길에 올라선 이른바 사대부들이었다.

이들은, 안으로 고려 왕국이 겪고 있는 어려움을 과감히 해결하고, 새로운 국가 활동을 펴야 한다고 생각하였다. 그 중심 인물이 조준, 정도전
등이었다.

이들은 이성계와 손을 잡고 기울어진 고려의 정치적 실권을 잡으려고 하였다. 이 때에 이성계는 북쪽에서 침입해 들어오는 나하추의 세력을
물리치고, 남쪽으로부터의 왜구의 침입을 거듭 격파하여 용맹을 떨치면서 중앙 정계로 등장하고 있었다.

조선의 건국

몽고족의 지배에서 벗어나 새로 등장한 명은 원을 몽고로 몰아 내고, 차차 만주로 진출하였다.

명은 우왕 때, 고려에 대하여 한때 원이 지배한 일이 있는 철령 이북의 우리 땅을 넘겨 줄 것을 요구하였다. 당시 고려의 실권을 쥐고 있던
최영은 이를 거절하고, 먼저 요동 지방을 공격하려 하였다.

이 때, 국제 정세의 흐름과 국내 사정을 이유로 요동 공격을 반대했던 이성계는, 출정 도중 위화도에서 군사를 돌려 개경으로 돌아와, 반대
세력을 물리치고 실권을 잡았다.

고려의 실권을 잡은 무인 세력과 유교적 신진 세력은 불교 세력과 구 귀족 세력을 물리치는 한편, 그들의 경제적 기반을 다지기 위해 과전법을
실시하였다.

과전법에 의한 토지 개혁으로 구 귀족은 군사권과 정치권에 이어 경제적 기반마저 잃게 되어 무력해지지 않을 수 없었다.

이어서, 신진 사대부 세력은 새 국가 건설의 꿈을 이루기 위하여 정몽주 등 일부 세력의 반대를 물리치고, 마침내 이성계를 국왕으로 추대하고
조선을 세웠다(1392).

태조의 영정  

왕권의 확립

유교적 이상 정치인 덕치주의를 내세우고 건국한 조선은, 이후 1세기 동안 적극적인 국가 활동을 펴 왕권을 튼튼히 하고, 중앙 집권적인 국가로
발전하였다.

태조는 서울을 개경에서 한양으로 옮겨 한성부라 칭하고, 국가 활동의 새 중심지로 삼아 민심을 새로이 수습하였고, 유교로써 나라를 다스리는
근본 원리로 삼았으며, 농업을 적극 장려하여 국민 생활의 안정에 노력하였다.

한성의 모습(수선전도)  

관료 조직과 토지 제도가 갖추어지면서 왕권을 중심으로 한 중앙 집권적 국가 조직이 가다듬어졌다. 태종 때부터의 노력은 세종, 세조를 거쳐
성종 때에 이르러 유교적인 집권 국가로서의 모습을 갖추었다.

태종은 사병 제도를 철폐하여 병권을 국왕에게 집중시켰다. 또, 호패법을 실시하여 전국의 인구 동태를 파악하여 세납과 군역의 의무 부과에
활용하는 한편, 의정부와 6조 제도에 의한 중앙 정부의 관제를 정비하였다. 또, 불교를 정리하여 유교 정치를 펴는 데 힘썼다.

조선은 태종 때에 다져진 정치⋅경제⋅군사적 안정을 바탕으로 하여, 세종 때에는 더욱 튼튼한 기틀 위에서 민족 문화의 발전을 밀고 나갈 수
있었다.

세종은 유능한 재상들과 젊고 재주 있는 학자들을 잘 이끌어 민생 복지에 힘쓰고, 민족 문화를 크게 발전시켰을 뿐 아니라, 국토를 압록강,
두만강 선으로 확장하였다.

세종 대왕 영정  

그 후, 세조가 왕위에 오른 후, 성삼문 등 사육신을 제거하고 왕권을 강화하였으며, 두 차례에 걸친 동북 지방의 반란을 진압하고 중앙 집권을
튼튼히 하였다.

경국대전

조선은 갖추어진 법전에 의해 제도를 마련하고 행정을 펴 나간 법제 국가였다. 국초에 국가의 기본 법전을 갖추고자 힘쓴 이는 정도전이었다.

그는 고대 중국의 6전을 토대로 하여 우리 나라의 실정에 알맞은 법 조직을 마련하고자 조선경국전, 경제문감 등을 펴냈다. 그의 노력으로
나라의 법 조직이 가다듬어졌으나, 그 후 국가 활동이 활발해지면서 새로운 법령이 더욱 많이 필요하게 되었다.

그리하여, 세조 때에 이르러 이미 만들어진 여러 법령과 교령을 종합하여 항구적인 법전을 마련해야 한다는 의견이 나와, 조선의 법전을
집대성하는 작업이 시작되어 성종 초에 완성되었다.

이, 호, 예, 병, 형, 공의 6전으로 구성된 이 경국대전은 조선의 국가 조직과 사회⋅경제 활동에 대한 기본 법전이다. 그 후, 시대가
흐름에 따라 더러 수정이 가해지기는 하였으나, 경국대전은 조선의 기본 법전으로서의 자리를 지켰다.

경국대전  
6권 4책. 세조 때 최항, 노사신 등이 착수하여 성종 때 완성된 조선의 기본 법전이다.

경국대전의 편찬으로 조선의 정치 제도의 정비 작업은 일단락지어졌고, 유교적인 법치 국가로서의 자리를 확고히 할 수 있었다.

의정부와 6조

조선의 정치는 국왕을 중심으로 한 관료에 의해 지배되었으나, 정치의 이상을 유교적 덕치에 두고, 민생의 안정을 앞세웠다.

관료는 동반(문반)과 서반(무반)으로 구분되어 있었으며, 관직은 중앙 관직과 지방 관직으로 나누어져 있었다.

관료는 원칙적으로 과거를 거쳐 선발되었으나, 일부는 조상의 공로에 의해 임명되기도 했다. 모든 문무 관료는 18등급으로 나누어져 있는 품계에
따라 그 직분의 높고 낮음이 구별되었다.

문관의 옷과 무관의 옷  

그리고, 국왕 중심의 정치였다고 하나, 정책의 결정은 의정부의 3정승(영의정, 좌의정, 우의정)의 합의에 의해 국왕의 결재를 받았다.

국왕의 정책 결정이 잘못되었을 때에는 사간원이 간언을 올릴 수 있었고, 국민들에게도 정치적 의견을 제시할 수 있도록 상소의 길이 열려
있었다.

국가 활동은 경국대전에 터전하여 조직되고 운영되었는데, 통치 조직은 왕권 아래에 집중되도록 짜여졌다.

의정부가 정책 조정 기관으로 정치적 결정을 이루면, 그 아래의 6조가 행정 실무를 나누어 맡아 집행하였다. 이, 호, 예, 병, 형, 공의
6조의 장관을 판서라 했는데, 이는 오늘날 각 부의 장관에 해당하는 관직이다.

행정 사무를 담당한 6조 외에도 특수한 직무를 담당하는 여러 기관이 있었다.

국왕의 자문 기관이라 할 홍문관, 관료를 감찰하는 사헌부, 국왕의 잘못을 일깨워 주는 사간원은 3사라고도 불리는 중요한 기관이었다.

이 밖에, 국왕에 직속된 사법 기관인 의금부와 국왕의 비서 기관이라 할 승정원, 그리고 역사의 기록을 담당하는 춘추관이 있었고, 서울의
행정을 맡아 보는 한성부가 있었다.

조선의 중앙 관제  

고을과 수령

전국을 8도로 나누고, 각 도에는 중앙에서 관찰사(감사)를 보내어 도의 행정을 맡아 보게 하였다.

도는 다시 여러 고을로 구분하였는데, 고을의 격에 따라 부, 목, 군, 현의 구별을 두고, 부사, 목사, 군수, 현령을 중앙에서 임명하였다.
이들 고을의 으뜸인 수령(흔히 원님이라 함.)은 행정뿐만 아니라 치안과 사법도 담당하였다.

고을의 동헌  

이들 지방관은 법이 정하는 바에 따라 농업의 진흥, 교육의 장려, 호구의 조사, 부역의 공평, 재판의 공정 등에 힘써야 했으며, 조세 및
공납의 징수와 수송의 책임도 지니고 있었다.

수령은 각 고을에서 왕권을 대리하나, 임기에 따라 이동하기 때문에 지방 실정에 어두운 일이 많았다. 따라서, 지방 행정의 실무는, 그 지방
출신의 향리들이 6방에 소속되어 수령을 보좌하면서 집행하였다.

한편, 고을마다 지방 양반들의 조직인 향청이 있었는데, 그들은 수령을 도우면서 향리를 감찰하고, 지방의 풍속을 돌보는 임무를 맡아 보았다.

지방 행정은, 이와 같이 수령과 향리, 그리고 지방 양반들이 서로 협조해 가며 수령 책임하에 집행될 수 있도록 조직되어 있었다.

5위와 군정

무반의 최고 기관으로서는 중추원이 있었으나, 실무를 담당하는 기관은 아니었다. 세조 때에 설치된 5위 도총부가 군사의 최고 지휘권을 쥐고,
중앙의 다섯 부대인 5위와 각 지방의 부대를 통솔하였다.

지방 각 도에는 병마 절도사(병사)와 수군 절도사(수사)를 파견하여 각각 육군과 수군을 통솔하게 하였다. 한편, 국방상 요지에는 진과 보를
설치하여 부대를 주둔시켰다.

조선 육군 조련도  
무예도보통지에 실려 있는 것으로, 군인의 무술 조련을 그림으로 풀이한 것이다.

조선 수군 조련도  
원명은 삼도 주사 분군도이다. 충청⋅전라⋅경상도에서 실시된 수군 훈련 모습이다.

특히, 함경도에는 여진족에 대비하기 위하여 병영을 두 곳에 설치하였고, 경상도와 전라도에는 왜구에 대비하여 수영을 두 곳씩 설치하여 국방을
튼튼히 하였다.

5위의 갑사나 정병, 각 진과 영의 군인들 중에는 시험을 통해 선발된 직업 군인도 있었으나, 대부분은 병역의 의무를 지닌 장정 중에서 뽑은
정군들이었다.

16살에서 60살까지의 양인 장정들을 정남이라 했는데, 이들은 정군으로 직접 병역의 의무를 지거나, 정군의 경비를 담당하는 봉족이 되어
간접적으로 병역의 의무를 이행해야 했다.

국경 지방에서 발생하는 국방상의 긴급 사태를 횃불이나 연기로 급속히 중앙에 연락하기 위한 봉수 제도나, 국경 지방과의 교통 통신을 급속히
취하기 위한 역마 제도 등도 군사 조직의 하나였다.

봉수 조직과 연락 방법  

과거 제도

모든 관료는 원칙적으로 과거를 통해 등용되었다. 관료는 국가로부터 생활의 기반이 되는 토지를 지급받고, 각종 특권을 인정받아 지배
계층으로서의 생활을 누릴 수 있었다. 따라서, 양반 유생들은 과거에 합격하기 위해 많은 노력을 기울였다.

과거는 문과, 무과, 잡과로 구별되었는데, 이 중에서 문관 시험인 문과가 가장 중요시되었다. 문과에는 주로 양반 자제가 응시하였으나,
무과에는 향리나 양인들도 응시할 수 있었다. 잡과에는 그 성격에 비추어 주로 중인이 응시하였다.

과거는 3년에 한 번씩 실시하는 것이 원칙이나, 여러 가지 부정기적인 시험도 있었다.

문과의 소과는 진사와 생원 자격을 얻는 자격 시험이었고, 이 소과에 합격한 사람과 성균관 학생들은 대과에 응시할 수 있었다. 대과에 응시한
사람은 초시, 복시를 거쳐 전시에서 등급을 판결받아 적합한 관직을 받았다. 장원 급제자는 3일 유가의 영예를 누리고, 중요한 관직을 받았다.

3일 유가  
과거에 장원 급제하면 3일 동안 거리를 다니면서 여러 사람에게 보이는 영광스러운 행사를 가졌다.

성균관과 향교

조선은 유교주의 국가였다. 따라서, 교육의 목적도 유교적 학식의 수양과 함께, 유교주의에 입각한 왕도 정치의 실현을 위한 유능한 관료의
양성에 있었다.

교육의 기회는 양인에게도 주어졌으나, 실제로는 양반 자제들에게 국한되었다.

초등 교육은 서당이나 가정에서 받았다. 문자를 익히고 유학의 초보적인 지식을 쌓은 후, 서울에서는 4부 학당, 지방에서는 고을마다 설치되었던
향교에 들어가 중등 정도의 유학 교육을 받았다.

향교의 평면도  
향교는 지방에 있던 교육 기관이다.

서울의 성균관은 국립 최고 교육 기관으로서, 소과에 합격한 진사, 생원이나 그 밖의 학생을 받아 높은 수준의 유학 교육을 실시하였다.

성균관  
조선 시대 최고의 교육 기관으로, 성균관에는 명륜당, 재, 문묘 등이 있다.

의학, 법학, 천문학, 산학이나 외국어 등의 기술 교육은 각기 그 일을 맡아 보는 관청에서 별도로 실시하였다.

초기의 대외 관계

조선은 안으로 나라의 기틀을 바로잡는 한편, 밖으로 이웃 나라와의 평화에 힘썼다. 그리고, 필요에 따라서는 실력으로 우리의 국토를 확장하는
정책을 펴 나가기도 하였다.

명에 대해서는 명분을 살려 주면서, 사신의 왕래를 통하여 경제적, 문화적 실리를 취하는 외교 활동을 폈다. 태조 때에는 우리 나라가 요동
지방을 되찾기 위한 노력을 계속하였기 때문에 명과의 사이가 좋지 않았으나, 태종 이후에는 친선 관계가 유지되어 명이 망할 때까지 계속되었다.
국초에 명과 평화적인 친선 관계를 맺음으로써 나라 안의 일을 적극적으로 펴 나갈 수 있었을 뿐 아니라, 정치와 문화를 발전시키는 데 도움이
되었다.

한편, 일본과 여진에 대해서는 강경과 회유의 양면 정책을 폈다.

일본은 당시 내란이 계속되어 국내가 몹시 혼란하였는데, 그 틈에 우리 해안을 노략질하는 왜구들이 끊이지 않았다.

세종 때에는 왜구의 근거지인 쓰시마 섬을 정벌하는 한편, 그들의 청을 받아들여 일본인이 출입하여 통상할 수 있는 3포(제포, 부산포,
염포)를 개항해 주었다. 그 후, 3포에 일본인이 거주하게 되면서 이들로 인한 폐단이 생기자, 이들의 무역 활동을 제한하는 새로운 약조를
맺었다.

북방의 야인은 여진족으로서, 이들은 고려 말의 어수선한 틈을 타서 자주 북방을 시끄럽게 하였다. 태조 이후로, 야인들 가운데 귀순하는
자들에게는 관직을 내리고 생활 물자를 나누어 주는 한편, 경성, 경원에서 교역할 수 있게 해 주었다.

4군과 6진

압록강과 두만강 유역에 흩어져 살고 있던 여진족이 소란을 피우는 일이 자주 일어났다. 세종은 조상들이 활동하던 옛 땅을 한 치라도 버려 둘
수 없다는 신념에서 적극적인 북방 개척 정책을 폈다. 즉, 최윤덕 등으로 하여금 여진족을 압록강 이북으로 내몰게 하여 그 땅에 서북 4군을
설치하였으며, 강 유역의 여진족에 대해서는 김종서 등으로 하여금 동북 6진을 설치하게 하였다. 이 4군과 6진의 설치로 두만강, 압록강을
경계선으로 하는 오늘날의 우리 국토가 이루어졌다.

김종서의 야인 정벌(민족 기록화)  
김종서는 두만강 유역에서 여진족을 몰아 내고 6진을 설치하여 영토를 넓혔다.

세종은 4군과 6진의 설치에 그치지 않고, 여러 해를 두고 새로 개척된 동북 지방에 남쪽 사람들을 이주, 정착하게 하여 국토를 개발하는 사민
정책을 썼다. 그리하여, 한반도 전역을 우리 겨레의 실질적인 생활 무대로 확보하였다.

세종 이후에도 여진족은 자주 북쪽 국경을 넘나들어 한때는 서북 4군을 철폐한 일도 있었지만, 그것은 행정상의 일시적 변동으로서, 결코 영토를
포기한 것은 아니었다.

북방 국경선의 확정 과정  

학습 정리

1\. 밖으로 이민족의 계속적인 침략과 안으로 정치적 혼란이 거듭되어 민족이 고난을 겪게 되자, 이를 극복하기 위하여 신진 세력이 조선을
건국하였다.

2\. 조선은 유교 중심의 새로운 정치 목표를 내세우고, 양반 관료 국가로서의 조직을 가다듬으려는 노력에 힘입어, 집권적 관료 국가로서의
틀이 잡혔다.

3\. 집권적 관료 조직을 바탕으로 하여 지방 제도, 군사 조직, 경제 활동의 조직이 편성되어 국가 활동이 활발해졌다.

4\. 유교는 조선의 정치적 이념이 되었을 뿐만 아니라, 사회 생활과 문화 활동 전반에 영향을 주는 사상적 기반의 구실을 하였다.

 2. 경제 생활

〔학습 개요〕

조선의 경제 생활은 농업을 중심으로 한 자급 자족을 원칙으로 하였다. 국초부터 농본 민생의 기본 정책을 내세워 농업을 천하의 대본으로
삼았다. 농업의 발달을 위한 여러 가지 제도와 함께 민생을 안정시킬 방도를 취하였다. 조선의 토지 정책은 양반 관료 국가의 경제적 기반의
구실을 하였다.

한편, 상업이나 수공업은 천대받았을 뿐만 아니라, 국가의 엄한 통제로 말미암아 자유로운 교역과 생산 활동이 활발하지 못하였다.

국가 재정이 왕실과 서울을 중심한 것이었으므로 농촌 사회의 조세는 서울로 운송되었고, 지방과의 통신⋅운수 조직도 서울을 중심으로 편제되었다.
지방에 소규모의 도시가 더러 생겨났으나, 정치⋅문화 활동의 중심은 서울이었다.

학습 문제

1\. 조선이 농본 민생 정책을 내세우고, 상업이나 수공업 활동을 천대한 이유는 무엇일까?

2\. 국가의 재정적 기반은 무엇이었을까?

3\. 수도 서울의 모습은 어떠하였으며, 지방과는 정치적, 경제적으로 어떻게 연결되었을까?

농본 정책

조선은 농업이 천하의 대본이라는 왕도 정치 사상에 바탕을 두어, 국초부터 농업을 보호, 육성하여 민생을 안정시키려는 농본 민생 정책을 펴
나갔다.

즉, 농사가 잘 되어 백성들의 생활이 넉넉해야 나라가 안정되고 백성들이 염치를 알게 된다는 사상 아래, 농업을 경제 생활의 주된 산업으로
내세웠다.

농본 민생 정책은 태조 때부터 실시되었으며, 역대 국왕은 이 정책에 따라 적전을 두어 농사의 모범을 보였고, 왕후도 친잠소에서 누에를 치는
모범을 보였다.

친잠소  
농민에게 양잠을 장려하기 위해 왕실에서 모범을 보이던 곳이다. 창덕궁 소재.

세종 때에는 박서생의 의견을 들어 수차를 이용하여 논에 물을 대게 하였다. 또, 농업 생활에 편리를 주기 위하여 농사에 대한 정보를 기록한
책력을 제작하여 반포하는 한편, 농사직설과 같은 농업 서적을 간행하여 농업 기술의 향상에 힘썼다.

그리고, 강우량을 과학적으로 측정하여 농업에 도움을 주고자 측우기를 제작하여 각지에 설치하였다. 이 측우기 사용은 세계 어느 나라보다도 앞선
것으로, 농본 민생의 왕도 정치 정신이 잘 나타나 있다.

측우기  
중앙과 지방에서 강우량을 측정하던 기구이다. 사진의 측우기는 영조 때(1770)에 제작된 것이다.

세조도 제언제조를 두어 수리 시설을 맡아 보게 하고, 각종 농업 관계 서적인 농서를 반포하였다. 또, 농번기에는 부역을 금하여 농사에 힘을
쓰게 하였다.

그 밖에, 농업과 더불어 중요한 산업으로 염업과 광업이 있었으나, 그 기술은 아직 유치한 단계였다. 그리고, 중국에 대한 과중한 조공을
피하기 위하여 광산 개발 등은 억제하기도 했다.

농업과 민생

역대 국왕의 농본 정책에 힘입어 농업 생산력이 크게 향상되었다. 농사짓는 기술이 발달되고, 새로이 농토가 개간되어 경지 면적이 늘어났으며,
저수지, 보 등의 건설도 활발해졌다. 그 때까지 농업 생산이 부진하였던 평안도 지방에서도 벼농사를 짓게 되었다.

국가에서는 야채, 과수 재배를 장려하였고, 목화 재배와 함께 농가 부업으로 양잠과 길쌈을 장려하였다. 면포는 일반 국민들의 의생활을 향상시켜
주었고, 세금 대신 수납되거나 화폐로 쓰이기도 하였다.

그 밖에, 약초 재배와 양봉을 장려하여 농촌 경제에 도움을 주었다.

또, 농촌의 물가를 안정시키기 위한 상평창이나 어려운 때에 도움을 주기 위한 의창 등의 제도를 실시하여 민생 안정을 뒷받침하였다.

한편, 정치 질서의 확립과 생산력의 증가에 따른 농촌 생활의 향상은 인구의 증가를 가져왔다.

타작도  
김홍도의 그림. 양반 지주와 소작인들의 모습이 대조적으로 표현된 농촌 풍속화이다(18세기 말의 그림).

토지 정책과 관료

농본 정책은 민생만을 위한 것은 아니었다. 농업의 근본이 되는 농토는 국가 재정의 근본일 뿐 아니라, 관료 조직을 뒷받침해 주는 기반이기도
하였다.

즉, 국가 재정은 주로 농토에 부과되는 세납으로 마련되었으며, 관료들은 일정한 넓이의 농토를 지급받아 그 소출로써 생계를 유지하도록
제도화되어 있었다. 따라서, 토지 정책은 농업 중심의 집권적 전제 국가에 있어서 가장 중요한 일이었다.

토지 제도는 고려 말 공양왕 때에 새로 만든 과전법을 실시하였다. 과전법에 의해 관료들은 등급에 따라 일정한 토지를 국가로부터 지급받았으며,
퇴직자들도 별도로 정해진 바에 따라 토지를 받았다.

그러나, 이들 토지를 실제로 경작한 사람들은 농민들이었으며, 관료들은 토지를 경작하는 농민들로부터 경작의 댓가로 조를 거두어 생활하였다.
농민들의 경작권은 관료가 마음대로 하지 못하도록 국가가 보호하였다.

이러한 과전은 1대에 한하는 것이 원칙이었으나, 휼양전, 수신전 등의 이름으로 자식이나 부인에게 세습되기도 했다. 한편, 국가에 큰 공을
세운 공신들에게는 공신전을 주었는데, 이 공신전은 자손들에게 세습될 수 있었다.

왕권이 확립되고 국가 활동이 활발해짐에 따라 관료의 수와 세습되는 토지가 늘어나, 새로 관료가 된 사람에게 주어야 할 토지가 부족하게
되었다. 이에, 세조는 과전법을 폐지하고 현직 관료에게만 토지를 지급하는 직전법을 실시하였다.

그러나, 후에 이 제도에도 여러 가지 어려움이 생기게 되자, 마침내 국가가 직접 토지를 관리하여 농민에게서 거둔 조를 관료에게 지급하는 관수
관급제를 실시하게 되었다.

중앙이나 지방의 관청과 공공 기관에는 공해전이라는 이름으로 토지를 나누어 주어, 그 기관의 운영비를 마련하도록 하였다. 그 밖에도 군인전,
학전, 원전, 역전 등의 이름으로 각 기관에 토지를 나누어 주었다.

모든 토지는 20년에 한 번씩 위치, 넓이, 소유주, 경작자 등을 조사한 토지 대장을 마련하여 국가 기관에 보관하도록 하였다. 이 토지
대장을 양안이라 하였는데, 이것은 토지 소유 관계의 기본 문서일 뿐만 아니라, 조세를 부과하는 데에도 중요한 자료가 되었다.

토지 문서  
토지 문서는 토지의 매매, 소유권의 변천 등에 관한 내용이 적혀 있어, 조선 시대 사회, 경제 연구에 중요한 자료가 된다.

국가 재정과 경제 생활

국가 재정은 주로 조세 수입으로 조달되었다. 조세 수입은 전세, 요역, 그리고 공납이 그 기본이었다.

전세는 농토에 부과되는 세납으로, 농민이 곡식을 현물로 납부하여야 했다. 공정한 전세의 부과를 위해서, 세종은 전분 6등법과 연분 9등법으로
구분하여 실시하였다.

상상년-20두 중삼년-14두 하상년-8두

상중년-18두 중중년-12두 하중년-6두

상하년-16두 중하년-10두 하하년-4두

연분 9등법 1결의 농토에서 풍흉에 따라 9등급으로 나누어 세액을 조절했다.

또, 정확한 전세의 부과를 위해서는 농토의 정확한 파악이 필요했다. 이에 따라 국초부터 양전 사업이 계속되었는데, 이를 바탕으로 토지 대장을
정리하여 농토의 소유 관계를 파악하였다.

요역에는 국가의 토목 사업 등에 동원하는 역과 국방을 맡는 군역의 두 가지가 있었다.

요역의 대상은 원칙적으로 16세에서 60세까지의 정남이었다. 정남은 직접 군역에 종사해야 했다. 그러나, 16세기에 와서는 군역의 댓가로
군포 2필을 납부하는 제도로 되었다.

또, 공정한 역의 시행을 위해서는 정확한 호구의 파악이 필요했다. 따라서, 국초부터 호적을 마련하기 위한 호구 조사 사업을 거듭하였는데,
호패 제도나 5가 작통법 등은 모두 정확한 역의 시행을 위한 제도였다.

호패  
조선 시대 때 16세 이상의 남자가 차고 다닌 것으로, 현재의 신분 증명서와 같다.

공납은 각 지방의 특산물을 바치게 하는 세납이었다. 전세나 요역과는 달리, 각 고을을 단위로 하여 국가나 왕실에서 필요한 지방 특산물을 그
지방의 수령이 거두어 바치게 하였다. 공납도 결국은 각 고을의 백성들이 바쳐야 하는 세납이었고, 그 종류는 생활에 필요한 거의 모든 물품에
걸쳤다. 공납은 현물로 바쳐야 하기 때문에 납입, 저장, 운반에 어려움이 있어 국민에게 큰 고통을 주었다.

조운과 역원

조운은 각 고을에서 쌀, 포 또는 그 밖의 현물로 수납된 세납물을 서울로 수송하기 위한 운수 조직이다. 각 고을에 수납된 세납물은 정해진
조창으로 수집되었다.

수운에 편리한 강가나 해안의 요지에 세워진 조창에서는 수집된 세납물을 조선이라고 불리는 배편을 이용하여, 다음 해 5월 중순까지 서울에 있는
경창으로 옮겨야 했다. 다만, 평안도와 함경도의 세납물은 외교관 접대와 국방비에 충당하기 위하여 서울로 옮기지 않았다.

조운 조직  

한편, 육상 교통으로는 역로라는 도로가 지방 각지에서 서울로 통하도록 마련되었다. 역로에는 대략 30리마다 역을 설치하여 역마와 숙식 시설을
갖추어 두고, 공문 전달, 공물 수송 및 출장 관리의 편리를 보살펴 주도록 하였다. 이 때, 출장 관리는 새겨진 말의 수효에 따라 역마를
이용할 수 있는 마패를 가지고 다녔다. 역에는 역리와 역졸이 배치되었으며, 몇 개의 역을 묶어 감독하는 찰방도 배치되었다.

마패  
관리들의 출장 등에 사용된, 역마를 요구할 수 있는 증명패이다. 상서원에서 발행했다.

또, 여행자들의 편리를 위하여 국가가 교통의 요지나 한적한 도로변에 관 또는 원이라는 숙박 기관을 두었고, 나루에는 나룻배를 배치하여
왕래하는 여행자들에게 도움을 주었다.

이러한 조운이나 역원 제도는 국민 생활의 편의를 위한 것이기도 하나, 서울을 중심으로 한 중앙 집권적인 국가 경영을 돕기 위한 제도였다.

상업과 수공업

조선 사회는 자급 자족을 원칙으로 한 농업 중심의 경제 생활을 하였다. 또, 상업이나 수공업에 종사하는 사람들을 천시하던 양반 사회인데다가
공산품의 생산과 소비가 미약한 때였으므로, 상업과 수공업 활동은 활발하지 못하였다.

이러한 가운데, 서울과 지방의 행정 도시를 중심으로 하여 상업 활동이 이루어졌다. 서울 운종가(종로)에는 800여 간의 긴 행랑에 여러
시전이 들어서서 나라에 필요한 상품을 조달, 공급하는 한편, 일반인을 상대로 상업 활동을 했다. 지방에도 농산물이나 수공업품의 교역을 위한
장시가 있었으나, 상업 활동이 그리 활발하지는 못했다.

옛날의 종로 거리(19세기 말의 모습)  

조선 초기, 태종이나 세종은 상업 거래를 돕기 위하여 저화나 조선통보 등의 화폐를 유통시키려고 노력했으나, 상업 활동의 부진과 화폐에 대한
이해 부족으로 큰 효과를 거두지 못했으며, 여전히 쌀과 포를 매개로 하는 물물 교환식 거래가 행해졌다.

국가가 필요로 하는 수공업품을 생산, 공급하기 위해 장인들이 관에 등록되어 수공업 생산에 종사했다. 장인의 신분은 양인과 노비였으며,
사회적으로 천대를 받았다. 농촌의 부업으로서 볼 수 있었던 가내 수공업도 자급 자족의 단계를 크게 벗어나지 못했다. 대표적인 생산품은 마직,
면직의 의류품과 농기구, 종이, 죽제품 등이었다. 자기는 전국 각지에 있는 자기소에서 생산하였으며, 종이는 중앙의 조지서와 전국 각처에서
생산하였다.

대장간도  
김득신의 그림(18세기 말의 그림).

서울과 지방 도시

조선은 건국 후 서울을 한양으로 옮겼다가 한때 개경으로 도로 옮긴 일도 있었으나, 태종 때에 다시 한양으로 옮겨진 후, 한양은 조선 시대뿐만
아니라 오늘날까지 우리 나라의 서울이 되고 있다.

한양이 서울로 정해진 후, 도성 내의 한양과 성 주위의 10리 땅을 한성부가 맡아 보았는데, 한성부는 중앙 정부의 한 기관이기도 했다.

한양은 둘레 17km의 도성으로 둘러싸여 있었으며, 출입문으로 4대문과 4소문이 있었고, 도성 안에는 경복궁 등 여러 궁과 관청이 있었다.

한양 성곽과 간선로  
한양은 태조 때에 서울이 된 후 태종 때에 도시 시설이 이루어졌다.

한성부의 6조 거리(19세기 말에 찍음.)  

또, 준천사는 개천을, 금화도감은 화재를 막는 방화의 일을 맡았다. 성균관과 4학의 교육 기관이 마련되었으며, 상가인 운종가를 사이에 두고
북촌에는 주로 양반 관료들이 살고, 남촌에는 서생이나 중인들이 살았다.

세종 10년에 서울 한성부는 집의 홋수가 1만 8천여 호였고, 인구가 10여 만 명이었다고 한다.

지방은 주로 감영 소재지가 지방 행정의 중심 도시로 자라났다. 그리고, 의주, 부산 등 국경 도시나 예부터의 군사 요지가 도시의 모습을
갖추어 행정, 무역, 국방상 중요한 구실을 담당하였다.

학습 정리

1\. 조선은 농본 민생의 경제 정책을 내세웠으나, 경제 제도의 편성과 운용은 양반 관료를 중심으로 하여 이루어졌다.

2\. 왕도 정치의 이상을 실천하려는 노력으로 여러 가지 경제 정책을 추진하여 민생을 안정시키는 기초를 다듬었다.

3\. 경제 조직은 왕실과 서울을 중심으로 하여 편제되었고, 따라서 서울이 정치, 경제, 문화의 중심이 되었다.

4\. 유교적 직업관에 의해 상업과 수공업은 천하게 여겨졌고, 생산 활동은 통제를 받았다.

 3. 민족 문화의 융성

〔학습 개요〕

민족 문화는 민족의 슬기와 노력에 의하여 발전된다. 조선 전기에 이룩된 민족 문화의 발전은, 고려 문화의 유산을 정리하고 유교 정치의 이상을
달성하기 위한 다방면의 활동 속에서 이루어졌다. 학문의 발전은 물론, 과학, 기술, 미술, 음악에 이르기까지 민족 문화는 크게 피어났다.
특히, 훈민정음의 창제로 문자의 독립을 이룩하고, 우리글로 겨레의 슬기를 펼 수 있게 되었음은 큰 자랑이 아닐 수 없다.

성리학은 중국에서 받아들인 것이나, 차차 학문적으로 소화되어 이황, 이이 때에는 우리 나라 유학으로서의 독특한 발전을 보았다. 이후 유교는
사회 생활에도 큰 영향을 끼치게 되었다.

학습 문제

1\. 조선의 문화 활동의 바탕이 된 사상은 무엇이며, 문화 활동을 주도한 사람들의 신분은 어떠하였을까?

2\. 성리학은 어떠한 학문이며, 조선 성리학이 지니는 역사적 중요성은 무엇일까?

3\. 조선 전기의 기술 문화가 발달을 보게 된 이유는 무엇이며, 자랑할 만한 기술 문화의 유산에는 어떠한 것들이 있을까?

4\. 유교적 양반 사회에서의 예술 활동은 어떠한 위치를 차지하였을까?

민족 문화의 발전

건국 후 차차 제도가 갖추어져 정치가 안정되는 한편, 농본 정책의 추진과 유교 정치의 이상을 이루고자 하는 노력이 여러 가지로 전개되어 국민
생활이 자리잡혀 갔다.

이러한 정치적, 사회적 안정을 배경으로 고려의 문화를 폭넓게 계승, 소화하고, 그 바탕 위에 새로운 유교 문화를 받아들여, 민족의 슬기를
펴고자 하는 활동이 여러 모로 활발해져 민족 문화가 크게 발전하였다.

조선의 문화는 세종에서 세조, 성종 때에 걸쳐 크게 발달하였다. 이 시대의 민족 문화의 유산은 오늘날까지 우리 문화에 큰 영향을 끼치고
있다.

조선 시대는 고려 시대에 비하여 문화 활동의 폭이 넓어지고, 또 새로운 문화 요소가 가미되어 문화적 기반이 확대된 점에서 고려 시대에 비해
보다 활발한 문화의 발전을 볼 수 있었다.

훈민정음

우리 나라는 오랜 역사적 전통을 지녔으나, 조선 초까지 우리의 고유한 문자를 가지지 못하여 한자를 써 왔다. 따라서, 훈민정음 창제는
조선뿐만 아니라 우리의 전 역사를 통해서 가장 자랑할 만한 문화적 업적이 아닐 수 없다. 훈민정음 창제로 우리는 비로소 독립적인 문자 생활을
할 수 있게 되었다.

세종은 훈민정음을 만들 때, 우리 고유의 언어에 알맞으며, 자유로이 생각하는 바를 적을 수 있고, 배우기 쉬운 글자를 창제하기 위해 집현전
학사들과 함께 많은 노력을 하였다. 그리하여, 마침내 28자의 표음 문자로 된 훈민정음을 창제하였다. 세종은 새 문자로 용비어천가를 지어
보고, 이 글자를 실용하는 데 자신이 생기자, 창제한 3년 후에 드디어 세상에 반포하였다(1446).

훈민정음 서문

우리 나라의 말이 중국과 달라서 한자와는 서로 통하지 아니하므로, 어리석은 백성이 말하고자 할 바가 있어도, 마침내 제 뜻을 능히 펴지 못할
사람이 많으니라. 내가 이를 위하여 딱하게 여겨 새로 스물 여덟 글자를 만드나니, 사람마다 하여금 쉽게 익히어 날마다 쓰기에 편하게 하고자
할 뿐이니라.

집현전 학사의 훈민정음 창제 모습  
세종은 집현전 학사를 거느리고 정사를 의논하고, 훈민정음을 창제하기도 하였다(세종 대왕 기념관 소장 기록화).

훈민정음은 민족 의식과 민족애가 깃들여 있는, 과학적이고 독창적인 우리 문자이다. 훈민정음의 창제는 당시 일부 양반의 반대를 받았으나,
이로써 우리의 생각과 뜻을 마음껏 펼 수 있게 되어 민족 문화 발전에 새로운 계기를 이룰 수 있게 되었으니, 그 역사적 의의는 매우 크다.

우리 겨레는 우리 문자를 가지게 됨으로써 겨레의 감정을 우리글로 표현할 수 있게 되었으며, 시조와 가사 문학 등의 발달을 촉진시켜 국문학의
새로운 발달을 보게 되었다.

편찬 사업

초기의 국왕들은 학문 발달에 힘을 기울여, 역사, 지리, 법전, 예악에 관한 많은 도서를 편찬, 간행하였다. 특히, 세종에서 성종 때에 걸쳐
집현전이나 홍문관의 학자들이 옛 문화를 정리하여 여러 가지 책을 엮어 냈다.

경국대전, 치평요람 등의 정치 관계 서적과, 고려사, 고려사절요, 동국통감 등의 역사책도 편찬되었다. 조선 초기부터 역대 국왕의 실록을 계속
편찬하여 네 곳의 사고에 보관하였다. 실록은 조선 시대의 역사 연구에 중요한 자료이며, 우리 문화의 자랑거리이다.

조선 왕조 실록  
조선 태조에서 철종에 이르기까지 25대 472년간의 역사를 편년체로 기록한 역사책이다.

한편, 정치에 필요한 지리 지식을 얻기 위하여 팔도지리지와 동국여지승람을 편찬하였다.

동국여지승람에 실린 팔도 총도  
동국여지승람은 노사신, 양성지 등이 성종의 명에 의하여 여러 사료들을 수집하여 만든 지리서이다.

또, 농업 기술서인 농사직설과 한방 의약서인 향약집성방도 편찬하여 국민 생활에 큰 도움을 주었다.

그리고, 유교적 예속 생활의 본을 보이기 위하여 국조오례의나 삼강행실도를 편찬, 반포하여 유교적 예의와 도덕, 풍속을 우리 사회에 뿌리를
내리게 하였다.

사림과 성리학

고려 말에 원을 통하여 우리 나라에 수입된 성리학은, 조선 시대 유학의 주류를 이루어, 정치, 사회, 교육과 윤리⋅도덕 생활의 기준이
되었다.

조선의 유학자들은 성리학을 다만 공자, 맹자의 가르침을 담은 학문으로만 생각하지 않았다. 그들은 성리학의 근본이, 인륜 도덕과 왕도 정치를
펴 유교적 이상 사회를 실현하는 데 이바지해야 하는 것으로 생각했다.

태조 때의 정도전, 권근이나 세종, 세조 때의 신숙주, 양성지 등이 그 대표적인 학자들인데, 이들을 관학파라고 부른다. 관학파 학자들은 고려
시대의 학자들이 시문에 힘쓰고 경전의 해석에 골몰하던 것과 달리, 성리학을 연구하고 그것을 직접 정치에 실천하기에 힘썼다.

이들 관학파의 성리학자들과 달리, 정치를 멀리하고, 지방에 내려가 학문에 힘쓰고 제자를 키우는 일에 열심히 한 학자도 있었는데, 이들을
사림파라고 부른다. 사림파 학자들은 대개 길재의 학문을 이어받은 사람들이었다.

중국에서 전해진 성리학이 우리 나라 학자들에 의해 소화되고 마침내 우리 민족의 생각이 담긴 우리 학문으로서의 특색을 나타내게 된 것은 이황,
이이 등이 활동한 16세기 중엽 이후부터의 일이다.

이황과 이이

조선 시대 성리학자로 특히 학문적 공헌이 크고 또한 후세에 큰 영향을 남긴 사람은 이황과 이이다. 이들은, 조선 초기 이후 여러 학자들의
노력으로 발전하기 시작한 조선 성리학을 한층 더 연구하여, 성리학의 새로운 세계를 열어 놓았다. 그들은 조선 성리학의 쌍벽으로서, 뛰어난
학자이며, 많은 제자를 키운 교육자이기도 하다.

이황은 고향인 경상도 예안에 도산 서당을 세우고 학문 연구에 힘써 성리학 관계의 많은 책을 지었다. 그리고, 유성룡 등 고명한 제자를 길러
내어 영남 학파의 스승으로 받들어졌다. 그의 저서는 뒷날 일본으로 전해져 일본 유학계에도 큰 영향을 끼쳤다.

도산 서원  
퇴계 이황이 생전에 독서하던 곳에 세워진 서원이다. 경북 안동 소재.

한편, 이이는 정치에 관계하면서도 많은 책을 지었고, 교육에 크게 관심을 가져 김장생 등 여러 학자를 길러 냄으로써 기호 학파의 스승으로
받들어졌다. 뿐만 아니라, 국방 문제를 근심하여 10만 양병설을 주장하는 등 여러 방면에 공헌한 바가 컸다.

오죽헌  
율곡 이이가 태어나고 공부하던 곳이다. 강원도 강릉 소재.

서원

서원은 성리학의 지방 전파와 지방의 학문 활동을 활발하게 하였다.

서원은 옛 학자를 받들어 제사지내고, 그 덕을 따르고자 세운 지방 교육 기관으로, 이 곳에서는 지방 유생들이 모여 독서와 강학에 힘썼다.
지방 선비들은 서원에 모여 성리학을 연구하고, 또 후진을 교육하여 그들의 학통을 이어 나갔다.

이처럼 서원이 학문 연구와 교육 활동을 통해 성리학과 지방 문화 발달을 이끌어 나가게 되자, 국가에서는 서원에 이름을 지어 내리고 노비와
전답을 나누어 주는 사액 서원 제도를 실시하여 서원의 활동을 지원하였다.

소수 서원  
주세붕이 세운 백운동 서원으로, 조정으로부터 최초로 사액을 받았다. 경북 영풍 소재.

그러나, 각 지방의 선비들이 여러 곳에 서원을 마구 세워 이곳을 중심으로 당쟁이 격화되기도 하고, 지방 사회에서 세력을 부리는 일도
생겨났다.

성리학이 지방에 뿌리를 내리게 된 중종 이후, 유교적인 정신을 담은 자치적 규약인 향약이 각지에서 조직, 운영되기 시작하였다. 향약의
시행으로 유교적 예의 풍속은 점차 지방 사회에까지 미치게 되었다.

과학 기술

고려 후기에 전해진 중국과 아라비아의 과학의 소화와, 세종 때를 전후한 활발한 창조적 노력에 따라 조선의 과학은 큰 발전을 하였다.

신라 이래의 전통을 이어 서운관(후의 관상감)을 설치하여 천문을 맡아 보게 했으며, 측우기, 간의, 해시계, 자격루 등의 관측 기구를
제작하였다.

천체 관측 모습(세종 대왕 기념관 소장 기록화)  

관측 기구 중 특히 주목할 만한 것은 측우기였다. 1442년, 전국 각지에 측우기를 설치하고 강우량을 측정하여 농업에 도움을 주었는데,
이것은 서양보다 200여 년이나 앞서 실시된 일이다. 이러한 과학 기구의 제작에는 장영실, 이천 등의 공이 컸다. 또, 세조 때에는 인지의를
제작하여 토지 측량에 이용하였다.

국초에 편찬 사업이 활발하게 진행되어, 고려 때부터 활발했던 인쇄술은 더욱 발달하였다. 태종 때에 주자소를 설치한 후 금속 활자의 개량이
거듭되었다.

한의학에도 많은 발전이 있었다. 여러 가지 한의학 서적이 편찬되었는데, 향약집성방, 의방유취 등이 유명하다.

미술과 공예

조선의 예술 활동은 고려와는 달리, 유교 생활에 바탕을 두어 양반을 중심으로 이루어졌다.

국가적 필요에서 도화서를 두고 전문적 화가를 배치하여 인물화나 기록화를 그리게 하였다. 대체로, 조선 시대의 회화는 양반의 취미에 맞는
산수화를 비롯하여 인물화, 화조화, 사군자 등이 대부분이다. 화가로는 화원 출신의 안견, 최경, 이상좌와, 양반인 강희안 등이 유명하였다.
양반들은 스스로 글을 쓰고 산수화 등의 그림을 그리는 교양을 쌓았다. 서예가로는 세종 때의 안평 대군과 선조 때의 한호가 명필로 알려졌다.

몽유도원도  
안견의 그림. 안평 대군이 박팽년과 함께 도원에서 노닌 꿈을 꾸고 그 광경을 안견에게 그리게 한, 조선 전기의 대표적 그림이다.

왕권의 권위를 자랑하기 위하여 화려하고 웅장한 궁성과 도성의 문루를 건축하였으나, 왜란으로 대부분 불타 버리고, 현재 그 모습을 전해 주고
있는 것은 숭례문 등 몇 개에 불과하다. 서울 파고다 공원의 원각사지 10층 석탑은 석탑 건축물의 대표적인 작품이다.

조선 초기의 대표적 공예품은 자기이다. 조선의 자기는 귀족적인 맛이 풍기는 고려의 것과는 달리, 힘차고 소박한 가운데 아름다움을 느끼게 하는
분청 사기와 깔끔하고 세련된 백자가 각지에서 생산되었다.

음악과 오락

조선은 국초부터 궁중의 음악을 담당하는 관청을 설치하였다. 특히, 세종은 악기 제조, 악곡 정리 등을 통해 중국과 다른 궁중 음악의 자주화에
힘써 마침내 아악을 대성시켰다. 이 일에는 박연의 공헌이 컸다.

아악 연주 모습  
아악은 궁중 행사 때 연주하는 음악으로, 세종 때 박연이 정리하였다.

동양 음악 연구에 있어 귀중한 자료인 악학궤범도 이 무렵에 간행되었다.

궁중 음악과 함께 민간에서는 민요 등의 속악이 자라났다. 또, 궁중 음악의 필요에서 궁중 무용이 발달했으며, 민간 사회에서는 농악, 무당춤,
승무 등 민속 무용이 유행하였다.

한편, 산대도감극이라는 가면극과 꼭둑각시놀음이라는 인형극도 차차 자라났다. 이것은 조선 후기에 이르러 민중 사이에 널리 퍼져서 많은 사람들이
즐겼다.

학습 정리

1\. 조선은 정치적 발전과 사회적 안정을 바탕으로 하여 창조적 문화 활동이 활발하였다.

2\. 유교적 왕도 정치의 실현을 위한 노력이 전개되면서 민족의 슬기가 발휘되어, 민족 문화의 큰 발달을 보았다.

3\. 다양한 문화 활동이 전개되면서 성리학의 영향은 여러 면에 작용하였고, 한편 실용적인 과학과 기술의 발달도 있었다.

4\. 세종에서 성종 때에 이르는 기간은 조선의 문화 활동이 가장 활발하였던 시기로, 많은 문화재를 후세에 남길 수 있었다.

 4. 양반 사회의 변천

〔학습 개요〕

조선은 유교를 받드는 사대부 세력에 의하여 건국되었다. 새 왕국을 세운 사대부 세력은 유교의 왕도 정치를 이상으로 삼고 그것을 이루기 위하여
국가를 조직하고, 민본 정치를 내세웠다.

조선 사회는 양반을 지배층으로 한 신분 사회였다. 양반, 중인, 상민, 천민의 신분이 차차 굳어졌고, 신분에 따라 정치적, 사회적, 경제적
생활까지도 차별되는 사회적 모순이 있었다.

양반만이 행세할 수 있는 사회, 소수의 관료를 중심한 지배 조직이 안고 있는 약점이 시간의 흐름에 따라 여러 모로 드러나게 되어, 마침내
사화와 당쟁이 벌어져 혼란을 빚었다.

학습 문제

1\. 조선 시대 사회 생활의 바탕을 이루었던 사상은 어떠한 것이었을까?

2\. 조선 시대에 백성의 의무와 권리에는 어떤 것이 있었을까?

3\. 사화나 당쟁이 일어나게 된 배경은 무엇일까?

숭유 억불 정책

조선을 건설한 유교 세력은 국초부터 불교를 배척하고 성리학적 유교를 받드는 숭유 억불 정책을 썼다.

승려가 되고자 하는 사람은 허가를 얻어야 하는 도첩제를 실시하여 승려의 수를 줄였고, 사찰의 증설을 제한하였다. 태종 때에는 전국의 사찰
수를 2백여 곳으로 제한하는 한편, 사찰의 토지나 노비를 몰수하기도 하였다.

세종은 국민에게 주자가례에 의한 유교적인 관, 혼, 상, 제의 의례를 따르도록 하고, 불교적 예속을 금하였다. 국왕 중에는 불교를 믿어
궁중에 불당을 세우거나, 불교 서적을 한글로 펴내는 등 불교를 후원한 경우도 더러 있었으나, 그것은 개인적이고 일시적인 일로서, 숭유 억불
정책에 변화가 있었던 것은 아니었다.

이러한 정책으로, 삼국 시대 이래로 국민 생활과 밀착되어 있던 불교는, 차차 깊은 산중으로 밀려나 부녀자와 일부 서민층의 신앙으로 이어져
내려왔다. 그리하여, 불교와 귀족 중심의 사회가 유교와 양반 중심의 사회로 변하고, 불교 문화는 쇠퇴하게 되었다.

신분 제도

조선은 양반 중심의 사회였다. 양반이란, 원래 문관 벼슬을 가리키는 동반과 무관 벼슬을 가리키는 서반을 함께 부르던 말로, 관직을 차지한
지배자들을 통틀어 부르는 말이었다. 이것이 조선 시대에 들어와서는, 벼슬하는 사람만이 아니라 벼슬을 할 수 있는 신분을 가리키는 말로 그
뜻이 변했다.

양반은, 조선 초기만 해도 천인에 대한 양인이라는 신분에 속하는 관직자를 가리켰던 것이나, 왕권이 확고해지고 관료 조직이 굳어져 가는 가운데
관직자들은 지배층으로의 사회적 지위가 높아졌으며, 마침내 향리나 농민과 뚜렷이 구별되는 신분으로서의 자리를 굳혔다.

하급 관리, 지방 행정 협력자, 기술 관직에 종사하는 사람들은 별도로 중인이라는 신분을 이루었고, 농업과 상업, 수공업에 종사하는 사람들은
이른바 상민이 되었다. 한편, 그 아래에는 원래부터 차별을 받아 오던 천민의 신분이 있었다.

그리하여, 유교적 조선 사회에서는 양반, 중인, 상민과 천민의 네 가지 사회 신분이 굳어졌다. 이러한 사회적 신분은 세습되는 것이어서,
특별한 경우가 아니고서는 신분의 변화를 기대할 수가 없었다.

신분은 직업과 밀접하게 관련되며, 그 신분에 따라 사회적 대우는 물론, 일상 생활에까지 여러 가지 차별이 뒤따랐다. 그러나, 이러한 차별적인
신분 제도를 당시의 사회에서는 옳다고 보았으므로, 오늘날의 민주주의 사회와는 거리가 멀다고 할 수 있다.

대표적인 양반 집의 구조  

양반과 중인

양반은 독서를 하거나 관직에 종사하는 지배 계층으로, 농업, 공업, 상업 등의 활동이나 기술직에 관계하지 않았다. 양반은 유교적 내용을 담은
경서와 역사 기록인 사서를 주로 읽고, 과거에 응시하여 벼슬길에 나섰다.

관직의 사령장  
관리가 되면 국왕으로부터 수여받는 것으로, 직함이라고도 한다.

기술을 다루는 일은 일상 생활에서 중요한 일이나, 조선 사회에서는 기술직에 종사하는 사람들은 중인 신분에 속하였다. 중앙이나 지방 관청의
행정 실무를 담당하는 서리, 그리고 하급 장교인 군교들도 중인이었다. 중인의 직업은 원칙적으로 그 자손에게 세습되었다.

상민과 천민

백성의 대부분은 상민이었다. 상민은 농, 공, 상 등의 생산 활동에 종사하고, 국가에 대하여 전세, 공납, 부역의 의무를 부담하였는데, 그
대부분은 농민이었다.

농민은 자기의 토지를 경작하거나 개인 또는 국가 소유의 농토를 빌어 농사를 지었다. 상민의 일부는 수공업이나 상업에 종사하였다. 이들의 생산
활동이나 상업 활동은 정부로부터 통제를 받았다.

천민은 천한 신분이었다. 천민에는 공노비와 사노비가 대부분이었으며, 대대로 그 신분을 벗어나기가 어려웠다. 이 밖에, 광대, 사당, 무당,
창기, 백정 등도 있었다. 이 중에서 특히 노비는 공공 기관이나 개인에 소속되어 인격이 전혀 무시되었으며, 매매, 증여, 상속의 대상이
되었다.

노비 문서  
노비의 소유와 매매에 관한 문서이다.

가족 제도

조선 시대의 가족 제도와 도덕, 풍속 생활은 철저하게 유교적이었다. 가족 제도는 가장을 중심으로 한 대가족 제도였으며, 유교적 효의 정신에
입각하여 가장의 권한은 절대적이었다. 가장은 가족을 대표하고 거느리며, 조상에 제사지내는 일을 주관하였다.

혈통과 가문을 중히 여겨 동성 동본 간의 결혼이 금지되었고, 어버이에 대한 효와 지아비에 대한 순종과 정절이 중요시되었다. 따라서, 효도를
다한 효자와 정절을 지킨 열녀는 국왕에 충성을 바친 충신과 같이 국가적으로 표창되었다.

정려  
충신, 효자, 열녀 등을 표창하기 위하여 마을 입구나 그 집 문 앞에 세웠다.

여성의 사회적 활동은 허락되지 않았으며, 과부의 재혼도 금지되었다. 또, 적서의 차별이 엄격하였으며, 서자는 재혼한 여성의 자녀와 같이 여러
가지 사회 활동의 제한을 받았다.

양반은 반드시 가묘를 두어 조상에게 제사를 지내야 했으며, 관, 혼, 상, 제의 예식은 모두 주자가례를 따랐다.

제사지내는 모습  
조상에게 제사를 지내는 것은 효의 기본적 도리로서 매우 중시되었다.

유교적 예속과 생활을 펴기 위하여 향약이 조직, 운영되었으며, 유교적 도덕 정신과 예의 범절은 조선 사회에 큰 영향을 끼쳐, 자유로운 인간
활동을 제한하기도 했다. 한편으로는, 충효스러운 국민 생활과 예의바른 사회 생활, 그리고 화목한 가정 생활을 뒷받침하기도 했다.

양반 사회

유교적 양반 사회는 여러 가지 모순을 안고 있었다.

첫째로, 성리학적 유교는 당시의 차별적인 신분 제도를 옳은 것으로 보고 있었다. 이러한 양반 중심의 사회에서는 신분의 차별, 직업의 귀천,
남녀의 구별 등이 있었으므로, 비록 재능과 슬기가 있다 하더라도 그것을 자유로이 펼 수가 없었다. 태어날 때 속한 신분에 따라 사회 활동이
제한되고, 생활에 차별이 주어지는 그러한 사회였다.

둘째로, 유교적 양반 사회에서는 관직에 종사해야만 국가로부터 경제적 혜택과 사회적 특권을 얻어 넉넉한 생활을 하며 행세할 수 있었다.
양반이라 하더라도 관직에 오르지 못한 사람이거나, 말단 행정이나 기술 관직을 맡은 중인은 궁색하게 살기도 했다. 더우기 백성의 대다수를
차지하는 상민과 천민은 무거운 의무를 지닌 채 어려운 생활을 해야 했다.

세째로, 관직의 수가 한정되어 있어서 일부 양반만 관직에 오를 수 있었다. 시대가 흐를수록 양반의 신분을 세습하는 사람이 많아지고 또 자주
시행되는 과거에 급제하는 사람이 많아짐에도 불구하고, 이들이 차지할 수 있는 관직은 한정되어 있었기 때문에, 관직에 오르지 못하는 양반이
늘어 갔다.

양반 사회가 안고 있는 이와 같은 결점으로 말미암아, 뒷날 정권과 관직을 둘러싼 대립이 생기지 않을 수 없었다.

농장

조선 초기부터 과거나 음서(문음)를 통하여 계속 관직을 독점하는 사람들이 생겨났다. 이들은 나라에 공을 세워 공신전, 별사전 등을 받아 넓은
농토를 세습해 가며 부귀를 누리던 훈구파였다.

이들은 개간이나 매입, 또는 권세를 이용하는 등의 여러 가지 방법으로 남의 땅을 차지하거나, 농민들의 기탁을 받아 자신의 농토를 넓혔다.

이와 같이 그들은 국가의 토지 제도를 어기고 사사로이 토지를 확대, 지배하였는데, 이러한 농토를 농장이라 한다. 이들은 농민과 노비를 시켜
농사를 짓게 하고 부를 누렸다. 이러한 현상은 차차 전국적으로 확대되어 후에 큰 문제를 자아내게 하였다.

경작도  
조선 시대의 민화. 농민이 모를 심고 있는 농촌의 풍경이다.

한편, 이들 훈구파와는 달리, 국초부터 지방에서 학문에 힘쓰며 제자를 키우던 학자도 있었다. 이들 지방에서 성리학을 공부하는 양반들이
늘어나게 되자, 이들을 사림파라고 부르게 되었다. 이들 사림파 학자들도 성종 때부터 중앙으로 진출하여 관직에 나서게 되자, 차차 훈구파와
대립하게 되었다.

성종 때부터 시작된 이들 신⋅구 관료 세력의 대립은 연산군 이후 네 차례에 걸친 사화로 폭발되었다. 사화는 신⋅구 관료 세력 사이에 벌어진
정권 싸움이었다. 이 싸움은 소수의 관료들 사이에 전개되었는데, 주로 신진 관료들이 화를 입었다.

사화와 당쟁

거듭되는 사화로 사림 출신 관료는 고난을 받았으나, 선조 때에는 중앙에서 자리를 굳히고 정권을 잡게 되었다. 정권을 잡은 후에는 이들 사림
정치가들 사이에서 정권 다툼이 벌어지니, 이 다툼을 흔히 당쟁이라고 한다.

지배층의 당쟁으로 그 때마다 옥사가 일어나 많은 사람들이 화를 입게 되고, 정권이 자주 바뀌면서 나라의 질서가 어지러워져서 정치와 사회는
혼란해지지 않을 수 없었다.

선조 때의 동⋅서 분당 이후 당쟁이 오랫동안 계속되었던 것은, 각 당파의 인물들이 지방에 뿌리박고 있는 지방 세력과 연결되고, 농장이라는
경제적 배경을 가지고 있었기 때문이었다.

이러한 당쟁은 당시의 양반 사회가 내포하고 있던 정치 제도와 사회 생활 및 경제 생활의 모순에서 빚어진 것으로, 국가와 사회에 미치는 영향이
컸다.

당쟁이 양반 사회의 분열로 그치지 않고 국가, 사회에까지 미치는 영향이 커지자, 이를 걱정하는 사람들이 나타났다. 특히 이이는, 잘못된
옛날의 것을 고쳐서 새로운 정치와 사회를 이루어야 한다고 주장하였다.

학습 정리

1\. 조선 사회는 유교적 예속과 도덕 생활을 지켜야 하는 유교 중심의 사회였다.

2\. 양반과 천민의 구분이 뚜렷해지면서 양반, 중인, 상민, 천민의 사회 신분이 생겨났다.

3\. 한정된 수의 벼슬 자리를 차지하고자 하는 양반들의 경쟁이 지나쳐 대립과 투쟁이 생겨나게 되었다.

 5. 외침의 극복

〔학습 개요〕

조선은 국초부터 일본에 대해서 평화로운 통상의 길을 열어 주었다. 그러나, 일본인들은 무역 활동에 따른 제한에 불평을 품고, 해안 지대에서
자주 소란을 피웠다. 일본은 장기간의 내란이 토요토미 히데요시에 의해 통일되자, 조선에 대한 무모한 침략전을 일으켰다. 7년간에 걸친 임진,
정유의 왜란으로 우리 나라는 큰 고난을 겪었다.

국난을 당하여 온 겨레는 침략에 대항하여 싸웠다. 각지에서 일어난 의병과 다시 편성된 관군, 그리고 수군의 용전으로 마침내 외침을
극복하였다.

그러나, 왜란의 상처가 미처 아물기도 전에 만주의 새 지배자로 등장한 여진족의 침략을 두 차례나 받았다. 남과 북으로부터의 외세의 침략으로
우리 나라는 크나큰 피해를 입었다. 뿐만 아니라, 그 상처는 오랫동안 우리 사회에 남았다.

학습 문제

1\. 임진왜란 전에 우리 나라와 일본의 관계는 어떠하였을까?

2\. 왜란이 일어난 원인은 무엇이며, 우리 겨레는 어떻게 이 국난을 극복하였을까?

3\. 왜란, 호란은 우리 나라와 주변의 국가에 어떠한 영향을 끼쳤을까?

임진왜란

국초에, 일본인이 무역을 할 수 있게 3포를 개항해 주었다. 그러나, 점차 이 곳에 일본인 거주자가 생겨나 폐단이 일어나게 되자, 이들의
무역 활동을 제한하는 계해약조를 맺었다. 이러한 제한에 불만을 품은 일본인들이 때로 3포에서 난을 일으켰고, 남해안을 노략질하는 일이 자주
있었다.

일본의 교역선  
일본의 교역선은 우리 나라에서 주로 곡식과 문화에 관련된 자료를 구해 갔다.

이러한 일본인들의 거듭되는 난동으로, 마침내 우리 나라는 일본과의 외교 관계를 끊어 버렸다.

일본은 15세기 중엽부터 오랫동안 내란에 시달리고 있었다. 100여 년 간의 내란을 통일하고 실권을 잡은 인물은 토요토미 히데요시였다.
그는, 자신에 대한 불평 세력의 관심을 국외로 쏠리게 하고, 아울러 자신의 침략적 야심을 펴기 위해, 명으로 가는 길을 빈다는 터무니없는
구실을 내세워 우리 나라를 쳐들어왔다(1592).

일본은 내란기를 겪으면서 단련된 무예와 새로 도입한 조총으로써 활과 창칼로 대항하는 우리 나라에 침략을 감행했다.

그간 거듭되는 당쟁으로 혼란하던 우리 나라는, 일찌기 왜국의 야심을 알아채고 국방을 튼튼히 해야 한다는 이이의 주장마저 물리치고 국방을
소홀히 해오다가, 불의의 국난을 겪게 되었다.

왜군의 침략을 맞아 부산과 동래에서 정발, 송상현 등이 힘껏 싸웠으나, 이를 물리치지 못했다. 충주의 방어선도 무너져 마침내 서울이 적군의
수중에 들어가고, 적의 선봉 부대는 평안도와 함경도에까지 이르렀다.

부산성 전투도  
임진왜란 때 부산 첨사였던 정발의 전투도이다. 변박 그림.

민족의 항전

위기에 처한 우리 겨레는 밀리면서도 굴하지 않고 줄기찬 항전을 벌였다.

침략군의 손길이 북쪽에까지 미쳤으나, 이순신이 이끄는 우리 수군은 거북선을 앞세워 옥포, 사천, 당항포, 한산도 앞바다 등 여러 곳에서 왜의
수군을 무찔러 침략하는 왜군과 일본과의 연락로를 차단하는 한편, 서해로 침범하려는 왜군의 야심을 꺾어 호남 지방의 군량과 국민을 확보하게
하였다.

이순신  

한편, 왜군이 점령하고 있던 후방 각지에서는 유생과 고승들이 나라의 위기를 구하고자 의병을 일으키니, 민중들도 이에 가담하여 무기를 들고
싸웠다.

의병은 국가의 위기를 보고만 있을 수 없어 스스로 목숨을 내걸고 싸운 의용군이었다. 이들은 각지에서 왜군을 기습하고 점령지를 교란하는 등
왜군에 큰 타격을 주었다.

의병 활동은 경상도에서 곽재우에 의해 시작되었다. 조헌은 승병장 영규와 700 의사를 거느리고, 밀려드는 왜적과 싸우다 금산에서 모두
전사했다. 이 밖에도 각지에서 의병 부대가 활약을 하였고, 승병들도 눈부신 활동을 하였다.

승병들의 활동(민족 기록화)  
서산대사가 이끄는 승병들이 평양성을 침입한 왜군을 격퇴하기 위해 평양성을 향해 진격하는 모습이다.

의병들의 활동(민족 기록화)  
의병장 조헌과 승장 영규가 700 의사와 함께 금산에서 왜군과 최후까지 싸우는 모습이다.

임진왜란 당시의 의병 궐기  

한편, 한때 흩어졌던 관군도 의병 부대와 연락을 취하면서 반격에 나섰다. 김시민은 진주성을 끝내 지켰고, 권율은 적군의 전라도 침략을
꺾었으며, 그 후 북상하여 행주에서 큰 승리를 거두었다.

행주대첩(민족기록화)  
권율 장군의 지휘 아래 부녀자들까지 싸움터에 뛰어들어 싸움으로써 큰 승리를 거두었다.

초기의 싸움과 달리, 명군의 원조와 우리 겨레의 다각적인 항쟁으로 전세가 날로 왜군에게 불리해지자, 이에 당황한 왜군은 명의 화의 제안을
빙자하여 남해안으로 밀려나게 되었다.

정유재란

3년을 두고 끌어오던 화의 교섭이 결렬되자, 왜군은 다시 북침을 재개하니, 이를 정유재란이라 한다.

그러나 이 때에는, 우리 관군과 의병도 준비를 갖추고 있었고, 또 명의 원병도 곳곳에 진주하고 있어서 왜군을 막을 수 있었다. 다만, 왜의
수군은 그들의 이간책으로 한때 이순신이 물러난 틈을 이용하여 우리 수군을 격파하여 기세를 올리기도 하였다. 그러나, 다시 이순신이 기용되어
뛰어난 작전으로 명량에서 왜의 수군을 격멸함으로써 본국과의 연락로를 위협하였다.

이에 왜군은, 토요토미 히데요시의 유언을 핑계삼아 달아나려 하였다. 이순신은 이를 노량에서 대파하고 전사하였다. 이로써 왜란은 끝을 맺게
되었다.

7년간에 걸친 국난을 극복할 수 있었던 것은, 이순신, 권율, 김시민 등 명장의 뛰어난 지휘력과, 거북선과 우수한 성능을 가진 화포,
곽재우, 고경명, 정문부 등의 명장들의 활약과, 의병이나 관군으로 싸운 무명의 군졸과 농민들의 불타는 애국심, 그리고 싸움터에 직접
뛰어들었던 부녀자들의 노고가 한데 어울린 온 국민의 총력전이 있었기 때문이다.

홍의 장군 기념비  
임진왜란 때 의병장인 곽재우를 기념하는 비이다. 경남 의령 소재.

왜란의 영향

왜란으로 우리 나라가 입은 인적, 경제적, 문화적 손실은 엄청났다. 일본으로 납치된 동포들 중에는 노예로 멀리 동남 아시아에까지 팔려 간
사람도 있었다.

농토는 황폐하여, 왜란 전 약 150만 결이나 되던 토지가 왜란 직후에는 약 50만 결로 줄어들었다.

이 전쟁을 통하여 우리 겨레는 민족 의식의 강화를 가져와 일본에 대한 민족적 감정이 오래도록 풀리지 않게 되었다. 한편, 이순신과 여러
의병장에 대한 국민의 존경심은 대단하여, 그들을 모시는 사당이 여러 곳에 세워지게 되었다.

무모한 전쟁을 일으켰던 일본도 많은 인명을 잃었고, 국민들도 큰 고통을 받게 되어, 토요토미 정권에 대한 불평이 폭발하여 토쿠가와 집안에서
정권을 잡게 되었다. 그러나, 이 전쟁에서 약탈된 우리 문물은 일본 문화 발전에 큰 혜택을 주었다.

즉, 납치한 조선 성리학자를 통해 성리학을 배웠고, 도자기 기능공을 통해 우리 나라의 발달된 도자기 공예 기술이 전해져 일본 도자기 공예에
새 역사가 열렸다. 또, 많은 서적과 금속 활자를 빼앗아가 많은 책을 만들어 내어, 일본 문화의 발전에 결정적인 영향을 주었다.

한편, 많은 군대를 동원하여 우리 나라를 도운 명은 그 부담이 커 국력이 쇠약해졌고, 불평 세력들의 반란이 국내 각지에서 일어났다. 이러한
때를 이용하여 만주의 여진족이 명의 지배에서 벗어나게 되었다.

이처럼 왜란은 동북 아시아의 역사에 커다란 변화를 가져왔다.

통신사

왜란으로 일본과의 국교가 단절되었다. 토쿠가와 이에야스는 토요토미 정권을 타도한 후, 에도(토오쿄오)에 막부를 설치하고 일본의 통치권을
장악한 다음, 우리 나라와의 국교 회복을 열망하였다. 그는 납치해 간 사람을 돌려 보내는 등 성의를 다하며 다시금 교린 정책을 취해 줄 것을
요청해 왔다.

송운대사가 일본인에게 써 준 시문  

우리 나라에서도 이웃 나라와 교린을 하고자 하는 국초부터의 원칙을 살려, 토쿠가와 정권과의 교린을 재개하였다.

그리하여, 교린 정책의 정신을 살려 기유약조를 맺고, 일본의 요청에 의해 통신사를 파견하고, 일본 배들이 부산항을 드나들며 교역할 수 있는
기회를 열어 주었다.

통신사는 약 500명으로 편성되었는데, 일본의 정중한 대접을 받으며 왕래하였다. 통신사의 왕래를 통하여 정치적 관계가 이루어지고 양국 간의
문화 교류도 활발하였다. 우리 나라 사신이 일본에 상륙하여 에도에 이르는 도중에 일본의 학자, 예술인 등이 찾아와 우리의 문물을 배우고자
노력하였다.

일본에서의 조선 통신사의 행렬  
18세기경에 일본에 갔던 조선 사신들이 일본인들의 호위를 받으며 위용을 자랑하는 행렬도이다.

일본과의 무역도 행해졌다. 우리 나라에서 해마다 많은 면포가 일본으로 나가고, 일본에서는 구리가 들어왔다. 담배, 고추, 토마토, 고구마
등도 이 무역을 통해 우리 나라에 전해졌다.

병자호란

왜란으로 명의 세력이 쇠약해지자, 만주 각지에 흩어져 살던 여진족이 명의 통치에서 벗어나게 되었다. 누루하치는 여진족을 통일하고, 광해군
때에 후금을 건국하였다(1616).

조선은 국초부터 만주와 한반도 북부에 살던 여진족에 교린 정책을 써 왔으나, 후금의 건국을 전후해서는 북방의 새로운 세력에 대해 새 정책을
펴야 했다.

광해군은 도성 주변의 산성을 손질하고 국방을 강화하였다. 한편, 명이 후금을 치고자 조선에 협력을 요청해 왔을 때, 조선은 군대를
출동시키기는 하였으나, 전투에는 적극성을 띠지 않는 중립적 작전을 폈다.

인조 반정으로 광해군이 물러나고 인조가 즉위하게 되었다. 이 때, 이괄의 난 등이 일어나 사회가 혼란해지자, 기회를 노리고 있던 후금은 우리
나라를 침략하였다.

왜란이 끝난 지 30년 만에 조선은 다시금 전란을 겪게 되었다. 후금의 침략을 받아 정충신의 항전과 정봉수, 이입 등의 의병 활동이 있었다.
그러나, 황주까지 침략하였던 후금군은 우리 나라와 강화를 맺고 만주로 물러났는데, 이 전쟁을 정묘호란이라 한다(1627).

정묘호란 후, 내몽고 지배에 성공한 후금은 나라 이름을 청으로 고치고, 우리 나라에 대해 군신의 예를 요구하며 다시 침략해 왔다. 청군의
침략을 받은 우리 나라는 남한산성에서 45일간에 걸친 항거전을 폈으나, 결국 청과 강화를 하고 국교를 맺게 되었다. 이 전쟁을 병자호란이라
한다(1636).

북벌론과 나선 정벌

두 차례의 침략을 받았던 우리 겨레의 반청 정신은 매우 높았다. 청에게서 당한 부끄러움을 씻기 위해 임경업과 같은 장군은 꾸준한 반청 군사
작전을 폈고, 효종 때에는 송시열, 이완 등이 북벌론을 펴기도 했다.

그러나, 청은 만주와 중국 본토를 지배하는 강국이 되었기 때문에 청에 대한 사대적 관계는 피할 수 없게 되었다. 그리하여, 청과 국경
호시장을 열고, 사신을 청에 자주 파견하여 정치적 관계를 두터이하며, 경제, 문화 교류에 힘썼다.

1650년에는 만주 북부 흑룡강 부근에, 꾸준히 동방 침략을 꾀하던 러시아 세력이 나타났다. 이 때, 청의 요청으로 우리 나라는 두 차례에
걸쳐 조총 부대를 출동시켰는데, 이것을 나선 정벌이라 한다.

나선 정벌  

사회 변화의 움직임

임진왜란과 병자호란은 우리 민족이 겪은 시련 중에서도 큰 것이었으나, 우리는 이 시련을 잘 이겨 낼 수 있었다. 전쟁이 끝난 후에는 그
피해를 복구하여 백성의 생활을 안정시키고, 종래에 소홀한 감이 있었던 국방을 튼튼히 해야 할 일이 남아 있었다.

그리하여, 정부에서는 여러 가지 개혁을 추진하게 되었다. 또, 학자들 중에는 학문의 연구가 국민의 생활에 도움이 되는 것이어야 한다는 의견을
가지고 연구하는 사람도 나왔다. 이에 따라 국민 생활에도 많은 변화가 일어나게 되었다.

이러한 정치적 개혁과 학문 연구의 새 움직임은 조선 사회가 전반적으로 커다란 변화를 하게 된다는 것을 뜻하는 것이다.

학습 정리

1\. 조선은 국제 평화를 유지하고 국가 실리를 얻기 위해 교린 정책과 사대 외교를 폈다.

2\. 양반 사회의 분열과 대립으로 인한 정치적 혼란은 외세에 침략의 기회를 주게 되어, 외침을 당하게 되었다.

3\. 왜란이 일어나자 각지에서 봉기한 의병, 이순신이 이끈 수군, 재편된 관군의 전투 등 온 국민이 벌인 구국 항쟁으로 마침내 이를
극복했다.

4\. 왜란에 뒤이은 호란으로 북방 민족에 대한 경계심은 오래도록 남아 있었으나, 청이 중국 대륙을 지배하게 되자, 한말까지 국교가
유지되었다.

 [판권]

연구진

이현종 | 국사 편찬 위원회 | 강우철 | 이화 여자 대학교  
---|---|---|---  
고병익 | 한림 대학 | 김흥수 | 국사 편찬 위원회  
김두원 | 국사 편찬 위원회 | 박성수 | 국사 편찬 위원회  
김원룡 | 서울 대학교 | 박용운 | 고려 대학교  
김정배 | 고려 대학교 | 유영익 | 고려 대학교  
김철준 | 서울 대학교 | 윤종영 | 문교부  
민석홍 | 서울 대학교 | 이재룡 | 숭전 대학교  
변태섭 | 서울 대학교 | 최문형 | 한양 대학교  
손보기 | 연세 대학교 | 최완기 | 서울 시립 대학  
유원동 | 숙명 여자 대학교 |  |   
이광린 | 서강 대학교 |  |   
전해종 | 서강 대학교 |  |   
천관우 | 민족 통일 중앙 협의회 |   
최정호 | 연세 대학교 |  |   
  
집필진

신형식(고대⋅고려편) | 이화 여자 대학교  
---|---  
이원순(조선편) | 서울 대학교  
이현종(근대편) | 국사 편찬 위원회  
박영석(근대⋅현대편) | 건국 대학교  
  
중학교 국사(상)  
1982년 3월 1일 초판 발행  
1983년 2월 15일 인 쇄  
1983년 3월 1일 발 행 값 원  
저자권자 문교부  
편찬자 국사 편찬 위원회  
1종 도서 연구 개발 위원회  
발행인 국정 교과서 주식 회사  
업무대행 서울 특별시 종로구 효제동 117-1 대한 교과서 주식 회사  
인쇄인 대한 교과서 주식 회사"
ta_m62,중학교 국사 6차(하),Democratic,Early Democratic,Middle School,1995,"중학교 국사 6차(하)

6차 교육과정  
  
   머리말
   Ⅰ. 실학의 발달
   Ⅱ. 농촌 사회의 동요
   Ⅲ. 서민 문화의 발달
   Ⅳ. 근대화의 추구
   Ⅴ. 근대 국가 운동
   Ⅵ. 민족의 독립 운동
   Ⅶ. 대한 민국의 발전
   참고 자료 및 인용 문헌
   [판권]

 머리말

우리의 역사는 우리 민족이 걸어온 발자취로서의 역사적 사실이며, 그에 대한 기록이다.  
  
사실로서의 역사는 역사가에 의하여 발견되고, 그 의미가 새롭게 밝혀지며, 역사책으로 기술되어 그것을 읽는 사람들의 마음을 움직이게 한다.
그러기에 과거의 역사와 오늘의 우리 사이에는 역사가와 역사책, 그리고 역사 교사가 있어 우리의 역사 공부를 안내하게 된다.

기록으로서의 역사는 오늘의 삶을 비춰 주는 거울이고, 내일을 내다볼 수 있는 창이기도 하다. 따라서, 역사 서술은 과거가 어둡다고 숨기거나
없는 것을 있다고 과장해서는 안 된다. 역사 서술은 치우침이 없고 엄격하여야 한다.

우리는 그러한 역사를 공부함으로써 우리 자신과 오늘의 현실을 객관적으로 바라보고 비판할 수 있는 힘을 기르게 된다. 이 때문에 역사를 배우는
중요한 까닭은 스스로 깨닫게 하는 데 있다고 한다.

역사는, 단순한 과거가 아니라 살아 있는 과거이어야 한다는 말도 있다. 이는, 역사는 단순히 과거의 사실을 알려주는 것만이 아니고,
역사로부터 교훈을 얻고, 오늘의 문제를 해결할 수 있는 지혜로 활용되어야 한다는 말이다. 역사에 대한 이러한 기대는 곧 우리가 역사를 왜
배워야 하는가의 필요성을 지적한 말이기도 하다.

이제 우리는, 우리 역사로부터 무엇을, 어떻게 배워야 하는가를 생각해 보아야 할 것이다.

첫째, 우리는 우리 역사의 기본 지식을 이해해야 한다. 그 기본 지식이란, 중요한 역사적 사실과 그 사실에 관련되어 있는 역사의 의미를
말한다. 이러한 역사의 기본 지식은 암기하기보다는 이해하는 일이 중요하다.

둘째, 우리는 역사적으로 생각하는 능력을 길러야 한다. 하나의 역사적 사건이 일어나게 된 원인을 생각해 보고, 시대를 달리하는 다른 사건과
비교해 보면서, 공통점이나 차이점을 살펴보는 가운데 역사적으로 생각하는 힘을 기르는 일이 무엇보다도 중요하다.

셋째, 우리는 스스로가 역사 발전에 이바지할 수 있는 태도를 길러야 한다. 먼저 오늘의 우리는 과거의 조상과 미래의 후손들과 더불어 우리의
역사를 만들어 가는 책임을 나누고 있다는 점을 자각해야 할 것이다.

우리는 이러한 자각을 바탕으로 우리의 역사를 사랑할 뿐 아니라, 오늘의 역사적 과제인 조국 통일과 민족의 번영을 이루는 데 우리 자신이
이바지해야 할 것이다. 그리고 세계 속의 한국을 건설하는 새 역사 창조의 일꾼이 되어야 할 것이다.

 Ⅰ. 실학의 발달

   1\. 제도의 개혁
   2\. 산업의 발달
   3\. 실학 사상의 발달

수원성(경기 수원)  

실학의 발달

16세기 중엽 이래로 양반 중심의 지배 체제가 동요하기 시작하더니, 왜란과 호란의 시련을 겪은 뒤로 그 현상은 한층 더 심해 갔다. 이에,
조선 후기에 이르러 위정자들은 사회를 안정시키기 위하여 여러 가지 개혁을 추진하였다. 그러나 이러한 개혁이 근본적인 것이 되지는 못하여
백성들의 생활은 여전히 어려웠다.

그리하여 백성들은 스스로 살 길을 찾아 여러 가지로 노력하였다. 이에 따라 농업 기술이 발달하고, 상공업 활동도 활발해졌다. 이러한 사회
분위기 속에서, 지식인들 사이에서는 사회 모순을 바로 보고 해결하려는 실학 운동이 일어났다.

이와 같은 조선 후기 사회의 변화는 사회 내부의 자체적인 역량에 의한 것으로, 근대 사회를 지향하는 것이었다.

17, 18세기의 세계

 1. 제도의 개혁

학습 개요

왜란과 호란을 겪으면서 양반 사회가 안고 있던 폐단이 크게 드러나자, 위정자들은 이를 시정하기 위해 여러 가지 개혁을 실시하였다.

우선 농민의 부담을 덜어 주기 위하여 전세를 가볍게 하고, 공납과 군역 제도를 고쳤다. 또, 국난을 극복하는 과정에서 비변사의 기능을
강화하였으며, 훈련도감을 비롯한 5군영을 설치하여 국방력의 강화에 노력하였다.

이어서, 영조와 정조 때에는 붕당 정치의 폐단을 바로잡기 위하여 탕평책을 실시하였다. 이러한 개혁 정치로 영조와 정조 때에는 어느 정도
사회가 안정되고 경제가 발전하였으며, 문물 제도가 새롭게 정비되었다.

학습 문제

1\. 조선 후기에 군사 제도는 어떻게 개편되었는가?

2\. 정부가 영정법, 대동법, 균역법을 실시한 목적은 무엇인가?

3\. 탕평책이 실시될 당시의 정치 상황은 어떠하였는가?

비변사

16세기 중엽 이래로 계속되어 온 지배 체제의 동요는 왜란과 호란을 겪으면서 한층 더 심해 갔다. 이에, 정부는 정치, 군사, 경제 등 여러
면에서 개혁을 추진하여 지배 체제를 계속 유지하려 하였다. 비변사의 기능을 강화한 것도 그러한 노력의 하나였다.

비변사는 본래 비상시의 군사 행정을 맡기 위하여 군사 문제에 밝은 관리들로 구성된 임시 기구였다. 그러던 것이, 왜란과 호란을 겪으면서 그
기능이 점차 강화되어, 조선 후기에는 일반 행정까지 맡아 보는 국가의 최고 기관이 되었다. 비변사의 기능이 커짐으로써, 종래 행정의 최고
기관이던 의정부의 기능이 약화되었고, 왕권도 약화되는 결과를 가져왔다.

5군영

군역 의무를 진 장정이 직접 군대에 입대하여 근무하는 것을 바탕으로 운영되던 5위제는 16세기에 들어와 유명무실하게 되었다. 군역 의무자가
다른 사람을 대신 군대에 내보내는 일이 많아지자, 정부는 군역 의무자에게 군대에 나가는 대신 군포를 내도록 하였다. 이로 말미암아 군대가
허약해졌다. 왜란과 호란을 겪으면서 정부는 국방력 강화의 필요성을 절감하였다. 이에 5위의 군제를 개편하여 훈련도감을 비롯한 5군영을
설치하고, 급료를 받고 근무하는 군인을 위주로 하는 군제를 마련하였다.

훈련도감은 왜란 중에 설치된 군영으로서, 포수, 살수, 사수의 삼수병을 훈련시켰다. 삼수병은 급료를 받고 근무하였다. 그 후, 어영청,
총융청, 수어청, 금위영이 설치됨으로써 5군영 체제가 갖추어졌다. 5군영은 군역 의무를 진 사람이 현역으로 근무하는 경우도 있었으나, 급료를
받고 근무하는 군인이 중심을 이루었다.

남한산성 수어장대(경기 광주)  

한편, 지방군은 왜란 중에 속오군 체제를 갖추었다. 속오군은 양반으로부터 노비에 이르기까지 여러 신분층의 사람들로 편성된 군대였다. 속오군은
농한기에 훈련을 받고 평상시에는 농사를 지으면서 향촌을 지키며, 유사시에는 전투에 참가하도록 조직되었다. 이리하여 조선 후기에는 훈련도감을
비롯한 중앙의 5군영과 지방의 속오군이 군대의 중심을 이루었다.

영정법

장기간에 걸친 전쟁으로 국토가 황폐해져, 경작지의 면적이 왜란 전에 비하여 크게 줄어들었다. 더욱이 국가 기강이 문란해진 틈을 타서 일부
관리들이 부정을 저질러 국가 수입은 크게 줄어들었고, 농민의 생활은 더욱 어려워졌다.

이에, 정부는 새로 농토를 개간하고, 버려졌던 농토에 다시 농사를 짓게 하여 경작지를 넓혀 갔다. 그리고 토지를 측량하고, 토지 대장을 새로
만들어 농경지의 파악에 힘썼다. 정부는 또 농민의 세 부담을 덜어 주고 묵은 땅의 개간을 장려하기 위하여 영정법을 실시하였다. 영정법의
실시로 전세는 1결당 쌀 4말로 고정되었다.

그러나 국가의 전세 수입은 경작지가 늘어난 만큼 늘어나지는 않았다. 그것은 전세가 면제된 궁방전, 관둔전 등이 늘어났으며, 토지 대장에서
빠지는 농토가 많아져 갔기 때문이다.

대동법

정부는 농민에게 부담이 컸던 공납제의 폐단을 개혁하여 대동법을 실시하였다. 공납제는 각 지역의 토산물을 현물로 바치도록 되어 있었으나,
실제로는 그 지역에서 나지 않는 물품을 공물로 부과하는 경우가 많았다. 또, 거두어들이는 데에 어려움이 있었을 뿐 아니라, 관리들의 부정이
끼여들기 쉬워 방납이 성행하는 등 많은 폐단이 있었다.

대동법은 왜란 직후, 이원익 등의 주장에 따라 경기도에 시험적으로 실시되다가, 그 후 점차 확대되어 18세기 초에는 평안도, 함경도를 제외한
전국에 실시되었다. 대동법은 토산물로 바치던 공납을 농토의 면적에 따라 쌀이나 베 또는 돈으로 내게 하는 제도였다.

대동세의 징수와 운송  

정부는 받아들인 쌀, 베, 돈을 공인에게 주어 필요한 물자를 사들여 썼다. 이에 따라 상업 활동이 활발해지고, 재산을 많이 모은 사람들이
나타났다. 또, 공인들이 필요한 물품을 수공업자에게 주문함으로써 수공업도 활기를 띠게 되었다.

대동법의 실시로 국가의 수입이 늘어나고, 농민의 생활도 어느 정도 안정되어 갔다. 그러나 이 법을 실시한 후에도 일부 공물은 여전히 현물로
징수되었으며, 또 이 법을 운영하는 과정에서 관리들의 부정이 늘어나, 대동법을 실시한지 얼마 되지 않아 농민들의 부담은 이전과 별 차이가
없게 되었다.

균역법

군역 의무자의 대부분은 농민들이었다. 농민들은 장정이 되면 군역의 의무를 져 군대에 나가거나 보인(봉족)이 되어 군역의 의무를 대신하였다.
그러던 것이 16세기 이후에는 직접 군대에 나가지 않는 대신에 군포를 바치는 것으로 바뀌었다. 군포는 대체로 장정 한 사람당 1년에
2필씩이었다.

군역 의무가 군포의 납부로 바뀌고 난 후, 군포를 여러 관청에서 제각기 받아들였으므로 한 사람의 장정이 이중, 삼중으로 부담하는 일이
많았다. 여기에 더하여 군포를 받아들이는 과정에서 실무를 담당한 관리들의 부정으로, 군포를 내지 않는 사람들도 생겨났다. 이에 따라, 다른
사람의 몫까지 떠맡아야 하는 현상도 벌어졌다.

이렇게 군포 수납을 둘러싸고 폐단이 날로 심해지자, 농민들은 군역을 지지 않으려고 도망가거나 신분을 속이기도 하였다. 이에, 농민에게
괴로움을 주어 왔던 군포제를 개혁해야 한다는 논의가 숙종 때부터 거세게 일어나 영조 때에 이르러 균역법을 실시하였다. 이로써 농민 장정들은
1년에 1필의 군포만을 부담하게 되었고 군포를 내지 않던 사람들 중의 일부도 군포를 내게 되었다.

균역법의 실시로 줄어든 군포 수입을 보충하기 위하여, 정부에서는 농토 1결마다 쌀 2말씩을 결작이라는 이름으로 거두어들였다. 그리고 종래
왕실 등에서 받아 오던 어장세, 염세, 선박세를 국가에서 받아들였다.

균역법의 실시로 농민들의 부담은 어느 정도 가벼워졌다. 그러나 관리들의 부정이 그치지 않고 그 폐단이 다시 심해져, 19세기에 이르러서는
전국적인 농민의 저항을 불러일으켰다.

균역청사목  

탕평책

16세기 중반 이후에는 정치가들이 학문적 성향과 정치 이념에 따라 붕당을 이루고, 여론을 앞세워 국정을 담당하는 붕당 정치가 행해지고
있었다. 그러던 것이 17세기 말에 이르러 붕당 사이의 세력 균형이 깨어지면서 붕당 정치가 제대로 행해지지 못하고 하나의 붕당이 정권을
독점하게 되었으며, 그러한 붕당이 급격히 바뀌는 일이 거듭되었다.

이에 따라, 붕당 사이에 점차 정치적 대립이 심해지면서 정치 기강이 문란해지고 왕권이 약화되었다. 이처럼 붕당 사이의 대립이 심해져 왕권까지
위협받는 지경에 이르자, 영조는 각 붕당을 고루 등용하는 탕평책을 실시하여 왕권을 강화하려 하였다.

탕평비(서울 성균관 대학교)  

영조는 또 지나친 형벌이나 악형을 금지시키고, 신문고 제도를 부활시켜 백성들이 억울한 일을 당하지 않도록 하였다. 그리고 속대전,
동국문헌비고 등을 편찬하여 문물 제도를 정비하였다.

영조의 뒤를 이은 정조도 계속 탕평책을 실시하였다.

정조는 규장각을 두어 국왕 직속의 학술 및 정책 연구 기관으로 육성하였으며, 편찬 사업에도 힘을 기울여 대전통편, 규장전운, 탁지지 등을
편찬하였다.

또, 농업을 발달시키고, 상업 활동을 보다 자유롭게 할 수 있도록 하는 등 사회 전반에 걸쳐서 많은 노력을 기울였다.

이와 같은 영조와 정조의 노력으로 정치와 사회가 어느 정도 안정되었다.

도움글

 이익의 붕당론

〈곽우록에서〉

붕당은 싸움에서 생기고, 싸움은 이해 관계에서 생긴다. 이해 관계가 절실하면 붕당이 깊어지고, 이해 관계가 오래 될수록 붕당이 견고해지는
것은 당연한 형세이다. 그렇게 되는 이유는 무엇인가? 지금, 열 사람이 함께 굶주리고 있는데, 한 그릇의 밥을 같이 먹게 되면 그 밥을 다
먹기도 전에 싸움이 일어날 것이다. …… 조정의 붕당도 어찌 이와 다를 것이 있겠는가? 대개 과거 제도가 번잡하여 인재를 너무 많이 뽑으며,
애증에 치우쳐서 진퇴가 일정하지 못하였기 때문이다. …… 이 밖에도 벼슬길이 분분하게 많으니, 이것이 이른바 관직은 적은데 과거에 응시한
사람은 많아서 모두 조처할 수 없다는 것이다. …… 당파가 생긴 뒤로는 아무리 총명하여도 제대로 판단하기 어렵다. 중립을 지켜 시비를 가리는
자를 용렬하다고 하고, 붕당을 위해 죽어도 굽히지 않는 자를 절개가 뛰어나다고 한다. 또, 영예와 치욕이 갑자기 뒤바뀌니, 사람들이 어찌
붕당을 만들어 싸우지 않겠는가?

 영조의 탕평책

조선 후기에 붕당 간의 심한 대립을 막고 균형을 유지하기 위하여 여러 가지 정책을 실시하였는데, 이를 탕평책이라 한다. 탕평이란, 국왕의
정치가 어느 한쪽에 치우침이 없이 지극히 공평한 지경에 이른 것을 의미하는 말이다.

이 용어가 처음으로 정치 무대에 등장한 것은 숙종 때 박세채에 의해서였다. 그는 당시에 격렬해지는 노론과 소론 간의 대립을 조정하기 위해서
파당을 타파할 것을 주장하였다. 그러나 그가 곧 병사함으로써 뜻을 이루지 못하였다. 그 뒤에도 여러 차례 탕평 문제가 제기되었으나, 그것을
실천할 수 있는 정치적인 기반이 조성되지 못하여 탕평론으로만 그치고 말았다.

이러한 탕평이 다시 강조되고 하나의 역사적인 용어로 확립된 것은 영조 때에 와서였다. 영조는 이미 왕세제 시절에 붕당 간의 정쟁의 폐해를
직접 경험하였기 때문에 즉위하자마자 곧 이의 조정에 힘썼다.

영조는 먼저 붕당을 만드는 자는 종신토록 국정에 참여시키지 않겠다는 강한 의지를 표명하였고, 이어서 노론의 장기 집권에서 오는 폐단을 막고자
노론의 강경파를 몰아내고 소론을 등용하였다. 또, 영조는 각 파의 온건론자들을 등용하여 탕평책을 펼쳐 나갔다. 이러한 가운데 어느 정도 탕평
정국을 이루어 정계에서 밀려난 남인 등의 인물도 등용되었으며, 당파에 관계 없이 능력에 따른 인재 등용도 가능하게 되었다.

그리고 영조는 자신의 탕평책을 알리기 위해 유학의 본산이며 관학의 최고 학부인 성균관에 “신의가 있고 아첨하지 않는 것은 군자의 마음이요,
아첨하고 신의가 없는 것은 소인의 사사로운 마음이다.”라고 친히 쓴 탕평비를 세우기도 하였다.

학습 정리

1\. 조선 후기에는 훈련도감을 비롯한 중앙의 5군영과 지방의 속오군이 군대의 중심을 이루었다.

2\. 왜란 이후, 정부는 농민 생활의 어려움을 덜어 주고 국가 수입을 늘리기 위하여 영정법, 대동법, 균역법을 실시하였다.

3\. 17세기 말엽 붕당 사이의 세력 균형이 깨어지면서 하나의 붕당이 정권을 독점하여 왕권이 약화되자 영조와 정조는 탕평책을 실시하였다.

 2. 산업의 발달

학습 개요

17세기 후반 이후 농업 생산력이 크게 증가하여 농민 가운데에는 넉넉한 생활을 하는 사람이 늘어 갔으며, 이에 따라서 농민들의 일부는 그
지위가 향상되었다.

농업과 함께 상업과 수공업도 크게 발달하였다. 도시에서는 난전을 중심으로 자유 상인의 활동이 활발하였고, 농촌에서는 장시를 중심으로 교역이
번창하였으며, 국경 지방에서는 무역이 성행하였다. 경제 활동이 활발해짐에 따라 화폐가 전국적으로 유통되었고, 여러 가지 경제 조직도
생겨났다.

이와 같은 산업의 발달로 상공업의 중심지에는 인구가 증가하여 도시가 발달하였다.

학습 문제

1\. 조선 후기의 농업은 어떻게 발달하였는가?

2\. 조선 후기의 상공업 활동은 전기에 비하여 어떻게 달라졌는가?

3\. 조선 후기의 국제 무역은 어떻게 이루어졌으며, 주로 어느 지역의 상인들이 이에 종사하였는가?

모내기법

17세기 후반 이후 농민들은 수리 시설을 늘리고 묵은 땅을 다시 일구어 농토를 넓히는 한편, 농업 기술을 발달시켰다. 농업 기술의 발달에서
가장 두드러진 것은 모내기법의 보급이었다.

모내기법은 볍씨를 바로 논에 뿌릴 때보다 김매기의 노력이 적게 들고 소출도 많았다. 또, 모내기를 할 때까지 논을 이용할 수 있어 벼와
보리의 이모작을 할 수 있게 되었다.

모내기  

농업 기술의 발달은 밭농사에서도 일어났다. 농민들은 밭이랑을 높이 만들고 고랑에 씨앗을 뿌렸다. 이렇게 하면 추운 겨울과 가뭄이 잦은 봄에
자라는 곡식이 추위와 가뭄을 덜 타게 되어, 북쪽 지방에서도 겨울 작물을 재배할 수 있었다.

이 밖에 거름 주는 방법도 개선하였고, 낫, 호미, 쟁기 등의 농기구도 개량하였다. 농업 기술의 발달로 농지를 이용하는 방식도 바뀌어
이어짓기나 2년 3작 등의 돌려짓기가 가능하게 되었다.

일부 농민들은 시장에 내다 팔 수 있는 상품 작물을 재배하였다. 상품 작물로는 인삼, 담배, 약재 등의 특용 작물을 비롯하여, 목화, 삼,
모시 등의 의류 작물이 주로 재배되었다. 또, 감자나 고구마 등도 재배되어 모자라는 식량에 도움이 되었다.

농업 생산이 크게 늘어남에 따라, 농민들 중에는 넓은 농토를 경작하는 부농이 나타났으나, 한편에서는 농토를 잃은 가난한 농민이 많아졌다.
농토를 잃은 농민들은 대부분 머슴살이를 하거나, 농촌을 떠나 상인, 수공업자나 포구와 광산의 노동자가 되기도 하였다.

수공업

17세기 후반 이후 수공업이 크게 발달하였다. 조선 전기에는 수공업 기술자들이 국가의 통제를 받으면서 국가에서 필요로 하는 수공업품을 만들어
바쳤다. 그러나 조선 후기에 이르러 수공업품을 찾는 사람이 늘어나자, 수공업 기술자들은 나라에 강제로 징발되는 것을 피하면서, 점차 팔기
위한 제품을 만들었다.

이에 따라 관영 수공업은 쇠퇴하고 민영 수공업이 발달하였다. 수공업자들은 마침내 자유로운 생산 활동을 하게 되었고, 전문적으로 상품을
생산하기에 이르렀다.

수공업품이 잘 팔리자, 농민 가운데서도 수공업을 하는 사람이 많아졌다. 일부 농민은 자기 집에서 쓰기 위해 만들던 것을 이제는 시장에 내다
팔기 위해 제품을 만들기 시작하였다.

대동법이 실시된 후, 국가에서 필요한 물자를 공인들을 통하여 사들이게 되자, 공인들의 상업 활동이 활발해지면서 수공업 활동은 더욱 활기를
띠었다. 주요 생산품으로는 유기, 나전 칠기, 도자기, 종이, 죽세공품과 농기구 등이 있었다. 수공업품 중의 일부는 특정 지역의 특산품이
되어 전국적으로 알려질 정도였다.

조선 후기의 특산물  

공인과 자유 상인

조선 후기에는 상업 활동도 활발히 전개되었다. 조선 전기에는 시전 상인이 국가의 보호 아래 상업 활동을 하는 정도였고, 그 밖의 상인들의
활동은 부진하였다. 그러던 것이 대동법을 실시하면서 국가가 공인을 통해 필요한 물자를 사들이게 되자 상업 활동이 활발해졌다.

공인은, 국가로부터 대가를 받고 국가가 필요로 하는 물자를 전국 각지에서 사들여 관청에 납품하는 상인이었다. 이들은 여러 가지 유리한
조건으로 상업 활동을 펴 많은 이득을 보았다. 조선 후기의 상업과 수공업은 이들의 활동으로 크게 발달하였다.

공인의 활동이 활발해지면서 자유 상인들이 점차 상업 활동에 참가하기 시작하였다. 자유 상인은 난전을 중심으로 활동하면서 시전 상인과 자주
대립하였다. 이 때문에 시전 상인들의 불만이 커지자, 국가는 시전 상인들에게 자유 상인을 단속할 수 있는 금난전권을 주었다.

금난전권은 자유로운 상업 활동을 막는 것이어서 이번에는 자유 상인들이 이의 폐지를 요구하기에 이르렀다. 이에, 정조 때에는 육의전을 제외한
모든 시전 상인들의 금난전권을 폐지하였다. 이로써 자유 상인들은 보다 자유롭게 상업 활동을 할 수 있게 되었다.

이리하여 상업이 더욱 발달하여 한양, 평양, 개성, 대구 등 도시 지역에서는 상설 시장이 서고, 농촌에서는 장시가 발달하였다.

칠패(남대문 밖) 시장도  

장시는 15세기 후반부터 발생하기 시작하여 18세기 중엽에는 전국적으로 1천여 개로 늘어났다. 교통이 편리한 곳에 위치한 장시는 상업의
중심지가 되었다. 충청도의 강경장, 경상도의 마산포장, 함경도의 원산장 등이 이러한 장시였다.

전국 곳곳에 장시가 생기고 상업 활동 지역이 넓어지자, 전국을 무대로 활동하는 대상인이 나타났다. 이들 중에는 공인이나 시전 상인보다 훨씬
큰 자본을 가진 사람들이 적지 않았다. 한편, 지방 장시에는 보부상들이 돌면서 활발한 상업 활동을 폈다. 이들은 조선 초기부터 소규모로 일용
잡화를 가지고 각지로 행상하던 상인이었다.

보부상  

개시 무역

조선 전기에는 외국과의 무역이 활발하지 못하였다. 그러나 17세기 이후에 들어와 상업이 발달하고, 청 및 일본과의 교류가 잦아지면서 자연히
무역 활동도 활발해졌다. 청과는 개시 무역이 시작되었고, 이어서 사신이 왕래하는 기회에 상인들에 의하여 후시 무역이 이루어졌다. 일본과는
왜관 개시를 통한 무역이 이루어졌다.

청과의 무역은 개성, 평양, 의주의 상인들이 주로 하였고, 일본과의 무역은 동래의 상인들이 주로 하였다. 이리하여 국제 무역을 통하여 거부로
성장하는 자유 상인들도 많이 나타났다. 이 중에서도 송상이라고 불리는 개성 상인들의 활동이 특히 두드러졌다.

조선 후기의 상업 활동과 무역  

상평통보

17세기 이전에는 상품 거래에서 주로 쌀이나 베를 화폐 대신 사용하고 있었다. 그러나 상업이 발달함에 따라, 이를 대신할 새로운 화폐가
필요하게 되었다. 이러한 필요에서 동전이 조선 후기에 널리 사용되기에 이르렀다. 조선 후기에 널리 유통된 동전은 상평통보였다. 상평통보는
17세기 말 이후로는 전국적으로 사용되었다. 이와 같이 동전이 널리 쓰이자, 상품의 매매에는 물론이고 품삯, 세금, 소작료까지 동전으로
내기도 하였다.

상평통보  

도시의 발달

조선 후기에는 도시의 모습도 변화하여 갔다. 조선 전기에는 한양을 비롯하여 전주나 평양 등 감영 소재지가 행정의 중심지로 중요 도시를 이루고
있었다. 또, 의주, 동래 등 국경 도시나 군사 요지가 큰 도시로 발돋움하였다.

그러나 조선 후기에는 이들 도시와 더불어 새로운 상업 도시가 발달하였다. 생산 활동이 활발해지고 상품 화폐 경제가 발달함에 따라 농촌 인구가
증가하는 한편, 일부 농촌 인구가 지방의 상업 도시나 교통 요지로 모여들었다. 그리하여 강경, 원산, 대구 등이 상업 도시로 발달하였다.

조선 후기에는 농촌의 인구와 도시의 인구가 다 같이 뚜렷한 증가를 보였다. 당시의 인구 조사는 오늘날과 같이 철저하지 못하였기 때문에 정확한
것은 아니나, 19세기 초의 전국 인구는 750여만 명이었다고 한다.

도움글

 개시와 후시

조선 시대에 중국과의 무역은 양국 간의 합의에 의해 국경 지역에서 공적으로 이루어지는 개시(開市) 무역과, 이를 이용하여 상인들 사이에
사사로이 이루어지는 후시(後市) 무역이 있었다. 이에는 중강 개시와 후시, 책문 후시, 그리고 회령 개시와 경원 개시 등이 있었다.

중강 개시는 임진왜란 중에 요동 지방에서 군량과 말을 구하기 위해 조선측이 명나라에 요청하여 개설되었는데, 전란이 끝난 후 폐지되었다. 이
중강 개시는 인조 24년 청나라의 경제적 필요에 의해 다시 개설되었고, 매년 3월 15일과 9월 15일 두 차례씩 개시일을 정하고, 쌍방의
감시하에 무역을 하였으며, 사무역은 엄격히 금지되었다. 그러나 금령이 점차 해이해짐에 따라 자유 상인의 활동이 커져, 후시 무역이 성황을
이루었다.

17세기 중엽부터는 사신의 왕래를 계기로, 압록강 건너 봉황성의 책문에서 후시가 열렸다. 사신들이 책문을 출입할 때, 역관들과 결탁한 의주와
개성의 상인들이 은, 인삼을 가지고 사신의 행렬을 따라가 청국 상인들과 교역을 하였다. 책문 후시 무역은 매년 4~5차에 이르렀고, 한
차례의 교역에서 거래되는 은의 양만도 10만 냥에 달하였다고 한다.

학습 정리

1\. 조선 후기에는 모내기법 등 농업 기술이 보급되어 농업 생산이 늘고, 상품 작물도 널리 재배되었다.

2\. 조선 후기에는 관영 수공업이 쇠퇴하고 민영 수공업이 발달하였고, 공인과 자유 상인의 활동이 활발해졌으며, 화폐가 널리 유통되었다.

3\. 조선 후기에는 청, 일본과의 국제 무역이 활발해졌고, 개성, 의주, 동래의 상인들이 크게 활약하였다.

 3. 실학 사상의 발달

학습 개요

17세기 후반 이후 여러 가지 사회 모순이 나타나자, 이러한 모순을 해결하려고 새로이 일어난 학문이 실학이었다. 실학자들은 민생을 안정시키고
나라를 부강시키기 위한 여러 가지 방안을 모색하였다. 그리하여 18세기 이후에는 많은 실학자들이 활발하게 연구 활동을 하여 자랑할 만한
학문적 성과를 거두었다.

실학은 이론적인 문제에 대한 논쟁에 치우치던 성리학과는 달리, 구체적인 현실 문제에 관심을 가지고 실생활에 도움을 주려는 학문 경향을 띠고
있었다.

이와 더불어 우리의 언어, 역사, 지리에 대해서도 알고자 하는 움직임이 일어나 국학을 발달시켰다.

학습 문제

1\. 실학 운동이 일어나게 된 배경은 무엇인가?

2\. 실학의 학문적 성격은 무엇인가?

3\. 중농 학파와 중상 학파의 주장은 어떻게 다른가?

4\. 실학자들이 국학 연구에 노력한 까닭은 무엇인가?

실학의 대두

조선 사회는 성리학 중심의 사회였다. 학자는 물론이고 정치가들까지도 성리학에 몰두하여 성리학만이 옳고 그 밖의 학문은 모두 그르다는 생각에
빠져 있었다. 그리하여 불교를 억압하였을 뿐 아니라 나라를 다스리는 데 필요한 기술학마저도 경시하였다. 이러한 성리학 중심의 학문 경향은
자유롭고 실용적인 학문의 발달을 가로막았다.

성리학 중심의 학문 활동에 반성이 일어난 것은 왜란과 호란을 겪고 난 17세기 후반에 들어와서의 일이었다. 현실 사회의 어려움을 해결하고
잘못된 사회를 바로잡는 데 성리학은 도움이 되지 못했던 것이다. 이에, 일부 학자들이 이론에만 치우치는 성리학을 비판하고, 현실 사회의
어려움을 해결하는 데 기여할 수 있는 실용적인 학문을 연구하기 시작하였다. 이 때 일어난 새로운 경향의 학문이 실학이었다.

실학자들은 중국 중심의 생각에서 벗어나 우리의 역사와 문화에 대하여 자부심을 가지고, 우리의 역사, 지리, 언어, 경제, 군사 등에 대한
학문적 연구가 있어야 한다고 주장하였다. 또, 백성들의 생활을 돕기 위한 구체적인 방법을 연구하고 제시하였다. 청나라로부터 고증학이
전해지면서 실학의 연구는 그 깊이가 더해졌다.

실학의 선구자는 이수광, 김육 등이었다.

이수광은 세 차례나 사신으로 명에 다녀와서 지봉유설을 지었다. 그는 이 책에서 천주실의를 소개하였다.

지봉유설  

김육은 서양의 역법에 기초하여 만든 중국의 시헌력을 들여 와 사용하게 하는 한편, 대동법을 확대 실시하고 동전을 널리 사용하게 하는 데
힘썼다.

실학은 18세기에 들어와 그 폭이 더욱 넓어졌다. 실학자들 중에는 농업을 보다 중시하고 토지 제도를 개혁해야 한다고 주장하는 사람들과,
상공업 활동을 활발히 하고 기술을 개발해야 한다고 주장하는 사람들이 있었다.

중농학파

농업 문제의 해결을 중시하는 실학자들을 중농 학파라 한다. 여기에 속하는 학자로는 유형원, 이익, 정약용 등이 있었다. 이들은 토지 제도의
개혁을 가장 중요시하였다.

유형원은 벼슬을 하지 않고 일생 동안 농촌에 묻혀서 농촌 사회의 현실을 스스로 체험해 가면서 학문의 연구에 전념하였고, 그 성과로 이루어진
것이 반계수록이다. 그는 이 책에서 토지 제도, 과거 제도, 군역 제도 등 농촌 사회와 민생에 관계되는 여러 가지 제도에 대하여 비판하고,
그에 대한 개혁을 주장하였다.

이익도 당시 사회의 그릇된 점을 날카롭게 비판하고 농민의 편에 서서 개혁의 방법을 제시하였다. 그는 일생을 학문에 힘써 성호사설을 지었다.
그는 이 책에서 여러 가지 제도에 대하여 논하고, 이에 대한 개혁을 주장하였다.

성호사설  

중농 학파의 실학을 집대성한 학자는 정약용이었다. 정약용은 18년간 전라도 강진에서 유배 생활을 하는 동안에 직접 농촌 사회의 현실을
체험하고, 이를 바탕으로 사회의 현실에 대하여 잘못된 점을 지적하고 비판을 가하였다. 그의 학문 활동은 정치, 경제, 사회에서부터 과학,
의학, 종교, 유학에 이르기까지 미치지 않은 분야가 없을 만큼 다양하였다. 정약용은 500권이 넘는 많은 저서를 남겨 최고의 실학자로 불리고
있다. 그는 경세유표에서 중앙의 정치 제도에 관한 견해를 제시하였고, 목민심서에서는 지방 행정에 대한 개혁을 주장하였다.

정약용  

중농 학파는 농촌 문제의 해결에 관심을 기울였다. 이들은 농민 중심으로 농촌 문제의 해결 방안을 생각하였다. 그리하여 여러 가지 토지 제도의
개혁안을 제시하였다. 중농 학파는 이 밖에도 농업 기술을 발전시키고 농기구도 개량하려고 하였다. 농업 기술에 대해서는 중상학파도 관심이
컸다.

중상 학파

한편, 또다른 실학자들은 상공업을 중시해야 한다고 주장하였다. 이들을 중상 학파라고 한다. 이들은 농촌에서 일생을 보낸 중농 학파와는 달리
한양의 도시적 분위기에서 성장한 사람들이었다. 이들은 상공업의 발전을 통하여 사회의 번영을 이룩할 것을 주장하였다.

중상 학파는 상공업 진흥론과 함께 청의 발달된 문물을 받아들일 것을 주장하였으므로 북학파라고도 불렸다. 이들 가운데 유수원, 홍대용,
박지원, 박제가 등이 특히 유명하였다.

중상 학파의 선구자인 유수원은 우서라는 책을 썼다. 그는 이 책에서 상공업을 진흥시켜 나라 살림을 튼튼히 하자고 주장하였다.

우서  

홍대용은 청나라에 다녀와서 보고 들은 것을 토대로 기술의 혁신, 신분제의 철폐, 성리학의 극복 등을 주장하였다.

열하일기를 지은 박지원도 청의 문물을 받아들일 것을 주장하였다. 그는 이 책에서 청의 문물을 소개하고, 수레와 선박의 이용, 화폐의 사용
등을 강조하였다. 그는 특히 양반 사회의 폐단에 대하여 신랄한 비판을 가하였다.

이들과 거의 같은 시대에 활약하던 박제가도 여러 차례 청에 다녀와서 북학의라는 책을 썼다. 그는 이 책에서 청과의 통상 확대, 상공업의 진흥
등을 주장하였다.

북학의  

국학의 연구

사회 현실에 대한 실학자들의 관심과 비판 의식은 우리의 역사, 지리, 언어, 풍속 등 국학 전반에 대한 연구로 나타났다. 이러한 분위기에서
국학 연구가 활발해졌다.

역사 연구에는 안정복, 유득공, 한치윤 등이 유명하였다. 안정복은 동사강목을 지어 단군 조선부터 고려 말기까지의 우리 역사를 체계적으로
정리하였으며, 유득공은 발해고에서 발해의 역사를 본격적으로 우리의 역사로 다루었다. 한치윤은 중국과 일본의 역사책까지 참고하여 해동역사를
저술하였다.

지리학에서는 이중환과 김정호가 유명하였다. 이중환은 우리 나라의 지리적인 환경과 함께 각 지역의 경제 생활과 풍속을 자세히 조사하여 택리지를
썼으며, 김정호는 산맥, 하천, 도로망을 자세히 표시한 대동여지도를 만들어 우리 나라의 지도 제작 수준을 크게 높였다.

대동여지도  

국어에 대한 연구도 활발하여 한글에 대한 음운 연구서인 신경준의 정음운해와 유희의 언문지가 나왔다.

자연 과학에서는 천문학, 수학, 의학, 농업 기술 등이 발달하였다. 농학에서 서유구의 임원경제지와 수산학에서 정약전의 자산어보는 훌륭한
업적이었다. 의학에서도 이제마가 동의수세보원에서 사상 의설을 주장하였다. 사상 의설은 사람의 체질에 따라 처방을 달리하여야 한다는 것이었다.

실학의 의의

실학은 자유로운 비판 정신을 바탕으로 하여 실증적인 방법으로 학문을 연구하고, 그 성과를 실생활에 활용하려는 학문이었다.

실학자들은 모든 결론을 확실한 증거에 의하여 내리려고 하였다. 이러한 자세가 이른바 실사구시의 학문 태도였다. 실사구시의 특색은 학문
연구에서 객관적으로 사실을 밝혀 내는 것이었다. 금석학이 발달한 것도 이러한 실학의 기본 태도에서 비롯된 것이었다. 금석학은 김정희가 주로
연구하였다.

실사구시 현판  

실학은 민족적 성격을 띠고 있었다. 실학자들이 관심을 가진 현실이 바로 조선의 현실이었기 때문이었다.

또, 실학은 근대 지향적인 성격을 가지고 있었다. 실학자들은 사회 모순을 개혁하고, 산업을 발달시켜 새로운 사회로 나아가기를 바랐다. 이러한
실학의 정신은 개화 사상가들에게도 영향을 주었다.

그러나 실학자들은 대체로 일생을 학문에만 힘써 정치와는 거리가 먼 사람들이었기 때문에, 그들의 생각과 주장을 국가 정책에 반영시키기는
어려웠다.

도움글

 유수원의 상공업 진흥론

〈우서에서〉

우리 나라의 상업을 보면, 배를 이용하는 상인보다는 말을 이용하는 상인이 많고, 말을 이용하는 상인보다는 짊어지고 다니는 상인이 많다.
이것은 홀로 장사할 줄은 알아도 자본을 모아 힘을 합하는 것이 장사하는 데 가장 이익이 크다는 것을 알지 못하기 때문이다. ……

우리 나라 상인들은 장사를 한다고 해도 실제로는 장사하는 이치를 모르고 있다. 무릇 장사하는 도리는 반드시 점포를 가진 상인이 있은 후에야
돌아다니는 행상이 이익을 얻을 수가 있는 것이다. 그런데 오늘날 우리 나라의 지방에는 점포가 전혀 없으니, 어떻게 교역이 번창할 수가
있겠는가? ……

오늘날 말을 타고 장사하는 상인들도 한 필의 말에 상품을 싣고 다닌다. 한 필의 말에 과연 얼마나 상품을 실을 수 있겠는가? 이것조차도
지방에 내려가면 상품을 사들일 점포를 가진 상인이 없어 이 장 저 장으로 뛰어다녀야 하고, 또 심심 산골에까지 뛰어다녀야 한다. 따라서,
간신히 상품을 다 판다고 해도 그 이익이 얼마나 되겠으며, 또 그 동안의 경비가 얼마나 많이 들었겠는가? 한 필의 말로 이익을 얻고자 하니,
서울이나 지방을 막론하고 어찌 대단한 이익이 있겠는가? 오히려 자칫 잘못하면 본전마저 잃기도 하니, 상인들이 대단한 이익을 얻지 못하는
까닭이 여기에 있다.

학습 정리

1\. 양반 사회의 모순이 커져 민생이 어려워지자, 사회 현실에 대한 반성을 바탕으로 실학 운동이 일어났다.

2\. 실학은 실증적, 실용적 학문이고, 우리의 것을 중시하는 민족적 학문이며, 현실 사회의 모순을 시정하려는 학문이었다.

3\. 중농 학파는 농촌 사회의 안정을 위하여 토지 제도의 개혁을 주장하였고, 중상 학파는 상공업의 진흥과 기술의 도입을 주장하였다.

4\. 실학자들은 현실을 바로 보고 우리의 것을 제대로 알려는 의도에서 국학을 연구하였다.

 Ⅱ. 농촌 사회의 동요

   1\. 세도 정치
   2\. 삼정의 문란
   3\. 농민의 저항

순무영 진도(정주성 싸움)  

농촌 사회의 동요

19세기에 들어와 순조 이후 60여 년 동안 세도 정치가 행해져 조선 사회는 큰 혼란을 겪었다. 정치 기강이 무너져 탐관 오리가 날뛰었으며,
이로 인한 삼정의 문란으로 농민들은 살기가 어려워졌다.

이에, 농민들은 고향을 떠나 유랑하거나 깊은 산 속으로 들어가 화전민이 되기도 하였다. 그러다가 농민들은 점차 의식이 성장하면서, 부패한
세도 정치와 탐관 오리에 반발하여 봉기하기에 이르렀다.

농민 봉기는 순조 때에 일어난 홍경래의 난을 시작으로 하여 철종 때에는 전국 각지에서 일어났다. 이에 정부는 암행 어사를 자주 파견하는 등
삼정의 문란을 바로잡으려 하였으나, 큰 성과를 거두지 못하였다.

19세기 초의 세계

 1. 세도 정치

학습 개요

순조 이후의 세도 정치는 왕실의 외척이 정권을 잡는 형태로 이루어졌다. 순조 때에는 안동 김씨, 헌종 때에는 풍양 조씨, 철종 때에는 다시
안동 김씨가 왕실의 외척으로 세도를 잡았다.

세도 정치가 행해지면서 권력이 소수의 외척 세도 가문에 집중되어 정치 기강이 무너졌다. 이에 따라 인사 행정이 문란하여 매관 매직이
성행하였으며, 탐관 오리의 횡포로 부정 부패가 날로 심해졌다.

학습 문제

1\. 탕평책이 실시된 후 정치적 상황은 어떻게 전개되었는가?

2\. 세도 정치는 어떻게 전개되었는가?

3\. 세도 정치는 어떠한 영향을 끼쳤는가?

권력의 독점

영조와 정조의 탕평책으로도 붕당 정치의 폐단을 바로잡을 수는 없었다. 탕평책은 붕당 사이의 세력 균형을 이루게 한 것이 아니라, 강력한
왕권으로 붕당 사이의 대립을 완화시킨 것에 불과하였던 것이다.

영조가 즉위하여 탕평책을 실시할 때에는 탕평의 원리에 따라 노론과 소론이 같이 정치에 참여하기는 하였으나, 점차 소론이 배제되고 노론이
정국을 주도하여 갔다.

이러한 노론의 독주 현상은 영조와 정조의 강력한 왕권 밑에서는 겉으로 드러나지는 않았다. 그러나 정조의 뒤를 이어 순조가 어린 나이에
즉위하여 왕권이 약화되자, 노론의 특정 가문이 권력을 독점하여 세도 정치가 실시되었다.

외척 세도

순조가 즉위한 이후 철종 때까지 3대 60여 년 간 외척 세력에 의하여 세도 정치가 실시되었다. 이에 따라 왕권이 약화되어 왕실의 외척이
정권을 독차지하였으며, 조선 사회는 큰 혼란을 겪었다.

세도 정치란, 왕실의 외척과 같은 특정한 가문이 왕의 신임을 얻어 정치 권력을 독점하는 비정상적인 정치를 말한다. 순조 때에는 김조순이
왕비의 아버지로서 정치의 실권을 장악하였는데, 이에 따라 그 일가인 안동 김씨들이 중요한 관직을 독점하여 세도를 잡았다.

또, 헌종 때에는 왕이 8세의 어린 나이에 즉위함에 따라 왕의 외할아버지인 조만영과 그의 동생 조인영이 실권을 잡아 풍양 조씨가 세도를
부렸다. 그러나 철종이 즉위하면서부터는 왕비가 김문근의 딸이었으므로 다시 세도가 안동 김씨에게로 돌아갔다. 세도 정치가 가장 큰 폐해를 낳게
된 때도 이 무렵이었다.

세도 정치하에서 왕권은 명목에 지나지 않았다. 정치 권력은 왕실 외척의 사유물이 되어 정치는 파탄의 지경에 이르게 되었다. 이런 정세하에서
일반 백성들의 생활은 더욱 비참하였다.

정치 기강의 문란

세도 정치하에서는 세도가의 독주를 견제할 세력이 없어 정치 기강이 문란해지고 타락할 수밖에 없었다. 정치 기강의 문란은 인사 행정에서
두드러지게 나타났다. 뇌물로 관직을 사고 파는 일이 공공연하게 이루어졌으며, 과거 시험도 능력에 의해서가 아니라 갖가지 부정에 의해서 합격이
좌우되는 일이 많았다. 또, 실력이 있어도 세도가에게 줄을 대지 않고서는 출세하기가 어려웠다.

세도가는 벼슬 자리를 재물을 모으는 수단으로 삼아 공공연히 부정을 저질렀으며, 대부분의 관리들은 세도가에게 뇌물을 바치고 아첨함으로써 그
지위를 유지할 수 있었다. 뇌물을 주고 관직을 산 관리들은 백성들로부터 더 많은 세금을 받아 내어 사복을 채우려고 하였다. 이리하여 세도
정치가 계속되면서 각종 부정 부패는 늘어만 갔고, 탐관 오리의 횡포가 심해졌다.

매관 매직은 특히 지방 수령 자리에서 심하였다. 뇌물을 주고 관직을 사서 부임한 지방 수령들은 불법으로 농민의 재산을 빼앗아 사리 사욕을
채우기에 바빴으며, 뇌물을 바치는 자들을 아전으로 임명하기 일쑤였다.

아전들은 백성의 재물을 빼앗는 부패한 수령의 손발이 되었으며, 그들도 스스로 중간에서 농간을 부려 욕심을 채우기에 바빴다. 수령과 아전들은
법에도 없는 각종 세금을 마음대로 거두어들였으며, 백성들을 잡아다가 죄를 뒤집어 씌우고 재물을 빼앗은 다음에야 풀어주는 일까지 일어났다.

이와 같이 탐관 오리들이 온갖 수단을 다하여 재물을 모으는 데 열을 올렸으므로 농민들의 생활은 점점 더 어려워졌다.

탐관 오리의 횡포  

학습 정리

1\. 탕평책으로 소론도 정치에 참여하였지만, 노론이 정국을 주도하였으며, 어린 순조의 즉위로 왕권이 약해지자, 노론의 유력 가문에 의한
정권 독점 현상이 나타나게 되었다.

2\. 순조, 헌종, 철종의 3대 60여 년 간 외척인 안동 김씨, 풍양 조씨에 의하여 세도 정치가 실시되었다.

3\. 세도 정치가 계속되면서 정치 기강이 문란해지고, 부정 부패가 심해졌다.

 2. 삼정의 문란

학습 개요

세도 정치가 오랫동안 계속되면서 정치 기강이 문란하여, 부정 부패에 물든 탐관 오리들이 들끓게 되었다. 이들은 농민들에게 여러 가지 명목의
세금을 덧붙여 받아 내었다. 이로써 삼정의 문란이 더욱 심해졌다.

삼정은 전정, 군정, 환곡을 말하는 것으로, 농민의 부담에서 절대적인 비중을 차지하고 있었다. 또, 삼정은 수취 체제의 근간을 이루는
것으로, 국가 재정에서 가장 중요한 수입원이었다. 이들 수취 체제의 문란은 조선 후기 사회를 크게 동요시켰다.

학습 문제

1\. 삼정이 문란해진 배경은 무엇인가?

2\. 삼정의 문란으로 농민과 국가는 어떠한 영향을 받았는가?

3\. 삼정의 문란에 대한 정부의 대책은 어떠하였는가?

전정

세도 정치가 행해지는 속에서 삼정이 특히 문란해졌다. 삼정이란 전정, 군정, 환곡을 말하는데, 이는 곧 세금 행정을 통칭한 것이다.

전정이란, 농토에서 거두어들이는 여러 가지 세금 행정을 말한다. 농토에는 여러 가지 명목의 세금이 부과되었는데, 그 총계는 농토 1결당
20말 정도에 불과하였다. 농토 1결에 20말의 세금은 수확량의 10분의 1도 안 되는 것이어서, 결코 많은 양은 아니었다. 그럼에도
불구하고 농민들의 부담이 매우 컸던 것은, 관리들이 여기에 여러 가지 명목을 덧붙여 규정보다 훨씬 더 많은 세금을 거두어들였기 때문이었다.
그리하여 실제 부담하는 세금은 본래의 규정된 양보다 몇 배가 되기도 하였다.

이와 같이 관리들은 갖가지 방법으로 온갖 비리를 저질러 농민을 괴롭혔다. 이에 따라 전정은 매우 문란해졌다.

실학자 정약용이 본 전정의 문란상

법전에 규정된 세금은 농토 1결에 대략 쌀 20말과 돈 5전에 불과하다. 그러나 농민이 내는 것은 1년에 쌀 40말 이상, 벼 10말 이상,
돈 3~4냥 이상이나 된다. 여기에 아전들이 여러 가지로 농간을 부려 30~40말을 더 거둔다. 이리하여 10년 전에는 대략 농토 1결에
100말을 내면 되었으나, 지금은 100말로는 어림도 없다.

〈경세유표〉

군정

군정이란, 농민 장정으로부터 군포를 거두어들이는 행정을 말한다.

균역법 실시 후 장정은 1년에 군포 1필씩을 바쳤는데, 이는 농토 1결에 부과하는 전세 4말보다 무거운 것이었다. 더욱이 이 제도마저 제대로
시행되지 못하여, 힘없고 가난한 농민들에게만 집중적으로 부과되는 폐단이 나타났다. 또, 신분제의 동요로 군역 부담의 의무를 진 농민이
줄어들어 남아 있는 농민의 부담이 늘어났다.

더욱이 관리들이 부정한 수단으로 재물을 모으기 위하여 더 많은 군포를 거두어들여 그 폐단은 더욱 커졌다. 관리들은 이미 죽은 사람이나
어린아이 몫의 군포를 거두어들이기도 하고, 일가 친척이나 이웃 사람에게서 거두어들이는 등 여러 가지 불법과 비리를 저질렀다. 이러한 부정
행위로 군정의 폐단이 심하였다.

환곡

환곡은 봄에 농민들에게 관청의 곡식을 빌려 주었다가 가을에 약간의 이자를 붙여서 받아들이는 것이었다. 이자는 원래 여러 가지 원인으로 인한
손실을 보충하기 위한 것이었으나, 실제로는 고리대의 구실을 하였다. 이로써 환곡은 일종의 세금과 같이 되고 말았다. 관리들은 이자 수입을
늘리고 재물을 모으기 위하여 여러 가지로 불법을 저질렀는데, 환곡의 폐해는 삼정 중에서 가장 심하였다. 관리들은 필요 이상의 양을 강제로
빌려 주기도 하고, 겨를 섞어서 1가마니를 2가마니로 늘려 빌려 주는 등 여러 가지 방법으로 농민을 괴롭혔다.

암행 어사

삼정의 문란은 농민들을 괴롭혔을 뿐 아니라 국가의 재정까지 위협하였다. 이에 국가에서는 그 대책을 마련하지 않으면 안 되었다. 그리하여 암행
어사가 파견되고 삼정이정청이 설치되었다.

그러나 이러한 방법으로 삼정의 문란을 바로잡을 수는 없었다. 오랜 기간의 세도 정치로 정치 기강이 문란하여 정부의 명령이 제대로 지켜지지
않은데다가 탐관 오리들이 도처에 있었기 때문이었다.

도움글

 암행 어사

암행 어사는 왕의 특명으로 지방 군⋅현에 파견되어 변복을 하고 몰래 다니면서 수령의 잘잘못과 백성의 어려움을 살펴 왕에게 보고하는 것을
임무로 하는 특별 감찰관이었다. 암행 어사가 일반 어사와 다른 점은 국왕이 친히 임명할 뿐 아니라 그 임명과 행동이 비밀에 부쳐진다는
점이다.

왕은 전국의 군⋅현 명칭을 기입한 참댓가지가 들어 있는 대나무 통에서 암행 시찰할 군⋅현을 추첨으로 결정하였다. 그러나 수령의 불법이나
비행의 혐의가 있는 군⋅현의 경우에는 추첨과 관계 없이 암행 어사가 파견되기도 하였다. 왕은 암행 어사를 임명할 때 역마 사용권을 부여하는
증패인 마패를 지급하였다. 마패는 왕의 명령을 받은 관리임을 증명하는 증패로서, 창고 문을 봉하거나 문서에 날인할 때 직인 대신 사용되었다.

암행 어사는 수령이나 지방 토호의 가렴 주구를 탐지하기 위해 허름한 옷으로 변장하고 걸식을 하면서 정찰을 하였다. 정찰을 마친 암행 어사는
출두를 하였는데, 역졸들이 관가의 문을 두드리면서 출두를 외치면, 암행 어사는 관가로 행차하여 동헌 대청에 자리하였다.

암행 어사는 공문서를 검열하고 수령의 범죄를 적발하였다. 불법을 저지른 수령은 체포, 구금하여 그 죄를 다스리고 관인을 압수하였다. 또,
관가의 창고를 검열하여 불법이 있으면 창고 문을 봉하고, 억울하게 옥에 갇힌 죄수들을 풀어 주었다.

조선 후기에는 지방 수령이나 토호들의 불법과 비행으로 지방 행정이 문란해짐에 따라 암행 어사가 빈번히 파견되었다.

학습 정리

1\. 삼정은 전정, 군정, 환곡을 말하는 것으로서 국가 재정의 수입원이었으나, 세도 정치로 정치 기강이 해이해지면서 삼정이 문란해졌다.

2\. 삼정의 문란으로 인하여 농민의 생활은 몹시 어려워지고, 국가의 재정은 궁핍해졌다.

3\. 정부는 삼정의 문란에 대하여 암행 어사를 파견하거나 삼정이정청을 설치하여 고쳐 보려 하였으나, 정치 기강의 문란으로 바로잡을 수가
없었다.

 3. 농민의 저항

학습 개요

탐관 오리의 가혹한 수탈로 삼정이 문란하여 농민들이 몹시 고통을 받게 되자, 그들 중에는 이를 피하기 위하여 유랑하거나 화전민이 되는 사람이
늘어났다.

한편, 농민의 의식이 점차 성장하면서 정치 기강의 문란과 탐관 오리의 착취에 대한 농민들의 불만이 터져 나왔다. 이들의 저항은 처음에는
소극적인 형태를 띠고 나타나기도 하였으나, 마침내 농민 봉기로 발전되기에 이르렀다. 홍경래의 난과 진주 민란은 그 대표적인 것이었다.

학습 문제

1\. 조선 후기의 농민들은 삼정의 문란에 어떻게 대응하였는가?

2\. 홍경래의 난은 왜 일어났는가?

3\. 조선 후기에 농촌 사회에서 농민 봉기가 자주 일어난 이유는 무엇인가?

농민의 유랑

농민들은 삼정의 문란과 탐관 오리의 착취로 그 삶이 매우 궁핍해졌다. 가난에 시달리고 빚에 몰린 농민들 중에는 파산하여 유랑민이 되어
떠돌아다니는 사람이 늘어났다. 그들은 고향을 버리고 산간 벽지로 들어가 화전민이 되기도 하였으며, 국경을 넘어 간도나 연해주로 이주하기도
하였다. 또, 도시나 광산촌, 수공업촌으로 흘러들어가 품을 팔아서 생계를 꾸려 나가는 사람도 많았다.

농민의 고통은 잇따른 자연 재해로 더욱 심해졌다. 헌종, 철종 때에는 흉년이 거듭 들고 전염병이 유행하여 농촌 사회를 더욱 어렵게 만들었다.
이와 같이 사정이 어려워지자, 농촌을 떠나는 사람은 더욱 늘어났다. 유랑민이 발생하면, 그들이 부담해야 할 세금이 친척이나 남아 있는 마을
사람들에게 돌아갔다. 그리하여 농민의 부담은 더욱 무거워졌으며, 농촌 사회는 날이 갈수록 어려워졌다.

농민 의식의 성장

농촌 사회가 어려워져 가는 가운데, 농민들의 의식은 점차 성장하였다. 농민들의 불만과 불평은 처음에는 사회 내부에서 소극적인 형태를 띠고
나타났다. 그리하여 곳곳에서 정부와 탐관 오리를 비방하는 사건이 자주 일어나서 민심을 소란하게 하였다.

더 나아가 농민들은 세금의 납부를 거부하고, 집단적으로 항의하거나 수령에게 모욕을 주어 수령의 위신을 떨어뜨리기도 하였다. 때로는 관아를
습격하거나 탐관 오리를 폭행하는 사건이 발생하기도 하였다. 또, 일부 농민들은 도적의 무리가 되어 전국을 소란하게 하였다. 도적의 무리는
커다란 집단을 이루기까지 하였다.

이와 같이, 불만을 가진 세력이 커 가는 중에 지역적 불만도 증대하여 갔다. 세도 정치하에서는 세도가와 연결될 수 있는 양반만이 관직을
차지할 수 있었으므로, 세도가와 연결이 되지 못한 지방의 양반들은 불만이 클 수밖에 없었다.

홍경래의 난

19세기 전반에는 농민층의 불만이 커 가는 가운데 농민들의 저항이 광범위하게 일어나, 곳곳에서 농민 봉기가 자주 일어났다. 그 중에서도
홍경래의 난과 진주 민란은 대표적인 농민 봉기였다.

홍경래의 난은, 세도 정치에 시달리던 농민들과 부당한 차별 대우에 불만을 품어 오던 서북 지방 사람들을 기반으로 하여, 몰락한 양반인 홍경래
등이 평안도에서 일으킨 농민 봉기였다(1811). 홍경래 등은 가난한 농민을 중심으로 광부, 품팔이꾼까지 끌어들여 난을 일으켰다. 난군은
한때 청천강 이북의 여러 고을을 점령하였으나, 정주성 싸움에서 패하여 마침내 진압되었다.

이 난은 비록 실패하였으나, 농민들이 각성하는 계기가 되어 그 뒤의 농민 봉기에 커다란 영향을 주었다.

진주 민란

홍경래의 난은 실패로 끝났으나, 그 영향은 의외로 커서 이후 전국 각지에서 크고 작은 농민 봉기가 계속 일어나게 되었다. 농민 봉기는 철종
때에 와서 가장 심하였다.

진주 민란을 계기로 삼남 지방에서는 물론, 북으로는 함흥, 남으로는 제주도에까지 농민 봉기가 확대되었다. 진주 민란은 경상 우병사 백낙신의
착취에 견디다 못한 농민들이 잔반 출신인 유계춘을 중심으로 일어난 것이었다(1862).

19세기의 민란  

이들 농민 봉기는 결국 진압되고 말았으나, 그 영향은 커서 연속적으로 농민 봉기를 유발하였다. 이러한 농민의 항거는, 농민의 단순한
반발이었다기보다는 당시의 정치적 혼란과 삼정의 문란, 탐관 오리의 가렴 주구에 항거하여 사회적 불만을 나타낸 농민의 자각 운동이었다.

학습 정리

1\. 삼정의 문란에 시달린 농민들은 유랑하거나 도둑의 무리가 되기도 하였으며, 관리에게 집단적으로 항의하거나 농민 봉기를 일으키기도
하였다.

2\. 세도 정치로 인한 정치 기강의 문란으로 평안도 농민들이 홍경래의 주도하에 난을 일으켰다.

3\. 삼정의 문란, 탐관 오리의 수탈, 거듭되는 재해 등으로 견딜 수 없게 된 농민들은 전국 각지에서 농민 봉기를 일으켰다.

 Ⅲ. 서민 문화의 발달

   1\. 신분제의 변화
   2\. 한글 소설과 판소리
   3\. 천주교와 동학

집짓기(김홍도)  

서민 문화의 발달

17세기 후반 이후 신분제의 동요로 상민이나 노비 등 서민들의 지위가 이전에 비하여 상승되었다. 이에 따라 서민들의 의식도 향상되었다.

서민들의 지위 상승과 의식 향상은 서민이 주체가 되어 서민을 주제로 하는 문학 작품과 예술 작품을 만들어 내기에 이르렀다. 이 시기에는 서당
교육이 보편화되고 한글이 보급됨에 따라 서민들의 지식 수준이 높아지고, 서민 문화도 발달하게 되었다.

한편, 사회가 불안해지면서 민중들은 정신적인 피난처를 찾고자 하였다. 이에 따라 예언 사상과 민간 신앙이 널리 퍼져 갔다.

이와 같은 시대적 배경에서, 서양에서 들어온 천주교와 이에 대항하여 창시된 동학이 널리 유포되었다.

19세기 중반의 세계

 1. 신분제의 변화

학습 개요

17세기 후반 이후 산업의 발달로 경제적 변동이 일어나면서, 조선의 전통적인 신분 질서에도 변화가 일어났다. 양반 중에서도 관직에서 밀려나
실제로는 양반 행세를 할 수 없는 사람들이 많이 생겼다. 또, 재산을 모은 상민이나 노비들 중에서는 재산을 이용하거나 신분을 속여 양반이나
상민으로 상승하는 사람도 있었다.

이러한 현상으로 조선 후기에는 신분 간의 상하 이동이 활발해져 양반의 수가 크게 늘어난 반면에 상민과 노비의 수는 크게 줄어들었다. 이에
따라 19세기에 들어와서는 국가 소유의 노비를 해방시켜 주지 않을 수 없게 될 정도로 신분제가 흔들리고 있었다.

학습 문제

1\. 조선 후기 신분제 변화의 방향은 어떠하였는가?

2\. 중인, 상민, 노비의 신분 상승이 가능했던 요인은 무엇인가?

3\. 국가가 공노비를 해방시킨 까닭은 무엇이었는가?

양반의 분화

조선 전기에는 양반, 중인, 상민, 천민의 네 신분이 형성되어 있었다. 양반의 사회적 지위와 특권이 강화되면서, 조선 사회는 양반 중심의
사회로 굳어져 가고 있었다. 그러나 조선 후기에는 신분의 변동이 활발하게 진행되어 이러한 신분 구조에 변화가 일어났다.

신분의 변동은 양반층 내부에서 심각하게 일어났다. 조선 후기에 들어와 노론이 장기간 집권하면서 이들은 정치의 실권을 독점하고 부정한 수단으로
자제들을 과거에 합격시켜 그 지위를 세습시켰다. 이러한 현상은 세도 정치가 시작되면서 더욱 심화되었다.

반면에, 정권에서 소외된 많은 양반들은 경제적으로도 몰락하여 잔반이 되었다. 잔반은 스스로 농사를 지어 상민과 다를 바 없는 처지에 놓여
있었다. 심하면 소작농이 되기도 하였으며, 상업이나 수공업에 종사하여 생계를 꾸려 나가기도 하였다. 이러한 잔반의 수가 점점 늘어나 양반의
위신은 크게 떨어졌다.

자리를 짜는 양반(김홍도)  

중인층의 성장

신분 변동은 서얼과 중인층에서도 나타났다. 서얼은 양반 사회에서 크게 차별을 받고 있었다. 이들은 18세기 이후 신분제의 동요 속에서
자신들의 지위를 높이려는 노력을 하였다. 그리하여 벼슬에도 나아갈 수 있는 길이 열렸다.

한편, 중인들도 그들의 사회적 지위를 향상시켜 갔다. 역관들은 청에 왕래하는 동안에 새로운 문물을 접하여 견문을 넓혔을 뿐 아니라 사무역으로
재산을 모으기도 하였다. 그리고 의관, 관상감원 및 화원들은 전문적 식견으로, 서리들은 행정 능력이나 문학적 소양으로 그들의 사회적 지위를
높이고자 하였다.

이러한 움직임도 양반 사회의 신분 질서를 붕괴시키는 계기가 되었다.

상민의 신분 상승

상민의 신분 상승도 활발하게 이루어졌다. 특히, 상민들은 군역의 부담에서 벗어나기 위해 신분 상승을 꾀하였다. 납속책의 확대로 웬만큼 재력이
있는 상민은 쉽게 신분을 높일 수 있었다. 상민 가운데 새로운 경제 환경에 잘 대처하여 재산을 모은 자들은 이를 이용하여 신분 상승을
꾀하였다.

공명첩  

그러나 신분 상승은 이러한 합법적인 방법보다는 주로 비합법적인 방법으로 이루어졌다. 호적을 위조하거나 족보를 사들임으로써 양반 신분을
얻었고, 때로는 고향을 떠나 신분을 감추고 양반으로 행세하는 사람들이 늘어 갔다. 이리하여 시간이 흐를수록 상민의 수가 줄어들고 양반의 수가
크게 늘어났다.

노비 해방

노비는 16세기 말 전란의 소용돌이 속에서 군공 등을 통하여 신분을 상승시키기도 하였으나, 주로 도망하여 노비 신분에서 벗어났다. 또, 노비
가운데 수공업자가 된 자나 농사를 잘 지어 재산을 모은 자들은 이를 이용하여 양인으로 상승해 갔다. 이에 따라 시대가 흐를수록 노비 인구는
감소되어 갔다.

노비는 상민과 경제적 처지가 같다 하더라도 노비라는 이유만으로 사회에서 냉대를 받았다. 이에 따라 노비들은 노비 신분에서 벗어나기 위하여
여러 가지로 노력하였으며, 노비의 도망이 수시로 일어나고 있었다. 그리하여 이 시기에는 상민과 노비의 인구가 줄어드는 경향을 보였다. 이는
재정상 어려움을 주었고, 국방상으로도 지장을 주었다.

이에 따라 정부는 공노비를 해방시키지 않을 수 없게 되었다(1801). 이로써 공노비 제도는 사실상 무너지고 말았다. 노비 해방은 신분제의
붕괴를 정부 스스로가 인정한 것이었고, 장기간에 걸친 노비들의 신분 해방 운동의 성과이기도 하였다.

이와 같이, 18세기 이후의 조선 사회에서는 양반 중심의 신분제가 크게 동요되어 신분 간의 상하 이동이 활발해졌다. 그리하여 종래의 신분적
예속 관계는 크게 힘을 발휘하지 못하였다.

학습 정리

1\. 조선 후기에는 양반 중심의 신분제가 동요되어 종래의 신분적 예속 관계는 크게 힘을 발휘하지 못하였다.

2\. 조선 후기에 신분 상승이 가능하였던 것은 경제력이나 전문적 능력이 있었기 때문이었다.

3\. 상민의 감소는 국가 재정을 어렵게 하였기 때문에 국가는 공노비를 해방시켜 부족한 상민의 수를 보충하려 하였다.

 2. 한글 소설과 판소리

학습 개요

조선 후기에는 농촌 사회가 경제적으로 발전하고 서당 교육이 확대되면서 서민층의 문예 활동도 활발해졌다. 문화의 폭은 양반에서 서민층에까지
확대되었고, 문예 활동도 양반 중심에서 서민 중심으로 점차 바뀌어 갔다.

이리하여 서민을 주제로 한 한글 소설이 널리 보급되고, 서민이 창작한 문학과 예술이 대두하였으며, 서민들이 즐겨 부르는 민요나 판소리가
보급되었다.

이 시기에는 산수화, 풍속화, 민화가 유행하였다. 공예에서는 실용성이 강조되었으며, 서민 생활과 관련된 공예품의 생산이 활발해졌다. 또,
서민 오락이 각 지방의 고유한 풍속으로 발전하였다.

학습 문제

1\. 조선 후기에 서민 문화가 발달하게 된 배경은 무엇인가?

2\. 서민과 여성을 대상으로 한 문학에는 어떠한 것들이 있었는가?

3\. 조선 후기의 그림에 나타난 새로운 경향은 무엇인가?

4\. 조선 후기 서민들의 오락 활동은 어떠하였는가?

서당 교육

조선 후기에는 서민들도 교육을 받을 기회가 많아졌다. 서당이 늘어나 서민의 자제들도 교육을 받을 수 있게 되었다. 이 밖에 한양 등 도시
지역에는 소설책 등을 돈을 받고 빌려 주는 곳이 있어 서민들도 지식이나 예술에 접할 수 있는 길이 넓어졌다. 이처럼 서민이 교육을 받을 길이
넓어지고 지식이나 예술에 접할 수 있는 기회가 확대됨에 따라, 서민들 가운데서도 학식을 갖춘 사람들이 나오게 되었다.

서당(김홍도)  

이러한 분위기에서 한글을 익힌 여성들도 늘어났다. 그리하여 이 무렵에는 서민과 여성을 대상으로 하는 한글 소설이 보급되었다.

한글 소설

서민들이나 여성들 중에서 한글을 깨친 사람이 늘어남에 따라, 이들 가운데 한글 소설이나 사설시조 등의 작품을 내놓는 사람들도 나왔다.

한글 소설로는 홍길동전, 구운몽, 춘향전 등이 대표적인 작품으로, 이들 작품은 오늘날까지도 널리 읽혀지고 있다. 이러한 한글 소설은 주로
서민 생활과 그들의 소망을 담고 있으며, 양반 사회의 그릇됨을 지적하고 이를 비판하기도 하였다.

홍길동전(허균)  

사설시조는 조선 후기에 유행한 새로운 형식의 시조였다. 우리 민족의 독특한 멋을 풍기는 사설시조는 형식에 얽매이지 않고 생각을 자유로이
나타낼 수 있어서 서민과 여성들이 즐겨 읊었다.

진경 산수화

그림에도 변화가 있었다. 관념적인 산수를 그리는 데에서 벗어나 우리 나라의 경치를 우리 식으로 그리는 화가들이 나타났다.

또, 우리의 생활 모습이나 풍속을 사실적으로 생생하게 그리려고 하였다. 이에 따라 조선 후기에는 산수화 외에 풍속화와 민화를 즐겨 그렸다.

영조 때의 화가 정선은 우리 나라의 경치를 독특한 화풍으로 그리는 진경 산수화를 발전시키는 데 크게 공헌하였다. 그의 그림으로는 인왕제색도와
금강전도가 유명하다.

금강전도(정선)  

김홍도, 김득신, 신윤복은 이 시대의 생활 모습이 담긴 풍속화를 즐겨 그렸다. 특히, 김홍도와 김득신은 농민, 수공업자, 상인 등 서민들의
생활 모습을 구수하고 익살스럽게 표현하였다.

한편, 신윤복은 도시 양반의 풍류 생활과 부녀자의 풍습 등을 잘 묘사하였다.

단오 풍경(신윤복)  

또 이름 없는 많은 화가들이 민화를 남겼다. 민화에는 서민들의 생활 감정이나 신앙과 관련된 내용들이 잘 나타나 있다.

민화  

서예에서도 우리의 독특한 서체를 이루려는 움직임이 나타나 중국과 구별되는 독자적인 서체가 발달하였다. 그리하여 금석학과 고증학의 대가인
김정희는 추사체라고 일컬어지는 독특한 서체를 개발하였다.

김정희의 글씨  

청화 백자

조선 후기에는 서민적인 감각이 깃들여 있고 실생활에 필요한 공예품이 많이 만들어졌다. 이러한 경향은 특히 도자기 공예와 목공예에서 잘
나타났다.

도자기 공예로는 청화 백자가 유명하다. 흰 바탕에 푸른 색깔로 산수, 화조, 초목 등이 은은하게 그려져 있는 청화 백자는 소박한 색조와
아름다운 선에서 중국이나 일본의 도자기와는 다른 우리만의 아름다움을 잘 표현하고 있다. 청화 백자는 주로 항아리, 술병, 꽃병, 연적, 필통
등 실용적인 것들이 많았다.

청화 백자  

목공예품으로는 장롱, 책상, 소반 등 생활 용품을 주로 만들었다. 이 밖에 죽세공품, 나전 칠기 등의 제작 기술도 발달하였다. 이러한
공예품은 양반뿐만 아니라 서민들도 많이 사용하였다.

한편, 조선 후기에 이루어진 건축으로 오늘날까지 남아 있는 것으로는 화엄사의 각황전, 금산사의 미륵전, 법주사의 팔상전 등이 있는데, 이
건물들은 한결같이 뛰어난 곡선미로 유명하다. 정조 때에 만들어진 수원성에는 조선 후기 성곽의 특색이 잘 나타나 있다. 이 성을 쌓을 때
정약용이 고안한 거중기가 사용되었다.

법주사 팔상전(충북 보은)  

판소리

오락에서도 서민이 주체가 되어 즐기는 판소리와 같은 서민 오락이 성행하였다.

한글 소설의 내용을 우리 나라 고유의 창법에 따라 노래와 말로 풀어 가는 판소리는 구수한 가락과 독특한 연출, 그리고 서민 감정을 어루만져
주는 내용 등으로 서민층에 호소력이 컸다. 판소리는 서민들은 물론이고 양반층까지 즐겼다.

이와 같이 판소리가 인기가 있자, 이것을 극으로 꾸민 창극도 발달하였다. 판소리의 창작과 정리에 공이 큰 사람은 19세기 후반기의
신재효였다.

이 시기에는 서민적 해학과 사회 풍자성이 풍부하고, 형식의 구애를 받지 않는 잡가도 유행하였다. 타령, 육자배기, 사랑가, 수심가 등이 널리
불린 잡가였다.

농촌에서는 두레를 중심으로 농악을 즐겼고, 지방에 따라 탈춤, 오광대놀이, 꼭두각시놀이 등 그 지방 고유의 오락을 즐겼다. 탈춤은 주로 양반
사회의 부패와 모순을 비판하는 내용으로 되어 있었다.

부녀자들을 위한 놀이도 등장하였다. 부녀자들은 단오절에는 그네뛰기를, 정월에는 널뛰기를 즐겼다. 남부 해안 지방의 부녀자들은 달 밝은 밤에
강강술래를 즐기기도 하였다.

조선 후기의 서민 오락  

도움글

 강강술래의 유래

강강술래는 전라도 지방에 예부터 전해 내려오는 민속 놀이의 하나이다. 음력 8월 한가윗날 달 밝은 밤에, 곱게 단장한 부녀자들이 수십 명씩
모여 손에 손을 잡고 둥글게 늘어서서 강강술래라는 후렴이 붙은 노래를 부르며 빙글빙글 돌면서 뛰노는 놀이이다.

전해 오는 말에 의하면, 임진왜란 때 이순신 장군이 수군을 거느리고 왜군과 대치하고 있을 때, 적의 군사에게 해안을 경비하는 우리 군사의
수가 많도록 보이고, 또 왜군이 우리의 해안에 상륙하는 것을 감시하기 위하여 활용하였다고 한다. 이순신 장군은 이러한 목적으로 부녀자들로
하여금 수십 명씩 떼를 지어 해안 지대의 산에 올라 곳곳에 모닥불을 피워 놓고 돌면서, 강강술래라는 노래를 부르게 하였다는 것이다.

학습 정리

1\. 조선 후기에는 경제가 발전함에 따라 서당 교육이 보급되면서 서민들의 문예 활동이 활발해졌다.

2\. 조선 후기에는 서민과 여성을 대상으로 하는 한글 소설과 사설시조 등의 국문학이 발달하였다.

3\. 그림에서는 서민적인 정취를 표현한 풍속화와 민화가 유행하였으며, 진경 산수화가 발달하였다.

4\. 서민 오락으로는 판소리와 창극이 발달하였으며, 탈춤과 오광대놀이 등 지방 고유의 놀이가 유행하였다.

 3. 천주교와 동학

학습 개요

세도 정치로 정치 기강이 어지러워지면서 탐관 오리의 착취에 시달리던 농민들은 정신적 위안을 간절히 바라고 있었다. 이러한 시대적 분위기
속에서, 인간의 평등을 내세운 천주교와 동학이 농촌 사회와 민중들 사이에 전파되었다.

이에, 집권층은 양반 사회의 통치 질서를 부정하는 천주교와 동학이 널리 전파되는 것을 막으려고 여러 차례의 박해를 가하였다. 그러나 정부의
박해에도 불구하고 천주교는 보다 널리 퍼지고, 동학은 농촌 사회에 급속히 확산되었다.

학습 문제

1\. 세도 정치 시기에 민간 신앙이 성행하게 된 배경은 무엇인가?

2\. 천주교와 동학이 민중의 환영을 받은 반면, 집권층에게 박해를 받은 까닭은 무엇인가?

3\. 조선 후기 동학의 발생 배경은 무엇인가?

민간 신앙

세도 정치하에서 서민들은 살기가 어려워지자, 초월적인 힘에 의지하여 정신적 구원을 얻으려는 경향이 나타났다. 이에 따라 새 세상이 오기를
바라는 예언 사상이 민중 사이에 퍼지기 시작하였다.

예언 사상으로는, 이씨 왕조가 망하고 정씨 왕조가 들어선다는 정감록의 예언 사상, 미래불인 미륵불이 지상 세계에 내려와서 중생을 구원한다는
미륵 신앙이 널리 유행하였다. 이 중에서도 정감록이 가장 널리 유행하였다. 이러한 예언 사상은 새로운 세상을 바라는 민중들의 소망을 나타낸
것으로, 그들에게 새 세상이 온다는 희망을 불어넣어 주었다.

이 시기에는 무속 신앙도 널리 보급되고 있었다. 무속 신앙은, 무당이 굿이나 풀이로 귀신을 달래어 화를 멀리하고 복을 비는 신앙이었다.
이러한 민간 신앙은 19세기 민중들의 정신적 지주가 되어 사회가 불안한 속에서 더욱 번성하였다.

천주교의 전래

조선 후기에 서양 문물이 우리 나라에 전해지자, 일부 학자들이 이를 연구하기 시작하였다. 이를 서학이라 한다. 서학은 중국에 와 있던
선교사들을 통해서 서양 문물과 함께 전해졌기 때문에, 자연히 서학에는 천주교 서적이 포함되어 있었다. 따라서, 서학을 깊이 연구하는 과정에서
천주교를 신앙으로 믿는 사람들이 나오게 되었다.

천주실의  

신앙의 차원에서 천주교를 믿기 시작한 것은 정조 때에 들어와서의 일이었다. 이 무렵에 이승훈이 청에서 서양인 신부에게 세례를 받고 돌아온
뒤, 마침내 교회가 창설되기에 이르렀다. 처음에는 정권에 참여하지 못한 남인 학자나 중인들이 천주교를 많이 믿었으나, 뒤에는 교인들의
노력으로 점차 서민층과 여성 중에서 천주교를 믿는 사람들이 많이 나왔다.

이와 같이 우리 나라의 천주교 신앙은 선교사들에 의하여 전래된 것이 아니라, 오랫동안에 걸친 학문적 연구를 통하여 자발적으로 믿게 되었다는
데에 그 특색이 있다.

천주교 박해

초기의 교회는 학식을 가진 양반이나 중인들이 주축을 이루었고, 신앙 활동은 한양, 내포, 전주 등을 중심으로 하여 전개되었다.

천주교를 믿는 사람들이 광범위하게 늘어나자, 정부는 천주교를 금하기에 이르렀다. 이는 천주교가 유교의 제사 의식을 무시하였고, 천주교의 인간
평등과 내세 사상이 성리학적인 사회 질서를 근본적으로 그르칠 수 있는 위험스러운 것으로 이해되었기 때문이었다.

정조 때에는 천주교를 심하게 탄압하지 않았으나, 순조가 즉위하면서 천주교에 대한 박해가 대대적으로 시작되었다. 이후 몇 차례에 걸친 큰
박해로 수많은 신도와 우리 나라 최초의 신부인 김대건 등이 순교하였다. 그러나 천주교는 계속적인 박해에도 불구하고, 정치의 부패와 사회의
불안으로 인하여 서민과 여성들 사이에 전파되어 그 교세가 크게 늘어났다.

절두산 순교 기념관(서울 합정동)  

동학의 발생

사회가 혼란하고 민심이 불안한 가운데 당시의 종교는 그 구실을 다하지 못하였다. 불교는 산중에 머물러 사회와 유리되어 있었고, 유교도
농민과는 거리가 멀었다. 또, 새로 전래된 천주교가 서민과 여성들 사이에 전파되고 있었으나, 서양 세력의 침략 위협으로 대외적 위기감이 높아
가고 있었던데다가, 서양에서 들어온 종교였기 때문에 경계하는 사람이 많았다.

이러한 때에, 경주 지방의 몰락 양반인 최제우는 전통적인 민간 신앙과 유교, 불교, 도교를 융합하여 동학을 창시하였다(1860).

최제우  

동학은 서양 세력의 침략적 접근과 천주교의 전파가 우리의 것을 해치고 우리 사회를 위태롭게 한다는 믿음에서, 우리의 것을 지키고 고통받는
사람들에게 구원을 주고자 하였다. 이러한 점에서 동학 운동은 단순한 신앙 운동만이 아니라, 어지러운 정치와 어두운 사회를 바로잡고, 어려운
민중의 생활을 구제하려는 사회 운동이라 할 수 있다.

동학의 교리에서 가장 중심이 되는 것은 인내천, 즉 사람이 곧 하늘이라는 것이었다. 이에 따르면, 인심은 곧 천심이요, 사람을 섬기는 것은
곧 하늘을 섬기는 것이라 하였다. 이는 신분이나 계급을 초월하여 모든 인간이 평등해야 함을 뜻하는 것이다. 동학이 사회적으로 압박받는
농민들에게 환영을 받은 까닭이 여기에 있었다.

동학은 이와 같은 교리를 바탕으로 하여 농촌 사회에 급속히 퍼져, 그 가르침을 따르는 사람들이 늘어나게 되었다. 이에, 정부는 동학이 세상을
어지럽히고 백성을 속이는 종교라 하여 교조 최제우를 처형하고, 동학을 탄압하였다. 동학의 교세는 교조의 순교로 인하여 한때 위축되었으나,
제2대 교주 최시형의 노력으로 농촌 사회에 착실하게 뿌리를 내렸으며, 교단 조직도 갖추어 갔다.

용담유사(동학의 가사집)  

학습 정리

1\. 세도 정치 시기에 탐관 오리의 수탈로 살기가 어렵게 되자, 민중들 사이에는 예언 사상과 민간 신앙이 널리 퍼졌다.

2\. 천주교와 동학은 인간 평등 사상을 내세워 민중의 환영을 받았으나, 인간 평등 사상은 집권층에게는 양반 사회의 통치 질서를 부정하는
것으로 이해되어 박해를 받았다.

3\. 농촌 사회의 고난과 서양 세력의 접근에 대응하여 민족적, 민중적 종교인 동학이 일어나 농민들 사이에 급속히 전파되었다.

 Ⅳ. 근대화의 추구

   1\. 경복궁 중건과 척화비 건립
   2\. 강화도 조약과 개화 운동
   3\. 동학 농민 운동

동학 농민 운동(민족 기록화)  

근대화의 추구

19세기 중엽 이후의 조선 사회는, 농민들의 항거 운동이 곳곳에서 일어나고 서양 세력이 위협을 가해 오는 등 안팎으로 어려움을 맞았다.
이러한 때에 집권한 흥선 대원군은 과감한 개혁 정치를 폈으나, 근본적인 해결이 이루어지지는 못하였다.

조선은 외세의 침략적 접근에 대응하여 강경하게 맞섰으나, 국내외 정세의 변동에 따라 개항을 하게 되었다. 그리하여 오랜 유교적 전통 사회에서
새로운 근대 사회로의 전환이 촉진되었다.

그러나 개화 사상, 위정 척사 사상이 서로 얽힌 가운데 개화와 보수의 대립이 심하였고, 청, 일본, 러시아 등 열강의 침투로 인해 자주적
근대화가 순조롭게 추진되지 못하였다. 결국, 우리 민족은 무력을 앞세운 일본 제국주의의 침략으로 나라를 잃고 말았다.

19세기 후반의 세계

 1. 경복궁 중건과 척화비 건립

학습 개요

19세기 중엽, 조선은 각지에서 민란이 일어나 나라 안이 어수선하였고, 밖으로는 서양 세력의 위협으로 큰 어려움을 맞고 있었다.

이러한 때에 정권을 잡게 된 흥선 대원군은 전제 왕권을 강화하기 위해 과감한 개혁 정치를 실시하였다. 즉, 잘못된 정치를 바로잡아 나라의
질서를 다시 세우고, 백성의 생활을 안정시키기 위해 노력하였다. 또, 국방을 튼튼히 하여 외세의 침략에 대비하였다.

이 때, 프랑스와 미국의 함대가 차례로 강화도에 침입해 왔으나, 흥선 대원군은 강력하게 대응하여 그들을 격퇴시켰다.

학습 문제

1\. 흥선 대원군이 집권할 무렵의 조선의 정세는 어떠하였는가?

2\. 흥선 대원군의 개혁 정치는 어떠한 목표를 가졌는가?

3\. 흥선 대원군이 외국과 통상 수교를 거부한 이유는 무엇인가?

나라 안팎의 정세

1860년을 전후한 시기에 조선 왕조는 안팎으로 여러 가지 어려움에 직면하게 되었다. 안으로는 60여 년 간 계속되어 온 세도 정치로 인하여
왕권이 약화되고 정치의 기강이 무너졌으며, 삼정의 문란으로 농민들의 반발이 더욱 커져 각지에서 농민 봉기가 계속 일어나고 있었다. 이 무렵에
창시된 동학은 현실에 불만을 품고 새로운 사회를 기대하고 있던 농민들에게 크게 환영을 받아 급속히 퍼져 나갔다. 또, 천주교도 국가의
탄압에도 불구하고 널리 전파되었다.

한편, 밖으로는 서양 여러 나라의 선박이 우리 나라 연해에 자주 다가와 통상을 요구하며 위협하였다. 이 때 중국에서 서양의 침략으로 베이징이
함락되었다는 소식이 전해졌으며, 연해주를 차지한 러시아 인들이 두만강을 넘나들고 있었다. 이러한 사실들이 알려지면서 백성들은 서양의 침략에
대하여 두려움을 가지게 되었다.

이양선  

이에 백성들은 나라의 정치가 바로잡혀 농민들이 편안한 생활을 할 수 있게 되기를 기대하였다.

흥선 대원군의 개혁 정치

나라 안팎이 어수선할 때 고종이 어린 나이로 즉위하였다. 이에 그의 아버지인 흥선군 이하응이 대원군이 되어 정치의 실권을 잡았다. 그는
나라의 정치를 바로잡고자 과감한 개혁을 추진하였다.

흥선 대원군  

먼저 오랫동안 세도를 부리던 안동 김씨 세력을 밀어 내고, 당파와 문벌을 가리지 않고 능력에 따라 인재를 등용하였다. 또, 관제를 개혁하여
비변사의 기능을 축소시키고, 의정부의 기능을 강화하였다. 그리고 통치 질서를 확립하기 위해 대전회통 등의 법전을 편찬하였다.

뿐만 아니라 삼정의 문란을 시정하기 위한 개혁 정책도 과감히 추진하였다. 먼저, 양반에게도 군포를 납부하도록 하는 호포제를 실시하고,
환곡제를 개혁하여 농민의 부담을 덜어 주었다. 또, 나라의 재정을 축낼 뿐 아니라 농민을 괴롭혀 오던 서원을 대폭 정리하였다. 그리고 규율을
엄하게 하여 관리들의 부정과 불법을 무겁게 다스리는 한편, 검소한 생활을 강조하는 등 사회 분위기를 새롭게 하려고 하였다.

흥선 대원군이 힘써 추진한 일 가운데 하나는 경복궁의 중건이었다. 경복궁은 임진왜란 때 불타 버린 후 그 자리만이 황폐하게 남아 있었다.
이는 왕실의 체면을 깎는 일이었으므로, 경복궁의 중건은 왕실의 권위를 세우는 것이었다.

경복궁  

흥선 대원군의 개혁 정치로 그 동안 쌓여 온 많은 폐단이 줄었으며, 나라의 재정이 크게 늘어났고 백성들의 불만도 어느 정도 없앨 수 있었다.
그러나 그의 개혁이 어느 정도 성과를 거두었음에도 불구하고, 기득권을 잃게 된 일부 양반들은 불만을 가졌고, 백성들도 경복궁 중건을 위한
부역 동원으로 인하여 고통을 받았다.

병인양요

조선 정부는 서양 각국의 계속되는 통상 요구를 침략의 위협으로 보고 이에 응하지 않았다.

러시아 인들은 흥선 대원군이 집권하기 전부터 빈번히 국경을 넘나들고 있었다. 이에, 서양의 침략을 걱정하던 조선에서는 이를 큰 위협으로
받아들이게 되었다. 대원군은 당시 국내에서 비밀리에 활동하던 프랑스 선교사를 통하여 프랑스의 힘을 빌려 러시아 세력을 막아 보려 하였다.

그러나 프랑스와의 교섭이 뜻대로 되지 않았을 뿐만 아니라, 국내에서 천주교에 대한 반대의 기운이 높아지자 대원군은 천주교를 탄압하기에
이르렀다. 그 결과, 9명의 프랑스 선교사들과 수많은 천주교도들이 체포되어 처형되었다. 프랑스는 이를 구실로 삼아 조선과의 교섭을 위하여
강화도에 침입하여 왔다. 조선 정부에서는 프랑스 군인들이 한강을 거슬러 서울로 침공하는 것을 막기 위하여, 각지의 포수를 뽑아 경비를
강화하였다.

한때 강화성이 프랑스 군에게 점령당하였으나, 정족산성을 지키던 양헌수 부대가 이를 물리쳤다. 이를 병인양요라고 한다(1866).

프랑스 군대가 물러간 뒤에, 독일인 오페르트가 대원군의 아버지 남연군의 무덤을 도굴하려다가 실패하고 달아난 사건이 일어났다. 이로 인하여,
서양인을 배척하는 기운이 더욱 높아지게 되었으며, 정부에서도 서양과의 교섭을 반대하는 주장이 더욱 커지게 되었다.

신미양요와 척화비

병인양요가 일어나기 직전에 미국의 상선 제너럴 셔먼 호가 통상을 요구하면서 대동강으로 거슬러 들어와 소란을 피우자, 평양 군민들이 이를
불태워 버린 사건이 있었다. 후에 이 사실을 안 미국은 그들의 아시아 함대를 동원하여 강화도에 침입하여 왔다.

조선 정부에서는 프랑스 군을 격퇴한 이후 강화도의 경비를 튼튼히 하고 있었던 때라, 어재연 등이 이끈 조선군은 광성진을 공격해 온 미군과
격렬한 전투를 벌였다.

광성진을 일시 점령하였던 미군은, 조선 군민의 완강한 저항에 부딪혀 오래 버티지 못하고 물러갔다. 이를 신미양요라고 한다(1871).

병인양요와 신미양요  

덕진진 포대(인천 강화)  

조선 정부는 두 차례에 걸친 서양의 침입을 막아 내면서 천주교를 계속 탄압하였고, 각지에 척화비를 세웠다. 그것은, “서양 오랑캐가
침범하였을 때 싸우지 않음은 곧 화의하는 것이요, 화의를 주장함은 나라를 파는 것이다.”라는 내용이었다.

척화비  

서양과의 교섭을 반대하는 조선 정부의 대외 정책은 일본에 대해서도 마찬가지였다. 일본은 메이지 유신 이후 새로운 국가 체제를 갖추고 그들의
세력을 넓히고자 교섭을 요청해 왔으나, 조선 정부는 이를 거절하였다. 이는 일본과 수교하면 서양의 침입이 뒤따를 것을 내다보았기 때문이었다.

서양 및 일본의 통상 요구를 거부한 조선의 대외 정책은 외세 침략의 위협을 막기 위한 자주적 성격을 지니고 있었다. 그러나 이러한 대외
정책으로 인하여, 우리 나라가 서양의 새로운 문물을 받아들이는 시기가 그만큼 늦어지게 되었다.

도움글

 정족산성 전투

1866년 초 대원군은 천주교 금압령을 내리고 프랑스 신부와 조선인 천주교 신자 수천 명을 학살하였다. 이 때 프랑스 선교사 12명 가운데
9명이 처형되었는데, 탈출한 프랑스 신부에 의해 이 소식이 중국에 알려졌다. 이에 중국에 주둔하고 있던 프랑스 함대 사령관 로즈가 함대를
이끌고 조선에 침략하여 양국 간에 군사적 충돌이 일어나게 되었는데, 이를 병인양요라 한다.

로즈는 군함 3척을 이끌고 1차로 양화진(서강)까지 올라와 지형 정찰과 수로 탐사를 하고 돌아갔다. 이어 군함 7척과 병력 1천 명을 이끌고
강화도에 침입하였다. 로즈는 강화부를 점령하고, “우리는 자비로운 황제의 명령을 받들고 우리 동포 형제를 학살한 자를 처벌하러 조선에
왔다.”는 내용의 포고문을 발표하고, 또 “조선이 선교사 9명을 학살하였으니, 조선인 9000명을 죽이겠다.”는 강경한 보복 의지를 밝혔다.

사태가 위급하게 되자, 정부는 이경하, 양헌수 등으로 하여금 군대를 이끌고 출정하게 하였다. 통진부에 진을 치고 있던 양헌수는, 화력면에서
절대적으로 불리한 조선군이 프랑스 군을 제압하기 위해서는 특별한 작전을 세워야 한다고 판단하고 강화도 수복 계획을 수립하였다. 그는 깊은
밤중에 프랑스군이 눈치채지 못하도록 비밀리에 강화 해협을 건너 정족산성을 점거하였다. 정족산성을 점거한 양헌수는 각 성문에 군대를
매복시키고, 쳐들어오는 프랑스 군대에 일제히 포격을 가하여 이를 물리쳤다. 전투 결과 프랑스 군은 전사자 6명을 포함하여 70여 명의
사상자를 내었으나, 조선군의 피해는 전사자 1명과 부상자 4명뿐이었다.

이처럼 화력면에서 열세인 조선군이 양헌수의 뛰어난 전략에 의해 근대식 무기로 무장한 프랑스 군대를 격퇴함으로써 로즈는 원정을 포기하고
강화도에서 철수하였다. 프랑스 군대는 철수하면서 강화도의 외규장각에 보관되어 있던 도서를 비롯하여 많은 우리의 문화재를 약탈해 갔다.

정족산성 전투의 승리는 우리 민족이 제국주의 침략 세력을 격퇴하였다는 점에서 역사적 의의가 크다.

학습 정리

1\. 안으로 세도 정치와 부패한 양반 사회에 대한 농민의 저항이 커져 가고, 밖으로 서양 세력이 침략적으로 접근해 오던 시기에 흥선
대원군이 집권하였다.

2\. 흥선 대원군의 개혁 정치는 왕권을 강화하고 농민의 생활을 안정시켜 조선 왕조의 체제를 재정비하는 데 의도가 있었다.

3\. 흥선 대원군은 서양의 통상 요구를 거부함으로써 정치적, 경제적, 문화적 침략을 예방하려 하였다.

 2. 강화도 조약과 개화 운동

학습 개요

외국의 통상 요구를 거부하는 정책이 시행되는 속에서도, 국내의 학자나 관리들 가운데는 세계의 변해 가는 움직임에 관심을 가지고 통상을
주장하는 사람들이 늘어 갔다. 이러한 움직임 속에서 강화도 조약이 체결되었고 개화 정책이 추진되었다.

한편, 유학자를 중심으로 한 많은 사람들은 외국과의 교섭을 반대하여 우리의 전통 문화와 질서를 지켜야 한다고 주장하였다.

이러한 두 개의 서로 다른 견해는 개화 운동과 위정 척사 운동이라는 대립된 경향으로 나타나게 되었고, 이로 인하여 근대화를 추진하는 과정에서
여러 가지 문제점이 제기되었다.

학습 문제

1\. 강화도 조약이 지니는 의의는 무엇인가?

2\. 개화파가 주장한 개화 정책의 목표와 방법은 무엇인가?

3\. 위정 척사 운동은 어떠한 의의와 한계를 지녔는가?

4\. 갑신정변을 일으킨 사람들이 실시하려던 개혁 정치의 목표는 무엇인가?

강화도 조약

흥선 대원군이 집권한 지 10년 만에 물러나고 왕비를 중심으로 한 민씨 세력이 집권하면서 대외 정책에 큰 변화가 일어났다. 일본은 흥선
대원군이 물러나자 적극적으로 조선에 접근해 왔다.

마침내 일본은 운요호 사건을 일으키고, 이를 구실로 삼아 통상 조약의 체결을 강요하였다. 당시 조선측에서는 일본과의 조약 체결을 반대하는
사람이 많았으나, 박규수 등의 주장으로 결국 강화도 조약을 체결하였다(1876).

강화도 조약은 우리 나라 최초의 근대적 조약이었으나, 치외 법권의 인정 등 조선에 불리한 내용으로 된 불평등 조약이었다. 이를 계기로 하여
부산, 원산, 인천의 세 항구를 개항하였으며, 일본은 서울에 공사관을 설치하고, 조선에 그 세력을 침투시키기 시작하였다.

강화도 조약문  

강화도 조약 이후 서양 여러 나라들과도 조약을 체결하게 되었다. 특히, 러시아 세력을 막기 위해서 미국과 수교해야 한다는 주장이 일어나,
서양 여러 나라 가운데서 최초로 미국과 조약을 체결하게 되었으며(1882), 이어서 영국, 독일, 러시아, 프랑스 등의 나라들과 차례로
조약을 체결하였다. 그러나 이들 나라와의 조약도 모두 불평등 조약이었다.

개화 사상의 보급

흥선 대원군의 집권을 전후하여 조선의 일부 학자들은 중국에서 들여 온 서양 문물을 소개한 서적들을 읽고 서양에 대해 비교적 많은 지식을
가지게 되었다. 이들은 나라가 발전하기 위해서는 문호를 열어 서양과 통상을 해야 하며, 서양의 기술을 받아들이는 것이 필요하다고 생각하였다.

이들 가운데 중국에 자주 왕래하던 오경석과 정부의 고관인 박규수 등이 대표적이었는데, 이들의 영향을 받은 사람들이 김옥균, 박영효 등이었다.
이들이 가지고 있던 생각을 개화 사상이라고 한다. 개화 사상은 새로운 문물을 들여 오고 제도를 고쳐서 나라를 부강하게 하기 위한 개화 정책의
사상적 기반이 되었다.

개화 정책의 추진

강화도 조약이 체결된 뒤 조선 정부는 개화 정책을 적극적으로 추진하였다. 먼저, 김기수와 김홍집은 일본에 수신사로 가서 일본의 발전된 여러
모습을 살펴보고 돌아와 국왕에게 보고하였으며, 젊은 관리들로 구성된 신사 유람단은 일본의 재정, 군사, 교육 등 여러 제도를 살피고 왔다.
또, 영선사 김윤식이 이끈 청년 유학생들은 청의 톈진으로 가서 근대적인 무기 제조법과 군사 훈련법 등 새로운 기술을 배워 왔다.

김기수  

김홍집  

한편, 이와 같이 근대적인 새로운 문물을 적극적으로 들여 오고 이를 효과적으로 활용하기 위해서는 새로운 제도가 필요하였다. 그리하여 정부는
통리기무아문이라는 기구를 새로 설치하였다. 통리기무아문은 우리 나라 최초의 근대적인 행정 기구였다.

또, 다른 나라와 떳떳하게 상대하려면 군사력이 강해야 하였으므로 신식 군대를 조직하였는데, 이를 별기군이라 하였다. 별기군은 일본에서 들여
온 무기를 가지고 일본인 교관으로부터 신식 군사 훈련을 받았다.

창설 당시의 별기군  

위정 척사 운동

개화 사상이 보급되고 정부의 개화 정책이 추진되면서 유학자를 중심으로 하여 이를 반대하는 움직임이 일어났다. 이를 위정 척사 운동이라고
한다.

일찍이 프랑스의 강화도 침입이 있을 당시에 기정진, 이항로 등은 서양과의 통상을 반대하는 척사론을 주장하여 흥선 대원군의 대외 정책을
지지하기도 하였다. 또, 강화도 조약이 체결될 때에는 최익현 등이 일본과의 수교와 통상을 강력하게 반대하였다.

그런데 정부의 개화 정책이 적극적으로 추진되면서 위정 척사 운동도 치열하게 전개되어, 전국적으로 유학자들이 상소를 올려 정부의 정책을
반대하였다.

척사 상소문을 읽고 있는 유생  

위정 척사 운동은 당시 새로운 사회로 발전하고 있는 시대적인 상황에 어긋나는 점이 없지 않았지만, 그 바탕에는 민족 의식과 함께 우리 전통
문화의 우수함에 대한 강한 자부심이 깔려 있었다.

임오군란

정부의 개화 정책에 특히 불만을 가진 사람들은 구식 군인들이었다. 이들은 새로 설치된 별기군보다 낮은 대우를 받는 것과 우리 나라 사람이
아닌 일본인 교관이 별기군을 훈련시키는 것에 대해 크게 반발하였다.

그러던 중에 구식 군인들은 오랫동안 밀린 급료의 일부로 받은 쌀에 모래가 섞여 있자 쌓였던 불만을 터뜨렸다. 성난 군인들은 평소에 미워하던
정부의 고관을 죽이고, 일본 공사관을 습격하였으며, 일본인 교관을 살해하였다. 이 사건을 임오군란이라 한다(1882).

임오군란 때 일본 공사관을 습격하는 군인과 주민들  

이를 계기로 흥선 대원군이 다시 정권을 잡았다. 흥선 대원군은 그 동안 정부가 실시한 개화 정책을 무효로 하고 원래의 상태로 되돌려 놓았다.
그러나 청의 간섭으로 홍선 대원군이 물러나고 민씨 세력이 다시 정권을 잡았다. 이에 청은 서울에 군대를 주둔시키고 조선의 내정을 간섭하기
시작하였다.

한편, 일본은 군란으로 피해를 입었다고 주장하면서 조선 정부에 배상을 강요하여 두 나라 사이에 제물포 조약이 체결되었다. 이 때 박영효가
일본에 사절로 가면서 처음으로 태극기를 사용하였다.

초기의 태극기  

갑신정변

임오군란 후, 조선은 청의 내정 간섭을 받게 되었고, 집권한 민씨 세력은 개화 정책에 소극적이어서 근대적 개혁이 제대로 진행될 수가 없었다.
이에 적극적으로 개화 정책을 추진하고자 하는 사람들을 중심으로 개화당이 형성되어 두 세력 사이에는 대립이 생기게 되었다.

개화당의 중심 인물은 김옥균, 박영효, 홍영식 등이었다. 이들은 일본을 왕래하면서 그들의 발전된 모습을 보고, 우리 나라도 개혁을 추진하여
근대 국가를 이룩해야 한다고 생각하였다. 마침 홍영식이 우정국 총판으로 임명되자, 이들은 우정국의 개국 축하연을 이용하여 정변을 일으켰다.
이를 갑신정변이라고 한다(1884).

김옥균  

그들은 새 정부를 구성하고 개혁 정치를 추진하였다. 그 내용은 정치, 사회, 경제 등 여러 제도를 개혁하여 근대 국가로 발전하려는 것이었다.
그러나 개혁 운동은 청군이 개입함으로써 3일 만에 실패로 끝나고 말았다.

갑신정변이 실패한 이유는, 개화당 인물들이 일을 너무 급하게 진행시켜 준비가 소홀했으며, 개화당의 개혁 정치에 대한 일반 국민들의 이해가
깊지 못하였기 때문이었다.

도움글

 개화의 의미

〈유길준의 서유견문〉

대개 개화(開化)라 하는 것은 인간이 이룩한 온갖 일과 사물이 가장 바람직한 경지에 이름을 말함이니, 그러한 고로 개화하는 경지는 한정하기가
불능한 것이라.

인민 재력의 분수도 그 등급이 높고 낮음이 있으나, 인민의 습성과 나라의 규모를 따라서 그 차이도 역시 나오나니, 이는 개화하는 방도도
하나가 아닌 연유이어니와, 개화하는 일에서 가장 중요한 것은 사람의 하고 하지 않음에 있을 따름이라. 오륜(五倫)의 행실을 돈독히 하여
사람이 도리를 안즉 이는 행실의 개화이며, 사람이 학술을 궁구(窮究)하여 만물의 이치를 밝힌즉 이는 학술의 개화이며, 국가의 정치를 정대히
하여 백성이 태평한 즐거움이 있는 것은 정치의 개화이며, 법률을 공평히 하여 백성이 억울한 일이 없는 것은 법률의 개화이며, 기계의 제도를
편리케 하여 사람의 씀을 이롭게 하는 것은 기계의 개화이며, 물품의 제도를 정밀히 하여 사람의 삶을 두터이 하고 거친 일이 없게 하는 것은
물품의 개화이니, 이러한 여러 조목의 개화를 합한 연후에 개화가 다 갖추어진 것이라고 비로소 말할지라.

서유견문  

학습 정리

1\. 조선은 개항으로 국제 무대에 등장하였으나, 이후 제국주의 열강의 침략에 직면하게 되었다.

2\. 개화 정책의 목표는 근대 국가의 건설이고, 방법은 근대적 문물의 도입과 제도의 개혁이었다.

3\. 위정 척사 운동은 민족의 자주성과 전통 문화를 지키려는 것이었으나, 새로운 사회로의 발전을 꾀하려는 시대적인 요구에 따르지 못하였다.

4\. 개화당은 갑신정변을 일으켜 자주적인 근대 국가를 건설하려 하였으나, 청의 무력 간섭과 국민들의 지지 기반 부족으로 실패하였다.

 3. 동학 농민 운동

학습 개요

강화도 조약 이후 일본의 경제적 침투로 농민의 생활이 어려워져 갔다. 그러나 정부는 농민의 어려움을 해결해 주지 못하였다.

이에 농민들은 그들을 위한 정치가 이루어질 수 있도록 개혁을 주장하며, 외세의 침략을 막고 나라를 지키려는 대규모의 농민 운동을 일으켰다.
여기에 농민 사이에 널리 보급되어 있던 동학의 조직이 농촌 사회에 깊이 뿌리 내려 농민 운동에 큰 영향을 끼쳤다.

동학 농민 운동을 계기로 안으로는 갑오개혁이 추진되고, 밖으로는 청과 일본 사이에 전쟁이 일어났다.

학습 문제

1\. 강화도 조약 이후 일본의 경제적 침투로 농촌 경제가 입은 타격은 어떠하였는가?

2\. 동학 농민 운동에서 농민들이 주장한 내용은 무엇인가?

3\. 동학 농민 운동은 국내외적으로 어떠한 영향을 끼쳤는가?

외세의 침투

갑신정변 이후, 우리 나라의 주변 정세는 복잡하게 전개되었다. 청과 일본의 세력 다툼이 심해졌고, 러시아와 영국까지도 우리 나라를 넘보았다.
러시아는 연해주에 군항 블라디보스토크를 건설하고 조선에 그 세력을 뻗어 왔다.

이에 영국은 우리 나라의 거문도를 불법적으로 점령하고 포대를 설치하여 러시아의 남하를 견제하려고 하였다. 그러나 영국은 러시아가 조선의
영토를 점령하지 않는다는 약속을 하자 물러났다

거문도 사건과 러시아의 남하  

조선을 둘러싼 열강의 경쟁이 심해지자 국내외에서 조선을 중립국으로 하자는 주장이 나오기도 하였다.

방곡령

갑신정변 이후에 청나라와 일본 상인들이 경쟁적으로 침투하여 조선의 농촌 사회는 더욱 피폐해졌다. 특히, 일본 상인들은 영국산 면제품과
일본에서 생산되는 일용품을 가져와서 비싼 값으로 팔고, 쌀이나 콩 등의 곡식과 금 또는 쇠가죽을 싼 값으로 사 갔다.

일본 상인들은 농촌 곳곳에서 쌀을 사 갔으므로 우리 나라 농촌에는 쌀이 부족해져서 농민의 생활이 어려워져 갔다. 그리하여 함경도와 황해도
등지에서는 지방관들이 곡식의 유출을 금지하는 방곡령을 내렸다. 이에 일본 정부는 방곡령의 실시에 절차상의 문제가 있다고 트집을 잡아 조선
정부에 배상을 강요하였다.

이와 같은 상황에서 우리 나라 농민들은 일본의 경제적 침략에 강한 반감을 품게 되었으며, 점차 일본을 배척하는 기운이 확산되어 갔다.

개항 후의 대일 무역

연도 | 수입 | 수출  
---|---|---  
1877.7.~1878.6. | 228,554 원 | 119,539 원  
1878.7.~1878.12. | 142,618 원 | 154,707 원  
1879 | 566,953 원 | 677,061 원  
1880 | 978,013 원 | 1,373,672 원  
1881 | 1,944,731 원 | 1,882,659 원  
1882.1.~1882.6. | 742,562 원 | 897,225 원  
  

1893년의 무역량  

또, 이러한 분위기에서 정부와 부패한 관리들에 대한 불만도 커져갔으며, 농민들 사이에서는 점차 정치의 개혁을 주장하는 움직임이 나타나기
시작하였다.

동학의 성장

밖으로 외세의 침투에 대한 반감과 안으로 부패한 정치에 대한 불만으로 농촌 사회에서는 새로운 변화를 기대하는 기운이 높아 갔다. 이에 전통
사상과 개혁 사상을 내포한 동학이 농촌 사회에 급속히 퍼져 나갈 수 있었다.

동학은 세상을 어지럽히고 백성을 속인다는 이유로 교조 최제우가 처형되어 한때 그 세력이 위축되었다. 그러나 동학은 제2대 교주인 최시형의
활약으로 충청도 보은 지방을 중심으로 각지에 교단을 조직하고 교세를 넓혀 나갔다.

동학의 교세가 점점 커지자, 교도들은 교조 최제우의 억울한 죄명을 풀어 줄 것과 동학 교도에 대한 관리들의 탄압을 중지할 것을 요구하기에
이르렀다.

동학 교도들은 전라도 삼례에서 집회를 열었고, 다시 그들의 대표들이 서울에 와 대궐 앞에서 국왕에게 직접 상소를 올렸다. 그러나 정부에서
별다른 반응을 보이지 않자 충청도 보은에서 대규모 집회를 다시 열어 교조의 신원, 외세의 배척, 탐관 오리의 숙청 등을 요구하기에 이르렀다.

동학 농민 운동의 전개

이처럼 농촌 사회의 분위기가 어수선할 때, 전라도 고부 군수 조병갑이 여러 가지로 부정을 저질러 농민들의 원성을 샀다. 그는 자기 부친의
선정을 기리는 비석을 세운다고 농민들에게서 많은 경비를 거두었다. 그리고 이전부터 사용하던 저수지를 버리고 농민들을 동원하여 새로운 저수지를
만들고는 약속과 달리 추수할 때 물세를 받아들였다. 이에 농민들은 마을의 지도적 인물인 전봉준을 앞세워 여러 차례 시정을 요구하였다.

그러나 오히려 조병갑의 탐학이 더 심해지므로, 분개한 농민들과 동학 교도들이 전봉준의 지휘로 고부 관청을 습격하고 새로 만든 저수지를
무너뜨렸다(1894).

이에 정부에서는 관리를 보내어 사태를 조사하였는데, 그 과정에서 군수의 비행에 대해서는 책임을 묻지 않고 농민들에게 모든 책임을 물어
주동자를 잡아 가두고 처벌하려 하였다.

그리하여 동학 교도를 중심으로 농민들이 다시 일어났으며, 인근 지역에서도 호응하기 시작하여 농민 봉기는 삽시간에 전라도 전 지역으로 번져
나갔다.

사발 통문  

이 때 전봉준이 이끈 동학 농민군은 부패한 정치를 바로잡아 백성을 구하고 나라를 평안히 하자는 주장을 내세웠다. 동학 농민군은 황토현
싸움에서 관군과 싸워 승리하였으며, 장성에서는 정부에서 보낸 정예 부대마저 격퇴하였다.

황토현 전적비(전북 정읍)  

이어 동학 농민군은 각지에서 관군을 물리치고 북상하여 마침내 전주를 점령하였다. 이처럼 동학 농민군의 세력이 점점 커지자, 이를 진압할
자신이 없는 정부는 청나라에 군대를 파견해 줄 것을 요청하였다. 청이 군대를 파견하자, 일본도 조선에 있는 일본인을 보호한다는 구실로 군대를
파견하였다.

한편, 정부는 농민군과 타협을 추진하였다. 그리하여 농민군은 정부가 개혁을 실시하겠다는 약속을 받고 전주에서 철수하였다.

집강소의 설치

전주에서 철수한 동학 농민군은 일종의 자치적 행정 기구인 집강소를 전라도 각지에 설치하고, 신분제의 폐지와 토지의 균등한 분배 등을 목표로
개혁을 추진하였다. 그러나 개혁을 위한 농민의 자발적인 노력은 정부의 적극적인 협조가 없어 큰 성과를 거두지 못하였다. 이 때 일본군이
경복궁에 침입하여 국왕을 위협하는 침략적 행위를 저지르고 있었다. 이에 동학 농민군은 일본의 침략을 막기 위하여 다시 궐기하였다.

그러나 북상하던 동학 농민군은 우수한 무기를 가진 일본군과 관군에게 공주 우금치 전투에서 패하였으며, 전봉준 등 지도자들이 잡힘으로써
농민군의 봉기는 결국 실패하고 말았다.

체포되어 압송되는 전봉준  

동학 농민 운동은 비록 실패로 끝났으나, 우리 나라가 근대 사회로 발전하는 데 중요한 영향을 주었다. 동학 농민 운동을 계기로 안으로는
갑오개혁이 추진되었고, 밖으로는 청⋅일 전쟁이 일어나게 되어 동아시아 정세에 큰 영향을 끼쳤다.

도움글

 공주 우금치 전투

고부에서 처음 봉기한 동학 농민군은 전라도 여러 지역을 점거하고 전라 감영이 있던 전주성까지 점령하였다. 이 무렵 정부는 스스로의 힘으로
동학 농민군을 진압하기 어렵다는 것을 알고 청나라에 원병을 요청하였다. 청나라가 조선에 군대를 파견하자, 일본도 자기 나라의 거류민을
보호한다는 구실로 즉각 군대를 파견하였다. 이리하여 조선을 둘러싸고 청⋅일 양국 사이에는 전쟁의 기운이 감돌게 되었다.

이러한 급격한 정세의 변화 속에서 동학 농민군은 집강소에서 정세만을 관망하고 있을 수 없었다. 더욱이 일본군이 경복궁을 점령하고 새 정권을
세웠다는 소식은 일본에 대한 분노를 불러일으켰다. 이에 동학 농민군은 전봉준, 손화중 등의 지도하에 척왜를 부르짖으며 다시 봉기하였다.

이 때 모인 동학 농민군의 수는 10만여 명에 이르렀다. 전봉준이 거느리는 동학 농민군은 관군의 근거지인 공주를 향해 진격하였으나, 도중에
상당수가 이탈하였다. 전봉준은 공주성을 공격하기 위해 전주 지방에 주둔하고 있던 김개남과 광주 지방의 손화중에게 통문을 보내 합세하도록
요청하였다.

당시 정부군은 공주 본영과 계룡산 뒤편에 병력을 나누어 배치하고 있었는데, 동학 농민군이 공격하자 일본군이 주둔하고 있던 우금치로
후퇴하였다. 이후 우금치를 둘러싸고 동학 농민군과 정부군⋅일본군 사이에 치열한 공방전이 벌어졌다.

우금치 전투는 동학 농민군으로서는 운명을 건 일대 혈전이었다. 그러나 6, 7일간에 걸쳐 계속된 50여 회의 공방전 끝에 우수한 근대식
무기와 장비로 무장한 일본군에게 동학 농민군은 많은 사상자를 내면서 참패하고 말았다.

그 후 동학 농민군의 주력 부대는 1만여 명의 병력 중 겨우 살아남은 500여 명으로 항전을 계속하면서 남쪽으로 후퇴하다가 후일을 기약하면서
모두 해산하였다.

이로써 고부 봉기로부터 1년여에 걸쳐 전개되었던 동학 농민 운동은 결국 실패하였다. 그러나 동학 농민군은 뒤에 항일 의병 전쟁에 참가하기도
하였다.

동학 농민군 위령탑(충남 공주)  

학습 정리

1\. 조선의 농민들은, 일본 상인들이 면제품 등의 공산품을 비싸게 팔고 쌀⋅콩 등 농산물을 헐값에 가져가서, 이중으로 피해를 입었다.

2\. 동학 농민 운동에서 농민들은 부패한 정치를 바로잡아 백성을 구하고 외세를 배척하여 나라를 평안히 하자고 주장하였다.

3\. 동학 농민 운동은 안으로는 갑오개혁, 밖으로는 청⋅일 전쟁의 계기가 되었다.

 Ⅴ. 근대 국가 운동

   1\. 갑오개혁  
   2\. 독립 협회와 대한 제국
   3\. 애국 계몽 운동
   4\. 의병 전쟁

독립문(서울 서대문)  

근대 국가 운동

근대 국가로의 발전을 지향하는 개혁의 움직임은 갑오개혁으로 나타났다. 그러나 청⋅일 전쟁에서 승리한 일본의 간섭과 러시아의 침투는 자주적인
근대화를 방해하였다.

이에 대하여 자주 독립, 자강 개혁, 자유 민권 운동이 독립 협회를 중심으로 전개되었으며 이 시기에 대한 제국이 성립되어 근대적인 개혁을
추진하였다.

또, 국민의 애국심 고취와 실력 양성을 위한 애국 계몽 운동이 각 분야에서 활발하게 전개되는 한편, 일본의 침략에 무력으로 대항하는 의병
전쟁이 전개되었다.

19세기 말에서 20세기 초의 세계

 1. 갑오개혁

학습 개요

동학 농민 운동이 진행되고 있을 때, 정부에서는 내정 개혁을 준비하고 있었다. 그러나 조선에 군대를 파견한 일본은 조선 정부의 내정 개혁에
간섭하면서 그들의 침략에 이용하려고 하였다.

갑오개혁은 일본의 간섭이 있었다고 하더라도 이미 개화 사상을 바탕으로 추진되었던 개화 정책을 계승한 것이었다. 갑오개혁으로 정치, 사회,
경제적인 면에서 근대적인 제도가 마련되었으며, 우리 나라가 근대 사회로 발전하는 계기가 되었다.

그러나 일본과 러시아의 세력 경쟁이 진행되면서 을미사변이 일어나는 등 외세의 간섭이 심하게 나타났다. 이에 일본의 침략에 대항하여 자주
국가로 발전하려는 국민적 의지가 높아져 갔다.

학습 문제

1\. 갑오개혁의 내용 중에서 농민들의 주장을 받아들였다고 볼 수 있는 것은 무엇인가?

2\. 갑오개혁의 목표와 한계는 무엇인가?

3\. 청⋅일 전쟁 이후 거세어진 일본의 침략에 우리 민족은 어떻게 대응하였는가?

근대적 개혁의 추진

동학 농민 운동이 일어나자 정부에서는 내정 개혁을 실시하기 위하여 교정청을 설치하고 개혁을 추진하려 하였다. 그러나 동학 농민 운동을 계기로
군대를 파견한 일본은 이 기회에 침략의 발판을 마련하기 위해 무력으로 조선 정부를 위협하여 내정 개혁을 요구하고, 청⋅일 전쟁을 도발하였다.

조선은 김홍집을 총리 대신으로 하는 새로운 정부를 구성하고, 특별 기구로 군국기무처를 설치하여 정치, 경제, 사회의 각 분야에 걸친 개혁을
추진하였다. 이를 갑오개혁이라고 한다(1894).

갑오개혁에서는 정부의 조직을 의정부와 궁내부로 나누고, 의정부 밑에 8아문을 두었다. 그리고 과거 제도를 폐지하고 새로운 관리 임용법을
제정하였다. 또, 사법 제도를 고쳐 사법권을 행정 기구로부터 분리시켜 각지에 재판소를 설치하였고, 신분 제도를 철폐하였으며, 도량형을
통일하였다.

갑오개혁은 우리 나라 근대화의 계기가 되었으며, 이와 같은 개혁의 정신은 홍범 14조에 잘 나타나 있다. 그러나 개혁이 너무 성급하게
추진되었을 뿐만 아니라 일본의 간섭으로 말미암아 국민들의 반발을 사기도 하였다.

홍범 14조

1\. 청에 의존하는 생각을 버리고 자주 독립의 기초를 세운다.

2\. 왕실 전범(典範)을 제정하여 왕위 계승의 법칙과 종친과 외척과의 구별을 명확히 한다.

3\. 임금은 각 대신과 의논하여 정사를 행하고, 종실(宗室), 외척의 내정 간섭을 용납하지 않는다.

4\. 왕실 사무와 국정 사무를 나누어 서로 혼동하지 않는다.

5\. 의정부(議政府) 및 각 아문(衙門)의 직무, 권한을 명백히 규정한다.

6\. 납세는 법으로 정하고 함부로 세금을 징수하지 아니한다.

7\. 조세의 징수와 경비 지출은 모두 탁지아문(度支衙門)의 관할에 속한다.

8\. 왕실의 경비는 솔선하여 절약하고, 이로써 각 아문과 지방관의 모범이 되게 한다.

9\. 왕실과 관부(官府)의 1년 회계를 예정하여 재정의 기초를 확립한다.

10\. 지방 제도를 개정하여 지방 관리의 직권을 제한한다.

11\. 총명한 젊은이들을 파견하여 외국의 학술, 기예를 견습시킨다.

12\. 장교를 교육하고 징병을 실시하여 군제의 근본을 확립한다.

13\. 민법, 형법을 제정하여 인민의 생명과 재산을 보전한다.

14\. 문벌을 가리지 않고 인재 등용의 길을 넓힌다.

삼국 간섭과 을미사변

청⋅일 전쟁의 결과로 시모노세키 조약이 맺어졌다. 이 조약으로 일본은 청나라의 요동 반도와 타이완을 차지하게 되었다. 일본의 세력이 급격히
커지자 러시아는 일본 세력의 확대를 반대하는 프랑스와 독일을 끌어들여 세 나라가 공동으로 요동 반도를 청에 반환하도록 일본에 압력을
가하였다. 이를 삼국 간섭이라고 한다. 일본은 결국 이에 굴복하고 요동 반도를 청에 반환하였다.

일본이 삼국의 압력에 굴복하자, 조선에서는 명성 황후를 중심으로 일본의 세력을 막기 위해서 러시아에 접근하려는 움직임이 나타났다.

이에 일본은 그들의 세력을 만회하기 위해 군대를 앞세워 궁중으로 침입하여 명성 황후를 시해하는 야만적인 행위를 저질렀다. 이를 을미
사변이라고 한다(1895).

명성 황후 시해 장소(경복궁 옥호루)  

단발령과 항일 의병

을미사변으로 새로 조직된 내각은 중단되었던 개혁을 다시 추진하였다. 그리하여 태양력이 사용되고, 우편 제도가 실시되었으며, 단발령이
시행되었다. 이를 을미개혁이라고 한다.

단발령 지령문  

명성 황후를 시해한 데 대해 분개하고 있던 국민들은, 단발령이 발표되자 이를 적극적으로 반대하고 나섰다. 이러한 국민들의 움직임은 일본의
침략에 대항하여 우리 나라를 지키려는 항일 의병 운동으로 나타났다.

당시의 의병 운동은 위정 척사 사상을 계승한 것으로, 일본의 침략이 강화되자 이에 적극적으로 대항하기 위하여 무기를 들고 일어난 것이었다.
이 때의 의병 운동은 지방의 유학자들이 주도하였는데, 대표적인 의병장으로는 유인석, 이소응 등을 들 수 있다.

학습 정리

1\. 갑오개혁의 내용 중에서 특히 신분 제도의 폐지는 농민들의 주장을 받아들인 것이다.

2\. 갑오개혁은 근대 국가의 건설을 목표로 하였으나, 너무 성급하게 추진되었고 일본의 간섭으로 국민들의 지지를 받지 못해 기대했던 성과를
거두지 못하였다.

3\. 청⋅일 전쟁 후, 일본이 침략을 강화하고 을미사변을 일으키자, 국민들은 항일 의병을 일으켜 맞서 싸웠다.

 2. 독립 협회와 대한 제국

학습 개요

러시아와 일본의 침략 경쟁이 강화되어 가는 과정에서 민족의 자주 독립을 지키려는 민족 운동이 독립 협회를 중심으로 전개되었다.

독립 협회는 국민을 계몽하기 위하여 한글로 독립 신문을 발행하고, 자주 독립 정신을 고취하기 위하여 독립문을 건립하였다. 그리고 국가의
자주권을 지키기 위한 자주 독립 운동, 국민의 민주적인 권리를 요구하는 민권 운동, 근대적 개혁을 주장하는 자강 개혁 운동 등을 추진하였다.

이와 같은 국민의 움직임에 힘입어 성립된 대한 제국은 자주 국가의 면모를 갖추면서 여러 가지 개혁을 추진하였다. 그러나 집권 세력 내부의
보수적 경향과 외세의 침략적 간섭으로 어려움이 많았다.

학습 문제

1\. 독립 협회의 활동 목표는 무엇이며, 계몽 활동은 어떻게 전개되었는가?

2\. 독립 협회가 개최한 만민 공동회에서 정부에 요구한 것은 무엇인가?

3\. 광무 개혁의 목표와 성과는 어떠하였는가?

아관 파천

을미사변과 단발령으로 항일 의병이 각지에서 일어나 나라 안이 소란하게 되자, 이 틈을 타서 조선에 세력을 키우려던 러시아가 적극적으로 침투해
왔다. 이에 고종은 일본의 위협을 피하기 위하여 러시아 공사관으로 그 처소를 옮겨 갔다. 이를 아관 파천이라 한다(1896).

이후 러시아의 내정 간섭이 심하여 조선은 독립 국가로서의 위신이 크게 떨어졌다. 특히, 러시아 인이 군사 및 재정 고문으로 있으면서 광산
채굴권과 삼림 채벌권을 빼앗아 가는 등 조선에서 러시아의 세력이 증대되었다. 이를 계기로 우리 나라는 미국, 일본, 프랑스, 영국, 독일 등
여러 나라들에게 철도, 광산 등에 대한 이권을 빼앗겼다.

열강의 이권 침탈  

독립 신문의 간행

을미사변과 아관 파천 후, 자주 독립을 이룩해야 한다는 의식이 국민 사이에 점차 높아져 가고 있었다.

갑신정변이 실패한 후, 미국으로 망명하였던 서재필이 귀국하여 독립 신문을 간행하였다. 독립 신문은 특히 한글로 간행되어 국내의 여러 소식뿐만
아니라, 세계 여러 나라의 새로운 소식을 전하였고, 논설을 통하여 나라를 발전시키기 위한 여러 가지 방도를 제시하였다. 또, 정부나 관리의
잘못을 지적하고 비판하였으며, 국민들의 애국심과 단결심을 강조하였다.

독립 신문 창간호  

서재필  

독립 협회의 활동

독립 신문을 간행하고 있던 서재필과 개화파 지식인들은 자주 독립을 목적으로 독립 협회를 조직하였다(1896). 독립 협회의 회원 자격에는
아무 제한이 없어 정부의 고관들은 물론 각계 각층의 사람들이 가입하였다.

독립 협회의 활동 방향은 나라의 자주 독립을 지키고, 국민들의 자유 민권을 증대시키며, 개혁을 통해 나라를 부강하게 하는 자강 개혁 운동을
추진하는 것이었다.

독립 협회는 독립 신문으로 국민들을 계몽하고, 국민들의 성금을 모아 독립문을 세우며, 토론회와 연설회를 자주 열어 국민의 자주 독립 의식을
고취하였다. 또, 독립 협회는 여러 나라들이 우리 나라의 이권을 빼앗는 것을 반대하는 운동을 벌였으며, 러시아 공사관에 머물러 있는 고종의
환궁을 요구하였다.

만민 공동회의 개최

독립 협회는 서울의 종로에서 일종의 민중 집회인 만민 공동회를 열었다.

만민 공동회에서는 정치나 사회의 여러 가지 문제들에 관해 토론을 벌였다. 시민들은 외세에 의존하는 정치를 비판하고, 근대적인 의회 정치의
실시 등 혁신적인 개혁 정치를 요구하는 건의서를 국왕에게 올리기도 하였다.

만민 공동회의 연설 장면(민족 기록화)  

일반 시민들이 중심이 된 만민 공동회의 주장이 점차 강해지자, 이에 위협을 느낀 일부 보수적인 정치인들은 독립 협회의 간부들을 체포하게
하였다. 그리고 보부상들이 조직한 황국 협회를 앞세워 독립 협회와 충돌을 하게 한 후, 이를 구실로 독립 협회를 해산시켰다.

독립 협회의 활동은 국민들 사이에 자주 독립 의식을 보급시켰으며, 외세의 침략에 대항하는 민족 운동의 전개에 커다란 영향을 끼쳤다.

대한 제국과 광무 개혁

독립 협회를 중심으로 나라의 자주 독립을 주장하는 국민들의 목소리가 점점 높아지고, 러시아 공사관에 머무르고 있는 고종의 환궁을 요구하는
국민의 여론이 강하게 일어났다. 이와 같은 상황에 처하여 새로운 정치가 필요하였으므로, 고종은 1년 만에 경운궁(지금의 덕수궁)으로 환궁하여
국호를 대한 제국으로, 연호를 광무라 정하고, 황제 즉위식을 거행하여 자주 국가의 면모를 갖추었다(1897).

대한 제국은 열강 세력이 서로 경쟁하는 정세를 이용하여 자주 국가로 발전하기 위한 여러 가지 개혁을 추진하였다. 이를 광무 개혁이라 한다.

광무 개혁에서는 경제 발전을 위한 산업의 육성과 교육의 진흥에 힘을 기울였다. 농민 생활을 안정시키고 재정을 확보하기 위하여 토지를 새로이
측량하였으며, 상공업을 발전시키기 위하여 각종 회사와 공장을 설립하였다. 또, 새로운 기술자와 경영인을 양성하기 위하여 각종 학교를
설립하였다. 그리고 대한 제국은 외세의 침략에 대항하여 국권을 지키기 위하여 군제를 개편하였다.

대한 제국은 광무 개혁을 통해 자주 국가로 발전하려 하였으나, 집권층 내부의 보수적인 경향으로 큰 성과를 거두지 못하였고, 외세의 침략도
효과적으로 막아 내지 못하였다.

도움글

 독립 신문 창간호의 논설

우리가 독립 신문을 오늘 처음으로 출판하는데, 조선 속에 있는 내외국 인민에게 우리의 주의를 미리 말씀하여 아시게 하노라.

우리는, 첫째, 편벽되지 아니한 고로 무슨 당에도 상관이 없고, 상하 귀천을 달리 대접하지 아니하고, 모두 조선 사람으로만 알고, 조선만을
위하며, 공평히 인민에게 말할 터인데, 우리가 서울 백성만 위할 것이 아니라 조선 전국 인민을 위하여 무슨 일이든지 대언하여 주려 함.

정부에서 하시는 일을 백성에게 전할 터이요, 백성의 정세를 정부에 전할 터이니 만일 백성이 정부 일을 자세히 알고 정부에서 백성의 일을
자세히 아시면, 피차에 유익한 일만 있을 터이요, 불평한 마음과 의심하는 생각이 없어질 터이옴.

우리가 이 신문을 출판하기는 취리하려는 것이 아닌 고로 값을 헐하도록 하였고, 모두 언문으로 쓰기는 남녀 상하 귀천이 모두 보게 함이요, 또
구절을 띄어쓰기는 알아보기 쉽도록 함이라.

우리는 바른 대로만 신문을 할 터인 고로, 정부 관원이라도 잘못하는 이 있으면 우리가 말할 터이요, 탐관 오리들을 알면 세상에 그 사람의
행적을 펴일 터이요, 사사로운 백성이라도 무법한 일 하는 사람은 우리가 찾아 신문에 설명할 터이옴.

우리는 조선 대군주 폐하와 조선 정부와 조선 인민을 위하는 사람들인 고로 편당 있는 의논이든지 한쪽만 생각하고 하는 말은 우리 신문상에 없을
터이옴.

또, 한쪽에 영문으로 기록하기는 외국 인민이 조선 사정을 자세히 모른즉 혹 편벽된 말만 듣고 조선을 잘못 생각할까 보아 실상 사정을 알게
하고자 하여 영문으로 조금 기록함.

그러한즉 이 신문은 조선만 위함을 가히 알 터이요, 이 신문을 인연하여 내외 남녀 상하 귀천이 모두 조선 일을 서로 알 터이옴. 우리가 또
외국 사정도 조선 인민을 위하여 간간이 기록할 터이니 그것을 인연하여 외국은 가지 못하더라도 조선 인민이 외국 사정도 알 터이옴.

오늘은 처음인 고로 대강 우리 주의만 세상에 고하고, 우리 신문을 보면 조선 인민이 소견과 견해가 진보함을 믿노라.

학습 정리

1\. 독립 협회는 자주⋅민권⋅자강 운동을 전개하였으며, 신문의 발행, 민중 집회 등을 통하여 국민 계몽에 힘썼다.

2\. 독립 협회가 개최한 만민 공동회에서는 외세 의존적인 정치를 비판하고, 근대적인 의회 정치의 실시를 요구하였다.

3\. 광무 개혁은 자주 국가로 발전하기 위한 정부의 노력이었으며, 산업과 교육의 진흥에 이바지하였으나, 보수적 집권층의 반대로 큰 성과를
거두지 못하였다.

 3. 애국 계몽 운동

학습 개요

개항 이후 개화 운동의 추진으로 우리 나라는 문화 전반에 걸쳐 커다란 변화를 겪었다. 그러나 근대 문화의 수용과 함께 외국 세력의 침투로
나라의 자주권이 위협을 받게 되었다.

이와 같은 상황에서 전개된 민족 운동이 애국 계몽 운동이었다. 애국 계몽 운동은, 개화된 지식인들이 앞장 서서 나라를 지키기 위한 힘을
기르도록 하자는 계몽 운동의 성격을 가지고 있었다. 동시에 나라의 부강을 꾀하여 자주 국가로 발전하려는 것이었다.

그리하여 정치⋅사회 단체의 활동을 비롯한 언론 활동, 국학 연구 활동, 민족 교육 운동 등 다양한 움직임이 나타났다.

학습 문제

1\. 애국 계몽 운동이란 무엇인가?

2\. 대한 제국 시기의 정치⋅사회 단체, 민족 신문, 민족 교육 기관들 중에서 대표적인 것은 무엇인가?

3\. 국채 보상 운동의 성격과 그 전개 상황은 어떠하였는가?

애국 계몽 운동

외세의 침략이 거세어지면서, 민족의 위기를 국민들의 힘으로 극복해야 한다는 의식이 높아졌다. 그리하여 교육과 산업을 발전시켜 부국 강병을
이루어야 한다는 주장을 내걸고, 개화된 지식인들이 앞장 서서 국민들을 계몽하는 애국 계몽 운동을 펴 나갔다.

이러한 움직임은 정치 활동, 교육 활동, 언론 활동, 학문 활동, 종교 활동, 경제 활동 등 각 분야에 걸쳐 나타났다. 이 가운데 특히 교육
활동은 국민의 애국심을 기르고 민족 정신을 높일 수 있는 것이었기 때문에 나라의 주권을 지키기 위한 민족 교육 운동이 활발하게 전개되었다.

정치⋅사회 단체의 활동

독립 협회가 해산된 후, 정치 단체로서 가장 먼저 조직된 것은 보안회였다. 보안회는 러⋅일 전쟁이 진행되는 동안에 일본이 대한 제국 정부에
황무지 개척권을 강요하자, 이를 반대하는 국민의 여론을 일으키는 데에 앞장 섰다. 결국 일본은 황무지 개척권을 포기하였지만, 보안회도 일본의
강압에 의하여 해산되었다.

보안회가 해산되자, 과거에 독립 협회에서 활동하던 인사들이 모여 헌정 연구회를 조직하고, 일본의 침략에 대항하면서 입헌 의회 제도를 중심으로
하는 근대적인 정치 제도의 마련을 주장하였다.

을사조약이 강요되고 통감부에 의해 한국인의 정치 활동이 금지되자, 헌정 연구회의 중심 인물들은 새로이 대한 자강회를 조직하였다. 헤이그 특사
사건을 문제삼아 일본이 고종의 퇴위를 강요하자, 대한 자강회는 이를 반대하는 운동을 전개하였다.

고종 황제의 퇴위를 강요하며 시위하는 일본군  

그러나 통감부의 억압이 날로 심해져, 겉으로 드러나는 정치⋅사회 단체들의 활동이 어려워졌다. 이에 안창호, 이승훈, 양기탁 등은 비밀 단체로
신민회를 조직하였다(1907). 신민회는 외세의 침략에 대항하여 그 활동 목표를 민족의 자주 독립을 확립할 수 있는 국민의 역량을 기르는 데
두었다. 특히, 민족 교육의 추진, 민족 산업의 육성, 민족 문화의 계발에 활동의 중점을 두었다. 그리하여 신민회 회원들은 대성 학교와 오산
학교를 설립하였고, 자기 회사와 태극 서관을 운영하였다. 한편, 민족의 독립 역량을 기르기 위해, 일제의 감시가 아직 미치지 못하는 만주
등지에 독립 운동 기지를 건설하였다.

민족 신문의 간행

근대 사회와 문화의 발전에 크게 이바지한 것 중의 하나는 신문이었다. 우리 나라 최초의 근대적 신문인 한성 순보는 관보의 성격을 띠었으며,
열흘에 한 번씩 발행되었다.

최초로 민간에서 간행한 신문은 독립 신문이었다. 서재필이 한글과 영문으로 간행한 독립 신문은 국민을 계몽하고 자주 정신을 일깨우는 데에 큰
공헌을 하였으며, 우리 나라에 와 있는 외국인들에게 나라의 소식을 전해 주는 일도 하였다.

그 후 창간된 황성 신문은 한글과 한문을 섞어 간행되었으며, 애국적인 논설과 국민들의 애국 활동에 관한 소식을 많이 실어 민족 정신을
고취시키는 데 주력하였다. 특히, 황성 신문은 을사조약의 내용이 발표되자, 이를 강력하게 비난하는 논설을 실어 일본의 침략을 규탄하는 데
앞장 섰다. 제국 신문은 주로 여성들을 대상으로 하여 간행되었는데, 한글을 많이 사용하였으며, 국민 계몽과 민족 정신의 고취를 위한 논설과
기사를 실었다.

장지연  

이들 신문보다 조금 뒤에 간행된 대한 매일 신보는 양기탁과 영국인 베델이 발행인으로 참여하였다. 이 신문은 언론에 대한 통감부의 심한 간섭
속에서도 일본의 침략에 반대하는 논설을 실었으며, 의병 활동 등 민족 운동에 관한 기사를 많이 실어 민족 의식을 불러일으키는 데 커다란
공헌을 하였다.

양기탁  

근대 학교와 민족 교육 운동

근대 사회로 발전하는 과정에서 새로운 교육 제도가 도입되었다.

개화 운동이 진행되면서 정부는 영어 강습 기관인 동문학을 세우고, 함경도 덕원의 주민들은 원산 학사를 세워 자제들에게 새로운 지식과 외국어를
가르침으로써 우리 나라 근대 교육의 출발점이 되었다. 그 후 정부에서는 육영 공원을 세우고, 주로 양반 자제들에게 새로운 지식과 외국어를
가르쳤다. 한편, 외국인 선교사들은 배재 학당, 이화 학당 등을 세워 신학문과 서양 문물 및 영어 등을 가르쳤다.

갑오개혁 이후 정부에서는 교육 입국 조서를 발표하여 교육의 중요성을 널리 알린 후에, 사범 학교, 외국어 학교, 소학교 등을 차례로 세워
인재의 양성에 힘을 기울였다.

국민들 사이에 민족의 자주 독립과 민권의 확립을 이룩하는 데에는 교육이 가장 필요하다는 생각이 확산되어 갔다. 교육을 통하여 민족 정신과
민족 의식을 키울 수 있기 때문이었다. 일본의 침략이 거세어지면서 나라를 지키는 길은 교육이라는 자각이 확산되어, 민족 지도자들은 많은
학교를 세워 구국 교육 운동을 추진해 나갔다.

1905년 이후 보성, 양정 등을 비롯한 수많은 학교가 세워져, 1910년 무렵에는 전국의 학교 수가 5000여 개나 되었다.

초창기 근대 학교의 교과서  

신식 교육 장면  

국어⋅국사의 연구

외세의 침략으로부터 나라를 지키려는 민족 의식이 높아지면서 국어와 국사의 연구가 활발해졌다. 또, 민족 교육이 전개되는 과정에서도 국어와
국사 교육은 중요한 위치를 차지하고 있었다.

당시에 한글이 널리 사용되었던 것은 민족의 역사와 문화에 관한 자부심이 강하였다는 것을 말해 주고 있다.

이미 갑오개혁 때 공문서에 한글을 사용하기 시작하였으며, 독립 신문도 한글로 간행되었다. 크리스트 교의 성경과 찬송가 등도 한글로 쓰여져
한글이 보급되는 데 큰 공헌을 하였다.

한글의 보급과 더불어 한글 연구를 위한 국문 연구소가 설립되었으며, 주시경의 국어 문법을 비롯한 여러 가지 문법책이 나와 국어의 연구에
이바지하였다.

국어 문법  

국사 연구에는 박은식, 신채호 등의 활동이 두드러졌으며, 이들은 민족의 자주와 전통을 확립하려는 민족주의 사학의 기틀을 마련하였다.

한편, 이순신이나 을지문덕, 강감찬, 최영 등과 같이 외적을 물리친 민족 영웅의 전기가 많이 쓰여져, 학교에서 이를 교과서로 사용하였으며
일반인들도 널리 읽었다.

세계사에 관한 책들도 편찬되었다. 미국 독립사, 월남 망국사, 이태리 건국 삼걸전 등이 대표적인 것으로, 외국의 간섭에서 독립을 하거나
나라를 발전시킨 경우, 또는 외세의 침략으로 나라를 잃은 경우를 소개하여 스스로 교훈을 얻으려 하였다.

신문학의 등장

문학에서의 변화는 순 한글을 사용하여 언문 일치의 문장으로 쓰여진 신소설의 등장이 대표적이다. 그 내용은 옛날의 관습을 비판하고 신지식을
소개하는 등 계몽적인 성격이 강하였다. 유길준은 새로운 문체로 서유견문을 지어 서양의 문물을 소개하였다.

신소설의 작가로는 혈의 누, 귀의 성, 치악산 등의 작품을 쓴 이인직이 대표적이며, 이해조와 최찬식 등도 활동하였다. 한편, 종래의 정형시
양식에서 벗어난 신체시가 나왔는데, 최남선이 그 선구를 이루었다.

신소설  

종교 활동

동학 농민 운동이 실패한 후 커다란 타격을 받았던 동학은, 일본의 침략이 심해지자 이에 대항하기 위하여 그 세력을 다시 키워 갔다. 손병희를
중심으로 조직을 가다듬은 동학은 이름을 천도교로 바꾸고 교세를 키워 가면서 민족 운동을 펴 나갔다.

천도교 중앙 대교당  

나철이 일으킨 대종교는 단군 신앙을 발전시킨 것으로 민족적 성격이 강하였다. 특히, 간도와 연해주 등지의 한인 사회에서는 정신적 지주로서
커다란 공헌을 하였다.

오랫동안 박해를 받아 오던 천주교는 신앙 활동이 자유로워졌으며, 개항 이후에 새로 들어온 개신교도 전국 곳곳에 교회를 짓고 교세를 키워
나갔다.

명동 성당  

정동 교회  

국채 보상 운동

애국 계몽 운동이 전개되면서 국민들은 일본의 간섭을 막기 위하여 일본에 진 빚을 국민의 힘으로 갚자는 운동을 일으켰다(1907). 그리하여
국채 보상 기성회가 조직되어 대구를 중심으로 전국 각 지방으로 퍼져 나갔다. 국민들은 담배와 술을 끊고 반지와 비녀 등을 내어 성금을
모았으며, 여러 단체와 언론 기관이 모금 운동을 벌였다.

국채 보상 운동에 관한 논설을 실은 대한 매일 신보(좌)와 국채 보상 모금표(우)  

이 운동은 경제적인 자주성을 찾으려는 민족 운동의 성격을 띠고 전개되었으나, 통감부의 방해로 실패하고 말았다.

근대 문물의 수용

개항 이후 서양의 근대 과학 문명이 수용되고 계속적인 개화 정책이 추진되면서, 여러 가지 근대적인 시설이 갖추어졌다.

통신 시설로는 먼저 우정국이 설치되어 근대적인 우편 업무가 실시되었다. 그러나 갑신정변으로 일시 중단되었다가, 그 후 다시 실시되어 만국
우편 연합에도 가입하였다.

전신 시설은 정치와 군사적인 필요성에서 먼저 서울과 인천, 서울과 의주 사이에 가설되었고, 곧 서울과 부산 사이에도 가설되었다. 그리고 전보
총국이 설치되어 전보를 취급하였다. 전화는 궁중에서 처음 사용되었고, 그 뒤 서울과 인천 사이에도 가설되었다.

근대적인 교통⋅운수 시설로 전차가 서울에서 운행되었고, 우리 나라 최초의 철도로 서울과 인천 사이에 경인선이 개통되었으며, 러⋅일 전쟁을
전후한 시기에 일본의 침략과 관련하여 경부선과 경의선이 개통되었다.

개화기의 전차  

한편, 근대적 의료 시설도 갖추어졌다. 우리 나라에서 최초로 서양 의술을 선보인 사람은 미국인 알렌이었으며, 그는 정부에서 최초로 세운
서양식 병원인 광혜원을 운영하였다. 개신교에서 세운 세브란스 병원에서는 의료 활동과 의학 교육을 실시하였다. 정부에서는 각 도에 자혜 의원을
세웠고, 서울에는 대한 의원을 세워 의료 요원을 양성하기도 하였다. 지석영은 종두법을 연구하고 보급시켜 국민 보건에 큰 공헌을 하였다.

대한 의원  

근대적 문화 시설로는 서울에 원각사가 세워져 신극이 공연되었으며, 독립문과 덕수궁의 석조전 등 서양식 건물들도 세워졌다.

이와 같은 근대적 문화 시설과 문물의 수용으로 국민들의 생활이 크게 변화하여 갔다.

경제 활동

경제 분야에서도 새로운 변화가 나타났다. 그 새로운 모습의 하나가 민간인에 의한 근대 산업 활동이다.

개항 이후, 개항장에 외국 상인들이 드나들게 되자, 이들과 접촉하면서 개항장을 중심으로 새로운 상업 활동을 하는 도매 상인들이 생겨났다.
이들은 외국 상인, 특히 일본 상인의 침투에 대항하여 대동 상회와 같은 회사를 조직하기도 하였다.

상인 단체도 조직되어 개항장에서 일본 상인들의 불법 행위에 대항하는 한편, 우리 나라 상인들끼리 국내외의 경제 동향에 대한 정보 교환 활동도
하였다.

공업 분야에서도 근대적인 시설과 기구가 갖추어졌다. 근대 무기를 만드는 기기창, 화폐를 발행하는 전환국, 출판물을 인쇄하는 박문국, 옷감을
짜는 직조창, 광산 개발을 위한 광무국 등이 설치되었다. 이들 기구들은 정부에 의해 운영되었는데, 대한 제국이 수립된 이후로는 민간
기업인들도 근대 공업에 관심을 쏟기 시작하였으며, 품질이 좋은 제품을 만들고자 노력하였다. 또, 그들은 대한 직조 공장 등을 세워 일본
상품과 경쟁하였다.

해운업에서도 근대적인 시설이 갖추어졌다. 일본 상선이 그 지배권을 넓혀 가자, 정부에서는 전운국, 이운사 등을 설치하고, 국내 기업들도 해운
회사를 설립하여 자주적인 해운업의 성장을 꾀하였다.

한편, 일본 금융 기관의 침투에 대항하여, 민족 자본에 의한 한성 은행, 천일 은행 등이 설립되기도 하였다.

그러나 이와 같은 민족 자본에 의한 상공업의 활동은 그 자본이나 운영면에서 일본인에 비하여 미약하였으므로, 상공인들이 일본의 경제 침략에
맞서 민족 산업을 육성하기에는 상당한 어려움을 겪어야 하였다.

학습 정리

1\. 애국 계몽 운동은 지식인들이 사회⋅문화적 활동을 통하여 나라를 지키려는 실력 양성 운동으로 여러 분야에 걸쳐 활발하게 진행되었다.

2\. 정치⋅사회 단체로는 보안회와 신민회, 민족 신문으로는 황성 신문과 대한 매일 신보, 민족 교육 기관으로는 사립 학교들이 애국 계몽
운동에 앞장 섰다.

3\. 국채 보상 운동은 경제적 민족 운동의 성격을 지녔으며, 성금을 모아 나라의 빚을 갚으려 하였으나, 일제의 방해로 중단되었다.

 4. 의병 전쟁

학습 개요

우리 나라를 둘러싼 열강의 세력 다툼은 결국 러시아와 일본의 경쟁으로 압축되어 갔다. 러⋅일 전쟁에서 승리한 일본은 우리 나라에 대한 침략을
본격적으로 추진하였다.

을사조약이 강요되자 우리 민족은 여러 가지 방법으로 일제의 침략에 대항하는 민족 운동을 전개하였다. 애국 지사들은 친일 인사들을 처단하는 데
앞장 서거나 자결하기도 하였다.

한편, 무기를 들고 일제에 대항하는 의병 운동이 확대되었다. 군대의 강제 해산을 계기로 의병의 대일 항쟁은 의병 전쟁으로 발전하여 전국에서
일본 군경에 대항하여 싸웠다. 그 후 의병 부대는 국외로 이동하여 독립군의 모체가 되기도 하였다.

학습 문제

1\. 러⋅일 전쟁이 우리 나라에 미친 영향은 무엇인가?

2\. 우리 민족은 을사조약 반대 투쟁을 어떻게 펼쳤는가?

3\. 의병 운동의 성격과 그 전개 과정은 어떠하였는가?

4\. 독도와 간도에 대한 일제의 침탈 과정은 어떠하였는가?

러⋅일 전쟁과 일제의 침략

삼국 간섭으로 러시아는 만주에서의 철도 부설권을 획득하는 등 그 세력을 확대시키고, 우리 나라에도 각종 이권을 강요하면서 침투해 왔다.
러시아는 그 동안 추진해 오던 남하 정책의 일환으로 부산 부근의 마산포에 해군 기지를 만들려고 하였으며, 만주에 군대를 주둔시키려고 하였다.
이와 같은 러시아 세력의 증대는 청⋅일 전쟁 후 적극적으로 우리 나라에 대한 침략 정책을 추진하던 일본과의 대립을 격화시켰다.

이 때, 세계의 여러 곳에서 러시아와 대립하고 있던 영국은 영⋅일 동맹을 맺고 일본을 도왔는데, 영국은 우리 나라에서 일본의 이익을 인정하는
약속을 하였다. 이러한 러시아와 일본의 대립으로 드디어 러⋅일 전쟁이 일어나게 되었다(1904).

전쟁이 일어나자 일본은 즉시 서울과 지방의 군사 요지에 군대를 주둔시키고, 일본이 군사상 필요한 곳을 마음대로 사용할 수 있으며, 우리
나라의 정치에 간여할 수 있도록 하는 한⋅일 의정서를 강제로 체결하였다.

이어서 러⋅일 전쟁이 그들에게 유리하게 진행되자 일본은 한⋅일 협약을 강요하였다. 이 협약의 내용은 우리 나라의 재정과 외교 분야에 일본이
추천하는 외국인 고문을 두는 것으로서, 일본이 우리 나라의 내정을 간섭하기 위한 것이었다. 그러나 실제로는 재정과 외교 분야뿐만 아니라
군사, 교육, 경찰 분야에까지 고문을 두어 우리 나라는 정치, 외교에서 자주권을 크게 침해당하였다.

19세기 말과 20세기 초의 주변 정세  

을사조약과 민족의 저항

러⋅일 전쟁에서 승리한 일본은 우리 나라에 대한 침략을 본격적으로 추진하였다. 그리하여 우리 나라의 외교권을 빼앗고 통감부를 설치하는 것을
주요 내용으로 하는 을사조약을 강요하였다(1905).

이 때, 고종 황제를 비롯하여 내각은 이를 강력하게 반대하였다. 그러나 일본은 군대를 동원하여 대궐을 포위하고 친일 대신을 앞세워 일방적으로
조약을 발표하였다. 이를 계기로 일본은 통감부를 설치하여 외교권뿐만 아니라 우리 나라 내정 전반을 간섭하기 시작하였다.

이 무렵, 미국과 영국 등 열강은 동아시아에서 그들의 이익을 보장받는 대가로 일본의 침략을 묵인하였다.

을사조약이 일본에 의하여 강요되었다는 소식이 전해지자, 이를 반대하는 민족의 분노가 여러 가지 형태로 폭발하였다. 국민들은 통곡을 하면서
나라의 장래를 걱정하였으며, 상인들은 일제히 철시를 하여 저항하였다. 학생들은 자진하여 휴학하였으며, 많은 사람들이 고종 황제에게 조약을
파기하도록 탄원하기도 하였다.

장지연은 황성 신문에 ‘시일야 방성 대곡’이라는 제목으로 논설을 실어 일본의 불법적인 조약 강요의 과정을 폭로하고 일본의 침략을
비난하였으며, 이에 앞장 선 친일 대신들을 격렬하게 비판하였다.

대한 매일 신보나 제국 신문도 을사조약 반대 운동의 소식을 자세히 보도하여 민족의 항일 정신을 크게 고취시켰다. 그리고 민영환은 을사조약을
막지 못한 것은 용서받을 수 없는 큰 죄라고 하면서, 동포에게 전하는 유서를 남기고 자결하였다.

민영환  

항일 의병 투쟁의 재개

을사조약이 강요되기 전부터 이미 경기도와 강원도를 비롯한 중부 지방의 곳곳에서 의병 활동이 나타나고 있었으며, 을사조약 강요 이후에는 규모가
큰 의병 부대가 여러 곳에서 일본군과 전투를 하였다. 이 때 의병장으로 활동한 대표적인 사람으로는 최익현, 신돌석 등을 들 수 있다.

당시 유생들의 지도자였던 최익현은 제자 임병찬과 함께 전북 태인에서 의병 부대를 일으켜 순창에서 큰 세력을 이루었다. 최익현은 정부의
진위대가 공격을 해 오자 왜적이 아닌 동족과는 싸울 수 없다고 하면서 전투를 중지하고 체포당하였다. 그는 일본군에 의해 쓰시마 섬에
잡혀갔다가 그 곳에서 순국하였다.

평민 출신인 신돌석은 평해, 울진, 영해 등지를 중심으로 활동하였는데, 의병의 수가 수천 명에 이르렀다.

항일 의병 투쟁 과정에서 평민 출신인 신돌석이 의병장이 되었다는 사실은, 의병 운동이 신분을 초월한 국권 수호 운동으로 전개되었음을 말해
주는 것이다.

의병의 모습  

헤이그 특사와 군대 해산

을사조약을 반대하는 민족의 저항 운동이 전개되는 속에서 고종 황제는 자신의 뜻에 어긋나는 을사조약을 무효화하기 위한 노력을 기울였다.

마침 헤이그에서 제2회 만국 평화 회의가 열리자, 고종 황제는 이 기회를 이용하여 을사조약의 불법성과 일본의 침략 사실을 세계에 널리 알리기
위해 이준, 이상설, 이위종 세 사람을 헤이그에 특사로 파견하였다(1907).

헤이그 특사(왼쪽부터 이준, 이상설, 이위종)  

그들은 각국의 대표들에게 을사조약이 불법적으로 강요되었음을 주장하였으며, 만국 기자 협회에 참석하여 일본의 침략을 규탄하는 연설을 하는 등
우리 나라의 사정을 알리는 데 힘을 기울였다.

그러나 일본이 우리 나라의 외교권을 장악하고 있을 뿐만 아니라, 그들의 방해 공작이 심하였기 때문에 세 특사는 회의에도 참석할 수가 없었다.
이준 열사는 뜻대로 일이 진행되지 못함을 통분한 나머지 그 곳에서 순국하였다.

헤이그 특사 파견 사실이 알려지자, 일본은 그들의 침략에 방해가 되는 고종 황제를 위협하여 강제로 퇴위시켰다(1907).

이어서 일본은 우리 나라의 재정이 어렵다는 구실을 붙여 군대를 강제로 해산시켰다. 군대가 해산당하자 군인들은 이에 저항하여 항일 투쟁을
전개하였다. 해산 당일, 시위대 대대장 박승환이 자결한 것을 계기로 시위대는 서울 시내에서 일본군과 시가전을 벌였으며, 원주, 강화, 충주,
진주 등지의 진위대도 일본군과 전투를 벌였다. 한편, 해산된 군인들은 의병 부대에 합류하여 무장 투쟁을 계속하였다.

대한 제국의 군인들  

의병 전쟁의 확대

해산된 군인들이 의병 부대에 합류하게 됨으로써, 의병 부대는 보다 조직적으로 활동할 수 있었고, 새로운 무기도 갖추게 되어 전투력이 크게
향상되었다.

의병들의 항일 투쟁은 이제 일본의 침략으로부터 나라를 구하기 위해 각계 각층의 사람들이 참여함으로써 범국민적인 대일 전쟁의 성격을 띠고
전개되어 갔다.

각지에서 의병 부대가 일본군과 전투를 계속하는 가운데 서울에서 일본군을 몰아내어야 한다는 주장이 일어나, 각지의 의병 부대가 연합하여 서울
진공 작전을 폈다.

그리하여 이인영을 총대장으로 하는 13도 창의군이 편성되어 경기도 양주에 집결하여 서울로 진공하게 되었다. 허위가 거느린 선발대가 서울
가까이까지 진격하였으나, 일본군의 우세한 화력과 후원군의 부족으로 성공하지 못하였다.

이후에도 의병들은 각지에서 항일전을 전개하였으나, 무기와 전투 경험의 부족으로 열세를 면치 못하였다. 일본군의 대규모 작전으로 의병 활동은
점차 약화되었고, 일부 의병 부대는 만주나 연해주로 이동하여 독립군으로 활동하였다.

의병 부대의 활동  

의거 활동

일본의 침략에 대항하여 나라의 주권을 지키기 위한 민족 운동으로 애국 계몽 운동과 의병 전쟁이 진행되는 가운데, 침략의 원흉이나 매국노를
처단함으로써 민족의 원한을 풀고 침략을 막으려는 의사와 열사들의 의거 활동이 국내외에서 계속되었다.

일본의 추천으로 우리 나라에 외교 고문으로 와 있던 미국인 스티븐스가 미국에 돌아가서 우리 나라에 대한 일본의 침략을 찬양하는 발언을
하였다. 이 때 미국에 있던 전명운, 장인환은 이에 격분하여 샌프란시스코에서 그를 사살하였다. 두 의사의 의거는 미국에 있는 동포들의
애국심을 불러일으키는 계기가 되었으며, 미국인들이 우리 나라를 바로 알게 하는 데에 크게 영향을 끼쳤다.

한편, 국내외에서 의병장으로 항일전을 전개하고 있던 안중근은, 초대 통감으로 우리 나라 침략에 앞장 섰던 이토 히로부미를 하얼빈에서
처단하였다(1909). 안중근은 우리 나라와 대륙에 대한 일본의 침략을 막아 우리 나라의 독립을 유지함과 아울러 동아시아에 평화를 이룩한다는
원대한 뜻을 가지고 있었다.

재판 과정에서 밝혀진 안중근의 강한 애국심과 정의감, 그리고 죽음을 초월한 의연한 태도는 많은 사람들을 감동시켰다.

안중근의 글씨  

안중근  

국내에서도 친일 인사에 대한 국민의 원성이 높아 갔으며, 이들을 처단하려는 의사들의 움직임이 끊임없이 일어났다.

이재명은 일본의 앞잡이 구실을 해 온 이완용을 처단하고자 하였으나, 부상을 입히는 데 그치고 말았다. 또, 나철과 오기호 등은 5적 암살단을
조직하여, 을사조약에 동의하였던 매국노들을 숙청하려 하였으나 성공하지는 못하였다.

독도와 간도

일본은 우리 나라를 침략하면서 독도를 강탈하는 한편, 간도 지방을 제멋대로 청나라에 넘겨 주었다.

독도는 울릉도에 부속된 섬으로 일찍부터 우리 나라의 영토로 이어져 내려왔다. 조선 초기에 유민을 막기 위하여 울릉도에 사는 사람들을 본토에
옮겨 살게 하여 일시적으로 정부의 관리가 소홀해지기는 하였으나, 우리 나라 어민들이 고기잡이를 하는 거점으로 계속 활용되어 왔다.

조선 숙종 때에는 동래에 사는 어민 안용복이 이 곳에 왕래하는 일본 어부들을 쫓아 버리고, 일본에 건너가서 독도가 우리 나라의 영토임을
확인시킨 일도 있었다.

그 후에도 일본 어민들이 자주 울릉도 부근에 불법으로 접근하여 고기를 잡아가는 일이 있었으나, 정부에서는 이 곳에 우리 나라 사람들의 이주를
장려하고 관청을 설치하여 독도까지 관할하도록 하였다. 그러나 일본은 러⋅일 전쟁 중에 독도를 강제로 그들의 영토로 편입시켜 버렸다.

한편, 간도는 고구려와 그 뒤를 이은 발해의 땅으로서 오랫동안 우리 민족의 활동 무대였다. 여진족이 청을 건국한 뒤에는 이 지역을 그들
조상의 발상지라고 하여 다른 민족의 이주를 금지하였지만, 우리 나라 사람들이 곳곳에 살고 있었다.

조선 숙종 때에는 백두산에 정계비를 세워 간도를 우리 나라 영토로 표시하였다. 그 후에도 간도에는 우리 나라에서 많은 사람들이 이주해서
황무지를 개척하고 논밭을 일구며 생활 터전을 넓혀 갔다.

한민족의 해외 이주  

백두산 정계비  

이에 청은 우리 나라 사람들의 철수를 강요하며 간도가 그들의 영토라고 주장하였으나, 정부에서는 관리를 파견하여 우리 나라 사람들을 보호하며
다스렸다.

을사조약으로 우리 나라의 외교권을 빼앗은 일본은 만주 지방의 침략을 위해, 안동과 봉천 간의 철도 부설권을 얻는 조건으로 간도를 청에 넘겨
주는 간도 협약을 체결하였다(1909).

도움글

 장지연의 ‘시일야 방성 대곡’

지난날 이등 후작이 한국에 옴에 어리석은 우리 국민이 서로서로 모여 말하기를, 이등 후작은 평시에 동양 3국의 안정과 안녕을 맡아 주선하던
인물이라 금일에 한국에 옴에 반드시 우리 나라의 독립을 공고하게 세울 방략을 권고하리라 하여 항구로부터 서울에 이르기까지 관민 상하가 크게
환영하였더니, 세상일이 예측하기 어려운 일이 많도다. 천만 꿈 밖에 5조약이 어디로 비롯하여 제출되었는가. 이 조약은 비단 우리 대한뿐만
아니라 동양 3국의 분열하는 조짐을 만들어 낸 것인즉 이등 후작의 처음의 원래의 의도가 어디에 있었던가.……

그러하거늘 저 돼지와 개만도 못한 우리 정부의 소위 대신 된 자들이 영리를 바라고 덧없는 위협에 겁을 먹어 놀랍게도 매국의 도적을 지어 4천
년 강토와 5백 년 사직을 다른 나라에 갖다 바치고 2천만 국민으로 타국인의 노예를 만드니 저들 개, 돼지만도 못한 외부 대신 박제순 및 각
대신은 족히 깊이 책망할 가치도 없는 자들인 것이다.

그러하거니와 명색이 참정 대신인 자는 정부의 수석 대신이라, 단지 부(否)자로써 책임을 궁색하게 면하여 명예를 구하는 데 도움을 주었던가.
청음 김상헌의 서류를 찢는 통곡도 불능하고 동계 정온의 할복하는 것도 불능하고 여전히 생존하여 세상에 다시 서니 무슨 면목으로 강경하신 황상
폐하를 다시 대하며 2천만 동포를 다시 대하리요.

아아 분하도다! 우리 2천만, 타국인의 노예가 된 동포여! 살았는가! 죽었는가! 단군 기자 이래 4천 년 국민 정신이 하룻밤 사이에 졸연히
멸망하고 말 것인가! 원통하고 원통하다! 동포여! 동포여!

학습 정리

1\. 러⋅일 전쟁에서 승리한 일본은 을사조약을 강요하여 우리 나라의 외교권을 빼앗고 통감부를 설치하는 등 본격적인 침략에 나섰다.

2\. 우리 민족은 일제의 주권 침탈에 맞서 의병의 항전, 의사⋅열사의 의거, 언론⋅외교 활동 등 을사조약 반대 투쟁을 활발히 벌였다.

3\. 의병 운동은 무력으로 일본에 대항하여 나라를 지키려는 적극적인 민족 운동으로서, 군대 해산 이후에는 의병 전쟁으로 확대되었다.

4\. 일본은 러⋅일 전쟁 중 독도를 불법적으로 빼앗았으며, 대륙 침략을 위해 간도를 청에 넘겨 주었다.

 Ⅵ. 민족의 독립 운동

   1\. 민족의 수난
   2\. 3⋅1 운동
   3\. 대한 민국 임시 정부
   4\. 국내의 독립 운동
   5\. 민족 문화 수호 운동

탑골 공원(서울 종로)  

민족의 독립 운동

1910년 일본 제국주의의 침략으로 우리 민족은 국권을 침탈당하고 식민지 지배를 받게 되었다. 조선 총독부는 가혹한 무단 통치로 우리 민족의
자유를 억압하였으며, 토지와 자원을 약탈하였다.

이에 대항하여 우리 민족은 독립 운동을 전개하여 1919년 3⋅1 운동을 일으켰다. 그 후 중국 상하이에 대한 민국 임시 정부를 수립하여
민족의 독립 운동을 이끌었고, 만주와 연해주에서는 독립군을 조직하여 무장 독립 전쟁을 전개하였다.

한편, 국내에서도 일제의 식민지 지배에 항거하여 사회적, 경제적인 저항운동이 줄기차게 이어졌고, 민족의 전통 문화를 지키기 위한 노력도
계속되었다.

제1차 세계 대전 전후의 세계

 1. 민족의 수난

학습 개요

일제는 한국을 식민지로 만들기 위하여 먼저 우리의 군대를 해산시켜 군사력을 무력화시키고, 이어 사법권과 경찰권을 차례로 빼앗아 마침내 국권을
강탈하였다.

식민지 지배 기구인 조선 총독부는 헌병 경찰 통치를 통해 한민족을 억압하였다. 토지를 약탈당한 한국의 농민들은 소작농으로 변해 갔으며, 우리
나라는 각종 자원을 약탈당하여 일본의 산업 발달에 필요한 원료 공급지와 상품 시장으로 전락되었다.

이 시기의 한민족에 대한 일제의 지배 정책의 기본 방향은, 한민족을 노예적 상태로 만들어 그들의 이익을 최대한으로 확보하려는 것이었다.

학습 문제

1\. 일제는 우리의 국권을 강탈한 후 어떠한 방식으로 우리 민족을 통치하려 하였는가?

2\. 1910년대에 우리 민족에게 가장 큰 고통을 안겨 준 일제의 수탈 정책은 무엇인가?

3\. 일제의 식민지 경제 정책은 어떠한 방향으로 추진되었는가?

국권의 침탈

헤이그 특사 파견을 구실로 고종 황제를 강제로 퇴위시킨 일제는 군대마저 해산시킨 후 대한 제국을 식민지로 삼기 위해 침탈을 계속하였다. 즉,
대한 제국의 사법권을 빼앗은 후 경찰권마저 통감부에서 장악하여 행정과 사법, 치안 등 모든 분야에 대한 지배권을 강화하여 갔다.

일제는 이완용을 중심으로 한 친일 내각에 대한 제국을 일제에 합병하는 조약을 강요하여, 마침내 우리 민족의 국권을 강탈하였다(1910).
이로써 오랫동안 독자적인 문화를 창조하면서 발전해 온 우리 민족은 일제의 노예적 상태로 떨어지게 되었다.

헌병 경찰 통치

국권을 빼앗긴 우리 민족은 일제의 식민 통치 기구인 조선 총독부의 지배를 받게 되었다. 일본의 육⋅해군 대장 중에서 임명된 조선 총독은
행정권은 물론 사법권과 군사권 등 모든 권한을 가지고 우리 민족을 탄압하였다. 일제의 우리 나라에 대한 식민지 지배는 헌병 경찰을 앞세운
강압적인 무단 통치였다.

한국인의 모든 정치 활동은 금지되었으며, 집회와 결사의 자유도 박탈되어 그 동안 활동해 오던 애국 계몽 운동 단체들이 해산당하였다. 또,
황성 신문과 대한 매일 신보 등 민족 신문의 발행이 금지되고, 많은 애국 지사들이 체포, 투옥되어 목숨을 잃기도 하였다.

조선 총독부는 한민족을 위협하고 굴복시키기 위하여 일반 관리는 물론 교원들에게도 제복을 입게 하고 칼을 차도록 하였다.

칼을 찬 교원  

이러한 일제의 강압적인 식민 통치로, 활동이 어렵게 된 민족 지도자들은 해외로 망명하였으며, 그 동안 계속되어 오던 의병 운동도 점차 그
활동 무대를 만주나 연해주 등지로 옮기게 되었다.

토지의 침탈

일제의 식민지 지배하에서 우리 민족은 특히 경제적인 수탈로 인하여 커다란 고통을 당하게 되었다. 이 가운데서 가장 큰 피해를 입은 것이
토지의 침탈이었다.

일제는 국권을 빼앗은 직후부터 이른바 토지 조사 사업이라는 이름을 붙여 농민들의 토지를 신고하게 하였다. 이는 토지 소유 관계를 근대적으로
정리한다는 구실로 추진되었다. 그러나 신고 절차가 복잡하고 까다로웠으며, 일제에 협조하지 않으려는 반일 감정으로 인하여 많은 농민들이 신고를
하지 않았다.

그 결과, 신고되지 않은 토지는 주인이 없는 토지로 간주되어 총독부의 소유가 되었다. 또, 종래에 왕실이나 공공 기관에 속하였던 많은 토지가
총독부의 소유가 되었으며, 전국적으로 분포되어 있던 문중의 땅이나 마을의 공유지도 대부분 몰수되었다.

조선 총독부는 이들 농토를 동양 척식 주식 회사 등 일본인이 경영하는 토지 회사에 불하하거나 한국에 건너오는 일본인에게 헐값으로 넘겨
주었다.

동양 척식 주식 회사  

그 결과, 한국의 농민들은 더욱 가난해졌으며, 토지를 잃은 농민들은 깊은 산 속으로 들어가 화전민이 되기도 하였고, 새로운 삶의 터전을
찾아서 만주 등 국외로 이주하는 사람들도 늘어갔다.

산업의 침탈

일제는 한국의 토지를 약탈하는 동시에 우리 민족의 산업 활동을 여러 모로 제약하고, 온갖 수단을 다하여 자원을 약탈해 갔다. 이는, 한국을
일본의 경제 발전에 필요한 상품 시장과 원료 공급지로 만들어, 그들의 국가 이익을 증대시키기 위한 것이었다. 일제의 산업 침탈 정책으로 우리
민족의 경제 활동은 크게 위축되었으며, 민족 산업도 그 발전이 억압되어 침체될 수밖에 없었다.

조선 총독부는 회사령을 공포하여 회사 설립은 반드시 조선 총독의 허가를 받아야만 가능하도록 하였다. 이는 한국인의 기업 활동을 억제하기 위한
조치였다. 특히, 전기와 철도 등의 사업은 조선 총독부나 일본의 대기업이 이를 장악하여 그들의 이익을 증대시키는 데 이용되었다.

임업 부문에서도 막대한 산림이 조선 총독부와 일본인의 소유가 되어 버렸으며, 광업 부문에서도 한국인의 광산 경영은 크게 억제되고 일본인이
거의 독점하는 상황이 되었다. 일제는 금, 은, 납, 텅스텐, 석탄 등 산업에 필요한 지하 자원을 약탈해 갔다.

도움글

 일제의 산업 침탈

일제는 대한 제국을 식민지화한 즉시 토지 조사 사업을 실시하여 토지 약탈에 힘쓰는 한편, 각종 자원을 약탈하였다.

먼저 1910년에 회사령을 공포하여 한국인의 회사 설립을 억제하였다. 그리하여 일본인 회사의 성장은 한국인의 그것보다 높았다. 1911년과
1917년을 비교해 보면, 한국인의 자본금은 17%에서 12.7%로 낮아진 것에 비하여 일본인의 자본금은 32%에서 83.2%로 크게
증가하였다.

한편, 한국의 광물 자원에 눈독을 들여 오던 일제는 1911년부터 1917년까지 한반도 전체에 대한 광산 조사를 실시하고, 1915년에 조선
광업령을 공포하여 한국인의 광산 경영을 억제하고 일본인의 진출을 도왔다. 그 결과, 1911년에는 한국인 광산 채굴액이 전체의 4.8%,
일본인이 22.6%, 외국인이 72.6%이던 것이 1920년에는 한국인이 0.4%, 외국인이 19.7%로 감소한 반면에 일본인의 광산
채굴액은 79.9%로 크게 증가하였다.

이 밖에도 일제는 조선 어업령을 발표하여 어업 분야에서도 자원의 약탈을 본격화하였다. 그리하여 국권 침탈 후 10년 사이에 한국인의 어획고는
약 4배 증가하였지만, 일본인의 그것은 6배나 증가하였다.

학습 정리

1\. 일제는 조선 총독부를 두고 헌병 경찰을 앞세워 가혹한 무단 통치를 실시하였다.

2\. 일제는 이른바 토지 조사 사업을 내세워 우리 민족의 주요 생산 수단인 토지를 빼앗았다.

3\. 일제의 식민지 경제 정책은 한국을 일본의 상품 시장과 원료 공급지로 삼아 이중으로 수탈하는 것이었다.

 2. 3⋅1 운동

학습 개요

우리 민족은 일제의 무단 통치로 인하여 혹독한 고난을 겪으면서도 민족의 독립을 되찾기 위한 항일 운동을 줄기차게 전개하였다. 국내에서는 여러
형태의 비밀 조직이 만들어져서 항일 투쟁을 전개하였으며, 국외에서도 여러 독립 운동 단체가 결성되어 민족의 독립 운동을 꾸준히 추진하였다.

마침내 1919년에 거족적인 3⋅1 운동이 일어나 전국적으로 확산되었다. 3⋅1 운동은 식민지 상태에서 벗어나 민족의 독립을 달성하려는 민족
운동으로서, 한민족의 자주 독립 의지를 온 세계에 널리 알렸으며, 이후 독립 운동이 새롭게 발전하는 계기를 만들어 주었다.

학습 문제

1\. 국권 침탈 이후 민족 운동은 어떻게 전개되었는가?

2\. 3⋅1 운동이 거족적으로 전개될 수 있었던 까닭은 무엇인가?

3\. 3⋅1 운동의 역사적 의의는 무엇이며, 그 영향은 어떠하였는가?

항일 독립 운동의 추진

국권 침탈 후, 일제의 무단 통치가 자행되면서 우리의 민족 운동은 크게 탄압을 받았다. 그러나 이러한 박해 속에서도 우리 민족은 항일 독립
운동을 계속 전개하였다.

특히, 신민회는 민족의 실력 양성을 목표로 한 비밀 조직으로서 교육, 산업, 문화 등 여러 방면에서 민족 운동을 전개하였다. 일제가 조작한
이른바 105인 사건을 계기로 대부분의 민족 지도자들이 체포되고 신민회는 해체되었으나, 그 후에도 비밀 지하 조직에 의한 민족 운동이
지속되었다.

비밀 조직으로 가장 대표적인 것은 대한 광복회였다. 이 단체는 독립 운동에 필요한 군자금을 모으고 친일파를 숙청하는 데 힘썼다. 이 밖에도
독립 의군부, 조선 국권 회복단, 조선 국민회 등 다수의 비밀 단체들이 활동을 계속하였다.

대한 광복회 회원의 서약문

오인은 대한의 독립된 국권을 광복하기 위하여 오인의 생명을 희생에 제공함은 물론, 오인이 일생의 목적을 달성하지 못할 시에는 자자손손이
계승하여 수적 일본을 완전히 구축하고 국권을 광복하기까지 절대 불변할 것을 천지 신명께 서고함.

국권 침탈 이후의 민족 운동은 국내에서보다 국외에서 더욱 활발하게 전개되었다. 일제의 탄압을 피하여 만주, 연해주, 미국 등지로 망명한 민족
지도자들에 의하여 항일 독립 운동이 국외의 여러 지역으로 확대되었던 것이다. 특히, 간도 지방은 일찍부터 이주한 한민족 사회를 토대로 하여
독립 운동의 중심지가 되었다. 이 지역에서는 산업과 교육활동이 활발하게 전개되었으며, 군사 교육과 훈련도 실시되어 독립 전쟁의 기틀이
마련되어 갔다.

연해주에서도 교육 활동과 함께 정치 단체를 조직하여 적극적인 항일 운동을 추진하였으며, 미국에서는 하와이와 샌프란시스코를 중심으로 대한인
국민회가 결성되어 민족 독립 운동을 이끌었다.

그리고 일본에서는 유학생들이 학우회 등의 이름으로 단체 활동을 하면서 독립 운동의 기틀을 다지고 있었다.

3⋅1 운동의 배경

일제에 의하여 국권이 침탈된 이후, 한민족의 독립 운동은 무단 통치의 탄압 아래에서 끊임없이 계속되었으며, 국외에 거주하는 한민족 사이에서도
독립 운동은 활발하게 전개되었다. 이러한 한민족의 독립 운동은 19세기 말 이후 일제의 침략에 대항하여 전개되었던 국권 수호 운동의 연장으로
볼 수 있다.

개항 이후 근대 사회로 발전하는 과정에서 한민족은 여러 갈래로 민족 운동을 전개했기 때문에 통합된 민족의 역량을 제대로 발휘하지 못하였다.
이는 과거의 전통 사회를 완전히 벗어나지 못한 상태에서 계층 간의 이해가 달랐기 때문이었다. 그러나 국권이 침탈되자, 독립을 되찾는 일이
가장 시급한 일이었으므로 과거에 보였던 민족 내부의 이해 대립에서 벗어나 강력한 민족의 응집력을 나타낼 수 있었다.

이와 함께 한민족의 민족 의식은 식민지 지배를 받으면서 더욱 높아졌으며, 독립을 달성하려는 의지가 더욱 강화되어 거족적인 독립 운동이 일어날
수 있는 조건이 마련되어 갔다.

3⋅1 운동의 태동

한민족이 국내외에서 독립 운동의 기반을 만들어 가고 있을 때, 제1차 세계 대전이 미국을 비롯한 연합국의 승리로 끝났다.

미국 대통령 윌슨이 제창한 민족 자결주의는 그 동안 제국주의 침략을 받았던 약소 민족에게는 독립을 달성할 수 있는 좋은 기회로 받아들여지게
되었다. 일본에 유학하고 있던 한국인 유학생들은 이러한 국제 정세를 독립 운동의 기회로 생각하여 도쿄에서 조선 청년 독립단을 조직하고 독립을
요구하는 독립 선언서와 결의문을 발표하였다. 이것이 2⋅8 독립 선언이다(1919).

2⋅8 독립 선언서  

한편, 국내에서도 민족 지도자들이 세계 정세의 변화에 관심을 가지면서 학생 단체와 연결하여 거족적인 독립 운동을 준비하고 있었다. 이 때
도쿄의 2⋅8 독립 선언의 소식이 전해지면서 독립 운동의 움직임은 더욱 촉진되었다.

3⋅1 운동의 전개

마침내 1919년 3월 1일, 거족적인 독립 운동이 일어났다. 먼저 33인의 민족 지도자들은 독립 선언서를 발표하였고, 이와 함께 서울
종로의 탑골 공원에서는 학생과 시민들이 모여 독립 선언서를 낭독한 후 태극기를 들고 독립 만세를 외치며 시위 운동을 전개하였다. 독립 만세
운동은 순식간에 전국으로 퍼져 곳곳에서 독립 만세를 외쳤다.

기미 독립 선언서 공약 3장

1\. 금일 오인의 차거는 정의, 인도, 생존, 존영을 위하는 민족적 요구이니, 오직 자유적 정신을 발휘할 것이요, 결코 배타적 감정으로
일주하지 말라.

1\. 최후의 일인까지, 최후의 일각까지 민족의 정당한 의사를 쾌히 발표하라.

1\. 일체의 행동은 가장 질서를 존중하여, 오인의 주장과 태도로 하여금 어디까지든지 광명 정대하게 하라.

독립 만세 운동은 국외로도 확산되었다. 간도와 연해주, 하와이 등 한민족이 살고 있는 곳은 거의 어디에서나 일어났다.

그러나 일제의 경찰과 군대는 평화적인 방법으로 독립 만세를 부르며 시위하는 사람들에 대해 총검으로 가혹한 탄압을 자행하였다. 유관순의 순국,
화성군 제암리 주민에 대한 무차별 학살 등 각지에서 탄압에 의한 사상자가 2만여 명이 되었으며, 감옥에 갇힌 사람만도 5만여 명이나 되었다.

3⋅1 운동의 의의

3⋅1 운동은 그 동안 꾸준히 계속된 우리 민족의 독립 운동을 하나로 묶어 전개한 최대 규모의 독립 운동이었다. 3⋅1 운동은 일제에 빼앗긴
국권과 민족의 자유를 침략자의 손에서 되찾겠다는 결의와 자주 정신을 온 세계에 보여 주었다.

3⋅1 운동은 제국주의의 침략과 식민지 지배로 고통을 받고 있던 아시아 여러 민족에게도 알려져, 중국과 인도에서는 대규모의 반제국주의 민족
운동이 일어나기도 하였다. 또, 3⋅1 운동은 일제로 하여금 종래의 무단 통치에 의한 식민지 지배가 한민족을 굴복시킬 수 없다는 것을 깨닫게
해 주었다. 나아가 3⋅1 운동은 우리 민족에게 독립에 대한 희망과 함께 새로운 자각을 불러일으켰으며, 이후 독립 운동의 정신적 뿌리가
되었다.

이로써 우리 민족은 국내외에서 보다 적극적이고 조직적인 독립 운동을 전개하게 되었다.

도움글

 일제의 3⋅1 운동 탄압

〈켄달의 한국 독립 운동의 진상〉

서울에서 45마일 떨어진 화성군 제암리에서는 일본군이 도착하여 주민들을 교회로 모이도록 명령하였다. 그들이 교회에 모이자, 일본군은 그들에게
기관총을 난사하여 35명을 학살하였다. 이와 같은 사실은 영국과 미국의 영사관 직원의 조사에서 확인되었으며, 총독 하세가와를 비롯한 일본
당국자들도 이를 시인하였다.

제암리 교회 학살 사건의 현장  

제암리 가까이에 있는 또다른 마을도 불탔는데, 불길에 싸인 집에서 뛰어나오던 주민들은 일본군의 사격과 칼질로 쓰러졌다. 보도된 바에 따르면,
이렇게 불탄 마을이 아홉 곳이며, 그 밖에도 많은 교회가 파괴되었다고 한다. 평양에 거주하던 미국인 선교사 로버츠 목사에 의하면,
정주(定州)에서는 100명이 넘는 한국인이 총살되고 타살되었다고 한다.

열 살밖에 안 되는 어린 소녀들과 부녀자들, 그리고 여학생들이 자기의 조국을 위하여 정열을 쏟아 독립을 외쳤다는 단순한 죄목으로 치욕적인
대우를 받았고, 체형을 받았으며, 또 고문을 당하였다. 어린 소녀들도 잔혹하게 얻어맞았으며, 7세 이하의 어린 소녀들 300여 명이 이미
살해된 것으로 알려졌다. 트윙 목사의 증언에 따르면, 한 살짜리 어린아이가 등에 총을 맞고 죽었다고 한다. 일본군들은 죽어 가는 사람에게도
등에다 총을 쏘아댔고, 도망하는 사람은 쫓아가서 대검으로 찔러서 쓰러뜨렸다.

시위가 시작된 후 3개월 동안에 3만 명이 넘는 한국인이 피살되거나 부상을 당하였다. 독립 운동을 진압한다는 구실로 모든 문명 국가가 지켜야
할 법을 포기함으로써 일본의 군사 독재는 문명인의 존경을 더 이상 받을 수 없다는 것을 입증하였다.

학습 정리

1\. 국권 침탈 이후의 민족 운동은, 국내에서는 비밀 조직과 민족 교육 활동, 국외에서는 독립 운동 기지 건설에 중점을 두고 전개되었다.

2\. 3⋅1 운동은 종교 단체와 학생 조직을 중심으로 거족적으로 전개되었는데, 이는 여러 방향의 민족 운동이 국권 침탈 후 민족의
독립이라는 가장 시급한 목표를 가지게 되었기 때문이다.

3\. 3⋅1 운동은 우리 민족의 독립 의지와 역량을 과시하였고, 독립 운동이 조직적으로 전개되는 계기가 되었으며, 아시아 다른 나라의 민족
운동에도 자극을 주었다.

 3. 대한 민국 임시 정부

학습 개요

3⋅1 운동 이후 우리의 민족 지도자들은 각지에 여러 임시 정부를 수립하였는데, 이들 임시 정부는 대한 민국 임시 정부로 통합되었다. 대한
민국 임시 정부는 우리 나라 최초의 민주 공화 정부로서 국내외의 독립 운동을 하나로 통합하여 보다 적극적으로 항일 독립 전쟁을 전개하였다.

한편, 간도를 비롯하여 해외 각지에 한민족의 집단 거주지가 형성되어 민족의 활동 무대가 확대되었다. 특히, 만주 지방은 독립 운동 기지로
발전하여 독립군이 항일 독립 전쟁을 추진하는 토대가 되었다. 그리하여 만주와 연해주 지역에서 무장 독립군이 조직되어 독립 전쟁을 수행할 수
있었다.

학습 문제

1\. 대한 민국 임시 정부는 어떻게 수립되었으며, 그 의의는 무엇인가?

2\. 무장 독립군의 항일 독립 전쟁은 어떻게 전개되었는가?

3\. 대한 민국 임시 정부는 어떻게 항일 독립 전쟁을 수행하였는가?

대한 민국 임시 정부의 수립과 활동

거족적으로 일어났던 3⋅1 운동이 일제의 탄압으로 인해 민족의 독립으로 연결되지는 못하였으나, 우리 민족의 독립에 대한 열망과 의지는 더욱
굳건해졌다. 그리고 보다 조직적으로 독립 운동을 추진하기 위하여 정부를 수립하려는 움직임이 국내외에서 일어났다. 그리하여 국내외에 여러 임시
정부가 수립되었다. 이들 임시 정부는 상하이의 대한 민국 임시 정부로 통합되었다(1919).

임시 정부는 민주 공화정을 기본으로 한 민주주의 국가 체제를 갖추었다. 처음에는 대통령제를 채택하여 이승만을 대통령으로 선출하였다. 그 후
임시 정부는 몇 차례의 헌법 개정으로 정부 체제가 바뀌다가 광복 직전에는 김구가 주석이 되어 정부를 이끌었다.

대한 민국 임시 헌장 10조 내용

1\. 대한 민국은 민주 공화제로 함.

2\. 대한 민국은 임시 정부가 임시 의정원의 결의에 의하여 이를 통치함.

3\. 대한 민국의 인민은 남녀 귀천 및 빈부의 계급이 없고 일체 평등임.

4\. 대한 민국의 인민은 신교, 언론, 저작, 출판, 결사, 집회, 통신, 주소 이전 등 신체 및 소유의 자유를 가짐.

5\. 대한 민국의 인민으로 공민 자격이 있는 자는 선거권과 피선거권이 있음.

6\. 대한 민국의 인민은 교육, 납세 및 병역의 의무가 있음.

7\. 대한 민국은 신의 의사에 의하여 건국한 정신을 세계에 발휘하며, 나아가 인류의 문화 및 평화에 공헌하기 위하여 국제 연맹에 가입함.

8\. 대한 민국은 구 황실을 우대함.

9\. 생명형, 신체형과 공창제를 전폐함.

10\. 임시 정부는 국토를 회복한 후 1년 안으로 국회를 소집함.

임시 정부는 본국의 각지를 연결하는 연통제를 통하여 독립 운동을 이끌었으며, 독립 운동 자금을 마련하기도 하였다. 또, 독립 신문을 간행하여
국내외 동포에게 독립 운동의 소식을 알려 독립 정신을 일깨우고, 여러 독립 운동 단체에 독립 운동의 방향을 제시해 주었다.

대한 민국 임시 정부는 우리 민족의 독립 의지를 모아 민주주의 원칙에 따라 수립된 정부로서 겨레의 지지를 받으며, 국내외의 동포들에게 용기와
희망을 주었다.

대한 민국 임시 정부 요인들  

독립 운동 기지의 건설

일제의 침략이 강화되면서 민족 지도자들은 장기적인 민족 운동의 추진을 위해 만주 지방을 중심으로 하여 독립 운동 기지를 건설하였다. 그리하여
국권 침탈을 전후해 이 지역에는 서전 서숙, 동창 학교 등 많은 학교가 설립되었으며, 또한 신흥 무관 학교를 세워 군사 교육을 실시하여 무장
독립 운동의 기틀을 마련해 나갔다.

특히, 두만강 건너에 있는 현재의 연길, 용정 등지에는 한민족이 집단적으로 거주하여 민족 교육의 전통이 이어지고 있었다. 일제의 침략에
대항하여 국내에서 추진되었던 민족 교육 운동과 무장 의병 활동은 일제의 간섭이 비교적 덜 미치는 이 지역에서 계승되어 민족 운동의 중심이
되었다.

이러한 상황은 만주의 각지에서도 나타났으므로, 이를 기반으로 하여 독립군의 활동이 가능하였던 것이다.

한편, 한민족의 거주 지역은 연해주 일대에도 형성되어 일찍부터 독립 운동 단체들이 활동할 수 있었다. 이상설 등이 중심이 된 대한 광복군
정부는 그 중 대표적인 것이었다.

독립군의 항전

만주와 연해주에는 3⋅1 운동을 전후하여 수많은 독립군 부대가 조직되어 있었다.

이들 독립군 부대 가운데서 만주의 대한 독립군, 북로 군정서군, 서로 군정서군, 국민회군과 연해주의 혈성단 등이 대표적이었다. 이들은 국경
지대에서 일본군을 공격하여 큰 피해를 주었으며, 자주 압록강과 두만강을 건너 국내로 진입하여 일본군 부대와 경찰서 등 식민 통치 기관을
공격하여 많은 전과를 올리기도 하였다.

일본군은 이러한 독립군의 활동을 막기 위하여 독립군의 근거지였던 봉오동을 습격해 왔다. 이에 홍범도가 이끄는 대한 독립군은 미리 대비하고
있다가 일본군을 맞아 이를 무찔러 큰 승리를 거두었다. 이것이 봉오동 전투이다(1920).

봉오동 전투에서 패한 일본군은 더욱 규모가 큰 부대를 보내어 독립군을 습격하는 한편, 각 지역에 살고 있는 우리 동포들을 마구 학살하면서
독립군을 포위하여 완전히 제거하고자 하였다.

김좌진이 이끄는 북로 군정서군을 비롯한 여러 독립군 부대들은 청산리 일대에 집결하여 일본군과 싸워 큰 승리를 거두었다. 이것이 청산리
대첩이다(1920). 청산리 대첩은 한민족의 독립 전쟁 과정에서 거둔 가장 큰 승리였으며, 우리 겨레에게 용기와 함께 독립에 대한 희망을
가지게 해 주었다.

청산리 대첩(민족 기록화)  

그 후 독립군들은 온갖 고난을 겪으면서도 독립 전쟁을 효과적으로 전개하기 위하여 여러 독립군 단체의 통합을 추진하였다. 그리하여 참의부,
정의부, 신민부 등 3부로 통합되었다.

참의부, 정의부, 신민부의 활동 영역  

이들 3부는 이 지역에 거주하는 한국인 사회를 기반으로 성립된 자치 정부의 성격을 띠었으며, 독립 운동을 장기적이며 조직적으로 전개하였다.

1930년대에 들어와서 일제가 만주국이라는 괴뢰 정부를 세우면서 독립군 활동은 큰 타격을 받았으나, 독립군은 일제의 침략을 막으려는 중국군과
한⋅중 연합군을 결성하여 항일전을 전개하였다.

그 후 독립군의 일부는 중국 본토로 옮겨 간 후 대한 민국 임시 정부 산하의 한국 광복군으로 편성되었다.

한국 광복군의 대일 전쟁

대한 민국 임시 정부는 일제의 대륙 침략으로 중⋅일 전쟁이 일어나자 상하이에서 충칭으로 옮기고 독립 전쟁을 준비하였다. 그리하여 중국 본토로
이동해 온 독립군을 바탕으로 한국 광복군을 창설하고, 지청천을 총사령관으로, 이범석을 참모장으로 하였다(1940).

한국 광복군에는 중국 각지에서 항일전을 전개하고 있던 무장 세력이 편입되었으며, 일본 군대에 강제로 끌려갔다가 탈출한 한국 청년들도
합류하였다.

일제가 태평양 전쟁을 일으키자, 대한 민국 임시 정부는 일본에 선전 포고를 하고, 연합군과 손을 잡고 독립 전쟁을 전개하였다.

광복군은 중국 각지에서 중국군과 협력하여 일본군과 싸웠다. 뿐만 아니라 인도와 미얀마 전선에서도 영국군과 연합하여 일본군과 싸웠다. 또,
광복군은 중국에서 미군의 협조로 특수 훈련을 받으며, 국내에 진입하여 일제를 몰아 내고 조국의 광복을 달성하기 위한 작전을 계획하고 있었다.
이 때, 미국에 있던 우리 동포들 가운데는 의용군으로 미국군에 참가하여 독립 전쟁에 나서기도 하였다.

한국 광복군의 특수 대원  

이와 같은 우리 민족의 적극적인 독립 전쟁은 여러 나라에 알려져, 세계 열강은 한국의 독립 문제에 관심을 가지게 되었으며, 연합국 수뇌들이
모인 카이로 회담(1943)과 포츠담 선언(1945)에서 한국의 독립을 약속하게 되었다.

애국 지사들의 독립 투쟁

3⋅1 운동 이후 조직적인 무장 항일 전쟁이 진행되는 과정에서, 애국 지사들은 비밀 조직을 결성하여 일제 식민지 통치 기관을 폭파하거나,
국내외에서 일제의 요인을 처단하는 등의 투쟁을 계속하였다. 이러한 활동을 벌인 대표적인 조직이 김원봉이 이끈 의열단과 김구가 이끈 한인
애국단이었다.

의열단원 김상옥은, 독립 투사들을 체포하고 모진 고문을 가하는 데 앞장 섰던 종로 경찰서에 폭탄을 던지는 의거를 하였다. 또, 나석주는
한국의 농토를 빼앗으면서 경제적 착취를 자행하였던 동양 척식 주식 회사에 폭탄을 던졌다.

한인 애국단원 이봉창은 일본 도쿄에서 한국 침략의 원흉인 일본 국왕을 처단하기 위하여 국왕의 마차에 폭탄을 던졌다.

한편, 윤봉길은 상하이 훙커우 공원에서 폭탄을 던져 많은 일본인 장성과 고관들을 살상하였다.

한인 애국단장 김구와 윤봉길  

윤봉길 의사의 자필 선서문  

이들 의사들의 의거 투쟁은 국내외 한민족의 독립 의지를 더욱 강화시켰으며, 한국인의 용기를 널리 알리는 계기가 되었다.

도움글

 서일 북로 군정서 총재의 보고

이번 전투(청산리 대첩)에서 모든 면에서 승산이 있었던 적이 오히려 패하고, 모든 면에서 불리했던 아군이 어떻게 능히 이길 수 있었는지
간략히 진술한다.

(1) 적이 패배한 이유

○ 병가에서 가장 금기하고 있는 적을 경솔히 하는 행위로서 깊은 골짜기와 숲을 별로 수색도 없이 경계도 없이 맹목적으로 진군하다가 항상 일부
혹은 전부가 함몰당하였다.

○ 국지 전술에 대한 경험과 연구가 부족하여 삼림과 산지 가운데서 자주 스스로 다치며 충돌하는 일이 있었다.

○ 군인들의 마음이 전쟁을 두려워하고 살아 남기 위하여 도망하는 일이 극도에 달하여, 군기가 문란하며 사격이 정확하지 못해 덮어놓고 총을
쏘기만 하였다.

(2) 아군이 승리한 이유

○ 생명을 가리지 않고 분연히 용감하게 싸우려는 독립에 대한 군인 정신이 먼저 적의 사기를 압도하였다.

○ 양호한 진지를 앞서 차지하고, 완전한 준비로 사격의 성능을 극도로 발휘할 수 있었다.

○ 임기 응변의 전술과 예민하고 신속한 활동이 모두 적의 의표를 찔렀다.

오호라, 3일간 전투에 식량 길이 막히어 5~6개의 감자로 배고픔을 달래고, 하루 낮 하루 밤에 능히 1백 50여 리의 험한 밀림을
통행하거나 전투 후 수백 리의 긴 숲과 눈밭을 걸어 동상에 걸림이 적지 않으나 이를 조금도 탓함이 없었으니, 참으로 독립의 장래를 위하여
희망한 바이더라.

학습 정리

1\. 3⋅1 운동 이후 국내외에서 수립된 여러 임시 정부는 민주 공화정을 지향하는 대한 민국 임시 정부로 통합되었다. 이로써 국내외의 독립
운동을 하나로 통합하여 보다 적극적인 항일 독립 전쟁을 전개할 수 있게 되었다.

2\. 만주 지방을 중심으로 무장 독립 전쟁을 전개한 독립군 부대들은 봉오동 전투와 청산리 대첩 등에서 큰 성과를 거두었다.

3\. 대한 민국 임시 정부는 한국 광복군을 편성하여 항일 독립 전쟁을 수행하였으며, 국내 진입 작전을 준비하기도 하였다.

 4. 국내의 독립 운동

학습 개요

3⋅1 운동으로 일제는 식민 통치 정책을 바꾸지 않을 수 없었다. 일제는 무단적인 지배로써는 한국인을 복종시킬 수 없다고 판단하자, 이른바
문화 통치를 내걸고 보다 악랄한 민족 분열 정책과 함께 경제적 착취를 강화하였다.

이에 대응하여 한민족의 독립 운동은 경제적, 사회적 투쟁으로 전개되었다. 그리하여 민족 실력을 양성하기 위한 교육 운동과 경제 자립 운동이
추진되었다. 또, 학생들이 주도한 6⋅10 만세 운동과 광주 학생 항일 운동이 전개되었으며, 신간회가 조직되어 민족 운동을 전개하기도
하였다.

학습 문제

1\. 3⋅1 운동 이후 일제의 식민 통치 정책은 어떻게 변화되었는가?

2\. 일제의 식민 통치 정책의 변화에 대응하여, 민족 운동은 어떠한 방향으로 나아갔는가?

3\. 6⋅10 만세 운동과 광주 학생 항일 운동의 공통점은 무엇인가?

식민 통치 정책의 변화

3⋅1 운동 이후 일제는 한민족의 문화와 관습을 존중한다고 하는 이른바 문화 통치를 내세웠다. 그리하여 헌병 경찰 제도를 보통 경찰 제도로
바꾸고, 한국인의 신문 간행을 허가하기도 하였으며, 관리나 교원이 칼을 차는 것도 없앴다.

그러나 이러한 정책은 한국인을 회유하여 그들의 지배에 잘 따르도록 하려는 데 목적이 있었다. 일제의 새로운 식민지 정책은 민족을 이간시키고
분열시키기 위한 교활한 정책으로서, 한민족의 단결을 억제하고 독립 운동을 막으려는 것이었다. 그러므로 그들이 내세운 정책은 그대로 실시되지도
않았으며, 여러 가지 방법의 간섭과 탄압은 더욱 심해졌다.

특히, 일제는 그들의 부족한 식량을 해결하기 위하여 한국으로부터 쌀을 약탈하는 데 주력하였다. 이에 한국 농민들은 그들이 생산한 많은 쌀을
일본에 빼앗겨 굶주림을 면하기가 어려웠다.

일본으로 실어 가기 위하여 항구에 쌓아 놓은 쌀  

그리하여 많은 농민들이 살 길을 찾아 화전민이 되거나, 만주, 연해주, 일본 등지로 이주하게 되었다. 일본으로 건너간 우리 동포들은
1923년 관동 대지진이 발생하였을 때 일본 당국이 “조선인이 폭동을 일으켜 일본인을 죽이고 있다.”라는 유언 비어를 퍼뜨려 6000여 명이
학살당하는 대참사를 겪었다.

또, 일제는 그들의 경제적 침투가 보다 편리하도록 회사령을 허가제에서 신고제로 바꾸었다. 그리하여 일본 대재벌의 자본이 침투하고 일본인이
경영하는 각종 회사가 설립됨으로써 한국의 산업과 한국인의 경제 생활은 일본인에 의하여 지배되는 결과를 가져왔다.

민족 실력 양성 운동

3⋅1 운동 이후 우리 민족은 독립에 대한 희망을 보다 강하게 가지게 되었다. 우리 민족은 일제의 식민 통치 정책이 바뀌게 된 것을 계기로
새로운 방향으로 민족 독립 운동을 전개시켜 나갔다. 즉, 일제의 식민지 정책이 민족을 이간시키고 경제적 착취를 강화하는 방향으로 전개되자,
이에 대항하여 민족 독립 운동은 경제적, 사회적, 문화적인 투쟁을 통하여 민족의 실력을 양성하는 방향으로 나아가게 되었다.

물산 장려 운동은 민족의 산업을 발전시키고 민족 자본을 육성하여 경제적 자립을 꾀하려는 것이었다. 자급 자족, 국산품 애용, 소비 절약 등을
내세웠던 물산 장려 운동은 자작회, 물산 장려회, 토산 애용 부인회 등의 단체들이 앞장 서서 이끌었으며, 전국적인 규모의 경제적 민족
운동으로 발전하였다.

국산품 애용 선전문과 물산 장려가  

또, 민족 교육을 통한 실력 양성 운동이 전개되었다. 일제의 한국인에 대한 차별 교육에 대항하여 한국인의 힘으로 대학을 설립하려는 민립 대학
설립 운동이 일어나, 전국적으로 모금 운동을 벌이기도 하였다. 그리고 청년 학생들이 앞장 서서 농촌 계몽에 나서거나 야학을 세워 문맹 퇴치
운동을 전개하였다.

민족 신문인 조선 일보와 동아 일보는 민족 실력 양성 운동에 앞장섰다. 물산 장려 운동을 홍보하고 모금 운동에 앞장 섰으며, 여러 가지
행사를 주관하여 사회⋅문화 발전에 큰 공헌을 하였다. 이들 언론의 활동에 대하여 일제는 기사의 검열과 삭제, 휴간 및 정간 등의 갖은 탄압을
가하였다.

조선 일보의 문맹 퇴치 운동 기사  

동아 일보의 브나로드 운동 기사  

6⋅10 만세 운동과 광주 학생 항일 운동

1920년대에 일제의 감시와 탄압으로 민족 지도자들의 독립 운동이 크게 제약을 받는 가운데 학생들은 강연, 연극, 야학, 농촌 계몽 활동
등을 통하여 민중 계몽에 앞장 섰다.

한편으로, 학생들은 학교에서 독서회 등 비밀 조직 활동을 하면서 민족의 당면 문제를 인식하고 독립 운동의 역량을 스스로 키워 가고 있었다.
또, 학생들은 일제의 민족 차별 교육에 반대하고, 일본인 교사의 한국인 멸시에 항거하는 동맹 휴학을 하기도 하였다. 학생들이 중심이 되어
항일 민족 운동을 조직적으로 전개한 것이 6⋅10 만세 운동과 광주 학생 항일 운동이었다

대한 제국의 마지막 황제였던 순종의 장례일인 1926년 6월 10일에 장례 행렬이 지나가는 가운데 학생들이 독립 만세 시위를 벌였다. 이에
거리에 나온 시민들이 합세하였으나, 일제의 무장 경찰에 의하여 무자비하게 제지당하였다. 학생들이 추진한 6⋅10 만세 운동은 3⋅1 운동
이후 침체되었던 국내의 민족 운동에 커다란 활력을 불러일으켰다.

1929년 11월 3일 광주에서 한⋅일 학생 사이에 일어난 충돌을 계기로, 평소의 민족 차별에 대한 분노와 반일 감정이 폭발하여 대규모의
반일 학생 시위가 일어났다. 이 학생 운동은 순식간에 전국으로 퍼져, 각지에서 많은 학교의 학생들이 항일 시위를 전개하였고, 일반 국민들까지
여기에 가담하였다

광주 학생 항일 운동은 단순한 학생 운동이 아니라, 일제의 민족 차별에 대한 반대 투쟁이었으며, 나아가서는 민족 독립 투쟁의 일환으로
전개된, 3⋅1 운동 이후 가장 큰 규모의 민족 운동이었다.

광주 학생 항일 운동 기념탑(광주)  

신간회의 활동

3⋅1 운동 이후 여러 갈래의 민족 운동이 전개되는 과정에서 그 방법과 주장이 다르게 나타났다. 더욱이 일제의 교활한 민족 이간책으로 민족
내부에 분열이 생겨났고, 이는 그만큼 민족의 역량을 약화시키는 것이었다. 이와 같은 상황에서 국내의 지식층 인사를 중심으로 항일 운동 단체를
통합하자는 주장이 대두되어 조직된 단체가 신간회였다(1927). 신간회는 당시 민족주의 계열과 사회주의 계열의 민족 운동가들이 참여한 최대
규모의 정치⋅사회 단체로서, 지방에 지회를 설치하여 그 조직을 넓혔다.

광주 학생 항일 운동이 일어나자, 신간회는 이를 조사하는 과정에서 일본 경찰이 한국인 학생들에게 부당한 대우를 하는 것을 항의하는 한편, 이
운동이 전국적인 독립 운동으로 확대되도록 지원하기도 하였다.

신간회의 활동을 보도한 당시의 신문 기사  

신간회의 활동이 활발하게 전개되어 민족 운동으로 확산되려 하자, 일제는 갖가지 방법으로 그 활동을 방해하였고, 내부에서도 분열이 일어나
신간회는 해체되고 말았다.

한편, 여성들도 근우회를 조직하여 여성의 지위 향상과 새생활 운동을 전개하는 등 신간회와 함께 활동하였다.

도움글

 민립 대학 설립 운동

3⋅1 운동 후 일제가 이른바 문화 통치를 표방하자, 민족 지도자들은 우리의 손으로 대학을 설립하여 민족의 실력을 기르자는 운동을
전개하였다. 이미 대한 제국 시기에 윤치호, 남궁억 등이 600만 원을 모금하여 민립 대학을 설립하려 하였으나, 그 뜻을 이루지 못하였다.

1920년 6월 한규설, 이상재 등 100명이 우리 나라에 대학이 없음을 개탄하고 빠른 시일 내에 민립 대학을 설립할 것을 결의하였다.
이어서 민립 대학 기성 준비회를 결성하고(1922), 대학 설립 계획서를 마련하였다.

계획서에 따르면, 자본금 1천만 원을 모금하되, 이를 3개년으로 나누어 1차년도에 400만 원, 2차년도에 300만 원, 3차년도에 300만
원을 모아 대학을 세우기로 하였다.

“한민족 1천만이 한 사람 1원씩!”이라는 구호를 내걸고 모금에 나섰는데, 전라도에서만 15만 원을 모금하였다.

이 같은 민립 대학 설립 운동에 대한 우리 민족의 열기에 놀란 일제는, 이 운동을 단순한 교육 운동이 아니라 정치 운동이라고 판단하고 간교한
탄압과 방해 공작을 하였다. 거기에다가 1923년에서 1924년에 걸친 전국적인 홍수와 가뭄으로 농촌 경제가 파탄되어 농민의 생활이
어려워지면서 이 운동은 실패하고 말았다.

이 운동은 비록 실패로 끝났지만, 3⋅1 운동 이후 전 민족이 실력 양성의 기치 아래 단결을 과시함으로써 그 뒤 민족 독립 운동의 지표가
되었다. 이 후에도 민립 대학 설립 운동은 계속 시도되었지만, 그 때마다 일제의 탄압으로 좌절되어 1945년 광복을 맞이할 때까지 일제가
세운 경성 제국 대학 외에는 한 개의 대학도 설립되지 못하였다.

학습 정리

1\. 3⋅1 운동 이후 일제는 이른바 문화 통치를 내걸고 교활하게 민족 분열을 꾀하고, 경제적 수탈을 강화하였다.

2\. 3⋅1 운동 이후 민족 운동은 경제적, 사회적, 문화적인 면에서 민족의 실력을 양성하는 방향으로 나아갔다.

3\. 6⋅10 만세 운동과 광주 학생 항일 운동은 3⋅1 운동 이후 학생들이 추진한 대규모의 항일 민족 운동이었다.

 5. 민족 문화 수호 운동

학습 개요

1930년대 후반 이후 일제의 침략 전쟁은 중⋅일 전쟁에 이어 태평양 전쟁으로 확대되었다. 일제는 침략 전쟁을 수행하기 위하여 한민족과 그
문화를 말살하려 하였으며, 나아가 한민족을 그들의 전쟁에 앞장서도록 강요하였다. 우리 민족은 일제의 이러한 식민지 정책으로 역사상 유례가
없는 커다란 희생을 강요당하였다.

한민족은 민족 존폐의 위기에서 민족을 보존하고 전통 문화를 지키기 위한 투쟁을 전개하게 되었다. 즉, 국학, 교육, 종교, 언론, 문학,
예술 등 각 분야에 걸쳐 민족의 주체 의식과 민족 문화의 전통을 지키려는 활동을 전개하였다.

학습 문제

1\. 1930년대 후반 이후 일제의 식민지 지배 정책은 어떻게 추진되었는가?

2\. 1930년대 후반 이후 민족 운동은 어떻게 전개되었는가?

3\. 국어와 국사의 연구 활동은 어떠하였는가?

4\. 문학과 예술 분야에서 민족의 저항 의식은 어떻게 나타났는가?

일제의 민족 말살 정책

중⋅일 전쟁으로 중국 대륙을 침략한 일제는 전쟁을 더욱 확대시켜 미국의 진주만을 기습 공격함으로써 태평양 전쟁을 일으켰다(1941).

일제의 침략 전쟁으로 우리 나라는 일본의 전쟁 물자를 공급하는 병참 기지로 변하였다. 일제는 전쟁 물자를 생산하기 위하여 우리 나라에 금속,
기계, 화학 공업 등을 중심으로 하는 군수 공장을 건설하였으며, 철, 석탄, 텅스텐 등 지하 자원을 약탈하였다. 또, 우리 민족의 식량을
강제로 약탈하였으며, 전쟁의 막바지에는 고철, 놋그릇, 수저까지도 빼앗아 갔다.

일제는 이와 같은 물적인 약탈뿐만 아니라, 한국인을 강제 징용으로 끌고 가 광산이나 공장에서 고통스러운 노동을 강요하였으며, 강제 징병제와
학도 지원병 제도를 실시하였다. 이에 많은 한국의 청⋅장년들이 각지의 전선에서 희생되었다. 이 때 여성까지도 정신대라는 이름으로 끌려가
일본군의 위안부로 희생되기도 하였다.

일제에 징용되어 혹사당하는 한국인  

이와 같이, 일제는 우리의 물적⋅인적 자원을 약탈하는 한편, 우리 민족과 민족 문화를 말살하려는 정책을 실시하였다.

그들은 내선 일체와 황국 신민화 등의 구호를 내걸고 한국인을 일본인으로 만들어 한민족을 없애 버리려고 하였다. 그리하여 한국어의 사용을
금하고 일본어를 사용하도록 강요하였으며, 학교에서 한국 역사에 대한 교육을 금지하였다.

일제는 한국인의 성명을 바꾸어 일본식 성과 이름을 사용하도록 강요하였다. 또, 각지에 일본 신사를 세워 참배하도록 하였으며, 어린
학생들까지도 황국 신민 서사를 외우도록 강요하였다.

우리 민족은 이러한 일제의 식민지 지배하에서 갖은 고통을 겪으면서도 민족과 민족 문화의 전통을 지키려는 투쟁을 계속하였다.

한글의 연구

민족 정신을 계승하고 민족 문화의 전통을 수호하기 위하여 한글을 연구하고 이를 발전시키려는 운동이 계속되었다.

이윤재, 최현배, 이희승 등이 중심이 된 조선어 학회는 한글 보급에 노력하면서 한글 맞춤법 통일안과 표준어를 제정하여 한글의 과학적인
체계화를 이룩하였다. 또, 우리말 큰사전을 편찬하고자 하였으나, 일제의 방해로 성공하지 못하였다.

우리말 큰사전의 머리말

말은 사람의 특징이요, 겨레의 보람이요, 문화의 표상이다. 조선말은, 우리 겨레가 반만 년 역사적 생활에서 문화 활동의 말미암던 길이요,
연장이요, 또 결과이다. 그 낱낱의 말은, 다 우리의 무수한 조상들이 잇고 이어 보태고 다듬어서 우리에게 물려준 거룩한 보배이다. 그러므로
우리말은 곧 우리 겨레가 가진 정신적, 물질적 재산의 총목록이라 할 수 있으니, 우리는 이 말을 떠나서는 하루 한때라도 살 수 없는 것이다.

조선어 학회의 한글 연구와 보급 활동은 한민족의 민족 정신을 앙양하고 민족 문화 전통을 계승하려는 민족 운동의 성격을 띠고 전개되었다.

민족 말살 정책을 추진하던 일제는, 조선어 학회가 독립 운동을 한다는 구실로 회원들을 체포하고 강제로 해산시켰으며, 체포된 회원들은 갖은
고문을 받으며 희생을 당하였다.

국사의 연구

한글의 연구와 함께 우리 역사의 연구도 활발하게 진행되었다. 일본은 일찍부터 그들의 침략에 이용하기 위하여, 우리 나라의 역사와 문화를
나쁘게 평하거나 거짓으로 꾸며 놓았다. 이에 대항하여 한민족의 역사가 독자적이고 자주적으로 발전하였으며, 독창적인 문화를 이룩하였음을
밝힘으로써 민족 의식을 고취하려는 노력이 국사의 연구로 나타났다.

이미 박은식과 신채호는 민족사의 주체적인 발전을 중심으로 하는 민족주의 사학을 이룩하였고, 이를 이어받아 정인보, 문일평 등이 국사의 연구를
계속하였다.

한편, 일제의 침략 정책에 따라 한국사를 왜곡시키고 있는 일본 어용 학자들에 대항하여 이병도, 손진태 등은 진단 학회를 조직하였다. 진단
학회에서는 진단 학보를 발간하면서 한국의 역사와 전통 문화의 연구에 힘을 기울였다. 그러나 일제는 민족 말살 정책을 강행하면서 진단 학회를
강제로 해산시키고 진단 학보의 간행도 중지시켰다.

진단 학보  

언론 활동

조선 일보와 동아 일보는 일제의 검열 제도에 대항하면서, 민족 사상의 고취, 민족 의사의 대변, 민족 문화의 계승, 재난 동포의 구호 등
민족을 위한 활동을 계속하였다. 또, 이들 신문은 조선어 학회에서 제정한 한글 맞춤법 통일안을 보급하는 데 앞장 섰으며, 문맹 퇴치 등의
계몽 운동을 이끌기도 하였다.

특히, 1936년 베를린 올림픽에 참가한 손기정 선수가 마라톤에서 우승하자, 동아 일보는 손기정 선수의 가슴에 붙은 일장기를 삭제한 사진을
보도하였다. 이는 마라톤의 우승자가 일본인이 아니라 한국인임을 내세운 것으로서, 당시 언론 기관의 민족 의식을 잘 나타낸 것이었다.

손기정 선수(동아 일보)  

일제는 이와 같은 민족 언론 기관의 활동에 대하여 언론인 구속, 신문 압수, 발간 정지 등의 탄압을 가하였으며, 마침내 1940년경에는 이들
민족 신문을 모두 폐간시켰다.

검열로 삭제된 채 발간된 신문  

종교와 교육 활동

국권이 침탈된 직후부터 민족 종교인 대종교는 만주에서 동포들의 민족 의식을 고취하는 한편, 무장 독립 운동에 앞장 서 왔다. 천도교에서는
개벽, 신여성 등의 잡지를 발간하여 민족 계몽에 노력하였다.

천주교와 개신교에서도 사회 사업과 민중 계몽에 공헌하였는데, 특히 개신교에서는 일제가 강요하는 신사 참배에 항거하여, 많은 교회 지도자가
투옥되는 희생을 당하기도 하였다.

불교에서도 일찍이 한용운이 불교 유신론을 주장하여 민족 불교로서의 전통을 이어 갔고, 박중빈이 창시한 원불교는 저축과 근로를 중시하며,
국민에 대한 봉사 활동을 전개하고 자립 정신을 일깨웠다.

이들 종교 단체들은 각기 학교를 설립하여 교육 활동을 통한 민족 의식과 항일 정신을 키우는 데에도 공헌하였다.

일제의 민족 말살 정책은 민족 교육 활동을 억제하고 탄압하는 것으로 나타났다. 일제는 민족 교육을 이끌었던 많은 사립 학교들을 강제로 공립
학교로 전환시켰으며, 교육령을 바꾸어 학교의 교육 활동도 철저하게 통제하였다.

일제는 침략 전쟁이 막바지에 이르자, 학생들에게도 군사훈련을 시키면서 군수 물자를 모으는 일이나 힘든 작업에 학생들을 동원하는 등 학교를
병영화하였다.

일제에 강제 동원된 소년병  

그러나 이러한 어려움 속에서도 학생들은 비밀 결사 활동을 통하여 민족 운동을 전개하였으며, 우리 나라의 역사와 문화에 관한 책을 돌려 읽어
가면서 항일 의식을 키워 나갔다.

문예 활동

문학과 예술 활동에서도 우리 민족의 사상과 감정을 살리며, 민족 문화의 전통을 계승하려는 움직임이 계속되었다.

3⋅1 운동 이후에 한용운, 심훈 등은 민족 의식을 고취하거나 민족에 대한 사랑을 표현하는 문학 작품을 많이 썼다. 그러나 일제의 침략
전쟁이 확대되고 민족 말살 정책이 실시되면서 문학 활동도 크게 탄압을 받았다.

그 날이 오면(심훈)  

연극에서는 토월회가 조직되면서 민족적인 정서가 담긴 작품들이 많이 공연되었다. 토월회는 전국을 순회 공연하면서 민중 계몽에 이바지하였다.

한편, 영화에서는 나운규가 민족의 저항 의식과 한국적 정서를 영화에 부각시키고 한국 영화 예술의 발전에 기여하였다.

나운규  

미술에서는 이중섭의 활동이 특히 두드러졌으며, 민족의 문화재를 연구하고 수집하는 데에 힘쓴 사람도 있었다.

소(이중섭)  

음악에서는 안익태, 홍난파 등이 활약하였다. 그리하여 봉선화, 고향 생각, 반달 등 민족적 감정이 담긴 작품들이 발표되었다. 이들 노래는
우리 동포들이 즐겨 애창하여, 빼앗긴 나라를 되찾고자 하는 마음과 함께 민족의 정신적 단결을 강화하는 데 도움이 되었다.

도움글

 징용되어 끌려간 노동자의 체험담

〈김대상의 일제하 강제 인력 수탈사〉

머리에는 이가 득시글거리고, 등의 상처는 썩어서 더욱 심해져 갔다. 여기서는 조선말을 쓰면 한 끼의 밥을 줄여 버렸다. 밥이라고 해도 콩을
쪄서 안남미와 섞은 것이었다. 국은 소금국으로, 건더기가 없는 것이었다. 갱 내에서 목이 말라 갱 내의 붉은 물을 마시면 설사를 심하게
하였다. 그래도 아침 6시부터 밤 11시까지 일을 시켰다.

술이나 담배, 약품 배급은 조(組)에서 가로채어 배를 채우고 있었다. 당시 하루 임금은 2원 35전인데, 합숙소값으로 1원 50전을 떼었다.
그러나 작업화가 매일 떨어지기 때문에 한 결레를 3원 50전으로 매일 사게 하여 매일 적자가 났다. 돈을 주면 도망가기 때문이다.

많은 사람들이 죽었다. 하라다 조에서는 서울에서 온 교양 있는 집안의 아들이 도망치다가 붙들려 너무 심하게 매를 맞아 미쳐 버렸다. 집단으로
탈출한 사람들이 얼어붙은 강을 잘못 알고 건너다가 물 속에 빠져 죽는 예가 많았다. 봄이 되어 눈이 녹으면, 그 시체가 이시카리 강 언저리의
버드나무 가지에 걸려 있는 것이 가끔 발견되었다.

1943년 12월 18일이었다. 임금이 1천 얼마로 체불되었는데, 고다루에 도착해서 준다고 했으나 주지 않았다. 하라다 조에 가서 독촉해
보니, 3백 원을 가족에게 송금해 주겠다고 했다. 그러나 3개월을 기다려도 조선에서는 돈을 받았다는 소식이 오지 않았다.

학습 정리

1\. 일제는 침략 전쟁을 확대하면서 우리 민족과 민족 문화를 말살하려는 정책을 실시하였다.

2\. 일제의 민족 말살 정책에 대항하여 민족 문화의 전통을 지키고 이를 창조적으로 발전시키기 위하여 민족 문화 수호 운동을 전개하였다.

3\. 조선어 학회는 우리 말과 글의 연구에 힘썼고, 민족주의 사학자와 진단 학회는 우리 역사의 연구에 힘썼다.

4\. 문예 활동에서는 우리 민족의 사상과 감정을 표현하면서 민족 의식과 저항 의식을 고취하였다.

 Ⅶ. 대한 민국의 발전

   1\. 광복과 분단
   2\. 대한 민국의 수립과 발전
   3\. 경제 개발과 교육⋅문화의 발전
   4\. 통일을 위한 노력

포항 제철  

대한 민국의 발전

우리 민족은 일제의 식민 통치 기간 중 국내외에서 꾸준히 독립 운동을 전개해 왔으며, 그 결과 마침내 일본의 식민 통치로부터 벗어나 광복을
맞이하였다. 그러나 광복은 곧 독립으로 연결되지 못하였다. 제2차 세계 대전에서 승리한 미⋅소 두 나라의 군대가 한반도에 진주하면서 남북
분단이 초래되었기 때문이다.

그러한 가운데 독립에 대한 국민의 열망으로 대한 민국 정부가 수립되었으며, 북한에는 공산주의 정권이 들어섰다. 북한 공산 집단의 남침으로
우리 민족은 6⋅25 전쟁의 시련을 겪었으나, 이를 극복하면서 새로운 역사의 발전을 위해 노력해 왔다. 그리하여 오늘날 우리는 경제 발전과
함께 정치적 민주화를 추구하고 통일된 조국 건설을 이룩하기 위해 노력하고 있다.

제2차 세계 대전 이후의 세계

 1. 광복과 분단

학습 개요

우리 민족은 온갖 고난과 시련에도 굴하지 않고 국내외에서 줄기차게 펼쳐 왔던 독립 운동과 연합국의 승리로, 일제의 압제에서 벗어나 광복을
맞게 되었다.

그러나 우리 민족은 정부를 수립할 때까지 또다른 시련을 겪지 않으면 안 되었다. 제2차 세계 대전 후, 세계 여러 나라는 자유 진영과 공산
진영으로 갈라졌고, 이는 우리 나라에 큰 영향을 끼쳤다. 그리하여 한반도에 미군과 소련군이 38도선을 경계로 진주하여, 국토가 분단되는
비극을 겪어야만 하였다.

학습 문제

1\. 우리 민족이 광복을 맞이할 수 있었던 바탕은 무엇인가?

2\. 38도선은 왜 생겼으며, 우리 민족에게 어떠한 영향을 끼쳤는가?

3\. 모스크바 3국 외상 회의의 결정에 대하여 우리 민족은 어떻게 대처하였는가?

8⋅15 광복

1945년 8월 15일, 일본의 항복으로 제2차 세계 대전이 연합국의 승리로 끝나자, 우리 민족은 일제의 가혹한 식민 통치로부터 벗어나
마침내 감격스러운 광복을 맞게 되었다. 우리가 광복을 맞이할 수 있었던 것은, 연합국의 승리가 가져다 준 결과이기도 하지만, 그 동안 우리
민족이 일제에 항거하여 꾸준히 전개해 왔던 독립 운동의 결실이라고 할 수 있다.

국내에서의 끈질긴 독립 운동, 만주와 연해주, 중국 대륙 등에서의 줄기찬 항일 무장 투쟁, 대한 민국 임시 정부의 외교 활동과 한국 광복군의
대일 항전, 그리고 민족의 잇단 의거 활동 등이 광복의 밑거름이 되었던 것이다. 이와 같은 우리 민족의 줄기찬 독립 운동과 투철한 독립
의지가 있었기에 우리 민족은 중국을 비롯한 세계 여러 나라의 후원을 받을 수 있었고, 연합국의 지도자들도 카이로 회담과 포츠담 선언에서 우리
민족의 독립을 약속하였던 것이다.

8⋅15 광복으로, 망명했던 애국 지사들과 일본 등지로 징용당했던 동포들이 돌아올 수 있게 되었다. 그리하여 우리 민족은 우리의 손으로
나라를 세울 수 있다는 희망과 기쁨에 가득 차 있었다.

광복의 기쁨  

국토의 분단

우리 민족의 감격적인 광복은 곧바로 독립으로 이어지지 않았다. 그것은 미국과 소련의 정치적, 군사적 이해 관계에 얽혀 북위 38도선이 군사
분계선으로 설정되고, 미⋅소 양국의 군대가 우리 나라의 남과 북에 각각 진주하였기 때문이다. 소련군은 1945년 8월에 북한에 진주하였고,
미군은 9월 초에 남한에 진주하여 한반도에 남아 있던 일본군의 무장을 해제시켰다.

38도선은 이처럼 처음에는 미⋅소 양국에 의해 그어진 군사적 경계선이었다. 그러나 제2차 세계 대전 후 미국을 중심으로 한 자유 진영과
소련을 중심으로 한 공산 진영의 대립이 심해지면서 양 진영 사이의 관계가 악화되자 38도선은 정치적 분할선으로 바뀌게 되었다. 이로 인해
우리 민족은 광복의 기쁨이 채 끝나기도 전에 국토의 분단이라는 뜻밖의 시련을 맞게 되었다.

38도선 안내 표지  

미 군정하의 남한

광복과 더불어 국내의 일부 지도자들은 조선 건국 준비 위원회를 결성하여 치안을 유지하고, 독립 국가의 건설을 준비하였다. 이와 동시에 전국
각지에 수감되어 있던 많은 애국 지사들이 석방되어, 오랫동안 금지되었던 정치 활동을 시작하였다. 이들 애국 지사들은 서로의 이념에 따라
정당과 사회 단체를 조직하였다.

남한에 진주한 미군은 3년간 군정을 실시하였다. 미 군정하에서 남한은 정국이 안정되지 못하고 혼란이 거듭되었다. 그것은 미군이 한반도의
실정을 정확히 파악하지 못한데다가 수많은 정당과 사회 단체들이 난립하였고, 민족주의 계열과 공산주의 계열이 날카롭게 대립하였기 때문이었다.
또, 많은 해외 동포들과 독립 투사들이 귀국하여 서로의 주장이 통일되기가 어려웠고, 생활 필수품을 비롯한 물자의 부족으로 생활이 극도로
어려웠기 때문이었다.

남한의 정국이 정당의 난립과 좌우 정파의 대립으로 어지러울 무렵, 1945년 10월에는 미국에서 독립 운동을 하고 있던 이승만이 귀국하고,
이어서 다음 달에는 김구 등 대한 민국 임시 정부의 지도자들이 중국에서 귀국하였다. 오랜 망명 생활 끝에 귀국한 이들 지도자들도 군정이 끝난
후 정부를 수립할 것에 대비하여 정당과 사회 단체를 만들었지만, 서로의 의견이 엇갈리고 국민들의 정치적 경험이 성숙되지 못하였기 때문에
정국의 혼란은 계속되었다.

이승만  

김구  

북한의 공산화

북한에서는 광복 직후에 민족주의자들이 중심이 되어 평안 남도 건국 준비 위원회를 조직하였다. 그리고 평안 남도 이외의 각 도에서도 지역 자치
기구들이 결성되었다. 그러나 북한에 진주한 소련군은 건국 준비 위원회 등의 각종 기구들을 공산주의자들이 주도하는 인민 위원회나 인민 정치
위원회로 개편시켰다. 소련군 사령부는 이 인민 위원회에 치안 업무와 행정 업무를 이양하고 소련 군정의 대행 기관으로 내세웠다.

북한에서도 여러 정치 세력들이 등장하였다. 그 가운데에서도 조만식 등의 민족주의 세력과 중국이나 소련에서 귀국한 공산주의자들의 활동이
두드러졌다. 그런데 소련군 사령부는 민족주의 세력을 제거하고, 김일성을 비롯한 공산주의자들을 지원하였다. 이로 인하여 북한에는 공산주의
제도가 도입되고 공산주의 정권이 수립되었으나, 이 과정에서 주민들의 반발이 적지 않았다. 즉, 신의주를 비롯한 각지에서 반공 의거가
일어났으며, 민족주의 계열의 많은 지도자들이 남한으로 내려왔다.

조만식  

신탁 통치 문제

1945년 12월에 모스크바에서 미국, 영국, 소련의 3국 외상 회의가 개최되었다. 이 회의에서는 한반도에 미군과 소련군의 대표로 구성되는
미⋅소 공동 위원회를 설치하고, 또 한국에 대하여 최고 5년간 미국, 영국, 중국, 소련의 4개국이 신탁 통치를 실시한다고 결정하였다. 신탁
통치란, 강대국이 독립할 능력이 없는 나라를 일정 기간 동안 통치하는 것을 말한다.

이러한 신탁 통치안은 우리의 역사와 민족의 역량을 무시하고, 또 우리 민족이 염원하는 독립을 지연시키는 것이었다. 이에 우리 민족은 신탁
통치 반대 운동을 맹렬히 전개하였다.

광복 후, 독립 정부의 수립을 고대하던 국민들은, 신탁 통치의 결정을 민족에 대한 모욕으로 받아들였다. 그리하여 민족 지도자들이 중심이 되어
신탁 통치 반대 국민 총동원 위원회를 결성하였고, 이를 계기로 반탁 운동은 전국적으로 확산되었다.

신탁 통치 반대 운동  

처음에는 공산주의자들까지 반탁 운동에 참가하여 민족적 단합의 계기가 마련되는 듯하였다. 그러나 그들은 소련의 지령에 따라 곧 태도를 바꾸어
신탁 통치안을 지지하였다.

이처럼 신탁 통치 문제를 놓고 남한에서는 민족주의 진영이 반탁 운동을, 공산주의 진영이 찬탁 운동을 전개함으로써 좌우 대립이 치열해졌고,
의견의 일치를 볼 수 없었다. 한편, 북한에서는 반탁을 주장한 조만식이 소련군 당국에 의해 연금되었으며, 민족 진영의 반탁 운동은
금지되었다.

신탁 통치안에 대한 우리 민족의 격렬한 반대 운동에도 불구하고, 신탁 통치 문제와 한국 임시 정부의 수립 문제를 논의하기 위한 미⋅소 공동
위원회가 서울에서 개최되었다. 이 때 소련측은 찬탁을 주장하는 단체들만으로 임시 정부를 수립할 것을 고집하였고, 미국측은 모든 정치 단체들을
참여시킬 것을 주장하였다. 이리하여 두 차례에 걸쳐 개최되었던 미⋅소 공동 위원회는 양측의 주장이 대립하여 아무런 성과도 거두지 못한 채
결렬되고 말았다.

미⋅소 공동 위원회  

미⋅소 공동 위원회가 결렬되면서 독립 정부를 수립하려는 우리 민족 앞에는 많은 어려움이 가로놓이게 되었다. 미⋅소의 대립과 냉전 체제, 민족
지도자들의 분열, 민족주의 진영과 공산주의 진영의 대립 등은 민족의 통일된 독립 정부 수립을 어렵게 만들었다.

학습 정리

1\. 우리 민족은 줄기찬 독립 운동과 연합국의 승리로 일제의 식민 통치에서 벗어나 8⋅15 광복을 맞이하였다.

2\. 미국과 소련은 일본군의 무장 해제를 위해 38도선을 경계로 각기 남북에 군대를 보내 군정을 실시하였고, 이로써 국토가 분단되었다.

3\. 신탁 통치안은 민족의 오랜 독립 염원을 외면한 것이었으므로 우리 민족은 격렬한 반탁 운동을 전개하였다.

 2. 대한 민국의 수립과 발전

학습 개요

1948년 8월, 남한에는 자유 민주 국가 체제의 대한 민국 정부가 수립되었다. 그러나 대한 민국이 미처 안정을 이루기도 전에 북한은
군사력을 증강하여 6⋅25 전쟁을 일으켰다.

대한 민국은 한때 위기를 겪었으나, 국민들의 자유 수호를 위한 투쟁과 자유 우방의 적극적인 후원으로 공산군을 물리쳤다. 그 후 이승만 정부의
부정과 부패로 인해 4⋅19 혁명이 일어나 장면 내각이 성립되었다.

1961년 5⋅16 군사 정변이 일어났고, 그 뒤를 이어 박정희 정부가 성립되었다. 이 시기에는, 경제적으로는 큰 성장을 이루었으나,
정치적으로는 민주주의가 시련을 겪었다. 그러나 1980년대 후반 이후 민주화가 진전되어 민주주의가 이 땅에 정착되어 가고 있다.

학습 문제

1\. 대한 민국 정부는 어떠한 과정을 거쳐 수립되었는가?

2\. 대한 민국이 공산군의 남침을 물리칠 수 있었던 힘은 무엇이었는가?

3\. 4⋅19 혁명과 6월 민주 항쟁은 어떠한 의의를 지니는가?

대한 민국의 수립

미⋅소 공동 위원회가 결렬되자, 미국은 한국의 독립 문제를 미⋅영⋅중⋅소의 4개국 외상 회의에 상정하려고 하였다. 그러나 소련은 모스크바
3국 외상 회의의 합의 사항이 아니라는 이유로 이를 거부하였다. 이에 미국은 한국의 독립 문제를 유엔에 상정하였다.

유엔 총회는 미국의 제안을 받아들여 9개국으로 구성된 유엔 한국 임시 위원단을 설치하고, 유엔 감시하에 남북한 총선거를 실시하여 조속히 통일
독립 정부를 수립하자는 결의안을 통과시켰다. 이리하여 인도 등으로 구성된 유엔 한국 임시 위원단이 서울에 도착하여 독립 문제에 대해 우리
지도자들과 상의하는 등 활동을 개시하였다.

그러나 소련이 유엔 한국 임시 위원단의 입북을 거절하였기 때문에, 북한 지역에서는 이들의 활동이 불가능하게 되었다. 이에 유엔은 선거가
가능한 지역에서만이라도 총선거를 실시하여 한민족의 독립 정부를 수립할 것을 결의하였다. 이에 따라 남한에서는 총선거를 실시하기 위한 준비가
이루어졌다.

한편, 통일 독립 정부의 수립을 열망한 김구, 김규식 등은 단독 정부의 수립을 반대하고 납북 협상을 추진하였다. 평양에서 개최된 협상에
남북한의 정치 지도자들이 참석하여 통일 정부 수립 문제를 논의하였으나 성과를 거두지 못하였고, 북한 공산주의자들의 술책에 이용당하는 결과를
초래하였다.

마침내 1948년 5월 10일, 남한에서는 유엔 한국 임시 위원단의 감시 아래 총선거가 실시되었다. 5⋅10 총선거는 일부의 방해와 반대가
있었으나, 예정대로 치러졌다. 이는 우리 나라 역사상 최초로 실시된 민주 선거였다. 그 결과 대한 민국의 제헌 국회가 구성되었다.

5⋅10 총선거  

국회에서는 민주 헌법을 제정하여 7월 17일에 공포하고, 초대 대통령으로 이승만을 선출하였다. 이승만 대통령은 행정부를 구성하여, 8월
15일에 대한 민국 정부 수립을 국내외에 선포하였다(1948).

대한 민국 정부 수립 선포식  

유구한 역사와 전통에 빛나는 우리들 대한 국민은 기미 3⋅1 운동으로 대한 민국을 건립하여 세계에 선포한 위대한 독립 정신을 계승하여 이제
민주 독립 국가를 재건함에 있어서 정의 인도와 동포애로써 민족의 단결을 공고히 하며 모든 사회적 폐습을 타파하고 민주주의 제 제도를 수립하여
정치, 경제, 사회, 문화의 모든 영역에 있어서 각인의 기회를 균등히 하고 능력을 최고도로 발휘케 하며, 각인의 책임과 의무를 완수케 하여
안으로는 국민 생활의 균등한 향상을 기하고, 밖으로 항구적인 국제 평화의 유지에 노력하여 우리들과 우리들의 자손의 안전과 자유와 행복을
영원히 확보할 것을 결의하고 우리들의 정당 또 자유로이 선거된 대표로써 구성된 국회에서 단기 4281년 7월 12일 이 헌법을 제정한다.

제헌 국회에서 제정한 헌법 전문

대한 민국은 역사상 우리 국토에 우리 민족의 손으로 세운 최초의 민주 공화국이다. 일제의 침략으로 나라를 잃은 이래, 민족이 염원하던 우리의
정부가 수립된 것이었다.

한편, 그 해 12월 파리에서 개최된 유엔 총회에서는 대한 민국이 한반도에서의 유일한 합법 정부임을 절대 다수로 승인하였다. 이로써, 대한
민국은 국제적으로 정통성을 인정받게 되었고, 자유 우방의 지지를 받아 민주주의 국가로 발전하게 되었다.

북한 공산 정권의 수립

소련군의 지원을 받은 북한 공산주의자들은 각급 지방 인민 위원회를 조직하고, 공산주의 이념과 제도를 보급하기 위하여 힘썼다. 그리고 조선
민주당 내의 민족주의자들을 제거하고, 민족주의 이념을 탄압하였다.

소련군이 북한에 진주할 때에 뒤를 따라 들어온 김일성 등 공산주의자들은 점차 실권을 장악하고, 독재 체제의 기반을 닦기 시작하였다. 또,
이들은 북한의 공산화를 서둘러 추진하였다.

1946년 2월에는 사실상의 공산 정권인 북조선 임시 인민 위원회가 수립되었고, 김일성이 그 위원장에 선출되었다. 북조선 임시 인민 위원회는
후일 북한 공산 정권의 모체가 되었다.

북조선 임시 인민 위원회는 토지 개혁 법령, 중요 산업 국유화 법령 등을 발표하여 공산주의 체제의 기반을 마련하였다. 이러한 과정에서,
공산주의 체제를 거부하는 수많은 사람들이 자유를 찾아 38도선을 넘어 남한으로 내려왔다. 그 후, 1948년 9월에는 북한 공산 정권이
공식적으로 수립되었다.

공산주의자들의 남한 교란

8⋅15 광복 직후의 우리 나라 경제는 매우 어려운 처지에 놓여 있었다. 38도선의 국토 분단으로 경제 생활권마저 둘로 갈라졌고, 지하
자원과 산업 시설의 대부분이 북한에 치우쳐 있었기 때문에 남한의 경제는 더욱 어려워질 수밖에 없었다. 북한이 풍부한 지하 자원과 수력 자원
및 공업 시설을 가진 데 비하여, 남한은 농업이 경제의 중심을 이루었고 경공업 시설밖에 없었으며, 지하 자원과 수력 자원도 부족하였다.
북한은 이와 같이 경제적으로 불리하였던 남한을 더욱 곤경에 몰아넣기 위해 전력의 공급마저 끊어 버렸다.

한편, 공산주의자들은 남한의 사회 질서를 교란시키기 위하여 각지에서 폭동, 파업 등을 일으켰고 이로 인하여 많은 인명과 재산의 손실이
있었다.

제주도에서는 대규모의 유혈 사태가 일어났으며, 여수와 순천에서는 주둔군 내부에 침투한 좌익 세력이 반란을 일으키고, 여기에 이 지역에
잠입하였던 공산주의자들이 합세하여 사회 혼란을 야기시켰다.

여수⋅순천 10⋅19 사건의 진압에 나선 국군과 경찰  

대한 민국 정부를 전복하고자 했던 이들 사건은 우리 국군과 경찰에 의하여 진압되었지만, 평온과 질서를 되찾기까지에는 상당한 기간이 걸렸다.

6⋅25 전쟁

북한 공산주의자들은 통치 기반을 정비한 후, 대한 민국에 대한 무력 남침 준비를 서둘렀다. 그들은 소련과 비밀 군사 협정을 맺어 군사력을
증강시켰다. 6⋅25 전쟁 직전에 북한의 병력은 20만 명에 이르렀고, 소련의 지원을 받아 전투기와 전차 등의 현대식 무기까지 갖추었다.

그러나 당시 남한은 각지에서 발생한 소요 사태와 파업 등으로 사회가 안정되지 못한 상태였으며, 인구의 급격한 증가로 인한 식량 부족으로
경제적으로 매우 어려웠다. 또, 정당과 사회 단체의 난립으로 정치적으로도 불안정한 실정이었고 군사력도 제대로 갖추지 못하였다. 남한의 병력은
10만 명 정도에 지나지 않았고, 무기와 장비도 뒤떨어진 상태에 있었다.

북한 공산주의자들은 남침 준비를 서두르면서도, 겉으로는 남한에 대해 평화 공세를 펴 그들의 남침 의도를 숨기려고 하였다. 그러다가 1950년
6월 25일, 마침내 북한 공산군은 38도선의 전 지역에 걸쳐서 남침을 감행하였다.

남침하는 북한 공산군  

우리 국군은 빈약한 무기에도 불구하고 자유 수호의 결의를 다짐하면서 공산군의 침략에 맞서 용감히 싸웠다. 그러나 병력과 장비가 부족한 국군은
공산군의 대규모 남침에 일시 후퇴하지 않을 수 없었다.

이에 정부는, 공산군의 남침을 피해 대전, 대구를 거쳐 부산으로 피난하고, 이 곳을 임시 수도로 하였다. 그리고 낙동강 저지선까지 후퇴한
국군은 이 곳을 거점으로 반격 작전을 준비하였다. 나이 어린 학도병들도 자유 수호를 위해 책 대신 총을 들고 국군과 함께 용감히 싸웠으며,
많은 청년들이 군에 지원하여 조국 수호에 앞장 섰다.

공산군의 격퇴

북한 공산군의 침략이 있자, 긴급 소집된 유엔 안전 보장 이사회는 북한 공산주의자들을 침략자로 규정하고 공산군의 철수를 요구하는 한편, 유엔
군의 한국 파병을 결의하였다.

그리하여 미국을 비롯한 우방 16개국이 세계 평화와 자유 수호를 위하여 우리 나라에 군대를 보내 와, 유엔의 깃발 아래 국군과 함께 싸웠다.

한때 낙동강까지 후퇴하여 전세가 매우 위급하였으나, 재정비되고 강화된 국군과 유엔 군은 인천 상륙 작전을 계기로 반격을 시도하여 서울을
수복하였다. 이어서, 이 기회에 통일을 이룩해야겠다는 생각으로 38도선을 넘어 공산군을 쫓으며 북한으로 진격하였다.

국군이 압록강과 두만강 부근까지 진격하여 통일이 눈앞에 다가온 듯하였으나, 뜻하지 않은 중공군의 개입으로 다시 물러서지 않을 수 없었다.
중공군은 수많은 군대를 동원하여 인해 전술로 밀고 내려왔다. 그리하여 한때 서울을 다시 내주었으나, 전력을 가다듬은 국군과 유엔 군은 서울을
재탈환하고, 적을 다시 38도선 부근까지 격퇴하였다. 그 후, 치열한 공방전이 계속되었다.

이러한 가운데, 전쟁에 지친 공산군은 남침의 실패를 깨닫고 소련을 내세워 휴전을 제의해 왔다. 이후, 유엔 군과 공산군 사이에 2년여에 걸쳐
판문점에서 휴전 회담이 진행되었다. 이 때, 우리 겨레는 완전 통일이 아닌 휴전에 반대하였으나, 결국 휴전이 이루어졌다(1953).

6⋅25 전쟁의 전황  

북한 공산군이 일으킨 6⋅25 전쟁은 자유와 평화에 대한 도전으로서, 동족 상잔의 범죄였다. 수많은 사람들이 생명과 재산을 잃었고, 공장과
발전소, 교량과 철도 등이 파괴되었다.

4⋅19 혁명

6⋅25 전쟁을 겪은 후, 이승만 대통령은 전후 복구와 민심 수습을 위하여 노력하였고, 강력한 반공 정책을 추진하면서 북진 통일을 내세웠다.

이승만 대통령을 환호하는 평양 시민(6⋅25 전쟁 때)  

그러나 이승만 정부하에서의 정치는 혼란을 되풀이할 뿐, 민주주의는 제대로 뿌리를 내리지 못하였다.

집권 여당인 자유당은 이승만 대통령의 장기 집권을 가능하게 만든 헌법 개정안을 통과시키고, 관권을 동원하여 부정 선거를 자행하면서 계속
집권하였다.

이리하여 민주 정치는 제대로 실시되지 못하고, 독재 정치가 강화되었다. 이승만 정부는 민주 정치를 바라는 국민의 기대를 저버림으로써 국민의
지지를 잃게 되었다.

1960년 3월의 정⋅부통령 선거에서, 이승만이 이끄는 자유당은 대대적인 부정 선거를 감행하여 정권을 연장시키려 하였다. 이에, 학생과
시민들은 부정 선거와 자유당의 독재에 항거하여 궐기하였다.

부정 선거를 규탄하는 시위는 마산에서 시작되었다. 마산 의거에 이어 4월 19일에 서울과 주요 도시에서 학생과 시민들은 3⋅15 부정 선거,
부정 부패, 자유당 독재 등을 규탄하는 대규모의 시위를 전개하였다.

4⋅19 혁명  

4⋅19 혁명 기념탑(서울 수유동)  

정부는 계엄령을 선포하여 시위를 진압하고 사태를 수습하려 하였으나, 학생과 시민들은 이에 굴하지 않고 이승만 대통령의 사퇴를 요구하고
나섰다. 마침내 이승만은 대통령직에서 물러났으며, 자유당 정권도 무너지고 말았다.

4⋅19 혁명은 자유 민주주의를 수호하기 위한 학생, 시민들의 항거로, 국민의 자유와 권리를 보호하며 민주주의의 이념을 구현하기 위한
것이었다.

이승만이 이끈 자유당 정권이 4⋅19 혁명으로 무너지자, 과도 정부가 성립되어 사태의 수습에 나섰다. 이 때 내각 책임제와 양원제를 골자로
하는 헌법 개정이 이루어지고 총선거가 실시되었다.

이 선거에서 민주당이 압도적인 승리를 거두었고, 새로 구성된 국회는 윤보선을 대통령으로, 장면을 국무 총리로 선출하였다. 이로써 국민들의
기대와 열망 속에 장면 내각이 성립되었다(1960).

장면 내각의 기자 회견  

장면 내각은 독재 정치를 종식시켜 민주 정치를 실현하고, 경제 발전을 이루기 위하여 노력하였으나, 4⋅19 혁명 직후의 혼란을 제대로
수습하지 못하였다. 그리고 국민들이 기대하는 정책을 과감하게 추진하지도 못하였다.

이는 장면 내각이 4⋅19 혁명의 민주적 이념을 적극적으로 구현하지 못하였을 뿐만 아니라, 집권당이었던 민주당의 분열로 정치적 안정도 이루지
못하였으며, 계속되는 시위로 인하여 사회 혼란이 지속되었기 때문이었다.

5⋅16 군사 정변

과도 정부의 뒤를 이어 성립된 장면 내각은, 1961년 5월 16일에 박정희를 중심으로 한 일부 군인들이 군사 정변을 일으켜 정권을 장악함에
따라 집권 9개월 만에 무너지고 말았다.

군사 정변의 중심 인물들은 헌법의 효력을 중단시키고 국가 재건 최고 회의를 구성하여 2년 6개월 동안 군정을 실시하였다. 군사 정부는 반공을
국시로 내걸고, 경제 재건과 정치 안정 및 사회 기풍의 쇄신 등을 강조하였다.

군사 정부는 대통령 중심제와 단원제 국회를 주요 골자로 하는 헌법 개정안을 마련하여 이를 국민 투표에 의하여 확정시켰다. 군사 정부는 새
헌법에 따라 대통령 선거와 국회 의원 선거를 실시하였다. 군사 정부를 이끌었던 박정희가 대통령으로 당선되고, 국회가 구성되었다(1963).

박정희 정부는 조국의 근대화를 표방하고, 공업화를 우선 과제로 삼는 성장 위주의 경제 정책을 적극적으로 추진해 나갔다. 이에 따라 경제 개발
5개년 계획이 여러 차례 추진되어 수출이 증가되고, 소득도 향상되었다.

또, 박정희 정부는 적극적인 외교 활동을 전개하여 민주 우방과의 유대를 강화하는 한편, 중립국과의 외교 관계 수립에 노력하였다. 오랫동안
숙제로 남아 있던 일본과의 관계를 개선하여, 한⋅일 협정을 조인하였다(1965). 그리고 공산 침략을 받고 있는 베트남을 지원하기 위해
국군을 파병하기도 하였다.

민주주의의 시련

박정희 정부는 근대화 정책을 추진하여 경제 성장과 국력 배양에는 기여하였으나, 민주주의를 실현하려는 의지는 약하였다. 장기 집권을 위한
목적에서 3선 개헌을 강행하였으며, 정치적 반대자에 대해서는 탄압도 서슴지 않아 독재 정치라는 비판을 받기도 하였다.

국민들의 비판으로 선거를 통한 정상적인 집권이 어렵다고 생각한 박정희 대통령은 헌정을 중단시키고 10월 유신을 선포하였다(1972). 이른바
유신 체제의 확립으로 통일 주체 국민 회의가 대통령을 선출하게 되어, 사실상 장기 집권할 수 있는 길을 열어 놓았다. 이로써 박정희 정부의
독재화가 가속화되었다.

10월 유신 선포  

10월 유신 선포 후 자유와 권리가 억압된 국민들은 민주주의를 회복하기 위한 운동을 전개하였다. 헌법을 개정하자는 주장과 함께 정치적 불안이
조성되자 정부는 여러 가지 강경 정책을 실시하였다. 이 과정에서 박정희 대통령이 피살되는 10⋅26 사태가 발생하였다.

이를 계기로 계엄령이 선포되고, 이어서 이른바 신군부 세력이 1979년 12월 12일에 병력을 동원하여 군권을 차지하고 나아가 정치적 실권을
장악하였다. 이에 자유 민주주의 헌정 체제의 회복을 요구하는 시위가 전국적으로 확산되었으며, 이는 5⋅18 광주 민주화 운동으로
이어졌다(1980).

민주화 운동과 기성 정치인을 억압하고 실권을 장악한 신군부 세력은 강압적인 분위기를 조성하고, 자신들의 정권 장악에 유리하도록 헌법을
개정하였다. 즉, 국민이 직접 대통령을 선출하는 것이 아니라 대통령 선거인단이 대통령을 선출하도록 하였으며, 이에 따라 전두환이 대통령에
취임하였다(1981).

전두환 정부는 정의 사회의 구현과 복지 사회의 건설을 표방하였고, 경제 안정과 수출 증대에 힘썼다. 그러나 여러 가지 부정과 비리로 말미암아
국민들의 비판과 저항을 받게 되었다.

민주화의 진전

전두환 정부는 민주화 운동을 탄압하였으나, 국민들의 민주화 열기는 식을 줄 몰랐다. 국민들은 군사 독재와 비리를 규탄하면서 개헌을
요구하였다. 이처럼 민주화를 요구하는 6월 민주 항쟁이 전국적으로 확산되자, 마침내 6⋅29 민주화 선언이 이루어졌다.

이를 계기로 대통령 직선제를 골자로 하는 개헌 작업이 추진되어 5년 단임의 대통령을 국민이 직접 선출하는 헌법 개정이 이루어졌다. 새 헌법에
따라 대통령 선거가 실시되어, 그 결과 노태우 정부가 성립되었다(1988).

이 시기에 제24회 서울 올림픽 대회가 개최되어 국위를 선양할 수 있었다. 노태우 정부는 올림픽 대회 이후 북방 정책을 추진함으로써 동유럽
국가 및 소련, 중국과도 국교를 수립하여 외교 관계를 확대하였다.

6월 민주 항쟁 이후 국민의 민주 역량은 날로 성숙되어 갔으며, 민주화도 점진적으로 추진되어 갔다. 이러한 가운데 제14대 대통령 선거가
실시되어 김영삼 정부가 출범하였다(1993).

14대 대통령 취임식  

김영삼 정부는 부정과 부패, 비민주주의적인 관행 등 우리 사회의 누적된 모순을 제거하면서 민주화와 세계화를 위한 개혁을 추진하고 있다.

학습 정리

1\. 유엔의 결의에 따라 총선거가 실시되고 민주 헌법이 제정되어 대한 민국 정부가 수립되었다.

2\. 6⋅25 전쟁 때 우리 국민은 투철한 반공 정신과 자유 수호의 굳은 결의로 유엔 군의 도움을 받아 북한 공산군을 격퇴할 수 있었다.

3\. 4⋅19 혁명은 자유 민주주의를 수호하기 위한 혁명이었고, 6월 민주 항쟁은 자유 민주주의의 정착에 이바지한 민주화 운동이었다.

 3. 경제 개발과 교육⋅문화의 발전

학습 개요

휴전 이후 대한 민국은 전쟁으로 황폐해진 국토의 재건과 경제 부흥에 전력을 다하였다. 복구 사업은 국민적 열의와 참여에 의해 급속히
진행되었으며 생산 활동도 활발해졌다.

1962년부터 정부는 경제 개발 5개년 계획을 계속 추진하여 근대화의 바탕을 마련하였으며, 경제적으로 커다란 성장을 이루었다. 그리고 이
시기에 전개된 새마을 운동은 농어촌 환경의 개선과 농어민의 소득 증대에 크게 기여하였다.

경제 성장이 지속적으로 이루어져 수출이 비약적으로 증가하고, 중화학 공업이 육성되었다. 이러한 국력의 신장을 바탕으로 1988년에는 제24회
서울 올림픽 대회를 성공적으로 개최하였고, 교육과 문화도 꾸준히 발전하고 있다.

학습 문제

1\. 경제 개발 5개년 계획은 우리의 경제를 어떻게 변모시켰는가?

2\. 새마을 운동의 근본 정신과 그 성과는 무엇인가?

3\. 서울 올림픽 대회가 성공적으로 개최될 수 있었던 까닭은 무엇인가?

4\. 민족 문화의 계승과 발전을 위한 활동은 어떠하였는가?

경제 개발 5개년 계획

정부는 1962년부터 경제 개발 5개년 계획을 거듭 추진하고, 수출의 증대를 위해 적극적으로 노력하였다. 경제 개발 계획의 추진은
빈곤으로부터 벗어나 낙후된 경제 사회 분야를 발전시켜 자립 경제를 달성할 수 있는 기반을 마련하기 위한 것이었다.

그리하여 외국의 자본을 도입하여 많은 공장을 건립함으로써 수출도 해마다 늘어나게 되었다. 또, 농업 생산력의 증대와 기간 산업의 확충, 과학
기술의 개발에 중점을 두어 많은 성과를 올렸다.

정부는 산업의 발달을 뒷받침하기 위하여 경부 고속 국도를 비롯한 여러 고속 도로를 건설하였다. 이에 전국이 1일 생활권에 들게 되었으며,
도시와 농촌 간의 격차도 점차 줄어들게 되었다.

경부 고속 국도  

경제 개발 계획은 처음에는 경공업 중심의 수출 산업을 위주로 하였으나, 점차 중화학 공업을 육성하는 방향으로 나아갔다. 철강, 석유 화학,
기계, 전자, 조선, 자동차 등 중화학 공업의 성장과 수출이 두드러졌고, 기업 활동이 왕성해졌다.

이로써, 우리 나라의 공업화는 빠른 속도로 추진되었으며, 경제 발전도 획기적으로 이루어질 수 있었다.

정부는 경제 개발 계획을 추진하면서, 농촌의 근대화와 생활 향상을 위해 새마을 운동을 전개하였다. 근면⋅자조⋅협동을 기본 정신으로 한 새마을
운동은 그 동안 상대적으로 소홀했던 농어촌 개발에 착수함으로써 가난의 역사를 청산하고 주민들 스스로의 노력으로 자립할 수 있도록 한다는
것이었다. 이 운동을 계기로 농어민들은 환경 개선과 소득 증대 사업을 벌였다. 그리하여 농어촌의 생활 수준과 소득도 점차 높아졌다.

근대화된 농촌  

경제 성장

경제 개발 5개년 계획이 여러 차례 성공적으로 추진됨에 따라 우리 나라는 경제가 놀랄 만큼 성장하여 공업국으로의 발돋움이 가능하게 되었다.
그리고 수출이 비약적으로 늘어났으며, 능률이 향상되고 기술이 개발되어 국제 경쟁력도 크게 강화되었다.

우리 근로자들은 경제 성장을 위해 국내에서뿐만 아니라 외국에서도 땀을 흘리며 열심히 일을 하여 근면한 한국인이라는 인상을 전세계 각국에 심어
주었다.

1980년대에 들어와서는 종래의 경제 개발 계획이라는 명칭을 경제 사회 발전 계획으로 바꾸고, 목표를 지속적인 경제 성장과 사회 발전을 통한
국민의 복지 향상에 두었다. 그리하여 각 부문별로 산업의 경쟁력을 향상시켜 사회의 발전을 촉진하고, 합리적인 제도를 정착시켜 국민이 안정된
삶을 누릴 수 있도록 정책의 방향을 바꾸었다.

1980년대 말 수출 환경의 악화로 경제 사정이 어려워지자, 정부는 시장 경제가 원활하게 운용되고 공평한 분배가 이루어지도록 노력하였다.
그러나 누적된 불균형적인 개발로 인하여 여러 가지 폐단이 나타났다. 시장 경제의 건전한 기능이 위축되고, 소득 분배의 불평등이 심화된
것이다.

1993년 새로 출범한 김영삼 정부는 기업의 국제 경쟁력을 강화하며 위축된 경제를 활력 있는 경제로 전환시키기 위해 신경제 5개년 계획을
수립하였다.

원자력 발전소  

서울 올림픽 대회

지속적인 경제 성장으로 국력이 신장된 우리 나라는 제24회 올림픽 대회를 서울에 유치하여 성공적으로 개최하였다(1988).

제24회 서울 올림픽 대회 개막식  

서울 올림픽 대회에는 세계 160개국 14,000여 명의 선수들이 참가하여 기량을 겨룸으로써 체제와 이념, 종교와 인종의 차이를 초월한
인류의 화합을 이루었다. 특히, 소련, 중국을 포함하여 사회주의 국가들이 대거 참가하였으며, 우리 나라는 서울 올림픽을 계기로 이들 국가와
국교를 수립하게 되었다.

제24회 서울 올림픽 대회의 개최는 우리 민족의 기상과 우리들이 쌓아 온 국력을 세계에 과시한 것이다.

한편, 제25회 바르셀로나 올림픽 대회에서도 우리 나라의 황영조 선수가 마라톤 경기에서 우승하는 등 각종 경기에서 뛰어난 기량을 발휘하여
체육 한국의 위상과 우리 민족의 저력을 전세계에 보여 주었다(1992).

교육과 문화의 발전

우리 나라의 교육은 8⋅15 광복 이후 비약적으로 발전하였다. 국민의 교육열이 높아지면서 각종 교육 시설이 크게 증가하고 학생 수도
급증하였다. 특히, 고등 교육을 받은 사람이 날로 늘어나 경제 성장과 문화 발전을 뒷받침하였다.

문화면에서는, 1960년대 이후 한때 무비판적으로 수용되었던 서양 문화에 대한 반성의 기운이 일어나고, 전통 문화에 대한 관심이 높아졌다.
이에 한국학을 연구하는 학자들은 민족의 전통 문화를 깊이 있게 연구하고 일제 식민 사관의 잔재를 청산하기 위하여 노력하였으며, 정부에서도
세종 문화 회관, 문예 진흥원, 예술의 전당 등을 건립하여 민족 문화의 계승과 발전에 힘쓰고 있다.

도움글

 서울 올림픽 대회

1988년 9월 17일부터 10월 2일까지 서울에서 제24회 올림픽 대회가 개최되었다. 서울 올림픽 대회는 ‘화합⋅전진’의 기치 아래 전세계
160개국이 참가한, 올림픽 사상 최대 규모의 대회였다.

1981년 9월에 서울에서의 올림픽 개최가 결정된 이후부터 온 국민의 기대와 전세계의 관심 속에서 대회 준비가 진행되었다. 인류의 화합과
번영을 추구하는 올림픽 대회를 서울에서 개최하게 된 것은, 동⋅서 세력의 대치가 계속되는 상황에서 분단 국가인 대한 민국에 세계 여러 나라가
모여 스포츠를 통한 동⋅서의 화해와 인류의 영원한 전진을 약속한다는 점에서, 또 역대 올림픽 개최국이 맥시코를 제외하고 모두 선진국이었는 데
비해 대한 민국은 선진국도 후진국도 아닌 개발 도상국이라는 점에서 커다란 의미를 가지고 있었다.

이 대회에서는 33개의 세계 신기록과 5개의 세계 타이 기록, 227개의 올림픽 신기록과 42개의 올림픽 타이 기록이 수립되었다. 이는
이전의 대회들과 비교해 볼 때 엄청나게 많은 수확이라고 할 수 있다. 이처럼 풍성한 기록이 수립될 수 있었던 것은 완벽한 경기장 시설과
빈틈없는 경기 진행이 중요한 역할을 했기 때문이었다.

우리 나라는 금메달 12개, 은메달 10개, 동메달 11개로 종합 순위 4위를 차지하여 우리 민족의 저력을 전세계에 널리 알렸다. 또, 이를
계기로 우리 나라는 공산권 및 미수교국과의 경제, 문화, 스포츠 교류를 활발히 추진하게 되었다.

서울 올림픽 대회는 스포츠 행사로서 완벽에 가까운 성공을 거두었고, 동⋅서의 이념 분쟁 및 인종 차별로 인한 갈등과 불화를 해소시켜 세계
평화를 이룩할 수 있는 계기를 마련하였으며, 한국의 국제적 지위를 크게 높여 정치, 경제, 문화적으로도 선진국 대열에 들 수 있는 바탕을
마련하였다.

학습 정리

1\. 경제 개발 5개년 계획으로 국민들의 소득이 증대되었고, 기업 활동이 왕성해졌으며, 중화학 공업의 성장이 두드러졌을 뿐만 아니라 수출도
비약적으로 증대되었다.

2\. 근면, 자조, 협동을 기본 정신으로 한 새마을 운동으로 농어촌의 생활 수준이 높아졌다.

3\. 지속적인 경제 성장과 신장된 국력을 바탕으로, 온 국민의 힘을 모아 제24회 서울 올림픽 대회를 성공적으로 개최할 수 있었다.

4\. 한국학의 연구 활동이 활발해지고, 세종 문화 회관과 예술의 전당 등이 건립되어 민족 문화의 계승과 발전에 이바지하게 되었다.

 4. 통일을 위한 노력

학습 개요

남북한 간의 극한적인 대립은 국제 정세의 변화로 크게 바뀌어 대한 민국 정부는 북한에 대해 선의의 경쟁을 제안하였다. 그리하여 분단의 현실을
인정하고 대결 태세를 완화하기 위해 남북 적십자 회담을 제의하였으며, 이를 계기로 평화 통일을 선언한 7⋅4 남북 공동 성명이 발표되기도
하였다.

이후 남북 대화가 진행되면서 이산 가족의 고향 방문과 예술 공연단의 교환 방문 공연이 이루어졌고, 고위급 회담이 개최되기도 하였다. 이어서
남북한은 유엔에 동시에 가입하였으며, 남북 기본 합의서와 비핵화 공동 선언을 채택하는 등 평화 공존 원칙에 합의하였다.

학습 문제

1\. 7⋅4 남북 공동 성명의 의의는 무엇인가?

2\. 민족의 통일이라는 역사적 과제는 어떻게 수행되어 왔는가?

3\. 6⋅25 전쟁 이후 북한의 정치는 어떠한 방향으로 전개되었는가?

7⋅4 남북 공동 성명

6⋅25 전쟁이라는 동족 상잔의 비극을 겪은 후에도 남한과 북한의 무력 대결의 상태는 계속되었다.

그 이유는 민족 분단의 상황에서 서로가 상대방의 존재를 인정하지 않고 불신하였기 때문이었다. 이러한 남북한의 무력 대결이나 극한적 대립의
상태는 1960년대 말까지 지속되었다.

그러나 국제 정세는 크게 변화하였다. 미국은 닉슨 독트린을 선언하여 긴장 완화 정책을 추구하면서 중국과의 관계를 개선하였다. 이러한 국제
정세의 전환 속에서, 정부는 남북한 사이의 선의의 경쟁을 제안하였다. 이것은 정부가 분단 현실을 인정하고, 남북한의 대결 상황을 완화하려는
노력이었다.

한편, 대한 적십자사는 북한에 대하여 이산 가족 찾기를 위한 남북 적십자 회담을 제의하였으며, 북한 적십자사는 이 제의에 동의하였다.
그리하여 남북 대화의 새 전기가 마련되었고, 이후 남북 적십자 회담은 서울과 평양을 오가면서 여러 차례 개최되었다.

남북 적십자 회담  

적십자 회담으로 협상의 길을 연 남북한 당국은 7⋅4 남북 공동 성명을 발표하였다. 7⋅4 남북 공동 성명은 자주 통일, 평화 통일, 민족적
대단결의 3대 원칙을 내세웠으며, 통일 문제를 협의하기 위한 남북 조절 위원회의 설치에 합의하였다(1972).

남북 적십자 회담과 남북 조절 위원회 회의는 그 후 몇 차례 개최되었으며, 정부는 한반도에 두 개의 정치 체제가 존재하는 현실에 근거하여
6⋅23 평화 통일 외교 정책을 선언하였다. 이는 남북한 간의 긴장 완화와 국제 협조에 도움이 된다면 북한과 함께 국제 기구에 참여하겠다는
것으로, 평화 공존을 위한 제의였다.

이러한 평화 통일을 위한 노력은 남북 대화가 중단된 후에도 계속되어 우리 정부는 북한에 상호 불가침 협정을 제안하기도 하였다.

유엔 가입

1980년대에 이르러 재개된 남북 간의 대화는 부분적인 실효를 거두었다. 그리고 이산 가족 고향 방문단 및 예술 공연단의 교환 방문이
성사되기도 하였다(1985). 이와 아울러 정부는 적극적인 외교 정책을 전개하여 동유럽의 사회주의 국가들과 국교를 수립하였으며, 한 걸음 더
나아가 소련 및 중국과도 국교를 정상화하였다. 냉전 체제가 해소되어 감에 따라 우리 정부의 평화 통일을 위한 노력의 일부가 결실을 맺은
것이다. 그 후 우리 정부는 자주, 평화, 민주의 원칙 아래 통일 민주 공화국을 구성하자는 한민족 공동체 통일 방안을 제시하였다.

평양을 방문한 예술 공연단  

또, 서울에서 남북 고위급 회담이 열린 이래 서울과 평양에서 여러 차례 회담이 개최되었다.

한편, 체육 분야에서 탁구와 축구의 남북한 단일 팀이 구성되어 국제 대회에 참가함으로써 훌륭한 성과를 거두기도 하였고, 서울과 평양에서 각각
통일 축구 경기를 교환 개최하기도 하였다.

이러한 관계를 바탕으로 남북한은 유엔에 동시 가입하여 국제 사회에 동반자 관계임을 인식시켰다(1991).

그리고 남북한 정부 당국 사이의 공식적인 합의를 통해 남북 기본 합의서와 비핵화 공동 선언을 채택하였다. 이는 남북한이 상호 화해와 불가침을
선언하고, 교류와 협력을 하며, 핵무기를 개발하지 않는다는 것이다.

이와 같은 원칙을 바탕으로 김영삼 정부는 통일을 효율적으로 실천하기 위하여 화해⋅협력, 남북 연합, 통일 국가 완성의 한민족 공동체 건설을
위한 3단계 통일 방안을 발표하였다.

북한의 변화

소련군의 후원으로 권력을 장악한 김일성은 6⋅25 전쟁 이후 정적들을 제거하기 시작하였다. 그는 패전 책임을 물어 이들을 숙청하였는데, 이는
자신의 권력 기반을 강화하기 위한 것이었다.

김일성은 또한 전쟁으로 파괴된 산업 시설을 복구하기 위해 천리마 운동을 전개하였다. 이는 주민들의 생산 의욕을 고취시켜 노력 경쟁을 하도록
하고, 이를 통해 경제를 발전시키고 공산주의의 물질적 기초를 확립하기 위해서였다. 천리마 운동은 단순한 노력 경쟁에만 그치는 것이 아니라
사상적인 개조를 통하여 공산주의적인 인간형을 창조한다는 의도가 내포된 것이기도 하였다.

이 과정에서 북한은 사회주의 사회의 건설을 목표로 내걸고 사상, 기술, 문화의 3대 혁명을 내세우며 주민들을 동원하였다. 사상 혁명의 강조는
김일성 1인 독재 체제가 확립된 후에는 유일 사상 체계를 세우는 방향으로 진행되었다.

그 결과 북한 사회 전체가 김일성 중심적인 체제로 변모되었다. 김일성을 중심으로 하여 당의 통일과 단결을 강화하고, 모든 주민들은 그의
지도에 절대적으로 복종해야 하였다.

이러한 김일성의 정책은 김정일에게 이어졌다. 김정일은 1970년대 초부터 등장하여 사상, 기술, 문화의 3대 혁명을 지도하면서 후계자의
지위를 굳혀 갔는데, 김정일의 지위는 1980년대 들어 당을 실질적으로 장악함으로써 더욱 확고해졌다.

김정일은 1990년대에 들어서는 당뿐만 아니라 국가 권력 기관에 있어서도 김일성의 뒤를 이은 실권자로서 지위를 굳혔고, 김일성이 사망하자
최고 지도자의 지위를 이어받았다. 이와 같은 권력 세습은 공산주의 국가에서도 처음 있는 일로서 폐쇄된 사회의 단면을 나타내 주는 것이라고 할
수 있다.

등교하는 북한 학생들  

우리의 나아갈 길

우리가 역사를 배우는 목적은, 단순하게 옛날의 사건을 암기하는 데 있는 것이 아니라, 과거의 역사를 배움으로써 현재의 사회를 정확하게
이해하고, 나아가 보다 나은 미래 사회를 건설하는 데 있다. 따라서, 우리는 지금까지 학습한 민족사의 발전 모습을 통하여 우리의 나아갈 길을
찾고, 그를 위하여 실천적인 노력을 기울여야 할 것이다.

새로운 역사의 창조를 위하여 가장 긴급하고 또 중요한 것은, 민족의 통일, 국토의 통일이다. 우리 민족은 본래 한 핏줄로 이어져 내려 온
단일 민족으로서, 하나의 국가를 이룩하고, 하나의 문화를 발전시켜 왔음에도 불구하고, 오늘날 우리는 국토가 분단되어 남북으로 갈라져 대립하고
있다. 이러한 민족의 분단, 국토의 분단은 우리 민족 최대의 불행이다. 그러므로 우리는 남북 통일을 빠른 시일 안에 성취시켜야 하겠다.

다음, 우리는 우리의 고유한 문화 전통을 창조적으로 이어 가는 데 힘써야 할 것이다. 우리 민족은 오랜 역사 속에서 고유 문화를 가꾸고 이를
잘 발전시켜 왔다.

그런데 근래에 우리 주변에서는 서양 문화를 떠받들고, 우리의 고유 문화를 경시하는 사람들이 있음을 볼 수 있다. 물론, 서양의 문화를
받아들이는 일 자체는 나무랄 이유가 없다. 문화 교류는 오히려 민족 문화의 발전에 밑거름이 되기 때문이다.

바꾸어 말하면, 한 나라의 문화는 고유한 전통에 깊게 뿌리를 내리고 그 위에 밖으로부터 외래 문화가 신선한 자극으로 전해져 올 때 더욱
건강해질 수 있기 때문이다.

끝으로, 우리는 이러한 깨달음에 힘입어, 우리의 현실을 바로 인식하고, 우리의 나아갈 바를 찾아야 할 것이다. 오늘의 대한 민국은 오랜 역사
속에서 우리 민족이 보여 준 뛰어난 역량과 문화 민족으로서의 긍지가 이룩해 놓은 결실이라는 점을 명심하여, 오늘의 우리 역사를 더욱 사랑하고
내일의 새 역사를 창조하는 데에 온 힘을 기울여야 할 것이다.

도움글

 남북 사이의 화해와 불가침 및 교류⋅협력에 관한 합의서

(1992년 2월 18일 발효)

남과 북은 분단된 조국의 평화적 통일을 염원하는 온 겨레의 뜻에 따라 7⋅4 남북 공동 성명에서 천명된 조국 통일 3대 원칙을 재확인하고,
정치 군사적 대결 상태를 해소하여 민족적 화해를 이룩하고, 무력에 의한 침략과 충돌을 막고 긴장 완화와 평화를 보장하며, 다각적인
교류⋅협력을 실현하여 민족 공동의 이익과 번영을 도모하며, 쌍방 사이의 관계가 나라 사이의 관계가 아닌 통일을 지향하는 과정에서 잠정적으로
형성되는 특수 관계라는 것을 인정하고, 평화 통일을 성취하기 위한 공동의 노력을 경주할 것을 다짐하면서, 다음과 같이 합의하였다.

제1장 남북 화해

제1조 남과 북은 서로 상대방의 체제를 인정하고 존중한다.

제2조 남과 북은 상대방의 내부 문제에 간섭하지 않는다.

제3조 남과 북은 상대방에 대한 비방⋅중상을 하지 아니한다.

제4조 남과 북은 상대방을 파괴⋅전복하려는 일체 행위를 하지 아니한다.

제5조 남과 북은 현 정전 상태를 남북 사이의 공고한 평화 상태로 전환시키기 위하여 공동으로 노력하며 이러한 평화 상태가 이룩될 때까지 현
군사 정전 협정을 준수한다.

제6조 남과 북은 국제 무대에서 대결과 경쟁을 중지하고 서로 협력하며 민족의 존엄과 이익을 위하여 공동으로 노력한다.

제7조 남과 북은 서로의 긴밀한 연락과 협의를 위하여 이 합의서 발효 후 3개월 안에 판문점에 남북 연락 사무소를 설치⋅운영한다.

제8조 남과 북은 이 합의서 발효 후 1개월 안에 본회담 테두리 안에서 남북 정치 분과 위원회를 구성하여 남북 화해에 관한 합의의 이행과
준수를 위한 구체적 대책을 협의한다.

(이하 줄임)

학습 정리

1\. 7⋅4 남북 공동 성명은 자주 통일, 평화 통일, 민족적 대단결의 3대 원칙을 선언한 것으로 한반도에서 평화 통일을 이루기 위한
것이다.

2\. 대한 민국은 남북 적십자 회담, 남북 고위급 회담, 비핵화 선언 등 적극적인 평화 통일 정책을 추진해 왔다.

3\. 6⋅25 전쟁 이후 북한은 김일성 독재 체제를 강화하였고, 이어 김정일 세습 체제를 굳혔다.

 참고 자료 및 인용 문헌

① 한국 문화재 보호 협회. 「역사를 빛낸 위인(표준 영정 해설)」. p. 21.

② 한국 문화재 보호 협회. 「문화재 대관」. 대학당, 1986, p. 72.

③ 독립 기념관 한국 독립 운동사 연구소. 「독립 기념관 전시품 도록」. 1988, p. 19, 37, 39, 40, 43, 47, 48,
58, 72, 100, 152.

④ 한병삼. 「한국 미술 전집 ②」. 동화 출판 공사, 1980, p. 98.

⑤ 이경성. 「한국 미술 전집 ⑮」. 동화 출판 공사, 1980, p. 100.

⑥ 조자용⋅김철순. 「민화(상)」. 웅진 출판 주식 회사, 1992.

⑦ 서문당. 「사진으로 보는 독립 운동(상)」. 1987, p. 24, 26, 30, 46, 100.

⑧ 서문당. 「사진으로 보는 독립 운동(하)」. 1987, p. 64, 73, 98, 112, 132, 134, 146.

⑨ 김원모⋅정성길. 「한국의 백년」. 한국 문화 홍보 센타, 1989, p. 2, 23, 45, 48, 78.

⑩ 서울 특별시. 「서울의 어제와 오늘」. 1988, p. 281.

⑪ 김원모⋅정성길. 「백년 전의 한국」. 가톨릭 출판사, 1986, p. 54, 131, 222.

⑫ 이종학. 「동학 혁명 100주년 기념 특별 전시회」. 삼성 출판사, 1994, p. 11.

⑬ 서울 특별시. 「서울 문화재 대관」. 1987, p. 49, 115, 119, 329.

⑭ 숭실 대학교. 「한국 기독교 박물관」. 1988, p. 152, 155.

⑮ 한국 역사 인물화 연구회. 「한국 역사 인물화」. 1991.

⑯ 대한 출판 문화 협회. 「한국의 책 문화 특별전」. 1993, p. 88.

⑰ HOLP 출판사. 「일제의 침략」. 어문각, 1983, p. 26, 78.

⑱ 국회 의원 동우회. 「민족 기록화」. 한국 도서 출판 공사, 1979, p. 126.

⑲ 한국 정신 문화 연구원. 「한국 민족 문화 대백과 사전 5」. 1991, p. 224.

⑳ 문화 공보부. 「정부 수립 40년」. 1988, p. 123.

㉑ 조선 일보사. 「이승만과 나라세우기」. 1995, p. 166.

㉒ 총무처 정부 기록 보존소. 「기록으로 본 광복 50년」. 1995, p. 7, 15, 49.

㉓ 세계 한민족 평화 통일 협의회. 「북녘의 산하 그리고 동포들의 삶」. 1992, p. 43.

㉔ 웅진 출판 주식 회사. 「국보」. 1992, 10권(p. 102, 159), 12권(p. 53)

㉕ 경기 도청. 「경기 관광」.

 [판권]

연구진 | 이원순 | 국사 편찬 위원회  
---|---|---  
| 김두진 | 국민 대학교  
| 김홍섭 | 서울 특별시 교육청  
| 유영렬 | 숭실 대학교  
| 이범직 | 건국 대학교  
| 이서희 | 장안 중학교  
| 진덕규 | 이화 여자 대학교  
| 최규성 | 상명 대학교  
| 최몽룡 | 서울 대학교  
| 최완기 | 이화 여자 대학교  
| 김광남 | 국사 편찬 위원회  
| 변승웅 | 국사 편찬 위원회  
| 신재홍 | 국사 편찬 위원회  
| 신영범 | 교육부  
집필진 | 김홍수 | 춘천 교육 대학교  
| 심지연 | 경남 대학교  
| 양기석 | 충북 대학교  
| 이존희 | 서울 시립 대학교  
| 이희덕 | 연세 대학교  
| 임병태 | 숭실 대학교  
| 전형택 | 전남 대학교  
| 최용규 | 한국 교원 대학교  
  
중학교 국사(하)  
1997년 3월 1일 초판 발행  
1997년 2월 15일 인 쇄  
1997년 3월 1일 발 행 값 원  
저작권자 교육부  
편찬자 국사편찬위원회  
1종 도서 연구 개발 위원회  
발행인 서울 특별시 서초구 서초동 1361-5 대한 교과서 주식 회사  
인쇄인 대한 교과서 주식 회사  
 개별 구입 안내 : ☎ (0342) 735-8105 업무과  
(0342) 730-3920~3 업무과"
ta_h61,고등학교 국사 6차(상),Democratic,Early Democratic,High School,1995,"고등학교 국사 6차(상)

6차 교육과정

   머리말
   Ⅰ. 한국사의 바른 이해
   Ⅱ. 선사 문화와 국가의 형성
   Ⅲ. 고대 사회의 발전
   Ⅳ. 중세 사회의 발전
   Ⅴ. 근세 사회의 발달
   고고학 용어
   옛 지명의 현재 명칭( 표는 현재의 소재지)
   참고 자료 및 인용 문헌
   [판권]

 머리말

우리의 역사는 우리 민족이 살아 온 발자취로서, 우리 자신이 영위하고 있는 삶의 뿌리이기도 하다. 그 역사에는 희열과 비탄, 평화와 시련이
얽혀 있어 밝은 때가 있었는가 하면 어두운 때도 있었다.

역사는 사실을 바탕으로 하는 학문이다. 따라서, 과거에 있었던 사실은 부끄럽다고 하여 은폐할 수 있는 것이 아니며, 자랑스럽다고 하여 과장할
수 있는 것도 아니다. 그것은 거짓으로 역사를 꾸밀 수 없기 때문이다.

우리가 역사를 배우는 것은, 지난날의 영화로운 때를 감상적으로 즐기고자 함이나, 또는 어려웠던 때를 생각하며 분개하고자 함에 있지 않다.
우리는 역사를 봄에 있어서 마음은 보다 넓게, 그리고 눈은 보다 멀리 향해야 할 것이다. 즉, 역사를 공부하는 궁극적인 목적은, 과거에 대한
이해를 통하여 현재를 바로 인식하고, 미래를 올바로 설계함에 있는 것이다.

민족사에 대한 올바른 인식은, 우리의 현재와 미래의 문제를 바르게 처리할 역사적 능력을 계발, 신장시키고, 민족의 역량을 확산하는 속에서
현재의 삶을 주체적으로 이끌어 갈 수 있게 한다.

역사 인식의 토대는 현재의 우리 자신이며, 현재의 삶 자체가 역사의 흐름이다. 따라서, 역사의 모습은 현재의 문제로부터 그 실마리가 풀어져야
할 것이다. 역사는 실제로 가까운 때의 모습일수록 보다 생생하게 우리의 가슴에 전달된다. 그렇다고 할 때, 민족사에 대한 인식의 방향은
분명해진다.

첫째, 민족사는 주체적으로 이해하여야 한다. 즉, 민족사는 우리 자신의 모습이고, 우리 자신의 문제이며, 민족 주체성의 근원이기 때문이다.
아울러, 민족사의 발전 과정이 지니는 특수성을 세계사의 보편성 속에서 주체적으로 파악하는 일이 중요하다.

둘째, 민족사는 발전적으로 이해하여야 한다. 민족사가 현재 우리의 삶을 낳게 한 뿌리이며, 또 미래를 준비해 준다고 할 때, 그것은 발전성을
토대로 하지 않으면 안 되기 때문이다. 역사를 발전적 관점에서 인식함으로써 비로소 역사 발전에 능동적으로 참여할 수 있게 될 것이다.

셋째, 민족사는 구조적으로 이해하여야 한다. 민족사는 우리 민족이 쌓아 온 정치, 경제, 사회, 문화의 모든 업적을 포괄한다. 따라서,
민족사의 종합적인 이해를 위해서는 각 분야에 대한 구조적인 접근이 선행되어야 할 것이다.

이러한 관점에서, 우리는 우리 민족이 역사를 발전시켜 온 원동력을 제대로 알고, 이를 통하여 민족이 나아가야 할 방향을 가늠해야 할 것이다.
우리 민족이 이루어 놓은 전통과 역사를 어떻게 이해하느냐에 따라서 민족의 삶을 이해하는 문제, 민족의 삶에 이바지하는 문제가 달라진다.

이제, 우리는 우리의 역사를 올바로 이해하고, 이를 토대로 오늘의 역사적 사명인 조국의 통일과 민족의 번영을 하루빨리 이룩하여 우리 후손으로
하여금 자랑스러운 삶을 누릴 수 있도록 해야 할 것이다.

 Ⅰ. 한국사의 바른 이해

   1\. 역사 학습의 목적
   2\. 한국사와 세계사

인공 위성 우리 별 1호 발사(1992년 8월 11일 08시 08분 남미 기아나 쿠루 우주 센터)  

단원 개관

우리는 국민 학교와 중학교에 이어 세 번째로 한국사를 공부하게 되었다. 고등 학교 과정에서의 역사 학습은 단지 역사적 사실에 대한 이해의
폭을 넓히고 그 수준을 높이기 위한 것만은 아니다.

고등 학교에서의 한국사 학습은, 인물사와 생활사 중심의 국민 학교에서의 한국사 학습과, 주제 중심의 중학교에서의 한국사 학습을 토대로 하여
정치⋅사회⋅경제⋅문화 등의 측면에서 한국사를 보다 심층적으로 이해하려는데 그 의미가 있다.

또, 우리 역사의 발전적 측면을 추적하여 민족과 민족 문화의 참모습을 확인하는 한편, 우리의 역사적 전통을 발전적으로 현재 생활에 계승하려는
데 그 목적이 있다.

국민 학교의 사회 교과서와 중⋅고등 학교의 국사 교과서

 1. 역사 학습의 목적

   (1) 역사와 역사학
   (2) 과거와 현재의 대화

개요

역사를 공부하는 목적은, 과거의 사실을 바르게 인식하는 것은 물론 문제 해결의 능력을 키워 현재의 삶에 효과적으로 대처하려는 데에 있다.

지금까지 우리는 역사적 변화에 관심을 가지고 무엇이, 언제, 어디에서, 누구에 의해, 어떻게 변해 왔는지를 주제 중심으로 학습해 왔다.
국사에 대해 어느 정도 지식을 지닌 우리는 이제 같은 시대의 여러 사실을 횡적으로 연관시켜 이해하고, 종적으로 변화하는 역사의 모습을
발전적으로 인식함으로써 역사적 사고력을 한 단계 높일 수 있어야 한다.

따라서, 역사 학습은 과거 사실의 단순한 이해로 끝나는 것이 아니라, 현대를 살아가는 우리에게 도움이 되는 것이어야 한다. 이런 점에서
역사를 ‘과거와 현재의 대화’라고 규정하기도 한다.

◇ 연구 과제 ◇

1\. 역사는 어원적으로 어떠한 뜻을 지니고 있는가?

2\. 역사, 역사학, 역사 학습은 서로 어떠한 관계를 가지고 있는가?

3\. ‘역사는 과거와 현재의 대화’라는 말이 지니고 있는 의미는 무엇인가?

 (1) 역사와 역사학

역사란 무엇인가에 대한 견해는 다양하게 제시될 수 있지만, 일반적으로 ‘과거에 있었던 사실’과 ‘조사되어 기록된 과거’라는 두 가지 뜻을
지니고 있다.

즉, 역사라는 말은 ‘사실로서의 역사’와 ‘기록된 사실’이라는 두 측면의 의미를 가진 것으로 정의되고 있다. 이러한 정의는 역사를 뜻하는
용어의 어원을 보면 잘 알 수 있다.

독일어로 역사를 뜻하는 Geschichte라는 단어는 geschehen이라는 동사가 명사화한 것으로 ‘일어난 일’을 뜻하는 말이다. 한편,
영어의 history는 ‘찾아서 안다.’라는 그리스어 historia에 연유한다. 즉, 전자는 과거의 사실을, 후자는 기록된 사실을 나타내는
어원을 가진 말이다. 결국, 역사란 용어는 객관적 사실로서의 역사와 이를 토대로 역사가가 주관적으로 재구성한 역사의 두 측면을 의미하고
있다.

기록된 사실로서의 역사는 과학적 인식을 토대로 학문적 검증을 거친 사실을 담은 것이어야 한다. 역사를 연구하는 학문을 역사학이라 하고, 역사
연구에 종사하는 전문가를 역사가라 한다.

역사가는 역사적 사실을 입증해 줄 자료, 즉 사료(史料)를 가지고 과거의 역사를 탐구하고, 그 결과를 그 자신의 사관(史觀)에 입각하여
서술하게 된다.

역사학은 자연 현상을 대상으로 하는 자연 과학과는 달리, 다양한 개성과 이성을 지닌 인간의 삶을 대상으로 하는 학문이다. 따라서, 인간
활동의 구조적 측면을 연구하는 사회 과학과는 달리, 변화적 측면을 연구하는 학문 활동이기에 역사 과학으로 정의하기도 한다.

역사가는 사료를 통하여 파악되는 사실을 객관적으로 인식하여야 하나, 사실의 해석과 기술에서는 그의 사관이나 역사 의식에 따른 주관적인 면이
강하게 작용될 수도 있다. 역사의 이해는 엄정한 과학적 인식을 토대로 한 것이어야 한다. 사실을 떠난 자의적 해석과 서술은 역사의 진실을
오도하기 때문이다.

 (2) 과거와 현재의 대화

역사 학습은 역사 그 자체를 배우는 동시에 역사를 통하여 배운다는 두 가지 측면을 지니고 있다. 이는, 역사 학습이 과거의 사실을 바르게
이해하는 것만이 아니라, 역사 학습을 통해서 현재에 사는 우리들의 인간적 성숙을 돕는 것이어야 한다는 역사 학습의 목적을 표현한 것이다.

한편, 현대 교육에서는 모든 교과 활동이 지식이자 기능의 교과이기를 요구한다. 그러므로 이런 요구를 충족시키기 위한 역사 학습은 과거의
사실을 바르게 이해하는 동시에 스스로의 노력으로 역사적 문제를 인식하고 사고하여 해결할 수 있는 능력을 키우는 것이어야 한다.

역사 학습의 현장에서는 교과서를 기본 교재로 하고, 지도나 연표와 같은 보조 교재를 활용하여 과거의 사실과 만나게 된다. 교과서는 우리들의
역사적 성숙을 돕기 위한 목적에서 교육적 배려를 하여 만든 기본 교재이다. 그러나 그 안에 역사의 전부가 담겨 있는 것은 아니다. 그러기에
우리는 역사 교과서를 통하여 ‘사실로서의 역사’에 접근하는 동시에 탐구 과정의 경험을 축적하여 문제 해결의 능력도 계발하여야 한다. 스스로의
노력으로 역사적 사실을 바르게 이해하고, 검증하고, 결론짓는 능력을 갖추게 되었을 때, 우리는 오늘날 당면하고 있는 문제를 스스로 해결할 수
있다.

이러한 역사 학습을 통하여 우리들은 조상들이 이루어 놓은 역사를 바르게 이해할 수 있고, 여러 가지 역경을 슬기와 노력으로 극복한 조상들의
역사적 능력을 확인할 수 있으며, 진취적 자세로 새로운 민족사의 창조에 임할 수 있게 되는 것이다.

역사를 ‘과거와 현재의 대화’라고 표현한 역사가가 있다. 역사 학습이야말로 과거 세계와 현재 인간의 대화에 의한 만남의 광장이다. 이 만남은
우연한 만남이 아니라, 역사적 실천을 목적으로 하는 만남인 것이다. 즉, 역사 학습은 먼저 과거 사실로서의 역사를 바르게 이해하는 데에서
출발하나, 궁극적으로는 현재를 살고 있는 우리들의 성장을 기약하는 것이다.

 2. 한국사와 세계사

   (1) 한국사의 이해
   (2) 우리 문화의 전통
   (3) 한국사와 세계사
   (4) 세계화 시대의 역사 학습

개요

어떤 민족의 역사이건 주변 민족, 주변 문화와 관계 없이 발전해 온 예는 없다. 주변으로부터의 자극과 도전을 받으며 새로움을 찾고, 자기
발전을 위하여 노력을 하는 가운데 그 민족의 역사적 발전이 있었던 것이다.

이는 우리 역사도 마찬가지였다. 만주와 한반도에 터전을 잡고 전개된 한국사는 오늘의 모습으로 진전되기까지 주변 민족, 주변 사회와 여러
형태로 긴밀한 관계를 가지면서 발전해 왔다.

올바른 역사 의식을 가지고 우리 역사를 객관적으로 이해하려고 하면, 우리 역사뿐만 아니라 주변 민족, 주변 사회의 역사도 바르게 이해해야
한다. 우리가 세계사에 비추어 우리 역사의 보편성과 특수성을 제대로 인식할 때 한국사의 참모습을 이해할 수 있는 것이다.

◇ 연구 과제 ◇

1\. 역사를 올바르게 이해하기 위해서는 어떠한 자세가 필요한가?

2\. 전통 문화와 외래 문화는 어떠한 관계를 가지는가?

3\. 세계화 시대의 역사 학습은 어떠한 것이어야 하는가?

 (1) 한국사의 이해

한국사는 한국인의 역사이다. 한국사의 주인공은 한국인이다. 이것은 누구나 의심할 수 없는 사실이다. 그러나 때로는 한국사의 여러 사실을
법칙적으로만 이해하고자 하는, 이른바 교조주의의 틀에 맞추어 역사를 해석하고 서술하는 경우가 있다. 모든 민족의 역사에는 보편적인 면과 함께
특수성이 있다. 이 특수성이 결국 그 민족의 역사적 성격의 핵인 것이다.

한국사의 이해는 한국인의 역사적 삶의 특수성을 인식하고 그 가치를 깨우치는 것이어야 한다. 이 특수성의 이해를 위해서는 세계사와의 연관,
세계사적 보편성에 대한 관심과 이해가 필요한 것이다.

한국인은 만주와 한반도에 자리잡고 역사적 삶을 영위해 왔다. 그 후 활동 무대가 한반도로 좁아지기는 했으나, 국토의 자연 환경을 효과적으로
활용하며 삶을 이어 왔고, 그런 가운데 변화와 발전을 추구하며 특성 있는 역사를 이룩하여 왔다. 우리 민족은 이웃 민족, 이웃 나라와
긴밀하게 접촉하면서 상호간에 영향을 주고받으며 살아 왔다. 또, 여러 문화를 받아들이면서 민족 문화를 발전시켜 왔다. 한국사는 한국인의
역사적 능력으로 전개되어 온 역사이기에 한국사의 인식은 무엇보다 먼저 한국인에 초점을 맞추어야 한다.

 (2) 우리 문화의 전통

우리 문화는 유구한 역사를 거치면서 조상들이 슬기와 노력을 기울여 발전시켜 왔다. 우리 문화는 다른 어느 민족의 그것과도 구별되는 특수성을
지니고 있으면서도 보편적 가치를 추구해 온 문화이다.

선사 시대에는 아시아의 북방 문화와 연계되는 문화를 이룩하였고, 그 후 중국 문화와 깊은 연관을 맺으면서 독자적인 고대 문화를 발전시켰다.
즉, 우리 조상들은 중국을 통해 한자, 유학, 불교를 수용하였으나, 민족의 슬기와 창의력을 바탕으로 독특한 삼국 문화를 이루었던 것이다.

고려 시대에는 불교를 정신적 이념으로 채택하였고, 조선 시대에는 유교적 가치를 중요시하는 문화 활동을 하였다. 이렇듯 우리 조상들은 불교와
유교를 소화하여 우리의 것으로 만들었던 것이다.

문화의 발전이란 전통 문화의 고수와 그것만의 신장으로 되는 것은 아니다. 민족 문화의 발전은, 튼튼한 전통 문화의 기반 위에서 선진적 외래
문화를 주체적으로 수용하여 새로운 문화 발전을 이루어 낼 수 있는가의 여부에 달려 있다. 따라서, 우리는 민족적 특수성을 유지하면서도
세계사적 보편성을 추구하여 특수와 보편의 조화 위에서 새로운 민족 문화를 발전시켜야 한다.

 (3) 한국사와 세계사

한국사가 한국인의 역사라고 하나, 그것이 주변 여러 민족과 관계 없이 전개된 것은 아니다.

고대의 한국은 중국 대륙이나 일본 열도와 긴밀히 교류하며 독자적인 문화를 이룩하였다. 그 후 북방 유목민과 격돌을 거듭하면서 그들의 문화도
수용하였다. 통일 신라 시대에는 중국, 인도와 활발한 교류를 가지면서 외래 문화를 받아들였다.

고려 시대에는 이슬람 문화권과도 접촉하였는데, 이는 직접적으로는 고려를 찾아온 아라비아 상인을 통하였고, 간접적으로는 원나라를 통해서
아라비아 과학을 수용하는 형태로 전개되었다.

한편, 대항해 시대 이후 서유럽 국가들의 동양 진출이 활발해지면서 유럽 세계의 서양 문화가 한반도에도 그 영향을 끼쳤다. 이에 우리 나라는
그 침략성을 경계하며 대응하기도 했으나, 결국 19세기 후반에 이르러서는 개항을 하여 세계사의 조류에 합류하였다.

20세기에 들어와 한민족은 일본의 식민지 지배로 국가 활동이 단절된 아픔도 있었으나, 광복 후 오늘날에는 어느 민족보다도 활발한 국제 관계와
적극적인 해외 진출로 그 역할을 증대시키고 있다.

그리고 과학의 발달로 하나의 운명 공동체인 지구촌의 새 역사가 전개되는 현실에서, 세계의 문제는 곧 우리들에게도 그 영향을 끼치고 있다.
앞으로의 세계에서는 정보 과학의 급속한 발달로 국가, 민족을 초월한 지구촌으로서의 세계사가 전개될 것이다.

한민족은 이처럼 고대로부터 그 시대 나름의 국제 관계를 가지고 개별적인 민족사를 전개해 왔고 보편적인 세계사와 관련되어 왔다. 그러므로
한국사를 바르게 인식하기 위해서는 우리 땅에서 전개된 역사만이 아니라, 보다 넓은 차원에서 세계사 및 주변 국가와의 연관성도 고찰하여야
한다. 즉, 세계사와 연관된 한국사의 인식, 세계사에 조감되는 한국사의 모습을 탐구하여야 한다.

국제 학술 회의

 (4) 세계화 시대의 역사 학습

인간 생활은 끊임없이 변화해 왔고 문화도 급속히 발달해 왔다. 변화에 효과적으로 대응하며 정체성(正體性)을 계속 유지하는 사회는 발전하나,
그렇지 못한 사회는 퇴보하거나 심하면 존재조차 말살당하게 된다.

오늘날의 변화는 과거 어느 때보다도 격동적이고 다변적이다. 이러한 격변의 역사에 효과적으로 대응하기 위해서는, 민족 주체성을 확인하기 위한
국사 학습과 더불어 세계사의 바른 이해와 세계사 속의 민족사를 인식하기 위한 역사 학습이 강조된다.

우리 겨레는 한때 세계사의 조류에 현명하게 대응하지 못해 식민지 생활의 시련을 겪어야 했다. 그러나 광복 후, 민족의 총체적 노력으로 국력이
급속히 신장되었고, 국제적으로 주목받는 나라로 성장하였다.

세계화 시대의 역사 의식은 안으로 민족 주체성을 견지하되, 밖으로는 외부 세계의 변화에 적극적으로 대응하는 개방적 민족주의에 토대를 둔
것이어야 한다. 동시에, 인류 사회의 평화와 복리 증진에 적극 기여할 수 있는 진취적 역사 정신이 필요하다.

세계화는 여러 분야에 걸쳐 우리 국력을 세계적 수준으로 끌어올리는 것이요, 세계사의 발전에 기여하는 것이라 할 때, 우리는 먼저 역사 학습을
통해 우리 역사의 정체성과 우리 민족의 역사적 능력을 확인하여야 한다. 또, 세계사를 바로 인식하여 우리 역사의 앞날을 내다보면서 보다 밝은
미래 세계의 창조를 위해 노력하여야 한다.

 Ⅱ. 선사 문화와 국가의 형성

   1\. 선사 문화의 전개  
   2\. 국가의 형성

신석기 시대 움집의 복원 모습(서울 암사동)  

단원 개관

우리 나라의 역사는 뗀석기를 사용하고 무리 생활을 하였던 구석기 시대부터 시작되었다. 신석기 시대에는 빗살무늬 토기의 제작과 아울러 농경을
시작함으로써 부족 단위의 정착 생활을 하게 되었다.

청동기 시대에는 지배 계급이 출현하여 국가가 형성되었는데, 고조선은 이 때 성립되었다. 고조선은 점차 정치적, 문화적 중심지 역할을 하면서
세력을 확장하여 만주와 한반도 일대를 지배하였다.

이어서 철기가 널리 보급되어 농업 생산이 증대되고, 사회 변화가 촉진되어 문화 생활도 다양해져 갔다. 이러한 토대 위에서 각지에 여러 나라가
형성되어 성장하였다.

우리 나라 | 연대 | 다른 나라  
---|---|---  
구석기 시대 | 70만년 전 | 베이징 원인  
신석기 시대 | B.C. 6000 |   
| B.C. 2500 | 양사오, 조몽 문화  
(B.C. 2333) 고조선의 건국 | B.C. 2300 | 룽산 문화  
| B.C. 2200 | 하(夏)  
|  | 은(殷)  
청동기 시대 | B.C. 1000 | 주(周)  
초기 철기 시대 | B.C. 300 |   
| B.C. 200 | (B.C. 206) 한(漢)의 건국  
(B.C. 194) 위만의 집권 |  |   
(B.C. 108) 고조선의 멸망 | B.C. 100 |

 1. 선사 문화의 전개

   (1) 선사 시대의 세계
   (2) 한국의 선사 문화

개요

우리 나라의 역사는 구석기 시대에서 신석기, 청동기, 초기 철기 시대의 단계를 거치면서 발전하였다. 이러한 발전 과정에서 우리 민족은 다양한
도구를 사용하여 생활을 개선해 나갔다. 그리하여 새로운 문화와 사회 조직을 갖추게 되었다.

구석기 시대에는 채집과 사냥을 주로 하면서 무리 생활을 하였다. 신석기 시대에는 농경이 시작되었으며, 주로 강가나 해안가에서 움집을 짓고
정착 생활을 하였다. 신석기 시대의 사회는 혈연을 중심으로 한 부족 사회였으며, 평등 사회였다.

◇ 연구 과제 ◇

1\. 인류의 발전 단계에 따른 생활의 변화는 어떠하였는가?

2\. 구석기 시대의 유적과 유물을 통해서 알 수 있는 그 시대의 생활 모습은 어떠하였는가?

3\. 신석기 시대를 특징짓는 유물을 통하여 알 수 있는 당시의 생활 모습은 어떠하였는가?

 (1) 선사 시대의 세계

인류의 기원

우리가 살고 있는 지구상에는 약 300만 년 전부터 최초의 인류라고 불리는 오스트랄로피테쿠스가 출현하였으며, 약 200만 년 전에는 호모
하빌리스가 나타났다. 이들의 화석은 아프리카의 남부와 동부에서 발견되고 있다.

오스트랄로피테쿠스는 두뇌의 용적이 현생 인류의 3분의 1정도였으나, 직립 보행을 하여 두 손으로 조잡한 도구를 사용할 수 있었다. 인류의
구석기 문화가 시작되는 것은 호모 하빌리스 및 호모 에렉투스의 활동으로부터이다.

구석기 시대의 전기에 호모 하빌리스에 뒤이어 호모 에렉투스(곧선 사람)가 출현하였다. 자바 인과 베이징 인이 이에 속하였으며, 이들은 불을
사용하고 사냥과 채집을 하며 살았다.

구석기 시대의 중기에 호모 사피엔스(슬기 사람)에 속하는 네안데르탈 인이 나타났다. 이들은 여러 종류의 석기를 만들어 사용하였으며, 시체를
매장하는 풍습도 가지고 있었다.

약 4만 년 전부터 진정한 의미의 현생 인류인 호모 사피엔스 사피엔스(슬기 슬기 사람)가 구석기 시대의 후기에 출현하였다. 이들은 두뇌
용적을 비롯한 체질상의 특징이 오늘날의 인류와 거의 같으며, 현생 인류에 속하는 여러 인종들의 직계 조상으로 추정되고 있다. 특히, 유럽의
현생 인류인 크로마뇽 인은 프랑스 남부와 에스파냐 북부 일대에 훌륭한 동굴 벽화를 많이 남겼다.

문명의 발생  

신석기 문화와 문명의 탄생

B.C. 1만년경에 빙하기가 끝나고 후빙기가 시작되면서, 인류의 생활은 환경의 변화에 적응하여 또다시 바뀌었다. 이에 구석기 시대가 끝나고,
과도기인 중석기 시대를 거쳐 점차 신석기 시대가 전개되었다.

신석기 문화는 농경과 목축의 시작, 간석기와 토기의 사용, 정착 생활과 촌락 공동체의 형성 등을 특징으로 하였다. 특히, 구석기 시대
사람들이 식량 채집 생활을 영위한 것과는 달리, 신석기 시대 사람들은 농경과 목축을 시작하여 식량 생산의 경제 활동을 전개함으로써 인류의
생활 양식은 크게 변하였다. 이를 신석기 혁명이라고도 한다.

이러한 획기적인 변화는 중동 지방의 ‘비옥한 초승달 지대’ 및 중국, 동남 아시아 등지에서 B.C. 8000년경에 시작된 것으로 추정되며,
이후 신석기 농경 문화는 세계 각 지역으로 확산되었다.

B.C. 3000년경을 전후하여 메소포타미아의 티그리스 강과 유프라테스 강, 이집트의 나일 강, 인도의 인더스 강, 중국의 황허 유역에서
문명이 탄생하였다. 이들 큰 강 유역에서는 농경의 발달과 더불어 도시의 출현, 청동기의 사용, 계급의 형성, 문자의 사용, 국가의 형성 등의
발전이 급속히 이룩되었다. 이로써 인류는 선사 시대를 지나 역사 시대로 접어들게 되었다.

선사 시대의 문화권

 (2) 한국의 선사 문화

민족의 기원

어느 나라의 역사에 있어서나, 모든 종족은 인근의 종족과 교류를 하면서 문화를 발전시키고 민족을 형성해 왔다.

동아시아에서는 선사 시대에 여러 민족이 문화의 꽃을 피웠는데, 그 중에서도 우리 민족은 독특한 문화를 이루고 있었다. 인종상으로는 황인종에
속하고, 언어학상으로는 알타이 어계에 속하는 우리 민족은, 오래 전부터 하나의 민족 단위를 형성하고, 농경 생활을 바탕으로 하여 독자적인
문화를 이룩하였다.

우리 조상들은 대체로 요서, 만주, 한반도를 중심으로 한 동북 아시아에 넓게 분포되어 있었다. 우리 나라에 사람이 살기 시작한 것은 구석기
시대부터이며, 신석기 시대에서 청동기 시대를 거치는 과정에서 민족의 기틀이 이루어지게 되었다.

구석기 시대의 유물과 유적

우리 나라에 구석기인들이 살기 시작한 것은 약 70만 년 전부터이다. 구석기 시대는 석기를 다듬는 수법에 따라 전기, 중기, 후기의 세
시기로 나누어진다.

전기에는 한 개의 큰 석기를 가지고 여러 용도에 썼으나, 중기에는 큰 몸돌에서 떼어 낸 격지들을 가지고 잔손질을 하여 석기를 만들었으므로
크기는 작아지고 한 개의 석기가 하나의 쓰임새를 가지게 되었다. 후기에 와서는 쐐기 등을 대고 같은 형태의 여러 개의 돌날격지를 만드는
데까지 발달하였다.

우리 나라 전기 구석기 시대의 대표적인 유적으로는 평남 상원 검은모루 동굴, 경기도 연천 전곡리 유적 등이 있으며, 중기 유적으로는 함북
웅기 굴포리, 강원도 양구 상무룡리 유적 등이 있다. 후기 유적 가운데에는 충남 공주 석장리, 충북 단양 수양개 유적 등이 유명하다. 이들
유적에서 석기들과 함께 사람과 동물의 뼈 화석, 동물 뼈로 만든 도구 등이 출토되어 구석기 시대의 생활상이 밝혀지게 되었다.

구석기 유적지(경기 연천)  

구석기 시대의 생활

구석기인들은 동물의 뼈나 뿔로 만든 뼈 도구와 뗀석기를 가지고 사냥과 채집을 하여 식생활을 하였다. 처음에는 찍개 등의 도구를 가지고 여러
용도에 썼으나, 차츰 뗀석기를 제작하는 기술이 발달함에 따라 용도가 뚜렷한 작은 석기들을 만들게 되었다. 이 중 주먹도끼, 찍개 등이 주로
사냥 도구라면 긁개, 밀개 등은 대표적인 조리 도구이다.

주먹도끼(충북 단양 금굴)  

구석기인들은 동굴에서 살거나 강가에 막집을 짓고 살았다. 구석기 시대 후기의 집자리에는 기둥자리, 담자리 및 불땐 자리가 남아 있다. 규모는
대략 3, 4명에서 10명이 살았을 정도의 크기이다.

구석기 시대에는 무리를 이루어 큰 사냥감을 찾아다니며 무리 생활을 하였다. 무리 가운데 경험이 많고 지혜로운 사람이 지도자가 되었으나,
권력을 가지지는 못하였으며 모든 사람이 평등한 공동체적 생활을 하였다.

또, 구석기 시대 후기에 오면서 석회암이나 동물의 뼈, 뿔 등을 이용한 조각품 등이 만들어졌다. 공주 석장리와 단양 수양개에서 고래와 물고기
등을 새긴 조각이 발견되었는데, 이를 통하여 구석기인들의 소박한 솜씨를 엿볼 수 있다. 이러한 예술품에는 구석기인들이 사냥감의 번성을 비는
주술적 의미가 깃들인 것으로 보인다.

구석기 시대 끝 무렵이 되면 빙하기가 지나고 다시 기후가 따뜻해지면서, 사람들은 새로운 자연 환경에 대응하는 생활 방법을 찾으려
노력하였다1). 그들은 이제 큰 짐승 대신에 토끼, 여우, 새 등 작고 빠른 짐승을 잡기 위해 활 등을 사용하였다. 이 시기의 석기들은 더욱
작게 만들어진 잔석기로서, 한 개 내지 여러 개의 석기를 나무나 뼈에 꽂아 쓰는 이음 도구를 만들게 되었다. 이음 도구에는 톱이나 활, 창
등이 있었다. 한편, 따뜻한 기후로 식물들이 번성하게 되면서 이 시기 사람들은 식물의 채취와 물고기잡이를 많이 하게 되었다.

신석기 시대의 유물과 유적

우리 나라의 신석기 시대는 B.C. 6000년경부터 시작되었다. 이 때부터 사람들은 돌을 갈아서 여러 가지의 형태와 용도를 가진 간석기를
만들어 사용하였다. 그리하여 부러지거나 무디어진 도구도 다시 갈아 손쉽게 쓸 수 있게 되었으며, 단단한 돌이나 무른 석질의 돌을 모두
이용하게 되었다. 또, 진흙을 불에 구워서 만든 토기를 사용하여 음식물을 조리하거나 저장할 수 있게 됨에 따라 생활이 보다 나아지게 되었다.
이러한 간석기와 토기는 신석기 시대를 특징짓는 유물이다.

우리 나라 신석기 시대의 대표적인 토기는 빗살무늬 토기이다. 그러나 근래 이보다 앞서는 시기의 토기가 발견되고 있다. 이들은 무늬가 없거나
토기 몸체에 덧살을 덧붙인 것으로 각각 이른 민무늬 토기, 덧무늬 토기로 불린다. 이들 토기는 함북 웅기 서포항, 강원도 양양 오산리, 부산
동삼동 조개더미 등에서 발견되었다.

신석기 시대의 토기  

빗살무늬 토기 유적은 전국 각지에 걸쳐 널리 분포되어 있다. 대표적인 유적은 황해도 봉산 지탑리, 서울 암사동, 경남 김해 수가리 유적
등이며, 모두 강가나 바닷가에 자리잡고 있다. 빗살무늬 토기는 도토리나 달걀 모양의 뾰족한 밑 또는 둥근 밑 모양을 하고 있으며 크기도
다양하다.

빗살무늬 토기의 사용은 농사를 지어 식량을 생산하고 저장하게 되었음을 보여 주는 것이다.

신석기 시대의 생활

신석기 시대부터 농경 생활이 시작되었다. 봉산 지탑리와 평양의 남경 유적에서는 탄화된 좁쌀이 발견되어 잡곡류가 이미 신석기 시대에
경작되었음을 알 수 있다. 이 시기에 이용된 주요 농기구로는 돌괭이, 돌삽, 돌보습, 돌낫 등이 있다. 그리고 현재 남아 있지는 않으나,
주변 중국이나 일본의 경우를 보면 나무로 만든 농기구가 사용되었을 가능성도 있다.

농경 기술이 발달하면서 사냥과 물고기잡이가 경제 생활에서 차지하는 비중은 줄어들었지만, 여전히 식량의 큰 몫을 차지하였다. 사냥은 주로
활이나 창을 이용하여 사슴류와 멧돼지 등을 잡았고, 물고기잡이에는 여러 가지 크기의 그물과 작살, 돌이나 뼈로 만든 낚시 등을 이용하였다.
통나무배를 타고 먼 바다에 나가서 물고기나 바다 짐승을 잡기도 하였다. 또, 굴, 홍합 등 많은 조개류를 먹었는데, 때로는 깊은 곳에 사는
조개류를 따서 장식으로도 이용하였다.

농경 도구나 토기의 제작 이외에 원시적인 수공업 생산도 이루어졌다. 가락바퀴나 뼈바늘이 출토되는 것으로 보아 의복이나 그물을 만들어 썼음을
알 수 있다.

도구의 발달과 농경의 시작으로 주거 생활도 개선되어 갔다. 집자리는 대개 움집인데, 바닥은 원형이나 모가 둥근 방형이며, 중앙에 취사와
난방을 위한 화덕이 위치하고 있다. 햇빛을 많이 받는 남쪽으로 출입문을 내었으며, 화덕이나 출입문 옆에는 저장 구덩을 만들어 식량이나 도구를
저장하였다. 그 규모는 대개 4~5명 정도가 살기에 적당한 크기였다.

신석기 시대에는 부족 사회를 이루고 있었다. 부족은 혈연을 바탕으로 한 씨족을 기본 구성 단위로 하였다. 이들 씨족은 점차 다른 씨족과의
족외혼을 통하여 부족을 이루었다. 그러나 부족 사회 역시 아직은 지배, 피지배의 관계가 발생하지 않은 평등 사회였다.

농경과 정착 생활을 하게 되면서 인간은 자연의 섭리를 생각하게 되었다. 그리하여 농사에 큰 영향을 끼치는 자연 현상이나 자연물에도 정령이
있다고 믿는 애니미즘이 생겨나게 되었다. 그 중에서 태양과 물에 대한 숭배가 으뜸이 되었다. 또, 사람이 죽어도 영혼은 없어지지 않는다고
생각하여 영혼 숭배와 조상 숭배가 나타났고, 인간과 영혼 또는 하늘을 연결시켜 주는 존재인 무당과 그 주술을 믿는 샤머니즘도 있었다. 그리고
자기 부족의 기원을 특정 동식물과 연결시켜 그것을 숭배하는 토테미즘이 있었다.

이 시대의 예술품으로는 주로 흙으로 빚어 구운 얼굴 모습이나 동물의 모양을 새긴 조각품, 조개 껍데기 가면, 조가비로 만든 치레걸이, 짐승의
뼈나 이빨로 만든 장신구 등이 있었다.

 2. 국가의 형성

   (1) 청동기, 초기 철기 시대
   (2) 고조선의 건국
   (3) 여러 나라의 성장

개요

청동기의 사용과 농사의 발달로 평등하였던 부족 사회는 무너지고, 사유 재산이 축적되고 계급이 발생하였다. 그리하여 부와 권력을 가진 군장이
출현하여 주변 지역을 아우르면서 국가를 이룩하였다. 고조선은 이 시기에 성립된 최초의 국가였다.

이어서, 철기의 보급과 함께 만주와 한반도 각지에 부여, 고구려, 옥저, 동예, 삼한 등 여러 나라가 성립되었다. 이들 여러 나라들은 철기를
사용하여 농업을 발전시키고, 주변 지역을 정복하여 점차 삼국 형성의 기반을 갖추게 되었다.

◇ 연구 과제 ◇

1\. 청동기의 보급은 선사 시대의 사회 발전에 어떠한 영향을 끼쳤는가?

2\. 철기 문화의 보급으로 어떠한 사회 변화가 일어났는가?

3\. 고조선의 건국은 어떠한 역사적 의의를 가지는가?

4\. 위만 왕조의 성립은 고조선 사회에 어떠한 변화를 가져왔는가?

 (1) 청동기, 초기 철기 시대

청동기의 보급

신석기 시대에 이어, 한반도에서는 B.C. 10세기경에, 만주 지역에서는 이보다 앞서서 청동기 시대가 시작되었다. 청동기 시대에는 생산
경제가 더욱 발달하고 분업이 이루어지면서 사유 재산 제도와 계급이 나타나게 되었다. 이에 따라 사회 전반에 걸쳐 큰 변화가 일어나게 되었다.

청동기 시대의 유적은 요령성, 길림성 지방을 포함하는 만주 지역으로부터 한반도에 걸쳐 널리 분포되어 있다1).

이 시기의 전형적인 유물로는 반달 돌칼, 바퀴날 도끼 등의 석기와 비파형 동검, 거친무늬 거울, 화살촉 등의 청동 제품, 그리고 미송리식
토기2)와 각 지역에 따라 특징이 있는 민무늬 토기 등이 있는데, 이들은 고인돌, 돌무지무덤, 돌널무덤 등에서 나오고 있다.

미송리식 토기 그림  

이 시기의 대표적 동검인 비파형 동검은 만주 지역으로부터 한반도 전역에 걸쳐 분포하며, 이러한 동검의 분포는 이 지역이 청동기 시대에 같은
문화권에 속하고 있었음을 보여 준다.

청동기 시대의 대표적인 토기인 민무늬 토기는 지역에 따라 다른 모양을 보이고 있으나, 밑바닥이 판판한 원통 모양의 화분형과 밑바닥이 좁은
팽이형이 기본적인 것이며, 빛깔은 적갈색이다.

철기의 사용

청동기에 이어, B.C. 4세기경부터 철기가 쓰이기 시작하였다. 특히, 철제 농기구의 사용으로 농업이 발달하여 경제 기반이 확대되었다. 철제
무기와 철제 연모의 사용으로 종래 사용해 오던 청동기는 의기(儀器)화하였다. 철기와 함께 중국 화폐인 명도전 등이 사용되어 당시의 활발한
교역 관계를 보여 준다. 경남 창원 다호리 유적에서는 청동기, 철기 유물과 함께 붓이 발견되어 이 시기에 우리 나라에서도 한자가 사용되고
있었음을 알 수 있다.

그리고 이 시기에 이르러 청동기 문화도 더욱 활짝 펴, 한반도 안에서는 독자적인 발전을 이룩하였다. 비파형 동검은 한국식 동검인 세형
동검으로, 거친무늬 거울은 잔무늬 거울로 그 형태가 변하여 갔다. 그리고 청동 제품을 제작하던 틀인 거푸집도 전국의 여러 유적에서 발견되고
있다.

청동기를 만들던 거푸집(전남 영암)  

토기도 민무늬 토기 외에 붉은 간 토기, 입술 단면에 원형 또는 타원형의 덧띠가 붙여진 덧띠 토기, 검은 간 토기 등이 사용되었다.

청동기, 초기 철기 시대의 생활

청동기, 초기 철기 시대3)에는 이전부터 주요한 생산 도구로 사용되던 간석기가 매우 다양해지고 기능도 개선되었으며, 이에 따라 생산 경제도
더욱 발달하였다.

이 시기의 사람들은 농경을 더욱 발전시켜 돌도끼나 홈자귀, 괭이, 그리고 나무로 만든 농기구로 땅을 개간하여 곡식을 심고 가을에는 반달
돌칼로 이삭을 잘라 추수를 하였다. 농업은 조, 보리, 콩, 수수 등 밭농사가 중심이었지만, 저습지에서는 벼농사가 이루어졌다. 사냥이나
물고기잡이도 여전히 행해졌으나, 농경의 발달로 점차 그 비중이 낮아지고 돼지, 소, 말 등 가축의 사육이 이전보다 늘어났다.

집자리 유적은 우리 나라 전역에서 발견되는데, 대체로 북서풍을 막아 주는 나지막한 야산을 뒤에 두고, 앞에는 시냇물이 흐르는 곳에 식수원인
우물을 중심으로 모여 있다. 이것은 우리 나라의 전통적인 배산 임수(背山臨水)의 취락 여건을 갖춘 것으로, 오늘날 농촌의 자연 취락과 비슷한
모습을 보여 준다.

집자리의 형태는 직사각형 움집인데, 점차 지상 가옥으로 바뀌어 갔다. 움집 중앙에 있던 화덕은 한쪽 벽으로 옮겨지고, 저장 구덩도 따로
설치하거나 한쪽 벽면을 밖으로 돌출시켜 만들어 놓았으며, 움집을 세우는 데 주춧돌을 이용하기도 하였다. 집자리는 넓은 지역에 많은 수가
밀집되어 있어 취락 형태를 이루고 있다. 이것은 농경의 발달과 인구의 증가로 정착 생활의 규모가 점차 확대되었음을 보여 주는 것이다.

또, 같은 지역의 집자리라 하더라도 그 넓이가 다양한 것으로 보아, 주거용 외에도 창고, 공동 작업장, 공공 의식의 장소 등도 만들었음을 알
수 있다. 그리고 보통의 주거용 집자리는 4~8명 정도의 가족이 살 수 있는 크기로서, 이것은 부부를 중심으로 한 가족용으로 만들어진
것이다.

청동기 시대의 집자리(전남 순천)  

이러한 환경에서 여성은 주로 집 안에서 집안일을 담당하게 되었고, 남성은 농경, 전쟁과 같은 바깥일에 종사하게 되었다. 한편, 생산의 증가에
따른 잉여 생산물의 축적과 사적 소유로 인해 빈부의 차와 계급의 분화가 촉진되었다.

계급의 분화는 사후에까지 영향을 끼쳐 무덤의 크기와 껴묻거리의 내용에도 반영되었다. 당시의 무덤으로 대표적인 것이 고인돌이다. 고인돌은
경제력이 있거나 정치 권력을 가진 지배층의 무덤으로, 그 형태는 보통 4개의 굄돌을 세워 돌방을 만들고 그 위에 거대하고 평평한 덮개돌을
얹어 놓은 것이 전형적이다. 그러나 남쪽으로 내려가면서, 또 시대가 내려오면서 무덤의 구조가 지하로 들어가고 여러 개의 받침돌이나 돌무지로
덮개돌을 받친 형태도 나타났다.

고인돌은 우리 나라 전역에 걸쳐 분포되어 있다. 그런데 규모가 큰 수십 톤 이상의 덮개돌을 채석하여 운반하고 무덤에 설치하기까지에는 많은
인력이 필요하였다. 따라서, 고인돌은 당시 지배층의 정치 권력과 경제력을 잘 반영해 주고 있다.

고인돌(황해 은율)  

경제력이나 정치 권력에서 우세한 부족들은 스스로 하늘의 자손이라고 믿는 선민 사상을 가지고, 주변의 보다 약한 부족을 통합하거나 정복하고
공납을 요구하였다. 청동이나 철로 된 금속제 무기의 사용으로 정복 활동이 활발해졌고, 이를 계기로 지배자와 피지배자의 분화는 더욱
심화되었다. 그리하여 평등 사회는 계급 사회로 바뀌어 갔고, 권력과 경제력을 가진 지배자가 나타났는데, 이런 지배자를 군장(족장)이라고
한다. 군장은 청동기 문화가 일찍부터 발달한 북부 지역에서 먼저 등장하였다.

청동기, 초기 철기 시대의 예술

사회, 경제의 발달에 따라 예술 활동도 활발해졌다. 이 시기의 예술은 종교 및 정치적 요구와 밀착되어 있었다. 그것은 당시 제사장이나
군장들이 사용하였던 칼, 거울, 방패 등의 청동 제품이나 토제품, 바위 그림 등에 반영되어 있다.

청동제 도구들은 그 모양이나 장식에 당시 사람들의 미 의식과 생활 모습이 표현되어 있다. 또, 지배층의 무덤인 돌널무덤 등에서 출토된 청동제
의기들은 말이나 호랑이, 사슴, 사람 손 모양 등을 사실적으로 조각하거나 기하학 무늬를 정교하게 새겨 놓았다. 이들은 주술적 의미를 가진
것으로, 어떤 의식을 행하는 데 사용된 것으로 보인다. 흙으로 빚은 짐승이나 사람 모양의 토우 역시 장식으로서의 용도 외에도 풍요를 기원하는
주술적 의미를 가지고 있었다.

바위면을 쪼아 새긴 바위 그림은 당시 사람들의 활기에 찬 생활상을 보여 주고 있다. 울주의 바위 그림에는 거북, 사슴, 호랑이, 새 등의
동물과 작살이 꽂힌 고래, 그물에 걸린 동물, 우리 안의 동물 등 여러 가지의 그림이 새겨져 있다. 이것은 사냥과 물고기잡이의 성공과 풍성한
수확을 비는 염원의 표현으로 보인다.

바위 그림(경남 울주)  

고령의 바위 그림에는 동심원, 십자형, 삼각형 등의 기하학 무늬가 새겨져 있다. 동심원은 태양을 상징하는 것으로 다른 농업 사회에서의 태양
숭배와 같이 풍요를 비는 의미를 가지고 있다.

 (2) 고조선의 건국

단군과 고조선

청동기 문화의 발전과 함께 군장이 지배하는 사회가 출현하였다. 이들 중에서 세력이 강한 군장은 주변의 여러 사회를 통합하고 점차 권력을
강화하여 갔다.

가장 먼저 국가로 발전한 것은 고조선이었다. 고조선은 단군 왕검(檀君王儉)에 의하여 건국되었다고 한다(B.C. 2333). 단군 왕검은 당시
지배자의 칭호였다1).

참성단(인천 강화)  

고조선은 요령 지방을 중심으로 성장하여, 점차 인접한 군장 사회들을 통합하면서 한반도로까지 발전하였다고 보는데, 이와 같은 사실은 출토되는
비파형 동검의 분포로써 알 수 있다. 고조선의 세력 범위는 청동기 시대를 특징짓는 유물의 하나인 비파형 동검이 나오는 지역과 거의 일치하고
있다2).

고조선의 건국 사실을 전하는 단군 이야기는 우리 민족의 시조 신화로 널리 알려져 있다. 단군 이야기는 오랜 세월을 거치면서 전승되어 기록으로
남겨진 것이다. 그러는 사이에 어떤 요소는 후대로 가면서 새로이 첨가되기도 하고 때로는 없어지기도 하였다. 이것은 모든 신화에 공통된 속성의
하나로서, 신화는 그 시대 사람들의 관심을 반영하는 것이기 때문에 역사적인 의미가 있다. 단군의 기록은 청동기 문화를 배경으로 한 고조선의
성립이라는 역사적 사실을 반영하고 있다.

단군 왕검  

이 시기에는 사람들이 구릉 지대에 거주하면서 농경 생활을 하고 있었다. 이 때, 환웅 부족은 태백산의 신시를 중심으로 세력을 이루었고,
이들은 하늘의 자손임을 내세워 자기 부족의 우월성을 과시하였다. 또, 풍백, 우사, 운사를 두어 바람, 비, 구름 등 농경에 관계되는 것을
주관하게 하였으며, 사유 재산의 성립과 계급의 분화에 따라 지배 계급은 농사와 형벌 등의 사회 생활을 주도하였다.

이러한 내용은 신석기 시대 말기에서 청동기 시대로 발전하는 시기에 계급의 분화와 함께 지배자가 등장하면서 이전과는 다른 새로운 사회 질서가
성립되는 과정을 잘 보여 준다. “널리 인간을 이롭게 한다〔弘益人間〕.”는 것도 새로운 질서의 성립을 의미하는 것이다.

선진적 환웅 부족은 주위의 다른 부족을 통합하고 지배하여 갔다. 곰을 숭배하는 부족은 환웅 부족과 연합하여 고조선을 형성하였으나, 호랑이를
숭배하는 부족은 연합에서 배제되었다.

단군은 제정 일치의 지배자로서 고조선의 성장과 더불어 주변의 부족을 통합하고 지배하기 위해 자신들의 조상을 하늘에 연결시켰다. 즉, 각 부족
고유의 신앙 체계를 총괄하면서 주변 부족을 지배하고자 하였던 것이다.

고조선은 초기에는 요령 지방에 중심을 두었으나, 후에 와서 대동강 유역의 왕검성을 중심으로 독자적인 문화를 이룩하면서 발전하였다3).
고조선은 연나라의 침입을 받아 한때 세력이 약해지기도 하였다.

그러나 B.C. 3세기경에는 부왕(否王), 준왕(準王)과 같은 강력한 왕이 등장하여 왕위를 세습하였으며, 그 밑에 상(相), 대부(大夫),
장군(將軍) 등의 관직도 두었다. 또, 요하를 경계선으로 하여 중국의 연(燕)과 대립할 만큼 강성하였다.

위만의 집권

중국이 전국 시대 이후로 혼란에 휩싸이게 되자 유이민들이 대거 고조선으로 넘어오게 되었다. 고조선은 그들을 받아들여 서쪽 지역에 안배하여
살게 하였다. 그 뒤, 진⋅한 교체기에 또 한 차례의 유이민 집단이 이주하여 왔다. 그 중 위만(衛滿)은 무리 1000여 명을 이끌고
고조선으로 들어왔다.

위만은 처음에 준왕에게 고조선의 서쪽 변경에 거주할 것을 청하여 허락을 받았으며, 그 뒤에 준왕의 신임을 받아 서쪽 변경을 수비하는 임무를
맡게 되었다. 이 때, 위만은 그 곳에 거주하는 이주민 세력을 통솔하게 되었고, 그것을 기반으로 하여 자신의 세력을 점차 확대하여 나갔다.
그 후, 위만은 수도인 왕검성에 쳐들어가 준왕을 몰아 내고 스스로 왕이 되었다(B.C. 194)4). 위만 왕조의 고조선은 철기 문화를
본격적으로 수용하였다. 철기를 사용함으로써 농업과 무기 생산을 중심으로 한 수공업이 더욱 성하게 되었고, 그에 따라 상업과 무역도
발달하였다.

이 무렵, 고조선은 사회, 경제의 발전을 기반으로 중앙 정치 조직을 갖춘 강력한 국가로 성장하였다.

그리고 우세한 무력을 바탕으로 활발한 정복 사업을 전개하여 광대한 영토를 차지하였다. 또, 지리적인 이점을 이용하여 예(濊)나 남방의
진(辰)이 중국 한(漢) 나라와 직접 교역하는 것을 막고, 중계 무역의 이득을 독점하려 하였다. 이러한 경제적, 군사적 발전을 기반으로
고조선은 한과 대립하게 되었다.

고조선의 세력 범위  

이에 불안을 느낀 한 무제는 수륙 양면으로 대규모의 무력 침략을 감행하였다. 고조선은 1차의 접전에서 대승을 거두었고, 이후 약 1년에 걸쳐
한의 군대에 완강하게 대항하였으나, 마침내 왕검성이 함락되어 멸망하였다(B.C. 108).

고조선이 멸망하자, 한은 고조선의 일부 지역에 군현을 설치하여 지배하였으나, 토착민의 강력한 반발에 부딪혔다. 그리하여 그 세력은 점차
약화되었고, 드디어 고구려의 공격을 받아 소멸되었다(313).

고조선의 사회

고조선의 사회상을 알려 주는 것으로 8조의 법이 있었다. 그 중에서 3개 조목의 내용만이 전해지고 있는데, 그것은 사람을 죽인 자는 사형에
처하며, 상처를 입힌 자는 곡물로써 배상하게 하고, 남의 물건을 훔친 자는 노비로 삼는다는 것이다.

이러한 내용으로 보아, 당시 사회에서는 생명과 사유 재산을 중히 여기고 보호하였음을 알 수 있다. 또, 이것은 당시 사회에 권력과 경제력에
차이가 생겨나고 재산의 사유가 이루어지면서 형벌과 노비도 발생하였음을 보여 주는 것이다. 그리고 사람들은 죄를 짓는 것을 수치로 여겨 남의
물건을 훔치지 않아 문을 걸어 둘 필요가 없었다고 하며, 여자는 정절을 귀하게 여겼다고 하는 데에서 가부장제적인 가족 제도가 확립되었음도 알
수 있다.

한의 군현이 설치되어 억압과 수탈을 가하게 되자, 토착민들은 이를 피하여 이주하거나 단결하여 한 군현에 대항하였다. 이에 한 군현은 엄한
율령을 시행하여 자신들의 생명과 재산을 보호하려 하였다. 그에 따라 법 조항도 60여 조로 증가되었고, 풍속도 각박해졌다.

 (3) 여러 나라의 성장

부여

부여는 만주 송화강 유역의 평야 지대를 중심으로 성장하였다. 농경과 목축을 주로 하였고, 특산물로는 말, 주옥, 모피 등이 유명하였다.

부여는 이미 1세기 초에 왕호를 사용하였고, 중국과 외교 관계를 맺는 등 발전된 국가의 모습을 보였다. 그러나 북쪽으로는 선비족, 남쪽으로는
고구려와 접하고 있다가 3세기 말 선비족의 침략을 받아 크게 쇠퇴하였고, 결국은 고구려에 편입되었다(494).

부여에는 왕 아래에 가축의 이름을 딴 마가, 우가, 저가, 구가와 대사자, 사자 등의 관리가 있었다. 이들 가(加)는 따로이 행정 구획인
사출도(四出道)를 다스리고 있어서, 왕이 직접 통치하는 중앙과 합쳐 5부를 이루었다. 가들은 왕을 추대하기도 하였고, 수해나 한해를 입어
오곡이 잘 익지 않으면 왕에게 그 책임을 묻기도 하였다.

그러나 왕이 나온 대표 부족의 세력은 매우 강해서 궁궐, 성책, 감옥, 창고 등의 시설을 갖추고 있었으며, 왕이 죽으면 많은 사람들을
껴묻거리와 함께 묻는 순장의 풍습이 있었다.

부여의 법으로는 4조목이 전해지고 있다. 그 내용은, 살인자는 사형에 처하고 그 가족은 노비로 하며, 남의 물건을 훔쳤을 때에는 물건값의
12배를 배상하게 하고, 간음한 자와 투기가 심한 부인은 사형에 처한다는 것이었다. 이는 결국 고조선의 8조의 법과 같은 종류임을 알 수
있다.

부여의 풍속에는 영고라는 제천 행사가 있었다. 이것은 농경 사회의 전통을 보여 주는 것으로 12월에 열렸다. 이 때에는 하늘에 제사를 지내고
가무를 즐기며, 죄수를 풀어 주기도 하였다. 전쟁이 일어났을 때에는 제천 의식을 행하고, 소를 죽여 그 굽으로 길흉을 보는 점복을 하기도
하였다.

부여는 연맹 왕국의 단계에서 멸망하였지만, 우리 역사에서 차지하는 의미는 매우 크다. 그 이유는, 고구려나 백제의 건국 세력이 부여의 한
계통임을 자처하였고, 또 이들의 건국 신화도 같은 원형을 바탕으로 하고 있기 때문이다.

고구려

고구려는 부여로부터 남하한 주몽에 의하여 건국되었다(B.C. 37). 주몽은 부여의 지배 계급 내의 분열, 대립 과정에서 박해를 피해서
남하하여 독자적으로 고구려를 건국하였다. 고구려는 압록강의 지류인 동가강 유역의 졸본(환인) 지방에 자리잡았다. 이 지역은 대부분 큰 산과
깊은 계곡으로 된 산악 지대로서, 토지가 척박하여 힘써 일을 하여도 양식이 모자랐다.

고구려는 건국 초기부터 주변의 소국들을 정복하고 평야 지대로 진출하고자 하였다. 그리하여 압록강변의 국내성(통구)으로 옮겨 5부족 연맹을
토대로 발전하였다. 그 후 활발한 정복 전쟁으로 한의 군현을 공략하여 요동 지방으로 진출하였고, 또 동쪽으로는 부전 고원을 넘어 옥저를
정복하여 공물을 받았다.

고구려 역시 부여와 마찬가지로 왕 아래에 대가들이 있었으며, 이들은 각기 사자, 조의, 선인 등 관리를 거느리고 독립된 세력을 유지하였다.
그리고 중대한 범죄자가 있으면 제가 회의에 의해 사형에 처하고, 그 가족을 노비로 삼았다. 또, 고구려에는 데릴사위의 풍속이 있었다. 그리고
건국 시조인 주몽과 그 어머니 유화 부인을 조상신으로 섬겨 제사를 지냈고, 10월에는 추수 감사제인 동맹이라는 제천 행사를 성대하게 하였다.
한편, 고구려에서도 부여와 같은 점복의 풍습이 있었다.

고구려 무사도(무용총 벽화)  

옥저와 동예

함경도 및 강원도 북부의 동해안 지방에 위치한 옥저와 동예는 선진 문화의 수용이 늦었으며, 일찍부터 고구려의 압박과 수탈로 인하여 크게
성장하지 못하였다. 그리하여 각 읍락에는 읍군이나 삼로라는 군장이 있어서 자기 부족을 다스렸으나, 이들은 통합된 더 큰 정치 세력을
형성하지는 못하였다.

동예 군장의 동제 도장  

옥저는 어물과 소금 등 해산물이 풍부하였고, 토지가 비옥하여 농사가 잘 되었다. 그러나 옥저는 고구려의 압력으로 소금, 어물 등 해산물을
공납으로 바쳐야 하였다. 옥저인은 고구려인과 같이 부여족의 한 갈래였으나, 풍속이 달랐으며 민며느리제가 있었다. 그리고 가족이 죽으면 시체를
가매장하였다가 나중에 그 뼈를 추려서 가족 공동의 무덤인 커다란 목곽에 안치하였다. 또, 죽은 자의 양식으로 쌀을 담은 항아리를 매달아
놓기도 하였다.

동예 역시 토지가 비옥하고 해산물이 풍부하여 농경, 어로 등 경제 생활이 윤택하였다. 특히, 누에를 쳐서 명주를 짜고 삼베도 짜는 등 방직
기술이 발달하였다. 특산물로는 단궁이라는 활과 과하마, 반어피 등이 유명하였다. 동예에서는 매년 10월에 무천이라는 제천 행사를 열었다.
그리고 족외혼을 엄격하게 지켰으며, 산천을 중시하여 각 부족의 영역을 함부로 침범하지 못하게 하였다. 만약, 다른 부족의 생활권을 침범하면
책화라 하여 노비와 소, 말로 변상하게 하였다.

농경무늬 청동기의 앞뒷면  

삼한(한)

한강 이남 지역에는 일찍부터 진(辰)이 성장하고 있었다. 진은 B.C. 2세기경 고조선의 방해로 중국과의 교통이 저지되기도 하였다. 그러나
진에는, 고조선 사회의 변동에 따라 대거 남하해 오는 유이민에 의해 새로운 문화가 보급되어 토착 문화와 융합되면서 사회가 더욱 발전하였다.
그리하여 마한, 진한, 변한의 연맹체들이 나타나게 되었다.

마한은 대전, 익산 지역을 중심으로 하여 경기, 충청, 전라도 지방에서 발전하였다. 마한은 54개의 소국으로 이루어졌는데, 그 중에서 큰
것은 만여 호, 작은 것은 수천 호로 총 10여만 호였다.

진한은 대구, 경주 지역을 중심으로, 변한은 김해, 마산 지역을 중심으로 발전하였다. 변한과 진한은 각기 12개국으로 이루어졌는데, 큰 것은
4천~5천 호, 작은 것은 6백~7백 호로 모두 4만~5만 호였다.

삼한 중에서 마한의 세력이 가장 컸으며, 마한을 이루고 있는 소국의 하나인 목지국(目支國)의 지배자가 마한왕 또는 진왕으로 추대되어 삼한
전체의 영도 세력이 되었다1). 삼한의 지배자 중 세력이 큰 것은 신지, 견지 등으로 불렸고, 작은 것은 부례, 읍차 등으로 불렸다.

한편, 삼한에는 정치적 지배자 외에 제사장인 천군이 있었다. 그리고 신성 지역으로 소도(蘇塗)라는 곳이 있었는데, 이 곳에서 천군은 농경과
종교에 대한 의례를 주관하였다. 천군이 주관하는 소도는 군장의 세력이 미치지 못하는 곳으로, 죄인이라도 도망을 하여 이 곳에 숨으면 잡아가지
못하였다. 이러한 제사장의 존재에서 원시 신앙의 변화와 제정의 분리를 엿볼 수 있다.

소국의 일반민들은 읍락에 살면서 농업과 수공업의 생산을 담당하였다. 이들은 초가 지붕의 반움집이나 귀틀집에서 살았다. 또, 공동체적인 전통을
보여 주는 두레 조직을 통하여 여러 가지 공동 작업을 하였다.

삼한에서는 해마다 씨를 뿌리고 난 뒤인 5월의 수릿날과 가을 곡식을 거두어들이는 10월에 계절제를 열어 하늘에 제사를 지냈다. 이러한 제천
행사 때에는 온 나라 사람들이 모두 모여서 연일 음식과 술을 마련하여 노래를 부르고 춤을 추며 즐겼다.

삼한 사회는 철기 문화를 바탕으로 하는 농경 사회였다. 철제 농기구의 사용으로 농경이 발달하였고, 벼농사가 널리 행하여졌다. 특히, 농경을
위한 저수지가 많이 만들어졌다. 김제 벽골제, 밀양 수산제, 제천 의림지 등은 삼한 시대 이래의 저수지들이다.

의림지(충북 제천)  

변한에서는 철이 많이 생산되어 낙랑, 일본 등에 수출하였다. 철은 교역에서 화폐처럼 사용되기도 하였다.

이와 같은 철기 문화의 발전은 삼한 사회의 변동을 가져와, 지금의 한강 유역에서는 백제국이 커지면서 마한 지역을 통합해 갔다. 또, 낙동강
유역에서는 가야국이, 그 동쪽에서는 사로국이 성장하여 중앙 집권 국가의 기반을 마련하면서 각각 가야 연맹체와 신라 성립의 기틀을 다져
나갔다.

여러 나라의 성장

 Ⅲ. 고대 사회의 발전

   1\. 고대 사회의 형성
   2\. 고대의 정치적 발전
   3\. 고대의 사회와 경제
   4\. 고대 문화의 발달

광개토 대왕릉비(중국 길림성 집안시)  

단원 개관

삼국 시대는 우리 나라 역사에서 중앙 집권 국가가 성립하여 발전한 시기이다. 고구려, 백제, 신라는 작은 국가로 출발하여 정복 활동을 통해
주변 여러 나라를 지속적으로 통합하면서 국왕 중심의 중앙 집권 국가로 발전하는 데 성공하였다.

삼국은 각기 독자적인 문화 기반 위에 상호 친선과 대립을 거듭하면서 화려한 고대 문화를 꽃피웠다. 그러나 7세기에 이르러 삼국은, 항쟁의
주도권을 잡은 신라에 의해 통일되었다. 이로써 민족 문화의 동질적 기반이 확립되어 갔다.

삼국 통일 이후, 만주 지역에서는 고구려의 전통을 계승한 발해가 독자적인 세력을 이루며 성장함으로써 삼국 시대에 뒤이어 남북국의 형세가
전개되었다.

우리 나라 | 연대 | 다른 나라  
---|---|---  
(B.C. 57) 신라의 건국 | B.C. 50 |   
(B.C. 37) 고구려의 건국 |  | (B.C. 27) 로마 제정의 시작  
(B.C. 18) 백제의 건국 |  |   
| 200 | (220) 중국, 삼국 시대 시작  
(372) 고구려, 불교 공인, 태학 설치 | 300 | (313) 로마, 크리스트 교 공인  
|  | (375) 게르만족 대이동 개시  
(427) 고구려, 평양 천도 | 400 | (439) 중국, 남북조 성립  
|  | (476) 서로마 제국의 멸망  
(520) 신라, 율령 반포 | 500 |   
(538) 백제, 사비 천도 |  | (589) 수, 중국 통일  
(660) 백제의 멸망 | 600 | (618) 당의 건국  
(668) 고구려의 멸망 |  | (622) 헤지라  
(676) 신라의 삼국 통일 |  | (645) 일본, 다이카 개신  
(698) 발해의 건국 |  |   
(828) 청해진 설치 | 800 | (800) 카롤루스 대제의 서로마 제국 부활

 1. 고대 사회의 형성

   (1) 고대의 세계
   (2) 한국의 고대 사회

개요

고구려, 백제, 신라의 삼국은 연맹 왕국의 단계를 거쳐 중앙 집권 국가로 발전한 나라들이다. 중앙 집권 국가는, 부족장을 귀족으로
흡수하였으며, 국왕을 중심으로 한 일원적인 통치 체제를 갖추어 확대된 영역을 확실하게 지배하게 되었다.

이들 국가의 성장 과정에서는 정복과 통합에 의한 끊임없는 영토의 확장이 있었으며, 그것은 왕권의 성장, 정치 조직 체계의 정비에 의하여
뒷받침되었다.

삼국 중에서 고구려는 압록강 유역에서 가장 먼저 성장하였고, 백제는 마한 지역에서, 신라는 진한 지역에서 각각 발전하였다. 그러나 변한
지역에서 성장한 가야의 여러 나라는 연맹 왕국 단계에서 더 이상 국가적 통합을 이루지 못한 채 주변 국가의 압력에 시달리다가 마침내 신라에
의해 차례로 병합되고 말았다.

◇ 연구 과제 ◇

1\. 삼국이 연맹 왕국에서 중앙 집권 국가로 발전한 과정은 어떠하였는가?

2\. 고대 사회는 정치 제도, 신분 제도 및 문화면에서 어떤 특징을 가지는가?

3\. 삼국의 초기 성장 과정은 어떠하였는가?

4\. 가야 연맹이 중앙 집권 국가로 발전하지 못한 이유는 무엇인가?

 (1) 고대의 세계

동양의 고대

동양 고대 문화의 중심지는 중국, 인도, 그리고 오늘날의 중동 지역인 오리엔트였다.

동아시아 문화권의 중심이 된 중국 문화는 황허 유역에서 시작되었다. 은 왕조 시대에는 청동기 문화가 발달하고 한자의 기원인 갑골 문자가
사용되었으며, 주 왕조 시대에는 봉건 제도가 실시되고 장자 상속제가 확립되었다. 이어서 춘추 전국 시대에는 철제 농기구가 사용되었고 봉건
제도가 붕괴되었으며, 제자 백가가 출현하여 유가와 도가 등 중국 사상의 원류가 형성되었다.

중국 최초의 통일 제국인 진은 군현 제도를 실시하여 황제 중심의 중앙 집권적 통치 체제를 확립하였고, 그 뒤를 이어 400여 년 동안 계속된
한은 유학을 관학화하고 유교주의적 중국 문화의 기틀을 확립하였다.

그러나 3세기 초에 후한이 멸망한 후 중국은 위⋅진⋅남북조 시대라는 긴 분열 시대를 겪게 되었다. 이 시기에는 문벌 귀족 사회가
발전하였으며, 또 불교가 융성하고 귀족 문화가 발달하였다.

이어서, 6세기 말에 중국을 재통일한 수는 과거제를 처음 실시하였고, 7세기에 수를 계승한 당은 약 300년 동안 지속하면서 동아시아
문화권의 중심이 되었다. 동아시아 문화권은 한자, 유교, 불교, 율령 체제 등을 중심으로 성립되었으며, 여기에는 중국뿐만 아니라 그 주변의
한국, 일본, 베트남 등도 포함되었다.

중국 수⋅당 시대의 영역  

인도에서는 아리아 인이 철기 문화를 보급시키고 브라만 교와 카스트 제도를 확립하였다. 이어서 불교가 성립되어 마우리아 왕조 때에는 소승
불교가 발전하였고, 쿠샨 왕조 때에는 대승 불교가 발전하였다. 소승 불교는 동남 아시아로 전파되었으며, 대승 불교는 간다라 미술과 함께
중국, 한국, 일본으로 확산되었다. 그러나 굽타 왕조 시대에는 인도의 민족 종교인 힌두교가 성립되어 발전하기 시작하였고, 아울러 인도의 고전
문화가 완성되었다.

한편, 세계 최초의 문명이 발생한 오리엔트 지방에서는 메소포타미아 문명과 이집트 문명이 발달하였고, 뒤에 아시리아와 페르시아가 오리엔트
세계를 통일하였다. 특히, 강력한 전제 국가였던 페르시아 제국은 B.C. 6세기에 오리엔트를 재통일한 후 B.C. 4세기에 알렉산더 대왕에게
정복되기까지 강성하였으며, 고대 그리스 세계와 충돌하기도 하였다. 알렉산더의 동방 원정 후 이 지역에서는 헬레니즘 문화가 발달하였고, 한때
사산 왕조의 페르시아가 번영하였다.

이보다 앞서 동부 지중해 연안의 헤브라이 인들은 유일신 신앙의 유대 교를 확립하였고, 이를 바탕으로 크리스트 교가 성립하여 서양 문화 발전에
큰 영향을 끼치게 되었다. 그리고 7세기에 아라비아 반도에서는 이슬람 교가 출현하여, 이를 바탕으로 하는 이슬람 문화권이 형성되어 갔다.

서양의 고대

서양 고대 세계의 중심은 지중해 연안이었으며, 서양 문화의 원천도 지중해 세계의 그리스 문화와 이를 계승하여 발전시킨 로마 문화였다.

에게 문명의 뒤를 이은 그리스 문화는 오리엔트 문명의 영향을 받았으나, 오리엔트의 전제 국가와는 달리 자유 시민 중심의 폴리스를 바탕으로
성장하였다. 폴리스는 일종의 도시 국가였다. 그리스 인들은 아테네와 스파르타를 비롯한 수많은 폴리스를 건설하였다. 아테네의 정치 체제는
왕정, 귀족 정치, 금권 정치, 참주 정치, 민주 정치의 순서로 발전하였으며, 민주 정치는 페르시아 전쟁이 일어나기 전에 그 토대가
확립되었다.

아테네의 아크로폴리스 유적  

한편, 스파르타는 소수의 시민이 다수의 선주민을 정복하여 이들을 폴리스 공유의 농업 노예로 만들어 지배하였고, 엄격한 군국주의 정치를
실시하였다.

페르시아 전쟁에서 승리한 그리스는 아테네를 중심으로 크게 번영하였다. 페리클레스 시대에 아테네 민주 정치가 완성되었으며, 인간 중심의 그리스
문화가 꽃피기 시작하였다. 그러나 B.C. 5세기 말에 일어난 펠로폰네소스 전쟁으로 그리스 세계는 몰락하게 되었고, 이후 마케도니아의 지배를
받았다.

B.C. 4세기 말 알렉산더 대왕의 동방 원정으로 3세기 동안 헬레니즘 시대가 전개되었고, 그리스 문화와 오리엔트 문화가 융합된 헬레니즘
문화가 발전하였다. 세계 동포주의와 개인주의를 특색으로 하는 헬레니즘 문화는 뒤에 로마 문화에 흡수되었다.

도시 국가로 출발한 로마는 공화정 시기에 발전을 거듭하여 이탈리아 반도를 통일하고, 포에니 전쟁에서 승리하여 지중해 세계를 지배하게 되었다.
그러나 세계 제국으로의 발전 과정에서 로마 공화정은 내란의 1세기라는 위기를 겪게 되었으며, 결국 B.C. 1세기 말에 아우구스투스에 의해
로마 제정이 수립되었다. 이후 약 200년 동안 로마 제국은 안정과 번영을 지속하여 로마에 의한 평화 시대가 도래하였다.

번영을 자랑하던 로마 제국도 군인 황제 시대의 혼란을 겪으면서 쇠퇴하게 되었다. 콘스탄티누스 황제의 중흥 노력도 성과를 거두지 못한 채,
제국은 4세기 말에 동⋅서 로마 제국으로 양분되었고, 게르만족의 대이동으로 서로마 제국은 멸망되었다(476). 그러나 제국 말기에 국교가 된
크리스트 교는 서로마 제국이 멸망한 후에도 발전을 계속하였다.

로마는 그리스 문화와 헬레니즘 문화 등을 종합하여 서양 고대 문화를 완성하였으며, 실용적이고 현실적인 특성의 문화를 발전시켰다. 그리고 넓은
제국을 효과적으로 통치하기 위하여 법률이 발달하였는데, 이 로마법은 후대에 큰 영향을 끼쳤다. 또, 로마 문화에 계승된 그리스의 인간 중심의
정신과 로마 제국 시대에 세계 종교로 성장한 크리스트 교는 서양 문화의 밑바닥을 흐르는 2대 조류가 되었다.

 (2) 한국의 고대 사회

고대 사회의 성장

우리 나라에서는 고구려, 백제, 신라의 국가 발전과 더불어 고대 사회가 성장하였다.

고대 사회가 성장하면서 지방의 족장 세력은 중앙의 보다 강력한 힘에 의해 통합되어 갔다. 족장 세력은 종래 그가 다스리던 지역에 대한
영향력을 유지할 수 있었으나, 국왕의 지위가 강화됨에 따라 점차 왕권에 복속되어 갔다. 왕권이 확대됨에 따라 율령을 반포하는 등 체제의 정비
작업이 추진되었다. 이와 동시에, 대외적으로는 끊임없이 정복 활동을 펴 영토를 확장시켜 갔다.

한편, 고대 사회에서는 불교가 수용되어 중앙 집권화의 진전을 사상적으로 뒷받침하였다. 이처럼, 고대 사회는 안으로는 강력한 왕권과 정비된
율령을 바탕으로 중앙 집권 국가를 이룩하였고, 밖으로는 활발한 정복 활동을 통해 영역 국가로서의 모습을 띠고 있었다.

우리 나라 고대 사회가 성장, 발전하여 가는 과정은 지역에 따라 차이가 있었다. 고구려는 일찍이 2세기경에 국가 체제를 정비하였으며, 중국의
남조와 북조를 서로 견제시키면서 독자적 외교 노선을 견지하였다.

또, 백제는 고구려보다 늦게 출발하였지만, 주로 남중국과 교류하면서 잘 짜여진 통치 체제를 수립할 수 있었다. 한편, 신라는 가장 늦게 국가
체제를 정비하였고 중국과의 교류도 늦었지만, 토착 귀족 세력이 뿌리 깊게 커 나갈 수 있었다.

초기의 고구려

고구려 사회는 부여에서 내려온 유이민과 압록강 유역의 토착민 집단이 결합하여 이루어졌다. 이들 부족은 중국 문화와 북방의 유목 문화에 접한
경험이 비슷하기 때문에, 고구려는 결속력을 강화하면서 정복 국가 체제로 전환할 수 있었다.

고구려 성장 과정에서 태조왕 때는 매우 중요한 시기였다. 우선, 주변 지역에 대한 정복과 통합이 보다 활발하게 전개되어 현저한 대외 발전이
이루어졌다. 함경도 지방의 옥저를 정복하고, 만주 지방으로 세력을 확대시켰으며, 낙랑에 대해서도 자주 압력을 가하였다. 이와 같은 대외적
발전에 힘입어, 왕권이 성장하면서 고씨에 의한 왕위의 독점적 세습이 이루어지게 되었다1). 집권적 관료 조직이 갖추어지기 시작한 것도 이
무렵의 일이었다. 그리하여 왕권이 보다 강화된 중앙 집권 국가 체제로의 진전이 이루어졌다.

고구려 고분군(중국 길림성 집안시)  

초기의 백제

백제 사회는 북방에서 내려온 유이민과 한강 유역의 토착민 집단이 결합하여 이루어졌다. 유이민 집단은 우수한 철기 문화를 경험하면서 이동해
들어온 반면, 토착민 집단은 북방 문화를 접한 경험이 부족하였다. 이에 백제 사회에서는 유이민이 지배층으로 권력을 행사하였다.

백제는 한강 유역에 위치한 마한의 한 소국으로부터 출발하였다. 고구려 주몽의 아들 온조가 남하하여 하남 위례성에 도읍을 정하고 백제를
세웠다(B.C. 18). 그 도읍은 오늘의 서울 지역이었다.

몽촌 토성(서울 송파)  

한강 유역의 백제는, 이후 연맹 왕국으로 성장하면서 마한을 대신하는 새로운 정치 세력의 중심으로 발전하였다. 한 군현 세력이 한강 유역으로
뻗어 오자, 백제는 한강 유역의 소국과 연맹하여 이를 막아 내었다. 그리하여 3세기 중엽 고이왕 때에 이르러, 백제는 확대된 영토와 통치
조직을 갖춤으로써 중앙 집권 국가로서의 기틀을 잡아갔다.

이 때의 백제는, 한성을 중심으로, 대외적으로는 중국의 한 군현과 항쟁하였고, 대내적으로는 새로운 관제를 마련하고, 관리의 복색을 제정하는
등 지배 체제를 정비하였다. 이러한 정치적 개혁 작업은 왕권이 강화되고 중앙 집권 체제가 진전되었음을 의미하는 것이다.

초기의 신라

신라가 성장한 지역은 북쪽과 서쪽이 산맥으로 가로막혀 있어 유이민 집단의 이주가 활발하지 못하였다. 이에 따라 토착 세력이 강했기 때문에
유이민들은 토착 세력에게 흡수, 동화되었다. 또, 한반도 동남부에 치우쳐 있어서 신라 사회는 삼국 중에서 발전이 가장 늦었다.

경주 지방의 사로국으로부터 발전한 신라는 박혁거세에 의해 건국되었다(B.C. 57).2) 초기에는 박, 석, 김의 세 부족이 연맹하여 왕에
해당하는 이사금을 선출하였는데, 곧 이어 6부족 연맹체로 발전하였다.

계림(경북 경주)  

주변의 여러 나라를 정복하여 경북 지방 일대의 큰 나라로 성장한 신라는 4세기 후반 내물왕 때에 이르러서는 중앙 집권 국가로 발전하였다. 이
때 신라는 영토를 낙동강 유역까지 확장하였고, 내부적으로 체제의 정비를 단행하였다. 그리하여 박, 석, 김의 3성이 번갈아 왕위에 오르는
대신, 김씨에 의한 왕위 계승권이 확립되었다. 대수장(大首長)이라는 정치적 의미를 가지는 마립간이 왕호로 사용된 것도 이와 같은 왕권의
신장을 나타내 주는 것이다.

신라 금관(경주 금령총)  

내물왕 이후 김씨의 왕위 세습은 고구려의 군사력과 밀접한 관련이 있다. 신라 해안에 출몰하는 왜구를 격퇴하기 위해 고구려 군대가 신라 영토
내에 진주했던 때도 있었다. 경주의 호우총에서 발굴된 그릇에 광개토 대왕의 이름이 새겨져 있는 것은 이를 반영하는 것이다.

호우명 그릇(경주 호우총)  

이후, 신라는 제도의 개혁을 추진하고 고구려의 간섭을 배제하면서 발전하였다. 수리 사업과 우경에 의하여 농업 생산력을 증가시켰는가 하면,
우역과 시장을 개설함으로써 물자 교류가 활발하게 되었다. 이와 아울러 고구려에 의존하던 대외 관계에서 벗어나면서 백제와 동맹을 맺기도
하였다.

가야 연맹

삼국이 국가 조직을 정비하여 발전해 가던 시기에, 낙동강 하류 유역의 변한 지역에서는 별도의 독립적 세력이 성장하고 있었다. 가야 사회에서는
유이민 세력이 주로 해변으로 들어왔으나, 신라 사회처럼 토착 세력이 강하였다.

2, 3세기경, 김해의 금관 가야를 주축으로 하여 경남 해안 지대에 소국 연맹체가 형성되었다. 연맹체의 맹주인 금관 가야는 김수로에 의해
건국되었다(42). 금관 가야는 이웃 소국을 병합하면서 영토를 확장하고, 통치 조직을 정비하여 갔다.

가야 연맹의 위치  

그러나 한반도 내에서 고구려와 백제 사이의 세력 다툼이 치열해지자, 고구려 군대가 낙동강 유역까지 진출하게 되었다. 그러한 와중에서 가야
연맹 왕국 내에 포함되어 있던 소국들이 이탈하여 갔다. 이로 인하여 금관 가야는 큰 타격을 받고 그 세력이 약화되었다.

5세기 이후 가야는 전쟁의 피해를 받지 않은 고령 지방의 대가야로 그 중심이 이동되면서, 연맹의 세력권이 재편되었다. 이는 가야 지역의
유적을 통하여 알 수 있다. 즉, 이후 경남 해안 지대에서는 고분 유적의 수나 규모가 위축된 반면에, 경상도 내륙 산간 지역에서는 점차 많은
고분이 축조되었고, 그 규모도 매우 커졌기 때문이다.

고령 지산동 고분군(경남)  

한편, 신라의 팽창에 자극을 받아 빠른 성장을 이룬 대가야 연맹 왕국은 합천, 함양, 하동 등의 지역을 포괄하는 세력권을 형성하였고, 중국
남조에 사신을 보내기도 하였으며, 신라나 백제와 동맹하여 고구려에 대항하기도 하였다.

그러나 끝내 삼국과 같은 중앙 집권 국가로서의 정치적 발전을 이룩하지는 못하였다. 이는 지역적으로 백제와 신라의 중간에 위치하여 양국의
각축장이 되었으며, 이들 나라의 압력을 받으면서 불안한 정치 상황이 지속되었기 때문이다.

6세기 전반에 대가야 연맹 왕국은 백제, 신라 등의 침략을 받아 그 남부 지역부터 축소되기 시작하였다. 그러던 중 가야의 남부 소국들이
대가야를 불신하여 다시 금관 가야를 중심으로 연맹 왕국을 형성하게 되자, 신라는 백제와 왜의 세력이 이 지역에 영향을 끼칠까 염려하여 서둘러
군대를 일으켜 병합하였다(532).

한편, 대가야 연맹 왕국은 신라와 결혼 동맹을 맺어 세력을 겨우 유지하였지만, 얼마 후 자체 내에서 분열이 일어나 그 세력이 약화되어 마침내
신라에 병합되었다(562).

가야 소국들은 일찍이 벼농사를 짓는 등 농경 문화를 바탕으로 하면서, 철의 생산과 중계 무역을 통하여 발전을 이룩하였다. 특히, 고령, 합천
등의 지역에 있던 대가야 연맹 왕국은 농업의 입지 조건을 잘 갖추고 있었는데, 그런 바탕 위에 경남 해안 지방으로부터 토기의 제작 기술이
보급되고, 수공업이 일어나 크게 번성하였다.

정치적 발전이 미숙하였음에도 불구하고, 가야 연맹 왕국은 주변의 여러 나라 외에 한 군현이나 동해안의 예, 그리고 남으로는 왜와도
교역함으로써, 해상의 중계 무역을 장악하여 경제적으로 크게 번영하였다.

가야 문화를 보여 주는 유적으로는 고령 지산동 고분, 부산 복천동 고분 등이 유명하며, 이들 고분에서 금동관, 철제 무기와 갑옷, 토기 등이
발굴되어 가야 문화의 높은 수준을 보여 주고 있다. 특히, 가야 토기는 일본 지역에 전해져 스에키 토기에 직접적인 영향을 주기도 하였다.

수레 토기  

가야의 철제 갑옷(경남 고령)  

가야의 금동관(경남 고령)

 2. 고대의 정치적 발전

   (1) 중앙 집권화의 진전
   (2) 삼국 간의 경쟁과 대외 관계
   (3) 삼국 통일
   (4) 통일 신라와 발해의 발전
   (5) 통치 조직의 정비

개요

고구려, 백제, 신라의 삼국은 상호 협력하거나 견제하면서 국가 발전을 지속하였다. 그 과정에서, 고구려는 만주 지역과 한반도 북부에 걸치는
강대한 국가로 성장하여, 수⋅당을 비롯한 외세의 침입을 막는 방파제 구실을 하였다.

백제는 남중국과 일본 지역으로 진출하는 등 활발한 대외 활동을 벌였다. 그리고 신라는 뒤늦게 성장하였지만, 삼국 간의 항쟁에서 마지막
주도권을 장악하였다. 신라는 당과 연합하여 백제, 고구려를 무너뜨린 다음, 다시 한반도에서 당의 세력을 무력으로 몰아 냄으로써 삼국을
통일하는 데 성공하였다.

통일 신라는 영토의 확장과 함께 왕권의 전제화가 이루어지면서 전성기를 맞이하였다. 한편, 만주의 동부 지역을 거점으로 건국한 발해는,
고구려의 전통을 계승함으로써 통일 신라와 함께 남북국의 형세를 이루게 되었다.

◇ 연구 과제 ◇

1\. 삼국은 어떠한 성장, 발전의 단계를 거쳐 통일에 이르렀는가?

2\. 삼국 간의 경쟁과 대외 관계는 어떠하였는가?

3\. 삼국의 정치 조직에서 나타나는 공통점과 차이점은 무엇인가?

4\. 통일 이후 신라에서는 어떠한 정치적 변화가 나타났는가?

5\. 발해 건국의 의의와 국가적 성격은 무엇인가?

 (1) 중앙 집권화의 진전

고구려의 발전

삼국 중에서 가장 먼저 발전하였던 고구려는, 2세기 후반에 이르러 체제의 중앙 집권화와 왕권의 강화에 새로운 진전을 가져왔다. 종래 부족적
전통의 5부가 행정적인 5부로 바뀌고, 왕위 계승은 형제 상속에서 부자 상속으로 바뀌었다.

3세기 중반에 위가 고구려와의 협공으로, 만주 일대에서 독자적인 세력을 키워 온 공손씨를 멸망시키자, 고구려는 중국 세력과 정면으로 대결하게
되었다. 그러한 과정에서 위의 침입을 받기도 하였지만, 4세기 초에 고구려는 낙랑군을 쳐서 중국 세력을 우리 나라에서 몰아 내는 데
성공하였다(313). 그러나 그 후 북으로부터 전연, 남으로부터 백제의 침략을 받아 국가적인 위기를 겪기도 하였다.

고구려가 위기를 겪게 된 것은, 부족별로 흩어져 있던 힘을 조직적으로 통솔하지 못한 데에 그 원인이 있었다.

이러한 상황을 극복하고 국가 체제를 크게 개혁하면서 새로운 발전의 토대를 마련한 것은 소수림왕 때의 일이었다. 즉, 불교의 수용, 태학의
설립, 그리고 율령의 반포 등은 바로 지방에 산재한 부족 세력을 효율적으로 통제하면서, 중앙 집권 국가로의 체제를 강화하려는 것이었다.

소수림왕 때의 체제 개혁을 바탕으로 광개토 대왕 때에는 국력을 밖으로 팽창시켜, 그 시호가 의미하는 것처럼 넓은 영토를 확보하였다. 요동
방면을 포함한 만주 대부분의 지역이 고구려의 판도가 되었으며, 남쪽으로는 백제를 압박하고, 신라를 도와 남해안 일부 지역에 침입한 왜군을
격퇴시키기도 하였다. 당시의 활발한 정복 사업에 대해서는 국내성에 세워진 광개토 대왕릉비에 그 내용이 기록되어 있다.

광개토 대왕릉 비문(탑본)  

그 후, 장수왕 때에는 국내성에서 평양으로 천도하여 고구려 발전의 새로운 전기를 마련하였다. 고구려의 평양 천도는, 안으로는 왕권을 강화하는
계기가 되었고, 밖으로는 백제와 신라를 압박하는 요인이 되었을 뿐만 아니라, 서쪽 해안으로 적극 진출하는 계기가 되었다. 이 무렵 고구려는
전성기를 맞았는데, 북연 왕이 의탁해 오자 장수왕은 한때 북중국 지역의 지배자였던 북연 왕을 영토 내에 머무르게 하고 그를 제후로 대하기도
하였다.

고구려의 전성(5세기 장수왕 때)  

백제의 발전

백제가 괄목할 만한 발전을 이룩하게 된 것은 4세기 후반 근초고왕 때의 일이었다. 이 때, 백제는 영토를 크게 확장하여 마한의 남은 영역을
정복하여 전라도 남해안에 이르렀으며, 북으로는 고구려의 평양성까지 공격하였다. 동시에, 낙동강 유역의 가야 여러 나라에 대해서도 지배권을
행사하였다. 그리하여 백제는 오늘의 경기, 충청, 전라도와 낙동강 중류 지역, 강원, 황해도의 일부를 포함하는 넓은 영토를 확보하였다. 또,
백제는 수군을 증강시켜 중국의 요서 지방으로 진출하였고, 이어서 산둥 지방과 일본의 규슈 지방에까지 진출하는 등 활발한 대외 활동을 벌였다.

백제의 발전(4세기)  

한편, 백제는 이미 고이왕 때에 국가 체제를 정비하여 고구려나 신라보다 세련된 제도를 마련하였다. 그러나 그것은 연맹 왕국 체제를 공고히
하는 제도 정비였고, 왕권 중심의 중앙 집권 국가 체제는 근초고왕 때를 전후하여 정비되었다. 침류왕 때에는 불교가 공인되었는데, 이는 중앙
집권 국가의 성립과 연관된 것이다.

전성기의 백제는 한강 유역을 지배하였지만, 그 지역에 대한 방어를 위하여 국력을 많이 소모하고 있었다.

5세기 후반, 백제는 고구려의 남진 정책에 큰 타격을 받아 그 중심 지역인 한강 유역을 빼앗기고 말았다. 이로 인하여 백제는 도읍을 한성에서
금강 유역의 웅진으로 옮겼다(475). 웅진 천도 이후 백제는 왕권이 약화되고 지배 세력이 교체되면서, 국력의 쇠퇴와 더불어 정치적 불안에
시달리게 되었다.

이러한 상황에서, 사회가 안정되고 국력이 다시 회복된 것은 동성왕에서 무령왕에 이르는 때였다. 이 때에 지방에 22담로를 설치하고 여기에
왕자와 왕족을 봉하여 지방에 대한 통제를 강화하였다.

한편, 웅진은 고구려의 공격을 피하기 위한 일시적 수도였으므로, 백제가 새로운 발전의 터전을 마련하기 위해서는 보다 넓은 곳에 새 수도를
건설할 필요가 있었다.

그리하여 다음의 성왕은 사비로 천도하고 국호를 남부여로 개칭하여 백제의 중흥을 도모하게 되었다. 이 때의 백제는 중앙 관서 및 지방 제도를
강화하여 새로운 국가 발전을 도모하였으며, 중국의 남조와 활발한 교류 관계를 유지하였다. 그리고 겸익과 같은 승려를 등용하여 불교의 진흥을
꾀함으로써, 국가의 정신적 토대를 굳게 하였다.

신라의 발전

신라가 중앙 집권 국가로 비약적인 발전을 시작한 것은 6세기 초부터였다. 지증왕 때에 정치 제도는 더욱 정비되어 국호를 사로국에서 신라로,
왕호를 마립간에서 왕으로 고쳤다. ‘신라’라는 국호는, 왕의 업적이 날로 새로워져서 사방을 망라한다는 의미를 가진 것으로, 이것은 왕실이
지방의 지배 세력을 확실하게 장악하여 갔음을 알려 준다.

이 시기에 신라는 수도의 행정 구역을 정리하고, 이어 지방의 주, 군을 정비하였다. 아울러, 주에 군주를 파견하여 다스리게 함으로써 지방
제도를 군사 제도와 병행하여 정비하였으며, 그 결과 법흥왕 초기에 중앙 부서로서 병부가 설치되었다. 곧이어 율령이 반포되어 17관등 및
백관의 공복이 정해졌을 뿐 아니라, 골품 제도가 정비되어 중앙 집권 국가 체제를 완비하여 갔다.

한편, 이 때에 귀족의 이익을 대변하는 상대등이 설치된 것은, 신라가 왕권 중심의 귀족 국가 체제를 갖추어 간 것을 의미하는 것이다. 또,
법흥왕은 건원이라는 독자적인 연호를 사용함으로써, 신라가 중국과 대등한 국가임을 과시하였다.

신라의 발전은 영토의 확장과 더불어 이룩되었다. 법흥왕 이후 진흥왕 때에는 신라의 대외적 발전이 더욱 두드러졌다. 울진의 봉평 신라비를
비롯하여 단양의 적성비와 북한산, 창녕, 마운령, 황초령의 여러 순수비들은 모두 6세기의 신라 발전과 관련된 기념물이다.

신라의 영토 확장(6세기 진흥왕 때)  

단양 적성비(충북)

 (2) 삼국 간의 경쟁과 대외 관계

삼국 간의 경쟁

삼국은 국가 발전 과정에서 서로 동맹하여 협조하는 경우도 있었지만, 상호간에 경쟁과 싸움을 계속하기도 하였다. 4세기까지는 고구려와 백제가
서로 패권을 다투고 있었는데, 이 때에는 백제가 해상으로 진출하면서 국력을 축적하여 고구려와의 싸움에서 우세한 경우가 많았다.

삼국 간의 경쟁은 대략 세 시기로 구분하여 이해할 수 있다. 제1기는 고구려가 삼국 경쟁의 주도권을 잡은 5세기이고, 제2기는 신라가 영토를
확장하고 한강 유역까지 진출하는 6세기이며, 제3기는 신라가 수⋅당과 연결하여 삼국을 통일하게 되는 7세기이다.

고구려 광개토 대왕의 정복 활동은 주로 요동 지방을 비롯한 만주 지역을 확보하는 것이었지만, 한편으로는 백제를 공격하여 한강 이남으로 몰아
내었다. 그 후, 장수왕 때에 고구려가 수도를 평양으로 옮기면서(427) 백제와 신라에 대한 압박을 본격화하자, 나⋅제 동맹이 이루어지는 등
싸움은 보다 가열되었다.

고구려가 백제의 수도인 한성을 함락하고 한반도의 중부 지역까지 장악하게 되자, 위기 의식을 느낀 백제, 신라 양국은 동맹 관계를 강화하여
고구려의 세력 팽창을 견제하였다. 충주의 중원 고구려비는 이 시기 고구려의 세력 확장을 나타낸 것이다.

중원 고구려비(충북 충주)  

백제와 신라가 힘을 합하여 고구려를 밀어 내고 한강 유역을 탈환하는 데 성공한 것은 6세기 중반의 일이었다. 그러나 이 때 신라는 백제가
회복한 지역을 일방적으로 신라 영토에 편입시켰다. 이로 인해 120년간이나 지속되던 양국의 동맹 관계는 깨어졌다.

신라는 진흥왕 때 화랑 제도를 통하여 많은 인재를 배출하는 한편, 국력을 정복 사업에 집중시켰다. 낙동강 유역과 한강 유역의 중부 지방을
확보하였으며, 그 세력이 함경도 지방에까지 이르게 되었다. 특히, 한강 유역의 장악은 삼국 경쟁의 주도권이 신라로 옮겨지는 계기가 되었다.
이후 신라는 황해를 통하여 직접 중국과 연결함으로써 외교적인 공세까지 강화할 수 있는 유리한 발판을 마련하였다.

그 후 7세기에 이르러 삼국 간의 경쟁은 통일을 위한 싸움으로 전개되면서, 그 양상이 더욱 치열해졌다.

이처럼 삼국은 서로 통일을 위한 경쟁을 하면서도 한편으로는 상호간에 문물의 교류를 활발히 전개하였다.

삼국의 외교

삼국 시대에 우리 민족은 주로 중국의 침략 세력에 맞서 항쟁하였다. 특히, 국경을 직접 접하고 있던 고구려의 경우에는 더욱 그러하였다.
고구려는 중국 한 군현과의 대립 항쟁 속에서 성장하였고, 마침내는 이들 세력을 축출함으로써 국가 발전의 기틀을 마련하였다.

고구려는 위, 전연 등의 침입으로 한때 위기를 겪기도 하였으나, 중국 세력의 압력을 밀어 내고, 광개토 대왕 이후로는 동아시아의 대제국
건설에 성공하였다.

고구려의 전성기에 중국은 여전히 분열 상태에 있었으므로 이와 같은 사정을 잘 이용한 고구려는 남북조와 외교 관계를 수립함으로써 중국 세력을
교묘히 견제하였다.

한편, 백제는 북방 민족이나 중국의 북조와 자주 접촉한 것은 아니었으나, 역시 한 군현의 침입을 물리치면서 성장하였다. 또, 백제는 발전
과정에서 요서, 산둥 지방에까지 진출하여1) 대외적 영향력을 과시하였으며, 웅진으로 천도한 이후로는 중국의 남조와 긴밀한 관계를 유지하였다.

신라는 한반도의 동남부에 치우쳐 있어서, 처음에는 중국과의 교섭이 고구려나 백제를 통하여 이루어졌다. 일찍이 고구려를 통해 북조의 문물이
전해졌으며, 한강 유역 점령 이후에는 당항성을 쌓고 황해를 통하여 중국과 직접 교류하였다.

나제 통문(전북 무주)  

삼국 중 왜와 가장 긴밀한 관계를 유지하였던 나라는 백제였다. 이는, 다수의 백제 유이민이 규슈 지방 등지에 진출하여 국가 건설에
이바지하였기 때문이다. 일본에 보관 중인 칠지도라는 칼은 백제 왕이 왜왕에게 선물한 것으로서, 양국의 친교 관계를 잘 설명해 주는 것이다.

칠지도  

백제는 이와 같은 관계를 바탕으로 왜군을 끌어들여 삼국 간의 경쟁에 이용하기도 하였다.

고구려와 수⋅당과의 전쟁

6세기 말, 남북조로 분열되었던 중국이 수에 의하여 통일되자, 고구려는 그 압력을 받게 되었다. 당시의 국제 정세는 돌궐에서 고구려, 백제,
왜의 남북으로 이어지는 연합 세력이 구축되어 있었다. 이 세력은 수에 부담을 주었으며, 이에 대항하기 위해 신라와 수의 연합이 이루어졌다.

한편, 고구려는 먼저 중국의 요서 지방을 공격하여 수의 압력을 예방하고자 하였다. 이에, 수의 문제와 양제가 연이어 고구려를 침략하였는데,
특히 수 양제는 113만 대군을 동원하여 고구려를 침공하였다. 그러나 고구려는 을지문덕의 유도 작전으로 살수에서 수의 대군을
격파하였다(612).

수에 이어 당이 일어나자, 고구려는 국경 지방에 천리 장성을 쌓으면서 침략에 대비하였다. 더욱이 연개소문이 정권을 장악한 이후, 고구려는
내부적으로 독재 정치가 이루어지면서, 당에 대해서는 강경하게 대응하였다. 이에 당 태종은, 직접 군사를 이끌고 고구려에 침입하였다(645).

당군은 요하를 건너 요동성을 점령하고, 이어서 안시성을 포위하였다. 안시성에서는 군⋅민 모두가 힘을 합쳐 60여 일 간이나 당군과 맞서
용감히 싸웠다. 그 사이에 고구려군이 전면적인 공격의 기세를 보이자, 당 태종은 군대를 철수시키지 않을 수 없었다.

이와 같이 고구려가 중국의 통일 제국인 수⋅당의 침략을 잇따라 격퇴한 것은 중국과의 대결을 통한 발전의 한 모습이었으며, 아울러 백제,
신라까지 보호하는 민족 수호의 의의를 지닌 것이었다.

 (3) 삼국 통일

백제⋅고구려의 멸망

고구려, 백제의 압력에 시달리던 신라는 적극적인 대당 외교를 추진하고 있었다. 그리하여 고구려 침략에 실패한 이후 재침의 기회를 엿보던 당과
손을 잡았다. 나⋅당 연합군은 먼저 백제를 공격하였다. 김유신이 이끈 신라군은 탄현을 넘어 황산벌에 이르렀고, 소정방이 이끈 당군은 금강
하류로 침입하였다. 이로써 백제의 수도인 사비성이 나⋅당 연합군에 함락되었다(660).

백제를 멸한 후, 나⋅당 연합군은 수륙 양면으로 고구려를 공격하였지만, 고구려의 강력한 저항으로 성공하지 못하였다. 그러나 지배층의 내분이
일어나면서 고구려의 국력이 약화되자, 나⋅당 연합군은 이 틈을 놓치지 않고 다시 고구려를 공격하였다. 그리하여 마침내 고구려의 평양성도
함락되었다(668).

백제와 고구려는 나⋅당 연합군에 의해 멸망되었지만, 이미 내부적으로 정치 질서의 문란, 지배층의 향락적 생활로 인해 백성들이 일체감을
상실함으로써 쇠퇴하고 있었다.

백제 멸망 이후, 각처에서 나라의 부흥을 도모하는 항전이 전개되었다. 주류성, 임존성은 당시 백제 부흥 운동의 주요 거점이었다. 복신과 승려
도침이 일본에 망명해 있던 왕족 풍을 받들고 백제 부흥 운동을 일으켜서 200여 성을 회복하였으며, 사비성과 웅진성을 공격하여 당군을
괴롭혔다. 그러나 한때 강성하였던 백제의 부흥 운동은 나⋅당 연합군에 의하여 진압되었다.

한편, 고구려 멸망 이후 검모잠은 왕족 안승을 받들고 고구려의 유민들을 모아 한성(재령)을 근거지로 나라의 부흥을 도모하였으며, 한때 평양의
탈환에 성공하기도 하였다. 이러한 부흥 운동은 뒤에 신라의 도움을 받으면서 기세를 떨쳤으나, 결국에는 실패로 돌아갔다. 그러나 7세기 말에
이르러 발해가 건국됨으로써 고구려의 전통은 계속될 수 있었다.

신라의 통일

백제, 고구려가 무너지자, 당은 백제의 옛 땅에 웅진 도독부를 두고, 다시 고구려 점령 이후 평양에 안동 도호부를 설치하였으며, 심지어 신라
본토에 계림 도독부를 두어 한반도 전체에 대한 지배권을 확보하려 하였다. 이에 신라는 백제, 고구려의 유민들과 연합하여 당과 정면으로
대결하였다.

신라의 대당 전쟁은 백제 지역의 주둔군을 공격하는 것에서부터 시작되었고, 이어서 고구려 지역에까지 확산되었다. 당도 역시 신라의 공격에 맞서
침략군을 계속 투입하였기 때문에 치열한 전투는 여러 곳에서 벌어졌다. 신라는 매소성에서 당의 20만 대군을 크게 격파하여 일단 전쟁의
주도권을 장악하였다. 이어서, 금강 하구의 기벌포에서도 당의 수군을 섬멸하여 당의 세력을 완전히 축출함으로써 삼국 통일을
이룩하였다(676).

나⋅당 전쟁  

삼국 통일은, 그 과정에서 외세의 협조를 얻었다는 점과, 대동강 이남의 통일에 그쳤다는 점에서 한계성이 있다. 그러나 신라가 당의 세력을
무력으로 축출한 사실은 삼국 통일의 자주적 성격을 보여 주는 것이다. 한편, 삼국 통일은 민속 문화 발전에 큰 공헌을 하였다. 고구려, 백제
문화 전통의 수용과 경제력 확충으로 민족 문화는 다양하게 발전하게 되었다.

대왕암(경북 경주)

 (4) 통일 신라와 발해의 발전

통일 신라의 전제 왕권

신라는 삼국을 통일하여 그 영역이 크게 확대되었으며, 대외 관계가 안정되면서 비약적인 발전을 이루어 나갔다. 그런데 삼국의 통일을 전후하여
나타난 중요한 정치적 변화는 왕권이 전제화되었다는 점이다.

무열왕은 김유신의 후원을 받아 진골 출신으로서는 처음으로 왕위에 올랐고, 백제, 고구려에 대한 전쟁을 치르는 과정에서 왕권을 강화하였다. 이
때의 전제 왕권 확립은 이후 8세기 후반에 이르기까지 무열왕의 직계 자손이 왕위를 계승할 수 있었던 것과 관계가 깊다.1)

한편, 통일을 전후하여 유교 정치 이념이 도입되고, 중앙 집권적 관료 정치가 발달하였으며, 왕실의 권위가 높아짐으로써 왕권은 더욱 강화되어
갔다. 문무왕 때의 통일 왕국 형성, 그리고 신문왕 때의 귀족 세력 숙청은 전제 왕권의 확립에 중요한 토대가 되었다. 성덕왕 때에 이르러
신라의 전제 왕권은 안정되었는데, 이 때에 제작된 만파식적은 왕실의 번영과 평화를 상징하는 것이었다.

왕권이 전제화되면서 상대적으로 진골 귀족 세력은 왕권에 눌려 약화되었다. 이에 비하여, 6두품은 신분상의 제약으로 높은 관직을 받을 수
없었지만, 국왕의 정치적 조언자로서 전제 왕권을 뒷받침하는 역할을 하면서 사회적으로 두각을 나타내게 되었다.

신라 하대 사회의 동요

무열왕 직계 자손들의 전제 왕권은, 경덕왕 때에 오면서 진골 귀족 세력의 반발을 받아 기울기 시작하였으며, 전제 왕권을 뒷받침하던 김유신계
후손들도 몰락하여 갔다. 그런 가운데 경덕왕은 왕권 강화를 위한 제도의 개혁을 단행하였지만, 혜공왕 때에 다시 그 이전의 상황으로
복구되었다.

아울러 혜공왕 때에 와서는 귀족들의 반란이 잇따라 일어났고, 그런 와중에서 왕이 피살되면서 마침내 전제 왕권은 막을 내리게 되었다. 이
때부터 하대 약 150여 년 간 신라 조정에서는 왕위 쟁탈전이 전개되어 왕이 자주 교체되었다.

선덕왕이 죽자 김경신과 김주원이 서로 왕위를 다투었는데, 이 때 승리한 김경신이 왕위에 올라 원성왕이 된 반면, 김주원은 중앙에 있지 못하고
지방의 연고지인 강릉으로 퇴거하여 지방 호족이 되었다. 그의 아들인 웅천주 도독 김헌창은 아버지가 왕이 되지 못한 데 대하여 불만을 품고
반란을 일으켰으며, 그의 손자인 범문도 난을 일으키다가 제거되었다. 이후에도 지방 반란이 잇따라 일어나서, 중앙정부의 지방에 대한 통제가
크게 약화되었다.

진성 여왕 때에 이르러서는 정치가 더욱 문란해져서 수습할 수 없는 상태에까지 이르렀고, 잇단 천재 지변으로 민심이 흉흉하였다. 이에 살기가
어려워진 농민들은 귀족이나 사원의 노비로 전락하거나, 각처에서 초적이 되어 도둑질을 하게 되었다. 그리고 일부는 고구려나 백제의 부흥을
내세우면서 저항하였다. 이 때 최치원 등 6두품 지식인들은 신라 사회의 폐단을 시정하고, 새로운 정치 질서의 수립을 시도하였지만, 중앙 진골
귀족들에 의해 탄압당하거나 배척당하였다. 그러나 이들은 능력 중심의 과거 제도와 유교 정치 이념을 제시함으로써, 새로운 시대를 열어 갈 수
있는 이념적 기반을 마련하였다.

한편, 중앙 진골 귀족들은 아직도 골품 제도에 집착하고 있었을 뿐만 아니라, 삼국 시대의 불교나 화랑도에서 항상 강조해 오던 국가 정신을
잊어버리고 자신들의 특권적 지위만을 유지하려 하였다. 더욱이 그들의 지나친 향락과 과중한 수취가 농촌 사회를 위기에 몰아넣고 있었으므로,
호족 세력을 중심으로 한 지방 세력의 저항이 전국적으로 일어났다.

이후 신라 하대 사회는 호족들에 의하여 움직여 갔다. 호족들은 군 단위의 지방을 다스리면서 성주나 장군으로 자처하였다. 또, 해상 무역을
통하여 부를 축적하면서 군사적 기반까지 마련한 군진 세력도 등장하였다.

발해의 성립

신라가 삼국을 통일할 무렵, 고구려의 옛 땅에서는 고구려를 부흥시키려는 노력이 계속되어 마침내 발해가 건국되었다.

고구려 멸망 이후, 특히 요동 지방을 중심으로 고구려인들은 당에 대한 저항을 계속하였다. 이 때문에, 당은 그 곳의 고구려 유민을 효과적으로
통치하기 위하여 보장왕을 요동 도독으로 임명하는 등의 회유책을 썼다. 그러나 당의 이와 같은 민족 분열 정책은 오히려 고구려 유민들에게 동족
의식을 더욱 강화시키는 결과를 가져왔다.

이러한 배경에서, 고구려의 장군 출신인 대조영은 고구려 유민들을 이끌고 길림성의 돈화시 동모산을 중심으로 나라를 세웠다(698). 이것이 곧
발해이다. 그리하여 남쪽의 신라, 북쪽의 발해가 함께 발전한 남북국의 형세를 이루게 되었다.

발해의 영역에는 고구려인 이외에, 원래 고구려 지배하에 있던 말갈족이 다수 거주하고 있었다. 이로써 발해의 주민은 지배층을 형성한 고구려인과
피지배층의 말갈족으로 구성되게 되었다. 발해가 외국에 파견한 사신에는 고씨들이 많았는데, 이들은 고구려계의 인물이다. 또, 피지배층인 말갈인
중에서 지배층으로 상승한 경우도 있었다.

그러나 발해는 고구려인을 주축으로 성립된 나라였던만큼, 고구려 계승 의식이 분명하였다. 이 점은 발해가 일본에 보낸 외교 문서에서도 확실하게
나타나 있다.

발해의 발전

발해는 건국 이후, 체제가 정비되고 국력이 신장되면서 만주의 대부분과 연해주에 걸치는 넓은 영토를 확보하였다. 특히, 무왕 때에는 동쪽의
여러 부족을 복속시키고 당과 대결하면서 영토를 확장하여 국가 기반을 확실히 하였다. 당시의 발해 형세에 대하여 중국의 역사책에서는 “동북
지방의 여러 종족들이 두려워 복종하였다.”고 묘사하고 있다.

발해는 초기에 당과의 대결을 통한 영역의 확보에 주력하였지만, 문왕 때에는 대대적으로 지배 체제를 정비하였다. 또, 당과 친교 관계를
유지하고 중국 문화를 수입하여 문화를 크게 발전시켰다. 수도를 중경에서 상경으로 이동한 것도 지배 체제의 정비, 발전과 관련이 있다.

발해의 상경 용천부 터(중국 흑룡강성 영안현)  

9세기에 이르러 발해는 크게 융성하였다. 이 무렵, 발해는 북쪽에 있는 여러 부족을 병합하여 그 영토를 더욱 확장시켰고, 광대한 영토를
효과적으로 통치하기 위하여 지방 행정 조직을 정비하였다. 이로 인하여 발해는 해동 성국이라는 칭호를 듣기에 이르렀다.

발해의 영역  

발해의 역사에서 주목되는 것은 인안, 대흥 등 독자적인 연호를 사용하였다는 점이다. 독자적인 연호의 사용은 대외적으로는 중국과 대등한 지위를
나타낸 것이며, 대내적으로는 왕권의 강대함을 표현하는 것이기도 하였다.

그리고 관료 조직의 성격 및 왕위 계승에서 장자 상속제가 확립되어 있었던 사실과 관련하여 볼 때, 발해 역시 신라와 마찬가지로 왕권의
전제화가 이루어졌던 것으로 보인다.

발해의 대외 관계

고구려를 계승한 발해는, 처음에는 당과의 무력 대결을 피할 수 없었다.

8세기 초에 발해가 국력을 떨치며 영토를 확장하자, 이에 불안을 느낀 당은 흑수부 말갈족을 이용하려 하였다. 그리하여 발해는 흑수부를 치는
한편, 장문휴로 하여금 수군을 이끌고 산둥 지방을 공격하게 하였다. 이로 인하여 발해는 당과 신라의 공격을 양면으로 받았지만, 이를
격퇴하면서 국가적 발전을 이룩하였다.

발해와 당의 적대 관계는 8세기 후반 이후 친선 관계로 바뀌었고, 이후 발해는 당에 사신을 자주 파견하였으며, 많은 유학생들이 당의 빈공과에
합격하기도 하였다. 그리하여 당의 문물이 수입되고, 무역도 매우 활발해졌다.

발해는 당, 신라의 협공으로 인한 고립을 탈피하기 위하여 일본과는 우호적인 관계를 유지하였으나, 신라와는 대체로 원만한 관계를 유지하지
못하였다.

발해와 신라의 대립 관계는 당을 사이에 두고 문화적인 우월 경쟁으로 나타난 것이지만, 당의 견제 정책에 의하여 이 같은 상황은 더욱
조장되었다. 즉, 당에 간 발해와 신라의 사신이 서로 상석에 앉기를 다투거나, 빈공과의 합격자 서열을 문제삼음으로써, 두 나라 간의 경쟁은
격화되기도 하였다.

그러나 때에 따라서 발해와 신라는 사신을 교환하였고, 무역을 하였으며, 발해가 국내외적으로 어려움에 처하였을 때에는 신라에 도움을 청하기도
하였다. 발해에서 신라로 왕래하던 신라도는 두 나라 사이에 교류가 계속되고 있었음을 알려 준다.

이와 같이, 만주 지역에서 그 세력을 크게 떨치고 있던 발해는 10세기 초에 국력이 약화되면서 거란족에게 멸망되었다(926). 이 때 발해의
왕자인 대광현 등이 무리를 이끌고 고려로 들어왔으며, 고구려 계통의 유민들은 대개 고려로 흡수되었다.

 (5) 통치 조직의 정비

삼국의 정치 조직

중앙 집권 국가로서의 삼국은, 국왕을 중심으로 하여 일원적인 통치 체계를 갖추면서, 정복한 영토를 행정 구역으로 편제하여 다스렸다.

삼국의 정치 조직에 있어서 기본이 된 것은, 지위의 높낮이를 나타내는 관등 조직이었다. 시기에 따라 차이는 있으나, 고구려는 대대로 이하
10여 관등, 백제는 좌평 이하 16관등, 신라는 이벌찬 이하 17관등으로 조직되어 있었으며, 관등에 따라 옷의 색깔을 달리하기도 하였다.
이러한 관등제의 성립은 종래의 출신 부족을 대표하는 족장적 성격을 띤 다양한 세력 집단이 왕을 정점으로 하여, 그 상하 관계가 하나의 체계로
질서 있게 조직된 모습을 보여 주는 것이다.

고구려의 중앙 관제는 대대로가 수상으로서 국사를 총괄하였고, 백제는 6좌평제에 의해 행정 업무가 6개 부서로 나누어져 있었는데, 사비 천도
이후 새로 22부의 중앙 관서를 더 설치하였다. 신라는 국가의 발전 과정에서 필요에 따라 기구를 설치해 나갔는데, 병부, 창부를 비롯하여
위화부, 집사부 등을 두었다. 그리고 행정 업무를 담당하는 중앙 관서 이외에 귀족 세력을 대표하는 상대등이 있어, 귀족 회의를 주관하면서
왕권을 견제하는 기능을 가졌다.

삼국 시대에는 왕권의 성장에도 불구하고 여전히 귀족들 간의 합의제가 존재하였다. 고구려의 제가 회의, 백제의 정사암 회의, 신라의 화백
회의가 이를 보여 주는 것이다.

특히, 신라의 화백은 상대등을 의장으로 하는 귀족들의 회의 기구로서, 국가의 중대사를 결정하였다.

또, 중대한 국사를 논할 때에는 4영지에서 회의를 하였는데, 이러한 합좌 제도가 있었음은 당시 삼국의 정치가 국왕 중심의 귀족 정치였음을
의미하는 것이다.

백제의 금제 관식(무령왕릉)  

남북국의 정치 조직

고대 사회의 정치 조직은 삼국 통일을 전후하여 왕권이 전제화되면서 한층 정비되었다.

통일 후, 신라는 정치 구조를 강력한 중앙 집권 체제로 재편하면서, 율령을 중시하였다. 특히, 집사부의 기능을 크게 강화하였는데, 집사부는
귀족적인 전통보다는 왕권의 지배를 받는 행정부의 성격을 가졌으며, 국가의 기밀 사무를 관장하였다.

그리하여 집사부를 중심으로 병부, 창부, 예작부 등 14개의 관청으로 정비되어 행정 업무가 분담되었다. 전제 왕권의 확립에 따라 귀족 세력을
대표하는 상대등은 세력이 약화되어 간 반면, 왕권을 대변하는 집사부의 시중은 그 지위가 더욱 강화되었다. 이와 같은 행정 체제는 신라의
독자적인 성격을 나타내는 것이다.

한편, 백제와 고구려의 옛 관리 중의 일부는 신라의 지배 체제 안에 흡수되었다. 그리고 왕권 강화와 정치 조직의 정비에 발맞추어, 유교 정치
이념이 적극적으로 수용되었다. 신문왕 때에 교육 기관으로서 국학이 설립된 것은 바로 유교 정치 이념을 바탕으로 한 인재 양성을 꾀한 것이라고
하겠다.

그러나 8세기 후반에는 전제 왕권이 진골 귀족 세력에 의하여 제약을 받으면서, 관청과 행정 구역의 이름을 중국식으로 고치는 개혁이
이루어졌다. 이것은 관료 조직을 재정비함으로써 집권력을 강화하려는 의도에서 나온 것이지만, 귀족 세력의 반발로 인하여 실패로 돌아갔다.

발해에서도 왕권이 전제화되면서 관료 조직이 정비되어 갔다. 발해의 중앙 관제는 정당성, 선조성, 중대성의 3성과, 충부, 인부, 의부,
지부, 예부, 신부의 6부를 골격으로 하였다.

그러나 발해의 3성은 당과는 달리, 정당성을 중심으로 운영되었다. 즉, 정당성 아래에 6부를 3부씩 나누어 각각 관리를 두어 통제하도록
하였다. 특히, 국가의 중대사는 귀족들이 정당성에 모여 회의를 통하여 결정하였다. 한편, 관리들의 비위를 감찰하는 기구로 중정대를 두었고,
최고 교육 기관으로 주자감을 두었다.

발해의 중앙 관제  

삼국의 지방 통치

삼국은 각기 중앙 집권적인 통치 조직을 마련하여 지방을 지배하였고, 이에 따라 행정 구역도 점차 정비하였다.

지방의 주요 거점이 되었던 성은 나중에 군(郡)으로 편성되었는데, 중앙에서 직접 관리를 파견하였다. 고구려의 5부, 백제의 5방, 신라의
5주는 이들 성을 통괄하는 큰 행정 구역이었다. 수도의 경우는 5부 혹은 6부의 행정 구역을 갖추었고, 고구려의 3경, 백제의 담로, 신라의
소경과 같은 특수 행정 구역이 지방에 설치되었다.

남북국의 지방 통치

신라는 통일 이후 지방 제도를 전면적으로 재조정하였다. 그러나 제도의 성격 자체는 이전의 제도를 확대, 발전시킨 것으로서 그 기본은 주,
군, 현이었다. 그리하여 신문왕 때에는 9주 5소경의 지방 제도가 마련되었다.

확대된 신라의 영토는 9주로 나누어졌는데, 주에는 총관(뒤의 도독)이, 주 아래의 군현에는 태수와 현령이 각각 중앙에서 파견되었다. 그리고
주⋅군에는 감찰 임무를 가진 외사정을 둠으로써 중앙 집권적 통치 조직을 강화하였다.

5소경제 역시 통일 이전의 제도를 발전시킨 것인데, 옛 삼국의 위치를 고려하여 금관경, 서원경, 남원경, 북원경, 중원경을 설치하였다.
5소경은 수도가 지나치게 동남쪽에 치우쳐 있음으로써 나타나는 지방 통치의 어려움을 보완하기 위한 것이었다. 아울러 정복한 국가의 귀족들을
강제로 이주시켜 통제하고, 지방 사회에 문화를 보급하고자 한 것이었다.

신라의 9주 5소경  

지방 제도의 정비는 결국 신라가 새로 차지한 지역에 대한 통치 기반을 확대하기 위한 것이었으므로 반항 지역의 주민들에게는 특수한 역을
부과하여 향, 부곡으로 편입하였다. 그 밖에 지방의 세력가들을 통제하기 위한 필요에서 상수리 제도를 마련하기도 하였다.

한편, 발해의 지방 제도는 5경, 15부, 62주로 조직되었다. 즉, 수도인 상경을 비롯한 중경, 동경, 서경, 남경의 5경을 두어 행정의
원활을 기하였다.

지방 행정의 중심은 15부였으며, 62주가 그 밑에 편성되어 있었다. 부에는 도독, 그리고 주에는 자사를 파견하였으며, 주 밑에는 현을
두었다. 이들 지역에 파견되는 지방관은 고구려인으로 임명하였으나, 지방 조직의 말단인 촌락의 촌장은 말갈인으로 임명하였다.

군사 조직

고대 사회에서 군사 조직은 왕권을 강화하고 정복 전쟁을 수행하는 데 필수적이었다. 그리하여 삼국은 일찍부터 군사 조직을 정비하는 데 힘썼다.

삼국 시대의 군사 제도는 지방 조직과 매우 밀접한 연관을 가지며, 아울러 국왕이 군사 지휘권을 가지고 직접 군대를 이끌었던 점이 특징이었다.
특히, 지방 장관은 해당 지역의 행정과 군사를 동시에 관할함으로써 삼국은 국가 전체가 하나의 군사 조직과 같은 느낌을 주었다.

신라가 삼국을 통일하기 이전에 있었던 중요한 군사 조직은 6정으로 편성되어 있었는데, 그들은 부족적인 전통을 가졌으며, 이 밖에 모병으로
구성된 서당이 있었다. 군사 조직 역시 통일 이후 전면적으로 재정비되었다. 즉, 통일 후 신라는 지방의 9주에 각 1정의 군 부대를
배치하였다. 그러나 북쪽의 한주(한산주)만은 지역의 특성을 고려하여 2개의 정을 두었기 때문에, 10정의 부대가 지방에 분산, 주둔하였던
셈이다. 중앙군 조직인 서당은 신문왕 때 9서당으로 완성되었는데, 고구려인, 백제인은 물론 말갈족까지 포함시켜 편성하였다.

발해는 군제를 10위로 조직하고, 각 위마다 대장군과 장군을 두어 통솔하게 하였다. 지방군은 농병 일치의 군사 조직이 촌락 단위로 조직되어
있었다. 이들 중앙 집권 국가의 정비된 군사 조직은 전제 왕권의 확립과 중앙 집권적 지방 통치를 위한 중요한 기반이 되었다.

 3. 고대의 사회와 경제

   (1) 고대의 사회 체제
   (2) 고대의 경제 생활

개요

삼국 시대는 새로운 문화를 창조하고자 하는 우리 조상들의 힘이 여러 모로 발휘되던 시대였다. 삼국 시대의 사람들은 신라의 세속 5계와 임신
서기석에서 볼 수 있듯이 사회 윤리와 명예를 중시하였다. 이와 같은 정신이 있었으므로, 거센 외세의 침입을 물리칠 수 있었을 뿐 아니라 사회
체제를 정비하면서 민족의 통일을 이룩할 수 있었다.

삼국 시대에는 계층상의 차이가 뚜렷하여, 개인의 능력보다는 친족의 사회적 지위가 중시된, 귀족 중심의 엄격한 신분제 사회를 이루었다. 이
시대에는 농업을 비롯하여 목축업, 어업, 수공업 등이 상당히 발달하였다.

한편, 통일 이후 기술학의 발달과 함께 경제 생활의 진전이 있어, 중국, 일본은 물론 이슬람 세계에까지 교역이 확대되었다. 또, 산업이
발달하고 사회가 분화되어 가면서 사회 활동도 다양해져 갔다.

◇ 연구 과제 ◇

1\. 삼국 사회의 공통점과 차이점은 무엇인가?

2\. 통일 이후 신라 사회에서 나타난 변화와 발전은 어떠하였는가?

3\. 발해 사회의 신분 구조는 어떠한 특색을 가졌는가?

4\. 삼국 및 남북국 시대의 경제 구조는 어떠하였는가?

5\. 고대 사회에서 각국의 대외 무역 활동은 어떻게 전개되었는가?

 (1) 고대의 사회 체제

고구려 사회

고구려는 왕족인 고씨와 5부 출신의 귀족들이 지배 계층으로서 연합하여 정치를 주도하였다. 귀족 계층인 족장이나 성주들은 모두 자기들의 병력을
거느리고 있었으나, 이것을 국가에서 동원할 때에는 대모달, 말객 등의 군관으로 하여금 지휘하게 하였다.

일반 백성은 대체로 농민들로서 자영 농민이 많았으나, 토지를 잃고 몰락한 농민들도 있었다. 그리하여 가난한 농민을 구제하기 위한 시책으로서
춘궁기에 곡식을 빌려 주었다가 추수한 뒤에 갚게 하는 진대법을 마련하기도 하였다.

한편, 통치 질서와 사회 기강을 확립하기 위해 율령을 제정하였는데, 반역자는 화형이나 참형에 처하고, 살인자나 전쟁에 패한 자도 사형에
처하였으며, 남의 물건을 훔친 자는 12배로 물게 하고, 소와 말을 죽인 자는 노비로 삼았다.

백제 사회

백제의 지배층은 왕족인 부여씨와 8성의 귀족으로 이루어졌다. 백제의 경우도 일반 백성은 대부분이 농민이었으며, 그 밖에 천민이나 노비도 다수
존재하였다.

또, 귀족들은 엄한 율령을 제정하여 사회 체제를 유지하였는데, 살인자, 반역자, 전쟁에서 패한 자는 모두 사형에 처하였고, 간음한 자는
노비로 삼았으며, 남의 물건을 훔친 자는 유형에 처하는 한편, 훔친 물건의 2배를 물게 하였다.

신라 사회

신라는 중앙 집권 국가로 발전하는 과정에서 김씨 왕족이 왕위를 세습하였다. 김씨 왕족은 왕권을 강화하변서 폐쇄적 신분 제도인 골품 제도를
마련하여 통치 기반을 구축하였다.

골품 제도는 각 족장 세력을 통합, 편제한 것이었는데, 그 세력의 크기에 따라 4, 5, 6두품의 신분을 주었으며, 진골, 성골은
왕족이었다. 무열왕 이후로는 성골 출신의 왕이 없어지고, 진골에서 왕이 나오게 되었다.

이와 같은 골품은, 개인 신분뿐만 아니라 그 친족의 등급도 표시하는 것이 되어, 골품에 따라 거주하는 가옥은 물론 복색이나 수레까지 제한되어
있었다. 따라서, 신라인들의 사회 활동과 정치 활동의 범위는 골품에 따라 결정되었다. 특히, 신라의 관등 조직은 골품 제도와 관련을 맺으면서
편성되었다.

골품과 관등표  

신라 사회는 씨족 사회의 전통을 계승, 발전시켰다. 화백과 화랑도가 그 구체적인 예이다.

화백이란, 한 집단 안에서 회의할 때에 한 사람의 반대자도 없이 모든 사람이 찬성을 해야 결정하는 만장 일치의 제도였다. 이 제도는 각
집단의 부정을 막고, 그 집단의 단결을 강화하는 구실을 하였을 뿐 아니라, 귀족 세력과 왕권 사이에 권력을 조절하는 기능도 가졌다.

한편, 화랑도의 기원은 옛 씨족 사회의 청소년 집단에서 비롯되었다. 이 조직은 사회의 중견 인물을 양성하는 교육적인 기능을 가졌지만, 또
계급 간의 대립과 갈등을 조절, 완화하는 기능도 가지고 있었다. 이들에게는 일상 생활의 규범을 비롯하여 옛 전통에 관한 지식을 가르쳤으며,
각종 제전 및 의식에 관한 훈련을 쌓게 하고, 수렵이나 전쟁에 대한 것도 익히게 하였다. 이러한 교육을 통해서 화랑도는 협동과 단결의 정신을
기르고, 강인한 체력을 연마하였다.

화랑도는 신라가 한창 팽창하던 진흥왕 때에 국가적 조직으로 확대되어 그 훈련이 더욱 강화되었으며, 그러한 훈련을 받은 청소년들은 스스로
나라의 일꾼으로 자처하였다. 이러한 청소년들에게 원광은 세속 5계(世俗五戒)를 가르쳐 높은 의기를 권장하였다.

통일 신라 사회

신라는 삼국을 통일함으로써 새로운 사회의 발전을 가져왔다. 그리하여 우리 민족은 하나의 통일된 정부를 세워서 뭉치게 되었고, 단일한 민족
문화와 사회를 이룰 수 있게 되었다. 이와 같이, 통일 이후에 단일한 사회와 문화를 이룰 수 있었던 것은, 삼국 사회가 혈연적 동질성과
문화적 공통성을 많이 지녔기 때문이다. 통일 신라는 확장된 영토와 늘어난 인구를 다스리게 됨으로써 국가의 경제력도 그만큼 증가하게 되었다.

신라 중대에는 왕권이 전제화되었으며, 왕위는 원래 성골이 차지하였으나, 진덕 여왕을 끝으로 진골에게로 넘어갔다. 진골 귀족은 지배층의 핵심을
형성하고 있었지만, 같은 진골 안에서도 김씨가 정치 권력을 거의 독점하였다.

한편, 6두품 귀족의 세력도 상대적으로 부각되었다. 그들은 진골 귀족에 대항하여 왕권과 결탁하기도 하였다. 그리하여 6두품 귀족은 신분적인
제약에도 불구하고 학문적 또는 종교적 식견에 의하여 국왕의 정치적 조언자가 되었고, 실제로 집사부 시랑 등의 관직을 맡으면서 정치적 진출을
활발히 하였다.

그러나 신라 하대에 이르러 6두품 귀족은 중앙 권력에서 점차 배제되어 호족과 연결되었다. 그들은 합리적인 유교 이념을 내세우면서 국가 체제
내에서 개혁을 시도하였지만, 그것이 거부되자 점차 반신라적인 태도를 취하게 되었다.

한편, 호족은 교종의 권위에 도전한 선종의 등장에 주된 역할을 하였는가 하면, 풍수 지리설의 수용에도 적극적이었다. 또, 호족은 광대한
토지와 백성을 지배하였는데, 지방의 징세권과 군사권을 장악함으로써 지방 분권적인 현상이 나타났다.

특히, 호족은 새로운 관료제를 만들어 백성들을 통치하기 위한 제도적 기반을 공고히 하였다. 아울러 지방에 학교를 설치하여 학문을 지방에
확산시켰으며, 신라 말의 혼란한 사회를 극복하고 고려 왕조의 건설에 주동적인 역할을 하였다.

발해 사회

발해는 고구려의 유민들이 건설한 국가였으므로, 그 지배층은 왕족인 대씨를 비롯하여 귀족인 고씨 등의 고구려계 사람들로 구성되었으며,
피지배층은 대체로 말갈인이었다. 물론, 말갈인들 중의 일부는 지배층에 편입되는 경우도 있었지만, 대부분은 촌락에 거주하는 농민들이었다.
한편, 이들 중의 일부는 노비로 전락하여 귀족에게 예속되기도 하였다.

이와 같이, 발해는 상층 사회를 중심으로 당의 제도를 받아들여 지배 체제를 이루어 놓았지만, 한편으로는 전통적인 말갈 사회의 내부 조직을
그대로 보존하고 있었다.

 (2) 고대의 경제 생활

삼국의 경제 생활

고대 사회에서 경제 생활의 중심은 농업이었기 때문에 토지에 대한 관심이 높았다. 삼국 시대에 왕권을 중심으로 한 중앙 집권적인 귀족 정치가
성립됨에 따라, 모든 국토는 왕토라는 사상이 나오게 되었다. 그렇다고 백성 개인에게 속한 토지가 없는 것은 아니었다. 이를테면, 평민인 자영
농민들은 자기의 토지를 가지고 있었다.

한편, 전쟁에 공이 있는 장군이나 귀족들에게는 녹읍의 명목으로 많은 토지를 주었고, 그 결과 귀족들이 사적으로 지배하는 토지와 노비가
증가하였다. 그러나 경제 생활이 귀족 중심으로 편제되면서 농민들은 국가나 귀족으로부터 수취의 대상이 되었다.

그리하여 고구려의 농민들은 집집마다 조로 곡식을 바치고, 개인은 인두세로 베나 곡식을 바쳤으며, 또한 백제의 농민들도 조로 쌀을 바치고,
세로 쌀, 명주, 베 등을 바쳤다. 그 밖에도 일정 기간 동안 군역의 의무를 지거나 제방을 쌓는 등의 부역에 동원되었다.

또, 삼국 사회에서는 고리대업도 성하였는데, 고리로 꾸어 쓰고 만약 이를 갚지 못하면 노비가 되었다.

철제 화덕(평북 운산 용호동 1호 고분)  

남북국의 경제 생활

경제 생활은 통일을 전후하여 보다 더 귀족 중심으로 이루어져 갔다. 통일 후 신라의 귀족들은 녹읍을 소유하고, 그 곳에 사는 백성들에게서
조세와 공물을 징수하며, 노동력을 마음대로 징발하였다. 그리고 섬이나 산간에 목장을 가지고 가축을 사육하는 한편, 고리대업을 하였다.

국가는 이러한 귀족 세력을 누르기 위하여 관리에게 관료전이라는 토지를 주는 한편, 귀속들의 녹읍을 폐지하였다. 그리고 일반 백성에게도 정전을
주어 경작하게 하고, 국가에 조를 바치게 하였다.

그러나 귀족들의 반발로 녹읍제가 부활되었고, 사원의 면세 토지가 날로 증가하여 국가 경제가 위태롭게 되었다. 그리고 왕족과 귀족들은 경주에
호화 주택과 별장을 짓고 향락 생활을 즐겼는데, 포석정, 안압지 등은 귀족들의 사치했던 모습을 보여 주고 있다. 그리하여 점차 전날의 굳건한
기상은 사라지고 사회가 동요되어 갔다.

안압지(경북 경주)  

한편, 농업이나 목축업뿐만 아니라 수공업도 성하여, 견직물, 마직물의 방직 기술과 금⋅은 세공, 나전 칠기 등의 공예품 제조 기술이
발달하였다. 또, 상업도 발달하여 경주에는 통일 이전에 설치된 동시 외에 서시, 남시가 설치되어 크게 번성하였다.

지방의 농민들은 대략 10호 가량의 혈연 집단이 거주하는 자연 촌락인 촌에 편입되어 있었다. 촌은 말단 행정 구역이었으며, 농민들은 몇 개의
촌을 관할하는 촌주를 통하여 국가의 지배를 받고 있었다.

통일 후에는 노동력과 생산 자원이 보다 철저하게 편제되어 관리되었다. 통일 신라의 한 민정 문서를 보면, 남녀별, 연령별의 정확한 인구와
소, 말, 뽕나무, 호두나무, 잣나무 등의 수를 3년마다 한 번씩 통계를 내고 있었음을 알 수 있다.

통일 신라의 민정 문서  

평민 이외에 향⋅부곡민 및 노비의 노동력도 철저하게 동원되었다. 특히, 귀족의 근거지인 경주에는 많은 노비가 있었다.

한편, 북쪽의 발해 사회는 9세기에 이르러 농업, 어업, 수공업 등 산업이 크게 발달하였다. 생산 활동에서 기본이 된 것은 역시
농업이었는데, 기후가 찬 관계로 논농사보다는 밭농사를 주로 하여 콩, 조 같은 곡물이 더 많이 재배되었다. 그러나 철제 농기구가 널리
사용되고 수리 시설이 확충되면서 점차로 재배하는 곡물의 수가 많아졌고 벼농사도 이루어졌다.

발해에서는 수공업도 발전하였다. 그 중에서도 제철업이 발달하여 금속 가공업이 성행하였고, 방직업이나 목재, 피혁의 가공업도 발전하였다.

그 밖에, 목축이나 수렵 등도 발해인의 경제 생활에서 중요한 위치를 차지하였다. 특히, 솔빈부에서는 명마가 많이 생산되었으며, 돼지나 소도
사육되었다. 아울러 모피, 녹용, 사향 등이 생산되었으며, 옷감으로는 짐승의 털가죽이나 베, 비단이 사용되었다.

또, 어업이 발달하였는데, 고기잡이 도구가 개량되어 그물을 사용하였을 뿐 아니라 먼 바다에 나가서 고래를 잡기도 하였다.

대외 무역의 발달

삼국 시대에는 농업, 목축업, 어업, 수공업이 발달하여 전시대보다 생활이 향상되었다. 상업도 발달하여 수도에는 시장이 서 촌락 공동체 중심의
자급 자족 경제에서 벗어나 지방 특산물이 매매되었고, 이것이 외국에까지 수출되었다.

삼국의 국제 무역은 4세기 이후 크게 발달하였다. 고구려는 주로 남⋅북 중국 및 유목민인 북방 민족들과 무역을 하였고, 백제는 남중국 및
일본과 무역을 활발히 하면서 경제가 크게 발달하였다. 신라는 한강 하류 지역을 확보하면서부터 중국과 자유로이 무역을 할 수 있었다.

당시, 삼국의 수출품으로는 마직물, 금⋅은 세공품과 주옥, 인삼, 모피류 등이 있었고, 수입품으로는 주로 귀족 생활과 관련이 있는 비단과
장식품, 책, 약재 등이 있었다. 한편, 일본과의 무역도 크게 성하여, 삼국의 앞선 문물이 일본에 전해졌다.

통일 후, 무역 활동은 보다 활발히 전개되었다. 특히, 당과의 관계가 긴밀해지면서 무역이 번성하였다. 당시 대당 수출품은 베, 해표피,
인삼, 금⋅은 세공품 등이었고, 수입품은 비단과 책 및 귀족들이 필요로 하는 사치품들이었다.

당으로 가는 해로는 지금의 전남 영암에서 상하이 방면으로 가는 길과 경기도 남양만에서 산둥 반도로 가는 길이 있었다. 한편, 경주에서 가까운
국제 무역항인 울산에는 이슬람 상인까지 내왕하게 되었으며, 이 때 당의 산물뿐만 아니라 서역의 상품들도 수입되었다.

그리고 신라인이 자주 당에 드나들면서 산둥 반도와 양쯔 강 하류 일대에 신라인들의 거주지인 신라방이 생기게 되었고, 신라소, 신라관,
신라원이 세워졌다. 반면, 신라의 삼국 통일로 말미암아 일본은 신라를 경계하게 되었고, 신라도 일본에 있는 고구려, 백제계 사람들의 동향을
우려하여 경계를 엄히 하게 됨에 따라, 일본과의 경제적 교류는 그전처럼 자유롭지 못하게 되었다. 그러나 8세기에 이르러 정치가 안정되면서 두
나라의 교류는 다시 활발해졌다.

특히, 장보고는 지금의 완도에 청해진을 설치하고 해적들을 소탕한 후, 남해와 황해의 해상 교통을 지배하여 당, 일본과의 무역을 독점하였을 뿐
아니라, 커다란 정치 세력으로까지 성장하였다. 그 밖의 지역에서도 해상 세력이 커 가고 있었다.

발해에서는 상업이 크게 흥하였던 것은 아니었으나, 시장이 곳곳에 개설되었다.

한편, 발해도 당과의 평화 관계가 성립되면서 무역이 활발하였다. 특히, 외교 사절의 왕래와 무역이 빈번해지면서 당의 덩저우에는 발해관이
설치되었으며, 거기에 발해의 교관선이 자주 왕래하였다. 또, 왕실이나 귀족 위주의 공무역이 행해졌으나, 민간 무역도 이루어졌다.

발해의 수출품은 주로 모피, 인삼, 말, 금, 은 등의 토산물이었지만, 그 밖에 불상, 유리잔 등의 공예품도 있었다. 발해는 당으로부터 주로
비단, 책 등을 수입하였는데, 이것들은 대개 귀족의 수요에 충당되었다.

또, 발해는 일본과도 무역 관계를 맺어 동해의 해로를 개척하였는데, 당시 발해와 일본의 무역 규모는 매우 컸으며, 한 번에 수백 명이 넘는
발해인이 일본으로 가서 교역 활동을 하기도 하였다.

통일 신라와 발해의 무역 활동도

 4. 고대 문화의 발달

   (1) 고대 문화의 성격
   (2) 사상의 발달
   (3) 학문과 기술의 발달
   (4) 예술의 발달
   (5) 고대 문화의 일본 전파

개요

삼국 시대에는 불교의 영향으로 문화의 폭이 넓어졌고, 국민 사상이 통합되어 국력을 강화할 수 있었다. 나아가 삼국인은 시가나 음악뿐만 아니라
고분 건축을 통해 새로운 예술의 세계를 열어 나갔다.

통일 신라는 삼국 문화를 종합하는 한편, 당 및 인도나 이슬람과의 교류를 넓혀 감으로써 보다 넓은 기반 위에서 새로운 민족 문화의 꽃을
피웠다. 그리고 지방 행정 조직이 발달하고, 각처의 사원들이 지방 문화의 중심이 됨에 따라, 지방 문화의 수준은 전반적으로 높아졌다. 이러한
특성을 가진 통일기 문화는 고대 문화의 완성으로서, 장차 새로운 문화를 발전시킬 수 있는 잠재력과 조건들을 갖추고 있었다.

발해는 고구려 문화의 기반 위에 당 문화를 받아들여 그 문화가 발달하였지만, 저변에는 소박한 말갈 문화가 남아 있는 독특한 문화를
이룩하였다.

◇ 연구 과제 ◇

1\. 삼국 및 남북국의 문화는 각기 어떠한 성격을 가졌는가?

2\. 삼국 및 남북국 예술의 특징은 어떠하였는가?

3\. 불교는 우리 나라 고대 사회의 발전에 어떻게 공헌하였는가?

4\. 삼국과 남북국의 고분은 각각 어떠한 구조적 특색을 가졌는가?

5\. 삼국의 고대 문화는 일본의 고대 문화 발달에 어떠한 영향을 주었는가?

 (1) 고대 문화의 성격

삼국 문화의 성격

고대 문화는 초기에는 소박한 옛 전통이 많이 나타나 있었으나, 통일기를 전후해서는 여러 갈래의 문화를 수용, 종합하여 고도의 세련미를 보여
주었다. 삼국 시대의 설화나 노래, 그리고 음악 등에는 서민들의 전통적인 문화가 그대로 남아 있었다. 그러나 지배층 사회에서는 남북조 시대의
중국 문화의 영향을 받아 보다 세련되고 다채로운 귀족 문화가 등장하게 되었다. 이러한 변화에 중요한 구실을 한 것은 불교였다. 삼국에서는
불교 사원의 건축과 불상의 조각이 활발하게 이루어졌으며, 음악에서도 화려한 면이 새로 가미되었다.

한편, 삼국의 문화는 각각 그 특징이 있었다. 고구려는 중국과 대결하는 동안에 중국 문화에 대한 비판 능력을 가질 수 있었기 때문에, 외래
문화를 보다 개성 있게 받아들였다. 그 결과, 고구려 예술에는 패기와 정열이 넘치고 있다.

강서 우현리 고분 벽화(청룡도)  

백제는 중국 문화의 수입과 전달에 큰 활약을 하면서 세련된 문화를 이룩하였다. 강이 많고 평야 지대에 위치한 백제는 문화의 교류가
활발하였다. 백제 예술은 귀족적 성격이 강하여 우아하고 미의식이 세련되었으나, 반면 지방의 토착 문화를 충분히 육성시키지는 못하였다.

신라는 그 문화에 소박한 옛 전통이 남아 있었으나, 뒤에 고구려와 백제의 영향을 받아 문화적 기반을 넓혀 가면서, 조화미 속에 패기를 담을
수 있었다. 그리하여 일상 생활에 쓰였던 그릇 형태의 신라 토기나 토우에서와 같이 전통적인 소박한 모습을 그대로 담고 있는 미술품이 있는가
하면, 금동 미륵보살 반가 사유상과 같이 미의식이 뛰어난 미술품도 있다.

경주 배리 삼존불상(본존불상)  

이와 같이 삼국의 문화는 비록 각기 다른 특징을 가지고 있었지만, 서로 영향을 주고받았기 때문에 뒷날 민족 문화를 이루어 갈 수 있었다.

통일 신라 문화의 성격

삼국민은 본래 막연한 동족 의식을 가지고 있었는데, 나⋅당 전쟁을 치르면서 동족 의식이 보다 강화되었다. 또, 신라는 삼국을 통일한 뒤,
새로 확대된 사회⋅경제 기반 위에서 각기 개성을 가지면서 발전되어 온 고구려, 백제의 문화를 융합하고, 종래 신라 문화의 폭을 넓힘으로써
민족 문화의 토대를 마련하였다. 그리고 밖으로는 당 문화를 중심으로 한 국제 문화 조류에 직접 참여하여 한층 더 세련된 문화를 발전시켰다.

신라 중기의 예술은 주로 조형 미술이 중심이었으며, 대부분 종교 생활에서 나온 불교 미술을 중심으로 발달하였다. 통일 신라 때처럼 미술에
종교적인 정열을 쏟은 때는 일찍이 없었다. 이 시기의 예술 세계는 이상과 현실이 조화를 이루었으며, 통일과 균형의 미를 통하여 불국토의
이상을 실현하려는 의도를 보여 주고 있다.

이러한 통일기의 예술은 귀족 중심으로 발달하였는데, 진골 귀족뿐만 아니라 6두품 귀족들의 활동도 부각되었다. 그런가 하면 문화가 중앙에서
지방으로 확산되어 나갔다.

아울러 각 분야에 걸쳐 상층 문화만 발달한 것은 아니었다. 즉, 귀족 종교로 머물러 있던 불교가 일반 민간에까지 널리 퍼져 국민 생활 전반을
자극함으로써 민간 문화의 수준도 한층 높아졌다.

발해 문화의 성격

북쪽의 발해도 독특한 문화 기반을 지니고 있었다. 발해는 귀족 문화가 발달하여 수도인 상경은 만주 지역의 문화적 중심지가 되었다. 특히,
발해는 문왕 이후, 당 문화를 적극적으로 받아들여 문화를 더욱 발전시켰으며, 또 중앙 아시아 지역의 여러 민족과 교류함으로써 그 문화의
내용이 보다 풍부해졌다.

발해의 문화는 전통적인 고구려 문화의 토대 위에서 성립되었으므로, 온돌 장치나 미술 양식 등에서 고구려 문화의 색채를 뚜렷이 드러내고
있었다. 그러나 저변에 소박한 말갈 문화가 광범하게 깔려 있어서 그 문화 전반을 보다 높은 수준으로 끌어올리기에는 한계가 있었다.

 (2) 사상의 발달

원시 종교

삼국 시대에 들어와서도 민간에서는 천신, 일월신, 산신, 해신 등의 여러 신을 모시는 샤머니즘과 점술이 널리 퍼져 있었다. 왕실이나 지배
부족들은 조상의 영혼이 자신들과 밀접한 관계를 가지고 있는 것으로 믿었다. 그리하여 왕이나 족장은 시조에 대한 제사를 담당하면서 그 후계자의
지위를 누렸다.

그러나 사회는 이미 초부족적인 상태로 변하였으므로, 샤머니즘 등의 원시 종교를 가지고서는 확대된 사회를 이끌어 갈 수 없게 되었다. 이에
부족과 부족을 통합할 수 있는 이념을 가진 새로운 종교인 불교가 이를 대신하여 큰 세력을 얻게 되었다.

불교의 수용

불교는 삼국이 중앙 집권 국가로서의 체제가 정비될 무렵에 전래되었다. 고구려에서는 소수림왕 때에, 백제에서는 침류왕 때에 공인되었다. 그리고
신라에는 5세기 중엽에 전래되었으나, 법흥왕 때에 이르러 이차돈이 순교한 뒤부터 공인되었다.

삼국에서 불교를 받아들이는 데 선도적인 역할을 한 것은 왕실이었다. 따라서, 불교는 왕실과 귀족을 중심으로 발전하였다.

당시의 불교는 종교로서의 구실과 함께 서역과 중국의 문화를 우리 나라에 전달하여 고대 문화의 발달에 공헌하였다. 또, 인간 사회의 갈등이나
모순을 보다 높은 차원에서 해소하려 하였다. 아울러 하나의 불법에 귀의하는 같은 신도라는 신념은, 국왕을 받드는 같은 신민이라는 생각과 함께
중앙 집권화에 큰 역할을 하였다.

고구려에서는 공(空)에 대해 깊이 이해하려는 삼론종이 크게 발달하였고, 백제에서는 계율을 내세우는 율종이 발달하였다. 백제의 겸익은 성왕 때
인도에서 율종 관계의 불경을 가지고 돌아와서 번역까지 하였다. 한편, 백제는 6세기 중엽에 일본에 불교를 전해 주었으며, 많은 승려를 보내어
일본 불교의 기초를 닦아 주었다.

삼국의 불교 전래도  

또, 신라에서는 여러 왕이 불교식 이름을 가지기도 하였다. 진흥왕 때에는 고구려의 승려 혜량을 맞아 국통으로 삼고, 그 아래에 주통, 군통
등의 승관을 두어, 전국의 불교 교단을 관할하게 하였다. 그 뒤, 진평왕 때 원광은 불교를 크게 일으켰을 뿐만 아니라, 세속 5계를 정하여
청년들에게 가르치는 등 새로운 사회 윤리와 국가 정신을 확립하기에 힘썼다.

한편, 도교도 고구려와 백제의 귀족 사회에 전래되어 있었으며, 재래의 민간 신앙과 결합되어 번성하였다. 그리하여 고구려 보장왕 때 연개소문은
불교 세력을 누르기 위하여 도교를 장려하기도 하였으며, 보덕은 도교의 불로 장생 사상에 대항하기 위해 열반종을 개창하였다.

불교 사상의 발달

우리 나라에는 대승 불교와 소승 불교가 뒤섞여 들어왔지만, 대승 불교가 그 주류를 이루었고, 여러 종파로 나뉘어 사상적인 발전을 거듭하였다.
또, 삼국 시대의 불교는 토착 신앙을 포섭하면서 보급되었으므로, 뒷날까지 토착 신앙과 융합되어 샤머니즘적인 성격도 띠게 되었다.

신라인은 통일기에 들어와 불교에 대한 이해가 깊어지면서, 자기 종파적인 사상의 이해에 그쳤던 데에서 벗어나, 불교 사상 전반에 대한 종합적인
이해 체계를 세웠다. 아울러, 신라 사회에서는 대중 불교의 성격이 나타나면서 그 종교 기반이 확대되었다. 원효는 금강삼매경론, 대승기신론소와
같은 명저를 남겨 불교를 이해하는 기준을 확립하였으며, 화쟁(和諍) 사상을 주장하여 여러 종파를 융합하려 하였다.

한편, 원효와 같은 시대의 의상은 신라 화엄종을 창설하였는데, 그의 저술인 화엄일승법계도는 간략하면서도 화엄 사상의 요체를 제시해 주는
것으로 중국과는 다른 독특한 불교 사상을 발전시켰다. 특히, 하나 속에 우주의 만물을 아우르려는 의상의 화엄 사상은 전제 정치를 뒷받침하는
것으로 이해되기도 한다.

또, 원측은 당에 들어가 유식(唯識) 불교의 깊은 뜻을 깨달아, 당의 수도에 있는 서명사에서 자기 학설을 강의하였는데, 그는 현장의 사상을
계승한 규기와 논쟁하면서 교리 이해의 우월성을 보여 주었다.

통일 신라 시대에 불교는 철학 체계를 갖추면서 논리적으로 발달해 감과 동시에 대중 불교로 나아가고 있었는데, 불교를 대중화시키는 데에는 정토
신앙이 크게 작용하였다. 당시의 정토 신앙으로는 죽고 난 후 극락 세계에 왕생하기를 비는 것이 있었는가 하면, 이와는 달리 산 몸으로 극락
세계에 왕생하기를 바라는 것도 있어 서민들에게 크게 환영을 받았다.

한편, 불교 연구를 위하여 인도에 가는 승려가 많았다. 그 중의 한 사람인 혜초는 당에서 바닷길로 인도에 들어가 각지를 두루 순례하고
돌아왔다. 이 때의 기행문인 왕오천축국전의 일부가 지금까지 남아 있어서, 인도와 서역 지방의 역사 연구에 귀중한 자료가 되고 있다.

신라 중엽 이후, 귀족 문화의 발달이 절정에 달하면서 지배층의 생활은 사치스러워졌다. 이러한 경향은 말기로 내려오면서 점차 향락적인 방향으로
흘렀다. 이에, 퇴폐적인 것에 반발하는 은둔적인 사상 경향이 생겨, 도교와 노장 사상이 널리 퍼졌다.

선종의 등장

선종은 통일 전후에 전래되었으나, 교종에 눌려 빛을 보지 못하다가 신라 말기에 교종의 전통과 권위에 대항하면서 크게 유행하였다. 그러나 신라
말기에도 화엄종의 대가들이 활동하고 있었고, 선승들도 처음에는 대체로 화엄 사상을 습득하고 있었다.

선종은 교종의 기성 사상 체계에 의존하지 않고, 스스로 사색하여 진리를 깨닫는 것을 중시하고, 개인적인 정신 세계를 찾는 경향이 강하였다.
이에 선종은 지방에서 독자의 세력을 구축하려는 호족의 취향에 어울렸을 뿐 아니라, 새로운 시대의 정신적 기반이 되었다. 그리하여 선종의 각
파들은 지방의 호족 세력과 관계를 가지면서 각 지방에 본거지를 두고 여러 종파를 이루었는데, 그 중에서 유력한 것이 9산이었다.

원래, 선종은 중국에서 새로운 문화 운동의 하나로 성립된 종파였던 까닭에, 신라인으로 하여금 그만큼 중국 문화에 대한 이해의 폭을 넓혀
주었으며, 많은 도당 유학생들의 반신라적 움직임과 결부되어 고려 왕조의 개창에 사상적 바탕이 되었다.

대안사 적인선사 부도(전남 곡성)  

발해의 불교

발해에서도 불교가 융성하여, 수도였던 상경에서 10여 개의 절터가 발견되었으며, 또 불상, 석등, 연화무늬 와당 등 불교 관계의 유물이 많이
출토되었다.

발해의 석등(중국 흑룡강성 영안현)  

발해의 불교는 고구려의 불교를 계승하여 왕실이나 귀족 중심으로 신봉되었다. 발해의 명승인 정소는 불법을 널리 선양하였고, 당과 일본에도
왕래하여 이름을 떨쳤다.

 (3) 학문과 기술의 발달

삼국의 학문과 기술

삼국 시대에는 우수한 문화를 배경으로 한 중국의 한자와 그 문학이 들어와 있었으므로 대부분이 한자를 썼다. 그러나 다른 한편으로는, 삼국
시대의 지명 등을 보면, 한자의 뜻과 음을 따서 만든 이두로써 우리말을 기록하고 있는데, 이러한 방식의 기록은 삼국 시대에 널리 행해졌으며,
일본에까지 영향을 주었다.

고구려는 일찍부터 한자를 사용하고, 태학을 세워 한학을 가르쳤기 때문에, 지식층에서는 경서와 역사서가 읽혀졌다. 또, 각처에 경당을 세워
청소년에게 한학과 무술을 가르쳤다. 특히, 광개토 대왕릉 비문과 중원 고구려 비문은 고구려의 문화 수준을 엿보게 한다.

백제에서도 일찍부터 한학이 발달하여 5경 박사와 의박사, 역박사가 있었으며, 한학의 수준이 매우 높았다. 백제가 북위에 보낸 국서는 매우
세련된 문장으로서 당시의 국제 정세를 꿰뚫어 보고 있으며, 아울러 사택지적 비문에는 노장 사상이 나타나 있다.

사택지적 비문(탑본)  

신라에서도 한학이 널리 연구되었다. 임신 서기석에는 신라의 청년들이 유교 경전을 공부했던 사실이 기록되어 있다.

한편, 삼국의 정치⋅사회적 발전과 한학의 발달은 역사서의 편찬 사업을 일으키게 하였다. 고구려에서는 일찍부터 역사서가 편찬되어 유기가
있었는데, 이것을 이문진이 간추려 신집을 편찬하였다. 그리고 백제에서는 고흥이 서기를, 신라에서는 거칠부가 국사를 편찬하였다. 이와 같은
역사의 편찬이 백제의 근초고왕이나 신라의 진흥왕 때와 같이 국력이 크게 번성하던 때에 있었던 것이 주목된다.

한학이 널리 보급되면서 역법, 의학 등 과학 부문의 연구도 활발하였고, 공예, 건축 등 기술 부문에서도 상당한 발달을 보였다.

또, 삼국은 모두 농업에 기본을 두고 있어서, 이와 밀접한 관계가 있는 천문학이 발달하였다. 첨성대는 현존하는 세계 최고의 천문대이며,
물리학적 지식까지 응용하여 축조되었다. 또, 사원의 경우, 법당과 탑을 적절히 배치하는 등 건축에는 기하학의 원리를 도입하였으며, 역법에는
수학을 응용하였다.

한편, 금, 은, 구리의 세공 및 도금 기술은 신라의 금관이나 백제의 칠지도에서 볼 수 있듯이 높은 수준에 도달하였으며, 유리로 된 구슬과
그릇이 발견되는 것으로 보아 유리를 만들어 썼음을 알 수 있다.

유리병(경주 황남 대총)  

통일 신라의 학술

한학에 있어서는, 통일 초의 문장가로 강수를 들 수 있다. 그 뒤의 설총은 경서에 조예가 깊었고, 이두를 정리하여 한문학 학습에 큰 도움을
주었다. 이들은 6두품 귀족 출신으로서 유교를 신봉하였으며, 도덕적 합리주의를 내세웠다. 특히, 설총은 화왕계를 지어 임금도 도덕을 엄격하게
지켜야 함을 주장하였다.

신문왕 때에는 국학을 설립하고 박사와 조교를 두어 유학을 가르쳤다. 신라 하대에 들어와서, 학문 성적에 따라 관리를 임명하자는 새로운 원칙을
세워, 원성왕 때에 성적에 따라 관리를 채용하는 독서 삼품과를 마련하였다(788). 이 제도는 골품 제도로 말미암아 기능을 제대로 발휘하지는
못하였으나, 학문을 보다 널리 보급시키는 데에 커다란 구실을 하였다.

한편, 성덕왕 때에 진골 귀족 출신인 김대문은 화랑세기, 고승전, 한산기 등을 저술하였으며, 신라의 문화를 주체적으로 인식하려는 경향을 보여
주었다.

당에서 공부한 유학생으로 이름을 남긴 사람은 김운경, 최치원 등이었다. 그들은 골품 제도에서 오는 사회적, 정치적 모순을 점차 인식하게
되었다. 특히, 최치원은 진성 여왕 때 문란해진 정치를 바로잡고자 개혁안 10여 조를 건의하였으나, 시행되지 않자 정치에 뜻을 잃고 은둔
생활을 하였으며, 그러한 생활 속에서도 훌륭한 저술과 뛰어난 문장을 남겼다. 그가 지은 계원필경과 비문의 일부가 오늘날까지 전해 오고 있다.

한편, 천문학, 역법, 의학, 병학 등의 기술학도 발달하였는데, 병학과 천문학에서는 김암이 조예가 깊었으며, 삼국 시대에 중국에서 전래된
의학이 전통 의술과 어울어져 더욱 발달하였다. 또, 수학도 크게 발달하여 각 방면에 응용되고 있었다. 석굴암의 평면 구성이나 천장의
돔(dome), 불국사 3층 석탑 등 여러 건축물의 균형잡힌 비례 구성에는 모두 정밀한 수학적 지식이 활용되었다.

또, 목판 인쇄술도 크게 발달하였는데, 그 대표적인 것이 불국사 3층 석탑에서 나온 무구정광대다라니경이다. 이것은 8세기 중엽의 인쇄물로
현존하는 것 중 세계에서 가장 오래 된 목판 인쇄물이다.

한편, 신라 말기의 승려 도선은 중국에서 유행한 풍수 지리설을 받아들였다. 이것은 경험에 의한 인문 지리적 지식을 활용하려는 학설인데, 뒤에
예언적인 도참 신앙과 결부되었다. 그리하여 지방의 어느 지역을 도읍이 될 만한 곳이라고 하는가 하면, 각 지방에 있어서도 그 지세에 따라
좋고 나쁜 곳이 있다고 주장하게 되었다. 또, 풍수 지리설은 그 때까지 경주를 중심으로 하여 운영해 오던 행정 조직을 고쳐, 국토를 지방
중심으로 재편성할 것을 주장하는 것으로까지 발전하여, 신라 정부의 권위를 약화시키는 구실을 하였다.

발해의 학문

발해 역시 당과 교역이 이루어지면서 당으로부터 많은 서적을 수입하고, 당에 유학생도 보내어 일찍부터 학문이 발달하였다. 또, 발해는 주자감을
설치하여 귀족 자제들에게 유교 경전을 교육하였다. 유학생 중에는 당의 빈공과에 급제하는 사람이 나왔고, 이거정 등은 당에서 유학하고 돌아와
유교 지식인으로 활동하였다.

발해에서는 대외적인 외교 문서는 물론 국내외에서의 공식 기록에 한문을 사용하였다. 또, 묘지나 외교 문서 등을 통하여 한문학의 수준이
상당하였음을 알 수 있으며, 외교 사신이나 승려 중에는 한시에 능한 사람도 많았다.

근래에 발견된 정혜 공주 묘지와 정효 공주 묘지1)가 세련된 4⋅6 변려체로 쓰여 있는 점으로 보아, 발해에서는 한문을 능숙하게 구사하고
있었음을 알 수 있다. 몇 편의 한시가 현재 전하는데, 양태사나 왕효렴의 작품이 유명하다.

정효 공주 묘지(중국 길림성)

 (4) 예술의 발달

고구려 미술

고대 사회의 미술 활동은 주로 고분과 불교 미술을 통해서 알 수 있다. 삼국은 각기 많은 고분을 남겼다.

고구려의 고분에는 돌무지무덤과 굴식 돌방무덤이 있는데, 굴식 돌방무덤 내부에는 벽화가 있기도 하여 당시의 사회와 문화를 이해하는 데 중요한
자료가 되고 있다. 초기에는 주로 돌무지무덤이 만들어졌으나, 점차 굴식 돌방무덤이 주류를 이루었다. 돌무지무덤으로는 장군총이 유명한데,
계단식으로 화강암을 7층으로 쌓아올렸다. 맨 아래층의 길이는 약 30m이고, 높이는 약 13m이다. 그리고 위로 올라가면서 각 층의 길이와
높이를 줄여 안정된 모습을 보여 주고 있다.

굴식 돌방무덤은 흙으로 덮은 봉토 내부에 굴식 돌방이 있는 것으로, 대표적인 것은 만주 집안의 무용총과 강서 고분 등이다. 강서 고분의
돌방에 그려진 사신도는 고구려의 벽화 중에서도 매우 우수한 것으로, 흑, 백, 청, 주홍, 갈색 등의 색깔이 조화를 이루고 있을 뿐만
아니라, 정열과 세련미가 넘쳐 흐르고 있다.

고구려의 고분 벽화에는 도교의 영향으로 나타난 사신도 외에, 당시의 생활 풍속이나 가옥의 모습을 보여 주는 것도 있고, 수렵이나 행렬의
모습을 보여 주는 것도 있다. 이러한 벽화들 중에는 서역 계통의 영향을 받은 것도 있다.

씨름도(각저총)  

한편, 불상은 중국 북조의 영향을 받았으나, 다른 미술품에서와 같이 고구려의 개성을 지니고 있다. 연가 7년명 금동 여래 입상은 두꺼운
법의를 입어 몸이 전혀 나타나지 않으며, 신비하면서도 은은한 미소를 띠고 있다. 또, 광개토 대왕릉비는 선돌 형태의 자연석에 광개토 대왕의
업적을 기록하였는데, 그 글씨체가 기운차고 독특하다.

백제 미술

백제의 유물, 유적은 많이 파괴되었으나, 금동불, 석불, 석탑 등 불교 관계의 유물을 비롯하여, 고분 안에 그린 벽화와 기와, 무늬 벽돌
등이 출토되고 있다.

서울 석촌동에 있는 한성 시기의 고분은 고구려 초기의 고분과 유사한 돌무지무덤이다. 웅진 시기의 공주 고분에는 굴식 돌방무덤과 무령왕릉 같은
벽돌 무덤이 있는데, 이 벽돌 무덤의 건축은 중국 남조의 영향을 받은 것이다. 웅진 시기의 고분은 아직 소박하고 고졸한 맛이 남아 있으나,
사비 시기에 와서는 귀족 미술이 크게 발달하였음을 보여 주고 있다. 이 시기에 만들어진 능산리의 굴식 돌방무덤을 보면, 건축 기술과 벽화가
매우 세련되어 있음을 알 수 있다.

백제의 고분 벽화는 고구려의 영향을 받았으나, 보다 완만하고 부드러운 아름다움을 지니고 있다. 또, 공주 송산리의 무령왕릉이 완전한 형태로
발견되어 금관의 장식 등 우수한 백제 공예품을 볼 수 있게 되었다. 최근에 부여 능산리에서 출토된 백제 금동 용봉 봉래산 향로는 도교와
불교의 색채가 강하게 드러난 매우 훌륭한 공예품이다.

한편, 석불 중 서산 마애 삼존불상은 엷은 미소를 띤 온화한 아름다움을 지니고 있다.

석탑으로는 목조탑의 건축 양식을 모방한 초기 형식의 익산 미륵사지 석탑이 있고, 균형이 잡힌 아름다움을 잘 나타내고 있는 부여 정림사지 5층
석탑 등이 유명하다.

미륵사지 석탑(전북 익산)  

정림사지 5층 석탑(충남 부여)  

신라 미술

신라의 미술은, 초기에는 고구려의 영향을 받았으나, 뒤에는 백제의 영향을 많이 받았다. 고구려, 백제 양국의 영향을 받으면서, 패기가 넘치고
조화된 아름다움이 나타나기 시작하였다. 우수한 건축물로는 웅대한 분황사 모전 석탑과 아름다운 곡선미를 지닌 첨성대가 남아 있고, 백제의
아비지가 건축한 황룡사 9층탑 등이 있었으나, 몽고 침입 때 소실되었다.

황룡사 복원 모형도  

통일 전의 신라 고분 양식으로는 돌무지 덧널무덤, 돌방무덤 등이 있는데, 규모가 큰 것은 대개 돌무지 덧널무덤이다. 또, 신라의 불상으로
탑의 모습이 새겨진 관을 쓴 금동 미륵보살 반가 사유상에는 정신적인 힘이 나타나 있다.

신라에는 솔거와 같은 뛰어난 화가가 많았지만, 작품은 전하지 않고, 무덤의 구조상 벽화는 남기기가 어려웠다. 다만, 경주 황남동 천마총에서
나온 천마도는 패기찬 모습을 보여 주고 있다. 그리고 여러 고분에서 출토된 금팔찌, 금귀걸이 등의 출토품들도 매우 세련된 솜씨를 보여 주고
있어, 신라 미술의 높은 수준을 짐작하게 한다.

천마총 단면도  

통일 신라의 미술

통일 신라 시대의 미술은 무르익은 기교의 산물이었다. 특히, 이 시대의 미술은 사실적으로 표현하고자 하면서도 실물 그대로 표현한
것이라기보다는 이상적인 미의 세계와 통일된 조화의 세계를 창조하려 하였다.

신라의 수도 경주에 있는 궁성 안의 인공 연못인 안압지는 못의 둑 전체를 돌로 견고하게 쌓아 만들었는데, 여기에서 나온 많은 유물을 통해서
화려했던 당시의 궁중 생활과 귀족 생활의 모습을 짐작할 수 있다. 특히, 호수 안의 굴곡이나 섬의 위치, 정자와 누각의 배치 등은 정원
조경술이 높은 수준에 이르렀음을 보여 주고 있다.

통일 신라의 대표적인 예술 작품은 석굴암과 불국사이다.

석굴암은 그 안에 본존불상을 중심으로 보살상, 나한상, 인왕상 등을 배치하여 불교 세계의 이상을 나타내고 있다. 그 치밀한 구성을 밑받침으로
한 정제미는 당시 신라의 건축 기술이나 조각 또는 과학 기술의 높은 수준을 나타내 주고 있다.

석굴암 배치도  

불국사는 토함산을 배경으로 넓게 트인 앞을 내다보고 세워졌는데, 목조 건물은 임진왜란 때에 불타 버렸으나, 석조물과 기단은 지금까지 남아
있어 신라 불교 예술의 높은 수준을 보여 주고 있다. 앞쪽에 있는 청운교, 백운교 등의 돌층계와 범영루는 서로 조화를 이루어 입체적인
아름다움을 나타내고 있다. 대웅전 앞에 서 있는 3층 석탑과 다보탑은 세련된 아름다움을 보여 주고 있다.

불국사(경북 경주)  

범종의 주조 기술도 뛰어났는데, 상원사 동종은 가장 오래 된 것이고, 성덕 대왕 신종은 크고 웅장하면서도 조각이 화려할 뿐만 아니라, 소리의
아름다움이 특히 유명하다.

그리고 태종 무열왕릉비의 이수와 귀부의 조각, 성덕 대왕릉 둘레돌의 조각은 사실적인 미를 나타내고 있으며, 불국사의 석등, 법주사의 쌍사자
석등도 박력이 있고 균형이 잘 잡힌 조각으로 이름이 높다.

한편, 통일기에 와서는 높은 기단 위에 3층 석탑을 세웠는데, 대담하게 각 층의 폭과 높이를 줄이면서 쌓아올려 독특한 입체미를 나타내는
양식이 유행하였다. 감은사지 3층 석탑, 불국사 3층 석탑, 화엄사 4사자 3층 석탑 등은 이 시기에 만들어진 걸작이다. 그리고 신라
하대에는 선종이 유행하면서 조각 솜씨가 뛰어난 부도가 많이 만들어졌다.

화엄사 4사자 3층 석탑(전남 구례)  

통일기에 와서 불교의 영향으로 화장 방법이 유행하였고, 고분 양식도 돌무지 덧널무덤에서 굴식 돌방무덤으로 변하였다. 그리고 무덤의 봉토
주위를 둘레돌로 두르고, 그 둘레돌에 12지 신상을 조각하는 새로운 양식이 나타났는데, 이는 우리 나라만의 독특한 묘제이다. 이러한 통일
신라 시대의 묘제는 뒤에 고려, 조선 시대의 왕릉에까지 계승되었다.

한편, 서예에서는 김인문, 김생 등이 명필로 이름을 날렸다. 특히, 김생이 유명한데, 고려 시대에 그의 글씨를 모아서 새긴 집자
비문(集字碑文)이 오늘날까지 전해 오고 있다.

김생의 글씨  

또, 그림에서는 화가 김충의가 당에 가서 이름을 날렸다. 하대에 와서는 불화뿐 아니라 귀족이나 승려들의 초상화도 그려졌다.

발해의 미술

발해 시대의 지상 건물은 남아 있지 않으나, 유적의 발굴로 그 웅장함을 알 수 있다. 상경은 당의 장안성처럼 먼저 외성을 두르고, 국왕이
있는 궁성 남문에서 외성 남문까지 직선으로 뻗은 주작 대로라는 큰 길을 내었으며, 그 좌우에 여러 갈래의 길을 내었다. 그리고 내성 안에는
여러 개의 궁전이 있었다.

또, 상경 등에서 발견되는 절터의 금당은 내부에 불단이 높게 마련되었고, 좌우에 회랑으로 연결된 두 건물을 두었다. 웅대한 금당을 중심으로
작은 건물이 대칭으로 연결된 구조는 사찰 전체를 웅장하게 할 뿐 아니라, 조화가 잘 이루어지게 하였다.

한편, 발해의 도읍이었던 곳을 중심으로 많은 고분이 남아 있다. 육정산 고분군은 정혜 공주 묘가 있는 곳으로, 용두산 고분군은 정효 공주
묘가 있는 곳으로 유명하다. 이 중에서 정혜 공주 묘는 남쪽에 입구를 가진 굴식 돌방무덤인데, 벽은 다듬은 돌로 쌓아올리고, 천장은 모줄임
구조를 이루고 있으며, 고구려의 고분 양식과 흡사하다.

발해의 조각도 그 솜씨가 뛰어났는데, 불상은 전불이나 철불, 금동불이 있으며, 얼굴이나 광배, 의상 등에 이르기까지 그 조각 수법이
웅장하면서도 균형이 잘 잡혀 있다.

또, 정혜 공주 무덤에서 나온 두 개의 돌사자 조각도 매우 생동감 있고 힘찬 모습을 하고 있다. 그런가 하면, 발해에서는 금, 은으로
정교하고 아름다운 그릇이나 사리함을 제작하기도 하였다.

발해의 돌사자상  

궁궐 터나 절터에서 발견된 기와, 벽돌 등의 무늬는 소박하고 직선적이다. 특히, 기와는 일반적으로 그 형태와 크기가 아주 다양하며, 질이
좋고 단단하여 실용적이었다. 또, 연화무늬의 기와는 강건한 기풍을 지닌 고구려 와당에서 영향을 받았다.

발해의 무늬 벽돌  

한편, 상경에는 발해의 석조 미술을 대표하는 석등이 남아 있는데, 팔각의 기단 위에 중간이 볼록한 간석이 있고, 간석의 아래와 위에는
탐스러운 연꽃이 조각되어 있어서 질박하고 힘찬 느낌을 준다.

발해의 유적지  

또, 발해의 자기는 무게가 가볍고 광택이 있는데, 그 종류나 크기, 형태, 색깔 등이 매우 다양하다. 특히, 발해의 자기는 같은 시대 여러
나라의 도자기 공예보다 독특하게 발전하였으며, 당에 수출하기도 하였다. 당시 당나라 사람들은 발해의 도자기를 아주 신비로운 물건으로
생각하였으며, 그 제조 기술에 경탄하였다.

이렇듯 발해의 미술은, 패기에 넘치던 고구려 미술이 계승되어, 어느 정도 부드러워지면서도 웅장하고 건실한 기풍을 나타내고 있다.

향가와 음악

삼국지 위지 동이전에는, 우리 민족은 노래를 즐겨 부르고 춤을 좋아했다고 기록되어 있다. 이러한 예술적 재질은 중국 음악과 불교 음악의
영향을 받아, 삼국 시대에 와서 더욱 발달하였다. 삼국 시대의 노래로는 고구려의 황조가, 백제의 정읍사, 신라의 향가인 혜성가, 서동요 등이
전해지고 있다.

악기로는 관악기, 현악기, 타악기 등이 있었다. 고구려의 왕산악은 진의 7현금을 개량하여 거문고를 만들고, 많은 노래를 새로 지었다.

대가야에는 가야금과 그 악곡이 있었는데, 우륵은 이를 신라에 전하였다. 신라에는 대⋅중⋅소피리의 3죽과 거문고, 가야금, 비파의 3현이
있었다. 백제의 음악은 고구려와 비슷하였으며, 일본에 전해져서 일본 음악에 많은 영향을 끼쳤다.

통일기에 이르러 향가는 불교의 영향을 받으면서 크게 발달하였는데, 승려나 화랑들 사이에서 많은 작품이 나왔다. 월명사와 충담사는 향가의
작가로 유명하였고, 진성 여왕 때 대구화상과 위홍은 역대의 향가를 수집하여 삼대목이란 향가집을 편찬하였다. 오늘날까지 전해 오는 향가는
삼국유사에 수록된 14수와 고려 초에 균여가 지은 11수를 합하여 25수뿐이다. 그 내용은 국가의 평안을 빌거나 부처를 찬양하며, 때로는
죽은 사람을 사모하는 마음을 노래하여, 그 시대 사람들의 높은 정신 세계를 엿볼 수 있게 해 준다.

한편, 발해에서도 음악과 무용이 발달하였다. 발해악은 일본으로 전해졌으며, 일본은 악공을 발해에 파견하여 음악을 배워 갔다. 아울러, 발해의
악기는 뒷날 송나라의 악기 제작에 영향을 주었다.

 (5) 고대 문화의 일본 전파

삼국 문화의 일본 전파

새로운 문물을 가지고 일본에 건너간 우리 나라 사람들은 고대의 일본인을 교화시켰다.

백제의 아직기와 왕인은 일본에 건너가서 한문을 가르쳤는데, 이 때 한학은 일본인에게 문학의 필요성을 인식시켜 주었으며, 유교의 충효 사상도
보급시켜 주었다. 또, 백제는 불경, 불상과 5경 박사, 의박사, 역박사, 그리고 화가와 공예 기술자 등을 보내었는데, 그와 같은 영향으로
5층탑도 세워지고, 백제 가람이라는 건축 양식도 생겼다.

한편, 고구려도 일본 문화에 많은 영향을 끼쳤다. 고구려의 승려 혜자는 일본 쇼토쿠 태자의 스승이 되었고, 담징은 유교의 5경과 그림을
가르쳤으며, 종이와 먹의 제조 방법까지 전해 주었다. 일본의 자랑거리인 호류 사의 금당 벽화도 담징의 그림으로 알려지고 있다. 특히, 현재
일본 각지에 남아 있는 고대 불상 가운데에는 그 형태나 특징으로 보아, 삼국의 영향을 받은 것이 많이 있다.

삼국 시대의 금동 미륵보살 반가 사유상  

일본의 미륵보살 반가 사유상  

신라에서는 축제술과 조선술을 일본에 전하였는데, 특히 축제술의 전파로 한인의 연못이라는 이름까지 생기게 되었다. 이 밖에, 삼국의 음악도
전해져서 고구려악, 백제악, 신라악 등의 이름까지 생기게 되었으며, 일본 음악의 주류를 이루게 되었다.

삼국 문화의 일본 전파  

이렇듯, 삼국 시대에 우리 나라 유이민들이 일본 열도에 건너가 선진 기술과 문화를 전해 주어, 야마토 정권을 탄생시키고 일본 고대 아스카
문화를 성립시키는 데 이바지하였다.

통일 신라 문화의 일본 전파

삼국 문화에 뒤이어 통일 신라의 문화도 일본에 전해졌다. 일본에 전해진 신라의 정치 제도는 다이카 개신 이후의 강력한 전제 왕권의 확립에
기여하였다.

또, 통일 전쟁에서 보여 준 신라인의 강렬한 국가 의식은 일본 지도자들에게 큰 영향을 주기도 하였다.1)

통일 신라 문화의 일본 전파는 일본이 신라에 사신을 파견해 옴으로써 이루어졌다. 이 시기에 일본에 전해진 원효, 강수, 설총 등의 불교,
유교 문화는 일본 하쿠호 문화의 성립에 이바지하였다. 특히, 심상에 의해 전해진 의상의 화엄 사상은 일본 화엄종을 크게 일으키기도 하였다.

고구려 강서 수산리 고분 벽화  

일본 다카마쓰 고분 벽화

 Ⅳ. 중세 사회의 발전

   1\. 중세 사회로의 전환  
   2\. 중세의 정치적 변천
   3\. 중세의 사회와 경제
   4\. 중세 문화의 발달

팔만 대장경  

단원 개관

고려는 10세기 후반에 유교 정치 사상에 의한 중앙 집권화 정책을 추진한 결과로 지방 세력들이 중앙 정치에 참여하여 관료화하는 동시에 문벌
중심의 귀족 사회를 형성하게 되었다.

그 뒤 안으로는 점차 보수적인 소수의 문벌 귀족이 정권을 독점하고, 밖으로는 북방 민족들의 침략과 압력을 받음으로써 집권층 내부의 분열과
사회의 혼란이 나타났다.

그러나 사회의 동요가 미처 수습되기도 전에 고려는 몽고의 침략을 받음으로써 40여 년의 끈질긴 투쟁에도 불구하고 몽고의 간섭을 받게 되었다.
이로부터 친원파를 중심으로 한 권문 세족이 새로운 지배 세력으로 등장하였다. 고려 말에는 이들 권문 세족에 대항하는 신진 사대부 세력이
대두하여 현실의 모순을 극복하고자 노력하였다.

우리 나라 | 연대 | 다른 나라  
---|---|---  
(918) 고려의 건국 | 900 | (907) 당의 멸망, 5대 시작  
(936) 고려, 후삼국 통일 |  | (960) 송의 건국  
(958) 과거 제도 실시 |  | (962) 신성 로마 제국 성립  
(1019) 귀주 대첩 | 1000 |   
| 1100 | (1115) 금의 건국  
(1126) 이 자겸의 난 |  | (1127) 남송 시작  
(1135) 묘청의 서경 천도 운동 |  |   
(1170) 무신 정변 |  | (1192) 일본, 가마쿠라 막부 성립  
| 1200 | (1206) 칭기즈칸, 몽고 통일  
(1231) 몽고의 제1차 침입 |  | (1215) 영국, 대헌장 제정  
(1270) 삼별초의 항쟁 |  | (1271) 원 제국 성립  
| 1300 | (1337) 일본, 무로마치 막부 성립  
(1392) 고려의 멸망 |  | (1368) 명의 건립

 1. 중세 사회로의 전환

   (1) 중세의 세계
   (2) 한국의 중세 사회

개요

후삼국의 분열은 신라 사회 내부의 모순의 격화와 호족 및 6두품 세력의 대두를 배경으로 하여 나타났다. 고려를 건국하고 사회를 이끌어 나간
주역은 호족과 6두품 출신의 새로운 세력들이었다. 이들은 혁신적인 선종을 사상적 기반으로 하였고, 특히 새로운 정치 지도 이념으로 유교
사상을 받아들였다.

고려 사회의 출발은 단순한 왕조 교체의 차원을 넘어 중세 사회로의 전환을 의미하는 것이었다. 그리하여 고려 태조 왕건은 후삼국 시대의 혼란을
수습한 후 통일 국가의 기반을 확충하고 사회의 안정을 위하여 노력하였다. 이에 따라 고려는 고대 사회의 모순을 극복하고 새로운 질서를 수립할
수 있었다.

◇ 연구 과제 ◇

1\. 신라 말에 호족 세력이 성장할 수 있었던 시대적 배경은 무엇인가?

2\. 후삼국의 분열이 있게 된 근본 원인은 무엇인가?

3\. 고려 건국과 민족 재통일은 어떠한 의의를 가지는가?

4\. 고려 사회를 중세 사회로 볼 수 있는 근거는 무엇인가?

 (1) 중세의 세계

동양의 중세

우리 나라에서 고려 왕조가 발전하던 시기는, 중국에서는 당 멸망 후의 5대부터 송, 원을 거쳐 명의 건국 초기에 이르는 기간인데, 대체로
북방 민족의 활동이 왕성한 때였다.

당 말 5대의 혼란으로 중국의 귀족 사회가 무너지고 신흥 지주층이 대두하여 이들이 송대 사회를 이끌어 가는 사대부가 되었다. 송은 문치주의를
강화하고 중앙 집권적인 황제 독재 체제를 구축하였다. 또, 이 시대에는 과거 제도가 완성되어 진사 출신의 관료들이 우대되었다.

그러나 송대에는 국방력의 약화와 북방 민족의 강성으로 거란족, 탕구트 족, 여진족의 침입을 받았다. 특히, 여진족의 침입으로 북송이 멸망하고
그 후 재건된 남송도 몽고 제국인 원에 의하여 멸망하였다. 송대에는 경제와 문화가 크게 발달하였으며, 특히 이 시기에 성립된 성리학은 중국과
그 주변 나라에 큰 영향을 끼쳤다. 13세기에 수립된 몽고 제국은 아시아의 대부분과 러시아까지 지배하는 세계 제국으로 발전하였으며, 동⋅서
문화 교류에 크게 공헌하였다.

서양의 중세

서양 중세의 문화권은 로마 카톨릭 중심의 서유럽 문화권, 그리스 정교 중심의 비잔틴 문화권, 이베리아 반도와 북아프리카에 걸친 이슬람
문화권으로 나누어졌다. 게르만 족의 이동 후 서유럽 세계 형성의 중심이 된 나라는 프랑크 왕국이었다. 프랑크 왕국은 로마 교회와 제휴하여
성장하면서 로마 교회를 후원하는 세력이 되었다. 카롤루스 대제 시대에 전성기를 맞이한 프랑크 왕국은 9세기에 분열하여 독일, 프랑스,
이탈리아 3국의 원형이 성립되었다.

이 무렵 서유럽에서는 게르만의 종사 제도와 로마의 은대지 제도가 결합하여 봉건 제도가 성립되었고, 그 경제적 단위는 귀족과 기사들이 소유한
장원이었다. 장원의 토지를 경작하는 농민은 대체로 부자유 신분인 농노로서, 이들은 장원의 주인인 영주와 토지에 예속되어 있었다. 한편, 로마
교회가 크게 성장하면서 서유럽 문화권은 크리스트 교 세계를 형성하였고, 로마 카톨릭이 서유럽 인들의 정신을 지배하였다.

장원 구조도  

그러나 십자군 원정 후 서유럽 봉건 사회는 크게 변하여 갔다. 봉건 귀족 세력이 몰락하고 왕권이 강화되어 중앙 집권화가 진전되었으며, 도시와
화폐 경제가 발달하여 장원이 해체되고 농노의 해방이 이루어졌다. 또, 종교열이 식어 가고 교황권도 쇠퇴하였다. 이와 같이 중세 봉건 사회가
해체되고 새로운 사회를 지향하는 움직임이 대두하였다.

서로마 제국이 멸망한 후에도 동로마 제국인 비잔틴 제국은 약 1000년 동안 계속되었다. 비잔틴 제국에서는 그리스 문화와 헬레니즘 문화의
전통이 강하였으며, 그리스 정교가 비잔틴 문화의 중심을 이루었다. 비잔틴 문화는 동유럽 슬라브 사회에 큰 영향을 주었다. 특히, 러시아는
서유럽의 문화보다 비잔틴 문화를 주로 수용하였다.

한편, 이슬람 제국은 아프리카 북부를 지배한 후, 8세기에는 이베리아 반도의 대부분을 차지하였다. 그리하여 한때 이베리아 반도에서는 이슬람
문화가 발달하였으나, 북부의 크리스트 교 세력이 점차 강성해져서 마침내 이슬람 세력을 몰아 내게 되었다.

 (2) 한국의 중세 사회

지방 세력의 대두

신라는 9세기 말에 이르러 사회적 모순이 크게 드러나기 시작하였다. 그 동안 신라 사회를 이끌어 왔던 골품 제도는 그 본래의 기능을 상실하고
사회 발전을 저해하는 역할을 하였다. 더욱이 진골 세력이 분열되어 왕위 쟁탈전을 벌임으로써 중앙 정부의 권위는 실추되고 지방 세력에 대한
통제력도 상실하여 갔다.

이러한 속에서 정치는 부패하고, 지배 계급은 불법적으로 농토를 늘려가는 한편, 농민에 대해서는 가혹하게 수탈하였다. 이로 인하여 농민의
생활은 더욱 곤궁해졌고, 그 중에는 농토마저 빼앗기고 유랑하는 무리까지 나타나게 되었다. 그리하여 부패하고 무능한 신라 정부에 대한 불평과
불만이 높아지면서 마침내 각지에서는 농민들이 봉기하였다.

이러한 상황에서 지방 호족들이 점차 두각을 나타내었다. 새로이 등장한 호족에는 크게 보아 두 가지 유형이 있었다. 그 하나는 토착적인 지방
세력이 성장한 것이고, 다른 하나는 중앙에서 지방으로 내려간 진골과 6두품 귀족들이 호족화한 것이었다.

이들 지방 세력은 농민 봉기를 배경으로 하여 전국 각처에서 일어나, 점차 중앙 정부의 통제에서 벗어나 반독립적인 세력을 형성하였다. 이들은
스스로 성주(城主) 또는 장군(將軍)이라 칭하면서 사병을 보유하고 그 지방의 행정권과 군사권을 장악하였으며, 경제적 지배력도 행사하였다.
그리하여 신라의 골품제 사회는 이들 호족에 의해 점차 해체되어 갔고, 중세 사회로의 진입을 준비하기에 이르렀다.

호족의 성터(광주 무진)  

후삼국의 성립

10세기로 들어와 두각을 나타낸 견훤과 궁예는 신라 말의 혼란을 이용하여 독자적인 정권을 수립하였다.

견훤은 본래 상주의 농민 출신으로 신라 서남 지역 방위군의 장군이 되었다. 전국 각지에서 반란이 일어나자 자신이 거느린 군대와 전라도 지역의
호족 세력을 토대로 완산주에서 후백제를 건국하였다(900). 후백제는 전라도와 충청도의 대부분 지역을 차지하였다.

한편, 신라 왕족 출신인 궁예는 처음에는 양길의 부장이 되었다가 강릉을 점령한 후, 서쪽으로 진출하여 강원도, 경기도 일대를 차지하였다.
이어서 예성강 서쪽의 황해도 지역까지 자신의 세력을 넓히고 나라를 세워 후고구려라 하고 송악에 도읍하였다(901).

그 후 궁예는 한강 유역을 차지하고 조령을 넘어 상주 일대에까지 그 세력을 확장하여 후백제보다 먼저 신라로 진출하는 교두보를 마련하였다.
궁예는 또 죽령 이남의 영주 일대를 차지하여 옛 신라 땅의 절반 이상을 후고구려 영토로 편입시켰다.

궁예는 영토가 확장되고 국가 기반이 확충되자, 철원으로 수도를 옮기고 국호를 마진으로 고친 후 새로운 정치를 추구하였다. 먼저 새로운 관제를
마련하고 골품 제도를 대신할 새로운 사회 신분 제도를 모색하였다. 이러한 사회 개혁의 주도적 역할을 한 세력은 신라 6두품 계열의
지식층이었다. 이들은 신라 사회가 지녔던 사회적 모순을 극복하고 새로운 사회를 건설하고자 노력하였다.

한편, 궁예는 9관등제의 실시와 함께 새로운 왕조의 면모를 갖추기 위하여, 광평성을 국정의 최고 기구로 하는 중앙 관제를 마련하였다. 그리고
국호를 태봉으로 고친 뒤에는 반신라 정책을 강화하며, 통일 전쟁을 수행하여 나갔다.

이렇듯 후백제와 태봉의 세력이 커짐에 따라 신라는 그 영토가 날로 줄어들어 경주 일대를 중심으로 겨우 그 명맥을 유지하게 되었다.

고려의 건국

후삼국의 분열은 신라 사회의 모순과 지방 세력의 대두로 인한 것이었다. 이러한 후삼국의 분열을 수습하여 민족의 재통일을 성취한 지도자가
왕건이었다.

왕건은 송악 지방의 호족 출신으로서 예성강 유역의 해상 세력과 힘을 합하여 그 일대에서 지배력을 강화해 나갔다. 그 후 궁예 세력에 귀부하여
궁예의 부하가 된 뒤 한강 유역을 점령하는 등 영토 확장에 공을 세웠다. 특히, 수군을 이끌고 나주 지방을 점령하고 후백제를 견제하는 데 큰
공을 세워 시중의 지위에까지 오를 수 있었다.

왕건은 호족적 기반을 갖춘데다가 새로운 사회를 건설할 수 있는 경륜과 철학을 가지고 있었다. 반면, 궁예는 새로운 사회를 건설하는 데 필요한
정치적 기반이 미약한데다가 견훤과 마찬가지로 고대적 전제 군주의 틀을 벗어나지 못하였다. 더구나 궁예는 미륵불을 자칭하며 지나친 불교 행사를
벌임으로써 불교계의 반발을 사게 되었고, 죄 없는 관료와 장군을 살해하는 등 실정을 거듭하여 마침내 신하들에 의해 축출되고 말았다.

왕건은 신하들의 추대로 즉위하자 국호를 고려라 하고(918), 도읍을 자신의 세력 근거지였던 송악으로 옮겼다. 이후 국가 기반을 확고히
하고자 민심을 수습하는 데 힘썼다. 그리고 호족 세력들을 회유, 포섭하여 통일 역량을 키워 나갔다.

민족의 재통일

태조는 통일 역량을 기르기 위해 안으로는 지방 세력을 흡수, 통합하는 한편, 밖으로는 중국의 5대 여러 나라들과 외교 관계를 수립하여 국제적
지위를 높여 갔다. 또, 태조는 태봉의 외교 정책을 바꾸어 신라에 대하여 화친 정책을 썼다. 이와 함께 지방 호족들에게 사신을 파견하여
회유하였으므로, 다수의 지방 세력이 고려 편으로 들어왔다.

견훤이 신라에 침입하여 경애왕을 살해하였을 때에도 태조는 신라를 구원하기 위하여 후백제군과 싸웠다. 고려와 후백제는 팔공산, 문경, 풍기,
안동 등 여러 곳에서 전투를 벌였다. 처음에는 후백제의 군사력이 강하여 고려군이 수세에 몰렸으나, 안동 전투에서 후백제군을 격파한 것을
계기로 고려는 통일의 주도권을 잡게 되었다. 또, 후백제 내부에서 왕위 계승을 둘러싸고 내분이 일어나 정세가 고려측에 유리하게 되었다. 즉,
견훤이 넷째 아들 금강을 사랑하여 자신의 후계자로 삼으려 하자, 큰 아들 신검이 정변을 일으켜 견훤을 폐위한 다음 금산사에 가두고, 스스로
왕이 되었다.

금산사에 유폐되었던 견훤이 고려에 항복해 오자, 태조는 후백제 정벌군을 일으켰다. 고려군이 경북 선산에서 후백제군을 격파하고 전주를
점령함으로써 마침내 후백제는 멸망하고 말았다(936).

이에 앞서 신라는 나날이 국토가 줄어들고 국력이 약화되어 국가의 유지가 어렵게 되자, 경순왕은 신하들과 협의한 끝에 고려에
항복하였다(935).

한편, 거란에 의해 발해가 멸망하자 많은 발해의 유민들이 고려로 망명해 왔다. 이에 태조는 이들을 우대하여 민족 통합의 의지를 확고하게 보여
주었다. 당시 고려에 온 발해 유민 가운데에는 관리, 장군, 학자, 승려 등 상류층 지식 계급이 상당수 있었는데, 왕건은 이들을 적재 적소에
임명하여 후삼국 통일에 활용하였다. 특히, 발해의 왕자 대광현을 우대하여 동족 의식을 분명히 하였다. 이리하여 고려는 후삼국뿐만 아니라
발해의 고구려계 유민들까지 포함한 민족의 재통일을 이룩하였다.

고려의 통일  

중세 사회의 성립

고려의 건국과 후삼국의 통일은 새로운 중세 사회의 성립을 의미하는 것이었다.

우선, 사회의 지배 세력으로 호족을 비롯한 새로운 세력이 대두하였다. 이들은 진골 귀족 중심의 폐쇄적인 사회를 개혁하는 데 앞장 서서,
골품제를 대신하는 새로운 신분 체제를 만들어 갔다.

또, 유교 사상에 입각한 새로운 질서가 마련되었다. 6두품 계열의 유학자들과 지방에서 성장한 호족 세력들이 정치에 참여하면서 골품제의 조직
원리와는 다른 유교적 정치 이념을 정립시켰다. 이를 토대로 하여 여러 가지 제도를 마련하고, 특히 농민의 조세 부담을 가볍게 하는 등
농민들의 생활을 안정시키고자 하였다. 그리고 유교적 윤리에 입각한 정치⋅사회 질서를 만들어 나가는 한편, 통치 체제의 강화를 위하여 교육과
과거 제도를 정비하였다.

또, 문화의 폭과 질이 크게 높아진 중세 문화를 성립시켰다. 즉, 고려의 문화는 통일 신라의 혈족적 관념과 종교의 제약에서 벗어남으로써
문화의 폭이 한결 넓어졌다. 그리고 유교 사상이 발달하고 불교의 선종과 교종이 융합되어 문화의 수준이 크게 향상되었다. 특히, 송, 원,
서역 문화와 활발한 교류를 통하여 독특한 개성을 가진 문화를 창조하였다. 또, 지방 세력이 문화의 주인공으로 등장함으로써 지방 문화도
발달하고 문화의 내용도 보다 다양해졌다.

한편, 고려 시대에는 민족 의식이 국가 사회를 이끌어 나갔다. 고려인들은 고대 사회의 모순을 극복하고 민족의 재통일을 이루어 낸 역사적
경험에서 자신감을 가지게 되었고, 이를 토대로 하여 강렬한 민족 의식이 형성되었다. 그 결과 고려는 고구려의 옛 땅을 회복하기 위하여 북진
정책을 추진하면서 거란, 몽고 등의 북방 민족에 대항하여 끈질긴 항쟁을 펴나갈 수 있었다.

이와 같은 관점에서 볼 때, 고려의 건국과 후삼국의 통일은 단순한 왕조 교체에 그치는 것이 아니라, 고대 사회에서 중세 사회로의 전환을
의미하는 것이다.

훈요 10조(고려사)

 2. 중세의 정치적 변천

   (1) 정치 구조의 정비
   (2) 문벌 귀족 사회의 성립과 동요
   (3) 무신 정권 시대
   (4) 대외 관계의 변천
   (5) 고려의 시련과 자주성의 회복

개요

고려 시대에는 진골 귀족 대신에 호족을 중심으로 한 지배 세력이 대두함에 따라 새로운 정치⋅사회적 질서가 요청되었다. 그리하여 성종 때에는
유교 정치 이념을 토대로 한 중앙 집권 체제를 마련하였다.

그 후 문벌 귀족 사회가 전개되면서 폐쇄적 정치 풍토가 조성되고 사회 모순들이 나타나기 시작하였다. 12세기에 들어오면서 귀족들 사이의
대립과 갈등이 심화되었고, 마침내 무신 정변이 일어남으로써 고려 전기의 문벌 귀족 사회는 붕괴되었다.

무신 정권은 몽고의 침략을 막아 내지 못하여 전 국토가 유린되고 민생은 피폐해졌다. 이에 지방에서 성장한 신진 사대부들이 권문 세족에
대항하면서 개혁 정치를 추구하였다.

◇ 연구 과제 ◇

1\. 고려의 왕권과 통치 질서가 확립되는 과정은 어떠하였는가?

2\. 고려의 통치 체제는 어떠한 특징을 가지고 있는가?

3\. 고려의 북방 민족에 대한 항쟁은 어떻게 전개되었는가?

4\. 고려의 장기적인 대몽 항쟁이 가능하였던 배경은 무엇인가?

5\. 공민왕의 개혁 정치가 가지는 의의는 무엇인가?

 (1) 정치 구조의 정비

태조의 정책

태조가 고려를 건국한 이후 추진한 정책은 다음의 세 가지로 요약될 수 있다.

첫째, 백성들의 생활을 안정시켜 생업에 힘쓸 수 있도록 하였다.

태조는 즉위하자마자 취민 유도(取民有度)를 내세워 백성에 대한 과도한 수취를 금지하였으며, 공신과 호족들의 횡포를 금하는 조서를 내렸다.
또, 전란 중에 억울하게 노비가 된 자를 풀어 주기도 하였다. 그리고 태조는 백성들이 믿는 불교와 풍수 지리설을 존중하였으며, 불교와 재래의
관습을 중시하는 뜻을 보이기 위해 연등회와 팔관회 등을 성대히 거행함으로써 민심을 얻고자 하였다.

둘째, 새로운 사회를 건설하기 위한 개혁 정치를 추진하였다.

즉, 태조는 통일 국가의 기반을 확충하기 위한 정책을 지속적으로 추진함으로써 지방 세력의 흡수와 통합에 적극적인 자세를 보였다. 이를 위해
태조는 지방의 호족 세력의 힘을 약화시켰다. 그리고 이들에 대한 우대와 감시의 차원에서 사심관 제도와 기인 제도를 실시하였다.

셋째, 북진 정책을 추진하여 고구려의 옛 영토를 회복하는 데 힘을 기울였다.

태조는 고구려의 계승자라는 뜻에서 국호를 고려라 하였고, 국가의 자주성을 강조하기 위해 천수(天授)라는 연호를 사용하였다. 그리고 건국
직후부터 북진 정책을 추진하여 평양을 서경이라 중시하고, 남쪽의 백성을 이주시켜 북진의 기지로 삼았다. 그리하여 태조 말년에는 청천강에서
영흥만에 이르는 선까지 영토를 넓혔다.

뿐만 아니라 태조는 북진 정책 추진에 장애가 되는 세력인 거란에 강경한 정책으로 대응하였다. 즉, 거란이 사신을 파견하여 화친의 뜻으로 낙타
50필을 보내 오자, 고려는 거란이 동족 국가인 발해를 멸망시킨 무도한 나라라 하여, 사신을 섬으로 귀양 보내고 낙타를 개경의 만부교
아래에서 굶겨 죽게 하였다. 이러한 태조의 자주 북진 정책은 후대 왕들에게 그대로 계승되었다.

한편, 태조는 국가 기반을 굳건히 하고 북진 정책을 지속적으로 추진하기 위하여 자손들에게 훈요 10조를 남겨 당부하였고, 또 관리들에게
경계의 뜻으로 정계와 계백료서를 지어서 반포하였다.

이처럼 고려는 건국 초부터 국가 기반의 확립을 위하여 끊임없이 노력하였음에도 불구하고 후삼국을 통일한 이후까지도 왕권은 불안정하였다. 그
이유는, 독자적인 세력을 가진 호족 출신 공신들의 세력이 강하였기 때문이었다.

그리하여 혜종 때에는 왕위 계승을 둘러싸고 왕규의 난이 일어났다. 이것은 왕실과 호족 세력, 그리고 호족 출신의 외척이 서로 얽혀 일어난
정변으로 왕권이 미약한 데에서 발생한 사건이었다.

광종의 개혁

왕권이 안정되지 못한 상황에서 즉위한 광종은 우선 주현 공부법(州縣貢賦法)을 시행하여 국가 수입의 증대를 꾀하였다. 그리고 후삼국의 혼란기에
불법적으로 노비가 된 자를 조사하여 양인으로 해방시켜 주는 노비 안검법을 실시하였다. 이 법을 실시한 결과, 공신이나 호족의 경제적, 군사적
기반은 약화된 반면, 노비들이 양인이 되면서 조세와 부역의 의무를 지게 되어 국가의 재정 기반과 왕권이 보다 강화되었다.

또, 광종은 공신의 자제를 우선적으로 등용하는 종래의 무질서한 관리 등용 제도를 억제하고 과거 제도를 도입하였다. 이를 통하여 유학을 익힌
신진 인사들을 등용하여 신구 세력의 교체를 도모하였다. 이어서 관료의 기강을 바로 세우고자, 관리의 공복 제도를 실시하였다.

그 후 광종은 본격적으로 공신과 호족 세력을 숙청하여 전제 왕권을 확립하였다. 그리고 강화된 왕권을 배경으로 하여 황제라 칭하고 광덕, 준풍
등 자주적인 연호를 사용하였으며, 개경을 황도, 서경을 서도라 부르도록 하였다.

이로써, 건국 초기의 공신과 호족 세력이 크게 약화되고 왕권이 강화될 수 있었다.

이러한 광종의 개혁을 기반으로 성종 때에는 중앙 관제를 정비하고 본격적인 지방 통치 체제를 구축하게 되었다.

유교 정치 사상의 채택

고려 시대에 신앙 생활을 이끌어 나간 것은 불교였지만, 정치 이념을 제공하고 도덕과 윤리의 사상적 기반이 된 것은 유교였다. 태조 이후 새
국가의 정치적 지도 이념으로 자리를 잡아가기 시작한 유교 사상은 광종을 거쳐 성종 때에 자리를 굳히게 되었다. 성종은 즉위하자 국가의 오랜
폐단을 제거하고 국정을 쇄신하기 위하여, 중앙의 5품 이상의 관리들로 하여금 글을 올려 시정에 대하여 비판하고 정책을 건의하도록 하였다.

이에 최승로는 유교 사상에 입각한 시무 28조를 올려 유교의 진흥을 강력히 요구하고, 태조로부터 경종에 이르는 5대조의 치적에 대한 잘잘못을
비판하여 교훈으로 삼도록 하였다. 성종은 최승로의 건의를 받아들여 유교적 정치 사상에 입각한 정치를 추진하면서, 12목에 지방관을 파견하여
지방 세력의 발호를 막고, 백성들을 보살피게 하였다. 그리고 향리 제도를 마련하여 지방 세력가들이 농민을 괴롭히는 일이 없도록 하였다.

최승로의 시무 28조(고려사)  

뿐만 아니라 중앙에 국자감을 정비하고, 지방에는 경학 박사와 의학 박사를 파견하여 유학 교육의 진흥에도 힘썼다. 또, 과거 제도를 정비하여
유학에 조예가 깊은 훌륭한 인재들이 정치에 참여할 수 있도록 하였다.

성종은 또 중앙의 통치 기구 개편에 착수하였다. 먼저 당의 제도를 모방한 3성 6부제를 기반으로 하고, 태봉과 신라의 제도를 참작하여 중앙
관제를 정비하였다. 뒤에 중추원과 삼사를 설치하고, 또 고려 실정에 맞게 도병마사와 식목도감을 설치함으로써 고려만의 독특한 정치 체제를
마련하였다.

중앙의 통치 조직

고려의 중앙 관제는 성종 때 3성 6부, 중추원, 삼사 등의 중요 기구가 설치되었고, 그 후 점차 정비되어 문종 때에 이르러 완성되었다.

3성이란, 당제를 본따 만든 국가 정치의 핵심이 되는 기구로서 중서성, 문하성, 상서성을 말하는데, 고려에서는 중서성과 문하성이 통합되어
중서 문하성(내사 문하성)으로 단일 기구화되었고, 그 장관인 문하 시중이 수상이 되었다.

중서 문하성은 2품 이상의 고관인 재신과 3품 이하의 낭사(간관)로 구성되었다. 재신은 백관을 통솔하고 국가의 중요 정책을 의논, 결정하는
기능을 가졌다. 낭사는 간쟁과 봉박, 서경의 기능을 맡았다.

한편, 이⋅병⋅호⋅형⋅예⋅공의 6부는 상서성의 하부 기구로서 실제적인 행정 업무를 담당하였는데, 아래로는 중앙의 여러 관청을 통괄하고 위로는
국왕에게 보고하는 중앙 행정의 중심 역할을 하였다.

중추원은 중서 문하성과 함께 국정을 맡은 중요 기구로서 군국 기무를 관장하는 2품 이상의 고관인 추밀과 왕명 출납의 일을 맡은 3품의
승선으로 구성되었다.

중추원과 함께 송의 제도를 본따 만든 삼사(三司)가 있었지만, 송과는 달리 단순한 회계 기관에 불과하였다. 중서 문하성과 중추원을 합쳐
양부라 하며, 양부의 고관인 재신과 추밀이 함께 모여 국가의 중대사를 결정짓는 회의 기관으로 도병마사와 식목도감이 있었다.

도병마사는 처음에는 국방 문제를 담당하다가, 뒤에는 도평의사사로 개칭되면서 국정 전반에 걸친 중요 사항을 관장하는 최고 기구로 발전하였고
도당(都堂)이라고도 불렸다. 식목도감은 대내적인 법제와 격식 문제를 다루던 회의 기관이었다. 도병마사와 식목도감은 고려 자체의 필요에 의하여
만든 독창적 기관이기도 하였다. 이러한 회의 기관의 존재는 고려 귀족 정치의 특징을 잘 나타내 주는 것이다.

이 밖에도 풍속을 바로잡고 관리들의 잘못을 규찰하는 어사대를 설치하여 관리들의 기강을 바르게 세웠다. 어사대는 중서 문하성의 낭사와 함께
대성이라고 불렸는데, 국왕을 보좌하면서 언관의 역할을 수행하였다. 특히, 대성에는 관리의 임명이나 법령의 개폐시에 이를 인준하는 서경 제도가
있어서 국왕의 독재를 견제하는 구실을 하였다.

고려의 중앙 관제  

고려의 정치 제도에서는 중앙 집권화를 위하여 국왕에게 정부 기구를 통할하는 권한을 주었다. 그러면서도 정치 권력은 귀족들이 독점하고 있는
중서 문하성과 중추원의 재신과 추밀에게 집중시켰다. 그리고 대성이 간쟁과 서경의 권한을 가지도록 함으로써 국왕과 귀족 사이에 권력의 조화를
이룰 수 있도록 하였다.

지방의 행정 조직

고려의 지방 제도는 성종 때 12목이 설치된 이후 몇 차례의 변화 끝에 현종 때에 정비되었다.

고려는 군현 제도를 근간으로 하여 중앙에서 지방관을 파견하는 중앙 집권 체제를 이루었다. 즉, 전국을 5도와 양 계로 나눈 다음 그 아래에
3경과 도호부를 비롯한 군, 현, 진 등을 설치하였다.

5도 양 계  

3경은 풍수설과 밀접한 관계가 있는 것으로, 처음에는 개경과 서경 및 동경(경주)을 가리켰으나, 뒤에는 동경 대신에 남경(서울)으로
바꾸었다.

도호부는 군사적 방비의 중심적인 역할을 맡은 곳이었다.

동계와 북계의 양 계는 북방의 외침을 막기 위한 군사 행정 구역으로서, 양 계에는 병마사를 임명하였으며, 양 계의 군사적 요충지에는 진을
설치하였다.

그리고 도에는 안찰사를 두고, 그 밑에 주, 군, 현을 설치하였는데, 주와 군에는 지사, 현에는 현령을 두어 다스리게 하였다. 그리고 현
밑에는 촌이 있었다.

고려 시대에는 모든 군현에 지방관이 파견되지는 않았다. 현까지는 중앙에서 지방관을 파견하는 것이 원칙이었지만, 지방관이 파견되지 않은 현이
더 많았다.

지방관이 파견된 현을 주현(主縣)으로 하고 그 밑에 수령이 파견되지 않은 몇 개의 속현을 예속시켜, 주현의 수령으로 하여금 속현을 관장하게
하였다. 군현에는 호장, 부호장 등의 향리가 말단 행정을 담당하였다.

이 밖에 군현과는 별도로 향, 소, 부곡과 같은 특별 행정 구역도 있었다. 향과 부곡에서는 농사를 주로 하였는 데 비하여, 소에서는 국가가
필요로 하는 금, 은, 구리, 철 등의 원료와 종이, 먹, 도자기 등의 공납품을 만들어 바쳤다. 이들 지역은 일반 군현에 비하여 천대받았기
때문에 이 곳에 사는 사람들 역시 천시되었다.

군사 조직

고려의 군사 조직은 중앙군과 지방군의 2원적 조직을 이루고 있었다. 중앙군은 왕의 친위군인 2군과, 수도 경비와 국경의 방어 임무를 가지는
6위로 편성하고, 상장군, 대장군 등의 무관을 두어 지휘하게 하였다. 상장군, 대장군 등은 무관들의 합좌 기관인 중방(重房)에서 군사 문제를
의논하였는데, 이는 무신 정변 이후 권력의 중추 기구가 되기도 하였다.

지방에는 주현군과 주진군이 있었다. 주현군은 대체로 자기 토지를 경작하면서 지방의 방위와 노역에 동원되었다. 그러나 양 계는 국경
지대였으므로 남쪽의 주현군과는 달리 주진군으로 편성되었다. 양 계에 배치된 주진군은 초군, 좌군, 우군으로 구성된 국방의 주역을 담당한
상비군으로서, 그 최고 지휘관을 도령이라 하였다.

 (2) 문벌 귀족 사회의 성립과 동요

문벌 귀족 사회의 성립

중앙 집권적인 국가 체제가 확립됨에 따라 새로운 지배 세력이 형성되어 갔다. 이들은, 지방 호족 출신으로 중앙 관료가 된 계열과 신라 6두품
계통의 유학자들이었다. 특히, 후자는 성종의 숭유 정책에 힘입어 정치의 주도 세력으로 성장하였다. 그리고 이들 지배 세력은 성종 이후 점차
그 기반이 다져져 하나의 사회 계층으로 정착되어 갔다.

한편, 이들의 자손들도 대를 이어 고위 관리가 되어 중앙 정치에 참여하면서 문벌을 형성하게 되었다. 이들 문벌의 자손들은 과거나 음서를
통하여 관리가 될 수 있는 특권을 누리고 있었다. 고려를 문벌 귀족 사회라고 부르는 이유도 여기에 있다.

문벌 귀족 사회의 모순

문벌 귀족 사회의 전성기였던 문종대를 지나 인종대에 이르는 시기에 귀족 사회 내부에서는 점차 모순들이 축적되었다. 문벌 귀족들은 과거와
음서를 통하여 관직을 독점하고, 정치 권력을 장악하였다. 뿐만 아니라 관직에 따라 과전을 지급받고, 또 공음전 및 사전(賜田)의 혜택을
받은데다가, 권력을 이용해서 불법적으로 개인이나 국가의 토지를 겸병하였다. 이러한 정치 권력의 독점과 경제적 특권의 확대를 둘러싸고 문벌
귀족 사회의 내부에서 분열이 일어나게 되었다.

귀족 사회의 모순으로 나타난 내부 분열은 전통적인 문벌 귀족과 지방 출신의 신진 관료 세력 사이의 대립으로 나타났다. 그 대표적인 사건이
이자겸의 난과 묘청의 서경 천도 운동이었다.

이자겸의 난

문벌 귀족 사회가 전개되면서 문벌 귀족들은 자기들끼리만 혼인 관계를 맺어 나갔다. 특히, 최고 귀족이라 할 수 있는 왕실과의 혼인을 통하여
자신의 문벌을 높이고 정권을 장악하려 하였다.

그 대표적 문벌은 경원 이씨로 문종 때부터 인종 때까지 80년간 정권을 잡았다. 이자겸은 예종과 인종 때에 거듭 외척이 되어 그의 세력이
왕권을 능가할 정도였다.

이자겸이 한 걸음 더 나아가 인종을 폐하고 왕위에 오르려는 야심을 품자, 인종은 이를 염려하여 사전에 제거하려 하였다.

이에 이자겸은 척준경과 더불어 군대를 이끌고 궁궐에 침입하여 불을 지른 다음, 인종을 가두고 독살하려고까지 하였다(1126). 그 후,
이자겸과 척준경의 사이가 벌어지자 왕은 척준경을 달래어 이자겸을 제거하였고, 얼마 후 척준경도 정지상의 탄핵으로 축출되었다. 이자겸의 난은
고려 전기의 문벌 귀족 사회가 붕괴되는 발단이 되었다.

묘청의 서경 천도 운동

이자겸의 난으로 왕의 권위가 실추된데다가 궁궐이 불타고 민심이 불안해지자, 지덕이 쇠한 개경 대신에 지덕이 왕성한 서경으로 수도를 옮겨야
한다는 서경 천도의 여론이 일어났다. 이에 묘청 등은 서경 천도를 적극 추진하여 서경에 대화궁이라는 궁궐을 짓게 하고, 칭제 건원과 금국
정벌을 주장하였다.

여기에는 풍수 지리설을 이용하여 보수적인 개경의 문벌 귀족 정치의 틀에서 벗어나 서경에서 자주적인 혁신 정치를 시행해 보려는 의도가 담겨
있었다. 그러나 당시의 실권자였던 김부식을 비롯한 개경파는 정권의 유지를 위하여 서경 천도와 금국 정벌을 반대하였다.

이와 같이 대립이 계속되어 서경 천도가 불가능하게 되자, 묘청을 비롯한 서경파는 서경에서 대위국이란 나라를 세우고, 연호를 천개라 하며 난을
일으켰다(1135). 그러나 이 난은 김부식이 이끈 관군의 공격으로 진압되었다. 이로써 서경 천도 운동은 실패로 끝나고 말았다.

묘청의 서경 천도 운동은, 문벌 귀족 사회 내부의 분열과 지역 세력 간의 대립, 풍수 지리설이 결부된 자주적 전통 사상과 사대적 유교 정치
사상과의 충돌, 고구려 계승 이념에 대한 이견과 갈등 등이 얽혀 일어난 것이었다.

이자겸의 난과 묘청의 서경 천도 운동은 귀족 사회의 폐단과 모순을 드러낸 것이었다. 이 후, 정권을 장악한 김부식 등 보수적 문벌 귀족들은
자신의 세력을 더욱 강화하여 문신 위주의 문벌 귀족 체제를 굳혀 나감으로써 마침내 무신 정변이 일어나는 배경을 만들게 되었다.

 (3) 무신 정권 시대

무신 정변

동요를 거듭하던 문신 중심의 문벌 귀족 사회는 의종 때 일어난 무신 정변으로 인하여 무너지고 말았다. 무신 정변이 발생하게 된 원인으로는
다음의 세 가지를 들 수 있다.

첫째, 숭문 천무의 정책에 따른 문⋅무반 차별 대우와 그로 인한 두 세력 간의 대립을 들 수 있다.

둘째, 군인들은 전투와 노역에 시달린데다가 군인전도 제대로 지급받지 못함으로써 생활고를 겪게 되어 불평과 불만이 쌓이고 있었다.

셋째, 의종이 정치를 제대로 하지 못한데다가 의종의 총애를 받던 문신들이 무신을 멸시하여 무신들의 반감이 커지게 되었다.

이와 같은 사정을 배경으로 하여 마침내 의종의 보현원 놀이를 틈타 무신들이 정변을 일으켰다(1170). 이 때, 정중부 등은 다수의 문신을
죽이고 의종을 폐하여 거제도로 귀양을 보낸 후 명종을 세웠다.

무신 정변으로 문신 중심의 정치 조직은 그 기능을 상실하고, 무신 중심의 독재 정치가 나타나게 되었다. 정치 경험이 없이 집권하게 된
무신들은 중방을 중심으로 무단적 정치를 실시할 수밖에 없었다.

그리고 무신들은 주요 관직을 독점했을 뿐만 아니라 다투어 토지와 노비를 늘려 갔으며, 저마다 사병을 길러 권력 쟁탈전을 벌였다. 즉,
경대승이 집권자였던 정중부를 죽이고 정권을 차지하였다. 그리고 그가 경호 기관인 도방을 두고 권력을 휘두르다 병사하자, 그 뒤를 이어 천민
출신인 이의민이 정권을 잡았다. 그러나 그도 얼마 안 가서 최충헌 형제에게 피살되는 등 혼란이 거듭되었다.

사회의 동요

무신 정변 이후 무신들이 정권을 독점하자, 명종 때에는 동북면 병마사 김보당이 의종의 복위를 꾀하고 난을 일으킨 데 이어, 서경 유수 조위총
등이 지방군을 이끌고 중앙의 무신 정권에 반대하여 난을 일으켰다.

한편, 무신들의 가렴 주구로 생활이 어렵게 된 농민과 천민들도 전국 각지에서 봉기하였다.

천민과 노비들은 신분 해방을 외치며 봉기하였는데, 공주 명학소에서 일어난 망이⋅망소이의 난, 전주 관노들의 난 등이 대표적이다. 그리고
운문의 김사미와 초전의 효심 등은 연합하여 그 세력이 한 때 경상도 전역에 확대되기도 하였다.

특히, 개경에서 집권자 최충헌의 사노였던 만적이 신분 해방을 외치며 개경의 노비들을 규합하여 궐기하려던 사건은 집권 무신 세력에게 큰 충격을
주었다.

사회의 동요  

최씨 정권 시대

최충헌은 정권을 잡자 강력한 전제 정치로 정권의 안정을 다짐으로써 무신 정권 초기의 혼란을 수습하였다. 그리하여 4대 60여 년 간의 최씨
정권이 유지될 수 있는 기반을 마련할 수 있었다.

최씨 정권의 최고 집정부의 구실을 한 기관은 교정도감이었다. 최충헌이 설치한 이후 역대 최씨 집권자들이 교정도감의 장관인 교정별감이 되어
권력을 장악하였다. 최충헌은 또 자신의 신변 경호를 위해 도방을 설치하였는데, 이는 삼별초와 함께 최씨 정권을 유지하는 군사적 기반이
되었다.

최충헌의 아들 최우는 독자적인 인사 행정 기구인 정방을 자택에 설치하여 문⋅무관의 인사권을 장악하기도 하였다. 또, 문인들의 숙위 기관인
서방에 전문적인 지식을 가진 문사들을 참여시켜 고문 역할을 담당하게 하였다. 최씨 정권은 독자적인 지배 기구와 막대한 사병을 유지하기 위하여
진주 지방을 식읍으로 차지하였다.

 (4) 대외 관계의 변천

북진 정책과 친송 정책

고려 전기 외교의 기본 방향은 북진 정책과 친송 정책의 추진이었다. 그러면서도 중국 사회의 변화에 대응하여 외교 정책을 신축성 있게 펴
나갔다.

고려가 건국될 무렵, 중국 북부에는 거란족이 강성하여 만리 장성을 넘어 세력을 확장하고 있었다. 고려 태조는 중국 대륙이 분열되어 서로
싸우는 국제 정세를 이용하여 고구려 옛 땅을 회복하려는 북진 정책을 추진하면서 거란에 대해서는 강경하게 대응하였다. 태조의 이러한 북진
정책과 거란에 대한 강경 정책은 이후 역대 왕들에게 계승되었다.

송이 중국을 통일하고 거란〔遼〕과 대치하자, 광종은 송과 제휴하여 요를 견제하는 정책을 폈다. 따라서 거란은, 송과 친교를 맺고 북진 정책을
추진하고 있던 고려를 항상 경계하였다.

한편, 발해가 망한 뒤에 그 유민들은 일찍이 고구려가 일어났던 압록강 중류 지역에 정안국(定安國)을 세웠다. 그리고 정안국은 송과 연합하여
요를 협공하려 하였으므로 요는 고려 침공에 앞서 이 지역의 문제를 먼저 해결해야 하였다.

거란의 침입과 격퇴

거란의 원래 공격 목표는 송이었으나, 배후의 견제 세력을 없애기 위해 정안국과 고려의 항복을 받으려 하였다. 그래서 요의 성종은 먼저
정안국을 토벌한 다음, 여러 차례에 걸쳐 고려에 침입하여 왔다.

제1차 침입은 성종 때에 소손녕이 80만 대군으로 침입해 온 것이었다. 이 때 요가 침략해 온 구실은, 고려가 차지한 고구려의 옛 땅을
내놓으라는 것과, 송과 단교한 뒤 요와 통교하자는 것이었다. 이에 고려의 서희는, 요가 송과 대치 상태에 있어 고려와의 전쟁에 전념할 수
없는 전략적 약점을 이용하여 소손녕과의 담판을 성공시켰다.

고려는 송과 단교하고 요와 통교할 것을 약속하는 대가로, 압록강 동쪽, 강동 6주의 관할권을 얻어 내는 외교적 성과를 올렸다. 이로써 고려는
압록강까지 영토를 확장할 수가 있었다.

그러나 고려가 송과의 외교 관계를 끊지 않고 요와의 외교 관계 수립을 지연시키자, 요의 성종은 강조의 정변을 구실로 삼아 40만 대군을
이끌고 다시 침입해 오니 이것이 제2차 침입이다. 이 때 강조가 패하여 개경까지 함락되었으나, 양규 등이 거란의 후방에서 선전함으로써
거란군은 더 이상 진격하지 못하였다. 이에 퇴로가 차단될 것을 두려워한 거란의 성종은 고려측이 강화를 요청해 오자, 현종의 친조를 조건으로
아무 소득 없이 물러 갔다.

그 뒤, 소배압의 10만 거란군이 다시 침입해 오니 이것이 제3차 침입이다. 이 때 거란군은 개경 부근까지 이르렀으나, 고려군의 협공을 받아
후퇴하다가, 귀주에서 강감찬이 지휘하는 고려군에게 섬멸되어, 살아 돌아간 자가 수천에 지나지 않았다. 이 승리를 귀주 대첩이라
한다(1019).

거란은 그 뒤에도 자주 침입을 시도하여 국경 근처에서 충돌이 계속되었다. 그러나 고려는 거란군의 침입에 전 국민이 단결하여 용감히 싸워 이를
물리쳤기 때문에 거란은 침략을 포기할 수밖에 없었다. 고려 역시 거란과의 오랜 전쟁에 지쳐 마침내 그들과 국교를 맺었다.

전쟁이 끝난 후, 고려는 국방을 더욱 강화하는 데 노력하여, 먼저 강감찬의 주장에 따라 개경에 나성을 쌓았다. 그리고 북쪽 국경 일대에
장성을 쌓았는데, 이것이 압록강 어귀에서 시작하여 동해안의 도련포에 이르는 천리 장성이다. 이 장성의 축조는 거란뿐만 아니라 여진의 침입을
방어하려는 목적도 있었다.

강동 6주와 천리 장성  

여진 정벌과 동북 9성

고려는 거란족에 이어서 여진족의 압력을 받았다. 여진은 말갈이라 불리던 북방 민족의 하나로 오랫동안 고구려에 복속되어 있었다. 발해 건국
당시에는 말갈의 여러 부족이 고구려계 유민과 힘을 합쳐 당군을 물리치고 독립을 쟁취하는 데 큰 몫을 하기도 하였다. 그 뒤에 거란에 의해
발해가 멸망하자, 거란의 지배로 들어간 소수의 부족을 제외한 대부분의 여진족은 발해의 옛 땅에서 반독립적 상태로 있으면서 고려와 거란을
상국으로 섬겼다.

12세기 초에 만주 하얼빈 지방에서 일어난 완옌부의 추장이 여진족을 통일하면서, 마침내 정주까지 내려와 고려군과 충돌하였다. 이에 숙종은
여진 정벌군을 파견하였으나, 뜻밖에도 고려군은 패하고 말았다.

이를 계기로 고려는 기병인 여진족의 군대를 보병만으로는 방어하기가 어렵다는 것을 깨닫고, 윤관의 건의에 따라 기병인 신기군, 보병인 신보군,
승병인 항마군 등으로 구성된 별무반을 새로이 편성하여 여진 정벌을 준비하였다. 그러나 여진 정벌 계획은 숙종의 죽음으로 실행에 옮기지도
못하고 중단되었다. 그러다가 예종 때에 윤관은 별무반을 이끌고 함경도 쪽으로 진격하여 여진족을 북방으로 쫓아 버리고, 동북 지방 일대에
9성을 쌓았다.1)

생활 터전을 잃은 여진족은 계속해서 침입해 왔기 때문에 고려는 9성을 수비하기가 쉽지 않았다. 뿐만 아니라, 여진족이 다시는 침략하지 않고
해마다 조공을 바치겠다는 조건으로 9성의 반환을 애원해 왔다. 또, 서북쪽에는 거란 세력이 있어서, 동북쪽의 여진 토벌에만 전 국력을 기울일
수가 없었다. 그리하여 고려는 9성을 쌓은 지 1년 만에 이를 여진족에게 돌려 주고 말았다. 그 후, 여진족은 세력을 강화하여 만주 일대를
장악한 후 국호를 금(金)이라 하고, 요나라를 멸한 다음, 다시 고려에 압력을 가하여 왔다.

이로 인하여 고려 조정에서는 금에 사대하는 외교 문제로 분쟁이 일어나기도 하였다. 당시 집권자인 이자겸은 자신의 정권 유지를 위해 금에
사대하고 평화 관계를 유지하는 것이 유리하다고 판단하여 인종을 움직여 금의 요구를 승낙하도록 하였다.

몽고와의 접촉

최씨 정권이 확립되었을 때, 고려는 몽고의 침략으로 인하여 커다란 시련을 겪어야만 하였다. 13세기에 들어서면서부터 동아시아에는 다시 한 번
정치적 소용돌이가 일어났다. 즉, 금이 쇠약한 틈을 타서 거란족이 반란을 일으킨데다가, 칭기즈칸이 통일한 몽고가 금을 공격하여 만주 지역은
매우 어수선하였다.

이 무렵, 몽고에 쫓긴 거란족이 고려에 침입하여 왔다. 거란족은 남쪽으로 내려오다가 제천 방면에서 김취려에게 대패하여 물러갔다. 다음에 다시
침입해 왔으나, 고려군의 반격을 받아 북쪽으로 쫓겨가다가 강동성에서 포위당하였다.

이 때, 고려는 북쪽에서 거란족을 추격하여 온 몽고 군대와 함께 두만강 유역에 있던 동진국(東眞國) 군대와 연합하여 강동성을 함락시켰다.
이것이 고려와 몽고의 첫 접촉이었다.

몽고와의 전쟁

몽고는 거란족을 토벌한 후 고려에 공물을 강요하여 왔다. 그 후 고려에 왔던 몽고의 사신 저고여가 국경 지대에서 여진족에게 피살당한 사건이
일어나자, 이를 구실로 몽고 장수 살리타가 군대를 이끌고 침입해 왔다(1231).

이 때, 몽고는 전세계를 정복할 듯한 기세였기 때문에 고려를 쉽게 점령할 것으로 여기고 침입하였다. 그러나 의주를 힘겹게 점령한 몽고군은
귀주를 공격하였으나 박서가 굳게 지킴으로써 뜻을 이루지 못하고, 할 수 없이 다른 길로 돌아 내려와 개경을 포위하였다. 아무 준비 없이
몽고군에게 포위를 당하게 된 무신 정권은 당황하여 그간의 전황을 미처 확인할 틈도 없이 몽고의 요청대로 강화를 맺음으로써 몽고군은 물러갔다.

강화를 맺은 몽고가 무리한 조공을 요구하고 간섭해 오자, 당시 집권자인 최우는 수도를 강화도로 옮겨 몽고와의 전쟁에 대비하였다. 그리하여
몽고의 장수 살리타가 다시 침입해 왔으나, 처인성에서 고려의 김윤후 부대와의 싸움에서 사살되어 몽고 군대는 쫓겨갔다.

강화 산성(인천 강화)  

그 뒤에도 몽고군은 여러 차례 침입해 왔다. 그 때마다 고려인들은 끈질긴 항쟁으로 몽고의 침입을 잘 막아 내었다. 고려가 몽고의 침략을
물리칠 수 있었던 것은 일반 민중들이 침략군에 대항하여 용감히 싸웠기 때문이었다. 특히, 사회적으로 천대받던 노비와 천민들까지도 용감히
싸움으로써 고려군은 충주 등 여러 곳에서 승리할 수 있었다.

그러나 계속되는 몽고의 침입으로 국토는 극도로 황폐해지고, 백성은 도탄에 빠지게 되었다. 또, 대구 부인사에 보관되어 있던 대장경판을
비롯하여 황룡사 9층탑 등 귀중한 문화재가 많이 소실되었다.

그럼에도 불구하고 최씨 정권은 농민에 대한 적극적인 보호 대책을 서두르기는커녕, 가혹한 수탈로 농촌 경제가 파탄할 지경에 이르게 되었다.
마침내 최씨 정권의 마지막 집권자였던 최의가 피살당함으로써 4대에 걸쳐 60여 년 간 이어 온 최씨 정권은 막을 내렸다. 이에 원종은 드디어
몽고와 화의하고 개경으로 환도하였다(1270).

개경 환도는 몽고에 대한 굴복을 의미하는 것이었으므로, 배중손이 이끈 삼별초는 강화도에서 개경 정부에 대항하여 반기를 들었다. 이들은
장기전을 펴기 위하여 진도로 옮겨 용장성을 쌓고 저항을 계속하였으나, 여⋅원연합군에 의해 진도가 함락되자 다시 제주도로 가서 김통정의
지휘하에 항쟁을 계속하였다. 그러나 제주도가 함락됨으로써 전후 4년간에 걸친 삼별초의 대몽 항쟁은 실패하고 말았다.

용장성(전남 진도)  

삼별초의 항몽 순의비(제주 애월)

 (5) 고려의 시련과 자주성의 회복

자주성의 시련

고려는 몽고와 강화한 이후 자주성에 많은 손상을 입게 되었다. 강화 후 고려가 최초로 받게 된 시련은 일본 정벌에 동원된 일이었다. 고려는
국호를 원으로 바꾼 몽고의 강요에 의해 일본 정벌을 위한 군대를 비롯하여 많은 인적⋅물적 자원을 징발당하였다. 따라서, 오랜 전란으로 국가
경제가 파탄 직전에 있었던 고려로서는 고통을 보다 심하게 겪게 되었다. 그러나 2차에 걸친 여⋅원 연합군의 일본 원정은 태풍으로 인하여 모두
실패하고 말았다.

고려는 또 영토의 일부를 빼앗겼다. 즉, 원은 고종 말년에 화주에 쌍성 총관부를 설치하여 철령 이북의 땅을 직속령으로 편입하였으며, 자비령
이북의 땅을 차지하여 서경에 동녕부를 두었다. 또, 삼별초의 항쟁을 진압한 후에는 제주도에 탐라 총관부를 설치하고, 목마장을 경영하였다. 그
후, 동녕부와 탐라 총관부는 충렬왕 때에 다시 찾았으나, 쌍성 총관부는 공민왕 때에 무력으로 회복할 때까지 몽고의 지배하에 있었다.

한편, 고려는 원의 강요에 의해서 관제도 고쳐야 하였다. 3성의 격을 낮추어 첨의부로 단일화하였고, 6부를 4사로 통합하였다. 그리고 원은
일본 정벌을 위하여 개경에 설치하였던 정동행성을 그 뒤에도 존속시켜 연락 기관으로 삼았다. 이 밖에도 감찰 기관인 순마소를 두었으며, 또
다루가치를 배치하여 내정을 간섭하였다.

고려에 대한 원의 간섭은 경제적 수탈로도 나타났다. 원이 여러 가지 구실로 금, 은, 베를 비롯하여 인삼, 약재, 매 등의 특산물을 거두어
감으로써 농민들은 많은 고통을 겪게 되었다.

그러나 고려와 원의 관계가 확대되면서 문화와 풍속의 교류도 빈번해졌다. 고려에서는 몽고어가 사용되고 몽고식 의복과 머리가 유행하였으며, 이
밖에도 몽고식 이름을 가지는 사람들까지 나옴으로써 고려 사회의 본래 모습이 변질되기도 하였다. 한편, 고려의 문화가 몽고에 소개되고, 고려
풍속이 몽고 사회에서 유행되기도 하였다.

이처럼 몽고의 간섭으로 고려는 각 분야에서 많은 손실을 입었지만, 주권 국가로서의 위상만은 굳게 지켜 나갔다.

공민왕의 반원 개혁 정치

14세기 후반에 공민왕은 원⋅명의 교체기를 이용하여 반원 자주 정책을 추진하였다.

먼저, 기철을 비롯한 친원 세력을 숙청하고, 원이 설치하였던 정동행성 이문소를 폐지하였다. 그리고 쌍성 총관부를 무력으로 철폐하고 철령
이북의 땅을 수복하였으며, 인당으로 하여금 요동 지방을 공략하게 하였다.

공민왕의 영토 수복  

또, 공민왕은 원의 간섭으로 바뀌었던 관제를 복구하는 한편, 몽고풍을 없애는 등 반원 자주 정책을 강력하게 추진하였다.

이와 같이, 공민왕은 대외적으로는 반원 자주 정책을 쓰는 한편, 대내적으로는 개혁을 추진하여 권문 세족(權門勢族)을 억압하려고 하였다. 그는
먼저, 무신 정권 이후 인사권을 장악하여 왕권을 견제하고 신진 사대부의 등장을 억제하고 있던 정방을 폐지하였다. 그리고 권문 세족과 인연이
먼 신돈을 기용하여 전민변정도감의 판사로 삼아 권문 세족들이 빼앗은 토지와 노비를 본래의 소유주에게 넘겨 주거나 양민으로 해방시켰다.

공민왕은 반원 개혁 정치를 수행하기 위해서는 밖으로 원의 세력과 싸워야 하고, 안으로 권문 세족을 누르지 않으면 안 되었다. 그러나 원의
압력으로 왕권이 강화될 수 없었고, 또 원을 배경으로 한 권문 세족들이 왕권을 견제하여 공민왕은 뜻대로 개혁을 이룰 수가 없었다. 마침내
권문 세족의 반격으로 신돈이 제거되고 끝내는 공민왕까지 시해됨으로써 개혁 정치는 중단되었다.

그러나 공민왕 때 크게 진출한 신진 사대부 세력은 그 후 개혁을 꾸준히 추진하였고, 이 과정에서 고려가 멸망하고 조선 왕조가 건국되었다.

 3. 중세의 사회와 경제

   (1) 중세의 사회
   (2) 사회 시책과 법속
   (3) 경제 정책과 경제 구조
   (4) 경제 활동의 진전

개요

고려 시대의 사회 신분은 귀족과 중류층, 그리고 양인과 천민으로 구성되어 있었다. 귀족은 왕실과 함께 지배층으로서의 특권을 누리면서 각
분야에서 주도적 역할을 담당하였다. 신분 제도는 엄격하였고, 신분 자체는 세습되었으나, 때로는 계층상의 변동도 있었다.

국민의 대부분을 이루고 있던 양인의 주류는 농민이었다. 따라서, 국가에서는 이들의 생활을 안정시키기 위한 사회 시책을 마련하기도 하였다.

전시과 체제는 지배층의 경제적 기반을 위해 마련되었으며, 농민은 국가 재정의 원천이 되었던 조세, 공납, 역을 부담하였다. 한편, 고려는
농업 경제를 기반으로 한 사회였기 때문에 상공업은 크게 발달하지 못하였다.

◇ 연구 과제 ◇

1\. 고려 사회를 문벌 귀족 사회로 볼 수 있는 근거는 무엇인가?

2\. 고려 사회의 주도적 정치 세력은 어떻게 바뀌어 갔는가?

3\. 고려 시대의 사회 안정 시책에는 어떠한 것들이 있었는가?

4\. 고려 시대의 경제 정책의 기본 방향은 무엇이었는가?

5\. 고려의 전시과 체제는 어떠한 정비 과정을 거쳐 확립되었는가?

 (1) 중세의 사회

사회 구조의 개편

고려 사회에서는 다수의 지방 호족이나 유교적 지식인들이 새로운 지배층으로 등장하게 되어, 종래의 진골 중심의 지배 체제에서 벗어나 보다
개방적인 사회로 발전하게 되었다.

고려는 가문을 중시하는 문벌 귀족이 왕실과 더불어 정치, 경제, 사회 등의 분야에서 지배층으로서의 특권을 누린 문벌 귀족 중심의 사회였다.
또, 고려는 신분제 사회로서 가문에 따른 신분이 중요시되었다. 그리고 신분은 사회 계층을 구분하는 기본 요소가 되었다.

고려 시대의 사회 신분은 귀족과 중류층, 그리고 양인과 천민으로 구성되어 있었다.

고려 시대의 귀족은 최고 귀족이라고 할 수 있는 왕족을 정점으로 하여 문무 양반으로 구성되었다. 그러나 귀족층은 모든 문무 관리를 의미하는
것이 아니고, 대체로 그들 관리 중에서도 문벌이 좋은 5품 이상의 고위 관직에 오른 일부 특권층만을 가리키는 것이었다. 그리고 고려 시대에는
문반이 우대되고 무반은 천시되었으므로, 양반 귀족은 자연히 문반 중심으로 이루어졌다.

같은 지배층이면서도 양반 귀족에 포함되지 못하는 중류층의 하급 관리가 있었다. 중류층에는 중앙 관청의 실무 관리인 서리, 궁중 관리인
남반(南班), 지방 행정의 실무를 맡았던 향리, 그리고 하급 장교들이 있었다.

양인에는 백정(白丁) 농민과 상공업에 종사하고 있는 사람들이 포함되었는데, 상인과 수공업자는 농민보다 천시되었다. 이들 양인층이 국민의
대부분을 이루었으며, 그 중에서도 국가로부터 일정한 직역을 부여받지 못한 백정 농민이 주류를 이루었다.

사회의 최하층인 천민에는 공⋅사 노비와 함께 특수 행정 구역인 향⋅소⋅부곡민이 포함되어 있었다. 향과 부곡의 주민도 농업에 종사하는 것은
일반 양인과 다름이 없었지만, 관직 진출에 제한을 받았고, 일반 농민보다 천한 대우를 받았다. 소의 주민은 수공업에 종사하였는데, 이들 역시
천한 대우를 받았다. 이 밖에, 화척, 진척, 재인 등도 천민에 속하였다.

고려의 신분 구조  

천민 중에서도 노비는 고려 사회에서 가장 천시되었는데, 관청에 속한 공노비와 개인이나 사원에 속한 사노비로 나누어졌다.

귀족 중심의 사회에서 토지와 노비는 경제적인 바탕이 되었으므로, 노비에 대한 관리는 엄격하였다. 따라서, 부모 중의 어느 한쪽이 노비이면 그
자녀도 노비가 되었으며, 노비를 부모로 둔 자식은 종모법에 의해 어머니 쪽의 소유주에게 귀속되었다. 그러나 노비 중에서도 외거 노비는 농업에
종사하면서 독립적 가정을 이룰 수 있었다.1)

고려의 신분 제도는 엄격하여 조상의 신분이 그대로 자손들에게 세습되었지만, 이와 함께 사회 계층의 변동이 부단하게 일어나고 있었다. 그
대표적인 예로 향리로부터 문반직에 오르는 경우와, 군인이 군공을 쌓아 무반으로 출세하는 경우를 들 수 있다. 고려 후기에는 특수 행정 구역인
향, 소, 부곡의 주민들이 일반 양인과 같은 지위로 승격되어 갔고, 외거 노비 중에서 재산을 모아 양인의 신분을 얻는 자도 있었다.

문벌 귀족

고려의 문벌 귀족은 주요 관직을 차지하여 권력을 장악하고, 음서 제도의 특전과 함께 과전, 공음전 등 막대한 토지를 소유하여 경제력을
확보하였다. 그들은 이러한 신분을 유지하기 위하여 서로 중첩된 혼인 관계를 맺었다.

우선, 문벌 귀족들은 최고의 귀족인 왕실과의 혼인 관계를 열망하였는데, 왕실의 외척이 되는 것은 가문의 명예일 뿐만 아니라, 권력에 접근하는
데 유리하였기 때문이었다.

고려 전기의 대표적인 문벌 귀족 가문은 경원 이씨였다. 경원 이씨는 문종 때부터 인종 때까지 왕실의 외척이 되어 80여 년 간 정권을
독점하였다. 이 밖에도 해주 최씨, 경주 김씨, 파평 윤씨 등도 대표적인 문벌 귀족 가문으로 손꼽히었다. 문벌 귀족의 자제들은 과거에
급제하거나 음서(蔭敍)2)에 의해 관직에 나아가고, 가문을 배경으로 요직에 승진하여 정치의 주도 세력이 되었다.

한편, 중앙 집권적인 정치 체제로 인해 고려의 귀족은 개경에 집결되어 있었다. 그러므로 이들 중 죄를 짓게 되는 경우 귀향하도록 하는 형벌을
내렸는데, 이것은 고려 귀족 사회의 한 면모를 엿볼 수 있게 한다. 그러나 무신 정변으로 문신 중심의 문벌 귀족이 몰락한 대신에 무신이
새로운 집권 세력이 되었다.

권문 세족

고려 후기 사회의 지배 세력은 권문 세족이었다. 무신 정변에 의하여 문벌 귀족이 몰락하고 무신이 집권 세력이 되었으나, 무신 정권이 붕괴된
후에는 권문 세족이 새로운 지배 세력으로 대두하였다. 이러한 권문 세족들 중에는 고려 전기부터 그 세력을 이어 오거나, 무신 정권 시대에
대두한 가문도 있었으나, 주로 원의 세력을 배경으로 하여 등장한 경우가 많았다.

권문 세족은 고려 후기의 정치, 경제면에서 지배적 위치에 있었던 보수적인 사회 세력이었다. 이들은 첨의부나 밀직사 등의 고위 관직을
독점하였고, 도평의사사의 구성원으로서 권력을 장악하였다. 이들은 고려 말에 이르도록 대를 이어 집권 세력이 되었다.

권문 세족은 자신의 지위를 세습하기 위한 방법으로 과거보다는 음서제를 활용하였기 때문에 일반적으로 문학적 또는 유학적 소양과는 거리가
멀었다. 뿐만 아니라 권문 세족들 가운데는 친원적 성향을 띠면서 원의 앞잡이가 되어 고려에 폐해를 끼친 자들이 많았다. 그리고 이들은 수단
방법을 가리지 않고 불법적으로 토지를 겸병하여 대토지를 소유함으로써 국가 재정을 악화시켰다.

신진 사대부

고려 후기에는 지배 세력인 권문 세족에 도전하는 새로운 사회 세력이 출현하였는데, 이들이 신진 사대부 세력이었다. 이들은 유교적 소양을
갖추었고 행정 실무에도 밝은 학자 출신 관료들로, 권문 세족과는 달리 그 가문이 한미한 하급 관리나 향리 집안에서 주로 배출되었다.

신진 사대부 세력이 등장하기 시작한 시기는 무신 집권기부터였다. 그러나 최씨 정권에 참여한 이들은 무신들의 부족한 학문과 행정 능력을 보완해
주는 구실밖에는 할 수 없었다. 그러다가 무신 정권이 붕괴된 후에 더욱 활발하게 중앙 정계로 진출하여 점차 세력을 키워 나감으로써, 고려
말에는 권문 세족과 나란히 할 수 있을 만큼 커다란 사회 세력을 형성하기에 이르렀다.

신진 사대부들은 유교적 소양이 높았으며, 이들의 대부분은 지방의 중소 지주 출신이었다. 따라서, 어느 정도의 경제적 토대를 가지고 있었기
때문에 청렴과 지조를 지켜 나갈 수 있었다. 이들은 불법적인 방법으로 대토지를 소유하고 있던 권문 세족에 대항하여 사전 폐지 등 개혁을
주장하였다.

한편, 신진 사대부들은 성리학을 수용함으로써 권문 세족의 친원적이고 친불교적인 성향에 대해서 반대하는 입장을 취하였다.

신진 사대부들은 충선왕의 개혁 정치에서 한때 두각을 나타내기도 하였다. 그 후 공민왕 때에 이르러 비로소 권문 세족과 대항하여 나갈 수 있을
정도로 성장하였다. 그리고 고려 말에 가서는 마침내 이들이 권문 세족 중심의 고려 왕조를 무너뜨리고 조선을 건국하는 역성 혁명의 주체 세력이
되었다.

 (2) 사회 시책과 법속

사회 시책

고려 시대에는 농민을 비롯한 일반 백성은 토지의 생산력이 낮고 조세와 요역의 부담이 과중하였으므로 대체로 생활이 어려웠다. 따라서, 국가는
농민을 보호하기 위해 농번기에는 농민을 잡역에 동원하지 못하게 하였고, 재해가 심한 경우에는 그 정도에 따라 조세와 부역을 면제해 주도록
하였다.

또, 고리대에 의한 농민의 피해를 줄이기 위하여 법으로 이자율을 정하여 이자가 원곡과 같은 액수가 되면, 그 이상의 이자는 받을 수 없도록
하였다.

국가는 농업을 진흥하고 농민 생활을 안정시키기 위해 적극적인 권농 정책을 시행하였다. 그리하여 사직을 세워 토지신과 5곡의 신에게 제사를
지내고, 왕이 친히 적전을 갈아 농사의 모범을 보이기도 하였다. 또, 곡물을 증산하기 위하여 황무지를 개간할 경우, 일정 기간 면세하는 등
적극적으로 개간을 장려하기도 하였다.

사회 시설

고려는 비록 소극적이기는 하지만 농민의 생활 안정을 위한 여러 가지 제도와 사회 시설을 마련하였다. 그 중에서도 평시에 곡물을 비축하였다가
흉년에 빈민을 구제하던 의창은 대표적인 사회 구제 기관이었다. 또, 개경, 서경과 12목에 상평창을 설치하여, 곡식과 베의 값이 내렸을 때
사들였다가 값이 오르면 싸게 내다 팔아서 물가 안정을 도모하였다.

국립 의료 기관으로 개경에 동⋅서 대비원과 서경에 대비원을 설치하여 환자를 치료하고, 빈민을 구휼하게 하였다. 또, 혜민국을 두어 백성들의
의료를 맡아 약을 지급하게 하였다. 이 밖에도, 재해에 대비하여 구제도감이나 구급도감 등의 임시 관서를 설치하고 빈민 구제에 힘썼다. 또,
기금을 만들어 그 이자로 빈민을 구제하는 제위보도 설치하였는데, 이는 고려의 전 시대에 걸쳐 활용되었다.

법률과 풍습

고려의 형법은 당률을 참작하여 만들어졌다. 또, 이를 보충하는 보조 법률이 있었으나, 일상 생활에 관계되는 것은 대개 전통적인 관습법을
따랐다. 지방관은 중요한 사건만 개경의 상부 기관에 올려보내고, 대개는 스스로 처결하였다.

형벌에는 태, 장, 도, 유, 사의 5종이 있었는데, 특히 국가에 대한 반역죄와 불효죄는 중죄로 다스려 무거운 형벌을 가하는 등 유교 윤리를
강조하였다.

결혼은 일부 일처제를 원칙으로 하였는데, 혼인 연령은 여자는 18세 전후, 남자는 20세 전후가 일반적이었다. 고려 전기에는 근친혼 내지
동성혼이 성행하였으나, 점차 동성끼리 결혼하지 않는 것이 일반화되었다.

상장 제례는 국가에서는 유교적 규범에 따라 시행하려 하였으나, 민간에서는 대개 토착 신앙과 융합된 불교의 전통 의식과 도교 신앙의 풍속을
따랐다. 그리고 불교 행사인 연등회, 토착 신앙과 불교가 융합된 행사인 팔관회는 대표적인 국가 제전으로 중시되었으며, 그 밖에도 많은 불교
행사가 성행하였다.

이 밖에, 정월 초하루, 삼짇날, 단오, 유두, 추석 등의 명절이 있었는데, 단오 때에는 격구, 그네, 씨름 등을 즐겼다.

재산의 상속과 여성의 지위

고려 때 상속의 대상이 된 재산은 토지와 노비, 곡물 등이었다. 그 중에서도 가장 중요한 것은 토지와 노비였는데, 일반적으로는 자녀 균분
상속이었지만, 부모의 뜻에 따라 자녀 간에 차이를 두기도 하였다.

고려 시대에는 여성의 지위가 비교적 높았다. 여자가 호주가 될 수 있었고, 호적에서 자녀 간에 차별을 두지 않고 연령순으로 기록하였으며,
여성의 재가가 비교적 자유롭게 이루어졌다. 이 밖에도 남편이 먼저 죽으면 재산의 분배권을 아내가 가지기도 하였다.

이와 같이, 고려 시대에는 여성의 사회 진출에는 제한이 있었지만, 가정 생활이나 경제 운영에 있어서는 여성의 지위가 남성과 거의 대등한
위치에 있었던 것을 알 수 있다.

 (3) 경제 정책과 경제 구조

경제 정책의 기본 방향

고려 시대의 주요 산업은 농업이었으므로, 경제 정책의 기본 방향도 중농 정책의 시행에 있었다. 특히, 국가 재정의 토대가 농업이었기 때문에,
농업에서의 생산력 증대에 관심을 두지 않을 수 없었다. 귀족들도 수입의 근거를 토지에 두었으므로 토지 소유에 힘을 쓰게 되었다.

국가에서는 경제 구조의 편성 과정에서 귀족 사회를 안정적으로 운영하기 위하여 토지의 분급에 주안점을 두었다. 또, 국가 재정의 확보를 위해
일찍부터 조세 제도의 정비와 운영에 힘을 쏟았다.

국가에서는 정책적으로 농업을 장려하였으므로 농업은 전시대에 비하여 발달하였다. 그러나 농업에 의존하는 자급 자족적인 경제 구조로 인하여
상업과 수공업의 발달은 제약되었다.

토지 제도의 정비

고려의 토지 제도는 전시과(田柴科) 체제를 기본으로 하여 지배층을 중심으로 토지를 분급하는 데 중점을 두었다. 전시과란, 관직이나 직역을
담당한 사람들에게 직위와 역할에 따라 전지와 시지를 차등 있게 나누어 준 제도였다.

일찍이 태조 때에 역분전(役分田)을 분급했는데, 이것은 후삼국 통일 과정에서 공로를 세운 사람들에게 공훈에 대한 대가로 준 논공 행상적
성격의 토지였다. 경종 때에 이를 모체로 하여 처음으로 전시과 제도가 마련되었다. 이는 관료 체제의 정비에 수반하여 이루어진 것이기는
하지만, 지급 기준으로 관직의 고하와 함께 인품이 반영되는 한계가 있었다. 그러던 것이 마침내 관직만을 기준으로 하여 하나의 체계로 정비된
것이 목종 때에 마련된 개정 전시과 제도였다. 이것이 다시 문종 때에 이르러 경정 전시과로 재편되면서 고려의 토지 제도는 완비되었다.

이렇게 정비된 전시과에 의해, 문무 관리로부터 국역을 담당한 군인, 한인에 이르기까지 18등급으로 나누어 전지와 시지를 주었다. 관직 복무와
직역에 대한 반대 급부로 지급된 전시과 제도는 토지 그 자체를 준 것이 아니라 그 토지에 대한 수조권(收租權)을 지급한 것에 불과하였다.
그렇기 때문에 이 토지를 받은 자가 죽거나 관직에서 물러날 때에는 토지를 국가에 반납하도록 하였다.

전시과의 토지 지급 액수 (단위 : 결)

등급  
시기 | 1 | 2 | 3 | 4 | 5 | 6 | 7 | 8 | 9 | 10 | 11 | 12 | 13 | 14 | 15 | 16 | 17 | 18  
---|---|---|---|---|---|---|---|---|---|---|---|---|---|---|---|---|---|---  
경 종  
(976) | 시 정  
전시과 | 전지 | 110 | 105 | 100 | 95 | 90 | 85 | 80 | 75 | 70 | 65 | 60 | 55 | 50 | 45 | 42 | 39 | 36 | 33  
시지 | 110 | 105 | 100 | 95 | 90 | 85 | 80 | 75 | 70 | 65 | 60 | 55 | 50 | 45 | 40 | 35 | 30 | 25  
목 종  
(998) | 개 정  
전시과 | 전지 | 100 | 95 | 90 | 85 | 80 | 75 | 70 | 65 | 60 | 55 | 50 | 45 | 40 | 35 | 30 | 27 | 23 | 20  
시지 | 70 | 65 | 60 | 55 | 50 | 45 | 40 | 35 | 33 | 30 | 25 | 22 | 20 | 15 | 10 |  |  |   
문 종  
(1076) | 경 정  
전시과 | 전지 | 100 | 90 | 85 | 80 | 75 | 70 | 65 | 60 | 55 | 50 | 45 | 40 | 35 | 30 | 25 | 22 | 20 | 17  
시지 | 50 | 45 | 40 | 35 | 30 | 27 | 24 | 21 | 18 | 15 | 12 | 10 | 8 | 5 |  |  |  |   
  
관리에게 보수로 주던 과전과는 달리 문벌 귀족의 경제적 기반이 되도록 지급한 토지가 공음전이었다. 공음전은 대체로 5품 이상의 관리에게
지급하여 자손에게 세습하도록 하였는데, 이는 음서제와 더불어 귀족의 신분을 세습할 수 있도록 뒷받침해 주는 역할을 하였다.

한인전은 하급 관리의 자제로서 관직에 오르지 못한 사람에게 지급한 토지인데, 이것 역시 관인 신분의 세습을 위해 마련된 것이었다.

군인전은 군역의 대가로 주는 토지였다. 군인전은 군역이 세습됨에 따라 자손에게 세습되었다. 그리고 하급 관리와 군인의 유가족에게는
구분전(口分田)을 지급하여 생활 대책을 마련해 주었다.

한편, 왕실의 경비를 충당하기 위하여 내장전을 지급하였다. 그리고 중앙과 지방의 각 관아에는 공해전을 지급하여 경비를 충당하게 하였고,
사원에는 사원전을 지급하였다.

이 밖에 고려에는 일반 농민들이 조상 대대로 물려받은 토지로 민전이 있었다. 민전은 농민들이 생계를 유지하는 데 근간이 되었고 마음대로
매매할 수도 있었다. 전국에 있는 대부분의 농토는 이러한 농민들의 사유지인 민전으로 이루어졌다고도 볼 수 있다. 따라서, 민전은 전시과
제도와 더불어 고려 시대 토지 제도의 근간을 이루었다.

고려사 식화지  

수취 체제의 확립

고려의 수취 체제는 토지 제도와 연결되어 정비되었다. 고려는 국가 재정의 토대를 농업에 두었기 때문에 대체로 토지를 매개로 하여 수취 제도가
마련되었다.

국가에 대한 농민들의 부담은 보통 조세, 공납, 역의 세 가지로서, 이것은 국가 재정의 주요 원천이 되었다.

국가는 토지를 소유한 국민으로부터 일정한 조세를 받아들였는데, 사유지인 민전의 조세율은 수확의 10분의 1이 원칙이었다. 이와는 달리 민전을
소유하지 못한 영세 농민은 국가와 왕실의 소유지나 귀족들의 사전을 빌려 경작해야만 하였다. 이런 경우 국가 소유의 토지에 대해서는 생산량의
4분의 1을, 귀족이나 양반 관리의 토지에 대해서는 생산량의 2분의 1을 지대로 바쳐야 하였다.

공납은 조세와 함께 국가 수입의 대종을 이룬 것으로, 농민이 포(布)나 토산물을 현물로 납부하는 제도였다. 국가에서는 필요한 공물의 종류와
액수를 각 고을에 할당하여 거두어들였다. 각 고을에서는 호구를 기준으로 일정한 액수의 공물을 거두었는데, 해마다 정기적으로 거두는 상공과
필요에 따라 수시로 거두는 별공으로 구분되었다. 이 공납은 농민들에게는 조세보다도 더 큰 부담이 되었다.

한편, 역은 국가가 백성들의 노동력을 수취하는 제도였다. 16세부터 60세까지의 남자를 정남이라 하여 역의 의무를 지게 하였다. 역에는
군역과 요역이 있는데, 요역은 성곽, 관아, 제방의 축조, 도로의 개수 등 토목 공사에 노동력을 동원하는 것이었다. 이 밖의 국가 수입으로는
특수 분야에 종사하는 사람에게서 거두어들이는 어염세, 상세 등이 있었다.

이러한 수취 체제는 귀족 사회가 변질되어 가면서 정상적으로 운영되지 못하고 지배층의 착취 수단이 되어, 많은 농민들이 유민화되고 농촌 사회가
동요하는 원인이 되었다.

 (4) 경제 활동의 진전

농업

고려는 농업을 국가 경제의 기반으로 하였던만큼 농민 경제의 안정이 국가 재정의 확립과 밀접한 관계가 있었다. 따라서, 고려 전 시기를 통하여
농업 진흥과 농민 경제 안정을 위한 정책이 시행되었다.

고려 전기에는 농민의 유민화, 민전의 상실, 전호로의 몰락 등을 막기 위한 권농 정책이 실시되었다. 농업 기술도 점차 향상되어 우경에 의한
심경법이 널리 행해졌고, 2년 3작의 윤작법도 보급되어 갔다. 심경법은 지력을 높이는 데 효과가 있었고, 제초 작업에 큰 성과를 보여 휴경
기간의 단축과 생산력의 증대를 가져왔다. 한편, 비료로서 가축의 뒷거름이 널리 쓰여 토지의 비옥도를 높였으며, 재배 품종은 주로 5곡과
채소류였다.

고려 후기에는 이암이 원의 농상집요를 소개, 보급한 것으로 보아, 농업 기술에 대한 학문적 연구가 이루어지고 있었음을 알 수 있다. 또,
공민왕 때 문익점이 목화씨를 들여 와 무명(면포)이 생산되게 됨으로써 종래의 베, 모시를 주로 사용하던 의생활에 일대 혁신을 가져왔다.

수공업

고려 시대의 수공업에는 관청 수공업과 민간 수공업이 있었다.

관청 수공업에서는 해당 관청에 공장(工匠)을 전속시켜 주로 국가에서 필요로 하는 무기와, 왕실이나 귀족층의 생활 용품인 장식물, 도자기 등을
제조하였다. 특히, 고려에서는 공예를 중시하여 기술이 뛰어난 자들에게 녹봉은 물론 토지를 주고 관청 수공업에 종사하게 하였다.

한편, 민간 수공업의 경우 가내 수공업이 중심이 되었는데, 자급 자족을 위한 생활 필수품의 생산과, 관청에 납부하기 위한 포목류의 생산이
중심이 되었다. 또, 소에서는 전문적으로 수공업 제품을 생산하였다. 이 밖에, 사원 경제가 발달하여 제지, 직포 등의 사원 수공업도
성하였다.

상업과 금융

고려 사회는 농업 중심의 자급 자족 경제를 기본으로 하였으므로 상업은 크게 발달하지 못하였다. 다만, 관청의 수요품과 왕실 및 귀족층의 생활
용품을 공급하기 위한 시전 상업이 비교적 활발했을 뿐이었다. 특히, 각종 생산물이 집중되는 개경에는 시장과 상점이 세워졌으며, 국가는
상행위를 감독하고 물가를 조절하기 위한 관청으로 경시서(京市署)를 두었다.

성종 때에는 철전인 건원중보를 주조하였으나, 상업이 크게 발달하지 못하였기 때문에 널리 유통되지는 않았다. 그 뒤, 숙종 때에는 화폐 유통을
장려하여 해동통보, 해동중보, 삼한통보 등의 동전과 함께 활구(은병)1) 등을 주조하였다. 그러나 일반적으로 상거래에서는 여전히 곡식과 포가
주된 교환 수단으로 이용되었다.

고려 시대의 화폐  

한편, 귀족들에게 부가 집중되면서 고리대업이 행해졌는데, 이는 귀족, 사원 등에 의해 성행하였다. 생활이 빈곤했던 농민들은 고리대를 이용할
수밖에 없었으며, 그 결과 그들의 생활은 더욱 어렵게 되었다.

고리대업의 성행과 더불어, 기금을 만들어 그 이자로 사업 경비를 충당하는 보(寶)가 발달하였다.

보에는 학교 재단인 학보, 불경 간행을 위한 경보, 팔관회 경비를 위한 팔관보, 빈민 구제를 위한 제위보 등이 있었다. 이들 보는, 본래의
목적에서 벗어나 이자 취득에만 급급하여 농민들의 생활에 막대한 폐해를 끼치기도 하였다.

대외 무역

국내의 상업이 어느 정도 발전함에 따라 외국과의 무역이 활발해졌다. 예성강 어귀의 벽란도는 대외 무역의 발전과 함께 국제 무역항으로
번성하였다.

고려의 대외 무역에서 가장 큰 비중을 차지하는 것은 대송 무역이었다. 고려는 송으로부터 비단, 약재, 책, 악기 등을 수입하였으며, 금⋅은,
인삼 등의 원료품과 종이, 붓, 먹, 부채, 나전 칠기, 화문석 등의 수공업품을 수출하였다.

특히, 고려의 종이나 먹은 질이 뛰어나 송의 문인들이 귀하게 여겼으므로 비싼 값으로 수출되었다.

대송 무역의 통로로는 북송 때에는 벽란도-옹진-산둥 반도-덩저우의 통로가 이용되었고, 남송 때에는 벽란도-흑산도-밍저우의 통로가 이용되었다.

거란, 여진과도 무역이 이루어졌다. 거란은 은을 가지고 와서 식량, 문방구, 구리, 철 등을 수입해 갔고, 여진은 은, 모피, 말 등으로
식량, 철제 농기구 등을 바꾸어 갔다. 일본과도 무역을 하였으나, 송, 거란 등에 비해 그리 활발하지는 못하였다.

한편, 대식국인이라 불리던 아라비아 상인들도 수은, 향료, 산호 등을 가지고, 송을 거쳐 고려에 들어와서 무역을 하였다. 이들의 왕래로
고려(Corea)라는 이름이 서방에 알려지게 되었다.

고려의 대외 무역

 4. 중세 문화의 발달

   (1) 유학과 한문학
   (2) 불교의 발달
   (3) 도교와 풍수 지리 사상의 유행
   (4) 과학 기술과 예술의 발달

개요

고려 시대에는 호족을 비롯한 지방 세력들이 중앙의 귀족으로 진출하면서 문화의 주인공으로 등장하였다. 이들은 유교를 새로운 정치 사상으로
채용하여 유교적 정치 이념을 확립하였다. 따라서, 고려 시대에는 유학과 한문학이 발달하였고, 개인 문집과 실록 등의 편찬이 활발하였다.

불교는 국가의 보호를 받으면서 크게 융성하였다. 고려 중기에는 의천에 의하여 천태종이 성행하였고, 후기에는 지눌에 의하여 조계종이 크게
발전하였다. 또, 대장경의 조판과 사원 건축 등 불교 문화가 융성하였다. 이리하여 고려 시대에는 불교 문화와 유교 문화가 함께 발전하였다.

고려의 예술은 귀족 생활 및 불교 미술과 연관된 공예 분야가 크게 발달하였다. 한편, 과학 기술의 진전으로 금속 활자, 인쇄술, 천문,
역법, 무기 제작술 등도 발달하였다.

◇ 연구 과제 ◇

1\. 고려 시대의 유교 정치 이념은 고려 문화에 어떠한 영향을 끼쳤는가?

2\. 고려 시대의 역사 의식은 시대적 상황에 따라 어떻게 변화하였는가?

3\. 고려 시대의 불교는 어떠한 사상적 발전을 보였으며, 유교 사상과의 관계는 어떠하였는가?

4\. 고려 시대의 과학 기술과 예술은 전시대와 비교하여 어떠한 특색을 가졌는가?

 (1) 유학과 한문학

유학의 발달

고려 시대에는 일찍부터 유교를 정치 이념으로 받아들여 유교주의적 정치의 기틀을 마련하였다. 광종 때에는 과거 제도를 실시하여 유학에 능한
관료를 등용하였다.

성종 때는 유교 정치 사상이 정립되는 시기였다. 이 시기의 대표적인 유학자는 최승로와 김심언이었다. 이들은 유교 사상을, 사회를 개혁하고 새
문화를 창조하기 위한 치국의 근본 사상으로 삼으려 하였다. 따라서, 이들의 유교 사상은 관념적이거나 사대적인 성격에 빠지지 않고 자주적이며
주체적인 특성을 지니게 되었다.

그러나 고려 중기에 이르러서는 이러한 초기의 학풍이 점차 보수적인 성격으로 바뀌어 갔다. 11세기에 북진파의 대표적 인물인 왕가도가 물러난
후, 경원 이씨 일파가 집권함에 따라 자주적인 유교 정신을 강조하기보다는 집권 세력의 권력 유지만을 도모하는 보수적 성격을 띠어 갔다.

그런 가운데 고려의 유학을 한 차원 높게 발전시킨 이는 최충이었다.1) 그는 해동 공자라는 칭송을 들었으며, 관직에서 물러난 후에는 9재
학당이라는 사학을 세워 유학 교육에 힘썼다.

이후, 고려 중기의 유학은 비록 상당한 수준으로 발달하기는 하였지만, 사회적 모순을 해결할 수 있는 능력은 상실하였다. 이러한 보수적 유학의
성격을 대표하는 인물은 김부식이었다.

이렇듯 고려 중기에 성행하였던 유학은, 무신 정변이 일어나 문벌 귀족 세력이 몰락함에 따라 크게 위축되었다.

성리학의 전래

성리학은 원래 송의 주희가 완성한 것으로, 종래 자구의 해석에 주력하던 한⋅당의 훈고학풍에서 벗어나 인간의 심성과 우주의 원리 문제를
철학적으로 규명하려는 신유학이었다.

성리학이 고려에 처음 소개된 것은 충렬왕 때 안향에 의해서였다. 그 후, 백이정이 직접 원에 가서 배워 와 이제현, 박충좌 등에게
전수하였으며, 고려 말 이색, 정몽주, 권근, 정도전 등이 성리학을 발전시켰다. 그 중에서도 정몽주는 ‘동방 이학의 조(祖)’라는 칭호를
들을 만큼 뛰어난 성리학자였다.

안향  

고려에 수용된 초기의 성리학에서는, 형이상학적인 면보다는 일상 생활에 관계되는 실천적 기능을 강조하였기 때문에 주희의 소학이 중시되었다.
또, 예속을 바로잡기 위해 소학과 함께 주자가례가 권장되었다. 한편, 정도전을 비롯한 일부 성리학자들은 불교 사상 자체가 현실과는 유리된
허황한 것이라 하여 불교 자체를 공박하기도 하였다.

성리학의 수용으로 종래의 훈고학적인 유학은 철학적인 유학으로 바뀌었으며, 고려의 정신적 지주였던 불교는 쇠퇴하고 성리학이 불교를 대신하여
새로운 국가 사회의 지도 이념으로 부상하게 되었다.

사서의 편찬

고려 시대에는 유학이 발달하고 유교적인 역사 서술 체계가 확립되어 일찍부터 많은 사서가 편찬되었다.

건국 초기부터 왕조 실록이 편찬되었지만, 목종 이전의 것은 거란의 침입으로 불타 버렸다. 전후 복구 사업의 일환으로 황주량 등이 중심이 되어
태조로부터 목종에 이르는 7대 실록을 완성하였다. 이 시기에는 박인량의 고금록을 비롯한 편년체의 책들이 많이 쓰여졌다.

12세기에는 김부식 등이 인종의 명을 받아 삼국사기를 편찬하였다. 삼국사기는 고려 초에 쓰여진 구삼국사를 기본으로 유교 사관에 입각하여
기전체로 서술한 고려 중기의 대표적인 사서이다.

고려 후기에 와서도 역사 연구와 저술 활동은 활발하게 이루어졌다. 특히, 무신 정변 이후 사회적 혼란과 몽고 침략의 위기를 경험한 지식인들에
의해, 민족적 자주 의식을 바탕으로 전통 문화에 대한 올바론 이해가 있어야 한다는 움직임이 일어났다. 이는 각훈의 해동고승전, 이규보의
동명왕편, 일연의 삼국유사, 이승휴의 제왕운기 등에서 나타나고 있다.

특히, 삼국유사는 불교사를 중심으로 고대의 설화나 야사를 수록하여 우리의 고유 문화와 전통을 중시하였으며, 단군을 우리 민족의 시조로 보는
자주 의식을 나타내고 있다. 따라서, 삼국유사는 삼국사기와 함께 고대사 연구의 대표적인 사서로 꼽히고 있다. 이 밖에 제왕운기도 우리 나라의
역사를 단군으로부터 서술하면서 우리 역사를 중국사와 대등하게 파악하는 자주성을 나타내었다. 이규보가 지은 동명왕편은 고구려 건국의 영웅인
동명왕의 업적을 칭송한 일종의 영웅 서사시이다.

삼국유사  

고려 후기에는 신진 사대부의 성장과 더불어 정통 의식과 대의 명분을 중시하는 성리학적 유교 사관이 대두하였다. 이를 대표하는 이제현은 사략을
비롯한 여러 권의 사서를 저술하였는데, 지금은 사략에 실렸던 사론만이 남아 있다.

이제현  

교육 기관

고려 시대에는 관리를 양성하기 위해 중앙은 물론 지방에도 많은 학교를 세우고 교육을 장려하였다. 특히, 성종 초에는 지방 관리의 자제들을
개경으로 불러 유학 교육을 받게 하였고, 지방 12목에 경학 박사와 의학 박사를 보내어 가르치게 하였다.

또, 성종은 중앙에 국자감(국학)을 정비하였다. 그리고 국자감 안에 국자학, 태학, 사문학과 같은 유학부를 비롯하여 율학, 서학, 산학 등의
기술학부를 두어 관료와 기술 인력 양성을 위한 교육에 힘썼다. 그 뒤 경사 6학을 정비하고 향교를 중심으로 지방 교육을 강화하였다.

고려 중기에는 최충의 9재 학당 등 사학 12도가 융성함으로써 관학의 위축을 가져왔다. 이에 숙종과 예종 때에는 관학을 진흥시키기 위한 여러
시책을 추진하게 되었다. 이 시기에는 국자감을 강화하고자 서적포를 두어 도서 출판을 활발히 하였으며, 국학에 7재라는 전문 강좌를 두어 국학
교육을 강화하였다. 국학의 7재 속에 무학재(강예재)가 설치되어 무예의 이론과 실기를 교육하였으나, 곧 폐지되었다.

그리고 관학의 경제 기반을 강화하기 위한 일종의 장학 재단으로 양현고를 설치하였다. 또, 청연각과 보문각이란 학문 연구소를 두어 유학의
발달을 촉진하기도 하였다.

고려 후기의 충렬왕 때에는 안향의 건의로 양현고의 부실을 보충하기 위하여 교육 재단으로 섬학전을 설치하였다. 그리고 국학을 성균관으로
개칭하였으며, 대성전을 건립하였다.

과거 제도와 음서 제도

고려 시대에는 관리 등용 제도가 교육 제도와 유기적으로 연결되어 운영되었다.

고려의 과거 제도는 제술과, 명경과, 잡과로 나누어 인재를 선발하였다. 문신을 등용하기 위한 제술과는 한문학과 시무책으로, 명경과는 유교
경전 등으로 시험하였다. 그리고 기술관을 등용하기 위한 잡과는 의학, 천문학, 음양 지리 등으로 시험하였다. 그러나 무신을 등용하기 위한
무과는 거의 실시되지 못하였다. 양인 이상의 신분이면 누구에게나 응시 자격이 있었지만, 실제로 농민은 응시할 수가 없었다.

한편, 고려 시대에는 과거를 통하지 않고도 관리가 되는 음서 제도가 널리 시행되었다. 이 제도는 가문에 기준을 둔 특별 채용 제도로서, 공신
및 5품 이상 고위 관료의 자손은 이에 의하여 관직에 나아갈 수 있었다. 음서 제도는 고려 문벌 귀족 사회를 강화하는 중요한 기반이 되었고,
고려 귀족 사회의 특징적 모습을 나타내는 것이었다.

문학의 발달

고려 전기의 문학은 삼국 시대부터 내려오던 향가와 한문학이 주류를 이루었다. 광종 때의 균여는 대표적인 향가 작가였는데, 그의 전기인
균여전에는 보현십원가 11수가 전해지고 있다. 이는 불교의 교리를 일반인들에게 쉽게 이해시키기 위해 향가의 형태를 빌려 표현한 것으로서,
불교의 대중화에 공헌하였다.

광종 이후, 과거 제도가 확립되어 문치주의 시대가 시작되고, 과거에 시, 부, 경서 등이 주요 시험 과목이 되면서 한문학이 발달하게 되었다.
한문학은 귀족 사회의 필수적인 교양이 되었고, 일상 생활에서도 유교 경전의 문구가 자연스럽게 사용되었다. 그 결과, 고려의 한문학은 종래
중국의 것을 그대로 모방하던 단계를 벗어나 점차 독자적인 성격을 띠게 되었다.

중기 이후에는 귀족 사회에서 점차 사치와 향락적인 풍조가 심해졌고, 당⋅송의 한문학을 숭상하는 경향도 일어나게 되었다. 당⋅송 문학에의
심취는 전통 문화와의 괴리를 가져오게 하였다. 이러한 경향은 당시 귀족 문화의 사대성과 보수성을 강화하는 결과를 가져오기도 하였다.

고려 후기에는 신진 사대부의 대두로 새로운 경향의 문학이 나타나게 되었는데, 향가 형식을 계승한 경기체가와 어부가가 이에 속한다. 경기체가는
신진 사대부의 생활상을 반영한 것으로 한림별곡, 관동별곡, 죽계별곡 등의 작품이 남아 있다. 어부가는 전원 생활의 한가로운 모습을 그려 낸
처사적 문학이었다.

한림별곡  

이러한 귀족 문학과는 달리 민중 사회에서는 작자가 분명하지 않은 장가가 유행하였는데, 이를 속요라고도 하였다. 대표적인 작품으로는 청산별곡,
쌍화점 등이 있다. 이들 대부분은 서민의 감정을 대담하고 자유 분방한 형식으로 읊조린 것으로, 시가 문학의 새로운 경지를 열었다.

한문학에도 새로운 경향이 나타나, 수필 문학과 설화 문학이 유행하였다. 수필 문학의 대표적인 작품으로는 이인로의 파한집, 최자의 보한집,
이제현의 역옹패설 등이 있었고, 설화 문학의 대표적인 작품으로는 임춘의 국순전, 이규보의 국선생전, 이곡의 죽부인전 등이 있었다.

이 시기에는 한시도 크게 발달하였다. 이인로는 세련된 한시를 지어 명성을 얻었고, 이규보는 장편 서사시인 동명왕편을 지으면서 종래의 한문학
경향에 구애받지 않고 자유로운 문체를 구사하여 새로운 문학 세계를 추구하였다. 고려 말에는 이제현, 이곡, 이색, 이숭인, 정몽주 등의
뛰어난 한문학자가 나와 한시를 비롯한 한문학의 발달에 기여하였다.

이규보의 동명왕편

 (2) 불교의 발달

불교 정책

삼국 시대 이래로 불교는 왕실, 귀족과 깊이 연결되어 호국적이고 현세 구복적인 성격을 띠게 되었다. 고려 불교는 건국 초기부터 국가의 보호를
받으면서 크게 발달하였다.

고려 태조는 훈요 10조에서 불교를 숭상할 것과 연등회와 팔관회의 성대한 개최를 당부하여 불교 국가로의 방향을 제시하였다.

광종 때에는 승과 제도를 실시하여 교종선과 선종선을 두고, 급제자에게는 법계를 주어 승려의 권위를 높였다. 또, 국사와 왕사 제도를 두어
왕실의 고문 역할을 담당하게 하였으며, 귀법사를 창건하여 화엄종의 본찰로 삼으면서 분열된 종파를 수습하려는 노력을 기울였다.

이 무렵, 의통과 제관은 오월에 건너가 중국의 천태종을 부흥시키는 데 큰 공을 세웠다. 즉, 의통은 중국 천태종의 13대 교조가 되었고,
제관은 천태종의 기본 교리를 정리한 천태사교의라는 명저를 저술하였다.

한편, 성종 때에는 유교 정치 사상이 강조되면서, 연등회와 팔관회 등이 일시 폐지되기도 하였다. 그러나 현종 이후에는 불교가 국가의 보호를
받아 계속 융성하였으며, 현화사와 흥왕사 등 국력을 기울인 사찰이 건립되었다.

천태종의 성립

문벌 귀족 사회가 무르익던 11세기 전후에는 보수적이고 귀족적인 법상종이 화엄종과 더불어 발달함으로써 선종은 위축되었다. 이 때 화엄종
출신으로 문종의 넷째 아들인 대각국사 의천이 송에 유학하고 돌아왔다. 그는 흥왕사를 화엄종의 본찰로 삼아 법상종을 비롯한 교종 불교의 사상을
융합하고자 노력하였다. 그리고 원효의 화쟁 사상을 토대로 하여 불교 사상을 통합하려 하였다.

또, 의천은 교종의 입장에서 선종을 통합하기 위해 해동 천태종을 창시하였다. 그는 특히 이론과 실천의 양면을 강조하는 교관겸수(敎觀兼修)를
제창하였다. 이후, 의천의 문하에 많은 승려들이 모여들어 천태종의 융성기를 맞이하게 되었다. 의천의 교⋅선 통합 운동은 어느 정도
성공하였지만, 그의 통합 작업은 불완전한 것이어서, 그의 사후에 선종은 다시 독자적인 발전의 길로 나아가게 되었다.

대각국사 의천  

조계종의 성립

무신 정변 이후, 불교계에서는 선종의 부흥과 신앙 결사 운동의 새로운 움직임이 일어나기 시작하였다. 그것은 최씨 정권이 왕실과 문신 귀족의
비호 아래 성장해 왔던 교종 중심의 불교계를 탄압하는 대신에 선종 계통의 불교를 후원한 결과로 나타나게 되었다. 거기에다 보조국사 지눌 같은
뛰어난 선승이 나와 선종을 부흥시키고 불교계를 정화하려는 신앙 결사 운동을 전개한 결과였다. 이리하여 조계종을 중심으로 한 선종과 교종의
통합 운동이 나타나게 되었다.

송광사에 머무르고 있던 지눌은 당시 불교계의 타락을 비판하면서, 불교 수행의 중심을 이루는 두 요소인 참선과 지혜를 아울러 닦자는
정혜쌍수(定慧雙修)를 내세웠다. 그리고 승려 본연의 자세로 돌아가 예불 독경과 함께 참선 및 노동에 힘쓰자는 개혁 운동을 전개하였다. 이것은
개혁된 선종을 바탕으로 교종의 장점을 취하여 수행에 정진하자는 것으로, 선⋅교 통합을 지향한 것이기도 하였다.

송광사 국사전(전남 순천)  

지눌은 또, 정혜쌍수와 함께 그것의 바탕이 되는 이론으로 돈오점수(頓悟漸修)를 수행 방법으로 제시하였다. 돈오는 인간의 마음이 곧 부처의
마음임을 깨닫는 것이며, 점수는 깨달은 뒤에도 꾸준히 수행해야 해탈에 이를 수 있다는 주장이다. 지눌은 의천과는 달리 참선을 주로 하는
선종을 중심으로 교종과의 조화를 주장하였다. 이로써 고려 불교는 드디어 선⋅교 일치의 완성된 철학 체계를 이루게 되었다.

보조국사 지눌  

조계종은 지눌 이후 뛰어난 계승자들에 의하여 계속 발전하였다. 그 중에서도 유⋅불 사상의 일치설을 내세워 유교와 불교의 타협을 시도한
진각국사 혜심이 대표적인 인물이다. 이처럼, 조계종은 왕실 및 문신 귀족과 결탁한 세속적인 불교를 배척하는 한편, 산중 불교로서 독자적인
세력을 개척해 나갔다. 그뿐만 아니라 심성의 도야를 강조함으로써 장차 성리학을 받아들일 수 있는 사상적 터전을 마련하였다.

그러나 원의 간섭기에 접어들면서 불교계의 혁신 운동은 단절되었으며, 이후의 불교는 다시 세속화되어 폐단이 많았다. 당시의 불교 사원은 권문
세족의 후원을 받으면서 막대한 토지와 노비를 소유하였고, 고리대업과 상업에도 손을 대어 부패가 심하였다. 이에, 고려 말의 불교는 성리학을
수용한 신진 사대부들로부터 비판을 받게 되었다.

대장경의 조판

대장경이란, 경(經), 율(律), 논(論) 등 삼장(三藏)의 경전을 총칭하는 말로, 불교 전집이라 할 수 있다. 고려에서 국가적인 사업으로
대장경의 조판이 이루어졌던 것은 고려의 불교가 호국 불교, 현세 구복 불교로서의 성격을 지녔기 때문이었다.

초조 대장경은 현종 때 부처님의 힘을 빌려 거란을 물리치려는 염원에서 조판이 시작되어, 70여 년의 각고 끝에 완성되었다. 여기에는 불교의
교리를 정리하려는 뜻도 내포되어 있었다. 이 대장경은 대구 부인사에 판본이 소장되어 있던 중, 몽고의 침입으로 소실되었다. 현재 그 인쇄본의
일부가 남아 있다.

초조 대장경이 완성된 얼마 후에 의천이 중심이 되어 흥왕사에 교장도감을 설치하였다. 이 곳에서 국내의 것은 물론 송, 요, 일본 등에서 모아
온 대장경의 주석서인 장(章), 소(疏) 들을 간행하였는데, 이것이 이른바 속장경이다. 그는 먼저 불서 목록인 신편제종교장총록을 작성하고,
10년에 걸쳐 4760여 권을 간행하였다. 그러나 이 속장경도 몽고군의 침입으로 소실되었으며, 그 인쇄본의 일부가 국내외에 남아 있을
뿐이다.

현존하는 팔만 대장경도 몽고의 침입 때 부처님의 힘으로 국난을 극복하고자 만든 것이다. 고종 때 강화도에 대장도감을 설치하고 조판에 착수하여
15년 만에 완성한 팔만 대장경은 현재 합천 해인사에 그 목판이 보존되어 있다. 팔만 대장경은 그 내용이 방대하면서도 조판이 정교한데다가
오자나 탈자가 거의 없어, 동양 제일의 대장경으로 꼽히고 있다.

팔만 대장경 판가(해인사 장경판고)

 (3) 도교와 풍수 지리 사상의 유행

도교의 발달

삼국 시대에 전래된 도교는 고려 시대에 들어와 성행하였지만, 불교와 유교에는 크게 미치지 못하였다. 원래, 도교는 고대의 민간 신앙과
신선술을 바탕으로 하고, 거기에 도가 사상과 음양⋅오행의 이론 등이 첨가되어 성립된 종교로서, 불로 장생과 현세 구복을 추구하는 특징을
가졌다. 고려 시대의 도교는 하늘의 별들과 서낭신, 토지신 등 많은 잡다한 신을 모시면서, 재앙을 물리치고 복을 빌며, 국가의 안녕과 왕실의
번영을 기원하였다.

이에, 고려 시대에는 국가적인 도교 행사가 자주 베풀어졌다. 예종 때에는 도교 사원인 도관이 처음으로 건립되기도 하였다. 그러나 도교 사상은
특히 불교적인 요소가 강하였고, 도참 사상까지 수용하여 유⋅불과는 달리 일관성이 결여된 면이 있었다. 또, 교단이 성립되지 못함으로써 민간
신앙으로 널리 퍼지지 못하였다.

풍수 지리설

풍수 지리설은 산세와 수세를 살펴 도읍, 주택, 능묘 등을 선정하는 일종의 지리학으로서, 지형과 지세에 따라 국가나 개인의 길흉 화복이 많은
영향을 받는다는 것이다. 풍수 지리설은 도선에 의해 크게 선양되었는데, 여기에 예언적이고 신비한 성격의 도참 신앙이 가미됨으로써 고려
시대에는 풍수 지리설이 크게 성행하였다.

풍수 지리설에 의한 서경 길지설은 서경 천도와 북진 정책 추진의 이론적 근거가 되었으며, 개경 세력과 서경 세력의 정치 싸움에 이용되기도
하였다. 한편, 고려 중기에는 북진 정책의 퇴색과 아울러, 새로 남경 길지설이 대두하여 고려 말까지 정치적으로 영향을 끼쳤다.

 (4) 과학 기술과 예술의 발달

과학과 기술학

고려 시대의 과학과 기술학은 유학과 한문학에 비하여 비교적 소홀히 취급되었다. 그러나 국정 운영이나 현실 생활과 밀접한 관련이 있었기 때문에
국자감에서도 율학, 서학, 산학 등의 이른바 잡학이 교육되었다. 또, 과거에서도 기술관 등용을 위한 잡과가 실시됨으로써 과학과 기술학이
발전할 수 있었는데, 여기에는 중류층이 많이 참여하였다.

고려 시대에는 천문학과 역법이 발달하였다. 그 이유는 농사를 위한 천체 운행과 기후 관측에 천문학과 역법이 필요하였기 때문이었다. 그래서
천문 관측과 역법 계산을 맡아 행하던 관청으로 사천대(뒤의 서운관)가 설치되었다.

고려 시대에도 천재 지변을 하늘의 뜻으로 인식하였다. 따라서, 하늘의 뜻을 알아 내기 위해 천문 관측에 더욱 힘을 기울였기 때문에 정확한
역법을 계산하는 방법이 발달할 수 있었다. 역법의 경우 고려 초기에는 신라 때부터 쓰기 시작하였던 당의 선명력을 그대로 사용하였으나, 충선왕
때에는 원의 수시력을 채용하였고, 공민왕 때에는 명의 대통력을 받아들여 사용하였다.

기술학에서 가장 괄목할 만한 것은 인쇄술의 발달이었다. 건국 초기부터 개경과 서경에 도서관을 설치하고 많은 책들을 수집, 보관하였을 뿐만
아니라 새로이 책을 인쇄하기도 하였다. 그 결과, 대장경 간행에서 보듯이 목판 인쇄술은 전기부터 크게 발달하였다. 그러나 여러 가지 책을
소량으로 인쇄할 경우 목판보다는 활판 인쇄가 더 효과적이었기 때문에 일찍부터 활판 인쇄술의 개발에 힘을 기울였다. 이에 중기 이후에는 금속
활자가 발명되어 활판 인쇄가 발전할 수 있는 길이 열렸다.

고종 때에는 금속 활자로 상정고금예문을 인쇄하였는데(1234), 이는 서양에서 금속 활자가 사용된 것보다 200여 년이나 앞선 것이었다.
상정고금예문은 오늘날 전해지지 않지만, 그 대신 1377년에 간행된 직지심체요절이 프랑스 파리에서 발견되어 현존하는 세계 최고의 금속
활자본으로 공인받고 있다. 금속 활자의 사용이 활발해지자, 공양왕 때에는 서적원이란 전문 인쇄 기관을 설치하여 주자와 인쇄를 맡아 보게
하였다.

직지심체요절  

의학도 상당한 수준으로 발달하였다. 국초부터 지방 학교에 의학 박사를 파견하였고, 중앙의 태의감에서는 의생을 교육하였으며, 이들을 대상으로
의과를 시행하게 하였다. 고려 중기의 의학은 당⋅송 의학의 수준에서 한 걸음 더 나아가 우리 실정에 맞는 자주적인 의학으로 발달함으로써,
현존하는 우리 나라 최고의 의학 서적인 향약구급방을 비롯해서 많은 의서가 나오게 되었다.

과학 기술의 발달은 국방력 강화에도 기여하였다. 고려 말에 최무선은 화약 제조법을 배워 새로 설치된 화통도감에서 화약과 화포를 제작하였다.
최무선은 이 화포를 이용하여 진포 싸움에서 왜구를 격퇴하여 그 위력을 과시하였다.

건축과 조각

고려 시대의 예술은, 고려 귀족 사회의 특성이 반영되어 귀족적이며 불교적인 색채가 강하였다.

건축에서는 개경의 궁궐을 비롯하여 현화사, 흥왕사 등의 사찰을 많이 건립하였지만, 모두 불타 버렸다.

현존하는 목조 건물은 고려 후기의 것들이다. 이 시기에는 이전부터 유행하던 주심포 양식에다 다포 양식이 새로이 도입되었다. 현존하는 목조
건물로는 봉정사 극락전, 부석사 무량수전, 수덕사 대웅전 등이 있다. 안동의 봉정사 극락전은 주심포 양식으로 된 현존하는 최고의 목조 건물로
알려져 있다.

배흘림 기둥과 주심포 양식을 지닌 영주 부석사 무량수전은 장중한 외관과 함께 간결한 조화미를 지녀 고려 후기 목조 건축의 대표적인 작품으로
꼽힌다. 또, 고려 말에 건립된 안변의 석왕사 응진전은 다포 양식으로서, 조선 시대의 건축 양식에 큰 영향을 끼쳤다.

부석사 무량수전 실측도(경북 영주)  

고려 시대의 석탑은 대체로 안정감이 부족하여 조형 감각면에서는 신라 시대의 석탑에 비해 다소 떨어지는 느낌이 있다. 그러나 형식에 구애받지
않는 자연스러운 면을 보여 주고 있다. 그리고 고려 시대의 석탑은 신라 계통에서 벗어나 여러 가지 형식의 것이 만들어졌다. 고려 전기의
대표적인 석탑으로는 개풍의 현화사 7층 석탑, 오대산의 월정사 팔각 9층 석탑 등이 있는데, 특히, 월정사 팔각 9층 석탑은 고려 시대의
다각 다층 석탑을 대표하고 있다. 고려 후기의 석탑으로는 경천사 10층 석탑이 유명하다. 이것은 원의 양식을 본딴 것으로 조선 시대의
원각사지 10층 석탑의 원형이 되었다.

월정사 팔각 9층 석탑(강원 평창)  

경천사 10층 석탑(서울 경복궁)  

승려들의 사리를 안치한 묘탑인 부도는 고려 시대에 들어와 조형 예술의 중요한 부분이 되었다. 특히, 선종의 유행과 관련하여 장엄하고 수려한
부도들이 많이 만들어졌다. 구례 연곡사의 북부도, 공주 갑사의 부도, 여주 고달사지의 원종대사 혜진탑 등은 팔각 원당형의 기본 양식을 지니고
있다. 또, 정토사 홍법국사 실상탑과 법천사 지광국사 현묘탑 등도 고려 전기의 걸작으로 꼽히고 있다.

불상의 경우, 재료면에서는 석불과 금동불이 주류를 이루었으나, 대형 철불의 제작이 유행하여 고려 불상의 한 특징이 되었다. 제작 수법에서는
신라 시대에 비하여 다소 뒤떨어지는 경향이 있고, 인체 비례가 균형을 이루지 못하고 있어 조형미도 퇴화된 감이 있다.

그러나 형식에 구애받지 않는 자유 분방한 면과 함께 향토적 특색이 나타나게 된 것은 이 시대 불상에 보이는 커다란 변화였다. 이러한 경향은
건국 초기에 만들어진 논산의 관촉사 석조 미륵보살 입상과 같은 거대한 규모의 불상에서 잘 나타난다. 고려 시대를 대표하는 가장 우수한
불상으로는 신라 양식을 계승한 부석사 소조 아미타여래 좌상을 들 수 있다.

부석사 소조 아미타여래 좌상  

공예

고려 시대의 미술 분야에서 가장 발전을 보인 분야는 공예 부분이다. 고려의 공예는 귀족들의 생활 도구와 불교 의식에 사용되는 불구 등을
중심으로 크게 발전하였다. 그 중에서도 가장 뛰어난 것은 자기 공예였다.

고려자기는 신라 토기의 전통 위에 송의 자기 기술의 영향을 받아 더욱 발달하게 되었다. 10세기 전반기에 자체적으로 자기를 생산하면서
본격적인 발전의 전기를 마련하였다. 이어서 귀족 사회의 전성기인 11세기경에는 고려자기의 독특한 미가 나타났다. 이로 인하여 중국인들도
고려의 자기를 천하의 명품이라 칭찬하였다.

처음에는 청자와 함께 백자가 만들어졌지만, 점차 청자가 주류를 이루며 발전하였다. 청자 초기 단계에서는 주로 그릇 모양과 함께 선을 강조하는
순수 청자가 발달하였다. 12세기 중엽부터는 고려의 독특한 기법인 상감법이 개발되어 상감 청자가 만들어지게 되었는데, 강화에 도읍한 13세기
중엽까지 상감 청자의 전성기를 이루었다. 그러나 원의 간섭기에 들어가면서 퇴락하게 되었다.

고려 청자는 연한 하늘색인 비색의 아름다움과 함께 그릇의 각종 모양과 장식이 조화를 이루는 우아한 형태를 갖춘데다가, 음각과 양각 및
상감법에 의한 독특한 무늬가 어우러져 세련된 아름다움과 고려 문화의 독창성을 창출해 내었다.

청자를 굽던 곳으로는 강진, 부안 등이 유명하며, 특히 강진에서는 청자 초기의 가마 터가 발견되어 보존되고 있다.

청자 가마 터(전남 강진)  

자기 공예와 함께 금속 공예 분야도 큰 발전을 보였다. 특히, 청동기 바탕에 은으로 장식 무늬를 넣은 은입사의 기술이 크게 발달하여, 청동
은입사 포류 수금무늬 정병과 향로 같은 걸작품을 남겼다.

청동 은입사 포류 수금무늬 정병  

그 밖에 신라 시대 양식을 계승한 범종이 많이 제작되었는데, 화성의 용주사 종, 해남의 대흥사에 있는 탑산사 종 등이 대표적이다.

용주사 범종(경기 화성)  

또, 불경을 넣는 경함, 화장품갑, 문방구 등에 자개를 붙여 무늬를 나타내는 나전 칠기 공예가 발달하였는데, 이는 조선 시대를 거쳐
오늘날까지 전하고 있다.

서화와 음악

고려 시대 전기의 서예는 왕희지체와 구양순체가 유행하였는데, 특히 귀족들 사이에서는 간결한 구양순체가 환영을 받았다. 대표적인 서예가로는
유신, 탄연, 최우를 들 수 있다. 이들은 신라의 김생과 함께 신품 4현이라고 일컬어졌다. 후기에는 구양순체보다는 조맹부의 우아한 송설체가
유행하였는데, 충선왕 때의 이암이 뛰어났다.

회화는 후기에 와서 왕실과 귀족들이 즐겨 그리면서 감상하고 수집하였으며, 도화원이 설치되어 화원을 두기도 하였다. 대표적인 화가로는 인종 때
예성강도를 그린 이령과 그의 아들 이광필이 유명하지만, 그들의 작품은 전하지 않고 있다. 고려 후기에는 문인화가 유행하였으나, 현재 전해지는
것은 거의 없다. 한편, 공민왕이 그렸다는 천산대렵도가 전해져 당시의 화풍을 잘 보여 주고 있다.

한편, 고려 시대에는 불교 회화가 성행하였다. 고려 후기에 그려진 불화 중 혜허의 양류 관음도가 일본에 전해 오고 있는데, 섬세하고도
화려하여 불화 중에서 대표적인 걸작으로 꼽히고 있다. 부석사 조사당 벽에 그려진 사천왕상과 보살상도 유명하다. 또, 불교 경전을 필사하거나
인쇄할 때, 맨 앞장에 그 경전의 내용을 알기 쉽게 그림으로 설명한 사경화도 유행하였다.

혜허의 양류 관음도  

음악은 국가 의례나 풍속 교화의 측면에서 국가가 관심을 가지고 지원함으로써 발달하게 되었다. 우리 나라 고유 음악인 향악은
속악(俗樂)이라고도 하며, 동동, 대동강 등의 곡이 남아 있다. 악기로는 거문고, 비파, 가야금, 대금, 장고 등이 있었다.

한편, 송에서 수입된 중국 고전 음악인 대성악이 궁중 음악으로 발전하여 아악이라고 일컬어지게 되었다. 아악은 오늘날까지도 격조 높은 전통
음악으로 전해지고 있다. 아악의 전래는 고려 음악의 수준을 한 차원 높였다고 할 수 있다. 이와는 달리 당악이라 하여 송의 속악이 문종 때에
전래되어 향악과 함께 연주되면서 고려 음악의 발전에 영향을 끼쳤다.

고려사 악지

 Ⅴ. 근세 사회의 발달

   1\. 근세 사회로의 전환  
   2\. 근세의 정치적 변화
   3\. 근세의 사회와 경제
   4\. 근세 문화의 발달

훈민정음  

단원 개관

고려에서 조선 사회로의 전환은 단순한 왕조 교체가 아니라 정치, 경제, 사회, 문화 등 여러 방면에 걸친 커다란 진전이었다.

15세기에는 왕권을 중심으로 하는 국가 질서가 강화되고, 양반 관료 중심의 지배 체제가 정비되면서 국가 재정이 충실해졌다. 또, 민생의
안정과 권농 정책의 적극적인 추진으로 인구와 농지가 증가하면서 국력이 신장되었다. 정치적 안정과 사회⋅경제적 기반 위에서, 민족 의식의
각성과 실용적인 학문의 숭상으로 민족 문화가 크게 창달되었다.

16세기에는 사림의 세력이 강화되어, 정치, 경제, 사회, 문화면에서 그들의 역할이 증대되었다. 그러나 임진왜란, 병자호란 등 외침을 잇따라
겪게 되어, 그 동안의 발전이 큰 타격을 받았다.

우리 나라 | 연대 | 다른 나라  
---|---|---  
(1392) 조선의 건국 |  |   
(1394) 한양 천도 |  |   
| 1400 | (1405) 정화의 남해 원정  
(1437) 6진 설치 |  | (1429) 잔 다르크, 영국군 격파  
(1446) 훈민정음 반포 |  | (1453) 비잔틴 제국의 멸망  
(1469) 경국대전 완성 |  | (1492) 콜럼버스, 아메리카 항로 발견  
(1510) 3포 왜란 | 1500 | (1517) 루터의 종교 개혁  
(1543) 백운동 서원 건립 |  | (1519~1522) 마젤란, 세계 일주  
(1555) 을묘왜변 |  |   
(1592) 임진왜란 |  | (1598) 프랑스, 낭트 칙령 발표  
| 1600 | (1600) 영국, 동인도 회사 설립  
(1623) 인조 반정 |  | (1616) 후금의 건국  
(1636) 병자호란 |  | (1644) 명의 멸망

 1. 근세 사회로의 전환

   (1) 근세의 세계
   (2) 한국의 근세 사회

개요

고려 말 정치⋅사회적 혼란과 이민족의 침입이 계속되는 가운데, 새로운 사회를 지향하는 신진 사대부와 신흥 무인 세력이 대두하였다. 이들은
위화도 회군을 계기로 정권을 장악한 다음, 토지 개혁을 기반으로 새 왕조를 창건하였다.

새 왕조는 국호를 조선으로 하고, 수도를 한양으로 옮겨 국가의 면모를 일신하였다. 그리고 부국 안민을 목표로 하여 유교적 정치 이념에 입각한
통치 체제를 확립하였다.

조선 왕조의 개혁 정치로 고려 말기의 여러 가지 모순이 시정되고, 정치 참여의 폭이 확대되었다. 그리고 개인의 능력이 존중되었으며, 정치
체제와 사회 제도가 보다 합리적으로 개편되었다 이로써, 조선 전기의 사회는 한 단계 진전된 새로운 사회로 전환되어 갔다.

◇ 연구 과제 ◇

1\. 15세기 동양의 정세는 어떠하였는가?

2\. 조선 건국의 주체 세력인 신진 사대부들은 어떠한 정치 이념을 지녔는가?

3\. 조선의 건국이 지니는 역사적 의의는 무엇인가?

4\. 조선 전기를 근세 사회로 규정할 수 있는 이유는 무엇인가?

 (1) 근세의 세계

서양의 근세

조선 왕조가 성립되어 발전하고 있는 동안, 서양에서는 중세 봉건 사회가 무너지고 새로운 근대 사회와 근대 문화가 싹트기 시작하였다. 이
시기를 근세라고도 한다. 새로운 사회와 문화 운동은 르네상스, 신항로의 개척과 유럽 세계의 확대, 종교 개혁 등으로 나타났다.

르네상스는 14, 15세기에 이탈리아를 중심으로 전개되었고, 16세기에는 알프스 이북의 유럽 각지에 널리 퍼졌다. 이는 그리스, 로마의 고전
문화의 부흥을 통한 새로운 문화 운동이었으며, 또한 인간주의적, 현세적인 근대 문화의 창조 운동이기도 하였다.

유럽 세계의 확대는 포르투갈과 에스파냐를 중심으로 시작된 신항로의 개척과 신대륙의 발견으로 이루어졌다. 이로써 포르투갈은 동양 무역을
독점하였고, 에스파냐는 신대륙에 광대한 식민지를 개척하였다. 또, 네덜란드와 영국, 프랑스 등도 다투어 해외로 진출하였으며, 이 시기에
유럽의 경제는 비약적으로 발전하여 상업 혁명이 일어나고 자본주의가 발전하기 시작하였다. 그리고 각국의 절대 왕정들은 중상주의 정책을
적극적으로 추진하였다.

16세기에 독일에서 시작된 종교 개혁은 루터 파, 칼뱅 파, 영국 국교회 등의 프로테스탄트 교회를 성립시켰다. 이에 중세 크리스트 교 세계의
통일이 깨어졌으며, 종교 개혁 운동은 사회 개혁 운동, 민족 운동 등과 연결되어 전개되었으므로 그 파급 영향이 매우 컸다. 또, 이 시기에는
카톨릭 교회의 개혁 운동으로 예수회가 창설되었고, 예수회 선교사들이 동양과 신대륙에서 활동하여 로마 카톨릭이 널리 전파되기도 하였다.

동양의 근세

14세기 후반에 성립된 중국의 명은 정복 왕조인 원을 무너뜨리고 한족의 왕조를 재건하였다. 명은 15세기 초 성조 영락제 시대에 전성기를
맞이하였으며, 이 시기에 정화(鄭和)는 남해 원정을 단행하여 명의 국위를 인도양과 아프리카 동해안에까지 떨쳤다. 그러나 이후 명은 점차
쇠퇴하여 북쪽으로는 몽고족의 침입과 남쪽으로는 왜구의 약탈에 시달리게 되었다. 16세기 말에 조선에서 일어난 임진왜란에의 출병으로 명의
국력은 더욱 쇠약해졌고, 17세기에는 여진족이 세운 청이 명을 대신하여 중국을 지배하게 되었다.

자금성(명⋅청 시대의 궁궐)  

한편, 서아시아와 남아시아에서는 이슬람 세력이 강성하고 이슬람 국가들이 번영을 지속하였다. 오스만 투르크 제국은 서아시아, 아프리카, 유럽의
3대륙에 걸친 제국으로 발전하였고, 중앙 아시아에서 건국된 티무르 제국과 이란 지방의 사파비 왕조도 한때 번성하였다. 또, 인도에서는 무굴
제국이 수립되어 인도 문화와 이슬람 문화가 융합되어 발전하였다. 이슬람 세력은 동남 아시아에도 진출하여 오늘날 인도네시아와 말레이시아 일대에
이슬람교가 성행하게 되었다.

또, 이 시기에는 서양 세력이 동양에 진출하여 침략의 거점을 마련하였다. 이에 인도를 비롯한 남아시아와 동남 아시아 일대는 점차 서양 세력의
영향을 받게 되었다.

 (2) 한국의 근세 사회

신진 사대부의 성장

고려 후기 성리학을 공부한 사대부들은 학문적 실력을 바탕으로 과거를 통하여 중앙 관리로 진출하였다. 또, 한편으로는 중소 지주로서 향촌에서
사회적 영향력을 행사하였으며, 농민들로부터 어느 정도 지지를 받고 있었다. 이에 신진 사대부들은 새로운 정치적 주역으로 등장할 수 있었다.

이들 신진 사대부들은 성리학에서 사회적인 갈등을 극복할 수 있는 보편적인 원리와 자신들의 정치적인 행위에 대한 명분을 얻었다. 그리고 고려
말에 이르러 왜구와 홍건적의 침입을 격퇴하는 과정에서 성장한 무인 세력과 정치적으로 협력하면서 사회의 불안과 국가적인 시련을 해결하고자
하였다.

위화도 회군

고려 말 홍건적과 왜구의 침입을 격퇴하는 과정에서 무인 세력이 성장하고 있었다. 공민왕 때 홍건적이 두 차례나 침입하여, 한때 개경이
함락되고 왕이 안동까지 피난하는 사태가 있었다. 한편, 왜구의 침입에 따른 피해는 더욱 커서, 전국의 해안 지방을 황폐하게 하였다. 이에
고려는 적극적으로 남과 북의 외적에 대한 토벌 작전을 수행하게 되었는데, 최영과 이성계는 이 과정에서 큰 전과를 거두어 국민의 두터운 신망을
얻었다.

홍건적과 왜구의 격퇴  

왜구의 토벌이 진행되던 때, 명은 원이 직속령으로 했던 철령 이북의 땅을 지배하겠다고 통보해 왔다. 이에 고려 조정은 요동을 정벌하는 것으로
대응하고자 하였다. 그러나 요동 정벌을 두고 고려 조정은 의견이 둘로 갈라졌다. 최영을 중심으로 하는 쪽은 출병을 주장하였으나, 이성계를
중심으로 하는 쪽은 출병을 반대하였다. 결국 최영의 주장에 따라 요동 정벌이 단행되었으나, 이성계 등은 위화도에서 회군하여 반대파인 최영
등을 제거하고 정치적 실권을 장악하였다(1388).

전제 개혁

정권을 장악한 이성계 세력은 전제 개혁을 통하여 경제적 기반을 구축하였다. 그것은 과전법으로, 조준, 정도전 등에 의해서 추진되었다. 이들은
전국의 토지를 조사한 후, 지금까지의 토지 대장을 불태워 버리고 새로운 토지 대장을 작성하여 과전법을 실시하였다.

조준의 전제 개혁안(고려사)  

과전법은 토지 수조권의 분배를 재조정하여 신진 관료들의 생활 기반을 보장하려는 제도였다. 또, 국가의 재정 확보와 백성들의 처지도 고려하여
실시한 토지 제도였다.

농민에 대한 어느 정도의 경제적 배려로 경작권을 보호하고 조세율을 조정하였다. 이것은 농업 생산성을 극대화하여 국가의 조세 수입과 농민의
생활을 보장하려는 것이었다.

조선의 건국

공민왕의 개혁이 실패한 후, 권문 세족의 횡포는 더욱 심해졌다. 이러한 상황에서, 사대부층은 점차 고려 왕조 테두리 안에서의 점진적인 개혁을
추구하려는 온건파와 왕조 자체를 바꾸려는 적극적인 혁명파로 갈렸다. 이 때, 다수의 사대부들은 대체로 정치적 안정을 추구하는 온건파였다.
그러나 정도전 등의 혁명파는 위화도 회군을 계기로, 권문 세족과 정몽주를 비롯한 온건파 사대부를 제거하고 이성계를 왕으로 추대하여 새 왕조를
개창하였다(1392).

새 왕조는 국호를 조선으로 고치고, 수도를 한양으로 옮기면서 고려 왕조의 구질서를 일신하려 하였다. 중앙 집권적으로 제도를 개혁하여 농민에
대한 지방 토호들의 횡포를 제거하였으며, 과거 제도를 정비하여 관료 체제의 기반을 갖추었다.

한양의 모습(수선전도)  

광화문과 관아  

국제적으로는 명과 일본에 대해서 실리 추구의 능동적 외교 관계를 설정하였다. 그것은 당시 국제 사회에 대한 정치적 안목과 명분론에서 비롯된
것이었다.

근세 사회의 전개

조선 왕조는 표면상으로는 고려와 유사한 왕조인 듯하지만, 그 이면에는 다음과 같은 큰 차이점이 있다.

첫째, 정치적으로는 왕권 중심으로 권력 구조를 바꾸고, 중앙 집권적으로 제도를 개편하여 관료 체제의 기틀을 마련하였다. 그리고 정비된 중앙
집권 체제를 원만히 운영하기 위하여 왕권과 신권의 조화에 노력하면서 모범적인 유교 정치를 추구하였다.

둘째, 사회⋅경제적으로는 양인의 수가 증가하고, 양인의 권익이 보다 신장되었을 뿐 아니라, 자영농의 수도 전보다 더 늘어났고, 농민의
경작권이 보장되었다. 그리고 과거 제도가 정비되면서 능력이 보다 존중되었다.

셋째, 문화적으로는 교육의 기회가 확대되고, 민족적 자각을 일깨우는 정신 문화와 국민 생활에 기여하는 기술 문화를 크게 진작시켜 민족 문화의
확고한 기반을 마련하였다.

이와 같이, 조선 사회는 고려에 비하여 보다 더 진전된 사회로 발전하고 있었다. 조선 전기의 사회를 근세 사회로 규정하는 이유가 바로 여기에
있다.

 2. 근세의 정치적 변화

   (1) 정치 체제의 확립
   (2) 사림의 대두와 붕당 정치
   (3) 조선 초기의 대외 관계
   (4) 왜란과 호란

개요

조선 왕조는 유교 정치 이념을 내세워, 왕권 중심의 중앙 집권적 통치 체제를 이룩하였다. 대내적으로는 수취 제도를 개선하여 서민들의
사회⋅경제적 지위를 향상시키고, 교육의 기회를 넓히며, 관리 선발 제도를 정비하였다. 대외적으로는 신장된 국력을 바탕으로 영토를 확장하고,
신축성 있는 외교 정책을 펴나갔다.

그러나 15세기 말부터 조선 사회에는 여러 가지 면에서 변화가 일어났다. 양반 사대부들에 의한 토지 겸병과 농장의 확대는 농민의 부담을
가중시켜 경제의 피폐를 가져왔다. 이에 사회 병폐의 해결과 왕조의 안정을 위한 성리학적 이상 정치를 내세우는 사림의 진출이 현저하였다.
사림은 훈구파와의 정치적 갈등으로 몇 차례의 사화를 겪었으나, 16세기 후반에는 사림이 집권하면서 붕당 정치가 전개되었다.

◇ 연구 과제 ◇

1\. 조선의 중앙 집권 체제는 어떠한 과정을 거쳐 정비되었는가?

2\. 조선의 통치 체제는 고려 시대에 비하여 어떻게 달라졌는가?

3\. 사림 세력의 대두로 인하여 나타난 정치적 변화는 어떠하였는가?

4\. 조선의 외교 정책은 어떠한 원칙 위에서 추진되었는가?

5\. 임진왜란과 병자호란은 동아시아의 정세에 어떠한 변화를 가져왔는가?

 (1) 정치 체제의 확립

집권 체제의 정비

새 왕조의 기틀은, 태조 때 개국 공신인 정도전에 의해 다져졌다. 정도전은 조선경국전, 경제문감 등을 저술하여 민본적 통치 규범을 마련하고,
불씨잡변을 통해 불교를 비판하였으며, 성리학을 통치 이념으로 확립시켰다.

새 왕조는 통치 질서의 정비와 함께 국호를 조선으로 고쳐 고조선의 후계자임을 자처하고, 도읍을 교통과 국방의 요지인 한양으로 옮겼다. 그리고
군사 체제를 정비하고 국방력을 강화하였다.

태종 때에는 공신 세력을 견제하면서 관제의 개혁, 사원전과 사원 노비의 제한, 양전 사업 실시, 호패법의 시행, 사병(私兵) 제도의 폐지,
신문고 설치 등의 개혁을 단행하여 국가 기반을 확고히 하였다.

세종 때에는 황희, 맹사성 등의 청렴한 재상을 중용하였으며, 집현전을 왕립 학술 기관으로 육성하였다. 그리고 유학자들을 우대하여 유교 정치를
실현하려 하였다. 이에 왕조와 민생이 안정되었다. 그리고 국토가 확장되어 오늘날과 같은 국경선이 확정되었다. 또, 한글의 창제로 민족 문화가
꽃피었다.

세종, 문종에 이어 어린 단종이 즉위하면서 정치 기강이 흔들리고 양반 관료의 귀족화 현상이 나타났다. 그러나 세조가 즉위하면서 왕권을 다시
강화하였으며, 조정의 권신과 지방 세력을 억제하면서 중앙 집권 정책과 부국 강병 정책을 추진하였다.

성종 때에는 조선 왕조의 통치 규범인 경국대전이 완성됨으로써 집권 체제가 정비되고 유교적 법치 국가의 면모를 갖추게 되었다.

유교적 통치 이념

조선 왕조는 정치적으로는 유교의 덕치주의와 민본 사상을 바탕으로 왕도 정치를 구현하려 하였다. 왕도 정치는 도덕과 윤리를 바탕으로 하는
정치로서, 사회 질서를 중시하였다.

사회적으로는 양반 중심의 지배 질서와 가족 제도에 종법 사상이 응용되었다. 즉, 신분적으로 양천의 구분을 엄격히 하고, 이에 따른 직역을
법제화하였다. 그리고 유교의 가부장적 가족 원리가 점차 보편화되었다.

경제적으로는 지배층의 농민 지배를 허용하는 사회 경제 관계를 관철시키려 하였다. 그리하여 지배층이 농업 경영에 참여하고, 지배와 피지배
관계가 경제 관계에서도 작용하였다.

국제 관계에서는 평화 추구의 친선 정책을 기본 외교 정책으로 삼았다. 그리하여 국제적 긴장 관계를 완화하고자 하였다.

그리고 사상적으로는 불교, 도교, 토속 신앙을 포함하는 종교적 생활까지도 유교 사상으로 흡수하고자 하였다. 그러나 현실적인 면에서 고려 이래
사회 관습상의 잔재로 이상적인 유교 이론을 수용하는 데에는 거리감이 있었다. 그리하여 서민 사회에서는 불교, 도교, 토속 신앙 등이 그대로
잔존하였다.

중앙의 정치 조직

유교적 통치 이념은 정치 구조에 반영되어 동⋅서 양반의 균형을 갖추게 되었다. 그것은 경국대전에 명시되어 있다. 경국대전은 조선 왕조가
지향하는 정치 구조를 법제화한 것이다.

중앙의 기본적 정치 구조는 의정부와 6조 체계로 편성되었다. 의정부는 최고의 관부로서, 재상들의 합의를 통하여 국정을 총괄하였다. 6조는
직능에 따라 행정을 분담하였다. 이것은 행정의 기능적 분화와 통일성을 조화시킨 것이다.

행정 분야와는 다르게 간쟁권을 가진 언관으로서 사간원, 사헌부, 홍문관의 3사가 있었다.

사간원, 사헌부는 양사 또는 대간이라 불렀는데, 간쟁과 감찰 기능을 가지고 있었다. 대간은 서경권을 가지고 있어 관리 임명에 신분, 경력
등을 조사하여 그 승인에 간여하였다. 홍문관은 유교의 학문적 연구를 토대로 하여 정책 결정에 자문하였다.

한편, 국왕의 비서 기관인 승정원과 왕의 특명에 의하여 죄인을 다스리는 의금부가 있었는데, 이들은 왕권의 강화와 유지를 위한 핵심적인
기관이었다.

그 밖에, 역사 편찬을 담당하는 춘추관과 수도의 행정과 치안을 담당하는 한성부가 있었다.

또, 학식 있는 신하들이 국왕과 만나 자연스럽게 학문과 정책을 토론하는 경연 제도를 두었다.

지방의 행정 조직

전국을 8도로 나누고, 8도에는 관찰사(감사)를 파견하였는데, 관찰사는 부, 목, 군, 현의 행정을 감찰하였다.

조선 시대의 관제  

조선의 8도  

수령인 부사, 목사, 군수, 현령(현감)은 왕에 의하여 임명되어, 백성들로부터 조세와 공물을 징수하였다. 이 직무를 수행하기 위하여 모든
지방 행정 단위에는 중앙의 6조에 상응하는 6방의 조직이 갖추어져 있었고, 그 사무는 토착의 향리들이 향역으로 세습하면서 담당하였다.

군현 아래에는 면, 리, 통을 두고, 향촌 주민 중에서 그 책임자를 선임하여 수령의 정령을 집행하게 하였다. 따라서, 국가의 통치권이 향촌의
말단에까지 미칠 수 있었다.

한편, 새 왕조를 개창한 신진 사대부는 이제까지 군현의 지배권을 가지고 있던 향리를 배제하고, 양반 중심의 향촌 사회를 확립하였다. 이
과정에서, 고려의 사심관 제도는 경재소와 유향소로 분화, 발전하게 되었다. 즉, 향촌의 덕망 있는 인사들이 유향소를 구성하여 수령을 보좌하고
향리를 규찰하면서, 지방 행정에 참여하였다. 또, 초기부터 경재소를 수도에 두어, 유향소와 정부 사이의 연락 기능을 맡게 함으로써 정부와
향촌을 연결시키고, 유향소를 중앙에서 직접 통제할 수 있게 하였다. 이로써 향촌 자치를 허용하면서도 중앙 집권을 효율적으로 강화할 수
있었다.

이와 같이 중앙 집권 체제가 강화된 것은, 백성에 대한 국가의 지배력이 커진 것을 의미하는 동시에, 백성이 지방 세력가의 임의적인 지배로부터
벗어나게 된 것을 의미한다.

한편, 고려 시대에 광범하게 존재하였던 속현과 특수 행정 단위인 향, 소, 부곡이 점차 소멸되고, 인구의 증가와 자연 촌락의 성장에 따라
면⋅리 제도가 정착되어 간 것도 획기적인 발전이었다.

군역 제도와 군사 조직

조선은 건국 초기부터 군역 제도를 정비하고 군사 조직을 강화하여 국방력이 크게 향상되었다. 군역은 양인 개병과 농병 일치를 원칙으로 하였다.
즉, 16세 이상 60세에 이르는 양인 장정들은 누구나 군역을 져서, 현역 군인인 정군(正軍)이 되거나 군인의 비용을 부담하는 보인(保人)이
되어야 하였다. 그것은 양인인 농민이 자유인으로서 가지고 있는 권리에 대한 대가이기도 하였다. 노비는 권리가 없기 때문에 원칙적으로 군역의
의무가 없었으나, 필요에 따라서는 특수군으로 편제되기도 하였다.

군인은 크게 중앙군과 지방군으로 나뉘었다. 5위를 기간 부대로 하는 중앙군은 궁궐의 수비와 수도의 방비를 담당하였다. 중앙군은 정군을
비롯하여, 시험에 의하여 선발된 사람, 왕족과 공신, 고급 관료의 자제들로 편성된 특수병들로 구성되었는데, 이들은 고급 군인으로서 복무
연한에 따라 품계와 녹봉을 받았다.

지방군은 육군과 수군으로 나뉘어 건국 초기에는 국방상의 요지인 영⋅진에 나아가 복무하였고, 그 일부는 교대로 수도에서 복무하였다. 그리고
세조 이후로는 전국의 군현을 지역 단위의 방위 체제로 편성하는 진관 체제(鎭管體制)를 실시하였다. 지방군은 의무 병역으로 징발된
정병들이지만, 복무 연한에 따라 품계를 받기도 하였다.

조선 시대의 군사 조직  

한편, 정규군 이외에 잡색군(雜色軍)이라는 일종의 예비군이 있었다. 잡색군은 전직 관료, 서리, 향리, 교생, 노비 등 각계 각층의 장정들로
조직되어, 평상시에는 본업에 종사하면서 일정한 기간 동안 군사 훈련을 받아 유사시에 향토 방위를 맡았다.

조선 초기에는 개병제의 원칙이 비교적 잘 지켜져서, 세종과 세조 때에는 정규군이 15만 명에서 30만 명 정도였으며, 보인과 잡색군을 합하면
모두 80만 명에서 100만 명 정도의 군사력이 있었다.

한편, 국방력을 강화하기 위하여 군역 대상자를 조사, 등록시키는 호적 제도와 호패 제도를 강화하였다. 쓰시마 섬을 정벌하고 4군과 6진을
개척할 수 있었던 것은 이러한 국방력의 증강에 힘입은 것이다.

교통과 통신

중앙 집권 체제를 강화하기 위해서 교통과 통신 체제의 효율적 운영이 요구되었다. 이에 육로는 역원제, 수로는 강과 바다에서 선박을 이용하는
조운제, 국방상의 위기에 신속히 대처하기 위한 봉수제가 운영되었다. 그러나 농업 위주의 정책으로 상업이 부진하여 도시와 도로가 발달하지는
못하였다. 따라서, 지방 관아를 중심으로 하는 지방 행정 도시의 경우도 도로가 협소하였다. 교통 수단은 주로 마필과 가마였다. 화물 운송
수단으로 육로에는 우마가 끄는 수레가, 수로에는 판선(목선)이 이용되었다. 현물로 징수한 세미의 수송은 수로를 이용하였는데, 하천과 해안
요지의 조창에서 이를 모아 중앙의 경창으로 운송하였다.

교통⋅통신 기관으로는 역과 원이 있었다. 전국의 주요 도로에는 500여 개의 역이 있었다. 역에는 역마를 두어, 관청의 공문 전달과 공납물
수송을 담당하게 하였다. 또, 공무 여행자에게는 역마를 이용할 수 있도록 마패가 발급되었다. 고급 관리는 지방 관아에 부설된 객사를
이용하였고, 일반인은 주막을 이용하였다.

교육과 과거 제도

유교 이념에 기초한 조선 왕조는 교육에 대하여 관심이 지대하였다. 교육의 효과를 높이고 학문의 심화를 위해 교육 제도와 과거 제도를
유기적으로 연계시켰다.

전국의 학생 정원은 대략 1만 6천 명 정도였으나, 16세기 이후로 정원 외의 학생이 증가해 갔다. 학생들은 초등 교육 기관으로 전국 각지에
설치되어 있는 서당에서 학문의 기초를 익히거나, 4학이나 향교에 진학하여 소과에 응시하였으며, 합격자는 생원, 진사가 되어 성균관에 들어가는
자격을 얻었다. 성균관 유생 및 이와 동등한 자격을 가진 사람은 문과에 응시할 수 있었다.

성균관의 대성전(서울 성균관 대학교)  

향교(전북 장수)  

과거는 문과, 무과, 그리고 특정한 기술을 시험하는 잡과의 세 분야로 나뉘었다.

문과 지망자는 원칙적으로 생원, 진사 시험을 거쳐서 성균관에 입학한 다음, 다시 대과인 문과에 합격해야 요직으로 나갈 수 있었다.1)

무과 지망자는 무예 시험을 거쳐 무과에 합격해야만 높이 등용되었다. 무과의 실시는, 고려 시대에 비하여 문무 양반 제도가 확립되었음을 뜻하는
것이다.

잡과에는 역과, 율과, 의과, 음양과의 네 분야가 있어서 사역원, 형조, 전의감, 관상감 등 여러 관서의 특수 기술관을 선발하였는데, 이들
기술학의 교육은 각기 해당 관청에서 맡았다. 무과와 잡과 응시자에는 서얼과 중간 계층이 많았다.

과거 제도  

과거에 합격하지 않고 간단한 시험인 취재를 거쳐서 하급 관리로 나갈 수도 있었으나, 이런 경우에는 요직으로 나가기가 어려웠다. 과거는
3년마다 실시되는 식년시 외에 증광시, 별시, 알성시 등이 수시로 행해졌다. 또, 학덕에 의한 천거로 관료에 임용되는 경우가 있었으며,
문음에 의해 특별히 채용되는 경우도 있었다.

조선 초기에는 출판 문화의 발달로 서적이 많이 보급되어 가정이나 서당에서의 초등 교육이 쉬워졌고, 16세기 이후로는 관학 외에 서당의 보급과
함께 서원이 설립되면서 교육의 기회는 더욱 넓어졌다. 이와 같은 교육의 발전은 과거 제도의 정비와 함께 조선 왕조의 문화 수준을 높이는 데
크게 기여하였다.

 (2) 사림의 대두와 붕당 정치

사림의 대두

조선의 문물 제도가 정비된 성종 때를 전후하여 새로운 정치 세력이 등장하기 시작하였는데, 이들을 사림이라고 불렀다.

사림들은 정치 무대에 등장하면서, 훈구 세력과 대립하기 시작하였다. 그들은 새로운 정치 명분과 폭넓은 지지 세력, 사림 스스로의 사회⋅경제적
기반을 통해서 나름대로의 정치력을 발휘하였다.

영남, 기호 지방에 근거하여 성장한 이들 사림은 성리학의 철학과 문학, 사학을 연구하면서 독자적인 학문 영역을 개척하였다. 그리고 훈구
세력의 사장적 학풍과는 달리 경학을 중시하고, 인간의 심성을 연구하는 성리학을 학문의 주류로 삼았다.

사림은 성리학 이외의 학문과 사상을 이단으로 배격하고, 중앙 집권 체제보다는 향촌 자치를 내세웠다. 그리고 사림은 도덕과 의리를 바탕으로
하는 왕도 정치를 강조하였다. 이들은 3사에서 언론과 문필직을 담당하면서 정치적 영향력을 발휘하였다.

사림의 정치적 성장

사림은 성리학을 학문의 주류로 삼고, 경제적으로는 지주로서 자립하여 지방에서 사회적, 경제적 지위를 굳히고 있었다. 동시에 사림은 과거를
통해 중앙 정계에 진출하여 훈구 세력들의 비행을 비판하면서 자신들의 정치적 이상을 내세웠다.

성종도 이와 같은 사림들의 주장에 동조하여, 훈구 세력을 견제하면서 정치 운영에서 나타나는 모순과 부작용을 극복하려고 하였다. 사림은 국가
재정의 확보와 사림 자신들의 경제적 입지를 강화하기 위해, 훈구 세력의 대토지 소유를 비판하였다. 이러한 노력이 국왕과 이해를 같이하면서,
사림의 정치력은 강화되었다. 그러나 연산군의 실정을 계기로 훈구 세력과 사림 세력의 대립은 무오사화, 갑자사화로 나타났고, 두 차례의 사화로
사림은 큰 피해를 입었다.

중종 반정 후 사림은 다시 중용되어, 조광조를 중심으로 그들의 정치적 이상을 실현하고자 하였다. 조광조 등 사림파는 왕도 정치의 실현을
목적으로 현량과를 실시하여 사림을 등용하였으며, 불교, 도교와 관련된 종교 행사를 폐지하고 유교식 의례를 장려하였다. 그리고 소학 교육을
통한 유교적 가치관의 생활화와 향촌 자치를 위한 향약의 전국적 시행을 추진하였고, 공납제의 폐단을 시정하려 하였다.

그러나 이러한 급격한 개혁의 추진은 훈구 세력의 반발을 초래하여 기묘사화가 일어나 또다시 많은 사림이 희생되었다. 이와 같은 정치적 갈등
속에서 유학의 명분과 현실적 이해 관계가 얽혀 다양한 정치 세력이 나타나게 되었다

사림의 계보  

서원과 향약

사림은 지주적 경제 기반과 학문적 기반을 가지고 있었으므로 끈질긴 생명력을 가졌다. 그들은 지주 경영을 통해서 자신들의 경제 생활을
유지하고, 서원을 토대로 학문적 기반을 구축하였다. 그리하여 향촌 사회에서 사림의 권위가 존중되어 갔다.

중종 때 풍기 군수 주세붕이 세운 백운동 서원을 시작으로, 각 지방에 많은 서원이 설립되었다. 선현을 받들고 교육과 연구를 하던 서원은
향교와는 달리 각기 다른 사람을 제사 지냈으며, 그 운영에서도 독자성을 가지고 있었다. 이들 서원은 사액이라는 형식을 통해서 중앙 정부와
연계되기도 하였다. 이황의 건의로 소수 서원으로 사액된 백운동 서원의 경우, 국가로부터 서적, 토지, 노비 등을 받았다.

소수 서원(경북 영주)  

서원은 개성 있는 학문을 발달시켰으며, 지방 유학자들의 사회적 위상을 높여 주었다. 때로는 중앙의 성균관과도 학문적으로 대등하다는 긍지를
가지게 하였다.

옥산 서원(경북 경주)  

서원과 함께 지방 사림들의 지위를 강화시켜 준 것은 향약이었다. 조선 초기부터 군현을 단위로 유향소의 조직과 권능을 규정한 향규(鄕規)와,
재난과 어려운 일을 당했을 때 상부 상조하는 각종 계가 있었다. 이러한 전통적 향촌 규약을 계승하고, 여기에 유교 질서에 입각한 삼강 오륜의
윤리를 가미하여 향촌 교화의 규약으로 발전시킨 것이 향약이었다.

따라서, 향약은 지역에 따라 그 성격이 조금씩 달랐으나, 공통적으로 강조하고 있는 덕목은, 좋은 일을 서로 권장하고, 잘못한 일을 서로
꾸짖으며, 올바른 예속을 서로 나누고, 재난과 어려움을 서로 돕자는 것이었다.

이러한 향약은 중종 때 조광조 등이 보급에 힘썼으나, 성공하지 못하고 각지에서 개별적으로 시행되다가, 사림 세력이 중앙 정계에 자리잡은
16세기 후반부터 널리 보급되었다.

지방의 유력한 사림이 향약의 간부인 약정 등에 임명되었고, 일반 농민들은 이에 자동적으로 포함되었다. 그 결과, 사림들은 농민에 대하여
중앙에서 임명된 지방관보다도 더 강한 지배력을 행사하면서 그들의 사회적 기반을 굳혀 갔다.

이이의 해주 향약  

붕당의 출현

여러 차례의 사화에도 불구하고, 서원 및 향약을 바탕으로 향촌에 뿌리를 깊이 내렸던 사림들은, 그 세력을 확장하여 16세기 후반에 이르러서는
중앙의 정치 무대에서 주도권을 장악하게 되었다. 그리고 정치에 참여하려는 양반의 수는 더욱 증가하여 갔다.

이처럼, 정치에 참여하려는 양반의 수는 더욱 많아지는 데 반하여, 관직과 경제적 특권은 한정되어 있었기 때문에, 그것을 획득하기 위한 양반
상호간의 대립과 반목이 불가피하게 되었다.

사림 세력이 급격히 성장하여, 마침내 정계의 주도권을 장악한 이후부터 붕당 정치가 시작되었다.

붕당은 인사의 권한을 가졌던 이조 전랑의 자리를 두고 사림이 동인과 서인으로 크게 양분되면서부터 출현하였다. 붕당은 처음에는 학문과 이념의
차이에서 출발하였으므로 그 폐단이 크지 않았다. 오히려 정치의 활성화와 정치 참여의 폭을 넓히는 데 기여하였으며, 정치 세력 간의 상호
비판과 견제의 기능도 가졌다.

그러나 시간이 흐름에 따라 국리 민복보다는 자기 당파의 이익을 앞세우고, 이념보다는 학벌, 문벌, 지연과 연결되어 국가 사회 발전에 지장을
주기도 하였다.

붕당은 왕권이 약화되고 정치 기강이 문란해지면서 그 대립과 분열이 더욱 격화되었다. 붕당의 경제적인 토대는 각 지방의 농장이었으며, 인적인
토대가 된 것은 각 지방의 서원과 족당을 중심으로 한 사제 관계와 혈연의 결속이었다. 붕당 정치는 이러한 농장과 족당 및 학파를 기반으로
언론을 통하여 전개되었다.

조광조의 글씨

 (3) 조선 초기의 대외 관계

명과의 관계

조선은 명과 친선 관계를 유지하여 왕권의 확립과 국가의 안정을 도모하고자 하였다. 비록 국초에 요동 지방과 여진 문제 등으로 이해가 엇갈려
양국 사이의 관계가 불편한 때도 있었지만, 태종 때부터 관계가 호전되면서 문화 교류가 활발하였다.

조선에서는 명에 대하여 1년에 수 차의 정기적인 사절을 파견하였고, 그 밖에도 수시로 사절을 파견하였다. 이러한 사절의 파견은 그 목적이
주로 정치적인 것이었으나, 문화의 수입과 물품의 교역도 이를 통하여 행해졌다. 사절의 왕래를 통하여 수출된 것은 종이, 마필, 인삼, 화문석
등이었고, 수입된 것은 견직물, 서적, 약재, 도자기 등이었다.

그러나 조⋅명 간의 무역은 조선 사회에 폐단을 자아내기도 하였다. 즉, 명의 과다한 금⋅은의 요구를 피하기 위하여 국내의 금⋅은광을
폐쇄하기도 하였고, 사치스러운 견직물의 수입으로 국내 수공업이 그 영향을 받기도 하였다.

이와 같이, 대명 관계는 실리 추구와 국토 확장을 둘러싸고 한때 대립하기도 하였으나, 뒤에는 지나친 친명 정책으로 흐르는 경향이 나타나기도
하였다.

여진과의 관계

여진족은 고려 시대에는 금(金)을 세워 만주와 북중국을 지배하였으나, 몽고에게 망한 뒤에는 부족 단위로 생활을 하고 있었다. 이들은 반농
반목의 상태였기 때문에 조선에서 식량, 의류, 농기구 등을 조달받고 있었다.

조선은 여진족의 귀순을 장려하기 위하여 관직, 토지, 주택 등을 주어 우리 주민으로 동화시키거나, 무역소와 북평관 등을 두어 국경 무역과
조공 무역을 허락하였다.

그러나 교린 정책에도 불구하고 여진족의 침탈 행위가 빈번해지자, 조선 정부는 근본적인 대비책을 모색하게 되었다. 즉, 무력으로 여진족을
진압하는 것이었다. 세종 때에는 최윤덕, 이천, 김종서 등의 활약으로 4군과 6진이 설치되고 압록강과 두만강의 국경이 확정되었다. 이어서
만주 지역의 여진족에 대한 정벌이 실시되었다. 즉, 성종 때에는 신숙주, 윤필상 등이 압록강과 두만강 이북의 여진족을 토벌하였다.

4군과 6진  

국경선이 북으로 뻗어 나감에 따라 조선은 사민 정책을 적극적으로 실시할 필요가 있었다. 그리하여 수만의 남방 민호를 북방으로 이주시키고,
토관(土官) 제도를 활용하여 민심을 수습하였다. 조선 전기에 지속적으로 실시된 사민 정책은, 북방 개척과 국토의 균형적인 발전을 위해
필요하였으며, 이는 또한 주민의 자치적 지역 방어 체제를 확립함으로써 여진족의 침략에 효과적으로 대처하려는 것이었다.

일본 및 동남 아시아와의 관계

조선 왕조는 명과 여진뿐만 아니라 일본과 동남 아시아 지역과도 인적, 물적 교류를 활발히 하였다. 고려 말기 이래 왜구의 침략이 그치지
않았으므로, 조선은 이를 물리치기 위하여 수군을 강화하고, 성능이 뛰어난 병선을 대량으로 건조하였으며, 화약 무기를 개량하여 국방을 튼튼히
하였다. 그리하여 세종 때에는 200여 척의 함대를 동원하여, 왜구의 소굴인 쓰시마 섬을 토벌하기도 하였다. 조선의 국력과 국방력이 급속히
강화되고, 한편으로는 일본 내의 정치적 혼란이 수습되면서 왜구의 침략은 현저히 줄어들었다.

왜구를 조종하던 일본의 봉건 영주들은 노략질이 어렵게 되자, 교역을 간청해 왔다. 조선은 이를 계기로 이른바 교린 정책을 써서 계해약조를
맺고 제한된 조공 무역을 허락하였다. 그리하여 일본의 세견선이 왕래하면서 교역이 이루어졌다.

교역은 부산포, 제포, 염포의 3포에서 이루어졌는데, 그들은 주로 쌀, 무명, 삼베, 서적, 공예품 등을 가져갔고, 반면에 구리, 황,
향료, 약재 등을 가져왔다.

3포(좌로부터 부산포, 제포, 염포)  

또, 조선 초기에는 류큐, 사이암, 자바 등 동남 아시아 여러 나라에서도 사신과 토산물을 보내 오고, 조선의 문물을 수입해 갔다. 특히,
류큐와의 문물 교류가 비교적 빈번하였다. 조선 초기 교역을 통해서 조선의 선진 문물은 일본 및 동남 아시아 여러 나라에 많은 영향을 주었다.

 (4) 왜란과 호란

임진왜란의 발발

16세기에 들어서면서 사회적 혼란이 가중되고 국방력이 점차 약화되어, 중종 때에는 3포 왜란을 비롯하여 왜구의 소란이 자주 일어났다. 이에
정부는 비변사를 설치하였고, 이이는 10만 양병설을 주장하기도 하였으나, 전반적으로는 적극적인 대책이 강구되지 못하고 있었다.

이 무렵, 일본에서는 도요토미 히데요시에 의해서 장기간에 걸친 전국 시대의 혼란이 수습되고 있었다. 도요토미는 국내 정권의 안정을 위하여,
불평 세력의 관심을 밖으로 쏠리게 하고 아울러 자신의 정복욕을 만족시키기 위하여 조선과 명에 대한 침략을 준비하였다.

1592년 4월, 왜군이 침략해 왔다. 왜군이 침략해 오자, 부산진과 동래성에서는 정발과 송상현이 분전하였으나, 끝내 함락되고 말았다.
왜군은 세 길로 나누어 한양을 향하여 북상하였다. 이에 충주에서 신립이 배수진을 치고 싸웠으나, 무기와 전력의 열세로 패하였다.

부산진 순절도  

조선 조정은 왜군을 피하여 의주로 피난하였으며, 왜군은 한양을 점령하고 북상을 거듭하여 평양과 함경도 지방까지 침입하였다.

수군의 승리

육지에서는 전세가 불리하였으나, 경상도, 전라도 해안의 경비를 담당한 수군은 왜군의 병참 지원을 담당한 일본 수군의 침략을 저지하였다.

왜군의 침입이 있기 1년 전에 전라 좌수사로 부임한 이순신은 왜군의 침입에 대비하여 판옥선과 거북선을 만들고, 전함과 무기를 정비하여 수군을
훈련시키고 군량미를 저장하였다.

그는 왜군이 부산에 상륙하자, 80여 척의 배를 거느리고 옥포에서 첫 승리를 거두었다. 이어, 사천, 당포, 당항포 등지에서도 대승하였다.
마침내 한산도 대첩으로 남해의 제해권을 장악하고 곡창 지대인 전라도 지방을 지키게 되어, 왜군의 수륙 병진 작전을 좌절시켰다.

임진왜란 해전도  

의병의 항쟁

왜란이 일어나자, 전국 각지에서 의병이 일어나 왜군과 싸웠다. 의병들은 향토 지리에 익숙하고, 향토 조건에 알맞은 전술과 무기로 왜군에게 큰
타격을 주었다.

곽재우, 조헌, 고경명, 정문부 등이 이끈 크고 작은 의병 부대의 활약은 성과가 매우 컸다. 의병들의 빛나는 전과는 해전에서의 이순신의
승리와 함께 전황을 바꾸게 하였다.

전란이 장기화되면서 왜군에 대한 반격 작전은 한층 강화되기 시작하였다. 즉, 지금까지 산발적으로 일어난 의병 부대를 정비하여 관군에
편성시킴으로써 관군의 전투 능력은 크게 강화되었고, 작전이 보다 조직성을 띠게 되었다.

왜란의 극복

조선 정부는 처음에는 왜군의 공세에 밀려 선조가 한양을 떠나 평양, 의주로 피난하는 등 수세를 면하지 못하였다. 그러나 수군과 의병들의
승전으로 전황이 역전되면서 왜군을 격퇴하기에 이르렀다.

전쟁이 장기화되자 조선은 명에 원군을 요청하여 명군이 전쟁에 참여하였다. 조⋅명 연합군은 평양성을 수복하고 왜군을 남으로 내몰았다. 이 때
권율은 행주 산성에서 왜군을 크게 무찔렀다.

관군과 의병의 활동  

이후 전쟁은 소강 상태에 이르고, 휴전 회담이 열렸다. 그러나 서로의 주장이 달라서 3년간에 걸친 회담은 결렬되고, 다시 왜군이 침입하였다.
이에 조선군과 명군은 왜군이 북상하는 것을 직산에서 막고 남쪽으로 격퇴시켰다. 이 때 이순신은 왜군을 명량으로 유도하여 일대 반격을
가함으로써 큰 승리를 거두었다.

육지와 바다에서 또다시 참패를 당한 왜군은 점차 전의를 잃고 패주하기 시작하였다. 조선 수군은 도망하는 왜선 수백 척을 노량 앞바다에서
가로막고 최후의 일격을 가하였다. 이순신은 이 마지막 전투에서 장렬하게 전사하고 말았다. 노량 대첩을 끝으로 7년간에 걸친 전란은 끝나게
되었다.

왜란의 영향

왜란에서 우리가 승리를 거둘 수 있었던 것은, 우리 민족이 지닌 잠재적 역량이 우월했기 때문이었다. 즉, 관군 차원의 우리 국방 능력은
일본에 뒤졌으나, 전 국민적인 차원의 국방 능력은 일본을 능가하였다. 우리 민족은 신분의 귀천이나 남녀 노소를 막론하고, 문화적인 우월감에
가득 차 있어서 자발적인 전투 의식을 가지고 있었다. 이러한 정신력이 국방 능력으로 작용하여 왜군을 격퇴시킬 수 있는 힘이 되었다.

한편, 왜란은 국내외적으로 많은 변화를 가져왔다. 먼저, 국내적으로는 오랜 전쟁으로 인구가 격감되고, 농촌은 크게 황폐해졌다. 따라서, 국가
재정의 궁핍과 식량 부족을 해결하기 위한 대책으로 공명첩이 대량 발급되었다. 또, 이몽학의 난과 같은 민란이 도처에서 일어났으며, 토지
대장과 호적이 많이 소실되었으므로 조세, 요역의 징발과 신분의 구분이 곤란해졌다.

또, 국제적으로는 동아시아의 형세가 크게 바뀌어 갔다. 조선과 명이 전쟁에 지친 틈을 타 북방의 여진족이 급속히 성장하였다.

그리고 동아시아의 문화적 후진국이던 일본은, 조선에서 활자, 서적, 그림, 도자기 등의 문화재를 약탈하고, 많은 기술자와 학자 등을 납치해
갔다. 이와 함께 조선의 성리학도 전해져서, 일본의 문화 발전에 큰 영향을 끼쳤다.

대완구  

광해군의 중립 외교

선조의 뒤를 이은 광해군은 대내적으로 전쟁의 뒷수습을 위한 정책을 실시하였다. 먼저, 양안과 호적을 새로 작성하여 국가 수입을 늘리는
동시에, 전쟁으로 피폐된 산업을 일으켰다.

또, 성곽과 무기를 수리하고 군사 훈련을 실시하는 등 국방에 힘을 기울였다. 그리고 전란 중에 질병이 만연하여 인명의 손상이 많았던 경험에
비추어, 허준으로 하여금 동의보감을 편찬하게 하였으며, 불타 버린 사고를 다시 갖추었다.

오대산 사고(강원 평창)  

대외 정책에 있어서도, 명이 쇠약해지고 북방 여진족이 강성해진 정세 변화를 인식하고 신중한 중립적 외교 정책으로 대처하였다. 여진족은 조선과
명의 힘에 눌려서 통일을 이루지 못하고 있다가, 왜란으로 인하여 조⋅명 양국의 힘이 약화된 틈을 타서, 누르하치가 나타나 세력을 키워 후금을
세우고 명의 변경을 위협하였다. 명은 이를 방어하기 위해 조선에 출병을 요구하였다.

조선은 왜란 때 명의 도움을 받았기 때문에 명의 요구를 거절할 수 없었다. 그러나 광해군은 신흥하는 후금과 적대 관계를 가지는 것이 현명하지
못하다고 판단하여, 강홍립으로 하여금 출병하게 한 후 정세를 보아 향배를 결정하도록 하였다. 광해군 때에는 이와 같은 중립 외교 정책을
유지함으로써 국내에 전화가 미치지 않았다.

이 때 일부 사림들은 명에 대한 의리와 명분을 강조하면서 광해군과 정치적 갈등을 심화시키고 있었다. 그런데 광해군과 북인 정권은 왕권의
안정을 이룩하고자 인목 대비를 폐위시키는 등 유교 윤리에 어긋나는 약점을 드러냈다. 그리하여 이를 비판한 서인이 주도한 반정으로 광해군은
왕위에서 물러나고 인조가 즉위하여 서인 정권이 성립되었다.

호란과 그 영향

왜란의 상처를 수습하기도 전에 또다시 조선은 북방 후금의 침입을 받았다. 그것은 인조 때의 서인 정권이 명과의 의리를 내세워 친명 배금
정책을 추진하였기 때문이었다.

이 때, 두 사건이 일어나 후금을 자극하였다. 그 하나는 명나라 장군 모문룡이 후금이 차지한 요동 지방을 빼앗기 위하여 평안도 철산 앞바다의
가도에 주둔함으로써 후금을 긴장시킨 것이고, 다른 하나는 인조 반정 후 논공 행상에 불만을 품은 이괄이 반란을 일으킨 것이다.

이를 구실로 하여, 후금의 군대가 압록강을 건너 쳐들어오니, 이를 정묘호란이라 한다(1627). 후금의 군대는 평안도 의주를 거쳐 황해도
평산에까지 이르렀다. 그 사이에 정봉수, 이립 등은 의병을 조직하여 용골 산성과 의주 지방에서 각각 적을 맞아 싸웠으며, 그 밖의 지역에서도
많은 의병이 일어났다. 그러나 본래 후금은 우리 나라보다는 중국 대륙을 장악하는 데 1차적인 목표를 두었기 때문에, 양국 간에 쉽게 화의가
이루어져 후금의 군대는 철수하였다.

그 후, 후금은 국호를 청이라 고치고, 황제를 칭하면서 조선에 대하여 군신의 관계를 요구해 왔다. 이에 대한 대책을 둘러싸고 조정의 논의는
주전, 주화의 양론으로 갈라졌다. 결국 대세가 척화 주전론으로 기울게 되자, 청이 다시 침략해 왔다. 이를 병자호란이라 한다(1636).

정묘⋅병자호란  

청 태종은 대군을 이끌고 한양을 점령하였다. 인조는 남한산성에서 45일간을 대항하였으나, 사태가 기울어져 주화파인 최명길 등의 주장에 따라
청과 화의를 맺었다.

남한산성(경기 광주)  

청군의 침입은 왜군의 침입에 비해 기간도 짧았고, 또 국토의 일부에 한정되었기 때문에 피해가 적은 편이었으나, 청군이 거쳐 간 서북 지방은
약탈과 살육에 의하여 황폐해졌다. 이로 말미암은 적개심과 함께 문화적인 우월감이 겹쳐서 청에 대한 반감이 심하였다. 그리하여 임경업이 명과
연결하여 청을 치려 하였고, 17세기 중엽에는 북벌을 계획하기도 하였다.

북벌론과 나선 정벌

조정에서는 병자호란의 치욕을 씻고자 반청의 정치적 입장을 포기하지 않았다. 그리하여 북벌론이 제기되었다.

북벌론은, 청을 정벌하여, 문화가 높은 조선이 문화가 낮은 오랑캐에게 당한 수치를 씻고, 나아가서는 조선의 오랜 우방 국가로서 임진왜란 때
우리를 도와 준 명에 대하여 의리를 지키자는 주장이었다.

송시열, 송준길, 이완, 임경업 등은 북벌 운동을 주도한 대표적인 인물들로서, 군대를 양성하는 등 여러 가지의 계획을 세웠으나, 북벌을
실천에 옮기지는 못하였다.

북벌론은 인조의 뒤를 이어 즉위한 효종 때에 가장 왕성하였으나, 그 뒤로는 시간이 흐를수록 쇠퇴하였다. 그 후에는 청의 문물이 발달함에 따라
그 문화를 받아들이자는 북학 운동까지 나타났다.

조선에서 북벌 운동이 무르익어 가고 있을 때, 시베리아 지방에는 러시아 세력이 밀려왔다. 러시아 세력의 침략으로 위협을 느낀 청은 정벌군을
파견하고, 아울러 조선에 원병을 요청하였다. 이에, 조선에서는 두 차례에 걸쳐 조총 부대를 출동시켜 큰 성과를 거두고 돌아왔는데, 이를 나선
정벌이라 한다.

 3. 근세의 사회와 경제

   (1) 사회 구조와 향촌 사회
   (2) 경제 정책과 경제 구조
   (3) 경제 활동

개요

조선의 지배층은 유교적 민본주의를 토대로 사회 개혁을 추진하였다. 그들은 전통적인 불교와 도교 및 무속 등 잡다한 토속 신앙과 관습을
유교적인 의례로 개혁하는 한편, 양반 중심의 엄격한 신분 제도와 가부장적 가족 제도를 발전시켜 나갔다.

농본주의를 표방한 조선 사회에서는 모든 산업 시책을 농업 위주로 추진하였다. 따라서, 초기의 상공업은 국가의 통제 아래 억제되어 있었다.
그러나 16세기부터는 농업의 발달과 함께 상공업도 비교적 자유로운 활동이 전개됨으로써, 수공업과 상업 및 대외 무역이 점차 발달하였다.

◇ 연구 과제 ◇

1\. 조선 시대의 신분 구조는 어떻게 변하여 갔는가?

2\. 조선 시대의 향촌 사회는 어떻게 구성되어 있었는가?

3\. 조선 시대의 사회 안정책에는 어떠한 것들이 있었는가?

4\. 조선의 유교 정치 이념은 경제 정책에 어떻게 반영되었는가?

5\. 조선 전기의 상업과 수공업은 어떠하였는가?

 (1) 사회 구조와 향촌 사회

유교적 민본주의

조선의 지배층이 공부한 학문은 성리학이었다. 그들은 농촌 사회를 안정시킬 수 있는 대책과 명분을 성리학에서 찾았다. 그것이 이른바
위민(爲民)을 강조한 민본주의 사상이었다.

유학은 시대의 흐름과 함께 그 사회에 적절한 형태로 변형되었다. 성리학에서는 도덕적 내용만이 아니라, 생산 활동에서의 역할 분담, 지배층과
피지배층의 화합 등을 강조하였다.

물론, 지배층은 그들이 장악한 정치 권력과 경제적 이권을 양보하면서까지 피지배층을 위한 민본 사상을 주장한 것은 아니었다. 다만, 그들은
유교적 질서 안에서 지배, 피지배의 역할 분담과 피지배층 보호의 논리를 찾고 있었다.

신분 제도

조선 사회의 운영은 신분제에 기초하였다. 신분은 혈연에 의해 세습되는 사회적 지위를 법제적으로 확인하면서, 통치면에서는 이를 토대로 역할
분담을 부여하는 것이다.

조선 시대의 사회 신분은 법제적으로 양인과 천인으로 크게 나누어져 있었다. 양인은 다시 직업, 가문, 거주지 등에 따라 양반, 중인,
상민으로 구분되고, 이에 따른 사회적 역할 분담이 이루어지고 있었다. 이들 신분층 간에는 구분이 엄격하고 상호 교류가 억제되어 있었다.

양반은 문반과 무반을 통칭한 말에서 연유하였는데, 점차 신분 명칭으로 자리잡게 되었다. 대체로 이들은 유학을 공부한 선비들이었기 때문에
사족이라고도 하였다. 이들은 자신들의 사회적 신분을 자손 대대로 유지하기 위하여 관료가 되기 위한 유학 공부에 전념하고, 관료를 지향하는
삶을 영위하였다. 그리고 이들은 관직을 이용하여 사회 전반에 걸쳐 특권을 보장받고 있었다.

중인은 양반층 아래에서 실무를 집행하는 하부 지배 신분층이었다. 기술관, 향리, 서리, 토관, 군교, 서얼 등이 이에 속하였다.

상민은 평민, 양민으로도 불리었는데, 주로 농업, 상업, 수공업 등 생산 활동에 종사하였던 신분층이다. 이들은 생산 활동에 종사했던 관계로
국가에 대하여 전세, 역, 공납의 의무가 있었다. 이들은 법제적으로는 자유인으로서 교육과 정치적 출세의 기회가 허용되어 있었으나,
현실적으로는 많은 제한을 받고 있었다.

상민 중에는 농민이 대부분이었고, 공장(工匠), 상인 등은 그 수가 적었다. 공장은 관영이나 민영의 수공업장에서 작업하였다. 그러나 조선
전기에는 사적으로 수공업에 종사하였던 사람은 매우 적었다.

상인에는 국가 통제하에서 상거래에 종사하는 시전 상인과 전국의 장시를 무대로 행상을 하는 보부상이 있었다. 상인 역시 조선 왕조의 농본
정책으로 인하여 활동이 제한되었으며, 농민보다 천대되었다.

천인에는 노비, 백정, 광대, 무당, 창기 등이 있었다. 천인의 대부분을 차지하는 노비는 소유주에 따라 공노비와 사노비로 구분되고, 노역으로
자신들의 역할을 수행하였다. 노비는 일종의 재산으로 취급되어 매매, 상속, 증여의 대상이었다. 노비는 혼인하여 가정을 이룰 수 있었으나,
주인에게 예속되어 있어서 생활의 자율권이 없었다.

가족 제도

조선 사회의 기본 단위는 가부장적 가족이었으며, 이를 중심으로 사회가 형성, 운영되었다. 성리학의 가부장적 윤리는 조선 사회를 부계 중심의
사회로 정착하도록 유도하였다. 성리학의 가족 윤리가 보급되기 전까지는 남자가 여자 집에 장가들어 살거나, 자녀 균분 상속제에 따라 자녀들이
돌아가며 부모를 섬기기도 하였다.

그러나 주자가례가 생활화되면서 장자 중심으로 재산이 상속되어 갔다. 이는 선조의 제사를 주관한다는 명분에서 나온 것이기도 하지만, 가족
단위의 사회 안정을 정립하려는 성리학적 배려이기도 한 것이다. 가족 윤리 안에서 나타나는 남존 여비, 재가 금지, 서얼 차대 등의 윤리적
조치 또한 가부장 체제의 부산물이었다. 부계 친족 중심의 문중이 형성되어, 사회, 경제, 문화 전반을 지배하였다. 따라서, 향촌 사회의
운영은 부계 성씨 중심으로 형성된 동족 문중이 담당하고 있었다.

가묘(서울 동작)  

사회 시설

조선의 사회 정책은 민본주의를 실천하려는 농본 정책이 토대가 되었다.

의창, 상평창에서 운영한 환곡제는 농민의 생활을 안정시키기 위한 제도였다. 그것은 농민의 안정이 국가 재정 및 사회의 안정이라는 대명제를
위해서 우선되어야 할 과제였기 때문이었다. 농민은 조세와 부역을 통하여 국가 재정을 부담하였기 때문에, 이들의 안정은 곧 사회의 안정과
직결되어 있었다.

농민의 경제적 위기를 도와 주는 정책 이외에 정부는 농번기에 농민을 잡역에 동원하지 못하게 한다든지, 흉년에 조세를 감면한다든지 하는 소극적
행위를 통하여 농민의 안정을 모색하기도 하였다.

의창, 상평창의 환곡 제도 등이 국가 기관에서 운영된 것과는 달리, 사창(社倉)의 진휼책은 주민 자치적으로 운영되었다. 사창은 원래 향약과
더불어 향촌 사회를 안정시키기 위하여 지방의 양반 지주층이 운영하던 것이었다. 양반 지주층은 각종 재난에 대비하여 향약, 사창, 동약 등의
향촌 규약을 제정하여, 한편으로는 향촌 사회를 통제하면서 다른 한편으로는 농민 생활을 안정시키고자 하였다.

그러나 이러한 사회 시설은 당시의 농민 문제에 대한 근본적인 대책일 수는 없었으며, 다만 농민에게 최소한의 생활을 보장해 줌으로써 농토에서의
농민의 유망을 방지하기 위한 미봉책에 불과하였다. 오히려 정부는 농민들을 효과적으로 통제하기 위하여 오가작통법과 호패법을 적극적으로
실시하였다. 조선 정부는 이를 통하여 농토로부터의 농민의 이탈을 억제하고자 하였다.

의료 시설로는 혜민국, 동⋅서 대비원, 제생원, 동⋅서 활인서 등이 있었다. 혜민국과 동⋅서 대비원은 수도권 안의 서민 환자의 구제와 약재
판매를 담당하였고, 제생원은 지방민의 구호와 진료를 맡았다. 특히, 동⋅서 활인서는 여행자, 유랑자의 수용과 구휼을 담당하였다.

법률

사회 질서를 유지하기 위한 형법과 민법은 기본적으로 경국대전에 종합되어 있었다. 그러나 이것은 매우 소략한 것이어서 실제로는 고려 이래의
관습법과 대명률에 준하였다.

경국대전  

형정 운영의 효율을 기하기 위하여 연좌법이 적용되었다. 가족 연좌는 물론 범죄가 발생한 군⋅현은 호칭이 강등되고, 수령이 파면당하기도
하였다.

형벌에는 태형, 장형, 도형, 유형, 사형의 다섯 종류가 있었다.

민법의 운영은 관습에 의거하였으며, 재산 소유권의 분쟁은 문건에 의한 증거에 의존하였다. 상속에 관해서는 성리학 정착 이후로는 종법에
의거하여 조상의 제사, 노비의 상속이 이루어졌다.

재판의 업무는 수령이 관장하였다. 재판관은 원고, 피고의 주장을 참고하여 송사를 결정하였고, 또 항소 과정도 있었다.

사법 기관으로는 사헌부, 의금부, 형조, 한성부, 장예원이 있었다. 사헌부, 의금부는 정치적 사건을, 한성부는 수도의 일반 행정과 토지,
가옥에 관한 소송을, 장예원은 노비의 소송을 관장하였다. 지방에서는 관찰사와 수령이 사법권을 행사하였다.

향촌 사회

조선 시대의 향촌 사회는 고려 시대에 비하여 새로운 모습으로 바뀌어 갔다. 고려 시대의 향, 소, 부곡도 자연촌의 성장과 함께 새로운 향촌
조직인 면⋅리제로 개편되어 갔다.

지역의 구획은 각 고을마다 읍내와 그 주변 지역으로 구분되었다. 읍내에는 관청이 있고, 소도시적 규모를 갖추었으며, 향리, 관속, 수공업자와
상인 등이 섞여 살았다. 주변 지역은 대개 읍내를 중심으로 동서남북의 4면으로 구획되고, 면 밑에는 여러 개의 리⋅동이 편성되어 있었으며,
각 리⋅동은 수십 호의 자연촌으로 형성되어 있었다.

이러한 촌락에는 반촌, 민촌의 구분이 있기도 하였지만, 대개 두서너 씨족이 서로 인척 관계를 맺고 있었으며, 양반, 평민, 천민이 섞여
살았다. 농민들의 이주는 극히 어려웠으나, 양반들은 자녀 균분 상속제에 따라 외가, 처가가 있는 곳으로 이주하여 사는 경우가 많았다.

주민의 신분과 직역에 따라서 특수한 마을이 형성되기도 하였다. 즉, 교통 기관인 역, 진, 원에는 역촌, 진촌, 원촌이 이루어졌고, 어장과
포구에는 어촌이 형성되었으며, 각종 수공업품을 생산하는 곳에는 점촌이 발달하였다.

이러한 향촌에는 예부터 자치적인 촌락 공동체 조직으로 향도(香徒)와 각종 결사인 계 및 공동 노동체인 두레가 있었다. 특히, 향도는 남녀
노소의 촌민이 모여 음주, 가무를 즐겼으며, 상장(喪葬)을 서로 돕는 중요한 역할을 하였다.

이러한 민중적인 촌락 공동체나 관습은 사림 세력이 성장함에 따라 점차 유교적인 향약과 의식의 영향을 받았다. 사림은 유교적인 의식과 명분에
맞지 않는 민간 신앙이나 풍습은 모두 음사로 단정하여 금지하고자 하였다.

종법적 가족 제도1)의 확립과 예학의 발달로 16세기 후반 이후로는 전통적인 향촌 규약과 조직체가 향약으로 대치되고, 친족 중심의 동족
부락이 도처에 형성되었다.

대구 부인동 동약  

가례 언해

 (2) 경제 정책과 경제 구조

경제 정책

고려 말에 국가 재정이 파탄에 이르고 민생이 피폐했던 경험을 살려, 조선 초기에는 국력을 증진시키고 민생을 안정시키는 방향으로 경제 구조를
대폭 개편하였다. 그리하여 조선은 처음부터 농본주의 경제 정책을 실시하였다. 유교의 왕도 정치 사상에서는 민생의 안정을 중요시하였고, 이를
위해서 농업을 진흥시키고 농민의 조세 부담을 줄이고자 하였다. 조선 초기의 신진 사대부들은 이러한 사상에 입각하여 중농 정책을 국가 산업
시책의 기본으로 삼아, 문란했던 고려 시대의 경제 질서를 바로잡고자 하였다.

이러한 중농 정책으로 인해 토지 개간과 양전 사업이 적극적으로 추진되어, 15세기 중엽에는 경지 면적이 160여만 결에 이르고, 농업
생산성을 향상시키는 갖가지 새로운 농법이 개발되었다.

물화를 제조, 교역하는 수공업과 상업은 초기에는 국가의 통제 아래 자유로운 활동이 억제되었다. 당시의 위정자들은, 물화의 수량과 종류를
국가가 통제하지 않고 자유 활동에 맡겨 두면, 사치와 낭비가 조장되고 농업이 피폐하여 빈부의 격차가 커지는 폐단이 있다고 보아, 국가가 그
활동을 엄격히 통제하였다.

한편, 유교적인 검약 생활로 인하여 물자의 소비가 많지 않았으며, 교통 수단이 미비되고 화폐의 유통이 부진하여 상공업은 그리 발달하지
못하였다. 또, 자급 자족적인 농업 중심의 경제로 인하여 대외 무역도 부진하였다. 교환 경제의 부진에 따라 조선 초기에는 화폐의 유통도
활발하지 못하였고, 다만 약간의 저화와 동전이 제조되어 포목, 미곡과 병용되었다.

그러나 이러한 상공업에 대한 국가의 통제책은 16세기부터 상공업의 진흥으로 해이해졌다. 따라서, 국내 상공업과 대외 무역은 점차 국가의
통제로부터 벗어나 자유로운 활동을 전개해 갔다.

토지 제도

조선의 토지 제도는 고려 말의 사전 개혁에서 완성된 과전법에 그 기반을 두었다. 과전법은 고려 후기 이래로 누적된 토지 제도의 모순을 일단
해결한 것이지만, 결과적으로는 권문 세족이 축적한 토지를 몰수하여 재분배함으로써 조선 왕조를 건국한 신진 사대부 세력의 경제적 기반을 확보해
준 것이었다.

과전법에서의 모든 토지는, 국가가 수조권을 가지는 공전과 개인에게 수조권을 나누어 준 사전으로 구분된다.

공전은, 원래는 대부분의 일반 농민이 소유하고 있던 민전을 국가가 징세의 대상으로 파악한 것이었다. 국가는 농민들에게 공전의 경작권을 보장해
주고, 이들로부터 조를 받았다.

사전에는 관리들에게 주는 과전, 공신에게 주는 공신전, 중앙 관부와 지방 관아에 지급된 공해전과 늠전이 있었으며, 이 밖에도 성균관, 4학,
향교에 소속된 학전, 사원에 소속된 사원전 등이 있었다. 공신전은 자손에게 세습되었다. 과전은 경기 지방의 토지에 한하여 지급되었는데, 받은
사람이 죽으면 국가에 반환하는 것이 원칙이었다. 그러나 그 중 일부가 수신전, 휼양전이라는 이름으로 세습되었다. 토지의 세습으로 인하여 신진
관료에게 줄 토지가 부족하게 되었다.

이러한 문제를 해결하기 위하여 15세기 후반에는 현직 관리에게만 토지를 지급하는 직전법이 실시되었고, 국가의 토지 지배권을 강화하기 위하여
관수 관급제를 실시하기도 하였으나, 16세기 중엽에는 직전법마저 폐지되고, 관리들은 오직 녹봉만을 받게 되었다.

한편, 토지의 생산성이 향상되고, 토지의 사유 관념이 확산됨에 따라 토지 소유는 점차 양반 지주 중심으로 보다 편중되어 갔다.

원래 각각의 토지에는 실제 소유자가 있었으며, 또한 수조율에서도 사전의 대부분은 병작 반수제가 적용되고 있었다. 따라서, 양반 지주들의
대토지 집적 현상은 토지에 대한 사적 소유권을 강화시켰다.

토지에 대한 사적 소유권과 병작 반수제에 입각한 지주제는 16세기에 직전제의 소멸과 함께 더욱 확산되었다. 이러한 토지의 사유화는 양반
관료와 지방 토호들의 매매, 겸병, 개간을 통하여 전개되었다. 이로 말미암아 대부분의 농민들은 토지를 잃고 소작농으로 전락하여 어려운 생활을
하지 않을 수 없었다.

양안  

토지 매각 문서  

조세 제도

국가 재정을 위한 조세 제도는 전통적으로 조, 용, 조를 기초로 하고 있었다. 즉, 토지에 부과되는 전세, 가호마다 부과되는 공납, 그리고
호적에 등재된 정남에게 부과되는 역 등이 국가 재정의 기초였다.

조선 시대에 양인은 원칙적으로 모두 국가에 조세를 납부할 의무가 있었다. 그러나 양반, 중인 등은 관료라는 신분 때문에 신역을 법제적으로
면제받았다. 전세에 있어서도 소작농인 농민에게 그 조세가 전가되었으므로 지배층은 실제로 면세되었고, 오로지 농민만이 조세를 부담하였다.

전세는 토지를 경작하여 수확의 10분의 1을 조세로 바치는 것이나, 15세기 중엽에는 전분 6등과 연분 9등의 법을 마련하여 1결당 최고
20두에서 최하 4두까지 차등을 두었다. 그러나 이것으로 농민의 부담이 가벼워진 것은 아니었다.

공납은 토산물을 현물로 납부하는 것이었다. 공물에는 각종의 수공업 제품과 광물, 수산물, 모피, 과실, 약재 등이 있었다. 공납은 농민에게
전세보다 더 큰 부담이었다. 그런데 시대의 변화에 따라 물품의 생산지가 바뀌면서 공물의 확보에 어려움이 있었다. 또, 공물의 수납 과정에
따르는 여러 가지의 절차가 까다로웠기 때문에 온갖 폐단이 발생하였다.

조세는 모두 현물로 납부되었는데, 평안도와 함경도는 국경에 가깝고, 특히 평안도는 사신의 내왕이 잦은 곳이라 하여, 이 지역에서 받은 조세는
현지에서 군사비와 사신 접대비로 쓰도록 하였다. 수납한 조세는 강가나 바닷가의 조창에 모아 두었다가 전라도, 충청도, 황해도는 바닷길로,
강원도는 한강, 경상도는 낙동강과 남한강을 통해 한양의 용산과 서강에 있는 경창으로 운송하였다.

조운도  

한편, 정남에게는 역의 의무가 있었다. 역에는 일정 기간 군사 복무를 위해 교대로 번상해야 하는 군역과, 1년 중 일정 기간 동안 노동에
종사해야 하는 요역이 있었다. 요역은 경작하는 토지 8결마다 한 사람씩 차출하며, 1년 중 동원 일수는 6일 이내로 규정되어 있었으나,
실제로는 임의로 징발되었다.

이처럼, 국가 재정은 농민이 바치는 전세, 공납, 역이 중심을 이루고, 그 밖에 염전, 광산, 산림, 어장을 국가가 경영하여 얻은 수입과,
상인, 수공업자 등으로부터 거둬들이는 세로 충당하였다. 국가는 수입의 일부를 비축하고, 나머지는 왕실 경비, 공공 행사비, 관리의 녹봉,
군량미, 빈민 구제비, 의료비 등으로 지출하였다.

농민 부담의 가중

16세기에 이르러서는 조세 제도의 운영 과정에서 농민들의 부담이 가중되고 있었다. 지주 전호제가 일반화되면서 대부분의 농민들은 생산의 2분의
1을 지주에게 바쳐야 하였다. 그리하여 나머지 2분의 1로 자신들의 생활과 생산에 재투자를 해야 하였기 때문에 생활이 어려웠다.

그리고 공납제의 운영 과정에서 방납(防納)의 폐단이 생겨 농민의 부담을 가중시켰다. 이에, 공납을 감당하지 못하고 도망을 하게 되면 그
일족에게 대신 받는 족징이나 이웃에 부과하는 인징이 행해졌다. 이이와 유성룡 등은 이러한 공납에서의 폐단을 개혁하기 위하여 공납을 쌀로 내게
하는 수미법(收米法)을 주장하기도 하였다.

유성룡의 공물작미의  

또, 군역이 요역화되면서 농민의 부담을 가중시키고 있었다. 즉, 장기간의 평화가 지속되면서 군역이 잡역 등으로 전환되자, 군역 담당자로
하여금 포를 납부하게 하여 다른 사람으로 대신하게 하는 방군수포(放軍收布)가 행해졌다. 그러나 잡역이 가혹하여 도망하는 자가 늘어나고,
군적이 문란해짐에 따라 농민 생활은 더욱 궁핍해지고 농촌은 황폐해졌다.

환곡제는 처음에는 어려운 처지의 농민을 구휼하기 위한 제도였다. 어려운 농민에게 곡물을 빌려 주어 농촌 사회를 안정시키고자 하는 취지였으나,
후에는 고리대로 변하여 농민을 괴롭히는 결과를 초래하였다.

이로써 각처에서는 유민이 발생하고, 도적의 무리가 횡행하게 되었다. 그 중에도 황해도와 경기도 일대를 무대로 하여 활약하던 임꺽정이 대표적인
인물이었다.

토지 결수 증감표

 (3) 경제 활동

농업

조선 정부의 중농 정책과 농민들 스스로 생산력을 향상시키려는 노력이 일치되어 농업 기술이 크게 발달하였다.

우선, 개간 사업으로 농경지가 확대되었다. 그리고 각종 수리 시설을 확충하고 농법을 개량하여 농업 생산력의 증대에 주력하였다. 향촌의
사람들도 직접 농업 경영에 참여하여 생산에 힘쓰고 있었다.

농업 기술이 발달하여 조, 보리, 콩의 2년 3작이 널리 행해졌는데, 남부 일부 지역에서는 모내기가 실시되기도 하였다. 또, 밑거름과
덧거름을 주는 시비법의 발달로 해를 걸러서 휴경하지 않고 매년 토지를 경작할 수 있게 되었다. 또, 목화 재배도 확대되어 의생활의 개선을
가져왔으며, 약초, 과수 재배 등이 보급되었다. 그리고 농사직설, 금양잡록 등이 간행되어 농업 기술이 널리 보급되었다.

농사직설  

농업 기술의 향상에도 불구하고 생산에 종사하는 대부분의 농민들은 지주들에게 수확의 상당 부분을 빼앗기면서 토지에서 유리되었다. 이러한
농민들의 유리 현상은 중요한 사회 문제가 되었다.

이에, 정부는 잡곡, 도토리, 나무 껍질 등을 가공하여 먹는 방법을 제시하여, 농민의 최소한의 생활을 보호함으로써 토지에서의 유리를
방지하고자 하였다. 그리고 호패법, 오가작통법 등을 강화하여 농민의 유망을 막고 통제를 더욱 엄히 하였다. 지주층인 사족들도 향약, 사창제
등을 통하여 농촌 사회의 안정을 추구하였다.

수공업

조선 초기의 수공업은 대체로 관영 수공업 체제가 중심이었다. 공장은 공장안에 등록되어 각급 관청에 소속되고, 관청에서 필요한 물품을 제작,
공급하였다. 관청에 등록된 장인, 즉 관장들은 의류, 활자, 화약, 무기, 문방구, 그릇 등을 제조하여 납품하였다. 이들은 자신의 책임량을
초과한 생산품에 대해서는 세를 내고 판매하였다.

관장 이외에 민영 수공업자들도 있었는데, 이들은 주문받은 물품을 제작, 공급하였다. 민영 수공업자들은 대체로 양반의 사치품을 비롯하여
농민들의 농기구를 주로 생산하였다.

이 밖에 농가에서 자급 자족의 형태로 생활 필수품을 만드는 가내 수공업이 있었다. 의류로는 면포, 명주, 모시, 삼베 등이 생산되었는데,
특히 면포 생산이 가내 수공업에서 큰 비중을 차지하였다.

상업과 화폐

조선 초기의 상업은 국가 통제하에 있는 시전을 중심으로 이루어졌다. 국가는 경시서를 두어 시전을 감독하였다. 여기서는 도량형을 검사하고
물가를 조절하여 상업을 통제하였다.

정부는 시전으로 하여금 국가가 필요로 하는 물품을 조달, 공급하도록 하였다. 시전은 종로 도로변에 있었는데, 정부에서는 점포를 지어
상인들에게 대여하고 점포세와 상세를 거두었다. 시전 상인들은 관청에 물품을 공급하고, 대신 특정 상품에 대한 독점 판매권을 부여받았다. 이들
시전 중에서 비단, 종이, 어물 등을 파는 점포가 가장 번성하였는데, 후에 이를 육의전이라 하였다.

수도 근교와 지방에는 장시가 발달하였다. 15세기 후반부터 대두하기 시작한 장시는 농업 생산력의 발달로 번창하였다. 장시는 5일장으로 정착해
갔으며, 16세기 중엽에 이르면서 전국적인 유통망이 형성되었다. 주로 보부상에 의해서 농산물, 수공업 제품, 수산품, 약재 등이 유통되었다.

조선 초기의 화폐로는 저화, 조선통보 등이 만들어졌으나, 일반 사회에까지 널리 유통되지는 못하였다. 교역의 매개는 주로 쌀과 면포였다.

조선통보  

조선 시대의 국제 무역은, 명과는 사신들의 왕래에 따른 조공 무역과 사무역이, 여진과는 무역소를 통한 교역이, 그리고 일본과는 왜관 무역이
주로 이루어졌다. 국경 부근에서는 약간의 사무역도 이루어졌다. 사무역은 엄격한 감시하에 이루어졌는데, 이 때 주로 거래된 물화는 면포와
식량이었다.

 4. 근세 문화의 발달

   (1) 민족 문화의 발달
   (2) 성리학의 발달
   (3) 종교와 민간 신앙
   (4) 문학과 예술

개요

조선 시대의 문화는 크게 유교주의에 입각한 양반 문화와 불교, 도교, 토속 신앙이 융합된 서민 문화로 구성되어 있었다. 그러나 성리학의
발달에 따라 유교적인 양반 문화가 그 폭을 계속 넓혀 나갔다. 학문과 사상, 문학과 예술 등 그 문화를 향유한 계층은 주로 양반이었다.

15세기에는 새로운 통치 철학으로 성리학이 정착되어 근세 문화의 방향을 설정하면서, 정치⋅사회적 안정과 국력의 신장을 바탕으로 민족 문화가
크게 꽃피었다. 이 때 왕성한 민족적 자각과 전통 문화에 대한 자부심을 바탕으로 한글이 창제되었다.

그리고 16세기 이후에는 향촌에 기반을 둔 사림이 정치적으로 성장하여 지방에까지 그 저변을 확대하면서 유교 중심의 근세 문화를 발전시켰다.

◇ 연구 과제 ◇

1\. 15세기에 민족 문화가 크게 창달될 수 있었던 배경은 무엇인가?

2\. 조선 초기 과학 기술의 발달은 어떠하였는가?

3\. 성리학의 흐름과 관련하여 16세기의 문화는 15세기에 비하여 어떠한 변화가 나타났는가?

4\. 조선 전기의 문학과 예술은 고려 시대에 비하여 어떤 차이가 있었는가?

 (1) 민족 문화의 발달

한글의 창제

우리 나라는 일찍부터 한자를 써 오면서, 말과 글자의 다름에서 오는 불편을 덜기 위하여 이두 문자를 사용해 왔으나, 이것으로는 우리말을
자유롭게 표현할 수가 없었다. 더구나 농민의 사회적 지위가 상승하고 사회 의식이 성장함에 따라 지배층과 피지배층 사이에 직접적이고 공식적인
의사 소통의 필요성이 커졌다. 이러한 문제를 해결하기 위해 국민 모두가 사용할 수 있는 문자가 요구되었다.

이에 세종은 집현전 학자들을 중심으로 정음청을 설치하고, 음운을 연구하여 한글을 창제하였다. 한글은 배우기 쉽고 조직적이며, 마음대로 표현할
수 있을 뿐 아니라 글자 제작의 원리가 매우 과학적이다.

세종 대왕  

한글을 널리 사용할 수 있도록 하기 위해 용비어천가를 지어 실제 사용의 모범을 보이고, 훈민정음이라 이름하여 정식으로 반포하였다(1446).
이어서 불경, 농서, 윤리서, 병서 등을 한글로 번역하거나 편찬하였다. 한글의 창제와 보급은 유교주의 교육과 지식 보급에 크게 기여하였을
뿐만 아니라, 국문학의 발전에도 크게 이바지하였다.

한편, 서리들로 하여금 훈민정음을 배워 행정 실무에 이용하게 하고, 이들의 채용에 훈민정음의 시험을 치르게 하기도 하였다. 이로써, 한문을
알지 못하는 일반 백성들도 문자 생활을 누릴 수 있는 길이 트였을 뿐만 아니라, 고유한 언어와 함께 고유의 문자까지 가지게 됨으로써 민족
문화의 기반이 더 넓고 확고해졌다.

사서의 편찬

조선은 왕조의 정통성에 대한 명분을 내세우고 성리학적 통치 규범을 정착시키기 위하여 국가적 차원에서 사서의 편찬에 힘썼다. 건국 초기에
편찬된 정도전의 고려국사, 권근의 동국사략 등은 그러한 의도가 반영된 사서였다.

한편, 한 왕대의 역사를 후세에 남기기 위한 실록의 편찬은 국가의 큰 관심사였다. 그리하여 국왕의 사후 곧 춘추관을 중심으로 실록청을
설치하고 관련 자료를 종합, 정리하여 실록을 편찬하였다.1) 실록은 태조 실록 이후 조선 말기까지 계속 편찬되어 역사 연구의 기본 자료가
되고 있다.

태조 실록  

15세기 중엽에는 고려 왕조의 역사를 자주적인 입장에서 재정리하고자 하여 기전체의 고려사와 편년체의 고려사절요가 편찬되었다. 성종 때에는
고조선부터 고려 말까지의 통사로서 동국통감이 간행되었다.

동국통감  

16세기에 이르러 사림의 정치 의식과 문화 의식을 반영하는 새로운 사서가 편찬되었다. 이 시기의 역사 인식 태도는 존화 사상을 바탕으로 우리
나라 역사를 소중화(小中華)의 역사로 파악하였다. 따라서, 기자 조선이 주목되었으며, 유교 문화와 대립되는 고유 문화는 이단시되었다.
그리하여 박상의 동국사략, 이이의 기자실기 등이 편찬되었다.

지리서와 윤리서

중앙 집권과 국방의 강화를 위하여 국토의 자연 환경과 인문 지리에 관한 정보를 정리하기 위한 작업이 요청되었다. 그리하여 각종의 지도와
지리서가 제작, 편찬되었다.

15세기 초에는 세계 지도인 역대제왕혼일강리도와 전국 지도로서 팔도도가 만들어졌다. 팔도도는 몇 차례에 걸쳐 제작되었는데, 그 중에서
양성지의 팔도도는 과학 기구를 이용하여 정밀하게 제작되었다. 이 지도는 압록강 이북까지도 상세히 기록하여, 당시 북방에 대한 관심이
고조되었음을 잘 나타내 주고 있다. 16세기 중엽에도 많은 지도가 만들어졌는데, 그 중에서 조선방역지도가 현존하고 있다.

세종 때에는 지리지의 편찬도 추진되어 팔도지리지가 완성되었다. 여기에는 전국 8도의 지리, 역사, 정치, 사회, 경제, 산업, 군사, 교통
등의 내용이 실려 있다.

성종 때에는 이를 보완하여 동국여지승람을 편찬하였다. 여기에는 군⋅현의 연혁, 지세, 인물, 풍속, 성씨, 고적, 산물, 교통 등이 자세히
수록되어 당시 국토에 대한 인문 지리적 지식 수준을 크게 높여 주었다. 그 후 이를 증보한 신증동국여지승람이 편찬되었다.

동국여지승람  

그리고 일부 군⋅현에서는 읍지가 만들어졌다. 읍지에는 향토의 문화적 유산에 대한 사림의 관심이 반영되어 있다.

한편, 유교적인 질서를 확립하기 위하여 윤리와 의례에 관한 책들도 편찬되었다. 즉, 삼강행실도, 효행록 등을 편찬하고, 때로는 이에 언해를
붙여 백성들이 쉽게 읽고 실천하도록 하였다. 또, 국가의 각종 행사에 필요한 의례를 제정, 정비하여 국조오례의 등을 편찬하였다.

경국대전의 완성

유교 정치 이념을 기반으로 하는 조선 왕조는 통치 규범을 성문화하기 위해 법제의 정비 작업을 추진하였다.

즉, 태조 이래로 법제 운영을 위해서 법전을 편찬하였는데, 정도전은 조선경국전, 경제문감 등을 편찬하였고, 뒤에 조준은 조례를 모아
경제육전을 만들었다.

법전의 개편 작업은 세종, 세조대를 거쳐 성종대에 이르러 경국대전으로 완성되었다. 경국대전은 이전, 호전, 예전, 병전, 형전, 공전의
6전으로 구성되어 있다.

경국대전은 조선 왕조의 기본 법전으로 그 후 필요한 부분이 보완되어 조선 말기까지 이 법전의 기본 정신이 유지되었다. 이와 같은 경국대전의
편찬은 바로 조선 왕조의 법제적 통치 질서를 존중하는 유교 문화를 상징하는 것이다.

과학 기술

15세기에는 과학 기술도 발달하였다. 이는 부국 강병과 민생의 안정을 위해 필요한 것이었다. 그리하여 과학 기술은 조선 왕조의 국가적
지원으로 발전되었다. 조선 초기에는 유학자들도 기술학을 중시하여 전통적 기술 문화를 계승하고, 서역 및 중국의 과학 기술을 수용하여 훌륭한
업적을 남겼다.

국가적인 편찬 사업이 활발해지면서 활자와 인쇄 기술 문화가 발달하였다. 고려 시대의 금속 활자 인쇄술은 이 시기에 더욱 발전되어, 이른바
계미자, 갑인자 등의 정교한 활자가 만들어졌다.

그리고 조선 초기의 편찬 사업은 제지술을 향상시켰으며, 출판 문화의 발달은 교육을 포함한 문화 수준을 한층 높이는 데에 크게 기여하였다.

농업을 기반으로 하는 이 시기의 산업 구조는 농학을 중심으로 한 천문, 기상, 역법, 측량, 수학의 발달을 가져왔으며, 천체, 시간, 기상,
토지의 정확한 측정을 위한 각종 기구가 발명, 제작되었다. 혼의, 간의 등 천체 관측 기구와 해시계, 물시계 등 시간 측정 기구를
제작하였으며, 세계 최초로 측우기를 만들어 전국 각지의 강우량을 과학적으로 측정하였다(1441). 또, 토지 측량 기구인 인지의와 규형을
제작하여, 양전 사업과 지도 제작에 활용하였다.

자격루(물시계)  

한편, 천문 역법에 대한 깊은 관심과 토지 조사, 조세 수입의 계산 등의 필요에 따라 수학이 발달하였다. 당시, 수학 교재로는 상명산법,
산학계몽 등이 있었다.

세종 때에는 칠정산이라는 새로운 역법이 마련되었다. 이것은 중국과 아라비아의 역법을 참고로 하여 만든 것으로, 우리 역사상 최초로 한양
기준의 역법이 만들어졌다는 데 그 의미가 있다.

국방 강화 정책과 관련하여 무기 제조 기술도 발달하였다. 고려 말기부터 개발되기 시작한 화약 무기 제조 기술이 더욱 개량되어 성능이 뛰어난
화포가 만들어지고, 화차가 제조되었으며, 병선 제조 기술이 개량되어 전투선인 거북선이 제작되었다.

그러나 15세기의 과학 기술은 16세기 이후 기술을 경시하는 경향으로 인해 점차 침체에 빠지게 되었다.

과학 서적

과학 기술의 발달과 관련하여 각종 과학 서적이 편찬, 간행되었다.

농서로는 농사직설과 금양잡록이 편찬되었다. 특히, 농사직설은 우리 나라의 풍토에 맞는 농사 기술과 품종 등의 개발을 위하여 씨앗의 저장법,
토질의 개량법, 모내기법 등 농민들의 실제 경험을 종합하여 편찬된 농서였다.

조선 초기에는 외적의 침입에 대비하여 국방을 강화하려는 노력으로 많은 병서가 간행되었다. 이에 따라 우리 나라의 지형, 지세에 맞는 전술을
개발하게 되었고, 역대의 전쟁사도 정리하게 되었다. 즉, 진도를 비롯한 각종 병서가 편찬되어, 독특한 전술과 부대 편성 방법이 창안되었다.
이어서, 병장도설이 편찬되어 군사 훈련의 지침서로 사용되었을 뿐만 아니라, 화포를 제작, 사용하는 방법도 개발되었다. 또, 동국병감이
편찬되어 전쟁사가 체계적으로 정리되었다.

의약에서도 경험을 토대로 하여 우리 풍토에 알맞은 약재와 치료 방법을 개발, 정리하여 향약집성방이라는 의약서를 편찬하였다. 또, 의방유취라는
의학 백과 사전도 편찬되어, 우리 나라 한방 의학의 기반을 확고하게 다져 놓았다.

향약집성방

 (2) 성리학의 발달

성리학의 두 흐름

고려 말기의 신진 사대부들이 자기 역사에 대한 성찰과 현실 극복의 이념적 지표로 삼은 학문적 기반은 성리학이었다. 성리학은 조선의 건국
과정에서 사회 개혁의 명분을 제공하였다.

조선 왕조의 개창이라는 역사적 변화에 대하여, 성리학을 공부하는 지식인들이 모두 찬동한 것은 아니었다. 즉, 개혁의 논리를 내세우면서
적극적인 역성 혁명에 참여한 쪽과, 개혁에 소극적이면서 고려 왕조에 충성을 표시하는 의리와 명분을 주장하는 쪽의 대립이 있었다.

전자는 정도전을 중심으로 하는 혁명파 세력으로, 조선 왕조 성립 이후 정치 구도를 세웠으며, 유교 국가 운영에 학문적 이론을 제시하였다.

후자는 정몽주를 중심으로 하는 정치 세력으로, 조선 왕조의 건국을 반대하는 유학자들로 구성되어 있었다. 이들은 군신 간의 충성 관계를
강조하는 의리와 명분을 사회 안정의 기틀로 주장하였다.

이들은 정치적 입장에서만 차이가 있는 것이 아니라, 학문 성향에서도 차이가 있었다. 정도전 계통의 유학자 관료들은 사장을 중시하였고, 정몽주
계통의 유학자들은 경학을 중시하였다.

정도전과 권근 등은 성리학을 정치 지도 이념으로 정착시키는 동시에, 사회 개혁과 국가 운영의 기초로 삼았다. 이들 관학파들은 왕권 강화와
중앙 집권 체제의 정비를 위해 노력하였다. 15세기 중엽의 관학파들은 불교, 도교, 풍수 지리 사상, 민간 신앙 등을 포용하면서 조선 왕조의
사회 안정을 추구하였다. 이러한 유교 이념에 토대를 둔 정책은 특히 세종, 세조에 의하여 주도되어, 성균관과 집현전 등을 통해서 수준 높은
근세 문화를 창조하였다.

조선 왕조가 건국된 후 일부 사대부들은 왕조의 개창을 유교적 윤리와 의리에 어긋난다고 비판하면서 향촌에 내려가 교육과 향촌 건설에
주력하였다. 그들은 대체로 정몽주, 길재 등에서 김종직, 김굉필로 그 학통이 이어지는 사림 세력이었다. 사학을 통해서 양성된 사림은 성종
때를 전후하여 중앙 정계에 활발히 진출하였다. 그리하여 훈구 세력과 사림 세력 사이에 정치적 갈등이 일어났다.

성리학의 융성

16세기에 이르러 조선의 성리학은 관념적인 이기론 중심으로 발달하였다. 당시의 철학적 조류는 크게 두 계통으로 나뉘는데, 하나는 서경덕을
선구자로 하면서 경험적 세계를 중요시하는 주기론이며, 다른 하나는 이언적을 선구자로 하면서 원리적 문제를 중요시하는 주리론이다. 이 두
학자의 뒤를 이어 조선 성리학을 대성한 사람은 이황과 이이였다.

이황은 주자서절요, 성학십도 등을 지어, 주자의 이기 이원론을 더욱 발전시켜 주리 철학을 확립하였다. 그의 사상은 우리 나라뿐만 아니라
일본의 성리학 발전에도 큰 영향을 끼쳤다. 주리 철학은 대체로 향촌에서 중소 지주적 경제 기반을 가진, 생활이 비교적 안정된 사림들이
발전시켜 나갔다. 이들은 경험적 세계의 현실 문제보다는 도덕적 원리에 대한 인식과 그 실천을 중요시하여, 신분 질서를 유지하는 도덕 규범의
확립에 크게 기여하였다. 이황의 학통은 김성일, 유성룡 등의 제자에 의하여 영남 학파를 형성하였다.

성학십도(이황)  

이이는 주기론의 입장에서 관념적 도덕 세계를 중요시하는 동시에, 경험적 현실 세계를 존중하는 새로운 철학 체계를 수립하였다. 그는 주자와
이황의 이기 이원론에 만족하지 않고, 한 걸음 더 나아가 일원론적인 이기 이원론을 주장하였다. 그는 현실 문제의 개혁을 과감히 주장한
경세가이기도 하였다. 동호문답, 성학집요 등은 그의 대표적인 저작들이다. 그의 학통은 조헌, 김장생 등으로 이어져서 기호 학파를 형성하였다.

성학집요(이이)  

이와 같이, 16세기에 이르러 사림은 성리학을 더욱 발전시켜 심오한 이기 철학을 성립시키고, 왕도적 정치 철학을 확립하여 정치의 활성화에
공헌하였으나, 지나친 도덕주의로 현실적인 부국 강병책에는 소홀하였다.

예학과 보학

성리학의 발달과 함께 왕실 위주의 국가 질서론과 주자가례에 대한 학문적 연구로 인하여 예학(禮學)이 발달하게 되었다. 예학은 도덕 윤리를
기준으로 하는 형식 논리를 중시하였고, 명분 중심의 가치를 강조하였다. 사림들이 신분 질서의 안정에 필요한 의례 형식을 중요시함으로써, 상장
제례에 관한 예학이 발달하였다. 가정의 의례는 주자가례를 모범으로 하였는데, 김장생, 정구 등이 이를 하나의 학문으로 발전시키면서 이에 관한
많은 저술들이 이루어졌다.

예학은 가족과 종족 상호간의 상장 제례의 의식을 바로잡고, 유교주의적 가족 제도를 확립하는 데 기여한 점도 있으나, 지나치게 형식에 사로잡힌
감이 있고, 또 사림 간에 정쟁의 구실로 이용되는 폐단도 있었다.

또, 사림 양반들은 가족과 친족 공동체의 유대를 통해서 문벌을 형성하고, 양반으로서 신분적 우위성을 유지하려 하였다. 이러한 필요에서 그들은
족보를 만들어 종족의 내력을 기록하고, 그것을 암기하는 것을 필수적인 교양으로 생각하였다. 이것이 이른바 보학(譜學)이다.

종족 내부의 의례를 규제하는 것이 예학이라면, 보학은 종족의 종적인 내력과 횡적인 종족 관계를 확인시켜 주는 기능을 하였다. 따라서, 족보를
통해서 안으로는 종족 내부의 결속을 강화하고, 종가와 방계를 구별하여 위계를 정하였으며, 밖으로는 다른 종족이나 하급 신분에 대해서 문벌의
권위를 과시할 수 있었다.

또, 족보는 결혼 상대자를 구하거나 붕당을 구별하는 데 있어서도 중요한 자료가 되었다. 족보의 편찬과 보학은 조선 후기의 사회 변동 속에서
종족의 사회적 위상을 지키려는 양반들에 의해 더욱 성행하였다.

선원록(왕실의 족보)

 (3) 종교와 민간 신앙

불교

조선 시대의 불교는 유교 이념을 내세운 국가에 의해 간섭과 통제를 받아 그 활동이 제약되었다.

조선 왕조는 불교에 대한 정비책으로 도첩제를 실시하였고, 종파를 선⋅교 양종으로 통합하였으며, 사원의 건립을 억제하였다. 그리고 불교 윤리
사상을 유교 윤리 사상으로 대체하고, 사원의 토지와 노비를 국가에서 환수하였다.

태조는 도첩제를 실시하여 승려의 수를 제한하고, 사원의 건립을 억제하였다. 태종은 전국에 242개의 사원만을 남기고 나머지는 폐지하여 토지와
노비를 몰수하였다. 세종은 모든 종파를 선⋅교 양종으로 통합하고, 선⋅교에 각 18사씩 36사만을 본사로 인정하였다. 그러나 불교 신앙은
궁중과 민간에서는 여전히 신봉되고 있었다. 세조 때에는 원각사에 10층 석탑을 세우고, 간경도감을 두어 불경을 번역, 간행하기도 하였다.

원각사지 10층 석탑(서울 탑골 공원)  

민간 신앙

도교 신앙도 널리 보급되고 있었다. 도교는 하늘에 대한 제사를 중요시하였으며, 사대부 사회에 은둔과 신선 사상을 심어 주었다. 조선 초기에는
고려 시대에 잦았던 도교 행사를 줄여 재정의 낭비를 막으면서도, 소격서를 두어 제천 행사를 주관하게 하였다. 특히, 단군이 하늘에 제사를
지냈다는 전설이 깃들인 마니산에서의 초제로, 도교 신앙이 민간 신앙과 연결되어 민족 의식을 높였음을 알 수 있다.

한편, 풍수 지리설과 도참 사상이 조선 초기 이래로 중요시되어 한양 천도에 참조되었으며, 양반 사대부의 묘지 선정에서도 작용하여, 심지어
산송(山訟) 문제가 사회적인 문제로 대두되기도 하였다.

무격 신앙, 산신 사상, 삼신 숭배, 촌락제 등은 서민 사회에 깊이 자리잡았다. 특히, 계절에 따른 세시 풍속은 유교 이념과 융합되면서 조상
숭배 의식과 촌락의 안정을 기원하는 의식이 되었다.

 (4) 문학과 예술

문학

조선 초기의 문학은 한문학이 그 주류를 이루었다. 한문학은 사장을 좋아하는 문신 관료들에 의하여 발달되었는데, 이는 또한 당시 양반들의
필수적인 교양이기도 하였다. 한문학이 발달하면서 우리의 문학적 유산을 정리하려는 노력의 일환으로 동문선이 편찬되었다. 이 책은 서거정이 우리
나라의 역대 시문 중에서 뛰어난 것만을 뽑아 모은 것이다. 그러나 16세기에 이르러서는 사림들이 경학에 치중하고 사장을 경시하였기 때문에
한문학은 자연히 저조할 수밖에 없었다.

동문선  

문학 형식은 시조, 가사, 패설, 소설 등 다양하였고, 작품의 주제도 우리 나라 산천의 아름다움과 자연 속에 파묻힌 은둔적인 생활의 즐거움
등으로 다양하였다.

한편, 고려 후기의 신진 사대부들 사이에 유행하였던 설화 문학도 그대로 계승되어 발전하였다. 이들 작품은 비록 한자를 빌려 썼으나, 그
내용에는 대개 우리 나라 서민 사회에서 입으로 전해 오는 역사, 전설, 풍습, 신앙 등이 담겨 있어, 민족 문학으로서의 높은 가치를 지닌다.

김시습의 금오신화는 설화를 소설 형식으로 이끌어 올린 것인데, 여기에 실린 다섯 편의 소설은 평양, 경주, 개성 등 옛 도읍지를 배경으로
하여 우리 나라의 고유한 신앙과 연결된 생활 감정과 역사 의식을 묘사하고 있다.

그 후, 어숙권이 패관잡기를 지어 문벌 제도와 적서 차별의 폐단을 지적하였으며, 임제는 풍자적이고 우의적인 시와 산문을 써서 당시 사회의
모순과 유학자들의 사대 사상을 비판하였다.

고려 시대에 싹을 보인 시조 문학도 초기부터 발달하기 시작하였는데, 이는 크게 두 가지 경향으로 나타났다.

하나는, 중앙의 고급 관료들의 시조로서, 여기에는 주로 새 왕조의 건설을 찬양하거나, 새 사회 건설의 희망과 정열을 토로한 것, 외적을
물리치면서 강토를 개척하는 진취적인 기상을 나타낸 것, 농경 생활의 즐거움이나 괴로움을 묘사한 것들이 많았다. 패기와 자신이 넘치는 호방한
시조로서는 김종서와 남이의 작품이 뛰어났다. 다른 하나는, 유교적 충절을 읊은 시조로서, 길재와 원천석 등의 작품이 유명하였다.

이러한 시조 문학은 한글의 창제로 더욱 발전하게 되어, 우리 나라 특유의 시가로 정형화되었다. 16세기에 이르러 시조는 보다 발전하였다. 그
중에서도 황진이의 시조는 인간 본연의 순수한 감정을 꾸밈없이 노래하였고, 윤선도의 시조는 자연을 벗삼아 살아가는 은둔적인 생활의 즐거움을
표현하여 널리 애송되었다.

악장 문학으로는 용비어천가, 월인천강지곡이 대표적이다. 이러한 악장은 조선 초기부터 유행하더니, 훈민정음의 창제로 점차 발전하여, 16세기에
이르러서는 가사 문학으로까지 이어졌다. 작가로는 송순, 정철, 박인로 등이 뛰어났는데, 특히 정철은 풍부한 우리말의 어휘를 마음껏 구사하여
관동별곡, 사미인곡과 같은 걸작을 남겼다.

관동별곡  

한편, 문운의 진전에 따라 여류 사회에서도 문인들이 나오게 되었다. 여류 문인으로는 시, 서, 화에 능한 신사임당, 한시에 뛰어난 허난설헌,
시조로 뛰어난 황진이 등이 유명하였다. 또, 민간 사회에서는 흥미 본위로 이루어진 옛날 이야기인 민담(民譚)이 전승되고 있었다.

건축

조선 시대에는 건축에서도 새로운 특징들이 나타났다. 고려 시대의 건축은 사원 건축이 중심을 이루었는 데 비하여, 15세기에는 궁궐, 관아,
성곽, 성문, 그리고 학교 등의 건축이 중심을 이루었다.

건물의 규모가 법적으로 규제되어 있어서, 그 안에 거주하거나 그 건물을 이용하는 사람의 신분에 따라 일정한 차등을 두었다. 이것은 신분
질서를 지키려는 뜻도 있었지만, 불필요한 사치를 막자는 데에도 그 이유가 있었다. 그리하여 건축은 대체로 규모가 작고 검소하면서도 위엄을
갖추었고, 어느 건물이나 건물 자체의 균형뿐만 아니라 주위의 환경과 조화를 이루는 아름다움을 지니고 있었다. 이 시대의 대표적인 건축물로
현존하는 것으로는, 서울의 숭례문, 창덕궁의 돈화문, 개성의 남대문, 해인사의 장경판고 등을 들 수 있다.

개성의 남대문  

그리고 건물에 부속된 정원도 될 수 있는 대로 인공을 가하지 않고 자연 그대로를 살린 것이 조선 시대 정원의 특색이었다. 그러한 특색을 살린
대표적인 정원으로는 창덕궁과 창경궁의 후원을 들 수 있다.

16세기의 건축은 서원 건축을 중심으로 발달하였다. 경주의 옥산 서원과 안동의 도산 서원 등은 서원 건축의 대표적인 것이다. 서원 건축은
주택, 사원, 정자의 건축 양식이 배합되어 독특한 아름다움을 지녔다. 즉, 산과 하천을 끼고 있는 마을 부근의 한적한 곳에 서원을 세워
자연과의 조화를 이룰 수 있도록 하였다. 그리고 사원의 가람 배치 양식을 본떠 강당을 중심으로 좌우에 재를 지었는데, 그 구조는 주택 양식의
도입과 유교적인 검약 정신의 영향을 받아 대체로 검소하였다.

도산 서원(경북 안동)  

공예

공예는 상류 계층의 사치품이 아니라, 의식주의 필수품이나 사대부의 문방구 등과 관련하여 특색 있는 발달을 보았다. 따라서, 공예품의 재료도
금, 은, 구슬과 같은 보석류를 별로 쓰지 않고, 나무, 대, 흙, 왕골 등과 같은 흔한 재료를 많이 이용하였다.

주로 생활 필수품으로 만들어진 도자기 등은 견고할 뿐만 아니라, 그 형태나 색깔이 소박하면서도 기품이 있었다.

15세기에는 고려자기의 기법을 이어받아 새롭게 발전한 회청색의 분청 사기를 만들었다. 이것은 고려의 청자처럼 화려하고 정교하지는 못하였으나,
우아한 멋을 보였다. 분청 사기와 옹기 그릇은 전국의 자기소와 도기소에서 관수용, 민수용으로 제작, 보급되었는데, 특히 관요가 있었던 광주
분원의 것이 유명하였다.

16세기에는 세련된 백자가 널리 유행하였다. 백자는 태토가 훨씬 견고할 뿐만 아니라 청자보다 깨끗하고 담백하며, 순백의 고상함을 풍겨서
사대부의 취향에 걸맞은 멋을 풍겼다.

백자 항아리  

한편, 장롱, 문갑 같은 목공예 분야에서도 실용성과 예술성을 잘 조화시켰다. 자연미를 그대로 살린 기품 있는 공예품도 만들어졌다. 이 밖에
화각 공예와 자개 그릇 공예가 발달하였다. 또, 자수와 매듭에서 양반의 부녀자들은 섬세하고 부드러운 정취를 살려 훌륭한 작품을 많이
만들었다.

그림과 글씨

15세기의 그림은 화원과 문인들의 그림으로 나뉜다. 이 시대에는 중국의 여러 화풍을 선택적으로 수용하고 소화한 위에 우리의 독자적인 화풍을
형성하였다.

도화서에 소속된 화원으로는 안견, 최경이 가장 유명하였는데, 그 중에서도 안견은 중국과 우리 나라의 역대 화풍을 깊이 연구하여 독자적인
경지를 개척하였다. 안견의 대표작인 몽유도원도는 이상 세계를 그려 낸 것으로, 그 구도가 웅장하고 필치가 섬세한 점이 높이 평가되고 있다.

문인 화가로는 강희안, 강희맹 등이 유명하였고, 신숙주는 화기(畵記)를 써서 안평 대군의 소장품을 소개하였다. 강희안의 대표작인 고사관수도는
간결하고 호방한 필치로 자연 속에 파묻혀 깊은 사색에 빠진 인간의 내면 세계를 그려 낸 걸작품이다.

고사관수도(강희안)  

15세기의 그림들은 일본 무로마치 시대의 미술에 많은 영향을 끼쳤다. 이 시기의 일본은 조선 문화의 수용에 열성적이어서, 많은 그림이 일본에
전해져 그 곳 화단에 큰 영향을 주었다. 또, 조선의 사신들과 동행한 화원들도 일본을 여행하는 중에 많은 그림을 남기고 돌아와 일본 미술에
직접적인 영향을 주었다.

16세기의 그림은 15세기의 전통을 토대로 색다른 화풍을 발전시켰는데, 특히 사군자에 뛰어난 화가들이 배출되었다. 이정, 황집중, 어몽룡은
각각 대, 포도, 매화를 잘 그려 삼절로 일컬어졌다.

월매도(어몽룡)  

이암은 동물의 모습을 잘 그렸고, 신사임당은 섬세하고 정교한 여성적인 필치로써 꽃과 나비, 오리 등을 잘 그려 이름이 높았다.

수박도(신사임당)  

한편, 노비 출신으로 전문 화원이었던 이상좌는 인물화, 산수화에 능하였는데, 그의 작품으로는 송하보월도가 유명하다.

이 시기의 그림들은 자연 속에서 서정적인 아름다움을 찾고, 개성 있는 화풍을 가지려는 경향도 있었다.

서예는 그림과 달라서 문인, 학자라면 누구나 터득해야 할 필수적인 교양이었다. 따라서, 이 시기의 저명한 학자들은 모두 글씨로써 일가를
이루었는데, 독특한 서체를 개발한 이도 적지 않았다.

대체로 그 필법은 중국 명필가의 영향을 받았는데, 그 중에서도 안평 대군은 조맹부체의 글씨를 개성 있게 발전시켜 이름을 떨쳤다. 양사언과
한호는 왕희지체를 특기로 하면서, 각각 초서와 해서에 능하여 명필로 이름이 높았다.

한호의 글씨  

음악과 무용

음악은 국가의 각종 의례와 불가분의 관계가 있었다. 수십 종의 악기가 새로 만들어지거나 개량되고, 악곡과 악보가 정리되어 조선의 독자적인
궁중 음악의 기초가 확립되었는데, 이는 동양에서 가장 오래 된 궁중 음악인 아악으로 전한다. 그 뒤, 국악을 비롯한 동양 음악을 이론적으로
정리한 악학궤범이 편찬되어 조선의 궁중 음악이 집대성되게 되었다.

악학궤범(성현)  

그러나 16세기 중엽 이후로는 음악의 주체가 궁중으로부터 서민 사회로 옮겨져 당악, 향악 등의 속악이 발달하였다. 속악으로는 가사, 시조,
가곡 외에 각 지방의 민요 등이 있어 민간에서 널리 애송되었다.

무용과 연극 중에는 음악과 밀접한 관계를 맺고 보존되어 내려온 것도 많았는데, 궁중에서는 나례춤, 처용무 등을, 서민층에서는 농악무,
무당춤, 승무 등의 민속 무용을 즐겼다. 산대놀이라는 탈춤과 꼭두각시놀이인 인형극도 민간 사회에 유행되기 시작하였다.

처용무  

산대놀이는 바가지와 종이 등으로 만든 탈을 쓰고 추는 춤으로서, 고려 시대부터 전해 오는 것이었다. 특히, 산대놀이는 조선 후기에 들어와
민중들 사이에 널리 퍼졌다.

또, 민간에서는 굿이 유행하였는데, 이러한 무속은 촌락제, 별신굿, 가정굿 등으로 분화되어 다양하게 발전하였다. 이러한 굿과 함께 추는 춤은
탈춤, 민속무 등에도 많은 영향을 주었다.

 고고학 용어

〔개정 용어〕 | 〔개정 이전 용어〕 | 〔개정 용어〕 | 〔개정 이전 용어〕  
---|---|---|---  
가락바퀴 | 방추차(紡錘車) | 모줄임 천장 | 말각 조정식 천정(抹角藻井式天井)  
가지무늬 토기 | 채문 토기(彩文土器) | 민무늬 토기 | 무문 토기(無文土器)  
간석기 | 마제 석기(磨製石器) | 바위 그림 | 암각화(岩刻畫)  
갈판 | 연석(碾石) | 바퀴날 도끼 | 환상 석부(環狀石斧)  
거친무늬 거울 | 조문경(粗文鏡) | 바탕흙 | 태토(胎土)  
거푸집 | 용범(鎔笵) | 반달 돌칼 | 반월형 석도(半月形石刀)  
검은 간 토기 | 흑도(黑陶) | 받침돌 | 지석(支石)  
고인돌 | 지석묘(支石墓) | 번개 무늬 | 뇌문(雷文)  
구덩무덤 | 토장묘(土葬墓) | 벽돌무덤 | 전축분(塼築墳)  
구덩식 | 수혈식(竪穴式) | 보습 | 이선(犁先)  
굴식 | 횡혈식(橫穴式) | 붉은 간 토기 | 홍도(紅陶)  
낚시바늘 | 조침(釣針) | 빗살무늬 토기 | 즐문 토기(櫛文土器)  
널길 | 연도(羨道) | 뼈 단지 | 골호(骨壺)  
널무덤 | 토광묘(土壙墓) | 뼈 연장 | 골기(骨器)  
널방 | 현실(玄室) | 뿔 연장 | 각기(角器)  
눕혀묻기 | 앙와장(仰臥葬) | 상돌 | 상석(床石)  
덧널무덤 | 목곽묘(木槨墓) | 선돌 | 입석(立石)  
덧띠 토기 | 점토대 토기(粘土帶土器) | 수레 토기 | 차형 토기(車形土器)  
덧무늬 토기 | 태선 융기문 토기(太線隆起文土器) | 오리 토기 | 압형 토기(鴨形土器)  
독무덤 | 옹관묘(甕棺墓) | 움집터 | 수혈 주거지(竪穴住居址)  
돋새김 | 양각(陽刻) | 이른 민무늬 토기 | 원시 무문 토기(原始無文土器)  
돌널무덤 | 석관묘(石棺墓) | 잔석기 | 세석기(細石器)  
돌덧널무덤 | 석곽분(石槨墳) | 저장 구덩 | 저장혈(貯藏穴)  
돌무지 덧널무덤 | 적석 목곽분(積石木槨墳) | 조개더미 | 패총(貝塚)  
돌무지 무덤 | 적석총(積石塚) | 짐승 토기 | 동물형 토기(動物形土器)  
돌방무덤 | 석실분(石室墳) | 집터 | 주거지(住居址)  
돌짐승 | 석수(石獸) | 집 토기 | 가형 토기(家型土器)  
두벌묻기 | 세골장(洗骨葬) | 칠무늬 토기 | 채문 토기(彩色土器, 彩文土器)  
둘레돌 | 호석(護石) | 팽이 토기 | 각형 토기(角形土器)  
둥근 바닥 | 원저(圓底) | 홈자귀 | 유구 석부(有溝石斧)  
뚜껑돌(덮개돌) | 개석(蓋石) | 화덕 자리 | 노지(爐址)

 옛 지명의 현재 명칭( 표는 현재의 소재지)

〔옛 이름〕 | 〔현재 이름〕 | 〔옛 이름〕 | 〔현재 이름〕  
---|---|---|---  
가리포(加里浦) | 강진 | 상경 용천부(上京龍泉府) | 동경성(만주)  
가림성(加林城) | 부여 | 쌍성(雙城) | 영흥  
가산(嘉山) | 박천 | 서경(西京) | 평양  
갑주(甲州) | 갑산 | 서경 압록부(西京鴨綠府) | 통구(만주)  
강동성(江東城) | 강동 | 서라벌(徐羅伐) | 경주  
강음(江陰) | 금천 | 서안평(西安平) | 안동(만주)  
강주(康州) | 진주 | 서원경(西原京) | 청주  
개경(開京) | 개성 | 석성(石城) | 부여  
개모성(蓋牟城) | 심양(만주) | 선주(宣州) | 덕원  
거물성(居勿城) | 남원 | 소부리(所夫里) | 부여  
건마국(乾馬國) | 익산 | 소사(素砂) | 부천  
경산부(京山府) | 성주 | 송악(松嶽) | 개성  
경원(慶源) | 인천 | 수곡성(水谷城) | 신계  
고사비성(古沙比城) | 옥구 | 수주(水州) | 수원  
고창(古昌) | 안동 | 술천성(述川城) | 여주  
공산(公山) | 대구 | 숭녕진(崇寧鎭) | 함주  
공험진(公嶮鎭) | 함주 | 신성(新城) | 심양(만주)  
곽주(郭州) | 정주 | 실직(悉直) | 삼척  
관미성(關彌城) | 강화 | 십곡성(十谷城) | 곡산  
관산성(管山城) | 옥천 | 아차성(峨嵯城) | 서울  
관음포(觀音浦) | 남해 | 안골포(安骨浦) | 김해  
광산(光山) | 광주 | 안시성(安市城) | 해성(만주)  
교주(交州) | 회양 | 안융진(安戎鎭) | 안주  
구야국(狗邪國) | 김해 | 안의(安義) | 안주  
구차례(求次禮) | 구례 | 양근(楊根) | 양명  
국내성(國內城) | 통구(만주) | 양주(良州) | 양산  
귀주(龜州) | 구성 | 어란포(於蘭浦) | 해남  
금관경(金官京) | 김해 | 염주(鹽州) | 연백  
금마저(金馬渚) | 익산 | 염포(鹽浦) | 울산  
금성(金城) | 경주 | 영주(英州) | 신흥  
금성(錦城) | 나주 | 오골성(烏骨城) | 봉황성(만주)  
금양(衿陽) | 안양 | 옥포(玉浦) | 거제  
금주(金州) | 김해 | 완산(完山) | 전주  
금천(衿川) | 안양 | 요동성(遼東城) | 요양(만주)  
기벌포(伎伐浦) | 장항 | 용골 산성(龍骨山城) | 용천  
길주(吉州) | 홍원 | 용만(龍灣) | 의주  
남경(南京) | 서울 | 우금치(牛金峙) | 공주  
남경 남해부(南京南海府) | 북청 | 우산(于山) | 울릉  
남소성(南蘇城) | 산청 | 운문(雲門) | 청도  
남원경(南原京) | 남원 | 웅주(雄州) | 함주  
남천(南川) | 이천 | 웅주(熊州) | 공주  
남한산성(南漢山城) | 광주 | 웅진(熊津) | 공주  
낭비성(娘臂城) | 청주 | 웅천주(熊川州) | 공주  
낭천(娘川) | 화천 | 위원진(威遠鎭) | 신의주  
내이포(乃而浦) | 창원 | 이성(泥城) | 창성  
능성(陵城) | 화순 | 인주(仁州) | 인천  
달구벌(達句伐) | 대구 | 일선(一善) | 선산  
달량포(達梁浦) | 영암 | 임존성(任存城) | 예산  
당성(唐城) | 남양 | 임토(林土) | 벽동  
달홀(達忽) | 고성 | 자비령(慈悲嶺) | 봉산  
당포(唐浦) | 충무 | 적성(赤城) | 단양  
당항성(黨項城) | 남양 | 적성(積城) | 연천  
당항포(唐項浦) | 고성 | 정주(貞州) | 개풍  
대야성(大耶城) | 합천 | 정천(井泉) | 원산  
덕원(德源) | 원산 | 제포(薺浦) | 창원  
도련포(都連浦) | 정평 | 졸본성(卒本城) | 환인(만주)  
도림성(道臨城) | 통천 | 주류성(周留城) | 서천  
도살성(道薩城) | 천안 | 죽주(竹州) | 이천  
독로강(禿魯江) | 강계 | 중경 현덕부(中京顯德府) | 돈화(만주)  
동경(東京) | 경주 | 중원경(中原京) | 충주  
동경 용원부(東京龍原府) | 혼춘(만주) | 지평(砥平) | 양평  
동주(東州) | 철원 | 진양진(眞陽鎭) | 함주  
등주(登州) | 안변 | 진포(鎭浦) | 서천  
마전(麻田) | 연천 | 책성(柵城) | 혼춘(만주)  
매소성(買肖城) | 연천 | 처인성(處仁城) | 용인  
명량(鳴梁) | 해남 | 철령(鐵嶺) | 회양  
명주(溟州) | 강릉 | 철옹성(鐵甕城) | 맹산  
명학소(鳴鶴所) | 공주(대전 유성) | 청해진(淸海鎭) | 완도  
목지국(目支國) | 직산 | 초전(草田) | 울산  
무산성(毋山城) | 남원 | 충순현(忠順縣) | 공주  
무진주(武珍州) | 광주 | 칠중성(七重城) | 연천  
미추홀(彌鄒忽) | 인천 | 칠천량(七川梁) | 거제  
밀성(密城) | 밀양 | 파평(坡平) | 파주  
박작성(泊汋城) | 안동(만주) | 패강진(浿江鎭) | 은율  
반남(潘南) | 나주 | 평로진(平虜鎭) | 평원  
발라(發羅) | 나주 | 평양성(平壤城) | 평양  
백마 산성(白馬山城) | 의주 | 탄현(炭峴) | 대전  
백수성(白水城) | 연백 | 탐라(耽羅) | 제주  
백암성(白巖城) | 안산(만주) | 탐진(耽津) | 강진  
백제국(伯濟國) | 하남 | 통태진(通泰鎭) | 흥남  
보주(保州) | 의주 | 하남 위례성(河南慰禮城) | 하남  
복주(福州) | 안동 | 하슬라(河瑟羅) | 강릉  
복주(福州) | 함주 | 한성(漢城) | 서울  
부산포(富山浦) | 부산 | 한성(漢城) | 재령  
부성(富城) | 서산 | 한주(漢州) | 광주  
부여성(扶餘城) | 농안(만주) | 함주(咸州) | 함흥  
북원경(北原京) | 원주 | 합포(合浦) | 마산  
불이(不而) | 덕원 | 현도성(玄菟城) | 무순(만주)  
비사벌(比斯伐) | 창녕 | 혈구진(穴口鎭) | 강화  
비사성(卑沙城) | 대련(만주) | 홍산(鴻山) | 부여  
비열홀(比列忽) | 안변 | 홍주(洪州) | 홍성  
사량진(蛇梁鎭) | 충무 | 화려(和麗) | 영흥  
사로국(斯盧國) | 경주 | 화주(和州) | 영흥  
사벌(沙伐) | 상주 | 황산(黃山) | 남원  
사비(泗比) | 부여 | 황산(黃山) | 논산  
사야도(史冶島) | 덕적도 | 황토현(黃土峴) | 정주  
삭주(朔州) | 춘천 | 흥양(興陽) | 고흥  
삼년 산성(三年山城) | 보은 | 흥화진(興化鎭) | 의주  
삼철(三澈) | 북청 |  |

 참고 자료 및 인용 문헌

① 서울 특별시. 「서울 문화재 대관」. 1987, p. 21, 121, 153, 211, 281.  
  
② 충북 대학교 박물관. 「한국 구석기 문화전」. 1986, p. 49.

③ 서울 특별시. 「서울의 어제와 오늘」. 1988, p. 73, 156, 224.

④ 서울 대학교 박물관. 「서울 대학교 박물관 도록」. p. 99.

⑤ 숭실 대학교. 「한국 기독교 박물관」. 1988, p. 38.

⑥ 문화재 관리국 문화재 연구소. 「북한 문화재 도록」. 1993, p. 178.

⑦ 한국 문화재 보호 협회. 「문화재 대관」. 대학당, 1986, p. 147.

⑧ 최상수. 「세시 풍속」. 서문당, 1989, p. 162.

⑨ 한국 방송 공사. 「고구려 고분 벽화」. 1994, p. 54.

⑩ 국립 중앙 박물관. 「명품 도감」. 삼화 출판사, 1988, p. 14, 68.

⑪ 한국 방송 공사. 「고구려 특별 대전」. 1994, p. 36.

⑫ 국립 중앙 박물관. 「국립 중앙 박물관」. 통천 문화사, 1994, p. 67, 71, 95, 153.

⑬ 「KOREAN ART TREASURES」. Yekyong Publications Co., 1986, p. 204.

⑭ 문화 방송 경향 신문. 「시련과 영광의 민족사」. 경향 문화 출판사, 1975, p. 698.

⑮ 이만열. 「한국사 대계 2」. 삼진사, 1974, p. 264.

⑯ 한병삼. 「한국 미술 전집 2」. 동화 출판 공사, 1980, p. 124.

⑰ 임창순. 「한국 미술 전집 11」. 동화 출판 공사, 1980, p. 20.

⑱ 대한 출판 문화 협회. 「한국의 책 문화 특별전」. 1993, p. 33, 62.

⑲ 서운당. 「사진으로 보는 독립 운동(상)」. 1987, p. 19

⑳ 한국 정신 문화 연구원. 「한국 민족 문화 대백과 사전 7」. 1991, p. 292.

㉑ 한국 안보 교육 협회. 「북한 문화재 대 」. 1992, p. 94.

㉒ 웅진 출판 주식 회사. 「국보」. 1992, 1권(p. 13, 14, 37), 2권(p. 40, 110), 3권(p. 112, 150),
4권(p. 21), 5권(p. 43, 95), 7권(p. 123, 125), 9권(p. 19, 34), 10권(p. 15, 28, 91,
186), 11권(p. 215)

 [판권]

연구진 | 이원순 | 국사 편찬 위원회  
---|---|---  
| 김동운 | 한성 과학 고등 학교  
| 김홍수 | 춘천 교육 대학교  
| 심지연 | 경남 대학교  
| 양기석 | 충북 대학교  
| 이존희 | 서울 시립 대학교  
| 이희덕 | 연세 대학교  
| 임병태 | 숭실 대학교  
| 전형택 | 전남 대학교  
| 최병도 | 경동 고등 학교  
| 김광남 | 국사 편찬 위원회  
| 변승웅 | 국사 편찬 위원회  
| 신영범 | 교육부  
집필진 | 김두진 | 국민 대학교  
| 신재홍 | 국사 편찬 위원회  
| 유영렬 | 숭실 대학교  
| 이범직 | 건국 대학교  
| 진덕규 | 이화 여자 대학교  
| 최규성 | 상명 대학교  
| 최몽룡 | 서울 대학교  
| 최완기 | 이화 여자 대학교  
| 최용규 | 한국 교원 대학교  
  
고등 학교 국사(상)  
1996년 3월 1일 초판 발행  
1996년 2월 15일 인 쇄  
1996년 3월 1일 발 행 값 원  
저작권자 교육부  
편찬자 국사 편찬 위원회  
1종 도서 연구 개발 위원회  
발행인 서울 특별시 서초구 서초동 1361-5 대한 교과서 주식 회사  
인쇄인 대한 교과서 주식 회사  
 개별 구입 안내 : ☎ (0342) 735-8105 업무과 (0342) 730-3920~3 업무과"
ta_e71,초등학교 사회 6-1(7차),Democratic,Democratic Consolidation,Elementary,2002,"초등학교 사회 6-1(7차)

7차 교육과정  
  
   1\. 우리 민족과 국가의 성립
   2\. 근대 사회로 가는 길
   3\. 대한 민국의 발전
   사회 6-1을 만들면서 인용한 자료들
   [판권]

 1. 우리 민족과 국가의 성립

   (1) 하나로 뭉친 겨레
   (2) 민족을 다시 통일한 고려
   (3) 유교를 정치의 근본으로 삼은 조선
   단원 정리 학습

[주요 연표]  

알아봅시다

유미는 외국에 파견 근무를 나가신 아버지를 따라 외국에서 몇 해를 살았다. 그 곳에서는 여러 나라에서 온 어린이들과 사귀면서 자신이
한국인임을 자주 확인할 수 있었다.

그러나 유미는 외국의 친구들이 우리 나라의 역사와 문화에 대해 물었을 때 자신 있게 대답하지 못했다.

6학년이 되어 한국에 돌아온 유미는 사회 시간에 우리 나라의 역사를 배우게 되었다. 이 시간을 통해 유미는 우리 조상들이 어떤 나라들을
이루었고, 어떻게 문화를 발전시키며 살아왔는지 알아보기로 하였다.

 (1) 하나로 뭉친 겨레

   [1] 처음으로 세운 나라 고조선
   [2] 힘을 겨루며 성장한 세 나라
   [3] 삼국을 통일한 신라, 고구려를 계승한 발해
   선택 학습

우리 겨레는 최초의 나라 고조선을 세우고 고구려, 백제 신라에 이어 통일 신라와 발해를 거치면서 발전해 왔다 우리 겨레가 발전해 온 과정을
역사적 인물과 문화재를 중심으로 살펴보자.

[강화도 마니산 참성단]

 [1] 처음으로 세운 나라 고조선

   ● 고조선이 세워지기 전에 우리 조상들의 생활 모습은 어떠하였는지 조사해 보자.
   ● 최초의 국가 고조선은 어떤 나라였는지 알아보자.

 ● 고조선이 세워지기 전에 우리 조상들의 생활 모습은 어떠하였는지 조사해 보자.

이 사진에 나타난 것들은 무엇일까요?

선생님께서 3장의 사진을 보여 주시며 아이들에게 물었다.

구석기: 뗀석기(주먹도끼)  

신석기: 간석기(돌도끼 복원 모습)  

청동기: 청동검(비파형 동검(왼쪽), 세형 동검(오른쪽))  

“옛날에 사용하던 도구예요. 박물관에서 본 적이 있어요.”

유미가 대답했다.

“맞아요. 선사 시대에 사용했던 도구들이에요. 그런데 이런 도구로 무엇을 했을까요? 또, 이런 도구를 사용하던 시대의 사람들은 어떻게
살았을까요?”

선사 시대란, 글로 역사를 기록하기 이전의 시대를 뜻합니다.

선생님의 물음에 이런저런 이야기를 나누던 유미네 반 아이들은 그 때의 생활 모습에 대하여 좀 더 자세히 조사하기로 했다.

■ 구석기 시대의 생활 모습

구석기 시대의 사람들은 돌을 깨뜨리거나 떼내어 만든 뗀석기를 주로 사용하였다. 이들은 동굴에서 살면서 열매를 따거나 사냥을 하여 먹을 것을
구했으며, 불을 이용하여 추위를 이겨내고 음식을 익혀 먹었다.

■ 신석기 시대의 생활 모습

신석기 시대의 사람들은 돌을 갈아서 만든 간석기를 사용하여 농사를 짓기 시작하였다. 농사를 짓기 시작하면서 도구가 다양해지고 모양이나
쓰임새도 좋아졌다.

돌괭이, 돌보습 등을 사용하여 밭을 갈고 돌낫으로 곡물의 이삭을 따서 갈돌로 갈아 껍질을 벗기거나 가루를 내어 먹었다. 하지만, 식량이
넉넉하지 않아 사냥이나 고기잡이도 계속되었다.

갈판과 갈돌(위), 돌낫(아래) 돌보습  

고기잡이 도구들(뼈낚시, 돌그물추)  

신석기 시대 사람들은 진흙을 빚어 불에 구운 빗살무늬 토기에 곡물을 쪄 먹거나 식량을 저장하였으며, 움집에서 생활하였다.

[움집]  

신석기 시대의 집터 유적(충청 북도 청원군)  
신석기 시대에는 땅을 파고 다진 다음, 기둥을 세워 서까래를 얹고 지붕을 덮은 움집에서 생활하였다. 집터 가운데에 화덕도 만들었다.

빗살무늬 토기  
신석기 시대 토기에서는 조, 피, 수수 등의 곡물 화석이 발견되기도 하였다.

■ 청동기 시대의 생활 모습

청동기 시대에는 구리에 주석이나 아연 등을 조금씩 섞어 만든 청동기를 사용하였다. 청동기를 사용하면서 생산 도구는 더욱 발전하였다. 이전에
사용하던 석기를 더 사용하기 좋게 만든 돌괭이 등으로 땅을 개간하고 곡식을 심었으며, 반달 돌칼로 추수를 하였다. 그리고 무늬가 없는 민무늬
토기를 사용하였다.

청동기가 있는데, 왜 석기를 농기구로 사용하였을까?

민무늬 토기  

반달 돌칼  

청동 거울  

이 시대의 사람들은 농사짓기에 알맞은 평야나 하천이 가까운 곳에 작은 마을을 이루고 살았다. 또, 평등했던 사람들이 지배하는 사람과 지배를
받는 사람들로 나뉘게 되었다. 지배자들은 자신의 힘을 과시하기 위하여 사람들을 동원해 큰 무덤을 만들었다.

고인돌(청동기 시대 무덤인 고인돌에서 민무늬 토기와 간석기, 그리고 여러 가지 청동기가 발견된다.)  

  

청동기 시대에는 여러 가족이 마을을 이루고 살았으며, 다른 부족의 침입을 막기 위해 울타리를 두르기도 하였다. 청동기 시대의 집은 땅을 약간
파고, 거기에 기둥을 세우고 지붕을 얹은 움집이지만, 겉모습은 지상 가옥과 다름없었다. 또, 마을 안에서 가축을 길렀으며, 도구를 만드는
작업장에서는 청동기도 만들었다.

▶ 선사 시대의 생활 모습을 그림이나 모형으로 만들어 전시해 보자(사회과 탐구 4, 5쪽).

 ● 최초의 국가 고조선은 어떤 나라였는지 알아보자.

단군의 건국 이야기

‘하느님(환인)’의 아들인 환웅은 널리 인간을 유익하게 하기 위해 바람, 구름, 비를 다스리는 신하들을 거느리고 태백산에 내려왔다. 환웅은
이 곳을 신시라 이름짓고, 스스로를 천왕이라 하면서 사람들을 다스렸다.

그러던 중, 호랑이와 곰이 찾아와 사람이 되기를 원하므로 환웅은 이들에게 마늘과 쑥을 주며, “너희들이 이것을 먹고 백일 동안 햇빛을 보지
않으면 사람으로 변할 수 있을 것이다.”라고 하였다. 호랑이는 이를 이겨 내지 못했으나 곰은 잘 참아 내어 마침내 여인이 되었다. 환웅은 이
여인을 아내로 맞이하여 아들을 낳았는데, 이분이 바로 단군 왕검이다.

단군 왕검은 아사달에 도읍을 정하고 나라를 세워 조선이라 하였다.

‘삼국유사’ 중에서

우리 조상들은 청동기 문화를 바탕으로 최초의 국가인 고조선을 세웠다. 윗글은 고조선의 건국을 알려 주는 단군 이야기이다. 유미네 반에서는
단군 이야기를 읽고, 고조선에 대하여 이야기를 나누어 보았다.

나중에 이성계가 세운 조선과 구별하여 고조선으로 부르게 되었습니다.

  

삼국유사의 단군의 건국 이야기에 대하여 의견을 나눈 유미네 반 학생들은 여러 가지 자료를 찾아본 후, 고조선과 그 이후에 일어난 나라들에
대하여 정리해 보았다.

■ 고조선의 건국

나라를 세운 분 : 단군왕검

나라가 세워진 때 : 기원전 2333년

도읍지 : 아사달

나라를 다스린 정신 : 널리 인간을 유익하게 한다는 ‘홍익인간’의 정신

단군 왕검  

■ 고조선의 발달

고조선은 초기에 서쪽의 요령 지방으로부터 만주와 한반도 북부까지 세력을 뻗쳤다.

그러나 중국과의 충돌이 있은 뒤에는 그 중심지가 한반도 북서쪽 지역으로 옮겨졌다. 이 무렵의 고조선에는 왕 밑에 여러 관직이 있었으며,
백성들을 다스리기 위한 8개조의 법도 있었다.

8개조의 법에는 어떤 것들이 있었을까요?

고조선의 세력 범위  

■ 고조선에 뒤이어 일어난 나라들

철기 문화가 보급되면서 우리 나라의 여러 곳에서 부여, 고구려, 옥저, 동예, 삼한 등의 나라가 일어났다.

쇠로 만든 농기구가 보급되면서 사회에는 어떤 변화가 일어났을까?

여러 나라의 성장  

이들 나라가 일어날 무렵에는 이미 벼농사가 시작되었고, 농기구와 무기를 만드는 데에 필요한 철을 중심으로 나라 사이에 무역도 이루어졌다.

여러 가지 철제 도구(쇠끌, 쇠도끼, 쇠낫)  

여러 가지 철제 무기(칼, 창, 화살촉)

 [2] 힘을 겨루며 성장한 세 나라

   ● 고구려, 백제, 신라 세 나라의 성장 과정을 비교해 보자.
   ● 삼국 문화의 특징을 대표적인 유적과 유물을 통하여 조사해 보자.

 ● 고구려, 백제, 신라 세 나라의 성장 과정을 비교해 보자.

고구려의 시조 주몽과 신라의 시조 박혁거세는 알에서 태어났다고 전해 온다. 알에서 태어났다는 것은 그들이 하늘이 낸 위대한 인물이라는
뜻이다. 백제의 시조인 온조는 주몽의 아들로서, 역시 위대한 인물로 전해지고 있다.

고구려, 백제, 신라는 처음에는 작은 나라였지만, 주변의 여러 작은 나라를 정복하면서 점차 큰 나라로 성장해 갔다.

삼국 중에서 고구려가 가장 먼저 나라의 모습을 갖추었다. 고구려는 광개토 대왕 때, 백제는 근초고왕 때, 그리고 신라는 진흥왕 때에 나라의
힘을 크게 떨쳤다.

▶ 고구려, 백제, 신라의 시조와 건국 이야기를 조사해 보고, 이를 간단한 역할극으로 나타내어 보자.

  

■ 고구려의 성장과 발전

고구려는 압록강의 지류인 동가강 유역에서 일어난 나라였는데, 일찍부터 주변 지역을 정복하는 데에 힘을 쏟았다. 소수림왕 때에는 불교를
받아들이고, 교육 기관인 태학을 세워 인재를 길렀다.

국가로서의 튼튼한 기반을 마련한 고구려는 광개토 대왕과 장수왕 때에 전성기를 맞이하였다. 광개토 대왕은 만주로 영토를 크게 넓혔고, 장수왕은
도읍을 평양성으로 옮기고 남쪽으로 영토를 넓혀 백제와 신라를 위협하였다.

고구려의 전성기(5세기)  

광개토 대왕과 장수왕 때에 영토를 크게 넓혔지.

광개토 대왕릉비(중국 집안)  
414년에 장수왕이 세운 비로, 광개토 대왕의 업적에 대한 내용이 새겨져 있다.

장군총(중국 집안)  

이처럼 강한 나라인 고구려는 계속된 중국의 침략을 물리쳤는데, 을지문덕 장군이 수나라의 침략을 살수(오늘날의 청천강)에서 물리친 것이나,
양만춘 장군이 당나라의 침략을 안시성에서 물리친 것이 그 대표적인 예이다.

■ 백제의 성장과 발전

한강 유역에서 일어난 백제는 넓은 평야를 영토로 가지고 있었고 황해를 통해 중국과 교류할 수 있었기 때문에 삼국 중에서 가장 먼저 전성기를
맞았다.

백제 초기의 돌무지 무덤(서울 특별시 송파구 석촌동)  

백제는 근초고왕 때에 북쪽으로 한강 이북 지역까지 진출하였고, 남쪽으로 마한을 모두 통합하여 그 영토를 남해안까지 넓혔으며, 바다 건너
중국과 일본에도 그 세력을 뻗쳤다.

백제의 전성기(4세기)  

그러나 백제는 5세기경에 고구려의 힘에 밀려 세력이 약해졌다. 장수왕의 공격으로 백제는 한강 유역의 땅을 고구려에 넘겨주고 금강 유역의
웅진(오늘날의 공주)으로 도읍을 옮겨야 했다. 백제는 고구려 세력이 남쪽으로 내려오는 것을 막기 위해 신라와 군사 동맹을 맺었으며, 그 후에
도읍을 사비(오늘날의 부여)로 옮기고 국력을 회복하였다.

서울 특별시 석촌동의 돌무지무덤과 부근의 토성들은 백제 초기의 도읍지였던 위례성의 위치를 말해 주고 있지요. 또, 무령왕릉은 백제가 국력을
회복하였음을 보여 주는 문화재입니다.

무령왕릉 내부(충청 남도 공주시)  

무령왕릉에서 나온 금제 관 장식  

■ 신라의 성장과 발전

신라는 고구려나 백제보다 발달이 늦었고, 전성기도 삼국 중에 가장 늦게 맞이하였다.

법흥왕은 불교를 나라의 종교로 인정한 후, 불교를 내세워 왕권을 크게 강화하였다. 진흥왕은 인재 양성을 위해 화랑 제도를 정비하였으며,
백제와 힘을 합쳐 고구려를 공격하여 한강 상류 지역을 차지하는 등 영토를 크게 넓혔다.

화랑의 활약(기록화)  

북한산 진흥왕 순수비  
진흥왕이 새로 차지한 영토를 기념하기 위해 세운 비이다(서울 특별시 국립 중앙 박물관으로 옮겨 보존하고 있음.).

신라는 여기에서 멈추지 않고, 백제가 되찾은 한강 하류 지역까지 차지하였으며, 낙동강 유역의 가야를 정복하였다. 이로써 신라는 중국과 직접
교류할 수 있는 기회를 얻게 되어 크게 발전할 수 있는 기반을 마련하였다.

삼국이 한강 유역을 얻기 위해 계속 다툰 까닭은 무엇일까?

▶ 삼국의 각 전성기 때의 왕인 광개토 대왕, 근초고왕, 진흥왕과 각각 가상 대담을 해 보자(사회과 탐구 13, 16, 17쪽).

⋅ 나라의 발전을 위해 특히 힘을 기울인 일은 무엇입니까?

⋅ 기억에 남는 전쟁은 어떤 것입니까?

신라의 전성기(6세기)  

▶ 가야가 큰 나라로 발전하지 못하고 신라에 통합된 까닭에 대하여 알아보자(사회과 탐구 19쪽).

신라가 성장할 무렵, 낙동강 유역에서는 가야라는 이름을 가진 여러 작은 나라가 독립적으로 성장하고 있었다. 가야는 처음에 수로왕이 세운
김해의 금관가야를 중심으로 힘을 모으고, 뛰어난 철기 문화를 일으켰다. 고구려의 공격으로 금관가야가 힘을 잃은 후 고령의 대가야를 중심으로
힘을 모았으나, 하나의 나라를 이루지 못하고 있다가 신라에 정복되었다.

수로왕릉(경상 남도 김해시)  

이처럼 가야는 큰 나라로 발전하지는 못했지만, 풍부한 철을 바탕으로 문화를 발전시켰다. 가야 문화는 신라 문화에 영향을 주었고, 일본
문화에도 많은 영향을 끼쳤다.

가야의 금동관(경상 북도 고령군)  

가야의 토기  

철제 비늘 갑옷을 입은 가야의 기병(모형)  

철제 투구와 갑옷(경상 북도 고령군)

 ● 삼국 문화의 특징을 대표적인 유적과 유물을 통하여 조사해 보자.

삼국의 성장과 발전에 대해 공부한 유미는 컴퓨터 통신망의 가상 공간에서 삼국의 문화 유적을 견학하였다.

나는 고구려의 옛 도읍지인 국내성(오늘날의 중국 집안) 부근의 고구려 고분 안에 들어와 있습니다. 무용총이라 불리는 이 고분의 천장에는
커다란 연꽃무늬가 그려져 있고, 벽면에는 남녀가 춤추는 모습, 무사들이 사냥하는 모습이 보입니다. 말을 탄 무사들이 활을 쏘며 호랑이를
사냥하는 모습에서 고구려인들의 씩씩하고 굳센 기상을 엿볼 수 있습니다.

천장의 연꽃무늬  

무용도  

수렵도  

고구려 탐방을 마치고, 백제 탐방을 시작합니다. 부여의 중심부에 절터가 있고, 그 중앙에 정림사지 5층 석탑이 보입니다. 석탑 앞에 서서
지붕돌을 눈여겨봅니다.

정립사지 5층 석탑  

지붕돌의 끝이 살짝 들린 모습이 가지런하면서도 날렵해 보입니다. 백제의 뛰어난 건축 기술과 아름다움을 느낄 수 있습니다.

백제 문화의 특징인 온화함과 섬세함이 이 석탑에 잘 나타나 있습니다. 백제 문화는 일본 문화에 많은 영향을 주었다고 합니다.

백제 금동 대향로  

백제 기와  

이어서, 신라 탐방을 시작합니다. 신라의 천년 도읍지였던 경주에서는 가는 곳마다 거대한 왕릉과 석탑, 불상을 볼 수 있습니다.

지금 나는 3층 건물 높이쯤 되는 무덤이 여러 개 모여 있는 유적 앞에 서 있습니다. 무덤의 규모를 크게 만들어 왕실의 위엄을 과시하려 한
듯합니다.

고분  

무덤에서 나온 금관, 금귀걸이 등 여러 가지 공예품이 국립 경주 박물관에 전시되어 있습니다.

금관  

조상들이 하늘을 관측했던 첨성대와 귀족들의 호화스러운 생활을 엿볼 수 있는 안압지를 둘러본 다음, 골짜기마다 석탑과 불상이 늘어서 있는
남산을 살펴보는 것으로 가상 공간에서의 견학을 끝냈습니다.

 [3] 삼국을 통일한 신라, 고구려를 계승한 발해

   ● 통일 신라의 발전에 대하여 알아보자.
   ● 고구려를 계승한 나라인 발해에 대하여 조사해 보자.

 ● 통일 신라의 발전에 대하여 알아보자.

경주 남산 기슭에 세워진 통일전에는 삼국을 통일하는 데에 큰 공을 세운 신라의 태종 무열왕 김춘추와 김유신 장군, 그리고 삼국 통일의 대업을
완수한 문무왕의 영정이 모셔져 있다.

신라는 진흥왕 때 한강 하류 지역을 얻었으나, 고구려와 백제의 계속된 공격으로 위기에 몰렸다. 그런데 신라가 어떻게 위기를 극복하고 삼국
통일을 이루게 되었을까? 또, 위의 세 역사적 인물들은 삼국 통일을 위해 어떤 일을 하였을까?

▶다음의 역사 지도와 연표를 보고 삼국 통일 과정에 대하며 설명해 보자.

삼국 통일의 과정과 연표  

삼국을 통일한 신라는 나라의 제도를 바꾸고, 불교를 내세워 백성들의 정신을 하나로 모으고자 노력하였다. 불교의 발전에는 원효가 큰 공헌을
하였다.

통일 신라는 신라 문화의 전통 위에 고구려와 백제의 문화 전통을 합하여 찬란한 민족 문화를 이룩하였다. 불국사와 석굴암, 성덕 대왕 신종과
같은 문화재들이 이 시기에 만들어졌다.

석굴암 본존불상  

성덕 대왕 신종  

그리고 장보고는 황해 바다를 위협하는 중국의 해적으로부터 신라와 신라 백성들을 지키기 위해 완도에 청해진을 설치하였다. 장보고는 청해진을
중심으로 중국-신라-일본을 연결하는 국제 무역을 주도하여 신라인의 진취적 기상을 떨쳤다.

통일 신라의 영토  

통일 신라는 200여 년 동안 번영을 누렸으나, 귀족들의 왕위 다툼이 시작되면서 점차 나라가 기울기 시작하였다.

▶ 통일 후 신라의 발전 모습에 대하여 조사해 보고, 역사 신문으로 꾸며 보자.

 ● 고구려를 계승한 나라인 발해에 대하여 조사해 보자.

고구려는 여러 차례에 걸쳐 전쟁을 한데다가 그 뒤에 계속된 당나라와의 전쟁으로 국력이 약해졌다. 게다가 지배층의 세력다툼으로 혼란해져 있던
고구려는 신라와 당나라 연합군의 공격을 받아 멸망하였다.

나라를 잃은 고구려 사람들은 사방으로 흩어졌다. 그러나 나라가 망한 지 30여 년이 지나서 옛 고구려 장수 대조영이 발해라는 나라를 세워,
고구려의 기상과 문화를 이어 갔다.

발해는 중국, 일본과 교류하였으나, 고구려를 멸망시킨 신라와는 대체로 사이가 좋지 않았다.

▶ 발해의 영토를 옛 고구려 영토와 비교해 보고, 발해 건국의 의의를 생각해 봅시다.

고구려의 전성기  

발해의 전성기  

고구려와 마찬가지로 발해에서도 불교가 융성하였다. 발해의 문화⋅예술은 매우 세련되었는데, 이는 고구려 문화의 특색 위에 당나라 문화의 특색을
더했기 때문이다.

발해 문화의 특징은 수도인 상경을 중심으로 중경, 동경, 남경, 서경 등 5경 주변의 유적에 잘 나타나 있다. 이들 유적에서는 고구려 후기의
양식을 이어받은 무덤과 기와, 벽돌 등이 많이 발견되었다.

고구려 기와(위)와 발해 기와(아래)  
두 나라의 기와가 매우 닮았다.

발해 석등  
현무암으로 만든 거대한 석등으로, 팔각정자의 모습을 하고 있다. 대석에 새겨진 연꽃무늬는 강하고 힘찬 고구려 예술의 특징을 나타내고 있다.

 선택 학습

선택 1. 삼국의 성장 및 발전과 관계되는 역사적 인물들의 업적을 알아보고, 아래의 기준에 따라 분류해 보자.

역사적 인물들 : 광개토 대왕, 을지문덕, 왕인, 진흥왕, 무열왕, 원효, 김유신, 근초고왕, 아직기

영토를 크게 넓힌 왕 |   
---|---  
나라를 지킨 장수 |   
문화를 빛낸 인물 |   
  
선택 2. 고구려, 백제, 신라의 문화재 중에서 가장 귀중하다고 생각되는 것을 각각 한 가지씩 정하고, 정한 까닭을 이야기해 보자.

| 문화재 | 까닭  
---|---|---  
고구려 |  |   
백제 |  |   
신라 |  |   
  
선택 3. 내가 고구려나 백제 말기의 왕이었다면, 기울어 가는 나라를 구하기 위하여 어떤 일을 했을지 이야기를 나누어 보자.

 (2) 민족을 다시 통일한 고려

   [1] 고려의 건국으로 달라진 정치
   [2] 역경을 이겨 내며 꽃피운 고려 문화
   선택 학습

후삼국을 통일한 고려는 정치적으로 더욱 발전한 나라가 되었다. 고려는 여러 차례에 걸쳐 북방 민족의 침입을 받았으나, 이를 물리치면서 뛰어난
민족 문화를 발전시켰다. 고려의 발전과 외침 극복 과정을 역사적 인물과 사건을 중심으로 알아보자.

[팔만대장경판]

 [1] 고려의 건국으로 달라진 정치

   ● 고려의 후삼국 통일 과정에 대하여 알아보자.
   ● 통일 신라에 비하여 고려는 어떤 점이 발전했는지 알아보자.

 ● 고려의 후삼국 통일 과정에 대하여 알아보자.

안동에는 차전놀이 또는 동채싸움이라고 하는 민속 놀이가 전해 오고 있다. 차전놀이는 통일 신라 말에 고려의 태조 왕건과 후백제의 왕 견훤이
안동에서 싸웠던 모습을 놀이로 꾸민 것인데, 왕건을 지지하던 사람들이 여러 개의 커다란 들것을 만들어 타고 견훤의 군대를 물 속으로
밀어넣었다고 한다.

차전놀이  

후삼국 시대의 고려 영토  

귀족들의 왕위다툼으로 신라 왕실의 힘이 약해지자, 견훤이 후백제를 일으키고 이어서 궁예가 후고구려를 세웠다. 우리 나라가 신라, 후백제,
후고구려로 나누어진 이 시기를 후삼국 시대라고 한다.

궁예는 나라 이름을 태봉으로 바꾸고 새 시대의 주인이 되고자 하였으나 가혹한 정치로 민심을 잃었다. 그러자 많은 사람들이 덕이 높고 지혜로운
왕건을 새 왕으로 추대하였다. 왕건은 고구려를 계승한다는 뜻에서 나라 이름을 고려라 하고, 송악으로 도읍을 옮겼다.

한편, 후백제의 견훤은 통일을 이루기 위해 신라를 계속 공격하였고, 고려와 충돌하였다. 고려는 한때 후백제에 크게 패한 일도 있었으나,
마침내 신라를 합치고 후백제와의 싸움에서 최후의 승리를 거두어, 셋으로 나뉘었던 우리 민족을 다시 통일하였다.

▶ 궁예, 견훤, 왕건의 세 역사적 인물을 예로 들어 임금으로서 갖추어야 할 바람직한 인품에 대하여 토의해 보자(사회과 탐구 30쪽).

  

고려를 세운 태조 왕건은 세금을 줄이고, 지방 세력들을 후하게 대접하였다. 그리고 불교를 장려하여 많은 절과 탑을 세웠으며, 고구려의 옛
땅을 되찾기 위해 북진 정책을 펼쳤다.

현화사 7층 석탑(개성)  

고려의 영토  

남대문(개성)  

고려 궁궐 만월대 터(개성)  

고려의 이러한 정책으로, 발해가 망한 후에 많은 발해 유민이 고려로 모여들었다.

 ● 통일 신라에 비하여 고려는 어떤 점이 발전했는지 알아보자.

백성들이 편하게 살 수 있는 나라를 만들고자 했던 태조 왕건의 뜻은 후대의 왕들에게도 이어져 여러 가지 면에서 개혁이 이루어졌다

능력에 따라 관리를 뽑는 과거제가 실시되었고, 지방 제도가 정비되었으며, 지방의 학교를 통해 유학이 널리 보급되었다.

  

뛰어난 유학자로 높은 관직에 오른 최승로는 임금에게 정치 개혁안인 ‘시무 28조’를 올렸다.

▶ 최승로의 정치 개혁안인 ‘시무 28조’를 찾아 읽고 최승로가 바라는 바른 정치에 대하여 의견을 나누어 보자(사회과 탐구 32쪽).

▶ 고려의 대외 관계와 무역 활동에 대하여 알아보자.

고려는 발해를 멸망시킨 거란을 배척하였으나 송과는 활발하게 교류를 하였다. 특히, 바닷길을 이용한 무역이 많이 이루어졌다.

고려와 중국을 오갔던 무역선(복원 모형)  

또, 일본과 멀리 아라비아의 상인들과도 무역을 하였다. 이 때에는 예성강 하구에 있는 벽란도가 무역의 중심지였고, 개경에는 수백 명의 송나라
상인들이 오랫동안 머무르면서 무역 활동을 하였다.

고려는 주로 바다를 이용하여 송나라, 일본 등과 무역을 하였구나.

고려의 무역 활동  

고려는 송나라에 금, 은, 구리, 인삼, 종이, 나전 칠기, 화문석 등을 수출하였고, 책, 약재, 비단 등을 수입하였다.

고려의 수출품  

아라비아 상인들이 ‘고려’의 이름을 서양에 전한 것이 오늘날 우리 나라가 코리아로 불리는 계기가 되었다.

 [2] 역경을 이겨 내며 꽃피운 고려 문화

   ● 고려가 북방 민족의 침략을 어떻게 극복하였는지 알아보자.
   ● 고려의 문화에 대하여 조사해 보자.

 ● 고려가 북방 민족의 침략을 어떻게 극복하였는지 알아보자.

일요일에 유미는 부모님과 함께 낙성대를 찾아가 보았다. 어머니께서는 이 곳에서 태어난 강감찬 장군이 거란의 침략을 물리친 이야기를
들려주셨다.

낙성대(서울 특별시 관악구)  

낙성대에 있는 3층 석탑  

“고려 시대에는 외적의 침략이 많았나요?”

“그랬지. 특히, 북방 민족의 침략이 여러 차례 있었단다. 고려 사람들은 그럴 때마다 힘을 모아 이겨 냈단다.”

어머니의 말씀을 듣고 유미는 고려가 북방 민족의 침략을 어떻게 물리쳤는지 자세히 알아보기로 하였다.

  

먼저, 유미는 국사 연표에서 고려가 겪은 외침과 고려의 항쟁을 찾아보았다. 그리고 그 중에서 특히 더 중요하다고 생각되는 것을 골라 자세히
조사해 보았다.

■ 서희의 외교 담판

고려가 송나라와 가까이 지내자 거란은 수십만 대군을 이끌고 침입해 왔다. 거란 군대가 청천강까지 공격해 오자, 서희는 당당하게 거란의 장수
소손녕을 찾아가서 고구려의 옛 땅은 우리 땅이니 돌아가라고 하였다. 이것이 거란의 군대를 스스로 물러나게 한 것으로 유명한 ‘서희의
담판’이다.

  

서희의 정당한 주장을 들은 소손녕은, 마침 식량이 떨어지기도 한 참이라 청천강에서 압록강에 이르는 고려의 영토를 인정하고 대군을 돌려
물러갔습니다.

■ 강감찬의 귀주 대첩

서희의 외교 담판이 있은 지 20여 년 후, 힘이 더욱 강해진 거란이 고려를 세 번째로 침입해 왔다

거란의 10만 대군을 막기 위해 압록강으로 출전한 강감찬 장군은 거짓으로 패하는 척하며 조금씩 후퇴를 하였다. 이것을 눈치채지 못한 거란군은
개경을 향해 계속 돌진해 왔다.

개경 가까이 온 거란군은 그제야 고려군의 작전을 눈치채고 급히 후퇴하기 시작하였다. 그러나 강감찬 장군은 귀주에서 모든 준비를 갖추고
거란군이 오기를 기다렸다가, 후퇴하는 거란군을 크게 무찔렀다.

10만 명의 군사 중에 살아서 돌아간 거란의 군사는 겨우 수천 명에 지나지 않았는데, 이 승리를 ‘귀주 대첩’이라고 한다.

귀주 대첩(민족 기록화)  
강감찬 장군과 고려 군사들이 거란군을 무찌르는 모습이구나.

세 차례에 걸친 거란의 침입을 잘 막아 낸 고려는 여기서 얻은 자신감을 바탕으로 정치⋅경제 문화의 모든 면에서 더욱 발전하였다.

■ 윤관의 여진 정벌

고려와 송나라가 평화로운 교류를 하고 있을 때, 여진족이 또 다시 고려를 괴롭혔다.

여진족은 만주에서 일어난 민족으로, 오늘날의 함경도 지역까지 세력을 넓혔다. 그들은 일찍이 고려를 부모의 나라라고 부르면서 말이나 모피 등을
가지고 와 식량, 옷감, 농기구 등으로 바꾸어 갔다. 그러나 세력이 커지자 고려의 국경을 위협하였고, 결국 고려와 무력 충돌을 하게 되었다.

고려는 윤관 장군으로 하여금 ‘별무반’이라는 특수 부대를 편성하여 여진족을 물리치게 하였다. 윤관은 지금의 함경도 지역에 있던 여진족을
물리치고 그 곳에 9성을 쌓았다.

여진족을 무찌른 윤관(가상 대담)

기자 : 여진족을 이기게 된 큰 힘은 무엇이라고 생각하십니까?

윤관 : 훈련받은 기병이 있어 기동력이 우수하였고, 우리 군사들이 모두 열심히 싸웠기 때문입니다.

기자 : 왜 기병을 훈련시킬 생각을 하셨나요?

윤관 : 여진족의 군대는 말을 타고 싸우는 기병이 중심이었으므로 기병 없이 는 고려 국경을 침략하는 여진족을 이길 수가 없었기 때문입니다.

기자 : 9성을 쌓은 까닭은 무엇인가요?

윤관 : 여진족이 다시 침략하지 못하게 하고, 함경도 지역이 고려의 영토임을 확실하게 하기 위해서입니다.

기자 : 그런데 왜 쌓은 지 얼마 되지 않은 9성을 돌려주었나요?

윤관 : 살 곳을 잃은 여진족이 조공을 바치겠다고 하며 돌려 달라고 간청하여 나라에서 돌려주었습니다.

  

■ 몽고의 침입과 고려의 항쟁

중국을 정복하고 아시아의 대부분과 유럽의 일부까지 지배했던 몽고가 고려를 침략해 왔다. 압록강을 건넌 몽고군은 귀주성이 무너지지 않자,
귀주성을 내버려 두고 남쪽으로 내려왔다. 고려의 군대와 백성들은 힘을 합쳐 몽고군에 맞서 싸웠다. 충주성이 몽고군의 공격을 끝까지 막아
내자, 몽고군은 더 이상 남으로 내려가지 못하고 고려와 타협하고 물러갔다. 이 때, 고려는 계속 몽고와 싸우기 위해 강화도로 도읍을 옮겼다.

몽고는 다시 쳐들어왔지만 처인성에서 크게 패하고 물러갔으며, 세 번째 침략 때에도 죽주성에서 패하고 물러갔다.

처인성 전투(민족 기록화)  

그 후에도 몽고는 계속 고려를 침입하였고, 고려는 이에 맞서 싸웠다. 그러나 고려는 약 40년간의 항쟁을 끝으로 몽고와 강화하였고, 이후
몽고의 간섭을 받았다. 몽고의 간섭을 받으면서도 고려는 자주 국가로서의 지위를 확보하기 위한 항쟁을 계속하여, 공민왕 때에는 원의
간섭으로부터 완전히 벗어나게 되었다.

▶ 고려가 북방 민족의 침략에 맞서 승리한 까닭을 당시 전쟁에 참여한 사람들의 입장이 되어 이야기해 보자(사회과 탐구 36 쪽).

고려가 승리한 까닭은 이렇습니다!

○○○ 장군 |   
---|---  
고려의 병사 |   
백성들 |   
적군(거란, 여진, 몽고)의 병사 |

 ● 고려의 문화에 대하여 조사해 보자.

고려 시대에도 신라 시대와 마찬가지로 불교가 나라의 후원을 받으면서 크게 성장하였다. 승려들은 왕실의 고문 역할을 하였고, 대각국사 의천과
같이 왕자이면서 승려가 된 경우도 있었다. 이러한 불교는 고려 문화에 많은 영향을 주었다.

대각국사 의천  

또, 고려는 부처의 힘으로 몽고의 침략을 막으려는 소망으로 16년간에 걸쳐 팔만대장경판을 만들었다. 팔만대장경판은 글자의 모양이 고르고
아름다워 일찍부터 발달한 우리 나라의 목판 인쇄술을 잘 보여 주고 있다. 또, 그 규모와 보존 기술도 세계 최고의 솜씨로 인정받고 있다.

팔만대장경판이 보관되어 있는 장경판전 내부(경상 남도 합천군 해인사)와(좌) 팔만대장경판(우)  

목판 인쇄술에서 뛰어난 문화 유산을 남긴 우리 조상들은 세계 최초로 금속 활자를 만들어 책을 인쇄하였다.

1972년, 프랑스 국립 도서관은 세계 여러 나라의 책을 전시하였다. 여기에 금속 활자로 인쇄된 세계에서 가장 오래 된 책이 전시되었는데,
이 책은 고려 시대에 인쇄된 것으로 밝혀졌다.

전세계 사람들은 깜짝 놀랐다. 당시 사람들은 세계에서 가장 먼저 금속 활자를 만든 나라가 독일이라고 알고 있었기 때문이었다.
‘직지심체요절’이라고 불리는 이 책은 독일보다 약 70년 앞서서 청주의 흥덕사에서 인쇄된 것이라고 한다. 직지심체요절은 현재 프랑스 국립
도서관에 보관되어 있으며, 그 가치를 인정받아 세계 기록 유산으로 지정되었다.

직지심체요절을 인쇄한 금속 활자(복원한 모습)  

직지심체요절  

흥덕사 터(충청 북도 청주시)  

고려 시대의 우리 조상들은 고려청자라고 하는 찬란한 문화 유산을 후손들에게 남겨 주었다. 고려청자는 은은하면서도 맑고 투명한 푸른빛을 띠고
있으며, 선의 흐름이 부드러우면서도 생동감을 느끼게 한다.

청자 상감 운학무늬 매병  

기린 모양의 뚜껑이 있는 청자 향로  

▶ 고려청자의 아름다움을 실물이나 사진을 통하여 감상해 보고, 그 느낌을 고려청자의 아름다움을 표현한 옛 시인의 느낌과 비교하며 보자(사회과
탐구 40쪽).

푸르게 빛나는 옥은

푸른 하늘에 비치네.

한번 보는 내 눈조차

맑아지는 것 같아라.

목은 이색

 선택 학습

선택 1. 고려 시대에 관한 낱말 맞히기를 해 보자

  

○ 가로 열쇠

② 시험을 통하여 관리를 뽑는 제도

④ 후고구려를 세웠으나 가혹한 정치로 민심을 잃은 사람

⑥ 차전놀이가 전해 내려오는 지역

⑨ 귀주에서 외적을 물리친 장군

⑩ 고려를 세운 사람

⑪ 고려가 친하게 지낸 나라

○ 세로 열쇠

① 후백제를 세운 사람

③ 고려를 자주 침입한 북방 민족

⑤ 벽란도가 있는 강

⑦ 차전놀이의 다른 말. ○○싸움

⑧ 원의 간섭에서 벗어나기 위에 자주 운동을 한 고려의 왕

선택 2. 고려의 문화재에 관한 여러 가지 자료를 모아, 고려의 문화를 소개하는 홍보 책자를 만들어 보자.

선택 3. 고려 시대 위인들의 전기를 읽고, 그 중의 한 사람에게 편지를 써 보자.

 (3) 유교를 정치의 근본으로 삼은 조선

   [1] 정치 개혁으로 새로운 나라를
   [2] 문화의 발달과 백성들의 생활 모습
   [3] 두 차례의 전란 극복
   선택 학습

우리 조상들은 조선을 건국하고 민족 문화를 더욱 발전시켰으나, 거듭되는 외침으로 시련을 겪었다. 조선의 정치⋅문화적 발전이 백성들의 생활
모습에 어떤 영향을 끼쳤으며, 조선이 두 차례의 전란을 어떻게 극복하였는지 알아보자.

[용비어천가]

 [1] 정치 개혁으로 새로운 나라를

   ● 조선이 건국된 후에 실시한 여러 정책에 대하여 알아보자.
   ● 조선이 세워진 후, 백성들의 생활 모습이 어떻게 달라졌는지 살펴보자.

 ● 조선이 건국된 후에 실시한 여러 정책에 대하여 알아보자.

조선을 세운 사람은 태조 이성계이다. 이성계는 고려 말에 우리 나라를 침범해 온 홍건적과 왜구를 무찔러 백성들로부터 큰 지지를 얻었다.
이성계를 따르는 사람들은 큰 정치 세력을 형성하였고, 기울어 가는 고려를 버리고 새 나라를 세우고자 하였다.

요동 땅을 정벌하기 위해 파견한 군대를 위화도에서 되돌려 정권을 잡은 이성계는 반대파를 물리치고 새 나라를 일으켰다. 그리고 고조선을
계승한다는 뜻에서 나라 이름을 조선이라 하였다.

태조 이성계  
변방의 무인 출신으로 새 왕조를 일으킨 이성계는 밖으로 명나라와 친선을 도모하는 한편, 안으로 유교를 숭상하고, 농업을 국가 경제의 근본으로
삼는 정책을 폈다.

태조 이성계는 나라의 모습과 분위기를 새롭게 하기 위해 도읍을 한양으로 옮겼다.

종묘  

한양은 한강 유역에 자리잡고 있어서 육로 교통과 수로 교통이 모두 편리하고, 한반도의 중앙에 있어서 새로운 중심지가 되기에 적합한 곳이었다.

새 왕조는 한양 둘레에 성곽을 쌓고, 그 안에 경복궁, 종묘, 관청, 시장, 학교 등을 세웠다. 한양을 동서로 흐르는 청계천에 여러 개의
다리를 놓고 사방으로 길을 내었으며, 많은 민가가 들어서도록 하였다. 이후 500여 년 동안 한양은 조선 왕조의 정치⋅문화⋅경제의 중심이
되었다.

숭례문(서울 특별시 중구)  

도성도  

▶ 한양을 둘러싼 성곽의 4대문과 궁궐의 위치를 찾아보자.

4대문의 이름

⋅ 동 : 흥인지문

⋅ 서 : 돈의문

⋅ 남 : 숭례문

⋅ 북 : 숙정문

조선 왕조는 유교의 정신에 따라 나라를 다스리고 백성을 가르치고자 하였다.

유교에서는, 왕은 정치를 잘 하기 위해 충직하고 현명한 신하의 바른말에 귀 기울이고, 나랏일을 맡은 관리들은 오직 의로움을 따져 행하며
사리사욕을 멀리해야 한다고 가르쳤다. 또, 양반과 선비들은 바른 행실로 백성들의 모범이 되고, 농민과 상인, 수공업자는 정직하고 부지런해야
한다고 가르쳤다.

이러한 유교 정치의 가르침을 실제로 이루기 위해 조선 왕조는 정치⋅경제⋅사회 제도를 정비하였다.

▶ 그림을 보고, 유교 정신이 추구하는 정치와 백성들의 생활 모습에 대하여 이야기해 보자.

  

한편, 새 왕조는 영토 확장과 국방 강화에 힘썼다. 태종은 압록강 이남 지역에까지 백성을 이주시켜 이 지역을 개발하였다.

백성을 압록강 이남 지역에 이주시키는 일은 이후 세종, 세조, 성종 때까지 계속 이어졌는데, 특히 세종 때에는 두만강과 압록강 유역에 들어와
살고 있던 여진족을 몰아 내고, 이 지역에 4군과 6진을 설치하여 영토를 넓혔다.

조선 초기의 영토 확장  

조선은 고려 말 이후로 우리 나라 해안 지역을 계속 침입하는 왜구(일본 해적)에 대해서도 강력하게 대처하였다. 세종은 왜구를 소탕하기 위해
이종무를 대장으로 하는 원정군을 보내어, 왜구의 근거지인 쓰시마 섬을 토벌하였다. 그러나 그 후 평화적인 교역을 원하는 일본인들의 요구를
들어주기 위하여 해안의 세 항구를 열어 무역을 할 수 있게 하였다. 일본인들은 이 곳으로 구리, 황 등을 가져와 곡물, 옷감, 서적 등과
바꾸어 갔다.

일본인에게 무역을 허용한 부산포의 왜관  

부산에는 일본 사신들이 머무르는 곳이 있었구나.

 ● 조선이 세워진 후, 백성들의 생활 모습이 어떻게 달라졌는지 살펴보자.

  

  

조선 왕조의 새로운 정치로 인해 백성들의 생활 모습은 이전과 많이 달라졌다.

나라와 지방, 고을의 살림 모두를 중앙 정부에서 임명한 관리가 법에 따라 처리하게 되었다. 이를 위해 나라에서는 백성들이 지켜야 하는 법을
기록한 책인 ‘경국대전’을 만들었다. 재산 상속, 토지나 집의 매매, 혼인까지도 나라가 정한 법에 따라 이루어졌다. 그리고 16세 이상의
남자들은 신분 증명패인 ‘호패’를 항상 가지고 다녀야 했다.

경국대전  

경국대전을 만든 세조(가상 대담)

▶ 경국대전을 만드신 까닭은 무엇입니까?

세조 : 중국 법의 모방에서 벗어나 우리에게 맞는 법을 만들어 백성들을 올바르게 다스리기 위해서입니다.

▶ 고려 시대의 법과 다른 점은 무엇인가요?

세조 : 고려 시대의 법은 죄인을 다스리는 내용이 중심이었으나, 경국대전은 정치⋅경제⋅사회⋅문화의 기본 규범을 담은 종합적인 법이지요.

▶ 법률 제정 과정에서 중점을 둔 부분은 무엇입니까?

세조 : 나라를 잘 다스리는 데에 도움이 되는 법률을 만들었지요. 또, 백성의 권리와 의무를 밝히고 이를 어기는 자는 엄격히 벌을 주어
모두가 잘 살도록 했습니다.

또, 유교가 국가 통치의 근본이 됨에 따라 관리가 되고자 하는 사람은 유교 경전을 잘 알아야 했으며, 백성들도 유교의 가르침에 맞게 살아야
했다. 백성들은 오랜 기간 불교와 민간 신앙을 믿으며 생활했기 때문에 유교의 가르침이 백성들 사이에 생활화되는 데에는 시간이 걸렸다. 그래서
나라에서는 유교의 가르침에 따른 생활 예절과 풍속을 정착시키기 위해 많은 노력을 기울였다.

▶ 오륜의 다섯째 내용을 알아보고, 빈 칸에 어떤 내용의 그림을 그려야 할지 말해 보자.

삼강

• 임금과 신하, 어버이와 자식, 남편과 아내 사이에 마땅히 지켜야 할 도리

오륜

① 어버이와 자식 사이에는 친함이 있어야 한다.

② 임금과 신하 사이에는 의로움이 있어야 한다.

③ 부부 사이에는 구별이 있어야 한다.

④ 어른과 아이 사이에는 차례와 질서가 있어야 한다.

⑤ [ ]

 [2] 문화의 발달과 백성들의 생활 모습

   ● 조선 초기의 문화와 과학 기술의 발달이 백성들의 생활에 미친 영향에 대하여 알아보자.
   ● 조선 시대의 양반과 상민의 생활 모습에 대하여 알아보자.

 ● 조선 초기의 문화와 과학 기술의 발달이 백성들의 생활에 미친 영향에 대하여 알아보자.

세종 대왕은 한글을 만들어 우리 민족 문화가 크게 성장할 수 있는 토대를 마련하였다.

세종 대왕의 여러 가지 업적은, 조선 초기의 개혁 정책이 성공적으로 추진되어 백성들의 생활이 안정되고 왕권이 크게 강화되었기 때문에 이루어질
수 있었다.

세종 대왕은 정치⋅문화를 발전시키기 위해 집현전의 기능을 강화하였으며, 집현전에 학자들을 모아 학문과 우리글을 연구하도록 하였다. 세종
대왕과 집현전 학자들은 오랜 연구 끝에 마침내 ‘훈민정음’을 만들었는데, 훈민정음은 유네스코에 의해 세계 기록 유산으로 지정되었다

훈민정음(위 : 해례본, 아래 : 언해본)  
한글은 우리 민족의 소중한 문화 유산으로, 백성들의 생활을 편리하게 해 주었다.

집현전 학자들의 모습  

훈민정음은 우리말을 소리나는 대로 쓸 수 있고, 뜻을 알아야만 쓸 수 있는 한자보다 익히기가 훨씬 쉬웠다.

이처럼, 세종 대왕은 훈민정음을 만들어 우리말을 중국 문자로 표현하는 불편을 없애고 우리 문화의 자주성을 높이고자 하였다. 또, 훈민정음을
널리 보급하기 위해 훈민정음으로 쓴 여러 종류의 책을 펴내기도 하였다. 그러나 훈민정음은 양반들보다는 평민과 부녀자들 사이에서 많이
사용되었다.

세종 대왕상  

훈민정음을 만든 세종 대왕(가상 대담)

▶ 훈민정음을 만드신 까닭은 무엇입니까?

세종 대왕 : 무엇보다 우리글이 없었기 때문입니다. 한자는 익히기가 어려워서 백성들이 사용하기에 어려움이 많았지요.

▶ 훈민정음의 장점은 무엇입니까?

세종 대왕 : 한자와는 달리 모든 소리를 소리나는 대로 적을 수 있다는 점입니다.

▶ 훈민정음 사용을 반대하는 소리도 있는데, 그 까닭이 무엇이라고 생각하십니까?

세종 대왕 : 아마 중국 문화에 너무 깊이 젖어있었기 때문일 것입니다. 그러나 백성들이 편리하게 사용하기 위해서는 우리 글이 필요했지요.

  

▶ 훈민정음은 당시 백성들의 생활과 우리 나라 문화에 어떤 영향을 끼쳤는지 조사하여 보자.

  

세종 대왕은 연구를 열심히 하였으며, 집현전 학자들이 근심 없이 학문을 연구할 수 있도록 돌보아 주었습니다.

조선은 나라의 경제를 발전시키기 위하여 정책적으로 농사를 장려했다. 이러한 국가의 정책에 힘입어 농업 기술에 대한 연구가 이루어졌고, 농업의
과학화를 이룰 수 있는 많은 과학 기구가 발명되었다. 이와 같은 노력으로 농업 생산량이 늘어났고, 농민들의 살림이 전보다 넉넉해졌다.

농사에 도움이 되는 책의 간행과 과학 기구의 발명은 주로 세종 대왕 때에 집현전 학자들과 장영실 같은 과학자의 힘으로 이루어졌다. 이들의
노력으로 물시계(자격루), 해시계(앙부일구), 측우기와 간의, 혼천의 같은 천체 관측 기구 및 달력이 만들어졌고, 이것들은 백성들의 일상
생활과 농사일에 큰 도움을 주었다.

한편, 우리 풍토에 맞는 농사법을 연구한 책인 ‘농사직설’이 보급되어 지역에 적합한 농사를 지을 수 있게 되었다.

[물시계(자격루)]  

[해시계(앙부일구)]  

[측우기]  

▶ 농민들의 생활 모습을 바꾼 ‘농사직설’의 내용을 바탕으로, 농민들이 1년 동안 농사짓는 모습을 살펴보자.

| 음력 |  |   
---|---|---|---  
| 1월 | 농기구를 정리하고 소를 길러 거름을 만들어, 밤이면 새끼를 꼰다. |   
| 2월 | 물길을 정리하고 밭을 간다. |   
| 3월 | 도랑을 막아 물을 대고, 모판을 만들어 날마다 살펴본다. |   
| 4월 | 목화를 많이 심고 수수, 녹두, 참깨도 심으며, 퇴비로 쓸 풀도 벤다. |   
| 5월 | 문 앞의 터를 닦고 낫을 손질한다. 보리를 추수하고 나면 집안이 풍성하다. |   
| 6월 | 밀과 콩, 그리고 팥과 조, 수수도 가꾼다. |   
| 7월 | 김매기에 열중하고, 퇴비로 쓸 풀을 많이 베어 쌓아 놓는다. |   
| 8월 | 온갖 곡식의 이삭이 나온다. 마당 안팎을 닦아 놓고 목화도 한 아름 딴다. |   
| 9월 | 추수가 급하다. 벼 타작이 끝난 후에는 틈을 내어 콩밭도 돌본다. |   
| 10월 | 무, 배추를 뽑아서 김장을 준비한다. |   
| 11월 | 벼의 일부를 볍씨로 남긴다. 땅값과 품삯도 갚아야 한다. |   
| 12월 | 떡쌀은 몇 말이요, 술쌀은 몇 말인지. 건강에 유의하라. |   
  

농사직설

 ● 조선 시대의 양반과 상민의 생활 모습에 대하여 알아보자.

김득신의 반상도  

머리가 땅에 닿을 정도로 허리를 굽혀 인사를 하는 사람과 나귀 위에서 여유 있는 모습으로 인사를 받는 사람이 등장하는 윗그림에는 조선 시대의
신분 제도가 잘 나타나 있다. 이 그림에 등장하는 사람들은 각각 어떤 신분을 가졌을까?

조선 시대의 신분은 양반, 중인, 상민, 천민으로 나누어져 있었는데, 신분에 따라 가지게 되는 권리와 의무가 달랐다. 양반은 관리가 되어
나라를 다스리는 데에 직접 참여하였으며, 중인은 양반을 도와 관청에서 일하였다. 상민은 농업, 수공업, 상업 등에 종사하였는데, 농업에
종사하는 농민이 가장 많았다. 천민에는 ‘종’이라고 불린 노비들과 천하게 여겼던 직업에 종사한 사람들이 있었다.

양반은 과거를 통해 관리가 되어 나랏일에 참여하였다. 관리가 되지 않은 양반은 글공부를 주로 하였고, 자기 땅의 농사는 노비와 소작농에게
맡겼다.

양반의 집  

양반은 유교를 숭상하여 충효를 중시하였고, ‘사서삼경’이라 불리는 유교 경전을 공부하거나 시짓기, 활쏘기 등을 하였다. 이러한 양반들 중에
학식과 인품이 높은 사람을 선비라 불렀다.

▶ 다음 그림들을 통해 조선 시대 선비의 생활을 생각해 보고, 그 때의 선비가 되었다고 생각하여 하루의 생활을 일기로 써 보자.

  

상민 중에서 농민은 조선 시대 백성의 대부분을 차지했다. 이들은 국가에 세금을 내고 군대에 가는 등 나라를 유지하는 데에 큰 역할을 하였다.
그러나 농민들은 교육을 받을 기회가 거의 없었고, 벼슬을 할 수 있는 길도 거의 막혀 있었다.

많은 농민이 조그마한 자기 땅이나 지주의 땅에서 농사를 지었으며, 땅을 많이 가진 부유한 농민의 수는 적었다.

농민의 집  

상인과 수공업자도 상민 신분이나 그 수는 많지 않았다.

상인으로는 서울의 시전에서 관청과 일반 백성의 필수품을 판매하는 시전 상인과 지방을 돌아다니며 수공업 제품과 생활필수품 등을 파는 보부상이
있었다. 이들은 상업 활동을 하는 대가로 나라에서 필요로 하는 물품을 대 주거나 나랏일에 동원될 의무가 있었다. 한편, 수공업자는 서울과
지방의 관청에 소속되어 필요한 물품을 생산하였다.

보부상

 [3] 두 차례의 전란 극복

   ● 임진왜란은 왜 일어났으며, 우리 조상들이 어떻게 이겨 냈는지 조사해 보자.
   ● 병자호란과 북벌 정책의 배경에 대하여 알아보자.

 ● 임진왜란은 왜 일어났으며, 우리 조상들이 어떻게 이겨 냈는지 조사해 보자.

어느 날, 적의 공습을 알리는 사이렌이 울리고, “이것은 실제 상황입니다.”라는 방송을 듣게 된다면 우리들은 얼마나 놀랄까?

지금으로부터 400여 년 전 어느 날, 한양의 백성들은 남산 봉수대에서 평소와는 달리 다섯 줄기의 연기가 피어오르는 것을 보았다. 사람들이
술렁거리고, 파발마의 말발굽 소리가 요란해지면서 “왜적이 쳐들어온다.”라는 소문이 퍼지기 시작하였다. 백성들은 불안에 떨면서도 설마 하는
눈치였다.

1592년 4월, 왜군은 명나라로 가는 길을 내달라는 구실로 조선을 침략하였다. 그들은 부산진성과 동래성을 무너뜨리면서 한양을 향해
쳐들어왔다. 우리 군대는 준비를 제대로 하지 못하여 여기저기서 패하고 말았다.

부산진성 전투  
임진왜란 당시 부산진성에서 벌어졌던 전투 장면을 묘사한 그림입니다.

임진왜란 때 왜군의 침입로  

▶ 오른쪽 글을 읽고, 임진왜란이 일어날 무렵의 우리 나라 정세에 대하여 토의해 보자.

임진왜란 당시의 조선과 일본

임진왜란이 일어나기 오래 전부터 왜구는 우리 나라 해안 지역을 자주 침범했으나, 조선은 그 때마다 이들을 물리쳤기에 대수롭지 않게 생각했다.
이율곡은 왜구의 침입으로 나라가 위기에 처할 것을 염려하여 10만 명의 군사를 길러 대비해 두어야 한다고 주장했다. 그러나 그의 주장은
받아들여지지 않았다. 이 무렵, 일본은 오랫동안 계속된 내전이 끝나자 그 동안에 길러진 군사력을 다른 나라를 침략하는 데 이용하고자 하였다.

왜군이 한양 부근까지 밀려오자, 선조는 한양을 떠나 평양을 거쳐 압록강변의 의주까지 피란하였고, 명나라에 지원병을 요청하였다.

바다에서는 경상도 해안을 지키던 우리 수군이 패하였으나, 전라도 해안을 지키던 이순신 장군이 왜군의 침입에 대비하여 미리 군사를 훈련시키고
전선을 정비해 두었기 때문에 왜군과의 해전에서 승리를 거두었다.

충무공 이순신  

진남관(전라 좌수영의 중심 건물. 전라 남도 여수시)  

이순신 장군의 전승지  

이순신 장군의 승리는 패전을 거듭하던 조선군에게 용기를 불어넣어 주었다.

이순신 장군은 한산도 앞 바다 해전에서 가장 통쾌한 승리를 거두었다. 몇 차례의 해전에서 진 일본 수군이 모든 함대를 모아 총공격에 나서자,
이순신 장군은 이들을 한산도 앞 넓은 바다로 유인하였다. 그리고는 학이 날개를 편 모양으로 함대를 배치하는 진법을 폈다. 포위당한 왜군은
많은 군사와 배를 잃고 도망치기에 바빴다. 이 해전이 한산도 대첩이다.

한산도 대첩(민족 기록화)  

이 해전에서 승리를 거둘 수 있었던 까닭은 철저한 준비와 탁월한 전술은 물론, 거북선과 화포 등 뛰어난 무기를 잘 사용했기 때문이었다.

거북선(모형)  

바다에서 승리가 계속되는 동안, 육지에서도 곽재우를 비롯한 의병들이 왜군과 독자적으로 전투를 하거나, 전열을 가다듬고 반격에 나선 관군을
도왔다.

의병들은 10여 명에서부터 수천 명에 이르기까지 그 규모에 차이가 있었지만, 나라를 구해야 한다는 신념은 한결같았다. 이러한 마음을 가진
의병들이 전국적으로 일어나 왜군에 대항하였다.

바다에서는 이순신 장군이 이끄는 수군에 의해 보급로가 끊기고, 육지에서는 나라를 구하기 위해 각지에서 일어난 의병과 관군에 패하자, 왜군은
더 이상 싸울 의욕을 잃었다. 이리하여 일본과의 전쟁은 노량 해전을 마지막으로 끝이 났다.

진주성의 촉석루  

몇 년 후, 일본은 전쟁을 일으킨 것을 반성하고 다시 외교를 하자고 간청해 왔다. 이에 조선은 정기적으로 통신사를 파견하여 일본이 요청하는
학문과 기술, 그리고 문화를 전해 주었다.

▶ 인원도 적고 무기도 충분하지 못하였던 의병들이 왜군과의 전투에서 이길 수 있었던 까닭을 생각해 보자(사회과 탐구 58쪽).

의병의 활동 지역과 의병장

 ● 병자호란과 북벌 정책의 배경에 대하여 알아보자.

조선의 요청을 받아들인 명나라가 임진왜란에 개입하여 그들의 힘을 조선에 쏟는 동안, 이번에는 만주 지방의 여진족이 명나라의 지배로부터 벗어나
후금이라는 나라를 일으켰다. 후금은 조선에 쳐들어왔다가 곧 물러갔다.

그 후, 명나라를 멸망시킨 후금은 나라 이름을 ‘청’으로 바꾸고 조선에 신하의 예를 갖출 것을 요구하였다. 그러나 여진족을 야만족이라고
멸시해 왔던 조선은 그들의 요구를 받아들이지 않았다. 그러자 청나라는 다시 조선에 쳐들어왔는데, 이 전쟁을 ‘병자호란’이라고 한다.
병자호란으로 조선의 백성들은 또 다시 전쟁의 고통을 겪어야 했다.

인조는 한양이 청군에 점령되자 남한산성으로 들어가 청나라에 대항하였으나, 청의 공격을 이기지 못하고 굴욕적인 강화를 맺게 되었다.

남한산성(경기도 광주시)  

병자호란 이후 청나라에 볼모로 잡혀갔던 봉림 대군이 인조의 뒤를 이어 왕위에 올랐는데, 그가 효종이다.

효종은 병자호란의 치욕을 씻기 위해 청나라를 공격하자는 북벌 정책을 추진하였다. 먼저, 군사력을 키우기 위해 군대를 새롭게 편성하고, 이완을
어영대장으로 임명하여 군사를 훈련시키는 등 북벌을 위한 준비를 서둘렀다. 그러나 청나라가 강력한 군사력을 유지하고 있어 실천에 옮기지는
못했다.

  

▶ 효종의 북벌 정책을 다음 인물들의 입장에서 생각하여 보자.

 선택 학습

선택 1. 오늘날까지 이어지고 있는 조선 시대의 유교적 전통을 찾아보고, 그것에 담긴 유교의 가르침을 써 보자.

예) 조상님께 제사를 지낸다. → 부모님께 효도해야 한다.

선택 2. 다음 그림은 조선이 일본에 파견한 통신사의 행렬도이다. 만일 지금 내가 일본이나 다른 나라에 통신사로 간다면, 우리 나라의 무엇을
전해 주고 그 나라의 무엇을 받아들여 올 것인지 이야기해 보자.

  

선택 3. 만일 내가 태조 이성계 때에 나라의 정책을 세우는 관료였다면 새로운 나라를 위하여 어떤 정책을 왕에게 건의했을지 시무책의 형식으로
써 보자.

시무 ○조

전하! 신 ○○○는(은) 삼가 전하께 글을 올립니다.

지금 나라의 사정은…….

따라서, 다음과 같은 내용을 아뢰오니, 바라옵건대 전하께서는 받아들이소서.

첫째, …….

둘째, …….

신하 ○○○

 단원 정리 학습

1\. 무엇을 배웠나요?

활동 : 우리 민족은 선사 시대 이래 다음과 같은 나라들을 세우면서 발전해 왔다. 이 단원에서 배운 내용을 다음과 같이 정리해 보자.

나라 | 고조선 | 삼국 시대 | 통일 신라와 발해 | 고려 | 조선  
---|---|---|---|---|---  
고구려 | 백제 | 신라  
나라를 세운 사람 |  |  |  |  |  |  |   
도읍지 |  |  |  |  |  |  |   
문화재 |  |  |  |  |  |  |   
  
2\. 재미있어요!

활동 : 다음은 임진왜란 때 의병들이 전투에 참가한 모습을 나타낸 민족 기록화이다. 내가 그 전투에 참가한 의병이라고 생각하고, 어떻게
참가하게 되었으며, 어떻게 싸웠는지 글로 써 보자.

조헌과 의병들(민족 기록화)  

3\. 우리 힘으로 해결해요

활동 1. 다음은 석기 시대와 청동기, 철기 시대의 유물들이다. 도구가 발달함에 따라 사회에 커다란 변화가 일어났는데, 어떤 변화가 있었을지
써 보자.

  

예) 농업 생산량이 크게 늘어났을 것이다.

활동 2. 다음은 고려 시대에 최승로가 올린 정치 개혁안인 ‘시무 28조’의 일부이다. 이 중에서 오늘날에도 중요하다고 생각되는 조항을
찾아보고, 그 까닭에 대하여 말해 보자.

⋅ 임금은 체통을 지켜야 한다.

⋅ 지방 호족들이 백성들을 괴롭히는 사례가 많으니 관리를 파견하여 백성을 보호해야 한다.

⋅ 관리의 의복과 백성의 의복을 달리 해야 한다.

⋅ 임금과 신하, 부모와 자식 간의 도리는 중국의 것을 따른다.

⋅ 국가의 큰 행사는 백성의 부담이 크므로 삼간다.

⋅ 임금이 성실하고 교만하지 않으며, 아랫사람에게 공손하게 대하고, 법에 따라 일을 처리하면 큰 위엄을 이룰 수 있을 것이다.

⋅ 관리를 공정히 선발한다.

⋅ 궁중에는 꼭 필요한 만큼의 노비와 말만 둔다.

⋅ 양인과 천인의 구별을 뚜렷이 하여 미천한 자가 윗사람을 모욕하지 못하도록 한다.

 2. 근대 사회로 가는 길

   (1) 새로운 사회로의 움직임  
   (2) 외세의 침략과 우리 민족의 대응
   단원 정리 학습

[주요 연표]  

알아봅시다

무역 회사에 다니시는 진수 아버지께서는 가끔 외국 손님을 모시고 집에 오신다. 그럴 때면 진수네 가족은 한복을 입고, 김치나 불고기 같은
음식을 대접하면서 우리의 전통적인 생활 방식을 보여 준다. 그리고 식사가 끝나면 외국 손님을 위해 커피를 내놓는다.

진수는 우리 생활 속에 전통적인 생활 방식과 서양의 생활 방식이 함께 어우러져 있는 것이 재미있기도 하고 의아스럽기도 하였다. 언제부터
우리가 서양의 생활 방식을 받아들인 것일까?

진수는 사회 시간에 우리가 서양 문화를 어떻게 받아들여 왔는지에 대하여 배우게 되었다. 진수는 우리 나라가 서양 문화를 받아들이면서 변화해
온 과정과 우리 문화를 이어 온 과정에 대해 알아보기로 하였다.

 (1) 새로운 사회로의 움직임

   [1] 사회 변화를 위한 서민들의 노력
   [2] 잘사는 백성, 부강한 나라로
   [3] 복을 빌고, 평등한 세상을 바라고
   선택 학습

왜란과 호란을 겪고 난 조선 후기의 서민들은 사회를 개혁하고 문화를 변화시키는 데에 중요한 역할을 하였다. 서민들의 생활 모습을 농사 기술,
문화, 예술, 종교 등의 측면에서 조사해 보자.

[벼타작(김홍도의 그림)]

 [1] 사회 변화를 위한 서민들의 노력

   ● 조선 후기의 농업과 상업의 변화 모습을 알아보자.
   ● 조선 후기의 서민 문화를 살펴보자.

 ● 조선 후기의 농업과 상업의 변화 모습을 알아보자.

모내기  

조선은 서민의 대다수가 농민으로, 농업을 중심으로 한 사회였다. 위의 그림은 조선 후기에 전국적으로 보급되어 생산량을 크게 증가시킨 농사법인
모내기법을 나타낸 것이다.

모내기법이 발달하면서 농촌에 어떠한 변화가 일어났을까요?

조선 후기에 이르러 모내기법이 널리 보급됨에 따라 농업 생산량이 크게 증가하였다.

왜란과 호란, 두 차례에 걸친 전쟁을 치르면서 많은 백성들의 생활 터전인 농촌은 황폐할 대로 황폐해졌다. 나라와 백성들은 농촌을 원래의
모습으로 되돌려놓기 위해 노력하였다.

나라에서는 농토를 늘리고 농사에 필요한 저수지를 만들었고, 농민들은 개량된 여러 가지 농사법을 실천해 보는 등 좁은 땅에서 다양한 작물을
많이 생산하기 위해 노력하였다.

종자 개량에도 힘써 바람과 가뭄에 강하고 일찍 수확되는 벼들이 새로 개발되기도 했습니다.

▶ 모내기법과 골뿌림법으로 농업 생산량이 늘어난 까닭은 무엇인지 조사해 보자(사회과 탐구 66쪽).

  

모내기  

▶ 다음 자료들을 통해 조선 후기의 여러 가지 농사 모습을 살펴보자.

1770년대 말 5월, 이병모가 말하였다. “‘직파법’으로 불과 10두락의 농사를 짓던 사람이 ‘모내기법’으로 하면 족히 40두락의 농사를
지을 수 있습니다. 같은 힘으로 많은 땅에서 농사를 지을 수 있으니 넓은 땅을 경작하는 사람이 늘어났습니다. 그래서 가난하고 힘없는 사람들은
경작할 토지조차 얻기 어려워 근심하고 있습니다.”

안정복의 ‘일성록’ 중에서

⋅ 윗글은 어떤 농사법을 나타내고 있는지 말해 보자.

⋅ 윗글에 나타난 농사법에서 어떤 문제점이 생겼는지 찾아보자.

두락이란, ‘마지기’라고도 하며, 한 말의 씨앗을 뿌려 농사짓는 땅을 말합니다.

서울 부근과 각 지방 대도시 주변의 파밭, 마늘밭, 오이밭에서는 10무(4두락)의 땅으로 수백 냥을 번다. 서북 지방의 담배밭, 관북 지방의
삼밭, 한산의 모시밭, 전주의 생강밭, 강진의 고구마밭, 황주의 지황밭은 논농사가 가장 잘 되었을 때의 벌이와 비교하더라도 그 이익이 열
배나 된다. 요즈음은 인삼도 모두 밭에서 재배하는데, 이익이 수십만 냥이나 된다고 하니 토지의 질이 문제가 아니다. 약재 재배도 이익이 매우
많다. 목화벌이만이 쌀농사에 비해 이익이 배가 되는 것은 아니다.

정약용의 ‘경세유표’ 중애서

⋅ 윗글에서 당시에 재배한 농작물들을 찾아보자.

⋅ 윗글은 어떤 농사 모습을 나타내고 있는지 말하여 보자.

조선 후기에는 농업뿐만 아니라 상업과 수공업도 크게 발달하였다. 이 시기에는 수공업자들이 관청에서 풀려나 자유롭게 생산 활동을 하게 되었다.
상인들은 이들 수공업자로부터 나라에서 필요로 하는 수공업 제품을 사들인 후 나라에 팔아 이익을 얻거나, 한 가지 물품을 대량으로 사들여
도매업을 하는 등 커다란 규모로 장사를 하기도 했다. 이처럼 커다란 규모로 장사를 하는 상인들은 청⋅일본과도 무역을 활발하게 하였다. 무역상
중에서는 ‘송상’이라 불린 개성 상인들의 활동이 특히 두드러졌다.

상업의 발달로 전국적으로 시장이 크게 발달하였으며, 물건을 교환하던 단계에서 벗어나 금속 화폐가 널리 쓰이게 되었다.

상평통보  
조선 후기에 상업의 발달로 화폐가 필요해지면서 ‘상평통보’라는 동전을 만들어 사용하였다.

시장의 모습  

▶ 금속 화폐의 발달은 당시 서민들의 생활에 어떤 변화를 가져왔을지 토의해 보자.

 ● 조선 후기의 서민 문화를 살펴보자.

조선 후기에 이르러, 경제적으로 여유가 생긴 서민들은 차츰 예술과 문화에 관심을 가지기 시작하였다. 이전에는 그림, 시조, 소설 등의 예술
활동이 주로 양반들을 중심으로 이루어졌으나, 조선 후기에 들어와서는 서민들에게까지 확대되었다.

서민이란, 양반이나 벼슬아치가 아닌 일반 평민을 뜻합니다.

양반과 서민의 예술⋅문화 활동은 어떻게 달랐을까?

서민들이 즐겼던 문화⋅예술에는 판소리, 탈놀이, 민화 등이 있다.

  

놀부놈의 거동 봐라. 지리산 몽둥이를 번쩍 들고, 네 이놈, 흥부놈아. 잘사는 것도 네 복이요, 못사는 것도 네 팔자니라. 굶고 먹는 것 내
모른다. 볏섬 내준다 한들 마당의 뒤주 안에 들었으니 너 주자고 뒤주 헐며, 싸래기 주자고 하면, 황계, 백계 수백 마리가 턱턱하고 꼬꼬
우니 너 주자고 닭 굶기랴. 몽둥이를 둘러메고, 네 이놈 강도 놈. 좁은 골 벼락치듯……,

담에 걸린 구렁이 치듯 후다닥 철퍽. 아이고, 박 터졌소. 이놈, 후다닥. 아이고, 다리 부러졌소, 형님.

▶ 위의 내용은 놀부와 형님 집에 먹을 것을 얻으러 온 흥부 사이에 벌어진 일을 담은 ‘흥부가’의 한 대목이다. 위의 내용을 읽고 다음
물음에 답해 보자.

⋅ 놀부가 중요하게 생각하는 것은 무엇인가?

⋅ 당시의 서민들은 위의 내용을 듣고 어떤 생각과 느낌이 들었겠는가?

  

말뚝이 : 쉬이! 양반 나가신다, 양반! 덩덩 덩더러쿵.(장단에 맞추어 양반 3형제를 인도하여 등장한다.)

쉬이, 양반이라고 하니까, 삼정승 육판서를 다 지내시고 물러나와 계신, 아 이런 양반인 줄 아시지들 마시오. 개잘량이라고 하는
‘량(양)’자에 개다리소반 ‘반’자를 쓰는, 아 이런 양반이 나오신단 말이오.

양반들 : 뭐라고? 무엇이 어쩌고 어째?

말뚝이 : 아하하! 아따, 이 양반, 어찌 듣는지 모르겠소. 삼정승 육판서를 다 지내시고 물러나와 계신, 아 이 생원네 3형제분이 나오신다고
그리하였소.

양반들 : 이 생원이라네.(어색하게 춤을 춘다.)

개잘량이란, 개나 고양이 털로 만든 탈로서, ‘동래 야유’라는 탈놀이에 나오는 탈, 또는 그 탈을 쓴 사람을 말합니다.

▶ 위의 내용은 봉산 탈춤 중에서 양반춤의 한 대목이다. 위의 내용을 읽고 다음 물음에 답해 보자.

⋅ 말뚝이가 양반을 대하는 태도는 어떠한가?

⋅ 양반들은 말뚝이의 말을 어떻게 받아들이는가?

  

▶ 위에 제시한 그림을 잘 살펴보고, 다음 물음에 답해 보자.

⋅ 까치와 호랑이, 봉황, 화조(꽃과 새)는 어떤 뜻을 담고 있을까?

⋅ 서민들은 어떤 목적으로 그림을 샀을까?

 [2] 잘사는 백성, 부강한 나라로

   ● 실학의 뜻과 생겨난 배경에 대해 알아보자.
   ● 실학자들의 주장과 활동에 대하여 자세히 조사해 보자.

 ● 실학의 뜻과 생겨난 배경에 대해 알아보자.

옛날 우리 조상들도 오늘날과 마찬가지로 더 잘사는 나라를 만들고 어려움에 빠진 나라를 구하기 위해 여러 가지 주장을 내세웠으며, 연구 활동도
활발히 하였다. 특히, 조선 후기에 백성들이 잘살고 나라가 튼튼해지는 방법을 연구한 학문을 실학이라 하고, 이를 연구한 학자들을 실학자라고
한다.

▶ 조선 시대 실학자들의 주장과 오늘날 학자의 주장을 비교하여 보고, 어떤 공통점과 차이점이 있는지 이야기해 보자.

⋅ 백성들을 잘살게 하려면 농사지을 수 있는 땅을 주고, 아무도 그 땅을 함부로 팔거나 사지 못하게 하면 됩니다.

⋅ 이젠 농사만 잘 지어서는 안 됩니다. 장사도 하고 외국과 무역도 해야 합니다.

〈1800년대 어느 실학자의 주장〉

외국에서 빌려 쓴 외채를 갚기 위해 국민들은 사치와 낭비를 자제해야 합니다. 또, 기업은 이익이 많이 남는 제품을 수출해야 합니다. 정부는
수출을 많이 하려는 기업을 위해 여러 가지 지원을 해 주어야 합니다.

〈2000년대 어느 학자의 주장〉

■ 실학이 생겨난 배경

조선 후기에 이르러 정치가 문란해지자, 백성들의 생활은 더욱 어려워졌다. 그럼에도 불구하고, 당시의 유학자들은 이론과 학설에 치우쳐 백성들의
어려움을 해결하는 데에 실제적인 도움을 주지 못하였다.

  

이러한 때에 실학자들은 당시의 학문이 백성들의 삶에서 멀어진 것을 염려하고 비판하면서, 실제로 백성들이 잘살도록 하고, 또 나라의 힘을
기르기 위해 가장 필요한 것이 무엇인지에 대해 생각하였다.

그런 다음 실학자들은, 학문은 나라를 부강하게 하고 백성들의 실생활에서의 쓰임과 생활을 풍족하게 하는 데에 도움을 주어야 한다고 주장하였다.

 ● 실학자들의 주장과 활동에 대하여 자세히 조사해 보자.

실학자들은 사회를 개혁하기 위해 정치, 경제, 사회 등 여러 분야에 걸쳐 개혁을 주장하였다.

내가 당시의 실학자였다면 어떤 주장을 했을까?

  

(생략) 청나라에서는 서양 사람들이 책을 만들고 있는데, 이들은 기술을 실생활에 이용하여 생활을 향상시키는 방법을 알고 있습니다. 우리도 그
사람들을 초청하여 청년들이 천체의 움직임이나 각종 도량 형기, 농업과 양잠, 의약, 가뭄과 수해 등에 관한 내용, 벽돌을 만들어 성이나
다리를 쌓는 방법, 구리 등 광석을 캐는 방법, 대포를 만드는 방법을 배우게 합시다.(생략)

박제가의 ‘북학의’ 중에서

무릇 땅덩어리는 하루에 한 번씩 돈다. 지구의 둘레는 9만 리, 하루는 12시각이다.

9만 리의 큰 땅덩어리가 12시각에 맞추어 움직이면 빠르기가 번개나 포탄보다 더하다

홍대용의 ‘의산문답’ 중에서

우리 조상들은 하루를 12시각으로 나누었습니다.

중국을 다녀온 실학자 박제가는 나라의 발전을 위해 상공업을 발달시키고 중국의 새로운 기술과 문물을 받아들일 것을 주장하였다. 또, 실학자
홍대용은 지동설을 주장하는 등 서양의 근대적인 천문학에 관심을 가졌다.

한편, 김정호는 직접 해안을 걸어다니고 높은 산에 오르며 우리 나라 지도를 완성하였는데, 이 지도는 과학적인 측량 방법을 이용하여 만든
오늘날의 지도와 비교해도 큰 차이가 없을 만큼 정확하고 산맥, 하천, 도로망이 자세히 표시되어 있다.

대동여지도  
김정호가 1861년에 만든 지도로, 위의 사진은 22첩으로 된 지도를 하나로 이어 붙인 모습이다.

정약용은 실학 연구를 집대성하였다. 그는 과학 기술이 백성들을 보다 잘살게 하는 데에 이용되어야 한다고 생각하였다. 그리하여 실학의 연구로
얻은 새로운 기술로 화성을 설계하였고, 거중기를 만들어 빠른 시일 안에 성을 쌓을 수 있도록 하였다. 그리고 백성을 다스리는 관리의 잘못된
점을 짚어 내면서 관리들은 백성을 위해 바른 정치를 해야 한다고 주장하였다.

화성의 화서문(경기도 수원시)  

다른 실학자들은 어떤 주장을 했을까?

이처럼 실학은 나라를 다스리는 데에만 관심을 기울이지 않고, 생활에 필요한 것을 연구하여 실용적인 학문으로서 자리를 잡아 갔다. 그러나
권력을 잡고 있는 세력의 반대로 정치 개혁안은 국가 정책에 적극적으로 반영되지 못했다.

 [3] 복을 빌고, 평등한 세상을 바라고

   ● 조선 후기에 민간 신앙이 성행하였던 까닭을 알아보자.
   ● 천주교와 동학이 당시 사람들에게 널리 받아들여진 까닭을 알아보자.

 ● 조선 후기에 민간 신앙이 성행하였던 까닭을 알아보자.

  

두메 산골의 백성들은 화전을 만들고 나뭇가지를 자르느라 열 손가락이 모두 무지러지고, 해진 솜옷을 10년 넘게 입고 있었습니다. 집은 허리를
굽혀야 들어갈 수 있고, 연기에 그을리고 흙으로 바르지도 않았습니다. 그리고 깨어진 주발에 밥을 담았으며, 소금도 치지 않은 나물이
반찬이었습니다. 부엌에는 나무 숟가락과 물동이만 있어 그 까닭을 물어 보니, 쇠가마와 놋숟가락은 빌린 쌀 대신 넘겨주었다는 것입니다.

박제가의 ‘북학의’ 중에서

윗글은 조선 후기에 화전민이 된 가난한 농민들의 생활을 나타낸 것이다. 당시 대다수의 농민들은 남의 땅에서 농사를 짓거나 화전민이 되었으며,
떠돌아다니면서 가난한 생활을 하였다. 또, 홍수나 가뭄과 같은 재해가 계속되고 전염병마저 돌아 백성들의 고통은 더욱 커져만 갔다.

그러나 나라는 바른 정치가 이루어지지 못해 백성들을 보살피는 데에 신경을 쓰지 못했고, 지방 관리들도 자신들의 욕심을 채우기에 바빠 백성들의
고통을 돌보지 않았다.

이처럼 어지러운 세상에서 가난에 짓눌려 하루하루를 힘겹게 살아가던 농민들은 무엇인가에 빌고 의지하여 불행에서 벗어나고자 하였다. 그래서 마을
뒷산의 큰 나무나 바위에 빌고, 무당을 불러 굿을 하는 등 세상이 살기 좋게 바뀔 것이라는 희망을 가지게 하는 민간 신앙에 의지하게 되었다.

  

▶ 백성들 사이에 민간 신앙이 이전보다 성행한 까닭에 대하여 이야기해 보자.

 ● 천주교와 동학이 당시 사람들에게 널리 받아들여진 까닭을 알아보자.

조선 후기에는 새로운 종교인 천주교와 동학이 널리 퍼졌다.

천주교는 처음에 서학이라는 이름으로 학자들 사이에서 서양 학문으로 연구되었다. 그러다가 점차 일부 학자들이 천주교를 신앙으로 받아들이게
되었다.

정조 때에는 이승훈이 베이징에서 영세를 받고 돌아와 신앙 운동이 더욱 활발해졌다. 일부 학자들 사이에서 행해졌던 신앙 활동이 상민이나
부녀자들에게도 퍼지게 되었다. 상민이 양반과 함께 한 교회 안에서 평등한 지위로 만날 수 있게 된 것은 당시로서는 새로운 일이었다. 이후
천주교를 믿는 사람들 수가 빠르게 늘어나, 철종 때에는 2만여 명에 이르렀다.

명동 성당(서울 특별시 중구)  
프랑스 신부의 설계로 1895년에 세워진 명동 성당은 우리 나라의 대표적인 천주교회이다.

▶ 천주교를 믿는 사람이 많이 늘어난 까닭은 무엇인지 토의하여 보자.

천주교의 전파  

천주교를 믿는 사람들이 많아지자, 순조 때에는 나라에서 법으로 천주교를 금하였다. 천주교를 금지하는 포고령이 내려진 후, 천주교를 믿고 있던
수백 명의 신도가 처형되거나 유배당하였다.

▶ 다음 그림을 보고, 나라에서 천주교를 금지한 까닭이 무엇인지 토의하여 보자.

  

1860년대의 어느 날이었다. 경상도 어느 고을의 한 농가에 많은 사람이 모였다. 농민이 대부분이었지만 양반도 있었다. 그런데 신기하게도,
양반과 농민들이 서로 높임말을 쓰면서 인사를 나누고 있었다. 이 집에 모인 사람들은 책을 읽기도 하고 노래를 부르기도 하였다.

이 모임은 동학을 믿는 사람들의 집회였다. 최제우가 일으킨 동학은 경상도 일대에 널리 퍼져 교도가 무려 3천 명이나 되었다. 동학을 믿는
사람들 중에는 집안이 기울어진 양반도 있었지만 농민이 대부분이었다.

동학의 세력이 커지자 나라에서는 동학을 금하고, 동학 교주인 최제우와 제자들을 처형하였다. 그러나 동학은 이후 제2대 교주인 최시형의
노력으로 전라도와 충청도에까지 널리 퍼지게 되었다.

여러 도인에게 말씀드립니다.

우리 세상은 너무 혼란합니다. 나라를 다스리는 사람들이 자신의 욕심만 채우고 있습니다. 인제 새로운 세상을 만들어야 합니다.

마음 속의 한울님을 섬기십시오. 서학(천주교)도 하늘의 뜻을 받은 것입니다. 하지만, 우리의 풍습을 어지럽히고 있습니다. 우리 고유의 것을
지키기 위해서는 동학을 믿어야 합니다.

〈동경대전〉

동학을 창시한 최제우  

  

사람이 곧 하늘이니라. 그러므로 사람은 평등하며 차별이 없나니, 사람이 마음대로 귀하고 천함을 나누는 것은 하늘을 거스르는 것이다. 우리
도인은 모든 차별을 없애고 스승의 뜻을 받들어 생활하기를 바라노라.

〈최시형의 법설〉

역사 신문

동학 교주 최제우 체포되다!

1863년 11월, 경상도를 중심으로 교세를 확장하던 동학의 교주 최제우가 20여 명의 제자들과 함께 경주에서 체포되었다. 이들에게는 세상을
어지럽히고 백성들을 속인 죄가 적용될 것이라고 한다.

나라에서는 ‘인내천’과 ‘후천 개벽’ 사상을 내세우는 등 사실상 신분제를 부정하고 나라에 도전하는 측면이 있어서 더 이상 내버려 둘 수 없어
체포했다고 한다. 현재, 동학은 교도의 수가 날로 늘어 각 지방에 13개의 접소를 두고 3천여 신도를 거느린 큰 종교 조직으로 성장해 있다.

‘후천 개벽’이란, 지금의 세상은 운이 다해서 끝나고, 백성들이 바라는 새로운 세상이 온다는 뜻입니다. 후천 개벽 사상은 현세에서 고통을
받고 있는 백성들에게 희망을 주었습니다.

▶ 많은 사람이 동학을 믿은 까닭과 동학을 믿은 사람들 중에 농민이 많았던 까닭은 무엇인지 이야기하여 보자(사회과 탐구 83쪽).

 선택 학습

선택 1. 조선 후기에 나타난 사회 변화를 경제⋅문화⋅종교면에서 정리해 보자.

경제 | 문화 | 종교  
---|---|---  
|  |   
  
선택 2. 다음은 김홍도가 그린 그림이다. 이 그림을 보고, 당시의 생활 모습을 생각해 보자.

  

⋅ 그림에 어울리는 제목을 붙여 보자.

⋅ 그림에 나타난 인물들은 어떤 사람들인가?

⋅ 이 그림의 상황을 짧은 역할극으로 나타내어 보자.

선택 3. 실학자들이 주장하는 내용 중에서 관심 있는 주제를 선정하여, 실학에 관한 역사 신문을 만들어 보자.

 (2) 외세의 침략과 우리 민족의 대응

   [1] 척화비를 세운 까닭
   [2] 조선, 어디로 가야 하는가
   [3] 대한 제국을 선포한 뜻은
   선택 학습

130여 년 전, 우리 나라는 서양 세력과 일본, 중국, 러시아 등 주변 국가들의 식민지 쟁탈전에 휘말리는 위기에 처하였다. 이들한테 나라를
개방한 이후 우리 나라에 일어난 정치⋅사회적 변화를 그 때의 주요 사건들을 중심으로 알아보자.

[척화비]

 [1] 척화비를 세운 까닭

   ● 흥선 대원군은 어떤 인물이며, 어떤 일을 하였는지 알아보자.
   ● 흥선 대원군은 외세의 침략을 어떻게 극복하려고 하였는지 알아보자.

 ● 흥선 대원군은 어떤 인물이며, 어떤 일을 하였는지 알아보자.

조선 후기에 이르러 나라 안은 왕실의 외척이 권력을 휘둘러 정치⋅사회적으로 혼란하였고, 나라 밖으로는 ‘이양선’이라 불린 서양 배들이 나타나
무역을 하자며 위협하였다. 이 시기에 고종의 아버지 흥선 대원군은 위기에 처한 나라를 구하고자 많은 개혁을 시도하였다.  
  

흥선 대원군  

흥선 대원군은 어떤 인물이었을까?

운현궁  
흥선 대원군이 살았던 곳으로, 이 곳에서 서원 철폐, 경복궁 중건 등 많은 일을 추진하였다.

▶ 흥선 대원군의 생애와 업적을 조사한 후 연표를 만들고, 흥선 대원군과의 가상 대담 활동을 해 보자.

흥선 대원군의 개혁 정치

흥선 대원군은 나라를 바로잡기 위해 인재를 고루 뽑아 썼으며, 붕당의 근거지이고 백성들의 원망을 샀던 서원을 47개소만 남기고 모두
정리하였다. 또, 의복을 간소화하였으며, 양반도 세금을 내게 하여 농민들로부터 많은 지지를 받았다.

  

대원군은 왕실의 권위를 되찾기 위해 임진왜란 때 불타 버린 경복궁을 다시 지었습니다. 그러나 경복궁 공사에 많은 백성이 동원되었고, 세금도
많이 거두어들여 백성들로부터 원성을 듣기도 했습니다.

경복궁 근정전

 ● 흥선 대원군은 외세의 침략을 어떻게 극복하려고 하였는지 알아보자.

이양선의 출현과 함께 서양인들이 조선에 찾아와 장사를 하자고 요구하는 일이 더욱 잦아졌다. 그들은 처음에는 식량이나 물을 요구하였으나 점차
무역할 것을 요구하였다.

이양선  
큰 돛을 달고 대포를 실은 서양의 배들은 그 모양이 우리 나라의 배와 달라서 ‘이양선’이라 불렀습니다.

그러다가 서양인들은 군함을 앞세우고 침략해 왔다. 당시 흥선 대원군을 중심으로 한 조선의 조정은 서양인들의 침략에 강력하게 대응하여 이들을
물리쳤다.

병인양요와 신미양요  

서양 문물을 받아들이는 것은 나라의 힘이 강해진 다음에 해도 늦진 않을 것이오.

▶ 이양선이 해안에 나타나 나라가 어수선하였던 때, 대외 정책을 결정하는 조정 회의를 역할극으로 꾸며 보자.

• 등장 인물 : 고종, 흥선 대원군, 신하 1, 신하 2

병인양요

병인년(1866)에 강화도에서 프랑스 함대와 우리 군대가 출동한 사건을 병인양요라 합니다.

나라에서 천주교를 금하면서 프랑스 신부들을 포함하여 수천 명의 천주교도들을 처형하는 사건이 일어났다.

프랑스는 이 사건을 빌미로 조선에 쳐들어와 한 달 동안 강화도를 점령하고 우리의 귀중한 문화재를 빼앗아 갔다. 그러나 양헌수를 중심으로 한
우리 군대는 삼랑성(정족산성)에서 용감히 싸워 프랑스 군대를 물리쳤다.

삼랑성 전투(상상도)  

양헌수 장군이 프랑스군을 무찌른 삼랑성의 동문(인천 광역시 강화군)  

신미양요

신미년(1871)에 강화도에서 미국 군함과 우리 군대가 충돌한 사건을 신미양요라 합니다.

미국의 상선인 제너럴 셔먼호가 대동강을 거슬러 올라와 평양에서 통상을 요구하며 행패를 부리다가 평양의 군민과 충돌하여 불태워진 사건이
일어났다. 이 사실을 뒤늦게 안 미국은 5척의 군함으로 강화도를 공격하였다. 미군은 초지진 등을 점령하였으나, 어재연 장군이 이끄는 조선군이
강력하게 저항하자, 마침내 물러갔다.

초지진을 공격하는 미군  

신미양요 때의 격전지인 광성보(포대)  

▶ 척화비를 본 당시 사람들은 어떤 생각을 하였을지 이야기해 보자.

두 차례에 걸친 서양의 침략을 물리친 흥선 대원군은 서양과 교류하지 않겠다는 결의를 다지기 위해, 전국에 다음과 같은 내용을 새긴 척화비를
세웠다.

서양 오랑캐가 침범하였을 때 그들과 싸우지 않으면 화해하는 것이요, 화해를 주장하는 것은 나라를 파는 일이다.

척화비  

여러분은 척화비의 내용을 보고, 어떤 생각을 하게 되었나요?

  

흥선 대원군은 백성들에게 서양의 침략을 일깨우고, 서양과 교류하지 않겠다는 생각을 더욱 굳혔다. 그러나 서양의 침범을 막기 위해서는 서양의
기술을 익혀 나라의 힘을 길러야 한다고 생각하는 사람들이 점점 늘어 갔다.

 [2] 조선, 어디로 가야 하는가

   ● 강화도 조약과 그 후의 개화 정책에 대하여 알아보자.
   ● 개혁을 바라는 사람들은 개혁을 이루기 위하여 어떤 노력을 기울였는지 알아보자.

 ● 강화도 조약과 그 후의 개화 정책에 대하여 알아보자.

1875년, 일본 군함 운요호가 강화 해협을 침범하였다. 우리 군대가 이를 막기 위해 대포를 쏘자, 이를 기다렸던 운요호는 함포 사격을 하여
초지진 포대를 무너뜨렸다. 그리고 영종도에 상륙하여 양민들을 죽이고 관청을 불태웠다

강화도 앞 바다의 일본 함대  

초지진  

일본은 이 사건을 빌미로 조약을 체결할 것을 강요하였다. 강화도에서 양국 대표가 만나 체결한 강화도 조약은 조선이 일본과의 무역을 위해
부산포 외에 다른 두 항구를 연다는 것이 중심 내용으로, 외국과 맺은 최초의 근대적인 조약이었으나, 우리나라의 권익이 지켜지지 못한 불평등
조약이었다

강화도 조약을 불평등 조약이라고 하는 까닭은 무엇일까?

▶ 강화도 조약의 내용(사회과 탐구 91쪽)을 살펴보고, 내가 만일 강화도 조약 체결 회담에 참석하여 일본의 대표와 담판을 하게 된다면
어떻게 할지 이야기해 보자.

강화도 조약 체결 회담  

우리 나라 조정은 서양과의 통상에 대해 찬성하는 쪽과 반대하는 쪽으로 나뉘어 있었다. 그런데 강화도 조약을 맺은 후에는 서양 문물을 받아들여
나라의 힘을 기르는 것이 나라를 지키고 발전시키는 데에 도움이 된다는 생각이 우세해져 개화 정책을 펴기 시작하였다. 국가적으로 개화 정책을
추진하게 된 데에는 명성 황후의 영향력이 크게 작용하였다.

1898년에 프랑스에서 발간된 책의 표지(왼쪽부터 흥선 대원군, 명성 황후, 고종 황제)  

개화란, 새로운 사상과 문물을 받아들인다는 뜻입니다.

개화 정책을 추진하기 위해 새로운 관제를 만들었고, 신식 무기를 갖춘 신식 군대도 창설하였다. 또, 중국과 일본에 젊은이들을 보내 근대
문물을 배워 오게 하였다. 중국에 간 사람들은 근대식 무기 제조업을 배워 왔고, 일본에 간 사람들은 군사, 공업, 철도, 우편 등 여러
분야의 근대 문물을 살피고 돌아왔다.

신식 군대 별기군  

이 과정에서 일본의 영향력이 커지자, 개화 정책이 잘못된 것이라고 반대하는 사람들이 많아졌다. 또, 신식 군대에 불만을 품고 있던 구식
군인들은 이러한 분위기를 틈타 난을 일으키기도 하였다.

조선이 개화하는 과정에서 청나라와 일본은 서로 세력다툼을 벌이며 간섭하였다. 이러한 가운데 하루빨리 개화하자고 서두르던 사람들은 정변을
일으키는 방법으로 개혁을 이루고자 하였다. 김옥균, 서재필, 박영효 등은 일본의 도움을 받아 우정국 개국 축하 연회를 기회로 정변을 일으키고
개혁안을 내세웠다. 그러나 이들의 개혁 시도는 청나라 군대의 개입으로 3일 안에 끝나고 말았다. 이 사건을 갑신정변이라 한다.

김옥균  

우정총국(서울 특별시 종로구)  

갑신정변을 일으킨 김옥균(가상 대담)

김옥균의 생각은 여러분의 생각과 어떤 점에서 같고, 어떤 점에서 다른지 생각해 보세요.

조사자 : 왜 정변을 일으킬 생각을 하였습니까?

김옥균 : 조정의 개화 정책이 청나라의 간섭을 받고 있으며 소극적으로 추진되고 있었기 때문입니다. 우리는 하루빨리 자주적으로 개화해야
합니다.

조사자 : 일반 백성들은 정변에 관심이 없었다고 하던데요?

김옥균 : 개화 사상이 백성들 사이에 널리 퍼지지 못했기 때문이라고 생각합니다.

조사자 : 정변을 일으키면서 일본은 왜 끌어들였습니까?

김옥균 : 일본은 청나라보다 근대화에 성공하여 배울 점이 많다고 생각했기 때문입니다.

갑신정변 때의 개혁안(일부)

⋅ 청나라에 바치던 조공을 폐지함.

⋅ 신분 제도를 폐지함.

⋅ 능력에 따라 관리를 임명함.

⋅ 관리의 부정을 막고 백성을 보호함.

⋅ 부정한 관리 중 그 죄가 심한 자는 처벌함.

 ● 개혁을 바라는 사람들은 개혁을 이루기 위하여 어떤 노력을 기울였는지 알아보자.

외세의 침략과 조정의 자주적 개혁의 실패는, 종교로 시작된 동학이 사회⋅경제적 개혁 운동으로 발전하는 계기가 되었다. 동학 교도들은 처음에는
교주인 최제우의 억울함을 풀어 줄 것을 요구하는 종교적인 목적으로 집회를 가졌다. 그러나 외세의 침략으로 더욱 큰 경제적 피해를 입어야 했던
농민들이 동학에 참여함으로써, 동학은 사회적으로는 신분 제도를 없애고, 경제적으로는 세금 제도의 개선을 요구하는 개혁 운동으로 발전하게
되었다.

동학 농민 운동 기념탑(전라 북도 정읍시)  

▶ 동학 교도들이 조정에 요구한 내용이 바뀐 까닭에 대하여 이야기해 보자.

초기의 주장 : 동학을 종교로 인정해 주시오. 동학을 만든 최제우를 인정해 주시오.

후기의 주장 : 동학을 인정해 주고, 부패한 정치를 바로잡으며, 이 땅에서 일본과 서양 세력을 몰아 냅시다.

동학 농민 운동(민족 기록화)  

우리가 의를 들어 여기에 이르게 된 것은 그 뜻이 다른데 있는 것이 아니다. 백성을 어려움에서 구해 내고 국가를 튼튼히 하기 위한 것이다.
안으로는 부정한 관리들을 벌하고, 밖으로는 횡포한 외적의 무리를 쫓아 내기 위한 것이다.

〈동학 농민 운동 지도자의 격문〉 중에서

▶ 윗글을 읽고, 동학 농민 운동이 일어난 까닭을 정리하여 보자.

동학 교도들의 집회가 농민 봉기로 번진 것은 전라도 고부 군수의 횡포를 참다 못한 농민들이 들고일어났기 때문이다. 고부 농민들은 군수를 몰아
내자고 외치며 관아를 점령하고, 관아의 창고를 열어 굶주린 사람들에게 곡식을 나누어 주었다.

동학군은 개혁안을 만들고 새로운 사회를 만들어 보려고 노력하였으나, 조정은 군대를 파견하여 이들을 진압하려 하였다. 농민의 봉기가 오래
계속되자, 중국과 일본도 동학 농민군 진압에 가담하였다.

동학 농민 운동은 지도자였던 전봉준이 체포되어 처형됨으로써 실패로 끝났다.

동학 농민군이 바라는 사회는 어떤 모습이었을까?

동학 농민군이 내놓은 정치 개혁 요구(일부)

⋅ 탐관오리의 죄를 조사하여 벌줄 것.

⋅ 노비 문서를 불태워 없앨 것.

⋅ 천민의 대우를 개선하고 백정이 쓰는 패랭이를 없앨 것.

⋅ 불법적으로 거두어들이는 세금을 없앨 것.

⋅ 일본인과 내통한 자를 엄중하게 처벌할 것.

새로운 사회를 만들고자 하는 사람들의 노력이 계속되자 조정에서도 적극적으로 개혁을 서둘렀는데, 이를 갑오개혁이라고 한다. 갑오개혁은 정치,
경제, 사회 등 전반적인 면에서 조선의 전통적인 제도를 새롭게 변화시키고자 한 것이다. 우리 나라는 갑오개혁을 통하여 근대적인 제도를 갖춘
나라로 변화할 수 있는 계기를 마련하게 되었다.

갑오개혁을 추진한 김홍집  

그러나 개혁의 과정에 일본이 간섭하여 우리 민족 스스로의 완전한 자주적 개혁을 이루지 못했고, 한편으로는 일본 세력이 우리 나라를 쉽게
침략할 수 있는 여건을 만들었다.

법적으로 양반과 상민의 신분 차별이 없어져 평등한 사회로 한 걸음 내딛게 되었고, 근대식 교육 덕분에 사람들은 새로운 사회를 더욱 열망하게
되었습니다.

갑오개혁의 주요 내용

정치 | 교육  
---|---  
⋅ 청나라에 의지하지 않고 자주 독립을 지향함.  
⋅ 과거제를 없애고 신분 차별 없이 관리를 뽑기로 함.  
⋅ 나라의 공식 문서에 한글을 사용함. | ⋅ 서울에 소학교, 중학교, 사범학교, 외국어 학교를 세움.  
⋅ 각 지방에도 소학교를 세움.  
경제 | 사회  
⋅ 근대식 화폐 제도를 채택함.  
⋅ 도량형을 통일함. | ⋅ 양반과 상민의 신분 차별을 없앰.  
⋅ 조혼을 금지함.  
⋅ 과부의 재혼을 허용함.

 [3] 대한 제국을 선포한 뜻은

   ● 외국과 근대적인 외교 관계를 맺게 된 이후, 우리 조상들은 나라의 자주권을 지키기 위하여 어떻게 노력했는지 알아보자.
   ● 개화 정책의 추진과 근대 문물의 도입으로 달라진 사회 모습에 대하여 알아보자.

 ● 외국과 근대적인 외교 관계를 맺게 된 이후, 우리 조상들은 나라의 자주권을 지키기 위하여 어떻게 노력했는지 알아보자.

조선을 침략하는 데에 걸림돌이 된 청나라를 청⋅일 전쟁으로 물리친 일본은 승리한 대가로 중국의 요동 반도를 차지하였고, 조선에 대한 침략의
손길을 더욱 노골적으로 뻗기 시작했다. 이에 우리 나라는 서양 여러 나라의 힘을 이용하여 일본의 침략을 막고자 하였다. 명성 황후는 외교적
노력을 통해 러시아로 하여금 프랑스와 독일을 끌어들여 일본을 압박하게 하였다. 그 결과 일본은 요동 반도를 청나라에 돌려주고 조선에 대한
침략의 기세를 누그러뜨릴 수밖에 없었다. 일본은 조선에서의 불리해진 정세를 되돌려놓기 위해 경복궁에 침입하여 명성 황후를 시해하는 만행을
저질렀다.

명성 황후가 시해된 곳(옥호루)  

1895년, 한 무리의 일본인들이 경복궁에 침입하여 왕비의 처소인 옥호루를 포위한 후, 일본이 조선을 침략하는 데에 방해가 되는 명성 황후를
시해하였는데, 이 사건을 을미사변이라 합니다.

명성 황후 시해 사건을 겪은 고종은 1896년 초에 러시아 공사관으로 처소를 옮기고, 다시 러시아의 힘을 빌려 일본 세력을 물리칠 방법을
찾았다.

이러한 때에 갑신정변 당시 미국으로 망명했던 서재필이 귀국하였다. 그는 독립 협회를 설립하여 나라의 자주 독립을 목적으로 한 구국 운동을
펼쳐 나갔으며, 러시아 공사관에 머물러 있는 고종의 환궁을 요구하였다.

서재필  

독립신문  

▶ 독립 협회를 이끈 사람들의 주장과 활동에 대하여 조사해 보자(사회과 탐구 97쪽).

국민의 여론에 따라 1년 만에 경운궁(오늘날의 덕수궁)으로 돌아온 고종은 조선이 자주 국가임을 국내외에 널리 알리기 위해 나라 이름을 대한
제국으로 고치고 황제 즉위식을 거행하였다.

고종 황제  

원구단  
하늘에 제사를 지냈던 곳으로, 이 곳에서 대한 제국 황제 즉위식을 거행하였다. 원구단은 1913년에 일제에 의해 철거되었으며, 현재 황궁우가
조선 호텔 내에 남아 있다.

대한 제국은 자주 국가로서 필요한 여러 가지 개혁을 추진하였다. 상공업을 발달시키기 위해 회사를 설립하고 실업 학교도 세웠다. 또, 외세의
침략에 맞설 수 있는 근대적 군대를 갖추기 위한 노력도 기울였다.

 ● 개화 정책의 추진과 근대 문물의 도입으로 달라진 사회 모습에 대하여 알아보자.

일본과 강화도 조약을 맺은 이후 조선은 미국, 영국, 프랑스 등 서양 여러 나라와도 차례로 근대적인 조약을 맺었다. 그 후, 세계 여러
나라와 무역을 하게 되었으며, 근대적인 문물과 제도를 본격적으로 받아들이기 시작하였다. 그리고 크리스트교의 선교가 자유롭게 이루어지게
되었다.

  

그러나 개화 정책에 반대하는 사람들도 많았다. 그들은 무역을 통한 경제적 침략을 걱정하여 교역 자체를 반대하거나 서양 문물을 거부하고
전통적인 관습을 지키려고 하였다.

▶ 당시 사람의 입장이 되어 개화에 대하여 생각해 보고, 찬성과 반대로 나누어 토론하여 보자.

유학자 최익현의 주장

서양인들이 욕심내는 것은 무역을 하는 것이다. 서양인들의 상품은 대부분이 사치스럽고 이상한 물건으로 공장에서 쉽게 만들 수 있어 그 양이
무한하고, 우리의 상품은 백성의 생명이 달려 있는 땅에서 나는 것으로 그 양이 한정되어 있으므로, 무역이 이루어지면 나라는 멸망하게 될
것이다.

최익현의 ‘면암집’ 중에서

최익현  

단발령과 백성들의 저항

1895년에 전국에 단발령이 내려졌다. 고종이 먼저 머리를 깎고, 관리들로 하여금 가위를 들고 거리나 성문 등에서 강제로 백성의 머리를 깎게
하였다.

부모에게서 물려받은 몸을 소중히 여기는 것이 효도의 시작이라고 생각하고 있는 백성들은 “내 목을 자를 수는 있으나 내 머리카락은 자를 수
없다.”며 단발령에 거세게 반발하였다.

이러한 반대에도 불구하고, 일본과 서양 여러 나라의 침략에 맞서기 위해서는 나라의 힘을 길러야 하고, 그러자면 그들의 문물을 받아들여야
한다는 주장이 점차 받아들여지기 시작하였다. 그리하여 근대적인 화폐, 신문이 발행되고, 우체국이 설립되었으며, 서양식 병원이 문을 열었다.
또, 전기와 전화가 가설되었으며, 전차와 기차, 자동차 등 새로운 교통 수단이 등장하였다.

초기 기관차의 모습  

초기 서양 의사의 진료  

우편 집배원  

흥인지문 밖의 화력 발전소  

전화 교환원  

연대 | 근대 문물과 제도의 시작  
---|---  
1883 | ⋅ 근대 사립 학교 설립(원산 학사)  
⋅ 근대 화폐 발행(전환국)  
⋅ 근대 신문 발행(박문국)  
1884 | 우체국 설립(우정국)  
1885 | 서양식 병원 설립(광혜원)  
1887 | 전기 사용(경복궁)  
1895 | 근대 소학교 설립  
1896 | 궁내부에 전화 설치  
1899 | 전차 운행(한양)  
1899 | 철도 개통(경인선)  
  
한편, 신식 교육을 위한 근대적인 학교들이 설립되었다. 근대적인 사립 학교가 먼저 세워졌고, 갑오개혁 이후에는 나라에서 소학교, 중학교,
사범 학교, 외국어 학교 등을 세워 근대적인 교육을 하였다.

초기 학교의 수업 모습  

초기 학교의 수업 모습  

초기의 국어 교과서  

▶ 신식 학교인 소학교와 오늘날 초등 학교의 교과목이 어떻게 다른지 살펴보자.

신식 학교의 교과목

수신, 독서, 작문, 습자, 산술, 체조, 지리, 역사, 이과, 도화, 재봉, 자수, 외국어

연도 | 소학교 개교 현황  
---|---  
1895 | ⋅ 서울에 여러 개의 관립 소학교를 세움.  
1896 | ⋅ 지방의 관찰부(오늘날의 도청) 소재지와 주요 고장에 공립 소학교를 세움.  
  
▶ 새로운 문물의 도입에 따른 급격한 변화가 사람들의 생활에 어떠한 영향을 주었는지 생각해 보고, 달라진 모습에 대하여 이야기해 보자.

 선택 학습

선택 1. 개화기 때의 주요 사건들을 다양한 형태의 연표로 정리해 보자.

주요 사건 : 갑신정변, 강화도 조약, 동학 농민 운동, 갑오개혁, 운요호 사건

선택 2. 갑신정변, 동학 농민 운동, 갑오개혁의 개혁안을 살펴본 후, 각각의 사건들을 통해 개화기의 우리 조상들이 어떤 사회를 만들고자
했는지 정리하고, 공통점을 찾아보자.

사건 | 갑신정변 | 동학 농민 운동 | 갑오개혁  
---|---|---|---  
만들고자 했던 사회 | ⋅신분 제도가 없는 사회 |  |   
공통점 |  |  |   
  
선택 3. 보기와 같은 서양 문물이 우리 나라에 처음 전해졌을 때에 무엇이라고 불렀는지 조사해 보고, 그렇게 부른 까닭에 대하여 이야기해
보자.

보기 : 자동차, 전화기, 기차, 전등, 영화

 단원 정리 학습

1\. 무엇을 배웠나요?

활동 : 조선 후기 사람들의 생활에서 가장 큰 변화를 일으켰다고 생각되는 것 다섯 가지만 찾아 써 보자.

조선 후기 5대 뉴스  

2\. 재미있어요!

활동 : 다음과 같은 서양의 신기한 물건들이 우리 나라에 처음 들어왔을 때에 어떤 일들이 일어났을지 상상하여 글로 써 보자.

자명종(좌)과 천리경(망원경,우)  

3\. 우리 힘으로 해결해요

활동 1. 내가 기자가 되어 보기 중의 한 사람과 대담했다고 가정하고 질문과 대답을 정리한 기사를 써 보자.

  

보기

⋅ 거중기를 이용하여 화성을 쌓은 날의 정약용

⋅ 운요호 사건이 일어난 날의 흥선 대원군

⋅ 천주교 집회에 처음으로 참가한 농민

⋅ 탈놀이를 구경한 양반

⋅ 강화도 조약을 체결하는 자리에 있었던 신하

⋅ 동학 농민 운동에 참여한 농민

⋅ 신식 학교에 입학한 어린이

활동 2. 보기에 제시한 소설 중에서 하나를 읽고, 그 내용과 거기에 나타난 조선 후기 사회의 모습이나 서민들의 생각을 정리해 보자.

보기 : 허생전, 양반전, 심청전, 흥부전, 춘향전

 3. 대한 민국의 발전

   (1) 나라를 되찾기 위한 노력  
   (2) 대한 민국의 수립과 발전
   단원 정리 학습

[주요 연표]  

알아봅시다

서연이는 우리 조상들이 일본에 빼앗긴 나라를 되찾고자 중국 상하이에 대한 민국 임시 정부를 세워 목숨을 바쳐 싸우고, 광복 후에는 대한
민국의 건국과 발전을 위해 노력하는 모습을 담은 텔레비전 드라마를 보았다.

서연이는 오늘날 우리 대한 민국이 있게 된 것은 우리 나라의 독립을 위해 목숨을 바쳐 싸웠던 조상들의 애국심과 노력 덕분임을 깨달았다.
서연이는 사회 시간을 통해, 우리 나라가 일본에 나라를 빼앗긴 후 광복을 맞이하기까지의 과정과 대한 민국이 세워지고 발전해 온 모습을 좀더
자세히 알아보기로 하였다.

 (1) 나라를 되찾기 위한 노력

   [1] 총과 펜을 들어 싸운 조상들
   [2] 대한 독립 만세, 한국 광복군 만세
   선택 학습

우리 조상들은 일제의 침략으로부터 나라를 지키고 일제의 지배로부터 독립하기 위해 싸웠다. 독립 운동이 전개되어 온 과정을 역사적 인물과 사건
등을 통해 알아보자.

 [1] 총과 펜을 들어 싸운 조상들

   ● 우리 민족이 일제의 침략으로부터 나라를 지키기 위하여 한 일에 대해 알아보자.
   ● 민족의 힘을 기르기 위한 노력은 어떤 모습으로 전개되었는지 조사해 보자.

 ● 우리 민족이 일제의 침략으로부터 나라를 지키기 위하여 한 일에 대해 알아보자.

만일, 윗집에 사는 사람과 아랫집에 사는 사람이 우리 집에 와서 우리 집 물건을 서로 차지하려고 싸운다면 나는 어떻게 할 것인가?

이와 같은 일이 약 100년 전에 우리 나라에서 일어났다. 1894년에는 청나라와 일본, 1904년에는 러시아와 일본이 우리 나라를 서로
지배하기 위해 전쟁을 벌였는데, 이 두 차례의 전쟁에서 모두 일본이 승리하였다.

청⋅일 전쟁(일본군에 의해 격침된 청의 군함)  

러⋅일 전쟁(인천에 상륙하는 일본군)  

▶ 당시 우리 나라와 주변 여러 나라와의 관계를 살펴보고, 우리 나라가 어떤 처지에 있었는지 생각해 보자.

먼저, 청⋅일 전쟁에서 승리한 일본은 우리 나라에서 청나라의 영향력을 배제시켰고, 러⋅일 전쟁 중에는 우리 나라에 군대를 주둔시켰다. 이후
러⋅일 전쟁에서 승리한 일본은 고종 황제와 일부 대신들의 반대를 힘으로 누르고 우리 외교권을 빼앗은 이른바 ‘을사조약’을 맺었다. 조약의
내용이 알려지자 온 국민들은 일제의 침략을 비난하면서 일제에 맞서 싸우고자 일어났다.

▶ 을사조약이 체결된 후, 우리 민족은 나라를 지키기 위하여 어떤 방법으로 일본에 저항했는지 알아보자(사회과 탐구 106쪽).

을사조약의 부당함을 알리고 자결한 민영환  

고종 황제는 네덜란드 헤이그에서 열리는 만국 평화 회의에 특사를 파견하여 일제의 침략을 세계 여러 나라에 알리고자 했대. 또, 신문들은
을사조약을 비난하는 기사를 실어 우리 민족의 항일 정신을 고취시켰대.

헤이그 특사  

시일야방성대곡(이 날에 목놓아 통곡하노라)

“오! 슬프도다. 개, 돼지만도 못한 우리 정부의 대신들이 자기 혼자 잘살고 부귀를 누리는 데 눈이 어두워 위협을 이기지 못하고 나라를
팔아먹은 도적이 되었으니, 4천년 강토와 5백년의 사직을 다른 나라에 갖다 바치고, 2천만 백성을 다른 나라의 노예로 만들었으니…….
원통하고 원통하다! 동포여! 동포여!”

을사조약 체결에 대하여 장지연이 쓴 황성신문 논설의 일부

장지연  

▶ 을사조약 이후 의병 운동이 어떻게 전개되었는지 알아보자(사회과 탐구 108쪽).

1890년대 이후 일제의 침략에 맞서 일어난 의병 운동은 을사조약을 계기로 더욱 거세어졌다. 처음에 일어난 의병은 무기나 전투 능력면에서
일본군에 맞서 싸울 힘이 부족했지만, 자기 고장의 지리를 잘 알고 있는 점을 활용하여 일본군에 큰 피해를 입혔다.

1907년의 군대 해산 이후에는 그 군인들 중의 일부가 가담하면서 의병의 전투력이 강화되어 일본군과 큰 싸움도 치를 수 있었다.

을사조약 이후 의병 운동이 거세어졌습니다.

의병들  

의병 부대의 활동  

서연이네 반 선생님께서는 안규홍이라는 의병장 이야기를 해 주셨다. 서연이는 남의 집 일을 하며 어렵게 살던 사람들까지도 나라를 위해
일어섰다는 이야기를 들으면서 나라 사랑에 대하여 다시 한 번 생각하게 되었다.

안담살이 의병장

1909년 1월 9일, 대한매일신보에 “십 수년 동안 남의 집 일을 하며 살아온 한 젊은이가 근처의 머슴 1백여 명을 모아 연설하기를,
‘우리는 남의 집 머슴이지만 국민이기는 마찬가지인데, 나라가 위급한 때를 당하여 농가에서 구차하게 살겠는가.’하며 의병을 일으켰다.”라는
기사가 실렸다.

전라 남도 보성에서 1백여 명의 머슴들을 의병으로 나서게 한 이 젊은이가 바로 안규홍이다. 사람들은 그를 ‘담살이’라고 불렀는데,
‘담살이’란 어린 머슴을 가리키는 말이다.

이들은 가난한 농민들과 함께 곳곳에서 큰 전과를 올리면서도 일반 백성들에게는 조금도 피해를 주지 않았기 때문에 백성들도 이들의 의병 운동을
적극적으로 도와 주었다.

  

‘안담살이 의병장’ 이야기를 들은 서연이네 반에서는 의병 운동에 대해 좀더 자세히 공부해 보기로 하였다. 먼저, 의병 운동과 관련된 중요한
사건들을 모아 연표로 정리해 보았다.

연표로 본 의병 운동

⋅ 을미사변, 단발령 | 1895 | ⋅ 명성 황후의 죽음에 분노하여 의병이 일어남.  
---|---|---  
| 1900 |   
⋅ 을사조약 | 1905 | ⋅ 을사조약 이후 의병 운동이 활발해짐.  
⋅ 군대 해산 | 1907 | ⋅ 해산된 군인들이 의병에 합류함.  
| 1909 | ⋅ 안중근 의사가 하얼빈에서 이토 히로부미를 저격함.  
⋅ 일제의 강제 합병 | 1910 |   
| 1915 | ⋅ 일본군의 대규모 공격으로 국내의 의병 운동은 점차 약해지고, 국외로 망명한 의병들이 독립군으로 재정비됨.  
⋅ 3⋅1 운동 | 1919 | ⋅ 대한 민국 임시 정부 수립  
| 1920 | ⋅ 청산리 대첩  
  

안중근 의사  

또, 의병들에 대하여 조사해 보기 위하여 다음과 같은 목록을 만들었다.

⋅ 의병들이 사용한 무기

⋅ 의병들의 작전

⋅ 의병들의 신분, 직업

⋅ 대표적인 의병장

나는 어떤 신분의 사람들이 의병에 참가했는지 조사해 봐야지.

나는 대표적인 의병장을 조사해 볼 테야.

군대 해산 후, 의병 운동이 전국적으로 전개되었대.

사진 속의 의병들이 어떤 신분, 직업의 사람들이었을지 생각해 보자.

의병 부대  

의병들이 사용했던 화승총이네.

  

민간인 의병들은 무기와 복장은 통일되지 않았지만 용감하게 싸웠대.

의병 운동에 대한 공부를 마무리하면서 서연이는 궁금한 점을 선생님께 여쭈어 보았다.

“1910년에 나라를 빼앗긴 후, 의병들은 어떻게 되었나요?”

“일제의 탄압이 심해지자 의병들은 국외로 망명하여 독립군으로 활동하였단다.”

 ● 민족의 힘을 기르기 위한 노력은 어떤 모습으로 전개되었는지 조사해 보자.

우리 민족은 애국 계몽 운동을 통해 일제의 침략에 대항하였다. 교육과 산업을 일으켜 부강한 나라를 이루기 위해 지식인들이 앞장서서 교육,
언론, 학문 등의 분야에서 활동하였다.

당시 학교에서는 어떤 공부를 했을까?

교육 활동

일본이 우리 나라의 주권을 위협하자 많은 사람들이 우리 민족의 힘을 기르기 위한 노력을 전개하였다. 대표적인 사람으로 안창호와 이승훈 등을
들 수 있는데, 이들은 비밀 단체에 참가하여 활동하기도 했지만, 신식 학교를 세우거나 강연회를 열고 책을 발행하여 국민을 계몽하였다.

안창호  

안창호가 평양에 세웠던 대성 학교  

이승훈이 평안 북도 정주에 세운 오산 학교(민족 기록화)  

애국 계몽 운동 외에 우리 민족의 힘을 기르기 위해 어떤 노력을 하였는지 여러 가지 자료를 찾아보고, 그 내용을 분단별로 정리해 보세요.

국채 보상 운동

우리 정부가 일본에 진 빚을 국민이 갚자는 운동이 일어났다. 1907년에 대구에서 시작된 이 운동은 황성신문과 대한매일신보 등의 후원으로
전국으로 확산되었다.

국채 보상 운동 기념비(대구 광역시)  

우리 국민은 일본에 진 빚을 갚기 위해 어떤 노력을 하였을까?

역사 연구

우리 민족의 전통 문화를 이어 가고 자주 정신을 일깨우기 위해 우리 역사에 대한 연구가 활발하게 진행되었다. 박은식, 신채호, 황현 등은
역사책을 발행하여 나라 사랑의 마음을 기르고자 하였다.

박은식  

우리 역사와 문화를 지키기 위해 어떤 노력을 하였을까?

국어 연구

나라의 주권을 잃었을 때, 주시경은 우리말을 연구하여 우리의 얼과 혼을 지키려 노력하였다. 그리하여 국어의 문법과 맞춤법을 정리하였으며,
많은 제자를 길러내었다.

주시경  

우리의 얼과 혼을 지키기 위해 어떤 일을 하였을까?

 [2] 대한 독립 만세, 한국 광복군 만세

   ● 3⋅1 운동의 전개 과정과 대한 민국 임시 정부에서 한 일에 대하여 조사해 보자.  
   ● 3⋅1 운동 이후 일제의 식민 통치와 그에 맞선 우리 민족의 독립 운동이 어떻게 전개되었는지 알아보자.

 ● 3⋅1 운동의 전개 과정과 대한 민국 임시 정부에서 한 일에 대하여 조사해 보자.

을사조약 이후 일본은 고종 황제를 강제로 물러나게 하고 군대를 해산시켰다. 또, 관리를 일본인으로 임명하고, 우리에게 불리한 법을 만들어
우리 민족을 고통스럽게 하였다. 그러다가 1910년에 이르러서는 우리 나라를 완전히 빼앗고 말았다.

이후 일본은 조선 총독부를 두고 헌병 경찰을 동원하여 우리 민족을 탄압했으며, 농민들이 조상 대대로 물려받은 토지를 제 때에 신고하지
않았다는 이유로 빼앗았다. 또, 우리 국민에게 일본을 우러러보고 섬기게 하는 식민지 교육을 하였다.

일제는 토지를 조사한다는 구실로, 소유권을 신고하지 않은 농민들의 토지를 빼앗아 국유지로 만들었단다.

▶ 일제가 우리 민족을 어떻게 탄압하였는지 알아보자.

토지 조사  
토지를 조사한다는 구실로 토지를 약탈하였다.

조선 총독부  
일제 강점기에 식민 통치의 중심이 되었다.

칼을 찬 일본인 교사들  
우리 민족을 위협하기 위해 교사들도 제복을 입고 칼을 찼다.

헌병 경찰  
헌병 경찰을 앞세워 강압적인 무단 통치를 하였다.

이에, 우리 겨레는 나라 잃은 슬픔과 분노를 삭이면서 독립 운동을 펴 나갔다. 또, 일본에 대항하는 비밀 단체를 조직하여 국내에서 독립
운동의 기반을 마련하거나, 만주와 연해주 지역에서 무관 학교를 세우고 독립군 단체를 조직하여 무장 투쟁을 벌였다.

제1차 세계 대전 후, 자기 민족의 일은 민족 스스로 결정해야 한다는 민족 자결주의의 영향을 받아 일본에 유학 가 있던 학생들이 독립을
요구하는 선언서를 발표하였다. 이 소식을 전해 들은 국내 독립 운동가들의 움직임도 활발해져, 1919년 3월 1일에는 온 겨레가 참여한 독립
만세 운동이 일어났다.

이 날, 민족 대표 33명 중 29명이 모여 독립 선언서를 발표하였고, 서울 탑골 공원에서는 수많은 학생과 시민들이 태극기를 흔들며 만세
운동을 펼쳤다.

3⋅1 운동 때 독립 선언서를 낭독했던 탑골 공원 내의 팔각정(서울 특별시 종로구)  

민족 대표의 독립 선언(민족 기록화)  

독립선언서의 내용

우리는 여기에 우리 조선이 독립된 나라인 것과 조선 사람이 주인임을 선언하노라. 이것을 세계 모든 나라에 알려 인류가 평등하다는 큰 뜻을
밝히며, 이것을 자손 만대에 일러 우리 민족이 독자적으로 생존할 정당한 권리를 영원히 누리게 하노라.

이 운동은 전국 방방곡곡으로 퍼져 나가 4월 말까지 계속되었으며, 멀리 만주, 연해주, 미국 등 해외에까지 퍼졌다.

미국 등지에서 배포된 3⋅1 운동 관련 자료들  

독립가

터졌구나 터졌구나 조선 독립의 목소리

10년을 참고 참아 이제 터졌네

삼천리 금수강산 이천만 민족

살았구나 살았구나 이 한 소리에

만세 만세 독립 만세

만세 만세 조선 만만세

한편, 일제는 우리 민족이 무력을 사용하지 않고 독립 운동을 했음에도 불구하고 수많은 사람을 죽이고 집을 불태우는 등 가혹한 탄압을 하였다.

3⋅1 운동은 비록 민족의 독립으로 이어지지는 못했지만, 우리 민족과 일본의 침략 정책에 많은 변화를 주었습니다. 어떤 변화가 있었는지
알아보세요.

3⋅1 운동은 우리 민족에게 독립에 대한 희망을 불러일으켜 대한 민국 임시 정부를 세우는 데에 많은 영향을 끼쳤다. 또, 비슷한 처지에 있던
다른 나라들에도 용기와 힘을 주었다.

광화문 앞 기념비전에 모인 시위 군중  

▶ 다음 그림은 3⋅1 운동 때 독립 만세를 외치다 잡힌 유관순이 감옥에서 일본 헌병들에게 모진 고문을 당하는 장면이다. 상황에 맞는
대화글을 써 보자.

일본 헌병 :

유관순 :

일본 헌병 :

유관순 :

유관순  

  

▶ 대한 민국 임시 정부를 세운 까닭과 그 활동에 대하여 알아보자(사회과 탐구 119쪽).

3⋅1 운동이 일어났던 1919년에 민족 지도자들은 독립 운동을 좀더 효과적으로 펴 나가기 위해 중국 상하이에 임시 정부를 세우고 나라
이름을 ‘대한 민국’이라 하였다.

임시 정부는 나라 안팎의 독립 운동 단체를 통합하여 독립 운동의 기반을 마련하고 방향을 제시하였다.

대한 민국 임시 정부는 비록 해외에 있었지만 온 겨레의 지지를 받고 모든 동포에게 우리도 독립을 할 수 있다는 희망과 용기를 주었다.

대한 민국 임시 정부 헌장 내용(일부)

⋅ 대한 민국은 국민이 주인이 되는 나라이다.

⋅ 대한 민국은 임시 정부가 다스린다.

⋅ 대한 민국 국민은 모두가 평등하다.

⋅ 대한 민국 국민은 말을 하거나 책을 펴내거나 모임을 가질 자유가 있다.

⋅ 대한 민국 국민에게는 교육, 납세, 병역의 의무가 있다.

대한 민국 임시 정부가 발행한 대한 독립 선언서  

대한 민국 임시 정부 요인들  

대한 민국 임시 정부 청사(중국 상하이)  

상하이 임시 정부는 국내외 독립 운동의 중심 역할을 하였으며, 여러 나라와 외교 활동을 벌이기도 하였다.

대한 민국 임시 정부는 독립신문을 만들어 국내외 동포들에게 독립 운동 소식을 전해 주었단다.

대한 민국 임시 정부가 발행한 독립신문

대한 민국 임시 정부는 독립신문을 발행하여 임시 정부의 소식을 알렸으며, 대한 민국의 자주성과 우수한 민족 문화를 인식시켜 독립 의식을
드높였다.

[독립신문]  

대한 민국 임시 정부를 지켜 온 김구

김구는 황해도 해주에서 태어났다. 어려서부터 글읽기를 좋아했고, 한때는 동학 농민 운동에 참가하기도 하였다. 대한 민국 임시 정부에서
활동하면서 한인 애국단을 조직하여 이봉창, 윤봉길 의사의 의거를 계획하고 실행하였다.

1945년에 광복을 맞이하여 귀국한 후에는 우리 나라의 통일을 위해 노력하였다.

김구  

한국 광복군의 창설과 활동

1940년 9월 17일, 대한 민국 임시 정부는 지청천을 총사령관으로 한 한국 광복군을 창설하였다. 초기에는 중국 정부의 도움을 받으며
훈련에 힘썼으나, 1941년 12월에 태평양 전쟁이 일어나자 일본에 선전 포고를 하였고, 이후 전력을 강화해 가면서 적극적인 항일 군사
활동을 펴 나갔다. 광복 직전에는 미군과 연합하여 일제를 몰아 내기 위한 작전을 준비하다가 광복을 맞이하였다.

한국 광복군  

훈련 중인 한국 광복군

 ● 3⋅1 운동 이후 일제의 식민 통치와 그에 맞선 우리 민족의 독립 운동이 어떻게 전개되었는지 알아보자.

3⋅1 운동 이후 우리 민족의 독립 운동은 해외에서의 무장 독립 운동과 국내에서의 민족 실력 양성 운동의 두 방향으로 이루어졌다.

독립 운동의 여러 모습에 대해 좀더 자세히 알아보고, 독립을 위해 목숨을 바친 분들의 뜻을 어떻게 이어받아야 할지 토의해 보세요.

대표적인 무장 독립 운동

봉오동 전투와 청산리 대첩

3⋅1 운동 이후 만주와 연해주에는 수많은 독립군 부대가 조직되었다. 그 중에서도 홍범도 장군과 김좌진 장군이 이끄는 독립군 부대가 가장
강력하였다.

일본에 나라를 빼앗기자, 홍범도 장군은 만주로 건너가 독립군을 조직하였으며, 만주의 독립군 부대를 공격해 오던 일본군을 봉오동에서 거의
전멸시켰다. 이 전투에서 패배한 일본군은 더 많은 군대를 만주에 보내어 그 곳에서 활동하던 우리 독립군을 공격하였다. 이 때 독립군을 이끌던
사람이 김좌진 장군이었다. 1920년 10월에 김좌진 장군은 다른 독립군 부대와 힘을 합쳐 청산리에서 일본군을 크게 무찔렀다. 청산리 대첩은
우리 민족이 독립 전쟁에서 거둔 가장 큰 승리였다.

봉오동 전투의 승리와 청산리 대첩은 우리 민족에게 독립에 대한 희망과 용기를 한층 더 불어넣어 주었다.

청산리 대첩(민족 기록화)  

청산리 대첩으로 독립군의 사기는 크게 올랐고, 일본군은 큰 타격을 입었구나.

한인 애국단의 활동

한인 애국단은 1926년에 김구가 조직한 단체로서, 이봉창, 윤봉길 의사 등이 단원으로 활약하였다.

이봉창 의사는 항일 운동을 전개하다가, 1931년에 중국 상하이로 건너가 한인 애국단에 입단하였다. 이듬해에 일본 도쿄에서 일본 국왕이 탄
마차에 폭탄을 던졌으나 실패하고 체포되어, 사형을 선고받고 순국했다.

이봉창 의사와 한인 애국단 입단 선서문  

윤봉길 의사는 23세 때에 ‘대장부가 집을 나가니 살아 돌아오지 않겠다.’라는 글을 써 놓고 집을 떠나 대한 민국 임시 정부가 있는 상하이에
도착하였다.

그 후 윤봉길 의사는 1932년 4월에 상하이 훙커우 공원에서 열린 행사에 참석한 일본 군대의 주요 인물들에게 폭탄을 던졌다. 그 자리에서
일본 헌병에게 체포된 그는 재판에서 사형을 선고받고 젊은 나이로 일생을 마쳤다.

윤봉길 의사  

연표를 통해 독립 운동의 전개 과정을 살펴보자.

연대 | 연도 | 사건  
---|---|---  
| 1919 | 3⋅1 운동 대한 민국 임시 정부 수립  
1920 | 1920 | 봉오동 전투, 청산리 대첩  
| 1921 |   
| 1922 |   
| 1923 | 물산 장려 운동  
| 1924 |   
1925 | 1925 |   
| 1926 | 6⋅10 만세 운동  
| 1927 | 신간회 조직  
| 1928 |   
| 1929 | 광주 학생 항일 운동  
1930 | 1930 |   
| 1931 | 문맹 퇴치 운동  
| 1932 | 이봉창, 윤봉길 의사 의거  
| 1933 |   
| 1934 |   
1935 | 1935 |   
| 1936 |   
| 1937 |   
| 1938 |   
| 1939 |   
1940 | 1940 | 한국 광복군 창설  
| 1941 | 태평양 전쟁  
| 1942 | 조선어 학회 사건  
| 1943 |   
| 1944 |   
1945 | 1945 | 8⋅15 광복  
| 1946 |   
| 1947 |   
| 1948 |   
| 1949 |   
1950 |  |   
  
국내에서의 독립 운동

1927년, 신간회는 국내의 독립 운동 단체를 통합하여 조직되었다. 국가의 힘을 기르는 데에 목적을 둔 신간회는 일제와의 타협을 반대하였고,
우리말 교육을 실시할 것을 주장하였다. 또, 학생들의 독립 운동을 지원하기도 하였다.

신간회 창립(신문 기사)  

일제의 식민지 정책 때문에 우리 민족은 교육을 제대로 받지 못했다. 따라서, 글을 읽고 쓰지 못하는 사람이 늘어 가자 신문사를 중심으로
한글을 보급하기 위한 운동이 벌어졌다.

문맹 퇴치 운동(신문 기사)  

우리 나라의 산업을 발전시켜 경제적인 힘을 기르기 위해 벌어진 물산 장려 운동은 다음과 같은 구호를 내세우며 전국적으로 퍼져 나갔다.

“우리가 만든 것 우리가 쓰자!”

국산품 애용 선전 광고  

조선어 학회는 한글을 연구할 목적으로 조직된 단체로서, ‘한글’이라는 잡지를 발행하였고, 우리말 큰사전을 펴내고자 준비하던 중에 일제의
탄압으로 해체되었다. 광복 후 한글 학회로 이름이 바뀌어 오늘에 이르고 있다.

조선어 학회 사건으로 수난을 당한 사람들  

▶ 만일, 내가 일제 강점기에 살았다면 일제에 어떠한 방법으로 항거하였을지 이야기해 보자.

일제는 1930년대 이후 중국 대륙을 침략하고, 1941년에는 미국의 진주만을 기습 공격하여 태평양 전쟁을 일으켰다. 일제의 침략 전쟁은
우리 민족에게 많은 고통과 희생을 강요하였다. 그러나 우리 민족은 이에 굴하지 않고 민족과 민족 문화를 지키려는 투쟁을 계속하였다.

일제의 민족 말살 정책

침략 전쟁을 일으킨 일제는 우리 나라를 군수 물자를 생산하는 기지로 만들어 나갔으며, 지하 자원과 식량을 약탈하였다.

침략 전쟁이 확대되자 일제는 우리 나라의 청⋅장년 남성들을 전쟁터나 광산, 공장으로 끌고 갔다. 또, 젊은 여성들까지도 ‘정신대’라는
이름으로 전쟁터로 끌고 가 희생시켰다.

또, 일제는 패망을 앞두고서 우리의 민족 정신을 없애고자 우리말의 사용을 금 지하고, 우리의 성명을 일본식으로 바꾸게 하였으며, 곳곳에
신사를 세워 참배하도록 강요했다.

전쟁 무기를 만들기 위해 강제로 거두어들인 금속 제품들  

강제 노역에 동원된 사람들

 선택 학습

선택 1. 다음은 일제 강점기에 있었던 주요 사건들과 관련 인물을 짝지어 놓은 것이다. 이 중에서 한 인물을 조사하여 인물 카드를 만들어
보자. 그리고 각자 만든 것을 분단별로 묶어 인물 사전을 만들어 보자.

⋅ 3⋅1 운동 : 유관순

⋅ 청산리 대첩 : 김좌진

⋅ 대한 민국 임시 정부 : 김구

⋅ 한인 애국단 활동 : 윤봉길, 이봉창

⋅ 물산 장려 운동 : 조만식

⋅ 기타

인물 카드 내용 예시

⋅ 선택한 인물과 그 사건에 어울리게 제목 붙이기

⋅ 인물 사진이나 그림(초상화) 붙이기

⋅ 인물의 활동 내용 정리하기

⋅ 본받을 점이나 기타 내용 정리하기

선택 2. 내가 독립 전쟁에 참가했다고 생각하고, 그 날에 일어났던 일을 한 편의 선택 일기로 써 보자.

○○○의 독립 전쟁 일기

19○○년 ○월 ○일 만주에서

제목 : 내용에 어울릴 만한 적절한 제목을 붙인다.

내용 : 전쟁에 참가하여 겪은 일이나 느낌(나라 걱정, 가족 생각, 배고픔, 두려움 등)을 상상하며 쓴다.

내가 만일 독립군이 되었다면?

선택 3. 다음은 독립군이 목숨을 걸고 독립 운동을 하면서 불렀던 독립군가의 일부분이다. 이 노래에 담긴 독립군의 마음을 생각하며 노래
뒷부분을 완성해 보자.

신대한국 독립군의 백만 용사야

조국의 부르심을 네가 아느냐

삼천리 삼천만의 우리 동포들

건질 이 너와 나로다

 (2) 대한 민국의 수립과 발전

   [1] 분단을 딛고 일어선 대한 민국
   [2] 민주 시민이 승리하던 날들
   [3] 한강의 기적에서 통일로
   선택 학습

광복 후 분단을 딛고 일어선 대한 민국은 민주 정치의 발전, 경제적 번영, 그리고 복지 사회 건설과 민족 통일을 목표로 성장해 왔다. 대한
민국의 수립과 발전 과정을 중요한 사건과 역사적 인물을 중심으로 알아보자.

 [1] 분단을 딛고 일어선 대한 민국

   ● 대한 민국 정부가 세워진 과정에 대하여 알아보자.
   ● 6⋅25 전쟁의 전개 과정과 그 결과를 알아보자.

 ● 대한 민국 정부가 세워진 과정에 대하여 알아보자.

1945년 8월 15일, 라디오에서는 일본이 연합군에 무조건 항복한다는 방송이 울려 퍼졌다. 우리 나라는 35년간의 일제 지배에서 벗어난
감격의 만세 소리로 가득 메워졌다.

나라 안팎에서 활동하던 민족 지도자들은 새로운 정부를 세우기 위해 모여들었고, 우리말, 우리 역사를 되찾기 위한 민족 교육이 시작되었다.

그러나 나라를 되찾았다는 기쁨은 잠시였다. 우리 나라의 독립은 우리 겨레의 소망대로 이루어지지 못했다. 38도선을 기준으로 북쪽에는 소련군,
남쪽에는 미군이 주둔하게 됨으로써 우리 나라는 남북으로 나뉘게 된 것이다.

국토를 양분한 38도선 표지  

한편, 제2차 세계 대전을 승리로 이끈 미국, 영국, 소련 세 나라는 회의를 통해 미국, 영국, 소련, 중국 4개국이 우리 나라를 일정 기간
다스리겠다고 결정하였다. 이 결정은 우리 나라의 독립을 늦어지게 하는 것이므로 우리 민족에게 큰 실망을 안겨주었다. 대부분의 우리 민족은 이
결정에 반대하였으나, 일부는 찬성을 하여 의견이 일치되지 않았다.

신탁 통치를 반대하는 시위  

이렇게 어려운 상황이 되자, 국제 연합(유엔)에서는 남북한 총선거를 실시하여 통일 정부를 수립하도록 결정했다.

그러나 북한은 이 결정을 받아들이지 않았다. 이에, 남쪽의 지도자들은 남한만의 총선거를 주장하는 사람들과 북한과 계속 협상해서 통일 정부를
수립하자는 사람들로 나누어졌다.

▶ 두 정치 지도자가 서로 다른 입장을 취하게 된 까닭과 그 의미에 대하여 토의해 보자(사회과 탐구 124쪽).

  

결국 유엔은 선거가 가능한 지역만이라도 총선거를 실시하여 정부를 세울 것을 결의하였다. 이에 따라 1948년 5월 10일에 남한만의 총선거를
통해 국회 의원이 선출되었고, 그 해 7월 17일에 헌법이 공포되었다. 또, 8월 15일에는 이승만을 초대 대통령으로 하는 대한 민국 정부가
세워졌다.

대한 민국 정부 수립을 위해 실시된 5⋅10 총선거 투표 장면(1948)  

이승만 대통령 취임식  

한편, 북한에는 김일성이 이끄는 공산주의 정권이 들어섰다.

▶ 8⋅15 광복부터 대한 민국 정부가 세워지기까지 있었던 주요 사건에 대하여 알아보자.

 ● 6⋅25 전쟁의 전개 과정과 그 결과를 알아보자.

남한의 대한 민국 정부는 민주주의 국가로의 발전을 꾀하였다. 그러나 북한은 남한과 다른 이념을 가지고 있었기 때문에 서로 갈등과 반목이
깊어갔다. 그러던 중에 북한은 남한을 무력으로 공산화하기 위해 6⋅25 전쟁을 일으켰다.

6⋅25 전쟁의 전개 과정

1950년 6월 25일, 북한은 남한을 무력으로 통일하기 위하여 전쟁을 일으

켰다. 우리 국군은 북한 공산군의 침략에 맞서 용감히 싸웠으나 공산군의 대규모 남침에 일시 후퇴하였다.

북한 공산군의 남침  

유엔은 북한을 침략자로 규정하고, 북한 공산군의 침략을 저지하기 위해 유엔군을 우리 나라에 파견하였다. 그해 9월, 유엔군의 인천 상륙
작전을 계기로 북한군은 38도선 이북으로 퇴각하였다.

유엔군의 인천 상륙 작전  

북진하는 국군  

이 때에 국군은 북한 공산군을 무찌르기 위하여 압록강까지 진격했으나, 중국군의 개입으로 다시 후퇴하게 되었다. 서로 밀고 밀리던 남과 북은,
결국 1953년 7월에 휴전을 하였고, 남북이 분단된 채로 오늘에 이르고 있다.

휴전 협정(1953. 7.)  

치열한 전투 상황  

피란민의 행렬  

▶ 6⋅25 전쟁으로 우리 민족이 당한 고통에 대하여 조사하고 토의해 보자.

6⋅25 전쟁은 우리 민족에게 많은 고통을 안겨 주었다. 전쟁 중에 국군과 유엔군, 그리고 민간인을 포함해서 수백만 명이 죽거나 다쳤으며,
한 가족이 남북으로 흩어지기도 하였다.

또, 수없이 많은 건물, 철도, 다리가 파괴되어 이를 다시 복구하는 데에도 오랜 기간과 많은 비용이 들었다.

전쟁으로 파괴된 공장  

전쟁이 끝난 지 50여 년이 지났지만 그 때의 상처는 아직도 아물지 못하였다. 전쟁의 상처를 회복하는 일은 평화 통일이 이루어지는 날까지
우리 민족의 과제로 남아 있게 되었다.

국립 묘지(서울 특별시 동작구)  

와! 저렇게 많은 군인들이 죽었어요?

그렇단다. 군인뿐만 아니라, 유엔군도 자유를 위해 싸우다 전사하였단다. 그리고 수많은 민간인도 죽거나 부상을 당하였지. 또, 파괴된 것들을
다시 세우는 데에도 많은 비용이 들었단다.

현충탑(서울 특별시 동작구)

 [2] 민주 시민이 승리하던 날들

   ● 대한 민국 정부가 세워진 이후, 우리 나라 민주 정치의 성장 과정에 대하여 알아보자.
   ● 5.18 민주화 운동과 6월 민주 항쟁이 우리 나라의 민주화에 미친 영향에 대하여 알아보자.

 ● 대한 민국 정부가 세워진 이후, 우리 나라 민주 정치의 성장 과정에 대하여 알아보자.

광복 이후 우리 나라는 민주 정치를 성장시키기 위해 많은 노력을 해 왔다. 그러나 우리 나라의 민주 정치는 때때로 벽에 부딪혀 앞으로
나아가지 못하고 뒤로 물러서는 일을 겪었다. 이런 일이 있을 때마다 우리 국민들은 국민으로서의 자유와 권리를 지키고, 민주 정치를 계속
성장시키기 위해 나섰다. 그리고 국민들의 이러한 노력과 참여로 우리 나라의 민주 정치는 오늘날과 같은 모습으로 성장할 수 있었다.

아래 사진을 보고, 우리 나라의 민주주의가 성숙하기까지 우리 국민들이 어떤 노력을 기울였는지 생각해 보세요.

최초로 주권을 행사했던 제헌 국회 의원 선거(1948)  

오늘날 활발하게 정치에 참여하고 있는 시민 단체  

▶ 4⋅19 혁명의 전개 과정에 대하여 알아보자(사회과 탐구 127쪽).

서연이네 반에서는 1960년의 4⋅19 혁명 때 시위에 참여하셨던 민기 할아버지를 찾아뵙고, 4⋅19 혁명에 관한 여러 가지를 여쭈어
보았다.

조사자 : 할아버지, 안녕하세요? 할아버지께서는 그 때 몇 살이셨고, 어떻게 하여 시위에 참여하셨어요?

할아버지 : 나는 그 때 스물이 갓 넘은 젊은이였지. 이승만 대통령이 이끄는 자유당 정권의 불의와 독재에 맞서 싸우기 위해 시위에 참여하게
되었단다.

조사자 : 자유당 정권이 어떻게 했기에 그렇게 많은 사람이 시위를 하게 되었어요?

할아버지 : 정권을 계속 유지하기 위해 헌법을 고치고 부정 선거를 했단다.

조사자 : 그래서 어떻게 되었나요?

할아버지 : 전국에서 많은 학생과 시민들이 집회에 참여하고, 교수들까지 시위를 벌여, 결국 이승만 대통령이 물러났단다.

하와이 망명을 위해 비행기에 오르는 이승만  

4⋅19 혁명 당시 종로 거리를 메운 시위 행렬

 ● 5.18 민주화 운동과 6월 민주 항쟁이 우리 나라의 민주화에 미친 영향에 대하여 알아보자.

5⋅16 군사 정변을 일으켜 정권을 잡은 박정희 대통령은 경제 성장을 최우선 과제로 내세우고, 온 국민이 국가 발전을 위해 헌신할 것을
요구하며 오랫동안 집권하였다. 그 사이에 정부는 경제 개발 계획을 추진하여 경제를 크게 발전시켰다. 그러자 국민들은 경제 발전에 맞는 민주
정치의 발전도 원하게 되었다.

1979년 박정희 대통령이 사망한 뒤에도 정치는 민주적으로 이루어지지 않았다. 그러나 민주주의에 대한 국민들의 열망은 식을 줄 모르고
불타올랐다. 민주화를 요구하는 시민과 대학생들의 시위가 전국적으로 일어났고, 이는 1980년 5월 광주에서 비롯된 5⋅18 민주화 운동으로
이어졌다.

5⋅18 민주화 운동(광주 광역시)  

민주화의 상징, 국립 5⋅18 묘지(광주 광역시)  

1987년 6월에 이르러 우리 나라 민주주의는 또다시 새로운 계기를 맞이하였다. 민주적인 헌법을 요구하는 정치 운동이 일어난 것이다. ‘6월
민주 항쟁’이라 이름 붙여진 이 운동에 전국의 학생, 시민, 그리고 노동자가 참여하여 민주화를 요구하였고, 이 운동의 결과로 6⋅29 민주화
선언이 이루어졌다.

6월 민주 항쟁  

▶ 다음 6⋅29 민주화 선언의 내용을 보고, 우리 나라의 정치가 어떻게 달라졌는지 비교해 보자.

 [3] 한강의 기적에서 통일로

   ● 1960년대 이후 ‘한강의 기적’이라 불린 경제 성장을 이루기까지 국민과 정부는 어떠한 노력을 하였는지 조사해 보자.
   ● 경제가 성장함에 따라 국민들의 생활은 어떻게 변하였는지 알아보자.

 ● 1960년대 이후 ‘한강의 기적’이라 불린 경제 성장을 이루기까지 국민과 정부는 어떠한 노력을 하였는지 조사해 보자.

우리 나라는 전쟁의 폐허 속에서 1960년대와 1970년대에 경제 개발 계획을 추진하였다. 그 결과, 1971년에는 수출 10억 달러를
달성하게 되었다.

수출 10억 달러 달성을 기념하는 ‘수출의 날’ 행사  

우리 나라의 경제 성장 과정

연도 | 1962~1966 | 1967~1971 | 1972~1976 | 1977~1981  
---|---|---|---|---  
구분 | 제1차 경제 개발 5개년 계획 | 제2차 경제 개발 5개년 계획 | 제3차 경제 개발 5개년 계획 | 제4차 경제 개발 5개년 계획  
주요 사업 목표 | ⋅ 에너지원 확충(전력, 석탄)  
⋅ 기간 산업 확충  
⋅ 사회 간접 자본 확충 | ⋅ 식량의 자급자족  
⋅ 공업화 추진 | ⋅ 경제 자립  
⋅ 중화학 공장 건설 | ⋅ 자력 성장  
⋅ 기술 혁신  
주요 사건 및 사업 성과 | ⋅ 베트남 파병  
⋅ 발전소 건설 | ⋅ 산업 단지 건설  
⋅ 고속 도로 건설 | ⋅ 석유 파동(1973) 극복  
⋅근로자 해외 파견 | ⋅ 100억 달러 수출 달성(1977)  
⋅ 2차 석유 파동(1978) 극복  
  
우리 정부는 1960년대 초반에서 1980년대 초반까지 모두 네 차례의 경제 개발 5개년 계획을 추진하였다. 먼저, 많은 공장을
건설하였으며, 이에 따라 일자리가 늘어나고 수출도 해마다 증대되었다. 또, 도로와 항만, 발전소 등을 만들고 과학 기술의 개발에 힘써 많은
성과를 올렸다. 그리고 새마을 운동으로 식량을 자급하고 잘사는 농촌을 만들기 위해 노력하였다.

새마을 운동으로 근대화된 농촌  

포항 제철  

우리의 많은 건설 근로자, 광부, 간호사들이 해외로 나가 일하였으며, 이들은 많은 외화를 벌어들였다.

해외 건설 현장의 우리 나라 근로자들  

서독으로 떠나는 광부들  

한편, 수출을 통한 경제 성장은 1980년대 이후에도 계속되었다. 정치적으로는 민주주의의 후퇴를 가져왔으나, 경제적으로는 수출 규모가 계속
확대되었다. 1988년 서울 올림픽 대회 개최 이후 우리 나라의 경제는 더욱 크게 성장하여 1995년에는 국민소득이 1만 달러에 이르렀고,
그에 따라 세계 무대에서 우리 나라의 위상도 향상되었다.

세계를 누비는 우리의 컨테이너선  

1인당 국민 소득의 변화  
〈출처 : 통계청, 2002〉

우리 나라 수출액의 변화  
〈출처 : 한국 은행, ‘계간 국민 계정’ 각 연도〉

그러나 1990년대 말에 우리 나라는 좋지 못한 국내외 상황으로 심각한 경제 위기를 맞게 되었다. 이에 정부와 기업, 그리고 국민들은
어려워진 경제를 회복하기 위해 많은 노력을 기울였다.

경제를 살리기 위한 여러 가지 노력  

서울 올림픽 대회

 ● 경제가 성장함에 따라 국민들의 생활은 어떻게 변하였는지 알아보자.

수출이 늘어나고 그에 따라 국민 소득이 크게 증가하는 등 경제가 성장하면서 국민들의 생활 수준은 여러 면에서 향상되었다.

다음의 사진을 보고, 경제 성장에 따라 크게 나아진 국민들의 생활 모습에 대하여 이야기해 보세요.

교육 인구의 증가  
경제 성장에 힘입어 학교가 증설되고, 고등 교육을 받는 인구가 나날이 증가하고 있다.

의료 시설의 증가  
건강을 지키려는 욕구와 경제력의 뒷받침으로 병원과 약국이 증가하고 있다.

주택의 증가  
인간다운 삶을 위한 복지 정책의 일환으로 쾌적한 주거 환경을 갖춘 주택이 공급되고 있다.

장애인을 배려한 복지 시설의 증가  
장애인을 배려한 복지 시설 및 교육 정책이 수립, 운영되고 있다.

경제성장으로 국민들의 생활이 과거에 비해 넉넉해지기는 했으나, 잘사는 사람과 못사는 사람의 격차가 커졌고, 또 경제를 우선으로 내세운 까닭에
물질 만능주의 등의 문제가 발생하기도 하였다.

경제 개발에 따른 환경 오염 문제도 심각한 문제로 대두하였고, 인구의 도시 집중 문제가 생기기도 하였다.

경제 성장의 그늘에 가린 여러 가지 사회 문제와 그 해결 방안에 대하여 토의해 보세요.

▶ 통일을 위한 우리 정부와 국민들의 노력에 대하여 알아보자(사회과 탐구 136쪽).

지난 몇십 년 동안에 우리 나라가 이룩한 경제 성장은 남북한 관계에도 영향을 끼쳤다. 우리 정부는 눈부신 경제 성장을 발판으로 북한에 대화와
교류를 제의할 수 있게 되었다.

우리 정부는 먼저 남북으로 갈라진 가족이 만날 수 있도록 남북 적십자 회담을 열었고, 이어 체육인, 예술인, 학자, 경제인 등 민간인의
교류를 추진하였으며, 마침내 남북 정상의 만남을 이루어 냈다. 이처럼 정부는 온 국민의 소망인 평화 통일을 이루기 위한 노력을 꾸준히
전개하고 있다.

이산 가족의 만남  

금강산 관광  

남북 적십자 회담  

시드니 올림픽 대회에서 함께 입장하는 남북한 선수단

 선택 학습

선택 1. 1948년에 실시된 5⋅10 총선거에 대한 이승만과 김구의 입장을 정리하여 보고, 나의 생각을 말해 보자.

이승만의 입장 | 김구의 입장 | 나의 생각  
---|---|---  
|  |   
  
선택 2. 자신이 4⋅19 혁명을 취재하는 기자라고 생각하고, 다음 사람들과 만나 대담하기 위한 질문을 말해 보자.

대담 대상 | 질문  
---|---  
이승만 대통령 |   
시위에 참가한 대학생 |   
일반 시민 |   
  
선택 3. 외환 위기를 맞은 후에 우리 정부와 기업, 그리고 국민들이 벌인 노력을 정리하여 보자.

| 노력  
---|---  
정부 |   
기업 |   
국민들 |

 단원 정리 학습

1\. 무엇을 배웠나요?

활동 : 일제가 우리 나라의 주권을 빼앗아 가는 과정에서 우리 민족이 주권을 지키기 위하여 전개한 운동을 네 가지 이상 들어 보자.

또, 만일 내가 그 때 살았다면 어떠한 운동에 어떤 방법으로 참가했을지에 대해서도 생각해 보자.

① 전개한 운동 :

② 나의 활동 :

2\. 재미있어요!

활동 : 일제 강점기부터 대한 민국이 수립되기까지 나라를 빛낸 역사적 인물과 중요한 사건을 중심으로 역사 퀴즈 대회를 열어 보자.

방법

① 객관식, 주관식 문제가 적절히 섞인 4~5개 유형의 문제를 미리 만들어 각각 색깔이 다른 봉투에 넣어 둔다(객관식 단계보다는 주관식
단계에서 난이도가 높은 문제를 제시한다.)

② 사회자 한 명과 분단별로 대표 한 명씩을 선발한다.

③ 각 분단의 대표가 나와 여러 개의 봉투 중에 한 개를 뽑으면, 사회자는 이를 받아 1단계부터 차근차근 읽어 준다.

④ 만일, 대표가 정해진 시간 내에 대답을 하지 못하면 그 분단의 학생들에게 먼저 대답할 기회를 준다. 이 기회를 놓치면 다른 분단에
자동적으로 기회가 넘어간다(단, 대답할 기회는 주관식 문제에만 있다.).

⑤ 가장 많이 맞힌 분단을 ‘역사왕’으로 뽑는다.

3\. 우리 힘으로 해결해요

활동 1. 일제 강점기에 있었던 보기의 사건들 중에서 하나를 골라 자세히 조사하여 보자.

보기 : 광주 학생 항일 운동, 조선어 학회 사건, 물산 장려 운동, 청산리 대첩, 윤봉길 의사의 의거

활동 2. 4⋅19 혁명, 5⋅18 민주화 운동, 6월 민주 항쟁을 비교하여 보고, 공통적으로 이루려고 했던 것이 무엇인지 알아보자.

| 4⋅19 혁명 | 5⋅18 민주화 운동 | 6월 민주 항쟁  
---|---|---|---  
왜 일어났나? |  |  |   
어떤 일이 일어났나? |  |  |   
공통적으로 이루려고 했던 것 |  |  |

 사회 6-1을 만들면서 인용한 자료들

⋅ 4쪽, 5쪽, 「한국의 농업 유물」, 농협 중앙회 농업 박물관.

⋅ 5쪽, 6쪽, 「박물관 이야기」, 국립 청주 박물관.

⋅ 5쪽, 16쪽, 「국립 중앙 박물관」, 국립 중앙 박물관, 1997.

⋅ 6쪽, 16쪽, 20쪽, 34쪽, 「빛깔 있는 책들(고려청자, 석탑, 옛 기와, 청동기 문화, 강화도)」, 대원사, 1998.

⋅ 6쪽, 「국보 1」, 웅진 출판, 1992.

⋅ 9쪽, 「국립 부여 박물관」, 국립 부여 박물관.

⋅ 9쪽, 14쪽, 「아름다운 우리 문화재」, 국립 중앙 박물관.

⋅ 11쪽, 14쪽, 16쪽, 「국립 경주 박물관 도록」, 동천 문화사, 1996.

⋅ 12쪽, 16쪽, 45쪽, 55쪽, 68쪽, 84쪽, 86쪽, 「우리 문화재 도감」, 예림당, 1998.

⋅ 15쪽, 68쪽, 「그림과 명칭으로 보는 한국의 문화 유산」, 시공 테크(주).

⋅ 15쪽, 80쪽, 「한국의 미(풍속화)」, 중앙 일보, 1994.

⋅ 16쪽, 「신라인의 무덤」, 국립 경주 박물관, 1996.

⋅ 16쪽, 「백제」, 국립 부여 박물관, 동천 문화사.

⋅ 18쪽, 「경주 박물관 이야기」, 국립 경주 박물관.

⋅ 18쪽, 「국보 5」, 웅진 출판, 1992.

⋅ 20쪽, 「발해를 찾아서」, 송기호, 솔 출판사, 2000.

⋅ 24쪽, 27쪽, 「북한의 문화 유산」, 동아 일보.

⋅ 26쪽, 국립 해양 유물 전시관 팜플릿, 1998.

⋅ 31쪽, 「한국의 성곽」, 대원사.

⋅ 32쪽, 「국보 9」, 웅진 출판, 1992.

⋅ 32쪽, 「한국의 책 문화 특별전」, 국립 중앙 박물관, 1993.

⋅ 33쪽, 청주 고인쇄 박물관 팜플릿, 2000.

⋅ 34쪽, 「국보 3」, 웅진 출판, 1992.

⋅ 36쪽, 37쪽, 52쪽, 「국보 11」, 웅진 출판, 1992.

⋅ 42쪽, 89쪽, 93쪽, 103쪽, 107쪽, 110쪽, 112쪽, 113쪽, 114쪽, 115쪽, 「독립 기념관 전시품 도록」, 독립
기념관 한국 독립 운동사 연구소, 1989.

⋅ 44쪽, 문화재청(http://www.ocp.go.kr/) 자료 제공.

⋅ 46쪽, 「국보 13」, 박성래 편, 웅진 출판, 1980.

⋅ 48쪽, 「한눈에 보는 우리 나라」, 삼성 출판사.

⋅ 49쪽, 한국 민속촌 팜플릿.

⋅ 50쪽, 「안동 하회 마을」, 대원사.

⋅ 50쪽, 「한국 민족 대백과 사전 9」, 한국 정신 문화 연구원, 1991.

⋅ 53쪽, 58쪽, 108쪽, 111쪽, 민족 기록화집, 국회 의원 동우회, 한국 도서 출판 공사, 1979.

⋅ 60쪽, 65쪽, 「한국 화폐의 변천」, 국립 민속 박물관.

⋅ 63쪽, 「농업 박물관 도록」, 농업 협동 조합 중앙회.

⋅ 65쪽, 74쪽, 「사진으로 보는 조선 시대」, 서문당, 1987.

⋅ 66쪽, 「한국 민족 문화 대백과 사전 25」, 한국 정신 문화 연구원, 1991.

⋅ 67쪽, 봉산 탈춤 보존 협회 제공.

⋅ 68쪽, 「서울 문화재」, 서울 특별시.

⋅ 68쪽, 「우리 민속 도감」, 예림당.

⋅ 77쪽, 133쪽, 「SEOUL KOREA」, SEOUL METROPOLITAN GOVERNMENT REPUBLIC OF KOREA.

⋅ 81쪽, 87쪽, 91쪽, 92쪽, 95쪽, 96쪽, 「사진으로 본 백년 전의 한국」, 가톨릭 출판사, 1986.

⋅ 84쪽, 86쪽, 88쪽, 93쪽, 102쪽, 103쪽, 104쪽, 「사진으로 보는 독립 운동(상)」, 서문당, 1987.

⋅ 94쪽, 「한국 민족 문화 대백과 사전 21」, 한국 정신 문화 연구원, 1991.

⋅ 95쪽, 「민족의 사진첩 Ⅰ」, 서문당.

⋅ 96쪽, 108쪽, 112쪽, 113쪽, 114쪽, 116쪽, 117쪽, 119쪽, 「사진으로 보는 독립 운동(하)」, 서문당,
1987.

⋅ 102쪽, 「민족의 사진첩 Ⅱ」, 서문당.

⋅ 108쪽, 「한국 민족 문화 대백과 사전 6」, 한국 정신 문화 연구원, 1991.

⋅ 112쪽, 「선생님, 학생, 교과서」, 국립 민족 박물관.

⋅ 120쪽, 「사진으로 보는 한국 100년」, 120쪽.

⋅ 121쪽, 122쪽, 123쪽, 130쪽, 131쪽, 「정부 수립 40년」, 문화 공보부, 1988.

⋅ 123쪽, 126쪽, 「한국 백년 2」, 동아 일보사.

⋅ 123쪽, 124쪽, 126쪽, 129쪽, 「격동 반세기」, 정부 간행물 제작소, 문화 관광부, 1998.

⋅ 124쪽, 「서울 탐구 여행」, 교학사.

⋅ 125쪽, 한겨레 21(332호), 2000.

⋅ 125쪽, 「민족 통일의 길」, 대한 민국 헌정회.

⋅ 130쪽, 부산, 부산 시청 팜플릿.

 [판권]

이 책을 만드신 선생님들

연구진 | 최용규 | 한국 교원 대학교  
---|---|---  
| 구연무 | 월성 아동 연구소  
| 김일기 | (전)한국 교원 대학교  
| 김재형 | 청주 교육 대학교  
| 김흥수 | (전)춘천 교육 대학교  
| 백승배 | 서울 여의도 초등 학교  
| 송경헌 | 서울 번동 초등 학교  
| 안천 | 서울 교육 대학교  
| 이찬희 | 한국 교육 개발원  
| 김만곤 | 교육 인적 자원부  
| 이용호 | 교육 인적 자원부  
집필진 | 1단원 | 최용규 | 한국 교원 대학교  
|  | 김정석 | 서울 특별시 서부 교육청  
|  | 박수정 | 과천 문원 초등 학교  
|  | 이동원 | 경기 가평 초등 학교  
| 2단원 | 김흥수 | (전)춘천 교육 대학교  
|  | 류현종 | 서울 신미림 초등 학교  
|  | 안재경 | 청주 옥산 초등 학교  
|  | 장금주 | 인천 부내 초등 학교  
| 3단원 | 이명희 | 공주 대학교  
|  | 민윤 | 부천 상인 초등 학교  
|  | 이규선 | 서울 구암 초등 학교  
심의진 | 한면희 | (전)경인 교육 대학교  
| 김대운 | (전)대구 상인 초등 학교  
| 김용만 | 일본 동경 한국 학교  
| 김종식 | 부산 대상 초등 학교  
| 김태홍 | 서울 고덕 초등 학교  
| 김홍원 | 한국 교육 개발원  
| 남미숙 | 서울 특별시 교육 과학 연구원  
| 백승배 | 서울 여의도 초등 학교  
| 손정선 | 광주 교육 대학교  
| 심상덕 | 서울 천동 초등 학교  
| 이광성 | 광주 교육 대학교  
| 이기석 | 서울 대학교  
| 이해준 | 공주 대학교  
| 전홍렬 | 춘천 교육 대학교  
| 정문성 | 경인 교육 대학교  
| 조규석 | 인천 인동 초등 학교  
| 조현애 | 서울 사대 부설 초등 학교  
| 최경환 | 한국 농촌 경제 연구소  
| 황긍천 | 서울 지향 초등 학교  
| 김만곤 | 교육 인적 자원부  
| 이용호 | 교육 인적 자원부  
편집 | 황혜란 |   
| 이현자 |   
표지 | 문성용 |   
삽화 | 최주현 |   
사진 | 정계철 | 대한 교과서 주식 회사  
자료 조사 | 정길용 | 부산 월평 초등 학교  
| 정성미 | 인천 산곡북 초등 학교  
| 황인석 | 경기 부천 초등 학교  
지도 | 강동완 | 지도 제작자  
  
2002년 3월 1일 초판 발행  
2004년 2월 1일 인 쇄  
2004년 3월 1일 발 행  
저 작 권 자 교육 인적 자원부  
편 찬 자 한국 교원 대학교 국정 도서 편찬 위원회  
발행 및 인쇄인 대한 교과서 주식 회사 서울 특별시 서초구 잠원동 41-10"
